4.6070e-03,-5.6932e-04,-3.1210e-03,-3.6667e-03,-3.0102e-03,-1.9479e-03,-1.0805e-03,-7.0852e-04,-8.1503e-04,-1.1489e-03,-1.3643e-03,-1.1840e-03,-5.1076e-04,5.2980e-04,1.6452e-03,2.5053e-03,2.8822e-03,2.7362e-03,2.2041e-03,1.5053e-03,8.3895e-04,3.2626e-04,1.4562e-05,-8.2072e-05,3.7719e-05,3.6180e-04,8.4869e-04,1.4207e-03,1.9761e-03,2.4173e-03,2.6775e-03,2.7347e-03,2.6101e-03,2.3561e-03,2.0355e-03,1.7066e-03,1.4111e-03,1.1724e-03,9.9617e-04,8.7370e-04,7.8954e-04,7.2620e-04,6.6544e-04,5.9704e-04,5.1107e-04,4.0578e-04,2.8380e-04,1.5112e-04,1.8705e-05,-1.0284e-04,-2.0072e-04,-2.6425e-04,-2.8570e-04,-2.5936e-04,-1.8590e-04,-7.0225e-05,7.8969e-05,2.5008e-04,4.2720e-04,5.9783e-04,7.4997e-04,8.7876e-04,9.8369e-04,1.0736e-03,1.1611e-03,1.2633e-03,1.3939e-03,1.5603e-03,1.7616e-03,1.9837e-03,2.2032e-03,2.3891e-03,2.5110e-03,2.5412e-03,2.4612e-03,2.2642e-03,1.9580e-03,1.5619e-03,1.1048e-03,6.2053e-04,1.4504e-04,-2.8997e-04,-6.5787e-04,-9.4409e-04,-1.1429e-03,-1.2585e-03,-1.3052e-03,-1.3020e-03,-1.2685e-03,-1.2229e-03,-1.1757e-03,-1.1278e-03,-1.0682e-03,-9.7632e-04,-8.2256e-04,-5.7034e-04,-1.8801e-04,3.5339e-04,1.0679e-03,1.9531e-03
7.9225e-04,-7.9217e-03,-1.3687e-02,-1.6751e-02,-1.7706e-02,-1.7323e-02,-1.6349e-02,-1.5329e-02,-1.4506e-02,-1.3825e-02,-1.3036e-02,-1.1844e-02,-1.0064e-02,-7.7067e-03,-4.9772e-03,-2.1705e-03,4.6127e-04,2.8009e-03,4.8726e-03,6.7615e-03,8.5297e-03,1.0177e-02,1.1668e-02,1.2966e-02,1.4054e-02,1.4917e-02,1.5527e-02,1.5827e-02,1.5751e-02,1.5248e-02,1.4300e-02,1.2931e-02,1.1201e-02,9.1871e-03,6.9739e-03,4.6383e-03,2.2456e-03,-1.5017e-04,-2.5044e-03,-4.7765e-03,-6.9284e-03,-8.9226e-03,-1.0723e-02,-1.2292e-02,-1.3596e-02,-1.4607e-02,-1.5297e-02,-1.5648e-02,-1.5646e-02,-1.5286e-02,-1.4568e-02,-1.3503e-02,-1.2108e-02,-1.0412e-02,-8.4528e-03,-6.2762e-03,-3.9359e-03,-1.4930e-03,9.8546e-04,3.4320e-03,5.7818e-03,7.9730e-03,9.9550e-03,1.1687e-02,1.3141e-02,1.4299e-02,1.5151e-02,1.5692e-02,1.5916e-02,1.5819e-02,1.5390e-02,1.4624e-02,1.3515e-02,1.2069e-02,1.0302e-02,8.2476e-03,5.9510e-03,3.4752e-03,8.9077e-04,-1.7243e-03,-4.2900e-03,-6.7306e-03,-8.9776e-03,-1.0974e-02,-1.2674e-02,-1.4047e-02,-1.5076e-02,-1.5753e-02,-1.6081e-02,-1.6066e-02,-1.5719e-02,-1.5046e-02,-1.4056e-02,-1.2751e-02,-1.1136e-02,-9.2143e-03,-6.9973e-03,-4.5022e-03,-1.7620e-03,1.1750e-03
-9.5002e-04,-1.2904e-02,-2.1995e-02,-2.8011e-02,-3.1175e-02,-3.2059e-02,-3.1413e-02,-2.9948e-02,-2.8163e-02,-2.6256e-02,-2.4157e-02,-2.1645e-02,-1.8509e-02,-1.4678e-02,-1.0271e-02,-5.5290e-03,-7.1224e-04,4.0037e-03,8.5394e-03,1.2854e-02,1.6884e-02,2.0522e-02,2.3662e-02,2.6227e-02,2.8189e-02,2.9536e-02,3.0249e-02,3.0294e-02,2.9637e-02,2.8260e-02,2.6183e-02,2.3462e-02,2.0180e-02,1.6438e-02,1.2340e-02,7.9867e-03,3.4761e-03,-1.0983e-03,-5.6438e-03,-1.0067e-02,-1.4273e-02,-1.8169e-02,-2.1669e-02,-2.4689e-02,-2.7161e-02,-2.9026e-02,-3.0238e-02,-3.0770e-02,-3.0607e-02,-2.9750e-02,-2.8214e-02,-2.6032e-02,-2.3247e-02,-1.9919e-02,-1.6121e-02,-1.1938e-02,-7.4697e-03,-2.8220e-03,1.8918e-03,6.5535e-03,1.1045e-02,1.5256e-02,1.9083e-02,2.2441e-02,2.5256e-02,2.7478e-02,2.9071e-02,3.0013e-02,3.0294e-02,2.9910e-02,2.8868e-02,2.7181e-02,2.4869e-02,2.1971e-02,1.8538e-02,1.4640e-02,1.0365e-02,5.8155e-03,1.1061e-03,-3.6410e-03,-8.3024e-03,-1.2758e-02,-1.6896e-02,-2.0618e-02,-2.3839e-02,-2.6491e-02,-2.8524e-02,-2.9904e-02,-3.0614e-02,-3.0649e-02,-3.0016e-02,-2.8731e-02,-2.6817e-02,-2.4305e-02,-2.1234e-02,-1.7649e-02,-1.3607e-02,-9.1755e-03,-4.4348e-03,5.2049e-04
-1.1190e-03,-1.5610e-02,-2.7733e-02,-3.6837e-02,-4.2674e-02,-4.5449e-02,-4.5727e-02,-4.4244e-02,-4.1685e-02,-3.8513e-02,-3.4907e-02,-3.0816e-02,-2.6093e-02,-2.0645e-02,-1.4523e-02,-7.9137e-03,-1.0563e-03,5.8387e-03,1.2614e-02,1.9126e-02,2.5201e-02,3.0645e-02,3.5290e-02,3.9029e-02,4.1819e-02,4.3649e-02,4.4504e-02,4.4365e-02,4.3218e-02,4.1071e-02,3.7967e-02,3.3985e-02,2.9226e-02,2.3814e-02,1.7875e-02,1.1541e-02,4.9479e-03,-1.7636e-03,-8.4486e-03,-1.4960e-02,-2.1150e-02,-2.6872e-02,-3.1994e-02,-3.6392e-02,-3.9965e-02,-4.2629e-02,-4.4324e-02,-4.5012e-02,-4.4680e-02,-4.3335e-02,-4.1010e-02,-3.7753e-02,-3.3636e-02,-2.8749e-02,-2.3198e-02,-1.7108e-02,-1.0615e-02,-3.8703e-03,2.9703e-03,9.7398e-03,1.6275e-02,2.2417e-02,2.8017e-02,3.2942e-02,3.7082e-02,4.0350e-02,4.2681e-02,4.4038e-02,4.4400e-02,4.3768e-02,4.2157e-02,3.9597e-02,3.6137e-02,3.1843e-02,2.6801e-02,2.1119e-02,1.4923e-02,8.3570e-03,1.5799e-03,-5.2449e-03,-1.1950e-02,-1.8372e-02,-2.4357e-02,-2.9766e-02,-3.4476e-02,-3.8381e-02,-4.1402e-02,-4.3477e-02,-4.4569e-02,-4.4661e-02,-4.3757e-02,-4.1879e-02,-3.9069e-02,-3.5384e-02,-3.0896e-02,-2.5695e-02,-1.9882e-02,-1.3574e-02,-6.9004e-03,-1.4119e-06
-4.4188e-04,-1.6469e-02,-3.0913e-02,-4.2821e-02,-5.1493e-02,-5.6654e-02,-5.8505e-02,-5.7617e-02,-5.4719e-02,-5.0482e-02,-4.5360e-02,-3.9549e-02,-3.3069e-02,-2.5886e-02,-1.8036e-02,-9.6547e-03,-9.4618e-04,7.8793e-03,1.6620e-02,2.5059e-02,3.2942e-02,4.0003e-02,4.6023e-02,5.0865e-02,5.4467e-02,5.6806e-02,5.7866e-02,5.7633e-02,5.6102e-02,5.3298e-02,4.9279e-02,4.4140e-02,3.8002e-02,3.1009e-02,2.3316e-02,1.5093e-02,6.5176e-03,-2.2227e-03,-1.0931e-02,-1.9409e-02,-2.7458e-02,-3.4886e-02,-4.1518e-02,-4.7196e-02,-5.1789e-02,-5.5192e-02,-5.7331e-02,-5.8161e-02,-5.7669e-02,-5.5868e-02,-5.2805e-02,-4.8547e-02,-4.3190e-02,-3.6852e-02,-2.9671e-02,-2.1807e-02,-1.3434e-02,-4.7404e-03,4.0738e-03,1.2801e-02,2.1238e-02,2.9179e-02,3.6435e-02,4.2833e-02,4.8223e-02,5.2485e-02,5.5530e-02,5.7298e-02,5.7762e-02,5.6919e-02,5.4791e-02,5.1428e-02,4.6900e-02,4.1300e-02,3.4746e-02,2.7382e-02,1.9372e-02,1.0901e-02,2.1671e-03,-6.6242e-03,-1.5263e-02,-2.3546e-02,-3.1280e-02,-3.8285e-02,-4.4402e-02,-4.9493e-02,-5.3448e-02,-5.6180e-02,-5.7634e-02,-5.7781e-02,-5.6621e-02,-5.4185e-02,-5.0528e-02,-4.5732e-02,-3.9906e-02,-3.3176e-02,-2.5690e-02,-1.7612e-02,-9.1177e-03,-3.9181e-04
3.3622e-04,-1.6159e-02,-3.1907e-02,-4.5900e-02,-5.7131e-02,-6.4865e-02,-6.8819e-02,-6.9207e-02,-6.6614e-02,-6.1780e-02,-5.5386e-02,-4.7912e-02,-3.9624e-02,-3.0649e-02,-2.1078e-02,-1.1030e-02,-6.6805e-04,9.8234e-03,2.0237e-02,3.0318e-02,3.9760e-02,4.8244e-02,5.5507e-02,6.1380e-02,6.5773e-02,6.8645e-02,6.9968e-02,6.9724e-02,6.7911e-02,6.4559e-02,5.9741e-02,5.3563e-02,4.6169e-02,3.7725e-02,2.8419e-02,1.8456e-02,8.0592e-03,-2.5385e-03,-1.3093e-02,-2.3358e-02,-3.3093e-02,-4.2065e-02,-5.0063e-02,-5.6899e-02,-6.2417e-02,-6.6491e-02,-6.9037e-02,-7.0000e-02,-6.9367e-02,-6.7161e-02,-6.3435e-02,-5.8275e-02,-5.1799e-02,-4.4150e-02,-3.5497e-02,-2.6030e-02,-1.5958e-02,-5.5066e-03,5.0898e-03,1.5586e-02,2.5738e-02,3.5306e-02,4.4061e-02,5.1795e-02,5.8326e-02,6.3502e-02,6.7209e-02,6.9369e-02,6.9943e-02,6.8926e-02,6.6347e-02,6.2266e-02,5.6774e-02,4.9989e-02,4.2060e-02,3.3162e-02,2.3495e-02,1.3280e-02,2.7552e-03,-7.8357e-03,-1.8245e-02,-2.8230e-02,-3.7561e-02,-4.6022e-02,-5.3421e-02,-5.9591e-02,-6.4393e-02,-6.7720e-02,-6.9499e-02,-6.9691e-02,-6.8295e-02,-6.5345e-02,-6.0913e-02,-5.5102e-02,-4.8052e-02,-3.9925e-02,-3.0910e-02,-2.1214e-02,-1.1054e-02,-6.5716e-04
6.9860e-04,-1.5383e-02,-3.1359e-02,-4.6408e-02,-5.9475e-02,-6.9517e-02,-7.5787e-02,-7.8021e-02,-7.6462e-02,-7.1726e-02,-6.4586e-02,-5.5764e-02,-4.5812e-02,-3.5097e-02,-2.3850e-02,-1.2238e-02,-4.0277e-04,1.1507e-02,2.3307e-02,3.4742e-02,4.5482e-02,5.5177e-02,6.3530e-02,7.0334e-02,7.5471e-02,7.8872e-02,8.0489e-02,8.0294e-02,7.8282e-02,7.4488e-02,6.8991e-02,6.1913e-02,5.3415e-02,4.3691e-02,3.2960e-02,2.1465e-02,9.4668e-03,-2.7579e-03,-1.4926e-02,-2.6750e-02,-3.7954e-02,-4.8271e-02,-5.7460e-02,-6.5309e-02,-7.1637e-02,-7.6306e-02,-7.9215e-02,-8.0307e-02,-7.9565e-02,-7.7015e-02,-7.2719e-02,-6.6780e-02,-5.9333e-02,-5.0544e-02,-4.0607e-02,-2.9742e-02,-1.8189e-02,-6.2033e-03,5.9437e-03,1.7979e-02,2.9623e-02,4.0605e-02,5.0666e-02,5.9566e-02,6.7093e-02,7.3073e-02,7.7368e-02,7.9883e-02,8.0566e-02,7.9411e-02,7.6449e-02,7.1752e-02,6.5424e-02,5.7607e-02,4.8476e-02,3.8234e-02,2.7113e-02,1.5368e-02,3.2681e-03,-8.9055e-03,-2.0869e-02,-3.2348e-02,-4.3077e-02,-5.2812e-02,-6.1329e-02,-6.8437e-02,-7.3973e-02,-7.7813e-02,-7.9868e-02,-8.0093e-02,-7.8485e-02,-7.5081e-02,-6.9967e-02,-6.3267e-02,-5.5142e-02,-4.5790e-02,-3.5431e-02,-2.4311e-02,-1.2684e-02,-8.1160e-04
4.9498e-04,-1.4633e-02,-2.9957e-02,-4.4980e-02,-5.8846e-02,-7.0473e-02,-7.8815e-02,-8.3145e-02,-8.3242e-02,-7.9396e-02,-7.2274e-02,-6.2705e-02,-5.1483e-02,-3.9249e-02,-2.6455e-02,-1.3393e-02,-2.4010e-04,1.2873e-02,2.5796e-02,3.8300e-02,5.0064e-02,6.0731e-02,6.9980e-02,7.7574e-02,8.3362e-02,8.7243e-02,8.9150e-02,8.9037e-02,8.6893e-02,8.2755e-02,7.6707e-02,6.8886e-02,5.9471e-02,4.8678e-02,3.6759e-02,2.3988e-02,1.0660e-02,-2.9133e-03,-1.6415e-02,-2.9528e-02,-4.1945e-02,-5.3375e-02,-6.3553e-02,-7.2244e-02,-7.9254e-02,-8.4427e-02,-8.7652e-02,-8.8866e-02,-8.8048e-02,-8.5227e-02,-8.0472e-02,-7.3895e-02,-6.5647e-02,-5.5912e-02,-4.4910e-02,-3.2883e-02,-2.0098e-02,-6.8393e-03,6.5965e-03,1.9906e-02,3.2785e-02,4.4935e-02,5.6073e-02,6.5936e-02,7.4288e-02,8.0935e-02,8.5720e-02,8.8535e-02,8.9319e-02,8.8059e-02,8.4789e-02,7.9588e-02,7.2574e-02,6.3906e-02,5.3780e-02,4.2422e-02,3.0093e-02,1.7074e-02,3.6634e-03,-9.8275e-03,-2.3086e-02,-3.5807e-02,-4.7698e-02,-5.8487e-02,-6.7928e-02,-7.5807e-02,-8.1944e-02,-8.6199e-02,-8.8476e-02,-8.8720e-02,-8.6929e-02,-8.3146e-02,-7.7465e-02,-7.0024e-02,-6.1008e-02,-5.0637e-02,-3.9159e-02,-2.6847e-02,-1.3988e-02,-8.7301e-04
-9.4485e-05,-1.4058e-02,-2.8197e-02,-4.2319e-02,-5.5906e-02,-6.8091e-02,-7.7798e-02,-8.4016e-02,-8.6070e-02,-8.3800e-02,-7.7560e-02,-6.8077e-02,-5.6251e-02,-4.2949e-02,-2.8881e-02,-1.4540e-02,-2.2187e-04,1.3910e-02,2.7723e-02,4.1025e-02,5.3530e-02,6.4900e-02,7.4811e-02,8.3005e-02,8.9303e-02,9.3575e-02,9.5728e-02,9.5702e-02,9.3478e-02,8.9090e-02,8.2627e-02,7.4239e-02,6.4119e-02,5.2506e-02,3.9673e-02,2.5924e-02,1.1579e-02,-3.0245e-03,-1.7544e-02,-3.1639e-02,-4.4983e-02,-5.7265e-02,-6.8204e-02,-7.7549e-02,-8.5092e-02,-9.0666e-02,-9.4151e-02,-9.5475e-02,-9.4617e-02,-9.1603e-02,-8.6506e-02,-7.9447e-02,-7.0587e-02,-6.0127e-02,-4.8301e-02,-3.5376e-02,-2.1637e-02,-7.3931e-03,7.0367e-03,2.1328e-02,3.5154e-02,4.8198e-02,6.0159e-02,7.0755e-02,7.9737e-02,8.6892e-02,9.2053e-02,9.5100e-02,9.5964e-02,9.4629e-02,9.1129e-02,8.5549e-02,7.8014e-02,6.8698e-02,5.7811e-02,4.5600e-02,3.2343e-02,1.8345e-02,3.9257e-03,-1.0579e-02,-2.4834e-02,-3.8511e-02,-5.1295e-02,-6.2891e-02,-7.3038e-02,-8.1503e-02,-8.8093e-02,-9.2658e-02,-9.5095e-02,-9.5348e-02,-9.3411e-02,-8.9334e-02,-8.3217e-02,-7.5211e-02,-6.5512e-02,-5.4356e-02,-4.2014e-02,-2.8778e-02,-1.4955e-02,-8.5858e-04
-7.3684e-04,-1.3517e-02,-2.6260e-02,-3.8958e-02,-5.1410e-02,-6.3097e-02,-7.3176e-02,-8.0615e-02,-8.4469e-02,-8.4137e-02,-7.9527e-02,-7.1055e-02,-5.9509e-02,-4.5846e-02,-3.0986e-02,-1.5667e-02,-3.8057e-04,1.4594e-02,2.9090e-02,4.2941e-02,5.5911e-02,6.7703e-02,7.8014e-02,8.6583e-02,9.3211e-02,9.7744e-02,1.0007e-01,1.0011e-01,9.7844e-02,9.3297e-02,8.6563e-02,7.7798e-02,6.7208e-02,5.5047e-02,4.1607e-02,2.7207e-02,1.2187e-02,-3.0987e-03,-1.8292e-02,-3.3040e-02,-4.7001e-02,-5.9853e-02,-7.1304e-02,-8.1095e-02,-8.9007e-02,-9.4865e-02,-9.8542e-02,-9.9960e-02,-9.9093e-02,-9.5966e-02,-9.0654e-02,-8.3279e-02,-7.4011e-02,-6.3061e-02,-5.0676e-02,-3.7137e-02,-2.2747e-02,-7.8311e-03,7.2750e-03,2.2231e-02,3.6695e-02,5.0338e-02,6.2846e-02,7.3928e-02,8.3325e-02,9.0816e-02,9.6225e-02,9.9425e-02,1.0034e-01,9.8962e-02,9.5312e-02,8.9481e-02,8.1603e-02,7.1857e-02,6.0465e-02,4.7685e-02,3.3809e-02,1.9154e-02,4.0594e-03,-1.1127e-02,-2.6052e-02,-4.0372e-02,-5.3755e-02,-6.5894e-02,-7.6510e-02,-8.5362e-02,-9.2250e-02,-9.7015e-02,-9.9551e-02,-9.9802e-02,-9.7764e-02,-9.3489e-02,-8.7082e-02,-7.8699e-02,-6.8545e-02,-5.6864e-02,-4.3936e-02,-3.0067e-02,-1.5575e-02,-7.8763e-04
-1.1430e-03,-1.2748e-02,-2.4065e-02,-3.5137e-02,-4.5959e-02,-5.6337e-02,-6.5783e-02,-7.3506e-02,-7.8551e-02,-8.0054e-02,-7.7491e-02,-7.0825e-02,-6.0522e-02,-4.7410e-02,-3.2485e-02,-1.6687e-02,-7.4853e-04,1.4852e-02,2.9838e-02,4.4021e-02,5.7205e-02,6.9150e-02,7.9595e-02,8.8297e-02,9.5051e-02,9.9694e-02,1.0210e-01,1.0217e-01,9.9884e-02,9.5264e-02,8.8405e-02,7.9463e-02,6.8652e-02,5.6233e-02,4.2507e-02,2.7802e-02,1.2467e-02,-3.1368e-03,-1.8644e-02,-3.3697e-02,-4.7949e-02,-6.1075e-02,-7.2777e-02,-8.2792e-02,-9.0896e-02,-9.6910e-02,-1.0070e-01,-1.0219e-01,-1.0134e-01,-9.8180e-02,-9.2778e-02,-8.5261e-02,-7.5798e-02,-6.4607e-02,-5.1941e-02,-3.8091e-02,-2.3369e-02,-8.1119e-03,7.3352e-03,2.2621e-02,3.7398e-02,5.1330e-02,6.4097e-02,7.5407e-02,8.4996e-02,9.2640e-02,9.8162e-02,1.0143e-01,1.0238e-01,1.0097e-01,9.7251e-02,9.1304e-02,8.3264e-02,7.3317e-02,6.1687e-02,4.8638e-02,3.4467e-02,1.9498e-02,4.0782e-03,-1.1438e-02,-2.6690e-02,-4.1322e-02,-5.4997e-02,-6.7397e-02,-7.8239e-02,-8.7274e-02,-9.4297e-02,-9.9151e-02,-1.0173e-01,-1.0197e-01,-9.9881e-02,-9.5510e-02,-8.8966e-02,-8.0406e-02,-7.0036e-02,-5.8102e-02,-4.4884e-02,-3.0690e-02,-1.5843e-02,-6.7529e-04
-1.1868e-03,-1.1542e-02,-2.1426e-02,-3.0853e-02,-3.9876e-02,-4.8505e-02,-5.6576e-02,-6.3655e-02,-6.9023e-02,-7.1810e-02,-7.1231e-02,-6.6818e-02,-5.8577e-02,-4.7000e-02,-3.2939e-02,-1.7400e-02,-1.3175e-03,1.4586e-02,2.9841e-02,4.4164e-02,5.7354e-02,6.9221e-02,7.9559e-02,8.8161e-02,9.4838e-02,9.9427e-02,1.0180e-01,1.0186e-01,9.9573e-02,9.4964e-02,8.8123e-02,7.9206e-02,6.8426e-02,5.6044e-02,4.2360e-02,2.7702e-02,1.2418e-02,-3.1325e-03,-1.8589e-02,-3.3593e-02,-4.7805e-02,-6.0900e-02,-7.2583e-02,-8.2591e-02,-9.0703e-02,-9.6737e-02,-1.0056e-01,-1.0208e-01,-1.0128e-01,-9.8155e-02,-9.2791e-02,-8.5304e-02,-7.5864e-02,-6.4686e-02,-5.2028e-02,-3.8179e-02,-2.3458e-02,-8.2018e-03,7.2396e-03,2.2513e-02,3.7270e-02,5.1175e-02,6.3910e-02,7.5184e-02,8.4739e-02,9.2353e-02,9.7852e-02,1.0111e-01,1.0204e-01,1.0064e-01,9.6933e-02,9.1002e-02,8.2987e-02,7.3069e-02,6.1471e-02,4.8457e-02,3.4322e-02,1.9388e-02,4.0006e-03,-1.1487e-02,-2.6711e-02,-4.1319e-02,-5.4971e-02,-6.7348e-02,-7.8166e-02,-8.7176e-02,-9.4175e-02,-9.9007e-02,-1.0157e-01,-1.0180e-01,-9.9709e-02,-9.5349e-02,-8.8825e-02,-8.0291e-02,-6.9949e-02,-5.8039e-02,-4.4834e-02,-3.0635e-02,-1.5759e-02,-5.3374e-04
-9.1315e-04,-9.8420e-03,-1.8217e-02,-2.6008e-02,-3.3250e-02,-4.0018e-02,-4.6347e-02,-5.2120e-02,-5.6959e-02,-6.0222e-02,-6.1117e-02,-5.8918e-02,-5.3200e-02,-4.3988e-02,-3.1784e-02,-1.7441e-02,-1.9561e-03,1.3746e-02,2.8959e-02,4.3217e-02,5.6244e-02,6.7854e-02,7.7890e-02,8.6194e-02,9.2611e-02,9.6997e-02,9.9232e-02,9.9232e-02,9.6960e-02,9.2440e-02,8.5758e-02,7.7063e-02,6.6562e-02,5.4508e-02,4.1190e-02,2.6927e-02,1.2056e-02,-3.0766e-03,-1.8119e-02,-3.2728e-02,-4.6569e-02,-5.9331e-02,-7.0726e-02,-8.0498e-02,-8.8429e-02,-9.4341e-02,-9.8102e-02,-9.9626e-02,-9.8875e-02,-9.5865e-02,-9.0660e-02,-8.3374e-02,-7.4174e-02,-6.3267e-02,-5.0904e-02,-3.7372e-02,-2.2986e-02,-8.0770e-03,7.0088e-03,2.1925e-02,3.6328e-02,4.9891e-02,6.2305e-02,7.3286e-02,8.2586e-02,8.9992e-02,9.5335e-02,9.8494e-02,9.9396e-02,9.8021e-02,9.4402e-02,8.8621e-02,8.0810e-02,7.1147e-02,5.9848e-02,4.7168e-02,3.3395e-02,1.8842e-02,3.8418e-03,-1.1257e-02,-2.6104e-02,-4.0352e-02,-5.3667e-02,-6.5738e-02,-7.6286e-02,-8.5067e-02,-9.1884e-02,-9.6585e-02,-9.9073e-02,-9.9295e-02,-9.7257e-02,-9.3013e-02,-8.6664e-02,-7.8358e-02,-6.8287e-02,-5.6676e-02,-4.3786e-02,-2.9900e-02,-1.5324e-02,-3.7257e-04
-4.7245e-04,-7.7289e-03,-1.4434e-02,-2.0544e-02,-2.6061e-02,-3.1043e-02,-3.5586e-02,-3.9757e-02,-4.3475e-02,-4.6424e-02,-4.8027e-02,-4.7554e-02,-4.4327e-02,-3.7943e-02,-2.8432e-02,-1.6282e-02,-2.3312e-03,1.2442e-02,2.7130e-02,4.1040e-02,5.3730e-02,6.4950e-02,7.4549e-02,8.2411e-02,8.8427e-02,9.2488e-02,9.4501e-02,9.4400e-02,9.2158e-02,8.7800e-02,8.1410e-02,7.3125e-02,6.3140e-02,5.1690e-02,3.9049e-02,2.5513e-02,1.1400e-02,-2.9618e-03,-1.7244e-02,-3.1119e-02,-4.4273e-02,-5.6408e-02,-6.7253e-02,-7.6562e-02,-8.4128e-02,-8.9779e-02,-9.3387e-02,-9.4870e-02,-9.4187e-02,-9.1351e-02,-8.6419e-02,-7.9500e-02,-7.0747e-02,-6.0361e-02,-4.8579e-02,-3.5676e-02,-2.1954e-02,-7.7337e-03,6.6530e-03,2.0872e-02,3.4597e-02,4.7512e-02,5.9324e-02,6.9765e-02,7.8600e-02,8.5629e-02,9.0695e-02,9.3683e-02,9.4526e-02,9.3206e-02,8.9755e-02,8.4251e-02,7.6819e-02,6.7627e-02,5.6882e-02,4.4826e-02,3.1727e-02,1.7886e-02,3.6166e-03,-1.0750e-02,-2.4880e-02,-3.8442e-02,-5.1116e-02,-6.2606e-02,-7.2643e-02,-8.0997e-02,-8.7479e-02,-9.1947e-02,-9.4310e-02,-9.4522e-02,-9.2588e-02,-8.8561e-02,-8.2536e-02,-7.4652e-02,-6.5083e-02,-5.4038e-02,-4.1756e-02,-2.8498e-02,-1.4548e-02,-1.9820e-04
-2.8532e-05,-5.3568e-03,-1.0190e-02,-1.4510e-02,-1.8308e-02,-2.1612e-02,-2.4498e-02,-2.7078e-02,-2.9437e-02,-3.1533e-02,-3.3095e-02,-3.3607e-02,-3.2392e-02,-2.8804e-02,-2.2445e-02,-1.3325e-02,-1.8987e-03,1.1024e-02,2.4487e-02,3.7603e-02,4.9710e-02,6.0404e-02,6.9474e-02,7.6809e-02,8.2338e-02,8.5998e-02,8.7735e-02,8.7512e-02,8.5324e-02,8.1203e-02,7.5228e-02,6.7528e-02,5.8277e-02,4.7689e-02,3.6011e-02,2.3511e-02,1.0481e-02,-2.7832e-03,-1.5978e-02,-2.8804e-02,-4.0972e-02,-5.2206e-02,-6.2252e-02,-7.0885e-02,-7.7909e-02,-8.3165e-02,-8.6532e-02,-8.7929e-02,-8.7323e-02,-8.4717e-02,-8.0166e-02,-7.3767e-02,-6.5661e-02,-5.6033e-02,-4.5103e-02,-3.3128e-02,-2.0388e-02,-7.1842e-03,6.1733e-03,1.9372e-02,3.2106e-02,4.4082e-02,5.5030e-02,6.4699e-02,7.2874e-02,7.9372e-02,8.4049e-02,8.6801e-02,8.7567e-02,8.6332e-02,8.3124e-02,7.8020e-02,7.1132e-02,6.2617e-02,5.2666e-02,4.1499e-02,2.9370e-02,1.6550e-02,3.3326e-03,-9.9773e-03,-2.3069e-02,-3.5637e-02,-4.7382e-02,-5.8029e-02,-6.7329e-02,-7.5067e-02,-8.1070e-02,-8.5207e-02,-8.7395e-02,-8.7596e-02,-8.5815e-02,-8.2100e-02,-7.6540e-02,-6.9257e-02,-6.0409e-02,-5.0180e-02,-3.8783e-02,-2.6452e-02,-1.3441e-02,-1.5911e-05
3.0736e-04,-2.8760e-03,-5.6466e-03,-8.0365e-03,-1.0066e-02,-1.1751e-02,-1.3132e-02,-1.4288e-02,-1.5335e-02,-1.6373e-02,-1.7390e-02,-1.8168e-02,-1.8241e-02,-1.6975e-02,-1.3733e-02,-8.0918e-03,-1.4909e-05,1.0085e-02,2.1432e-02,3.3092e-02,4.4211e-02,5.4173e-02,6.2620e-02,6.9384e-02,7.4396e-02,7.7631e-02,7.9078e-02,7.8743e-02,7.6647e-02,7.2838e-02,6.7397e-02,6.0439e-02,5.2120e-02,4.2624e-02,3.2167e-02,2.0985e-02,9.3284e-03,-2.5390e-03,-1.4351e-02,-2.5840e-02,-3.6747e-02,-4.6826e-02,-5.5847e-02,-6.3607e-02,-6.9927e-02,-7.4663e-02,-7.7705e-02,-7.8980e-02,-7.8453e-02,-7.6129e-02,-7.2056e-02,-6.6317e-02,-5.9041e-02,-5.0390e-02,-4.0565e-02,-2.9795e-02,-1.8333e-02,-6.4524e-03,5.5669e-03,1.7442e-02,2.8896e-02,3.9665e-02,4.9504e-02,5.8189e-02,6.5528e-02,7.1357e-02,7.5548e-02,7.8008e-02,7.8685e-02,7.7566e-02,7.4677e-02,7.0086e-02,6.3894e-02,5.6244e-02,4.7304e-02,3.7274e-02,2.6380e-02,1.4866e-02,2.9948e-03,-8.9606e-03,-2.0721e-02,-3.2010e-02,-4.2561e-02,-5.2123e-02,-6.0475e-02,-6.7423e-02,-7.2813e-02,-7.6528e-02,-7.8497e-02,-7.8685e-02,-7.7099e-02,-7.3783e-02,-6.8813e-02,-6.2296e-02,-5.4366e-02,-4.5184e-02,-3.4929e-02,-2.3804e-02,-1.2027e-02,1.6885e-04
5.0487e-04,-3.9069e-04,-9.5889e-04,-1.2999e-03,-1.4841e-03,-1.5501e-03,-1.5200e-03,-1.4276e-03,-1.3448e-03,-1.3896e-03,-1.6812e-03,-2.2461e-03,-2.9109e-03,-3.2536e-03,-2.6517e-03,-4.4395e-04,3.8487e-03,1.0325e-02,1.8616e-02,2.7971e-02,3.7488e-02,4.6357e-02,5.4016e-02,6.0157e-02,6.4656e-02,6.7489e-02,6.8681e-02,6.8276e-02,6.6333e-02,6.2921e-02,5.8124e-02,5.2053e-02,4.4837e-02,3.6635e-02,2.7624e-02,1.8001e-02,7.9750e-03,-2.2346e-03,-1.2401e-02,-2.2297e-02,-3.1702e-02,-4.0401e-02,-4.8194e-02,-5.4905e-02,-6.0377e-02,-6.4483e-02,-6.7126e-02,-6.8241e-02,-6.7800e-02,-6.5804e-02,-6.2292e-02,-5.7340e-02,-5.1055e-02,-4.3579e-02,-3.5083e-02,-2.5767e-02,-1.5851e-02,-5.5692e-03,4.8322e-03,1.5110e-02,2.5022e-02,3.4340e-02,4.2851e-02,5.0363e-02,5.6708e-02,6.1747e-02,6.5368e-02,6.7492e-02,6.8074e-02,6.7103e-02,6.4602e-02,6.0629e-02,5.5273e-02,4.8654e-02,4.0921e-02,3.2247e-02,2.2826e-02,1.2870e-02,2.6057e-03,-7.7302e-03,-1.7897e-02,-2.7654e-02,-3.6772e-02,-4.5035e-02,-5.2249e-02,-5.8250e-02,-6.2905e-02,-6.6116e-02,-6.7822e-02,-6.7995e-02,-6.6642e-02,-6.3799e-02,-5.9530e-02,-5.3924e-02,-4.7089e-02,-3.9157e-02,-3.0275e-02,-2.0607e-02,-1.0335e-02,3.4964e-04
5.9361e-04,2.0485e-03,3.7468e-03,5.5214e-03,7.2414e-03,8.8257e-03,1.0237e-02,1.1468e-02,1.2497e-02,1.3258e-02,1.3619e-02,1.3434e-02,1.2637e-02,1.1367e-02,1.0037e-02,9.2988e-03,9.8758e-03,1.2322e-02,1.6792e-02,2.2950e-02,3.0068e-02,3.7282e-02,4.3839e-02,4.9234e-02,5.3210e-02,5.5690e-02,5.6697e-02,5.6302e-02,5.4598e-02,5.1677e-02,4.7635e-02,4.2576e-02,3.6614e-02,2.9873e-02,2.2496e-02,1.4635e-02,6.4536e-03,-1.8761e-03,-1.0175e-02,-1.8261e-02,-2.5954e-02,-3.3079e-02,-3.9472e-02,-4.4983e-02,-4.9482e-02,-5.2863e-02,-5.5044e-02,-5.5973e-02,-5.5621e-02,-5.3991e-02,-5.1117e-02,-4.7058e-02,-4.1904e-02,-3.5769e-02,-2.8797e-02,-2.1151e-02,-1.3009e-02,-4.5679e-03,3.9748e-03,1.2415e-02,2.0556e-02,2.8211e-02,3.5204e-02,4.1377e-02,4.6594e-02,5.0737e-02,5.3718e-02,5.5468e-02,5.5953e-02,5.5161e-02,5.3111e-02,4.9849e-02,4.5449e-02,4.0011e-02,3.3655e-02,2.6525e-02,1.8781e-02,1.0600e-02,2.1670e-03,-6.3224e-03,-1.4669e-02,-2.2677e-02,-3.0156e-02,-3.6931e-02,-4.2845e-02,-4.7763e-02,-5.1579e-02,-5.4213e-02,-5.5618e-02,-5.5773e-02,-5.4682e-02,-5.2375e-02,-4.8901e-02,-4.4328e-02,-3.8739e-02,-3.2232e-02,-2.4922e-02,-1.6932e-02,-8.4011e-03,5.1697e-04
6.3229e-04,4.4173e-03,8.3667e-03,1.2255e-02,1.5894e-02,1.9147e-02,2.1946e-02,2.4271e-02,2.6131e-02,2.7514e-02,2.8342e-02,2.8461e-02,2.7693e-02,2.5950e-02,2.3370e-02,2.0407e-02,1.7780e-02,1.6299e-02,1.6585e-02,1.8831e-02,2.2717e-02,2.7541e-02,3.2487e-02,3.6866e-02,4.0236e-02,4.2390e-02,4.3295e-02,4.3015e-02,4.1657e-02,3.9336e-02,3.6159e-02,3.2229e-02,2.7643e-02,2.2501e-02,1.6906e-02,1.0968e-02,4.8003e-03,-1.4732e-03,-7.7256e-03,-1.3825e-02,-1.9636e-02,-2.5029e-02,-2.9876e-02,-3.4064e-02,-3.7490e-02,-4.0070e-02,-4.1740e-02,-4.2458e-02,-4.2202e-02,-4.0974e-02,-3.8798e-02,-3.5720e-02,-3.1810e-02,-2.7155e-02,-2.1863e-02,-1.6059e-02,-9.8810e-03,-3.4743e-03,3.0076e-03,9.4138e-03,1.5595e-02,2.1408e-02,2.6722e-02,3.1418e-02,3.5392e-02,3.8554e-02,4.0835e-02,4.2183e-02,4.2570e-02,4.1983e-02,4.0437e-02,3.7966e-02,3.4625e-02,3.0489e-02,2.5651e-02,2.0222e-02,1.4325e-02,8.0964e-03,1.6798e-03,-4.7756e-03,-1.1117e-02,-1.7196e-02,-2.2869e-02,-2.8003e-02,-3.2482e-02,-3.6205e-02,-3.9094e-02,-4.1092e-02,-4.2164e-02,-4.2295e-02,-4.1489e-02,-3.9767e-02,-3.7162e-02,-3.3721e-02,-2.9499e-02,-2.4563e-02,-1.8988e-02,-1.2861e-02,-6.2755e-03,6.6072e-04
6.6634e-04,6.6896e-03,1.2804e-02,1.8736e-02,2.4247e-02,2.9152e-02,3.3334e-02,3.6744e-02,3.9386e-02,4.1274e-02,4.2390e-02,4.2634e-02,4.1829e-02,3.9784e-02,3.6426e-02,3.1942e-02,2.6865e-02,2.2008e-02,1.8257e-02,1.6278e-02,1.6276e-02,1.7941e-02,2.0607e-02,2.3517e-02,2.6051e-02,2.7826e-02,2.8682e-02,2.8621e-02,2.7731e-02,2.6129e-02,2.3929e-02,2.1234e-02,1.8129e-02,1.4690e-02,1.0986e-02,7.0854e-03,3.0551e-03,-1.0345e-03,-5.1084e-03,-9.0879e-03,-1.2889e-02,-1.6428e-02,-1.9621e-02,-2.2389e-02,-2.4665e-02,-2.6386e-02,-2.7509e-02,-2.8001e-02,-2.7848e-02,-2.7049e-02,-2.5620e-02,-2.3593e-02,-2.1012e-02,-1.7938e-02,-1.4444e-02,-1.0613e-02,-6.5374e-03,-2.3135e-03,1.9577e-03,6.1784e-03,1.0252e-02,1.4086e-02,1.7597e-02,2.0706e-02,2.3345e-02,2.5457e-02,2.6991e-02,2.7913e-02,2.8199e-02,2.7839e-02,2.6840e-02,2.5221e-02,2.3017e-02,2.0279e-02,1.7069e-02,1.3463e-02,9.5444e-03,5.4061e-03,1.1475e-03,-3.1299e-03,-7.3253e-03,-1.1339e-02,-1.5077e-02,-1.8454e-02,-2.1395e-02,-2.3838e-02,-2.5734e-02,-2.7050e-02,-2.7762e-02,-2.7865e-02,-2.7359e-02,-2.6256e-02,-2.4575e-02,-2.2338e-02,-1.9576e-02,-1.6320e-02,-1.2610e-02,-8.4892e-03,-4.0099e-03,7.6801e-04
7.1212e-04,8.8211e-03,1.6953e-02,2.4797e-02,3.2077e-02,3.8562e-02,4.4091e-02,4.8571e-02,5.1976e-02,5.4317e-02,5.5608e-02,5.5812e-02,5.4813e-02,5.2432e-02,4.8503e-02,4.3011e-02,3.6233e-02,2.8799e-02,2.1607e-02,1.5596e-02,1.1446e-02,9.3601e-03,9.0439e-03,9.8760e-03,1.1168e-02,1.2366e-02,1.3140e-02,1.3362e-02,1.3049e-02,1.2285e-02,1.1175e-02,9.8136e-03,8.2754e-03,6.6150e-03,4.8741e-03,3.0827e-03,1.2627e-03,-5.6471e-04,-2.3791e-03,-4.1539e-03,-5.8608e-03,-7.4647e-03,-8.9284e-03,-1.0214e-02,-1.1285e-02,-1.2109e-02,-1.2660e-02,-1.2920e-02,-1.2877e-02,-1.2529e-02,-1.1882e-02,-1.0950e-02,-9.7567e-03,-8.3306e-03,-6.7097e-03,-4.9349e-03,-3.0511e-03,-1.1051e-03,8.5749e-04,2.7934e-03,4.6607e-03,6.4215e-03,8.0414e-03,9.4864e-03,1.0727e-02,1.1737e-02,1.2489e-02,1.2964e-02,1.3147e-02,1.3026e-02,1.2601e-02,1.1876e-02,1.0864e-02,9.5903e-03,8.0831e-03,6.3827e-03,4.5319e-03,2.5800e-03,5.7657e-04,-1.4264e-03,-3.3804e-03,-5.2374e-03,-6.9558e-03,-8.4984e-03,-9.8351e-03,-1.0941e-02,-1.1800e-02,-1.2401e-02,-1.2736e-02,-1.2804e-02,-1.2607e-02,-1.2144e-02,-1.1421e-02,-1.0436e-02,-9.1933e-03,-7.6916e-03,-5.9333e-03,-3.9211e-03,-1.6632e-03,8.2706e-04
7.5406e-04,1.0747e-02,2.0700e-02,3.0276e-02,3.9168e-02,4.7112e-02,5.3904e-02,5.9407e-02,6.3553e-02,6.6328e-02,6.7746e-02,6.7812e-02,6.6484e-02,6.3654e-02,5.9174e-02,5.2942e-02,4.5034e-02,3.5829e-02,2.6045e-02,1.6642e-02,8.5784e-03,2.5296e-03,-1.3027e-03,-3.1894e-03,-3.6966e-03,-3.4459e-03,-2.9336e-03,-2.4569e-03,-2.1336e-03,-1.9589e-03,-1.8757e-03,-1.8143e-03,-1.7171e-03,-1.5473e-03,-1.2887e-03,-9.4287e-04,-5.2756e-04,-6.6992e-05,4.0800e-04,8.6992e-04,1.2942e-03,1.6634e-03,1.9664e-03,2.1981e-03,2.3585e-03,2.4514e-03,2.4822e-03,2.4576e-03,2.3840e-03,2.2672e-03,2.1128e-03,1.9241e-03,1.7029e-03,1.4502e-03,1.1652e-03,8.4916e-04,5.0292e-04,1.3155e-04,-2.5686e-04,-6.5110e-04,-1.0354e-03,-1.3941e-03,-1.7101e-03,-1.9712e-03,-2.1662e-03,-2.2893e-03,-2.3426e-03,-2.3280e-03,-2.2548e-03,-2.1331e-03,-1.9735e-03,-1.7859e-03,-1.5779e-03,-1.3549e-03,-1.1195e-03,-8.7112e-04,-6.0691e-04,-3.2477e-04,-2.4240e-05,2.9576e-04,6.3053e-04,9.7318e-04,1.3143e-03,1.6415e-03,1.9404e-03,2.1959e-03,2.3953e-03,2.5260e-03,2.5786e-03,2.5492e-03,2.4386e-03,2.2535e-03,2.0067e-03,1.7185e-03,1.4145e-03,1.1251e-03,8.8707e-04,7.3417e-04,7.0387e-04,8.2848e-04
7.6147e-04,1.2398e-02,2.3938e-02,3.5025e-02,4.5331e-02,5.4564e-02,6.2488e-02,6.8925e-02,7.3765e-02,7.6957e-02,7.8495e-02,7.8398e-02,7.6678e-02,7.3313e-02,6.8229e-02,6.1346e-02,5.2647e-02,4.2307e-02,3.0792e-02,1.8889e-02,7.5855e-03,-2.1586e-03,-9.6792e-03,-1.4770e-02,-1.7668e-02,-1.8883e-02,-1.8982e-02,-1.8425e-02,-1.7502e-02,-1.6349e-02,-1.5000e-02,-1.3444e-02,-1.1657e-02,-9.6289e-03,-7.3649e-03,-4.8940e-03,-2.2649e-03,4.5698e-04,3.1974e-03,5.8771e-03,8.4191e-03,1.0754e-02,1.2821e-02,1.4570e-02,1.5964e-02,1.6975e-02,1.7588e-02,1.7796e-02,1.7603e-02,1.7018e-02,1.6059e-02,1.4749e-02,1.3114e-02,1.1187e-02,9.0057e-03,6.6099e-03,4.0482e-03,1.3743e-03,-1.3516e-03,-4.0636e-03,-6.6914e-03,-9.1648e-03,-1.1417e-02,-1.3386e-02,-1.5023e-02,-1.6287e-02,-1.7154e-02,-1.7610e-02,-1.7655e-02,-1.7298e-02,-1.6559e-02,-1.5463e-02,-1.4039e-02,-1.2320e-02,-1.0342e-02,-8.1425e-03,-5.7624e-03,-3.2456e-03,-6.4014e-04,2.0001e-03,4.6195e-03,7.1570e-03,9.5513e-03,1.1741e-02,1.3668e-02,1.5281e-02,1.6535e-02,1.7395e-02,1.7837e-02,1.7851e-02,1.7438e-02,1.6613e-02,1.5403e-02,1.3850e-02,1.2004e-02,9.9280e-03,7.6899e-03,5.3656e-03,3.0329e-03,7.6795e-04
7.0587e-04,1.3716e-02,2.6577e-02,3.8923e-02,5.0408e-02,6.0724e-02,6.9606e-02,7.6848e-02,8.2300e-02,8.5874e-02,8.7536e-02,8.7300e-02,8.5205e-02,8.1292e-02,7.5580e-02,6.8062e-02,5.8734e-02,4.7668e-02,3.5120e-02,2.1625e-02,8.0048e-03,-4.7419e-03,-1.5663e-02,-2.4102e-02,-2.9840e-02,-3.3079e-02,-3.4287e-02,-3.3996e-02,-3.2660e-02,-3.0589e-02,-2.7965e-02,-2.4878e-02,-2.1374e-02,-1.7480e-02,-1.3231e-02,-8.6804e-03,-3.9023e-03,1.0076e-03,5.9361e-03,1.0760e-02,1.5355e-02,1.9601e-02,2.3388e-02,2.6621e-02,2.9224e-02,3.1136e-02,3.2321e-02,3.2759e-02,3.2447e-02,3.1402e-02,2.9652e-02,2.7242e-02,2.4225e-02,2.0666e-02,1.6636e-02,1.2219e-02,7.5057e-03,2.5963e-03,-2.3978e-03,-7.3595e-03,-1.2167e-02,-1.6699e-02,-2.0838e-02,-2.4478e-02,-2.7528e-02,-2.9915e-02,-3.1588e-02,-3.2516e-02,-3.2688e-02,-3.2114e-02,-3.0820e-02,-2.8843e-02,-2.6235e-02,-2.3057e-02,-1.9376e-02,-1.5269e-02,-1.0818e-02,-6.1141e-03,-1.2562e-03,3.6521e-03,8.5020e-03,1.3179e-02,1.7573e-02,2.1576e-02,2.5088e-02,2.8021e-02,3.0301e-02,3.1872e-02,3.2696e-02,3.2755e-02,3.2052e-02,3.0608e-02,2.8465e-02,2.5681e-02,2.2333e-02,1.8511e-02,1.4318e-02,9.8638e-03,5.2675e-03,6.4841e-04
5.7591e-04,1.4665e-02,2.8559e-02,4.1883e-02,5.4286e-02,6.5445e-02,7.5082e-02,8.2964e-02,8.8915e-02,9.2814e-02,9.4598e-02,9.4266e-02,9.1864e-02,8.7469e-02,8.1174e-02,7.3059e-02,6.3186e-02,5.1624e-02,3.8516e-02,2.4178e-02,9.1833e-03,-5.6255e-03,-1.9249e-02,-3.0745e-02,-3.9455e-02,-4.5151e-02,-4.8010e-02,-4.8479e-02,-4.7086e-02,-4.4308e-02,-4.0507e-02,-3.5923e-02,-3.0712e-02,-2.4973e-02,-1.8787e-02,-1.2230e-02,-5.4024e-03,1.5782e-03,8.5698e-03,1.5415e-02,2.1947e-02,2.8002e-02,3.3422e-02,3.8071e-02,4.1830e-02,4.4610e-02,4.6347e-02,4.7007e-02,4.6585e-02,4.5100e-02,4.2595e-02,3.9133e-02,3.4795e-02,2.9677e-02,2.3887e-02,1.7549e-02,1.0793e-02,3.7671e-03,-3.3735e-03,-1.0464e-02,-1.7335e-02,-2.3816e-02,-2.9746e-02,-3.4976e-02,-3.9377e-02,-4.2842e-02,-4.5295e-02,-4.6686e-02,-4.6995e-02,-4.6228e-02,-4.4417e-02,-4.1611e-02,-3.7882e-02,-3.3316e-02,-2.8012e-02,-2.2083e-02,-1.5654e-02,-8.8624e-03,-1.8534e-03,5.2184e-03,1.2193e-02,1.8907e-02,2.5203e-02,3.0927e-02,3.5944e-02,4.0129e-02,4.3384e-02,4.5631e-02,4.6819e-02,4.6924e-02,4.5949e-02,4.3920e-02,4.0892e-02,3.6940e-02,3.2163e-02,2.6676e-02,2.0615e-02,1.4124e-02,7.3587e-03,4.7799e-04
3.8358e-04,1.5236e-02,2.9852e-02,4.3855e-02,5.6891e-02,6.8635e-02,7.8797e-02,8.7132e-02,9.3442e-02,9.7586e-02,9.9477e-02,9.9094e-02,9.6478e-02,9.1723e-02,8.4964e-02,7.6351e-02,6.6025e-02,5.4109e-02,4.0728e-02,2.6072e-02,1.0492e-02,-5.4150e-03,-2.0799e-02,-3.4662e-02,-4.6065e-02,-5.4355e-02,-5.9300e-02,-6.1076e-02,-6.0134e-02,-5.7035e-02,-5.2304e-02,-4.6366e-02,-3.9530e-02,-3.2010e-02,-2.3958e-02,-1.5496e-02,-6.7464e-03,2.1543e-03,1.1044e-02,1.9742e-02,2.8048e-02,3.5762e-02,4.2689e-02,4.8648e-02,5.3484e-02,5.7076e-02,5.9336e-02,6.0213e-02,5.9695e-02,5.7806e-02,5.4599e-02,5.0158e-02,4.4591e-02,3.8022e-02,3.0598e-02,2.2477e-02,1.3833e-02,4.8526e-03,-4.2658e-03,-1.3315e-02,-2.2082e-02,-3.0357e-02,-3.7937e-02,-4.4634e-02,-5.0286e-02,-5.4756e-02,-5.7941e-02,-5.9775e-02,-6.0227e-02,-5.9298e-02,-5.7021e-02,-5.3459e-02,-4.8699e-02,-4.2850e-02,-3.6041e-02,-2.8421e-02,-2.0155e-02,-1.1421e-02,-2.4124e-03,6.6682e-03,1.5613e-02,2.4215e-02,3.2269e-02,3.9586e-02,4.5992e-02,5.1334e-02,5.5488e-02,5.8361e-02,5.9887e-02,6.0037e-02,5.8811e-02,5.6244e-02,5.2397e-02,4.7364e-02,4.1262e-02,3.4233e-02,2.6436e-02,1.8050e-02,9.2639e-03,2.7307e-04
1.5826e-04,1.5445e-02,3.0455e-02,4.4821e-02,5.8190e-02,7.0241e-02,8.0684e-02,8.9268e-02,9.5785e-02,1.0008e-01,1.0204e-01,1.0165e-01,9.8916e-02,9.3949e-02,8.6897e-02,7.7952e-02,6.7318e-02,5.5186e-02,4.1720e-02,2.7080e-02,1.1480e-02,-4.7096e-03,-2.0883e-02,-3.6184e-02,-4.9614e-02,-6.0247e-02,-6.7440e-02,-7.0978e-02,-7.1060e-02,-6.8176e-02,-6.2939e-02,-5.5939e-02,-4.7671e-02,-3.8504e-02,-2.8703e-02,-1.8461e-02,-7.9375e-03,2.7074e-03,1.3301e-02,2.3645e-02,3.3523e-02,4.2707e-02,5.0970e-02,5.8099e-02,6.3906e-02,6.8236e-02,7.0977e-02,7.2063e-02,7.1471e-02,6.9227e-02,6.5394e-02,6.0073e-02,5.3395e-02,4.5518e-02,3.6618e-02,2.6893e-02,1.6552e-02,5.8207e-03,-5.0643e-03,-1.5859e-02,-2.6314e-02,-3.6183e-02,-4.5230e-02,-5.3235e-02,-6.0004e-02,-6.5377e-02,-6.9228e-02,-7.1472e-02,-7.2066e-02,-7.1006e-02,-6.8327e-02,-6.4099e-02,-5.8422e-02,-5.1426e-02,-4.3268e-02,-3.4128e-02,-2.4207e-02,-1.3724e-02,-2.9164e-03,7.9709e-03,1.8687e-02,2.8981e-02,3.8613e-02,4.7356e-02,5.5004e-02,6.1381e-02,6.6342e-02,6.9774e-02,7.1603e-02,7.1793e-02,7.0344e-02,6.7294e-02,6.2716e-02,5.6713e-02,4.9421e-02,4.1004e-02,3.1647e-02,2.1555e-02,1.0948e-02,5.4497e-05
-6.3043e-05,1.5316e-02,3.0385e-02,4.4785e-02,5.8179e-02,7.0253e-02,8.0726e-02,8.9348e-02,9.5908e-02,1.0024e-01,1.0224e-01,1.0186e-01,9.9107e-02,9.4081e-02,8.6932e-02,7.7868e-02,6.7130e-02,5.4961e-02,4.1581e-02,2.7178e-02,1.1924e-02,-3.9569e-03,-2.0089e-02,-3.5859e-02,-5.0414e-02,-6.2762e-02,-7.1994e-02,-7.7499e-02,-7.9100e-02,-7.7043e-02,-7.1880e-02,-6.4288e-02,-5.4929e-02,-4.4355e-02,-3.2987e-02,-2.1128e-02,-9.0038e-03,3.1930e-03,1.5274e-02,2.7035e-02,3.8252e-02,4.8682e-02,5.8080e-02,6.6206e-02,7.2846e-02,7.7819e-02,8.0989e-02,8.2271e-02,8.1632e-02,7.9095e-02,7.4729e-02,6.8651e-02,6.1013e-02,5.1998e-02,4.1816e-02,3.0697e-02,1.8886e-02,6.6428e-03,-5.7625e-03,-1.8053e-02,-2.9950e-02,-4.1178e-02,-5.1475e-02,-6.0594e-02,-6.8320e-02,-7.4468e-02,-7.8894e-02,-8.1500e-02,-8.2229e-02,-8.1071e-02,-7.8060e-02,-7.3270e-02,-6.6812e-02,-5.8833e-02,-4.9513e-02,-3.9061e-02,-2.7709e-02,-1.5715e-02,-3.3506e-03,9.0981e-03,2.1343e-02,3.3098e-02,4.4088e-02,5.4059e-02,6.2777e-02,7.0044e-02,7.5696e-02,7.9609e-02,8.1699e-02,8.1924e-02,8.0283e-02,7.6818e-02,7.1607e-02,6.4768e-02,5.6449e-02,4.6834e-02,3.6128e-02,2.4562e-02,1.2383e-02,-1.5370e-04
-2.4318e-04,1.4883e-02,2.9667e-02,4.3771e-02,5.6877e-02,6.8689e-02,7.8939e-02,8.7387e-02,9.3828e-02,9.8097e-02,1.0008e-01,9.9726e-02,9.7040e-02,9.2102e-02,8.5056e-02,7.6109e-02,6.5509e-02,5.3531e-02,4.0437e-02,2.6462e-02,1.1795e-02,-3.3931e-03,-1.8877e-02,-3.4287e-02,-4.9012e-02,-6.2205e-02,-7.2899e-02,-8.0217e-02,-8.3597e-02,-8.2917e-02,-7.8491e-02,-7.0938e-02,-6.1005e-02,-4.9412e-02,-3.6761e-02,-2.3509e-02,-9.9868e-03,3.5531e-03,1.6897e-02,2.9832e-02,4.2135e-02,5.3563e-02,6.3865e-02,7.2788e-02,8.0100e-02,8.5599e-02,8.9130e-02,9.0588e-02,8.9930e-02,8.7170e-02,8.2383e-02,7.5692e-02,6.7268e-02,5.7318e-02,4.6077e-02,3.3807e-02,2.0784e-02,7.2977e-03,-6.3515e-03,-1.9860e-02,-3.2926e-02,-4.5250e-02,-5.6552e-02,-6.6566e-02,-7.5060e-02,-8.1834e-02,-8.6730e-02,-8.9633e-02,-9.0481e-02,-8.9254e-02,-8.5984e-02,-8.0746e-02,-7.3659e-02,-6.4885e-02,-5.4620e-02,-4.3096e-02,-3.0574e-02,-1.7342e-02,-3.7037e-03,1.0023e-02,2.3518e-02,3.6467e-02,4.8568e-02,5.9540e-02,6.9131e-02,7.7124e-02,8.3341e-02,8.7647e-02,8.9949e-02,9.0201e-02,8.8402e-02,8.4596e-02,7.8867e-02,7.1342e-02,6.2183e-02,5.1587e-02,3.9779e-02,2.7010e-02,1.3547e-02,-3.2888e-04
-3.5747e-04,1.4171e-02,2.8331e-02,4.1812e-02,5.4324e-02,6.5595e-02,7.5376e-02,8.3445e-02,8.9607e-02,9.3704e-02,9.5624e-02,9.5309e-02,9.2761e-02,8.8046e-02,8.1296e-02,7.2701e-02,6.2503e-02,5.0977e-02,3.8408e-02,2.5065e-02,1.1179e-02,-3.0702e-03,-1.7521e-02,-3.1962e-02,-4.6033e-02,-5.9143e-02,-7.0468e-02,-7.9078e-02,-8.4146e-02,-8.5169e-02,-8.2093e-02,-7.5300e-02,-6.5475e-02,-5.3425e-02,-3.9919e-02,-2.5593e-02,-1.0928e-02,3.7228e-03,1.8094e-02,3.1957e-02,4.5089e-02,5.7255e-02,6.8212e-02,7.7711e-02,8.5511e-02,9.1400e-02,9.5207e-02,9.6812e-02,9.6158e-02,9.3252e-02,8.8165e-02,8.1024e-02,7.2013e-02,6.1353e-02,4.9306e-02,3.6155e-02,2.2204e-02,7.7715e-03,-6.8210e-03,-2.1247e-02,-3.5186e-02,-4.8324e-02,-6.0367e-02,-7.1039e-02,-8.0096e-02,-8.7329e-02,-9.2571e-02,-9.5699e-02,-9.6640e-02,-9.5369e-02,-9.1913e-02,-8.6348e-02,-7.8798e-02,-6.9431e-02,-5.8460e-02,-4.6132e-02,-3.2731e-02,-1.8567e-02,-3.9687e-03,1.0721e-02,2.5159e-02,3.9008e-02,5.1945e-02,6.3671e-02,7.3919e-02,8.2460e-02,8.9102e-02,9.3702e-02,9.6163e-02,9.6435e-02,9.4515e-02,9.0450e-02,8.4329e-02,7.6285e-02,6.6491e-02,5.5154e-02,4.2518e-02,2.8845e-02,1.4423e-02,-4.5181e-04
-3.9697e-04,1.3198e-02,2.6407e-02,3.8952e-02,5.0577e-02,6.1040e-02,7.0121e-02,7.7616e-02,8.3349e-02,8.7172e-02,8.8980e-02,8.8713e-02,8.6368e-02,8.2000e-02,7.5721e-02,6.7704e-02,5.8166e-02,4.7368e-02,3.5590e-02,2.3117e-02,1.0208e-02,-2.9227e-03,-1.6109e-02,-2.9208e-02,-4.2034e-02,-5.4253e-02,-6.5307e-02,-7.4418e-02,-8.0709e-02,-8.3411e-02,-8.2081e-02,-7.6727e-02,-6.7791e-02,-5.6014e-02,-4.2252e-02,-2.7308e-02,-1.1844e-02,3.6442e-03,1.8795e-02,3.3339e-02,4.7044e-02,5.9691e-02,7.1051e-02,8.0891e-02,8.8979e-02,9.5105e-02,9.9087e-02,1.0080e-01,1.0017e-01,9.7188e-02,9.1927e-02,8.4511e-02,7.5127e-02,6.4006e-02,5.1426e-02,3.7690e-02,2.3121e-02,8.0580e-03,-7.1579e-03,-2.2184e-02,-3.6687e-02,-5.0344e-02,-6.2851e-02,-7.3932e-02,-8.3336e-02,-9.0852e-02,-9.6308e-02,-9.9576e-02,-1.0058e-01,-9.9281e-02,-9.5713e-02,-8.9945e-02,-8.2103e-02,-7.2362e-02,-6.0939e-02,-4.8095e-02,-3.4127e-02,-1.9360e-02,-4.1402e-03,1.1174e-02,2.6224e-02,4.0657e-02,5.4137e-02,6.6354e-02,7.7031e-02,8.5927e-02,9.2846e-02,9.7638e-02,1.0020e-01,1.0048e-01,9.8485e-02,9.4248e-02,8.7868e-02,7.9483e-02,6.9273e-02,5.7457e-02,4.4284e-02,3.0032e-02,1.4996e-02,-5.1050e-04
-3.6941e-04,1.1977e-02,2.3927e-02,3.5245e-02,4.5711e-02,5.5122e-02,6.3287e-02,7.0031e-02,7.5197e-02,7.8656e-02,8.0306e-02,8.0093e-02,7.8009e-02,7.4095e-02,6.8447e-02,6.1211e-02,5.2578e-02,4.2776e-02,3.2066e-02,2.0719e-02,9.0045e-03,-2.8350e-03,-1.4605e-02,-2.6165e-02,-3.7401e-02,-4.8164e-02,-5.8166e-02,-6.6906e-02,-7.3667e-02,-7.7631e-02,-7.8085e-02,-7.4635e-02,-6.7332e-02,-5.6665e-02,-4.3416e-02,-2.8480e-02,-1.2687e-02,3.2851e-03,1.8936e-02,3.3910e-02,4.7945e-02,6.0823e-02,7.2340e-02,8.2288e-02,9.0459e-02,9.6655e-02,1.0070e-01,1.0246e-01,1.0186e-01,9.8876e-02,9.3569e-02,8.6058e-02,7.6525e-02,6.5207e-02,5.2386e-02,3.8377e-02,2.3517e-02,8.1567e-03,-7.3478e-03,-2.2646e-02,-3.7394e-02,-5.1267e-02,-6.3961e-02,-7.5197e-02,-8.4729e-02,-9.2346e-02,-9.7877e-02,-1.0119e-01,-1.0222e-01,-1.0091e-01,-9.7303e-02,-9.1457e-02,-8.3500e-02,-7.3606e-02,-6.1997e-02,-4.8936e-02,-3.4728e-02,-1.9703e-02,-4.2165e-03,1.1368e-02,2.6684e-02,4.1372e-02,5.5091e-02,6.7525e-02,7.8391e-02,8.7445e-02,9.4488e-02,9.9366e-02,1.0197e-01,1.0226e-01,1.0022e-01,9.5905e-02,8.9405e-02,8.0866e-02,7.0471e-02,5.8443e-02,4.5039e-02,3.0543e-02,1.5257e-02,-5.0121e-04
-2.9527e-04,1.0515e-02,2.0929e-02,3.0757e-02,3.9823e-02,4.7963e-02,5.5023e-02,6.0859e-02,6.5338e-02,6.8348e-02,6.9803e-02,6.9648e-02,6.7872e-02,6.4506e-02,5.9627e-02,5.3352e-02,4.5840e-02,3.7284e-02,2.7907e-02,1.7950e-02,7.6669e-03,-2.6955e-03,-1.2919e-02,-2.2834e-02,-3.2332e-02,-4.1343e-02,-4.9767e-02,-5.7385e-02,-6.3768e-02,-6.8270e-02,-7.0132e-02,-6.8676e-02,-6.3533e-02,-5.4778e-02,-4.2926e-02,-2.8797e-02,-1.3313e-02,2.6731e-03,1.8479e-02,3.3614e-02,4.7740e-02,6.0621e-02,7.2066e-02,8.1902e-02,8.9954e-02,9.6052e-02,1.0004e-01,1.0178e-01,1.0120e-01,9.8275e-02,9.3042e-02,8.5613e-02,7.6160e-02,6.4913e-02,5.2154e-02,3.8196e-02,2.3384e-02,8.0724e-03,-7.3783e-03,-2.2612e-02,-3.7284e-02,-5.1071e-02,-6.3671e-02,-7.4811e-02,-8.4253e-02,-9.1791e-02,-9.7260e-02,-1.0054e-01,-1.0154e-01,-1.0024e-01,-9.6660e-02,-9.0859e-02,-8.2962e-02,-7.3140e-02,-6.1611e-02,-4.8638e-02,-3.4521e-02,-1.9590e-02,-4.1966e-03,1.1297e-02,2.6526e-02,4.1134e-02,5.4781e-02,6.7152e-02,7.7966e-02,8.6978e-02,9.3990e-02,9.8845e-02,1.0144e-01,1.0172e-01,9.9689e-02,9.5387e-02,8.8911e-02,8.0407e-02,7.0059e-02,5.8093e-02,4.4768e-02,3.0368e-02,1.5199e-02,-4.2559e-04
-2.0241e-04,8.8198e-03,1.7459e-02,2.5572e-02,3.3031e-02,3.9715e-02,4.5509e-02,5.0304e-02,5.3993e-02,5.6487e-02,5.7710e-02,5.7615e-02,5.6187e-02,5.3446e-02,4.9449e-02,4.4286e-02,3.8082e-02,3.0989e-02,2.3184e-02,1.4868e-02,6.2560e-03,-2.4251e-03,-1.0957e-02,-1.9149e-02,-2.6865e-02,-3.4038e-02,-4.0650e-02,-4.6671e-02,-5.1961e-02,-5.6176e-02,-5.8737e-02,-5.8922e-02,-5.6068e-02,-4.9803e-02,-4.0201e-02,-2.7796e-02,-1.3436e-02,1.9296e-03,1.7437e-02,3.2411e-02,4.6385e-02,5.9058e-02,7.0232e-02,7.9759e-02,8.7508e-02,9.3345e-02,9.7146e-02,9.8799e-02,9.8228e-02,9.5404e-02,9.0356e-02,8.3178e-02,7.4028e-02,6.3121e-02,5.0725e-02,3.7149e-02,2.2727e-02,7.8123e-03,-7.2385e-03,-2.2072e-02,-3.6348e-02,-4.9749e-02,-6.1981e-02,-7.2782e-02,-8.1923e-02,-8.9209e-02,-9.4485e-02,-9.7634e-02,-9.8583e-02,-9.7303e-02,-9.3812e-02,-8.8176e-02,-8.0510e-02,-7.0980e-02,-5.9795e-02,-4.7209e-02,-3.3512e-02,-1.9022e-02,-4.0798e-03,1.0964e-02,2.5755e-02,3.9949e-02,5.3214e-02,6.5244e-02,7.5763e-02,8.4533e-02,9.1356e-02,9.6084e-02,9.8610e-02,9.8883e-02,9.6899e-02,9.2707e-02,8.6399e-02,7.8119e-02,6.8052e-02,5.6420e-02,4.3479e-02,2.9510e-02,1.4816e-02,-2.9546e-04
-1.1870e-04,6.9076e-03,1.3575e-02,1.9792e-02,2.5477e-02,3.0557e-02,3.4957e-02,3.8603e-02,4.1421e-02,4.3341e-02,4.4304e-02,4.4270e-02,4.3220e-02,4.1162e-02,3.8135e-02,3.4203e-02,2.9455e-02,2.4002e-02,1.7973e-02,1.1518e-02,4.8023e-03,-1.9897e-03,-8.6661e-03,-1.5041e-02,-2.0957e-02,-2.6320e-02,-3.1109e-02,-3.5371e-02,-3.9153e-02,-4.2401e-02,-4.4848e-02,-4.5969e-02,-4.5057e-02,-4.1433e-02,-3.4695e-02,-2.4906e-02,-1.2610e-02,1.3213e-03,1.5916e-02,3.0308e-02,4.3848e-02,5.6109e-02,6.6842e-02,7.5901e-02,8.3190e-02,8.8628e-02,9.2130e-02,9.3618e-02,9.3031e-02,9.0344e-02,8.5577e-02,7.8806e-02,7.0168e-02,5.9859e-02,4.8123e-02,3.5250e-02,2.1558e-02,7.3851e-03,-6.9222e-03,-2.1023e-02,-3.4589e-02,-4.7313e-02,-5.8914e-02,-6.9143e-02,-7.7784e-02,-8.4656e-02,-8.9616e-02,-9.2560e-02,-9.3420e-02,-9.2175e-02,-8.8842e-02,-8.3485e-02,-7.6215e-02,-6.7187e-02,-5.6598e-02,-4.4687e-02,-3.1725e-02,-1.8012e-02,-3.8673e-03,1.0378e-02,2.4391e-02,3.7845e-02,5.0425e-02,6.1841e-02,7.1828e-02,8.0160e-02,8.6647e-02,9.1141e-02,9.3545e-02,9.3805e-02,9.1918e-02,8.7929e-02,8.1929e-02,7.4060e-02,6.4499e-02,5.3463e-02,4.1201e-02,2.7988e-02,1.4113e-02,-1.2530e-04
-6.6966e-05,4.8059e-03,9.3546e-03,1.3539e-02,1.7328e-02,2.0693e-02,2.3604e-02,2.6024e-02,2.7909e-02,2.9214e-02,2.9895e-02,2.9918e-02,2.9264e-02,2.7929e-02,2.5933e-02,2.3316e-02,2.0132e-02,1.6450e-02,1.2354e-02,7.9382e-03,3.3110e-03,-1.4002e-03,-6.0524e-03,-1.0491e-02,-1.4567e-02,-1.8165e-02,-2.1232e-02,-2.3804e-02,-2.5992e-02,-2.7920e-02,-2.9610e-02,-3.0858e-02,-3.1170e-02,-2.9829e-02,-2.6113e-02,-1.9576e-02,-1.0257e-02,1.2916e-03,1.4175e-02,2.7408e-02,4.0140e-02,5.1759e-02,6.1897e-02,7.0367e-02,7.7086e-02,8.2017e-02,8.5128e-02,8.6386e-02,8.5759e-02,8.3235e-02,7.8828e-02,7.2603e-02,6.4671e-02,5.5197e-02,4.4400e-02,3.2537e-02,1.9900e-02,6.8036e-03,-6.4295e-03,-1.9478e-02,-3.2031e-02,-4.3800e-02,-5.4519e-02,-6.3956e-02,-7.1913e-02,-7.8223e-02,-8.2760e-02,-8.5430e-02,-8.6177e-02,-8.4985e-02,-8.1875e-02,-7.6909e-02,-7.0190e-02,-6.1861e-02,-5.2104e-02,-4.1136e-02,-2.9204e-02,-1.6582e-02,-3.5604e-03,9.5581e-03,2.2470e-02,3.4873e-02,4.6480e-02,5.7021e-02,6.6252e-02,7.3958e-02,7.9963e-02,8.4127e-02,8.6357e-02,8.6601e-02,8.4854e-02,8.1161e-02,7.5607e-02,6.8325e-02,5.9484e-02,4.9293e-02,3.7989e-02,2.5832e-02,1.3097e-02,6.3960e-05
-6.0279e-05,2.5543e-03,4.8878e-03,6.9522e-03,8.7664e-03,1.0349e-02,1.1712e-02,1.2855e-02,1.3769e-02,1.4431e-02,1.4814e-02,1.4890e-02,1.4639e-02,1.4047e-02,1.3118e-02,1.1863e-02,1.0307e-02,8.4819e-03,6.4222e-03,4.1699e-03,1.7747e-03,-7.0086e-04,-3.1765e-03,-5.5519e-03,-7.7148e-03,-9.5571e-03,-1.1006e-02,-1.2056e-02,-1.2795e-02,-1.3392e-02,-1.4032e-02,-1.4795e-02,-1.5518e-02,-1.5713e-02,-1.4634e-02,-1.1497e-02,-5.8006e-03,2.4406e-03,1.2670e-02,2.3975e-02,3.5370e-02,4.6032e-02,5.5406e-02,6.3192e-02,6.9276e-02,7.3641e-02,7.6306e-02,7.7291e-02,7.6608e-02,7.4266e-02,7.0289e-02,6.4726e-02,5.7667e-02,4.9244e-02,3.9638e-02,2.9068e-02,1.7789e-02,6.0802e-03,-5.7677e-03,-1.7461e-02,-2.8717e-02,-3.9268e-02,-4.8872e-02,-5.7316e-02,-6.4421e-02,-7.0039e-02,-7.4057e-02,-7.6398e-02,-7.7016e-02,-7.5902e-02,-7.3080e-02,-6.8609e-02,-6.2584e-02,-5.5136e-02,-4.6425e-02,-3.6644e-02,-2.6010e-02,-1.4766e-02,-3.1647e-03,8.5263e-03,2.0039e-02,3.1107e-02,4.1473e-02,5.0897e-02,5.9159e-02,6.6065e-02,7.1453e-02,7.5196e-02,7.7205e-02,7.7431e-02,7.5870e-02,7.2559e-02,6.7577e-02,6.1047e-02,5.3126e-02,4.4009e-02,3.3915e-02,2.3087e-02,1.1780e-02,2.5271e-04
-9.9931e-05,2.0498e-04,2.7968e-04,1.8684e-04,-6.6869e-06,-2.3607e-04,-4.4583e-04,-5.9909e-04,-6.7432e-04,-6.6860e-04,-5.9365e-04,-4.7021e-04,-3.2030e-04,-1.6525e-04,-2.1510e-05,1.0114e-04,1.9756e-04,2.6178e-04,2.8695e-04,2.6409e-04,1.8492e-04,4.6868e-05,-1.3884e-04,-3.4073e-04,-5.0385e-04,-5.5896e-04,-4.4157e-04,-1.1867e-04,3.7172e-04,9.0091e-04,1.2581e-03,1.2188e-03,6.7007e-04,-2.3941e-04,-1.0091e-03,-8.4471e-04,1.1033e-03,5.3962e-03,1.2048e-02,2.0498e-02,2.9826e-02,3.9060e-02,4.7420e-02,5.4419e-02,5.9834e-02,6.3625e-02,6.5837e-02,6.6543e-02,6.5805e-02,6.3671e-02,6.0180e-02,5.5378e-02,4.9333e-02,4.2143e-02,3.3948e-02,2.4920e-02,1.5270e-02,5.2297e-03,-4.9497e-03,-1.5014e-02,-2.4711e-02,-3.3805e-02,-4.2081e-02,-4.9351e-02,-5.5454e-02,-6.0266e-02,-6.3688e-02,-6.5657e-02,-6.6139e-02,-6.5132e-02,-6.2661e-02,-5.8783e-02,-5.3584e-02,-4.7177e-02,-3.9701e-02,-3.1321e-02,-2.2222e-02,-1.2606e-02,-2.6873e-03,7.3096e-03,1.7159e-02,2.6635e-02,3.5520e-02,4.3609e-02,5.0711e-02,5.6658e-02,6.1308e-02,6.4547e-02,6.6294e-02,6.6502e-02,6.5167e-02,6.2317e-02,5.8023e-02,5.2393e-02,4.5570e-02,3.7730e-02,2.9071e-02,1.9814e-02,1.0187e-02,4.2268e-04
-1.7920e-04,-2.1800e-03,-4.3554e-03,-6.5957e-03,-8.7849e-03,-1.0814e-02,-1.2587e-02,-1.4030e-02,-1.5088e-02,-1.5738e-02,-1.5974e-02,-1.5810e-02,-1.5269e-02,-1.4383e-02,-1.3182e-02,-1.1699e-02,-9.9672e-03,-8.0263e-03,-5.9221e-03,-3.7101e-03,-1.4537e-03,7.8226e-04,2.9412e-03,4.9816e-03,6.8874e-03,8.6692e-03,1.0354e-02,1.1970e-02,1.3514e-02,1.4917e-02,1.6026e-02,1.6612e-02,1.6437e-02,1.5382e-02,1.3603e-02,1.1630e-02,1.0309e-02,1.0562e-02,1.3008e-02,1.7690e-02,2.4050e-02,3.1170e-02,3.8106e-02,4.4135e-02,4.8842e-02,5.2084e-02,5.3888e-02,5.4355e-02,5.3599e-02,5.1712e-02,4.8761e-02,4.4800e-02,3.9881e-02,3.4072e-02,2.7468e-02,2.0191e-02,1.2397e-02,4.2675e-03,-3.9977e-03,-1.2189e-02,-2.0099e-02,-2.7525e-02,-3.4286e-02,-4.0221e-02,-4.5196e-02,-4.9104e-02,-5.1866e-02,-5.3433e-02,-5.3780e-02,-5.2911e-02,-5.0853e-02,-4.7658e-02,-4.3399e-02,-3.8173e-02,-3.2095e-02,-2.5298e-02,-1.7931e-02,-1.0155e-02,-2.1401e-03,5.9368e-03,1.3897e-02,2.1564e-02,2.8762e-02,3.5326e-02,4.1103e-02,4.5954e-02,4.9759e-02,5.2422e-02,5.3869e-02,5.4060e-02,5.2984e-02,5.0664e-02,4.7158e-02,4.2558e-02,3.6988e-02,3.0599e-02,2.3567e-02,1.6083e-02,8.3467e-03,5.5771e-04
-2.8196e-04,-4.5326e-03,-8.9003e-03,-1.3229e-02,-1.7359e-02,-2.1139e-02,-2.4432e-02,-2.7127e-02,-2.9145e-02,-3.0435e-02,-3.0977e-02,-3.0779e-02,-2.9866e-02,-2.8276e-02,-2.6056e-02,-2.3259e-02,-1.9946e-02,-1.6184e-02,-1.2058e-02,-7.6655e-03,-3.1190e-03,1.4595e-03,5.9482e-03,1.0236e-02,1.4236e-02,1.7887e-02,2.1161e-02,2.4053e-02,2.6560e-02,2.8656e-02,3.0258e-02,3.1209e-02,3.1283e-02,3.0259e-02,2.8035e-02,2.4791e-02,2.1092e-02,1.7845e-02,1.6035e-02,1.6341e-02,1.8835e-02,2.2971e-02,2.7845e-02,3.2551e-02,3.6431e-02,3.9145e-02,4.0618e-02,4.0935e-02,4.0237e-02,3.8661e-02,3.6311e-02,3.3260e-02,2.9553e-02,2.5236e-02,2.0358e-02,1.4992e-02,9.2355e-03,3.2106e-03,-2.9402e-03,-9.0605e-03,-1.4990e-02,-2.0571e-02,-2.5659e-02,-3.0125e-02,-3.3863e-02,-3.6789e-02,-3.8842e-02,-3.9985e-02,-4.0204e-02,-3.9506e-02,-3.7918e-02,-3.5482e-02,-3.2262e-02,-2.8333e-02,-2.3784e-02,-1.8717e-02,-1.3241e-02,-7.4743e-03,-1.5393e-03,4.4379e-03,1.0330e-02,1.6011e-02,2.1354e-02,2.6241e-02,3.0558e-02,3.4199e-02,3.7071e-02,3.9096e-02,4.0213e-02,4.0385e-02,3.9597e-02,3.7864e-02,3.5228e-02,3.1765e-02,2.7572e-02,2.2778e-02,1.7527e-02,1.1978e-02,6.2967e-03,6.4648e-04
-3.9213e-04,-6.7844e-03,-1.3238e-02,-1.9554e-02,-2.5529e-02,-3.0972e-02,-3.5708e-02,-3.9596e-02,-4.2525e-02,-4.4425e-02,-4.5263e-02,-4.5038e-02,-4.3776e-02,-4.1525e-02,-3.8343e-02,-3.4305e-02,-2.9493e-02,-2.4008e-02,-1.7964e-02,-1.1498e-02,-4.7691e-03,2.0515e-03,8.7833e-03,1.5253e-02,2.1303e-02,2.6808e-02,3.1675e-02,3.5847e-02,3.9296e-02,4.2004e-02,4.3934e-02,4.5008e-02,4.5083e-02,4.3965e-02,4.1467e-02,3.7524e-02,3.2352e-02,2.6556e-02,2.1098e-02,1.7026e-02,1.5074e-02,1.5349e-02,1.7322e-02,2.0115e-02,2.2868e-02,2.4985e-02,2.6194e-02,2.6477e-02,2.5954e-02,2.4786e-02,2.3116e-02,2.1038e-02,1.8610e-02,1.5857e-02,1.2796e-02,9.4491e-03,5.8556e-03,2.0747e-03,-1.8130e-03,-5.7109e-03,-9.5123e-03,-1.3110e-02,-1.6401e-02,-1.9293e-02,-2.1710e-02,-2.3592e-02,-2.4898e-02,-2.5605e-02,-2.5705e-02,-2.5208e-02,-2.4137e-02,-2.2527e-02,-2.0423e-02,-1.7881e-02,-1.4962e-02,-1.1733e-02,-8.2651e-03,-4.6304e-03,-9.0281e-04,2.8444e-03,6.5372e-03,1.0103e-02,1.3470e-02,1.6565e-02,1.9320e-02,2.1665e-02,2.3536e-02,2.4876e-02,2.5638e-02,2.5787e-02,2.5307e-02,2.4203e-02,2.2501e-02,2.0254e-02,1.7535e-02,1.4442e-02,1.1086e-02,7.5907e-03,4.0827e-03,6.8491e-04
-4.9191e-04,-8.8723e-03,-1.7262e-02,-2.5419e-02,-3.3104e-02,-4.0088e-02,-4.6163e-02,-5.1155e-02,-5.4930e-02,-5.7397e-02,-5.8510e-02,-5.8263e-02,-5.6683e-02,-5.3822e-02,-4.9754e-02,-4.4570e-02,-3.8375e-02,-3.1295e-02,-2.3479e-02,-1.5098e-02,-6.3494e-03,2.5483e-03,1.1367e-02,1.9878e-02,2.7867e-02,3.5144e-02,4.1557e-02,4.6995e-02,5.1387e-02,5.4693e-02,5.6894e-02,5.7959e-02,5.7832e-02,5.6406e-02,5.3532e-02,4.9077e-02,4.3026e-02,3.5634e-02,2.7547e-02,1.9776e-02,1.3430e-02,9.2945e-03,7.5145e-03,7.5854e-03,8.6602e-03,9.9248e-03,1.0840e-02,1.1183e-02,1.0971e-02,1.0340e-02,9.4474e-03,8.4155e-03,7.3152e-03,6.1698e-03,4.9713e-03,3.6985e-03,2.3352e-03,8.7822e-04,-6.5635e-04,-2.2357e-03,-3.8123e-03,-5.3318e-03,-6.7383e-03,-7.9813e-03,-9.0170e-03,-9.8128e-03,-1.0347e-02,-1.0609e-02,-1.0600e-02,-1.0328e-02,-9.8115e-03,-9.0733e-03,-8.1419e-03,-7.0486e-03,-5.8262e-03,-4.5065e-03,-3.1196e-03,-1.6928e-03,-2.4958e-04,1.1891e-03,2.6041e-03,3.9783e-03,5.2922e-03,6.5253e-03,7.6524e-03,8.6445e-03,9.4690e-03,1.0091e-02,1.0477e-02,1.0600e-02,1.0439e-02,9.9893e-03,9.2611e-03,8.2829e-03,7.1015e-03,5.7796e-03,4.3928e-03,3.0233e-03,1.7570e-03,6.7176e-04
-5.6833e-04,-1.0742e-02,-2.0874e-02,-3.0691e-02,-3.9914e-02,-4.8284e-02,-5.5562e-02,-6.1547e-02,-6.6082e-02,-6.9061e-02,-7.0424e-02,-7.0159e-02,-6.8293e-02,-6.4886e-02,-6.0022e-02,-5.3807e-02,-4.6369e-02,-3.7858e-02,-2.8452e-02,-1.8356e-02,-7.8015e-03,2.9544e-03,1.3642e-02,2.3989e-02,3.3731e-02,4.2630e-02,5.0481e-02,5.7122e-02,6.2436e-02,6.6349e-02,6.8830e-02,6.9866e-02,6.9454e-02,6.7568e-02,6.4154e-02,5.9128e-02,5.2415e-02,4.4056e-02,3.4348e-02,2.3974e-02,1.3987e-02,5.5488e-03,-5.0013e-04,-3.9795e-03,-5.3653e-03,-5.4747e-03,-5.0830e-03,-4.6889e-03,-4.4848e-03,-4.4441e-03,-4.4423e-03,-4.3474e-03,-4.0735e-03,-3.5910e-03,-2.9211e-03,-2.1160e-03,-1.2408e-03,-3.5667e-04,4.8894e-04,1.2649e-03,1.9562e-03,2.5605e-03,3.0819e-03,3.5292e-03,3.9085e-03,4.2240e-03,4.4760e-03,4.6619e-03,4.7749e-03,4.8064e-03,4.7464e-03,4.5852e-03,4.3138e-03,3.9260e-03,3.4202e-03,2.8009e-03,2.0782e-03,1.2704e-03,4.0304e-04,-4.9255e-04,-1.3810e-03,-2.2247e-03,-2.9895e-03,-3.6456e-03,-4.1726e-03,-4.5587e-03,-4.8045e-03,-4.9198e-03,-4.9223e-03,-4.8329e-03,-4.6730e-03,-4.4581e-03,-4.1947e-03,-3.8790e-03,-3.4943e-03,-3.0134e-03,-2.4006e-03,-1.6163e-03,-6.2281e-04,6.1344e-04
-6.1340e-04,-1.2346e-02,-2.3995e-02,-3.5250e-02,-4.5810e-02,-5.5380e-02,-6.3700e-02,-7.0545e-02,-7.5738e-02,-7.9159e-02,-8.0738e-02,-8.0458e-02,-7.8346e-02,-7.4464e-02,-6.8907e-02,-6.1797e-02,-5.3279e-02,-4.3529e-02,-3.2750e-02,-2.1175e-02,-9.0695e-03,3.2793e-03,1.5568e-02,2.7488e-02,3.8742e-02,4.9051e-02,5.8169e-02,6.5893e-02,7.2063e-02,7.6572e-02,7.9359e-02,8.0406e-02,7.9729e-02,7.7357e-02,7.3318e-02,6.7616e-02,6.0234e-02,5.1169e-02,4.0512e-02,2.8600e-02,1.6144e-02,4.2337e-03,-5.9221e-03,-1.3436e-02,-1.8091e-02,-2.0339e-02,-2.0975e-02,-2.0748e-02,-2.0139e-02,-1.9335e-02,-1.8325e-02,-1.7015e-02,-1.5320e-02,-1.3204e-02,-1.0690e-02,-7.8492e-03,-4.7827e-03,-1.6009e-03,1.5891e-03,4.6941e-03,7.6373e-03,1.0358e-02,1.2808e-02,1.4948e-02,1.6748e-02,1.8180e-02,1.9222e-02,1.9856e-02,2.0071e-02,1.9858e-02,1.9216e-02,1.8150e-02,1.6673e-02,1.4805e-02,1.2577e-02,1.0029e-02,7.2130e-03,4.1918e-03,1.0385e-03,-2.1632e-03,-5.3274e-03,-8.3631e-03,-1.1184e-02,-1.3712e-02,-1.5880e-02,-1.7638e-02,-1.8953e-02,-1.9809e-02,-2.0207e-02,-2.0159e-02,-1.9685e-02,-1.8812e-02,-1.7563e-02,-1.5958e-02,-1.4012e-02,-1.1736e-02,-9.1366e-03,-6.2196e-03,-2.9949e-03,5.1998e-04
-6.2670e-04,-1.3654e-02,-2.6557e-02,-3.9003e-02,-5.0664e-02,-6.1224e-02,-7.0400e-02,-7.7950e-02,-8.3685e-02,-8.7469e-02,-8.9226e-02,-8.8932e-02,-8.6614e-02,-8.2339e-02,-7.6207e-02,-6.8354e-02,-5.8943e-02,-4.8168e-02,-3.6259e-02,-2.3476e-02,-1.0107e-02,3.5327e-03,1.7115e-02,3.0307e-02,4.2784e-02,5.4242e-02,6.4408e-02,7.3043e-02,7.9957e-02,8.5008e-02,8.8108e-02,8.9219e-02,8.8356e-02,8.5567e-02,8.0932e-02,7.4535e-02,6.6448e-02,5.6725e-02,4.5426e-02,3.2692e-02,1.8889e-02,4.7493e-03,-8.6133e-03,-1.9950e-02,-2.8333e-02,-3.3517e-02,-3.5939e-02,-3.6384e-02,-3.5596e-02,-3.4058e-02,-3.1978e-02,-2.9379e-02,-2.6220e-02,-2.2473e-02,-1.8159e-02,-1.3359e-02,-8.1950e-03,-2.8171e-03,2.6198e-03,7.9657e-03,1.3086e-02,1.7861e-02,2.2190e-02,2.5988e-02,2.9182e-02,3.1713e-02,3.3536e-02,3.4616e-02,3.4935e-02,3.4485e-02,3.3274e-02,3.1323e-02,2.8667e-02,2.5354e-02,2.1447e-02,1.7023e-02,1.2175e-02,7.0093e-03,1.6458e-03,-3.7846e-03,-9.1454e-03,-1.4297e-02,-1.9104e-02,-2.3443e-02,-2.7203e-02,-3.0295e-02,-3.2653e-02,-3.4237e-02,-3.5027e-02,-3.5028e-02,-3.4257e-02,-3.2748e-02,-3.0540e-02,-2.7680e-02,-2.4213e-02,-2.0190e-02,-1.5659e-02,-1.0675e-02,-5.2977e-03,4.0381e-04
-6.0966e-04,-1.4639e-02,-2.8511e-02,-4.1871e-02,-5.4374e-02,-6.5689e-02,-7.5516e-02,-8.3603e-02,-8.9748e-02,-9.3807e-02,-9.5698e-02,-9.5393e-02,-9.2915e-02,-8.8334e-02,-8.1758e-02,-7.3330e-02,-6.3229e-02,-5.1668e-02,-3.8898e-02,-2.5199e-02,-1.0881e-02,3.7220e-03,1.8264e-02,3.2398e-02,4.5783e-02,5.8099e-02,6.9055e-02,7.8391e-02,8.5893e-02,9.1394e-02,9.4780e-02,9.5992e-02,9.5028e-02,9.1941e-02,8.6830e-02,7.9827e-02,7.1079e-02,6.0726e-02,4.8887e-02,3.5679e-02,2.1282e-02,6.0795e-03,-9.1880e-03,-2.3391e-02,-3.5254e-02,-4.3819e-02,-4.8824e-02,-5.0706e-02,-5.0256e-02,-4.8233e-02,-4.5148e-02,-4.1242e-02,-3.6597e-02,-3.1230e-02,-2.5175e-02,-1.8515e-02,-1.1386e-02,-3.9590e-03,3.5724e-03,1.1013e-02,1.8175e-02,2.4888e-02,3.0999e-02,3.6376e-02,4.0905e-02,4.4495e-02,4.7073e-02,4.8591e-02,4.9019e-02,4.8351e-02,4.6603e-02,4.3811e-02,4.0033e-02,3.5344e-02,2.9839e-02,2.3633e-02,1.6858e-02,9.6635e-03,2.2123e-03,-5.3198e-03,-1.2750e-02,-1.9894e-02,-2.6574e-02,-3.2620e-02,-3.7884e-02,-4.2241e-02,-4.5594e-02,-4.7874e-02,-4.9046e-02,-4.9101e-02,-4.8055e-02,-4.5947e-02,-4.2831e-02,-3.8777e-02,-3.3864e-02,-2.8178e-02,-2.1815e-02,-1.4875e-02,-7.4707e-03,2.7933e-04
-5.6736e-04,-1.5288e-02,-2.9820e-02,-4.3798e-02,-5.6866e-02,-6.8682e-02,-7.8939e-02,-8.7379e-02,-9.3793e-02,-9.8033e-02,-1.0001e-01,-9.9697e-02,-9.7109e-02,-9.2319e-02,-8.5438e-02,-7.6617e-02,-6.6047e-02,-5.3956e-02,-4.0611e-02,-2.6307e-02,-1.1372e-02,3.8495e-03,1.9004e-02,3.3735e-02,4.7698e-02,6.0564e-02,7.2032e-02,8.1834e-02,8.9741e-02,9.5566e-02,9.9177e-02,1.0050e-01,9.9505e-02,9.6246e-02,9.0821e-02,8.3381e-02,7.4118e-02,6.3239e-02,5.0944e-02,3.7410e-02,2.2796e-02,7.3059e-03,-8.6712e-03,-2.4399e-02,-3.8747e-02,-5.0425e-02,-5.8460e-02,-6.2590e-02,-6.3263e-02,-6.1299e-02,-5.7491e-02,-5.2390e-02,-4.6294e-02,-3.9341e-02,-3.1614e-02,-2.3210e-02,-1.4271e-02,-4.9785e-03,4.4514e-03,1.3790e-02,2.2808e-02,3.1289e-02,3.9035e-02,4.5868e-02,5.1638e-02,5.6218e-02,5.9511e-02,6.1448e-02,6.1992e-02,6.1134e-02,5.8897e-02,5.5332e-02,5.0516e-02,4.4553e-02,3.7570e-02,2.9717e-02,2.1163e-02,1.2098e-02,2.7263e-03,-6.7355e-03,-1.6064e-02,-2.5035e-02,-3.3429e-02,-4.1043e-02,-4.7690e-02,-5.3212e-02,-5.7485e-02,-6.0414e-02,-6.1946e-02,-6.2058e-02,-6.0764e-02,-5.8106e-02,-5.4153e-02,-4.8996e-02,-4.2743e-02,-3.5519e-02,-2.7462e-02,-1.8722e-02,-9.4593e-03,1.5745e-04
-5.0442e-04,-1.5590e-02,-3.0460e-02,-4.4747e-02,-5.8085e-02,-7.0136e-02,-8.0593e-02,-8.9193e-02,-9.5729e-02,-1.0005e-01,-1.0207e-01,-1.0175e-01,-9.9106e-02,-9.4208e-02,-8.7171e-02,-7.8150e-02,-6.7344e-02,-5.4992e-02,-4.1370e-02,-2.6786e-02,-1.1575e-02,3.9160e-03,1.9329e-02,3.4310e-02,4.8515e-02,6.1618e-02,7.3317e-02,8.3339e-02,9.1449e-02,9.7453e-02,1.0120e-01,1.0261e-01,1.0164e-01,9.8322e-02,9.2751e-02,8.5081e-02,7.5520e-02,6.4311e-02,5.1716e-02,3.7984e-02,2.3332e-02,7.9446e-03,-7.9645e-03,-2.4016e-02,-3.9491e-02,-5.3271e-02,-6.4069e-02,-7.0909e-02,-7.3544e-02,-7.2455e-02,-6.8504e-02,-6.2532e-02,-5.5144e-02,-4.6697e-02,-3.7390e-02,-2.7369e-02,-1.6787e-02,-5.8332e-03,5.2682e-03,1.6269e-02,2.6912e-02,3.6946e-02,4.6134e-02,5.4261e-02,6.1140e-02,6.6613e-02,7.0558e-02,7.2887e-02,7.3550e-02,7.2537e-02,6.9873e-02,6.5622e-02,5.9880e-02,5.2777e-02,4.4469e-02,3.5140e-02,2.4994e-02,1.4258e-02,3.1738e-03,-8.0052e-03,-1.9021e-02,-2.9613e-02,-3.9529e-02,-4.8532e-02,-5.6408e-02,-6.2968e-02,-6.8062e-02,-7.1574e-02,-7.3432e-02,-7.3602e-02,-7.2091e-02,-6.8945e-02,-6.4244e-02,-5.8099e-02,-5.0644e-02,-4.2043e-02,-3.2472e-02,-2.2127e-02,-1.1214e-02,4.9476e-05
-4.2327e-04,-1.5541e-02,-3.0421e-02,-4.4695e-02,-5.8006e-02,-7.0020e-02,-8.0437e-02,-8.9002e-02,-9.5511e-02,-9.9816e-02,-1.0183e-01,-1.0150e-01,-9.8860e-02,-9.3964e-02,-8.6926e-02,-7.7905e-02,-6.7104e-02,-5.4767e-02,-4.1174e-02,-2.6638e-02,-1.1492e-02,3.9177e-03,1.9240e-02,3.4128e-02,4.8247e-02,6.1278e-02,7.2927e-02,8.2923e-02,9.1032e-02,9.7058e-02,1.0085e-01,1.0230e-01,1.0138e-01,9.8097e-02,9.2539e-02,8.4851e-02,7.5240e-02,6.3962e-02,5.1305e-02,3.7569e-02,2.3035e-02,7.9420e-03,-7.5156e-03,-2.3132e-02,-3.8550e-02,-5.3083e-02,-6.5637e-02,-7.4940e-02,-8.0033e-02,-8.0695e-02,-7.7456e-02,-7.1232e-02,-6.2923e-02,-5.3189e-02,-4.2445e-02,-3.0950e-02,-1.8902e-02,-6.4995e-03,6.0301e-03,1.8433e-02,3.0438e-02,4.1773e-02,5.2172e-02,6.1392e-02,6.9216e-02,7.5457e-02,7.9969e-02,8.2647e-02,8.3427e-02,8.2294e-02,7.9275e-02,7.4442e-02,6.7910e-02,5.9828e-02,5.0380e-02,3.9779e-02,2.8263e-02,1.6092e-02,3.5393e-03,-9.1091e-03,-2.1564e-02,-3.3537e-02,-4.4748e-02,-5.4933e-02,-6.3853e-02,-7.1298e-02,-7.7093e-02,-8.1105e-02,-8.3244e-02,-8.3467e-02,-8.1774e-02,-7.8213e-02,-7.2871e-02,-6.5877e-02,-5.7390e-02,-4.7603e-02,-3.6732e-02,-2.5013e-02,-1.2696e-02,-3.9544e-05
-3.2491e-04,-1.5142e-02,-2.9700e-02,-4.3643e-02,-5.6627e-02,-6.8331e-02,-7.8471e-02,-8.6804e-02,-9.3136e-02,-9.7325e-02,-9.9280e-02,-9.8961e-02,-9.6379e-02,-9.1595e-02,-8.4716e-02,-7.5899e-02,-6.5346e-02,-5.3301e-02,-4.0043e-02,-2.5878e-02,-1.1135e-02,3.8507e-03,1.8741e-02,3.3205e-02,4.6920e-02,5.9583e-02,7.0910e-02,8.0643e-02,8.8551e-02,9.4442e-02,9.8166e-02,9.9619e-02,9.8754e-02,9.5583e-02,9.0178e-02,8.2674e-02,7.3267e-02,6.2205e-02,4.9778e-02,3.6305e-02,2.2106e-02,7.4753e-03,-7.3452e-03,-2.2169e-02,-3.6812e-02,-5.0951e-02,-6.3941e-02,-7.4726e-02,-8.2061e-02,-8.5017e-02,-8.3414e-02,-7.7836e-02,-6.9264e-02,-5.8656e-02,-4.6729e-02,-3.3949e-02,-2.0621e-02,-6.9854e-03,6.7256e-03,2.0260e-02,3.3347e-02,4.5706e-02,5.7058e-02,6.7141e-02,7.5714e-02,8.2572e-02,8.7547e-02,9.0515e-02,9.1401e-02,9.0183e-02,8.6886e-02,8.1590e-02,7.4419e-02,6.5542e-02,5.5165e-02,4.3527e-02,3.0894e-02,1.7554e-02,3.8084e-03,-1.0030e-02,-2.3647e-02,-3.6731e-02,-4.8981e-02,-6.0113e-02,-6.9870e-02,-7.8022e-02,-8.4379e-02,-8.8792e-02,-9.1159e-02,-9.1426e-02,-8.9588e-02,-8.5693e-02,-7.9833e-02,-7.2150e-02,-6.2825e-02,-5.2076e-02,-4.0151e-02,-2.7322e-02,-1.3876e-02,-1.0897e-04
-2.0783e-04,-1.4398e-02,-2.8311e-02,-4.1610e-02,-5.3972e-02,-6.5100e-02,-7.4731e-02,-8.2643e-02,-8.8654e-02,-9.2632e-02,-9.4488e-02,-9.4182e-02,-9.1721e-02,-8.7158e-02,-8.0596e-02,-7.2186e-02,-6.2122e-02,-5.0642e-02,-3.8015e-02,-2.4538e-02,-1.0523e-02,3.7111e-03,1.7846e-02,3.1568e-02,4.4579e-02,5.6593e-02,6.7343e-02,7.6585e-02,8.4102e-02,8.9709e-02,9.3262e-02,9.4661e-02,9.3859e-02,9.0861e-02,8.5734e-02,7.8599e-02,6.9636e-02,5.9073e-02,4.7189e-02,3.4290e-02,2.0705e-02,6.7578e-03,-7.2656e-03,-2.1135e-02,-3.4686e-02,-4.7766e-02,-6.0099e-02,-7.1090e-02,-7.9728e-02,-8.4808e-02,-8.5437e-02,-8.1483e-02,-7.3593e-02,-6.2808e-02,-5.0146e-02,-3.6369e-02,-2.1986e-02,-7.3361e-03,7.3137e-03,2.1712e-02,3.5597e-02,4.8693e-02,6.0723e-02,7.1416e-02,8.0525e-02,8.7826e-02,9.3139e-02,9.6325e-02,9.7299e-02,9.6027e-02,9.2534e-02,8.6900e-02,7.9257e-02,6.9788e-02,5.8714e-02,4.6297e-02,3.2825e-02,1.8608e-02,3.9714e-03,-1.0752e-02,-2.5229e-02,-3.9130e-02,-5.2141e-02,-6.3964e-02,-7.4328e-02,-8.2994e-02,-8.9759e-02,-9.4464e-02,-9.6997e-02,-9.7297e-02,-9.5354e-02,-9.1212e-02,-8.4971e-02,-7.6778e-02,-6.6831e-02,-5.5366e-02,-4.2659e-02,-2.9008e-02,-1.4734e-02,-1.6081e-04
-7.0136e-05,-1.3320e-02,-2.6277e-02,-3.8632e-02,-5.0093e-02,-6.0392e-02,-6.9296e-02,-7.6606e-02,-8.2160e-02,-8.5837e-02,-8.7555e-02,-8.7271e-02,-8.4989e-02,-8.0756e-02,-7.4665e-02,-6.6855e-02,-5.7512e-02,-4.6857e-02,-3.5146e-02,-2.2656e-02,-9.6770e-03,3.4956e-03,1.6569e-02,2.9255e-02,4.1280e-02,5.2383e-02,6.2318e-02,7.0860e-02,7.7809e-02,8.2995e-02,8.6282e-02,8.7578e-02,8.6839e-02,8.4071e-02,7.9332e-02,7.2731e-02,6.4430e-02,5.4634e-02,4.3593e-02,3.1590e-02,1.8934e-02,5.9444e-03,-7.0728e-03,-1.9850e-02,-3.2183e-02,-4.3942e-02,-5.5016e-02,-6.5181e-02,-7.3899e-02,-8.0212e-02,-8.2958e-02,-8.1283e-02,-7.5106e-02,-6.5133e-02,-5.2467e-02,-3.8170e-02,-2.3047e-02,-7.6315e-03,7.7180e-03,2.2724e-02,3.7131e-02,5.0680e-02,6.3108e-02,7.4154e-02,8.3568e-02,9.1126e-02,9.6639e-02,9.9961e-02,1.0099e-01,9.9697e-02,9.6090e-02,9.0250e-02,8.2313e-02,7.2468e-02,6.0949e-02,4.8030e-02,3.4017e-02,1.9236e-02,4.0297e-03,-1.1255e-02,-2.6271e-02,-4.0680e-02,-5.4157e-02,-6.6399e-02,-7.7129e-02,-8.6102e-02,-9.3111e-02,-9.7991e-02,-1.0062e-01,-1.0095e-01,-9.8937e-02,-9.4646e-02,-8.8168e-02,-7.9658e-02,-6.9319e-02,-5.7405e-02,-4.4207e-02,-3.0044e-02,-1.5259e-02,-2.0197e-04
8.7962e-05,-1.1927e-02,-2.3639e-02,-3.4772e-02,-4.5071e-02,-5.4307e-02,-6.2282e-02,-6.8824e-02,-7.3796e-02,-7.7090e-02,-7.8632e-02,-7.8382e-02,-7.6335e-02,-7.2533e-02,-6.7056e-02,-6.0030e-02,-5.1623e-02,-4.2038e-02,-3.1506e-02,-2.0280e-02,-8.6214e-03,3.2037e-03,1.4932e-02,2.6310e-02,3.7092e-02,4.7043e-02,5.5946e-02,6.3599e-02,6.9823e-02,7.4463e-02,7.7400e-02,7.8552e-02,7.7881e-02,7.5392e-02,7.1139e-02,6.5221e-02,5.7776e-02,4.8985e-02,3.9064e-02,2.8261e-02,1.6848e-02,5.1167e-03,-6.6389e-03,-1.8142e-02,-2.9155e-02,-3.9513e-02,-4.9124e-02,-5.7928e-02,-6.5759e-02,-7.2136e-02,-7.6158e-02,-7.6701e-02,-7.2952e-02,-6.4877e-02,-5.3235e-02,-3.9179e-02,-2.3811e-02,-7.9583e-03,7.8333e-03,2.3202e-02,3.7875e-02,5.1609e-02,6.4165e-02,7.5303e-02,8.4791e-02,9.2412e-02,9.7980e-02,1.0134e-01,1.0240e-01,1.0111e-01,9.7470e-02,9.1562e-02,8.3517e-02,7.3523e-02,6.1821e-02,4.8692e-02,3.4451e-02,1.9434e-02,3.9933e-03,-1.1515e-02,-2.6739e-02,-4.1334e-02,-5.4975e-02,-6.7358e-02,-7.8206e-02,-8.7276e-02,-9.4361e-02,-9.9296e-02,-1.0196e-01,-1.0229e-01,-1.0026e-01,-9.5919e-02,-8.9357e-02,-8.0729e-02,-7.0242e-02,-5.8155e-02,-4.4767e-02,-3.0414e-02,-1.5450e-02,-2.3883e-04
2.6217e-04,-1.0250e-02,-2.0453e-02,-3.0112e-02,-3.9016e-02,-4.6980e-02,-5.3843e-02,-5.9470e-02,-6.3748e-02,-6.6587e-02,-6.7921e-02,-6.7712e-02,-6.5953e-02,-6.2673e-02,-5.7941e-02,-5.1864e-02,-4.4588e-02,-3.6291e-02,-2.7177e-02,-1.7465e-02,-7.3846e-03,2.8344e-03,1.2966e-02,2.2789e-02,3.2094e-02,4.0680e-02,4.8358e-02,5.4954e-02,6.0313e-02,6.4303e-02,6.6821e-02,6.7797e-02,6.7201e-02,6.5041e-02,6.1364e-02,5.6256e-02,4.9837e-02,4.2257e-02,3.3698e-02,2.4364e-02,1.4483e-02,4.3022e-03,-5.9207e-03,-1.5925e-02,-2.5474e-02,-3.4370e-02,-4.2490e-02,-4.9789e-02,-5.6260e-02,-6.1795e-02,-6.5974e-02,-6.7944e-02,-6.6616e-02,-6.1209e-02,-5.1725e-02,-3.8969e-02,-2.4136e-02,-8.3495e-03,7.5532e-03,2.3030e-02,3.7732e-02,5.1409e-02,6.3844e-02,7.4832e-02,8.4168e-02,9.1661e-02,9.7134e-02,1.0045e-01,1.0149e-01,1.0022e-01,9.6634e-02,9.0796e-02,8.2833e-02,7.2926e-02,6.1314e-02,4.8277e-02,3.4130e-02,1.9214e-02,3.8828e-03,-1.1506e-02,-2.6601e-02,-4.1060e-02,-5.4560e-02,-6.6806e-02,-7.7526e-02,-8.6484e-02,-9.3479e-02,-9.8351e-02,-1.0098e-01,-1.0131e-01,-9.9305e-02,-9.5011e-02,-8.8517e-02,-7.9972e-02,-6.9582e-02,-5.7603e-02,-4.4335e-02,-3.0117e-02,-1.5307e-02,-2.7611e-04
4.4344e-04,-8.3287e-03,-1.6792e-02,-2.4757e-02,-3.2063e-02,-3.8573e-02,-4.4170e-02,-4.8755e-02,-5.2244e-02,-5.4565e-02,-5.5664e-02,-5.5504e-02,-5.4076e-02,-5.1398e-02,-4.7523e-02,-4.2538e-02,-3.6562e-02,-2.9744e-02,-2.2254e-02,-1.4275e-02,-5.9962e-03,2.3918e-03,1.0702e-02,1.8756e-02,2.6381e-02,3.3414e-02,3.9700e-02,4.5097e-02,4.9476e-02,5.2729e-02,5.4774e-02,5.5553e-02,5.5045e-02,5.3259e-02,5.0237e-02,4.6051e-02,4.0800e-02,3.4604e-02,2.7607e-02,1.9967e-02,1.1865e-02,3.4933e-03,-4.9381e-03,-1.3211e-02,-2.1112e-02,-2.8444e-02,-3.5056e-02,-4.0872e-02,-4.5895e-02,-5.0172e-02,-5.3655e-02,-5.5974e-02,-5.6317e-02,-5.3618e-02,-4.7113e-02,-3.6832e-02,-2.3615e-02,-8.6803e-03,6.8351e-03,2.2102e-02,3.6598e-02,5.0004e-02,6.2104e-02,7.2725e-02,8.1704e-02,8.8883e-02,9.4117e-02,9.7278e-02,9.8271e-02,9.7040e-02,9.3584e-02,8.7953e-02,8.0262e-02,7.0680e-02,5.9433e-02,4.6793e-02,3.3070e-02,1.8595e-02,3.7195e-03,-1.1207e-02,-2.5838e-02,-3.9841e-02,-5.2904e-02,-6.4741e-02,-7.5094e-02,-8.3739e-02,-9.0486e-02,-9.5184e-02,-9.7722e-02,-9.8032e-02,-9.6098e-02,-9.1950e-02,-8.5674e-02,-7.7412e-02,-6.7360e-02,-5.5764e-02,-4.2921e-02,-2.9159e-02,-1.4836e-02,-3.1551e-04
6.1788e-04,-6.2130e-03,-1.2741e-02,-1.8831e-02,-2.4373e-02,-2.9280e-02,-3.3484e-02,-3.6924e-02,-3.9545e-02,-4.1297e-02,-4.2137e-02,-4.2033e-02,-4.0971e-02,-3.8960e-02,-3.6034e-02,-3.2256e-02,-2.7720e-02,-2.2538e-02,-1.6843e-02,-1.0778e-02,-4.4881e-03,1.8793e-03,8.1835e-03,1.4288e-02,2.0064e-02,2.5388e-02,3.0144e-02,3.4224e-02,3.7531e-02,3.9982e-02,4.1514e-02,4.2085e-02,4.1682e-02,4.0313e-02,3.8014e-02,3.4842e-02,3.0873e-02,2.6197e-02,2.0919e-02,1.5152e-02,9.0234e-03,2.6730e-03,-3.7486e-03,-1.0076e-02,-1.6138e-02,-2.1767e-02,-2.6814e-02,-3.1174e-02,-3.4818e-02,-3.7799e-02,-4.0216e-02,-4.2070e-02,-4.3036e-02,-4.2323e-02,-3.8874e-02,-3.1929e-02,-2.1532e-02,-8.5427e-03,5.8079e-03,2.0386e-02,3.4385e-02,4.7316e-02,5.8903e-02,6.8982e-02,7.7430e-02,8.4136e-02,8.8995e-02,9.1909e-02,9.2802e-02,9.1624e-02,8.8367e-02,8.3073e-02,7.5838e-02,6.6813e-02,5.6206e-02,4.4269e-02,3.1294e-02,1.7600e-02,3.5214e-03,-1.0604e-02,-2.4445e-02,-3.7683e-02,-5.0023e-02,-6.1195e-02,-7.0957e-02,-7.9101e-02,-8.5453e-02,-8.9873e-02,-9.2258e-02,-9.2549e-02,-9.0726e-02,-8.6818e-02,-8.0903e-02,-7.3112e-02,-6.3626e-02,-5.2679e-02,-4.0552e-02,-2.7559e-02,-1.4042e-02,-3.5257e-04
7.6798e-04,-3.9606e-03,-8.4019e-03,-1.2473e-02,-1.6122e-02,-1.9315e-02,-2.2031e-02,-2.4248e-02,-2.5942e-02,-2.7085e-02,-2.7648e-02,-2.7604e-02,-2.6935e-02,-2.5637e-02,-2.3728e-02,-2.1247e-02,-1.8255e-02,-1.4829e-02,-1.1061e-02,-7.0487e-03,-2.8936e-03,1.3065e-03,5.4578e-03,9.4717e-03,1.3266e-02,1.6761e-02,1.9882e-02,2.2558e-02,2.4725e-02,2.6327e-02,2.7321e-02,2.7682e-02,2.7400e-02,2.6485e-02,2.4964e-02,2.2876e-02,2.0275e-02,1.7219e-02,1.3773e-02,1.0006e-02,5.9944e-03,1.8208e-03,-2.4223e-03,-6.6305e-03,-1.0687e-02,-1.4470e-02,-1.7856e-02,-2.0745e-02,-2.3078e-02,-2.4871e-02,-2.6225e-02,-2.7280e-02,-2.8077e-02,-2.8319e-02,-2.7219e-02,-2.3709e-02,-1.7018e-02,-7.1934e-03,4.9009e-03,1.8033e-02,3.1089e-02,4.3295e-02,5.4211e-02,6.3618e-02,7.1407e-02,7.7514e-02,8.1885e-02,8.4467e-02,8.5212e-02,8.4088e-02,8.1088e-02,7.6244e-02,6.9634e-02,6.1386e-02,5.1679e-02,4.0739e-02,2.8830e-02,1.6245e-02,3.2952e-03,-9.7034e-03,-2.2441e-02,-3.4622e-02,-4.5970e-02,-5.6236e-02,-6.5200e-02,-7.2672e-02,-7.8496e-02,-8.2545e-02,-8.4730e-02,-8.4995e-02,-8.3324e-02,-7.9742e-02,-7.4318e-02,-6.7170e-02,-5.8464e-02,-4.8413e-02,-3.7274e-02,-2.5341e-02,-1.2933e-02,-3.7790e-04
8.7591e-04,-1.6335e-03,-3.8782e-03,-5.8339e-03,-7.5037e-03,-8.9084e-03,-1.0073e-02,-1.1016e-02,-1.1745e-02,-1.2255e-02,-1.2529e-02,-1.2546e-02,-1.2284e-02,-1.1730e-02,-1.0882e-02,-9.7551e-03,-8.3756e-03,-6.7846e-03,-5.0316e-03,-3.1683e-03,-1.2466e-03,6.8414e-04,2.5822e-03,4.4087e-03,6.1306e-03,7.7148e-03,9.1300e-03,1.0344e-02,1.1328e-02,1.2054e-02,1.2499e-02,1.2652e-02,1.2508e-02,1.2076e-02,1.1370e-02,1.0415e-02,9.2363e-03,7.8622e-03,6.3176e-03,4.6284e-03,2.8209e-03,9.2255e-04,-1.0327e-03,-3.0007e-03,-4.9263e-03,-6.7416e-03,-8.3697e-03,-9.7349e-03,-1.0778e-02,-1.1487e-02,-1.1916e-02,-1.2201e-02,-1.2518e-02,-1.2929e-02,-1.3144e-02,-1.2361e-02,-9.4850e-03,-3.7196e-03,4.8990e-03,1.5511e-02,2.6899e-02,3.7979e-02,4.8025e-02,5.6654e-02,6.3709e-02,6.9143e-02,7.2953e-02,7.5139e-02,7.5696e-02,7.4619e-02,7.1916e-02,6.7614e-02,6.1773e-02,5.4495e-02,4.5925e-02,3.6252e-02,2.5706e-02,1.4541e-02,3.0344e-03,-8.5293e-03,-1.9870e-02,-3.0718e-02,-4.0826e-02,-4.9968e-02,-5.7947e-02,-6.4595e-02,-6.9773e-02,-7.3372e-02,-7.5314e-02,-7.5550e-02,-7.4068e-02,-7.0889e-02,-6.6073e-02,-5.9723e-02,-5.1985e-02,-4.3050e-02,-3.3148e-02,-2.2542e-02,-1.1519e-02,-3.7770e-04
9.2854e-04,7.0814e-04,7.2003e-04,9.3202e-04,1.2839e-03,1.7026e-03,2.1175e-03,2.4696e-03,2.7218e-03,2.8568e-03,2.8774e-03,2.8000e-03,2.6489e-03,2.4474e-03,2.2154e-03,1.9648e-03,1.7001e-03,1.4185e-03,1.1142e-03,7.8199e-04,4.1908e-04,2.9635e-05,-3.7756e-04,-7.8821e-04,-1.1853e-03,-1.5520e-03,-1.8765e-03,-2.1491e-03,-2.3658e-03,-2.5251e-03,-2.6293e-03,-2.6789e-03,-2.6719e-03,-2.6056e-03,-2.4752e-03,-2.2766e-03,-2.0094e-03,-1.6787e-03,-1.2950e-03,-8.7672e-04,-4.4622e-04,-2.7951e-05,3.5624e-04,6.8932e-04,9.6741e-04,1.1987e-03,1.4057e-03,1.6229e-03,1.8848e-03,2.2090e-03,2.5760e-03,2.9001e-03,3.0209e-03,2.7475e-03,2.0128e-03,1.1227e-03,9.1105e-04,2.5166e-03,6.7705e-03,1.3658e-02,2.2334e-02,3.1608e-02,4.0435e-02,4.8145e-02,5.4419e-02,5.9161e-02,6.2390e-02,6.4153e-02,6.4501e-02,6.3470e-02,6.1091e-02,5.7396e-02,5.2435e-02,4.6283e-02,3.9050e-02,3.0882e-02,2.1961e-02,1.2496e-02,2.7199e-03,-7.1264e-03,-1.6799e-02,-2.6066e-02,-3.4708e-02,-4.2529e-02,-4.9356e-02,-5.5045e-02,-5.9477e-02,-6.2558e-02,-6.4222e-02,-6.4430e-02,-6.3170e-02,-6.0460e-02,-5.6352e-02,-5.0934e-02,-4.4330e-02,-3.6705e-02,-2.8255e-02,-1.9210e-02,-9.8182e-03,-3.3910e-04
9.1597e-04,3.0061e-03,5.2863e-03,7.6696e-03,1.0041e-02,1.2277e-02,1.4262e-02,1.5902e-02,1.7129e-02,1.7904e-02,1.8219e-02,1.8083e-02,1.7523e-02,1.6573e-02,1.5269e-02,1.3648e-02,1.1747e-02,9.5993e-03,7.2427e-03,4.7178e-03,2.0727e-03,-6.3683e-04,-3.3490e-03,-5.9960e-03,-8.5101e-03,-1.0825e-02,-1.2885e-02,-1.4638e-02,-1.6046e-02,-1.7082e-02,-1.7728e-02,-1.7970e-02,-1.7807e-02,-1.7239e-02,-1.6274e-02,-1.4927e-02,-1.3224e-02,-1.1201e-02,-8.9060e-03,-6.3993e-03,-3.7478e-03,-1.0257e-03,1.6895e-03,4.3276e-03,6.8239e-03,9.1286e-03,1.1208e-02,1.3045e-02,1.4635e-02,1.5981e-02,1.7071e-02,1.7862e-02,1.8251e-02,1.8073e-02,1.7138e-02,1.5397e-02,1.3190e-02,1.1397e-02,1.1210e-02,1.3505e-02,1.8294e-02,2.4757e-02,3.1735e-02,3.8235e-02,4.3646e-02,4.7707e-02,5.0388e-02,5.1758e-02,5.1914e-02,5.0942e-02,4.8910e-02,4.5868e-02,4.1864e-02,3.6952e-02,3.1209e-02,2.4733e-02,1.7653e-02,1.0125e-02,2.3249e-03,-5.5564e-03,-1.3324e-02,-2.0786e-02,-2.7762e-02,-3.4087e-02,-3.9619e-02,-4.4234e-02,-4.7833e-02,-5.0339e-02,-5.1698e-02,-5.1877e-02,-5.0868e-02,-4.8684e-02,-4.5370e-02,-4.0996e-02,-3.5665e-02,-2.9511e-02,-2.2697e-02,-1.5412e-02,-7.8602e-03,-2.5512e-04
8.4099e-04,5.2101e-03,9.7193e-03,1.4228e-02,1.8570e-02,2.2575e-02,2.6088e-02,2.8977e-02,3.1149e-02,3.2546e-02,3.3147e-02,3.2955e-02,3.2000e-02,3.0324e-02,2.7981e-02,2.5031e-02,2.1539e-02,1.7576e-02,1.3219e-02,8.5565e-03,3.6835e-03,-1.2914e-03,-6.2543e-03,-1.1085e-02,-1.5667e-02,-1.9883e-02,-2.3633e-02,-2.6828e-02,-2.9396e-02,-3.1283e-02,-3.2451e-02,-3.2879e-02,-3.2560e-02,-3.1502e-02,-2.9724e-02,-2.7262e-02,-2.4166e-02,-2.0503e-02,-1.6355e-02,-1.1822e-02,-7.0157e-03,-2.0572e-03,2.9285e-03,7.8170e-03,1.2489e-02,1.6838e-02,2.0775e-02,2.4231e-02,2.7158e-02,2.9525e-02,3.1311e-02,3.2486e-02,3.2999e-02,3.2751e-02,3.1587e-02,2.9343e-02,2.6005e-02,2.1958e-02,1.8142e-02,1.5807e-02,1.5873e-02,1.8386e-02,2.2557e-02,2.7270e-02,3.1580e-02,3.4934e-02,3.7131e-02,3.8189e-02,3.8220e-02,3.7357e-02,3.5709e-02,3.3357e-02,3.0359e-02,2.6759e-02,2.2604e-02,1.7948e-02,1.2868e-02,7.4554e-03,1.8262e-03,-3.8895e-03,-9.5529e-03,-1.5023e-02,-2.0163e-02,-2.4844e-02,-2.8955e-02,-3.2396e-02,-3.5089e-02,-3.6974e-02,-3.8005e-02,-3.8158e-02,-3.7423e-02,-3.5815e-02,-3.3364e-02,-3.0125e-02,-2.6179e-02,-2.1628e-02,-1.6597e-02,-1.1232e-02,-5.6889e-03,-1.2999e-04
7.1231e-04,7.2771e-03,1.3924e-02,2.0464e-02,2.6684e-02,3.2369e-02,3.7327e-02,4.1398e-02,4.4464e-02,4.6449e-02,4.7320e-02,4.7077e-02,4.5749e-02,4.3389e-02,4.0063e-02,3.5855e-02,3.0855e-02,2.5169e-02,1.8913e-02,1.2217e-02,5.2251e-03,-1.9074e-03,-9.0141e-03,-1.5926e-02,-2.2475e-02,-2.8502e-02,-3.3862e-02,-3.8428e-02,-4.2097e-02,-4.4792e-02,-4.6457e-02,-4.7061e-02,-4.6596e-02,-4.5074e-02,-4.2527e-02,-3.9009e-02,-3.4593e-02,-2.9377e-02,-2.3476e-02,-1.7025e-02,-1.0177e-02,-3.0957e-03,4.0471e-03,1.1076e-02,1.7825e-02,2.4135e-02,2.9863e-02,3.4893e-02,3.9129e-02,4.2504e-02,4.4970e-02,4.6498e-02,4.7058e-02,4.6608e-02,4.5070e-02,4.2323e-02,3.8244e-02,3.2865e-02,2.6627e-02,2.0529e-02,1.5883e-02,1.3652e-02,1.3920e-02,1.5932e-02,1.8613e-02,2.1072e-02,2.2804e-02,2.3655e-02,2.3681e-02,2.3021e-02,2.1825e-02,2.0209e-02,1.8252e-02,1.6001e-02,1.3483e-02,1.0717e-02,7.7253e-03,4.5412e-03,1.2137e-03,-2.1950e-03,-5.6082e-03,-8.9417e-03,-1.2109e-02,-1.5024e-02,-1.7610e-02,-1.9794e-02,-2.1521e-02,-2.2743e-02,-2.3427e-02,-2.3555e-02,-2.3117e-02,-2.2121e-02,-2.0589e-02,-1.8559e-02,-1.6085e-02,-1.3237e-02,-1.0102e-02,-6.7765e-03,-3.3675e-03,1.7900e-05
5.4810e-04,9.1716e-03,1.7814e-02,2.6243e-02,3.4200e-02,4.1437e-02,4.7727e-02,5.2885e-02,5.6772e-02,5.9297e-02,6.0416e-02,6.0125e-02,5.8456e-02,5.5467e-02,5.1239e-02,4.5872e-02,3.9484e-02,3.2208e-02,2.4198e-02,1.5622e-02,6.6684e-03,-2.4606e-03,-1.1554e-02,-2.0393e-02,-2.8766e-02,-3.6469e-02,-4.3319e-02,-4.9155e-02,-5.3845e-02,-5.7289e-02,-5.9416e-02,-6.0186e-02,-5.9589e-02,-5.7642e-02,-5.4389e-02,-4.9900e-02,-4.4270e-02,-3.7623e-02,-3.0103e-02,-2.1883e-02,-1.3149e-02,-4.1063e-03,5.0300e-03,1.4044e-02,2.2719e-02,3.0852e-02,3.8255e-02,4.4763e-02,5.0240e-02,5.4578e-02,5.7705e-02,5.9572e-02,6.0157e-02,5.9448e-02,5.7430e-02,5.4066e-02,4.9284e-02,4.3014e-02,3.5341e-02,2.6761e-02,1.8332e-02,1.1420e-02,7.0326e-03,5.2884e-03,5.4707e-03,6.5455e-03,7.6630e-03,8.3594e-03,8.5120e-03,8.1954e-03,7.5594e-03,6.7505e-03,5.8746e-03,4.9920e-03,4.1224e-03,3.2588e-03,2.3807e-03,1.4652e-03,4.9608e-04,-5.3103e-04,-1.6077e-03,-2.7116e-03,-3.8131e-03,-4.8739e-03,-5.8545e-03,-6.7166e-03,-7.4247e-03,-7.9505e-03,-8.2710e-03,-8.3718e-03,-8.2447e-03,-7.8908e-03,-7.3200e-03,-6.5505e-03,-5.6102e-03,-4.5360e-03,-3.3714e-03,-2.1670e-03,-9.7400e-04,1.5608e-04
3.6785e-04,1.0862e-02,2.1309e-02,3.1436e-02,4.0951e-02,4.9574e-02,5.7051e-02,6.3176e-02,6.7790e-02,7.0795e-02,7.2133e-02,7.1802e-02,6.9830e-02,6.6283e-02,6.1253e-02,5.4855e-02,4.7228e-02,3.8534e-02,2.8956e-02,1.8698e-02,7.9882e-03,-2.9306e-03,-1.3804e-02,-2.4372e-02,-3.4381e-02,-4.3589e-02,-5.1776e-02,-5.8752e-02,-6.4360e-02,-6.8478e-02,-7.1022e-02,-7.1946e-02,-7.1237e-02,-6.8916e-02,-6.5036e-02,-5.9681e-02,-5.2969e-02,-4.5042e-02,-3.6076e-02,-2.6271e-02,-1.5848e-02,-5.0479e-03,5.8765e-03,1.6670e-02,2.7076e-02,3.6849e-02,4.5760e-02,5.3606e-02,6.0211e-02,6.5436e-02,6.9178e-02,7.1371e-02,7.1986e-02,7.1020e-02,6.8496e-02,6.4447e-02,5.8891e-02,5.1814e-02,4.3205e-02,3.3198e-02,2.2339e-02,1.1737e-02,2.8049e-03,-3.4055e-03,-6.7421e-03,-7.8897e-03,-7.8467e-03,-7.4306e-03,-7.0816e-03,-6.9110e-03,-6.8435e-03,-6.7402e-03,-6.4757e-03,-5.9727e-03,-5.2053e-03,-4.1935e-03,-2.9905e-03,-1.6643e-03,-2.8894e-04,1.0664e-03,2.3439e-03,3.5007e-03,4.5077e-03,5.3501e-03,6.0235e-03,6.5301e-03,6.8777e-03,7.0763e-03,7.1368e-03,7.0674e-03,6.8775e-03,6.5731e-03,6.1582e-03,5.6360e-03,5.0060e-03,4.2682e-03,3.4209e-03,2.4657e-03,1.4048e-03,2.4459e-04
1.9245e-04,1.2320e-02,2.4334e-02,3.5929e-02,4.6783e-02,5.6593e-02,6.5083e-02,7.2032e-02,7.7268e-02,8.0679e-02,8.2206e-02,8.1840e-02,7.9612e-02,7.5590e-02,6.9876e-02,6.2597e-02,5.3912e-02,4.4002e-02,3.3078e-02,2.1376e-02,9.1558e-03,-3.3029e-03,-1.5710e-02,-2.7767e-02,-3.9186e-02,-4.9690e-02,-5.9031e-02,-6.6991e-02,-7.3392e-02,-7.8095e-02,-8.1005e-02,-8.2067e-02,-8.1267e-02,-7.8629e-02,-7.4215e-02,-6.8121e-02,-6.0479e-02,-5.1454e-02,-4.1243e-02,-3.0072e-02,-1.8193e-02,-5.8779e-03,6.5886e-03,1.8917e-02,3.0814e-02,4.2001e-02,5.2215e-02,6.1218e-02,6.8802e-02,7.4801e-02,7.9087e-02,8.1577e-02,8.2229e-02,8.1043e-02,7.8057e-02,7.3342e-02,6.6988e-02,5.9080e-02,4.9668e-02,3.8791e-02,2.6624e-02,1.3751e-02,1.3232e-03,-9.2029e-03,-1.6737e-02,-2.1100e-02,-2.2949e-02,-2.3259e-02,-2.2834e-02,-2.2107e-02,-2.1198e-02,-2.0053e-02,-1.8564e-02,-1.6643e-02,-1.4254e-02,-1.1420e-02,-8.2086e-03,-4.7235e-03,-1.0846e-03,2.5839e-03,6.1632e-03,9.5475e-03,1.2647e-02,1.5392e-02,1.7731e-02,1.9624e-02,2.1049e-02,2.1992e-02,2.2448e-02,2.2421e-02,2.1918e-02,2.0955e-02,1.9549e-02,1.7728e-02,1.5521e-02,1.2966e-02,1.0107e-02,6.9946e-03,3.6872e-03,2.4765e-04
3.8054e-05,1.3519e-02,2.6822e-02,3.9615e-02,5.1559e-02,6.2329e-02,7.1637e-02,7.9249e-02,8.4985e-02,8.8724e-02,9.0404e-02,9.0012e-02,8.7579e-02,8.3176e-02,7.6911e-02,6.8923e-02,5.9380e-02,4.8485e-02,3.6468e-02,2.3592e-02,1.0141e-02,-3.5724e-03,-1.7229e-02,-3.0502e-02,-4.3071e-02,-5.4635e-02,-6.4918e-02,-7.3684e-02,-8.0735e-02,-8.5920e-02,-8.9132e-02,-9.0313e-02,-8.9444e-02,-8.6555e-02,-8.1710e-02,-7.5016e-02,-6.6618e-02,-5.6698e-02,-4.5469e-02,-3.3183e-02,-2.0114e-02,-6.5582e-03,7.1706e-03,2.0752e-02,3.3868e-02,4.6209e-02,5.7484e-02,6.7429e-02,7.5812e-02,8.2443e-02,8.7176e-02,8.9913e-02,9.0605e-02,8.9247e-02,8.5880e-02,8.0592e-02,7.3513e-02,6.4800e-02,5.4605e-02,4.3035e-02,3.0169e-02,1.6209e-02,1.7616e-03,-1.1987e-02,-2.3540e-02,-3.1776e-02,-3.6496e-02,-3.8345e-02,-3.8290e-02,-3.7137e-02,-3.5337e-02,-3.3039e-02,-3.0226e-02,-2.6836e-02,-2.2834e-02,-1.8235e-02,-1.3114e-02,-7.5919e-03,-1.8212e-03,4.0304e-03,9.7931e-03,1.5305e-02,2.0421e-02,2.5014e-02,2.8983e-02,3.2247e-02,3.4745e-02,3.6438e-02,3.7302e-02,3.7330e-02,3.6530e-02,3.4925e-02,3.2548e-02,2.9451e-02,2.5694e-02,2.1356e-02,1.6526e-02,1.1306e-02,5.8053e-03,1.4469e-04
-8.5693e-05,1.4432e-02,2.8711e-02,4.2406e-02,5.5162e-02,6.6645e-02,7.6558e-02,8.4659e-02,9.0763e-02,9.4746e-02,9.6541e-02,9.6133e-02,9.3552e-02,8.8871e-02,8.2200e-02,7.3686e-02,6.3506e-02,5.1877e-02,3.9044e-02,2.5288e-02,1.0917e-02,-3.7394e-03,-1.8336e-02,-3.2521e-02,-4.5956e-02,-5.8317e-02,-6.9311e-02,-7.8686e-02,-8.6228e-02,-9.1779e-02,-9.5223e-02,-9.6498e-02,-9.5584e-02,-9.2509e-02,-8.7345e-02,-8.0203e-02,-7.1239e-02,-6.0644e-02,-4.8649e-02,-3.5520e-02,-2.1550e-02,-7.0578e-03,7.6224e-03,2.2149e-02,3.6180e-02,4.9386e-02,6.1454e-02,7.2101e-02,8.1079e-02,8.8179e-02,9.3244e-02,9.6166e-02,9.6888e-02,9.5404e-02,9.1753e-02,8.6029e-02,7.8374e-02,6.8981e-02,5.8076e-02,4.5872e-02,3.2521e-02,1.8124e-02,2.8904e-03,-1.2559e-02,-2.7009e-02,-3.8926e-02,-4.7171e-02,-5.1535e-02,-5.2672e-02,-5.1559e-02,-4.9027e-02,-4.5559e-02,-4.1350e-02,-3.6439e-02,-3.0818e-02,-2.4509e-02,-1.7584e-02,-1.0170e-02,-2.4356e-03,5.4224e-03,1.3196e-02,2.0678e-02,2.7672e-02,3.4004e-02,3.9520e-02,4.4096e-02,4.7633e-02,5.0060e-02,5.1333e-02,5.1432e-02,5.0362e-02,4.8151e-02,4.4850e-02,4.0533e-02,3.5295e-02,2.9252e-02,2.2539e-02,1.5307e-02,7.7187e-03,-5.6412e-05
-1.7404e-04,1.5034e-02,2.9953e-02,4.4230e-02,5.7503e-02,6.9436e-02,7.9729e-02,8.8136e-02,9.4472e-02,9.8610e-02,1.0048e-01,1.0007e-01,9.7399e-02,9.2546e-02,8.5623e-02,7.6777e-02,6.6194e-02,5.4095e-02,4.0739e-02,2.6418e-02,1.1452e-02,-3.8126e-03,-1.9016e-02,-3.3793e-02,-4.7788e-02,-6.0666e-02,-7.2122e-02,-8.1891e-02,-8.9756e-02,-9.5547e-02,-9.9147e-02,-1.0049e-01,-9.9549e-02,-9.6359e-02,-9.0991e-02,-8.3562e-02,-7.4230e-02,-6.3197e-02,-5.0703e-02,-3.7023e-02,-2.2466e-02,-7.3625e-03,7.9378e-03,2.3078e-02,3.7701e-02,5.1463e-02,6.4038e-02,7.5130e-02,8.4482e-02,9.1875e-02,9.7146e-02,1.0018e-01,1.0092e-01,9.9348e-02,9.5514e-02,8.9508e-02,8.1470e-02,7.1604e-02,6.0164e-02,4.7437e-02,3.3686e-02,1.9089e-02,3.7484e-03,-1.2132e-02,-2.7926e-02,-4.2394e-02,-5.3975e-02,-6.1521e-02,-6.4840e-02,-6.4610e-02,-6.1843e-02,-5.7407e-02,-5.1836e-02,-4.5383e-02,-3.8144e-02,-3.0173e-02,-2.1549e-02,-1.2395e-02,-2.8843e-03,6.7725e-03,1.6344e-02,2.5590e-02,3.4275e-02,4.2181e-02,4.9111e-02,5.4896e-02,5.9400e-02,6.2522e-02,6.4190e-02,6.4372e-02,6.3066e-02,6.0305e-02,5.6155e-02,5.0712e-02,4.4104e-02,3.6483e-02,2.8028e-02,1.8934e-02,9.4135e-03,-3.1934e-04
-2.3014e-04,1.5304e-02,3.0510e-02,4.5036e-02,5.8523e-02,7.0635e-02,8.1076e-02,8.9602e-02,9.6030e-02,1.0023e-01,1.0214e-01,1.0173e-01,9.9036e-02,9.4122e-02,8.7103e-02,7.8125e-02,6.7377e-02,5.5084e-02,4.1506e-02,2.6943e-02,1.1722e-02,-3.8040e-03,-1.9270e-02,-3.4302e-02,-4.8540e-02,-6.1642e-02,-7.3299e-02,-8.3243e-02,-9.1250e-02,-9.7151e-02,-1.0082e-01,-1.0220e-01,-1.0126e-01,-9.8021e-02,-9.2569e-02,-8.5016e-02,-7.5526e-02,-6.4301e-02,-5.1585e-02,-3.7662e-02,-2.2844e-02,-7.4689e-03,8.1042e-03,2.3512e-02,3.8389e-02,5.2386e-02,6.5172e-02,7.6445e-02,8.5944e-02,9.3450e-02,9.8796e-02,1.0186e-01,1.0260e-01,1.0098e-01,9.7068e-02,9.0936e-02,8.2728e-02,7.2636e-02,6.0916e-02,4.7881e-02,3.3866e-02,1.9166e-02,3.9658e-03,-1.1652e-02,-2.7501e-02,-4.2955e-02,-5.6750e-02,-6.7312e-02,-7.3505e-02,-7.5176e-02,-7.3049e-02,-6.8187e-02,-6.1508e-02,-5.3604e-02,-4.4786e-02,-3.5210e-02,-2.4989e-02,-1.4247e-02,-3.1557e-03,8.0757e-03,1.9206e-02,2.9975e-02,4.0123e-02,4.9395e-02,5.7560e-02,6.4410e-02,6.9775e-02,7.3520e-02,7.5552e-02,7.5820e-02,7.4316e-02,7.1077e-02,6.6179e-02,5.9741e-02,5.1917e-02,4.2895e-02,3.2890e-02,2.2140e-02,1.0896e-02,-5.8616e-04
-2.6004e-04,1.5228e-02,3.0365e-02,4.4804e-02,5.8197e-02,7.0215e-02,8.0571e-02,8.9029e-02,9.5407e-02,9.9582e-02,1.0148e-01,1.0109e-01,9.8429e-02,9.3566e-02,8.6607e-02,7.7698e-02,6.7026e-02,5.4813e-02,4.1320e-02,2.6843e-02,1.1710e-02,-3.7277e-03,-1.9105e-02,-3.4052e-02,-4.8209e-02,-6.1237e-02,-7.2830e-02,-8.2721e-02,-9.0690e-02,-9.6564e-02,-1.0022e-01,-1.0160e-01,-1.0067e-01,-9.7464e-02,-9.2048e-02,-8.4540e-02,-7.5102e-02,-6.3935e-02,-5.1284e-02,-3.7429e-02,-2.2684e-02,-7.3868e-03,8.1052e-03,2.3428e-02,3.8218e-02,5.2126e-02,6.4822e-02,7.6011e-02,8.5432e-02,9.2871e-02,9.8163e-02,1.0119e-01,1.0190e-01,1.0029e-01,9.6385e-02,9.0284e-02,8.2116e-02,7.2061e-02,6.0356e-02,4.7305e-02,3.3266e-02,1.8609e-02,3.6403e-03,-1.1473e-02,-2.6681e-02,-4.1825e-02,-5.6279e-02,-6.8762e-02,-7.7703e-02,-8.2004e-02,-8.1574e-02,-7.7202e-02,-7.0007e-02,-6.0964e-02,-5.0719e-02,-3.9639e-02,-2.7930e-02,-1.5753e-02,-3.2747e-03,9.3014e-03,2.1737e-02,3.3769e-02,4.5123e-02,5.5522e-02,6.4707e-02,7.2442e-02,7.8526e-02,8.2797e-02,8.5140e-02,8.5488e-02,8.3826e-02,8.0192e-02,7.4670e-02,6.7398e-02,5.8553e-02,4.8350e-02,3.7038e-02,2.4886e-02,1.2180e-02,-7.9235e-04
-2.7113e-04,1.4804e-02,2.9516e-02,4.3537e-02,5.6533e-02,6.8190e-02,7.8233e-02,8.6436e-02,9.2625e-02,9.6682e-02,9.8537e-02,9.8169e-02,9.5600e-02,9.0892e-02,8.4146e-02,7.5505e-02,6.5145e-02,5.3285e-02,4.0177e-02,2.6111e-02,1.1407e-02,-3.5932e-03,-1.8534e-02,-3.3056e-02,-4.6810e-02,-5.9468e-02,-7.0733e-02,-8.0345e-02,-8.8092e-02,-9.3806e-02,-9.7369e-02,-9.8714e-02,-9.7819e-02,-9.4706e-02,-8.9445e-02,-8.2150e-02,-7.2974e-02,-6.2117e-02,-4.9815e-02,-3.6342e-02,-2.2004e-02,-7.1322e-03,7.9247e-03,2.2811e-02,3.7174e-02,5.0672e-02,6.2988e-02,7.3833e-02,8.2958e-02,9.0157e-02,9.5272e-02,9.8195e-02,9.8871e-02,9.7294e-02,9.3502e-02,8.7581e-02,7.9656e-02,6.9894e-02,5.8506e-02,4.5769e-02,3.2023e-02,1.7657e-02,3.0577e-03,-1.1480e-02,-2.5826e-02,-3.9973e-02,-5.3796e-02,-6.6671e-02,-7.7314e-02,-8.4174e-02,-8.6216e-02,-8.3431e-02,-7.6680e-02,-6.7142e-02,-5.5840e-02,-4.3465e-02,-3.0427e-02,-1.6975e-02,-3.3031e-03,1.0389e-02,2.3876e-02,3.6901e-02,4.9187e-02,6.0452e-02,7.0419e-02,7.8833e-02,8.5470e-02,9.0147e-02,9.2731e-02,9.3142e-02,9.1359e-02,8.7418e-02,8.1414e-02,7.3492e-02,6.3851e-02,5.2726e-02,4.0390e-02,2.7137e-02,1.3275e-02,-8.8474e-04
-2.6822e-04,1.4036e-02,2.7983e-02,4.1267e-02,5.3574e-02,6.4612e-02,7.4121e-02,8.1891e-02,8.7756e-02,9.1604e-02,9.3371e-02,9.3033e-02,9.0611e-02,8.6161e-02,7.9777e-02,7.1592e-02,6.1774e-02,5.0529e-02,3.8099e-02,2.4760e-02,1.0816e-02,-3.4085e-03,-1.7574e-02,-3.1341e-02,-4.4380e-02,-5.6379e-02,-6.7058e-02,-7.6171e-02,-8.3518e-02,-8.8939e-02,-9.2322e-02,-9.3603e-02,-9.2757e-02,-8.9808e-02,-8.4821e-02,-7.7901e-02,-6.9197e-02,-5.8894e-02,-4.7220e-02,-3.4435e-02,-2.0832e-02,-6.7250e-03,7.5527e-03,2.1664e-02,3.5270e-02,4.8050e-02,5.9702e-02,6.9957e-02,7.8579e-02,8.5377e-02,9.0204e-02,9.2959e-02,9.3590e-02,9.2093e-02,8.8507e-02,8.2910e-02,7.5419e-02,6.6187e-02,5.5404e-02,4.3311e-02,3.0208e-02,1.6460e-02,2.4710e-03,-1.1377e-02,-2.4822e-02,-3.7785e-02,-5.0313e-02,-6.2313e-02,-7.3167e-02,-8.1601e-02,-8.6109e-02,-8.5739e-02,-8.0572e-02,-7.1540e-02,-5.9871e-02,-4.6623e-02,-3.2518e-02,-1.7996e-02,-3.3321e-03,1.1251e-02,2.5538e-02,3.9286e-02,5.2230e-02,6.4091e-02,7.4589e-02,8.3460e-02,9.0467e-02,9.5415e-02,9.8158e-02,9.8607e-02,9.6736e-02,9.2582e-02,8.6242e-02,7.7872e-02,6.7681e-02,5.5919e-02,4.2871e-02,2.8847e-02,1.4169e-02,-8.3887e-04
-2.5615e-04,1.2944e-02,2.5805e-02,3.8051e-02,4.9397e-02,5.9572e-02,6.8339e-02,7.5504e-02,8.0916e-02,8.4471e-02,8.6107e-02,8.5805e-02,8.3579e-02,7.9481e-02,7.3597e-02,6.6047e-02,5.6987e-02,4.6608e-02,3.5134e-02,2.2821e-02,9.9511e-03,-3.1746e-03,-1.6245e-02,-2.8944e-02,-4.0969e-02,-5.2036e-02,-6.1883e-02,-7.0289e-02,-7.7066e-02,-8.2068e-02,-8.5193e-02,-8.6377e-02,-8.5599e-02,-8.2880e-02,-7.8278e-02,-7.1891e-02,-6.3854e-02,-5.4342e-02,-4.3563e-02,-3.1759e-02,-1.9202e-02,-6.1835e-03,6.9882e-03,2.0000e-02,3.2539e-02,4.4312e-02,5.5039e-02,6.4473e-02,7.2404e-02,7.8652e-02,8.3087e-02,8.5619e-02,8.6200e-02,8.4826e-02,8.1533e-02,7.6393e-02,6.9512e-02,6.1029e-02,5.1111e-02,3.9965e-02,2.7848e-02,1.5075e-02,2.0175e-03,-1.0923e-02,-2.3393e-02,-3.5176e-02,-4.6260e-02,-5.6750e-02,-6.6584e-02,-7.5157e-02,-8.1218e-02,-8.3324e-02,-8.0618e-02,-7.3270e-02,-6.2270e-02,-4.8877e-02,-3.4168e-02,-1.8880e-02,-3.4649e-03,1.1780e-02,2.6623e-02,4.0834e-02,5.4166e-02,6.6357e-02,7.7134e-02,8.6236e-02,9.3426e-02,9.8503e-02,1.0132e-01,1.0177e-01,9.9846e-02,9.5569e-02,8.9045e-02,8.0434e-02,6.9948e-02,5.7843e-02,4.4411e-02,2.9966e-02,1.4833e-02,-6.6277e-04
-2.3690e-04,1.1553e-02,2.3036e-02,3.3969e-02,4.4102e-02,5.3190e-02,6.1023e-02,6.7426e-02,7.2263e-02,7.5443e-02,7.6910e-02,7.6644e-02,7.4659e-02,7.1000e-02,6.5743e-02,5.8995e-02,5.0895e-02,4.1614e-02,3.1354e-02,2.0345e-02,8.8406e-03,-2.8893e-03,-1.4565e-02,-2.5908e-02,-3.6646e-02,-4.6525e-02,-5.5318e-02,-6.2822e-02,-6.8873e-02,-7.3341e-02,-7.6132e-02,-7.7192e-02,-7.6498e-02,-7.4071e-02,-6.9958e-02,-6.4250e-02,-5.7066e-02,-4.8563e-02,-3.8927e-02,-2.8376e-02,-1.7153e-02,-5.5220e-03,6.2423e-03,1.7857e-02,2.9047e-02,3.9546e-02,4.9108e-02,5.7515e-02,6.4578e-02,7.0145e-02,7.4098e-02,7.6357e-02,7.6883e-02,7.5671e-02,7.2751e-02,6.8188e-02,6.2075e-02,5.4533e-02,4.5710e-02,3.5781e-02,2.4958e-02,1.3500e-02,1.7231e-03,-1.0009e-02,-2.1320e-02,-3.1900e-02,-4.1600e-02,-5.0475e-02,-5.8689e-02,-6.6211e-02,-7.2455e-02,-7.6203e-02,-7.6086e-02,-7.1340e-02,-6.2212e-02,-4.9735e-02,-3.5176e-02,-1.9612e-02,-3.7781e-03,1.1866e-02,2.7021e-02,4.1446e-02,5.4913e-02,6.7178e-02,7.7993e-02,8.7108e-02,9.4297e-02,9.9363e-02,1.0216e-01,1.0259e-01,1.0064e-01,9.6331e-02,8.9771e-02,8.1122e-02,7.0594e-02,5.8444e-02,4.4956e-02,3.0442e-02,1.5219e-02,-3.9200e-04
-2.1001e-04,9.9008e-03,1.9745e-02,2.9123e-02,3.7816e-02,4.5618e-02,5.2344e-02,5.7841e-02,6.1995e-02,6.4724e-02,6.5982e-02,6.5754e-02,6.4050e-02,6.0908e-02,5.6392e-02,5.0596e-02,4.3637e-02,3.5664e-02,2.6852e-02,1.7397e-02,7.5207e-03,-2.5466e-03,-1.2563e-02,-2.2290e-02,-3.1496e-02,-3.9964e-02,-4.7499e-02,-5.3929e-02,-5.9115e-02,-6.2944e-02,-6.5336e-02,-6.6245e-02,-6.5651e-02,-6.3569e-02,-6.0042e-02,-5.5144e-02,-4.8980e-02,-4.1681e-02,-3.3412e-02,-2.4358e-02,-1.4729e-02,-4.7516e-03,5.3354e-03,1.5291e-02,2.4877e-02,3.3868e-02,4.2053e-02,4.9248e-02,5.5293e-02,6.0060e-02,6.3449e-02,6.5394e-02,6.5860e-02,6.4841e-02,6.2364e-02,5.8481e-02,5.3271e-02,4.6837e-02,3.9304e-02,3.0818e-02,2.1552e-02,1.1710e-02,1.5419e-03,-8.6543e-03,-1.8541e-02,-2.7783e-02,-3.6131e-02,-4.3510e-02,-5.0047e-02,-5.5957e-02,-6.1240e-02,-6.5325e-02,-6.7037e-02,-6.5081e-02,-5.8775e-02,-4.8428e-02,-3.5087e-02,-2.0014e-02,-4.2658e-03,1.1434e-02,2.6632e-02,4.1030e-02,5.4394e-02,6.6502e-02,7.7132e-02,8.6059e-02,9.3076e-02,9.8001e-02,1.0070e-01,1.0108e-01,9.9127e-02,9.4874e-02,8.8424e-02,7.9933e-02,6.9608e-02,5.7696e-02,4.4471e-02,3.0231e-02,1.5278e-02,-8.3040e-05
-1.7526e-04,8.0274e-03,1.6012e-02,2.3622e-02,3.0684e-02,3.7026e-02,4.2494e-02,4.6962e-02,5.0337e-02,5.2550e-02,5.3567e-02,5.3376e-02,5.1985e-02,4.9427e-02,4.5754e-02,4.1040e-02,3.5382e-02,2.8901e-02,2.1738e-02,1.4056e-02,6.0344e-03,-2.1387e-03,-1.0268e-02,-1.8158e-02,-2.5623e-02,-3.2486e-02,-3.8591e-02,-4.3801e-02,-4.8001e-02,-5.1102e-02,-5.3040e-02,-5.3776e-02,-5.3294e-02,-5.1606e-02,-4.8745e-02,-4.4772e-02,-3.9771e-02,-3.3848e-02,-2.7136e-02,-1.9789e-02,-1.1975e-02,-3.8811e-03,4.2990e-03,1.2369e-02,2.0136e-02,2.7418e-02,3.4047e-02,3.9873e-02,4.4770e-02,4.8636e-02,5.1391e-02,5.2982e-02,5.3381e-02,5.2581e-02,5.0600e-02,4.7481e-02,4.3286e-02,3.8096e-02,3.2015e-02,2.5158e-02,1.7660e-02,9.6798e-03,1.3987e-03,-6.9587e-03,-1.5127e-02,-2.2809e-02,-2.9730e-02,-3.5708e-02,-4.0742e-02,-4.5027e-02,-4.8823e-02,-5.2148e-02,-5.4450e-02,-5.4590e-02,-5.1339e-02,-4.4087e-02,-3.3176e-02,-1.9653e-02,-4.7521e-03,1.0500e-02,2.5402e-02,3.9513e-02,5.2551e-02,6.4293e-02,7.4542e-02,8.3103e-02,8.9798e-02,9.4469e-02,9.6995e-02,9.7305e-02,9.5383e-02,9.1268e-02,8.5062e-02,7.6914e-02,6.7020e-02,5.5612e-02,4.2949e-02,2.9305e-02,1.4964e-02,2.0564e-04
-1.3230e-04,5.9786e-03,1.1924e-02,1.7596e-02,2.2867e-02,2.7606e-02,3.1693e-02,3.5029e-02,3.7543e-02,3.9188e-02,3.9935e-02,3.9780e-02,3.8732e-02,3.6815e-02,3.4068e-02,3.0547e-02,2.6322e-02,2.1486e-02,1.6142e-02,1.0411e-02,4.4292e-03,-1.6632e-03,-7.7198e-03,-1.3595e-02,-1.9149e-02,-2.4253e-02,-2.8790e-02,-3.2660e-02,-3.5778e-02,-3.8079e-02,-3.9517e-02,-4.0061e-02,-3.9703e-02,-3.8446e-02,-3.6319e-02,-3.3363e-02,-2.9641e-02,-2.5233e-02,-2.0235e-02,-1.4763e-02,-8.9458e-03,-2.9209e-03,3.1665e-03,9.1698e-03,1.4945e-02,2.0357e-02,2.5283e-02,2.9614e-02,3.3257e-02,3.6138e-02,3.8200e-02,3.9403e-02,3.9724e-02,3.9157e-02,3.7714e-02,3.5423e-02,3.2327e-02,2.8488e-02,2.3982e-02,1.8896e-02,1.3331e-02,7.3971e-03,1.2209e-03,-5.0502e-03,-1.1232e-02,-1.7106e-02,-2.2431e-02,-2.6993e-02,-3.0684e-02,-3.3569e-02,-3.5901e-02,-3.7969e-02,-3.9802e-02,-4.0856e-02,-4.0023e-02,-3.6129e-02,-2.8611e-02,-1.7829e-02,-4.8100e-03,9.2520e-03,2.3372e-02,3.6878e-02,4.9355e-02,6.0540e-02,7.0239e-02,7.8287e-02,8.4536e-02,8.8860e-02,9.1162e-02,9.1387e-02,8.9529e-02,8.5633e-02,7.9796e-02,7.2159e-02,6.2904e-02,5.2245e-02,4.0415e-02,2.7666e-02,1.4251e-02,4.2250e-04
-7.9904e-05,3.8031e-03,7.5736e-03,1.1178e-02,1.4537e-02,1.7563e-02,2.0174e-02,2.2300e-02,2.3895e-02,2.4928e-02,2.5385e-02,2.5268e-02,2.4585e-02,2.3353e-02,2.1599e-02,1.9356e-02,1.6670e-02,1.3595e-02,1.0198e-02,6.5542e-03,2.7512e-03,-1.1207e-03,-4.9673e-03,-8.6954e-03,-1.2216e-02,-1.5446e-02,-1.8314e-02,-2.0756e-02,-2.2721e-02,-2.4170e-02,-2.5073e-02,-2.5413e-02,-2.5184e-02,-2.4390e-02,-2.3045e-02,-2.1175e-02,-1.8820e-02,-1.6028e-02,-1.2861e-02,-9.3918e-03,-5.7036e-03,-1.8835e-03,1.9741e-03,5.7760e-03,9.4309e-03,1.2854e-02,1.5969e-02,1.8709e-02,2.1019e-02,2.2852e-02,2.4173e-02,2.4958e-02,2.5190e-02,2.4864e-02,2.3982e-02,2.2560e-02,2.0623e-02,1.8209e-02,1.5366e-02,1.2153e-02,8.6326e-03,4.8752e-03,9.5329e-04,-3.0519e-03,-7.0410e-03,-1.0883e-02,-1.4414e-02,-1.7450e-02,-1.9841e-02,-2.1542e-02,-2.2676e-02,-2.3534e-02,-2.4421e-02,-2.5361e-02,-2.5807e-02,-2.4672e-02,-2.0823e-02,-1.3727e-02,-3.7456e-03,8.1309e-03,2.0761e-02,3.3207e-02,4.4836e-02,5.5267e-02,6.4269e-02,7.1684e-02,7.7394e-02,8.1303e-02,8.3345e-02,8.3484e-02,8.1728e-02,7.8128e-02,7.2775e-02,6.5802e-02,5.7373e-02,4.7680e-02,3.6929e-02,2.5341e-02,1.3135e-02,5.3443e-04
-1.9576e-05,1.5490e-03,3.0575e-03,4.5093e-03,5.8768e-03,7.1176e-03,8.1878e-03,9.0524e-03,9.6864e-03,1.0082e-02,1.0238e-02,1.0160e-02,9.8594e-03,9.3467e-03,8.6313e-03,7.7271e-03,6.6477e-03,5.4127e-03,4.0467e-03,2.5782e-03,1.0436e-03,-5.1941e-04,-2.0703e-03,-3.5699e-03,-4.9807e-03,-6.2673e-03,-7.4040e-03,-8.3642e-03,-9.1321e-03,-9.6947e-03,-1.0042e-02,-1.0169e-02,-1.0075e-02,-9.7600e-03,-9.2280e-03,-8.4889e-03,-7.5540e-03,-6.4432e-03,-5.1802e-03,-3.7932e-03,-2.3163e-03,-7.8834e-04,7.5405e-04,2.2708e-03,3.7253e-03,5.0854e-03,6.3211e-03,7.4099e-03,8.3330e-03,9.0743e-03,9.6228e-03,9.9662e-03,1.0097e-02,1.0010e-02,9.7000e-03,9.1695e-03,8.4235e-03,7.4769e-03,6.3490e-03,5.0662e-03,3.6581e-03,2.1509e-03,5.7054e-04,-1.0632e-03,-2.7256e-03,-4.3754e-03,-5.9375e-03,-7.3020e-03,-8.3389e-03,-8.9519e-03,-9.1464e-03,-9.0862e-03,-9.0816e-03,-9.4343e-03,-1.0150e-02,-1.0670e-02,-9.9153e-03,-6.7789e-03,-7.4619e-04,7.8410e-03,1.8036e-02,2.8759e-02,3.9128e-02,4.8559e-02,5.6711e-02,6.3394e-02,6.8497e-02,7.1951e-02,7.3717e-02,7.3784e-02,7.2175e-02,6.8945e-02,6.4184e-02,5.8012e-02,5.0574e-02,4.2037e-02,3.2579e-02,2.2384e-02,1.1640e-02,5.3028e-04
4.5899e-05,-7.3246e-04,-1.5222e-03,-2.2619e-03,-2.9248e-03,-3.5041e-03,-4.0035e-03,-4.4258e-03,-4.7684e-03,-5.0212e-03,-5.1703e-03,-5.2032e-03,-5.1095e-03,-4.8866e-03,-4.5377e-03,-4.0747e-03,-3.5124e-03,-2.8715e-03,-2.1688e-03,-1.4246e-03,-6.5492e-04,1.2530e-04,9.0130e-04,1.6604e-03,2.3878e-03,3.0687e-03,3.6876e-03,4.2275e-03,4.6725e-03,5.0093e-03,5.2251e-03,5.3135e-03,5.2722e-03,5.1012e-03,4.8080e-03,4.4007e-03,3.8923e-03,3.2968e-03,2.6292e-03,1.9032e-03,1.1353e-03,3.4057e-04,-4.6529e-04,-1.2653e-03,-2.0419e-03,-2.7746e-03,-3.4448e-03,-4.0320e-03,-4.5188e-03,-4.8891e-03,-5.1332e-03,-5.2450e-03,-5.2258e-03,-5.0809e-03,-4.8213e-03,-4.4584e-03,-4.0050e-03,-3.4728e-03,-2.8695e-03,-2.2028e-03,-1.4802e-03,-7.1413e-04,7.3362e-05,8.4810e-04,1.5687e-03,2.1974e-03,2.7170e-03,3.1507e-03,3.5647e-03,4.0466e-03,4.6546e-03,5.3505e-03,5.9478e-03,6.1355e-03,5.6311e-03,4.4610e-03,3.2064e-03,2.9463e-03,4.7758e-03,9.2058e-03,1.5922e-02,2.4036e-02,3.2534e-02,4.0600e-02,4.7702e-02,5.3547e-02,5.7991e-02,6.0969e-02,6.2466e-02,6.2491e-02,6.1081e-02,5.8298e-02,5.4228e-02,4.8979e-02,4.2678e-02,3.5463e-02,2.7480e-02,1.8879e-02,9.8088e-03,4.1646e-04
1.1246e-04,-2.9924e-03,-6.0658e-03,-8.9873e-03,-1.1673e-02,-1.4067e-02,-1.6131e-02,-1.7834e-02,-1.9148e-02,-2.0042e-02,-2.0490e-02,-2.0473e-02,-1.9981e-02,-1.9019e-02,-1.7606e-02,-1.5777e-02,-1.3580e-02,-1.1070e-02,-8.3111e-03,-5.3700e-03,-2.3137e-03,7.8975e-04,3.8720e-03,6.8677e-03,9.7119e-03,1.2341e-02,1.4696e-02,1.6721e-02,1.8368e-02,1.9594e-02,2.0369e-02,2.0671e-02,2.0494e-02,1.9842e-02,1.8730e-02,1.7187e-02,1.5250e-02,1.2963e-02,1.0380e-02,7.5613e-03,4.5695e-03,1.4726e-03,-1.6605e-03,-4.7570e-03,-7.7447e-03,-1.0553e-02,-1.3115e-02,-1.5368e-02,-1.7256e-02,-1.8736e-02,-1.9772e-02,-2.0343e-02,-2.0444e-02,-2.0078e-02,-1.9261e-02,-1.8019e-02,-1.6383e-02,-1.4389e-02,-1.2074e-02,-9.4790e-03,-6.6496e-03,-3.6391e-03,-5.1361e-04,2.6426e-03,5.7309e-03,8.6436e-03,1.1284e-02,1.3586e-02,1.5537e-02,1.7172e-02,1.8557e-02,1.9727e-02,2.0627e-02,2.1069e-02,2.0755e-02,1.9436e-02,1.7181e-02,1.4603e-02,1.2791e-02,1.2837e-02,1.5261e-02,1.9787e-02,2.5591e-02,3.1737e-02,3.7471e-02,4.2323e-02,4.6046e-02,4.8541e-02,4.9790e-02,4.9815e-02,4.8665e-02,4.6407e-02,4.3124e-02,3.8910e-02,3.3872e-02,2.8118e-02,2.1765e-02,1.4923e-02,7.7056e-03,2.1740e-04
1.7440e-04,-5.1816e-03,-1.0471e-02,-1.5514e-02,-2.0169e-02,-2.4333e-02,-2.7921e-02,-3.0871e-02,-3.3125e-02,-3.4638e-02,-3.5370e-02,-3.5297e-02,-3.4411e-02,-3.2724e-02,-3.0273e-02,-2.7115e-02,-2.3327e-02,-1.9003e-02,-1.4249e-02,-9.1775e-03,-3.9057e-03,1.4464e-03,6.7607e-03,1.1922e-02,1.6814e-02,2.1328e-02,2.5363e-02,2.8825e-02,3.1633e-02,3.3719e-02,3.5033e-02,3.5542e-02,3.5234e-02,3.4115e-02,3.2211e-02,2.9568e-02,2.6247e-02,2.2323e-02,1.7888e-02,1.3044e-02,7.8994e-03,2.5729e-03,-2.8123e-03,-8.1328e-03,-1.3264e-02,-1.8085e-02,-2.2484e-02,-2.6354e-02,-2.9606e-02,-3.2166e-02,-3.3976e-02,-3.5001e-02,-3.5224e-02,-3.4648e-02,-3.3296e-02,-3.1204e-02,-2.8423e-02,-2.5012e-02,-2.1038e-02,-1.6577e-02,-1.1709e-02,-6.5299e-03,-1.1498e-03,4.3030e-03,9.6774e-03,1.4808e-02,1.9531e-02,2.3703e-02,2.7228e-02,3.0074e-02,3.2269e-02,3.3870e-02,3.4907e-02,3.5324e-02,3.4941e-02,3.3492e-02,3.0772e-02,2.6899e-02,2.2525e-02,1.8757e-02,1.6694e-02,1.6876e-02,1.9075e-02,2.2540e-02,2.6406e-02,2.9992e-02,3.2879e-02,3.4867e-02,3.5894e-02,3.5972e-02,3.5153e-02,3.3502e-02,3.1098e-02,2.8020e-02,2.4352e-02,2.0178e-02,1.5578e-02,1.0630e-02,5.4032e-03,-3.4254e-05
2.2397e-04,-7.2546e-03,-1.4639e-02,-2.1693e-02,-2.8220e-02,-3.4064e-02,-3.9102e-02,-4.3232e-02,-4.6376e-02,-4.8470e-02,-4.9464e-02,-4.9330e-02,-4.8063e-02,-4.5685e-02,-4.2246e-02,-3.7828e-02,-3.2535e-02,-2.6496e-02,-1.9857e-02,-1.2774e-02,-5.4108e-03,2.0661e-03,9.4893e-03,1.6694e-02,2.3520e-02,2.9814e-02,3.5436e-02,4.0254e-02,4.4158e-02,4.7055e-02,4.8877e-02,4.9578e-02,4.9145e-02,4.7584e-02,4.4932e-02,4.1250e-02,3.6623e-02,3.1155e-02,2.4972e-02,1.8216e-02,1.1040e-02,3.6096e-03,-3.9040e-03,-1.1327e-02,-1.8486e-02,-2.5213e-02,-3.1351e-02,-3.6756e-02,-4.1303e-02,-4.4890e-02,-4.7438e-02,-4.8895e-02,-4.9236e-02,-4.8464e-02,-4.6606e-02,-4.3708e-02,-3.9840e-02,-3.5085e-02,-2.9538e-02,-2.3308e-02,-1.6513e-02,-9.2888e-03,-1.7855e-03,5.8242e-03,1.3345e-02,2.0564e-02,2.7262e-02,3.3231e-02,3.8305e-02,4.2382e-02,4.5431e-02,4.7489e-02,4.8618e-02,4.8855e-02,4.8155e-02,4.6360e-02,4.3242e-02,3.8650e-02,3.2758e-02,2.6264e-02,2.0299e-02,1.5980e-02,1.3876e-02,1.3812e-02,1.5109e-02,1.6978e-02,1.8799e-02,2.0198e-02,2.1009e-02,2.1191e-02,2.0775e-02,1.9814e-02,1.8376e-02,1.6525e-02,1.4322e-02,1.1822e-02,9.0729e-03,6.1148e-03,2.9815e-03,-3.0171e-04
2.5294e-04,-9.1674e-03,-1.8475e-02,-2.7380e-02,-3.5634e-02,-4.3032e-02,-4.9406e-02,-5.4627e-02,-5.8588e-02,-6.1211e-02,-6.2438e-02,-6.2242e-02,-6.0619e-02,-5.7600e-02,-5.3251e-02,-4.7675e-02,-4.1001e-02,-3.3390e-02,-2.5021e-02,-1.6092e-02,-6.8083e-03,2.6208e-03,1.1982e-02,2.1066e-02,2.9671e-02,3.7603e-02,4.4682e-02,5.0746e-02,5.5656e-02,5.9295e-02,6.1581e-02,6.2458e-02,6.1906e-02,5.9937e-02,5.6596e-02,5.1960e-02,4.6133e-02,3.9249e-02,3.1463e-02,2.2952e-02,1.3913e-02,4.5496e-03,-4.9200e-03,-1.4276e-02,-2.3301e-02,-3.1784e-02,-3.9527e-02,-4.6349e-02,-5.2094e-02,-5.6631e-02,-5.9862e-02,-6.1719e-02,-6.2169e-02,-6.1213e-02,-5.8882e-02,-5.5237e-02,-5.0360e-02,-4.4358e-02,-3.7355e-02,-2.9492e-02,-2.0923e-02,-1.1819e-02,-2.3723e-03,7.2064e-03,1.6683e-02,2.5806e-02,3.4310e-02,4.1942e-02,4.8478e-02,5.3750e-02,5.7670e-02,6.0229e-02,6.1481e-02,6.1507e-02,6.0359e-02,5.8011e-02,5.4335e-02,4.9150e-02,4.2364e-02,3.4214e-02,2.5449e-02,1.7233e-02,1.0707e-02,6.4739e-03,4.4159e-03,3.9209e-03,4.2654e-03,4.8778e-03,5.4149e-03,5.7258e-03,5.7736e-03,5.5813e-03,5.1913e-03,4.6469e-03,3.9844e-03,3.2305e-03,2.3996e-03,1.4968e-03,5.1770e-04,-5.4934e-04
2.5352e-04,-1.0880e-02,-2.1890e-02,-3.2439e-02,-4.2232e-02,-5.1017e-02,-5.8587e-02,-6.4779e-02,-6.9466e-02,-7.2556e-02,-7.3986e-02,-7.3727e-02,-7.1782e-02,-6.8192e-02,-6.3036e-02,-5.6433e-02,-4.8538e-02,-3.9535e-02,-2.9634e-02,-1.9068e-02,-8.0767e-03,3.0873e-03,1.4173e-02,2.4933e-02,3.5123e-02,4.4514e-02,5.2892e-02,6.0065e-02,6.5867e-02,7.0165e-02,7.2860e-02,7.3889e-02,7.3227e-02,7.0893e-02,6.6938e-02,6.1453e-02,5.4560e-02,4.6417e-02,3.7208e-02,2.7141e-02,1.6446e-02,5.3658e-03,-5.8426e-03,-1.6920e-02,-2.7608e-02,-3.7658e-02,-4.6835e-02,-5.4925e-02,-6.1741e-02,-6.7129e-02,-7.0969e-02,-7.3182e-02,-7.3726e-02,-7.2600e-02,-6.9839e-02,-6.5514e-02,-5.9726e-02,-5.2601e-02,-4.4291e-02,-3.4965e-02,-2.4811e-02,-1.4037e-02,-2.8687e-03,8.4476e-03,1.9646e-02,3.0440e-02,4.0536e-02,4.9642e-02,5.7492e-02,6.3870e-02,6.8632e-02,7.1720e-02,7.3155e-02,7.3021e-02,7.1421e-02,6.8426e-02,6.4035e-02,5.8160e-02,5.0671e-02,4.1542e-02,3.1079e-02,2.0085e-02,9.7629e-03,1.2824e-03,-4.7186e-03,-8.3079e-03,-1.0041e-02,-1.0593e-02,-1.0506e-02,-1.0113e-02,-9.5733e-03,-8.9393e-03,-8.2151e-03,-7.3882e-03,-6.4542e-03,-5.4156e-03,-4.2914e-03,-3.1100e-03,-1.9123e-03,-7.4739e-04
2.1794e-04,-1.2358e-02,-2.4806e-02,-3.6750e-02,-4.7853e-02,-5.7823e-02,-6.6416e-02,-7.3440e-02,-7.8747e-02,-8.2233e-02,-8.3832e-02,-8.3515e-02,-8.1294e-02,-7.7217e-02,-7.1378e-02,-6.3908e-02,-5.4979e-02,-4.4798e-02,-3.3599e-02,-2.1640e-02,-9.1960e-03,3.4512e-03,1.6014e-02,2.8207e-02,3.9756e-02,5.0396e-02,5.9885e-02,6.8005e-02,7.4569e-02,7.9426e-02,8.2466e-02,8.3619e-02,8.2861e-02,8.0210e-02,7.5728e-02,6.9515e-02,6.1714e-02,5.2500e-02,4.2078e-02,3.0687e-02,1.8581e-02,6.0386e-03,-6.6526e-03,-1.9200e-02,-3.1312e-02,-4.2703e-02,-5.3110e-02,-6.2288e-02,-7.0023e-02,-7.6141e-02,-8.0504e-02,-8.3018e-02,-8.3636e-02,-8.2356e-02,-7.9215e-02,-7.4296e-02,-6.7712e-02,-5.9612e-02,-5.0171e-02,-3.9584e-02,-2.8073e-02,-1.5874e-02,-3.2447e-03,9.5398e-03,2.2186e-02,3.4383e-02,4.5815e-02,5.6164e-02,6.5138e-02,7.2482e-02,7.8011e-02,8.1618e-02,8.3286e-02,8.3077e-02,8.1104e-02,7.7493e-02,7.2341e-02,6.5678e-02,5.7458e-02,4.7613e-02,3.6186e-02,2.3554e-02,1.0576e-02,-1.5043e-03,-1.1490e-02,-1.8715e-02,-2.3211e-02,-2.5496e-02,-2.6220e-02,-2.5917e-02,-2.4937e-02,-2.3464e-02,-2.1586e-02,-1.9350e-02,-1.6788e-02,-1.3939e-02,-1.0854e-02,-7.5960e-03,-4.2406e-03,-8.7164e-04
1.4158e-04,-1.3570e-02,-2.7156e-02,-4.0210e-02,-5.2361e-02,-6.3283e-02,-7.2702e-02,-8.0397e-02,-8.6205e-02,-9.0009e-02,-9.1742e-02,-9.1379e-02,-8.8936e-02,-8.4473e-02,-7.8090e-02,-6.9933e-02,-6.0183e-02,-4.9063e-02,-3.6827e-02,-2.3752e-02,-1.0138e-02,3.7054e-03,1.7463e-02,3.0819e-02,4.3470e-02,5.5125e-02,6.5514e-02,7.4400e-02,8.1577e-02,8.6882e-02,9.0196e-02,9.1443e-02,9.0600e-02,8.7688e-02,8.2776e-02,7.5976e-02,6.7442e-02,5.7364e-02,4.5969e-02,3.3512e-02,2.0274e-02,6.5551e-03,-7.3306e-03,-2.1063e-02,-3.4323e-02,-4.6800e-02,-5.8203e-02,-6.8262e-02,-7.6745e-02,-8.3454e-02,-8.8237e-02,-9.0991e-02,-9.1662e-02,-9.0246e-02,-8.6785e-02,-8.1369e-02,-7.4126e-02,-6.5222e-02,-5.4853e-02,-4.3240e-02,-3.0629e-02,-1.7283e-02,-3.4841e-03,1.0467e-02,2.4258e-02,3.7560e-02,5.0042e-02,6.1373e-02,7.1242e-02,7.9374e-02,8.5549e-02,8.9626e-02,9.1548e-02,9.1345e-02,8.9117e-02,8.5008e-02,7.9169e-02,7.1726e-02,6.2743e-02,5.2226e-02,4.0171e-02,2.6695e-02,1.2240e-02,-2.2762e-03,-1.5577e-02,-2.6451e-02,-3.4218e-02,-3.8892e-02,-4.0979e-02,-4.1129e-02,-3.9896e-02,-3.7658e-02,-3.4647e-02,-3.1000e-02,-2.6812e-02,-2.2167e-02,-1.7151e-02,-1.1862e-02,-6.4082e-03,-9.0563e-04
2.4218e-05,-1.4493e-02,-2.8889e-02,-4.2739e-02,-5.5649e-02,-6.7266e-02,-7.7290e-02,-8.5482e-02,-9.1661e-02,-9.5703e-02,-9.7536e-02,-9.7141e-02,-9.4539e-02,-8.9797e-02,-8.3025e-02,-7.4372e-02,-6.4032e-02,-5.2234e-02,-3.9243e-02,-2.5351e-02,-1.0875e-02,3.8543e-03,1.8500e-02,3.2723e-02,4.6196e-02,5.8606e-02,6.9666e-02,7.9119e-02,8.6749e-02,9.2381e-02,9.5890e-02,9.7200e-02,9.6287e-02,9.3176e-02,8.7942e-02,8.0704e-02,7.1627e-02,6.0913e-02,4.8802e-02,3.5562e-02,2.1493e-02,6.9098e-03,-7.8535e-03,-2.2459e-02,-3.6566e-02,-4.9846e-02,-6.1986e-02,-7.2700e-02,-8.1736e-02,-8.8882e-02,-9.3974e-02,-9.6902e-02,-9.7604e-02,-9.6075e-02,-9.2363e-02,-8.6563e-02,-7.8816e-02,-6.9302e-02,-5.8233e-02,-4.5853e-02,-3.2425e-02,-1.8236e-02,-3.5867e-03,1.1206e-02,2.5815e-02,3.9903e-02,5.3129e-02,6.5159e-02,7.5670e-02,8.4379e-02,9.1048e-02,9.5508e-02,9.7671e-02,9.7533e-02,9.5171e-02,9.0720e-02,8.4355e-02,7.6255e-02,6.6575e-02,5.5424e-02,4.2862e-02,2.8949e-02,1.3872e-02,-1.8644e-03,-1.7302e-02,-3.1146e-02,-4.2181e-02,-4.9738e-02,-5.3838e-02,-5.5001e-02,-5.3896e-02,-5.1117e-02,-4.7088e-02,-4.2095e-02,-3.6330e-02,-2.9940e-02,-2.3060e-02,-1.5822e-02,-8.3679e-03,-8.4383e-04
-1.3101e-04,-1.5107e-02,-2.9969e-02,-4.4283e-02,-5.7642e-02,-6.9679e-02,-8.0077e-02,-8.8578e-02,-9.4992e-02,-9.9186e-02,-1.0109e-01,-1.0068e-01,-9.7982e-02,-9.3077e-02,-8.6075e-02,-7.7130e-02,-6.6438e-02,-5.4233e-02,-4.0783e-02,-2.6390e-02,-1.1379e-02,3.9079e-03,1.9115e-02,3.3890e-02,4.7887e-02,6.0778e-02,7.2263e-02,8.2073e-02,8.9984e-02,9.5815e-02,9.9439e-02,1.0078e-01,9.9814e-02,9.6569e-02,9.1127e-02,8.3611e-02,7.4193e-02,6.3082e-02,5.0526e-02,3.6804e-02,2.2221e-02,7.1054e-03,-8.2007e-03,-2.3345e-02,-3.7979e-02,-5.1758e-02,-6.4358e-02,-7.5480e-02,-8.4861e-02,-9.2280e-02,-9.7564e-02,-1.0059e-01,-1.0131e-01,-9.9696e-02,-9.5812e-02,-8.9755e-02,-8.1676e-02,-7.1763e-02,-6.0245e-02,-4.7376e-02,-3.3437e-02,-1.8728e-02,-3.5629e-03,1.1731e-02,2.6818e-02,4.1358e-02,5.5010e-02,6.7439e-02,7.8326e-02,8.7384e-02,9.4367e-02,9.9094e-02,1.0145e-01,1.0141e-01,9.9016e-02,9.4390e-02,8.7701e-02,7.9152e-02,6.8952e-02,5.7292e-02,4.4326e-02,3.0168e-02,1.4940e-02,-1.1137e-03,-1.7446e-02,-3.3075e-02,-4.6709e-02,-5.7153e-02,-6.3767e-02,-6.6606e-02,-6.6219e-02,-6.3318e-02,-5.8541e-02,-5.2371e-02,-4.5147e-02,-3.7117e-02,-2.8478e-02,-1.9411e-02,-1.0090e-02,-6.9208e-04
-3.1301e-04,-1.5397e-02,-3.0374e-02,-4.4814e-02,-5.8306e-02,-7.0479e-02,-8.1007e-02,-8.9625e-02,-9.6131e-02,-1.0039e-01,-1.0232e-01,-1.0192e-01,-9.9201e-02,-9.4249e-02,-8.7179e-02,-7.8146e-02,-6.7346e-02,-5.5008e-02,-4.1403e-02,-2.6831e-02,-1.1620e-02,3.8809e-03,1.9311e-02,3.4309e-02,4.8519e-02,6.1605e-02,7.3259e-02,8.3208e-02,9.1223e-02,9.7123e-02,1.0078e-01,1.0212e-01,1.0112e-01,9.7812e-02,9.2280e-02,8.4652e-02,7.5101e-02,6.3841e-02,5.1121e-02,3.7223e-02,2.2455e-02,7.1485e-03,-8.3523e-03,-2.3692e-02,-3.8516e-02,-5.2478e-02,-6.5248e-02,-7.6521e-02,-8.6031e-02,-9.3549e-02,-9.8901e-02,-1.0196e-01,-1.0267e-01,-1.0101e-01,-9.7048e-02,-9.0874e-02,-8.2647e-02,-7.2564e-02,-6.0858e-02,-4.7795e-02,-3.3663e-02,-1.8768e-02,-3.4327e-03,1.2014e-02,2.7233e-02,4.1889e-02,5.5643e-02,6.8170e-02,7.9158e-02,8.8326e-02,9.5432e-02,1.0029e-01,1.0277e-01,1.0282e-01,1.0048e-01,9.5831e-02,8.9031e-02,8.0283e-02,6.9817e-02,5.7875e-02,4.4682e-02,3.0440e-02,1.5310e-02,-5.4077e-04,-1.6833e-02,-3.3000e-02,-4.8064e-02,-6.0753e-02,-6.9917e-02,-7.4963e-02,-7.5993e-02,-7.3600e-02,-6.8546e-02,-6.1521e-02,-5.3063e-02,-4.3566e-02,-3.3326e-02,-2.2586e-02,-1.1565e-02,-4.7214e-04
-5.0617e-04,-1.5353e-02,-3.0100e-02,-4.4330e-02,-5.7642e-02,-6.9665e-02,-8.0079e-02,-8.8616e-02,-9.5071e-02,-9.9305e-02,-1.0124e-01,-1.0085e-01,-9.8183e-02,-9.3300e-02,-8.6321e-02,-7.7401e-02,-6.6731e-02,-5.4534e-02,-4.1075e-02,-2.6648e-02,-1.1578e-02,3.7920e-03,1.9100e-02,3.3984e-02,4.8090e-02,6.1078e-02,7.2641e-02,8.2507e-02,9.0447e-02,9.6285e-02,9.9894e-02,1.0120e-01,1.0019e-01,9.6893e-02,9.1395e-02,8.3823e-02,7.4350e-02,6.3191e-02,5.0589e-02,3.6825e-02,2.2203e-02,7.0490e-03,-8.2952e-03,-2.3480e-02,-3.8155e-02,-5.1977e-02,-6.4620e-02,-7.5783e-02,-8.5200e-02,-9.2645e-02,-9.7940e-02,-1.0097e-01,-1.0165e-01,-9.9997e-02,-9.6046e-02,-8.9903e-02,-8.1724e-02,-7.1706e-02,-6.0085e-02,-4.7128e-02,-3.3123e-02,-1.8380e-02,-3.2189e-03,1.2032e-02,2.7042e-02,4.1479e-02,5.5018e-02,6.7345e-02,7.8163e-02,8.7204e-02,9.4235e-02,9.9072e-02,1.0159e-01,1.0172e-01,9.9485e-02,9.4943e-02,8.8234e-02,7.9545e-02,6.9106e-02,5.7175e-02,4.4022e-02,2.9910e-02,1.5073e-02,-2.9316e-04,-1.6000e-02,-3.1761e-02,-4.7021e-02,-6.0825e-02,-7.1944e-02,-7.9283e-02,-8.2304e-02,-8.1166e-02,-7.6515e-02,-6.9161e-02,-5.9846e-02,-4.9159e-02,-3.7541e-02,-2.5331e-02,-1.2809e-02,-2.2517e-04
-6.8885e-04,-1.4969e-02,-2.9158e-02,-4.2856e-02,-5.5682e-02,-6.7282e-02,-7.7343e-02,-8.5604e-02,-9.1864e-02,-9.5981e-02,-9.7877e-02,-9.7529e-02,-9.4966e-02,-9.0261e-02,-8.3528e-02,-7.4915e-02,-6.4605e-02,-5.2815e-02,-3.9798e-02,-2.5835e-02,-1.1239e-02,3.6542e-03,1.8496e-02,3.2931e-02,4.6613e-02,5.9211e-02,7.0424e-02,7.9985e-02,8.7676e-02,9.3323e-02,9.6805e-02,9.8055e-02,9.7057e-02,9.3845e-02,8.8502e-02,8.1155e-02,7.1971e-02,6.1158e-02,4.8954e-02,3.5629e-02,2.1479e-02,6.8185e-03,-8.0227e-03,-2.2706e-02,-3.6896e-02,-5.0260e-02,-6.2483e-02,-7.3276e-02,-8.2380e-02,-8.9578e-02,-9.4698e-02,-9.7622e-02,-9.8282e-02,-9.6672e-02,-9.2838e-02,-8.6879e-02,-7.8947e-02,-6.9234e-02,-5.7970e-02,-4.5416e-02,-3.1858e-02,-1.7597e-02,-2.9473e-03,1.1772e-02,2.6240e-02,4.0139e-02,5.3158e-02,6.5001e-02,7.5390e-02,8.4074e-02,9.0839e-02,9.5512e-02,9.7971e-02,9.8154e-02,9.6055e-02,9.1730e-02,8.5291e-02,7.6907e-02,6.6789e-02,5.5191e-02,4.2395e-02,2.8696e-02,1.4381e-02,-2.9701e-04,-1.5132e-02,-2.9944e-02,-4.4469e-02,-5.8186e-02,-7.0183e-02,-7.9280e-02,-8.4440e-02,-8.5186e-02,-8.1735e-02,-7.4782e-02,-6.5186e-02,-5.3734e-02,-4.1060e-02,-2.7644e-02,-1.3858e-02,-1.0084e-05
-8.3391e-04,-1.4245e-02,-2.7570e-02,-4.0438e-02,-5.2496e-02,-6.3411e-02,-7.2891e-02,-8.0690e-02,-8.6612e-02,-9.0520e-02,-9.2337e-02,-9.2034e-02,-8.9637e-02,-8.5213e-02,-7.8868e-02,-7.0745e-02,-6.1015e-02,-4.9886e-02,-3.7592e-02,-2.4400e-02,-1.0605e-02,3.4773e-03,1.7516e-02,3.1173e-02,4.4120e-02,5.6041e-02,6.6650e-02,7.5693e-02,8.2963e-02,8.8295e-02,9.1578e-02,9.2747e-02,9.1789e-02,8.8738e-02,8.3672e-02,7.6714e-02,6.8024e-02,5.7796e-02,4.6260e-02,3.3669e-02,2.0305e-02,6.4659e-03,-7.5384e-03,-2.1390e-02,-3.4769e-02,-4.7367e-02,-5.8888e-02,-6.9060e-02,-7.7641e-02,-8.4428e-02,-8.9258e-02,-9.2019e-02,-9.2647e-02,-9.1133e-02,-8.7519e-02,-8.1897e-02,-7.4407e-02,-6.5232e-02,-5.4589e-02,-4.2729e-02,-2.9923e-02,-1.6460e-02,-2.6416e-03,1.1228e-02,2.4843e-02,3.7904e-02,5.0119e-02,6.1215e-02,7.0936e-02,7.9056e-02,8.5379e-02,8.9751e-02,9.2064e-02,9.2257e-02,9.0321e-02,8.6300e-02,8.0287e-02,7.2424e-02,6.2901e-02,5.1950e-02,3.9842e-02,2.6873e-02,1.3354e-02,-4.2131e-04,-1.4201e-02,-2.7798e-02,-4.1067e-02,-5.3794e-02,-6.5508e-02,-7.5347e-02,-8.2179e-02,-8.5021e-02,-8.3455e-02,-7.7749e-02,-6.8647e-02,-5.7050e-02,-4.3785e-02,-2.9517e-02,-1.4757e-02,9.9558e-05
-9.1248e-04,-1.3181e-02,-2.5369e-02,-3.7141e-02,-4.8173e-02,-5.8168e-02,-6.6857e-02,-7.4017e-02,-7.9465e-02,-8.3074e-02,-8.4765e-02,-8.4510e-02,-8.2326e-02,-7.8274e-02,-7.2451e-02,-6.4987e-02,-5.6044e-02,-4.5811e-02,-3.4507e-02,-2.2377e-02,-9.6917e-03,3.2600e-03,1.6173e-02,2.8738e-02,4.0651e-02,5.1621e-02,6.1383e-02,6.9704e-02,7.6391e-02,8.1295e-02,8.4310e-02,8.5380e-02,8.4492e-02,8.1676e-02,7.7006e-02,7.0596e-02,6.2593e-02,5.3179e-02,4.2565e-02,3.0988e-02,1.8706e-02,5.9942e-03,-6.8603e-03,-1.9567e-02,-3.1833e-02,-4.3377e-02,-5.3932e-02,-6.3249e-02,-7.1112e-02,-7.7333e-02,-8.1768e-02,-8.4312e-02,-8.4907e-02,-8.3539e-02,-8.0244e-02,-7.5103e-02,-6.8242e-02,-5.9825e-02,-5.0053e-02,-3.9156e-02,-2.7386e-02,-1.5015e-02,-2.3233e-03,1.0404e-02,2.2883e-02,3.4834e-02,4.5992e-02,5.6107e-02,6.4950e-02,7.2322e-02,7.8052e-02,8.2007e-02,8.4096e-02,8.4267e-02,8.2511e-02,7.8865e-02,7.3404e-02,6.6247e-02,5.7556e-02,4.7533e-02,3.6421e-02,2.4497e-02,1.2064e-02,-5.6903e-04,-1.3118e-02,-2.5359e-02,-3.7146e-02,-4.8394e-02,-5.8956e-02,-6.8418e-02,-7.5965e-02,-8.0505e-02,-8.1098e-02,-7.7377e-02,-6.9660e-02,-5.8731e-02,-4.5524e-02,-3.0896e-02,-1.5536e-02,3.0074e-05
-8.9288e-04,-1.1784e-02,-2.2599e-02,-3.3041e-02,-4.2826e-02,-5.1692e-02,-5.9404e-02,-6.5765e-02,-7.0613e-02,-7.3833e-02,-7.5351e-02,-7.5138e-02,-7.3206e-02,-6.9605e-02,-6.4420e-02,-5.7771e-02,-4.9802e-02,-4.0685e-02,-3.0618e-02,-1.9820e-02,-8.5303e-03,2.9926e-03,1.4480e-02,2.5658e-02,3.6257e-02,4.6019e-02,5.4708e-02,6.2118e-02,6.8075e-02,7.2444e-02,7.5134e-02,7.6089e-02,7.5299e-02,7.2791e-02,6.8629e-02,6.2915e-02,5.5783e-02,4.7393e-02,3.7937e-02,2.7630e-02,1.6702e-02,5.3996e-03,-6.0201e-03,-1.7298e-02,-2.8177e-02,-3.8409e-02,-4.7758e-02,-5.6012e-02,-6.2979e-02,-6.8499e-02,-7.2445e-02,-7.4724e-02,-7.5283e-02,-7.4107e-02,-7.1222e-02,-6.6695e-02,-6.0632e-02,-5.3174e-02,-4.4497e-02,-3.4808e-02,-2.4332e-02,-1.3315e-02,-2.0137e-03,9.3130e-03,2.0405e-02,3.1012e-02,4.0893e-02,4.9829e-02,5.7620e-02,6.4094e-02,6.9110e-02,7.2558e-02,7.4365e-02,7.4490e-02,7.2931e-02,6.9716e-02,6.4909e-02,5.8607e-02,5.0940e-02,4.2077e-02,3.2225e-02,2.1626e-02,1.0556e-02,-6.9262e-04,-1.1827e-02,-2.2594e-02,-3.2813e-02,-4.2405e-02,-5.1361e-02,-5.9607e-02,-6.6788e-02,-7.2120e-02,-7.4539e-02,-7.3137e-02,-6.7589e-02,-5.8252e-02,-4.5944e-02,-3.1622e-02,-1.6161e-02,-2.6352e-04
-7.4540e-04,-1.0061e-02,-1.9307e-02,-2.8228e-02,-3.6580e-02,-4.4142e-02,-5.0717e-02,-5.6138e-02,-6.0272e-02,-6.3019e-02,-6.4315e-02,-6.4132e-02,-6.2479e-02,-5.9394e-02,-5.4953e-02,-4.9255e-02,-4.2430e-02,-3.4628e-02,-2.6022e-02,-1.6800e-02,-7.1688e-03,2.6545e-03,1.2443e-02,2.1966e-02,3.0997e-02,3.9319e-02,4.6731e-02,5.3058e-02,5.8151e-02,6.1893e-02,6.4204e-02,6.5034e-02,6.4372e-02,6.2239e-02,5.8688e-02,5.3807e-02,4.7709e-02,4.0535e-02,3.2451e-02,2.3642e-02,1.4309e-02,4.6656e-03,-5.0672e-03,-1.4669e-02,-2.3921e-02,-3.2615e-02,-4.0554e-02,-4.7563e-02,-5.3483e-02,-5.8185e-02,-6.1561e-02,-6.3535e-02,-6.4057e-02,-6.3113e-02,-6.0716e-02,-5.6917e-02,-5.1796e-02,-4.5471e-02,-3.8085e-02,-2.9815e-02,-2.0854e-02,-1.1419e-02,-1.7335e-03,7.9723e-03,1.7469e-02,2.6535e-02,3.4962e-02,4.2561e-02,4.9165e-02,5.4630e-02,5.8844e-02,6.1724e-02,6.3212e-02,6.3284e-02,6.1939e-02,5.9205e-02,5.5132e-02,4.9796e-02,4.3299e-02,3.5776e-02,2.7389e-02,1.8340e-02,8.8634e-03,-7.8106e-04,-1.0320e-02,-1.9493e-02,-2.8093e-02,-3.6003e-02,-4.3224e-02,-4.9832e-02,-5.5827e-02,-6.0899e-02,-6.4282e-02,-6.4921e-02,-6.1924e-02,-5.5001e-02,-4.4538e-02,-3.1375e-02,-1.6487e-02,-7.5294e-04
-4.4134e-04,-8.0256e-03,-1.5548e-02,-2.2795e-02,-2.9567e-02,-3.5685e-02,-4.0992e-02,-4.5359e-02,-4.8680e-02,-5.0878e-02,-5.1905e-02,-5.1736e-02,-5.0378e-02,-4.7863e-02,-4.4250e-02,-3.9625e-02,-3.4093e-02,-2.7783e-02,-2.0836e-02,-1.3409e-02,-5.6654e-03,2.2195e-03,1.0068e-02,1.7701e-02,2.4940e-02,3.1617e-02,3.7573e-02,4.2667e-02,4.6778e-02,4.9813e-02,5.1699e-02,5.2396e-02,5.1889e-02,5.0191e-02,4.7344e-02,4.3416e-02,3.8498e-02,3.2708e-02,2.6179e-02,1.9067e-02,1.1537e-02,3.7647e-03,-4.0693e-03,-1.1787e-02,-1.9213e-02,-2.6183e-02,-3.2544e-02,-3.8160e-02,-4.2912e-02,-4.6700e-02,-4.9441e-02,-5.1076e-02,-5.1561e-02,-5.0878e-02,-4.9032e-02,-4.6051e-02,-4.1991e-02,-3.6939e-02,-3.1004e-02,-2.4326e-02,-1.7063e-02,-9.3937e-03,-1.5073e-03,6.4007e-03,1.4135e-02,2.1510e-02,2.8350e-02,3.4499e-02,3.9821e-02,4.4205e-02,4.7567e-02,4.9846e-02,5.1004e-02,5.1028e-02,4.9923e-02,4.7711e-02,4.4432e-02,4.0142e-02,3.4918e-02,2.8856e-02,2.2080e-02,1.4743e-02,7.0333e-03,-8.3461e-04,-8.6232e-03,-1.6090e-02,-2.3022e-02,-2.9268e-02,-3.4788e-02,-3.9670e-02,-4.4077e-02,-4.8077e-02,-5.1386e-02,-5.3233e-02,-5.2554e-02,-4.8465e-02,-4.0692e-02,-2.9647e-02,-1.6183e-02,-1.2764e-03
4.4655e-05,-5.6924e-03,-1.1378e-02,-1.6840e-02,-2.1924e-02,-2.6493e-02,-3.0435e-02,-3.3656e-02,-3.6085e-02,-3.7672e-02,-3.8385e-02,-3.8212e-02,-3.7159e-02,-3.5252e-02,-3.2539e-02,-2.9085e-02,-2.4975e-02,-2.0307e-02,-1.5190e-02,-9.7429e-03,-4.0864e-03,1.6563e-03,7.3612e-03,1.2904e-02,1.8164e-02,2.3023e-02,2.7370e-02,3.1103e-02,3.4136e-02,3.6393e-02,3.7818e-02,3.8374e-02,3.8045e-02,3.6834e-02,3.4769e-02,3.1895e-02,2.8281e-02,2.4013e-02,1.9194e-02,1.3943e-02,8.3846e-03,2.6547e-03,-3.1119e-03,-8.7816e-03,-1.4227e-02,-1.9330e-02,-2.3986e-02,-2.8099e-02,-3.1591e-02,-3.4394e-02,-3.6451e-02,-3.7720e-02,-3.8165e-02,-3.7764e-02,-3.6511e-02,-3.4415e-02,-3.1504e-02,-2.7829e-02,-2.3464e-02,-1.8508e-02,-1.3080e-02,-7.3157e-03,-1.3654e-03,4.6152e-03,1.0470e-02,1.6048e-02,2.1212e-02,2.5840e-02,2.9830e-02,3.3101e-02,3.5594e-02,3.7271e-02,3.8109e-02,3.8106e-02,3.7269e-02,3.5616e-02,3.3176e-02,2.9985e-02,2.6094e-02,2.1566e-02,1.6486e-02,1.0960e-02,5.1250e-03,-8.5199e-04,-6.7808e-03,-1.2454e-02,-1.7673e-02,-2.2273e-02,-2.6174e-02,-2.9417e-02,-3.2180e-02,-3.4710e-02,-3.7122e-02,-3.9140e-02,-3.9967e-02,-3.8506e-02,-3.3871e-02,-2.5800e-02,-1.4717e-02,-1.4799e-03
7.3393e-04,-3.0781e-03,-6.8524e-03,-1.0458e-02,-1.3783e-02,-1.6737e-02,-1.9246e-02,-2.1260e-02,-2.2741e-02,-2.3668e-02,-2.4033e-02,-2.3837e-02,-2.3091e-02,-2.1820e-02,-2.0059e-02,-1.7855e-02,-1.5269e-02,-1.2368e-02,-9.2231e-03,-5.9098e-03,-2.5001e-03,9.3600e-04,4.3327e-03,7.6262e-03,1.0754e-02,1.3657e-02,1.6273e-02,1.8545e-02,2.0417e-02,2.1839e-02,2.2770e-02,2.3178e-02,2.3044e-02,2.2360e-02,2.1137e-02,1.9399e-02,1.7186e-02,1.4550e-02,1.1561e-02,8.2958e-03,4.8389e-03,1.2790e-03,-2.2954e-03,-5.8002e-03,-9.1571e-03,-1.2296e-02,-1.5160e-02,-1.7698e-02,-1.9870e-02,-2.1642e-02,-2.2984e-02,-2.3867e-02,-2.4266e-02,-2.4159e-02,-2.3524e-02,-2.2352e-02,-2.0642e-02,-1.8411e-02,-1.5694e-02,-1.2545e-02,-9.0409e-03,-5.2724e-03,-1.3452e-03,2.6279e-03,6.5319e-03,1.0257e-02,1.3703e-02,1.6784e-02,1.9431e-02,2.1591e-02,2.3230e-02,2.4328e-02,2.4878e-02,2.4881e-02,2.4345e-02,2.3284e-02,2.1712e-02,1.9649e-02,1.7119e-02,1.4154e-02,1.0800e-02,7.1235e-03,3.2112e-03,-8.2203e-04,-4.8354e-03,-8.6664e-03,-1.2146e-02,-1.5119e-02,-1.7482e-02,-1.9225e-02,-2.0473e-02,-2.1491e-02,-2.2595e-02,-2.3932e-02,-2.5207e-02,-2.5571e-02,-2.3887e-02,-1.9252e-02,-1.1409e-02,-7.8857e-04
1.6426e-03,-2.0359e-04,-2.0291e-03,-3.7437e-03,-5.2769e-03,-6.5801e-03,-7.6238e-03,-8.3952e-03,-8.8955e-03,-9.1337e-03,-9.1266e-03,-8.8929e-03,-8.4549e-03,-7.8357e-03,-7.0634e-03,-6.1677e-03,-5.1821e-03,-4.1401e-03,-3.0740e-03,-2.0108e-03,-9.7007e-04,3.5297e-05,1.0011e-03,1.9266e-03,2.8120e-03,3.6551e-03,4.4484e-03,5.1793e-03,5.8273e-03,6.3692e-03,6.7781e-03,7.0290e-03,7.0980e-03,6.9684e-03,6.6311e-03,6.0849e-03,5.3400e-03,4.4154e-03,3.3396e-03,2.1467e-03,8.7710e-04,-4.2990e-04,-1.7352e-03,-3.0047e-03,-4.2106e-03,-5.3337e-03,-6.3617e-03,-7.2896e-03,-8.1137e-03,-8.8337e-03,-9.4428e-03,-9.9310e-03,-1.0280e-02,-1.0465e-02,-1.0455e-02,-1.0220e-02,-9.7312e-03,-8.9713e-03,-7.9348e-03,-6.6324e-03,-5.0922e-03,-3.3595e-03,-1.4922e-03,4.4220e-04,2.3742e-03,4.2365e-03,5.9669e-03,7.5157e-03,8.8448e-03,9.9298e-03,1.0757e-02,1.1322e-02,1.1628e-02,1.1680e-02,1.1484e-02,1.1042e-02,1.0357e-02,9.4299e-03,8.2598e-03,6.8501e-03,5.2126e-03,3.3719e-03,1.3714e-03,-7.2296e-04,-2.8210e-03,-4.8083e-03,-6.5545e-03,-7.9298e-03,-8.8273e-03,-9.2027e-03,-9.1181e-03,-8.7807e-03,-8.5326e-03,-8.7438e-03,-9.5692e-03,-1.0670e-02,-1.1128e-02,-9.7512e-03,-5.6160e-03,1.5324e-03
