-1.8569e-03,-2.0039e-03,-2.0910e-03,-2.1323e-03,-2.1407e-03,-2.1275e-03,-2.1027e-03,-2.0748e-03,-2.0506e-03,-2.0354e-03,-2.0330e-03,-2.0459e-03,-2.0746e-03,-2.1193e-03,-2.1786e-03,-2.2506e-03,-2.3325e-03,-2.4214e-03,-2.5141e-03,-2.6073e-03,-2.6979e-03,-2.7832e-03,-2.8609e-03,-2.9290e-03,-2.9863e-03,-3.0321e-03,-3.0662e-03,-3.0885e-03,-3.1003e-03,-3.1019e-03,-3.0952e-03,-3.0814e-03,-3.0620e-03,-3.0386e-03,-3.0127e-03,-2.9857e-03,-2.9589e-03,-2.9331e-03,-2.9093e-03,-2.8882e-03,-2.8699e-03,-2.8547e-03,-2.8425e-03,-2.8335e-03,-2.8269e-03,-2.8226e-03,-2.8200e-03,-2.8186e-03,-2.8178e-03,-2.8172e-03,-2.8159e-03,-2.8137e-03,-2.8102e-03,-2.8049e-03,-2.7977e-03,-2.7884e-03,-2.7768e-03,-2.7630e-03,-2.7469e-03,-2.7288e-03,-2.7090e-03,-2.6877e-03,-2.6654e-03,-2.6422e-03,-2.6188e-03,-2.5955e-03,-2.5730e-03,-2.5516e-03,-2.5316e-03,-2.5134e-03,-2.4979e-03,-2.4848e-03,-2.4744e-03,-2.4671e-03,-2.4628e-03,-2.4615e-03,-2.4632e-03,-2.4676e-03,-2.4741e-03,-2.4825e-03,-2.4920e-03,-2.5020e-03,-2.5114e-03,-2.5192e-03,-2.5244e-03,-2.5253e-03,-2.5209e-03,-2.5095e-03,-2.4890e-03,-2.4578e-03,-2.4140e-03,-2.3552e-03,-2.2794e-03,-2.1841e-03,-2.0671e-03,-1.9255e-03,-1.7570e-03,-1.5587e-03,-1.3278e-03,-1.0618e-03
-1.5510e-03,-1.7176e-03,-1.8129e-03,-1.8520e-03,-1.8491e-03,-1.8167e-03,-1.7663e-03,-1.7075e-03,-1.6487e-03,-1.5965e-03,-1.5556e-03,-1.5297e-03,-1.5206e-03,-1.5290e-03,-1.5544e-03,-1.5953e-03,-1.6492e-03,-1.7135e-03,-1.7850e-03,-1.8602e-03,-1.9359e-03,-2.0091e-03,-2.0768e-03,-2.1367e-03,-2.1874e-03,-2.2273e-03,-2.2560e-03,-2.2733e-03,-2.2795e-03,-2.2754e-03,-2.2622e-03,-2.2412e-03,-2.2138e-03,-2.1819e-03,-2.1467e-03,-2.1101e-03,-2.0732e-03,-2.0373e-03,-2.0034e-03,-1.9724e-03,-1.9445e-03,-1.9204e-03,-1.8999e-03,-1.8834e-03,-1.8703e-03,-1.8604e-03,-1.8532e-03,-1.8481e-03,-1.8448e-03,-1.8425e-03,-1.8407e-03,-1.8388e-03,-1.8364e-03,-1.8331e-03,-1.8285e-03,-1.8223e-03,-1.8144e-03,-1.8047e-03,-1.7931e-03,-1.7800e-03,-1.7653e-03,-1.7494e-03,-1.7325e-03,-1.7150e-03,-1.6973e-03,-1.6798e-03,-1.6632e-03,-1.6476e-03,-1.6335e-03,-1.6216e-03,-1.6118e-03,-1.6049e-03,-1.6008e-03,-1.5998e-03,-1.6022e-03,-1.6075e-03,-1.6161e-03,-1.6276e-03,-1.6415e-03,-1.6576e-03,-1.6752e-03,-1.6934e-03,-1.7114e-03,-1.7285e-03,-1.7430e-03,-1.7542e-03,-1.7599e-03,-1.7591e-03,-1.7498e-03,-1.7301e-03,-1.6981e-03,-1.6515e-03,-1.5883e-03,-1.5058e-03,-1.4018e-03,-1.2735e-03,-1.1184e-03,-9.3360e-04,-7.1643e-04,-4.6377e-04
-1.2548e-03,-1.4543e-03,-1.5699e-03,-1.6176e-03,-1.6130e-03,-1.5701e-03,-1.5015e-03,-1.4182e-03,-1.3301e-03,-1.2448e-03,-1.1689e-03,-1.1067e-03,-1.0614e-03,-1.0346e-03,-1.0267e-03,-1.0368e-03,-1.0630e-03,-1.1029e-03,-1.1534e-03,-1.2112e-03,-1.2728e-03,-1.3347e-03,-1.3941e-03,-1.4480e-03,-1.4942e-03,-1.5311e-03,-1.5575e-03,-1.5728e-03,-1.5771e-03,-1.5708e-03,-1.5549e-03,-1.5303e-03,-1.4987e-03,-1.4615e-03,-1.4204e-03,-1.3769e-03,-1.3328e-03,-1.2890e-03,-1.2470e-03,-1.2077e-03,-1.1719e-03,-1.1400e-03,-1.1123e-03,-1.0889e-03,-1.0699e-03,-1.0546e-03,-1.0430e-03,-1.0346e-03,-1.0286e-03,-1.0247e-03,-1.0221e-03,-1.0203e-03,-1.0188e-03,-1.0170e-03,-1.0147e-03,-1.0113e-03,-1.0068e-03,-1.0010e-03,-9.9378e-04,-9.8514e-04,-9.7518e-04,-9.6422e-04,-9.5253e-04,-9.4031e-04,-9.2795e-04,-9.1597e-04,-9.0462e-04,-8.9433e-04,-8.8570e-04,-8.7909e-04,-8.7474e-04,-8.7312e-04,-8.7459e-04,-8.7907e-04,-8.8689e-04,-8.9800e-04,-9.1227e-04,-9.2975e-04,-9.4975e-04,-9.7213e-04,-9.9634e-04,-1.0213e-03,-1.0465e-03,-1.0707e-03,-1.0931e-03,-1.1119e-03,-1.1261e-03,-1.1337e-03,-1.1333e-03,-1.1228e-03,-1.1000e-03,-1.0632e-03,-1.0097e-03,-9.3724e-04,-8.4330e-04,-7.2521e-04,-5.8047e-04,-4.0583e-04,-1.9885e-04,4.3556e-05
-9.6864e-04,-1.2146e-03,-1.3631e-03,-1.4312e-03,-1.4356e-03,-1.3914e-03,-1.3126e-03,-1.2118e-03,-1.1000e-03,-9.8639e-04,-8.7867e-04,-7.8279e-04,-7.0292e-04,-6.4196e-04,-6.0096e-04,-5.8015e-04,-5.7813e-04,-5.9294e-04,-6.2180e-04,-6.6167e-04,-7.0877e-04,-7.5968e-04,-8.1100e-04,-8.5960e-04,-9.0278e-04,-9.3830e-04,-9.6456e-04,-9.8058e-04,-9.8573e-04,-9.8022e-04,-9.6466e-04,-9.3967e-04,-9.0693e-04,-8.6764e-04,-8.2349e-04,-7.7601e-04,-7.2696e-04,-6.7776e-04,-6.2961e-04,-5.8392e-04,-5.4142e-04,-5.0307e-04,-4.6895e-04,-4.3952e-04,-4.1487e-04,-3.9466e-04,-3.7886e-04,-3.6679e-04,-3.5825e-04,-3.5245e-04,-3.4878e-04,-3.4679e-04,-3.4576e-04,-3.4538e-04,-3.4489e-04,-3.4409e-04,-3.4272e-04,-3.4044e-04,-3.3709e-04,-3.3266e-04,-3.2728e-04,-3.2091e-04,-3.1397e-04,-3.0663e-04,-2.9932e-04,-2.9224e-04,-2.8588e-04,-2.8070e-04,-2.7703e-04,-2.7531e-04,-2.7585e-04,-2.7908e-04,-2.8517e-04,-2.9457e-04,-3.0714e-04,-3.2312e-04,-3.4230e-04,-3.6466e-04,-3.8978e-04,-4.1734e-04,-4.4670e-04,-4.7726e-04,-5.0801e-04,-5.3825e-04,-5.6645e-04,-5.9154e-04,-6.1201e-04,-6.2639e-04,-6.3263e-04,-6.2905e-04,-6.1344e-04,-5.8387e-04,-5.3775e-04,-4.7275e-04,-3.8632e-04,-2.7568e-04,-1.3807e-04,2.9273e-05,2.2922e-04,4.6489e-04
-6.9320e-04,-1.0002e-03,-1.1950e-03,-1.2957e-03,-1.3202e-03,-1.2845e-03,-1.2043e-03,-1.0935e-03,-9.6410e-04,-8.2709e-04,-6.9142e-04,-5.6443e-04,-4.5176e-04,-3.5721e-04,-2.8326e-04,-2.3083e-04,-1.9940e-04,-1.8784e-04,-1.9352e-04,-2.1387e-04,-2.4506e-04,-2.8385e-04,-3.2639e-04,-3.6931e-04,-4.0951e-04,-4.4417e-04,-4.7132e-04,-4.8944e-04,-4.9730e-04,-4.9486e-04,-4.8202e-04,-4.5954e-04,-4.2818e-04,-3.8945e-04,-3.4485e-04,-2.9606e-04,-2.4452e-04,-1.9187e-04,-1.3975e-04,-8.9236e-05,-4.1656e-05,2.3097e-06,4.1790e-05,7.6555e-05,1.0636e-04,1.3120e-04,1.5114e-04,1.6660e-04,1.7807e-04,1.8590e-04,1.9073e-04,1.9340e-04,1.9417e-04,1.9371e-04,1.9268e-04,1.9124e-04,1.8995e-04,1.8906e-04,1.8901e-04,1.8942e-04,1.9069e-04,1.9247e-04,1.9499e-04,1.9765e-04,2.0023e-04,2.0265e-04,2.0426e-04,2.0474e-04,2.0396e-04,2.0114e-04,1.9608e-04,1.8837e-04,1.7788e-04,1.6435e-04,1.4738e-04,1.2741e-04,1.0384e-04,7.7285e-05,4.8064e-05,1.6294e-05,-1.7367e-05,-5.2355e-05,-8.7462e-05,-1.2208e-04,-1.5510e-04,-1.8489e-04,-2.1023e-04,-2.2942e-04,-2.4077e-04,-2.4217e-04,-2.3175e-04,-2.0716e-04,-1.6612e-04,-1.0625e-04,-2.4766e-05,8.1047e-05,2.1410e-04,3.7708e-04,5.7288e-04,8.0473e-04
-4.3008e-04,-8.1304e-04,-1.0680e-03,-1.2144e-03,-1.2706e-03,-1.2542e-03,-1.1818e-03,-1.0685e-03,-9.2829e-04,-7.7321e-04,-6.1361e-04,-4.5849e-04,-3.1451e-04,-1.8718e-04,-7.9907e-05,5.1260e-06,6.7413e-05,1.0773e-04,1.2738e-04,1.2922e-04,1.1628e-04,9.2082e-05,6.0476e-05,2.4825e-05,-1.1139e-05,-4.4398e-05,-7.2248e-05,-9.2678e-05,-1.0424e-04,-1.0592e-04,-9.7409e-05,-7.9095e-05,-5.1446e-05,-1.5654e-05,2.7098e-05,7.5139e-05,1.2697e-04,1.8097e-04,2.3538e-04,2.8899e-04,3.4028e-04,3.8854e-04,4.3257e-04,4.7190e-04,5.0633e-04,5.3538e-04,5.5926e-04,5.7815e-04,5.9257e-04,6.0266e-04,6.0930e-04,6.1267e-04,6.1365e-04,6.1262e-04,6.1040e-04,6.0714e-04,6.0371e-04,5.9991e-04,5.9661e-04,5.9343e-04,5.9070e-04,5.8848e-04,5.8647e-04,5.8477e-04,5.8291e-04,5.8069e-04,5.7792e-04,5.7397e-04,5.6860e-04,5.6145e-04,5.5214e-04,5.4045e-04,5.2587e-04,5.0826e-04,4.8763e-04,4.6365e-04,4.3658e-04,4.0639e-04,3.7341e-04,3.3819e-04,3.0076e-04,2.6256e-04,2.2390e-04,1.8580e-04,1.4950e-04,1.1615e-04,8.7239e-05,6.4678e-05,5.0008e-05,4.5054e-05,5.2355e-05,7.3612e-05,1.1171e-04,1.6873e-04,2.4758e-04,3.5102e-04,4.8181e-04,6.4302e-04,8.3765e-04,1.0689e-03
-1.8151e-04,-6.5562e-04,-9.8524e-04,-1.1905e-03,-1.2905e-03,-1.3043e-03,-1.2495e-03,-1.1425e-03,-9.9839e-04,-8.3091e-04,-6.5187e-04,-4.7158e-04,-2.9828e-04,-1.3876e-04,2.1383e-06,1.2113e-04,2.1645e-04,2.8794e-04,3.3640e-04,3.6370e-04,3.7272e-04,3.6662e-04,3.4904e-04,3.2384e-04,2.9461e-04,2.6503e-04,2.3793e-04,2.1600e-04,2.0128e-04,1.9518e-04,1.9865e-04,2.1183e-04,2.3447e-04,2.6585e-04,3.0501e-04,3.5042e-04,4.0065e-04,4.5417e-04,5.0909e-04,5.6419e-04,6.1796e-04,6.6920e-04,7.1673e-04,7.5991e-04,7.9820e-04,8.3128e-04,8.5893e-04,8.8132e-04,8.9841e-04,9.1095e-04,9.1925e-04,9.2398e-04,9.2525e-04,9.2410e-04,9.2098e-04,9.1646e-04,9.1093e-04,9.0469e-04,8.9821e-04,8.9175e-04,8.8536e-04,8.7904e-04,8.7302e-04,8.6698e-04,8.6066e-04,8.5406e-04,8.4677e-04,8.3825e-04,8.2854e-04,8.1714e-04,8.0366e-04,7.8788e-04,7.6936e-04,7.4802e-04,7.2369e-04,6.9629e-04,6.6579e-04,6.3227e-04,5.9617e-04,5.5786e-04,5.1781e-04,4.7657e-04,4.3525e-04,3.9438e-04,3.5549e-04,3.1966e-04,2.8867e-04,2.6383e-04,2.4702e-04,2.4041e-04,2.4588e-04,2.6572e-04,3.0249e-04,3.5863e-04,4.3694e-04,5.4029e-04,6.7130e-04,8.3341e-04,1.0292e-03,1.2624e-03
5.0239e-05,-5.3058e-04,-9.4948e-04,-1.2272e-03,-1.3839e-03,-1.4392e-03,-1.4121e-03,-1.3202e-03,-1.1798e-03,-1.0060e-03,-8.1219e-04,-6.1003e-04,-4.0947e-04,-2.1861e-04,-4.3668e-05,1.1066e-04,2.4148e-04,3.4744e-04,4.2833e-04,4.8547e-04,5.2091e-04,5.3745e-04,5.3864e-04,5.2809e-04,5.0952e-04,4.8687e-04,4.6349e-04,4.4245e-04,4.2636e-04,4.1699e-04,4.1600e-04,4.2393e-04,4.4116e-04,4.6729e-04,5.0164e-04,5.4299e-04,5.9015e-04,6.4164e-04,6.9574e-04,7.5078e-04,8.0559e-04,8.5858e-04,9.0868e-04,9.5481e-04,9.9628e-04,1.0328e-03,1.0636e-03,1.0893e-03,1.1092e-03,1.1242e-03,1.1344e-03,1.1402e-03,1.1423e-03,1.1413e-03,1.1376e-03,1.1318e-03,1.1244e-03,1.1160e-03,1.1066e-03,1.0970e-03,1.0870e-03,1.0768e-03,1.0666e-03,1.0562e-03,1.0455e-03,1.0343e-03,1.0225e-03,1.0096e-03,9.9555e-04,9.7974e-04,9.6206e-04,9.4203e-04,9.1956e-04,8.9433e-04,8.6646e-04,8.3555e-04,8.0185e-04,7.6524e-04,7.2624e-04,6.8523e-04,6.4252e-04,5.9905e-04,5.5529e-04,5.1255e-04,4.7190e-04,4.3458e-04,4.0201e-04,3.7606e-04,3.5839e-04,3.5107e-04,3.5622e-04,3.7621e-04,4.1339e-04,4.7046e-04,5.5020e-04,6.5535e-04,7.8887e-04,9.5404e-04,1.1538e-03,1.3916e-03
2.6236e-04,-4.4050e-04,-9.6340e-04,-1.3275e-03,-1.5537e-03,-1.6623e-03,-1.6735e-03,-1.6058e-03,-1.4769e-03,-1.3034e-03,-1.0999e-03,-8.7974e-04,-6.5411e-04,-4.3271e-04,-2.2345e-04,-3.2291e-05,1.3655e-04,2.8051e-04,3.9822e-04,4.9003e-04,5.5718e-04,6.0194e-04,6.2741e-04,6.3702e-04,6.3454e-04,6.2379e-04,6.0844e-04,5.9208e-04,5.7753e-04,5.6735e-04,5.6361e-04,5.6755e-04,5.7988e-04,6.0075e-04,6.2992e-04,6.6667e-04,7.0971e-04,7.5799e-04,8.0969e-04,8.6367e-04,9.1815e-04,9.7174e-04,1.0232e-03,1.0713e-03,1.1153e-03,1.1544e-03,1.1881e-03,1.2164e-03,1.2390e-03,1.2561e-03,1.2681e-03,1.2754e-03,1.2781e-03,1.2771e-03,1.2730e-03,1.2662e-03,1.2571e-03,1.2464e-03,1.2344e-03,1.2215e-03,1.2079e-03,1.1939e-03,1.1795e-03,1.1646e-03,1.1494e-03,1.1335e-03,1.1170e-03,1.0994e-03,1.0806e-03,1.0602e-03,1.0380e-03,1.0137e-03,9.8706e-04,9.5799e-04,9.2626e-04,8.9180e-04,8.5467e-04,8.1508e-04,7.7323e-04,7.2957e-04,6.8450e-04,6.3886e-04,5.9325e-04,5.4901e-04,5.0708e-04,4.6869e-04,4.3549e-04,4.0927e-04,3.9184e-04,3.8499e-04,3.9104e-04,4.1240e-04,4.5151e-04,5.1110e-04,5.9376e-04,7.0273e-04,8.4087e-04,1.0114e-03,1.2173e-03,1.4623e-03
4.5238e-04,-3.8799e-04,-1.0296e-03,-1.4940e-03,-1.8025e-03,-1.9766e-03,-2.0366e-03,-2.0026e-03,-1.8936e-03,-1.7271e-03,-1.5195e-03,-1.2851e-03,-1.0371e-03,-7.8658e-04,-5.4270e-04,-3.1315e-04,-1.0366e-04,8.1912e-05,2.4111e-04,3.7283e-04,4.7771e-04,5.5724e-04,6.1355e-04,6.4993e-04,6.6984e-04,6.7715e-04,6.7571e-04,6.6902e-04,6.6061e-04,6.5351e-04,6.5011e-04,6.5240e-04,6.6148e-04,6.7819e-04,7.0273e-04,7.3464e-04,7.7329e-04,8.1757e-04,8.6623e-04,9.1781e-04,9.7091e-04,1.0239e-03,1.0756e-03,1.1246e-03,1.1701e-03,1.2110e-03,1.2469e-03,1.2773e-03,1.3020e-03,1.3211e-03,1.3345e-03,1.3428e-03,1.3462e-03,1.3452e-03,1.3407e-03,1.3326e-03,1.3218e-03,1.3088e-03,1.2938e-03,1.2778e-03,1.2605e-03,1.2423e-03,1.2235e-03,1.2040e-03,1.1839e-03,1.1631e-03,1.1415e-03,1.1188e-03,1.0949e-03,1.0695e-03,1.0426e-03,1.0136e-03,9.8235e-04,9.4894e-04,9.1311e-04,8.7482e-04,8.3431e-04,7.9130e-04,7.4644e-04,7.0016e-04,6.5264e-04,6.0509e-04,5.5794e-04,5.1234e-04,4.6936e-04,4.3070e-04,3.9746e-04,3.7161e-04,3.5490e-04,3.4942e-04,3.5758e-04,3.8154e-04,4.2398e-04,4.8746e-04,5.7504e-04,6.8948e-04,8.3417e-04,1.0119e-03,1.2265e-03,1.4809e-03
6.1785e-04,-3.7501e-04,-1.1499e-03,-1.7284e-03,-2.1322e-03,-2.3833e-03,-2.5033e-03,-2.5129e-03,-2.4321e-03,-2.2799e-03,-2.0737e-03,-1.8296e-03,-1.5621e-03,-1.2838e-03,-1.0055e-03,-7.3648e-04,-4.8386e-04,-2.5292e-04,-4.7676e-05,1.2976e-04,2.7878e-04,3.9978e-04,4.9442e-04,5.6515e-04,6.1504e-04,6.4776e-04,6.6707e-04,6.7668e-04,6.8045e-04,6.8166e-04,6.8306e-04,6.8735e-04,6.9620e-04,7.1091e-04,7.3221e-04,7.6037e-04,7.9483e-04,8.3514e-04,8.8008e-04,9.2861e-04,9.7936e-04,1.0308e-03,1.0816e-03,1.1304e-03,1.1762e-03,1.2180e-03,1.2551e-03,1.2868e-03,1.3129e-03,1.3332e-03,1.3476e-03,1.3565e-03,1.3601e-03,1.3589e-03,1.3534e-03,1.3439e-03,1.3311e-03,1.3156e-03,1.2977e-03,1.2778e-03,1.2564e-03,1.2339e-03,1.2102e-03,1.1857e-03,1.1602e-03,1.1340e-03,1.1067e-03,1.0785e-03,1.0491e-03,1.0182e-03,9.8577e-04,9.5165e-04,9.1540e-04,8.7736e-04,8.3692e-04,7.9434e-04,7.4986e-04,7.0333e-04,6.5532e-04,6.0593e-04,5.5611e-04,5.0642e-04,4.5767e-04,4.1087e-04,3.6729e-04,3.2830e-04,2.9551e-04,2.7053e-04,2.5551e-04,2.5228e-04,2.6321e-04,2.9094e-04,3.3773e-04,4.0663e-04,5.0050e-04,6.2212e-04,7.7499e-04,9.6229e-04,1.1873e-03,1.4535e-03
7.5645e-04,-4.0346e-04,-1.3255e-03,-2.0314e-03,-2.5433e-03,-2.8835e-03,-3.0743e-03,-3.1372e-03,-3.0933e-03,-2.9628e-03,-2.7641e-03,-2.5150e-03,-2.2312e-03,-1.9270e-03,-1.6148e-03,-1.3053e-03,-1.0072e-03,-7.2753e-04,-4.7142e-04,-2.4252e-04,-4.2915e-05,1.2700e-04,2.6779e-04,3.8100e-04,4.6936e-04,5.3588e-04,5.8404e-04,6.1781e-04,6.4086e-04,6.5688e-04,6.6898e-04,6.8029e-04,6.9315e-04,7.0931e-04,7.3002e-04,7.5602e-04,7.8767e-04,8.2446e-04,8.6603e-04,9.1119e-04,9.5882e-04,1.0078e-03,1.0566e-03,1.1043e-03,1.1493e-03,1.1908e-03,1.2280e-03,1.2599e-03,1.2863e-03,1.3069e-03,1.3216e-03,1.3304e-03,1.3336e-03,1.3315e-03,1.3244e-03,1.3130e-03,1.2978e-03,1.2791e-03,1.2575e-03,1.2335e-03,1.2076e-03,1.1799e-03,1.1508e-03,1.1206e-03,1.0893e-03,1.0569e-03,1.0235e-03,9.8900e-04,9.5332e-04,9.1626e-04,8.7782e-04,8.3768e-04,7.9594e-04,7.5219e-04,7.0675e-04,6.5937e-04,6.1037e-04,5.5972e-04,5.0803e-04,4.5554e-04,4.0291e-04,3.5091e-04,3.0044e-04,2.5254e-04,2.0822e-04,1.6933e-04,1.3724e-04,1.1364e-04,1.0072e-04,1.0045e-04,1.1506e-04,1.4742e-04,1.9991e-04,2.7534e-04,3.7671e-04,5.0717e-04,6.7018e-04,8.6863e-04,1.1062e-03,1.3865e-03
8.6621e-04,-4.7422e-04,-1.5569e-03,-2.4031e-03,-3.0354e-03,-3.4763e-03,-3.7486e-03,-3.8747e-03,-3.8764e-03,-3.7749e-03,-3.5901e-03,-3.3410e-03,-3.0446e-03,-2.7167e-03,-2.3714e-03,-2.0209e-03,-1.6756e-03,-1.3438e-03,-1.0325e-03,-7.4669e-04,-4.8982e-04,-2.6358e-04,-6.8597e-05,9.5822e-05,2.3145e-04,3.4098e-04,4.2717e-04,4.9386e-04,5.4467e-04,5.8316e-04,6.1328e-04,6.3802e-04,6.6034e-04,6.8256e-04,7.0638e-04,7.3349e-04,7.6438e-04,7.9923e-04,8.3794e-04,8.7992e-04,9.2442e-04,9.7031e-04,1.0163e-03,1.0616e-03,1.1046e-03,1.1447e-03,1.1806e-03,1.2115e-03,1.2370e-03,1.2568e-03,1.2705e-03,1.2782e-03,1.2799e-03,1.2758e-03,1.2666e-03,1.2523e-03,1.2336e-03,1.2112e-03,1.1852e-03,1.1563e-03,1.1249e-03,1.0915e-03,1.0561e-03,1.0194e-03,9.8126e-04,9.4200e-04,9.0148e-04,8.5986e-04,8.1711e-04,7.7295e-04,7.2769e-04,6.8080e-04,6.3246e-04,5.8261e-04,5.3120e-04,4.7833e-04,4.2416e-04,3.6886e-04,3.1298e-04,2.5684e-04,2.0099e-04,1.4635e-04,9.3870e-05,4.4666e-05,-7.4506e-09,-3.9034e-05,-7.0162e-05,-9.2171e-05,-1.0251e-04,-9.9294e-05,-8.0027e-05,-4.2230e-05,1.6682e-05,9.9950e-05,2.1037e-04,3.5116e-04,5.2565e-04,7.3730e-04,9.8960e-04,1.2860e-03
9.4604e-04,-5.8769e-04,-1.8433e-03,-2.8422e-03,-3.6066e-03,-4.1594e-03,-4.5237e-03,-4.7224e-03,-4.7785e-03,-4.7137e-03,-4.5493e-03,-4.3053e-03,-4.0002e-03,-3.6514e-03,-3.2743e-03,-2.8827e-03,-2.4887e-03,-2.1022e-03,-1.7318e-03,-1.3839e-03,-1.0635e-03,-7.7368e-04,-5.1628e-04,-2.9186e-04,-9.9443e-05,6.2473e-05,1.9645e-04,3.0559e-04,3.9355e-04,4.6374e-04,5.1996e-04,5.6584e-04,6.0439e-04,6.3860e-04,6.7084e-04,7.0278e-04,7.3607e-04,7.7134e-04,8.0886e-04,8.4864e-04,8.9025e-04,9.3290e-04,9.7568e-04,1.0175e-03,1.0575e-03,1.0946e-03,1.1279e-03,1.1564e-03,1.1797e-03,1.1971e-03,1.2083e-03,1.2135e-03,1.2123e-03,1.2052e-03,1.1923e-03,1.1741e-03,1.1509e-03,1.1233e-03,1.0918e-03,1.0570e-03,1.0191e-03,9.7876e-04,9.3624e-04,8.9200e-04,8.4605e-04,7.9869e-04,7.5002e-04,7.0029e-04,6.4938e-04,5.9711e-04,5.4383e-04,4.8940e-04,4.3353e-04,3.7649e-04,3.1832e-04,2.5892e-04,1.9895e-04,1.3821e-04,7.7538e-05,1.7010e-05,-4.2453e-05,-9.9964e-05,-1.5474e-04,-2.0565e-04,-2.5119e-04,-2.8986e-04,-3.2016e-04,-3.3993e-04,-3.4746e-04,-3.4029e-04,-3.1590e-04,-2.7186e-04,-2.0515e-04,-1.1307e-04,7.5698e-06,1.6011e-04,3.4793e-04,5.7455e-04,8.4340e-04,1.1584e-03
9.9502e-04,-7.4344e-04,-2.1834e-03,-3.3463e-03,-4.2538e-03,-4.9290e-03,-5.3953e-03,-5.6762e-03,-5.7949e-03,-5.7745e-03,-5.6370e-03,-5.4035e-03,-5.0942e-03,-4.7275e-03,-4.3202e-03,-3.8881e-03,-3.4445e-03,-3.0011e-03,-2.5681e-03,-2.1535e-03,-1.7636e-03,-1.4034e-03,-1.0758e-03,-7.8279e-04,-5.2439e-04,-3.0018e-04,-1.0829e-04,5.3637e-05,1.8875e-04,3.0027e-04,3.9206e-04,4.6765e-04,5.3044e-04,5.8386e-04,6.3046e-04,6.7283e-04,7.1280e-04,7.5191e-04,7.9072e-04,8.2998e-04,8.6962e-04,9.0933e-04,9.4863e-04,9.8660e-04,1.0225e-03,1.0554e-03,1.0846e-03,1.1091e-03,1.1283e-03,1.1416e-03,1.1488e-03,1.1495e-03,1.1439e-03,1.1321e-03,1.1140e-03,1.0902e-03,1.0611e-03,1.0271e-03,9.8854e-04,9.4624e-04,9.0056e-04,8.5195e-04,8.0083e-04,7.4767e-04,6.9269e-04,6.3597e-04,5.7792e-04,5.1881e-04,4.5845e-04,3.9683e-04,3.3446e-04,2.7100e-04,2.0661e-04,1.4135e-04,7.5318e-05,8.6278e-06,-5.8271e-05,-1.2521e-04,-1.9167e-04,-2.5720e-04,-3.2090e-04,-3.8198e-04,-4.3948e-04,-4.9210e-04,-5.3846e-04,-5.7726e-04,-6.0641e-04,-6.2414e-04,-6.2838e-04,-6.1654e-04,-5.8650e-04,-5.3532e-04,-4.6024e-04,-3.5802e-04,-2.2572e-04,-5.9880e-05,1.4288e-04,3.8631e-04,6.7388e-04,1.0094e-03
1.0132e-03,-9.4002e-04,-2.5749e-03,-3.9117e-03,-4.9724e-03,-5.7799e-03,-6.3576e-03,-6.7294e-03,-6.9191e-03,-6.9503e-03,-6.8463e-03,-6.6291e-03,-6.3199e-03,-5.9387e-03,-5.5036e-03,-5.0319e-03,-4.5386e-03,-4.0368e-03,-3.5384e-03,-3.0530e-03,-2.5887e-03,-2.1517e-03,-1.7467e-03,-1.3767e-03,-1.0433e-03,-7.4708e-04,-4.8728e-04,-2.6220e-04,-6.9372e-05,9.4049e-05,2.3146e-04,3.4638e-04,4.4246e-04,5.2308e-04,5.9166e-04,6.5068e-04,7.0287e-04,7.5004e-04,7.9385e-04,8.3517e-04,8.7459e-04,9.1246e-04,9.4839e-04,9.8214e-04,1.0133e-03,1.0408e-03,1.0644e-03,1.0831e-03,1.0964e-03,1.1037e-03,1.1048e-03,1.0993e-03,1.0872e-03,1.0685e-03,1.0433e-03,1.0120e-03,9.7498e-04,9.3258e-04,8.8542e-04,8.3406e-04,7.7879e-04,7.2031e-04,6.5894e-04,5.9517e-04,5.2948e-04,4.6194e-04,3.9297e-04,3.2280e-04,2.5152e-04,1.7928e-04,1.0623e-04,3.2663e-05,-4.1619e-05,-1.1646e-04,-1.9141e-04,-2.6658e-04,-3.4137e-04,-4.1562e-04,-4.8870e-04,-5.5992e-04,-6.2852e-04,-6.9375e-04,-7.5430e-04,-8.0913e-04,-8.5670e-04,-8.9542e-04,-9.2366e-04,-9.3905e-04,-9.3956e-04,-9.2285e-04,-8.8643e-04,-8.2731e-04,-7.4264e-04,-6.2940e-04,-4.8412e-04,-3.0350e-04,-8.4028e-05,1.7796e-04,4.8628e-04,8.4462e-04
1.0010e-03,-1.1755e-03,-3.0137e-03,-4.5335e-03,-5.7564e-03,-6.7049e-03,-7.4027e-03,-7.8736e-03,-8.1421e-03,-8.2323e-03,-8.1682e-03,-7.9729e-03,-7.6687e-03,-7.2766e-03,-6.8166e-03,-6.3069e-03,-5.7640e-03,-5.2032e-03,-4.6374e-03,-4.0781e-03,-3.5349e-03,-3.0157e-03,-2.5265e-03,-2.0721e-03,-1.6553e-03,-1.2778e-03,-9.4017e-04,-6.4161e-04,-3.8051e-04,-1.5467e-04,3.8870e-05,2.0357e-04,3.4268e-04,4.5974e-04,5.5832e-04,6.4164e-04,7.1248e-04,7.7347e-04,8.2659e-04,8.7352e-04,9.1546e-04,9.5295e-04,9.8667e-04,1.0164e-03,1.0423e-03,1.0638e-03,1.0803e-03,1.0917e-03,1.0972e-03,1.0965e-03,1.0892e-03,1.0751e-03,1.0541e-03,1.0262e-03,9.9155e-04,9.5050e-04,9.0335e-04,8.5046e-04,7.9245e-04,7.2967e-04,6.6280e-04,5.9231e-04,5.1876e-04,4.4257e-04,3.6420e-04,2.8406e-04,2.0237e-04,1.1944e-04,3.5644e-05,-4.9010e-05,-1.3410e-04,-2.1972e-04,-3.0531e-04,-3.9091e-04,-4.7638e-04,-5.6116e-04,-6.4498e-04,-7.2758e-04,-8.0805e-04,-8.8590e-04,-9.6036e-04,-1.0302e-03,-1.0945e-03,-1.1521e-03,-1.2010e-03,-1.2398e-03,-1.2669e-03,-1.2798e-03,-1.2765e-03,-1.2542e-03,-1.2106e-03,-1.1428e-03,-1.0477e-03,-9.2195e-04,-7.6250e-04,-5.6567e-04,-3.2780e-04,-4.5128e-05,2.8604e-04,6.6979e-04
9.5987e-04,-1.4467e-03,-3.4955e-03,-5.2058e-03,-6.5985e-03,-7.6959e-03,-8.5214e-03,-9.0991e-03,-9.4536e-03,-9.6097e-03,-9.5918e-03,-9.4239e-03,-9.1295e-03,-8.7308e-03,-8.2487e-03,-7.7030e-03,-7.1119e-03,-6.4919e-03,-5.8576e-03,-5.2221e-03,-4.5966e-03,-3.9906e-03,-3.4116e-03,-2.8659e-03,-2.3580e-03,-1.8908e-03,-1.4661e-03,-1.0841e-03,-7.4444e-04,-4.4558e-04,-1.8502e-04,3.9771e-05,2.3209e-04,3.9551e-04,5.3342e-04,6.4929e-04,7.4632e-04,8.2766e-04,8.9563e-04,9.5277e-04,1.0005e-03,1.0405e-03,1.0735e-03,1.1003e-03,1.1210e-03,1.1357e-03,1.1444e-03,1.1468e-03,1.1427e-03,1.1317e-03,1.1136e-03,1.0885e-03,1.0561e-03,1.0164e-03,9.6960e-04,9.1612e-04,8.5614e-04,7.9011e-04,7.1860e-04,6.4205e-04,5.6113e-04,4.7622e-04,3.8818e-04,2.9718e-04,2.0405e-04,1.0893e-04,1.2390e-05,-8.5220e-05,-1.8357e-04,-2.8242e-04,-3.8147e-04,-4.8057e-04,-5.7915e-04,-6.7738e-04,-7.7456e-04,-8.7053e-04,-9.6474e-04,-1.0567e-03,-1.1458e-03,-1.2313e-03,-1.3121e-03,-1.3875e-03,-1.4560e-03,-1.5165e-03,-1.5672e-03,-1.6063e-03,-1.6322e-03,-1.6424e-03,-1.6346e-03,-1.6066e-03,-1.5552e-03,-1.4777e-03,-1.3709e-03,-1.2316e-03,-1.0564e-03,-8.4163e-04,-5.8342e-04,-2.7815e-04,7.8112e-05,4.8964e-04
8.9150e-04,-1.7500e-03,-4.0148e-03,-5.9216e-03,-7.4902e-03,-8.7430e-03,-9.7029e-03,-1.0394e-02,-1.0841e-02,-1.1069e-02,-1.1104e-02,-1.0969e-02,-1.0689e-02,-1.0288e-02,-9.7874e-03,-9.2086e-03,-8.5708e-03,-7.8923e-03,-7.1892e-03,-6.4761e-03,-5.7658e-03,-5.0694e-03,-4.3961e-03,-3.7537e-03,-3.1479e-03,-2.5834e-03,-2.0631e-03,-1.5886e-03,-1.1606e-03,-7.7835e-04,-4.4056e-04,-1.4499e-04,1.1118e-04,3.3096e-04,5.1788e-04,6.7547e-04,8.0711e-04,9.1621e-04,1.0056e-03,1.0784e-03,1.1365e-03,1.1824e-03,1.2173e-03,1.2424e-03,1.2587e-03,1.2668e-03,1.2669e-03,1.2591e-03,1.2436e-03,1.2203e-03,1.1892e-03,1.1503e-03,1.1035e-03,1.0492e-03,9.8736e-04,9.1833e-04,8.4244e-04,7.6022e-04,6.7245e-04,5.7928e-04,4.8137e-04,3.7958e-04,2.7411e-04,1.6579e-04,5.5201e-05,-5.7288e-05,-1.7097e-04,-2.8565e-04,-4.0091e-04,-5.1617e-04,-6.3124e-04,-7.4567e-04,-8.5931e-04,-9.7167e-04,-1.0823e-03,-1.1909e-03,-1.2968e-03,-1.3997e-03,-1.4983e-03,-1.5924e-03,-1.6807e-03,-1.7623e-03,-1.8356e-03,-1.8995e-03,-1.9522e-03,-1.9917e-03,-2.0162e-03,-2.0235e-03,-2.0112e-03,-1.9764e-03,-1.9163e-03,-1.8283e-03,-1.7087e-03,-1.5545e-03,-1.3620e-03,-1.1273e-03,-8.4689e-04,-5.1673e-04,-1.3277e-04,3.0900e-04
7.9855e-04,-2.0807e-03,-4.5652e-03,-6.6724e-03,-8.4221e-03,-9.8354e-03,-1.0935e-02,-1.1746e-02,-1.2291e-02,-1.2597e-02,-1.2689e-02,-1.2593e-02,-1.2333e-02,-1.1934e-02,-1.1418e-02,-1.0809e-02,-1.0127e-02,-9.3916e-03,-8.6202e-03,-7.8292e-03,-7.0327e-03,-6.2435e-03,-5.4724e-03,-4.7287e-03,-4.0197e-03,-3.3513e-03,-2.7280e-03,-2.1529e-03,-1.6275e-03,-1.1525e-03,-7.2751e-04,-3.5091e-04,-2.0780e-05,2.6578e-04,5.1183e-04,7.2049e-04,8.9568e-04,1.0407e-03,1.1590e-03,1.2538e-03,1.3280e-03,1.3839e-03,1.4240e-03,1.4502e-03,1.4635e-03,1.4654e-03,1.4566e-03,1.4378e-03,1.4097e-03,1.3720e-03,1.3255e-03,1.2702e-03,1.2063e-03,1.1341e-03,1.0540e-03,9.6612e-04,8.7116e-04,7.6950e-04,6.6198e-04,5.4866e-04,4.3070e-04,3.0851e-04,1.8282e-04,5.4128e-05,-7.6793e-05,-2.0934e-04,-3.4314e-04,-4.7751e-04,-6.1192e-04,-7.4606e-04,-8.7935e-04,-1.0116e-03,-1.1421e-03,-1.2706e-03,-1.3966e-03,-1.5194e-03,-1.6387e-03,-1.7535e-03,-1.8633e-03,-1.9670e-03,-2.0636e-03,-2.1521e-03,-2.2308e-03,-2.2985e-03,-2.3535e-03,-2.3934e-03,-2.4165e-03,-2.4206e-03,-2.4030e-03,-2.3609e-03,-2.2915e-03,-2.1916e-03,-2.0581e-03,-1.8871e-03,-1.6755e-03,-1.4191e-03,-1.1144e-03,-7.5685e-04,-3.4289e-04,1.3223e-04
6.8410e-04,-2.4337e-03,-5.1394e-03,-7.4498e-03,-9.3834e-03,-1.0961e-02,-1.2205e-02,-1.3139e-02,-1.3788e-02,-1.4177e-02,-1.4332e-02,-1.4279e-02,-1.4044e-02,-1.3651e-02,-1.3125e-02,-1.2489e-02,-1.1766e-02,-1.0975e-02,-1.0137e-02,-9.2683e-03,-8.3853e-03,-7.5020e-03,-6.6309e-03,-5.7825e-03,-4.9660e-03,-4.1886e-03,-3.4564e-03,-2.7735e-03,-2.1432e-03,-1.5670e-03,-1.0455e-03,-5.7840e-04,-1.6423e-04,1.9906e-04,5.1394e-04,7.8360e-04,1.0115e-03,1.2012e-03,1.3565e-03,1.4803e-03,1.5766e-03,1.6481e-03,1.6978e-03,1.7279e-03,1.7407e-03,1.7377e-03,1.7207e-03,1.6907e-03,1.6485e-03,1.5950e-03,1.5309e-03,1.4567e-03,1.3727e-03,1.2796e-03,1.1775e-03,1.0676e-03,9.5002e-04,8.2526e-04,6.9416e-04,5.5744e-04,4.1565e-04,2.6958e-04,1.2001e-04,-3.2388e-05,-1.8679e-04,-3.4279e-04,-4.9948e-04,-6.5648e-04,-8.1309e-04,-9.6872e-04,-1.1230e-03,-1.2754e-03,-1.4251e-03,-1.5718e-03,-1.7150e-03,-1.8541e-03,-1.9883e-03,-2.1168e-03,-2.2389e-03,-2.3533e-03,-2.4594e-03,-2.5555e-03,-2.6404e-03,-2.7122e-03,-2.7695e-03,-2.8099e-03,-2.8316e-03,-2.8320e-03,-2.8085e-03,-2.7583e-03,-2.6784e-03,-2.5655e-03,-2.4163e-03,-2.2273e-03,-1.9947e-03,-1.7144e-03,-1.3828e-03,-9.9549e-04,-5.4834e-04,-3.7156e-05
5.5177e-04,-2.8035e-03,-5.7302e-03,-8.2440e-03,-1.0363e-02,-1.2107e-02,-1.3498e-02,-1.4559e-02,-1.5316e-02,-1.5792e-02,-1.6015e-02,-1.6010e-02,-1.5804e-02,-1.5422e-02,-1.4889e-02,-1.4231e-02,-1.3469e-02,-1.2627e-02,-1.1724e-02,-1.0779e-02,-9.8100e-03,-8.8324e-03,-7.8600e-03,-6.9052e-03,-5.9784e-03,-5.0881e-03,-4.2422e-03,-3.4460e-03,-2.7042e-03,-2.0193e-03,-1.3936e-03,-8.2720e-04,-3.1998e-04,1.2916e-04,5.2267e-04,8.6274e-04,1.1528e-03,1.3963e-03,1.5965e-03,1.7575e-03,1.8828e-03,1.9759e-03,2.0401e-03,2.0785e-03,2.0936e-03,2.0882e-03,2.0639e-03,2.0229e-03,1.9665e-03,1.8959e-03,1.8124e-03,1.7168e-03,1.6099e-03,1.4926e-03,1.3656e-03,1.2298e-03,1.0856e-03,9.3386e-04,7.7552e-04,6.1116e-04,4.4175e-04,2.6800e-04,9.0830e-05,-8.8997e-05,-2.7081e-04,-4.5367e-04,-6.3687e-04,-8.1976e-04,-1.0017e-03,-1.1819e-03,-1.3598e-03,-1.5350e-03,-1.7065e-03,-1.8740e-03,-2.0366e-03,-2.1937e-03,-2.3447e-03,-2.4885e-03,-2.6243e-03,-2.7509e-03,-2.8672e-03,-2.9719e-03,-3.0633e-03,-3.1398e-03,-3.1997e-03,-3.2406e-03,-3.2605e-03,-3.2567e-03,-3.2267e-03,-3.1673e-03,-3.0757e-03,-2.9484e-03,-2.7820e-03,-2.5727e-03,-2.3170e-03,-2.0107e-03,-1.6496e-03,-1.2295e-03,-7.4625e-04,-1.9544e-04
4.0559e-04,-3.1839e-03,-6.3291e-03,-9.0453e-03,-1.1349e-02,-1.3260e-02,-1.4800e-02,-1.5991e-02,-1.6857e-02,-1.7425e-02,-1.7719e-02,-1.7766e-02,-1.7594e-02,-1.7227e-02,-1.6693e-02,-1.6015e-02,-1.5219e-02,-1.4328e-02,-1.3363e-02,-1.2345e-02,-1.1291e-02,-1.0220e-02,-9.1471e-03,-8.0849e-03,-7.0461e-03,-6.0407e-03,-5.0778e-03,-4.1641e-03,-3.3057e-03,-2.5064e-03,-1.7695e-03,-1.0967e-03,-4.8865e-04,5.5246e-05,5.3591e-04,9.5558e-04,1.3167e-03,1.6227e-03,1.8768e-03,2.0828e-03,2.2446e-03,2.3659e-03,2.4505e-03,2.5020e-03,2.5237e-03,2.5184e-03,2.4890e-03,2.4380e-03,2.3674e-03,2.2793e-03,2.1749e-03,2.0560e-03,1.9238e-03,1.7794e-03,1.6239e-03,1.4586e-03,1.2840e-03,1.1012e-03,9.1135e-04,7.1531e-04,5.1392e-04,3.0816e-04,9.9279e-05,-1.1214e-04,-3.2512e-04,-5.3882e-04,-7.5229e-04,-9.6475e-04,-1.1755e-03,-1.3835e-03,-1.5883e-03,-1.7892e-03,-1.9854e-03,-2.1760e-03,-2.3606e-03,-2.5381e-03,-2.7077e-03,-2.8687e-03,-3.0196e-03,-3.1597e-03,-3.2874e-03,-3.4015e-03,-3.5002e-03,-3.5817e-03,-3.6443e-03,-3.6856e-03,-3.7032e-03,-3.6947e-03,-3.6571e-03,-3.5876e-03,-3.4828e-03,-3.3395e-03,-3.1540e-03,-2.9226e-03,-2.6413e-03,-2.3060e-03,-1.9127e-03,-1.4567e-03,-9.3403e-04,-3.4001e-04
2.4946e-04,-3.5685e-03,-6.9281e-03,-9.8431e-03,-1.2330e-02,-1.4407e-02,-1.6095e-02,-1.7417e-02,-1.8395e-02,-1.9056e-02,-1.9425e-02,-1.9529e-02,-1.9393e-02,-1.9047e-02,-1.8514e-02,-1.7823e-02,-1.6997e-02,-1.6061e-02,-1.5038e-02,-1.3948e-02,-1.2813e-02,-1.1651e-02,-1.0478e-02,-9.3089e-03,-8.1577e-03,-7.0362e-03,-5.9542e-03,-4.9205e-03,-3.9418e-03,-3.0237e-03,-2.1706e-03,-1.3853e-03,-6.6949e-04,-2.3864e-05,5.5197e-04,1.0592e-03,1.5001e-03,1.8770e-03,2.1933e-03,2.4524e-03,2.6584e-03,2.8151e-03,2.9266e-03,2.9967e-03,3.0293e-03,3.0281e-03,2.9964e-03,2.9373e-03,2.8536e-03,2.7476e-03,2.6219e-03,2.4782e-03,2.3185e-03,2.1444e-03,1.9573e-03,1.7586e-03,1.5498e-03,1.3319e-03,1.1062e-03,8.7401e-04,6.3627e-04,3.9423e-04,1.4890e-04,-9.8541e-05,-3.4715e-04,-5.9576e-04,-8.4358e-04,-1.0895e-03,-1.3327e-03,-1.5724e-03,-1.8076e-03,-2.0376e-03,-2.2613e-03,-2.4781e-03,-2.6870e-03,-2.8874e-03,-3.0780e-03,-3.2577e-03,-3.4258e-03,-3.5806e-03,-3.7210e-03,-3.8453e-03,-3.9519e-03,-4.0389e-03,-4.1042e-03,-4.1457e-03,-4.1606e-03,-4.1466e-03,-4.1006e-03,-4.0196e-03,-3.9002e-03,-3.7391e-03,-3.5323e-03,-3.2763e-03,-2.9667e-03,-2.5997e-03,-2.1707e-03,-1.6756e-03,-1.1096e-03,-4.6843e-04
8.7947e-05,-3.9510e-03,-7.5187e-03,-1.0628e-02,-1.3294e-02,-1.5534e-02,-1.7370e-02,-1.8821e-02,-1.9912e-02,-2.0668e-02,-2.1114e-02,-2.1277e-02,-2.1183e-02,-2.0860e-02,-2.0335e-02,-1.9633e-02,-1.8782e-02,-1.7806e-02,-1.6728e-02,-1.5572e-02,-1.4358e-02,-1.3107e-02,-1.1837e-02,-1.0563e-02,-9.3005e-03,-8.0629e-03,-6.8617e-03,-5.7064e-03,-4.6055e-03,-3.5657e-03,-2.5927e-03,-1.6904e-03,-8.6176e-04,-1.0826e-04,5.6932e-04,1.1714e-03,1.6994e-03,2.1551e-03,2.5415e-03,2.8616e-03,3.1193e-03,3.3186e-03,3.4636e-03,3.5585e-03,3.6076e-03,3.6149e-03,3.5844e-03,3.5197e-03,3.4244e-03,3.3016e-03,3.1542e-03,2.9849e-03,2.7961e-03,2.5899e-03,2.3683e-03,2.1333e-03,1.8864e-03,1.6294e-03,1.3637e-03,1.0908e-03,8.1211e-04,5.2893e-04,2.4265e-04,-4.5486e-05,-3.3418e-04,-6.2254e-04,-9.0904e-04,-1.1929e-03,-1.4728e-03,-1.7481e-03,-2.0174e-03,-2.2798e-03,-2.5346e-03,-2.7807e-03,-3.0171e-03,-3.2427e-03,-3.4565e-03,-3.6574e-03,-3.8443e-03,-4.0153e-03,-4.1695e-03,-4.3051e-03,-4.4202e-03,-4.5129e-03,-4.5811e-03,-4.6223e-03,-4.6343e-03,-4.6138e-03,-4.5583e-03,-4.4643e-03,-4.3285e-03,-4.1474e-03,-3.9170e-03,-3.6337e-03,-3.2931e-03,-2.8910e-03,-2.4231e-03,-1.8848e-03,-1.2716e-03,-5.7901e-04
-7.4439e-05,-4.3252e-03,-8.0928e-03,-1.1389e-02,-1.4229e-02,-1.6629e-02,-1.8608e-02,-2.0188e-02,-2.1392e-02,-2.2243e-02,-2.2768e-02,-2.2992e-02,-2.2943e-02,-2.2647e-02,-2.2133e-02,-2.1426e-02,-2.0554e-02,-1.9542e-02,-1.8415e-02,-1.7196e-02,-1.5909e-02,-1.4573e-02,-1.3208e-02,-1.1832e-02,-1.0461e-02,-9.1087e-03,-7.7889e-03,-6.5123e-03,-5.2884e-03,-4.1257e-03,-3.0305e-03,-2.0083e-03,-1.0630e-03,-1.9728e-04,5.8719e-04,1.2898e-03,1.9113e-03,2.4526e-03,2.9162e-03,3.3046e-03,3.6215e-03,3.8706e-03,4.0559e-03,4.1819e-03,4.2530e-03,4.2739e-03,4.2487e-03,4.1819e-03,4.0776e-03,3.9395e-03,3.7712e-03,3.5760e-03,3.3570e-03,3.1171e-03,2.8587e-03,2.5842e-03,2.2960e-03,1.9959e-03,1.6859e-03,1.3679e-03,1.0436e-03,7.1453e-04,3.8237e-04,4.8704e-05,-2.8522e-04,-6.1782e-04,-9.4786e-04,-1.2741e-03,-1.5953e-03,-1.9102e-03,-2.2177e-03,-2.5169e-03,-2.8063e-03,-3.0849e-03,-3.3518e-03,-3.6058e-03,-3.8453e-03,-4.0696e-03,-4.2770e-03,-4.4662e-03,-4.6355e-03,-4.7834e-03,-4.9077e-03,-5.0065e-03,-5.0776e-03,-5.1184e-03,-5.1264e-03,-5.0987e-03,-5.0322e-03,-4.9235e-03,-4.7694e-03,-4.5661e-03,-4.3096e-03,-3.9959e-03,-3.6209e-03,-3.1803e-03,-2.6695e-03,-2.0839e-03,-1.4191e-03,-6.7040e-04
-2.3363e-04,-4.6848e-03,-8.6425e-03,-1.2117e-02,-1.5124e-02,-1.7677e-02,-1.9796e-02,-2.1502e-02,-2.2816e-02,-2.3763e-02,-2.4367e-02,-2.4654e-02,-2.4652e-02,-2.4388e-02,-2.3888e-02,-2.3181e-02,-2.2293e-02,-2.1251e-02,-2.0079e-02,-1.8803e-02,-1.7446e-02,-1.6030e-02,-1.4575e-02,-1.3101e-02,-1.1624e-02,-1.0160e-02,-8.7242e-03,-7.3276e-03,-5.9819e-03,-4.6961e-03,-3.4782e-03,-2.3347e-03,-1.2705e-03,-2.8963e-04,6.0552e-04,1.4131e-03,2.1329e-03,2.7656e-03,3.3125e-03,3.7757e-03,4.1583e-03,4.4637e-03,4.6960e-03,4.8595e-03,4.9587e-03,4.9984e-03,4.9835e-03,4.9186e-03,4.8083e-03,4.6573e-03,4.4695e-03,4.2491e-03,3.9998e-03,3.7249e-03,3.4279e-03,3.1116e-03,2.7788e-03,2.4322e-03,2.0740e-03,1.7065e-03,1.3319e-03,9.5239e-04,5.6944e-04,1.8510e-04,-1.9889e-04,-5.8097e-04,-9.5958e-04,-1.3332e-03,-1.7003e-03,-2.0595e-03,-2.4098e-03,-2.7494e-03,-3.0774e-03,-3.3925e-03,-3.6931e-03,-3.9783e-03,-4.2467e-03,-4.4967e-03,-4.7271e-03,-4.9359e-03,-5.1220e-03,-5.2831e-03,-5.4174e-03,-5.5227e-03,-5.5966e-03,-5.6367e-03,-5.6401e-03,-5.6038e-03,-5.5250e-03,-5.3999e-03,-5.2252e-03,-4.9970e-03,-4.7114e-03,-4.3643e-03,-3.9513e-03,-3.4683e-03,-2.9103e-03,-2.2730e-03,-1.5517e-03,-7.4176e-04
-3.8540e-04,-5.0242e-03,-9.1603e-03,-1.2804e-02,-1.5968e-02,-1.8668e-02,-2.0922e-02,-2.2748e-02,-2.4170e-02,-2.5211e-02,-2.5894e-02,-2.6246e-02,-2.6293e-02,-2.6063e-02,-2.5582e-02,-2.4878e-02,-2.3979e-02,-2.2912e-02,-2.1702e-02,-2.0374e-02,-1.8953e-02,-1.7463e-02,-1.5923e-02,-1.4355e-02,-1.2776e-02,-1.1205e-02,-9.6555e-03,-8.1419e-03,-6.6762e-03,-5.2689e-03,-3.9290e-03,-2.6641e-03,-1.4804e-03,-3.8283e-04,6.2493e-04,1.5405e-03,2.3625e-03,3.0906e-03,3.7257e-03,4.2690e-03,4.7231e-03,5.0909e-03,5.3762e-03,5.5832e-03,5.7164e-03,5.7806e-03,5.7809e-03,5.7224e-03,5.6101e-03,5.4489e-03,5.2439e-03,4.9996e-03,4.7204e-03,4.4106e-03,4.0737e-03,3.7137e-03,3.3340e-03,2.9378e-03,2.5278e-03,2.1068e-03,1.6777e-03,1.2426e-03,8.0398e-04,3.6400e-04,-7.5273e-05,-5.1195e-04,-9.4426e-04,-1.3703e-03,-1.7883e-03,-2.1969e-03,-2.5943e-03,-2.9791e-03,-3.3499e-03,-3.7051e-03,-4.0435e-03,-4.3633e-03,-4.6633e-03,-4.9418e-03,-5.1973e-03,-5.4280e-03,-5.6322e-03,-5.8078e-03,-5.9528e-03,-6.0649e-03,-6.1418e-03,-6.1806e-03,-6.1786e-03,-6.1327e-03,-6.0400e-03,-5.8964e-03,-5.6987e-03,-5.4429e-03,-5.1250e-03,-4.7409e-03,-4.2861e-03,-3.7561e-03,-3.1464e-03,-2.4525e-03,-1.6696e-03,-7.9276e-04
-5.2614e-04,-5.3380e-03,-9.6396e-03,-1.3440e-02,-1.6752e-02,-1.9590e-02,-2.1971e-02,-2.3914e-02,-2.5440e-02,-2.6571e-02,-2.7333e-02,-2.7749e-02,-2.7847e-02,-2.7653e-02,-2.7195e-02,-2.6500e-02,-2.5595e-02,-2.4508e-02,-2.3264e-02,-2.1891e-02,-2.0413e-02,-1.8853e-02,-1.7235e-02,-1.5578e-02,-1.3904e-02,-1.2229e-02,-1.0571e-02,-8.9441e-03,-7.3615e-03,-5.8354e-03,-4.3755e-03,-2.9907e-03,-1.6883e-03,-4.7418e-04,6.4707e-04,1.6719e-03,2.5982e-03,3.4247e-03,4.1514e-03,4.7790e-03,5.3091e-03,5.7445e-03,6.0883e-03,6.3444e-03,6.5170e-03,6.6111e-03,6.6319e-03,6.5844e-03,6.4742e-03,6.3066e-03,6.0872e-03,5.8211e-03,5.5133e-03,5.1687e-03,4.7919e-03,4.3872e-03,3.9586e-03,3.5101e-03,3.0452e-03,2.5673e-03,2.0795e-03,1.5845e-03,1.0856e-03,5.8491e-04,8.5123e-05,-4.1133e-04,-9.0254e-04,-1.3862e-03,-1.8604e-03,-2.3232e-03,-2.7728e-03,-3.2075e-03,-3.6256e-03,-4.0253e-03,-4.4050e-03,-4.7633e-03,-5.0981e-03,-5.4081e-03,-5.6913e-03,-5.9459e-03,-6.1700e-03,-6.3615e-03,-6.5182e-03,-6.6375e-03,-6.7173e-03,-6.7544e-03,-6.7461e-03,-6.6894e-03,-6.5807e-03,-6.4165e-03,-6.1932e-03,-5.9067e-03,-5.5531e-03,-5.1281e-03,-4.6271e-03,-4.0459e-03,-3.3795e-03,-2.6236e-03,-1.7733e-03,-8.2374e-04
-6.5243e-04,-5.6216e-03,-1.0074e-02,-1.4019e-02,-1.7468e-02,-2.0434e-02,-2.2934e-02,-2.4986e-02,-2.6611e-02,-2.7831e-02,-2.8668e-02,-2.9149e-02,-2.9299e-02,-2.9143e-02,-2.8711e-02,-2.8027e-02,-2.7121e-02,-2.6020e-02,-2.4750e-02,-2.3337e-02,-2.1808e-02,-2.0186e-02,-1.8495e-02,-1.6757e-02,-1.4992e-02,-1.3220e-02,-1.1459e-02,-9.7232e-03,-8.0285e-03,-6.3871e-03,-4.8106e-03,-3.3085e-03,-1.8893e-03,-5.5978e-04,6.7415e-04,1.8083e-03,2.8395e-03,3.7659e-03,4.5863e-03,5.3008e-03,5.9104e-03,6.4174e-03,6.8239e-03,7.1338e-03,7.3510e-03,7.4801e-03,7.5262e-03,7.4946e-03,7.3909e-03,7.2210e-03,6.9905e-03,6.7053e-03,6.3708e-03,5.9929e-03,5.5763e-03,5.1266e-03,4.6482e-03,4.1458e-03,3.6234e-03,3.0853e-03,2.5351e-03,1.9764e-03,1.4125e-03,8.4647e-04,2.8124e-04,-2.8033e-04,-8.3555e-04,-1.3823e-03,-1.9179e-03,-2.4401e-03,-2.9471e-03,-3.4365e-03,-3.9066e-03,-4.3553e-03,-4.7807e-03,-5.1811e-03,-5.5544e-03,-5.8989e-03,-6.2126e-03,-6.4935e-03,-6.7394e-03,-6.9481e-03,-7.1173e-03,-7.2446e-03,-7.3272e-03,-7.3624e-03,-7.3470e-03,-7.2778e-03,-7.1513e-03,-6.9642e-03,-6.7124e-03,-6.3921e-03,-5.9990e-03,-5.5289e-03,-4.9774e-03,-4.3397e-03,-3.6114e-03,-2.7877e-03,-1.8638e-03,-8.3520e-04
-7.6144e-04,-5.8711e-03,-1.0460e-02,-1.4535e-02,-1.8108e-02,-2.1191e-02,-2.3801e-02,-2.5955e-02,-2.7673e-02,-2.8977e-02,-2.9888e-02,-3.0432e-02,-3.0633e-02,-3.0518e-02,-3.0113e-02,-2.9446e-02,-2.8543e-02,-2.7433e-02,-2.6142e-02,-2.4697e-02,-2.3123e-02,-2.1446e-02,-1.9690e-02,-1.7877e-02,-1.6029e-02,-1.4166e-02,-1.2308e-02,-1.0469e-02,-8.6675e-03,-6.9159e-03,-5.2269e-03,-3.6112e-03,-2.0784e-03,-6.3633e-04,7.0857e-04,1.9508e-03,3.0864e-03,4.1126e-03,5.0274e-03,5.8304e-03,6.5217e-03,7.1027e-03,7.5754e-03,7.9429e-03,8.2087e-03,8.3771e-03,8.4532e-03,8.4419e-03,8.3492e-03,8.1810e-03,7.9433e-03,7.6422e-03,7.2839e-03,6.8743e-03,6.4195e-03,5.9250e-03,5.3964e-03,4.8387e-03,4.2574e-03,3.6567e-03,3.0412e-03,2.4151e-03,1.7822e-03,1.1464e-03,5.1105e-04,-1.2051e-04,-7.4514e-04,-1.3601e-03,-1.9625e-03,-2.5497e-03,-3.1190e-03,-3.6684e-03,-4.1954e-03,-4.6977e-03,-5.1731e-03,-5.6198e-03,-6.0353e-03,-6.4178e-03,-6.7650e-03,-7.0745e-03,-7.3444e-03,-7.5720e-03,-7.7550e-03,-7.8908e-03,-7.9763e-03,-8.0089e-03,-7.9854e-03,-7.9023e-03,-7.7564e-03,-7.5437e-03,-7.2605e-03,-6.9028e-03,-6.4664e-03,-5.9468e-03,-5.3396e-03,-4.6404e-03,-3.8442e-03,-2.9466e-03,-1.9429e-03,-8.2815e-04
-8.5100e-04,-6.0833e-03,-1.0791e-02,-1.4982e-02,-1.8665e-02,-2.1855e-02,-2.4564e-02,-2.6812e-02,-2.8616e-02,-2.9998e-02,-3.0979e-02,-3.1584e-02,-3.1837e-02,-3.1762e-02,-3.1388e-02,-3.0740e-02,-2.9846e-02,-2.8733e-02,-2.7427e-02,-2.5956e-02,-2.4345e-02,-2.2620e-02,-2.0806e-02,-1.8926e-02,-1.7003e-02,-1.5056e-02,-1.3107e-02,-1.1173e-02,-9.2703e-03,-7.4140e-03,-5.6177e-03,-3.8932e-03,-2.2508e-03,-6.9962e-04,7.5295e-04,2.1009e-03,3.3390e-03,4.4638e-03,5.4726e-03,6.3641e-03,7.1379e-03,7.7944e-03,8.3354e-03,8.7630e-03,9.0807e-03,9.2921e-03,9.4020e-03,9.4153e-03,9.3378e-03,9.1753e-03,8.9341e-03,8.6207e-03,8.2414e-03,7.8028e-03,7.3113e-03,6.7736e-03,6.1951e-03,5.5824e-03,4.9409e-03,4.2760e-03,3.5929e-03,2.8964e-03,2.1911e-03,1.4817e-03,7.7174e-04,6.5394e-05,-6.3352e-04,-1.3219e-03,-1.9962e-03,-2.6533e-03,-3.2907e-03,-3.9050e-03,-4.4939e-03,-5.0546e-03,-5.5849e-03,-6.0822e-03,-6.5440e-03,-6.9680e-03,-7.3517e-03,-7.6929e-03,-7.9888e-03,-8.2373e-03,-8.4352e-03,-8.5800e-03,-8.6689e-03,-8.6986e-03,-8.6661e-03,-8.5677e-03,-8.4002e-03,-8.1594e-03,-7.8418e-03,-7.4429e-03,-6.9590e-03,-6.3851e-03,-5.7173e-03,-4.9507e-03,-4.0809e-03,-3.1027e-03,-2.0123e-03,-8.0425e-04
-9.1947e-04,-6.2557e-03,-1.1066e-02,-1.5356e-02,-1.9136e-02,-2.2419e-02,-2.5218e-02,-2.7550e-02,-2.9433e-02,-3.0887e-02,-3.1934e-02,-3.2597e-02,-3.2900e-02,-3.2867e-02,-3.2525e-02,-3.1899e-02,-3.1017e-02,-2.9906e-02,-2.8591e-02,-2.7101e-02,-2.5460e-02,-2.3696e-02,-2.1832e-02,-1.9893e-02,-1.7902e-02,-1.5880e-02,-1.3848e-02,-1.1825e-02,-9.8286e-03,-7.8744e-03,-5.9769e-03,-4.1491e-03,-2.4023e-03,-7.4647e-04,8.1005e-04,2.2601e-03,3.5979e-03,4.8191e-03,5.9202e-03,6.8993e-03,7.7550e-03,8.4874e-03,9.0974e-03,9.5869e-03,9.9584e-03,1.0215e-02,1.0362e-02,1.0403e-02,1.0345e-02,1.0192e-02,9.9509e-03,9.6287e-03,9.2318e-03,8.7671e-03,8.2417e-03,7.6622e-03,7.0355e-03,6.3680e-03,5.6663e-03,4.9363e-03,4.1840e-03,3.4150e-03,2.6346e-03,1.8479e-03,1.0597e-03,2.7452e-04,-5.0335e-04,-1.2699e-03,-2.0212e-03,-2.7537e-03,-3.4640e-03,-4.1486e-03,-4.8046e-03,-5.4288e-03,-6.0185e-03,-6.5708e-03,-7.0829e-03,-7.5524e-03,-7.9762e-03,-8.3518e-03,-8.6764e-03,-8.9475e-03,-9.1620e-03,-9.3169e-03,-9.4094e-03,-9.4360e-03,-9.3936e-03,-9.2784e-03,-9.0872e-03,-8.8157e-03,-8.4603e-03,-8.0168e-03,-7.4806e-03,-6.8479e-03,-6.1139e-03,-5.2741e-03,-4.3238e-03,-3.2586e-03,-2.0739e-03,-7.6514e-04
-9.6584e-04,-6.3869e-03,-1.1281e-02,-1.5655e-02,-1.9517e-02,-2.2880e-02,-2.5756e-02,-2.8163e-02,-3.0116e-02,-3.1637e-02,-3.2745e-02,-3.3463e-02,-3.3814e-02,-3.3822e-02,-3.3513e-02,-3.2913e-02,-3.2047e-02,-3.0942e-02,-2.9625e-02,-2.8122e-02,-2.6459e-02,-2.4663e-02,-2.2757e-02,-2.0768e-02,-1.8718e-02,-1.6629e-02,-1.4523e-02,-1.2419e-02,-1.0336e-02,-8.2911e-03,-6.2992e-03,-4.3744e-03,-2.5290e-03,-7.7374e-04,8.8184e-04,2.4298e-03,3.8635e-03,5.1779e-03,6.3687e-03,7.4331e-03,8.3694e-03,9.1768e-03,9.8557e-03,1.0407e-02,1.0834e-02,1.1138e-02,1.1324e-02,1.1395e-02,1.1358e-02,1.1218e-02,1.0981e-02,1.0654e-02,1.0243e-02,9.7552e-03,9.1985e-03,8.5799e-03,7.9065e-03,7.1857e-03,6.4243e-03,5.6292e-03,4.8072e-03,3.9643e-03,3.1067e-03,2.2404e-03,1.3707e-03,5.0281e-04,-3.5788e-04,-1.2072e-03,-2.0402e-03,-2.8529e-03,-3.6411e-03,-4.4011e-03,-5.1293e-03,-5.8221e-03,-6.4760e-03,-7.0879e-03,-7.6549e-03,-8.1736e-03,-8.6411e-03,-9.0544e-03,-9.4105e-03,-9.7063e-03,-9.9389e-03,-1.0105e-02,-1.0202e-02,-1.0225e-02,-1.0172e-02,-1.0039e-02,-9.8217e-03,-9.5169e-03,-9.1204e-03,-8.6281e-03,-8.0357e-03,-7.3387e-03,-6.5329e-03,-5.6137e-03,-4.5765e-03,-3.4170e-03,-2.1305e-03,-7.1278e-04
-9.9001e-04,-6.4765e-03,-1.1437e-02,-1.5878e-02,-1.9807e-02,-2.3236e-02,-2.6178e-02,-2.8648e-02,-3.0663e-02,-3.2243e-02,-3.3406e-02,-3.4175e-02,-3.4572e-02,-3.4621e-02,-3.4346e-02,-3.3773e-02,-3.2926e-02,-3.1833e-02,-3.0519e-02,-2.9010e-02,-2.7332e-02,-2.5512e-02,-2.3573e-02,-2.1542e-02,-1.9442e-02,-1.7295e-02,-1.5123e-02,-1.2948e-02,-1.0787e-02,-8.6590e-03,-6.5802e-03,-4.5653e-03,-2.6279e-03,-7.7935e-04,9.6982e-04,2.6107e-03,4.1360e-03,5.5397e-03,6.8166e-03,7.9637e-03,8.9781e-03,9.8588e-03,1.0605e-02,1.1218e-02,1.1699e-02,1.2051e-02,1.2277e-02,1.2381e-02,1.2368e-02,1.2243e-02,1.2013e-02,1.1683e-02,1.1261e-02,1.0754e-02,1.0169e-02,9.5145e-03,8.7970e-03,8.0247e-03,7.2052e-03,6.3459e-03,5.4540e-03,4.5367e-03,3.6009e-03,2.6530e-03,1.6994e-03,7.4609e-04,-2.0113e-04,-1.1369e-03,-2.0560e-03,-2.9533e-03,-3.8244e-03,-4.6646e-03,-5.4699e-03,-6.2361e-03,-6.9591e-03,-7.6355e-03,-8.2616e-03,-8.8337e-03,-9.3486e-03,-9.8030e-03,-1.0193e-02,-1.0517e-02,-1.0769e-02,-1.0948e-02,-1.1049e-02,-1.1069e-02,-1.1005e-02,-1.0852e-02,-1.0607e-02,-1.0267e-02,-9.8261e-03,-9.2810e-03,-8.6276e-03,-7.8613e-03,-6.9779e-03,-5.9729e-03,-4.8419e-03,-3.5805e-03,-2.1845e-03,-6.4944e-04
-9.9222e-04,-6.5244e-03,-1.1533e-02,-1.6023e-02,-2.0004e-02,-2.3486e-02,-2.6481e-02,-2.9004e-02,-3.1072e-02,-3.2703e-02,-3.3916e-02,-3.4731e-02,-3.5172e-02,-3.5259e-02,-3.5019e-02,-3.4474e-02,-3.3650e-02,-3.2572e-02,-3.1266e-02,-2.9758e-02,-2.8073e-02,-2.6236e-02,-2.4274e-02,-2.2210e-02,-2.0068e-02,-1.7873e-02,-1.5645e-02,-1.3406e-02,-1.1177e-02,-8.9743e-03,-6.8167e-03,-4.7195e-03,-2.6970e-03,-7.6175e-04,1.0749e-03,2.8032e-03,4.4151e-03,5.9033e-03,7.2626e-03,8.4885e-03,9.5780e-03,1.0529e-02,1.1341e-02,1.2014e-02,1.2549e-02,1.2949e-02,1.3215e-02,1.3352e-02,1.3364e-02,1.3257e-02,1.3035e-02,1.2706e-02,1.2276e-02,1.1752e-02,1.1142e-02,1.0454e-02,9.6948e-03,8.8735e-03,7.9978e-03,7.0757e-03,6.1151e-03,5.1239e-03,4.1094e-03,3.0791e-03,2.0401e-03,9.9919e-04,-3.7327e-05,-1.0628e-03,-2.0715e-03,-3.0576e-03,-4.0158e-03,-4.9409e-03,-5.8278e-03,-6.6721e-03,-7.4691e-03,-8.2145e-03,-8.9041e-03,-9.5341e-03,-1.0100e-02,-1.0599e-02,-1.1027e-02,-1.1380e-02,-1.1655e-02,-1.1847e-02,-1.1954e-02,-1.1971e-02,-1.1895e-02,-1.1722e-02,-1.1448e-02,-1.1069e-02,-1.0581e-02,-9.9791e-03,-9.2600e-03,-8.4191e-03,-7.4522e-03,-6.3549e-03,-5.1230e-03,-3.7522e-03,-2.2384e-03,-5.7760e-04
-9.7353e-04,-6.5318e-03,-1.1570e-02,-1.6094e-02,-2.0111e-02,-2.3631e-02,-2.6667e-02,-2.9232e-02,-3.1343e-02,-3.3017e-02,-3.4272e-02,-3.5130e-02,-3.5610e-02,-3.5736e-02,-3.5529e-02,-3.5014e-02,-3.4215e-02,-3.3156e-02,-3.1864e-02,-3.0362e-02,-2.8676e-02,-2.6831e-02,-2.4853e-02,-2.2765e-02,-2.0592e-02,-1.8357e-02,-1.6083e-02,-1.3791e-02,-1.1502e-02,-9.2343e-03,-7.0066e-03,-4.8353e-03,-2.7354e-03,-7.2051e-04,1.1970e-03,3.0067e-03,4.6995e-03,6.2675e-03,7.7044e-03,9.0052e-03,1.0166e-02,1.1185e-02,1.2060e-02,1.2790e-02,1.3378e-02,1.3823e-02,1.4129e-02,1.4299e-02,1.4337e-02,1.4248e-02,1.4037e-02,1.3710e-02,1.3274e-02,1.2736e-02,1.2104e-02,1.1385e-02,1.0588e-02,9.7202e-03,8.7911e-03,7.8082e-03,6.7807e-03,5.7165e-03,4.6241e-03,3.5113e-03,2.3863e-03,1.2564e-03,1.2908e-04,-9.8863e-04,-2.0899e-03,-3.1682e-03,-4.2172e-03,-5.2312e-03,-6.2043e-03,-7.1312e-03,-8.0066e-03,-8.8255e-03,-9.5832e-03,-1.0275e-02,-1.0897e-02,-1.1444e-02,-1.1913e-02,-1.2298e-02,-1.2597e-02,-1.2805e-02,-1.2919e-02,-1.2934e-02,-1.2846e-02,-1.2651e-02,-1.2346e-02,-1.1926e-02,-1.1387e-02,-1.0725e-02,-9.9359e-03,-9.0152e-03,-7.9589e-03,-6.7628e-03,-5.4229e-03,-3.9348e-03,-2.2951e-03,-4.9981e-04
-9.3537e-04,-6.5007e-03,-1.1551e-02,-1.6091e-02,-2.0128e-02,-2.3673e-02,-2.6737e-02,-2.9333e-02,-3.1477e-02,-3.3186e-02,-3.4478e-02,-3.5372e-02,-3.5889e-02,-3.6049e-02,-3.5876e-02,-3.5391e-02,-3.4619e-02,-3.3583e-02,-3.2308e-02,-3.0818e-02,-2.9139e-02,-2.7293e-02,-2.5307e-02,-2.3205e-02,-2.1010e-02,-1.8746e-02,-1.6435e-02,-1.4100e-02,-1.1761e-02,-9.4373e-03,-7.1487e-03,-4.9119e-03,-2.7430e-03,-6.5625e-04,1.3352e-03,3.2198e-03,4.9874e-03,6.6297e-03,8.1394e-03,9.5107e-03,1.0739e-02,1.1822e-02,1.2756e-02,1.3542e-02,1.4180e-02,1.4669e-02,1.5014e-02,1.5216e-02,1.5279e-02,1.5209e-02,1.5009e-02,1.4686e-02,1.4246e-02,1.3696e-02,1.3044e-02,1.2298e-02,1.1465e-02,1.0554e-02,9.5734e-03,8.5327e-03,7.4402e-03,6.3052e-03,5.1361e-03,3.9418e-03,2.7310e-03,1.5118e-03,2.9262e-04,-9.1875e-04,-2.1148e-03,-3.2877e-03,-4.4308e-03,-5.5371e-03,-6.6001e-03,-7.6136e-03,-8.5717e-03,-9.4683e-03,-1.0298e-02,-1.1056e-02,-1.1738e-02,-1.2337e-02,-1.2849e-02,-1.3271e-02,-1.3596e-02,-1.3822e-02,-1.3944e-02,-1.3957e-02,-1.3857e-02,-1.3641e-02,-1.3303e-02,-1.2840e-02,-1.2248e-02,-1.1522e-02,-1.0658e-02,-9.6521e-03,-8.5007e-03,-7.1993e-03,-5.7440e-03,-4.1312e-03,-2.3572e-03,-4.1842e-04
-8.7998e-04,-6.4335e-03,-1.1478e-02,-1.6018e-02,-2.0061e-02,-2.3616e-02,-2.6695e-02,-2.9312e-02,-3.1479e-02,-3.3215e-02,-3.4536e-02,-3.5461e-02,-3.6010e-02,-3.6203e-02,-3.6061e-02,-3.5607e-02,-3.4864e-02,-3.3854e-02,-3.2600e-02,-3.1128e-02,-2.9461e-02,-2.7622e-02,-2.5637e-02,-2.3528e-02,-2.1321e-02,-1.9037e-02,-1.6700e-02,-1.4331e-02,-1.1952e-02,-9.5829e-03,-7.2429e-03,-4.9498e-03,-2.7205e-03,-5.7001e-04,1.4876e-03,3.4401e-03,5.2764e-03,6.9872e-03,8.5644e-03,1.0001e-02,1.1293e-02,1.2436e-02,1.3427e-02,1.4265e-02,1.4950e-02,1.5482e-02,1.5863e-02,1.6096e-02,1.6184e-02,1.6131e-02,1.5943e-02,1.5624e-02,1.5181e-02,1.4621e-02,1.3952e-02,1.3180e-02,1.2314e-02,1.1362e-02,1.0334e-02,9.2381e-03,8.0837e-03,6.8802e-03,5.6366e-03,4.3624e-03,3.0669e-03,1.7591e-03,4.4811e-04,-8.5760e-04,-2.1493e-03,-3.4188e-03,-4.6582e-03,-5.8595e-03,-7.0156e-03,-8.1192e-03,-9.1635e-03,-1.0142e-02,-1.1048e-02,-1.1877e-02,-1.2621e-02,-1.3276e-02,-1.3836e-02,-1.4296e-02,-1.4651e-02,-1.4897e-02,-1.5028e-02,-1.5041e-02,-1.4929e-02,-1.4690e-02,-1.4319e-02,-1.3811e-02,-1.3163e-02,-1.2370e-02,-1.1427e-02,-1.0332e-02,-9.0795e-03,-7.6664e-03,-6.0890e-03,-4.3437e-03,-2.4270e-03,-3.3613e-04
-8.1002e-04,-6.3332e-03,-1.1354e-02,-1.5878e-02,-1.9912e-02,-2.3465e-02,-2.6547e-02,-2.9172e-02,-3.1354e-02,-3.3108e-02,-3.4451e-02,-3.5402e-02,-3.5978e-02,-3.6201e-02,-3.6090e-02,-3.5666e-02,-3.4952e-02,-3.3970e-02,-3.2742e-02,-3.1292e-02,-2.9643e-02,-2.7818e-02,-2.5841e-02,-2.3735e-02,-2.1524e-02,-1.9230e-02,-1.6877e-02,-1.4485e-02,-1.2076e-02,-9.6716e-03,-7.2902e-03,-4.9504e-03,-2.6698e-03,-4.6418e-04,1.6518e-03,3.6648e-03,5.5630e-03,7.3361e-03,8.9753e-03,1.0473e-02,1.1824e-02,1.3023e-02,1.4067e-02,1.4955e-02,1.5684e-02,1.6256e-02,1.6672e-02,1.6934e-02,1.7045e-02,1.7010e-02,1.6832e-02,1.6518e-02,1.6073e-02,1.5504e-02,1.4818e-02,1.4022e-02,1.3126e-02,1.2136e-02,1.1063e-02,9.9149e-03,8.7014e-03,7.4320e-03,6.1168e-03,4.7652e-03,3.3870e-03,1.9921e-03,5.9015e-04,-8.0932e-04,-2.1970e-03,-3.5637e-03,-4.9007e-03,-6.1991e-03,-7.4506e-03,-8.6471e-03,-9.7808e-03,-1.0845e-02,-1.1831e-02,-1.2733e-02,-1.3544e-02,-1.4258e-02,-1.4870e-02,-1.5372e-02,-1.5759e-02,-1.6027e-02,-1.6170e-02,-1.6183e-02,-1.6061e-02,-1.5800e-02,-1.5394e-02,-1.4840e-02,-1.4133e-02,-1.3270e-02,-1.2245e-02,-1.1055e-02,-9.6967e-03,-8.1660e-03,-6.4596e-03,-4.5742e-03,-2.5070e-03,-2.5533e-04
-7.2808e-04,-6.2035e-03,-1.1185e-02,-1.5678e-02,-1.9688e-02,-2.3225e-02,-2.6299e-02,-2.8922e-02,-3.1108e-02,-3.2872e-02,-3.4230e-02,-3.5200e-02,-3.5800e-02,-3.6049e-02,-3.5966e-02,-3.5573e-02,-3.4889e-02,-3.3937e-02,-3.2738e-02,-3.1314e-02,-2.9689e-02,-2.7884e-02,-2.5923e-02,-2.3828e-02,-2.1622e-02,-1.9328e-02,-1.6967e-02,-1.4563e-02,-1.2135e-02,-9.7049e-03,-7.2922e-03,-4.9158e-03,-2.5933e-03,-3.4145e-04,1.8244e-03,3.8901e-03,5.8431e-03,7.6723e-03,9.3678e-03,1.0922e-02,1.2327e-02,1.3578e-02,1.4672e-02,1.5605e-02,1.6376e-02,1.6986e-02,1.7434e-02,1.7724e-02,1.7857e-02,1.7838e-02,1.7671e-02,1.7360e-02,1.6913e-02,1.6336e-02,1.5634e-02,1.4817e-02,1.3892e-02,1.2867e-02,1.1751e-02,1.0554e-02,9.2842e-03,7.9525e-03,6.5685e-03,5.1423e-03,3.6842e-03,2.2045e-03,7.1356e-04,-7.7849e-04,-2.2613e-03,-3.7251e-03,-5.1598e-03,-6.5562e-03,-7.9044e-03,-9.1959e-03,-1.0422e-02,-1.1573e-02,-1.2643e-02,-1.3622e-02,-1.4504e-02,-1.5281e-02,-1.5946e-02,-1.6493e-02,-1.6916e-02,-1.7209e-02,-1.7366e-02,-1.7381e-02,-1.7249e-02,-1.6966e-02,-1.6526e-02,-1.5924e-02,-1.5158e-02,-1.4221e-02,-1.3111e-02,-1.1822e-02,-1.0353e-02,-8.6989e-03,-6.8570e-03,-4.8245e-03,-2.5990e-03,-1.7820e-04
-6.3743e-04,-6.0485e-03,-1.0975e-02,-1.5422e-02,-1.9395e-02,-2.2903e-02,-2.5957e-02,-2.8567e-02,-3.0748e-02,-3.2515e-02,-3.3881e-02,-3.4865e-02,-3.5484e-02,-3.5756e-02,-3.5699e-02,-3.5335e-02,-3.4681e-02,-3.3760e-02,-3.2593e-02,-3.1199e-02,-2.9603e-02,-2.7824e-02,-2.5885e-02,-2.3809e-02,-2.1617e-02,-1.9331e-02,-1.6974e-02,-1.4567e-02,-1.2130e-02,-9.6853e-03,-7.2517e-03,-4.8485e-03,-2.4940e-03,-2.0527e-04,2.0016e-03,4.1120e-03,6.1124e-03,7.9908e-03,9.7367e-03,1.1341e-02,1.2796e-02,1.4096e-02,1.5235e-02,1.6211e-02,1.7022e-02,1.7667e-02,1.8146e-02,1.8462e-02,1.8616e-02,1.8611e-02,1.8454e-02,1.8147e-02,1.7698e-02,1.7111e-02,1.6396e-02,1.5557e-02,1.4605e-02,1.3546e-02,1.2391e-02,1.1147e-02,9.8244e-03,8.4336e-03,6.9841e-03,5.4868e-03,3.9521e-03,2.3906e-03,8.1337e-04,-7.6882e-04,-2.3450e-03,-3.9045e-03,-5.4365e-03,-6.9305e-03,-8.3763e-03,-9.7637e-03,-1.1083e-02,-1.2325e-02,-1.3479e-02,-1.4539e-02,-1.5494e-02,-1.6337e-02,-1.7060e-02,-1.7655e-02,-1.8116e-02,-1.8437e-02,-1.8609e-02,-1.8629e-02,-1.8489e-02,-1.8184e-02,-1.7710e-02,-1.7061e-02,-1.6233e-02,-1.5221e-02,-1.4022e-02,-1.2632e-02,-1.1047e-02,-9.2649e-03,-7.2818e-03,-5.0959e-03,-2.7047e-03,-1.0704e-04
-5.4140e-04,-5.8723e-03,-1.0729e-02,-1.5116e-02,-1.9039e-02,-2.2507e-02,-2.5529e-02,-2.8118e-02,-3.0285e-02,-3.2045e-02,-3.3413e-02,-3.4405e-02,-3.5038e-02,-3.5330e-02,-3.5297e-02,-3.4960e-02,-3.4337e-02,-3.3449e-02,-3.2315e-02,-3.0955e-02,-2.9391e-02,-2.7644e-02,-2.5734e-02,-2.3684e-02,-2.1514e-02,-1.9246e-02,-1.6901e-02,-1.4501e-02,-1.2066e-02,-9.6160e-03,-7.1717e-03,-4.7521e-03,-2.3755e-03,-5.9530e-05,2.1794e-03,4.3259e-03,6.3660e-03,8.2865e-03,1.0076e-02,1.1726e-02,1.3226e-02,1.4569e-02,1.5751e-02,1.6768e-02,1.7616e-02,1.8294e-02,1.8802e-02,1.9142e-02,1.9315e-02,1.9326e-02,1.9177e-02,1.8873e-02,1.8421e-02,1.7827e-02,1.7097e-02,1.6239e-02,1.5260e-02,1.4170e-02,1.2976e-02,1.1688e-02,1.0316e-02,8.8692e-03,7.3580e-03,5.7931e-03,4.1852e-03,2.5456e-03,8.8540e-04,-7.8382e-04,-2.4507e-03,-4.1037e-03,-5.7311e-03,-7.3218e-03,-8.8644e-03,-1.0348e-02,-1.1761e-02,-1.3094e-02,-1.4336e-02,-1.5477e-02,-1.6508e-02,-1.7420e-02,-1.8203e-02,-1.8850e-02,-1.9353e-02,-1.9703e-02,-1.9894e-02,-1.9920e-02,-1.9774e-02,-1.9449e-02,-1.8941e-02,-1.8245e-02,-1.7355e-02,-1.6267e-02,-1.4978e-02,-1.3483e-02,-1.1779e-02,-9.8634e-03,-7.7340e-03,-5.3885e-03,-2.8253e-03,-4.3280e-05
-4.4329e-04,-5.6793e-03,-1.0452e-02,-1.4766e-02,-1.8627e-02,-2.2043e-02,-2.5024e-02,-2.7581e-02,-2.9726e-02,-3.1473e-02,-3.2837e-02,-3.3831e-02,-3.4474e-02,-3.4781e-02,-3.4770e-02,-3.4459e-02,-3.3867e-02,-3.3011e-02,-3.1912e-02,-3.0589e-02,-2.9062e-02,-2.7351e-02,-2.5476e-02,-2.3458e-02,-2.1318e-02,-1.9076e-02,-1.6753e-02,-1.4369e-02,-1.1945e-02,-9.5006e-03,-7.0561e-03,-4.6302e-03,-2.2418e-03,9.1724e-05,2.3534e-03,4.5272e-03,6.5986e-03,8.5541e-03,1.0381e-02,1.2070e-02,1.3609e-02,1.4993e-02,1.6214e-02,1.7268e-02,1.8151e-02,1.8860e-02,1.9397e-02,1.9760e-02,1.9952e-02,1.9976e-02,1.9836e-02,1.9535e-02,1.9081e-02,1.8478e-02,1.7735e-02,1.6858e-02,1.5854e-02,1.4733e-02,1.3504e-02,1.2174e-02,1.0755e-02,9.2549e-03,7.6853e-03,6.0564e-03,4.3795e-03,2.6655e-03,9.2638e-04,-8.2626e-04,-2.5802e-03,-4.3234e-03,-6.0437e-03,-7.7289e-03,-9.3667e-03,-1.0945e-02,-1.2452e-02,-1.3876e-02,-1.5206e-02,-1.6431e-02,-1.7540e-02,-1.8522e-02,-1.9368e-02,-2.0069e-02,-2.0615e-02,-2.0999e-02,-2.1212e-02,-2.1246e-02,-2.1096e-02,-2.0753e-02,-2.0213e-02,-1.9470e-02,-1.8518e-02,-1.7354e-02,-1.5972e-02,-1.4370e-02,-1.2545e-02,-1.0493e-02,-8.2126e-03,-5.7025e-03,-2.9613e-03,1.1377e-05
-3.4636e-04,-5.4740e-03,-1.0150e-02,-1.4379e-02,-1.8167e-02,-2.1522e-02,-2.4452e-02,-2.6968e-02,-2.9083e-02,-3.0810e-02,-3.2162e-02,-3.3154e-02,-3.3802e-02,-3.4121e-02,-3.4129e-02,-3.3843e-02,-3.3280e-02,-3.2458e-02,-3.1395e-02,-3.0111e-02,-2.8624e-02,-2.6954e-02,-2.5119e-02,-2.3140e-02,-2.1036e-02,-1.8828e-02,-1.6534e-02,-1.4176e-02,-1.1773e-02,-9.3438e-03,-6.9091e-03,-4.4872e-03,-2.0967e-03,2.4452e-04,2.5193e-03,4.7114e-03,6.8060e-03,8.7884e-03,1.0646e-02,1.2367e-02,1.3942e-02,1.5361e-02,1.6617e-02,1.7705e-02,1.8621e-02,1.9361e-02,1.9924e-02,2.0310e-02,2.0521e-02,2.0558e-02,2.0427e-02,2.0130e-02,1.9673e-02,1.9064e-02,1.8307e-02,1.7412e-02,1.6385e-02,1.5235e-02,1.3971e-02,1.2602e-02,1.1137e-02,9.5877e-03,7.9629e-03,6.2739e-03,4.5317e-03,2.7479e-03,9.3410e-04,-8.9750e-04,-2.7344e-03,-4.5640e-03,-6.3734e-03,-8.1499e-03,-9.8802e-03,-1.1552e-02,-1.3151e-02,-1.4666e-02,-1.6083e-02,-1.7392e-02,-1.8579e-02,-1.9634e-02,-2.0545e-02,-2.1302e-02,-2.1895e-02,-2.2314e-02,-2.2551e-02,-2.2597e-02,-2.2445e-02,-2.2086e-02,-2.1516e-02,-2.0727e-02,-1.9714e-02,-1.8473e-02,-1.7000e-02,-1.5290e-02,-1.3341e-02,-1.1150e-02,-8.7157e-03,-6.0369e-03,-3.1131e-03,5.5872e-05
-2.5366e-04,-5.2605e-03,-9.8287e-03,-1.3962e-02,-1.7667e-02,-2.0950e-02,-2.3820e-02,-2.6288e-02,-2.8366e-02,-3.0066e-02,-3.1400e-02,-3.2385e-02,-3.3034e-02,-3.3362e-02,-3.3386e-02,-3.3123e-02,-3.2588e-02,-3.1800e-02,-3.0775e-02,-2.9532e-02,-2.8088e-02,-2.6462e-02,-2.4672e-02,-2.2737e-02,-2.0676e-02,-1.8508e-02,-1.6252e-02,-1.3928e-02,-1.1554e-02,-9.1504e-03,-6.7351e-03,-4.3272e-03,-1.9448e-03,3.9413e-04,2.6726e-03,4.8740e-03,6.9828e-03,8.9843e-03,1.0865e-02,1.2613e-02,1.4216e-02,1.5667e-02,1.6955e-02,1.8074e-02,1.9020e-02,1.9789e-02,2.0378e-02,2.0787e-02,2.1016e-02,2.1068e-02,2.0946e-02,2.0653e-02,2.0196e-02,1.9580e-02,1.8812e-02,1.7899e-02,1.6850e-02,1.5673e-02,1.4376e-02,1.2970e-02,1.1463e-02,9.8665e-03,8.1901e-03,6.4445e-03,4.6413e-03,2.7917e-03,9.0774e-04,-9.9809e-04,-2.9132e-03,-4.8245e-03,-6.7187e-03,-8.5823e-03,-1.0401e-02,-1.2163e-02,-1.3852e-02,-1.5455e-02,-1.6960e-02,-1.8351e-02,-1.9617e-02,-2.0745e-02,-2.1722e-02,-2.2538e-02,-2.3179e-02,-2.3637e-02,-2.3901e-02,-2.3961e-02,-2.3809e-02,-2.3438e-02,-2.2839e-02,-2.2007e-02,-2.0935e-02,-1.9619e-02,-1.8054e-02,-1.6235e-02,-1.4162e-02,-1.1831e-02,-9.2404e-03,-6.3901e-03,-3.2800e-03,8.9362e-05
-1.6778e-04,-5.0429e-03,-9.4926e-03,-1.3521e-02,-1.7132e-02,-2.0335e-02,-2.3138e-02,-2.5551e-02,-2.7585e-02,-2.9251e-02,-3.0564e-02,-3.1536e-02,-3.2181e-02,-3.2516e-02,-3.2554e-02,-3.2311e-02,-3.1805e-02,-3.1049e-02,-3.0063e-02,-2.8862e-02,-2.7463e-02,-2.5884e-02,-2.4143e-02,-2.2257e-02,-2.0245e-02,-1.8124e-02,-1.5914e-02,-1.3631e-02,-1.1296e-02,-8.9257e-03,-6.5394e-03,-4.1548e-03,-1.7902e-03,5.3687e-04,2.8094e-03,5.0107e-03,7.1250e-03,9.1375e-03,1.1034e-02,1.2801e-02,1.4428e-02,1.5904e-02,1.7220e-02,1.8368e-02,1.9342e-02,2.0138e-02,2.0752e-02,2.1184e-02,2.1433e-02,2.1500e-02,2.1389e-02,2.1102e-02,2.0646e-02,2.0025e-02,1.9248e-02,1.8320e-02,1.7250e-02,1.6048e-02,1.4721e-02,1.3280e-02,1.1733e-02,1.0092e-02,8.3673e-03,6.5688e-03,4.7084e-03,2.7975e-03,8.4818e-04,-1.1270e-03,-3.1151e-03,-5.1030e-03,-7.0769e-03,-9.0229e-03,-1.0926e-02,-1.2773e-02,-1.4549e-02,-1.6238e-02,-1.7827e-02,-1.9300e-02,-2.0644e-02,-2.1845e-02,-2.2889e-02,-2.3763e-02,-2.4455e-02,-2.4954e-02,-2.5247e-02,-2.5324e-02,-2.5177e-02,-2.4795e-02,-2.4171e-02,-2.3298e-02,-2.2170e-02,-2.0780e-02,-1.9125e-02,-1.7200e-02,-1.5003e-02,-1.2531e-02,-9.7833e-03,-6.7599e-03,-3.4612e-03,1.1165e-04
-9.1471e-05,-4.8250e-03,-9.1468e-03,-1.3061e-02,-1.6572e-02,-1.9687e-02,-2.2416e-02,-2.4766e-02,-2.6750e-02,-2.8378e-02,-2.9663e-02,-3.0618e-02,-3.1257e-02,-3.1594e-02,-3.1644e-02,-3.1421e-02,-3.0940e-02,-3.0218e-02,-2.9270e-02,-2.8112e-02,-2.6761e-02,-2.5232e-02,-2.3543e-02,-2.1711e-02,-1.9753e-02,-1.7685e-02,-1.5526e-02,-1.3293e-02,-1.1003e-02,-8.6751e-03,-6.3264e-03,-3.9745e-03,-1.6371e-03,6.6868e-04,2.9258e-03,5.1178e-03,7.2289e-03,9.2437e-03,1.1148e-02,1.2928e-02,1.4572e-02,1.6068e-02,1.7407e-02,1.8580e-02,1.9580e-02,2.0402e-02,2.1041e-02,2.1496e-02,2.1765e-02,2.1850e-02,2.1751e-02,2.1473e-02,2.1020e-02,2.0398e-02,1.9613e-02,1.8673e-02,1.7586e-02,1.6360e-02,1.5006e-02,1.3532e-02,1.1949e-02,1.0267e-02,8.4969e-03,6.6492e-03,4.7356e-03,2.7678e-03,7.5793e-04,-1.2815e-03,-3.3375e-03,-5.3965e-03,-7.4445e-03,-9.4672e-03,-1.1450e-02,-1.3378e-02,-1.5235e-02,-1.7006e-02,-1.8676e-02,-2.0228e-02,-2.1648e-02,-2.2921e-02,-2.4032e-02,-2.4966e-02,-2.5710e-02,-2.6250e-02,-2.6575e-02,-2.6673e-02,-2.6532e-02,-2.6144e-02,-2.5499e-02,-2.4588e-02,-2.3406e-02,-2.1947e-02,-2.0204e-02,-1.8174e-02,-1.5855e-02,-1.3244e-02,-1.0340e-02,-7.1432e-03,-3.6550e-03,1.2264e-04
-2.6591e-05,-4.6099e-03,-8.7958e-03,-1.2588e-02,-1.5991e-02,-1.9013e-02,-2.1660e-02,-2.3943e-02,-2.5871e-02,-2.7456e-02,-2.8710e-02,-2.9644e-02,-3.0273e-02,-3.0610e-02,-3.0669e-02,-3.0463e-02,-3.0008e-02,-2.9319e-02,-2.8409e-02,-2.7295e-02,-2.5993e-02,-2.4517e-02,-2.2883e-02,-2.1108e-02,-1.9207e-02,-1.7198e-02,-1.5096e-02,-1.2919e-02,-1.0682e-02,-8.4042e-03,-6.1014e-03,-3.7909e-03,-1.4895e-03,7.8592e-04,3.0185e-03,5.1923e-03,7.2912e-03,9.2999e-03,1.1204e-02,1.2990e-02,1.4644e-02,1.6155e-02,1.7513e-02,1.8707e-02,1.9730e-02,2.0576e-02,2.1240e-02,2.1718e-02,2.2009e-02,2.2112e-02,2.2029e-02,2.1762e-02,2.1315e-02,2.0695e-02,1.9907e-02,1.8958e-02,1.7857e-02,1.6612e-02,1.5233e-02,1.3731e-02,1.2114e-02,1.0395e-02,8.5826e-03,6.6895e-03,4.7267e-03,2.7065e-03,6.4076e-04,-1.4579e-03,-3.5762e-03,-5.7006e-03,-7.8169e-03,-9.9105e-03,-1.1966e-02,-1.3969e-02,-1.5903e-02,-1.7751e-02,-1.9497e-02,-2.1126e-02,-2.2619e-02,-2.3962e-02,-2.5138e-02,-2.6132e-02,-2.6928e-02,-2.7512e-02,-2.7871e-02,-2.7991e-02,-2.7861e-02,-2.7469e-02,-2.6806e-02,-2.5863e-02,-2.4631e-02,-2.3105e-02,-2.1279e-02,-1.9148e-02,-1.6710e-02,-1.3962e-02,-1.0904e-02,-7.5361e-03,-3.8595e-03,1.2275e-04
2.5429e-05,-4.4005e-03,-8.4437e-03,-1.2108e-02,-1.5397e-02,-1.8319e-02,-2.0880e-02,-2.3090e-02,-2.4959e-02,-2.6496e-02,-2.7714e-02,-2.8625e-02,-2.9241e-02,-2.9575e-02,-2.9641e-02,-2.9451e-02,-2.9020e-02,-2.8363e-02,-2.7492e-02,-2.6423e-02,-2.5170e-02,-2.3748e-02,-2.2172e-02,-2.0457e-02,-1.8618e-02,-1.6672e-02,-1.4632e-02,-1.2516e-02,-1.0340e-02,-8.1186e-03,-5.8692e-03,-3.6079e-03,-1.3510e-03,8.8523e-04,3.0846e-03,5.2312e-03,7.3093e-03,9.3037e-03,1.1200e-02,1.2983e-02,1.4641e-02,1.6161e-02,1.7532e-02,1.8744e-02,1.9787e-02,2.0656e-02,2.1343e-02,2.1844e-02,2.2158e-02,2.2281e-02,2.2216e-02,2.1964e-02,2.1529e-02,2.0914e-02,2.0127e-02,1.9174e-02,1.8063e-02,1.6804e-02,1.5405e-02,1.3878e-02,1.2232e-02,1.0479e-02,8.6289e-03,6.6946e-03,4.6872e-03,2.6190e-03,5.0201e-04,-1.6504e-03,-3.8256e-03,-6.0094e-03,-8.1879e-03,-1.0346e-02,-1.2469e-02,-1.4541e-02,-1.6545e-02,-1.8464e-02,-2.0283e-02,-2.1982e-02,-2.3545e-02,-2.4955e-02,-2.6195e-02,-2.7247e-02,-2.8095e-02,-2.8724e-02,-2.9118e-02,-2.9263e-02,-2.9146e-02,-2.8755e-02,-2.8079e-02,-2.7107e-02,-2.5831e-02,-2.4244e-02,-2.2339e-02,-2.0112e-02,-1.7559e-02,-1.4679e-02,-1.1471e-02,-7.9343e-03,-4.0721e-03,1.1253e-04
6.3442e-05,-4.1991e-03,-8.0939e-03,-1.1624e-02,-1.4795e-02,-1.7612e-02,-2.0083e-02,-2.2216e-02,-2.4021e-02,-2.5508e-02,-2.6687e-02,-2.7571e-02,-2.8172e-02,-2.8501e-02,-2.8571e-02,-2.8396e-02,-2.7988e-02,-2.7362e-02,-2.6529e-02,-2.5505e-02,-2.4303e-02,-2.2937e-02,-2.1420e-02,-1.9768e-02,-1.7994e-02,-1.6114e-02,-1.4142e-02,-1.2093e-02,-9.9813e-03,-7.8235e-03,-5.6344e-03,-3.4298e-03,-1.2251e-03,9.6393e-04,3.1218e-03,5.2328e-03,7.2817e-03,9.2533e-03,1.1133e-02,1.2907e-02,1.4562e-02,1.6085e-02,1.7464e-02,1.8688e-02,1.9748e-02,2.0637e-02,2.1346e-02,2.1871e-02,2.2208e-02,2.2354e-02,2.2310e-02,2.2076e-02,2.1656e-02,2.1052e-02,2.0271e-02,1.9319e-02,1.8205e-02,1.6936e-02,1.5523e-02,1.3976e-02,1.2306e-02,1.0524e-02,8.6413e-03,6.6702e-03,4.6229e-03,2.5115e-03,3.4870e-04,-1.8525e-03,-4.0788e-03,-6.3162e-03,-8.5508e-03,-1.0767e-02,-1.2951e-02,-1.5085e-02,-1.7153e-02,-1.9137e-02,-2.1021e-02,-2.2787e-02,-2.4415e-02,-2.5888e-02,-2.7188e-02,-2.8297e-02,-2.9196e-02,-2.9870e-02,-3.0300e-02,-3.0473e-02,-3.0373e-02,-2.9986e-02,-2.9300e-02,-2.8305e-02,-2.6990e-02,-2.5348e-02,-2.3371e-02,-2.1054e-02,-1.8393e-02,-1.5386e-02,-1.2032e-02,-8.3330e-03,-4.2899e-03,9.3237e-05
8.7075e-05,-4.0072e-03,-7.7492e-03,-1.1142e-02,-1.4190e-02,-1.6899e-02,-1.9276e-02,-2.1328e-02,-2.3067e-02,-2.4500e-02,-2.5638e-02,-2.6493e-02,-2.7075e-02,-2.7397e-02,-2.7471e-02,-2.7309e-02,-2.6924e-02,-2.6327e-02,-2.5533e-02,-2.4554e-02,-2.3403e-02,-2.2093e-02,-2.0638e-02,-1.9050e-02,-1.7344e-02,-1.5534e-02,-1.3632e-02,-1.1654e-02,-9.6131e-03,-7.5241e-03,-5.4015e-03,-3.2600e-03,-1.1146e-03,1.0198e-03,3.1283e-03,5.1957e-03,7.2073e-03,9.1484e-03,1.1004e-02,1.2761e-02,1.4406e-02,1.5925e-02,1.7306e-02,1.8538e-02,1.9611e-02,2.0517e-02,2.1246e-02,2.1794e-02,2.2155e-02,2.2326e-02,2.2306e-02,2.2094e-02,2.1693e-02,2.1106e-02,2.0337e-02,1.9392e-02,1.8280e-02,1.7009e-02,1.5588e-02,1.4028e-02,1.2340e-02,1.0534e-02,8.6247e-03,6.6226e-03,4.5406e-03,2.3914e-03,1.8791e-04,-2.0565e-03,-4.3282e-03,-6.6134e-03,-8.8977e-03,-1.1166e-02,-1.3403e-02,-1.5592e-02,-1.7717e-02,-1.9761e-02,-2.1704e-02,-2.3529e-02,-2.5218e-02,-2.6750e-02,-2.8107e-02,-2.9269e-02,-3.0218e-02,-3.0935e-02,-3.1403e-02,-3.1604e-02,-3.1523e-02,-3.1145e-02,-3.0455e-02,-2.9442e-02,-2.8095e-02,-2.6403e-02,-2.4361e-02,-2.1961e-02,-1.9199e-02,-1.6074e-02,-1.2582e-02,-8.7270e-03,-4.5094e-03,6.6154e-05
9.6627e-05,-3.8260e-03,-7.4118e-03,-1.0664e-02,-1.3586e-02,-1.6183e-02,-1.8464e-02,-2.0434e-02,-2.2103e-02,-2.3480e-02,-2.4575e-02,-2.5398e-02,-2.5961e-02,-2.6275e-02,-2.6351e-02,-2.6200e-02,-2.5836e-02,-2.5270e-02,-2.4513e-02,-2.3579e-02,-2.2479e-02,-2.1227e-02,-1.9833e-02,-1.8312e-02,-1.6676e-02,-1.4938e-02,-1.3110e-02,-1.1207e-02,-9.2403e-03,-7.2250e-03,-5.1741e-03,-3.1017e-03,-1.0219e-03,1.0510e-03,3.1030e-03,5.1195e-03,7.0863e-03,8.9889e-03,1.0813e-02,1.2546e-02,1.4173e-02,1.5681e-02,1.7059e-02,1.8294e-02,1.9376e-02,2.0295e-02,2.1043e-02,2.1613e-02,2.1998e-02,2.2195e-02,2.2201e-02,2.2015e-02,2.1638e-02,2.1072e-02,2.0322e-02,1.9392e-02,1.8289e-02,1.7023e-02,1.5601e-02,1.4035e-02,1.2336e-02,1.0515e-02,8.5844e-03,6.5575e-03,4.4469e-03,2.2657e-03,2.7664e-05,-2.2541e-03,-4.5654e-03,-6.8922e-03,-9.2199e-03,-1.1534e-02,-1.3817e-02,-1.6055e-02,-1.8231e-02,-2.0325e-02,-2.2322e-02,-2.4200e-02,-2.5942e-02,-2.7528e-02,-2.8937e-02,-3.0150e-02,-3.1146e-02,-3.1906e-02,-3.2411e-02,-3.2643e-02,-3.2583e-02,-3.2216e-02,-3.1527e-02,-3.0502e-02,-2.9128e-02,-2.7396e-02,-2.5296e-02,-2.2822e-02,-1.9969e-02,-1.6733e-02,-1.3113e-02,-9.1104e-03,-4.7271e-03,3.2321e-05
9.2477e-05,-3.6558e-03,-7.0831e-03,-1.0192e-02,-1.2986e-02,-1.5471e-02,-1.7652e-02,-1.9538e-02,-2.1136e-02,-2.2456e-02,-2.3506e-02,-2.4297e-02,-2.4839e-02,-2.5142e-02,-2.5219e-02,-2.5079e-02,-2.4735e-02,-2.4198e-02,-2.3478e-02,-2.2589e-02,-2.1541e-02,-2.0346e-02,-1.9016e-02,-1.7562e-02,-1.5997e-02,-1.4333e-02,-1.2582e-02,-1.0756e-02,-8.8680e-03,-6.9302e-03,-4.9557e-03,-2.9576e-03,-9.4904e-04,1.0565e-03,3.0455e-03,5.0043e-03,6.9191e-03,8.7762e-03,1.0562e-02,1.2263e-02,1.3865e-02,1.5357e-02,1.6725e-02,1.7957e-02,1.9043e-02,1.9972e-02,2.0736e-02,2.1325e-02,2.1735e-02,2.1959e-02,2.1993e-02,2.1836e-02,2.1488e-02,2.0949e-02,2.0223e-02,1.9315e-02,1.8230e-02,1.6976e-02,1.5562e-02,1.3998e-02,1.2296e-02,1.0467e-02,8.5244e-03,6.4801e-03,4.3481e-03,2.1420e-03,-1.2448e-04,-2.4371e-03,-4.7817e-03,-7.1437e-03,-9.5086e-03,-1.1861e-02,-1.4185e-02,-1.6464e-02,-1.8683e-02,-2.0822e-02,-2.2864e-02,-2.4789e-02,-2.6579e-02,-2.8212e-02,-2.9669e-02,-3.0928e-02,-3.1968e-02,-3.2769e-02,-3.3311e-02,-3.3573e-02,-3.3537e-02,-3.3186e-02,-3.2502e-02,-3.1470e-02,-3.0078e-02,-2.8312e-02,-2.6164e-02,-2.3625e-02,-2.0690e-02,-1.7355e-02,-1.3617e-02,-9.4778e-03,-4.9393e-03,-6.2883e-06
7.6056e-05,-3.4967e-03,-6.7642e-03,-9.7287e-03,-1.2394e-02,-1.4764e-02,-1.6846e-02,-1.8647e-02,-2.0173e-02,-2.1433e-02,-2.2437e-02,-2.3195e-02,-2.3714e-02,-2.4007e-02,-2.4084e-02,-2.3954e-02,-2.3630e-02,-2.3121e-02,-2.2438e-02,-2.1593e-02,-2.0596e-02,-1.9459e-02,-1.8192e-02,-1.6807e-02,-1.5315e-02,-1.3726e-02,-1.2054e-02,-1.0308e-02,-8.5004e-03,-6.6436e-03,-4.7492e-03,-2.8296e-03,-8.9707e-04,1.0358e-03,2.9561e-03,4.8511e-03,6.7075e-03,8.5125e-03,1.0253e-02,1.1915e-02,1.3486e-02,1.4954e-02,1.6306e-02,1.7530e-02,1.8615e-02,1.9550e-02,2.0326e-02,2.0934e-02,2.1366e-02,2.1617e-02,2.1681e-02,2.1556e-02,2.1241e-02,2.0734e-02,2.0039e-02,1.9159e-02,1.8099e-02,1.6867e-02,1.5470e-02,1.3918e-02,1.2222e-02,1.0395e-02,8.4478e-03,6.3947e-03,4.2494e-03,2.0259e-03,-2.6120e-04,-2.5977e-03,-4.9688e-03,-7.3595e-03,-9.7545e-03,-1.2139e-02,-1.4497e-02,-1.6811e-02,-1.9065e-02,-2.1242e-02,-2.3323e-02,-2.5288e-02,-2.7118e-02,-2.8793e-02,-3.0292e-02,-3.1592e-02,-3.2673e-02,-3.3512e-02,-3.4089e-02,-3.4383e-02,-3.4372e-02,-3.4039e-02,-3.3365e-02,-3.2333e-02,-3.0928e-02,-2.9139e-02,-2.6952e-02,-2.4359e-02,-2.1353e-02,-1.7930e-02,-1.4087e-02,-9.8233e-03,-5.1423e-03,-4.8026e-05
4.8921e-05,-3.3479e-03,-6.4553e-03,-9.2752e-03,-1.1811e-02,-1.4067e-02,-1.6049e-02,-1.7763e-02,-1.9217e-02,-2.0418e-02,-2.1375e-02,-2.2098e-02,-2.2595e-02,-2.2877e-02,-2.2953e-02,-2.2832e-02,-2.2527e-02,-2.2045e-02,-2.1399e-02,-2.0598e-02,-1.9653e-02,-1.8573e-02,-1.7370e-02,-1.6053e-02,-1.4634e-02,-1.3123e-02,-1.1529e-02,-9.8652e-03,-8.1411e-03,-6.3678e-03,-4.5567e-03,-2.7191e-03,-8.6673e-04,9.8891e-04,2.8357e-03,4.6614e-03,6.4539e-03,8.2006e-03,9.8888e-03,1.1506e-02,1.3040e-02,1.4478e-02,1.5808e-02,1.7018e-02,1.8097e-02,1.9034e-02,1.9818e-02,2.0441e-02,2.0894e-02,2.1171e-02,2.1266e-02,2.1175e-02,2.0896e-02,2.0426e-02,1.9768e-02,1.8923e-02,1.7897e-02,1.6694e-02,1.5323e-02,1.3793e-02,1.2114e-02,1.0298e-02,8.3566e-03,6.3044e-03,4.1551e-03,1.9232e-03,-3.7655e-04,-2.7290e-03,-5.1190e-03,-7.5312e-03,-9.9497e-03,-1.2359e-02,-1.4743e-02,-1.7086e-02,-1.9369e-02,-2.1576e-02,-2.3689e-02,-2.5687e-02,-2.7552e-02,-2.9262e-02,-3.0797e-02,-3.2134e-02,-3.3251e-02,-3.4126e-02,-3.4736e-02,-3.5061e-02,-3.5077e-02,-3.4764e-02,-3.4104e-02,-3.3078e-02,-3.1669e-02,-2.9863e-02,-2.7647e-02,-2.5012e-02,-2.1948e-02,-1.8450e-02,-1.4515e-02,-1.0142e-02,-5.3325e-03,-9.1441e-05
1.3001e-05,-3.2086e-03,-6.1562e-03,-8.8320e-03,-1.1239e-02,-1.3380e-02,-1.5262e-02,-1.6890e-02,-1.8272e-02,-1.9414e-02,-2.0325e-02,-2.1013e-02,-2.1487e-02,-2.1757e-02,-2.1831e-02,-2.1720e-02,-2.1432e-02,-2.0978e-02,-2.0368e-02,-1.9610e-02,-1.8716e-02,-1.7694e-02,-1.6554e-02,-1.5306e-02,-1.3960e-02,-1.2526e-02,-1.1013e-02,-9.4323e-03,-7.7927e-03,-6.1050e-03,-4.3796e-03,-2.6269e-03,-8.5776e-04,9.1695e-04,2.6859e-03,4.4378e-03,6.1612e-03,7.8442e-03,9.4750e-03,1.1042e-02,1.2532e-02,1.3934e-02,1.5236e-02,1.6426e-02,1.7494e-02,1.8427e-02,1.9215e-02,1.9851e-02,2.0323e-02,2.0625e-02,2.0751e-02,2.0695e-02,2.0453e-02,2.0025e-02,1.9408e-02,1.8606e-02,1.7620e-02,1.6456e-02,1.5121e-02,1.3622e-02,1.1970e-02,1.0176e-02,8.2515e-03,6.2108e-03,4.0679e-03,1.8371e-03,-4.6568e-04,-2.8253e-03,-5.2259e-03,-7.6514e-03,-1.0086e-02,-1.2513e-02,-1.4917e-02,-1.7281e-02,-1.9587e-02,-2.1817e-02,-2.3955e-02,-2.5980e-02,-2.7872e-02,-2.9611e-02,-3.1176e-02,-3.2545e-02,-3.3694e-02,-3.4601e-02,-3.5243e-02,-3.5597e-02,-3.5640e-02,-3.5351e-02,-3.4709e-02,-3.3694e-02,-3.2288e-02,-3.0475e-02,-2.8241e-02,-2.5574e-02,-2.2465e-02,-1.8907e-02,-1.4895e-02,-1.0427e-02,-5.5061e-03,-1.3473e-04
-2.9303e-05,-3.0769e-03,-5.8664e-03,-8.3989e-03,-1.0678e-02,-1.2706e-02,-1.4489e-02,-1.6032e-02,-1.7341e-02,-1.8424e-02,-1.9289e-02,-1.9942e-02,-2.0394e-02,-2.0651e-02,-2.0724e-02,-2.0621e-02,-2.0352e-02,-1.9925e-02,-1.9350e-02,-1.8635e-02,-1.7791e-02,-1.6826e-02,-1.5749e-02,-1.4570e-02,-1.3298e-02,-1.1941e-02,-1.0509e-02,-9.0114e-03,-7.4575e-03,-5.8566e-03,-4.2185e-03,-2.5528e-03,-8.6953e-04,8.2124e-04,2.5090e-03,4.1833e-03,5.8333e-03,7.4480e-03,9.0164e-03,1.0527e-02,1.1968e-02,1.3329e-02,1.4597e-02,1.5762e-02,1.6812e-02,1.7737e-02,1.8526e-02,1.9169e-02,1.9657e-02,1.9983e-02,2.0138e-02,2.0118e-02,1.9916e-02,1.9531e-02,1.8961e-02,1.8206e-02,1.7268e-02,1.6151e-02,1.4860e-02,1.3403e-02,1.1789e-02,1.0028e-02,8.1318e-03,6.1140e-03,3.9883e-03,1.7700e-03,-5.2570e-04,-2.8825e-03,-5.2844e-03,-7.7149e-03,-1.0157e-02,-1.2595e-02,-1.5011e-02,-1.7389e-02,-1.9710e-02,-2.1958e-02,-2.4114e-02,-2.6159e-02,-2.8072e-02,-2.9835e-02,-3.1424e-02,-3.2819e-02,-3.3996e-02,-3.4931e-02,-3.5603e-02,-3.5985e-02,-3.6056e-02,-3.5792e-02,-3.5171e-02,-3.4173e-02,-3.2777e-02,-3.0966e-02,-2.8724e-02,-2.6039e-02,-2.2898e-02,-1.9294e-02,-1.5221e-02,-1.0676e-02,-5.6606e-03,-1.7654e-04
-7.5608e-05,-2.9514e-03,-5.5845e-03,-7.9759e-03,-1.0128e-02,-1.2045e-02,-1.3730e-02,-1.5189e-02,-1.6427e-02,-1.7452e-02,-1.8271e-02,-1.8890e-02,-1.9319e-02,-1.9564e-02,-1.9636e-02,-1.9541e-02,-1.9289e-02,-1.8889e-02,-1.8348e-02,-1.7676e-02,-1.6882e-02,-1.5973e-02,-1.4959e-02,-1.3848e-02,-1.2648e-02,-1.1369e-02,-1.0018e-02,-8.6043e-03,-7.1364e-03,-5.6232e-03,-4.0733e-03,-2.4961e-03,-9.0050e-04,7.0407e-04,2.3079e-03,3.9015e-03,5.4746e-03,7.0170e-03,8.5185e-03,9.9682e-03,1.1355e-02,1.2669e-02,1.3899e-02,1.5033e-02,1.6061e-02,1.6973e-02,1.7757e-02,1.8404e-02,1.8905e-02,1.9251e-02,1.9435e-02,1.9449e-02,1.9288e-02,1.8949e-02,1.8429e-02,1.7726e-02,1.6842e-02,1.5779e-02,1.4541e-02,1.3135e-02,1.1569e-02,9.8523e-03,7.9959e-03,6.0128e-03,3.9165e-03,1.7220e-03,-5.5514e-04,-2.8987e-03,-5.2918e-03,-7.7176e-03,-1.0159e-02,-1.2599e-02,-1.5020e-02,-1.7404e-02,-1.9735e-02,-2.1993e-02,-2.4161e-02,-2.6219e-02,-2.8148e-02,-2.9927e-02,-3.1536e-02,-3.2952e-02,-3.4152e-02,-3.5112e-02,-3.5810e-02,-3.6220e-02,-3.6318e-02,-3.6081e-02,-3.5485e-02,-3.4508e-02,-3.3129e-02,-3.1329e-02,-2.9090e-02,-2.6398e-02,-2.3239e-02,-1.9605e-02,-1.5488e-02,-1.0884e-02,-5.7927e-03,-2.1578e-04
-1.2337e-04,-2.8301e-03,-5.3093e-03,-7.5619e-03,-9.5900e-03,-1.1397e-02,-1.2986e-02,-1.4362e-02,-1.5531e-02,-1.6499e-02,-1.7272e-02,-1.7858e-02,-1.8264e-02,-1.8498e-02,-1.8568e-02,-1.8482e-02,-1.8247e-02,-1.7873e-02,-1.7367e-02,-1.6737e-02,-1.5991e-02,-1.5138e-02,-1.4186e-02,-1.3143e-02,-1.2015e-02,-1.0812e-02,-9.5419e-03,-8.2118e-03,-6.8300e-03,-5.4044e-03,-3.9437e-03,-2.4555e-03,-9.4872e-04,5.6812e-04,2.0862e-03,3.5966e-03,5.0902e-03,6.5572e-03,7.9881e-03,9.3731e-03,1.0702e-02,1.1964e-02,1.3150e-02,1.4249e-02,1.5250e-02,1.6143e-02,1.6918e-02,1.7565e-02,1.8075e-02,1.8438e-02,1.8647e-02,1.8695e-02,1.8575e-02,1.8283e-02,1.7814e-02,1.7167e-02,1.6342e-02,1.5339e-02,1.4162e-02,1.2816e-02,1.1308e-02,9.6466e-03,7.8415e-03,5.9049e-03,3.8501e-03,1.6917e-03,-5.5502e-04,-2.8734e-03,-5.2468e-03,-7.6576e-03,-1.0088e-02,-1.2521e-02,-1.4939e-02,-1.7322e-02,-1.9655e-02,-2.1916e-02,-2.4090e-02,-2.6156e-02,-2.8095e-02,-2.9886e-02,-3.1508e-02,-3.2940e-02,-3.4159e-02,-3.5141e-02,-3.5862e-02,-3.6298e-02,-3.6424e-02,-3.6214e-02,-3.5646e-02,-3.4695e-02,-3.3339e-02,-3.1558e-02,-2.9333e-02,-2.6646e-02,-2.3485e-02,-1.9836e-02,-1.5692e-02,-1.1048e-02,-5.9006e-03,-2.5141e-04
-1.6979e-04,-2.7108e-03,-5.0394e-03,-7.1561e-03,-9.0627e-03,-1.0762e-02,-1.2257e-02,-1.3552e-02,-1.4653e-02,-1.5565e-02,-1.6295e-02,-1.6848e-02,-1.7233e-02,-1.7456e-02,-1.7524e-02,-1.7446e-02,-1.7228e-02,-1.6880e-02,-1.6407e-02,-1.5818e-02,-1.5121e-02,-1.4323e-02,-1.3432e-02,-1.2455e-02,-1.1399e-02,-1.0272e-02,-9.0812e-03,-7.8339e-03,-6.5375e-03,-5.1995e-03,-3.8274e-03,-2.4287e-03,-1.0114e-03,4.1694e-04,1.8481e-03,3.2737e-03,4.6854e-03,6.0745e-03,7.4321e-03,8.7490e-03,1.0016e-02,1.1223e-02,1.2360e-02,1.3419e-02,1.4388e-02,1.5258e-02,1.6019e-02,1.6661e-02,1.7176e-02,1.7553e-02,1.7785e-02,1.7864e-02,1.7783e-02,1.7537e-02,1.7122e-02,1.6533e-02,1.5770e-02,1.4833e-02,1.3724e-02,1.2446e-02,1.1005e-02,9.4084e-03,7.6657e-03,5.7875e-03,3.7864e-03,1.6763e-03,-5.2744e-04,-2.8087e-03,-5.1506e-03,-7.5354e-03,-9.9452e-03,-1.2362e-02,-1.4767e-02,-1.7142e-02,-1.9468e-02,-2.1727e-02,-2.3900e-02,-2.5967e-02,-2.7910e-02,-2.9708e-02,-3.1340e-02,-3.2784e-02,-3.4017e-02,-3.5018e-02,-3.5760e-02,-3.6220e-02,-3.6372e-02,-3.6191e-02,-3.5653e-02,-3.4733e-02,-3.3406e-02,-3.1653e-02,-2.9450e-02,-2.6782e-02,-2.3631e-02,-1.9984e-02,-1.5831e-02,-1.1165e-02,-5.9823e-03,-2.8256e-04
-2.1244e-04,-2.5918e-03,-4.7732e-03,-6.7572e-03,-8.5451e-03,-1.0139e-02,-1.1543e-02,-1.2759e-02,-1.3794e-02,-1.4652e-02,-1.5339e-02,-1.5861e-02,-1.6225e-02,-1.6437e-02,-1.6504e-02,-1.6434e-02,-1.6234e-02,-1.5910e-02,-1.5471e-02,-1.4923e-02,-1.4273e-02,-1.3529e-02,-1.2698e-02,-1.1786e-02,-1.0800e-02,-9.7477e-03,-8.6353e-03,-7.4699e-03,-6.2581e-03,-5.0068e-03,-3.7229e-03,-2.4133e-03,-1.0852e-03,2.5427e-04,1.5977e-03,2.9377e-03,4.2663e-03,5.5757e-03,6.8577e-03,8.1038e-03,9.3055e-03,1.0454e-02,1.1539e-02,1.2554e-02,1.3487e-02,1.4329e-02,1.5072e-02,1.5705e-02,1.6219e-02,1.6606e-02,1.6858e-02,1.6965e-02,1.6922e-02,1.6721e-02,1.6359e-02,1.5829e-02,1.5132e-02,1.4264e-02,1.3227e-02,1.2024e-02,1.0658e-02,9.1359e-03,7.4656e-03,5.6568e-03,3.7212e-03,1.6719e-03,-4.7649e-04,-2.7081e-03,-5.0063e-03,-7.3533e-03,-9.7310e-03,-1.2121e-02,-1.4504e-02,-1.6861e-02,-1.9174e-02,-2.1423e-02,-2.3589e-02,-2.5652e-02,-2.7594e-02,-2.9394e-02,-3.1030e-02,-3.2482e-02,-3.3727e-02,-3.4742e-02,-3.5503e-02,-3.5985e-02,-3.6164e-02,-3.6013e-02,-3.5507e-02,-3.4621e-02,-3.3330e-02,-3.1611e-02,-2.9442e-02,-2.6802e-02,-2.3676e-02,-2.0046e-02,-1.5902e-02,-1.1234e-02,-6.0369e-03,-3.0919e-04
-2.4922e-04,-2.4710e-03,-4.5092e-03,-6.3641e-03,-8.0366e-03,-9.5287e-03,-1.0843e-02,-1.1984e-02,-1.2954e-02,-1.3760e-02,-1.4405e-02,-1.4897e-02,-1.5240e-02,-1.5442e-02,-1.5509e-02,-1.5447e-02,-1.5264e-02,-1.4965e-02,-1.4558e-02,-1.4050e-02,-1.3447e-02,-1.2755e-02,-1.1983e-02,-1.1135e-02,-1.0218e-02,-9.2387e-03,-8.2035e-03,-7.1185e-03,-5.9899e-03,-4.8240e-03,-3.6274e-03,-2.4062e-03,-1.1667e-03,8.4333e-05,1.3403e-03,2.5942e-03,3.8390e-03,5.0676e-03,6.2726e-03,7.4459e-03,8.5800e-03,9.6667e-03,1.0697e-02,1.1664e-02,1.2556e-02,1.3367e-02,1.4087e-02,1.4706e-02,1.5217e-02,1.5610e-02,1.5877e-02,1.6009e-02,1.6000e-02,1.5843e-02,1.5532e-02,1.5063e-02,1.4431e-02,1.3636e-02,1.2675e-02,1.1551e-02,1.0267e-02,8.8274e-03,7.2387e-03,5.5095e-03,3.6505e-03,1.6738e-03,-4.0705e-04,-2.5767e-03,-4.8188e-03,-7.1159e-03,-9.4499e-03,-1.1802e-02,-1.4153e-02,-1.6484e-02,-1.8774e-02,-2.1006e-02,-2.3158e-02,-2.5212e-02,-2.7147e-02,-2.8944e-02,-3.0581e-02,-3.2037e-02,-3.3290e-02,-3.4317e-02,-3.5095e-02,-3.5598e-02,-3.5803e-02,-3.5682e-02,-3.5210e-02,-3.4362e-02,-3.3112e-02,-3.1435e-02,-2.9307e-02,-2.6709e-02,-2.3620e-02,-2.0023e-02,-1.5905e-02,-1.1254e-02,-6.0640e-03,-3.3048e-04
-2.7782e-04,-2.3468e-03,-4.2462e-03,-5.9757e-03,-7.5364e-03,-8.9296e-03,-1.0158e-02,-1.1224e-02,-1.2133e-02,-1.2888e-02,-1.3493e-02,-1.3956e-02,-1.4280e-02,-1.4472e-02,-1.4539e-02,-1.4485e-02,-1.4318e-02,-1.4044e-02,-1.3669e-02,-1.3200e-02,-1.2642e-02,-1.2002e-02,-1.1287e-02,-1.0501e-02,-9.6513e-03,-8.7438e-03,-7.7840e-03,-6.7778e-03,-5.7309e-03,-4.6491e-03,-3.5380e-03,-2.4036e-03,-1.2517e-03,-8.8252e-05,1.0806e-03,2.2487e-03,3.4099e-03,4.5572e-03,5.6841e-03,6.7836e-03,7.8485e-03,8.8713e-03,9.8443e-03,1.0760e-02,1.1609e-02,1.2385e-02,1.3077e-02,1.3679e-02,1.4182e-02,1.4576e-02,1.4854e-02,1.5008e-02,1.5030e-02,1.4914e-02,1.4653e-02,1.4241e-02,1.3676e-02,1.2953e-02,1.2071e-02,1.1031e-02,9.8337e-03,8.4824e-03,6.9829e-03,5.3424e-03,3.5700e-03,1.6766e-03,-3.2499e-04,-2.4206e-03,-4.5944e-03,-6.8293e-03,-9.1077e-03,-1.1411e-02,-1.3719e-02,-1.6013e-02,-1.8273e-02,-2.0479e-02,-2.2611e-02,-2.4649e-02,-2.6572e-02,-2.8361e-02,-2.9995e-02,-3.1452e-02,-3.2710e-02,-3.3747e-02,-3.4540e-02,-3.5064e-02,-3.5294e-02,-3.5204e-02,-3.4768e-02,-3.3961e-02,-3.2756e-02,-3.1127e-02,-2.9051e-02,-2.6504e-02,-2.3465e-02,-1.9916e-02,-1.5840e-02,-1.1226e-02,-6.0636e-03,-3.4715e-04
-2.9709e-04,-2.2179e-03,-3.9827e-03,-5.5911e-03,-7.0435e-03,-8.3412e-03,-9.4862e-03,-1.0481e-02,-1.1330e-02,-1.2036e-02,-1.2603e-02,-1.3038e-02,-1.3344e-02,-1.3527e-02,-1.3593e-02,-1.3548e-02,-1.3397e-02,-1.3147e-02,-1.2803e-02,-1.2371e-02,-1.1858e-02,-1.1268e-02,-1.0608e-02,-9.8833e-03,-9.0992e-03,-8.2613e-03,-7.3750e-03,-6.4455e-03,-5.4782e-03,-4.4784e-03,-3.4512e-03,-2.4020e-03,-1.3362e-03,-2.5899e-04,8.2406e-04,1.9073e-03,2.9851e-03,4.0514e-03,5.1002e-03,6.1252e-03,7.1198e-03,8.0772e-03,8.9907e-03,9.8526e-03,1.0656e-02,1.1393e-02,1.2055e-02,1.2635e-02,1.3125e-02,1.3517e-02,1.3802e-02,1.3973e-02,1.4023e-02,1.3944e-02,1.3729e-02,1.3374e-02,1.2874e-02,1.2223e-02,1.1421e-02,1.0467e-02,9.3591e-03,8.1014e-03,6.6974e-03,5.1529e-03,3.4756e-03,1.6755e-03,-2.3638e-04,-2.2466e-03,-4.3403e-03,-6.5014e-03,-8.7123e-03,-1.0955e-02,-1.3209e-02,-1.5457e-02,-1.7677e-02,-1.9849e-02,-2.1953e-02,-2.3968e-02,-2.5874e-02,-2.7651e-02,-2.9277e-02,-3.0732e-02,-3.1993e-02,-3.3038e-02,-3.3844e-02,-3.4387e-02,-3.4643e-02,-3.4585e-02,-3.4187e-02,-3.3424e-02,-3.2269e-02,-3.0695e-02,-2.8677e-02,-2.6191e-02,-2.3214e-02,-1.9727e-02,-1.5710e-02,-1.1151e-02,-6.0364e-03,-3.5929e-04
-3.0529e-04,-2.0831e-03,-3.7181e-03,-5.2093e-03,-6.5574e-03,-7.7628e-03,-8.8274e-03,-9.7536e-03,-1.0545e-02,-1.1203e-02,-1.1734e-02,-1.2142e-02,-1.2430e-02,-1.2605e-02,-1.2671e-02,-1.2634e-02,-1.2499e-02,-1.2272e-02,-1.1959e-02,-1.1564e-02,-1.1093e-02,-1.0552e-02,-9.9461e-03,-9.2802e-03,-8.5595e-03,-7.7891e-03,-6.9740e-03,-6.1191e-03,-5.2292e-03,-4.3090e-03,-3.3636e-03,-2.3976e-03,-1.4157e-03,-4.2297e-04,5.7585e-04,1.5755e-03,2.5711e-03,3.5571e-03,4.5281e-03,5.4784e-03,6.4023e-03,7.2937e-03,8.1461e-03,8.9531e-03,9.7077e-03,1.0403e-02,1.1032e-02,1.1587e-02,1.2061e-02,1.2446e-02,1.2734e-02,1.2918e-02,1.2991e-02,1.2945e-02,1.2774e-02,1.2472e-02,1.2034e-02,1.1455e-02,1.0732e-02,9.8629e-03,8.8474e-03,7.6863e-03,6.3820e-03,4.9394e-03,3.3644e-03,1.6655e-03,-1.4707e-04,-2.0616e-03,-4.0645e-03,-6.1403e-03,-8.2724e-03,-1.0443e-02,-1.2633e-02,-1.4823e-02,-1.6993e-02,-1.9122e-02,-2.1190e-02,-2.3177e-02,-2.5060e-02,-2.6820e-02,-2.8434e-02,-2.9883e-02,-3.1144e-02,-3.2196e-02,-3.3014e-02,-3.3576e-02,-3.3857e-02,-3.3832e-02,-3.3474e-02,-3.2758e-02,-3.1657e-02,-3.0143e-02,-2.8191e-02,-2.5775e-02,-2.2872e-02,-1.9459e-02,-1.5518e-02,-1.1030e-02,-5.9835e-03,-3.6764e-04
-3.0201e-04,-1.9420e-03,-3.4517e-03,-4.8302e-03,-6.0774e-03,-7.1941e-03,-8.1814e-03,-9.0415e-03,-9.7767e-03,-1.0390e-02,-1.0886e-02,-1.1268e-02,-1.1539e-02,-1.1706e-02,-1.1773e-02,-1.1744e-02,-1.1625e-02,-1.1420e-02,-1.1136e-02,-1.0776e-02,-1.0347e-02,-9.8529e-03,-9.2989e-03,-8.6896e-03,-8.0302e-03,-7.3251e-03,-6.5788e-03,-5.7959e-03,-4.9810e-03,-4.1379e-03,-3.2717e-03,-2.3862e-03,-1.4861e-03,-5.7553e-04,3.4099e-04,1.2589e-03,2.1738e-03,3.0807e-03,3.9750e-03,4.8513e-03,5.7047e-03,6.5295e-03,7.3203e-03,8.0709e-03,8.7755e-03,9.4275e-03,1.0020e-02,1.0547e-02,1.1001e-02,1.1376e-02,1.1663e-02,1.1855e-02,1.1947e-02,1.1930e-02,1.1798e-02,1.1546e-02,1.1167e-02,1.0656e-02,1.0010e-02,9.2265e-03,8.3031e-03,7.2399e-03,6.0381e-03,4.7014e-03,3.2341e-03,1.6432e-03,-6.2704e-05,-1.8728e-03,-3.7752e-03,-5.7554e-03,-7.7978e-03,-9.8854e-03,-1.2000e-02,-1.4122e-02,-1.6233e-02,-1.8310e-02,-2.0334e-02,-2.2284e-02,-2.4137e-02,-2.5875e-02,-2.7474e-02,-2.8914e-02,-3.0173e-02,-3.1229e-02,-3.2058e-02,-3.2639e-02,-3.2946e-02,-3.2954e-02,-3.2638e-02,-3.1972e-02,-3.0928e-02,-2.9479e-02,-2.7600e-02,-2.5263e-02,-2.2443e-02,-1.9118e-02,-1.5265e-02,-1.0867e-02,-5.9065e-03,-3.7259e-04
-2.8674e-04,-1.7943e-03,-3.1836e-03,-4.4536e-03,-5.6041e-03,-6.6352e-03,-7.5482e-03,-8.3446e-03,-9.0264e-03,-9.5968e-03,-1.0058e-02,-1.0415e-02,-1.0671e-02,-1.0830e-02,-1.0897e-02,-1.0876e-02,-1.0771e-02,-1.0589e-02,-1.0332e-02,-1.0007e-02,-9.6176e-03,-9.1686e-03,-8.6646e-03,-8.1101e-03,-7.5094e-03,-6.8670e-03,-6.1869e-03,-5.4734e-03,-4.7304e-03,-3.9619e-03,-3.1719e-03,-2.3645e-03,-1.5432e-03,-7.1225e-04,1.2440e-04,9.6289e-04,1.7991e-03,2.6287e-03,3.4475e-03,4.2509e-03,5.0344e-03,5.7931e-03,6.5220e-03,7.2156e-03,7.8689e-03,8.4757e-03,9.0303e-03,9.5266e-03,9.9580e-03,1.0318e-02,1.0600e-02,1.0797e-02,1.0903e-02,1.0911e-02,1.0814e-02,1.0606e-02,1.0283e-02,9.8369e-03,9.2655e-03,8.5646e-03,7.7321e-03,6.7665e-03,5.6684e-03,4.4395e-03,3.0833e-03,1.6050e-03,1.2174e-05,-1.6865e-03,-3.4800e-03,-5.3554e-03,-7.2985e-03,-9.2931e-03,-1.1322e-02,-1.3366e-02,-1.5407e-02,-1.7423e-02,-1.9394e-02,-2.1300e-02,-2.3118e-02,-2.4827e-02,-2.6406e-02,-2.7834e-02,-2.9088e-02,-3.0146e-02,-3.0986e-02,-3.1584e-02,-3.1917e-02,-3.1961e-02,-3.1688e-02,-3.1074e-02,-3.0092e-02,-2.8713e-02,-2.6912e-02,-2.4661e-02,-2.1935e-02,-1.8708e-02,-1.4958e-02,-1.0663e-02,-5.8073e-03,-3.7549e-04
-2.5985e-04,-1.6403e-03,-2.9141e-03,-4.0799e-03,-5.1373e-03,-6.0865e-03,-6.9280e-03,-7.6632e-03,-8.2938e-03,-8.8222e-03,-9.2515e-03,-9.5844e-03,-9.8248e-03,-9.9765e-03,-1.0043e-02,-1.0030e-02,-9.9395e-03,-9.7776e-03,-9.5481e-03,-9.2554e-03,-8.9040e-03,-8.4980e-03,-8.0419e-03,-7.5396e-03,-6.9952e-03,-6.4128e-03,-5.7961e-03,-5.1489e-03,-4.4749e-03,-3.7779e-03,-3.0613e-03,-2.3287e-03,-1.5834e-03,-8.2927e-04,-6.9454e-05,6.9206e-04,1.4518e-03,2.2065e-03,2.9517e-03,3.6838e-03,4.3987e-03,5.0920e-03,5.7593e-03,6.3960e-03,6.9973e-03,7.5580e-03,8.0728e-03,8.5360e-03,8.9421e-03,9.2849e-03,9.5585e-03,9.7563e-03,9.8723e-03,9.9000e-03,9.8334e-03,9.6663e-03,9.3928e-03,9.0079e-03,8.5068e-03,7.8857e-03,7.1412e-03,6.2717e-03,5.2763e-03,4.1557e-03,2.9122e-03,1.5496e-03,7.3634e-05,-1.5081e-03,-3.1861e-03,-4.9493e-03,-6.7845e-03,-8.6769e-03,-1.0610e-02,-1.2567e-02,-1.4528e-02,-1.6474e-02,-1.8384e-02,-2.0237e-02,-2.2012e-02,-2.3687e-02,-2.5242e-02,-2.6653e-02,-2.7899e-02,-2.8958e-02,-2.9807e-02,-3.0423e-02,-3.0782e-02,-3.0861e-02,-3.0634e-02,-3.0075e-02,-2.9157e-02,-2.7853e-02,-2.6136e-02,-2.3978e-02,-2.1353e-02,-1.8235e-02,-1.4599e-02,-1.0423e-02,-5.6881e-03,-3.7667e-04
-2.2195e-04,-1.4808e-03,-2.6438e-03,-3.7099e-03,-4.6781e-03,-5.5484e-03,-6.3213e-03,-6.9977e-03,-7.5791e-03,-8.0675e-03,-8.4652e-03,-8.7753e-03,-9.0008e-03,-9.1451e-03,-9.2120e-03,-9.2051e-03,-9.1285e-03,-8.9862e-03,-8.7820e-03,-8.5203e-03,-8.2052e-03,-7.8402e-03,-7.4295e-03,-6.9769e-03,-6.4861e-03,-5.9607e-03,-5.4044e-03,-4.8206e-03,-4.2126e-03,-3.5836e-03,-2.9368e-03,-2.2759e-03,-1.6034e-03,-9.2279e-04,-2.3698e-04,4.5065e-04,1.1370e-03,1.8189e-03,2.4930e-03,3.1557e-03,3.8036e-03,4.4328e-03,5.0396e-03,5.6198e-03,6.1690e-03,6.6830e-03,7.1567e-03,7.5856e-03,7.9641e-03,8.2871e-03,8.5488e-03,8.7437e-03,8.8658e-03,8.9091e-03,8.8678e-03,8.7361e-03,8.5085e-03,8.1793e-03,7.7440e-03,7.1982e-03,6.5383e-03,5.7616e-03,4.8667e-03,3.8531e-03,2.7223e-03,1.4761e-03,1.1957e-04,-1.3416e-03,-2.8997e-03,-4.5446e-03,-6.2651e-03,-8.0476e-03,-9.8771e-03,-1.1737e-02,-1.3610e-02,-1.5476e-02,-1.7316e-02,-1.9109e-02,-2.0834e-02,-2.2469e-02,-2.3993e-02,-2.5383e-02,-2.6618e-02,-2.7675e-02,-2.8531e-02,-2.9164e-02,-2.9551e-02,-2.9666e-02,-2.9485e-02,-2.8983e-02,-2.8133e-02,-2.6908e-02,-2.5280e-02,-2.3221e-02,-2.0705e-02,-1.7705e-02,-1.4195e-02,-1.0150e-02,-5.5509e-03,-3.7710e-04
-1.7430e-04,-1.3167e-03,-2.3740e-03,-3.3444e-03,-4.2273e-03,-5.0224e-03,-5.7293e-03,-6.3492e-03,-6.8832e-03,-7.3329e-03,-7.7005e-03,-7.9883e-03,-8.1993e-03,-8.3362e-03,-8.4027e-03,-8.4022e-03,-8.3380e-03,-8.2140e-03,-8.0339e-03,-7.8014e-03,-7.5203e-03,-7.1940e-03,-6.8265e-03,-6.4208e-03,-5.9808e-03,-5.5096e-03,-5.0104e-03,-4.4865e-03,-3.9410e-03,-3.3767e-03,-2.7967e-03,-2.2036e-03,-1.6004e-03,-9.8986e-04,-3.7471e-04,2.4224e-04,8.5827e-04,1.4704e-03,2.0759e-03,2.6717e-03,3.2547e-03,3.8217e-03,4.3691e-03,4.8936e-03,5.3913e-03,5.8585e-03,6.2907e-03,6.6840e-03,7.0334e-03,7.3342e-03,7.5815e-03,7.7700e-03,7.8942e-03,7.9490e-03,7.9285e-03,7.8273e-03,7.6402e-03,7.3616e-03,6.9867e-03,6.5111e-03,5.9310e-03,5.2431e-03,4.4452e-03,3.5361e-03,2.5157e-03,1.3856e-03,1.4856e-04,-1.1905e-03,-2.6255e-03,-4.1484e-03,-5.7488e-03,-7.4152e-03,-9.1338e-03,-1.0890e-02,-1.2666e-02,-1.4445e-02,-1.6206e-02,-1.7931e-02,-1.9598e-02,-2.1186e-02,-2.2673e-02,-2.4038e-02,-2.5257e-02,-2.6309e-02,-2.7171e-02,-2.7820e-02,-2.8233e-02,-2.8385e-02,-2.8253e-02,-2.7810e-02,-2.7030e-02,-2.5886e-02,-2.4352e-02,-2.2399e-02,-1.9999e-02,-1.7124e-02,-1.3749e-02,-9.8479e-03,-5.3976e-03,-3.7730e-04
-1.1817e-04,-1.1497e-03,-2.1060e-03,-2.9850e-03,-3.7864e-03,-4.5090e-03,-5.1531e-03,-5.7188e-03,-6.2073e-03,-6.6198e-03,-6.9581e-03,-7.2244e-03,-7.4209e-03,-7.5506e-03,-7.6162e-03,-7.6213e-03,-7.5684e-03,-7.4616e-03,-7.3038e-03,-7.0986e-03,-6.8493e-03,-6.5594e-03,-6.2322e-03,-5.8708e-03,-5.4785e-03,-5.0582e-03,-4.6130e-03,-4.1457e-03,-3.6592e-03,-3.1559e-03,-2.6388e-03,-2.1100e-03,-1.5725e-03,-1.0284e-03,-4.8022e-04,6.9596e-05,6.1858e-04,1.1642e-03,1.7042e-03,2.2358e-03,2.7562e-03,3.2629e-03,3.7529e-03,4.2232e-03,4.6703e-03,5.0912e-03,5.4819e-03,5.8388e-03,6.1579e-03,6.4349e-03,6.6651e-03,6.8445e-03,6.9675e-03,7.0296e-03,7.0253e-03,6.9499e-03,6.7980e-03,6.5645e-03,6.2447e-03,5.8339e-03,5.3281e-03,4.7237e-03,4.0182e-03,3.2092e-03,2.2962e-03,1.2796e-03,1.6091e-04,-1.0564e-03,-2.3676e-03,-3.7658e-03,-5.2430e-03,-6.7889e-03,-8.3912e-03,-1.0036e-02,-1.1709e-02,-1.3392e-02,-1.5068e-02,-1.6717e-02,-1.8319e-02,-1.9853e-02,-2.1297e-02,-2.2630e-02,-2.3830e-02,-2.4874e-02,-2.5739e-02,-2.6402e-02,-2.6841e-02,-2.7030e-02,-2.6946e-02,-2.6564e-02,-2.5857e-02,-2.4799e-02,-2.3361e-02,-2.1518e-02,-1.9239e-02,-1.6498e-02,-1.3267e-02,-9.5194e-03,-5.2305e-03,-3.7780e-04
-5.5604e-05,-9.8161e-04,-1.8417e-03,-2.6339e-03,-3.3571e-03,-4.0108e-03,-4.5944e-03,-5.1083e-03,-5.5529e-03,-5.9295e-03,-6.2395e-03,-6.4846e-03,-6.6671e-03,-6.7891e-03,-6.8534e-03,-6.8630e-03,-6.8206e-03,-6.7291e-03,-6.5919e-03,-6.4120e-03,-6.1925e-03,-5.9364e-03,-5.6469e-03,-5.3269e-03,-4.9791e-03,-4.6066e-03,-4.2119e-03,-3.7976e-03,-3.3663e-03,-2.9204e-03,-2.4622e-03,-1.9941e-03,-1.5182e-03,-1.0367e-03,-5.5175e-04,-6.5543e-05,4.2007e-04,9.0276e-04,1.3803e-03,1.8507e-03,2.3117e-03,2.7606e-03,3.1952e-03,3.6129e-03,4.0108e-03,4.3861e-03,4.7357e-03,5.0563e-03,5.3442e-03,5.5961e-03,5.8077e-03,5.9752e-03,6.0941e-03,6.1598e-03,6.1677e-03,6.1133e-03,5.9914e-03,5.7975e-03,5.5268e-03,5.1748e-03,4.7375e-03,4.2109e-03,3.5919e-03,2.8781e-03,2.0680e-03,1.1610e-03,1.5769e-04,-9.3980e-04,-2.1280e-03,-3.4016e-03,-4.7539e-03,-6.1764e-03,-7.6586e-03,-9.1882e-03,-1.0752e-02,-1.2333e-02,-1.3916e-02,-1.5482e-02,-1.7012e-02,-1.8485e-02,-1.9880e-02,-2.1176e-02,-2.2351e-02,-2.3382e-02,-2.4247e-02,-2.4923e-02,-2.5386e-02,-2.5612e-02,-2.5577e-02,-2.5256e-02,-2.4624e-02,-2.3653e-02,-2.2316e-02,-2.0586e-02,-1.8435e-02,-1.5833e-02,-1.2753e-02,-9.1678e-03,-5.0510e-03,-3.7839e-04
1.1437e-05,-8.1455e-04,-1.5831e-03,-2.2926e-03,-2.9415e-03,-3.5292e-03,-4.0551e-03,-4.5192e-03,-4.9217e-03,-5.2637e-03,-5.5461e-03,-5.7706e-03,-5.9389e-03,-6.0532e-03,-6.1155e-03,-6.1287e-03,-6.0953e-03,-6.0180e-03,-5.8996e-03,-5.7428e-03,-5.5506e-03,-5.3258e-03,-5.0711e-03,-4.7893e-03,-4.4831e-03,-4.1548e-03,-3.8070e-03,-3.4422e-03,-3.0624e-03,-2.6699e-03,-2.2668e-03,-1.8553e-03,-1.4373e-03,-1.0143e-03,-5.8857e-04,-1.6191e-04,2.6403e-04,6.8738e-04,1.1061e-03,1.5186e-03,1.9230e-03,2.3170e-03,2.6986e-03,3.0658e-03,3.4163e-03,3.7473e-03,4.0566e-03,4.3411e-03,4.5978e-03,4.8237e-03,5.0153e-03,5.1689e-03,5.2808e-03,5.3471e-03,5.3633e-03,5.3254e-03,5.2289e-03,5.0691e-03,4.8417e-03,4.5425e-03,4.1672e-03,3.7120e-03,3.1736e-03,2.5488e-03,1.8359e-03,1.0334e-03,1.4104e-04,-8.4013e-04,-1.9077e-03,-3.0582e-03,-4.2860e-03,-5.5844e-03,-6.9443e-03,-8.3554e-03,-9.8052e-03,-1.1280e-02,-1.2764e-02,-1.4241e-02,-1.5692e-02,-1.7097e-02,-1.8437e-02,-1.9690e-02,-2.0835e-02,-2.1849e-02,-2.2710e-02,-2.3394e-02,-2.3879e-02,-2.4141e-02,-2.4155e-02,-2.3896e-02,-2.3339e-02,-2.2457e-02,-2.1224e-02,-1.9611e-02,-1.7590e-02,-1.5133e-02,-1.2211e-02,-8.7962e-03,-4.8606e-03,-3.7917e-04
8.0444e-05,-6.5070e-04,-1.3325e-03,-1.9634e-03,-2.5420e-03,-3.0666e-03,-3.5374e-03,-3.9536e-03,-4.3159e-03,-4.6244e-03,-4.8802e-03,-5.0844e-03,-5.2386e-03,-5.3445e-03,-5.4044e-03,-5.4202e-03,-5.3945e-03,-5.3294e-03,-5.2278e-03,-5.0921e-03,-4.9250e-03,-4.7288e-03,-4.5060e-03,-4.2595e-03,-3.9914e-03,-3.7039e-03,-3.3995e-03,-3.0803e-03,-2.7483e-03,-2.4053e-03,-2.0534e-03,-1.6944e-03,-1.3299e-03,-9.6142e-04,-5.9091e-04,-2.1971e-04,1.5069e-04,5.1820e-04,8.8198e-04,1.2401e-03,1.5910e-03,1.9332e-03,2.2648e-03,2.5840e-03,2.8889e-03,3.1775e-03,3.4475e-03,3.6966e-03,3.9223e-03,4.1219e-03,4.2924e-03,4.4307e-03,4.5336e-03,4.5973e-03,4.6184e-03,4.5930e-03,4.5170e-03,4.3863e-03,4.1967e-03,3.9441e-03,3.6246e-03,3.2341e-03,2.7694e-03,2.2271e-03,1.6050e-03,9.0087e-04,1.1388e-04,-7.5570e-04,-1.7069e-03,-2.7372e-03,-3.8426e-03,-5.0176e-03,-6.2550e-03,-7.5460e-03,-8.8798e-03,-1.0244e-02,-1.1625e-02,-1.3007e-02,-1.4373e-02,-1.5706e-02,-1.6984e-02,-1.8188e-02,-1.9297e-02,-2.0288e-02,-2.1140e-02,-2.1830e-02,-2.2335e-02,-2.2629e-02,-2.2691e-02,-2.2493e-02,-2.2012e-02,-2.1221e-02,-2.0092e-02,-1.8599e-02,-1.6713e-02,-1.4404e-02,-1.1645e-02,-8.4065e-03,-4.6602e-03,-3.7929e-04
1.4921e-04,-4.9262e-04,-1.0926e-03,-1.6488e-03,-2.1603e-03,-2.6254e-03,-3.0434e-03,-3.4143e-03,-3.7377e-03,-4.0139e-03,-4.2436e-03,-4.4281e-03,-4.5680e-03,-4.6654e-03,-4.7219e-03,-4.7394e-03,-4.7199e-03,-4.6657e-03,-4.5790e-03,-4.4619e-03,-4.3173e-03,-4.1469e-03,-3.9534e-03,-3.7389e-03,-3.5056e-03,-3.2558e-03,-2.9911e-03,-2.7136e-03,-2.4253e-03,-2.1279e-03,-1.8231e-03,-1.5122e-03,-1.1971e-03,-8.7912e-04,-5.5958e-04,-2.3995e-04,7.8715e-05,3.9507e-04,7.0743e-04,1.0149e-03,1.3160e-03,1.6096e-03,1.8940e-03,2.1679e-03,2.4298e-03,2.6778e-03,2.9102e-03,3.1250e-03,3.3201e-03,3.4935e-03,3.6424e-03,3.7642e-03,3.8563e-03,3.9154e-03,3.9385e-03,3.9217e-03,3.8619e-03,3.7552e-03,3.5980e-03,3.3861e-03,3.1159e-03,2.7835e-03,2.3856e-03,1.9188e-03,1.3803e-03,7.6782e-04,7.9863e-05,-6.8430e-04,-1.5244e-03,-2.4392e-03,-3.4257e-03,-4.4798e-03,-5.5961e-03,-6.7671e-03,-7.9839e-03,-9.2359e-03,-1.0511e-02,-1.1794e-02,-1.3071e-02,-1.4324e-02,-1.5534e-02,-1.6683e-02,-1.7751e-02,-1.8715e-02,-1.9553e-02,-2.0244e-02,-2.0764e-02,-2.1089e-02,-2.1196e-02,-2.1058e-02,-2.0652e-02,-1.9951e-02,-1.8929e-02,-1.7557e-02,-1.5807e-02,-1.3650e-02,-1.1058e-02,-8.0011e-03,-4.4504e-03,-3.7774e-04
2.1533e-04,-3.4263e-04,-8.6547e-04,-1.3515e-03,-1.7994e-03,-2.2079e-03,-2.5760e-03,-2.9033e-03,-3.1895e-03,-3.4344e-03,-3.6391e-03,-3.8039e-03,-3.9297e-03,-4.0183e-03,-4.0705e-03,-4.0886e-03,-4.0739e-03,-4.0287e-03,-3.9550e-03,-3.8547e-03,-3.7300e-03,-3.5828e-03,-3.4155e-03,-3.2299e-03,-3.0283e-03,-2.8120e-03,-2.5836e-03,-2.3441e-03,-2.0958e-03,-1.8398e-03,-1.5778e-03,-1.3112e-03,-1.0414e-03,-7.6941e-04,-4.9668e-04,-2.2423e-04,4.6946e-05,3.1554e-04,5.8084e-04,8.4152e-04,1.0964e-03,1.3448e-03,1.5854e-03,1.8169e-03,2.0382e-03,2.2478e-03,2.4445e-03,2.6266e-03,2.7921e-03,2.9396e-03,3.0670e-03,3.1717e-03,3.2515e-03,3.3040e-03,3.3263e-03,3.3153e-03,3.2678e-03,3.1808e-03,3.0508e-03,2.8738e-03,2.6467e-03,2.3658e-03,2.0276e-03,1.6289e-03,1.1669e-03,6.3869e-04,4.2483e-05,-6.2314e-04,-1.3585e-03,-2.1632e-03,-3.0357e-03,-3.9732e-03,-4.9714e-03,-6.0242e-03,-7.1248e-03,-8.2637e-03,-9.4302e-03,-1.0613e-02,-1.1796e-02,-1.2965e-02,-1.4104e-02,-1.5192e-02,-1.6212e-02,-1.7143e-02,-1.7962e-02,-1.8649e-02,-1.9180e-02,-1.9532e-02,-1.9681e-02,-1.9601e-02,-1.9269e-02,-1.8657e-02,-1.7740e-02,-1.6490e-02,-1.4878e-02,-1.2875e-02,-1.0453e-02,-7.5813e-03,-4.2311e-03,-3.7339e-04
2.7610e-04,-2.0324e-04,-6.5369e-04,-1.0736e-03,-1.4617e-03,-1.8166e-03,-2.1372e-03,-2.4230e-03,-2.6736e-03,-2.8890e-03,-3.0691e-03,-3.2145e-03,-3.3264e-03,-3.4055e-03,-3.4529e-03,-3.4704e-03,-3.4595e-03,-3.4218e-03,-3.3589e-03,-3.2729e-03,-3.1657e-03,-3.0391e-03,-2.8952e-03,-2.7355e-03,-2.5619e-03,-2.3761e-03,-2.1801e-03,-1.9750e-03,-1.7625e-03,-1.5441e-03,-1.3210e-03,-1.0945e-03,-8.6546e-04,-6.3533e-04,-4.0501e-04,-1.7553e-04,5.2340e-05,2.7765e-04,4.9960e-04,7.1725e-04,9.3005e-04,1.1367e-03,1.3368e-03,1.5290e-03,1.7126e-03,1.8864e-03,2.0494e-03,2.2003e-03,2.3378e-03,2.4602e-03,2.5661e-03,2.6534e-03,2.7204e-03,2.7648e-03,2.7842e-03,2.7761e-03,2.7377e-03,2.6663e-03,2.5585e-03,2.4113e-03,2.2214e-03,1.9854e-03,1.7002e-03,1.3624e-03,9.6916e-04,5.1763e-04,5.4166e-06,-5.6894e-04,-1.2067e-03,-1.9082e-03,-2.6729e-03,-3.4988e-03,-4.3831e-03,-5.3213e-03,-6.3077e-03,-7.3345e-03,-8.3932e-03,-9.4725e-03,-1.0560e-02,-1.1643e-02,-1.2704e-02,-1.3728e-02,-1.4695e-02,-1.5587e-02,-1.6382e-02,-1.7059e-02,-1.7596e-02,-1.7970e-02,-1.8157e-02,-1.8132e-02,-1.7871e-02,-1.7347e-02,-1.6534e-02,-1.5405e-02,-1.3930e-02,-1.2083e-02,-9.8322e-03,-7.1488e-03,-4.0027e-03,-3.6450e-04
3.2943e-04,-7.6510e-05,-4.5937e-04,-8.1758e-04,-1.1494e-03,-1.4539e-03,-1.7297e-03,-1.9764e-03,-2.1929e-03,-2.3795e-03,-2.5360e-03,-2.6629e-03,-2.7605e-03,-2.8298e-03,-2.8720e-03,-2.8878e-03,-2.8790e-03,-2.8472e-03,-2.7935e-03,-2.7198e-03,-2.6278e-03,-2.5190e-03,-2.3955e-03,-2.2585e-03,-2.1100e-03,-1.9512e-03,-1.7840e-03,-1.6095e-03,-1.4291e-03,-1.2442e-03,-1.0558e-03,-8.6512e-04,-6.7300e-04,-4.8042e-04,-2.8833e-04,-9.7506e-05,9.1270e-05,2.7741e-04,4.6030e-04,6.3891e-04,8.1310e-04,9.8193e-04,1.1448e-03,1.3009e-03,1.4498e-03,1.5906e-03,1.7223e-03,1.8440e-03,1.9549e-03,2.0534e-03,2.1386e-03,2.2087e-03,2.2623e-03,2.2976e-03,2.3125e-03,2.3050e-03,2.2728e-03,2.2132e-03,2.1235e-03,2.0011e-03,1.8429e-03,1.6457e-03,1.4067e-03,1.1228e-03,7.9090e-04,4.0815e-04,-2.7612e-05,-5.1871e-04,-1.0667e-03,-1.6725e-03,-2.3362e-03,-3.0569e-03,-3.8329e-03,-4.6610e-03,-5.5367e-03,-6.4540e-03,-7.4056e-03,-8.3826e-03,-9.3739e-03,-1.0367e-02,-1.1349e-02,-1.2303e-02,-1.3213e-02,-1.4060e-02,-1.4826e-02,-1.5488e-02,-1.6026e-02,-1.6416e-02,-1.6636e-02,-1.6662e-02,-1.6468e-02,-1.6029e-02,-1.5318e-02,-1.4307e-02,-1.2970e-02,-1.1277e-02,-9.1984e-03,-6.7044e-03,-3.7649e-03,-3.4959e-04
3.7322e-04,3.5174e-05,-2.8485e-04,-5.8525e-04,-8.6479e-04,-1.1220e-03,-1.3557e-03,-1.5652e-03,-1.7497e-03,-1.9089e-03,-2.0426e-03,-2.1513e-03,-2.2349e-03,-2.2943e-03,-2.3302e-03,-2.3438e-03,-2.3361e-03,-2.3083e-03,-2.2619e-03,-2.1985e-03,-2.1193e-03,-2.0261e-03,-1.9201e-03,-1.8029e-03,-1.6762e-03,-1.5412e-03,-1.3993e-03,-1.2517e-03,-1.0997e-03,-9.4429e-04,-7.8654e-04,-6.2752e-04,-4.6817e-04,-3.0901e-04,-1.5097e-04,5.4464e-06,1.5927e-04,3.1055e-04,4.5807e-04,6.0192e-04,7.4152e-04,8.7600e-04,1.0053e-03,1.1290e-03,1.2462e-03,1.3566e-03,1.4596e-03,1.5543e-03,1.6404e-03,1.7165e-03,1.7818e-03,1.8352e-03,1.8755e-03,1.9009e-03,1.9102e-03,1.9016e-03,1.8728e-03,1.8221e-03,1.7468e-03,1.6446e-03,1.5129e-03,1.3491e-03,1.1500e-03,9.1296e-04,6.3521e-04,3.1388e-04,-5.3704e-05,-4.6954e-04,-9.3574e-04,-1.4537e-03,-2.0240e-03,-2.6468e-03,-3.3210e-03,-4.0448e-03,-4.8145e-03,-5.6263e-03,-6.4736e-03,-7.3494e-03,-8.2442e-03,-9.1477e-03,-1.0047e-02,-1.0929e-02,-1.1778e-02,-1.2576e-02,-1.3306e-02,-1.3948e-02,-1.4480e-02,-1.4882e-02,-1.5131e-02,-1.5201e-02,-1.5070e-02,-1.4711e-02,-1.4098e-02,-1.3205e-02,-1.2002e-02,-1.0462e-02,-8.5543e-03,-6.2498e-03,-3.5173e-03,-3.2666e-04
4.0536e-04,1.2998e-04,-1.3201e-04,-3.7920e-04,-6.0980e-04,-8.2309e-04,-1.0174e-03,-1.1919e-03,-1.3462e-03,-1.4795e-03,-1.5915e-03,-1.6822e-03,-1.7522e-03,-1.8013e-03,-1.8309e-03,-1.8412e-03,-1.8334e-03,-1.8086e-03,-1.7679e-03,-1.7126e-03,-1.6441e-03,-1.5639e-03,-1.4729e-03,-1.3727e-03,-1.2647e-03,-1.1501e-03,-1.0302e-03,-9.0588e-04,-7.7850e-04,-6.4888e-04,-5.1811e-04,-3.8675e-04,-2.5602e-04,-1.2610e-04,1.9595e-06,1.2800e-04,2.5132e-04,3.7142e-04,4.8815e-04,6.0091e-04,7.0950e-04,8.1377e-04,9.1309e-04,1.0075e-03,1.0964e-03,1.1794e-03,1.2564e-03,1.3267e-03,1.3898e-03,1.4452e-03,1.4919e-03,1.5293e-03,1.5563e-03,1.5719e-03,1.5747e-03,1.5635e-03,1.5364e-03,1.4917e-03,1.4277e-03,1.3419e-03,1.2321e-03,1.0962e-03,9.3128e-04,7.3472e-04,5.0411e-04,2.3659e-04,-7.0378e-05,-4.1895e-04,-8.1155e-04,-1.2497e-03,-1.7348e-03,-2.2672e-03,-2.8470e-03,-3.4729e-03,-4.1429e-03,-4.8538e-03,-5.6008e-03,-6.3782e-03,-7.1782e-03,-7.9920e-03,-8.8088e-03,-9.6162e-03,-1.0401e-02,-1.1146e-02,-1.1836e-02,-1.2452e-02,-1.2973e-02,-1.3380e-02,-1.3651e-02,-1.3760e-02,-1.3686e-02,-1.3403e-02,-1.2884e-02,-1.2102e-02,-1.1031e-02,-9.6408e-03,-7.9025e-03,-5.7858e-03,-3.2599e-03,-2.9404e-04
4.2460e-04,2.0636e-04,-2.4214e-06,-2.0061e-04,-3.8633e-04,-5.5880e-04,-7.1657e-04,-8.5875e-04,-9.8448e-04,-1.0933e-03,-1.1847e-03,-1.2585e-03,-1.3149e-03,-1.3542e-03,-1.3767e-03,-1.3832e-03,-1.3743e-03,-1.3510e-03,-1.3145e-03,-1.2659e-03,-1.2059e-03,-1.1362e-03,-1.0578e-03,-9.7196e-04,-8.7971e-04,-7.8244e-04,-6.8114e-04,-5.7695e-04,-4.7054e-04,-3.6304e-04,-2.5543e-04,-1.4810e-04,-4.1813e-05,6.2637e-05,1.6510e-04,2.6471e-04,3.6132e-04,4.5463e-04,5.4424e-04,6.2993e-04,7.1172e-04,7.8930e-04,8.6226e-04,9.3073e-04,9.9449e-04,1.0534e-03,1.1071e-03,1.1554e-03,1.1977e-03,1.2342e-03,1.2638e-03,1.2862e-03,1.3008e-03,1.3065e-03,1.3025e-03,1.2876e-03,1.2606e-03,1.2200e-03,1.1643e-03,1.0914e-03,9.9967e-04,8.8697e-04,7.5077e-04,5.8884e-04,3.9887e-04,1.7807e-04,-7.5795e-05,-3.6511e-04,-6.9204e-04,-1.0588e-03,-1.4668e-03,-1.9170e-03,-2.4100e-03,-2.9454e-03,-3.5221e-03,-4.1381e-03,-4.7899e-03,-5.4726e-03,-6.1807e-03,-6.9063e-03,-7.6406e-03,-8.3728e-03,-9.0906e-03,-9.7799e-03,-1.0426e-02,-1.1011e-02,-1.1516e-02,-1.1922e-02,-1.2208e-02,-1.2351e-02,-1.2327e-02,-1.2113e-02,-1.1682e-02,-1.1008e-02,-1.0063e-02,-8.8188e-03,-7.2461e-03,-5.3142e-03,-2.9929e-03,-2.5091e-04
4.2953e-04,2.6309e-04,1.0249e-04,-5.0917e-05,-1.9572e-04,-3.3083e-04,-4.5492e-04,-5.6721e-04,-6.6651e-04,-7.5243e-04,-8.2437e-04,-8.8223e-04,-9.2579e-04,-9.5499e-04,-9.7029e-04,-9.7229e-04,-9.6168e-04,-9.3898e-04,-9.0517e-04,-8.6127e-04,-8.0829e-04,-7.4693e-04,-6.7880e-04,-6.0467e-04,-5.2563e-04,-4.4291e-04,-3.5720e-04,-2.6961e-04,-1.8118e-04,-9.2275e-05,-3.9861e-06,8.3134e-05,1.6838e-04,2.5157e-04,3.3199e-04,4.0928e-04,4.8316e-04,5.5351e-04,6.2004e-04,6.8266e-04,7.4122e-04,7.9557e-04,8.4597e-04,8.9218e-04,9.3406e-04,9.7161e-04,1.0049e-03,1.0338e-03,1.0579e-03,1.0772e-03,1.0915e-03,1.1004e-03,1.1031e-03,1.0994e-03,1.0885e-03,1.0695e-03,1.0415e-03,1.0033e-03,9.5347e-04,8.9083e-04,8.1347e-04,7.1964e-04,6.0735e-04,4.7475e-04,3.1929e-04,1.3874e-04,-6.9119e-05,-3.0661e-04,-5.7585e-04,-8.7921e-04,-1.2184e-03,-1.5944e-03,-2.0086e-03,-2.4615e-03,-2.9522e-03,-3.4798e-03,-4.0420e-03,-4.6352e-03,-5.2552e-03,-5.8954e-03,-6.5488e-03,-7.2059e-03,-7.8560e-03,-8.4873e-03,-9.0855e-03,-9.6350e-03,-1.0119e-02,-1.0518e-02,-1.0814e-02,-1.0983e-02,-1.1003e-02,-1.0852e-02,-1.0502e-02,-9.9288e-03,-9.1045e-03,-8.0008e-03,-6.5884e-03,-4.8375e-03,-2.7172e-03,-1.9611e-04
4.1890e-04,2.9893e-04,1.8185e-04,6.8761e-05,-3.8847e-05,-1.4010e-04,-2.3369e-04,-3.1845e-04,-3.9365e-04,-4.5852e-04,-5.1239e-04,-5.5505e-04,-5.8625e-04,-6.0593e-04,-6.1419e-04,-6.1157e-04,-5.9835e-04,-5.7539e-04,-5.4311e-04,-5.0267e-04,-4.5448e-04,-4.0009e-04,-3.4011e-04,-2.7526e-04,-2.0707e-04,-1.3585e-04,-6.3114e-05,1.0870e-05,8.4974e-05,1.5834e-04,2.3057e-04,3.0098e-04,3.6905e-04,4.3431e-04,4.9642e-04,5.5514e-04,6.1017e-04,6.6131e-04,7.0851e-04,7.5164e-04,7.9080e-04,8.2581e-04,8.5697e-04,8.8415e-04,9.0739e-04,9.2686e-04,9.4274e-04,9.5476e-04,9.6303e-04,9.6749e-04,9.6825e-04,9.6481e-04,9.5705e-04,9.4467e-04,9.2703e-04,9.0372e-04,8.7399e-04,8.3676e-04,7.9127e-04,7.3621e-04,6.7015e-04,5.9175e-04,4.9923e-04,3.9082e-04,2.6445e-04,1.1827e-04,-5.0329e-05,-2.4291e-04,-4.6218e-04,-7.0983e-04,-9.8801e-04,-1.2984e-03,-1.6421e-03,-2.0200e-03,-2.4324e-03,-2.8788e-03,-3.3580e-03,-3.8676e-03,-4.4040e-03,-4.9626e-03,-5.5372e-03,-6.1207e-03,-6.7036e-03,-7.2754e-03,-7.8236e-03,-8.3345e-03,-8.7921e-03,-9.1794e-03,-9.4777e-03,-9.6663e-03,-9.7240e-03,-9.6273e-03,-9.3519e-03,-8.8722e-03,-8.1614e-03,-7.1917e-03,-5.9338e-03,-4.3582e-03,-2.4338e-03,-1.2919e-04
3.9244e-04,3.1351e-04,2.3512e-04,1.5799e-04,8.3394e-05,1.2465e-05,-5.3577e-05,-1.1357e-04,-1.6697e-04,-2.1261e-04,-2.5021e-04,-2.7884e-04,-2.9850e-04,-3.0902e-04,-3.1050e-04,-3.0296e-04,-2.8694e-04,-2.6291e-04,-2.3134e-04,-1.9299e-04,-1.4880e-04,-9.9145e-05,-4.5352e-05,1.2033e-05,7.1891e-05,1.3383e-04,1.9652e-04,2.5947e-04,3.2204e-04,3.8319e-04,4.4245e-04,4.9951e-04,5.5378e-04,6.0468e-04,6.5215e-04,6.9576e-04,7.3542e-04,7.7108e-04,8.0262e-04,8.2992e-04,8.5317e-04,8.7239e-04,8.8767e-04,8.9923e-04,9.0700e-04,9.1153e-04,9.1269e-04,9.1054e-04,9.0536e-04,8.9728e-04,8.8633e-04,8.7241e-04,8.5543e-04,8.3514e-04,8.1146e-04,7.8394e-04,7.5188e-04,7.1495e-04,6.7232e-04,6.2284e-04,5.6587e-04,4.9976e-04,4.2310e-04,3.3475e-04,2.3257e-04,1.1482e-04,-2.0012e-05,-1.7448e-04,-3.5065e-04,-5.5017e-04,-7.7518e-04,-1.0275e-03,-1.3087e-03,-1.6199e-03,-1.9618e-03,-2.3346e-03,-2.7377e-03,-3.1695e-03,-3.6282e-03,-4.1097e-03,-4.6096e-03,-5.1216e-03,-5.6382e-03,-6.1504e-03,-6.6472e-03,-7.1165e-03,-7.5442e-03,-7.9144e-03,-8.2100e-03,-8.4116e-03,-8.4989e-03,-8.4496e-03,-8.2406e-03,-7.8465e-03,-7.2414e-03,-6.3979e-03,-5.2871e-03,-3.8798e-03,-2.1450e-03,-5.1461e-05
3.4980e-04,3.0690e-04,2.6194e-04,2.1627e-04,1.7086e-04,1.2655e-04,8.4855e-05,4.6633e-05,1.2882e-05,-1.5877e-05,-3.8393e-05,-5.4516e-05,-6.3792e-05,-6.5930e-05,-6.0834e-05,-4.8824e-05,-2.9452e-05,-4.0531e-06,2.7530e-05,6.4522e-05,1.0638e-04,1.5225e-04,2.0161e-04,2.5333e-04,3.0712e-04,3.6195e-04,4.1697e-04,4.7145e-04,5.2493e-04,5.7668e-04,6.2606e-04,6.7274e-04,7.1614e-04,7.5628e-04,7.9232e-04,8.2437e-04,8.5214e-04,8.7579e-04,8.9487e-04,9.0985e-04,9.2065e-04,9.2734e-04,9.3016e-04,9.2915e-04,9.2477e-04,9.1711e-04,9.0641e-04,8.9302e-04,8.7693e-04,8.5846e-04,8.3787e-04,8.1512e-04,7.9015e-04,7.6326e-04,7.3428e-04,7.0276e-04,6.6859e-04,6.3135e-04,5.9051e-04,5.4539e-04,4.9512e-04,4.3881e-04,3.7517e-04,3.0293e-04,2.2071e-04,1.2685e-04,1.9692e-05,-1.0255e-04,-2.4184e-04,-4.0033e-04,-5.7945e-04,-7.8154e-04,-1.0078e-03,-1.2601e-03,-1.5393e-03,-1.8459e-03,-2.1804e-03,-2.5416e-03,-2.9283e-03,-3.3380e-03,-3.7672e-03,-4.2112e-03,-4.6636e-03,-5.1170e-03,-5.5620e-03,-5.9880e-03,-6.3827e-03,-6.7317e-03,-7.0191e-03,-7.2273e-03,-7.3372e-03,-7.3278e-03,-7.1767e-03,-6.8598e-03,-6.3516e-03,-5.6258e-03,-4.6540e-03,-3.4067e-03,-1.8540e-03,3.5785e-05
2.9131e-04,2.7882e-04,2.6277e-04,2.4397e-04,2.2347e-04,2.0225e-04,1.8167e-04,1.6233e-04,1.4534e-04,1.3161e-04,1.2191e-04,1.1687e-04,1.1691e-04,1.2212e-04,1.3331e-04,1.4982e-04,1.7181e-04,1.9897e-04,2.3116e-04,2.6768e-04,3.0790e-04,3.5142e-04,3.9743e-04,4.4543e-04,4.9452e-04,5.4420e-04,5.9358e-04,6.4201e-04,6.8894e-04,7.3380e-04,7.7599e-04,8.1508e-04,8.5083e-04,8.8285e-04,9.1057e-04,9.3404e-04,9.5320e-04,9.6784e-04,9.7806e-04,9.8379e-04,9.8542e-04,9.8272e-04,9.7618e-04,9.6591e-04,9.5230e-04,9.3539e-04,9.1573e-04,8.9344e-04,8.6895e-04,8.4247e-04,8.1424e-04,7.8454e-04,7.5338e-04,7.2102e-04,6.8750e-04,6.5283e-04,6.1677e-04,5.7901e-04,5.3931e-04,4.9741e-04,4.5235e-04,4.0365e-04,3.5015e-04,2.9107e-04,2.2507e-04,1.5080e-04,6.6705e-05,-2.8737e-05,-1.3741e-04,-2.6084e-04,-4.0101e-04,-5.5981e-04,-7.3876e-04,-9.3967e-04,-1.1639e-03,-1.4120e-03,-1.6849e-03,-1.9824e-03,-2.3038e-03,-2.6474e-03,-3.0112e-03,-3.3909e-03,-3.7820e-03,-4.1784e-03,-4.5722e-03,-4.9544e-03,-5.3138e-03,-5.6379e-03,-5.9127e-03,-6.1218e-03,-6.2476e-03,-6.2704e-03,-6.1689e-03,-5.9202e-03,-5.5002e-03,-4.8826e-03,-4.0401e-03,-2.9440e-03,-1.5642e-03,1.3011e-04
2.1730e-04,2.3019e-04,2.3799e-04,2.4160e-04,2.4203e-04,2.4007e-04,2.3706e-04,2.3349e-04,2.3081e-04,2.2965e-04,2.3090e-04,2.3507e-04,2.4288e-04,2.5487e-04,2.7087e-04,2.9115e-04,3.1595e-04,3.4480e-04,3.7771e-04,4.1395e-04,4.5334e-04,4.9549e-04,5.3931e-04,5.8458e-04,6.3058e-04,6.7676e-04,7.2228e-04,7.6663e-04,8.0926e-04,8.4941e-04,8.8681e-04,9.2106e-04,9.5154e-04,9.7815e-04,1.0005e-03,1.0184e-03,1.0317e-03,1.0405e-03,1.0448e-03,1.0445e-03,1.0397e-03,1.0309e-03,1.0180e-03,1.0012e-03,9.8123e-04,9.5801e-04,9.3200e-04,9.0362e-04,8.7309e-04,8.4073e-04,8.0700e-04,7.7215e-04,7.3642e-04,7.0002e-04,6.6312e-04,6.2584e-04,5.8821e-04,5.5017e-04,5.1156e-04,4.7177e-04,4.3095e-04,3.8817e-04,3.4288e-04,2.9428e-04,2.4122e-04,1.8276e-04,1.1752e-04,4.4167e-05,-3.8959e-05,-1.3345e-04,-2.4085e-04,-3.6299e-04,-5.0172e-04,-6.5830e-04,-8.3467e-04,-1.0317e-03,-1.2505e-03,-1.4913e-03,-1.7540e-03,-2.0379e-03,-2.3413e-03,-2.6617e-03,-2.9952e-03,-3.3371e-03,-3.6810e-03,-4.0191e-03,-4.3422e-03,-4.6391e-03,-4.8975e-03,-5.1024e-03,-5.2377e-03,-5.2853e-03,-5.2254e-03,-5.0363e-03,-4.6950e-03,-4.1760e-03,-3.4527e-03,-2.4975e-03,-1.2808e-03,2.2797e-04
1.2875e-04,1.6179e-04,1.8856e-04,2.1018e-04,2.2734e-04,2.4109e-04,2.5198e-04,2.6134e-04,2.6990e-04,2.7881e-04,2.8866e-04,3.0049e-04,3.1448e-04,3.3146e-04,3.5170e-04,3.7505e-04,4.0183e-04,4.3211e-04,4.6568e-04,5.0198e-04,5.4097e-04,5.8193e-04,6.2460e-04,6.6826e-04,7.1249e-04,7.5632e-04,7.9947e-04,8.4145e-04,8.8152e-04,9.1913e-04,9.5395e-04,9.8519e-04,1.0130e-03,1.0366e-03,1.0562e-03,1.0709e-03,1.0813e-03,1.0869e-03,1.0880e-03,1.0843e-03,1.0761e-03,1.0639e-03,1.0475e-03,1.0272e-03,1.0033e-03,9.7641e-04,9.4677e-04,9.1457e-04,8.8040e-04,8.4456e-04,8.0734e-04,7.6927e-04,7.3052e-04,6.9150e-04,6.5261e-04,6.1364e-04,5.7519e-04,5.3708e-04,4.9927e-04,4.6147e-04,4.2401e-04,3.8601e-04,3.4701e-04,3.0677e-04,2.6400e-04,2.1829e-04,1.6817e-04,1.1261e-04,5.0329e-05,-2.0102e-05,-1.0028e-04,-1.9187e-04,-2.9662e-04,-4.1583e-04,-5.5133e-04,-7.0421e-04,-8.7586e-04,-1.0667e-03,-1.2776e-03,-1.5080e-03,-1.7569e-03,-2.0231e-03,-2.3032e-03,-2.5939e-03,-2.8901e-03,-3.1852e-03,-3.4716e-03,-3.7397e-03,-3.9784e-03,-4.1748e-03,-4.3144e-03,-4.3802e-03,-4.3543e-03,-4.2159e-03,-3.9433e-03,-3.5127e-03,-2.8983e-03,-2.0735e-03,-1.0089e-03,3.2485e-04
2.6897e-05,7.4811e-05,1.1615e-04,1.5122e-04,1.8087e-04,2.0616e-04,2.2763e-04,2.4658e-04,2.6361e-04,2.8000e-04,2.9630e-04,3.1356e-04,3.3199e-04,3.5249e-04,3.7540e-04,4.0087e-04,4.2926e-04,4.6016e-04,4.9409e-04,5.3044e-04,5.6896e-04,6.0941e-04,6.5125e-04,6.9386e-04,7.3697e-04,7.7998e-04,8.2199e-04,8.6299e-04,9.0202e-04,9.3873e-04,9.7244e-04,1.0031e-03,1.0301e-03,1.0531e-03,1.0718e-03,1.0860e-03,1.0956e-03,1.1006e-03,1.1009e-03,1.0966e-03,1.0877e-03,1.0745e-03,1.0570e-03,1.0357e-03,1.0109e-03,9.8265e-04,9.5169e-04,9.1810e-04,8.8251e-04,8.4513e-04,8.0653e-04,7.6708e-04,7.2706e-04,6.8706e-04,6.4729e-04,6.0795e-04,5.6920e-04,5.3162e-04,4.9478e-04,4.5909e-04,4.2429e-04,3.9005e-04,3.5634e-04,3.2252e-04,2.8812e-04,2.5226e-04,2.1438e-04,1.7317e-04,1.2764e-04,7.6659e-05,1.8619e-05,-4.7840e-05,-1.2439e-04,-2.1238e-04,-3.1342e-04,-4.2892e-04,-5.6014e-04,-7.0823e-04,-8.7354e-04,-1.0568e-03,-1.2574e-03,-1.4743e-03,-1.7060e-03,-1.9492e-03,-2.2004e-03,-2.4545e-03,-2.7047e-03,-2.9433e-03,-3.1604e-03,-3.3449e-03,-3.4837e-03,-3.5617e-03,-3.5622e-03,-3.4663e-03,-3.2534e-03,-2.9012e-03,-2.3850e-03,-1.6789e-03,-7.5527e-04,4.1554e-04
-8.7038e-05,-2.8931e-05,2.1920e-05,6.6116e-05,1.0425e-04,1.3717e-04,1.6583e-04,1.9092e-04,2.1360e-04,2.3446e-04,2.5484e-04,2.7518e-04,2.9618e-04,3.1862e-04,3.4272e-04,3.6915e-04,3.9785e-04,4.2907e-04,4.6266e-04,4.9865e-04,5.3672e-04,5.7648e-04,6.1788e-04,6.5993e-04,7.0254e-04,7.4521e-04,7.8718e-04,8.2818e-04,8.6737e-04,9.0446e-04,9.3890e-04,9.7038e-04,9.9836e-04,1.0223e-03,1.0423e-03,1.0578e-03,1.0691e-03,1.0755e-03,1.0775e-03,1.0745e-03,1.0673e-03,1.0556e-03,1.0394e-03,1.0196e-03,9.9589e-04,9.6870e-04,9.3870e-04,9.0608e-04,8.7117e-04,8.3433e-04,7.9640e-04,7.5728e-04,7.1776e-04,6.7814e-04,6.3864e-04,6.0008e-04,5.6215e-04,5.2552e-04,4.9022e-04,4.5649e-04,4.2424e-04,3.9346e-04,3.6391e-04,3.3537e-04,3.0742e-04,2.7957e-04,2.5110e-04,2.2132e-04,1.8907e-04,1.5342e-04,1.1317e-04,6.7078e-05,1.3560e-05,-4.8734e-05,-1.2109e-04,-2.0543e-04,-3.0249e-04,-4.1384e-04,-5.4037e-04,-6.8261e-04,-8.4064e-04,-1.0142e-03,-1.2020e-03,-1.4022e-03,-1.6120e-03,-1.8272e-03,-2.0427e-03,-2.2516e-03,-2.4461e-03,-2.6161e-03,-2.7502e-03,-2.8352e-03,-2.8557e-03,-2.7944e-03,-2.6324e-03,-2.3484e-03,-1.9196e-03,-1.3210e-03,-5.2609e-04,4.9361e-04
-2.1081e-04,-1.4772e-04,-9.1791e-05,-4.3154e-05,-5.8115e-07,3.6366e-05,6.8240e-05,9.6343e-05,1.2138e-04,1.4429e-04,1.6580e-04,1.8696e-04,2.0865e-04,2.3104e-04,2.5509e-04,2.8073e-04,3.0870e-04,3.3901e-04,3.7152e-04,4.0657e-04,4.4370e-04,4.8263e-04,5.2317e-04,5.6496e-04,6.0742e-04,6.5013e-04,6.9267e-04,7.3443e-04,7.7485e-04,8.1336e-04,8.4962e-04,8.8300e-04,9.1337e-04,9.4017e-04,9.6302e-04,9.8187e-04,9.9623e-04,1.0062e-03,1.0116e-03,1.0125e-03,1.0086e-03,1.0004e-03,9.8787e-04,9.7145e-04,9.5115e-04,9.2737e-04,9.0038e-04,8.7044e-04,8.3829e-04,8.0407e-04,7.6851e-04,7.3160e-04,6.9404e-04,6.5641e-04,6.1876e-04,5.8181e-04,5.4584e-04,5.1092e-04,4.7790e-04,4.4629e-04,4.1655e-04,3.8880e-04,3.6296e-04,3.3870e-04,3.1593e-04,2.9419e-04,2.7332e-04,2.5222e-04,2.3039e-04,2.0690e-04,1.8064e-04,1.5071e-04,1.1561e-04,7.4036e-05,2.4669e-05,-3.3803e-05,-1.0271e-04,-1.8332e-04,-2.7700e-04,-3.8422e-04,-5.0558e-04,-6.4120e-04,-7.9042e-04,-9.5197e-04,-1.1240e-03,-1.3035e-03,-1.4860e-03,-1.6664e-03,-1.8377e-03,-1.9914e-03,-2.1181e-03,-2.2055e-03,-2.2400e-03,-2.2063e-03,-2.0867e-03,-1.8615e-03,-1.5097e-03,-1.0072e-03,-3.2895e-04,5.5230e-04
-3.4291e-04,-2.7939e-04,-2.2312e-04,-1.7386e-04,-1.3111e-04,-9.4332e-05,-6.2540e-05,-3.4772e-05,-1.0625e-05,1.1295e-05,3.1702e-05,5.1245e-05,7.0967e-05,9.1381e-05,1.1316e-04,1.3674e-04,1.6257e-04,1.9056e-04,2.2126e-04,2.5427e-04,2.8988e-04,3.2763e-04,3.6728e-04,4.0843e-04,4.5075e-04,4.9383e-04,5.3710e-04,5.8004e-04,6.2227e-04,6.6295e-04,7.0182e-04,7.3847e-04,7.7235e-04,8.0299e-04,8.3008e-04,8.5343e-04,8.7275e-04,8.8768e-04,8.9809e-04,9.0428e-04,9.0604e-04,9.0317e-04,8.9626e-04,8.8506e-04,8.6997e-04,8.5131e-04,8.2920e-04,8.0425e-04,7.7661e-04,7.4687e-04,7.1529e-04,6.8209e-04,6.4825e-04,6.1390e-04,5.7952e-04,5.4548e-04,5.1231e-04,4.8033e-04,4.4960e-04,4.2086e-04,3.9382e-04,3.6911e-04,3.4644e-04,3.2596e-04,3.0742e-04,2.9065e-04,2.7547e-04,2.6117e-04,2.4728e-04,2.3305e-04,2.1777e-04,2.0014e-04,1.7939e-04,1.5420e-04,1.2339e-04,8.5756e-05,3.9510e-05,-1.6026e-05,-8.2277e-05,-1.6011e-04,-2.5039e-04,-3.5334e-04,-4.6913e-04,-5.9693e-04,-7.3539e-04,-8.8223e-04,-1.0343e-03,-1.1875e-03,-1.3360e-03,-1.4729e-03,-1.5896e-03,-1.6759e-03,-1.7198e-03,-1.7071e-03,-1.6223e-03,-1.4472e-03,-1.1620e-03,-7.4469e-04,-1.7110e-04,5.8470e-04
-4.8075e-04,-4.2147e-04,-3.6917e-04,-3.2386e-04,-2.8489e-04,-2.5193e-04,-2.2382e-04,-2.0006e-04,-1.7980e-04,-1.6191e-04,-1.4553e-04,-1.3000e-04,-1.1451e-04,-9.8199e-05,-8.0459e-05,-6.0715e-05,-3.8877e-05,-1.4320e-05,1.3024e-05,4.3176e-05,7.6249e-05,1.1182e-04,1.4994e-04,1.9018e-04,2.3217e-04,2.7529e-04,3.1940e-04,3.6377e-04,4.0800e-04,4.5145e-04,4.9347e-04,5.3404e-04,5.7209e-04,6.0757e-04,6.3998e-04,6.6899e-04,6.9433e-04,7.1556e-04,7.3267e-04,7.4562e-04,7.5437e-04,7.5859e-04,7.5850e-04,7.5447e-04,7.4627e-04,7.3440e-04,7.1909e-04,7.0053e-04,6.7919e-04,6.5532e-04,6.2932e-04,6.0175e-04,5.7285e-04,5.4327e-04,5.1342e-04,4.8334e-04,4.5419e-04,4.2549e-04,3.9839e-04,3.7279e-04,3.4901e-04,3.2728e-04,3.0776e-04,2.9068e-04,2.7574e-04,2.6308e-04,2.5213e-04,2.4327e-04,2.3519e-04,2.2800e-04,2.2074e-04,2.1271e-04,2.0288e-04,1.9018e-04,1.7361e-04,1.5200e-04,1.2419e-04,8.8826e-05,4.4718e-05,-9.0525e-06,-7.3656e-05,-1.4927e-04,-2.3655e-04,-3.3492e-04,-4.4409e-04,-5.6208e-04,-6.8671e-04,-8.1465e-04,-9.4146e-04,-1.0612e-03,-1.1669e-03,-1.2494e-03,-1.2984e-03,-1.3016e-03,-1.2447e-03,-1.1115e-03,-8.8323e-04,-5.4035e-04,-5.9463e-05,5.8334e-04
-6.2238e-04,-5.7175e-04,-5.2784e-04,-4.9046e-04,-4.5923e-04,-4.3350e-04,-4.1283e-04,-3.9641e-04,-3.8302e-04,-3.7219e-04,-3.6287e-04,-3.5401e-04,-3.4525e-04,-3.3520e-04,-3.2377e-04,-3.1001e-04,-2.9353e-04,-2.7413e-04,-2.5155e-04,-2.2549e-04,-1.9617e-04,-1.6349e-04,-1.2784e-04,-8.9221e-05,-4.8295e-05,-5.2899e-06,3.9428e-05,8.5041e-05,1.3123e-04,1.7743e-04,2.2310e-04,2.6765e-04,3.1050e-04,3.5150e-04,3.8996e-04,4.2548e-04,4.5779e-04,4.8634e-04,5.1124e-04,5.3221e-04,5.4893e-04,5.6159e-04,5.6999e-04,5.7431e-04,5.7459e-04,5.7099e-04,5.6381e-04,5.5332e-04,5.3959e-04,5.2301e-04,5.0419e-04,4.8349e-04,4.6115e-04,4.3756e-04,4.1319e-04,3.8853e-04,3.6424e-04,3.4009e-04,3.1722e-04,2.9539e-04,2.7508e-04,2.5681e-04,2.4058e-04,2.2645e-04,2.1473e-04,2.0543e-04,1.9827e-04,1.9290e-04,1.8950e-04,1.8739e-04,1.8606e-04,1.8487e-04,1.8298e-04,1.7962e-04,1.7392e-04,1.6468e-04,1.5073e-04,1.3105e-04,1.0443e-04,6.9752e-05,2.6077e-05,-2.7157e-05,-9.0517e-05,-1.6445e-04,-2.4836e-04,-3.4124e-04,-4.4151e-04,-5.4676e-04,-6.5332e-04,-7.5640e-04,-8.5022e-04,-9.2714e-04,-9.7847e-04,-9.9275e-04,-9.5772e-04,-8.5891e-04,-6.7943e-04,-4.0042e-04,-1.3784e-06,5.4095e-04
-7.6506e-04,-7.2731e-04,-6.9573e-04,-6.7040e-04,-6.5088e-04,-6.3644e-04,-6.2659e-04,-6.2060e-04,-6.1771e-04,-6.1682e-04,-6.1715e-04,-6.1791e-04,-6.1808e-04,-6.1701e-04,-6.1381e-04,-6.0791e-04,-5.9915e-04,-5.8662e-04,-5.7023e-04,-5.4980e-04,-5.2547e-04,-4.9702e-04,-4.6474e-04,-4.2892e-04,-3.8962e-04,-3.4732e-04,-3.0284e-04,-2.5625e-04,-2.0823e-04,-1.5954e-04,-1.1040e-04,-6.1527e-05,-1.3493e-05,3.3267e-05,7.8127e-05,1.2062e-04,1.6053e-04,1.9730e-04,2.3063e-04,2.6033e-04,2.8633e-04,3.0831e-04,3.2616e-04,3.4013e-04,3.4995e-04,3.5588e-04,3.5803e-04,3.5679e-04,3.5198e-04,3.4440e-04,3.3400e-04,3.2126e-04,3.0655e-04,2.9033e-04,2.7276e-04,2.5439e-04,2.3577e-04,2.1724e-04,1.9909e-04,1.8194e-04,1.6589e-04,1.5121e-04,1.3828e-04,1.2761e-04,1.1889e-04,1.1236e-04,1.0800e-04,1.0591e-04,1.0573e-04,1.0726e-04,1.1003e-04,1.1351e-04,1.1725e-04,1.2051e-04,1.2235e-04,1.2217e-04,1.1833e-04,1.1066e-04,9.7208e-05,7.7315e-05,5.0314e-05,1.4894e-05,-2.9363e-05,-8.3037e-05,-1.4585e-04,-2.1742e-04,-2.9679e-04,-3.8192e-04,-4.7018e-04,-5.5786e-04,-6.3989e-04,-7.1018e-04,-7.6110e-04,-7.8323e-04,-7.6523e-04,-6.9422e-04,-5.5531e-04,-3.3135e-04,-3.2634e-06,4.5031e-04
-9.0621e-04,-8.8562e-04,-8.7043e-04,-8.6114e-04,-8.5657e-04,-8.5688e-04,-8.6150e-04,-8.6953e-04,-8.7974e-04,-8.9207e-04,-9.0527e-04,-9.1799e-04,-9.2985e-04,-9.4008e-04,-9.4750e-04,-9.5193e-04,-9.5262e-04,-9.4882e-04,-9.4047e-04,-9.2742e-04,-9.0971e-04,-8.8674e-04,-8.5912e-04,-8.2690e-04,-7.9040e-04,-7.4995e-04,-7.0608e-04,-6.5947e-04,-6.1022e-04,-5.5917e-04,-5.0689e-04,-4.5415e-04,-4.0101e-04,-3.4853e-04,-2.9704e-04,-2.4717e-04,-1.9937e-04,-1.5415e-04,-1.1169e-04,-7.2561e-05,-3.6798e-05,-4.6864e-06,2.3529e-05,4.8086e-05,6.8448e-05,8.4884e-05,9.7580e-05,1.0657e-04,1.1207e-04,1.1409e-04,1.1333e-04,1.0969e-04,1.0373e-04,9.5680e-05,8.6136e-05,7.5109e-05,6.3337e-05,5.0955e-05,3.8594e-05,2.6524e-05,1.5028e-05,4.7982e-06,-4.3586e-06,-1.2062e-05,-1.7695e-05,-2.1420e-05,-2.3238e-05,-2.2873e-05,-2.0795e-05,-1.6622e-05,-1.1317e-05,-4.5821e-06,2.9430e-06,1.0371e-05,1.7323e-05,2.2992e-05,2.6427e-05,2.6986e-05,2.3387e-05,1.4491e-05,-3.2037e-07,-2.1867e-05,-5.1104e-05,-8.8513e-05,-1.3446e-04,-1.8844e-04,-2.5003e-04,-3.1804e-04,-3.9042e-04,-4.6400e-04,-5.3517e-04,-5.9851e-04,-6.4737e-04,-6.7418e-04,-6.6921e-04,-6.2057e-04,-5.1542e-04,-3.3811e-04,-7.1064e-05,3.0517e-04
-1.0431e-03,-1.0437e-03,-1.0488e-03,-1.0588e-03,-1.0733e-03,-1.0920e-03,-1.1143e-03,-1.1394e-03,-1.1665e-03,-1.1946e-03,-1.2231e-03,-1.2511e-03,-1.2771e-03,-1.3011e-03,-1.3217e-03,-1.3385e-03,-1.3506e-03,-1.3576e-03,-1.3595e-03,-1.3555e-03,-1.3459e-03,-1.3301e-03,-1.3086e-03,-1.2815e-03,-1.2491e-03,-1.2116e-03,-1.1694e-03,-1.1234e-03,-1.0737e-03,-1.0212e-03,-9.6633e-04,-9.0965e-04,-8.5208e-04,-7.9405e-04,-7.3620e-04,-6.7930e-04,-6.2328e-04,-5.6932e-04,-5.1758e-04,-4.6837e-04,-4.2252e-04,-3.7986e-04,-3.4053e-04,-3.0506e-04,-2.7338e-04,-2.4548e-04,-2.2174e-04,-2.0143e-04,-1.8498e-04,-1.7210e-04,-1.6261e-04,-1.5601e-04,-1.5223e-04,-1.5114e-04,-1.5195e-04,-1.5476e-04,-1.5889e-04,-1.6410e-04,-1.6999e-04,-1.7628e-04,-1.8253e-04,-1.8811e-04,-1.9314e-04,-1.9704e-04,-1.9971e-04,-2.0083e-04,-2.0020e-04,-1.9813e-04,-1.9414e-04,-1.8851e-04,-1.8131e-04,-1.7264e-04,-1.6313e-04,-1.5302e-04,-1.4308e-04,-1.3375e-04,-1.2589e-04,-1.1992e-04,-1.1723e-04,-1.1845e-04,-1.2430e-04,-1.3607e-04,-1.5417e-04,-1.7910e-04,-2.1171e-04,-2.5189e-04,-2.9922e-04,-3.5327e-04,-4.1184e-04,-4.7329e-04,-5.3442e-04,-5.9084e-04,-6.3727e-04,-6.6668e-04,-6.7122e-04,-6.4067e-04,-5.6312e-04,-4.2472e-04,-2.1007e-04,9.9026e-05
-1.1736e-03,-1.1987e-03,-1.2277e-03,-1.2609e-03,-1.2978e-03,-1.3381e-03,-1.3814e-03,-1.4267e-03,-1.4734e-03,-1.5205e-03,-1.5676e-03,-1.6130e-03,-1.6564e-03,-1.6965e-03,-1.7326e-03,-1.7639e-03,-1.7900e-03,-1.8100e-03,-1.8239e-03,-1.8309e-03,-1.8311e-03,-1.8242e-03,-1.8105e-03,-1.7900e-03,-1.7629e-03,-1.7297e-03,-1.6906e-03,-1.6463e-03,-1.5972e-03,-1.5440e-03,-1.4873e-03,-1.4278e-03,-1.3662e-03,-1.3032e-03,-1.2392e-03,-1.1751e-03,-1.1115e-03,-1.0490e-03,-9.8792e-04,-9.2909e-04,-8.7256e-04,-8.1892e-04,-7.6837e-04,-7.2137e-04,-6.7808e-04,-6.3847e-04,-6.0254e-04,-5.7062e-04,-5.4261e-04,-5.1815e-04,-4.9728e-04,-4.7996e-04,-4.6573e-04,-4.5442e-04,-4.4598e-04,-4.3967e-04,-4.3542e-04,-4.3298e-04,-4.3163e-04,-4.3125e-04,-4.3164e-04,-4.3206e-04,-4.3259e-04,-4.3254e-04,-4.3183e-04,-4.3029e-04,-4.2745e-04,-4.2351e-04,-4.1816e-04,-4.1134e-04,-4.0305e-04,-3.9379e-04,-3.8349e-04,-3.7251e-04,-3.6111e-04,-3.5004e-04,-3.3970e-04,-3.3122e-04,-3.2463e-04,-3.2096e-04,-3.2120e-04,-3.2622e-04,-3.3660e-04,-3.5294e-04,-3.7561e-04,-4.0516e-04,-4.4169e-04,-4.8424e-04,-5.3204e-04,-5.8337e-04,-6.3586e-04,-6.8593e-04,-7.2929e-04,-7.6063e-04,-7.7207e-04,-7.5559e-04,-7.0076e-04,-5.9512e-04,-4.2497e-04,-1.7352e-04
-1.2947e-03,-1.3479e-03,-1.4043e-03,-1.4639e-03,-1.5265e-03,-1.5918e-03,-1.6590e-03,-1.7278e-03,-1.7971e-03,-1.8664e-03,-1.9342e-03,-2.0002e-03,-2.0631e-03,-2.1219e-03,-2.1761e-03,-2.2246e-03,-2.2668e-03,-2.3020e-03,-2.3300e-03,-2.3498e-03,-2.3620e-03,-2.3659e-03,-2.3617e-03,-2.3495e-03,-2.3294e-03,-2.3017e-03,-2.2672e-03,-2.2258e-03,-2.1786e-03,-2.1259e-03,-2.0684e-03,-2.0069e-03,-1.9422e-03,-1.8747e-03,-1.8055e-03,-1.7350e-03,-1.6640e-03,-1.5933e-03,-1.5232e-03,-1.4544e-03,-1.3878e-03,-1.3231e-03,-1.2615e-03,-1.2025e-03,-1.1474e-03,-1.0956e-03,-1.0475e-03,-1.0033e-03,-9.6311e-04,-9.2673e-04,-8.9399e-04,-8.6530e-04,-8.3990e-04,-8.1813e-04,-7.9925e-04,-7.8341e-04,-7.7008e-04,-7.5922e-04,-7.5006e-04,-7.4267e-04,-7.3673e-04,-7.3139e-04,-7.2698e-04,-7.2259e-04,-7.1844e-04,-7.1397e-04,-7.0886e-04,-7.0304e-04,-6.9635e-04,-6.8883e-04,-6.8031e-04,-6.7087e-04,-6.6051e-04,-6.4955e-04,-6.3848e-04,-6.2723e-04,-6.1660e-04,-6.0704e-04,-5.9878e-04,-5.9306e-04,-5.9035e-04,-5.9148e-04,-5.9713e-04,-6.0765e-04,-6.2405e-04,-6.4608e-04,-6.7443e-04,-7.0866e-04,-7.4818e-04,-7.9149e-04,-8.3699e-04,-8.8196e-04,-9.2276e-04,-9.5477e-04,-9.7162e-04,-9.6656e-04,-9.3010e-04,-8.5161e-04,-7.1865e-04,-5.1680e-04
