9.0919e-03,2.0282e-03,-2.8664e-03,-5.7551e-03,-6.9539e-03,-6.8885e-03,-6.0339e-03,-4.8479e-03,-3.7121e-03,-2.8916e-03,-2.5164e-03,-2.5842e-03,-2.9896e-03,-3.5592e-03,-4.0988e-03,-4.4387e-03,-4.4630e-03,-4.1291e-03,-3.4663e-03,-2.5622e-03,-1.5395e-03,-5.2693e-04,3.5910e-04,1.0363e-03,1.4643e-03,1.6438e-03,1.6128e-03,1.4356e-03,1.1907e-03,9.5728e-04,8.0323e-04,7.7717e-04,9.0404e-04,1.1848e-03,1.5985e-03,2.1053e-03,2.6574e-03,3.1979e-03,3.6737e-03,4.0344e-03,4.2406e-03,4.2650e-03,4.0963e-03,3.7387e-03,3.2132e-03,2.5550e-03,1.8118e-03,1.0396e-03,2.9564e-04,-3.6535e-04,-8.9526e-04,-1.2591e-03,-1.4354e-03,-1.4208e-03,-1.2261e-03,-8.7918e-04,-4.1623e-04,1.1876e-04,6.8024e-04,1.2236e-03,1.7111e-03,2.1159e-03,2.4182e-03,2.6112e-03,2.6993e-03,2.6917e-03,2.6087e-03,2.4706e-03,2.3035e-03,2.1295e-03,1.9744e-03,1.8580e-03,1.7989e-03,1.8097e-03,1.8948e-03,2.0512e-03,2.2663e-03,2.5170e-03,2.7711e-03,2.9918e-03,3.1380e-03,3.1748e-03,3.0712e-03,2.8101e-03,2.3898e-03,1.8240e-03,1.1457e-03,3.9895e-04,-3.5807e-04,-1.0595e-03,-1.6348e-03,-2.0158e-03,-2.1355e-03,-1.9392e-03,-1.3741e-03,-4.0542e-04,9.9306e-04,2.8354e-03,5.1250e-03,7.8556e-03
3.7452e-03,-5.3913e-03,-1.2336e-02,-1.7087e-02,-1.9805e-02,-2.0796e-02,-2.0458e-02,-1.9225e-02,-1.7497e-02,-1.5593e-02,-1.3719e-02,-1.1962e-02,-1.0311e-02,-8.6789e-03,-6.9545e-03,-5.0347e-03,-2.8580e-03,-4.2091e-04,2.2192e-03,4.9548e-03,7.6491e-03,1.0156e-02,1.2342e-02,1.4100e-02,1.5362e-02,1.6101e-02,1.6326e-02,1.6079e-02,1.5421e-02,1.4425e-02,1.3167e-02,1.1715e-02,1.0128e-02,8.4468e-03,6.7025e-03,4.9129e-03,3.0870e-03,1.2292e-03,-6.5611e-04,-2.5630e-03,-4.4773e-03,-6.3776e-03,-8.2318e-03,-9.9965e-03,-1.1621e-02,-1.3046e-02,-1.4209e-02,-1.5052e-02,-1.5519e-02,-1.5569e-02,-1.5174e-02,-1.4326e-02,-1.3036e-02,-1.1338e-02,-9.2831e-03,-6.9374e-03,-4.3812e-03,-1.7004e-03,1.0177e-03,3.6878e-03,6.2322e-03,8.5833e-03,1.0686e-02,1.2496e-02,1.3981e-02,1.5122e-02,1.5908e-02,1.6336e-02,1.6407e-02,1.6134e-02,1.5531e-02,1.4621e-02,1.3430e-02,1.1990e-02,1.0336e-02,8.5051e-03,6.5337e-03,4.4588e-03,2.3145e-03,1.3103e-04,-2.0613e-03,-4.2329e-03,-6.3512e-03,-8.3832e-03,-1.0289e-02,-1.2025e-02,-1.3543e-02,-1.4792e-02,-1.5720e-02,-1.6275e-02,-1.6409e-02,-1.6081e-02,-1.5255e-02,-1.3907e-02,-1.2025e-02,-9.6025e-03,-6.6476e-03,-3.1780e-03,7.8212e-04,5.2009e-03
2.6539e-05,-1.1072e-02,-2.0077e-02,-2.6820e-02,-3.1288e-02,-3.3628e-02,-3.4123e-02,-3.3141e-02,-3.1076e-02,-2.8285e-02,-2.5051e-02,-2.1558e-02,-1.7900e-02,-1.4097e-02,-1.0130e-02,-5.9731e-03,-1.6228e-03,2.8852e-03,7.4690e-03,1.2008e-02,1.6356e-02,2.0355e-02,2.3856e-02,2.6732e-02,2.8886e-02,3.0259e-02,3.0830e-02,3.0608e-02,2.9637e-02,2.7978e-02,2.5710e-02,2.2916e-02,1.9685e-02,1.6101e-02,1.2245e-02,8.1934e-03,4.0142e-03,-2.2696e-04,-4.4655e-03,-8.6383e-03,-1.2677e-02,-1.6510e-02,-2.0059e-02,-2.3244e-02,-2.5981e-02,-2.8186e-02,-2.9784e-02,-3.0709e-02,-3.0911e-02,-3.0359e-02,-2.9046e-02,-2.6992e-02,-2.4242e-02,-2.0865e-02,-1.6953e-02,-1.2616e-02,-7.9749e-03,-3.1595e-03,1.7014e-03,6.4801e-03,1.1059e-02,1.5330e-02,1.9201e-02,2.2591e-02,2.5436e-02,2.7682e-02,2.9293e-02,3.0242e-02,3.0512e-02,3.0102e-02,2.9023e-02,2.7298e-02,2.4964e-02,2.2076e-02,1.8696e-02,1.4903e-02,1.0784e-02,6.4305e-03,1.9401e-03,-2.5893e-03,-7.0616e-03,-1.1382e-02,-1.5461e-02,-1.9213e-02,-2.2560e-02,-2.5428e-02,-2.7754e-02,-2.9480e-02,-3.0558e-02,-3.0953e-02,-3.0636e-02,-2.9593e-02,-2.7822e-02,-2.5328e-02,-2.2134e-02,-1.8269e-02,-1.3772e-02,-8.6923e-03,-3.0822e-03,2.9991e-03
-2.2153e-03,-1.5041e-02,-2.5983e-02,-3.4723e-02,-4.1069e-02,-4.4988e-02,-4.6607e-02,-4.6188e-02,-4.4077e-02,-4.0646e-02,-3.6242e-02,-3.1150e-02,-2.5581e-02,-1.9674e-02,-1.3518e-02,-7.1758e-03,-7.0842e-04,5.8071e-03,1.2267e-02,1.8541e-02,2.4481e-02,2.9922e-02,3.4707e-02,3.8690e-02,4.1747e-02,4.3788e-02,4.4756e-02,4.4633e-02,4.3433e-02,4.1205e-02,3.8024e-02,3.3989e-02,2.9216e-02,2.3827e-02,1.7956e-02,1.1733e-02,5.2864e-03,-1.2577e-03,-7.7756e-03,-1.4147e-02,-2.0252e-02,-2.5967e-02,-3.1171e-02,-3.5746e-02,-3.9574e-02,-4.2551e-02,-4.4583e-02,-4.5599e-02,-4.5553e-02,-4.4423e-02,-4.2225e-02,-3.9003e-02,-3.4835e-02,-2.9827e-02,-2.4111e-02,-1.7837e-02,-1.1169e-02,-4.2789e-03,2.6615e-03,9.4834e-03,1.6029e-02,2.2153e-02,2.7724e-02,3.2626e-02,3.6763e-02,4.0053e-02,4.2432e-02,4.3851e-02,4.4281e-02,4.3708e-02,4.2139e-02,3.9604e-02,3.6151e-02,3.1855e-02,2.6810e-02,2.1131e-02,1.4953e-02,8.4209e-03,1.6913e-03,-5.0767e-03,-1.1723e-02,-1.8094e-02,-2.4043e-02,-2.9439e-02,-3.4164e-02,-3.8117e-02,-4.1215e-02,-4.3397e-02,-4.4618e-02,-4.4853e-02,-4.4096e-02,-4.2358e-02,-3.9664e-02,-3.6054e-02,-3.1583e-02,-2.6313e-02,-2.0315e-02,-1.3669e-02,-6.4550e-03,1.2386e-03
-3.2137e-03,-1.7420e-02,-3.0038e-02,-4.0631e-02,-4.8848e-02,-5.4471e-02,-5.7445e-02,-5.7883e-02,-5.6041e-02,-5.2268e-02,-4.6950e-02,-4.0464e-02,-3.3141e-02,-2.5249e-02,-1.7001e-02,-8.5605e-03,-6.2749e-05,8.3682e-03,1.6606e-02,2.4515e-02,3.1945e-02,3.8737e-02,4.4725e-02,4.9754e-02,5.3676e-02,5.6371e-02,5.7752e-02,5.7764e-02,5.6397e-02,5.3682e-02,4.9691e-02,4.4532e-02,3.8346e-02,3.1294e-02,2.3552e-02,1.5308e-02,6.7444e-03,-1.9539e-03,-1.0609e-02,-1.9046e-02,-2.7094e-02,-3.4584e-02,-4.1351e-02,-4.7241e-02,-5.2108e-02,-5.5821e-02,-5.8274e-02,-5.9387e-02,-5.9116e-02,-5.7453e-02,-5.4427e-02,-5.0110e-02,-4.4609e-02,-3.8064e-02,-3.0644e-02,-2.2540e-02,-1.3957e-02,-5.1063e-03,3.7982e-03,1.2549e-02,2.0949e-02,2.8814e-02,3.5978e-02,4.2293e-02,4.7631e-02,5.1882e-02,5.4960e-02,5.6797e-02,5.7350e-02,5.6598e-02,5.4548e-02,5.1234e-02,4.6718e-02,4.1096e-02,3.4489e-02,2.7051e-02,1.8956e-02,1.0400e-02,1.5902e-03,-7.2553e-03,-1.5922e-02,-2.4202e-02,-3.1897e-02,-3.8831e-02,-4.4849e-02,-4.9825e-02,-5.3657e-02,-5.6276e-02,-5.7639e-02,-5.7732e-02,-5.6565e-02,-5.4172e-02,-5.0605e-02,-4.5936e-02,-4.0249e-02,-3.3639e-02,-2.6209e-02,-1.8068e-02,-9.3266e-03,-9.5412e-05
-3.2639e-03,-1.8418e-02,-3.2324e-02,-4.4475e-02,-5.4398e-02,-6.1708e-02,-6.6163e-02,-6.7700e-02,-6.6442e-02,-6.2665e-02,-5.6761e-02,-4.9168e-02,-4.0330e-02,-3.0647e-02,-2.0463e-02,-1.0056e-02,3.5241e-04,1.0582e-02,2.0477e-02,2.9892e-02,3.8684e-02,4.6696e-02,5.3768e-02,5.9734e-02,6.4435e-02,6.7725e-02,6.9485e-02,6.9635e-02,6.8136e-02,6.5003e-02,6.0302e-02,5.4150e-02,4.6708e-02,3.8171e-02,2.8757e-02,1.8700e-02,8.2340e-03,-2.4051e-03,-1.2988e-02,-2.3291e-02,-3.3098e-02,-4.2198e-02,-5.0388e-02,-5.7479e-02,-6.3297e-02,-6.7690e-02,-7.0536e-02,-7.1752e-02,-7.1291e-02,-6.9153e-02,-6.5386e-02,-6.0081e-02,-5.3371e-02,-4.5430e-02,-3.6458e-02,-2.6685e-02,-1.6352e-02,-5.7085e-03,4.9943e-03,1.5510e-02,2.5604e-02,3.5060e-02,4.3674e-02,5.1271e-02,5.7692e-02,6.2805e-02,6.6501e-02,6.8699e-02,6.9343e-02,6.8410e-02,6.5907e-02,6.1872e-02,5.6385e-02,4.9557e-02,4.1540e-02,3.2515e-02,2.2696e-02,1.2320e-02,1.6427e-03,-9.0720e-03,-1.9560e-02,-2.9563e-02,-3.8842e-02,-4.7178e-02,-5.4384e-02,-6.0305e-02,-6.4824e-02,-6.7860e-02,-6.9372e-02,-6.9349e-02,-6.7819e-02,-6.4832e-02,-6.0467e-02,-5.4821e-02,-4.8009e-02,-4.0154e-02,-3.1390e-02,-2.1856e-02,-1.1690e-02,-1.0266e-03
-2.6931e-03,-1.8306e-02,-3.3018e-02,-4.6298e-02,-5.7599e-02,-6.6412e-02,-7.2331e-02,-7.5112e-02,-7.4711e-02,-7.1290e-02,-6.5189e-02,-5.6869e-02,-4.6857e-02,-3.5671e-02,-2.3786e-02,-1.1605e-02,5.5093e-04,1.2431e-02,2.3842e-02,3.4621e-02,4.4624e-02,5.3705e-02,6.1707e-02,6.8468e-02,7.3820e-02,7.7601e-02,7.9671e-02,7.9923e-02,7.8301e-02,7.4803e-02,6.9492e-02,6.2489e-02,5.3973e-02,4.4167e-02,3.3324e-02,2.1715e-02,9.6197e-03,-2.6848e-03,-1.4926e-02,-2.6838e-02,-3.8166e-02,-4.8661e-02,-5.8088e-02,-6.6228e-02,-7.2880e-02,-7.7876e-02,-8.1080e-02,-8.2400e-02,-8.1789e-02,-7.9255e-02,-7.4856e-02,-6.8702e-02,-6.0949e-02,-5.1795e-02,-4.1472e-02,-3.0240e-02,-1.8373e-02,-6.1544e-03,6.1289e-03,1.8198e-02,2.9784e-02,4.0637e-02,5.0527e-02,5.9244e-02,6.6609e-02,7.2467e-02,7.6693e-02,7.9192e-02,7.9903e-02,7.8798e-02,7.5886e-02,7.1217e-02,6.4879e-02,5.7005e-02,4.7765e-02,3.7371e-02,2.6067e-02,1.4125e-02,1.8380e-03,-1.0491e-02,-2.2556e-02,-3.4060e-02,-4.4725e-02,-5.4297e-02,-6.2558e-02,-6.9330e-02,-7.4477e-02,-7.7908e-02,-7.9575e-02,-7.9475e-02,-7.7642e-02,-7.4142e-02,-6.9074e-02,-6.2560e-02,-5.4739e-02,-4.5764e-02,-3.5796e-02,-2.5000e-02,-1.3541e-02,-1.5834e-03
-1.8220e-03,-1.7386e-02,-3.2364e-02,-4.6243e-02,-5.8457e-02,-6.8427e-02,-7.5629e-02,-7.9660e-02,-8.0305e-02,-7.7574e-02,-7.1703e-02,-6.3120e-02,-5.2380e-02,-4.0091e-02,-2.6844e-02,-1.3162e-02,5.2011e-04,1.3868e-02,2.6631e-02,3.8619e-02,4.9676e-02,5.9660e-02,6.8426e-02,7.5816e-02,8.1662e-02,8.5799e-02,8.8073e-02,8.8366e-02,8.6607e-02,8.2784e-02,7.6959e-02,6.9257e-02,5.9872e-02,4.9044e-02,3.7052e-02,2.4199e-02,1.0794e-02,-2.8514e-03,-1.6431e-02,-2.9646e-02,-4.2210e-02,-5.3844e-02,-6.4286e-02,-7.3291e-02,-8.0638e-02,-8.6142e-02,-8.9656e-02,-9.1079e-02,-9.0365e-02,-8.7525e-02,-8.2625e-02,-7.5788e-02,-6.7189e-02,-5.7045e-02,-4.5612e-02,-3.3174e-02,-2.0035e-02,-6.5064e-03,7.0965e-03,2.0465e-02,3.3300e-02,4.5324e-02,5.6277e-02,6.5930e-02,7.4078e-02,8.0550e-02,8.5209e-02,8.7948e-02,8.8703e-02,8.7446e-02,8.4190e-02,7.8992e-02,7.1954e-02,6.3222e-02,5.2985e-02,4.1478e-02,2.8966e-02,1.5751e-02,2.1517e-03,-1.1496e-02,-2.4857e-02,-3.7601e-02,-4.9420e-02,-6.0033e-02,-6.9194e-02,-7.6704e-02,-8.2407e-02,-8.6201e-02,-8.8032e-02,-8.7896e-02,-8.5831e-02,-8.1914e-02,-7.6260e-02,-6.9010e-02,-6.0324e-02,-5.0381e-02,-3.9367e-02,-2.7473e-02,-1.4889e-02,-1.8027e-03
-9.2688e-04,-1.5946e-02,-3.0638e-02,-4.4536e-02,-5.7102e-02,-6.7749e-02,-7.5893e-02,-8.1023e-02,-8.2775e-02,-8.0994e-02,-7.5772e-02,-6.7438e-02,-5.6513e-02,-4.3636e-02,-2.9478e-02,-1.4671e-02,2.3884e-04,1.4819e-02,2.8741e-02,4.1766e-02,5.3715e-02,6.4440e-02,7.3799e-02,8.1645e-02,8.7819e-02,9.2160e-02,9.4517e-02,9.4771e-02,9.2847e-02,8.8733e-02,8.2490e-02,7.4250e-02,6.4213e-02,5.2631e-02,3.9801e-02,2.6040e-02,1.1681e-02,-2.9442e-03,-1.7506e-02,-3.1683e-02,-4.5164e-02,-5.7648e-02,-6.8853e-02,-7.8515e-02,-8.6397e-02,-9.2299e-02,-9.6065e-02,-9.7587e-02,-9.6819e-02,-9.3770e-02,-8.8513e-02,-8.1181e-02,-7.1957e-02,-6.1075e-02,-4.8807e-02,-3.5454e-02,-2.1342e-02,-6.8056e-03,7.8174e-03,2.2193e-02,3.6000e-02,4.8933e-02,6.0715e-02,7.1093e-02,7.9846e-02,8.6789e-02,9.1774e-02,9.4692e-02,9.5474e-02,9.4094e-02,9.0570e-02,8.4969e-02,7.7401e-02,6.8024e-02,5.7043e-02,4.4706e-02,3.1296e-02,1.7131e-02,2.5512e-03,-1.2089e-02,-2.6431e-02,-4.0126e-02,-5.2840e-02,-6.4271e-02,-7.4153e-02,-8.2266e-02,-8.8439e-02,-9.2556e-02,-9.4553e-02,-9.4422e-02,-9.2202e-02,-8.7977e-02,-8.1871e-02,-7.4037e-02,-6.4656e-02,-5.3926e-02,-4.2055e-02,-2.9255e-02,-1.5744e-02,-1.7280e-03
-2.1763e-04,-1.4232e-02,-2.8107e-02,-4.1446e-02,-5.3768e-02,-6.4530e-02,-7.3152e-02,-7.9080e-02,-8.1847e-02,-8.1154e-02,-7.6929e-02,-6.9350e-02,-5.8836e-02,-4.5980e-02,-3.1478e-02,-1.6034e-02,-2.9108e-04,1.5210e-02,3.0050e-02,4.3919e-02,5.6592e-02,6.7896e-02,7.7688e-02,8.5825e-02,9.2166e-02,9.6563e-02,9.8883e-02,9.9015e-02,9.6897e-02,9.2525e-02,8.5965e-02,7.7352e-02,6.6890e-02,5.4836e-02,4.1490e-02,2.7177e-02,1.2237e-02,-2.9866e-03,-1.8153e-02,-3.2928e-02,-4.6986e-02,-6.0013e-02,-7.1710e-02,-8.1803e-02,-9.0043e-02,-9.6219e-02,-1.0017e-01,-1.0178e-01,-1.0100e-01,-9.7848e-02,-9.2386e-02,-8.4754e-02,-7.5143e-02,-6.3793e-02,-5.0986e-02,-3.7036e-02,-2.2280e-02,-7.0679e-03,8.2449e-03,2.3307e-02,3.7779e-02,5.1338e-02,6.3688e-02,7.4561e-02,8.3725e-02,9.0984e-02,9.6185e-02,9.9216e-02,1.0001e-01,9.8541e-02,9.4838e-02,8.8970e-02,8.1058e-02,7.1269e-02,5.9814e-02,4.6951e-02,3.2973e-02,1.8205e-02,2.9977e-03,-1.2285e-02,-2.7273e-02,-4.1603e-02,-5.4930e-02,-6.6934e-02,-7.7336e-02,-8.5899e-02,-9.2439e-02,-9.6824e-02,-9.8982e-02,-9.8897e-02,-9.6603e-02,-9.2185e-02,-8.5772e-02,-7.7526e-02,-6.7641e-02,-5.6329e-02,-4.3817e-02,-3.0338e-02,-1.6127e-02,-1.4137e-03
1.8695e-04,-1.2416e-02,-2.5002e-02,-3.7245e-02,-4.8751e-02,-5.9050e-02,-6.7624e-02,-7.3936e-02,-7.7481e-02,-7.7861e-02,-7.4851e-02,-6.8457e-02,-5.8931e-02,-4.6753e-02,-3.2562e-02,-1.7078e-02,-1.0084e-03,1.5012e-02,3.0460e-02,4.4934e-02,5.8141e-02,6.9863e-02,7.9937e-02,8.8222e-02,9.4589e-02,9.8916e-02,1.0109e-01,1.0104e-01,9.8715e-02,9.4128e-02,8.7355e-02,7.8539e-02,6.7882e-02,5.5638e-02,4.2101e-02,2.7592e-02,1.2447e-02,-2.9917e-03,-1.8381e-02,-3.3384e-02,-4.7668e-02,-6.0917e-02,-7.2825e-02,-8.3110e-02,-9.1520e-02,-9.7838e-02,-1.0190e-01,-1.0358e-01,-1.0283e-01,-9.9664e-02,-9.4148e-02,-8.6417e-02,-7.6662e-02,-6.5125e-02,-5.2089e-02,-3.7873e-02,-2.2818e-02,-7.2822e-03,8.3696e-03,2.3777e-02,3.8586e-02,5.2466e-02,6.5105e-02,7.6230e-02,8.5598e-02,9.3011e-02,9.8311e-02,1.0139e-01,1.0218e-01,1.0066e-01,9.6870e-02,9.0881e-02,8.2821e-02,7.2859e-02,6.1212e-02,4.8138e-02,3.3931e-02,1.8919e-02,3.4482e-03,-1.2113e-02,-2.7394e-02,-4.2031e-02,-5.5670e-02,-6.7986e-02,-7.8689e-02,-8.7532e-02,-9.4318e-02,-9.8904e-02,-1.0121e-01,-1.0120e-01,-9.8911e-02,-9.4420e-02,-8.7855e-02,-7.9383e-02,-6.9202e-02,-5.7537e-02,-4.4626e-02,-3.0721e-02,-1.6069e-02,-9.1858e-04
2.5713e-04,-1.0592e-02,-2.1489e-02,-3.2184e-02,-4.2369e-02,-5.1677e-02,-5.9680e-02,-6.5909e-02,-6.9886e-02,-7.1171e-02,-6.9430e-02,-6.4503e-02,-5.6453e-02,-4.5578e-02,-3.2388e-02,-1.7541e-02,-1.7535e-03,1.4276e-02,2.9930e-02,4.4704e-02,5.8215e-02,7.0178e-02,8.0390e-02,8.8698e-02,9.4984e-02,9.9149e-02,1.0112e-01,1.0085e-01,9.8320e-02,9.3578e-02,8.6710e-02,7.7864e-02,6.7237e-02,5.5076e-02,4.1661e-02,2.7299e-02,1.2313e-02,-2.9656e-03,-1.8203e-02,-3.3068e-02,-4.7234e-02,-6.0384e-02,-7.2218e-02,-8.2453e-02,-9.0837e-02,-9.7153e-02,-1.0123e-01,-1.0296e-01,-1.0227e-01,-9.9184e-02,-9.3756e-02,-8.6119e-02,-7.6461e-02,-6.5016e-02,-5.2063e-02,-3.7917e-02,-2.2917e-02,-7.4188e-03,8.2112e-03,2.3608e-02,3.8416e-02,5.2298e-02,6.4940e-02,7.6062e-02,8.5421e-02,9.2818e-02,9.8098e-02,1.0115e-01,1.0192e-01,1.0040e-01,9.6616e-02,9.0653e-02,8.2639e-02,7.2747e-02,6.1190e-02,4.8221e-02,3.4128e-02,1.9228e-02,3.8627e-03,-1.1612e-02,-2.6831e-02,-4.1435e-02,-5.5077e-02,-6.7430e-02,-7.8202e-02,-8.7139e-02,-9.4037e-02,-9.8744e-02,-1.0116e-01,-1.0126e-01,-9.9047e-02,-9.4601e-02,-8.8043e-02,-7.9538e-02,-6.9285e-02,-5.7514e-02,-4.4470e-02,-3.0413e-02,-1.5606e-02,-3.0722e-04
4.0203e-05,-8.7812e-03,-1.7678e-02,-2.6469e-02,-3.4937e-02,-4.2816e-02,-4.9788e-02,-5.5484e-02,-5.9493e-02,-6.1396e-02,-6.0809e-02,-5.7447e-02,-5.1190e-02,-4.2131e-02,-3.0588e-02,-1.7078e-02,-2.2566e-03,1.3171e-02,2.8524e-02,4.3202e-02,5.6719e-02,6.8710e-02,7.8907e-02,8.7131e-02,9.3258e-02,9.7212e-02,9.8951e-02,9.8466e-02,9.5785e-02,9.0973e-02,8.4139e-02,7.5436e-02,6.5058e-02,5.3238e-02,4.0237e-02,2.6343e-02,1.1855e-02,-2.9120e-03,-1.7644e-02,-3.2022e-02,-4.5735e-02,-5.8478e-02,-6.9957e-02,-7.9899e-02,-8.8059e-02,-9.4227e-02,-9.8233e-02,-9.9965e-02,-9.9361e-02,-9.6425e-02,-9.1216e-02,-8.3858e-02,-7.4525e-02,-6.3442e-02,-5.0877e-02,-3.7132e-02,-2.2535e-02,-7.4362e-03,7.8084e-03,2.2840e-02,3.7304e-02,5.0867e-02,6.3218e-02,7.4080e-02,8.3214e-02,9.0425e-02,9.5563e-02,9.8528e-02,9.9267e-02,9.7774e-02,9.4089e-02,8.8297e-02,8.0523e-02,7.0936e-02,5.9743e-02,4.7186e-02,3.3538e-02,1.9102e-02,4.2008e-03,-1.0826e-02,-2.5630e-02,-3.9866e-02,-5.3198e-02,-6.5309e-02,-7.5909e-02,-8.4744e-02,-9.1608e-02,-9.6340e-02,-9.8835e-02,-9.9044e-02,-9.6975e-02,-9.2688e-02,-8.6297e-02,-7.7957e-02,-6.7865e-02,-5.6246e-02,-4.3351e-02,-2.9440e-02,-1.4784e-02,3.5022e-04
-3.5757e-04,-6.9498e-03,-1.3626e-02,-2.0270e-02,-2.6743e-02,-3.2876e-02,-3.8461e-02,-4.3236e-02,-4.6889e-02,-4.9061e-02,-4.9376e-02,-4.7487e-02,-4.3135e-02,-3.6218e-02,-2.6837e-02,-1.5313e-02,-2.1580e-03,1.1987e-02,2.6432e-02,4.0514e-02,5.3658e-02,6.5401e-02,7.5402e-02,8.3431e-02,8.9346e-02,9.3077e-02,9.4608e-02,9.3965e-02,9.1211e-02,8.6442e-02,7.9786e-02,7.1403e-02,6.1482e-02,5.0241e-02,3.7921e-02,2.4782e-02,1.1102e-02,-2.8341e-03,-1.6735e-02,-3.0306e-02,-4.3254e-02,-5.5293e-02,-6.6150e-02,-7.5565e-02,-8.3306e-02,-8.9173e-02,-9.3008e-02,-9.4697e-02,-9.4183e-02,-9.1463e-02,-8.6590e-02,-7.9676e-02,-7.0882e-02,-6.0415e-02,-4.8527e-02,-3.5499e-02,-2.1645e-02,-7.2927e-03,7.2138e-03,2.1529e-02,3.5314e-02,4.8243e-02,6.0016e-02,7.0364e-02,7.9060e-02,8.5916e-02,9.0794e-02,9.3601e-02,9.4292e-02,9.2867e-02,8.9370e-02,8.3884e-02,7.6533e-02,6.7476e-02,5.6907e-02,4.5052e-02,3.2164e-02,1.8524e-02,4.4308e-03,-9.8025e-03,-2.3852e-02,-3.7393e-02,-5.0110e-02,-6.1700e-02,-7.1884e-02,-8.0416e-02,-8.7090e-02,-9.1741e-02,-9.4259e-02,-9.4584e-02,-9.2711e-02,-8.8689e-02,-8.2617e-02,-7.4641e-02,-6.4944e-02,-5.3746e-02,-4.1291e-02,-2.7838e-02,-1.3655e-02,9.8716e-04
-8.0217e-04,-5.0399e-03,-9.3680e-03,-1.3726e-02,-1.8046e-02,-2.2241e-02,-2.6200e-02,-2.9765e-02,-3.2727e-02,-3.4816e-02,-3.5706e-02,-3.5048e-02,-3.2508e-02,-2.7838e-02,-2.0939e-02,-1.1909e-02,-1.0592e-03,1.1109e-02,2.3973e-02,3.6868e-02,4.9158e-02,6.0300e-02,6.9870e-02,7.7573e-02,8.3226e-02,8.6748e-02,8.8131e-02,8.7424e-02,8.4716e-02,8.0130e-02,7.3811e-02,6.5926e-02,5.6661e-02,4.6217e-02,3.4816e-02,2.2691e-02,1.0089e-02,-2.7334e-03,-1.5514e-02,-2.7986e-02,-3.9886e-02,-5.0953e-02,-6.0936e-02,-6.9602e-02,-7.6737e-02,-8.2157e-02,-8.5717e-02,-8.7311e-02,-8.6883e-02,-8.4428e-02,-7.9991e-02,-7.3669e-02,-6.5606e-02,-5.5989e-02,-4.5044e-02,-3.3030e-02,-2.0232e-02,-6.9567e-03,6.4772e-03,1.9746e-02,3.2530e-02,4.4523e-02,5.5443e-02,6.5036e-02,7.3089e-02,7.9430e-02,8.3934e-02,8.6517e-02,8.7144e-02,8.5821e-02,8.2592e-02,7.7540e-02,7.0779e-02,6.2457e-02,5.2752e-02,4.1866e-02,3.0031e-02,1.7494e-02,4.5254e-03,-8.5927e-03,-2.1567e-02,-3.4104e-02,-4.5912e-02,-5.6712e-02,-6.6243e-02,-7.4270e-02,-8.0592e-02,-8.5049e-02,-8.7526e-02,-8.7955e-02,-8.6322e-02,-8.2659e-02,-7.7051e-02,-6.9628e-02,-6.0559e-02,-5.0050e-02,-3.8330e-02,-2.5651e-02,-1.2274e-02,1.5382e-03
-1.1637e-03,-2.9947e-03,-4.9325e-03,-6.9645e-03,-9.0789e-03,-1.1258e-02,-1.3467e-02,-1.5639e-02,-1.7661e-02,-1.9356e-02,-2.0479e-02,-2.0722e-02,-1.9745e-02,-1.7218e-02,-1.2892e-02,-6.6599e-03,1.3876e-03,1.0954e-02,2.1562e-02,3.2618e-02,4.3491e-02,5.3592e-02,6.2425e-02,6.9623e-02,7.4945e-02,7.8275e-02,7.9589e-02,7.8937e-02,7.6424e-02,7.2185e-02,6.6377e-02,5.9172e-02,5.0752e-02,4.1306e-02,3.1035e-02,2.0146e-02,8.8575e-03,-2.6066e-03,-1.4016e-02,-2.5138e-02,-3.5739e-02,-4.5593e-02,-5.4480e-02,-6.2194e-02,-6.8548e-02,-7.3383e-02,-7.6567e-02,-7.8008e-02,-7.7656e-02,-7.5501e-02,-7.1582e-02,-6.5980e-02,-5.8817e-02,-5.0256e-02,-4.0495e-02,-2.9762e-02,-1.8309e-02,-6.4108e-03,5.6438e-03,1.7562e-02,2.9050e-02,3.9828e-02,4.9639e-02,5.8252e-02,6.5474e-02,7.1152e-02,7.5174e-02,7.7473e-02,7.8021e-02,7.6828e-02,7.3940e-02,6.9432e-02,6.3412e-02,5.6009e-02,4.7381e-02,3.7706e-02,2.7181e-02,1.6023e-02,4.4668e-03,-7.2431e-03,-1.8851e-02,-3.0098e-02,-4.0726e-02,-5.0483e-02,-5.9131e-02,-6.6455e-02,-7.2268e-02,-7.6414e-02,-7.8779e-02,-7.9291e-02,-7.7926e-02,-7.4704e-02,-6.9691e-02,-6.3001e-02,-5.4783e-02,-4.5221e-02,-3.4529e-02,-2.2939e-02,-1.0696e-02,1.9486e-03
-1.3411e-03,-7.8337e-04,-3.6557e-04,-1.1186e-04,-5.5477e-05,-2.3036e-04,-6.6349e-04,-1.3586e-03,-2.2823e-03,-3.3468e-03,-4.3942e-03,-5.1916e-03,-5.4371e-03,-4.7897e-03,-2.9169e-03,4.4017e-04,5.3986e-03,1.1889e-02,1.9642e-02,2.8217e-02,3.7065e-02,4.5610e-02,5.3321e-02,5.9768e-02,6.4643e-02,6.7771e-02,6.9088e-02,6.8621e-02,6.6462e-02,6.2747e-02,5.7635e-02,5.1296e-02,4.3905e-02,3.5643e-02,2.6690e-02,1.7231e-02,7.4556e-03,-2.4444e-03,-1.2272e-02,-2.1830e-02,-3.0922e-02,-3.9358e-02,-4.6953e-02,-5.3539e-02,-5.8959e-02,-6.3081e-02,-6.5797e-02,-6.7030e-02,-6.6735e-02,-6.4907e-02,-6.1571e-02,-5.6795e-02,-5.0678e-02,-4.3354e-02,-3.4985e-02,-2.5766e-02,-1.5912e-02,-5.6571e-03,4.7465e-03,1.5042e-02,2.4972e-02,3.4289e-02,4.2764e-02,5.0197e-02,5.6419e-02,6.1300e-02,6.4747e-02,6.6707e-02,6.7159e-02,6.6121e-02,6.3635e-02,5.9769e-02,5.4618e-02,4.8294e-02,4.0928e-02,3.2668e-02,2.3679e-02,1.4141e-02,4.2467e-03,-5.7991e-03,-1.5783e-02,-2.5486e-02,-3.4686e-02,-4.3168e-02,-5.0724e-02,-5.7161e-02,-6.2310e-02,-6.6029e-02,-6.8207e-02,-6.8774e-02,-6.7694e-02,-6.4979e-02,-6.0680e-02,-5.4885e-02,-4.7724e-02,-3.9355e-02,-2.9967e-02,-1.9766e-02,-8.9748e-03,2.1770e-03
-1.2817e-03,1.5836e-03,4.2619e-03,6.6985e-03,8.8269e-03,1.0575e-02,1.1872e-02,1.2660e-02,1.2907e-02,1.2627e-02,1.1893e-02,1.0855e-02,9.7428e-03,8.8608e-03,8.5568e-03,9.1751e-03,1.0991e-02,1.4148e-02,1.8610e-02,2.4149e-02,3.0381e-02,3.6820e-02,4.2957e-02,4.8330e-02,5.2571e-02,5.5434e-02,5.6791e-02,5.6616e-02,5.4968e-02,5.1957e-02,4.7728e-02,4.2439e-02,3.6261e-02,2.9357e-02,2.1892e-02,1.4031e-02,5.9366e-03,-2.2296e-03,-1.0304e-02,-1.8126e-02,-2.5538e-02,-3.2389e-02,-3.8536e-02,-4.3846e-02,-4.8203e-02,-5.1505e-02,-5.3672e-02,-5.4645e-02,-5.4391e-02,-5.2903e-02,-5.0204e-02,-4.6341e-02,-4.1388e-02,-3.5450e-02,-2.8651e-02,-2.1144e-02,-1.3102e-02,-4.7155e-03,3.8071e-03,1.2250e-02,2.0398e-02,2.8042e-02,3.4990e-02,4.1073e-02,4.6152e-02,5.0123e-02,5.2914e-02,5.4487e-02,5.4831e-02,5.3966e-02,5.1932e-02,4.8789e-02,4.4614e-02,3.9499e-02,3.3547e-02,2.6874e-02,1.9608e-02,1.1889e-02,3.8662e-03,-4.2994e-03,-1.2440e-02,-2.0381e-02,-2.7942e-02,-3.4947e-02,-4.1222e-02,-4.6605e-02,-5.0950e-02,-5.4131e-02,-5.6048e-02,-5.6632e-02,-5.5848e-02,-5.3693e-02,-5.0203e-02,-4.5446e-02,-3.9525e-02,-3.2569e-02,-2.4737e-02,-1.6204e-02,-7.1581e-03,2.2007e-03
-9.9015e-04,4.0531e-03,8.8511e-03,1.3326e-02,1.7385e-02,2.0932e-02,2.3861e-02,2.6076e-02,2.7497e-02,2.8076e-02,2.7814e-02,2.6778e-02,2.5119e-02,2.3074e-02,2.0955e-02,1.9130e-02,1.7966e-02,1.7771e-02,1.8727e-02,2.0851e-02,2.3976e-02,2.7784e-02,3.1862e-02,3.5770e-02,3.9108e-02,4.1565e-02,4.2933e-02,4.3114e-02,4.2101e-02,3.9956e-02,3.6788e-02,3.2734e-02,2.7943e-02,2.2564e-02,1.6745e-02,1.0629e-02,4.3567e-03,-1.9381e-03,-8.1255e-03,-1.4080e-02,-1.9682e-02,-2.4823e-02,-2.9400e-02,-3.3325e-02,-3.6520e-02,-3.8920e-02,-4.0473e-02,-4.1145e-02,-4.0915e-02,-3.9781e-02,-3.7755e-02,-3.4871e-02,-3.1178e-02,-2.6743e-02,-2.1654e-02,-1.6016e-02,-9.9575e-03,-3.6204e-03,2.8355e-03,9.2425e-03,1.5430e-02,2.1232e-02,2.6497e-02,3.1094e-02,3.4917e-02,3.7888e-02,3.9958e-02,4.1105e-02,4.1329e-02,4.0652e-02,3.9109e-02,3.6751e-02,3.3635e-02,2.9831e-02,2.5411e-02,2.0459e-02,1.5062e-02,9.3193e-03,3.3343e-03,-2.7797e-03,-8.9007e-03,-1.4901e-02,-2.0649e-02,-2.6008e-02,-3.0845e-02,-3.5031e-02,-3.8448e-02,-4.0991e-02,-4.2576e-02,-4.3141e-02,-4.2650e-02,-4.1093e-02,-3.8490e-02,-3.4888e-02,-3.0362e-02,-2.5010e-02,-1.8953e-02,-1.2327e-02,-5.2838e-03,2.0171e-03
-5.2102e-04,6.5353e-03,1.3283e-02,1.9625e-02,2.5452e-02,3.0645e-02,3.5077e-02,3.8623e-02,4.1165e-02,4.2608e-02,4.2896e-02,4.2026e-02,4.0070e-02,3.7188e-02,3.3636e-02,2.9751e-02,2.5933e-02,2.2591e-02,2.0077e-02,1.8633e-02,1.8337e-02,1.9093e-02,2.0653e-02,2.2669e-02,2.4763e-02,2.6582e-02,2.7847e-02,2.8370e-02,2.8059e-02,2.6902e-02,2.4952e-02,2.2301e-02,1.9064e-02,1.5368e-02,1.1340e-02,7.1018e-03,2.7706e-03,-1.5446e-03,-5.7439e-03,-9.7357e-03,-1.3440e-02,-1.6786e-02,-1.9716e-02,-2.2184e-02,-2.4151e-02,-2.5594e-02,-2.6491e-02,-2.6834e-02,-2.6617e-02,-2.5842e-02,-2.4519e-02,-2.2662e-02,-2.0294e-02,-1.7449e-02,-1.4171e-02,-1.0520e-02,-6.5712e-03,-2.4175e-03,1.8360e-03,6.0705e-03,1.0166e-02,1.4002e-02,1.7473e-02,2.0485e-02,2.2968e-02,2.4873e-02,2.6176e-02,2.6870e-02,2.6965e-02,2.6485e-02,2.5461e-02,2.3931e-02,2.1933e-02,1.9511e-02,1.6708e-02,1.3572e-02,1.0149e-02,6.4950e-03,2.6681e-03,-1.2676e-03,-5.2386e-03,-9.1669e-03,-1.2967e-02,-1.6550e-02,-1.9824e-02,-2.2698e-02,-2.5085e-02,-2.6908e-02,-2.8100e-02,-2.8609e-02,-2.8404e-02,-2.7468e-02,-2.5808e-02,-2.3451e-02,-2.0441e-02,-1.6844e-02,-1.2736e-02,-8.2132e-03,-3.3811e-03,1.6476e-03
3.3796e-05,8.9170e-03,1.7428e-02,2.5456e-02,3.2875e-02,3.9551e-02,4.5337e-02,5.0087e-02,5.3656e-02,5.5914e-02,5.6761e-02,5.6140e-02,5.4059e-02,5.0605e-02,4.5966e-02,4.0431e-02,3.4382e-02,2.8265e-02,2.2542e-02,1.7628e-02,1.3827e-02,1.1283e-02,9.9648e-03,9.6861e-03,1.0151e-02,1.1021e-02,1.1969e-02,1.2726e-02,1.3104e-02,1.2996e-02,1.2374e-02,1.1263e-02,9.7286e-03,7.8604e-03,5.7561e-03,3.5132e-03,1.2248e-03,-1.0250e-03,-3.1646e-03,-5.1350e-03,-6.8901e-03,-8.3993e-03,-9.6447e-03,-1.0622e-02,-1.1335e-02,-1.1796e-02,-1.2019e-02,-1.2020e-02,-1.1812e-02,-1.1404e-02,-1.0799e-02,-9.9981e-03,-8.9968e-03,-7.7945e-03,-6.3911e-03,-4.7988e-03,-3.0404e-03,-1.1535e-03,8.1000e-04,2.7864e-03,4.7062e-03,6.4999e-03,8.1052e-03,9.4715e-03,1.0564e-02,1.1365e-02,1.1872e-02,1.2096e-02,1.2058e-02,1.1782e-02,1.1293e-02,1.0615e-02,9.7694e-03,8.7726e-03,7.6366e-03,6.3713e-03,4.9853e-03,3.4887e-03,1.8928e-03,2.1423e-04,-1.5244e-03,-3.2940e-03,-5.0592e-03,-6.7769e-03,-8.4016e-03,-9.8809e-03,-1.1165e-02,-1.2204e-02,-1.2953e-02,-1.3375e-02,-1.3443e-02,-1.3139e-02,-1.2458e-02,-1.1404e-02,-9.9926e-03,-8.2523e-03,-6.2199e-03,-3.9401e-03,-1.4683e-03,1.1341e-03
5.6516e-04,1.1078e-02,2.1164e-02,3.0692e-02,3.9524e-02,4.7510e-02,5.4489e-02,6.0296e-02,6.4768e-02,6.7750e-02,6.9112e-02,6.8757e-02,6.6647e-02,6.2813e-02,5.7382e-02,5.0583e-02,4.2755e-02,3.4338e-02,2.5838e-02,1.7777e-02,1.0632e-02,4.7636e-03,3.7570e-04,-2.5121e-03,-4.0440e-03,-4.4836e-03,-4.1523e-03,-3.3729e-03,-2.4224e-03,-1.5086e-03,-7.6205e-04,-2.4427e-04,3.9101e-05,1.2149e-04,5.7444e-05,-8.7336e-05,-2.4870e-04,-3.6906e-04,-4.0376e-04,-3.2306e-04,-1.1393e-04,2.1930e-04,6.5601e-04,1.1627e-03,1.6964e-03,2.2084e-03,2.6520e-03,2.9859e-03,3.1799e-03,3.2167e-03,3.0957e-03,2.8318e-03,2.4521e-03,1.9942e-03,1.4986e-03,1.0040e-03,5.4014e-04,1.2407e-04,-2.3873e-04,-5.5657e-04,-8.4622e-04,-1.1269e-03,-1.4141e-03,-1.7168e-03,-2.0335e-03,-2.3511e-03,-2.6485e-03,-2.8984e-03,-3.0713e-03,-3.1421e-03,-3.0905e-03,-2.9068e-03,-2.5891e-03,-2.1480e-03,-1.6026e-03,-9.7854e-04,-3.0819e-04,3.7578e-04,1.0378e-03,1.6468e-03,2.1749e-03,2.6018e-03,2.9134e-03,3.1037e-03,3.1747e-03,3.1356e-03,2.9998e-03,2.7854e-03,2.5125e-03,2.2031e-03,1.8762e-03,1.5497e-03,1.2414e-03,9.6555e-04,7.3607e-04,5.6225e-04,4.5314e-04,4.1427e-04,4.4294e-04,5.3410e-04
9.6831e-04,1.2911e-02,2.4376e-02,3.5219e-02,4.5283e-02,5.4403e-02,6.2404e-02,6.9107e-02,7.4336e-02,7.7920e-02,7.9712e-02,7.9594e-02,7.7494e-02,7.3409e-02,6.7416e-02,5.9692e-02,5.0526e-02,4.0320e-02,2.9574e-02,1.8856e-02,8.7432e-03,-2.3542e-04,-7.6715e-03,-1.3323e-02,-1.7138e-02,-1.9239e-02,-1.9879e-02,-1.9381e-02,-1.8080e-02,-1.6278e-02,-1.4213e-02,-1.2050e-02,-9.8895e-03,-7.7729e-03,-5.7064e-03,-3.6713e-03,-1.6395e-03,4.1524e-04,2.5088e-03,4.6429e-03,6.8010e-03,8.9467e-03,1.1028e-02,1.2975e-02,1.4713e-02,1.6158e-02,1.7236e-02,1.7882e-02,1.8047e-02,1.7707e-02,1.6864e-02,1.5543e-02,1.3796e-02,1.1694e-02,9.3166e-03,6.7513e-03,4.0797e-03,1.3759e-03,-1.3002e-03,-3.8994e-03,-6.3861e-03,-8.7274e-03,-1.0894e-02,-1.2851e-02,-1.4564e-02,-1.5988e-02,-1.7080e-02,-1.7797e-02,-1.8102e-02,-1.7968e-02,-1.7381e-02,-1.6344e-02,-1.4877e-02,-1.3013e-02,-1.0804e-02,-8.3107e-03,-5.6045e-03,-2.7616e-03,1.3818e-04,3.0161e-03,5.7962e-03,8.4091e-03,1.0791e-02,1.2889e-02,1.4659e-02,1.6069e-02,1.7092e-02,1.7717e-02,1.7937e-02,1.7757e-02,1.7185e-02,1.6242e-02,1.4954e-02,1.3353e-02,1.1484e-02,9.3946e-03,7.1382e-03,4.7701e-03,2.3465e-03,-8.2344e-05
1.1622e-03,1.4327e-02,2.6978e-02,3.8945e-02,5.0055e-02,6.0125e-02,6.8968e-02,7.6394e-02,8.2219e-02,8.6267e-02,8.8382e-02,8.8438e-02,8.6350e-02,8.2093e-02,7.5715e-02,6.7352e-02,5.7244e-02,4.5747e-02,3.3324e-02,2.0532e-02,7.9897e-03,-3.6818e-03,-1.3919e-02,-2.2284e-02,-2.8519e-02,-3.2557e-02,-3.4518e-02,-3.4663e-02,-3.3332e-02,-3.0887e-02,-2.7663e-02,-2.3936e-02,-1.9915e-02,-1.5740e-02,-1.1496e-02,-7.2290e-03,-2.9615e-03,1.2926e-03,5.5168e-03,9.6840e-03,1.3749e-02,1.7650e-02,2.1305e-02,2.4619e-02,2.7485e-02,2.9797e-02,3.1454e-02,3.2370e-02,3.2484e-02,3.1763e-02,3.0209e-02,2.7861e-02,2.4788e-02,2.1092e-02,1.6890e-02,1.2315e-02,7.4994e-03,2.5703e-03,-2.3562e-03,-7.1764e-03,-1.1801e-02,-1.6148e-02,-2.0140e-02,-2.3705e-02,-2.6771e-02,-2.9266e-02,-3.1127e-02,-3.2293e-02,-3.2722e-02,-3.2387e-02,-3.1279e-02,-2.9414e-02,-2.6830e-02,-2.3588e-02,-1.9766e-02,-1.5461e-02,-1.0780e-02,-5.8428e-03,-7.7075e-04,4.3108e-03,9.2803e-03,1.4019e-02,1.8418e-02,2.2378e-02,2.5808e-02,2.8635e-02,3.0797e-02,3.2250e-02,3.2960e-02,3.2915e-02,3.2114e-02,3.0577e-02,2.8339e-02,2.5453e-02,2.1990e-02,1.8034e-02,1.3684e-02,9.0483e-03,4.2354e-03,-6.4494e-04
1.1017e-03,1.5273e-02,2.8903e-02,4.1796e-02,5.3756e-02,6.4583e-02,7.4079e-02,8.2048e-02,8.8301e-02,9.2664e-02,9.4984e-02,9.5137e-02,9.3040e-02,8.8662e-02,8.2034e-02,7.3269e-02,6.2568e-02,5.0236e-02,3.6686e-02,2.2434e-02,8.0858e-03,-5.7110e-03,-1.8307e-02,-2.9125e-02,-3.7718e-02,-4.3826e-02,-4.7388e-02,-4.8538e-02,-4.7557e-02,-4.4814e-02,-4.0707e-02,-3.5612e-02,-2.9849e-02,-2.3672e-02,-1.7267e-02,-1.0765e-02,-4.2540e-03,2.1973e-03,8.5324e-03,1.4691e-02,2.0601e-02,2.6176e-02,3.1311e-02,3.5889e-02,3.9786e-02,4.2873e-02,4.5033e-02,4.6165e-02,4.6198e-02,4.5092e-02,4.2851e-02,3.9522e-02,3.5192e-02,2.9986e-02,2.4058e-02,1.7579e-02,1.0729e-02,3.6862e-03,-3.3809e-03,-1.0316e-02,-1.6976e-02,-2.3232e-02,-2.8962e-02,-3.4054e-02,-3.8404e-02,-4.1914e-02,-4.4499e-02,-4.6088e-02,-4.6631e-02,-4.6100e-02,-4.4494e-02,-4.1841e-02,-3.8197e-02,-3.3645e-02,-2.8292e-02,-2.2266e-02,-1.5713e-02,-8.7865e-03,-1.6526e-03,5.5215e-03,1.2570e-02,1.9330e-02,2.5647e-02,3.1375e-02,3.6386e-02,4.0563e-02,4.3810e-02,4.6051e-02,4.7230e-02,4.7316e-02,4.6301e-02,4.4203e-02,4.1066e-02,3.6964e-02,3.1991e-02,2.6272e-02,1.9945e-02,1.3167e-02,6.1009e-03,-1.0920e-03
7.8504e-04,1.5726e-02,3.0111e-02,4.3714e-02,5.6314e-02,6.7694e-02,7.7646e-02,8.5969e-02,9.2479e-02,9.7009e-02,9.9416e-02,9.9590e-02,9.7459e-02,9.2995e-02,8.6231e-02,7.7262e-02,6.6264e-02,5.3499e-02,3.9329e-02,2.4210e-02,8.6989e-03,-6.5776e-03,-2.0952e-02,-3.3772e-02,-4.4461e-02,-5.2582e-02,-5.7888e-02,-6.0339e-02,-6.0092e-02,-5.7461e-02,-5.2851e-02,-4.6702e-02,-3.9436e-02,-3.1421e-02,-2.2959e-02,-1.4284e-02,-5.5731e-03,3.0372e-03,1.1436e-02,1.9523e-02,2.7195e-02,3.4344e-02,4.0847e-02,4.6571e-02,5.1380e-02,5.5134e-02,5.7709e-02,5.8994e-02,5.8911e-02,5.7419e-02,5.4525e-02,5.0281e-02,4.4787e-02,3.8191e-02,3.0672e-02,2.2438e-02,1.3709e-02,4.7099e-03,-4.3419e-03,-1.3241e-02,-2.1793e-02,-2.9824e-02,-3.7168e-02,-4.3679e-02,-4.9219e-02,-5.3667e-02,-5.6920e-02,-5.8896e-02,-5.9539e-02,-5.8822e-02,-5.6750e-02,-5.3363e-02,-4.8734e-02,-4.2967e-02,-3.6195e-02,-2.8575e-02,-2.0285e-02,-1.1517e-02,-2.4732e-03,6.6400e-03,1.5613e-02,2.4243e-02,3.2333e-02,3.9697e-02,4.6167e-02,5.1591e-02,5.5838e-02,5.8805e-02,6.0414e-02,6.0617e-02,5.9401e-02,5.6784e-02,5.2820e-02,4.7598e-02,4.1242e-02,3.3906e-02,2.5773e-02,1.7041e-02,7.9209e-03,-1.3746e-03
2.5380e-04,1.5698e-02,3.0587e-02,4.4660e-02,5.7671e-02,6.9386e-02,7.9587e-02,8.8076e-02,9.4676e-02,9.9232e-02,1.0162e-01,1.0175e-01,9.9561e-02,9.5048e-02,8.8245e-02,7.9246e-02,6.8208e-02,5.5359e-02,4.1013e-02,2.5566e-02,9.5078e-03,-6.5899e-03,-2.2092e-02,-3.6335e-02,-4.8678e-02,-5.8560e-02,-6.5570e-02,-6.9485e-02,-7.0296e-02,-6.8194e-02,-6.3528e-02,-5.6749e-02,-4.8341e-02,-3.8775e-02,-2.8469e-02,-1.7775e-02,-6.9776e-03,3.7013e-03,1.4080e-02,2.4006e-02,3.3341e-02,4.1950e-02,4.9695e-02,5.6436e-02,6.2029e-02,6.6335e-02,6.9227e-02,7.0596e-02,7.0363e-02,6.8491e-02,6.4987e-02,5.9911e-02,5.3373e-02,4.5534e-02,3.6596e-02,2.6796e-02,1.6387e-02,5.6338e-03,-5.2032e-03,-1.5872e-02,-2.6133e-02,-3.5768e-02,-4.4574e-02,-5.2366e-02,-5.8981e-02,-6.4275e-02,-6.8128e-02,-7.0449e-02,-7.1176e-02,-7.0286e-02,-6.7790e-02,-6.3738e-02,-5.8217e-02,-5.1353e-02,-4.3300e-02,-3.4244e-02,-2.4390e-02,-1.3963e-02,-3.2008e-03,7.6547e-03,1.8357e-02,2.8666e-02,3.8344e-02,4.7173e-02,5.4945e-02,6.1478e-02,6.6613e-02,7.0220e-02,7.2204e-02,7.2504e-02,7.1101e-02,6.8014e-02,6.3310e-02,5.7093e-02,4.9512e-02,4.0751e-02,3.1028e-02,2.0582e-02,9.6651e-03,-1.4685e-03
-4.1436e-04,1.5227e-02,3.0335e-02,4.4612e-02,5.7782e-02,6.9599e-02,7.9839e-02,8.8309e-02,9.4838e-02,9.9294e-02,1.0157e-01,1.0160e-01,9.9354e-02,9.4832e-02,8.8088e-02,7.9215e-02,6.8361e-02,5.5731e-02,4.1594e-02,2.6291e-02,1.0242e-02,-6.0537e-03,-2.2026e-02,-3.7050e-02,-5.0481e-02,-6.1703e-02,-7.0189e-02,-7.5556e-02,-7.7618e-02,-7.6403e-02,-7.2141e-02,-6.5224e-02,-5.6147e-02,-4.5444e-02,-3.3635e-02,-2.1190e-02,-8.5088e-03,4.0778e-03,1.6302e-02,2.7946e-02,3.8821e-02,4.8764e-02,5.7620e-02,6.5243e-02,7.1491e-02,7.6231e-02,7.9344e-02,8.0729e-02,8.0317e-02,7.8075e-02,7.4017e-02,6.8207e-02,6.0764e-02,5.1858e-02,4.1707e-02,3.0566e-02,1.8715e-02,6.4505e-03,-5.9297e-03,-1.8133e-02,-2.9883e-02,-4.0919e-02,-5.1001e-02,-5.9915e-02,-6.7470e-02,-7.3501e-02,-7.7876e-02,-8.0494e-02,-8.1293e-02,-8.0248e-02,-7.7377e-02,-7.2741e-02,-6.6441e-02,-5.8619e-02,-4.9450e-02,-3.9143e-02,-2.7929e-02,-1.6062e-02,-3.8089e-03,8.5560e-03,2.0754e-02,3.2510e-02,4.3557e-02,5.3642e-02,6.2529e-02,7.0006e-02,7.5891e-02,8.0035e-02,8.2326e-02,8.2695e-02,8.1120e-02,7.7624e-02,7.2282e-02,6.5217e-02,5.6598e-02,4.6637e-02,3.5581e-02,2.3703e-02,1.1290e-02,-1.3691e-03
-1.1166e-03,1.4378e-02,2.9383e-02,4.3563e-02,5.6622e-02,6.8298e-02,7.8363e-02,8.6629e-02,9.2944e-02,9.7190e-02,9.9286e-02,9.9190e-02,9.6891e-02,9.2416e-02,8.5829e-02,7.7230e-02,6.6763e-02,5.4612e-02,4.1014e-02,2.6260e-02,1.0703e-02,-5.2332e-03,-2.1060e-02,-3.6221e-02,-5.0120e-02,-6.2143e-02,-7.1711e-02,-7.8333e-02,-8.1672e-02,-8.1578e-02,-7.8122e-02,-7.1574e-02,-6.2373e-02,-5.1060e-02,-3.8217e-02,-2.4413e-02,-1.0166e-02,4.0766e-03,1.7945e-02,3.1136e-02,4.3403e-02,5.4538e-02,6.4370e-02,7.2743e-02,7.9521e-02,8.4585e-02,8.7829e-02,8.9172e-02,8.8558e-02,8.5966e-02,8.1420e-02,7.4990e-02,6.6800e-02,5.7025e-02,4.5891e-02,3.3665e-02,2.0646e-02,7.1513e-03,-6.4919e-03,-1.9959e-02,-3.2941e-02,-4.5140e-02,-5.6288e-02,-6.6139e-02,-7.4481e-02,-8.1130e-02,-8.5941e-02,-8.8807e-02,-8.9662e-02,-8.8485e-02,-8.5299e-02,-8.0174e-02,-7.3223e-02,-6.4603e-02,-5.4505e-02,-4.3160e-02,-3.0819e-02,-1.7761e-02,-4.2774e-03,9.3304e-03,2.2756e-02,3.5698e-02,4.7861e-02,5.8965e-02,6.8751e-02,7.6984e-02,8.3464e-02,8.8025e-02,9.0546e-02,9.0954e-02,8.9223e-02,8.5385e-02,7.9523e-02,7.1775e-02,6.2329e-02,5.1419e-02,3.9317e-02,2.6321e-02,1.2744e-02,-1.0970e-03
-1.7394e-03,1.3225e-02,2.7770e-02,4.1531e-02,5.4189e-02,6.5471e-02,7.5148e-02,8.3041e-02,8.9007e-02,9.2953e-02,9.4821e-02,9.4587e-02,9.2267e-02,8.7907e-02,8.1582e-02,7.3403e-02,6.3507e-02,5.2066e-02,3.9290e-02,2.5426e-02,1.0770e-02,-4.3292e-03,-1.9465e-02,-3.4169e-02,-4.7919e-02,-6.0153e-02,-7.0300e-02,-7.7825e-02,-8.2283e-02,-8.3378e-02,-8.1007e-02,-7.5281e-02,-6.6514e-02,-5.5189e-02,-4.1891e-02,-2.7250e-02,-1.1879e-02,3.6592e-03,1.8883e-02,3.3391e-02,4.6858e-02,5.9026e-02,6.9690e-02,7.8686e-02,8.5881e-02,9.1171e-02,9.4473e-02,9.5727e-02,9.4901e-02,9.1993e-02,8.7037e-02,8.0112e-02,7.1346e-02,6.0917e-02,4.9052e-02,3.6023e-02,2.2136e-02,7.7234e-03,-6.8697e-03,-2.1297e-02,-3.5220e-02,-4.8318e-02,-6.0293e-02,-7.0876e-02,-7.9834e-02,-8.6969e-02,-9.2124e-02,-9.5185e-02,-9.6085e-02,-9.4805e-02,-9.1372e-02,-8.5865e-02,-7.8407e-02,-6.9166e-02,-5.8350e-02,-4.6202e-02,-3.2993e-02,-1.9019e-02,-4.5933e-03,9.9626e-03,2.4322e-02,3.8159e-02,5.1158e-02,6.3022e-02,7.3470e-02,8.2253e-02,8.9157e-02,9.4007e-02,9.6677e-02,9.7091e-02,9.5226e-02,9.1120e-02,8.4866e-02,7.6614e-02,6.6569e-02,5.4980e-02,4.2137e-02,2.8357e-02,1.3970e-02,-6.9152e-04
-2.1766e-03,1.1851e-02,2.5556e-02,3.8554e-02,5.0511e-02,6.1143e-02,7.0225e-02,7.7582e-02,8.3087e-02,8.6662e-02,8.8272e-02,8.7912e-02,8.5618e-02,8.1450e-02,7.5500e-02,6.7881e-02,5.8728e-02,4.8204e-02,3.6493e-02,2.3806e-02,1.0389e-02,-3.4757e-03,-1.7461e-02,-3.1188e-02,-4.4225e-02,-5.6089e-02,-6.6267e-02,-7.4234e-02,-7.9503e-02,-8.1678e-02,-8.0508e-02,-7.5931e-02,-6.8100e-02,-5.7372e-02,-4.4268e-02,-2.9417e-02,-1.3489e-02,2.8653e-03,1.9053e-02,3.4567e-02,4.8991e-02,6.1999e-02,7.3342e-02,8.2835e-02,9.0345e-02,9.5782e-02,9.9087e-02,1.0023e-01,9.9197e-02,9.6018e-02,9.0742e-02,8.3458e-02,7.4299e-02,6.3442e-02,5.1111e-02,3.7576e-02,2.3143e-02,8.1479e-03,-7.0563e-03,-2.2110e-02,-3.6659e-02,-5.0362e-02,-6.2902e-02,-7.3992e-02,-8.3381e-02,-9.0859e-02,-9.6257e-02,-9.9460e-02,-1.0040e-01,-9.9046e-02,-9.5444e-02,-8.9674e-02,-8.1867e-02,-7.2200e-02,-6.0892e-02,-4.8196e-02,-3.4398e-02,-1.9807e-02,-4.7495e-03,1.0437e-02,2.5411e-02,3.9832e-02,5.3371e-02,6.5715e-02,7.6574e-02,8.5689e-02,9.2839e-02,9.7846e-02,1.0058e-01,1.0097e-01,9.8997e-02,9.4704e-02,8.8195e-02,7.9630e-02,6.9223e-02,5.7236e-02,4.3968e-02,2.9745e-02,1.4909e-02,-2.0270e-04
-2.3444e-03,1.0332e-02,2.2810e-02,3.4697e-02,4.5649e-02,5.5381e-02,6.3666e-02,7.0338e-02,7.5284e-02,7.8436e-02,7.9776e-02,7.9317e-02,7.7108e-02,7.3224e-02,6.7764e-02,6.0842e-02,5.2595e-02,4.3171e-02,3.2734e-02,2.1464e-02,9.5628e-03,-2.7460e-03,-1.5207e-02,-2.7527e-02,-3.9366e-02,-5.0339e-02,-6.0013e-02,-6.7921e-02,-7.3591e-02,-7.6586e-02,-7.6556e-02,-7.3291e-02,-6.6772e-02,-5.7188e-02,-4.4932e-02,-3.0561e-02,-1.4739e-02,1.8346e-03,1.8483e-02,3.4597e-02,4.9664e-02,6.3274e-02,7.5119e-02,8.4981e-02,9.2716e-02,9.8240e-02,1.0152e-01,1.0254e-01,1.0133e-01,9.7944e-02,9.2450e-02,8.4952e-02,7.5588e-02,6.4534e-02,5.2010e-02,3.8276e-02,2.3630e-02,8.4019e-03,-7.0572e-03,-2.2385e-02,-3.7222e-02,-5.1216e-02,-6.4038e-02,-7.5392e-02,-8.5012e-02,-9.2677e-02,-9.8215e-02,-1.0150e-01,-1.0246e-01,-1.0109e-01,-9.7401e-02,-9.1497e-02,-8.3510e-02,-7.3625e-02,-6.2066e-02,-4.9095e-02,-3.5004e-02,-2.0110e-02,-4.7473e-03,1.0736e-02,2.5991e-02,4.0670e-02,5.4437e-02,6.6973e-02,7.7984e-02,8.7207e-02,9.4423e-02,9.9452e-02,1.0217e-01,1.0251e-01,1.0046e-01,9.6068e-02,8.9446e-02,8.0763e-02,7.0237e-02,5.8135e-02,4.4759e-02,3.0437e-02,1.5509e-02,3.1236e-04
-2.1955e-03,8.7374e-03,1.9615e-02,3.0050e-02,3.9703e-02,4.8291e-02,5.5592e-02,6.1447e-02,6.5746e-02,6.8438e-02,6.9510e-02,6.8991e-02,6.6938e-02,6.3432e-02,5.8576e-02,5.2489e-02,4.5296e-02,3.7136e-02,2.8153e-02,1.8500e-02,8.3361e-03,-2.1638e-03,-1.2809e-02,-2.3383e-02,-3.3637e-02,-4.3279e-02,-5.1972e-02,-5.9337e-02,-6.4959e-02,-6.8414e-02,-6.9313e-02,-6.7347e-02,-6.2346e-02,-5.4322e-02,-4.3498e-02,-3.0295e-02,-1.5297e-02,8.1079e-04,1.7311e-02,3.3519e-02,4.8829e-02,6.2742e-02,7.4878e-02,8.4966e-02,9.2837e-02,9.8404e-02,1.0164e-01,1.0256e-01,1.0123e-01,9.7716e-02,9.2119e-02,8.4560e-02,7.5183e-02,6.4165e-02,5.1719e-02,3.8091e-02,2.3566e-02,8.4600e-03,-6.8892e-03,-2.2128e-02,-3.6901e-02,-5.0857e-02,-6.3666e-02,-7.5023e-02,-8.4660e-02,-9.2350e-02,-9.7914e-02,-1.0123e-01,-1.0221e-01,-1.0084e-01,-9.7165e-02,-9.1265e-02,-8.3279e-02,-7.3394e-02,-6.1837e-02,-4.8873e-02,-3.4795e-02,-1.9924e-02,-4.5962e-03,1.0840e-02,2.6034e-02,4.0639e-02,5.4318e-02,6.6754e-02,7.7656e-02,8.6765e-02,9.3867e-02,9.8790e-02,1.0142e-01,1.0169e-01,9.9594e-02,9.5197e-02,8.8611e-02,8.0006e-02,6.9603e-02,5.7664e-02,4.4490e-02,3.0401e-02,1.5729e-02,8.0010e-04
-1.7259e-03,7.1156e-03,1.6053e-02,2.4724e-02,3.2806e-02,4.0026e-02,4.6171e-02,5.1085e-02,5.4668e-02,5.6871e-02,5.7690e-02,5.7156e-02,5.5330e-02,5.2299e-02,4.8162e-02,4.3033e-02,3.7032e-02,3.0282e-02,2.2906e-02,1.5031e-02,6.7800e-03,-1.7191e-03,-1.0331e-02,-1.8908e-02,-2.7282e-02,-3.5251e-02,-4.2577e-02,-4.8975e-02,-5.4115e-02,-5.7632e-02,-5.9148e-02,-5.8314e-02,-5.4855e-02,-4.8633e-02,-3.9686e-02,-2.8258e-02,-1.4789e-02,1.2526e-04,1.5791e-02,3.1492e-02,4.6555e-02,6.0398e-02,7.2557e-02,8.2700e-02,9.0611e-02,9.6181e-02,9.9384e-02,1.0025e-01,9.8864e-02,9.5323e-02,8.9752e-02,8.2290e-02,7.3094e-02,6.2341e-02,5.0236e-02,3.7013e-02,2.2936e-02,8.2995e-03,-6.5792e-03,-2.1366e-02,-3.5719e-02,-4.9302e-02,-6.1790e-02,-7.2884e-02,-8.2316e-02,-8.9858e-02,-9.5330e-02,-9.8601e-02,-9.9593e-02,-9.8286e-02,-9.4711e-02,-8.8955e-02,-8.1155e-02,-7.1494e-02,-6.0199e-02,-4.7530e-02,-3.3778e-02,-1.9261e-02,-4.3093e-03,1.0734e-02,2.5525e-02,3.9722e-02,5.2999e-02,6.5047e-02,7.5584e-02,8.4364e-02,9.1182e-02,9.5878e-02,9.8345e-02,9.8531e-02,9.6440e-02,9.2134e-02,8.5730e-02,7.7396e-02,6.7349e-02,5.5845e-02,4.3169e-02,2.9629e-02,1.5540e-02,1.2131e-03
-9.7612e-04,5.4949e-03,1.2210e-02,1.8851e-02,2.5124e-02,3.0780e-02,3.5616e-02,3.9483e-02,4.2288e-02,4.3981e-02,4.4562e-02,4.4060e-02,4.2535e-02,4.0069e-02,3.6757e-02,3.2703e-02,2.8015e-02,2.2799e-02,1.7157e-02,1.1187e-02,4.9797e-03,-1.3801e-03,-7.8070e-03,-1.4215e-02,-2.0504e-02,-2.6556e-02,-3.2224e-02,-3.7319e-02,-4.1606e-02,-4.4801e-02,-4.6581e-02,-4.6607e-02,-4.4560e-02,-4.0193e-02,-3.3386e-02,-2.4192e-02,-1.2863e-02,1.5520e-04,1.4268e-02,2.8794e-02,4.3037e-02,5.6355e-02,6.8208e-02,7.8187e-02,8.6017e-02,9.1546e-02,9.4729e-02,9.5600e-02,9.4247e-02,9.0796e-02,8.5392e-02,7.8195e-02,6.9372e-02,5.9106e-02,4.7596e-02,3.5059e-02,2.1739e-02,7.9038e-03,-6.1578e-03,-2.0140e-02,-3.3728e-02,-4.6605e-02,-5.8467e-02,-6.9026e-02,-7.8025e-02,-8.5241e-02,-9.0495e-02,-9.3657e-02,-9.4646e-02,-9.3437e-02,-9.0057e-02,-8.4588e-02,-7.7161e-02,-6.7951e-02,-5.7176e-02,-4.5091e-02,-3.1978e-02,-1.8143e-02,-3.9060e-03,1.0403e-02,2.4454e-02,3.7920e-02,5.0490e-02,6.1872e-02,7.1802e-02,8.0050e-02,8.6425e-02,9.0785e-02,9.3036e-02,9.3134e-02,9.1091e-02,8.6973e-02,8.0894e-02,7.3019e-02,6.3551e-02,5.2733e-02,4.0833e-02,2.8137e-02,1.4937e-02,1.5152e-03
-2.5734e-05,3.8833e-03,8.1691e-03,1.2573e-02,1.6849e-02,2.0777e-02,2.4175e-02,2.6905e-02,2.8878e-02,3.0048e-02,3.0405e-02,2.9979e-02,2.8821e-02,2.7003e-02,2.4609e-02,2.1730e-02,1.8458e-02,1.4878e-02,1.1069e-02,7.0990e-03,3.0250e-03,-1.1052e-03,-5.2541e-03,-9.3877e-03,-1.3470e-02,-1.7453e-02,-2.1271e-02,-2.4823e-02,-2.7968e-02,-3.0515e-02,-3.2218e-02,-3.2787e-02,-3.1910e-02,-2.9288e-02,-2.4687e-02,-1.7994e-02,-9.2626e-03,1.2601e-03,1.3142e-02,2.5806e-02,3.8599e-02,5.0862e-02,6.2004e-02,7.1540e-02,7.9124e-02,8.4545e-02,8.7717e-02,8.8653e-02,8.7439e-02,8.4210e-02,7.9127e-02,7.2366e-02,6.4110e-02,5.4544e-02,4.3865e-02,3.2276e-02,1.9998e-02,7.2690e-03,-5.6552e-03,-1.8504e-02,-3.0998e-02,-4.2853e-02,-5.3792e-02,-6.3551e-02,-7.1891e-02,-7.8600e-02,-8.3508e-02,-8.6486e-02,-8.7452e-02,-8.6377e-02,-8.3281e-02,-7.8236e-02,-7.1362e-02,-6.2824e-02,-5.2826e-02,-4.1609e-02,-2.9439e-02,-1.6605e-02,-3.4093e-03,9.8379e-03,2.2826e-02,3.5253e-02,4.6830e-02,5.7287e-02,6.6383e-02,7.3913e-02,7.9705e-02,8.3634e-02,8.5621e-02,8.5633e-02,8.3690e-02,7.9855e-02,7.4239e-02,6.6996e-02,5.8316e-02,4.8419e-02,3.7549e-02,2.5963e-02,1.3924e-02,1.6855e-03
1.0195e-03,2.2715e-03,4.0078e-03,6.0428e-03,8.1889e-03,1.0269e-02,1.2129e-02,1.3651e-02,1.4750e-02,1.5379e-02,1.5527e-02,1.5212e-02,1.4474e-02,1.3372e-02,1.1975e-02,1.0352e-02,8.5764e-03,6.7084e-03,4.8011e-03,2.8924e-03,1.0058e-03,-8.5071e-04,-2.6808e-03,-4.4979e-03,-6.3209e-03,-8.1633e-03,-1.0028e-02,-1.1894e-02,-1.3705e-02,-1.5358e-02,-1.6693e-02,-1.7495e-02,-1.7493e-02,-1.6390e-02,-1.3891e-02,-9.7619e-03,-3.8804e-03,3.7135e-03,1.2794e-02,2.2956e-02,3.3659e-02,4.4291e-02,5.4248e-02,6.2995e-02,7.0111e-02,7.5315e-02,7.8461e-02,7.9516e-02,7.8546e-02,7.5677e-02,7.1077e-02,6.4930e-02,5.7430e-02,4.8770e-02,3.9140e-02,2.8736e-02,1.7755e-02,6.4044e-03,-5.0956e-03,-1.6516e-02,-2.7618e-02,-3.8161e-02,-4.7902e-02,-5.6611e-02,-6.4074e-02,-7.0100e-02,-7.4532e-02,-7.7246e-02,-7.8164e-02,-7.7250e-02,-7.4516e-02,-7.0022e-02,-6.3873e-02,-5.6216e-02,-4.7238e-02,-3.7158e-02,-2.6220e-02,-1.4689e-02,-2.8435e-03,9.0334e-03,2.0660e-02,3.1764e-02,4.2083e-02,5.1380e-02,5.9442e-02,6.6088e-02,7.1174e-02,7.4593e-02,7.6281e-02,7.6218e-02,7.4424e-02,7.0965e-02,6.5942e-02,5.9492e-02,5.1786e-02,4.3019e-02,3.3404e-02,2.3166e-02,1.2531e-02,1.7158e-03
2.0440e-03,6.3944e-04,-2.0340e-04,-5.9047e-04,-6.4126e-04,-4.7994e-04,-2.2012e-04,4.0829e-05,2.3209e-04,3.0914e-04,2.5344e-04,7.3686e-05,-2.0386e-04,-5.4023e-04,-8.8637e-04,-1.1943e-03,-1.4191e-03,-1.5263e-03,-1.4928e-03,-1.3143e-03,-1.0003e-03,-5.7943e-04,-9.6887e-05,3.9126e-04,8.1897e-04,1.1192e-03,1.2312e-03,1.1094e-03,7.3628e-04,1.3572e-04,-6.1771e-04,-1.3854e-03,-1.9646e-03,-2.0927e-03,-1.4674e-03,2.1300e-04,3.2017e-03,7.6435e-03,1.3529e-02,2.0666e-02,2.8691e-02,3.7109e-02,4.5364e-02,5.2908e-02,5.9270e-02,6.4093e-02,6.7153e-02,6.8358e-02,6.7725e-02,6.5353e-02,6.1397e-02,5.6043e-02,4.9487e-02,4.1925e-02,3.3548e-02,2.4538e-02,1.5076e-02,5.3374e-03,-4.4943e-03,-1.4234e-02,-2.3688e-02,-3.2663e-02,-4.0962e-02,-4.8395e-02,-5.4782e-02,-5.9960e-02,-6.3790e-02,-6.6160e-02,-6.6997e-02,-6.6260e-02,-6.3953e-02,-6.0122e-02,-5.4852e-02,-4.8269e-02,-4.0534e-02,-3.1838e-02,-2.2398e-02,-1.2449e-02,-2.2353e-03,7.9932e-03,1.7989e-02,2.7514e-02,3.6344e-02,4.4276e-02,5.1129e-02,5.6753e-02,6.1030e-02,6.3876e-02,6.5242e-02,6.5117e-02,6.3527e-02,6.0528e-02,5.6212e-02,5.0697e-02,4.4130e-02,3.6674e-02,2.8510e-02,1.9824e-02,1.0799e-02,1.6146e-03
2.9369e-03,-1.0338e-03,-4.3988e-03,-7.1811e-03,-9.4275e-03,-1.1200e-02,-1.2566e-02,-1.3592e-02,-1.4329e-02,-1.4816e-02,-1.5074e-02,-1.5107e-02,-1.4904e-02,-1.4446e-02,-1.3710e-02,-1.2674e-02,-1.1322e-02,-9.6517e-03,-7.6727e-03,-5.4139e-03,-2.9220e-03,-2.6181e-04,2.4841e-03,5.2191e-03,7.8357e-03,1.0222e-02,1.2267e-02,1.3873e-02,1.4960e-02,1.5486e-02,1.5450e-02,1.4916e-02,1.4016e-02,1.2953e-02,1.2001e-02,1.1479e-02,1.1717e-02,1.2999e-02,1.5507e-02,1.9274e-02,2.4154e-02,2.9830e-02,3.5862e-02,4.1750e-02,4.7005e-02,5.1213e-02,5.4074e-02,5.5414e-02,5.5183e-02,5.3428e-02,5.0273e-02,4.5885e-02,4.0455e-02,3.4176e-02,2.7234e-02,1.9803e-02,1.2045e-02,4.1106e-03,-3.8548e-03,-1.1708e-02,-1.9308e-02,-2.6507e-02,-3.3161e-02,-3.9127e-02,-4.4265e-02,-4.8447e-02,-5.1559e-02,-5.3508e-02,-5.4225e-02,-5.3672e-02,-5.1842e-02,-4.8765e-02,-4.4505e-02,-3.9162e-02,-3.2864e-02,-2.5772e-02,-1.8067e-02,-9.9433e-03,-1.6088e-03,6.7273e-03,1.4859e-02,2.2589e-02,2.9734e-02,3.6128e-02,4.1629e-02,4.6120e-02,4.9508e-02,5.1735e-02,5.2766e-02,5.2598e-02,5.1257e-02,4.8793e-02,4.5284e-02,4.0826e-02,3.5536e-02,2.9545e-02,2.2994e-02,1.6027e-02,8.7853e-03,1.4005e-03
3.6080e-03,-2.7629e-03,-8.5135e-03,-1.3589e-02,-1.7961e-02,-2.1628e-02,-2.4603e-02,-2.6911e-02,-2.8582e-02,-2.9642e-02,-3.0109e-02,-2.9996e-02,-2.9311e-02,-2.8055e-02,-2.6233e-02,-2.3853e-02,-2.0933e-02,-1.7502e-02,-1.3608e-02,-9.3134e-03,-4.7039e-03,1.2054e-04,5.0403e-03,9.9218e-03,1.4620e-02,1.8986e-02,2.2867e-02,2.6122e-02,2.8625e-02,3.0277e-02,3.1019e-02,3.0849e-02,2.9829e-02,2.8099e-02,2.5884e-02,2.3483e-02,2.1250e-02,1.9553e-02,1.8722e-02,1.8988e-02,2.0432e-02,2.2957e-02,2.6299e-02,3.0070e-02,3.3822e-02,3.7119e-02,3.9595e-02,4.0996e-02,4.1184e-02,4.0134e-02,3.7914e-02,3.4654e-02,3.0521e-02,2.5695e-02,2.0355e-02,1.4662e-02,8.7616e-03,2.7805e-03,-3.1689e-03,-8.9850e-03,-1.4574e-02,-1.9843e-02,-2.4698e-02,-2.9048e-02,-3.2799e-02,-3.5864e-02,-3.8160e-02,-3.9616e-02,-4.0175e-02,-3.9801e-02,-3.8480e-02,-3.6226e-02,-3.3080e-02,-2.9110e-02,-2.4412e-02,-1.9106e-02,-1.3330e-02,-7.2360e-03,-9.8629e-04,5.2571e-03,1.1334e-02,1.7094e-02,2.2397e-02,2.7120e-02,3.1160e-02,3.4432e-02,3.6876e-02,3.8452e-02,3.9143e-02,3.8952e-02,3.7902e-02,3.6038e-02,3.3416e-02,3.0111e-02,2.6209e-02,2.1803e-02,1.6994e-02,1.1879e-02,6.5542e-03,1.1001e-03
3.9973e-03,-4.5479e-03,-1.2484e-02,-1.9684e-02,-2.6050e-02,-3.1515e-02,-3.6036e-02,-3.9593e-02,-4.2185e-02,-4.3816e-02,-4.4501e-02,-4.4259e-02,-4.3110e-02,-4.1079e-02,-3.8199e-02,-3.4508e-02,-3.0061e-02,-2.4923e-02,-1.9179e-02,-1.2932e-02,-6.3013e-03,5.7417e-04,7.5407e-03,1.4430e-02,2.1065e-02,2.7262e-02,3.2839e-02,3.7618e-02,4.1437e-02,4.4156e-02,4.5671e-02,4.5926e-02,4.4926e-02,4.2751e-02,3.9567e-02,3.5633e-02,3.1290e-02,2.6937e-02,2.2996e-02,1.9849e-02,1.7778e-02,1.6916e-02,1.7214e-02,1.8456e-02,2.0299e-02,2.2338e-02,2.4178e-02,2.5493e-02,2.6054e-02,2.5747e-02,2.4560e-02,2.2564e-02,1.9880e-02,1.6664e-02,1.3072e-02,9.2507e-03,5.3297e-03,1.4133e-03,-2.4170e-03,-6.0976e-03,-9.5782e-03,-1.2817e-02,-1.5773e-02,-1.8407e-02,-2.0677e-02,-2.2537e-02,-2.3941e-02,-2.4845e-02,-2.5209e-02,-2.5002e-02,-2.4206e-02,-2.2819e-02,-2.0858e-02,-1.8360e-02,-1.5381e-02,-1.1999e-02,-8.3034e-03,-4.3965e-03,-3.8801e-04,3.6107e-03,7.4909e-03,1.1151e-02,1.4500e-02,1.7458e-02,1.9961e-02,2.1961e-02,2.3424e-02,2.4334e-02,2.4685e-02,2.4488e-02,2.3765e-02,2.2546e-02,2.0873e-02,1.8793e-02,1.6359e-02,1.3628e-02,1.0654e-02,7.4895e-03,4.1768e-03,7.4874e-04
4.0799e-03,-6.3722e-03,-1.6241e-02,-2.5343e-02,-3.3517e-02,-4.0634e-02,-4.6596e-02,-5.1333e-02,-5.4807e-02,-5.7001e-02,-5.7915e-02,-5.7569e-02,-5.5994e-02,-5.3237e-02,-4.9355e-02,-4.4421e-02,-3.8525e-02,-3.1772e-02,-2.4284e-02,-1.6202e-02,-7.6848e-03,1.0934e-03,9.9449e-03,1.8670e-02,2.7063e-02,3.4912e-02,4.2008e-02,4.8148e-02,5.3144e-02,5.6826e-02,5.9057e-02,5.9744e-02,5.8844e-02,5.6390e-02,5.2493e-02,4.7361e-02,4.1298e-02,3.4698e-02,2.8018e-02,2.1735e-02,1.6287e-02,1.2008e-02,9.0754e-03,7.4824e-03,7.0495e-03,7.4676e-03,8.3645e-03,9.3721e-03,1.0185e-02,1.0591e-02,1.0482e-02,9.8434e-03,8.7343e-03,7.2581e-03,5.5396e-03,3.7025e-03,1.8534e-03,7.5221e-05,-1.5765e-03,-3.0719e-03,-4.4003e-03,-5.5664e-03,-6.5798e-03,-7.4521e-03,-8.1913e-03,-8.7973e-03,-9.2641e-03,-9.5766e-03,-9.7157e-03,-9.6590e-03,-9.3884e-03,-8.8881e-03,-8.1515e-03,-7.1832e-03,-5.9997e-03,-4.6294e-03,-3.1121e-03,-1.4941e-03,1.6992e-04,1.8255e-03,3.4182e-03,4.8996e-03,6.2266e-03,7.3656e-03,8.2921e-03,8.9933e-03,9.4606e-03,9.6997e-03,9.7180e-03,9.5309e-03,9.1559e-03,8.6147e-03,7.9271e-03,7.1171e-03,6.2029e-03,5.2012e-03,4.1226e-03,2.9672e-03,1.7266e-03,3.7943e-04
3.8651e-03,-8.1970e-03,-1.9714e-02,-3.0453e-02,-4.0204e-02,-4.8783e-02,-5.6038e-02,-6.1854e-02,-6.6150e-02,-6.8882e-02,-7.0032e-02,-6.9616e-02,-6.7671e-02,-6.4259e-02,-5.9463e-02,-5.3389e-02,-4.6159e-02,-3.7919e-02,-2.8829e-02,-1.9069e-02,-8.8358e-03,1.6627e-03,1.2206e-02,2.2565e-02,3.2508e-02,4.1801e-02,5.0215e-02,5.7527e-02,6.3531e-02,6.8039e-02,7.0894e-02,7.1974e-02,7.1209e-02,6.8591e-02,6.4187e-02,5.8157e-02,5.0759e-02,4.2354e-02,3.3394e-02,2.4397e-02,1.5896e-02,8.3794e-03,2.2259e-03,-2.3513e-03,-5.3297e-03,-6.8637e-03,-7.2438e-03,-6.8245e-03,-5.9612e-03,-4.9539e-03,-4.0136e-03,-3.2570e-03,-2.7141e-03,-2.3512e-03,-2.0963e-03,-1.8640e-03,-1.5759e-03,-1.1725e-03,-6.2457e-04,6.9678e-05,8.8647e-04,1.7816e-03,2.6995e-03,3.5816e-03,4.3726e-03,5.0270e-03,5.5113e-03,5.8075e-03,5.9118e-03,5.8330e-03,5.5903e-03,5.2069e-03,4.7125e-03,4.1345e-03,3.4961e-03,2.8191e-03,2.1169e-03,1.4003e-03,6.7522e-04,-5.3748e-05,-7.8382e-04,-1.5099e-03,-2.2244e-03,-2.9170e-03,-3.5727e-03,-4.1725e-03,-4.6967e-03,-5.1230e-03,-5.4300e-03,-5.5985e-03,-5.6132e-03,-5.4650e-03,-5.1504e-03,-4.6734e-03,-4.0477e-03,-3.2974e-03,-2.4592e-03,-1.5804e-03,-7.2592e-04,2.7284e-05
3.3942e-03,-9.9679e-03,-2.2824e-02,-3.4910e-02,-4.5974e-02,-5.5787e-02,-6.4153e-02,-7.0913e-02,-7.5946e-02,-7.9175e-02,-8.0563e-02,-8.0114e-02,-7.7867e-02,-7.3894e-02,-6.8301e-02,-6.1221e-02,-5.2810e-02,-4.3248e-02,-3.2736e-02,-2.1492e-02,-9.7465e-03,2.2572e-03,1.4269e-02,2.6034e-02,3.7297e-02,4.7805e-02,5.7315e-02,6.5592e-02,7.2417e-02,7.7594e-02,8.0954e-02,8.2362e-02,8.1728e-02,7.9020e-02,7.4272e-02,6.7602e-02,5.9221e-02,4.9448e-02,3.8704e-02,2.7500e-02,1.6411e-02,6.0201e-03,-3.1411e-03,-1.0664e-02,-1.6311e-02,-2.0046e-02,-2.2014e-02,-2.2500e-02,-2.1859e-02,-2.0447e-02,-1.8573e-02,-1.6461e-02,-1.4250e-02,-1.1998e-02,-9.7075e-03,-7.3487e-03,-4.8840e-03,-2.2855e-03,4.5143e-04,3.3022e-03,6.2142e-03,9.1103e-03,1.1898e-02,1.4476e-02,1.6749e-02,1.8627e-02,2.0040e-02,2.0936e-02,2.1286e-02,2.1086e-02,2.0347e-02,1.9105e-02,1.7404e-02,1.5302e-02,1.2865e-02,1.0158e-02,7.2530e-03,4.2177e-03,1.1203e-03,-1.9761e-03,-5.0084e-03,-7.9190e-03,-1.0649e-02,-1.3147e-02,-1.5359e-02,-1.7236e-02,-1.8731e-02,-1.9807e-02,-2.0431e-02,-2.0577e-02,-2.0235e-02,-1.9402e-02,-1.8096e-02,-1.6342e-02,-1.4187e-02,-1.1695e-02,-8.9490e-03,-6.0492e-03,-3.1138e-03,-2.7689e-04
2.7315e-03,-1.1616e-02,-2.5494e-02,-3.8618e-02,-5.0708e-02,-6.1502e-02,-7.0769e-02,-7.8310e-02,-8.3969e-02,-8.7638e-02,-8.9256e-02,-8.8811e-02,-8.6339e-02,-8.1918e-02,-7.5668e-02,-6.7746e-02,-5.8338e-02,-4.7657e-02,-3.5939e-02,-2.3437e-02,-1.0417e-02,2.8471e-03,1.6078e-02,2.8997e-02,4.1330e-02,5.2810e-02,6.3181e-02,7.2202e-02,7.9651e-02,8.5329e-02,8.9063e-02,9.0715e-02,9.0187e-02,8.7433e-02,8.2465e-02,7.5370e-02,6.6320e-02,5.5588e-02,4.3549e-02,3.0682e-02,1.7556e-02,4.7914e-03,-6.9874e-03,-1.7222e-02,-2.5485e-02,-3.1534e-02,-3.5332e-02,-3.7032e-02,-3.6928e-02,-3.5388e-02,-3.2788e-02,-2.9454e-02,-2.5639e-02,-2.1514e-02,-1.7177e-02,-1.2673e-02,-8.0232e-03,-3.2411e-03,1.6469e-03,6.5900e-03,1.1512e-02,1.6310e-02,2.0861e-02,2.5035e-02,2.8695e-02,3.1720e-02,3.4003e-02,3.5462e-02,3.6044e-02,3.5727e-02,3.4519e-02,3.2456e-02,2.9602e-02,2.6038e-02,2.1868e-02,1.7205e-02,1.2172e-02,6.8936e-03,1.4998e-03,-3.8861e-03,-9.1462e-03,-1.4166e-02,-1.8843e-02,-2.3081e-02,-2.6792e-02,-2.9898e-02,-3.2331e-02,-3.4035e-02,-3.4966e-02,-3.5095e-02,-3.4410e-02,-3.2920e-02,-3.0652e-02,-2.7658e-02,-2.4015e-02,-1.9825e-02,-1.5217e-02,-1.0343e-02,-5.3777e-03,-5.1013e-04
1.9561e-03,-1.3065e-02,-2.7646e-02,-4.1493e-02,-5.4310e-02,-6.5815e-02,-7.5750e-02,-8.3888e-02,-9.0041e-02,-9.4074e-02,-9.5901e-02,-9.5494e-02,-9.2878e-02,-8.8132e-02,-8.1387e-02,-7.2814e-02,-6.2623e-02,-5.1057e-02,-3.8382e-02,-2.4883e-02,-1.0856e-02,3.3977e-03,1.7575e-02,3.1377e-02,4.4515e-02,5.6709e-02,6.7699e-02,7.7241e-02,8.5114e-02,9.1121e-02,9.5094e-02,9.6899e-02,9.6438e-02,9.3661e-02,8.8570e-02,8.1230e-02,7.1784e-02,6.0461e-02,4.7589e-02,3.3597e-02,1.9019e-02,4.4646e-03,-9.4073e-03,-2.1949e-02,-3.2589e-02,-4.0899e-02,-4.6645e-02,-4.9808e-02,-5.0563e-02,-4.9227e-02,-4.6196e-02,-4.1872e-02,-3.6617e-02,-3.0720e-02,-2.4392e-02,-1.7777e-02,-1.0972e-02,-4.0483e-03,2.9278e-03,9.8766e-03,1.6698e-02,2.3269e-02,2.9447e-02,3.5076e-02,3.9995e-02,4.4053e-02,4.7116e-02,4.9075e-02,4.9855e-02,4.9419e-02,4.7768e-02,4.4938e-02,4.1005e-02,3.6076e-02,3.0285e-02,2.3788e-02,1.6756e-02,9.3704e-03,1.8146e-03,-5.7290e-03,-1.3087e-02,-2.0095e-02,-2.6606e-02,-3.2484e-02,-3.7608e-02,-4.1876e-02,-4.5198e-02,-4.7501e-02,-4.8730e-02,-4.8852e-02,-4.7853e-02,-4.5744e-02,-4.2571e-02,-3.8401e-02,-3.3340e-02,-2.7528e-02,-2.1138e-02,-1.4373e-02,-7.4635e-03,-6.5660e-04
1.1520e-03,-1.4237e-02,-2.9207e-02,-4.3463e-02,-5.6706e-02,-6.8643e-02,-7.9001e-02,-8.7534e-02,-9.4033e-02,-9.8338e-02,-1.0034e-01,-9.9998e-02,-9.7320e-02,-9.2381e-02,-8.5314e-02,-7.6300e-02,-6.5567e-02,-5.3377e-02,-4.0023e-02,-2.5814e-02,-1.1073e-02,3.8747e-03,1.8705e-02,3.3104e-02,4.6770e-02,5.9416e-02,7.0779e-02,8.0618e-02,8.8715e-02,9.4883e-02,9.8963e-02,1.0083e-01,1.0039e-01,9.7609e-02,9.2473e-02,8.5042e-02,7.5434e-02,6.3846e-02,5.0559e-02,3.5950e-02,2.0496e-02,4.7671e-03,-1.0593e-02,-2.4908e-02,-3.7520e-02,-4.7861e-02,-5.5519e-02,-6.0285e-02,-6.2170e-02,-6.1385e-02,-5.8284e-02,-5.3299e-02,-4.6872e-02,-3.9406e-02,-3.1233e-02,-2.2611e-02,-1.3733e-02,-4.7447e-03,4.2303e-03,1.3077e-02,2.1669e-02,2.9867e-02,3.7512e-02,4.4433e-02,5.0454e-02,5.5405e-02,5.9131e-02,6.1506e-02,6.2435e-02,6.1868e-02,5.9798e-02,5.6264e-02,5.1350e-02,4.5180e-02,3.7918e-02,2.9753e-02,2.0903e-02,1.1596e-02,2.0679e-03,-7.4479e-03,-1.6726e-02,-2.5556e-02,-3.3749e-02,-4.1133e-02,-4.7560e-02,-5.2902e-02,-5.7049e-02,-5.9916e-02,-6.1434e-02,-6.1563e-02,-6.0288e-02,-5.7622e-02,-5.3616e-02,-4.8359e-02,-4.1980e-02,-3.4653e-02,-2.6595e-02,-1.8058e-02,-9.3281e-03,-7.0728e-04
3.9913e-04,-1.5061e-02,-3.0115e-02,-4.4475e-02,-5.7845e-02,-6.9935e-02,-8.0466e-02,-8.9183e-02,-9.5866e-02,-1.0034e-01,-1.0247e-01,-1.0221e-01,-9.9546e-02,-9.4548e-02,-8.7341e-02,-7.8111e-02,-6.7092e-02,-5.4562e-02,-4.0828e-02,-2.6221e-02,-1.1082e-02,4.2448e-03,1.9420e-02,3.4117e-02,4.8026e-02,6.0857e-02,7.2349e-02,8.2264e-02,9.0394e-02,9.6564e-02,1.0063e-01,1.0247e-01,1.0202e-01,9.9241e-02,9.4130e-02,8.6739e-02,7.7176e-02,6.5609e-02,5.2279e-02,3.7513e-02,2.1725e-02,5.4261e-03,-1.0791e-02,-2.6267e-02,-4.0321e-02,-5.2303e-02,-6.1667e-02,-6.8029e-02,-7.1220e-02,-7.1295e-02,-6.8510e-02,-6.3265e-02,-5.6038e-02,-4.7318e-02,-3.7550e-02,-2.7114e-02,-1.6315e-02,-5.3927e-03,5.4586e-03,1.6074e-02,2.6295e-02,3.5961e-02,4.4903e-02,5.2942e-02,5.9894e-02,6.5581e-02,6.9838e-02,7.2526e-02,7.3542e-02,7.2825e-02,7.0363e-02,6.6194e-02,6.0410e-02,5.3149e-02,4.4596e-02,3.4971e-02,2.4526e-02,1.3531e-02,2.2665e-03,-8.9882e-03,-1.9964e-02,-3.0410e-02,-4.0099e-02,-4.8828e-02,-5.6422e-02,-6.2731e-02,-6.7628e-02,-7.1014e-02,-7.2809e-02,-7.2964e-02,-7.1457e-02,-6.8304e-02,-6.3561e-02,-5.7328e-02,-4.9758e-02,-4.1056e-02,-3.1478e-02,-2.1326e-02,-1.0936e-02,-6.6321e-04
-2.3483e-04,-1.5479e-02,-3.0323e-02,-4.4491e-02,-5.7701e-02,-6.9670e-02,-8.0126e-02,-8.8815e-02,-9.5514e-02,-1.0004e-01,-1.0225e-01,-1.0207e-01,-9.9494e-02,-9.4564e-02,-8.7400e-02,-7.8183e-02,-6.7147e-02,-5.4573e-02,-4.0777e-02,-2.6101e-02,-1.0896e-02,4.4800e-03,1.9680e-02,3.4369e-02,4.8232e-02,6.0983e-02,7.2362e-02,8.2141e-02,9.0123e-02,9.6147e-02,1.0008e-01,1.0183e-01,1.0134e-01,9.8577e-02,9.3554e-02,8.6325e-02,7.6988e-02,6.5693e-02,5.2648e-02,3.8133e-02,2.2501e-02,6.1952e-03,-1.0261e-02,-2.6263e-02,-4.1156e-02,-5.4267e-02,-6.4975e-02,-7.2764e-02,-7.7297e-02,-7.8453e-02,-7.6342e-02,-7.1272e-02,-6.3696e-02,-5.4142e-02,-4.3145e-02,-3.1195e-02,-1.8718e-02,-6.0596e-03,6.4979e-03,1.8722e-02,3.0412e-02,4.1382e-02,5.1449e-02,6.0430e-02,6.8142e-02,7.4404e-02,7.9053e-02,8.1949e-02,8.2984e-02,8.2094e-02,7.9266e-02,7.4539e-02,6.8009e-02,5.9825e-02,5.0187e-02,3.9338e-02,2.7557e-02,1.5146e-02,2.4210e-03,-1.0302e-02,-2.2717e-02,-3.4538e-02,-4.5506e-02,-5.5391e-02,-6.3993e-02,-7.1145e-02,-7.6704e-02,-8.0555e-02,-8.2609e-02,-8.2806e-02,-8.1120e-02,-7.7562e-02,-7.2190e-02,-6.5115e-02,-5.6509e-02,-4.6602e-02,-3.5687e-02,-2.4110e-02,-1.2256e-02,-5.3179e-04
-6.9806e-04,-1.5450e-02,-2.9803e-02,-4.3499e-02,-5.6273e-02,-6.7860e-02,-7.8001e-02,-8.6454e-02,-9.3000e-02,-9.7455e-02,-9.9680e-02,-9.9588e-02,-9.7151e-02,-9.2410e-02,-8.5468e-02,-7.6493e-02,-6.5710e-02,-5.3395e-02,-3.9863e-02,-2.5455e-02,-1.0527e-02,4.5616e-03,1.9458e-02,3.3828e-02,4.7359e-02,5.9767e-02,7.0800e-02,8.0240e-02,8.7906e-02,9.3650e-02,9.7361e-02,9.8960e-02,9.8404e-02,9.5680e-02,9.0813e-02,8.3859e-02,7.4913e-02,6.4112e-02,5.1637e-02,3.7728e-02,2.2684e-02,6.8751e-03,-9.2485e-03,-2.5161e-02,-4.0267e-02,-5.3926e-02,-6.5498e-02,-7.4393e-02,-8.0146e-02,-8.2472e-02,-8.1311e-02,-7.6829e-02,-6.9394e-02,-5.9511e-02,-4.7757e-02,-3.4709e-02,-2.0901e-02,-6.7934e-03,7.2322e-03,2.0862e-02,3.3838e-02,4.5937e-02,5.6959e-02,6.6713e-02,7.5019e-02,8.1706e-02,8.6616e-02,8.9617e-02,9.0607e-02,8.9526e-02,8.6362e-02,8.1160e-02,7.4018e-02,6.5094e-02,5.4596e-02,4.2783e-02,2.9951e-02,1.6424e-02,2.5437e-03,-1.1346e-02,-2.4912e-02,-3.7840e-02,-4.9843e-02,-6.0672e-02,-7.0105e-02,-7.7958e-02,-8.4074e-02,-8.8326e-02,-9.0614e-02,-9.0869e-02,-8.9056e-02,-8.5181e-02,-7.9303e-02,-7.1539e-02,-6.2073e-02,-5.1161e-02,-3.9126e-02,-2.6353e-02,-1.3268e-02,-3.2467e-04
-9.6260e-04,-1.4956e-02,-2.8551e-02,-4.1509e-02,-5.3590e-02,-6.4548e-02,-7.4149e-02,-8.2166e-02,-8.8397e-02,-9.2664e-02,-9.4833e-02,-9.4812e-02,-9.2567e-02,-8.8123e-02,-8.1568e-02,-7.3052e-02,-6.2787e-02,-5.1031e-02,-3.8088e-02,-2.4289e-02,-9.9824e-03,4.4772e-03,1.8743e-02,3.2487e-02,4.5400e-02,5.7209e-02,6.7673e-02,7.6585e-02,8.3781e-02,8.9128e-02,9.2534e-02,9.3936e-02,9.3310e-02,9.0659e-02,8.6016e-02,7.9446e-02,7.1043e-02,6.0934e-02,4.9280e-02,3.6283e-02,2.2196e-02,7.3227e-03,-7.9632e-03,-2.3222e-02,-3.7941e-02,-5.1548e-02,-6.3434e-02,-7.2998e-02,-7.9700e-02,-8.3131e-02,-8.3066e-02,-7.9509e-02,-7.2685e-02,-6.3018e-02,-5.1063e-02,-3.7440e-02,-2.2762e-02,-7.5937e-03,7.5784e-03,2.2349e-02,3.6388e-02,4.9422e-02,6.1221e-02,7.1587e-02,8.0340e-02,8.7317e-02,9.2375e-02,9.5396e-02,9.6290e-02,9.5011e-02,9.1553e-02,8.5967e-02,7.8357e-02,6.8885e-02,5.7765e-02,4.5261e-02,3.1680e-02,1.7356e-02,2.6474e-03,-1.2086e-02,-2.6491e-02,-4.0234e-02,-5.3011e-02,-6.4551e-02,-7.4620e-02,-8.3016e-02,-8.9571e-02,-9.4149e-02,-9.6637e-02,-9.6959e-02,-9.5070e-02,-9.0971e-02,-8.4719e-02,-7.6434e-02,-6.6309e-02,-5.4618e-02,-4.1710e-02,-2.8001e-02,-1.3955e-02,-5.8666e-05
-1.0235e-03,-1.4004e-02,-2.6587e-02,-3.8560e-02,-4.9706e-02,-5.9810e-02,-6.8660e-02,-7.6058e-02,-8.1819e-02,-8.5784e-02,-8.7826e-02,-8.7859e-02,-8.5841e-02,-8.1788e-02,-7.5771e-02,-6.7919e-02,-5.8421e-02,-4.7511e-02,-3.5472e-02,-2.2614e-02,-9.2683e-03,4.2277e-03,1.7541e-02,3.0355e-02,4.2376e-02,5.3341e-02,6.3024e-02,7.1234e-02,7.7821e-02,8.2671e-02,8.5706e-02,8.6885e-02,8.6196e-02,8.3656e-02,7.9312e-02,7.3234e-02,6.5515e-02,5.6275e-02,4.5657e-02,3.3835e-02,2.1016e-02,7.4486e-03,-6.5697e-03,-2.0683e-02,-3.4472e-02,-4.7454e-02,-5.9091e-02,-6.8818e-02,-7.6083e-02,-8.0403e-02,-8.1429e-02,-7.9002e-02,-7.3182e-02,-6.4257e-02,-5.2698e-02,-3.9101e-02,-2.4116e-02,-8.3830e-03,7.5174e-03,2.3084e-02,3.7904e-02,5.1644e-02,6.4032e-02,7.4850e-02,8.3912e-02,9.1066e-02,9.6183e-02,9.9162e-02,9.9935e-02,9.8469e-02,9.4774e-02,8.8909e-02,8.0986e-02,7.1167e-02,5.9669e-02,4.6757e-02,3.2736e-02,1.7945e-02,2.7456e-03,-1.2495e-02,-2.7414e-02,-4.1668e-02,-5.4939e-02,-6.6943e-02,-7.7434e-02,-8.6200e-02,-9.3064e-02,-9.7878e-02,-1.0052e-01,-1.0091e-01,-9.8997e-02,-9.4769e-02,-8.8281e-02,-7.9656e-02,-6.9092e-02,-5.6874e-02,-4.3369e-02,-2.9015e-02,-1.4304e-02,2.4819e-04
-8.9748e-04,-1.2621e-02,-2.3956e-02,-3.4714e-02,-4.4707e-02,-5.3750e-02,-6.1661e-02,-6.8272e-02,-7.3424e-02,-7.6980e-02,-7.8829e-02,-7.8892e-02,-7.7129e-02,-7.3546e-02,-6.8197e-02,-6.1191e-02,-5.2687e-02,-4.2890e-02,-3.2051e-02,-2.0449e-02,-8.3867e-03,3.8252e-03,1.5876e-02,2.7471e-02,3.8336e-02,4.8227e-02,5.6933e-02,6.4281e-02,7.0137e-02,7.4404e-02,7.7021e-02,7.7961e-02,7.7227e-02,7.4849e-02,7.0882e-02,6.5400e-02,5.8498e-02,5.0285e-02,4.0892e-02,3.0464e-02,1.9172e-02,7.2113e-03,-5.1854e-03,-1.7745e-02,-3.0140e-02,-4.1987e-02,-5.2841e-02,-6.2211e-02,-6.9584e-02,-7.4462e-02,-7.6422e-02,-7.5177e-02,-7.0625e-02,-6.2887e-02,-5.2294e-02,-3.9358e-02,-2.4702e-02,-8.9940e-03,7.1173e-03,2.3046e-02,3.8297e-02,5.2461e-02,6.5218e-02,7.6315e-02,8.5556e-02,9.2788e-02,9.7898e-02,1.0080e-01,1.0145e-01,9.9840e-02,9.5987e-02,8.9966e-02,8.1895e-02,7.1940e-02,6.0313e-02,4.7275e-02,3.3126e-02,1.8198e-02,2.8477e-03,-1.2559e-02,-2.7662e-02,-4.2111e-02,-5.5584e-02,-6.7793e-02,-7.8481e-02,-8.7432e-02,-9.4461e-02,-9.9411e-02,-1.0216e-01,-1.0261e-01,-1.0071e-01,-9.6450e-02,-8.9871e-02,-8.1095e-02,-7.0324e-02,-5.7849e-02,-4.4044e-02,-2.9363e-02,-1.4311e-02,5.7626e-04
-6.2089e-04,-1.0861e-02,-2.0728e-02,-3.0061e-02,-3.8703e-02,-4.6502e-02,-5.3309e-02,-5.8986e-02,-6.3407e-02,-6.6460e-02,-6.8054e-02,-6.8123e-02,-6.6633e-02,-6.3582e-02,-5.9013e-02,-5.3008e-02,-4.5697e-02,-3.7251e-02,-2.7878e-02,-1.7819e-02,-7.3383e-03,3.2906e-03,1.3791e-02,2.3897e-02,3.3362e-02,4.1963e-02,4.9512e-02,5.5855e-02,6.0875e-02,6.4490e-02,6.6655e-02,6.7355e-02,6.6605e-02,6.4445e-02,6.0934e-02,5.6150e-02,5.0185e-02,4.3142e-02,3.5134e-02,2.6283e-02,1.6726e-02,6.6128e-03,-3.8854e-03,-1.4567e-02,-2.5194e-02,-3.5479e-02,-4.5083e-02,-5.3611e-02,-6.0622e-02,-6.5655e-02,-6.8272e-02,-6.8106e-02,-6.4927e-02,-5.8685e-02,-4.9545e-02,-3.7874e-02,-2.4205e-02,-9.1749e-03,6.5469e-03,2.2318e-02,3.7567e-02,5.1813e-02,6.4673e-02,7.5851e-02,8.5129e-02,9.2349e-02,9.7401e-02,1.0022e-01,1.0078e-01,9.9080e-02,9.5172e-02,8.9137e-02,8.1097e-02,7.1221e-02,5.9717e-02,4.6836e-02,3.2865e-02,1.8125e-02,2.9591e-03,-1.2278e-02,-2.7231e-02,-4.1558e-02,-5.4939e-02,-6.7083e-02,-7.7735e-02,-8.6674e-02,-9.3710e-02,-9.8688e-02,-1.0148e-01,-1.0198e-01,-1.0014e-01,-9.5932e-02,-8.9407e-02,-8.0679e-02,-6.9945e-02,-5.7494e-02,-4.3704e-02,-2.9029e-02,-1.3979e-02,9.0657e-04
-2.4423e-04,-8.7905e-03,-1.6990e-02,-2.4712e-02,-3.1831e-02,-3.8226e-02,-4.3786e-02,-4.8406e-02,-5.1992e-02,-5.4463e-02,-5.5749e-02,-5.5803e-02,-5.4597e-02,-5.2129e-02,-4.8426e-02,-4.3551e-02,-3.7600e-02,-3.0703e-02,-2.3026e-02,-1.4762e-02,-6.1253e-03,2.6551e-03,1.1346e-02,1.9719e-02,2.7562e-02,3.4681e-02,4.0914e-02,4.6126e-02,5.0219e-02,5.3128e-02,5.4818e-02,5.5287e-02,5.4558e-02,5.2674e-02,4.9699e-02,4.5711e-02,4.0795e-02,3.5043e-02,2.8555e-02,2.1428e-02,1.3769e-02,5.6838e-03,-2.7068e-03,-1.1270e-02,-1.9844e-02,-2.8239e-02,-3.6213e-02,-4.3478e-02,-4.9689e-02,-5.4459e-02,-5.7382e-02,-5.8069e-02,-5.6206e-02,-5.1606e-02,-4.4262e-02,-3.4366e-02,-2.2304e-02,-8.6167e-03,6.0653e-03,2.1087e-02,3.5827e-02,4.9743e-02,6.2386e-02,7.3411e-02,8.2564e-02,8.9669e-02,9.4618e-02,9.7352e-02,9.7858e-02,9.6161e-02,9.2320e-02,8.6428e-02,7.8613e-02,6.9041e-02,5.7912e-02,4.5465e-02,3.1972e-02,1.7733e-02,3.0763e-03,-1.1662e-02,-2.6142e-02,-4.0033e-02,-5.3024e-02,-6.4833e-02,-7.5207e-02,-8.3929e-02,-9.0812e-02,-9.5699e-02,-9.8460e-02,-9.8997e-02,-9.7247e-02,-9.3190e-02,-8.6866e-02,-7.8383e-02,-6.7934e-02,-5.5798e-02,-4.2343e-02,-2.8016e-02,-1.3318e-02,1.2191e-03
1.7485e-04,-6.4911e-03,-1.2849e-02,-1.8798e-02,-2.4245e-02,-2.9105e-02,-3.3301e-02,-3.6765e-02,-3.9435e-02,-4.1260e-02,-4.2198e-02,-4.2218e-02,-4.1304e-02,-3.9453e-02,-3.6685e-02,-3.3037e-02,-2.8574e-02,-2.3387e-02,-1.7591e-02,-1.1326e-02,-4.7527e-03,1.9547e-03,8.6145e-03,1.5045e-02,2.1074e-02,2.6545e-02,3.1323e-02,3.5298e-02,3.8390e-02,4.0550e-02,4.1754e-02,4.2007e-02,4.1336e-02,3.9790e-02,3.7428e-02,3.4323e-02,3.0553e-02,2.6198e-02,2.1339e-02,1.6051e-02,1.0408e-02,4.4812e-03,-1.6595e-03,-7.9381e-03,-1.4266e-02,-2.0534e-02,-2.6597e-02,-3.2270e-02,-3.7312e-02,-4.1431e-02,-4.4286e-02,-4.5519e-02,-4.4784e-02,-4.1805e-02,-3.6428e-02,-2.8668e-02,-1.8730e-02,-7.0026e-03,5.9872e-03,1.9629e-02,3.3297e-02,4.6408e-02,5.8460e-02,6.9050e-02,7.7883e-02,8.4754e-02,8.9542e-02,9.2191e-02,9.2695e-02,9.1090e-02,8.7446e-02,8.1864e-02,7.4472e-02,6.5431e-02,5.4929e-02,4.3188e-02,3.0461e-02,1.7026e-02,3.1882e-03,-1.0738e-02,-2.4433e-02,-3.7583e-02,-4.9896e-02,-6.1099e-02,-7.0954e-02,-7.9254e-02,-8.5815e-02,-9.0489e-02,-9.3149e-02,-9.3699e-02,-9.2075e-02,-8.8256e-02,-8.2278e-02,-7.4239e-02,-6.4321e-02,-5.2787e-02,-3.9988e-02,-2.6350e-02,-1.2352e-02,1.4918e-03
5.7764e-04,-4.0493e-03,-8.4184e-03,-1.2461e-02,-1.6118e-02,-1.9339e-02,-2.2082e-02,-2.4314e-02,-2.6009e-02,-2.7144e-02,-2.7705e-02,-2.7680e-02,-2.7064e-02,-2.5856e-02,-2.4066e-02,-2.1713e-02,-1.8831e-02,-1.5467e-02,-1.1687e-02,-7.5748e-03,-3.2316e-03,1.2284e-03,5.6821e-03,1.0001e-02,1.4062e-02,1.7747e-02,2.0956e-02,2.3607e-02,2.5640e-02,2.7019e-02,2.7732e-02,2.7789e-02,2.7219e-02,2.6065e-02,2.4385e-02,2.2242e-02,1.9700e-02,1.6826e-02,1.3679e-02,1.0310e-02,6.7629e-03,3.0732e-03,-7.3247e-04,-4.6318e-03,-8.5980e-03,-1.2595e-02,-1.6564e-02,-2.0414e-02,-2.4007e-02,-2.7149e-02,-2.9593e-02,-3.1036e-02,-3.1155e-02,-2.9634e-02,-2.6221e-02,-2.0777e-02,-1.3324e-02,-4.0610e-03,6.6412e-03,1.8280e-02,3.0284e-02,4.2069e-02,5.3102e-02,6.2932e-02,7.1212e-02,7.7703e-02,8.2256e-02,8.4807e-02,8.5348e-02,8.3920e-02,8.0600e-02,7.5489e-02,6.8715e-02,6.0426e-02,5.0796e-02,4.0025e-02,2.8341e-02,1.5998e-02,3.2726e-03,-9.5450e-03,-2.2159e-02,-3.4280e-02,-4.5636e-02,-5.5975e-02,-6.5077e-02,-7.2749e-02,-7.8824e-02,-8.3163e-02,-8.5647e-02,-8.6188e-02,-8.4722e-02,-8.1229e-02,-7.5736e-02,-6.8334e-02,-5.9185e-02,-4.8533e-02,-3.6699e-02,-2.4078e-02,-1.1117e-02,1.7032e-03
9.1256e-04,-1.5504e-03,-3.8169e-03,-5.8523e-03,-7.6311e-03,-9.1395e-03,-1.0370e-02,-1.1324e-02,-1.2007e-02,-1.2429e-02,-1.2598e-02,-1.2522e-02,-1.2207e-02,-1.1657e-02,-1.0873e-02,-9.8534e-03,-8.6034e-03,-7.1295e-03,-5.4483e-03,-3.5861e-03,-1.5818e-03,5.1343e-04,2.6390e-03,4.7261e-03,6.7041e-03,8.5022e-03,1.0058e-02,1.1320e-02,1.2250e-02,1.2829e-02,1.3052e-02,1.2933e-02,1.2499e-02,1.1788e-02,1.0848e-02,9.7288e-03,8.4800e-03,7.1466e-03,5.7666e-03,4.3647e-03,2.9556e-03,1.5373e-03,9.7081e-05,-1.3894e-03,-2.9512e-03,-4.6163e-03,-6.3995e-03,-8.2932e-03,-1.0252e-02,-1.2181e-02,-1.3924e-02,-1.5265e-02,-1.5928e-02,-1.5609e-02,-1.4008e-02,-1.0879e-02,-6.0810e-03,3.7499e-04,8.3123e-03,1.7391e-02,2.7153e-02,3.7071e-02,4.6618e-02,5.5317e-02,6.2775e-02,6.8707e-02,7.2930e-02,7.5351e-02,7.5953e-02,7.4772e-02,7.1884e-02,6.7390e-02,6.1408e-02,5.4076e-02,4.5546e-02,3.5992e-02,2.5614e-02,1.4634e-02,3.2977e-03,-8.1339e-03,-1.9393e-02,-3.0215e-02,-4.0356e-02,-4.9588e-02,-5.7716e-02,-6.4567e-02,-6.9997e-02,-7.3883e-02,-7.6121e-02,-7.6631e-02,-7.5353e-02,-7.2268e-02,-6.7396e-02,-6.0811e-02,-5.2657e-02,-4.3147e-02,-3.2567e-02,-2.1270e-02,-9.6594e-03,1.8273e-03
1.1398e-03,9.2664e-04,8.3844e-04,8.7504e-04,1.0261e-03,1.2723e-03,1.5841e-03,1.9282e-03,2.2675e-03,2.5648e-03,2.7882e-03,2.9120e-03,2.9195e-03,2.8058e-03,2.5779e-03,2.2530e-03,1.8569e-03,1.4195e-03,9.7398e-04,5.4902e-04,1.6677e-04,-1.5859e-04,-4.2348e-04,-6.3477e-04,-8.0580e-04,-9.5648e-04,-1.1065e-03,-1.2749e-03,-1.4735e-03,-1.7063e-03,-1.9690e-03,-2.2458e-03,-2.5139e-03,-2.7428e-03,-2.8993e-03,-2.9494e-03,-2.8642e-03,-2.6204e-03,-2.2064e-03,-1.6248e-03,-8.9397e-04,-4.8801e-05,8.5929e-04,1.7625e-03,2.5834e-03,3.2395e-03,3.6524e-03,3.7585e-03,3.5233e-03,2.9548e-03,2.1177e-03,1.1435e-03,2.3317e-04,-3.5100e-04,-3.0786e-04,6.6562e-04,2.8248e-03,6.3273e-03,1.1191e-02,1.7275e-02,2.4284e-02,3.1812e-02,3.9391e-02,4.6552e-02,5.2879e-02,5.8041e-02,6.1808e-02,6.4047e-02,6.4715e-02,6.3831e-02,6.1462e-02,5.7701e-02,5.2659e-02,4.6458e-02,3.9228e-02,3.1115e-02,2.2283e-02,1.2917e-02,3.2268e-03,-6.5621e-03,-1.6213e-02,-2.5494e-02,-3.4186e-02,-4.2093e-02,-4.9046e-02,-5.4903e-02,-5.9544e-02,-6.2870e-02,-6.4796e-02,-6.5255e-02,-6.4195e-02,-6.1594e-02,-5.7465e-02,-5.1865e-02,-4.4911e-02,-3.6779e-02,-2.7711e-02,-1.8012e-02,-8.0332e-03,1.8427e-03
1.2360e-03,3.3148e-03,5.4374e-03,7.5695e-03,9.6657e-03,1.1671e-02,1.3523e-02,1.5157e-02,1.6506e-02,1.7507e-02,1.8110e-02,1.8271e-02,1.7967e-02,1.7192e-02,1.5961e-02,1.4309e-02,1.2288e-02,9.9655e-03,7.4181e-03,4.7274e-03,1.9749e-03,-7.6315e-04,-3.4192e-03,-5.9367e-03,-8.2709e-03,-1.0387e-02,-1.2261e-02,-1.3874e-02,-1.5210e-02,-1.6256e-02,-1.6998e-02,-1.7418e-02,-1.7499e-02,-1.7221e-02,-1.6568e-02,-1.5527e-02,-1.4089e-02,-1.2260e-02,-1.0056e-02,-7.5094e-03,-4.6709e-03,-1.6098e-03,1.5838e-03,4.8045e-03,7.9317e-03,1.0835e-02,1.3384e-02,1.5456e-02,1.6949e-02,1.7799e-02,1.7990e-02,1.7571e-02,1.6666e-02,1.5475e-02,1.4267e-02,1.3352e-02,1.3053e-02,1.3650e-02,1.5331e-02,1.8156e-02,2.2029e-02,2.6712e-02,3.1858e-02,3.7059e-02,4.1909e-02,4.6046e-02,4.9196e-02,5.1174e-02,5.1891e-02,5.1335e-02,4.9548e-02,4.6612e-02,4.2625e-02,3.7693e-02,3.1926e-02,2.5440e-02,1.8362e-02,1.0832e-02,3.0202e-03,-4.8927e-03,-1.2710e-02,-2.0232e-02,-2.7272e-02,-3.3666e-02,-3.9275e-02,-4.3989e-02,-4.7719e-02,-5.0393e-02,-5.1953e-02,-5.2345e-02,-5.1528e-02,-4.9479e-02,-4.6201e-02,-4.1730e-02,-3.6151e-02,-2.9600e-02,-2.2269e-02,-1.4404e-02,-6.2969e-03,1.7289e-03
1.1955e-03,5.5580e-03,9.8780e-03,1.4086e-02,1.8101e-02,2.1834e-02,2.5192e-02,2.8077e-02,3.0398e-02,3.2071e-02,3.3025e-02,3.3206e-02,3.2586e-02,3.1161e-02,2.8955e-02,2.6018e-02,2.2430e-02,1.8290e-02,1.3716e-02,8.8385e-03,3.7929e-03,-1.2864e-03,-6.2708e-03,-1.1043e-02,-1.5499e-02,-1.9552e-02,-2.3127e-02,-2.6170e-02,-2.8633e-02,-3.0482e-02,-3.1693e-02,-3.2247e-02,-3.2131e-02,-3.1338e-02,-2.9871e-02,-2.7738e-02,-2.4959e-02,-2.1566e-02,-1.7607e-02,-1.3147e-02,-8.2705e-03,-3.0811e-03,2.2961e-03,7.7187e-03,1.3027e-02,1.8053e-02,2.2619e-02,2.6556e-02,2.9712e-02,3.1960e-02,3.3219e-02,3.3467e-02,3.2757e-02,3.1219e-02,2.9068e-02,2.6594e-02,2.4134e-02,2.2040e-02,2.0629e-02,2.0133e-02,2.0658e-02,2.2169e-02,2.4483e-02,2.7314e-02,3.0315e-02,3.3134e-02,3.5460e-02,3.7057e-02,3.7778e-02,3.7557e-02,3.6399e-02,3.4357e-02,3.1510e-02,2.7950e-02,2.3767e-02,1.9051e-02,1.3890e-02,8.3845e-03,2.6476e-03,-3.1872e-03,-8.9718e-03,-1.4548e-02,-1.9766e-02,-2.4495e-02,-2.8626e-02,-3.2082e-02,-3.4808e-02,-3.6763e-02,-3.7912e-02,-3.8226e-02,-3.7674e-02,-3.6233e-02,-3.3893e-02,-3.0668e-02,-2.6608e-02,-2.1801e-02,-1.6386e-02,-1.0545e-02,-4.5041e-03,1.4756e-03
1.0287e-03,7.6157e-03,1.4070e-02,2.0288e-02,2.6153e-02,3.1544e-02,3.6336e-02,4.0407e-02,4.3640e-02,4.5933e-02,4.7200e-02,4.7381e-02,4.6443e-02,4.4388e-02,4.1249e-02,3.7095e-02,3.2027e-02,2.6178e-02,1.9700e-02,1.2768e-02,5.5642e-03,-1.7239e-03,-8.9121e-03,-1.5827e-02,-2.2310e-02,-2.8219e-02,-3.3435e-02,-3.7860e-02,-4.1416e-02,-4.4048e-02,-4.5716e-02,-4.6398e-02,-4.6086e-02,-4.4789e-02,-4.2525e-02,-3.9328e-02,-3.5247e-02,-3.0343e-02,-2.4698e-02,-1.8411e-02,-1.1601e-02,-4.4065e-03,3.0139e-03,1.0484e-02,1.7809e-02,2.4786e-02,3.1204e-02,3.6856e-02,4.1548e-02,4.5109e-02,4.7407e-02,4.8363e-02,4.7966e-02,4.6284e-02,4.3474e-02,3.9778e-02,3.5519e-02,3.1073e-02,2.6830e-02,2.3153e-02,2.0322e-02,1.8501e-02,1.7707e-02,1.7821e-02,1.8611e-02,1.9783e-02,2.1028e-02,2.2072e-02,2.2705e-02,2.2797e-02,2.2290e-02,2.1194e-02,1.9554e-02,1.7441e-02,1.4926e-02,1.2076e-02,8.9494e-03,5.6014e-03,2.0927e-03,-1.5016e-03,-5.0904e-03,-8.5689e-03,-1.1829e-02,-1.4776e-02,-1.7334e-02,-1.9456e-02,-2.1117e-02,-2.2308e-02,-2.3024e-02,-2.3255e-02,-2.2985e-02,-2.2192e-02,-2.0854e-02,-1.8959e-02,-1.6520e-02,-1.3577e-02,-1.0207e-02,-6.5290e-03,-2.7012e-03,1.0860e-03
7.6057e-04,9.4593e-03,1.7935e-02,2.6048e-02,3.3650e-02,4.0589e-02,4.6714e-02,5.1875e-02,5.5938e-02,5.8784e-02,6.0317e-02,6.0473e-02,5.9219e-02,5.6564e-02,5.2553e-02,4.7271e-02,4.0844e-02,3.3429e-02,2.5213e-02,1.6405e-02,7.2298e-03,-2.0800e-03,-1.1292e-02,-2.0182e-02,-2.8542e-02,-3.6180e-02,-4.2931e-02,-4.8658e-02,-5.3251e-02,-5.6627e-02,-5.8734e-02,-5.9543e-02,-5.9051e-02,-5.7276e-02,-5.4256e-02,-5.0051e-02,-4.4737e-02,-3.8408e-02,-3.1181e-02,-2.3189e-02,-1.4586e-02,-5.5433e-03,3.7457e-03,1.3073e-02,2.2215e-02,3.0939e-02,3.9007e-02,4.6182e-02,5.2241e-02,5.6979e-02,6.0230e-02,6.1871e-02,6.1843e-02,6.0160e-02,5.6923e-02,5.2323e-02,4.6646e-02,4.0252e-02,3.3563e-02,2.7016e-02,2.1020e-02,1.5910e-02,1.1901e-02,9.0666e-03,7.3408e-03,6.5387e-03,6.4051e-03,6.6625e-03,7.0548e-03,7.3830e-03,7.5167e-03,7.3947e-03,7.0127e-03,6.4032e-03,5.6126e-03,4.6867e-03,3.6597e-03,2.5484e-03,1.3648e-03,1.2131e-04,-1.1560e-03,-2.4229e-03,-3.6278e-03,-4.7135e-03,-5.6405e-03,-6.3880e-03,-6.9588e-03,-7.3715e-03,-7.6477e-03,-7.7998e-03,-7.8255e-03,-7.7042e-03,-7.4029e-03,-6.8873e-03,-6.1282e-03,-5.1172e-03,-3.8713e-03,-2.4429e-03,-9.1884e-04,5.7946e-04
4.2681e-04,1.1070e-02,2.1401e-02,3.1247e-02,4.0430e-02,4.8771e-02,5.6092e-02,6.2224e-02,6.7014e-02,7.0333e-02,7.2079e-02,7.2185e-02,7.0623e-02,6.7410e-02,6.2605e-02,5.6309e-02,4.8667e-02,3.9862e-02,3.0107e-02,1.9644e-02,8.7293e-03,-2.3664e-03,-1.3371e-02,-2.4019e-02,-3.4056e-02,-4.3248e-02,-5.1390e-02,-5.8304e-02,-6.3849e-02,-6.7917e-02,-7.0438e-02,-7.1374e-02,-7.0725e-02,-6.8517e-02,-6.4807e-02,-5.9677e-02,-5.3231e-02,-4.5597e-02,-3.6926e-02,-2.7384e-02,-1.7161e-02,-6.4627e-03,4.4880e-03,1.5453e-02,2.6184e-02,3.6423e-02,4.5909e-02,5.4386e-02,6.1610e-02,6.7356e-02,7.1432e-02,7.3689e-02,7.4030e-02,7.2432e-02,6.8947e-02,6.3718e-02,5.6982e-02,4.9069e-02,4.0389e-02,3.1406e-02,2.2607e-02,1.4448e-02,7.3133e-03,1.4669e-03,-2.9703e-03,-6.0230e-03,-7.8397e-03,-8.6504e-03,-8.7197e-03,-8.3000e-03,-7.5976e-03,-6.7555e-03,-5.8538e-03,-4.9192e-03,-3.9458e-03,-2.9159e-03,-1.8220e-03,-6.7224e-04,5.0078e-04,1.6554e-03,2.7497e-03,3.7556e-03,4.6649e-03,5.4809e-03,6.2086e-03,6.8409e-03,7.3541e-03,7.7079e-03,7.8589e-03,7.7744e-03,7.4451e-03,6.8864e-03,6.1411e-03,5.2685e-03,4.3332e-03,3.3947e-03,2.4933e-03,1.6431e-03,8.2700e-04,-5.4389e-06
6.5044e-05,1.2435e-02,2.4406e-02,3.5778e-02,4.6346e-02,5.5904e-02,6.4256e-02,7.1214e-02,7.6613e-02,8.0316e-02,8.2217e-02,8.2251e-02,8.0398e-02,7.6682e-02,7.1176e-02,6.3999e-02,5.5313e-02,4.5322e-02,3.4261e-02,2.2394e-02,1.0009e-02,-2.5983e-03,-1.5123e-02,-2.7266e-02,-3.8738e-02,-4.9270e-02,-5.8618e-02,-6.6571e-02,-7.2958e-02,-7.7645e-02,-8.0544e-02,-8.1609e-02,-8.0834e-02,-7.8254e-02,-7.3939e-02,-6.7993e-02,-6.0548e-02,-5.1763e-02,-4.1818e-02,-3.0918e-02,-1.9282e-02,-7.1499e-03,5.2274e-03,1.7585e-02,2.9652e-02,4.1150e-02,5.1803e-02,6.1342e-02,6.9510e-02,7.6070e-02,8.0816e-02,8.3584e-02,8.4258e-02,8.2783e-02,7.9178e-02,7.3544e-02,6.6073e-02,5.7051e-02,4.6855e-02,3.5941e-02,2.4820e-02,1.4020e-02,4.0417e-03,-4.6898e-03,-1.1870e-02,-1.7342e-02,-2.1101e-02,-2.3274e-02,-2.4082e-02,-2.3793e-02,-2.2669e-02,-2.0939e-02,-1.8773e-02,-1.6282e-02,-1.3524e-02,-1.0530e-02,-7.3220e-03,-3.9363e-03,-4.3489e-04,3.0942e-03,6.5498e-03,9.8327e-03,1.2863e-02,1.5584e-02,1.7958e-02,1.9950e-02,2.1515e-02,2.2601e-02,2.3150e-02,2.3116e-02,2.2476e-02,2.1246e-02,1.9473e-02,1.7240e-02,1.4643e-02,1.1789e-02,8.7730e-03,5.6727e-03,2.5377e-03,-6.1548e-04
-2.8451e-04,1.3545e-02,2.6896e-02,3.9543e-02,5.1260e-02,6.1821e-02,7.1011e-02,7.8632e-02,8.4508e-02,8.8498e-02,9.0497e-02,9.0443e-02,8.8324e-02,8.4174e-02,7.8080e-02,7.0174e-02,6.0635e-02,4.9683e-02,3.7572e-02,2.4583e-02,1.1023e-02,-2.7907e-03,-1.6531e-02,-2.9874e-02,-4.2503e-02,-5.4123e-02,-6.4459e-02,-7.3273e-02,-8.0365e-02,-8.5581e-02,-8.8811e-02,-8.9999e-02,-8.9134e-02,-8.6254e-02,-8.1441e-02,-7.4815e-02,-6.6532e-02,-5.6778e-02,-4.5765e-02,-3.3728e-02,-2.0918e-02,-7.6027e-03,5.9390e-03,1.9422e-02,3.2552e-02,4.5039e-02,5.6596e-02,6.6944e-02,7.5822e-02,8.2990e-02,8.8237e-02,9.1394e-02,9.2333e-02,9.0986e-02,8.7348e-02,8.1487e-02,7.3557e-02,6.3799e-02,5.2547e-02,4.0224e-02,2.7328e-02,1.4408e-02,2.0307e-03,-9.2702e-03,-1.9038e-02,-2.6940e-02,-3.2795e-02,-3.6583e-02,-3.8426e-02,-3.8549e-02,-3.7237e-02,-3.4781e-02,-3.1445e-02,-2.7437e-02,-2.2910e-02,-1.7965e-02,-1.2675e-02,-7.1120e-03,-1.3635e-03,4.4507e-03,1.0184e-02,1.5677e-02,2.0778e-02,2.5366e-02,2.9347e-02,3.2652e-02,3.5221e-02,3.6991e-02,3.7899e-02,3.7891e-02,3.6942e-02,3.5062e-02,3.2307e-02,2.8775e-02,2.4593e-02,1.9907e-02,1.4864e-02,9.5987e-03,4.2222e-03,-1.1833e-03
-5.8855e-04,1.4391e-02,2.8819e-02,4.2455e-02,5.5054e-02,6.6374e-02,7.6190e-02,8.4294e-02,9.0506e-02,9.4685e-02,9.6726e-02,9.6575e-02,9.4226e-02,8.9726e-02,8.3170e-02,7.4706e-02,6.4524e-02,5.2855e-02,3.9968e-02,2.6156e-02,1.1737e-02,-2.9573e-03,-1.7586e-02,-3.1807e-02,-4.5290e-02,-5.7718e-02,-6.8797e-02,-7.8266e-02,-8.5905e-02,-9.1538e-02,-9.5039e-02,-9.6340e-02,-9.5423e-02,-9.2325e-02,-8.7134e-02,-7.9984e-02,-7.1050e-02,-6.0541e-02,-4.8693e-02,-3.5771e-02,-2.2053e-02,-7.8312e-03,6.5927e-03,2.0912e-02,3.4820e-02,4.8015e-02,6.0203e-02,7.1104e-02,8.0456e-02,8.8022e-02,9.3597e-02,9.7010e-02,9.8137e-02,9.6900e-02,9.3283e-02,8.7334e-02,7.9174e-02,6.9005e-02,5.7117e-02,4.3888e-02,2.9779e-02,1.5322e-02,1.0982e-03,-1.2302e-02,-2.4319e-02,-3.4477e-02,-4.2427e-02,-4.7980e-02,-5.1113e-02,-5.1957e-02,-5.0759e-02,-4.7834e-02,-4.3516e-02,-3.8116e-02,-3.1894e-02,-2.5052e-02,-1.7742e-02,-1.0088e-02,-2.2115e-03,5.7447e-03,1.3605e-02,2.1169e-02,2.8226e-02,3.4588e-02,4.0103e-02,4.4658e-02,4.8170e-02,5.0569e-02,5.1794e-02,5.1792e-02,5.0538e-02,4.8045e-02,4.4375e-02,3.9639e-02,3.3988e-02,2.7602e-02,2.0672e-02,1.3381e-02,5.8977e-03,-1.6390e-03
-8.2152e-04,1.4960e-02,3.0133e-02,4.4440e-02,5.7625e-02,6.9441e-02,7.9653e-02,8.8051e-02,9.4455e-02,9.8723e-02,1.0076e-01,1.0051e-01,9.7979e-02,9.3224e-02,8.6349e-02,7.7511e-02,6.6908e-02,5.4781e-02,4.1404e-02,2.7079e-02,1.2130e-02,-3.1056e-03,-1.8280e-02,-3.3046e-02,-4.7061e-02,-6.0000e-02,-7.1555e-02,-8.1454e-02,-8.9460e-02,-9.5383e-02,-9.9083e-02,-1.0048e-01,-9.9544e-02,-9.6314e-02,-9.0878e-02,-8.3377e-02,-7.4000e-02,-6.2971e-02,-5.0549e-02,-3.7020e-02,-2.2683e-02,-7.8537e-03,7.1498e-03,2.2004e-02,3.6394e-02,5.0009e-02,6.2555e-02,7.3752e-02,8.3345e-02,9.1106e-02,9.6837e-02,1.0038e-01,1.0161e-01,1.0045e-01,9.6894e-02,9.0964e-02,8.2763e-02,7.2462e-02,6.0309e-02,4.6634e-02,3.1849e-02,1.6445e-02,9.8188e-04,-1.3942e-02,-2.7722e-02,-3.9785e-02,-4.9651e-02,-5.6967e-02,-6.1548e-02,-6.3384e-02,-6.2631e-02,-5.9572e-02,-5.4567e-02,-4.8007e-02,-4.0259e-02,-3.1643e-02,-2.2418e-02,-1.2789e-02,-2.9289e-03,6.9901e-03,1.6776e-02,2.6207e-02,3.5037e-02,4.3024e-02,4.9958e-02,5.5675e-02,6.0061e-02,6.3035e-02,6.4538e-02,6.4527e-02,6.2985e-02,5.9930e-02,5.5433e-02,4.9615e-02,4.2647e-02,3.4735e-02,2.6103e-02,1.6978e-02,7.5750e-03,-1.9163e-03
-9.6768e-04,1.5243e-02,3.0798e-02,4.5436e-02,5.8896e-02,7.0929e-02,8.1299e-02,8.9798e-02,9.6248e-02,1.0051e-01,1.0249e-01,1.0216e-01,9.9505e-02,9.4604e-02,8.7563e-02,7.8546e-02,6.7755e-02,5.5436e-02,4.1864e-02,2.7343e-02,1.2196e-02,-3.2373e-03,-1.8611e-02,-3.3579e-02,-4.7798e-02,-6.0939e-02,-7.2695e-02,-8.2785e-02,-9.0966e-02,-9.7037e-02,-1.0085e-01,-1.0231e-01,-1.0139e-01,-9.8119e-02,-9.2576e-02,-8.4908e-02,-7.5309e-02,-6.4016e-02,-5.1301e-02,-3.7462e-02,-2.2817e-02,-7.6947e-03,7.5716e-03,2.2651e-02,3.7219e-02,5.0966e-02,6.3597e-02,7.4841e-02,8.4451e-02,9.2211e-02,9.7938e-02,1.0148e-01,1.0274e-01,1.0164e-01,9.8160e-02,9.2337e-02,8.4254e-02,7.4057e-02,6.1958e-02,4.8242e-02,3.3272e-02,1.7485e-02,1.3913e-03,-1.4437e-02,-2.9395e-02,-4.2872e-02,-5.4301e-02,-6.3204e-02,-6.9244e-02,-7.2252e-02,-7.2247e-02,-6.9423e-02,-6.4113e-02,-5.6739e-02,-4.7751e-02,-3.7586e-02,-2.6623e-02,-1.5179e-02,-3.5073e-03,8.1745e-03,1.9655e-02,3.0705e-02,4.1068e-02,5.0472e-02,5.8660e-02,6.5421e-02,7.0599e-02,7.4094e-02,7.5846e-02,7.5824e-02,7.4022e-02,7.0473e-02,6.5257e-02,5.8505e-02,5.0402e-02,4.1172e-02,3.1066e-02,2.0344e-02,9.2559e-03,-1.9658e-03
-1.0226e-03,1.5224e-02,3.0785e-02,4.5400e-02,5.8813e-02,7.0778e-02,8.1065e-02,8.9472e-02,9.5825e-02,9.9994e-02,1.0189e-01,1.0148e-01,9.8780e-02,9.3849e-02,8.6805e-02,7.7810e-02,6.7070e-02,5.4828e-02,4.1356e-02,2.6955e-02,1.1943e-02,-3.3475e-03,-1.8577e-02,-3.3406e-02,-4.7501e-02,-6.0537e-02,-7.2212e-02,-8.2248e-02,-9.0403e-02,-9.6473e-02,-1.0031e-01,-1.0180e-01,-1.0092e-01,-9.7686e-02,-9.2176e-02,-8.4530e-02,-7.4943e-02,-6.3653e-02,-5.0936e-02,-3.7101e-02,-2.2471e-02,-7.3836e-03,7.8210e-03,2.2808e-02,3.7250e-02,5.0842e-02,6.3293e-02,7.4344e-02,8.3760e-02,9.1339e-02,9.6915e-02,1.0036e-01,1.0157e-01,1.0049e-01,9.7122e-02,9.1483e-02,8.3652e-02,7.3760e-02,6.1988e-02,4.8585e-02,3.3861e-02,1.8199e-02,2.0508e-03,-1.4065e-02,-2.9579e-02,-4.3888e-02,-5.6394e-02,-6.6546e-02,-7.3887e-02,-7.8104e-02,-7.9063e-02,-7.6825e-02,-7.1636e-02,-6.3887e-02,-5.4068e-02,-4.2701e-02,-3.0283e-02,-1.7255e-02,-3.9806e-03,9.2481e-03,2.2183e-02,3.4586e-02,4.6205e-02,5.6768e-02,6.5997e-02,7.3642e-02,7.9507e-02,8.3465e-02,8.5444e-02,8.5421e-02,8.3406e-02,7.9448e-02,7.3639e-02,6.6121e-02,5.7089e-02,4.6781e-02,3.5463e-02,2.3418e-02,1.0923e-02,-1.7583e-03
-9.9076e-04,1.4891e-02,3.0075e-02,4.4311e-02,5.7355e-02,6.8969e-02,7.8936e-02,8.7062e-02,9.3183e-02,9.7177e-02,9.8963e-02,9.8508e-02,9.5828e-02,9.0990e-02,8.4109e-02,7.5342e-02,6.4891e-02,5.2993e-02,3.9913e-02,2.5943e-02,1.1390e-02,-3.4253e-03,-1.8176e-02,-3.2537e-02,-4.6186e-02,-5.8816e-02,-7.0133e-02,-7.9874e-02,-8.7801e-02,-9.3717e-02,-9.7471e-02,-9.8960e-02,-9.8138e-02,-9.5020e-02,-8.9678e-02,-8.2243e-02,-7.2900e-02,-6.1884e-02,-4.9466e-02,-3.5953e-02,-2.1667e-02,-6.9484e-03,7.8663e-03,2.2442e-02,3.6459e-02,4.9614e-02,6.1632e-02,7.2261e-02,8.1286e-02,8.8522e-02,9.3818e-02,9.7061e-02,9.8173e-02,9.7111e-02,9.3872e-02,8.8486e-02,8.1028e-02,7.1614e-02,6.0404e-02,4.7612e-02,3.3507e-02,1.8415e-02,2.7292e-03,-1.3098e-02,-2.8556e-02,-4.3084e-02,-5.6103e-02,-6.7038e-02,-7.5368e-02,-8.0672e-02,-8.2675e-02,-8.1290e-02,-7.6630e-02,-6.9000e-02,-5.8858e-02,-4.6761e-02,-3.3294e-02,-1.9014e-02,-4.4094e-03,1.0124e-02,2.4270e-02,3.7763e-02,5.0358e-02,6.1797e-02,7.1812e-02,8.0139e-02,8.6554e-02,9.0898e-02,9.3080e-02,9.3077e-02,9.0911e-02,8.6645e-02,8.0386e-02,7.2290e-02,6.2556e-02,5.1430e-02,3.9188e-02,2.6126e-02,1.2537e-02,-1.2956e-03
-8.8498e-04,1.4235e-02,2.8664e-02,4.2173e-02,5.4532e-02,6.5523e-02,7.4942e-02,8.2608e-02,8.8372e-02,9.2117e-02,9.3771e-02,9.3301e-02,9.0725e-02,8.6105e-02,7.9550e-02,7.1214e-02,6.1286e-02,4.9993e-02,3.7588e-02,2.4349e-02,1.0566e-02,-3.4556e-03,-1.7408e-02,-3.0984e-02,-4.3884e-02,-5.5819e-02,-6.6516e-02,-7.5727e-02,-8.3231e-02,-8.8844e-02,-9.2418e-02,-9.3854e-02,-9.3105e-02,-9.0177e-02,-8.5132e-02,-7.8088e-02,-6.9219e-02,-5.8743e-02,-4.6921e-02,-3.4047e-02,-2.0436e-02,-6.4156e-03,7.6836e-03,2.1536e-02,3.4832e-02,4.7282e-02,5.8623e-02,6.8620e-02,7.7075e-02,8.3821e-02,8.8727e-02,9.1697e-02,9.2670e-02,9.1616e-02,8.8539e-02,8.3477e-02,7.6502e-02,6.7719e-02,5.7273e-02,4.5348e-02,3.2177e-02,1.8036e-02,3.2591e-03,-1.1769e-02,-2.6606e-02,-4.0762e-02,-5.3705e-02,-6.4888e-02,-7.3779e-02,-7.9899e-02,-8.2872e-02,-8.2476e-02,-7.8676e-02,-7.1641e-02,-6.1736e-02,-4.9482e-02,-3.5496e-02,-2.0416e-02,-4.8457e-03,1.0697e-02,2.5798e-02,4.0132e-02,5.3438e-02,6.5477e-02,7.6007e-02,8.4781e-02,9.1570e-02,9.6194e-02,9.8543e-02,9.8579e-02,9.6330e-02,9.1871e-02,8.5321e-02,7.6845e-02,6.6651e-02,5.4985e-02,4.2128e-02,2.8377e-02,1.4034e-02,-6.1102e-04
-7.2373e-04,1.3251e-02,2.6568e-02,3.9018e-02,5.0396e-02,6.0505e-02,6.9163e-02,7.6206e-02,8.1496e-02,8.4929e-02,8.6434e-02,8.5983e-02,8.3589e-02,7.9309e-02,7.3243e-02,6.5531e-02,5.6351e-02,4.5912e-02,3.4451e-02,2.2226e-02,9.5083e-03,-3.4200e-03,-1.6274e-02,-2.8772e-02,-4.0638e-02,-5.1610e-02,-6.1441e-02,-6.9906e-02,-7.6805e-02,-8.1971e-02,-8.5270e-02,-8.6609e-02,-8.5941e-02,-8.3265e-02,-7.8635e-02,-7.2153e-02,-6.3972e-02,-5.4292e-02,-4.3352e-02,-3.1425e-02,-1.8807e-02,-5.8073e-03,7.2602e-03,2.0088e-02,3.2382e-02,4.3870e-02,5.4306e-02,6.3477e-02,7.1201e-02,7.7331e-02,8.1755e-02,8.4395e-02,8.5203e-02,8.4163e-02,8.1289e-02,7.6622e-02,7.0233e-02,6.2220e-02,5.2713e-02,4.1875e-02,2.9903e-02,1.7032e-02,3.5393e-03,-1.0255e-02,-2.3982e-02,-3.7227e-02,-4.9536e-02,-6.0421e-02,-6.9384e-02,-7.5940e-02,-7.9668e-02,-8.0246e-02,-7.7502e-02,-7.1455e-02,-6.2328e-02,-5.0538e-02,-3.6658e-02,-2.1350e-02,-5.2943e-03,1.0879e-02,2.6639e-02,4.1567e-02,5.5350e-02,6.7743e-02,7.8532e-02,8.7510e-02,9.4470e-02,9.9236e-02,1.0168e-01,1.0176e-01,9.9497e-02,9.4962e-02,8.8286e-02,7.9641e-02,6.9235e-02,5.7316e-02,4.4161e-02,3.0063e-02,1.5321e-02,2.2532e-04
-5.2808e-04,1.1950e-02,2.3821e-02,3.4907e-02,4.5032e-02,5.4026e-02,6.1730e-02,6.8000e-02,7.2714e-02,7.5776e-02,7.7121e-02,7.6721e-02,7.4585e-02,7.0759e-02,6.5331e-02,5.8426e-02,5.0204e-02,4.0852e-02,3.0585e-02,1.9638e-02,8.2576e-03,-3.3010e-03,-1.4782e-02,-2.5932e-02,-3.6506e-02,-4.6272e-02,-5.5015e-02,-6.2538e-02,-6.8668e-02,-7.3258e-02,-7.6194e-02,-7.7393e-02,-7.6810e-02,-7.4444e-02,-7.0334e-02,-6.4566e-02,-5.7271e-02,-4.8622e-02,-3.8830e-02,-2.8138e-02,-1.6814e-02,-5.1398e-03,6.5975e-03,1.8114e-02,2.9141e-02,3.9428e-02,4.8751e-02,5.6918e-02,6.3769e-02,6.9175e-02,7.3043e-02,7.5310e-02,7.5944e-02,7.4938e-02,7.2314e-02,6.8116e-02,6.2412e-02,5.5297e-02,4.6885e-02,3.7320e-02,2.6769e-02,1.5429e-02,3.5276e-03,-8.6759e-03,-2.0885e-02,-3.2766e-02,-4.3947e-02,-5.4024e-02,-6.2563e-02,-6.9125e-02,-7.3286e-02,-7.4678e-02,-7.3034e-02,-6.8230e-02,-6.0330e-02,-4.9598e-02,-3.6491e-02,-2.1617e-02,-5.6701e-03,1.0647e-02,2.6694e-02,4.1938e-02,5.5977e-02,6.8521e-02,7.9361e-02,8.8324e-02,9.5251e-02,9.9996e-02,1.0245e-01,1.0255e-01,1.0031e-01,9.5801e-02,8.9158e-02,8.0549e-02,7.0182e-02,5.8298e-02,4.5165e-02,3.1066e-02,1.6290e-02,1.1169e-03
-3.1780e-04,1.0348e-02,2.0479e-02,2.9933e-02,3.8567e-02,4.6240e-02,5.2820e-02,5.8186e-02,6.2231e-02,6.4871e-02,6.6047e-02,6.5727e-02,6.3914e-02,6.0645e-02,5.5991e-02,5.0058e-02,4.2982e-02,3.4928e-02,2.6083e-02,1.6654e-02,6.8579e-03,-3.0827e-03,-1.2944e-02,-2.2506e-02,-3.1559e-02,-3.9907e-02,-4.7367e-02,-5.3778e-02,-5.8995e-02,-6.2899e-02,-6.5396e-02,-6.6417e-02,-6.5925e-02,-6.3914e-02,-6.0415e-02,-5.5495e-02,-4.9260e-02,-4.1851e-02,-3.3445e-02,-2.4249e-02,-1.4493e-02,-4.4224e-03,5.7095e-03,1.5653e-02,2.5169e-02,3.4035e-02,4.2057e-02,4.9063e-02,5.4915e-02,5.9508e-02,6.2762e-02,6.4630e-02,6.5092e-02,6.4149e-02,6.1827e-02,5.8173e-02,5.3253e-02,4.7152e-02,3.9974e-02,3.1841e-02,2.2896e-02,1.3299e-02,3.2317e-03,-7.1011e-03,-1.7471e-02,-2.7624e-02,-3.7272e-02,-4.6102e-02,-5.3768e-02,-5.9901e-02,-6.4121e-02,-6.6064e-02,-6.5414e-02,-6.1945e-02,-5.5572e-02,-4.6388e-02,-3.4683e-02,-2.0937e-02,-5.7780e-03,1.0085e-02,2.5942e-02,4.1155e-02,5.5208e-02,6.7727e-02,7.8461e-02,8.7247e-02,9.3971e-02,9.8538e-02,1.0087e-01,1.0093e-01,9.8733e-02,9.4339e-02,8.7869e-02,7.9490e-02,6.9399e-02,5.7827e-02,4.5028e-02,3.1268e-02,1.6819e-02,1.9425e-03
-1.1039e-04,8.4763e-03,1.6622e-02,2.4219e-02,3.1161e-02,3.7340e-02,4.2652e-02,4.7001e-02,5.0298e-02,5.2471e-02,5.3464e-02,5.3247e-02,5.1814e-02,4.9189e-02,4.5425e-02,4.0606e-02,3.4842e-02,2.8271e-02,2.1048e-02,1.3348e-02,5.3512e-03,-2.7539e-03,-1.0780e-02,-1.8548e-02,-2.5885e-02,-3.2633e-02,-3.8649e-02,-4.3805e-02,-4.7992e-02,-5.1119e-02,-5.3115e-02,-5.3929e-02,-5.3531e-02,-5.1915e-02,-4.9103e-02,-4.5142e-02,-4.0111e-02,-3.4120e-02,-2.7304e-02,-1.9829e-02,-1.1881e-02,-3.6599e-03,4.6237e-03,1.2760e-02,2.0549e-02,2.7801e-02,3.4352e-02,4.0060e-02,4.4809e-02,4.8513e-02,5.1109e-02,5.2565e-02,5.2866e-02,5.2022e-02,5.0060e-02,4.7027e-02,4.2983e-02,3.8006e-02,3.2184e-02,2.5620e-02,1.8430e-02,1.0742e-02,2.6950e-03,-5.5583e-03,-1.3851e-02,-2.2003e-02,-2.9811e-02,-3.7049e-02,-4.3467e-02,-4.8782e-02,-5.2687e-02,-5.4859e-02,-5.4984e-02,-5.2782e-02,-4.8059e-02,-4.0750e-02,-3.0960e-02,-1.8989e-02,-5.3232e-03,9.4046e-03,2.4485e-02,3.9215e-02,5.2974e-02,6.5273e-02,7.5778e-02,8.4289e-02,9.0706e-02,9.4981e-02,9.7094e-02,9.7045e-02,9.4865e-02,9.0624e-02,8.4434e-02,7.6447e-02,6.6845e-02,5.5841e-02,4.3667e-02,3.0566e-02,1.6789e-02,2.5735e-03
8.0451e-05,6.3819e-03,1.2347e-02,1.7912e-02,2.3004e-02,2.7552e-02,3.1482e-02,3.4722e-02,3.7204e-02,3.8868e-02,3.9665e-02,3.9564e-02,3.8551e-02,3.6637e-02,3.3856e-02,3.0268e-02,2.5954e-02,2.1020e-02,1.5587e-02,9.7920e-03,3.7771e-03,-2.3095e-03,-8.3235e-03,-1.4125e-02,-1.9586e-02,-2.4589e-02,-2.9031e-02,-3.2822e-02,-3.5889e-02,-3.8171e-02,-3.9622e-02,-4.0207e-02,-3.9908e-02,-3.8719e-02,-3.6653e-02,-3.3738e-02,-3.0028e-02,-2.5595e-02,-2.0533e-02,-1.4962e-02,-9.0177e-03,-2.8502e-03,3.3797e-03,9.5114e-03,1.5387e-02,2.0859e-02,2.5797e-02,3.0089e-02,3.3647e-02,3.6402e-02,3.8310e-02,3.9345e-02,3.9506e-02,3.8802e-02,3.7261e-02,3.4924e-02,3.1845e-02,2.8089e-02,2.3728e-02,1.8845e-02,1.3529e-02,7.8757e-03,1.9834e-03,-4.0451e-03,-1.0101e-02,-1.6069e-02,-2.1824e-02,-2.7226e-02,-3.2113e-02,-3.6295e-02,-3.9551e-02,-4.1625e-02,-4.2241e-02,-4.1116e-02,-3.7996e-02,-3.2698e-02,-2.5158e-02,-1.5481e-02,-3.9577e-03,8.9328e-03,2.2569e-02,3.6254e-02,4.9301e-02,6.1119e-02,7.1260e-02,7.9437e-02,8.5513e-02,8.9455e-02,9.1290e-02,9.1075e-02,8.8885e-02,8.4811e-02,7.8968e-02,7.1495e-02,6.2557e-02,5.2340e-02,4.1048e-02,2.8899e-02,1.6112e-02,2.8956e-03
2.4760e-04,4.1168e-03,7.7690e-03,1.1178e-02,1.4310e-02,1.7128e-02,1.9590e-02,2.1651e-02,2.3263e-02,2.4382e-02,2.4966e-02,2.4984e-02,2.4416e-02,2.3260e-02,2.1530e-02,1.9260e-02,1.6501e-02,1.3324e-02,9.8131e-03,6.0623e-03,2.1728e-03,-1.7532e-03,-5.6152e-03,-9.3201e-03,-1.2783e-02,-1.5933e-02,-1.8706e-02,-2.1055e-02,-2.2940e-02,-2.4332e-02,-2.5209e-02,-2.5555e-02,-2.5361e-02,-2.4623e-02,-2.3346e-02,-2.1540e-02,-1.9232e-02,-1.6458e-02,-1.3271e-02,-9.7401e-03,-5.9487e-03,-1.9918e-03,2.0254e-03,5.9949e-03,9.8091e-03,1.3366e-02,1.6575e-02,1.9358e-02,2.1652e-02,2.3413e-02,2.4610e-02,2.5230e-02,2.5272e-02,2.4750e-02,2.3687e-02,2.2117e-02,2.0082e-02,1.7632e-02,1.4822e-02,1.1710e-02,8.3566e-03,4.8233e-03,1.1704e-03,-2.5461e-03,-6.2716e-03,-9.9529e-03,-1.3534e-02,-1.6950e-02,-2.0121e-02,-2.2945e-02,-2.5285e-02,-2.6969e-02,-2.7779e-02,-2.7468e-02,-2.5769e-02,-2.2436e-02,-1.7279e-02,-1.0223e-02,-1.3518e-03,9.0638e-03,2.0568e-02,3.2559e-02,4.4365e-02,5.5332e-02,6.4901e-02,7.2671e-02,7.8413e-02,8.2055e-02,8.3636e-02,8.3257e-02,8.1049e-02,7.7146e-02,7.1687e-02,6.4810e-02,5.6665e-02,4.7409e-02,3.7215e-02,2.6267e-02,1.4746e-02,2.8313e-03
3.8719e-04,1.7442e-03,3.0110e-03,4.1965e-03,5.3057e-03,6.3360e-03,7.2775e-03,8.1116e-03,8.8142e-03,9.3558e-03,9.7070e-03,9.8370e-03,9.7224e-03,9.3479e-03,8.7078e-03,7.8101e-03,6.6761e-03,5.3388e-03,3.8405e-03,2.2327e-03,5.6893e-04,-1.0954e-03,-2.7092e-03,-4.2272e-03,-5.6130e-03,-6.8391e-03,-7.8876e-03,-8.7483e-03,-9.4181e-03,-9.8978e-03,-1.0189e-02,-1.0294e-02,-1.0213e-02,-9.9435e-03,-9.4813e-03,-8.8218e-03,-7.9640e-03,-6.9099e-03,-5.6708e-03,-4.2657e-03,-2.7223e-03,-1.0805e-03,6.1433e-04,2.3116e-03,3.9578e-03,5.5008e-03,6.8940e-03,8.0962e-03,9.0756e-03,9.8092e-03,1.0283e-02,1.0493e-02,1.0442e-02,1.0141e-02,9.6092e-03,8.8680e-03,7.9447e-03,6.8711e-03,5.6797e-03,4.4023e-03,3.0691e-03,1.7067e-03,3.3388e-04,-1.0383e-03,-2.4042e-03,-3.7658e-03,-5.1287e-03,-6.4949e-03,-7.8570e-03,-9.1875e-03,-1.0431e-02,-1.1492e-02,-1.2227e-02,-1.2444e-02,-1.1905e-02,-1.0347e-02,-7.5124e-03,-3.1910e-03,2.7213e-03,1.0173e-02,1.8928e-02,2.8564e-02,3.8512e-02,4.8133e-02,5.6807e-02,6.4019e-02,6.9417e-02,7.2832e-02,7.4256e-02,7.3798e-02,7.1628e-02,6.7933e-02,6.2892e-02,5.6666e-02,4.9401e-02,4.1233e-02,3.2302e-02,2.2750e-02,1.2725e-02,2.3658e-03
4.9761e-04,-6.6893e-04,-1.7994e-03,-2.8480e-03,-3.7748e-03,-4.5495e-03,-5.1500e-03,-5.5651e-03,-5.7970e-03,-5.8558e-03,-5.7599e-03,-5.5339e-03,-5.2045e-03,-4.7982e-03,-4.3377e-03,-3.8406e-03,-3.3187e-03,-2.7760e-03,-2.2130e-03,-1.6249e-03,-1.0074e-03,-3.5612e-04,3.2903e-04,1.0424e-03,1.7716e-03,2.4975e-03,3.1951e-03,3.8348e-03,4.3852e-03,4.8182e-03,5.1078e-03,5.2376e-03,5.1980e-03,4.9909e-03,4.6282e-03,4.1301e-03,3.5231e-03,2.8373e-03,2.1039e-03,1.3517e-03,6.0530e-04,-1.1593e-04,-7.9767e-04,-1.4319e-03,-2.0146e-03,-2.5435e-03,-3.0194e-03,-3.4420e-03,-3.8107e-03,-4.1241e-03,-4.3789e-03,-4.5703e-03,-4.6921e-03,-4.7365e-03,-4.6955e-03,-4.5597e-03,-4.3189e-03,-3.9659e-03,-3.4932e-03,-2.8985e-03,-2.1855e-03,-1.3663e-03,-4.6058e-04,4.9876e-04,1.4692e-03,2.3976e-03,3.2272e-03,3.8999e-03,4.3614e-03,4.5762e-03,4.5304e-03,4.2494e-03,3.8040e-03,3.3221e-03,2.9889e-03,3.0456e-03,3.7701e-03,5.4472e-03,8.3189e-03,1.2532e-02,1.8081e-02,2.4775e-02,3.2233e-02,3.9926e-02,4.7252e-02,5.3628e-02,5.8585e-02,6.1821e-02,6.3221e-02,6.2840e-02,6.0846e-02,5.7461e-02,5.2912e-02,4.7397e-02,4.1077e-02,3.4085e-02,2.6533e-02,1.8526e-02,1.0170e-02,1.5639e-03
5.7888e-04,-3.0597e-03,-6.5373e-03,-9.7760e-03,-1.2704e-02,-1.5258e-02,-1.7385e-02,-1.9047e-02,-2.0221e-02,-2.0895e-02,-2.1075e-02,-2.0778e-02,-2.0029e-02,-1.8864e-02,-1.7322e-02,-1.5444e-02,-1.3274e-02,-1.0853e-02,-8.2271e-03,-5.4386e-03,-2.5341e-03,4.3751e-04,3.4236e-03,6.3666e-03,9.2035e-03,1.1869e-02,1.4295e-02,1.6415e-02,1.8165e-02,1.9490e-02,2.0343e-02,2.0694e-02,2.0526e-02,1.9842e-02,1.8662e-02,1.7020e-02,1.4967e-02,1.2564e-02,9.8807e-03,6.9911e-03,3.9717e-03,8.9771e-04,-2.1584e-03,-5.1283e-03,-7.9491e-03,-1.0565e-02,-1.2926e-02,-1.4989e-02,-1.6717e-02,-1.8083e-02,-1.9066e-02,-1.9648e-02,-1.9823e-02,-1.9587e-02,-1.8943e-02,-1.7897e-02,-1.6463e-02,-1.4657e-02,-1.2502e-02,-1.0029e-02,-7.2787e-03,-4.3010e-03,-1.1581e-03,2.0740e-03,5.3090e-03,8.4502e-03,1.1393e-02,1.4031e-02,1.6264e-02,1.8003e-02,1.9180e-02,1.9761e-02,1.9752e-02,1.9219e-02,1.8286e-02,1.7148e-02,1.6063e-02,1.5341e-02,1.5302e-02,1.6236e-02,1.8346e-02,2.1678e-02,2.6095e-02,3.1264e-02,3.6696e-02,4.1824e-02,4.6106e-02,4.9110e-02,5.0583e-02,5.0461e-02,4.8849e-02,4.5957e-02,4.2040e-02,3.7336e-02,3.2040e-02,2.6296e-02,2.0205e-02,1.3844e-02,7.2798e-03,5.7018e-04
6.2940e-04,-5.3675e-03,-1.1086e-02,-1.6419e-02,-2.1265e-02,-2.5532e-02,-2.9137e-02,-3.2015e-02,-3.4117e-02,-3.5410e-02,-3.5883e-02,-3.5543e-02,-3.4414e-02,-3.2535e-02,-2.9957e-02,-2.6747e-02,-2.2976e-02,-1.8726e-02,-1.4082e-02,-9.1393e-03,-3.9936e-03,1.2514e-03,6.4898e-03,1.1611e-02,1.6504e-02,2.1055e-02,2.5157e-02,2.8706e-02,3.1608e-02,3.3784e-02,3.5170e-02,3.5723e-02,3.5423e-02,3.4272e-02,3.2298e-02,2.9552e-02,2.6105e-02,2.2046e-02,1.7482e-02,1.2527e-02,7.3068e-03,1.9481e-03,-3.4202e-03,-8.6730e-03,-1.3689e-02,-1.8358e-02,-2.2579e-02,-2.6265e-02,-2.9342e-02,-3.1751e-02,-3.3451e-02,-3.4416e-02,-3.4633e-02,-3.4105e-02,-3.2845e-02,-3.0881e-02,-2.8247e-02,-2.4990e-02,-2.1166e-02,-1.6842e-02,-1.2097e-02,-7.0228e-03,-1.7224e-03,3.6860e-03,9.0744e-03,1.4306e-02,1.9236e-02,2.3720e-02,2.7620e-02,3.0805e-02,3.3166e-02,3.4622e-02,3.5129e-02,3.4695e-02,3.3389e-02,3.1347e-02,2.8790e-02,2.6006e-02,2.3344e-02,2.1178e-02,1.9857e-02,1.9643e-02,2.0645e-02,2.2778e-02,2.5755e-02,2.9123e-02,3.2351e-02,3.4927e-02,3.6456e-02,3.6726e-02,3.5713e-02,3.3554e-02,3.0483e-02,2.6757e-02,2.2605e-02,1.8196e-02,1.3638e-02,8.9956e-03,4.3052e-03,-4.1145e-04
6.4650e-04,-7.5414e-03,-1.5342e-02,-2.2624e-02,-2.9261e-02,-3.5134e-02,-4.0133e-02,-4.4167e-02,-4.7161e-02,-4.9062e-02,-4.9840e-02,-4.9488e-02,-4.8026e-02,-4.5493e-02,-4.1955e-02,-3.7494e-02,-3.2211e-02,-2.6223e-02,-1.9658e-02,-1.2657e-02,-5.3697e-03,2.0489e-03,9.4386e-03,1.6637e-02,2.3487e-02,2.9828e-02,3.5516e-02,4.0411e-02,4.4394e-02,4.7364e-02,4.9242e-02,4.9976e-02,4.9541e-02,4.7944e-02,4.5219e-02,4.1432e-02,3.6674e-02,3.1059e-02,2.4726e-02,1.7829e-02,1.0533e-02,3.0158e-03,-4.5446e-03,-1.1969e-02,-1.9083e-02,-2.5722e-02,-3.1736e-02,-3.6991e-02,-4.1376e-02,-4.4801e-02,-4.7202e-02,-4.8539e-02,-4.8796e-02,-4.7979e-02,-4.6114e-02,-4.3247e-02,-3.9439e-02,-3.4766e-02,-2.9321e-02,-2.3209e-02,-1.6549e-02,-9.4760e-03,-2.1347e-03,5.3173e-03,1.2713e-02,1.9877e-02,2.6634e-02,3.2808e-02,3.8229e-02,4.2738e-02,4.6195e-02,4.8484e-02,4.9524e-02,4.9277e-02,4.7763e-02,4.5069e-02,4.1361e-02,3.6889e-02,3.1988e-02,2.7062e-02,2.2543e-02,1.8847e-02,1.6298e-02,1.5067e-02,1.5117e-02,1.6199e-02,1.7891e-02,1.9687e-02,2.1102e-02,2.1771e-02,2.1510e-02,2.0319e-02,1.8351e-02,1.5833e-02,1.3002e-02,1.0055e-02,7.1174e-03,4.2582e-03,1.4989e-03,-1.1661e-03
6.2594e-04,-9.5386e-03,-1.9217e-02,-2.8260e-02,-3.6518e-02,-4.3852e-02,-5.0127e-02,-5.5228e-02,-5.9056e-02,-6.1535e-02,-6.2619e-02,-6.2285e-02,-6.0544e-02,-5.7437e-02,-5.3034e-02,-4.7435e-02,-4.0766e-02,-3.3176e-02,-2.4833e-02,-1.5925e-02,-6.6481e-03,2.7899e-03,1.2178e-02,2.1306e-02,2.9966e-02,3.7962e-02,4.5108e-02,5.1239e-02,5.6210e-02,5.9901e-02,6.2221e-02,6.3111e-02,6.2545e-02,6.0533e-02,5.7117e-02,5.2376e-02,4.6418e-02,3.9384e-02,3.1437e-02,2.2764e-02,1.3571e-02,4.0735e-03,-5.5034e-03,-1.4933e-02,-2.3991e-02,-3.2466e-02,-4.0158e-02,-4.6891e-02,-5.2515e-02,-5.6908e-02,-5.9982e-02,-6.1682e-02,-6.1984e-02,-6.0899e-02,-5.8461e-02,-5.4737e-02,-4.9812e-02,-4.3796e-02,-3.6816e-02,-2.9018e-02,-2.0563e-02,-1.1626e-02,-2.3934e-03,6.9363e-03,1.6160e-02,2.5074e-02,3.3471e-02,4.1150e-02,4.7917e-02,5.3596e-02,5.8023e-02,6.1060e-02,6.2599e-02,6.2572e-02,6.0961e-02,5.7807e-02,5.3230e-02,4.7434e-02,4.0716e-02,3.3465e-02,2.6143e-02,1.9253e-02,1.3274e-02,8.5920e-03,5.4287e-03,3.7886e-03,3.4484e-03,4.0078e-03,4.9756e-03,5.8863e-03,6.3941e-03,6.3282e-03,5.6957e-03,4.6362e-03,3.3508e-03,2.0355e-03,8.3749e-04,-1.6202e-04,-9.4086e-04,-1.5167e-03
5.6104e-04,-1.1325e-02,-2.2639e-02,-3.3216e-02,-4.2892e-02,-5.1506e-02,-5.8907e-02,-6.4956e-02,-6.9535e-02,-7.2546e-02,-7.3923e-02,-7.3631e-02,-7.1669e-02,-6.8075e-02,-6.2925e-02,-5.6329e-02,-4.8435e-02,-3.9420e-02,-2.9490e-02,-1.8873e-02,-7.8118e-03,3.4390e-03,1.4621e-02,2.5478e-02,3.5760e-02,4.5233e-02,5.3680e-02,6.0908e-02,6.6752e-02,7.1076e-02,7.3781e-02,7.4803e-02,7.4115e-02,7.1731e-02,6.7701e-02,6.2115e-02,5.5099e-02,4.6812e-02,3.7442e-02,2.7205e-02,1.6335e-02,5.0863e-03,-6.2790e-03,-1.7494e-02,-2.8291e-02,-3.8415e-02,-4.7626e-02,-5.5705e-02,-6.2467e-02,-6.7758e-02,-7.1464e-02,-7.3514e-02,-7.3876e-02,-7.2558e-02,-6.9606e-02,-6.5101e-02,-5.9154e-02,-5.1905e-02,-4.3517e-02,-3.4175e-02,-2.4082e-02,-1.3452e-02,-2.5144e-03,8.4979e-03,1.9349e-02,2.9803e-02,3.9629e-02,4.8609e-02,5.6532e-02,6.3203e-02,6.8449e-02,7.2119e-02,7.4088e-02,7.4269e-02,7.2617e-02,6.9145e-02,6.3931e-02,5.7134e-02,4.9007e-02,3.9903e-02,3.0271e-02,2.0640e-02,1.1574e-02,3.6132e-03,-2.8032e-03,-7.4144e-03,-1.0192e-02,-1.1345e-02,-1.1265e-02,-1.0438e-02,-9.3208e-03,-8.2566e-03,-7.4169e-03,-6.8087e-03,-6.3246e-03,-5.8114e-03,-5.1248e-03,-4.1707e-03,-2.9157e-03,-1.3772e-03
4.4890e-04,-1.2874e-02,-2.5550e-02,-3.7406e-02,-4.8263e-02,-5.7950e-02,-6.6297e-02,-7.3150e-02,-7.8371e-02,-8.1846e-02,-8.3491e-02,-8.3256e-02,-8.1130e-02,-7.7146e-02,-7.1379e-02,-6.3950e-02,-5.5023e-02,-4.4799e-02,-3.3514e-02,-2.1435e-02,-8.8423e-03,3.9659e-03,1.6689e-02,2.9030e-02,4.0703e-02,5.1439e-02,6.0995e-02,6.9156e-02,7.5739e-02,8.0598e-02,8.3625e-02,8.4754e-02,8.3958e-02,8.1256e-02,7.6704e-02,7.0405e-02,6.2495e-02,5.3152e-02,4.2583e-02,3.1026e-02,1.8744e-02,6.0153e-03,-6.8650e-03,-1.9597e-02,-3.1879e-02,-4.3421e-02,-5.3945e-02,-6.3198e-02,-7.0962e-02,-7.7056e-02,-8.1338e-02,-8.3722e-02,-8.4161e-02,-8.2663e-02,-7.9278e-02,-7.4101e-02,-6.7263e-02,-5.8932e-02,-4.9304e-02,-3.8602e-02,-2.7066e-02,-1.4952e-02,-2.5246e-03,9.9472e-03,2.2197e-02,3.3964e-02,4.4997e-02,5.5059e-02,6.3929e-02,7.1405e-02,7.7305e-02,8.1474e-02,8.3779e-02,8.4125e-02,8.2454e-02,7.8758e-02,7.3086e-02,6.5564e-02,5.6400e-02,4.5903e-02,3.4487e-02,2.2660e-02,1.1013e-02,1.6776e-04,-9.2839e-03,-1.6869e-02,-2.2305e-02,-2.5554e-02,-2.6826e-02,-2.6521e-02,-2.5128e-02,-2.3113e-02,-2.0825e-02,-1.8453e-02,-1.6039e-02,-1.3523e-02,-1.0802e-02,-7.7913e-03,-4.4467e-03,-7.7547e-04
2.8965e-04,-1.4164e-02,-2.7908e-02,-4.0761e-02,-5.2542e-02,-6.3067e-02,-7.2158e-02,-7.9646e-02,-8.5381e-02,-8.9234e-02,-9.1106e-02,-9.0934e-02,-8.8696e-02,-8.4419e-02,-7.8176e-02,-7.0096e-02,-6.0353e-02,-4.9166e-02,-3.6798e-02,-2.3542e-02,-9.7155e-03,4.3495e-03,1.8317e-02,3.1855e-02,4.4648e-02,5.6401e-02,6.6847e-02,7.5754e-02,8.2926e-02,8.8209e-02,9.1491e-02,9.2702e-02,9.1818e-02,8.8862e-02,8.3897e-02,7.7031e-02,6.8415e-02,5.8236e-02,4.6721e-02,3.4122e-02,2.0720e-02,6.8202e-03,-7.2640e-03,-2.1205e-02,-3.4677e-02,-4.7361e-02,-5.8952e-02,-6.9170e-02,-7.7770e-02,-8.4542e-02,-8.9328e-02,-9.2018e-02,-9.2556e-02,-9.0942e-02,-8.7227e-02,-8.1514e-02,-7.3951e-02,-6.4727e-02,-5.4068e-02,-4.2229e-02,-2.9486e-02,-1.6130e-02,-2.4604e-03,1.1222e-02,2.4623e-02,3.7459e-02,4.9461e-02,6.0379e-02,6.9984e-02,7.8069e-02,8.4452e-02,8.8976e-02,9.1512e-02,9.1963e-02,9.0266e-02,8.6406e-02,8.0417e-02,7.2397e-02,6.2521e-02,5.1054e-02,3.8364e-02,2.4918e-02,1.1285e-02,-1.8907e-03,-1.3944e-02,-2.4253e-02,-3.2324e-02,-3.7874e-02,-4.0876e-02,-4.1558e-02,-4.0341e-02,-3.7731e-02,-3.4211e-02,-3.0151e-02,-2.5773e-02,-2.1158e-02,-1.6297e-02,-1.1144e-02,-5.6626e-03,1.4868e-04
8.8647e-05,-1.5175e-02,-2.9677e-02,-4.3235e-02,-5.5664e-02,-6.6777e-02,-7.6390e-02,-8.4327e-02,-9.0430e-02,-9.4557e-02,-9.6600e-02,-9.6484e-02,-9.4180e-02,-8.9707e-02,-8.3138e-02,-7.4599e-02,-6.4274e-02,-5.2395e-02,-3.9242e-02,-2.5130e-02,-1.0403e-02,4.5818e-03,1.9460e-02,3.3874e-02,4.7485e-02,5.9978e-02,7.1069e-02,8.0516e-02,8.8113e-02,9.3700e-02,9.7163e-02,9.8433e-02,9.7487e-02,9.4349e-02,8.9089e-02,8.1820e-02,7.2701e-02,6.1929e-02,4.9739e-02,3.6397e-02,2.2199e-02,7.4606e-03,-7.4855e-03,-2.2297e-02,-3.6630e-02,-5.0147e-02,-6.2526e-02,-7.3466e-02,-8.2702e-02,-9.0007e-02,-9.5202e-02,-9.8161e-02,-9.8815e-02,-9.7155e-02,-9.3228e-02,-8.7139e-02,-7.9046e-02,-6.9154e-02,-5.7711e-02,-4.4997e-02,-3.1318e-02,-1.6996e-02,-2.3619e-03,1.2258e-02,2.6542e-02,4.0188e-02,5.2913e-02,6.4454e-02,7.4578e-02,8.3077e-02,8.9772e-02,9.4509e-02,9.7167e-02,9.7656e-02,9.5917e-02,9.1934e-02,8.5735e-02,7.7405e-02,6.7095e-02,5.5034e-02,4.1541e-02,2.7036e-02,1.2040e-02,-2.8315e-03,-1.6898e-02,-2.9468e-02,-3.9907e-02,-4.7728e-02,-5.2666e-02,-5.4724e-02,-5.4165e-02,-5.1442e-02,-4.7086e-02,-4.1609e-02,-3.5407e-02,-2.8734e-02,-2.1715e-02,-1.4390e-02,-6.7573e-03,1.1792e-03
-1.3854e-04,-1.5887e-02,-3.0832e-02,-4.4793e-02,-5.7587e-02,-6.9028e-02,-7.8931e-02,-8.7119e-02,-9.3428e-02,-9.7714e-02,-9.9860e-02,-9.9786e-02,-9.7454e-02,-9.2879e-02,-8.6129e-02,-7.7330e-02,-6.6668e-02,-5.4383e-02,-4.0764e-02,-2.6140e-02,-1.0870e-02,4.6684e-03,2.0095e-02,3.5037e-02,4.9139e-02,6.2073e-02,7.3548e-02,8.3311e-02,9.1156e-02,9.6921e-02,1.0049e-01,1.0179e-01,1.0081e-01,9.7573e-02,9.2146e-02,8.4648e-02,7.5243e-02,6.4131e-02,5.1554e-02,3.7786e-02,2.3126e-02,7.9027e-03,-7.5450e-03,-2.2867e-02,-3.7710e-02,-5.1728e-02,-6.4589e-02,-7.5983e-02,-8.5632e-02,-9.3297e-02,-9.8787e-02,-1.0196e-01,-1.0274e-01,-1.0110e-01,-9.7091e-02,-9.0802e-02,-8.2399e-02,-7.2092e-02,-6.0143e-02,-4.6850e-02,-3.2541e-02,-1.7562e-02,-2.2671e-03,1.2992e-02,2.7875e-02,4.2061e-02,5.5252e-02,6.7180e-02,7.7608e-02,8.6329e-02,9.3169e-02,9.7985e-02,1.0066e-01,1.0112e-01,9.9324e-02,9.5248e-02,8.8932e-02,8.0454e-02,6.9950e-02,5.7622e-02,4.3749e-02,2.8701e-02,1.2941e-02,-2.9702e-03,-1.8388e-02,-3.2614e-02,-4.4951e-02,-5.4778e-02,-6.1633e-02,-6.5293e-02,-6.5809e-02,-6.3487e-02,-5.8820e-02,-5.2373e-02,-4.4679e-02,-3.6162e-02,-2.7107e-02,-1.7673e-02,-7.9363e-03,2.0690e-03
-3.6873e-04,-1.6279e-02,-3.1352e-02,-4.5415e-02,-5.8291e-02,-6.9797e-02,-7.9755e-02,-8.7991e-02,-9.4341e-02,-9.8661e-02,-1.0083e-01,-1.0078e-01,-9.8449e-02,-9.3860e-02,-8.7072e-02,-7.8211e-02,-6.7461e-02,-5.5060e-02,-4.1303e-02,-2.6523e-02,-1.1084e-02,4.6285e-03,2.0227e-02,3.5331e-02,4.9581e-02,6.2644e-02,7.4226e-02,8.4075e-02,9.1984e-02,9.7793e-02,1.0139e-01,1.0270e-01,1.0172e-01,9.8455e-02,9.2993e-02,8.5447e-02,7.5977e-02,6.4788e-02,5.2118e-02,3.8245e-02,2.3470e-02,8.1205e-03,-7.4617e-03,-2.2925e-02,-3.7918e-02,-5.2092e-02,-6.5115e-02,-7.6676e-02,-8.6495e-02,-9.4329e-02,-9.9981e-02,-1.0330e-01,-1.0420e-01,-1.0265e-01,-9.8675e-02,-9.2369e-02,-8.3887e-02,-7.3438e-02,-6.1286e-02,-4.7738e-02,-3.3132e-02,-1.7832e-02,-2.2065e-03,1.3374e-02,2.8552e-02,4.2993e-02,5.6389e-02,6.8467e-02,7.8986e-02,8.7744e-02,9.4573e-02,9.9341e-02,1.0195e-01,1.0233e-01,1.0045e-01,9.6318e-02,8.9971e-02,8.1488e-02,7.1001e-02,5.8694e-02,4.4816e-02,2.9687e-02,1.3714e-02,-2.6118e-03,-1.8708e-02,-3.3919e-02,-4.7553e-02,-5.8929e-02,-6.7462e-02,-7.2739e-02,-7.4593e-02,-7.3131e-02,-6.8712e-02,-6.1865e-02,-5.3182e-02,-4.3216e-02,-3.2408e-02,-2.1063e-02,-9.3612e-03,2.5958e-03
-5.6672e-04,-1.6323e-02,-3.1220e-02,-4.5092e-02,-5.7772e-02,-6.9088e-02,-7.8870e-02,-8.6952e-02,-9.3177e-02,-9.7408e-02,-9.9531e-02,-9.9464e-02,-9.7164e-02,-9.2640e-02,-8.5954e-02,-7.7222e-02,-6.6626e-02,-5.4399e-02,-4.0830e-02,-2.6248e-02,-1.1014e-02,4.4909e-03,1.9881e-02,3.4780e-02,4.8830e-02,6.1704e-02,7.3115e-02,8.2814e-02,9.0599e-02,9.6317e-02,9.9856e-02,1.0115e-01,1.0019e-01,9.6991e-02,9.1626e-02,8.4210e-02,7.4898e-02,6.3891e-02,5.1422e-02,3.7765e-02,2.3215e-02,8.0964e-03,-7.2560e-03,-2.2496e-02,-3.7278e-02,-5.1262e-02,-6.4125e-02,-7.5562e-02,-8.5299e-02,-9.3099e-02,-9.8763e-02,-1.0214e-01,-1.0314e-01,-1.0172e-01,-9.7898e-02,-9.1751e-02,-8.3421e-02,-7.3111e-02,-6.1073e-02,-4.7611e-02,-3.3066e-02,-1.7801e-02,-2.1983e-03,1.3364e-02,2.8519e-02,4.2919e-02,5.6253e-02,6.8241e-02,7.8643e-02,8.7260e-02,9.3935e-02,9.8544e-02,1.0100e-01,1.0126e-01,9.9311e-02,9.5161e-02,8.8867e-02,8.0518e-02,7.0244e-02,5.8216e-02,4.4662e-02,2.9859e-02,1.4162e-02,-2.0087e-03,-1.8148e-02,-3.3675e-02,-4.7948e-02,-6.0300e-02,-7.0092e-02,-7.6791e-02,-8.0047e-02,-7.9758e-02,-7.6091e-02,-6.9451e-02,-6.0396e-02,-4.9533e-02,-3.7422e-02,-2.4508e-02,-1.1100e-02,2.6084e-03
-6.8994e-04,-1.5991e-02,-3.0419e-02,-4.3822e-02,-5.6043e-02,-6.6926e-02,-7.6314e-02,-8.4052e-02,-8.9997e-02,-9.4021e-02,-9.6018e-02,-9.5912e-02,-9.3665e-02,-8.9284e-02,-8.2828e-02,-7.4409e-02,-6.4198e-02,-5.2419e-02,-3.9350e-02,-2.5306e-02,-1.0637e-02,4.2892e-03,1.9102e-02,3.3437e-02,4.6950e-02,5.9327e-02,7.0292e-02,7.9608e-02,8.7085e-02,9.2576e-02,9.5977e-02,9.7229e-02,9.6312e-02,9.3250e-02,8.8110e-02,8.0995e-02,7.2057e-02,6.1483e-02,4.9500e-02,3.6366e-02,2.2371e-02,7.8252e-03,-6.9470e-03,-2.1613e-02,-3.5839e-02,-4.9303e-02,-6.1691e-02,-7.2718e-02,-8.2122e-02,-8.9678e-02,-9.5196e-02,-9.8534e-02,-9.9592e-02,-9.8328e-02,-9.4747e-02,-8.8917e-02,-8.0961e-02,-7.1062e-02,-5.9455e-02,-4.6428e-02,-3.2308e-02,-1.7454e-02,-2.2432e-03,1.2947e-02,2.7744e-02,4.1800e-02,5.4798e-02,6.6456e-02,7.6537e-02,8.4846e-02,9.1233e-02,9.5589e-02,9.7843e-02,9.7961e-02,9.5947e-02,9.1835e-02,8.5690e-02,7.7613e-02,6.7736e-02,5.6224e-02,4.3286e-02,2.9168e-02,1.4171e-02,-1.3468e-03,-1.6962e-02,-3.2183e-02,-4.6451e-02,-5.9158e-02,-6.9681e-02,-7.7438e-02,-8.1960e-02,-8.2965e-02,-8.0416e-02,-7.4531e-02,-6.5748e-02,-5.4642e-02,-4.1818e-02,-2.7825e-02,-1.3098e-02,2.0578e-03
-6.8526e-04,-1.5249e-02,-2.8936e-02,-4.1611e-02,-5.3133e-02,-6.3361e-02,-7.2154e-02,-7.9377e-02,-8.4902e-02,-8.8614e-02,-9.0421e-02,-9.0256e-02,-8.8088e-02,-8.3923e-02,-7.7819e-02,-6.9882e-02,-6.0271e-02,-4.9195e-02,-3.6914e-02,-2.3725e-02,-9.9541e-03,4.0525e-03,1.7946e-02,3.1384e-02,4.4045e-02,5.5636e-02,6.5896e-02,7.4611e-02,8.1602e-02,8.6735e-02,8.9917e-02,9.1091e-02,9.0241e-02,8.7385e-02,8.2583e-02,7.5931e-02,6.7565e-02,5.7658e-02,4.6423e-02,3.4102e-02,2.0967e-02,7.3115e-03,-6.5563e-03,-2.0323e-02,-3.3674e-02,-4.6306e-02,-5.7929e-02,-6.8277e-02,-7.7108e-02,-8.4214e-02,-8.9425e-02,-9.2605e-02,-9.3665e-02,-9.2559e-02,-8.9289e-02,-8.3907e-02,-7.6518e-02,-6.7281e-02,-5.6406e-02,-4.4154e-02,-3.0827e-02,-1.6763e-02,-2.3201e-03,1.2132e-02,2.6230e-02,3.9628e-02,5.2011e-02,6.3099e-02,7.2659e-02,8.0501e-02,8.6483e-02,9.0505e-02,9.2511e-02,9.2484e-02,9.0442e-02,8.6436e-02,8.0546e-02,7.2884e-02,6.3583e-02,5.2808e-02,4.0750e-02,2.7627e-02,1.3697e-02,-7.4315e-04,-1.5350e-02,-2.9723e-02,-4.3399e-02,-5.5861e-02,-6.6548e-02,-7.4895e-02,-8.0382e-02,-8.2607e-02,-8.1352e-02,-7.6633e-02,-6.8705e-02,-5.8024e-02,-4.5158e-02,-3.0696e-02,-1.5165e-02,1.0241e-03
-4.9484e-04,-1.4062e-02,-2.6762e-02,-3.8475e-02,-4.9081e-02,-5.8457e-02,-6.6484e-02,-7.3045e-02,-7.8032e-02,-8.1350e-02,-8.2920e-02,-8.2688e-02,-8.0630e-02,-7.6756e-02,-7.1121e-02,-6.3821e-02,-5.5004e-02,-4.4859e-02,-3.3623e-02,-2.1566e-02,-8.9874e-03,3.7979e-03,1.6470e-02,2.8719e-02,4.0249e-02,5.0794e-02,6.0121e-02,6.8035e-02,7.4380e-02,7.9036e-02,8.1920e-02,8.2984e-02,8.2211e-02,7.9618e-02,7.5255e-02,6.9204e-02,6.1586e-02,5.2556e-02,4.2305e-02,3.1053e-02,1.9053e-02,6.5724e-03,-6.1011e-03,-1.8679e-02,-3.0871e-02,-4.2398e-02,-5.2995e-02,-6.2421e-02,-7.0460e-02,-7.6928e-02,-8.1673e-02,-8.4578e-02,-8.5567e-02,-8.4598e-02,-8.1673e-02,-7.6834e-02,-7.0169e-02,-6.1811e-02,-5.1938e-02,-4.0776e-02,-2.8591e-02,-1.5685e-02,-2.3872e-03,1.0959e-02,2.4010e-02,3.6432e-02,4.7920e-02,5.8199e-02,6.7042e-02,7.4266e-02,7.9733e-02,8.3355e-02,8.5089e-02,8.4929e-02,8.2909e-02,7.9093e-02,7.3575e-02,6.6474e-02,5.7928e-02,4.8098e-02,3.7158e-02,2.5304e-02,1.2752e-02,-2.5852e-04,-1.3457e-02,-2.6529e-02,-3.9113e-02,-5.0795e-02,-6.1105e-02,-6.9538e-02,-7.5587e-02,-7.8794e-02,-7.8814e-02,-7.5481e-02,-6.8849e-02,-5.9192e-02,-4.6961e-02,-3.2705e-02,-1.6980e-02,-2.7819e-04
-5.6252e-05,-1.2395e-02,-2.3888e-02,-3.4436e-02,-4.3940e-02,-5.2301e-02,-5.9420e-02,-6.5204e-02,-6.9567e-02,-7.2433e-02,-7.3741e-02,-7.3452e-02,-7.1548e-02,-6.8042e-02,-6.2987e-02,-5.6469e-02,-4.8615e-02,-3.9599e-02,-2.9625e-02,-1.8935e-02,-7.7931e-03,3.5217e-03,1.4725e-02,2.5541e-02,3.5709e-02,4.4995e-02,5.3197e-02,6.0145e-02,6.5705e-02,6.9779e-02,7.2296e-02,7.3216e-02,7.2527e-02,7.0239e-02,6.6394e-02,6.1060e-02,5.4337e-02,4.6360e-02,3.7293e-02,2.7331e-02,1.6697e-02,5.6348e-03,-5.5995e-03,-1.6743e-02,-2.7535e-02,-3.7725e-02,-4.7075e-02,-5.5373e-02,-6.2432e-02,-6.8092e-02,-7.2228e-02,-7.4744e-02,-7.5580e-02,-7.4707e-02,-7.2132e-02,-6.7892e-02,-6.2063e-02,-5.4752e-02,-4.6106e-02,-3.6308e-02,-2.5581e-02,-1.4178e-02,-2.3823e-03,9.5002e-03,2.1160e-02,3.2289e-02,4.2600e-02,5.1832e-02,5.9765e-02,6.6222e-02,7.1077e-02,7.4245e-02,7.5694e-02,7.5429e-02,7.3494e-02,6.9964e-02,6.4943e-02,5.8555e-02,5.0940e-02,4.2250e-02,3.2646e-02,2.2298e-02,1.1383e-02,8.8215e-05,-1.1382e-02,-2.2795e-02,-3.3887e-02,-4.4343e-02,-5.3798e-02,-6.1837e-02,-6.8007e-02,-7.1851e-02,-7.2961e-02,-7.1037e-02,-6.5948e-02,-5.7767e-02,-4.6768e-02,-3.3384e-02,-1.8128e-02,-1.5143e-03
6.9328e-04,-1.0212e-02,-2.0311e-02,-2.9526e-02,-3.7778e-02,-4.4993e-02,-5.1098e-02,-5.6025e-02,-5.9711e-02,-6.2100e-02,-6.3150e-02,-6.2833e-02,-6.1141e-02,-5.8089e-02,-5.3721e-02,-4.8113e-02,-4.1374e-02,-3.3649e-02,-2.5114e-02,-1.5975e-02,-6.4580e-03,3.1960e-03,1.2742e-02,2.1944e-02,3.0578e-02,3.8446e-02,4.5377e-02,5.1232e-02,5.5903e-02,5.9311e-02,6.1404e-02,6.2150e-02,6.1543e-02,5.9589e-02,5.6320e-02,5.1790e-02,4.6077e-02,3.9290e-02,3.1564e-02,2.3066e-02,1.3985e-02,4.5336e-03,-5.0647e-03,-1.4579e-02,-2.3780e-02,-3.2448e-02,-4.0378e-02,-4.7385e-02,-5.3311e-02,-5.8027e-02,-6.1431e-02,-6.3453e-02,-6.4055e-02,-6.3224e-02,-6.0976e-02,-5.7354e-02,-5.2423e-02,-4.6271e-02,-3.9018e-02,-3.0803e-02,-2.1795e-02,-1.2195e-02,-2.2283e-03,7.8560e-03,1.7796e-02,2.7324e-02,3.6180e-02,4.4128e-02,5.0959e-02,5.6509e-02,6.0655e-02,6.3322e-02,6.4482e-02,6.4148e-02,6.2371e-02,5.9232e-02,5.4840e-02,4.9318e-02,4.2803e-02,3.5438e-02,2.7364e-02,1.8725e-02,9.6588e-03,3.0413e-04,-9.1944e-03,-1.8680e-02,-2.7974e-02,-3.6860e-02,-4.5074e-02,-5.2299e-02,-5.8163e-02,-6.2254e-02,-6.4154e-02,-6.3491e-02,-5.9991e-02,-5.3545e-02,-4.4224e-02,-3.2292e-02,-1.8144e-02,-2.2542e-03
1.8176e-03,-7.4861e-03,-1.6037e-02,-2.3783e-02,-3.0671e-02,-3.6651e-02,-4.1677e-02,-4.5706e-02,-4.8698e-02,-5.0618e-02,-5.1442e-02,-5.1152e-02,-4.9746e-02,-4.7238e-02,-4.3664e-02,-3.9083e-02,-3.3584e-02,-2.7280e-02,-2.0316e-02,-1.2859e-02,-5.0975e-03,2.7691e-03,1.0538e-02,1.8010e-02,2.5001e-02,3.1351e-02,3.6921e-02,4.1602e-02,4.5315e-02,4.8004e-02,4.9632e-02,5.0183e-02,4.9652e-02,4.8047e-02,4.5391e-02,4.1721e-02,3.7094e-02,3.1592e-02,2.5319e-02,1.8408e-02,1.1015e-02,3.3128e-03,-4.5081e-03,-1.2253e-02,-1.9726e-02,-2.6741e-02,-3.3124e-02,-3.8722e-02,-4.3407e-02,-4.7074e-02,-4.9653e-02,-5.1097e-02,-5.1390e-02,-5.0540e-02,-4.8579e-02,-4.5557e-02,-4.1539e-02,-3.6603e-02,-3.0841e-02,-2.4356e-02,-1.7266e-02,-9.7095e-03,-1.8435e-03,6.1492e-03,1.4071e-02,2.1707e-02,2.8844e-02,3.5276e-02,4.0817e-02,4.5317e-02,4.8662e-02,5.0782e-02,5.1653e-02,5.1290e-02,4.9746e-02,4.7105e-02,4.3472e-02,3.8965e-02,3.3712e-02,2.7838e-02,2.1465e-02,1.4703e-02,7.6531e-03,4.0911e-04,-6.9431e-03,-1.4313e-02,-2.1597e-02,-2.8665e-02,-3.5347e-02,-4.1423e-02,-4.6608e-02,-5.0560e-02,-5.2895e-02,-5.3221e-02,-5.1185e-02,-4.6525e-02,-3.9135e-02,-2.9080e-02,-1.6592e-02,-2.0325e-03
3.3749e-03,-4.1908e-03,-1.1078e-02,-1.7261e-02,-2.2711e-02,-2.7408e-02,-3.1329e-02,-3.4458e-02,-3.6777e-02,-3.8273e-02,-3.8932e-02,-3.8746e-02,-3.7717e-02,-3.5852e-02,-3.3174e-02,-2.9724e-02,-2.5563e-02,-2.0778e-02,-1.5473e-02,-9.7794e-03,-3.8458e-03,2.1704e-03,8.1052e-03,1.3801e-02,1.9109e-02,2.3903e-02,2.8079e-02,3.1558e-02,3.4288e-02,3.6234e-02,3.7382e-02,3.7725e-02,3.7267e-02,3.6016e-02,3.3987e-02,3.1204e-02,2.7702e-02,2.3535e-02,1.8777e-02,1.3524e-02,7.8938e-03,2.0234e-03,-3.9363e-03,-9.8274e-03,-1.5492e-02,-2.0776e-02,-2.5539e-02,-2.9659e-02,-3.3035e-02,-3.5593e-02,-3.7283e-02,-3.8087e-02,-3.8013e-02,-3.7087e-02,-3.5360e-02,-3.2895e-02,-2.9764e-02,-2.6042e-02,-2.1804e-02,-1.7120e-02,-1.2064e-02,-6.7118e-03,-1.1497e-03,4.5171e-03,1.0167e-02,1.5656e-02,2.0827e-02,2.5522e-02,2.9590e-02,3.2896e-02,3.5344e-02,3.6868e-02,3.7445e-02,3.7090e-02,3.5854e-02,3.3812e-02,3.1060e-02,2.7708e-02,2.3861e-02,1.9627e-02,1.5095e-02,1.0345e-02,5.4384e-03,4.2127e-04,-4.6714e-03,-9.8074e-03,-1.4949e-02,-2.0040e-02,-2.4993e-02,-2.9669e-02,-3.3875e-02,-3.7348e-02,-3.9760e-02,-4.0741e-02,-3.9907e-02,-3.6912e-02,-3.1499e-02,-2.3553e-02,-1.3121e-02,-4.0367e-04
5.4168e-03,-3.1082e-04,-5.4581e-03,-1.0022e-02,-1.4004e-02,-1.7409e-02,-2.0242e-02,-2.2510e-02,-2.4216e-02,-2.5362e-02,-2.5946e-02,-2.5964e-02,-2.5414e-02,-2.4294e-02,-2.2609e-02,-2.0379e-02,-1.7634e-02,-1.4427e-02,-1.0829e-02,-6.9293e-03,-2.8382e-03,1.3251e-03,5.4347e-03,9.3683e-03,1.3015e-02,1.6278e-02,1.9085e-02,2.1385e-02,2.3151e-02,2.4370e-02,2.5044e-02,2.5184e-02,2.4799e-02,2.3901e-02,2.2497e-02,2.0599e-02,1.8224e-02,1.5398e-02,1.2165e-02,8.5859e-03,4.7397e-03,7.2445e-04,-3.3496e-03,-7.3629e-03,-1.1193e-02,-1.4723e-02,-1.7843e-02,-2.0463e-02,-2.2507e-02,-2.3930e-02,-2.4706e-02,-2.4837e-02,-2.4354e-02,-2.3304e-02,-2.1757e-02,-1.9791e-02,-1.7490e-02,-1.4933e-02,-1.2185e-02,-9.2981e-03,-6.3061e-03,-3.2308e-03,-8.9198e-05,3.0951e-03,6.2836e-03,9.4157e-03,1.2410e-02,1.5168e-02,1.7583e-02,1.9556e-02,2.1004e-02,2.1874e-02,2.2144e-02,2.1823e-02,2.0954e-02,1.9600e-02,1.7839e-02,1.5760e-02,1.3445e-02,1.0970e-02,8.3919e-03,5.7524e-03,3.0706e-03,3.5003e-04,-2.4233e-03,-5.2678e-03,-8.2034e-03,-1.1234e-02,-1.4338e-02,-1.7452e-02,-2.0459e-02,-2.3172e-02,-2.5335e-02,-2.6622e-02,-2.6662e-02,-2.5074e-02,-2.1508e-02,-1.5704e-02,-7.5326e-03,2.9820e-03
7.9875e-03,4.1580e-03,7.8954e-04,-2.1413e-03,-4.6656e-03,-6.8136e-03,-8.6156e-03,-1.0099e-02,-1.1285e-02,-1.2188e-02,-1.2810e-02,-1.3147e-02,-1.3188e-02,-1.2914e-02,-1.2312e-02,-1.1371e-02,-1.0091e-02,-8.4906e-03,-6.6029e-03,-4.4816e-03,-2.1988e-03,1.6296e-04,2.5119e-03,4.7590e-03,6.8224e-03,8.6361e-03,1.0153e-02,1.1346e-02,1.2210e-02,1.2752e-02,1.2992e-02,1.2951e-02,1.2648e-02,1.2096e-02,1.1300e-02,1.0263e-02,8.9822e-03,7.4624e-03,5.7177e-03,3.7740e-03,1.6752e-03,-5.2072e-04,-2.7418e-03,-4.9087e-03,-6.9346e-03,-8.7380e-03,-1.0242e-02,-1.1385e-02,-1.2119e-02,-1.2421e-02,-1.2288e-02,-1.1742e-02,-1.0833e-02,-9.6267e-03,-8.2100e-03,-6.6781e-03,-5.1282e-03,-3.6464e-03,-2.3024e-03,-1.1356e-03,-1.5333e-04,6.6543e-04,1.3645e-03,1.9989e-03,2.6173e-03,3.2508e-03,3.9037e-03,4.5532e-03,5.1548e-03,5.6537e-03,5.9965e-03,6.1442e-03,6.0753e-03,5.7967e-03,5.3349e-03,4.7348e-03,4.0504e-03,3.3392e-03,2.6503e-03,2.0224e-03,1.4750e-03,1.0053e-03,5.9175e-04,1.9321e-04,-2.4857e-04,-7.9678e-04,-1.5181e-03,-2.4644e-03,-3.6718e-03,-5.1322e-03,-6.7935e-03,-8.5382e-03,-1.0177e-02,-1.1445e-02,-1.2011e-02,-1.1496e-02,-9.5117e-03,-5.7030e-03,1.9808e-04,8.3355e-03
