1.8192e-01,-2.9995e-01,4.0069e-02,-2.7567e-01,-1.7783e-01,1.3763e-01,-3.4029e-02,-3.1269e-02,-2.2633e-02,-1.4933e-02,-8.1511e-03,-1.7148e-03,6.6572e-03,4.4720e-02,2.5387e-02,-2.5606e-02,-1.1525e-01,6.6336e-02,-1.6742e-02,-1.7340e-01,2.0297e-03,2.4544e-02,3.1875e-02,3.2215e-02,1.3757e-02,-1.3269e-01,-2.3311e-01,-6.8643e-02,-9.1213e-02,2.1606e-01,-1.9915e-01,1.1300e-01,-4.0120e-01,1.7790e-02,-2.1905e-01,-5.0868e-02,-2.8075e-03,6.8297e-02,4.1711e-02,2.5598e-02,-2.5711e-01,-2.1810e-01,-1.6263e-01,-7.1237e-02,-4.4074e-01,-1.5835e-01,3.9501e-01,-5.6060e-02,-1.1092e-01,3.4888e-01,4.0202e-01,1.2529e-01,2.2933e-01,3.6407e-01,9.7241e-02,1.5529e-01,4.1024e-01,1.2139e-01,3.0253e-01,9.7351e-02,1.3738e-01,-1.2285e-02,-6.5411e-01,1.5491e-01,-1.5504e-01,-1.9174e-01,-1.1827e-02,-5.7546e-02,5.6521e-02,1.3212e-02,1.9294e-01,-2.9575e-02,-2.4006e-01,-1.5097e-01,-3.9138e-02,-5.5208e-02,4.7413e-02,-1.6928e-01,-1.7220e-01,1.7453e-02,-2.6305e-01,-3.3821e-02,-2.2927e-01,-2.9701e-01,-3.0714e-01,4.9479e-01,-8.1537e-02,-1.2685e-01,-7.2823e-02,2.2936e-01,2.4057e-01,3.1581e-02,2.9851e-02,-2.7340e-01,-4.1802e-02,-1.5599e-01,-1.7130e-01,1.0929e-01,3.8326e-01,3.1923e-01
-8.6254e-02,-1.8701e-02,-1.8330e-01,1.3015e-01,-1.0727e-01,1.7028e-01,-3.6305e-02,-4.2978e-02,-3.4441e-02,-2.5178e-02,-1.6505e-02,-8.6771e-03,-1.6460e-03,5.3509e-03,1.9833e-02,1.2837e-01,-1.1255e-01,2.6454e-02,1.1519e-01,4.0727e-02,-1.6041e-01,-5.4433e-02,1.0049e-02,1.8069e-02,-8.5576e-03,9.1686e-02,-1.0365e-01,-6.0523e-02,7.0391e-02,-1.1347e-02,-4.2551e-03,-6.7072e-02,1.8942e-01,1.5598e-01,-1.5060e-02,2.0317e-02,2.7999e-02,3.6672e-02,-7.9824e-02,9.1157e-02,1.6211e-02,-1.0481e-01,-7.8052e-02,-8.5119e-02,4.6413e-02,-9.5503e-02,-4.3156e-01,2.9422e-02,5.5473e-02,2.0117e-01,-6.2503e-02,-5.9844e-02,5.9242e-02,9.7262e-02,-2.3889e-01,-2.3351e-01,-1.1861e-01,9.4968e-02,1.1153e-01,-9.8861e-02,-1.1960e-01,3.7364e-01,1.3755e-01,-2.6499e-01,-1.3048e-01,5.1464e-02,1.8072e-01,-4.1378e-02,-6.1634e-02,-5.7022e-02,1.6819e-01,8.0241e-02,2.0382e-01,-1.1549e-01,-3.9699e-02,1.2747e-01,7.3697e-02,1.5338e-01,-5.6957e-02,-6.2915e-02,7.7537e-02,1.8716e-01,2.7619e-01,2.6786e-01,2.0590e-01,-8.9614e-02,1.0761e-02,-1.0905e-01,3.9699e-02,-9.5449e-02,-6.6062e-02,2.3106e-02,1.5339e-01,1.4134e-01,3.2537e-01,-2.6293e-02,-2.2682e-01,4.7639e-02,-8.6739e-02,-9.3816e-02
5.1880e-02,1.5102e-01,-1.4792e-01,2.1229e-01,-1.2914e-01,-2.5018e-01,-1.3587e-02,-4.0890e-02,-3.4223e-02,-3.0318e-02,-3.0823e-02,-2.7975e-02,-1.5347e-02,-2.5627e-03,6.6379e-03,1.6213e-02,1.9341e-01,-1.5251e-01,6.2320e-02,1.8268e-01,8.4120e-02,4.4090e-02,-3.6210e-02,-7.2234e-02,6.7567e-02,3.0418e-02,6.6156e-02,1.3679e-01,2.1009e-01,-1.8560e-02,2.2883e-02,2.9084e-01,1.7204e-01,-2.2099e-02,3.9015e-02,4.2848e-02,3.0117e-02,-1.2852e-01,-4.9932e-03,4.3745e-02,-4.5037e-02,-2.3023e-02,3.3649e-01,3.8423e-01,3.0474e-01,2.3071e-01,1.1875e-01,2.8433e-01,-9.0261e-02,-1.0011e-01,-2.6910e-01,-1.7048e-01,-1.5040e-01,-3.9666e-01,1.6379e-01,2.2923e-01,-1.9500e-01,-1.4502e-01,-1.7314e-01,7.4655e-02,-6.5251e-02,-1.0490e-01,1.6259e-01,1.3433e-01,2.8637e-01,6.2344e-02,-8.5338e-02,9.9939e-02,2.8740e-01,8.0105e-02,-2.7802e-01,-4.3593e-02,1.4810e-01,-3.6006e-02,2.4645e-01,3.9790e-02,9.9171e-02,1.2576e-01,7.1832e-02,-1.9836e-02,-6.1265e-02,-1.8082e-01,-1.1915e-01,3.3327e-02,-1.1859e-01,-4.1626e-01,4.9632e-02,2.1022e-01,-6.2897e-02,-9.3678e-02,-4.3604e-03,6.2709e-02,6.2914e-02,5.4974e-02,-1.1154e-01,4.0413e-02,4.6242e-01,-5.4910e-02,-1.8766e-02,-2.8622e-02
4.9099e-02,1.2521e-01,4.3266e-01,-8.2434e-02,1.5778e-01,4.5317e-02,-1.1855e-01,7.2786e-02,5.8842e-02,-1.3080e-02,-4.9176e-02,-3.0260e-01,-1.0882e-01,-9.1587e-02,-1.7716e-01,-1.8002e-01,-3.5143e-04,1.2303e-01,-9.1608e-02,-2.0611e-02,1.9795e-01,2.1674e-01,1.3182e-01,1.1493e-01,7.2333e-02,6.5425e-02,2.6536e-01,2.8448e-02,-1.6457e-01,1.5980e-01,8.8290e-02,-1.7433e-01,1.3727e-02,3.2566e-02,2.1245e-02,-8.1910e-02,-3.4940e-02,1.6938e-02,4.9299e-04,-2.2948e-01,1.8394e-02,6.7529e-02,-1.2410e-01,-4.2543e-01,-1.4903e-01,1.1011e-01,-9.1659e-02,-1.2177e-01,-3.4657e-02,-1.8580e-01,-1.5161e-01,-4.4706e-02,-1.6386e-01,-1.8636e-01,-3.1219e-02,-1.0212e-01,-2.3296e-01,-2.0234e-01,-5.7006e-02,1.7605e-02,1.5833e-01,-2.4405e-01,-9.5754e-02,2.6403e-02,-3.4678e-02,2.3441e-01,1.0906e-01,-1.6272e-01,-6.6514e-02,-1.1148e-01,-1.7160e-02,8.3465e-02,2.0429e-01,1.4884e-01,-8.4186e-02,1.6313e-02,-1.5780e-01,-9.1167e-02,1.4937e-01,-4.6258e-02,-1.2612e-01,-1.0726e-01,-1.7623e-01,-8.4106e-02,3.3133e-03,1.1644e-01,-6.5230e-02,-6.9926e-02,3.4660e-02,2.4437e-02,-8.7444e-02,-1.7180e-01,-3.0496e-01,-2.4186e-01,-1.2508e-01,1.4849e-02,3.0093e-03,1.4489e-01,1.4137e-02,-1.6611e-01
2.5063e-01,4.7639e-02,-2.6908e-01,-4.5572e-01,-2.0617e-01,-1.9207e-01,-7.8294e-02,-1.6488e-01,-4.7276e-02,1.5414e-01,3.5471e-02,-1.6044e-02,-1.1446e-01,-3.1400e-02,-1.7247e-02,-1.1325e-02,-1.0529e-02,-2.3347e-02,-6.4746e-02,-1.4210e-01,-1.8119e-01,-3.1671e-03,7.1371e-02,3.0237e-01,-3.3174e-02,1.2175e-01,-7.8210e-02,2.8195e-01,5.6308e-02,-1.4836e-01,-6.5672e-02,-4.6578e-02,-7.2533e-02,-1.3703e-01,3.1554e-02,5.3290e-02,1.1693e-02,-1.0756e-01,3.5297e-02,1.7323e-02,-7.6974e-03,5.0022e-03,-2.4032e-01,-1.2218e-01,1.5393e-01,-2.2294e-01,2.8782e-02,-2.4251e-01,-1.4380e-01,-3.1835e-01,2.2288e-01,3.0257e-01,2.0614e-01,4.3673e-02,-9.7406e-02,-9.7758e-02,5.1764e-02,1.9473e-01,-6.7672e-02,-2.9281e-02,-1.0503e-01,-1.1104e-01,4.9963e-02,-9.7432e-02,-1.0202e-01,-1.8647e-02,7.5597e-02,3.7907e-01,-5.5643e-02,2.4319e-01,-9.6602e-03,-1.1690e-01,-4.3805e-01,2.5237e-01,-5.4681e-02,-6.0681e-02,-4.6801e-02,7.4383e-03,-8.8334e-02,1.0361e-01,-3.8821e-02,-1.1879e-01,-1.1429e-01,-6.5744e-02,1.5129e-02,1.2346e-01,-2.4581e-01,-1.4491e-01,-1.3508e-01,-9.2378e-04,-1.3246e-01,-1.4955e-01,-1.5486e-01,-5.8770e-02,-2.7139e-01,7.6768e-02,-1.7217e-01,-7.9928e-02,4.5064e-02,-2.2705e-03
-4.4325e-01,-3.8484e-02,2.4067e-02,2.1873e-01,9.1350e-02,1.7081e-01,-4.3218e-02,-3.5046e-01,-1.5457e-01,-2.6460e-01,-7.7706e-02,8.8026e-02,2.9094e-01,-8.2692e-02,-2.0785e-02,-6.7670e-03,2.2081e-03,1.0968e-02,2.5075e-02,1.7069e-01,6.6653e-03,-6.0651e-02,-8.3579e-02,-3.1482e-02,-9.2503e-02,-1.5955e-01,1.0460e-01,2.7846e-02,6.6828e-02,4.9154e-02,-5.7114e-02,5.9424e-02,-1.2171e-01,-1.2915e-01,5.9132e-02,2.8613e-02,3.1898e-02,2.7491e-02,-8.8901e-02,2.5521e-03,-2.8856e-02,-9.2523e-02,-3.7268e-01,5.3997e-02,-2.2692e-01,-4.2303e-01,-6.1171e-02,-2.1673e-01,1.6615e-01,-7.2219e-02,-2.4906e-02,-2.7593e-01,-7.8252e-02,3.3224e-01,1.7465e-01,-5.3699e-02,2.4018e-01,2.1090e-01,2.7033e-01,2.7774e-01,1.6630e-01,3.6732e-01,3.3718e-01,2.4992e-01,6.7243e-02,4.8107e-02,-5.5399e-02,-4.2632e-02,1.9618e-01,-9.9241e-03,2.3176e-01,2.8468e-01,-1.4416e-01,-6.0184e-02,2.1002e-02,8.3333e-02,-1.0608e-02,1.9626e-02,7.5385e-03,4.5178e-02,3.6475e-02,5.4494e-02,6.6669e-02,-1.4374e-01,-6.1966e-02,1.5670e-02,6.8999e-02,-1.4024e-01,-2.4214e-01,-1.0886e-01,8.2657e-02,1.5533e-02,-1.3491e-01,-1.6314e-01,-5.6280e-02,-1.0905e-01,-8.3163e-04,-5.5033e-01,6.7305e-02,3.5734e-03
4.9514e-02,8.8685e-02,7.6708e-03,1.0789e-01,1.3378e-01,-1.3776e-02,-7.6313e-02,-4.7934e-02,-5.5171e-02,-1.2649e-01,-2.8021e-01,-1.8431e-02,2.0494e-02,-4.1312e-02,-5.1549e-02,2.2362e-01,9.4504e-03,1.4200e-02,2.7534e-02,6.9431e-02,1.6539e-01,1.1232e-01,4.7902e-02,-3.3095e-01,-1.8711e-01,1.8311e-01,7.2625e-02,7.4033e-02,6.5161e-02,-7.8044e-02,6.5337e-02,9.0490e-02,1.4769e-01,8.5646e-02,-6.2918e-02,-2.5628e-01,6.0399e-02,1.8719e-01,5.1603e-02,-6.1741e-02,1.6034e-02,-2.3540e-02,-1.5866e-03,7.2236e-02,-7.0238e-02,4.5325e-02,4.3778e-02,2.0610e-01,-2.3070e-02,7.1834e-02,-1.3023e-03,-1.5645e-01,-2.4597e-01,-3.5886e-01,-2.9608e-01,1.8755e-02,2.9376e-02,-2.5728e-01,-3.0345e-01,-5.5633e-02,1.8297e-03,3.7575e-02,2.8295e-01,8.6651e-02,1.8866e-01,-8.4795e-02,4.6015e-02,2.7719e-01,9.8572e-02,-1.8549e-01,2.2755e-01,-2.0726e-01,1.1532e-01,7.6567e-02,4.0466e-02,-3.7604e-03,1.1307e-01,-1.7394e-01,-2.3735e-02,1.1445e-01,1.0338e-01,1.1056e-01,1.4813e-01,-3.9954e-02,-2.1637e-01,-8.3347e-02,2.1532e-02,-2.4446e-01,-8.3591e-02,-1.4929e-01,-1.1828e-01,8.1239e-02,-1.1606e-01,-2.2250e-01,4.0054e-02,-3.1034e-01,-1.9895e-01,1.8990e-01,-1.1475e-01,3.8499e-03
7.2870e-02,-2.6248e-01,-7.8088e-02,-2.0623e-01,-3.4313e-01,-2.1814e-01,-1.5139e-01,1.8272e-01,-2.7909e-02,-4.3317e-02,-3.8961e-02,-5.4468e-02,-3.3674e-01,8.6941e-03,8.2878e-02,-7.7147e-02,4.2750e-02,3.0164e-02,2.2389e-01,2.0845e-01,1.0172e-01,-1.0426e-01,-5.2398e-02,2.4606e-01,3.3139e-01,2.1369e-02,4.4267e-02,7.4814e-02,3.0687e-02,3.5481e-02,9.9007e-02,1.4509e-01,1.7540e-01,1.4355e-01,1.0054e-01,2.5017e-01,-1.0944e-01,2.9249e-03,-1.4544e-02,-3.1710e-02,-4.5578e-02,-1.7382e-01,1.7378e-01,1.5585e-02,-9.1403e-02,-3.7592e-01,-1.8049e-01,-1.6359e-01,-8.0086e-02,1.1450e-01,-5.2368e-02,5.7943e-02,-6.4888e-03,-1.7405e-01,1.9707e-01,1.2196e-01,6.0780e-02,1.5418e-01,-3.5744e-03,-2.4485e-01,4.2982e-02,8.1074e-02,-8.2151e-02,2.2102e-01,2.6039e-01,1.5553e-01,-1.1459e-01,-1.0402e-01,-2.7927e-03,2.6585e-01,1.2343e-01,-1.7883e-02,-2.9574e-03,5.3919e-02,2.5278e-01,6.3621e-03,-3.0691e-03,1.1187e-01,-1.5140e-01,-2.4389e-01,6.8655e-02,-8.3267e-02,6.4743e-02,-1.4960e-01,-2.6295e-02,-1.4182e-01,-8.4487e-02,5.7222e-03,2.1988e-03,-1.3218e-01,-1.1186e-01,-1.7254e-01,1.7398e-01,1.0056e-01,-4.0560e-02,-2.9348e-02,-2.8059e-02,5.7680e-02,-9.9846e-02,-1.6490e-02
-3.5113e-02,-2.8028e-01,7.3820e-02,-4.4313e-02,-5.8519e-02,-9.6861e-02,-7.4607e-02,-6.5272e-02,-4.9994e-02,-1.7738e-02,1.8122e-01,-1.2967e-02,-3.3355e-02,7.8937e-02,-1.1051e-01,-1.5152e-01,6.4842e-02,9.8455e-02,-9.7913e-02,-1.9551e-01,2.7837e-01,3.1404e-01,3.1639e-01,1.0807e-01,1.7581e-01,2.8652e-01,1.3104e-01,1.4514e-01,1.9555e-01,4.4889e-01,2.5442e-01,1.8609e-01,1.9153e-01,2.0095e-01,-1.2318e-03,5.5333e-02,-2.2139e-01,-2.7850e-02,-1.3011e-01,-8.0248e-02,-7.0790e-02,4.4728e-01,-7.8952e-02,-1.4497e-01,2.1560e-03,2.0065e-01,-2.1165e-01,4.8703e-02,-1.9301e-01,-1.6190e-01,2.1970e-02,9.3522e-02,-8.6562e-02,6.0298e-02,-1.3353e-01,1.8098e-01,-1.9428e-01,-1.1907e-01,2.5510e-01,1.9669e-01,-1.6308e-02,7.4883e-02,-1.6720e-01,-4.6368e-02,5.5742e-02,2.0466e-01,1.8168e-01,-6.1304e-02,-6.4011e-02,1.4177e-01,-2.4397e-02,3.7758e-01,1.8257e-01,-8.7935e-02,-1.1312e-02,3.4891e-01,3.8940e-01,4.5264e-02,1.2809e-01,-1.8277e-01,9.0442e-03,9.0617e-03,4.2690e-02,7.9867e-03,2.3169e-01,1.2496e-01,-2.7709e-02,2.5830e-02,3.3894e-02,1.0347e-01,-4.0653e-02,-1.7867e-01,-2.9633e-02,-2.0571e-02,-9.8010e-03,1.5418e-01,8.6948e-02,2.1017e-01,3.9977e-02,7.7917e-02
7.2264e-02,-9.2298e-02,1.1722e-01,-2.6367e-02,-3.3598e-02,-9.5150e-02,-7.3377e-02,-7.9162e-02,-7.6886e-02,-6.8038e-02,-5.5006e-02,-4.3133e-02,-3.2127e-02,2.4910e-02,3.2226e-01,2.4137e-02,1.2847e-01,-5.3929e-02,6.7056e-02,-5.7386e-02,-2.4161e-02,1.5075e-01,1.3482e-01,7.5186e-02,6.9995e-02,6.7112e-02,6.1026e-02,-3.8545e-02,5.7281e-02,-1.3282e-02,3.2115e-02,5.3071e-02,1.2438e-01,2.5813e-01,2.7935e-01,3.7280e-02,-4.6183e-02,-5.2724e-02,-5.9144e-02,-1.0603e-01,-1.9713e-01,-3.0993e-01,1.3395e-01,-1.6548e-01,-1.2057e-01,2.3037e-01,-1.8195e-01,-2.2223e-01,-3.0052e-01,-3.3403e-01,-3.7949e-01,3.0670e-02,-4.1527e-02,4.8173e-02,-2.0724e-01,-4.4671e-01,1.2806e-02,-6.1602e-02,-5.5937e-02,7.8738e-02,2.6990e-01,-9.8693e-02,2.0010e-01,8.3130e-02,3.1389e-02,4.3815e-01,5.8844e-01,1.4775e-01,1.7890e-01,2.0252e-01,-3.2277e-01,4.2794e-01,5.8350e-01,-6.8979e-02,-1.3039e-02,-3.0825e-02,-4.7669e-03,3.2098e-01,2.1676e-02,-7.6164e-02,-2.9353e-01,-2.0794e-01,-2.5604e-01,-3.1261e-02,1.2509e-01,-2.0824e-01,-3.4100e-01,-3.1180e-01,-1.0309e-01,-1.4987e-01,-3.9203e-02,-9.8037e-02,-9.4732e-02,7.2928e-02,-9.1581e-02,1.0285e-01,-3.1096e-02,-1.0800e-01,-2.3361e-02,1.5128e-01
5.7667e-02,2.3293e-02,-7.7469e-02,1.2287e-01,1.1174e-02,-8.4450e-03,2.5926e-02,-7.9102e-02,-9.3047e-02,-9.4908e-02,-8.1283e-02,-6.3004e-02,-6.2265e-02,-1.6044e-01,-1.9108e-01,-2.4897e-01,-2.0141e-01,-1.3749e-01,1.6334e-01,1.5815e-01,6.3491e-02,-3.7984e-03,-1.0873e-01,1.5125e-02,3.1115e-02,1.5989e-02,-6.1592e-02,9.3246e-03,7.7648e-03,-1.1608e-01,8.6372e-02,-4.7726e-02,-2.6153e-02,-1.1587e-01,1.4487e-01,1.6492e-01,1.6974e-01,-1.2298e-01,1.0626e-01,1.0523e-01,-3.6219e-02,-2.4139e-01,-1.2108e-01,9.1392e-04,-1.6795e-01,-1.5570e-01,-5.2454e-03,-1.3371e-01,-1.0042e-01,-4.5609e-01,-3.3998e-02,-2.0724e-01,1.8037e-01,-9.8116e-02,-2.0201e-01,-1.9924e-01,-1.6533e-01,-1.5101e-01,-1.5028e-01,-8.5047e-02,-1.2128e-01,8.4792e-02,-2.9473e-01,7.6000e-02,-1.2198e-01,-1.7094e-01,-1.1823e-01,2.7200e-02,3.8498e-01,3.6536e-01,2.5937e-01,-1.7707e-01,1.6853e-01,3.3658e-01,7.2495e-02,-1.7315e-02,-3.7168e-02,-3.7059e-02,1.3719e-01,-2.1297e-02,-1.2738e-01,-2.7202e-01,-8.7294e-02,-8.7776e-03,-2.9780e-01,5.7960e-02,2.1780e-01,1.2935e-01,-1.3598e-01,-1.5940e-01,-4.7166e-03,-5.4208e-02,-3.0524e-01,-1.0561e-01,-9.1724e-02,5.2293e-02,-6.6980e-02,-1.9258e-01,-5.9553e-02,-2.9069e-02
9.6840e-04,4.1889e-02,1.6921e-01,6.8186e-02,7.3978e-02,3.5814e-02,-1.0251e-01,-4.6442e-02,-9.6841e-02,-1.2482e-01,-1.2073e-01,-8.6394e-02,-6.1560e-02,-1.1235e-01,-1.3813e-01,1.6100e-01,7.9852e-02,1.0020e-01,1.0359e-01,1.3414e-01,1.3514e-01,-1.7937e-01,4.2950e-03,2.3754e-01,1.3804e-01,2.3497e-01,1.9863e-01,2.2352e-01,1.0933e-01,1.9323e-02,-2.7447e-01,-2.5911e-01,-1.7141e-01,3.3664e-02,9.8666e-02,-5.1140e-02,1.6341e-01,2.2079e-01,-1.3664e-02,-7.9709e-02,-9.2824e-03,4.8749e-02,-2.5621e-01,-2.6772e-01,-1.0406e-02,-1.4376e-01,-7.1307e-02,-2.5164e-01,1.8874e-01,-1.1174e-01,-1.1761e-01,-4.9009e-02,-3.1261e-01,-3.5540e-01,9.2819e-02,2.7455e-01,1.4406e-01,2.7104e-01,1.0375e-01,1.7224e-03,-8.3296e-02,-8.1584e-02,1.6190e-01,-1.6553e-01,-1.0123e-01,-2.5516e-01,5.3597e-02,2.6180e-01,1.6442e-01,7.9752e-02,5.4501e-01,1.8590e-01,-1.6150e-01,9.9029e-02,2.5360e-01,5.9033e-02,-2.1421e-02,-4.3797e-02,-4.7341e-02,2.2582e-01,1.3152e-01,7.7817e-02,-3.2884e-01,-6.7762e-02,-3.3031e-01,-3.7923e-01,-1.0003e-01,-5.5971e-02,-1.2659e-02,-8.2410e-02,2.7005e-02,2.0099e-01,9.7091e-02,1.1845e-01,-4.2443e-02,-1.6081e-01,-4.4011e-01,-5.4225e-01,1.8916e-02,-1.3288e-01
9.8265e-02,3.2938e-01,-2.9116e-02,-1.1169e-01,-1.0420e-01,-2.6857e-01,-2.1218e-01,-2.8549e-01,-2.1166e-01,-1.2273e-01,-1.3613e-01,-1.0244e-01,-6.1258e-02,-4.9074e-02,-2.2580e-01,1.3568e-02,1.0217e-01,-4.5741e-02,-3.1144e-01,5.1884e-02,-1.4310e-01,6.4280e-02,7.4547e-02,3.5519e-02,-6.5079e-02,-1.7425e-01,6.3129e-02,8.6918e-02,1.4996e-01,3.8043e-01,1.5399e-01,3.6118e-01,7.0226e-02,-7.4582e-02,-8.5075e-02,-1.0250e-01,1.6451e-02,-8.8997e-02,-1.7007e-01,-3.8699e-02,1.1782e-01,1.0927e-01,-2.6819e-01,-2.3996e-01,-1.3267e-01,-2.7160e-01,-4.5731e-02,-1.3597e-01,-2.2159e-01,4.5860e-01,-4.2748e-02,-3.2022e-01,-2.8623e-01,1.7613e-01,7.2668e-02,-1.8691e-02,8.1734e-02,-8.0439e-03,-2.5584e-02,1.0686e-01,2.0198e-01,1.7686e-01,2.4155e-01,1.3057e-01,4.3641e-01,3.4788e-02,4.1394e-02,3.7863e-01,-2.9947e-01,-5.1190e-01,-1.0680e-01,-1.0979e-02,-1.3247e-01,-2.5093e-01,-2.8447e-01,-6.4358e-02,-3.8550e-01,-2.4423e-01,-1.0680e-01,5.7461e-02,2.4425e-02,4.3991e-02,2.9567e-01,-2.2677e-01,-9.3789e-02,-6.3878e-02,-2.3622e-01,-2.9606e-01,-2.7155e-01,1.3979e-01,-1.3235e-01,-3.2530e-01,-2.5956e-01,-6.2753e-01,-3.1793e-01,-3.5051e-01,6.7683e-02,3.4296e-01,6.8108e-03,-1.3552e-01
-1.4343e-03,-1.2345e-01,-2.2507e-01,-3.8721e-01,5.9154e-02,1.3776e-01,1.8607e-02,-2.1204e-01,2.4351e-02,-7.6438e-02,-2.4726e-01,2.7952e-03,4.1830e-02,2.1449e-02,-3.4045e-02,5.6168e-02,1.4763e-02,-2.7015e-02,5.2580e-03,5.7022e-02,3.2817e-02,1.9788e-01,2.5281e-01,1.2618e-01,1.0760e-01,1.2034e-01,2.3106e-01,1.2982e-01,2.6445e-01,-9.9632e-02,3.1690e-01,1.2176e-01,1.6825e-01,8.9004e-02,-1.1213e-01,-9.2355e-02,-1.1316e-01,3.9139e-02,-7.9445e-02,-1.6253e-01,2.5776e-01,1.1690e-01,6.5452e-03,5.9719e-02,-1.4130e-01,-1.1491e-01,-1.5207e-01,5.1225e-02,5.5002e-02,-1.8260e-01,-5.4305e-02,1.1283e-01,3.1549e-02,-2.5208e-01,1.4191e-01,-3.1619e-01,-2.9387e-01,-2.1343e-01,-3.0395e-01,6.7941e-02,1.1230e-01,2.7942e-01,4.1427e-01,4.6729e-01,2.7011e-01,5.4027e-01,3.6317e-01,-1.4568e-01,5.5008e-02,-4.3660e-02,-2.8117e-01,-1.2513e-01,-1.3150e-01,2.4483e-01,7.1500e-02,6.5693e-02,2.8529e-01,7.5126e-02,-1.4579e-01,-1.5122e-01,5.1472e-02,3.7065e-02,1.8684e-01,1.0535e-02,5.1690e-02,-3.1376e-02,1.3918e-03,-3.2439e-01,-3.3273e-01,-2.3549e-01,-3.5885e-01,-1.9794e-01,-7.1889e-02,-3.2620e-02,1.2634e-01,-2.4456e-02,2.9395e-01,9.7757e-02,1.2681e-01,2.1533e-02
-2.1727e-01,-3.2853e-01,-1.9044e-01,1.9329e-01,-1.0969e-01,3.5316e-02,1.5378e-01,3.1555e-02,7.3904e-02,8.7257e-02,7.0587e-02,-3.9088e-02,4.1696e-02,1.1799e-01,5.3233e-02,-5.4690e-02,-6.7955e-02,7.2011e-02,1.3655e-01,1.3403e-01,1.7381e-01,2.5791e-01,7.9787e-02,9.1864e-03,7.6085e-02,1.0023e-01,5.6631e-02,4.1099e-02,9.0265e-02,5.3384e-02,2.0326e-01,4.2885e-02,9.4195e-02,8.4569e-02,2.0359e-02,-6.9785e-02,-1.1171e-01,-2.1441e-03,2.9513e-01,-7.1274e-02,-3.0406e-01,-1.8627e-03,-6.0027e-02,5.9288e-02,2.8391e-02,-1.6266e-01,-8.7954e-02,5.9820e-02,4.9412e-03,-3.2004e-01,-1.6705e-01,-1.2210e-01,8.5658e-02,2.3560e-01,1.6768e-01,2.3975e-01,-9.8687e-02,1.4098e-01,6.6468e-04,-9.8976e-02,-9.5996e-03,-4.4398e-02,2.2962e-01,-1.5914e-01,-5.8573e-02,4.2719e-02,-2.2336e-02,2.4593e-01,4.1951e-01,1.3751e-01,1.3621e-01,1.0597e-01,1.7902e-02,7.8227e-02,1.7061e-01,-4.9016e-02,2.2670e-01,1.4095e-01,3.9623e-01,2.5227e-01,8.0297e-02,7.6148e-02,9.6119e-02,-8.0431e-02,8.7355e-02,6.4687e-02,-5.7976e-02,4.7755e-02,-9.3129e-02,-2.3248e-01,5.4273e-02,2.9834e-01,-5.9152e-02,-1.6136e-01,-3.1455e-01,-6.4075e-02,-8.3180e-02,-2.9871e-01,-4.1068e-02,-8.1393e-02
-2.5543e-02,4.4589e-02,1.9708e-01,-1.8344e-02,-8.2309e-02,-4.2465e-02,6.6387e-03,1.5711e-01,-7.4180e-03,1.4142e-01,3.9004e-02,-1.1158e-02,-4.5497e-02,-2.5261e-01,1.3450e-01,-1.4909e-01,3.0781e-02,9.5365e-02,1.2078e-01,-7.0419e-02,6.2967e-02,7.0897e-02,-3.2398e-02,6.4289e-02,2.7694e-01,3.0357e-01,1.7007e-01,8.9013e-02,2.3690e-02,8.6923e-02,5.6947e-02,4.0652e-02,8.8468e-02,2.1921e-01,1.2605e-01,1.6639e-01,-4.2524e-02,-3.7408e-02,9.5934e-02,6.7154e-02,-1.5047e-01,-2.9677e-01,1.2343e-01,9.4821e-02,3.6589e-02,-8.9158e-02,-6.0730e-02,5.5812e-03,-1.5941e-01,-2.0127e-01,-2.1304e-01,4.4381e-02,2.5913e-02,-1.0934e-01,-2.6519e-01,-8.3328e-02,3.3905e-01,3.5204e-02,2.5323e-01,1.0824e-01,1.1939e-01,-5.3554e-02,-1.2919e-01,-1.1177e-01,-6.4647e-02,-2.9633e-02,-1.2702e-01,-2.5251e-01,1.0216e-01,5.5039e-01,3.1168e-01,2.3531e-01,3.3089e-01,2.8019e-02,9.7228e-02,1.7061e-01,1.1772e-01,-2.9916e-01,-3.4568e-02,-1.5986e-01,-1.7032e-01,-2.4323e-01,-6.6782e-01,-2.2381e-01,-1.8402e-01,-2.0451e-01,-2.1958e-01,-7.0918e-02,-8.0988e-02,1.7598e-01,-1.2588e-01,-1.3230e-01,3.0588e-01,2.9838e-01,1.0888e-01,7.8309e-02,-9.3228e-02,7.4574e-02,-2.5400e-02,1.8673e-01
9.6073e-02,1.7366e-01,1.9060e-01,1.3545e-01,5.9839e-02,-7.7750e-02,2.4030e-02,1.6963e-03,1.8058e-01,1.4810e-01,1.3103e-02,-4.1635e-02,-3.9381e-02,-1.8844e-02,-8.8953e-02,-1.5682e-01,-3.0492e-01,-1.0738e-01,5.7694e-03,2.6028e-02,3.3502e-02,-5.7825e-02,1.2300e-01,-1.1059e-01,2.0128e-01,6.3449e-02,-3.3817e-02,4.3117e-01,2.8171e-01,2.5751e-01,-3.7810e-02,4.1410e-02,4.5058e-02,-2.8408e-02,8.7139e-02,3.4315e-01,1.3625e-01,-1.3581e-01,-1.4258e-01,3.5594e-02,-3.3408e-01,-8.6663e-02,-2.6894e-01,-9.5594e-02,-1.4885e-01,1.8682e-01,-2.1386e-01,-2.2159e-01,-1.2864e-01,3.3467e-01,5.3424e-03,-1.2077e-01,-1.5308e-01,-1.1863e-01,-3.7585e-01,-1.3121e-01,-1.4464e-02,1.4214e-01,1.8500e-01,-1.9550e-01,-4.6216e-02,-2.3236e-02,-2.8517e-01,-6.8798e-02,-3.6407e-02,-1.9260e-03,6.8339e-02,-2.0287e-02,6.8525e-02,2.5072e-01,3.1433e-01,2.4844e-01,2.9622e-01,9.3215e-02,-4.0677e-02,9.8395e-02,1.3403e-01,3.1512e-02,-1.5147e-01,-2.1503e-01,-1.5536e-01,-8.8143e-02,1.8005e-01,-1.4384e-01,-2.3313e-01,2.0483e-01,-5.4568e-02,-1.2487e-01,2.5486e-01,-1.1817e-01,-4.4673e-02,-7.2356e-02,-1.8176e-01,1.3723e-01,3.2959e-02,5.4972e-02,1.0465e-02,1.3653e-01,-3.9165e-02,1.3394e-02
1.0346e-02,1.4590e-01,-2.7455e-01,5.0406e-02,2.5450e-01,1.5334e-02,-1.0383e-01,1.5647e-01,-1.3855e-01,-7.6755e-02,1.7791e-02,-6.5566e-02,-1.3684e-01,2.1223e-01,8.3829e-02,1.7758e-01,1.8994e-02,1.9906e-02,1.7716e-02,2.6365e-02,-1.7405e-01,-1.9432e-01,-1.2069e-01,-3.5627e-02,-1.5799e-01,1.0823e-01,-4.8982e-02,-1.4035e-01,8.1842e-03,4.8535e-02,-1.4934e-01,2.6551e-01,5.4994e-02,-2.8414e-02,1.1903e-02,-5.2387e-02,3.0213e-02,1.7594e-01,-3.8395e-01,3.1227e-01,7.3374e-02,-6.3634e-02,-8.6483e-02,-3.1500e-01,-2.9802e-02,-4.1396e-02,1.1722e-01,-1.1164e-01,-1.7699e-02,8.0646e-03,2.7017e-02,-2.3470e-01,-1.2304e-01,-7.0599e-02,-2.2383e-01,1.6569e-02,8.0183e-02,-1.0657e-02,1.4685e-01,3.9870e-02,7.6147e-02,5.0274e-02,-9.9683e-02,-2.1367e-02,2.0622e-02,6.2893e-02,9.3682e-02,3.1207e-01,-1.4565e-01,-1.7848e-01,2.2699e-01,-1.0586e-01,-1.6316e-01,1.4856e-01,2.3643e-02,-1.3382e-01,1.2165e-01,3.4951e-01,-5.5721e-02,-1.5560e-02,-2.0631e-01,-5.2698e-02,-5.8280e-02,-5.4847e-03,-5.5426e-02,4.2583e-02,-1.9210e-01,1.6537e-01,1.2371e-01,-1.0345e-01,6.5297e-02,-1.5698e-01,-1.3327e-01,-3.1236e-01,-2.0029e-01,-1.4786e-01,-1.7532e-01,-1.2875e-01,1.2437e-01,-7.4108e-02
1.6219e-02,-1.7118e-02,-7.4241e-02,-4.4194e-02,1.7288e-02,9.3318e-02,-7.8802e-02,-2.8190e-01,-9.6870e-02,-2.1606e-01,4.4709e-02,-8.4741e-03,8.7654e-03,-4.7084e-03,3.0421e-02,2.3724e-01,8.2177e-02,2.3297e-02,1.5220e-02,1.5773e-02,-5.4438e-02,1.2576e-02,5.8922e-02,2.5913e-01,1.6894e-02,-5.5322e-02,-2.5879e-01,-1.0748e-01,8.8866e-02,9.6337e-02,4.2060e-02,-1.6492e-01,-2.1256e-01,-6.9323e-02,-2.4902e-01,-7.0090e-02,1.0885e-01,-5.4042e-02,1.1900e-01,-3.9872e-01,1.2690e-01,6.7188e-02,4.6927e-03,-5.0436e-02,-1.0677e-01,-1.9268e-02,1.3822e-01,1.0595e-01,6.6110e-02,-2.1694e-01,-6.9691e-02,-2.4717e-01,-2.6800e-01,-1.8585e-01,1.0328e-01,2.4084e-01,3.4181e-02,-1.8342e-01,-2.4454e-01,-7.6428e-02,1.1632e-01,6.4388e-02,1.8452e-01,6.3291e-02,6.4745e-02,2.9961e-02,9.6004e-02,2.6677e-02,1.1645e-02,2.8171e-02,-9.6111e-02,2.4079e-01,-1.5915e-01,-1.6566e-01,1.7437e-01,-2.1659e-02,-7.4831e-02,-2.5424e-02,1.5057e-01,2.3435e-01,1.0553e-01,3.0101e-01,1.5193e-01,3.5757e-01,6.3125e-02,-2.0692e-01,6.2107e-02,7.3072e-02,-2.0382e-01,-1.7725e-01,-1.4225e-02,1.6155e-01,1.3396e-01,-2.2272e-01,-3.4660e-02,-2.8458e-01,-2.0144e-01,-1.5218e-01,-3.3880e-02,-6.8943e-02
7.5772e-02,-9.1436e-02,4.3786e-02,-3.2139e-02,-2.9440e-02,8.8487e-02,-9.5182e-02,5.4388e-02,-3.0264e-02,3.7087e-02,4.3512e-02,2.2255e-02,2.4819e-01,-1.3592e-02,-4.1391e-02,1.3914e-01,1.4808e-01,3.6376e-02,1.5823e-02,-4.0697e-02,6.8316e-04,7.1035e-02,2.6132e-01,2.8818e-01,-3.4501e-01,-5.6201e-02,2.7305e-01,-7.4590e-02,-3.1848e-02,1.4183e-02,1.5231e-01,2.3703e-02,1.1985e-01,2.5270e-02,3.6189e-01,-3.0070e-01,-2.7186e-02,4.0111e-02,1.7277e-01,-1.3415e-01,1.6952e-01,-8.1925e-03,8.9539e-02,-2.9138e-02,1.0103e-01,-1.2777e-03,-4.3134e-02,1.4296e-01,4.4249e-02,-6.3469e-02,-3.7756e-02,2.6708e-01,2.1168e-01,1.5604e-01,4.2751e-01,-9.7766e-02,-8.5324e-02,2.1864e-02,-9.5969e-02,1.3634e-01,2.4196e-02,-7.7774e-02,-7.3703e-02,3.0980e-01,2.6328e-01,3.9635e-02,1.1967e-01,-1.3145e-02,1.9229e-01,-1.2232e-01,-1.7105e-01,-1.4148e-01,-1.2129e-01,-1.1907e-01,-8.5029e-04,3.3070e-01,-1.0674e-01,3.7248e-02,-2.1030e-01,5.6167e-02,4.7255e-01,-4.2035e-02,5.2882e-02,-1.1934e-01,-2.1768e-01,-2.5131e-01,2.3787e-01,-4.1830e-01,-9.0632e-02,2.6790e-01,-5.4841e-02,-1.4468e-01,-1.8243e-01,4.8122e-02,2.8209e-01,7.9034e-02,5.8795e-02,-2.2727e-01,-6.9948e-02,-4.2073e-02
-1.6398e-01,-4.4374e-03,2.5206e-01,5.4129e-02,-1.2250e-01,-7.3214e-02,1.7246e-01,1.2935e-01,2.1894e-01,1.4473e-01,2.9634e-02,2.3160e-01,1.2095e-02,-7.4265e-02,-2.9641e-03,-1.0228e-02,9.1319e-02,6.0886e-02,-2.9870e-02,-3.7757e-03,3.8596e-01,2.2906e-01,3.4785e-02,-9.5239e-02,9.9879e-02,3.0421e-01,1.7984e-01,2.0519e-01,-7.1719e-02,-1.5518e-01,-7.8495e-02,1.2096e-01,1.5539e-01,9.8725e-02,-7.0079e-02,-7.7834e-02,-4.6136e-02,-1.2633e-01,6.8956e-02,-4.6094e-02,-7.2717e-02,-5.1154e-02,2.8943e-02,1.2820e-01,8.7689e-02,-1.1244e-01,-1.5807e-01,-2.0479e-01,-2.1188e-02,1.1008e-01,-1.0563e-01,1.1374e-01,1.2317e-01,-1.3233e-01,-1.1951e-01,-2.5919e-01,-2.9664e-01,1.1022e-01,-5.5906e-02,-3.9563e-02,-1.7518e-01,1.3379e-01,1.2548e-01,-4.0289e-02,-1.6154e-01,-2.3665e-02,6.7253e-02,-5.9774e-02,-2.8426e-02,-8.7264e-02,-7.3379e-02,-3.8900e-02,2.3762e-01,1.3958e-01,-2.9482e-02,-2.7492e-01,1.7523e-02,-6.0280e-02,1.2563e-01,-3.4398e-02,-2.2041e-01,-4.1982e-02,2.0738e-01,-3.5485e-01,1.7101e-01,1.5411e-01,7.4458e-02,-1.6278e-01,-2.2708e-01,-3.0215e-01,-2.9418e-02,-3.6255e-02,-1.4159e-01,-1.8482e-01,-1.7755e-01,1.4316e-01,4.3756e-01,2.1189e-01,1.1574e-01,1.3753e-02
1.5839e-02,-6.1098e-02,2.1818e-02,-1.4398e-01,-1.5039e-01,2.4369e-02,1.5090e-01,1.2966e-01,2.3969e-01,4.8120e-01,3.5875e-01,4.7663e-02,-1.8983e-02,-7.7795e-02,-1.7277e-02,-1.0310e-01,2.3205e-02,8.6488e-02,-7.9215e-03,1.2197e-01,3.6687e-02,3.5739e-02,-9.0397e-02,1.4514e-02,2.1483e-01,-1.8350e-01,-1.2099e-02,7.9751e-02,6.0862e-02,-1.6855e-01,-1.5355e-01,-2.0159e-01,1.5666e-01,-1.8630e-01,-4.0842e-02,3.6921e-01,-4.7244e-02,8.2304e-02,-1.5456e-03,-3.7788e-02,-1.5569e-01,7.8325e-02,2.3535e-01,1.6880e-01,-5.7815e-02,-8.3062e-02,-1.6085e-01,-8.1790e-02,-1.5808e-01,-1.0606e-01,-1.1556e-01,-4.2704e-02,-1.6865e-01,1.0552e-01,1.4213e-02,-4.4052e-02,9.4686e-03,1.8374e-01,1.3852e-01,-5.2710e-02,-1.0237e-01,2.8788e-02,1.8034e-01,-2.1770e-01,-1.3988e-01,-2.2218e-01,-2.7560e-01,7.4812e-02,1.2974e-01,-5.4520e-03,3.9979e-02,-1.9152e-03,1.8613e-02,9.0028e-02,-1.2445e-01,-1.9390e-02,-6.0342e-02,5.0098e-02,5.5156e-02,-9.3907e-02,-9.2551e-02,-7.7990e-02,-1.6676e-01,1.2653e-01,-9.5885e-02,1.6994e-01,-1.7426e-01,1.9745e-01,-2.4584e-02,-1.6738e-01,-9.7604e-02,9.2816e-02,3.0354e-02,-5.1071e-02,-1.3958e-01,1.0279e-01,-6.0745e-02,1.5582e-01,-1.3117e-01,4.8469e-03
-1.0499e-01,9.0035e-02,-1.5726e-01,1.5147e-01,5.1541e-03,6.2081e-02,7.4329e-02,2.2874e-01,-5.2998e-02,-9.5515e-02,-7.2551e-02,-2.4462e-01,-1.1401e-01,9.6253e-02,-2.8587e-02,-8.1035e-02,-1.8599e-01,2.7718e-02,-3.4372e-02,5.6717e-04,-3.2122e-01,-7.0265e-02,-2.6675e-01,-4.1338e-02,1.7962e-01,-1.2675e-02,-9.8343e-03,4.6871e-02,1.1138e-01,-8.7691e-02,-1.5528e-01,1.1879e-01,3.9098e-02,6.8266e-03,2.3379e-02,2.3003e-01,3.0449e-02,-8.3964e-03,4.5576e-02,4.8112e-02,6.0124e-02,4.9514e-02,-1.1906e-01,-7.7127e-02,-9.3445e-03,6.7817e-02,2.0692e-02,-8.5088e-03,9.8473e-04,-6.3912e-02,-1.8078e-02,-6.2570e-02,-1.0335e-01,1.1200e-01,1.0863e-02,1.9808e-01,-2.0635e-02,-1.1936e-01,1.9579e-01,1.1639e-01,-3.4380e-02,-4.4605e-02,-1.5919e-01,1.9123e-02,3.4112e-02,-5.6458e-03,-2.4086e-02,1.9260e-02,-1.0915e-01,1.7176e-01,-1.4308e-02,1.0168e-01,-1.6754e-02,1.7034e-02,4.9333e-02,1.4211e-01,-9.9258e-03,-2.2332e-02,1.5680e-01,-5.8661e-02,-2.3662e-01,-9.6122e-02,-9.5014e-02,8.4135e-02,1.8631e-01,-5.1307e-02,-7.5751e-02,1.7717e-01,1.4897e-01,1.9218e-01,1.9699e-01,9.3213e-02,6.7359e-02,3.0532e-01,1.6323e-01,4.4111e-02,-2.5456e-01,4.2618e-02,1.6612e-01,9.7567e-02
1.9840e-02,1.6891e-01,-1.5507e-03,1.6573e-01,2.4617e-01,4.6692e-02,9.4453e-02,3.6279e-02,-3.6319e-02,-2.0378e-01,4.0890e-02,9.3386e-02,4.5577e-01,3.2641e-01,3.4301e-01,2.6122e-01,1.6636e-01,-7.3483e-02,2.7420e-01,-4.8265e-02,-1.7324e-01,8.1681e-02,9.0567e-02,1.1634e-01,1.4651e-02,-9.1824e-02,-3.0344e-01,6.1974e-04,1.1473e-01,8.8041e-02,1.4441e-01,-1.2924e-01,-1.7280e-01,2.4694e-01,-3.3246e-02,-2.2662e-01,6.8724e-02,-1.9756e-01,-1.4525e-01,-5.9568e-03,4.8076e-02,1.8885e-02,-6.0273e-02,-3.1612e-01,2.7352e-02,1.1075e-01,2.4276e-01,1.4090e-01,1.7032e-01,4.1231e-02,-1.1843e-04,-3.0405e-02,5.8489e-02,-1.3015e-01,-1.1154e-01,7.2278e-02,3.0246e-01,-2.1340e-01,-5.7436e-02,1.0531e-01,6.0541e-02,-7.4997e-02,-7.8410e-02,-4.7348e-02,6.2590e-02,2.3426e-01,1.4196e-01,-3.1873e-02,-1.3495e-01,-1.8946e-01,3.1729e-02,-1.6915e-01,1.4715e-01,-4.4727e-02,-1.9754e-02,5.1886e-02,-3.1278e-03,4.0995e-02,-1.5338e-01,3.2189e-01,2.3395e-01,-9.0960e-02,-1.0496e-01,1.3768e-01,3.0981e-02,-1.0362e-01,-1.2943e-01,-2.2439e-03,2.0993e-01,1.1003e-01,-1.7257e-01,-2.5956e-01,1.7587e-01,5.8474e-03,3.7214e-02,-3.7927e-02,-1.4834e-01,-3.2122e-03,2.9025e-02,6.4683e-02
1.8069e-01,1.9176e-01,-5.6440e-03,7.4917e-04,1.5939e-01,1.2460e-01,3.1656e-02,6.9167e-02,-7.9943e-02,2.5516e-01,1.6195e-02,2.8256e-01,6.5631e-02,-4.2616e-02,-4.5473e-03,6.5672e-03,1.0092e-01,-2.3284e-02,-7.3668e-02,5.2036e-02,2.4822e-01,8.9496e-02,2.2758e-02,-4.2767e-02,-2.0432e-01,-6.9669e-02,2.4526e-01,-2.1579e-01,-5.6267e-02,3.2116e-01,1.9186e-01,5.4908e-02,-2.1600e-01,-1.6597e-01,-2.0904e-01,3.8318e-02,3.3723e-01,4.2181e-01,9.2524e-03,-4.8672e-02,1.4990e-01,-4.7832e-02,-1.8686e-01,1.5082e-03,-1.5186e-02,1.2769e-01,8.7727e-02,7.3474e-02,-7.2923e-02,1.8148e-01,1.1145e-01,9.2091e-02,1.0901e-01,1.6329e-01,7.1042e-02,4.6114e-02,-2.2707e-01,1.6680e-01,-3.8281e-01,-5.3034e-02,4.8375e-02,3.6099e-02,-2.9738e-01,9.2777e-02,-4.2276e-02,6.1108e-02,2.1510e-01,1.1775e-01,1.2945e-01,5.0898e-02,3.6372e-02,-2.4613e-02,-1.5165e-01,-7.9911e-02,-7.9070e-02,-6.7820e-02,1.3311e-01,-6.4125e-02,-6.2073e-02,-4.6318e-02,-2.2337e-02,3.7343e-01,-2.9557e-02,1.2201e-01,-2.0706e-01,-1.3241e-01,1.0041e-01,1.8255e-01,1.3175e-01,6.5876e-02,2.1223e-01,-2.0483e-01,-2.8363e-02,-4.0771e-02,-3.4282e-02,-1.0160e-01,5.0831e-02,1.5176e-01,1.7826e-02,9.8384e-02
5.8085e-02,1.2153e-02,-6.0322e-02,-1.1914e-01,4.3566e-02,1.4099e-01,7.2625e-02,7.4601e-02,1.7484e-01,1.6733e-01,3.0062e-02,2.0030e-01,-2.2466e-01,2.1880e-02,2.6942e-01,3.2724e-02,1.3526e-01,9.1887e-02,-1.0792e-01,1.9614e-01,6.3919e-02,-1.3066e-01,1.9316e-02,-7.6276e-02,-1.7341e-01,1.3889e-01,-9.2930e-04,5.8936e-03,-1.5150e-01,-4.9155e-02,-1.1511e-02,-4.0592e-02,-3.4092e-02,-4.0716e-02,-1.0497e-01,-3.1888e-01,-2.0253e-01,9.1314e-02,3.4836e-01,-1.5004e-03,-6.4021e-02,-6.9749e-02,-5.6974e-03,8.6621e-02,3.1051e-01,1.5689e-01,1.6334e-01,9.0164e-02,-6.4645e-02,1.2533e-01,4.1863e-02,2.8892e-01,-6.5129e-02,-8.0278e-02,-3.0529e-03,-2.4291e-02,-1.1512e-01,3.2861e-02,2.1013e-01,-1.6292e-01,-2.2683e-01,-3.9245e-02,1.6655e-01,4.7220e-02,-1.4707e-01,-1.3642e-01,-1.9238e-01,-1.0845e-01,-3.3981e-02,-5.8101e-02,-9.1371e-02,-1.5111e-01,1.2082e-01,8.6441e-02,1.2973e-02,-3.6757e-02,-2.4456e-01,-3.2240e-01,-1.0617e-01,-4.2382e-01,-3.9548e-01,-1.8516e-01,-5.5079e-02,-3.0901e-01,5.5089e-02,1.1794e-01,8.7132e-02,-2.7517e-01,1.5750e-01,-2.8485e-02,4.8171e-02,3.4560e-01,1.4708e-01,-4.6409e-02,-1.1040e-01,-3.0421e-02,1.7658e-01,1.3942e-01,-2.2158e-01,-3.7220e-02
-1.4803e-01,-2.7190e-01,-8.6616e-02,-1.5206e-01,5.6899e-02,1.7679e-01,3.8166e-01,-2.0488e-02,2.7436e-01,1.0885e-01,3.0250e-01,9.7787e-02,1.9784e-01,3.2727e-02,1.1764e-01,2.6631e-01,1.3404e-01,1.0461e-01,1.7392e-01,4.3095e-02,3.6861e-02,1.7929e-02,-1.9023e-01,-1.9427e-01,5.0483e-02,-1.8941e-01,-4.4303e-02,-1.1783e-01,-2.7007e-03,-1.5922e-01,-1.0934e-01,-5.4642e-02,-7.5555e-02,-9.0698e-02,2.3947e-01,-1.6684e-01,-2.2275e-01,-3.7024e-01,4.5223e-02,2.6240e-01,-8.3411e-02,9.9825e-03,5.1552e-02,5.3748e-01,3.3171e-02,-1.0988e-01,-1.5528e-01,1.9752e-02,2.9236e-01,2.0106e-01,4.0186e-01,6.6705e-02,-1.6996e-01,-5.9200e-03,2.1571e-02,-5.9142e-03,2.3342e-01,1.5506e-01,7.2410e-02,1.5815e-01,1.6105e-01,2.1320e-01,6.7534e-02,-2.7585e-01,-1.7613e-01,-2.3090e-01,-1.9585e-01,-1.2270e-01,-2.3174e-01,-1.5543e-01,-1.7141e-01,-1.5330e-01,-3.1401e-01,-6.1545e-02,-2.8792e-04,4.0686e-03,1.9194e-01,3.9682e-01,4.8826e-01,2.7865e-01,4.5498e-01,-2.3368e-01,4.2456e-01,7.1168e-02,2.0516e-01,2.9485e-01,2.5861e-01,5.1093e-01,-3.3349e-01,2.3937e-02,6.5567e-02,1.3316e-01,-3.9088e-02,1.2370e-01,-1.2231e-01,6.4599e-02,-4.1080e-02,-2.0512e-01,5.5511e-02,-2.1244e-01
-1.7710e-01,-3.2193e-01,7.8285e-02,1.6977e-01,-7.9134e-02,-1.3996e-01,-1.0468e-01,1.1625e-01,1.9938e-01,2.5019e-01,2.3902e-01,9.9785e-02,3.0919e-01,1.3939e-01,5.9524e-02,-2.7346e-02,1.5703e-01,2.0018e-01,-9.6709e-02,1.7485e-02,1.6895e-02,1.4836e-02,1.0800e-02,5.4944e-02,-1.1446e-01,-6.4028e-02,-7.7891e-02,-1.9795e-02,-2.1074e-01,-2.8447e-01,-1.7963e-01,-1.9527e-01,-3.8338e-02,-2.7844e-02,3.4652e-02,5.1184e-01,-1.5493e-01,1.8425e-02,-1.8668e-01,-6.1135e-02,2.9860e-01,1.3968e-01,2.9653e-01,4.9321e-02,-7.1005e-02,-2.0890e-01,6.0246e-02,-5.4301e-02,1.3332e-01,-1.6389e-01,-4.0817e-01,-1.7718e-01,2.7759e-01,1.8615e-01,1.9641e-02,1.6588e-01,4.0656e-02,7.2826e-02,-1.5019e-01,-8.2508e-02,1.6099e-01,6.9334e-02,1.2573e-02,1.4845e-01,5.8459e-02,-1.4194e-01,-1.8077e-01,-9.7641e-02,2.9355e-02,1.3458e-02,2.9193e-03,6.0998e-02,4.7341e-02,-2.2434e-01,3.8381e-03,3.2413e-02,-1.4305e-01,-1.3708e-02,-6.5661e-02,2.1920e-01,1.1409e-01,2.0034e-01,2.3789e-01,1.1963e-01,7.4494e-02,1.1470e-01,1.4632e-01,-2.6654e-01,2.3981e-01,4.7647e-02,6.0043e-02,2.2349e-01,1.3025e-01,2.3577e-01,4.1975e-01,1.3841e-01,1.6955e-02,-5.6364e-02,1.8292e-01,-3.7253e-02
-1.0088e-01,1.9525e-01,5.1469e-01,-3.1724e-01,-8.3660e-02,5.4086e-02,3.8699e-02,1.7128e-01,6.7189e-02,3.6089e-03,4.1526e-03,1.2150e-01,3.3577e-03,1.1777e-01,1.0532e-01,-8.5046e-02,-1.4418e-02,-5.0455e-02,1.1056e-01,-1.9331e-01,-1.0502e-02,-1.5108e-03,5.3623e-02,-6.7995e-02,-1.4259e-01,-7.1616e-02,-1.4938e-01,-1.6463e-01,-1.9598e-01,-3.6940e-01,-4.0364e-01,-6.8818e-02,-9.2198e-03,4.0457e-02,2.1568e-02,1.5409e-01,1.3897e-01,8.9106e-02,-6.3109e-02,-2.2064e-03,7.3582e-02,2.0705e-01,-7.4825e-02,-9.6950e-02,-3.7977e-02,8.3508e-02,2.5581e-01,4.7863e-01,2.1845e-02,-1.6761e-01,1.1916e-01,1.6703e-01,9.2743e-02,1.3947e-01,3.0562e-01,6.9118e-04,-5.0393e-02,-1.6377e-01,8.2446e-02,-4.3376e-02,-4.7038e-02,-1.8772e-01,-1.2691e-01,-1.4862e-01,1.8141e-01,6.4152e-02,-1.4639e-01,-3.6004e-01,-2.3534e-01,-9.0815e-02,-6.8071e-03,-1.2555e-02,-7.1040e-02,-1.0516e-01,-1.6538e-01,-9.4167e-02,-3.0877e-01,-1.1670e-01,-4.2362e-01,-2.8325e-01,-4.5869e-02,4.9580e-02,2.5263e-02,4.2942e-01,8.5403e-02,-4.9814e-02,-2.6774e-01,7.0296e-02,1.8951e-02,1.9934e-01,-8.1380e-02,-2.0822e-02,1.4609e-02,-1.1181e-01,2.7350e-01,2.2388e-01,1.0798e-01,-1.1001e-01,2.4166e-01,2.3671e-01
2.9171e-01,6.5231e-01,3.6782e-02,8.1373e-01,3.5216e-01,5.4063e-02,-1.6803e-01,7.1078e-02,1.1982e-01,-7.7331e-02,3.7753e-02,-5.3608e-02,4.8478e-03,9.5130e-02,-2.6607e-02,1.3140e-02,7.4552e-02,-1.4878e-02,5.2852e-02,9.4359e-02,5.8688e-02,-1.2989e-01,-6.8068e-02,-7.6231e-03,2.0968e-02,-8.2699e-02,2.9363e-02,-2.5954e-01,-1.5852e-02,6.9448e-02,1.0161e-01,4.0730e-02,2.6153e-01,6.6080e-02,-3.1295e-01,-1.5814e-01,1.5567e-01,1.6870e-01,-4.5317e-02,1.4499e-02,-3.7218e-02,-9.8304e-02,5.4731e-03,3.5616e-02,8.0878e-02,4.2995e-01,1.4227e-02,-5.6984e-02,1.0207e-01,1.6536e-01,8.1756e-02,2.1848e-01,1.9089e-01,1.6423e-02,-4.5459e-02,1.2636e-01,-1.6780e-02,-7.0146e-02,-2.3795e-03,-1.3092e-01,-8.7522e-02,-3.6262e-01,-1.0210e-01,-1.4402e-01,-2.0274e-01,4.0660e-02,2.5162e-02,1.3780e-01,1.3818e-01,-4.6437e-02,-1.6306e-01,-8.4923e-02,-1.5622e-01,-2.5107e-01,-1.5541e-01,-3.4778e-01,-1.4642e-04,-1.1717e-01,4.1050e-02,1.9800e-02,-2.5606e-02,1.0752e-01,-8.4329e-02,4.8875e-02,-1.1234e-01,-5.6771e-02,3.6127e-01,1.3410e-01,8.7259e-02,1.8745e-01,4.2145e-01,-2.7861e-01,-6.8380e-02,2.2336e-01,-2.0549e-01,2.5996e-01,-6.4577e-02,2.4366e-01,-3.0603e-01,2.0853e-01
1.8645e-01,-6.3522e-02,5.1677e-02,-4.7861e-02,1.4471e-01,2.1182e-01,2.5018e-01,2.0966e-01,-2.1850e-01,-1.4804e-01,1.9503e-01,-1.0513e-01,1.0797e-01,1.6314e-01,1.9472e-01,2.9178e-01,5.1850e-02,3.1442e-03,2.7151e-02,3.5754e-02,-7.6589e-04,-1.9471e-02,-3.2134e-02,-3.8568e-02,1.9350e-01,-8.2630e-02,-3.7439e-01,-5.6954e-02,-3.9856e-02,1.1435e-02,1.3181e-01,-6.0532e-03,-3.4725e-01,-4.4924e-01,7.3731e-03,-3.4712e-01,-4.4414e-03,1.0485e-01,3.5874e-01,1.6962e-01,-4.5087e-03,3.8656e-02,1.9194e-01,4.3852e-02,3.0691e-01,1.2021e-01,2.0203e-01,-1.2751e-01,1.0447e-01,2.0485e-01,2.3701e-01,-2.6532e-02,7.6440e-02,6.2592e-02,6.2779e-02,4.0077e-02,2.3506e-01,-9.2687e-02,-8.6528e-02,-6.4223e-02,-1.8799e-01,-1.3755e-02,-4.0408e-02,-6.9279e-02,-2.7732e-01,-4.1386e-02,-4.2620e-02,1.0433e-01,-1.3334e-01,-2.7463e-01,-3.3697e-01,-2.1008e-01,1.3706e-01,4.7247e-01,-1.0820e-01,4.1133e-02,-6.1553e-02,-1.1917e-01,9.8000e-02,6.4983e-02,9.4434e-02,-3.8171e-02,4.5683e-02,8.5490e-03,-2.7211e-01,-2.0208e-02,-9.1472e-03,1.0602e-01,1.3849e-01,5.8131e-02,-1.1323e-01,3.8510e-02,1.2390e-01,8.9442e-02,-5.2741e-02,-3.7293e-01,1.0511e-01,-2.1009e-01,-2.4082e-01,-5.9161e-02
-2.2648e-01,-2.7276e-01,-5.3029e-02,-7.0117e-03,5.6825e-02,6.2101e-03,2.7420e-01,-1.8953e-01,2.2144e-01,5.5744e-01,6.4798e-02,2.3085e-01,1.8620e-01,1.7493e-01,-1.3788e-03,4.7564e-02,-8.5014e-03,5.4294e-02,7.7435e-02,6.2564e-02,8.2445e-03,-1.5851e-02,-2.8142e-02,-4.6186e-02,2.1133e-02,1.8687e-01,1.6245e-01,1.4658e-01,8.8173e-02,8.3107e-02,-2.3094e-01,6.1322e-02,-2.1784e-01,2.5098e-01,1.1440e-01,-2.3025e-02,-4.4292e-02,4.2720e-02,-1.4059e-01,-3.7787e-01,-5.9301e-02,-1.0289e-01,-1.1429e-01,1.0455e-01,3.2301e-02,6.3994e-02,9.3308e-02,8.6832e-02,-3.9303e-02,3.0715e-02,2.9700e-01,7.2867e-02,4.5463e-02,5.9364e-03,-5.3248e-02,-1.5084e-01,-1.8598e-01,-1.2793e-02,2.0490e-01,1.4370e-01,1.8778e-01,-8.3655e-02,-5.2751e-02,7.3029e-02,-6.1753e-02,-2.5127e-01,-1.1171e-01,-2.3617e-01,-2.3945e-01,-1.5609e-01,1.9764e-02,1.2353e-01,-1.1167e-01,-1.6057e-01,1.0914e-01,1.0622e-01,1.4292e-01,-4.2063e-04,1.8505e-01,2.5690e-01,-5.8754e-02,-7.7864e-02,-4.9910e-02,-1.8126e-01,6.6018e-01,2.7549e-01,1.3037e-01,2.6879e-01,2.8986e-01,1.1337e-01,1.6445e-01,5.2740e-01,6.0329e-01,2.2767e-01,2.1365e-01,3.7287e-01,-1.9590e-01,2.2162e-02,1.1220e-01,-8.2536e-02
-2.4725e-01,-2.1672e-01,-1.3618e-01,-3.6871e-01,2.6496e-02,-2.1150e-01,1.2360e-02,2.1230e-01,1.8422e-01,3.3427e-01,-2.7772e-02,-5.1795e-03,2.1290e-02,-2.3201e-02,2.9323e-02,-6.7510e-02,1.2778e-01,-4.0920e-03,3.5753e-02,8.0980e-02,3.1098e-02,-6.6592e-03,-1.7507e-02,-4.1398e-02,-1.1866e-02,5.3724e-02,-2.0270e-02,-8.2667e-02,-3.0826e-01,-5.7603e-02,2.6859e-03,-2.6617e-01,-7.1136e-02,-9.0237e-02,-1.1087e-02,-3.2086e-02,-8.8239e-02,-2.9650e-01,-4.0000e-03,4.1801e-02,-6.9502e-03,6.3961e-02,1.3451e-01,9.6869e-02,3.0943e-01,1.5685e-01,6.4818e-02,2.0145e-01,2.9640e-01,1.8778e-01,-1.2489e-01,-8.0824e-04,-5.3827e-02,-7.1276e-02,-6.3197e-02,2.5158e-01,-4.6139e-02,3.6834e-01,1.3908e-01,7.2286e-03,1.6810e-01,6.0710e-02,-3.0777e-01,-1.8095e-01,9.1861e-02,-2.8971e-01,-1.0165e-02,-1.7535e-01,-2.4362e-01,3.0541e-01,2.4646e-01,3.2760e-02,-9.1362e-02,-2.6963e-01,-1.2599e-01,-5.3932e-03,1.4288e-01,5.5985e-02,4.3944e-03,4.1986e-02,1.8841e-01,1.0475e-01,7.4229e-02,1.0841e-01,1.3055e-01,-1.2571e-02,1.5358e-02,-3.8962e-02,-8.2543e-04,-1.2120e-01,1.3679e-01,2.1193e-02,-2.1845e-01,2.2042e-02,1.2114e-01,-2.7596e-01,2.2884e-01,2.4856e-01,-6.2173e-02,-3.6002e-01
1.9511e-01,-1.6059e-01,-7.9200e-02,-2.8172e-02,6.6825e-02,3.5246e-01,1.2533e-02,-9.5900e-02,-8.8057e-02,-6.2926e-03,1.1163e-01,2.4910e-01,8.8536e-02,1.2529e-01,1.2167e-01,6.4262e-02,1.3730e-01,1.2712e-02,-2.5455e-02,9.7420e-03,2.9541e-02,-2.4292e-02,-1.0235e-01,-4.8470e-02,-1.4574e-01,-4.9660e-01,1.0378e-02,-1.1984e-02,5.8446e-02,-1.4376e-01,-3.0061e-01,-1.5939e-01,1.3964e-01,8.8186e-02,-1.4711e-01,2.3371e-01,4.7513e-03,-4.4687e-02,-1.8440e-03,1.3333e-01,2.2163e-01,4.1369e-01,-5.4417e-02,-5.3586e-02,1.0732e-01,-4.0315e-02,2.2476e-01,1.6754e-01,2.6139e-01,2.9181e-01,1.3286e-01,4.7168e-01,-5.4645e-02,9.2611e-02,3.0890e-01,-4.9084e-02,1.6939e-01,4.3957e-02,-1.0338e-01,-2.6721e-01,-1.5605e-01,3.3528e-01,-1.2294e-02,-1.3363e-01,-7.5323e-02,-3.3458e-01,-1.0676e-01,-1.7370e-01,-2.3587e-02,-7.5778e-02,-7.3969e-05,-8.7775e-02,-1.2708e-01,-1.3213e-01,-2.5612e-02,1.0217e-01,-1.3348e-01,-1.8848e-02,-2.8786e-01,-2.9096e-01,-2.1872e-01,-8.7819e-02,1.2684e-01,5.0352e-02,-1.4218e-01,-1.1118e-01,-1.5250e-01,1.3910e-02,-1.0566e-01,2.1493e-01,-3.0792e-02,-2.0901e-01,-7.0241e-02,3.1870e-02,5.8901e-02,4.9577e-02,-2.4032e-02,-7.1930e-02,1.1282e-01,1.8126e-01
1.9133e-02,2.7008e-01,3.7577e-02,5.1761e-01,-1.3142e-01,9.2789e-02,1.3341e-01,-8.7556e-02,1.0489e-01,-9.7257e-02,1.6701e-02,2.7293e-01,-1.2577e-01,3.4200e-02,1.8622e-01,1.5950e-01,2.7947e-02,1.1221e-01,-9.4180e-03,-1.5976e-02,1.3867e-02,-7.9959e-03,3.0502e-02,-5.0938e-03,-1.8104e-01,-1.1485e-01,-2.7043e-02,4.9482e-02,-8.4882e-02,-9.9219e-02,-6.2536e-02,1.2214e-01,8.0010e-02,-1.3912e-01,-1.1219e-01,2.9791e-02,1.0763e-01,-2.8326e-02,1.5527e-03,2.2359e-01,3.0996e-02,-4.8400e-02,6.1797e-02,4.7875e-02,-1.3496e-01,1.5591e-01,1.6725e-01,7.3880e-02,4.9850e-02,1.0323e-01,1.5546e-01,6.8931e-02,6.9508e-02,2.1837e-01,-1.7959e-01,-1.1337e-01,2.0082e-02,-6.2628e-03,-9.4908e-02,1.0559e-02,-8.9195e-02,-1.5767e-01,1.4691e-02,3.2833e-02,-2.8313e-01,-9.6518e-02,-1.4832e-01,4.0414e-02,1.6003e-02,-4.3323e-01,-1.8013e-01,-4.1413e-01,-2.6318e-02,8.9915e-03,-9.8071e-02,-1.8113e-01,1.9129e-02,2.6408e-01,9.4992e-02,-4.8423e-02,-1.0019e-01,5.0624e-02,1.8451e-01,7.2145e-02,1.6782e-01,3.7911e-01,2.7742e-01,8.7541e-02,7.8541e-02,6.0577e-02,9.1581e-02,9.3683e-02,-7.8888e-02,-9.3542e-02,-1.4775e-02,1.3469e-01,-7.8681e-02,1.1058e-01,2.2243e-01,-6.8676e-03
1.0035e-01,1.4201e-01,1.7842e-01,1.3911e-01,1.7317e-02,-1.3058e-01,1.2946e-01,-1.7325e-02,1.0327e-01,-1.1420e-01,-1.2439e-02,-1.5782e-01,2.7800e-02,-1.5489e-01,-2.5009e-01,-2.9710e-02,4.6054e-02,8.4461e-02,8.2791e-02,-2.1442e-02,-2.6105e-02,2.4755e-02,6.0427e-02,7.1332e-02,1.7713e-02,2.7998e-01,-3.0284e-01,2.4706e-02,-1.0214e-01,-7.0032e-04,1.1490e-01,-2.1954e-01,-2.0987e-01,-5.8288e-02,-2.2767e-02,-5.4831e-02,1.9131e-02,-6.4971e-02,5.9590e-02,2.5033e-02,5.6439e-02,-6.3769e-02,3.7472e-01,-1.0734e-02,-1.1845e-01,4.0455e-02,-5.9558e-02,2.0004e-01,-2.4895e-01,1.6407e-01,8.5316e-02,6.4848e-02,2.5602e-01,2.9676e-01,5.4852e-02,-4.8999e-02,-1.3579e-01,-1.0048e-01,-2.2549e-02,1.2012e-01,-1.6718e-01,-1.5776e-01,7.1683e-03,-3.2556e-01,-4.0968e-02,4.3549e-01,-4.3750e-02,-1.1726e-01,-8.3263e-02,-4.0012e-01,-5.3598e-01,-2.0497e-01,-1.3142e-01,-2.0235e-02,-1.0188e-01,-1.1981e-01,-8.1286e-02,-7.0384e-03,1.0514e-01,-5.1744e-02,1.9625e-01,3.0911e-01,-2.6408e-02,3.3400e-02,1.0837e-01,1.9655e-01,2.6319e-01,2.8881e-01,2.3296e-01,-3.3730e-02,2.5685e-01,2.0925e-01,2.5650e-01,-2.3209e-02,-6.4985e-02,2.4116e-01,-1.0121e-02,8.3984e-02,1.7583e-01,1.3848e-01
1.4518e-02,4.8342e-02,9.6006e-03,-2.0693e-01,-7.0595e-02,-1.9063e-02,-2.0474e-01,3.8813e-01,1.3450e-01,-3.0254e-02,-3.2030e-03,1.5620e-02,1.6866e-01,1.6433e-01,-3.0113e-02,-1.1908e-01,2.9188e-02,-7.3206e-03,1.5204e-01,-2.2016e-02,-1.0116e-01,2.8166e-02,-1.2120e-01,-5.4483e-02,1.9831e-01,3.9352e-01,1.2787e-02,-2.6348e-01,8.6038e-02,2.6694e-03,2.1995e-01,1.4553e-01,-1.0901e-01,8.9114e-03,5.2769e-02,-1.2625e-01,-9.5655e-02,2.2939e-01,1.4950e-01,2.0065e-01,-7.6136e-02,1.3362e-01,-7.9286e-02,1.2292e-02,1.0138e-01,1.3700e-01,-3.9625e-01,3.3879e-02,1.2715e-01,-1.6206e-01,1.6267e-01,-1.0308e-01,-1.1015e-01,-4.7991e-02,-5.5785e-02,1.5045e-01,1.3232e-01,-7.7999e-03,-2.8970e-02,2.9065e-02,-1.1588e-01,-3.6321e-03,-9.6334e-02,1.3993e-01,-1.1017e-01,-1.7404e-01,-9.4703e-02,1.2883e-01,-1.0584e-01,3.0136e-01,-9.7718e-02,1.9181e-01,-3.2964e-02,-1.2991e-01,-1.1815e-01,1.3133e-01,9.3514e-02,-7.3732e-02,-4.0697e-02,1.9847e-01,-8.8378e-02,1.0305e-01,-2.1471e-01,2.7526e-01,1.1506e-01,9.2255e-02,-1.1828e-01,2.3924e-01,2.8210e-01,1.5576e-01,5.4819e-02,3.9854e-01,3.8192e-01,4.5935e-01,-4.8478e-03,1.6488e-01,1.5321e-01,7.2604e-03,-1.3806e-01,-5.5491e-03
-7.4476e-02,-2.3276e-01,-1.0525e-01,-1.9602e-01,3.8333e-02,-5.4499e-02,-3.4165e-02,1.5315e-04,-3.1737e-01,-6.0434e-02,2.6304e-02,1.2367e-02,-1.0846e-01,2.0372e-02,-5.4583e-04,-8.4472e-02,-2.6715e-01,-4.3323e-02,-2.1886e-02,-5.7836e-02,-3.3192e-02,2.2309e-02,5.1888e-02,7.1079e-02,5.1805e-02,3.7636e-02,2.6764e-01,2.1190e-02,2.7251e-01,1.2912e-01,-2.1398e-02,9.5789e-02,9.4658e-02,-2.0209e-03,1.9335e-01,-1.2512e-01,-3.8219e-02,2.2317e-01,3.2188e-02,-2.5073e-01,-2.1110e-01,1.1738e-02,1.1916e-01,6.2311e-01,3.3687e-01,2.5197e-01,4.3427e-01,-3.6040e-01,1.9883e-01,4.1857e-02,-3.2724e-02,3.0012e-02,3.6724e-02,-1.6572e-01,5.3174e-02,2.0095e-02,-7.9884e-03,1.6830e-01,1.7615e-01,-1.6779e-01,8.1867e-02,-6.0432e-02,-1.2848e-01,6.6143e-02,-1.6017e-02,-3.6155e-02,1.9483e-01,-2.8988e-01,1.0440e-01,3.4607e-02,5.0221e-01,3.0368e-02,1.0170e-01,-3.5461e-02,8.1163e-02,-1.1371e-01,-3.2791e-02,2.2453e-03,4.0951e-03,-1.4441e-02,1.0953e-01,-1.5418e-01,4.5359e-03,-2.9171e-02,-1.4812e-01,-1.5204e-01,1.3489e-01,-1.8624e-02,2.0536e-01,-1.2443e-01,-1.1858e-01,1.7755e-01,1.9340e-01,1.1769e-01,1.0727e-01,-2.1254e-01,9.2888e-02,-2.9602e-02,-1.2570e-01,6.7252e-02
2.1520e-02,-5.8497e-02,-2.6219e-01,1.0173e-01,8.0661e-02,6.0040e-02,6.6966e-02,-1.1586e-01,3.5026e-02,8.2677e-02,2.9511e-02,7.3108e-02,-5.4344e-02,1.0095e-01,-1.2076e-01,7.2086e-02,1.8519e-01,5.0842e-02,-2.4926e-01,6.1839e-02,-9.2082e-02,-4.4918e-03,1.0624e-01,-5.3955e-02,-7.5990e-02,-3.8282e-01,7.7409e-02,3.3190e-02,-7.2652e-02,-8.4056e-02,-2.4913e-01,1.5826e-02,1.1958e-01,3.5277e-03,7.6561e-02,-4.4834e-02,-3.3367e-02,-2.5305e-01,-1.6066e-01,-2.2727e-01,1.9253e-01,1.0793e-01,-7.9477e-02,-5.4975e-02,2.1561e-01,-6.9317e-02,1.7892e-01,3.0135e-01,-6.8730e-02,6.7959e-02,7.6272e-02,5.4728e-02,1.2777e-01,1.5451e-03,1.6023e-01,-1.5696e-02,-6.6369e-02,4.9454e-03,-1.9415e-02,-1.4785e-01,7.8455e-02,-1.0325e-01,-8.1619e-02,-9.1177e-02,-6.1055e-02,-1.5538e-02,-9.9694e-02,-6.6384e-03,-1.3879e-02,9.3500e-02,-6.9233e-02,1.4404e-01,-6.7834e-02,9.6171e-02,9.0620e-02,-6.2264e-02,-1.6556e-01,-9.9690e-02,2.4234e-02,-1.4760e-01,-1.7051e-02,-5.0454e-02,9.9748e-03,1.0322e-01,-2.8390e-01,8.3513e-02,-2.8278e-02,-9.5096e-02,-1.6610e-01,4.3718e-01,-1.1531e-01,-2.1331e-01,-1.9317e-01,1.8691e-01,2.3765e-01,-2.5521e-02,1.8683e-01,-4.0120e-02,-5.4566e-02,1.3229e-01
-7.4071e-02,-3.1341e-02,4.8180e-02,-1.7941e-01,6.2355e-02,-6.0822e-02,1.3385e-01,-4.0213e-01,-1.0884e-01,1.7573e-01,1.7332e-01,-4.1673e-01,1.0802e-01,4.4526e-02,3.2474e-01,1.6316e-02,-2.2818e-03,8.2719e-02,9.0671e-02,1.3254e-02,4.1529e-02,-3.5568e-01,-2.0420e-01,-9.9744e-02,1.9228e-02,-1.4595e-02,-1.2264e-01,-1.7484e-02,-3.9090e-02,1.3569e-02,2.5221e-02,-1.3580e-01,1.2266e-02,1.0033e-03,-2.8300e-01,4.3961e-01,-9.3654e-02,-2.1482e-01,8.2956e-02,2.8688e-01,2.1745e-01,3.0619e-02,-1.0348e-01,-2.5123e-01,-1.6793e-01,-6.2243e-02,4.3842e-01,1.7554e-01,2.1236e-01,-6.2572e-02,2.9066e-02,1.0079e-01,7.7965e-03,7.6992e-02,5.9802e-02,-8.0592e-03,1.5780e-02,6.4803e-02,1.7980e-01,1.1992e-01,-1.6638e-02,-6.0347e-02,2.9286e-02,-1.3543e-01,-1.0958e-02,-4.2549e-01,-2.1786e-01,-6.3943e-02,-2.4989e-01,-2.8736e-01,-3.0142e-01,-4.1219e-01,-1.8787e-01,2.9813e-02,1.0604e-01,-1.9294e-02,-4.5332e-03,-5.8647e-02,-6.2241e-02,-1.8251e-04,-2.9294e-02,-1.2760e-01,1.3454e-01,-1.1799e-01,3.5701e-01,1.1063e-01,-6.2777e-02,1.3807e-02,-8.4458e-02,-2.9028e-01,3.0045e-01,-2.9902e-01,-2.1555e-01,-2.0847e-01,2.2844e-01,1.1964e-01,-1.8163e-01,-4.7567e-02,1.4518e-01,-8.1530e-02
1.8547e-01,3.6698e-01,3.5646e-01,6.4847e-02,-2.7613e-01,-1.3043e-01,1.1481e-01,4.2812e-01,4.0064e-01,2.8840e-01,-1.9378e-01,3.4978e-01,1.1951e-01,-4.2259e-01,-1.5325e-01,8.2892e-03,4.7702e-03,-6.0630e-02,-7.5180e-02,-1.2683e-01,1.0481e-01,6.3746e-01,-1.1747e-01,2.6948e-01,6.7922e-02,-1.5440e-01,-3.3894e-02,3.2957e-02,-9.1781e-02,1.1823e-01,3.1441e-02,-4.9196e-02,-7.3469e-02,-4.8246e-02,4.0578e-02,-3.3826e-01,2.4777e-01,1.8438e-01,1.8893e-01,6.2576e-02,-2.9105e-03,-1.0906e-01,1.0809e-01,6.0011e-02,-2.7892e-02,-1.0704e-01,-6.6823e-01,2.4319e-01,-1.8996e-01,1.7225e-01,-1.6516e-01,1.2471e-01,-3.5556e-02,1.3569e-01,3.4351e-02,-4.8745e-04,4.6845e-02,-1.0388e-01,-1.0753e-01,1.5980e-01,-7.9619e-02,2.3539e-01,1.6893e-01,-1.0430e-01,-1.1498e-01,-5.1612e-02,1.0876e-02,2.6342e-01,-5.2039e-02,-2.1950e-01,-2.3572e-01,-2.8391e-02,-1.4231e-01,-1.1053e-01,-3.2931e-01,1.4219e-02,9.6762e-02,1.0665e-01,-2.1302e-02,2.3542e-01,1.1057e-01,4.1231e-02,9.5435e-02,-2.7729e-02,2.9754e-01,2.9832e-02,2.7953e-02,-4.2560e-02,1.2393e-02,8.8775e-02,1.1841e-02,1.5861e-01,-7.2016e-02,-1.7194e-01,-3.1465e-01,1.4365e-01,-2.9217e-02,2.8639e-02,1.8776e-01,3.5312e-02
-3.4696e-02,3.8883e-02,5.3623e-02,-1.6778e-03,-3.1735e-01,6.6100e-02,-4.8169e-03,-1.5002e-01,-1.4530e-01,-5.4951e-01,-2.8534e-01,-3.1174e-01,-3.8541e-01,1.2121e-01,-2.6319e-01,-9.5344e-02,6.2369e-02,3.7272e-02,-6.3891e-02,-3.4246e-03,2.9569e-02,-1.0838e-01,1.9910e-01,5.1893e-02,-4.8322e-02,8.3441e-02,2.1075e-01,2.4635e-01,1.8331e-01,8.4446e-02,4.7004e-02,6.4478e-02,1.0348e-01,1.2970e-01,1.6374e-01,2.7203e-01,2.6249e-01,2.5829e-01,5.3659e-02,-3.7102e-02,-1.9985e-02,3.7567e-02,1.4258e-01,9.0925e-02,-5.7163e-02,-2.6551e-02,-1.9229e-02,-2.9411e-01,1.6946e-01,1.3630e-01,4.0760e-02,-1.6706e-01,-1.0927e-01,3.8814e-02,1.2199e-02,-2.7590e-02,1.4270e-02,-8.2262e-02,-2.5660e-01,3.0727e-03,-1.5380e-01,5.1043e-02,-3.5939e-02,-2.2631e-02,-5.2567e-02,2.2660e-01,5.0012e-02,-5.9279e-02,1.9703e-03,-6.8277e-02,6.6558e-02,5.1417e-02,1.3354e-02,-6.0568e-02,-5.4670e-02,6.4624e-02,-3.2534e-01,-1.0765e-01,8.1839e-02,-3.7237e-02,1.0125e-01,9.1138e-02,1.0534e-01,3.2631e-02,3.6359e-02,8.0415e-02,1.9539e-01,3.1599e-01,1.4738e-01,2.6694e-02,1.0525e-01,1.8086e-01,1.5491e-01,7.2437e-02,-2.4776e-01,1.4559e-01,-4.7750e-02,1.8698e-01,-1.4628e-01,2.5338e-01
-2.5117e-01,-2.3223e-01,-1.0688e-01,-2.7834e-01,1.0055e-01,7.4145e-02,-1.8861e-01,-1.5966e-01,1.4067e-02,-2.4897e-01,4.1974e-02,2.1518e-01,-6.8570e-02,1.4441e-01,4.9469e-02,-3.8799e-02,-4.5478e-03,-1.8340e-01,-2.0938e-02,2.1485e-02,-1.2540e-01,1.2576e-02,1.5848e-01,-2.5790e-01,3.7070e-02,3.9107e-01,1.4658e-01,1.7187e-01,3.1537e-01,1.4283e-01,1.5166e-01,2.8423e-01,3.6764e-03,8.6856e-02,7.6099e-02,5.7661e-02,1.7460e-02,4.5193e-02,-4.2817e-02,2.8568e-01,1.8245e-01,1.2457e-01,-9.3267e-03,7.9389e-02,6.6629e-02,3.1601e-02,1.2850e-01,-1.6714e-02,-1.9428e-01,1.5747e-01,2.6282e-01,2.0442e-01,1.6256e-01,-1.0201e-01,-1.9380e-02,-5.7884e-02,-1.2223e-02,-8.3200e-03,-7.3702e-02,3.1061e-02,-1.9391e-01,-9.2573e-02,3.4439e-02,1.0332e-01,-8.9435e-02,-1.9758e-01,1.4005e-01,9.8658e-02,3.0145e-01,1.4622e-01,1.5812e-01,-1.8131e-02,4.8399e-02,6.5181e-02,6.5744e-02,-8.8767e-02,2.1438e-01,-1.8464e-01,-1.9574e-01,-2.4908e-02,-1.0388e-01,-8.0962e-03,-1.1696e-01,-3.0333e-02,-7.1959e-02,5.4123e-02,-1.5263e-02,2.1706e-01,-2.3788e-03,-1.7182e-01,-1.8044e-01,-5.7783e-02,5.4671e-02,2.9771e-01,-1.5075e-01,-1.2122e-01,1.5518e-01,6.5227e-02,-3.7452e-01,2.7679e-01
-5.6896e-02,-1.3425e-01,-1.2356e-01,1.6199e-02,8.0302e-02,-7.4391e-02,6.3826e-02,-5.6686e-02,-2.3719e-01,-1.6457e-01,1.6485e-02,-6.6297e-02,-2.4477e-01,-1.2732e-01,2.6937e-01,1.5785e-02,-1.6213e-01,1.8206e-01,1.1768e-01,-5.3837e-02,-7.9810e-02,-1.3465e-01,7.2622e-03,-1.3131e-02,1.1715e-01,4.6670e-02,4.0545e-02,3.3480e-02,1.6995e-01,1.9904e-01,3.5912e-01,-8.4932e-02,1.1777e-01,8.0844e-02,6.2457e-02,3.8544e-02,1.5150e-02,9.1995e-02,-7.4159e-03,6.8715e-02,-1.7333e-01,-2.6207e-02,1.0714e-02,-3.0097e-02,-1.9978e-01,-2.2842e-01,2.1520e-01,5.3313e-02,-7.5141e-02,-1.1397e-01,-1.1450e-01,-1.1602e-01,3.2169e-02,6.2223e-02,-6.2940e-02,-9.0280e-02,-3.8011e-02,9.9685e-02,2.1739e-01,4.6185e-02,3.7357e-03,-6.0047e-02,6.2164e-03,1.6763e-01,-2.9550e-02,1.3838e-01,1.8983e-01,-3.6764e-02,-5.1616e-02,2.0270e-01,8.4172e-02,-7.4955e-02,-4.4121e-02,8.9523e-02,1.6861e-01,5.0143e-02,-5.2939e-02,2.6554e-01,-7.4230e-02,-1.6968e-01,-7.2493e-03,-3.9488e-02,-2.1758e-01,2.5739e-02,-3.2116e-01,-2.1848e-02,-1.2851e-01,-1.0057e-01,1.2128e-01,-8.0101e-02,-1.8442e-01,-1.4608e-01,8.8486e-02,4.2125e-02,4.8592e-01,-1.7687e-01,-1.0533e-01,-2.6980e-02,1.0416e-01,-7.9400e-02
1.1645e-01,2.7740e-02,-3.6018e-01,4.3881e-02,-5.6400e-02,-1.0335e-01,-1.9003e-01,3.2344e-02,1.3784e-01,2.2257e-01,8.1280e-02,5.0321e-02,3.0146e-01,-1.5410e-02,-1.7417e-01,-1.7845e-01,-1.7726e-01,2.4366e-01,6.5122e-02,-2.4988e-02,-1.2004e-01,-5.7544e-02,-1.5030e-01,2.4601e-01,2.1024e-01,2.6067e-02,2.9899e-02,5.3032e-02,-1.8836e-01,5.4092e-02,1.1115e-01,1.8670e-01,1.8011e-01,9.2776e-02,6.8795e-02,6.3161e-02,3.1936e-02,-2.0471e-01,9.4249e-02,1.4946e-02,-1.1695e-01,-3.2444e-02,-1.2806e-02,-4.3954e-03,-1.5494e-02,-1.0131e-01,-1.8120e-01,-1.4074e-02,-5.7824e-02,-2.2254e-02,-1.1080e-02,-5.9115e-02,-1.0785e-01,-5.3842e-02,3.4810e-02,1.5003e-01,-1.6846e-01,2.9236e-01,2.3289e-01,-1.2771e-01,1.1922e-01,-1.8004e-01,2.5797e-01,-2.0322e-02,2.4451e-01,-5.3958e-03,-7.7341e-02,-1.1003e-01,-1.2613e-01,4.7717e-02,1.9796e-02,-9.0788e-02,-1.1159e-01,2.2960e-02,1.0202e-01,7.0558e-02,3.8197e-02,4.3005e-02,2.5148e-01,2.8475e-02,-9.7589e-02,6.3283e-02,-1.1225e-01,1.0396e-01,-8.0913e-02,6.8982e-03,-2.1516e-01,-1.1423e-01,-4.4000e-02,9.7631e-02,-5.4531e-02,-7.4451e-02,-8.4843e-02,-7.7436e-02,2.0612e-02,2.0555e-01,2.9893e-02,-1.7011e-01,2.9181e-01,-3.8117e-01
7.0100e-02,1.7881e-01,-2.5876e-02,-3.3110e-02,-9.7316e-02,-1.1934e-01,-1.4869e-01,-2.9684e-01,-1.7400e-01,-9.0912e-02,-4.4789e-01,-5.9242e-01,1.0691e-01,-3.4759e-01,-5.0094e-01,-9.3835e-02,-5.0481e-01,-5.3631e-01,-2.7355e-01,-2.3515e-01,2.3142e-02,-3.9091e-02,2.1205e-01,2.0979e-02,1.7531e-01,-1.4165e-01,1.9263e-02,3.8702e-02,-3.5308e-02,-1.2191e-01,-7.1125e-02,-5.7469e-02,1.8491e-01,7.7666e-02,7.7219e-02,7.3681e-02,-5.1815e-02,3.4346e-02,1.1071e-01,-1.7569e-02,4.1921e-02,-9.5522e-03,-2.8835e-02,-2.8686e-02,-2.0336e-02,7.8865e-02,-1.1893e-02,-2.2302e-01,2.7405e-02,-2.2724e-01,-2.1470e-01,-8.6148e-02,4.1547e-02,1.3815e-01,-1.3659e-01,1.0557e-02,1.8501e-01,-2.3392e-01,-1.0041e-01,-3.5422e-02,5.7031e-02,1.6834e-01,-1.0615e-01,2.9608e-02,1.9797e-01,-1.5386e-02,-1.3526e-01,6.7750e-02,-4.4024e-02,-8.7534e-02,-4.5797e-02,3.0478e-02,2.5886e-02,1.9640e-02,-1.5810e-02,-3.3603e-02,-3.2379e-02,7.8510e-03,1.0271e-01,1.1912e-01,-1.2567e-01,-7.9620e-02,1.1004e-01,-1.6781e-01,1.3097e-01,-3.1330e-02,-8.2766e-02,-1.4378e-01,-1.3441e-01,-1.2253e-01,8.7816e-02,1.6363e-01,-7.2640e-02,-1.7755e-01,-3.7345e-02,-2.2645e-01,2.4474e-01,-1.2667e-01,8.4146e-02,4.1275e-02
-3.7287e-02,1.6367e-01,1.0463e-01,-8.9822e-02,-9.2359e-02,-1.1214e-01,-1.5205e-01,-8.7745e-02,-2.4223e-01,6.8411e-04,-1.3295e-01,-1.6634e-01,-1.7320e-01,-4.6385e-02,1.5762e-02,-9.4550e-02,1.4625e-01,-3.5769e-01,-4.0812e-01,-1.5310e-02,7.8155e-02,-2.7416e-02,3.2664e-01,-1.1716e-01,1.7310e-01,1.4976e-01,-6.0766e-02,3.0571e-02,5.5552e-02,-7.8359e-02,-6.9241e-02,3.8471e-02,-7.2397e-02,-1.3424e-01,-1.2493e-01,-7.2174e-02,7.8100e-02,1.4756e-01,8.7028e-02,5.1358e-02,1.7190e-01,8.8361e-02,-1.9270e-02,-4.6023e-02,-4.9781e-02,7.8098e-02,-6.9991e-02,-1.4593e-01,-7.2382e-02,-1.5625e-02,-5.2012e-02,-3.2983e-02,1.3603e-01,-8.9145e-02,5.7604e-02,-1.4329e-01,5.6803e-02,-7.8896e-02,-2.5456e-01,-1.0148e-01,2.3340e-03,2.2397e-01,-1.8724e-01,9.8964e-02,-7.7818e-02,1.2868e-01,-7.4798e-02,-6.7033e-02,1.9646e-01,-5.7540e-02,3.8151e-02,1.7014e-01,3.2535e-01,-5.7911e-03,-2.2177e-02,-2.6193e-02,-6.3156e-02,-1.0582e-01,-6.6994e-02,2.4493e-01,5.1475e-03,-1.6177e-01,7.8968e-02,-1.6967e-01,2.0363e-01,-2.3866e-01,2.0005e-02,-5.1433e-02,-9.1346e-02,-3.3478e-02,-4.0051e-03,4.1973e-02,4.4367e-03,-5.8291e-02,-6.4166e-02,-8.3607e-02,-9.7755e-02,2.8859e-02,-4.4437e-02,1.8950e-01
-5.1978e-02,-1.5648e-01,1.4546e-01,-1.0294e-01,-8.5408e-02,-9.0798e-02,-9.8485e-02,1.4004e-02,-5.1123e-02,-2.3992e-01,1.6231e-01,1.4522e-01,-2.9021e-01,-5.1516e-02,1.4397e-02,6.2597e-03,3.2807e-01,5.3162e-01,5.9503e-01,5.4206e-01,9.4960e-02,3.8685e-01,-1.6090e-01,1.2264e-01,-5.3190e-01,-2.7552e-02,4.0046e-02,1.1641e-01,4.6545e-01,7.0855e-02,1.1025e-01,3.0412e-01,9.5522e-02,1.8976e-01,2.3088e-01,2.9593e-01,1.9039e-01,1.7632e-01,2.7069e-02,3.5036e-02,1.0081e-01,1.7492e-01,8.9813e-02,-3.8892e-02,-6.6932e-02,-1.9441e-02,-9.8288e-02,1.8022e-02,-1.1412e-01,1.1049e-01,-2.5041e-03,-8.6382e-02,-1.0495e-01,-4.8482e-02,2.0313e-01,3.8179e-02,3.9924e-03,-2.3685e-02,9.0566e-02,1.4577e-01,-2.8737e-02,-6.0807e-02,3.2216e-01,-1.1625e-01,1.5966e-01,1.5666e-01,1.3652e-01,1.0218e-01,2.1728e-01,1.4282e-01,8.3312e-02,1.0601e-01,4.3316e-03,3.4170e-02,-9.1315e-03,3.9049e-03,-8.0657e-03,-6.6433e-02,-1.5695e-01,-1.2097e-01,4.0641e-01,-5.0974e-02,-7.8451e-02,2.0649e-02,-4.6371e-02,1.5827e-02,6.6492e-02,4.2350e-02,-1.2965e-01,2.1554e-02,-1.4379e-01,-1.0202e-01,-2.7243e-02,-3.7705e-02,-1.9595e-01,3.4772e-02,-1.4434e-01,3.3637e-01,-7.0249e-03,1.5142e-01
-5.1242e-02,-5.7726e-02,-5.4035e-02,1.0230e-01,-2.6770e-02,-1.0209e-01,6.0623e-02,-2.3371e-02,2.1122e-02,-4.1738e-01,-2.2999e-01,2.8480e-01,-1.6583e-01,-5.9023e-02,-1.0159e-01,-3.6658e-02,-6.6933e-02,1.2767e-01,-1.6946e-01,-3.6666e-01,-4.4089e-02,-2.1820e-01,-1.3801e-01,-6.3230e-02,1.4018e-01,1.2409e-01,1.3968e-02,5.8265e-02,1.8418e-01,3.5421e-01,7.7981e-02,-5.4493e-02,3.1963e-02,1.0243e-01,1.4733e-01,1.6535e-01,1.8079e-01,2.9243e-01,-6.8437e-03,2.6126e-03,1.8283e-02,2.9559e-02,1.1319e-01,7.9868e-02,-6.3171e-02,-8.0001e-02,-1.3693e-01,9.7462e-02,-1.0354e-01,-1.3421e-01,-4.4676e-02,1.0456e-01,-2.5114e-01,-1.0340e-01,4.2709e-02,-8.7245e-02,-1.1475e-01,2.6677e-01,1.7040e-01,1.6839e-01,7.0682e-02,-1.9290e-01,9.0591e-02,1.4134e-01,-6.7255e-02,-2.4239e-03,3.5454e-01,9.2805e-02,6.3764e-03,1.5146e-01,2.0737e-02,8.3478e-02,-1.2835e-02,1.4858e-01,1.6704e-02,3.3022e-02,3.5357e-02,5.6376e-03,-7.1081e-02,-1.8655e-01,-1.3301e-01,2.0521e-01,-1.0072e-01,-4.7047e-03,-3.7030e-01,5.1512e-02,-2.9551e-02,-7.0647e-02,1.1347e-02,-1.4350e-01,-1.2995e-01,-1.3883e-01,-9.4247e-02,-4.9662e-02,-1.2134e-01,2.2305e-02,-1.8516e-01,-1.0341e-01,-2.9716e-02,2.8080e-02
-5.8991e-02,-2.6482e-01,-4.4628e-02,3.6938e-01,1.3020e-02,3.8582e-02,-4.1613e-02,-7.3712e-02,-5.5694e-02,-9.5897e-02,-1.3987e-01,-4.8252e-01,5.4643e-02,-7.5262e-02,-9.5348e-02,-6.2327e-02,-1.6744e-01,-7.2034e-02,6.9420e-03,-1.1408e-01,-5.9522e-02,-1.0284e-01,-7.8708e-02,1.1368e-01,1.8283e-01,3.0979e-01,2.9394e-01,7.2778e-02,1.7529e-02,3.1348e-01,2.9395e-01,1.7823e-02,2.8243e-01,3.2647e-01,1.2755e-01,8.5028e-02,-1.1348e-01,6.3388e-02,-7.5322e-02,2.8600e-01,-5.5674e-03,-5.6932e-02,-1.0807e-01,-4.5955e-02,1.9797e-02,-1.1779e-01,-1.5559e-01,1.9742e-02,-1.2504e-01,-2.7275e-01,6.1373e-02,-2.1520e-01,2.0590e-02,-1.5206e-01,-4.8681e-01,-1.1912e-01,-1.4453e-02,-1.1486e-01,-1.0039e-01,8.6113e-02,9.5556e-02,1.5725e-01,1.9831e-02,6.1349e-02,7.5403e-02,6.1413e-02,8.4387e-02,1.7528e-01,-2.4612e-02,-3.6839e-02,1.5394e-01,8.5485e-02,-8.8634e-03,-6.8788e-03,1.0133e-01,7.1633e-02,6.8296e-02,5.3755e-02,1.6766e-02,-7.3347e-02,-1.9510e-01,-1.2966e-01,9.4412e-02,-1.3190e-01,-1.5278e-01,-6.8721e-02,-5.5622e-02,-8.4103e-02,-1.3568e-01,-2.2155e-01,1.2372e-02,-1.6349e-01,-1.2766e-01,-6.9163e-02,-1.9590e-01,-6.3761e-02,-8.4462e-02,-2.0190e-01,-4.5683e-02,1.1040e-02
1.0112e-01,1.9300e-01,-3.9818e-02,-4.2013e-01,5.5808e-02,-1.5880e-02,2.1879e-02,-5.9667e-02,-1.2825e-01,-1.3240e-02,-8.3449e-02,-2.8003e-01,-1.0717e-01,-2.1165e-01,-1.6134e-01,-1.1140e-01,-2.4138e-01,-4.2146e-01,-1.2905e-01,-4.3931e-02,-3.8505e-02,-9.3646e-02,3.6081e-01,2.1036e-01,3.8970e-01,-9.3583e-02,7.6883e-02,3.5899e-01,-1.4049e-01,-4.9686e-02,1.5213e-01,2.1622e-01,1.3947e-02,5.5180e-02,3.7087e-02,1.0429e-01,2.6562e-02,1.3118e-02,-6.1027e-02,-4.2472e-02,2.6003e-02,-1.1327e-01,-2.2761e-01,-1.2834e-01,-8.0424e-02,-5.4210e-02,-1.2151e-01,-3.1929e-01,-1.4681e-01,-1.7217e-01,-2.5947e-01,-1.5032e-01,-3.0809e-02,5.2438e-02,1.2936e-01,1.5478e-01,-3.4764e-01,-3.4841e-01,9.4909e-02,-2.2847e-01,-1.1126e-01,-2.3969e-01,5.9434e-02,3.6372e-02,1.9198e-02,1.1091e-01,1.3332e-02,2.2804e-01,-1.2223e-02,-3.3457e-02,6.0857e-02,1.1930e-01,3.7438e-04,6.7927e-03,2.3349e-01,9.7726e-02,4.9784e-02,3.8679e-02,5.2748e-02,3.0526e-02,-6.4893e-02,-1.8415e-01,-1.7007e-01,-5.9668e-02,1.8628e-01,-1.5518e-01,-2.0201e-01,-1.1453e-01,-1.8808e-01,-1.3167e-01,-1.0517e-01,-1.5999e-01,-1.3380e-01,3.8940e-02,2.1037e-01,-1.7333e-01,2.0116e-01,-1.1282e-01,-5.0350e-02,-5.5287e-02
3.1197e-01,1.8049e-01,-1.4437e-01,-2.8360e-01,-1.3381e-01,-1.2998e-01,-6.7703e-02,-6.1247e-02,-6.9561e-02,-1.4928e-01,-7.4044e-02,-7.8665e-02,-1.2067e-01,-1.1663e-01,-9.6279e-02,-1.5419e-01,-2.3034e-01,-1.9682e-01,-1.5755e-01,2.4553e-01,4.5994e-02,2.9089e-01,-6.7059e-02,-1.6471e-01,1.7435e-01,-3.0047e-01,8.1422e-02,-1.6590e-03,1.1368e-02,-5.0542e-02,-1.7000e-01,1.1863e-01,-4.6515e-02,-1.4898e-01,1.2576e-02,-7.5536e-02,2.7666e-01,-9.8598e-02,-1.5175e-02,-4.8258e-02,-2.9998e-02,-8.0978e-02,-9.5646e-02,-5.1978e-02,-4.3880e-02,-1.0166e-02,1.5594e-01,-2.9661e-01,-6.2811e-02,-3.6616e-03,-2.3155e-01,-9.4799e-02,-6.2627e-02,-7.4448e-02,-8.6410e-03,-1.2585e-01,1.2456e-01,1.1113e-01,-1.9029e-01,-6.5260e-03,1.0576e-02,8.4986e-02,8.8104e-02,-2.1105e-02,-8.5742e-03,-7.5117e-03,5.2861e-02,1.0494e-01,5.6575e-02,-3.8862e-03,7.5324e-02,1.5393e-01,2.9349e-02,4.9216e-02,1.0204e-01,9.2614e-02,-1.7021e-02,-2.8927e-02,-5.9585e-03,4.6652e-02,5.6621e-02,-3.6007e-02,-1.8613e-01,-4.5676e-02,2.1359e-01,-1.5279e-01,-3.3586e-01,-1.8696e-01,-2.1771e-01,-8.2177e-02,-1.4083e-01,2.1019e-02,-6.9636e-02,-1.4737e-01,2.5136e-02,-1.6521e-01,-2.3593e-02,6.8156e-02,-2.7110e-02,-1.7680e-01
-2.4494e-01,1.6773e-01,2.2646e-02,-9.4923e-02,-1.2915e-01,-2.3100e-02,-3.4177e-01,-3.3813e-01,-2.7317e-02,-2.9374e-02,-3.1397e-01,6.6874e-02,-1.3576e-01,-6.0202e-02,-1.3096e-01,-3.8509e-02,1.3798e-01,5.4359e-04,1.4872e-01,-3.1944e-02,-2.2880e-01,-1.9055e-01,-2.1330e-01,-1.2252e-01,-9.0976e-02,5.5520e-02,-1.7295e-01,-2.5589e-01,1.1869e-01,9.8381e-02,1.5167e-01,6.4189e-02,1.0835e-01,3.1339e-01,1.2300e-01,-1.8432e-01,-1.8718e-01,1.6723e-01,1.1272e-01,-6.6894e-02,-7.4242e-03,-9.4167e-02,2.5247e-01,-2.9146e-02,-4.0648e-02,-4.4613e-02,-2.4258e-02,8.5926e-02,-8.4212e-02,-8.0975e-02,3.1591e-02,-3.0250e-02,-2.1465e-01,-2.6815e-02,3.0277e-02,-1.6928e-01,-1.4031e-01,3.5462e-01,1.7721e-01,2.5193e-01,2.7199e-01,4.3349e-01,2.1843e-01,3.0926e-01,3.1706e-01,1.1489e-01,-1.4491e-01,8.6552e-02,2.2885e-01,5.8540e-02,9.0258e-02,2.8976e-02,2.4953e-01,1.1574e-01,3.3007e-02,1.5429e-01,-4.7093e-02,-5.0594e-02,-7.6719e-03,6.3861e-02,1.6261e-01,2.3929e-01,2.5359e-01,-7.8532e-02,-2.1240e-01,-3.7940e-02,-1.8974e-01,-2.4113e-01,-2.0758e-01,-1.1695e-01,-4.1082e-02,-1.2995e-01,-2.7662e-01,-2.5559e-01,-9.6976e-02,3.4767e-02,-2.4728e-02,4.2503e-02,5.6266e-02,-7.5518e-02
-1.3306e-02,1.9115e-02,2.0620e-01,1.3170e-01,1.8051e-01,-5.1047e-02,-1.3234e-01,-3.3681e-01,-9.0019e-02,-1.6125e-02,-2.5020e-02,-7.4893e-02,-5.8986e-02,1.1140e-01,6.5805e-02,-7.8872e-03,1.4378e-01,4.9459e-01,1.0851e-01,-1.2788e-01,9.8221e-02,1.0149e-01,6.7126e-03,-5.9742e-02,-3.1620e-01,-1.1704e-01,2.2481e-01,5.3013e-02,2.1955e-01,2.1483e-01,6.1079e-02,1.3847e-01,1.2471e-01,-1.3532e-01,-1.1575e-02,1.9384e-01,8.3998e-02,9.5822e-03,9.0259e-02,1.1622e-01,8.5841e-02,9.1585e-03,-9.4673e-02,5.5878e-02,-2.1598e-02,-4.5251e-02,-6.3481e-02,7.2022e-02,8.5732e-02,-7.7164e-02,-3.4336e-02,-1.1988e-01,-1.0096e-02,-3.1586e-02,-2.2646e-02,7.8526e-02,1.9206e-01,-1.4148e-01,-2.3067e-02,-6.1390e-02,-3.3654e-01,-1.0072e-01,-1.3734e-01,-2.8774e-02,3.0233e-01,1.6881e-01,6.2036e-02,-2.5361e-01,3.1506e-01,1.4885e-01,6.4112e-02,2.1008e-02,8.2422e-02,2.1259e-01,-2.9365e-02,-6.0919e-02,1.0725e-02,7.8697e-02,1.3056e-01,3.6129e-02,-1.6518e-03,-1.2263e-01,6.9041e-03,-2.2570e-03,-2.6957e-01,-6.0017e-02,2.5528e-01,-1.7118e-01,-4.8755e-02,1.4836e-01,-1.9152e-02,-6.5744e-03,-8.1164e-02,-9.4141e-02,-7.9061e-02,1.1222e-01,2.8751e-02,1.4887e-01,-6.2096e-04,-1.2012e-02
1.6216e-01,-3.6492e-01,1.0316e-01,3.9706e-02,-4.3532e-02,-2.1110e-01,1.5954e-01,3.0897e-01,-2.2730e-01,-7.3640e-02,1.4597e-01,-3.9366e-02,-5.1370e-04,-5.7338e-02,1.1130e-01,1.1307e-01,-5.7300e-02,-1.2570e-01,-1.9416e-01,-1.5009e-01,9.2388e-02,1.4302e-01,-3.5745e-02,8.2612e-02,-5.4892e-02,4.5034e-01,-2.9921e-01,-1.3783e-01,-1.6383e-02,1.3820e-01,1.0550e-02,4.8972e-02,3.0752e-01,2.7528e-01,2.1215e-02,2.0943e-02,1.7102e-01,-3.1229e-02,1.1673e-01,6.3612e-02,7.1603e-03,2.3728e-01,-5.8441e-02,8.8318e-02,5.1688e-02,-1.7348e-02,-6.6112e-02,-1.0535e-01,-1.0783e-01,1.6486e-01,-1.6044e-01,-5.5185e-02,2.3465e-02,9.1216e-04,-5.0787e-02,-7.7828e-02,2.8538e-01,-2.4916e-01,-1.3619e-01,-9.1642e-02,4.2094e-02,2.6340e-02,-1.9940e-01,-3.0845e-01,1.2957e-02,2.0490e-01,2.8725e-01,1.7843e-01,-3.2342e-01,3.3965e-01,5.4426e-02,5.2183e-02,1.2756e-01,1.4394e-02,7.5634e-03,-6.6393e-02,2.6189e-01,4.3566e-02,-4.1918e-02,-6.5022e-02,-1.2443e-01,-2.0318e-01,-8.2182e-02,-7.7841e-02,-1.5832e-01,-1.1121e-01,-2.0126e-01,3.7945e-01,1.0527e-02,-2.1196e-01,-1.2722e-01,-1.0403e-01,1.4893e-01,1.3716e-01,-1.1050e-01,-1.1813e-02,-8.2369e-02,-7.6588e-02,-1.4645e-01,1.7641e-01
-8.6899e-02,-1.9496e-01,-1.7188e-01,-1.7118e-02,-2.2692e-01,-2.9755e-02,9.9684e-03,1.1808e-01,2.4375e-01,-2.7139e-01,3.3572e-02,-1.2086e-01,-1.1490e-01,-9.9746e-02,-2.0881e-01,-1.9991e-01,-1.0088e-01,-1.2608e-01,-1.4524e-01,-2.5983e-01,-4.4948e-03,-5.6344e-02,1.0001e-01,2.0752e-01,1.4341e-01,1.3726e-01,2.5277e-01,6.5686e-01,-5.0905e-02,-6.1059e-03,-2.9113e-02,-1.4989e-02,6.6010e-02,4.7027e-02,1.6434e-01,1.4303e-01,1.1634e-02,3.2368e-01,1.0597e-02,1.5894e-01,1.7116e-01,-2.8918e-02,1.6467e-01,-7.6256e-03,1.9317e-01,7.3307e-02,-5.2391e-02,-1.5242e-01,-1.6410e-01,-2.0068e-01,2.3286e-01,-1.4692e-01,-2.4369e-01,-3.3620e-01,-1.4806e-01,-2.4197e-01,-1.6497e-01,1.0596e-01,1.1360e-01,6.6903e-02,3.4927e-02,9.5675e-02,5.2679e-01,1.1636e-01,-4.9364e-01,-1.8700e-01,2.0028e-01,3.4961e-01,1.7498e-01,-6.6937e-02,2.2801e-01,1.4625e-01,5.7137e-02,-4.4671e-02,-3.6899e-02,2.7186e-02,4.1224e-02,5.5344e-02,-4.4236e-02,-8.0183e-02,-2.9011e-01,2.2973e-02,-1.4619e-01,-2.1089e-01,-1.9865e-02,-4.6568e-02,1.0588e-01,-3.7294e-01,1.2903e-01,-3.8624e-01,-2.2687e-01,-2.2475e-01,-2.0821e-01,-1.4208e-01,-1.1535e-01,4.4881e-02,-6.6767e-02,-1.9531e-01,-1.4571e-01,3.4062e-02
-1.9212e-01,-7.6028e-02,-2.5379e-01,-7.2457e-02,-1.1789e-01,4.4466e-02,-7.2482e-03,-3.4241e-02,-7.5562e-02,6.1189e-02,-1.9590e-01,1.1613e-02,-3.3063e-02,8.3232e-03,-1.5139e-01,-1.2060e-01,-2.3223e-01,-3.2848e-01,2.1234e-03,3.3118e-02,-2.9709e-01,1.2701e-02,-3.0585e-01,1.1454e-01,2.8108e-01,-4.8938e-02,4.6765e-01,1.1512e-01,5.4481e-02,1.4182e-01,1.8345e-01,-1.0078e-03,-3.2736e-01,1.6391e-02,-7.7470e-02,1.6621e-01,-1.5406e-01,-1.6893e-01,-1.3570e-01,-2.6435e-01,-7.5816e-02,1.6084e-01,-1.8628e-01,-1.6762e-01,-1.5484e-01,-1.4028e-02,-6.0965e-02,-9.0265e-02,-7.4836e-02,-2.7316e-02,9.6989e-02,-7.6823e-02,-1.2215e-01,-1.4466e-01,2.1836e-02,-6.4063e-03,-8.0991e-02,-2.6173e-02,7.5217e-02,2.2182e-02,1.0062e-01,5.6852e-02,-1.6231e-01,5.3310e-01,1.2671e-01,-1.4027e-01,2.3287e-01,1.7190e-01,1.6135e-01,3.3805e-01,-1.1825e-02,2.8901e-01,4.5538e-03,-3.4138e-02,-4.2281e-02,1.7605e-01,-8.2013e-03,1.0758e-01,3.1505e-02,-1.5216e-01,-7.0472e-02,5.1917e-02,-2.2494e-01,-1.2447e-01,1.1414e-01,1.4494e-01,-2.0693e-01,-9.7436e-02,-1.3919e-01,2.4494e-01,-1.8390e-01,-1.7695e-01,-1.0601e-01,-5.2674e-02,-1.0040e-01,-4.6561e-02,-1.5500e-02,-2.3410e-01,-1.6872e-03,-3.6485e-02
1.2123e-01,4.1262e-01,-1.2463e-01,-2.0046e-01,4.2836e-02,7.2898e-02,-1.0411e-02,-5.1859e-02,-1.3617e-01,9.7140e-02,7.6152e-03,3.9586e-02,2.8880e-02,-2.3353e-01,-1.1882e-01,1.1854e-02,2.5059e-01,2.8262e-02,1.0986e-01,4.3875e-01,3.8140e-01,-5.9807e-02,2.1608e-01,-6.8469e-02,-4.8593e-02,-3.3454e-01,-2.8795e-01,-3.8371e-01,-2.4487e-02,2.8608e-02,-1.1837e-03,1.6330e-03,-1.7123e-02,-1.9879e-02,1.6387e-01,-1.3808e-01,2.5129e-01,-8.9309e-02,-1.5848e-02,-5.9106e-02,-3.0135e-01,-1.2668e-01,2.9662e-02,2.4920e-02,-1.6352e-01,-3.9153e-02,3.1851e-02,2.0546e-01,2.3975e-02,-1.4909e-01,1.2865e-02,1.7592e-02,1.0390e-01,1.2517e-01,-8.7503e-02,1.2358e-01,-1.3267e-01,-1.1573e-03,-1.3518e-01,1.0960e-01,2.7836e-01,-2.0754e-01,2.4949e-01,1.7920e-01,5.7681e-01,6.3689e-02,-1.2627e-01,2.2266e-01,1.5787e-01,-7.0881e-02,1.2528e-01,-1.2823e-01,2.1228e-01,1.0105e-02,2.2122e-01,-6.3354e-03,2.5725e-02,1.9901e-02,-1.7547e-02,-1.8737e-03,1.1323e-01,4.1842e-03,-6.5518e-02,2.1607e-01,6.9029e-02,-9.2926e-02,-3.7734e-01,-1.5137e-01,-3.5627e-01,-1.2385e-01,2.4879e-01,-6.8105e-02,-8.2546e-02,-1.6469e-01,1.4781e-01,-2.5108e-01,-2.9616e-01,1.2509e-01,1.1112e-01,8.5602e-02
-3.6697e-02,-5.1722e-02,1.8074e-01,2.1863e-01,3.0409e-01,5.2288e-02,3.3618e-02,-1.5344e-01,-8.8222e-02,7.5821e-02,5.0256e-03,4.2502e-02,-7.4921e-02,7.7570e-03,3.8704e-01,9.2750e-02,3.9890e-02,2.6368e-01,8.5505e-02,9.9545e-02,1.2033e-02,9.1122e-02,-4.4949e-02,-1.2749e-01,-3.7872e-02,-4.2278e-01,-1.3073e-01,-4.4163e-02,2.4242e-01,-1.2123e-01,9.5906e-02,1.6066e-01,6.3327e-02,-5.2599e-02,-4.1825e-02,-1.8738e-01,1.5504e-02,-1.0873e-01,-6.1542e-02,-5.3122e-03,-2.3126e-02,-2.1189e-01,-1.8960e-01,4.5550e-02,8.0091e-02,4.4691e-02,3.7905e-03,3.4196e-02,1.3513e-01,-1.7207e-02,-1.1945e-01,-3.8608e-02,1.5963e-01,2.4950e-01,-2.2984e-01,3.8466e-02,-1.7744e-01,1.4763e-02,-1.1120e-02,1.0773e-01,-4.1215e-02,1.8388e-01,-2.3301e-01,-4.0394e-01,7.9744e-02,5.3697e-01,-2.1548e-01,-2.3886e-01,1.2746e-01,-3.2275e-02,-9.1982e-02,-1.2965e-02,-1.4611e-01,4.4719e-01,2.2351e-02,-6.5870e-02,-1.7121e-01,-2.8618e-01,-3.5803e-03,1.5902e-01,1.0713e-01,-1.9581e-02,2.2835e-03,-3.2788e-02,-2.5286e-01,-4.0446e-01,3.3039e-02,-1.4403e-01,-1.0871e-01,-8.5563e-02,-5.6634e-02,2.5004e-03,-1.1582e-01,-1.8322e-01,-7.7756e-02,-1.5317e-01,2.7637e-03,1.2447e-01,-8.6479e-02,1.2236e-02
2.4139e-01,8.0541e-02,1.9476e-01,-1.5729e-02,3.9112e-01,-5.6102e-02,1.0633e-03,4.7653e-02,-2.5008e-02,1.7038e-01,9.0197e-02,-5.7113e-02,-2.2117e-01,2.5667e-02,9.5898e-02,1.8049e-01,-1.3718e-02,5.7607e-03,-1.3962e-01,-1.0583e-01,-4.6755e-02,8.5673e-02,6.9658e-02,-2.0516e-01,-2.1502e-01,3.7061e-01,-3.7781e-02,-4.9622e-02,-4.0779e-02,-4.7654e-02,1.1397e-01,6.4459e-02,5.3725e-02,-7.4671e-02,-2.5703e-01,-5.3571e-02,-4.8073e-02,4.8285e-02,1.8662e-04,2.7572e-02,3.6833e-01,1.0987e-01,-6.2355e-02,-1.2395e-02,4.4066e-01,3.5122e-01,-2.0892e-01,-2.8288e-01,4.4169e-02,2.0248e-01,-9.6880e-02,-2.8572e-02,-6.7481e-02,5.7411e-02,1.8923e-01,-1.4029e-02,4.6823e-02,3.0111e-02,-1.3131e-03,5.1025e-02,-4.9238e-02,-2.7989e-02,-1.3984e-01,1.5675e-01,-2.9814e-01,-1.7364e-01,1.3625e-01,-3.6130e-02,-5.4645e-03,1.8782e-02,4.6729e-02,2.7977e-01,-5.6234e-02,-2.2441e-01,3.4820e-01,2.0266e-01,1.5563e-01,-9.9966e-02,4.9997e-02,4.3539e-02,4.2187e-02,-2.4505e-02,3.7484e-02,-2.3684e-01,-1.8862e-01,-2.1241e-01,-2.6599e-02,-1.4855e-01,8.9476e-02,-1.7280e-01,-1.6129e-01,2.8603e-03,2.9951e-02,-1.0729e-02,-1.8290e-01,1.4087e-01,1.2715e-01,1.4834e-02,-4.9105e-02,-6.0498e-02
1.2958e-02,-1.4953e-01,8.2220e-03,4.6469e-02,-1.9175e-01,2.0462e-01,-1.3656e-01,6.0965e-02,8.9491e-02,1.9912e-02,-2.6007e-01,-2.1698e-01,4.8649e-02,2.9718e-01,-1.2129e-01,-1.3004e-01,-9.2410e-02,1.2590e-02,1.7027e-01,-4.1326e-01,7.3274e-02,2.1706e-02,1.8448e-01,3.3017e-02,6.3425e-02,4.5200e-01,1.5978e-01,2.5795e-02,-8.9047e-02,-2.6179e-03,-1.1629e-01,-8.2785e-02,-4.5043e-02,3.9827e-02,2.0702e-02,6.3688e-02,-1.4842e-01,3.1676e-01,8.1384e-02,4.0762e-01,7.1120e-02,3.9357e-02,3.4904e-01,1.3884e-01,-3.5088e-01,8.1527e-02,4.1122e-01,-5.3537e-02,-1.1202e-01,3.5676e-02,-5.0409e-02,9.7188e-02,-2.7278e-02,-5.5765e-02,1.5493e-01,1.0337e-02,1.5141e-01,4.2377e-02,-2.1398e-03,-8.7075e-02,-4.9125e-02,-3.8776e-02,2.1325e-01,-1.1105e-01,3.7455e-02,1.0996e-01,3.3646e-03,6.9646e-02,-2.7930e-02,-3.7611e-02,-1.0246e-02,1.3725e-01,1.4210e-01,2.1301e-02,-1.1482e-01,2.5302e-01,5.7217e-01,2.6491e-01,3.2452e-02,3.8834e-02,3.4399e-02,9.1242e-02,6.1473e-02,9.8112e-02,7.0324e-02,-7.5572e-03,6.0966e-02,-1.0022e-01,-6.7551e-02,-4.1772e-02,-2.4304e-01,-2.4176e-02,1.4445e-01,6.4077e-02,-9.2827e-02,-4.3619e-02,4.2679e-01,2.5014e-02,1.2971e-01,-6.1176e-02
-1.8935e-01,-1.0165e-01,-6.1424e-02,-6.2325e-02,-3.3410e-01,1.4363e-01,-3.2089e-02,1.6642e-01,2.6671e-01,-2.7671e-01,-1.2365e-02,7.9723e-02,2.5275e-01,1.5881e-02,-2.1944e-01,-2.5267e-01,1.0120e-01,1.1869e-01,-7.3558e-02,-1.3386e-01,-1.4017e-01,-2.6561e-01,-1.3996e-01,2.4713e-01,9.7180e-02,1.2821e-01,-1.4933e-01,-1.4833e-01,1.9419e-01,9.5241e-02,-4.3312e-01,-1.5378e-01,-7.9182e-02,-8.5917e-03,6.4290e-02,1.9224e-01,4.9012e-02,-1.2607e-02,4.7478e-02,-3.0212e-01,-2.2486e-01,8.1442e-02,2.6888e-01,-2.7013e-01,-2.8662e-01,-3.7787e-01,7.6638e-02,2.6105e-01,-1.1693e-01,8.6461e-03,2.7665e-01,3.4749e-02,1.4222e-01,5.2648e-02,2.5970e-02,-4.0296e-02,2.9290e-01,2.8178e-01,-3.3987e-04,-1.9666e-01,-4.2655e-02,-1.8238e-02,1.8930e-01,-1.4417e-01,1.3475e-01,-1.8370e-01,2.3409e-01,1.6394e-01,-6.8260e-02,2.1949e-02,1.9674e-01,-2.8240e-01,1.8150e-01,1.9618e-01,9.3055e-02,-1.7648e-01,-3.1789e-01,2.3194e-01,-8.9044e-02,-1.8035e-01,-1.6628e-01,-2.9015e-01,-1.7075e-01,-3.7282e-02,1.2907e-01,1.6097e-01,1.5234e-01,2.3308e-01,1.7962e-01,1.0595e-01,3.0482e-01,1.0809e-01,-3.4761e-02,2.2548e-01,-3.4021e-02,-5.9868e-02,-5.2359e-02,7.5237e-02,3.7822e-02,3.0929e-04
7.1036e-02,6.9807e-02,-7.1834e-02,1.1612e-01,6.0417e-02,-2.6838e-01,3.5819e-01,-8.7371e-02,1.0280e-01,1.3321e-01,9.4386e-02,8.3994e-02,4.3968e-01,-1.9465e-01,-9.3285e-02,3.3821e-01,1.0013e-01,9.3326e-02,7.4329e-02,3.4009e-01,2.8716e-03,-1.0594e-01,1.2851e-01,-3.0039e-02,-1.4895e-01,-3.7682e-01,2.1085e-01,6.7291e-02,-1.7426e-01,-2.5073e-01,1.0591e-01,-2.4691e-01,-9.1112e-02,1.1013e-01,1.5180e-01,-5.2759e-02,2.2522e-02,-4.9330e-01,-2.4641e-01,-1.6963e-01,-2.2953e-02,1.9473e-01,-1.9838e-01,4.3374e-02,1.4985e-01,-3.2018e-01,-2.7705e-01,2.9076e-01,1.6988e-01,-4.6505e-02,-3.1809e-02,2.8170e-01,5.5307e-02,3.0209e-02,1.1368e-01,2.6131e-01,-1.1554e-01,-1.4492e-01,-8.1789e-02,6.8671e-03,1.1234e-01,3.5571e-01,1.1577e-01,4.1139e-01,2.0364e-01,1.0272e-01,-2.7266e-02,7.5888e-02,1.0929e-01,1.4047e-01,-1.5171e-01,-1.5539e-02,-5.4376e-02,-8.0450e-02,-2.9500e-02,-7.1198e-02,-2.4342e-01,-6.9387e-02,5.7162e-02,-1.7594e-01,9.5885e-02,-1.2186e-02,-1.2988e-01,-6.2426e-02,8.8782e-02,1.9345e-01,-8.3683e-02,3.0195e-02,-1.6138e-01,-1.7197e-01,-3.3223e-02,-5.3151e-02,-2.9564e-01,-1.0689e-01,3.2882e-01,-4.9359e-02,-2.5266e-01,-2.1094e-02,8.3890e-03,1.7695e-01
3.1132e-03,2.7446e-01,-1.4932e-01,-1.5305e-01,2.3136e-02,-3.1089e-02,4.8979e-02,5.1598e-02,-3.3281e-01,2.1031e-01,1.5439e-01,4.3763e-01,1.6855e-01,1.0461e-01,4.1717e-01,1.0945e-01,-1.8135e-02,-1.1909e-01,-2.4649e-02,1.7163e-01,-9.5034e-02,3.5049e-01,7.0552e-02,-6.9996e-02,-3.4663e-02,-3.6713e-01,-2.5874e-02,1.0802e-01,-1.9180e-01,-3.3950e-02,-6.1810e-02,1.1855e-01,5.5609e-03,-1.0056e-01,-5.9126e-02,-5.8743e-02,-2.2288e-02,-4.0756e-02,2.2329e-01,-9.6625e-02,6.4667e-02,-9.1027e-02,-2.2598e-01,8.5840e-02,3.3952e-01,1.7015e-01,2.5695e-02,-5.8255e-02,4.7896e-01,1.9231e-01,-7.3214e-02,1.2690e-02,8.8260e-02,3.1193e-01,7.2371e-02,-1.4250e-01,-1.9282e-01,5.9212e-02,1.2287e-01,3.3098e-01,7.2396e-02,7.7407e-02,1.2575e-01,7.2122e-02,-1.1229e-01,1.4878e-01,6.0492e-02,2.1631e-01,7.5326e-02,-1.7730e-02,-3.3517e-02,-7.8039e-02,2.8127e-02,-1.6595e-01,-3.0113e-01,-4.2329e-02,2.5500e-02,-1.9040e-01,1.3475e-01,4.3573e-02,-2.7876e-02,2.4820e-01,-3.1030e-02,-1.4578e-01,-1.5466e-01,-8.5817e-02,5.5212e-02,7.4356e-03,-1.3009e-01,-2.0329e-01,-1.2296e-01,-1.0761e-01,7.8533e-02,-3.3633e-01,-9.7207e-02,6.3715e-02,-1.0066e-01,-6.0757e-02,1.8701e-01,1.1449e-02
-1.1143e-01,3.6747e-03,1.1086e-01,-7.3180e-02,-9.3979e-03,2.6358e-01,-1.7973e-01,2.3871e-01,5.0002e-02,1.8097e-01,4.0057e-01,7.3450e-02,-2.7121e-01,-1.2157e-01,2.4343e-01,3.6818e-02,4.2316e-02,-1.4538e-01,3.2444e-01,3.0548e-01,1.9051e-01,6.5803e-02,-7.6685e-02,-9.7016e-02,1.4016e-01,-1.9096e-01,-1.8163e-01,5.5054e-02,-5.1216e-03,8.4307e-02,2.5265e-02,-2.4257e-02,-1.4931e-01,-9.8601e-02,-1.3565e-01,-1.8397e-01,8.4324e-02,1.1445e-01,-2.6984e-02,1.2923e-01,-2.5138e-01,4.0501e-02,-2.3143e-01,1.4753e-01,2.0078e-02,6.0322e-01,3.0918e-02,-8.5492e-02,-9.3557e-02,4.7993e-01,2.3403e-01,-1.0587e-01,1.3223e-01,6.7222e-04,5.3996e-02,-2.5343e-02,2.5846e-01,-5.6742e-03,2.5581e-01,4.8628e-02,2.1200e-01,-1.5891e-01,-2.4773e-01,-2.4316e-01,-2.6486e-01,-2.9055e-02,-1.2047e-01,-1.7137e-01,-1.0269e-01,-5.6625e-02,-2.3544e-02,1.2055e-01,2.0289e-01,-4.6049e-02,-1.8039e-02,-2.4804e-01,-8.8143e-02,-2.3606e-01,-1.8283e-01,3.0098e-01,-1.6855e-01,1.4284e-01,2.8170e-01,2.0792e-01,-7.2009e-02,-3.0436e-01,-1.5575e-01,-3.3824e-01,-1.3909e-01,2.8229e-03,-1.7684e-02,7.4885e-02,7.8270e-02,1.2395e-01,-1.3324e-01,-1.9166e-01,-8.8166e-02,5.8731e-02,-1.9031e-01,-1.9177e-01
-3.4591e-02,-1.8949e-01,1.6576e-02,3.5861e-01,3.3543e-01,2.3501e-01,9.9603e-02,1.8054e-01,2.5330e-01,3.8954e-01,-1.2793e-01,-2.7549e-01,-2.1314e-01,3.1560e-01,1.2325e-01,1.8782e-02,4.5934e-04,2.0888e-01,1.8823e-01,-1.4021e-01,-3.1940e-02,-6.5832e-03,-9.2355e-02,-6.9683e-02,2.3011e-02,2.1263e-01,-1.8093e-01,-6.5952e-02,6.5063e-02,-1.0372e-01,-1.0850e-01,1.1247e-01,-8.1009e-02,-8.3591e-02,-4.7791e-01,-1.3447e-02,-6.3403e-02,-7.2195e-02,-5.7649e-02,-2.4304e-02,1.2509e-01,-9.0527e-02,1.7987e-02,8.9392e-04,6.2369e-02,5.8138e-02,1.5787e-01,1.4111e-02,-2.0832e-01,-7.8441e-02,2.1792e-01,1.9564e-02,-1.4803e-01,-9.6138e-02,-2.1393e-01,2.0157e-01,-8.8760e-02,4.8841e-02,-1.0378e-02,3.8251e-02,1.0423e-01,8.7869e-02,-1.7176e-01,-1.5926e-02,2.8797e-02,-9.8092e-02,-4.0766e-02,-6.6516e-02,-4.0814e-02,8.7776e-03,5.7011e-02,6.1276e-02,-2.3479e-01,1.3198e-01,2.1370e-01,1.8099e-01,1.5705e-01,-7.5744e-02,-1.6870e-01,9.4144e-03,1.8105e-01,-3.0892e-01,1.6577e-02,-6.0158e-03,2.6818e-01,-4.4212e-02,-3.7869e-02,8.3143e-02,2.3274e-01,1.2930e-01,-1.0304e-01,-1.5613e-02,1.1097e-01,1.9705e-01,1.0199e-01,1.5962e-02,1.9852e-01,-1.3713e-02,-1.7230e-01,4.1322e-02
1.3628e-01,8.2694e-02,1.5168e-01,-8.4545e-02,1.1887e-01,2.4467e-02,4.3942e-02,5.0819e-02,-4.2257e-02,-3.3381e-01,-3.5377e-01,-1.0196e-02,5.8764e-02,3.2815e-01,-1.1798e-01,-8.9580e-02,3.6230e-01,2.3759e-01,-2.2269e-01,-1.3885e-01,-6.3991e-02,-6.5787e-02,3.5143e-02,5.7180e-02,-2.7644e-02,-4.2270e-03,-1.1187e-01,-3.7053e-01,-1.7961e-01,-7.3259e-02,-1.5216e-01,-1.3694e-01,-5.2881e-03,-3.5883e-01,-2.0389e-02,-6.6301e-02,-3.2698e-02,8.0196e-02,2.5533e-01,2.0178e-01,-7.7580e-02,1.9249e-02,1.6346e-01,4.3857e-02,-4.4832e-02,-7.0080e-02,4.0184e-01,1.0987e-01,3.9881e-02,-2.0385e-01,-1.1299e-01,4.6090e-02,3.7013e-01,3.1503e-01,3.1561e-01,1.3394e-01,2.7863e-01,1.6064e-02,-2.5342e-02,1.2863e-01,-6.3908e-03,-1.5519e-01,7.3514e-02,1.8578e-02,5.1391e-02,-1.1874e-01,-2.5861e-01,-1.5520e-01,-5.3557e-02,-7.2737e-02,-1.1131e-01,-1.6747e-01,-9.1380e-02,-4.2817e-02,-1.5249e-01,2.3179e-01,2.8926e-01,3.1243e-01,3.5510e-02,-3.0096e-01,1.0110e-03,9.9884e-03,-2.3873e-01,-1.6868e-01,7.5573e-02,2.7329e-01,1.6021e-01,1.3649e-01,1.7648e-01,2.7347e-01,2.6896e-01,-9.1644e-02,-4.0973e-02,2.0038e-02,2.6006e-01,1.0238e-01,8.5920e-02,1.5216e-01,-1.0265e-01,4.5839e-03
4.4602e-02,9.9308e-02,7.1136e-02,-1.4183e-01,-1.5059e-01,-4.9366e-02,1.2279e-01,-1.9393e-01,3.1557e-02,-2.3792e-01,1.2973e-01,2.8857e-01,5.8446e-01,7.2625e-02,9.7052e-02,1.7661e-01,9.4400e-02,-2.5816e-01,-2.3388e-01,-2.3369e-01,-1.2304e-01,-1.1730e-01,-2.2691e-01,-1.7897e-01,-1.4473e-01,-8.9496e-02,1.4807e-01,-1.9536e-01,-3.1363e-01,-3.4788e-01,-3.6042e-01,-4.1511e-01,-2.6953e-01,4.5276e-02,2.6365e-01,-2.0443e-01,-1.3609e-01,-3.2279e-01,-3.7264e-01,7.3336e-03,-1.7852e-01,-3.2719e-01,1.4799e-01,-5.0605e-01,-2.4706e-01,-3.0109e-01,-5.2921e-02,1.4464e-01,6.9034e-02,1.0814e-03,-8.7183e-02,2.1243e-01,-2.5789e-01,3.2868e-01,3.5631e-01,2.7055e-01,1.7414e-01,4.0396e-02,1.4506e-02,-6.2846e-02,-9.2654e-02,1.7267e-02,1.4314e-01,2.5268e-02,2.6959e-02,2.2344e-01,-1.1692e-02,-2.0284e-01,-1.3149e-01,-4.4956e-02,-9.7819e-02,-1.6906e-01,6.4470e-02,-3.8941e-02,1.3891e-01,-7.4486e-02,5.2557e-02,4.9487e-02,3.0280e-01,-3.8151e-02,5.5803e-02,-1.6836e-02,-5.9536e-02,1.7335e-01,1.1249e-01,5.5967e-02,3.2167e-02,1.2366e-01,-4.5514e-02,-6.7447e-03,4.6723e-02,1.0579e-01,-3.4526e-02,1.6364e-01,5.1653e-02,4.0337e-02,2.2173e-02,-4.4655e-02,8.4562e-02,-2.5696e-02
8.7236e-02,-8.4426e-02,2.9287e-03,1.9456e-01,1.0818e-01,1.7708e-01,1.4482e-01,1.7091e-01,4.9053e-01,5.5681e-01,4.5372e-01,3.2831e-01,1.5557e-01,-1.8871e-01,1.7840e-01,1.5986e-01,-1.9182e-01,1.1044e-01,9.0714e-02,3.1729e-01,8.2495e-02,4.5044e-02,-3.2294e-02,5.0441e-02,-2.2299e-01,-1.5362e-01,4.2213e-02,5.8552e-02,-1.1387e-03,8.9889e-02,2.4396e-01,4.1366e-02,1.3505e-01,1.4068e-01,-1.3172e-02,-7.2614e-02,-2.7617e-01,3.9779e-02,-1.4078e-01,-2.1697e-01,3.9199e-01,1.0721e-01,-1.0908e-01,2.7922e-01,3.8889e-01,-1.1300e-01,-2.8542e-01,3.7947e-01,6.1231e-01,2.5270e-01,2.1096e-01,4.7361e-01,3.8032e-01,-4.5860e-01,-7.0762e-02,1.0305e-01,4.6131e-02,1.0627e-01,-5.4395e-02,1.4142e-01,-3.0377e-02,2.5616e-02,4.9184e-02,1.1857e-01,1.1100e-01,-2.9611e-03,2.5259e-01,5.8771e-02,-2.0021e-01,-1.2697e-01,3.2262e-03,-8.0282e-03,-4.6942e-02,-1.2044e-01,-7.1462e-02,-2.1473e-01,-4.8996e-01,7.7741e-02,5.3618e-01,1.3637e-01,-8.9815e-02,-2.6554e-01,1.6558e-01,2.6112e-01,1.7945e-01,1.9051e-02,8.0967e-03,3.4434e-03,-6.8870e-02,1.2309e-01,1.6131e-01,8.5831e-02,-3.4857e-02,-1.0711e-01,-5.3099e-02,2.2677e-01,6.6984e-02,-4.0861e-02,4.1330e-01,-1.2438e-01
-4.7131e-02,-3.4419e-02,2.0420e-02,3.0417e-02,-1.3215e-01,3.0658e-01,-1.2552e-01,8.5364e-02,-3.4419e-03,2.4923e-01,-2.6438e-02,1.5333e-03,-1.3957e-01,-9.1057e-02,-1.8751e-01,-7.0845e-02,-7.0068e-02,3.8175e-01,3.0289e-01,2.1675e-01,1.0216e-01,1.4459e-01,-2.1796e-02,1.0467e-02,2.4639e-01,-5.9041e-02,-7.3857e-02,-7.9762e-02,-2.1583e-01,-2.1155e-01,-8.3207e-02,-1.2040e-01,-1.7516e-01,-1.6385e-01,-1.1574e-01,-1.5173e-01,1.9230e-02,1.0106e-01,-3.9297e-02,-1.0358e-02,1.1737e-01,3.2455e-01,-9.9729e-02,2.4628e-01,1.4684e-01,2.8261e-01,3.6877e-01,-2.5625e-01,5.0903e-02,2.7801e-01,3.5616e-01,2.3220e-01,4.7609e-01,3.6037e-01,-3.5593e-02,-3.0720e-01,-3.1278e-01,9.7642e-02,1.5840e-01,2.4864e-02,-2.2679e-02,5.4326e-02,-1.8762e-01,8.8277e-02,-8.0205e-02,-4.7402e-02,-3.5129e-02,2.1904e-01,8.0535e-03,-9.8078e-02,-2.2194e-01,-1.0232e-01,-6.9788e-02,-7.3295e-02,-5.5220e-02,7.0780e-02,1.7758e-03,-4.8515e-01,-3.2259e-01,3.9819e-01,1.8101e-01,2.9245e-01,1.5200e-01,8.3116e-04,-1.5117e-01,8.8397e-02,9.3866e-02,7.0158e-02,1.1613e-01,-2.0411e-02,7.0446e-03,6.8792e-02,3.9493e-01,1.1944e-01,4.3326e-02,-3.0526e-02,7.7765e-02,1.0044e-01,1.0185e-01,2.5535e-02
-1.4264e-01,4.4888e-02,2.3860e-02,1.0192e-02,4.7711e-02,5.9401e-02,1.6014e-02,2.2543e-01,-8.9229e-02,1.0044e-01,6.1536e-02,7.2142e-02,2.4405e-01,3.0257e-01,1.8289e-01,2.2225e-01,4.0597e-01,2.4948e-01,5.6525e-02,-8.8871e-02,9.6509e-02,7.1105e-02,2.0823e-01,-9.9460e-03,-2.4047e-02,5.4204e-02,-2.1273e-01,7.9785e-02,-8.3978e-02,-2.7873e-01,-1.7904e-01,2.2908e-02,-1.8361e-01,-1.9246e-01,-1.3651e-01,-9.5032e-02,6.3930e-02,1.1726e-01,-2.0271e-02,-1.0555e-02,-3.3847e-01,2.4941e-01,1.4958e-01,1.9605e-01,-2.5005e-01,1.8574e-01,6.6923e-02,-1.1028e-01,-3.2885e-01,6.8490e-02,-6.7540e-02,-1.7008e-02,1.4025e-02,4.4009e-01,1.5781e-01,-1.5907e-01,4.5905e-02,-6.9705e-02,-1.2284e-01,-6.1411e-02,-2.0085e-01,-1.1884e-01,-9.5513e-03,-7.7936e-02,-3.6318e-01,-5.7894e-02,-8.3932e-02,-1.1653e-01,-9.7101e-03,-1.5425e-01,-1.3947e-01,-7.4716e-02,-5.6314e-02,-5.1173e-02,-4.5204e-02,-2.1543e-02,1.6646e-01,2.6667e-01,-6.3213e-01,-1.2280e-01,7.4008e-03,5.4829e-02,9.2814e-02,-1.4832e-01,-2.0418e-01,-8.4202e-02,1.4093e-01,2.8028e-01,5.1908e-02,-1.4397e-01,1.8971e-02,1.6343e-02,2.1903e-02,9.4002e-02,3.0320e-02,2.2126e-01,2.4697e-01,5.8165e-03,-3.1963e-01,2.5975e-01
-3.6982e-02,6.6368e-02,-1.0593e-01,4.9545e-03,5.3227e-02,-1.1241e-01,1.5107e-01,1.9208e-01,-4.9926e-02,-5.0271e-02,-3.3656e-02,2.7143e-01,-9.7126e-02,-2.6440e-02,2.4240e-01,1.5207e-01,3.8876e-01,-1.8593e-01,-3.1566e-02,-1.5854e-01,1.8611e-01,-4.3009e-02,-6.9935e-02,-1.6996e-01,-1.4393e-01,2.1290e-02,-9.1177e-02,7.9764e-02,9.8003e-02,-3.2111e-02,-1.7622e-01,2.7444e-02,-1.2368e-01,-1.9008e-01,-1.2649e-01,1.2784e-01,2.0809e-02,-2.5294e-01,1.7499e-01,3.9638e-02,-1.0830e-01,-4.4899e-02,1.6185e-01,-3.7957e-01,1.0365e-01,-6.7616e-03,6.7794e-02,1.0778e-01,-1.4869e-01,-4.9016e-02,-4.3310e-01,-3.1395e-01,-1.3982e-01,-7.7231e-02,2.3706e-01,2.1703e-01,-9.6470e-02,7.5479e-02,1.8181e-01,4.0343e-01,4.5098e-01,2.1343e-01,3.3371e-01,9.7389e-03,9.0887e-02,-4.1075e-01,-3.3706e-01,-3.9083e-01,-1.7475e-01,-1.1685e-01,1.3428e-01,-6.3918e-02,-6.4800e-02,-5.4466e-02,-4.8089e-02,-4.2763e-02,-3.4100e-02,7.5721e-02,1.2168e-01,-2.9616e-01,-2.8515e-02,1.0873e-01,8.9648e-02,2.4720e-01,2.0660e-01,4.0750e-02,-1.7108e-01,2.1103e-01,4.4712e-01,2.5539e-01,2.0744e-01,2.0853e-01,1.5782e-01,1.9360e-01,-1.1034e-01,-8.8756e-02,4.3635e-02,2.2557e-01,-1.2058e-01,4.1340e-02
6.4707e-02,1.5689e-01,-1.1568e-01,2.6601e-01,2.1918e-01,-8.2262e-02,1.9376e-01,1.2728e-01,1.2048e-01,-1.5166e-01,3.7281e-01,-1.1913e-01,1.5985e-01,1.2689e-01,1.7338e-01,4.1251e-03,-2.3787e-01,-2.5226e-01,-1.7917e-01,-1.8743e-01,-3.0127e-01,-1.0118e-01,5.1606e-02,1.1980e-02,9.8841e-02,1.1524e-01,-1.5289e-01,-4.7938e-02,4.7132e-02,-4.1739e-02,-1.7851e-01,-2.2958e-01,7.9145e-02,-8.2852e-02,-1.2576e-01,-1.6959e-01,-2.3410e-01,-1.5022e-01,8.8456e-02,-2.6793e-03,7.0908e-02,-2.1921e-01,2.9808e-02,-2.4735e-01,-9.4554e-02,2.8201e-01,8.0778e-02,7.4892e-01,2.0095e-01,-2.7085e-01,-3.6591e-03,-1.1362e-01,-4.3459e-01,2.0763e-02,2.2339e-01,3.4945e-01,1.8753e-01,1.2489e-01,-2.6242e-01,-6.4072e-02,1.1637e-03,-6.6757e-02,1.2522e-01,-2.7566e-01,1.7081e-02,2.4095e-01,-1.8140e-01,-1.1674e-01,-8.4908e-02,-1.2064e-01,-1.3150e-01,-1.4189e-01,-1.3566e-01,-3.7706e-01,-1.3841e-01,-7.1316e-02,-9.3213e-02,5.8205e-02,2.7752e-01,6.4435e-02,-1.6940e-01,-4.2027e-02,3.5965e-02,6.8229e-02,2.7378e-01,1.5756e-01,2.9378e-01,-1.2160e-01,1.0343e-01,2.8094e-01,-1.0015e-03,4.0138e-02,9.5977e-02,1.7082e-01,3.3089e-01,-9.8249e-02,-1.8438e-01,-1.5432e-01,-2.8189e-03,1.7039e-02
-2.9998e-02,4.1288e-02,-5.7746e-02,-1.0729e-01,9.0769e-02,-1.4603e-03,-2.7997e-02,2.5730e-02,4.8304e-01,3.5913e-01,1.4496e-01,-6.4310e-02,4.1620e-01,1.5445e-01,6.1150e-02,-7.3888e-02,-2.4515e-01,-6.0862e-02,-1.0494e-01,1.7003e-01,1.2863e-01,-8.2658e-02,-4.2500e-02,1.0971e-01,2.6128e-02,-1.2003e-01,-1.4302e-01,-1.2939e-01,2.2284e-02,2.1648e-02,-6.7581e-02,-1.9596e-01,-4.0585e-02,1.4775e-02,-1.8354e-01,-9.5112e-02,-1.2904e-01,1.6644e-02,-1.8533e-01,-1.0438e-03,-1.1346e-02,-2.3627e-01,-1.8651e-01,2.4478e-01,9.3938e-03,-2.7286e-01,-6.1175e-02,1.3856e-01,4.1355e-01,4.8789e-01,4.4691e-01,4.6911e-01,4.9670e-01,-2.8758e-02,2.2314e-02,2.8817e-01,2.7536e-01,-7.7881e-03,4.3365e-01,-1.1270e-01,1.3246e-01,-1.0506e-01,-3.5725e-01,2.1463e-01,1.7133e-03,1.5049e-01,-1.0538e-01,-1.3569e-03,4.4220e-02,1.1591e-01,3.7769e-02,-5.3473e-02,-6.8636e-02,9.2105e-02,-7.5376e-02,-3.3308e-01,-2.4435e-01,1.7364e-01,1.3672e-01,2.5781e-01,5.7784e-02,-1.8109e-01,2.1318e-01,-4.5148e-02,7.5432e-02,3.5673e-01,7.0835e-02,-1.2158e-02,-2.0792e-01,6.4481e-02,6.6036e-02,1.9655e-03,1.6191e-02,8.1236e-02,1.3499e-01,1.0164e-01,-5.1798e-02,3.2942e-02,3.2212e-01,-1.2280e-01
9.0181e-02,-6.5981e-02,3.3693e-01,-1.2784e-01,-2.8885e-01,3.5271e-01,2.0899e-02,-7.4381e-02,-8.2202e-02,1.4137e-02,-1.0773e-01,-2.1119e-01,-2.2385e-01,1.1139e-01,-1.7221e-01,1.1232e-01,6.8958e-02,2.5974e-01,2.0178e-01,3.5714e-02,1.5516e-02,7.8484e-03,8.0131e-02,-1.2208e-02,-2.9057e-02,-3.4252e-01,-1.4373e-01,-2.2457e-01,-6.7022e-02,1.1979e-02,2.2631e-02,-3.8690e-02,-9.7116e-02,-1.1723e-01,4.7003e-02,-7.8493e-03,6.1984e-02,1.1345e-01,-1.5062e-01,-1.2417e-01,-2.6165e-02,-1.6053e-01,-6.2661e-02,-4.7430e-02,-8.7240e-04,1.1098e-03,-8.7606e-02,-5.3637e-01,1.9364e-01,1.1896e-01,4.8879e-02,3.4447e-01,4.3796e-01,-1.9797e-02,1.1210e-01,-2.5626e-02,1.6903e-01,1.2672e-01,9.0546e-02,4.4198e-02,-5.4695e-02,-8.9706e-02,-1.5744e-01,8.1572e-02,2.9295e-01,4.4733e-02,4.0159e-01,1.5405e-01,8.4450e-02,-1.6163e-01,-8.3726e-02,-6.8499e-02,7.0637e-04,5.5696e-02,-9.4293e-03,1.1861e-01,-7.6931e-02,-3.5275e-01,-3.5928e-02,2.1769e-01,1.8329e-01,2.1748e-01,-3.2441e-01,9.1262e-02,-2.6461e-01,1.0132e-01,1.0529e-01,9.8296e-02,1.3382e-01,-8.1015e-02,8.7587e-02,7.4775e-02,-3.3718e-02,-4.2924e-02,-2.8082e-02,1.6660e-01,-1.5759e-01,1.8599e-01,8.1852e-02,-2.4687e-01
-1.3418e-02,2.0278e-01,6.4290e-02,2.2056e-01,-1.9821e-01,8.7244e-02,1.1453e-01,2.0042e-02,-6.2167e-03,-1.2798e-01,-1.8704e-01,4.0158e-01,4.1866e-02,-1.2965e-01,2.8835e-02,1.9817e-01,4.7364e-01,2.4714e-01,1.7897e-01,2.8427e-01,-5.3018e-02,2.9397e-01,1.1165e-03,-2.2543e-02,-1.2304e-01,1.6696e-01,1.3615e-02,-2.0784e-01,-1.9761e-01,-3.0493e-01,-4.5450e-02,3.5429e-02,8.5288e-02,-8.7167e-03,-2.4873e-02,4.4452e-02,1.5452e-01,-2.0137e-02,-2.2092e-03,-2.4982e-01,-9.8588e-02,4.0240e-01,-1.1630e-01,1.3075e-01,1.5794e-01,2.8820e-01,1.1985e-01,-9.1749e-02,-2.9230e-01,-9.6848e-02,-4.9114e-02,-2.1271e-01,-5.8724e-02,2.5262e-01,-2.8120e-01,-1.4560e-01,-1.0326e-01,6.1699e-02,8.0822e-02,1.3244e-01,-1.4440e-01,-6.0580e-03,-1.2128e-01,-2.2789e-01,-3.9061e-01,-3.5496e-01,4.0802e-02,1.1220e-01,-8.3380e-02,-1.3529e-01,-9.1677e-02,-8.5962e-02,-8.3520e-02,-7.2076e-02,-4.3979e-03,1.0963e-01,4.3479e-01,-1.5805e-01,-2.6199e-01,-6.4466e-02,7.0873e-02,2.0778e-01,4.2906e-02,3.4376e-01,8.8159e-02,-1.7564e-01,3.7685e-01,8.5138e-02,2.1290e-01,1.8719e-01,2.1207e-01,1.9386e-02,-1.3411e-02,-4.1748e-02,-5.1287e-02,-2.8605e-02,3.7282e-01,-1.3861e-01,-9.4946e-02,1.4981e-02
6.3610e-02,-3.0090e-02,-4.2130e-01,-1.8479e-01,2.4667e-01,-7.1826e-02,6.9685e-02,9.4732e-02,-1.8531e-01,-5.8957e-02,1.2936e-01,-1.2506e-01,1.2780e-01,-2.7476e-02,3.7154e-01,-1.0488e-01,-1.0634e-01,1.9403e-01,-8.4867e-02,-1.0777e-01,1.0897e-01,-1.7401e-01,8.7330e-02,-1.1761e-02,-9.9172e-02,1.2285e-01,4.4056e-01,2.7504e-01,9.2549e-02,-1.7988e-02,-7.5088e-02,-2.5435e-01,2.5378e-02,1.7986e-02,-1.7184e-02,5.8587e-03,-1.7117e-01,-1.2230e-01,1.4661e-01,-9.3283e-03,8.5055e-02,4.1536e-02,3.1959e-01,3.4010e-01,-1.2184e-01,7.2671e-02,3.2039e-01,1.5307e-01,-2.1148e-02,3.8179e-03,5.4076e-02,-1.8856e-01,-6.6387e-03,1.0854e-01,7.5983e-02,-1.7699e-01,-8.8963e-02,6.0886e-02,-1.7344e-01,-1.1370e-02,8.8952e-02,2.6283e-01,2.3598e-01,1.7610e-01,-3.6229e-01,-2.0566e-01,-2.5997e-01,-9.0077e-02,-1.3619e-02,5.8582e-02,-1.8157e-02,-5.1404e-02,-5.2485e-02,-2.8105e-02,9.1102e-02,2.0029e-01,7.1470e-02,4.9326e-02,-1.5902e-02,-2.9047e-01,5.6888e-02,-3.7930e-02,7.4049e-02,-1.7280e-01,3.0785e-01,6.8779e-02,-3.4858e-01,4.7532e-01,2.6785e-01,1.1115e-01,3.0535e-01,2.9153e-01,3.3371e-01,3.0435e-01,3.4179e-01,2.6081e-02,-8.2443e-02,-1.0579e-01,-1.2561e-01,4.2927e-02
1.6519e-02,-6.2076e-02,5.2333e-02,-4.6628e-02,4.4270e-01,-2.9837e-02,-8.3550e-02,1.8694e-01,3.6428e-01,2.7571e-01,2.8425e-01,2.0621e-01,-5.3609e-02,3.6173e-01,1.2620e-01,-7.0689e-02,-1.9628e-01,-1.5435e-01,5.6894e-02,-1.5714e-01,-4.0729e-02,5.7667e-02,-2.2039e-01,-8.4816e-02,4.0836e-02,-1.7133e-01,-7.5180e-03,7.2639e-02,5.6878e-02,2.6903e-01,1.8411e-01,1.8821e-02,-2.8145e-01,-2.5411e-03,-2.8203e-02,-1.9259e-02,-1.9718e-01,-1.5954e-01,-7.3857e-03,-7.5072e-03,1.4762e-01,9.1360e-02,1.8294e-01,-2.3450e-02,8.5680e-02,-1.0612e-01,-1.8399e-01,1.6637e-01,6.8765e-03,1.7548e-01,6.6285e-02,-2.2901e-02,-2.4440e-01,2.1089e-01,-8.7087e-02,5.5323e-02,3.4064e-02,-1.9883e-03,5.2761e-02,1.0012e-01,-1.4805e-02,-3.8699e-02,8.4021e-02,9.4495e-02,7.9288e-02,9.2805e-03,-4.1283e-02,-4.2483e-01,3.4956e-02,1.1718e-01,-2.3075e-02,-1.6857e-01,1.7086e-02,6.7708e-02,-1.1246e-02,-1.0272e-01,-2.2669e-01,-3.5204e-02,2.6072e-01,-6.3777e-02,-5.1307e-02,-1.3796e-01,6.2169e-03,-6.6615e-02,3.7756e-01,1.5303e-02,1.5390e-01,-1.7009e-01,1.7350e-01,-3.2653e-02,-2.7258e-01,7.8093e-02,3.8473e-01,2.1772e-01,1.1075e-01,1.8295e-01,-4.2891e-03,2.6978e-01,1.5385e-01,5.9470e-01
-4.2261e-02,-2.9601e-03,1.5500e-01,3.8395e-01,-1.4433e-01,2.3444e-01,5.9952e-02,-1.0141e-02,1.4812e-01,-7.3039e-02,-2.0222e-01,-1.0158e-02,-1.4434e-01,-4.1116e-01,7.6239e-02,-7.5760e-02,-2.1316e-01,-3.0407e-01,-1.1494e-01,-1.5067e-01,-8.8071e-03,-1.0093e-01,-8.7143e-03,-9.1185e-02,2.1643e-01,-9.1135e-02,-2.4839e-01,-1.7200e-01,-2.2661e-01,-1.7798e-01,-7.8080e-02,1.2783e-01,-2.7944e-01,-3.6057e-01,2.8447e-02,2.2840e-02,-9.0297e-03,1.6681e-01,3.4167e-02,2.3340e-01,-6.3964e-02,1.6400e-02,-2.0391e-02,-4.3431e-01,1.6635e-01,-4.7453e-03,-5.7543e-02,-1.4049e-01,-7.9732e-02,1.3657e-01,2.3373e-01,2.8217e-01,3.9177e-02,-8.3902e-02,3.3673e-01,1.0345e-01,-7.5132e-02,-3.4039e-02,4.6194e-02,-2.9861e-02,6.7683e-02,-1.3472e-01,1.6095e-01,-2.5302e-02,3.3056e-01,1.3270e-01,9.6351e-02,-5.9737e-02,-2.3130e-01,4.8648e-02,2.5979e-02,-7.4074e-03,-2.8440e-02,-1.0930e-01,-2.4059e-01,-2.7977e-01,-1.9015e-01,1.0265e-01,7.1652e-02,1.0580e-01,-2.4907e-01,5.2759e-03,3.4672e-02,1.6343e-01,-2.2718e-01,3.3323e-01,1.7584e-02,2.6663e-01,-4.8748e-01,1.4271e-01,-3.0847e-03,9.6142e-02,-1.2509e-01,-4.7941e-02,-1.4243e-01,2.0074e-01,2.2913e-02,8.6891e-02,2.3466e-02,-2.9812e-01
-1.8981e-01,-1.7770e-03,2.9999e-01,-4.3887e-02,-9.2759e-02,-1.2768e-01,2.2418e-01,-6.6440e-02,-4.1839e-01,7.9941e-02,1.1861e-02,2.7164e-01,2.4588e-01,1.5400e-01,-4.5392e-01,1.4994e-01,1.3651e-02,1.2997e-02,1.2784e-01,2.1667e-01,6.9942e-02,8.7190e-02,1.2861e-01,7.5467e-02,8.4508e-02,7.9992e-02,-6.2925e-02,2.6374e-01,1.7821e-02,-1.1264e-01,-1.2515e-01,-7.3102e-02,1.7383e-01,1.4997e-01,-1.4570e-01,-5.7358e-03,4.1478e-01,6.4066e-02,-2.8132e-02,1.2641e-01,8.0152e-03,1.6477e-02,-4.6800e-01,2.6328e-01,-1.6627e-01,1.1607e-01,-4.2963e-02,-4.3846e-02,5.1316e-02,-1.5758e-01,-1.4087e-01,1.8683e-02,1.9474e-01,-1.7865e-01,-2.1664e-01,1.8362e-01,4.6308e-02,1.2578e-02,6.1463e-03,-5.2209e-02,-8.6732e-02,-2.0112e-01,-2.3836e-01,-1.6364e-01,1.9750e-01,4.9948e-01,-2.2103e-02,4.7128e-01,1.5691e-01,1.8692e-01,9.5825e-02,-1.8332e-02,1.3002e-02,-4.1097e-03,-2.4401e-02,-4.1044e-02,-2.6831e-02,1.4247e-01,2.8892e-02,-9.2708e-02,1.1902e-01,7.4967e-02,7.4252e-02,1.3170e-01,-1.3499e-01,-2.6024e-01,1.8226e-01,-1.4946e-02,2.0764e-01,-1.1364e-01,-1.0759e-01,-7.4519e-02,-5.2172e-02,-2.9117e-02,-1.6204e-01,-4.4475e-01,2.3488e-01,1.6913e-01,-3.6598e-02,-9.6307e-02
2.3080e-01,1.3288e-01,-1.2853e-01,6.0528e-02,-1.0662e-01,-1.6227e-01,-2.5491e-01,-1.1147e-01,-8.0410e-02,-1.5346e-01,-1.8072e-01,5.4539e-02,1.7076e-01,4.8384e-02,-4.0572e-02,1.3032e-01,3.9272e-01,2.6524e-01,4.1148e-02,3.6421e-01,-3.0671e-02,3.5568e-02,1.4634e-02,1.3477e-01,-2.3741e-01,-6.9577e-02,2.0684e-01,-1.1481e-01,-7.2121e-02,-1.2923e-02,2.2162e-01,1.5512e-01,1.2572e-01,2.9149e-01,1.5424e-02,-1.2570e-01,-5.0655e-02,7.5547e-02,-5.9836e-02,7.3973e-02,4.1466e-02,-2.1693e-01,9.6909e-02,-2.1437e-02,-3.0669e-01,3.9071e-02,8.4682e-02,5.8802e-03,1.2979e-01,-1.2780e-01,-1.9141e-01,-9.3718e-02,1.4184e-02,-6.8830e-02,-7.8847e-02,-3.1252e-02,1.8015e-01,1.3492e-01,-1.6223e-01,-1.2507e-01,2.1720e-01,-5.0331e-03,1.1623e-01,6.6661e-02,-1.8266e-01,-4.4839e-01,-2.7340e-01,-2.0615e-01,4.6417e-02,-3.5290e-01,1.8149e-02,2.4197e-01,1.8781e-02,1.9631e-01,4.5025e-02,-6.5409e-02,-1.1386e-01,-3.1492e-01,-1.0599e-01,2.7879e-01,1.8260e-01,8.2068e-02,7.7378e-02,1.3801e-01,1.5135e-01,5.0364e-03,-5.0090e-02,1.7889e-01,9.0076e-02,7.1462e-02,2.2330e-01,2.2217e-01,1.0663e-01,1.1809e-01,1.8994e-03,1.6362e-02,-1.9598e-01,-2.6516e-01,1.3095e-01,-4.0704e-02
1.7964e-02,-2.9845e-02,-3.3993e-01,-3.7707e-02,-8.8414e-02,-1.3464e-01,-9.5513e-02,-3.1520e-02,-4.1874e-02,4.2297e-02,2.4450e-01,-2.4169e-01,-3.1921e-01,7.0258e-03,3.6734e-02,-1.0371e-01,1.9734e-01,2.0007e-01,2.4395e-02,9.1464e-02,-1.1125e-01,-1.0640e-01,5.3835e-02,-1.2833e-01,-2.3143e-01,6.8864e-02,-6.2134e-02,-1.8930e-01,-1.1723e-02,3.5125e-01,7.6296e-02,-1.1369e-01,3.6055e-01,6.4491e-02,7.1253e-02,1.2367e-01,-1.3343e-01,-3.0107e-01,1.0807e-01,-1.3727e-01,-2.4898e-01,-7.1743e-02,3.1323e-01,2.4736e-01,3.7856e-01,-1.4396e-01,1.8880e-01,2.3274e-02,4.1288e-02,5.8762e-02,1.6385e-02,-1.1232e-01,-9.3558e-02,-4.5401e-02,1.1521e-01,-1.6083e-01,-2.7487e-02,-1.0245e-01,-1.8652e-02,-3.6365e-02,-1.7765e-01,4.6155e-01,5.2737e-02,-1.1192e-01,-4.7607e-01,-1.8766e-01,1.4134e-01,4.1664e-02,5.3382e-02,-3.0422e-01,-3.2421e-01,-1.5189e-01,1.2677e-01,-9.7782e-02,7.0482e-02,2.6322e-01,4.7926e-01,2.0591e-01,-3.7394e-02,-1.0519e-01,-1.0277e-01,-1.0595e-01,-1.3599e-01,-1.0861e-01,1.3572e-02,2.0145e-01,1.1864e-01,-1.0752e-01,2.0473e-01,5.1831e-02,3.2160e-02,-1.5676e-02,-8.4277e-02,-1.0636e-01,3.2486e-01,1.9425e-01,3.7283e-02,-1.8955e-01,-8.5398e-02,-1.2633e-01
8.2310e-03,-2.2555e-02,-1.8748e-01,-1.1046e-01,-2.6341e-03,1.5810e-01,-6.6790e-02,3.8817e-02,2.3441e-01,-1.7567e-02,-1.2027e-01,-1.2389e-01,-1.3674e-01,-1.8982e-01,2.6862e-01,-1.8410e-01,-4.7946e-01,-2.2886e-01,-1.7829e-01,-2.3543e-01,1.9245e-01,-2.1173e-01,-2.2397e-01,8.7725e-02,3.0878e-01,-4.9746e-03,2.5088e-01,6.0203e-02,3.1908e-01,7.5449e-02,8.9552e-02,-4.8334e-02,-1.4611e-01,-6.0875e-02,4.6174e-01,2.1112e-01,-4.1095e-03,-5.1479e-02,-1.1330e-01,-2.3324e-01,-1.3072e-01,-1.8074e-01,-1.2019e-01,-4.4141e-02,-3.3476e-02,-2.2750e-01,-3.8829e-01,-7.0986e-02,8.0599e-02,-3.5106e-02,2.5390e-02,4.8114e-02,1.9022e-03,-4.7685e-02,-3.6247e-02,-5.9223e-02,-3.3616e-01,-1.1943e-01,3.9812e-01,5.2950e-02,-1.8400e-01,3.4341e-02,-2.5704e-01,8.0023e-02,-2.7929e-03,-1.8731e-02,1.3682e-01,3.4417e-02,8.3742e-02,1.0497e-01,-4.7211e-02,1.8313e-01,-2.8556e-01,2.0244e-01,1.1464e-01,3.8272e-04,-4.8992e-02,-4.1912e-02,5.1058e-02,1.1938e-01,1.9243e-01,2.3160e-01,2.3192e-01,2.0678e-01,-5.4070e-02,-1.2062e-01,-8.5292e-02,-3.2411e-02,-3.3107e-02,1.0494e-01,1.9316e-01,-2.2505e-01,5.4602e-02,-2.8310e-01,1.2923e-01,2.5465e-01,1.3114e-01,2.4883e-01,-6.0799e-02,-5.6047e-02
-2.2039e-01,-1.2672e-01,1.1824e-01,-3.6146e-01,4.7276e-02,1.3816e-02,4.3663e-02,1.9154e-03,-1.1248e-01,-1.2933e-02,-4.9863e-02,-1.3132e-01,-1.4876e-01,-2.9874e-01,-2.1733e-01,2.3007e-02,-1.7384e-01,-4.9562e-01,-2.8001e-01,-1.0684e-01,-5.5499e-02,2.6539e-01,5.6950e-02,9.2804e-02,7.8548e-02,-9.4771e-06,-2.3548e-01,-1.3856e-01,3.6304e-02,-2.0228e-01,-1.6325e-01,2.6035e-02,-2.8536e-02,-1.2314e-01,-9.9691e-02,2.7692e-01,-1.6784e-01,3.3112e-01,-4.7843e-02,-4.4078e-01,1.1693e-01,2.5834e-01,-6.7841e-02,-4.7908e-01,-1.5665e-01,-1.5598e-01,-1.7435e-01,-1.5693e-01,-1.2567e-01,-2.0728e-01,-1.4620e-01,-2.1217e-01,-2.0930e-01,-1.3805e-01,-2.2959e-01,-1.0868e-01,-1.0213e-01,-6.4862e-02,7.4357e-03,1.6079e-01,1.9942e-01,-1.6713e-01,-4.5554e-02,1.6539e-01,1.0539e-01,2.3195e-01,9.9013e-02,1.6936e-01,1.1030e-01,2.6906e-01,7.0825e-01,2.6876e-01,1.4109e-01,1.2051e-01,2.8331e-01,2.3535e-01,4.6068e-02,4.7123e-02,-2.0602e-01,-1.4142e-01,-2.7863e-02,1.6790e-02,8.0160e-03,-1.7947e-01,1.6985e-01,-1.1309e-03,-7.9421e-02,-1.2733e-01,-1.5317e-02,9.4885e-02,-1.7700e-01,8.8343e-03,-2.6345e-01,2.7993e-01,-2.6075e-01,8.1083e-02,2.1060e-02,-1.7208e-02,-2.4988e-02,9.4100e-02
-9.3805e-02,-8.0336e-02,2.8002e-01,8.2945e-02,-1.3520e-01,-6.1399e-02,8.1472e-02,-1.1874e-01,-1.5301e-01,-1.9143e-01,-4.1809e-02,-6.7810e-02,-5.6040e-02,-6.6609e-02,-1.0806e-01,-2.9646e-02,2.2626e-01,2.7218e-01,-1.4847e-01,-1.0875e-01,-1.6649e-01,1.0980e-01,2.3196e-01,-2.1686e-02,7.6509e-02,1.0938e-01,9.0174e-02,2.7719e-02,-5.5588e-02,5.9500e-02,1.2854e-01,1.6455e-02,-1.5634e-02,1.2012e-01,-9.5680e-02,-2.1600e-01,3.7315e-01,5.1400e-02,4.4878e-01,4.1146e-01,6.8676e-01,1.7306e-02,-1.0066e-01,-2.5135e-01,-2.0198e-01,1.0552e-01,3.1834e-02,7.2807e-04,-2.2160e-01,-6.7631e-03,-1.6311e-01,6.2547e-02,-6.6360e-02,-1.0896e-01,3.9677e-02,-9.1650e-02,-5.9119e-02,-1.0047e-01,-6.2338e-01,6.2945e-02,9.0305e-02,-2.3693e-01,-2.2517e-01,1.0458e-01,2.2394e-01,2.4418e-01,2.1492e-01,2.4328e-02,1.4209e-01,2.0646e-01,-1.6746e-01,-3.2020e-01,1.2522e-01,-8.0154e-03,9.2562e-02,-1.6251e-01,-8.2140e-02,1.2025e-01,2.9468e-01,2.0517e-01,-2.9541e-01,-3.0878e-01,-2.2418e-01,1.1887e-02,7.9033e-02,-1.3759e-01,-1.0798e-01,1.1076e-01,-1.2333e-01,-1.0035e-01,2.6584e-01,5.1367e-02,2.9251e-01,6.9357e-02,-2.0751e-01,-9.9852e-02,-1.2691e-02,-6.2327e-03,-2.4949e-02,-4.1102e-02
2.1338e-01,1.4362e-01,-8.1874e-02,2.2980e-01,-9.1831e-02,-1.0962e-01,3.1692e-02,-1.3428e-01,-1.5905e-01,-1.2582e-01,-2.3698e-01,-4.6794e-02,2.0385e-01,5.5410e-02,7.2703e-02,6.5616e-02,1.7954e-02,1.6369e-01,5.7732e-01,1.2689e-01,2.5607e-01,6.2090e-04,4.9943e-02,4.6914e-02,-4.0147e-02,1.4399e-01,8.2633e-02,6.9513e-01,2.3630e-02,8.7988e-02,-5.1075e-02,8.8900e-03,4.7854e-02,-6.9745e-02,-3.2593e-02,-9.4516e-03,2.9283e-01,3.1709e-02,-9.9264e-02,5.7434e-01,-3.6991e-01,6.4403e-02,9.5383e-02,3.9260e-01,4.9387e-01,5.4765e-01,2.9667e-01,1.9826e-01,-2.3880e-02,-3.1757e-02,-2.1242e-01,2.6383e-02,5.2682e-02,4.9447e-02,-1.5999e-01,2.7211e-01,-2.3541e-01,-4.1261e-02,6.8535e-02,-1.6266e-01,6.4836e-02,1.7188e-02,2.1129e-01,-2.7049e-01,2.4287e-02,-6.5629e-02,7.5417e-02,-7.3474e-02,-3.8362e-01,-6.8890e-02,-7.3558e-02,2.1590e-03,1.4140e-01,-1.0748e-01,-2.3028e-01,4.7768e-02,-6.4939e-03,-1.0429e-02,2.3466e-02,6.5755e-02,2.1244e-01,3.7465e-01,1.2372e-01,1.7659e-01,9.8127e-02,3.7181e-02,1.9896e-01,1.6897e-01,7.2717e-02,1.5436e-01,-2.1470e-01,-6.6684e-02,4.8051e-02,2.1769e-01,1.6685e-02,-5.4763e-01,-5.6988e-02,-2.7265e-02,1.6837e-02,1.1578e-02
-4.0267e-03,1.2809e-01,-1.1401e-01,-1.8452e-02,1.3025e-01,-5.6883e-02,-1.5831e-01,-9.9750e-02,-1.3705e-01,5.4631e-03,8.2222e-02,-1.2805e-01,-6.0867e-02,1.7098e-01,-7.8701e-02,-1.4520e-01,-1.3705e-01,4.3909e-02,-8.3140e-03,1.7338e-01,-2.2606e-02,-1.1131e-02,7.9482e-02,-3.9197e-02,1.4703e-01,1.1064e-01,-2.2109e-02,5.6976e-02,4.2928e-01,4.1428e-01,2.8695e-01,3.5062e-01,6.3503e-02,8.8400e-02,-1.0484e-01,-2.5593e-01,-4.7817e-02,1.7387e-01,-1.0810e-01,-1.4920e-01,-1.3983e-01,2.1690e-01,7.4746e-02,-1.8395e-02,-2.2716e-01,-1.5870e-01,1.4839e-01,-1.3277e-01,4.9357e-02,9.0245e-02,-6.0602e-02,-4.5383e-01,-4.1100e-01,-1.9897e-01,3.5149e-02,-2.6100e-02,2.7812e-01,-4.8433e-02,2.5954e-02,-2.3149e-01,-2.7258e-01,3.2731e-01,1.9322e-01,-5.6481e-02,8.2341e-02,-4.4064e-01,-2.0885e-01,1.0331e-01,2.9116e-02,-5.1917e-02,9.4144e-02,1.4171e-01,1.3279e-01,2.1601e-02,2.6582e-02,1.5249e-01,9.0440e-02,3.6425e-02,1.1664e-02,3.1501e-02,2.6936e-02,-8.3291e-02,8.3005e-04,-1.7302e-01,-3.4399e-01,1.5702e-01,5.1115e-03,-3.6272e-02,-1.2397e-01,-2.1777e-01,-1.3224e-01,1.9847e-01,-1.2072e-01,-2.5516e-02,1.6742e-01,-1.9360e-02,-3.1904e-01,7.2645e-03,-1.1216e-01,1.1661e-01
8.6663e-02,-2.7181e-02,-6.1894e-02,-8.0344e-02,-1.1420e-01,-1.0460e-01,-3.7779e-01,1.3373e-01,5.8454e-02,-1.3163e-01,-7.2349e-02,-7.9119e-02,-1.6042e-01,-3.1280e-01,-1.4494e-01,-3.6949e-01,-4.1292e-01,-4.0147e-01,-3.3917e-01,-2.1990e-01,-2.4565e-01,-8.2943e-02,-3.1996e-01,-2.5256e-01,9.3876e-02,1.0070e-01,2.5291e-01,-1.1892e-01,-6.1471e-02,-1.6671e-02,1.7524e-01,-6.2847e-03,2.0013e-01,2.7482e-01,3.6349e-01,6.1773e-01,6.4939e-02,-1.3475e-02,-2.7210e-01,-3.1087e-01,-4.4902e-01,-2.4276e-01,2.8318e-01,-1.4063e-01,-1.5988e-01,-1.7594e-01,-1.9663e-01,-1.8871e-01,-3.8262e-01,-9.2726e-02,2.7927e-01,1.0169e-02,-6.4568e-02,4.0433e-02,-1.8012e-01,-4.3579e-01,-2.2859e-01,3.9851e-03,1.5585e-01,7.4235e-02,6.9307e-03,-2.8573e-01,7.3339e-02,4.2123e-02,-9.4612e-03,-5.7274e-02,-6.9268e-02,-7.1542e-02,4.3109e-01,1.9666e-01,2.6158e-01,3.6078e-01,7.8166e-02,4.6008e-01,3.0733e-01,1.5332e-01,3.8371e-01,2.1017e-01,1.7169e-01,1.6302e-01,1.6567e-01,1.8339e-01,2.1527e-01,2.4255e-01,2.7003e-02,-3.0908e-01,-2.6844e-01,-1.3151e-01,3.0224e-02,-4.1467e-02,9.1388e-02,8.6913e-02,9.4846e-02,-5.3615e-01,7.5557e-02,4.0284e-01,1.8582e-01,3.3525e-02,2.5272e-01,9.3910e-02
-1.0803e-01,-7.7889e-02,-7.8159e-02,-7.8631e-02,-1.2257e-01,-1.3720e-01,-1.0897e-01,-3.7215e-01,-1.2897e-01,-1.3260e-01,-1.9047e-01,-4.0505e-01,-2.3406e-01,-1.3779e-01,8.7985e-04,1.4538e-01,-1.3214e-01,-2.0469e-01,-2.2249e-01,-2.3379e-01,-8.5757e-02,-1.2816e-01,8.7232e-02,1.2898e-01,7.5565e-02,2.2516e-01,1.7778e-01,-1.2283e-01,-2.6398e-01,-2.1493e-01,-8.2124e-02,8.1507e-02,2.5804e-01,1.6455e-01,1.4485e-01,1.1395e-01,7.0340e-03,7.2830e-02,5.2186e-01,5.2938e-04,3.7778e-01,-1.2061e-01,-4.3883e-01,-1.0222e-01,-2.2456e-01,-3.5997e-01,-6.3851e-01,-2.0128e-01,3.4485e-02,-1.8752e-01,-1.7689e-01,-1.3536e-01,4.2944e-01,-1.3453e-01,-1.5930e-01,-3.5023e-01,-1.8057e-01,-2.2114e-01,4.4260e-02,-8.9359e-02,-3.4230e-02,-5.5405e-02,-1.7348e-01,-1.7342e-01,-2.4406e-01,4.9134e-01,2.6580e-01,1.6120e-01,7.7489e-02,6.1542e-02,1.6997e-01,2.3429e-01,2.3366e-02,1.3246e-01,6.2682e-02,-1.8212e-02,5.7318e-02,8.3739e-02,-3.2459e-03,-3.7189e-02,-6.4130e-02,-8.5206e-02,-8.8981e-02,-6.4648e-02,1.8472e-02,8.3412e-02,-7.4237e-02,-2.3288e-01,2.4184e-03,3.7447e-02,-5.3285e-02,-2.3350e-01,-7.6012e-02,1.8448e-01,-2.6342e-02,-1.3373e-01,1.7693e-01,-9.0272e-02,1.4285e-01,3.3848e-02
-8.3952e-02,6.1756e-02,-2.3001e-01,-4.4393e-02,-2.2861e-01,3.2127e-02,1.4188e-01,-3.9832e-02,7.7265e-02,-1.4231e-02,3.5794e-02,-1.8378e-02,-1.8442e-01,-3.4955e-01,-1.1987e-01,1.6445e-03,2.2601e-01,7.2506e-02,-4.7649e-02,-8.2217e-02,-6.7543e-02,7.9741e-02,-1.2147e-02,3.4356e-01,-1.2352e-01,1.3726e-01,-1.2068e-01,1.5537e-02,4.6844e-01,-6.1903e-02,1.6629e-01,2.4041e-01,1.2086e-02,-1.8205e-01,5.7439e-02,1.3830e-02,-1.2112e-01,-4.4550e-02,8.8605e-02,2.9875e-02,3.7706e-01,7.9810e-02,2.2218e-01,-2.6554e-03,9.4837e-03,-7.8463e-02,-1.0333e-01,-8.4911e-02,-3.6575e-02,-2.1182e-01,-2.9668e-01,-4.3903e-02,-2.9377e-01,-2.5809e-01,-5.7906e-03,-8.6795e-02,-9.2814e-02,-1.2828e-01,-3.0189e-01,-1.7038e-01,5.6472e-03,-9.3663e-02,-1.5956e-01,5.7108e-02,1.3112e-01,4.1993e-02,1.0832e-01,1.6676e-01,9.8009e-02,-4.4349e-02,-6.1843e-02,-5.5829e-02,2.1347e-02,2.1040e-01,3.8678e-01,5.7269e-02,-1.0495e-01,1.3115e-01,1.2726e-02,-2.6321e-02,-5.3958e-02,-7.9804e-02,-9.8581e-02,-1.0072e-01,-8.4446e-02,-4.9216e-02,2.5185e-02,5.8082e-02,-1.8566e-03,-1.1811e-01,-1.6157e-01,-1.0527e-01,-2.3819e-02,6.0210e-02,-1.1054e-01,-8.2679e-02,-2.4473e-01,1.3434e-01,-7.1150e-02,-1.3014e-01
8.8928e-02,-1.8910e-01,-3.5515e-02,-3.2626e-02,7.8325e-02,-6.9329e-02,4.0032e-02,8.1641e-02,-2.3245e-01,-1.9135e-01,-1.8794e-02,-3.7610e-02,-1.1780e-01,8.5247e-02,-2.5026e-01,-7.0660e-02,-2.9797e-02,7.4814e-02,2.4590e-01,2.7248e-01,2.6054e-01,2.3678e-01,2.3551e-01,2.0382e-02,1.9190e-02,-1.7984e-01,7.9943e-02,1.6598e-01,9.1088e-02,4.1887e-01,9.2338e-02,-3.1614e-02,-7.5495e-02,-8.8879e-02,-5.0837e-02,-2.1319e-01,2.7309e-01,2.0033e-01,5.0497e-02,2.3378e-01,6.1972e-02,6.5731e-01,-1.3395e-01,-2.9709e-01,1.7646e-01,3.5452e-01,3.9879e-01,7.6991e-02,-5.9024e-02,-2.9435e-01,-3.7668e-01,-1.2964e-02,-3.2055e-01,7.9364e-02,-1.0018e-01,2.4986e-01,-1.0815e-01,-1.1929e-01,-3.0834e-01,6.2250e-02,-1.1749e-02,5.5450e-02,-9.8292e-02,1.8452e-01,2.7497e-01,-5.9285e-02,2.0657e-01,2.3389e-01,1.5661e-01,1.4718e-01,1.0098e-01,-2.3328e-01,-6.9521e-02,-2.5750e-01,8.8452e-02,4.9168e-01,9.1190e-02,2.3650e-01,2.1684e-01,9.8905e-02,1.6070e-02,-3.0609e-02,-6.0875e-02,-7.6271e-02,-7.7150e-02,-6.9794e-02,-6.1349e-02,-5.6001e-02,-5.4646e-02,-4.3380e-02,1.5297e-01,-6.0060e-02,-9.2249e-02,3.4009e-02,-3.2437e-01,-7.9166e-02,-9.5127e-02,-9.9934e-02,3.3328e-02,-1.4540e-01
-1.2013e-01,3.6962e-01,1.3212e-01,1.1714e-01,1.0176e-01,-5.5362e-02,-1.6223e-02,2.0870e-02,-1.4682e-01,-1.7250e-01,-1.0179e-01,1.1710e-01,-3.7212e-02,-6.9183e-02,-7.5259e-02,-3.7997e-01,-7.6366e-02,7.2305e-02,1.5983e-01,1.1070e-02,-2.6217e-02,2.0568e-01,-8.3846e-02,7.4437e-02,7.6504e-02,1.1055e-01,1.4811e-01,3.0840e-01,2.5333e-01,6.0130e-02,7.1907e-02,1.6077e-01,1.7092e-01,4.2147e-01,2.1158e-01,1.9803e-01,2.5271e-01,2.8881e-01,4.1098e-02,1.4301e-01,-1.4677e-01,-2.5780e-01,9.8980e-02,4.4262e-01,-9.6296e-02,3.4326e-02,-6.7798e-02,1.2209e-01,-3.9650e-02,-4.4115e-02,1.1190e-01,-1.3301e-01,-1.6559e-01,-2.8837e-01,-4.8973e-01,1.4447e-01,1.0553e-01,4.1620e-02,2.7563e-01,2.1299e-01,1.4457e-01,9.1242e-03,1.3875e-01,2.4541e-01,9.0676e-02,1.6720e-01,-2.1385e-01,8.0463e-04,-1.3372e-01,2.9600e-01,3.5224e-01,1.6332e-02,2.2772e-01,1.5787e-01,-1.0191e-01,8.9227e-02,-5.2433e-02,2.8333e-01,5.0993e-02,1.9661e-02,2.7677e-02,1.0349e-01,9.2964e-02,-2.1118e-02,-4.1985e-02,-3.8724e-02,-2.5192e-02,1.5363e-02,2.3478e-01,-3.3632e-02,-7.2576e-02,-2.8834e-01,-8.8656e-02,-1.7717e-01,-1.6664e-01,-1.3523e-01,-2.0761e-01,-2.3172e-01,-3.9334e-02,3.8896e-02
2.1093e-01,-7.9266e-02,2.8540e-02,5.6115e-02,-1.3822e-01,-4.4795e-02,-1.0094e-01,5.1800e-02,-9.3012e-02,-1.0261e-01,-9.1447e-02,-2.8447e-02,1.1371e-01,2.3512e-02,4.5932e-02,-1.1999e-02,-3.6385e-01,-1.0305e-01,-1.0513e-01,-1.0538e-01,-3.2539e-02,9.2553e-02,-4.5008e-02,-1.7963e-01,-3.2999e-03,-2.6689e-02,1.0663e-01,1.5109e-01,-4.1649e-02,9.3785e-02,3.1563e-01,1.8376e-01,2.3256e-01,1.9914e-01,1.6907e-01,2.1902e-01,9.1147e-02,1.4474e-01,-1.3443e-01,-5.8703e-02,-1.9456e-01,-2.8893e-01,-1.5429e-01,4.9096e-02,1.2828e-01,-1.2545e-01,8.7923e-02,-3.9354e-01,-1.3310e-01,7.5405e-02,2.1689e-01,-1.4068e-01,6.3527e-02,3.3716e-02,2.7169e-02,-3.1798e-01,-4.6311e-02,1.0713e-01,-4.2028e-02,1.1272e-01,-1.2411e-01,-8.4817e-02,2.4289e-01,-8.8192e-02,-2.5418e-02,2.0080e-02,-8.6804e-02,1.0227e-01,-8.4845e-02,-7.7423e-02,-5.3955e-02,5.3661e-01,3.8663e-01,1.5002e-01,-4.6846e-02,1.1576e-01,2.3091e-01,-4.0138e-02,1.2012e-01,1.4013e-01,1.4881e-01,2.3371e-01,2.5701e-01,2.5150e-01,1.6178e-01,1.5728e-02,-3.1981e-02,-6.3449e-02,-2.4060e-01,-1.8769e-01,-1.1949e-01,-1.1523e-01,3.0446e-02,-2.9839e-01,1.2645e-01,9.3873e-02,8.3012e-02,5.8390e-02,-4.6009e-02,8.5254e-02
5.8069e-02,-1.6069e-01,8.2059e-02,-2.0613e-01,-1.0293e-02,-1.4024e-01,-3.2757e-01,-2.9034e-01,-2.2940e-01,-2.0306e-01,-1.5208e-01,-2.9157e-01,-2.3719e-01,-2.9099e-02,1.9059e-01,1.4050e-01,4.5791e-02,-3.2726e-01,-8.8265e-02,-9.2213e-02,5.6463e-04,-5.0662e-01,-1.0504e-01,8.6379e-02,2.1632e-01,1.2102e-02,1.8461e-01,-2.0382e-01,-1.7650e-01,-1.0308e-02,-7.9716e-02,-3.3468e-03,1.4518e-01,2.8239e-02,6.9365e-02,5.8988e-02,-1.5825e-01,-2.1222e-01,3.8305e-02,-7.9543e-02,8.4227e-02,-5.4445e-02,-5.7747e-02,-2.9855e-01,-1.3083e-01,-1.0987e-01,-4.9050e-01,-1.8819e-01,-1.2050e-01,-1.5085e-01,-4.0490e-01,-6.1810e-02,-2.2779e-01,-2.6401e-02,4.7899e-01,-2.6548e-01,-5.0861e-01,-3.4458e-01,-3.8363e-01,-5.3759e-01,-3.2748e-01,-2.8782e-01,-3.0077e-01,-3.5836e-01,-3.4333e-01,-3.6630e-01,8.2086e-02,-6.4376e-02,5.0028e-01,-1.5104e-01,3.5869e-02,1.8126e-01,2.6850e-01,1.8397e-01,1.5507e-02,7.3808e-02,1.0679e-01,-7.6702e-02,1.2989e-02,-2.3810e-02,3.6974e-02,7.5723e-02,-3.0284e-02,-4.5503e-02,-5.6401e-02,-7.2124e-02,-1.0140e-01,-1.5785e-01,-2.2665e-01,-2.0006e-01,-1.0686e-01,3.1228e-01,-1.0740e-01,8.2604e-02,1.7868e-01,1.1443e-01,1.6413e-01,2.2408e-01,1.1343e-01,8.3740e-02
-4.3078e-02,-2.9008e-01,-9.6507e-02,1.0615e-01,-2.3210e-04,1.1754e-01,-3.1500e-01,-1.1190e-01,-3.6935e-02,-1.0618e-01,-1.0728e-01,-6.2428e-02,-5.2648e-02,-1.1792e-01,-9.8237e-02,6.2166e-02,1.8625e-01,5.8679e-02,-2.8163e-01,-7.6792e-02,-2.2382e-01,-9.9655e-03,6.3079e-02,-2.8299e-02,-3.3384e-02,7.3216e-02,1.7699e-01,-1.4257e-01,8.3582e-02,-2.2897e-01,-8.8949e-02,1.4316e-01,1.5077e-01,-7.4218e-02,-1.6703e-01,-1.2825e-02,-1.2131e-02,-2.5556e-02,1.0531e-01,1.9556e-01,2.9077e-01,3.2507e-01,3.9498e-01,-1.4104e-01,-2.6179e-01,-2.0342e-01,-1.1518e-01,-1.4568e-01,-3.2134e-01,-1.4275e-01,-8.9801e-02,7.1986e-02,1.1381e-01,-8.0454e-02,-1.2094e-01,1.0670e-01,4.9921e-01,-9.4003e-02,1.5422e-01,1.4841e-01,3.9403e-01,6.5962e-01,3.5127e-01,1.2449e-01,4.6882e-01,2.4988e-01,3.3032e-01,-4.0728e-01,8.5379e-03,4.4978e-01,-3.5530e-01,-1.0365e-01,1.1182e-02,1.5182e-01,2.7733e-01,-2.2381e-01,8.0428e-02,-6.3334e-02,-1.8853e-02,4.5872e-02,1.7889e-02,-1.2520e-01,-1.9071e-01,-1.1075e-01,-4.9621e-02,-2.1813e-02,-2.3172e-03,2.7414e-02,1.2458e-01,3.0238e-01,7.0696e-03,-1.2597e-01,-7.7870e-02,8.0915e-02,-9.2079e-02,-2.0317e-01,-2.8360e-01,-2.1488e-01,-1.3130e-01,-1.0597e-01
-2.3566e-01,2.0218e-01,1.8136e-02,2.1052e-02,-2.1700e-01,-8.2851e-02,2.0753e-01,-2.7021e-02,2.2774e-01,1.4151e-01,-3.3024e-01,-2.6278e-01,-1.5693e-01,-7.6414e-02,-3.4039e-01,-2.1621e-01,-7.9564e-02,-7.9674e-03,3.6994e-02,-2.6555e-02,2.9634e-01,-1.2379e-01,-1.0756e-02,-5.8324e-02,-1.6093e-02,3.2926e-01,-4.0934e-03,-7.1469e-02,3.3802e-02,8.2036e-02,1.6087e-01,-3.4987e-03,-1.2546e-01,-1.2635e-01,5.7367e-02,-7.0281e-02,6.2235e-02,1.4568e-01,2.1194e-01,-2.7543e-01,1.3335e-01,-5.0340e-02,-2.9627e-01,-5.1407e-02,-4.2921e-02,3.5964e-02,2.1785e-01,5.3223e-01,3.3818e-01,-2.3860e-02,-1.6464e-01,-2.5016e-01,3.5504e-02,-3.9082e-01,-2.4494e-01,-1.8551e-01,-2.0525e-01,-1.4589e-01,-8.3402e-02,-1.2433e-01,-6.1394e-02,-1.1649e-01,-2.3305e-01,-2.9569e-02,7.1443e-02,3.9754e-01,-1.3715e-01,6.1345e-01,-7.4506e-03,6.0649e-02,3.4618e-01,-1.7271e-01,-3.4686e-01,-3.9167e-02,1.0905e-01,5.9251e-02,8.6995e-02,1.9558e-01,2.8122e-02,3.9989e-02,3.1985e-02,6.1064e-02,1.8074e-01,3.1615e-01,4.4445e-02,-3.8350e-02,-8.2139e-02,-1.2395e-01,-1.7402e-01,-2.2623e-01,-1.6913e-01,-2.6700e-01,-1.7260e-01,-1.3100e-01,-9.9440e-02,-7.2307e-02,-6.4244e-02,-8.4011e-02,-1.1861e-01,-1.0089e-01
-2.1204e-02,1.8452e-01,-5.9042e-02,1.1142e-02,1.6985e-01,-2.3413e-01,1.5561e-01,-4.3143e-02,-1.4281e-01,1.6327e-01,2.9964e-01,-1.7863e-02,-1.1576e-01,-1.4255e-01,-2.1456e-01,-1.8882e-01,-1.5175e-01,-1.3543e-01,-1.1839e-01,2.6633e-03,5.0757e-02,1.1587e-01,2.0176e-01,-8.0506e-02,-1.2838e-01,-1.0485e-01,-3.8947e-01,-1.2436e-01,1.3025e-01,2.1187e-01,7.1687e-02,1.9406e-01,2.5954e-01,1.9195e-01,2.7603e-01,1.5851e-01,1.4337e-01,3.9079e-02,-1.3664e-01,2.0909e-01,-5.0353e-01,-1.9610e-01,-7.3533e-02,8.6518e-02,1.5433e-01,2.5014e-01,2.7218e-03,-5.7113e-02,2.2449e-01,1.1845e-01,3.7469e-02,-8.8915e-02,-1.0710e-01,1.5488e-02,-3.0832e-01,-9.5435e-02,5.8067e-02,-5.7637e-03,3.7328e-02,-7.6198e-03,1.0684e-01,-3.1305e-01,-1.7804e-01,3.7250e-02,7.8413e-02,1.2883e-01,9.3497e-02,-7.9634e-02,2.3287e-02,8.0705e-02,6.0004e-01,5.2280e-01,3.1429e-02,-4.5270e-01,-1.3844e-01,1.4333e-01,-6.9269e-03,3.3829e-01,1.4905e-01,2.3927e-01,9.0709e-02,-7.0870e-02,-1.4413e-01,-1.1046e-01,-5.7177e-02,-2.9551e-02,-3.8345e-02,-8.0043e-02,3.1535e-02,3.8009e-02,5.1124e-02,-2.5844e-02,-1.3038e-02,-2.7094e-02,-2.9523e-02,-1.6131e-02,1.1046e-03,1.2311e-02,1.5417e-02,1.2084e-02
2.7819e-01,-4.8420e-02,1.2348e-01,-2.7684e-02,1.4125e-01,-1.5516e-01,-6.0878e-02,-4.4861e-02,-8.5399e-02,-1.8651e-01,7.8702e-04,2.5165e-01,1.2856e-01,1.1803e-01,6.5313e-02,7.5426e-02,6.6723e-02,1.6351e-01,2.5379e-01,1.9519e-02,5.7928e-02,-1.9493e-01,-8.0284e-03,2.4646e-01,1.2305e-01,5.7222e-02,1.0319e-01,3.2444e-01,2.1792e-01,5.7376e-03,-1.8416e-01,1.2228e-01,6.1735e-02,8.1628e-02,-3.6347e-02,8.7387e-02,-1.0049e-01,-2.9361e-01,-3.6270e-01,-1.6843e-01,-9.5779e-02,-4.6497e-02,1.2346e-01,2.6007e-02,1.6814e-01,-7.6249e-02,2.1522e-02,-2.4094e-01,-3.3313e-01,-1.4158e-01,1.2149e-01,7.3309e-02,-3.3024e-02,1.2760e-01,-1.5233e-01,4.5573e-01,-1.1322e-01,-1.1800e-01,1.2378e-01,-2.0970e-01,-3.4326e-02,-2.4262e-01,-6.8383e-02,-8.0556e-02,-1.1395e-01,-2.1400e-01,1.6464e-01,1.6281e-02,-1.3350e-01,-1.3995e-01,-9.9207e-02,9.8035e-02,3.0729e-01,5.5416e-01,1.8706e-01,1.1907e-01,2.2804e-01,-4.3383e-02,-1.2643e-01,-1.3820e-01,-5.0979e-02,-5.4354e-02,-1.3549e-02,1.3083e-02,2.6762e-02,3.0180e-02,2.6057e-02,1.4988e-02,-6.8949e-03,-2.7711e-02,-2.1855e-02,6.9013e-03,1.4327e-02,1.5320e-03,-1.0056e-02,-1.0383e-02,1.3882e-04,1.4069e-02,2.5023e-02,3.0737e-02
6.5772e-02,-1.8277e-01,-1.6017e-01,-6.8046e-02,-5.5732e-02,3.4358e-01,-3.2601e-02,-1.0601e-01,-9.5152e-02,-1.3828e-01,-1.4722e-01,-1.5490e-01,9.1824e-02,-1.1671e-01,-2.1885e-02,6.0148e-02,-3.5957e-02,-3.4668e-02,-5.4438e-02,-4.5807e-02,-1.0761e-01,5.8576e-02,-9.0676e-02,8.4358e-03,1.6676e-02,-9.2973e-02,8.8600e-02,9.5176e-02,-1.5821e-02,-7.3006e-03,9.3383e-02,-2.5157e-01,-9.8103e-02,-1.9426e-02,-1.6868e-05,-5.2829e-02,-1.3303e-01,3.0870e-01,1.1683e-01,1.4811e-01,2.3320e-01,-1.7797e-02,-7.8145e-02,-9.9676e-02,-1.1910e-01,-1.6892e-01,-7.2302e-02,-1.7754e-01,-6.7818e-02,8.0821e-02,-4.9020e-02,9.9222e-02,9.7764e-02,-1.2115e-01,6.5612e-02,-4.3703e-01,9.0731e-02,3.2151e-01,-9.3191e-02,-2.0859e-03,-8.3484e-02,1.0601e-01,-8.1772e-02,-2.1863e-02,-7.0083e-02,-1.4783e-01,-1.6749e-01,3.9526e-02,1.6208e-01,-5.3784e-02,-2.0882e-01,-1.7279e-01,9.8655e-02,-1.2620e-01,7.3921e-02,1.9414e-02,1.2295e-01,-5.1668e-02,1.0613e-01,2.9780e-02,4.8001e-02,1.1718e-01,2.5959e-02,2.5339e-02,2.4701e-02,2.1273e-02,1.3356e-02,-3.3828e-03,-3.7475e-02,1.6057e-02,4.5490e-03,3.5965e-02,3.4542e-02,1.2531e-02,-2.9437e-02,-9.1383e-02,-1.4503e-01,-1.4469e-01,-7.8071e-02,-2.0030e-03
-3.6276e-01,2.0332e-01,5.2986e-02,-7.8046e-02,-3.5173e-01,-2.9521e-01,-6.7854e-02,1.0540e-01,4.4198e-02,-3.9702e-02,5.7249e-02,-1.1905e-01,-4.0075e-01,1.1491e-02,2.0631e-01,2.2800e-02,-8.7557e-02,-5.7877e-02,-9.8718e-02,1.6035e-01,-3.0430e-01,6.8955e-02,-1.5103e-01,-4.6074e-02,-5.3480e-02,4.3530e-02,1.2125e-01,3.8241e-02,-1.7900e-01,6.0393e-02,1.3225e-01,1.9467e-01,-1.0885e-01,9.6139e-02,-9.8667e-02,2.7654e-02,2.7741e-01,7.4544e-02,3.8025e-01,1.0487e-01,8.9794e-02,1.1316e-01,-3.1382e-02,-1.2930e-01,-2.8062e-01,3.3396e-02,-6.2760e-02,5.7738e-02,-4.6655e-02,-9.1054e-02,-3.5097e-01,-3.8643e-01,-4.3661e-01,-1.2286e-01,4.7924e-01,3.0937e-01,-2.1674e-01,4.4091e-02,-1.6594e-01,4.3212e-01,1.2065e-01,1.7382e-01,4.2227e-01,1.6324e-01,4.7183e-03,-1.0911e-01,-1.4559e-01,-1.3279e-01,-3.9290e-02,1.0781e-01,2.3564e-02,-3.5759e-01,-1.4061e-01,6.8668e-02,1.2453e-02,2.0413e-03,-1.8329e-01,-2.4980e-01,-1.1494e-01,4.7042e-02,-3.8596e-02,-5.0283e-02,-2.2110e-02,-2.0602e-01,-2.4636e-01,-1.9530e-01,-1.4453e-01,-1.4028e-01,-1.2053e-01,-7.0378e-03,-2.1461e-02,-3.6882e-02,-1.0166e-01,-1.3280e-01,-5.1735e-02,9.0997e-03,2.9686e-02,3.2268e-02,2.5679e-02,4.7745e-03
