-6.7080e-01,-6.4336e-01,-7.8574e-01,-5.9156e-01,-4.0582e-01,-3.0017e-01,-2.5426e-01,-2.2818e-01,-1.8441e-01,-1.2944e-01,-1.3671e-01,-2.2938e-01,-4.4786e-01,-6.4113e-01,-5.5902e-01,-4.9339e-01,-3.8848e-01,-1.8664e-01,1.2028e-01,4.5630e-01,6.9801e-01,7.9141e-01,7.6315e-01,6.6763e-01,5.4996e-01,4.3561e-01,3.3307e-01,2.4029e-01,1.4756e-01,2.0429e-02,-1.9753e-01,-4.7769e-01,-7.4007e-01,-9.0054e-01,-9.0362e-01,-8.1247e-01,-7.2176e-01,-6.5813e-01,-6.0600e-01,-5.4933e-01,-4.8567e-01,-4.2070e-01,-3.5802e-01,-2.9302e-01,-2.1748e-01,-1.2916e-01,-3.8781e-02,3.7438e-02,1.2655e-01,2.5887e-01,3.6337e-01,4.0502e-01,4.1192e-01,3.9832e-01,3.6569e-01,3.1038e-01,2.2802e-01,1.1833e-01,-1.1312e-02,-1.4676e-01,-2.7251e-01,-3.7752e-01,-4.5754e-01,-5.1365e-01,-5.4880e-01,-5.6490e-01,-5.6121e-01,-5.3399e-01,-4.7721e-01,-3.8428e-01,-2.5122e-01,-8.1433e-02,1.0737e-01,2.7158e-01,3.4740e-01,3.0975e-01,1.7754e-01,-3.6260e-02,-2.0225e-01,-1.8681e-01,-1.5188e-01,-1.5011e-01,-1.6358e-01,-1.6881e-01,-1.5325e-01,-1.2055e-01,-8.3930e-02,-5.8137e-02,-5.2851e-02,-6.8681e-02,-9.8504e-02,-1.3297e-01,-1.6508e-01,-1.9165e-01,-2.1241e-01,-2.2882e-01,-2.4300e-01,-2.5718e-01,-2.7338e-01,-2.9330e-01
-5.5758e-01,-5.4914e-01,-6.5412e-01,-4.7973e-01,-3.2314e-01,-2.3590e-01,-1.9916e-01,-1.7196e-01,-1.2492e-01,-6.8375e-02,-6.1880e-02,-1.4651e-01,-3.2554e-01,-6.3722e-01,-6.4841e-01,-5.6672e-01,-4.7771e-01,-2.9121e-01,2.5286e-02,3.9816e-01,6.9115e-01,8.3432e-01,8.3010e-01,7.3141e-01,6.0262e-01,4.8255e-01,3.8114e-01,2.9206e-01,2.0583e-01,1.0773e-01,-5.0708e-02,-3.0726e-01,-5.9269e-01,-8.1751e-01,-9.0375e-01,-8.5682e-01,-7.6836e-01,-6.9746e-01,-6.4367e-01,-5.8887e-01,-5.2525e-01,-4.5706e-01,-3.9093e-01,-3.2690e-01,-2.5721e-01,-1.7537e-01,-8.5145e-02,-3.4975e-03,7.2534e-02,1.8904e-01,3.1300e-01,3.7355e-01,3.8897e-01,3.8157e-01,3.5623e-01,3.1031e-01,2.3893e-01,1.3969e-01,1.7173e-02,-1.1624e-01,-2.4471e-01,-3.5537e-01,-4.4204e-01,-5.0456e-01,-5.4554e-01,-5.6713e-01,-5.6901e-01,-5.4786e-01,-4.9777e-01,-4.1165e-01,-2.8403e-01,-1.1570e-01,7.8928e-02,2.5985e-01,3.5941e-01,3.3972e-01,2.2282e-01,2.3284e-02,-1.7934e-01,-1.9859e-01,-1.5637e-01,-1.4851e-01,-1.6271e-01,-1.7419e-01,-1.6580e-01,-1.3684e-01,-9.8958e-02,-6.8028e-02,-5.6494e-02,-6.7712e-02,-9.5761e-02,-1.3081e-01,-1.6473e-01,-1.9332e-01,-2.1573e-01,-2.3315e-01,-2.4766e-01,-2.6151e-01,-2.7681e-01,-2.9535e-01
-4.5086e-01,-4.4951e-01,-5.2386e-01,-3.8199e-01,-2.5311e-01,-1.8337e-01,-1.5657e-01,-1.2946e-01,-7.6898e-02,-1.7378e-02,-1.6589e-03,-7.0993e-02,-2.2800e-01,-5.0993e-01,-7.2876e-01,-6.4501e-01,-5.6100e-01,-3.9151e-01,-7.8735e-02,3.0591e-01,6.2550e-01,8.1935e-01,8.6513e-01,7.8520e-01,6.5456e-01,5.3382e-01,4.3892e-01,3.5893e-01,2.8023e-01,1.9477e-01,8.3024e-02,-1.1498e-01,-3.9758e-01,-6.6920e-01,-8.4035e-01,-8.6737e-01,-8.0524e-01,-7.3421e-01,-6.7957e-01,-6.2826e-01,-5.6741e-01,-4.9797e-01,-4.2781e-01,-3.6182e-01,-2.9549e-01,-2.2017e-01,-1.3359e-01,-4.7218e-02,2.5873e-02,1.2155e-01,2.5234e-01,3.3632e-01,3.6292e-01,3.6190e-01,3.4329e-01,3.0608e-01,2.4535e-01,1.5718e-01,4.3408e-02,-8.5893e-02,-2.1529e-01,-3.3049e-01,-4.2327e-01,-4.9202e-01,-5.3882e-01,-5.6589e-01,-5.7336e-01,-5.5830e-01,-5.1504e-01,-4.3624e-01,-3.1514e-01,-1.5010e-01,4.7899e-02,2.4272e-01,3.6523e-01,3.6399e-01,2.5968e-01,7.5461e-02,-1.4737e-01,-2.1347e-01,-1.6820e-01,-1.5168e-01,-1.6375e-01,-1.7956e-01,-1.7811e-01,-1.5383e-01,-1.1583e-01,-8.0371e-02,-6.2382e-02,-6.8171e-02,-9.3446e-02,-1.2823e-01,-1.6337e-01,-1.9362e-01,-2.1750e-01,-2.3588e-01,-2.5073e-01,-2.6432e-01,-2.7881e-01,-2.9607e-01
-3.5901e-01,-3.4950e-01,-4.0146e-01,-2.9852e-01,-1.9585e-01,-1.4320e-01,-1.2702e-01,-1.0104e-01,-4.3226e-02,1.8708e-02,3.8466e-02,-1.9226e-02,-1.5764e-01,-3.7867e-01,-7.0830e-01,-7.3732e-01,-6.4598e-01,-4.8682e-01,-1.7821e-01,2.0522e-01,5.2485e-01,7.4675e-01,8.5203e-01,8.1980e-01,7.0505e-01,5.9002e-01,5.0463e-01,4.3616e-01,3.6692e-01,2.8896e-01,1.9874e-01,6.4697e-02,-1.7322e-01,-4.6503e-01,-7.0716e-01,-8.2484e-01,-8.1911e-01,-7.6339e-01,-7.1116e-01,-6.6487e-01,-6.0984e-01,-5.4221e-01,-4.6927e-01,-3.9952e-01,-3.3367e-01,-2.6356e-01,-1.8254e-01,-9.4994e-02,-1.7875e-02,6.1122e-02,1.8354e-01,2.9129e-01,3.3338e-01,3.3952e-01,3.2724e-01,2.9803e-01,2.4742e-01,1.7048e-01,6.6686e-02,-5.6557e-02,-1.8497e-01,-3.0334e-01,-4.0150e-01,-4.7619e-01,-5.2869e-01,-5.6122e-01,-5.7423e-01,-5.6525e-01,-5.2891e-01,-4.5777e-01,-3.4417e-01,-1.8415e-01,1.4776e-02,2.2062e-01,3.6483e-01,3.8320e-01,2.8999e-01,1.1935e-01,-1.0931e-01,-2.2737e-01,-1.8780e-01,-1.6081e-01,-1.6792e-01,-1.8565e-01,-1.9028e-01,-1.7129e-01,-1.3428e-01,-9.5093e-02,-7.0705e-02,-7.0426e-02,-9.1986e-02,-1.2560e-01,-1.6123e-01,-1.9266e-01,-2.1772e-01,-2.3693e-01,-2.5209e-01,-2.6546e-01,-2.7923e-01,-2.9531e-01
-2.9142e-01,-2.5623e-01,-2.9118e-01,-2.2939e-01,-1.5155e-01,-1.1582e-01,-1.1029e-01,-8.5292e-02,-2.3156e-02,3.9412e-02,5.8667e-02,6.7828e-03,-1.1677e-01,-2.9525e-01,-5.7356e-01,-8.1412e-01,-7.4200e-01,-5.8458e-01,-2.7242e-01,1.1236e-01,4.2147e-01,6.4404e-01,7.9015e-01,8.2273e-01,7.4920e-01,6.5040e-01,5.7607e-01,5.1848e-01,4.5855e-01,3.8743e-01,3.0545e-01,2.0761e-01,4.2124e-02,-2.2807e-01,-5.1367e-01,-7.1803e-01,-7.9380e-01,-7.7689e-01,-7.3523e-01,-6.9587e-01,-6.4960e-01,-5.8763e-01,-5.1470e-01,-4.4116e-01,-3.7323e-01,-3.0621e-01,-2.3103e-01,-1.4587e-01,-6.3447e-02,8.2915e-03,1.1239e-01,2.3633e-01,2.9940e-01,3.1449e-01,3.0838e-01,2.8651e-01,2.4538e-01,1.7950e-01,8.6454e-02,-2.9033e-02,-1.5451e-01,-2.7448e-01,-3.7708e-01,-4.5726e-01,-5.1528e-01,-5.5317e-01,-5.7165e-01,-5.6870e-01,-5.3929e-01,-4.7607e-01,-3.7074e-01,-2.1738e-01,-1.9956e-02,1.9401e-01,3.5820e-01,3.9755e-01,3.1538e-01,1.5575e-01,-6.9183e-02,-2.3562e-01,-2.1446e-01,-1.7670e-01,-1.7630e-01,-1.9330e-01,-2.0257e-01,-1.8902e-01,-1.5402e-01,-1.1202e-01,-8.1513e-02,-7.4750e-02,-9.1761e-02,-1.2330e-01,-1.5863e-01,-1.9061e-01,-2.1643e-01,-2.3623e-01,-2.5163e-01,-2.6479e-01,-2.7790e-01,-2.9292e-01
-2.5410e-01,-1.7647e-01,-1.9560e-01,-1.7463e-01,-1.2017e-01,-1.0113e-01,-1.0513e-01,-7.9689e-02,-1.4283e-02,4.7083e-02,6.2916e-02,1.2784e-02,-1.0072e-01,-2.5188e-01,-4.5083e-01,-7.7633e-01,-8.4763e-01,-6.9362e-01,-3.7085e-01,2.5989e-02,3.3160e-01,5.4382e-01,7.0171e-01,7.8906e-01,7.7815e-01,7.1243e-01,6.5205e-01,6.0318e-01,5.5060e-01,4.8580e-01,4.0881e-01,3.2333e-01,2.1241e-01,6.5506e-03,-2.8386e-01,-5.5150e-01,-7.1640e-01,-7.6358e-01,-7.4727e-01,-7.1843e-01,-6.8341e-01,-6.3127e-01,-5.6232e-01,-4.8692e-01,-4.1552e-01,-3.4911e-01,-2.7886e-01,-1.9828e-01,-1.1319e-01,-3.9908e-02,4.5164e-02,1.7097e-01,2.5924e-01,2.8661e-01,2.8692e-01,2.7186e-01,2.3952e-01,1.8428e-01,1.0234e-01,-4.0490e-03,-1.2469e-01,-2.4455e-01,-3.5045e-01,-4.3549e-01,-4.9873e-01,-5.4184e-01,-5.6570e-01,-5.6868e-01,-5.4617e-01,-4.9101e-01,-3.9455e-01,-2.4928e-01,-5.5760e-02,1.6336e-01,3.4538e-01,4.0696e-01,3.3699e-01,1.8624e-01,-3.0262e-02,-2.3467e-01,-2.4613e-01,-1.9963e-01,-1.8973e-01,-2.0337e-01,-2.1537e-01,-2.0690e-01,-1.7469e-01,-1.3085e-01,-9.4725e-02,-8.1292e-02,-9.3081e-02,-1.2168e-01,-1.5586e-01,-1.8768e-01,-2.1373e-01,-2.3378e-01,-2.4924e-01,-2.6215e-01,-2.7466e-01,-2.8872e-01
-2.4589e-01,-1.1391e-01,-1.1608e-01,-1.3413e-01,-1.0129e-01,-9.8325e-02,-1.0928e-01,-8.1378e-02,-1.3965e-02,4.4805e-02,5.6491e-02,6.7961e-03,-9.9411e-02,-2.3553e-01,-3.8652e-01,-6.4517e-01,-9.2120e-01,-8.1779e-01,-4.8563e-01,-6.6915e-02,2.4982e-01,4.5957e-01,6.1463e-01,7.3042e-01,7.8430e-01,7.7125e-01,7.3225e-01,6.9043e-01,6.4225e-01,5.8229e-01,5.0993e-01,4.2861e-01,3.3893e-01,2.0171e-01,-4.8080e-02,-3.4504e-01,-5.8516e-01,-7.1205e-01,-7.4093e-01,-7.2976e-01,-7.0806e-01,-6.6963e-01,-6.0940e-01,-5.3569e-01,-4.6128e-01,-3.9336e-01,-3.2636e-01,-2.5107e-01,-1.6682e-01,-8.8163e-02,-1.5073e-02,9.8550e-02,2.1040e-01,2.5527e-01,2.6299e-01,2.5432e-01,2.3012e-01,1.8499e-01,1.1415e-01,1.7798e-02,-9.6295e-02,-2.1427e-01,-3.2211e-01,-4.1121e-01,-4.7927e-01,-5.2736e-01,-5.5646e-01,-5.6527e-01,-5.4959e-01,-5.0255e-01,-4.1537e-01,-2.7941e-01,-9.2059e-02,1.2919e-01,3.2650e-01,4.1109e-01,3.5542e-01,2.1237e-01,5.6667e-03,-2.2341e-01,-2.7944e-01,-2.2929e-01,-2.0873e-01,-2.1660e-01,-2.2916e-01,-2.2488e-01,-1.9592e-01,-1.5121e-01,-1.1013e-01,-9.0061e-02,-9.6144e-02,-1.2106e-01,-1.5325e-01,-1.8413e-01,-2.0975e-01,-2.2959e-01,-2.4485e-01,-2.5743e-01,-2.6936e-01,-2.8254e-01
-2.5904e-01,-6.7815e-02,-5.3023e-02,-1.0726e-01,-9.4081e-02,-1.0591e-01,-1.1997e-01,-8.7789e-02,-1.9830e-02,3.5535e-02,4.4084e-02,-4.1486e-03,-1.0405e-01,-2.3326e-01,-3.6665e-01,-5.5172e-01,-8.8687e-01,-9.4894e-01,-6.2505e-01,-1.8068e-01,1.5963e-01,3.8265e-01,5.4038e-01,6.6649e-01,7.6845e-01,8.2019e-01,8.1582e-01,7.8223e-01,7.3536e-01,6.7769e-01,6.0916e-01,5.3090e-01,4.4563e-01,3.4397e-01,1.6268e-01,-1.2373e-01,-4.1214e-01,-6.1624e-01,-7.0827e-01,-7.2678e-01,-7.2091e-01,-6.9902e-01,-6.5249e-01,-5.8519e-01,-5.1024e-01,-4.3980e-01,-3.7414e-01,-3.0369e-01,-2.2288e-01,-1.3994e-01,-6.9110e-02,2.5530e-02,1.5070e-01,2.1917e-01,2.3654e-01,2.3410e-01,2.1744e-01,1.8184e-01,1.2186e-01,3.6077e-02,-7.0061e-02,-1.8437e-01,-2.9266e-01,-3.8484e-01,-4.5715e-01,-5.0993e-01,-5.4407e-01,-5.5858e-01,-5.4963e-01,-5.1069e-01,-4.3308e-01,-3.0737e-01,-1.2826e-01,9.2052e-02,3.0175e-01,4.0954e-01,3.7074e-01,2.3536e-01,3.8114e-02,-2.0320e-01,-3.1007e-01,-2.6469e-01,-2.3338e-01,-2.3358e-01,-2.4441e-01,-2.4300e-01,-2.1734e-01,-1.7262e-01,-1.2737e-01,-1.0093e-01,-1.0103e-01,-1.2164e-01,-1.5110e-01,-1.8023e-01,-2.0470e-01,-2.2376e-01,-2.3846e-01,-2.5052e-01,-2.6184e-01,-2.7423e-01
-2.8350e-01,-3.4160e-02,-5.8251e-03,-9.2746e-02,-9.7342e-02,-1.2178e-01,-1.3439e-01,-9.6835e-02,-2.9758e-02,2.1963e-02,2.9137e-02,-1.5803e-02,-1.0975e-01,-2.3663e-01,-3.7095e-01,-5.2442e-01,-7.9775e-01,-1.0428e+00,-7.8587e-01,-3.2264e-01,4.7332e-02,2.9583e-01,4.7064e-01,6.0699e-01,7.3860e-01,8.5301e-01,8.9908e-01,8.8057e-01,8.3317e-01,7.7440e-01,7.0760e-01,6.3206e-01,5.4753e-01,4.5369e-01,3.2462e-01,8.8990e-02,-2.1598e-01,-4.7985e-01,-6.4213e-01,-7.0541e-01,-7.2017e-01,-7.1624e-01,-6.8775e-01,-6.3221e-01,-5.6089e-01,-4.8869e-01,-4.2278e-01,-3.5611e-01,-2.7998e-01,-1.9599e-01,-1.2072e-01,-4.2450e-02,8.0426e-02,1.7611e-01,2.0723e-01,2.1134e-01,2.0167e-01,1.7504e-01,1.2554e-01,5.0521e-02,-4.6603e-02,-1.5560e-01,-2.6274e-01,-3.5686e-01,-4.3272e-01,-4.8976e-01,-5.2870e-01,-5.4874e-01,-5.4639e-01,-5.1552e-01,-4.4762e-01,-3.3285e-01,-1.6376e-01,5.2597e-02,2.7147e-01,4.0186e-01,3.8269e-01,2.5593e-01,6.7286e-02,-1.7680e-01,-3.3374e-01,-3.0420e-01,-2.6337e-01,-2.5461e-01,-2.6156e-01,-2.6135e-01,-2.3861e-01,-1.9454e-01,-1.4598e-01,-1.1363e-01,-1.0769e-01,-1.2359e-01,-1.4966e-01,-1.7628e-01,-1.9882e-01,-2.1645e-01,-2.3010e-01,-2.4136e-01,-2.5198e-01,-2.6362e-01
-3.1071e-01,-8.1355e-03,2.7207e-02,-8.8636e-02,-1.0966e-01,-1.4341e-01,-1.5000e-01,-1.0680e-01,-4.1746e-02,6.4307e-03,1.3721e-02,-2.6838e-02,-1.1552e-01,-2.4248e-01,-3.8559e-01,-5.3851e-01,-7.5487e-01,-1.0414e+00,-9.4504e-01,-4.8782e-01,-9.0102e-02,1.8765e-01,3.9003e-01,5.4599e-01,6.9969e-01,8.6535e-01,9.7348e-01,9.8431e-01,9.3861e-01,8.7547e-01,8.0703e-01,7.3266e-01,6.4874e-01,5.5357e-01,4.4241e-01,2.6893e-01,-1.3866e-02,-3.1424e-01,-5.4006e-01,-6.6030e-01,-7.0449e-01,-7.1924e-01,-7.1147e-01,-6.7303e-01,-6.1053e-01,-5.3939e-01,-4.7256e-01,-4.0845e-01,-3.3720e-01,-2.5518e-01,-1.7420e-01,-1.0335e-01,4.2676e-03,1.2326e-01,1.7424e-01,1.8608e-01,1.8298e-01,1.6477e-01,1.2534e-01,6.1020e-02,-2.6399e-02,-1.2867e-01,-2.3307e-01,-3.2782e-01,-4.0636e-01,-4.6714e-01,-5.1056e-01,-5.3591e-01,-5.4003e-01,-5.1713e-01,-4.5900e-01,-3.5564e-01,-1.9802e-01,1.1536e-02,2.3608e-01,3.8771e-01,3.9070e-01,2.7436e-01,9.3595e-02,-1.4716e-01,-3.4723e-01,-3.4562e-01,-2.9802e-01,-2.7972e-01,-2.8092e-01,-2.8007e-01,-2.5941e-01,-2.1637e-01,-1.6540e-01,-1.2780e-01,-1.1599e-01,-1.2694e-01,-1.4914e-01,-1.7258e-01,-1.9244e-01,-2.0789e-01,-2.1991e-01,-2.3000e-01,-2.3973e-01,-2.5059e-01
-3.3477e-01,1.3659e-02,4.8901e-02,-9.2583e-02,-1.2946e-01,-1.6800e-01,-1.6468e-01,-1.1614e-01,-5.3900e-02,-9.2276e-03,-1.4008e-03,-3.7940e-02,-1.2261e-01,-2.5074e-01,-4.0434e-01,-5.7028e-01,-7.6627e-01,-1.0000e+00,-1.0538e+00,-6.5860e-01,-2.4493e-01,5.7978e-02,2.8905e-01,4.7127e-01,6.4742e-01,8.5309e-01,1.0259e+00,1.0853e+00,1.0515e+00,9.8337e-01,9.0949e-01,8.3337e-01,7.4948e-01,6.5237e-01,5.4088e-01,4.0259e-01,1.7560e-01,-1.3159e-01,-4.0616e-01,-5.8651e-01,-6.7165e-01,-7.0739e-01,-7.2080e-01,-7.0380e-01,-6.5572e-01,-5.9009e-01,-5.2324e-01,-4.6075e-01,-3.9404e-01,-3.1594e-01,-2.3170e-01,-1.5903e-01,-7.0651e-02,5.8532e-02,1.3597e-01,1.5822e-01,1.6149e-01,1.5116e-01,1.2139e-01,6.7580e-02,-9.7772e-03,-1.0421e-01,-2.0435e-01,-2.9834e-01,-3.7854e-01,-4.4241e-01,-4.8988e-01,-5.2029e-01,-5.3071e-01,-5.1566e-01,-4.6728e-01,-3.7563e-01,-2.3058e-01,-3.0379e-02,1.9615e-01,3.6686e-01,3.9406e-01,2.9051e-01,1.1737e-01,-1.1665e-01,-3.4926e-01,-3.8631e-01,-3.3636e-01,-3.0865e-01,-3.0262e-01,-2.9924e-01,-2.7948e-01,-2.3749e-01,-1.8496e-01,-1.4295e-01,-1.2569e-01,-1.3167e-01,-1.4969e-01,-1.6943e-01,-1.8591e-01,-1.9844e-01,-2.0815e-01,-2.1656e-01,-2.2511e-01,-2.3508e-01
-3.5257e-01,3.2437e-02,6.2904e-02,-1.0225e-01,-1.5484e-01,-1.9266e-01,-1.7662e-01,-1.2341e-01,-6.4557e-02,-2.3847e-02,-1.6474e-02,-5.0552e-02,-1.3253e-01,-2.6193e-01,-4.2500e-01,-6.0655e-01,-8.0501e-01,-9.9380e-01,-1.0717e+00,-8.1000e-01,-4.0322e-01,-8.5093e-02,1.6808e-01,3.7515e-01,5.7328e-01,8.1061e-01,1.0422e+00,1.1671e+00,1.1651e+00,1.0980e+00,1.0165e+00,9.3513e-01,8.4949e-01,7.5115e-01,6.3607e-01,5.0469e-01,3.3015e-01,5.5614e-02,-2.4808e-01,-4.8249e-01,-6.1784e-01,-6.8075e-01,-7.1439e-01,-7.2117e-01,-6.9271e-01,-6.3795e-01,-5.7387e-01,-5.1272e-01,-4.5014e-01,-3.7695e-01,-2.9282e-01,-2.1385e-01,-1.3904e-01,-1.6633e-02,8.9841e-02,1.2735e-01,1.3729e-01,1.3432e-01,1.1381e-01,7.0268e-02,3.0923e-03,-8.2710e-02,-1.7725e-01,-2.6907e-01,-3.4979e-01,-4.1595e-01,-4.6696e-01,-5.0210e-01,-5.1861e-01,-5.1127e-01,-4.7258e-01,-3.9277e-01,-2.6107e-01,-7.2402e-02,1.5241e-01,3.3928e-01,3.9198e-01,3.0403e-01,1.3876e-01,-8.6917e-02,-3.4057e-01,-4.2344e-01,-3.7717e-01,-3.4094e-01,-3.2659e-01,-3.1890e-01,-2.9859e-01,-2.5733e-01,-2.0395e-01,-1.5854e-01,-1.3650e-01,-1.3774e-01,-1.5146e-01,-1.6712e-01,-1.7965e-01,-1.8854e-01,-1.9520e-01,-2.0132e-01,-2.0825e-01,-2.1710e-01
-3.6383e-01,4.7808e-02,7.2993e-02,-1.1559e-01,-1.8346e-01,-2.1449e-01,-1.8426e-01,-1.2728e-01,-7.2471e-02,-3.6966e-02,-3.2233e-02,-6.5818e-02,-1.4567e-01,-2.7541e-01,-4.4588e-01,-6.4119e-01,-8.4930e-01,-1.0222e+00,-1.0496e+00,-9.0818e-01,-5.5079e-01,-2.3107e-01,3.3937e-02,2.5818e-01,4.7253e-01,7.3262e-01,1.0126e+00,1.2089e+00,1.2634e+00,1.2138e+00,1.1277e+00,1.0387e+00,9.4893e-01,8.4925e-01,7.3201e-01,5.9749e-01,4.4481e-01,2.2736e-01,-7.3972e-02,-3.5111e-01,-5.3908e-01,-6.3843e-01,-6.9255e-01,-7.2281e-01,-7.1803e-01,-6.7952e-01,-6.2254e-01,-5.6361e-01,-5.0497e-01,-4.3722e-01,-3.5599e-01,-2.7151e-01,-1.9983e-01,-9.6042e-02,3.2757e-02,9.2526e-02,1.1043e-01,1.1432e-01,1.0266e-01,6.9169e-02,1.2149e-02,-6.4542e-02,-1.5239e-01,-2.4067e-01,-3.2070e-01,-3.8822e-01,-4.4214e-01,-4.8160e-01,-5.0393e-01,-5.0414e-01,-4.7501e-01,-4.0706e-01,-2.8921e-01,-1.1382e-01,1.0570e-01,3.0513e-01,3.8373e-01,3.1430e-01,1.5772e-01,-5.9009e-02,-3.2340e-01,-4.5438e-01,-4.1914e-01,-3.7593e-01,-3.5263e-01,-3.3897e-01,-3.1655e-01,-2.7535e-01,-2.2166e-01,-1.7398e-01,-1.4809e-01,-1.4505e-01,-1.5457e-01,-1.6597e-01,-1.7412e-01,-1.7872e-01,-1.8159e-01,-1.8469e-01,-1.8944e-01,-1.9680e-01
-3.7078e-01,5.8793e-02,8.2202e-02,-1.3088e-01,-2.1231e-01,-2.3086e-01,-1.8633e-01,-1.2675e-01,-7.6965e-02,-4.8702e-02,-4.9342e-02,-8.3889e-02,-1.6086e-01,-2.8880e-01,-4.6415e-01,-6.7049e-01,-8.8751e-01,-1.0589e+00,-1.0484e+00,-9.2612e-01,-6.7566e-01,-3.7137e-01,-1.0534e-01,1.2653e-01,3.4770e-01,6.1838e-01,9.3326e-01,1.1952e+00,1.3242e+00,1.3178e+00,1.2394e+00,1.1440e+00,1.0482e+00,9.4623e-01,8.2833e-01,6.9092e-01,5.3923e-01,3.6281e-01,1.0318e-01,-1.9740e-01,-4.3393e-01,-5.7759e-01,-6.5627e-01,-7.0801e-01,-7.2890e-01,-7.1138e-01,-6.6657e-01,-6.1220e-01,-5.5772e-01,-4.9586e-01,-4.1951e-01,-3.3291e-01,-2.5619e-01,-1.7180e-01,-3.6929e-02,5.1908e-02,8.0818e-02,9.1249e-02,8.7992e-02,6.4346e-02,1.7412e-02,-4.9917e-02,-1.3026e-01,-2.1380e-01,-2.9188e-01,-3.5973e-01,-4.1579e-01,-4.5907e-01,-4.8692e-01,-4.9446e-01,-4.7472e-01,-4.1855e-01,-3.1481e-01,-1.5401e-01,5.6974e-02,2.6485e-01,3.6868e-01,3.2063e-01,1.7403e-01,-3.3599e-02,-3.0060e-01,-4.7704e-01,-4.6087e-01,-4.1284e-01,-3.8039e-01,-3.5931e-01,-3.3316e-01,-2.9110e-01,-2.3742e-01,-1.8864e-01,-1.6008e-01,-1.5351e-01,-1.5914e-01,-1.6629e-01,-1.6980e-01,-1.6961e-01,-1.6797e-01,-1.6728e-01,-1.6914e-01,-1.7450e-01
-3.7700e-01,6.4608e-02,9.2174e-02,-1.4660e-01,-2.3795e-01,-2.3959e-01,-1.8195e-01,-1.2125e-01,-7.7983e-02,-5.9480e-02,-6.7889e-02,-1.0366e-01,-1.7561e-01,-2.9858e-01,-4.7597e-01,-6.9096e-01,-9.1421e-01,-1.0853e+00,-1.0660e+00,-9.0130e-01,-7.5768e-01,-5.0118e-01,-2.4373e-01,-1.2192e-02,2.0681e-01,4.7411e-01,8.0769e-01,1.1218e+00,1.3278e+00,1.3898e+00,1.3417e+00,1.2484e+00,1.1472e+00,1.0421e+00,9.2406e-01,7.8621e-01,6.3099e-01,4.6578e-01,2.5996e-01,-2.8496e-02,-3.0416e-01,-4.9496e-01,-6.0552e-01,-6.7750e-01,-7.2363e-01,-7.3064e-01,-7.0284e-01,-6.5673e-01,-6.0719e-01,-5.5188e-01,-4.8186e-01,-3.9685e-01,-3.1294e-01,-2.3903e-01,-1.1637e-01,2.6171e-03,4.8067e-02,6.5232e-02,6.9825e-02,5.5826e-02,1.8919e-02,-3.8940e-02,-1.1123e-01,-1.8902e-01,-2.6397e-01,-3.3103e-01,-3.8837e-01,-4.3485e-01,-4.6781e-01,-4.8243e-01,-4.7188e-01,-4.2732e-01,-3.3774e-01,-1.9244e-01,7.2159e-03,2.1912e-01,3.4641e-01,3.2224e-01,1.8737e-01,-1.1137e-02,-2.7494e-01,-4.9029e-01,-5.0096e-01,-4.5087e-01,-4.0945e-01,-3.7969e-01,-3.4825e-01,-3.0427e-01,-2.5065e-01,-2.0189e-01,-1.7208e-01,-1.6301e-01,-1.6527e-01,-1.6837e-01,-1.6718e-01,-1.6185e-01,-1.5510e-01,-1.4983e-01,-1.4802e-01,-1.5070e-01
-3.8597e-01,6.4999e-02,1.0299e-01,-1.6130e-01,-2.5708e-01,-2.3934e-01,-1.7084e-01,-1.1083e-01,-7.6014e-02,-6.9698e-02,-8.7095e-02,-1.2291e-01,-1.8694e-01,-3.0144e-01,-4.7780e-01,-6.9941e-01,-9.2669e-01,-1.0938e+00,-1.0787e+00,-8.8576e-01,-7.7350e-01,-6.1605e-01,-3.7820e-01,-1.5185e-01,5.9503e-02,3.1161e-01,6.4574e-01,9.9465e-01,1.2669e+00,1.4092e+00,1.4186e+00,1.3455e+00,1.2445e+00,1.1366e+00,1.0186e+00,8.8214e-01,7.2549e-01,5.5742e-01,3.7992e-01,1.3952e-01,-1.5335e-01,-3.8917e-01,-5.3844e-01,-6.3265e-01,-7.0175e-01,-7.3526e-01,-7.2850e-01,-6.9496e-01,-6.5195e-01,-6.0395e-01,-5.4166e-01,-4.6129e-01,-3.7285e-01,-2.9813e-01,-1.9765e-01,-5.8539e-02,1.1195e-02,3.6364e-02,4.8215e-02,4.3600e-02,1.6711e-02,-3.1628e-02,-9.5550e-02,-1.6682e-01,-2.3755e-01,-3.0271e-01,-3.6034e-01,-4.0928e-01,-4.4687e-01,-4.6824e-01,-4.6664e-01,-4.3346e-01,-3.5795e-01,-2.2866e-01,-4.2611e-02,1.6890e-01,3.1674e-01,3.1836e-01,1.9737e-01,8.0557e-03,-2.4874e-01,-4.9413e-01,-5.3806e-01,-4.8919e-01,-4.3940e-01,-3.9989e-01,-3.6169e-01,-3.1465e-01,-2.6091e-01,-2.1316e-01,-1.8362e-01,-1.7333e-01,-1.7303e-01,-1.7249e-01,-1.6672e-01,-1.5610e-01,-1.4379e-01,-1.3322e-01,-1.2689e-01,-1.2607e-01
-4.0015e-01,6.0363e-02,1.1357e-01,-1.7371e-01,-2.6732e-01,-2.2992e-01,-1.5347e-01,-9.6171e-02,-7.1919e-02,-7.9434e-02,-1.0530e-01,-1.3878e-01,-1.9219e-01,-2.9542e-01,-4.6787e-01,-6.9394e-01,-9.2366e-01,-1.0833e+00,-1.0722e+00,-8.8496e-01,-7.4914e-01,-6.9816e-01,-5.0769e-01,-2.8904e-01,-8.6289e-02,1.4426e-01,4.6221e-01,8.2687e-01,1.1479e+00,1.3651e+00,1.4505e+00,1.4227e+00,1.3355e+00,1.2287e+00,1.1112e+00,9.7732e-01,8.2215e-01,6.5044e-01,4.7522e-01,2.8095e-01,1.0615e-02,-2.6106e-01,-4.5265e-01,-5.7406e-01,-6.6393e-01,-7.2398e-01,-7.4137e-01,-7.2445e-01,-6.9049e-01,-6.5052e-01,-5.9741e-01,-5.2422e-01,-4.3563e-01,-3.5376e-01,-2.7224e-01,-1.3252e-01,-3.1770e-02,4.6645e-03,2.3269e-02,2.7650e-02,1.0781e-02,-2.7962e-02,-8.3329e-02,-1.4756e-01,-2.1317e-01,-2.7534e-01,-3.3221e-01,-3.8277e-01,-4.2439e-01,-4.5212e-01,-4.5915e-01,-4.3707e-01,-3.7540e-01,-2.6234e-01,-9.1610e-02,1.1531e-01,2.7985e-01,3.0830e-01,2.0357e-01,2.3738e-02,-2.2376e-01,-4.8957e-01,-5.7090e-01,-5.2703e-01,-4.6981e-01,-4.1971e-01,-3.7335e-01,-3.2213e-01,-2.6793e-01,-2.2194e-01,-1.9418e-01,-1.8417e-01,-1.8237e-01,-1.7881e-01,-1.6878e-01,-1.5294e-01,-1.3480e-01,-1.1836e-01,-1.0670e-01,-1.0150e-01
-4.2062e-01,5.1759e-02,1.2226e-01,-1.8316e-01,-2.6795e-01,-2.1244e-01,-1.3114e-01,-7.8563e-02,-6.6699e-02,-8.8265e-02,-1.2025e-01,-1.4853e-01,-1.8980e-01,-2.8062e-01,-4.4688e-01,-6.7468e-01,-9.0509e-01,-1.0551e+00,-1.0438e+00,-8.8360e-01,-7.3427e-01,-7.2193e-01,-6.2697e-01,-4.2296e-01,-2.2613e-01,-1.7110e-02,2.7320e-01,6.3499e-01,9.8574e-01,1.2613e+00,1.4242e+00,1.4635e+00,1.4110e+00,1.3148e+00,1.2007e+00,1.0704e+00,9.1898e-01,7.4695e-01,5.6590e-01,3.8712e-01,1.6743e-01,-1.1340e-01,-3.4687e-01,-5.0107e-01,-6.1141e-01,-6.9625e-01,-7.3999e-01,-7.4302e-01,-7.2125e-01,-6.9002e-01,-6.4740e-01,-5.8367e-01,-4.9922e-01,-4.1066e-01,-3.3617e-01,-2.1476e-01,-8.3899e-02,-3.0134e-02,-4.8300e-03,7.9796e-03,1.1069e-03,-2.7918e-02,-7.4603e-02,-1.3146e-01,-1.9128e-01,-2.4948e-01,-3.0452e-01,-3.5574e-01,-4.0068e-01,-4.3428e-01,-4.4959e-01,-4.3826e-01,-3.9009e-01,-2.9321e-01,-1.3898e-01,5.9603e-02,2.3626e-01,2.9149e-01,2.0554e-01,3.5719e-02,-2.0123e-01,-4.7835e-01,-5.9841e-01,-5.6366e-01,-5.0029e-01,-4.3902e-01,-3.8323e-01,-3.2674e-01,-2.7160e-01,-2.2786e-01,-2.0324e-01,-1.9512e-01,-1.9309e-01,-1.8736e-01,-1.7362e-01,-1.5282e-01,-1.2882e-01,-1.0614e-01,-8.8446e-02,-7.7962e-02
-4.4709e-01,4.0683e-02,1.2725e-01,-1.8993e-01,-2.6011e-01,-1.8922e-01,-1.0581e-01,-5.9712e-02,-6.1251e-02,-9.5284e-02,-1.2965e-01,-1.5041e-01,-1.7993e-01,-2.5907e-01,-4.1767e-01,-6.4378e-01,-8.7232e-01,-1.0116e+00,-9.9673e-01,-8.7160e-01,-7.4278e-01,-7.0759e-01,-7.1294e-01,-5.5307e-01,-3.5941e-01,-1.6668e-01,9.1819e-02,4.3569e-01,7.9790e-01,1.1126e+00,1.3397e+00,1.4539e+00,1.4576e+00,1.3881e+00,1.2839e+00,1.1595e+00,1.0138e+00,8.4501e-01,6.6015e-01,4.7652e-01,2.9193e-01,4.3810e-02,-2.2101e-01,-4.1246e-01,-5.4533e-01,-6.5218e-01,-7.2329e-01,-7.4914e-01,-7.4266e-01,-7.2119e-01,-6.8982e-01,-6.3771e-01,-5.6107e-01,-4.7029e-01,-3.9184e-01,-2.9562e-01,-1.4832e-01,-6.8940e-02,-3.5849e-02,-1.5338e-02,-1.2351e-02,-3.1493e-02,-6.9353e-02,-1.1864e-01,-1.7220e-01,-2.2561e-01,-2.7778e-01,-3.2863e-01,-3.7607e-01,-4.1496e-01,-4.3811e-01,-4.3711e-01,-4.0202e-01,-3.2108e-01,-1.8403e-01,3.0776e-03,1.8687e-01,2.6759e-01,2.0284e-01,4.3865e-02,-1.8196e-01,-4.6258e-01,-6.1978e-01,-5.9841e-01,-5.3050e-01,-4.5779e-01,-3.9139e-01,-3.2860e-01,-2.7195e-01,-2.3068e-01,-2.1028e-01,-2.0560e-01,-2.0480e-01,-1.9799e-01,-1.8126e-01,-1.5599e-01,-1.2636e-01,-9.7301e-02,-7.3078e-02,-5.6519e-02
-4.7805e-01,2.8578e-02,1.2657e-01,-1.9538e-01,-2.4649e-01,-1.6335e-01,-7.9916e-02,-4.1494e-02,-5.6181e-02,-9.9322e-02,-1.3198e-01,-1.4446e-01,-1.6451e-01,-2.3406e-01,-3.8414e-01,-6.0468e-01,-8.2777e-01,-9.5536e-01,-9.3561e-01,-8.4756e-01,-7.6386e-01,-7.0349e-01,-7.3667e-01,-6.7077e-01,-4.8793e-01,-3.0385e-01,-7.4553e-02,2.4238e-01,6.0083e-01,9.3659e-01,1.2092e+00,1.3900e+00,1.4620e+00,1.4382e+00,1.3557e+00,1.2419e+00,1.1042e+00,9.4176e-01,7.5766e-01,5.6612e-01,3.8542e-01,1.8594e-01,-7.7703e-02,-3.0710e-01,-4.6642e-01,-5.9265e-01,-6.9030e-01,-7.4167e-01,-7.5329e-01,-7.4317e-01,-7.2301e-01,-6.8430e-01,-6.1863e-01,-5.3103e-01,-4.4501e-01,-3.6633e-01,-2.2506e-01,-1.1375e-01,-6.9585e-02,-4.2132e-02,-2.9619e-02,-3.8710e-02,-6.7548e-02,-1.0912e-01,-1.5613e-01,-2.0415e-01,-2.5250e-01,-3.0190e-01,-3.5089e-01,-3.9439e-01,-4.2486e-01,-4.3373e-01,-4.1123e-01,-3.4580e-01,-2.2621e-01,-5.3024e-02,1.3290e-01,2.3657e-01,1.9506e-01,4.8106e-02,-1.6644e-01,-4.4436e-01,-6.3456e-01,-6.3068e-01,-5.6013e-01,-4.7607e-01,-3.9798e-01,-3.2791e-01,-2.6915e-01,-2.3028e-01,-2.1485e-01,-2.1498e-01,-2.1693e-01,-2.1030e-01,-1.9156e-01,-1.6251e-01,-1.2769e-01,-9.2403e-02,-6.1405e-02,-3.8158e-02
-5.1115e-01,1.6201e-02,1.1814e-01,-2.0142e-01,-2.3051e-01,-1.3814e-01,-5.5948e-02,-2.5621e-02,-5.1702e-02,-9.9398e-02,-1.2713e-01,-1.3247e-01,-1.4651e-01,-2.0906e-01,-3.5010e-01,-5.6110e-01,-7.7448e-01,-8.8928e-01,-8.6499e-01,-8.1434e-01,-7.8525e-01,-7.2569e-01,-7.1873e-01,-7.4752e-01,-6.1151e-01,-4.3168e-01,-2.2446e-01,6.2989e-02,4.0721e-01,7.4939e-01,1.0494e+00,1.2801e+00,1.4178e+00,1.4537e+00,1.4081e+00,1.3133e+00,1.1874e+00,1.0342e+00,8.5532e-01,6.6024e-01,4.6959e-01,2.9236e-01,6.9606e-02,-1.8418e-01,-3.7489e-01,-5.1931e-01,-6.4043e-01,-7.1939e-01,-7.5201e-01,-7.5535e-01,-7.4588e-01,-7.2146e-01,-6.6952e-01,-5.8998e-01,-4.9957e-01,-4.2454e-01,-3.0761e-01,-1.6771e-01,-1.0610e-01,-7.2100e-02,-5.0659e-02,-4.9602e-02,-6.9164e-02,-1.0287e-01,-1.4317e-01,-1.8539e-01,-2.2910e-01,-2.7598e-01,-3.2551e-01,-3.7281e-01,-4.1001e-01,-4.2821e-01,-4.1773e-01,-3.6727e-01,-2.6507e-01,-1.0756e-01,7.5780e-02,1.9874e-01,1.8189e-01,4.8433e-02,-1.5493e-01,-4.2557e-01,-6.4272e-01,-6.5992e-01,-5.8888e-01,-4.9397e-01,-4.0330e-01,-3.2497e-01,-2.6344e-01,-2.2672e-01,-2.1662e-01,-2.2262e-01,-2.2876e-01,-2.2372e-01,-2.0411e-01,-1.7218e-01,-1.3285e-01,-9.1730e-02,-5.4014e-02,-2.3729e-02
-5.4387e-01,3.2487e-03,9.9960e-02,-2.0966e-01,-2.1534e-01,-1.1638e-01,-3.6002e-02,-1.3313e-02,-4.7661e-02,-9.5195e-02,-1.1654e-01,-1.1729e-01,-1.2890e-01,-1.8681e-01,-3.1842e-01,-5.1625e-01,-7.1557e-01,-8.1614e-01,-7.8878e-01,-7.7554e-01,-8.0033e-01,-7.6309e-01,-7.0858e-01,-7.5575e-01,-7.1821e-01,-5.5377e-01,-3.6066e-01,-1.0013e-01,2.2469e-01,5.6299e-01,8.7599e-01,1.1390e+00,1.3294e+00,1.4272e+00,1.4319e+00,1.3676e+00,1.2595e+00,1.1191e+00,9.4951e-01,7.5670e-01,5.5721e-01,3.7447e-01,1.9347e-01,-4.7084e-02,-2.6998e-01,-4.3437e-01,-5.7423e-01,-6.8082e-01,-7.3769e-01,-7.5702e-01,-7.5815e-01,-7.4748e-01,-7.1141e-01,-6.4403e-01,-5.5529e-01,-4.7472e-01,-3.8482e-01,-2.3372e-01,-1.4613e-01,-1.0483e-01,-7.5334e-02,-6.4191e-02,-7.4200e-02,-9.9824e-02,-1.3331e-01,-1.6948e-01,-2.0795e-01,-2.5130e-01,-3.0027e-01,-3.5048e-01,-3.9371e-01,-4.2065e-01,-4.2156e-01,-3.8542e-01,-3.0027e-01,-1.5953e-01,1.7087e-02,1.5482e-01,1.6312e-01,4.4882e-02,-1.4748e-01,-4.0773e-01,-6.4470e-01,-6.8566e-01,-6.1646e-01,-5.1164e-01,-4.0770e-01,-3.2014e-01,-2.5516e-01,-2.2016e-01,-2.1537e-01,-2.2793e-01,-2.3951e-01,-2.3749e-01,-2.1831e-01,-1.8457e-01,-1.4159e-01,-9.5298e-02,-5.1211e-02,-1.3839e-02
-5.7423e-01,-1.1579e-02,7.0700e-02,-2.2061e-01,-2.0315e-01,-9.9826e-02,-2.1361e-02,-5.0507e-03,-4.3747e-02,-8.7372e-02,-1.0269e-01,-1.0177e-01,-1.1380e-01,-1.6888e-01,-2.9078e-01,-4.7248e-01,-6.5378e-01,-7.3855e-01,-7.1018e-01,-7.3400e-01,-8.0691e-01,-8.0108e-01,-7.2495e-01,-7.2115e-01,-7.7669e-01,-6.6885e-01,-4.8762e-01,-2.4872e-01,5.6023e-02,3.8471e-01,7.0041e-01,9.8135e-01,1.2083e+00,1.3596e+00,1.4205e+00,1.3980e+00,1.3159e+00,1.1930e+00,1.0366e+00,8.5151e-01,6.4942e-01,4.5371e-01,2.8202e-01,8.6448e-02,-1.5064e-01,-3.3963e-01,-4.9393e-01,-6.2487e-01,-7.0883e-01,-7.4725e-01,-7.6003e-01,-7.6140e-01,-7.4221e-01,-6.9027e-01,-6.0932e-01,-5.2288e-01,-4.4837e-01,-3.1063e-01,-1.9158e-01,-1.3989e-01,-1.0336e-01,-8.2445e-02,-8.2658e-02,-9.9930e-02,-1.2649e-01,-1.5651e-01,-1.8929e-01,-2.2822e-01,-2.7551e-01,-3.2764e-01,-3.7613e-01,-4.1114e-01,-4.2276e-01,-4.0021e-01,-3.3155e-01,-2.0814e-01,-4.1624e-02,1.0590e-01,1.3875e-01,3.7564e-02,-1.4396e-01,-3.9199e-01,-6.4135e-01,-7.0747e-01,-6.4256e-01,-5.2925e-01,-4.1161e-01,-3.1385e-01,-2.4467e-01,-2.1083e-01,-2.1106e-01,-2.3043e-01,-2.4842e-01,-2.5078e-01,-2.3339e-01,-1.9906e-01,-1.5348e-01,-1.0285e-01,-5.3000e-02,-8.8165e-03
-6.0130e-01,-3.0136e-02,3.0308e-02,-2.3344e-01,-1.9471e-01,-8.8898e-02,-1.2254e-02,-5.3817e-04,-3.9748e-02,-7.7423e-02,-8.8252e-02,-8.8048e-02,-1.0230e-01,-1.5569e-01,-2.6776e-01,-4.3125e-01,-5.9134e-01,-6.5876e-01,-6.3167e-01,-6.9153e-01,-8.0501e-01,-8.3098e-01,-7.5889e-01,-6.9479e-01,-7.6458e-01,-7.6180e-01,-6.0818e-01,-3.8652e-01,-9.9645e-02,2.1763e-01,5.2994e-01,8.1831e-01,1.0676e+00,1.2590e+00,1.3723e+00,1.3989e+00,1.3518e+00,1.2522e+00,1.1131e+00,9.4053e-01,7.4271e-01,5.3834e-01,3.5448e-01,1.8960e-01,-2.2176e-02,-2.3504e-01,-4.0316e-01,-5.5210e-01,-6.6357e-01,-7.2473e-01,-7.5148e-01,-7.6327e-01,-7.6025e-01,-7.2615e-01,-6.5808e-01,-5.7134e-01,-4.9805e-01,-3.8996e-01,-2.4558e-01,-1.7709e-01,-1.3429e-01,-1.0425e-01,-9.4531e-02,-1.0315e-01,-1.2260e-01,-1.4643e-01,-1.7329e-01,-2.0706e-01,-2.5157e-01,-3.0454e-01,-3.5744e-01,-3.9978e-01,-4.2138e-01,-4.1163e-01,-3.5873e-01,-2.5273e-01,-9.8884e-02,5.3369e-02,1.0899e-01,2.6634e-02,-1.4407e-01,-3.7910e-01,-6.3383e-01,-7.2506e-01,-6.6690e-01,-5.4690e-01,-4.1551e-01,-3.0659e-01,-2.3239e-01,-1.9905e-01,-2.0376e-01,-2.2984e-01,-2.5480e-01,-2.6270e-01,-2.4850e-01,-2.1489e-01,-1.6785e-01,-1.1391e-01,-5.9122e-02,-8.6791e-03
-6.2525e-01,-5.4258e-02,-1.9602e-02,-2.4628e-01,-1.8954e-01,-8.2795e-02,-7.9143e-03,1.0786e-03,-3.5760e-02,-6.7188e-02,-7.5384e-02,-7.7331e-02,-9.4570e-02,-1.4690e-01,-2.4924e-01,-3.9329e-01,-5.2984e-01,-5.7866e-01,-5.5504e-01,-6.4903e-01,-7.9555e-01,-8.4981e-01,-7.9612e-01,-6.9771e-01,-7.1190e-01,-8.0163e-01,-7.1835e-01,-5.1710e-01,-2.4516e-01,6.1692e-02,3.6814e-01,6.5729e-01,9.1820e-01,1.1363e+00,1.2920e+00,1.3680e+00,1.3629e+00,1.2932e+00,1.1758e+00,1.0200e+00,8.3253e-01,6.2708e-01,4.2904e-01,2.6217e-01,9.3703e-02,-1.2011e-01,-3.0526e-01,-4.6544e-01,-6.0083e-01,-6.8769e-01,-7.3175e-01,-7.5387e-01,-7.6467e-01,-7.4951e-01,-6.9817e-01,-6.1822e-01,-5.3990e-01,-4.5954e-01,-3.1061e-01,-2.1691e-01,-1.6751e-01,-1.2933e-01,-1.0976e-01,-1.0943e-01,-1.2157e-01,-1.3915e-01,-1.5999e-01,-1.8804e-01,-2.2873e-01,-2.8142e-01,-3.3780e-01,-3.8668e-01,-4.1747e-01,-4.1967e-01,-3.8171e-01,-2.9283e-01,-1.5342e-01,-1.1641e-03,7.4345e-02,1.2296e-02,-1.4740e-01,-3.6947e-01,-6.2347e-01,-7.3822e-01,-6.8914e-01,-5.6463e-01,-4.1987e-01,-2.9888e-01,-2.1875e-01,-1.8517e-01,-1.9367e-01,-2.2601e-01,-2.5814e-01,-2.7248e-01,-2.6274e-01,-2.3119e-01,-1.8394e-01,-1.2781e-01,-6.9075e-02,-1.3161e-02
-6.4698e-01,-8.5182e-02,-7.5649e-02,-2.5696e-01,-1.8636e-01,-7.9957e-02,-6.9521e-03,8.3111e-04,-3.2147e-02,-5.8277e-02,-6.5406e-02,-6.9988e-02,-9.0209e-02,-1.4177e-01,-2.3467e-01,-3.5879e-01,-4.7033e-01,-4.9976e-01,-4.8146e-01,-6.0679e-01,-7.7973e-01,-8.5781e-01,-8.2735e-01,-7.2329e-01,-6.6872e-01,-7.7256e-01,-8.0055e-01,-6.4092e-01,-3.8382e-01,-8.5054e-02,2.1577e-01,5.0236e-01,7.6768e-01,1.0017e+00,1.1882e+00,1.3075e+00,1.3471e+00,1.3129e+00,1.2218e+00,1.0866e+00,9.1460e-01,7.1559e-01,5.0985e-01,3.2689e-01,1.7587e-01,-3.2023e-03,-2.0120e-01,-3.6976e-01,-5.2165e-01,-6.3436e-01,-6.9936e-01,-7.3378e-01,-7.5562e-01,-7.5875e-01,-7.2676e-01,-6.5979e-01,-5.7927e-01,-5.1219e-01,-3.8419e-01,-2.6111e-01,-2.0236e-01,-1.5727e-01,-1.2822e-01,-1.1874e-01,-1.2329e-01,-1.3457e-01,-1.4937e-01,-1.7133e-01,-2.0726e-01,-2.5852e-01,-3.1737e-01,-3.7195e-01,-4.1111e-01,-4.2438e-01,-4.0044e-01,-3.2810e-01,-2.0420e-01,-5.6054e-02,3.5603e-02,-5.1857e-03,-1.5339e-01,-3.6320e-01,-6.1161e-01,-7.4690e-01,-7.0899e-01,-5.8241e-01,-4.2512e-01,-2.9127e-01,-2.0421e-01,-1.6956e-01,-1.8106e-01,-2.1898e-01,-2.5811e-01,-2.7943e-01,-2.7526e-01,-2.4709e-01,-2.0093e-01,-1.4379e-01,-8.2193e-02,-2.1763e-02
-6.6763e-01,-1.2301e-01,-1.3302e-01,-2.6387e-01,-1.8371e-01,-7.8680e-02,-7.8665e-03,-3.9918e-04,-2.9343e-02,-5.1694e-02,-5.8795e-02,-6.5805e-02,-8.8529e-02,-1.3940e-01,-2.2331e-01,-3.2758e-01,-4.1337e-01,-4.2317e-01,-4.1162e-01,-5.6479e-01,-7.5870e-01,-8.5651e-01,-8.4897e-01,-7.5750e-01,-6.5754e-01,-7.0587e-01,-8.2677e-01,-7.5082e-01,-5.1759e-01,-2.2532e-01,7.1853e-02,3.5516e-01,6.2062e-01,8.6276e-01,1.0696e+00,1.2231e+00,1.3051e+00,1.3100e+00,1.2493e+00,1.1379e+00,9.8536e-01,7.9914e-01,5.9404e-01,3.9700e-01,2.3553e-01,9.2227e-02,-9.2099e-02,-2.6962e-01,-4.2984e-01,-5.6427e-01,-6.5258e-01,-7.0256e-01,-7.3418e-01,-7.5312e-01,-7.4165e-01,-6.9223e-01,-6.1669e-01,-5.4999e-01,-4.5604e-01,-3.1270e-01,-2.3840e-01,-1.8745e-01,-1.4961e-01,-1.3098e-01,-1.2770e-01,-1.3254e-01,-1.4134e-01,-1.5700e-01,-1.8738e-01,-2.3608e-01,-2.9635e-01,-3.5573e-01,-4.0240e-01,-4.2581e-01,-4.1492e-01,-3.5836e-01,-2.5040e-01,-1.0972e-01,-6.1588e-03,-2.5488e-02,-1.6139e-01,-3.6006e-01,-5.9949e-01,-7.5126e-01,-7.2619e-01,-6.0007e-01,-4.3164e-01,-2.8430e-01,-1.8924e-01,-1.5261e-01,-1.6625e-01,-2.0894e-01,-2.5456e-01,-2.8305e-01,-2.8531e-01,-2.6174e-01,-2.1794e-01,-1.6102e-01,-9.7709e-02,-3.3824e-02
-6.8834e-01,-1.6644e-01,-1.8637e-01,-2.6640e-01,-1.8044e-01,-7.7604e-02,-9.4417e-03,-2.0062e-03,-2.7600e-02,-4.7724e-02,-5.5356e-02,-6.4200e-02,-8.8755e-02,-1.3891e-01,-2.1434e-01,-2.9921e-01,-3.5911e-01,-3.4968e-01,-3.4583e-01,-5.2288e-01,-7.3348e-01,-8.4773e-01,-8.6082e-01,-7.8973e-01,-6.7443e-01,-6.4831e-01,-7.8760e-01,-8.2787e-01,-6.4453e-01,-3.6141e-01,-6.5515e-02,2.1570e-01,4.7948e-01,7.2465e-01,9.4364e-01,1.1219e+00,1.2402e+00,1.2846e+00,1.2574e+00,1.1727e+00,1.0423e+00,8.7364e-01,6.7690e-01,4.7344e-01,2.9423e-01,1.5553e-01,1.0129e-02,-1.6721e-01,-3.3112e-01,-4.7940e-01,-5.9026e-01,-6.5889e-01,-7.0146e-01,-7.3280e-01,-7.4138e-01,-7.1240e-01,-6.4908e-01,-5.7980e-01,-5.1361e-01,-3.7363e-01,-2.7592e-01,-2.1908e-01,-1.7353e-01,-1.4595e-01,-1.3469e-01,-1.3295e-01,-1.3579e-01,-1.4509e-01,-1.6928e-01,-2.1431e-01,-2.7492e-01,-3.3817e-01,-3.9145e-01,-4.2407e-01,-4.2523e-01,-3.8353e-01,-2.9148e-01,-1.6078e-01,-4.9680e-02,-4.8201e-02,-1.7071e-01,-3.5960e-01,-5.8811e-01,-7.5165e-01,-7.4049e-01,-6.1734e-01,-4.3969e-01,-2.7853e-01,-1.7433e-01,-1.3472e-01,-1.4960e-01,-1.9613e-01,-2.4754e-01,-2.8304e-01,-2.9228e-01,-2.7436e-01,-2.3414e-01,-1.7866e-01,-1.1481e-01,-4.8573e-02
-7.1016e-01,-2.1288e-01,-2.3105e-01,-2.6480e-01,-1.7584e-01,-7.5898e-02,-1.0880e-02,-3.6031e-03,-2.6857e-02,-4.6044e-02,-5.4435e-02,-6.4425e-02,-9.0148e-02,-1.3955e-01,-2.0698e-01,-2.7306e-01,-3.0748e-01,-2.7983e-01,-2.8420e-01,-4.8095e-01,-7.0492e-01,-8.3317e-01,-8.6425e-01,-8.1486e-01,-7.0602e-01,-6.2351e-01,-7.1285e-01,-8.4830e-01,-7.5512e-01,-4.9372e-01,-1.9831e-01,8.2960e-02,3.4517e-01,5.9051e-01,8.1581e-01,1.0105e+00,1.1576e+00,1.2386e+00,1.2465e+00,1.1904e+00,1.0840e+00,9.3607e-01,7.5381e-01,5.5247e-01,3.6000e-01,2.0564e-01,8.4419e-02,-6.6184e-02,-2.3075e-01,-3.8442e-01,-5.1306e-01,-6.0150e-01,-6.5765e-01,-6.9897e-01,-7.2529e-01,-7.1805e-01,-6.7243e-01,-6.0578e-01,-5.5152e-01,-4.3998e-01,-3.1655e-01,-2.5135e-01,-1.9935e-01,-1.6332e-01,-1.4413e-01,-1.3570e-01,-1.3260e-01,-1.3557e-01,-1.5311e-01,-1.9344e-01,-2.5327e-01,-3.1944e-01,-3.7842e-01,-4.1929e-01,-4.3146e-01,-4.0363e-01,-3.2710e-01,-2.0809e-01,-9.3610e-02,-7.2827e-02,-1.8067e-01,-3.6105e-01,-5.7815e-01,-7.4863e-01,-7.5177e-01,-6.3387e-01,-4.4942e-01,-2.7447e-01,-1.5997e-01,-1.1630e-01,-1.3147e-01,-1.8091e-01,-2.3723e-01,-2.7928e-01,-2.9572e-01,-2.8427e-01,-2.4878e-01,-1.9592e-01,-1.3268e-01,-6.5212e-02
-7.3424e-01,-2.5897e-01,-2.6410e-01,-2.5969e-01,-1.6961e-01,-7.3151e-02,-1.1719e-02,-4.8939e-03,-2.6755e-02,-4.5942e-02,-5.5157e-02,-6.5691e-02,-9.2063e-02,-1.4066e-01,-2.0046e-01,-2.4842e-01,-2.5818e-01,-2.1394e-01,-2.2670e-01,-4.3894e-01,-6.7368e-01,-8.1418e-01,-8.6099e-01,-8.3169e-01,-7.4035e-01,-6.3107e-01,-6.4443e-01,-8.0766e-01,-8.3083e-01,-6.1848e-01,-3.2763e-01,-4.4367e-02,2.1763e-01,4.6209e-01,6.8988e-01,8.9460e-01,1.0626e+00,1.1752e+00,1.2178e+00,1.1919e+00,1.1105e+00,9.8478e-01,8.2111e-01,6.2941e-01,4.3169e-01,2.5957e-01,1.3260e-01,1.8818e-02,-1.3217e-01,-2.8537e-01,-4.2414e-01,-5.3035e-01,-6.0209e-01,-6.5321e-01,-6.9365e-01,-7.0784e-01,-6.8331e-01,-6.2702e-01,-5.7389e-01,-5.0005e-01,-3.6314e-01,-2.8371e-01,-2.2630e-01,-1.8263e-01,-1.5574e-01,-1.4063e-01,-1.3165e-01,-1.2840e-01,-1.3900e-01,-1.7369e-01,-2.3163e-01,-2.9974e-01,-3.6350e-01,-4.1164e-01,-4.3379e-01,-4.1879e-01,-3.5713e-01,-2.5082e-01,-1.3662e-01,-9.8781e-02,-1.9061e-01,-3.6351e-01,-5.6991e-01,-7.4292e-01,-7.5996e-01,-6.4924e-01,-4.6084e-01,-2.7256e-01,-1.4667e-01,-9.7738e-02,-1.1222e-01,-1.6362e-01,-2.2393e-01,-2.7186e-01,-2.9539e-01,-2.9094e-01,-2.6116e-01,-2.1206e-01,-1.5055e-01,-8.2949e-02
-7.6177e-01,-3.0127e-01,-2.8457e-01,-2.5148e-01,-1.6160e-01,-6.9173e-02,-1.1665e-02,-5.5840e-03,-2.6754e-02,-4.6539e-02,-5.6601e-02,-6.7270e-02,-9.3966e-02,-1.4169e-01,-1.9406e-01,-2.2458e-01,-2.1090e-01,-1.5222e-01,-1.7331e-01,-3.9694e-01,-6.4029e-01,-7.9179e-01,-8.5260e-01,-8.4098e-01,-7.7039e-01,-6.5930e-01,-6.0674e-01,-7.3226e-01,-8.5281e-01,-7.2540e-01,-4.5235e-01,-1.6727e-01,9.6268e-02,3.4020e-01,5.6838e-01,7.7838e-01,9.6055e-01,1.0983e+00,1.1733e+00,1.1783e+00,1.1226e+00,1.0195e+00,8.7647e-01,7.0001e-01,5.0531e-01,3.2098e-01,1.7605e-01,7.3640e-02,-4.1958e-02,-1.8763e-01,-3.2867e-01,-4.4751e-01,-5.3443e-01,-5.9664e-01,-6.4773e-01,-6.8132e-01,-6.7938e-01,-6.3995e-01,-5.8778e-01,-5.4166e-01,-4.1698e-01,-3.1646e-01,-2.5354e-01,-2.0324e-01,-1.6914e-01,-1.4754e-01,-1.3279e-01,-1.2350e-01,-1.2705e-01,-1.5531e-01,-2.1024e-01,-2.7930e-01,-3.4692e-01,-4.0136e-01,-4.3245e-01,-4.2921e-01,-3.8160e-01,-2.8843e-01,-1.7754e-01,-1.2541e-01,-2.0001e-01,-3.6588e-01,-5.6330e-01,-7.3531e-01,-7.6511e-01,-6.6299e-01,-4.7377e-01,-2.7321e-01,-1.3493e-01,-7.9459e-02,-9.2211e-02,-1.4464e-01,-2.0800e-01,-2.6099e-01,-2.9122e-01,-2.9402e-01,-2.7071e-01,-2.2640e-01,-1.6771e-01,-1.0104e-01
-7.9367e-01,-3.3677e-01,-2.9301e-01,-2.4027e-01,-1.5168e-01,-6.3813e-02,-1.0473e-02,-5.3676e-03,-2.6282e-02,-4.7000e-02,-5.7948e-02,-6.8558e-02,-9.5424e-02,-1.4215e-01,-1.8709e-01,-2.0082e-01,-1.6528e-01,-9.4788e-02,-1.2399e-01,-3.5515e-01,-6.0518e-01,-7.6675e-01,-8.4029e-01,-8.4412e-01,-7.9344e-01,-6.9544e-01,-6.0351e-01,-6.5795e-01,-8.1969e-01,-7.9860e-01,-5.6757e-01,-2.8555e-01,-1.9450e-02,2.2502e-01,4.5287e-01,6.6503e-01,8.5580e-01,1.0122e+00,1.1155e+00,1.1512e+00,1.1219e+00,1.0410e+00,9.1905e-01,7.6111e-01,5.7651e-01,3.8765e-01,2.2596e-01,1.1076e-01,2.4774e-02,-9.5692e-02,-2.3245e-01,-3.5707e-01,-4.5601e-01,-5.2976e-01,-5.8953e-01,-6.3891e-01,-6.5940e-01,-6.4099e-01,-5.9618e-01,-5.6158e-01,-4.7269e-01,-3.5127e-01,-2.8027e-01,-2.2437e-01,-1.8378e-01,-1.5611e-01,-1.3583e-01,-1.2080e-01,-1.1734e-01,-1.3852e-01,-1.8937e-01,-2.5838e-01,-3.2895e-01,-3.8873e-01,-4.2770e-01,-4.3516e-01,-4.0068e-01,-3.2066e-01,-2.1540e-01,-1.5205e-01,-2.0851e-01,-3.6706e-01,-5.5784e-01,-7.2655e-01,-7.6740e-01,-6.7472e-01,-4.8787e-01,-2.7667e-01,-1.2524e-01,-6.1878e-02,-7.1806e-02,-1.2434e-01,-1.8983e-01,-2.4698e-01,-2.8330e-01,-2.9330e-01,-2.7699e-01,-2.3838e-01,-1.8353e-01,-1.1879e-01
-8.3003e-01,-3.6330e-01,-2.9071e-01,-2.2587e-01,-1.3974e-01,-5.6915e-02,-7.9147e-03,-3.9598e-03,-2.4854e-02,-4.6660e-02,-5.8560e-02,-6.9098e-02,-9.6100e-02,-1.4160e-01,-1.7893e-01,-1.7651e-01,-1.2107e-01,-4.1743e-02,-7.8736e-02,-3.1389e-01,-5.6873e-01,-7.3952e-01,-8.2494e-01,-8.4244e-01,-8.0935e-01,-7.3049e-01,-6.2599e-01,-6.0901e-01,-7.5232e-01,-8.2495e-01,-6.6384e-01,-3.9690e-01,-1.2949e-01,1.1654e-01,3.4426e-01,5.5683e-01,7.5203e-01,9.2096e-01,1.0472e+00,1.1122e+00,1.1099e+00,1.0511e+00,9.4937e-01,8.1107e-01,6.4149e-01,4.5584e-01,2.8296e-01,1.4962e-01,6.3391e-02,-1.8582e-02,-1.4034e-01,-2.6420e-01,-3.7012e-01,-4.5353e-01,-5.2125e-01,-5.8201e-01,-6.2313e-01,-6.2764e-01,-5.9743e-01,-5.6561e-01,-5.1759e-01,-3.9082e-01,-3.0616e-01,-2.4520e-01,-1.9894e-01,-1.6584e-01,-1.4052e-01,-1.2015e-01,-1.0991e-01,-1.2357e-01,-1.6932e-01,-2.3729e-01,-3.0991e-01,-3.7407e-01,-4.1990e-01,-4.3698e-01,-4.1464e-01,-3.4746e-01,-2.4952e-01,-1.7803e-01,-2.1593e-01,-3.6600e-01,-5.5266e-01,-7.1725e-01,-7.6706e-01,-6.8407e-01,-5.0264e-01,-2.8310e-01,-1.1806e-01,-4.5431e-02,-5.1360e-02,-1.0308e-01,-1.6980e-01,-2.3021e-01,-2.7186e-01,-2.8874e-01,-2.7970e-01,-2.4750e-01,-1.9742e-01,-1.3560e-01
-8.6962e-01,-3.7962e-01,-2.7916e-01,-2.0813e-01,-1.2566e-01,-4.8327e-02,-3.8045e-03,-1.1475e-03,-2.2147e-02,-4.5085e-02,-5.8015e-02,-6.8582e-02,-9.5730e-02,-1.3963e-01,-1.6901e-01,-1.5111e-01,-7.8075e-02,6.8589e-03,-3.7555e-02,-2.7354e-01,-5.3126e-01,-7.1040e-01,-8.0707e-01,-8.3697e-01,-8.1902e-01,-7.5983e-01,-6.6162e-01,-5.9340e-01,-6.7911e-01,-8.0488e-01,-7.2962e-01,-4.9618e-01,-2.3265e-01,1.4936e-02,2.4309e-01,4.5536e-01,6.5216e-01,8.2844e-01,9.7170e-01,1.0628e+00,1.0880e+00,1.0517e+00,9.6896e-01,8.4967e-01,6.9768e-01,5.2167e-01,3.4450e-01,1.9605e-01,9.2772e-02,3.0808e-02,-5.7564e-02,-1.7373e-01,-2.8123e-01,-3.7055e-01,-4.4488e-01,-5.1308e-01,-5.7126e-01,-5.9873e-01,-5.8828e-01,-5.6074e-01,-5.4064e-01,-4.3554e-01,-3.3183e-01,-2.6500e-01,-2.1385e-01,-1.7611e-01,-1.4641e-01,-1.2131e-01,-1.0476e-01,-1.1067e-01,-1.5040e-01,-2.1635e-01,-2.9016e-01,-3.5776e-01,-4.0942e-01,-4.3505e-01,-4.2388e-01,-3.6900e-01,-2.7947e-01,-2.0276e-01,-2.2227e-01,-3.6189e-01,-5.4661e-01,-7.0772e-01,-7.6444e-01,-6.9086e-01,-5.1747e-01,-2.9248e-01,-1.1382e-01,-3.0558e-02,-3.1234e-02,-8.1196e-02,-1.4832e-01,-2.1110e-01,-2.5724e-01,-2.8046e-01,-2.7868e-01,-2.5340e-01,-2.0892e-01,-1.5092e-01
-9.0982e-01,-3.8537e-01,-2.5978e-01,-1.8704e-01,-1.0942e-01,-3.7950e-02,1.9767e-03,3.1864e-03,-1.8008e-02,-4.2068e-02,-5.6094e-02,-6.6839e-02,-9.4118e-02,-1.3589e-01,-1.5685e-01,-1.2422e-01,-3.6239e-02,5.0993e-02,-4.2425e-04,-2.3450e-01,-4.9309e-01,-6.7953e-01,-7.8690e-01,-8.2838e-01,-8.2348e-01,-7.8200e-01,-6.9965e-01,-6.0641e-01,-6.2253e-01,-7.5277e-01,-7.5753e-01,-5.7603e-01,-3.2611e-01,-7.9011e-02,1.4982e-01,3.6169e-01,5.5840e-01,7.3803e-01,8.9246e-01,1.0051e+00,1.0571e+00,1.0442e+00,9.7987e-01,8.7800e-01,7.4392e-01,5.8192e-01,4.0737e-01,2.4876e-01,1.2832e-01,5.6882e-02,5.6220e-03,-8.9616e-02,-1.9378e-01,-2.8481e-01,-3.6281e-01,-4.3533e-01,-5.0543e-01,-5.5419e-01,-5.6610e-01,-5.4924e-01,-5.4086e-01,-4.7853e-01,-3.5922e-01,-2.8334e-01,-2.2769e-01,-1.8616e-01,-1.5295e-01,-1.2393e-01,-1.0177e-01,-9.9985e-02,-1.3292e-01,-1.9590e-01,-2.7007e-01,-3.4024e-01,-3.9671e-01,-4.2983e-01,-4.2881e-01,-3.8559e-01,-3.0511e-01,-2.2578e-01,-2.2769e-01,-3.5428e-01,-5.3836e-01,-6.9789e-01,-7.5989e-01,-6.9504e-01,-5.3160e-01,-3.0463e-01,-1.1289e-01,-1.7710e-02,-1.1792e-02,-5.9027e-02,-1.2575e-01,-1.9006e-01,-2.3983e-01,-2.6870e-01,-2.7392e-01,-2.5584e-01,-2.1762e-01,-1.6429e-01
-9.4705e-01,-3.8084e-01,-2.3395e-01,-1.6282e-01,-9.1029e-02,-2.5750e-02,9.4621e-03,9.0584e-03,-1.2432e-02,-3.7583e-02,-5.2742e-02,-6.3807e-02,-9.1124e-02,-1.3007e-01,-1.4207e-01,-9.5559e-02,4.4329e-03,9.0702e-02,3.2721e-02,-1.9717e-01,-4.5454e-01,-6.4698e-01,-7.6444e-01,-8.1695e-01,-8.2357e-01,-7.9715e-01,-7.3329e-01,-6.3694e-01,-5.9399e-01,-6.8832e-01,-7.4924e-01,-6.2946e-01,-4.0553e-01,-1.6369e-01,6.5077e-02,2.7658e-01,4.7233e-01,6.5251e-01,8.1296e-01,9.4136e-01,1.0179e+00,1.0297e+00,9.8409e-01,8.9795e-01,7.8051e-01,6.3445e-01,4.6833e-01,3.0529e-01,1.7184e-01,8.0666e-02,4.0289e-02,-1.7377e-02,-1.1118e-01,-2.0041e-01,-2.7852e-01,-3.5224e-01,-4.2847e-01,-4.9497e-01,-5.2963e-01,-5.2949e-01,-5.2537e-01,-5.0671e-01,-3.9080e-01,-3.0040e-01,-2.3982e-01,-1.9516e-01,-1.5942e-01,-1.2750e-01,-1.0067e-01,-9.1587e-02,-1.1715e-01,-1.7627e-01,-2.5003e-01,-3.2193e-01,-3.8223e-01,-4.2180e-01,-4.2993e-01,-3.9764e-01,-3.2649e-01,-2.4676e-01,-2.3246e-01,-3.4316e-01,-5.2656e-01,-6.8727e-01,-7.5374e-01,-6.9674e-01,-5.4431e-01,-3.1914e-01,-1.1555e-01,-7.3419e-03,6.5817e-03,-3.6898e-02,-1.0243e-01,-1.6751e-01,-2.2005e-01,-2.5378e-01,-2.6553e-01,-2.5468e-01,-2.2322e-01,-1.7531e-01
-9.7748e-01,-3.6667e-01,-2.0308e-01,-1.3589e-01,-7.0610e-02,-1.1765e-02,1.8616e-02,1.6410e-02,-5.5142e-03,-3.1732e-02,-4.8018e-02,-5.9507e-02,-8.6659e-02,-1.2193e-01,-1.2441e-01,-6.4999e-02,4.3879e-02,1.2613e-01,6.2029e-02,-1.6186e-01,-4.1588e-01,-6.1277e-01,-7.3956e-01,-8.0271e-01,-8.1978e-01,-8.0594e-01,-7.5939e-01,-6.7320e-01,-5.9346e-01,-6.2980e-01,-7.1359e-01,-6.5354e-01,-4.6613e-01,-2.3663e-01,-1.0161e-02,2.0068e-01,3.9508e-01,5.7402e-01,7.3640e-01,8.7475e-01,9.7176e-01,1.0084e+00,9.8300e-01,9.1169e-01,8.0880e-01,6.7854e-01,5.2468e-01,3.6313e-01,2.2075e-01,1.1355e-01,5.7128e-02,3.2922e-02,-3.6331e-02,-1.2045e-01,-1.9599e-01,-2.6747e-01,-3.4435e-01,-4.2298e-01,-4.7889e-01,-4.9909e-01,-5.0112e-01,-5.1078e-01,-4.2578e-01,-3.1744e-01,-2.4985e-01,-2.0235e-01,-1.6502e-01,-1.3134e-01,-1.0106e-01,-8.5414e-02,-1.0330e-01,-1.5774e-01,-2.3038e-01,-3.0327e-01,-3.6646e-01,-4.1144e-01,-4.2774e-01,-4.0563e-01,-3.4386e-01,-2.6556e-01,-2.3688e-01,-3.2899e-01,-5.1010e-01,-6.7495e-01,-7.4618e-01,-6.9622e-01,-5.5491e-01,-3.3542e-01,-1.2194e-01,1.0063e-04,2.3486e-02,-1.5136e-02,-7.8694e-02,-1.4382e-01,-1.9835e-01,-2.3611e-01,-2.5377e-01,-2.4995e-01,-2.2552e-01,-1.8364e-01
-9.9782e-01,-3.4376e-01,-1.6862e-01,-1.0678e-01,-4.8321e-02,3.9211e-03,2.9354e-02,2.5139e-02,2.5974e-03,-2.4678e-02,-4.2051e-02,-5.4006e-02,-8.0676e-02,-1.1132e-01,-1.0374e-01,-3.2555e-02,8.2021e-02,1.5754e-01,8.7751e-02,-1.2879e-01,-3.7740e-01,-5.7691e-01,-7.1203e-01,-7.8546e-01,-8.1229e-01,-8.0901e-01,-7.7701e-01,-7.0626e-01,-6.1259e-01,-5.8999e-01,-6.6211e-01,-6.5054e-01,-5.0455e-01,-2.9497e-01,-7.4549e-02,1.3463e-01,3.2737e-01,5.0405e-01,6.6544e-01,8.0842e-01,9.2040e-01,9.8052e-01,9.7716e-01,9.2113e-01,8.3083e-01,7.1472e-01,5.7470e-01,4.1973e-01,2.7277e-01,1.5470e-01,7.6454e-02,5.6455e-02,2.5489e-02,-4.6774e-02,-1.1827e-01,-1.8488e-01,-2.5772e-01,-3.4132e-01,-4.1501e-01,-4.5660e-01,-4.7030e-01,-4.9195e-01,-4.5585e-01,-3.3682e-01,-2.5790e-01,-2.0713e-01,-1.6896e-01,-1.3472e-01,-1.0236e-01,-8.1242e-02,-9.1455e-02,-1.4054e-01,-2.1143e-01,-2.8466e-01,-3.4988e-01,-3.9927e-01,-4.2276e-01,-4.1007e-01,-3.5757e-01,-2.8216e-01,-2.4125e-01,-3.1265e-01,-4.8829e-01,-6.5968e-01,-7.3718e-01,-6.9379e-01,-5.6288e-01,-3.5263e-01,-1.3206e-01,4.1938e-03,3.8501e-02,5.9221e-03,-5.4857e-02,-1.1935e-01,-1.7513e-01,-2.1612e-01,-2.3894e-01,-2.4174e-01,-2.2442e-01,-1.8905e-01
-1.0058e+00,-3.1320e-01,-1.3196e-01,-7.6053e-02,-2.4346e-02,2.1197e-02,4.1574e-02,3.5126e-02,1.1739e-02,-1.6607e-02,-3.4988e-02,-4.7398e-02,-7.3146e-02,-9.8164e-02,-8.0095e-02,1.6376e-03,1.1881e-01,1.8534e-01,1.1024e-01,-9.8031e-02,-3.3933e-01,-5.3943e-01,-6.8160e-01,-7.6488e-01,-8.0100e-01,-8.0675e-01,-7.8628e-01,-7.3086e-01,-6.3967e-01,-5.7302e-01,-6.0702e-01,-6.2566e-01,-5.2030e-01,-3.3624e-01,-1.2656e-01,7.9110e-02,2.6972e-01,4.4356e-01,6.0207e-01,7.4541e-01,8.6637e-01,9.4639e-01,9.6633e-01,9.2746e-01,8.4875e-01,7.4447e-01,6.1790e-01,4.7292e-01,3.2607e-01,2.0061e-01,1.0670e-01,6.6863e-02,6.5363e-02,1.8774e-02,-4.6810e-02,-1.0777e-01,-1.7308e-01,-2.5434e-01,-3.4007e-01,-4.0197e-01,-4.3193e-01,-4.5833e-01,-4.6818e-01,-3.6066e-01,-2.6490e-01,-2.0912e-01,-1.7050e-01,-1.3682e-01,-1.0387e-01,-7.8687e-02,-8.1608e-02,-1.2479e-01,-1.9339e-01,-2.6645e-01,-3.3294e-01,-3.8576e-01,-4.1549e-01,-4.1147e-01,-3.6804e-01,-2.9670e-01,-2.4588e-01,-2.9531e-01,-4.6108e-01,-6.4008e-01,-7.2639e-01,-6.8974e-01,-5.6796e-01,-3.6983e-01,-1.4571e-01,4.5672e-03,5.1190e-02,2.5930e-02,-3.1219e-02,-9.4427e-02,-1.5079e-01,-1.9423e-01,-2.2145e-01,-2.3030e-01,-2.1993e-01,-1.9135e-01
-1.0005e+00,-2.7627e-01,-9.4398e-02,-4.4235e-02,1.1193e-03,3.9947e-02,5.5173e-02,4.6257e-02,2.1761e-02,-7.6882e-03,-2.6979e-02,-3.9772e-02,-6.4052e-02,-8.2449e-02,-5.3613e-02,3.7324e-02,1.5422e-01,2.1005e-01,1.2997e-01,-6.9529e-02,-3.0183e-01,-5.0041e-01,-6.4807e-01,-7.4063e-01,-7.8571e-01,-7.9931e-01,-7.8758e-01,-7.4462e-01,-6.6400e-01,-5.7424e-01,-5.5945e-01,-5.8477e-01,-5.1558e-01,-3.5928e-01,-1.6482e-01,3.4753e-02,2.2239e-01,3.9305e-01,5.4759e-01,6.8821e-01,8.1262e-01,9.0724e-01,9.4993e-01,9.3085e-01,8.6432e-01,7.6979e-01,6.5489e-01,5.2130e-01,3.7885e-01,2.4899e-01,1.4572e-01,8.2391e-02,8.1537e-02,7.1497e-02,1.7972e-02,-3.7764e-02,-9.4265e-02,-1.6720e-01,-2.5723e-01,-3.3628e-01,-3.8465e-01,-4.1702e-01,-4.5559e-01,-3.8686e-01,-2.7287e-01,-2.0841e-01,-1.6907e-01,-1.3688e-01,-1.0483e-01,-7.7224e-02,-7.3608e-02,-1.1055e-01,-1.7640e-01,-2.4888e-01,-3.1601e-01,-3.7137e-01,-4.0641e-01,-4.1032e-01,-3.7571e-01,-3.0939e-01,-2.5104e-01,-2.7825e-01,-4.2913e-01,-6.1489e-01,-7.1308e-01,-6.8425e-01,-5.7016e-01,-3.8593e-01,-1.6247e-01,9.3055e-04,6.1097e-02,4.4515e-02,-8.0827e-03,-6.9360e-02,-1.2568e-01,-1.7087e-01,-2.0171e-01,-2.1594e-01,-2.1218e-01,-1.9049e-01
-9.8185e-01,-2.3446e-01,-5.6971e-02,-1.1792e-02,2.7881e-02,6.0060e-02,7.0062e-02,5.8437e-02,3.2541e-02,1.9378e-03,-1.8147e-02,-3.1196e-02,-5.3380e-02,-6.4236e-02,-2.4560e-02,7.4167e-02,1.8831e-01,2.3229e-01,1.4750e-01,-4.3092e-02,-2.6500e-01,-4.5996e-01,-6.1130e-01,-7.1236e-01,-7.6607e-01,-7.8664e-01,-7.8125e-01,-7.4690e-01,-6.7814e-01,-5.8335e-01,-5.2574e-01,-5.3456e-01,-4.9352e-01,-3.6465e-01,-1.8853e-01,2.0321e-03,1.8547e-01,3.5259e-01,5.0264e-01,6.3861e-01,7.6198e-01,8.6516e-01,9.2769e-01,9.3058e-01,8.7847e-01,7.9270e-01,6.8713e-01,5.6449e-01,4.2943e-01,2.9852e-01,1.8936e-01,1.0964e-01,8.7950e-02,1.0400e-01,7.5085e-02,2.5251e-02,-2.3545e-02,-8.4813e-02,-1.7077e-01,-2.6159e-01,-3.2811e-01,-3.7063e-01,-4.2118e-01,-4.0590e-01,-2.8467e-01,-2.0574e-01,-1.6429e-01,-1.3418e-01,-1.0444e-01,-7.6214e-02,-6.7187e-02,-9.7747e-02,-1.6047e-01,-2.3212e-01,-2.9939e-01,-3.5650e-01,-3.9593e-01,-4.0704e-01,-3.8099e-01,-3.2050e-01,-2.5696e-01,-2.6272e-01,-3.9377e-01,-5.8322e-01,-6.9617e-01,-6.7726e-01,-5.6975e-01,-3.9991e-01,-1.8163e-01,-6.8848e-03,6.7772e-02,6.1287e-02,1.4242e-02,-4.4440e-02,-1.0016e-01,-1.4645e-01,-1.8015e-01,-1.9904e-01,-2.0138e-01,-1.8647e-01
-9.5118e-01,-1.8942e-01,-2.0423e-02,2.0892e-02,5.5754e-02,8.1445e-02,8.6174e-02,7.1589e-02,4.3984e-02,1.2173e-02,-8.5816e-03,-2.1709e-02,-4.1097e-02,-4.3638e-02,6.7187e-03,1.1179e-01,2.2115e-01,2.5273e-01,1.6342e-01,-1.8431e-02,-2.2888e-01,-4.1818e-01,-5.7124e-01,-6.7973e-01,-7.4173e-01,-7.6854e-01,-7.6744e-01,-7.3780e-01,-6.7816e-01,-5.8905e-01,-5.0485e-01,-4.8260e-01,-4.5709e-01,-3.5412e-01,-1.9773e-01,-1.8902e-02,1.5879e-01,3.2193e-01,4.6729e-01,5.9761e-01,7.1678e-01,8.2277e-01,9.0019e-01,9.2548e-01,8.9111e-01,8.1477e-01,7.1647e-01,6.0308e-01,4.7672e-01,3.4806e-01,2.3510e-01,1.4620e-01,1.0035e-01,1.1620e-01,1.2065e-01,8.1954e-02,3.8895e-02,-1.0652e-02,-8.5738e-02,-1.8084e-01,-2.6313e-01,-3.1904e-01,-3.7368e-01,-4.0570e-01,-3.0215e-01,-2.0278e-01,-1.5613e-01,-1.2815e-01,-1.0193e-01,-7.4941e-02,-6.1976e-02,-8.6267e-02,-1.4555e-01,-2.1620e-01,-2.8329e-01,-3.4145e-01,-3.8443e-01,-4.0201e-01,-3.8425e-01,-3.3026e-01,-2.6382e-01,-2.4983e-01,-3.5686e-01,-5.4490e-01,-6.7436e-01,-6.6843e-01,-5.6714e-01,-4.1093e-01,-2.0224e-01,-1.8881e-02,7.0776e-02,7.5822e-02,3.5437e-02,-1.9946e-02,-7.4507e-02,-1.2132e-01,-1.5719e-01,-1.7999e-01,-1.8782e-01,-1.7942e-01
-9.1045e-01,-1.4278e-01,1.4807e-02,5.3508e-02,8.4570e-02,1.0402e-01,1.0346e-01,8.5663e-02,5.6032e-02,2.2958e-02,1.6670e-03,-1.1303e-02,-2.7166e-02,-2.0803e-02,3.9828e-02,1.4977e-01,2.5284e-01,2.7200e-01,1.7837e-01,4.8302e-03,-1.9344e-01,-3.7521e-01,-5.2789e-01,-6.4251e-01,-7.1232e-01,-7.4474e-01,-7.4617e-01,-7.1770e-01,-6.6274e-01,-5.8257e-01,-4.8934e-01,-4.3493e-01,-4.0964e-01,-3.2982e-01,-1.9334e-01,-2.8331e-02,1.4189e-01,3.0049e-01,4.4117e-01,5.6552e-01,6.7860e-01,7.8273e-01,8.6899e-01,9.1461e-01,9.0109e-01,8.3674e-01,7.4472e-01,6.3835e-01,5.2036e-01,3.9646e-01,2.8181e-01,1.8776e-01,1.2428e-01,1.2071e-01,1.4869e-01,1.3202e-01,9.4399e-02,5.3987e-02,-6.8653e-03,-9.7845e-02,-1.9144e-01,-2.6182e-01,-3.2045e-01,-3.8130e-01,-3.2201e-01,-2.0241e-01,-1.4511e-01,-1.1837e-01,-9.6600e-02,-7.2655e-02,-5.7514e-02,-7.5924e-02,-1.3149e-01,-2.0108e-01,-2.6781e-01,-3.2648e-01,-3.7221e-01,-3.9554e-01,-3.8576e-01,-3.3889e-01,-2.7173e-01,-2.4043e-01,-3.2056e-01,-5.0062e-01,-6.4637e-01,-6.5706e-01,-5.6272e-01,-4.1844e-01,-2.2313e-01,-3.4838e-02,6.9726e-02,8.7675e-02,5.5162e-02,3.8479e-03,-4.9017e-02,-9.5824e-02,-1.3324e-01,-1.5922e-01,-1.7186e-01,-1.6951e-01
-8.6215e-01,-9.5983e-02,4.8557e-02,8.5816e-02,1.1416e-01,1.2774e-01,1.2189e-01,1.0062e-01,6.8655e-02,3.4275e-02,1.2587e-02,6.0685e-05,-1.1540e-02,4.0924e-03,7.4350e-02,1.8773e-01,2.8349e-01,2.9068e-01,1.9294e-01,2.7100e-02,-1.5861e-01,-3.3118e-01,-4.8135e-01,-6.0051e-01,-6.7754e-01,-7.1499e-01,-7.1744e-01,-6.8706e-01,-6.3222e-01,-5.5922e-01,-4.6928e-01,-3.9296e-01,-3.5553e-01,-2.9363e-01,-1.7686e-01,-2.6972e-02,1.3405e-01,2.8740e-01,4.2347e-01,5.4202e-01,6.4820e-01,7.4722e-01,8.3642e-01,8.9788e-01,9.0674e-01,8.5825e-01,7.7328e-01,6.7197e-01,5.6085e-01,4.4290e-01,3.2881e-01,2.3151e-01,1.5772e-01,1.3088e-01,1.5957e-01,1.7242e-01,1.4438e-01,1.1003e-01,6.2810e-02,-1.6947e-02,-1.1547e-01,-1.9927e-01,-2.6470e-01,-3.3715e-01,-3.3367e-01,-2.0823e-01,-1.3255e-01,-1.0470e-01,-8.7792e-02,-6.8572e-02,-5.3250e-02,-6.6492e-02,-1.1810e-01,-1.8661e-01,-2.5295e-01,-3.1172e-01,-3.5946e-01,-3.8785e-01,-3.8573e-01,-3.4649e-01,-2.8069e-01,-2.3509e-01,-2.8700e-01,-4.5193e-01,-6.1125e-01,-6.4210e-01,-5.5676e-01,-4.2234e-01,-2.4294e-01,-5.4279e-02,6.4319e-02,9.6380e-02,7.3046e-02,2.6661e-02,-2.3949e-02,-7.0263e-02,-1.0867e-01,-1.3715e-01,-1.5389e-01,-1.5705e-01
-8.0897e-01,-5.0146e-02,8.0880e-02,1.1765e-01,1.4440e-01,1.5253e-01,1.4144e-01,1.1646e-01,8.1851e-02,4.6139e-02,2.4203e-02,1.2465e-02,5.8260e-03,3.0843e-02,1.0988e-01,2.2532e-01,3.1321e-01,3.0924e-01,2.0765e-01,4.8794e-02,-1.2426e-01,-2.8621e-01,-4.3178e-01,-5.5368e-01,-6.3714e-01,-6.7912e-01,-6.8130e-01,-6.4652e-01,-5.8787e-01,-5.1807e-01,-4.3658e-01,-3.5278e-01,-2.9925e-01,-2.4752e-01,-1.4999e-01,-1.5938e-02,1.3430e-01,2.8154e-01,4.1308e-01,5.2629e-01,6.2558e-01,7.1769e-01,8.0497e-01,8.7636e-01,9.0647e-01,8.7787e-01,8.0270e-01,7.0553e-01,5.9926e-01,4.8709e-01,3.7544e-01,2.7621e-01,1.9671e-01,1.5158e-01,1.6389e-01,1.9834e-01,1.8897e-01,1.5961e-01,1.2265e-01,5.7785e-02,-3.8181e-02,-1.3246e-01,-2.0704e-01,-2.8222e-01,-3.2599e-01,-2.2204e-01,-1.2097e-01,-8.7399e-02,-7.5005e-02,-6.1912e-02,-4.8544e-02,-5.7699e-02,-1.0517e-01,-1.7258e-01,-2.3861e-01,-2.9722e-01,-3.4635e-01,-3.7908e-01,-3.8424e-01,-3.5305e-01,-2.9056e-01,-2.3406e-01,-2.5812e-01,-4.0117e-01,-5.6872e-01,-6.2226e-01,-5.4916e-01,-4.2288e-01,-2.6035e-01,-7.6399e-02,5.4390e-02,1.0147e-01,8.8697e-02,4.8204e-02,4.4644e-04,-4.4908e-02,-8.3793e-02,-1.1417e-01,-1.3431e-01,-1.4234e-01
-7.5346e-01,-5.9601e-03,1.1197e-01,1.4891e-01,1.7513e-01,1.7838e-01,1.6211e-01,1.3316e-01,9.5639e-02,5.8596e-02,3.6571e-02,2.6019e-02,2.4967e-02,5.9236e-02,1.4602e-01,2.6224e-01,3.4207e-01,3.2802e-01,2.2294e-01,7.0307e-02,-9.0275e-02,-2.4045e-01,-3.7944e-01,-5.0213e-01,-5.9109e-01,-6.3711e-01,-6.3801e-01,-5.9689e-01,-5.3149e-01,-4.6081e-01,-3.8738e-01,-3.0771e-01,-2.4307e-01,-1.9403e-01,-1.1433e-01,3.4057e-03,1.4154e-01,2.8163e-01,4.0865e-01,5.1715e-01,6.1013e-01,6.9475e-01,7.7679e-01,8.5205e-01,8.9957e-01,8.9349e-01,8.3244e-01,7.4022e-01,6.3701e-01,5.2936e-01,4.2114e-01,3.2139e-01,2.3835e-01,1.8139e-01,1.7285e-01,2.0982e-01,2.2594e-01,2.0454e-01,1.7417e-01,1.2376e-01,3.7158e-02,-6.3022e-02,-1.4748e-01,-2.2393e-01,-2.9590e-01,-2.3923e-01,-1.1442e-01,-6.7434e-02,-5.7943e-02,-5.1920e-02,-4.2664e-02,-4.9202e-02,-9.2503e-02,-1.5875e-01,-2.2464e-01,-2.8295e-01,-3.3292e-01,-3.6930e-01,-3.8131e-01,-3.5849e-01,-3.0106e-01,-2.3724e-01,-2.3539e-01,-3.5113e-01,-5.1946e-01,-5.9622e-01,-5.3944e-01,-4.2058e-01,-2.7425e-01,-1.0008e-01,3.9965e-02,1.0251e-01,1.0169e-01,6.8169e-02,2.3927e-02,-2.0006e-02,-5.8920e-02,-9.0639e-02,-1.1353e-01,-1.2576e-01
-6.9771e-01,3.6298e-02,1.4211e-01,1.7955e-01,2.0625e-01,2.0525e-01,1.8390e-01,1.5072e-01,1.1006e-01,7.1716e-02,4.9777e-02,4.0854e-02,4.5898e-02,8.9045e-02,1.8244e-01,2.9828e-01,3.7015e-01,3.4724e-01,2.3911e-01,9.1982e-02,-5.6510e-02,-1.9405e-01,-3.2471e-01,-4.4619e-01,-5.3953e-01,-5.8918e-01,-5.8804e-01,-5.3926e-01,-4.6523e-01,-3.9047e-01,-3.2203e-01,-2.5206e-01,-1.8587e-01,-1.3598e-01,-7.1338e-02,2.9621e-02,1.5458e-01,2.8636e-01,4.0868e-01,5.1316e-01,6.0077e-01,6.7825e-01,7.5327e-01,8.2735e-01,8.8657e-01,9.0297e-01,8.6089e-01,7.7647e-01,6.7549e-01,5.7062e-01,4.6571e-01,3.6667e-01,2.8128e-01,2.1704e-01,1.9081e-01,2.1520e-01,2.5142e-01,2.4524e-01,2.1984e-01,1.8060e-01,1.0746e-01,7.1686e-03,-8.6276e-02,-1.6585e-01,-2.4871e-01,-2.4802e-01,-1.1746e-01,-4.6884e-02,-3.6662e-02,-3.7927e-02,-3.4792e-02,-4.0573e-02,-7.9852e-02,-1.4483e-01,-2.1081e-01,-2.6884e-01,-3.1919e-01,-3.5852e-01,-3.7688e-01,-3.6259e-01,-3.1178e-01,-2.4421e-01,-2.1972e-01,-3.0468e-01,-4.6517e-01,-5.6297e-01,-5.2672e-01,-4.1603e-01,-2.8391e-01,-1.2391e-01,2.1333e-02,9.9093e-02,1.1156e-01,8.6225e-02,4.6248e-02,4.2167e-03,-3.4305e-02,-6.6877e-02,-9.1906e-02,-1.0768e-01
-6.4325e-01,7.6650e-02,1.7161e-01,2.0958e-01,2.3767e-01,2.3311e-01,2.0681e-01,1.6916e-01,1.2515e-01,8.5583e-02,6.3928e-02,5.7110e-02,6.8601e-02,1.2005e-01,2.1884e-01,3.3326e-01,3.9750e-01,3.6700e-01,2.5633e-01,1.1410e-01,-2.2845e-02,-1.4723e-01,-2.6808e-01,-3.8642e-01,-4.8290e-01,-5.3576e-01,-5.3212e-01,-4.7496e-01,-3.9135e-01,-3.1055e-01,-2.4362e-01,-1.8358e-01,-1.2431e-01,-7.5292e-02,-2.2501e-02,6.1424e-02,1.7234e-01,2.9455e-01,4.1171e-01,5.1276e-01,5.9615e-01,6.6742e-01,7.3501e-01,8.0439e-01,8.6916e-01,9.0497e-01,8.8560e-01,8.1365e-01,7.1571e-01,6.1202e-01,5.0941e-01,4.1175e-01,3.2502e-01,2.5587e-01,2.1697e-01,2.2386e-01,2.6477e-01,2.8019e-01,2.6160e-01,2.2985e-01,1.7065e-01,7.6086e-02,-2.4017e-02,-1.0887e-01,-1.9314e-01,-2.3803e-01,-1.3154e-01,-2.9448e-02,-1.1810e-02,-1.9442e-02,-2.4069e-02,-3.1250e-02,-6.6983e-02,-1.3056e-01,-1.9688e-01,-2.5474e-01,-3.0512e-01,-3.4672e-01,-3.7084e-01,-3.6509e-01,-3.2219e-01,-2.5427e-01,-2.1135e-01,-2.6435e-01,-4.0852e-01,-5.2216e-01,-5.0975e-01,-4.0956e-01,-2.8918e-01,-1.4629e-01,-9.0055e-04,9.0953e-02,1.1784e-01,1.0201e-01,6.7156e-02,2.7548e-02,-1.0181e-02,-4.3168e-02,-6.9797e-02,-8.8480e-02
-5.9105e-01,1.1532e-01,2.0081e-01,2.3905e-01,2.6929e-01,2.6193e-01,2.3082e-01,1.8848e-01,1.4099e-01,1.0030e-01,7.9147e-02,7.4924e-02,9.3034e-02,1.5202e-01,2.5498e-01,3.6710e-01,4.2415e-01,3.8731e-01,2.7469e-01,1.3686e-01,1.0813e-02,-1.0026e-01,-2.1020e-01,-3.2363e-01,-4.2188e-01,-4.7752e-01,-4.7116e-01,-4.0547e-01,-3.1216e-01,-2.2440e-01,-1.5625e-01,-1.0351e-01,-5.5312e-02,-1.2045e-02,3.0778e-02,9.7865e-02,1.9385e-01,3.0526e-01,4.1645e-01,5.1440e-01,5.9471e-01,6.6113e-01,7.2184e-01,7.8469e-01,8.4965e-01,8.9949e-01,9.0394e-01,8.5000e-01,7.5799e-01,6.5476e-01,5.5294e-01,4.5652e-01,3.6932e-01,2.9651e-01,2.4879e-01,2.3982e-01,2.7204e-01,3.0633e-01,3.0002e-01,2.7387e-01,2.2629e-01,1.4179e-01,3.8578e-02,-5.2830e-02,-1.3629e-01,-2.0769e-01,-1.5001e-01,-2.0513e-02,1.4991e-02,3.7061e-03,-9.6478e-03,-2.0546e-02,-5.3613e-02,-1.1564e-01,-1.8256e-01,-2.4050e-01,-2.9068e-01,-3.3388e-01,-3.6309e-01,-3.6570e-01,-3.3170e-01,-2.6653e-01,-2.0992e-01,-2.3205e-01,-3.5269e-01,-4.7445e-01,-4.8722e-01,-4.0116e-01,-2.9041e-01,-1.6565e-01,-2.5758e-02,7.7968e-02,1.2007e-01,1.1512e-01,8.6385e-02,4.9786e-02,1.3253e-02,-1.9757e-02,-4.7506e-02,-6.8505e-02
-5.4158e-01,1.5259e-01,2.2998e-01,2.6806e-01,3.0105e-01,2.9167e-01,2.5593e-01,2.0870e-01,1.5764e-01,1.1597e-01,9.5572e-02,9.4414e-02,1.1912e-01,1.8476e-01,2.9066e-01,3.9975e-01,4.5012e-01,4.0813e-01,2.9417e-01,1.6039e-01,4.4520e-02,-5.3428e-02,-1.5178e-01,-2.5880e-01,-3.5738e-01,-4.1528e-01,-4.0621e-01,-3.3229e-01,-2.2975e-01,-1.3495e-01,-6.3836e-02,-1.5084e-02,2.2121e-02,5.5099e-02,8.7626e-02,1.3841e-01,2.1850e-01,3.1790e-01,4.2196e-01,5.1673e-01,5.9493e-01,6.5798e-01,7.1302e-01,7.6893e-01,8.3028e-01,8.8789e-01,9.1401e-01,8.8287e-01,8.0167e-01,6.9969e-01,5.9728e-01,5.0120e-01,4.1395e-01,3.3853e-01,2.8404e-01,2.6272e-01,2.8111e-01,3.2234e-01,3.3412e-01,3.1447e-01,2.7552e-01,2.0282e-01,1.0074e-01,2.6272e-03,-8.1593e-02,-1.6280e-01,-1.5964e-01,-2.5190e-02,4.0639e-02,3.1168e-02,9.1840e-03,-7.6512e-03,-3.9387e-02,-9.9800e-02,-1.6757e-01,-2.2594e-01,-2.7580e-01,-3.1999e-01,-3.5351e-01,-3.6414e-01,-3.3971e-01,-2.7994e-01,-2.1454e-01,-2.0881e-01,-3.0097e-01,-4.2166e-01,-4.5804e-01,-3.9028e-01,-2.8831e-01,-1.8071e-01,-5.1870e-02,6.0259e-02,1.1779e-01,1.2513e-01,1.0364e-01,7.0728e-02,3.5816e-02,3.1481e-03,-2.5296e-02,-4.8079e-02
-4.9499e-01,1.8875e-01,2.5941e-01,2.9675e-01,3.3290e-01,3.2229e-01,2.8210e-01,2.2983e-01,1.7519e-01,1.3270e-01,1.1334e-01,1.1567e-01,1.4675e-01,2.1806e-01,3.2575e-01,4.3119e-01,4.7545e-01,4.2937e-01,3.1466e-01,1.8474e-01,7.8295e-02,-7.0704e-03,-9.3583e-02,-1.9302e-01,-2.9045e-01,-3.4995e-01,-3.3829e-01,-2.5682e-01,-1.4596e-01,-4.4543e-02,3.0404e-02,7.7994e-02,1.0676e-01,1.2754e-01,1.4803e-01,1.8290e-01,2.4615e-01,3.3233e-01,4.2783e-01,5.1876e-01,5.9544e-01,6.5651e-01,7.0745e-01,7.5704e-01,8.1271e-01,8.7239e-01,9.1524e-01,9.0923e-01,8.4496e-01,7.4708e-01,6.4341e-01,5.4635e-01,4.5883e-01,3.8174e-01,3.2151e-01,2.9070e-01,2.9579e-01,3.3209e-01,3.6161e-01,3.5227e-01,3.2017e-01,2.5862e-01,1.6170e-01,5.7905e-02,-2.9745e-02,-1.1161e-01,-1.5082e-01,-4.3199e-02,6.0135e-02,6.1755e-02,3.2868e-02,8.3192e-03,-2.3843e-02,-8.2746e-02,-1.5159e-01,-2.1086e-01,-2.6044e-01,-3.0505e-01,-3.4207e-01,-3.6016e-01,-3.4565e-01,-2.9346e-01,-2.2396e-01,-1.9479e-01,-2.5617e-01,-3.6663e-01,-4.2180e-01,-3.7595e-01,-2.8360e-01,-1.9076e-01,-7.7531e-02,3.8266e-02,1.1064e-01,1.3157e-01,1.1860e-01,9.0163e-02,5.7342e-02,2.5370e-02,-3.3909e-03,-2.7485e-02
-4.5125e-01,2.2401e-01,2.8930e-01,3.2525e-01,3.6481e-01,3.5371e-01,3.0930e-01,2.5187e-01,1.9370e-01,1.5062e-01,1.3260e-01,1.3875e-01,1.7579e-01,2.5174e-01,3.6013e-01,4.6146e-01,5.0015e-01,4.5094e-01,3.3604e-01,2.0987e-01,1.1211e-01,3.8500e-02,-3.6370e-02,-1.2739e-01,-2.2221e-01,-2.8245e-01,-2.6837e-01,-1.8030e-01,-6.2288e-02,4.5009e-02,1.2409e-01,1.7253e-01,1.9612e-01,2.0561e-01,2.1262e-01,2.3152e-01,2.7716e-01,3.4878e-01,4.3416e-01,5.2002e-01,5.9518e-01,6.5537e-01,7.0381e-01,7.4839e-01,7.9783e-01,8.5536e-01,9.0863e-01,9.2663e-01,8.8504e-01,7.9627e-01,6.9211e-01,5.9279e-01,5.0414e-01,4.2591e-01,3.6093e-01,3.2198e-01,3.1606e-01,3.4205e-01,3.8075e-01,3.8664e-01,3.6171e-01,3.0969e-01,2.2070e-01,1.1340e-01,1.9931e-02,-6.0467e-02,-1.2335e-01,-6.4953e-02,6.7237e-02,9.3043e-02,6.1391e-02,2.8208e-02,-6.4059e-03,-6.4168e-02,-1.3429e-01,-1.9501e-01,-2.4452e-01,-2.8911e-01,-3.2876e-01,-3.5359e-01,-3.4905e-01,-3.0610e-01,-2.3674e-01,-1.8935e-01,-2.2024e-01,-3.1278e-01,-3.7914e-01,-3.5697e-01,-2.7672e-01,-1.9580e-01,-1.0088e-01,1.2826e-02,9.8413e-02,1.3396e-01,1.3090e-01,1.0787e-01,7.7675e-02,4.6757e-02,1.8024e-02,-6.9643e-03
-4.1021e-01,2.5852e-01,3.1985e-01,3.5375e-01,3.9675e-01,3.8586e-01,3.3747e-01,2.7484e-01,2.1325e-01,1.6982e-01,1.5346e-01,1.6366e-01,2.0609e-01,2.8566e-01,3.9376e-01,4.9059e-01,5.2424e-01,4.7272e-01,3.5815e-01,2.3573e-01,1.4590e-01,8.2983e-02,1.9191e-02,-6.2944e-02,-1.5376e-01,-2.1367e-01,-1.9731e-01,-1.0374e-01,2.0118e-02,1.3242e-01,2.1556e-01,2.6616e-01,2.8753e-01,2.8838e-01,2.8198e-01,2.8470e-01,3.1223e-01,3.6792e-01,4.4162e-01,5.2070e-01,5.9359e-01,6.5345e-01,7.0083e-01,7.4200e-01,7.8577e-01,8.3871e-01,8.9629e-01,9.3394e-01,9.1861e-01,8.4547e-01,7.4358e-01,6.4139e-01,5.5035e-01,4.7086e-01,4.0230e-01,3.5560e-01,3.4054e-01,3.5600e-01,3.9345e-01,4.1597e-01,4.0064e-01,3.5705e-01,2.7728e-01,1.6940e-01,6.8649e-02,-1.2301e-02,-8.3418e-02,-7.6496e-02,5.7933e-02,1.2090e-01,9.4030e-02,5.2686e-02,1.3609e-02,-4.3711e-02,-1.1532e-01,-1.7815e-01,-2.2798e-01,-2.7224e-01,-3.1366e-01,-3.4435e-01,-3.4951e-01,-3.1698e-01,-2.5139e-01,-1.9127e-01,-1.9410e-01,-2.6346e-01,-3.3189e-01,-3.3225e-01,-2.6762e-01,-1.9645e-01,-1.2020e-01,-1.4775e-02,8.1095e-02,1.3183e-01,1.4013e-01,1.2359e-01,9.6651e-02,6.7180e-02,3.8795e-02,1.3284e-02
-3.7172e-01,2.9237e-01,3.5116e-01,3.8239e-01,4.2868e-01,4.1861e-01,3.6652e-01,2.9873e-01,2.3393e-01,1.9041e-01,1.7605e-01,1.9037e-01,2.3749e-01,3.1968e-01,4.2659e-01,5.1865e-01,5.4773e-01,4.9461e-01,3.8083e-01,2.6219e-01,1.7959e-01,1.2614e-01,7.2540e-02,-5.6863e-04,-8.6093e-02,-1.4442e-01,-1.2580e-01,-2.7892e-02,1.0045e-01,2.1681e-01,3.0376e-01,3.5728e-01,3.7874e-01,3.7417e-01,3.5613e-01,3.4291e-01,3.5217e-01,3.9070e-01,4.5117e-01,5.2158e-01,5.9071e-01,6.5007e-01,6.9738e-01,7.3671e-01,7.7605e-01,8.2356e-01,8.8073e-01,9.3174e-01,9.4269e-01,8.9182e-01,7.9720e-01,6.9282e-01,5.9815e-01,5.1665e-01,4.4549e-01,3.9145e-01,3.6790e-01,3.7426e-01,4.0469e-01,4.3852e-01,4.3653e-01,4.0157e-01,3.3130e-01,2.2601e-01,1.1776e-01,3.2667e-02,-3.8756e-02,-6.9811e-02,3.5760e-02,1.3949e-01,1.2904e-01,8.2075e-02,3.6939e-02,-2.0970e-02,-9.4294e-02,-1.5995e-01,-2.1069e-01,-2.5451e-01,-2.9690e-01,-3.3245e-01,-3.4678e-01,-3.2534e-01,-2.6652e-01,-1.9899e-01,-1.7768e-01,-2.2140e-01,-2.8296e-01,-3.0135e-01,-2.5572e-01,-1.9362e-01,-1.3425e-01,-4.2810e-02,5.8992e-02,1.2477e-01,1.4583e-01,1.3703e-01,1.1410e-01,8.6514e-02,5.8800e-02,3.3094e-02
-3.3560e-01,3.2558e-01,3.8333e-01,4.1133e-01,4.6059e-01,4.5184e-01,3.9637e-01,3.2355e-01,2.5579e-01,2.1249e-01,2.0045e-01,2.1880e-01,2.6984e-01,3.5368e-01,4.5863e-01,5.4571e-01,5.7066e-01,5.1653e-01,4.0393e-01,2.8912e-01,2.1305e-01,1.6776e-01,1.2326e-01,5.9041e-02,-2.0056e-02,-7.5404e-02,-5.4435e-02,4.6695e-02,1.7820e-01,2.9766e-01,3.8803e-01,4.4488e-01,4.6812e-01,4.6117e-01,4.3433e-01,4.0640e-01,3.9762e-01,4.1818e-01,4.6398e-01,5.2390e-01,5.8729e-01,6.4509e-01,6.9265e-01,7.3144e-01,7.6784e-01,8.1028e-01,8.6410e-01,9.2199e-01,9.5559e-01,9.3178e-01,8.5126e-01,7.4729e-01,6.4832e-01,5.6357e-01,4.9023e-01,4.2986e-01,3.9743e-01,3.9577e-01,4.1831e-01,4.5461e-01,4.6826e-01,4.4346e-01,3.8292e-01,2.8305e-01,1.6852e-01,7.5724e-02,5.1370e-03,-4.5993e-02,1.2445e-02,1.4305e-01,1.6324e-01,1.1612e-01,6.4263e-02,4.5074e-03,-7.0817e-02,-1.4005e-01,-1.9249e-01,-2.3598e-01,-2.7865e-01,-3.1799e-01,-3.4071e-01,-3.3063e-01,-2.8089e-01,-2.1084e-01,-1.7013e-01,-1.8829e-01,-2.3573e-01,-2.6481e-01,-2.4005e-01,-1.8816e-01,-1.4259e-01,-6.9238e-02,3.2821e-02,1.1248e-01,1.4754e-01,1.4786e-01,1.2984e-01,1.0464e-01,7.7932e-02,5.2336e-02
-3.0172e-01,3.5813e-01,4.1638e-01,4.4069e-01,4.9243e-01,4.8539e-01,4.2690e-01,3.4928e-01,2.7890e-01,2.3615e-01,2.2670e-01,2.4886e-01,3.0298e-01,3.8758e-01,4.8988e-01,5.7183e-01,5.9302e-01,5.3840e-01,4.2731e-01,3.1635e-01,2.4617e-01,2.0772e-01,1.7108e-01,1.1540e-01,4.3699e-02,-7.2109e-03,1.6365e-02,1.1967e-01,2.5306e-01,3.7469e-01,4.6802e-01,5.2839e-01,5.5456e-01,5.4776e-01,5.1538e-01,4.7497e-01,4.4897e-01,4.5125e-01,4.8118e-01,5.2905e-01,5.8457e-01,6.3905e-01,6.8633e-01,7.2531e-01,7.6020e-01,7.9861e-01,8.4784e-01,9.0729e-01,9.5742e-01,9.6196e-01,9.0291e-01,8.0425e-01,7.0149e-01,6.1222e-01,5.3632e-01,4.7099e-01,4.2912e-01,4.1955e-01,4.3507e-01,4.6761e-01,4.9439e-01,4.8229e-01,4.3218e-01,3.4016e-01,2.2187e-01,1.1880e-01,4.6072e-02,-1.1416e-02,5.0712e-04,1.3027e-01,1.9182e-01,1.5374e-01,9.6061e-02,3.3222e-02,-4.4458e-02,-1.1803e-01,-1.7313e-01,-2.1667e-01,-2.5910e-01,-3.0113e-01,-3.3128e-01,-3.3242e-01,-2.9343e-01,-2.2517e-01,-1.7015e-01,-1.6471e-01,-1.9343e-01,-2.2437e-01,-2.1963e-01,-1.8052e-01,-1.4561e-01,-9.1993e-02,3.7823e-03,9.4847e-02,1.4475e-01,1.5569e-01,1.4363e-01,1.2144e-01,9.6100e-02,7.0912e-02
-2.6995e-01,3.9000e-01,4.5029e-01,4.7058e-01,5.2417e-01,5.1907e-01,4.5797e-01,3.7591e-01,3.0331e-01,2.6147e-01,2.5482e-01,2.8040e-01,3.3676e-01,4.2131e-01,5.2038e-01,5.9710e-01,6.1486e-01,5.6015e-01,4.5084e-01,3.4374e-01,2.7882e-01,2.4594e-01,2.1587e-01,1.6824e-01,1.0472e-01,5.9701e-02,8.6266e-02,1.9085e-01,3.2495e-01,4.4784e-01,5.4363e-01,6.0752e-01,6.3739e-01,6.3269e-01,5.9790e-01,5.4798e-01,5.0627e-01,4.9052e-01,5.0377e-01,5.3830e-01,5.8411e-01,6.3307e-01,6.7869e-01,7.1782e-01,7.5223e-01,7.8791e-01,8.3259e-01,8.9008e-01,9.4991e-01,9.8008e-01,9.4847e-01,8.6209e-01,7.5791e-01,6.6328e-01,5.8381e-01,5.1469e-01,4.6358e-01,4.4511e-01,4.5417e-01,4.8124e-01,5.1434e-01,5.1724e-01,4.7881e-01,3.9672e-01,2.7828e-01,1.6393e-01,8.4406e-02,2.6763e-02,5.4842e-03,1.0766e-01,2.0894e-01,1.9268e-01,1.3242e-01,6.5650e-02,-1.4786e-02,-9.3403e-02,-1.5232e-01,-1.9654e-01,-2.3844e-01,-2.8213e-01,-3.1856e-01,-3.3046e-01,-3.0331e-01,-2.4043e-01,-1.7619e-01,-1.5030e-01,-1.5851e-01,-1.8275e-01,-1.9396e-01,-1.7054e-01,-1.4429e-01,-1.0940e-01,-2.6394e-02,7.2080e-02,1.3702e-01,1.6008e-01,1.5522e-01,1.3676e-01,1.1321e-01,8.8729e-02
-2.4019e-01,4.2113e-01,4.8501e-01,5.0105e-01,5.5572e-01,5.5268e-01,4.8946e-01,4.0341e-01,3.2908e-01,2.8851e-01,2.8477e-01,3.1326e-01,3.7105e-01,4.5481e-01,5.5016e-01,6.2158e-01,6.3617e-01,5.8172e-01,4.7442e-01,3.7115e-01,3.1088e-01,2.8237e-01,2.5764e-01,2.1748e-01,1.6276e-01,1.2498e-01,1.5502e-01,2.6012e-01,3.9390e-01,5.1718e-01,6.1488e-01,6.8215e-01,7.1620e-01,7.1505e-01,6.8059e-01,6.2444e-01,5.6925e-01,5.3623e-01,5.3247e-01,5.5268e-01,5.8738e-01,6.2870e-01,6.7062e-01,7.0899e-01,7.4330e-01,7.7744e-01,8.1833e-01,8.7210e-01,9.3571e-01,9.8570e-01,9.8417e-01,9.1804e-01,8.1711e-01,7.1738e-01,6.3307e-01,5.6059e-01,5.0140e-01,4.7256e-01,4.7480e-01,4.9688e-01,5.2978e-01,5.4726e-01,5.2217e-01,4.5192e-01,3.3748e-01,2.1291e-01,1.2198e-01,6.3886e-02,2.5532e-02,8.6567e-02,2.1048e-01,2.2921e-01,1.7278e-01,1.0217e-01,1.8612e-02,-6.5668e-02,-1.2965e-01,-1.7548e-01,-2.1684e-01,-2.6127e-01,-3.0274e-01,-3.2463e-01,-3.0988e-01,-2.5529e-01,-1.8663e-01,-1.4411e-01,-1.3235e-01,-1.4313e-01,-1.6342e-01,-1.5756e-01,-1.3980e-01,-1.2057e-01,-5.5540e-02,4.4796e-02,1.2396e-01,1.6053e-01,1.6427e-01,1.5043e-01,1.2918e-01,1.0572e-01
-2.1234e-01,4.5144e-01,5.2044e-01,5.3211e-01,5.8701e-01,5.8601e-01,5.2119e-01,4.3178e-01,3.5624e-01,3.1733e-01,3.1650e-01,3.4728e-01,4.0572e-01,4.8807e-01,5.7927e-01,6.4534e-01,6.5700e-01,6.0309e-01,4.9795e-01,3.9844e-01,3.4226e-01,3.1701e-01,2.9648e-01,2.6323e-01,2.1775e-01,1.8840e-01,2.2245e-01,3.2750e-01,4.6004e-01,5.8291e-01,6.8192e-01,7.5233e-01,7.9078e-01,7.9420e-01,7.6228e-01,7.0319e-01,6.3735e-01,5.8833e-01,5.6766e-01,5.7291e-01,5.9553e-01,6.2756e-01,6.6356e-01,6.9945e-01,7.3322e-01,7.6652e-01,8.0466e-01,8.5432e-01,9.1750e-01,9.8025e-01,1.0072e+00,9.6838e-01,8.7765e-01,7.7482e-01,6.8466e-01,6.0843e-01,5.4280e-01,5.0259e-01,4.9672e-01,5.1404e-01,5.4388e-01,5.7146e-01,5.6148e-01,5.0476e-01,3.9854e-01,2.6693e-01,1.6126e-01,9.8518e-02,5.4922e-02,7.6087e-02,1.9801e-01,2.5824e-01,2.1568e-01,1.4291e-01,5.6106e-02,-3.4292e-02,-1.0463e-01,-1.5326e-01,-1.9439e-01,-2.3882e-01,-2.8406e-01,-3.1493e-01,-3.1267e-01,-2.6859e-01,-1.9989e-01,-1.4480e-01,-1.1522e-01,-1.0846e-01,-1.2944e-01,-1.4073e-01,-1.3299e-01,-1.2564e-01,-8.1333e-02,1.4138e-02,1.0543e-01,1.5654e-01,1.7041e-01,1.6223e-01,1.4388e-01,1.2181e-01
-1.8632e-01,4.8087e-01,5.5646e-01,5.6374e-01,6.1795e-01,6.1886e-01,5.5303e-01,4.6096e-01,3.8483e-01,3.4794e-01,3.4989e-01,3.8229e-01,4.4068e-01,5.2104e-01,6.0776e-01,6.6845e-01,6.7734e-01,6.2421e-01,5.2137e-01,4.2550e-01,3.7285e-01,3.4993e-01,3.3260e-01,3.0573e-01,2.6980e-01,2.4985e-01,2.8844e-01,3.9301e-01,5.2355e-01,6.4527e-01,7.4499e-01,8.1819e-01,8.6108e-01,8.6972e-01,8.4204e-01,7.8298e-01,7.0970e-01,6.4656e-01,6.0947e-01,5.9944e-01,6.0929e-01,6.3098e-01,6.5916e-01,6.9042e-01,7.2234e-01,7.5478e-01,7.9102e-01,8.3700e-01,8.9739e-01,9.6636e-01,1.0165e+00,1.0090e+00,9.3692e-01,8.3529e-01,7.3918e-01,6.5821e-01,5.8752e-01,5.3614e-01,5.2014e-01,5.3202e-01,5.5870e-01,5.9021e-01,5.9596e-01,5.5420e-01,4.5991e-01,3.2629e-01,2.0475e-01,1.3160e-01,8.7408e-02,7.9383e-02,1.7930e-01,2.7464e-01,2.5838e-01,1.8756e-01,9.7941e-02,1.2327e-03,-7.6704e-02,-1.2957e-01,-1.7110e-01,-2.1506e-01,-2.6284e-01,-3.0147e-01,-3.1139e-01,-2.7938e-01,-2.1452e-01,-1.5095e-01,-1.0655e-01,-8.0985e-02,-9.4360e-02,-1.1950e-01,-1.2414e-01,-1.2557e-01,-1.0173e-01,-1.8159e-02,8.1516e-02,1.4761e-01,1.7318e-01,1.7191e-01,1.5719e-01,1.3693e-01
-1.6205e-01,5.0936e-01,5.9290e-01,5.9588e-01,6.4843e-01,6.5100e-01,5.8482e-01,4.9093e-01,4.1489e-01,3.8035e-01,3.8480e-01,4.1812e-01,4.7583e-01,5.5373e-01,6.3568e-01,6.9098e-01,6.9724e-01,6.4506e-01,5.4462e-01,4.5224e-01,4.0261e-01,3.8117e-01,3.6624e-01,3.4534e-01,3.1915e-01,3.0931e-01,3.5290e-01,4.5674e-01,5.8467e-01,7.0456e-01,8.0437e-01,8.7992e-01,9.2715e-01,9.4137e-01,9.1914e-01,8.6263e-01,7.8524e-01,7.1044e-01,6.5781e-01,6.3248e-01,6.2910e-01,6.3982e-01,6.5893e-01,6.8350e-01,7.1163e-01,7.4234e-01,7.7700e-01,8.1998e-01,8.7669e-01,9.4694e-01,1.0131e+00,1.0366e+00,9.9120e-01,8.9754e-01,7.9700e-01,7.1027e-01,6.3509e-01,5.7394e-01,5.4574e-01,5.5068e-01,5.7430e-01,6.0561e-01,6.2486e-01,5.9925e-01,5.1981e-01,3.9017e-01,2.5445e-01,1.6546e-01,1.1910e-01,9.4937e-02,1.6316e-01,2.7640e-01,2.9681e-01,2.3513e-01,1.4417e-01,4.1354e-02,-4.5282e-02,-1.0396e-01,-1.4689e-01,-1.9023e-01,-2.3941e-01,-2.8446e-01,-3.0588e-01,-2.8691e-01,-2.2919e-01,-1.6114e-01,-1.0524e-01,-6.1949e-02,-6.0926e-02,-9.3960e-02,-1.1290e-01,-1.2174e-01,-1.1547e-01,-4.9830e-02,5.2789e-02,1.3332e-01,1.7208e-01,1.7913e-01,1.6894e-01,1.5099e-01
-1.3945e-01,5.3684e-01,6.2960e-01,6.2845e-01,6.7835e-01,6.8227e-01,6.1642e-01,5.2166e-01,4.4643e-01,4.1454e-01,4.2108e-01,4.5463e-01,5.1110e-01,5.8612e-01,6.6309e-01,7.1298e-01,7.1671e-01,6.6562e-01,5.6765e-01,4.7858e-01,4.3147e-01,4.1085e-01,3.9770e-01,3.8249e-01,3.6616e-01,3.6684e-01,4.1579e-01,5.1875e-01,6.4361e-01,7.6111e-01,8.6038e-01,9.3777e-01,9.8909e-01,1.0090e+00,9.9306e-01,9.4106e-01,8.6276e-01,7.7923e-01,7.1247e-01,6.7206e-01,6.5516e-01,6.5451e-01,6.6390e-01,6.8027e-01,7.0253e-01,7.2989e-01,7.6251e-01,8.0295e-01,8.5597e-01,9.2446e-01,9.9947e-01,1.0496e+00,1.0362e+00,9.5915e-01,8.5797e-01,7.6505e-01,6.8517e-01,6.1613e-01,5.7463e-01,5.7037e-01,5.9008e-01,6.2004e-01,6.4782e-01,6.3917e-01,5.7653e-01,4.5670e-01,3.1144e-01,2.0296e-01,1.4916e-01,1.1871e-01,1.5487e-01,2.6728e-01,3.2601e-01,2.8366e-01,1.9449e-01,8.6391e-02,-9.7471e-03,-7.5898e-02,-1.2155e-01,-1.6448e-01,-2.1413e-01,-2.6420e-01,-2.9614e-01,-2.9064e-01,-2.4272e-01,-1.7402e-01,-1.0989e-01,-5.1635e-02,-3.1800e-02,-6.5111e-02,-9.8580e-02,-1.1535e-01,-1.2245e-01,-7.8328e-02,2.0364e-02,1.1344e-01,1.6656e-01,1.8350e-01,1.7889e-01,1.6387e-01
-1.1847e-01,5.6324e-01,6.6638e-01,6.6132e-01,7.0760e-01,7.1250e-01,6.4769e-01,5.5312e-01,4.7949e-01,4.5042e-01,4.5853e-01,4.9165e-01,5.4641e-01,6.1823e-01,6.9004e-01,7.3452e-01,7.3576e-01,6.8588e-01,5.9041e-01,5.0446e-01,4.5944e-01,4.3908e-01,4.2734e-01,4.1770e-01,4.1123e-01,4.2259e-01,4.7709e-01,5.7913e-01,7.0062e-01,8.1525e-01,9.1337e-01,9.9202e-01,1.0471e+00,1.0727e+00,1.0635e+00,1.0174e+00,9.4100e-01,8.5198e-01,7.7306e-01,7.1809e-01,6.8755e-01,6.7521e-01,6.7459e-01,6.8201e-01,6.9666e-01,7.1864e-01,7.4798e-01,7.8577e-01,8.3535e-01,9.0058e-01,9.7878e-01,1.0483e+00,1.0681e+00,1.0165e+00,9.2109e-01,8.2296e-01,7.3769e-01,6.6236e-01,6.0792e-01,5.9182e-01,6.0589e-01,6.3439e-01,6.6573e-01,6.7335e-01,6.2867e-01,5.2344e-01,3.7547e-01,2.4683e-01,1.7895e-01,1.4594e-01,1.5595e-01,2.5472e-01,3.4207e-01,3.2997e-01,2.4811e-01,1.3647e-01,3.0476e-02,-4.4791e-02,-9.4725e-02,-1.3786e-01,-1.8731e-01,-2.4100e-01,-2.8227e-01,-2.9016e-01,-2.5410e-01,-1.8831e-01,-1.1907e-01,-4.9484e-02,-9.1439e-03,-3.4712e-02,-8.0513e-02,-1.0706e-01,-1.2358e-01,-1.0132e-01,-1.3996e-02,8.8037e-02,1.5610e-01,1.8455e-01,1.8677e-01,1.7543e-01
-9.9016e-02,5.8850e-01,7.0304e-01,6.9437e-01,7.3611e-01,7.4158e-01,6.7853e-01,5.8529e-01,5.1408e-01,4.8791e-01,4.9697e-01,5.2907e-01,5.8173e-01,6.5006e-01,7.1657e-01,7.5563e-01,7.5443e-01,7.0582e-01,6.1289e-01,5.2986e-01,4.8650e-01,4.6599e-01,4.5548e-01,4.5146e-01,4.5483e-01,4.7674e-01,5.3683e-01,6.3796e-01,7.5590e-01,8.6730e-01,9.6371e-01,1.0430e+00,1.1013e+00,1.1325e+00,1.1302e+00,1.0911e+00,1.0188e+00,9.2751e-01,8.3900e-01,7.7044e-01,7.2628e-01,7.0198e-01,6.9114e-01,6.8937e-01,6.9544e-01,7.1017e-01,7.3438e-01,7.6865e-01,8.1481e-01,8.7624e-01,9.5381e-01,1.0351e+00,1.0846e+00,1.0653e+00,9.8421e-01,8.8398e-01,7.9282e-01,7.1208e-01,6.4630e-01,6.1610e-01,6.2218e-01,6.4836e-01,6.8061e-01,7.0135e-01,6.7524e-01,5.8792e-01,4.4487e-01,2.9901e-01,2.1116e-01,1.7350e-01,1.6596e-01,2.4434e-01,3.4512e-01,3.6976e-01,3.0346e-01,1.9141e-01,7.5868e-02,-9.9872e-03,-6.5972e-02,-1.1029e-01,-1.5925e-01,-2.1524e-01,-2.6444e-01,-2.8525e-01,-2.6247e-01,-2.0285e-01,-1.3145e-01,-5.4349e-02,5.6257e-03,-5.0282e-03,-5.8480e-02,-9.6813e-02,-1.2039e-01,-1.1729e-01,-4.7905e-02,5.7643e-02,1.4023e-01,1.8175e-01,1.9224e-01,1.8547e-01
-8.1030e-02,6.1259e-01,7.3940e-01,7.2749e-01,7.6381e-01,7.6943e-01,7.0886e-01,6.1815e-01,5.5020e-01,5.2686e-01,5.3622e-01,5.6675e-01,6.1699e-01,6.8162e-01,7.4274e-01,7.7639e-01,7.7274e-01,7.2544e-01,6.3507e-01,5.5474e-01,5.1268e-01,4.9174e-01,4.8250e-01,4.8428e-01,4.9740e-01,5.2951e-01,5.9502e-01,6.9529e-01,8.0962e-01,9.1755e-01,1.0118e+00,1.0910e+00,1.1520e+00,1.1884e+00,1.1930e+00,1.1615e+00,1.0951e+00,1.0045e+00,9.0941e-01,8.2882e-01,7.7130e-01,7.3484e-01,7.1356e-01,7.0255e-01,6.9976e-01,7.0602e-01,7.2315e-01,7.5230e-01,7.9448e-01,8.5188e-01,9.2664e-01,1.0132e+00,1.0856e+00,1.1012e+00,1.0439e+00,9.4739e-01,8.5084e-01,7.6481e-01,6.8984e-01,6.4451e-01,6.3978e-01,6.6174e-01,6.9410e-01,7.2317e-01,7.1564e-01,6.4809e-01,5.1688e-01,3.6013e-01,2.4886e-01,2.0085e-01,1.8326e-01,2.3817e-01,3.4029e-01,3.9858e-01,3.5795e-01,2.5058e-01,1.2675e-01,2.9165e-02,-3.4731e-02,-8.1578e-02,-1.3012e-01,-1.8731e-01,-2.4295e-01,-2.7582e-01,-2.6716e-01,-2.1656e-01,-1.4581e-01,-6.4739e-02,1.1933e-02,2.1549e-02,-3.2940e-02,-8.4020e-02,-1.1437e-01,-1.2593e-01,-7.8636e-02,2.3394e-02,1.1870e-01,1.7451e-01,1.9487e-01,1.9377e-01
-6.4443e-02,6.3546e-01,7.7527e-01,7.6055e-01,7.9068e-01,7.9603e-01,7.3863e-01,6.5170e-01,5.8783e-01,5.6713e-01,5.7608e-01,6.0460e-01,6.5217e-01,7.1293e-01,7.6859e-01,7.9683e-01,7.9071e-01,7.4474e-01,6.5692e-01,5.7910e-01,5.3801e-01,5.1648e-01,5.0872e-01,5.1662e-01,5.3936e-01,5.8111e-01,6.5174e-01,7.5118e-01,8.6194e-01,9.6627e-01,1.0579e+00,1.1365e+00,1.1995e+00,1.2406e+00,1.2521e+00,1.2284e+00,1.1691e+00,1.0818e+00,9.8317e-01,8.9273e-01,8.2254e-01,7.7381e-01,7.4182e-01,7.2148e-01,7.0992e-01,7.0727e-01,7.1585e-01,7.3797e-01,7.7488e-01,8.2778e-01,8.9858e-01,9.8579e-01,1.0731e+00,1.1214e+00,1.0959e+00,1.0114e+00,9.1182e-01,8.2035e-01,7.3808e-01,6.7821e-01,6.5973e-01,6.7496e-01,7.0659e-01,7.3991e-01,7.4948e-01,7.0248e-01,5.8842e-01,4.2915e-01,2.9474e-01,2.2952e-01,2.0510e-01,2.3673e-01,3.3399e-01,4.1405e-01,4.0790e-01,3.1271e-01,1.8320e-01,7.3264e-02,-3.7287e-04,-5.1373e-02,-1.0002e-01,-1.5755e-01,-2.1811e-01,-2.6190e-01,-2.6764e-01,-2.2844e-01,-1.6111e-01,-7.9072e-02,1.0020e-02,4.2809e-02,-5.0778e-03,-6.7906e-02,-1.0647e-01,-1.2816e-01,-1.0364e-01,-1.2866e-02,9.1552e-02,1.6229e-01,1.9417e-01,2.0001e-01
-4.9185e-02,6.5708e-01,8.1050e-01,7.9347e-01,8.1673e-01,8.2138e-01,7.6783e-01,6.8597e-01,6.2692e-01,6.0851e-01,6.1639e-01,6.4252e-01,6.8721e-01,7.4399e-01,7.9417e-01,8.1700e-01,8.0837e-01,7.6371e-01,6.7845e-01,6.0292e-01,5.6255e-01,5.4037e-01,5.3446e-01,5.4889e-01,5.8104e-01,6.3174e-01,7.0704e-01,8.0570e-01,9.1298e-01,1.0137e+00,1.1024e+00,1.1797e+00,1.2441e+00,1.2894e+00,1.3075e+00,1.2917e+00,1.2403e+00,1.1581e+00,1.0590e+00,9.6138e-01,8.7977e-01,8.1890e-01,7.7595e-01,7.4608e-01,7.2584e-01,7.1442e-01,7.1379e-01,7.2718e-01,7.5701e-01,8.0438e-01,8.7043e-01,9.5533e-01,1.0503e+00,1.1249e+00,1.1356e+00,1.0728e+00,9.7527e-01,8.7869e-01,7.9035e-01,7.1781e-01,6.8334e-01,6.8897e-01,7.1794e-01,7.5337e-01,7.7648e-01,7.5020e-01,6.5668e-01,5.0358e-01,3.5038e-01,2.6223e-01,2.2933e-01,2.4079e-01,3.2894e-01,4.1818e-01,4.4889e-01,3.7566e-01,2.4492e-01,1.2280e-01,3.7763e-02,-1.9218e-02,-6.8889e-02,-1.2627e-01,-1.9031e-01,-2.4365e-01,-2.6356e-01,-2.3758e-01,-1.7637e-01,-9.5856e-02,8.3679e-04,5.7021e-02,2.3295e-02,-4.7896e-02,-9.6842e-02,-1.2563e-01,-1.2122e-01,-4.8610e-02,5.9340e-02,1.4459e-01,1.8957e-01,2.0381e-01
-3.5197e-02,6.7741e-01,8.4495e-01,8.2617e-01,8.4202e-01,8.4558e-01,7.9649e-01,7.2096e-01,6.6739e-01,6.5082e-01,6.5699e-01,6.8042e-01,7.2211e-01,7.7481e-01,8.1951e-01,8.3694e-01,8.2574e-01,7.8237e-01,6.9964e-01,6.2624e-01,5.8635e-01,5.6356e-01,5.6001e-01,5.8140e-01,6.2272e-01,6.8158e-01,7.6100e-01,8.5887e-01,9.6285e-01,1.0600e+00,1.1457e+00,1.2211e+00,1.2860e+00,1.3349e+00,1.3591e+00,1.3513e+00,1.3081e+00,1.2327e+00,1.1357e+00,1.0337e+00,9.4254e-01,8.7007e-01,8.1601e-01,7.7633e-01,7.4735e-01,7.2745e-01,7.1767e-01,7.2139e-01,7.4229e-01,7.8249e-01,8.4280e-01,9.2355e-01,1.0206e+00,1.1134e+00,1.1593e+00,1.1275e+00,1.0397e+00,9.3982e-01,8.4606e-01,7.6325e-01,7.1201e-01,7.0489e-01,7.2847e-01,7.6477e-01,7.9685e-01,7.9082e-01,7.1952e-01,5.8006e-01,4.1574e-01,3.0195e-01,2.5555e-01,2.5111e-01,3.2467e-01,4.1698e-01,4.7714e-01,4.3623e-01,3.1109e-01,1.7809e-01,8.0324e-02,1.5451e-02,-3.6548e-02,-9.3708e-02,-1.5991e-01,-2.2127e-01,-2.5473e-01,-2.4322e-01,-1.9070e-01,-1.1381e-01,-1.4180e-02,6.3160e-02,4.9944e-02,-2.3949e-02,-8.4953e-02,-1.2005e-01,-1.3102e-01,-8.0934e-02,2.3277e-02,1.2114e-01,1.8046e-01,2.0473e-01
-2.2402e-02,6.9646e-01,8.7849e-01,8.5862e-01,8.6663e-01,8.6874e-01,8.2468e-01,7.5669e-01,7.0915e-01,6.9384e-01,6.9772e-01,7.1824e-01,7.5682e-01,8.0541e-01,8.4464e-01,8.5670e-01,8.4285e-01,8.0072e-01,7.2050e-01,6.4904e-01,6.0948e-01,5.8621e-01,5.8557e-01,6.1438e-01,6.6458e-01,7.3076e-01,8.1369e-01,9.1076e-01,1.0116e+00,1.1054e+00,1.1879e+00,1.2610e+00,1.3257e+00,1.3774e+00,1.4073e+00,1.4072e+00,1.3725e+00,1.3046e+00,1.2119e+00,1.1085e+00,1.0101e+00,9.2713e-01,8.6205e-01,8.1231e-01,7.7438e-01,7.4612e-01,7.2762e-01,7.2154e-01,7.3223e-01,7.6336e-01,8.1645e-01,8.9164e-01,9.8697e-01,1.0900e+00,1.1657e+00,1.1706e+00,1.1024e+00,1.0033e+00,9.0482e-01,8.1396e-01,7.4682e-01,7.2398e-01,7.3914e-01,7.7445e-01,8.1178e-01,8.2407e-01,7.7552e-01,6.5517e-01,4.8903e-01,3.5102e-01,2.8505e-01,2.6735e-01,3.2105e-01,4.1577e-01,4.9173e-01,4.9021e-01,3.8017e-01,2.3916e-01,1.2790e-01,5.3261e-02,-2.6677e-03,-5.9974e-02,-1.2731e-01,-1.9509e-01,-2.4107e-01,-2.4470e-01,-2.0324e-01,-1.3187e-01,-3.3343e-02,6.1008e-02,7.2538e-02,3.2256e-03,-6.9871e-02,-1.1255e-01,-1.3402e-01,-1.0714e-01,-1.4646e-02,9.2023e-02,1.6625e-01,2.0223e-01
-1.0743e-02,7.1421e-01,9.1107e-01,8.9082e-01,8.9070e-01,8.9105e-01,8.5253e-01,7.9320e-01,7.5204e-01,7.3736e-01,7.3846e-01,7.5590e-01,7.9132e-01,8.3579e-01,8.6961e-01,8.7632e-01,8.5973e-01,8.1875e-01,7.4104e-01,6.7137e-01,6.3201e-01,6.0845e-01,6.1133e-01,6.4796e-01,7.0668e-01,7.7935e-01,8.6519e-01,9.6138e-01,1.0593e+00,1.1499e+00,1.2293e+00,1.2998e+00,1.3635e+00,1.4172e+00,1.4522e+00,1.4594e+00,1.4332e+00,1.3736e+00,1.2867e+00,1.1844e+00,1.0815e+00,9.8962e-01,9.1405e-01,8.5412e-01,8.0696e-01,7.7025e-01,7.4337e-01,7.2797e-01,7.2804e-01,7.4848e-01,7.9244e-01,8.6056e-01,9.5156e-01,1.0583e+00,1.1557e+00,1.1981e+00,1.1593e+00,1.0681e+00,9.6634e-01,8.6916e-01,7.8826e-01,7.4765e-01,7.5122e-01,7.8268e-01,8.2291e-01,8.4975e-01,8.2392e-01,7.2606e-01,5.6715e-01,4.1043e-01,3.2019e-01,2.8866e-01,3.1976e-01,4.1503e-01,4.9621e-01,5.3304e-01,4.4962e-01,3.0569e-01,1.8095e-01,9.4861e-02,3.3200e-02,-2.5056e-02,-9.2835e-02,-1.6545e-01,-2.2264e-01,-2.4155e-01,-2.1315e-01,-1.4918e-01,-5.4937e-02,5.1121e-02,8.9026e-02,3.2109e-02,-5.0699e-02,-1.0338e-01,-1.3201e-01,-1.2549e-01,-5.1712e-02,5.7875e-02,1.4646e-01,1.9571e-01
-1.6592e-04,7.3068e-01,9.4262e-01,9.2278e-01,9.1440e-01,9.1271e-01,8.8017e-01,8.3049e-01,7.9591e-01,7.8119e-01,7.7909e-01,7.9335e-01,8.2559e-01,8.6597e-01,8.9445e-01,8.9583e-01,8.7640e-01,8.3649e-01,7.6124e-01,6.9324e-01,6.5400e-01,6.3039e-01,6.3739e-01,6.8218e-01,7.4905e-01,8.2741e-01,9.1554e-01,1.0108e+00,1.1060e+00,1.1936e+00,1.2701e+00,1.3378e+00,1.3998e+00,1.4546e+00,1.4939e+00,1.5081e+00,1.4903e+00,1.4392e+00,1.3593e+00,1.2603e+00,1.1554e+00,1.0568e+00,9.7179e-01,9.0183e-01,8.4522e-01,7.9983e-01,7.6466e-01,7.4048e-01,7.3031e-01,7.3925e-01,7.7222e-01,8.3137e-01,9.1598e-01,1.0218e+00,1.1322e+00,1.2077e+00,1.2058e+00,1.1318e+00,1.0302e+00,9.2809e-01,8.3613e-01,7.7730e-01,7.6605e-01,7.9033e-01,8.3137e-01,8.6819e-01,8.6439e-01,7.9060e-01,6.4649e-01,4.7939e-01,3.6342e-01,3.1477e-01,3.2362e-01,4.1244e-01,4.9718e-01,5.6147e-01,5.1580e-01,3.7676e-01,2.3976e-01,1.4088e-01,7.1607e-02,1.1193e-02,-5.6738e-02,-1.3274e-01,-1.9963e-01,-2.3341e-01,-2.1964e-01,-1.6502e-01,-7.7403e-02,3.4677e-02,9.7956e-02,6.0517e-02,-2.7014e-02,-9.1981e-02,-1.2682e-01,-1.3571e-01,-8.4853e-02,2.0064e-02,1.2084e-01,1.8454e-01
9.4029e-03,7.4587e-01,9.7314e-01,9.5460e-01,9.3794e-01,9.3400e-01,9.0780e-01,8.6853e-01,8.4054e-01,8.2513e-01,8.1951e-01,8.3054e-01,8.5961e-01,8.9595e-01,9.1917e-01,9.1528e-01,8.9290e-01,8.5393e-01,7.8113e-01,7.1467e-01,6.7551e-01,6.5213e-01,6.6383e-01,7.1699e-01,7.9160e-01,8.7492e-01,9.6481e-01,1.0590e+00,1.1517e+00,1.2366e+00,1.3104e+00,1.3751e+00,1.4350e+00,1.4899e+00,1.5328e+00,1.5533e+00,1.5437e+00,1.5013e+00,1.4291e+00,1.3350e+00,1.2306e+00,1.1277e+00,1.0348e+00,9.5537e-01,8.8929e-01,8.3496e-01,7.9135e-01,7.5870e-01,7.3901e-01,7.3659e-01,7.5727e-01,8.0538e-01,8.8155e-01,9.8290e-01,1.0990e+00,1.1998e+00,1.2371e+00,1.1908e+00,1.0955e+00,9.9011e-01,8.8974e-01,8.1389e-01,7.8499e-01,7.9876e-01,8.3772e-01,8.8062e-01,8.9669e-01,8.4748e-01,7.2362e-01,5.5555e-01,4.1639e-01,3.4650e-01,3.3460e-01,4.0734e-01,4.9929e-01,5.7557e-01,5.7416e-01,4.5069e-01,3.0432e-01,1.9187e-01,1.1316e-01,4.9074e-02,-1.9191e-02,-9.7337e-02,-1.7227e-01,-2.2010e-01,-2.2200e-01,-1.7869e-01,-9.9442e-02,1.3261e-02,9.8685e-02,8.5962e-02,7.7422e-04,-7.7239e-02,-1.1966e-01,-1.3892e-01,-1.1131e-01,-1.9200e-02,8.9560e-02,1.6812e-01
1.8008e-02,7.5981e-01,1.0027e+00,9.8636e-01,9.6158e-01,9.5521e-01,9.3561e-01,9.0730e-01,8.8573e-01,8.6901e-01,8.5964e-01,8.6741e-01,8.9336e-01,9.2572e-01,9.4381e-01,9.3469e-01,9.0925e-01,8.7110e-01,8.0070e-01,7.3569e-01,6.9660e-01,6.7373e-01,6.9063e-01,7.5229e-01,8.3420e-01,9.2184e-01,1.0130e+00,1.1061e+00,1.1965e+00,1.2788e+00,1.3502e+00,1.4121e+00,1.4693e+00,1.5235e+00,1.5690e+00,1.5954e+00,1.5936e+00,1.5598e+00,1.4958e+00,1.4079e+00,1.3060e+00,1.2011e+00,1.1022e+00,1.0145e+00,9.3922e-01,8.7582e-01,8.2353e-01,7.8239e-01,7.5372e-01,7.4069e-01,7.4882e-01,7.8415e-01,8.4962e-01,9.4379e-01,1.0598e+00,1.1768e+00,1.2504e+00,1.2404e+00,1.1602e+00,1.0546e+00,9.4814e-01,8.5776e-01,8.0947e-01,8.0946e-01,8.4273e-01,8.8871e-01,9.2064e-01,8.9602e-01,7.9577e-01,6.3558e-01,4.7933e-01,3.8544e-01,3.5335e-01,4.0211e-01,5.0149e-01,5.7987e-01,6.2004e-01,5.2482e-01,3.7423e-01,2.4826e-01,1.5850e-01,8.9005e-02,1.9770e-02,-5.9598e-02,-1.4090e-01,-2.0159e-01,-2.1961e-01,-1.8949e-01,-1.2004e-01,-1.1349e-02,9.1366e-02,1.0613e-01,3.1261e-02,-5.8002e-02,-1.1078e-01,-1.3708e-01,-1.2944e-01,-5.6978e-02,5.3405e-02,1.4597e-01
2.5710e-02,7.7255e-01,1.0313e+00,1.0182e+00,9.8559e-01,9.7667e-01,9.6380e-01,9.4672e-01,9.3124e-01,9.1268e-01,8.9940e-01,9.0393e-01,9.2680e-01,9.5530e-01,9.6838e-01,9.5410e-01,9.2548e-01,8.8800e-01,8.1997e-01,7.5632e-01,7.1732e-01,6.9525e-01,7.1777e-01,7.8793e-01,8.7671e-01,9.6810e-01,1.0602e+00,1.1521e+00,1.2403e+00,1.3203e+00,1.3896e+00,1.4489e+00,1.5032e+00,1.5558e+00,1.6029e+00,1.6343e+00,1.6400e+00,1.6147e+00,1.5590e+00,1.4782e+00,1.3804e+00,1.2757e+00,1.1731e+00,1.0785e+00,9.9487e-01,9.2254e-01,8.6138e-01,8.1156e-01,7.7409e-01,7.5125e-01,7.4743e-01,7.6910e-01,8.2172e-01,9.0611e-01,1.0178e+00,1.1426e+00,1.2451e+00,1.2758e+00,1.2211e+00,1.1206e+00,1.0104e+00,9.0853e-01,8.4081e-01,8.2387e-01,8.4773e-01,8.9369e-01,9.3663e-01,9.3590e-01,8.6096e-01,7.1590e-01,5.5081e-01,4.3310e-01,3.7993e-01,4.0102e-01,5.0015e-01,5.8146e-01,6.5032e-01,5.9542e-01,4.4852e-01,3.1027e-01,2.0821e-01,1.3151e-01,6.0242e-02,-1.9828e-02,-1.0588e-01,-1.7796e-01,-2.1202e-01,-1.9673e-01,-1.3840e-01,-3.7380e-02,7.6824e-02,1.1927e-01,6.2201e-02,-3.3620e-02,-9.9472e-02,-1.3208e-01,-1.3921e-01,-9.0053e-02,1.3990e-02,1.1794e-01
3.2560e-02,7.8411e-01,1.0591e+00,1.0503e+00,1.0103e+00,9.9871e-01,9.9254e-01,9.8666e-01,9.7686e-01,9.5600e-01,9.3872e-01,9.4007e-01,9.5993e-01,9.8468e-01,9.9291e-01,9.7355e-01,9.4163e-01,9.0465e-01,8.3895e-01,7.7658e-01,7.3770e-01,7.1669e-01,7.4516e-01,8.2372e-01,9.1893e-01,1.0136e+00,1.1063e+00,1.1971e+00,1.2831e+00,1.3612e+00,1.4286e+00,1.4855e+00,1.5368e+00,1.5872e+00,1.6349e+00,1.6704e+00,1.6830e+00,1.6660e+00,1.6188e+00,1.5455e+00,1.4531e+00,1.3505e+00,1.2462e+00,1.1467e+00,1.0558e+00,9.7510e-01,9.0508e-01,8.4635e-01,7.9999e-01,7.6778e-01,7.5297e-01,7.6120e-01,7.9944e-01,8.7151e-01,9.7528e-01,1.1012e+00,1.2234e+00,1.2932e+00,1.2739e+00,1.1865e+00,1.0756e+00,9.6537e-01,8.7981e-01,8.4339e-01,8.5439e-01,8.9652e-01,9.4600e-01,9.6684e-01,9.1792e-01,7.9335e-01,6.2818e-01,4.9015e-01,4.1461e-01,4.0795e-01,4.9431e-01,5.8484e-01,6.6531e-01,6.5793e-01,5.2546e-01,3.7782e-01,2.6283e-01,1.7717e-01,1.0247e-01,2.1748e-02,-6.7614e-02,-1.4941e-01,-1.9891e-01,-1.9969e-01,-1.5390e-01,-6.3218e-02,5.6375e-02,1.2445e-01,9.0956e-02,-4.4059e-03,-8.4463e-02,-1.2508e-01,-1.4199e-01,-1.1572e-01,-2.6186e-02,8.4324e-02
3.8612e-02,7.9454e-01,1.0861e+00,1.0828e+00,1.0359e+00,1.0216e+00,1.0220e+00,1.0270e+00,1.0224e+00,9.9885e-01,9.7756e-01,9.7578e-01,9.9272e-01,1.0139e+00,1.0174e+00,9.9306e-01,9.5773e-01,9.2106e-01,8.5765e-01,7.9650e-01,7.5780e-01,7.3808e-01,7.7270e-01,8.5947e-01,9.6069e-01,1.0583e+00,1.1514e+00,1.2409e+00,1.3251e+00,1.4013e+00,1.4671e+00,1.5221e+00,1.5704e+00,1.6180e+00,1.6652e+00,1.7040e+00,1.7228e+00,1.7138e+00,1.6751e+00,1.6096e+00,1.5235e+00,1.4245e+00,1.3205e+00,1.2180e+00,1.1214e+00,1.0332e+00,9.5472e-01,8.8702e-01,8.3151e-01,7.8999e-01,7.6494e-01,7.6069e-01,7.8412e-01,8.4167e-01,9.3445e-01,1.0562e+00,1.1888e+00,1.2913e+00,1.3134e+00,1.2494e+00,1.1426e+00,1.0272e+00,9.2661e-01,8.6941e-01,8.6435e-01,8.9846e-01,9.5056e-01,9.8864e-01,9.6600e-01,8.6536e-01,7.0818e-01,5.5597e-01,4.5791e-01,4.2492e-01,4.8683e-01,5.8822e-01,6.6968e-01,7.0782e-01,6.0242e-01,4.5042e-01,3.2272e-01,2.2661e-01,1.4684e-01,6.5031e-02,-2.6484e-02,-1.1624e-01,-1.8014e-01,-1.9773e-01,-1.6596e-01,-8.7486e-02,3.1630e-02,1.2151e-01,1.1503e-01,2.8188e-02,-6.4439e-02,-1.1618e-01,-1.3988e-01,-1.3262e-01,-6.3930e-02,4.6175e-02
4.3910e-02,8.0390e-01,1.1126e+00,1.1159e+00,1.0628e+00,1.0457e+00,1.0522e+00,1.0675e+00,1.0675e+00,1.0411e+00,1.0159e+00,1.0110e+00,1.0252e+00,1.0428e+00,1.0419e+00,1.0127e+00,9.7381e-01,9.3726e-01,8.7607e-01,8.1609e-01,7.7762e-01,7.5940e-01,8.0026e-01,8.9498e-01,1.0018e+00,1.1021e+00,1.1955e+00,1.2838e+00,1.3661e+00,1.4407e+00,1.5052e+00,1.5586e+00,1.6041e+00,1.6486e+00,1.6944e+00,1.7352e+00,1.7597e+00,1.7583e+00,1.7278e+00,1.6703e+00,1.5911e+00,1.4968e+00,1.3947e+00,1.2912e+00,1.1907e+00,1.0964e+00,1.0102e+00,9.3371e-01,8.6891e-01,8.1785e-01,7.8288e-01,7.6720e-01,7.7644e-01,8.1822e-01,8.9719e-01,1.0106e+00,1.1458e+00,1.2716e+00,1.3354e+00,1.3053e+00,1.2099e+00,1.0927e+00,9.8068e-01,9.0309e-01,8.7906e-01,9.0122e-01,9.5182e-01,1.0018e+00,1.0048e+00,9.3007e-01,7.8763e-01,6.2867e-01,5.1014e-01,4.5238e-01,4.8295e-01,5.8729e-01,6.7069e-01,7.4187e-01,6.7585e-01,5.2701e-01,3.8802e-01,2.8040e-01,1.9384e-01,1.1005e-01,1.7152e-02,-7.8805e-02,-1.5572e-01,-1.9030e-01,-1.7396e-01,-1.0908e-01,4.3397e-03,1.1100e-01,1.3254e-01,6.1791e-02,-3.8689e-02,-1.0454e-01,-1.3474e-01,-1.4108e-01,-9.5952e-02,5.4360e-03
4.8511e-02,8.1224e-01,1.1386e+00,1.1497e+00,1.0912e+00,1.0712e+00,1.0831e+00,1.1080e+00,1.1122e+00,1.0828e+00,1.0536e+00,1.0458e+00,1.0572e+00,1.0716e+00,1.0664e+00,1.0324e+00,9.8991e-01,9.5325e-01,8.9423e-01,8.3538e-01,7.9720e-01,7.8062e-01,8.2772e-01,9.3006e-01,1.0421e+00,1.1449e+00,1.2385e+00,1.3256e+00,1.4063e+00,1.4793e+00,1.5428e+00,1.5949e+00,1.6381e+00,1.6792e+00,1.7227e+00,1.7645e+00,1.7937e+00,1.7994e+00,1.7770e+00,1.7276e+00,1.6555e+00,1.5669e+00,1.4681e+00,1.3652e+00,1.2626e+00,1.1638e+00,1.0710e+00,9.8642e-01,9.1242e-01,8.5161e-01,8.0659e-01,7.8013e-01,7.7637e-01,8.0233e-01,8.6533e-01,9.6667e-01,1.0983e+00,1.2376e+00,1.3378e+00,1.3492e+00,1.2749e+00,1.1607e+00,1.0410e+00,9.4505e-01,8.9990e-01,9.0671e-01,9.5119e-01,1.0077e+00,1.0340e+00,9.8630e-01,8.6371e-01,7.0558e-01,5.7083e-01,4.9007e-01,4.8780e-01,5.8113e-01,6.7316e-01,7.5982e-01,7.4158e-01,6.0581e-01,4.5858e-01,3.3902e-01,2.4403e-01,1.5699e-01,6.3007e-02,-3.7514e-02,-1.2578e-01,-1.7699e-01,-1.7729e-01,-1.2715e-01,-2.3725e-02,9.3919e-02,1.4238e-01,9.3639e-02,-7.6095e-03,-8.8695e-02,-1.2760e-01,-1.4281e-01,-1.1976e-01,-3.5045e-02
5.2470e-02,8.1960e-01,1.1642e+00,1.1845e+00,1.1212e+00,1.0983e+00,1.1148e+00,1.1482e+00,1.1561e+00,1.1237e+00,1.0907e+00,1.0801e+00,1.0889e+00,1.1001e+00,1.0908e+00,1.0522e+00,1.0060e+00,9.6906e-01,9.1214e-01,8.5436e-01,8.1654e-01,8.0170e-01,8.5495e-01,9.6455e-01,1.0815e+00,1.1866e+00,1.2804e+00,1.3665e+00,1.4456e+00,1.5172e+00,1.5797e+00,1.6310e+00,1.6722e+00,1.7100e+00,1.7506e+00,1.7923e+00,1.8251e+00,1.8374e+00,1.8229e+00,1.7814e+00,1.7168e+00,1.6343e+00,1.5399e+00,1.4390e+00,1.3361e+00,1.2344e+00,1.1366e+00,1.0449e+00,9.6215e-01,8.9154e-01,8.3621e-01,7.9907e-01,7.8335e-01,7.9446e-01,8.4047e-01,9.2672e-01,1.0497e+00,1.1935e+00,1.3211e+00,1.3764e+00,1.3341e+00,1.2295e+00,1.1062e+00,9.9521e-01,9.2812e-01,9.1662e-01,9.5038e-01,1.0084e+00,1.0534e+00,1.0333e+00,9.3418e-01,7.8380e-01,6.3855e-01,5.3744e-01,5.0430e-01,5.7307e-01,6.7548e-01,7.6535e-01,7.9549e-01,6.8425e-01,5.3377e-01,4.0279e-01,2.9801e-01,2.0619e-01,1.1090e-01,7.2053e-03,-9.0590e-02,-1.5756e-01,-1.7535e-01,-1.4101e-01,-5.0884e-02,7.1591e-02,1.4426e-01,1.2117e-01,2.7189e-02,-6.7300e-02,-1.1833e-01,-1.3999e-01,-1.3446e-01,-7.1844e-02
5.5845e-02,8.2605e-01,1.1896e+00,1.2201e+00,1.1531e+00,1.1269e+00,1.1471e+00,1.1880e+00,1.1992e+00,1.1638e+00,1.1272e+00,1.1138e+00,1.1201e+00,1.1284e+00,1.1153e+00,1.0722e+00,1.0223e+00,9.8471e-01,9.2980e-01,8.7307e-01,8.3565e-01,8.2260e-01,8.8181e-01,9.9829e-01,1.1199e+00,1.2271e+00,1.3212e+00,1.4063e+00,1.4841e+00,1.5543e+00,1.6161e+00,1.6668e+00,1.7065e+00,1.7412e+00,1.7784e+00,1.8189e+00,1.8543e+00,1.8725e+00,1.8655e+00,1.8319e+00,1.7747e+00,1.6988e+00,1.6094e+00,1.5117e+00,1.4099e+00,1.3071e+00,1.2059e+00,1.1085e+00,1.0180e+00,9.3785e-01,8.7203e-01,8.2398e-01,7.9677e-01,7.9434e-01,8.2366e-01,8.9267e-01,1.0028e+00,1.1439e+00,1.2884e+00,1.3838e+00,1.3825e+00,1.2969e+00,1.1748e+00,1.0528e+00,9.6472e-01,9.3236e-01,9.5145e-01,1.0060e+00,1.0633e+00,1.0707e+00,9.9737e-01,8.6066e-01,7.1112e-01,5.9355e-01,5.3311e-01,5.6886e-01,6.7356e-01,7.6512e-01,8.3441e-01,7.5905e-01,6.1238e-01,4.7177e-01,3.5634e-01,2.5810e-01,1.6080e-01,5.4940e-02,-5.0506e-02,-1.3196e-01,-1.6756e-01,-1.5006e-01,-7.5614e-02,4.5548e-02,1.3851e-01,1.4244e-01,6.3187e-02,-3.9746e-02,-1.0587e-01,-1.3439e-01,-1.4088e-01,-1.0173e-01
5.8692e-02,8.3164e-01,1.2147e+00,1.2567e+00,1.1869e+00,1.1570e+00,1.1799e+00,1.2271e+00,1.2413e+00,1.2031e+00,1.1630e+00,1.1470e+00,1.1509e+00,1.1565e+00,1.1398e+00,1.0924e+00,1.0386e+00,1.0002e+00,9.4723e-01,8.9150e-01,8.5453e-01,8.4328e-01,9.0819e-01,1.0311e+00,1.1570e+00,1.2664e+00,1.3609e+00,1.4452e+00,1.5216e+00,1.5908e+00,1.6519e+00,1.7023e+00,1.7409e+00,1.7729e+00,1.8064e+00,1.8447e+00,1.8815e+00,1.9048e+00,1.9049e+00,1.8790e+00,1.8292e+00,1.7601e+00,1.6764e+00,1.5828e+00,1.4833e+00,1.3808e+00,1.2778e+00,1.1764e+00,1.0794e+00,9.9056e-01,9.1435e-01,8.5508e-01,8.1632e-01,8.0130e-01,8.1515e-01,8.6613e-01,9.6009e-01,1.0926e+00,1.2441e+00,1.3712e+00,1.4153e+00,1.3594e+00,1.2451e+00,1.1167e+00,1.0101e+00,9.5519e-01,9.5643e-01,1.0021e+00,1.0655e+00,1.0979e+00,1.0521e+00,9.3389e-01,7.8605e-01,6.5682e-01,5.7351e-01,5.7403e-01,6.6712e-01,7.6440e-01,8.5704e-01,8.2663e-01,6.9254e-01,5.4565e-01,4.1945e-01,3.1327e-01,2.1281e-01,1.0533e-01,-5.9506e-03,-1.0026e-01,-1.5348e-01,-1.5373e-01,-9.6619e-02,1.7454e-02,1.2590e-01,1.5636e-01,9.7548e-02,-6.6440e-03,-8.8678e-02,-1.2676e-01,-1.4107e-01,-1.2265e-01
6.1089e-02,8.3642e-01,1.2397e+00,1.2941e+00,1.2223e+00,1.1884e+00,1.2128e+00,1.2653e+00,1.2823e+00,1.2416e+00,1.1981e+00,1.1795e+00,1.1813e+00,1.1843e+00,1.1643e+00,1.1128e+00,1.0550e+00,1.0156e+00,9.6444e-01,9.0966e-01,8.7318e-01,8.6368e-01,9.3397e-01,1.0630e+00,1.1930e+00,1.3045e+00,1.3995e+00,1.4831e+00,1.5583e+00,1.6264e+00,1.6869e+00,1.7373e+00,1.7754e+00,1.8050e+00,1.8348e+00,1.8702e+00,1.9072e+00,1.9345e+00,1.9413e+00,1.9228e+00,1.8805e+00,1.8182e+00,1.7405e+00,1.6516e+00,1.5554e+00,1.4546e+00,1.3513e+00,1.2475e+00,1.1457e+00,1.0494e+00,9.6333e-01,8.9274e-01,8.4207e-01,8.1476e-01,8.1448e-01,8.4800e-01,9.2367e-01,1.0428e+00,1.1929e+00,1.3409e+00,1.4286e+00,1.4126e+00,1.3147e+00,1.1852e+00,1.0639e+00,9.8623e-01,9.6700e-01,9.9903e-01,1.0624e+00,1.1145e+00,1.0976e+00,1.0016e+00,8.6099e-01,7.2514e-01,6.2403e-01,5.9176e-01,6.6004e-01,7.6281e-01,8.6503e-01,8.8353e-01,7.7168e-01,6.2364e-01,4.8758e-01,3.7228e-01,2.6723e-01,1.5812e-01,4.2600e-02,-6.2702e-02,-1.3284e-01,-1.5150e-01,-1.1283e-01,-1.0932e-02,1.0749e-01,1.6258e-01,1.2773e-01,3.0175e-02,-6.5480e-02,-1.1671e-01,-1.3721e-01,-1.3433e-01
6.3102e-02,8.4045e-01,1.2644e+00,1.3322e+00,1.2593e+00,1.2210e+00,1.2457e+00,1.3024e+00,1.3221e+00,1.2791e+00,1.2326e+00,1.2115e+00,1.2111e+00,1.2118e+00,1.1887e+00,1.1334e+00,1.0717e+00,1.0309e+00,9.8143e-01,9.2756e-01,8.9159e-01,8.8376e-01,9.5906e-01,1.0938e+00,1.2276e+00,1.3412e+00,1.4368e+00,1.5199e+00,1.5942e+00,1.6613e+00,1.7213e+00,1.7718e+00,1.8097e+00,1.8375e+00,1.8638e+00,1.8955e+00,1.9316e+00,1.9620e+00,1.9747e+00,1.9635e+00,1.9285e+00,1.8730e+00,1.8015e+00,1.7179e+00,1.6256e+00,1.5275e+00,1.4253e+00,1.3208e+00,1.2158e+00,1.1136e+00,1.0188e+00,9.3724e-01,8.7436e-01,8.3451e-01,8.2092e-01,8.3836e-01,8.9510e-01,9.9728e-01,1.1392e+00,1.2972e+00,1.4211e+00,1.4514e+00,1.3807e+00,1.2564e+00,1.1252e+00,1.0262e+00,9.8446e-01,9.9903e-01,1.0564e+00,1.1210e+00,1.1332e+00,1.0623e+00,9.3390e-01,7.9621e-01,6.8262e-01,6.2257e-01,6.5799e-01,7.5789e-01,8.6318e-01,9.2680e-01,8.4677e-01,7.0433e-01,5.6069e-01,4.3563e-01,3.2447e-01,2.1320e-01,9.4678e-02,-1.9650e-02,-1.0550e-01,-1.4285e-01,-1.2339e-01,-3.7810e-02,8.4504e-02,1.6134e-01,1.5186e-01,6.8060e-02,-3.5907e-02,-1.0297e-01,-1.3085e-01,-1.3820e-01
6.4813e-02,8.4377e-01,1.2888e+00,1.3707e+00,1.2975e+00,1.2545e+00,1.2784e+00,1.3384e+00,1.3606e+00,1.3157e+00,1.2663e+00,1.2429e+00,1.2405e+00,1.2391e+00,1.2132e+00,1.1541e+00,1.0885e+00,1.0461e+00,9.9821e-01,9.4520e-01,9.0976e-01,9.0347e-01,9.8337e-01,1.1234e+00,1.2609e+00,1.3766e+00,1.4730e+00,1.5558e+00,1.6293e+00,1.6955e+00,1.7550e+00,1.8057e+00,1.8437e+00,1.8704e+00,1.8933e+00,1.9212e+00,1.9553e+00,1.9875e+00,2.0055e+00,2.0012e+00,1.9733e+00,1.9247e+00,1.8594e+00,1.7813e+00,1.6936e+00,1.5989e+00,1.4989e+00,1.3950e+00,1.2887e+00,1.1824e+00,1.0804e+00,9.8866e-01,9.1358e-01,8.6074e-01,8.3396e-01,8.3664e-01,8.7522e-01,9.5824e-01,1.0867e+00,1.2452e+00,1.3944e+00,1.4713e+00,1.4387e+00,1.3282e+00,1.1925e+00,1.0753e+00,1.0099e+00,1.0042e+00,1.0497e+00,1.1195e+00,1.1580e+00,1.1149e+00,1.0031e+00,8.6789e-01,7.4688e-01,6.6523e-01,6.6606e-01,7.5095e-01,8.5679e-01,9.5422e-01,9.1473e-01,7.8566e-01,6.3826e-01,5.0372e-01,3.8505e-01,2.7061e-01,1.4985e-01,2.8454e-02,-7.1548e-02,-1.2740e-01,-1.2764e-01,-6.1428e-02,5.8339e-02,1.5328e-01,1.6891e-01,1.0418e-01,-8.6551e-04,-8.4018e-02,-1.2240e-01,-1.3653e-01
6.6300e-02,8.4645e-01,1.3127e+00,1.4094e+00,1.3366e+00,1.2885e+00,1.3107e+00,1.3730e+00,1.3977e+00,1.3514e+00,1.2993e+00,1.2737e+00,1.2694e+00,1.2660e+00,1.2376e+00,1.1751e+00,1.1055e+00,1.0613e+00,1.0148e+00,9.6260e-01,9.2768e-01,9.2278e-01,1.0068e+00,1.1518e+00,1.2928e+00,1.4107e+00,1.5079e+00,1.5907e+00,1.6634e+00,1.7289e+00,1.7880e+00,1.8389e+00,1.8775e+00,1.9034e+00,1.9236e+00,1.9474e+00,1.9786e+00,2.0114e+00,2.0337e+00,2.0359e+00,2.0150e+00,1.9732e+00,1.9142e+00,1.8418e+00,1.7590e+00,1.6683e+00,1.5713e+00,1.4692e+00,1.3630e+00,1.2546e+00,1.1473e+00,1.0467e+00,9.5997e-01,8.9387e-01,8.5349e-01,8.4210e-01,8.6399e-01,9.2730e-01,1.0382e+00,1.1895e+00,1.3524e+00,1.4700e+00,1.4838e+00,1.3974e+00,1.2640e+00,1.1329e+00,1.0443e+00,1.0161e+00,1.0449e+00,1.1127e+00,1.1718e+00,1.1584e+00,1.0671e+00,9.3841e-01,8.1425e-01,7.1758e-01,6.8686e-01,7.4639e-01,8.4787e-01,9.6484e-01,9.7268e-01,8.6499e-01,7.1927e-01,5.7666e-01,4.4952e-01,3.3059e-01,2.0778e-01,8.1086e-02,-3.1193e-02,-1.0488e-01,-1.2504e-01,-8.0161e-02,3.0589e-02,1.3924e-01,1.7857e-01,1.3608e-01,3.7578e-02,-5.8760e-02,-1.1117e-01,-1.3141e-01
6.7646e-02,8.4851e-01,1.3360e+00,1.4479e+00,1.3763e+00,1.3227e+00,1.3423e+00,1.4062e+00,1.4335e+00,1.3861e+00,1.3315e+00,1.3038e+00,1.2977e+00,1.2926e+00,1.2620e+00,1.1963e+00,1.1228e+00,1.0764e+00,1.0312e+00,9.7975e-01,9.4534e-01,9.4166e-01,1.0294e+00,1.1789e+00,1.3233e+00,1.4434e+00,1.5417e+00,1.6245e+00,1.6968e+00,1.7615e+00,1.8203e+00,1.8715e+00,1.9107e+00,1.9365e+00,1.9544e+00,1.9742e+00,2.0019e+00,2.0341e+00,2.0597e+00,2.0678e+00,2.0537e+00,2.0186e+00,1.9659e+00,1.8992e+00,1.8216e+00,1.7353e+00,1.6420e+00,1.5426e+00,1.4378e+00,1.3289e+00,1.2183e+00,1.1108e+00,1.0135e+00,9.3429e-01,8.7981e-01,8.5427e-01,8.6074e-01,9.0524e-01,9.9632e-01,1.1342e+00,1.3003e+00,1.4482e+00,1.5110e+00,1.4602e+00,1.3373e+00,1.1979e+00,1.0880e+00,1.0359e+00,1.0445e+00,1.1034e+00,1.1749e+00,1.1920e+00,1.1247e+00,1.0064e+00,8.8247e-01,7.7688e-01,7.2035e-01,7.4907e-01,8.3758e-01,9.6040e-01,1.0180e+00,9.3937e-01,8.0201e-01,6.5420e-01,5.1832e-01,3.9352e-01,2.6828e-01,1.3772e-01,1.5188e-02,-7.5199e-02,-1.1521e-01,-9.2651e-02,3.0788e-03,1.2018e-01,1.8109e-01,1.6206e-01,7.6699e-02,-2.7173e-02,-9.5775e-02,-1.2406e-01
6.8924e-02,8.5002e-01,1.3585e+00,1.4859e+00,1.4162e+00,1.3569e+00,1.3731e+00,1.4379e+00,1.4677e+00,1.4198e+00,1.3630e+00,1.3333e+00,1.3255e+00,1.3188e+00,1.2862e+00,1.2177e+00,1.1403e+00,1.0915e+00,1.0474e+00,9.9667e-01,9.6272e-01,9.6007e-01,1.0510e+00,1.2048e+00,1.3525e+00,1.4747e+00,1.5742e+00,1.6573e+00,1.7293e+00,1.7935e+00,1.8518e+00,1.9033e+00,1.9434e+00,1.9694e+00,1.9857e+00,2.0017e+00,2.0254e+00,2.0560e+00,2.0838e+00,2.0971e+00,2.0895e+00,2.0610e+00,2.0145e+00,1.9536e+00,1.8813e+00,1.7997e+00,1.7105e+00,1.6145e+00,1.5121e+00,1.4041e+00,1.2922e+00,1.1799e+00,1.0738e+00,9.8221e-01,9.1337e-01,8.7314e-01,8.6475e-01,8.9195e-01,9.6266e-01,1.0828e+00,1.2431e+00,1.4091e+00,1.5170e+00,1.5117e+00,1.4095e+00,1.2685e+00,1.1410e+00,1.0645e+00,1.0506e+00,1.0944e+00,1.1698e+00,1.2144e+00,1.1747e+00,1.0708e+00,9.4982e-01,8.4022e-01,7.6481e-01,7.6260e-01,8.2999e-01,9.4543e-01,1.0477e+00,1.0060e+00,8.8414e-01,7.3559e-01,5.9171e-01,4.5986e-01,3.3134e-01,1.9786e-01,6.7124e-02,-3.8428e-02,-9.7848e-02,-9.7853e-02,-2.2172e-02,9.7183e-02,1.7704e-01,1.8120e-01,1.1374e-01,9.5077e-03,-7.4779e-02,-1.1449e-01
7.0206e-02,8.5101e-01,1.3801e+00,1.5231e+00,1.4559e+00,1.3909e+00,1.4031e+00,1.4680e+00,1.5006e+00,1.4525e+00,1.3938e+00,1.3621e+00,1.3527e+00,1.3446e+00,1.3104e+00,1.2393e+00,1.1581e+00,1.1067e+00,1.0635e+00,1.0133e+00,9.7983e-01,9.7799e-01,1.0716e+00,1.2294e+00,1.3802e+00,1.5046e+00,1.6055e+00,1.6891e+00,1.7609e+00,1.8246e+00,1.8827e+00,1.9344e+00,1.9755e+00,2.0022e+00,2.0173e+00,2.0301e+00,2.0495e+00,2.0775e+00,2.1063e+00,2.1240e+00,2.1225e+00,2.1004e+00,2.0601e+00,2.0050e+00,1.9380e+00,1.8613e+00,1.7765e+00,1.6843e+00,1.5852e+00,1.4793e+00,1.3677e+00,1.2528e+00,1.1400e+00,1.0375e+00,9.5458e-01,8.9910e-01,8.7558e-01,8.8672e-01,9.3800e-01,1.0379e+00,1.1854e+00,1.3579e+00,1.5014e+00,1.5467e+00,1.4768e+00,1.3425e+00,1.2025e+00,1.1026e+00,1.0645e+00,1.0885e+00,1.1595e+00,1.2253e+00,1.2159e+00,1.1305e+00,1.0151e+00,9.0497e-01,8.1762e-01,7.8824e-01,8.2977e-01,9.2556e-01,1.0585e+00,1.0622e+00,9.6280e-01,8.1942e-01,6.6961e-01,5.3007e-01,3.9713e-01,2.6109e-01,1.2406e-01,5.1931e-03,-7.2827e-02,-9.5065e-02,-4.3042e-02,7.1556e-02,1.6712e-01,1.9332e-01,1.4643e-01,4.9021e-02,-4.7411e-02,-1.0175e-01
7.1543e-02,8.5154e-01,1.4004e+00,1.5593e+00,1.4952e+00,1.4244e+00,1.4320e+00,1.4966e+00,1.5319e+00,1.4842e+00,1.4237e+00,1.3902e+00,1.3794e+00,1.3701e+00,1.3345e+00,1.2610e+00,1.1762e+00,1.1219e+00,1.0794e+00,1.0298e+00,9.9665e-01,9.9542e-01,1.0913e+00,1.2526e+00,1.4064e+00,1.5332e+00,1.6356e+00,1.7199e+00,1.7916e+00,1.8551e+00,1.9128e+00,1.9648e+00,2.0068e+00,2.0345e+00,2.0492e+00,2.0591e+00,2.0742e+00,2.0989e+00,2.1275e+00,2.1487e+00,2.1529e+00,2.1370e+00,2.1028e+00,2.0534e+00,1.9918e+00,1.9200e+00,1.8398e+00,1.7518e+00,1.6564e+00,1.5536e+00,1.4437e+00,1.3282e+00,1.2111e+00,1.0996e+00,1.0036e+00,9.3265e-01,8.9334e-01,8.8881e-01,9.2221e-01,1.0011e+00,1.1310e+00,1.2999e+00,1.4666e+00,1.5611e+00,1.5347e+00,1.4169e+00,1.2710e+00,1.1503e+00,1.0872e+00,1.0884e+00,1.1473e+00,1.2251e+00,1.2472e+00,1.1845e+00,1.0777e+00,9.6905e-01,8.7577e-01,8.2506e-01,8.3987e-01,9.0786e-01,1.0488e+00,1.1055e+00,1.0349e+00,9.0359e-01,7.5148e-01,6.0447e-01,4.6594e-01,3.2716e-01,1.8540e-01,5.5271e-02,-4.0153e-02,-8.3910e-02,-5.7521e-02,4.4925e-02,1.5208e-01,1.9868e-01,1.7327e-01,8.8636e-02,-1.4033e-02,-8.4425e-02
7.2975e-02,8.5162e-01,1.4195e+00,1.5942e+00,1.5339e+00,1.4574e+00,1.4598e+00,1.5237e+00,1.5616e+00,1.5148e+00,1.4529e+00,1.4176e+00,1.4054e+00,1.3951e+00,1.3584e+00,1.2829e+00,1.1946e+00,1.1372e+00,1.0951e+00,1.0460e+00,1.0132e+00,1.0123e+00,1.1099e+00,1.2745e+00,1.4313e+00,1.5604e+00,1.6644e+00,1.7496e+00,1.8215e+00,1.8848e+00,1.9423e+00,1.9944e+00,2.0374e+00,2.0663e+00,2.0811e+00,2.0888e+00,2.0998e+00,2.1204e+00,2.1479e+00,2.1715e+00,2.1808e+00,2.1709e+00,2.1427e+00,2.0990e+00,2.0426e+00,1.9759e+00,1.9003e+00,1.8167e+00,1.7254e+00,1.6263e+00,1.5191e+00,1.4046e+00,1.2856e+00,1.1676e+00,1.0602e+00,9.7419e-01,9.1847e-01,8.9786e-01,9.1455e-01,9.7348e-01,1.0828e+00,1.2401e+00,1.4174e+00,1.5530e+00,1.5777e+00,1.4883e+00,1.3444e+00,1.2073e+00,1.1194e+00,1.0960e+00,1.1366e+00,1.2165e+00,1.2672e+00,1.2315e+00,1.1369e+00,1.0312e+00,9.3633e-01,8.7087e-01,8.6133e-01,9.0020e-01,1.0219e+00,1.1322e+00,1.0977e+00,9.8536e-01,8.3616e-01,6.8308e-01,5.3815e-01,3.9597e-01,2.5060e-01,1.1130e-01,1.7792e-05,-6.4258e-02,-6.3954e-02,1.9333e-02,1.3275e-01,1.9783e-01,1.9353e-01,1.2576e-01,2.3806e-02,-6.1297e-02
7.4515e-02,8.5130e-01,1.4370e+00,1.6277e+00,1.5717e+00,1.4896e+00,1.4866e+00,1.5492e+00,1.5899e+00,1.5444e+00,1.4813e+00,1.4444e+00,1.4308e+00,1.4196e+00,1.3822e+00,1.3050e+00,1.2133e+00,1.1526e+00,1.1108e+00,1.0620e+00,1.0294e+00,1.0287e+00,1.1274e+00,1.2951e+00,1.4548e+00,1.5862e+00,1.6920e+00,1.7782e+00,1.8505e+00,1.9137e+00,1.9710e+00,2.0233e+00,2.0673e+00,2.0975e+00,2.1128e+00,2.1189e+00,2.1262e+00,2.1425e+00,2.1677e+00,2.1927e+00,2.2063e+00,2.2022e+00,2.1798e+00,2.1417e+00,2.0906e+00,2.0288e+00,1.9579e+00,1.8789e+00,1.7919e+00,1.6968e+00,1.5932e+00,1.4811e+00,1.3621e+00,1.2402e+00,1.1238e+00,1.0239e+00,9.5152e-01,9.1404e-01,9.1430e-01,9.5477e-01,1.0427e+00,1.1828e+00,1.3594e+00,1.5240e+00,1.6011e+00,1.5521e+00,1.4202e+00,1.2725e+00,1.1615e+00,1.1125e+00,1.1303e+00,1.2030e+00,1.2752e+00,1.2703e+00,1.1921e+00,1.0909e+00,9.9685e-01,9.2290e-01,8.9339e-01,9.0670e-01,9.8832e-01,1.1377e+00,1.1483e+00,1.0615e+00,9.2176e-01,7.6551e-01,6.1402e-01,4.6757e-01,3.1916e-01,1.7269e-01,4.7381e-02,-3.6186e-02,-6.1212e-02,-2.7949e-03,1.1011e-01,1.9141e-01,2.0714e-01,1.5835e-01,6.3712e-02,-3.1980e-02
7.6143e-02,8.5060e-01,1.4529e+00,1.6596e+00,1.6086e+00,1.5211e+00,1.5123e+00,1.5732e+00,1.6166e+00,1.5729e+00,1.5089e+00,1.4705e+00,1.4556e+00,1.4437e+00,1.4057e+00,1.3271e+00,1.2323e+00,1.1682e+00,1.1262e+00,1.0779e+00,1.0453e+00,1.0446e+00,1.1440e+00,1.3144e+00,1.4769e+00,1.6107e+00,1.7184e+00,1.8058e+00,1.8786e+00,1.9419e+00,1.9991e+00,2.0515e+00,2.0963e+00,2.1281e+00,2.1443e+00,2.1494e+00,2.1534e+00,2.1653e+00,2.1874e+00,2.2126e+00,2.2297e+00,2.2309e+00,2.2143e+00,2.1816e+00,2.1358e+00,2.0789e+00,2.0128e+00,1.9382e+00,1.8557e+00,1.7649e+00,1.6654e+00,1.5566e+00,1.4393e+00,1.3160e+00,1.1932e+00,1.0813e+00,9.9290e-01,9.3785e-01,9.2113e-01,9.4427e-01,1.0117e+00,1.1311e+00,1.2980e+00,1.4782e+00,1.6019e+00,1.6031e+00,1.4947e+00,1.3442e+00,1.2132e+00,1.1387e+00,1.1311e+00,1.1885e+00,1.2718e+00,1.2993e+00,1.2423e+00,1.1478e+00,1.0557e+00,9.7832e-01,9.3406e-01,9.2706e-01,9.6279e-01,1.1179e+00,1.1838e+00,1.1287e+00,1.0057e+00,8.5076e-01,6.9362e-01,5.4215e-01,3.9074e-01,2.3879e-01,1.0150e-01,8.5890e-05,-4.8751e-02,-1.8868e-02,8.5487e-02,1.8004e-01,2.1443e-01,1.8517e-01,1.0305e-01,2.7647e-03
7.7817e-02,8.4952e-01,1.4671e+00,1.6899e+00,1.6445e+00,1.5519e+00,1.5370e+00,1.5957e+00,1.6419e+00,1.6003e+00,1.5357e+00,1.4959e+00,1.4798e+00,1.4673e+00,1.4290e+00,1.3493e+00,1.2515e+00,1.1839e+00,1.1416e+00,1.0935e+00,1.0609e+00,1.0600e+00,1.1595e+00,1.3324e+00,1.4977e+00,1.6339e+00,1.7435e+00,1.8323e+00,1.9059e+00,1.9693e+00,2.0264e+00,2.0790e+00,2.1246e+00,2.1579e+00,2.1753e+00,2.1801e+00,2.1813e+00,2.1888e+00,2.2072e+00,2.2316e+00,2.2513e+00,2.2573e+00,2.2462e+00,2.2190e+00,2.1782e+00,2.1263e+00,2.0648e+00,1.9948e+00,1.9167e+00,1.8303e+00,1.7352e+00,1.6305e+00,1.5161e+00,1.3934e+00,1.2670e+00,1.1459e+00,1.0427e+00,9.6988e-01,9.3525e-01,9.4126e-01,9.8966e-01,1.0874e+00,1.2379e+00,1.4212e+00,1.5802e+00,1.6360e+00,1.5639e+00,1.4200e+00,1.2741e+00,1.1748e+00,1.1409e+00,1.1766e+00,1.2599e+00,1.3168e+00,1.2862e+00,1.2018e+00,1.1120e+00,1.0345e+00,9.8085e-01,9.5874e-01,9.5700e-01,1.0761e+00,1.2006e+00,1.1837e+00,1.0846e+00,9.3714e-01,7.7663e-01,6.1984e-01,4.6510e-01,3.0897e-01,1.6182e-01,4.4215e-02,-2.6557e-02,-2.6497e-02,6.0764e-02,1.6430e-01,2.1595e-01,2.0568e-01,1.3943e-01,4.1128e-02
7.9475e-02,8.4806e-01,1.4795e+00,1.7184e+00,1.6793e+00,1.5819e+00,1.5606e+00,1.6169e+00,1.6656e+00,1.6267e+00,1.5618e+00,1.5205e+00,1.5033e+00,1.4903e+00,1.4520e+00,1.3716e+00,1.2711e+00,1.1998e+00,1.1569e+00,1.1089e+00,1.0762e+00,1.0749e+00,1.1741e+00,1.3492e+00,1.5171e+00,1.6557e+00,1.7674e+00,1.8577e+00,1.9322e+00,1.9959e+00,2.0531e+00,2.1057e+00,2.1521e+00,2.1868e+00,2.2058e+00,2.2107e+00,2.2098e+00,2.2133e+00,2.2275e+00,2.2500e+00,2.2713e+00,2.2815e+00,2.2756e+00,2.2537e+00,2.2180e+00,2.1709e+00,2.1141e+00,2.0486e+00,1.9749e+00,1.8930e+00,1.8024e+00,1.7021e+00,1.5916e+00,1.4712e+00,1.3437e+00,1.2163e+00,1.1006e+00,1.0106e+00,9.5723e-01,9.4544e-01,9.7594e-01,1.0526e+00,1.1828e+00,1.3589e+00,1.5394e+00,1.6467e+00,1.6225e+00,1.4966e+00,1.3428e+00,1.2209e+00,1.1606e+00,1.1705e+00,1.2436e+00,1.3219e+00,1.3224e+00,1.2524e+00,1.1658e+00,1.0896e+00,1.0312e+00,9.9857e-01,9.7323e-01,1.0284e+00,1.1932e+00,1.2236e+00,1.1549e+00,1.0221e+00,8.6215e-01,7.0063e-01,5.4214e-01,3.8265e-01,2.2768e-01,9.5756e-02,5.0161e-03,-2.3893e-02,3.8439e-02,1.4493e-01,2.1230e-01,2.1993e-01,1.7114e-01,8.0688e-02
8.1020e-02,8.4619e-01,1.4900e+00,1.7452e+00,1.7130e+00,1.6111e+00,1.5833e+00,1.6367e+00,1.6879e+00,1.6519e+00,1.5870e+00,1.5445e+00,1.5262e+00,1.5128e+00,1.4747e+00,1.3939e+00,1.2909e+00,1.2158e+00,1.1721e+00,1.1242e+00,1.0912e+00,1.0894e+00,1.1877e+00,1.3646e+00,1.5352e+00,1.6762e+00,1.7901e+00,1.8821e+00,1.9575e+00,2.0218e+00,2.0790e+00,2.1318e+00,2.1788e+00,2.2150e+00,2.2356e+00,2.2412e+00,2.2387e+00,2.2385e+00,2.2483e+00,2.2682e+00,2.2901e+00,2.3037e+00,2.3027e+00,2.2859e+00,2.2553e+00,2.2129e+00,2.1606e+00,2.0996e+00,2.0303e+00,1.9529e+00,1.8668e+00,1.7712e+00,1.6651e+00,1.5482e+00,1.4219e+00,1.2910e+00,1.1656e+00,1.0600e+00,9.8771e-01,9.5704e-01,9.6980e-01,1.0270e+00,1.1352e+00,1.2963e+00,1.4847e+00,1.6340e+00,1.6650e+00,1.5702e+00,1.4173e+00,1.2768e+00,1.1905e+00,1.1730e+00,1.2273e+00,1.3154e+00,1.3490e+00,1.2989e+00,1.2172e+00,1.1424e+00,1.0828e+00,1.0435e+00,1.0066e+00,9.9739e-01,1.1577e+00,1.2451e+00,1.2129e+00,1.1026e+00,9.4862e-01,7.8418e-01,6.2177e-01,4.5932e-01,2.9840e-01,1.5417e-01,4.5413e-02,-1.0146e-02,2.1514e-02,1.2294e-01,2.0400e-01,2.2834e-01,1.9716e-01,1.1897e-01
8.2338e-02,8.4390e-01,1.4986e+00,1.7703e+00,1.7457e+00,1.6398e+00,1.6051e+00,1.6552e+00,1.7088e+00,1.6761e+00,1.6113e+00,1.5678e+00,1.5485e+00,1.5347e+00,1.4970e+00,1.4162e+00,1.3110e+00,1.2321e+00,1.1873e+00,1.1393e+00,1.1059e+00,1.1033e+00,1.2003e+00,1.3788e+00,1.5520e+00,1.6954e+00,1.8116e+00,1.9053e+00,1.9820e+00,2.0468e+00,2.1043e+00,2.1572e+00,2.2048e+00,2.2423e+00,2.2647e+00,2.2713e+00,2.2680e+00,2.2645e+00,2.2699e+00,2.2864e+00,2.3079e+00,2.3241e+00,2.3275e+00,2.3158e+00,2.2901e+00,2.2524e+00,2.2046e+00,2.1479e+00,2.0830e+00,2.0099e+00,1.9284e+00,1.8375e+00,1.7362e+00,1.6237e+00,1.5001e+00,1.3685e+00,1.2366e+00,1.1177e+00,1.0271e+00,9.7669e-01,9.7091e-01,1.0097e+00,1.0964e+00,1.2378e+00,1.4223e+00,1.5999e+00,1.6864e+00,1.6356e+00,1.4947e+00,1.3414e+00,1.2308e+00,1.1855e+00,1.2148e+00,1.3005e+00,1.3640e+00,1.3398e+00,1.2662e+00,1.1926e+00,1.1337e+00,1.0911e+00,1.0504e+00,9.9706e-01,1.0998e+00,1.2444e+00,1.2553e+00,1.1747e+00,1.0337e+00,8.6964e-01,7.0381e-01,5.3858e-01,3.7322e-01,2.1884e-01,9.3981e-02,1.4772e-02,1.3083e-02,9.9946e-02,1.9149e-01,2.3147e-01,2.1719e-01,1.5388e-01
8.3309e-02,8.4112e-01,1.5054e+00,1.7937e+00,1.7773e+00,1.6678e+00,1.6262e+00,1.6726e+00,1.7283e+00,1.6992e+00,1.6349e+00,1.5904e+00,1.5700e+00,1.5561e+00,1.5189e+00,1.4383e+00,1.3313e+00,1.2487e+00,1.2024e+00,1.1543e+00,1.1203e+00,1.1169e+00,1.2121e+00,1.3918e+00,1.5675e+00,1.7134e+00,1.8318e+00,1.9275e+00,2.0055e+00,2.0711e+00,2.1289e+00,2.1819e+00,2.2300e+00,2.2688e+00,2.2931e+00,2.3010e+00,2.2973e+00,2.2912e+00,2.2924e+00,2.3050e+00,2.3250e+00,2.3430e+00,2.3503e+00,2.3434e+00,2.3224e+00,2.2894e+00,2.2460e+00,2.1936e+00,2.1330e+00,2.0642e+00,1.9871e+00,1.9010e+00,1.8046e+00,1.6969e+00,1.5772e+00,1.4471e+00,1.3120e+00,1.1829e+00,1.0756e+00,1.0051e+00,9.7955e-01,1.0000e+00,1.0667e+00,1.1861e+00,1.3578e+00,1.5491e+00,1.6841e+00,1.6873e+00,1.5713e+00,1.4133e+00,1.2810e+00,1.2088e+00,1.2097e+00,1.2818e+00,1.3663e+00,1.3733e+00,1.3126e+00,1.2406e+00,1.1826e+00,1.1393e+00,1.0990e+00,1.0262e+00,1.0413e+00,1.2175e+00,1.2790e+00,1.2346e+00,1.1143e+00,9.5554e-01,7.8780e-01,6.2001e-01,4.5141e-01,2.8901e-01,1.5004e-01,5.0211e-02,1.5708e-02,7.8366e-02,1.7526e-01,2.2988e-01,2.3140e-01,1.8400e-01
8.3827e-02,8.3781e-01,1.5103e+00,1.8154e+00,1.8078e+00,1.6952e+00,1.6465e+00,1.6889e+00,1.7464e+00,1.7211e+00,1.6576e+00,1.6123e+00,1.5909e+00,1.5768e+00,1.5405e+00,1.4604e+00,1.3519e+00,1.2654e+00,1.2175e+00,1.1692e+00,1.1345e+00,1.1300e+00,1.2229e+00,1.4037e+00,1.5818e+00,1.7301e+00,1.8509e+00,1.9486e+00,2.0281e+00,2.0945e+00,2.1527e+00,2.2059e+00,2.2544e+00,2.2945e+00,2.3206e+00,2.3301e+00,2.3266e+00,2.3185e+00,2.3156e+00,2.3241e+00,2.3419e+00,2.3606e+00,2.3713e+00,2.3687e+00,2.3525e+00,2.3240e+00,2.2850e+00,2.2368e+00,2.1803e+00,2.1158e+00,2.0431e+00,1.9615e+00,1.8701e+00,1.7675e+00,1.6526e+00,1.5256e+00,1.3900e+00,1.2541e+00,1.1327e+00,1.0427e+00,9.9636e-01,9.9771e-01,1.0455e+00,1.1430e+00,1.2960e+00,1.4878e+00,1.6585e+00,1.7199e+00,1.6425e+00,1.4900e+00,1.3408e+00,1.2428e+00,1.2143e+00,1.2642e+00,1.3568e+00,1.3974e+00,1.3555e+00,1.2867e+00,1.2291e+00,1.1866e+00,1.1486e+00,1.0748e+00,1.0101e+00,1.1630e+00,1.2809e+00,1.2787e+00,1.1868e+00,1.0397e+00,8.7285e-01,7.0316e-01,5.3225e-01,3.6390e-01,2.1287e-01,9.5158e-02,3.0864e-02,6.1435e-02,1.5606e-01,2.2401e-01,2.4027e-01,2.0862e-01
8.3784e-02,8.3392e-01,1.5134e+00,1.8354e+00,1.8373e+00,1.7222e+00,1.6662e+00,1.7042e+00,1.7632e+00,1.7420e+00,1.6795e+00,1.6335e+00,1.6112e+00,1.5969e+00,1.5615e+00,1.4823e+00,1.3726e+00,1.2824e+00,1.2325e+00,1.1839e+00,1.1483e+00,1.1427e+00,1.2330e+00,1.4143e+00,1.5948e+00,1.7456e+00,1.8687e+00,1.9686e+00,2.0497e+00,2.1172e+00,2.1759e+00,2.2293e+00,2.2782e+00,2.3194e+00,2.3472e+00,2.3586e+00,2.3556e+00,2.3461e+00,2.3397e+00,2.3438e+00,2.3587e+00,2.3773e+00,2.3905e+00,2.3920e+00,2.3803e+00,2.3562e+00,2.3215e+00,2.2776e+00,2.2251e+00,2.1647e+00,2.0962e+00,2.0192e+00,1.9326e+00,1.8352e+00,1.7255e+00,1.6029e+00,1.4690e+00,1.3297e+00,1.1975e+00,1.0897e+00,1.0221e+00,1.0030e+00,1.0321e+00,1.1091e+00,1.2402e+00,1.4221e+00,1.6134e+00,1.7291e+00,1.7027e+00,1.5682e+00,1.4089e+00,1.2872e+00,1.2301e+00,1.2518e+00,1.3390e+00,1.4097e+00,1.3934e+00,1.3312e+00,1.2732e+00,1.2319e+00,1.1972e+00,1.1318e+00,1.0198e+00,1.0910e+00,1.2581e+00,1.3038e+00,1.2474e+00,1.1192e+00,9.5755e-01,7.8737e-01,6.1502e-01,4.4259e-01,2.8170e-01,1.4851e-01,5.8715e-02,5.2822e-02,1.3523e-01,2.1419e-01,2.4436e-01,2.2760e-01
8.3104e-02,8.2938e-01,1.5148e+00,1.8537e+00,1.8658e+00,1.7489e+00,1.6855e+00,1.7185e+00,1.7788e+00,1.7618e+00,1.7006e+00,1.6540e+00,1.6308e+00,1.6164e+00,1.5821e+00,1.5040e+00,1.3934e+00,1.2997e+00,1.2475e+00,1.1986e+00,1.1619e+00,1.1550e+00,1.2422e+00,1.4238e+00,1.6067e+00,1.7598e+00,1.8854e+00,1.9875e+00,2.0703e+00,2.1390e+00,2.1983e+00,2.2520e+00,2.3013e+00,2.3434e+00,2.3730e+00,2.3863e+00,2.3844e+00,2.3739e+00,2.3645e+00,2.3644e+00,2.3757e+00,2.3933e+00,2.4083e+00,2.4134e+00,2.4060e+00,2.3863e+00,2.3558e+00,2.3159e+00,2.2675e+00,2.2111e+00,2.1468e+00,2.0741e+00,1.9922e+00,1.8999e+00,1.7956e+00,1.6782e+00,1.5478e+00,1.4081e+00,1.2686e+00,1.1456e+00,1.0573e+00,1.0165e+00,1.0260e+00,1.0837e+00,1.1926e+00,1.3573e+00,1.5547e+00,1.7138e+00,1.7461e+00,1.6437e+00,1.4835e+00,1.3416e+00,1.2573e+00,1.2482e+00,1.3182e+00,1.4090e+00,1.4242e+00,1.3737e+00,1.3157e+00,1.2747e+00,1.2433e+00,1.1896e+00,1.0645e+00,1.0281e+00,1.2087e+00,1.3073e+00,1.2923e+00,1.1908e+00,1.0399e+00,8.7166e-01,6.9891e-01,5.2413e-01,3.5569e-01,2.0921e-01,9.8312e-02,5.5885e-02,1.1503e-01,2.0073e-01,2.4420e-01,2.4124e-01
