-5.6752e-03,-5.4234e-03,-5.3785e-03,-5.4705e-03,-5.6354e-03,-5.8202e-03,-5.9856e-03,-6.1066e-03,-6.1716e-03,-6.1793e-03,-6.1360e-03,-6.0516e-03,-5.9375e-03,-5.8047e-03,-5.6623e-03,-5.5173e-03,-5.3747e-03,-5.2375e-03,-5.1072e-03,-4.9844e-03,-4.8687e-03,-4.7596e-03,-4.6562e-03,-4.5577e-03,-4.4633e-03,-4.3725e-03,-4.2846e-03,-4.1993e-03,-4.1163e-03,-4.0355e-03,-3.9569e-03,-3.8805e-03,-3.8063e-03,-3.7345e-03,-3.6652e-03,-3.5987e-03,-3.5351e-03,-3.4746e-03,-3.4174e-03,-3.3637e-03,-3.3138e-03,-3.2677e-03,-3.2257e-03,-3.1880e-03,-3.1544e-03,-3.1253e-03,-3.1005e-03,-3.0801e-03,-3.0639e-03,-3.0520e-03,-3.0440e-03,-3.0398e-03,-3.0390e-03,-3.0414e-03,-3.0465e-03,-3.0540e-03,-3.0635e-03,-3.0743e-03,-3.0860e-03,-3.0981e-03,-3.1102e-03,-3.1217e-03,-3.1323e-03,-3.1414e-03,-3.1487e-03,-3.1539e-03,-3.1567e-03,-3.1570e-03,-3.1546e-03,-3.1496e-03,-3.1421e-03,-3.1321e-03,-3.1199e-03,-3.1058e-03,-3.0904e-03,-3.0740e-03,-3.0573e-03,-3.0409e-03,-3.0255e-03,-3.0119e-03,-3.0007e-03,-2.9929e-03,-2.9892e-03,-2.9905e-03,-2.9975e-03,-3.0112e-03,-3.0321e-03,-3.0611e-03,-3.0987e-03,-3.1456e-03,-3.2021e-03,-3.2688e-03,-3.3459e-03,-3.4336e-03,-3.5318e-03,-3.6407e-03,-3.7600e-03,-3.8894e-03,-4.0283e-03,-4.1763e-03
-4.8868e-03,-4.4054e-03,-4.1900e-03,-4.1706e-03,-4.2781e-03,-4.4505e-03,-4.6370e-03,-4.8009e-03,-4.9199e-03,-4.9842e-03,-4.9942e-03,-4.9568e-03,-4.8822e-03,-4.7817e-03,-4.6657e-03,-4.5428e-03,-4.4193e-03,-4.2994e-03,-4.1857e-03,-4.0791e-03,-3.9799e-03,-3.8875e-03,-3.8011e-03,-3.7197e-03,-3.6424e-03,-3.5684e-03,-3.4969e-03,-3.4274e-03,-3.3596e-03,-3.2931e-03,-3.2279e-03,-3.1639e-03,-3.1011e-03,-3.0398e-03,-2.9799e-03,-2.9217e-03,-2.8655e-03,-2.8114e-03,-2.7597e-03,-2.7106e-03,-2.6644e-03,-2.6212e-03,-2.5812e-03,-2.5447e-03,-2.5119e-03,-2.4827e-03,-2.4573e-03,-2.4357e-03,-2.4179e-03,-2.4039e-03,-2.3935e-03,-2.3866e-03,-2.3829e-03,-2.3822e-03,-2.3841e-03,-2.3883e-03,-2.3944e-03,-2.4021e-03,-2.4107e-03,-2.4200e-03,-2.4294e-03,-2.4385e-03,-2.4470e-03,-2.4543e-03,-2.4603e-03,-2.4646e-03,-2.4669e-03,-2.4671e-03,-2.4651e-03,-2.4610e-03,-2.4546e-03,-2.4464e-03,-2.4363e-03,-2.4248e-03,-2.4123e-03,-2.3992e-03,-2.3861e-03,-2.3737e-03,-2.3624e-03,-2.3531e-03,-2.3465e-03,-2.3433e-03,-2.3443e-03,-2.3503e-03,-2.3621e-03,-2.3804e-03,-2.4058e-03,-2.4390e-03,-2.4805e-03,-2.5310e-03,-2.5907e-03,-2.6600e-03,-2.7392e-03,-2.8283e-03,-2.9274e-03,-3.0362e-03,-3.1545e-03,-3.2819e-03,-3.4180e-03,-3.5619e-03
-4.1842e-03,-3.4296e-03,-2.9962e-03,-2.8184e-03,-2.8264e-03,-2.9523e-03,-3.1360e-03,-3.3290e-03,-3.4971e-03,-3.6203e-03,-3.6908e-03,-3.7099e-03,-3.6853e-03,-3.6273e-03,-3.5469e-03,-3.4540e-03,-3.3565e-03,-3.2600e-03,-3.1682e-03,-3.0831e-03,-3.0052e-03,-2.9344e-03,-2.8697e-03,-2.8103e-03,-2.7551e-03,-2.7029e-03,-2.6530e-03,-2.6045e-03,-2.5569e-03,-2.5099e-03,-2.4632e-03,-2.4166e-03,-2.3702e-03,-2.3241e-03,-2.2783e-03,-2.2331e-03,-2.1887e-03,-2.1454e-03,-2.1034e-03,-2.0629e-03,-2.0243e-03,-1.9879e-03,-1.9538e-03,-1.9223e-03,-1.8936e-03,-1.8679e-03,-1.8453e-03,-1.8258e-03,-1.8096e-03,-1.7966e-03,-1.7868e-03,-1.7800e-03,-1.7762e-03,-1.7750e-03,-1.7763e-03,-1.7797e-03,-1.7850e-03,-1.7916e-03,-1.7994e-03,-1.8078e-03,-1.8165e-03,-1.8251e-03,-1.8332e-03,-1.8404e-03,-1.8465e-03,-1.8511e-03,-1.8542e-03,-1.8554e-03,-1.8548e-03,-1.8523e-03,-1.8481e-03,-1.8421e-03,-1.8347e-03,-1.8262e-03,-1.8169e-03,-1.8073e-03,-1.7979e-03,-1.7893e-03,-1.7820e-03,-1.7768e-03,-1.7744e-03,-1.7754e-03,-1.7806e-03,-1.7906e-03,-1.8063e-03,-1.8282e-03,-1.8569e-03,-1.8932e-03,-1.9374e-03,-1.9899e-03,-2.0512e-03,-2.1216e-03,-2.2010e-03,-2.2897e-03,-2.3875e-03,-2.4940e-03,-2.6092e-03,-2.7323e-03,-2.8629e-03,-3.0002e-03
-3.5920e-03,-2.5279e-03,-1.8326e-03,-1.4490e-03,-1.3111e-03,-1.3494e-03,-1.4976e-03,-1.6973e-03,-1.9025e-03,-2.0812e-03,-2.2156e-03,-2.2993e-03,-2.3348e-03,-2.3301e-03,-2.2957e-03,-2.2421e-03,-2.1786e-03,-2.1125e-03,-2.0488e-03,-1.9906e-03,-1.9392e-03,-1.8948e-03,-1.8570e-03,-1.8247e-03,-1.7966e-03,-1.7716e-03,-1.7485e-03,-1.7264e-03,-1.7045e-03,-1.6823e-03,-1.6595e-03,-1.6357e-03,-1.6108e-03,-1.5850e-03,-1.5584e-03,-1.5311e-03,-1.5033e-03,-1.4753e-03,-1.4475e-03,-1.4201e-03,-1.3934e-03,-1.3679e-03,-1.3437e-03,-1.3211e-03,-1.3004e-03,-1.2819e-03,-1.2656e-03,-1.2518e-03,-1.2405e-03,-1.2319e-03,-1.2258e-03,-1.2223e-03,-1.2213e-03,-1.2226e-03,-1.2260e-03,-1.2313e-03,-1.2381e-03,-1.2463e-03,-1.2554e-03,-1.2652e-03,-1.2752e-03,-1.2851e-03,-1.2946e-03,-1.3034e-03,-1.3112e-03,-1.3177e-03,-1.3227e-03,-1.3262e-03,-1.3280e-03,-1.3281e-03,-1.3267e-03,-1.3237e-03,-1.3195e-03,-1.3144e-03,-1.3086e-03,-1.3026e-03,-1.2969e-03,-1.2920e-03,-1.2886e-03,-1.2871e-03,-1.2884e-03,-1.2929e-03,-1.3014e-03,-1.3146e-03,-1.3331e-03,-1.3575e-03,-1.3884e-03,-1.4262e-03,-1.4715e-03,-1.5246e-03,-1.5857e-03,-1.6552e-03,-1.7329e-03,-1.8189e-03,-1.9130e-03,-2.0150e-03,-2.1244e-03,-2.2406e-03,-2.3629e-03,-2.4907e-03
-3.1266e-03,-1.7261e-03,-7.3195e-04,-9.8383e-05,2.3275e-04,3.2769e-04,2.5498e-04,7.9811e-05,-1.4155e-04,-3.6527e-04,-5.6170e-04,-7.1455e-04,-8.1901e-04,-8.7840e-04,-9.0108e-04,-8.9729e-04,-8.7720e-04,-8.4954e-04,-8.2093e-04,-7.9571e-04,-7.7640e-04,-7.6388e-04,-7.5799e-04,-7.5787e-04,-7.6222e-04,-7.6971e-04,-7.7897e-04,-7.8885e-04,-7.9831e-04,-8.0665e-04,-8.1328e-04,-8.1784e-04,-8.2014e-04,-8.2013e-04,-8.1790e-04,-8.1362e-04,-8.0753e-04,-7.9990e-04,-7.9108e-04,-7.8141e-04,-7.7123e-04,-7.6093e-04,-7.5089e-04,-7.4138e-04,-7.3276e-04,-7.2530e-04,-7.1921e-04,-7.1475e-04,-7.1207e-04,-7.1126e-04,-7.1235e-04,-7.1539e-04,-7.2038e-04,-7.2715e-04,-7.3561e-04,-7.4551e-04,-7.5675e-04,-7.6895e-04,-7.8191e-04,-7.9532e-04,-8.0882e-04,-8.2216e-04,-8.3499e-04,-8.4710e-04,-8.5814e-04,-8.6800e-04,-8.7641e-04,-8.8331e-04,-8.8862e-04,-8.9230e-04,-8.9442e-04,-8.9517e-04,-8.9468e-04,-8.9323e-04,-8.9119e-04,-8.8893e-04,-8.8688e-04,-8.8561e-04,-8.8554e-04,-8.8735e-04,-8.9161e-04,-8.9896e-04,-9.0995e-04,-9.2524e-04,-9.4541e-04,-9.7099e-04,-1.0025e-03,-1.0404e-03,-1.0851e-03,-1.1367e-03,-1.1957e-03,-1.2620e-03,-1.3357e-03,-1.4167e-03,-1.5047e-03,-1.5993e-03,-1.7001e-03,-1.8065e-03,-1.9176e-03,-2.0326e-03
-2.7943e-03,-1.0417e-03,2.7883e-04,1.1999e-03,1.7686e-03,2.0439e-03,2.0917e-03,1.9799e-03,1.7721e-03,1.5227e-03,1.2733e-03,1.0518e-03,8.7266e-04,7.3962e-04,6.4860e-04,5.9118e-04,5.5722e-04,5.3702e-04,5.2247e-04,5.0758e-04,4.8861e-04,4.6362e-04,4.3214e-04,3.9473e-04,3.5259e-04,3.0715e-04,2.5994e-04,2.1241e-04,1.6580e-04,1.2111e-04,7.9105e-05,4.0296e-05,5.0850e-06,-2.6446e-05,-5.4272e-05,-7.8594e-05,-9.9558e-05,-1.1752e-04,-1.3279e-04,-1.4579e-04,-1.5691e-04,-1.6661e-04,-1.7526e-04,-1.8325e-04,-1.9094e-04,-1.9872e-04,-2.0686e-04,-2.1566e-04,-2.2532e-04,-2.3600e-04,-2.4783e-04,-2.6087e-04,-2.7516e-04,-2.9062e-04,-3.0723e-04,-3.2479e-04,-3.4318e-04,-3.6216e-04,-3.8151e-04,-4.0098e-04,-4.2031e-04,-4.3921e-04,-4.5742e-04,-4.7470e-04,-4.9080e-04,-5.0556e-04,-5.1879e-04,-5.3039e-04,-5.4026e-04,-5.4850e-04,-5.5503e-04,-5.6008e-04,-5.6380e-04,-5.6647e-04,-5.6832e-04,-5.6977e-04,-5.7128e-04,-5.7324e-04,-5.7620e-04,-5.8068e-04,-5.8723e-04,-5.9646e-04,-6.0888e-04,-6.2507e-04,-6.4558e-04,-6.7083e-04,-7.0135e-04,-7.3743e-04,-7.7950e-04,-8.2770e-04,-8.8220e-04,-9.4309e-04,-1.0102e-03,-1.0835e-03,-1.1625e-03,-1.2469e-03,-1.3361e-03,-1.4294e-03,-1.5258e-03,-1.6247e-03
-2.5918e-03,-4.8222e-04,1.1811e-03,2.4178e-03,3.2621e-03,3.7622e-03,3.9773e-03,3.9732e-03,3.8166e-03,3.5699e-03,3.2853e-03,3.0028e-03,2.7482e-03,2.5348e-03,2.3652e-03,2.2348e-03,2.1351e-03,2.0562e-03,1.9890e-03,1.9259e-03,1.8616e-03,1.7928e-03,1.7182e-03,1.6377e-03,1.5523e-03,1.4634e-03,1.3726e-03,1.2817e-03,1.1920e-03,1.1049e-03,1.0215e-03,9.4238e-04,8.6818e-04,7.9909e-04,7.3527e-04,6.7659e-04,6.2286e-04,5.7378e-04,5.2899e-04,4.8806e-04,4.5050e-04,4.1592e-04,3.8379e-04,3.5364e-04,3.2510e-04,2.9768e-04,2.7104e-04,2.4489e-04,2.1889e-04,1.9285e-04,1.6654e-04,1.3990e-04,1.1279e-04,8.5268e-05,5.7265e-05,2.8949e-05,4.4703e-07,-2.8169e-05,-5.6628e-05,-8.4747e-05,-1.1228e-04,-1.3901e-04,-1.6475e-04,-1.8913e-04,-2.1206e-04,-2.3337e-04,-2.5289e-04,-2.7047e-04,-2.8617e-04,-2.9984e-04,-3.1167e-04,-3.2167e-04,-3.3009e-04,-3.3712e-04,-3.4305e-04,-3.4823e-04,-3.5303e-04,-3.5796e-04,-3.6334e-04,-3.6983e-04,-3.7784e-04,-3.8790e-04,-4.0054e-04,-4.1624e-04,-4.3551e-04,-4.5876e-04,-4.8639e-04,-5.1872e-04,-5.5600e-04,-5.9837e-04,-6.4597e-04,-6.9875e-04,-7.5657e-04,-8.1912e-04,-8.8617e-04,-9.5714e-04,-1.0313e-03,-1.1081e-03,-1.1864e-03,-1.2654e-03
-2.5071e-03,-4.5823e-05,1.9659e-03,3.5354e-03,4.6840e-03,5.4473e-03,5.8743e-03,6.0243e-03,5.9626e-03,5.7551e-03,5.4623e-03,5.1351e-03,4.8114e-03,4.5157e-03,4.2597e-03,4.0454e-03,3.8677e-03,3.7183e-03,3.5875e-03,3.4667e-03,3.3487e-03,3.2291e-03,3.1050e-03,2.9756e-03,2.8413e-03,2.7034e-03,2.5634e-03,2.4231e-03,2.2844e-03,2.1489e-03,2.0178e-03,1.8922e-03,1.7727e-03,1.6598e-03,1.5538e-03,1.4547e-03,1.3622e-03,1.2762e-03,1.1962e-03,1.1217e-03,1.0524e-03,9.8770e-04,9.2703e-04,8.6983e-04,8.1567e-04,7.6400e-04,7.1445e-04,6.6658e-04,6.2006e-04,5.7456e-04,5.2991e-04,4.8583e-04,4.4228e-04,3.9915e-04,3.5641e-04,3.1411e-04,2.7230e-04,2.3112e-04,1.9076e-04,1.5131e-04,1.1304e-04,7.6126e-05,4.0758e-05,7.1265e-06,-2.4542e-05,-5.4102e-05,-8.1398e-05,-1.0639e-04,-1.2900e-04,-1.4922e-04,-1.6706e-04,-1.8271e-04,-1.9625e-04,-2.0797e-04,-2.1806e-04,-2.2686e-04,-2.3474e-04,-2.4213e-04,-2.4939e-04,-2.5699e-04,-2.6540e-04,-2.7517e-04,-2.8670e-04,-3.0040e-04,-3.1674e-04,-3.3610e-04,-3.5882e-04,-3.8516e-04,-4.1527e-04,-4.4931e-04,-4.8730e-04,-5.2909e-04,-5.7459e-04,-6.2338e-04,-6.7505e-04,-7.2913e-04,-7.8475e-04,-8.4125e-04,-8.9763e-04,-9.5272e-04
-2.5216e-03,2.7820e-04,2.6337e-03,4.5422e-03,6.0130e-03,7.0689e-03,7.7465e-03,8.0953e-03,8.1745e-03,8.0491e-03,7.7837e-03,7.4374e-03,7.0595e-03,6.6864e-03,6.3410e-03,6.0342e-03,5.7670e-03,5.5344e-03,5.3278e-03,5.1382e-03,4.9571e-03,4.7784e-03,4.5977e-03,4.4131e-03,4.2240e-03,4.0312e-03,3.8362e-03,3.6409e-03,3.4472e-03,3.2571e-03,3.0721e-03,2.8935e-03,2.7224e-03,2.5593e-03,2.4047e-03,2.2587e-03,2.1213e-03,1.9922e-03,1.8710e-03,1.7573e-03,1.6505e-03,1.5502e-03,1.4556e-03,1.3662e-03,1.2814e-03,1.2007e-03,1.1235e-03,1.0494e-03,9.7801e-04,9.0888e-04,8.4173e-04,7.7633e-04,7.1249e-04,6.5009e-04,5.8910e-04,5.2942e-04,4.7113e-04,4.1431e-04,3.5910e-04,3.0554e-04,2.5389e-04,2.0432e-04,1.5697e-04,1.1209e-04,6.9764e-05,3.0188e-05,-6.5193e-06,-4.0267e-05,-7.1006e-05,-9.8750e-05,-1.2355e-04,-1.4544e-04,-1.6455e-04,-1.8117e-04,-1.9553e-04,-2.0780e-04,-2.1842e-04,-2.2770e-04,-2.3611e-04,-2.4396e-04,-2.5173e-04,-2.5985e-04,-2.6874e-04,-2.7877e-04,-2.9036e-04,-3.0377e-04,-3.1939e-04,-3.3729e-04,-3.5765e-04,-3.8057e-04,-4.0605e-04,-4.3379e-04,-4.6366e-04,-4.9524e-04,-5.2810e-04,-5.6150e-04,-5.9480e-04,-6.2709e-04,-6.5734e-04,-6.8441e-04
-2.6123e-03,5.0713e-04,3.1938e-03,5.4374e-03,7.2372e-03,8.6042e-03,9.5622e-03,1.0149e-02,1.0414e-02,1.0416e-02,1.0220e-02,9.8894e-03,9.4819e-03,9.0450e-03,8.6140e-03,8.2105e-03,7.8444e-03,7.5164e-03,7.2211e-03,6.9502e-03,6.6948e-03,6.4473e-03,6.2019e-03,5.9548e-03,5.7044e-03,5.4509e-03,5.1951e-03,4.9389e-03,4.6844e-03,4.4335e-03,4.1883e-03,3.9504e-03,3.7210e-03,3.5012e-03,3.2914e-03,3.0920e-03,2.9032e-03,2.7246e-03,2.5560e-03,2.3970e-03,2.2468e-03,2.1051e-03,1.9710e-03,1.8440e-03,1.7234e-03,1.6086e-03,1.4989e-03,1.3938e-03,1.2929e-03,1.1957e-03,1.1019e-03,1.0110e-03,9.2296e-04,8.3752e-04,7.5456e-04,6.7402e-04,5.9590e-04,5.2024e-04,4.4714e-04,3.7665e-04,3.0897e-04,2.4420e-04,1.8257e-04,1.2415e-04,6.9208e-05,1.7837e-05,-2.9910e-05,-7.3867e-05,-1.1399e-04,-1.5027e-04,-1.8283e-04,-2.1158e-04,-2.3675e-04,-2.5850e-04,-2.7705e-04,-2.9262e-04,-3.0559e-04,-3.1624e-04,-3.2490e-04,-3.3201e-04,-3.3791e-04,-3.4297e-04,-3.4761e-04,-3.5216e-04,-3.5694e-04,-3.6222e-04,-3.6828e-04,-3.7514e-04,-3.8308e-04,-3.9194e-04,-4.0168e-04,-4.1213e-04,-4.2294e-04,-4.3362e-04,-4.4382e-04,-4.5273e-04,-4.5960e-04,-4.6347e-04,-4.6331e-04,-4.5787e-04
-2.7542e-03,6.6264e-04,3.6619e-03,6.2285e-03,8.3541e-03,1.0040e-02,1.1297e-02,1.2152e-02,1.2642e-02,1.2817e-02,1.2736e-02,1.2462e-02,1.2058e-02,1.1581e-02,1.1077e-02,1.0580e-02,1.0109e-02,9.6759e-03,9.2790e-03,8.9135e-03,8.5713e-03,8.2438e-03,7.9238e-03,7.6060e-03,7.2873e-03,6.9665e-03,6.6439e-03,6.3209e-03,5.9995e-03,5.6820e-03,5.3704e-03,5.0667e-03,4.7726e-03,4.4893e-03,4.2176e-03,3.9582e-03,3.7112e-03,3.4766e-03,3.2541e-03,3.0434e-03,2.8437e-03,2.6545e-03,2.4752e-03,2.3049e-03,2.1430e-03,1.9887e-03,1.8414e-03,1.7005e-03,1.5654e-03,1.4355e-03,1.3105e-03,1.1900e-03,1.0736e-03,9.6118e-04,8.5251e-04,7.4751e-04,6.4612e-04,5.4836e-04,4.5422e-04,3.6386e-04,2.7733e-04,1.9482e-04,1.1645e-04,4.2360e-05,-2.7267e-05,-9.2363e-05,-1.5275e-04,-2.0833e-04,-2.5908e-04,-3.0501e-04,-3.4606e-04,-3.8236e-04,-4.1396e-04,-4.4105e-04,-4.6383e-04,-4.8247e-04,-4.9731e-04,-5.0864e-04,-5.1668e-04,-5.2191e-04,-5.2459e-04,-5.2508e-04,-5.2372e-04,-5.2084e-04,-5.1665e-04,-5.1141e-04,-5.0534e-04,-4.9849e-04,-4.9094e-04,-4.8259e-04,-4.7331e-04,-4.6284e-04,-4.5090e-04,-4.3704e-04,-4.2057e-04,-4.0083e-04,-3.7689e-04,-3.4796e-04,-3.1283e-04,-2.7035e-04
-2.9222e-03,7.6845e-04,4.0585e-03,6.9300e-03,9.3697e-03,1.1371e-02,1.2936e-02,1.4079e-02,1.4825e-02,1.5212e-02,1.5291e-02,1.5119e-02,1.4760e-02,1.4276e-02,1.3721e-02,1.3140e-02,1.2568e-02,1.2023e-02,1.1514e-02,1.1040e-02,1.0597e-02,1.0177e-02,9.7711e-03,9.3729e-03,8.9775e-03,8.5822e-03,8.1864e-03,7.7906e-03,7.3964e-03,7.0062e-03,6.6221e-03,6.2463e-03,5.8810e-03,5.5276e-03,5.1873e-03,4.8610e-03,4.5490e-03,4.2516e-03,3.9685e-03,3.6995e-03,3.4439e-03,3.2010e-03,2.9703e-03,2.7508e-03,2.5419e-03,2.3427e-03,2.1525e-03,1.9706e-03,1.7963e-03,1.6290e-03,1.4683e-03,1.3137e-03,1.1648e-03,1.0213e-03,8.8306e-04,7.4985e-04,6.2169e-04,4.9841e-04,3.8012e-04,2.6681e-04,1.5867e-04,5.5728e-05,-4.1859e-05,-1.3392e-04,-2.2031e-04,-3.0096e-04,-3.7568e-04,-4.4442e-04,-5.0706e-04,-5.6358e-04,-6.1407e-04,-6.5847e-04,-6.9689e-04,-7.2952e-04,-7.5644e-04,-7.7785e-04,-7.9402e-04,-8.0524e-04,-8.1176e-04,-8.1392e-04,-8.1199e-04,-8.0625e-04,-7.9703e-04,-7.8456e-04,-7.6913e-04,-7.5089e-04,-7.2995e-04,-7.0645e-04,-6.8027e-04,-6.5139e-04,-6.1961e-04,-5.8470e-04,-5.4616e-04,-5.0351e-04,-4.5622e-04,-4.0343e-04,-3.4434e-04,-2.7795e-04,-2.0304e-04,-1.1856e-04
-3.0934e-03,8.4798e-04,4.4055e-03,7.5605e-03,1.0297e-02,1.2603e-02,1.4474e-02,1.5913e-02,1.6935e-02,1.7566e-02,1.7844e-02,1.7820e-02,1.7551e-02,1.7099e-02,1.6525e-02,1.5884e-02,1.5219e-02,1.4563e-02,1.3935e-02,1.3342e-02,1.2785e-02,1.2258e-02,1.1753e-02,1.1263e-02,1.0781e-02,1.0303e-02,9.8266e-03,9.3515e-03,8.8785e-03,8.4095e-03,7.9469e-03,7.4929e-03,7.0499e-03,6.6198e-03,6.2042e-03,5.8041e-03,5.4204e-03,5.0532e-03,4.7027e-03,4.3686e-03,4.0504e-03,3.7474e-03,3.4590e-03,3.1842e-03,2.9224e-03,2.6725e-03,2.4339e-03,2.2056e-03,1.9870e-03,1.7774e-03,1.5763e-03,1.3830e-03,1.1972e-03,1.0186e-03,8.4675e-04,6.8156e-04,5.2293e-04,3.7071e-04,2.2497e-04,8.5717e-05,-4.7017e-05,-1.7308e-04,-2.9237e-04,-4.0473e-04,-5.0999e-04,-6.0811e-04,-6.9885e-04,-7.8218e-04,-8.5801e-04,-9.2627e-04,-9.8691e-04,-1.0401e-03,-1.0856e-03,-1.1239e-03,-1.1548e-03,-1.1787e-03,-1.1957e-03,-1.2061e-03,-1.2100e-03,-1.2078e-03,-1.1997e-03,-1.1861e-03,-1.1670e-03,-1.1428e-03,-1.1137e-03,-1.0798e-03,-1.0412e-03,-9.9788e-04,-9.4988e-04,-8.9698e-04,-8.3905e-04,-7.7571e-04,-7.0651e-04,-6.3101e-04,-5.4851e-04,-4.5820e-04,-3.5918e-04,-2.5046e-04,-1.3102e-04,5.3272e-07
-3.2473e-03,9.2303e-04,4.7252e-03,8.1408e-03,1.1153e-02,1.3747e-02,1.5912e-02,1.7647e-02,1.8954e-02,1.9849e-02,2.0359e-02,2.0522e-02,2.0387e-02,2.0013e-02,1.9461e-02,1.8790e-02,1.8054e-02,1.7297e-02,1.6549e-02,1.5829e-02,1.5146e-02,1.4498e-02,1.3880e-02,1.3284e-02,1.2705e-02,1.2134e-02,1.1569e-02,1.1007e-02,1.0449e-02,9.8954e-03,9.3482e-03,8.8099e-03,8.2831e-03,7.7699e-03,7.2722e-03,6.7916e-03,6.3291e-03,5.8853e-03,5.4604e-03,5.0543e-03,4.6667e-03,4.2968e-03,3.9442e-03,3.6078e-03,3.2869e-03,2.9804e-03,2.6876e-03,2.4075e-03,2.1393e-03,1.8824e-03,1.6358e-03,1.3993e-03,1.1721e-03,9.5394e-04,7.4448e-04,5.4343e-04,3.5062e-04,1.6598e-04,-1.0550e-05,-1.7896e-04,-3.3915e-04,-4.9108e-04,-6.3463e-04,-7.6961e-04,-8.9591e-04,-1.0134e-03,-1.1219e-03,-1.2213e-03,-1.3116e-03,-1.3926e-03,-1.4643e-03,-1.5267e-03,-1.5798e-03,-1.6238e-03,-1.6587e-03,-1.6847e-03,-1.7019e-03,-1.7105e-03,-1.7107e-03,-1.7028e-03,-1.6871e-03,-1.6636e-03,-1.6327e-03,-1.5945e-03,-1.5491e-03,-1.4969e-03,-1.4376e-03,-1.3713e-03,-1.2980e-03,-1.2176e-03,-1.1296e-03,-1.0339e-03,-9.2991e-04,-8.1712e-04,-6.9482e-04,-5.6229e-04,-4.1859e-04,-2.6265e-04,-9.3421e-05,9.0394e-05
-3.3675e-03,1.0123e-03,5.0377e-03,8.6911e-03,1.1956e-02,1.4817e-02,1.7262e-02,1.9281e-02,2.0873e-02,2.2042e-02,2.2804e-02,2.3187e-02,2.3228e-02,2.2977e-02,2.2490e-02,2.1829e-02,2.1053e-02,2.0215e-02,1.9357e-02,1.8509e-02,1.7691e-02,1.6909e-02,1.6163e-02,1.5448e-02,1.4757e-02,1.4083e-02,1.3419e-02,1.2763e-02,1.2112e-02,1.1467e-02,1.0829e-02,1.0201e-02,9.5838e-03,8.9813e-03,8.3951e-03,7.8273e-03,7.2792e-03,6.7518e-03,6.2455e-03,5.7604e-03,5.2964e-03,4.8529e-03,4.4293e-03,4.0248e-03,3.6384e-03,3.2693e-03,2.9163e-03,2.5787e-03,2.2554e-03,1.9457e-03,1.6489e-03,1.3642e-03,1.0910e-03,8.2899e-04,5.7765e-04,3.3674e-04,1.0602e-04,-1.1466e-04,-3.2531e-04,-5.2606e-04,-7.1674e-04,-8.9731e-04,-1.0676e-03,-1.2276e-03,-1.3771e-03,-1.5159e-03,-1.6439e-03,-1.7609e-03,-1.8668e-03,-1.9616e-03,-2.0452e-03,-2.1175e-03,-2.1785e-03,-2.2283e-03,-2.2670e-03,-2.2946e-03,-2.3113e-03,-2.3173e-03,-2.3128e-03,-2.2978e-03,-2.2727e-03,-2.2376e-03,-2.1927e-03,-2.1381e-03,-2.0739e-03,-2.0004e-03,-1.9174e-03,-1.8249e-03,-1.7228e-03,-1.6110e-03,-1.4892e-03,-1.3569e-03,-1.2138e-03,-1.0593e-03,-8.9255e-04,-7.1295e-04,-5.1955e-04,-3.1126e-04,-8.7053e-05,1.5439e-04
-3.4411e-03,1.1310e-03,5.3601e-03,9.2303e-03,1.2726e-02,1.5832e-02,1.8535e-02,2.0823e-02,2.2690e-02,2.4133e-02,2.5158e-02,2.5782e-02,2.6031e-02,2.5944e-02,2.5569e-02,2.4963e-02,2.4186e-02,2.3297e-02,2.2348e-02,2.1381e-02,2.0427e-02,1.9503e-02,1.8616e-02,1.7767e-02,1.6949e-02,1.6157e-02,1.5383e-02,1.4622e-02,1.3871e-02,1.3128e-02,1.2393e-02,1.1668e-02,1.0955e-02,1.0257e-02,9.5765e-03,8.9150e-03,8.2746e-03,7.6566e-03,7.0620e-03,6.4909e-03,5.9435e-03,5.4194e-03,4.9181e-03,4.4387e-03,3.9804e-03,3.5421e-03,3.1229e-03,2.7219e-03,2.3379e-03,1.9701e-03,1.6176e-03,1.2799e-03,9.5598e-04,6.4556e-04,3.4810e-04,6.3250e-05,-2.0925e-04,-4.6958e-04,-7.1787e-04,-9.5409e-04,-1.1782e-03,-1.3903e-03,-1.5900e-03,-1.7774e-03,-1.9521e-03,-2.1142e-03,-2.2633e-03,-2.3995e-03,-2.5224e-03,-2.6320e-03,-2.7282e-03,-2.8109e-03,-2.8801e-03,-2.9358e-03,-2.9781e-03,-3.0071e-03,-3.0227e-03,-3.0251e-03,-3.0145e-03,-2.9911e-03,-2.9549e-03,-2.9063e-03,-2.8452e-03,-2.7717e-03,-2.6861e-03,-2.5884e-03,-2.4785e-03,-2.3564e-03,-2.2220e-03,-2.0750e-03,-1.9152e-03,-1.7423e-03,-1.5555e-03,-1.3546e-03,-1.1388e-03,-9.0719e-04,-6.5898e-04,-3.9311e-04,-1.0859e-04,1.9591e-04
-3.4591e-03,1.2905e-03,5.7063e-03,9.7740e-03,1.3479e-02,1.6808e-02,1.9748e-02,2.2286e-02,2.4412e-02,2.6119e-02,2.7408e-02,2.8284e-02,2.8764e-02,2.8874e-02,2.8652e-02,2.8146e-02,2.7414e-02,2.6514e-02,2.5504e-02,2.4437e-02,2.3354e-02,2.2286e-02,2.1249e-02,2.0252e-02,1.9293e-02,1.8368e-02,1.7471e-02,1.6593e-02,1.5731e-02,1.4881e-02,1.4043e-02,1.3215e-02,1.2400e-02,1.1601e-02,1.0819e-02,1.0058e-02,9.3189e-03,8.6038e-03,7.9139e-03,7.2499e-03,6.6121e-03,6.0004e-03,5.4143e-03,4.8532e-03,4.3163e-03,3.8025e-03,3.3108e-03,2.8402e-03,2.3897e-03,1.9582e-03,1.5449e-03,1.1489e-03,7.6948e-04,4.0602e-04,5.8042e-05,-2.7492e-04,-5.9309e-04,-8.9680e-04,-1.1861e-03,-1.4611e-03,-1.7218e-03,-1.9680e-03,-2.1998e-03,-2.4169e-03,-2.6192e-03,-2.8064e-03,-2.9785e-03,-3.1352e-03,-3.2763e-03,-3.4018e-03,-3.5114e-03,-3.6051e-03,-3.6829e-03,-3.7446e-03,-3.7902e-03,-3.8200e-03,-3.8337e-03,-3.8317e-03,-3.8140e-03,-3.7806e-03,-3.7317e-03,-3.6674e-03,-3.5879e-03,-3.4932e-03,-3.3835e-03,-3.2586e-03,-3.1186e-03,-2.9635e-03,-2.7929e-03,-2.6070e-03,-2.4051e-03,-2.1871e-03,-1.9523e-03,-1.7004e-03,-1.4305e-03,-1.1419e-03,-8.3369e-04,-5.0504e-04,-1.5470e-04,2.1838e-04
-3.4157e-03,1.4984e-03,6.0860e-03,1.0334e-02,1.4230e-02,1.7762e-02,2.0916e-02,2.3682e-02,2.6048e-02,2.8006e-02,2.9549e-02,3.0678e-02,3.1400e-02,3.1729e-02,3.1694e-02,3.1331e-02,3.0689e-02,2.9824e-02,2.8793e-02,2.7656e-02,2.6464e-02,2.5258e-02,2.4069e-02,2.2914e-02,2.1800e-02,2.0727e-02,1.9691e-02,1.8683e-02,1.7699e-02,1.6733e-02,1.5782e-02,1.4845e-02,1.3922e-02,1.3015e-02,1.2127e-02,1.1260e-02,1.0416e-02,9.5970e-03,8.8053e-03,8.0415e-03,7.3063e-03,6.6000e-03,5.9223e-03,5.2726e-03,4.6502e-03,4.0543e-03,3.4837e-03,2.9374e-03,2.4143e-03,1.9134e-03,1.4337e-03,9.7426e-04,5.3429e-04,1.1311e-04,-2.8985e-04,-6.7511e-04,-1.0430e-03,-1.3938e-03,-1.7277e-03,-2.0448e-03,-2.3450e-03,-2.6284e-03,-2.8947e-03,-3.1440e-03,-3.3759e-03,-3.5903e-03,-3.7870e-03,-3.9657e-03,-4.1263e-03,-4.2687e-03,-4.3925e-03,-4.4977e-03,-4.5843e-03,-4.6520e-03,-4.7009e-03,-4.7310e-03,-4.7423e-03,-4.7348e-03,-4.7086e-03,-4.6638e-03,-4.6004e-03,-4.5186e-03,-4.4184e-03,-4.2999e-03,-4.1632e-03,-4.0082e-03,-3.8350e-03,-3.6433e-03,-3.4331e-03,-3.2041e-03,-2.9561e-03,-2.6887e-03,-2.4013e-03,-2.0935e-03,-1.7647e-03,-1.4140e-03,-1.0406e-03,-6.4367e-04,-2.2212e-04,2.2518e-04
-3.3084e-03,1.7590e-03,6.5055e-03,1.0919e-02,1.4989e-02,1.8705e-02,2.2054e-02,2.5027e-02,2.7612e-02,2.9801e-02,3.1584e-02,3.2958e-02,3.3922e-02,3.4484e-02,3.4658e-02,3.4472e-02,3.3963e-02,3.3178e-02,3.2173e-02,3.1006e-02,2.9735e-02,2.8411e-02,2.7077e-02,2.5761e-02,2.4482e-02,2.3247e-02,2.2055e-02,2.0903e-02,1.9783e-02,1.8688e-02,1.7615e-02,1.6560e-02,1.5522e-02,1.4502e-02,1.3502e-02,1.2523e-02,1.1568e-02,1.0640e-02,9.7397e-03,8.8696e-03,8.0304e-03,7.2226e-03,6.4462e-03,5.7010e-03,4.9865e-03,4.3016e-03,3.6455e-03,3.0172e-03,2.4155e-03,1.8392e-03,1.2875e-03,7.5928e-04,2.5371e-04,-2.3003e-04,-6.9255e-04,-1.1345e-03,-1.5561e-03,-1.9578e-03,-2.3399e-03,-2.7023e-03,-3.0452e-03,-3.3685e-03,-3.6721e-03,-3.9559e-03,-4.2196e-03,-4.4631e-03,-4.6861e-03,-4.8883e-03,-5.0696e-03,-5.2299e-03,-5.3687e-03,-5.4860e-03,-5.5816e-03,-5.6554e-03,-5.7073e-03,-5.7373e-03,-5.7453e-03,-5.7314e-03,-5.6956e-03,-5.6378e-03,-5.5583e-03,-5.4569e-03,-5.3339e-03,-5.1891e-03,-5.0227e-03,-4.8346e-03,-4.6247e-03,-4.3930e-03,-4.1393e-03,-3.8635e-03,-3.5651e-03,-3.2439e-03,-2.8994e-03,-2.5311e-03,-2.1383e-03,-1.7204e-03,-1.2766e-03,-8.0603e-04,-3.0765e-04,2.1950e-04
-3.1370e-03,2.0735e-03,6.9676e-03,1.1534e-02,1.5764e-02,1.9646e-02,2.3172e-02,2.6331e-02,2.9115e-02,3.1514e-02,3.3520e-02,3.5124e-02,3.6324e-02,3.7118e-02,3.7515e-02,3.7530e-02,3.7189e-02,3.6528e-02,3.5595e-02,3.4444e-02,3.3134e-02,3.1723e-02,3.0262e-02,2.8793e-02,2.7346e-02,2.5938e-02,2.4577e-02,2.3263e-02,2.1992e-02,2.0755e-02,1.9548e-02,1.8366e-02,1.7205e-02,1.6065e-02,1.4946e-02,1.3850e-02,1.2779e-02,1.1735e-02,1.0721e-02,9.7379e-03,8.7882e-03,7.8722e-03,6.9905e-03,6.1430e-03,5.3293e-03,4.5489e-03,3.8007e-03,3.0839e-03,2.3973e-03,1.7398e-03,1.1103e-03,5.0777e-04,-6.8672e-05,-6.1988e-04,-1.1466e-03,-1.6495e-03,-2.1291e-03,-2.5856e-03,-3.0194e-03,-3.4306e-03,-3.8192e-03,-4.1853e-03,-4.5288e-03,-4.8495e-03,-5.1471e-03,-5.4216e-03,-5.6726e-03,-5.8999e-03,-6.1032e-03,-6.2822e-03,-6.4368e-03,-6.5666e-03,-6.6716e-03,-6.7515e-03,-6.8062e-03,-6.8356e-03,-6.8397e-03,-6.8185e-03,-6.7718e-03,-6.6996e-03,-6.6022e-03,-6.4793e-03,-6.3311e-03,-6.1575e-03,-5.9587e-03,-5.7344e-03,-5.4848e-03,-5.2096e-03,-4.9088e-03,-4.5820e-03,-4.2292e-03,-3.8498e-03,-3.4436e-03,-3.0099e-03,-2.5483e-03,-2.0581e-03,-1.5386e-03,-9.8899e-04,-4.0830e-04,2.0440e-04
-2.9038e-03,2.4408e-03,7.4722e-03,1.2180e-02,1.6556e-02,2.0591e-02,2.4277e-02,2.7605e-02,3.0568e-02,3.3158e-02,3.5365e-02,3.7182e-02,3.8603e-02,3.9624e-02,4.0245e-02,4.0473e-02,4.0324e-02,3.9822e-02,3.9005e-02,3.7918e-02,3.6617e-02,3.5160e-02,3.3603e-02,3.2000e-02,3.0392e-02,2.8808e-02,2.7268e-02,2.5778e-02,2.4338e-02,2.2944e-02,2.1590e-02,2.0268e-02,1.8974e-02,1.7706e-02,1.6462e-02,1.5243e-02,1.4050e-02,1.2885e-02,1.1751e-02,1.0650e-02,9.5834e-03,8.5529e-03,7.5593e-03,6.6028e-03,5.6834e-03,4.8006e-03,3.9538e-03,3.1419e-03,2.3641e-03,1.6192e-03,9.0613e-04,2.2377e-04,-4.2880e-04,-1.0526e-03,-1.6483e-03,-2.2167e-03,-2.7583e-03,-3.2736e-03,-3.7628e-03,-4.2261e-03,-4.6636e-03,-5.0755e-03,-5.4614e-03,-5.8214e-03,-6.1552e-03,-6.4626e-03,-6.7433e-03,-6.9970e-03,-7.2235e-03,-7.4223e-03,-7.5933e-03,-7.7363e-03,-7.8508e-03,-7.9369e-03,-7.9942e-03,-8.0226e-03,-8.0221e-03,-7.9924e-03,-7.9337e-03,-7.8457e-03,-7.7286e-03,-7.5823e-03,-7.4067e-03,-7.2019e-03,-6.9679e-03,-6.7046e-03,-6.4119e-03,-6.0898e-03,-5.7381e-03,-5.3566e-03,-4.9451e-03,-4.5033e-03,-4.0308e-03,-3.5271e-03,-2.9917e-03,-2.4242e-03,-1.8237e-03,-1.1896e-03,-5.2112e-04,1.8274e-04
-2.6121e-03,2.8574e-03,8.0167e-03,1.2856e-02,1.7367e-02,2.1542e-02,2.5374e-02,2.8855e-02,3.1979e-02,3.4739e-02,3.7129e-02,3.9139e-02,4.0764e-02,4.1998e-02,4.2836e-02,4.3280e-02,4.3336e-02,4.3019e-02,4.2353e-02,4.1375e-02,4.0131e-02,3.8674e-02,3.7064e-02,3.5358e-02,3.3608e-02,3.1856e-02,3.0133e-02,2.8456e-02,2.6834e-02,2.5266e-02,2.3748e-02,2.2273e-02,2.0835e-02,1.9430e-02,1.8053e-02,1.6704e-02,1.5383e-02,1.4092e-02,1.2833e-02,1.1608e-02,1.0419e-02,9.2683e-03,8.1566e-03,7.0847e-03,6.0530e-03,5.0613e-03,4.1092e-03,3.1960e-03,2.3206e-03,1.4822e-03,6.7955e-04,-8.8347e-05,-8.2254e-04,-1.5240e-03,-2.1936e-03,-2.8320e-03,-3.4400e-03,-4.0179e-03,-4.5662e-03,-5.0851e-03,-5.5748e-03,-6.0352e-03,-6.4663e-03,-6.8680e-03,-7.2400e-03,-7.5822e-03,-7.8942e-03,-8.1759e-03,-8.4267e-03,-8.6463e-03,-8.8346e-03,-8.9911e-03,-9.1156e-03,-9.2078e-03,-9.2674e-03,-9.2944e-03,-9.2886e-03,-9.2497e-03,-9.1776e-03,-9.0725e-03,-8.9340e-03,-8.7623e-03,-8.5572e-03,-8.3187e-03,-8.0469e-03,-7.7416e-03,-7.4028e-03,-7.0304e-03,-6.6242e-03,-6.1841e-03,-5.7099e-03,-5.2013e-03,-4.6580e-03,-4.0795e-03,-3.4656e-03,-2.8156e-03,-2.1290e-03,-1.4052e-03,-6.4339e-04,1.5698e-04
-2.2671e-03,3.3185e-03,8.5967e-03,1.3558e-02,1.8194e-02,2.2498e-02,2.6462e-02,3.0082e-02,3.3352e-02,3.6266e-02,3.8819e-02,4.1003e-02,4.2813e-02,4.4243e-02,4.5286e-02,4.5939e-02,4.6202e-02,4.6083e-02,4.5594e-02,4.4761e-02,4.3619e-02,4.2213e-02,4.0597e-02,3.8831e-02,3.6971e-02,3.5071e-02,3.3172e-02,3.1305e-02,2.9490e-02,2.7733e-02,2.6035e-02,2.4392e-02,2.2795e-02,2.1240e-02,1.9721e-02,1.8235e-02,1.6780e-02,1.5357e-02,1.3968e-02,1.2614e-02,1.1298e-02,1.0021e-02,8.7858e-03,7.5925e-03,6.4423e-03,5.3354e-03,4.2717e-03,3.2506e-03,2.2714e-03,1.3333e-03,4.3518e-04,-4.2402e-04,-1.2453e-03,-2.0296e-03,-2.7780e-03,-3.4911e-03,-4.1698e-03,-4.8145e-03,-5.4257e-03,-6.0036e-03,-6.5485e-03,-7.0605e-03,-7.5394e-03,-7.9852e-03,-8.3977e-03,-8.7766e-03,-9.1217e-03,-9.4326e-03,-9.7089e-03,-9.9504e-03,-1.0157e-02,-1.0327e-02,-1.0462e-02,-1.0560e-02,-1.0622e-02,-1.0647e-02,-1.0635e-02,-1.0586e-02,-1.0500e-02,-1.0376e-02,-1.0215e-02,-1.0016e-02,-9.7789e-03,-9.5044e-03,-9.1921e-03,-8.8420e-03,-8.4540e-03,-8.0279e-03,-7.5637e-03,-7.0612e-03,-6.5203e-03,-5.9407e-03,-5.3222e-03,-4.6645e-03,-3.9671e-03,-3.2298e-03,-2.4520e-03,-1.6331e-03,-7.7271e-04,1.2988e-04
-1.8744e-03,3.8182e-03,9.2062e-03,1.4280e-02,1.9031e-02,2.3454e-02,2.7540e-02,3.1287e-02,3.4689e-02,3.7741e-02,4.0440e-02,4.2780e-02,4.4756e-02,4.6363e-02,4.7593e-02,4.8443e-02,4.8908e-02,4.8989e-02,4.8692e-02,4.8030e-02,4.7026e-02,4.5717e-02,4.4146e-02,4.2369e-02,4.0443e-02,3.8426e-02,3.6372e-02,3.4324e-02,3.2312e-02,3.0356e-02,2.8463e-02,2.6634e-02,2.4863e-02,2.3145e-02,2.1472e-02,1.9839e-02,1.8243e-02,1.6683e-02,1.5158e-02,1.3671e-02,1.2222e-02,1.0814e-02,9.4498e-03,8.1297e-03,6.8552e-03,5.6271e-03,4.4456e-03,3.3104e-03,2.2213e-03,1.1774e-03,1.7780e-04,-7.7845e-04,-1.6923e-03,-2.5649e-03,-3.3970e-03,-4.1896e-03,-4.9434e-03,-5.6589e-03,-6.3368e-03,-6.9774e-03,-7.5808e-03,-8.1472e-03,-8.6766e-03,-9.1689e-03,-9.6240e-03,-1.0042e-02,-1.0421e-02,-1.0763e-02,-1.1066e-02,-1.1330e-02,-1.1555e-02,-1.1740e-02,-1.1885e-02,-1.1990e-02,-1.2054e-02,-1.2077e-02,-1.2058e-02,-1.1998e-02,-1.1896e-02,-1.1752e-02,-1.1566e-02,-1.1338e-02,-1.1068e-02,-1.0755e-02,-1.0400e-02,-1.0002e-02,-9.5618e-03,-9.0789e-03,-8.5531e-03,-7.9847e-03,-7.3732e-03,-6.7185e-03,-6.0206e-03,-5.2790e-03,-4.4936e-03,-3.6641e-03,-2.7900e-03,-1.8711e-03,-9.0679e-04,1.0334e-04
-1.4405e-03,4.3496e-03,9.8381e-03,1.5015e-02,1.9873e-02,2.4404e-02,2.8603e-02,3.2465e-02,3.5987e-02,3.9165e-02,4.1995e-02,4.4474e-02,4.6599e-02,4.8364e-02,4.9764e-02,5.0794e-02,5.1448e-02,5.1724e-02,5.1621e-02,5.1143e-02,5.0306e-02,4.9130e-02,4.7651e-02,4.5914e-02,4.3972e-02,4.1884e-02,3.9708e-02,3.7499e-02,3.5298e-02,3.3140e-02,3.1041e-02,2.9011e-02,2.7050e-02,2.5153e-02,2.3312e-02,2.1522e-02,1.9775e-02,1.8070e-02,1.6404e-02,1.4778e-02,1.3192e-02,1.1649e-02,1.0151e-02,8.6988e-03,7.2948e-03,5.9399e-03,4.6349e-03,3.3799e-03,2.1748e-03,1.0191e-03,-8.7801e-05,-1.1468e-03,-2.1589e-03,-3.1249e-03,-4.0459e-03,-4.9227e-03,-5.7561e-03,-6.5467e-03,-7.2952e-03,-8.0019e-03,-8.6671e-03,-9.2910e-03,-9.8736e-03,-1.0415e-02,-1.0915e-02,-1.1373e-02,-1.1789e-02,-1.2163e-02,-1.2494e-02,-1.2782e-02,-1.3026e-02,-1.3226e-02,-1.3382e-02,-1.3493e-02,-1.3559e-02,-1.3579e-02,-1.3553e-02,-1.3481e-02,-1.3362e-02,-1.3197e-02,-1.2985e-02,-1.2726e-02,-1.2420e-02,-1.2067e-02,-1.1666e-02,-1.1218e-02,-1.0723e-02,-1.0180e-02,-9.5895e-03,-8.9514e-03,-8.2655e-03,-7.5318e-03,-6.7502e-03,-5.9205e-03,-5.0425e-03,-4.1161e-03,-3.1410e-03,-2.1169e-03,-1.0436e-03,7.9203e-05
-9.7212e-04,4.9053e-03,1.0485e-02,1.5756e-02,2.0711e-02,2.5342e-02,2.9643e-02,3.3612e-02,3.7243e-02,4.0534e-02,4.3482e-02,4.6086e-02,4.8343e-02,5.0249e-02,5.1801e-02,5.2993e-02,5.3821e-02,5.4279e-02,5.4364e-02,5.4075e-02,5.3417e-02,5.2403e-02,5.1054e-02,4.9404e-02,4.7498e-02,4.5390e-02,4.3138e-02,4.0802e-02,3.8435e-02,3.6082e-02,3.3776e-02,3.1535e-02,2.9367e-02,2.7274e-02,2.5250e-02,2.3288e-02,2.1380e-02,1.9521e-02,1.7707e-02,1.5936e-02,1.4209e-02,1.2526e-02,1.0890e-02,9.3017e-03,7.7635e-03,6.2770e-03,4.8432e-03,3.4628e-03,2.1361e-03,8.6300e-04,-3.5695e-04,-1.5244e-03,-2.6401e-03,-3.7049e-03,-4.7198e-03,-5.6856e-03,-6.6031e-03,-7.4731e-03,-8.2961e-03,-9.0726e-03,-9.8029e-03,-1.0487e-02,-1.1126e-02,-1.1719e-02,-1.2265e-02,-1.2766e-02,-1.3220e-02,-1.3628e-02,-1.3988e-02,-1.4300e-02,-1.4565e-02,-1.4780e-02,-1.4947e-02,-1.5064e-02,-1.5132e-02,-1.5149e-02,-1.5115e-02,-1.5031e-02,-1.4895e-02,-1.4707e-02,-1.4468e-02,-1.4176e-02,-1.3832e-02,-1.3436e-02,-1.2988e-02,-1.2487e-02,-1.1934e-02,-1.1328e-02,-1.0669e-02,-9.9582e-03,-9.1943e-03,-8.3777e-03,-7.5084e-03,-6.5863e-03,-5.6114e-03,-4.5835e-03,-3.5026e-03,-2.3687e-03,-1.1814e-03,5.9238e-05
-4.7633e-04,5.4778e-03,1.1138e-02,1.6493e-02,2.1536e-02,2.6257e-02,3.0653e-02,3.4717e-02,3.8448e-02,4.1842e-02,4.4898e-02,4.7614e-02,4.9989e-02,5.2021e-02,5.3707e-02,5.5044e-02,5.6027e-02,5.6653e-02,5.6914e-02,5.6808e-02,5.6333e-02,5.5494e-02,5.4302e-02,5.2779e-02,5.0957e-02,4.8882e-02,4.6607e-02,4.4190e-02,4.1693e-02,3.9169e-02,3.6663e-02,3.4208e-02,3.1824e-02,2.9520e-02,2.7296e-02,2.5146e-02,2.3062e-02,2.1038e-02,1.9068e-02,1.7146e-02,1.5272e-02,1.3446e-02,1.1668e-02,9.9393e-03,8.2629e-03,6.6404e-03,5.0732e-03,3.5625e-03,2.1091e-03,7.1319e-04,-6.2519e-04,-1.9065e-03,-3.1312e-03,-4.3000e-03,-5.4139e-03,-6.4735e-03,-7.4798e-03,-8.4333e-03,-9.3348e-03,-1.0185e-02,-1.0984e-02,-1.1732e-02,-1.2429e-02,-1.3076e-02,-1.3672e-02,-1.4217e-02,-1.4711e-02,-1.5153e-02,-1.5544e-02,-1.5882e-02,-1.6167e-02,-1.6399e-02,-1.6577e-02,-1.6701e-02,-1.6770e-02,-1.6783e-02,-1.6741e-02,-1.6643e-02,-1.6488e-02,-1.6277e-02,-1.6009e-02,-1.5683e-02,-1.5300e-02,-1.4860e-02,-1.4361e-02,-1.3805e-02,-1.3191e-02,-1.2519e-02,-1.1790e-02,-1.1002e-02,-1.0157e-02,-9.2535e-03,-8.2926e-03,-7.2741e-03,-6.1980e-03,-5.0643e-03,-3.8731e-03,-2.6245e-03,-1.3186e-03,4.4711e-05
3.9853e-05,6.0594e-03,1.1789e-02,1.7219e-02,2.2339e-02,2.7142e-02,3.1622e-02,3.5774e-02,3.9595e-02,4.3083e-02,4.6236e-02,4.9054e-02,5.1534e-02,5.3678e-02,5.5484e-02,5.6949e-02,5.8071e-02,5.8846e-02,5.9268e-02,5.9333e-02,5.9037e-02,5.8376e-02,5.7356e-02,5.5987e-02,5.4289e-02,5.2296e-02,5.0051e-02,4.7608e-02,4.5027e-02,4.2368e-02,3.9686e-02,3.7028e-02,3.4425e-02,3.1900e-02,2.9460e-02,2.7106e-02,2.4831e-02,2.2628e-02,2.0490e-02,1.8409e-02,1.6382e-02,1.4407e-02,1.2483e-02,1.0611e-02,8.7934e-03,7.0313e-03,5.3268e-03,3.6816e-03,2.0968e-03,5.7325e-04,-8.8861e-04,-2.2888e-03,-3.6277e-03,-4.9057e-03,-6.1234e-03,-7.2817e-03,-8.3812e-03,-9.4226e-03,-1.0407e-02,-1.1334e-02,-1.2205e-02,-1.3020e-02,-1.3779e-02,-1.4482e-02,-1.5129e-02,-1.5721e-02,-1.6256e-02,-1.6735e-02,-1.7157e-02,-1.7522e-02,-1.7828e-02,-1.8077e-02,-1.8267e-02,-1.8397e-02,-1.8467e-02,-1.8477e-02,-1.8426e-02,-1.8314e-02,-1.8140e-02,-1.7904e-02,-1.7605e-02,-1.7244e-02,-1.6820e-02,-1.6333e-02,-1.5782e-02,-1.5168e-02,-1.4491e-02,-1.3751e-02,-1.2947e-02,-1.2080e-02,-1.1150e-02,-1.0156e-02,-9.1005e-03,-7.9816e-03,-6.8002e-03,-5.5566e-03,-4.2508e-03,-2.8832e-03,-1.4539e-03,3.6715e-05
5.6938e-04,6.6425e-03,1.2431e-02,1.7924e-02,2.3111e-02,2.7986e-02,3.2541e-02,3.6772e-02,4.0675e-02,4.4248e-02,4.7489e-02,5.0398e-02,5.2974e-02,5.5218e-02,5.7130e-02,5.8709e-02,5.9954e-02,6.0861e-02,6.1428e-02,6.1648e-02,6.1518e-02,6.1031e-02,6.0186e-02,5.8985e-02,5.7440e-02,5.5568e-02,5.3404e-02,5.0990e-02,4.8380e-02,4.5635e-02,4.2815e-02,3.9976e-02,3.7166e-02,3.4417e-02,3.1752e-02,2.9178e-02,2.6695e-02,2.4298e-02,2.1978e-02,1.9728e-02,1.7540e-02,1.5410e-02,1.3336e-02,1.1317e-02,9.3544e-03,7.4497e-03,5.6046e-03,3.8213e-03,2.1013e-03,4.4597e-04,-1.1439e-03,-2.6677e-03,-4.1255e-03,-5.5175e-03,-6.8439e-03,-8.1054e-03,-9.3026e-03,-1.0436e-02,-1.1507e-02,-1.2515e-02,-1.3461e-02,-1.4346e-02,-1.5170e-02,-1.5932e-02,-1.6633e-02,-1.7273e-02,-1.7852e-02,-1.8369e-02,-1.8823e-02,-1.9216e-02,-1.9545e-02,-1.9810e-02,-2.0012e-02,-2.0149e-02,-2.0221e-02,-2.0227e-02,-2.0166e-02,-2.0039e-02,-1.9845e-02,-1.9583e-02,-1.9253e-02,-1.8854e-02,-1.8388e-02,-1.7852e-02,-1.7247e-02,-1.6574e-02,-1.5831e-02,-1.5019e-02,-1.4139e-02,-1.3189e-02,-1.2171e-02,-1.1084e-02,-9.9295e-03,-8.7068e-03,-7.4163e-03,-6.0587e-03,-4.6342e-03,-3.1433e-03,-1.5864e-03,3.5983e-05
1.1053e-03,7.2195e-03,1.3054e-02,1.8599e-02,2.3843e-02,2.8779e-02,3.3400e-02,3.7700e-02,4.1676e-02,4.5326e-02,4.8646e-02,5.1638e-02,5.4300e-02,5.6635e-02,5.8642e-02,6.0322e-02,6.1675e-02,6.2700e-02,6.3394e-02,6.3753e-02,6.3774e-02,6.3449e-02,6.2774e-02,6.1745e-02,6.0366e-02,5.8645e-02,5.6601e-02,5.4266e-02,5.1684e-02,4.8909e-02,4.6000e-02,4.3021e-02,4.0027e-02,3.7067e-02,3.4174e-02,3.1371e-02,2.8665e-02,2.6057e-02,2.3540e-02,2.1106e-02,1.8746e-02,1.6454e-02,1.4224e-02,1.2055e-02,9.9444e-03,7.8944e-03,5.9063e-03,3.9822e-03,2.1239e-03,3.3325e-04,-1.3884e-03,-3.0400e-03,-4.6211e-03,-6.1314e-03,-7.5710e-03,-8.9403e-03,-1.0240e-02,-1.1470e-02,-1.2631e-02,-1.3724e-02,-1.4749e-02,-1.5707e-02,-1.6598e-02,-1.7422e-02,-1.8179e-02,-1.8870e-02,-1.9493e-02,-2.0050e-02,-2.0539e-02,-2.0959e-02,-2.1312e-02,-2.1595e-02,-2.1809e-02,-2.1953e-02,-2.2026e-02,-2.2028e-02,-2.1957e-02,-2.1815e-02,-2.1599e-02,-2.1310e-02,-2.0948e-02,-2.0511e-02,-2.0000e-02,-1.9414e-02,-1.8753e-02,-1.8017e-02,-1.7207e-02,-1.6322e-02,-1.5362e-02,-1.4327e-02,-1.3218e-02,-1.2034e-02,-1.0778e-02,-9.4475e-03,-8.0444e-03,-6.5691e-03,-5.0221e-03,-3.4039e-03,-1.7152e-03,4.3150e-05
1.6409e-03,7.7833e-03,1.3652e-02,1.9237e-02,2.4527e-02,2.9513e-02,3.4189e-02,3.8550e-02,4.2590e-02,4.6307e-02,4.9699e-02,5.2765e-02,5.5505e-02,5.7921e-02,6.0014e-02,6.1784e-02,6.3234e-02,6.4362e-02,6.5168e-02,6.5651e-02,6.5805e-02,6.5627e-02,6.5110e-02,6.4248e-02,6.3039e-02,6.1482e-02,5.9587e-02,5.7373e-02,5.4870e-02,5.2122e-02,4.9182e-02,4.6113e-02,4.2976e-02,3.9829e-02,3.6721e-02,3.3687e-02,3.0749e-02,2.7914e-02,2.5184e-02,2.2551e-02,2.0006e-02,1.7541e-02,1.5148e-02,1.2823e-02,1.0561e-02,8.3634e-03,6.2302e-03,4.1631e-03,2.1643e-03,2.3575e-04,-1.6207e-03,-3.4035e-03,-5.1116e-03,-6.7443e-03,-8.3012e-03,-9.7824e-03,-1.1188e-02,-1.2518e-02,-1.3774e-02,-1.4956e-02,-1.6063e-02,-1.7098e-02,-1.8059e-02,-1.8948e-02,-1.9763e-02,-2.0507e-02,-2.1177e-02,-2.1774e-02,-2.2299e-02,-2.2749e-02,-2.3126e-02,-2.3427e-02,-2.3654e-02,-2.3805e-02,-2.3879e-02,-2.3876e-02,-2.3796e-02,-2.3637e-02,-2.3399e-02,-2.3083e-02,-2.2686e-02,-2.2210e-02,-2.1653e-02,-2.1015e-02,-2.0296e-02,-1.9497e-02,-1.8616e-02,-1.7655e-02,-1.6613e-02,-1.5490e-02,-1.4288e-02,-1.3005e-02,-1.1643e-02,-1.0202e-02,-8.6831e-03,-7.0865e-03,-5.4133e-03,-3.6640e-03,-1.8398e-03,5.8487e-05
2.1694e-03,8.3271e-03,1.4218e-02,1.9830e-02,2.5153e-02,3.0179e-02,3.4900e-02,3.9311e-02,4.3405e-02,4.7181e-02,5.0636e-02,5.3769e-02,5.6580e-02,5.9069e-02,6.1239e-02,6.3090e-02,6.4625e-02,6.5845e-02,6.6751e-02,6.7341e-02,6.7614e-02,6.7567e-02,6.7192e-02,6.6486e-02,6.5440e-02,6.4051e-02,6.2320e-02,6.0254e-02,5.7871e-02,5.5202e-02,5.2290e-02,4.9189e-02,4.5961e-02,4.2669e-02,3.9373e-02,3.6121e-02,3.2949e-02,2.9879e-02,2.6920e-02,2.4071e-02,2.1326e-02,1.8675e-02,1.6109e-02,1.3620e-02,1.1202e-02,8.8540e-03,6.5736e-03,4.3621e-03,2.2212e-03,1.5293e-04,-1.8405e-03,-3.7570e-03,-5.5951e-03,-7.3535e-03,-9.0313e-03,-1.0628e-02,-1.2144e-02,-1.3579e-02,-1.4933e-02,-1.6206e-02,-1.7400e-02,-1.8514e-02,-1.9548e-02,-2.0504e-02,-2.1381e-02,-2.2179e-02,-2.2898e-02,-2.3538e-02,-2.4099e-02,-2.4581e-02,-2.4982e-02,-2.5303e-02,-2.5542e-02,-2.5700e-02,-2.5776e-02,-2.5768e-02,-2.5677e-02,-2.5502e-02,-2.5242e-02,-2.4896e-02,-2.4465e-02,-2.3947e-02,-2.3343e-02,-2.2652e-02,-2.1874e-02,-2.1009e-02,-2.0056e-02,-1.9017e-02,-1.7890e-02,-1.6677e-02,-1.5378e-02,-1.3993e-02,-1.2523e-02,-1.0969e-02,-9.3307e-03,-7.6097e-03,-5.8069e-03,-3.9232e-03,-1.9598e-03,8.2009e-05
2.6846e-03,8.8443e-03,1.4743e-02,2.0370e-02,2.5715e-02,3.0769e-02,3.5524e-02,3.9974e-02,4.4114e-02,4.7940e-02,5.1449e-02,5.4640e-02,5.7513e-02,6.0069e-02,6.2308e-02,6.4232e-02,6.5845e-02,6.7147e-02,6.8140e-02,6.8826e-02,6.9203e-02,6.9270e-02,6.9023e-02,6.8455e-02,6.7562e-02,6.6335e-02,6.4771e-02,6.2867e-02,6.0633e-02,5.8084e-02,5.5252e-02,5.2179e-02,4.8919e-02,4.5536e-02,4.2093e-02,3.8650e-02,3.5258e-02,3.1952e-02,2.8755e-02,2.5676e-02,2.2714e-02,1.9862e-02,1.7109e-02,1.4447e-02,1.1867e-02,9.3636e-03,6.9335e-03,4.5760e-03,2.2919e-03,8.2944e-05,-2.0487e-03,-4.1006e-03,-6.0708e-03,-7.9574e-03,-9.7591e-03,-1.1475e-02,-1.3104e-02,-1.4647e-02,-1.6102e-02,-1.7472e-02,-1.8754e-02,-1.9951e-02,-2.1062e-02,-2.2088e-02,-2.3028e-02,-2.3883e-02,-2.4653e-02,-2.5337e-02,-2.5936e-02,-2.6450e-02,-2.6877e-02,-2.7217e-02,-2.7470e-02,-2.7636e-02,-2.7713e-02,-2.7700e-02,-2.7598e-02,-2.7406e-02,-2.7122e-02,-2.6747e-02,-2.6280e-02,-2.5721e-02,-2.5068e-02,-2.4322e-02,-2.3483e-02,-2.2550e-02,-2.1524e-02,-2.0404e-02,-1.9191e-02,-1.7886e-02,-1.6488e-02,-1.4998e-02,-1.3418e-02,-1.1747e-02,-9.9863e-03,-8.1378e-03,-6.2022e-03,-4.1809e-03,-2.0749e-03,1.1373e-04
3.1801e-03,9.3287e-03,1.5223e-02,2.0852e-02,2.6206e-02,3.1276e-02,3.6053e-02,4.0532e-02,4.4707e-02,4.8573e-02,5.2128e-02,5.5370e-02,5.8298e-02,6.0912e-02,6.3213e-02,6.5203e-02,6.6885e-02,6.8261e-02,6.9333e-02,7.0103e-02,7.0572e-02,7.0739e-02,7.0604e-02,7.0160e-02,6.9403e-02,6.8326e-02,6.6922e-02,6.5184e-02,6.3113e-02,6.0713e-02,5.8002e-02,5.5009e-02,5.1779e-02,4.8364e-02,4.4830e-02,4.1240e-02,3.7655e-02,3.4127e-02,3.0692e-02,2.7374e-02,2.4180e-02,2.1110e-02,1.8156e-02,1.5308e-02,1.2556e-02,9.8905e-03,7.3068e-03,4.8013e-03,2.3730e-03,2.2795e-05,-2.2475e-03,-4.4356e-03,-6.5391e-03,-8.5555e-03,-1.0483e-02,-1.2320e-02,-1.4066e-02,-1.5719e-02,-1.7280e-02,-1.8748e-02,-2.0123e-02,-2.1406e-02,-2.2596e-02,-2.3694e-02,-2.4700e-02,-2.5614e-02,-2.6437e-02,-2.7168e-02,-2.7806e-02,-2.8353e-02,-2.8807e-02,-2.9168e-02,-2.9435e-02,-2.9608e-02,-2.9686e-02,-2.9669e-02,-2.9556e-02,-2.9346e-02,-2.9038e-02,-2.8633e-02,-2.8129e-02,-2.7526e-02,-2.6824e-02,-2.6022e-02,-2.5120e-02,-2.4118e-02,-2.3016e-02,-2.1815e-02,-2.0514e-02,-1.9113e-02,-1.7614e-02,-1.6018e-02,-1.4324e-02,-1.2534e-02,-1.0649e-02,-8.6700e-03,-6.5989e-03,-4.4368e-03,-2.1855e-03,1.5322e-04
3.6499e-03,9.7745e-03,1.5652e-02,2.1270e-02,2.6621e-02,3.1694e-02,3.6482e-02,4.0979e-02,4.5178e-02,4.9075e-02,5.2666e-02,5.5950e-02,5.8924e-02,6.1589e-02,6.3946e-02,6.5995e-02,6.7740e-02,6.9182e-02,7.0325e-02,7.1170e-02,7.1721e-02,7.1977e-02,7.1938e-02,7.1603e-02,7.0968e-02,7.0025e-02,6.8768e-02,6.7190e-02,6.5283e-02,6.3046e-02,6.0484e-02,5.7615e-02,5.4466e-02,5.1082e-02,4.7517e-02,4.3836e-02,4.0104e-02,3.6383e-02,3.2724e-02,2.9166e-02,2.5731e-02,2.2429e-02,1.9257e-02,1.6208e-02,1.3271e-02,1.0435e-02,7.6916e-03,5.0346e-03,2.4606e-03,-3.1333e-05,-2.4404e-03,-4.7646e-03,-7.0015e-03,-9.1485e-03,-1.1203e-02,-1.3163e-02,-1.5027e-02,-1.6794e-02,-1.8462e-02,-2.0032e-02,-2.1502e-02,-2.2873e-02,-2.4146e-02,-2.5319e-02,-2.6394e-02,-2.7369e-02,-2.8247e-02,-2.9025e-02,-2.9705e-02,-3.0286e-02,-3.0768e-02,-3.1150e-02,-3.1432e-02,-3.1613e-02,-3.1693e-02,-3.1671e-02,-3.1546e-02,-3.1318e-02,-3.0986e-02,-3.0550e-02,-3.0008e-02,-2.9361e-02,-2.8608e-02,-2.7749e-02,-2.6783e-02,-2.5711e-02,-2.4532e-02,-2.3246e-02,-2.1855e-02,-2.0358e-02,-1.8756e-02,-1.7050e-02,-1.5241e-02,-1.3329e-02,-1.1317e-02,-9.2057e-03,-6.9963e-03,-4.6910e-03,-2.2915e-03,2.0001e-04
4.0885e-03,1.0176e-02,1.6023e-02,2.1619e-02,2.6954e-02,3.2019e-02,3.6806e-02,4.1308e-02,4.5521e-02,4.9438e-02,5.3056e-02,5.6373e-02,5.9386e-02,6.2094e-02,6.4499e-02,6.6601e-02,6.8402e-02,6.9905e-02,7.1111e-02,7.2024e-02,7.2648e-02,7.2982e-02,7.3030e-02,7.2790e-02,7.2260e-02,7.1436e-02,7.0311e-02,6.8879e-02,6.7130e-02,6.5057e-02,6.2659e-02,5.9940e-02,5.6916e-02,5.3616e-02,5.0083e-02,4.6373e-02,4.2550e-02,3.8681e-02,3.4829e-02,3.1047e-02,2.7372e-02,2.3828e-02,2.0423e-02,1.7156e-02,1.4019e-02,1.1000e-02,8.0881e-03,5.2739e-03,2.5512e-03,-8.3540e-05,-2.6312e-03,-5.0910e-03,-7.4608e-03,-9.7381e-03,-1.1920e-02,-1.4004e-02,-1.5988e-02,-1.7869e-02,-1.9647e-02,-2.1320e-02,-2.2889e-02,-2.4351e-02,-2.5708e-02,-2.6959e-02,-2.8105e-02,-2.9144e-02,-3.0078e-02,-3.0907e-02,-3.1629e-02,-3.2246e-02,-3.2757e-02,-3.3161e-02,-3.3458e-02,-3.3648e-02,-3.3729e-02,-3.3702e-02,-3.3566e-02,-3.3320e-02,-3.2963e-02,-3.2495e-02,-3.1915e-02,-3.1223e-02,-3.0418e-02,-2.9500e-02,-2.8469e-02,-2.7325e-02,-2.6067e-02,-2.4696e-02,-2.3213e-02,-2.1618e-02,-1.9911e-02,-1.8094e-02,-1.6167e-02,-1.4132e-02,-1.1991e-02,-9.7442e-03,-7.3944e-03,-4.9435e-03,-2.3934e-03,2.5334e-04
4.4903e-03,1.0529e-02,1.6334e-02,2.1894e-02,2.7201e-02,3.2245e-02,3.7019e-02,4.1517e-02,4.5732e-02,4.9659e-02,5.3294e-02,5.6634e-02,5.9677e-02,6.2421e-02,6.4867e-02,6.7015e-02,6.8866e-02,7.0422e-02,7.1686e-02,7.2661e-02,7.3350e-02,7.3755e-02,7.3879e-02,7.3723e-02,7.3286e-02,7.2565e-02,7.1557e-02,7.0255e-02,6.8651e-02,6.6736e-02,6.4502e-02,6.1947e-02,5.9075e-02,5.5901e-02,5.2454e-02,4.8778e-02,4.4928e-02,4.0969e-02,3.6970e-02,3.2994e-02,2.9094e-02,2.5309e-02,2.1663e-02,1.8164e-02,1.4810e-02,1.1593e-02,8.4999e-03,5.5197e-03,2.6429e-03,-1.3721e-04,-2.8242e-03,-5.4189e-03,-7.9206e-03,-1.0327e-02,-1.2636e-02,-1.4843e-02,-1.6946e-02,-1.8944e-02,-2.0833e-02,-2.2612e-02,-2.4280e-02,-2.5836e-02,-2.7279e-02,-2.8611e-02,-2.9829e-02,-3.0935e-02,-3.1927e-02,-3.2807e-02,-3.3574e-02,-3.4228e-02,-3.4769e-02,-3.5196e-02,-3.5509e-02,-3.5708e-02,-3.5792e-02,-3.5760e-02,-3.5612e-02,-3.5348e-02,-3.4965e-02,-3.4465e-02,-3.3846e-02,-3.3108e-02,-3.2251e-02,-3.1273e-02,-3.0176e-02,-2.8958e-02,-2.7620e-02,-2.6163e-02,-2.4586e-02,-2.2891e-02,-2.1078e-02,-1.9147e-02,-1.7101e-02,-1.4941e-02,-1.2669e-02,-1.0285e-02,-7.7931e-03,-5.1945e-03,-2.4917e-03,3.1239e-04
4.8503e-03,1.0829e-02,1.6579e-02,2.2092e-02,2.7359e-02,3.2371e-02,3.7121e-02,4.1602e-02,4.5808e-02,4.9734e-02,5.3376e-02,5.6730e-02,5.9794e-02,6.2565e-02,6.5044e-02,6.7231e-02,6.9125e-02,7.0730e-02,7.2046e-02,7.3077e-02,7.3825e-02,7.4295e-02,7.4487e-02,7.4405e-02,7.4050e-02,7.3420e-02,7.2514e-02,7.1326e-02,6.9851e-02,6.8080e-02,6.6003e-02,6.3613e-02,6.0906e-02,5.7886e-02,5.4567e-02,5.0979e-02,4.7164e-02,4.3181e-02,3.9093e-02,3.4970e-02,3.0877e-02,2.6868e-02,2.2982e-02,1.9241e-02,1.5656e-02,1.2224e-02,8.9345e-03,5.7761e-03,2.7366e-03,-1.9393e-04,-3.0224e-03,-5.7524e-03,-8.3849e-03,-1.0919e-02,-1.3352e-02,-1.5682e-02,-1.7905e-02,-2.0018e-02,-2.2018e-02,-2.3904e-02,-2.5673e-02,-2.7324e-02,-2.8856e-02,-3.0270e-02,-3.1563e-02,-3.2737e-02,-3.3790e-02,-3.4724e-02,-3.5537e-02,-3.6229e-02,-3.6801e-02,-3.7253e-02,-3.7583e-02,-3.7791e-02,-3.7878e-02,-3.7841e-02,-3.7682e-02,-3.7399e-02,-3.6991e-02,-3.6458e-02,-3.5799e-02,-3.5015e-02,-3.4104e-02,-3.3066e-02,-3.1901e-02,-3.0609e-02,-2.9190e-02,-2.7645e-02,-2.5973e-02,-2.4176e-02,-2.2255e-02,-2.0210e-02,-1.8044e-02,-1.5757e-02,-1.3351e-02,-1.0829e-02,-8.1925e-03,-5.4444e-03,-2.5872e-03,3.7619e-04
5.1638e-03,1.1071e-02,1.6756e-02,2.2211e-02,2.7426e-02,3.2394e-02,3.7108e-02,4.1561e-02,4.5748e-02,4.9662e-02,5.3300e-02,5.6659e-02,5.9734e-02,6.2525e-02,6.5029e-02,6.7247e-02,6.9178e-02,7.0825e-02,7.2187e-02,7.3269e-02,7.4071e-02,7.4599e-02,7.4854e-02,7.4839e-02,7.4556e-02,7.4006e-02,7.3189e-02,7.2102e-02,7.0741e-02,6.9097e-02,6.7164e-02,6.4930e-02,6.2388e-02,5.9534e-02,5.6371e-02,5.2913e-02,4.9190e-02,4.5244e-02,4.1133e-02,3.6924e-02,3.2686e-02,2.8484e-02,2.4373e-02,2.0393e-02,1.6568e-02,1.2906e-02,9.4034e-03,6.0516e-03,2.8372e-03,-2.5219e-04,-3.2269e-03,-6.0940e-03,-8.8572e-03,-1.1517e-02,-1.4074e-02,-1.6524e-02,-1.8864e-02,-2.1091e-02,-2.3202e-02,-2.5195e-02,-2.7065e-02,-2.8813e-02,-3.0436e-02,-3.1933e-02,-3.3303e-02,-3.4547e-02,-3.5663e-02,-3.6651e-02,-3.7512e-02,-3.8245e-02,-3.8850e-02,-3.9326e-02,-3.9674e-02,-3.9893e-02,-3.9983e-02,-3.9942e-02,-3.9771e-02,-3.9469e-02,-3.9036e-02,-3.8470e-02,-3.7771e-02,-3.6939e-02,-3.5974e-02,-3.4875e-02,-3.3642e-02,-3.2274e-02,-3.0773e-02,-2.9139e-02,-2.7371e-02,-2.5472e-02,-2.3441e-02,-2.1281e-02,-1.8992e-02,-1.6577e-02,-1.4037e-02,-1.1375e-02,-8.5928e-03,-5.6937e-03,-2.6805e-03,4.4350e-04
5.4267e-03,1.1252e-02,1.6861e-02,2.2247e-02,2.7400e-02,3.2314e-02,3.6981e-02,4.1395e-02,4.5551e-02,4.9444e-02,5.3068e-02,5.6421e-02,5.9498e-02,6.2299e-02,6.4820e-02,6.7062e-02,6.9023e-02,7.0705e-02,7.2108e-02,7.3235e-02,7.4087e-02,7.4668e-02,7.4980e-02,7.5026e-02,7.4809e-02,7.4331e-02,7.3593e-02,7.2593e-02,7.1331e-02,6.9800e-02,6.7993e-02,6.5902e-02,6.3517e-02,6.0829e-02,5.7833e-02,5.4533e-02,5.0943e-02,4.7090e-02,4.3020e-02,3.8790e-02,3.4467e-02,3.0121e-02,2.5819e-02,2.1616e-02,1.7552e-02,1.3651e-02,9.9210e-03,6.3589e-03,2.9543e-03,-3.0607e-04,-3.4353e-03,-6.4441e-03,-9.3395e-03,-1.2125e-02,-1.4803e-02,-1.7370e-02,-1.9826e-02,-2.2166e-02,-2.4386e-02,-2.6484e-02,-2.8456e-02,-3.0301e-02,-3.2014e-02,-3.3596e-02,-3.5045e-02,-3.6360e-02,-3.7540e-02,-3.8586e-02,-3.9496e-02,-4.0271e-02,-4.0910e-02,-4.1413e-02,-4.1779e-02,-4.2010e-02,-4.2103e-02,-4.2059e-02,-4.1877e-02,-4.1556e-02,-4.1097e-02,-4.0498e-02,-3.9759e-02,-3.8880e-02,-3.7860e-02,-3.6698e-02,-3.5396e-02,-3.3953e-02,-3.2369e-02,-3.0644e-02,-2.8780e-02,-2.6777e-02,-2.4636e-02,-2.2359e-02,-1.9947e-02,-1.7402e-02,-1.4727e-02,-1.1923e-02,-8.9943e-03,-5.9431e-03,-2.7728e-03,5.1304e-04
5.6350e-03,1.1369e-02,1.6893e-02,2.2200e-02,2.7281e-02,3.2130e-02,3.6740e-02,4.1105e-02,4.5220e-02,4.9080e-02,5.2681e-02,5.6018e-02,5.9088e-02,6.1890e-02,6.4420e-02,6.6677e-02,6.8661e-02,7.0372e-02,7.1809e-02,7.2976e-02,7.3872e-02,7.4501e-02,7.4866e-02,7.4968e-02,7.4812e-02,7.4399e-02,7.3731e-02,7.2810e-02,7.1634e-02,7.0201e-02,6.8506e-02,6.6542e-02,6.4299e-02,6.1768e-02,5.8939e-02,5.5808e-02,5.2377e-02,4.8660e-02,4.4686e-02,4.0500e-02,3.6158e-02,3.1729e-02,2.7285e-02,2.2892e-02,1.8606e-02,1.4468e-02,1.0502e-02,6.7143e-03,3.1026e-03,-3.4432e-04,-3.6404e-03,-6.7989e-03,-9.8309e-03,-1.2744e-02,-1.5541e-02,-1.8225e-02,-2.0793e-02,-2.3242e-02,-2.5570e-02,-2.7771e-02,-2.9844e-02,-3.1784e-02,-3.3589e-02,-3.5257e-02,-3.6785e-02,-3.8172e-02,-3.9419e-02,-4.0522e-02,-4.1484e-02,-4.2302e-02,-4.2976e-02,-4.3507e-02,-4.3894e-02,-4.4137e-02,-4.4234e-02,-4.4187e-02,-4.3995e-02,-4.3656e-02,-4.3171e-02,-4.2539e-02,-4.1760e-02,-4.0832e-02,-3.9757e-02,-3.8534e-02,-3.7162e-02,-3.5642e-02,-3.3974e-02,-3.2159e-02,-3.0197e-02,-2.8089e-02,-2.5837e-02,-2.3442e-02,-2.0906e-02,-1.8231e-02,-1.5420e-02,-1.2474e-02,-9.3975e-03,-6.1933e-03,-2.8650e-03,5.8356e-04
5.7858e-03,1.1420e-02,1.6850e-02,2.2069e-02,2.7069e-02,3.1843e-02,3.6387e-02,4.0693e-02,4.4758e-02,4.8575e-02,5.2142e-02,5.5454e-02,5.8508e-02,6.1301e-02,6.3831e-02,6.6096e-02,6.8095e-02,6.9827e-02,7.1293e-02,7.2494e-02,7.3429e-02,7.4102e-02,7.4514e-02,7.4669e-02,7.4568e-02,7.4215e-02,7.3612e-02,7.2761e-02,7.1662e-02,7.0315e-02,6.8718e-02,6.6865e-02,6.4748e-02,6.2359e-02,5.9688e-02,5.6725e-02,5.3465e-02,4.9910e-02,4.6075e-02,4.1987e-02,3.7692e-02,3.3248e-02,2.8723e-02,2.4190e-02,1.9716e-02,1.5358e-02,1.1156e-02,7.1342e-03,3.3001e-03,-3.5047e-04,-3.8289e-03,-7.1496e-03,-1.0326e-02,-1.3371e-02,-1.6290e-02,-1.9088e-02,-2.1765e-02,-2.4321e-02,-2.6753e-02,-2.9056e-02,-3.1227e-02,-3.3262e-02,-3.5157e-02,-3.6910e-02,-3.8518e-02,-3.9979e-02,-4.1292e-02,-4.2456e-02,-4.3469e-02,-4.4332e-02,-4.5044e-02,-4.5604e-02,-4.6013e-02,-4.6269e-02,-4.6372e-02,-4.6323e-02,-4.6121e-02,-4.5764e-02,-4.5254e-02,-4.4589e-02,-4.3769e-02,-4.2794e-02,-4.1664e-02,-4.0378e-02,-3.8936e-02,-3.7339e-02,-3.5587e-02,-3.3681e-02,-3.1621e-02,-2.9408e-02,-2.7044e-02,-2.4531e-02,-2.1870e-02,-1.9064e-02,-1.6116e-02,-1.3028e-02,-9.8028e-03,-6.4452e-03,-2.9583e-03,6.5333e-04
5.8765e-03,1.1403e-02,1.6731e-02,2.1853e-02,2.6764e-02,3.1456e-02,3.5923e-02,4.0162e-02,4.4167e-02,4.7933e-02,5.1456e-02,5.4734e-02,5.7762e-02,6.0538e-02,6.3060e-02,6.5324e-02,6.7330e-02,6.9077e-02,7.0565e-02,7.1793e-02,7.2762e-02,7.3474e-02,7.3930e-02,7.4132e-02,7.4083e-02,7.3786e-02,7.3242e-02,7.2456e-02,7.1427e-02,7.0157e-02,6.8646e-02,6.6890e-02,6.4884e-02,6.2622e-02,6.0094e-02,5.7289e-02,5.4198e-02,5.0816e-02,4.7145e-02,4.3199e-02,3.9006e-02,3.4611e-02,3.0074e-02,2.5463e-02,2.0851e-02,1.6306e-02,1.1886e-02,7.6317e-03,3.5657e-03,-3.0410e-04,-3.9823e-03,-7.4810e-03,-1.0815e-02,-1.3999e-02,-1.7043e-02,-1.9957e-02,-2.2743e-02,-2.5404e-02,-2.7936e-02,-3.0337e-02,-3.2603e-02,-3.4731e-02,-3.6715e-02,-3.8552e-02,-4.0240e-02,-4.1775e-02,-4.3156e-02,-4.4380e-02,-4.5448e-02,-4.6357e-02,-4.7107e-02,-4.7698e-02,-4.8130e-02,-4.8401e-02,-4.8511e-02,-4.8461e-02,-4.8250e-02,-4.7877e-02,-4.7342e-02,-4.6644e-02,-4.5785e-02,-4.4762e-02,-4.3577e-02,-4.2228e-02,-4.0716e-02,-3.9042e-02,-3.7206e-02,-3.5208e-02,-3.3049e-02,-3.0731e-02,-2.8256e-02,-2.5624e-02,-2.2838e-02,-1.9901e-02,-1.6815e-02,-1.3584e-02,-1.0211e-02,-6.6996e-03,-3.0541e-03,7.2094e-04
5.9052e-03,1.1317e-02,1.6536e-02,2.1555e-02,2.6368e-02,3.0969e-02,3.5354e-02,3.9516e-02,4.3453e-02,4.7159e-02,5.0631e-02,5.3865e-02,5.6859e-02,5.9609e-02,6.2113e-02,6.4369e-02,6.6375e-02,6.8129e-02,6.9631e-02,7.0881e-02,7.1878e-02,7.2623e-02,7.3118e-02,7.3364e-02,7.3363e-02,7.3118e-02,7.2631e-02,7.1904e-02,7.0940e-02,6.9740e-02,6.8306e-02,6.6636e-02,6.4728e-02,6.2577e-02,6.0175e-02,5.7514e-02,5.4583e-02,5.1371e-02,4.7875e-02,4.4096e-02,4.0047e-02,3.5758e-02,3.1274e-02,2.6653e-02,2.1966e-02,1.7286e-02,1.2682e-02,8.2113e-03,3.9150e-03,-1.8362e-04,-4.0776e-03,-7.7720e-03,-1.1279e-02,-1.4615e-02,-1.7794e-02,-2.0827e-02,-2.3723e-02,-2.6486e-02,-2.9117e-02,-3.1613e-02,-3.3971e-02,-3.6188e-02,-3.8258e-02,-4.0179e-02,-4.1945e-02,-4.3554e-02,-4.5003e-02,-4.6289e-02,-4.7411e-02,-4.8368e-02,-4.9159e-02,-4.9782e-02,-5.0238e-02,-5.0526e-02,-5.0645e-02,-5.0595e-02,-5.0376e-02,-4.9987e-02,-4.9429e-02,-4.8700e-02,-4.7801e-02,-4.6731e-02,-4.5491e-02,-4.4080e-02,-4.2499e-02,-4.0748e-02,-3.8827e-02,-3.6738e-02,-3.4481e-02,-3.2058e-02,-2.9470e-02,-2.6720e-02,-2.3809e-02,-2.0741e-02,-1.7518e-02,-1.4144e-02,-1.0623e-02,-6.9576e-03,-3.1537e-03,7.8446e-04
5.8709e-03,1.1162e-02,1.6265e-02,2.1175e-02,2.5884e-02,3.0387e-02,3.4681e-02,3.8760e-02,4.2621e-02,4.6259e-02,4.9672e-02,5.2855e-02,5.5806e-02,5.8523e-02,6.1001e-02,6.3240e-02,6.5238e-02,6.6992e-02,6.8502e-02,6.9766e-02,7.0786e-02,7.1559e-02,7.2088e-02,7.2374e-02,7.2417e-02,7.2220e-02,7.1786e-02,7.1115e-02,7.0212e-02,6.9078e-02,6.7714e-02,6.6122e-02,6.4301e-02,6.2248e-02,5.9958e-02,5.7424e-02,5.4637e-02,5.1587e-02,4.8263e-02,4.4661e-02,4.0782e-02,3.6640e-02,3.2264e-02,2.7700e-02,2.3006e-02,1.8254e-02,1.3517e-02,8.8650e-03,4.3554e-03,2.9244e-05,-4.0904e-03,-7.9968e-03,-1.1696e-02,-1.5200e-02,-1.8526e-02,-2.1687e-02,-2.4698e-02,-2.7564e-02,-3.0291e-02,-3.2879e-02,-3.5327e-02,-3.7630e-02,-3.9784e-02,-4.1785e-02,-4.3628e-02,-4.5310e-02,-4.6826e-02,-4.8175e-02,-4.9353e-02,-5.0359e-02,-5.1191e-02,-5.1849e-02,-5.2331e-02,-5.2637e-02,-5.2766e-02,-5.2718e-02,-5.2493e-02,-5.2090e-02,-5.1509e-02,-5.0750e-02,-4.9813e-02,-4.8697e-02,-4.7403e-02,-4.5931e-02,-4.4281e-02,-4.2453e-02,-4.0449e-02,-3.8269e-02,-3.5914e-02,-3.3386e-02,-3.0687e-02,-2.7818e-02,-2.4783e-02,-2.1584e-02,-1.8224e-02,-1.4708e-02,-1.1038e-02,-7.2203e-03,-3.2583e-03,8.4242e-04
5.7732e-03,1.0938e-02,1.5921e-02,2.0714e-02,2.5314e-02,2.9714e-02,3.3911e-02,3.7901e-02,4.1679e-02,4.5242e-02,4.8588e-02,5.1713e-02,5.4614e-02,5.7289e-02,5.9734e-02,6.1949e-02,6.3931e-02,6.5678e-02,6.7188e-02,6.8461e-02,6.9496e-02,7.0293e-02,7.0851e-02,7.1171e-02,7.1255e-02,7.1103e-02,7.0718e-02,7.0101e-02,6.9256e-02,6.8183e-02,6.6886e-02,6.5366e-02,6.3623e-02,6.1658e-02,5.9467e-02,5.7046e-02,5.4388e-02,5.1483e-02,4.8322e-02,4.4894e-02,4.1195e-02,3.7226e-02,3.3001e-02,2.8548e-02,2.3914e-02,1.9158e-02,1.4352e-02,9.5698e-03,4.8814e-03,3.4466e-04,-3.9995e-03,-8.1282e-03,-1.2035e-02,-1.5727e-02,-1.9216e-02,-2.2519e-02,-2.5653e-02,-2.8628e-02,-3.1453e-02,-3.4132e-02,-3.6665e-02,-3.9051e-02,-4.1285e-02,-4.3364e-02,-4.5282e-02,-4.7035e-02,-4.8618e-02,-5.0029e-02,-5.1263e-02,-5.2319e-02,-5.3195e-02,-5.3888e-02,-5.4398e-02,-5.4724e-02,-5.4866e-02,-5.4822e-02,-5.4593e-02,-5.4178e-02,-5.3576e-02,-5.2789e-02,-5.1815e-02,-5.0655e-02,-4.9308e-02,-4.7775e-02,-4.6057e-02,-4.4154e-02,-4.2067e-02,-3.9797e-02,-3.7345e-02,-3.4713e-02,-3.1903e-02,-2.8917e-02,-2.5758e-02,-2.2429e-02,-1.8933e-02,-1.5275e-02,-1.1459e-02,-7.4885e-03,-3.3696e-03,8.9265e-04
5.6124e-03,1.0647e-02,1.5504e-02,2.0177e-02,2.4662e-02,2.8954e-02,3.3049e-02,3.6943e-02,4.0633e-02,4.4116e-02,4.7388e-02,5.0448e-02,5.3292e-02,5.5919e-02,5.8325e-02,6.0508e-02,6.2467e-02,6.4199e-02,6.5703e-02,6.6978e-02,6.8023e-02,6.8836e-02,6.9418e-02,6.9769e-02,6.9889e-02,6.9779e-02,6.9440e-02,6.8875e-02,6.8084e-02,6.7071e-02,6.5837e-02,6.4385e-02,6.2715e-02,6.0830e-02,5.8728e-02,5.6407e-02,5.3863e-02,5.1089e-02,4.8075e-02,4.4812e-02,4.1290e-02,3.7503e-02,3.3453e-02,2.9155e-02,2.4636e-02,1.9943e-02,1.5137e-02,1.0288e-02,5.4728e-03,7.6005e-04,-3.7919e-03,-8.1421e-03,-1.2268e-02,-1.6163e-02,-1.9835e-02,-2.3298e-02,-2.6568e-02,-2.9660e-02,-3.2588e-02,-3.5359e-02,-3.7977e-02,-4.0443e-02,-4.2755e-02,-4.4908e-02,-4.6898e-02,-4.8721e-02,-5.0370e-02,-5.1842e-02,-5.3133e-02,-5.4240e-02,-5.5159e-02,-5.5890e-02,-5.6431e-02,-5.6779e-02,-5.6936e-02,-5.6898e-02,-5.6667e-02,-5.6242e-02,-5.5622e-02,-5.4808e-02,-5.3800e-02,-5.2597e-02,-5.1199e-02,-4.9608e-02,-4.7824e-02,-4.5847e-02,-4.3678e-02,-4.1319e-02,-3.8771e-02,-3.6036e-02,-3.3117e-02,-3.0015e-02,-2.6733e-02,-2.3275e-02,-1.9645e-02,-1.5847e-02,-1.1884e-02,-7.7633e-03,-3.4886e-03,9.3367e-04
5.3899e-03,1.0290e-02,1.5018e-02,1.9567e-02,2.3933e-02,2.8113e-02,3.2101e-02,3.5895e-02,3.9492e-02,4.2889e-02,4.6083e-02,4.9072e-02,5.1853e-02,5.4425e-02,5.6784e-02,5.8930e-02,6.0859e-02,6.2571e-02,6.4062e-02,6.5333e-02,6.6381e-02,6.7206e-02,6.7807e-02,6.8183e-02,6.8334e-02,6.8262e-02,6.7967e-02,6.7449e-02,6.6712e-02,6.5755e-02,6.4582e-02,6.3195e-02,6.1596e-02,5.9786e-02,5.7766e-02,5.5537e-02,5.3095e-02,5.0436e-02,4.7555e-02,4.4441e-02,4.1085e-02,3.7478e-02,3.3614e-02,2.9494e-02,2.5132e-02,2.0559e-02,1.5819e-02,1.0974e-02,6.0947e-03,1.2576e-03,-3.4675e-03,-8.0225e-03,-1.2367e-02,-1.6478e-02,-2.0350e-02,-2.3991e-02,-2.7415e-02,-3.0638e-02,-3.3678e-02,-3.6547e-02,-3.9252e-02,-4.1798e-02,-4.4184e-02,-4.6409e-02,-4.8469e-02,-5.0358e-02,-5.2071e-02,-5.3604e-02,-5.4951e-02,-5.6109e-02,-5.7074e-02,-5.7844e-02,-5.8417e-02,-5.8790e-02,-5.8964e-02,-5.8935e-02,-5.8705e-02,-5.8273e-02,-5.7638e-02,-5.6800e-02,-5.5759e-02,-5.4516e-02,-5.3070e-02,-5.1423e-02,-4.9574e-02,-4.7525e-02,-4.5277e-02,-4.2832e-02,-4.0190e-02,-3.7354e-02,-3.4326e-02,-3.1110e-02,-2.7707e-02,-2.4122e-02,-2.0359e-02,-1.6422e-02,-1.2316e-02,-8.0456e-03,-3.6173e-03,9.6341e-04
5.1074e-03,9.8706e-03,1.4466e-02,1.8888e-02,2.3132e-02,2.7195e-02,3.1074e-02,3.4764e-02,3.8264e-02,4.1570e-02,4.4682e-02,4.7595e-02,5.0309e-02,5.2820e-02,5.5128e-02,5.7230e-02,5.9124e-02,6.0808e-02,6.2281e-02,6.3541e-02,6.4587e-02,6.5418e-02,6.6032e-02,6.6428e-02,6.6608e-02,6.6569e-02,6.6314e-02,6.5842e-02,6.5154e-02,6.4253e-02,6.3140e-02,6.1816e-02,6.0284e-02,5.8547e-02,5.6605e-02,5.4460e-02,5.2112e-02,4.9558e-02,4.6794e-02,4.3815e-02,4.0611e-02,3.7173e-02,3.3491e-02,2.9559e-02,2.5380e-02,2.0967e-02,1.6350e-02,1.1574e-02,6.7020e-03,1.8048e-03,-3.0416e-03,-7.7669e-03,-1.2313e-02,-1.6639e-02,-2.0723e-02,-2.4560e-02,-2.8158e-02,-3.1532e-02,-3.4698e-02,-3.7674e-02,-4.0472e-02,-4.3099e-02,-4.5560e-02,-4.7855e-02,-4.9982e-02,-5.1935e-02,-5.3710e-02,-5.5302e-02,-5.6704e-02,-5.7914e-02,-5.8926e-02,-5.9736e-02,-6.0343e-02,-6.0744e-02,-6.0938e-02,-6.0922e-02,-6.0696e-02,-6.0259e-02,-5.9612e-02,-5.8754e-02,-5.7684e-02,-5.6404e-02,-5.4913e-02,-5.3212e-02,-5.1302e-02,-4.9184e-02,-4.6859e-02,-4.4329e-02,-4.1596e-02,-3.8661e-02,-3.5528e-02,-3.2199e-02,-2.8678e-02,-2.4969e-02,-2.1075e-02,-1.7001e-02,-1.2753e-02,-8.3365e-03,-3.7565e-03,9.8016e-04
4.7677e-03,9.3912e-03,1.3852e-02,1.8144e-02,2.2264e-02,2.6208e-02,2.9974e-02,3.3558e-02,3.6957e-02,4.0170e-02,4.3195e-02,4.6029e-02,4.8670e-02,5.1118e-02,5.3369e-02,5.5422e-02,5.7276e-02,5.8928e-02,6.0377e-02,6.1621e-02,6.2659e-02,6.3490e-02,6.4112e-02,6.4524e-02,6.4726e-02,6.4718e-02,6.4499e-02,6.4069e-02,6.3430e-02,6.2582e-02,6.1526e-02,6.0265e-02,5.8800e-02,5.7133e-02,5.5267e-02,5.3202e-02,5.0941e-02,4.8484e-02,4.5827e-02,4.2969e-02,3.9902e-02,3.6619e-02,3.3108e-02,2.9362e-02,2.5374e-02,2.1147e-02,1.6694e-02,1.2045e-02,7.2462e-03,2.3587e-03,-2.5447e-03,-7.3885e-03,-1.2102e-02,-1.6627e-02,-2.0923e-02,-2.4969e-02,-2.8759e-02,-3.2303e-02,-3.5615e-02,-3.8713e-02,-4.1613e-02,-4.4328e-02,-4.6866e-02,-4.9231e-02,-5.1423e-02,-5.3439e-02,-5.5274e-02,-5.6923e-02,-5.8380e-02,-5.9641e-02,-6.0700e-02,-6.1553e-02,-6.2196e-02,-6.2627e-02,-6.2844e-02,-6.2844e-02,-6.2626e-02,-6.2189e-02,-6.1533e-02,-6.0658e-02,-5.9564e-02,-5.8250e-02,-5.6717e-02,-5.4967e-02,-5.2999e-02,-5.0816e-02,-4.8417e-02,-4.5806e-02,-4.2985e-02,-3.9955e-02,-3.6719e-02,-3.3281e-02,-2.9644e-02,-2.5813e-02,-2.1791e-02,-1.7584e-02,-1.3197e-02,-8.6363e-03,-3.9076e-03,9.8219e-04
4.3739e-03,8.8562e-03,1.3180e-02,1.7341e-02,2.1335e-02,2.5159e-02,2.8810e-02,3.2285e-02,3.5582e-02,3.8699e-02,4.1634e-02,4.4386e-02,4.6952e-02,4.9331e-02,5.1522e-02,5.3522e-02,5.5331e-02,5.6946e-02,5.8366e-02,5.9589e-02,6.0615e-02,6.1441e-02,6.2066e-02,6.2490e-02,6.2711e-02,6.2728e-02,6.2542e-02,6.2151e-02,6.1557e-02,6.0760e-02,5.9761e-02,5.8561e-02,5.7161e-02,5.5565e-02,5.3772e-02,5.1787e-02,4.9610e-02,4.7244e-02,4.4687e-02,4.1939e-02,3.8996e-02,3.5852e-02,3.2500e-02,2.8928e-02,2.5129e-02,2.1097e-02,1.6833e-02,1.2352e-02,7.6830e-03,2.8723e-03,-2.0181e-03,-6.9158e-03,-1.1745e-02,-1.6434e-02,-2.0927e-02,-2.5181e-02,-2.9177e-02,-3.2910e-02,-3.6388e-02,-3.9627e-02,-4.2646e-02,-4.5459e-02,-4.8081e-02,-5.0519e-02,-5.2777e-02,-5.4854e-02,-5.6747e-02,-5.8452e-02,-5.9963e-02,-6.1275e-02,-6.2382e-02,-6.3278e-02,-6.3960e-02,-6.4424e-02,-6.4667e-02,-6.4686e-02,-6.4480e-02,-6.4048e-02,-6.3388e-02,-6.2501e-02,-6.1386e-02,-6.0044e-02,-5.8474e-02,-5.6678e-02,-5.4657e-02,-5.2412e-02,-4.9945e-02,-4.7257e-02,-4.4351e-02,-4.1229e-02,-3.7895e-02,-3.4351e-02,-3.0602e-02,-2.6653e-02,-2.2507e-02,-1.8170e-02,-1.3647e-02,-8.9456e-03,-4.0716e-03,9.6817e-04
3.9303e-03,8.2700e-03,1.2456e-02,1.6485e-02,2.0352e-02,2.4054e-02,2.7588e-02,3.0953e-02,3.4146e-02,3.7166e-02,4.0010e-02,4.2676e-02,4.5165e-02,4.7473e-02,4.9600e-02,5.1545e-02,5.3305e-02,5.4879e-02,5.6266e-02,5.7465e-02,5.8474e-02,5.9291e-02,5.9915e-02,6.0345e-02,6.0580e-02,6.0620e-02,6.0462e-02,6.0108e-02,5.9557e-02,5.8809e-02,5.7864e-02,5.6724e-02,5.5389e-02,5.3862e-02,5.2144e-02,5.0237e-02,4.8143e-02,4.5864e-02,4.3402e-02,4.0757e-02,3.7928e-02,3.4912e-02,3.1703e-02,2.8292e-02,2.4672e-02,2.0831e-02,1.6766e-02,1.2477e-02,7.9799e-03,3.3027e-03,-1.5076e-03,-6.3890e-03,-1.1269e-02,-1.6071e-02,-2.0725e-02,-2.5173e-02,-2.9375e-02,-3.3310e-02,-3.6974e-02,-4.0377e-02,-4.3533e-02,-4.6461e-02,-4.9177e-02,-5.1695e-02,-5.4022e-02,-5.6162e-02,-5.8113e-02,-5.9873e-02,-6.1437e-02,-6.2800e-02,-6.3954e-02,-6.4895e-02,-6.5618e-02,-6.6117e-02,-6.6390e-02,-6.6432e-02,-6.6243e-02,-6.5820e-02,-6.5161e-02,-6.4267e-02,-6.3138e-02,-6.1772e-02,-6.0171e-02,-5.8335e-02,-5.6266e-02,-5.3965e-02,-5.1433e-02,-4.8673e-02,-4.5687e-02,-4.2478e-02,-3.9050e-02,-3.5406e-02,-3.1549e-02,-2.7485e-02,-2.3219e-02,-1.8756e-02,-1.4103e-02,-9.2646e-03,-4.2490e-03,9.3649e-04
3.4413e-03,7.6379e-03,1.1686e-02,1.5581e-02,1.9320e-02,2.2900e-02,2.6318e-02,2.9573e-02,3.2661e-02,3.5581e-02,3.8332e-02,4.0913e-02,4.3322e-02,4.5558e-02,4.7619e-02,4.9505e-02,5.1214e-02,5.2745e-02,5.4096e-02,5.5266e-02,5.6254e-02,5.7058e-02,5.7677e-02,5.8110e-02,5.8356e-02,5.8414e-02,5.8282e-02,5.7961e-02,5.7450e-02,5.6748e-02,5.5856e-02,5.4775e-02,5.3504e-02,5.2046e-02,5.0401e-02,4.8572e-02,4.6561e-02,4.4370e-02,4.2001e-02,3.9455e-02,3.6733e-02,3.3834e-02,3.0756e-02,2.7493e-02,2.4036e-02,2.0378e-02,1.6508e-02,1.2422e-02,8.1202e-03,3.6182e-03,-1.0551e-03,-5.8532e-03,-1.0714e-02,-1.5564e-02,-2.0328e-02,-2.4935e-02,-2.9328e-02,-3.3466e-02,-3.7330e-02,-4.0915e-02,-4.4231e-02,-4.7294e-02,-5.0122e-02,-5.2731e-02,-5.5135e-02,-5.7341e-02,-5.9352e-02,-6.1168e-02,-6.2784e-02,-6.4197e-02,-6.5400e-02,-6.6386e-02,-6.7151e-02,-6.7689e-02,-6.7995e-02,-6.8065e-02,-6.7897e-02,-6.7488e-02,-6.6837e-02,-6.5942e-02,-6.4803e-02,-6.3421e-02,-6.1794e-02,-5.9925e-02,-5.7814e-02,-5.5462e-02,-5.2872e-02,-5.0046e-02,-4.6987e-02,-4.3697e-02,-4.0179e-02,-3.6439e-02,-3.2481e-02,-2.8308e-02,-2.3927e-02,-1.9343e-02,-1.4563e-02,-9.5928e-03,-4.4406e-03,8.8612e-04
2.9120e-03,6.9654e-03,1.0875e-02,1.4638e-02,1.8249e-02,2.1707e-02,2.5008e-02,2.8151e-02,3.1134e-02,3.3955e-02,3.6614e-02,3.9108e-02,4.1436e-02,4.3598e-02,4.5592e-02,4.7418e-02,4.9074e-02,5.0558e-02,5.1871e-02,5.3010e-02,5.3974e-02,5.4762e-02,5.5373e-02,5.5806e-02,5.6059e-02,5.6131e-02,5.6022e-02,5.5731e-02,5.5257e-02,5.4599e-02,5.3758e-02,5.2734e-02,5.1527e-02,5.0137e-02,4.8566e-02,4.6816e-02,4.4888e-02,4.2784e-02,4.0507e-02,3.8058e-02,3.5440e-02,3.2653e-02,2.9697e-02,2.6568e-02,2.3263e-02,1.9772e-02,1.6088e-02,1.2200e-02,8.1047e-03,3.8025e-03,-6.9227e-04,-5.3500e-03,-1.0124e-02,-1.4952e-02,-1.9762e-02,-2.4476e-02,-2.9026e-02,-3.3352e-02,-3.7417e-02,-4.1199e-02,-4.4695e-02,-4.7915e-02,-5.0875e-02,-5.3593e-02,-5.6086e-02,-5.8367e-02,-6.0442e-02,-6.2315e-02,-6.3985e-02,-6.5448e-02,-6.6700e-02,-6.7733e-02,-6.8542e-02,-6.9121e-02,-6.9463e-02,-6.9566e-02,-6.9424e-02,-6.9035e-02,-6.8397e-02,-6.7508e-02,-6.6367e-02,-6.4974e-02,-6.3330e-02,-6.1434e-02,-5.9288e-02,-5.6893e-02,-5.4252e-02,-5.1367e-02,-4.8240e-02,-4.4876e-02,-4.1276e-02,-3.7447e-02,-3.3392e-02,-2.9116e-02,-2.4626e-02,-1.9927e-02,-1.5026e-02,-9.9300e-03,-4.6466e-03,8.1609e-04
2.3477e-03,6.2584e-03,1.0030e-02,1.3660e-02,1.7144e-02,2.0480e-02,2.3665e-02,2.6698e-02,2.9576e-02,3.2298e-02,3.4864e-02,3.7271e-02,3.9519e-02,4.1606e-02,4.3533e-02,4.5297e-02,4.6899e-02,4.8336e-02,4.9608e-02,5.0713e-02,5.1652e-02,5.2421e-02,5.3022e-02,5.3451e-02,5.3708e-02,5.3793e-02,5.3704e-02,5.3440e-02,5.3000e-02,5.2384e-02,5.1592e-02,5.0624e-02,4.9478e-02,4.8157e-02,4.6659e-02,4.4988e-02,4.3143e-02,4.1128e-02,3.8943e-02,3.6592e-02,3.4076e-02,3.1397e-02,2.8557e-02,2.5555e-02,2.2389e-02,1.9053e-02,1.5541e-02,1.1842e-02,7.9491e-03,3.8559e-03,-4.3563e-04,-4.9114e-03,-9.5420e-03,-1.4281e-02,-1.9065e-02,-2.3823e-02,-2.8477e-02,-3.2958e-02,-3.7209e-02,-4.1189e-02,-4.4880e-02,-4.8278e-02,-5.1393e-02,-5.4241e-02,-5.6841e-02,-5.9208e-02,-6.1357e-02,-6.3292e-02,-6.5019e-02,-6.6534e-02,-6.7835e-02,-6.8916e-02,-6.9771e-02,-7.0393e-02,-7.0776e-02,-7.0915e-02,-7.0805e-02,-7.0442e-02,-6.9824e-02,-6.8948e-02,-6.7812e-02,-6.6417e-02,-6.4762e-02,-6.2848e-02,-6.0675e-02,-5.8245e-02,-5.5561e-02,-5.2625e-02,-4.9439e-02,-4.6007e-02,-4.2333e-02,-3.8422e-02,-3.4278e-02,-2.9906e-02,-2.5314e-02,-2.0506e-02,-1.5491e-02,-1.0275e-02,-4.8664e-03,7.2608e-04
1.7543e-03,5.5231e-03,9.1583e-03,1.2656e-02,1.6014e-02,1.9229e-02,2.2299e-02,2.5222e-02,2.7996e-02,3.0620e-02,3.3093e-02,3.5414e-02,3.7581e-02,3.9595e-02,4.1454e-02,4.3156e-02,4.4703e-02,4.6092e-02,4.7322e-02,4.8393e-02,4.9304e-02,5.0054e-02,5.0641e-02,5.1065e-02,5.1324e-02,5.1419e-02,5.1346e-02,5.1107e-02,5.0700e-02,5.0124e-02,4.9379e-02,4.8464e-02,4.7379e-02,4.6125e-02,4.4701e-02,4.3108e-02,4.1348e-02,3.9421e-02,3.7330e-02,3.5077e-02,3.2663e-02,3.0092e-02,2.7366e-02,2.4485e-02,2.1450e-02,1.8257e-02,1.4904e-02,1.1381e-02,7.6806e-03,3.7936e-03,-2.8543e-04,-4.5548e-03,-9.0003e-03,-1.3593e-02,-1.8285e-02,-2.3015e-02,-2.7710e-02,-3.2294e-02,-3.6697e-02,-4.0862e-02,-4.4749e-02,-4.8340e-02,-5.1631e-02,-5.4632e-02,-5.7360e-02,-5.9833e-02,-6.2067e-02,-6.4074e-02,-6.5862e-02,-6.7434e-02,-6.8787e-02,-6.9917e-02,-7.0820e-02,-7.1488e-02,-7.1914e-02,-7.2094e-02,-7.2021e-02,-7.1690e-02,-7.1098e-02,-7.0242e-02,-6.9120e-02,-6.7731e-02,-6.6074e-02,-6.4151e-02,-6.1960e-02,-5.9505e-02,-5.6786e-02,-5.3807e-02,-5.0571e-02,-4.7081e-02,-4.3341e-02,-3.9356e-02,-3.5131e-02,-3.0672e-02,-2.5985e-02,-2.1077e-02,-1.5954e-02,-1.0626e-02,-5.0995e-03,6.1613e-04
1.1379e-03,4.7659e-03,8.2655e-03,1.1633e-02,1.4866e-02,1.7961e-02,2.0917e-02,2.3731e-02,2.6403e-02,2.8930e-02,3.1312e-02,3.3547e-02,3.5635e-02,3.7575e-02,3.9366e-02,4.1008e-02,4.2500e-02,4.3840e-02,4.5029e-02,4.6065e-02,4.6947e-02,4.7675e-02,4.8248e-02,4.8665e-02,4.8925e-02,4.9027e-02,4.8970e-02,4.8753e-02,4.8376e-02,4.7838e-02,4.7138e-02,4.6275e-02,4.5250e-02,4.4062e-02,4.2710e-02,4.1197e-02,3.9521e-02,3.7684e-02,3.5688e-02,3.3534e-02,3.1224e-02,2.8761e-02,2.6147e-02,2.3385e-02,2.0475e-02,1.7419e-02,1.4213e-02,1.0853e-02,7.3321e-03,3.6414e-03,-2.2807e-04,-4.2817e-03,-8.5177e-03,-1.2922e-02,-1.7465e-02,-2.2101e-02,-2.6767e-02,-3.1389e-02,-3.5893e-02,-4.0209e-02,-4.4278e-02,-4.8064e-02,-5.1546e-02,-5.4721e-02,-5.7601e-02,-6.0201e-02,-6.2539e-02,-6.4632e-02,-6.6492e-02,-6.8125e-02,-6.9533e-02,-7.0716e-02,-7.1669e-02,-7.2385e-02,-7.2859e-02,-7.3083e-02,-7.3051e-02,-7.2759e-02,-7.2200e-02,-7.1372e-02,-7.0272e-02,-6.8898e-02,-6.7250e-02,-6.5326e-02,-6.3128e-02,-6.0656e-02,-5.7914e-02,-5.4902e-02,-5.1626e-02,-4.8087e-02,-4.4291e-02,-4.0242e-02,-3.5945e-02,-3.1408e-02,-2.6635e-02,-2.1634e-02,-1.6414e-02,-1.0981e-02,-5.3443e-03,4.8651e-04
5.0474e-04,3.9935e-03,7.3590e-03,1.0598e-02,1.3707e-02,1.6685e-02,1.9528e-02,2.2235e-02,2.4806e-02,2.7237e-02,2.9529e-02,3.1680e-02,3.3690e-02,3.5558e-02,3.7283e-02,3.8864e-02,4.0301e-02,4.1594e-02,4.2741e-02,4.3741e-02,4.4595e-02,4.5302e-02,4.5860e-02,4.6268e-02,4.6527e-02,4.6635e-02,4.6592e-02,4.6396e-02,4.6048e-02,4.5545e-02,4.4888e-02,4.4077e-02,4.3109e-02,4.1986e-02,4.0707e-02,3.9271e-02,3.7680e-02,3.5934e-02,3.4033e-02,3.1979e-02,2.9775e-02,2.7421e-02,2.4921e-02,2.2277e-02,1.9491e-02,1.6565e-02,1.3499e-02,1.0292e-02,6.9377e-03,3.4302e-03,-2.3954e-04,-4.0803e-03,-8.0977e-03,-1.2290e-02,-1.6643e-02,-2.1127e-02,-2.5696e-02,-3.0287e-02,-3.4828e-02,-3.9243e-02,-4.3461e-02,-4.7428e-02,-5.1103e-02,-5.4469e-02,-5.7522e-02,-6.0272e-02,-6.2737e-02,-6.4934e-02,-6.6879e-02,-6.8583e-02,-7.0054e-02,-7.1294e-02,-7.2299e-02,-7.3067e-02,-7.3591e-02,-7.3864e-02,-7.3879e-02,-7.3631e-02,-7.3113e-02,-7.2321e-02,-7.1251e-02,-6.9901e-02,-6.8270e-02,-6.6357e-02,-6.4161e-02,-6.1685e-02,-5.8929e-02,-5.5897e-02,-5.2590e-02,-4.9014e-02,-4.5172e-02,-4.1070e-02,-3.6712e-02,-3.2106e-02,-2.7258e-02,-2.2175e-02,-1.6865e-02,-1.1337e-02,-5.5991e-03,3.3826e-04
-1.3885e-04,3.2125e-03,6.4457e-03,9.5576e-03,1.2545e-02,1.5407e-02,1.8140e-02,2.0742e-02,2.3213e-02,2.5551e-02,2.7755e-02,2.9824e-02,3.1757e-02,3.3554e-02,3.5214e-02,3.6736e-02,3.8120e-02,3.9365e-02,4.0471e-02,4.1437e-02,4.2262e-02,4.2947e-02,4.3489e-02,4.3889e-02,4.4147e-02,4.4260e-02,4.4229e-02,4.4053e-02,4.3732e-02,4.3264e-02,4.2649e-02,4.1886e-02,4.0975e-02,3.9916e-02,3.8707e-02,3.7349e-02,3.5842e-02,3.4186e-02,3.2382e-02,3.0430e-02,2.8332e-02,2.6089e-02,2.3704e-02,2.1179e-02,1.8517e-02,1.5720e-02,1.2790e-02,9.7266e-03,6.5287e-03,3.1918e-03,-2.9123e-04,-3.9291e-03,-7.7306e-03,-1.1701e-02,-1.5839e-02,-2.0131e-02,-2.4546e-02,-2.9039e-02,-3.3547e-02,-3.7997e-02,-4.2315e-02,-4.6429e-02,-5.0284e-02,-5.3842e-02,-5.7084e-02,-6.0008e-02,-6.2623e-02,-6.4945e-02,-6.6994e-02,-6.8785e-02,-7.0328e-02,-7.1631e-02,-7.2695e-02,-7.3518e-02,-7.4095e-02,-7.4420e-02,-7.4487e-02,-7.4288e-02,-7.3817e-02,-7.3068e-02,-7.2038e-02,-7.0722e-02,-6.9119e-02,-6.7226e-02,-6.5045e-02,-6.2575e-02,-5.9818e-02,-5.6776e-02,-5.3452e-02,-4.9850e-02,-4.5974e-02,-4.1830e-02,-3.7423e-02,-3.2760e-02,-2.7847e-02,-2.2692e-02,-1.7303e-02,-1.1690e-02,-5.8615e-03,1.7294e-04
-7.8656e-04,2.4294e-03,5.5325e-03,8.5195e-03,1.1388e-02,1.4135e-02,1.6760e-02,1.9259e-02,2.1633e-02,2.3879e-02,2.5997e-02,2.7986e-02,2.9844e-02,3.1572e-02,3.3168e-02,3.4633e-02,3.5965e-02,3.7164e-02,3.8230e-02,3.9162e-02,3.9960e-02,4.0622e-02,4.1150e-02,4.1542e-02,4.1797e-02,4.1915e-02,4.1896e-02,4.1739e-02,4.1444e-02,4.1009e-02,4.0434e-02,3.9720e-02,3.8864e-02,3.7867e-02,3.6728e-02,3.5447e-02,3.4024e-02,3.2458e-02,3.0750e-02,2.8900e-02,2.6909e-02,2.4779e-02,2.2510e-02,2.0106e-02,1.7568e-02,1.4900e-02,1.2104e-02,9.1808e-03,6.1318e-03,2.9549e-03,-3.5401e-04,-3.8019e-03,-7.3976e-03,-1.1150e-02,-1.5064e-02,-1.9139e-02,-2.3360e-02,-2.7698e-02,-3.2106e-02,-3.6522e-02,-4.0874e-02,-4.5086e-02,-4.9088e-02,-5.2825e-02,-5.6259e-02,-5.9371e-02,-6.2158e-02,-6.4631e-02,-6.6806e-02,-6.8701e-02,-7.0331e-02,-7.1708e-02,-7.2837e-02,-7.3720e-02,-7.4355e-02,-7.4737e-02,-7.4859e-02,-7.4715e-02,-7.4297e-02,-7.3599e-02,-7.2616e-02,-7.1343e-02,-6.9778e-02,-6.7918e-02,-6.5762e-02,-6.3311e-02,-6.0565e-02,-5.7526e-02,-5.4197e-02,-5.0583e-02,-4.6686e-02,-4.2513e-02,-3.8068e-02,-3.3360e-02,-2.8394e-02,-2.3180e-02,-1.7724e-02,-1.2037e-02,-6.1283e-03,-7.1675e-06
-1.4321e-03,1.6508e-03,4.6260e-03,7.4905e-03,1.0242e-02,1.2878e-02,1.5396e-02,1.7795e-02,2.0074e-02,2.2230e-02,2.4264e-02,2.6175e-02,2.7960e-02,2.9621e-02,3.1156e-02,3.2564e-02,3.3846e-02,3.5001e-02,3.6028e-02,3.6927e-02,3.7698e-02,3.8340e-02,3.8853e-02,3.9237e-02,3.9490e-02,3.9614e-02,3.9606e-02,3.9467e-02,3.9197e-02,3.8795e-02,3.8259e-02,3.7591e-02,3.6790e-02,3.5854e-02,3.4783e-02,3.3578e-02,3.2237e-02,3.0761e-02,2.9149e-02,2.7401e-02,2.5519e-02,2.3501e-02,2.1351e-02,1.9069e-02,1.6657e-02,1.4119e-02,1.1456e-02,8.6716e-03,5.7671e-03,2.7431e-03,-4.0212e-04,-3.6728e-03,-7.0756e-03,-1.0620e-02,-1.4313e-02,-1.8162e-02,-2.2165e-02,-2.6307e-02,-3.0559e-02,-3.4875e-02,-3.9191e-02,-4.3437e-02,-4.7536e-02,-5.1420e-02,-5.5032e-02,-5.8335e-02,-6.1311e-02,-6.3957e-02,-6.6282e-02,-6.8304e-02,-7.0040e-02,-7.1505e-02,-7.2710e-02,-7.3661e-02,-7.4359e-02,-7.4801e-02,-7.4983e-02,-7.4898e-02,-7.4539e-02,-7.3898e-02,-7.2971e-02,-7.1750e-02,-7.0233e-02,-6.8416e-02,-6.6298e-02,-6.3877e-02,-6.1155e-02,-5.8133e-02,-5.4813e-02,-5.1199e-02,-4.7295e-02,-4.3106e-02,-3.8638e-02,-3.3898e-02,-2.8893e-02,-2.3632e-02,-1.8122e-02,-1.2373e-02,-6.3957e-03,-1.9954e-04
-2.0693e-03,8.8305e-04,3.7328e-03,6.4773e-03,9.1140e-03,1.1640e-02,1.4055e-02,1.6356e-02,1.8542e-02,2.0611e-02,2.2564e-02,2.4398e-02,2.6113e-02,2.7709e-02,2.9184e-02,3.0539e-02,3.1772e-02,3.2884e-02,3.3874e-02,3.4742e-02,3.5487e-02,3.6110e-02,3.6609e-02,3.6985e-02,3.7237e-02,3.7366e-02,3.7370e-02,3.7249e-02,3.7003e-02,3.6632e-02,3.6136e-02,3.5513e-02,3.4764e-02,3.3889e-02,3.2886e-02,3.1755e-02,3.0495e-02,2.9108e-02,2.7591e-02,2.5945e-02,2.4170e-02,2.2266e-02,2.0235e-02,1.8076e-02,1.5792e-02,1.3385e-02,1.0857e-02,8.2106e-03,5.4489e-03,2.5734e-03,-4.1537e-04,-3.5191e-03,-6.7418e-03,-1.0090e-02,-1.3573e-02,-1.7200e-02,-2.0975e-02,-2.4898e-02,-2.8953e-02,-3.3112e-02,-3.7328e-02,-4.1538e-02,-4.5671e-02,-4.9652e-02,-5.3410e-02,-5.6892e-02,-6.0059e-02,-6.2893e-02,-6.5392e-02,-6.7565e-02,-6.9429e-02,-7.1001e-02,-7.2297e-02,-7.3326e-02,-7.4094e-02,-7.4603e-02,-7.4849e-02,-7.4828e-02,-7.4532e-02,-7.3955e-02,-7.3089e-02,-7.1929e-02,-7.0470e-02,-6.8707e-02,-6.6638e-02,-6.4260e-02,-6.1575e-02,-5.8583e-02,-5.5286e-02,-5.1687e-02,-4.7790e-02,-4.3600e-02,-3.9123e-02,-3.4365e-02,-2.9335e-02,-2.4040e-02,-1.8489e-02,-1.2692e-02,-6.6592e-03,-4.0050e-04
-2.6922e-03,1.3228e-04,2.8593e-03,5.4863e-03,8.0107e-03,1.0431e-02,1.2744e-02,1.4949e-02,1.7045e-02,1.9030e-02,2.0903e-02,2.2663e-02,2.4310e-02,2.5843e-02,2.7260e-02,2.8563e-02,2.9750e-02,3.0821e-02,3.1776e-02,3.2614e-02,3.3335e-02,3.3939e-02,3.4426e-02,3.4795e-02,3.5046e-02,3.5180e-02,3.5196e-02,3.5093e-02,3.4872e-02,3.4532e-02,3.4074e-02,3.3496e-02,3.2799e-02,3.1982e-02,3.1045e-02,2.9987e-02,2.8808e-02,2.7507e-02,2.6085e-02,2.4540e-02,2.2872e-02,2.1082e-02,1.9169e-02,1.7134e-02,1.4979e-02,1.2704e-02,1.0312e-02,7.8048e-03,5.1857e-03,2.4569e-03,-3.7977e-04,-3.3238e-03,-6.3767e-03,-9.5427e-03,-1.2828e-02,-1.6243e-02,-1.9794e-02,-2.3489e-02,-2.7324e-02,-3.1286e-02,-3.5345e-02,-3.9454e-02,-4.3552e-02,-4.7566e-02,-5.1421e-02,-5.5050e-02,-5.8395e-02,-6.1421e-02,-6.4109e-02,-6.6456e-02,-6.8472e-02,-7.0174e-02,-7.1579e-02,-7.2700e-02,-7.3550e-02,-7.4132e-02,-7.4448e-02,-7.4495e-02,-7.4268e-02,-7.3760e-02,-7.2963e-02,-7.1871e-02,-7.0477e-02,-6.8778e-02,-6.6769e-02,-6.4447e-02,-6.1812e-02,-5.8863e-02,-5.5603e-02,-5.2033e-02,-4.8158e-02,-4.3982e-02,-3.9511e-02,-3.4752e-02,-2.9711e-02,-2.4397e-02,-1.8820e-02,-1.2989e-02,-6.9137e-03,-6.0604e-04
-3.2950e-03,-5.9566e-04,2.0113e-03,4.5234e-03,6.9383e-03,9.2540e-03,1.1469e-02,1.3581e-02,1.5588e-02,1.7491e-02,1.9287e-02,2.0976e-02,2.2557e-02,2.4029e-02,2.5391e-02,2.6644e-02,2.7787e-02,2.8818e-02,2.9739e-02,3.0549e-02,3.1248e-02,3.1835e-02,3.2310e-02,3.2673e-02,3.2925e-02,3.3064e-02,3.3092e-02,3.3008e-02,3.2811e-02,3.2502e-02,3.2081e-02,3.1548e-02,3.0901e-02,3.0142e-02,2.9269e-02,2.8283e-02,2.7183e-02,2.5968e-02,2.4638e-02,2.3192e-02,2.1631e-02,1.9953e-02,1.8158e-02,1.6247e-02,1.4221e-02,1.2079e-02,9.8241e-03,7.4574e-03,4.9815e-03,2.3990e-03,-2.8744e-04,-3.0762e-03,-5.9668e-03,-8.9606e-03,-1.2062e-02,-1.5277e-02,-1.8615e-02,-2.2085e-02,-2.5692e-02,-2.9433e-02,-3.3295e-02,-3.7248e-02,-4.1245e-02,-4.5225e-02,-4.9115e-02,-5.2841e-02,-5.6333e-02,-5.9539e-02,-6.2419e-02,-6.4955e-02,-6.7147e-02,-6.9003e-02,-7.0538e-02,-7.1771e-02,-7.2716e-02,-7.3383e-02,-7.3776e-02,-7.3897e-02,-7.3743e-02,-7.3308e-02,-7.2585e-02,-7.1567e-02,-7.0248e-02,-6.8621e-02,-6.6682e-02,-6.4427e-02,-6.1854e-02,-5.8962e-02,-5.5753e-02,-5.2228e-02,-4.8390e-02,-4.4243e-02,-3.9794e-02,-3.5048e-02,-3.0012e-02,-2.4695e-02,-1.9107e-02,-1.3256e-02,-7.1543e-03,-8.1162e-04
-3.8723e-03,-1.2953e-03,1.1944e-03,3.5944e-03,5.9025e-03,8.1167e-03,1.0235e-02,1.2256e-02,1.4179e-02,1.6001e-02,1.7723e-02,1.9342e-02,2.0859e-02,2.2273e-02,2.3582e-02,2.4787e-02,2.5887e-02,2.6881e-02,2.7770e-02,2.8554e-02,2.9231e-02,2.9802e-02,3.0267e-02,3.0626e-02,3.0878e-02,3.1024e-02,3.1065e-02,3.0999e-02,3.0827e-02,3.0548e-02,3.0164e-02,2.9674e-02,2.9078e-02,2.8375e-02,2.7565e-02,2.6649e-02,2.5626e-02,2.4495e-02,2.3256e-02,2.1908e-02,2.0451e-02,1.8884e-02,1.7206e-02,1.5419e-02,1.3520e-02,1.1512e-02,9.3941e-03,7.1684e-03,4.8366e-03,2.4010e-03,-1.3590e-04,-2.7716e-03,-5.5043e-03,-8.3336e-03,-1.1261e-02,-1.4290e-02,-1.7428e-02,-2.0684e-02,-2.4065e-02,-2.7578e-02,-3.1220e-02,-3.4977e-02,-3.8819e-02,-4.2699e-02,-4.6556e-02,-5.0317e-02,-5.3908e-02,-5.7261e-02,-6.0321e-02,-6.3052e-02,-6.5434e-02,-6.7466e-02,-6.9158e-02,-7.0524e-02,-7.1583e-02,-7.2348e-02,-7.2829e-02,-7.3031e-02,-7.2955e-02,-7.2597e-02,-7.1953e-02,-7.1015e-02,-6.9776e-02,-6.8229e-02,-6.6369e-02,-6.4192e-02,-6.1693e-02,-5.8871e-02,-5.5727e-02,-5.2260e-02,-4.8474e-02,-4.4373e-02,-3.9960e-02,-3.5244e-02,-3.0230e-02,-2.4926e-02,-1.9342e-02,-1.3488e-02,-7.3744e-03,-1.0121e-03
-4.4191e-03,-1.9614e-03,4.1391e-04,2.7046e-03,4.9085e-03,7.0237e-03,9.0485e-03,1.0981e-02,1.2821e-02,1.4566e-02,1.6215e-02,1.7767e-02,1.9223e-02,2.0580e-02,2.1838e-02,2.2997e-02,2.4056e-02,2.5015e-02,2.5873e-02,2.6631e-02,2.7289e-02,2.7845e-02,2.8301e-02,2.8656e-02,2.8911e-02,2.9064e-02,2.9117e-02,2.9070e-02,2.8922e-02,2.8675e-02,2.8327e-02,2.7880e-02,2.7332e-02,2.6685e-02,2.5937e-02,2.5090e-02,2.4141e-02,2.3092e-02,2.1942e-02,2.0690e-02,1.9335e-02,1.7877e-02,1.6315e-02,1.4648e-02,1.2877e-02,1.1001e-02,9.0204e-03,6.9358e-03,4.7485e-03,2.4601e-03,7.2988e-05,-2.4105e-03,-4.9877e-03,-7.6571e-03,-1.0418e-02,-1.3272e-02,-1.6223e-02,-1.9278e-02,-2.2445e-02,-2.5734e-02,-2.9148e-02,-3.2685e-02,-3.6332e-02,-4.0058e-02,-4.3817e-02,-4.7546e-02,-5.1174e-02,-5.4627e-02,-5.7836e-02,-6.0748e-02,-6.3326e-02,-6.5550e-02,-6.7420e-02,-6.8944e-02,-7.0139e-02,-7.1020e-02,-7.1603e-02,-7.1896e-02,-7.1905e-02,-7.1631e-02,-7.1069e-02,-7.0215e-02,-6.9061e-02,-6.7601e-02,-6.5828e-02,-6.3737e-02,-6.1323e-02,-5.8583e-02,-5.5516e-02,-5.2122e-02,-4.8403e-02,-4.4362e-02,-4.0003e-02,-3.5332e-02,-3.0355e-02,-2.5081e-02,-1.9519e-02,-1.3678e-02,-7.5681e-03,-1.2020e-03
-4.9304e-03,-2.5892e-03,-3.2543e-04,1.8586e-03,3.9611e-03,5.9800e-03,7.9136e-03,9.7605e-03,1.1519e-02,1.3189e-02,1.4768e-02,1.6255e-02,1.7651e-02,1.8953e-02,2.0162e-02,2.1277e-02,2.2297e-02,2.3222e-02,2.4052e-02,2.4786e-02,2.5425e-02,2.5968e-02,2.6416e-02,2.6768e-02,2.7025e-02,2.7187e-02,2.7253e-02,2.7225e-02,2.7102e-02,2.6884e-02,2.6573e-02,2.6167e-02,2.5667e-02,2.5074e-02,2.4387e-02,2.3606e-02,2.2731e-02,2.1762e-02,2.0698e-02,1.9539e-02,1.8284e-02,1.6932e-02,1.5483e-02,1.3936e-02,1.2290e-02,1.0545e-02,8.6999e-03,6.7556e-03,4.7123e-03,2.5713e-03,3.3411e-04,-1.9971e-03,-4.4200e-03,-6.9320e-03,-9.5316e-03,-1.2218e-02,-1.4993e-02,-1.7861e-02,-2.0827e-02,-2.3902e-02,-2.7092e-02,-3.0403e-02,-3.3832e-02,-3.7365e-02,-4.0971e-02,-4.4604e-02,-4.8202e-02,-5.1694e-02,-5.5005e-02,-5.8068e-02,-6.0828e-02,-6.3249e-02,-6.5313e-02,-6.7017e-02,-6.8372e-02,-6.9392e-02,-7.0094e-02,-7.0493e-02,-7.0597e-02,-7.0412e-02,-6.9938e-02,-6.9172e-02,-6.8108e-02,-6.6739e-02,-6.5060e-02,-6.3062e-02,-6.0741e-02,-5.8093e-02,-5.5116e-02,-5.1808e-02,-4.8169e-02,-4.4203e-02,-3.9913e-02,-3.5304e-02,-3.0381e-02,-2.5154e-02,-1.9629e-02,-1.3817e-02,-7.7290e-03,-1.3754e-03
-5.4020e-03,-3.1743e-03,-1.0191e-03,1.0611e-03,3.0647e-03,4.9897e-03,6.8347e-03,8.5980e-03,1.0278e-02,1.1875e-02,1.3385e-02,1.4810e-02,1.6148e-02,1.7397e-02,1.8558e-02,1.9630e-02,2.0613e-02,2.1506e-02,2.2308e-02,2.3020e-02,2.3642e-02,2.4173e-02,2.4613e-02,2.4964e-02,2.5223e-02,2.5393e-02,2.5473e-02,2.5464e-02,2.5365e-02,2.5178e-02,2.4902e-02,2.4537e-02,2.4085e-02,2.3544e-02,2.2916e-02,2.2200e-02,2.1397e-02,2.0505e-02,1.9525e-02,1.8456e-02,1.7298e-02,1.6050e-02,1.4711e-02,1.3280e-02,1.1757e-02,1.0140e-02,8.4284e-03,6.6227e-03,4.7224e-03,2.7279e-03,6.4029e-04,-1.5390e-03,-3.8079e-03,-6.1640e-03,-8.6050e-03,-1.1129e-02,-1.3736e-02,-1.6427e-02,-1.9207e-02,-2.2081e-02,-2.5058e-02,-2.8146e-02,-3.1350e-02,-3.4667e-02,-3.8083e-02,-4.1566e-02,-4.5071e-02,-4.8535e-02,-5.1886e-02,-5.5053e-02,-5.7966e-02,-6.0572e-02,-6.2835e-02,-6.4736e-02,-6.6273e-02,-6.7455e-02,-6.8299e-02,-6.8820e-02,-6.9033e-02,-6.8947e-02,-6.8567e-02,-6.7894e-02,-6.6923e-02,-6.5650e-02,-6.4068e-02,-6.2170e-02,-5.9950e-02,-5.7402e-02,-5.4524e-02,-5.1313e-02,-4.7769e-02,-4.3892e-02,-3.9686e-02,-3.5153e-02,-3.0301e-02,-2.5136e-02,-1.9666e-02,-1.3901e-02,-7.8510e-03,-1.5267e-03
-5.8300e-03,-3.7126e-03,-1.6634e-03,3.1582e-04,2.2231e-03,4.0568e-03,5.8154e-03,7.4974e-03,9.1014e-03,1.0626e-02,1.2071e-02,1.3435e-02,1.4716e-02,1.5915e-02,1.7030e-02,1.8060e-02,1.9007e-02,1.9868e-02,2.0644e-02,2.1335e-02,2.1940e-02,2.2460e-02,2.2894e-02,2.3243e-02,2.3507e-02,2.3685e-02,2.3779e-02,2.3788e-02,2.3714e-02,2.3556e-02,2.3315e-02,2.2990e-02,2.2584e-02,2.2095e-02,2.1524e-02,2.0871e-02,2.0136e-02,1.9320e-02,1.8421e-02,1.7440e-02,1.6376e-02,1.5228e-02,1.3996e-02,1.2678e-02,1.1273e-02,9.7812e-03,8.2007e-03,6.5310e-03,4.7714e-03,2.9220e-03,9.8262e-04,-1.0455e-03,-3.1610e-03,-5.3620e-03,-7.6462e-03,-1.0011e-02,-1.2456e-02,-1.4979e-02,-1.7582e-02,-2.0269e-02,-2.3047e-02,-2.5923e-02,-2.8906e-02,-3.2001e-02,-3.5203e-02,-3.8498e-02,-4.1856e-02,-4.5229e-02,-4.8556e-02,-5.1766e-02,-5.4785e-02,-5.7547e-02,-5.9997e-02,-6.2098e-02,-6.3834e-02,-6.5202e-02,-6.6211e-02,-6.6877e-02,-6.7216e-02,-6.7242e-02,-6.6965e-02,-6.6390e-02,-6.5516e-02,-6.4342e-02,-6.2861e-02,-6.1067e-02,-5.8953e-02,-5.6513e-02,-5.3744e-02,-5.0640e-02,-4.7201e-02,-4.3426e-02,-3.9316e-02,-3.4876e-02,-3.0110e-02,-2.5024e-02,-1.9625e-02,-1.3923e-02,-7.9278e-03,-1.6499e-03
-6.2109e-03,-4.2010e-03,-2.2546e-03,-3.7389e-04,1.4398e-03,3.1845e-03,4.8590e-03,6.4618e-03,7.9915e-03,9.4471e-03,1.0827e-02,1.2131e-02,1.3358e-02,1.4507e-02,1.5577e-02,1.6569e-02,1.7480e-02,1.8311e-02,1.9062e-02,1.9733e-02,2.0322e-02,2.0831e-02,2.1259e-02,2.1607e-02,2.1874e-02,2.2062e-02,2.2169e-02,2.2198e-02,2.2147e-02,2.2017e-02,2.1810e-02,2.1525e-02,2.1163e-02,2.0724e-02,2.0208e-02,1.9616e-02,1.8949e-02,1.8204e-02,1.7384e-02,1.6488e-02,1.5514e-02,1.4463e-02,1.3333e-02,1.2124e-02,1.0835e-02,9.4643e-03,8.0109e-03,6.4738e-03,4.8520e-03,3.1447e-03,1.3518e-03,-5.2680e-04,-2.4902e-03,-4.5371e-03,-6.6656e-03,-8.8735e-03,-1.1159e-02,-1.3519e-02,-1.5955e-02,-1.8467e-02,-2.1059e-02,-2.3737e-02,-2.6510e-02,-2.9386e-02,-3.2368e-02,-3.5452e-02,-3.8625e-02,-4.1855e-02,-4.5094e-02,-4.8283e-02,-5.1349e-02,-5.4219e-02,-5.6827e-02,-5.9119e-02,-6.1058e-02,-6.2627e-02,-6.3824e-02,-6.4659e-02,-6.5145e-02,-6.5301e-02,-6.5140e-02,-6.4672e-02,-6.3901e-02,-6.2829e-02,-6.1452e-02,-5.9764e-02,-5.7760e-02,-5.5434e-02,-5.2778e-02,-4.9790e-02,-4.6465e-02,-4.2803e-02,-3.8804e-02,-3.4469e-02,-2.9804e-02,-2.4812e-02,-1.9500e-02,-1.3878e-02,-7.9543e-03,-1.7396e-03
-6.5415e-03,-4.6360e-03,-2.7900e-03,-1.0049e-03,7.1736e-04,2.3756e-03,3.9681e-03,5.4937e-03,6.9511e-03,8.3390e-03,9.6566e-03,1.0903e-02,1.2076e-02,1.3177e-02,1.4204e-02,1.5156e-02,1.6033e-02,1.6835e-02,1.7562e-02,1.8212e-02,1.8787e-02,1.9286e-02,1.9708e-02,2.0055e-02,2.0326e-02,2.0522e-02,2.0643e-02,2.0690e-02,2.0662e-02,2.0561e-02,2.0386e-02,2.0139e-02,1.9820e-02,1.9429e-02,1.8967e-02,1.8434e-02,1.7830e-02,1.7156e-02,1.6411e-02,1.5595e-02,1.4709e-02,1.3750e-02,1.2719e-02,1.1615e-02,1.0437e-02,9.1833e-03,7.8527e-03,6.4440e-03,4.9560e-03,3.3875e-03,1.7377e-03,6.1207e-06,-1.8072e-03,-3.7017e-03,-5.6758e-03,-7.7281e-03,-9.8562e-03,-1.2058e-02,-1.4332e-02,-1.6677e-02,-1.9095e-02,-2.1589e-02,-2.4167e-02,-2.6834e-02,-2.9600e-02,-3.2467e-02,-3.5433e-02,-3.8481e-02,-4.1581e-02,-4.4685e-02,-4.7733e-02,-5.0653e-02,-5.3373e-02,-5.5826e-02,-5.7959e-02,-5.9734e-02,-6.1136e-02,-6.2161e-02,-6.2819e-02,-6.3126e-02,-6.3099e-02,-6.2750e-02,-6.2091e-02,-6.1126e-02,-5.9855e-02,-5.8277e-02,-5.6385e-02,-5.4174e-02,-5.1638e-02,-4.8771e-02,-4.5568e-02,-4.2028e-02,-3.8150e-02,-3.3933e-02,-2.9381e-02,-2.4497e-02,-1.9288e-02,-1.3761e-02,-7.9258e-03,-1.7909e-03
-6.8191e-03,-5.0154e-03,-3.2668e-03,-1.5750e-03,5.8560e-05,1.6324e-03,3.1451e-03,4.5954e-03,5.9821e-03,7.3042e-03,8.5603e-03,9.7498e-03,1.0872e-02,1.1925e-02,1.2909e-02,1.3824e-02,1.4668e-02,1.5441e-02,1.6144e-02,1.6775e-02,1.7335e-02,1.7823e-02,1.8240e-02,1.8586e-02,1.8861e-02,1.9065e-02,1.9199e-02,1.9263e-02,1.9258e-02,1.9184e-02,1.9041e-02,1.8830e-02,1.8553e-02,1.8208e-02,1.7797e-02,1.7320e-02,1.6778e-02,1.6170e-02,1.5497e-02,1.4759e-02,1.3956e-02,1.3086e-02,1.2150e-02,1.1146e-02,1.0074e-02,8.9322e-03,7.7195e-03,6.4344e-03,5.0755e-03,3.6413e-03,2.1306e-03,5.4247e-04,-1.1238e-03,-2.8682e-03,-4.6902e-03,-6.5885e-03,-8.5616e-03,-1.0607e-02,-1.2723e-02,-1.4908e-02,-1.7160e-02,-1.9482e-02,-2.1877e-02,-2.4351e-02,-2.6912e-02,-2.9566e-02,-3.2318e-02,-3.5162e-02,-3.8085e-02,-4.1053e-02,-4.4021e-02,-4.6928e-02,-4.9701e-02,-5.2269e-02,-5.4566e-02,-5.6538e-02,-5.8149e-02,-5.9382e-02,-6.0235e-02,-6.0717e-02,-6.0844e-02,-6.0632e-02,-6.0096e-02,-5.9247e-02,-5.8088e-02,-5.6621e-02,-5.4843e-02,-5.2750e-02,-5.0335e-02,-4.7593e-02,-4.4518e-02,-4.1108e-02,-3.7358e-02,-3.3269e-02,-2.8842e-02,-2.4080e-02,-1.8987e-02,-1.3571e-02,-7.8385e-03,-1.7995e-03
-7.0416e-03,-5.3367e-03,-3.6829e-03,-2.0819e-03,-5.3496e-04,9.5669e-04,2.3916e-03,3.7684e-03,5.0861e-03,6.3437e-03,7.5399e-03,8.6740e-03,9.7448e-03,1.0752e-02,1.1694e-02,1.2571e-02,1.3383e-02,1.4128e-02,1.4807e-02,1.5419e-02,1.5964e-02,1.6442e-02,1.6854e-02,1.7198e-02,1.7477e-02,1.7689e-02,1.7835e-02,1.7915e-02,1.7931e-02,1.7883e-02,1.7770e-02,1.7595e-02,1.7356e-02,1.7056e-02,1.6694e-02,1.6271e-02,1.5787e-02,1.5243e-02,1.4639e-02,1.3975e-02,1.3250e-02,1.2465e-02,1.1618e-02,1.0710e-02,9.7394e-03,8.7046e-03,7.6044e-03,6.4376e-03,5.2026e-03,3.8976e-03,2.5211e-03,1.0717e-03,-4.5146e-04,-2.0493e-03,-3.7220e-03,-5.4689e-03,-7.2890e-03,-9.1807e-03,-1.1142e-02,-1.3170e-02,-1.5264e-02,-1.7422e-02,-1.9647e-02,-2.1941e-02,-2.4310e-02,-2.6763e-02,-2.9304e-02,-3.1939e-02,-3.4662e-02,-3.7457e-02,-4.0293e-02,-4.3124e-02,-4.5888e-02,-4.8514e-02,-5.0929e-02,-5.3070e-02,-5.4880e-02,-5.6327e-02,-5.7391e-02,-5.8070e-02,-5.8376e-02,-5.8322e-02,-5.7927e-02,-5.7205e-02,-5.6165e-02,-5.4814e-02,-5.3153e-02,-5.1178e-02,-4.8886e-02,-4.6271e-02,-4.3327e-02,-4.0050e-02,-3.6436e-02,-3.2483e-02,-2.8191e-02,-2.3561e-02,-1.8598e-02,-1.3305e-02,-7.6905e-03,-1.7625e-03
-7.2071e-03,-5.5983e-03,-4.0369e-03,-2.5242e-03,-1.0615e-03,3.4990e-04,1.7087e-03,3.0138e-03,4.2642e-03,5.4584e-03,6.5960e-03,7.6757e-03,8.6966e-03,9.6580e-03,1.0559e-02,1.1400e-02,1.2179e-02,1.2896e-02,1.3551e-02,1.4144e-02,1.4674e-02,1.5142e-02,1.5547e-02,1.5890e-02,1.6171e-02,1.6390e-02,1.6547e-02,1.6644e-02,1.6679e-02,1.6655e-02,1.6571e-02,1.6429e-02,1.6228e-02,1.5969e-02,1.5654e-02,1.5282e-02,1.4854e-02,1.4370e-02,1.3830e-02,1.3236e-02,1.2586e-02,1.1881e-02,1.1120e-02,1.0302e-02,9.4274e-03,8.4939e-03,7.5008e-03,6.4465e-03,5.3295e-03,4.1478e-03,2.9000e-03,1.5842e-03,1.9904e-04,-1.2567e-03,-2.7839e-03,-4.3828e-03,-6.0528e-03,-7.7931e-03,-9.6018e-03,-1.1477e-02,-1.3416e-02,-1.5418e-02,-1.7481e-02,-1.9607e-02,-2.1799e-02,-2.4064e-02,-2.6407e-02,-2.8835e-02,-3.1351e-02,-3.3952e-02,-3.6619e-02,-3.9323e-02,-4.2016e-02,-4.4636e-02,-4.7114e-02,-4.9377e-02,-5.1360e-02,-5.3010e-02,-5.4291e-02,-5.5185e-02,-5.5692e-02,-5.5821e-02,-5.5588e-02,-5.5010e-02,-5.4102e-02,-5.2874e-02,-5.1332e-02,-4.9478e-02,-4.7310e-02,-4.4822e-02,-4.2011e-02,-3.8870e-02,-3.5396e-02,-3.1585e-02,-2.7435e-02,-2.2946e-02,-1.8122e-02,-1.2965e-02,-7.4812e-03,-1.6782e-03
-7.3144e-03,-5.7990e-03,-4.3273e-03,-2.9005e-03,-1.5201e-03,-1.8697e-04,1.0975e-03,2.3324e-03,3.5167e-03,4.6492e-03,5.7290e-03,6.7551e-03,7.7268e-03,8.6433e-03,9.5037e-03,1.0308e-02,1.1055e-02,1.1744e-02,1.2375e-02,1.2949e-02,1.3464e-02,1.3921e-02,1.4319e-02,1.4660e-02,1.4942e-02,1.5167e-02,1.5334e-02,1.5445e-02,1.5499e-02,1.5497e-02,1.5440e-02,1.5329e-02,1.5163e-02,1.4944e-02,1.4672e-02,1.4348e-02,1.3972e-02,1.3545e-02,1.3067e-02,1.2539e-02,1.1960e-02,1.1330e-02,1.0649e-02,9.9165e-03,9.1320e-03,8.2942e-03,7.4022e-03,6.4542e-03,5.4488e-03,4.3844e-03,3.2590e-03,2.0707e-03,8.1787e-04,-5.0125e-04,-1.8879e-03,-3.3429e-03,-4.8665e-03,-6.4585e-03,-8.1178e-03,-9.8427e-03,-1.1631e-02,-1.3480e-02,-1.5389e-02,-1.7357e-02,-1.9384e-02,-2.1474e-02,-2.3632e-02,-2.5865e-02,-2.8179e-02,-3.0577e-02,-3.3055e-02,-3.5594e-02,-3.8165e-02,-4.0719e-02,-4.3195e-02,-4.5525e-02,-4.7635e-02,-4.9461e-02,-5.0949e-02,-5.2065e-02,-5.2791e-02,-5.3126e-02,-5.3079e-02,-5.2667e-02,-5.1907e-02,-5.0814e-02,-4.9400e-02,-4.7670e-02,-4.5626e-02,-4.3266e-02,-4.0587e-02,-3.7583e-02,-3.4251e-02,-3.0584e-02,-2.6582e-02,-2.2242e-02,-1.7565e-02,-1.2554e-02,-7.2119e-03,-1.5462e-03
-7.3623e-03,-5.9376e-03,-4.5534e-03,-3.2105e-03,-1.9101e-03,-6.5342e-04,5.5845e-04,1.7247e-03,2.8441e-03,3.9158e-03,4.9388e-03,5.9122e-03,6.8352e-03,7.7070e-03,8.5271e-03,9.2946e-03,1.0009e-02,1.0671e-02,1.1278e-02,1.1831e-02,1.2331e-02,1.2776e-02,1.3167e-02,1.3504e-02,1.3787e-02,1.4016e-02,1.4192e-02,1.4315e-02,1.4386e-02,1.4405e-02,1.4373e-02,1.4290e-02,1.4157e-02,1.3975e-02,1.3744e-02,1.3465e-02,1.3138e-02,1.2764e-02,1.2344e-02,1.1877e-02,1.1364e-02,1.0805e-02,1.0199e-02,9.5470e-03,8.8472e-03,8.0993e-03,7.3020e-03,6.4541e-03,5.5541e-03,4.6002e-03,3.5904e-03,2.5231e-03,1.3961e-03,2.0746e-04,-1.0444e-03,-2.3608e-03,-3.7427e-03,-5.1905e-03,-6.7039e-03,-8.2816e-03,-9.9220e-03,-1.1623e-02,-1.3382e-02,-1.5198e-02,-1.7069e-02,-1.8997e-02,-2.0984e-02,-2.3036e-02,-2.5159e-02,-2.7359e-02,-2.9639e-02,-3.1993e-02,-3.4404e-02,-3.6841e-02,-3.9256e-02,-4.1589e-02,-4.3770e-02,-4.5728e-02,-4.7397e-02,-4.8725e-02,-4.9676e-02,-5.0234e-02,-5.0397e-02,-5.0175e-02,-4.9585e-02,-4.8644e-02,-4.7369e-02,-4.5770e-02,-4.3853e-02,-4.1622e-02,-3.9075e-02,-3.6208e-02,-3.3017e-02,-2.9497e-02,-2.5645e-02,-2.1458e-02,-1.6934e-02,-1.2076e-02,-6.8861e-03,-1.3685e-03
-7.3503e-03,-6.0139e-03,-4.7146e-03,-3.4533e-03,-2.2313e-03,-1.0493e-03,9.1549e-05,1.1904e-03,2.2461e-03,3.2580e-03,4.2250e-03,5.1463e-03,6.0211e-03,6.8486e-03,7.6283e-03,8.3595e-03,9.0417e-03,9.6745e-03,1.0257e-02,1.0790e-02,1.1273e-02,1.1706e-02,1.2088e-02,1.2420e-02,1.2702e-02,1.2935e-02,1.3118e-02,1.3252e-02,1.3338e-02,1.3375e-02,1.3366e-02,1.3309e-02,1.3206e-02,1.3058e-02,1.2865e-02,1.2627e-02,1.2346e-02,1.2022e-02,1.1655e-02,1.1246e-02,1.0795e-02,1.0301e-02,9.7660e-03,9.1881e-03,8.5676e-03,7.9035e-03,7.1947e-03,6.4404e-03,5.6389e-03,4.7885e-03,3.8875e-03,2.9339e-03,1.9258e-03,8.6084e-04,-2.6271e-04,-1.4468e-03,-2.6925e-03,-4.0011e-03,-5.3729e-03,-6.8072e-03,-8.3033e-03,-9.8594e-03,-1.1473e-02,-1.3142e-02,-1.4865e-02,-1.6640e-02,-1.8468e-02,-2.0352e-02,-2.2298e-02,-2.4310e-02,-2.6396e-02,-2.8557e-02,-3.0788e-02,-3.3070e-02,-3.5374e-02,-3.7651e-02,-3.9841e-02,-4.1874e-02,-4.3679e-02,-4.5192e-02,-4.6360e-02,-4.7148e-02,-4.7538e-02,-4.7530e-02,-4.7135e-02,-4.6368e-02,-4.5248e-02,-4.3792e-02,-4.2010e-02,-3.9911e-02,-3.7496e-02,-3.4765e-02,-3.1714e-02,-2.8340e-02,-2.4639e-02,-2.0606e-02,-1.6240e-02,-1.1541e-02,-6.5095e-03,-1.1485e-03
-7.2780e-03,-6.0275e-03,-4.8109e-03,-3.6294e-03,-2.4838e-03,-1.3748e-03,-3.0356e-04,7.2913e-04,1.7223e-03,2.6752e-03,3.5869e-03,4.4566e-03,5.2835e-03,6.0670e-03,6.8063e-03,7.5010e-03,8.1504e-03,8.7543e-03,9.3121e-03,9.8238e-03,1.0289e-02,1.0708e-02,1.1080e-02,1.1406e-02,1.1686e-02,1.1920e-02,1.2109e-02,1.2252e-02,1.2350e-02,1.2404e-02,1.2415e-02,1.2382e-02,1.2307e-02,1.2189e-02,1.2031e-02,1.1832e-02,1.1593e-02,1.1314e-02,1.0997e-02,1.0641e-02,1.0246e-02,9.8141e-03,9.3437e-03,8.8351e-03,8.2879e-03,7.7014e-03,7.0750e-03,6.4074e-03,5.6975e-03,4.9437e-03,4.1441e-03,3.2970e-03,2.4003e-03,1.4517e-03,4.4919e-04,-6.0920e-04,-1.7254e-03,-2.9006e-03,-4.1360e-03,-5.4317e-03,-6.7876e-03,-8.2025e-03,-9.6744e-03,-1.1201e-02,-1.2780e-02,-1.4410e-02,-1.6089e-02,-1.7818e-02,-1.9599e-02,-2.1438e-02,-2.3341e-02,-2.5312e-02,-2.7354e-02,-2.9461e-02,-3.1616e-02,-3.3786e-02,-3.5925e-02,-3.7972e-02,-3.9858e-02,-4.1512e-02,-4.2869e-02,-4.3878e-02,-4.4503e-02,-4.4727e-02,-4.4550e-02,-4.3983e-02,-4.3041e-02,-4.1745e-02,-4.0109e-02,-3.8148e-02,-3.5868e-02,-3.3273e-02,-3.0362e-02,-2.7132e-02,-2.3580e-02,-1.9702e-02,-1.5496e-02,-1.0958e-02,-6.0896e-03,-8.9198e-04
-7.1455e-03,-5.9785e-03,-4.8428e-03,-3.7388e-03,-2.6678e-03,-1.6304e-03,-6.2743e-04,3.4029e-04,1.2719e-03,2.1665e-03,3.0235e-03,3.8420e-03,4.6213e-03,5.3606e-03,6.0596e-03,6.7173e-03,7.3336e-03,7.9079e-03,8.4399e-03,8.9293e-03,9.3762e-03,9.7802e-03,1.0141e-02,1.0460e-02,1.0736e-02,1.0970e-02,1.1161e-02,1.1312e-02,1.1420e-02,1.1488e-02,1.1516e-02,1.1505e-02,1.1454e-02,1.1365e-02,1.1238e-02,1.1073e-02,1.0873e-02,1.0636e-02,1.0364e-02,1.0057e-02,9.7148e-03,9.3386e-03,8.9279e-03,8.4830e-03,8.0033e-03,7.4885e-03,6.9378e-03,6.3505e-03,5.7253e-03,5.0607e-03,4.3552e-03,3.6070e-03,2.8140e-03,1.9741e-03,1.0851e-03,1.4473e-04,-8.4884e-04,-1.8976e-03,-3.0028e-03,-4.1655e-03,-5.3861e-03,-6.6639e-03,-7.9979e-03,-9.3863e-03,-1.0827e-02,-1.2316e-02,-1.3853e-02,-1.5436e-02,-1.7066e-02,-1.8745e-02,-2.0478e-02,-2.2270e-02,-2.4128e-02,-2.6051e-02,-2.8035e-02,-3.0061e-02,-3.2099e-02,-3.4100e-02,-3.6005e-02,-3.7744e-02,-3.9248e-02,-4.0451e-02,-4.1302e-02,-4.1765e-02,-4.1825e-02,-4.1481e-02,-4.0743e-02,-3.9628e-02,-3.8157e-02,-3.6346e-02,-3.4208e-02,-3.1751e-02,-2.8979e-02,-2.5892e-02,-2.2488e-02,-1.8763e-02,-1.4715e-02,-1.0340e-02,-5.6373e-03,-6.0683e-04
-6.9534e-03,-5.8677e-03,-4.8105e-03,-3.7825e-03,-2.7844e-03,-1.8170e-03,-8.8098e-04,2.2810e-05,8.9370e-04,1.7309e-03,2.5336e-03,3.3012e-03,4.0330e-03,4.7282e-03,5.3864e-03,6.0070e-03,6.5895e-03,7.1335e-03,7.6388e-03,8.1051e-03,8.5321e-03,8.9200e-03,9.2686e-03,9.5779e-03,9.8483e-03,1.0080e-02,1.0273e-02,1.0428e-02,1.0545e-02,1.0624e-02,1.0667e-02,1.0674e-02,1.0644e-02,1.0580e-02,1.0481e-02,1.0348e-02,1.0182e-02,9.9833e-03,9.7523e-03,9.4895e-03,9.1955e-03,8.8703e-03,8.5143e-03,8.1275e-03,7.7096e-03,7.2605e-03,6.7793e-03,6.2655e-03,5.7179e-03,5.1354e-03,4.5165e-03,3.8595e-03,3.1623e-03,2.4231e-03,1.6396e-03,8.0959e-04,-6.9322e-05,-9.9883e-04,-1.9809e-03,-3.0170e-03,-4.1080e-03,-5.2541e-03,-6.4547e-03,-7.7087e-03,-9.0143e-03,-1.0369e-02,-1.1769e-02,-1.3214e-02,-1.4702e-02,-1.6233e-02,-1.7809e-02,-1.9436e-02,-2.1119e-02,-2.2862e-02,-2.4667e-02,-2.6528e-02,-2.8427e-02,-3.0332e-02,-3.2196e-02,-3.3960e-02,-3.5554e-02,-3.6908e-02,-3.7958e-02,-3.8653e-02,-3.8957e-02,-3.8854e-02,-3.8344e-02,-3.7438e-02,-3.6153e-02,-3.4510e-02,-3.2526e-02,-3.0214e-02,-2.7584e-02,-2.4639e-02,-2.1381e-02,-1.7807e-02,-1.3915e-02,-9.7012e-03,-5.1644e-03,-3.0309e-04
-6.7022e-03,-5.6956e-03,-4.7150e-03,-3.7611e-03,-2.8345e-03,-1.9357e-03,-1.0654e-03,-2.2452e-04,5.8645e-04,1.3668e-03,2.1157e-03,2.8327e-03,3.5169e-03,4.1680e-03,4.7852e-03,5.3680e-03,5.9161e-03,6.4291e-03,6.9066e-03,7.3486e-03,7.7547e-03,8.1249e-03,8.4592e-03,8.7578e-03,9.0206e-03,9.2480e-03,9.4401e-03,9.5973e-03,9.7200e-03,9.8086e-03,9.8635e-03,9.8854e-03,9.8747e-03,9.8319e-03,9.7577e-03,9.6526e-03,9.5173e-03,9.3524e-03,9.1583e-03,8.9356e-03,8.6847e-03,8.4058e-03,8.0993e-03,7.7651e-03,7.4034e-03,7.0137e-03,6.5957e-03,6.1488e-03,5.6721e-03,5.1645e-03,4.6246e-03,4.0511e-03,3.4419e-03,2.7953e-03,2.1091e-03,1.3811e-03,6.0895e-04,-2.0934e-04,-1.0760e-03,-1.9926e-03,-2.9606e-03,-3.9809e-03,-5.0536e-03,-6.1780e-03,-7.3530e-03,-8.5765e-03,-9.8456e-03,-1.1158e-02,-1.2511e-02,-1.3904e-02,-1.5337e-02,-1.6811e-02,-1.8332e-02,-1.9905e-02,-2.1535e-02,-2.3222e-02,-2.4960e-02,-2.6732e-02,-2.8505e-02,-3.0233e-02,-3.1857e-02,-3.3306e-02,-3.4513e-02,-3.5412e-02,-3.5952e-02,-3.6098e-02,-3.5835e-02,-3.5162e-02,-3.4090e-02,-3.2638e-02,-3.0825e-02,-2.8671e-02,-2.6190e-02,-2.3390e-02,-2.0276e-02,-1.6851e-02,-1.3112e-02,-9.0576e-03,-4.6852e-03,7.3798e-06
-6.3928e-03,-5.4633e-03,-4.5576e-03,-3.6760e-03,-2.8193e-03,-1.9878e-03,-1.1823e-03,-4.0320e-04,3.4862e-04,1.0726e-03,1.7681e-03,2.4346e-03,3.0714e-03,3.6779e-03,4.2537e-03,4.7984e-03,5.3113e-03,5.7924e-03,6.2412e-03,6.6576e-03,7.0414e-03,7.3926e-03,7.7111e-03,7.9969e-03,8.2503e-03,8.4714e-03,8.6604e-03,8.8176e-03,8.9436e-03,9.0384e-03,9.1027e-03,9.1370e-03,9.1415e-03,9.1171e-03,9.0641e-03,8.9833e-03,8.8749e-03,8.7400e-03,8.5786e-03,8.3915e-03,8.1790e-03,7.9416e-03,7.6793e-03,7.3926e-03,7.0813e-03,6.7452e-03,6.3842e-03,5.9977e-03,5.5850e-03,5.1451e-03,4.6770e-03,4.1793e-03,3.6502e-03,3.0881e-03,2.4909e-03,1.8565e-03,1.1827e-03,4.6736e-04,-2.9183e-04,-1.0968e-03,-1.9493e-03,-2.8506e-03,-3.8014e-03,-4.8019e-03,-5.8512e-03,-6.9480e-03,-8.0902e-03,-9.2751e-03,-1.0500e-02,-1.1762e-02,-1.3060e-02,-1.4395e-02,-1.5767e-02,-1.7183e-02,-1.8647e-02,-2.0163e-02,-2.1732e-02,-2.3349e-02,-2.4994e-02,-2.6636e-02,-2.8229e-02,-2.9714e-02,-3.1021e-02,-3.2081e-02,-3.2830e-02,-3.3218e-02,-3.3209e-02,-3.2788e-02,-3.1954e-02,-3.0719e-02,-2.9102e-02,-2.7124e-02,-2.4803e-02,-2.2155e-02,-1.9190e-02,-1.5912e-02,-1.2324e-02,-8.4259e-03,-4.2148e-03,3.1107e-04
-6.0265e-03,-5.1721e-03,-4.3394e-03,-3.5286e-03,-2.7402e-03,-1.9748e-03,-1.2329e-03,-5.1498e-04,1.7838e-04,8.4648e-04,1.4888e-03,2.1050e-03,2.6943e-03,3.2561e-03,3.7902e-03,4.2960e-03,4.7732e-03,5.2214e-03,5.6404e-03,6.0300e-03,6.3901e-03,6.7205e-03,7.0214e-03,7.2928e-03,7.5347e-03,7.7474e-03,7.9311e-03,8.0860e-03,8.2125e-03,8.3109e-03,8.3817e-03,8.4253e-03,8.4421e-03,8.4326e-03,8.3975e-03,8.3371e-03,8.2521e-03,8.1429e-03,8.0102e-03,7.8543e-03,7.6757e-03,7.4748e-03,7.2519e-03,7.0072e-03,6.7408e-03,6.4526e-03,6.1425e-03,5.8101e-03,5.4547e-03,5.0756e-03,4.6719e-03,4.2424e-03,3.7856e-03,3.2999e-03,2.7835e-03,2.2344e-03,1.6504e-03,1.0295e-03,3.6925e-04,-3.3244e-04,-1.0774e-03,-1.8671e-03,-2.7031e-03,-3.5857e-03,-4.5151e-03,-5.4905e-03,-6.5101e-03,-7.5720e-03,-8.6732e-03,-9.8109e-03,-1.0983e-02,-1.2187e-02,-1.3423e-02,-1.4695e-02,-1.6005e-02,-1.7360e-02,-1.8763e-02,-2.0215e-02,-2.1710e-02,-2.3230e-02,-2.4742e-02,-2.6201e-02,-2.7548e-02,-2.8714e-02,-2.9630e-02,-3.0232e-02,-3.0469e-02,-3.0307e-02,-2.9731e-02,-2.8739e-02,-2.7344e-02,-2.5566e-02,-2.3425e-02,-2.0942e-02,-1.8131e-02,-1.5004e-02,-1.1567e-02,-7.8218e-03,-3.7688e-03,5.9364e-04
-5.6045e-03,-4.8235e-03,-4.0620e-03,-3.3204e-03,-2.5992e-03,-1.8986e-03,-1.2193e-03,-5.6178e-04,7.3735e-05,6.8655e-04,1.2760e-03,1.8419e-03,2.3835e-03,2.9005e-03,3.3924e-03,3.8587e-03,4.2992e-03,4.7136e-03,5.1017e-03,5.4633e-03,5.7983e-03,6.1065e-03,6.3881e-03,6.6430e-03,6.8716e-03,7.0736e-03,7.2496e-03,7.3997e-03,7.5243e-03,7.6235e-03,7.6979e-03,7.7478e-03,7.7736e-03,7.7759e-03,7.7551e-03,7.7116e-03,7.6461e-03,7.5589e-03,7.4506e-03,7.3216e-03,7.1724e-03,7.0034e-03,6.8148e-03,6.6070e-03,6.3801e-03,6.1341e-03,5.8688e-03,5.5842e-03,5.2797e-03,4.9546e-03,4.6084e-03,4.2398e-03,3.8476e-03,3.4303e-03,2.9866e-03,2.5143e-03,2.0116e-03,1.4764e-03,9.0646e-04,2.9972e-04,-3.4604e-04,-1.0323e-03,-1.7610e-03,-2.5330e-03,-3.3490e-03,-4.2085e-03,-5.1109e-03,-6.0545e-03,-7.0369e-03,-8.0551e-03,-9.1064e-03,-1.0188e-02,-1.1298e-02,-1.2438e-02,-1.3609e-02,-1.4814e-02,-1.6060e-02,-1.7350e-02,-1.8686e-02,-2.0060e-02,-2.1455e-02,-2.2838e-02,-2.4165e-02,-2.5375e-02,-2.6401e-02,-2.7175e-02,-2.7632e-02,-2.7722e-02,-2.7410e-02,-2.6680e-02,-2.5534e-02,-2.3983e-02,-2.2046e-02,-1.9747e-02,-1.7105e-02,-1.4136e-02,-1.0852e-02,-7.2595e-03,-3.3619e-03,8.4049e-04
-5.1287e-03,-4.4190e-03,-3.7272e-03,-3.0534e-03,-2.3980e-03,-1.7613e-03,-1.1435e-03,-5.4540e-04,3.2803e-05,5.9060e-04,1.1275e-03,1.6431e-03,2.1370e-03,2.6088e-03,3.0579e-03,3.4842e-03,3.8874e-03,4.2671e-03,4.6230e-03,4.9553e-03,5.2637e-03,5.5481e-03,5.8087e-03,6.0453e-03,6.2583e-03,6.4477e-03,6.6136e-03,6.7565e-03,6.8764e-03,6.9738e-03,7.0489e-03,7.1021e-03,7.1339e-03,7.1447e-03,7.1346e-03,7.1045e-03,7.0547e-03,6.9855e-03,6.8976e-03,6.7913e-03,6.6671e-03,6.5253e-03,6.3662e-03,6.1903e-03,5.9976e-03,5.7883e-03,5.5621e-03,5.3194e-03,5.0594e-03,4.7819e-03,4.4860e-03,4.1711e-03,3.8360e-03,3.4797e-03,3.1005e-03,2.6969e-03,2.2670e-03,1.8089e-03,1.3205e-03,7.9990e-04,2.4484e-04,-3.4654e-04,-9.7594e-04,-1.6450e-03,-2.3545e-03,-3.1049e-03,-3.8960e-03,-4.7266e-03,-5.5949e-03,-6.4985e-03,-7.4346e-03,-8.3999e-03,-9.3920e-03,-1.0409e-02,-1.1452e-02,-1.2521e-02,-1.3623e-02,-1.4760e-02,-1.5938e-02,-1.7158e-02,-1.8412e-02,-1.9682e-02,-2.0938e-02,-2.2133e-02,-2.3209e-02,-2.4098e-02,-2.4731e-02,-2.5046e-02,-2.4990e-02,-2.4531e-02,-2.3653e-02,-2.2355e-02,-2.0650e-02,-1.8560e-02,-1.6106e-02,-1.3309e-02,-1.0186e-02,-6.7492e-03,-3.0066e-03,1.0385e-03
-4.6006e-03,-3.9606e-03,-3.3369e-03,-2.7294e-03,-2.1386e-03,-1.5645e-03,-1.0076e-03,-4.6821e-04,5.3275e-05,5.5651e-04,1.0410e-03,1.5065e-03,1.9525e-03,2.3787e-03,2.7847e-03,3.1703e-03,3.5352e-03,3.8791e-03,4.2020e-03,4.5036e-03,4.7840e-03,5.0431e-03,5.2809e-03,5.4974e-03,5.6928e-03,5.8673e-03,6.0210e-03,6.1541e-03,6.2668e-03,6.3597e-03,6.4327e-03,6.4862e-03,6.5208e-03,6.5366e-03,6.5342e-03,6.5139e-03,6.4760e-03,6.4212e-03,6.3496e-03,6.2618e-03,6.1582e-03,6.0391e-03,5.9050e-03,5.7560e-03,5.5925e-03,5.4144e-03,5.2221e-03,5.0152e-03,4.7936e-03,4.5572e-03,4.3052e-03,4.0372e-03,3.7521e-03,3.4489e-03,3.1265e-03,2.7835e-03,2.4181e-03,2.0287e-03,1.6133e-03,1.1700e-03,6.9683e-04,1.9167e-04,-3.4716e-04,-9.2136e-04,-1.5322e-03,-2.1807e-03,-2.8668e-03,-3.5902e-03,-4.3500e-03,-5.1440e-03,-5.9697e-03,-6.8240e-03,-7.7040e-03,-8.6068e-03,-9.5312e-03,-1.0477e-02,-1.1446e-02,-1.2443e-02,-1.3473e-02,-1.4539e-02,-1.5643e-02,-1.6778e-02,-1.7925e-02,-1.9055e-02,-2.0120e-02,-2.1063e-02,-2.1816e-02,-2.2312e-02,-2.2486e-02,-2.2289e-02,-2.1686e-02,-2.0661e-02,-1.9215e-02,-1.7362e-02,-1.5121e-02,-1.2516e-02,-9.5685e-03,-6.2960e-03,-2.7117e-03,1.1765e-03
-4.0222e-03,-3.4503e-03,-2.8931e-03,-2.3507e-03,-1.8231e-03,-1.3107e-03,-8.1374e-04,-3.3242e-04,1.3282e-04,5.8188e-04,1.0142e-03,1.4295e-03,1.8275e-03,2.2078e-03,2.5703e-03,2.9146e-03,3.2404e-03,3.5477e-03,3.8364e-03,4.1062e-03,4.3571e-03,4.5892e-03,4.8025e-03,4.9970e-03,5.1730e-03,5.3304e-03,5.4695e-03,5.5905e-03,5.6936e-03,5.7791e-03,5.8472e-03,5.8983e-03,5.9326e-03,5.9503e-03,5.9521e-03,5.9380e-03,5.9086e-03,5.8642e-03,5.8052e-03,5.7319e-03,5.6447e-03,5.5441e-03,5.4303e-03,5.3036e-03,5.1642e-03,5.0124e-03,4.8483e-03,4.6718e-03,4.4829e-03,4.2814e-03,4.0670e-03,3.8390e-03,3.5969e-03,3.3399e-03,3.0667e-03,2.7765e-03,2.4676e-03,2.1384e-03,1.7875e-03,1.4129e-03,1.0128e-03,5.8528e-04,1.2827e-04,-3.5955e-04,-8.8013e-04,-1.4342e-03,-2.0228e-03,-2.6458e-03,-3.3028e-03,-3.9925e-03,-4.7129e-03,-5.4611e-03,-6.2343e-03,-7.0291e-03,-7.8432e-03,-8.6749e-03,-9.5242e-03,-1.0393e-02,-1.1286e-02,-1.2208e-02,-1.3164e-02,-1.4153e-02,-1.5169e-02,-1.6195e-02,-1.7199e-02,-1.8136e-02,-1.8948e-02,-1.9568e-02,-1.9928e-02,-1.9966e-02,-1.9629e-02,-1.8885e-02,-1.7718e-02,-1.6128e-02,-1.4129e-02,-1.1742e-02,-8.9910e-03,-5.8974e-03,-2.4800e-03,1.2473e-03
-3.3955e-03,-2.8901e-03,-2.3980e-03,-1.9192e-03,-1.4539e-03,-1.0022e-03,-5.6433e-04,-1.4041e-04,2.6924e-04,6.6429e-04,1.0447e-03,1.4099e-03,1.7597e-03,2.0940e-03,2.4124e-03,2.7147e-03,3.0008e-03,3.2706e-03,3.5239e-03,3.7606e-03,3.9808e-03,4.1844e-03,4.3715e-03,4.5423e-03,4.6968e-03,4.8351e-03,4.9574e-03,5.0639e-03,5.1549e-03,5.2304e-03,5.2909e-03,5.3365e-03,5.3676e-03,5.3842e-03,5.3868e-03,5.3757e-03,5.3513e-03,5.3138e-03,5.2635e-03,5.2008e-03,5.1260e-03,5.0395e-03,4.9416e-03,4.8327e-03,4.7127e-03,4.5822e-03,4.4412e-03,4.2898e-03,4.1280e-03,3.9557e-03,3.7726e-03,3.5784e-03,3.3727e-03,3.1547e-03,2.9238e-03,2.6787e-03,2.4185e-03,2.1417e-03,1.8469e-03,1.5325e-03,1.1968e-03,8.3793e-04,4.5430e-04,4.3850e-05,-3.9463e-04,-8.6267e-04,-1.3615e-03,-1.8913e-03,-2.4523e-03,-3.0436e-03,-3.6641e-03,-4.3113e-03,-4.9828e-03,-5.6752e-03,-6.3854e-03,-7.1108e-03,-7.8501e-03,-8.6031e-03,-9.3723e-03,-1.0162e-02,-1.0977e-02,-1.1821e-02,-1.2696e-02,-1.3595e-02,-1.4500e-02,-1.5380e-02,-1.6191e-02,-1.6874e-02,-1.7364e-02,-1.7591e-02,-1.7494e-02,-1.7022e-02,-1.6141e-02,-1.4835e-02,-1.3105e-02,-1.0965e-02,-8.4359e-03,-5.5424e-03,-2.3074e-03,1.2502e-03
-2.7226e-03,-2.2822e-03,-1.8539e-03,-1.4376e-03,-1.0334e-03,-6.4135e-04,-2.6168e-04,1.0542e-04,4.5995e-04,8.0158e-04,1.1301e-03,1.4452e-03,1.7468e-03,2.0347e-03,2.3086e-03,2.5684e-03,2.8140e-03,3.0454e-03,3.2622e-03,3.4647e-03,3.6528e-03,3.8265e-03,3.9859e-03,4.1311e-03,4.2622e-03,4.3794e-03,4.4828e-03,4.5726e-03,4.6490e-03,4.7122e-03,4.7623e-03,4.7996e-03,4.8244e-03,4.8370e-03,4.8375e-03,4.8261e-03,4.8031e-03,4.7689e-03,4.7237e-03,4.6678e-03,4.6015e-03,4.5252e-03,4.4390e-03,4.3433e-03,4.2385e-03,4.1245e-03,4.0018e-03,3.8703e-03,3.7302e-03,3.5815e-03,3.4240e-03,3.2576e-03,3.0820e-03,2.8965e-03,2.7007e-03,2.4937e-03,2.2747e-03,2.0425e-03,1.7959e-03,1.5334e-03,1.2537e-03,9.5502e-04,6.3570e-04,2.9429e-04,-7.1066e-05,-4.6160e-04,-8.7881e-04,-1.3232e-03,-1.7953e-03,-2.2951e-03,-2.8216e-03,-3.3734e-03,-3.9481e-03,-4.5430e-03,-5.1549e-03,-5.7807e-03,-6.4179e-03,-7.0648e-03,-7.7218e-03,-8.3914e-03,-9.0777e-03,-9.7858e-03,-1.0520e-02,-1.1282e-02,-1.2064e-02,-1.2849e-02,-1.3608e-02,-1.4294e-02,-1.4850e-02,-1.5212e-02,-1.5310e-02,-1.5082e-02,-1.4477e-02,-1.3462e-02,-1.2021e-02,-1.0155e-02,-7.8782e-03,-5.2116e-03,-2.1807e-03,1.1912e-03
-2.0057e-03,-1.6288e-03,-1.2629e-03,-9.0793e-04,-5.6374e-04,-2.3061e-04,9.1579e-05,4.0260e-04,7.0246e-04,9.9096e-04,1.2677e-03,1.5330e-03,1.7862e-03,2.0275e-03,2.2566e-03,2.4734e-03,2.6778e-03,2.8698e-03,3.0493e-03,3.2165e-03,3.3712e-03,3.5135e-03,3.6437e-03,3.7616e-03,3.8676e-03,3.9617e-03,4.0441e-03,4.1149e-03,4.1744e-03,4.2227e-03,4.2600e-03,4.2864e-03,4.3023e-03,4.3077e-03,4.3028e-03,4.2880e-03,4.2634e-03,4.2291e-03,4.1856e-03,4.1329e-03,4.0714e-03,4.0012e-03,3.9228e-03,3.8362e-03,3.7420e-03,3.6402e-03,3.5310e-03,3.4146e-03,3.2912e-03,3.1609e-03,3.0236e-03,2.8792e-03,2.7275e-03,2.5684e-03,2.4012e-03,2.2256e-03,2.0406e-03,1.8455e-03,1.6394e-03,1.4210e-03,1.1890e-03,9.4205e-04,6.7875e-04,3.9740e-04,9.6541e-05,-2.2508e-04,-5.6897e-04,-9.3608e-04,-1.3273e-03,-1.7425e-03,-2.1818e-03,-2.6441e-03,-3.1276e-03,-3.6302e-03,-4.1488e-03,-4.6805e-03,-5.2220e-03,-5.7710e-03,-6.3259e-03,-6.8871e-03,-7.4573e-03,-8.0406e-03,-8.6428e-03,-9.2679e-03,-9.9170e-03,-1.0584e-02,-1.1251e-02,-1.1889e-02,-1.2452e-02,-1.2885e-02,-1.3120e-02,-1.3091e-02,-1.2735e-02,-1.2002e-02,-1.0858e-02,-9.2856e-03,-7.2877e-03,-4.8778e-03,-2.0783e-03,1.0855e-03
-1.2471e-03,-9.3232e-04,-6.2759e-04,-3.3267e-04,-4.7632e-05,2.2761e-04,4.9313e-04,7.4868e-04,9.9433e-04,1.2300e-03,1.4555e-03,1.6708e-03,1.8756e-03,2.0700e-03,2.2538e-03,2.4271e-03,2.5898e-03,2.7417e-03,2.8830e-03,3.0137e-03,3.1338e-03,3.2436e-03,3.3429e-03,3.4321e-03,3.5111e-03,3.5804e-03,3.6397e-03,3.6894e-03,3.7298e-03,3.7609e-03,3.7829e-03,3.7958e-03,3.8000e-03,3.7955e-03,3.7826e-03,3.7612e-03,3.7317e-03,3.6940e-03,3.6488e-03,3.5958e-03,3.5355e-03,3.4679e-03,3.3934e-03,3.3121e-03,3.2243e-03,3.1303e-03,3.0303e-03,2.9245e-03,2.8130e-03,2.6960e-03,2.5736e-03,2.4459e-03,2.3127e-03,2.1739e-03,2.0292e-03,1.8784e-03,1.7208e-03,1.5560e-03,1.3830e-03,1.2009e-03,1.0088e-03,8.0555e-04,5.8975e-04,3.6022e-04,1.1531e-04,-1.4606e-04,-4.2530e-04,-7.2357e-04,-1.0418e-03,-1.3804e-03,-1.7396e-03,-2.1188e-03,-2.5172e-03,-2.9330e-03,-3.3636e-03,-3.8062e-03,-4.2578e-03,-4.7153e-03,-5.1760e-03,-5.6390e-03,-6.1047e-03,-6.5757e-03,-7.0566e-03,-7.5532e-03,-8.0696e-03,-8.6072e-03,-9.1597e-03,-9.7105e-03,-1.0230e-02,-1.0673e-02,-1.0983e-02,-1.1096e-02,-1.0943e-02,-1.0462e-02,-9.6041e-03,-8.3335e-03,-6.6348e-03,-4.5092e-03,-1.9712e-03,9.5652e-04
-4.4904e-04,-1.9508e-04,4.9777e-05,2.8561e-04,5.1266e-04,7.3090e-04,9.4036e-04,1.1411e-03,1.3331e-03,1.5163e-03,1.6906e-03,1.8559e-03,2.0124e-03,2.1599e-03,2.2982e-03,2.4274e-03,2.5477e-03,2.6588e-03,2.7611e-03,2.8544e-03,2.9388e-03,3.0147e-03,3.0819e-03,3.1407e-03,3.1913e-03,3.2337e-03,3.2683e-03,3.2950e-03,3.3142e-03,3.3257e-03,3.3300e-03,3.3270e-03,3.3169e-03,3.2998e-03,3.2758e-03,3.2451e-03,3.2078e-03,3.1639e-03,3.1135e-03,3.0571e-03,2.9944e-03,2.9259e-03,2.8516e-03,2.7718e-03,2.6866e-03,2.5965e-03,2.5014e-03,2.4019e-03,2.2977e-03,2.1895e-03,2.0772e-03,1.9610e-03,1.8409e-03,1.7170e-03,1.5890e-03,1.4570e-03,1.3205e-03,1.1791e-03,1.0324e-03,8.7953e-04,7.1986e-04,5.5251e-04,3.7629e-04,1.9009e-04,-7.1526e-06,-2.1670e-04,-4.3991e-04,-6.7777e-04,-9.3126e-04,-1.2012e-03,-1.4881e-03,-1.7916e-03,-2.1114e-03,-2.4461e-03,-2.7942e-03,-3.1531e-03,-3.5199e-03,-3.8915e-03,-4.2648e-03,-4.6375e-03,-5.0088e-03,-5.3790e-03,-5.7512e-03,-6.1302e-03,-6.5217e-03,-6.9304e-03,-7.3576e-03,-7.7971e-03,-8.2328e-03,-8.6350e-03,-8.9597e-03,-9.1508e-03,-9.1432e-03,-8.8700e-03,-8.2686e-03,-7.2887e-03,-5.8961e-03,-4.0748e-03,-1.8261e-03,8.3529e-04
3.8610e-04,5.8051e-04,7.6662e-04,9.4454e-04,1.1145e-03,1.2765e-03,1.4308e-03,1.5773e-03,1.7161e-03,1.8472e-03,1.9706e-03,2.0863e-03,2.1942e-03,2.2945e-03,2.3871e-03,2.4721e-03,2.5493e-03,2.6191e-03,2.6815e-03,2.7364e-03,2.7843e-03,2.8250e-03,2.8588e-03,2.8859e-03,2.9064e-03,2.9205e-03,2.9284e-03,2.9302e-03,2.9260e-03,2.9160e-03,2.9004e-03,2.8791e-03,2.8523e-03,2.8201e-03,2.7825e-03,2.7396e-03,2.6917e-03,2.6385e-03,2.5801e-03,2.5170e-03,2.4487e-03,2.3759e-03,2.2984e-03,2.2165e-03,2.1304e-03,2.0403e-03,1.9463e-03,1.8488e-03,1.7480e-03,1.6441e-03,1.5374e-03,1.4279e-03,1.3159e-03,1.2017e-03,1.0850e-03,9.6605e-04,8.4458e-04,7.2055e-04,5.9358e-04,4.6315e-04,3.2890e-04,1.8994e-04,4.5728e-05,-1.0481e-04,-2.6262e-04,-4.2880e-04,-6.0432e-04,-7.9010e-04,-9.8743e-04,-1.1970e-03,-1.4192e-03,-1.6546e-03,-1.9029e-03,-2.1633e-03,-2.4348e-03,-2.7153e-03,-3.0025e-03,-3.2934e-03,-3.5850e-03,-3.8743e-03,-4.1591e-03,-4.4386e-03,-4.7138e-03,-4.9876e-03,-5.2651e-03,-5.5523e-03,-5.8541e-03,-6.1718e-03,-6.4999e-03,-6.8223e-03,-7.1095e-03,-7.3182e-03,-7.3925e-03,-7.2678e-03,-6.8770e-03,-6.1583e-03,-5.0607e-03,-3.5502e-03,-1.6106e-03,7.5667e-04
1.2560e-03,1.3921e-03,1.5207e-03,1.6417e-03,1.7554e-03,1.8622e-03,1.9620e-03,2.0549e-03,2.1410e-03,2.2204e-03,2.2931e-03,2.3593e-03,2.4189e-03,2.4719e-03,2.5185e-03,2.5587e-03,2.5927e-03,2.6205e-03,2.6422e-03,2.6581e-03,2.6683e-03,2.6729e-03,2.6721e-03,2.6661e-03,2.6551e-03,2.6394e-03,2.6189e-03,2.5939e-03,2.5647e-03,2.5311e-03,2.4933e-03,2.4515e-03,2.4058e-03,2.3560e-03,2.3024e-03,2.2448e-03,2.1834e-03,2.1181e-03,2.0489e-03,1.9760e-03,1.8993e-03,1.8190e-03,1.7352e-03,1.6478e-03,1.5573e-03,1.4635e-03,1.3671e-03,1.2678e-03,1.1663e-03,1.0627e-03,9.5727e-04,8.5017e-04,7.4178e-04,6.3224e-04,5.2196e-04,4.1069e-04,2.9887e-04,1.8632e-04,7.2973e-05,-4.1483e-05,-1.5713e-04,-2.7440e-04,-3.9411e-04,-5.1653e-04,-6.4269e-04,-7.7323e-04,-9.0927e-04,-1.0514e-03,-1.2007e-03,-1.3580e-03,-1.5240e-03,-1.6990e-03,-1.8833e-03,-2.0765e-03,-2.2777e-03,-2.4859e-03,-2.6989e-03,-2.9144e-03,-3.1293e-03,-3.3409e-03,-3.5462e-03,-3.7431e-03,-3.9312e-03,-4.1115e-03,-4.2875e-03,-4.4640e-03,-4.6476e-03,-4.8435e-03,-5.0530e-03,-5.2711e-03,-5.4819e-03,-5.6563e-03,-5.7513e-03,-5.7115e-03,-5.4726e-03,-4.9677e-03,-4.1350e-03,-2.9238e-03,-1.2995e-03,7.5387e-04
2.1583e-03,2.2374e-03,2.3095e-03,2.3746e-03,2.4332e-03,2.4854e-03,2.5313e-03,2.5712e-03,2.6050e-03,2.6333e-03,2.6557e-03,2.6725e-03,2.6836e-03,2.6895e-03,2.6899e-03,2.6852e-03,2.6754e-03,2.6606e-03,2.6412e-03,2.6173e-03,2.5889e-03,2.5564e-03,2.5199e-03,2.4798e-03,2.4359e-03,2.3889e-03,2.3385e-03,2.2852e-03,2.2289e-03,2.1700e-03,2.1083e-03,2.0439e-03,1.9769e-03,1.9074e-03,1.8353e-03,1.7605e-03,1.6831e-03,1.6032e-03,1.5205e-03,1.4351e-03,1.3470e-03,1.2563e-03,1.1630e-03,1.0671e-03,9.6893e-04,8.6837e-04,7.6582e-04,6.6146e-04,5.5550e-04,4.4835e-04,3.4015e-04,2.3131e-04,1.2210e-04,1.2929e-05,-9.5773e-05,-2.0407e-04,-3.1153e-04,-4.1790e-04,-5.2318e-04,-6.2751e-04,-7.3073e-04,-8.3307e-04,-9.3485e-04,-1.0363e-03,-1.1382e-03,-1.2409e-03,-1.3452e-03,-1.4517e-03,-1.5612e-03,-1.6748e-03,-1.7924e-03,-1.9152e-03,-2.0431e-03,-2.1764e-03,-2.3146e-03,-2.4567e-03,-2.6015e-03,-2.7469e-03,-2.8906e-03,-3.0295e-03,-3.1609e-03,-3.2822e-03,-3.3915e-03,-3.4884e-03,-3.5741e-03,-3.6524e-03,-3.7289e-03,-3.8099e-03,-3.9006e-03,-4.0036e-03,-4.1131e-03,-4.2143e-03,-4.2778e-03,-4.2616e-03,-4.1104e-03,-3.7604e-03,-3.1449e-03,-2.2020e-03,-8.8088e-04,8.5291e-04
3.0907e-03,3.1138e-03,3.1304e-03,3.1408e-03,3.1450e-03,3.1435e-03,3.1364e-03,3.1239e-03,3.1062e-03,3.0835e-03,3.0559e-03,3.0235e-03,2.9865e-03,2.9451e-03,2.8992e-03,2.8494e-03,2.7955e-03,2.7379e-03,2.6767e-03,2.6122e-03,2.5446e-03,2.4741e-03,2.4010e-03,2.3254e-03,2.2476e-03,2.1678e-03,2.0862e-03,2.0031e-03,1.9182e-03,1.8321e-03,1.7445e-03,1.6556e-03,1.5655e-03,1.4740e-03,1.3812e-03,1.2870e-03,1.1914e-03,1.0942e-03,9.9543e-04,8.9505e-04,7.9283e-04,6.8896e-04,5.8331e-04,4.7598e-04,3.6707e-04,2.5658e-04,1.4482e-04,3.1911e-05,-8.1666e-05,-1.9605e-04,-3.1050e-04,-4.2482e-04,-5.3861e-04,-6.5166e-04,-7.6322e-04,-8.7303e-04,-9.8080e-04,-1.0861e-03,-1.1887e-03,-1.2884e-03,-1.3850e-03,-1.4784e-03,-1.5686e-03,-1.6559e-03,-1.7405e-03,-1.8225e-03,-1.9026e-03,-1.9812e-03,-2.0589e-03,-2.1363e-03,-2.2138e-03,-2.2924e-03,-2.3721e-03,-2.4531e-03,-2.5354e-03,-2.6184e-03,-2.7013e-03,-2.7825e-03,-2.8601e-03,-2.9318e-03,-2.9947e-03,-3.0460e-03,-3.0833e-03,-3.1050e-03,-3.1108e-03,-3.1025e-03,-3.0839e-03,-3.0608e-03,-3.0400e-03,-3.0271e-03,-3.0246e-03,-3.0275e-03,-3.0206e-03,-2.9757e-03,-2.8509e-03,-2.5912e-03,-2.1331e-03,-1.4103e-03,-3.6095e-04,1.0659e-03
4.0508e-03,4.0192e-03,3.9815e-03,3.9378e-03,3.8887e-03,3.8342e-03,3.7747e-03,3.7105e-03,3.6417e-03,3.5686e-03,3.4913e-03,3.4101e-03,3.3251e-03,3.2364e-03,3.1444e-03,3.0491e-03,2.9510e-03,2.8501e-03,2.7467e-03,2.6412e-03,2.5336e-03,2.4243e-03,2.3136e-03,2.2018e-03,2.0888e-03,1.9751e-03,1.8611e-03,1.7465e-03,1.6315e-03,1.5167e-03,1.4016e-03,1.2864e-03,1.1712e-03,1.0559e-03,9.4035e-04,8.2463e-04,7.0842e-04,5.9174e-04,4.7458e-04,3.5663e-04,2.3795e-04,1.1816e-04,-2.3507e-06,-1.2384e-04,-2.4622e-04,-3.6945e-04,-4.9337e-04,-6.1777e-04,-7.4234e-04,-8.6705e-04,-9.9127e-04,-1.1147e-03,-1.2369e-03,-1.3573e-03,-1.4756e-03,-1.5912e-03,-1.7037e-03,-1.8124e-03,-1.9172e-03,-2.0173e-03,-2.1124e-03,-2.2027e-03,-2.2873e-03,-2.3665e-03,-2.4402e-03,-2.5085e-03,-2.5715e-03,-2.6295e-03,-2.6829e-03,-2.7322e-03,-2.7777e-03,-2.8199e-03,-2.8590e-03,-2.8955e-03,-2.9295e-03,-2.9605e-03,-2.9884e-03,-3.0117e-03,-3.0292e-03,-3.0389e-03,-3.0384e-03,-3.0251e-03,-2.9961e-03,-2.9496e-03,-2.8838e-03,-2.7989e-03,-2.6971e-03,-2.5821e-03,-2.4604e-03,-2.3388e-03,-2.2237e-03,-2.1173e-03,-2.0151e-03,-1.9023e-03,-1.7514e-03,-1.5203e-03,-1.1549e-03,-5.9198e-04,2.3454e-04,1.3866e-03
5.0363e-03,4.9512e-03,4.8601e-03,4.7635e-03,4.6618e-03,4.5552e-03,4.4441e-03,4.3288e-03,4.2094e-03,4.0864e-03,3.9598e-03,3.8299e-03,3.6971e-03,3.5614e-03,3.4230e-03,3.2825e-03,3.1397e-03,2.9953e-03,2.8493e-03,2.7022e-03,2.5541e-03,2.4055e-03,2.2564e-03,2.1073e-03,1.9583e-03,1.8097e-03,1.6618e-03,1.5146e-03,1.3685e-03,1.2232e-03,1.0790e-03,9.3592e-04,7.9384e-04,6.5288e-04,5.1273e-04,3.7344e-04,2.3477e-04,9.6545e-05,-4.1310e-05,-1.7901e-04,-3.1662e-04,-4.5438e-04,-5.9240e-04,-7.3049e-04,-8.6905e-04,-1.0077e-03,-1.1465e-03,-1.2853e-03,-1.4237e-03,-1.5617e-03,-1.6986e-03,-1.8342e-03,-1.9682e-03,-2.0996e-03,-2.2283e-03,-2.3535e-03,-2.4747e-03,-2.5911e-03,-2.7022e-03,-2.8077e-03,-2.9065e-03,-2.9984e-03,-3.0829e-03,-3.1600e-03,-3.2288e-03,-3.2897e-03,-3.3422e-03,-3.3867e-03,-3.4231e-03,-3.4515e-03,-3.4724e-03,-3.4860e-03,-3.4925e-03,-3.4926e-03,-3.4857e-03,-3.4722e-03,-3.4520e-03,-3.4240e-03,-3.3876e-03,-3.3411e-03,-3.2826e-03,-3.2099e-03,-3.1201e-03,-3.0112e-03,-2.8807e-03,-2.7277e-03,-2.5526e-03,-2.3574e-03,-2.1469e-03,-1.9275e-03,-1.7064e-03,-1.4900e-03,-1.2814e-03,-1.0760e-03,-8.5958e-04,-6.0476e-04,-2.7025e-04,1.9782e-04,8.6222e-04,1.7891e-03
6.0451e-03,5.9074e-03,5.7639e-03,5.6154e-03,5.4619e-03,5.3041e-03,5.1422e-03,4.9763e-03,4.8070e-03,4.6346e-03,4.4591e-03,4.2809e-03,4.1005e-03,3.9178e-03,3.7332e-03,3.5472e-03,3.3600e-03,3.1718e-03,2.9831e-03,2.7938e-03,2.6048e-03,2.4161e-03,2.2280e-03,2.0408e-03,1.8549e-03,1.6705e-03,1.4878e-03,1.3068e-03,1.1279e-03,9.5105e-04,7.7641e-04,6.0395e-04,4.3344e-04,2.6513e-04,9.8575e-05,-6.6068e-05,-2.2918e-04,-3.9089e-04,-5.5141e-04,-7.1094e-04,-8.6961e-04,-1.0277e-03,-1.1852e-03,-1.3425e-03,-1.4994e-03,-1.6559e-03,-1.8121e-03,-1.9678e-03,-2.1227e-03,-2.2768e-03,-2.4294e-03,-2.5801e-03,-2.7287e-03,-2.8745e-03,-3.0168e-03,-3.1551e-03,-3.2885e-03,-3.4164e-03,-3.5382e-03,-3.6528e-03,-3.7597e-03,-3.8584e-03,-3.9478e-03,-4.0279e-03,-4.0976e-03,-4.1569e-03,-4.2054e-03,-4.2425e-03,-4.2686e-03,-4.2833e-03,-4.2869e-03,-4.2795e-03,-4.2609e-03,-4.2318e-03,-4.1920e-03,-4.1417e-03,-4.0807e-03,-4.0085e-03,-3.9247e-03,-3.8282e-03,-3.7173e-03,-3.5902e-03,-3.4449e-03,-3.2787e-03,-3.0896e-03,-2.8754e-03,-2.6356e-03,-2.3705e-03,-2.0830e-03,-1.7777e-03,-1.4618e-03,-1.1423e-03,-8.2625e-04,-5.1693e-04,-2.1028e-04,1.0779e-04,4.6390e-04,8.9893e-04,1.4669e-03,2.2298e-03
7.0751e-03,6.8858e-03,6.6910e-03,6.4914e-03,6.2871e-03,6.0787e-03,5.8665e-03,5.6510e-03,5.4322e-03,5.2109e-03,4.9869e-03,4.7610e-03,4.5331e-03,4.3037e-03,4.0731e-03,3.8416e-03,3.6097e-03,3.3776e-03,3.1457e-03,2.9144e-03,2.6838e-03,2.4547e-03,2.2270e-03,2.0012e-03,1.7776e-03,1.5564e-03,1.3379e-03,1.1222e-03,9.0954e-04,6.9984e-04,4.9338e-04,2.9006e-04,8.9917e-05,-1.0742e-04,-3.0178e-04,-4.9353e-04,-6.8280e-04,-8.6977e-04,-1.0548e-03,-1.2381e-03,-1.4198e-03,-1.6002e-03,-1.7795e-03,-1.9578e-03,-2.1353e-03,-2.3120e-03,-2.4878e-03,-2.6627e-03,-2.8366e-03,-3.0091e-03,-3.1799e-03,-3.3486e-03,-3.5146e-03,-3.6775e-03,-3.8364e-03,-3.9910e-03,-4.1399e-03,-4.2830e-03,-4.4187e-03,-4.5466e-03,-4.6658e-03,-4.7753e-03,-4.8743e-03,-4.9622e-03,-5.0380e-03,-5.1011e-03,-5.1510e-03,-5.1873e-03,-5.2094e-03,-5.2170e-03,-5.2102e-03,-5.1886e-03,-5.1525e-03,-5.1017e-03,-5.0365e-03,-4.9567e-03,-4.8623e-03,-4.7532e-03,-4.6288e-03,-4.4887e-03,-4.3314e-03,-4.1559e-03,-3.9601e-03,-3.7421e-03,-3.4995e-03,-3.2302e-03,-2.9325e-03,-2.6062e-03,-2.2518e-03,-1.8726e-03,-1.4735e-03,-1.0618e-03,-6.4537e-04,-2.3143e-04,1.7686e-04,5.8273e-04,1.0002e-03,1.4550e-03,1.9884e-03,2.6528e-03
