9.0215e-02,8.8647e-02,8.7512e-02,8.6749e-02,8.6284e-02,8.6027e-02,8.5873e-02,8.5702e-02,8.5368e-02,8.4696e-02,8.3482e-02,8.1488e-02,7.8457e-02,7.4128e-02,6.8264e-02,6.0683e-02,5.1289e-02,4.0099e-02,2.7262e-02,1.3062e-02,-2.0838e-03,-1.7649e-02,-3.3032e-02,-4.7603e-02,-6.0757e-02,-7.1968e-02,-8.0821e-02,-8.7044e-02,-9.0512e-02,-9.1233e-02,-8.9336e-02,-8.5038e-02,-7.8618e-02,-7.0394e-02,-6.0700e-02,-4.9872e-02,-3.8233e-02,-2.6086e-02,-1.3713e-02,-1.3657e-03,1.0732e-02,2.2385e-02,3.3427e-02,4.3721e-02,5.3154e-02,6.1639e-02,6.9114e-02,7.5539e-02,8.0893e-02,8.5179e-02,8.8417e-02,9.0644e-02,9.1917e-02,9.2307e-02,9.1900e-02,9.0793e-02,8.9091e-02,8.6904e-02,8.4340e-02,8.1496e-02,7.8455e-02,7.5277e-02,7.1986e-02,6.8574e-02,6.4992e-02,6.1152e-02,5.6940e-02,5.2220e-02,4.6859e-02,4.0739e-02,3.3785e-02,2.5975e-02,1.7363e-02,8.0764e-03,-1.6766e-03,-1.1619e-02,-2.1419e-02,-3.0705e-02,-3.9097e-02,-4.6225e-02,-5.1758e-02,-5.5431e-02,-5.7064e-02,-5.6583e-02,-5.4025e-02,-4.9543e-02,-4.3386e-02,-3.5874e-02,-2.7362e-02,-1.8204e-02,-8.7337e-03,7.3775e-04,9.8939e-03,1.8378e-02,2.5767e-02,3.1587e-02,3.5387e-02,3.6846e-02,3.5893e-02,3.2757e-02
8.5965e-02,8.4258e-02,8.2977e-02,8.2060e-02,8.1429e-02,8.0999e-02,8.0666e-02,8.0315e-02,7.9807e-02,7.8976e-02,7.7630e-02,7.5544e-02,7.2475e-02,6.8176e-02,6.2423e-02,5.5040e-02,4.5937e-02,3.5129e-02,2.2756e-02,9.0975e-03,-5.4431e-03,-2.0352e-02,-3.5043e-02,-4.8905e-02,-6.1353e-02,-7.1878e-02,-8.0086e-02,-8.5722e-02,-8.8673e-02,-8.8957e-02,-8.6708e-02,-8.2143e-02,-7.5540e-02,-6.7215e-02,-5.7496e-02,-4.6714e-02,-3.5187e-02,-2.3213e-02,-1.1069e-02,1.0001e-03,1.2773e-02,2.4060e-02,3.4701e-02,4.4561e-02,5.3532e-02,6.1533e-02,6.8506e-02,7.4416e-02,7.9249e-02,8.3011e-02,8.5729e-02,8.7449e-02,8.8233e-02,8.8161e-02,8.7326e-02,8.5834e-02,8.3798e-02,8.1335e-02,7.8558e-02,7.5570e-02,7.2454e-02,6.9266e-02,6.6028e-02,6.2720e-02,5.9281e-02,5.5612e-02,5.1583e-02,4.7048e-02,4.1864e-02,3.5914e-02,2.9123e-02,2.1484e-02,1.3064e-02,4.0086e-03,-5.4534e-03,-1.5028e-02,-2.4369e-02,-3.3101e-02,-4.0842e-02,-4.7234e-02,-5.1966e-02,-5.4799e-02,-5.5592e-02,-5.4309e-02,-5.1033e-02,-4.5952e-02,-3.9343e-02,-3.1542e-02,-2.2901e-02,-1.3765e-02,-4.4538e-03,4.7235e-03,1.3438e-02,2.1303e-02,2.7872e-02,3.2671e-02,3.5300e-02,3.5551e-02,3.3498e-02,2.9510e-02
8.1671e-02,7.9817e-02,7.8383e-02,7.7303e-02,7.6502e-02,7.5894e-02,7.5380e-02,7.4849e-02,7.4169e-02,7.3186e-02,7.1718e-02,6.9554e-02,6.6468e-02,6.2223e-02,5.6607e-02,4.9451e-02,4.0665e-02,3.0263e-02,1.8378e-02,5.2772e-03,-8.6462e-03,-2.2894e-02,-3.6895e-02,-5.0057e-02,-6.1814e-02,-7.1677e-02,-7.9271e-02,-8.4355e-02,-8.6827e-02,-8.6716e-02,-8.4155e-02,-7.9365e-02,-7.2620e-02,-6.4230e-02,-5.4522e-02,-4.3818e-02,-3.2432e-02,-2.0658e-02,-8.7649e-03,3.0043e-03,1.4435e-02,2.5342e-02,3.5567e-02,4.4982e-02,5.3485e-02,6.0997e-02,6.7465e-02,7.2861e-02,7.7174e-02,8.0419e-02,8.2628e-02,8.3853e-02,8.4166e-02,8.3652e-02,8.2415e-02,8.0568e-02,7.8234e-02,7.5534e-02,7.2589e-02,6.9503e-02,6.6361e-02,6.3214e-02,6.0075e-02,5.6916e-02,5.3661e-02,5.0196e-02,4.6376e-02,4.2044e-02,3.7052e-02,3.1279e-02,2.4661e-02,1.7200e-02,8.9822e-03,1.7460e-04,-8.9759e-03,-1.8157e-02,-2.7011e-02,-3.5158e-02,-4.2221e-02,-4.7855e-02,-5.1773e-02,-5.3770e-02,-5.3740e-02,-5.1694e-02,-4.7752e-02,-4.2138e-02,-3.5154e-02,-2.7140e-02,-1.8444e-02,-9.3982e-03,-3.1184e-04,8.5018e-03,1.6692e-02,2.3845e-02,2.9495e-02,3.3195e-02,3.4625e-02,3.3711e-02,3.0676e-02,2.6008e-02
7.7326e-02,7.5319e-02,7.3724e-02,7.2477e-02,7.1502e-02,7.0713e-02,7.0016e-02,6.9305e-02,6.8457e-02,6.7328e-02,6.5749e-02,6.3523e-02,6.0437e-02,5.6268e-02,5.0812e-02,4.3907e-02,3.5463e-02,2.5487e-02,1.4107e-02,1.5798e-03,-1.1717e-02,-2.5298e-02,-3.8612e-02,-5.1083e-02,-6.2166e-02,-7.1390e-02,-7.8398e-02,-8.2964e-02,-8.4995e-02,-8.4527e-02,-8.1694e-02,-7.6717e-02,-6.9867e-02,-6.1450e-02,-5.1785e-02,-4.1190e-02,-2.9974e-02,-1.8424e-02,-6.8054e-03,4.6443e-03,1.5715e-02,2.6226e-02,3.6025e-02,4.4987e-02,5.3013e-02,6.0032e-02,6.5995e-02,7.0877e-02,7.4676e-02,7.7411e-02,7.9122e-02,7.9868e-02,7.9727e-02,7.8796e-02,7.7186e-02,7.5018e-02,7.2423e-02,6.9529e-02,6.6462e-02,6.3329e-02,6.0210e-02,5.7154e-02,5.4165e-02,5.1199e-02,4.8167e-02,4.4936e-02,4.1348e-02,3.7236e-02,3.2444e-02,2.6856e-02,2.0415e-02,1.3139e-02,5.1340e-03,-3.4104e-03,-1.2228e-02,-2.0989e-02,-2.9328e-02,-3.6861e-02,-4.3221e-02,-4.8081e-02,-5.1180e-02,-5.2350e-02,-5.1526e-02,-4.8760e-02,-4.4214e-02,-3.8142e-02,-3.0859e-02,-2.2710e-02,-1.4032e-02,-5.1424e-03,3.6524e-03,1.2028e-02,1.9608e-02,2.5951e-02,3.0593e-02,3.3138e-02,3.3377e-02,3.1382e-02,2.7513e-02,2.2352e-02
7.2925e-02,7.0759e-02,6.8999e-02,6.7581e-02,6.6427e-02,6.5456e-02,6.4576e-02,6.3687e-02,6.2675e-02,6.1407e-02,5.9727e-02,5.7453e-02,5.4383e-02,5.0309e-02,4.5034e-02,3.8400e-02,3.0316e-02,2.0786e-02,9.9278e-03,-2.0151e-03,-1.4677e-02,-2.7589e-02,-4.0219e-02,-5.2008e-02,-6.2432e-02,-7.1040e-02,-7.7490e-02,-8.1569e-02,-8.3194e-02,-8.2404e-02,-7.9338e-02,-7.4210e-02,-6.7291e-02,-5.8879e-02,-4.9289e-02,-3.8834e-02,-2.7814e-02,-1.6513e-02,-5.1903e-03,5.9207e-03,1.6615e-02,2.6717e-02,3.6078e-02,4.4577e-02,5.2122e-02,5.8644e-02,6.4100e-02,6.8472e-02,7.1762e-02,7.3996e-02,7.5221e-02,7.5505e-02,7.4933e-02,7.3611e-02,7.1658e-02,6.9206e-02,6.6391e-02,6.3350e-02,6.0211e-02,5.7082e-02,5.4041e-02,5.1128e-02,4.8336e-02,4.5606e-02,4.2831e-02,3.9862e-02,3.6526e-02,3.2645e-02,2.8060e-02,2.2659e-02,1.6398e-02,9.3138e-03,1.5326e-03,-6.7321e-03,-1.5194e-02,-2.3509e-02,-3.1304e-02,-3.8197e-02,-4.3833e-02,-4.7907e-02,-5.0190e-02,-5.0551e-02,-4.8970e-02,-4.5539e-02,-4.0458e-02,-3.4004e-02,-2.6503e-02,-1.8295e-02,-9.7037e-03,-1.0367e-03,7.3979e-03,1.5257e-02,2.2133e-02,2.7572e-02,3.1131e-02,3.2496e-02,3.1591e-02,2.8635e-02,2.4108e-02,1.8646e-02
6.8465e-02,6.6135e-02,6.4207e-02,6.2614e-02,6.1280e-02,6.0126e-02,5.9063e-02,5.7999e-02,5.6828e-02,5.5428e-02,5.3657e-02,5.1346e-02,4.8308e-02,4.4344e-02,3.9267e-02,3.2922e-02,2.5215e-02,1.6145e-02,5.8205e-03,-5.5273e-03,-1.7548e-02,-2.9789e-02,-4.1736e-02,-5.2853e-02,-6.2634e-02,-7.0645e-02,-7.6562e-02,-8.0184e-02,-8.1436e-02,-8.0360e-02,-7.7094e-02,-7.1851e-02,-6.4896e-02,-5.6523e-02,-4.7039e-02,-3.6750e-02,-2.5953e-02,-1.4924e-02,-3.9190e-03,6.8351e-03,1.7137e-02,2.6816e-02,3.5728e-02,4.3757e-02,5.0814e-02,5.6837e-02,6.1788e-02,6.5653e-02,6.8441e-02,7.0185e-02,7.0940e-02,7.0780e-02,6.9801e-02,6.8118e-02,6.5857e-02,6.3159e-02,6.0170e-02,5.7030e-02,5.3871e-02,5.0800e-02,4.7890e-02,4.5173e-02,4.2626e-02,4.0173e-02,3.7688e-02,3.5005e-02,3.1936e-02,2.8292e-02,2.3916e-02,1.8703e-02,1.2624e-02,5.7359e-03,-1.8094e-03,-9.7771e-03,-1.7860e-02,-2.5703e-02,-3.2926e-02,-3.9156e-02,-4.4052e-02,-4.7335e-02,-4.8812e-02,-4.8392e-02,-4.6100e-02,-4.2067e-02,-3.6524e-02,-2.9769e-02,-2.2130e-02,-1.3936e-02,-5.4985e-03,2.8801e-03,1.0882e-02,1.8139e-02,2.4219e-02,2.8666e-02,3.1091e-02,3.1288e-02,2.9325e-02,2.5560e-02,2.0563e-02,1.4990e-02
6.3944e-02,6.1445e-02,5.9346e-02,5.7577e-02,5.6063e-02,5.4726e-02,5.3483e-02,5.2246e-02,5.0921e-02,4.9396e-02,4.7542e-02,4.5205e-02,4.2211e-02,3.8372e-02,3.3506e-02,2.7462e-02,2.0146e-02,1.1548e-02,1.7679e-03,-8.9763e-03,-2.0349e-02,-3.1918e-02,-4.3187e-02,-5.3639e-02,-6.2789e-02,-7.0223e-02,-7.5631e-02,-7.8823e-02,-7.9732e-02,-7.8401e-02,-7.4969e-02,-6.9644e-02,-6.2685e-02,-5.4381e-02,-4.5031e-02,-3.4937e-02,-2.4388e-02,-1.3654e-02,-2.9868e-03,7.3919e-03,1.7286e-02,2.6529e-02,3.4982e-02,4.2533e-02,4.9098e-02,5.4620e-02,5.9066e-02,6.2429e-02,6.4724e-02,6.5991e-02,6.6292e-02,6.5711e-02,6.4351e-02,6.2337e-02,5.9806e-02,5.6906e-02,5.3789e-02,5.0603e-02,4.7479e-02,4.4522e-02,4.1800e-02,3.9329e-02,3.7073e-02,3.4936e-02,3.2770e-02,3.0391e-02,2.7598e-02,2.4195e-02,2.0026e-02,1.4999e-02,9.1015e-03,2.4162e-03,-4.8821e-03,-1.2534e-02,-2.0214e-02,-2.7558e-02,-3.4184e-02,-3.9730e-02,-4.3874e-02,-4.6369e-02,-4.7059e-02,-4.5897e-02,-4.2947e-02,-3.8382e-02,-3.2458e-02,-2.5483e-02,-1.7782e-02,-9.6724e-03,-1.4548e-03,6.5686e-03,1.4061e-02,2.0627e-02,2.5818e-02,2.9203e-02,3.0473e-02,2.9552e-02,2.6655e-02,2.2258e-02,1.6984e-02,1.1475e-02
5.9359e-02,5.6691e-02,5.4418e-02,5.2473e-02,5.0779e-02,4.9261e-02,4.7840e-02,4.6435e-02,4.4960e-02,4.3316e-02,4.1387e-02,3.9033e-02,3.6092e-02,3.2387e-02,2.7744e-02,2.2012e-02,1.5096e-02,6.9806e-03,-2.2466e-03,-1.2380e-02,-2.3101e-02,-3.3996e-02,-4.4587e-02,-5.4382e-02,-6.2914e-02,-6.9788e-02,-7.4709e-02,-7.7497e-02,-7.8090e-02,-7.6535e-02,-7.2966e-02,-6.7590e-02,-6.0658e-02,-5.2452e-02,-4.3265e-02,-3.3391e-02,-2.3114e-02,-1.2699e-02,-2.3889e-03,7.5972e-03,1.7069e-02,2.5863e-02,3.3847e-02,4.0913e-02,4.6982e-02,5.2002e-02,5.5946e-02,5.8813e-02,6.0625e-02,6.1428e-02,6.1294e-02,6.0315e-02,5.8604e-02,5.6295e-02,5.3534e-02,5.0477e-02,4.7284e-02,4.4106e-02,4.1075e-02,3.8290e-02,3.5810e-02,3.3637e-02,3.1716e-02,2.9928e-02,2.8105e-02,2.6045e-02,2.3531e-02,2.0367e-02,1.6401e-02,1.1555e-02,5.8399e-03,-6.3725e-04,-7.6748e-03,-1.4991e-02,-2.2245e-02,-2.9064e-02,-3.5070e-02,-3.9916e-02,-4.3304e-02,-4.5022e-02,-4.4952e-02,-4.3093e-02,-3.9551e-02,-3.4530e-02,-2.8305e-02,-2.1190e-02,-1.3501e-02,-5.5431e-03,2.3899e-03,9.9877e-03,1.6889e-02,2.2674e-02,2.6895e-02,2.9170e-02,2.9298e-02,2.7349e-02,2.3673e-02,1.8832e-02,1.3469e-02,8.1804e-03
5.4710e-02,5.1871e-02,4.9426e-02,4.7305e-02,4.5433e-02,4.3737e-02,4.2140e-02,4.0571e-02,3.8952e-02,3.7195e-02,3.5198e-02,3.2833e-02,2.9952e-02,2.6389e-02,2.1975e-02,1.6564e-02,1.0055e-02,2.4290e-03,-6.2379e-03,-1.5755e-02,-2.5820e-02,-3.6038e-02,-4.5955e-02,-5.5099e-02,-6.3023e-02,-6.9352e-02,-7.3805e-02,-7.6211e-02,-7.6515e-02,-7.4762e-02,-7.1086e-02,-6.5687e-02,-5.8811e-02,-5.0731e-02,-4.1734e-02,-3.2106e-02,-2.2125e-02,-1.2049e-02,-2.1170e-03,7.4590e-03,1.6493e-02,2.4827e-02,3.2331e-02,3.8906e-02,4.4475e-02,4.8993e-02,5.2439e-02,5.4817e-02,5.6157e-02,5.6514e-02,5.5966e-02,5.4615e-02,5.2585e-02,5.0019e-02,4.7071e-02,4.3908e-02,4.0693e-02,3.7580e-02,3.4700e-02,3.2146e-02,2.9963e-02,2.8137e-02,2.6590e-02,2.5181e-02,2.3720e-02,2.1985e-02,1.9751e-02,1.6819e-02,1.3049e-02,8.3790e-03,2.8452e-03,-3.4169e-03,-1.0179e-02,-1.7139e-02,-2.3942e-02,-3.0212e-02,-3.5579e-02,-3.9714e-02,-4.2349e-02,-4.3307e-02,-4.2517e-02,-4.0017e-02,-3.5952e-02,-3.0554e-02,-2.4111e-02,-1.6934e-02,-9.3281e-03,-1.5861e-03,5.9980e-03,1.3096e-02,1.9321e-02,2.4237e-02,2.7420e-02,2.8568e-02,2.7609e-02,2.4758e-02,2.0480e-02,1.5389e-02,1.0109e-02,5.1708e-03
4.9998e-02,4.6988e-02,4.4371e-02,4.2077e-02,4.0030e-02,3.8159e-02,3.6392e-02,3.4663e-02,3.2903e-02,3.1038e-02,2.8977e-02,2.6607e-02,2.3791e-02,2.0374e-02,1.6194e-02,1.1107e-02,5.0118e-03,-2.1203e-03,-1.0222e-02,-1.9116e-02,-2.8521e-02,-3.8061e-02,-4.7305e-02,-5.5802e-02,-6.3129e-02,-6.8926e-02,-7.2927e-02,-7.4972e-02,-7.5009e-02,-7.3085e-02,-6.9328e-02,-6.3933e-02,-5.7139e-02,-4.9212e-02,-4.0431e-02,-3.1074e-02,-2.1412e-02,-1.1697e-02,-2.1615e-03,6.9872e-03,1.5568e-02,2.3430e-02,3.0447e-02,3.6524e-02,4.1591e-02,4.5608e-02,4.8560e-02,5.0458e-02,5.1339e-02,5.1266e-02,5.0328e-02,4.8635e-02,4.6321e-02,4.3538e-02,4.0451e-02,3.7233e-02,3.4053e-02,3.1065e-02,2.8397e-02,2.6132e-02,2.4300e-02,2.2868e-02,2.1731e-02,2.0726e-02,1.9638e-02,1.8230e-02,1.6269e-02,1.3560e-02,9.9741e-03,5.4737e-03,1.2229e-04,-5.9163e-03,-1.2387e-02,-1.8969e-02,-2.5297e-02,-3.0996e-02,-3.5709e-02,-3.9128e-02,-4.1021e-02,-4.1249e-02,-3.9784e-02,-3.6706e-02,-3.2194e-02,-2.6501e-02,-1.9921e-02,-1.2756e-02,-5.2992e-03,2.1641e-03,9.3312e-03,1.5851e-02,2.1313e-02,2.5282e-02,2.7383e-02,2.7423e-02,2.5470e-02,2.1873e-02,1.7183e-02,1.2025e-02,6.9811e-03,2.4957e-03
4.5223e-02,4.2044e-02,3.9259e-02,3.6794e-02,3.4577e-02,3.2535e-02,3.0603e-02,2.8718e-02,2.6823e-02,2.4852e-02,2.2730e-02,2.0357e-02,1.7608e-02,1.4340e-02,1.0395e-02,5.6345e-03,-4.5590e-05,-6.6792e-03,-1.4211e-02,-2.2479e-02,-3.1220e-02,-4.0080e-02,-4.8651e-02,-5.6504e-02,-6.3240e-02,-6.8516e-02,-7.2081e-02,-7.3783e-02,-7.3574e-02,-7.1500e-02,-6.7687e-02,-6.2322e-02,-5.5636e-02,-4.7887e-02,-3.9347e-02,-3.0285e-02,-2.0964e-02,-1.1631e-02,-2.5111e-03,6.1934e-03,1.4308e-02,2.1686e-02,2.8207e-02,3.3781e-02,3.8343e-02,4.1861e-02,4.4324e-02,4.5752e-02,4.6189e-02,4.5707e-02,4.4404e-02,4.2401e-02,3.9841e-02,3.6885e-02,3.3710e-02,3.0492e-02,2.7406e-02,2.4605e-02,2.2210e-02,2.0292e-02,1.8864e-02,1.7866e-02,1.7171e-02,1.6587e-02,1.5878e-02,1.4793e-02,1.3094e-02,1.0593e-02,7.1792e-03,2.8421e-03,-2.3257e-03,-8.1298e-03,-1.4293e-02,-2.0474e-02,-2.6305e-02,-3.1414e-02,-3.5462e-02,-3.8169e-02,-3.9338e-02,-3.8873e-02,-3.6789e-02,-3.3204e-02,-2.8325e-02,-2.2420e-02,-1.5779e-02,-8.6960e-03,-1.4507e-03,5.6709e-03,1.2350e-02,1.8211e-02,2.2827e-02,2.5785e-02,2.6792e-02,2.5781e-02,2.2963e-02,1.8797e-02,1.3884e-02,8.8303e-03,4.1467e-03,1.8838e-04
4.0390e-02,3.7044e-02,3.4093e-02,3.1463e-02,2.9080e-02,2.6873e-02,2.4780e-02,2.2744e-02,2.0717e-02,1.8645e-02,1.6463e-02,1.4087e-02,1.1405e-02,8.2829e-03,4.5731e-03,1.3823e-04,-5.1253e-03,-1.1259e-02,-1.8218e-02,-2.5857e-02,-3.3930e-02,-4.2107e-02,-5.0004e-02,-5.7216e-02,-6.3366e-02,-6.8130e-02,-7.1271e-02,-7.2645e-02,-7.2208e-02,-7.0005e-02,-6.6157e-02,-6.0845e-02,-5.4292e-02,-4.6746e-02,-3.8470e-02,-2.9726e-02,-2.0769e-02,-1.1838e-02,-3.1525e-03,5.0915e-03,1.2726e-02,1.9608e-02,2.5624e-02,3.0690e-02,3.4747e-02,3.7768e-02,3.9749e-02,4.0718e-02,4.0729e-02,3.9860e-02,3.8221e-02,3.5942e-02,3.3176e-02,3.0096e-02,2.6885e-02,2.3727e-02,2.0797e-02,1.8245e-02,1.6184e-02,1.4670e-02,1.3693e-02,1.3168e-02,1.2939e-02,1.2787e-02,1.2456e-02,1.1682e-02,1.0228e-02,7.9182e-03,4.6645e-03,4.8505e-04,-4.4955e-03,-1.0054e-02,-1.5889e-02,-2.1649e-02,-2.6961e-02,-3.1466e-02,-3.4845e-02,-3.6850e-02,-3.7324e-02,-3.6213e-02,-3.3572e-02,-2.9556e-02,-2.4393e-02,-1.8354e-02,-1.1727e-02,-4.7894e-03,2.1833e-03,8.8990e-03,1.5016e-02,2.0135e-02,2.3831e-02,2.5741e-02,2.5675e-02,2.3708e-02,2.0182e-02,1.5636e-02,1.0681e-02,5.8776e-03,1.6517e-03,-1.7335e-03
3.5501e-02,3.1992e-02,2.8881e-02,2.6091e-02,2.3548e-02,2.1182e-02,1.8933e-02,1.6751e-02,1.4594e-02,1.2421e-02,1.0180e-02,7.7997e-03,5.1814e-03,2.2021e-03,-1.2760e-03,-5.3878e-03,-1.0237e-02,-1.5870e-02,-2.2254e-02,-2.9260e-02,-3.6662e-02,-4.4153e-02,-5.1374e-02,-5.7946e-02,-6.3513e-02,-6.7772e-02,-7.0498e-02,-7.1557e-02,-7.0908e-02,-6.8594e-02,-6.4732e-02,-5.9494e-02,-5.3095e-02,-4.5775e-02,-3.7787e-02,-2.9383e-02,-2.0812e-02,-1.2304e-02,-4.0712e-03,3.6966e-03,1.0836e-02,1.7212e-02,2.2716e-02,2.7269e-02,3.0820e-02,3.3347e-02,3.4856e-02,3.5379e-02,3.4981e-02,3.3751e-02,3.1806e-02,2.9288e-02,2.6362e-02,2.3208e-02,2.0018e-02,1.6980e-02,1.4270e-02,1.2032e-02,1.0366e-02,9.3097e-03,8.8278e-03,8.8070e-03,9.0604e-03,9.3440e-03,9.3818e-03,8.9019e-03,7.6725e-03,5.5346e-03,2.4278e-03,-1.5983e-03,-6.3860e-03,-1.1684e-02,-1.7173e-02,-2.2489e-02,-2.7266e-02,-3.1157e-02,-3.3870e-02,-3.5192e-02,-3.5007e-02,-3.3305e-02,-3.0179e-02,-2.5811e-02,-2.0443e-02,-1.4348e-02,-7.8013e-03,-1.0707e-03,5.5702e-03,1.1812e-02,1.7290e-02,2.1589e-02,2.4307e-02,2.5158e-02,2.4081e-02,2.1288e-02,1.7230e-02,1.2490e-02,7.6587e-03,3.2254e-03,-4.7417e-04,-3.2651e-03
3.0562e-02,2.6895e-02,2.3628e-02,2.0685e-02,1.7989e-02,1.5471e-02,1.3072e-02,1.0747e-02,8.4638e-03,6.1902e-03,3.8875e-03,1.4984e-03,-1.0616e-03,-3.9036e-03,-7.1568e-03,-1.0950e-02,-1.5387e-02,-2.0521e-02,-2.6330e-02,-3.2700e-02,-3.9427e-02,-4.6229e-02,-5.2771e-02,-5.8702e-02,-6.3687e-02,-6.7445e-02,-6.9763e-02,-7.0518e-02,-6.9669e-02,-6.7260e-02,-6.3401e-02,-5.8258e-02,-5.2035e-02,-4.4962e-02,-3.7283e-02,-2.9243e-02,-2.1077e-02,-1.3011e-02,-5.2500e-03,2.0247e-03,8.6560e-03,1.4515e-02,1.9499e-02,2.3536e-02,2.6581e-02,2.8620e-02,2.9664e-02,2.9758e-02,2.8972e-02,2.7407e-02,2.5190e-02,2.2474e-02,1.9435e-02,1.6262e-02,1.3152e-02,1.0298e-02,7.8720e-03,6.0112e-03,4.7993e-03,4.2511e-03,4.3036e-03,4.8109e-03,5.5563e-03,6.2700e-03,6.6607e-03,6.4523e-03,5.4238e-03,3.4382e-03,4.6617e-04,-3.4088e-03,-7.9962e-03,-1.3019e-02,-1.8141e-02,-2.2995e-02,-2.7221e-02,-3.0494e-02,-3.2552e-02,-3.3219e-02,-3.2422e-02,-3.0192e-02,-2.6655e-02,-2.2015e-02,-1.6522e-02,-1.0442e-02,-4.0377e-03,2.4289e-03,8.6768e-03,1.4376e-02,1.9136e-02,2.2545e-02,2.4250e-02,2.4070e-02,2.2079e-02,1.8617e-02,1.4211e-02,9.4550e-03,4.8878e-03,9.1571e-04,-2.2172e-03,-4.4145e-03
2.5578e-02,2.1758e-02,1.8343e-02,1.5254e-02,1.2413e-02,9.7488e-03,7.2055e-03,4.7430e-03,2.3342e-03,-4.1224e-05,-2.4092e-03,-4.8130e-03,-7.3223e-03,-1.0035e-02,-1.3071e-02,-1.6552e-02,-2.0582e-02,-2.5220e-02,-3.0453e-02,-3.6185e-02,-4.2234e-02,-4.8342e-02,-5.4203e-02,-5.9489e-02,-6.3893e-02,-6.7151e-02,-6.9067e-02,-6.9524e-02,-6.8487e-02,-6.5996e-02,-6.2156e-02,-5.7124e-02,-5.1096e-02,-4.4292e-02,-3.6943e-02,-2.9286e-02,-2.1548e-02,-1.3944e-02,-6.6718e-03,9.3885e-05,6.2042e-03,1.1535e-02,1.5993e-02,1.9511e-02,2.2051e-02,2.3606e-02,2.4199e-02,2.3879e-02,2.2729e-02,2.0858e-02,1.8406e-02,1.5537e-02,1.2436e-02,9.2995e-03,6.3323e-03,3.7271e-03,1.6516e-03,2.3089e-04,-4.7103e-04,-4.6526e-04,1.5285e-04,1.2045e-03,2.4427e-03,3.5734e-03,4.2935e-03,4.3296e-03,3.4757e-03,1.6223e-03,-1.2254e-03,-4.9486e-03,-9.3257e-03,-1.4056e-02,-1.8791e-02,-2.3166e-02,-2.6833e-02,-2.9491e-02,-3.0913e-02,-3.0962e-02,-2.9608e-02,-2.6918e-02,-2.3048e-02,-1.8216e-02,-1.2672e-02,-6.6713e-03,-4.6665e-04,5.6797e-03,1.1472e-02,1.6554e-02,2.0523e-02,2.2989e-02,2.3676e-02,2.2527e-02,1.9753e-02,1.5796e-02,1.1226e-02,6.6120e-03,2.4226e-03,-1.0265e-03,-3.5762e-03,-5.1989e-03
2.0557e-02,1.6590e-02,1.3035e-02,9.8084e-03,6.8298e-03,4.0271e-03,1.3455e-03,-1.2524e-03,-3.7856e-03,-6.2652e-03,-8.7036e-03,-1.1130e-02,-1.3598e-02,-1.6192e-02,-1.9020e-02,-2.2197e-02,-2.5827e-02,-2.9972e-02,-3.4630e-02,-3.9724e-02,-4.5092e-02,-5.0502e-02,-5.5676e-02,-6.0314e-02,-6.4134e-02,-6.6892e-02,-6.8407e-02,-6.8572e-02,-6.7354e-02,-6.4791e-02,-6.0983e-02,-5.6079e-02,-5.0264e-02,-4.3747e-02,-3.6749e-02,-2.9496e-02,-2.2205e-02,-1.5082e-02,-8.3171e-03,-2.0755e-03,3.4998e-03,8.2938e-03,1.2218e-02,1.5214e-02,1.7252e-02,1.8332e-02,1.8485e-02,1.7770e-02,1.6281e-02,1.4137e-02,1.1491e-02,8.5150e-03,5.4048e-03,2.3666e-03,-3.9288e-04,-2.6825e-03,-4.3422e-03,-5.2623e-03,-5.4024e-03,-4.8037e-03,-3.5962e-03,-1.9924e-03,-2.7043e-04,1.2559e-03,2.2766e-03,2.5254e-03,1.8187e-03,7.9051e-05,-2.6522e-03,-6.2204e-03,-1.0375e-02,-1.4795e-02,-1.9126e-02,-2.3009e-02,-2.6113e-02,-2.8166e-02,-2.8979e-02,-2.8457e-02,-2.6607e-02,-2.3531e-02,-1.9406e-02,-1.4458e-02,-8.9302e-03,-3.0680e-03,2.8822e-03,8.6515e-03,1.3922e-02,1.8315e-02,2.1428e-02,2.2920e-02,2.2618e-02,2.0600e-02,1.7198e-02,1.2928e-02,8.3652e-03,4.0276e-03,3.0046e-04,-2.5901e-03,-4.5625e-03,-5.6439e-03
1.5508e-02,1.1401e-02,7.7133e-03,4.3575e-03,1.2497e-03,-1.6833e-03,-4.4979e-03,-7.2275e-03,-9.8856e-03,-1.2473e-02,-1.4989e-02,-1.7447e-02,-1.9885e-02,-2.2372e-02,-2.5004e-02,-2.7888e-02,-3.1126e-02,-3.4782e-02,-3.8869e-02,-4.3323e-02,-4.8006e-02,-5.2714e-02,-5.7195e-02,-6.1181e-02,-6.4412e-02,-6.6667e-02,-6.7781e-02,-6.7656e-02,-6.6262e-02,-6.3636e-02,-5.9872e-02,-5.5109e-02,-4.9523e-02,-4.3311e-02,-3.6683e-02,-2.9853e-02,-2.3029e-02,-1.6407e-02,-1.0165e-02,-4.4637e-03,5.6480e-04,4.8119e-03,8.1970e-03,1.0670e-02,1.2208e-02,1.2822e-02,1.2549e-02,1.1461e-02,9.6607e-03,7.2805e-03,4.4816e-03,1.4496e-03,-1.6113e-03,-4.4889e-03,-6.9751e-03,-8.8819e-03,-1.0061e-02,-1.0423e-02,-9.9550e-03,-8.7318e-03,-6.9193e-03,-4.7660e-03,-2.5780e-03,-6.8505e-04,6.0119e-04,1.0292e-03,4.4257e-04,-1.2003e-03,-3.8203e-03,-7.2274e-03,-1.1145e-02,-1.5238e-02,-1.9149e-02,-2.2530e-02,-2.5074e-02,-2.6542e-02,-2.6783e-02,-2.5741e-02,-2.3463e-02,-2.0076e-02,-1.5774e-02,-1.0780e-02,-5.3312e-03,3.3837e-04,5.9827e-03,1.1316e-02,1.5996e-02,1.9630e-02,2.1838e-02,2.2356e-02,2.1131e-02,1.8374e-02,1.4516e-02,1.0110e-02,5.7063e-03,1.7519e-03,-1.4569e-03,-3.7780e-03,-5.1957e-03,-5.7805e-03
1.0440e-02,6.2009e-03,2.3888e-03,-1.0870e-03,-4.3146e-03,-7.3708e-03,-1.0312e-02,-1.3172e-02,-1.5955e-02,-1.8655e-02,-2.1257e-02,-2.3758e-02,-2.6179e-02,-2.8573e-02,-3.1022e-02,-3.3624e-02,-3.6479e-02,-3.9654e-02,-4.3172e-02,-4.6986e-02,-5.0983e-02,-5.4984e-02,-5.8767e-02,-6.2093e-02,-6.4729e-02,-6.6477e-02,-6.7188e-02,-6.6772e-02,-6.5205e-02,-6.2521e-02,-5.8809e-02,-5.4199e-02,-4.8855e-02,-4.2965e-02,-3.6725e-02,-3.0338e-02,-2.3999e-02,-1.7895e-02,-1.2195e-02,-7.0484e-03,-2.5795e-03,1.1116e-03,3.9529e-03,5.9022e-03,6.9457e-03,7.1021e-03,6.4206e-03,4.9831e-03,2.9030e-03,3.2404e-04,-2.5805e-03,-5.6147e-03,-8.5665e-03,-1.1219e-02,-1.3364e-02,-1.4821e-02,-1.5458e-02,-1.5209e-02,-1.4093e-02,-1.2222e-02,-9.7992e-03,-7.1089e-03,-4.4819e-03,-2.2585e-03,-7.4522e-04,-1.7282e-04,-6.6558e-04,-2.2258e-03,-4.7354e-03,-7.9728e-03,-1.1638e-02,-1.5387e-02,-1.8866e-02,-2.1742e-02,-2.3737e-02,-2.4647e-02,-2.4360e-02,-2.2859e-02,-2.0223e-02,-1.6602e-02,-1.2194e-02,-7.2208e-03,-1.9049e-03,3.5232e-03,8.8090e-03,1.3645e-02,1.7667e-02,2.0481e-02,2.1759e-02,2.1334e-02,1.9286e-02,1.5942e-02,1.1804e-02,7.4283e-03,3.3114e-03,-1.8191e-04,-2.8430e-03,-4.6042e-03,-5.5033e-03,-5.6433e-03
5.3644e-03,1.0013e-03,-2.9264e-03,-6.5126e-03,-9.8513e-03,-1.3023e-02,-1.6086e-02,-1.9073e-02,-2.1984e-02,-2.4802e-02,-2.7499e-02,-3.0055e-02,-3.2474e-02,-3.4790e-02,-3.7070e-02,-3.9405e-02,-4.1887e-02,-4.4589e-02,-4.7543e-02,-5.0719e-02,-5.4027e-02,-5.7316e-02,-6.0395e-02,-6.3053e-02,-6.5088e-02,-6.6322e-02,-6.6623e-02,-6.5913e-02,-6.4173e-02,-6.1434e-02,-5.7780e-02,-5.3333e-02,-4.8245e-02,-4.2691e-02,-3.6856e-02,-3.0929e-02,-2.5094e-02,-1.9526e-02,-1.4384e-02,-9.8064e-03,-5.9091e-03,-2.7826e-03,-4.8913e-04,9.3624e-04,1.4913e-03,1.2029e-03,1.3193e-04,-1.6295e-03,-3.9563e-03,-6.6919e-03,-9.6524e-03,-1.2632e-02,-1.5412e-02,-1.7772e-02,-1.9508e-02,-2.0450e-02,-2.0487e-02,-1.9580e-02,-1.7784e-02,-1.5251e-02,-1.2225e-02,-9.0203e-03,-5.9891e-03,-3.4773e-03,-1.7785e-03,-1.0968e-03,-1.5188e-03,-3.0065e-03,-5.4042e-03,-8.4607e-03,-1.1858e-02,-1.5248e-02,-1.8286e-02,-2.0662e-02,-2.2126e-02,-2.2513e-02,-2.1750e-02,-1.9856e-02,-1.6935e-02,-1.3152e-02,-8.7064e-03,-3.8093e-03,1.3240e-03,6.4628e-03,1.1336e-02,1.5611e-02,1.8909e-02,2.0861e-02,2.1209e-02,1.9909e-02,1.7167e-02,1.3404e-02,9.1579e-03,4.9562e-03,1.2257e-03,-1.7564e-03,-3.8632e-03,-5.0907e-03,-5.5181e-03,-5.2693e-03
2.9542e-04,-4.1841e-03,-8.2181e-03,-1.1906e-02,-1.5347e-02,-1.8626e-02,-2.1806e-02,-2.4918e-02,-2.7960e-02,-3.0903e-02,-3.3706e-02,-3.6331e-02,-3.8763e-02,-4.1017e-02,-4.3145e-02,-4.5227e-02,-4.7349e-02,-4.9587e-02,-5.1982e-02,-5.4523e-02,-5.7141e-02,-5.9715e-02,-6.2082e-02,-6.4065e-02,-6.5488e-02,-6.6199e-02,-6.6084e-02,-6.5075e-02,-6.3158e-02,-6.0365e-02,-5.6773e-02,-5.2496e-02,-4.7674e-02,-4.2470e-02,-3.7055e-02,-3.1605e-02,-2.6291e-02,-2.1277e-02,-1.6709e-02,-1.2715e-02,-9.4002e-03,-6.8457e-03,-5.1043e-03,-4.2001e-03,-4.1266e-03,-4.8457e-03,-6.2851e-03,-8.3417e-03,-1.0878e-02,-1.3725e-02,-1.6689e-02,-1.9555e-02,-2.2097e-02,-2.4097e-02,-2.5357e-02,-2.5721e-02,-2.5104e-02,-2.3499e-02,-2.1002e-02,-1.7805e-02,-1.4191e-02,-1.0505e-02,-7.1131e-03,-4.3590e-03,-2.5172e-03,-1.7592e-03,-2.1307e-03,-3.5522e-03,-5.8330e-03,-8.6952e-03,-1.1810e-02,-1.4830e-02,-1.7425e-02,-1.9310e-02,-2.0270e-02,-2.0177e-02,-1.8995e-02,-1.6776e-02,-1.3642e-02,-9.7663e-03,-5.3426e-03,-5.7258e-04,4.3335e-03,9.1353e-03,1.3539e-02,1.7190e-02,1.9709e-02,2.0775e-02,2.0229e-02,1.8153e-02,1.4866e-02,1.0855e-02,6.6586e-03,2.7515e-03,-5.2138e-04,-2.9682e-03,-4.5343e-03,-5.2670e-03,-5.2755e-03,-4.6962e-03
-4.7512e-03,-9.3405e-03,-1.3472e-02,-1.7252e-02,-2.0786e-02,-2.4166e-02,-2.7459e-02,-3.0695e-02,-3.3870e-02,-3.6946e-02,-3.9866e-02,-4.2575e-02,-4.5036e-02,-4.7246e-02,-4.9240e-02,-5.1084e-02,-5.2861e-02,-5.4646e-02,-5.6491e-02,-5.8400e-02,-6.0328e-02,-6.2181e-02,-6.3831e-02,-6.5130e-02,-6.5932e-02,-6.6109e-02,-6.5567e-02,-6.4252e-02,-6.2153e-02,-5.9304e-02,-5.5775e-02,-5.1672e-02,-4.7126e-02,-4.2282e-02,-3.7301e-02,-3.2344e-02,-2.7568e-02,-2.3124e-02,-1.9145e-02,-1.5748e-02,-1.3027e-02,-1.1051e-02,-9.8644e-03,-9.4785e-03,-9.8772e-03,-1.1010e-02,-1.2795e-02,-1.5115e-02,-1.7821e-02,-2.0732e-02,-2.3643e-02,-2.6332e-02,-2.8571e-02,-3.0142e-02,-3.0860e-02,-3.0589e-02,-2.9270e-02,-2.6937e-02,-2.3727e-02,-1.9875e-02,-1.5701e-02,-1.1575e-02,-7.8715e-03,-4.9243e-03,-2.9821e-03,-2.1777e-03,-2.5144e-03,-3.8727e-03,-6.0279e-03,-8.6826e-03,-1.1501e-02,-1.4144e-02,-1.6299e-02,-1.7711e-02,-1.8201e-02,-1.7678e-02,-1.6140e-02,-1.3665e-02,-1.0387e-02,-6.4811e-03,-2.1312e-03,2.4681e-03,7.1041e-03,1.1520e-02,1.5395e-02,1.8362e-02,2.0061e-02,2.0246e-02,1.8874e-02,1.6147e-02,1.2478e-02,8.3844e-03,4.3749e-03,8.5481e-04,-1.9165e-03,-3.8261e-03,-4.8806e-03,-5.1666e-03,-4.8133e-03,-3.9613e-03
-9.7587e-03,-1.4450e-02,-1.8671e-02,-2.2535e-02,-2.6154e-02,-2.9627e-02,-3.3028e-02,-3.6389e-02,-3.9700e-02,-4.2916e-02,-4.5966e-02,-4.8774e-02,-5.1283e-02,-5.3468e-02,-5.5346e-02,-5.6970e-02,-5.8417e-02,-5.9763e-02,-6.1066e-02,-6.2348e-02,-6.3587e-02,-6.4718e-02,-6.5644e-02,-6.6249e-02,-6.6419e-02,-6.6050e-02,-6.5070e-02,-6.3438e-02,-6.1149e-02,-5.8239e-02,-5.4773e-02,-5.0847e-02,-4.6581e-02,-4.2109e-02,-3.7574e-02,-3.3125e-02,-2.8903e-02,-2.5044e-02,-2.1670e-02,-1.8882e-02,-1.6764e-02,-1.5374e-02,-1.4741e-02,-1.4869e-02,-1.5729e-02,-1.7258e-02,-1.9362e-02,-2.1911e-02,-2.4742e-02,-2.7666e-02,-3.0466e-02,-3.2914e-02,-3.4781e-02,-3.5857e-02,-3.5969e-02,-3.5009e-02,-3.2951e-02,-2.9869e-02,-2.5946e-02,-2.1460e-02,-1.6765e-02,-1.2248e-02,-8.2866e-03,-5.1967e-03,-3.1945e-03,-2.3700e-03,-2.6836e-03,-3.9764e-03,-5.9959e-03,-8.4302e-03,-1.0942e-02,-1.3204e-02,-1.4930e-02,-1.5895e-02,-1.5956e-02,-1.5059e-02,-1.3230e-02,-1.0565e-02,-7.2083e-03,-3.3256e-03,9.0531e-04,5.2940e-03,9.6175e-03,1.3595e-02,1.6884e-02,1.9114e-02,1.9975e-02,1.9314e-02,1.7213e-02,1.3982e-02,1.0096e-02,6.0692e-03,2.3589e-03,-7.0924e-04,-2.9594e-03,-4.3486e-03,-4.9325e-03,-4.8260e-03,-4.1689e-03,-3.1005e-03
-1.4706e-02,-1.9493e-02,-2.3797e-02,-2.7736e-02,-3.1432e-02,-3.4993e-02,-3.8498e-02,-4.1982e-02,-4.5435e-02,-4.8801e-02,-5.1992e-02,-5.4915e-02,-5.7490e-02,-5.9670e-02,-6.1452e-02,-6.2876e-02,-6.4009e-02,-6.4930e-02,-6.5703e-02,-6.6365e-02,-6.6919e-02,-6.7326e-02,-6.7522e-02,-6.7425e-02,-6.6949e-02,-6.6023e-02,-6.4591e-02,-6.2629e-02,-6.0140e-02,-5.7161e-02,-5.3754e-02,-5.0006e-02,-4.6025e-02,-4.1931e-02,-3.7854e-02,-3.3925e-02,-3.0272e-02,-2.7013e-02,-2.4256e-02,-2.2090e-02,-2.0584e-02,-1.9783e-02,-1.9706e-02,-2.0342e-02,-2.1649e-02,-2.3553e-02,-2.5946e-02,-2.8686e-02,-3.1598e-02,-3.4479e-02,-3.7106e-02,-3.9247e-02,-4.0676e-02,-4.1190e-02,-4.0640e-02,-3.8944e-02,-3.6117e-02,-3.2278e-02,-2.7655e-02,-2.2567e-02,-1.7397e-02,-1.2547e-02,-8.3846e-03,-5.2018e-03,-3.1762e-03,-2.3532e-03,-2.6502e-03,-3.8726e-03,-5.7453e-03,-7.9468e-03,-1.0145e-02,-1.2031e-02,-1.3343e-02,-1.3894e-02,-1.3575e-02,-1.2362e-02,-1.0306e-02,-7.5170e-03,-4.1367e-03,-3.2461e-04,3.7491e-03,7.8902e-03,1.1857e-02,1.5342e-02,1.7987e-02,1.9445e-02,1.9474e-02,1.8036e-02,1.5328e-02,1.1750e-02,7.8024e-03,3.9732e-03,6.4801e-04,-1.9303e-03,-3.6616e-03,-4.5620e-03,-4.7247e-03,-4.2828e-03,-3.3795e-03,-2.1477e-03
-1.9571e-02,-2.4449e-02,-2.8828e-02,-3.2836e-02,-3.6602e-02,-4.0245e-02,-4.3851e-02,-4.7459e-02,-5.1058e-02,-5.4581e-02,-5.7928e-02,-6.0983e-02,-6.3642e-02,-6.5837e-02,-6.7544e-02,-6.8788e-02,-6.9628e-02,-7.0140e-02,-7.0396e-02,-7.0448e-02,-7.0320e-02,-7.0003e-02,-6.9464e-02,-6.8656e-02,-6.7524e-02,-6.6025e-02,-6.4127e-02,-6.1821e-02,-5.9120e-02,-5.6061e-02,-5.2707e-02,-4.9134e-02,-4.5440e-02,-4.1731e-02,-3.8121e-02,-3.4724e-02,-3.1651e-02,-2.9007e-02,-2.6881e-02,-2.5347e-02,-2.4461e-02,-2.4253e-02,-2.4729e-02,-2.5863e-02,-2.7602e-02,-2.9858e-02,-3.2509e-02,-3.5398e-02,-3.8340e-02,-4.1122e-02,-4.3514e-02,-4.5281e-02,-4.6204e-02,-4.6095e-02,-4.4829e-02,-4.2361e-02,-3.8746e-02,-3.4154e-02,-2.8856e-02,-2.3210e-02,-1.7622e-02,-1.2499e-02,-8.1936e-03,-4.9658e-03,-2.9486e-03,-2.1439e-03,-2.4262e-03,-3.5708e-03,-5.2846e-03,-7.2436e-03,-9.1264e-03,-1.0645e-02,-1.1570e-02,-1.1745e-02,-1.1097e-02,-9.6290e-03,-7.4105e-03,-4.5543e-03,-1.1994e-03,2.5036e-03,6.3863e-03,1.0242e-02,1.3805e-02,1.6744e-02,1.8698e-02,1.9366e-02,1.8600e-02,1.6479e-02,1.3306e-02,9.5375e-03,5.6718e-03,2.1438e-03,-7.3792e-04,-2.8113e-03,-4.0436e-03,-4.4979e-03,-4.2938e-03,-3.5743e-03,-2.4804e-03,-1.1347e-03
-2.4328e-02,-2.9291e-02,-3.3741e-02,-3.7812e-02,-4.1643e-02,-4.5363e-02,-4.9067e-02,-5.2800e-02,-5.6549e-02,-6.0240e-02,-6.3755e-02,-6.6958e-02,-6.9722e-02,-7.1953e-02,-7.3608e-02,-7.4694e-02,-7.5261e-02,-7.5382e-02,-7.5136e-02,-7.4590e-02,-7.3787e-02,-7.2748e-02,-7.1471e-02,-6.9943e-02,-6.8144e-02,-6.6057e-02,-6.3677e-02,-6.1010e-02,-5.8082e-02,-5.4933e-02,-5.1621e-02,-4.8220e-02,-4.4812e-02,-4.1491e-02,-3.8355e-02,-3.5500e-02,-3.3020e-02,-3.1002e-02,-2.9518e-02,-2.8627e-02,-2.8367e-02,-2.8754e-02,-2.9778e-02,-3.1401e-02,-3.3554e-02,-3.6135e-02,-3.9007e-02,-4.2002e-02,-4.4922e-02,-4.7545e-02,-4.9636e-02,-5.0964e-02,-5.1316e-02,-5.0528e-02,-4.8502e-02,-4.5233e-02,-4.0826e-02,-3.5495e-02,-2.9559e-02,-2.3409e-02,-1.7467e-02,-1.2136e-02,-7.7439e-03,-4.5136e-03,-2.5329e-03,-1.7567e-03,-2.0228e-03,-3.0800e-03,-4.6248e-03,-6.3348e-03,-7.9052e-03,-9.0735e-03,-9.6412e-03,-9.4868e-03,-8.5650e-03,-6.9024e-03,-4.5782e-03,-1.7059e-03,1.5840e-03,5.1452e-03,8.8053e-03,1.2337e-02,1.5447e-02,1.7786e-02,1.9016e-02,1.8903e-02,1.7407e-02,1.4722e-02,1.1233e-02,7.4238e-03,3.7611e-03,6.1326e-04,-1.7918e-03,-3.3661e-03,-4.1328e-03,-4.1911e-03,-3.6770e-03,-2.7368e-03,-1.5046e-03,-8.9996e-05
-2.8946e-02,-3.3991e-02,-3.8509e-02,-4.2638e-02,-4.6530e-02,-5.0323e-02,-5.4124e-02,-5.7984e-02,-6.1888e-02,-6.5755e-02,-6.9452e-02,-7.2819e-02,-7.5707e-02,-7.7997e-02,-7.9622e-02,-8.0574e-02,-8.0891e-02,-8.0644e-02,-7.9914e-02,-7.8783e-02,-7.7314e-02,-7.5557e-02,-7.3541e-02,-7.1286e-02,-6.8808e-02,-6.6119e-02,-6.3239e-02,-6.0195e-02,-5.7022e-02,-5.3768e-02,-5.0489e-02,-4.7251e-02,-4.4127e-02,-4.1196e-02,-3.8538e-02,-3.6233e-02,-3.4357e-02,-3.2975e-02,-3.2144e-02,-3.1903e-02,-3.2273e-02,-3.3256e-02,-3.4823e-02,-3.6922e-02,-3.9467e-02,-4.2344e-02,-4.5399e-02,-4.8453e-02,-5.1295e-02,-5.3697e-02,-5.5423e-02,-5.6245e-02,-5.5968e-02,-5.4449e-02,-5.1627e-02,-4.7543e-02,-4.2348e-02,-3.6309e-02,-2.9784e-02,-2.3193e-02,-1.6965e-02,-1.1489e-02,-7.0656e-03,-3.8713e-03,-1.9477e-03,-1.2061e-03,-1.4509e-03,-2.4113e-03,-3.7775e-03,-5.2374e-03,-6.5046e-03,-7.3454e-03,-7.5934e-03,-7.1573e-03,-6.0183e-03,-4.2179e-03,-1.8402e-03,1.0062e-03,4.1984e-03,7.5910e-03,1.0996e-02,1.4162e-02,1.6768e-02,1.8464e-02,1.8954e-02,1.8095e-02,1.5962e-02,1.2848e-02,9.1928e-03,5.4760e-03,2.1138e-03,-6.0140e-04,-2.5195e-03,-3.6168e-03,-3.9616e-03,-3.6779e-03,-2.9116e-03,-1.8055e-03,-4.8284e-04,9.6024e-04
-3.3392e-02,-3.8520e-02,-4.3103e-02,-4.7289e-02,-5.1238e-02,-5.5103e-02,-5.8999e-02,-6.2987e-02,-6.7051e-02,-7.1103e-02,-7.4994e-02,-7.8544e-02,-8.1576e-02,-8.3946e-02,-8.5567e-02,-8.6409e-02,-8.6501e-02,-8.5907e-02,-8.4715e-02,-8.3015e-02,-8.0894e-02,-7.8424e-02,-7.5670e-02,-7.2684e-02,-6.9516e-02,-6.6211e-02,-6.2814e-02,-5.9373e-02,-5.5938e-02,-5.2562e-02,-4.9302e-02,-4.6217e-02,-4.3371e-02,-4.0829e-02,-3.8653e-02,-3.6904e-02,-3.5639e-02,-3.4903e-02,-3.4733e-02,-3.5149e-02,-3.6154e-02,-3.7729e-02,-3.9831e-02,-4.2390e-02,-4.5304e-02,-4.8443e-02,-5.1640e-02,-5.4702e-02,-5.7409e-02,-5.9529e-02,-6.0825e-02,-6.1079e-02,-6.0116e-02,-5.7824e-02,-5.4182e-02,-4.9278e-02,-4.3317e-02,-3.6611e-02,-2.9557e-02,-2.2594e-02,-1.6151e-02,-1.0595e-02,-6.1884e-03,-3.0627e-03,-1.2113e-03,-5.0563e-04,-7.2207e-04,-1.5758e-03,-2.7585e-03,-3.9709e-03,-4.9509e-03,-5.4931e-03,-5.4629e-03,-4.7964e-03,-3.4947e-03,-1.6087e-03,7.7909e-04,3.5670e-03,6.6357e-03,9.8331e-03,1.2950e-02,1.5704e-02,1.7757e-02,1.8778e-02,1.8538e-02,1.6996e-02,1.4339e-02,1.0938e-02,7.2580e-03,3.7474e-03,7.5750e-04,-1.4969e-03,-2.9365e-03,-3.5915e-03,-3.5647e-03,-2.9958e-03,-2.0329e-03,-8.1195e-04,5.5708e-04,1.9934e-03
-3.7630e-02,-4.2840e-02,-4.7489e-02,-5.1731e-02,-5.5737e-02,-5.9673e-02,-6.3666e-02,-6.7783e-02,-7.2013e-02,-7.6259e-02,-8.0356e-02,-8.4104e-02,-8.7300e-02,-8.9775e-02,-9.1415e-02,-9.2175e-02,-9.2069e-02,-9.1155e-02,-8.9523e-02,-8.7275e-02,-8.4515e-02,-8.1343e-02,-7.7854e-02,-7.4134e-02,-7.0268e-02,-6.6332e-02,-6.2401e-02,-5.8545e-02,-5.4827e-02,-5.1311e-02,-4.8053e-02,-4.5110e-02,-4.2535e-02,-4.0377e-02,-3.8683e-02,-3.7495e-02,-3.6847e-02,-3.6765e-02,-3.7262e-02,-3.8339e-02,-3.9979e-02,-4.2143e-02,-4.4770e-02,-4.7770e-02,-5.1027e-02,-5.4392e-02,-5.7686e-02,-6.0703e-02,-6.3217e-02,-6.4991e-02,-6.5793e-02,-6.5422e-02,-6.3725e-02,-6.0627e-02,-5.6152e-02,-5.0438e-02,-4.3744e-02,-3.6425e-02,-2.8910e-02,-2.1649e-02,-1.5062e-02,-9.4865e-03,-5.1410e-03,-2.1095e-03,-3.3996e-04,3.3168e-04,1.5196e-04,-5.8769e-04,-1.5849e-03,-2.5585e-03,-3.2721e-03,-3.5504e-03,-3.2872e-03,-2.4412e-03,-1.0279e-03,8.9915e-04,3.2619e-03,5.9656e-03,8.8896e-03,1.1866e-02,1.4656e-02,1.6951e-02,1.8410e-02,1.8743e-02,1.7806e-02,1.5670e-02,1.2617e-02,9.0705e-03,5.4903e-03,2.2760e-03,-2.9440e-04,-2.0808e-03,-3.0656e-03,-3.3226e-03,-2.9781e-03,-2.1807e-03,-1.0749e-03,2.1432e-04,1.5904e-03,2.9896e-03
-4.1618e-02,-4.6914e-02,-5.1631e-02,-5.5931e-02,-5.9996e-02,-6.4003e-02,-6.8093e-02,-7.2344e-02,-7.6744e-02,-8.1191e-02,-8.5508e-02,-8.9470e-02,-9.2850e-02,-9.5452e-02,-9.7139e-02,-9.7845e-02,-9.7569e-02,-9.6363e-02,-9.4319e-02,-9.1546e-02,-8.8166e-02,-8.4305e-02,-8.0087e-02,-7.5633e-02,-7.1062e-02,-6.6484e-02,-6.2002e-02,-5.7710e-02,-5.3689e-02,-5.0012e-02,-4.6739e-02,-4.3923e-02,-4.1608e-02,-3.9829e-02,-3.8615e-02,-3.7988e-02,-3.7961e-02,-3.8537e-02,-3.9707e-02,-4.1449e-02,-4.3722e-02,-4.6468e-02,-4.9605e-02,-5.3026e-02,-5.6595e-02,-6.0148e-02,-6.3492e-02,-6.6410e-02,-6.8670e-02,-7.0036e-02,-7.0285e-02,-6.9236e-02,-6.6765e-02,-6.2838e-02,-5.7529e-02,-5.1031e-02,-4.3649e-02,-3.5782e-02,-2.7881e-02,-2.0400e-02,-1.3738e-02,-8.1971e-03,-3.9507e-03,-1.0326e-03,6.5074e-04,1.2936e-03,1.1584e-03,5.3816e-04,-2.7640e-04,-1.0257e-03,-1.4999e-03,-1.5528e-03,-1.1024e-03,-1.2615e-04,1.3539e-03,3.2854e-03,5.5973e-03,8.1978e-03,1.0957e-02,1.3683e-02,1.6106e-02,1.7897e-02,1.8732e-02,1.8384e-02,1.6810e-02,1.4188e-02,1.0873e-02,7.3129e-03,3.9382e-03,1.0859e-03,-1.0408e-03,-2.3700e-03,-2.9363e-03,-2.8451e-03,-2.2387e-03,-1.2673e-03,-6.8113e-05,1.2463e-03,2.5956e-03,3.9312e-03
-4.5313e-02,-5.0698e-02,-5.5489e-02,-5.9851e-02,-6.3978e-02,-6.8060e-02,-7.2250e-02,-7.6637e-02,-8.1213e-02,-8.5870e-02,-9.0416e-02,-9.4608e-02,-9.8191e-02,-1.0094e-01,-1.0271e-01,-1.0339e-01,-1.0297e-01,-1.0151e-01,-9.9079e-02,-9.5809e-02,-9.1832e-02,-8.7298e-02,-8.2361e-02,-7.7176e-02,-7.1896e-02,-6.6665e-02,-6.1616e-02,-5.6869e-02,-5.2524e-02,-4.8665e-02,-4.5358e-02,-4.2651e-02,-4.0582e-02,-3.9173e-02,-3.8435e-02,-3.8369e-02,-3.8964e-02,-4.0201e-02,-4.2046e-02,-4.4451e-02,-4.7354e-02,-5.0673e-02,-5.4304e-02,-5.8121e-02,-6.1969e-02,-6.5668e-02,-6.9012e-02,-7.1775e-02,-7.3721e-02,-7.4619e-02,-7.4261e-02,-7.2487e-02,-6.9212e-02,-6.4447e-02,-5.8318e-02,-5.1071e-02,-4.3061e-02,-3.4719e-02,-2.6512e-02,-1.8887e-02,-1.2216e-02,-6.7597e-03,-2.6421e-03,1.4973e-04,1.7463e-03,2.3668e-03,2.2832e-03,1.7839e-03,1.1439e-03,5.9985e-04,3.3328e-04,4.6547e-04,1.0570e-03,2.1195e-03,3.6284e-03,5.5373e-03,7.7803e-03,1.0262e-02,1.2836e-02,1.5278e-02,1.7290e-02,1.8538e-02,1.8735e-02,1.7738e-02,1.5611e-02,1.2622e-02,9.1781e-03,5.7214e-03,2.6355e-03,1.8711e-04,-1.4918e-03,-2.3890e-03,-2.5802e-03,-2.1943e-03,-1.3814e-03,-2.8802e-04,9.5861e-04,2.2608e-03,3.5538e-03,4.8046e-03
-4.8666e-02,-5.4146e-02,-5.9017e-02,-6.3449e-02,-6.7645e-02,-7.1806e-02,-7.6102e-02,-8.0628e-02,-8.5384e-02,-9.0257e-02,-9.5045e-02,-9.9481e-02,-1.0329e-01,-1.0622e-01,-1.0808e-01,-1.0877e-01,-1.0825e-01,-1.0656e-01,-1.0378e-01,-1.0004e-01,-9.5494e-02,-9.0308e-02,-8.4667e-02,-7.8758e-02,-7.2767e-02,-6.6875e-02,-6.1246e-02,-5.6025e-02,-5.1334e-02,-4.7270e-02,-4.3906e-02,-4.1290e-02,-3.9452e-02,-3.8401e-02,-3.8131e-02,-3.8622e-02,-3.9840e-02,-4.1737e-02,-4.4256e-02,-4.7323e-02,-5.0849e-02,-5.4728e-02,-5.8835e-02,-6.3020e-02,-6.7111e-02,-7.0911e-02,-7.4203e-02,-7.6755e-02,-7.8328e-02,-7.8701e-02,-7.7686e-02,-7.5151e-02,-7.1053e-02,-6.5453e-02,-5.8531e-02,-5.0586e-02,-4.2016e-02,-3.3278e-02,-2.4847e-02,-1.7153e-02,-1.0533e-02,-5.2033e-03,-1.2375e-03,1.4203e-03,2.9330e-03,3.5379e-03,3.5103e-03,3.1296e-03,2.6515e-03,2.2878e-03,2.1949e-03,2.4704e-03,3.1607e-03,4.2713e-03,5.7804e-03,7.6479e-03,9.8098e-03,1.2160e-02,1.4523e-02,1.6644e-02,1.8202e-02,1.8877e-02,1.8444e-02,1.6854e-02,1.4274e-02,1.1044e-02,7.5947e-03,4.3396e-03,1.6026e-03,-4.2140e-04,-1.6650e-03,-2.1660e-03,-2.0316e-03,-1.4056e-03,-4.3933e-04,7.2730e-04,1.9801e-03,3.2370e-03,4.4486e-03,5.5974e-03
-5.1625e-02,-5.7207e-02,-6.2168e-02,-6.6680e-02,-7.0953e-02,-7.5201e-02,-7.9607e-02,-8.4279e-02,-8.9220e-02,-9.4317e-02,-9.9354e-02,-1.0405e-01,-1.0810e-01,-1.1122e-01,-1.1322e-01,-1.1395e-01,-1.1336e-01,-1.1148e-01,-1.0839e-01,-1.0422e-01,-9.9130e-02,-9.3318e-02,-8.6991e-02,-8.0369e-02,-7.3672e-02,-6.7114e-02,-6.0891e-02,-5.5179e-02,-5.0121e-02,-4.5829e-02,-4.2386e-02,-3.9840e-02,-3.8215e-02,-3.7508e-02,-3.7696e-02,-3.8737e-02,-4.0572e-02,-4.3127e-02,-4.6317e-02,-5.0040e-02,-5.4179e-02,-5.8603e-02,-6.3162e-02,-6.7685e-02,-7.1981e-02,-7.5836e-02,-7.9024e-02,-8.1306e-02,-8.2451e-02,-8.2248e-02,-8.0532e-02,-7.7211e-02,-7.2283e-02,-6.5865e-02,-5.8191e-02,-4.9609e-02,-4.0555e-02,-3.1506e-02,-2.2932e-02,-1.5239e-02,-8.7251e-03,-3.5553e-03,2.4242e-04,2.7632e-03,4.1969e-03,4.7922e-03,4.8223e-03,4.5535e-03,4.2194e-03,4.0082e-03,4.0524e-03,4.4320e-03,5.1836e-03,6.3122e-03,7.8019e-03,9.6170e-03,1.1689e-02,1.3891e-02,1.6016e-02,1.7775e-02,1.8841e-02,1.8930e-02,1.7894e-02,1.5788e-02,1.2867e-02,9.5209e-03,6.1744e-03,3.1973e-03,8.4690e-04,-7.5050e-04,-1.5848e-03,-1.7332e-03,-1.3255e-03,-5.1285e-04,5.5556e-04,1.7514e-03,2.9741e-03,4.1571e-03,5.2670e-03,6.3001e-03
-5.4137e-02,-5.9829e-02,-6.4891e-02,-6.9495e-02,-7.3857e-02,-7.8202e-02,-8.2726e-02,-8.7548e-02,-9.2679e-02,-9.8006e-02,-1.0330e-01,-1.0827e-01,-1.1257e-01,-1.1592e-01,-1.1808e-01,-1.1888e-01,-1.1826e-01,-1.1623e-01,-1.1287e-01,-1.0831e-01,-1.0272e-01,-9.6309e-02,-8.9320e-02,-8.2000e-02,-7.4603e-02,-6.7378e-02,-6.0554e-02,-5.4335e-02,-4.8889e-02,-4.4347e-02,-4.0800e-02,-3.8301e-02,-3.6868e-02,-3.6488e-02,-3.7121e-02,-3.8702e-02,-4.1147e-02,-4.4355e-02,-4.8210e-02,-5.2579e-02,-5.7319e-02,-6.2270e-02,-6.7255e-02,-7.2082e-02,-7.6541e-02,-8.0404e-02,-8.3434e-02,-8.5393e-02,-8.6055e-02,-8.5230e-02,-8.2781e-02,-7.8656e-02,-7.2906e-02,-6.5699e-02,-5.7326e-02,-4.8179e-02,-3.8725e-02,-2.9451e-02,-2.0814e-02,-1.3186e-02,-6.8228e-03,-1.8398e-03,1.7789e-03,4.1637e-03,5.5237e-03,6.1137e-03,6.1998e-03,6.0310e-03,5.8200e-03,5.7307e-03,5.8762e-03,6.3237e-03,7.1058e-03,8.2314e-03,9.6908e-03,1.1448e-02,1.3422e-02,1.5457e-02,1.7309e-02,1.8666e-02,1.9211e-02,1.8717e-02,1.7130e-02,1.4601e-02,1.1457e-02,8.1084e-03,4.9557e-03,2.3115e-03,3.6515e-04,-8.1931e-04,-1.2799e-03,-1.1240e-03,-4.9599e-04,4.5127e-04,1.5755e-03,2.7604e-03,3.9209e-03,5.0065e-03,5.9979e-03,6.9053e-03
-5.6147e-02,-6.1958e-02,-6.7133e-02,-7.1842e-02,-7.6307e-02,-8.0761e-02,-8.5412e-02,-9.0392e-02,-9.5718e-02,-1.0128e-01,-1.0684e-01,-1.1209e-01,-1.1667e-01,-1.2027e-01,-1.2261e-01,-1.2353e-01,-1.2292e-01,-1.2078e-01,-1.1719e-01,-1.1228e-01,-1.0622e-01,-9.9256e-02,-9.1635e-02,-8.3639e-02,-7.5555e-02,-6.7665e-02,-6.0234e-02,-5.3495e-02,-4.7643e-02,-4.2827e-02,-3.9152e-02,-3.6675e-02,-3.5413e-02,-3.5340e-02,-3.6402e-02,-3.8510e-02,-4.1555e-02,-4.5406e-02,-4.9915e-02,-5.4919e-02,-6.0243e-02,-6.5698e-02,-7.1082e-02,-7.6177e-02,-8.0755e-02,-8.4576e-02,-8.7396e-02,-8.8979e-02,-8.9112e-02,-8.7626e-02,-8.4421e-02,-7.9490e-02,-7.2935e-02,-6.4984e-02,-5.5975e-02,-4.6344e-02,-3.6577e-02,-2.7163e-02,-1.8535e-02,-1.1031e-02,-4.8562e-03,-7.9758e-05,3.3555e-03,5.6070e-03,6.8987e-03,7.4851e-03,7.6213e-03,7.5376e-03,7.4250e-03,7.4263e-03,7.6393e-03,8.1243e-03,8.9147e-03,1.0026e-02,1.1451e-02,1.3149e-02,1.5015e-02,1.6857e-02,1.8398e-02,1.9315e-02,1.9324e-02,1.8272e-02,1.6203e-02,1.3356e-02,1.0103e-02,6.8528e-03,3.9643e-03,1.6874e-03,1.4546e-04,-6.5209e-04,-7.8130e-04,-3.7181e-04,4.2437e-04,1.4571e-03,2.5944e-03,3.7330e-03,4.8041e-03,5.7721e-03,6.6328e-03,7.4074e-03
-5.7601e-02,-6.3538e-02,-6.8838e-02,-7.3669e-02,-7.8252e-02,-8.2830e-02,-8.7619e-02,-9.2764e-02,-9.8291e-02,-1.0409e-01,-1.0992e-01,-1.1546e-01,-1.2034e-01,-1.2420e-01,-1.2677e-01,-1.2783e-01,-1.2727e-01,-1.2508e-01,-1.2131e-01,-1.1609e-01,-1.0962e-01,-1.0213e-01,-9.3915e-02,-8.5270e-02,-7.6516e-02,-6.7971e-02,-5.9932e-02,-5.2663e-02,-4.6386e-02,-4.1275e-02,-3.7447e-02,-3.4968e-02,-3.3851e-02,-3.4064e-02,-3.5534e-02,-3.8154e-02,-4.1784e-02,-4.6265e-02,-5.1415e-02,-5.7039e-02,-6.2929e-02,-6.8863e-02,-7.4613e-02,-7.9938e-02,-8.4591e-02,-8.8320e-02,-9.0879e-02,-9.2037e-02,-9.1598e-02,-8.9422e-02,-8.5449e-02,-7.9721e-02,-7.2396e-02,-6.3754e-02,-5.4185e-02,-4.4154e-02,-3.4163e-02,-2.4689e-02,-1.6140e-02,-8.8079e-03,-2.8513e-03,1.7054e-03,4.9555e-03,7.0784e-03,8.3058e-03,8.8876e-03,9.0644e-03,9.0477e-03,9.0070e-03,9.0688e-03,9.3202e-03,9.8195e-03,1.0605e-02,1.1698e-02,1.3091e-02,1.4727e-02,1.6469e-02,1.8088e-02,1.9279e-02,1.9727e-02,1.9200e-02,1.7635e-02,1.5170e-02,1.2112e-02,8.8558e-03,5.7888e-03,3.2150e-03,1.3203e-03,1.6853e-04,-2.7677e-04,-1.2164e-04,4.9043e-04,1.4048e-03,2.4777e-03,3.5892e-03,4.6511e-03,5.6096e-03,6.4445e-03,7.1644e-03,7.8026e-03
-5.8447e-02,-6.4516e-02,-6.9954e-02,-7.4922e-02,-7.9640e-02,-8.4356e-02,-8.9297e-02,-9.4615e-02,-1.0035e-01,-1.0639e-01,-1.1250e-01,-1.1834e-01,-1.2352e-01,-1.2768e-01,-1.3049e-01,-1.3174e-01,-1.3128e-01,-1.2907e-01,-1.2517e-01,-1.1971e-01,-1.1287e-01,-1.0491e-01,-9.6136e-02,-8.6875e-02,-7.7477e-02,-6.8289e-02,-5.9645e-02,-5.1840e-02,-4.5126e-02,-3.9699e-02,-3.5694e-02,-3.3185e-02,-3.2187e-02,-3.2661e-02,-3.4518e-02,-3.7629e-02,-4.1828e-02,-4.6923e-02,-5.2698e-02,-5.8922e-02,-6.5353e-02,-7.1738e-02,-7.7820e-02,-8.3334e-02,-8.8016e-02,-9.1606e-02,-9.3855e-02,-9.4545e-02,-9.3500e-02,-9.0614e-02,-8.5873e-02,-7.9369e-02,-7.1318e-02,-6.2053e-02,-5.2004e-02,-4.1663e-02,-3.1534e-02,-2.2079e-02,-1.3667e-02,-6.5483e-03,-8.3220e-04,3.4979e-03,6.5644e-03,8.5633e-03,9.7283e-03,1.0301e-02,1.0506e-02,1.0535e-02,1.0541e-02,1.0635e-02,1.0902e-02,1.1401e-02,1.2177e-02,1.3255e-02,1.4620e-02,1.6188e-02,1.7787e-02,1.9147e-02,1.9950e-02,1.9911e-02,1.8869e-02,1.6854e-02,1.4087e-02,1.0924e-02,7.7583e-03,4.9390e-03,2.7108e-03,1.1974e-03,4.1053e-04,2.7622e-04,6.6722e-04,1.4312e-03,2.4167e-03,3.4887e-03,4.5403e-03,5.4987e-03,6.3257e-03,7.0152e-03,7.5884e-03,8.0884e-03
-5.8638e-02,-6.4841e-02,-7.0426e-02,-7.5547e-02,-8.0419e-02,-8.5291e-02,-9.0395e-02,-9.5895e-02,-1.0184e-01,-1.0812e-01,-1.1451e-01,-1.2066e-01,-1.2616e-01,-1.3063e-01,-1.3373e-01,-1.3519e-01,-1.3487e-01,-1.3271e-01,-1.2873e-01,-1.2307e-01,-1.1593e-01,-1.0755e-01,-9.8270e-02,-8.8433e-02,-7.8420e-02,-6.8612e-02,-5.9371e-02,-5.1029e-02,-4.3867e-02,-3.8105e-02,-3.3899e-02,-3.1334e-02,-3.0428e-02,-3.1136e-02,-3.3355e-02,-3.6934e-02,-4.1681e-02,-4.7369e-02,-5.3748e-02,-6.0550e-02,-6.7496e-02,-7.4302e-02,-8.0679e-02,-8.6340e-02,-9.1006e-02,-9.4409e-02,-9.6304e-02,-9.6488e-02,-9.4811e-02,-9.1207e-02,-8.5709e-02,-7.8465e-02,-6.9744e-02,-5.9930e-02,-4.9487e-02,-3.8925e-02,-2.8742e-02,-1.9375e-02,-1.1154e-02,-4.2797e-03,1.1805e-03,5.2804e-03,8.1671e-03,1.0046e-02,1.1149e-02,1.1705e-02,1.1923e-02,1.1976e-02,1.2003e-02,1.2108e-02,1.2374e-02,1.2868e-02,1.3639e-02,1.4711e-02,1.6051e-02,1.7541e-02,1.8966e-02,2.0029e-02,2.0415e-02,1.9886e-02,1.8366e-02,1.5977e-02,1.3009e-02,9.8381e-03,6.8408e-03,4.3152e-03,2.4458e-03,1.2998e-03,8.4401e-04,9.7612e-04,1.5535e-03,2.4218e-03,3.4346e-03,4.4681e-03,5.4303e-03,6.2633e-03,6.9434e-03,7.4786e-03,7.9013e-03,8.2634e-03
-5.8135e-02,-6.4469e-02,-7.0209e-02,-7.5496e-02,-8.0538e-02,-8.5582e-02,-9.0864e-02,-9.6556e-02,-1.0271e-01,-1.0925e-01,-1.1591e-01,-1.2237e-01,-1.2820e-01,-1.3300e-01,-1.3640e-01,-1.3813e-01,-1.3800e-01,-1.3593e-01,-1.3194e-01,-1.2615e-01,-1.1875e-01,-1.1002e-01,-1.0028e-01,-8.9920e-02,-7.9330e-02,-6.8927e-02,-5.9106e-02,-5.0230e-02,-4.2613e-02,-3.6502e-02,-3.2073e-02,-2.9425e-02,-2.8582e-02,-2.9495e-02,-3.2049e-02,-3.6070e-02,-4.1339e-02,-4.7597e-02,-5.4555e-02,-6.1909e-02,-6.9342e-02,-7.6533e-02,-8.3166e-02,-8.8932e-02,-9.3537e-02,-9.6709e-02,-9.8212e-02,-9.7859e-02,-9.5535e-02,-9.1215e-02,-8.4984e-02,-7.7044e-02,-6.7721e-02,-5.7438e-02,-4.6692e-02,-3.5996e-02,-2.5837e-02,-1.6620e-02,-8.6311e-03,-2.0270e-03,3.1680e-03,7.0385e-03,9.7492e-03,1.1510e-02,1.2548e-02,1.3078e-02,1.3292e-02,1.3349e-02,1.3376e-02,1.3476e-02,1.3735e-02,1.4226e-02,1.5003e-02,1.6078e-02,1.7392e-02,1.8787e-02,2.0005e-02,2.0733e-02,2.0680e-02,1.9676e-02,1.7734e-02,1.5058e-02,1.1983e-02,8.8917e-03,6.1221e-03,3.9188e-03,2.4071e-03,1.6041e-03,1.4402e-03,1.7916e-03,2.5078e-03,3.4348e-03,4.4351e-03,5.3976e-03,6.2447e-03,6.9336e-03,7.4555e-03,7.8304e-03,8.1013e-03,8.3282e-03
-5.6910e-02,-6.3365e-02,-6.9261e-02,-7.4724e-02,-7.9951e-02,-8.5183e-02,-9.0657e-02,-9.6549e-02,-1.0292e-01,-1.0970e-01,-1.1665e-01,-1.2342e-01,-1.2959e-01,-1.3473e-01,-1.3847e-01,-1.4049e-01,-1.4059e-01,-1.3867e-01,-1.3473e-01,-1.2887e-01,-1.2130e-01,-1.1227e-01,-1.0214e-01,-9.1306e-02,-8.0185e-02,-6.9221e-02,-5.8842e-02,-4.9444e-02,-4.1370e-02,-3.4897e-02,-3.0224e-02,-2.7469e-02,-2.6659e-02,-2.7747e-02,-3.0604e-02,-3.5039e-02,-4.0802e-02,-4.7602e-02,-5.5112e-02,-6.2988e-02,-7.0874e-02,-7.8415e-02,-8.5265e-02,-9.1094e-02,-9.5595e-02,-9.8496e-02,-9.9572e-02,-9.8661e-02,-9.5683e-02,-9.0661e-02,-8.3732e-02,-7.5154e-02,-6.5301e-02,-5.4636e-02,-4.3674e-02,-3.2929e-02,-2.2865e-02,-1.3850e-02,-6.1292e-03,1.8777e-04,5.1133e-03,8.7566e-03,1.1295e-02,1.2940e-02,1.3907e-02,1.4400e-02,1.4593e-02,1.4635e-02,1.4647e-02,1.4733e-02,1.4987e-02,1.5487e-02,1.6284e-02,1.7372e-02,1.8653e-02,1.9926e-02,2.0901e-02,2.1261e-02,2.0763e-02,1.9314e-02,1.7018e-02,1.4143e-02,1.1053e-02,8.1111e-03,5.6126e-03,3.7435e-03,2.5760e-03,2.0837e-03,2.1692e-03,2.6936e-03,3.5019e-03,4.4461e-03,5.3981e-03,6.2609e-03,6.9712e-03,7.5016e-03,7.8565e-03,8.0675e-03,8.1876e-03,8.2828e-03
-5.4951e-02,-6.1508e-02,-6.7554e-02,-7.3197e-02,-7.8620e-02,-8.4052e-02,-8.9729e-02,-9.5829e-02,-1.0243e-01,-1.0945e-01,-1.1667e-01,-1.2375e-01,-1.3026e-01,-1.3576e-01,-1.3986e-01,-1.4221e-01,-1.4259e-01,-1.4087e-01,-1.3704e-01,-1.3119e-01,-1.2350e-01,-1.1426e-01,-1.0381e-01,-9.2559e-02,-8.0960e-02,-6.9479e-02,-5.8572e-02,-4.8667e-02,-4.0140e-02,-3.3298e-02,-2.8365e-02,-2.5476e-02,-2.4672e-02,-2.5901e-02,-2.9030e-02,-3.3846e-02,-4.0072e-02,-4.7383e-02,-5.5413e-02,-6.3778e-02,-7.2082e-02,-7.9935e-02,-8.6962e-02,-9.2811e-02,-9.7168e-02,-9.9763e-02,-1.0039e-01,-9.8904e-02,-9.5277e-02,-8.9577e-02,-8.1995e-02,-7.2844e-02,-6.2542e-02,-5.1582e-02,-4.0491e-02,-2.9774e-02,-1.9868e-02,-1.1101e-02,-3.6733e-03,2.3458e-03,7.0005e-03,1.0421e-02,1.2791e-02,1.4318e-02,1.5208e-02,1.5650e-02,1.5808e-02,1.5820e-02,1.5808e-02,1.5881e-02,1.6140e-02,1.6666e-02,1.7500e-02,1.8604e-02,1.9838e-02,2.0957e-02,2.1649e-02,2.1618e-02,2.0682e-02,1.8836e-02,1.6262e-02,1.3278e-02,1.0250e-02,7.5138e-03,5.3121e-03,3.7763e-03,2.9298e-03,2.7114e-03,3.0019e-03,3.6531e-03,4.5109e-03,5.4337e-03,6.3062e-03,7.0444e-03,7.6005e-03,7.9608e-03,8.1429e-03,8.1892e-03,8.1607e-03,8.1298e-03
-5.2261e-02,-5.8893e-02,-6.5074e-02,-7.0894e-02,-7.6515e-02,-8.2157e-02,-8.8044e-02,-9.4357e-02,-1.0117e-01,-1.0843e-01,-1.1593e-01,-1.2331e-01,-1.3016e-01,-1.3603e-01,-1.4050e-01,-1.4321e-01,-1.4392e-01,-1.4246e-01,-1.3881e-01,-1.3304e-01,-1.2532e-01,-1.1593e-01,-1.0523e-01,-9.3642e-02,-8.1628e-02,-6.9680e-02,-5.8282e-02,-4.7895e-02,-3.8926e-02,-3.1712e-02,-2.6505e-02,-2.3460e-02,-2.2632e-02,-2.3971e-02,-2.7337e-02,-3.2498e-02,-3.9153e-02,-4.6940e-02,-5.5456e-02,-6.4274e-02,-7.2958e-02,-8.1084e-02,-8.8247e-02,-9.4078e-02,-9.8255e-02,-1.0051e-01,-1.0066e-01,-9.8607e-02,-9.4345e-02,-8.8002e-02,-7.9823e-02,-7.0171e-02,-5.9502e-02,-4.8335e-02,-3.7198e-02,-2.6580e-02,-1.6885e-02,-8.4017e-03,-1.2861e-03,4.4294e-03,8.8155e-03,1.2017e-02,1.4220e-02,1.5627e-02,1.6432e-02,1.6812e-02,1.6921e-02,1.6895e-02,1.6858e-02,1.6927e-02,1.7210e-02,1.7783e-02,1.8666e-02,1.9784e-02,2.0948e-02,2.1875e-02,2.2250e-02,2.1816e-02,2.0466e-02,1.8281e-02,1.5509e-02,1.2497e-02,9.5988e-03,7.1074e-03,5.2141e-03,3.9987e-03,3.4435e-03,3.4588e-03,3.9101e-03,4.6446e-03,5.5116e-03,6.3792e-03,7.1440e-03,7.7369e-03,8.1242e-03,8.3061e-03,8.3123e-03,8.1947e-03,8.0218e-03,7.8708e-03
-4.8871e-02,-5.5535e-02,-6.1825e-02,-6.7806e-02,-7.3624e-02,-7.9476e-02,-8.5576e-02,-9.2102e-02,-9.9136e-02,-1.0663e-01,-1.1438e-01,-1.2205e-01,-1.2924e-01,-1.3548e-01,-1.4034e-01,-1.4345e-01,-1.4452e-01,-1.4338e-01,-1.3997e-01,-1.3435e-01,-1.2668e-01,-1.1723e-01,-1.0637e-01,-9.4515e-02,-8.2156e-02,-6.9800e-02,-5.7959e-02,-4.7122e-02,-3.7727e-02,-3.0145e-02,-2.4655e-02,-2.1435e-02,-2.0554e-02,-2.1971e-02,-2.5537e-02,-3.1007e-02,-3.8053e-02,-4.6279e-02,-5.5242e-02,-6.4475e-02,-7.3501e-02,-8.1860e-02,-8.9120e-02,-9.4895e-02,-9.8858e-02,-1.0076e-01,-1.0043e-01,-9.7798e-02,-9.2926e-02,-8.5985e-02,-7.7271e-02,-6.7194e-02,-5.6244e-02,-4.4953e-02,-3.3846e-02,-2.3389e-02,-1.3951e-02,-5.7786e-03,1.0132e-03,6.4232e-03,1.0544e-02,1.3531e-02,1.5569e-02,1.6852e-02,1.7565e-02,1.7872e-02,1.7924e-02,1.7858e-02,1.7803e-02,1.7886e-02,1.8216e-02,1.8858e-02,1.9799e-02,2.0918e-02,2.1980e-02,2.2677e-02,2.2707e-02,2.1872e-02,2.0146e-02,1.7689e-02,1.4799e-02,1.1831e-02,9.1131e-03,6.8916e-03,5.3056e-03,4.3896e-03,4.0909e-03,4.2985e-03,4.8673e-03,5.6442e-03,6.4839e-03,7.2656e-03,7.8991e-03,8.3293e-03,8.5366e-03,8.5347e-03,8.3636e-03,8.0849e-03,7.7729e-03,7.5087e-03
-4.4833e-02,-5.1476e-02,-5.7834e-02,-6.3951e-02,-6.9948e-02,-7.6002e-02,-8.2312e-02,-8.9045e-02,-9.6287e-02,-1.0400e-01,-1.1199e-01,-1.1994e-01,-1.2746e-01,-1.3406e-01,-1.3933e-01,-1.4285e-01,-1.4432e-01,-1.4355e-01,-1.4045e-01,-1.3506e-01,-1.2752e-01,-1.1811e-01,-1.0716e-01,-9.5133e-02,-8.2507e-02,-6.9812e-02,-5.7584e-02,-4.6337e-02,-3.6543e-02,-2.8602e-02,-2.2823e-02,-1.9412e-02,-1.8453e-02,-1.9915e-02,-2.3645e-02,-2.9385e-02,-3.6781e-02,-4.5405e-02,-5.4777e-02,-6.4384e-02,-7.3711e-02,-8.2263e-02,-8.9582e-02,-9.5267e-02,-9.8990e-02,-1.0051e-01,-9.9695e-02,-9.6512e-02,-9.1064e-02,-8.3576e-02,-7.4397e-02,-6.3974e-02,-5.2826e-02,-4.1491e-02,-3.0483e-02,-2.0241e-02,-1.1097e-02,-3.2537e-03,3.2069e-03,8.3132e-03,1.2175e-02,1.4950e-02,1.6823e-02,1.7978e-02,1.8591e-02,1.8820e-02,1.8812e-02,1.8711e-02,1.8656e-02,1.8778e-02,1.9181e-02,1.9910e-02,2.0909e-02,2.2008e-02,2.2931e-02,2.3359e-02,2.3027e-02,2.1806e-02,1.9754e-02,1.7097e-02,1.4164e-02,1.1300e-02,8.7994e-03,6.8589e-03,5.5694e-03,4.9250e-03,4.8457e-03,5.2040e-03,5.8493e-03,6.6301e-03,7.4101e-03,8.0791e-03,8.5608e-03,8.8142e-03,8.8336e-03,8.6445e-03,8.2973e-03,7.8613e-03,7.4165e-03,7.0471e-03
-4.0229e-02,-4.6782e-02,-5.3153e-02,-5.9364e-02,-6.5512e-02,-7.1750e-02,-7.8254e-02,-8.5181e-02,-9.2614e-02,-1.0052e-01,-1.0873e-01,-1.1695e-01,-1.2476e-01,-1.3173e-01,-1.3740e-01,-1.4135e-01,-1.4326e-01,-1.4291e-01,-1.4018e-01,-1.3510e-01,-1.2778e-01,-1.1849e-01,-1.0756e-01,-9.5448e-02,-8.2641e-02,-6.9685e-02,-5.7134e-02,-4.5529e-02,-3.5368e-02,-2.7086e-02,-2.1021e-02,-1.7405e-02,-1.6346e-02,-1.7820e-02,-2.1677e-02,-2.7646e-02,-3.5352e-02,-4.4332e-02,-5.4068e-02,-6.4008e-02,-7.3596e-02,-8.2302e-02,-8.9643e-02,-9.5207e-02,-9.8669e-02,-9.9806e-02,-9.8508e-02,-9.4794e-02,-8.8811e-02,-8.0836e-02,-7.1262e-02,-6.0574e-02,-4.9307e-02,-3.8002e-02,-2.7154e-02,-1.7171e-02,-8.3471e-03,-8.4738e-04,5.2804e-03,1.0087e-02,1.3693e-02,1.6261e-02,1.7968e-02,1.8993e-02,1.9500e-02,1.9649e-02,1.9587e-02,1.9466e-02,1.9434e-02,1.9624e-02,2.0127e-02,2.0954e-02,2.2003e-02,2.3052e-02,2.3795e-02,2.3924e-02,2.3224e-02,2.1647e-02,1.9326e-02,1.6540e-02,1.3629e-02,1.0917e-02,8.6571e-03,6.9974e-03,5.9850e-03,5.5806e-03,5.6819e-03,6.1503e-03,6.8331e-03,7.5836e-03,8.2744e-03,8.8078e-03,9.1210e-03,9.1868e-03,9.0126e-03,8.6351e-03,8.1142e-03,7.5265e-03,6.9562e-03,6.4895e-03
-3.5173e-02,-4.1552e-02,-4.7865e-02,-5.4113e-02,-6.0368e-02,-6.6754e-02,-7.3425e-02,-8.0521e-02,-8.8122e-02,-9.6200e-02,-1.0460e-01,-1.1304e-01,-1.2114e-01,-1.2845e-01,-1.3451e-01,-1.3891e-01,-1.4129e-01,-1.4140e-01,-1.3910e-01,-1.3440e-01,-1.2739e-01,-1.1831e-01,-1.0751e-01,-9.5405e-02,-8.2515e-02,-6.9384e-02,-5.6585e-02,-4.4680e-02,-3.4197e-02,-2.5598e-02,-1.9255e-02,-1.5428e-02,-1.4248e-02,-1.5705e-02,-1.9652e-02,-2.5809e-02,-3.3780e-02,-4.3072e-02,-5.3130e-02,-6.3359e-02,-7.3167e-02,-8.1988e-02,-8.9319e-02,-9.4737e-02,-9.7922e-02,-9.8670e-02,-9.6906e-02,-9.2691e-02,-8.6221e-02,-7.7821e-02,-6.7928e-02,-5.7052e-02,-4.5742e-02,-3.4533e-02,-2.3897e-02,-1.4209e-02,-5.7254e-03,1.4241e-03,7.2205e-03,1.1732e-02,1.5089e-02,1.7452e-02,1.8994e-02,1.9886e-02,2.0288e-02,2.0359e-02,2.0256e-02,2.0138e-02,2.0160e-02,2.0449e-02,2.1075e-02,2.2005e-02,2.3083e-02,2.4044e-02,2.4567e-02,2.4374e-02,2.3314e-02,2.1421e-02,1.8894e-02,1.6045e-02,1.3211e-02,1.0687e-02,8.6792e-03,7.2906e-03,6.5306e-03,6.3316e-03,6.5750e-03,7.1147e-03,7.7994e-03,8.4882e-03,9.0640e-03,9.4423e-03,9.5731e-03,9.4430e-03,9.0719e-03,8.5067e-03,7.8163e-03,7.0832e-03,6.3954e-03,5.8398e-03
-2.9803e-02,-3.5914e-02,-4.2083e-02,-4.8294e-02,-5.4593e-02,-6.1077e-02,-6.7873e-02,-7.5101e-02,-8.2832e-02,-9.1045e-02,-9.9598e-02,-1.0823e-01,-1.1657e-01,-1.2419e-01,-1.3064e-01,-1.3547e-01,-1.3834e-01,-1.3895e-01,-1.3715e-01,-1.3289e-01,-1.2628e-01,-1.1752e-01,-1.0693e-01,-9.4952e-02,-8.2079e-02,-6.8869e-02,-5.5905e-02,-4.3771e-02,-3.3017e-02,-2.4136e-02,-1.7531e-02,-1.3492e-02,-1.2175e-02,-1.3588e-02,-1.7589e-02,-2.3894e-02,-3.2085e-02,-4.1645e-02,-5.1978e-02,-6.2454e-02,-7.2441e-02,-8.1342e-02,-8.8633e-02,-9.3883e-02,-9.6781e-02,-9.7145e-02,-9.4935e-02,-9.0257e-02,-8.3353e-02,-7.4596e-02,-6.4455e-02,-5.3467e-02,-4.2183e-02,-3.1127e-02,-2.0746e-02,-1.1381e-02,-3.2507e-03,3.5463e-03,9.0155e-03,1.3239e-02,1.6353e-02,1.8514e-02,1.9892e-02,2.0651e-02,2.0952e-02,2.0958e-02,2.0834e-02,2.0749e-02,2.0859e-02,2.1279e-02,2.2043e-02,2.3068e-02,2.4147e-02,2.4978e-02,2.5246e-02,2.4718e-02,2.3319e-02,2.1157e-02,1.8487e-02,1.5635e-02,1.2924e-02,1.0609e-02,8.8536e-03,7.7198e-03,7.1831e-03,7.1541e-03,7.5018e-03,8.0768e-03,8.7303e-03,9.3293e-03,9.7682e-03,9.9745e-03,9.9120e-03,9.5805e-03,9.0110e-03,8.2610e-03,7.4063e-03,6.5349e-03,5.7378e-03,5.1022e-03
-2.4291e-02,-3.0028e-02,-3.5952e-02,-4.2035e-02,-4.8298e-02,-5.4811e-02,-6.1671e-02,-6.8978e-02,-7.6790e-02,-8.5086e-02,-9.3741e-02,-1.0251e-01,-1.1105e-01,-1.1895e-01,-1.2575e-01,-1.3101e-01,-1.3437e-01,-1.3551e-01,-1.3425e-01,-1.3052e-01,-1.2438e-01,-1.1603e-01,-1.0578e-01,-9.4029e-02,-8.1283e-02,-6.8097e-02,-5.5063e-02,-4.2778e-02,-3.1816e-02,-2.2696e-02,-1.5853e-02,-1.1608e-02,-1.0143e-02,-1.1488e-02,-1.5511e-02,-2.1921e-02,-3.0289e-02,-4.0070e-02,-5.0635e-02,-6.1314e-02,-7.1440e-02,-8.0387e-02,-8.7611e-02,-9.2678e-02,-9.5285e-02,-9.5276e-02,-9.2648e-02,-8.7549e-02,-8.0269e-02,-7.1220e-02,-6.0904e-02,-4.9872e-02,-3.8677e-02,-2.7824e-02,-1.7732e-02,-8.7090e-03,-9.3928e-04,5.5073e-03,1.0656e-02,1.4599e-02,1.7474e-02,1.9439e-02,2.0655e-02,2.1286e-02,2.1497e-02,2.1457e-02,2.1341e-02,2.1325e-02,2.1559e-02,2.2135e-02,2.3044e-02,2.4148e-02,2.5189e-02,2.5847e-02,2.5831e-02,2.4968e-02,2.3261e-02,2.0885e-02,1.8130e-02,1.5327e-02,1.2769e-02,1.0676e-02,9.1657e-03,8.2645e-03,7.9199e-03,8.0253e-03,8.4413e-03,9.0175e-03,9.6101e-03,1.0095e-02,1.0378e-02,1.0399e-02,1.0135e-02,9.5985e-03,8.8311e-03,7.8999e-03,6.8875e-03,5.8856e-03,4.9878e-03,4.2812e-03
-1.8826e-02,-2.4078e-02,-2.9646e-02,-3.5494e-02,-4.1623e-02,-4.8077e-02,-5.4923e-02,-6.2238e-02,-7.0064e-02,-7.8381e-02,-8.7074e-02,-9.5922e-02,-1.0460e-01,-1.1272e-01,-1.1983e-01,-1.2551e-01,-1.2936e-01,-1.3105e-01,-1.3037e-01,-1.2722e-01,-1.2165e-01,-1.1380e-01,-1.0398e-01,-9.2576e-02,-8.0073e-02,-6.7022e-02,-5.4020e-02,-4.1674e-02,-3.0576e-02,-2.1272e-02,-1.4224e-02,-9.7854e-03,-8.1690e-03,-9.4263e-03,-1.3438e-02,-1.9915e-02,-2.8417e-02,-3.8373e-02,-4.9123e-02,-5.9964e-02,-7.0191e-02,-7.9154e-02,-8.6289e-02,-9.1161e-02,-9.3479e-02,-9.3114e-02,-9.0100e-02,-8.4627e-02,-7.7029e-02,-6.7754e-02,-5.7330e-02,-4.6319e-02,-3.5265e-02,-2.4655e-02,-1.4880e-02,-6.2112e-03,1.1963e-03,7.2970e-03,1.2132e-02,1.5803e-02,1.8448e-02,2.0220e-02,2.1281e-02,2.1795e-02,2.1933e-02,2.1873e-02,2.1800e-02,2.1892e-02,2.2286e-02,2.3039e-02,2.4088e-02,2.5240e-02,2.6200e-02,2.6647e-02,2.6327e-02,2.5140e-02,2.3164e-02,2.0628e-02,1.7843e-02,1.5128e-02,1.2748e-02,1.0878e-02,9.5981e-03,8.9031e-03,8.7183e-03,8.9234e-03,9.3739e-03,9.9206e-03,1.0426e-02,1.0775e-02,1.0885e-02,1.0710e-02,1.0239e-02,9.4963e-03,8.5335e-03,7.4263e-03,6.2631e-03,5.1393e-03,4.1499e-03,3.3812e-03
-1.3618e-02,-1.8271e-02,-2.3365e-02,-2.8859e-02,-3.4741e-02,-4.1028e-02,-4.7764e-02,-5.4996e-02,-6.2753e-02,-7.1010e-02,-7.9664e-02,-8.8513e-02,-9.7261e-02,-1.0554e-01,-1.1291e-01,-1.1896e-01,-1.2328e-01,-1.2552e-01,-1.2545e-01,-1.2295e-01,-1.1800e-01,-1.1076e-01,-1.0148e-01,-9.0535e-02,-7.8393e-02,-6.5595e-02,-5.2736e-02,-4.0428e-02,-2.9277e-02,-1.9851e-02,-1.2641e-02,-8.0314e-03,-6.2656e-03,-7.4208e-03,-1.1394e-02,-1.7902e-02,-2.6494e-02,-3.6580e-02,-4.7473e-02,-5.8434e-02,-6.8728e-02,-7.7677e-02,-8.4705e-02,-8.9375e-02,-9.1412e-02,-9.0713e-02,-8.7348e-02,-8.1550e-02,-7.3693e-02,-6.4256e-02,-5.3787e-02,-4.2851e-02,-3.1985e-02,-2.1651e-02,-1.2210e-02,-3.9021e-03,3.1451e-03,8.9077e-03,1.3439e-02,1.6847e-02,1.9269e-02,2.0857e-02,2.1774e-02,2.2187e-02,2.2276e-02,2.2229e-02,2.2241e-02,2.2482e-02,2.3065e-02,2.4003e-02,2.5176e-02,2.6339e-02,2.7173e-02,2.7373e-02,2.6742e-02,2.5253e-02,2.3052e-02,2.0408e-02,1.7640e-02,1.5045e-02,1.2853e-02,1.1200e-02,1.0132e-02,9.6152e-03,9.5576e-03,9.8292e-03,1.0283e-02,1.0772e-02,1.1166e-02,1.1361e-02,1.1286e-02,1.0907e-02,1.0225e-02,9.2755e-03,8.1210e-03,6.8435e-03,5.5374e-03,4.3009e-03,3.2288e-03,2.4066e-03
-8.8791e-03,-1.2828e-02,-1.7328e-02,-2.2343e-02,-2.7850e-02,-3.3848e-02,-4.0356e-02,-4.7397e-02,-5.4983e-02,-6.3083e-02,-7.1603e-02,-8.0361e-02,-8.9089e-02,-9.7440e-02,-1.0501e-01,-1.1138e-01,-1.1613e-01,-1.1892e-01,-1.1948e-01,-1.1765e-01,-1.1341e-01,-1.0686e-01,-9.8220e-02,-8.7847e-02,-7.6187e-02,-6.3766e-02,-5.1167e-02,-3.9004e-02,-2.7894e-02,-1.8421e-02,-1.1102e-02,-6.3522e-03,-4.4465e-03,-5.4909e-03,-9.4028e-03,-1.5907e-02,-2.4549e-02,-3.4723e-02,-4.5715e-02,-5.6757e-02,-6.7084e-02,-7.5995e-02,-8.2902e-02,-8.7369e-02,-8.9135e-02,-8.8127e-02,-8.4451e-02,-7.8379e-02,-7.0319e-02,-6.0780e-02,-5.0322e-02,-3.9511e-02,-2.8869e-02,-1.8835e-02,-9.7389e-03,-1.7937e-03,4.8990e-03,1.0333e-02,1.4572e-02,1.7727e-02,1.9935e-02,2.1352e-02,2.2139e-02,2.2474e-02,2.2547e-02,2.2555e-02,2.2694e-02,2.3122e-02,2.3916e-02,2.5037e-02,2.6306e-02,2.7436e-02,2.8099e-02,2.8026e-02,2.7086e-02,2.5326e-02,2.2946e-02,2.0242e-02,1.7528e-02,1.5075e-02,1.3074e-02,1.1627e-02,1.0748e-02,1.0380e-02,1.0418e-02,1.0725e-02,1.1152e-02,1.1559e-02,1.1821e-02,1.1847e-02,1.1575e-02,1.0986e-02,1.0091e-02,8.9376e-03,7.5961e-03,6.1557e-03,4.7151e-03,3.3747e-03,2.2294e-03,1.3625e-03
-4.8208e-03,-7.9703e-03,-1.1764e-02,-1.6172e-02,-2.1171e-02,-2.6745e-02,-3.2892e-02,-3.9616e-02,-4.6909e-02,-5.4737e-02,-6.3010e-02,-7.1570e-02,-8.0174e-02,-8.8504e-02,-9.6181e-02,-1.0280e-01,-1.0794e-01,-1.1125e-01,-1.1244e-01,-1.1132e-01,-1.0783e-01,-1.0204e-01,-9.4144e-02,-8.4457e-02,-7.3401e-02,-6.1481e-02,-4.9267e-02,-3.7366e-02,-2.6399e-02,-1.6963e-02,-9.5977e-03,-4.7485e-03,-2.7220e-03,-3.6551e-03,-7.4878e-03,-1.3959e-02,-2.2613e-02,-3.2834e-02,-4.3884e-02,-5.4970e-02,-6.5300e-02,-7.4151e-02,-8.0926e-02,-8.5192e-02,-8.6704e-02,-8.5415e-02,-8.1468e-02,-7.5171e-02,-6.6963e-02,-5.7375e-02,-4.6977e-02,-3.6332e-02,-2.5943e-02,-1.6225e-02,-7.4806e-03,1.0517e-04,6.4527e-03,1.1570e-02,1.5528e-02,1.8442e-02,2.0451e-02,2.1710e-02,2.2391e-02,2.2678e-02,2.2772e-02,2.2879e-02,2.3190e-02,2.3838e-02,2.4855e-02,2.6143e-02,2.7470e-02,2.8518e-02,2.8972e-02,2.8610e-02,2.7374e-02,2.5377e-02,2.2865e-02,2.0144e-02,1.7513e-02,1.5213e-02,1.3400e-02,1.2142e-02,1.1426e-02,1.1179e-02,1.1282e-02,1.1595e-02,1.1970e-02,1.2271e-02,1.2385e-02,1.2227e-02,1.1751e-02,1.0947e-02,9.8401e-03,8.4853e-03,6.9627e-03,5.3671e-03,3.8010e-03,2.3661e-03,1.1569e-03,2.5388e-04
-1.6366e-03,-3.9125e-03,-6.8992e-03,-1.0581e-02,-1.4937e-02,-1.9945e-02,-2.5588e-02,-3.1852e-02,-3.8716e-02,-4.6138e-02,-5.4037e-02,-6.2272e-02,-7.0631e-02,-7.8826e-02,-8.6507e-02,-9.3279e-02,-9.8745e-02,-1.0253e-01,-1.0433e-01,-1.0393e-01,-1.0124e-01,-9.6276e-02,-8.9209e-02,-8.0315e-02,-6.9983e-02,-5.8692e-02,-4.6989e-02,-3.5473e-02,-2.4760e-02,-1.5456e-02,-8.1190e-03,-3.2215e-03,-1.1022e-03,-1.9288e-03,-5.6710e-03,-1.2083e-02,-2.0716e-02,-3.0945e-02,-4.2017e-02,-5.3112e-02,-6.3416e-02,-7.2191e-02,-7.8827e-02,-8.2896e-02,-8.4171e-02,-8.2633e-02,-7.8456e-02,-7.1980e-02,-6.3674e-02,-5.4086e-02,-4.3791e-02,-3.3344e-02,-2.3229e-02,-1.3838e-02,-5.4445e-03,1.7894e-03,7.8028e-03,1.2616e-02,1.6307e-02,1.8995e-02,2.0820e-02,2.1944e-02,2.2546e-02,2.2821e-02,2.2982e-02,2.3236e-02,2.3759e-02,2.4651e-02,2.5891e-02,2.7319e-02,2.8658e-02,2.9577e-02,2.9788e-02,2.9131e-02,2.7620e-02,2.5426e-02,2.2824e-02,2.0120e-02,1.7593e-02,1.5450e-02,1.3816e-02,1.2727e-02,1.2150e-02,1.1993e-02,1.2133e-02,1.2424e-02,1.2723e-02,1.2900e-02,1.2849e-02,1.2498e-02,1.1812e-02,1.0792e-02,9.4730e-03,7.9216e-03,6.2246e-03,4.4823e-03,2.8000e-03,1.2804e-03,1.6391e-05,-9.1417e-04
5.0648e-04,-8.4570e-04,-2.9461e-03,-5.7957e-03,-9.3820e-03,-1.3683e-02,-1.8674e-02,-2.4327e-02,-3.0611e-02,-3.7479e-02,-4.4859e-02,-5.2629e-02,-6.0605e-02,-6.8534e-02,-7.6094e-02,-8.2918e-02,-8.8616e-02,-9.2815e-02,-9.5190e-02,-9.5503e-02,-9.3623e-02,-8.9543e-02,-8.3381e-02,-7.5378e-02,-6.5885e-02,-5.5347e-02,-4.4288e-02,-3.3284e-02,-2.2943e-02,-1.3875e-02,-6.6512e-03,-1.7668e-03,4.0816e-04,-3.2816e-04,-3.9745e-03,-1.0309e-02,-1.8891e-02,-2.9093e-02,-4.0150e-02,-5.1223e-02,-6.1478e-02,-7.0159e-02,-7.6653e-02,-8.0534e-02,-8.1593e-02,-7.9836e-02,-7.5467e-02,-6.8857e-02,-6.0499e-02,-5.0952e-02,-4.0795e-02,-3.0571e-02,-2.0745e-02,-1.1684e-02,-3.6368e-03,3.2553e-03,8.9481e-03,1.3473e-02,1.6914e-02,1.9392e-02,2.1055e-02,2.2070e-02,2.2627e-02,2.2934e-02,2.3209e-02,2.3656e-02,2.4428e-02,2.5577e-02,2.7026e-02,2.8557e-02,2.9857e-02,3.0602e-02,3.0547e-02,2.9600e-02,2.7841e-02,2.5488e-02,2.2833e-02,2.0174e-02,1.7763e-02,1.5777e-02,1.4307e-02,1.3366e-02,1.2900e-02,1.2807e-02,1.2956e-02,1.3201e-02,1.3404e-02,1.3439e-02,1.3211e-02,1.2659e-02,1.1757e-02,1.0520e-02,8.9929e-03,7.2506e-03,5.3867e-03,3.5065e-03,1.7177e-03,1.2276e-04,-1.1867e-03,-2.1365e-03
1.4803e-03,1.0723e-03,-8.9183e-05,-2.0232e-03,-4.7302e-03,-8.1936e-03,-1.2386e-02,-1.7274e-02,-2.2820e-02,-2.8978e-02,-3.5681e-02,-4.2830e-02,-5.0270e-02,-5.7783e-02,-6.5082e-02,-7.1830e-02,-7.7650e-02,-8.2174e-02,-8.5065e-02,-8.6062e-02,-8.5001e-02,-8.1835e-02,-7.6640e-02,-6.9614e-02,-6.1066e-02,-5.1404e-02,-4.1116e-02,-3.0755e-02,-2.0913e-02,-1.2194e-02,-5.1769e-03,-3.7755e-04,1.8050e-03,1.1351e-03,-2.4189e-03,-8.6608e-03,-1.7167e-02,-2.7312e-02,-3.8323e-02,-4.9346e-02,-5.9530e-02,-6.8106e-02,-7.4455e-02,-7.8158e-02,-7.9021e-02,-7.7075e-02,-7.2552e-02,-6.5849e-02,-5.7478e-02,-4.8008e-02,-3.8016e-02,-2.8032e-02,-1.8503e-02,-9.7699e-03,-2.0612e-03,4.5024e-03,9.8907e-03,1.4144e-02,1.7353e-02,1.9644e-02,2.1170e-02,2.2109e-02,2.2662e-02,2.3049e-02,2.3488e-02,2.4172e-02,2.5218e-02,2.6627e-02,2.8258e-02,2.9844e-02,3.1055e-02,3.1587e-02,3.1252e-02,3.0028e-02,2.8052e-02,2.5577e-02,2.2901e-02,2.0306e-02,1.8017e-02,1.6180e-02,1.4858e-02,1.4041e-02,1.3661e-02,1.3605e-02,1.3739e-02,1.3917e-02,1.4004e-02,1.3882e-02,1.3467e-02,1.2707e-02,1.1588e-02,1.0134e-02,8.4030e-03,6.4761e-03,4.4537e-03,2.4450e-03,5.5915e-04,-1.1008e-03,-2.4468e-03,-3.4076e-03
1.2026e-03,1.7279e-03,1.5274e-03,5.6337e-04,-1.1790e-03,-3.6925e-03,-6.9536e-03,-1.0929e-02,-1.5581e-02,-2.0865e-02,-2.6728e-02,-3.3090e-02,-3.9828e-02,-4.6761e-02,-5.3643e-02,-6.0165e-02,-6.5978e-02,-7.0717e-02,-7.4042e-02,-7.5671e-02,-7.5408e-02,-7.3168e-02,-6.8982e-02,-6.3005e-02,-5.5497e-02,-4.6823e-02,-3.7434e-02,-2.7847e-02,-1.8633e-02,-1.0381e-02,-3.6749e-03,9.5698e-04,3.0892e-03,2.4521e-03,-1.0214e-03,-7.1647e-03,-1.5576e-02,-2.5637e-02,-3.6574e-02,-4.7521e-02,-5.7616e-02,-6.6076e-02,-7.2282e-02,-7.5818e-02,-7.6507e-02,-7.4402e-02,-6.9759e-02,-6.2998e-02,-5.4646e-02,-4.5282e-02,-3.5475e-02,-2.5742e-02,-1.6511e-02,-8.1004e-03,-7.1783e-04,5.5334e-03,1.0636e-02,1.4637e-02,1.7636e-02,1.9765e-02,2.1185e-02,2.2088e-02,2.2684e-02,2.3201e-02,2.3854e-02,2.4811e-02,2.6147e-02,2.7803e-02,2.9578e-02,3.1167e-02,3.2240e-02,3.2529e-02,3.1910e-02,3.0426e-02,2.8265e-02,2.5702e-02,2.3030e-02,2.0513e-02,1.8345e-02,1.6646e-02,1.5453e-02,1.4738e-02,1.4418e-02,1.4375e-02,1.4470e-02,1.4561e-02,1.4516e-02,1.4226e-02,1.3615e-02,1.2642e-02,1.1304e-02,9.6374e-03,7.7070e-03,5.6031e-03,3.4309e-03,1.3034e-03,-6.6894e-04,-2.3848e-03,-3.7578e-03,-4.7216e-03
-3.5828e-04,1.0595e-03,1.8083e-03,1.8357e-03,1.1126e-03,-3.6589e-04,-2.5852e-03,-5.5169e-03,-9.1276e-03,-1.3382e-02,-1.8239e-02,-2.3644e-02,-2.9506e-02,-3.5685e-02,-4.1975e-02,-4.8108e-02,-5.3760e-02,-5.8582e-02,-6.2234e-02,-6.4416e-02,-6.4905e-02,-6.3579e-02,-6.0425e-02,-5.5547e-02,-4.9159e-02,-4.1576e-02,-3.3203e-02,-2.4520e-02,-1.6063e-02,-8.4052e-03,-2.1210e-03,2.2520e-03,4.2650e-03,3.6165e-03,2.0318e-04,-5.8432e-03,-1.4146e-02,-2.4102e-02,-3.4940e-02,-4.5790e-02,-5.5779e-02,-6.4117e-02,-7.0180e-02,-7.3562e-02,-7.4097e-02,-7.1858e-02,-6.7126e-02,-6.0338e-02,-5.2035e-02,-4.2796e-02,-3.3187e-02,-2.3711e-02,-1.4774e-02,-6.6758e-03,3.9639e-04,6.3535e-03,1.1190e-02,1.4963e-02,1.7777e-02,1.9774e-02,2.1126e-02,2.2036e-02,2.2725e-02,2.3425e-02,2.4337e-02,2.5596e-02,2.7224e-02,2.9100e-02,3.0972e-02,3.2512e-02,3.3401e-02,3.3426e-02,3.2527e-02,3.0808e-02,2.8494e-02,2.5871e-02,2.3223e-02,2.0789e-02,1.8738e-02,1.7162e-02,1.6078e-02,1.5441e-02,1.5158e-02,1.5106e-02,1.5142e-02,1.5127e-02,1.4936e-02,1.4468e-02,1.3654e-02,1.2465e-02,1.0910e-02,9.0333e-03,6.9099e-03,4.6366e-03,2.3241e-03,8.7842e-05,-1.9610e-03,-3.7225e-03,-5.1141e-03,-6.0730e-03
-3.1808e-03,-9.4016e-04,7.1529e-04,1.7212e-03,2.0362e-03,1.6431e-03,5.4601e-04,-1.2365e-03,-3.6804e-03,-6.7617e-03,-1.0458e-02,-1.4739e-02,-1.9551e-02,-2.4794e-02,-3.0311e-02,-3.5873e-02,-4.1193e-02,-4.5943e-02,-4.9788e-02,-5.2418e-02,-5.3587e-02,-5.3136e-02,-5.1009e-02,-4.7259e-02,-4.2051e-02,-3.5645e-02,-2.8398e-02,-2.0740e-02,-1.3171e-02,-6.2330e-03,-4.8843e-04,3.5240e-03,5.3395e-03,4.6259e-03,1.2428e-03,-4.7150e-03,-1.2902e-02,-2.2738e-02,-3.3458e-02,-4.4192e-02,-5.4061e-02,-6.2271e-02,-6.8195e-02,-7.1434e-02,-7.1834e-02,-6.9486e-02,-6.4690e-02,-5.7900e-02,-4.9665e-02,-4.0568e-02,-3.1165e-02,-2.1944e-02,-1.3293e-02,-5.4933e-03,1.2862e-03,6.9705e-03,1.1565e-02,1.5135e-02,1.7795e-02,1.9695e-02,2.1021e-02,2.1987e-02,2.2824e-02,2.3756e-02,2.4965e-02,2.6543e-02,2.8452e-02,3.0512e-02,3.2427e-02,3.3862e-02,3.4533e-02,3.4281e-02,3.3114e-02,3.1185e-02,2.8747e-02,2.6087e-02,2.3475e-02,2.1126e-02,1.9183e-02,1.7714e-02,1.6718e-02,1.6138e-02,1.5870e-02,1.5786e-02,1.5745e-02,1.5610e-02,1.5261e-02,1.4605e-02,1.3584e-02,1.2178e-02,1.0407e-02,8.3253e-03,6.0158e-03,3.5819e-03,1.1390e-03,-1.1955e-03,-3.3106e-03,-5.1083e-03,-6.5091e-03,-7.4552e-03
-7.1939e-03,-4.2220e-03,-1.7316e-03,2.0629e-04,1.5417e-03,2.2467e-03,2.3143e-03,1.7514e-03,5.7033e-04,-1.2211e-03,-3.6201e-03,-6.6253e-03,-1.0220e-02,-1.4349e-02,-1.8904e-02,-2.3705e-02,-2.8506e-02,-3.3007e-02,-3.6886e-02,-3.9832e-02,-4.1578e-02,-4.1933e-02,-4.0800e-02,-3.8182e-02,-3.4189e-02,-2.9028e-02,-2.2998e-02,-1.6479e-02,-9.9209e-03,-3.8320e-03,1.2508e-03,4.7949e-03,6.3248e-03,5.4824e-03,2.0908e-03,-3.7968e-03,-1.1869e-02,-2.1573e-02,-3.2159e-02,-4.2761e-02,-5.2500e-02,-6.0577e-02,-6.6366e-02,-6.9473e-02,-6.9754e-02,-6.7319e-02,-6.2480e-02,-5.5707e-02,-4.7558e-02,-3.8611e-02,-2.9414e-02,-2.0442e-02,-1.2066e-02,-4.5469e-03,1.9611e-03,7.3965e-03,1.1775e-02,1.5172e-02,1.7711e-02,1.9556e-02,2.0903e-02,2.1979e-02,2.3015e-02,2.4226e-02,2.5762e-02,2.7662e-02,2.9828e-02,3.2023e-02,3.3925e-02,3.5208e-02,3.5631e-02,3.5100e-02,3.3680e-02,3.1568e-02,2.9031e-02,2.6353e-02,2.3784e-02,2.1516e-02,1.9669e-02,1.8290e-02,1.7363e-02,1.6816e-02,1.6542e-02,1.6408e-02,1.6273e-02,1.6005e-02,1.5487e-02,1.4637e-02,1.3405e-02,1.1783e-02,9.7995e-03,7.5183e-03,5.0301e-03,2.4451e-03,-1.1814e-04,-2.5403e-03,-4.7112e-03,-6.5352e-03,-7.9364e-03,-8.8621e-03
-1.2281e-02,-8.6857e-03,-5.4553e-03,-2.6613e-03,-3.5839e-04,1.4181e-03,2.6519e-03,3.3388e-03,3.4766e-03,3.0570e-03,2.0604e-03,4.5915e-04,-1.7685e-03,-4.6158e-03,-8.0256e-03,-1.1872e-02,-1.5955e-02,-2.0014e-02,-2.3748e-02,-2.6849e-02,-2.9039e-02,-3.0100e-02,-2.9895e-02,-2.8381e-02,-2.5613e-02,-2.1740e-02,-1.7000e-02,-1.1717e-02,-6.2868e-03,-1.1701e-03,3.1271e-03,6.0897e-03,7.2377e-03,6.1932e-03,2.7436e-03,-3.0991e-03,-1.1065e-02,-2.0632e-02,-3.1073e-02,-4.1532e-02,-5.1130e-02,-5.9072e-02,-6.4730e-02,-6.7713e-02,-6.7891e-02,-6.5384e-02,-6.0521e-02,-5.3780e-02,-4.5724e-02,-3.6930e-02,-2.7937e-02,-1.9205e-02,-1.1087e-02,-3.8276e-03,2.4324e-03,7.6457e-03,1.1838e-02,1.5096e-02,1.7554e-02,1.9388e-02,2.0808e-02,2.2047e-02,2.3335e-02,2.4864e-02,2.6743e-02,2.8955e-02,3.1340e-02,3.3616e-02,3.5450e-02,3.6539e-02,3.6695e-02,3.5888e-02,3.4236e-02,3.1965e-02,2.9351e-02,2.6667e-02,2.4144e-02,2.1951e-02,2.0186e-02,1.8879e-02,1.7999e-02,1.7467e-02,1.7168e-02,1.6966e-02,1.6722e-02,1.6308e-02,1.5614e-02,1.4565e-02,1.3121e-02,1.1283e-02,9.0911e-03,6.6168e-03,3.9589e-03,1.2322e-03,-1.4408e-03,-3.9397e-03,-6.1558e-03,-7.9961e-03,-9.3890e-03,-1.0287e-02
-1.8287e-02,-1.4186e-02,-1.0326e-02,-6.7760e-03,-3.5890e-03,-8.0390e-04,1.5561e-03,3.4775e-03,4.9457e-03,5.9362e-03,6.4077e-03,6.3026e-03,5.5611e-03,4.1416e-03,2.0465e-03,-6.5613e-04,-3.8216e-03,-7.2339e-03,-1.0622e-02,-1.3693e-02,-1.6165e-02,-1.7799e-02,-1.8424e-02,-1.7953e-02,-1.6386e-02,-1.3815e-02,-1.0416e-02,-6.4480e-03,-2.2473e-03,1.7797e-03,5.1701e-03,7.4341e-03,8.0985e-03,6.7698e-03,3.2039e-03,-2.6291e-03,-1.0503e-02,-1.9935e-02,-3.0224e-02,-4.0530e-02,-4.9983e-02,-5.7785e-02,-6.3315e-02,-6.6184e-02,-6.6271e-02,-6.3706e-02,-5.8829e-02,-5.2130e-02,-4.4172e-02,-3.5530e-02,-2.6732e-02,-1.8225e-02,-1.0345e-02,-3.3236e-03,2.7153e-03,7.7357e-03,1.1775e-02,1.4932e-02,1.7352e-02,1.9226e-02,2.0773e-02,2.2229e-02,2.3815e-02,2.5692e-02,2.7919e-02,3.0419e-02,3.2975e-02,3.5275e-02,3.6987e-02,3.7847e-02,3.7727e-02,3.6654e-02,3.4791e-02,3.2384e-02,2.9710e-02,2.7027e-02,2.4548e-02,2.2419e-02,2.0722e-02,1.9469e-02,1.8618e-02,1.8081e-02,1.7738e-02,1.7453e-02,1.7088e-02,1.6518e-02,1.5641e-02,1.4389e-02,1.2732e-02,1.0682e-02,8.2864e-03,5.6264e-03,2.8077e-03,-4.9949e-05,-2.8217e-03,-5.3867e-03,-7.6374e-03,-9.4842e-03,-1.0860e-02,-1.1722e-02
-2.5030e-02,-2.0542e-02,-1.6173e-02,-1.1982e-02,-8.0180e-03,-4.3191e-03,-9.1106e-04,2.1868e-03,4.9499e-03,7.3401e-03,9.2964e-03,1.0735e-02,1.1559e-02,1.1680e-02,1.1043e-02,9.6559e-03,7.6025e-03,5.0461e-03,2.2153e-03,-6.2040e-04,-3.1847e-03,-5.2273e-03,-6.5497e-03,-7.0236e-03,-6.6007e-03,-5.3136e-03,-3.2752e-03,-6.7779e-04,2.2093e-03,5.0413e-03,7.4087e-03,8.8573e-03,8.9304e-03,7.2283e-03,3.4793e-03,-2.3872e-03,-1.0193e-02,-1.9497e-02,-2.9631e-02,-3.9779e-02,-4.9080e-02,-5.6743e-02,-6.2146e-02,-6.4908e-02,-6.4913e-02,-6.2299e-02,-5.7419e-02,-5.0765e-02,-4.2905e-02,-3.4408e-02,-2.5793e-02,-1.7493e-02,-9.8304e-03,-3.0197e-03,2.8278e-03,7.6887e-03,1.1613e-02,1.4710e-02,1.7140e-02,1.9106e-02,2.0835e-02,2.2560e-02,2.4483e-02,2.6725e-02,2.9291e-02,3.2042e-02,3.4715e-02,3.6980e-02,3.8523e-02,3.9130e-02,3.8731e-02,3.7407e-02,3.5353e-02,3.2830e-02,3.0108e-02,2.7430e-02,2.4989e-02,2.2914e-02,2.1267e-02,2.0050e-02,1.9210e-02,1.8650e-02,1.8248e-02,1.7866e-02,1.7368e-02,1.6634e-02,1.5568e-02,1.4111e-02,1.2243e-02,9.9833e-03,7.3905e-03,4.5531e-03,1.5832e-03,-1.3949e-03,-4.2539e-03,-6.8739e-03,-9.1484e-03,-1.0992e-02,-1.2341e-02,-1.3160e-02
-3.2305e-02,-2.7547e-02,-2.2790e-02,-1.8082e-02,-1.3465e-02,-8.9710e-03,-4.6249e-03,-4.4860e-04,3.5286e-03,7.2585e-03,1.0666e-02,1.3643e-02,1.6062e-02,1.7790e-02,1.8718e-02,1.8791e-02,1.8025e-02,1.6525e-02,1.4468e-02,1.2088e-02,9.6431e-03,7.3865e-03,5.5346e-03,4.2483e-03,3.6228e-03,3.6798e-03,4.3704e-03,5.5705e-03,7.0826e-03,8.6310e-03,9.8681e-03,1.0388e-02,9.7613e-03,7.5905e-03,3.5837e-03,-2.3686e-03,-1.0136e-02,-1.9325e-02,-2.9308e-02,-3.9294e-02,-4.8441e-02,-5.5962e-02,-6.1243e-02,-6.3902e-02,-6.3831e-02,-6.1176e-02,-5.6295e-02,-4.9687e-02,-4.1920e-02,-3.3558e-02,-2.5111e-02,-1.6998e-02,-9.5264e-03,-2.8976e-03,2.7912e-03,7.5291e-03,1.1378e-02,1.4462e-02,1.6955e-02,1.9067e-02,2.1032e-02,2.3072e-02,2.5360e-02,2.7972e-02,3.0853e-02,3.3808e-02,3.6539e-02,3.8714e-02,4.0051e-02,4.0387e-02,3.9713e-02,3.8154e-02,3.5931e-02,3.3307e-02,3.0544e-02,2.7870e-02,2.5460e-02,2.3425e-02,2.1814e-02,2.0616e-02,1.9768e-02,1.9168e-02,1.8692e-02,1.8201e-02,1.7561e-02,1.6656e-02,1.5397e-02,1.3735e-02,1.1656e-02,9.1918e-03,6.4085e-03,3.4026e-03,2.9194e-04,-2.7953e-03,-5.7303e-03,-8.3937e-03,-1.0681e-02,-1.2511e-02,-1.3826e-02,-1.4594e-02
-3.9899e-02,-3.4979e-02,-2.9951e-02,-2.4851e-02,-1.9712e-02,-1.4558e-02,-9.4074e-03,-4.2817e-03,7.8906e-04,5.7524e-03,1.0524e-02,1.4981e-02,1.8969e-02,2.2318e-02,2.4869e-02,2.6503e-02,2.7172e-02,2.6910e-02,2.5835e-02,2.4135e-02,2.2037e-02,1.9785e-02,1.7602e-02,1.5674e-02,1.4133e-02,1.3053e-02,1.2445e-02,1.2255e-02,1.2358e-02,1.2555e-02,1.2571e-02,1.2056e-02,1.0621e-02,7.8826e-03,3.5369e-03,-2.5601e-03,-1.0327e-02,-1.9422e-02,-2.9261e-02,-3.9087e-02,-4.8076e-02,-5.5456e-02,-6.0614e-02,-6.3175e-02,-6.3032e-02,-6.0339e-02,-5.5459e-02,-4.8895e-02,-4.1213e-02,-3.2972e-02,-2.4674e-02,-1.6723e-02,-9.4150e-03,-2.9360e-03,2.6296e-03,7.2844e-03,1.1104e-02,1.4224e-02,1.6832e-02,1.9146e-02,2.1397e-02,2.3790e-02,2.6461e-02,2.9433e-02,3.2593e-02,3.5698e-02,3.8428e-02,4.0462e-02,4.1562e-02,4.1621e-02,4.0682e-02,3.8906e-02,3.6529e-02,3.3816e-02,3.1017e-02,2.8344e-02,2.5955e-02,2.3946e-02,2.2354e-02,2.1157e-02,2.0285e-02,1.9632e-02,1.9068e-02,1.8456e-02,1.7665e-02,1.6584e-02,1.5130e-02,1.3262e-02,1.0976e-02,8.3127e-03,5.3466e-03,2.1817e-03,-1.0589e-03,-4.2439e-03,-7.2430e-03,-9.9378e-03,-1.2227e-02,-1.4033e-02,-1.5304e-02,-1.6014e-02
-4.7599e-02,-4.2611e-02,-3.7420e-02,-3.2049e-02,-2.6519e-02,-2.0844e-02,-1.5038e-02,-9.1152e-03,-3.1021e-03,2.9492e-03,8.9520e-03,1.4776e-02,2.0251e-02,2.5176e-02,2.9350e-02,3.2598e-02,3.4803e-02,3.5928e-02,3.6024e-02,3.5221e-02,3.3704e-02,3.1691e-02,2.9401e-02,2.7034e-02,2.4750e-02,2.2666e-02,2.0849e-02,1.9312e-02,1.8005e-02,1.6811e-02,1.5530e-02,1.3886e-02,1.1540e-02,8.1353e-03,3.3649e-03,-2.9441e-03,-1.0756e-02,-1.9782e-02,-2.9488e-02,-3.9158e-02,-4.7991e-02,-5.5229e-02,-6.0266e-02,-6.2731e-02,-6.2519e-02,-5.9789e-02,-5.4908e-02,-4.8380e-02,-4.0772e-02,-3.2637e-02,-2.4465e-02,-1.6650e-02,-9.4749e-03,-3.1106e-03,2.3712e-03,6.9863e-03,1.0824e-02,1.4033e-02,1.6810e-02,1.9379e-02,2.1960e-02,2.4734e-02,2.7792e-02,3.1101e-02,3.4495e-02,3.7690e-02,4.0361e-02,4.2212e-02,4.3053e-02,4.2835e-02,4.1643e-02,3.9667e-02,3.7153e-02,3.4359e-02,3.1524e-02,2.8845e-02,2.6466e-02,2.4470e-02,2.2881e-02,2.1669e-02,2.0758e-02,2.0036e-02,1.9373e-02,1.8631e-02,1.7682e-02,1.6420e-02,1.4769e-02,1.2696e-02,1.0208e-02,7.3516e-03,4.2111e-03,8.9731e-04,-2.4621e-03,-5.7324e-03,-8.7837e-03,-1.1498e-02,-1.3778e-02,-1.5551e-02,-1.6769e-02,-1.7412e-02
-5.5197e-02,-5.0221e-02,-4.4961e-02,-3.9429e-02,-3.3633e-02,-2.7579e-02,-2.1269e-02,-1.4712e-02,-7.9284e-03,-9.6381e-04,6.0994e-03,1.3132e-02,1.9956e-02,2.6354e-02,3.2091e-02,3.6943e-02,4.0732e-02,4.3349e-02,4.4771e-02,4.5060e-02,4.4349e-02,4.2817e-02,4.0664e-02,3.8088e-02,3.5267e-02,3.2351e-02,2.9456e-02,2.6655e-02,2.3975e-02,2.1379e-02,1.8754e-02,1.5903e-02,1.2552e-02,8.3824e-03,3.0985e-03,-3.4939e-03,-1.1402e-02,-2.0391e-02,-2.9983e-02,-3.9503e-02,-4.8182e-02,-5.5279e-02,-6.0197e-02,-6.2565e-02,-6.2286e-02,-5.9517e-02,-5.4631e-02,-4.8132e-02,-4.0584e-02,-3.2535e-02,-2.4466e-02,-1.6758e-02,-9.6821e-03,-3.3948e-03,2.0453e-03,6.6674e-03,1.0574e-02,1.3926e-02,1.6927e-02,1.9798e-02,2.2746e-02,2.5916e-02,2.9352e-02,3.2964e-02,3.6535e-02,3.9761e-02,4.2320e-02,4.3955e-02,4.4526e-02,4.4035e-02,4.2606e-02,4.0446e-02,3.7807e-02,3.4937e-02,3.2064e-02,2.9371e-02,2.6989e-02,2.4990e-02,2.3389e-02,2.2147e-02,2.1182e-02,2.0380e-02,1.9606e-02,1.8726e-02,1.7612e-02,1.6165e-02,1.4318e-02,1.2042e-02,9.3554e-03,6.3138e-03,3.0084e-03,-4.4345e-04,-3.9099e-03,-7.2534e-03,-1.0344e-02,-1.3066e-02,-1.5326e-02,-1.7055e-02,-1.8211e-02,-1.8780e-02
-6.2499e-02,-5.7599e-02,-5.2351e-02,-4.6754e-02,-4.0806e-02,-3.4503e-02,-2.7839e-02,-2.0814e-02,-1.3440e-02,-5.7529e-03,2.1739e-03,1.0220e-02,1.8210e-02,2.5923e-02,3.3102e-02,3.9487e-02,4.4845e-02,4.9000e-02,5.1856e-02,5.3400e-02,5.3700e-02,5.2883e-02,5.1116e-02,4.8581e-02,4.5458e-02,4.1918e-02,3.8115e-02,3.4177e-02,3.0199e-02,2.6227e-02,2.2239e-02,1.8125e-02,1.3686e-02,8.6613e-03,2.7749e-03,-4.1765e-03,-1.2238e-02,-2.1229e-02,-3.0728e-02,-4.0109e-02,-4.8639e-02,-5.5597e-02,-6.0396e-02,-6.2670e-02,-6.2322e-02,-5.9514e-02,-5.4616e-02,-4.8135e-02,-4.0631e-02,-3.2647e-02,-2.4655e-02,-1.7023e-02,-1.0010e-02,-3.7588e-03,1.6846e-03,6.3632e-03,1.0391e-02,1.3939e-02,1.7215e-02,2.0432e-02,2.3772e-02,2.7341e-02,3.1131e-02,3.4999e-02,3.8690e-02,4.1887e-02,4.4290e-02,4.5684e-02,4.5980e-02,4.5227e-02,4.3576e-02,4.1249e-02,3.8492e-02,3.5548e-02,3.2632e-02,2.9915e-02,2.7518e-02,2.5502e-02,2.3873e-02,2.2587e-02,2.1555e-02,2.0659e-02,1.9766e-02,1.8739e-02,1.7457e-02,1.5824e-02,1.3779e-02,1.1305e-02,8.4253e-03,5.2059e-03,1.7453e-03,-1.8335e-03,-5.3940e-03,-8.7981e-03,-1.1915e-02,-1.4633e-02,-1.6860e-02,-1.8535e-02,-1.9620e-02,-2.0108e-02
-6.9330e-02,-6.4556e-02,-5.9383e-02,-5.3803e-02,-4.7802e-02,-4.1368e-02,-3.4489e-02,-2.7154e-02,-1.9368e-02,-1.1154e-02,-2.5737e-03,6.2679e-03,1.5209e-02,2.4033e-02,3.2479e-02,4.0262e-02,4.7111e-02,5.2788e-02,5.7126e-02,6.0037e-02,6.1517e-02,6.1629e-02,6.0490e-02,5.8252e-02,5.5083e-02,5.1157e-02,4.6654e-02,4.1745e-02,3.6587e-02,3.1305e-02,2.5968e-02,2.0560e-02,1.4973e-02,9.0103e-03,2.4356e-03,-4.9528e-03,-1.3229e-02,-2.2266e-02,-3.1698e-02,-4.0955e-02,-4.9342e-02,-5.6165e-02,-6.0847e-02,-6.3028e-02,-6.2612e-02,-5.9760e-02,-5.4844e-02,-4.8370e-02,-4.0894e-02,-3.2952e-02,-2.5008e-02,-1.7419e-02,-1.0429e-02,-4.1711e-03,1.3234e-03,6.1096e-03,1.0312e-02,1.4109e-02,1.7705e-02,2.1300e-02,2.5046e-02,2.9005e-02,3.3113e-02,3.7184e-02,4.0934e-02,4.4050e-02,4.6260e-02,4.7397e-02,4.7422e-02,4.6419e-02,4.4563e-02,4.2079e-02,3.9211e-02,3.6192e-02,3.3226e-02,3.0476e-02,2.8049e-02,2.6001e-02,2.4331e-02,2.2986e-02,2.1875e-02,2.0876e-02,1.9854e-02,1.8674e-02,1.7219e-02,1.5398e-02,1.3158e-02,1.0489e-02,7.4230e-03,4.0345e-03,4.2920e-04,-3.2643e-03,-6.9065e-03,-1.0358e-02,-1.3488e-02,-1.6188e-02,-1.8372e-02,-1.9982e-02,-2.0987e-02,-2.1385e-02
-7.5540e-02,-7.0926e-02,-6.5879e-02,-6.0379e-02,-5.4408e-02,-4.7946e-02,-4.0973e-02,-3.3474e-02,-2.5442e-02,-1.6891e-02,-7.8657e-03,1.5456e-03,1.1202e-02,2.0903e-02,3.0396e-02,3.9390e-02,4.7586e-02,5.4701e-02,6.0506e-02,6.4838e-02,6.7616e-02,6.8832e-02,6.8543e-02,6.6853e-02,6.3900e-02,5.9848e-02,5.4884e-02,4.9209e-02,4.3030e-02,3.6545e-02,2.9910e-02,2.3211e-02,1.6434e-02,9.4668e-03,2.1252e-03,-5.7772e-03,-1.4334e-02,-2.3464e-02,-3.2862e-02,-4.2013e-02,-5.0268e-02,-5.6961e-02,-6.1529e-02,-6.3619e-02,-6.3134e-02,-6.0236e-02,-5.5295e-02,-4.8815e-02,-4.1348e-02,-3.3425e-02,-2.5498e-02,-1.7916e-02,-1.0909e-02,-4.5986e-03,9.9663e-04,5.9421e-03,1.0371e-02,1.4465e-02,1.8421e-02,2.2417e-02,2.6571e-02,3.0894e-02,3.5275e-02,3.9490e-02,4.3241e-02,4.6228e-02,4.8219e-02,4.9093e-02,4.8854e-02,4.7617e-02,4.5570e-02,4.2940e-02,3.9965e-02,3.6868e-02,3.3845e-02,3.1048e-02,2.8579e-02,2.6486e-02,2.4760e-02,2.3344e-02,2.2142e-02,2.1029e-02,1.9870e-02,1.8532e-02,1.6902e-02,1.4892e-02,1.2459e-02,9.5989e-03,6.3544e-03,2.8067e-03,-9.3229e-04,-4.7283e-03,-8.4389e-03,-1.1923e-02,-1.5054e-02,-1.7724e-02,-1.9852e-02,-2.1386e-02,-2.2302e-02,-2.2602e-02
-8.1007e-02,-7.6575e-02,-7.1687e-02,-6.6318e-02,-6.0443e-02,-5.4036e-02,-4.7074e-02,-3.9535e-02,-3.1405e-02,-2.2690e-02,-1.3418e-02,-3.6569e-03,6.4752e-03,1.6804e-02,2.7095e-02,3.7069e-02,4.6415e-02,5.4821e-02,6.2008e-02,6.7748e-02,7.1882e-02,7.4329e-02,7.5073e-02,7.4159e-02,7.1679e-02,6.7769e-02,6.2606e-02,5.6402e-02,4.9401e-02,4.1861e-02,3.4021e-02,2.6066e-02,1.8088e-02,1.0068e-02,1.8903e-03,-6.5995e-03,-1.5504e-02,-2.4780e-02,-3.4179e-02,-4.3247e-02,-5.1383e-02,-5.7953e-02,-6.2414e-02,-6.4415e-02,-6.3863e-02,-6.0916e-02,-5.5943e-02,-4.9444e-02,-4.1968e-02,-3.4038e-02,-2.6098e-02,-1.8484e-02,-1.1417e-02,-5.0067e-03,7.3956e-04,5.8961e-03,1.0602e-02,1.5035e-02,1.9380e-02,2.3788e-02,2.8336e-02,3.2989e-02,3.7591e-02,4.1889e-02,4.5586e-02,4.8407e-02,5.0161e-02,5.0772e-02,5.0283e-02,4.8829e-02,4.6605e-02,4.3837e-02,4.0755e-02,3.7576e-02,3.4486e-02,3.1631e-02,2.9107e-02,2.6954e-02,2.5159e-02,2.3659e-02,2.2355e-02,2.1119e-02,1.9817e-02,1.8316e-02,1.6507e-02,1.4310e-02,1.1686e-02,8.6416e-03,5.2265e-03,1.5289e-03,-2.3314e-03,-6.2168e-03,-9.9816e-03,-1.3486e-02,-1.6603e-02,-1.9229e-02,-2.1289e-02,-2.2737e-02,-2.3554e-02,-2.3749e-02
-8.5639e-02,-8.1400e-02,-7.6693e-02,-7.1489e-02,-6.5759e-02,-5.9474e-02,-5.2605e-02,-4.5130e-02,-3.7029e-02,-2.8299e-02,-1.8955e-02,-9.0478e-03,1.3316e-03,1.2038e-02,2.2868e-02,3.3562e-02,4.3818e-02,5.3314e-02,6.1735e-02,6.8799e-02,7.4282e-02,7.8024e-02,7.9935e-02,7.9988e-02,7.8217e-02,7.4711e-02,6.9620e-02,6.3148e-02,5.5557e-02,4.7150e-02,3.8238e-02,2.9103e-02,1.9944e-02,1.0846e-02,1.7780e-03,-7.3668e-03,-1.6684e-02,-2.6160e-02,-3.5602e-02,-4.4615e-02,-5.2649e-02,-5.9107e-02,-6.3466e-02,-6.5385e-02,-6.4767e-02,-6.1770e-02,-5.6758e-02,-5.0229e-02,-4.2725e-02,-3.4762e-02,-2.6775e-02,-1.9091e-02,-1.1921e-02,-5.3613e-03,5.8617e-04,6.0037e-03,1.1031e-02,1.5838e-02,2.0592e-02,2.5410e-02,3.0327e-02,3.5263e-02,4.0027e-02,4.4351e-02,4.7948e-02,5.0574e-02,5.2083e-02,5.2440e-02,5.1715e-02,5.0059e-02,4.7671e-02,4.4770e-02,4.1581e-02,3.8314e-02,3.5147e-02,3.2223e-02,2.9630e-02,2.7404e-02,2.5527e-02,2.3932e-02,2.2515e-02,2.1149e-02,1.9696e-02,1.8029e-02,1.6040e-02,1.3656e-02,1.0845e-02,7.6229e-03,4.0454e-03,2.0928e-04,-3.7602e-03,-7.7212e-03,-1.1526e-02,-1.5035e-02,-1.8124e-02,-2.0694e-02,-2.2674e-02,-2.4024e-02,-2.4733e-02,-2.4814e-02
-8.9374e-02,-8.5329e-02,-8.0814e-02,-7.5797e-02,-7.0247e-02,-6.4131e-02,-5.7421e-02,-5.0091e-02,-4.2119e-02,-3.3497e-02,-2.4230e-02,-1.4353e-02,-3.9309e-03,6.9204e-03,1.8032e-02,2.9178e-02,4.0079e-02,5.0420e-02,5.9870e-02,6.8112e-02,7.4865e-02,7.9899e-02,8.3048e-02,8.4210e-02,8.3346e-02,8.0488e-02,7.5736e-02,6.9269e-02,6.1346e-02,5.2295e-02,4.2485e-02,3.2284e-02,2.1999e-02,1.1827e-02,1.8330e-03,-8.0237e-03,-1.7816e-02,-2.7550e-02,-3.7079e-02,-4.6066e-02,-5.4019e-02,-6.0380e-02,-6.4648e-02,-6.6491e-02,-6.5812e-02,-6.2765e-02,-5.7711e-02,-5.1139e-02,-4.3588e-02,-3.5565e-02,-2.7498e-02,-1.9704e-02,-1.2384e-02,-5.6284e-03,5.6933e-04,6.2935e-03,1.1680e-02,1.6888e-02,2.2056e-02,2.7270e-02,3.2520e-02,3.7686e-02,4.2553e-02,4.6848e-02,5.0305e-02,5.2718e-02,5.3982e-02,5.4097e-02,5.3155e-02,5.1314e-02,4.8772e-02,4.5744e-02,4.2446e-02,3.9082e-02,3.5829e-02,3.2822e-02,3.0148e-02,2.7837e-02,2.5865e-02,2.4164e-02,2.2625e-02,2.1119e-02,1.9511e-02,1.7673e-02,1.5504e-02,1.2935e-02,9.9426e-03,6.5487e-03,2.8184e-03,-1.1448e-03,-5.2103e-03,-9.2327e-03,-1.3063e-02,-1.6562e-02,-1.9608e-02,-2.2107e-02,-2.3995e-02,-2.5237e-02,-2.5827e-02,-2.5788e-02
-9.2181e-02,-8.8324e-02,-8.4004e-02,-7.9187e-02,-7.3837e-02,-6.7923e-02,-6.1417e-02,-5.4290e-02,-4.6524e-02,-3.8104e-02,-2.9033e-02,-1.9328e-02,-9.0383e-03,1.7516e-03,1.2909e-02,2.4245e-02,3.5517e-02,4.6433e-02,5.6668e-02,6.5886e-02,7.3765e-02,8.0019e-02,8.4411e-02,8.6760e-02,8.6954e-02,8.4949e-02,8.0786e-02,7.4596e-02,6.6612e-02,5.7167e-02,4.6669e-02,3.5557e-02,2.4239e-02,1.3028e-02,2.0964e-03,-8.5151e-03,-1.8839e-02,-2.8886e-02,-3.8549e-02,-4.7547e-02,-5.5444e-02,-6.1725e-02,-6.5916e-02,-6.7693e-02,-6.6960e-02,-6.3867e-02,-5.8765e-02,-5.2141e-02,-4.4524e-02,-3.6415e-02,-2.8234e-02,-2.0289e-02,-1.2776e-02,-5.7765e-03,7.1760e-04,6.7892e-03,1.2566e-02,1.8187e-02,2.3766e-02,2.9347e-02,3.4883e-02,4.0223e-02,4.5133e-02,4.9352e-02,5.2640e-02,5.4832e-02,5.5858e-02,5.5748e-02,5.4608e-02,5.2598e-02,4.9912e-02,4.6757e-02,4.3347e-02,3.9880e-02,3.6530e-02,3.3430e-02,3.0661e-02,2.8251e-02,2.6174e-02,2.4355e-02,2.2685e-02,2.1033e-02,1.9264e-02,1.7253e-02,1.4903e-02,1.2152e-02,8.9831e-03,5.4254e-03,1.5526e-03,-2.5256e-03,-6.6737e-03,-1.0743e-02,-1.4583e-02,-1.8056e-02,-2.1045e-02,-2.3460e-02,-2.5242e-02,-2.6364e-02,-2.6828e-02,-2.6658e-02
-9.4059e-02,-9.0380e-02,-8.6250e-02,-8.1633e-02,-7.6495e-02,-7.0803e-02,-6.4529e-02,-5.7647e-02,-5.0138e-02,-4.1989e-02,-3.3197e-02,-2.3776e-02,-1.3755e-02,-3.1965e-03,7.8009e-03,1.9090e-02,3.0470e-02,4.1685e-02,5.2433e-02,6.2382e-02,7.1189e-02,7.8526e-02,8.4095e-02,8.7646e-02,8.8986e-02,8.7994e-02,8.4634e-02,7.8976e-02,7.1205e-02,6.1635e-02,5.0687e-02,3.8856e-02,2.6637e-02,1.4455e-02,2.6012e-03,-8.7897e-03,-1.9692e-02,-3.0106e-02,-3.9951e-02,-4.8999e-02,-5.6869e-02,-6.3093e-02,-6.7223e-02,-6.8948e-02,-6.8171e-02,-6.5035e-02,-5.9885e-02,-5.3199e-02,-4.5498e-02,-3.7278e-02,-2.8948e-02,-2.0814e-02,-1.3063e-02,-5.7760e-03,1.0553e-03,7.5076e-03,1.3694e-02,1.9732e-02,2.5703e-02,3.1613e-02,3.7382e-02,4.2835e-02,4.7736e-02,5.1840e-02,5.4940e-02,5.6909e-02,5.7712e-02,5.7397e-02,5.6078e-02,5.3914e-02,5.1091e-02,4.7813e-02,4.4287e-02,4.0709e-02,3.7251e-02,3.4045e-02,3.1169e-02,2.8649e-02,2.6455e-02,2.4508e-02,2.2698e-02,2.0893e-02,1.8959e-02,1.6773e-02,1.4243e-02,1.1312e-02,7.9724e-03,4.2599e-03,2.5544e-04,-3.9251e-03,-8.1414e-03,-1.2241e-02,-1.6075e-02,-1.9507e-02,-2.2424e-02,-2.4740e-02,-2.6405e-02,-2.7396e-02,-2.7722e-02,-2.7416e-02
-9.5034e-02,-9.1518e-02,-8.7569e-02,-8.3149e-02,-7.8224e-02,-7.2762e-02,-6.6735e-02,-6.0120e-02,-5.2900e-02,-4.5064e-02,-3.6611e-02,-2.7547e-02,-1.7895e-02,-7.6967e-03,2.9768e-03,1.4016e-02,2.5266e-02,3.6515e-02,4.7500e-02,5.7909e-02,6.7403e-02,7.5629e-02,8.2247e-02,8.6944e-02,8.9453e-02,8.9573e-02,8.7187e-02,8.2285e-02,7.4988e-02,6.5565e-02,5.4429e-02,4.2100e-02,2.9149e-02,1.6103e-02,3.3719e-03,-8.8007e-03,-2.0316e-02,-3.1145e-02,-4.1221e-02,-5.0361e-02,-5.8238e-02,-6.4430e-02,-6.8521e-02,-7.0210e-02,-6.9402e-02,-6.6230e-02,-6.1033e-02,-5.4277e-02,-4.6477e-02,-3.8119e-02,-2.9609e-02,-2.1247e-02,-1.3217e-02,-5.6026e-03,1.6008e-03,8.4577e-03,1.5064e-02,2.1509e-02,2.7840e-02,3.4034e-02,3.9978e-02,4.5485e-02,5.0329e-02,5.4288e-02,5.7190e-02,5.8946e-02,5.9544e-02,5.9046e-02,5.7569e-02,5.5265e-02,5.2313e-02,4.8912e-02,4.5265e-02,4.1568e-02,3.7993e-02,3.4669e-02,3.1675e-02,2.9033e-02,2.6709e-02,2.4626e-02,2.2667e-02,2.0703e-02,1.8599e-02,1.6237e-02,1.3527e-02,1.0422e-02,6.9171e-03,3.0586e-03,-1.0663e-03,-5.3356e-03,-9.6046e-03,-1.3720e-02,-1.7531e-02,-2.0906e-02,-2.3734e-02,-2.5938e-02,-2.7472e-02,-2.8321e-02,-2.8501e-02,-2.8049e-02
-9.5159e-02,-9.1789e-02,-8.8006e-02,-8.3773e-02,-7.9056e-02,-7.3822e-02,-6.8047e-02,-6.1708e-02,-5.4793e-02,-4.7293e-02,-3.9208e-02,-3.0546e-02,-2.1325e-02,-1.1576e-02,-1.3475e-03,9.2837e-03,2.0203e-02,3.1250e-02,4.2206e-02,5.2800e-02,6.2713e-02,7.1593e-02,7.9073e-02,8.4797e-02,8.8432e-02,8.9700e-02,8.8399e-02,8.4434e-02,7.7844e-02,6.8834e-02,5.7778e-02,4.5201e-02,3.1719e-02,1.7951e-02,4.4213e-03,-8.5108e-03,-2.0656e-02,-3.1939e-02,-4.2293e-02,-5.1570e-02,-5.9491e-02,-6.5681e-02,-6.9757e-02,-7.1431e-02,-7.0607e-02,-6.7411e-02,-6.2169e-02,-5.5337e-02,-4.7422e-02,-3.8904e-02,-3.0184e-02,-2.1558e-02,-1.3213e-02,-5.2366e-03,2.3651e-03,9.6410e-03,1.6664e-02,2.3494e-02,3.0147e-02,3.6569e-02,4.2629e-02,4.8138e-02,5.2885e-02,5.6678e-02,5.9382e-02,6.0938e-02,6.1353e-02,6.0697e-02,5.9081e-02,5.6650e-02,5.3577e-02,5.0053e-02,4.6282e-02,4.2459e-02,3.8755e-02,3.5302e-02,3.2178e-02,2.9402e-02,2.6940e-02,2.4709e-02,2.2595e-02,2.0466e-02,1.8188e-02,1.5648e-02,1.2761e-02,9.4846e-03,5.8230e-03,1.8283e-03,-2.4045e-03,-6.7487e-03,-1.1055e-02,-1.5169e-02,-1.8941e-02,-2.2242e-02,-2.4967e-02,-2.7044e-02,-2.8433e-02,-2.9129e-02,-2.9153e-02,-2.8549e-02
-9.4504e-02,-9.1262e-02,-8.7630e-02,-8.3570e-02,-7.9049e-02,-7.4037e-02,-6.8508e-02,-6.2445e-02,-5.5836e-02,-4.8676e-02,-4.0970e-02,-3.2729e-02,-2.3970e-02,-1.4719e-02,-5.0124e-03,5.0986e-03,1.5535e-02,2.6181e-02,3.6872e-02,4.7386e-02,5.7444e-02,6.6715e-02,7.4830e-02,8.1404e-02,8.6057e-02,8.8444e-02,8.8279e-02,8.5377e-02,7.9689e-02,7.1334e-02,6.0625e-02,4.8061e-02,3.4277e-02,1.9963e-02,5.7474e-03,-7.8928e-03,-2.0666e-02,-3.2432e-02,-4.3107e-02,-5.2564e-02,-6.0569e-02,-6.6792e-02,-7.0881e-02,-7.2564e-02,-7.1743e-02,-6.8535e-02,-6.3252e-02,-5.6342e-02,-4.8300e-02,-3.9600e-02,-3.0642e-02,-2.1721e-02,-1.3030e-02,-4.6650e-03,3.3520e-03,1.1050e-02,1.8474e-02,2.5657e-02,3.2583e-02,3.9175e-02,4.5294e-02,5.0756e-02,5.5375e-02,5.8993e-02,6.1507e-02,6.2882e-02,6.3141e-02,6.2351e-02,6.0616e-02,5.8073e-02,5.4884e-02,5.1238e-02,4.7338e-02,4.3380e-02,3.9539e-02,3.5947e-02,3.2681e-02,2.9761e-02,2.7149e-02,2.4763e-02,2.2485e-02,2.0184e-02,1.7731e-02,1.5012e-02,1.1950e-02,8.5067e-03,4.6957e-03,5.7568e-04,-3.7528e-03,-8.1566e-03,-1.2484e-02,-1.6580e-02,-2.0296e-02,-2.3506e-02,-2.6111e-02,-2.8045e-02,-2.9278e-02,-2.9810e-02,-2.9669e-02,-2.8905e-02
-9.3160e-02,-9.0027e-02,-8.6527e-02,-8.2625e-02,-7.8287e-02,-7.3483e-02,-6.8191e-02,-6.2393e-02,-5.6080e-02,-4.9254e-02,-4.1921e-02,-3.4097e-02,-2.5805e-02,-1.7069e-02,-7.9195e-03,1.6049e-03,1.1454e-02,2.1551e-02,3.1782e-02,4.1981e-02,5.1921e-02,6.1311e-02,6.9804e-02,7.7009e-02,8.2518e-02,8.5929e-02,8.6886e-02,8.5116e-02,8.0473e-02,7.2980e-02,6.2868e-02,5.0580e-02,3.6744e-02,2.2090e-02,7.3332e-03,-6.9334e-03,-2.0308e-02,-3.2571e-02,-4.3603e-02,-5.3283e-02,-6.1415e-02,-6.7708e-02,-7.1841e-02,-7.3560e-02,-7.2763e-02,-6.9558e-02,-6.4244e-02,-5.7253e-02,-4.9075e-02,-4.0176e-02,-3.0956e-02,-2.1714e-02,-1.2653e-02,-3.8827e-03,4.5564e-03,1.2667e-02,2.0468e-02,2.7960e-02,3.5104e-02,4.1809e-02,4.7932e-02,5.3308e-02,5.7777e-02,6.1217e-02,6.3555e-02,6.4775e-02,6.4905e-02,6.4006e-02,6.2173e-02,5.9529e-02,5.6231e-02,5.2465e-02,4.8432e-02,4.4334e-02,4.0346e-02,3.6604e-02,3.3186e-02,3.0110e-02,2.7339e-02,2.4788e-02,2.2339e-02,1.9862e-02,1.7229e-02,1.4332e-02,1.1097e-02,7.4939e-03,3.5415e-03,-6.9327e-04,-5.1035e-03,-9.5515e-03,-1.3884e-02,-1.7943e-02,-2.1585e-02,-2.4687e-02,-2.7157e-02,-2.8935e-02,-2.9998e-02,-3.0354e-02,-3.0040e-02,-2.9108e-02
-9.1231e-02,-8.8186e-02,-8.4801e-02,-8.1038e-02,-7.6866e-02,-7.2255e-02,-6.7183e-02,-6.1635e-02,-5.5605e-02,-4.9094e-02,-4.2117e-02,-3.4694e-02,-2.6851e-02,-1.8619e-02,-1.0030e-02,-1.1154e-03,8.0908e-03,1.7542e-02,2.7168e-02,3.6858e-02,4.6444e-02,5.5693e-02,6.4296e-02,7.1884e-02,7.8039e-02,8.2327e-02,8.4330e-02,8.3697e-02,8.0185e-02,7.3715e-02,6.4420e-02,5.2664e-02,3.9032e-02,2.4265e-02,9.1445e-03,-5.6351e-03,-1.9560e-02,-3.2315e-02,-4.3729e-02,-5.3674e-02,-6.1974e-02,-6.8376e-02,-7.2589e-02,-7.4372e-02,-7.3624e-02,-7.0440e-02,-6.5104e-02,-5.8035e-02,-4.9713e-02,-4.0603e-02,-3.1103e-02,-2.1523e-02,-1.2076e-02,-2.8920e-03,5.9635e-03,1.4468e-02,2.2608e-02,3.0361e-02,3.7667e-02,4.4425e-02,5.0505e-02,5.5762e-02,6.0070e-02,6.3338e-02,6.5520e-02,6.6613e-02,6.6641e-02,6.5660e-02,6.3748e-02,6.1017e-02,5.7617e-02,5.3732e-02,4.9564e-02,4.5319e-02,4.1177e-02,3.7275e-02,3.3694e-02,3.0453e-02,2.7512e-02,2.4787e-02,2.2161e-02,1.9503e-02,1.6688e-02,1.3612e-02,1.0208e-02,6.4499e-03,2.3658e-03,-1.9716e-03,-6.4496e-03,-1.0926e-02,-1.5245e-02,-1.9251e-02,-2.2801e-02,-2.5778e-02,-2.8095e-02,-2.9702e-02,-3.0583e-02,-3.0754e-02,-3.0256e-02,-2.9151e-02
-8.8827e-02,-8.5854e-02,-8.2563e-02,-7.8922e-02,-7.4897e-02,-7.0461e-02,-6.5592e-02,-6.0275e-02,-5.4505e-02,-4.8289e-02,-4.1642e-02,-3.4590e-02,-2.7167e-02,-1.9410e-02,-1.1356e-02,-3.0393e-03,5.5129e-03,1.4272e-02,2.3202e-02,3.2239e-02,4.1278e-02,5.0149e-02,5.8603e-02,6.6312e-02,7.2875e-02,7.7844e-02,8.0763e-02,8.1210e-02,7.8855e-02,7.3517e-02,6.5218e-02,5.4224e-02,4.1050e-02,2.6414e-02,1.1132e-02,-4.0173e-03,-1.8411e-02,-3.1633e-02,-4.3444e-02,-5.3686e-02,-6.2196e-02,-6.8748e-02,-7.3078e-02,-7.4957e-02,-7.4284e-02,-7.1140e-02,-6.5794e-02,-5.8653e-02,-5.0186e-02,-4.0855e-02,-3.1065e-02,-2.1136e-02,-1.1298e-02,-1.7051e-03,7.5517e-03,1.6418e-02,2.4854e-02,3.2813e-02,4.0221e-02,4.6981e-02,5.2977e-02,5.8093e-02,6.2235e-02,6.5345e-02,6.7395e-02,6.8388e-02,6.8345e-02,6.7307e-02,6.5336e-02,6.2533e-02,5.9039e-02,5.5036e-02,5.0732e-02,4.6335e-02,4.2031e-02,3.7961e-02,3.4207e-02,3.0790e-02,2.7670e-02,2.4763e-02,2.1952e-02,1.9109e-02,1.6110e-02,1.2857e-02,9.2856e-03,5.3805e-03,1.1741e-03,-3.2540e-03,-7.7848e-03,-1.2273e-02,-1.6562e-02,-2.0495e-02,-2.3935e-02,-2.6769e-02,-2.8918e-02,-3.0339e-02,-3.1026e-02,-3.1000e-02,-3.0311e-02,-2.9027e-02
-8.6068e-02,-8.3146e-02,-7.9932e-02,-7.6394e-02,-7.2498e-02,-6.8218e-02,-6.3531e-02,-5.8424e-02,-5.2892e-02,-4.6944e-02,-4.0597e-02,-3.3883e-02,-2.6840e-02,-1.9515e-02,-1.1954e-02,-4.1954e-03,3.7273e-03,1.1794e-02,1.9988e-02,2.8286e-02,3.6635e-02,4.4933e-02,5.3002e-02,6.0574e-02,6.7289e-02,7.2712e-02,7.6367e-02,7.7783e-02,7.6553e-02,7.2397e-02,6.5224e-02,5.5189e-02,4.2711e-02,2.8453e-02,1.3231e-02,-2.1170e-03,-1.6871e-02,-3.0512e-02,-4.2714e-02,-5.3280e-02,-6.2038e-02,-6.8780e-02,-7.3264e-02,-7.5273e-02,-7.4702e-02,-7.1622e-02,-6.6282e-02,-5.9076e-02,-5.0467e-02,-4.0914e-02,-3.0832e-02,-2.0552e-02,-1.0329e-02,-3.4106e-04,9.2886e-03,1.8477e-02,2.7158e-02,3.5266e-02,4.2722e-02,4.9437e-02,5.5316e-02,6.0276e-02,6.4256e-02,6.7224e-02,6.9169e-02,7.0094e-02,7.0010e-02,6.8940e-02,6.6932e-02,6.4071e-02,6.0491e-02,5.6376e-02,5.1934e-02,4.7381e-02,4.2908e-02,3.8660e-02,3.4725e-02,3.1122e-02,2.7814e-02,2.4717e-02,2.1716e-02,1.8683e-02,1.5498e-02,1.2068e-02,8.3351e-03,4.2896e-03,-2.8990e-05,-4.5345e-03,-9.1029e-03,-1.3586e-02,-1.7826e-02,-2.1668e-02,-2.4979e-02,-2.7652e-02,-2.9617e-02,-3.0838e-02,-3.1317e-02,-3.1086e-02,-3.0199e-02,-2.8729e-02
-8.3070e-02,-8.0183e-02,-7.7029e-02,-7.3575e-02,-6.9789e-02,-6.5645e-02,-6.1119e-02,-5.6200e-02,-5.0883e-02,-4.5175e-02,-3.9098e-02,-3.2684e-02,-2.5979e-02,-1.9035e-02,-1.1910e-02,-4.6538e-03,2.6918e-03,1.0103e-02,1.7570e-02,2.5094e-02,3.2666e-02,4.0247e-02,4.7733e-02,5.4930e-02,6.1542e-02,6.7174e-02,7.1352e-02,7.3578e-02,7.3383e-02,7.0400e-02,6.4429e-02,5.5504e-02,4.3933e-02,3.0291e-02,1.5363e-02,1.1295e-05,-1.4967e-02,-2.8950e-02,-4.1523e-02,-5.2425e-02,-6.1464e-02,-6.8436e-02,-7.3112e-02,-7.5285e-02,-7.4846e-02,-7.1851e-02,-6.6536e-02,-5.9279e-02,-5.0534e-02,-4.0767e-02,-3.0397e-02,-1.9777e-02,-9.1852e-03,1.1705e-03,1.1137e-02,2.0600e-02,2.9472e-02,3.7673e-02,4.5125e-02,5.1754e-02,5.7492e-02,6.2289e-02,6.6117e-02,6.8966e-02,7.0834e-02,7.1722e-02,7.1626e-02,7.0551e-02,6.8525e-02,6.5621e-02,6.1968e-02,5.7745e-02,5.3166e-02,4.8454e-02,4.3807e-02,3.9375e-02,3.5248e-02,3.1450e-02,2.7946e-02,2.4651e-02,2.1453e-02,1.8226e-02,1.4855e-02,1.1249e-02,7.3593e-03,3.1810e-03,-1.2389e-03,-5.8080e-03,-1.0398e-02,-1.4859e-02,-1.9030e-02,-2.2763e-02,-2.5926e-02,-2.8421e-02,-3.0185e-02,-3.1193e-02,-3.1453e-02,-3.1006e-02,-2.9913e-02,-2.8252e-02
-7.9951e-02,-7.7084e-02,-7.3972e-02,-7.0585e-02,-6.6890e-02,-6.2862e-02,-5.8478e-02,-5.3724e-02,-4.8596e-02,-4.3102e-02,-3.7262e-02,-3.1112e-02,-2.4699e-02,-1.8086e-02,-1.1335e-02,-4.5140e-03,2.3245e-03,9.1440e-03,1.5932e-02,2.2697e-02,2.9462e-02,3.6237e-02,4.2990e-02,4.9611e-02,5.5882e-02,6.1470e-02,6.5936e-02,6.8775e-02,6.9478e-02,6.7604e-02,6.2854e-02,5.5141e-02,4.4648e-02,3.1843e-02,1.7442e-02,2.2966e-03,-1.2743e-02,-2.6968e-02,-3.9866e-02,-5.1103e-02,-6.0447e-02,-6.7684e-02,-7.2590e-02,-7.4962e-02,-7.4686e-02,-7.1803e-02,-6.6532e-02,-5.9240e-02,-5.0375e-02,-4.0406e-02,-2.9766e-02,-1.8827e-02,-7.8942e-03,2.7933e-03,1.3051e-02,2.2738e-02,3.1745e-02,3.9985e-02,4.7388e-02,5.3899e-02,5.9481e-02,6.4115e-02,6.7805e-02,7.0558e-02,7.2379e-02,7.3260e-02,7.3182e-02,7.2127e-02,7.0106e-02,6.7177e-02,6.3460e-02,5.9136e-02,5.4424e-02,4.9552e-02,4.4725e-02,4.0102e-02,3.5776e-02,3.1775e-02,2.8065e-02,2.4565e-02,2.1164e-02,1.7740e-02,1.4181e-02,1.0403e-02,6.3606e-03,2.0581e-03,-2.4516e-03,-7.0708e-03,-1.1666e-02,-1.6086e-02,-2.0170e-02,-2.3773e-02,-2.6771e-02,-2.9070e-02,-3.0618e-02,-3.1398e-02,-3.1428e-02,-3.0756e-02,-2.9451e-02,-2.7595e-02
-7.6822e-02,-7.3959e-02,-7.0875e-02,-6.7537e-02,-6.3916e-02,-5.9985e-02,-5.5722e-02,-5.1112e-02,-4.6151e-02,-4.0843e-02,-3.5210e-02,-2.9287e-02,-2.3125e-02,-1.6790e-02,-1.0354e-02,-3.8955e-03,2.5158e-03,8.8268e-03,1.5011e-02,2.1075e-02,2.7052e-02,3.2989e-02,3.8916e-02,4.4804e-02,5.0527e-02,5.5833e-02,6.0341e-02,6.3570e-02,6.4994e-02,6.4116e-02,6.0549e-02,5.4095e-02,4.4806e-02,3.3027e-02,1.9374e-02,4.6553e-03,-1.0263e-02,-2.4602e-02,-3.7757e-02,-4.9310e-02,-5.8972e-02,-6.6504e-02,-7.1676e-02,-7.4281e-02,-7.4199e-02,-7.1455e-02,-6.6252e-02,-5.8946e-02,-4.9983e-02,-3.9835e-02,-2.8951e-02,-1.7725e-02,-6.4898e-03,4.4839e-03,1.4981e-02,2.4836e-02,3.3925e-02,4.2157e-02,4.9474e-02,5.5843e-02,6.1260e-02,6.5739e-02,6.9307e-02,7.1989e-02,7.3791e-02,7.4694e-02,7.4662e-02,7.3654e-02,7.1660e-02,6.8724e-02,6.4959e-02,6.0543e-02,5.5701e-02,5.0669e-02,4.5660e-02,4.0839e-02,3.6306e-02,3.2094e-02,2.8172e-02,2.4460e-02,2.0851e-02,1.7226e-02,1.3479e-02,9.5302e-03,5.3415e-03,9.2342e-04,-3.6642e-03,-8.3181e-03,-1.2902e-02,-1.7262e-02,-2.1241e-02,-2.4695e-02,-2.7507e-02,-2.9594e-02,-3.0910e-02,-3.1449e-02,-3.1238e-02,-3.0334e-02,-2.8810e-02,-2.6754e-02
-7.3784e-02,-7.0913e-02,-6.7842e-02,-6.4538e-02,-6.0975e-02,-5.7123e-02,-5.2962e-02,-4.8475e-02,-4.3656e-02,-3.8510e-02,-3.3056e-02,-2.7327e-02,-2.1377e-02,-1.5272e-02,-9.0923e-03,-2.9263e-03,3.1397e-03,9.0343e-03,1.4710e-02,2.0158e-02,2.5410e-02,3.0531e-02,3.5595e-02,4.0648e-02,4.5657e-02,5.0467e-02,5.4779e-02,5.8162e-02,6.0100e-02,6.0063e-02,5.7593e-02,5.2389e-02,4.4379e-02,3.3774e-02,2.1068e-02,6.9924e-03,-7.6078e-03,-2.1910e-02,-3.5229e-02,-4.7058e-02,-5.7038e-02,-6.4887e-02,-7.0356e-02,-7.3229e-02,-7.3371e-02,-7.0795e-02,-6.5688e-02,-5.8395e-02,-4.9361e-02,-3.9066e-02,-2.7974e-02,-1.6503e-02,-5.0136e-03,6.1929e-03,1.6875e-02,2.6844e-02,3.5965e-02,4.4148e-02,5.1349e-02,5.7562e-02,6.2812e-02,6.7144e-02,7.0610e-02,7.3245e-02,7.5055e-02,7.6010e-02,7.6051e-02,7.5115e-02,7.3172e-02,7.0248e-02,6.6449e-02,6.1954e-02,5.6989e-02,5.1799e-02,4.6606e-02,4.1583e-02,3.6838e-02,3.2407e-02,2.8263e-02,2.4334e-02,2.0512e-02,1.6684e-02,1.2748e-02,8.6320e-03,4.3031e-03,-2.2082e-04,-4.8740e-03,-9.5478e-03,-1.4103e-02,-1.8384e-02,-2.2237e-02,-2.5524e-02,-2.8132e-02,-2.9989e-02,-3.1058e-02,-3.1344e-02,-3.0883e-02,-2.9738e-02,-2.7990e-02,-2.5732e-02
-7.0928e-02,-6.8039e-02,-6.4968e-02,-6.1686e-02,-5.8163e-02,-5.4374e-02,-5.0297e-02,-4.5913e-02,-4.1216e-02,-3.6209e-02,-3.0906e-02,-2.5343e-02,-1.9568e-02,-1.3650e-02,-7.6734e-03,-1.7348e-03,4.0657e-03,9.6363e-03,1.4907e-02,1.9846e-02,2.4467e-02,2.8837e-02,3.3057e-02,3.7231e-02,4.1412e-02,4.5550e-02,4.9446e-02,5.2747e-02,5.4974e-02,5.5590e-02,5.4085e-02,5.0072e-02,4.3362e-02,3.4031e-02,2.2439e-02,9.2082e-03,-4.8709e-03,-1.8967e-02,-3.2333e-02,-4.4376e-02,-5.4656e-02,-6.2835e-02,-6.8628e-02,-7.1800e-02,-7.2199e-02,-6.9821e-02,-6.4840e-02,-5.7591e-02,-4.8521e-02,-3.8119e-02,-2.6865e-02,-1.5201e-02,-3.5148e-03,7.8670e-03,1.8677e-02,2.8709e-02,3.7817e-02,4.5919e-02,5.2984e-02,5.9033e-02,6.4121e-02,6.8320e-02,7.1703e-02,7.4314e-02,7.6157e-02,7.7188e-02,7.7328e-02,7.6491e-02,7.4622e-02,7.1733e-02,6.7919e-02,6.3357e-02,5.8278e-02,5.2934e-02,4.7557e-02,4.2330e-02,3.7365e-02,3.2709e-02,2.8339e-02,2.4184e-02,2.0145e-02,1.6112e-02,1.1989e-02,7.7081e-03,3.2460e-03,-1.3740e-03,-6.0795e-03,-1.0758e-02,-1.5266e-02,-1.9450e-02,-2.3158e-02,-2.6257e-02,-2.8644e-02,-3.0254e-02,-3.1062e-02,-3.1083e-02,-3.0361e-02,-2.8969e-02,-2.6993e-02,-2.4529e-02
-6.8336e-02,-6.5418e-02,-6.2336e-02,-5.9063e-02,-5.5568e-02,-5.1826e-02,-4.7816e-02,-4.3518e-02,-3.8923e-02,-3.4032e-02,-2.8858e-02,-2.3432e-02,-1.7801e-02,-1.2033e-02,-6.2128e-03,-4.4329e-04,5.1639e-03,1.0500e-02,1.5470e-02,2.0013e-02,2.4119e-02,2.7839e-02,3.1281e-02,3.4586e-02,3.7882e-02,4.1218e-02,4.4511e-02,4.7507e-02,4.9792e-02,5.0850e-02,5.0143e-02,4.7215e-02,4.1774e-02,3.3767e-02,2.3412e-02,1.1204e-02,-2.1564e-03,-1.5864e-02,-2.9139e-02,-4.1311e-02,-5.1856e-02,-6.0364e-02,-6.6502e-02,-7.0001e-02,-7.0688e-02,-6.8541e-02,-6.3719e-02,-5.6552e-02,-4.7487e-02,-3.7025e-02,-2.5665e-02,-1.3869e-02,-2.0465e-03,9.4505e-03,2.0333e-02,3.0379e-02,3.9440e-02,4.7437e-02,5.4356e-02,6.0241e-02,6.5174e-02,6.9255e-02,7.2573e-02,7.5181e-02,7.7079e-02,7.8209e-02,7.8472e-02,7.7758e-02,7.5988e-02,7.3157e-02,6.9349e-02,6.4736e-02,5.9555e-02,5.4064e-02,4.8505e-02,4.3070e-02,3.7884e-02,3.2996e-02,2.8393e-02,2.4009e-02,1.9749e-02,1.5509e-02,1.1199e-02,6.7582e-03,2.1701e-03,-2.5356e-03,-7.2801e-03,-1.1947e-02,-1.6391e-02,-2.0458e-02,-2.4001e-02,-2.6894e-02,-2.9041e-02,-3.0388e-02,-3.0923e-02,-3.0666e-02,-2.9676e-02,-2.8030e-02,-2.5822e-02,-2.3150e-02
-6.6073e-02,-6.3119e-02,-6.0017e-02,-5.6740e-02,-5.3261e-02,-4.9554e-02,-4.5595e-02,-4.1366e-02,-3.6856e-02,-3.2062e-02,-2.6996e-02,-2.1683e-02,-1.6168e-02,-1.0517e-02,-4.8137e-03,8.3661e-04,6.3147e-03,1.1495e-02,1.6263e-02,2.0527e-02,2.4244e-02,2.7438e-02,3.0204e-02,3.2701e-02,3.5108e-02,3.7568e-02,4.0113e-02,4.2604e-02,4.4722e-02,4.6000e-02,4.5898e-02,4.3912e-02,3.9661e-02,3.2973e-02,2.3931e-02,1.2886e-02,4.2613e-04,-1.2709e-02,-2.5736e-02,-3.7931e-02,-4.8685e-02,-5.7507e-02,-6.4000e-02,-6.7852e-02,-6.8859e-02,-6.6976e-02,-6.2350e-02,-5.5305e-02,-4.6293e-02,-3.5827e-02,-2.4421e-02,-1.2558e-02,-6.6458e-04,1.0886e-02,2.1788e-02,3.1810e-02,4.0796e-02,4.8673e-02,5.5442e-02,6.1169e-02,6.5961e-02,6.9939e-02,7.3208e-02,7.5830e-02,7.7801e-02,7.9050e-02,7.9458e-02,7.8891e-02,7.7247e-02,7.4499e-02,7.0719e-02,6.6075e-02,6.0805e-02,5.5175e-02,4.9438e-02,4.3797e-02,3.8385e-02,3.3263e-02,2.8422e-02,2.3804e-02,1.9319e-02,1.4871e-02,1.0376e-02,5.7804e-03,1.0737e-03,-3.7063e-03,-8.4764e-03,-1.3115e-02,-1.7476e-02,-2.1408e-02,-2.4767e-02,-2.7434e-02,-2.9325e-02,-3.0394e-02,-3.0640e-02,-3.0098e-02,-2.8831e-02,-2.6926e-02,-2.4482e-02,-2.1602e-02
-6.4194e-02,-6.1197e-02,-5.8067e-02,-5.4779e-02,-5.1304e-02,-4.7618e-02,-4.3698e-02,-3.9523e-02,-3.5080e-02,-3.0366e-02,-2.5388e-02,-2.0168e-02,-1.4747e-02,-9.1845e-03,-3.5647e-03,2.0087e-03,7.4110e-03,1.2507e-02,1.7160e-02,2.1253e-02,2.4707e-02,2.7511e-02,2.9731e-02,3.1521e-02,3.3090e-02,3.4654e-02,3.6352e-02,3.8176e-02,3.9920e-02,4.1194e-02,4.1487e-02,4.0268e-02,3.7087e-02,3.1667e-02,2.3961e-02,1.4178e-02,2.7704e-03,-9.6157e-03,-2.2231e-02,-3.4322e-02,-4.5209e-02,-5.4312e-02,-6.1161e-02,-6.5385e-02,-6.6742e-02,-6.5160e-02,-6.0769e-02,-5.3890e-02,-4.4984e-02,-3.4574e-02,-2.3189e-02,-1.1327e-02,5.7005e-04,1.2116e-02,2.2992e-02,3.2956e-02,4.1850e-02,4.9603e-02,5.6228e-02,6.1809e-02,6.6473e-02,7.0362e-02,7.3597e-02,7.6246e-02,7.8304e-02,7.9688e-02,8.0261e-02,7.9864e-02,7.8370e-02,7.5732e-02,7.2005e-02,6.7352e-02,6.2010e-02,5.6254e-02,5.0345e-02,4.4500e-02,3.8862e-02,3.3501e-02,2.8418e-02,2.3562e-02,1.8851e-02,1.4195e-02,9.5172e-03,4.7717e-03,-4.5307e-05,-4.8888e-03,-9.6694e-03,-1.4263e-02,-1.8524e-02,-2.2302e-02,-2.5458e-02,-2.7881e-02,-2.9498e-02,-3.0275e-02,-3.0221e-02,-2.9382e-02,-2.7832e-02,-2.5664e-02,-2.2982e-02,-1.9892e-02
-6.2738e-02,-5.9694e-02,-5.6530e-02,-5.3222e-02,-4.9743e-02,-4.6068e-02,-4.2173e-02,-3.8039e-02,-3.3649e-02,-2.8999e-02,-2.4092e-02,-1.8947e-02,-1.3598e-02,-8.1024e-03,-2.5382e-03,2.9919e-03,8.3628e-03,1.3431e-02,1.8047e-02,2.2066e-02,2.5378e-02,2.7928e-02,2.9746e-02,3.0960e-02,3.1785e-02,3.2485e-02,3.3295e-02,3.4330e-02,3.5519e-02,3.6577e-02,3.7049e-02,3.6403e-02,3.4138e-02,2.9891e-02,2.3494e-02,1.5019e-02,4.7789e-03,-6.7012e-03,-1.8740e-02,-3.0588e-02,-4.1510e-02,-5.0847e-02,-5.8040e-02,-6.2650e-02,-6.4385e-02,-6.3138e-02,-5.9025e-02,-5.2362e-02,-4.3616e-02,-3.3325e-02,-2.2030e-02,-1.0237e-02,1.5988e-03,1.3085e-02,2.3895e-02,3.3778e-02,4.2572e-02,5.0206e-02,5.6699e-02,6.2150e-02,6.6703e-02,7.0517e-02,7.3729e-02,7.6413e-02,7.8567e-02,8.0098e-02,8.0851e-02,8.0644e-02,7.9327e-02,7.6826e-02,7.3181e-02,6.8542e-02,6.3149e-02,5.7281e-02,5.1211e-02,4.5165e-02,3.9302e-02,3.3701e-02,2.8374e-02,2.3278e-02,1.8340e-02,1.3476e-02,8.6182e-03,3.7281e-03,-1.1898e-03,-6.0845e-03,-1.0862e-02,-1.5395e-02,-1.9537e-02,-2.3141e-02,-2.6075e-02,-2.8238e-02,-2.9565e-02,-3.0035e-02,-2.9671e-02,-2.8528e-02,-2.6688e-02,-2.4253e-02,-2.1332e-02,-1.8031e-02
-6.1735e-02,-5.8639e-02,-5.5437e-02,-5.2102e-02,-4.8611e-02,-4.4938e-02,-4.1058e-02,-3.6953e-02,-3.2604e-02,-2.8003e-02,-2.3152e-02,-1.8065e-02,-1.2772e-02,-7.3231e-03,-1.7923e-03,3.7222e-03,9.0969e-03,1.4185e-02,1.8826e-02,2.2856e-02,2.6133e-02,2.8561e-02,3.0124e-02,3.0911e-02,3.1120e-02,3.1036e-02,3.0966e-02,3.1143e-02,3.1634e-02,3.2282e-02,3.2719e-02,3.2438e-02,3.0914e-02,2.7706e-02,2.2545e-02,1.5377e-02,6.3719e-03,-4.0769e-03,-1.5387e-02,-2.6846e-02,-3.7694e-02,-4.7196e-02,-5.4707e-02,-5.9709e-02,-6.1846e-02,-6.0972e-02,-5.7180e-02,-5.0783e-02,-4.2255e-02,-3.2146e-02,-2.1007e-02,-9.3520e-03,2.3627e-03,1.3741e-02,2.4453e-02,3.4242e-02,4.2937e-02,5.0464e-02,5.6845e-02,6.2187e-02,6.6645e-02,7.0396e-02,7.3591e-02,7.6315e-02,7.8568e-02,8.0252e-02,8.1198e-02,8.1201e-02,8.0085e-02,7.7750e-02,7.4215e-02,6.9620e-02,6.4199e-02,5.8237e-02,5.2017e-02,4.5779e-02,3.9693e-02,3.3853e-02,2.8281e-02,2.2944e-02,1.7777e-02,1.2707e-02,7.6733e-03,2.6454e-03,-2.3644e-03,-7.2984e-03,-1.2058e-02,-1.6513e-02,-2.0518e-02,-2.3931e-02,-2.6625e-02,-2.8509e-02,-2.9532e-02,-2.9684e-02,-2.8998e-02,-2.7543e-02,-2.5409e-02,-2.2704e-02,-1.9541e-02,-1.6030e-02
-6.1203e-02,-5.8054e-02,-5.4808e-02,-5.1442e-02,-4.7932e-02,-4.4252e-02,-4.0379e-02,-3.6291e-02,-3.1971e-02,-2.7407e-02,-2.2599e-02,-1.7556e-02,-1.2302e-02,-6.8846e-03,-1.3690e-03,4.1520e-03,9.5574e-03,1.4702e-02,1.9418e-02,2.3528e-02,2.6863e-02,2.9288e-02,3.0739e-02,3.1254e-02,3.0997e-02,3.0248e-02,2.9357e-02,2.8657e-02,2.8350e-02,2.8423e-02,2.8622e-02,2.8499e-02,2.7522e-02,2.5195e-02,2.1159e-02,1.5246e-02,7.4940e-03,-1.8396e-03,-1.2292e-02,-2.3222e-02,-3.3873e-02,-4.3459e-02,-5.1251e-02,-5.6640e-02,-5.9199e-02,-5.8733e-02,-5.5307e-02,-4.9227e-02,-4.0974e-02,-3.1108e-02,-2.0190e-02,-8.7343e-03,2.8050e-03,1.4035e-02,2.4626e-02,3.4314e-02,4.2921e-02,5.0363e-02,5.6658e-02,6.1912e-02,6.6294e-02,6.9994e-02,7.3175e-02,7.5938e-02,7.8287e-02,8.0125e-02,8.1271e-02,8.1500e-02,8.0608e-02,7.8468e-02,7.5076e-02,7.0555e-02,6.5133e-02,5.9099e-02,5.2744e-02,4.6324e-02,4.0021e-02,3.3944e-02,2.8128e-02,2.2550e-02,1.7156e-02,1.1882e-02,6.6762e-03,1.5176e-03,-3.5741e-03,-8.5350e-03,-1.3262e-02,-1.7623e-02,-2.1474e-02,-2.4676e-02,-2.7114e-02,-2.8704e-02,-2.9408e-02,-2.9229e-02,-2.8214e-02,-2.6440e-02,-2.4007e-02,-2.1030e-02,-1.7625e-02,-1.3904e-02
-6.1150e-02,-5.7946e-02,-5.4654e-02,-5.1254e-02,-4.7719e-02,-4.4025e-02,-4.0150e-02,-3.6070e-02,-3.1768e-02,-2.7230e-02,-2.2452e-02,-1.7439e-02,-1.2213e-02,-6.8120e-03,-1.2966e-03,4.2468e-03,9.7044e-03,1.4934e-02,1.9764e-02,2.4008e-02,2.7477e-02,3.0002e-02,3.1472e-02,3.1869e-02,3.1307e-02,3.0038e-02,2.8428e-02,2.6880e-02,2.5723e-02,2.5093e-02,2.4874e-02,2.4705e-02,2.4076e-02,2.2454e-02,1.9402e-02,1.4650e-02,8.1197e-03,-6.3837e-05,-9.5655e-03,-1.9842e-02,-3.0175e-02,-3.9753e-02,-4.7771e-02,-5.3533e-02,-5.6530e-02,-5.6505e-02,-5.3489e-02,-4.7777e-02,-3.9853e-02,-3.0287e-02,-1.9647e-02,-8.4454e-03,2.8721e-03,1.3922e-02,2.4377e-02,3.3969e-02,4.2505e-02,4.9890e-02,5.6128e-02,6.1323e-02,6.5647e-02,6.9302e-02,7.2470e-02,7.5265e-02,7.7704e-02,7.9692e-02,8.1040e-02,8.1506e-02,8.0859e-02,7.8944e-02,7.5727e-02,7.1313e-02,6.5921e-02,5.9839e-02,5.3370e-02,4.6780e-02,4.0269e-02,3.3960e-02,2.7902e-02,2.2085e-02,1.6466e-02,1.0992e-02,5.6202e-03,3.3855e-04,-4.8250e-03,-9.8000e-03,-1.4479e-02,-1.8730e-02,-2.2410e-02,-2.5385e-02,-2.7550e-02,-2.8831e-02,-2.9203e-02,-2.8684e-02,-2.7330e-02,-2.5232e-02,-2.2497e-02,-1.9247e-02,-1.5600e-02,-1.1669e-02
-6.1577e-02,-5.8317e-02,-5.4978e-02,-5.1539e-02,-4.7975e-02,-4.4262e-02,-4.0377e-02,-3.6297e-02,-3.2003e-02,-2.7480e-02,-2.2720e-02,-1.7727e-02,-1.2517e-02,-7.1201e-03,-1.5929e-03,3.9875e-03,9.5125e-03,1.4846e-02,1.9819e-02,2.4240e-02,2.7904e-02,3.0614e-02,3.2217e-02,3.2640e-02,3.1936e-02,3.0309e-02,2.8113e-02,2.5794e-02,2.3782e-02,2.2363e-02,2.1573e-02,2.1168e-02,2.0688e-02,1.9585e-02,1.7358e-02,1.3642e-02,8.2575e-03,1.2093e-03,-7.2934e-03,-1.6821e-02,-2.6725e-02,-3.6197e-02,-4.4379e-02,-5.0490e-02,-5.3932e-02,-5.4378e-02,-5.1815e-02,-4.6518e-02,-3.8973e-02,-2.9758e-02,-1.9446e-02,-8.5442e-03,2.5147e-03,1.3361e-02,2.3674e-02,3.3181e-02,4.1673e-02,4.9034e-02,5.5250e-02,6.0414e-02,6.4699e-02,6.8318e-02,7.1469e-02,7.4285e-02,7.6800e-02,7.8927e-02,8.0472e-02,8.1182e-02,8.0798e-02,7.9134e-02,7.6127e-02,7.1856e-02,6.6528e-02,6.0429e-02,5.3868e-02,4.7126e-02,4.0419e-02,3.3886e-02,2.7590e-02,2.1538e-02,1.5698e-02,1.0028e-02,4.4963e-03,-8.9977e-04,-6.1243e-03,-1.1101e-02,-1.5718e-02,-1.9842e-02,-2.3334e-02,-2.6067e-02,-2.7942e-02,-2.8901e-02,-2.8930e-02,-2.8061e-02,-2.6362e-02,-2.3935e-02,-2.0896e-02,-1.7371e-02,-1.3481e-02,-9.3408e-03
-6.2478e-02,-5.9162e-02,-5.5775e-02,-5.2294e-02,-4.8697e-02,-4.4960e-02,-4.1059e-02,-3.6971e-02,-3.2676e-02,-2.8158e-02,-2.3407e-02,-1.8423e-02,-1.3216e-02,-7.8139e-03,-2.2635e-03,3.3637e-03,8.9687e-03,1.4421e-02,1.9557e-02,2.4185e-02,2.8089e-02,3.1053e-02,3.2886e-02,3.3462e-02,3.2770e-02,3.0954e-02,2.8329e-02,2.5352e-02,2.2528e-02,2.0277e-02,1.8798e-02,1.7987e-02,1.7468e-02,1.6697e-02,1.5124e-02,1.2300e-02,7.9489e-03,1.9743e-03,-5.5311e-03,-1.4254e-02,-2.3638e-02,-3.2912e-02,-4.1191e-02,-4.7617e-02,-5.1506e-02,-5.2449e-02,-5.0376e-02,-4.5540e-02,-3.8419e-02,-2.9598e-02,-1.9653e-02,-9.0855e-03,1.6889e-03,1.2318e-02,2.2490e-02,3.1929e-02,4.0408e-02,4.7783e-02,5.4017e-02,5.9182e-02,6.3449e-02,6.7038e-02,7.0166e-02,7.2988e-02,7.5558e-02,7.7805e-02,7.9539e-02,8.0492e-02,8.0386e-02,7.8999e-02,7.6235e-02,7.2146e-02,6.6919e-02,6.0836e-02,5.4211e-02,4.7338e-02,4.0449e-02,3.3702e-02,2.7177e-02,2.0896e-02,1.4840e-02,8.9805e-03,3.2964e-03,-2.2051e-03,-7.4799e-03,-1.2445e-02,-1.6986e-02,-2.0968e-02,-2.4257e-02,-2.6732e-02,-2.8304e-02,-2.8928e-02,-2.8603e-02,-2.7376e-02,-2.5327e-02,-2.2568e-02,-1.9223e-02,-1.5422e-02,-1.1289e-02,-6.9402e-03
-6.3843e-02,-6.0472e-02,-5.7035e-02,-5.3512e-02,-4.9879e-02,-4.6112e-02,-4.2189e-02,-3.8086e-02,-3.3782e-02,-2.9260e-02,-2.4508e-02,-1.9522e-02,-1.4309e-02,-8.8908e-03,-3.3083e-03,2.3749e-03,8.0687e-03,1.3650e-02,1.8964e-02,2.3818e-02,2.7997e-02,3.1266e-02,3.3406e-02,3.4244e-02,3.3706e-02,3.1864e-02,2.8979e-02,2.5487e-02,2.1936e-02,1.8858e-02,1.6609e-02,1.5250e-02,1.4514e-02,1.3895e-02,1.2803e-02,1.0716e-02,7.2648e-03,2.2637e-03,-4.2930e-03,-1.2202e-02,-2.1010e-02,-3.0010e-02,-3.8318e-02,-4.5022e-02,-4.9351e-02,-5.0811e-02,-4.9267e-02,-4.4930e-02,-3.8272e-02,-2.9880e-02,-2.0331e-02,-1.0121e-02,3.5356e-04,1.0760e-02,2.0800e-02,3.0194e-02,3.8697e-02,4.6129e-02,5.2421e-02,5.7622e-02,6.1892e-02,6.5458e-02,6.8555e-02,7.1364e-02,7.3965e-02,7.6308e-02,7.8212e-02,7.9403e-02,7.9582e-02,7.8495e-02,7.6008e-02,7.2139e-02,6.7054e-02,6.1025e-02,5.4367e-02,4.7388e-02,4.0338e-02,3.3391e-02,2.6647e-02,2.0144e-02,1.3880e-02,7.8384e-03,2.0101e-03,-3.5870e-03,-8.9003e-03,-1.3842e-02,-1.8292e-02,-2.2119e-02,-2.5189e-02,-2.7391e-02,-2.8648e-02,-2.8926e-02,-2.8239e-02,-2.6646e-02,-2.4243e-02,-2.1149e-02,-1.7496e-02,-1.3419e-02,-9.0446e-03,-4.4863e-03
-6.5658e-02,-6.2233e-02,-5.8747e-02,-5.5179e-02,-5.1506e-02,-4.7707e-02,-4.3756e-02,-3.9631e-02,-3.5311e-02,-3.0776e-02,-2.6013e-02,-2.1016e-02,-1.5787e-02,-1.0344e-02,-4.7201e-03,1.0277e-03,6.8172e-03,1.2536e-02,1.8035e-02,2.3130e-02,2.7604e-02,3.1217e-02,3.3723e-02,3.4913e-02,3.4650e-02,3.2938e-02,2.9964e-02,2.6117e-02,2.1959e-02,1.8100e-02,1.5045e-02,1.3025e-02,1.1915e-02,1.1275e-02,1.0499e-02,8.9930e-03,6.2991e-03,2.1462e-03,-3.5525e-03,-1.0686e-02,-1.8903e-02,-2.7579e-02,-3.5859e-02,-4.2803e-02,-4.7562e-02,-4.9555e-02,-4.8570e-02,-4.4771e-02,-3.8608e-02,-3.0670e-02,-2.1535e-02,-1.1693e-02,-1.5252e-03,8.6614e-03,1.8584e-02,2.7961e-02,3.6525e-02,4.4059e-02,5.0455e-02,5.5730e-02,6.0029e-02,6.3579e-02,6.6636e-02,6.9409e-02,7.2011e-02,7.4417e-02,7.6465e-02,7.7880e-02,7.8346e-02,7.7576e-02,7.5398e-02,7.1790e-02,6.6890e-02,6.0955e-02,5.4304e-02,4.7249e-02,4.0060e-02,3.2931e-02,2.5982e-02,1.9269e-02,1.2806e-02,6.5904e-03,6.2774e-04,-5.0548e-03,-1.0396e-02,-1.5300e-02,-1.9647e-02,-2.3303e-02,-2.6142e-02,-2.8060e-02,-2.8989e-02,-2.8912e-02,-2.7855e-02,-2.5893e-02,-2.3131e-02,-1.9700e-02,-1.5739e-02,-1.1385e-02,-6.7683e-03,-2.0012e-03
-6.7906e-02,-6.4428e-02,-6.0893e-02,-5.7279e-02,-5.3566e-02,-4.9729e-02,-4.5746e-02,-4.1594e-02,-3.7250e-02,-3.2694e-02,-2.7911e-02,-2.2892e-02,-1.7638e-02,-1.2160e-02,-6.4872e-03,-6.6843e-04,5.2236e-03,1.1084e-02,1.6774e-02,2.2117e-02,2.6901e-02,3.0881e-02,3.3799e-02,3.5409e-02,3.5526e-02,3.4081e-02,3.1182e-02,2.7153e-02,2.2532e-02,1.7979e-02,1.4121e-02,1.1363e-02,9.7444e-03,8.9258e-03,8.3101e-03,7.2378e-03,5.1593e-03,1.7186e-03,-3.2404e-03,-9.6804e-03,-1.7336e-02,-2.5672e-02,-3.3889e-02,-4.1039e-02,-4.6218e-02,-4.8757e-02,-4.8360e-02,-4.5132e-02,-3.9493e-02,-3.2026e-02,-2.3314e-02,-1.3842e-02,-3.9754e-03,6.0021e-03,1.5826e-02,2.5215e-02,3.3879e-02,4.1564e-02,4.8111e-02,5.3500e-02,5.7854e-02,6.1399e-02,6.4407e-02,6.7120e-02,6.9688e-02,7.2120e-02,7.4278e-02,7.5896e-02,7.6641e-02,7.6201e-02,7.4359e-02,7.1051e-02,6.6383e-02,6.0589e-02,5.3982e-02,4.6887e-02,3.9588e-02,3.2300e-02,2.5163e-02,1.8253e-02,1.1602e-02,5.2244e-03,-8.6270e-04,-6.6194e-03,-1.1976e-02,-1.6831e-02,-2.1062e-02,-2.4536e-02,-2.7131e-02,-2.8752e-02,-2.9345e-02,-2.8904e-02,-2.7472e-02,-2.5136e-02,-2.2013e-02,-1.8244e-02,-1.3973e-02,-9.3436e-03,-4.4844e-03,4.9266e-04
-7.0568e-02,-6.7039e-02,-6.3456e-02,-5.9796e-02,-5.6039e-02,-5.2163e-02,-4.8143e-02,-4.3957e-02,-3.9582e-02,-3.4997e-02,-3.0186e-02,-2.5138e-02,-1.9849e-02,-1.4327e-02,-8.5966e-03,-2.6991e-03,3.3002e-03,9.3065e-03,1.5191e-02,2.0787e-02,2.5887e-02,3.0250e-02,3.3608e-02,3.5691e-02,3.6271e-02,3.5211e-02,3.2539e-02,2.8499e-02,2.3578e-02,1.8448e-02,1.3832e-02,1.0297e-02,8.0635e-03,6.9244e-03,6.3224e-03,5.5487e-03,3.9565e-03,1.0969e-03,-3.2543e-03,-9.1133e-03,-1.6281e-02,-2.4304e-02,-3.2447e-02,-3.9787e-02,-4.5379e-02,-4.8477e-02,-4.8697e-02,-4.6071e-02,-4.0981e-02,-3.3998e-02,-2.5710e-02,-1.6600e-02,-7.0210e-03,2.7643e-03,1.2512e-02,2.1944e-02,3.0749e-02,3.8631e-02,4.5379e-02,5.0927e-02,5.5366e-02,5.8918e-02,6.1871e-02,6.4500e-02,6.6996e-02,6.9410e-02,7.1636e-02,7.3423e-02,7.4434e-02,7.4327e-02,7.2844e-02,6.9875e-02,6.5484e-02,5.9879e-02,5.3365e-02,4.6270e-02,3.8894e-02,3.1473e-02,2.4169e-02,1.7079e-02,1.0255e-02,3.7273e-03,-2.4720e-03,-8.2911e-03,-1.3652e-02,-1.8446e-02,-2.2548e-02,-2.5829e-02,-2.8169e-02,-2.9485e-02,-2.9734e-02,-2.8923e-02,-2.7112e-02,-2.4398e-02,-2.0913e-02,-1.6805e-02,-1.2225e-02,-7.3195e-03,-2.2168e-03,2.9712e-03
-7.3626e-02,-7.0049e-02,-6.6416e-02,-6.2710e-02,-5.8909e-02,-5.4990e-02,-5.0930e-02,-4.6705e-02,-4.2292e-02,-3.7671e-02,-3.2823e-02,-2.7736e-02,-2.2403e-02,-1.6829e-02,-1.1033e-02,-5.0495e-03,1.0627e-03,7.2182e-03,1.3299e-02,1.9148e-02,2.4568e-02,2.9320e-02,3.3136e-02,3.5729e-02,3.6834e-02,3.6258e-02,3.3947e-02,3.0060e-02,2.5009e-02,1.9446e-02,1.4153e-02,9.8397e-03,6.9138e-03,5.3314e-03,4.6112e-03,4.0146e-03,2.7973e-03,4.0286e-04,-3.4677e-03,-8.8743e-03,-1.5662e-02,-2.3436e-02,-3.1533e-02,-3.9065e-02,-4.5074e-02,-4.8748e-02,-4.9614e-02,-4.7624e-02,-4.3109e-02,-3.6621e-02,-2.8751e-02,-1.9989e-02,-1.0679e-02,-1.0642e-03,8.6313e-03,1.8137e-02,2.7123e-02,3.5249e-02,4.2249e-02,4.8001e-02,5.2561e-02,5.6138e-02,5.9033e-02,6.1554e-02,6.3938e-02,6.6285e-02,6.8529e-02,7.0444e-02,7.1694e-02,7.1915e-02,7.0808e-02,6.8212e-02,6.4144e-02,5.8781e-02,5.2410e-02,4.5361e-02,3.7947e-02,3.0424e-02,2.2978e-02,1.5729e-02,8.7489e-03,2.0857e-03,-4.2125e-03,-1.0082e-02,-1.5434e-02,-2.0157e-02,-2.4120e-02,-2.7196e-02,-2.9274e-02,-3.0276e-02,-3.0175e-02,-2.8991e-02,-2.6796e-02,-2.3704e-02,-1.9857e-02,-1.5410e-02,-1.0521e-02,-5.3373e-03,9.1568e-06,5.4100e-03
-7.7060e-02,-7.3435e-02,-6.9756e-02,-6.6004e-02,-6.2157e-02,-5.8192e-02,-5.4087e-02,-4.9819e-02,-4.5363e-02,-4.0698e-02,-3.5806e-02,-3.0671e-02,-2.5285e-02,-1.9650e-02,-1.3780e-02,-7.7037e-03,-1.4735e-03,4.8347e-03,1.1112e-02,1.7214e-02,2.2951e-02,2.8096e-02,3.2378e-02,3.5503e-02,3.7179e-02,3.7164e-02,3.5332e-02,3.1747e-02,2.6736e-02,2.0900e-02,1.5042e-02,9.9852e-03,6.3221e-03,4.1952e-03,3.2368e-03,2.7082e-03,1.7739e-03,-2.4695e-04,-3.7452e-03,-8.8261e-03,-1.5358e-02,-2.2984e-02,-3.1095e-02,-3.8852e-02,-4.5299e-02,-4.9575e-02,-5.1122e-02,-4.9805e-02,-4.5893e-02,-3.9913e-02,-3.2458e-02,-2.4025e-02,-1.4960e-02,-5.4917e-03,4.1774e-03,1.3786e-02,2.2990e-02,3.1406e-02,3.8709e-02,4.4715e-02,4.9436e-02,5.3061e-02,5.5898e-02,5.8291e-02,6.0523e-02,6.2749e-02,6.4954e-02,6.6945e-02,6.8397e-02,6.8931e-02,6.8207e-02,6.6014e-02,6.2314e-02,5.7246e-02,5.1073e-02,4.4120e-02,3.6712e-02,2.9126e-02,2.1568e-02,1.4184e-02,7.0671e-03,2.8563e-04,-6.0970e-03,-1.2004e-02,-1.7337e-02,-2.1976e-02,-2.5791e-02,-2.8655e-02,-3.0462e-02,-3.1146e-02,-3.0690e-02,-2.9129e-02,-2.6551e-02,-2.3080e-02,-1.8869e-02,-1.4084e-02,-8.8854e-03,-3.4247e-03,2.1671e-03,7.7829e-03
