-1.2515e-01,-1.3953e-01,-1.3661e-01,-1.2535e-01,-1.1346e-01,-1.0432e-01,-9.8201e-02,-9.4166e-02,-9.1238e-02,-8.8789e-02,-8.6523e-02,-8.4346e-02,-8.2249e-02,-8.0243e-02,-7.8329e-02,-7.6491e-02,-7.4708e-02,-7.2956e-02,-7.1217e-02,-6.9480e-02,-6.7740e-02,-6.6002e-02,-6.4273e-02,-6.2564e-02,-6.0888e-02,-5.9257e-02,-5.7685e-02,-5.6181e-02,-5.4757e-02,-5.3420e-02,-5.2176e-02,-5.1029e-02,-4.9983e-02,-4.9040e-02,-4.8198e-02,-4.7458e-02,-4.6817e-02,-4.6273e-02,-4.5822e-02,-4.5462e-02,-4.5188e-02,-4.4997e-02,-4.4884e-02,-4.4845e-02,-4.4875e-02,-4.4973e-02,-4.5134e-02,-4.5355e-02,-4.5633e-02,-4.5967e-02,-4.6355e-02,-4.6796e-02,-4.7289e-02,-4.7833e-02,-4.8430e-02,-4.9079e-02,-4.9783e-02,-5.0542e-02,-5.1360e-02,-5.2236e-02,-5.3176e-02,-5.4180e-02,-5.5252e-02,-5.6394e-02,-5.7610e-02,-5.8902e-02,-6.0273e-02,-6.1724e-02,-6.3259e-02,-6.4878e-02,-6.6581e-02,-6.8371e-02,-7.0246e-02,-7.2205e-02,-7.4247e-02,-7.6368e-02,-7.8565e-02,-8.0833e-02,-8.3168e-02,-8.5561e-02,-8.8006e-02,-9.0495e-02,-9.3017e-02,-9.5563e-02,-9.8123e-02,-1.0068e-01,-1.0324e-01,-1.0576e-01,-1.0826e-01,-1.1071e-01,-1.1310e-01,-1.1542e-01,-1.1765e-01,-1.1980e-01,-1.2184e-01,-1.2376e-01,-1.2557e-01,-1.2725e-01,-1.2880e-01,-1.3020e-01
-1.0590e-01,-1.3794e-01,-1.4902e-01,-1.4325e-01,-1.3073e-01,-1.1885e-01,-1.1013e-01,-1.0428e-01,-1.0020e-01,-9.7008e-02,-9.4229e-02,-9.1670e-02,-8.9285e-02,-8.7073e-02,-8.5027e-02,-8.3127e-02,-8.1338e-02,-7.9622e-02,-7.7947e-02,-7.6286e-02,-7.4626e-02,-7.2959e-02,-7.1288e-02,-6.9618e-02,-6.7960e-02,-6.6325e-02,-6.4727e-02,-6.3178e-02,-6.1688e-02,-6.0267e-02,-5.8924e-02,-5.7665e-02,-5.6496e-02,-5.5419e-02,-5.4437e-02,-5.3550e-02,-5.2759e-02,-5.2062e-02,-5.1456e-02,-5.0940e-02,-5.0509e-02,-5.0161e-02,-4.9892e-02,-4.9698e-02,-4.9575e-02,-4.9521e-02,-4.9529e-02,-4.9600e-02,-4.9730e-02,-4.9916e-02,-5.0156e-02,-5.0450e-02,-5.0796e-02,-5.1195e-02,-5.1646e-02,-5.2149e-02,-5.2706e-02,-5.3319e-02,-5.3988e-02,-5.4716e-02,-5.5505e-02,-5.6358e-02,-5.7276e-02,-5.8263e-02,-5.9321e-02,-6.0452e-02,-6.1659e-02,-6.2943e-02,-6.4305e-02,-6.5748e-02,-6.7271e-02,-6.8875e-02,-7.0558e-02,-7.2319e-02,-7.4156e-02,-7.6064e-02,-7.8042e-02,-8.0083e-02,-8.2181e-02,-8.4330e-02,-8.6521e-02,-8.8748e-02,-9.0999e-02,-9.3266e-02,-9.5537e-02,-9.7803e-02,-1.0005e-01,-1.0227e-01,-1.0445e-01,-1.0657e-01,-1.0864e-01,-1.1062e-01,-1.1253e-01,-1.1434e-01,-1.1604e-01,-1.1764e-01,-1.1912e-01,-1.2047e-01,-1.2170e-01,-1.2279e-01
-7.7524e-02,-1.2316e-01,-1.5339e-01,-1.6181e-01,-1.5380e-01,-1.4038e-01,-1.2852e-01,-1.1999e-01,-1.1407e-01,-1.0963e-01,-1.0591e-01,-1.0255e-01,-9.9460e-02,-9.6622e-02,-9.4044e-02,-9.1711e-02,-8.9584e-02,-8.7616e-02,-8.5757e-02,-8.3966e-02,-8.2209e-02,-8.0468e-02,-7.8731e-02,-7.6996e-02,-7.5266e-02,-7.3550e-02,-7.1858e-02,-7.0200e-02,-6.8589e-02,-6.7034e-02,-6.5545e-02,-6.4131e-02,-6.2799e-02,-6.1553e-02,-6.0399e-02,-5.9337e-02,-5.8369e-02,-5.7495e-02,-5.6714e-02,-5.6025e-02,-5.5424e-02,-5.4909e-02,-5.4476e-02,-5.4122e-02,-5.3842e-02,-5.3635e-02,-5.3495e-02,-5.3420e-02,-5.3406e-02,-5.3452e-02,-5.3556e-02,-5.3714e-02,-5.3927e-02,-5.4193e-02,-5.4513e-02,-5.4886e-02,-5.5314e-02,-5.5796e-02,-5.6335e-02,-5.6932e-02,-5.7588e-02,-5.8307e-02,-5.9089e-02,-5.9938e-02,-6.0855e-02,-6.1841e-02,-6.2900e-02,-6.4031e-02,-6.5236e-02,-6.6516e-02,-6.7871e-02,-6.9299e-02,-7.0800e-02,-7.2371e-02,-7.4010e-02,-7.5713e-02,-7.7475e-02,-7.9291e-02,-8.1155e-02,-8.3059e-02,-8.4996e-02,-8.6958e-02,-8.8934e-02,-9.0916e-02,-9.2893e-02,-9.4855e-02,-9.6789e-02,-9.8687e-02,-1.0054e-01,-1.0233e-01,-1.0405e-01,-1.0570e-01,-1.0725e-01,-1.0871e-01,-1.1007e-01,-1.1132e-01,-1.1245e-01,-1.1346e-01,-1.1435e-01,-1.1511e-01
-4.8928e-02,-9.8688e-02,-1.4325e-01,-1.7211e-01,-1.7827e-01,-1.6836e-01,-1.5419e-01,-1.4222e-01,-1.3358e-01,-1.2724e-01,-1.2209e-01,-1.1751e-01,-1.1328e-01,-1.0938e-01,-1.0583e-01,-1.0263e-01,-9.9776e-02,-9.7203e-02,-9.4854e-02,-9.2668e-02,-9.0594e-02,-8.8591e-02,-8.6632e-02,-8.4701e-02,-8.2790e-02,-8.0899e-02,-7.9032e-02,-7.7197e-02,-7.5403e-02,-7.3660e-02,-7.1978e-02,-7.0366e-02,-6.8832e-02,-6.7383e-02,-6.6023e-02,-6.4758e-02,-6.3589e-02,-6.2517e-02,-6.1542e-02,-6.0664e-02,-5.9879e-02,-5.9186e-02,-5.8581e-02,-5.8062e-02,-5.7623e-02,-5.7262e-02,-5.6975e-02,-5.6757e-02,-5.6607e-02,-5.6520e-02,-5.6495e-02,-5.6528e-02,-5.6619e-02,-5.6766e-02,-5.6968e-02,-5.7226e-02,-5.7538e-02,-5.7906e-02,-5.8331e-02,-5.8812e-02,-5.9353e-02,-5.9954e-02,-6.0617e-02,-6.1343e-02,-6.2135e-02,-6.2992e-02,-6.3917e-02,-6.4911e-02,-6.5972e-02,-6.7102e-02,-6.8300e-02,-6.9564e-02,-7.0893e-02,-7.2283e-02,-7.3732e-02,-7.5235e-02,-7.6787e-02,-7.8383e-02,-8.0015e-02,-8.1677e-02,-8.3360e-02,-8.5056e-02,-8.6756e-02,-8.8450e-02,-9.0128e-02,-9.1780e-02,-9.3396e-02,-9.4966e-02,-9.6480e-02,-9.7928e-02,-9.9301e-02,-1.0059e-01,-1.0179e-01,-1.0289e-01,-1.0388e-01,-1.0477e-01,-1.0554e-01,-1.0619e-01,-1.0673e-01,-1.0714e-01
-2.6982e-02,-7.4599e-02,-1.2257e-01,-1.6638e-01,-1.9413e-01,-1.9818e-01,-1.8653e-01,-1.7160e-01,-1.5932e-01,-1.5020e-01,-1.4305e-01,-1.3683e-01,-1.3110e-01,-1.2573e-01,-1.2078e-01,-1.1630e-01,-1.1229e-01,-1.0871e-01,-1.0552e-01,-1.0263e-01,-9.9968e-02,-9.7477e-02,-9.5104e-02,-9.2817e-02,-9.0590e-02,-8.8411e-02,-8.6275e-02,-8.4183e-02,-8.2138e-02,-8.0149e-02,-7.8222e-02,-7.6368e-02,-7.4593e-02,-7.2905e-02,-7.1311e-02,-6.9815e-02,-6.8421e-02,-6.7129e-02,-6.5942e-02,-6.4859e-02,-6.3878e-02,-6.2996e-02,-6.2211e-02,-6.1520e-02,-6.0917e-02,-6.0401e-02,-5.9965e-02,-5.9607e-02,-5.9322e-02,-5.9107e-02,-5.8959e-02,-5.8875e-02,-5.8852e-02,-5.8889e-02,-5.8985e-02,-5.9137e-02,-5.9347e-02,-5.9614e-02,-5.9937e-02,-6.0318e-02,-6.0757e-02,-6.1254e-02,-6.1812e-02,-6.2430e-02,-6.3110e-02,-6.3852e-02,-6.4656e-02,-6.5524e-02,-6.6454e-02,-6.7446e-02,-6.8498e-02,-6.9607e-02,-7.0774e-02,-7.1992e-02,-7.3259e-02,-7.4568e-02,-7.5917e-02,-7.7297e-02,-7.8701e-02,-8.0123e-02,-8.1555e-02,-8.2986e-02,-8.4410e-02,-8.5815e-02,-8.7192e-02,-8.8532e-02,-8.9826e-02,-9.1063e-02,-9.2236e-02,-9.3334e-02,-9.4351e-02,-9.5278e-02,-9.6110e-02,-9.6840e-02,-9.7463e-02,-9.7976e-02,-9.8376e-02,-9.8662e-02,-9.8831e-02,-9.8885e-02
-1.3276e-02,-5.7544e-02,-1.0245e-01,-1.4893e-01,-1.9224e-01,-2.1890e-01,-2.2081e-01,-2.0744e-01,-1.9168e-01,-1.7880e-01,-1.6884e-01,-1.6052e-01,-1.5297e-01,-1.4586e-01,-1.3918e-01,-1.3303e-01,-1.2747e-01,-1.2251e-01,-1.1810e-01,-1.1416e-01,-1.1061e-01,-1.0736e-01,-1.0435e-01,-1.0152e-01,-9.8812e-02,-9.6212e-02,-9.3695e-02,-9.1251e-02,-8.8878e-02,-8.6575e-02,-8.4349e-02,-8.2203e-02,-8.0147e-02,-7.8186e-02,-7.6326e-02,-7.4571e-02,-7.2927e-02,-7.1395e-02,-6.9977e-02,-6.8672e-02,-6.7479e-02,-6.6397e-02,-6.5421e-02,-6.4549e-02,-6.3777e-02,-6.3099e-02,-6.2512e-02,-6.2010e-02,-6.1590e-02,-6.1248e-02,-6.0979e-02,-6.0781e-02,-6.0649e-02,-6.0582e-02,-6.0577e-02,-6.0633e-02,-6.0748e-02,-6.0921e-02,-6.1153e-02,-6.1442e-02,-6.1789e-02,-6.2193e-02,-6.2656e-02,-6.3177e-02,-6.3756e-02,-6.4393e-02,-6.5088e-02,-6.5840e-02,-6.6648e-02,-6.7511e-02,-6.8426e-02,-6.9391e-02,-7.0402e-02,-7.1455e-02,-7.2547e-02,-7.3670e-02,-7.4820e-02,-7.5989e-02,-7.7171e-02,-7.8357e-02,-7.9538e-02,-8.0708e-02,-8.1855e-02,-8.2972e-02,-8.4049e-02,-8.5077e-02,-8.6047e-02,-8.6950e-02,-8.7779e-02,-8.8524e-02,-8.9181e-02,-8.9742e-02,-9.0202e-02,-9.0557e-02,-9.0803e-02,-9.0937e-02,-9.0959e-02,-9.0868e-02,-9.0665e-02,-9.0351e-02
-6.4241e-03,-4.8062e-02,-8.9171e-02,-1.3175e-01,-1.7709e-01,-2.1999e-01,-2.4540e-01,-2.4504e-01,-2.2995e-01,-2.1321e-01,-1.9947e-01,-1.8838e-01,-1.7869e-01,-1.6966e-01,-1.6108e-01,-1.5302e-01,-1.4561e-01,-1.3891e-01,-1.3293e-01,-1.2760e-01,-1.2284e-01,-1.1855e-01,-1.1465e-01,-1.1105e-01,-1.0768e-01,-1.0450e-01,-1.0147e-01,-9.8570e-02,-9.5775e-02,-9.3084e-02,-9.0494e-02,-8.8005e-02,-8.5621e-02,-8.3346e-02,-8.1186e-02,-7.9145e-02,-7.7226e-02,-7.5430e-02,-7.3760e-02,-7.2216e-02,-7.0796e-02,-6.9498e-02,-6.8318e-02,-6.7254e-02,-6.6300e-02,-6.5453e-02,-6.4706e-02,-6.4055e-02,-6.3496e-02,-6.3022e-02,-6.2630e-02,-6.2315e-02,-6.2074e-02,-6.1903e-02,-6.1799e-02,-6.1760e-02,-6.1783e-02,-6.1868e-02,-6.2012e-02,-6.2215e-02,-6.2475e-02,-6.2792e-02,-6.3166e-02,-6.3596e-02,-6.4081e-02,-6.4620e-02,-6.5212e-02,-6.5856e-02,-6.6549e-02,-6.7289e-02,-6.8074e-02,-6.8900e-02,-6.9762e-02,-7.0657e-02,-7.1578e-02,-7.2520e-02,-7.3476e-02,-7.4439e-02,-7.5401e-02,-7.6354e-02,-7.7290e-02,-7.8200e-02,-7.9075e-02,-7.9906e-02,-8.0685e-02,-8.1402e-02,-8.2049e-02,-8.2618e-02,-8.3103e-02,-8.3496e-02,-8.3791e-02,-8.3984e-02,-8.4071e-02,-8.4047e-02,-8.3912e-02,-8.3665e-02,-8.3305e-02,-8.2832e-02,-8.2251e-02,-8.1563e-02
-4.5093e-03,-4.4021e-02,-8.2377e-02,-1.2082e-01,-1.6157e-01,-2.0601e-01,-2.4845e-01,-2.7235e-01,-2.6962e-01,-2.5282e-01,-2.3503e-01,-2.2025e-01,-2.0788e-01,-1.9674e-01,-1.8621e-01,-1.7619e-01,-1.6678e-01,-1.5812e-01,-1.5029e-01,-1.4326e-01,-1.3699e-01,-1.3137e-01,-1.2631e-01,-1.2171e-01,-1.1748e-01,-1.1354e-01,-1.0985e-01,-1.0636e-01,-1.0304e-01,-9.9873e-02,-9.6845e-02,-9.3950e-02,-9.1187e-02,-8.8556e-02,-8.6059e-02,-8.3698e-02,-8.1475e-02,-7.9391e-02,-7.7448e-02,-7.5643e-02,-7.3976e-02,-7.2445e-02,-7.1046e-02,-6.9774e-02,-6.8626e-02,-6.7596e-02,-6.6678e-02,-6.5867e-02,-6.5158e-02,-6.4544e-02,-6.4021e-02,-6.3583e-02,-6.3226e-02,-6.2946e-02,-6.2740e-02,-6.2602e-02,-6.2532e-02,-6.2526e-02,-6.2582e-02,-6.2698e-02,-6.2872e-02,-6.3104e-02,-6.3390e-02,-6.3731e-02,-6.4124e-02,-6.4567e-02,-6.5060e-02,-6.5598e-02,-6.6179e-02,-6.6801e-02,-6.7459e-02,-6.8149e-02,-6.8867e-02,-6.9606e-02,-7.0361e-02,-7.1125e-02,-7.1891e-02,-7.2651e-02,-7.3397e-02,-7.4122e-02,-7.4815e-02,-7.5469e-02,-7.6074e-02,-7.6623e-02,-7.7105e-02,-7.7514e-02,-7.7841e-02,-7.8079e-02,-7.8222e-02,-7.8264e-02,-7.8200e-02,-7.8026e-02,-7.7740e-02,-7.7339e-02,-7.6823e-02,-7.6193e-02,-7.5448e-02,-7.4593e-02,-7.3631e-02,-7.2565e-02
-5.9459e-03,-4.3280e-02,-7.9503e-02,-1.1514e-01,-1.5152e-01,-1.9084e-01,-2.3452e-01,-2.7636e-01,-2.9853e-01,-2.9343e-01,-2.7501e-01,-2.5614e-01,-2.4026e-01,-2.2662e-01,-2.1410e-01,-2.0217e-01,-1.9081e-01,-1.8013e-01,-1.7030e-01,-1.6137e-01,-1.5333e-01,-1.4613e-01,-1.3965e-01,-1.3381e-01,-1.2850e-01,-1.2362e-01,-1.1910e-01,-1.1488e-01,-1.1091e-01,-1.0717e-01,-1.0362e-01,-1.0025e-01,-9.7046e-02,-9.4009e-02,-9.1133e-02,-8.8416e-02,-8.5858e-02,-8.3458e-02,-8.1215e-02,-7.9127e-02,-7.7193e-02,-7.5409e-02,-7.3771e-02,-7.2275e-02,-7.0915e-02,-6.9686e-02,-6.8582e-02,-6.7596e-02,-6.6723e-02,-6.5956e-02,-6.5289e-02,-6.4717e-02,-6.4234e-02,-6.3836e-02,-6.3517e-02,-6.3273e-02,-6.3101e-02,-6.2998e-02,-6.2959e-02,-6.2984e-02,-6.3067e-02,-6.3209e-02,-6.3405e-02,-6.3654e-02,-6.3953e-02,-6.4299e-02,-6.4690e-02,-6.5122e-02,-6.5591e-02,-6.6094e-02,-6.6626e-02,-6.7182e-02,-6.7755e-02,-6.8341e-02,-6.8931e-02,-6.9519e-02,-7.0097e-02,-7.0658e-02,-7.1191e-02,-7.1689e-02,-7.2144e-02,-7.2545e-02,-7.2885e-02,-7.3155e-02,-7.3345e-02,-7.3450e-02,-7.3461e-02,-7.3372e-02,-7.3177e-02,-7.2872e-02,-7.2452e-02,-7.1915e-02,-7.1259e-02,-7.0483e-02,-6.9588e-02,-6.8576e-02,-6.7448e-02,-6.6210e-02,-6.4866e-02,-6.3422e-02
-9.4829e-03,-4.4366e-02,-7.8467e-02,-1.1202e-01,-1.4561e-01,-1.8043e-01,-2.1859e-01,-2.6153e-01,-3.0262e-01,-3.2295e-01,-3.1565e-01,-2.9579e-01,-2.7590e-01,-2.5897e-01,-2.4415e-01,-2.3039e-01,-2.1724e-01,-2.0468e-01,-1.9287e-01,-1.8196e-01,-1.7201e-01,-1.6301e-01,-1.5491e-01,-1.4761e-01,-1.4101e-01,-1.3499e-01,-1.2947e-01,-1.2438e-01,-1.1963e-01,-1.1520e-01,-1.1103e-01,-1.0711e-01,-1.0340e-01,-9.9904e-02,-9.6601e-02,-9.3488e-02,-9.0560e-02,-8.7813e-02,-8.5243e-02,-8.2848e-02,-8.0623e-02,-7.8565e-02,-7.6668e-02,-7.4927e-02,-7.3336e-02,-7.1890e-02,-7.0582e-02,-6.9404e-02,-6.8350e-02,-6.7413e-02,-6.6587e-02,-6.5865e-02,-6.5241e-02,-6.4710e-02,-6.4265e-02,-6.3903e-02,-6.3618e-02,-6.3406e-02,-6.3263e-02,-6.3185e-02,-6.3169e-02,-6.3213e-02,-6.3311e-02,-6.3461e-02,-6.3660e-02,-6.3903e-02,-6.4188e-02,-6.4510e-02,-6.4864e-02,-6.5245e-02,-6.5648e-02,-6.6067e-02,-6.6496e-02,-6.6927e-02,-6.7352e-02,-6.7765e-02,-6.8157e-02,-6.8519e-02,-6.8841e-02,-6.9117e-02,-6.9335e-02,-6.9487e-02,-6.9566e-02,-6.9561e-02,-6.9464e-02,-6.9270e-02,-6.8970e-02,-6.8559e-02,-6.8032e-02,-6.7385e-02,-6.6615e-02,-6.5720e-02,-6.4699e-02,-6.3553e-02,-6.2283e-02,-6.0892e-02,-5.9385e-02,-5.7766e-02,-5.6042e-02,-5.4220e-02
-1.4047e-02,-4.6300e-02,-7.8083e-02,-1.0962e-01,-1.4121e-01,-1.7330e-01,-2.0690e-01,-2.4401e-01,-2.8620e-01,-3.2646e-01,-3.4504e-01,-3.3581e-01,-3.1474e-01,-2.9396e-01,-2.7610e-01,-2.6026e-01,-2.4544e-01,-2.3124e-01,-2.1766e-01,-2.0486e-01,-1.9298e-01,-1.8211e-01,-1.7223e-01,-1.6330e-01,-1.5522e-01,-1.4788e-01,-1.4120e-01,-1.3507e-01,-1.2942e-01,-1.2418e-01,-1.1929e-01,-1.1473e-01,-1.1044e-01,-1.0642e-01,-1.0264e-01,-9.9087e-02,-9.5751e-02,-9.2624e-02,-8.9700e-02,-8.6971e-02,-8.4432e-02,-8.2077e-02,-7.9900e-02,-7.7894e-02,-7.6053e-02,-7.4371e-02,-7.2838e-02,-7.1449e-02,-7.0196e-02,-6.9072e-02,-6.8068e-02,-6.7179e-02,-6.6397e-02,-6.5716e-02,-6.5130e-02,-6.4633e-02,-6.4219e-02,-6.3884e-02,-6.3622e-02,-6.3430e-02,-6.3303e-02,-6.3236e-02,-6.3226e-02,-6.3267e-02,-6.3356e-02,-6.3489e-02,-6.3660e-02,-6.3864e-02,-6.4097e-02,-6.4351e-02,-6.4620e-02,-6.4900e-02,-6.5180e-02,-6.5454e-02,-6.5714e-02,-6.5951e-02,-6.6156e-02,-6.6320e-02,-6.6434e-02,-6.6488e-02,-6.6474e-02,-6.6381e-02,-6.6202e-02,-6.5927e-02,-6.5550e-02,-6.5062e-02,-6.4458e-02,-6.3731e-02,-6.2879e-02,-6.1897e-02,-6.0784e-02,-5.9537e-02,-5.8157e-02,-5.6647e-02,-5.5009e-02,-5.3245e-02,-5.1363e-02,-4.9368e-02,-4.7267e-02,-4.5069e-02
-1.8698e-02,-4.8346e-02,-7.7710e-02,-1.0710e-01,-1.3679e-01,-1.6700e-01,-1.9798e-01,-2.3053e-01,-2.6665e-01,-3.0808e-01,-3.4754e-01,-3.6456e-01,-3.5376e-01,-3.3172e-01,-3.1020e-01,-2.9154e-01,-2.7486e-01,-2.5919e-01,-2.4412e-01,-2.2968e-01,-2.1603e-01,-2.0331e-01,-1.9161e-01,-1.8094e-01,-1.7125e-01,-1.6244e-01,-1.5444e-01,-1.4713e-01,-1.4044e-01,-1.3427e-01,-1.2857e-01,-1.2327e-01,-1.1833e-01,-1.1372e-01,-1.0940e-01,-1.0536e-01,-1.0158e-01,-9.8035e-02,-9.4725e-02,-9.1636e-02,-8.8760e-02,-8.6086e-02,-8.3609e-02,-8.1319e-02,-7.9209e-02,-7.7271e-02,-7.5497e-02,-7.3878e-02,-7.2408e-02,-7.1077e-02,-6.9878e-02,-6.8803e-02,-6.7845e-02,-6.6997e-02,-6.6251e-02,-6.5602e-02,-6.5044e-02,-6.4570e-02,-6.4174e-02,-6.3853e-02,-6.3599e-02,-6.3409e-02,-6.3277e-02,-6.3197e-02,-6.3166e-02,-6.3177e-02,-6.3224e-02,-6.3303e-02,-6.3405e-02,-6.3525e-02,-6.3656e-02,-6.3790e-02,-6.3917e-02,-6.4032e-02,-6.4124e-02,-6.4183e-02,-6.4202e-02,-6.4169e-02,-6.4075e-02,-6.3911e-02,-6.3667e-02,-6.3333e-02,-6.2902e-02,-6.2363e-02,-6.1710e-02,-6.0936e-02,-6.0035e-02,-5.9002e-02,-5.7832e-02,-5.6523e-02,-5.5074e-02,-5.3484e-02,-5.1755e-02,-4.9889e-02,-4.7889e-02,-4.5760e-02,-4.3509e-02,-4.1143e-02,-3.8670e-02,-3.6100e-02
-2.2683e-02,-4.9917e-02,-7.6945e-02,-1.0413e-01,-1.3184e-01,-1.6028e-01,-1.8952e-01,-2.1960e-01,-2.5118e-01,-2.8636e-01,-3.2707e-01,-3.6584e-01,-3.8159e-01,-3.6958e-01,-3.4679e-01,-3.2465e-01,-3.0535e-01,-2.8799e-01,-2.7162e-01,-2.5586e-01,-2.4071e-01,-2.2634e-01,-2.1290e-01,-2.0048e-01,-1.8911e-01,-1.7873e-01,-1.6928e-01,-1.6068e-01,-1.5281e-01,-1.4560e-01,-1.3897e-01,-1.3285e-01,-1.2718e-01,-1.2190e-01,-1.1700e-01,-1.1242e-01,-1.0814e-01,-1.0415e-01,-1.0043e-01,-9.6953e-02,-9.3715e-02,-9.0703e-02,-8.7906e-02,-8.5314e-02,-8.2918e-02,-8.0708e-02,-7.8676e-02,-7.6811e-02,-7.5106e-02,-7.3553e-02,-7.2141e-02,-7.0864e-02,-6.9713e-02,-6.8680e-02,-6.7759e-02,-6.6942e-02,-6.6222e-02,-6.5592e-02,-6.5047e-02,-6.4581e-02,-6.4186e-02,-6.3858e-02,-6.3591e-02,-6.3378e-02,-6.3214e-02,-6.3092e-02,-6.3006e-02,-6.2949e-02,-6.2913e-02,-6.2892e-02,-6.2877e-02,-6.2859e-02,-6.2831e-02,-6.2782e-02,-6.2703e-02,-6.2584e-02,-6.2416e-02,-6.2187e-02,-6.1888e-02,-6.1508e-02,-6.1038e-02,-6.0469e-02,-5.9790e-02,-5.8995e-02,-5.8074e-02,-5.7022e-02,-5.5832e-02,-5.4500e-02,-5.3023e-02,-5.1397e-02,-4.9623e-02,-4.7700e-02,-4.5630e-02,-4.3417e-02,-4.1065e-02,-3.8579e-02,-3.5968e-02,-3.3238e-02,-3.0399e-02,-2.7463e-02
-2.5513e-02,-5.0591e-02,-7.5492e-02,-1.0060e-01,-1.2630e-01,-1.5290e-01,-1.8051e-01,-2.0901e-01,-2.3830e-01,-2.6899e-01,-3.0327e-01,-3.4335e-01,-3.8156e-01,-3.9635e-01,-3.8346e-01,-3.6010e-01,-3.3744e-01,-3.1760e-01,-2.9970e-01,-2.8278e-01,-2.6647e-01,-2.5074e-01,-2.3578e-01,-2.2173e-01,-2.0870e-01,-1.9671e-01,-1.8575e-01,-1.7574e-01,-1.6660e-01,-1.5825e-01,-1.5059e-01,-1.4355e-01,-1.3706e-01,-1.3106e-01,-1.2550e-01,-1.2033e-01,-1.1553e-01,-1.1105e-01,-1.0688e-01,-1.0299e-01,-9.9371e-02,-9.6001e-02,-9.2868e-02,-8.9958e-02,-8.7262e-02,-8.4766e-02,-8.2462e-02,-8.0338e-02,-7.8386e-02,-7.6595e-02,-7.4957e-02,-7.3463e-02,-7.2105e-02,-7.0874e-02,-6.9761e-02,-6.8761e-02,-6.7864e-02,-6.7065e-02,-6.6356e-02,-6.5730e-02,-6.5181e-02,-6.4702e-02,-6.4287e-02,-6.3929e-02,-6.3620e-02,-6.3355e-02,-6.3125e-02,-6.2924e-02,-6.2742e-02,-6.2572e-02,-6.2406e-02,-6.2233e-02,-6.2044e-02,-6.1829e-02,-6.1578e-02,-6.1281e-02,-6.0926e-02,-6.0503e-02,-6.0001e-02,-5.9411e-02,-5.8720e-02,-5.7921e-02,-5.7003e-02,-5.5958e-02,-5.4779e-02,-5.3458e-02,-5.1990e-02,-5.0370e-02,-4.8596e-02,-4.6665e-02,-4.4577e-02,-4.2333e-02,-3.9934e-02,-3.7386e-02,-3.4692e-02,-3.1860e-02,-2.8897e-02,-2.5813e-02,-2.2618e-02,-1.9322e-02
-2.6981e-02,-5.0147e-02,-7.3171e-02,-9.6398e-02,-1.2021e-01,-1.4497e-01,-1.7088e-01,-1.9791e-01,-2.2581e-01,-2.5439e-01,-2.8423e-01,-3.1770e-01,-3.5725e-01,-3.9504e-01,-4.0913e-01,-3.9563e-01,-3.7182e-01,-3.4873e-01,-3.2844e-01,-3.1008e-01,-2.9273e-01,-2.7598e-01,-2.5980e-01,-2.4435e-01,-2.2980e-01,-2.1625e-01,-2.0376e-01,-1.9229e-01,-1.8181e-01,-1.7222e-01,-1.6345e-01,-1.5542e-01,-1.4803e-01,-1.4124e-01,-1.3496e-01,-1.2915e-01,-1.2376e-01,-1.1876e-01,-1.1412e-01,-1.0979e-01,-1.0577e-01,-1.0202e-01,-9.8535e-02,-9.5295e-02,-9.2286e-02,-8.9495e-02,-8.6908e-02,-8.4516e-02,-8.2306e-02,-8.0269e-02,-7.8395e-02,-7.6674e-02,-7.5097e-02,-7.3655e-02,-7.2341e-02,-7.1145e-02,-7.0061e-02,-6.9080e-02,-6.8195e-02,-6.7398e-02,-6.6683e-02,-6.6042e-02,-6.5468e-02,-6.4954e-02,-6.4492e-02,-6.4074e-02,-6.3693e-02,-6.3340e-02,-6.3006e-02,-6.2683e-02,-6.2360e-02,-6.2028e-02,-6.1676e-02,-6.1294e-02,-6.0872e-02,-6.0396e-02,-5.9858e-02,-5.9245e-02,-5.8545e-02,-5.7749e-02,-5.6846e-02,-5.5824e-02,-5.4676e-02,-5.3392e-02,-5.1964e-02,-5.0386e-02,-4.8652e-02,-4.6758e-02,-4.4700e-02,-4.2478e-02,-4.0089e-02,-3.7537e-02,-3.4824e-02,-3.1953e-02,-2.8932e-02,-2.5766e-02,-2.2464e-02,-1.9036e-02,-1.5494e-02,-1.1848e-02
-2.7114e-02,-4.8562e-02,-6.9932e-02,-9.1512e-02,-1.1364e-01,-1.3666e-01,-1.6084e-01,-1.8630e-01,-2.1290e-01,-2.4028e-01,-2.6820e-01,-2.9728e-01,-3.3003e-01,-3.6915e-01,-4.0664e-01,-4.2025e-01,-4.0632e-01,-3.8215e-01,-3.5866e-01,-3.3797e-01,-3.1925e-01,-3.0155e-01,-2.8445e-01,-2.6790e-01,-2.5207e-01,-2.3712e-01,-2.2316e-01,-2.1025e-01,-1.9838e-01,-1.8751e-01,-1.7755e-01,-1.6844e-01,-1.6010e-01,-1.5243e-01,-1.4538e-01,-1.3888e-01,-1.3287e-01,-1.2731e-01,-1.2215e-01,-1.1736e-01,-1.1291e-01,-1.0877e-01,-1.0492e-01,-1.0134e-01,-9.8006e-02,-9.4911e-02,-9.2036e-02,-8.9368e-02,-8.6895e-02,-8.4606e-02,-8.2488e-02,-8.0534e-02,-7.8732e-02,-7.7074e-02,-7.5550e-02,-7.4152e-02,-7.2871e-02,-7.1700e-02,-7.0631e-02,-6.9655e-02,-6.8766e-02,-6.7955e-02,-6.7215e-02,-6.6538e-02,-6.5915e-02,-6.5339e-02,-6.4800e-02,-6.4291e-02,-6.3801e-02,-6.3320e-02,-6.2840e-02,-6.2347e-02,-6.1833e-02,-6.1286e-02,-6.0694e-02,-6.0044e-02,-5.9327e-02,-5.8529e-02,-5.7639e-02,-5.6646e-02,-5.5538e-02,-5.4305e-02,-5.2938e-02,-5.1427e-02,-4.9765e-02,-4.7943e-02,-4.5958e-02,-4.3804e-02,-4.1479e-02,-3.8980e-02,-3.6308e-02,-3.3465e-02,-3.0452e-02,-2.7276e-02,-2.3942e-02,-2.0457e-02,-1.6831e-02,-1.3073e-02,-9.1971e-03,-5.2128e-03
-2.6103e-02,-4.5969e-02,-6.5852e-02,-8.5981e-02,-1.0663e-01,-1.2809e-01,-1.5064e-01,-1.7448e-01,-1.9962e-01,-2.2587e-01,-2.5280e-01,-2.8012e-01,-3.0852e-01,-3.4067e-01,-3.7942e-01,-4.1669e-01,-4.2998e-01,-4.1574e-01,-3.9124e-01,-3.6738e-01,-3.4633e-01,-3.2729e-01,-3.0931e-01,-2.9193e-01,-2.7511e-01,-2.5899e-01,-2.4373e-01,-2.2945e-01,-2.1621e-01,-2.0403e-01,-1.9285e-01,-1.8261e-01,-1.7323e-01,-1.6464e-01,-1.5675e-01,-1.4951e-01,-1.4283e-01,-1.3666e-01,-1.3096e-01,-1.2568e-01,-1.2078e-01,-1.1623e-01,-1.1200e-01,-1.0807e-01,-1.0441e-01,-1.0100e-01,-9.7836e-02,-9.4889e-02,-9.2151e-02,-8.9606e-02,-8.7245e-02,-8.5055e-02,-8.3026e-02,-8.1147e-02,-7.9411e-02,-7.7807e-02,-7.6327e-02,-7.4962e-02,-7.3704e-02,-7.2545e-02,-7.1477e-02,-7.0493e-02,-6.9582e-02,-6.8738e-02,-6.7951e-02,-6.7214e-02,-6.6516e-02,-6.5848e-02,-6.5201e-02,-6.4563e-02,-6.3925e-02,-6.3275e-02,-6.2601e-02,-6.1892e-02,-6.1135e-02,-6.0319e-02,-5.9429e-02,-5.8456e-02,-5.7385e-02,-5.6206e-02,-5.4906e-02,-5.3475e-02,-5.1903e-02,-5.0180e-02,-4.8298e-02,-4.6251e-02,-4.4031e-02,-4.1636e-02,-3.9061e-02,-3.6306e-02,-3.3369e-02,-3.0253e-02,-2.6961e-02,-2.3498e-02,-1.9870e-02,-1.6084e-02,-1.2152e-02,-8.0812e-03,-3.8861e-03,4.2181e-04
-2.4214e-02,-4.2590e-02,-6.1100e-02,-7.9924e-02,-9.9266e-02,-1.1936e-01,-1.4044e-01,-1.6272e-01,-1.8633e-01,-2.1124e-01,-2.3718e-01,-2.6369e-01,-2.9049e-01,-3.1830e-01,-3.4993e-01,-3.8840e-01,-4.2547e-01,-4.3853e-01,-4.2405e-01,-3.9925e-01,-3.7503e-01,-3.5363e-01,-3.3431e-01,-3.1610e-01,-2.9852e-01,-2.8149e-01,-2.6516e-01,-2.4967e-01,-2.3515e-01,-2.2168e-01,-2.0926e-01,-1.9786e-01,-1.8741e-01,-1.7783e-01,-1.6906e-01,-1.6101e-01,-1.5362e-01,-1.4681e-01,-1.4053e-01,-1.3473e-01,-1.2936e-01,-1.2438e-01,-1.1976e-01,-1.1546e-01,-1.1146e-01,-1.0774e-01,-1.0428e-01,-1.0105e-01,-9.8046e-02,-9.5248e-02,-9.2643e-02,-9.0218e-02,-8.7963e-02,-8.5866e-02,-8.3918e-02,-8.2109e-02,-8.0430e-02,-7.8871e-02,-7.7425e-02,-7.6083e-02,-7.4837e-02,-7.3677e-02,-7.2597e-02,-7.1585e-02,-7.0635e-02,-6.9737e-02,-6.8881e-02,-6.8057e-02,-6.7255e-02,-6.6464e-02,-6.5672e-02,-6.4869e-02,-6.4041e-02,-6.3178e-02,-6.2264e-02,-6.1289e-02,-6.0239e-02,-5.9100e-02,-5.7862e-02,-5.6509e-02,-5.5033e-02,-5.3420e-02,-5.1660e-02,-4.9743e-02,-4.7661e-02,-4.5407e-02,-4.2975e-02,-4.0358e-02,-3.7556e-02,-3.4565e-02,-3.1386e-02,-2.8020e-02,-2.4471e-02,-2.0743e-02,-1.6843e-02,-1.2778e-02,-8.5588e-03,-4.1958e-03,2.9820e-04,4.9111e-03
-2.1729e-02,-3.8683e-02,-5.5894e-02,-7.3507e-02,-9.1670e-02,-1.1055e-01,-1.3032e-01,-1.5119e-01,-1.7331e-01,-1.9676e-01,-2.2146e-01,-2.4712e-01,-2.7327e-01,-2.9961e-01,-3.2691e-01,-3.5812e-01,-3.9632e-01,-4.3322e-01,-4.4607e-01,-4.3140e-01,-4.0630e-01,-3.8172e-01,-3.5999e-01,-3.4041e-01,-3.2201e-01,-3.0427e-01,-2.8711e-01,-2.7063e-01,-2.5500e-01,-2.4033e-01,-2.2670e-01,-2.1412e-01,-2.0257e-01,-1.9197e-01,-1.8226e-01,-1.7337e-01,-1.6521e-01,-1.5772e-01,-1.5082e-01,-1.4447e-01,-1.3860e-01,-1.3317e-01,-1.2813e-01,-1.2346e-01,-1.1912e-01,-1.1508e-01,-1.1131e-01,-1.0781e-01,-1.0454e-01,-1.0149e-01,-9.8640e-02,-9.5985e-02,-9.3508e-02,-9.1197e-02,-8.9042e-02,-8.7031e-02,-8.5157e-02,-8.3410e-02,-8.1779e-02,-8.0258e-02,-7.8836e-02,-7.7506e-02,-7.6258e-02,-7.5084e-02,-7.3975e-02,-7.2920e-02,-7.1910e-02,-7.0935e-02,-6.9984e-02,-6.9046e-02,-6.8108e-02,-6.7160e-02,-6.6188e-02,-6.5179e-02,-6.4121e-02,-6.2999e-02,-6.1801e-02,-6.0513e-02,-5.9121e-02,-5.7613e-02,-5.5977e-02,-5.4201e-02,-5.2272e-02,-5.0183e-02,-4.7923e-02,-4.5485e-02,-4.2862e-02,-4.0049e-02,-3.7044e-02,-3.3843e-02,-3.0447e-02,-2.6857e-02,-2.3075e-02,-1.9108e-02,-1.4961e-02,-1.0642e-02,-6.1612e-03,-1.5295e-03,3.2415e-03,8.1376e-03
-1.8903e-02,-3.4492e-02,-5.0458e-02,-6.6920e-02,-8.3985e-02,-1.0176e-01,-1.2038e-01,-1.3998e-01,-1.6071e-01,-1.8271e-01,-2.0602e-01,-2.3054e-01,-2.5595e-01,-2.8177e-01,-3.0771e-01,-3.3459e-01,-3.6543e-01,-4.0340e-01,-4.4009e-01,-4.5276e-01,-4.3791e-01,-4.1251e-01,-3.8756e-01,-3.6552e-01,-3.4570e-01,-3.2714e-01,-3.0930e-01,-2.9205e-01,-2.7550e-01,-2.5978e-01,-2.4503e-01,-2.3131e-01,-2.1865e-01,-2.0700e-01,-1.9632e-01,-1.8654e-01,-1.7757e-01,-1.6935e-01,-1.6181e-01,-1.5486e-01,-1.4846e-01,-1.4256e-01,-1.3709e-01,-1.3203e-01,-1.2733e-01,-1.2296e-01,-1.1889e-01,-1.1510e-01,-1.1156e-01,-1.0826e-01,-1.0518e-01,-1.0230e-01,-9.9606e-02,-9.7087e-02,-9.4731e-02,-9.2527e-02,-9.0465e-02,-8.8535e-02,-8.6728e-02,-8.5034e-02,-8.3444e-02,-8.1950e-02,-8.0543e-02,-7.9213e-02,-7.7951e-02,-7.6748e-02,-7.5593e-02,-7.4475e-02,-7.3384e-02,-7.2308e-02,-7.1235e-02,-7.0152e-02,-6.9048e-02,-6.7907e-02,-6.6717e-02,-6.5463e-02,-6.4133e-02,-6.2712e-02,-6.1186e-02,-5.9541e-02,-5.7766e-02,-5.5847e-02,-5.3774e-02,-5.1535e-02,-4.9121e-02,-4.6524e-02,-4.3738e-02,-4.0755e-02,-3.7574e-02,-3.4191e-02,-3.0606e-02,-2.6820e-02,-2.2836e-02,-1.8657e-02,-1.4292e-02,-9.7477e-03,-5.0328e-03,-1.5922e-04,4.8610e-03,1.0015e-02
-1.5948e-02,-3.0232e-02,-4.4997e-02,-6.0349e-02,-7.6365e-02,-9.3114e-02,-1.1068e-01,-1.2914e-01,-1.4863e-01,-1.6927e-01,-1.9116e-01,-2.1433e-01,-2.3867e-01,-2.6385e-01,-2.8938e-01,-3.1498e-01,-3.4150e-01,-3.7203e-01,-4.0977e-01,-4.4623e-01,-4.5869e-01,-4.4365e-01,-4.1796e-01,-3.9266e-01,-3.7032e-01,-3.5029e-01,-3.3160e-01,-3.1368e-01,-2.9640e-01,-2.7982e-01,-2.6408e-01,-2.4931e-01,-2.3557e-01,-2.2287e-01,-2.1120e-01,-2.0049e-01,-1.9068e-01,-1.8169e-01,-1.7344e-01,-1.6588e-01,-1.5892e-01,-1.5250e-01,-1.4658e-01,-1.4111e-01,-1.3604e-01,-1.3133e-01,-1.2695e-01,-1.2287e-01,-1.1907e-01,-1.1552e-01,-1.1220e-01,-1.0910e-01,-1.0619e-01,-1.0347e-01,-1.0092e-01,-9.8534e-02,-9.6292e-02,-9.4189e-02,-9.2214e-02,-9.0357e-02,-8.8609e-02,-8.6961e-02,-8.5404e-02,-8.3928e-02,-8.2524e-02,-8.1183e-02,-7.9893e-02,-7.8643e-02,-7.7424e-02,-7.6222e-02,-7.5026e-02,-7.3823e-02,-7.2600e-02,-7.1343e-02,-7.0037e-02,-6.8670e-02,-6.7225e-02,-6.5690e-02,-6.4050e-02,-6.2290e-02,-6.0398e-02,-5.8361e-02,-5.6166e-02,-5.3804e-02,-5.1263e-02,-4.8534e-02,-4.5612e-02,-4.2489e-02,-3.9162e-02,-3.5627e-02,-3.1884e-02,-2.7933e-02,-2.3777e-02,-1.9420e-02,-1.4869e-02,-1.0129e-02,-5.2117e-03,-1.2727e-04,5.1128e-03,1.0495e-02
-1.3028e-02,-2.6068e-02,-3.9679e-02,-5.3954e-02,-6.8954e-02,-8.4720e-02,-1.0129e-01,-1.1873e-01,-1.3709e-01,-1.5649e-01,-1.7703e-01,-1.9881e-01,-2.2184e-01,-2.4601e-01,-2.7098e-01,-2.9626e-01,-3.2156e-01,-3.4777e-01,-3.7803e-01,-4.1554e-01,-4.5172e-01,-4.6395e-01,-4.4873e-01,-4.2275e-01,-3.9712e-01,-3.7449e-01,-3.5427e-01,-3.3547e-01,-3.1752e-01,-3.0024e-01,-2.8369e-01,-2.6798e-01,-2.5323e-01,-2.3952e-01,-2.2684e-01,-2.1518e-01,-2.0449e-01,-1.9469e-01,-1.8571e-01,-1.7748e-01,-1.6992e-01,-1.6297e-01,-1.5657e-01,-1.5066e-01,-1.4520e-01,-1.4013e-01,-1.3543e-01,-1.3106e-01,-1.2698e-01,-1.2318e-01,-1.1963e-01,-1.1631e-01,-1.1320e-01,-1.1028e-01,-1.0755e-01,-1.0498e-01,-1.0257e-01,-1.0030e-01,-9.8168e-02,-9.6158e-02,-9.4264e-02,-9.2473e-02,-9.0778e-02,-8.9168e-02,-8.7635e-02,-8.6167e-02,-8.4755e-02,-8.3388e-02,-8.2053e-02,-8.0740e-02,-7.9436e-02,-7.8128e-02,-7.6803e-02,-7.5446e-02,-7.4043e-02,-7.2580e-02,-7.1041e-02,-6.9413e-02,-6.7680e-02,-6.5828e-02,-6.3843e-02,-6.1712e-02,-5.9423e-02,-5.6964e-02,-5.4323e-02,-5.1493e-02,-4.8464e-02,-4.5232e-02,-4.1790e-02,-3.8135e-02,-3.4267e-02,-3.0185e-02,-2.5891e-02,-2.1389e-02,-1.6684e-02,-1.1785e-02,-6.6983e-03,-1.4360e-03,3.9901e-03,9.5675e-03
-1.0259e-02,-2.2125e-02,-3.4631e-02,-4.7864e-02,-6.1874e-02,-7.6685e-02,-9.2314e-02,-1.0878e-01,-1.2612e-01,-1.4440e-01,-1.6370e-01,-1.8414e-01,-2.0579e-01,-2.2868e-01,-2.5268e-01,-2.7745e-01,-3.0250e-01,-3.2755e-01,-3.5349e-01,-3.8351e-01,-4.2078e-01,-4.5665e-01,-4.6861e-01,-4.5321e-01,-4.2696e-01,-4.0102e-01,-3.7813e-01,-3.5774e-01,-3.3886e-01,-3.2091e-01,-3.0366e-01,-2.8717e-01,-2.7153e-01,-2.5685e-01,-2.4320e-01,-2.3059e-01,-2.1899e-01,-2.0834e-01,-1.9859e-01,-1.8965e-01,-1.8146e-01,-1.7393e-01,-1.6702e-01,-1.6065e-01,-1.5476e-01,-1.4932e-01,-1.4428e-01,-1.3960e-01,-1.3525e-01,-1.3119e-01,-1.2740e-01,-1.2386e-01,-1.2054e-01,-1.1744e-01,-1.1452e-01,-1.1179e-01,-1.0921e-01,-1.0679e-01,-1.0451e-01,-1.0236e-01,-1.0033e-01,-9.8410e-02,-9.6589e-02,-9.4858e-02,-9.3208e-02,-9.1629e-02,-9.0109e-02,-8.8638e-02,-8.7204e-02,-8.5795e-02,-8.4400e-02,-8.3003e-02,-8.1593e-02,-8.0154e-02,-7.8673e-02,-7.7134e-02,-7.5522e-02,-7.3822e-02,-7.2020e-02,-7.0099e-02,-6.8047e-02,-6.5849e-02,-6.3491e-02,-6.0963e-02,-5.8252e-02,-5.5349e-02,-5.2245e-02,-4.8934e-02,-4.5410e-02,-4.1669e-02,-3.7709e-02,-3.3530e-02,-2.9132e-02,-2.4521e-02,-1.9699e-02,-1.4674e-02,-9.4545e-03,-4.0505e-03,1.5270e-03,7.2642e-03
-7.7180e-03,-1.8484e-02,-2.9942e-02,-4.2172e-02,-5.5219e-02,-6.9097e-02,-8.3808e-02,-9.9351e-02,-1.1573e-01,-1.3299e-01,-1.5117e-01,-1.7036e-01,-1.9067e-01,-2.1219e-01,-2.3493e-01,-2.5877e-01,-2.8335e-01,-3.0820e-01,-3.3302e-01,-3.5872e-01,-3.8852e-01,-4.2556e-01,-4.6107e-01,-4.7275e-01,-4.5717e-01,-4.3068e-01,-4.0446e-01,-3.8133e-01,-3.6079e-01,-3.4186e-01,-3.2392e-01,-3.0674e-01,-2.9033e-01,-2.7479e-01,-2.6022e-01,-2.4667e-01,-2.3415e-01,-2.2263e-01,-2.1206e-01,-2.0238e-01,-1.9351e-01,-1.8537e-01,-1.7790e-01,-1.7104e-01,-1.6471e-01,-1.5887e-01,-1.5347e-01,-1.4846e-01,-1.4381e-01,-1.3949e-01,-1.3545e-01,-1.3169e-01,-1.2817e-01,-1.2487e-01,-1.2178e-01,-1.1888e-01,-1.1615e-01,-1.1358e-01,-1.1116e-01,-1.0888e-01,-1.0673e-01,-1.0469e-01,-1.0275e-01,-1.0092e-01,-9.9162e-02,-9.7485e-02,-9.5872e-02,-9.4312e-02,-9.2794e-02,-9.1306e-02,-8.9835e-02,-8.8368e-02,-8.6891e-02,-8.5390e-02,-8.3850e-02,-8.2256e-02,-8.0592e-02,-7.8843e-02,-7.6994e-02,-7.5029e-02,-7.2933e-02,-7.0693e-02,-6.8295e-02,-6.5725e-02,-6.2973e-02,-6.0027e-02,-5.6879e-02,-5.3522e-02,-4.9948e-02,-4.6153e-02,-4.2136e-02,-3.7894e-02,-3.3428e-02,-2.8742e-02,-2.3839e-02,-1.8725e-02,-1.3410e-02,-7.9003e-03,-2.2087e-03,3.6526e-03
-5.4520e-03,-1.5193e-02,-2.5664e-02,-3.6939e-02,-4.9055e-02,-6.2023e-02,-7.5837e-02,-9.0483e-02,-1.0595e-01,-1.2225e-01,-1.3940e-01,-1.5747e-01,-1.7653e-01,-1.9671e-01,-2.1808e-01,-2.4067e-01,-2.6434e-01,-2.8876e-01,-3.1341e-01,-3.3802e-01,-3.6350e-01,-3.9311e-01,-4.2991e-01,-4.6505e-01,-4.7641e-01,-4.6067e-01,-4.3398e-01,-4.0751e-01,-3.8417e-01,-3.6351e-01,-3.4454e-01,-3.2663e-01,-3.0953e-01,-2.9324e-01,-2.7782e-01,-2.6338e-01,-2.4995e-01,-2.3755e-01,-2.2614e-01,-2.1567e-01,-2.0607e-01,-1.9728e-01,-1.8922e-01,-1.8182e-01,-1.7501e-01,-1.6874e-01,-1.6295e-01,-1.5760e-01,-1.5263e-01,-1.4803e-01,-1.4374e-01,-1.3974e-01,-1.3601e-01,-1.3252e-01,-1.2925e-01,-1.2618e-01,-1.2330e-01,-1.2060e-01,-1.1805e-01,-1.1564e-01,-1.1337e-01,-1.1122e-01,-1.0919e-01,-1.0725e-01,-1.0541e-01,-1.0365e-01,-1.0195e-01,-1.0032e-01,-9.8734e-02,-9.7183e-02,-9.5654e-02,-9.4133e-02,-9.2608e-02,-9.1063e-02,-8.9483e-02,-8.7853e-02,-8.6158e-02,-8.4382e-02,-8.2509e-02,-8.0524e-02,-7.8410e-02,-7.6153e-02,-7.3740e-02,-7.1157e-02,-6.8391e-02,-6.5432e-02,-6.2270e-02,-5.8897e-02,-5.5305e-02,-5.1489e-02,-4.7448e-02,-4.3177e-02,-3.8678e-02,-3.3952e-02,-2.9004e-02,-2.3838e-02,-1.8462e-02,-1.2884e-02,-7.1156e-03,-1.1675e-03
-3.4831e-03,-1.2278e-02,-2.1827e-02,-3.2195e-02,-4.3419e-02,-5.5505e-02,-6.8443e-02,-8.2215e-02,-9.6800e-02,-1.1219e-01,-1.2838e-01,-1.4542e-01,-1.6335e-01,-1.8227e-01,-2.0230e-01,-2.2352e-01,-2.4594e-01,-2.6946e-01,-2.9371e-01,-3.1819e-01,-3.4260e-01,-3.6788e-01,-3.9731e-01,-4.3389e-01,-4.6863e-01,-4.7966e-01,-4.6377e-01,-4.3692e-01,-4.1025e-01,-3.8674e-01,-3.6597e-01,-3.4698e-01,-3.2912e-01,-3.1212e-01,-2.9594e-01,-2.8067e-01,-2.6637e-01,-2.5308e-01,-2.4080e-01,-2.2951e-01,-2.1915e-01,-2.0966e-01,-2.0096e-01,-1.9298e-01,-1.8566e-01,-1.7892e-01,-1.7271e-01,-1.6698e-01,-1.6168e-01,-1.5677e-01,-1.5221e-01,-1.4797e-01,-1.4402e-01,-1.4032e-01,-1.3687e-01,-1.3364e-01,-1.3061e-01,-1.2776e-01,-1.2508e-01,-1.2255e-01,-1.2018e-01,-1.1793e-01,-1.1580e-01,-1.1378e-01,-1.1186e-01,-1.1002e-01,-1.0826e-01,-1.0657e-01,-1.0493e-01,-1.0333e-01,-1.0176e-01,-1.0020e-01,-9.8643e-02,-9.7072e-02,-9.5472e-02,-9.3827e-02,-9.2122e-02,-9.0339e-02,-8.8464e-02,-8.6480e-02,-8.4372e-02,-8.2124e-02,-7.9721e-02,-7.7150e-02,-7.4398e-02,-7.1454e-02,-6.8306e-02,-6.4946e-02,-6.1367e-02,-5.7562e-02,-5.3528e-02,-4.9261e-02,-4.4762e-02,-4.0031e-02,-3.5072e-02,-2.9889e-02,-2.4488e-02,-1.8878e-02,-1.3068e-02,-7.0693e-03
-1.8165e-03,-9.7400e-03,-1.8432e-02,-2.7951e-02,-3.8326e-02,-4.9563e-02,-6.1651e-02,-7.4570e-02,-8.8296e-02,-1.0281e-01,-1.1810e-01,-1.3417e-01,-1.5107e-01,-1.6885e-01,-1.8762e-01,-2.0748e-01,-2.2853e-01,-2.5081e-01,-2.7416e-01,-2.9826e-01,-3.2256e-01,-3.4679e-01,-3.7189e-01,-4.0116e-01,-4.3753e-01,-4.7186e-01,-4.8256e-01,-4.6654e-01,-4.3957e-01,-4.1274e-01,-3.8909e-01,-3.6824e-01,-3.4924e-01,-3.3143e-01,-3.1453e-01,-2.9849e-01,-2.8336e-01,-2.6921e-01,-2.5606e-01,-2.4393e-01,-2.3277e-01,-2.2253e-01,-2.1314e-01,-2.0454e-01,-1.9665e-01,-1.8941e-01,-1.8274e-01,-1.7661e-01,-1.7094e-01,-1.6570e-01,-1.6085e-01,-1.5634e-01,-1.5215e-01,-1.4824e-01,-1.4459e-01,-1.4118e-01,-1.3799e-01,-1.3500e-01,-1.3219e-01,-1.2955e-01,-1.2707e-01,-1.2472e-01,-1.2251e-01,-1.2041e-01,-1.1842e-01,-1.1652e-01,-1.1471e-01,-1.1296e-01,-1.1128e-01,-1.0965e-01,-1.0805e-01,-1.0647e-01,-1.0490e-01,-1.0332e-01,-1.0171e-01,-1.0007e-01,-9.8373e-02,-9.6604e-02,-9.4747e-02,-9.2787e-02,-9.0706e-02,-8.8488e-02,-8.6121e-02,-8.3587e-02,-8.0874e-02,-7.7970e-02,-7.4864e-02,-7.1546e-02,-6.8007e-02,-6.4242e-02,-6.0245e-02,-5.6013e-02,-5.1545e-02,-4.6841e-02,-4.1903e-02,-3.6736e-02,-3.1345e-02,-2.5736e-02,-1.9920e-02,-1.3906e-02
-4.4433e-04,-7.5698e-03,-1.5471e-02,-2.4197e-02,-3.3771e-02,-4.4199e-02,-5.5469e-02,-6.7560e-02,-8.0448e-02,-9.4110e-02,-1.0853e-01,-1.2370e-01,-1.3964e-01,-1.5638e-01,-1.7400e-01,-1.9259e-01,-2.1228e-01,-2.3317e-01,-2.5529e-01,-2.7849e-01,-3.0243e-01,-3.2657e-01,-3.5061e-01,-3.7554e-01,-4.0469e-01,-4.4086e-01,-4.7478e-01,-4.8515e-01,-4.6903e-01,-4.4199e-01,-4.1504e-01,-3.9128e-01,-3.7036e-01,-3.5136e-01,-3.3361e-01,-3.1682e-01,-3.0091e-01,-2.8593e-01,-2.7193e-01,-2.5893e-01,-2.4693e-01,-2.3590e-01,-2.2578e-01,-2.1651e-01,-2.0801e-01,-2.0021e-01,-1.9305e-01,-1.8646e-01,-1.8040e-01,-1.7480e-01,-1.6962e-01,-1.6482e-01,-1.6037e-01,-1.5623e-01,-1.5237e-01,-1.4878e-01,-1.4542e-01,-1.4228e-01,-1.3934e-01,-1.3657e-01,-1.3398e-01,-1.3154e-01,-1.2924e-01,-1.2707e-01,-1.2501e-01,-1.2306e-01,-1.2120e-01,-1.1941e-01,-1.1770e-01,-1.1604e-01,-1.1443e-01,-1.1284e-01,-1.1126e-01,-1.0969e-01,-1.0810e-01,-1.0647e-01,-1.0480e-01,-1.0306e-01,-1.0125e-01,-9.9327e-02,-9.7294e-02,-9.5129e-02,-9.2817e-02,-9.0343e-02,-8.7693e-02,-8.4854e-02,-8.1814e-02,-7.8562e-02,-7.5091e-02,-7.1392e-02,-6.7460e-02,-6.3291e-02,-5.8884e-02,-5.4236e-02,-4.9351e-02,-4.4230e-02,-3.8878e-02,-3.3303e-02,-2.7513e-02,-2.1516e-02
6.4844e-04,-5.7474e-03,-1.2921e-02,-2.0912e-02,-2.9737e-02,-3.9399e-02,-4.9886e-02,-6.1181e-02,-7.3258e-02,-8.6095e-02,-9.9673e-02,-1.1398e-01,-1.2901e-01,-1.4479e-01,-1.6137e-01,-1.7881e-01,-1.9722e-01,-2.1674e-01,-2.3746e-01,-2.5942e-01,-2.8248e-01,-3.0627e-01,-3.3024e-01,-3.5410e-01,-3.7888e-01,-4.0792e-01,-4.4392e-01,-4.7744e-01,-4.8747e-01,-4.7130e-01,-4.4422e-01,-4.1720e-01,-3.9335e-01,-3.7238e-01,-3.5339e-01,-3.3570e-01,-3.1901e-01,-3.0323e-01,-2.8839e-01,-2.7453e-01,-2.6168e-01,-2.4983e-01,-2.3892e-01,-2.2892e-01,-2.1976e-01,-2.1135e-01,-2.0365e-01,-1.9657e-01,-1.9006e-01,-1.8406e-01,-1.7853e-01,-1.7341e-01,-1.6867e-01,-1.6427e-01,-1.6019e-01,-1.5639e-01,-1.5285e-01,-1.4954e-01,-1.4645e-01,-1.4356e-01,-1.4086e-01,-1.3832e-01,-1.3593e-01,-1.3368e-01,-1.3156e-01,-1.2955e-01,-1.2765e-01,-1.2583e-01,-1.2410e-01,-1.2242e-01,-1.2080e-01,-1.1921e-01,-1.1765e-01,-1.1609e-01,-1.1452e-01,-1.1293e-01,-1.1130e-01,-1.0961e-01,-1.0784e-01,-1.0598e-01,-1.0402e-01,-1.0192e-01,-9.9687e-02,-9.7293e-02,-9.4727e-02,-9.1974e-02,-8.9022e-02,-8.5861e-02,-8.2481e-02,-7.8873e-02,-7.5031e-02,-7.0951e-02,-6.6629e-02,-6.2065e-02,-5.7258e-02,-5.2212e-02,-4.6929e-02,-4.1417e-02,-3.5682e-02,-2.9733e-02
1.4823e-03,-4.2476e-03,-1.0755e-02,-1.8067e-02,-2.6195e-02,-3.5138e-02,-4.4884e-02,-5.5416e-02,-6.6712e-02,-7.8751e-02,-9.1515e-02,-1.0499e-01,-1.1916e-01,-1.3404e-01,-1.4966e-01,-1.6605e-01,-1.8330e-01,-2.0153e-01,-2.2087e-01,-2.4143e-01,-2.6323e-01,-2.8614e-01,-3.0978e-01,-3.3359e-01,-3.5728e-01,-3.8192e-01,-4.1089e-01,-4.4674e-01,-4.7986e-01,-4.8958e-01,-4.7337e-01,-4.4630e-01,-4.1924e-01,-3.9533e-01,-3.7433e-01,-3.5535e-01,-3.3771e-01,-3.2112e-01,-3.0546e-01,-2.9076e-01,-2.7704e-01,-2.6433e-01,-2.5260e-01,-2.4182e-01,-2.3193e-01,-2.2287e-01,-2.1456e-01,-2.0694e-01,-1.9994e-01,-1.9350e-01,-1.8757e-01,-1.8210e-01,-1.7704e-01,-1.7236e-01,-1.6802e-01,-1.6399e-01,-1.6025e-01,-1.5676e-01,-1.5351e-01,-1.5048e-01,-1.4765e-01,-1.4500e-01,-1.4252e-01,-1.4019e-01,-1.3800e-01,-1.3594e-01,-1.3399e-01,-1.3215e-01,-1.3039e-01,-1.2870e-01,-1.2708e-01,-1.2550e-01,-1.2395e-01,-1.2242e-01,-1.2089e-01,-1.1934e-01,-1.1776e-01,-1.1613e-01,-1.1443e-01,-1.1265e-01,-1.1076e-01,-1.0875e-01,-1.0661e-01,-1.0431e-01,-1.0185e-01,-9.9201e-02,-9.6358e-02,-9.3307e-02,-9.0039e-02,-8.6544e-02,-8.2814e-02,-7.8846e-02,-7.4633e-02,-7.0176e-02,-6.5473e-02,-6.0526e-02,-5.5338e-02,-4.9914e-02,-4.4261e-02,-3.8387e-02
2.0809e-03,-3.0423e-03,-8.9387e-03,-1.5626e-02,-2.3109e-02,-3.1382e-02,-4.0431e-02,-5.0240e-02,-6.0790e-02,-7.2061e-02,-8.4038e-02,-9.6708e-02,-1.1006e-01,-1.2409e-01,-1.3880e-01,-1.5423e-01,-1.7043e-01,-1.8749e-01,-2.0553e-01,-2.2469e-01,-2.4509e-01,-2.6675e-01,-2.8952e-01,-3.1301e-01,-3.3665e-01,-3.6018e-01,-3.8470e-01,-4.1363e-01,-4.4935e-01,-4.8208e-01,-4.9151e-01,-4.7528e-01,-4.4827e-01,-4.2120e-01,-3.9725e-01,-3.7622e-01,-3.5725e-01,-3.3967e-01,-3.2316e-01,-3.0761e-01,-2.9304e-01,-2.7945e-01,-2.6686e-01,-2.5526e-01,-2.4459e-01,-2.3481e-01,-2.2584e-01,-2.1762e-01,-2.1008e-01,-2.0315e-01,-1.9678e-01,-1.9091e-01,-1.8550e-01,-1.8050e-01,-1.7587e-01,-1.7159e-01,-1.6761e-01,-1.6392e-01,-1.6049e-01,-1.5730e-01,-1.5433e-01,-1.5156e-01,-1.4897e-01,-1.4655e-01,-1.4429e-01,-1.4217e-01,-1.4017e-01,-1.3829e-01,-1.3650e-01,-1.3481e-01,-1.3318e-01,-1.3161e-01,-1.3008e-01,-1.2858e-01,-1.2709e-01,-1.2560e-01,-1.2408e-01,-1.2252e-01,-1.2090e-01,-1.1920e-01,-1.1741e-01,-1.1550e-01,-1.1346e-01,-1.1128e-01,-1.0893e-01,-1.0641e-01,-1.0369e-01,-1.0077e-01,-9.7631e-02,-9.4267e-02,-9.0670e-02,-8.6832e-02,-8.2750e-02,-7.8421e-02,-7.3843e-02,-6.9017e-02,-6.3946e-02,-5.8634e-02,-5.3086e-02,-4.7310e-02
2.4679e-03,-2.1011e-03,-7.4398e-03,-1.3554e-02,-2.0441e-02,-2.8092e-02,-3.6490e-02,-4.5619e-02,-5.5461e-02,-6.5999e-02,-7.7221e-02,-8.9116e-02,-1.0167e-01,-1.1489e-01,-1.2876e-01,-1.4330e-01,-1.5853e-01,-1.7453e-01,-1.9140e-01,-2.0925e-01,-2.2824e-01,-2.4848e-01,-2.7000e-01,-2.9263e-01,-3.1597e-01,-3.3945e-01,-3.6282e-01,-3.8725e-01,-4.1616e-01,-4.5178e-01,-4.8414e-01,-4.9328e-01,-4.7708e-01,-4.5014e-01,-4.2309e-01,-3.9912e-01,-3.7808e-01,-3.5911e-01,-3.4158e-01,-3.2515e-01,-3.0970e-01,-2.9523e-01,-2.8176e-01,-2.6928e-01,-2.5778e-01,-2.4722e-01,-2.3753e-01,-2.2865e-01,-2.2051e-01,-2.1303e-01,-2.0617e-01,-1.9986e-01,-1.9405e-01,-1.8870e-01,-1.8375e-01,-1.7917e-01,-1.7494e-01,-1.7102e-01,-1.6738e-01,-1.6401e-01,-1.6088e-01,-1.5796e-01,-1.5525e-01,-1.5273e-01,-1.5038e-01,-1.4818e-01,-1.4613e-01,-1.4420e-01,-1.4239e-01,-1.4068e-01,-1.3905e-01,-1.3749e-01,-1.3598e-01,-1.3451e-01,-1.3307e-01,-1.3162e-01,-1.3017e-01,-1.2868e-01,-1.2715e-01,-1.2554e-01,-1.2385e-01,-1.2206e-01,-1.2014e-01,-1.1808e-01,-1.1586e-01,-1.1347e-01,-1.1090e-01,-1.0812e-01,-1.0513e-01,-1.0191e-01,-9.8463e-02,-9.4774e-02,-9.0840e-02,-8.6657e-02,-8.2223e-02,-7.7538e-02,-7.2604e-02,-6.7423e-02,-6.2001e-02,-5.6345e-02
2.6674e-03,-1.3961e-03,-6.2243e-03,-1.1813e-02,-1.8152e-02,-2.5227e-02,-3.3020e-02,-4.1514e-02,-5.0689e-02,-6.0533e-02,-7.1035e-02,-8.2186e-02,-9.3979e-02,-1.0641e-01,-1.1948e-01,-1.3318e-01,-1.4753e-01,-1.6257e-01,-1.7837e-01,-1.9503e-01,-2.1270e-01,-2.3152e-01,-2.5162e-01,-2.7300e-01,-2.9549e-01,-3.1869e-01,-3.4201e-01,-3.6523e-01,-3.8958e-01,-4.1852e-01,-4.5405e-01,-4.8605e-01,-4.9493e-01,-4.7877e-01,-4.5193e-01,-4.2493e-01,-4.0095e-01,-3.7990e-01,-3.6094e-01,-3.4344e-01,-3.2707e-01,-3.1171e-01,-2.9733e-01,-2.8396e-01,-2.7158e-01,-2.6018e-01,-2.4970e-01,-2.4009e-01,-2.3128e-01,-2.2321e-01,-2.1580e-01,-2.0900e-01,-2.0274e-01,-1.9698e-01,-1.9167e-01,-1.8677e-01,-1.8224e-01,-1.7806e-01,-1.7419e-01,-1.7060e-01,-1.6728e-01,-1.6421e-01,-1.6135e-01,-1.5871e-01,-1.5625e-01,-1.5396e-01,-1.5184e-01,-1.4986e-01,-1.4800e-01,-1.4626e-01,-1.4462e-01,-1.4306e-01,-1.4157e-01,-1.4013e-01,-1.3873e-01,-1.3734e-01,-1.3595e-01,-1.3454e-01,-1.3309e-01,-1.3159e-01,-1.3000e-01,-1.2832e-01,-1.2653e-01,-1.2461e-01,-1.2253e-01,-1.2029e-01,-1.1786e-01,-1.1524e-01,-1.1241e-01,-1.0935e-01,-1.0607e-01,-1.0254e-01,-9.8771e-02,-9.4750e-02,-9.0476e-02,-8.5948e-02,-8.1167e-02,-7.6135e-02,-7.0858e-02,-6.5339e-02
2.7033e-03,-8.9801e-04,-5.2591e-03,-1.0366e-02,-1.6201e-02,-2.2745e-02,-2.9979e-02,-3.7881e-02,-4.6434e-02,-5.5625e-02,-6.5444e-02,-7.5886e-02,-8.6948e-02,-9.8628e-02,-1.1092e-01,-1.2383e-01,-1.3735e-01,-1.5151e-01,-1.6634e-01,-1.8194e-01,-1.9841e-01,-2.1590e-01,-2.3457e-01,-2.5452e-01,-2.7577e-01,-2.9813e-01,-3.2118e-01,-3.4435e-01,-3.6743e-01,-3.9174e-01,-4.2072e-01,-4.5619e-01,-4.8784e-01,-4.9647e-01,-4.8037e-01,-4.5367e-01,-4.2672e-01,-4.0275e-01,-3.8168e-01,-3.6273e-01,-3.4526e-01,-3.2894e-01,-3.1364e-01,-2.9934e-01,-2.8605e-01,-2.7375e-01,-2.6242e-01,-2.5202e-01,-2.4248e-01,-2.3373e-01,-2.2571e-01,-2.1836e-01,-2.1160e-01,-2.0539e-01,-1.9967e-01,-1.9440e-01,-1.8954e-01,-1.8506e-01,-1.8092e-01,-1.7709e-01,-1.7356e-01,-1.7029e-01,-1.6726e-01,-1.6447e-01,-1.6188e-01,-1.5949e-01,-1.5727e-01,-1.5522e-01,-1.5331e-01,-1.5153e-01,-1.4986e-01,-1.4829e-01,-1.4681e-01,-1.4539e-01,-1.4402e-01,-1.4268e-01,-1.4135e-01,-1.4001e-01,-1.3865e-01,-1.3724e-01,-1.3577e-01,-1.3421e-01,-1.3255e-01,-1.3076e-01,-1.2883e-01,-1.2674e-01,-1.2448e-01,-1.2202e-01,-1.1936e-01,-1.1647e-01,-1.1336e-01,-1.1001e-01,-1.0642e-01,-1.0257e-01,-9.8473e-02,-9.4117e-02,-8.9504e-02,-8.4637e-02,-7.9518e-02,-7.4152e-02
2.5969e-03,-5.8083e-04,-4.5129e-03,-9.1774e-03,-1.4550e-02,-2.0606e-02,-2.7323e-02,-3.4678e-02,-4.2652e-02,-5.1232e-02,-6.0409e-02,-7.0180e-02,-8.0545e-02,-9.1505e-02,-1.0306e-01,-1.1521e-01,-1.2794e-01,-1.4128e-01,-1.5524e-01,-1.6988e-01,-1.8527e-01,-2.0156e-01,-2.1888e-01,-2.3739e-01,-2.5721e-01,-2.7833e-01,-3.0057e-01,-3.2348e-01,-3.4649e-01,-3.6945e-01,-3.9373e-01,-4.2278e-01,-4.5820e-01,-4.8952e-01,-4.9793e-01,-4.8190e-01,-4.5534e-01,-4.2847e-01,-4.0451e-01,-3.8343e-01,-3.6447e-01,-3.4702e-01,-3.3073e-01,-3.1548e-01,-3.0124e-01,-2.8801e-01,-2.7578e-01,-2.6451e-01,-2.5417e-01,-2.4468e-01,-2.3598e-01,-2.2800e-01,-2.2069e-01,-2.1397e-01,-2.0779e-01,-2.0211e-01,-1.9687e-01,-1.9205e-01,-1.8760e-01,-1.8350e-01,-1.7971e-01,-1.7622e-01,-1.7300e-01,-1.7003e-01,-1.6729e-01,-1.6476e-01,-1.6243e-01,-1.6028e-01,-1.5829e-01,-1.5645e-01,-1.5474e-01,-1.5315e-01,-1.5166e-01,-1.5024e-01,-1.4890e-01,-1.4759e-01,-1.4632e-01,-1.4505e-01,-1.4377e-01,-1.4245e-01,-1.4109e-01,-1.3965e-01,-1.3811e-01,-1.3646e-01,-1.3468e-01,-1.3275e-01,-1.3065e-01,-1.2836e-01,-1.2587e-01,-1.2317e-01,-1.2024e-01,-1.1708e-01,-1.1367e-01,-1.1001e-01,-1.0610e-01,-1.0192e-01,-9.7491e-02,-9.2801e-02,-8.7855e-02,-8.2657e-02
2.3689e-03,-4.1965e-04,-3.9584e-03,-8.2162e-03,-1.3163e-02,-1.8771e-02,-2.5011e-02,-3.1861e-02,-3.9300e-02,-4.7311e-02,-5.5889e-02,-6.5028e-02,-7.4733e-02,-8.5008e-02,-9.5856e-02,-1.0728e-01,-1.1927e-01,-1.3183e-01,-1.4498e-01,-1.5874e-01,-1.7318e-01,-1.8838e-01,-2.0448e-01,-2.2164e-01,-2.4001e-01,-2.5971e-01,-2.8071e-01,-3.0282e-01,-3.2559e-01,-3.4845e-01,-3.7130e-01,-3.9558e-01,-4.2473e-01,-4.6012e-01,-4.9111e-01,-4.9930e-01,-4.8336e-01,-4.5695e-01,-4.3017e-01,-4.0622e-01,-3.8513e-01,-3.6617e-01,-3.4872e-01,-3.3245e-01,-3.1723e-01,-3.0303e-01,-2.8985e-01,-2.7766e-01,-2.6643e-01,-2.5613e-01,-2.4668e-01,-2.3801e-01,-2.3007e-01,-2.2278e-01,-2.1609e-01,-2.0994e-01,-2.0428e-01,-1.9907e-01,-1.9427e-01,-1.8985e-01,-1.8578e-01,-1.8203e-01,-1.7858e-01,-1.7540e-01,-1.7247e-01,-1.6978e-01,-1.6731e-01,-1.6504e-01,-1.6295e-01,-1.6103e-01,-1.5926e-01,-1.5762e-01,-1.5610e-01,-1.5467e-01,-1.5333e-01,-1.5205e-01,-1.5081e-01,-1.4960e-01,-1.4839e-01,-1.4716e-01,-1.4589e-01,-1.4456e-01,-1.4315e-01,-1.4164e-01,-1.4001e-01,-1.3823e-01,-1.3629e-01,-1.3418e-01,-1.3187e-01,-1.2935e-01,-1.2661e-01,-1.2364e-01,-1.2043e-01,-1.1696e-01,-1.1324e-01,-1.0926e-01,-1.0502e-01,-1.0052e-01,-9.5753e-02,-9.0735e-02
2.0377e-03,-3.9227e-04,-3.5687e-03,-7.4523e-03,-1.2008e-02,-1.7202e-02,-2.3004e-02,-2.9389e-02,-3.6333e-02,-4.3819e-02,-5.1839e-02,-6.0389e-02,-6.9474e-02,-7.9100e-02,-8.9274e-02,-1.0000e-01,-1.1128e-01,-1.2311e-01,-1.3550e-01,-1.4845e-01,-1.6202e-01,-1.7626e-01,-1.9127e-01,-2.0720e-01,-2.2421e-01,-2.4246e-01,-2.6203e-01,-2.8293e-01,-3.0492e-01,-3.2754e-01,-3.5026e-01,-3.7301e-01,-3.9731e-01,-4.2658e-01,-4.6194e-01,-4.9262e-01,-5.0061e-01,-4.8476e-01,-4.5851e-01,-4.3181e-01,-4.0788e-01,-3.8678e-01,-3.6779e-01,-3.5033e-01,-3.3407e-01,-3.1887e-01,-3.0470e-01,-2.9154e-01,-2.7937e-01,-2.6818e-01,-2.5789e-01,-2.4847e-01,-2.3982e-01,-2.3190e-01,-2.2463e-01,-2.1795e-01,-2.1181e-01,-2.0617e-01,-2.0098e-01,-1.9620e-01,-1.9180e-01,-1.8775e-01,-1.8403e-01,-1.8061e-01,-1.7747e-01,-1.7458e-01,-1.7194e-01,-1.6952e-01,-1.6730e-01,-1.6527e-01,-1.6341e-01,-1.6170e-01,-1.6012e-01,-1.5867e-01,-1.5731e-01,-1.5603e-01,-1.5481e-01,-1.5364e-01,-1.5248e-01,-1.5132e-01,-1.5014e-01,-1.4891e-01,-1.4762e-01,-1.4623e-01,-1.4474e-01,-1.4311e-01,-1.4134e-01,-1.3940e-01,-1.3727e-01,-1.3493e-01,-1.3239e-01,-1.2961e-01,-1.2659e-01,-1.2333e-01,-1.1981e-01,-1.1603e-01,-1.1199e-01,-1.0768e-01,-1.0311e-01,-9.8280e-02
1.6208e-03,-4.7825e-04,-3.3198e-03,-6.8584e-03,-1.1052e-02,-1.5865e-02,-2.1265e-02,-2.7221e-02,-3.3710e-02,-4.0711e-02,-4.8215e-02,-5.6218e-02,-6.4723e-02,-7.3739e-02,-8.3277e-02,-9.3343e-02,-1.0394e-01,-1.1508e-01,-1.2674e-01,-1.3895e-01,-1.5171e-01,-1.6508e-01,-1.7913e-01,-1.9397e-01,-2.0974e-01,-2.2661e-01,-2.4473e-01,-2.6420e-01,-2.8499e-01,-3.0686e-01,-3.2935e-01,-3.5193e-01,-3.7460e-01,-3.9893e-01,-4.2834e-01,-4.6368e-01,-4.9406e-01,-5.0185e-01,-4.8610e-01,-4.6001e-01,-4.3339e-01,-4.0948e-01,-3.8836e-01,-3.6934e-01,-3.5187e-01,-3.3560e-01,-3.2039e-01,-3.0622e-01,-2.9307e-01,-2.8092e-01,-2.6973e-01,-2.5945e-01,-2.5003e-01,-2.4140e-01,-2.3348e-01,-2.2621e-01,-2.1954e-01,-2.1341e-01,-2.0777e-01,-2.0259e-01,-1.9782e-01,-1.9343e-01,-1.8940e-01,-1.8570e-01,-1.8230e-01,-1.7919e-01,-1.7634e-01,-1.7374e-01,-1.7136e-01,-1.6919e-01,-1.6721e-01,-1.6540e-01,-1.6375e-01,-1.6223e-01,-1.6083e-01,-1.5953e-01,-1.5831e-01,-1.5715e-01,-1.5603e-01,-1.5492e-01,-1.5381e-01,-1.5266e-01,-1.5147e-01,-1.5020e-01,-1.4884e-01,-1.4735e-01,-1.4573e-01,-1.4395e-01,-1.4200e-01,-1.3985e-01,-1.3749e-01,-1.3491e-01,-1.3209e-01,-1.2903e-01,-1.2572e-01,-1.2214e-01,-1.1830e-01,-1.1420e-01,-1.0983e-01,-1.0520e-01
1.1332e-03,-6.5931e-04,-3.1908e-03,-6.4097e-03,-1.0270e-02,-1.4732e-02,-1.9759e-02,-2.5321e-02,-3.1391e-02,-3.7947e-02,-4.4975e-02,-5.2471e-02,-6.0438e-02,-6.8885e-02,-7.7823e-02,-8.7265e-02,-9.7218e-02,-1.0769e-01,-1.1867e-01,-1.3017e-01,-1.4219e-01,-1.5477e-01,-1.6795e-01,-1.8181e-01,-1.9648e-01,-2.1211e-01,-2.2885e-01,-2.4687e-01,-2.6624e-01,-2.8692e-01,-3.0867e-01,-3.3103e-01,-3.5347e-01,-3.7607e-01,-4.0047e-01,-4.3002e-01,-4.6534e-01,-4.9542e-01,-5.0303e-01,-4.8737e-01,-4.6144e-01,-4.3491e-01,-4.1100e-01,-3.8985e-01,-3.7081e-01,-3.5330e-01,-3.3700e-01,-3.2178e-01,-3.0760e-01,-2.9444e-01,-2.8227e-01,-2.7108e-01,-2.6080e-01,-2.5137e-01,-2.4272e-01,-2.3480e-01,-2.2752e-01,-2.2085e-01,-2.1471e-01,-2.0907e-01,-2.0388e-01,-1.9912e-01,-1.9474e-01,-1.9072e-01,-1.8703e-01,-1.8365e-01,-1.8056e-01,-1.7773e-01,-1.7516e-01,-1.7282e-01,-1.7068e-01,-1.6875e-01,-1.6698e-01,-1.6538e-01,-1.6391e-01,-1.6257e-01,-1.6132e-01,-1.6015e-01,-1.5903e-01,-1.5795e-01,-1.5688e-01,-1.5580e-01,-1.5469e-01,-1.5352e-01,-1.5227e-01,-1.5091e-01,-1.4943e-01,-1.4781e-01,-1.4602e-01,-1.4405e-01,-1.4187e-01,-1.3948e-01,-1.3686e-01,-1.3400e-01,-1.3089e-01,-1.2753e-01,-1.2390e-01,-1.2000e-01,-1.1584e-01,-1.1141e-01
5.8899e-04,-9.1898e-04,-3.1627e-03,-6.0850e-03,-9.6361e-03,-1.3772e-02,-1.8457e-02,-2.3655e-02,-2.9339e-02,-3.5485e-02,-4.2077e-02,-4.9107e-02,-5.6577e-02,-6.4494e-02,-7.2872e-02,-8.1725e-02,-9.1066e-02,-1.0090e-01,-1.1123e-01,-1.2206e-01,-1.3339e-01,-1.4524e-01,-1.5763e-01,-1.7062e-01,-1.8432e-01,-1.9884e-01,-2.1433e-01,-2.3096e-01,-2.4887e-01,-2.6815e-01,-2.8873e-01,-3.1037e-01,-3.3259e-01,-3.5491e-01,-3.7745e-01,-4.0192e-01,-4.3163e-01,-4.6693e-01,-4.9672e-01,-5.0415e-01,-4.8858e-01,-4.6279e-01,-4.3634e-01,-4.1244e-01,-3.9126e-01,-3.7217e-01,-3.5461e-01,-3.3828e-01,-3.2303e-01,-3.0881e-01,-2.9563e-01,-2.8344e-01,-2.7222e-01,-2.6192e-01,-2.5247e-01,-2.4380e-01,-2.3586e-01,-2.2856e-01,-2.2187e-01,-2.1572e-01,-2.1006e-01,-2.0487e-01,-2.0009e-01,-1.9571e-01,-1.9169e-01,-1.8800e-01,-1.8463e-01,-1.8156e-01,-1.7875e-01,-1.7620e-01,-1.7388e-01,-1.7178e-01,-1.6987e-01,-1.6815e-01,-1.6658e-01,-1.6515e-01,-1.6384e-01,-1.6263e-01,-1.6150e-01,-1.6042e-01,-1.5937e-01,-1.5833e-01,-1.5727e-01,-1.5618e-01,-1.5502e-01,-1.5377e-01,-1.5242e-01,-1.5093e-01,-1.4929e-01,-1.4749e-01,-1.4549e-01,-1.4328e-01,-1.4085e-01,-1.3819e-01,-1.3528e-01,-1.3212e-01,-1.2870e-01,-1.2502e-01,-1.2106e-01,-1.1684e-01
3.2596e-07,-1.2424e-03,-3.2185e-03,-5.8648e-03,-9.1281e-03,-1.2963e-02,-1.7329e-02,-2.2192e-02,-2.7522e-02,-3.3291e-02,-3.9482e-02,-4.6084e-02,-5.3096e-02,-6.0524e-02,-6.8382e-02,-7.6684e-02,-8.5447e-02,-9.4682e-02,-1.0439e-01,-1.1459e-01,-1.2526e-01,-1.3642e-01,-1.4809e-01,-1.6031e-01,-1.7313e-01,-1.8667e-01,-2.0104e-01,-2.1641e-01,-2.3294e-01,-2.5076e-01,-2.6995e-01,-2.9043e-01,-3.1195e-01,-3.3404e-01,-3.5625e-01,-3.7875e-01,-4.0331e-01,-4.3318e-01,-4.6845e-01,-4.9795e-01,-5.0520e-01,-4.8972e-01,-4.6407e-01,-4.3768e-01,-4.1378e-01,-3.9256e-01,-3.7341e-01,-3.5580e-01,-3.3942e-01,-3.2412e-01,-3.0986e-01,-2.9663e-01,-2.8440e-01,-2.7315e-01,-2.6281e-01,-2.5332e-01,-2.4462e-01,-2.3664e-01,-2.2932e-01,-2.2260e-01,-2.1642e-01,-2.1074e-01,-2.0553e-01,-2.0074e-01,-1.9634e-01,-1.9231e-01,-1.8862e-01,-1.8525e-01,-1.8218e-01,-1.7938e-01,-1.7684e-01,-1.7454e-01,-1.7246e-01,-1.7057e-01,-1.6887e-01,-1.6733e-01,-1.6593e-01,-1.6464e-01,-1.6346e-01,-1.6234e-01,-1.6128e-01,-1.6025e-01,-1.5923e-01,-1.5818e-01,-1.5709e-01,-1.5593e-01,-1.5468e-01,-1.5331e-01,-1.5180e-01,-1.5014e-01,-1.4830e-01,-1.4627e-01,-1.4402e-01,-1.4155e-01,-1.3884e-01,-1.3588e-01,-1.3266e-01,-1.2919e-01,-1.2544e-01,-1.2143e-01
-6.2188e-04,-1.6179e-03,-3.3436e-03,-5.7319e-03,-8.7271e-03,-1.2281e-02,-1.6352e-02,-2.0906e-02,-2.5907e-02,-3.1331e-02,-3.7153e-02,-4.3363e-02,-4.9955e-02,-5.6933e-02,-6.4309e-02,-7.2100e-02,-8.0323e-02,-8.8992e-02,-9.8118e-02,-1.0771e-01,-1.1776e-01,-1.2828e-01,-1.3928e-01,-1.5077e-01,-1.6282e-01,-1.7548e-01,-1.8887e-01,-2.0312e-01,-2.1837e-01,-2.3481e-01,-2.5255e-01,-2.7165e-01,-2.9204e-01,-3.1345e-01,-3.3541e-01,-3.5750e-01,-3.7996e-01,-4.0463e-01,-4.3466e-01,-4.6990e-01,-4.9912e-01,-5.0619e-01,-4.9079e-01,-4.6526e-01,-4.3893e-01,-4.1502e-01,-3.9374e-01,-3.7453e-01,-3.5685e-01,-3.4040e-01,-3.2504e-01,-3.1072e-01,-2.9744e-01,-2.8515e-01,-2.7385e-01,-2.6346e-01,-2.5392e-01,-2.4518e-01,-2.3716e-01,-2.2979e-01,-2.2303e-01,-2.1682e-01,-2.1111e-01,-2.0587e-01,-2.0105e-01,-1.9663e-01,-1.9258e-01,-1.8888e-01,-1.8550e-01,-1.8242e-01,-1.7962e-01,-1.7708e-01,-1.7478e-01,-1.7271e-01,-1.7083e-01,-1.6914e-01,-1.6761e-01,-1.6621e-01,-1.6494e-01,-1.6376e-01,-1.6266e-01,-1.6161e-01,-1.6058e-01,-1.5955e-01,-1.5849e-01,-1.5739e-01,-1.5621e-01,-1.5494e-01,-1.5355e-01,-1.5201e-01,-1.5031e-01,-1.4843e-01,-1.4635e-01,-1.4406e-01,-1.4153e-01,-1.3876e-01,-1.3575e-01,-1.3247e-01,-1.2893e-01,-1.2513e-01
-1.2680e-03,-2.0329e-03,-3.5240e-03,-5.6713e-03,-8.4156e-03,-1.1708e-02,-1.5504e-02,-1.9770e-02,-2.4469e-02,-2.9573e-02,-3.5058e-02,-4.0908e-02,-4.7115e-02,-5.3681e-02,-6.0614e-02,-6.7932e-02,-7.5651e-02,-8.3790e-02,-9.2363e-02,-1.0138e-01,-1.1084e-01,-1.2075e-01,-1.3112e-01,-1.4196e-01,-1.5329e-01,-1.6518e-01,-1.7769e-01,-1.9094e-01,-2.0507e-01,-2.2023e-01,-2.3658e-01,-2.5424e-01,-2.7327e-01,-2.9357e-01,-3.1486e-01,-3.3669e-01,-3.5867e-01,-3.8112e-01,-4.0589e-01,-4.3608e-01,-4.7129e-01,-5.0022e-01,-5.0711e-01,-4.9177e-01,-4.6635e-01,-4.4006e-01,-4.1613e-01,-3.9479e-01,-3.7550e-01,-3.5775e-01,-3.4122e-01,-3.2579e-01,-3.1140e-01,-2.9804e-01,-2.8569e-01,-2.7432e-01,-2.6386e-01,-2.5427e-01,-2.4547e-01,-2.3740e-01,-2.2998e-01,-2.2317e-01,-2.1691e-01,-2.1116e-01,-2.0588e-01,-2.0103e-01,-1.9658e-01,-1.9250e-01,-1.8877e-01,-1.8537e-01,-1.8227e-01,-1.7946e-01,-1.7691e-01,-1.7460e-01,-1.7252e-01,-1.7064e-01,-1.6894e-01,-1.6740e-01,-1.6600e-01,-1.6472e-01,-1.6354e-01,-1.6242e-01,-1.6136e-01,-1.6031e-01,-1.5926e-01,-1.5818e-01,-1.5705e-01,-1.5584e-01,-1.5453e-01,-1.5310e-01,-1.5151e-01,-1.4977e-01,-1.4783e-01,-1.4569e-01,-1.4334e-01,-1.4075e-01,-1.3792e-01,-1.3484e-01,-1.3150e-01,-1.2789e-01
-1.9295e-03,-2.4778e-03,-3.7490e-03,-5.6700e-03,-8.1792e-03,-1.1225e-02,-1.4766e-02,-1.8763e-02,-2.3182e-02,-2.7992e-02,-3.3167e-02,-3.8687e-02,-4.4542e-02,-5.0730e-02,-5.7258e-02,-6.4139e-02,-7.1392e-02,-7.9037e-02,-8.7090e-02,-9.5564e-02,-1.0447e-01,-1.1381e-01,-1.2358e-01,-1.3380e-01,-1.4448e-01,-1.5566e-01,-1.6739e-01,-1.7977e-01,-1.9290e-01,-2.0693e-01,-2.2200e-01,-2.3827e-01,-2.5586e-01,-2.7481e-01,-2.9502e-01,-3.1619e-01,-3.3790e-01,-3.5978e-01,-3.8220e-01,-4.0710e-01,-4.3744e-01,-4.7261e-01,-5.0125e-01,-5.0796e-01,-4.9267e-01,-4.6734e-01,-4.4107e-01,-4.1710e-01,-3.9570e-01,-3.7632e-01,-3.5848e-01,-3.4187e-01,-3.2635e-01,-3.1187e-01,-2.9843e-01,-2.8601e-01,-2.7455e-01,-2.6403e-01,-2.5436e-01,-2.4550e-01,-2.3736e-01,-2.2988e-01,-2.2302e-01,-2.1670e-01,-2.1090e-01,-2.0557e-01,-2.0067e-01,-1.9618e-01,-1.9207e-01,-1.8830e-01,-1.8487e-01,-1.8174e-01,-1.7890e-01,-1.7632e-01,-1.7399e-01,-1.7188e-01,-1.6998e-01,-1.6826e-01,-1.6670e-01,-1.6528e-01,-1.6397e-01,-1.6276e-01,-1.6161e-01,-1.6051e-01,-1.5943e-01,-1.5834e-01,-1.5722e-01,-1.5604e-01,-1.5478e-01,-1.5342e-01,-1.5192e-01,-1.5028e-01,-1.4847e-01,-1.4647e-01,-1.4426e-01,-1.4183e-01,-1.3918e-01,-1.3627e-01,-1.3312e-01,-1.2971e-01
-2.5980e-03,-2.9430e-03,-4.0078e-03,-5.7160e-03,-8.0041e-03,-1.0820e-02,-1.4120e-02,-1.7867e-02,-2.2025e-02,-2.6562e-02,-3.1451e-02,-3.6669e-02,-4.2202e-02,-4.8046e-02,-5.4202e-02,-6.0684e-02,-6.7508e-02,-7.4693e-02,-8.2261e-02,-9.0227e-02,-9.8602e-02,-1.0739e-01,-1.1661e-01,-1.2625e-01,-1.3632e-01,-1.4685e-01,-1.5789e-01,-1.6948e-01,-1.8173e-01,-1.9476e-01,-2.0869e-01,-2.2368e-01,-2.3989e-01,-2.5741e-01,-2.7629e-01,-2.9640e-01,-3.1746e-01,-3.3903e-01,-3.6081e-01,-3.8324e-01,-4.0825e-01,-4.3874e-01,-4.7385e-01,-5.0220e-01,-5.0874e-01,-4.9347e-01,-4.6821e-01,-4.4196e-01,-4.1794e-01,-3.9645e-01,-3.7698e-01,-3.5904e-01,-3.4233e-01,-3.2671e-01,-3.1215e-01,-2.9861e-01,-2.8609e-01,-2.7455e-01,-2.6394e-01,-2.5420e-01,-2.4526e-01,-2.3704e-01,-2.2950e-01,-2.2257e-01,-2.1619e-01,-2.1033e-01,-2.0494e-01,-1.9999e-01,-1.9544e-01,-1.9127e-01,-1.8746e-01,-1.8398e-01,-1.8081e-01,-1.7792e-01,-1.7531e-01,-1.7293e-01,-1.7079e-01,-1.6884e-01,-1.6708e-01,-1.6548e-01,-1.6402e-01,-1.6267e-01,-1.6140e-01,-1.6021e-01,-1.5906e-01,-1.5792e-01,-1.5677e-01,-1.5558e-01,-1.5434e-01,-1.5301e-01,-1.5157e-01,-1.5000e-01,-1.4828e-01,-1.4639e-01,-1.4430e-01,-1.4202e-01,-1.3951e-01,-1.3677e-01,-1.3379e-01,-1.3056e-01
-3.2673e-03,-3.4219e-03,-4.2922e-03,-5.7998e-03,-7.8793e-03,-1.0478e-02,-1.3552e-02,-1.7065e-02,-2.0979e-02,-2.5263e-02,-2.9887e-02,-3.4828e-02,-4.0067e-02,-4.5595e-02,-5.1413e-02,-5.7529e-02,-6.3959e-02,-7.0722e-02,-7.7838e-02,-8.5328e-02,-9.3206e-02,-1.0148e-01,-1.1016e-01,-1.1926e-01,-1.2876e-01,-1.3870e-01,-1.4909e-01,-1.5999e-01,-1.7146e-01,-1.8360e-01,-1.9652e-01,-2.1037e-01,-2.2530e-01,-2.4144e-01,-2.5890e-01,-2.7770e-01,-2.9771e-01,-3.1865e-01,-3.4010e-01,-3.6179e-01,-3.8421e-01,-4.0935e-01,-4.3998e-01,-4.7502e-01,-5.0308e-01,-5.0943e-01,-4.9418e-01,-4.6897e-01,-4.4271e-01,-4.1863e-01,-3.9704e-01,-3.7747e-01,-3.5942e-01,-3.4260e-01,-3.2688e-01,-3.1221e-01,-2.9857e-01,-2.8595e-01,-2.7432e-01,-2.6361e-01,-2.5378e-01,-2.4475e-01,-2.3646e-01,-2.2883e-01,-2.2183e-01,-2.1538e-01,-2.0944e-01,-2.0399e-01,-1.9897e-01,-1.9436e-01,-1.9013e-01,-1.8626e-01,-1.8271e-01,-1.7948e-01,-1.7654e-01,-1.7386e-01,-1.7143e-01,-1.6923e-01,-1.6722e-01,-1.6540e-01,-1.6374e-01,-1.6221e-01,-1.6079e-01,-1.5946e-01,-1.5819e-01,-1.5696e-01,-1.5574e-01,-1.5451e-01,-1.5324e-01,-1.5191e-01,-1.5049e-01,-1.4896e-01,-1.4729e-01,-1.4548e-01,-1.4349e-01,-1.4132e-01,-1.3893e-01,-1.3634e-01,-1.3351e-01,-1.3044e-01
-3.9314e-03,-3.9071e-03,-4.5938e-03,-5.9119e-03,-7.7940e-03,-1.0188e-02,-1.3050e-02,-1.6341e-02,-2.0027e-02,-2.4075e-02,-2.8454e-02,-3.3139e-02,-3.8108e-02,-4.3349e-02,-4.8858e-02,-5.4641e-02,-6.0710e-02,-6.7084e-02,-7.3784e-02,-8.0831e-02,-8.8243e-02,-9.6034e-02,-1.0421e-01,-1.1278e-01,-1.2176e-01,-1.3114e-01,-1.4094e-01,-1.5121e-01,-1.6198e-01,-1.7333e-01,-1.8537e-01,-1.9821e-01,-2.1198e-01,-2.2684e-01,-2.4293e-01,-2.6033e-01,-2.7905e-01,-2.9897e-01,-3.1979e-01,-3.4111e-01,-3.6270e-01,-3.8513e-01,-4.1039e-01,-4.4116e-01,-4.7612e-01,-5.0388e-01,-5.1003e-01,-4.9479e-01,-4.6960e-01,-4.4331e-01,-4.1915e-01,-3.9747e-01,-3.7778e-01,-3.5962e-01,-3.4268e-01,-3.2685e-01,-3.1206e-01,-2.9831e-01,-2.8559e-01,-2.7384e-01,-2.6304e-01,-2.5311e-01,-2.4398e-01,-2.3560e-01,-2.2789e-01,-2.2079e-01,-2.1426e-01,-2.0825e-01,-2.0271e-01,-1.9762e-01,-1.9293e-01,-1.8863e-01,-1.8468e-01,-1.8106e-01,-1.7776e-01,-1.7474e-01,-1.7199e-01,-1.6948e-01,-1.6719e-01,-1.6511e-01,-1.6321e-01,-1.6146e-01,-1.5984e-01,-1.5833e-01,-1.5691e-01,-1.5554e-01,-1.5421e-01,-1.5289e-01,-1.5155e-01,-1.5018e-01,-1.4873e-01,-1.4720e-01,-1.4556e-01,-1.4379e-01,-1.4186e-01,-1.3976e-01,-1.3748e-01,-1.3499e-01,-1.3228e-01,-1.2935e-01
-4.5853e-03,-4.3920e-03,-4.9059e-03,-6.0446e-03,-7.7409e-03,-9.9405e-03,-1.2601e-02,-1.5684e-02,-1.9155e-02,-2.2982e-02,-2.7133e-02,-3.1581e-02,-3.6301e-02,-4.1280e-02,-4.6507e-02,-5.1987e-02,-5.7728e-02,-6.3746e-02,-7.0063e-02,-7.6700e-02,-8.3677e-02,-9.1012e-02,-9.8716e-02,-1.0680e-01,-1.1526e-01,-1.2412e-01,-1.3338e-01,-1.4306e-01,-1.5321e-01,-1.6386e-01,-1.7512e-01,-1.8706e-01,-1.9982e-01,-2.1353e-01,-2.2834e-01,-2.4436e-01,-2.6170e-01,-2.8035e-01,-3.0016e-01,-3.2086e-01,-3.4205e-01,-3.6356e-01,-3.8600e-01,-4.1138e-01,-4.4227e-01,-4.7713e-01,-5.0459e-01,-5.1055e-01,-4.9528e-01,-4.7010e-01,-4.4376e-01,-4.1951e-01,-3.9771e-01,-3.7790e-01,-3.5962e-01,-3.4256e-01,-3.2660e-01,-3.1170e-01,-2.9783e-01,-2.8499e-01,-2.7313e-01,-2.6222e-01,-2.5218e-01,-2.4295e-01,-2.3447e-01,-2.2667e-01,-2.1948e-01,-2.1286e-01,-2.0675e-01,-2.0113e-01,-1.9594e-01,-1.9117e-01,-1.8677e-01,-1.8273e-01,-1.7903e-01,-1.7563e-01,-1.7252e-01,-1.6967e-01,-1.6706e-01,-1.6468e-01,-1.6249e-01,-1.6048e-01,-1.5862e-01,-1.5689e-01,-1.5527e-01,-1.5373e-01,-1.5224e-01,-1.5079e-01,-1.4934e-01,-1.4787e-01,-1.4636e-01,-1.4479e-01,-1.4313e-01,-1.4135e-01,-1.3945e-01,-1.3739e-01,-1.3517e-01,-1.3276e-01,-1.3015e-01,-1.2733e-01
-5.2233e-03,-4.8719e-03,-5.2225e-03,-6.1914e-03,-7.7113e-03,-9.7269e-03,-1.2196e-02,-1.5082e-02,-1.8350e-02,-2.1970e-02,-2.5908e-02,-3.0135e-02,-3.4627e-02,-3.9364e-02,-4.4336e-02,-4.9539e-02,-5.4981e-02,-6.0676e-02,-6.6641e-02,-7.2900e-02,-7.9473e-02,-8.6382e-02,-9.3640e-02,-1.0126e-01,-1.0925e-01,-1.1761e-01,-1.2636e-01,-1.3550e-01,-1.4507e-01,-1.5510e-01,-1.6566e-01,-1.7682e-01,-1.8868e-01,-2.0137e-01,-2.1502e-01,-2.2978e-01,-2.4575e-01,-2.6303e-01,-2.8159e-01,-3.0130e-01,-3.2187e-01,-3.4294e-01,-3.6436e-01,-3.8681e-01,-4.1231e-01,-4.4330e-01,-4.7806e-01,-5.0521e-01,-5.1097e-01,-4.9566e-01,-4.7046e-01,-4.4406e-01,-4.1970e-01,-3.9778e-01,-3.7784e-01,-3.5942e-01,-3.4223e-01,-3.2615e-01,-3.1112e-01,-2.9713e-01,-2.8416e-01,-2.7218e-01,-2.6115e-01,-2.5100e-01,-2.4167e-01,-2.3308e-01,-2.2517e-01,-2.1788e-01,-2.1116e-01,-2.0495e-01,-1.9922e-01,-1.9394e-01,-1.8906e-01,-1.8456e-01,-1.8041e-01,-1.7660e-01,-1.7309e-01,-1.6986e-01,-1.6690e-01,-1.6417e-01,-1.6166e-01,-1.5935e-01,-1.5721e-01,-1.5522e-01,-1.5335e-01,-1.5159e-01,-1.4990e-01,-1.4827e-01,-1.4666e-01,-1.4506e-01,-1.4344e-01,-1.4178e-01,-1.4005e-01,-1.3824e-01,-1.3631e-01,-1.3426e-01,-1.3205e-01,-1.2969e-01,-1.2714e-01,-1.2440e-01
-5.8420e-03,-5.3416e-03,-5.5378e-03,-6.3468e-03,-7.6984e-03,-9.5392e-03,-1.1827e-02,-1.4526e-02,-1.7602e-02,-2.1025e-02,-2.4763e-02,-2.8786e-02,-3.3066e-02,-3.7582e-02,-4.2318e-02,-4.7271e-02,-5.2441e-02,-5.7840e-02,-6.3485e-02,-6.9397e-02,-7.5598e-02,-8.2109e-02,-8.8950e-02,-9.6134e-02,-1.0367e-01,-1.1157e-01,-1.1983e-01,-1.2848e-01,-1.3752e-01,-1.4698e-01,-1.5691e-01,-1.6737e-01,-1.7845e-01,-1.9024e-01,-2.0287e-01,-2.1647e-01,-2.3117e-01,-2.4709e-01,-2.6430e-01,-2.8278e-01,-3.0239e-01,-3.2283e-01,-3.4376e-01,-3.6510e-01,-3.8756e-01,-4.1318e-01,-4.4426e-01,-4.7890e-01,-5.0574e-01,-5.1128e-01,-4.9592e-01,-4.7068e-01,-4.4419e-01,-4.1971e-01,-3.9765e-01,-3.7757e-01,-3.5902e-01,-3.4170e-01,-3.2548e-01,-3.1032e-01,-2.9620e-01,-2.8310e-01,-2.7100e-01,-2.5985e-01,-2.4958e-01,-2.4013e-01,-2.3143e-01,-2.2340e-01,-2.1600e-01,-2.0917e-01,-2.0285e-01,-1.9701e-01,-1.9160e-01,-1.8661e-01,-1.8199e-01,-1.7772e-01,-1.7377e-01,-1.7013e-01,-1.6677e-01,-1.6367e-01,-1.6080e-01,-1.5814e-01,-1.5568e-01,-1.5338e-01,-1.5123e-01,-1.4920e-01,-1.4727e-01,-1.4541e-01,-1.4360e-01,-1.4182e-01,-1.4004e-01,-1.3825e-01,-1.3641e-01,-1.3450e-01,-1.3251e-01,-1.3041e-01,-1.2819e-01,-1.2583e-01,-1.2330e-01,-1.2061e-01
-6.4373e-03,-5.7969e-03,-5.8479e-03,-6.5046e-03,-7.6971e-03,-9.3720e-03,-1.1486e-02,-1.4006e-02,-1.6901e-02,-2.0138e-02,-2.3687e-02,-2.7518e-02,-3.1601e-02,-3.5912e-02,-4.0435e-02,-4.5158e-02,-5.0081e-02,-5.5213e-02,-6.0565e-02,-6.6160e-02,-7.2018e-02,-7.8162e-02,-8.4614e-02,-9.1389e-02,-9.8502e-02,-1.0596e-01,-1.1377e-01,-1.2194e-01,-1.3049e-01,-1.3943e-01,-1.4879e-01,-1.5863e-01,-1.6901e-01,-1.8001e-01,-1.9174e-01,-2.0431e-01,-2.1786e-01,-2.3251e-01,-2.4838e-01,-2.6553e-01,-2.8392e-01,-3.0341e-01,-3.2372e-01,-3.4453e-01,-3.6579e-01,-3.8826e-01,-4.1398e-01,-4.4514e-01,-4.7964e-01,-5.0617e-01,-5.1149e-01,-4.9606e-01,-4.7075e-01,-4.4415e-01,-4.1954e-01,-3.9733e-01,-3.7711e-01,-3.5841e-01,-3.4096e-01,-3.2460e-01,-3.0930e-01,-2.9505e-01,-2.8182e-01,-2.6959e-01,-2.5831e-01,-2.4792e-01,-2.3834e-01,-2.2952e-01,-2.2137e-01,-2.1385e-01,-2.0689e-01,-2.0044e-01,-1.9447e-01,-1.8894e-01,-1.8381e-01,-1.7905e-01,-1.7463e-01,-1.7054e-01,-1.6675e-01,-1.6323e-01,-1.5996e-01,-1.5693e-01,-1.5410e-01,-1.5145e-01,-1.4897e-01,-1.4663e-01,-1.4441e-01,-1.4228e-01,-1.4023e-01,-1.3822e-01,-1.3624e-01,-1.3426e-01,-1.3226e-01,-1.3022e-01,-1.2812e-01,-1.2593e-01,-1.2364e-01,-1.2123e-01,-1.1869e-01,-1.1599e-01
-7.0062e-03,-6.2345e-03,-6.1482e-03,-6.6604e-03,-7.7019e-03,-9.2181e-03,-1.1168e-02,-1.3518e-02,-1.6239e-02,-1.9299e-02,-2.2670e-02,-2.6319e-02,-3.0218e-02,-3.4341e-02,-3.8666e-02,-4.3180e-02,-4.7879e-02,-5.2766e-02,-5.7854e-02,-6.3159e-02,-6.8704e-02,-7.4510e-02,-8.0600e-02,-8.6994e-02,-9.3706e-02,-1.0075e-01,-1.0813e-01,-1.1586e-01,-1.2395e-01,-1.3240e-01,-1.4125e-01,-1.5053e-01,-1.6028e-01,-1.7058e-01,-1.8151e-01,-1.9318e-01,-2.0570e-01,-2.1921e-01,-2.3382e-01,-2.4963e-01,-2.6671e-01,-2.8501e-01,-3.0438e-01,-3.2456e-01,-3.4523e-01,-3.6641e-01,-3.8889e-01,-4.1471e-01,-4.4594e-01,-4.8029e-01,-5.0650e-01,-5.1159e-01,-4.9606e-01,-4.7067e-01,-4.4394e-01,-4.1918e-01,-3.9682e-01,-3.7645e-01,-3.5760e-01,-3.4000e-01,-3.2351e-01,-3.0807e-01,-2.9368e-01,-2.8031e-01,-2.6795e-01,-2.5654e-01,-2.4601e-01,-2.3630e-01,-2.2735e-01,-2.1907e-01,-2.1141e-01,-2.0432e-01,-1.9774e-01,-1.9162e-01,-1.8594e-01,-1.8065e-01,-1.7574e-01,-1.7116e-01,-1.6690e-01,-1.6293e-01,-1.5923e-01,-1.5577e-01,-1.5254e-01,-1.4951e-01,-1.4666e-01,-1.4397e-01,-1.4141e-01,-1.3897e-01,-1.3662e-01,-1.3434e-01,-1.3211e-01,-1.2990e-01,-1.2769e-01,-1.2546e-01,-1.2320e-01,-1.2087e-01,-1.1847e-01,-1.1597e-01,-1.1336e-01,-1.1062e-01
-7.5455e-03,-6.6508e-03,-6.4347e-03,-6.8111e-03,-7.7085e-03,-9.0741e-03,-1.0867e-02,-1.3054e-02,-1.5608e-02,-1.8500e-02,-2.1701e-02,-2.5180e-02,-2.8906e-02,-3.2852e-02,-3.6995e-02,-4.1318e-02,-4.5813e-02,-5.0479e-02,-5.5326e-02,-6.0368e-02,-6.5626e-02,-7.1121e-02,-7.6877e-02,-8.2916e-02,-8.9255e-02,-9.5909e-02,-1.0289e-01,-1.1020e-01,-1.1785e-01,-1.2585e-01,-1.3422e-01,-1.4299e-01,-1.5218e-01,-1.6186e-01,-1.7209e-01,-1.8296e-01,-1.9458e-01,-2.0705e-01,-2.2051e-01,-2.3507e-01,-2.5083e-01,-2.6784e-01,-2.8604e-01,-3.0530e-01,-3.2533e-01,-3.4587e-01,-3.6696e-01,-3.8946e-01,-4.1537e-01,-4.4665e-01,-4.8084e-01,-5.0672e-01,-5.1158e-01,-4.9594e-01,-4.7043e-01,-4.4356e-01,-4.1863e-01,-3.9611e-01,-3.7558e-01,-3.5659e-01,-3.3884e-01,-3.2221e-01,-3.0663e-01,-2.9210e-01,-2.7859e-01,-2.6609e-01,-2.5453e-01,-2.4387e-01,-2.3402e-01,-2.2493e-01,-2.1651e-01,-2.0870e-01,-2.0146e-01,-1.9472e-01,-1.8844e-01,-1.8259e-01,-1.7714e-01,-1.7204e-01,-1.6728e-01,-1.6282e-01,-1.5865e-01,-1.5474e-01,-1.5107e-01,-1.4762e-01,-1.4436e-01,-1.4128e-01,-1.3835e-01,-1.3555e-01,-1.3286e-01,-1.3026e-01,-1.2772e-01,-1.2523e-01,-1.2277e-01,-1.2031e-01,-1.1783e-01,-1.1532e-01,-1.1276e-01,-1.1012e-01,-1.0739e-01,-1.0456e-01
-8.0527e-03,-7.0425e-03,-6.7048e-03,-6.9521e-03,-7.7134e-03,-8.9352e-03,-1.0577e-02,-1.2609e-02,-1.5004e-02,-1.7735e-02,-2.0773e-02,-2.4089e-02,-2.7653e-02,-3.1434e-02,-3.5408e-02,-3.9555e-02,-4.3864e-02,-4.8330e-02,-5.2958e-02,-5.7762e-02,-6.2758e-02,-6.7969e-02,-7.3418e-02,-7.9127e-02,-8.5117e-02,-9.1405e-02,-9.8003e-02,-1.0492e-01,-1.1216e-01,-1.1974e-01,-1.2767e-01,-1.3596e-01,-1.4465e-01,-1.5377e-01,-1.6337e-01,-1.7354e-01,-1.8436e-01,-1.9593e-01,-2.0836e-01,-2.2178e-01,-2.3629e-01,-2.5199e-01,-2.6891e-01,-2.8702e-01,-3.0614e-01,-3.2603e-01,-3.4644e-01,-3.6745e-01,-3.8996e-01,-4.1596e-01,-4.4726e-01,-4.8127e-01,-5.0683e-01,-5.1144e-01,-4.9567e-01,-4.7003e-01,-4.4299e-01,-4.1789e-01,-3.9520e-01,-3.7451e-01,-3.5537e-01,-3.3748e-01,-3.2070e-01,-3.0498e-01,-2.9030e-01,-2.7665e-01,-2.6400e-01,-2.5230e-01,-2.4149e-01,-2.3149e-01,-2.2225e-01,-2.1367e-01,-2.0571e-01,-1.9830e-01,-1.9139e-01,-1.8493e-01,-1.7890e-01,-1.7325e-01,-1.6795e-01,-1.6297e-01,-1.5830e-01,-1.5390e-01,-1.4976e-01,-1.4584e-01,-1.4214e-01,-1.3863e-01,-1.3528e-01,-1.3208e-01,-1.2901e-01,-1.2604e-01,-1.2316e-01,-1.2035e-01,-1.1758e-01,-1.1483e-01,-1.1209e-01,-1.0935e-01,-1.0657e-01,-1.0374e-01,-1.0085e-01,-9.7878e-02
-8.5253e-03,-7.4075e-03,-6.9553e-03,-7.0810e-03,-7.7126e-03,-8.7972e-03,-1.0296e-02,-1.2178e-02,-1.4420e-02,-1.6996e-02,-1.9879e-02,-2.3041e-02,-2.6450e-02,-3.0076e-02,-3.3893e-02,-3.7878e-02,-4.2016e-02,-4.6299e-02,-5.0730e-02,-5.5318e-02,-6.0076e-02,-6.5028e-02,-7.0194e-02,-7.5600e-02,-8.1265e-02,-8.7211e-02,-9.3451e-02,-9.9996e-02,-1.0686e-01,-1.1404e-01,-1.2155e-01,-1.2940e-01,-1.3762e-01,-1.4624e-01,-1.5529e-01,-1.6483e-01,-1.7495e-01,-1.8571e-01,-1.9724e-01,-2.0962e-01,-2.2299e-01,-2.3746e-01,-2.5309e-01,-2.6994e-01,-2.8794e-01,-3.0693e-01,-3.2667e-01,-3.4695e-01,-3.6788e-01,-3.9039e-01,-4.1646e-01,-4.4778e-01,-4.8160e-01,-5.0682e-01,-5.1118e-01,-4.9526e-01,-4.6947e-01,-4.4225e-01,-4.1696e-01,-3.9409e-01,-3.7324e-01,-3.5394e-01,-3.3590e-01,-3.1898e-01,-3.0311e-01,-2.8829e-01,-2.7449e-01,-2.6169e-01,-2.4984e-01,-2.3887e-01,-2.2872e-01,-2.1931e-01,-2.1056e-01,-2.0242e-01,-1.9483e-01,-1.8773e-01,-1.8108e-01,-1.7483e-01,-1.6897e-01,-1.6344e-01,-1.5823e-01,-1.5331e-01,-1.4866e-01,-1.4425e-01,-1.4007e-01,-1.3608e-01,-1.3228e-01,-1.2864e-01,-1.2514e-01,-1.2177e-01,-1.1850e-01,-1.1531e-01,-1.1219e-01,-1.0911e-01,-1.0606e-01,-1.0303e-01,-9.9982e-02,-9.6913e-02,-9.3806e-02,-9.0643e-02
-8.9612e-03,-7.7432e-03,-7.1834e-03,-7.1941e-03,-7.7032e-03,-8.6574e-03,-1.0019e-02,-1.1759e-02,-1.3853e-02,-1.6280e-02,-1.9014e-02,-2.2027e-02,-2.5289e-02,-2.8769e-02,-3.2439e-02,-3.6273e-02,-4.0255e-02,-4.4371e-02,-4.8623e-02,-5.3014e-02,-5.7558e-02,-6.2273e-02,-6.7182e-02,-7.2307e-02,-7.7673e-02,-8.3299e-02,-8.9203e-02,-9.5399e-02,-1.0190e-01,-1.0870e-01,-1.1582e-01,-1.2327e-01,-1.3106e-01,-1.3921e-01,-1.4776e-01,-1.5675e-01,-1.6624e-01,-1.7630e-01,-1.8702e-01,-1.9850e-01,-2.1084e-01,-2.2417e-01,-2.3858e-01,-2.5415e-01,-2.7090e-01,-2.8879e-01,-3.0765e-01,-3.2724e-01,-3.4738e-01,-3.6822e-01,-3.9074e-01,-4.1687e-01,-4.4819e-01,-4.8181e-01,-5.0669e-01,-5.1079e-01,-4.9471e-01,-4.6874e-01,-4.4133e-01,-4.1584e-01,-3.9279e-01,-3.7177e-01,-3.5232e-01,-3.3413e-01,-3.1706e-01,-3.0105e-01,-2.8608e-01,-2.7212e-01,-2.5917e-01,-2.4715e-01,-2.3602e-01,-2.2569e-01,-2.1610e-01,-2.0718e-01,-1.9884e-01,-1.9105e-01,-1.8373e-01,-1.7686e-01,-1.7039e-01,-1.6427e-01,-1.5850e-01,-1.5302e-01,-1.4783e-01,-1.4290e-01,-1.3819e-01,-1.3371e-01,-1.2942e-01,-1.2530e-01,-1.2134e-01,-1.1751e-01,-1.1381e-01,-1.1020e-01,-1.0668e-01,-1.0322e-01,-9.9816e-02,-9.6440e-02,-9.3079e-02,-8.9718e-02,-8.6342e-02,-8.2936e-02
-9.3583e-03,-8.0474e-03,-7.3873e-03,-7.2893e-03,-7.6823e-03,-8.5125e-03,-9.7429e-03,-1.1346e-02,-1.3299e-02,-1.5583e-02,-1.8173e-02,-2.1043e-02,-2.4164e-02,-2.7505e-02,-3.1036e-02,-3.4730e-02,-3.8566e-02,-4.2532e-02,-4.6619e-02,-5.0833e-02,-5.5182e-02,-5.9683e-02,-6.4357e-02,-6.9225e-02,-7.4313e-02,-7.9644e-02,-8.5235e-02,-9.1103e-02,-9.7258e-02,-1.0371e-01,-1.1047e-01,-1.1753e-01,-1.2492e-01,-1.3265e-01,-1.4074e-01,-1.4922e-01,-1.5815e-01,-1.6759e-01,-1.7760e-01,-1.8828e-01,-1.9972e-01,-2.1202e-01,-2.2530e-01,-2.3965e-01,-2.5515e-01,-2.7181e-01,-2.8958e-01,-3.0829e-01,-3.2773e-01,-3.4773e-01,-3.6850e-01,-3.9101e-01,-4.1720e-01,-4.4850e-01,-4.8190e-01,-5.0643e-01,-5.1027e-01,-4.9401e-01,-4.6785e-01,-4.4022e-01,-4.1453e-01,-3.9128e-01,-3.7009e-01,-3.5049e-01,-3.3216e-01,-3.1494e-01,-2.9878e-01,-2.8365e-01,-2.6954e-01,-2.5642e-01,-2.4424e-01,-2.3292e-01,-2.2241e-01,-2.1263e-01,-2.0350e-01,-1.9495e-01,-1.8693e-01,-1.7938e-01,-1.7227e-01,-1.6553e-01,-1.5915e-01,-1.5309e-01,-1.4733e-01,-1.4183e-01,-1.3658e-01,-1.3156e-01,-1.2674e-01,-1.2211e-01,-1.1765e-01,-1.1333e-01,-1.0915e-01,-1.0509e-01,-1.0112e-01,-9.7241e-02,-9.3426e-02,-8.9663e-02,-8.5935e-02,-8.2231e-02,-7.8534e-02,-7.4832e-02
-9.7154e-03,-8.3183e-03,-7.5640e-03,-7.3644e-03,-7.6478e-03,-8.3602e-03,-9.4655e-03,-1.0937e-02,-1.2754e-02,-1.4899e-02,-1.7351e-02,-2.0084e-02,-2.3069e-02,-2.6278e-02,-2.9677e-02,-3.3239e-02,-3.6942e-02,-4.0767e-02,-4.4706e-02,-4.8759e-02,-5.2931e-02,-5.7238e-02,-6.1697e-02,-6.6331e-02,-7.1165e-02,-7.6221e-02,-8.1520e-02,-8.7080e-02,-9.2914e-02,-9.9033e-02,-1.0544e-01,-1.1215e-01,-1.1917e-01,-1.2650e-01,-1.3417e-01,-1.4220e-01,-1.5063e-01,-1.5951e-01,-1.6890e-01,-1.7886e-01,-1.8949e-01,-2.0089e-01,-2.1315e-01,-2.2637e-01,-2.4067e-01,-2.5609e-01,-2.7266e-01,-2.9030e-01,-3.0887e-01,-3.2815e-01,-3.4801e-01,-3.6869e-01,-3.9120e-01,-4.1743e-01,-4.4869e-01,-4.8186e-01,-5.0604e-01,-5.0961e-01,-4.9315e-01,-4.6679e-01,-4.3893e-01,-4.1302e-01,-3.8958e-01,-3.6822e-01,-3.4847e-01,-3.2999e-01,-3.1263e-01,-2.9631e-01,-2.8103e-01,-2.6675e-01,-2.5345e-01,-2.4108e-01,-2.2958e-01,-2.1887e-01,-2.0887e-01,-1.9951e-01,-1.9073e-01,-1.8246e-01,-1.7466e-01,-1.6727e-01,-1.6025e-01,-1.5357e-01,-1.4720e-01,-1.4112e-01,-1.3529e-01,-1.2970e-01,-1.2432e-01,-1.1914e-01,-1.1414e-01,-1.0930e-01,-1.0460e-01,-1.0004e-01,-9.5586e-02,-9.1234e-02,-8.6965e-02,-8.2767e-02,-7.8626e-02,-7.4527e-02,-7.0460e-02,-6.6410e-02
-1.0030e-02,-8.5540e-03,-7.7121e-03,-7.4171e-03,-7.5971e-03,-8.1983e-03,-9.1835e-03,-1.0529e-02,-1.2216e-02,-1.4228e-02,-1.6545e-02,-1.9145e-02,-2.2000e-02,-2.5080e-02,-2.8354e-02,-3.1793e-02,-3.5370e-02,-3.9066e-02,-4.2870e-02,-4.6776e-02,-5.0789e-02,-5.4919e-02,-5.9184e-02,-6.3605e-02,-6.8204e-02,-7.3007e-02,-7.8035e-02,-8.3307e-02,-8.8841e-02,-9.4646e-02,-1.0073e-01,-1.0710e-01,-1.1377e-01,-1.2073e-01,-1.2801e-01,-1.3563e-01,-1.4360e-01,-1.5198e-01,-1.6081e-01,-1.7015e-01,-1.8007e-01,-1.9066e-01,-2.0202e-01,-2.1423e-01,-2.2740e-01,-2.4163e-01,-2.5697e-01,-2.7343e-01,-2.9095e-01,-3.0936e-01,-3.2848e-01,-3.4820e-01,-3.6879e-01,-3.9130e-01,-4.1755e-01,-4.4876e-01,-4.8169e-01,-5.0552e-01,-5.0880e-01,-4.9214e-01,-4.6556e-01,-4.3746e-01,-4.1132e-01,-3.8769e-01,-3.6616e-01,-3.4625e-01,-3.2763e-01,-3.1011e-01,-2.9365e-01,-2.7820e-01,-2.6374e-01,-2.5026e-01,-2.3769e-01,-2.2598e-01,-2.1504e-01,-2.0481e-01,-1.9521e-01,-1.8617e-01,-1.7763e-01,-1.6953e-01,-1.6184e-01,-1.5451e-01,-1.4750e-01,-1.4079e-01,-1.3435e-01,-1.2816e-01,-1.2219e-01,-1.1643e-01,-1.1086e-01,-1.0546e-01,-1.0021e-01,-9.5110e-02,-9.0133e-02,-8.5268e-02,-8.0503e-02,-7.5825e-02,-7.1222e-02,-6.6682e-02,-6.2193e-02,-5.7745e-02
-1.0302e-02,-8.7529e-03,-7.8301e-03,-7.4459e-03,-7.5286e-03,-8.0236e-03,-8.8957e-03,-1.0121e-02,-1.1682e-02,-1.3565e-02,-1.5752e-02,-1.8223e-02,-2.0951e-02,-2.3909e-02,-2.7063e-02,-3.0384e-02,-3.3844e-02,-3.7421e-02,-4.1099e-02,-4.4872e-02,-4.8740e-02,-5.2711e-02,-5.6800e-02,-6.1026e-02,-6.5411e-02,-6.9981e-02,-7.4758e-02,-7.9763e-02,-8.5013e-02,-9.0524e-02,-9.6303e-02,-1.0236e-01,-1.0869e-01,-1.1532e-01,-1.2224e-01,-1.2947e-01,-1.3703e-01,-1.4495e-01,-1.5328e-01,-1.6206e-01,-1.7136e-01,-1.8124e-01,-1.9179e-01,-2.0310e-01,-2.1526e-01,-2.2838e-01,-2.4253e-01,-2.5779e-01,-2.7414e-01,-2.9152e-01,-3.0978e-01,-3.2873e-01,-3.4831e-01,-3.6881e-01,-3.9130e-01,-4.1757e-01,-4.4872e-01,-4.8139e-01,-5.0486e-01,-5.0785e-01,-4.9098e-01,-4.6415e-01,-4.3580e-01,-4.0943e-01,-3.8560e-01,-3.6391e-01,-3.4384e-01,-3.2507e-01,-3.0741e-01,-2.9078e-01,-2.7516e-01,-2.6052e-01,-2.4683e-01,-2.3405e-01,-2.2210e-01,-2.1092e-01,-2.0043e-01,-1.9056e-01,-1.8123e-01,-1.7239e-01,-1.6398e-01,-1.5595e-01,-1.4828e-01,-1.4091e-01,-1.3383e-01,-1.2701e-01,-1.2042e-01,-1.1405e-01,-1.0787e-01,-1.0187e-01,-9.6044e-02,-9.0364e-02,-8.4822e-02,-7.9406e-02,-7.4103e-02,-6.8902e-02,-6.3793e-02,-5.8764e-02,-5.3806e-02,-4.8910e-02
-1.0529e-02,-8.9134e-03,-7.9158e-03,-7.4489e-03,-7.4400e-03,-7.8354e-03,-8.5997e-03,-9.7095e-03,-1.1150e-02,-1.2908e-02,-1.4969e-02,-1.7315e-02,-1.9921e-02,-2.2759e-02,-2.5798e-02,-2.9007e-02,-3.2356e-02,-3.5821e-02,-3.9384e-02,-4.3035e-02,-4.6772e-02,-5.0598e-02,-5.4527e-02,-5.8577e-02,-6.2767e-02,-6.7124e-02,-7.1668e-02,-7.6425e-02,-8.1412e-02,-8.6645e-02,-9.2135e-02,-9.7891e-02,-1.0392e-01,-1.1022e-01,-1.1680e-01,-1.2368e-01,-1.3086e-01,-1.3837e-01,-1.4625e-01,-1.5453e-01,-1.6327e-01,-1.7252e-01,-1.8236e-01,-1.9286e-01,-2.0412e-01,-2.1624e-01,-2.2929e-01,-2.4337e-01,-2.5853e-01,-2.7477e-01,-2.9201e-01,-3.1011e-01,-3.2890e-01,-3.4833e-01,-3.6874e-01,-3.9121e-01,-4.1748e-01,-4.4854e-01,-4.8095e-01,-5.0405e-01,-5.0676e-01,-4.8965e-01,-4.6258e-01,-4.3396e-01,-4.0735e-01,-3.8332e-01,-3.6146e-01,-3.4125e-01,-3.2233e-01,-3.0451e-01,-2.8771e-01,-2.7190e-01,-2.5706e-01,-2.4315e-01,-2.3014e-01,-2.1794e-01,-2.0649e-01,-1.9571e-01,-1.8554e-01,-1.7589e-01,-1.6672e-01,-1.5796e-01,-1.4958e-01,-1.4152e-01,-1.3377e-01,-1.2628e-01,-1.1904e-01,-1.1202e-01,-1.0521e-01,-9.8590e-02,-9.2141e-02,-8.5852e-02,-7.9711e-02,-7.3705e-02,-6.7825e-02,-6.2061e-02,-5.6403e-02,-5.0842e-02,-4.5370e-02,-3.9979e-02
-1.0712e-02,-9.0343e-03,-7.9679e-03,-7.4239e-03,-7.3296e-03,-7.6316e-03,-8.2930e-03,-9.2929e-03,-1.0617e-02,-1.2255e-02,-1.4195e-02,-1.6419e-02,-1.8906e-02,-2.1628e-02,-2.4556e-02,-2.7656e-02,-3.0900e-02,-3.4261e-02,-3.7718e-02,-4.1257e-02,-4.4873e-02,-4.8569e-02,-5.2353e-02,-5.6242e-02,-6.0255e-02,-6.4416e-02,-6.8748e-02,-7.3273e-02,-7.8014e-02,-8.2988e-02,-8.8207e-02,-9.3681e-02,-9.9416e-02,-1.0542e-01,-1.1168e-01,-1.1823e-01,-1.2506e-01,-1.3220e-01,-1.3966e-01,-1.4750e-01,-1.5573e-01,-1.6442e-01,-1.7363e-01,-1.8343e-01,-1.9389e-01,-2.0510e-01,-2.1716e-01,-2.3015e-01,-2.4415e-01,-2.5921e-01,-2.7533e-01,-2.9242e-01,-3.1035e-01,-3.2897e-01,-3.4825e-01,-3.6857e-01,-3.9101e-01,-4.1727e-01,-4.4823e-01,-4.8036e-01,-5.0310e-01,-5.0550e-01,-4.8816e-01,-4.6083e-01,-4.3194e-01,-4.0508e-01,-3.8086e-01,-3.5883e-01,-3.3846e-01,-3.1939e-01,-3.0141e-01,-2.8443e-01,-2.6843e-01,-2.5337e-01,-2.3922e-01,-2.2594e-01,-2.1347e-01,-2.0172e-01,-1.9063e-01,-1.8012e-01,-1.7013e-01,-1.6059e-01,-1.5145e-01,-1.4267e-01,-1.3420e-01,-1.2602e-01,-1.1810e-01,-1.1041e-01,-1.0293e-01,-9.5655e-02,-8.8556e-02,-8.1625e-02,-7.4850e-02,-6.8221e-02,-6.1728e-02,-5.5361e-02,-4.9114e-02,-4.2979e-02,-3.6949e-02,-3.1017e-02
-1.0847e-02,-9.1145e-03,-7.9849e-03,-7.3696e-03,-7.1963e-03,-7.4099e-03,-7.9748e-03,-8.8699e-03,-1.0083e-02,-1.1605e-02,-1.3426e-02,-1.5532e-02,-1.7903e-02,-2.0513e-02,-2.3332e-02,-2.6329e-02,-2.9472e-02,-3.2734e-02,-3.6091e-02,-3.9527e-02,-4.3034e-02,-4.6611e-02,-5.0265e-02,-5.4008e-02,-5.7860e-02,-6.1842e-02,-6.5977e-02,-7.0290e-02,-7.4803e-02,-7.9534e-02,-8.4499e-02,-8.9707e-02,-9.5166e-02,-1.0088e-01,-1.0685e-01,-1.1309e-01,-1.1960e-01,-1.2639e-01,-1.3348e-01,-1.4090e-01,-1.4869e-01,-1.5688e-01,-1.6553e-01,-1.7470e-01,-1.8445e-01,-1.9486e-01,-2.0602e-01,-2.1802e-01,-2.3094e-01,-2.4486e-01,-2.5981e-01,-2.7580e-01,-2.9274e-01,-3.1051e-01,-3.2895e-01,-3.4808e-01,-3.6830e-01,-3.9070e-01,-4.1694e-01,-4.4778e-01,-4.7962e-01,-5.0199e-01,-5.0409e-01,-4.8650e-01,-4.5890e-01,-4.2973e-01,-4.0263e-01,-3.7820e-01,-3.5601e-01,-3.3549e-01,-3.1626e-01,-2.9811e-01,-2.8094e-01,-2.6472e-01,-2.4942e-01,-2.3501e-01,-2.2145e-01,-2.0866e-01,-1.9659e-01,-1.8515e-01,-1.7428e-01,-1.6390e-01,-1.5396e-01,-1.4441e-01,-1.3519e-01,-1.2628e-01,-1.1764e-01,-1.0925e-01,-1.0108e-01,-9.3111e-02,-8.5333e-02,-7.7729e-02,-7.0289e-02,-6.3002e-02,-5.5860e-02,-4.8856e-02,-4.1983e-02,-3.5234e-02,-2.8605e-02,-2.2091e-02
-1.0935e-02,-9.1531e-03,-7.9657e-03,-7.2854e-03,-7.0377e-03,-7.1693e-03,-7.6432e-03,-8.4388e-03,-9.5457e-03,-1.0956e-02,-1.2663e-02,-1.4653e-02,-1.6911e-02,-1.9411e-02,-2.2125e-02,-2.5021e-02,-2.8068e-02,-3.1236e-02,-3.4499e-02,-3.7840e-02,-4.1246e-02,-4.4715e-02,-4.8250e-02,-5.1862e-02,-5.5567e-02,-5.9386e-02,-6.3342e-02,-6.7458e-02,-7.1759e-02,-7.6264e-02,-8.0989e-02,-8.5948e-02,-9.1148e-02,-9.6594e-02,-1.0229e-01,-1.0824e-01,-1.1444e-01,-1.2091e-01,-1.2766e-01,-1.3471e-01,-1.4209e-01,-1.4983e-01,-1.5798e-01,-1.6659e-01,-1.7571e-01,-1.8542e-01,-1.9578e-01,-2.0689e-01,-2.1882e-01,-2.3167e-01,-2.4549e-01,-2.6034e-01,-2.7619e-01,-2.9298e-01,-3.1057e-01,-3.2884e-01,-3.4781e-01,-3.6793e-01,-3.9029e-01,-4.1649e-01,-4.4720e-01,-4.7873e-01,-5.0072e-01,-5.0252e-01,-4.8467e-01,-4.5680e-01,-4.2734e-01,-3.9999e-01,-3.7536e-01,-3.5300e-01,-3.3233e-01,-3.1294e-01,-2.9460e-01,-2.7723e-01,-2.6077e-01,-2.4520e-01,-2.3050e-01,-2.1662e-01,-2.0350e-01,-1.9106e-01,-1.7924e-01,-1.6797e-01,-1.5717e-01,-1.4680e-01,-1.3679e-01,-1.2711e-01,-1.1772e-01,-1.0859e-01,-9.9689e-02,-9.1004e-02,-8.2515e-02,-7.4208e-02,-6.6071e-02,-5.8096e-02,-5.0274e-02,-4.2597e-02,-3.5062e-02,-2.7663e-02,-2.0397e-02,-1.3260e-02
-1.0974e-02,-9.1485e-03,-7.9097e-03,-7.1691e-03,-6.8534e-03,-6.9081e-03,-7.2964e-03,-7.9982e-03,-9.0031e-03,-1.0306e-02,-1.1902e-02,-1.3781e-02,-1.5928e-02,-1.8320e-02,-2.0931e-02,-2.3730e-02,-2.6683e-02,-2.9761e-02,-3.2936e-02,-3.6188e-02,-3.9502e-02,-4.2872e-02,-4.6299e-02,-4.9791e-02,-5.3363e-02,-5.7034e-02,-6.0826e-02,-6.4762e-02,-6.8867e-02,-7.3161e-02,-7.7663e-02,-8.2387e-02,-8.7342e-02,-9.2536e-02,-9.7970e-02,-1.0365e-01,-1.0957e-01,-1.1574e-01,-1.2217e-01,-1.2888e-01,-1.3589e-01,-1.4323e-01,-1.5093e-01,-1.5903e-01,-1.6760e-01,-1.7668e-01,-1.8634e-01,-1.9665e-01,-2.0769e-01,-2.1956e-01,-2.3232e-01,-2.4605e-01,-2.6078e-01,-2.7649e-01,-2.9312e-01,-3.1053e-01,-3.2862e-01,-3.4744e-01,-3.6746e-01,-3.8976e-01,-4.1591e-01,-4.4646e-01,-4.7769e-01,-4.9929e-01,-5.0078e-01,-4.8268e-01,-4.5452e-01,-4.2477e-01,-3.9717e-01,-3.7234e-01,-3.4981e-01,-3.2897e-01,-3.0941e-01,-2.9088e-01,-2.7328e-01,-2.5656e-01,-2.4070e-01,-2.2567e-01,-2.1144e-01,-1.9794e-01,-1.8510e-01,-1.7287e-01,-1.6115e-01,-1.4990e-01,-1.3905e-01,-1.2856e-01,-1.1837e-01,-1.0847e-01,-9.8809e-02,-8.9374e-02,-8.0145e-02,-7.1105e-02,-6.2242e-02,-5.3547e-02,-4.5012e-02,-3.6632e-02,-2.8402e-02,-2.0318e-02,-1.2379e-02,-4.5814e-03
-1.0964e-02,-9.1002e-03,-7.8143e-03,-7.0192e-03,-6.6417e-03,-6.6249e-03,-6.9331e-03,-7.5459e-03,-8.4547e-03,-9.6548e-03,-1.1143e-02,-1.2914e-02,-1.4952e-02,-1.7240e-02,-1.9750e-02,-2.2452e-02,-2.5315e-02,-2.8306e-02,-3.1398e-02,-3.4566e-02,-3.7795e-02,-4.1074e-02,-4.4403e-02,-4.7787e-02,-5.1239e-02,-5.4774e-02,-5.8416e-02,-6.2187e-02,-6.6110e-02,-7.0209e-02,-7.4502e-02,-7.9005e-02,-8.3731e-02,-8.8686e-02,-9.3873e-02,-9.9294e-02,-1.0495e-01,-1.1085e-01,-1.1699e-01,-1.2338e-01,-1.3005e-01,-1.3702e-01,-1.4431e-01,-1.5197e-01,-1.6003e-01,-1.6856e-01,-1.7759e-01,-1.8720e-01,-1.9745e-01,-2.0844e-01,-2.2023e-01,-2.3290e-01,-2.4653e-01,-2.6114e-01,-2.7671e-01,-2.9317e-01,-3.1040e-01,-3.2830e-01,-3.4697e-01,-3.6687e-01,-3.8911e-01,-4.1519e-01,-4.4557e-01,-4.7647e-01,-4.9769e-01,-4.9887e-01,-4.8050e-01,-4.5205e-01,-4.2201e-01,-3.9416e-01,-3.6913e-01,-3.4642e-01,-3.2542e-01,-3.0567e-01,-2.8692e-01,-2.6907e-01,-2.5206e-01,-2.3587e-01,-2.2049e-01,-2.0587e-01,-1.9195e-01,-1.7868e-01,-1.6598e-01,-1.5379e-01,-1.4204e-01,-1.3068e-01,-1.1966e-01,-1.0894e-01,-9.8486e-02,-8.8267e-02,-7.8265e-02,-6.8461e-02,-5.8842e-02,-4.9399e-02,-4.0122e-02,-3.1007e-02,-2.2049e-02,-1.3248e-02,-4.6013e-03,3.8909e-03
-1.0904e-02,-9.0069e-03,-7.6798e-03,-6.8358e-03,-6.4010e-03,-6.3188e-03,-6.5524e-03,-7.0817e-03,-7.8983e-03,-8.9999e-03,-1.0385e-02,-1.2050e-02,-1.3983e-02,-1.6168e-02,-1.8579e-02,-2.1188e-02,-2.3962e-02,-2.6870e-02,-2.9881e-02,-3.2970e-02,-3.6119e-02,-3.9315e-02,-4.2554e-02,-4.5840e-02,-4.9182e-02,-5.2596e-02,-5.6101e-02,-5.9720e-02,-6.3476e-02,-6.7393e-02,-7.1491e-02,-7.5789e-02,-8.0297e-02,-8.5027e-02,-8.9981e-02,-9.5163e-02,-1.0057e-01,-1.0621e-01,-1.1207e-01,-1.1818e-01,-1.2454e-01,-1.3117e-01,-1.3809e-01,-1.4535e-01,-1.5296e-01,-1.6098e-01,-1.6946e-01,-1.7845e-01,-1.8800e-01,-1.9820e-01,-2.0911e-01,-2.2083e-01,-2.3341e-01,-2.4693e-01,-2.6141e-01,-2.7683e-01,-2.9312e-01,-3.1016e-01,-3.2788e-01,-3.4638e-01,-3.6617e-01,-3.8833e-01,-4.1433e-01,-4.4453e-01,-4.7509e-01,-4.9591e-01,-4.9678e-01,-4.7815e-01,-4.4941e-01,-4.1907e-01,-3.9096e-01,-3.6572e-01,-3.4284e-01,-3.2166e-01,-3.0171e-01,-2.8272e-01,-2.6458e-01,-2.4725e-01,-2.3070e-01,-2.1492e-01,-1.9987e-01,-1.8550e-01,-1.7175e-01,-1.5855e-01,-1.4584e-01,-1.3356e-01,-1.2165e-01,-1.1006e-01,-9.8769e-02,-8.7730e-02,-7.6921e-02,-6.6321e-02,-5.5915e-02,-4.5692e-02,-3.5643e-02,-2.5764e-02,-1.6050e-02,-6.5000e-03,2.8863e-03,1.2107e-02
-1.0794e-02,-8.8683e-03,-7.5044e-03,-6.6167e-03,-6.1300e-03,-5.9878e-03,-6.1523e-03,-6.6036e-03,-7.3334e-03,-8.3408e-03,-9.6267e-03,-1.1189e-02,-1.3020e-02,-1.5103e-02,-1.7418e-02,-1.9934e-02,-2.2622e-02,-2.5449e-02,-2.8382e-02,-3.1397e-02,-3.4471e-02,-3.7590e-02,-4.0746e-02,-4.3943e-02,-4.7185e-02,-5.0488e-02,-5.3868e-02,-5.7348e-02,-6.0951e-02,-6.4700e-02,-6.8618e-02,-7.2722e-02,-7.7026e-02,-8.1544e-02,-8.6278e-02,-9.1233e-02,-9.6408e-02,-1.0180e-01,-1.0742e-01,-1.1325e-01,-1.1933e-01,-1.2565e-01,-1.3223e-01,-1.3912e-01,-1.4633e-01,-1.5390e-01,-1.6188e-01,-1.7031e-01,-1.7925e-01,-1.8875e-01,-1.9888e-01,-2.0972e-01,-2.2135e-01,-2.3384e-01,-2.4724e-01,-2.6159e-01,-2.7685e-01,-2.9297e-01,-3.0982e-01,-3.2735e-01,-3.4569e-01,-3.6535e-01,-3.8743e-01,-4.1333e-01,-4.4332e-01,-4.7354e-01,-4.9396e-01,-4.9452e-01,-4.7562e-01,-4.4658e-01,-4.1595e-01,-3.8758e-01,-3.6212e-01,-3.3905e-01,-3.1767e-01,-2.9750e-01,-2.7825e-01,-2.5980e-01,-2.4211e-01,-2.2516e-01,-2.0893e-01,-1.9341e-01,-1.7854e-01,-1.6427e-01,-1.5052e-01,-1.3725e-01,-1.2440e-01,-1.1190e-01,-9.9717e-02,-8.7814e-02,-7.6158e-02,-6.4727e-02,-5.3502e-02,-4.2469e-02,-3.1619e-02,-2.0946e-02,-1.0446e-02,-1.1762e-04,1.0038e-02,2.0018e-02
-1.0634e-02,-8.6836e-03,-7.2877e-03,-6.3611e-03,-5.8279e-03,-5.6308e-03,-5.7318e-03,-6.1100e-03,-6.7579e-03,-7.6761e-03,-8.8665e-03,-1.0330e-02,-1.2061e-02,-1.4045e-02,-1.6264e-02,-1.8691e-02,-2.1293e-02,-2.4041e-02,-2.6899e-02,-2.9842e-02,-3.2845e-02,-3.5892e-02,-3.8974e-02,-4.2088e-02,-4.5241e-02,-4.8442e-02,-5.1709e-02,-5.5062e-02,-5.8524e-02,-6.2119e-02,-6.5867e-02,-6.9790e-02,-7.3904e-02,-7.8221e-02,-8.2748e-02,-8.7489e-02,-9.2443e-02,-9.7609e-02,-1.0299e-01,-1.0858e-01,-1.1438e-01,-1.2042e-01,-1.2670e-01,-1.3325e-01,-1.4009e-01,-1.4726e-01,-1.5479e-01,-1.6273e-01,-1.7111e-01,-1.7999e-01,-1.8943e-01,-1.9950e-01,-2.1026e-01,-2.2180e-01,-2.3419e-01,-2.4747e-01,-2.6168e-01,-2.7679e-01,-2.9272e-01,-3.0938e-01,-3.2672e-01,-3.4489e-01,-3.6442e-01,-3.8640e-01,-4.1218e-01,-4.4195e-01,-4.7180e-01,-4.9183e-01,-4.9207e-01,-4.7290e-01,-4.4357e-01,-4.1263e-01,-3.8399e-01,-3.5832e-01,-3.3505e-01,-3.1346e-01,-2.9304e-01,-2.7349e-01,-2.5468e-01,-2.3659e-01,-2.1919e-01,-2.0248e-01,-1.8644e-01,-1.7103e-01,-1.5619e-01,-1.4186e-01,-1.2799e-01,-1.1451e-01,-1.0139e-01,-8.8576e-02,-7.6032e-02,-6.3731e-02,-5.1650e-02,-3.9775e-02,-2.8092e-02,-1.6595e-02,-5.2793e-03,5.8556e-03,1.6809e-02,2.7578e-02
-1.0422e-02,-8.4516e-03,-7.0287e-03,-6.0677e-03,-5.4931e-03,-5.2466e-03,-5.2895e-03,-5.5999e-03,-6.1715e-03,-7.0045e-03,-8.1037e-03,-9.4716e-03,-1.1105e-02,-1.2993e-02,-1.5119e-02,-1.7456e-02,-1.9975e-02,-2.2644e-02,-2.5430e-02,-2.8304e-02,-3.1240e-02,-3.4220e-02,-3.7232e-02,-4.0271e-02,-4.3341e-02,-4.6450e-02,-4.9614e-02,-5.2851e-02,-5.6184e-02,-5.9636e-02,-6.3228e-02,-6.6983e-02,-7.0918e-02,-7.5046e-02,-7.9377e-02,-8.3915e-02,-8.8660e-02,-9.3612e-02,-9.8767e-02,-1.0413e-01,-1.0969e-01,-1.1547e-01,-1.2147e-01,-1.2771e-01,-1.3422e-01,-1.4102e-01,-1.4815e-01,-1.5563e-01,-1.6352e-01,-1.7185e-01,-1.8068e-01,-1.9005e-01,-2.0005e-01,-2.1073e-01,-2.2218e-01,-2.3445e-01,-2.4761e-01,-2.6168e-01,-2.7662e-01,-2.9237e-01,-3.0883e-01,-3.2597e-01,-3.4396e-01,-3.6336e-01,-3.8523e-01,-4.1088e-01,-4.4041e-01,-4.6988e-01,-4.8950e-01,-4.8943e-01,-4.6999e-01,-4.4036e-01,-4.0912e-01,-3.8021e-01,-3.5431e-01,-3.3082e-01,-3.0899e-01,-2.8829e-01,-2.6840e-01,-2.4921e-01,-2.3066e-01,-2.1277e-01,-1.9553e-01,-1.7892e-01,-1.6292e-01,-1.4746e-01,-1.3251e-01,-1.1799e-01,-1.0387e-01,-9.0083e-02,-7.6600e-02,-6.3385e-02,-5.0409e-02,-3.7655e-02,-2.5106e-02,-1.2755e-02,-5.9447e-04,1.1377e-02,2.3157e-02,3.4743e-02
-1.0158e-02,-8.1722e-03,-6.7265e-03,-5.7358e-03,-5.1249e-03,-4.8344e-03,-4.8243e-03,-5.0725e-03,-5.5719e-03,-6.3254e-03,-7.3374e-03,-8.6132e-03,-1.0152e-02,-1.1946e-02,-1.3979e-02,-1.6229e-02,-1.8666e-02,-2.1258e-02,-2.3973e-02,-2.6780e-02,-2.9652e-02,-3.2568e-02,-3.5515e-02,-3.8485e-02,-4.1480e-02,-4.4506e-02,-4.7576e-02,-5.0707e-02,-5.3922e-02,-5.7241e-02,-6.0689e-02,-6.4287e-02,-6.8054e-02,-7.2005e-02,-7.6151e-02,-8.0497e-02,-8.5045e-02,-8.9795e-02,-9.4742e-02,-9.9885e-02,-1.0522e-01,-1.1076e-01,-1.1650e-01,-1.2246e-01,-1.2867e-01,-1.3513e-01,-1.4189e-01,-1.4898e-01,-1.5642e-01,-1.6426e-01,-1.7254e-01,-1.8130e-01,-1.9061e-01,-2.0053e-01,-2.1113e-01,-2.2247e-01,-2.3464e-01,-2.4767e-01,-2.6158e-01,-2.7635e-01,-2.9191e-01,-3.0817e-01,-3.2512e-01,-3.4293e-01,-3.6218e-01,-3.8393e-01,-4.0942e-01,-4.3869e-01,-4.6778e-01,-4.8699e-01,-4.8659e-01,-4.6689e-01,-4.3696e-01,-4.0540e-01,-3.7622e-01,-3.5007e-01,-3.2634e-01,-3.0424e-01,-2.8322e-01,-2.6296e-01,-2.4333e-01,-2.2429e-01,-2.0585e-01,-1.8803e-01,-1.7081e-01,-1.5416e-01,-1.3805e-01,-1.2242e-01,-1.0722e-01,-9.2409e-02,-7.7931e-02,-6.3750e-02,-4.9834e-02,-3.6160e-02,-2.2710e-02,-9.4703e-03,3.5662e-03,1.6402e-02,2.9037e-02,4.1469e-02
-9.8423e-03,-7.8447e-03,-6.3800e-03,-5.3646e-03,-4.7220e-03,-4.3925e-03,-4.3345e-03,-4.5256e-03,-4.9593e-03,-5.6369e-03,-6.5666e-03,-7.7537e-03,-9.2011e-03,-1.0903e-02,-1.2847e-02,-1.5010e-02,-1.7366e-02,-1.9882e-02,-2.2527e-02,-2.5269e-02,-2.8079e-02,-3.0935e-02,-3.3821e-02,-3.6728e-02,-3.9653e-02,-4.2603e-02,-4.5587e-02,-4.8622e-02,-5.1728e-02,-5.4927e-02,-5.8241e-02,-6.1693e-02,-6.5303e-02,-6.9087e-02,-7.3058e-02,-7.7223e-02,-8.1585e-02,-8.6143e-02,-9.0894e-02,-9.5834e-02,-1.0096e-01,-1.0627e-01,-1.1178e-01,-1.1748e-01,-1.2341e-01,-1.2957e-01,-1.3600e-01,-1.4272e-01,-1.4976e-01,-1.5715e-01,-1.6494e-01,-1.7316e-01,-1.8187e-01,-1.9111e-01,-2.0094e-01,-2.1145e-01,-2.2269e-01,-2.3473e-01,-2.4763e-01,-2.6139e-01,-2.7599e-01,-2.9135e-01,-3.0741e-01,-3.2415e-01,-3.4177e-01,-3.6086e-01,-3.8248e-01,-4.0780e-01,-4.3679e-01,-4.6548e-01,-4.8427e-01,-4.8356e-01,-4.6358e-01,-4.3335e-01,-4.0148e-01,-3.7200e-01,-3.4559e-01,-3.2159e-01,-2.9920e-01,-2.7782e-01,-2.5713e-01,-2.3700e-01,-2.1742e-01,-1.9838e-01,-1.7993e-01,-1.6204e-01,-1.4471e-01,-1.2790e-01,-1.1156e-01,-9.5640e-02,-8.0101e-02,-6.4896e-02,-4.9988e-02,-3.5349e-02,-2.0955e-02,-6.7900e-03,7.1556e-03,2.0887e-02,3.4407e-02,4.7711e-02
-9.4742e-03,-7.4687e-03,-5.9894e-03,-4.9530e-03,-4.2831e-03,-3.9195e-03,-3.8192e-03,-3.9590e-03,-4.3308e-03,-4.9382e-03,-5.7895e-03,-6.8922e-03,-8.2513e-03,-9.8641e-03,-1.1719e-02,-1.3797e-02,-1.6073e-02,-1.8515e-02,-2.1091e-02,-2.3769e-02,-2.6519e-02,-2.9318e-02,-3.2147e-02,-3.4994e-02,-3.7856e-02,-4.0736e-02,-4.3642e-02,-4.6589e-02,-4.9596e-02,-5.2683e-02,-5.5874e-02,-5.9191e-02,-6.2654e-02,-6.6282e-02,-7.0087e-02,-7.4081e-02,-7.8265e-02,-8.2642e-02,-8.7208e-02,-9.1958e-02,-9.6887e-02,-1.0199e-01,-1.0728e-01,-1.1275e-01,-1.1842e-01,-1.2431e-01,-1.3043e-01,-1.3682e-01,-1.4349e-01,-1.5049e-01,-1.5784e-01,-1.6557e-01,-1.7373e-01,-1.8237e-01,-1.9153e-01,-2.0128e-01,-2.1169e-01,-2.2282e-01,-2.3474e-01,-2.4750e-01,-2.6110e-01,-2.7552e-01,-2.9069e-01,-3.0653e-01,-3.2306e-01,-3.4049e-01,-3.5942e-01,-3.8088e-01,-4.0601e-01,-4.3471e-01,-4.6298e-01,-4.8135e-01,-4.8031e-01,-4.6006e-01,-4.2952e-01,-3.9733e-01,-3.6754e-01,-3.4084e-01,-3.1655e-01,-2.9381e-01,-2.7203e-01,-2.5086e-01,-2.3019e-01,-2.1000e-01,-1.9032e-01,-1.7118e-01,-1.5258e-01,-1.3452e-01,-1.1696e-01,-9.9870e-02,-8.3198e-02,-6.6902e-02,-5.0942e-02,-3.5284e-02,-1.9899e-02,-4.7674e-03,1.0125e-02,2.4786e-02,3.9221e-02,5.3426e-02
-9.0539e-03,-7.0439e-03,-5.5532e-03,-4.4996e-03,-3.8076e-03,-3.4147e-03,-3.2767e-03,-3.3702e-03,-3.6864e-03,-4.2283e-03,-5.0055e-03,-6.0280e-03,-7.3021e-03,-8.8281e-03,-1.0597e-02,-1.2591e-02,-1.4788e-02,-1.7156e-02,-1.9664e-02,-2.2280e-02,-2.4972e-02,-2.7715e-02,-3.0490e-02,-3.3281e-02,-3.6085e-02,-3.8900e-02,-4.1736e-02,-4.4602e-02,-4.7518e-02,-5.0504e-02,-5.3580e-02,-5.6771e-02,-6.0098e-02,-6.3578e-02,-6.7229e-02,-7.1059e-02,-7.5076e-02,-7.9281e-02,-8.3671e-02,-8.8242e-02,-9.2986e-02,-9.7902e-02,-1.0299e-01,-1.0824e-01,-1.1368e-01,-1.1931e-01,-1.2516e-01,-1.3124e-01,-1.3759e-01,-1.4422e-01,-1.5117e-01,-1.5846e-01,-1.6614e-01,-1.7424e-01,-1.8281e-01,-1.9189e-01,-2.0155e-01,-2.1186e-01,-2.2287e-01,-2.3467e-01,-2.4728e-01,-2.6072e-01,-2.7496e-01,-2.8992e-01,-3.0555e-01,-3.2186e-01,-3.3909e-01,-3.5784e-01,-3.7913e-01,-4.0405e-01,-4.3243e-01,-4.6028e-01,-4.7822e-01,-4.7685e-01,-4.5632e-01,-4.2548e-01,-3.9294e-01,-3.6283e-01,-3.3581e-01,-3.1118e-01,-2.8806e-01,-2.6581e-01,-2.4412e-01,-2.2285e-01,-2.0200e-01,-1.8162e-01,-1.6174e-01,-1.4238e-01,-1.2354e-01,-1.0520e-01,-8.7318e-02,-6.9859e-02,-5.2778e-02,-3.6038e-02,-1.9609e-02,-3.4624e-03,1.2419e-02,2.8048e-02,4.3431e-02,5.8568e-02
-8.5804e-03,-6.5692e-03,-5.0710e-03,-4.0052e-03,-3.2947e-03,-2.8764e-03,-2.7063e-03,-2.7588e-03,-3.0239e-03,-3.5052e-03,-4.2134e-03,-5.1595e-03,-6.3526e-03,-7.7942e-03,-9.4788e-03,-1.1391e-02,-1.3509e-02,-1.5805e-02,-1.8246e-02,-2.0800e-02,-2.3435e-02,-2.6125e-02,-2.8848e-02,-3.1588e-02,-3.4337e-02,-3.7094e-02,-3.9863e-02,-4.2657e-02,-4.5489e-02,-4.8381e-02,-5.1353e-02,-5.4427e-02,-5.7626e-02,-6.0969e-02,-6.4473e-02,-6.8150e-02,-7.2008e-02,-7.6049e-02,-8.0272e-02,-8.4673e-02,-8.9244e-02,-9.3981e-02,-9.8878e-02,-1.0394e-01,-1.0916e-01,-1.1456e-01,-1.2016e-01,-1.2596e-01,-1.3200e-01,-1.3830e-01,-1.4489e-01,-1.5179e-01,-1.5904e-01,-1.6666e-01,-1.7469e-01,-1.8318e-01,-1.9218e-01,-2.0174e-01,-2.1194e-01,-2.2284e-01,-2.3451e-01,-2.4697e-01,-2.6024e-01,-2.7429e-01,-2.8905e-01,-3.0446e-01,-3.2055e-01,-3.3757e-01,-3.5613e-01,-3.7723e-01,-4.0192e-01,-4.2996e-01,-4.5737e-01,-4.7486e-01,-4.7317e-01,-4.5236e-01,-4.2119e-01,-3.8831e-01,-3.5784e-01,-3.3047e-01,-3.0545e-01,-2.8189e-01,-2.5914e-01,-2.3685e-01,-2.1493e-01,-1.9336e-01,-1.7222e-01,-1.5155e-01,-1.3139e-01,-1.1173e-01,-9.2566e-02,-7.3864e-02,-5.5587e-02,-3.7698e-02,-2.0159e-02,-2.9422e-03,1.3978e-02,3.0617e-02,4.6985e-02,6.3088e-02
-8.0540e-03,-6.0448e-03,-4.5424e-03,-3.4674e-03,-2.7429e-03,-2.3043e-03,-2.1068e-03,-2.1226e-03,-2.3424e-03,-2.7688e-03,-3.4125e-03,-4.2863e-03,-5.4012e-03,-6.7617e-03,-8.3641e-03,-1.0197e-02,-1.2238e-02,-1.4462e-02,-1.6836e-02,-1.9329e-02,-2.1909e-02,-2.4546e-02,-2.7220e-02,-2.9910e-02,-3.2608e-02,-3.5311e-02,-3.8021e-02,-4.0747e-02,-4.3504e-02,-4.6309e-02,-4.9184e-02,-5.2150e-02,-5.5230e-02,-5.8445e-02,-6.1811e-02,-6.5342e-02,-6.9049e-02,-7.2935e-02,-7.6999e-02,-8.1239e-02,-8.5647e-02,-9.0216e-02,-9.4939e-02,-9.9816e-02,-1.0485e-01,-1.1004e-01,-1.1540e-01,-1.2095e-01,-1.2672e-01,-1.3272e-01,-1.3898e-01,-1.4552e-01,-1.5237e-01,-1.5956e-01,-1.6711e-01,-1.7508e-01,-1.8349e-01,-1.9239e-01,-2.0186e-01,-2.1195e-01,-2.2273e-01,-2.3425e-01,-2.4656e-01,-2.5967e-01,-2.7352e-01,-2.8807e-01,-3.0325e-01,-3.1912e-01,-3.3592e-01,-3.5427e-01,-3.7517e-01,-3.9960e-01,-4.2729e-01,-4.5424e-01,-4.7129e-01,-4.6925e-01,-4.4815e-01,-4.1666e-01,-3.8340e-01,-3.5255e-01,-3.2478e-01,-2.9933e-01,-2.7527e-01,-2.5194e-01,-2.2901e-01,-2.0637e-01,-1.8403e-01,-1.6208e-01,-1.4058e-01,-1.1956e-01,-9.9045e-02,-7.9024e-02,-5.9472e-02,-4.0354e-02,-2.1636e-02,-3.2831e-03,1.4732e-02,3.2431e-02,4.9829e-02,6.6935e-02
-7.4749e-03,-5.4704e-03,-3.9670e-03,-2.8861e-03,-2.1506e-03,-1.6963e-03,-1.4762e-03,-1.4615e-03,-1.6406e-03,-2.0167e-03,-2.6004e-03,-3.4070e-03,-4.4478e-03,-5.7305e-03,-7.2535e-03,-9.0074e-03,-1.0973e-02,-1.3125e-02,-1.5435e-02,-1.7867e-02,-2.0392e-02,-2.2978e-02,-2.5604e-02,-2.8247e-02,-3.0898e-02,-3.3550e-02,-3.6204e-02,-3.8869e-02,-4.1556e-02,-4.4282e-02,-4.7068e-02,-4.9934e-02,-5.2904e-02,-5.5998e-02,-5.9235e-02,-6.2629e-02,-6.6192e-02,-6.9930e-02,-7.3843e-02,-7.7930e-02,-8.2182e-02,-8.6594e-02,-9.1156e-02,-9.5863e-02,-1.0071e-01,-1.0571e-01,-1.1087e-01,-1.1619e-01,-1.2171e-01,-1.2743e-01,-1.3339e-01,-1.3960e-01,-1.4609e-01,-1.5289e-01,-1.6002e-01,-1.6751e-01,-1.7540e-01,-1.8373e-01,-1.9254e-01,-2.0191e-01,-2.1188e-01,-2.2253e-01,-2.3392e-01,-2.4607e-01,-2.5900e-01,-2.7266e-01,-2.8699e-01,-3.0194e-01,-3.1757e-01,-3.3414e-01,-3.5227e-01,-3.7294e-01,-3.9711e-01,-4.2442e-01,-4.5089e-01,-4.6748e-01,-4.6510e-01,-4.4369e-01,-4.1185e-01,-3.7819e-01,-3.4692e-01,-3.1871e-01,-2.9277e-01,-2.6815e-01,-2.4419e-01,-2.2054e-01,-1.9712e-01,-1.7396e-01,-1.5115e-01,-1.2876e-01,-1.0685e-01,-8.5447e-02,-6.4541e-02,-4.4114e-02,-2.4136e-02,-4.5741e-03,1.4602e-02,3.3420e-02,5.1899e-02,7.0053e-02
-6.8423e-03,-4.8456e-03,-3.3439e-03,-2.2598e-03,-1.5179e-03,-1.0524e-03,-8.1390e-04,-7.7260e-04,-9.1670e-04,-1.2479e-03,-1.7772e-03,-2.5203e-03,-3.4909e-03,-4.6988e-03,-6.1452e-03,-7.8226e-03,-9.7143e-03,-1.1797e-02,-1.4041e-02,-1.6414e-02,-1.8884e-02,-2.1421e-02,-2.4000e-02,-2.6598e-02,-2.9204e-02,-3.1808e-02,-3.4412e-02,-3.7020e-02,-3.9642e-02,-4.2296e-02,-4.5000e-02,-4.7775e-02,-5.0642e-02,-5.3623e-02,-5.6738e-02,-6.0002e-02,-6.3429e-02,-6.7026e-02,-7.0795e-02,-7.4736e-02,-7.8841e-02,-8.3103e-02,-8.7513e-02,-9.2064e-02,-9.6751e-02,-1.0157e-01,-1.0654e-01,-1.1165e-01,-1.1694e-01,-1.2241e-01,-1.2809e-01,-1.3401e-01,-1.4017e-01,-1.4662e-01,-1.5336e-01,-1.6043e-01,-1.6786e-01,-1.7567e-01,-1.8390e-01,-1.9262e-01,-2.0188e-01,-2.1173e-01,-2.2225e-01,-2.3349e-01,-2.4549e-01,-2.5823e-01,-2.7169e-01,-2.8580e-01,-3.0052e-01,-3.1590e-01,-3.3222e-01,-3.5012e-01,-3.7055e-01,-3.9442e-01,-4.2133e-01,-4.4731e-01,-4.6344e-01,-4.6069e-01,-4.3896e-01,-4.0675e-01,-3.7266e-01,-3.4092e-01,-3.1221e-01,-2.8572e-01,-2.6049e-01,-2.3582e-01,-2.1140e-01,-1.8714e-01,-1.6310e-01,-1.3938e-01,-1.1607e-01,-9.3232e-02,-7.0904e-02,-4.9086e-02,-2.7765e-02,-6.9132e-03,1.3500e-02,3.3504e-02,5.3123e-02,7.2375e-02
-6.1568e-03,-4.1699e-03,-2.6729e-03,-1.5896e-03,-8.4430e-04,-3.7106e-04,-1.1833e-04,-5.6209e-05,-1.6981e-04,-4.6108e-04,-9.4050e-04,-1.6249e-03,-2.5297e-03,-3.6669e-03,-5.0391e-03,-6.6417e-03,-8.4609e-03,-1.0474e-02,-1.2654e-02,-1.4968e-02,-1.7385e-02,-1.9873e-02,-2.2406e-02,-2.4961e-02,-2.7524e-02,-3.0084e-02,-3.2641e-02,-3.5196e-02,-3.7760e-02,-4.0347e-02,-4.2975e-02,-4.5664e-02,-4.8436e-02,-5.1312e-02,-5.4313e-02,-5.7455e-02,-6.0753e-02,-6.4216e-02,-6.7847e-02,-7.1648e-02,-7.5612e-02,-7.9733e-02,-8.4000e-02,-8.8405e-02,-9.2940e-02,-9.7602e-02,-1.0239e-01,-1.0732e-01,-1.1240e-01,-1.1764e-01,-1.2307e-01,-1.2871e-01,-1.3458e-01,-1.4070e-01,-1.4710e-01,-1.5378e-01,-1.6079e-01,-1.6814e-01,-1.7587e-01,-1.8401e-01,-1.9263e-01,-2.0177e-01,-2.1150e-01,-2.2189e-01,-2.3298e-01,-2.4481e-01,-2.5737e-01,-2.7063e-01,-2.8451e-01,-2.9898e-01,-3.1411e-01,-3.3018e-01,-3.4782e-01,-3.6799e-01,-3.9153e-01,-4.1802e-01,-4.4350e-01,-4.5914e-01,-4.5601e-01,-4.3395e-01,-4.0134e-01,-3.6678e-01,-3.3452e-01,-3.0525e-01,-2.7815e-01,-2.5222e-01,-2.2679e-01,-2.0153e-01,-1.7638e-01,-1.5141e-01,-1.2673e-01,-1.0246e-01,-7.8661e-02,-5.5385e-02,-3.2638e-02,-1.0409e-02,1.1324e-02,3.2591e-02,5.3419e-02,7.3832e-02
-5.4183e-03,-3.4436e-03,-1.9533e-03,-8.7363e-04,-1.2803e-04,3.4936e-04,6.1102e-04,6.9040e-04,6.0186e-04,3.4516e-04,-8.9394e-05,-7.2031e-04,-1.5631e-03,-2.6323e-03,-3.9338e-03,-5.4642e-03,-7.2128e-03,-9.1583e-03,-1.1275e-02,-1.3530e-02,-1.5894e-02,-1.8334e-02,-2.0822e-02,-2.3336e-02,-2.5858e-02,-2.8376e-02,-3.0889e-02,-3.3396e-02,-3.5905e-02,-3.8431e-02,-4.0990e-02,-4.3600e-02,-4.6283e-02,-4.9061e-02,-5.1955e-02,-5.4982e-02,-5.8157e-02,-6.1492e-02,-6.4992e-02,-6.8659e-02,-7.2489e-02,-7.6475e-02,-8.0606e-02,-8.4874e-02,-8.9268e-02,-9.3783e-02,-9.8417e-02,-1.0317e-01,-1.0806e-01,-1.1310e-01,-1.1830e-01,-1.2369e-01,-1.2929e-01,-1.3511e-01,-1.4119e-01,-1.4753e-01,-1.5416e-01,-1.6109e-01,-1.6837e-01,-1.7601e-01,-1.8406e-01,-1.9257e-01,-2.0159e-01,-2.1120e-01,-2.2144e-01,-2.3238e-01,-2.4405e-01,-2.5642e-01,-2.6947e-01,-2.8312e-01,-2.9733e-01,-3.1219e-01,-3.2800e-01,-3.4537e-01,-3.6525e-01,-3.8845e-01,-4.1450e-01,-4.3945e-01,-4.5459e-01,-4.5106e-01,-4.2863e-01,-3.9559e-01,-3.6051e-01,-3.2768e-01,-2.9778e-01,-2.6999e-01,-2.4330e-01,-2.1703e-01,-1.9088e-01,-1.6478e-01,-1.3883e-01,-1.1316e-01,-8.7892e-02,-6.3112e-02,-3.8868e-02,-1.5179e-02,7.9634e-03,3.0580e-02,5.2696e-02,7.4339e-02
-4.6264e-03,-2.6662e-03,-1.1852e-03,-1.1137e-04,6.3162e-04,1.1096e-03,1.3765e-03,1.4676e-03,1.3998e-03,1.1727e-03,7.7718e-04,1.9621e-04,-5.8966e-04,-1.5951e-03,-2.8285e-03,-4.2899e-03,-5.9693e-03,-7.8484e-03,-9.9023e-03,-1.2101e-02,-1.4412e-02,-1.6804e-02,-1.9249e-02,-2.1722e-02,-2.4204e-02,-2.6683e-02,-2.9154e-02,-3.1616e-02,-3.4076e-02,-3.6545e-02,-3.9039e-02,-4.1576e-02,-4.4178e-02,-4.6864e-02,-4.9657e-02,-5.2576e-02,-5.5636e-02,-5.8849e-02,-6.2223e-02,-6.5762e-02,-6.9463e-02,-7.3320e-02,-7.7323e-02,-8.1460e-02,-8.5723e-02,-9.0102e-02,-9.4592e-02,-9.9195e-02,-1.0392e-01,-1.0877e-01,-1.1376e-01,-1.1892e-01,-1.2427e-01,-1.2982e-01,-1.3560e-01,-1.4163e-01,-1.4791e-01,-1.5448e-01,-1.6134e-01,-1.6853e-01,-1.7608e-01,-1.8403e-01,-1.9243e-01,-2.0134e-01,-2.1081e-01,-2.2092e-01,-2.3171e-01,-2.4320e-01,-2.5538e-01,-2.6821e-01,-2.8162e-01,-2.9557e-01,-3.1016e-01,-3.2567e-01,-3.4276e-01,-3.6233e-01,-3.8516e-01,-4.1074e-01,-4.3515e-01,-4.4977e-01,-4.4581e-01,-4.2298e-01,-3.8946e-01,-3.5382e-01,-3.2035e-01,-2.8975e-01,-2.6119e-01,-2.3367e-01,-2.0651e-01,-1.7940e-01,-1.5230e-01,-1.2534e-01,-9.8638e-02,-7.2347e-02,-4.6562e-02,-2.1339e-02,3.2988e-03,2.7355e-02,5.0848e-02,7.3802e-02
-3.7814e-03,-1.8378e-03,-3.6819e-04,6.9787e-04,1.4346e-03,1.9101e-03,2.1786e-03,2.2771e-03,2.2246e-03,2.0232e-03,1.6622e-03,1.1255e-03,3.9244e-04,-5.5330e-04,-1.7227e-03,-3.1170e-03,-4.7296e-03,-6.5442e-03,-8.5363e-03,-1.0678e-02,-1.2937e-02,-1.5283e-02,-1.7685e-02,-2.0118e-02,-2.2562e-02,-2.5004e-02,-2.7436e-02,-2.9856e-02,-3.2269e-02,-3.4686e-02,-3.7121e-02,-3.9590e-02,-4.2115e-02,-4.4717e-02,-4.7416e-02,-5.0232e-02,-5.3182e-02,-5.6280e-02,-5.9535e-02,-6.2951e-02,-6.6528e-02,-7.0260e-02,-7.4140e-02,-7.8155e-02,-8.2295e-02,-8.6547e-02,-9.0906e-02,-9.5368e-02,-9.9937e-02,-1.0462e-01,-1.0943e-01,-1.1438e-01,-1.1950e-01,-1.2481e-01,-1.3032e-01,-1.3605e-01,-1.4202e-01,-1.4825e-01,-1.5474e-01,-1.6154e-01,-1.6864e-01,-1.7610e-01,-1.8395e-01,-1.9223e-01,-2.0101e-01,-2.1035e-01,-2.2032e-01,-2.3094e-01,-2.4226e-01,-2.5425e-01,-2.6686e-01,-2.8002e-01,-2.9370e-01,-3.0799e-01,-3.2321e-01,-3.3999e-01,-3.5922e-01,-3.8166e-01,-4.0675e-01,-4.3060e-01,-4.4467e-01,-4.4025e-01,-4.1698e-01,-3.8294e-01,-3.4666e-01,-3.1248e-01,-2.8111e-01,-2.5171e-01,-2.2329e-01,-1.9516e-01,-1.6704e-01,-1.3891e-01,-1.1089e-01,-8.3132e-02,-5.5799e-02,-2.8997e-02,-2.7892e-03,2.2796e-02,4.7759e-02,7.2116e-02
-2.8836e-03,-9.5793e-04,4.9820e-04,1.5540e-03,2.2825e-03,2.7526e-03,3.0185e-03,3.1204e-03,3.0791e-03,2.8967e-03,2.5658e-03,2.0681e-03,1.3839e-03,4.9345e-04,-6.1491e-04,-1.9454e-03,-3.4933e-03,-5.2448e-03,-7.1771e-03,-9.2628e-03,-1.1471e-02,-1.3770e-02,-1.6130e-02,-1.8524e-02,-2.0932e-02,-2.3337e-02,-2.5732e-02,-2.8113e-02,-3.0484e-02,-3.2852e-02,-3.5231e-02,-3.7639e-02,-4.0093e-02,-4.2615e-02,-4.5226e-02,-4.7946e-02,-5.0793e-02,-5.3780e-02,-5.6921e-02,-6.0219e-02,-6.3677e-02,-6.7290e-02,-7.1052e-02,-7.4950e-02,-7.8973e-02,-8.3109e-02,-8.7346e-02,-9.1681e-02,-9.6112e-02,-1.0064e-01,-1.0529e-01,-1.1005e-01,-1.1497e-01,-1.2005e-01,-1.2531e-01,-1.3077e-01,-1.3645e-01,-1.4237e-01,-1.4853e-01,-1.5496e-01,-1.6168e-01,-1.6870e-01,-1.7606e-01,-1.8379e-01,-1.9196e-01,-2.0062e-01,-2.0982e-01,-2.1963e-01,-2.3010e-01,-2.4124e-01,-2.5302e-01,-2.6541e-01,-2.7831e-01,-2.9171e-01,-3.0570e-01,-3.2060e-01,-3.3705e-01,-3.5592e-01,-3.7794e-01,-4.0252e-01,-4.2578e-01,-4.3927e-01,-4.3435e-01,-4.1059e-01,-3.7597e-01,-3.3900e-01,-3.0403e-01,-2.7180e-01,-2.4150e-01,-2.1210e-01,-1.8296e-01,-1.5378e-01,-1.2456e-01,-9.5451e-02,-6.6621e-02,-3.8233e-02,-1.0408e-02,1.6783e-02,4.3307e-02,6.9162e-02
-1.9330e-03,-2.6980e-05,1.4142e-03,2.4578e-03,3.1757e-03,3.6372e-03,3.8979e-03,3.9993e-03,3.9636e-03,3.7970e-03,3.4899e-03,3.0267e-03,2.3858e-03,1.5471e-03,4.9635e-04,-7.7365e-04,-2.2597e-03,-3.9499e-03,-5.8237e-03,-7.8545e-03,-1.0012e-02,-1.2266e-02,-1.4584e-02,-1.6940e-02,-1.9312e-02,-2.1683e-02,-2.4043e-02,-2.6387e-02,-2.8717e-02,-3.1041e-02,-3.3369e-02,-3.5719e-02,-3.8107e-02,-4.0556e-02,-4.3084e-02,-4.5714e-02,-4.8462e-02,-5.1346e-02,-5.4376e-02,-5.7562e-02,-6.0905e-02,-6.4404e-02,-6.8051e-02,-7.1837e-02,-7.5750e-02,-7.9774e-02,-8.3901e-02,-8.8119e-02,-9.2425e-02,-9.6821e-02,-1.0131e-01,-1.0592e-01,-1.1064e-01,-1.1552e-01,-1.2055e-01,-1.2577e-01,-1.3119e-01,-1.3682e-01,-1.4268e-01,-1.4878e-01,-1.5514e-01,-1.6177e-01,-1.6869e-01,-1.7595e-01,-1.8358e-01,-1.9162e-01,-2.0015e-01,-2.0921e-01,-2.1888e-01,-2.2918e-01,-2.4013e-01,-2.5171e-01,-2.6386e-01,-2.7650e-01,-2.8961e-01,-3.0328e-01,-3.1784e-01,-3.3394e-01,-3.5242e-01,-3.7399e-01,-3.9803e-01,-4.2068e-01,-4.3357e-01,-4.2811e-01,-4.0380e-01,-3.6853e-01,-3.3079e-01,-2.9495e-01,-2.6179e-01,-2.3050e-01,-2.0007e-01,-1.6984e-01,-1.3956e-01,-1.0923e-01,-7.9012e-02,-4.9090e-02,-1.9643e-02,9.2019e-03,3.7366e-02,6.4814e-02
-9.2974e-04,9.5527e-04,2.3799e-03,3.4098e-03,4.1149e-03,4.5652e-03,4.8174e-03,4.9144e-03,4.8809e-03,4.7235e-03,4.4366e-03,4.0028e-03,3.4007e-03,2.6092e-03,1.6113e-03,3.9862e-04,-1.0278e-03,-2.6586e-03,-4.4757e-03,-6.4529e-03,-8.5615e-03,-1.0770e-02,-1.3047e-02,-1.5366e-02,-1.7703e-02,-2.0041e-02,-2.2367e-02,-2.4676e-02,-2.6969e-02,-2.9251e-02,-3.1532e-02,-3.3828e-02,-3.6155e-02,-3.8535e-02,-4.0986e-02,-4.3531e-02,-4.6186e-02,-4.8971e-02,-5.1898e-02,-5.4975e-02,-5.8208e-02,-6.1595e-02,-6.5133e-02,-6.8811e-02,-7.2618e-02,-7.6538e-02,-8.0559e-02,-8.4671e-02,-8.8864e-02,-9.3139e-02,-9.7498e-02,-1.0195e-01,-1.0651e-01,-1.1120e-01,-1.1603e-01,-1.2102e-01,-1.2619e-01,-1.3156e-01,-1.3714e-01,-1.4294e-01,-1.4898e-01,-1.5526e-01,-1.6180e-01,-1.6863e-01,-1.7578e-01,-1.8329e-01,-1.9122e-01,-1.9961e-01,-2.0853e-01,-2.1804e-01,-2.2818e-01,-2.3895e-01,-2.5032e-01,-2.6222e-01,-2.7459e-01,-2.8739e-01,-3.0072e-01,-3.1493e-01,-3.3065e-01,-3.4872e-01,-3.6981e-01,-3.9329e-01,-4.1530e-01,-4.2755e-01,-4.2149e-01,-3.9656e-01,-3.6057e-01,-3.2198e-01,-2.8519e-01,-2.5102e-01,-2.1867e-01,-1.8714e-01,-1.5579e-01,-1.2437e-01,-9.2899e-02,-6.1553e-02,-3.0535e-02,-2.9882e-05,2.9825e-02,5.8946e-02
1.2620e-04,1.9885e-03,3.3956e-03,4.4100e-03,5.1009e-03,5.5372e-03,5.7781e-03,5.8672e-03,5.8312e-03,5.6798e-03,5.4072e-03,4.9979e-03,4.4295e-03,3.6805e-03,2.7323e-03,1.5737e-03,2.0350e-04,-1.3708e-03,-3.1324e-03,-5.0573e-03,-7.1176e-03,-9.2817e-03,-1.1519e-02,-1.3801e-02,-1.6105e-02,-1.8410e-02,-2.0704e-02,-2.2981e-02,-2.5238e-02,-2.7480e-02,-2.9718e-02,-3.1963e-02,-3.4235e-02,-3.6549e-02,-3.8929e-02,-4.1393e-02,-4.3962e-02,-4.6652e-02,-4.9479e-02,-5.2453e-02,-5.5580e-02,-5.8861e-02,-6.2292e-02,-6.5865e-02,-6.9570e-02,-7.3391e-02,-7.7314e-02,-8.1326e-02,-8.5418e-02,-8.9584e-02,-9.3824e-02,-9.8143e-02,-1.0256e-01,-1.0707e-01,-1.1172e-01,-1.1650e-01,-1.2145e-01,-1.2658e-01,-1.3190e-01,-1.3743e-01,-1.4317e-01,-1.4913e-01,-1.5533e-01,-1.6179e-01,-1.6852e-01,-1.7556e-01,-1.8295e-01,-1.9075e-01,-1.9900e-01,-2.0778e-01,-2.1714e-01,-2.2710e-01,-2.3768e-01,-2.4883e-01,-2.6049e-01,-2.7257e-01,-2.8505e-01,-2.9803e-01,-3.1186e-01,-3.2717e-01,-3.4481e-01,-3.6540e-01,-3.8828e-01,-4.0963e-01,-4.2119e-01,-4.1447e-01,-3.8885e-01,-3.5205e-01,-3.1252e-01,-2.7471e-01,-2.3945e-01,-2.0596e-01,-1.7328e-01,-1.4076e-01,-1.0817e-01,-7.5545e-02,-4.3067e-02,-1.0954e-02,2.0597e-02,5.1443e-02
1.2346e-03,3.0733e-03,4.4619e-03,5.4593e-03,6.1338e-03,6.5547e-03,6.7813e-03,6.8587e-03,6.8166e-03,6.6663e-03,6.4037e-03,6.0136e-03,5.4742e-03,4.7633e-03,3.8603e-03,2.7522e-03,1.4352e-03,-8.4916e-05,-1.7929e-03,-3.6675e-03,-5.6802e-03,-7.8008e-03,-9.9990e-03,-1.2245e-02,-1.4516e-02,-1.6790e-02,-1.9054e-02,-2.1299e-02,-2.3523e-02,-2.5728e-02,-2.7925e-02,-3.0125e-02,-3.2342e-02,-3.4598e-02,-3.6909e-02,-3.9299e-02,-4.1785e-02,-4.4387e-02,-4.7119e-02,-4.9993e-02,-5.3018e-02,-5.6195e-02,-5.9523e-02,-6.2996e-02,-6.6601e-02,-7.0327e-02,-7.4157e-02,-7.8077e-02,-8.2075e-02,-8.6143e-02,-9.0276e-02,-9.4479e-02,-9.8758e-02,-1.0313e-01,-1.0760e-01,-1.1221e-01,-1.1695e-01,-1.2186e-01,-1.2694e-01,-1.3221e-01,-1.3768e-01,-1.4335e-01,-1.4924e-01,-1.5536e-01,-1.6172e-01,-1.6835e-01,-1.7527e-01,-1.8255e-01,-1.9021e-01,-1.9833e-01,-2.0696e-01,-2.1616e-01,-2.2595e-01,-2.3633e-01,-2.4726e-01,-2.5866e-01,-2.7045e-01,-2.8259e-01,-2.9520e-01,-3.0863e-01,-3.2351e-01,-3.4068e-01,-3.6073e-01,-3.8300e-01,-4.0364e-01,-4.1447e-01,-4.0702e-01,-3.8063e-01,-3.4294e-01,-3.0239e-01,-2.6346e-01,-2.2703e-01,-1.9235e-01,-1.5846e-01,-1.2474e-01,-9.0958e-02,-5.7166e-02,-2.3557e-02,9.6391e-03,4.2218e-02
2.3949e-03,4.2096e-03,5.5779e-03,6.5576e-03,7.2146e-03,7.6178e-03,7.8272e-03,7.8902e-03,7.8387e-03,7.6846e-03,7.4273e-03,7.0515e-03,6.5366e-03,5.8590e-03,4.9967e-03,3.9353e-03,2.6687e-03,1.2003e-03,-4.5677e-04,-2.2825e-03,-4.2492e-03,-6.3277e-03,-8.4873e-03,-1.0699e-02,-1.2937e-02,-1.5181e-02,-1.7415e-02,-1.9631e-02,-2.1823e-02,-2.3995e-02,-2.6153e-02,-2.8309e-02,-3.0478e-02,-3.2677e-02,-3.4925e-02,-3.7244e-02,-3.9653e-02,-4.2170e-02,-4.4812e-02,-4.7591e-02,-5.0517e-02,-5.3595e-02,-5.6823e-02,-6.0197e-02,-6.3707e-02,-6.7341e-02,-7.1082e-02,-7.4915e-02,-7.8827e-02,-8.2805e-02,-8.6844e-02,-9.0942e-02,-9.5105e-02,-9.9343e-02,-1.0367e-01,-1.0810e-01,-1.1266e-01,-1.1737e-01,-1.2223e-01,-1.2726e-01,-1.3248e-01,-1.3789e-01,-1.4349e-01,-1.4931e-01,-1.5534e-01,-1.6160e-01,-1.6812e-01,-1.7493e-01,-1.8208e-01,-1.8961e-01,-1.9759e-01,-2.0608e-01,-2.1511e-01,-2.2472e-01,-2.3490e-01,-2.4560e-01,-2.5674e-01,-2.6821e-01,-2.8000e-01,-2.9222e-01,-3.0523e-01,-3.1965e-01,-3.3633e-01,-3.5582e-01,-3.7743e-01,-3.9733e-01,-4.0737e-01,-3.9912e-01,-3.7186e-01,-3.3318e-01,-2.9152e-01,-2.5140e-01,-2.1372e-01,-1.7779e-01,-1.4266e-01,-1.0771e-01,-7.2722e-02,-3.7762e-02,-3.0333e-03,3.1226e-02
3.6078e-03,5.3968e-03,6.7441e-03,7.7046e-03,8.3433e-03,8.7272e-03,8.9179e-03,8.9641e-03,8.8981e-03,8.7370e-03,8.4800e-03,8.1140e-03,7.6186e-03,6.9694e-03,6.1438e-03,5.1253e-03,3.9053e-03,2.4855e-03,8.7709e-04,-9.0121e-04,-2.8239e-03,-4.8617e-03,-6.9834e-03,-9.1615e-03,-1.1369e-02,-1.3583e-02,-1.5789e-02,-1.7976e-02,-2.0138e-02,-2.2278e-02,-2.4400e-02,-2.6515e-02,-2.8638e-02,-3.0784e-02,-3.2974e-02,-3.5227e-02,-3.7562e-02,-4.0000e-02,-4.2555e-02,-4.5244e-02,-4.8075e-02,-5.1056e-02,-5.4188e-02,-5.7466e-02,-6.0883e-02,-6.4427e-02,-6.8082e-02,-7.1833e-02,-7.5664e-02,-7.9562e-02,-8.3515e-02,-8.7522e-02,-9.1583e-02,-9.5705e-02,-9.9900e-02,-1.0419e-01,-1.0858e-01,-1.1310e-01,-1.1776e-01,-1.2257e-01,-1.2756e-01,-1.3272e-01,-1.3806e-01,-1.4360e-01,-1.4933e-01,-1.5527e-01,-1.6143e-01,-1.6784e-01,-1.7453e-01,-1.8156e-01,-1.8895e-01,-1.9679e-01,-2.0512e-01,-2.1400e-01,-2.2343e-01,-2.3340e-01,-2.4386e-01,-2.5472e-01,-2.6587e-01,-2.7729e-01,-2.8910e-01,-3.0165e-01,-3.1559e-01,-3.3174e-01,-3.5064e-01,-3.7156e-01,-3.9068e-01,-3.9988e-01,-3.9074e-01,-3.6252e-01,-3.2276e-01,-2.7989e-01,-2.3848e-01,-1.9950e-01,-1.6227e-01,-1.2586e-01,-8.9658e-02,-5.3464e-02,-1.7346e-02,1.8484e-02
4.8717e-03,6.6346e-03,7.9609e-03,8.9015e-03,9.5205e-03,9.8840e-03,1.0053e-02,1.0080e-02,9.9972e-03,9.8246e-03,9.5634e-03,9.2026e-03,8.7215e-03,8.0963e-03,7.3028e-03,6.3228e-03,5.1460e-03,3.7725e-03,2.2097e-03,4.7629e-04,-1.4034e-03,-3.4014e-03,-5.4872e-03,-7.6323e-03,-9.8086e-03,-1.1995e-02,-1.4174e-02,-1.6333e-02,-1.8467e-02,-2.0576e-02,-2.2665e-02,-2.4743e-02,-2.6822e-02,-2.8920e-02,-3.1054e-02,-3.3245e-02,-3.5511e-02,-3.7872e-02,-4.0347e-02,-4.2948e-02,-4.5689e-02,-4.8577e-02,-5.1614e-02,-5.4799e-02,-5.8126e-02,-6.1582e-02,-6.5154e-02,-6.8826e-02,-7.2581e-02,-7.6403e-02,-8.0281e-02,-8.4206e-02,-8.8178e-02,-9.2198e-02,-9.6279e-02,-1.0043e-01,-1.0467e-01,-1.0902e-01,-1.1350e-01,-1.1812e-01,-1.2289e-01,-1.2782e-01,-1.3292e-01,-1.3820e-01,-1.4366e-01,-1.4931e-01,-1.5515e-01,-1.6121e-01,-1.6751e-01,-1.7408e-01,-1.8097e-01,-1.8824e-01,-1.9593e-01,-2.0411e-01,-2.1281e-01,-2.2206e-01,-2.3182e-01,-2.4204e-01,-2.5260e-01,-2.6342e-01,-2.7445e-01,-2.8582e-01,-2.9789e-01,-3.1132e-01,-3.2691e-01,-3.4518e-01,-3.6539e-01,-3.8369e-01,-3.9197e-01,-3.8184e-01,-3.5256e-01,-3.1161e-01,-2.6745e-01,-2.2469e-01,-1.8434e-01,-1.4577e-01,-1.0805e-01,-7.0591e-02,-3.3196e-02,4.0626e-03
6.1872e-03,7.9234e-03,9.2274e-03,1.0148e-02,1.0746e-02,1.1088e-02,1.1235e-02,1.1239e-02,1.1137e-02,1.0949e-02,1.0680e-02,1.0319e-02,9.8475e-03,9.2413e-03,8.4756e-03,7.5302e-03,6.3931e-03,5.0616e-03,3.5428e-03,1.8521e-03,1.2791e-05,-1.9472e-03,-3.9986e-03,-6.1110e-03,-8.2583e-03,-1.0417e-02,-1.2569e-02,-1.4703e-02,-1.6811e-02,-1.8891e-02,-2.0947e-02,-2.2989e-02,-2.5028e-02,-2.7081e-02,-2.9163e-02,-3.1295e-02,-3.3497e-02,-3.5786e-02,-3.8183e-02,-4.0701e-02,-4.3355e-02,-4.6153e-02,-4.9099e-02,-5.2194e-02,-5.5431e-02,-5.8802e-02,-6.2294e-02,-6.5889e-02,-6.9571e-02,-7.3324e-02,-7.7132e-02,-8.0985e-02,-8.4878e-02,-8.8811e-02,-9.2791e-02,-9.6828e-02,-1.0094e-01,-1.0514e-01,-1.0945e-01,-1.1388e-01,-1.1845e-01,-1.2317e-01,-1.2805e-01,-1.3310e-01,-1.3831e-01,-1.4369e-01,-1.4925e-01,-1.5499e-01,-1.6094e-01,-1.6713e-01,-1.7357e-01,-1.8034e-01,-1.8746e-01,-1.9501e-01,-2.0303e-01,-2.1157e-01,-2.2062e-01,-2.3017e-01,-2.4013e-01,-2.5039e-01,-2.6085e-01,-2.7147e-01,-2.8238e-01,-2.9395e-01,-3.0684e-01,-3.2183e-01,-3.3945e-01,-3.5890e-01,-3.7632e-01,-3.8362e-01,-3.7241e-01,-3.4195e-01,-2.9972e-01,-2.5418e-01,-2.1000e-01,-1.6823e-01,-1.2827e-01,-8.9230e-02,-5.0520e-02,-1.1937e-02
7.5541e-03,9.2633e-03,1.0544e-02,1.1444e-02,1.2021e-02,1.2341e-02,1.2464e-02,1.2444e-02,1.2319e-02,1.2112e-02,1.1830e-02,1.1466e-02,1.0999e-02,1.0407e-02,9.6640e-03,8.7490e-03,7.6478e-03,6.3553e-03,4.8769e-03,3.2264e-03,1.4261e-03,-4.9779e-04,-2.5155e-03,-4.5974e-03,-6.7168e-03,-8.8496e-03,-1.0977e-02,-1.3085e-02,-1.5167e-02,-1.7220e-02,-1.9247e-02,-2.1255e-02,-2.3257e-02,-2.5266e-02,-2.7300e-02,-2.9377e-02,-3.1516e-02,-3.3739e-02,-3.6061e-02,-3.8501e-02,-4.1071e-02,-4.3782e-02,-4.6640e-02,-4.9646e-02,-5.2797e-02,-5.6084e-02,-5.9496e-02,-6.3018e-02,-6.6630e-02,-7.0317e-02,-7.4060e-02,-7.7849e-02,-8.1673e-02,-8.5530e-02,-8.9423e-02,-9.3361e-02,-9.7355e-02,-1.0142e-01,-1.0558e-01,-1.0985e-01,-1.1424e-01,-1.1876e-01,-1.2344e-01,-1.2826e-01,-1.3324e-01,-1.3838e-01,-1.4368e-01,-1.4914e-01,-1.5479e-01,-1.6063e-01,-1.6669e-01,-1.7302e-01,-1.7964e-01,-1.8663e-01,-1.9403e-01,-2.0190e-01,-2.1026e-01,-2.1912e-01,-2.2844e-01,-2.3813e-01,-2.4808e-01,-2.5817e-01,-2.6836e-01,-2.7878e-01,-2.8982e-01,-3.0213e-01,-3.1650e-01,-3.3342e-01,-3.5207e-01,-3.6857e-01,-3.7481e-01,-3.6241e-01,-3.3066e-01,-2.8705e-01,-2.4005e-01,-1.9438e-01,-1.5115e-01,-1.0978e-01,-6.9418e-02,-2.9461e-02
8.9719e-03,1.0653e-02,1.1911e-02,1.2790e-02,1.3346e-02,1.3641e-02,1.3740e-02,1.3694e-02,1.3544e-02,1.3315e-02,1.3017e-02,1.2644e-02,1.2177e-02,1.1595e-02,1.0870e-02,9.9810e-03,8.9116e-03,7.6547e-03,6.2140e-03,4.6012e-03,2.8375e-03,9.4773e-04,-1.0380e-03,-3.0910e-03,-5.1835e-03,-7.2910e-03,-9.3944e-03,-1.1479e-02,-1.3537e-02,-1.5564e-02,-1.7563e-02,-1.9540e-02,-2.1505e-02,-2.3474e-02,-2.5462e-02,-2.7487e-02,-2.9570e-02,-3.1727e-02,-3.3980e-02,-3.6345e-02,-3.8835e-02,-4.1462e-02,-4.4235e-02,-4.7154e-02,-5.0220e-02,-5.3426e-02,-5.6760e-02,-6.0208e-02,-6.3753e-02,-6.7376e-02,-7.1060e-02,-7.4790e-02,-7.8554e-02,-8.2346e-02,-8.6165e-02,-9.0016e-02,-9.3910e-02,-9.7862e-02,-1.0189e-01,-1.0600e-01,-1.1023e-01,-1.1457e-01,-1.1905e-01,-1.2367e-01,-1.2844e-01,-1.3335e-01,-1.3842e-01,-1.4363e-01,-1.4900e-01,-1.5454e-01,-1.6027e-01,-1.6621e-01,-1.7241e-01,-1.7890e-01,-1.8575e-01,-1.9300e-01,-2.0070e-01,-2.0889e-01,-2.1755e-01,-2.2663e-01,-2.3605e-01,-2.4566e-01,-2.5536e-01,-2.6510e-01,-2.7501e-01,-2.8549e-01,-2.9719e-01,-3.1091e-01,-3.2709e-01,-3.4491e-01,-3.6043e-01,-3.6551e-01,-3.5183e-01,-3.1867e-01,-2.7358e-01,-2.2504e-01,-1.7782e-01,-1.3309e-01,-9.0317e-02,-4.8628e-02
1.0440e-02,1.2093e-02,1.3329e-02,1.4186e-02,1.4720e-02,1.4992e-02,1.5064e-02,1.4990e-02,1.4813e-02,1.4560e-02,1.4242e-02,1.3856e-02,1.3385e-02,1.2807e-02,1.2096e-02,1.1228e-02,1.0186e-02,8.9620e-03,7.5555e-03,5.9777e-03,4.2477e-03,2.3905e-03,4.3469e-04,-1.5908e-03,-3.6577e-03,-5.7418e-03,-7.8221e-03,-9.8847e-03,-1.1919e-02,-1.3922e-02,-1.5895e-02,-1.7842e-02,-1.9774e-02,-2.1705e-02,-2.3650e-02,-2.5626e-02,-2.7654e-02,-2.9751e-02,-3.1937e-02,-3.4230e-02,-3.6643e-02,-3.9190e-02,-4.1880e-02,-4.4716e-02,-4.7699e-02,-5.0824e-02,-5.4081e-02,-5.7457e-02,-6.0936e-02,-6.4499e-02,-6.8126e-02,-7.1802e-02,-7.5513e-02,-7.9247e-02,-8.3003e-02,-8.6781e-02,-9.0590e-02,-9.4441e-02,-9.8349e-02,-1.0233e-01,-1.0641e-01,-1.1059e-01,-1.1489e-01,-1.1932e-01,-1.2389e-01,-1.2859e-01,-1.3344e-01,-1.3842e-01,-1.4354e-01,-1.4882e-01,-1.5425e-01,-1.5986e-01,-1.6568e-01,-1.7175e-01,-1.7811e-01,-1.8481e-01,-1.9191e-01,-1.9945e-01,-2.0746e-01,-2.1591e-01,-2.2475e-01,-2.3388e-01,-2.4315e-01,-2.5244e-01,-2.6170e-01,-2.7107e-01,-2.8095e-01,-2.9202e-01,-3.0504e-01,-3.2045e-01,-3.3739e-01,-3.5187e-01,-3.5572e-01,-3.4062e-01,-3.0596e-01,-2.5928e-01,-2.0914e-01,-1.6033e-01,-1.1409e-01,-6.9887e-02
1.1959e-02,1.3583e-02,1.4795e-02,1.5631e-02,1.6143e-02,1.6391e-02,1.6437e-02,1.6335e-02,1.6128e-02,1.5848e-02,1.5506e-02,1.5103e-02,1.4623e-02,1.4045e-02,1.3343e-02,1.2493e-02,1.1475e-02,1.0278e-02,8.9032e-03,7.3573e-03,5.6588e-03,3.8317e-03,1.9037e-03,-9.6286e-05,-2.1390e-03,-4.2009e-03,-6.2600e-03,-8.3012e-03,-1.0314e-02,-1.2294e-02,-1.4241e-02,-1.6161e-02,-1.8062e-02,-1.9957e-02,-2.1861e-02,-2.3791e-02,-2.5768e-02,-2.7808e-02,-2.9931e-02,-3.2154e-02,-3.4494e-02,-3.6964e-02,-3.9574e-02,-4.2329e-02,-4.5231e-02,-4.8276e-02,-5.1458e-02,-5.4763e-02,-5.8176e-02,-6.1680e-02,-6.5254e-02,-6.8880e-02,-7.2541e-02,-7.6227e-02,-7.9929e-02,-8.3646e-02,-8.7382e-02,-9.1146e-02,-9.4954e-02,-9.8820e-02,-1.0276e-01,-1.0679e-01,-1.1093e-01,-1.1519e-01,-1.1957e-01,-1.2408e-01,-1.2872e-01,-1.3349e-01,-1.3839e-01,-1.4342e-01,-1.4860e-01,-1.5392e-01,-1.5941e-01,-1.6511e-01,-1.7104e-01,-1.7726e-01,-1.8382e-01,-1.9077e-01,-1.9815e-01,-2.0597e-01,-2.1421e-01,-2.2280e-01,-2.3162e-01,-2.4053e-01,-2.4938e-01,-2.5814e-01,-2.6694e-01,-2.7620e-01,-2.8660e-01,-2.9889e-01,-3.1350e-01,-3.2950e-01,-3.4287e-01,-3.4540e-01,-3.2878e-01,-2.9250e-01,-2.4416e-01,-1.9235e-01,-1.4192e-01,-9.4134e-02
1.3527e-02,1.5123e-02,1.6311e-02,1.7126e-02,1.7616e-02,1.7841e-02,1.7859e-02,1.7727e-02,1.7490e-02,1.7179e-02,1.6811e-02,1.6387e-02,1.5895e-02,1.5312e-02,1.4614e-02,1.3777e-02,1.2778e-02,1.1606e-02,1.0258e-02,8.7415e-03,7.0720e-03,5.2725e-03,3.3705e-03,1.3947e-03,-6.2680e-04,-2.6677e-03,-4.7072e-03,-6.7286e-03,-8.7216e-03,-1.0680e-02,-1.2603e-02,-1.4497e-02,-1.6368e-02,-1.8229e-02,-2.0095e-02,-2.1982e-02,-2.3910e-02,-2.5896e-02,-2.7959e-02,-3.0117e-02,-3.2387e-02,-3.4783e-02,-3.7315e-02,-3.9991e-02,-4.2813e-02,-4.5781e-02,-4.8888e-02,-5.2123e-02,-5.5472e-02,-5.8917e-02,-6.2438e-02,-6.6017e-02,-6.9634e-02,-7.3277e-02,-7.6933e-02,-8.0598e-02,-8.4274e-02,-8.7967e-02,-9.1688e-02,-9.5452e-02,-9.9275e-02,-1.0318e-01,-1.0717e-01,-1.1126e-01,-1.1547e-01,-1.1980e-01,-1.2425e-01,-1.2882e-01,-1.3352e-01,-1.3833e-01,-1.4327e-01,-1.4834e-01,-1.5355e-01,-1.5892e-01,-1.6449e-01,-1.7029e-01,-1.7637e-01,-1.8279e-01,-1.8958e-01,-1.9679e-01,-2.0442e-01,-2.1244e-01,-2.2077e-01,-2.2927e-01,-2.3780e-01,-2.4620e-01,-2.5443e-01,-2.6263e-01,-2.7124e-01,-2.8092e-01,-2.9245e-01,-3.0621e-01,-3.2124e-01,-3.3344e-01,-3.3454e-01,-3.1629e-01,-2.7828e-01,-2.2819e-01,-1.7467e-01,-1.2259e-01
1.5145e-02,1.6712e-02,1.7877e-02,1.8670e-02,1.9139e-02,1.9339e-02,1.9331e-02,1.9169e-02,1.8900e-02,1.8557e-02,1.8160e-02,1.7711e-02,1.7201e-02,1.6610e-02,1.5912e-02,1.5082e-02,1.4098e-02,1.2947e-02,1.1623e-02,1.0132e-02,8.4888e-03,6.7144e-03,4.8356e-03,2.8816e-03,8.8082e-04,-1.1414e-03,-3.1628e-03,-5.1660e-03,-7.1402e-03,-9.0783e-03,-1.0980e-02,-1.2848e-02,-1.4691e-02,-1.6521e-02,-1.8351e-02,-2.0197e-02,-2.2079e-02,-2.4013e-02,-2.6019e-02,-2.8115e-02,-3.0318e-02,-3.2643e-02,-3.5100e-02,-3.7700e-02,-4.0445e-02,-4.3337e-02,-4.6370e-02,-4.9535e-02,-5.2820e-02,-5.6207e-02,-5.9677e-02,-6.3210e-02,-6.6787e-02,-7.0390e-02,-7.4007e-02,-7.7630e-02,-8.1257e-02,-8.4890e-02,-8.8538e-02,-9.2216e-02,-9.5936e-02,-9.9718e-02,-1.0358e-01,-1.0752e-01,-1.1157e-01,-1.1573e-01,-1.2001e-01,-1.2440e-01,-1.2890e-01,-1.3351e-01,-1.3824e-01,-1.4308e-01,-1.4804e-01,-1.5314e-01,-1.5839e-01,-1.6383e-01,-1.6950e-01,-1.7544e-01,-1.8171e-01,-1.8835e-01,-1.9538e-01,-2.0282e-01,-2.1061e-01,-2.1866e-01,-2.2684e-01,-2.3496e-01,-2.4288e-01,-2.5055e-01,-2.5813e-01,-2.6605e-01,-2.7499e-01,-2.8572e-01,-2.9859e-01,-3.1259e-01,-3.2354e-01,-3.2312e-01,-3.0313e-01,-2.6329e-01,-2.1140e-01,-1.5611e-01
1.6811e-02,1.8350e-02,1.9492e-02,2.0264e-02,2.0711e-02,2.0888e-02,2.0852e-02,2.0659e-02,2.0357e-02,1.9981e-02,1.9552e-02,1.9075e-02,1.8544e-02,1.7939e-02,1.7237e-02,1.6411e-02,1.5438e-02,1.4303e-02,1.3000e-02,1.1531e-02,9.9113e-03,8.1591e-03,6.3015e-03,4.3669e-03,2.3841e-03,3.7882e-04,-1.6264e-03,-3.6132e-03,-5.5698e-03,-7.4895e-03,-9.3702e-03,-1.1216e-02,-1.3033e-02,-1.4832e-02,-1.6628e-02,-1.8436e-02,-2.0273e-02,-2.2159e-02,-2.4112e-02,-2.6149e-02,-2.8288e-02,-3.0544e-02,-3.2929e-02,-3.5455e-02,-3.8125e-02,-4.0942e-02,-4.3902e-02,-4.6999e-02,-5.0219e-02,-5.3548e-02,-5.6967e-02,-6.0456e-02,-6.3994e-02,-6.7562e-02,-7.1146e-02,-7.4734e-02,-7.8320e-02,-8.1904e-02,-8.5494e-02,-8.9098e-02,-9.2732e-02,-9.6410e-02,-1.0015e-01,-1.0397e-01,-1.0787e-01,-1.1187e-01,-1.1598e-01,-1.2020e-01,-1.2452e-01,-1.2895e-01,-1.3348e-01,-1.3812e-01,-1.4286e-01,-1.4771e-01,-1.5269e-01,-1.5782e-01,-1.6313e-01,-1.6866e-01,-1.7446e-01,-1.8058e-01,-1.8706e-01,-1.9392e-01,-2.0116e-01,-2.0871e-01,-2.1648e-01,-2.2431e-01,-2.3201e-01,-2.3942e-01,-2.4651e-01,-2.5343e-01,-2.6062e-01,-2.6879e-01,-2.7868e-01,-2.9062e-01,-3.0354e-01,-3.1318e-01,-3.1114e-01,-2.8930e-01,-2.4754e-01,-1.9377e-01
1.8527e-02,2.0037e-02,2.1155e-02,2.1907e-02,2.2333e-02,2.2487e-02,2.2424e-02,2.2201e-02,2.1864e-02,2.1453e-02,2.0990e-02,2.0483e-02,1.9927e-02,1.9304e-02,1.8592e-02,1.7765e-02,1.6799e-02,1.5677e-02,1.4390e-02,1.2941e-02,1.1340e-02,9.6077e-03,7.7689e-03,5.8513e-03,3.8846e-03,1.8940e-03,-9.6584e-05,-2.0687e-03,-4.0098e-03,-5.9125e-03,-7.7742e-03,-9.5981e-03,-1.1390e-02,-1.3162e-02,-1.4925e-02,-1.6696e-02,-1.8493e-02,-2.0332e-02,-2.2233e-02,-2.4214e-02,-2.6292e-02,-2.8483e-02,-3.0800e-02,-3.3253e-02,-3.5850e-02,-3.8594e-02,-4.1483e-02,-4.4511e-02,-4.7667e-02,-5.0939e-02,-5.4307e-02,-5.7751e-02,-6.1252e-02,-6.4788e-02,-6.8342e-02,-7.1901e-02,-7.5455e-02,-7.9001e-02,-8.2543e-02,-8.6088e-02,-8.9648e-02,-9.3238e-02,-9.6874e-02,-1.0057e-01,-1.0435e-01,-1.0821e-01,-1.1216e-01,-1.1622e-01,-1.2037e-01,-1.2463e-01,-1.2898e-01,-1.3343e-01,-1.3797e-01,-1.4260e-01,-1.4734e-01,-1.5220e-01,-1.5721e-01,-1.6239e-01,-1.6779e-01,-1.7345e-01,-1.7942e-01,-1.8574e-01,-1.9242e-01,-1.9944e-01,-2.0675e-01,-2.1422e-01,-2.2168e-01,-2.2894e-01,-2.3582e-01,-2.4230e-01,-2.4852e-01,-2.5496e-01,-2.6232e-01,-2.7133e-01,-2.8230e-01,-2.9409e-01,-3.0234e-01,-2.9859e-01,-2.7480e-01,-2.3103e-01
2.0291e-02,2.1771e-02,2.2867e-02,2.3598e-02,2.4004e-02,2.4135e-02,2.4046e-02,2.3792e-02,2.3422e-02,2.2974e-02,2.2475e-02,2.1934e-02,2.1350e-02,2.0706e-02,1.9980e-02,1.9148e-02,1.8184e-02,1.7070e-02,1.5796e-02,1.4363e-02,1.2779e-02,1.1063e-02,9.2398e-03,7.3369e-03,5.3829e-03,3.4054e-03,1.4276e-03,-5.3228e-04,-2.4598e-03,-4.3471e-03,-6.1914e-03,-7.9954e-03,-9.7645e-03,-1.1509e-02,-1.3242e-02,-1.4979e-02,-1.6736e-02,-1.8532e-02,-2.0384e-02,-2.2312e-02,-2.4331e-02,-2.6459e-02,-2.8709e-02,-3.1094e-02,-3.3619e-02,-3.6292e-02,-3.9110e-02,-4.2070e-02,-4.5164e-02,-4.8378e-02,-5.1694e-02,-5.5095e-02,-5.8559e-02,-6.2064e-02,-6.5592e-02,-6.9126e-02,-7.2655e-02,-7.6171e-02,-7.9676e-02,-8.3173e-02,-8.6673e-02,-9.0189e-02,-9.3735e-02,-9.7330e-02,-1.0099e-01,-1.0472e-01,-1.0853e-01,-1.1244e-01,-1.1644e-01,-1.2053e-01,-1.2471e-01,-1.2899e-01,-1.3334e-01,-1.3779e-01,-1.4232e-01,-1.4694e-01,-1.5168e-01,-1.5656e-01,-1.6161e-01,-1.6688e-01,-1.7240e-01,-1.7822e-01,-1.8437e-01,-1.9086e-01,-1.9767e-01,-2.0472e-01,-2.1188e-01,-2.1896e-01,-2.2575e-01,-2.3208e-01,-2.3790e-01,-2.4341e-01,-2.4906e-01,-2.5557e-01,-2.6367e-01,-2.7362e-01,-2.8423e-01,-2.9102e-01,-2.8546e-01,-2.5962e-01
