-5.9842e-04,-4.6955e-03,-8.1177e-03,-3.0700e-02,-1.0696e-01,-2.5628e-01,-1.7792e-01,-2.3828e-01,1.5291e-01,6.4255e-02,3.3206e-01,2.8062e-01,-2.2669e-01,4.0831e-01,-2.0153e-02,1.9312e-01,8.1877e-02,-9.2362e-02,-3.1683e-01,-9.7923e-03,-1.1118e-01,-4.5058e-02,-2.7192e-01,3.5115e-02,1.3679e-01,-4.4870e-02,2.4381e-01,-1.3177e-01,-7.2174e-02,-3.3952e-01,1.9240e-01,-6.0242e-02,3.8302e-01,3.0231e-02,3.2993e-01,5.3565e-01,-8.8349e-02,-1.5362e-01,-1.6194e-01,-5.6045e-01,-1.9118e-01,-3.0464e-01,1.8025e-01,-3.6460e-01,-1.3039e-01,6.4295e-02,-6.3358e-01,3.4530e-01,-2.1133e-01,5.6552e-02,1.1115e-01,7.0030e-02,4.9167e-01,-5.1355e-01,-1.7214e-01,1.8464e-01,1.2832e-02,-8.3315e-03,-5.9646e-01,3.2705e-01,1.5742e-01,1.0403e-01,7.0283e-01,6.2615e-02,-7.6791e-02,-1.3067e-01,6.3140e-01,-2.5270e-01,-4.6611e-02,-4.9066e-02,4.6100e-01,5.8047e-02,-3.8422e-02,2.6432e-02,-4.4479e-01,-1.4019e-01,7.4062e-01,-3.5474e-02,-8.2626e-02,4.5614e-01,3.7106e-01,1.3966e-01,-1.2229e-01,2.1875e-01,1.7610e-01,1.7809e-01,-3.8695e-01,-1.2440e-01,3.2084e-02,2.1106e-01,-2.4412e-02,-1.8978e-01,-5.2322e-02,2.3737e-01,-2.5673e-01,-1.2241e-01,-2.2752e-01,-3.9807e-01,-3.4233e-01,-3.2225e-01
1.8331e-02,-1.1680e-02,-5.8303e-03,4.6843e-03,1.0071e-02,-1.7260e-02,6.9105e-02,2.2110e-01,4.1045e-02,1.5956e-01,-2.1656e-01,1.2572e-01,2.5424e-01,-1.9897e-01,3.2878e-02,-6.3828e-02,1.6373e-02,-1.4033e-01,-1.0538e-01,2.6794e-02,3.2424e-02,3.1440e-01,4.9934e-02,-3.0106e-01,-2.2047e-01,-8.9587e-02,-3.3803e-02,-2.6813e-02,1.3231e-01,-5.9794e-02,-1.0277e-01,1.0214e-01,-2.4766e-01,3.1212e-02,-1.9973e-02,-3.4359e-01,5.9248e-02,-1.0802e-01,3.4574e-02,8.5396e-02,-6.5809e-02,8.4537e-02,-5.9514e-02,5.0508e-01,1.3051e-01,-7.2033e-02,6.0345e-01,-1.3170e-01,-3.6188e-02,-1.3654e-01,-2.0359e-01,2.1685e-01,-2.0208e-01,2.2943e-01,1.9031e-01,-1.2979e-01,-1.1897e-02,-1.4644e-01,6.6460e-02,1.4924e-02,4.1967e-01,9.4331e-02,-6.5784e-01,-1.6052e-01,1.1434e-01,-1.3006e-01,-1.1954e-01,2.8899e-01,-9.2776e-02,-3.7321e-02,7.9719e-02,1.6227e-01,-8.9388e-02,7.7640e-02,9.0533e-02,-1.2295e-01,-2.7082e-01,-2.0373e-01,-6.3383e-02,-4.8944e-01,-1.1168e-01,-9.5371e-02,-6.0534e-02,3.4204e-02,9.1346e-02,7.3038e-02,-1.5977e-01,2.1651e-01,1.4005e-01,7.8966e-02,1.8779e-01,2.7834e-01,3.0835e-01,2.7581e-01,1.6831e-01,1.3167e-01,-4.1737e-03,-2.1000e-02,-2.9819e-02,1.4204e-01
4.2463e-02,-1.5028e-02,-1.8288e-02,-1.5054e-02,1.7312e-02,1.3997e-01,4.0964e-02,-5.9652e-02,-2.1737e-02,-2.3509e-02,-7.0285e-02,-4.4104e-01,2.3052e-01,6.0077e-02,1.3914e-02,-2.9372e-01,6.7916e-02,2.7074e-01,2.0344e-01,-1.2336e-01,3.2313e-02,-2.0978e-01,1.1588e-01,4.5019e-01,1.6713e-01,-4.7380e-02,-3.3077e-02,9.0319e-02,1.5526e-01,2.6846e-01,-1.4191e-01,1.2044e-01,7.6305e-02,-1.5007e-01,-4.2680e-02,1.5591e-01,-1.3723e-03,-1.4365e-01,-2.6040e-02,4.6155e-01,2.0104e-01,5.4687e-02,5.9592e-02,-6.9211e-01,-1.5848e-01,-2.5415e-01,-3.6032e-03,-2.8903e-02,1.1878e-01,-1.6254e-01,2.6470e-02,-2.8901e-01,-1.1029e-01,4.2608e-01,-1.3296e-01,-7.1160e-02,-7.4889e-03,-6.1580e-02,2.8634e-01,-3.3991e-02,-2.3946e-01,-1.7449e-01,1.3065e-01,2.7919e-01,5.0008e-02,8.6439e-02,-2.1412e-01,-3.5883e-01,-1.7533e-01,9.8751e-02,-2.7044e-01,-1.8035e-01,9.6853e-02,4.6197e-03,-9.1220e-02,2.0483e-01,-9.0015e-02,1.0503e-01,3.7508e-01,2.8913e-01,-1.5912e-01,9.0814e-02,7.8741e-02,-3.0664e-01,-1.1071e-01,1.6278e-01,4.6429e-01,-3.1837e-02,-3.9991e-02,-5.0593e-02,-8.2523e-02,-1.3768e-01,-2.2676e-01,-4.5558e-01,-1.6947e-01,-1.8031e-01,-8.8269e-02,1.5210e-01,2.9608e-02,5.4723e-02
1.1877e-01,-1.2903e-01,-7.7526e-02,-1.4434e-01,-1.8533e-01,-9.3427e-02,-4.0514e-03,-1.7972e-01,-9.6382e-02,-3.6889e-02,-1.5042e-02,2.1847e-01,-2.8682e-01,-1.5890e-01,4.7286e-02,2.8672e-01,-4.5924e-01,1.5320e-01,2.8714e-01,-7.7837e-02,2.7940e-02,-3.2305e-02,-1.1524e-01,3.9370e-02,2.9647e-01,3.2964e-01,-2.2704e-01,-8.4106e-03,-2.7659e-01,-6.2234e-02,2.2273e-01,1.1779e-01,4.6912e-02,2.4174e-01,-1.5463e-01,-1.3670e-01,7.0486e-02,9.8626e-02,1.3889e-01,-6.5815e-02,5.3646e-02,-9.7191e-02,-2.4988e-01,8.7520e-03,6.5122e-02,2.2931e-02,-6.1744e-01,-3.2474e-01,-3.2152e-01,2.3754e-01,1.2630e-01,-1.7164e-02,9.9284e-02,-7.7033e-01,-4.9342e-02,1.7629e-02,-1.3964e-01,2.5220e-01,-2.3534e-01,-3.2563e-01,-5.1127e-01,-6.9361e-02,-1.7336e-02,5.1086e-02,4.8905e-02,1.4194e-02,-4.3996e-01,4.4156e-02,3.4214e-01,-3.0928e-02,-7.3768e-03,-8.9807e-03,-7.3338e-02,5.0962e-02,1.4234e-01,7.1736e-02,-3.7943e-01,3.9993e-01,3.8723e-01,-5.5469e-02,-2.0242e-01,-5.7147e-02,-1.9468e-01,-2.1013e-01,-5.7467e-01,-5.0915e-01,-2.4590e-01,-3.0616e-01,-3.8474e-01,-3.7104e-01,-2.5169e-01,-1.1878e-01,-2.3802e-01,-3.2426e-01,-3.7428e-02,-1.9246e-01,1.3187e-01,2.6080e-01,1.4152e-01,2.6778e-01
-2.0608e-01,2.5695e-01,1.2238e-01,3.6933e-02,-1.1371e-02,-6.1770e-02,8.3661e-02,-1.4708e-01,-2.6702e-01,-3.3176e-01,-1.6467e-01,-1.4213e-01,-2.1410e-01,1.2233e-01,-1.0521e-01,-9.5533e-02,1.5059e-01,-4.2410e-01,4.2083e-01,1.7822e-01,-4.6105e-02,1.0918e-01,1.4175e-01,-4.3607e-02,-1.2455e-01,4.9070e-01,1.5590e-01,6.1681e-02,-1.0199e-02,7.9996e-02,5.2026e-02,-1.6984e-01,-3.0192e-01,-8.2850e-05,1.7137e-01,-2.0200e-02,-3.0491e-02,2.9899e-01,-5.6254e-03,1.5877e-02,-1.3235e-01,-3.6450e-02,-8.8653e-02,1.8358e-01,-1.4210e-01,2.1138e-02,1.7085e-02,1.4438e-01,3.0267e-01,6.5285e-02,1.4431e-01,-2.0563e-01,-8.2901e-02,-3.7595e-02,-4.5789e-01,-1.2223e-01,-2.6470e-01,2.7531e-01,1.5477e-01,2.2294e-01,-8.1865e-02,-4.1860e-01,-1.0469e-01,-3.7455e-01,-2.0779e-02,4.0143e-01,6.4650e-01,2.4850e-01,-2.9518e-02,-1.7666e-01,1.3581e-01,9.2059e-02,-1.4295e-01,-1.6217e-01,1.1724e-01,2.8819e-01,2.8211e-01,-1.3636e-01,-4.5794e-01,1.2264e-01,2.6138e-02,4.4069e-02,1.5791e-01,1.4280e-01,1.2920e-01,3.6940e-02,-1.2078e-01,1.6705e-01,4.3265e-02,1.7434e-02,-1.6435e-02,-1.5430e-01,-6.0542e-02,2.3192e-01,1.4607e-01,2.1395e-01,1.8004e-01,9.1019e-02,6.2082e-02,7.7158e-03
4.1694e-02,1.0527e-01,-2.9861e-02,-1.1533e-02,4.2439e-01,-7.9319e-05,-1.1431e-01,1.2953e-01,-1.0568e-01,-1.1189e-01,-1.7597e-01,-2.3425e-01,-1.7622e-02,-8.8267e-02,-8.2522e-02,-1.5822e-01,1.6689e-01,-2.2939e-01,-3.5089e-01,3.0968e-01,5.0125e-01,1.4922e-01,2.3434e-01,-1.0309e-01,1.3003e-01,-6.4608e-01,5.2664e-01,-1.8093e-01,4.7421e-01,-1.0277e-01,9.5983e-02,1.7963e-01,1.9468e-01,2.3753e-02,3.0052e-01,6.3772e-02,-1.9995e-01,-5.3289e-02,-1.2324e-01,-2.1073e-01,-8.0259e-02,1.7626e-01,1.5594e-01,-1.0214e-01,-5.7850e-02,7.7355e-02,-1.1820e-01,8.6819e-02,2.2510e-01,-1.6275e-01,-4.8716e-01,-1.4283e-01,-9.0728e-02,3.8055e-01,5.0026e-01,1.5049e-01,-2.2541e-01,-6.8340e-01,-2.6501e-01,1.8846e-01,6.6738e-01,4.4683e-01,5.5142e-01,5.2075e-01,2.4435e-01,1.7999e-02,7.8884e-02,1.6624e-01,2.4714e-01,3.4946e-01,2.5660e-01,1.9112e-01,1.6878e-01,2.4451e-01,2.1629e-01,-1.8808e-01,2.1382e-01,-1.0377e-02,-2.7475e-01,-1.8062e-01,2.4036e-01,2.5840e-02,1.6612e-01,1.5786e-01,1.5544e-01,1.8476e-01,-2.6799e-01,2.2667e-01,2.9120e-01,3.2734e-01,3.2367e-01,8.4138e-03,1.3100e-01,4.0002e-01,-1.1895e-01,9.2355e-02,-3.5478e-02,-3.8847e-01,-3.4529e-01,-5.0356e-01
3.1382e-02,-1.4692e-01,5.8999e-02,-1.1057e-02,-2.4336e-01,2.4954e-02,-3.6205e-02,-2.8784e-01,-3.9334e-02,-7.3638e-02,-1.7934e-02,3.8292e-02,2.4043e-01,3.4268e-02,1.3479e-01,-1.5471e-01,1.3200e-02,1.3889e-01,-3.6359e-01,-3.0011e-01,-3.2902e-01,-7.2944e-02,-3.7265e-03,6.4312e-02,-2.8528e-01,-7.8200e-02,7.3520e-02,4.7869e-01,4.1583e-01,7.4774e-02,3.4407e-01,8.4124e-02,3.4880e-01,-7.1988e-02,-1.9195e-01,1.6337e-01,1.3480e-01,-1.1308e-01,-3.7636e-01,-8.9656e-02,9.4767e-02,-1.3880e-01,-8.9148e-02,-1.5544e-01,-8.5756e-02,1.1892e-01,4.5612e-01,2.1499e-01,-8.2455e-01,-1.0903e-01,9.8734e-03,-7.2583e-02,1.8319e-01,-5.7853e-02,-1.0524e-01,1.2205e-01,1.0754e+00,-1.4380e-02,-6.7201e-02,-9.1608e-02,6.6851e-02,3.2396e-01,1.2990e-02,-2.4201e-03,9.6721e-02,-1.8707e-01,7.6465e-02,-4.6978e-02,1.1693e-01,-1.8169e-02,2.9523e-01,1.9526e-01,1.9182e-01,3.4142e-01,-2.6722e-01,-2.5501e-01,2.1391e-01,3.7676e-02,-1.0563e-01,1.5878e-01,7.0419e-02,-2.4232e-01,-1.7925e-01,-3.6907e-01,-2.1351e-01,-7.5067e-02,-8.2091e-02,-4.1100e-01,-2.7256e-02,-5.7743e-03,-2.6569e-01,-1.2662e-01,1.5300e-02,-1.3445e-01,-3.1473e-01,-1.5777e-01,-5.2927e-01,-2.3259e-01,2.0484e-02,7.3753e-02
9.7570e-02,-2.2553e-01,-9.8010e-02,-1.2023e-01,-2.2263e-01,-4.7350e-02,-2.9316e-01,-1.8642e-01,2.5647e-01,2.7207e-01,2.3733e-01,4.9155e-02,2.3934e-02,-5.0461e-03,-1.6978e-01,1.1786e-01,-3.4933e-01,6.2141e-01,1.7774e-01,-7.1115e-02,-5.8001e-02,3.7392e-02,-7.7270e-02,5.1752e-01,1.2218e-01,2.2884e-01,-1.1963e-01,6.2557e-02,8.8783e-03,1.0007e-01,-7.0451e-02,5.8488e-02,3.6627e-01,3.2359e-01,-1.3597e-03,1.2727e-01,1.6728e-01,-7.0675e-02,5.1953e-01,1.8612e-01,1.8452e-02,-3.8299e-01,-7.2208e-02,-4.1912e-02,-1.0668e-01,1.6510e-01,3.8887e-02,-8.7567e-01,-2.5162e-01,-9.9879e-02,3.6321e-02,4.0539e-01,-5.0925e-01,-1.7555e-01,3.0381e-01,-5.3069e-02,-4.3408e-01,1.0716e-01,3.2208e-01,1.0812e-01,-4.6268e-02,-7.5583e-02,-1.4956e-01,3.0120e-02,-5.0273e-02,8.9186e-02,3.2973e-02,7.4919e-02,-1.0434e-01,1.0693e-01,-2.0019e-01,1.6819e-01,-1.9499e-01,-1.3932e-01,9.6147e-03,1.9183e-01,-6.1622e-02,-1.3640e-01,-1.1749e-01,-1.5489e-01,1.6912e-01,1.2565e-01,1.7799e-02,4.9296e-01,1.5376e-03,-1.4344e-01,-1.4331e-01,-2.2779e-01,-5.2219e-01,-3.2334e-01,-6.8662e-02,-6.2781e-02,-5.9271e-02,-2.0850e-01,-1.3516e-02,-1.7342e-01,-2.0428e-01,2.3625e-01,1.1089e-01,1.2072e-01
3.1129e-02,-2.5629e-01,-3.1226e-01,-6.1217e-02,1.4557e-02,-1.9678e-01,-1.0000e-01,1.5063e-01,-2.1411e-01,2.5217e-01,-6.0556e-02,9.4393e-02,-1.1769e-01,-8.1875e-02,-2.6067e-02,-1.5819e-01,-6.7360e-02,-6.0840e-02,2.8578e-01,1.5045e-01,-6.8715e-02,7.7413e-02,1.2311e-01,-1.2230e-01,5.4533e-01,3.0969e-01,-1.9228e-01,-1.1041e-01,-5.2088e-01,3.4864e-01,-1.4264e-01,-4.8451e-02,1.4314e-01,1.2285e-01,8.6621e-02,-1.5681e-01,-2.0002e-01,5.2833e-02,1.0822e-01,3.9644e-02,-2.8614e-01,1.5027e-02,-1.9726e-01,3.7014e-02,-1.7247e-01,-3.1898e-01,-3.3107e-01,8.9073e-02,2.4810e-01,1.1573e-01,5.7397e-02,-2.9797e-02,-2.1899e-03,-3.0677e-01,-5.8988e-01,-1.9378e-01,-1.2082e-02,1.2754e-01,3.5058e-01,4.2792e-02,3.3533e-02,-5.5809e-02,-9.6823e-02,-9.7426e-02,2.5825e-02,-8.6002e-03,1.3752e-02,1.5985e-01,2.4271e-01,7.2033e-02,-9.6964e-02,-3.1920e-01,1.9433e-01,-3.3246e-01,7.2682e-02,2.3334e-01,-1.6470e-01,9.9147e-02,2.5852e-01,1.4140e-02,-3.4354e-01,-1.6723e-01,4.7391e-03,-2.2745e-01,8.2465e-02,-2.1754e-01,-4.2719e-02,9.7681e-03,-4.5269e-01,-4.7259e-01,-4.1326e-01,-6.7342e-02,-2.6501e-01,-3.5868e-01,-8.9340e-02,5.9604e-02,4.3514e-04,5.7714e-02,1.0290e-01,1.2823e-01
-4.1346e-02,2.7945e-01,-6.2734e-02,5.8702e-02,-1.9878e-02,-1.9615e-01,-8.7740e-02,7.2249e-02,-1.0096e-01,-6.8061e-01,-2.3144e-01,-2.4252e-01,-1.2666e-01,1.0405e-02,-4.2269e-02,5.0182e-01,1.4430e-01,-4.2405e-01,-1.8594e-01,4.5166e-01,1.3457e-01,2.4218e-01,1.6045e-01,1.5983e-01,-1.5504e-01,4.1709e-01,1.9449e-01,2.8367e-02,3.5467e-02,-4.4045e-02,5.7632e-02,2.3926e-02,-3.6457e-01,-3.4463e-01,-1.1148e-01,-1.7753e-01,3.0669e-01,2.5880e-01,1.1662e-02,-5.1955e-02,1.8379e-02,1.8080e-01,2.7969e-01,-2.9690e-01,-7.2611e-02,-5.0458e-01,-3.8902e-01,-1.6005e-01,-9.7164e-02,-2.1591e-01,-4.1383e-01,-2.8006e-01,-1.1017e-01,1.3685e-01,-8.0379e-02,-1.1976e-01,-4.8447e-01,-1.1878e-02,-2.5273e-02,2.1679e-01,-7.6982e-02,1.7900e-01,9.8836e-02,3.2936e-01,-3.6939e-02,2.1250e-01,2.5627e-02,3.2981e-01,2.9447e-01,3.8878e-01,2.3430e-01,-1.1458e-02,4.6955e-01,3.7178e-01,4.3480e-01,4.7071e-01,-1.4057e-02,1.3015e-01,3.6504e-01,1.5218e-02,-1.7852e-01,-2.9383e-01,-3.7609e-01,-2.8189e-01,-3.0161e-01,2.4288e-01,1.6445e-01,-5.0694e-01,-9.7941e-03,-9.0287e-02,-8.1089e-02,1.5277e-01,1.9273e-02,1.2759e-01,-3.8589e-02,-5.2719e-02,1.6313e-01,1.2547e-01,1.1411e-02,9.1181e-02
-1.5941e-01,-6.9101e-02,1.5169e-01,3.9557e-02,-1.7987e-01,-6.1995e-03,-1.6054e-01,-1.2708e-01,-1.3809e-01,-2.3646e-01,-3.9901e-01,-1.3521e-01,-6.2387e-02,1.3701e-01,-5.8761e-02,-1.1068e-02,-2.6507e-02,2.2325e-01,2.4130e-01,-3.7944e-02,4.7060e-01,5.8754e-02,2.8238e-01,2.0073e-01,1.2344e-01,4.9290e-02,3.2897e-01,3.6386e-01,2.5128e-01,2.0687e-01,1.0867e-01,9.5255e-03,-4.1679e-01,-4.4677e-02,1.2680e-01,1.1013e-01,-1.7563e-01,-8.9406e-02,-1.5857e-01,-6.6034e-02,-2.5660e-02,7.6999e-02,-4.9267e-01,-1.9332e-01,2.1943e-01,-1.2214e-01,-2.0104e-01,-7.6210e-02,-4.9987e-02,-1.0463e-01,1.5959e-01,-1.5180e-01,-2.8849e-03,1.8589e-01,1.0457e-01,2.2355e-02,-3.0237e-02,2.4536e-01,-4.7750e-01,-4.7220e-02,2.5396e-01,-3.1951e-01,2.6084e-01,-2.3192e-01,1.5696e-01,3.0528e-01,2.0948e-01,3.0972e-01,-1.4560e-01,-2.0748e-02,-2.6195e-01,3.5633e-01,9.1687e-02,2.0534e-01,1.0950e-01,-5.0187e-02,-5.7962e-02,-1.6677e-01,1.4447e-01,3.4169e-01,-5.2557e-02,9.1199e-03,-2.2206e-01,-2.1953e-01,-4.3025e-01,-3.5769e-02,-1.4194e-01,5.1191e-01,5.1585e-01,2.1893e-01,2.2124e-01,-2.3782e-02,-3.9547e-01,-9.7358e-02,-1.7057e-02,-1.0630e-01,3.9821e-01,-5.7958e-02,-4.3668e-01,-3.2509e-01
1.3911e-01,1.8528e-01,1.0600e-02,-2.5398e-01,1.0607e-01,1.4464e-01,5.7913e-02,-1.2965e-01,-3.2621e-01,-4.6090e-02,6.9098e-02,-1.4980e-01,-2.6409e-01,-4.0838e-01,-1.3871e-01,-3.6345e-01,3.3980e-01,-6.3362e-02,1.5060e-01,-7.5291e-02,-1.3266e-01,4.8896e-02,-3.7278e-01,-2.3975e-01,1.2059e-02,-1.0805e-01,-7.8941e-02,1.0536e-01,3.4674e-01,4.1963e-02,3.2517e-01,3.2557e-01,2.8042e-01,-7.6204e-03,-5.0723e-02,-3.9568e-01,-1.3504e-01,-6.1747e-02,-7.3594e-02,-9.5808e-02,3.3712e-02,-4.4428e-02,2.3859e-01,1.7751e-01,-4.9523e-02,1.2177e-02,-6.8638e-02,2.6128e-01,-5.4855e-02,-1.6882e-01,-2.3182e-01,-3.0239e-01,-2.2818e-02,-1.5872e-01,3.1837e-02,7.3013e-02,5.6827e-01,-4.2713e-01,-6.4404e-02,-3.9989e-01,-1.6103e-01,2.7035e-01,2.4055e-01,-3.7385e-02,9.7704e-02,1.6568e-01,5.7665e-02,-3.9101e-01,1.8908e-01,1.2050e-01,1.2508e-01,3.2062e-01,-2.9290e-01,8.6995e-02,-2.3043e-01,-1.1297e-01,8.6230e-02,1.1552e-02,-4.0524e-01,-1.0079e-01,1.2000e-01,1.9528e-01,2.5591e-01,1.3845e-01,5.8522e-02,-2.6259e-01,-4.0295e-01,2.3787e-01,-2.5376e-01,-3.2248e-01,-3.6479e-03,-2.5124e-01,5.4627e-02,1.1650e-01,-2.2278e-01,4.1187e-02,-2.6241e-01,-2.9801e-01,9.5350e-02,1.7141e-01
-5.4861e-02,3.1988e-02,2.3452e-01,2.2422e-02,-1.6631e-01,-7.2885e-02,-1.4422e-01,-1.2608e-01,1.2761e-01,1.2663e-01,2.2237e-01,9.8999e-02,9.0517e-03,-7.0574e-02,-1.8668e-01,-4.2204e-01,-1.8703e-01,1.0610e-01,-1.7257e-01,-7.6036e-02,3.9203e-01,-1.9280e-01,6.6633e-02,3.5465e-06,-1.1601e-01,-2.5467e-02,7.7737e-02,-1.1022e-01,7.6224e-02,1.6144e-01,1.5130e-01,3.6123e-01,3.9676e-01,4.8937e-01,1.8289e-01,5.5189e-01,2.4787e-01,-2.6573e-02,1.3767e-01,-5.8093e-02,-4.3972e-01,-3.1248e-02,-4.5404e-02,-4.8339e-02,-3.4303e-01,7.5478e-02,2.0245e-01,-7.9024e-02,-2.5793e-01,-3.4205e-02,-4.4582e-02,-6.5272e-02,-2.4744e-01,-1.0395e-01,-6.6145e-02,2.3036e-01,1.4744e-01,1.0324e-01,1.4394e-01,4.9327e-02,-5.7890e-02,3.0511e-01,-2.0429e-01,1.7990e-01,3.9926e-01,-1.2878e-01,1.2654e-01,1.3823e-01,-3.5910e-01,1.6574e-01,1.4243e-01,-8.6166e-02,6.0803e-02,-3.5527e-01,-3.2143e-01,-6.2216e-01,7.4580e-02,1.0774e-01,-3.9318e-01,-1.3417e-01,2.3564e-01,-9.9836e-02,1.0581e-01,2.2711e-01,3.3652e-01,-1.4598e-01,-1.6402e-01,-5.6415e-01,-1.1466e-02,-8.1334e-02,-2.8053e-01,-2.5144e-01,1.5838e-01,-9.6638e-02,-5.4045e-02,-2.6413e-01,-6.7967e-01,-6.8467e-02,4.7862e-02,7.7608e-03
2.2169e-01,7.1108e-02,-1.0615e-01,1.3566e-02,1.3376e-02,-2.4790e-01,-1.3347e-02,4.9954e-02,2.7196e-01,7.2701e-02,-3.8415e-02,2.7592e-02,8.3536e-02,1.0222e-01,1.8860e-01,2.4721e-01,-1.0832e-01,-8.4436e-03,-2.1295e-01,-1.6483e-01,-4.9676e-01,3.1875e-01,4.2943e-01,4.2712e-01,2.5070e-01,1.6449e-01,2.8912e-01,3.2673e-01,1.8086e-04,-1.9516e-01,-4.8364e-02,-9.0424e-02,6.6019e-01,2.3644e-01,-2.1427e-01,7.1609e-03,-1.5453e-02,-7.4096e-02,-1.0533e-01,2.4455e-01,8.9817e-02,-3.0649e-01,-9.4866e-02,-9.3263e-02,-1.1822e-01,1.5938e-01,2.9775e-02,-4.0068e-01,7.2494e-05,-1.3494e-01,-1.7195e-01,-2.4162e-02,-7.4154e-02,-2.2071e-01,2.6736e-03,-1.9081e-01,-1.7576e-01,6.6694e-02,2.3467e-01,3.1540e-01,2.5802e-01,4.8771e-02,3.7159e-01,2.2368e-01,-2.2912e-01,-1.0392e-01,1.1462e-01,4.7794e-02,3.5891e-01,-3.3538e-01,1.6760e-01,3.0434e-01,3.4394e-01,4.1761e-01,4.5349e-01,4.0697e-01,3.2689e-01,-1.9558e-01,6.1636e-02,-4.2074e-02,-6.1292e-03,-1.4549e-02,-1.2000e-01,-8.2755e-03,-1.4252e-01,6.4466e-02,5.0506e-02,-4.3344e-01,-4.4460e-01,1.0818e-01,-1.5345e-01,-4.8719e-02,-8.4513e-02,-1.7281e-01,-2.2535e-01,-1.0588e-01,4.4179e-02,-8.8567e-03,2.7821e-02,1.3732e-01
1.2230e-01,-1.9344e-01,-2.6382e-01,3.8138e-02,3.3762e-02,2.5195e-01,-3.3067e-02,1.3244e-01,5.7550e-03,8.2563e-02,-1.4767e-01,6.0830e-02,3.2192e-02,8.2417e-02,9.2683e-02,9.2103e-02,-9.8605e-03,2.0383e-02,1.2098e-01,3.7891e-01,-7.3429e-02,-9.4069e-02,-3.2889e-03,2.4430e-01,2.2585e-01,4.5087e-02,-7.1419e-02,2.3527e-01,-2.5497e-01,3.6625e-01,-2.1481e-02,-2.0743e-01,-4.3434e-01,-2.3244e-01,-1.9912e-02,-1.5494e-01,-7.9598e-02,2.6294e-01,-5.7300e-02,-2.0983e-01,1.9715e-02,-1.3425e-01,-1.8822e-01,-3.7560e-01,-1.5247e-01,-2.4546e-01,-3.3093e-01,-1.4602e-01,-8.2263e-02,3.8109e-03,-1.4071e-01,9.8709e-02,2.7914e-01,1.6019e-01,-2.2055e-02,-2.3748e-01,-1.9067e-01,3.9446e-02,4.6351e-02,1.7133e-01,1.6114e-01,-2.2897e-01,-2.3880e-02,2.1956e-01,-1.6305e-03,2.0113e-01,1.9841e-01,1.6864e-01,2.9316e-01,1.1240e-01,1.8672e-01,5.8298e-02,3.6551e-01,1.4999e-01,1.7530e-01,3.8371e-01,6.6015e-02,3.2083e-01,2.1706e-01,1.5537e-01,-4.0503e-01,-2.6227e-01,-3.0257e-01,-5.5842e-01,-1.4998e-01,-2.0935e-02,-8.2993e-02,2.8282e-02,-1.6785e-01,-3.0988e-01,1.8252e-01,-1.8488e-01,-2.7994e-01,-4.0707e-01,1.5087e-01,6.6840e-02,3.3064e-01,2.2916e-01,6.0218e-02,-9.3791e-02
-5.3221e-01,-2.5857e-01,-1.2957e-01,1.2302e-01,1.3201e-01,-6.0540e-02,-6.1296e-02,-2.0874e-01,-1.7644e-01,4.0183e-02,3.7962e-02,4.5493e-04,-8.7201e-02,-5.0442e-02,4.5856e-02,1.0892e-01,1.1684e-01,-1.0352e-01,-2.7035e-02,9.1809e-02,3.1540e-01,3.0578e-01,-8.6453e-02,-3.4794e-01,5.7252e-02,3.1975e-01,-1.3175e-01,-5.2115e-01,3.0922e-01,1.1308e-01,1.7522e-01,2.1853e-03,-3.3557e-01,2.4328e-04,2.0602e-01,5.5883e-02,-1.0844e-01,-4.7606e-02,1.4984e-01,-8.2130e-02,1.6920e-01,1.6644e-01,2.1912e-01,2.6776e-02,1.5086e-01,-4.4644e-01,-1.5223e-01,-7.0780e-02,-3.0953e-01,-1.6386e-01,1.8103e-02,-2.8951e-02,4.2131e-03,-2.9881e-02,-1.1049e-01,1.3697e-01,-9.4203e-03,-1.6086e-01,-3.7555e-03,-7.8617e-02,-1.1056e-01,5.2846e-02,-1.0862e-01,2.9350e-01,1.3852e-01,2.7058e-01,1.3828e-01,1.3452e-01,1.5120e-01,5.3337e-01,-6.0058e-03,-2.5426e-01,-1.0741e-01,-2.9292e-02,1.1785e-01,1.4472e-01,-2.2598e-01,1.3989e-01,8.6829e-02,1.5877e-02,1.5124e-01,2.6260e-01,1.5315e-01,2.8138e-01,-5.0989e-02,-3.6136e-01,-1.2808e-01,1.4100e-01,1.2264e-01,-2.4020e-01,-3.7537e-01,1.0862e-01,-2.8119e-01,1.7292e-01,6.7253e-03,-5.2359e-02,-2.3864e-01,-2.6740e-01,-1.4802e-01,3.3681e-02
1.7358e-01,5.4931e-02,-3.1248e-02,-1.0942e-01,-2.3876e-01,3.8381e-02,2.2359e-01,-1.4753e-03,3.6354e-02,-2.1477e-01,-1.4458e-01,-2.2956e-01,-4.6531e-02,-2.4710e-01,-9.4368e-02,-1.3100e-01,9.9336e-02,9.5632e-02,-2.0454e-02,-1.7234e-01,1.1880e-01,5.0561e-03,1.8242e-02,3.1038e-01,-1.5829e-01,-1.9074e-01,5.0230e-01,2.4559e-02,2.7188e-01,9.9054e-02,6.6907e-03,-9.2189e-03,1.2596e-01,-9.1242e-02,2.9244e-01,-2.2304e-02,3.7762e-01,-1.1637e-01,1.5816e-01,3.0621e-02,-2.0220e-01,3.2452e-02,-1.9479e-01,2.0799e-01,1.0448e-01,-6.9353e-02,1.9042e-01,-3.3143e-02,1.6537e-01,-1.5249e-01,4.3609e-02,-2.0886e-01,-2.6653e-01,-1.0804e-01,8.0760e-02,-5.4622e-02,3.5153e-02,1.8620e-01,-3.1007e-01,3.8732e-02,8.8283e-02,6.2604e-02,1.1804e-02,-4.0360e-01,1.0392e-01,-2.4661e-02,-1.3236e-01,-1.1475e-01,-7.5909e-02,-9.3561e-02,1.1584e-01,8.0881e-02,-4.7833e-01,1.3875e-02,-1.5149e-01,-2.6777e-01,-1.6937e-02,-4.4929e-02,7.6284e-02,-7.5195e-02,5.8910e-02,-4.5366e-01,-9.4933e-02,-1.1712e-01,-1.6304e-01,1.0750e-01,-1.1327e-01,-4.9902e-02,1.7471e-01,5.4407e-02,-4.9738e-02,-6.4622e-02,2.8250e-01,1.2464e-01,-4.0464e-01,-8.2374e-02,7.9690e-02,-1.4804e-01,-2.7860e-02,8.3811e-02
6.3360e-02,8.6239e-02,9.9884e-02,-3.3557e-01,1.3498e-01,-2.9206e-03,6.2726e-02,9.8371e-02,-3.2679e-02,1.0602e-01,1.3196e-01,9.0119e-03,1.4695e-01,1.3059e-01,-6.7322e-02,9.8349e-02,-1.2123e-01,-1.5535e-01,5.4471e-02,-1.0509e-01,3.5074e-02,2.7208e-02,1.1337e-01,-1.3807e-01,6.7297e-01,-6.3098e-02,2.6544e-02,2.5550e-01,5.0761e-03,-1.6960e-01,2.6207e-02,2.7481e-01,2.8555e-02,1.3982e-02,8.6193e-02,2.6394e-01,-5.8262e-02,-2.6540e-01,-2.6984e-01,-2.7056e-01,-7.5388e-02,1.0295e-01,-2.8263e-01,3.3287e-01,-2.8718e-01,2.5088e-02,5.3274e-02,1.9316e-01,1.5739e-01,1.0661e-01,-3.1203e-01,-1.7491e-01,-2.2041e-01,-2.4868e-01,1.7439e-02,2.7317e-01,4.9981e-02,-1.4532e-01,1.6690e-01,-2.1328e-01,1.7798e-01,1.7198e-01,1.3944e-01,6.0595e-02,3.6781e-02,7.6089e-02,-1.1282e-01,2.3778e-01,-7.5017e-03,-1.1150e-01,1.3586e-02,2.0664e-01,1.0390e-01,8.7252e-02,-6.2591e-02,1.0612e-01,1.5302e-01,-5.1237e-01,-2.9837e-01,-1.3603e-01,-2.1918e-02,2.7854e-01,4.6549e-02,-2.3705e-01,1.5995e-01,5.1218e-02,-1.3369e-01,-1.3634e-01,1.5032e-03,1.3161e-01,1.1511e-01,-3.8651e-02,3.8118e-02,5.9113e-02,2.5661e-01,1.4053e-02,8.4766e-02,1.4710e-01,5.5354e-02,-6.4717e-02
2.1182e-01,4.5656e-03,1.6097e-01,1.3800e-01,3.4064e-03,5.7221e-02,-5.6313e-02,6.7544e-02,8.7309e-02,-8.5875e-02,1.1221e-01,2.1247e-01,1.6645e-01,1.6110e-01,6.4687e-02,-4.4419e-02,-1.3982e-01,-6.1793e-02,1.8787e-01,2.0125e-01,-5.7217e-02,1.9106e-01,2.0696e-01,-4.1804e-02,-3.6072e-01,4.2013e-02,7.9345e-02,1.0666e-01,-6.0352e-02,-1.6682e-01,4.0052e-02,1.0977e-01,2.4862e-01,2.8827e-01,-7.7278e-02,-7.4956e-02,-6.0513e-02,3.9270e-01,-3.0485e-01,2.1865e-01,2.5115e-02,-6.0386e-01,1.0548e-02,-3.6418e-01,-1.1143e-01,2.5376e-01,-4.4705e-01,-2.1036e-01,-1.4334e-01,-1.4285e-01,8.9619e-02,-1.2883e-01,2.0002e-01,-2.1028e-02,-2.1872e-01,-2.2763e-01,-3.4999e-01,-1.8899e-01,-9.7328e-02,-5.9118e-02,-2.3985e-01,-2.9114e-02,1.2299e-01,5.0271e-01,1.6626e-01,2.4289e-02,7.7039e-02,9.8380e-02,6.8766e-02,9.9575e-02,2.2420e-01,-4.7830e-03,2.3527e-01,1.2100e-01,-1.6972e-01,-7.5553e-02,6.8996e-02,1.0931e-01,-1.2716e-01,8.9245e-03,1.1029e-02,1.0410e-01,-1.0693e-01,-5.1198e-02,-7.5358e-02,3.7877e-02,3.5124e-02,1.1929e-01,-1.0735e-01,-1.1519e-01,8.6229e-02,1.2256e-01,-5.7727e-02,-3.9234e-02,7.2106e-02,1.9912e-02,-3.0189e-01,1.3141e-01,1.3243e-02,-1.2938e-01
-1.8035e-02,8.0417e-02,1.1049e-01,1.8275e-01,-5.3568e-02,1.5448e-01,-3.1565e-02,-9.5901e-02,-6.4266e-02,1.3687e-01,-2.2427e-01,3.5512e-02,2.0077e-02,1.4932e-01,1.6139e-02,-3.0242e-01,2.0831e-02,1.5249e-01,-3.3347e-02,2.5731e-01,1.1733e-01,-8.4804e-02,9.5240e-02,1.5684e-01,-5.7320e-03,3.3596e-01,-1.7411e-01,3.0061e-01,2.1041e-01,1.3301e-01,-5.8947e-02,-2.1152e-02,2.7258e-01,1.7060e-01,-4.8960e-01,-4.1500e-01,5.9630e-02,-5.9836e-02,2.4994e-01,2.2090e-01,-2.8118e-02,8.9353e-02,5.5892e-02,-3.8917e-01,6.6038e-02,-9.7071e-02,4.8914e-02,-3.5262e-01,-1.9226e-01,3.1906e-02,2.7679e-01,1.1392e-01,-8.8089e-02,3.2336e-01,-2.4659e-01,-2.4912e-01,2.9311e-02,8.1777e-02,-2.1772e-02,2.6692e-01,8.2934e-04,-1.9239e-01,-1.2194e-01,4.5456e-02,-2.8586e-02,-1.1095e-01,1.2870e-01,-5.0366e-01,6.9017e-02,3.0252e-01,-1.4293e-01,6.7995e-02,3.8067e-01,-9.4021e-02,6.8519e-02,4.5342e-03,1.5699e-01,1.9793e-01,2.6963e-01,-1.5012e-02,-1.8426e-01,-8.2313e-02,9.0259e-02,3.9323e-02,-3.1089e-01,-1.9494e-01,1.0880e-01,8.6828e-02,-9.3987e-02,4.7996e-02,-2.1122e-01,5.8863e-02,-2.0831e-01,-1.6506e-01,1.6244e-02,6.1244e-03,-1.9934e-01,1.0333e-02,-1.0314e-01,1.0986e-01
-4.7334e-01,7.0979e-02,-5.3834e-02,1.0650e-01,1.5503e-01,-2.2553e-01,9.9821e-02,4.0408e-02,4.7892e-03,-4.3715e-02,3.4075e-01,-1.3172e-01,-2.8684e-01,7.6499e-02,-2.4451e-03,5.6897e-02,-3.7350e-02,8.5876e-02,2.1164e-02,-1.2735e-01,-1.5085e-01,-1.4684e-01,-1.8441e-01,8.8071e-02,8.3856e-02,1.9294e-01,-5.2042e-02,-5.1033e-01,8.5771e-02,6.5066e-01,1.1513e-02,-3.5336e-01,-6.6045e-02,-3.9904e-02,1.5525e-02,2.8903e-01,-2.9724e-01,-1.5771e-01,8.1567e-02,-1.5879e-01,7.3159e-02,3.5975e-01,9.4192e-02,-8.4039e-02,-2.5009e-02,-2.3335e-01,4.4260e-02,-2.3756e-01,-2.1906e-01,-5.1658e-02,6.8513e-03,2.0980e-01,7.5626e-02,2.1606e-02,3.4806e-01,1.7175e-01,2.3903e-01,1.7206e-01,1.4718e-02,1.0113e-01,1.4571e-01,-1.0331e-02,-5.6033e-02,-1.2915e-01,-9.2288e-02,1.1941e-01,-8.2142e-02,6.6019e-01,-9.7223e-02,-2.7366e-01,-6.6400e-02,2.3542e-03,-2.6187e-01,1.4678e-01,8.9745e-02,-1.5707e-01,-6.0780e-01,6.4203e-02,1.6315e-01,4.3702e-01,5.8081e-02,7.1371e-02,-5.7459e-04,1.4936e-01,-2.2127e-02,-1.1011e-01,-1.3246e-01,-1.7479e-01,-1.3830e-01,-3.9231e-02,-7.2538e-02,-1.6481e-01,-1.4354e-01,-8.7760e-02,-2.3821e-01,-7.6065e-02,-3.0651e-02,4.8800e-02,-1.3465e-01,1.0452e-01
2.1819e-01,-6.5816e-02,-1.2919e-01,-9.9258e-02,8.8302e-02,1.0399e-01,7.6325e-02,1.4261e-01,1.4367e-01,3.7301e-02,1.4885e-02,4.8219e-01,-1.1176e-01,-2.9497e-01,9.6717e-02,1.9896e-01,1.5189e-01,3.8626e-02,1.2223e-01,-1.6462e-01,-2.1031e-01,5.4866e-02,-1.5637e-01,5.0917e-02,-3.2245e-02,-3.6161e-01,1.0972e-01,-1.4845e-01,-2.1338e-01,-3.1968e-02,1.2820e-02,-1.2075e-01,-3.5242e-01,-3.9378e-01,5.9321e-01,6.0812e-02,1.7301e-01,4.5759e-01,-1.2057e-01,1.3296e-01,2.3633e-01,-1.7807e-02,4.1726e-03,1.7182e-01,-1.6706e-01,-2.8232e-02,4.5904e-02,5.0815e-01,9.3692e-02,-2.9047e-02,-8.4835e-02,-1.1743e-01,-3.8241e-02,-4.2764e-01,-3.9999e-04,4.3300e-01,4.4497e-01,-3.4473e-02,2.1013e-01,2.3190e-01,1.2157e-01,2.0570e-01,1.4758e-01,8.7996e-02,-1.6206e-01,-9.5754e-02,1.5341e-01,-9.5569e-03,1.6309e-01,1.8788e-01,5.5337e-02,-1.7878e-01,-1.8835e-01,1.5518e-01,7.2294e-02,1.3497e-01,3.7606e-02,7.3504e-02,-1.3884e-01,-2.5696e-01,3.1281e-02,-2.1308e-02,3.4306e-03,5.7033e-02,2.6529e-02,5.6426e-02,-7.8231e-02,-5.0166e-02,8.9218e-03,-1.4441e-02,1.0556e-01,-1.9946e-02,1.5174e-01,2.1169e-01,-1.1987e-01,-1.9568e-01,1.3346e-01,-4.0122e-03,1.6140e-02,-2.2072e-02
1.5588e-01,-1.6993e-01,1.6442e-01,-1.5503e-01,-4.1655e-02,9.4691e-02,-4.6961e-02,1.5772e-01,2.0901e-01,1.6716e-01,-6.6212e-02,1.0694e-01,6.0388e-01,-1.7989e-01,2.0955e-01,2.2564e-01,1.8595e-01,9.4622e-04,-1.0261e-02,-1.5606e-02,1.4788e-01,-4.9165e-02,-2.4450e-02,1.8133e-02,-1.2441e-01,-3.5163e-01,5.2372e-02,1.9911e-01,2.8740e-03,-5.2286e-01,2.8651e-01,1.7630e-01,4.1601e-02,3.3185e-01,-2.0146e-02,1.6113e-01,2.1279e-01,-3.2377e-01,-7.1809e-02,-2.1737e-01,-1.4247e-01,-7.4601e-02,-1.3656e-01,2.4602e-01,1.3698e-01,1.4472e-01,1.1724e-01,1.2807e-01,1.6464e-01,7.9369e-03,-4.1428e-02,-1.3688e-01,-1.2373e-01,-1.3154e-01,-2.4108e-01,-7.0480e-01,-4.6475e-01,-2.1015e-01,-3.2775e-01,-4.4258e-01,2.0449e-02,-1.0043e-01,-1.4267e-01,-8.6545e-02,-8.0837e-02,1.1899e-01,-6.4935e-02,-1.5781e-01,-1.4946e-01,-5.3067e-02,8.2058e-02,3.8064e-02,-1.1103e-01,-2.6624e-01,2.4861e-03,3.2270e-01,9.3588e-02,-4.9010e-02,-9.9838e-02,-2.5799e-01,3.3115e-02,-1.2486e-01,-2.7770e-01,-2.7764e-01,2.1155e-02,9.0896e-02,1.3386e-01,-7.9661e-02,4.8918e-02,7.0331e-02,-6.6454e-02,-1.9165e-01,1.3742e-01,1.4136e-01,-1.4684e-02,2.2753e-01,1.2400e-01,-1.1130e-01,1.7831e-01,-1.1165e-01
1.1285e-01,2.5119e-01,3.0200e-02,1.1592e-01,-6.9565e-02,1.8196e-02,1.1975e-01,-2.0458e-01,1.9798e-01,2.2906e-01,9.8918e-02,-1.3385e-01,2.1865e-01,5.4377e-01,-9.9873e-03,-1.5012e-01,-1.4291e-01,7.2926e-02,-9.1187e-02,1.0611e-01,1.6641e-01,6.2183e-05,4.7482e-02,-1.0714e-01,-1.2722e-01,-1.4961e-03,-3.5513e-01,8.1423e-02,7.5368e-02,1.0934e-01,-1.9262e-01,5.5430e-01,5.0786e-02,-4.8080e-02,-3.7321e-01,-8.2237e-03,-3.8099e-01,8.1781e-03,1.1812e-01,1.4267e-01,-4.1587e-02,-9.1481e-02,6.1749e-02,3.3118e-01,1.4127e-01,4.6918e-02,1.5885e-01,1.9070e-02,2.2438e-01,2.1991e-02,-1.0400e-01,-1.2530e-01,-7.2242e-02,1.8512e-01,-1.8682e-01,6.8465e-02,3.1820e-02,-2.1202e-02,1.4410e-01,-3.1997e-01,-3.8982e-01,-1.0144e-01,-1.1671e-01,1.4867e-02,3.4626e-01,-1.3239e-01,-2.6142e-01,-1.6662e-01,-2.9536e-02,-2.9966e-01,-1.9875e-01,4.9695e-02,1.4233e-01,-1.5063e-01,-2.0483e-01,-4.5940e-03,1.5836e-01,-2.0289e-01,1.6660e-01,1.7774e-01,-1.0866e-01,2.5752e-01,2.2394e-01,6.3255e-02,1.0343e-02,-3.2173e-02,1.8491e-01,-8.1694e-02,1.9118e-02,9.4776e-02,2.8984e-02,2.4277e-02,-8.9079e-02,-1.6841e-01,2.3996e-01,2.7963e-01,1.2255e-01,-1.1462e-01,1.8025e-01,-7.5715e-02
5.6897e-02,1.5525e-02,3.0446e-01,1.7115e-01,8.2327e-03,3.5310e-02,8.4609e-02,1.0578e-01,-6.6978e-02,1.3241e-01,1.1743e-01,3.8623e-02,-1.4152e-01,6.5764e-02,2.1483e-01,1.9240e-01,1.8634e-01,1.0179e-02,-5.0751e-03,-1.3755e-01,4.3803e-03,7.9970e-02,3.7848e-02,-2.9073e-01,1.1723e-01,2.2980e-01,2.8769e-01,-8.6632e-02,-4.3987e-01,-4.6655e-01,-1.0129e-01,-2.4005e-01,1.3042e-01,-1.7804e-01,-2.1802e-01,-4.0584e-01,2.9085e-01,-1.2506e-01,2.9388e-01,3.7496e-01,-1.0604e-01,8.0919e-03,1.1154e-01,-4.7512e-01,-2.9669e-02,-9.6966e-02,-1.8430e-01,-3.7389e-02,-4.8645e-02,-1.0134e-01,-5.6925e-02,-7.1764e-03,-4.3361e-02,1.7982e-01,1.7514e-01,6.5547e-02,-1.5760e-02,1.9147e-01,-3.9177e-02,-6.3842e-02,-1.2194e-01,3.4989e-02,-8.6399e-03,-3.8005e-01,-7.8106e-02,-1.0603e-01,3.9005e-02,-6.4972e-02,5.6697e-03,2.5561e-02,-9.3855e-02,1.0368e-01,1.2802e-01,1.2231e-01,-1.3438e-01,-4.0433e-01,2.8478e-01,1.7614e-01,5.3285e-02,-3.5303e-02,2.4407e-01,7.4535e-03,-2.0443e-02,3.4620e-01,1.9924e-01,-1.7670e-02,1.1596e-01,1.5902e-01,4.0661e-02,-1.9282e-02,-5.0456e-03,1.4851e-01,1.1022e-01,-3.3392e-01,4.8652e-02,8.6589e-02,2.3696e-01,8.1842e-02,6.1515e-02,1.6194e-01
-4.8395e-02,-2.0340e-01,-1.2862e-01,2.1559e-01,3.7490e-01,1.9385e-01,7.4425e-02,7.1381e-02,-1.2201e-01,-1.0258e-01,3.4827e-01,1.2189e-01,-6.2836e-02,-1.0695e-01,-1.5941e-01,3.2072e-01,2.5835e-01,8.9078e-02,2.6443e-01,1.8536e-01,8.2598e-02,-1.3488e-01,-1.4220e-01,-1.2733e-01,8.2904e-04,2.4384e-01,-4.0116e-02,-2.1813e-01,2.0901e-01,3.7222e-01,-1.1942e-01,-1.6666e-01,-1.6483e-01,-1.4657e-01,-2.7152e-01,-1.8979e-01,-2.7142e-02,7.1460e-02,-1.9620e-01,-1.2570e-01,4.8349e-02,9.7444e-02,-1.5663e-01,-1.8641e-01,-6.7879e-02,-2.4598e-02,-6.4399e-02,-2.5662e-01,-3.3374e-01,6.6934e-03,6.4951e-02,2.9916e-01,3.9809e-01,2.0201e-01,3.1648e-01,3.3004e-01,1.3807e-01,1.6133e-01,6.8255e-02,6.0890e-01,2.6719e-01,-3.3342e-01,1.6043e-01,1.1075e-01,-1.5457e-01,5.3121e-02,3.4550e-03,-1.7182e-01,3.8888e-02,9.6253e-02,1.5687e-01,1.4464e-01,-1.2394e-01,-1.6322e-02,4.7527e-02,4.7855e-02,-2.1609e-01,6.5187e-02,-1.5783e-01,7.3105e-03,5.4709e-02,3.2462e-02,1.7779e-01,1.2837e-01,2.1948e-01,1.2810e-01,-1.2425e-01,1.6611e-01,-6.2058e-02,-4.9237e-02,1.3439e-01,2.7654e-01,1.3897e-01,1.6344e-01,-6.4234e-03,-3.2243e-01,-2.6971e-01,1.7998e-01,-2.1298e-01,9.9606e-02
4.9297e-02,1.4932e-01,-1.9737e-01,-7.7661e-02,2.4023e-02,-1.6642e-03,1.8286e-01,2.1315e-01,4.6474e-01,3.3360e-02,-6.2415e-02,3.0192e-01,1.2185e-01,1.7417e-01,-1.0615e-01,-1.7457e-01,-1.3089e-01,-3.9919e-02,1.5741e-01,1.4490e-01,-2.2071e-01,1.1503e-01,-5.4769e-02,3.8168e-01,1.9474e-02,-2.5052e-01,-7.6119e-02,-1.1024e-01,2.2393e-01,1.5401e-01,3.6549e-01,-2.5118e-01,-3.0197e-01,-1.0576e-01,3.9814e-01,-1.4561e-02,-5.4232e-03,-6.9235e-03,-1.2050e-01,-2.8514e-01,3.2558e-01,1.9880e-01,2.3706e-01,1.2702e-01,-2.0047e-02,3.0425e-01,3.0631e-01,1.8323e-01,1.1295e-01,5.1577e-02,1.0001e-01,2.6015e-01,5.7324e-02,-1.1847e-01,-8.9436e-03,-4.6784e-02,-2.1914e-03,2.7558e-02,-5.9968e-02,-5.2815e-02,8.5259e-02,9.5108e-02,-1.9528e-01,2.4406e-01,-1.1201e-01,1.4279e-02,-2.8805e-01,-6.9777e-02,-1.2487e-01,-1.0141e-01,-4.2345e-02,-3.6813e-01,-1.1106e-01,1.2590e-01,-1.5265e-02,2.4378e-03,-1.1688e-01,8.3140e-03,-6.3289e-02,2.2686e-01,2.7048e-02,-9.0295e-02,-3.6620e-02,-2.8324e-01,-2.4539e-01,1.5548e-01,1.8749e-02,5.7211e-02,1.1753e-01,2.6590e-01,2.7904e-01,2.5342e-01,5.4855e-02,3.1425e-01,-2.8283e-02,-9.3333e-02,-1.3138e-01,6.6576e-02,-3.3449e-01,-2.8878e-01
-1.1984e-01,1.1524e-01,8.3821e-02,-2.1668e-02,-6.0849e-02,1.2499e-01,1.1359e-01,-2.1445e-01,1.3560e-01,3.7380e-01,-4.0265e-02,-9.3363e-03,1.9441e-01,1.2853e-01,4.6022e-03,-1.7465e-01,-9.7735e-02,1.3005e-01,-2.0010e-01,-1.6393e-01,-6.6454e-02,2.6522e-03,-9.4442e-02,2.4760e-01,-2.4753e-01,-3.9761e-01,-1.2323e-01,-1.9746e-01,-1.8564e-01,-2.4396e-01,-2.5417e-01,-1.5853e-01,1.3205e-01,2.3571e-01,2.6813e-01,6.3785e-01,6.6435e-02,5.9974e-02,-1.9825e-01,-1.5977e-01,1.9832e-01,-1.8823e-01,1.1714e-01,6.0731e-01,3.7255e-01,2.2242e-01,2.9247e-01,3.9856e-01,5.0554e-01,5.3098e-01,3.5351e-01,-1.2576e-01,-3.1827e-01,-1.2417e-01,-2.0123e-01,-3.2223e-01,8.6365e-02,-4.9236e-01,2.3673e-02,-1.0530e-01,-8.9580e-02,1.1610e-01,4.4861e-02,-2.0706e-01,4.5781e-02,2.7523e-02,1.4897e-01,1.1857e-01,-2.3468e-01,3.5876e-03,1.5703e-02,-2.2901e-01,-5.0509e-01,1.0924e-02,-9.1939e-03,2.1681e-02,-3.3034e-01,-1.3498e-01,5.0709e-02,-3.4178e-02,1.1358e-01,1.3914e-01,9.3979e-02,9.6027e-02,1.4098e-01,-1.7135e-01,-1.5895e-01,2.4377e-02,5.6282e-02,-1.1007e-01,-1.9276e-03,-6.7541e-02,1.3655e-01,2.2470e-01,-1.3038e-02,2.1434e-01,5.1521e-02,-2.3586e-02,3.6287e-01,9.3634e-02
-1.2372e-02,-3.3975e-02,4.5032e-02,-7.2495e-02,-5.3302e-02,6.7850e-02,-1.2742e-01,2.4904e-01,1.1680e-01,-1.1329e-01,3.0143e-01,-8.5610e-02,2.0721e-01,3.4219e-01,3.7586e-01,2.6387e-01,-1.1457e-01,9.5899e-02,1.1053e-01,-9.2776e-03,9.3917e-03,-9.4119e-02,3.9050e-02,-9.6357e-02,-1.7623e-01,6.1805e-02,-2.2974e-01,-5.1532e-02,-3.5296e-01,-4.5517e-01,-1.5804e-01,3.2274e-01,-2.8900e-02,9.0225e-04,-1.5831e-01,1.7371e-01,-1.4129e-01,-2.9197e-02,1.1159e-01,6.0148e-01,-2.9218e-01,-7.5013e-02,9.3125e-02,1.1048e-01,8.8021e-02,-3.3556e-02,2.0413e-01,-4.1220e-02,-2.6791e-01,-1.4674e-01,8.7163e-02,7.1541e-02,-1.2278e-01,-5.4852e-01,-1.4395e-01,5.9076e-02,-1.2159e-01,3.0639e-01,-3.9526e-02,-1.9167e-01,-7.4388e-02,-1.0751e-01,1.0411e-01,-2.0852e-01,-1.1923e-03,-3.8953e-01,1.1160e-01,1.0048e-01,9.6907e-02,-1.4293e-02,-2.7512e-01,5.3335e-03,-4.7584e-02,-4.2244e-01,-3.3701e-01,3.7830e-03,-1.3703e-02,-5.6782e-03,9.2276e-02,-7.3785e-02,-4.4533e-02,-1.4390e-01,6.0412e-04,1.1897e-01,-1.3728e-01,2.9265e-01,3.5557e-01,1.1533e-01,-9.7953e-02,8.2486e-02,1.8900e-01,-3.2786e-01,-6.3348e-02,-2.5991e-02,1.4887e-01,2.3400e-01,2.3145e-01,-1.5253e-01,1.3260e-01,4.2604e-01
3.1432e-02,8.0356e-02,9.1884e-02,2.7613e-02,1.3524e-01,6.6881e-02,-8.7670e-02,1.2637e-01,-1.8779e-02,-5.9446e-02,3.0993e-01,2.2074e-01,-2.6211e-02,5.7575e-02,2.9294e-01,4.6755e-01,4.5214e-01,-9.5496e-02,1.7314e-01,1.3867e-01,3.8391e-01,2.7702e-02,-8.2164e-02,-5.7045e-01,1.3493e-01,1.1571e-01,-7.6596e-02,2.7436e-01,-3.6057e-01,-1.5091e-01,-1.7931e-01,-3.4141e-02,2.8608e-01,-1.3307e-02,-4.1645e-01,-6.6466e-01,-2.0837e-01,1.2728e-01,9.4937e-02,9.8296e-03,-1.3844e-01,1.1550e-01,-1.1077e-01,-2.8479e-01,-2.0770e-02,-1.4628e-01,-3.4191e-01,4.7786e-01,1.6126e-01,4.4811e-02,-2.1665e-01,-1.8385e-01,9.6083e-02,1.0753e+00,4.3768e-01,2.2552e-01,1.9076e-01,2.6631e-01,1.6714e-01,-1.2479e-02,-1.8930e-01,8.4846e-02,-4.3482e-01,-1.1176e-01,-3.6749e-01,-2.4143e-01,-3.8283e-01,-5.7909e-02,-2.6951e-01,-2.6882e-01,-1.9865e-01,-7.1891e-02,3.2709e-01,3.1451e-02,1.5515e-01,1.1570e-01,3.2995e-01,-8.5221e-02,-1.6393e-01,-2.2550e-02,-3.8173e-01,4.5682e-02,-1.5813e-01,2.0293e-01,2.3206e-01,3.5883e-01,9.2586e-02,1.8290e-01,2.1138e-01,2.5150e-01,1.4463e-01,-1.2406e-01,2.5190e-01,-3.1238e-01,4.2928e-02,8.3668e-02,2.7433e-01,2.7584e-02,-2.6043e-01,3.7481e-02
-5.2190e-02,8.0712e-02,1.1568e-01,1.1936e-01,1.4202e-01,1.1513e-01,-9.1605e-03,1.7440e-02,7.4401e-02,2.2082e-01,1.0432e-01,9.8367e-02,1.0463e-01,-1.3272e-01,5.0010e-02,-9.8857e-02,4.3287e-01,3.2129e-01,-7.9773e-02,4.7497e-02,1.0679e-01,5.0048e-03,-5.3495e-02,2.6091e-01,1.2693e-01,-4.7095e-02,1.4461e-01,1.5571e-01,4.6931e-01,1.6607e-01,-2.4950e-02,-3.3976e-01,-7.5642e-01,-5.9274e-01,-4.0738e-02,-3.1547e-01,7.4294e-02,7.9657e-03,2.3277e-01,-1.0127e-01,-2.6594e-02,4.9597e-01,8.3928e-02,-5.1518e-02,8.9926e-02,1.4152e-01,-1.6943e-01,-5.6170e-01,2.5753e-01,-1.6429e-01,5.0559e-02,1.9100e-01,8.2845e-01,4.2617e-01,3.9069e-01,1.8073e-01,-1.9771e-01,-1.6968e-01,-1.6389e-01,3.9991e-02,-1.7104e-01,-1.1083e-01,-4.8645e-02,-2.6934e-01,-1.0251e-01,6.3297e-02,4.9632e-02,-4.1899e-01,-8.7102e-02,-1.0842e-01,-2.3979e-01,9.4736e-02,1.9601e-01,1.1957e-01,1.5712e-01,-4.4313e-01,1.2018e-02,7.7538e-03,-1.0993e-02,2.0566e-01,2.2099e-01,1.3863e-01,5.0538e-03,1.1437e-01,1.5656e-01,-4.7509e-01,2.5602e-01,5.4351e-02,1.9065e-01,7.5112e-03,-4.5710e-02,3.9424e-01,-1.6305e-02,8.3209e-02,-2.3223e-02,-2.6833e-02,2.1374e-01,1.6161e-01,2.2144e-02,-4.3939e-01
-9.6323e-02,1.5441e-02,8.5685e-02,9.3358e-02,-2.8071e-03,-6.1165e-02,3.0664e-01,1.9762e-01,1.0784e-01,1.5785e-01,5.5751e-02,1.0028e-01,2.5155e-03,-1.5698e-01,-3.0607e-01,-1.8964e-01,-4.4209e-01,-4.2826e-01,2.1148e-02,-8.1116e-02,-9.3214e-02,-3.1625e-02,9.2514e-02,9.9446e-02,9.9769e-03,2.5858e-01,1.0539e-01,-4.1379e-01,2.2992e-01,1.5974e-01,1.2930e-01,1.6927e-01,2.4938e-03,5.4229e-02,2.8369e-01,-7.6822e-02,2.1251e-01,-1.0849e-01,1.2470e-01,-1.2676e-02,7.8992e-02,-2.4075e-01,2.4089e-02,2.7503e-01,3.9066e-01,-1.8668e-02,2.9776e-02,1.5920e-01,5.3846e-02,3.2079e-02,1.1456e-01,2.5163e-01,-1.7224e-01,-6.8337e-01,-2.6644e-01,-1.7363e-01,6.4842e-02,-1.6890e-01,4.5039e-02,-1.0497e-01,1.4643e-01,-1.0156e-01,2.3282e-01,2.1539e-01,2.5360e-02,1.8109e-01,7.9472e-02,-1.5843e-01,1.5285e-01,1.7275e-01,-2.6555e-01,-6.7982e-02,-3.8079e-01,-1.8234e-01,-3.4185e-01,7.7649e-02,1.7854e-02,2.1220e-01,4.4336e-02,-8.1943e-02,1.5495e-01,3.0923e-01,2.8311e-01,-4.5423e-02,8.9925e-02,4.9032e-02,-1.3868e-01,1.1971e-01,1.1979e-01,2.5490e-01,-1.3570e-01,6.7663e-01,3.8006e-01,2.9616e-01,2.0785e-01,-2.6700e-01,-1.0637e-01,1.2068e-01,-6.4141e-03,-2.5247e-01
1.3714e-01,-1.9066e-01,-6.5625e-03,-1.8689e-04,-2.7261e-01,-5.5767e-03,5.9232e-02,1.7323e-01,1.2969e-01,8.5353e-02,-1.2842e-01,1.2863e-02,1.0648e-01,1.8339e-01,2.0212e-01,-3.4385e-02,6.2309e-02,5.3887e-02,-1.4469e-01,-3.1352e-01,-3.0844e-01,-1.1890e-01,-1.6586e-01,-2.1234e-02,-3.7730e-01,-5.2686e-01,-3.1833e-01,-4.2318e-01,-2.7972e-01,2.7416e-02,-3.4331e-02,-3.6497e-01,7.8192e-02,2.7378e-01,5.8974e-02,5.6685e-01,1.7612e-01,-3.4582e-01,-2.1446e-01,7.0633e-02,4.0292e-01,1.0110e-01,6.9011e-02,6.1564e-03,-2.2045e-01,2.9004e-01,6.8855e-01,3.7293e-01,-4.7073e-02,3.5989e-01,2.5282e-01,3.7048e-03,-3.4000e-01,-1.7710e-01,-2.2392e-01,-3.1998e-02,-1.4039e-01,1.1246e-01,3.1331e-02,1.9871e-01,1.8896e-01,-2.2828e-01,-1.1120e-01,1.9131e-01,-1.5014e-01,-5.7240e-02,-3.4541e-01,-2.4152e-02,-1.1930e-01,-1.4628e-01,3.6632e-01,-2.0527e-01,-1.7985e-01,-3.8376e-01,-1.6288e-02,2.4363e-02,-2.4993e-01,-1.8420e-01,5.2739e-02,2.0083e-01,7.3436e-02,-3.3457e-01,2.2152e-01,-7.3104e-02,5.6829e-02,1.3369e-01,1.0427e-01,2.0648e-01,4.3967e-02,-5.6834e-02,1.1098e-01,2.3534e-01,-3.6815e-01,1.0597e-01,2.8807e-02,1.3818e-01,-5.2515e-01,1.2479e-02,2.5643e-01,2.5139e-01
1.0480e-01,-2.0352e-01,-3.0213e-01,-8.4868e-02,1.5656e-01,6.4210e-02,-7.8985e-02,-2.1079e-01,-3.1354e-02,5.9297e-02,-6.8572e-02,2.3368e-01,2.0985e-01,2.2963e-01,2.3427e-01,4.0565e-01,1.4098e-01,1.4824e-01,1.3741e-01,2.9586e-01,-2.6683e-01,-5.9049e-03,2.3117e-01,-1.3993e-01,-2.2915e-02,9.8457e-02,-8.3291e-02,-4.9926e-02,-3.3311e-01,-5.0053e-01,-3.5178e-01,-7.0040e-02,6.8229e-02,-3.9300e-03,-4.4661e-01,9.4260e-02,-4.8800e-02,3.5593e-01,-2.8932e-01,-1.9807e-01,-1.9836e-01,-1.9952e-02,9.2734e-02,1.9381e-01,2.3325e-02,1.4724e-01,1.6610e-01,3.1063e-01,8.5922e-03,1.2175e-01,2.1323e-01,2.3398e-01,-8.7510e-02,4.4742e-02,1.0399e-01,1.4388e-01,4.6305e-01,-2.9726e-03,-2.8277e-01,-2.9488e-01,-1.1013e-01,-9.0126e-02,-1.3367e-01,-1.9252e-01,6.3276e-02,-2.5494e-01,-2.6610e-01,-8.5541e-02,-6.5223e-02,-1.7397e-03,6.1361e-02,-2.2748e-01,-8.4409e-03,4.0208e-03,1.4354e-03,2.0675e-02,9.5845e-02,-4.9123e-02,-9.4200e-02,-3.5638e-01,-1.8728e-01,-2.0855e-02,-3.9121e-01,-1.3256e-02,-2.5809e-01,3.4334e-01,1.5694e-02,-8.0768e-03,-1.1752e-01,1.2393e-01,1.3036e-01,-6.0519e-01,1.6444e-01,2.6341e-01,1.6062e-02,1.7661e-01,2.5737e-01,1.0492e-01,1.4434e-01,2.4339e-01
3.5338e-01,4.2408e-01,3.9871e-01,1.5471e-01,1.2620e-01,1.0685e-01,2.7986e-02,-8.4296e-02,-2.0115e-01,-6.8845e-02,-1.4769e-02,3.6610e-02,-1.8258e-02,-6.3874e-02,-7.7195e-02,-1.0673e-01,-1.0699e-01,2.6379e-01,1.5289e-01,4.7459e-03,2.8632e-01,5.3052e-02,6.9011e-02,-8.3745e-02,1.5177e-01,3.9106e-02,-3.8860e-02,1.9241e-01,-2.0589e-01,3.5533e-02,-2.1644e-02,2.3699e-02,-6.6101e-02,-2.9519e-01,-1.4654e-01,-9.4617e-02,-2.5606e-01,2.1324e-01,1.4743e-01,3.0450e-01,6.8772e-02,-4.2749e-02,2.3317e-01,2.5804e-01,-7.0429e-02,1.3141e-01,-2.0125e-01,-3.5806e-02,2.0416e-01,3.1145e-02,4.4804e-02,4.4886e-02,2.6432e-01,2.1152e-01,2.3701e-01,-1.8936e-02,-6.5009e-02,1.6599e-01,4.6630e-02,2.1014e-01,-2.7832e-01,2.8741e-01,5.6117e-02,2.7801e-02,8.2084e-02,-1.8340e-01,3.8650e-02,8.4170e-02,-2.8195e-01,-2.1314e-01,-7.9582e-03,-1.3145e-01,2.3702e-02,2.3869e-02,-2.9304e-01,8.7857e-02,-1.1399e-01,-1.6369e-01,-4.2853e-02,2.1783e-01,1.8441e-01,2.4051e-02,1.3470e-01,1.6965e-01,1.0473e-01,3.1985e-01,-5.0536e-03,-1.6210e-01,4.5423e-02,2.8192e-01,1.6543e-01,2.6195e-01,2.9556e-01,1.3372e-01,2.3411e-01,2.7772e-01,2.5277e-01,-3.2604e-02,-8.3474e-01,-4.1068e-01
-1.8717e-01,-9.4599e-02,5.1145e-02,8.6409e-02,6.9573e-02,6.3196e-03,-5.3843e-03,1.8476e-01,2.2066e-01,-8.5454e-02,1.2330e-01,3.8489e-02,2.1744e-02,-6.8497e-02,1.1928e-01,2.5698e-01,2.9898e-01,1.0778e-01,2.4136e-02,8.9126e-02,-1.4663e-02,-8.9814e-02,8.2007e-02,1.5423e-02,7.9068e-02,1.5097e-01,2.0368e-01,1.9827e-01,1.2899e-01,8.0025e-02,1.3661e-01,1.3859e-01,-9.7499e-03,2.0091e-01,3.0334e-01,-2.3214e-01,4.4500e-02,8.8425e-02,4.3095e-01,9.6708e-02,4.4694e-01,2.4936e-01,3.3658e-01,1.1027e-01,2.4333e-01,-6.4447e-02,-1.1129e-02,-1.5564e-01,-9.3840e-02,1.8604e-01,-9.2783e-02,6.5512e-02,2.0687e-01,8.0886e-02,-1.5480e-01,1.0903e-01,-1.8852e-01,-1.5830e-01,1.3227e-01,-2.2825e-01,-5.3455e-02,-4.0326e-02,-3.4837e-01,-6.7748e-01,-1.9063e-01,-3.5683e-02,-1.5025e-03,-3.5124e-01,-2.9660e-01,-3.2133e-01,-7.1260e-01,4.8699e-02,2.5961e-01,2.5553e-02,7.6643e-03,-4.0728e-01,-6.4438e-03,4.2288e-01,3.6316e-01,3.3958e-02,1.5793e-01,4.0239e-01,9.5144e-02,2.4513e-01,4.0292e-01,1.2611e-01,-1.4687e-02,3.2118e-01,3.5433e-01,3.1977e-01,2.6468e-01,1.2463e-01,2.5707e-01,1.4348e-02,-1.3963e-01,-3.4750e-01,-2.7558e-01,-1.2186e-01,1.4241e-01,1.6887e-01
-4.8035e-02,-2.3883e-01,-7.9721e-02,-1.0131e-01,-1.4148e-01,-6.2833e-02,1.6707e-01,2.2964e-01,-1.2541e-01,1.5530e-01,-1.7432e-03,-3.5399e-02,1.5628e-01,2.9229e-01,-8.8585e-02,-3.7757e-01,-1.3761e-01,-9.8487e-02,-4.2951e-01,-3.2682e-02,8.1880e-02,1.1076e-01,-6.3348e-01,-9.1989e-02,-1.0372e-01,-1.9159e-01,-8.5740e-02,-7.0764e-02,4.1213e-01,2.3635e-01,4.5382e-02,-1.8110e-01,-2.6726e-01,-1.9658e-01,-7.7923e-02,-3.4941e-01,-5.1175e-02,-3.0692e-01,5.8528e-02,3.7234e-02,-3.1257e-01,6.4460e-02,-3.0859e-01,5.4933e-02,2.8714e-01,-6.4229e-02,1.8616e-01,4.1487e-02,1.1483e-01,-8.2037e-02,-1.0386e-01,1.5441e-01,2.5436e-01,1.4570e-01,-6.1966e-02,1.1292e-02,1.0251e-01,-1.2242e-01,-6.7420e-02,1.3449e-01,-1.3800e-01,-4.2802e-01,1.0580e-01,-6.8759e-02,-1.5359e-01,-1.6952e-01,-2.0393e-01,-5.7300e-02,3.1817e-02,4.4064e-02,4.3724e-02,-9.0925e-02,-2.3713e-01,6.9626e-02,8.2788e-02,-7.5442e-02,-1.7384e-01,-2.7925e-01,-2.0862e-01,-1.9495e-01,-1.5820e-01,3.2320e-02,1.5485e-01,7.6540e-02,-1.6111e-01,-2.2893e-01,4.1296e-01,2.0824e-01,3.6343e-01,-2.1742e-01,1.5022e-01,2.1971e-01,-2.4939e-01,-4.8623e-01,-1.2882e-01,-1.4302e-03,7.2140e-02,-6.2096e-02,5.3868e-01,2.9689e-02
-1.3487e-01,-1.5560e-01,-2.8395e-01,5.3670e-02,-9.2442e-02,4.6957e-02,1.5180e-02,-1.1507e-01,1.4223e-01,7.4710e-02,2.5937e-01,1.4008e-02,-1.4006e-01,-1.3401e-01,-2.9030e-01,6.2562e-02,1.8921e-02,-1.0272e-01,1.5512e-01,-1.3021e-01,9.4450e-02,-1.5241e-01,1.3660e-01,8.5849e-02,1.3148e-01,-2.1379e-01,-2.6875e-01,-6.1700e-02,-2.8125e-01,-1.1903e-01,-3.3133e-01,-7.0631e-02,-8.4922e-02,1.6984e-01,3.0071e-01,2.8455e-01,4.1954e-03,-8.4484e-03,-3.4527e-01,-9.7212e-02,1.5852e-02,-7.7482e-02,-2.5540e-01,-3.5796e-01,1.0881e-01,3.8537e-01,5.0818e-02,3.4314e-02,6.6245e-02,4.8218e-02,1.1456e-01,-2.1646e-01,-2.4683e-02,6.8636e-02,5.1531e-02,-1.4535e-01,1.0516e-02,1.5243e-01,5.7206e-02,6.1938e-02,2.0253e-01,-1.0349e-01,3.7637e-02,2.3484e-01,-4.5427e-01,9.0970e-02,9.2221e-03,9.5942e-02,1.3653e-01,9.6465e-02,2.1906e-01,-5.0051e-02,-3.0240e-01,-4.2243e-01,-1.7327e-02,1.1502e-01,-8.9751e-02,-2.6479e-01,6.7435e-02,2.0127e-01,5.4368e-02,-2.0103e-01,-2.9166e-01,-4.5813e-01,2.0837e-01,-2.8125e-02,-3.6398e-03,-1.4593e-03,-5.2503e-02,-2.0803e-01,-2.6847e-01,-7.8000e-02,-1.3426e-01,4.3708e-01,2.9224e-01,1.4419e-01,-2.9317e-02,1.4449e-01,3.9600e-01,5.4944e-02
-2.3202e-01,1.7698e-01,1.6922e-01,-5.1791e-02,-1.2023e-01,-1.2094e-01,-1.7492e-01,6.2251e-02,1.5243e-02,-1.5333e-01,9.0261e-02,6.1358e-02,-8.5510e-02,-1.5370e-01,3.0938e-01,1.3028e-01,7.9218e-02,4.8140e-02,1.2392e-01,-1.0315e-01,2.0822e-02,2.7740e-01,5.4213e-01,5.9837e-02,1.1687e-01,1.3229e-01,2.4291e-01,-8.3171e-02,-4.0147e-01,-2.3238e-01,2.6196e-01,-4.3037e-02,3.6676e-01,3.7086e-02,-2.7186e-01,2.8896e-01,5.5363e-02,-1.9559e-01,-1.2024e-01,3.3647e-02,-1.6702e-01,1.2273e-01,-3.0920e-03,-1.0554e-01,-1.1542e-01,8.7818e-02,1.2263e-01,4.9285e-02,9.0435e-02,3.6084e-01,2.4415e-01,2.4046e-01,-2.0553e-01,3.2873e-02,2.2889e-01,8.3444e-02,-4.7373e-02,1.5969e-01,1.0293e-01,-3.1915e-01,2.5564e-01,5.0535e-01,1.2316e-01,1.1423e-01,2.1890e-01,1.3142e-01,8.5830e-03,-1.6380e-01,-1.8317e-02,1.2980e-01,1.7236e-01,8.2979e-02,-4.3870e-02,5.5336e-02,1.2541e-02,1.6722e-01,1.7547e-01,-9.6198e-03,-2.7012e-01,1.6774e-01,-2.3917e-02,-2.9032e-01,2.0984e-01,2.2827e-01,2.6001e-02,-1.4287e-01,-1.0070e-01,-4.3524e-01,-4.1749e-01,4.4076e-02,-7.4432e-03,-9.5449e-02,2.8340e-01,1.8948e-01,2.4289e-01,3.7998e-01,1.0107e-01,2.9584e-01,-4.1726e-01,-1.0486e-01
1.9271e-01,1.5633e-01,-1.1109e-02,-2.3874e-01,1.9174e-01,-1.9108e-02,6.7577e-03,-6.8096e-02,-1.4622e-02,4.2868e-02,1.9076e-01,-2.0156e-01,-1.2012e-01,2.2653e-01,9.8871e-02,2.7362e-02,-4.3948e-02,1.0523e-01,1.2238e-01,7.3617e-02,-1.0815e-01,-2.7148e-01,-8.6914e-02,2.8598e-02,-4.1216e-01,2.1333e-01,1.5799e-03,1.5026e-03,3.5548e-02,-2.5928e-02,-1.2054e-01,1.0229e-01,-9.0911e-02,-3.7436e-01,-5.2896e-02,-2.8699e-01,1.6190e-01,1.5916e-01,1.3967e-01,-9.4125e-03,8.8648e-02,1.8257e-02,3.6435e-01,3.4888e-01,5.1710e-02,-8.0259e-02,4.2911e-02,4.0932e-01,1.9897e-01,-2.4144e-01,2.5484e-02,2.8619e-02,-2.3623e-02,-2.5508e-02,-8.5359e-02,2.3025e-01,2.3808e-01,-3.8869e-01,-1.4941e-01,1.3677e-02,-3.2978e-01,4.4263e-02,8.3276e-02,2.2115e-01,3.8729e-01,-8.6182e-02,1.9947e-01,1.4126e-01,-5.0519e-02,-3.1304e-01,-7.4556e-02,-5.6547e-02,-1.0390e-01,2.0713e-01,-1.6746e-01,-1.7509e-01,1.9503e-01,1.8625e-01,8.9793e-02,-1.1104e-01,7.7209e-02,1.9363e-01,-1.8743e-03,1.3377e-01,3.0178e-02,2.9535e-01,1.3368e-01,3.0068e-01,-6.5958e-02,2.3160e-01,2.4928e-01,1.4157e-01,-4.1810e-02,-1.2645e-01,-2.2463e-01,-3.2065e-02,3.8934e-01,-3.5288e-01,-4.7367e-01,-2.8471e-01
2.2969e-01,8.8085e-02,1.5084e-01,2.1987e-01,2.9521e-01,1.4121e-02,1.5389e-01,-5.0550e-02,1.2391e-02,-1.1903e-01,-8.3136e-01,-8.0631e-02,1.9358e-01,-1.0091e-01,-1.0839e-01,-1.1244e-01,-1.3961e-01,-6.1361e-02,-6.4412e-02,-9.6739e-02,-9.1199e-02,-9.2115e-02,-2.2802e-01,8.7325e-02,-1.6800e-01,1.2910e-01,1.7001e-02,2.9686e-01,4.6563e-01,3.1378e-01,4.5196e-01,2.5946e-01,2.2327e-01,2.6006e-01,7.1391e-02,9.3377e-02,-3.1321e-01,2.6568e-01,2.6993e-01,3.6844e-01,2.3228e-01,-1.3283e-01,3.2868e-01,2.9588e-01,8.5799e-02,-1.4453e-01,2.0919e-01,5.9431e-02,-7.8192e-02,1.4810e-01,-1.4564e-03,2.4859e-03,-1.2896e-02,-1.2535e-01,5.1905e-02,6.4235e-03,1.3536e-01,6.5480e-02,1.3843e-01,2.0315e-01,-1.3216e-01,-2.7446e-01,-3.8033e-01,-4.5502e-01,-2.6993e-01,-1.8590e-01,-3.4099e-01,-3.4429e-01,-4.0077e-01,-3.5948e-01,-5.6106e-01,-3.9517e-01,-1.5876e-01,-1.3113e-01,1.4986e-02,1.7521e-02,-1.4488e-01,1.0753e-01,1.2660e-01,-4.7503e-02,-1.1204e-01,2.7270e-01,1.7875e-01,2.0070e-01,6.7140e-02,2.0156e-01,2.1893e-02,5.0977e-01,3.8859e-01,3.1823e-01,1.3522e-01,-1.4416e-01,7.0191e-02,1.3036e-01,3.3572e-02,-3.2142e-01,-1.4921e-01,-4.6418e-02,1.0632e-01,1.6702e-01
1.9321e-01,-5.1776e-02,1.2451e-01,1.8597e-01,7.3750e-02,1.2157e-01,1.0979e-01,-3.7617e-01,-4.5796e-01,-1.5683e-01,7.1781e-02,-9.4801e-02,-7.8139e-02,-1.2518e-01,-1.8774e-01,-2.3591e-01,-3.5236e-02,-1.8803e-01,-1.0625e-01,9.6604e-03,2.8806e-01,2.8517e-02,-1.3832e-01,-2.1573e-01,4.4735e-02,-2.2231e-02,2.3522e-02,-3.8129e-01,9.1865e-02,3.8239e-02,-2.8550e-01,5.9317e-02,-9.0863e-02,2.6703e-01,1.9135e-01,2.1405e-01,2.5732e-01,9.3864e-02,-2.5818e-01,-2.0662e-01,1.5595e-01,1.7360e-01,-7.4512e-02,-1.7507e-01,2.4681e-01,1.3294e-01,-8.7427e-02,-7.3927e-02,-3.0510e-01,-7.7414e-02,8.2834e-02,5.5276e-02,-1.5107e-02,-1.3634e-01,-2.8544e-01,-5.7435e-01,-1.1945e-01,3.1435e-02,-1.4952e-01,1.5624e-01,-1.8360e-02,-2.4402e-01,1.4410e-01,-2.8928e-01,-1.5864e-01,-2.5412e-01,-5.4941e-02,1.6596e-01,2.7122e-01,2.2143e-01,1.9964e-01,1.0059e-01,7.1813e-02,1.0244e-01,-8.4786e-02,-1.0924e-01,-3.5541e-01,1.4012e-01,5.8481e-02,1.6291e-03,4.6364e-02,1.5211e-01,1.4579e-02,1.2667e-01,-6.3864e-02,4.7680e-02,9.3483e-03,-4.7951e-02,3.0666e-01,2.6270e-01,5.7570e-02,-1.6898e-01,8.0886e-02,-9.1408e-02,-1.4444e-01,-9.3674e-02,-3.0962e-01,5.7158e-02,2.5823e-01,2.3500e-01
-6.7356e-02,-3.5872e-01,-3.1178e-02,-4.5204e-01,-2.9320e-01,-3.9043e-01,-2.2250e-01,1.5441e-01,1.3070e-01,-2.9264e-02,-1.4052e-01,-5.4508e-02,-1.7062e-01,-2.2357e-01,-1.5612e-01,-5.1814e-02,-3.5260e-02,2.2492e-02,-1.3544e-01,-2.6300e-02,3.8727e-02,-6.1783e-02,-1.4174e-01,-3.4798e-02,2.8449e-01,-1.1848e-01,1.6061e-01,2.6421e-01,1.3849e-01,4.2955e-02,3.2011e-01,3.5977e-01,-1.1498e-01,-1.7183e-01,-1.6778e-01,1.2665e-01,-1.4532e-01,4.5325e-02,8.8520e-02,3.1098e-01,8.8228e-02,-3.4717e-02,1.8385e-02,-2.8962e-01,-3.9880e-01,2.9060e-02,2.3882e-02,-7.0846e-03,9.6964e-02,-1.5244e-02,-4.3840e-02,-3.8987e-02,1.4467e-01,-1.1677e-01,-2.2624e-01,-1.3942e-01,-8.3465e-02,-1.6635e-03,-3.3778e-01,-2.1091e-01,-1.0646e-01,1.9108e-01,-3.2673e-02,3.5496e-03,1.3510e-01,-4.7010e-02,-4.5535e-02,5.2009e-02,-8.4483e-03,2.7664e-01,2.6265e-01,2.5550e-01,1.8159e-01,1.5015e-01,1.0113e-01,-7.3037e-02,8.9947e-02,-1.6348e-01,1.2181e-01,1.3231e-01,3.3644e-02,-6.9852e-02,-7.3470e-02,-4.9169e-02,-1.5656e-01,-9.4694e-02,7.8594e-02,-3.3539e-01,-5.1822e-01,-1.6751e-01,-1.0446e-01,3.8416e-01,2.6695e-01,-1.8690e-01,4.7626e-03,2.0543e-01,-6.0162e-02,1.0060e-01,2.8431e-01,1.1737e-02
-3.5952e-01,4.0817e-02,-1.4668e-01,1.5044e-01,-3.2683e-01,2.0527e-01,6.8919e-03,-2.0437e-01,-8.1529e-02,6.6283e-02,4.3094e-03,1.4271e-02,1.7147e-02,7.4523e-02,6.1146e-02,7.3726e-02,2.0609e-01,3.4050e-01,3.0911e-02,-9.2572e-02,-2.5754e-01,-1.4035e-01,3.7123e-01,3.1193e-01,2.6108e-01,-2.2851e-01,-1.1001e-01,2.6780e-01,1.6668e-02,1.0002e-01,1.0083e-01,-3.7817e-01,6.4625e-02,1.0131e-01,1.2091e-01,-1.1844e-01,1.4086e-01,-1.9876e-01,1.8104e-01,-3.2381e-01,-1.0877e-01,8.1672e-02,-2.2962e-01,4.8512e-02,-8.9817e-02,-3.1209e-01,1.1454e-01,1.0983e-01,2.4218e-01,2.5935e-01,1.0578e-01,1.2909e-01,-1.0153e-01,1.6890e-01,2.8407e-01,4.1098e-01,-3.5612e-03,5.4731e-02,1.5363e-01,-1.3956e-01,-1.5528e-01,1.9125e-01,1.9377e-01,9.7739e-02,-1.2127e-01,-1.0447e-01,1.6094e-01,-1.2567e-01,9.4319e-02,4.9254e-02,2.4389e-01,2.5053e-01,1.6167e-01,-4.6122e-02,2.6592e-02,-1.9150e-01,2.3972e-01,-2.2802e-01,1.8132e-01,-1.0309e-01,2.0684e-01,5.5638e-02,-3.5993e-02,-2.0909e-01,-5.9137e-02,8.1494e-02,3.0135e-01,2.0296e-01,-3.4572e-02,-1.1344e-01,-2.2394e-01,7.9985e-02,-1.2113e-01,-8.1134e-03,4.4048e-01,6.5052e-02,7.3862e-02,1.4548e-01,-3.7362e-02,-1.4400e-01
1.5398e-01,2.6101e-01,-2.8800e-01,-1.9101e-01,-1.5913e-01,-7.0745e-02,-4.3711e-02,1.4220e-01,-1.8350e-01,-8.3111e-03,-1.1327e-01,-2.5089e-01,-7.5142e-02,-4.4824e-03,2.2000e-01,1.5789e-02,-2.0764e-01,1.2226e-01,2.8742e-01,-1.6731e-01,-2.3266e-01,3.7956e-01,2.3143e-01,6.5874e-02,-1.7029e-01,3.3470e-01,3.6653e-03,6.4783e-02,1.2312e-02,-6.7544e-03,-1.8786e-01,-5.6731e-02,2.5502e-01,1.5954e-01,1.1703e-01,1.0501e-01,-2.4905e-02,-2.1337e-01,-2.4653e-01,-6.0723e-02,4.3977e-02,7.9870e-02,1.5609e-01,9.1487e-02,2.8193e-01,3.6222e-02,-2.4628e-01,-1.2802e-01,-6.7928e-02,8.1466e-02,-1.5841e-01,-3.9076e-01,-3.3366e-02,1.2802e-01,9.2532e-02,1.0489e-01,2.7086e-01,1.6414e-01,3.3362e-01,2.7596e-01,2.9043e-01,6.1782e-02,1.7633e-01,9.8072e-02,3.3579e-01,4.9776e-01,1.1240e-01,6.2900e-02,-2.1537e-02,-3.2228e-01,-7.7989e-02,-4.9088e-01,-2.4818e-01,-2.1282e-02,4.1470e-02,2.1418e-01,-4.2529e-03,1.9050e-01,-3.8600e-01,-2.7226e-01,-1.5788e-01,-3.9195e-01,-4.2770e-02,-1.3722e-01,7.6785e-02,-3.8246e-01,-9.9064e-02,-1.0380e-01,2.2486e-01,-2.0592e-01,-2.0634e-01,-5.6755e-01,-4.3955e-01,1.2216e-01,9.3240e-02,2.2559e-01,2.6834e-01,-3.4885e-01,-4.1032e-01,-3.1303e-01
-6.4738e-02,1.5586e-01,-1.4627e-01,2.1037e-01,3.6554e-01,-2.1171e-01,-2.2003e-01,-3.1844e-01,-1.6261e-02,-2.1513e-01,8.1771e-02,-1.9022e-01,-1.7264e-01,-1.6641e-01,-1.2876e-01,-5.0015e-02,-1.3313e-01,-1.7609e-01,-4.3984e-01,2.4573e-01,1.5043e-01,2.0154e-01,1.0542e-01,2.1449e-02,-4.6367e-02,-8.0948e-02,3.5834e-01,-8.0147e-02,-1.4927e-01,-1.3061e-01,2.5957e-01,2.9908e-01,1.0607e-02,2.1298e-01,1.2208e-01,7.8351e-02,3.5127e-01,2.0123e-01,-4.6753e-02,-8.1756e-02,-1.2076e-01,-3.7711e-01,5.8992e-02,9.9319e-02,-2.2684e-02,3.6091e-01,-1.2397e-01,-1.4659e-01,-3.6911e-01,-1.0199e-01,-1.4477e-01,-1.7307e-02,-3.8827e-02,-1.7035e-01,-2.2196e-02,-1.1436e-01,-1.3567e-01,-3.5922e-01,-2.5087e-01,-5.1621e-02,9.6872e-02,2.0011e-01,-2.3142e-01,4.0233e-01,2.3412e-02,1.4247e-04,1.5393e-01,-1.4261e-02,7.1791e-02,1.8503e-01,-6.6807e-02,1.1661e-01,-2.1134e-01,-1.5765e-01,2.5289e-01,2.5044e-01,2.6891e-01,-1.6240e-01,-6.6381e-02,2.8733e-01,8.4730e-02,-2.7839e-01,-1.7227e-01,1.4052e-01,1.4485e-01,-7.7442e-02,-7.8674e-01,-2.4809e-01,9.4860e-02,1.0070e-01,3.2236e-01,-1.9691e-01,-2.3665e-01,1.7445e-03,-3.9921e-01,-2.6649e-01,-2.2271e-01,-8.5726e-02,-4.6380e-03,5.3025e-02
4.5380e-02,-2.7088e-01,3.5794e-01,2.8368e-01,2.2712e-02,2.2472e-01,6.0850e-03,-9.9282e-02,-3.1427e-02,-1.7432e-01,-3.3234e-02,-9.9899e-02,-1.9437e-01,-2.3945e-01,-2.4307e-01,-2.1671e-01,-1.9072e-01,-5.1498e-01,-1.6680e-01,-1.4195e-01,3.9478e-02,-2.4660e-01,-7.3299e-01,-3.0243e-01,-7.9246e-02,2.6094e-01,1.6145e-01,9.9830e-02,1.6620e-01,1.7452e-01,9.6974e-02,2.2756e-01,1.3373e-02,1.2350e-01,2.3747e-01,1.6979e-01,1.2943e-02,2.2023e-01,3.8383e-01,6.5134e-01,1.1178e-01,7.7966e-02,-1.6666e-01,4.9116e-02,-2.1442e-01,-2.6663e-01,-1.7627e-01,7.7382e-02,1.8177e-01,-4.1410e-01,-2.1314e-01,1.4044e-01,7.2670e-02,-4.1438e-02,-4.9301e-02,-1.5732e-01,-6.7792e-03,-3.5052e-02,9.7688e-02,3.8926e-02,-2.2661e-01,-2.4834e-01,1.0392e-01,-2.9751e-01,-1.4264e-01,-7.9863e-02,-1.4606e-01,3.8102e-02,-4.0727e-02,-4.0196e-02,-1.3953e-01,4.4411e-02,3.0451e-01,1.6242e-01,-8.6265e-02,-1.8398e-01,-6.4955e-02,5.3301e-01,-1.5904e-01,1.7802e-01,-3.8053e-02,2.5139e-01,2.2795e-01,2.0859e-01,1.2203e-01,1.1258e-01,3.5136e-01,5.3595e-02,-3.3483e-01,-4.6756e-02,9.1854e-02,3.5593e-01,2.5611e-01,-3.2310e-02,-2.7569e-01,-1.3753e-01,1.2968e-01,5.8779e-02,7.4262e-02,9.1998e-02
7.0176e-02,-2.6861e-01,8.2001e-02,-4.2896e-01,7.2069e-02,-3.5218e-01,1.9538e-01,-5.2759e-03,-1.9342e-01,-8.7389e-02,-6.1660e-02,1.2809e-01,2.5019e-01,2.0086e-01,1.1944e-01,-1.5474e-01,-1.2696e-01,5.2389e-02,1.6365e-01,1.1623e-01,1.4413e-01,-3.4387e-01,-2.1151e-02,1.7651e-01,1.0229e-02,5.3316e-02,-2.6502e-01,1.7034e-01,2.4167e-01,4.8319e-01,3.9444e-01,1.4449e-01,2.6328e-01,-1.4159e-01,4.1058e-02,9.8379e-02,-2.3899e-01,1.6279e-01,3.1800e-01,-4.3043e-02,1.0985e-01,1.1787e-01,7.9521e-02,-2.1877e-01,-9.0387e-03,-2.3517e-01,-1.5622e-02,-1.4058e-01,-3.8346e-03,2.4944e-02,2.5845e-02,-5.6014e-02,1.2056e-02,7.3450e-02,-1.1592e-01,-8.6290e-03,6.4033e-02,1.6700e-01,-6.9065e-02,-4.6041e-02,1.6990e-02,3.4333e-02,-9.2422e-02,-4.2815e-01,-8.9793e-02,5.0226e-02,1.9056e-01,3.8691e-01,2.8451e-01,1.8463e-01,1.2725e-02,5.3363e-02,5.5758e-02,2.9835e-01,8.9437e-03,8.3711e-02,-8.6969e-02,-1.9424e-01,3.8509e-01,-1.0058e-01,4.3977e-03,4.3422e-01,1.2412e-02,-2.4724e-01,1.6099e-02,-2.4781e-02,1.3928e-01,4.7073e-02,3.6026e-02,-4.9425e-02,-3.0065e-01,-9.6462e-02,-1.2673e-02,-2.7981e-01,-1.4354e-01,9.6694e-02,-6.8578e-02,3.3072e-02,8.2296e-02,1.0176e-01
-2.5497e-01,2.1121e-02,1.2300e-02,-2.4899e-01,-2.7500e-01,-9.4554e-02,-2.2471e-01,-4.7149e-02,-1.2506e-01,1.2219e-01,-3.9336e-01,-2.2762e-01,-1.0561e-01,-2.1418e-01,-2.0629e-01,-2.7714e-01,4.7489e-02,2.3697e-01,1.5377e-01,-2.9241e-01,-3.6723e-02,2.5223e-01,6.7738e-01,2.2560e-01,3.1689e-01,-8.9495e-02,-2.9748e-02,-6.1689e-02,-1.3890e-01,5.2787e-02,2.2808e-01,4.1481e-01,2.2535e-01,-1.9145e-01,-4.6571e-03,2.4776e-01,1.1105e-01,-2.3507e-02,-3.5339e-01,-1.2126e-01,-1.8266e-01,3.9844e-02,8.0768e-02,1.2963e-02,1.5602e-01,8.4480e-02,4.5439e-01,2.7616e-02,-3.2223e-01,-4.2476e-02,2.9361e-01,-1.3712e-01,-1.3677e-01,-1.5178e-01,-3.6018e-01,-9.5813e-02,-1.4365e-02,1.2697e-02,6.7806e-02,1.6444e-01,7.7940e-02,-5.4349e-02,-5.9512e-02,3.2357e-01,1.2004e-01,-3.9751e-01,1.6399e-01,1.3602e-01,-9.9242e-02,-3.9477e-03,5.2097e-01,3.5323e-01,1.7070e-01,-5.4759e-02,7.6432e-02,-9.4979e-02,6.6155e-02,2.8503e-03,2.7746e-01,3.9343e-02,-2.6352e-01,4.7393e-02,-5.3456e-03,-1.7944e-01,-7.7209e-01,-2.1730e-03,-8.6693e-02,-1.1351e-01,-1.0981e-01,-1.0621e-01,-2.2865e-01,-1.1399e-02,9.7690e-02,-1.7072e-01,3.3313e-01,5.4597e-02,-1.0934e-01,-3.4240e-02,2.3712e-02,6.0580e-02
2.3719e-01,4.9492e-01,-3.2297e-01,-1.9148e-01,-1.0311e-01,-6.2872e-02,-2.3936e-01,-1.7408e-01,-1.8484e-01,-2.7509e-01,-4.4904e-01,-3.9122e-01,-4.5560e-01,-2.5891e-02,-2.5993e-01,7.1265e-02,1.0621e-01,-1.8434e-01,7.3037e-02,-2.2802e-01,-4.6803e-02,3.1607e-01,1.8890e-01,-1.8527e-01,9.3738e-02,2.6837e-01,2.3924e-01,2.8660e-01,4.2006e-01,-2.6016e-01,-4.1678e-01,-2.5684e-01,1.3579e-02,1.9783e-01,-6.2124e-03,-8.6791e-02,2.6243e-02,6.6528e-02,2.7542e-01,-1.5105e-01,2.5072e-03,1.2288e-01,-5.6167e-02,2.3305e-02,-3.3762e-01,-4.7281e-01,-1.2223e-01,-9.3487e-02,1.6917e-01,1.7333e-01,-6.8703e-02,-4.8301e-03,-1.3656e-01,-2.9860e-02,4.1779e-02,1.6366e-01,6.4311e-02,1.1633e-02,-1.1574e-02,-6.5254e-02,-3.0362e-02,5.8327e-02,2.0987e-01,-5.0746e-02,2.0507e-01,5.8078e-01,-2.4645e-01,-4.1536e-01,1.5407e-01,2.1353e-01,1.4365e-01,7.2157e-02,2.1217e-01,1.4364e-01,-6.5881e-03,2.7558e-01,-6.2660e-02,-2.6008e-02,1.3286e-01,-2.5787e-01,1.4468e-01,-5.2591e-01,-3.9736e-01,3.0605e-02,1.1742e-01,1.2302e-01,-2.8433e-01,-1.9423e-01,4.2055e-02,8.6704e-02,-1.6212e-01,-5.7726e-02,-1.7212e-01,1.0633e-01,6.6576e-02,1.0201e-02,-1.3809e-01,3.7990e-02,-8.8722e-03,-3.2765e-02
-4.6575e-02,-2.2320e-02,-4.6801e-02,5.5087e-01,-1.9894e-01,-2.1696e-01,-2.7923e-02,-1.4577e-01,-6.9847e-02,-7.8214e-02,-4.1029e-02,-7.2457e-02,-1.5502e-01,-5.7732e-02,1.7498e-02,9.0896e-02,7.0105e-02,-1.6770e-01,8.7723e-03,1.7476e-01,1.9452e-01,-1.8962e-01,-4.2173e-01,4.3170e-02,-1.1009e-01,-1.0892e-01,2.0896e-01,-1.8534e-01,-6.2693e-02,1.2293e-01,2.6174e-01,-7.5481e-02,-1.2023e-01,2.3828e-01,-4.9469e-02,-1.7631e-01,2.0676e-01,-1.2486e-03,2.8307e-01,1.0356e-01,2.9159e-01,-1.2800e-01,9.7849e-02,-2.7184e-01,5.1070e-02,5.1241e-01,-5.4550e-01,-7.8188e-02,-7.4127e-02,6.9784e-02,-3.9592e-01,-8.0389e-02,-4.3303e-03,-9.7951e-02,3.9798e-01,-8.0224e-02,2.5581e-03,2.3600e-02,-3.1528e-01,-2.1034e-01,3.8343e-01,3.0002e-01,3.9144e-02,1.9650e-01,5.1853e-01,3.7829e-01,-3.9184e-02,4.5146e-01,-2.9209e-02,-5.5926e-02,-9.9661e-02,-2.7626e-01,-2.0935e-01,-8.3157e-02,9.6019e-02,-8.0672e-02,-4.0851e-01,-9.7238e-02,-4.2856e-01,-2.5551e-01,-1.9087e-03,-7.9595e-02,8.7587e-02,2.0140e-01,1.1479e-01,-5.4622e-01,1.1606e-01,-2.3892e-01,-2.7247e-01,-1.2427e-01,1.1764e-01,-3.9898e-01,-4.7242e-01,-1.8555e-01,-4.6337e-02,-2.1646e-01,3.1212e-01,-1.6639e-01,-2.2773e-01,-3.3498e-01
-1.6368e-01,-1.7834e-01,-9.7325e-02,1.6966e-01,-3.2675e-02,2.9534e-01,-8.2010e-02,1.0806e-02,7.8141e-02,1.8337e-01,5.7487e-01,5.2230e-01,3.2951e-02,-6.0013e-01,3.2931e-02,-5.1147e-02,-5.8846e-01,-5.3849e-02,-3.7097e-01,3.4478e-01,-4.4262e-01,-2.4973e-01,-2.1728e-01,-1.6066e-01,-9.4298e-02,-1.1497e-01,2.2412e-02,2.6899e-01,2.7782e-01,2.6581e-01,1.4864e-01,3.2572e-01,3.7748e-03,1.9777e-01,9.5195e-02,3.4624e-01,2.1230e-01,1.3670e-01,-2.1836e-01,1.2433e-01,8.9944e-02,-2.3652e-01,-2.9412e-01,-8.7006e-03,-1.7452e-01,6.1536e-02,-3.0090e-02,1.1584e-04,-8.3805e-02,-5.1593e-01,-1.0318e-01,-3.2814e-01,-2.5265e-01,-2.9767e-01,1.9479e-01,-1.4189e-01,-3.5366e-01,-1.7844e-01,1.7266e-01,3.0213e-01,-9.2387e-02,-5.1003e-03,9.9546e-02,1.7836e-01,9.6064e-02,-1.6674e-01,4.1000e-01,-1.5865e-01,1.5590e-01,-2.5522e-01,3.2373e-02,-2.1780e-02,-2.7250e-01,1.3758e-01,-1.7484e-01,4.8836e-02,8.6772e-01,-3.0517e-01,7.4783e-02,4.0824e-01,-1.6985e-02,-2.0368e-02,1.0293e-02,3.8819e-02,2.9654e-01,-1.7690e-01,1.2848e-02,1.3795e-01,4.4718e-02,-4.6491e-01,1.3364e-01,-7.4473e-02,-1.1244e-01,-7.2602e-02,-4.7126e-01,-1.1612e-01,1.1979e-01,-3.2973e-01,1.5735e-01,1.1875e-01
6.7912e-02,-2.4244e-01,6.9344e-02,-3.4846e-01,-2.1554e-02,1.9972e-01,1.3781e-01,1.6921e-01,-5.0427e-02,-9.7792e-02,-1.5856e-01,-3.3354e-01,1.3155e-01,3.6522e-02,-2.5805e-01,-2.0346e-01,1.7860e-01,7.1821e-03,-1.3141e-02,-3.0152e-01,-1.2949e-01,1.5420e-01,1.7162e-01,1.5686e-01,1.6140e-01,3.4070e-01,1.3036e-01,2.6972e-01,-1.4594e-01,9.5317e-02,-1.5177e-02,2.2900e-01,2.5552e-01,3.1585e-01,5.1915e-01,-2.2733e-01,-3.4795e-01,-6.5911e-02,-1.8454e-01,1.1939e-01,-2.6937e-01,1.6009e-01,-2.0440e-02,2.1092e-01,3.9341e-01,-1.4410e-01,9.2010e-02,7.9915e-02,-3.9712e-01,-3.4693e-01,-1.1640e-01,-1.3273e-01,1.5709e-01,3.1401e-01,-5.4226e-01,-1.6194e-01,1.0061e-01,-1.0222e-02,4.2062e-01,2.2496e-01,-9.2814e-02,2.8651e-02,1.5677e-02,1.5609e-01,-3.4786e-01,4.3859e-04,1.6425e-01,9.1765e-02,1.1534e-01,5.1707e-01,3.1206e-01,5.9284e-01,8.5276e-02,1.7952e-01,3.3580e-01,2.3086e-01,5.6181e-02,6.6217e-01,-4.2319e-01,9.5564e-03,2.2426e-01,1.5005e-01,1.6307e-01,-2.7099e-01,1.6943e-02,-1.3571e-01,-2.9505e-01,-3.9821e-02,-2.0982e-01,1.2528e-01,-1.2196e-01,1.5425e-02,-6.8304e-02,7.7829e-03,1.9264e-01,1.0142e-02,-3.9319e-01,5.0952e-01,8.3730e-02,2.1442e-01
-1.2826e-01,1.3546e-01,1.2067e-01,-9.5651e-02,6.5575e-02,-5.4593e-01,-2.7072e-01,-3.3313e-01,-3.1583e-01,-3.8245e-01,-2.7768e-01,-3.4328e-01,-3.0968e-01,1.3501e-01,3.6711e-01,-6.5909e-02,-1.1287e-02,2.5012e-01,-4.1057e-03,-7.8025e-02,1.8463e-01,2.1106e-01,2.1058e-01,1.7470e-01,8.1364e-02,7.3825e-02,2.4827e-02,1.7604e-01,-1.6467e-01,1.5007e-01,3.5806e-01,1.2581e-01,2.9812e-01,-2.5982e-01,1.8123e-01,1.9287e-01,3.1998e-02,-1.0846e-01,6.5593e-02,1.3777e-01,-8.5085e-02,1.8268e-03,6.4809e-02,8.9295e-02,6.2786e-02,-8.7949e-02,-1.0568e-01,-1.8607e-01,1.1318e-01,9.1078e-02,-2.3089e-01,1.3536e-01,-1.7209e-02,-5.3833e-02,-2.1809e-01,3.0609e-02,1.2231e-01,1.2238e-01,-2.7181e-02,-1.0681e-01,-9.4407e-02,-5.1684e-02,-2.7131e-01,-4.1743e-02,2.5630e-02,2.2106e-02,4.8774e-02,6.4698e-01,2.4916e-01,-6.7648e-02,-2.9736e-01,1.3718e-01,3.0647e-01,-1.7910e-01,4.6753e-02,-3.4026e-02,-3.2825e-01,-1.3190e-01,5.8638e-01,-2.1595e-01,-4.1885e-01,7.8172e-02,-3.0260e-01,2.0437e-01,-3.4679e-01,2.6110e-01,-1.4360e-01,-1.7452e-01,1.8524e-01,8.6593e-02,-1.6835e-01,-2.6859e-01,1.2080e-01,-2.1203e-01,-4.1094e-02,-1.6428e-01,-3.7590e-01,-8.2886e-04,-3.1125e-01,1.8398e-01
2.6809e-01,2.1136e-01,1.9884e-03,-2.1606e-01,1.4777e-01,-1.4205e-02,-6.5226e-02,-1.6724e-01,-9.9120e-02,-9.5234e-02,1.0574e-02,-1.1411e-01,-1.8199e-01,1.2014e-02,-4.0813e-01,6.6792e-02,1.8951e-02,3.3496e-02,2.3084e-01,4.3296e-02,1.8414e-01,1.7380e-01,5.6087e-02,8.2467e-03,1.3990e-01,1.2048e-01,-4.8323e-02,-2.7362e-01,1.7866e-01,-2.8917e-01,-3.6253e-01,-2.2208e-01,3.8688e-03,2.3460e-01,7.3661e-03,2.3991e-01,2.1942e-01,3.5175e-01,1.6923e-01,-2.5421e-01,1.1669e-01,9.6382e-02,-2.7311e-02,-2.5880e-01,-2.0362e-01,-2.7599e-01,1.4999e-01,-2.0828e-01,1.2147e-01,2.6680e-01,1.9381e-01,1.0093e-01,-5.9529e-02,-1.1965e-01,-1.1259e-01,-1.9035e-02,8.2112e-02,-9.1131e-02,-3.9651e-01,1.5751e-01,2.1979e-01,1.8370e-01,7.0029e-01,3.8912e-01,1.2618e-01,7.7152e-02,7.5646e-02,4.4601e-02,-9.4004e-02,3.2621e-01,-1.2318e-02,-1.2690e-01,3.0707e-01,1.3598e-01,-5.6836e-02,-8.0188e-02,-2.8219e-01,-2.7198e-01,4.1523e-02,2.4748e-01,-1.8127e-01,-3.8950e-01,-1.7706e-01,-5.2750e-01,-3.8692e-01,3.0159e-02,-3.1113e-02,-1.8645e-01,-2.6874e-01,3.8563e-02,5.6572e-02,2.6155e-03,4.8547e-02,1.4238e-01,-1.5090e-01,-5.7550e-02,2.1037e-01,-1.7071e-01,-1.5432e-01,-1.1153e-01
-5.9983e-02,3.5197e-02,-3.9645e-01,-3.7512e-03,-1.5359e-01,6.6287e-02,8.1150e-02,6.8147e-02,-6.8990e-02,-6.1352e-02,-3.2060e-01,6.1819e-03,6.0049e-02,4.4664e-02,-1.9152e-04,1.9316e-01,-5.2012e-02,-4.1015e-01,-5.5085e-03,-9.5550e-02,1.2475e-01,-4.3458e-01,-8.5161e-02,-2.1715e-02,-1.5447e-02,-4.4222e-02,-9.9783e-02,6.1582e-02,-3.7072e-02,3.0978e-01,-2.8008e-02,-1.8318e-01,-2.2826e-01,1.5353e-01,-3.4907e-01,-2.3862e-01,3.0223e-02,-8.9882e-03,1.3467e-01,-1.3337e-02,3.8298e-01,-5.2644e-02,-2.0224e-02,-1.0681e-01,-2.3202e-02,1.2885e-02,-2.2216e-01,-3.9372e-03,-1.2070e-01,-4.4479e-03,7.1873e-02,-1.8049e-01,-1.7190e-01,-3.0244e-01,1.1591e-01,2.2937e-01,-8.6621e-02,-2.9802e-02,-3.0833e-02,-1.0055e-01,2.2332e-02,1.5392e-02,-2.0590e-02,-2.0629e-01,2.1609e-01,2.7282e-01,4.5610e-02,-2.2696e-01,2.3198e-01,6.1229e-02,3.7002e-01,-1.4781e-01,-9.8583e-02,3.5159e-01,1.5584e-01,4.8786e-02,-1.4363e-01,3.0614e-02,-2.4954e-01,-6.5492e-02,3.6321e-02,-1.8357e-01,-7.1594e-02,-3.9068e-02,-1.0474e-01,-8.1741e-02,-1.0006e-01,7.7476e-02,-3.9504e-01,-3.8320e-01,-2.2248e-01,6.9161e-03,-3.3388e-02,-6.3570e-02,6.3080e-02,2.6126e-01,2.3831e-01,8.2977e-02,6.1729e-01,-2.4306e-01
1.3031e-01,-3.3556e-01,5.0765e-02,3.7487e-01,-2.4765e-01,8.7308e-02,1.4864e-01,3.7641e-01,8.5210e-02,-9.1957e-02,3.2605e-02,2.3727e-02,1.0019e-01,-2.6978e-01,3.5287e-02,-1.1075e-01,3.1874e-02,5.0979e-02,-1.3372e-01,-4.2636e-02,-1.5740e-01,7.5273e-02,-1.1529e-01,-2.2774e-01,-2.9780e-01,-2.1516e-01,1.3183e-01,-2.1183e-02,1.1033e-01,-1.5975e-02,4.7523e-01,-9.6542e-03,-8.7556e-02,1.0316e-01,-5.8760e-02,2.6992e-01,7.8521e-02,-5.1209e-02,3.1027e-02,1.2836e-02,-6.0765e-02,2.8342e-02,1.7290e-01,9.7368e-02,-1.5542e-01,1.3642e-01,-2.8598e-01,-3.5072e-02,-7.8633e-02,-1.3866e-01,1.1345e-01,-2.6680e-02,-7.4579e-02,-1.0773e-01,-5.0652e-03,-2.5650e-01,5.4601e-02,1.0920e-01,2.5581e-01,-1.7858e-01,1.4751e-01,-9.4817e-02,6.8515e-02,-1.2917e-01,1.0024e-02,1.3001e-01,1.5232e-01,3.1791e-01,1.3999e-01,-1.1151e-02,2.5696e-01,3.7968e-01,-7.1930e-02,-4.8531e-02,1.8328e-01,2.1373e-01,7.0883e-01,1.1160e-01,5.4769e-02,-9.0211e-02,5.1508e-01,6.3674e-02,3.5986e-02,-2.8002e-02,3.3415e-01,-2.2705e-01,-1.2585e-01,-1.3936e-01,1.3068e-01,-5.2484e-01,-4.5420e-01,1.9306e-02,-3.3787e-01,-4.4435e-02,-1.9457e-01,-1.4606e-01,-1.8414e-01,-6.8048e-02,-1.1457e-01,-1.4275e-01
6.9280e-02,-2.4488e-01,7.3083e-01,1.4078e-01,-2.4539e-01,-1.3824e-01,-2.7847e-01,-6.1787e-01,1.2738e-01,1.7979e-01,1.5231e-01,1.5185e-01,2.7027e-02,-5.0762e-02,2.0103e-01,-4.4825e-01,-6.8197e-02,8.1241e-02,-4.3049e-01,-6.2101e-02,-2.0593e-01,5.5725e-03,3.0735e-02,7.2720e-02,-3.7654e-03,-1.5793e-01,2.4240e-01,3.1866e-02,1.1822e-01,1.7135e-02,-2.4704e-01,2.5143e-01,1.8815e-01,-4.1110e-01,-3.0243e-02,-1.6259e-01,3.0805e-02,-1.9314e-01,-9.8590e-02,-1.1964e-02,-7.4594e-03,6.9453e-02,7.7195e-02,1.2593e-01,1.5067e-01,4.1024e-01,2.4225e-01,1.7807e-02,4.9007e-02,-1.2475e-01,-2.0972e-01,-3.2696e-02,9.2211e-02,5.0866e-02,8.1575e-02,1.4206e-01,-2.6594e-01,-2.5239e-01,-1.2907e-01,1.9953e-01,6.2446e-02,2.9317e-01,-2.7350e-01,3.4260e-01,6.4484e-02,1.9836e-02,6.7073e-02,-1.7346e-01,-1.6451e-01,1.5977e-01,5.7484e-02,-6.8174e-02,1.7560e-02,-4.4090e-01,-4.4673e-02,1.7592e-01,1.9395e-01,1.2857e-01,6.3218e-02,-4.5218e-02,2.4474e-02,2.0769e-01,-1.2317e-01,1.2500e-01,-2.2213e-01,-9.8255e-02,7.7858e-02,-5.2806e-01,-1.3733e-01,4.1802e-01,-9.9215e-02,-4.6561e-01,-2.4985e-01,-1.2751e-01,-1.3375e-01,-3.8516e-01,-3.2348e-01,-2.7779e-02,-1.4640e-02,8.7231e-02
-3.2921e-01,-3.5575e-02,-3.7931e-01,-3.6605e-01,5.5800e-01,1.7388e-01,-2.4891e-02,2.5809e-01,1.2281e-01,1.1546e-01,-4.0066e-02,1.4483e-01,-2.3621e-01,2.3477e-02,2.3129e-02,3.1545e-01,-1.0119e-01,-4.8094e-02,6.8586e-02,7.1160e-02,-2.2236e-02,-8.5038e-02,-4.9291e-02,9.7716e-02,1.6406e-01,1.5398e-01,-6.3893e-02,7.2454e-02,6.9461e-02,-1.7099e-01,-5.5322e-02,9.4324e-02,3.4884e-01,1.5992e-01,2.0663e-01,4.5492e-02,-9.6139e-02,-1.2317e-01,6.4203e-02,-1.5513e-01,-3.7237e-01,-2.7424e-01,-9.3489e-02,1.7712e-02,6.5766e-02,-1.2022e-01,1.4131e-01,-1.5404e-03,-1.6407e-01,-2.3362e-01,-2.0273e-01,-1.5453e-01,1.4799e-02,3.8440e-02,-1.1951e-01,-9.8952e-02,-6.4026e-02,-2.1720e-02,-7.7879e-02,-1.6289e-01,-2.6539e-01,9.8338e-03,1.7905e-01,1.8706e-01,4.8659e-02,3.0823e-01,4.0231e-03,2.7849e-01,3.4010e-01,-1.8961e-01,-2.1456e-01,3.5120e-01,2.1346e-01,2.6375e-01,-3.7828e-01,-2.6238e-01,5.1519e-02,-2.3981e-01,-3.1395e-01,-9.5644e-03,-2.6221e-01,3.8883e-01,1.4391e-01,4.1006e-02,2.1425e-01,-1.9476e-01,1.7972e-02,5.1723e-01,9.0992e-03,8.4279e-02,3.1576e-01,3.5028e-01,6.9832e-02,-1.4056e-01,4.4229e-02,-3.1932e-02,5.3075e-02,3.2207e-03,-1.8401e-01,2.6160e-01
1.4276e-01,2.8729e-01,-1.1922e-01,-1.9088e-01,-8.9151e-02,-1.8828e-01,7.0157e-02,1.6814e-01,-9.5350e-02,-1.2583e-01,3.5506e-01,9.8699e-02,2.0123e-01,1.1714e-01,-1.3458e-01,1.5939e-01,2.0081e-01,-1.0306e-01,5.9054e-01,1.1094e-01,1.9753e-01,8.3416e-02,1.2149e-01,7.1947e-02,-1.1016e-01,2.1260e-01,7.0539e-02,1.2767e-01,-1.8658e-02,-1.9652e-01,-3.7731e-01,-1.6165e-01,-3.5379e-01,2.1043e-01,2.0895e-01,-2.1389e-01,5.4061e-02,3.6045e-01,-1.7937e-01,5.8785e-02,-8.4392e-02,-9.4117e-02,-4.5518e-01,-4.0880e-02,-7.9243e-02,-1.1608e-01,-1.4877e-01,6.6500e-02,1.2655e-02,-9.9394e-02,-2.8301e-02,8.1886e-02,1.9155e-01,2.8806e-01,2.4129e-01,9.4270e-02,-5.2482e-02,1.6422e-01,3.8991e-01,2.3460e-01,1.7064e-01,-3.0232e-01,4.1082e-02,1.2124e-01,2.3728e-01,-3.9118e-01,1.0418e-01,-1.2767e-02,8.3784e-02,1.4101e-01,-3.8949e-01,1.2683e-01,2.7208e-01,7.3352e-02,2.1923e-01,7.2439e-02,-4.5570e-01,1.6006e-01,-9.4952e-02,-2.4701e-01,-4.5523e-01,-4.2624e-01,2.4698e-02,-7.1037e-02,-9.4885e-02,9.6150e-02,3.7712e-02,-3.4248e-01,4.2689e-02,-3.4657e-01,2.5783e-01,8.9425e-03,3.3749e-01,2.2325e-01,7.8002e-02,2.5796e-01,-1.4265e-01,-2.1524e-01,-1.9697e-01,-1.7847e-01
2.0295e-01,1.9574e-01,-2.3005e-01,-2.2566e-02,1.7700e-01,2.5528e-03,-3.6456e-02,-1.1399e-01,2.1687e-02,-1.2823e-01,-2.2610e-01,-3.2102e-01,1.9291e-01,1.0683e-01,-6.5206e-02,-2.9536e-02,-1.8639e-01,-6.5553e-02,2.0645e-01,-9.6629e-02,2.5370e-02,2.3084e-01,3.6746e-02,-8.0278e-02,1.2313e-01,3.1040e-02,-6.0811e-02,-3.9911e-02,-4.4644e-01,5.0449e-02,2.4465e-01,1.1607e-01,-8.4660e-02,-1.4392e-01,-4.3214e-02,7.9993e-02,-5.6257e-02,-1.1646e-03,-1.5431e-01,1.5241e-01,9.7384e-03,-1.1077e-01,-7.4192e-02,-1.5056e-01,1.1192e-01,1.6174e-01,-1.3658e-01,-4.1946e-02,3.3375e-01,9.1689e-02,1.5372e-02,3.2257e-01,3.5284e-01,1.3913e-01,-5.3600e-02,3.7100e-02,1.2108e-01,7.4556e-03,6.2859e-03,1.5182e-03,8.2586e-02,1.6845e-02,1.3829e-01,-1.0451e-01,9.3302e-02,3.3648e-01,-1.0499e-03,2.7683e-02,2.6506e-02,9.5441e-02,2.2308e-01,-2.4515e-01,2.3548e-02,1.0134e-01,1.5687e-01,4.6971e-02,1.7795e-01,1.8948e-01,2.8862e-01,2.6647e-01,1.0193e-01,-1.7361e-01,-2.2157e-01,-1.1913e-01,-2.4720e-01,-1.4037e-01,-2.6302e-01,5.5400e-02,-3.5637e-01,3.2633e-01,-7.5728e-01,1.1098e-01,-2.3401e-01,-1.3624e-01,-2.1031e-01,-5.5280e-02,8.2806e-02,-3.0204e-01,7.5275e-02,-2.0605e-01
-7.8699e-02,-4.0954e-02,2.0080e-01,7.7368e-01,-1.1314e-01,-1.8274e-02,1.5082e-01,-3.1738e-02,-7.3477e-02,1.0916e-01,-1.6657e-01,-2.8426e-02,1.1776e-01,-1.9455e-01,-1.3025e-02,5.3597e-02,2.8165e-01,1.9390e-01,-3.7707e-01,-5.1269e-02,1.8668e-01,3.6371e-02,-1.8716e-02,7.0215e-02,2.5025e-01,-1.4877e-01,-2.1981e-01,-1.2240e-01,1.6424e-01,9.7429e-02,3.3940e-01,-2.8449e-01,5.8724e-02,-5.7505e-02,-2.7069e-01,3.3137e-02,-1.0762e-02,-3.5398e-02,1.1066e-01,1.2172e-01,3.1271e-01,2.4674e-01,4.2491e-01,-5.5530e-02,-4.9631e-03,-1.6250e-01,1.1373e-01,-1.4987e-01,2.5035e-01,3.6501e-01,1.6860e-01,-2.2785e-02,-2.4841e-01,-1.6057e-01,-1.1893e-02,7.9844e-02,4.3937e-02,8.7760e-02,-1.5104e-01,-5.1551e-02,-1.8961e-01,2.4685e-01,-8.7151e-02,-1.0479e-01,7.1728e-02,-1.0939e-01,2.9681e-01,7.2187e-02,-1.4236e-01,4.9437e-02,3.6561e-01,2.6643e-02,-9.4758e-02,2.3282e-03,2.3965e-01,1.5217e-01,7.1882e-03,8.5055e-02,1.5155e-01,-1.4352e-01,2.9174e-01,-2.9069e-02,1.3330e-01,6.2351e-02,1.7454e-01,2.3900e-01,-2.8065e-01,-2.4749e-01,9.6172e-02,-5.3983e-01,3.9902e-01,-7.6572e-01,-1.6691e-01,5.4487e-03,3.7360e-03,-3.1593e-02,1.3132e-01,1.9655e-01,8.0645e-03,3.2922e-01
-1.2535e-01,-2.6918e-01,3.0993e-01,-4.6634e-02,4.2197e-02,3.0763e-01,-1.2466e-02,1.9222e-01,9.6754e-02,4.2668e-01,1.1335e-01,2.7810e-01,-3.2725e-01,8.8134e-02,8.4497e-02,-6.2685e-03,7.1724e-02,8.5305e-02,-9.3889e-02,4.3806e-02,-2.0311e-02,-1.0247e-01,-4.0254e-02,-4.2674e-02,-2.1642e-01,-1.4838e-01,-1.3280e-02,-1.1236e-01,8.4195e-02,2.7551e-02,-9.8590e-02,-7.5413e-03,-5.4598e-02,-4.3884e-02,-4.6479e-02,1.4675e-01,1.2498e-01,-5.3093e-03,2.9595e-01,2.1489e-02,-2.3038e-01,1.8326e-01,1.9592e-01,4.2330e-01,-1.5256e-01,-6.2788e-02,-4.2865e-02,3.6011e-01,-1.9049e-01,1.1276e-01,1.8516e-01,9.7573e-03,-3.2636e-01,-1.7925e-01,4.2136e-02,8.2999e-02,-4.5251e-02,-1.0180e-01,-1.6182e-01,-2.6968e-01,5.2402e-03,2.5373e-02,-2.7223e-02,-3.3766e-02,-1.8085e-01,2.1357e-02,-6.0546e-02,2.5362e-01,1.0068e-01,-2.7297e-01,2.1529e-01,1.2012e-01,-7.1970e-02,-9.6891e-02,-1.1870e-01,-7.1301e-02,1.2723e-01,-2.3614e-01,1.7308e-01,6.5857e-02,3.1813e-02,2.0721e-01,4.6660e-02,-2.7043e-02,-6.1628e-02,-5.6405e-02,2.8039e-01,6.8873e-02,-5.0390e-02,2.8499e-01,-6.0330e-01,4.4032e-01,-1.1038e-01,-1.3256e-01,9.2051e-02,8.1262e-04,2.3274e-01,2.1508e-01,1.3400e-01,-3.5726e-02
4.0631e-02,-8.7258e-02,6.0002e-02,-5.6129e-01,-3.6048e-01,-1.5085e-02,8.5889e-02,2.6684e-01,2.1372e-01,1.2941e-01,3.5674e-01,1.0859e-01,-4.8140e-02,1.7095e-01,3.7017e-01,1.2174e-01,-1.0688e-01,-1.5951e-01,4.7760e-02,-2.1456e-02,-2.7893e-01,-2.2325e-01,-2.8295e-01,-1.2752e-01,-3.0023e-01,-2.0473e-02,-2.4296e-02,-4.9915e-02,-1.6148e-01,-1.7717e-01,-4.4493e-01,1.0106e-01,6.9775e-02,-1.7307e-01,-3.6489e-02,-4.5302e-01,-1.8929e-01,-2.4971e-01,-1.3357e-01,-1.1293e-01,-1.5305e-01,-3.4783e-01,-2.7109e-01,-9.6844e-02,1.8129e-01,-7.4548e-02,2.6156e-01,-6.6275e-03,-3.6098e-01,-1.7711e-01,3.3768e-02,1.4950e-01,2.4891e-01,-2.0301e-02,2.6897e-01,4.4036e-02,1.3791e-01,8.6939e-02,8.4385e-02,2.4067e-01,2.8379e-03,4.9870e-02,3.9669e-02,-2.0277e-01,-7.8562e-02,-3.0919e-01,-3.4750e-02,-3.7717e-01,1.7598e-01,1.1752e-01,-2.5096e-01,-1.6481e-02,-6.4157e-02,-1.4351e-01,-2.9855e-01,-3.5050e-01,-3.7574e-02,5.5995e-02,-1.8698e-01,2.0894e-01,-8.0930e-02,2.1193e-01,-3.0290e-01,5.2113e-02,5.1777e-02,4.0797e-02,9.5862e-02,3.6099e-02,7.3030e-02,2.0059e-01,5.1874e-01,-4.8048e-02,2.4828e-01,-2.0747e-01,5.8911e-02,-7.3637e-02,-1.8082e-01,1.3473e-01,4.2154e-02,5.4263e-02
1.6807e-01,1.3421e-01,-4.3430e-01,-1.4364e-02,-1.1745e-01,-2.1571e-01,1.0335e-01,1.6472e-01,2.8440e-01,2.0749e-01,3.4968e-03,2.4104e-01,4.6465e-01,-1.4825e-02,-5.5664e-03,-1.2653e-01,2.1080e-02,1.8899e-01,-1.2582e-01,-6.6119e-02,-4.5210e-01,-2.0679e-01,2.5066e-02,-3.2846e-02,-3.7494e-02,2.8913e-02,-1.6393e-01,-2.3642e-01,-2.2526e-01,-5.7193e-02,2.9003e-02,-4.1912e-02,-9.7514e-02,-8.6695e-05,-1.7623e-01,1.0582e-02,-1.2302e-01,-2.4275e-01,-6.6134e-01,-2.5541e-01,4.6488e-02,9.7773e-02,1.4782e-01,-2.6926e-01,-4.9893e-01,3.7279e-01,5.1029e-02,2.4658e-01,3.2217e-01,-1.6499e-01,-1.7310e-02,-5.7611e-02,3.6449e-02,3.1657e-01,-4.5582e-03,9.3866e-02,1.0135e-01,5.7123e-02,1.5553e-01,2.2187e-01,1.0648e-01,-2.3588e-01,-2.4195e-01,1.2175e-01,-4.3798e-03,2.9405e-02,-2.8677e-01,-2.5974e-01,-4.7463e-01,1.8334e-01,1.4048e-01,-2.8290e-01,1.9649e-01,-7.0510e-02,2.1013e-01,-7.0767e-02,-1.2065e-01,-3.8778e-01,-2.1669e-01,-3.0757e-01,-7.1615e-03,2.4392e-01,1.0137e-01,-1.4821e-01,-8.6343e-02,-2.0508e-02,-1.2854e-01,1.8354e-02,1.9310e-01,7.3427e-03,2.1279e-01,3.8320e-02,2.3415e-01,3.2431e-01,-7.5881e-03,-1.0409e-01,-3.5470e-01,-2.8396e-01,-1.1306e-01,-2.4601e-02
8.1399e-04,2.5716e-01,3.4022e-01,2.8462e-01,5.0922e-01,3.1649e-02,-3.1916e-01,-4.9282e-01,-4.4854e-01,-3.0647e-01,-9.4565e-02,-7.1785e-02,-2.2466e-01,-1.2421e-01,3.3325e-02,2.4677e-01,2.1979e-01,2.3031e-02,1.3294e-01,-1.8431e-01,2.8050e-01,1.8865e-01,2.8165e-01,3.2123e-02,-5.1641e-02,-2.2020e-01,-1.5008e-02,7.8981e-03,1.5201e-01,-6.8111e-02,-1.8687e-01,7.5496e-02,-3.2751e-01,-1.6160e-01,-1.0326e-01,-3.7841e-02,7.2043e-02,2.8409e-01,7.3999e-02,-7.1409e-02,2.2192e-01,7.0132e-02,-4.1018e-02,8.1716e-02,2.6824e-01,2.8094e-02,-1.3002e-01,3.2573e-02,2.5259e-01,3.1164e-01,1.9879e-01,2.0080e-01,-4.8479e-02,6.9432e-02,-1.2546e-01,7.3232e-02,2.0653e-01,-1.8192e-02,2.2348e-01,3.2271e-02,1.4874e-01,1.3816e-01,2.3470e-01,9.1701e-02,5.2605e-02,9.3530e-02,-1.0659e-01,-5.2394e-03,-5.3907e-02,-1.3770e-02,-2.6994e-01,2.7423e-01,4.9005e-02,-3.2153e-02,2.6459e-02,3.4771e-01,-1.9084e-01,4.6058e-01,-5.4095e-02,-8.1228e-02,5.9594e-03,-1.8389e-02,2.6778e-01,7.9852e-02,2.6346e-02,6.7129e-03,-2.2726e-02,1.7944e-01,-1.8761e-01,2.2217e-02,-8.0098e-02,2.2143e-01,-3.3226e-01,1.9976e-01,-9.5218e-03,4.6339e-02,1.0176e-01,-1.4380e-01,-2.2049e-01,-1.9111e-01
-4.1827e-02,1.1251e-02,-3.0971e-01,3.4373e-01,2.7535e-01,8.3502e-02,1.7291e-01,6.2072e-02,3.4078e-01,-3.1741e-01,1.4065e-02,2.4282e-02,4.8306e-02,4.7851e-02,-8.5506e-02,3.1997e-01,2.1453e-01,7.0234e-02,2.7159e-01,3.7477e-01,4.6774e-01,5.3221e-01,5.5964e-02,1.4103e-01,2.1648e-01,6.0302e-02,4.7997e-02,1.4451e-01,-9.4428e-02,-1.8137e-01,3.5661e-02,-4.6615e-01,-2.4929e-01,-6.3061e-02,-2.4993e-02,-1.0180e-01,-1.5941e-01,4.4866e-02,1.5438e-01,1.5268e-02,-5.8524e-02,-5.4087e-02,-8.0492e-02,2.9765e-01,2.6516e-01,-2.5552e-02,-2.3954e-02,-8.8689e-02,4.0830e-02,-2.2522e-02,1.3295e-01,2.8811e-01,5.6001e-01,5.6174e-02,1.2461e-01,-1.0237e-01,-3.1219e-01,1.4320e-01,1.4237e-01,-2.9000e-02,1.0446e-01,-1.1052e-01,-2.4964e-01,1.5792e-01,1.9503e-02,3.5254e-01,2.4447e-01,2.3476e-01,2.1547e-01,-3.8690e-01,-2.0453e-01,-2.1163e-01,7.9132e-02,8.0082e-02,-5.5608e-02,-1.3584e-01,8.1825e-01,-1.2589e-02,9.7398e-02,3.7490e-02,-3.0569e-01,-3.3572e-01,1.3273e-01,3.0169e-01,-3.7973e-02,5.0020e-02,8.2985e-02,-5.4456e-02,-1.2448e-02,-2.3409e-01,-1.7054e-02,1.3924e-03,8.2815e-02,-1.2822e-01,1.0552e-01,3.0048e-01,1.4420e-01,6.4525e-02,-2.1834e-02,-1.1465e-01
-5.7004e-02,-1.5255e-01,1.4852e-01,6.1380e-02,-1.7421e-01,5.7631e-01,4.0151e-01,4.6238e-01,3.8726e-01,6.2745e-01,3.9353e-01,-2.8410e-02,4.0503e-01,3.6632e-01,1.4664e-01,-4.1439e-02,-1.8108e-01,3.1246e-02,7.5746e-02,1.0299e-01,-1.0386e-01,-2.9833e-01,-2.2756e-01,-1.3200e-02,5.3224e-03,2.6702e-02,-2.2256e-01,1.6441e-01,-1.3072e-01,-1.9442e-01,-3.2975e-01,-1.4058e-01,-9.2157e-02,-3.8304e-02,8.5579e-02,1.5654e-01,7.1298e-02,-6.0223e-02,8.8828e-02,-9.5119e-02,-3.5184e-01,-2.3285e-01,-6.2305e-02,8.3772e-02,1.9119e-02,2.5119e-02,2.9140e-01,3.2105e-01,6.0590e-02,2.6023e-01,-1.6246e-02,-8.0027e-02,-1.9301e-01,1.9170e-02,3.0083e-01,2.7681e-01,5.2913e-02,1.8865e-01,-1.2092e-01,-8.5574e-02,-3.0802e-01,8.8644e-02,1.6240e-01,-2.8263e-01,2.4641e-02,-1.6867e-01,1.0689e-01,2.0584e-01,2.3903e-01,2.2886e-01,2.5243e-01,-8.6252e-02,-6.1050e-01,-4.4711e-02,2.7785e-01,2.3097e-02,-5.4327e-01,3.6584e-01,3.0152e-01,2.4763e-03,3.9015e-01,-4.8562e-01,-1.2068e-01,6.1423e-02,1.8416e-01,-2.4316e-02,-3.3704e-02,5.2205e-03,1.3115e-01,2.3403e-01,1.5199e-01,-7.7106e-02,1.3914e-01,6.7289e-02,-9.5423e-02,-5.2645e-02,5.1464e-01,-2.0904e-02,1.7979e-01,2.1079e-01
-1.3124e-01,-3.3566e-02,1.3556e-01,-1.2925e-01,8.8200e-03,2.0701e-01,2.7726e-01,2.4352e-01,-7.5295e-02,1.0683e-01,5.9119e-02,1.2427e-01,-3.6918e-02,-4.0094e-02,-6.6675e-03,1.0505e-01,4.6872e-02,5.9982e-02,-1.5410e-01,3.7362e-02,3.0024e-02,-5.4078e-02,-1.8220e-01,-2.3888e-01,-1.5163e-01,-6.9701e-02,1.8971e-01,-3.5258e-01,-2.9637e-01,-2.4390e-01,-8.0858e-02,1.5015e-02,3.6507e-01,1.8349e-01,-3.1264e-03,-1.4127e-01,-1.6026e-01,-7.9621e-02,-3.6412e-01,4.4942e-02,6.0375e-02,1.0383e-01,6.7488e-02,-7.1894e-02,-1.1899e-01,-1.8520e-01,8.1166e-02,-1.5245e-01,-3.3141e-02,7.4867e-02,1.0852e-01,2.6369e-01,-5.2010e-02,9.7118e-02,1.3803e-01,5.0789e-02,1.7470e-01,1.6251e-01,-8.0332e-02,1.3924e-01,2.3429e-01,2.2059e-01,2.9062e-02,-7.8251e-02,-1.1290e-01,-5.9078e-01,-2.4259e-01,-3.1084e-01,2.6363e-03,7.1617e-02,-1.2405e-03,9.2404e-02,-1.7171e-01,-1.4856e-01,-4.0092e-01,2.0096e-01,-1.6639e-01,-5.1778e-01,-3.9668e-02,5.7840e-01,2.6471e-01,4.7104e-01,-3.8735e-01,5.6186e-02,3.4770e-01,1.8873e-01,2.8263e-01,3.8548e-02,-2.3517e-02,1.2529e-01,1.4471e-01,-2.5916e-01,-4.0884e-03,2.2130e-02,1.4620e-01,-2.3912e-01,8.4885e-02,2.6248e-01,1.4972e-01,3.2065e-01
8.2197e-03,-1.0200e-01,-1.3982e-01,-2.8495e-01,-1.5142e-01,-4.7968e-01,-2.7543e-01,-4.6406e-02,-2.5998e-01,4.4660e-02,2.9979e-01,1.8264e-01,2.1045e-02,4.2984e-02,1.8331e-01,2.2446e-01,2.4353e-01,3.6185e-01,-9.4343e-02,-2.3688e-01,-1.1893e-01,-2.7178e-02,-1.4064e-02,-3.8303e-02,-2.6132e-01,-2.5331e-02,-2.7530e-01,-2.6422e-01,-4.5694e-02,1.4828e-01,3.3633e-01,7.2640e-02,-5.8028e-02,-1.9996e-01,-4.3165e-01,-3.9373e-01,-3.2211e-01,-8.1097e-02,1.9598e-01,8.7550e-02,-4.9803e-02,5.8398e-02,1.0370e-01,-2.4750e-01,-1.7906e-01,4.6626e-02,2.0130e-02,-9.2228e-02,1.8412e-01,1.9694e-01,1.3943e-01,-2.6018e-01,-9.0593e-02,3.8580e-01,1.9418e-01,1.6262e-01,1.7140e-01,-1.2589e-01,3.2823e-01,1.8895e-01,-1.2712e-01,1.1192e-01,1.1280e-01,2.4741e-01,-2.1375e-02,3.6212e-02,-1.6786e-01,-5.5264e-02,-8.3121e-01,-4.0768e-01,1.1045e-01,1.7337e-01,2.3381e-01,-3.3556e-01,4.8929e-02,-1.5306e-01,-1.7817e-01,5.2515e-03,-4.5375e-01,-2.8528e-02,-4.3422e-01,4.4791e-01,7.4307e-01,-8.3901e-02,-1.0646e-01,1.5321e-01,1.5705e-01,2.6483e-01,2.0297e-01,-3.8003e-01,-2.7611e-01,5.4041e-01,1.5383e-01,-4.8429e-02,1.5920e-01,1.4536e-01,-6.4077e-01,1.6650e-01,3.0714e-01,-2.8256e-02
6.4379e-01,1.3893e-01,-4.6890e-02,2.8946e-02,-1.2475e-01,-1.6190e-01,-4.8302e-01,-5.5702e-02,2.6613e-01,-2.6420e-02,-1.7719e-01,2.7108e-01,4.0323e-01,1.2717e-01,2.4940e-02,2.7700e-02,8.7366e-02,1.0042e-01,-3.4485e-02,5.4570e-02,-7.7663e-02,-1.2163e-01,1.4331e-03,-3.1899e-01,3.3564e-02,-9.2905e-02,-1.7866e-01,-1.2357e-01,2.4347e-01,1.4365e-01,-2.5386e-01,-1.8264e-01,-3.4434e-01,-1.6050e-01,-2.1102e-01,3.7585e-02,7.0386e-02,-4.8305e-02,-1.2354e-01,-1.6315e-01,2.6280e-01,4.9790e-02,8.5290e-02,1.2619e-01,1.2908e-01,1.7370e-01,9.5909e-02,5.1669e-01,2.7387e-01,2.4724e-01,8.5613e-02,4.0155e-01,3.9264e-01,-7.4364e-02,4.8886e-02,5.7477e-02,1.4988e-01,-1.8945e-01,7.3597e-02,1.5595e-01,-3.9717e-02,-1.3700e-01,-3.3260e-01,-1.7469e-01,-1.2218e-01,5.6563e-02,9.5128e-02,-1.6318e-01,2.8885e-01,-1.5998e-01,-4.9151e-01,-1.5234e-01,4.2199e-01,1.8956e-01,-1.3329e-01,-5.1738e-02,1.5687e-01,3.5333e-01,9.1098e-02,-5.0968e-01,-6.2831e-02,-2.7037e-01,-4.4286e-02,5.8607e-02,-3.3402e-02,6.9618e-04,-1.8685e-01,-3.0509e-01,-7.4431e-02,2.3507e-01,2.8818e-01,-3.0967e-02,1.0680e-01,1.1443e-01,3.8110e-02,5.7564e-02,6.2469e-02,-4.7537e-01,-5.6759e-01,-2.4438e-01
-3.4660e-01,2.5137e-01,4.1679e-01,6.3410e-01,8.2309e-01,4.5438e-01,3.0265e-01,-1.6021e-01,2.0441e-01,1.5046e-01,-2.3600e-01,1.6698e-01,-1.0057e-01,3.6538e-01,6.1135e-02,-3.4525e-01,2.4571e-04,7.6048e-02,3.7195e-01,-1.2677e-01,4.1584e-02,4.9013e-02,2.0147e-01,4.1390e-01,-5.3213e-02,-1.5907e-01,-7.8710e-02,1.5140e-01,-4.0644e-01,-3.0456e-01,-3.1933e-01,-1.2706e-01,-3.4500e-01,-1.0470e-01,-9.0306e-02,9.5068e-02,-2.0738e-01,-1.9523e-01,-4.3112e-01,-1.2800e-01,1.9866e-01,2.3655e-02,7.4564e-03,-7.5479e-02,8.3710e-02,6.7248e-01,-6.0418e-02,-2.8363e-01,-3.3176e-01,-2.0734e-01,1.6916e-01,2.0525e-01,1.0978e-01,-3.5690e-01,-2.4202e-01,1.3011e-01,2.7609e-02,2.3132e-01,-1.7177e-01,-1.3831e-01,6.2534e-02,5.6279e-02,1.6784e-01,3.3728e-02,4.8134e-02,-7.5207e-02,-7.7876e-02,1.2600e-01,-1.5994e-01,3.6109e-01,-1.4150e-01,-4.2187e-01,-1.8442e-01,1.8096e-01,-1.0790e-01,-2.7174e-01,1.7188e-01,-5.3967e-02,2.3778e-01,-9.3943e-02,-1.5986e-01,3.5358e-01,-1.4331e-01,-3.1065e-01,-4.3952e-01,-1.6849e-01,2.9696e-02,8.3869e-03,2.5411e-02,2.8482e-01,3.9741e-02,-8.7091e-02,-1.6218e-01,2.3987e-01,-2.9690e-01,-1.6876e-01,7.9779e-02,2.0025e-01,-3.1703e-01,-2.9741e-01
-2.1902e-01,-6.6460e-02,-3.1702e-01,9.0540e-02,6.0070e-02,8.9554e-02,5.7439e-01,2.8296e-01,1.6751e-01,7.8340e-02,1.5054e-03,-8.3281e-03,-3.2385e-02,-1.7191e-01,2.3525e-01,2.9261e-01,6.6054e-02,-2.3370e-01,3.1865e-01,2.6102e-01,2.4614e-01,6.6899e-02,-1.7803e-01,3.5220e-01,2.3800e-01,2.4345e-01,1.9863e-01,4.3358e-02,-2.6966e-01,-3.0160e-01,-1.7179e-01,-1.8792e-01,-1.1480e-01,-3.4492e-01,-3.2058e-01,-1.2945e-01,5.4662e-02,2.3643e-02,-6.2134e-02,1.4768e-01,-1.1522e-01,-1.7645e-01,-1.3650e-01,2.4924e-01,-3.1815e-02,-3.6389e-01,1.5339e-01,1.7756e-01,1.7442e-01,-6.8578e-03,1.9546e-01,8.9072e-02,-2.3105e-02,1.9803e-01,4.0534e-02,-2.3979e-01,3.5844e-01,1.5515e-01,1.8791e-01,1.3402e-02,-1.0788e-01,1.2769e-01,-5.8783e-02,1.6472e-01,1.7805e-01,-1.0832e-01,1.3412e-01,-1.2415e-02,1.6746e-02,-1.5695e-01,3.1223e-01,-3.0581e-01,-2.3779e-01,-1.0365e-01,1.7979e-01,-1.1575e-01,-2.2818e-01,1.6671e-02,-1.0572e-02,3.2657e-01,1.2372e-01,-2.3982e-01,9.7026e-03,4.2639e-01,1.7816e-01,3.0418e-01,2.8970e-01,3.2438e-01,2.4707e-01,1.2629e-01,1.3794e-01,2.8011e-01,1.1039e-01,3.8828e-02,1.5644e-01,3.9599e-01,4.2598e-01,2.3163e-01,4.5135e-01,1.4472e-01
-2.0582e-01,-2.1147e-03,-7.7946e-02,-3.2928e-01,-2.9945e-01,7.0607e-02,-1.6879e-01,4.2692e-01,6.3571e-02,3.3911e-01,5.4383e-01,-2.5806e-01,1.9312e-01,-2.4913e-01,1.2427e-01,3.5750e-01,2.4151e-01,-2.3452e-01,-5.7990e-01,-3.8109e-02,4.0385e-02,1.3798e-01,-1.9264e-01,-1.1597e-01,-2.7437e-01,-3.7403e-01,1.2548e-01,1.3513e-01,1.5598e-01,1.7069e-01,2.0873e-01,1.2310e-01,1.4636e-01,3.2562e-01,3.3356e-01,-1.7815e-01,-3.8198e-02,3.2453e-01,2.8829e-01,-1.5112e-02,-3.9707e-01,-2.5105e-02,-1.9412e-01,3.2472e-02,-3.2511e-02,-3.3381e-01,-7.6073e-02,1.9403e-01,2.2094e-01,1.3684e-02,2.3658e-02,-2.6376e-01,6.2806e-02,3.1329e-01,2.8438e-01,2.0053e-01,-2.4730e-01,1.8154e-01,2.6257e-01,2.7170e-01,1.7145e-01,-1.7139e-01,4.0219e-02,1.1413e-02,4.2143e-02,1.9726e-01,-1.7543e-01,3.3891e-02,1.0036e-02,-9.1369e-02,-1.5559e-01,2.3124e-01,-3.9095e-01,-1.0568e-01,-1.2119e-01,2.7838e-01,-2.4019e-02,-3.7645e-01,1.9875e-01,3.3859e-01,3.0547e-01,-2.1912e-01,-1.5504e-01,2.4371e-01,3.5570e-01,2.5076e-01,2.0515e-01,2.1512e-01,2.3103e-01,2.2899e-01,2.1524e-01,2.3635e-01,3.9378e-01,1.5853e-01,2.9348e-01,3.9007e-01,2.2830e-01,2.0028e-01,6.0082e-01,5.3504e-01
3.3746e-01,3.2096e-02,2.2220e-01,-1.4566e-01,-7.0596e-01,-1.0229e-01,5.1652e-02,-2.4069e-01,4.0830e-02,-2.1840e-01,2.9301e-01,6.8738e-02,1.2511e-01,4.1221e-02,-1.1188e-01,-2.9284e-02,-2.7870e-01,4.9247e-01,-6.2655e-02,-1.8427e-01,-3.4079e-01,-1.9226e-01,-1.1130e-02,-4.0982e-01,1.0039e-01,-3.0973e-01,-1.7250e-01,-4.4344e-01,1.4145e-01,1.1601e-01,-1.0621e-01,-1.0012e-01,8.0396e-02,3.8537e-02,8.6054e-02,-1.5150e-01,-2.1476e-01,5.9580e-02,1.3797e-01,-1.8697e-01,-3.3830e-01,-5.9842e-02,2.9512e-01,-1.4495e-01,2.0957e-01,-8.5818e-02,-2.9489e-01,-1.2272e-01,3.1359e-03,8.2372e-02,8.8851e-02,3.7840e-02,7.1033e-02,1.8541e-01,2.8615e-01,2.5476e-01,1.1595e-01,-1.4927e-01,-1.8721e-01,1.4081e-01,1.7151e-01,8.2806e-02,1.3267e-02,-3.2704e-01,-3.1633e-01,-4.8558e-01,-2.4076e-01,-3.9003e-01,-1.3865e-01,-1.2875e-01,-2.8018e-01,-5.4023e-02,2.6186e-01,-3.3244e-01,-1.9214e-01,2.8415e-02,3.1078e-01,-1.0581e-01,-5.6300e-01,1.1371e-01,8.5665e-02,3.7265e-01,4.2296e-01,2.1035e-01,4.8587e-01,1.0307e-01,-1.1595e-01,-6.7563e-02,-3.7904e-02,-1.7330e-01,7.6967e-03,4.5706e-02,3.1814e-02,-1.0732e-01,4.0276e-02,-2.2218e-01,-2.4645e-02,-1.4836e-01,-3.2000e-01,-1.6782e-01
4.2848e-01,-3.5096e-01,1.6612e-01,4.5258e-02,2.9209e-01,-9.0939e-02,-1.0548e-01,4.8927e-02,5.9189e-02,9.5125e-02,2.7005e-02,3.3581e-01,1.6406e-01,3.8021e-01,3.3511e-02,-2.6109e-01,6.7753e-02,1.7630e-01,1.8125e-01,1.0987e-02,1.1531e-01,3.1780e-03,6.5421e-02,-3.2265e-01,2.2737e-01,5.2929e-01,-5.5583e-02,-1.1380e-01,-2.7869e-01,-2.2536e-01,-4.7388e-02,2.4866e-03,6.0559e-03,-3.0682e-01,-5.6971e-01,-1.8026e-01,2.6760e-01,-4.6787e-01,1.2990e-01,2.8940e-01,4.9036e-01,4.7054e-01,6.9015e-02,2.1190e-02,-4.3440e-02,3.1246e-01,1.3538e-01,-1.5236e-01,7.1541e-02,8.9913e-02,-6.3033e-03,1.2765e-01,1.6979e-01,-4.7820e-03,2.7096e-04,-2.4119e-01,-3.3766e-01,-2.3059e-01,-7.9638e-02,-4.3356e-01,2.2242e-01,1.8415e-01,1.4999e-02,1.0401e-01,3.5476e-02,1.1398e-01,1.4147e-01,-1.5775e-01,-2.1025e-01,-7.8674e-02,8.7322e-02,-9.0248e-02,1.8574e-01,1.2921e-02,-1.0962e-01,-2.7081e-01,-3.3153e-02,2.9066e-01,-1.8069e-01,-6.1772e-01,9.0951e-02,-9.2220e-02,-1.5761e-01,-2.6656e-02,-4.9320e-01,-1.5572e-01,1.4666e-01,1.4651e-01,8.2479e-02,6.8734e-02,-3.7552e-02,-8.6256e-02,1.4860e-01,6.9241e-02,-2.7721e-01,-1.8261e-01,-5.3598e-01,-3.5908e-01,-5.7943e-01,-2.9665e-01
-2.9263e-01,7.8289e-02,1.9950e-02,1.4350e-01,2.8776e-01,1.8930e-01,6.6062e-02,-5.9201e-03,-2.2316e-02,2.0182e-01,-3.5416e-01,5.8037e-02,1.2140e-01,3.3123e-01,1.1968e-01,1.7889e-01,1.1267e-01,-9.9036e-02,1.1376e-01,-2.1072e-02,6.0813e-02,-3.4407e-01,5.2470e-01,1.9128e-01,-4.7862e-01,-5.3536e-01,-2.3002e-01,3.2866e-01,2.1497e-01,-2.2162e-01,-2.3355e-01,-3.2009e-01,-1.7040e-01,-3.7594e-01,2.5019e-01,4.9489e-01,1.1432e-01,1.0393e-01,-5.4498e-01,-1.8763e-01,3.1284e-01,-2.7698e-01,-1.5368e-01,1.0857e-01,-9.2100e-02,-1.3281e-01,3.3781e-01,1.6323e-01,5.0045e-02,5.2129e-02,1.2941e-02,5.8866e-02,-7.9476e-02,-1.2396e-01,1.0234e-01,1.2713e-01,3.0946e-01,1.9909e-01,1.6026e-01,1.7945e-01,-4.1435e-01,6.7574e-02,3.2730e-02,-2.0455e-03,1.5598e-01,5.7931e-02,2.0794e-01,1.1538e-01,-7.6954e-02,1.0583e-01,9.5570e-02,3.7693e-02,-4.4368e-02,7.8741e-03,4.8472e-02,-2.8014e-01,-1.2935e-01,9.4195e-02,3.8297e-01,7.4571e-03,-3.4553e-01,2.5062e-01,1.6732e-01,-2.9363e-01,-3.7124e-02,-9.6107e-02,8.1738e-02,1.5784e-01,8.1198e-02,-4.5685e-02,4.4263e-02,1.2092e-01,8.8418e-02,1.9111e-01,1.9828e-01,1.9754e-01,1.5811e-01,1.9703e-01,7.6879e-02,-2.6719e-01
-2.6545e-01,2.3070e-01,-5.2671e-02,1.7638e-01,1.6271e-01,-7.4142e-02,-1.1687e-02,6.3767e-02,1.4519e-01,3.8043e-02,2.7798e-01,-8.2922e-02,-1.1863e-01,5.1019e-03,8.1172e-03,7.5227e-02,6.7739e-02,-8.3115e-02,9.7479e-02,2.3912e-01,2.6283e-01,5.0157e-01,-4.0685e-01,8.5268e-01,-3.9636e-02,4.8293e-02,2.6070e-01,-1.2106e-03,-2.6595e-01,6.8175e-02,-5.6444e-02,-1.0862e-01,-5.3438e-01,8.6825e-02,1.1931e-01,-5.2959e-02,-3.0747e-01,-2.0849e-01,-1.3610e-01,-3.7541e-01,-7.6157e-02,-2.0064e-01,-8.5984e-02,8.0712e-02,-1.0617e-01,9.8060e-03,-1.1078e-01,1.6071e-01,-6.6619e-02,1.1788e-02,1.3856e-01,2.5709e-01,-3.8205e-02,8.6988e-02,-2.2836e-01,1.6679e-01,2.5041e-01,2.3053e-01,8.1448e-02,2.1841e-01,-5.1729e-02,-4.0178e-01,5.3060e-02,6.9672e-02,-1.8459e-02,1.5077e-01,6.9974e-02,1.2099e-01,-1.6446e-02,3.8756e-02,-2.8638e-01,-2.3566e-01,-4.2337e-01,6.1819e-02,2.3573e-01,2.0199e-01,-2.0643e-01,-1.1052e-01,2.0196e-01,3.3703e-01,7.4404e-02,-2.4968e-01,3.8550e-01,1.9430e-01,1.1129e-01,3.1980e-01,-2.1596e-02,6.6859e-02,2.0034e-01,3.7384e-01,2.0711e-01,1.4977e-01,-1.6097e-01,1.1730e-01,2.2606e-01,2.3666e-01,1.8741e-01,1.6081e-01,4.9865e-01,1.4135e-01
-1.2738e-01,-1.5697e-01,-3.3816e-01,1.4607e-01,1.3794e-01,2.1264e-01,1.4443e-01,5.6022e-02,-7.2903e-02,-2.0472e-01,-8.2539e-02,-8.9316e-02,-3.4028e-01,-5.5679e-01,-5.9099e-02,4.5349e-02,-2.8091e-01,1.8900e-02,-2.0155e-01,-3.0492e-01,-3.7649e-01,-3.1488e-01,-3.5376e-01,-3.6671e-01,-3.4918e-02,1.6485e-01,-1.9936e-02,-3.3555e-01,-9.1555e-02,2.8985e-01,4.5172e-01,-9.9606e-02,1.4185e-01,5.3207e-01,-4.0375e-01,-1.4995e-01,-7.1294e-02,1.9689e-01,1.3318e-01,1.6553e-01,-5.0652e-01,-4.1145e-03,6.6790e-02,8.6560e-02,4.6057e-02,1.1626e-01,-1.7230e-02,1.3331e-01,5.5190e-02,-2.9679e-02,4.6064e-02,-2.5484e-03,1.3711e-01,-4.7226e-02,-2.1832e-02,-1.2129e-01,-1.5082e-01,-1.2434e-01,-1.8335e-01,-3.4249e-02,-5.5239e-02,-4.1687e-04,-4.3370e-01,8.2179e-02,-6.7474e-02,-3.5889e-01,-2.0988e-01,-1.1246e-02,2.3944e-01,-1.5217e-01,1.6357e-01,1.0159e-01,-1.8100e-01,-2.3850e-01,-7.5775e-02,5.9937e-02,1.4751e-01,-3.0118e-01,1.3447e-01,1.9732e-01,2.4106e-01,1.6022e-01,-3.4611e-01,4.0263e-01,6.7077e-02,2.4558e-02,5.6063e-02,-1.8483e-01,1.5515e-01,1.9453e-01,1.8377e-01,1.8591e-01,2.1975e-01,1.3560e-01,6.2055e-02,-2.1907e-02,9.6318e-02,-3.6951e-02,2.3846e-03,2.8257e-01
3.5751e-01,1.7206e-01,-2.8881e-01,-3.9319e-01,-6.3134e-02,4.1467e-02,7.3090e-02,-2.1698e-01,-8.6749e-02,-8.9034e-02,-6.5501e-02,-2.2416e-01,1.7209e-01,-8.0279e-02,2.3235e-01,-1.3858e-01,2.5974e-01,-5.2051e-02,-2.9735e-01,1.8737e-01,2.9942e-01,3.0864e-01,1.8070e-01,-5.5359e-01,1.0199e-01,6.7674e-02,5.5048e-02,2.5391e-01,2.7520e-01,-1.8608e-01,-1.7037e-01,7.0092e-01,3.2148e-01,-1.2424e-01,1.3687e-01,-2.4325e-01,-5.4120e-02,1.6308e-01,6.9413e-02,4.7192e-02,1.4433e-01,-7.4670e-02,9.6720e-02,7.4625e-02,1.0793e-01,2.5002e-02,-1.1191e-01,5.5134e-02,6.9643e-02,1.9672e-01,-7.8233e-02,-2.6737e-01,1.2210e-01,-6.1241e-04,-1.7362e-01,-1.7954e-01,-1.2667e-01,-5.4555e-02,-4.7417e-02,-1.5004e-01,1.9830e-01,1.0925e-01,2.7001e-01,-5.2048e-01,6.0006e-02,7.7673e-02,-2.3396e-01,-2.0582e-01,1.2202e-01,6.0257e-02,6.5743e-02,1.1602e-01,1.6074e-01,6.5451e-02,-3.2857e-01,-2.5358e-01,3.0138e-01,1.7118e-01,-5.0976e-01,5.3543e-02,1.1801e-01,1.8966e-01,2.2571e-02,-7.6006e-02,3.6070e-01,2.9586e-01,2.6435e-01,2.8175e-01,-2.6564e-02,1.1474e-01,1.7625e-01,-1.4903e-01,9.6651e-02,1.4573e-01,7.0692e-02,1.3315e-02,1.3029e-01,-2.6251e-02,-2.8428e-01,1.9644e-01
9.7585e-02,-6.3148e-02,6.1796e-01,-1.6761e-01,-3.8914e-01,-1.2301e-01,-8.9346e-02,-6.1149e-02,-5.5161e-02,2.2354e-01,1.1963e-02,2.6479e-01,3.9944e-02,2.4330e-01,-1.1564e-01,-4.6386e-02,1.3479e-02,3.4025e-01,1.7254e-01,7.3219e-02,-1.3668e-01,-1.8212e-01,9.7985e-02,4.6157e-02,3.1319e-01,6.4168e-02,-3.0423e-01,-4.8141e-01,-3.1148e-01,-1.8726e-01,1.0006e-01,-1.0817e-01,2.1718e-01,-4.3505e-01,1.5054e-01,2.1065e-01,1.1648e-01,-1.3901e-01,-5.5088e-03,1.7993e-01,2.3481e-01,3.1780e-01,-1.1071e-03,8.9235e-03,9.3866e-02,-1.4123e-01,9.4675e-02,-1.3179e-01,-1.4516e-02,1.7412e-01,2.0469e-02,-8.1202e-02,-2.0700e-01,-1.9957e-01,2.8674e-02,8.2286e-02,2.8210e-02,2.1100e-02,7.0318e-02,-2.2093e-02,-9.7381e-02,1.8974e-01,9.0167e-02,1.4902e-01,-2.5813e-01,2.3035e-01,1.6114e-01,-8.1556e-02,-2.2807e-01,-6.8877e-02,-3.2174e-02,-7.4237e-03,2.1742e-01,1.7189e-01,5.8485e-02,7.9682e-02,-3.5402e-01,4.0362e-01,1.5060e-01,-2.8507e-01,-1.3824e-01,3.9972e-02,1.7746e-01,-2.2702e-01,-1.0850e-01,5.4303e-02,1.8022e-01,4.2835e-01,3.7521e-02,-1.2871e-01,3.5594e-02,4.0137e-02,8.3136e-03,-2.7955e-01,5.7727e-03,-4.6669e-02,6.1687e-02,3.2061e-02,1.6409e-01,-2.1488e-01
-1.1683e-01,5.1069e-02,4.6177e-01,5.1765e-01,-3.9853e-01,2.8310e-02,7.4862e-02,2.6660e-01,-2.4767e-02,-9.8711e-03,-1.7365e-01,-1.4370e-01,-2.8760e-02,2.6769e-01,-3.1748e-01,-1.7596e-01,-9.9336e-02,-2.3912e-02,4.7244e-01,-1.0857e-01,-1.7985e-02,-1.1204e-01,6.0853e-02,2.5142e-01,-1.9523e-01,-8.7617e-02,-1.0284e-01,3.6250e-01,2.4084e-01,2.6028e-01,-7.0303e-02,-1.1305e-01,-7.1938e-02,8.3720e-02,8.8038e-02,1.7789e-01,4.3157e-02,-9.1399e-02,1.1133e-01,-5.4131e-02,5.1430e-02,3.9943e-02,4.9278e-02,-1.1250e-01,-8.7892e-02,-2.2530e-01,1.0966e-01,-1.9666e-01,-7.5622e-02,-3.1661e-02,-1.7218e-02,1.7227e-02,-3.1727e-01,-1.5204e-01,8.0439e-03,1.0607e-01,7.9859e-02,6.7684e-03,5.0925e-02,6.8348e-02,-9.4755e-02,-1.1552e-01,3.8679e-02,1.1459e-01,-1.4460e-01,-2.5467e-01,5.5916e-02,-1.2979e-01,-3.2835e-01,4.6036e-02,-1.5035e-01,-4.9872e-02,-1.3090e-01,2.8821e-01,1.1607e-01,1.5775e-01,-2.6549e-01,-9.2053e-02,5.7738e-02,-1.7530e-01,-2.4188e-02,-1.0240e-01,1.3889e-01,-6.8312e-02,-1.1015e-01,-3.9780e-01,1.1771e-01,-2.4282e-01,-1.0622e-01,-5.0811e-02,-2.8772e-01,-5.3520e-02,1.0084e-02,-5.2289e-02,-2.2949e-01,1.8817e-03,1.6514e-01,1.8037e-01,-2.3186e-02,3.0896e-02
-2.5882e-01,-2.6257e-01,-3.9949e-01,-2.3664e-01,6.4827e-01,-7.1247e-02,1.1523e-01,2.1377e-01,9.1575e-02,-1.2041e-01,2.7350e-01,-1.9373e-01,-9.5378e-02,2.0402e-01,-1.1512e-01,-2.1271e-02,-1.9948e-01,-8.7691e-02,2.5963e-02,-3.2957e-02,9.6845e-02,-1.7920e-01,-3.1457e-02,2.0970e-01,-3.4431e-01,-4.8416e-01,3.0628e-01,1.7850e-01,7.6691e-02,3.1379e-01,2.5858e-01,3.7529e-02,-2.0216e-02,4.6874e-01,-3.6208e-03,-2.9873e-01,1.4001e-01,-1.1506e-02,8.2926e-02,3.0539e-02,-4.4499e-02,2.3850e-02,7.7904e-03,-1.8926e-01,-4.5820e-01,5.5646e-02,-1.8032e-01,-1.2947e-01,-1.6347e-01,-3.3587e-01,8.1015e-02,2.1430e-01,-4.4236e-02,1.5877e-01,-8.0906e-02,-1.2444e-01,-9.3953e-03,-4.2196e-02,-4.1310e-02,5.1742e-02,4.1538e-02,-1.0561e-01,-1.0430e-01,1.9083e-01,2.0960e-01,-6.7276e-02,6.7345e-02,3.0347e-01,2.6109e-02,9.5825e-02,2.1126e-01,1.2266e-01,-8.9695e-02,-1.9344e-01,2.7501e-01,7.3289e-02,1.8733e-01,-2.6914e-01,1.3891e-01,-9.0311e-02,1.7611e-01,1.3545e-01,-6.6275e-02,3.9111e-01,2.8531e-01,5.2439e-02,-5.1146e-01,-6.7738e-02,2.7687e-01,1.6616e-01,-4.6249e-02,3.2320e-01,9.4033e-02,1.1267e-01,1.4125e-01,8.8086e-02,-2.9134e-01,1.1435e-01,1.5917e-01,-2.5192e-02
4.2104e-01,1.9161e-01,-4.2990e-01,-2.1708e-01,-2.2448e-01,-1.4110e-01,-6.1239e-01,-1.4715e-01,-1.1464e-01,8.8964e-03,-1.3530e-01,5.8119e-01,4.9475e-02,-2.6078e-01,-7.1080e-02,1.6461e-01,6.9661e-02,-4.8436e-01,-2.6282e-01,1.3671e-01,-5.6889e-02,-3.7737e-02,-3.1975e-02,-1.3129e-01,7.4815e-02,1.9166e-01,1.8339e-01,-2.2597e-01,-1.9529e-01,6.2500e-03,-6.6499e-02,-1.1625e-02,1.3609e-01,-2.0279e-01,2.0967e-01,8.7024e-02,2.6463e-01,1.3095e-01,1.2130e-02,8.6148e-02,-5.3209e-02,-2.2292e-01,-2.6236e-01,-3.2701e-01,2.4952e-01,1.9375e-01,-1.8148e-02,1.6694e-01,-2.1311e-01,-2.2113e-01,5.5151e-04,7.6546e-03,1.9162e-01,3.4596e-01,6.6038e-02,-1.3420e-01,-2.7915e-01,-1.9851e-01,-1.2418e-01,3.5704e-02,1.6097e-01,1.7008e-01,6.4881e-02,6.3101e-02,3.1689e-01,1.7271e-01,-6.3217e-02,1.3562e-01,3.1278e-01,7.9251e-02,1.8985e-01,2.5108e-01,1.8716e-01,-2.0680e-01,-2.1974e-01,2.4314e-01,1.5682e-01,-4.4708e-02,-1.3313e-01,6.2749e-01,8.5735e-02,4.8889e-02,1.9285e-01,-1.4535e-02,-4.7151e-02,1.8832e-01,8.7067e-02,-2.2731e-02,-2.4736e-01,2.9492e-01,2.8391e-01,-2.1857e-01,-9.1525e-02,1.6222e-01,1.7001e-01,5.0841e-02,-1.3648e-02,-1.6395e-01,-2.4274e-01,1.3229e-01
9.5726e-02,1.4490e-02,7.6982e-03,-4.2757e-02,-4.6273e-02,4.6421e-02,3.5669e-03,-5.5164e-01,-1.5432e-01,-2.8072e-01,-5.4575e-02,-1.9552e-01,-2.5805e-01,-5.0421e-01,-3.0985e-02,-1.2086e-01,-2.3953e-02,-1.5656e-01,9.4523e-03,-1.8023e-01,-9.0968e-02,4.3203e-01,1.6749e-01,-1.8900e-01,3.6389e-01,4.1338e-01,2.6744e-02,1.4438e-01,-4.0050e-04,-4.0837e-01,4.6226e-02,1.1571e-01,-9.8937e-02,1.5907e-01,-1.6677e-01,9.1460e-02,1.5030e-02,3.6301e-01,5.8068e-02,1.8096e-01,-1.1286e-01,-2.5418e-03,-2.7730e-02,4.1976e-01,7.4278e-02,-3.2852e-02,-2.4662e-01,1.1120e-01,1.6216e-01,-1.3460e-01,-3.3824e-01,-5.2350e-01,-2.1270e-01,-2.3219e-01,2.7366e-02,-6.5271e-03,6.3624e-02,-6.9347e-03,-2.8610e-01,-3.7753e-01,-1.5236e-01,-2.7448e-02,-1.2428e-02,-8.7465e-03,7.3185e-02,1.9160e-01,5.5660e-02,-1.7314e-01,7.7773e-02,5.5721e-02,-2.4329e-01,1.5423e-01,2.7369e-01,2.0768e-01,-2.2267e-01,-2.2065e-01,2.5700e-01,3.5158e-01,-1.4390e-01,-1.5611e-01,-1.5794e-02,3.9658e-03,-2.0157e-01,-1.0323e-01,-1.0935e-01,8.6386e-02,1.2706e-01,2.2995e-02,8.0143e-02,-4.1123e-01,9.8082e-02,-1.2436e-02,1.0046e-02,-1.7284e-02,1.4541e-01,2.1772e-02,7.0466e-03,-1.0283e-01,-2.8956e-01,-1.5957e-01
1.9338e-02,1.7603e-01,4.3722e-01,5.9821e-02,-6.3947e-02,-3.3354e-02,1.2688e-01,-2.2211e-01,-2.9418e-01,1.9427e-01,-5.6347e-01,-2.6448e-01,4.3393e-02,-7.2334e-02,-6.1256e-03,-2.6289e-01,8.3418e-02,4.3814e-01,-1.1320e-01,7.0476e-02,1.9809e-01,1.3352e-01,-2.8201e-01,9.8947e-03,5.3712e-02,5.7242e-02,2.1337e-01,2.6115e-01,7.9594e-01,6.3649e-02,1.7259e-01,2.7071e-01,3.2540e-02,-1.1675e-01,-3.2864e-01,2.0274e-01,-2.6540e-01,-7.1011e-02,-5.5204e-02,-1.5679e-01,4.7848e-01,3.5034e-01,2.7209e-01,6.4234e-02,-2.0655e-01,-2.0535e-01,-1.6938e-03,-1.5359e-01,1.4566e-01,4.7819e-01,-1.0026e-01,-3.0307e-01,-1.9789e-01,-4.8385e-01,-3.0667e-01,-1.3604e-01,-1.6002e-01,-5.4550e-02,-5.2102e-02,-1.5751e-01,-1.6567e-01,-1.8881e-01,-2.6587e-01,-1.9902e-01,-1.0208e-01,-5.7587e-04,9.9223e-02,-4.9965e-02,1.0195e-01,2.2004e-01,8.7109e-02,-2.0603e-01,1.0171e-01,1.8840e-01,2.1428e-01,-7.6792e-02,-2.0996e-01,3.8644e-01,5.6776e-01,-9.9743e-02,-2.9013e-01,-1.6553e-02,1.8331e-02,-1.5682e-01,-2.7277e-01,-5.7350e-02,9.1177e-02,-4.8381e-02,8.1162e-02,3.3138e-03,7.3307e-02,1.2953e-01,1.5953e-01,-7.3949e-02,-3.5736e-01,-1.3963e-01,-3.2334e-02,1.4612e-01,1.6588e-01,-6.3535e-02
1.3307e-02,1.0505e-01,-5.4450e-03,2.2072e-01,-1.1155e-01,-8.3299e-02,-1.8025e-01,1.7280e-01,1.1793e-01,-1.8652e-01,-1.6277e-01,-4.4440e-01,2.0313e-01,1.7151e-01,7.1934e-02,1.1578e-02,6.5729e-02,2.4160e-01,-6.6036e-03,-1.0172e-01,-1.6379e-01,-3.7537e-01,1.3061e-01,1.2757e-01,-9.5508e-03,2.3484e-02,-8.4111e-02,-2.1951e-01,-1.2346e-01,6.4166e-01,-1.9978e-01,1.8150e-01,3.8275e-02,-4.9751e-03,2.3267e-01,-5.3221e-02,2.7341e-02,-1.3528e-01,-8.9165e-02,-3.2125e-01,-1.0293e-01,4.5834e-02,-2.5072e-01,-4.2529e-02,-2.5222e-02,-1.8649e-01,6.9295e-02,-1.3434e-01,-9.4692e-02,-1.8953e-01,7.4413e-02,3.7832e-01,1.8172e-01,-3.3393e-01,-2.2969e-01,-6.5045e-02,4.8065e-02,9.3516e-02,1.6402e-01,9.7936e-02,2.2153e-02,3.4741e-02,2.1731e-02,-2.6722e-02,-9.8027e-02,-1.1687e-01,-1.0169e-01,5.0968e-02,-1.8734e-01,3.1036e-02,3.0569e-01,-1.4211e-01,-4.5435e-02,9.7921e-02,3.2545e-01,2.9023e-01,1.9841e-01,-1.5141e-01,3.8486e-01,1.3722e-01,-8.0489e-02,1.6725e-02,-1.7190e-02,6.0374e-02,-1.6758e-01,-2.5480e-01,6.7319e-02,2.3776e-01,5.3541e-02,1.5411e-02,-1.8399e-01,1.0220e-01,-2.3069e-01,1.3099e-02,1.3491e-02,3.0580e-02,-1.3844e-01,1.5397e-01,1.8805e-01,1.6978e-01
-1.9969e-01,-1.9911e-01,-3.2367e-01,-1.2047e-02,1.1445e-01,-1.8013e-01,3.8343e-01,1.8494e-01,-1.5616e-01,-1.7161e-01,8.9628e-02,-2.2586e-02,-1.9688e-01,9.3389e-02,-2.9436e-02,-2.8608e-02,-2.7326e-01,-4.8305e-01,1.9817e-03,-2.2677e-01,-5.3360e-02,1.7047e-01,4.3301e-01,4.2985e-01,-2.1366e-01,2.4776e-02,-2.7816e-01,-7.4953e-02,-4.2173e-01,6.8554e-02,2.5438e-01,1.1127e-01,-1.5964e-01,9.7955e-02,4.0353e-01,-1.4066e-01,1.0772e-01,-1.7706e-01,2.3748e-01,2.5649e-01,-3.0612e-01,-2.9497e-01,7.3002e-02,-1.4593e-01,1.2588e-01,1.2455e-01,-2.3162e-01,-2.0634e-01,-1.2112e-01,-2.5662e-01,1.9471e-03,1.2624e-02,1.9524e-02,2.6730e-01,-1.4730e-02,2.8530e-02,-3.0886e-01,3.3897e-03,-2.6163e-03,2.5497e-02,1.3731e-01,2.1319e-01,1.5233e-01,7.0705e-02,6.8288e-02,1.5493e-01,2.0199e-01,2.4416e-01,2.8684e-01,-4.3715e-02,1.6773e-01,1.0806e-01,-2.8336e-01,1.1684e-01,5.2002e-02,1.0860e-01,1.2853e-01,-1.4545e-01,-2.1827e-01,2.3576e-01,2.5034e-01,-5.0768e-02,-1.1700e-01,5.1675e-02,8.8095e-02,-2.6307e-01,-3.0062e-01,-1.6940e-01,-1.3267e-01,-6.1796e-02,-1.0228e-01,-1.6230e-01,9.4964e-02,-1.3698e-01,-1.2161e-01,1.2719e-01,1.1941e-01,-6.1828e-02,1.4649e-01,1.7037e-01
-2.7879e-01,-3.3450e-01,-3.4354e-01,-3.7389e-01,1.8297e-01,-2.1075e-01,-2.9764e-01,-3.2113e-01,-1.2060e-01,-5.1077e-03,3.7392e-02,2.1406e-01,-4.2462e-01,-1.7911e-01,-3.9696e-01,1.7900e-02,-4.2409e-01,-2.2932e-01,8.9527e-02,1.0633e-01,1.5129e-01,-7.5956e-02,-1.0935e-01,-8.7730e-02,2.3898e-01,1.3618e-01,4.7490e-01,4.4673e-01,3.0897e-01,-5.5739e-02,3.0841e-01,-3.1532e-01,5.0271e-01,3.8835e-01,4.7708e-01,3.7432e-01,2.3134e-01,1.4796e-01,-3.4351e-03,2.9697e-01,1.6509e-02,-6.2787e-02,-2.0922e-02,-4.3209e-02,1.9302e-01,8.2182e-02,-5.6711e-02,-3.6987e-02,-2.7700e-01,-1.1940e-01,-1.9586e-01,-2.4719e-01,-2.0829e-01,-3.2653e-02,-5.8119e-02,-1.1729e-01,7.0375e-02,-3.7981e-01,3.7462e-02,2.0180e-02,-7.0115e-02,-7.1094e-02,6.0667e-02,1.8458e-01,2.2506e-01,2.1104e-01,1.5660e-01,1.1862e-01,2.8789e-01,1.7731e-01,1.4494e-01,4.4805e-01,1.9165e-01,-1.1612e-01,1.8555e-01,2.1641e-01,-1.3043e-01,-3.0491e-02,-3.6341e-01,-3.3417e-03,8.6323e-02,4.5944e-01,3.3684e-02,-3.6834e-02,1.1750e-01,9.0255e-02,-2.2361e-01,-3.3397e-01,6.8167e-02,4.8203e-02,-2.9309e-01,-1.8527e-01,-2.8077e-01,-1.8462e-01,8.4121e-02,-1.9374e-01,9.5324e-02,-2.4482e-01,-4.7971e-01,-2.1481e-01
1.6076e-01,2.0069e-02,2.5228e-01,-2.4357e-01,-1.2254e-01,3.1299e-02,-3.1048e-01,-1.3171e-01,-1.3601e-01,-8.9142e-02,-9.1949e-02,-2.1008e-01,-4.6893e-02,7.9108e-02,-1.6897e-02,-1.6202e-01,-9.5108e-02,-1.0808e-01,-8.3751e-02,-1.5214e-01,-1.0901e-01,1.8718e-01,-5.6547e-01,-5.3460e-01,6.9822e-02,1.7717e-02,2.8889e-01,-6.8766e-02,4.2498e-01,-1.4452e-01,-6.2376e-02,3.8052e-01,1.6481e-01,2.0427e-01,-1.5668e-01,2.9978e-01,1.0603e-01,1.9233e-01,1.7760e-01,2.2619e-02,2.8217e-01,1.4190e-01,-1.6289e-01,-2.2808e-01,-2.3360e-01,-7.4222e-02,6.4681e-03,-9.6991e-02,-1.8702e-01,-2.5005e-01,-1.0765e-01,-1.3485e-01,-2.6616e-01,4.7893e-01,-1.5359e-01,-1.0957e-01,7.7673e-03,-2.0159e-01,-3.5498e-01,-1.4731e-01,-1.3839e-01,-1.8888e-01,-1.7033e-01,-1.0899e-01,-2.5251e-02,4.2752e-02,-2.3706e-02,-9.9434e-02,-4.6121e-02,2.3096e-02,2.1452e-02,3.6496e-01,3.3687e-01,1.2693e-01,-1.0912e-01,2.3170e-01,3.2353e-01,1.2000e-01,1.0267e-01,-3.3696e-01,2.5081e-01,1.9202e-01,5.5302e-01,-4.0225e-01,3.2990e-01,1.7452e-01,7.1158e-02,-2.1334e-01,-3.0602e-01,9.7708e-02,7.6763e-03,9.8295e-03,-2.3794e-02,-3.1610e-02,8.7378e-02,4.4885e-02,-2.7206e-01,1.1714e-01,6.5269e-02,-1.9887e-01
5.6199e-01,3.0391e-01,2.0536e-01,1.3865e-01,-1.9931e-01,1.4714e-01,1.3376e-01,-4.1923e-02,1.2061e-01,-2.0084e-01,-1.8888e-01,-1.1603e-01,9.4596e-02,-2.5803e-01,1.4445e-01,-2.9484e-01,3.5529e-01,3.2969e-01,2.2439e-01,2.8585e-01,-2.6842e-02,-3.1578e-01,2.6241e-01,2.2577e-01,4.7797e-02,-1.4889e-01,9.8664e-02,1.2529e-01,-1.1261e-01,4.5773e-01,9.4652e-02,1.6725e-01,1.6640e-01,-3.4429e-01,-2.5365e-01,-2.5697e-01,1.3884e-01,2.7809e-01,3.1661e-01,2.6123e-01,1.1876e-01,-3.1116e-02,3.9278e-02,-1.5197e-01,-3.3280e-01,-3.2827e-02,-1.4937e-02,-1.3525e-01,1.3657e-01,-5.7520e-02,-3.5218e-01,-1.2569e-01,-5.6654e-02,-4.1981e-01,2.7663e-01,-1.1702e-01,-9.7757e-02,1.9949e-01,-7.3960e-02,-1.4557e-02,2.5864e-02,-2.2212e-02,-1.8565e-02,6.5276e-02,1.1479e-01,1.0318e-01,-6.9880e-02,3.1700e-02,1.2001e-01,8.5523e-02,-7.4480e-02,-1.7057e-01,3.6726e-01,3.5377e-01,8.2521e-02,-5.3839e-02,2.3949e-01,4.1740e-01,2.0643e-01,4.6634e-01,-8.6995e-02,-3.9460e-01,3.2080e-02,6.2265e-01,-3.8915e-01,1.5228e-01,3.4987e-01,8.7672e-02,-2.9823e-01,-5.0592e-01,-5.2834e-02,-1.5487e-01,4.5801e-02,-2.8955e-02,-1.8381e-01,6.6567e-02,-2.2949e-03,2.2421e-02,1.5839e-01,7.3775e-02
-9.4401e-02,1.5458e-02,1.1610e-01,4.5779e-02,-1.9962e-02,-6.6998e-03,-1.8700e-02,-1.8034e-01,-2.7760e-01,-2.5155e-01,-1.2319e-01,-7.4944e-02,9.7890e-03,-1.7818e-01,-4.4147e-01,-2.4276e-01,-2.4263e-01,-1.2227e-01,-2.1141e-01,-1.4960e-01,-9.5665e-02,1.9088e-01,2.6130e-01,2.4376e-01,1.2197e-01,-1.0947e-02,-2.0809e-01,-6.3724e-02,1.5050e-01,-7.8400e-02,1.1785e-01,1.2993e-01,-4.2537e-01,1.9083e-02,-2.6784e-01,-2.7012e-01,-1.8089e-01,-1.1005e-02,-3.2331e-01,-1.7845e-01,-5.6366e-02,2.7444e-01,1.4086e-01,8.4419e-02,3.6998e-02,1.7339e-02,-7.3392e-02,4.2337e-02,-9.1574e-02,7.2087e-02,-1.0573e-02,-2.6129e-01,-1.9006e-01,-2.3242e-01,-1.0576e-02,-1.3151e-02,6.1405e-02,1.5230e-02,-4.8637e-02,-3.0238e-01,3.8858e-02,8.5124e-02,6.0409e-02,9.8271e-02,1.2522e-01,3.7041e-02,-1.1979e-01,9.2307e-02,1.3932e-01,1.4471e-01,1.3131e-01,4.8444e-02,-1.0400e-01,3.4087e-01,1.9934e-01,1.1803e-01,-1.2327e-01,1.5427e-01,4.2568e-02,7.0602e-02,5.9266e-02,-2.6798e-01,-6.2860e-01,-2.2330e-01,-8.9969e-02,-2.3695e-01,7.2722e-02,8.9430e-02,3.4322e-01,-5.0180e-02,-1.1685e-01,-1.1097e-02,4.5789e-02,4.8962e-02,-4.0009e-01,2.1190e-01,3.6535e-02,-1.1393e-02,1.1921e-01,1.3883e-01
-4.3516e-01,-2.3851e-01,-5.9891e-01,1.4497e-01,-1.0857e-03,-1.7961e-01,-1.5213e-01,-8.3926e-02,-3.3414e-01,1.8405e-01,-9.3863e-02,-3.0705e-02,-2.2716e-01,-8.9389e-02,-1.3626e-01,1.6617e-01,8.8029e-02,1.9611e-01,-1.8679e-01,-1.4855e-01,2.6319e-01,1.0632e-01,-6.5694e-02,2.4533e-01,-1.6222e-01,5.0661e-03,-2.4489e-01,1.4520e-01,3.0171e-01,2.0270e-02,-7.4347e-02,3.1015e-01,3.5146e-01,2.6714e-01,3.9458e-01,2.7783e-01,1.0506e-01,-5.9546e-03,5.0723e-02,-1.7860e-01,5.3969e-02,-1.7577e-01,2.4737e-01,2.6952e-02,1.7802e-01,4.6721e-02,-2.7637e-02,-1.2237e-02,-1.2909e-01,-8.8404e-02,1.2856e-01,-6.2931e-02,-1.2808e-01,-2.4418e-01,-5.1281e-01,8.4946e-02,-1.7227e-01,-1.2397e-01,1.5948e-01,1.0806e-01,-2.4510e-01,-1.1549e-01,-1.6890e-01,-1.7194e-01,-2.3189e-01,-2.8920e-01,-1.1608e-01,-1.6586e-02,6.5075e-02,1.1014e-01,1.2218e-01,1.3250e-01,-8.0361e-03,-6.3172e-02,3.7157e-02,1.7311e-01,-8.7236e-03,-2.6254e-01,1.9429e-01,-4.0095e-02,7.4938e-02,1.9134e-01,-5.0296e-02,-6.6410e-02,3.1374e-02,-3.0847e-01,-4.7504e-01,-7.7225e-02,7.0622e-02,-1.0171e-01,5.2645e-02,-1.2413e-01,-4.8986e-01,5.9568e-02,2.5228e-02,-3.0633e-01,2.4444e-01,-5.2163e-02,1.1428e-01,1.4255e-02
-7.4618e-02,-5.0912e-02,-5.7630e-02,-1.6407e-01,1.0029e-01,-2.2274e-01,-1.3657e-01,1.3660e-01,-8.4366e-02,-1.7608e-01,-3.0147e-01,-3.4591e-01,-2.8317e-01,1.7467e-01,7.4988e-02,1.9688e-01,-4.6758e-01,-3.8824e-01,-6.2564e-02,1.2327e-01,2.7765e-01,-6.6192e-02,-5.5888e-02,1.2498e-01,1.2484e-02,3.4605e-01,7.7377e-02,2.3951e-01,-5.3821e-01,1.3160e-01,3.6174e-01,6.2933e-02,3.7565e-01,6.1116e-01,4.6126e-01,-8.2244e-02,1.7403e-02,1.8707e-01,4.1118e-01,1.1582e-01,-1.5311e-01,-8.3668e-02,-2.4134e-01,2.8212e-01,5.7654e-02,-1.0256e-01,-9.7374e-02,-7.7642e-02,-8.3686e-02,1.0281e-02,-7.0226e-02,1.1140e-01,-4.7828e-02,1.1012e-03,-1.4412e-01,-1.5773e-01,-2.1439e-02,-2.1458e-01,1.5134e-01,4.5850e-02,1.8591e-01,1.2195e-01,2.7963e-02,-1.3914e-01,7.9491e-02,2.0991e-01,2.3550e-01,2.0949e-01,1.4336e-01,-1.5841e-02,-1.0585e-01,8.7833e-02,1.4055e-01,-8.2529e-02,1.4216e-01,-1.6887e-01,7.3415e-02,6.8638e-02,-6.1451e-02,8.6344e-02,-2.2218e-02,1.5138e-01,1.8565e-01,-9.6226e-02,1.1948e-01,1.0918e-01,8.5505e-03,-3.6270e-01,-2.8289e-01,3.3420e-02,3.1148e-02,1.3197e-01,7.4668e-02,-3.4653e-01,-2.3342e-03,-1.9495e-01,-5.3801e-01,1.5112e-01,-2.3217e-02,-2.4647e-02
1.2142e-01,5.1243e-02,1.3960e-01,-3.9589e-01,3.5021e-02,-5.6645e-03,-1.6791e-01,9.2218e-02,1.4226e-01,-2.0008e-01,2.3716e-01,9.1911e-02,-1.6670e-01,-4.1718e-02,1.2178e-01,-2.1773e-01,1.1585e-01,-1.4333e-01,2.6913e-01,-1.2816e-01,-4.0651e-01,1.0759e-01,1.8614e-01,-3.0229e-01,2.3152e-01,1.6213e-01,4.7028e-01,3.0541e-01,3.3079e-02,5.5680e-02,-3.6453e-01,-5.5274e-01,-1.4928e-01,-3.5150e-02,1.0391e-01,7.8736e-01,1.7095e-01,-1.2307e-01,-2.3169e-01,2.6008e-01,-1.0605e-01,-1.5950e-01,-3.7211e-01,-2.8336e-01,8.8118e-02,-1.9232e-01,-2.6558e-01,-1.7429e-01,4.1339e-02,-2.6191e-01,-2.8406e-01,-5.6695e-02,2.2022e-01,1.7039e-01,-8.0312e-02,-2.8437e-01,-1.5866e-01,-6.3567e-02,-2.2877e-01,-1.7542e-01,1.1298e-01,-1.0472e-01,2.4773e-01,2.4081e-01,2.2390e-01,3.1964e-01,3.7813e-01,3.8057e-01,3.2353e-01,2.3199e-01,1.5360e-01,5.0223e-02,8.5281e-02,5.3552e-02,3.4200e-01,8.2883e-02,-7.0777e-02,1.4491e-01,1.1059e-01,-1.6292e-02,-1.0136e-01,5.5089e-02,1.6606e-01,1.4504e-01,-1.5385e-01,-1.0004e-01,8.9605e-02,1.3682e-01,-4.0075e-01,2.0321e-02,-2.2105e-01,-1.0533e-01,2.5377e-01,1.5478e-02,-5.5416e-02,2.1902e-02,-1.6539e-02,-3.7027e-01,-1.2865e-01,7.6620e-02
1.3839e-01,-1.0598e-02,1.7062e-01,2.7382e-02,1.1621e-02,-7.9101e-03,-1.5927e-01,-1.9491e-01,3.7082e-02,-1.2105e-01,-2.5433e-01,-7.2501e-02,1.5282e-01,-2.2688e-01,-6.8687e-02,8.1677e-03,2.6446e-01,1.8595e-01,-2.8322e-01,3.6893e-02,-1.7124e-01,-3.4691e-01,-9.7795e-02,2.4841e-01,4.5952e-02,1.2424e-01,2.9266e-01,-1.2578e-01,2.5973e-01,1.0114e-02,1.4666e-01,9.9784e-02,-4.7369e-01,-6.4247e-02,-1.4818e-01,-1.7278e-01,1.1382e-01,1.6692e-01,-1.9505e-01,-6.3334e-02,1.4480e-01,1.6487e-01,1.2301e-01,-1.2268e-02,-2.7337e-01,-1.0964e-01,-1.6764e-01,-6.7110e-02,4.2090e-03,-1.0372e-01,-2.2292e-01,-1.2729e-01,2.9639e-03,1.0446e-01,2.0308e-01,2.9417e-01,-1.5669e-01,1.2126e-01,-2.8041e-01,-8.3328e-02,-3.4697e-01,2.0877e-02,2.4285e-01,-6.4009e-03,-1.2370e-01,-6.4577e-02,-3.9623e-02,-8.2511e-02,-1.3255e-01,-9.3804e-02,5.7053e-02,1.9018e-01,2.0400e-01,-7.2076e-02,1.2775e-01,2.8730e-01,2.2488e-01,1.8108e-02,1.2700e-01,-2.9872e-02,2.2699e-01,-1.9078e-01,9.2947e-02,1.3318e-01,5.3171e-02,1.6502e-01,-1.6763e-01,3.0349e-01,6.2537e-02,-9.6909e-02,-3.1703e-01,-2.0717e-01,-4.0146e-01,-4.9236e-02,1.6281e-01,-1.2814e-01,3.1878e-01,-3.0889e-02,-3.3341e-01,-7.6749e-02
1.7920e-02,-4.3205e-02,7.5937e-02,6.9356e-02,-3.8852e-01,-4.6454e-02,-1.8535e-02,-1.4715e-01,-7.6090e-02,2.5247e-02,3.0078e-01,1.8665e-01,2.1253e-01,-5.2343e-02,3.4848e-02,-1.3794e-01,-2.8027e-01,-6.1262e-02,1.0915e-01,-1.1814e-03,1.5084e-01,1.9215e-01,-9.2927e-03,-3.8006e-02,2.0780e-01,-1.3068e-01,7.5716e-04,1.9823e-01,3.9501e-01,1.4589e-01,1.6865e-01,2.2265e-01,4.1116e-01,-5.4110e-02,2.8490e-01,-4.5176e-01,1.3439e-01,1.7618e-01,1.7757e-01,5.8769e-03,1.6813e-01,1.0912e-01,-5.8889e-02,-1.7720e-01,-1.7757e-01,1.9815e-01,-1.0294e-01,-8.6723e-02,-1.3094e-01,5.6784e-02,-2.6448e-02,-1.0600e-01,-2.7345e-02,-3.7139e-02,-2.3850e-03,-6.4199e-03,-2.7871e-01,1.6102e-01,6.0646e-02,7.5376e-02,-9.7543e-02,-3.0315e-01,-4.3139e-01,1.8942e-01,1.8272e-02,2.6679e-02,5.6452e-02,-4.1910e-02,-1.2337e-01,-5.2053e-02,-2.5609e-03,-4.9057e-02,-1.5951e-02,1.0688e-01,-2.6259e-01,4.1427e-01,2.9824e-01,8.2384e-02,-1.1642e-01,-6.0784e-02,-7.1358e-02,3.9831e-02,-1.4009e-01,8.7324e-02,6.2250e-02,8.3182e-02,2.0153e-01,-2.0516e-01,1.7231e-01,-2.6113e-01,7.3952e-02,1.0767e-01,1.3077e-01,-3.1426e-02,-2.6132e-01,3.3893e-02,-1.7733e-01,5.4140e-03,2.1379e-01,-1.3396e-01
-2.0719e-01,-2.3322e-01,-2.7953e-01,-2.5149e-02,5.8004e-03,1.3079e-02,1.5981e-01,-2.3248e-02,-1.3302e-01,8.4277e-03,-5.3662e-02,-1.6623e-02,9.1586e-02,-5.4910e-02,-2.0995e-01,-8.3502e-02,-1.5888e-01,-3.1637e-01,9.3269e-02,1.5383e-01,-9.0049e-02,-3.3993e-02,1.6674e-01,-1.5649e-01,6.9257e-02,-1.2330e-01,-4.7073e-01,-4.1753e-01,-1.5842e-02,-3.8108e-02,-5.5390e-02,1.6954e-01,-3.0491e-02,-2.4389e-01,1.1620e-01,7.9698e-02,-2.3328e-01,-1.3481e-01,2.6459e-01,4.8867e-02,-1.0200e-01,-2.5500e-03,-1.3256e-02,1.4876e-01,2.5583e-01,-1.0147e-02,2.1069e-01,-1.4008e-01,-7.8995e-02,-7.1149e-02,1.9390e-01,8.1988e-02,-2.9421e-01,-2.2602e-01,-2.4780e-01,-3.5369e-01,-2.0611e-01,-4.7647e-01,4.1536e-02,-4.6256e-02,3.2013e-01,2.0841e-01,-2.6746e-01,-1.4619e-02,1.9647e-01,-7.4501e-02,-9.2483e-02,-1.0617e-01,5.4282e-02,1.4882e-01,1.3135e-01,5.6324e-02,1.4916e-02,4.7441e-02,-7.4249e-02,-4.7677e-02,-1.9002e-02,2.5222e-02,1.4537e-03,4.4275e-02,-8.5581e-02,-4.7323e-02,-2.5617e-01,-4.2267e-01,-1.8604e-01,-2.4826e-01,-2.7930e-01,-1.0860e-01,8.3672e-04,-1.8754e-01,9.1813e-02,1.5305e-01,9.2748e-02,-5.7527e-02,-7.9250e-02,2.4002e-01,3.6754e-02,2.4349e-01,-1.8491e-02,1.2587e-01
9.3150e-02,5.4646e-02,4.0747e-02,7.5231e-02,5.2226e-02,-8.5246e-02,1.1059e-01,1.3651e-02,-7.4387e-02,4.2047e-02,-2.7453e-01,-2.4509e-01,-3.6135e-01,-1.0669e-02,-8.3480e-02,3.1767e-01,6.7752e-02,1.4798e-01,-1.8087e-01,-2.5565e-01,5.6039e-02,8.2595e-02,5.8427e-02,1.7510e-01,-2.2481e-01,-7.2507e-03,1.0010e-01,1.9558e-01,-3.0554e-01,-1.0587e-01,6.5251e-02,9.1838e-03,-1.5648e-01,1.3590e-01,-1.7869e-01,3.3905e-01,1.4495e-01,-1.2895e-01,-1.0594e-01,-1.2123e-01,-2.7108e-01,-3.1490e-01,-1.6912e-02,-4.4734e-03,-1.6767e-02,2.1299e-02,-1.6850e-04,1.1840e-01,-1.8165e-01,-2.3784e-01,-3.8756e-02,-1.2706e-01,6.6958e-03,-1.3705e-01,2.9835e-02,-6.3331e-02,2.5846e-01,3.2868e-02,1.3222e-02,8.4647e-02,1.3775e-02,1.9073e-01,3.7522e-01,1.8217e-02,-8.8476e-02,2.7214e-01,-1.3247e-01,2.4801e-02,1.4714e-01,4.4546e-02,-5.0802e-02,1.7540e-02,6.5263e-02,1.7454e-01,1.5524e-01,-3.0912e-01,-1.8042e-01,-2.6067e-01,-4.2724e-02,-3.9754e-02,9.7054e-02,2.4955e-02,1.7085e-01,-4.8303e-02,-4.9390e-02,7.1903e-02,6.8140e-02,2.5921e-02,-1.6770e-02,2.5925e-01,-1.4792e-01,-1.0512e-01,-1.9900e-01,1.4101e-01,8.0960e-02,-2.5400e-01,1.7789e-03,-1.1383e-01,1.2914e-01,-1.3694e-01
5.7924e-02,-1.4250e-01,2.6031e-01,-1.1239e-01,1.0674e-01,-3.0213e-02,-5.3569e-02,-8.6698e-02,6.6111e-02,-2.5863e-01,-5.4163e-02,-2.8906e-01,-1.5047e-01,8.3669e-02,1.7151e-01,-4.5418e-01,3.7134e-02,4.4455e-01,1.3654e-01,1.0717e-01,1.4456e-01,2.0334e-02,-3.1039e-01,1.6324e-01,5.2450e-02,-7.8440e-02,7.0150e-01,2.6356e-01,2.7983e-01,4.5606e-01,2.3423e-01,-2.0142e-01,3.7125e-01,1.8112e-01,1.3481e-02,-7.0926e-02,-2.3805e-02,2.8040e-01,-8.9884e-02,2.3318e-01,4.8352e-01,4.4661e-01,1.8845e-01,-5.5351e-02,1.1633e-01,-1.3267e-01,-3.7170e-01,-1.7993e-02,3.5355e-01,2.3798e-01,9.8904e-02,3.0431e-01,1.9533e-01,-1.3166e-02,-3.7610e-01,8.5019e-02,5.8564e-01,1.8179e-01,-2.7662e-01,8.8707e-02,-3.6831e-01,-1.9698e-01,6.4915e-02,-2.3625e-01,-3.9525e-04,-4.2032e-01,2.8592e-01,2.2604e-01,-3.2898e-02,7.5484e-02,5.3829e-02,-4.8930e-02,-6.3374e-02,3.3046e-02,6.7235e-03,-1.4307e-01,2.5393e-01,4.5139e-01,3.0173e-01,3.2981e-01,1.0284e-01,1.6437e-01,1.5304e-01,3.6259e-01,2.7797e-02,-1.4228e-01,4.5191e-02,1.5912e-02,-3.5872e-01,1.4559e-01,9.4886e-02,-6.5462e-02,1.9809e-01,-1.5577e-01,-7.1617e-02,3.5047e-02,-2.5734e-01,-1.8290e-01,-1.9451e-01,2.6004e-01
