2.9493e-02,1.8803e-02,9.3074e-03,1.3768e-03,-4.6898e-03,-8.6892e-03,-1.0526e-02,-1.0210e-02,-7.8492e-03,-3.6275e-03,2.2163e-03,9.4108e-03,1.7672e-02,2.6721e-02,3.6291e-02,4.6140e-02,5.6048e-02,6.5822e-02,7.5287e-02,8.4284e-02,9.2665e-02,1.0029e-01,1.0703e-01,1.1277e-01,1.1740e-01,1.2085e-01,1.2310e-01,1.2414e-01,1.2404e-01,1.2290e-01,1.2087e-01,1.1812e-01,1.1481e-01,1.1113e-01,1.0725e-01,1.0332e-01,9.9462e-02,9.5790e-02,9.2390e-02,8.9338e-02,8.6693e-02,8.4511e-02,8.2840e-02,8.1731e-02,8.1231e-02,8.1392e-02,8.2265e-02,8.3902e-02,8.6349e-02,8.9648e-02,9.3828e-02,9.8900e-02,1.0486e-01,1.1166e-01,1.1924e-01,1.2750e-01,1.3631e-01,1.4551e-01,1.5491e-01,1.6430e-01,1.7346e-01,1.8217e-01,1.9023e-01,1.9743e-01,2.0360e-01,2.0858e-01,2.1228e-01,2.1460e-01,2.1551e-01,2.1501e-01,2.1314e-01,2.0998e-01,2.0567e-01,2.0035e-01,1.9422e-01,1.8748e-01,1.8034e-01,1.7301e-01,1.6571e-01,1.5860e-01,1.5186e-01,1.4561e-01,1.3996e-01,1.3498e-01,1.3073e-01,1.2724e-01,1.2451e-01,1.2253e-01,1.2129e-01,1.2074e-01,1.2087e-01,1.2162e-01,1.2295e-01,1.2481e-01,1.2716e-01,1.2996e-01,1.3316e-01,1.3672e-01,1.4061e-01,1.4479e-01
3.5689e-02,2.4423e-02,1.4089e-02,5.0922e-03,-2.2175e-03,-7.5721e-03,-1.0805e-02,-1.1859e-02,-1.0781e-02,-7.7102e-03,-2.8543e-03,3.5315e-03,1.1167e-02,1.9767e-02,2.9054e-02,3.8768e-02,4.8675e-02,5.8566e-02,6.8254e-02,7.7571e-02,8.6365e-02,9.4493e-02,1.0182e-01,1.0821e-01,1.1356e-01,1.1777e-01,1.2077e-01,1.2254e-01,1.2311e-01,1.2255e-01,1.2098e-01,1.1855e-01,1.1545e-01,1.1184e-01,1.0792e-01,1.0386e-01,9.9785e-02,9.5836e-02,9.2111e-02,8.8697e-02,8.5662e-02,8.3066e-02,8.0960e-02,7.9394e-02,7.8417e-02,7.8077e-02,7.8425e-02,7.9513e-02,8.1390e-02,8.4101e-02,8.7682e-02,9.2157e-02,9.7530e-02,1.0378e-01,1.1086e-01,1.1870e-01,1.2717e-01,1.3615e-01,1.4545e-01,1.5488e-01,1.6422e-01,1.7327e-01,1.8179e-01,1.8957e-01,1.9644e-01,2.0221e-01,2.0676e-01,2.0998e-01,2.1180e-01,2.1221e-01,2.1120e-01,2.0885e-01,2.0525e-01,2.0052e-01,1.9485e-01,1.8841e-01,1.8143e-01,1.7411e-01,1.6667e-01,1.5930e-01,1.5218e-01,1.4547e-01,1.3928e-01,1.3372e-01,1.2886e-01,1.2474e-01,1.2138e-01,1.1878e-01,1.1694e-01,1.1582e-01,1.1540e-01,1.1563e-01,1.1648e-01,1.1789e-01,1.1983e-01,1.2225e-01,1.2510e-01,1.2835e-01,1.3195e-01,1.3587e-01
4.2077e-02,3.0410e-02,1.9406e-02,9.4876e-03,1.0435e-03,-5.6006e-03,-1.0210e-02,-1.2656e-02,-1.2922e-02,-1.1089e-02,-7.3256e-03,-1.8616e-03,5.0345e-03,1.3076e-02,2.1978e-02,3.1467e-02,4.1291e-02,5.1225e-02,6.1068e-02,7.0642e-02,7.9787e-02,8.8356e-02,9.6208e-02,1.0321e-01,1.0924e-01,1.1418e-01,1.1794e-01,1.2047e-01,1.2176e-01,1.2185e-01,1.2083e-01,1.1883e-01,1.1602e-01,1.1258e-01,1.0869e-01,1.0455e-01,1.0031e-01,9.6122e-02,9.2097e-02,8.8339e-02,8.4926e-02,8.1925e-02,7.9393e-02,7.7381e-02,7.5936e-02,7.5107e-02,7.4943e-02,7.5495e-02,7.6813e-02,7.8945e-02,8.1932e-02,8.5807e-02,9.0585e-02,9.6263e-02,1.0281e-01,1.1017e-01,1.1825e-01,1.2692e-01,1.3604e-01,1.4542e-01,1.5486e-01,1.6414e-01,1.7303e-01,1.8133e-01,1.8882e-01,1.9532e-01,2.0068e-01,2.0477e-01,2.0750e-01,2.0881e-01,2.0871e-01,2.0721e-01,2.0438e-01,2.0033e-01,1.9520e-01,1.8918e-01,1.8246e-01,1.7526e-01,1.6778e-01,1.6023e-01,1.5281e-01,1.4570e-01,1.3903e-01,1.3292e-01,1.2746e-01,1.2272e-01,1.1873e-01,1.1551e-01,1.1305e-01,1.1134e-01,1.1035e-01,1.1004e-01,1.1038e-01,1.1133e-01,1.1283e-01,1.1484e-01,1.1733e-01,1.2023e-01,1.2352e-01,1.2715e-01
4.8543e-02,3.6648e-02,2.5149e-02,1.4469e-02,5.0235e-03,-2.8162e-03,-8.7531e-03,-1.2589e-02,-1.4234e-02,-1.3710e-02,-1.1134e-02,-6.6998e-03,-6.5712e-04,6.7149e-03,1.5126e-02,2.4292e-02,3.3947e-02,4.3847e-02,5.3775e-02,6.3541e-02,7.2975e-02,8.1924e-02,9.0244e-02,9.7800e-02,1.0446e-01,1.1010e-01,1.1461e-01,1.1791e-01,1.1996e-01,1.2076e-01,1.2037e-01,1.1889e-01,1.1647e-01,1.1328e-01,1.0951e-01,1.0537e-01,1.0102e-01,9.6630e-02,9.2337e-02,8.8257e-02,8.4482e-02,8.1088e-02,7.8138e-02,7.5687e-02,7.3784e-02,7.2476e-02,7.1812e-02,7.1841e-02,7.2613e-02,7.4177e-02,7.6578e-02,7.9855e-02,8.4033e-02,8.9121e-02,9.5106e-02,1.0195e-01,1.0958e-01,1.1789e-01,1.2675e-01,1.3599e-01,1.4543e-01,1.5485e-01,1.6403e-01,1.7275e-01,1.8079e-01,1.8795e-01,1.9407e-01,1.9899e-01,2.0261e-01,2.0483e-01,2.0564e-01,2.0502e-01,2.0301e-01,1.9971e-01,1.9523e-01,1.8972e-01,1.8337e-01,1.7638e-01,1.6896e-01,1.6134e-01,1.5371e-01,1.4626e-01,1.3916e-01,1.3254e-01,1.2652e-01,1.2118e-01,1.1657e-01,1.1271e-01,1.0963e-01,1.0731e-01,1.0573e-01,1.0487e-01,1.0468e-01,1.0513e-01,1.0617e-01,1.0776e-01,1.0984e-01,1.1238e-01,1.1534e-01,1.1867e-01
5.4981e-02,4.3024e-02,3.1204e-02,1.9933e-02,9.6374e-03,7.2140e-04,-6.4650e-03,-1.1657e-02,-1.4695e-02,-1.5530e-02,-1.4221e-02,-1.0917e-02,-5.8389e-03,7.4998e-04,8.5613e-03,1.7304e-02,2.6697e-02,3.6480e-02,4.6421e-02,5.6313e-02,6.5974e-02,7.5242e-02,8.3971e-02,9.2021e-02,9.9258e-02,1.0555e-01,1.1079e-01,1.1485e-01,1.1768e-01,1.1923e-01,1.1954e-01,1.1866e-01,1.1672e-01,1.1388e-01,1.1033e-01,1.0626e-01,1.0187e-01,9.7336e-02,9.2816e-02,8.8442e-02,8.4324e-02,8.0551e-02,7.7193e-02,7.4312e-02,7.1958e-02,7.0181e-02,6.9027e-02,6.8545e-02,6.8783e-02,6.9791e-02,7.1616e-02,7.4301e-02,7.7878e-02,8.2368e-02,8.7772e-02,9.4066e-02,1.0120e-01,1.0909e-01,1.1762e-01,1.2665e-01,1.3599e-01,1.4546e-01,1.5483e-01,1.6389e-01,1.7240e-01,1.8016e-01,1.8698e-01,1.9269e-01,1.9715e-01,2.0027e-01,2.0199e-01,2.0227e-01,2.0113e-01,1.9862e-01,1.9485e-01,1.8994e-01,1.8406e-01,1.7739e-01,1.7015e-01,1.6255e-01,1.5480e-01,1.4710e-01,1.3964e-01,1.3257e-01,1.2602e-01,1.2010e-01,1.1488e-01,1.1040e-01,1.0668e-01,1.0374e-01,1.0156e-01,1.0012e-01,9.9386e-02,9.9316e-02,9.9870e-02,1.0100e-01,1.0267e-01,1.0483e-01,1.0743e-01,1.1043e-01
6.1296e-02,4.9428e-02,3.7456e-02,2.5769e-02,1.4788e-02,4.9365e-03,-3.3944e-03,-9.8818e-03,-1.4296e-02,-1.6517e-02,-1.6538e-02,-1.4454e-02,-1.0444e-02,-4.7507e-03,2.3489e-03,1.0561e-02,1.9595e-02,2.9176e-02,3.9053e-02,4.9002e-02,5.8826e-02,6.8354e-02,7.7432e-02,8.5918e-02,9.3676e-02,1.0057e-01,1.0649e-01,1.1129e-01,1.1489e-01,1.1723e-01,1.1828e-01,1.1808e-01,1.1671e-01,1.1432e-01,1.1108e-01,1.0718e-01,1.0283e-01,9.8211e-02,9.3512e-02,8.8881e-02,8.4446e-02,8.0310e-02,7.6556e-02,7.3253e-02,7.0457e-02,6.8218e-02,6.6584e-02,6.5601e-02,6.5318e-02,6.5782e-02,6.7042e-02,6.9143e-02,7.2124e-02,7.6013e-02,8.0822e-02,8.6544e-02,9.3146e-02,1.0056e-01,1.0870e-01,1.1744e-01,1.2661e-01,1.3604e-01,1.4551e-01,1.5481e-01,1.6371e-01,1.7199e-01,1.7944e-01,1.8588e-01,1.9116e-01,1.9515e-01,1.9776e-01,1.9895e-01,1.9870e-01,1.9704e-01,1.9404e-01,1.8981e-01,1.8449e-01,1.7824e-01,1.7128e-01,1.6380e-01,1.5603e-01,1.4817e-01,1.4042e-01,1.3296e-01,1.2594e-01,1.1947e-01,1.1366e-01,1.0856e-01,1.0422e-01,1.0065e-01,9.7857e-02,9.5819e-02,9.4512e-02,9.3901e-02,9.3946e-02,9.4603e-02,9.5828e-02,9.7574e-02,9.9799e-02,1.0246e-01
6.7403e-02,5.5760e-02,4.3794e-02,3.1862e-02,2.0368e-02,9.7391e-03,3.9242e-04,-7.3006e-03,-1.3047e-02,-1.6655e-02,-1.8047e-02,-1.7255e-02,-1.4410e-02,-9.7202e-03,-3.4446e-03,4.1278e-03,1.2701e-02,2.1987e-02,3.1717e-02,4.1650e-02,5.1574e-02,6.1302e-02,7.0671e-02,7.9534e-02,8.7754e-02,9.5200e-02,1.0174e-01,1.0725e-01,1.1160e-01,1.1473e-01,1.1656e-01,1.1709e-01,1.1638e-01,1.1453e-01,1.1170e-01,1.0807e-01,1.0384e-01,9.9216e-02,9.4398e-02,8.9556e-02,8.4836e-02,8.0360e-02,7.6225e-02,7.2511e-02,6.9280e-02,6.6586e-02,6.4479e-02,6.3005e-02,6.2211e-02,6.2143e-02,6.2850e-02,6.4377e-02,6.6768e-02,7.0058e-02,7.4267e-02,7.9402e-02,8.5445e-02,9.2351e-02,1.0005e-01,1.0842e-01,1.1735e-01,1.2665e-01,1.3613e-01,1.4558e-01,1.5477e-01,1.6348e-01,1.7150e-01,1.7862e-01,1.8466e-01,1.8949e-01,1.9298e-01,1.9507e-01,1.9572e-01,1.9494e-01,1.9276e-01,1.8927e-01,1.8458e-01,1.7885e-01,1.7227e-01,1.6502e-01,1.5732e-01,1.4940e-01,1.4145e-01,1.3367e-01,1.2623e-01,1.1927e-01,1.1289e-01,1.0720e-01,1.0223e-01,9.8037e-02,9.4617e-02,9.1969e-02,9.0073e-02,8.8900e-02,8.8413e-02,8.8571e-02,8.9329e-02,9.0643e-02,9.2468e-02,9.4758e-02
7.3232e-02,6.1930e-02,5.0113e-02,3.8100e-02,2.6267e-02,1.5028e-02,4.8142e-03,-3.9694e-03,-1.0975e-02,-1.5942e-02,-1.8721e-02,-1.9276e-02,-1.7679e-02,-1.4094e-02,-8.7531e-03,-1.9318e-03,6.0735e-03,1.4966e-02,2.4463e-02,3.4304e-02,4.4259e-02,5.4125e-02,6.3728e-02,7.2912e-02,8.1537e-02,8.9471e-02,9.6582e-02,1.0274e-01,1.0782e-01,1.1172e-01,1.1434e-01,1.1566e-01,1.1567e-01,1.1445e-01,1.1212e-01,1.0886e-01,1.0485e-01,1.0031e-01,9.5440e-02,9.0441e-02,8.5478e-02,8.0691e-02,7.6195e-02,7.2081e-02,6.8424e-02,6.5284e-02,6.2711e-02,6.0754e-02,5.9458e-02,5.8869e-02,5.9033e-02,5.9999e-02,6.1809e-02,6.4504e-02,6.8113e-02,7.2651e-02,7.8115e-02,8.4478e-02,9.1684e-02,9.9647e-02,1.0825e-01,1.1734e-01,1.2674e-01,1.3625e-01,1.4565e-01,1.5471e-01,1.6321e-01,1.7093e-01,1.7768e-01,1.8330e-01,1.8765e-01,1.9063e-01,1.9219e-01,1.9230e-01,1.9098e-01,1.8828e-01,1.8430e-01,1.7917e-01,1.7305e-01,1.6613e-01,1.5862e-01,1.5073e-01,1.4267e-01,1.3465e-01,1.2686e-01,1.1945e-01,1.1256e-01,1.0629e-01,1.0072e-01,9.5898e-02,9.1850e-02,8.8580e-02,8.6080e-02,8.4326e-02,8.3286e-02,8.2922e-02,8.3192e-02,8.4050e-02,8.5451e-02,8.7351e-02
7.8728e-02,6.7861e-02,5.6320e-02,4.4377e-02,3.2371e-02,2.0696e-02,9.7767e-03,3.9909e-05,-8.1240e-03,-1.4395e-02,-1.8551e-02,-2.0485e-02,-2.0202e-02,-1.7812e-02,-1.3511e-02,-7.5525e-03,-2.2471e-04,8.1716e-03,1.7341e-02,2.7008e-02,3.6922e-02,4.6864e-02,5.6642e-02,6.6091e-02,7.5066e-02,8.3431e-02,9.1057e-02,9.7815e-02,1.0357e-01,1.0821e-01,1.1163e-01,1.1374e-01,1.1452e-01,1.1400e-01,1.1228e-01,1.0948e-01,1.0579e-01,1.0142e-01,9.6594e-02,9.1507e-02,8.6351e-02,8.1290e-02,7.6457e-02,7.1962e-02,6.7890e-02,6.4310e-02,6.1278e-02,5.8845e-02,5.7055e-02,5.5954e-02,5.5588e-02,5.6002e-02,5.7242e-02,5.9350e-02,6.2360e-02,6.6298e-02,7.1171e-02,7.6966e-02,8.3647e-02,9.1146e-02,9.9365e-02,1.0817e-01,1.1741e-01,1.2689e-01,1.3640e-01,1.4572e-01,1.5461e-01,1.6286e-01,1.7026e-01,1.7663e-01,1.8180e-01,1.8565e-01,1.8811e-01,1.8912e-01,1.8868e-01,1.8681e-01,1.8360e-01,1.7914e-01,1.7358e-01,1.6708e-01,1.5985e-01,1.5209e-01,1.4402e-01,1.3585e-01,1.2778e-01,1.1999e-01,1.1263e-01,1.0582e-01,9.9669e-02,9.4232e-02,8.9557e-02,8.5661e-02,8.2544e-02,8.0193e-02,7.8581e-02,7.7673e-02,7.7431e-02,7.7809e-02,7.8764e-02,8.0251e-02
8.3846e-02,7.3492e-02,6.2331e-02,5.0591e-02,3.8571e-02,2.6630e-02,1.5176e-02,4.6409e-03,-4.5569e-03,-1.2047e-02,-1.7542e-02,-2.0860e-02,-2.1936e-02,-2.0820e-02,-1.7657e-02,-1.2669e-02,-6.1299e-03,1.6629e-03,1.0407e-02,1.9811e-02,2.9607e-02,3.9556e-02,4.9451e-02,5.9111e-02,6.8381e-02,7.7123e-02,8.5207e-02,9.2505e-02,9.8888e-02,1.0423e-01,1.0840e-01,1.1132e-01,1.1290e-01,1.1315e-01,1.1210e-01,1.0986e-01,1.0660e-01,1.0251e-01,9.7809e-02,9.2711e-02,8.7426e-02,8.2138e-02,7.7003e-02,7.2148e-02,6.7675e-02,6.3664e-02,6.0180e-02,5.7276e-02,5.4999e-02,5.3395e-02,5.2507e-02,5.2381e-02,5.3061e-02,5.4591e-02,5.7009e-02,6.0347e-02,6.4622e-02,6.9834e-02,7.5962e-02,8.2957e-02,9.0739e-02,9.9200e-02,1.0820e-01,1.1756e-01,1.2709e-01,1.3657e-01,1.4577e-01,1.5447e-01,1.6245e-01,1.6950e-01,1.7545e-01,1.8014e-01,1.8348e-01,1.8540e-01,1.8585e-01,1.8485e-01,1.8245e-01,1.7872e-01,1.7379e-01,1.6781e-01,1.6096e-01,1.5343e-01,1.4544e-01,1.3721e-01,1.2895e-01,1.2085e-01,1.1307e-01,1.0577e-01,9.9063e-02,9.3032e-02,8.7737e-02,8.3213e-02,7.9472e-02,7.6510e-02,7.4308e-02,7.2837e-02,7.2061e-02,7.1938e-02,7.2424e-02,7.3474e-02
8.8557e-02,7.8772e-02,6.8076e-02,5.6656e-02,4.4764e-02,3.2720e-02,2.0904e-02,9.7357e-03,-3.5115e-04,-8.9499e-03,-1.5716e-02,-2.0397e-02,-2.2856e-02,-2.3071e-02,-2.1131e-02,-1.7218e-02,-1.1578e-02,-4.4982e-03,3.7160e-03,1.2763e-02,2.2358e-02,3.2244e-02,4.2192e-02,5.2006e-02,6.1519e-02,7.0585e-02,7.9072e-02,8.6853e-02,9.3804e-02,9.9793e-02,1.0469e-01,1.0839e-01,1.1078e-01,1.1183e-01,1.1153e-01,1.0995e-01,1.0721e-01,1.0350e-01,9.9027e-02,9.4008e-02,8.8667e-02,8.3210e-02,7.7814e-02,7.2628e-02,6.7774e-02,6.3344e-02,5.9416e-02,5.6047e-02,5.3289e-02,5.1187e-02,4.9786e-02,4.9129e-02,4.9260e-02,5.0222e-02,5.2057e-02,5.4799e-02,5.8474e-02,6.3093e-02,6.8648e-02,7.5106e-02,8.2408e-02,9.0463e-02,9.9149e-02,1.0831e-01,1.1777e-01,1.2733e-01,1.3675e-01,1.4581e-01,1.5428e-01,1.6195e-01,1.6862e-01,1.7413e-01,1.7833e-01,1.8114e-01,1.8249e-01,1.8238e-01,1.8083e-01,1.7788e-01,1.7365e-01,1.6826e-01,1.6187e-01,1.5467e-01,1.4687e-01,1.3867e-01,1.3031e-01,1.2197e-01,1.1385e-01,1.0611e-01,9.8884e-02,9.2283e-02,8.6384e-02,8.1237e-02,7.6868e-02,7.3286e-02,7.0480e-02,6.8427e-02,6.7097e-02,6.6450e-02,6.6444e-02,6.7035e-02
9.2839e-02,8.3666e-02,7.3502e-02,6.2496e-02,5.0857e-02,3.8860e-02,2.6848e-02,1.5219e-02,4.4026e-03,-5.1714e-03,-1.3113e-02,-1.9108e-02,-2.2945e-02,-2.4529e-02,-2.3884e-02,-2.1139e-02,-1.6504e-02,-1.0249e-02,-2.6719e-03,5.9185e-03,1.5224e-02,2.4967e-02,3.4902e-02,4.4813e-02,5.4516e-02,6.3856e-02,7.2693e-02,8.0903e-02,8.8363e-02,9.4945e-02,1.0052e-01,1.0496e-01,1.0816e-01,1.1002e-01,1.1051e-01,1.0966e-01,1.0755e-01,1.0432e-01,1.0018e-01,9.5340e-02,9.0030e-02,8.4473e-02,7.8869e-02,7.3391e-02,6.8180e-02,6.3348e-02,5.8984e-02,5.5157e-02,5.1923e-02,4.9331e-02,4.7423e-02,4.6243e-02,4.5834e-02,4.6239e-02,4.7499e-02,4.9652e-02,5.2730e-02,5.6751e-02,6.1719e-02,6.7616e-02,7.4401e-02,8.2002e-02,9.0316e-02,9.9210e-02,1.0852e-01,1.1805e-01,1.2760e-01,1.3693e-01,1.4582e-01,1.5403e-01,1.6137e-01,1.6763e-01,1.7266e-01,1.7635e-01,1.7861e-01,1.7940e-01,1.7871e-01,1.7659e-01,1.7311e-01,1.6838e-01,1.6254e-01,1.5576e-01,1.4823e-01,1.4017e-01,1.3179e-01,1.2331e-01,1.1491e-01,1.0679e-01,9.9104e-02,9.1969e-02,8.5488e-02,7.9729e-02,7.4736e-02,7.0527e-02,6.7105e-02,6.4454e-02,6.2551e-02,6.1359e-02,6.0840e-02,6.0950e-02
9.6684e-02,8.8147e-02,7.8564e-02,6.8047e-02,5.6766e-02,4.4951e-02,3.2901e-02,2.0981e-02,9.6036e-03,-7.9432e-04,-9.7922e-03,-1.7023e-02,-2.2205e-02,-2.5171e-02,-2.5873e-02,-2.4376e-02,-2.0848e-02,-1.5525e-02,-8.6957e-03,-6.6668e-04,8.2533e-03,1.7771e-02,2.7621e-02,3.7566e-02,4.7406e-02,5.6968e-02,6.6108e-02,7.4695e-02,8.2607e-02,8.9725e-02,9.5920e-02,1.0106e-01,1.0503e-01,1.0770e-01,1.0901e-01,1.0895e-01,1.0754e-01,1.0490e-01,1.0120e-01,9.6643e-02,9.1460e-02,8.5885e-02,8.0139e-02,7.4416e-02,6.8882e-02,6.3670e-02,5.8884e-02,5.4607e-02,5.0902e-02,4.7823e-02,4.5414e-02,4.3719e-02,4.2779e-02,4.2635e-02,4.3330e-02,4.4902e-02,4.7387e-02,5.0810e-02,5.5184e-02,6.0505e-02,6.6744e-02,7.3850e-02,8.1738e-02,9.0296e-02,9.9377e-02,1.0881e-01,1.1839e-01,1.2790e-01,1.3711e-01,1.4579e-01,1.5371e-01,1.6068e-01,1.6650e-01,1.7105e-01,1.7420e-01,1.7589e-01,1.7610e-01,1.7484e-01,1.7216e-01,1.6814e-01,1.6292e-01,1.5664e-01,1.4948e-01,1.4165e-01,1.3335e-01,1.2480e-01,1.1622e-01,1.0779e-01,9.9692e-02,9.2067e-02,8.5034e-02,7.8682e-02,7.3071e-02,6.8236e-02,6.4190e-02,6.0929e-02,5.8436e-02,5.6680e-02,5.5627e-02,5.5233e-02
1.0009e-01,9.2204e-02,8.3233e-02,7.3263e-02,6.2424e-02,5.0906e-02,3.8960e-02,2.6911e-02,1.5145e-02,4.0869e-03,-5.8261e-03,-1.4187e-02,-2.0654e-02,-2.4988e-02,-2.7065e-02,-2.6882e-02,-2.4549e-02,-2.0265e-02,-1.4293e-02,-6.9334e-03,1.5005e-03,1.0703e-02,2.0388e-02,3.0302e-02,4.0220e-02,4.9956e-02,5.9349e-02,6.8265e-02,7.6579e-02,8.4175e-02,9.0932e-02,9.6721e-02,1.0141e-01,1.0488e-01,1.0701e-01,1.0777e-01,1.0713e-01,1.0517e-01,1.0201e-01,9.7849e-02,9.2898e-02,8.7398e-02,8.1586e-02,7.5678e-02,6.9864e-02,6.4300e-02,5.9111e-02,5.4395e-02,5.0226e-02,4.6665e-02,4.3759e-02,4.1554e-02,4.0089e-02,3.9405e-02,3.9544e-02,4.0545e-02,4.2444e-02,4.5272e-02,4.9049e-02,5.3782e-02,5.9456e-02,6.6034e-02,7.3452e-02,8.1616e-02,9.0399e-02,9.9646e-02,1.0917e-01,1.1877e-01,1.2821e-01,1.3727e-01,1.4571e-01,1.5331e-01,1.5988e-01,1.6524e-01,1.6927e-01,1.7187e-01,1.7298e-01,1.7260e-01,1.7076e-01,1.6751e-01,1.6297e-01,1.5727e-01,1.5056e-01,1.4305e-01,1.3492e-01,1.2641e-01,1.1772e-01,1.0906e-01,1.0061e-01,9.2548e-02,8.5003e-02,7.8084e-02,7.1870e-02,6.6413e-02,6.1740e-02,5.7860e-02,5.4762e-02,5.2425e-02,5.0817e-02,4.9899e-02
1.0305e-01,9.5828e-02,8.7490e-02,7.8106e-02,6.7776e-02,5.6648e-02,4.4932e-02,3.2906e-02,2.0917e-02,9.3689e-03,-1.3020e-03,-1.0664e-02,-1.8328e-02,-2.3987e-02,-2.7442e-02,-2.8617e-02,-2.7555e-02,-2.4407e-02,-1.9401e-02,-1.2821e-02,-4.9786e-03,3.8118e-03,1.3249e-02,2.3057e-02,3.2993e-02,4.2849e-02,5.2449e-02,6.1647e-02,7.0315e-02,7.8338e-02,8.5598e-02,9.1974e-02,9.7338e-02,1.0155e-01,1.0450e-01,1.0609e-01,1.0627e-01,1.0506e-01,1.0255e-01,9.8884e-02,9.4274e-02,8.8953e-02,8.3164e-02,7.7143e-02,7.1104e-02,6.5227e-02,5.9660e-02,5.4519e-02,4.9895e-02,4.5856e-02,4.2457e-02,3.9745e-02,3.7762e-02,3.6545e-02,3.6137e-02,3.6574e-02,3.7896e-02,4.0134e-02,4.3316e-02,4.7456e-02,5.2550e-02,5.8577e-02,6.5489e-02,7.3209e-02,8.1633e-02,9.0622e-02,1.0001e-01,1.0960e-01,1.1919e-01,1.2853e-01,1.3740e-01,1.4557e-01,1.5282e-01,1.5896e-01,1.6384e-01,1.6733e-01,1.6935e-01,1.6987e-01,1.6890e-01,1.6647e-01,1.6266e-01,1.5760e-01,1.5143e-01,1.4431e-01,1.3646e-01,1.2807e-01,1.1936e-01,1.1054e-01,1.0182e-01,9.3381e-02,8.5369e-02,7.7916e-02,7.1122e-02,6.5054e-02,5.9757e-02,5.5252e-02,5.1539e-02,4.8605e-02,4.6423e-02,4.4961e-02
1.0559e-01,9.9021e-02,9.1326e-02,8.2553e-02,7.2778e-02,6.2116e-02,5.0735e-02,3.8866e-02,2.6812e-02,1.4944e-02,3.6822e-03,-6.5329e-03,-1.5279e-02,-2.2191e-02,-2.7000e-02,-2.9553e-02,-2.9822e-02,-2.7894e-02,-2.3957e-02,-1.8267e-02,-1.1125e-02,-2.8486e-03,6.2485e-03,1.5872e-02,2.5759e-02,3.5679e-02,4.5437e-02,5.4873e-02,6.3850e-02,7.2250e-02,7.9961e-02,8.6867e-02,9.2845e-02,9.7763e-02,1.0149e-01,1.0390e-01,1.0492e-01,1.0451e-01,1.0273e-01,9.9672e-02,9.5516e-02,9.0483e-02,8.4818e-02,7.8769e-02,7.2571e-02,6.6430e-02,6.0518e-02,5.4974e-02,4.9907e-02,4.5397e-02,4.1510e-02,3.8295e-02,3.5796e-02,3.4052e-02,3.3103e-02,3.2985e-02,3.3738e-02,3.5394e-02,3.7984e-02,4.1529e-02,4.6036e-02,5.1494e-02,5.7871e-02,6.5108e-02,7.3119e-02,8.1786e-02,9.0960e-02,1.0046e-01,1.1010e-01,1.1963e-01,1.2884e-01,1.3750e-01,1.4536e-01,1.5222e-01,1.5791e-01,1.6227e-01,1.6520e-01,1.6664e-01,1.6656e-01,1.6498e-01,1.6197e-01,1.5761e-01,1.5203e-01,1.4540e-01,1.3790e-01,1.2972e-01,1.2108e-01,1.1220e-01,1.0328e-01,9.4528e-02,8.6104e-02,7.8160e-02,7.0814e-02,6.4153e-02,5.8240e-02,5.3108e-02,4.8773e-02,4.5229e-02,4.2458e-02,4.0431e-02
1.0770e-01,1.0179e-01,9.4739e-02,8.6590e-02,7.7403e-02,6.7263e-02,5.6300e-02,4.4703e-02,3.2728e-02,2.0704e-02,9.0214e-03,-1.8853e-03,-1.1576e-02,-1.9643e-02,-2.5753e-02,-2.9678e-02,-3.1312e-02,-3.0677e-02,-2.7902e-02,-2.3209e-02,-1.6878e-02,-9.2222e-03,-5.6263e-04,8.7912e-03,1.8555e-02,2.8477e-02,3.8342e-02,4.7971e-02,5.7215e-02,6.5948e-02,7.4060e-02,8.1440e-02,8.7974e-02,9.3534e-02,9.7987e-02,1.0120e-01,1.0306e-01,1.0350e-01,1.0250e-01,1.0014e-01,9.6549e-02,9.1918e-02,8.6485e-02,8.0505e-02,7.4228e-02,6.7883e-02,6.1670e-02,5.5752e-02,5.0258e-02,4.5288e-02,4.0917e-02,3.7202e-02,3.4190e-02,3.1924e-02,3.0439e-02,2.9774e-02,2.9964e-02,3.1046e-02,3.3051e-02,3.6003e-02,3.9918e-02,4.4796e-02,5.0617e-02,5.7339e-02,6.4893e-02,7.3180e-02,8.2070e-02,9.1405e-02,1.0100e-01,1.1064e-01,1.2010e-01,1.2914e-01,1.3754e-01,1.4507e-01,1.5152e-01,1.5672e-01,1.6055e-01,1.6290e-01,1.6373e-01,1.6304e-01,1.6085e-01,1.5725e-01,1.5235e-01,1.4627e-01,1.3920e-01,1.3132e-01,1.2284e-01,1.1398e-01,1.0495e-01,9.5950e-02,8.7176e-02,7.8789e-02,7.0928e-02,6.3700e-02,5.7183e-02,5.1430e-02,4.6469e-02,4.2305e-02,3.8931e-02,3.6323e-02
1.0940e-01,1.0414e-01,9.7733e-02,9.0214e-02,8.1632e-02,7.2052e-02,6.1573e-02,5.0343e-02,3.8572e-02,2.6543e-02,1.4608e-02,3.1786e-03,-7.3026e-03,-1.6401e-02,-2.3730e-02,-2.8992e-02,-3.2004e-02,-3.2712e-02,-3.1182e-02,-2.7586e-02,-2.2176e-02,-1.5250e-02,-7.1313e-03,1.8597e-03,1.1420e-02,2.1277e-02,3.1193e-02,4.0968e-02,5.0436e-02,5.9462e-02,6.7930e-02,7.5734e-02,8.2767e-02,8.8910e-02,9.4035e-02,9.8002e-02,1.0068e-01,1.0197e-01,1.0181e-01,1.0023e-01,9.7296e-02,9.3180e-02,8.8095e-02,8.2290e-02,7.6026e-02,6.9552e-02,6.3093e-02,5.6840e-02,5.0944e-02,4.5527e-02,4.0679e-02,3.6467e-02,3.2946e-02,3.0158e-02,2.8143e-02,2.6935e-02,2.6571e-02,2.7086e-02,2.8511e-02,3.0876e-02,3.4200e-02,3.8491e-02,4.3742e-02,4.9924e-02,5.6984e-02,6.4842e-02,7.3387e-02,8.2480e-02,9.1951e-02,1.0160e-01,1.1122e-01,1.2057e-01,1.2942e-01,1.3753e-01,1.4468e-01,1.5069e-01,1.5538e-01,1.5865e-01,1.6040e-01,1.6062e-01,1.5931e-01,1.5651e-01,1.5233e-01,1.4688e-01,1.4032e-01,1.3282e-01,1.2459e-01,1.1583e-01,1.0677e-01,9.7606e-02,8.8548e-02,7.9775e-02,7.1443e-02,6.3678e-02,5.6579e-02,5.0215e-02,4.4629e-02,3.9841e-02,3.5852e-02,3.2647e-02
1.1069e-01,1.0609e-01,1.0032e-01,9.3426e-02,8.5457e-02,7.6461e-02,6.6512e-02,5.5724e-02,4.4263e-02,3.2363e-02,2.0334e-02,8.5522e-03,-2.5542e-03,-1.2539e-02,-2.0978e-02,-2.7514e-02,-3.1888e-02,-3.3968e-02,-3.3748e-02,-3.1341e-02,-2.6956e-02,-2.0871e-02,-1.3401e-02,-4.8719e-03,4.3982e-03,1.4116e-02,2.4021e-02,3.3891e-02,4.3541e-02,5.2820e-02,6.1605e-02,6.9788e-02,7.7266e-02,8.3934e-02,8.9669e-02,9.4338e-02,9.7800e-02,9.9928e-02,1.0063e-01,9.9871e-02,9.7687e-02,9.4193e-02,8.9572e-02,8.4057e-02,7.7910e-02,7.1394e-02,6.4758e-02,5.8218e-02,5.1954e-02,4.6110e-02,4.0796e-02,3.6093e-02,3.2064e-02,2.8757e-02,2.6213e-02,2.4467e-02,2.3554e-02,2.3508e-02,2.4362e-02,2.6144e-02,2.8879e-02,3.2582e-02,3.7253e-02,4.2877e-02,4.9415e-02,5.6803e-02,6.4951e-02,7.3737e-02,8.3010e-02,9.2590e-02,1.0227e-01,1.1184e-01,1.2104e-01,1.2966e-01,1.3744e-01,1.4420e-01,1.4973e-01,1.5389e-01,1.5657e-01,1.5771e-01,1.5730e-01,1.5536e-01,1.5196e-01,1.4720e-01,1.4122e-01,1.3418e-01,1.2628e-01,1.1771e-01,1.0870e-01,9.9450e-02,9.0182e-02,8.1086e-02,7.2334e-02,6.4072e-02,5.6417e-02,4.9458e-02,4.3253e-02,3.7839e-02,3.3227e-02,2.9414e-02
1.1160e-01,1.0763e-01,1.0250e-01,9.6232e-02,8.8877e-02,8.0477e-02,7.1089e-02,6.0797e-02,4.9730e-02,3.8077e-02,2.6098e-02,1.4128e-02,2.5669e-03,-8.1452e-03,-1.7563e-02,-2.5280e-02,-3.0972e-02,-3.4426e-02,-3.5560e-02,-3.4419e-02,-3.1160e-02,-2.6024e-02,-1.9313e-02,-1.1350e-02,-2.4649e-03,7.0319e-03,1.6858e-02,2.6767e-02,3.6553e-02,4.6046e-02,5.5110e-02,6.3632e-02,7.1511e-02,7.8648e-02,8.4933e-02,9.0242e-02,9.4435e-02,9.7371e-02,9.8930e-02,9.9031e-02,9.7661e-02,9.4883e-02,9.0838e-02,8.5731e-02,7.9814e-02,7.3357e-02,6.6625e-02,5.9860e-02,5.3272e-02,4.7029e-02,4.1265e-02,3.6079e-02,3.1546e-02,2.7721e-02,2.4650e-02,2.2368e-02,2.0910e-02,2.0309e-02,2.0597e-02,2.1804e-02,2.3955e-02,2.7069e-02,3.1156e-02,3.6210e-02,4.2204e-02,4.9091e-02,5.6797e-02,6.5219e-02,7.4225e-02,8.3653e-02,9.3314e-02,1.0300e-01,1.1247e-01,1.2150e-01,1.2984e-01,1.3728e-01,1.4360e-01,1.4862e-01,1.5222e-01,1.5430e-01,1.5482e-01,1.5377e-01,1.5119e-01,1.4718e-01,1.4185e-01,1.3535e-01,1.2786e-01,1.1957e-01,1.1069e-01,1.0144e-01,9.2038e-02,8.2686e-02,7.3571e-02,6.4858e-02,5.6682e-02,4.9150e-02,4.2340e-02,3.6302e-02,3.1064e-02,2.6631e-02
1.1211e-01,1.0880e-01,1.0429e-01,9.8642e-02,9.1898e-02,8.4097e-02,7.5286e-02,6.5528e-02,5.4920e-02,4.3609e-02,3.1807e-02,1.9802e-02,7.9535e-03,-3.3177e-03,-1.3563e-02,-2.2343e-02,-2.9279e-02,-3.4083e-02,-3.6592e-02,-3.6776e-02,-3.4729e-02,-3.0648e-02,-2.4806e-02,-1.7518e-02,-9.1183e-03,6.8594e-05,9.7397e-03,1.9626e-02,2.9497e-02,3.9163e-02,4.8470e-02,5.7295e-02,6.5534e-02,7.3092e-02,7.9871e-02,8.5758e-02,9.0621e-02,9.4318e-02,9.6708e-02,9.7678e-02,9.7166e-02,9.5181e-02,9.1815e-02,8.7234e-02,8.1667e-02,7.5378e-02,6.8646e-02,6.1733e-02,5.4875e-02,4.8272e-02,4.2082e-02,3.6425e-02,3.1393e-02,2.7053e-02,2.3454e-02,2.0637e-02,1.8637e-02,1.7486e-02,1.7213e-02,1.7850e-02,1.9422e-02,2.1952e-02,2.5454e-02,2.9930e-02,3.5365e-02,4.1725e-02,4.8953e-02,5.6962e-02,6.5640e-02,7.4843e-02,8.4400e-02,9.4112e-02,1.0376e-01,1.1311e-01,1.2193e-01,1.2997e-01,1.3702e-01,1.4287e-01,1.4737e-01,1.5038e-01,1.5184e-01,1.5171e-01,1.5002e-01,1.4681e-01,1.4219e-01,1.3630e-01,1.2929e-01,1.2136e-01,1.1270e-01,1.0353e-01,9.4075e-02,8.4539e-02,7.5126e-02,6.6013e-02,5.7356e-02,4.9280e-02,4.1882e-02,3.5230e-02,2.9365e-02,2.4306e-02
1.1223e-01,1.0958e-01,1.0570e-01,1.0067e-01,9.4528e-02,8.7325e-02,7.9097e-02,6.9895e-02,5.9791e-02,4.8897e-02,3.7378e-02,2.5474e-02,1.3499e-02,1.8392e-03,-9.0694e-03,-1.8774e-02,-2.6851e-02,-3.2949e-02,-3.6828e-02,-3.8375e-02,-3.7613e-02,-3.4683e-02,-2.9819e-02,-2.3317e-02,-1.5508e-02,-6.7272e-03,2.7064e-03,1.2501e-02,2.2401e-02,3.2195e-02,4.1708e-02,5.0801e-02,5.9364e-02,6.7302e-02,7.4523e-02,8.0928e-02,8.6399e-02,9.0798e-02,9.3978e-02,9.5801e-02,9.6167e-02,9.5031e-02,9.2431e-02,8.8486e-02,8.3389e-02,7.7388e-02,7.0762e-02,6.3791e-02,5.6734e-02,4.9820e-02,4.3235e-02,3.7127e-02,3.1606e-02,2.6753e-02,2.2628e-02,1.9276e-02,1.6734e-02,1.5034e-02,1.4206e-02,1.4278e-02,1.5277e-02,1.7227e-02,2.0145e-02,2.4040e-02,2.8906e-02,3.4721e-02,4.1441e-02,4.8998e-02,5.7295e-02,6.6209e-02,7.5585e-02,8.5242e-02,9.4974e-02,1.0456e-01,1.1375e-01,1.2232e-01,1.3002e-01,1.3665e-01,1.4201e-01,1.4595e-01,1.4836e-01,1.4918e-01,1.4840e-01,1.4605e-01,1.4221e-01,1.3699e-01,1.3055e-01,1.2305e-01,1.1469e-01,1.0569e-01,9.6252e-02,8.6608e-02,7.6963e-02,6.7509e-02,5.8417e-02,4.9834e-02,4.1872e-02,3.4619e-02,2.8132e-02,2.2444e-02
1.1197e-01,1.0999e-01,1.0674e-01,1.0232e-01,9.6780e-02,9.0167e-02,8.2522e-02,7.3887e-02,6.4316e-02,5.3892e-02,4.2743e-02,3.1058e-02,1.9102e-02,7.2185e-03,-4.1838e-03,-1.4656e-02,-2.3747e-02,-3.1056e-02,-3.6268e-02,-3.9192e-02,-3.9769e-02,-3.8074e-02,-3.4290e-02,-2.8686e-02,-2.1578e-02,-1.3305e-02,-4.1992e-03,5.4263e-03,1.5294e-02,2.5165e-02,3.4843e-02,4.4172e-02,5.3026e-02,6.1308e-02,6.8928e-02,7.5798e-02,8.1814e-02,8.6850e-02,9.0764e-02,9.3406e-02,9.4643e-02,9.4388e-02,9.2623e-02,8.9411e-02,8.4900e-02,7.9311e-02,7.2909e-02,6.5981e-02,5.8809e-02,5.1646e-02,4.4711e-02,3.8178e-02,3.2183e-02,2.6823e-02,2.2174e-02,1.8287e-02,1.5203e-02,1.2956e-02,1.1573e-02,1.1085e-02,1.1515e-02,1.2889e-02,1.5227e-02,1.8541e-02,2.2833e-02,2.8089e-02,3.4280e-02,4.1351e-02,4.9224e-02,5.7791e-02,6.6919e-02,7.6441e-02,8.6170e-02,9.5890e-02,1.0537e-01,1.1437e-01,1.2266e-01,1.2999e-01,1.3616e-01,1.4100e-01,1.4435e-01,1.4614e-01,1.4630e-01,1.4486e-01,1.4185e-01,1.3738e-01,1.3157e-01,1.2459e-01,1.1661e-01,1.0786e-01,9.8529e-02,8.8854e-02,7.9049e-02,6.9316e-02,5.9844e-02,5.0794e-02,4.2298e-02,3.4464e-02,2.7365e-02,2.1050e-02
1.1132e-01,1.1002e-01,1.0742e-01,1.0361e-01,9.8664e-02,9.2634e-02,8.5567e-02,7.7500e-02,6.8478e-02,5.8561e-02,4.7844e-02,3.6475e-02,2.4668e-02,1.2715e-02,9.8857e-04,-1.0083e-02,-2.0043e-02,-2.8451e-02,-3.4932e-02,-3.9216e-02,-4.1163e-02,-4.0770e-02,-3.8162e-02,-3.3563e-02,-2.7268e-02,-1.9610e-02,-1.0930e-02,-1.5576e-03,8.2061e-03,1.8098e-02,2.7898e-02,3.7426e-02,4.6542e-02,5.5136e-02,6.3118e-02,7.0406e-02,7.6909e-02,8.2519e-02,8.7103e-02,9.0511e-02,9.2593e-02,9.3225e-02,9.2338e-02,8.9939e-02,8.6121e-02,8.1064e-02,7.5010e-02,6.8241e-02,6.1051e-02,5.3717e-02,4.6487e-02,3.9567e-02,3.3119e-02,2.7265e-02,2.2094e-02,1.7672e-02,1.4045e-02,1.1249e-02,9.3138e-03,8.2668e-03,8.1331e-03,8.9363e-03,1.0698e-02,1.3432e-02,1.7147e-02,2.1837e-02,2.7483e-02,3.4043e-02,4.1454e-02,4.9627e-02,5.8445e-02,6.7762e-02,7.7404e-02,8.7173e-02,9.6848e-02,1.0619e-01,1.1497e-01,1.2293e-01,1.2986e-01,1.3555e-01,1.3983e-01,1.4258e-01,1.4372e-01,1.4322e-01,1.4110e-01,1.3744e-01,1.3233e-01,1.2594e-01,1.1843e-01,1.1000e-01,1.0086e-01,9.1240e-02,8.1348e-02,7.1405e-02,6.1610e-02,5.2140e-02,4.3148e-02,3.4757e-02,2.7061e-02,2.0125e-02
1.1026e-01,1.0968e-01,1.0774e-01,1.0455e-01,1.0019e-01,9.4741e-02,8.8242e-02,8.0739e-02,7.2270e-02,6.2882e-02,5.2643e-02,4.1664e-02,3.0113e-02,1.8231e-02,6.3414e-03,-5.1597e-03,-1.5826e-02,-2.5198e-02,-3.2854e-02,-3.8454e-02,-4.1774e-02,-4.2733e-02,-4.1380e-02,-3.7888e-02,-3.2517e-02,-2.5585e-02,-1.7434e-02,-8.4073e-03,1.1743e-03,1.1024e-02,2.0894e-02,3.0583e-02,3.9928e-02,4.8806e-02,5.7119e-02,6.4787e-02,7.1728e-02,7.7851e-02,8.3038e-02,8.7149e-02,9.0030e-02,9.1531e-02,9.1541e-02,9.0011e-02,8.6978e-02,8.2567e-02,7.6986e-02,7.0499e-02,6.3401e-02,5.5988e-02,4.8534e-02,4.1276e-02,3.4406e-02,2.8074e-02,2.2390e-02,1.7434e-02,1.3262e-02,9.9162e-03,7.4275e-03,5.8231e-03,5.1274e-03,5.3634e-03,6.5518e-03,8.7097e-03,1.1848e-02,1.5968e-02,2.1057e-02,2.7087e-02,3.4008e-02,4.1746e-02,5.0203e-02,5.9249e-02,6.8730e-02,7.8463e-02,8.8240e-02,9.7836e-02,1.0701e-01,1.1552e-01,1.2313e-01,1.2962e-01,1.3479e-01,1.3849e-01,1.4061e-01,1.4109e-01,1.3991e-01,1.3711e-01,1.3279e-01,1.2707e-01,1.2010e-01,1.1209e-01,1.0322e-01,9.3725e-02,8.3826e-02,7.3743e-02,6.3688e-02,5.3852e-02,4.4405e-02,3.5489e-02,2.7216e-02,1.9669e-02
1.0879e-01,1.0895e-01,1.0769e-01,1.0514e-01,1.0138e-01,9.6499e-02,9.0562e-02,8.3614e-02,7.5695e-02,6.6843e-02,5.7111e-02,4.6576e-02,3.5367e-02,2.3676e-02,1.1772e-02,8.8476e-06,-1.1194e-02,-2.1377e-02,-3.0088e-02,-3.6928e-02,-4.1598e-02,-4.3930e-02,-4.3897e-02,-4.1603e-02,-3.7263e-02,-3.1169e-02,-2.3657e-02,-1.5075e-02,-5.7617e-03,3.9732e-03,1.3857e-02,2.3662e-02,3.3203e-02,4.2337e-02,5.0954e-02,5.8969e-02,6.6307e-02,7.2888e-02,7.8615e-02,8.3363e-02,8.6981e-02,8.9311e-02,9.0211e-02,8.9582e-02,8.7403e-02,8.3741e-02,7.8754e-02,7.2676e-02,6.5792e-02,5.8405e-02,5.0811e-02,4.3278e-02,3.6029e-02,2.9245e-02,2.3061e-02,1.7576e-02,1.2860e-02,8.9608e-03,5.9160e-03,3.7532e-03,2.4965e-03,2.1676e-03,2.7867e-03,4.3714e-03,6.9346e-03,1.0482e-02,1.5009e-02,2.0495e-02,2.6903e-02,3.4174e-02,4.2224e-02,5.0945e-02,6.0197e-02,6.9814e-02,7.9607e-02,8.9360e-02,9.8841e-02,1.0781e-01,1.1602e-01,1.2324e-01,1.2926e-01,1.3389e-01,1.3698e-01,1.3845e-01,1.3824e-01,1.3637e-01,1.3290e-01,1.2792e-01,1.2158e-01,1.1406e-01,1.0555e-01,9.6272e-02,8.6445e-02,7.6297e-02,6.6049e-02,5.5905e-02,4.6051e-02,3.6647e-02,2.7823e-02,1.9681e-02
1.0689e-01,1.0782e-01,1.0728e-01,1.0537e-01,1.0222e-01,9.7919e-02,9.2538e-02,8.6137e-02,7.8760e-02,7.0445e-02,6.1232e-02,5.1178e-02,4.0376e-02,2.8972e-02,1.7185e-02,5.3173e-03,-6.2514e-03,-1.7080e-02,-2.6703e-02,-3.4680e-02,-4.0645e-02,-4.4347e-02,-4.5673e-02,-4.4655e-02,-4.1447e-02,-3.6303e-02,-2.9541e-02,-2.1510e-02,-1.2558e-02,-3.0174e-03,6.8157e-03,1.6686e-02,2.6384e-02,3.5744e-02,4.4639e-02,5.2975e-02,6.0676e-02,6.7672e-02,7.3881e-02,7.9197e-02,8.3486e-02,8.6589e-02,8.8347e-02,8.8625e-02,8.7344e-02,8.4513e-02,8.0231e-02,7.4689e-02,6.8146e-02,6.0903e-02,5.3270e-02,4.5539e-02,3.7968e-02,3.0768e-02,2.4104e-02,1.8099e-02,1.2839e-02,8.3858e-03,4.7819e-03,2.0583e-03,2.3947e-04,-6.5348e-04,-6.0132e-04,4.1306e-04,2.4038e-03,5.3794e-03,9.3394e-03,1.4273e-02,2.0151e-02,2.6929e-02,3.4538e-02,4.2883e-02,5.1846e-02,6.1278e-02,7.1004e-02,8.0825e-02,9.0520e-02,9.9852e-02,1.0858e-01,1.1645e-01,1.2325e-01,1.2876e-01,1.3282e-01,1.3528e-01,1.3608e-01,1.3518e-01,1.3261e-01,1.2845e-01,1.2283e-01,1.1588e-01,1.0782e-01,9.8838e-02,8.9167e-02,7.9033e-02,6.8663e-02,5.8275e-02,4.8067e-02,3.8217e-02,2.8873e-02,2.0157e-02
1.0453e-01,1.0629e-01,1.0649e-01,1.0526e-01,1.0273e-01,9.9012e-02,9.4184e-02,8.8322e-02,8.1478e-02,7.3693e-02,6.5002e-02,5.5448e-02,4.5097e-02,3.4057e-02,2.2497e-02,1.0666e-02,-1.1049e-03,-1.2407e-02,-2.2783e-02,-3.1768e-02,-3.8943e-02,-4.3981e-02,-4.6684e-02,-4.6998e-02,-4.5010e-02,-4.0923e-02,-3.5025e-02,-2.7655e-02,-1.9167e-02,-9.9081e-03,-1.9917e-04,9.6790e-03,1.9490e-02,2.9042e-02,3.8190e-02,4.6824e-02,5.4861e-02,6.2235e-02,6.8876e-02,7.4699e-02,7.9589e-02,8.3399e-02,8.5965e-02,8.7128e-02,8.6765e-02,8.4823e-02,8.1341e-02,7.6454e-02,7.0383e-02,6.3411e-02,5.5852e-02,4.8017e-02,4.0193e-02,3.2625e-02,2.5511e-02,1.9001e-02,1.3203e-02,8.1955e-03,4.0292e-03,7.4089e-04,-1.6428e-03,-3.1008e-03,-3.6148e-03,-3.1685e-03,-1.7479e-03,6.5697e-04,4.0497e-03,8.4243e-03,1.3762e-02,2.0027e-02,2.7164e-02,3.5095e-02,4.3717e-02,5.2899e-02,6.2484e-02,7.2289e-02,8.2105e-02,9.1707e-02,1.0085e-01,1.0930e-01,1.1681e-01,1.2315e-01,1.2812e-01,1.3157e-01,1.3338e-01,1.3349e-01,1.3189e-01,1.2862e-01,1.2378e-01,1.1750e-01,1.0997e-01,1.0138e-01,9.1952e-02,8.1913e-02,7.1498e-02,6.0933e-02,5.0430e-02,4.0183e-02,3.0357e-02,2.1092e-02
1.0169e-01,1.0431e-01,1.0530e-01,1.0479e-01,1.0291e-01,9.9781e-02,9.5511e-02,9.0184e-02,8.3863e-02,7.6597e-02,6.8423e-02,5.9376e-02,4.9503e-02,3.8881e-02,2.7636e-02,1.5964e-02,4.1425e-03,-7.4645e-03,-1.8424e-02,-2.8268e-02,-3.6540e-02,-4.2849e-02,-4.6915e-02,-4.8597e-02,-4.7902e-02,-4.4971e-02,-4.0048e-02,-3.3452e-02,-2.5535e-02,-1.6654e-02,-7.1509e-03,2.6687e-03,1.2541e-02,2.2248e-02,3.1621e-02,4.0529e-02,4.8880e-02,5.6604e-02,6.3639e-02,6.9915e-02,7.5339e-02,7.9784e-02,8.3094e-02,8.5099e-02,8.5644e-02,8.4624e-02,8.2015e-02,7.7888e-02,7.2415e-02,6.5847e-02,5.8486e-02,5.0655e-02,4.2664e-02,3.4791e-02,2.7268e-02,2.0277e-02,1.3954e-02,8.3930e-03,3.6619e-03,-1.9519e-04,-3.1479e-03,-5.1738e-03,-6.2549e-03,-6.3760e-03,-5.5238e-03,-3.6878e-03,-8.6215e-04,2.9509e-03,7.7396e-03,1.3477e-02,2.0120e-02,2.7604e-02,3.5841e-02,4.4718e-02,5.4095e-02,6.3805e-02,7.3657e-02,8.3435e-02,9.2908e-02,1.0183e-01,1.0996e-01,1.1706e-01,1.2291e-01,1.2732e-01,1.3014e-01,1.3128e-01,1.3068e-01,1.2837e-01,1.2439e-01,1.1887e-01,1.1196e-01,1.0385e-01,9.4756e-02,8.4900e-02,7.4521e-02,6.3852e-02,5.3118e-02,4.2526e-02,3.2261e-02,2.2481e-02
9.8345e-02,1.0189e-01,1.0371e-01,1.0395e-01,1.0274e-01,1.0023e-01,9.6527e-02,9.1734e-02,8.5929e-02,7.9172e-02,7.1504e-02,6.2961e-02,5.3579e-02,4.3411e-02,3.2546e-02,2.1133e-02,9.3950e-03,-2.3570e-03,-1.3729e-02,-2.4267e-02,-3.3499e-02,-4.0984e-02,-4.6370e-02,-4.9428e-02,-5.0079e-02,-4.8389e-02,-4.4548e-02,-3.8840e-02,-3.1606e-02,-2.3207e-02,-1.3999e-02,-4.3127e-03,5.5620e-03,1.5380e-02,2.4944e-02,3.4104e-02,4.2749e-02,5.0800e-02,5.8198e-02,6.4883e-02,7.0782e-02,7.5793e-02,7.9775e-02,8.2562e-02,8.3981e-02,8.3887e-02,8.2197e-02,7.8918e-02,7.4159e-02,6.8126e-02,6.1096e-02,5.3389e-02,4.5333e-02,3.7234e-02,2.9357e-02,2.1919e-02,1.5087e-02,8.9807e-03,3.6844e-03,-7.4556e-04,-4.2722e-03,-6.8704e-03,-8.5214e-03,-9.2109e-03,-8.9264e-03,-7.6579e-03,-5.3986e-03,-2.1480e-03,2.0871e-03,7.2871e-03,1.3419e-02,2.0429e-02,2.8245e-02,3.6769e-02,4.5878e-02,5.5424e-02,6.5230e-02,7.5096e-02,8.4802e-02,9.4110e-02,1.0278e-01,1.1055e-01,1.1721e-01,1.2254e-01,1.2635e-01,1.2852e-01,1.2896e-01,1.2765e-01,1.2461e-01,1.1993e-01,1.1373e-01,1.0620e-01,9.7531e-02,8.7949e-02,7.7692e-02,6.6999e-02,5.6104e-02,4.5228e-02,3.4572e-02,2.4312e-02
9.4470e-02,9.8976e-02,1.0168e-01,1.0272e-01,1.0223e-01,1.0035e-01,9.7235e-02,9.2983e-02,8.7691e-02,8.1433e-02,7.4260e-02,6.6213e-02,5.7321e-02,4.7624e-02,3.7185e-02,2.6108e-02,1.4566e-02,2.8144e-03,-8.8032e-03,-1.9864e-02,-2.9900e-02,-3.8440e-02,-4.5071e-02,-4.9483e-02,-5.1508e-02,-5.1128e-02,-4.8465e-02,-4.3757e-02,-3.7321e-02,-2.9512e-02,-2.0698e-02,-1.1228e-02,-1.4186e-03,8.4577e-03,1.8176e-02,2.7560e-02,3.6479e-02,4.4840e-02,5.2576e-02,5.9637e-02,6.5963e-02,7.1474e-02,7.6055e-02,7.9553e-02,8.1793e-02,8.2602e-02,8.1850e-02,7.9480e-02,7.5534e-02,7.0160e-02,6.3597e-02,5.6146e-02,4.8140e-02,3.9908e-02,3.1747e-02,2.3910e-02,1.6597e-02,9.9586e-03,4.1004e-03,-9.0531e-04,-5.0114e-03,-8.1873e-03,-1.0413e-02,-1.1673e-02,-1.1958e-02,-1.1256e-02,-9.5626e-03,-6.8744e-03,-3.1955e-03,1.4606e-03,7.0678e-03,1.3584e-02,2.0950e-02,2.9081e-02,3.7872e-02,4.7189e-02,5.6875e-02,6.6746e-02,7.6594e-02,8.6192e-02,9.5299e-02,1.0367e-01,1.1106e-01,1.1724e-01,1.2201e-01,1.2520e-01,1.2669e-01,1.2642e-01,1.2438e-01,1.2061e-01,1.1522e-01,1.0836e-01,1.0022e-01,9.1012e-02,8.0969e-02,7.0337e-02,5.9357e-02,4.8264e-02,3.7273e-02,2.6578e-02
9.0039e-02,9.5554e-02,9.9193e-02,1.0107e-01,1.0134e-01,1.0015e-01,9.7636e-02,9.3937e-02,8.9161e-02,8.3395e-02,7.6707e-02,6.9141e-02,6.0733e-02,5.1513e-02,4.1524e-02,3.0839e-02,1.9583e-02,7.9576e-03,-3.7507e-03,-1.5164e-02,-2.5835e-02,-3.5285e-02,-4.3057e-02,-4.8771e-02,-5.2169e-02,-5.3145e-02,-5.1744e-02,-4.8141e-02,-4.2617e-02,-3.5514e-02,-2.7198e-02,-1.8037e-02,-8.3689e-03,1.5056e-03,1.1333e-02,2.0910e-02,3.0081e-02,3.8734e-02,4.6792e-02,5.4202e-02,6.0916e-02,6.6874e-02,7.1984e-02,7.6118e-02,7.9109e-02,8.0776e-02,8.0952e-02,7.9525e-02,7.6470e-02,7.1866e-02,6.5901e-02,5.8843e-02,5.1015e-02,4.2759e-02,3.4401e-02,2.6226e-02,1.8472e-02,1.1323e-02,4.9115e-03,-6.6978e-04,-5.3598e-03,-9.1202e-03,-1.1926e-02,-1.3763e-02,-1.4618e-02,-1.4485e-02,-1.3357e-02,-1.1231e-02,-8.1092e-03,-4.0013e-03,1.0731e-03,7.0809e-03,1.3972e-02,2.1678e-02,3.0106e-02,3.9141e-02,4.8641e-02,5.8439e-02,6.8342e-02,7.8137e-02,8.7591e-02,9.6460e-02,1.0450e-01,1.1146e-01,1.1714e-01,1.2132e-01,1.2386e-01,1.2465e-01,1.2365e-01,1.2087e-01,1.1637e-01,1.1028e-01,1.0277e-01,9.4034e-02,8.4305e-02,7.3825e-02,6.2844e-02,5.1607e-02,4.0343e-02,2.9263e-02
8.5027e-02,9.1592e-02,9.6215e-02,9.8997e-02,1.0007e-01,9.9598e-02,9.7725e-02,9.4599e-02,9.0347e-02,8.5074e-02,7.8860e-02,7.1764e-02,6.3827e-02,5.5078e-02,4.5550e-02,3.5291e-02,2.4389e-02,1.2992e-02,1.3309e-03,-1.0271e-02,-2.1405e-02,-3.1604e-02,-4.0386e-02,-4.7317e-02,-5.2058e-02,-5.4412e-02,-5.4335e-02,-5.1933e-02,-4.7434e-02,-4.1151e-02,-3.3446e-02,-2.4693e-02,-1.5251e-02,-5.4479e-03,4.4356e-03,1.4167e-02,2.3563e-02,3.2491e-02,4.0857e-02,4.8599e-02,5.5673e-02,6.2033e-02,6.7612e-02,7.2308e-02,7.5975e-02,7.8435e-02,7.9503e-02,7.9023e-02,7.6907e-02,7.3166e-02,6.7920e-02,6.1391e-02,5.3879e-02,4.5724e-02,3.7270e-02,2.8835e-02,2.0694e-02,1.3066e-02,6.1170e-03,-3.5431e-05,-5.3123e-03,-9.6630e-03,-1.3057e-02,-1.5475e-02,-1.6907e-02,-1.7344e-02,-1.6783e-02,-1.5219e-02,-1.2656e-02,-9.0987e-03,-4.5630e-03,9.2493e-04,7.3246e-03,1.4578e-02,2.2608e-02,3.1313e-02,4.0568e-02,5.0223e-02,6.0101e-02,7.0004e-02,7.9711e-02,8.8985e-02,9.7580e-02,1.0525e-01,1.1176e-01,1.1688e-01,1.2045e-01,1.2231e-01,1.2239e-01,1.2065e-01,1.1712e-01,1.1189e-01,1.0511e-01,9.6953e-02,8.7642e-02,7.7415e-02,6.6526e-02,5.5225e-02,4.3758e-02,3.2352e-02
7.9418e-02,8.7063e-02,9.2717e-02,9.6453e-02,9.8391e-02,9.8684e-02,9.7490e-02,9.4966e-02,9.1255e-02,8.6479e-02,8.0735e-02,7.4097e-02,6.6616e-02,5.8328e-02,4.9260e-02,3.9444e-02,2.8940e-02,1.7851e-02,6.3536e-03,-5.2881e-03,-1.6716e-02,-2.7491e-02,-3.7132e-02,-4.5166e-02,-5.1188e-02,-5.4912e-02,-5.6201e-02,-5.5078e-02,-5.1707e-02,-4.6361e-02,-3.9382e-02,-3.1145e-02,-2.2024e-02,-1.2370e-02,-2.4919e-03,7.3479e-03,1.6939e-02,2.6121e-02,3.4779e-02,4.2840e-02,5.0255e-02,5.6984e-02,6.2982e-02,6.8173e-02,7.2438e-02,7.5616e-02,7.7519e-02,7.7963e-02,7.6807e-02,7.3993e-02,6.9570e-02,6.3702e-02,5.6646e-02,4.8726e-02,4.0294e-02,3.1694e-02,2.3234e-02,1.5173e-02,7.7121e-03,9.9916e-04,-4.8637e-03,-9.8101e-03,-1.3799e-02,-1.6807e-02,-1.8822e-02,-1.9834e-02,-1.9842e-02,-1.8843e-02,-1.6838e-02,-1.3833e-02,-9.8399e-03,-4.8795e-03,1.0151e-03,7.7961e-03,1.5397e-02,2.3733e-02,3.2692e-02,4.2142e-02,5.1923e-02,6.1851e-02,7.1720e-02,8.1303e-02,9.0360e-02,9.8642e-02,1.0591e-01,1.1192e-01,1.1647e-01,1.1939e-01,1.2056e-01,1.1990e-01,1.1740e-01,1.1313e-01,1.0717e-01,9.9702e-02,9.0918e-02,8.1051e-02,7.0353e-02,5.9080e-02,4.7490e-02,3.5823e-02
7.3199e-02,8.1945e-02,8.8670e-02,9.3412e-02,9.6269e-02,9.7384e-02,9.6916e-02,9.5031e-02,9.1885e-02,8.7618e-02,8.2346e-02,7.6158e-02,6.9120e-02,6.1277e-02,5.2659e-02,4.3290e-02,3.3208e-02,2.2484e-02,1.1243e-02,-3.0879e-04,-1.1871e-02,-2.3050e-02,-3.3384e-02,-4.2383e-02,-4.9591e-02,-5.4644e-02,-5.7313e-02,-5.7530e-02,-5.5380e-02,-5.1081e-02,-4.4945e-02,-3.7338e-02,-2.8641e-02,-1.9223e-02,-9.4208e-03,4.7364e-04,1.0220e-02,1.9630e-02,2.8566e-02,3.6935e-02,4.4676e-02,5.1754e-02,5.8133e-02,6.3762e-02,6.8552e-02,7.2368e-02,7.5033e-02,7.6352e-02,7.6146e-02,7.4296e-02,7.0779e-02,6.5688e-02,5.9225e-02,5.1682e-02,4.3403e-02,3.4748e-02,2.6056e-02,1.7622e-02,9.6861e-03,2.4318e-03,-4.0112e-03,-9.5556e-03,-1.4147e-02,-1.7754e-02,-2.0358e-02,-2.1953e-02,-2.2534e-02,-2.2102e-02,-2.0657e-02,-1.8206e-02,-1.4758e-02,-1.0331e-02,-4.9509e-03,1.3416e-03,8.4914e-03,1.6424e-02,2.5045e-02,3.4235e-02,4.3853e-02,5.3730e-02,6.3675e-02,7.3475e-02,8.2898e-02,9.1700e-02,9.9634e-02,1.0646e-01,1.1194e-01,1.1589e-01,1.1814e-01,1.1858e-01,1.1717e-01,1.1391e-01,1.0888e-01,1.0221e-01,9.4063e-02,8.4669e-02,7.4270e-02,6.3126e-02,5.1501e-02,3.9649e-02
6.6369e-02,7.6220e-02,8.4046e-02,8.9842e-02,9.3675e-02,9.5669e-02,9.5981e-02,9.4779e-02,9.2232e-02,8.8495e-02,8.3702e-02,7.7962e-02,7.1356e-02,6.3942e-02,5.5758e-02,4.6829e-02,3.7180e-02,2.6855e-02,1.5939e-02,4.5839e-03,-6.9706e-03,-1.8387e-02,-2.9239e-02,-3.9045e-02,-4.7317e-02,-5.3627e-02,-5.7659e-02,-5.9250e-02,-5.8397e-02,-5.5250e-02,-5.0074e-02,-4.3213e-02,-3.5049e-02,-2.5963e-02,-1.6318e-02,-6.4317e-03,3.4239e-03,1.3031e-02,2.2225e-02,3.0888e-02,3.8947e-02,4.6359e-02,5.3093e-02,5.9116e-02,6.4368e-02,6.8743e-02,7.2090e-02,7.4216e-02,7.4922e-02,7.4042e-02,7.1485e-02,6.7268e-02,6.1526e-02,5.4502e-02,4.6518e-02,3.7934e-02,2.9111e-02,2.0381e-02,1.2022e-02,4.2560e-03,-2.7538e-03,-8.8947e-03,-1.4094e-02,-1.8307e-02,-2.1512e-02,-2.3697e-02,-2.4858e-02,-2.4997e-02,-2.4115e-02,-2.2220e-02,-1.9319e-02,-1.5429e-02,-1.0571e-02,-4.7782e-03,1.9013e-03,9.4052e-03,1.7651e-02,2.6536e-02,3.5932e-02,4.5689e-02,5.5631e-02,6.5559e-02,7.5255e-02,8.4481e-02,9.2992e-02,1.0054e-01,1.0688e-01,1.1181e-01,1.1512e-01,1.1667e-01,1.1638e-01,1.1420e-01,1.1018e-01,1.0439e-01,9.7001e-02,8.8197e-02,7.8214e-02,6.7308e-02,5.5747e-02,4.3797e-02
5.8937e-02,6.9879e-02,7.8823e-02,8.5712e-02,9.0575e-02,9.3509e-02,9.4658e-02,9.4192e-02,9.2285e-02,8.9108e-02,8.4810e-02,7.9521e-02,7.3341e-02,6.6343e-02,5.8576e-02,5.0072e-02,4.0852e-02,3.0943e-02,2.0398e-02,9.3217e-03,-2.1045e-03,-1.3604e-02,-2.4803e-02,-3.5244e-02,-4.4434e-02,-5.1898e-02,-5.7244e-02,-6.0215e-02,-6.0714e-02,-5.8808e-02,-5.4703e-02,-4.8708e-02,-4.1192e-02,-3.2544e-02,-2.3144e-02,-1.3339e-02,-3.4296e-03,6.3353e-03,1.5761e-02,2.4706e-02,3.3074e-02,4.0810e-02,4.7883e-02,5.4269e-02,5.9931e-02,6.4796e-02,6.8741e-02,7.1594e-02,7.3153e-02,7.3219e-02,7.1644e-02,6.8371e-02,6.3461e-02,5.7094e-02,4.9549e-02,4.1174e-02,3.2341e-02,2.3408e-02,1.4694e-02,6.4590e-03,-1.0951e-03,-7.8245e-03,-1.3633e-02,-1.8461e-02,-2.2275e-02,-2.5060e-02,-2.6810e-02,-2.7526e-02,-2.7212e-02,-2.5875e-02,-2.3525e-02,-2.0174e-02,-1.5843e-02,-1.0560e-02,-4.3643e-03,2.6897e-03,1.0531e-02,1.9070e-02,2.8195e-02,3.7771e-02,4.7637e-02,5.7613e-02,6.7490e-02,7.7045e-02,8.6038e-02,9.4220e-02,1.0134e-01,1.0718e-01,1.1150e-01,1.1415e-01,1.1498e-01,1.1393e-01,1.1098e-01,1.0618e-01,9.9653e-02,9.1557e-02,8.2110e-02,7.1560e-02,6.0173e-02,4.8223e-02
5.0923e-02,6.2923e-02,7.2984e-02,8.0994e-02,8.6935e-02,9.0868e-02,9.2918e-02,9.3245e-02,9.2028e-02,8.9447e-02,8.5671e-02,8.0845e-02,7.5090e-02,6.8497e-02,6.1132e-02,5.3036e-02,4.4232e-02,3.4740e-02,2.4591e-02,1.3852e-02,2.6504e-03,-8.7986e-03,-2.0180e-02,-3.1083e-02,-4.1026e-02,-4.9512e-02,-5.6090e-02,-6.0416e-02,-6.2295e-02,-6.1703e-02,-5.8771e-02,-5.3759e-02,-4.7010e-02,-3.8912e-02,-2.9856e-02,-2.0214e-02,-1.0315e-02,-4.4034e-04,9.1860e-03,1.8393e-02,2.7061e-02,3.5116e-02,4.2518e-02,4.9247e-02,5.5281e-02,6.0576e-02,6.5043e-02,6.8538e-02,7.0872e-02,7.1833e-02,7.1232e-02,6.8945e-02,6.4954e-02,5.9366e-02,5.2405e-02,4.4386e-02,3.5675e-02,2.6651e-02,1.7666e-02,9.0201e-03,9.5647e-04,-6.3451e-03,-1.2760e-02,-1.8208e-02,-2.2641e-02,-2.6037e-02,-2.8386e-02,-2.9688e-02,-2.9948e-02,-2.9174e-02,-2.7376e-02,-2.4568e-02,-2.0768e-02,-1.6001e-02,-1.0300e-02,-3.7125e-03,3.7011e-03,1.1862e-02,2.0673e-02,3.0013e-02,3.9740e-02,4.9686e-02,5.9661e-02,6.9452e-02,7.8831e-02,8.7552e-02,9.5368e-02,1.0203e-01,1.0732e-01,1.1102e-01,1.1298e-01,1.1307e-01,1.1124e-01,1.0751e-01,1.0194e-01,9.4666e-02,8.5879e-02,7.5808e-02,6.4715e-02,5.2875e-02
4.2363e-02,5.5363e-02,6.6521e-02,7.5666e-02,8.2723e-02,8.7711e-02,9.0724e-02,9.1907e-02,9.1437e-02,8.9501e-02,8.6279e-02,8.1937e-02,7.6614e-02,7.0423e-02,6.3446e-02,5.5738e-02,4.7333e-02,3.8248e-02,2.8504e-02,1.8137e-02,7.2321e-03,-4.0548e-03,-1.5472e-02,-2.6665e-02,-3.7188e-02,-4.6544e-02,-5.4241e-02,-5.9862e-02,-6.3120e-02,-6.3892e-02,-6.2221e-02,-5.8302e-02,-5.2441e-02,-4.5010e-02,-3.6406e-02,-2.7018e-02,-1.7204e-02,-7.2754e-03,2.5116e-03,1.1955e-02,2.0910e-02,2.9278e-02,3.7004e-02,4.4065e-02,5.0447e-02,5.6127e-02,6.1048e-02,6.5103e-02,6.8126e-02,6.9911e-02,7.0246e-02,6.8952e-02,6.5940e-02,6.1235e-02,5.4992e-02,4.7476e-02,3.9033e-02,3.0046e-02,2.0891e-02,1.1910e-02,3.3855e-03,-4.4619e-03,-1.1473e-02,-1.7541e-02,-2.2602e-02,-2.6619e-02,-2.9578e-02,-3.1477e-02,-3.2319e-02,-3.2115e-02,-3.0874e-02,-2.8613e-02,-2.5347e-02,-2.1100e-02,-1.5903e-02,-9.7941e-03,-2.8275e-03,4.9291e-03,1.3390e-02,2.2449e-02,3.1979e-02,4.1828e-02,5.1821e-02,6.1762e-02,7.1432e-02,8.0596e-02,8.9009e-02,9.6421e-02,1.0259e-01,1.0730e-01,1.1034e-01,1.1158e-01,1.1091e-01,1.0830e-01,1.0378e-01,9.7438e-02,8.9433e-02,7.9970e-02,6.9298e-02,5.7688e-02
3.3306e-02,4.7225e-02,5.9439e-02,6.9713e-02,7.7911e-02,8.4003e-02,8.8040e-02,9.0146e-02,9.0486e-02,8.9248e-02,8.6624e-02,8.2796e-02,7.7921e-02,7.2134e-02,6.5536e-02,5.8201e-02,5.0174e-02,4.1480e-02,3.2134e-02,2.2156e-02,1.1595e-02,5.5601e-04,-1.0771e-02,-2.2096e-02,-3.3024e-02,-4.3079e-02,-5.1756e-02,-5.8582e-02,-6.3185e-02,-6.5341e-02,-6.4999e-02,-6.2276e-02,-5.7420e-02,-5.0776e-02,-4.2738e-02,-3.3706e-02,-2.4061e-02,-1.4145e-02,-4.2457e-03,5.4029e-03,1.4625e-02,2.3298e-02,3.1346e-02,3.8735e-02,4.5450e-02,5.1483e-02,5.6806e-02,6.1344e-02,6.4969e-02,6.7494e-02,6.8701e-02,6.8378e-02,6.6370e-02,6.2626e-02,5.7219e-02,5.0350e-02,4.2325e-02,3.3516e-02,2.4312e-02,1.5088e-02,6.1678e-03,-2.1852e-03,-9.7731e-03,-1.6458e-02,-2.2150e-02,-2.6799e-02,-3.0381e-02,-3.2887e-02,-3.4322e-02,-3.4695e-02,-3.4019e-02,-3.2308e-02,-2.9581e-02,-2.5859e-02,-2.1171e-02,-1.5551e-02,-9.0463e-03,-1.7155e-03,6.3663e-03,1.5105e-02,2.4388e-02,3.4080e-02,4.4021e-02,5.4029e-02,6.3901e-02,7.3413e-02,8.2326e-02,9.0393e-02,9.7366e-02,1.0301e-01,1.0710e-01,1.0946e-01,1.0996e-01,1.0852e-01,1.0511e-01,9.9793e-02,9.2684e-02,8.3957e-02,7.3838e-02,6.2587e-02
2.3816e-02,3.8550e-02,5.1754e-02,6.3129e-02,7.2478e-02,7.9709e-02,8.4828e-02,8.7923e-02,8.9140e-02,8.8663e-02,8.6690e-02,8.3413e-02,7.9012e-02,7.3640e-02,6.7419e-02,6.0444e-02,5.2776e-02,4.4453e-02,3.5490e-02,2.5900e-02,1.5708e-02,4.9787e-03,-6.1572e-03,-1.7474e-02,-2.8639e-02,-3.9218e-02,-4.8715e-02,-5.6623e-02,-6.2502e-02,-6.6033e-02,-6.7065e-02,-6.5621e-02,-6.1882e-02,-5.6148e-02,-4.8794e-02,-4.0227e-02,-3.0846e-02,-2.1018e-02,-1.1065e-02,-1.2523e-03,8.2125e-03,1.7178e-02,2.5545e-02,3.3260e-02,4.0303e-02,4.6671e-02,5.2355e-02,5.7315e-02,6.1459e-02,6.4634e-02,6.6632e-02,6.7228e-02,6.6220e-02,6.3481e-02,5.9005e-02,5.2914e-02,4.5457e-02,3.6975e-02,2.7859e-02,1.8503e-02,9.2698e-03,4.6623e-04,-7.6671e-03,-1.4955e-02,-2.1279e-02,-2.6569e-02,-3.0784e-02,-3.3912e-02,-3.5952e-02,-3.6912e-02,-3.6808e-02,-3.5654e-02,-3.3470e-02,-3.0278e-02,-2.6104e-02,-2.0981e-02,-1.4950e-02,-8.0616e-03,-3.8313e-04,8.0034e-03,1.6998e-02,2.6479e-02,3.6304e-02,4.6305e-02,5.6295e-02,6.6063e-02,7.5380e-02,8.4005e-02,9.1689e-02,9.8185e-02,1.0326e-01,1.0671e-01,1.0836e-01,1.0810e-01,1.0586e-01,1.0165e-01,9.5545e-02,8.7676e-02,7.8243e-02,6.7488e-02
1.3969e-02,2.9393e-02,4.3497e-02,5.5924e-02,6.6411e-02,7.4804e-02,8.1051e-02,8.5198e-02,8.7362e-02,8.7714e-02,8.6451e-02,8.3776e-02,7.9883e-02,7.4945e-02,6.9108e-02,6.2487e-02,5.5162e-02,4.7187e-02,3.8586e-02,2.9373e-02,1.9558e-02,9.1744e-03,-1.6950e-03,-1.2887e-02,-2.4136e-02,-3.5065e-02,-4.5208e-02,-5.4052e-02,-6.1105e-02,-6.5969e-02,-6.8389e-02,-6.8289e-02,-6.5765e-02,-6.1058e-02,-5.4513e-02,-4.6528e-02,-3.7513e-02,-2.7860e-02,-1.7921e-02,-7.9939e-03,1.6808e-03,1.0921e-02,1.9599e-02,2.7641e-02,3.5012e-02,4.1707e-02,4.7728e-02,5.3062e-02,5.7654e-02,6.1389e-02,6.4088e-02,6.5529e-02,6.5481e-02,6.3761e-02,6.0280e-02,5.5079e-02,4.8332e-02,4.0332e-02,3.1450e-02,2.2091e-02,1.2646e-02,3.4647e-03,-5.1686e-03,-1.3036e-02,-1.9986e-02,-2.5919e-02,-3.0780e-02,-3.4542e-02,-3.7200e-02,-3.8761e-02,-3.9238e-02,-3.8649e-02,-3.7015e-02,-3.4358e-02,-3.0704e-02,-2.6083e-02,-2.0534e-02,-1.4102e-02,-6.8463e-03,1.1613e-03,9.8317e-03,1.9057e-02,2.8709e-02,3.8637e-02,4.8667e-02,5.8604e-02,6.8232e-02,7.7318e-02,8.5617e-02,9.2881e-02,9.8865e-02,1.0334e-01,1.0612e-01,1.0704e-01,1.0600e-01,1.0295e-01,9.7933e-02,9.1036e-02,8.2418e-02,7.2296e-02
3.8561e-03,1.9824e-02,3.4713e-02,4.8116e-02,5.9708e-02,6.9265e-02,7.6676e-02,8.1931e-02,8.5112e-02,8.6365e-02,8.5880e-02,8.3863e-02,8.0523e-02,7.6050e-02,7.0611e-02,6.4344e-02,5.7352e-02,4.9705e-02,4.1445e-02,3.2589e-02,2.3143e-02,1.3121e-02,2.5676e-03,-8.4087e-03,-1.9609e-02,-3.0724e-02,-4.1336e-02,-5.0950e-02,-5.9048e-02,-6.5166e-02,-6.8956e-02,-7.0238e-02,-6.9011e-02,-6.5443e-02,-5.9829e-02,-5.2548e-02,-4.4011e-02,-3.4630e-02,-2.4783e-02,-1.4801e-02,-4.9575e-03,4.5313e-03,1.3510e-02,2.1877e-02,2.9578e-02,3.6599e-02,4.2945e-02,4.8621e-02,5.3603e-02,5.7818e-02,6.1125e-02,6.3321e-02,6.4171e-02,6.3448e-02,6.0995e-02,5.6766e-02,5.0855e-02,4.3487e-02,3.4996e-02,2.5777e-02,1.6241e-02,6.7722e-03,-2.2989e-03,-1.0710e-02,-1.8269e-02,-2.4845e-02,-3.0359e-02,-3.4769e-02,-3.8059e-02,-4.0234e-02,-4.1306e-02,-4.1292e-02,-4.0215e-02,-3.8099e-02,-3.4969e-02,-3.0857e-02,-2.5798e-02,-1.9833e-02,-1.3015e-02,-5.4077e-03,2.9092e-03,1.1841e-02,2.1271e-02,3.1066e-02,4.1066e-02,5.1093e-02,6.0942e-02,7.0394e-02,7.9211e-02,8.7147e-02,9.3953e-02,9.9391e-02,1.0324e-01,1.0531e-01,1.0547e-01,1.0364e-01,9.9777e-02,9.3948e-02,8.6266e-02,7.6913e-02
-6.4240e-03,9.9254e-03,2.5464e-02,3.9743e-02,5.2379e-02,6.3083e-02,7.1675e-02,7.8085e-02,8.2347e-02,8.4574e-02,8.4940e-02,8.3648e-02,8.0914e-02,7.6946e-02,7.1931e-02,6.6028e-02,5.9364e-02,5.2031e-02,4.4088e-02,3.5564e-02,2.6470e-02,1.6809e-02,6.5988e-03,-4.0976e-03,-1.5143e-02,-2.6297e-02,-3.7206e-02,-4.7413e-02,-5.6401e-02,-6.3662e-02,-6.8770e-02,-7.1442e-02,-7.1573e-02,-6.9240e-02,-6.4676e-02,-5.8223e-02,-5.0284e-02,-4.1280e-02,-3.1614e-02,-2.1646e-02,-1.1686e-02,-1.9814e-03,7.2790e-03,1.5965e-02,2.3999e-02,3.1351e-02,3.8019e-02,4.4019e-02,4.9351e-02,5.3978e-02,5.7804e-02,6.0660e-02,6.2322e-02,6.2544e-02,6.1116e-02,5.7914e-02,5.2941e-02,4.6344e-02,3.8399e-02,2.9475e-02,1.9984e-02,1.0339e-02,9.1014e-04,-7.9931e-03,-1.6134e-02,-2.3343e-02,-2.9513e-02,-3.4581e-02,-3.8520e-02,-4.1324e-02,-4.3003e-02,-4.3577e-02,-4.3067e-02,-4.1499e-02,-3.8901e-02,-3.5304e-02,-3.0740e-02,-2.5251e-02,-1.8883e-02,-1.1694e-02,-3.7543e-03,4.8510e-03,1.4019e-02,2.3629e-02,3.3536e-02,4.3578e-02,5.3566e-02,6.3293e-02,7.2532e-02,8.1043e-02,8.8578e-02,9.4891e-02,9.9747e-02,1.0294e-01,1.0428e-01,1.0366e-01,1.0101e-01,9.6334e-02,8.9695e-02,8.1239e-02
-1.6764e-02,-2.0783e-04,1.5826e-02,3.0857e-02,4.4452e-02,5.6260e-02,6.6030e-02,7.3627e-02,7.9026e-02,8.2299e-02,8.3591e-02,8.3097e-02,8.1033e-02,7.7620e-02,7.3063e-02,6.7544e-02,6.1213e-02,5.4185e-02,4.6539e-02,3.8324e-02,2.9558e-02,2.0243e-02,1.0383e-02,5.5656e-06,-1.0805e-02,-2.1875e-02,-3.2922e-02,-4.3544e-02,-5.3251e-02,-6.1517e-02,-6.7856e-02,-7.1890e-02,-7.3411e-02,-7.2393e-02,-6.8989e-02,-6.3488e-02,-5.6272e-02,-4.7759e-02,-3.8372e-02,-2.8499e-02,-1.8483e-02,-8.6052e-03,9.1124e-04,9.9053e-03,1.8273e-02,2.5960e-02,3.2955e-02,3.9272e-02,4.4928e-02,4.9918e-02,5.4186e-02,5.7606e-02,5.9984e-02,6.1076e-02,6.0637e-02,5.8478e-02,5.4517e-02,4.8810e-02,4.1561e-02,3.3090e-02,2.3795e-02,1.4102e-02,4.4157e-03,-4.9101e-03,-1.3591e-02,-2.1414e-02,-2.8237e-02,-3.3971e-02,-3.8571e-02,-4.2020e-02,-4.4324e-02,-4.5498e-02,-4.5567e-02,-4.4558e-02,-4.2499e-02,-3.9422e-02,-3.5362e-02,-3.0355e-02,-2.4447e-02,-1.7690e-02,-1.0147e-02,-1.8948e-03,6.9756e-03,1.6355e-02,2.6115e-02,3.6106e-02,4.6156e-02,5.6072e-02,6.5640e-02,7.4630e-02,8.2798e-02,8.9896e-02,9.5680e-02,9.9921e-02,1.0242e-01,1.0301e-01,1.0160e-01,9.8125e-02,9.2619e-02,8.5175e-02
-2.7051e-02,-1.0471e-02,5.8873e-03,2.1524e-02,3.5968e-02,4.8810e-02,5.9732e-02,6.8529e-02,7.5110e-02,7.9494e-02,8.1790e-02,8.2170e-02,8.0849e-02,7.8051e-02,7.3998e-02,6.8892e-02,6.2908e-02,5.6183e-02,4.8823e-02,4.0892e-02,3.2427e-02,2.3437e-02,1.3918e-02,3.8763e-03,-6.6456e-03,-1.7535e-02,-2.8580e-02,-3.9448e-02,-4.9695e-02,-5.8806e-02,-6.6255e-02,-7.1592e-02,-7.4502e-02,-7.4854e-02,-7.2705e-02,-6.8276e-02,-6.1908e-02,-5.4009e-02,-4.5010e-02,-3.5323e-02,-2.5321e-02,-1.5323e-02,-5.5847e-03,3.6992e-03,1.2395e-02,2.0422e-02,2.7752e-02,3.4390e-02,4.0359e-02,4.5676e-02,5.0324e-02,5.4222e-02,5.7216e-02,5.9084e-02,5.9570e-02,5.8436e-02,5.5525e-02,5.0802e-02,4.4383e-02,3.6523e-02,2.7584e-02,1.7988e-02,8.1629e-03,-1.4971e-03,-1.0659e-02,-1.9065e-02,-2.6529e-02,-3.2931e-02,-3.8202e-02,-4.2312e-02,-4.5256e-02,-4.7049e-02,-4.7711e-02,-4.7271e-02,-4.5761e-02,-4.3213e-02,-3.9661e-02,-3.5144e-02,-2.9705e-02,-2.3391e-02,-1.6261e-02,-8.3833e-03,1.6017e-04,9.2722e-03,1.8837e-02,2.8719e-02,3.8761e-02,4.8787e-02,5.8595e-02,6.7969e-02,7.6672e-02,8.4459e-02,9.1083e-02,9.6303e-02,9.9898e-02,1.0168e-01,1.0150e-01,9.9268e-02,9.4963e-02,8.8631e-02
-3.7172e-02,-2.0752e-02,-4.2513e-03,1.1827e-02,2.6985e-02,4.0766e-02,5.2788e-02,6.2775e-02,7.0566e-02,7.6117e-02,7.9489e-02,8.0825e-02,8.0324e-02,7.8210e-02,7.4717e-02,7.0066e-02,6.4452e-02,5.8040e-02,5.0957e-02,4.3294e-02,3.5105e-02,2.6411e-02,1.7213e-02,7.5054e-03,-2.6993e-03,-1.3340e-02,-2.4269e-02,-3.5229e-02,-4.5840e-02,-5.5618e-02,-6.4032e-02,-7.0574e-02,-7.4839e-02,-7.6586e-02,-7.5769e-02,-7.2521e-02,-6.7126e-02,-5.9968e-02,-5.1473e-02,-4.2073e-02,-3.2169e-02,-2.2113e-02,-1.2196e-02,-2.6487e-03,6.3636e-03,1.4733e-02,2.2406e-02,2.9373e-02,3.5655e-02,4.1282e-02,4.6265e-02,5.0568e-02,5.4083e-02,5.6624e-02,5.7947e-02,5.7789e-02,5.5931e-02,5.2252e-02,4.6775e-02,3.9673e-02,3.1253e-02,2.1910e-02,1.2084e-02,2.1984e-03,-7.3682e-03,-1.6308e-02,-2.4390e-02,-3.1454e-02,-3.7404e-02,-4.2189e-02,-4.5792e-02,-4.8219e-02,-4.9490e-02,-4.9635e-02,-4.8684e-02,-4.6673e-02,-4.3639e-02,-3.9619e-02,-3.4656e-02,-2.8795e-02,-2.2091e-02,-1.4605e-02,-6.4122e-03,2.4002e-03,1.1728e-02,2.1450e-02,3.1424e-02,4.1487e-02,5.1454e-02,6.1120e-02,7.0262e-02,7.8641e-02,8.6011e-02,9.2125e-02,9.6748e-02,9.9666e-02,1.0070e-01,9.9726e-02,9.6668e-02,9.1526e-02
-4.7014e-02,-3.0937e-02,-1.4481e-02,1.8616e-03,1.7578e-02,3.2176e-02,4.5219e-02,5.6361e-02,6.5369e-02,7.2129e-02,7.6644e-02,7.9015e-02,7.9415e-02,7.8063e-02,7.5197e-02,7.1051e-02,6.5843e-02,5.9761e-02,5.2959e-02,4.5552e-02,3.7615e-02,2.9190e-02,2.0287e-02,1.0897e-02,1.0165e-03,-9.3316e-03,-2.0059e-02,-3.0981e-02,-4.1789e-02,-5.2056e-02,-6.1267e-02,-6.8885e-02,-7.4434e-02,-7.7570e-02,-7.8134e-02,-7.6160e-02,-7.1859e-02,-6.5569e-02,-5.7703e-02,-4.8702e-02,-3.8989e-02,-2.8948e-02,-1.8907e-02,-9.1302e-03,1.8073e-04,8.8876e-03,1.6909e-02,2.4217e-02,3.0820e-02,3.6752e-02,4.2043e-02,4.6696e-02,5.0648e-02,5.3762e-02,5.5820e-02,5.6560e-02,5.5721e-02,5.3111e-02,4.8659e-02,4.2443e-02,3.4698e-02,2.5774e-02,1.6099e-02,6.1159e-03,-3.7583e-03,-1.3167e-02,-2.1829e-02,-2.9541e-02,-3.6170e-02,-4.1641e-02,-4.5918e-02,-4.8998e-02,-5.0897e-02,-5.1641e-02,-5.1264e-02,-4.9802e-02,-4.7294e-02,-4.3779e-02,-3.9299e-02,-3.3899e-02,-2.7631e-02,-2.0552e-02,-1.2730e-02,-4.2437e-03,4.8134e-03,1.4331e-02,2.4182e-02,3.4217e-02,4.4268e-02,5.4142e-02,6.3631e-02,7.2505e-02,8.0523e-02,8.7438e-02,9.3007e-02,9.6999e-02,9.9211e-02,9.9478e-02,9.7689e-02,9.3793e-02
-5.6469e-02,-4.0911e-02,-2.4686e-02,-8.2675e-03,7.8341e-03,2.3104e-02,3.7061e-02,4.9297e-02,5.9505e-02,6.7497e-02,7.3209e-02,7.6689e-02,7.8076e-02,7.7569e-02,7.5404e-02,7.1826e-02,6.7071e-02,6.1349e-02,5.4840e-02,4.7685e-02,3.9985e-02,3.1802e-02,2.3162e-02,1.4066e-02,4.4995e-03,-5.5382e-03,-1.6007e-02,-2.6786e-02,-3.7645e-02,-4.8225e-02,-5.8054e-02,-6.6594e-02,-7.3321e-02,-7.7802e-02,-7.9766e-02,-7.9139e-02,-7.6040e-02,-7.0745e-02,-6.3637e-02,-5.5153e-02,-4.5735e-02,-3.5794e-02,-2.5693e-02,-1.5733e-02,-6.1496e-03,2.8838e-03,1.1257e-02,1.8915e-02,2.5852e-02,3.2094e-02,3.7684e-02,4.2648e-02,4.6970e-02,5.0562e-02,5.3249e-02,5.4789e-02,5.4906e-02,5.3352e-02,4.9971e-02,4.4746e-02,3.7819e-02,2.9478e-02,2.0117e-02,1.0182e-02,1.1801e-04,-9.6742e-03,-1.8862e-02,-2.7194e-02,-3.4496e-02,-4.0657e-02,-4.5623e-02,-4.9374e-02,-5.1919e-02,-5.3282e-02,-5.3494e-02,-5.2594e-02,-5.0623e-02,-4.7622e-02,-4.3633e-02,-3.8703e-02,-3.2881e-02,-2.6220e-02,-1.8785e-02,-1.0646e-02,-1.8892e-03,7.3876e-03,1.7068e-02,2.7019e-02,3.7084e-02,4.7089e-02,5.6836e-02,6.6111e-02,7.4680e-02,8.2300e-02,8.8725e-02,9.3714e-02,9.7044e-02,9.8521e-02,9.7998e-02,9.5380e-02
-6.5437e-02,-5.0561e-02,-3.4751e-02,-1.8447e-02,-2.1454e-03,1.3631e-02,2.8370e-02,4.1609e-02,5.2972e-02,6.2197e-02,6.9145e-02,7.3801e-02,7.6255e-02,7.6680e-02,7.5300e-02,7.2363e-02,6.8117e-02,6.2796e-02,5.6604e-02,4.9707e-02,4.2234e-02,3.4272e-02,2.5868e-02,1.7033e-02,7.7592e-03,-1.9699e-03,-1.2147e-02,-2.2709e-02,-3.3497e-02,-4.4229e-02,-5.4495e-02,-6.3785e-02,-7.1553e-02,-7.7298e-02,-8.0648e-02,-8.1413e-02,-7.9606e-02,-7.5426e-02,-6.9207e-02,-6.1368e-02,-5.2358e-02,-4.2613e-02,-3.2527e-02,-2.2438e-02,-1.2619e-02,-3.2775e-03,5.4433e-03,1.3461e-02,2.0745e-02,2.7310e-02,3.3199e-02,3.8455e-02,4.3099e-02,4.7088e-02,5.0302e-02,5.2535e-02,5.3518e-02,5.2972e-02,5.0671e-02,4.6506e-02,4.0520e-02,3.2918e-02,2.4040e-02,1.4313e-02,4.1948e-03,-5.8754e-03,-1.5517e-02,-2.4426e-02,-3.2380e-02,-3.9232e-02,-4.4896e-02,-4.9336e-02,-5.2547e-02,-5.4547e-02,-5.5366e-02,-5.5045e-02,-5.3623e-02,-5.1146e-02,-4.7658e-02,-4.3206e-02,-3.7838e-02,-3.1607e-02,-2.4571e-02,-1.6798e-02,-8.3648e-03,6.3936e-04,1.0110e-02,1.9925e-02,2.9945e-02,4.0009e-02,4.9934e-02,5.9519e-02,6.8543e-02,7.6771e-02,8.3956e-02,8.9855e-02,9.4230e-02,9.6867e-02,9.7586e-02,9.6252e-02
-7.3828e-02,-5.9781e-02,-4.4559e-02,-2.8559e-02,-1.2250e-02,3.8517e-03,1.9216e-02,3.3341e-02,4.5788e-02,5.6220e-02,6.4421e-02,7.0304e-02,7.3903e-02,7.5347e-02,7.4840e-02,7.2625e-02,6.8958e-02,6.4090e-02,5.8249e-02,5.1628e-02,4.4383e-02,3.6626e-02,2.8431e-02,1.9827e-02,1.0815e-02,1.3770e-03,-8.5011e-03,-1.8799e-02,-2.9421e-02,-4.0166e-02,-5.0697e-02,-6.0556e-02,-6.9204e-02,-7.6098e-02,-8.0781e-02,-8.2950e-02,-8.2505e-02,-7.9547e-02,-7.4344e-02,-6.7281e-02,-5.8802e-02,-4.9358e-02,-3.9374e-02,-2.9223e-02,-1.9214e-02,-9.5923e-03,-5.3469e-04,7.8445e-03,1.5489e-02,2.2394e-02,2.8593e-02,3.4138e-02,3.9071e-02,4.3398e-02,4.7047e-02,4.9863e-02,5.1606e-02,5.1990e-02,5.0742e-02,4.7669e-02,4.2717e-02,3.5993e-02,2.7762e-02,1.8411e-02,8.3940e-03,-1.8280e-03,-1.1829e-02,-2.1254e-02,-2.9828e-02,-3.7360e-02,-4.3728e-02,-4.8871e-02,-5.2767e-02,-5.5425e-02,-5.6872e-02,-5.7146e-02,-5.6290e-02,-5.4350e-02,-5.1373e-02,-4.7407e-02,-4.2501e-02,-3.6708e-02,-3.0084e-02,-2.2692e-02,-1.4602e-02,-5.8968e-03,3.3295e-03,1.2967e-02,2.2888e-02,3.2947e-02,4.2976e-02,5.2788e-02,6.2175e-02,7.0913e-02,7.8761e-02,8.5476e-02,9.0813e-02,9.4543e-02,9.6459e-02,9.6394e-02
-8.1562e-02,-6.8473e-02,-5.3999e-02,-3.8485e-02,-2.2362e-02,-6.1274e-03,9.6881e-03,2.4554e-02,3.7983e-02,4.9568e-02,5.9015e-02,6.6161e-02,7.0968e-02,7.3516e-02,7.3974e-02,7.2569e-02,6.9560e-02,6.5209e-02,5.9765e-02,5.3449e-02,4.6441e-02,3.8885e-02,3.0878e-02,2.2475e-02,1.3691e-02,4.5172e-03,-5.0716e-03,-1.5084e-02,-2.5478e-02,-3.6123e-02,-4.6763e-02,-5.7010e-02,-6.6361e-02,-7.4260e-02,-8.0186e-02,-8.3736e-02,-8.4692e-02,-8.3045e-02,-7.8978e-02,-7.2824e-02,-6.5005e-02,-5.5980e-02,-4.6196e-02,-3.6059e-02,-2.5917e-02,-1.6052e-02,-6.6764e-03,2.0612e-03,1.0075e-02,1.7337e-02,2.3863e-02,2.9703e-02,3.4915e-02,3.9536e-02,4.3546e-02,4.6844e-02,4.9234e-02,5.0448e-02,5.0189e-02,4.8204e-02,4.4341e-02,3.8608e-02,3.1179e-02,2.2376e-02,1.2625e-02,2.3967e-03,-7.8502e-03,-1.7710e-02,-2.6856e-02,-3.5044e-02,-4.2113e-02,-4.7968e-02,-5.2566e-02,-5.5903e-02,-5.7999e-02,-5.8888e-02,-5.8615e-02,-5.7226e-02,-5.4773e-02,-5.1303e-02,-4.6870e-02,-4.1524e-02,-3.5322e-02,-2.8322e-02,-2.0593e-02,-1.2208e-02,-3.2544e-03,6.1683e-03,1.5945e-02,2.5942e-02,3.6008e-02,4.5970e-02,5.5634e-02,6.4788e-02,7.3202e-02,8.0636e-02,8.6843e-02,9.1585e-02,9.4637e-02,9.5805e-02
-8.8573e-02,-7.6550e-02,-6.2965e-02,-4.8108e-02,-3.2363e-02,-1.6192e-02,-1.1427e-04,1.5327e-02,2.9608e-02,4.2262e-02,5.2922e-02,6.1341e-02,6.7406e-02,7.1134e-02,7.2646e-02,7.2145e-02,6.9881e-02,6.6123e-02,6.1137e-02,5.5165e-02,4.8418e-02,4.1066e-02,3.3235e-02,2.5006e-02,1.6419e-02,7.4741e-03,-1.8495e-03,-1.1577e-02,-2.1707e-02,-3.2169e-02,-4.2788e-02,-5.3255e-02,-6.3125e-02,-7.1861e-02,-7.8906e-02,-8.3776e-02,-8.6139e-02,-8.5867e-02,-8.3042e-02,-7.7925e-02,-7.0900e-02,-6.2419e-02,-5.2944e-02,-4.2911e-02,-3.2704e-02,-2.2642e-02,-1.2978e-02,-3.8926e-03,4.4946e-03,1.2127e-02,1.9000e-02,2.5152e-02,3.0645e-02,3.5538e-02,3.9854e-02,4.3545e-02,4.6472e-02,4.8402e-02,4.9043e-02,4.8100e-02,4.5347e-02,4.0686e-02,3.4190e-02,2.6099e-02,1.6788e-02,6.7148e-03,-3.6423e-03,-1.3836e-02,-2.3484e-02,-3.2291e-02,-4.0047e-02,-4.6617e-02,-5.1932e-02,-5.5968e-02,-5.8735e-02,-6.0261e-02,-6.0590e-02,-5.9771e-02,-5.7855e-02,-5.4894e-02,-5.0942e-02,-4.6053e-02,-4.0281e-02,-3.3686e-02,-2.6330e-02,-1.8284e-02,-9.6273e-03,-4.5038e-04,9.1420e-03,1.9029e-02,2.9073e-02,3.9114e-02,4.8975e-02,5.8457e-02,6.7341e-02,7.5395e-02,8.2377e-02,8.8043e-02,9.2156e-02,9.4501e-02
-9.4809e-02,-8.3938e-02,-7.1365e-02,-5.7319e-02,-4.2131e-02,-2.6220e-02,-1.0079e-02,5.7542e-03,2.0732e-02,3.4342e-02,4.6149e-02,5.5825e-02,6.3178e-02,6.8149e-02,7.0802e-02,7.1300e-02,6.9876e-02,6.6796e-02,6.2337e-02,5.6763e-02,5.0310e-02,4.3177e-02,3.5520e-02,2.7449e-02,1.9027e-02,1.0276e-02,1.1849e-03,-8.2762e-03,-1.8130e-02,-2.8357e-02,-3.8853e-02,-4.9390e-02,-5.9601e-02,-6.8993e-02,-7.7005e-02,-8.3096e-02,-8.6834e-02,-8.7972e-02,-8.6476e-02,-8.2515e-02,-7.6419e-02,-6.8614e-02,-5.9567e-02,-4.9738e-02,-3.9545e-02,-2.9346e-02,-1.9430e-02,-1.0017e-02,-1.2596e-03,6.7532e-03,1.3992e-02,2.0477e-02,2.6265e-02,3.1425e-02,3.6013e-02,4.0028e-02,4.3391e-02,4.5921e-02,4.7352e-02,4.7376e-02,4.5708e-02,4.2163e-02,3.6705e-02,2.9475e-02,2.0777e-02,1.1031e-02,7.1776e-04,-9.6852e-03,-1.9748e-02,-2.9119e-02,-3.7533e-02,-4.4814e-02,-5.0854e-02,-5.5607e-02,-5.9066e-02,-6.1253e-02,-6.2206e-02,-6.1975e-02,-6.0613e-02,-5.8175e-02,-5.4717e-02,-5.0294e-02,-4.4962e-02,-3.8781e-02,-3.1811e-02,-2.4118e-02,-1.5778e-02,-6.8727e-03,2.5018e-03,1.2237e-02,2.2205e-02,3.2264e-02,4.2249e-02,5.1975e-02,6.1239e-02,6.9818e-02,7.7476e-02,8.3970e-02,8.9059e-02,9.2512e-02
-1.0023e-01,-9.0577e-02,-7.9114e-02,-6.6016e-02,-5.1552e-02,-3.6091e-02,-2.0086e-02,-4.0583e-03,1.1441e-02,2.5866e-02,3.8723e-02,4.9613e-02,5.8257e-02,6.4516e-02,6.8385e-02,6.9976e-02,6.9490e-02,6.7181e-02,6.3332e-02,5.8221e-02,5.2109e-02,4.5223e-02,3.7748e-02,2.9825e-02,2.1544e-02,1.2954e-02,4.0584e-03,-5.1664e-03,-1.4755e-02,-2.4721e-02,-3.5021e-02,-4.5507e-02,-5.5894e-02,-6.5758e-02,-7.4564e-02,-8.1744e-02,-8.6787e-02,-8.9333e-02,-8.9225e-02,-8.6527e-02,-8.1488e-02,-7.4495e-02,-6.6006e-02,-5.6493e-02,-4.6405e-02,-3.6137e-02,-2.6018e-02,-1.6307e-02,-7.1909e-03,1.2069e-03,8.8275e-03,1.5668e-02,2.1771e-02,2.7208e-02,3.2052e-02,3.6344e-02,4.0060e-02,4.3079e-02,4.5181e-02,4.6069e-02,4.5429e-02,4.3001e-02,3.8649e-02,3.2406e-02,2.4483e-02,1.5242e-02,5.1410e-03,-5.3276e-03,-1.5694e-02,-2.5553e-02,-3.4583e-02,-4.2556e-02,-4.9323e-02,-5.4806e-02,-5.8979e-02,-6.1849e-02,-6.3450e-02,-6.3829e-02,-6.3040e-02,-6.1140e-02,-5.8189e-02,-5.4244e-02,-4.9363e-02,-4.3605e-02,-3.7031e-02,-2.9705e-02,-2.1698e-02,-1.3086e-02,-3.9573e-03,5.5888e-03,1.5438e-02,2.5459e-02,3.5502e-02,4.5397e-02,5.4954e-02,6.3965e-02,7.2202e-02,7.9428e-02,8.5399e-02,8.9878e-02
-1.0482e-01,-9.6419e-02,-8.6144e-02,-7.4107e-02,-6.0517e-02,-4.5684e-02,-3.0013e-02,-1.3993e-02,1.8341e-03,1.6908e-02,3.0691e-02,4.2717e-02,5.2628e-02,6.0198e-02,6.5345e-02,6.8115e-02,6.8665e-02,6.7229e-02,6.4080e-02,5.9511e-02,5.3800e-02,4.7200e-02,3.9928e-02,3.2153e-02,2.3999e-02,1.5539e-02,6.8018e-03,-2.2234e-03,-1.1571e-02,-2.1276e-02,-3.1339e-02,-4.1681e-02,-5.2104e-02,-6.2263e-02,-7.1679e-02,-7.9788e-02,-8.6029e-02,-8.9942e-02,-9.1252e-02,-8.9899e-02,-8.6038e-02,-7.9993e-02,-7.2195e-02,-6.3121e-02,-5.3242e-02,-4.2987e-02,-3.2725e-02,-2.2753e-02,-1.3299e-02,-4.5196e-03,3.4938e-03,1.0711e-02,1.7154e-02,2.2886e-02,2.7988e-02,3.2531e-02,3.6538e-02,3.9949e-02,4.2601e-02,4.4236e-02,4.4533e-02,4.3185e-02,3.9968e-02,3.4805e-02,2.7802e-02,1.9238e-02,9.5273e-03,-8.4513e-04,-1.1383e-02,-2.1632e-02,-3.1216e-02,-3.9848e-02,-4.7334e-02,-5.3555e-02,-5.8458e-02,-6.2035e-02,-6.4308e-02,-6.5321e-02,-6.5126e-02,-6.3784e-02,-6.1355e-02,-5.7900e-02,-5.3481e-02,-4.8156e-02,-4.1989e-02,-3.5041e-02,-2.7381e-02,-1.9080e-02,-1.0221e-02,-8.9421e-04,8.7962e-03,1.8731e-02,2.8774e-02,3.8769e-02,4.8541e-02,5.7896e-02,6.6617e-02,7.4477e-02,8.1235e-02,8.6649e-02
-1.0856e-01,-1.0143e-01,-9.2400e-02,-8.1514e-02,-6.8926e-02,-5.4884e-02,-3.9736e-02,-2.3928e-02,-7.9748e-03,7.5609e-03,2.2116e-02,3.5171e-02,4.6293e-02,5.5170e-02,6.1635e-02,6.5659e-02,6.7342e-02,6.6879e-02,6.4533e-02,6.0593e-02,5.5355e-02,4.9095e-02,4.2059e-02,3.4446e-02,2.6412e-02,1.8061e-02,9.4478e-03,5.8266e-04,-8.5598e-03,-1.8021e-02,-2.7832e-02,-3.7970e-02,-4.8316e-02,-5.8612e-02,-6.8454e-02,-7.7313e-02,-8.4611e-02,-8.9814e-02,-9.2532e-02,-9.2580e-02,-9.0000e-02,-8.5034e-02,-7.8066e-02,-6.9561e-02,-6.0005e-02,-4.9857e-02,-3.9523e-02,-2.9342e-02,-1.9580e-02,-1.0430e-02,-2.0195e-03,5.5915e-03,1.2400e-02,1.8452e-02,2.3828e-02,2.8614e-02,3.2871e-02,3.6597e-02,3.9691e-02,4.1947e-02,4.3069e-02,4.2728e-02,4.0631e-02,3.6603e-02,3.0636e-02,2.2911e-02,1.3769e-02,3.6683e-03,-6.8876e-03,-1.7408e-02,-2.7462e-02,-3.6705e-02,-4.4886e-02,-5.1845e-02,-5.7492e-02,-6.1797e-02,-6.4766e-02,-6.6438e-02,-6.6861e-02,-6.6097e-02,-6.4208e-02,-6.1259e-02,-5.7313e-02,-5.2434e-02,-4.6683e-02,-4.0124e-02,-3.2823e-02,-2.4849e-02,-1.6279e-02,-7.1964e-03,2.3024e-03,1.2110e-02,2.2101e-02,3.2135e-02,4.2050e-02,5.1667e-02,6.0783e-02,6.9181e-02,7.6627e-02,8.2881e-02
-1.1145e-01,-1.0560e-01,-9.7842e-02,-8.8175e-02,-7.6694e-02,-6.3585e-02,-4.9135e-02,-3.3736e-02,-1.7865e-02,-2.0673e-03,1.3083e-02,2.7029e-02,3.9273e-02,4.9423e-02,5.7221e-02,6.2557e-02,6.5458e-02,6.6073e-02,6.4632e-02,6.1421e-02,5.6741e-02,5.0888e-02,4.4133e-02,3.6708e-02,2.8800e-02,2.0545e-02,1.2028e-02,3.2845e-03,-5.6929e-03,-1.4943e-02,-2.4510e-02,-3.4413e-02,-4.4600e-02,-5.4900e-02,-6.4995e-02,-7.4419e-02,-8.2607e-02,-8.8983e-02,-9.3060e-02,-9.4532e-02,-9.3314e-02,-8.9546e-02,-8.3546e-02,-7.5749e-02,-6.6641e-02,-5.6705e-02,-4.6383e-02,-3.6054e-02,-2.6023e-02,-1.6524e-02,-7.7196e-03,2.9659e-04,7.4931e-03,1.3894e-02,1.9567e-02,2.4605e-02,2.9094e-02,3.3079e-02,3.6522e-02,3.9279e-02,4.1101e-02,4.1664e-02,4.0635e-02,3.7754e-02,3.2905e-02,2.6155e-02,1.7755e-02,8.1085e-03,-2.2961e-03,-1.2946e-02,-2.3364e-02,-3.3147e-02,-4.1988e-02,-4.9672e-02,-5.6070e-02,-6.1119e-02,-6.4809e-02,-6.7165e-02,-6.8232e-02,-6.8069e-02,-6.6741e-02,-6.4315e-02,-6.0857e-02,-5.6435e-02,-5.1111e-02,-4.4951e-02,-3.8020e-02,-3.0386e-02,-2.2121e-02,-1.3305e-02,-4.0258e-03,5.6183e-03,1.5514e-02,2.5533e-02,3.5527e-02,4.5330e-02,5.4757e-02,6.3600e-02,7.1638e-02,7.8635e-02
-1.1351e-01,-1.0892e-01,-1.0244e-01,-9.4040e-02,-8.3748e-02,-7.1692e-02,-5.8097e-02,-4.3293e-02,-2.7709e-02,-1.1859e-02,3.6917e-03,1.8363e-02,3.1608e-02,4.2962e-02,5.2081e-02,5.8763e-02,6.2957e-02,6.4745e-02,6.4319e-02,6.1941e-02,5.7914e-02,5.2547e-02,4.6134e-02,3.8936e-02,3.1172e-02,2.3011e-02,1.4571e-02,5.9160e-03,-2.9380e-03,-1.2015e-02,-2.1364e-02,-3.1028e-02,-4.1007e-02,-5.1208e-02,-6.1404e-02,-7.1209e-02,-8.0106e-02,-8.7506e-02,-9.2856e-02,-9.5735e-02,-9.5930e-02,-9.3462e-02,-8.8561e-02,-8.1612e-02,-7.3087e-02,-6.3481e-02,-5.3267e-02,-4.2862e-02,-3.2614e-02,-2.2797e-02,-1.3611e-02,-5.1846e-03,2.4181e-03,9.1949e-03,1.5195e-02,2.0506e-02,2.5228e-02,2.9439e-02,3.3159e-02,3.6311e-02,3.8705e-02,4.0049e-02,4.0000e-02,3.8237e-02,3.4546e-02,2.8878e-02,2.1376e-02,1.2364e-02,2.2927e-03,-8.3250e-03,-1.8978e-02,-2.9211e-02,-3.8655e-02,-4.7038e-02,-5.4183e-02,-5.9989e-02,-6.4421e-02,-6.7487e-02,-6.9224e-02,-6.9688e-02,-6.8944e-02,-6.7060e-02,-6.4107e-02,-6.0155e-02,-5.5270e-02,-4.9520e-02,-4.2970e-02,-3.5688e-02,-2.7743e-02,-1.9211e-02,-1.0174e-02,-7.2315e-04,9.0390e-03,1.8995e-02,2.9011e-02,3.8934e-02,4.8593e-02,5.7795e-02,6.6331e-02,7.3973e-02
-1.1476e-01,-1.1140e-01,-1.0619e-01,-9.9076e-02,-9.0030e-02,-7.9124e-02,-6.6519e-02,-5.2480e-02,-3.7380e-02,-2.1688e-02,-5.9455e-03,9.2633e-03,2.3359e-02,3.5817e-02,4.6210e-02,5.4246e-02,5.9785e-02,6.2833e-02,6.3525e-02,6.2093e-02,5.8824e-02,5.4035e-02,4.8038e-02,4.1119e-02,3.3531e-02,2.5474e-02,1.7101e-02,8.5084e-03,-2.6049e-04,-9.2089e-03,-1.8377e-02,-2.7818e-02,-3.7569e-02,-4.7601e-02,-5.7772e-02,-6.7791e-02,-7.7208e-02,-8.5460e-02,-9.1957e-02,-9.6187e-02,-9.7811e-02,-9.6721e-02,-9.3039e-02,-8.7077e-02,-7.9275e-02,-7.0127e-02,-6.0130e-02,-4.9735e-02,-3.9334e-02,-2.9239e-02,-1.9693e-02,-1.0860e-02,-2.8389e-03,4.3381e-03,1.0697e-02,1.6310e-02,2.1278e-02,2.5706e-02,2.9655e-02,3.3114e-02,3.5960e-02,3.7954e-02,3.8770e-02,3.8058e-02,3.5521e-02,3.1003e-02,2.4530e-02,1.6323e-02,6.7702e-03,-3.6386e-03,-1.4377e-02,-2.4944e-02,-3.4914e-02,-4.3953e-02,-5.1829e-02,-5.8397e-02,-6.3588e-02,-6.7389e-02,-6.9823e-02,-7.0940e-02,-7.0804e-02,-6.9486e-02,-6.7057e-02,-6.3591e-02,-5.9159e-02,-5.3830e-02,-4.7671e-02,-4.0751e-02,-3.3139e-02,-2.4907e-02,-1.6132e-02,-6.8992e-03,2.6972e-03,1.2550e-02,2.2537e-02,3.2520e-02,4.2340e-02,5.1822e-02,6.0766e-02,6.8959e-02
-1.1522e-01,-1.1305e-01,-1.0910e-01,-1.0326e-01,-9.5498e-02,-8.5813e-02,-7.4309e-02,-6.1187e-02,-4.6754e-02,-3.1425e-02,-1.5705e-02,-1.6261e-04,1.4607e-02,2.8035e-02,3.9622e-02,4.8989e-02,5.5901e-02,6.0279e-02,6.2188e-02,6.1810e-02,5.9412e-02,5.5303e-02,4.9808e-02,4.3237e-02,3.5869e-02,2.7941e-02,1.9637e-02,1.1090e-02,2.3736e-03,-6.4883e-03,-1.5519e-02,-2.4770e-02,-3.4298e-02,-4.4122e-02,-5.4177e-02,-6.4263e-02,-7.4020e-02,-8.2938e-02,-9.0427e-02,-9.5911e-02,-9.8941e-02,-9.9275e-02,-9.6911e-02,-9.2069e-02,-8.5133e-02,-7.6581e-02,-6.6920e-02,-5.6635e-02,-4.6154e-02,-3.5835e-02,-2.5960e-02,-1.6733e-02,-8.2893e-03,-6.9297e-04,6.0530e-03,1.2001e-02,1.7244e-02,2.1895e-02,2.6050e-02,2.9751e-02,3.2945e-02,3.5459e-02,3.7011e-02,3.7246e-02,3.5819e-02,3.2476e-02,2.7126e-02,1.9876e-02,1.1023e-02,1.0097e-03,-9.6436e-03,-2.0408e-02,-3.0804e-02,-4.0436e-02,-4.9012e-02,-5.6335e-02,-6.2297e-02,-6.6853e-02,-7.0011e-02,-7.1811e-02,-7.2310e-02,-7.1581e-02,-6.9698e-02,-6.6736e-02,-6.2772e-02,-5.7877e-02,-5.2121e-02,-4.5574e-02,-3.8306e-02,-3.0387e-02,-2.1890e-02,-1.2897e-02,-3.4939e-03,6.2206e-03,1.6136e-02,2.6125e-02,3.6044e-02,4.5730e-02,5.5000e-02,6.3652e-02
-1.1494e-01,-1.1390e-01,-1.1116e-01,-1.0660e-01,-1.0012e-01,-9.1708e-02,-8.1392e-02,-6.9313e-02,-5.5712e-02,-4.0941e-02,-2.5456e-02,-9.7955e-03,5.4504e-03,1.9684e-02,3.2350e-02,4.2990e-02,5.1274e-02,5.7030e-02,6.0240e-02,6.1026e-02,5.9613e-02,5.6296e-02,5.1402e-02,4.5258e-02,3.8171e-02,3.0409e-02,2.2190e-02,1.3683e-02,4.9957e-03,-3.8178e-03,-1.2756e-02,-2.1859e-02,-3.1189e-02,-4.0796e-02,-5.0675e-02,-6.0714e-02,-7.0646e-02,-8.0043e-02,-8.8346e-02,-9.4951e-02,-9.9321e-02,-1.0109e-01,-1.0012e-01,-9.6515e-02,-9.0586e-02,-8.2772e-02,-7.3580e-02,-6.3515e-02,-5.3043e-02,-4.2564e-02,-3.2403e-02,-2.2805e-02,-1.3941e-02,-5.9130e-03,1.2460e-03,7.5623e-03,1.3113e-02,1.8009e-02,2.2367e-02,2.6270e-02,2.9730e-02,3.2647e-02,3.4797e-02,3.5856e-02,3.5455e-02,3.3269e-02,2.9096e-02,2.2923e-02,1.4938e-02,5.5081e-03,-4.8769e-03,-1.5679e-02,-2.6377e-02,-3.6517e-02,-4.5744e-02,-5.3803e-02,-6.0537e-02,-6.5866e-02,-6.9773e-02,-7.2282e-02,-7.3446e-02,-7.3333e-02,-7.2020e-02,-6.9584e-02,-6.6104e-02,-6.1657e-02,-5.6317e-02,-5.0155e-02,-4.3241e-02,-3.5647e-02,-2.7443e-02,-1.8707e-02,-9.5204e-03,2.6613e-05,9.8321e-03,1.9781e-02,2.9743e-02,3.9568e-02,4.9087e-02,5.8113e-02
-1.1395e-01,-1.1398e-01,-1.1240e-01,-1.0908e-01,-1.0389e-01,-9.6772e-02,-8.7707e-02,-7.6773e-02,-6.4147e-02,-5.0114e-02,-3.5069e-02,-1.9507e-02,-3.9980e-03,1.0853e-02,2.4452e-02,3.6270e-02,4.5891e-02,5.3046e-02,5.7624e-02,5.9670e-02,5.9357e-02,5.6950e-02,5.2767e-02,4.7145e-02,4.0413e-02,3.2868e-02,2.4764e-02,1.6304e-02,7.6323e-03,-1.1636e-03,-1.0053e-02,-1.9055e-02,-2.8224e-02,-3.7628e-02,-4.7304e-02,-5.7213e-02,-6.7184e-02,-7.6881e-02,-8.5809e-02,-9.3372e-02,-9.8978e-02,-1.0215e-01,-1.0261e-01,-1.0035e-01,-9.5557e-02,-8.8628e-02,-8.0043e-02,-7.0322e-02,-5.9960e-02,-4.9399e-02,-3.9005e-02,-2.9068e-02,-1.9799e-02,-1.1334e-02,-3.7421e-03,2.9740e-03,8.8689e-03,1.4042e-02,1.8616e-02,2.2707e-02,2.6376e-02,2.9596e-02,3.2215e-02,3.3958e-02,3.4469e-02,3.3377e-02,3.0392e-02,2.5379e-02,1.8405e-02,9.7408e-03,-1.8461e-04,-1.0847e-02,-2.1700e-02,-3.2240e-02,-4.2048e-02,-5.0807e-02,-5.8303e-02,-6.4414e-02,-6.9091e-02,-7.2338e-02,-7.4196e-02,-7.4729e-02,-7.4010e-02,-7.2123e-02,-6.9148e-02,-6.5167e-02,-6.0256e-02,-5.4490e-02,-4.7942e-02,-4.0684e-02,-3.2786e-02,-2.4322e-02,-1.5371e-02,-6.0164e-03,3.6478e-03,1.3517e-02,2.3472e-02,3.3376e-02,4.3075e-02,5.2396e-02
-1.1229e-01,-1.1333e-01,-1.1286e-01,-1.1073e-01,-1.0681e-01,-1.0099e-01,-9.3207e-02,-8.3496e-02,-7.1963e-02,-5.8826e-02,-4.4413e-02,-2.9165e-02,-1.3612e-02,1.6481e-03,1.6003e-02,2.8872e-02,3.9760e-02,4.8301e-02,5.4289e-02,5.7679e-02,5.8574e-02,5.7196e-02,5.3841e-02,4.8848e-02,4.2559e-02,3.5299e-02,2.7354e-02,1.8961e-02,1.0304e-02,1.5048e-03,-7.3722e-03,-1.6319e-02,-2.5375e-02,-3.4608e-02,-4.4081e-02,-5.3813e-02,-6.3717e-02,-7.3556e-02,-8.2921e-02,-9.1260e-02,-9.7960e-02,-1.0246e-01,-1.0436e-01,-1.0350e-01,-9.9974e-02,-9.4071e-02,-8.6241e-02,-7.6997e-02,-6.6859e-02,-5.6306e-02,-4.5746e-02,-3.5513e-02,-2.5860e-02,-1.6964e-02,-8.9262e-03,-1.7838e-03,4.4909e-03,9.9787e-03,1.4798e-02,1.9080e-02,2.2927e-02,2.6374e-02,2.9346e-02,3.1636e-02,3.2924e-02,3.2829e-02,3.0995e-02,2.7182e-02,2.1330e-02,1.3594e-02,4.3177e-03,-6.0145e-03,-1.6855e-02,-2.7662e-02,-3.7958e-02,-4.7361e-02,-5.5596e-02,-6.2489e-02,-6.7951e-02,-7.1961e-02,-7.4543e-02,-7.5750e-02,-7.5657e-02,-7.4344e-02,-7.1897e-02,-6.8399e-02,-6.3933e-02,-5.8577e-02,-5.2407e-02,-4.5495e-02,-3.7914e-02,-2.9737e-02,-2.1038e-02,-1.1896e-02,-2.4000e-03,7.3551e-03,1.7260e-02,2.7192e-02,3.7009e-02,4.6551e-02
-1.1001e-01,-1.1199e-01,-1.1257e-01,-1.1158e-01,-1.0888e-01,-1.0434e-01,-9.7864e-02,-8.9427e-02,-7.9081e-02,-6.6974e-02,-5.3367e-02,-3.8635e-02,-2.3261e-02,-7.8102e-03,7.1018e-03,2.0861e-02,3.2907e-02,4.2788e-02,5.0197e-02,5.4992e-02,5.7193e-02,5.6961e-02,5.4558e-02,5.0309e-02,4.4565e-02,3.7672e-02,2.9944e-02,2.1655e-02,1.3025e-02,4.2127e-03,-4.6808e-03,-1.3616e-02,-2.2608e-02,-3.1713e-02,-4.1006e-02,-5.0543e-02,-6.0308e-02,-7.0160e-02,-7.9788e-02,-8.8712e-02,-9.6338e-02,-1.0205e-01,-1.0535e-01,-1.0594e-01,-1.0377e-01,-9.9024e-02,-9.2096e-02,-8.3473e-02,-7.3686e-02,-6.3243e-02,-5.2597e-02,-4.2124e-02,-3.2122e-02,-2.2806e-02,-1.4319e-02,-6.7294e-03,-4.2189e-05,5.7996e-03,1.0901e-02,1.5395e-02,1.9412e-02,2.3038e-02,2.6269e-02,2.8975e-02,3.0896e-02,3.1672e-02,3.0913e-02,2.8293e-02,2.3633e-02,1.6961e-02,8.5131e-03,-1.2949e-03,-1.1938e-02,-2.2856e-02,-3.3522e-02,-4.3491e-02,-5.2423e-02,-6.0085e-02,-6.6341e-02,-7.1135e-02,-7.4468e-02,-7.6382e-02,-7.6943e-02,-7.6233e-02,-7.4338e-02,-7.1346e-02,-6.7343e-02,-6.2412e-02,-5.6633e-02,-5.0079e-02,-4.2827e-02,-3.4947e-02,-2.6514e-02,-1.7603e-02,-8.2976e-03,1.3145e-03,1.1133e-02,2.1047e-02,3.0926e-02,4.0625e-02
-1.0714e-01,-1.1001e-01,-1.1157e-01,-1.1166e-01,-1.1013e-01,-1.0684e-01,-1.0166e-01,-9.4528e-02,-8.5434e-02,-7.4466e-02,-6.1816e-02,-4.7789e-02,-3.2807e-02,-1.7392e-02,-2.1399e-03,1.2321e-02,2.5384e-02,3.6520e-02,4.5327e-02,5.1561e-02,5.5148e-02,5.6171e-02,5.4843e-02,5.1463e-02,4.6379e-02,3.9947e-02,3.2512e-02,2.4377e-02,1.5800e-02,6.9784e-03,-1.9494e-03,-1.0908e-02,-1.9883e-02,-2.8911e-02,-3.8062e-02,-4.7414e-02,-5.7004e-02,-6.6773e-02,-7.6512e-02,-8.5835e-02,-9.4199e-02,-1.0098e-01,-1.0560e-01,-1.0763e-01,-1.0688e-01,-1.0341e-01,-9.7531e-02,-8.9679e-02,-8.0379e-02,-7.0163e-02,-5.9523e-02,-4.8878e-02,-3.8571e-02,-2.8860e-02,-1.9927e-02,-1.1879e-02,-4.7512e-03,1.4826e-03,6.9066e-03,1.1647e-02,1.5846e-02,1.9628e-02,2.3049e-02,2.6060e-02,2.8473e-02,2.9977e-02,3.0180e-02,2.8702e-02,2.5259e-02,1.9749e-02,1.2288e-02,3.1947e-03,-7.0558e-03,-1.7908e-02,-2.8803e-02,-3.9237e-02,-4.8804e-02,-5.7206e-02,-6.4252e-02,-6.9844e-02,-7.3954e-02,-7.6605e-02,-7.7853e-02,-7.7776e-02,-7.6461e-02,-7.3999e-02,-7.0479e-02,-6.5990e-02,-6.0615e-02,-5.4433e-02,-4.7520e-02,-3.9949e-02,-3.1795e-02,-2.3130e-02,-1.4034e-02,-4.5893e-03,5.1124e-03,1.4968e-02,2.4861e-02,3.4659e-02
-1.0374e-01,-1.0742e-01,-1.0989e-01,-1.1101e-01,-1.1060e-01,-1.0851e-01,-1.0460e-01,-9.8775e-02,-9.0975e-02,-8.1229e-02,-6.9662e-02,-5.6507e-02,-4.2118e-02,-2.6960e-02,-1.1595e-02,3.3567e-03,1.7262e-02,2.9532e-02,3.9677e-02,4.7352e-02,5.2380e-02,5.4755e-02,5.4622e-02,5.2238e-02,4.7935e-02,4.2076e-02,3.5022e-02,2.7108e-02,1.8626e-02,9.8126e-03,8.4523e-04,-8.1633e-03,-1.7163e-02,-2.6164e-02,-3.5222e-02,-4.4418e-02,-5.3826e-02,-6.3452e-02,-7.3182e-02,-8.2734e-02,-9.1645e-02,-9.9321e-02,-1.0514e-01,-1.0856e-01,-1.0926e-01,-1.0717e-01,-1.0247e-01,-9.5536e-02,-8.6870e-02,-7.7011e-02,-6.6482e-02,-5.5746e-02,-4.5191e-02,-3.5120e-02,-2.5756e-02,-1.7244e-02,-9.6553e-03,-2.9956e-03,2.7934e-03,7.8214e-03,1.2231e-02,1.6168e-02,1.9740e-02,2.2967e-02,2.5744e-02,2.7827e-02,2.8857e-02,2.8427e-02,2.6177e-02,2.1887e-02,1.5538e-02,7.3359e-03,-2.3249e-03,-1.2920e-02,-2.3879e-02,-3.4652e-02,-4.4768e-02,-5.3862e-02,-6.1682e-02,-6.8078e-02,-7.2985e-02,-7.6400e-02,-7.8367e-02,-7.8955e-02,-7.8250e-02,-7.6345e-02,-7.3332e-02,-6.9305e-02,-6.4351e-02,-5.8553e-02,-5.1991e-02,-4.4741e-02,-3.6876e-02,-2.8472e-02,-1.9601e-02,-1.0344e-02,-7.8635e-04,8.9785e-03,1.8844e-02,2.8689e-02
-9.9836e-02,-1.0428e-01,-1.0760e-01,-1.0966e-01,-1.1030e-01,-1.0936e-01,-1.0669e-01,-1.0216e-01,-9.5671e-02,-8.7204e-02,-7.6818e-02,-6.4678e-02,-5.1065e-02,-3.6378e-02,-2.1128e-02,-5.9102e-03,8.6371e-03,2.1884e-02,3.3268e-02,4.2349e-02,4.8843e-02,5.2645e-02,5.3816e-02,5.2557e-02,4.9166e-02,4.3999e-02,3.7430e-02,2.9818e-02,2.1489e-02,1.2717e-02,3.7191e-03,-5.3532e-03,-1.4412e-02,-2.3433e-02,-3.2450e-02,-4.1537e-02,-5.0780e-02,-6.0236e-02,-6.9872e-02,-7.9508e-02,-8.8782e-02,-9.7160e-02,-1.0401e-01,-1.0874e-01,-1.1089e-01,-1.1023e-01,-1.0683e-01,-1.0097e-01,-9.3085e-02,-8.3724e-02,-7.3426e-02,-6.2694e-02,-5.1960e-02,-4.1575e-02,-3.1804e-02,-2.2832e-02,-1.4770e-02,-7.6564e-03,-1.4628e-03,3.8973e-03,8.5564e-03,1.2669e-02,1.6376e-02,1.9760e-02,2.2794e-02,2.5314e-02,2.7019e-02,2.7513e-02,2.6388e-02,2.3325e-02,1.8177e-02,1.1016e-02,2.1348e-03,-8.0043e-03,-1.8842e-02,-2.9802e-02,-4.0357e-02,-5.0075e-02,-5.8634e-02,-6.5828e-02,-7.1545e-02,-7.5751e-02,-7.8468e-02,-7.9754e-02,-7.9691e-02,-7.8371e-02,-7.5891e-02,-7.2348e-02,-6.7833e-02,-6.2435e-02,-5.6237e-02,-4.9319e-02,-4.1756e-02,-3.3623e-02,-2.4992e-02,-1.5941e-02,-6.5487e-03,3.0967e-03,1.2898e-02,2.2746e-02
-9.5469e-02,-1.0061e-01,-1.0472e-01,-1.0766e-01,-1.0929e-01,-1.0945e-01,-1.0796e-01,-1.0469e-01,-9.9506e-02,-9.2348e-02,-8.3217e-02,-7.2208e-02,-5.9530e-02,-4.5511e-02,-3.0600e-02,-1.5348e-02,-3.7903e-04,1.3657e-02,2.6145e-02,3.6556e-02,4.4508e-02,4.9785e-02,5.2354e-02,5.2339e-02,4.9992e-02,4.5648e-02,3.9682e-02,3.2470e-02,2.4367e-02,1.5685e-02,6.6797e-03,-2.4569e-03,-1.1597e-02,-2.0680e-02,-2.9708e-02,-3.8736e-02,-4.7852e-02,-5.7141e-02,-6.6634e-02,-7.6243e-02,-8.5714e-02,-9.4602e-02,-1.0232e-01,-1.0822e-01,-1.1176e-01,-1.1256e-01,-1.1055e-01,-1.0589e-01,-9.8945e-02,-9.0231e-02,-8.0296e-02,-6.9677e-02,-5.8848e-02,-4.8206e-02,-3.8064e-02,-2.8649e-02,-2.0109e-02,-1.2520e-02,-5.8862e-03,-1.4950e-04,4.8042e-03,9.1266e-03,1.2978e-02,1.6485e-02,1.9695e-02,2.2528e-02,2.4756e-02,2.6027e-02,2.5920e-02,2.4045e-02,2.0137e-02,1.4135e-02,6.2050e-03,-3.2789e-03,-1.3799e-02,-2.4772e-02,-3.5631e-02,-4.5878e-02,-5.5123e-02,-6.3094e-02,-6.9624e-02,-7.4640e-02,-7.8135e-02,-8.0153e-02,-8.0765e-02,-8.0063e-02,-7.8144e-02,-7.5109e-02,-7.1055e-02,-6.6074e-02,-6.0255e-02,-5.3682e-02,-4.6432e-02,-3.8581e-02,-3.0203e-02,-2.1372e-02,-1.2164e-02,-2.6618e-03,7.0452e-03,1.6857e-02
-9.0674e-02,-9.6466e-02,-1.0130e-01,-1.0507e-01,-1.0761e-01,-1.0879e-01,-1.0843e-01,-1.0637e-01,-1.0248e-01,-9.6637e-02,-8.8805e-02,-7.9017e-02,-6.7408e-02,-5.4234e-02,-3.9872e-02,-2.4817e-02,-9.6589e-03,4.9550e-03,1.8374e-02,3.0004e-02,3.9364e-02,4.6132e-02,5.0168e-02,5.1507e-02,5.0335e-02,4.6949e-02,4.1713e-02,3.5012e-02,2.7227e-02,1.8699e-02,9.7253e-03,5.3843e-04,-8.6928e-03,-1.7868e-02,-2.6954e-02,-3.5979e-02,-4.5018e-02,-5.4166e-02,-6.3498e-02,-7.3006e-02,-8.2537e-02,-9.1754e-02,-1.0014e-01,-1.0705e-01,-1.1188e-01,-1.1414e-01,-1.1357e-01,-1.1023e-01,-1.0437e-01,-9.6457e-02,-8.7030e-02,-7.6645e-02,-6.5817e-02,-5.4991e-02,-4.4525e-02,-3.4691e-02,-2.5679e-02,-1.7601e-02,-1.0499e-02,-4.3448e-03,9.5122e-04,5.5272e-03,9.5489e-03,1.3175e-02,1.6509e-02,1.9552e-02,2.2163e-02,2.4054e-02,2.4828e-02,2.4056e-02,2.1380e-02,1.6610e-02,9.7746e-03,1.1342e-03,-8.8643e-03,-1.9660e-02,-3.0662e-02,-4.1319e-02,-5.1174e-02,-5.9881e-02,-6.7215e-02,-7.3053e-02,-7.7352e-02,-8.0132e-02,-8.1455e-02,-8.1404e-02,-8.0077e-02,-7.7578e-02,-7.4007e-02,-6.9464e-02,-6.4041e-02,-5.7825e-02,-5.0900e-02,-4.3343e-02,-3.5229e-02,-2.6631e-02,-1.7624e-02,-8.2851e-03,1.3015e-03,1.1044e-02
-8.5481e-02,-9.1877e-02,-9.7390e-02,-1.0191e-01,-1.0531e-01,-1.0744e-01,-1.0814e-01,-1.0725e-01,-1.0460e-01,-1.0006e-01,-9.3548e-02,-8.5041e-02,-7.4609e-02,-6.2431e-02,-4.8811e-02,-3.4175e-02,-1.9065e-02,-4.1029e-03,1.0048e-02,2.2744e-02,3.3423e-02,4.1661e-02,4.7204e-02,4.9986e-02,5.0111e-02,4.7820e-02,4.3450e-02,3.7386e-02,3.0022e-02,2.1732e-02,1.2845e-02,3.6371e-03,-5.6811e-03,-1.4968e-02,-2.4151e-02,-3.3225e-02,-4.2241e-02,-5.1293e-02,-6.0477e-02,-6.9843e-02,-7.9333e-02,-8.8719e-02,-9.7576e-02,-1.0532e-01,-1.1130e-01,-1.1494e-01,-1.1585e-01,-1.1391e-01,-1.0928e-01,-1.0232e-01,-9.3555e-02,-8.3540e-02,-7.2825e-02,-6.1900e-02,-5.1169e-02,-4.0953e-02,-3.1483e-02,-2.2914e-02,-1.5322e-02,-8.7139e-03,-3.0290e-03,1.8499e-03,6.0823e-03,9.8421e-03,1.3277e-02,1.6457e-02,1.9329e-02,2.1688e-02,2.3187e-02,2.3396e-02,2.1897e-02,1.8383e-02,1.2747e-02,5.1167e-03,-4.1609e-03,-1.4576e-02,-2.5539e-02,-3.6462e-02,-4.6823e-02,-5.6208e-02,-6.4320e-02,-7.0979e-02,-7.6100e-02,-7.9673e-02,-8.1740e-02,-8.2375e-02,-8.1673e-02,-7.9740e-02,-7.6680e-02,-7.2596e-02,-6.7587e-02,-6.1746e-02,-5.5158e-02,-4.7907e-02,-4.0067e-02,-3.1714e-02,-2.2922e-02,-1.3764e-02,-4.3193e-03,5.3267e-03
-7.9920e-02,-8.6878e-02,-9.3015e-02,-9.8236e-02,-1.0242e-01,-1.0544e-01,-1.0713e-01,-1.0734e-01,-1.0588e-01,-1.0262e-01,-9.7428e-02,-9.0237e-02,-8.1059e-02,-7.0001e-02,-5.7292e-02,-4.3283e-02,-2.8453e-02,-1.3382e-02,1.2764e-03,1.4854e-02,2.6724e-02,3.6369e-02,4.3424e-02,4.7712e-02,4.9240e-02,4.8177e-02,4.4815e-02,3.9522e-02,3.2700e-02,2.4743e-02,1.6016e-02,6.8337e-03,-2.5518e-03,-1.1956e-02,-2.1264e-02,-3.0432e-02,-3.9483e-02,-4.8491e-02,-5.7560e-02,-6.6779e-02,-7.6163e-02,-8.5589e-02,-9.4744e-02,-1.0312e-01,-1.1009e-01,-1.1501e-01,-1.1737e-01,-1.1689e-01,-1.1360e-01,-1.0774e-01,-9.9793e-02,-9.0296e-02,-7.9819e-02,-6.8893e-02,-5.7971e-02,-4.7421e-02,-3.7521e-02,-2.8466e-02,-2.0372e-02,-1.3280e-02,-7.1635e-03,-1.9313e-03,2.5605e-03,6.4877e-03,1.0025e-02,1.3299e-02,1.6337e-02,1.9024e-02,2.1087e-02,2.2130e-02,2.1706e-02,1.9424e-02,1.5047e-02,8.5602e-03,1.8881e-04,-9.6396e-03,-2.0366e-02,-3.1385e-02,-4.2125e-02,-5.2102e-02,-6.0947e-02,-6.8415e-02,-7.4368e-02,-7.8757e-02,-8.1599e-02,-8.2956e-02,-8.2916e-02,-8.1581e-02,-7.9060e-02,-7.5461e-02,-7.0887e-02,-6.5437e-02,-5.9202e-02,-5.2269e-02,-4.4715e-02,-3.6619e-02,-2.8053e-02,-1.9090e-02,-9.8064e-03,-2.8082e-04
-7.4014e-02,-8.1497e-02,-8.8216e-02,-9.4084e-02,-9.9000e-02,-1.0284e-01,-1.0545e-01,-1.0669e-01,-1.0637e-01,-1.0434e-01,-1.0044e-01,-9.4576e-02,-8.6702e-02,-7.6861e-02,-6.5205e-02,-5.2010e-02,-3.7680e-02,-2.2740e-02,-7.8114e-03,6.4338e-03,1.9328e-02,3.0276e-02,3.8809e-02,4.4634e-02,4.7649e-02,4.7935e-02,4.5720e-02,4.1342e-02,3.5193e-02,2.7684e-02,1.9207e-02,1.0113e-02,6.9555e-04,-8.8157e-03,-1.8264e-02,-2.7563e-02,-3.6700e-02,-4.5724e-02,-5.4727e-02,-6.3819e-02,-7.3068e-02,-8.2443e-02,-9.1741e-02,-1.0056e-01,-1.0833e-01,-1.1438e-01,-1.1812e-01,-1.1912e-01,-1.1725e-01,-1.1264e-01,-1.0566e-01,-9.6839e-02,-8.6740e-02,-7.5927e-02,-6.4901e-02,-5.4078e-02,-4.3785e-02,-3.4260e-02,-2.5660e-02,-1.8063e-02,-1.1478e-02,-5.8446e-03,-1.0408e-03,3.0996e-03,6.7634e-03,1.0117e-02,1.3256e-02,1.6153e-02,1.8625e-02,2.0339e-02,2.0857e-02,1.9733e-02,1.6623e-02,1.1373e-02,4.0674e-03,-4.9750e-03,-1.5256e-02,-2.6182e-02,-3.7147e-02,-4.7606e-02,-5.7117e-02,-6.5362e-02,-7.2144e-02,-7.7367e-02,-8.1015e-02,-8.3128e-02,-8.3784e-02,-8.3083e-02,-8.1133e-02,-7.8047e-02,-7.3932e-02,-6.8894e-02,-6.3028e-02,-5.6425e-02,-4.9171e-02,-4.1342e-02,-3.3013e-02,-2.4259e-02,-1.5151e-02,-5.7661e-03
-6.7786e-02,-7.5763e-02,-8.3023e-02,-8.9492e-02,-9.5081e-02,-9.9677e-02,-1.0315e-01,-1.0534e-01,-1.0609e-01,-1.0523e-01,-1.0259e-01,-9.8046e-02,-9.1500e-02,-8.2943e-02,-7.2454e-02,-6.0234e-02,-4.6607e-02,-3.2031e-02,-1.7076e-02,-2.3959e-03,1.1323e-02,2.3428e-02,3.3361e-02,4.0716e-02,4.5275e-02,4.7013e-02,4.6080e-02,4.2761e-02,3.7429e-02,3.0495e-02,2.2373e-02,1.3447e-02,4.0517e-03,-5.5412e-03,-1.5130e-02,-2.4585e-02,-3.3853e-02,-4.2948e-02,-5.1944e-02,-6.0949e-02,-7.0066e-02,-7.9334e-02,-8.8657e-02,-9.7747e-02,-1.0612e-01,-1.1313e-01,-1.1813e-01,-1.2058e-01,-1.2019e-01,-1.1694e-01,-1.1108e-01,-1.0309e-01,-9.3519e-02,-8.2948e-02,-7.1919e-02,-6.0899e-02,-5.0262e-02,-4.0294e-02,-3.1194e-02,-2.3081e-02,-1.5998e-02,-9.9185e-03,-4.7497e-03,-3.4298e-04,3.4869e-03,6.9300e-03,1.0135e-02,1.3155e-02,1.5901e-02,1.8120e-02,1.9420e-02,1.9341e-02,1.7456e-02,1.3486e-02,7.3698e-03,-7.0535e-04,-1.0334e-02,-2.0962e-02,-3.1974e-02,-4.2777e-02,-5.2861e-02,-6.1833e-02,-6.9427e-02,-7.5491e-02,-7.9967e-02,-8.2869e-02,-8.4259e-02,-8.4228e-02,-8.2883e-02,-8.0340e-02,-7.6712e-02,-7.2107e-02,-6.6629e-02,-6.0373e-02,-5.3430e-02,-4.5880e-02,-3.7800e-02,-2.9266e-02,-2.0348e-02,-1.1120e-02
-6.1256e-02,-6.9699e-02,-7.7465e-02,-8.4493e-02,-9.0703e-02,-9.5999e-02,-1.0026e-01,-1.0334e-01,-1.0510e-01,-1.0534e-01,-1.0391e-01,-1.0065e-01,-9.5433e-02,-8.8198e-02,-7.8962e-02,-6.7849e-02,-5.5104e-02,-4.1109e-02,-2.6370e-02,-1.1501e-02,2.8182e-03,1.5899e-02,2.7111e-02,3.5946e-02,4.2069e-02,4.5338e-02,4.5807e-02,4.3691e-02,3.9323e-02,3.3104e-02,2.5459e-02,1.6800e-02,7.4963e-03,-2.1358e-03,-1.1850e-02,-2.1472e-02,-3.0904e-02,-4.0121e-02,-4.9169e-02,-5.8141e-02,-6.7155e-02,-7.6298e-02,-8.5562e-02,-9.4774e-02,-1.0355e-01,-1.1134e-01,-1.1745e-01,-1.2128e-01,-1.2237e-01,-1.2056e-01,-1.1597e-01,-1.0897e-01,-1.0008e-01,-8.9895e-02,-7.8980e-02,-6.7850e-02,-5.6933e-02,-4.6560e-02,-3.6978e-02,-2.8345e-02,-2.0742e-02,-1.4180e-02,-8.5960e-03,-3.8672e-03,1.7976e-04,3.7434e-03,7.0083e-03,1.0095e-02,1.3002e-02,1.5574e-02,1.7487e-02,1.8304e-02,1.7555e-02,1.4858e-02,1.0010e-02,3.0536e-03,-5.7248e-03,-1.5843e-02,-2.6705e-02,-3.7690e-02,-4.8227e-02,-5.7851e-02,-6.6221e-02,-7.3120e-02,-7.8440e-02,-8.2160e-02,-8.4318e-02,-8.4995e-02,-8.4293e-02,-8.2326e-02,-7.9213e-02,-7.5067e-02,-6.9998e-02,-6.4107e-02,-5.7489e-02,-5.0230e-02,-4.2411e-02,-3.4107e-02,-2.5391e-02,-1.6334e-02
-5.4443e-02,-6.3325e-02,-7.1567e-02,-7.9116e-02,-8.5904e-02,-9.1845e-02,-9.6834e-02,-1.0074e-01,-1.0342e-01,-1.0471e-01,-1.0442e-01,-1.0240e-01,-9.8494e-02,-9.2595e-02,-8.4667e-02,-7.4764e-02,-6.3055e-02,-4.9837e-02,-3.5545e-02,-2.0735e-02,-6.0594e-03,7.7843e-03,2.0115e-02,3.0337e-02,3.8002e-02,4.2850e-02,4.4820e-02,4.4041e-02,4.0787e-02,3.5433e-02,2.8400e-02,2.0121e-02,1.0998e-02,1.3872e-03,-8.4200e-03,-1.8204e-02,-2.7821e-02,-3.7204e-02,-4.6360e-02,-5.5360e-02,-6.4318e-02,-7.3347e-02,-8.2508e-02,-9.1730e-02,-1.0075e-01,-1.0911e-01,-1.1616e-01,-1.2123e-01,-1.2378e-01,-1.2346e-01,-1.2024e-01,-1.1439e-01,-1.0635e-01,-9.6698e-02,-8.6028e-02,-7.4894e-02,-6.3772e-02,-5.3046e-02,-4.3009e-02,-3.3862e-02,-2.5728e-02,-1.8653e-02,-1.2609e-02,-7.5033e-03,-3.1823e-03,5.4771e-04,3.8915e-03,7.0183e-03,1.0008e-02,1.2798e-02,1.5159e-02,1.6703e-02,1.6961e-02,1.5477e-02,1.1926e-02,6.2008e-03,-1.5518e-03,-1.0952e-02,-2.1453e-02,-3.2433e-02,-4.3278e-02,-5.3453e-02,-6.2540e-02,-7.0253e-02,-7.6422e-02,-8.0982e-02,-8.3942e-02,-8.5364e-02,-8.5341e-02,-8.3988e-02,-8.1422e-02,-7.7763e-02,-7.3127e-02,-6.7620e-02,-6.1344e-02,-5.4390e-02,-4.6842e-02,-3.8780e-02,-3.0277e-02,-2.1404e-02
-4.7360e-02,-5.6660e-02,-6.5353e-02,-7.3390e-02,-8.0715e-02,-8.7254e-02,-9.2914e-02,-9.7581e-02,-1.0112e-01,-1.0337e-01,-1.0417e-01,-1.0333e-01,-1.0069e-01,-9.6121e-02,-8.9529e-02,-8.0910e-02,-7.0357e-02,-5.8089e-02,-4.4457e-02,-2.9948e-02,-1.5167e-02,-7.9748e-04,1.2455e-02,2.3927e-02,3.3070e-02,3.9504e-02,4.3048e-02,4.3724e-02,4.1729e-02,3.7392e-02,3.1120e-02,2.3350e-02,1.4514e-02,5.0029e-03,-4.8481e-03,-1.4773e-02,-2.4581e-02,-3.4159e-02,-4.3474e-02,-5.2564e-02,-6.1522e-02,-7.0473e-02,-7.9521e-02,-8.8681e-02,-9.7807e-02,-1.0654e-01,-1.1433e-01,-1.2051e-01,-1.2441e-01,-1.2559e-01,-1.2383e-01,-1.1926e-01,-1.1223e-01,-1.0328e-01,-9.3002e-02,-8.1982e-02,-7.0746e-02,-5.9731e-02,-4.9278e-02,-3.9636e-02,-3.0968e-02,-2.3359e-02,-1.6817e-02,-1.1283e-02,-6.6287e-03,-2.6764e-03,7.8374e-04,3.9539e-03,6.9775e-03,9.8826e-03,1.2537e-02,1.4636e-02,1.5741e-02,1.5364e-02,1.3085e-02,8.6558e-03,2.0723e-03,-6.4144e-03,-1.6341e-02,-2.7111e-02,-3.8091e-02,-4.8689e-02,-5.8412e-02,-6.6896e-02,-7.3906e-02,-7.9320e-02,-8.3110e-02,-8.5312e-02,-8.6009e-02,-8.5305e-02,-8.3322e-02,-8.0182e-02,-7.6005e-02,-7.0905e-02,-6.4989e-02,-5.8354e-02,-5.1091e-02,-4.3281e-02,-3.5002e-02,-2.6325e-02
-4.0022e-02,-4.9722e-02,-5.8841e-02,-6.7338e-02,-7.5165e-02,-8.2258e-02,-8.8537e-02,-9.3903e-02,-9.8232e-02,-1.0138e-01,-1.0318e-01,-1.0346e-01,-1.0205e-01,-9.8775e-02,-9.3523e-02,-8.6232e-02,-7.6928e-02,-6.5751e-02,-5.2969e-02,-3.8991e-02,-2.4356e-02,-9.7107e-03,4.2374e-03,1.6783e-02,2.7294e-02,3.5279e-02,4.0432e-02,4.2658e-02,4.2056e-02,3.8890e-02,3.3533e-02,2.6417e-02,1.7990e-02,8.6746e-03,-1.1524e-03,-1.1179e-02,-2.1168e-02,-3.0959e-02,-4.0472e-02,-4.9707e-02,-5.8729e-02,-6.7654e-02,-7.6609e-02,-8.5672e-02,-9.4799e-02,-1.0376e-01,-1.1209e-01,-1.1917e-01,-1.2432e-01,-1.2694e-01,-1.2669e-01,-1.2351e-01,-1.1765e-01,-1.0956e-01,-9.9830e-02,-8.9058e-02,-7.7815e-02,-6.6589e-02,-5.5773e-02,-4.5664e-02,-3.6469e-02,-2.8314e-02,-2.1245e-02,-1.5236e-02,-1.0192e-02,-5.9565e-03,-2.3280e-03,9.1171e-04,3.9526e-03,6.9004e-03,9.7210e-03,1.2206e-02,1.3983e-02,1.4570e-02,1.3487e-02,1.0365e-02,5.0502e-03,-2.3538e-03,-1.1496e-02,-2.1842e-02,-3.2764e-02,-4.3629e-02,-5.3878e-02,-6.3069e-02,-7.0892e-02,-7.7162e-02,-8.1803e-02,-8.4820e-02,-8.6272e-02,-8.6259e-02,-8.4895e-02,-8.2307e-02,-7.8619e-02,-7.3951e-02,-6.8416e-02,-6.2119e-02,-5.5154e-02,-4.7609e-02,-3.9564e-02,-3.1093e-02
-3.2442e-02,-4.2524e-02,-5.2049e-02,-6.0982e-02,-6.9280e-02,-7.6889e-02,-8.3742e-02,-8.9752e-02,-9.4809e-02,-9.8783e-02,-1.0152e-01,-1.0285e-01,-1.0259e-01,-1.0057e-01,-9.6642e-02,-9.0696e-02,-8.2703e-02,-7.2728e-02,-6.0959e-02,-4.7718e-02,-3.3471e-02,-1.8807e-02,-4.4107e-03,8.9965e-03,2.0722e-02,3.0177e-02,3.6935e-02,4.0773e-02,4.1680e-02,3.9831e-02,3.5547e-02,2.9240e-02,2.1359e-02,1.2354e-02,2.6376e-03,-7.4348e-03,-1.7577e-02,-2.7581e-02,-3.7319e-02,-4.6747e-02,-5.5895e-02,-6.4856e-02,-7.3760e-02,-8.2725e-02,-9.1789e-02,-1.0083e-01,-1.0952e-01,-1.1732e-01,-1.2354e-01,-1.2753e-01,-1.2878e-01,-1.2707e-01,-1.2251e-01,-1.1546e-01,-1.0643e-01,-9.6059e-02,-8.4931e-02,-7.3587e-02,-6.2473e-02,-5.1937e-02,-4.2234e-02,-3.3530e-02,-2.5912e-02,-1.9390e-02,-1.3904e-02,-9.3245e-03,-5.4675e-03,-2.1135e-03,9.5612e-04,3.9077e-03,6.7973e-03,9.5196e-03,1.1789e-02,1.3171e-02,1.3162e-02,1.1306e-02,7.3089e-03,1.1201e-03,-7.0475e-03,-1.6753e-02,-2.7404e-02,-3.8356e-02,-4.8994e-02,-5.8802e-02,-6.7390e-02,-7.4504e-02,-8.0008e-02,-8.3865e-02,-8.6111e-02,-8.6826e-02,-8.6122e-02,-8.4123e-02,-8.0956e-02,-7.6748e-02,-7.1618e-02,-6.5677e-02,-5.9027e-02,-5.1760e-02,-4.3960e-02,-3.5706e-02
-2.4631e-02,-3.5079e-02,-4.4992e-02,-5.4339e-02,-6.3082e-02,-7.1175e-02,-7.8561e-02,-8.5164e-02,-9.0892e-02,-9.5626e-02,-9.9225e-02,-1.0153e-01,-1.0236e-01,-1.0154e-01,-9.8892e-02,-9.4285e-02,-8.7636e-02,-7.8944e-02,-6.8318e-02,-5.5997e-02,-4.2362e-02,-2.7933e-02,-1.3346e-02,6.8398e-04,1.3431e-02,2.4229e-02,3.2540e-02,3.8016e-02,4.0519e-02,4.0120e-02,3.7066e-02,3.1728e-02,2.4545e-02,1.5982e-02,6.4803e-03,-3.5618e-03,-1.3812e-02,-2.4013e-02,-3.3989e-02,-4.3647e-02,-5.2975e-02,-6.2036e-02,-7.0946e-02,-7.9841e-02,-8.8817e-02,-9.7854e-02,-1.0675e-01,-1.1506e-01,-1.2216e-01,-1.2737e-01,-1.3008e-01,-1.2989e-01,-1.2674e-01,-1.2087e-01,-1.1273e-01,-1.0291e-01,-9.2035e-02,-8.0682e-02,-6.9350e-02,-5.8441e-02,-4.8259e-02,-3.9015e-02,-3.0836e-02,-2.3772e-02,-1.7797e-02,-1.2814e-02,-8.6647e-03,-5.1393e-03,-2.0073e-03,9.4086e-04,3.8361e-03,6.6727e-03,9.2684e-03,1.1262e-02,1.2171e-02,1.1487e-02,8.8032e-03,3.9161e-03,-3.1149e-03,-1.1971e-02,-2.2134e-02,-3.2970e-02,-4.3833e-02,-5.4140e-02,-6.3422e-02,-7.1347e-02,-7.7712e-02,-8.2431e-02,-8.5503e-02,-8.6986e-02,-8.6981e-02,-8.5609e-02,-8.2999e-02,-7.9283e-02,-7.4584e-02,-6.9022e-02,-6.2704e-02,-5.5730e-02,-4.8188e-02,-4.0160e-02
-1.6602e-02,-2.7399e-02,-3.7685e-02,-4.7427e-02,-5.6591e-02,-6.5139e-02,-7.3022e-02,-8.0176e-02,-8.6521e-02,-9.1953e-02,-9.6346e-02,-9.9551e-02,-1.0140e-01,-1.0171e-01,-1.0029e-01,-9.6999e-02,-9.1700e-02,-8.4341e-02,-7.4958e-02,-6.3709e-02,-5.0888e-02,-3.6932e-02,-2.2415e-02,-8.0188e-03,5.5242e-03,1.7494e-02,2.7262e-02,3.4355e-02,3.8507e-02,3.9669e-02,3.7991e-02,3.3785e-02,2.7462e-02,1.9486e-02,1.0322e-02,4.0494e-04,-9.8890e-03,-2.0253e-02,-3.0462e-02,-4.0373e-02,-4.9928e-02,-5.9150e-02,-6.8130e-02,-7.7003e-02,-8.5899e-02,-9.4876e-02,-1.0384e-01,-1.1249e-01,-1.2028e-01,-1.2655e-01,-1.3061e-01,-1.3193e-01,-1.3027e-01,-1.2572e-01,-1.1863e-01,-1.0954e-01,-9.9063e-02,-8.7824e-02,-7.6370e-02,-6.5155e-02,-5.4535e-02,-4.4770e-02,-3.6029e-02,-2.8402e-02,-2.1899e-02,-1.6459e-02,-1.1954e-02,-8.1925e-03,-4.9469e-03,-1.9828e-03,8.8846e-04,3.7503e-03,6.5258e-03,8.9512e-03,1.0598e-02,1.0950e-02,9.5199e-03,5.9680e-03,1.9471e-04,-7.6274e-03,-1.7082e-02,-2.7587e-02,-3.8485e-02,-4.9145e-02,-5.9022e-02,-6.7704e-02,-7.4914e-02,-8.0504e-02,-8.4427e-02,-8.6716e-02,-8.7451e-02,-8.6746e-02,-8.4731e-02,-8.1539e-02,-7.7302e-02,-7.2143e-02,-6.6178e-02,-5.9513e-02,-5.2243e-02,-4.4454e-02
-8.3633e-03,-1.9497e-02,-3.0139e-02,-4.0258e-02,-4.9825e-02,-5.8803e-02,-6.7152e-02,-7.4818e-02,-8.1733e-02,-8.7807e-02,-9.2929e-02,-9.6964e-02,-9.9752e-02,-1.0112e-01,-1.0088e-01,-9.8849e-02,-9.4884e-02,-8.8880e-02,-8.0809e-02,-7.0753e-02,-5.8917e-02,-4.5654e-02,-3.1461e-02,-1.6962e-02,-2.8736e-03,1.0060e-02,2.1139e-02,2.9783e-02,3.5596e-02,3.8398e-02,3.8227e-02,3.5310e-02,3.0014e-02,2.2784e-02,1.4098e-02,4.4184e-03,-5.8358e-03,-1.6311e-02,-2.6730e-02,-3.6901e-02,-4.6716e-02,-5.6153e-02,-6.5269e-02,-7.4181e-02,-8.3030e-02,-9.1931e-02,-1.0089e-01,-1.0971e-01,-1.1800e-01,-1.2513e-01,-1.3040e-01,-1.3318e-01,-1.3305e-01,-1.2993e-01,-1.2404e-01,-1.1585e-01,-1.0594e-01,-9.4957e-02,-8.3490e-02,-7.2051e-02,-6.1048e-02,-5.0792e-02,-4.1498e-02,-3.3295e-02,-2.6235e-02,-2.0292e-02,-1.5370e-02,-1.1306e-02,-7.8845e-03,-4.8633e-03,-2.0144e-03,8.1834e-04,3.6580e-03,6.3483e-03,8.5458e-03,9.7655e-03,9.4791e-03,7.2398e-03,2.7964e-03,-3.8383e-03,-1.2381e-02,-2.2331e-02,-3.3056e-02,-4.3894e-02,-5.4241e-02,-6.3600e-02,-7.1618e-02,-7.8074e-02,-8.2868e-02,-8.5993e-02,-8.7507e-02,-8.7512e-02,-8.6132e-02,-8.3502e-02,-7.9757e-02,-7.5030e-02,-6.9441e-02,-6.3104e-02,-5.6121e-02,-4.8584e-02
7.2401e-05,-1.1382e-02,-2.2366e-02,-3.2848e-02,-4.2798e-02,-5.2185e-02,-6.0974e-02,-6.9118e-02,-7.6561e-02,-8.3227e-02,-8.9019e-02,-9.3815e-02,-9.7471e-02,-9.9820e-02,-1.0068e-01,-9.9862e-02,-9.7195e-02,-9.2542e-02,-8.5821e-02,-7.7045e-02,-6.6337e-02,-5.3960e-02,-4.0326e-02,-2.5987e-02,-1.1618e-02,2.0394e-03,1.4242e-02,2.4321e-02,3.1760e-02,3.6244e-02,3.7684e-02,3.6204e-02,3.2100e-02,2.5784e-02,1.7730e-02,8.4195e-03,-1.6919e-03,-1.2206e-02,-2.2796e-02,-3.3216e-02,-4.3310e-02,-5.3005e-02,-6.2318e-02,-7.1334e-02,-8.0191e-02,-8.9030e-02,-9.7930e-02,-1.0682e-01,-1.1542e-01,-1.2322e-01,-1.2953e-01,-1.3365e-01,-1.3504e-01,-1.3343e-01,-1.2888e-01,-1.2175e-01,-1.1258e-01,-1.0201e-01,-9.0660e-02,-7.9093e-02,-6.7776e-02,-5.7072e-02,-4.7244e-02,-3.8465e-02,-3.0826e-02,-2.4341e-02,-1.8948e-02,-1.4515e-02,-1.0850e-02,-7.7146e-03,-4.8604e-03,-2.0771e-03,7.4578e-04,3.5602e-03,6.1260e-03,8.0250e-03,8.7317e-03,7.7284e-03,4.6319e-03,-7.0649e-04,-8.1577e-03,-1.7335e-02,-2.7664e-02,-3.8484e-02,-4.9144e-02,-5.9075e-02,-6.7839e-02,-7.5139e-02,-8.0810e-02,-8.4798e-02,-8.7128e-02,-8.7883e-02,-8.7179e-02,-8.5150e-02,-8.1935e-02,-7.7669e-02,-7.2483e-02,-6.6496e-02,-5.9818e-02,-5.2546e-02
8.6945e-03,-3.0649e-03,-1.4376e-02,-2.5206e-02,-3.5525e-02,-4.5302e-02,-5.4507e-02,-6.3102e-02,-7.1037e-02,-7.8249e-02,-8.4656e-02,-9.0151e-02,-9.4604e-02,-9.7860e-02,-9.9745e-02,-1.0007e-01,-9.8651e-02,-9.5323e-02,-8.9964e-02,-8.2523e-02,-7.3052e-02,-6.1724e-02,-4.8861e-02,-3.4935e-02,-2.0554e-02,-6.4330e-03,6.6689e-03,1.8021e-02,2.7002e-02,3.3165e-02,3.6287e-02,3.6370e-02,3.3617e-02,2.8387e-02,2.1130e-02,1.2337e-02,2.4903e-03,-7.9710e-03,-1.8671e-02,-2.9313e-02,-3.9687e-02,-4.9671e-02,-5.9231e-02,-6.8418e-02,-7.7346e-02,-8.6165e-02,-9.5003e-02,-1.0388e-01,-1.1265e-01,-1.2092e-01,-1.2807e-01,-1.3339e-01,-1.3623e-01,-1.3616e-01,-1.3307e-01,-1.2716e-01,-1.1891e-01,-1.0891e-01,-9.7820e-02,-8.6239e-02,-7.4691e-02,-6.3594e-02,-5.3262e-02,-4.3917e-02,-3.5689e-02,-2.8632e-02,-2.2720e-02,-1.7858e-02,-1.3879e-02,-1.0562e-02,-7.6545e-03,-4.9102e-03,-2.1492e-03,6.8058e-04,3.4511e-03,5.8374e-03,7.3571e-03,7.4641e-03,5.6745e-03,1.6894e-03,-4.5270e-03,-1.2730e-02,-2.2438e-02,-3.3025e-02,-4.3815e-02,-5.4182e-02,-6.3606e-02,-7.1708e-02,-7.8248e-02,-8.3114e-02,-8.6292e-02,-8.7837e-02,-8.7852e-02,-8.6466e-02,-8.3817e-02,-8.0047e-02,-7.5292e-02,-6.9680e-02,-6.3326e-02,-5.6336e-02
1.7492e-02,5.4429e-03,-6.1809e-03,-1.7344e-02,-2.8016e-02,-3.8168e-02,-4.7770e-02,-5.6789e-02,-6.5185e-02,-7.2904e-02,-7.9878e-02,-8.6014e-02,-9.1197e-02,-9.5288e-02,-9.8122e-02,-9.9516e-02,-9.9282e-02,-9.7235e-02,-9.3223e-02,-8.7146e-02,-7.8986e-02,-6.8837e-02,-5.6930e-02,-4.3647e-02,-2.9518e-02,-1.5206e-02,-1.4566e-03,1.0964e-02,2.1352e-02,2.9144e-02,3.3977e-02,3.5720e-02,3.4464e-02,3.0488e-02,2.4202e-02,1.6089e-02,6.6461e-03,-3.6509e-03,-1.4382e-02,-2.5198e-02,-3.5837e-02,-4.6122e-02,-5.5970e-02,-6.5387e-02,-7.4454e-02,-8.3311e-02,-9.2109e-02,-1.0094e-01,-1.0977e-01,-1.1833e-01,-1.2612e-01,-1.3246e-01,-1.3665e-01,-1.3810e-01,-1.3654e-01,-1.3199e-01,-1.2482e-01,-1.1558e-01,-1.0490e-01,-9.3435e-02,-8.1755e-02,-7.0335e-02,-5.9545e-02,-4.9653e-02,-4.0835e-02,-3.3185e-02,-2.6717e-02,-2.1369e-02,-1.7009e-02,-1.3439e-02,-1.0415e-02,-7.6742e-03,-4.9859e-03,-2.2128e-03,6.2680e-04,3.3179e-03,5.4556e-03,6.5085e-03,5.9318e-03,3.2996e-03,-1.5863e-03,-8.6421e-03,-1.7513e-02,-2.7639e-02,-3.8356e-02,-4.8994e-02,-5.8963e-02,-6.7798e-02,-7.5180e-02,-8.0929e-02,-8.4978e-02,-8.7350e-02,-8.8126e-02,-8.7425e-02,-8.5384e-02,-8.2146e-02,-7.7855e-02,-7.2644e-02,-6.6637e-02,-5.9947e-02
2.6454e-02,1.4131e-02,2.2096e-03,-9.2733e-03,-2.0284e-02,-3.0795e-02,-4.0776e-02,-5.0199e-02,-5.9029e-02,-6.7222e-02,-7.4719e-02,-8.1444e-02,-8.7297e-02,-9.2152e-02,-9.5860e-02,-9.8247e-02,-9.9125e-02,-9.8302e-02,-9.5604e-02,-9.0889e-02,-8.4084e-02,-7.5211e-02,-6.4413e-02,-5.1978e-02,-3.8349e-02,-2.4117e-02,-9.9912e-03,3.2589e-03,1.4874e-02,2.4192e-02,3.0718e-02,3.4181e-02,3.4542e-02,3.1981e-02,2.6842e-02,1.9581e-02,1.0699e-02,6.9653e-04,-9.9650e-03,-2.0888e-02,-3.1756e-02,-4.2340e-02,-5.2502e-02,-6.2198e-02,-7.1470e-02,-8.0431e-02,-8.9235e-02,-9.8022e-02,-1.0684e-01,-1.1555e-01,-1.2379e-01,-1.3096e-01,-1.3634e-01,-1.3924e-01,-1.3923e-01,-1.3616e-01,-1.3023e-01,-1.2191e-01,-1.1182e-01,-1.0062e-01,-8.8925e-02,-7.7267e-02,-6.6075e-02,-5.5668e-02,-4.6270e-02,-3.8017e-02,-3.0962e-02,-2.5081e-02,-2.0277e-02,-1.6382e-02,-1.3171e-02,-1.0379e-02,-7.7442e-03,-5.0632e-03,-2.2551e-03,5.8075e-04,3.1410e-03,4.9493e-03,5.4443e-03,4.1077e-03,5.9323e-04,-5.1839e-03,-1.3020e-02,-2.2459e-02,-3.2880e-02,-4.3599e-02,-5.3968e-02,-6.3442e-02,-7.1618e-02,-7.8237e-02,-8.3172e-02,-8.6401e-02,-8.7978e-02,-8.8005e-02,-8.6614e-02,-8.3949e-02,-8.0156e-02,-7.5377e-02,-6.9742e-02,-6.3374e-02
3.5568e-02,2.2989e-02,1.0785e-02,-1.0025e-03,-1.2339e-02,-2.3194e-02,-3.3539e-02,-4.3347e-02,-5.2588e-02,-6.1226e-02,-6.9210e-02,-7.6478e-02,-8.2944e-02,-8.8499e-02,-9.3008e-02,-9.6310e-02,-9.8225e-02,-9.8559e-02,-9.7122e-02,-9.3747e-02,-8.8314e-02,-8.0779e-02,-7.1207e-02,-5.9794e-02,-4.6890e-02,-3.3002e-02,-1.8777e-02,-4.9613e-03,7.6608e-03,1.8352e-02,2.6502e-02,3.1700e-02,3.3767e-02,3.2762e-02,2.8942e-02,2.2712e-02,1.4560e-02,5.0009e-03,-5.4712e-03,-1.6413e-02,-2.7457e-02,-3.8316e-02,-4.8801e-02,-5.8814e-02,-6.8348e-02,-7.7482e-02,-8.6354e-02,-9.5123e-02,-1.0390e-01,-1.1267e-01,-1.2119e-01,-1.2898e-01,-1.3536e-01,-1.3960e-01,-1.4112e-01,-1.3959e-01,-1.3504e-01,-1.2783e-01,-1.1851e-01,-1.0773e-01,-9.6147e-02,-8.4353e-02,-7.2829e-02,-6.1952e-02,-5.1996e-02,-4.3139e-02,-3.5477e-02,-2.9024e-02,-2.3721e-02,-1.9432e-02,-1.5958e-02,-1.3046e-02,-1.0422e-02,-7.8350e-03,-5.1214e-03,-2.2699e-03,5.3162e-04,2.8942e-03,4.2833e-03,4.1313e-03,1.9708e-03,-2.4465e-03,-9.0838e-03,-1.7621e-02,-2.7516e-02,-3.8103e-02,-4.8699e-02,-5.8688e-02,-6.7582e-02,-7.5039e-02,-8.0861e-02,-8.4970e-02,-8.7384e-02,-8.8182e-02,-8.7484e-02,-8.5434e-02,-8.2178e-02,-7.7863e-02,-7.2630e-02,-6.6606e-02
4.4822e-02,3.2004e-02,1.9535e-02,7.4573e-03,-4.1906e-03,-1.5377e-02,-2.6071e-02,-3.6249e-02,-4.5881e-02,-5.4938e-02,-6.3378e-02,-7.1148e-02,-7.8178e-02,-8.4373e-02,-8.9615e-02,-9.3757e-02,-9.6630e-02,-9.8045e-02,-9.7807e-02,-9.5730e-02,-9.1657e-02,-8.5493e-02,-7.7230e-02,-6.6980e-02,-5.4998e-02,-4.1697e-02,-2.7647e-02,-1.3545e-02,-1.6899e-04,1.1697e-02,2.1351e-02,2.8249e-02,3.2071e-02,3.2736e-02,3.0393e-02,2.5374e-02,1.8132e-02,9.1801e-03,-9.6362e-04,-1.1816e-02,-2.2959e-02,-3.4054e-02,-4.4853e-02,-5.5203e-02,-6.5046e-02,-7.4417e-02,-8.3425e-02,-9.2229e-02,-1.0098e-01,-1.0974e-01,-1.1841e-01,-1.2663e-01,-1.3381e-01,-1.3923e-01,-1.4220e-01,-1.4224e-01,-1.3918e-01,-1.3324e-01,-1.2486e-01,-1.1467e-01,-1.0336e-01,-9.1546e-02,-7.9778e-02,-6.8489e-02,-5.8007e-02,-4.8557e-02,-4.0278e-02,-3.3224e-02,-2.7373e-02,-2.2626e-02,-1.8816e-02,-1.5709e-02,-1.3034e-02,-1.0513e-02,-7.9201e-03,-5.1452e-03,-2.2582e-03,4.6122e-04,2.5453e-03,3.4215e-03,2.5398e-03,-4.9294e-04,-5.8119e-03,-1.3256e-02,-2.2398e-02,-3.2626e-02,-4.3250e-02,-5.3601e-02,-6.3111e-02,-7.1350e-02,-7.8042e-02,-8.3043e-02,-8.6323e-02,-8.7932e-02,-8.7972e-02,-8.6579e-02,-8.3901e-02,-8.0088e-02,-7.5287e-02,-6.9634e-02
5.4203e-02,4.1165e-02,2.8448e-02,1.6096e-02,4.1510e-03,-7.3525e-03,-1.8384e-02,-2.8916e-02,-3.8923e-02,-4.8377e-02,-5.7246e-02,-6.5484e-02,-7.3034e-02,-7.9816e-02,-8.5727e-02,-9.0637e-02,-9.4391e-02,-9.6810e-02,-9.7698e-02,-9.6860e-02,-9.4115e-02,-8.9325e-02,-8.2423e-02,-7.3442e-02,-6.2545e-02,-5.0049e-02,-3.6433e-02,-2.2326e-02,-8.4720e-03,4.3322e-03,1.5317e-02,2.3829e-02,2.9405e-02,3.1820e-02,3.1091e-02,2.7455e-02,2.1308e-02,1.3140e-02,3.4819e-03,-7.1530e-03,-1.8300e-02,-2.9567e-02,-4.0651e-02,-5.1342e-02,-6.1528e-02,-7.1192e-02,-8.0406e-02,-8.9308e-02,-9.8063e-02,-1.0680e-01,-1.1552e-01,-1.2400e-01,-1.3179e-01,-1.3820e-01,-1.4250e-01,-1.4407e-01,-1.4258e-01,-1.3803e-01,-1.3078e-01,-1.2137e-01,-1.1049e-01,-9.8793e-02,-8.6883e-02,-7.5255e-02,-6.4292e-02,-5.4272e-02,-4.5376e-02,-3.7701e-02,-3.1263e-02,-2.6003e-02,-2.1785e-02,-1.8406e-02,-1.5607e-02,-1.3102e-02,-1.0621e-02,-7.9764e-03,-5.1257e-03,-2.2286e-03,3.4415e-04,2.0593e-03,2.3284e-03,6.4499e-04,-3.2890e-03,-9.4858e-03,-1.7663e-02,-2.7299e-02,-3.7731e-02,-4.8262e-02,-5.8255e-02,-6.7195e-02,-7.4719e-02,-8.0609e-02,-8.4777e-02,-8.7232e-02,-8.8053e-02,-8.7362e-02,-8.5305e-02,-8.2033e-02,-7.7699e-02,-7.2446e-02
6.3698e-02,5.0460e-02,3.7512e-02,2.4903e-02,1.2676e-02,8.6837e-04,-1.0486e-02,-2.1359e-02,-3.1725e-02,-4.1560e-02,-5.0833e-02,-5.9510e-02,-6.7543e-02,-7.4864e-02,-8.1387e-02,-8.6999e-02,-9.1559e-02,-9.4902e-02,-9.6839e-02,-9.7171e-02,-9.5704e-02,-9.2269e-02,-8.6747e-02,-7.9105e-02,-6.9421e-02,-5.7917e-02,-4.4974e-02,-3.1137e-02,-1.7089e-02,-3.6125e-03,8.4885e-03,1.8473e-02,2.5752e-02,2.9950e-02,3.0943e-02,2.8847e-02,2.3975e-02,1.6778e-02,7.7773e-03,-2.4918e-03,-1.3525e-02,-2.4882e-02,-3.6203e-02,-4.7221e-02,-5.7765e-02,-6.7767e-02,-7.7249e-02,-8.6319e-02,-9.5136e-02,-1.0386e-01,-1.1258e-01,-1.2120e-01,-1.2940e-01,-1.3660e-01,-1.4207e-01,-1.4510e-01,-1.4518e-01,-1.4215e-01,-1.3618e-01,-1.2773e-01,-1.1746e-01,-1.0603e-01,-9.4099e-02,-8.2220e-02,-7.0836e-02,-6.0277e-02,-5.0776e-02,-4.2470e-02,-3.5417e-02,-2.9595e-02,-2.4905e-02,-2.1177e-02,-1.8176e-02,-1.5619e-02,-1.3216e-02,-1.0717e-02,-7.9856e-03,-5.0612e-03,-2.1978e-03,1.4890e-04,1.3984e-03,9.7120e-04,-1.5705e-03,-6.4132e-03,-1.3441e-02,-2.2259e-02,-3.2267e-02,-4.2771e-02,-5.3085e-02,-6.2615e-02,-7.0909e-02,-7.7666e-02,-8.2730e-02,-8.6060e-02,-8.7702e-02,-8.7758e-02,-8.6366e-02,-8.3677e-02,-7.9848e-02,-7.5029e-02
7.3292e-02,5.9876e-02,4.6717e-02,3.3867e-02,2.1373e-02,9.2765e-03,-2.3874e-03,-1.3589e-02,-2.4301e-02,-3.4499e-02,-4.4159e-02,-5.3249e-02,-6.1731e-02,-6.9551e-02,-7.6635e-02,-8.2887e-02,-8.8183e-02,-9.2372e-02,-9.5278e-02,-9.6705e-02,-9.6453e-02,-9.4331e-02,-9.0183e-02,-8.3918e-02,-7.5540e-02,-6.5179e-02,-5.3119e-02,-3.9806e-02,-2.5850e-02,-1.1985e-02,9.7950e-04,1.2247e-02,2.1121e-02,2.7087e-02,2.9869e-02,2.9444e-02,2.6021e-02,1.9982e-02,1.1823e-02,2.0856e-03,-8.6976e-03,-2.0040e-02,-3.1528e-02,-4.2837e-02,-5.3738e-02,-6.4106e-02,-7.3911e-02,-8.3218e-02,-9.2164e-02,-1.0092e-01,-1.0962e-01,-1.1830e-01,-1.2676e-01,-1.3454e-01,-1.4099e-01,-1.4534e-01,-1.4697e-01,-1.4551e-01,-1.4096e-01,-1.3366e-01,-1.2417e-01,-1.1318e-01,-1.0137e-01,-8.9344e-02,-7.7613e-02,-6.6563e-02,-5.6478e-02,-4.7543e-02,-3.9855e-02,-3.3432e-02,-2.8214e-02,-2.4065e-02,-2.0780e-02,-1.8095e-02,-1.5711e-02,-1.3342e-02,-1.0774e-02,-7.9363e-03,-4.9584e-03,-2.1900e-03,-1.6032e-04,5.2482e-04,-6.7801e-04,-4.1160e-03,-9.8515e-03,-1.7643e-02,-2.6993e-02,-3.7244e-02,-4.7687e-02,-5.7666e-02,-6.6640e-02,-7.4222e-02,-8.0176e-02,-8.4400e-02,-8.6897e-02,-8.7743e-02,-8.7061e-02,-8.5000e-02,-8.1716e-02,-7.7366e-02
8.2974e-02,6.9399e-02,5.6049e-02,4.2977e-02,3.0234e-02,1.7862e-02,5.9016e-03,-5.6148e-03,-1.6660e-02,-2.7208e-02,-3.7236e-02,-4.6719e-02,-5.5624e-02,-6.3906e-02,-7.1507e-02,-7.8344e-02,-8.4310e-02,-8.9272e-02,-9.3067e-02,-9.5510e-02,-9.6398e-02,-9.5532e-02,-9.2728e-02,-8.7849e-02,-8.0835e-02,-7.1733e-02,-6.0730e-02,-4.8174e-02,-3.4581e-02,-2.0620e-02,-7.0692e-03,5.2485e-03,1.5558e-02,2.3220e-02,2.7811e-02,2.9156e-02,2.7334e-02,2.2638e-02,1.5512e-02,6.4857e-03,-3.8907e-03,-1.5093e-02,-2.6657e-02,-3.8201e-02,-4.9439e-02,-6.0184e-02,-7.0353e-02,-7.9959e-02,-8.9104e-02,-9.7948e-02,-1.0666e-01,-1.1535e-01,-1.2394e-01,-1.3212e-01,-1.3934e-01,-1.4485e-01,-1.4794e-01,-1.4807e-01,-1.4505e-01,-1.3905e-01,-1.3054e-01,-1.2017e-01,-1.0863e-01,-9.6580e-02,-8.4591e-02,-7.3111e-02,-6.2478e-02,-5.2924e-02,-4.4592e-02,-3.7540e-02,-3.1745e-02,-2.7111e-02,-2.3465e-02,-2.0568e-02,-1.8131e-02,-1.5848e-02,-1.3450e-02,-1.0773e-02,-7.8241e-03,-4.8317e-03,-2.2361e-03,-6.2268e-04,-5.9695e-04,-2.6404e-03,-6.9906e-03,-1.3580e-02,-2.2047e-02,-3.1808e-02,-4.2167e-02,-5.2423e-02,-6.1958e-02,-7.0295e-02,-7.7113e-02,-8.2236e-02,-8.5616e-02,-8.7292e-02,-8.7366e-02,-8.5977e-02,-8.3282e-02,-7.9440e-02
9.2729e-02,7.9016e-02,6.5495e-02,5.2221e-02,3.9245e-02,2.6615e-02,1.4372e-02,2.5538e-03,-8.8115e-03,-1.9697e-02,-3.0080e-02,-3.9936e-02,-4.9240e-02,-5.7956e-02,-6.6034e-02,-7.3407e-02,-7.9985e-02,-8.5651e-02,-9.0258e-02,-9.3635e-02,-9.5586e-02,-9.5906e-02,-9.4397e-02,-9.0887e-02,-8.5262e-02,-7.7498e-02,-6.7693e-02,-5.6093e-02,-4.3115e-02,-2.9341e-02,-1.5497e-02,-2.3960e-03,9.1401e-03,1.8373e-02,2.4738e-02,2.7907e-02,2.7812e-02,2.4629e-02,1.8729e-02,1.0604e-02,8.0815e-04,-1.0108e-02,-2.1635e-02,-3.3338e-02,-4.4870e-02,-5.5986e-02,-6.6542e-02,-7.6498e-02,-8.5911e-02,-9.4913e-02,-1.0368e-01,-1.1237e-01,-1.2101e-01,-1.2944e-01,-1.3723e-01,-1.4371e-01,-1.4812e-01,-1.4980e-01,-1.4837e-01,-1.4381e-01,-1.3646e-01,-1.2690e-01,-1.1580e-01,-1.0387e-01,-9.1733e-02,-7.9897e-02,-6.8762e-02,-5.8614e-02,-4.9639e-02,-4.1938e-02,-3.5529e-02,-3.0352e-02,-2.6272e-02,-2.3081e-02,-2.0509e-02,-1.8248e-02,-1.5994e-02,-1.3511e-02,-1.0698e-02,-7.6532e-03,-4.7042e-03,-2.3726e-03,-1.2777e-03,-1.9981e-03,-4.9289e-03,-1.0184e-02,-1.7565e-02,-2.6602e-02,-3.6645e-02,-4.6979e-02,-5.6925e-02,-6.5919e-02,-7.3551e-02,-7.9564e-02,-8.3843e-02,-8.6382e-02,-8.7255e-02,-8.6585e-02,-8.4523e-02,-8.1231e-02
1.0254e-01,8.8714e-02,7.5043e-02,6.1585e-02,4.8396e-02,3.5524e-02,2.3015e-02,1.0907e-02,-7.6571e-04,-1.1976e-02,-2.2700e-02,-3.2915e-02,-4.2599e-02,-5.1722e-02,-6.0244e-02,-6.8112e-02,-7.5249e-02,-8.1555e-02,-8.6902e-02,-9.1133e-02,-9.4065e-02,-9.5495e-02,-9.5217e-02,-9.3036e-02,-8.8799e-02,-8.2418e-02,-7.3911e-02,-6.3431e-02,-5.1291e-02,-3.7975e-02,-2.4132e-02,-1.0536e-02,1.9779e-03,1.2602e-02,2.0651e-02,2.5647e-02,2.7365e-02,2.5846e-02,2.1355e-02,1.4328e-02,5.3001e-03,-5.1645e-03,-1.6521e-02,-2.8283e-02,-4.0047e-02,-5.1506e-02,-6.2456e-02,-7.2799e-02,-8.2539e-02,-9.1771e-02,-1.0066e-01,-1.0937e-01,-1.1803e-01,-1.2660e-01,-1.3477e-01,-1.4201e-01,-1.4756e-01,-1.5070e-01,-1.5088e-01,-1.4787e-01,-1.4185e-01,-1.3327e-01,-1.2280e-01,-1.1115e-01,-9.8988e-02,-8.6889e-02,-7.5314e-02,-6.4605e-02,-5.5000e-02,-4.6642e-02,-3.9590e-02,-3.3823e-02,-2.9244e-02,-2.5679e-02,-2.2886e-02,-2.0568e-02,-1.8408e-02,-1.6117e-02,-1.3502e-02,-1.0543e-02,-7.4362e-03,-4.6062e-03,-2.6392e-03,-2.1636e-03,-3.7032e-03,-7.5465e-03,-1.3675e-02,-2.1765e-02,-3.1253e-02,-4.1443e-02,-5.1620e-02,-6.1144e-02,-6.9513e-02,-7.6384e-02,-8.1564e-02,-8.4993e-02,-8.6704e-02,-8.6798e-02,-8.5417e-02,-8.2719e-02
1.1240e-01,9.8477e-02,8.4678e-02,7.1058e-02,5.7675e-02,4.4579e-02,3.1818e-02,1.9436e-02,7.4684e-03,-4.0544e-03,-1.5107e-02,-2.5667e-02,-3.5714e-02,-4.5223e-02,-5.4162e-02,-6.2487e-02,-7.0137e-02,-7.7027e-02,-8.3047e-02,-8.8057e-02,-9.1887e-02,-9.4345e-02,-9.5225e-02,-9.4317e-02,-9.1439e-02,-8.6456e-02,-7.9315e-02,-7.0081e-02,-5.8966e-02,-4.6352e-02,-3.2795e-02,-1.9003e-02,-5.7915e-03,5.9960e-03,1.5583e-02,2.2354e-02,2.5926e-02,2.6185e-02,2.3273e-02,1.7539e-02,9.4759e-03,-3.5584e-04,-1.1387e-02,-2.3086e-02,-3.4997e-02,-4.6750e-02,-5.8081e-02,-6.8831e-02,-7.8947e-02,-8.8476e-02,-9.7549e-02,-1.0634e-01,-1.1502e-01,-1.2364e-01,-1.3206e-01,-1.3985e-01,-1.4636e-01,-1.5082e-01,-1.5255e-01,-1.5115e-01,-1.4659e-01,-1.3920e-01,-1.2955e-01,-1.1834e-01,-1.0630e-01,-9.4045e-02,-8.2107e-02,-7.0887e-02,-6.0676e-02,-5.1662e-02,-4.3948e-02,-3.7553e-02,-3.2417e-02,-2.8405e-02,-2.5306e-02,-2.2847e-02,-2.0709e-02,-1.8575e-02,-1.6184e-02,-1.3406e-02,-1.0309e-02,-7.1942e-03,-4.5738e-03,-3.0774e-03,-3.3148e-03,-5.7291e-03,-1.0486e-02,-1.7434e-02,-2.6131e-02,-3.5941e-02,-4.6141e-02,-5.6035e-02,-6.5037e-02,-7.2710e-02,-7.8776e-02,-8.3108e-02,-8.5690e-02,-8.6592e-02,-8.5938e-02,-8.3880e-02
1.2229e-01,1.0829e-01,9.4386e-02,8.0626e-02,6.7068e-02,5.3767e-02,4.0773e-02,2.8131e-02,1.5882e-02,4.0586e-03,-7.3108e-03,-1.8204e-02,-2.8599e-02,-3.8475e-02,-4.7807e-02,-5.6560e-02,-6.4683e-02,-7.2107e-02,-7.8739e-02,-8.4456e-02,-8.9106e-02,-9.2509e-02,-9.4465e-02,-9.4762e-02,-9.3196e-02,-8.9597e-02,-8.3853e-02,-7.5954e-02,-6.6017e-02,-5.4318e-02,-4.1311e-02,-2.7619e-02,-1.4008e-02,-1.3219e-03,9.6033e-03,1.8039e-02,2.3451e-02,2.5564e-02,2.4373e-02,2.0117e-02,1.3218e-02,4.2140e-03,-6.3177e-03,-1.7813e-02,-2.9762e-02,-4.1740e-02,-5.3418e-02,-6.4576e-02,-7.5100e-02,-8.4983e-02,-9.4314e-02,-1.0325e-01,-1.1198e-01,-1.2063e-01,-1.2918e-01,-1.3735e-01,-1.4460e-01,-1.5020e-01,-1.5339e-01,-1.5361e-01,-1.5062e-01,-1.4457e-01,-1.3593e-01,-1.2536e-01,-1.1360e-01,-1.0132e-01,-8.9110e-02,-7.7441e-02,-6.6659e-02,-5.7003e-02,-4.8619e-02,-4.1567e-02,-3.5827e-02,-3.1302e-02,-2.7816e-02,-2.5126e-02,-2.2929e-02,-2.0894e-02,-1.8714e-02,-1.6171e-02,-1.3212e-02,-1.0007e-02,-6.9571e-03,-4.6480e-03,-3.7277e-03,-4.7594e-03,-8.0830e-03,-1.3731e-02,-2.1419e-02,-3.0607e-02,-4.0603e-02,-5.0679e-02,-6.0177e-02,-6.8567e-02,-7.5483e-02,-8.0717e-02,-8.4194e-02,-8.5942e-02,-8.6060e-02,-8.4689e-02
1.3219e-01,1.1815e-01,1.0416e-01,9.0276e-02,7.6564e-02,6.3077e-02,4.9867e-02,3.6982e-02,2.4466e-02,1.2355e-02,6.8003e-04,-1.0533e-02,-2.1265e-02,-3.1494e-02,-4.1199e-02,-5.0353e-02,-5.8915e-02,-6.6829e-02,-7.4018e-02,-8.0377e-02,-8.5772e-02,-9.0040e-02,-9.2989e-02,-9.4412e-02,-9.4096e-02,-9.1843e-02,-8.7499e-02,-8.0988e-02,-7.2340e-02,-6.1733e-02,-4.9513e-02,-3.6204e-02,-2.2497e-02,-9.2040e-03,2.8150e-03,1.2747e-02,1.9928e-02,2.3919e-02,2.4557e-02,2.1943e-02,1.6406e-02,8.4311e-03,-1.4122e-03,-1.2539e-02,-2.4397e-02,-3.6506e-02,-4.8476e-02,-6.0023e-02,-7.0971e-02,-8.1253e-02,-9.0908e-02,-1.0006e-01,-1.0890e-01,-1.1758e-01,-1.2619e-01,-1.3459e-01,-1.4239e-01,-1.4893e-01,-1.5344e-01,-1.5522e-01,-1.5386e-01,-1.4929e-01,-1.4185e-01,-1.3211e-01,-1.2081e-01,-1.0865e-01,-9.6280e-02,-8.4240e-02,-7.2937e-02,-6.2663e-02,-5.3611e-02,-4.5884e-02,-3.9502e-02,-3.4407e-02,-3.0461e-02,-2.7454e-02,-2.5107e-02,-2.3094e-02,-2.1083e-02,-1.8790e-02,-1.6057e-02,-1.2921e-02,-9.6559e-03,-6.7606e-03,-4.8716e-03,-4.6278e-03,-6.5183e-03,-1.0761e-02,-1.7252e-02,-2.5584e-02,-3.5135e-02,-4.5178e-02,-5.5003e-02,-6.3998e-02,-7.1701e-02,-7.7817e-02,-8.2200e-02,-8.4825e-02,-8.5759e-02,-8.5123e-02
1.4210e-01,1.2803e-01,1.1397e-01,9.9992e-02,8.6149e-02,7.2496e-02,5.9089e-02,4.5978e-02,3.3210e-02,2.0825e-02,8.8569e-03,-2.6661e-03,-1.3722e-02,-2.4290e-02,-3.4352e-02,-4.3885e-02,-5.2857e-02,-6.1225e-02,-6.8924e-02,-7.5867e-02,-8.1937e-02,-8.6990e-02,-9.0849e-02,-9.3315e-02,-9.4173e-02,-9.3212e-02,-9.0245e-02,-8.5141e-02,-7.7858e-02,-6.8481e-02,-5.7250e-02,-4.4582e-02,-3.1076e-02,-1.7482e-02,-4.6488e-03,6.5622e-03,1.5380e-02,2.1217e-02,2.3744e-02,2.2908e-02,1.8915e-02,1.2174e-02,3.2203e-03,-7.3559e-03,-1.8972e-02,-3.1096e-02,-4.3280e-02,-5.5176e-02,-6.6543e-02,-7.7253e-02,-8.7287e-02,-9.6727e-02,-1.0573e-01,-1.1449e-01,-1.2314e-01,-1.3167e-01,-1.3984e-01,-1.4711e-01,-1.5276e-01,-1.5600e-01,-1.5626e-01,-1.5328e-01,-1.4720e-01,-1.3850e-01,-1.2784e-01,-1.1596e-01,-1.0357e-01,-9.1252e-02,-7.9490e-02,-6.8635e-02,-5.8929e-02,-5.0520e-02,-4.3468e-02,-3.7755e-02,-3.3283e-02,-2.9877e-02,-2.7289e-02,-2.5211e-02,-2.3302e-02,-2.1238e-02,-1.8775e-02,-1.5829e-02,-1.2539e-02,-9.2851e-03,-6.6461e-03,-5.2877e-03,-5.8095e-03,-8.6023e-03,-1.3750e-02,-2.1013e-02,-2.9875e-02,-3.9652e-02,-4.9607e-02,-5.9060e-02,-6.7460e-02,-7.4415e-02,-7.9699e-02,-8.3223e-02,-8.5010e-02,-8.5154e-02
1.5200e-01,1.3791e-01,1.2382e-01,1.0976e-01,9.5809e-02,8.2011e-02,6.8426e-02,5.5108e-02,4.2104e-02,2.9459e-02,1.7211e-02,5.3902e-03,-5.9784e-03,-1.6874e-02,-2.7279e-02,-3.7173e-02,-4.6532e-02,-5.5321e-02,-6.3488e-02,-7.0963e-02,-7.7646e-02,-8.3411e-02,-8.8099e-02,-9.1523e-02,-9.3474e-02,-9.3735e-02,-9.2099e-02,-8.8393e-02,-8.2515e-02,-7.4467e-02,-6.4389e-02,-5.2590e-02,-3.9563e-02,-2.5974e-02,-1.2630e-02,-4.0150e-04,9.8650e-03,1.7456e-02,2.1880e-02,2.2917e-02,2.0629e-02,1.5319e-02,7.4616e-03,-2.3679e-03,-1.3569e-02,-2.5570e-02,-3.7867e-02,-5.0049e-02,-6.1810e-02,-7.2958e-02,-8.3413e-02,-9.3203e-02,-1.0245e-01,-1.1133e-01,-1.2003e-01,-1.2864e-01,-1.3704e-01,-1.4485e-01,-1.5142e-01,-1.5598e-01,-1.5782e-01,-1.5647e-01,-1.5190e-01,-1.4441e-01,-1.3460e-01,-1.2318e-01,-1.1091e-01,-9.8433e-02,-8.6293e-02,-7.4907e-02,-6.4572e-02,-5.5483e-02,-4.7744e-02,-4.1376e-02,-3.6320e-02,-3.2440e-02,-2.9523e-02,-2.7287e-02,-2.5399e-02,-2.3513e-02,-2.1324e-02,-1.8646e-02,-1.5485e-02,-1.2085e-02,-8.9296e-03,-6.6582e-03,-5.9364e-03,-7.2973e-03,-1.1012e-02,-1.7025e-02,-2.4967e-02,-3.4233e-02,-4.4096e-02,-5.3832e-02,-6.2805e-02,-7.0531e-02,-7.6690e-02,-8.1122e-02,-8.3791e-02,-8.4758e-02
1.6187e-01,1.4780e-01,1.3368e-01,1.1957e-01,1.0553e-01,9.1609e-02,7.7867e-02,6.4359e-02,5.1138e-02,3.8249e-02,2.5734e-02,1.3627e-02,1.9563e-03,-9.2557e-03,-1.9991e-02,-3.0231e-02,-3.9957e-02,-4.9140e-02,-5.7742e-02,-6.5703e-02,-7.2943e-02,-7.9353e-02,-8.4792e-02,-8.9090e-02,-9.2049e-02,-9.3454e-02,-9.3085e-02,-9.0744e-02,-8.6279e-02,-7.9621e-02,-7.0821e-02,-6.0081e-02,-4.7783e-02,-3.4495e-02,-2.0951e-02,-7.9992e-03,3.4788e-03,1.2671e-02,1.8940e-02,2.1897e-02,2.1440e-02,1.7741e-02,1.1187e-02,2.3112e-03,-8.2859e-03,-2.0004e-02,-3.2289e-02,-4.4671e-02,-5.6779e-02,-6.8355e-02,-7.9255e-02,-8.9447e-02,-9.9005e-02,-1.0809e-01,-1.1688e-01,-1.2554e-01,-1.3407e-01,-1.4224e-01,-1.4954e-01,-1.5523e-01,-1.5853e-01,-1.5883e-01,-1.5586e-01,-1.4975e-01,-1.4098e-01,-1.3023e-01,-1.1824e-01,-1.0573e-01,-9.3312e-02,-8.1459e-02,-7.0532e-02,-6.0778e-02,-5.2344e-02,-4.5293e-02,-3.9606e-02,-3.5186e-02,-3.1858e-02,-2.9371e-02,-2.7412e-02,-2.5631e-02,-2.3687e-02,-2.1311e-02,-1.8389e-02,-1.5029e-02,-1.1586e-02,-8.6309e-03,-6.8418e-03,-6.8537e-03,-9.1064e-03,-1.3738e-02,-2.0551e-02,-2.9062e-02,-3.8595e-02,-4.8407e-02,-5.7800e-02,-6.6197e-02,-7.3183e-02,-7.8513e-02,-8.2085e-02,-8.3911e-02
