1.4156e-02,6.6587e-03,1.6711e-03,-1.3338e-03,-2.9082e-03,-3.5509e-03,-3.6634e-03,-3.5316e-03,-3.3296e-03,-3.1423e-03,-2.9897e-03,-2.8521e-03,-2.6911e-03,-2.4668e-03,-2.1450e-03,-1.7047e-03,-1.1398e-03,-4.5797e-04,3.2145e-04,1.1697e-03,2.0517e-03,2.9299e-03,3.7650e-03,4.5206e-03,5.1637e-03,5.6677e-03,6.0128e-03,6.1874e-03,6.1872e-03,6.0187e-03,5.6931e-03,5.2319e-03,4.6592e-03,4.0047e-03,3.2989e-03,2.5724e-03,1.8537e-03,1.1673e-03,5.3193e-04,-3.7856e-05,-5.3551e-04,-9.5874e-04,-1.3114e-03,-1.6002e-03,-1.8343e-03,-2.0228e-03,-2.1741e-03,-2.2933e-03,-2.3829e-03,-2.4397e-03,-2.4583e-03,-2.4282e-03,-2.3382e-03,-2.1758e-03,-1.9303e-03,-1.5955e-03,-1.1703e-03,-6.6086e-04,-8.1867e-05,5.4494e-04,1.1908e-03,1.8208e-03,2.4011e-03,2.8953e-03,3.2738e-03,3.5132e-03,3.5984e-03,3.5266e-03,3.3049e-03,2.9513e-03,2.4923e-03,1.9606e-03,1.3923e-03,8.2478e-04,2.9146e-04,-1.7919e-04,-5.6992e-04,-8.6880e-04,-1.0782e-03,-1.2093e-03,-1.2806e-03,-1.3165e-03,-1.3431e-03,-1.3848e-03,-1.4596e-03,-1.5792e-03,-1.7438e-03,-1.9426e-03,-2.1555e-03,-2.3525e-03,-2.5012e-03,-2.5656e-03,-2.5148e-03,-2.3228e-03,-1.9772e-03,-1.4791e-03,-8.4455e-04,-1.0795e-04,6.8136e-04,1.4592e-03
6.0319e-03,-3.8358e-03,-1.0810e-02,-1.5281e-02,-1.7749e-02,-1.8727e-02,-1.8675e-02,-1.7956e-02,-1.6823e-02,-1.5432e-02,-1.3859e-02,-1.2130e-02,-1.0243e-02,-8.1876e-03,-5.9614e-03,-3.5732e-03,-1.0490e-03,1.5683e-03,4.2228e-03,6.8479e-03,9.3705e-03,1.1717e-02,1.3814e-02,1.5597e-02,1.7007e-02,1.8001e-02,1.8547e-02,1.8628e-02,1.8241e-02,1.7404e-02,1.6143e-02,1.4500e-02,1.2529e-02,1.0291e-02,7.8535e-03,5.2867e-03,2.6608e-03,4.4391e-05,-2.5012e-03,-4.9190e-03,-7.1616e-03,-9.1903e-03,-1.0974e-02,-1.2488e-02,-1.3718e-02,-1.4651e-02,-1.5279e-02,-1.5597e-02,-1.5601e-02,-1.5289e-02,-1.4657e-02,-1.3709e-02,-1.2447e-02,-1.0883e-02,-9.0326e-03,-6.9227e-03,-4.5904e-03,-2.0841e-03,5.3648e-04,3.2021e-03,5.8357e-03,8.3568e-03,1.0685e-02,1.2745e-02,1.4471e-02,1.5807e-02,1.6716e-02,1.7176e-02,1.7181e-02,1.6743e-02,1.5891e-02,1.4665e-02,1.3115e-02,1.1298e-02,9.2740e-03,7.1020e-03,4.8399e-03,2.5388e-03,2.4301e-04,-2.0087e-03,-4.1859e-03,-6.2613e-03,-8.2128e-03,-1.0020e-02,-1.1657e-02,-1.3099e-02,-1.4315e-02,-1.5272e-02,-1.5930e-02,-1.6251e-02,-1.6199e-02,-1.5740e-02,-1.4857e-02,-1.3540e-02,-1.1798e-02,-9.6597e-03,-7.1744e-03,-4.4135e-03,-1.4647e-03,1.5656e-03
8.1255e-04,-1.1589e-02,-2.0918e-02,-2.7338e-02,-3.1209e-02,-3.2993e-02,-3.3164e-02,-3.2147e-02,-3.0276e-02,-2.7789e-02,-2.4840e-02,-2.1516e-02,-1.7871e-02,-1.3939e-02,-9.7558e-03,-5.3667e-03,-8.3464e-04,3.7623e-03,8.3306e-03,1.2767e-02,1.6962e-02,2.0807e-02,2.4197e-02,2.7037e-02,2.9246e-02,3.0761e-02,3.1536e-02,3.1549e-02,3.0799e-02,2.9306e-02,2.7115e-02,2.4285e-02,2.0898e-02,1.7045e-02,1.2831e-02,8.3662e-03,3.7652e-03,-8.6045e-04,-5.4026e-03,-9.7598e-03,-1.3841e-02,-1.7567e-02,-2.0868e-02,-2.3689e-02,-2.5984e-02,-2.7719e-02,-2.8867e-02,-2.9411e-02,-2.9340e-02,-2.8652e-02,-2.7350e-02,-2.5448e-02,-2.2966e-02,-1.9940e-02,-1.6416e-02,-1.2456e-02,-8.1384e-03,-3.5559e-03,1.1825e-03,5.9583e-03,1.0644e-02,1.5113e-02,1.9236e-02,2.2896e-02,2.5992e-02,2.8435e-02,3.0164e-02,3.1136e-02,3.1337e-02,3.0772e-02,2.9472e-02,2.7485e-02,2.4876e-02,2.1726e-02,1.8123e-02,1.4161e-02,9.9387e-03,5.5536e-03,1.1009e-03,-3.3310e-03,-7.6553e-03,-1.1795e-02,-1.5677e-02,-1.9232e-02,-2.2396e-02,-2.5110e-02,-2.7314e-02,-2.8953e-02,-2.9976e-02,-3.0339e-02,-3.0006e-02,-2.8956e-02,-2.7180e-02,-2.4693e-02,-2.1529e-02,-1.7746e-02,-1.3427e-02,-8.6782e-03,-3.6294e-03,1.5733e-03
-1.6803e-03,-1.6466e-02,-2.8273e-02,-3.6975e-02,-4.2700e-02,-4.5770e-02,-4.6608e-02,-4.5658e-02,-4.3321e-02,-3.9921e-02,-3.5702e-02,-3.0838e-02,-2.5452e-02,-1.9640e-02,-1.3490e-02,-7.0928e-03,-5.5012e-04,6.0208e-03,1.2491e-02,1.8722e-02,2.4570e-02,2.9896e-02,3.4564e-02,3.8455e-02,4.1463e-02,4.3507e-02,4.4530e-02,4.4499e-02,4.3415e-02,4.1301e-02,3.8212e-02,3.4228e-02,2.9451e-02,2.4006e-02,1.8031e-02,1.1676e-02,5.0975e-03,-1.5462e-03,-8.1007e-03,-1.4418e-02,-2.0363e-02,-2.5811e-02,-3.0655e-02,-3.4803e-02,-3.8181e-02,-4.0729e-02,-4.2403e-02,-4.3174e-02,-4.3024e-02,-4.1951e-02,-3.9967e-02,-3.7097e-02,-3.3382e-02,-2.8883e-02,-2.3677e-02,-1.7862e-02,-1.1561e-02,-4.9097e-03,1.9339e-03,8.8023e-03,1.5519e-02,2.1906e-02,2.7795e-02,3.3025e-02,3.7456e-02,4.0975e-02,4.3492e-02,4.4948e-02,4.5316e-02,4.4599e-02,4.2827e-02,4.0058e-02,3.6375e-02,3.1879e-02,2.6687e-02,2.0932e-02,1.4752e-02,8.2924e-03,1.6975e-03,-4.8903e-03,-1.1333e-02,-1.7498e-02,-2.3264e-02,-2.8518e-02,-3.3153e-02,-3.7078e-02,-4.0206e-02,-4.2466e-02,-4.3795e-02,-4.4148e-02,-4.3494e-02,-4.1820e-02,-3.9140e-02,-3.5487e-02,-3.0924e-02,-2.5540e-02,-1.9454e-02,-1.2809e-02,-5.7702e-03,1.4749e-03
-1.9503e-03,-1.8620e-02,-3.2708e-02,-4.3774e-02,-5.1651e-02,-5.6428e-02,-5.8391e-02,-5.7935e-02,-5.5487e-02,-5.1447e-02,-4.6152e-02,-3.9875e-02,-3.2831e-02,-2.5196e-02,-1.7124e-02,-8.7611e-03,-2.5666e-04,8.2323e-03,1.6541e-02,2.4497e-02,3.1930e-02,3.8671e-02,4.4561e-02,4.9455e-02,5.3232e-02,5.5791e-02,5.7063e-02,5.7010e-02,5.5626e-02,5.2941e-02,4.9015e-02,4.3944e-02,3.7852e-02,3.0889e-02,2.3226e-02,1.5052e-02,6.5635e-03,-2.0365e-03,-1.0547e-02,-1.8773e-02,-2.6533e-02,-3.3661e-02,-4.0009e-02,-4.5449e-02,-4.9878e-02,-5.3210e-02,-5.5384e-02,-5.6361e-02,-5.6117e-02,-5.4654e-02,-5.1991e-02,-4.8167e-02,-4.3246e-02,-3.7313e-02,-3.0478e-02,-2.2879e-02,-1.4673e-02,-6.0454e-03,2.8042e-03,1.1659e-02,2.0298e-02,2.8499e-02,3.6049e-02,4.2753e-02,4.8438e-02,5.2959e-02,5.6206e-02,5.8104e-02,5.8614e-02,5.7735e-02,5.5499e-02,5.1975e-02,4.7257e-02,4.1470e-02,3.4760e-02,2.7292e-02,1.9246e-02,1.0808e-02,2.1706e-03,-6.4704e-03,-1.4927e-02,-2.3019e-02,-3.0574e-02,-3.7436e-02,-4.3461e-02,-4.8524e-02,-5.2515e-02,-5.5344e-02,-5.6941e-02,-5.7260e-02,-5.6275e-02,-5.3987e-02,-5.0428e-02,-4.5657e-02,-3.9765e-02,-3.2873e-02,-2.5133e-02,-1.6726e-02,-7.8537e-03,1.2607e-03
-7.7825e-04,-1.8531e-02,-3.4348e-02,-4.7533e-02,-5.7608e-02,-6.4363e-02,-6.7854e-02,-6.8342e-02,-6.6214e-02,-6.1900e-02,-5.5823e-02,-4.8357e-02,-3.9824e-02,-3.0496e-02,-2.0611e-02,-1.0384e-02,-2.0184e-05,1.0280e-02,2.0314e-02,2.9882e-02,3.8784e-02,4.6831e-02,5.3844e-02,5.9662e-02,6.4144e-02,6.7181e-02,6.8690e-02,6.8627e-02,6.6983e-02,6.3786e-02,5.9106e-02,5.3048e-02,4.5754e-02,3.7397e-02,2.8179e-02,1.8318e-02,8.0548e-03,-2.3690e-03,-1.2706e-02,-2.2720e-02,-3.2180e-02,-4.0881e-02,-4.8633e-02,-5.5277e-02,-6.0678e-02,-6.4730e-02,-6.7355e-02,-6.8501e-02,-6.8148e-02,-6.6296e-02,-6.2977e-02,-5.8246e-02,-5.2187e-02,-4.4914e-02,-3.6567e-02,-2.7317e-02,-1.7362e-02,-6.9244e-03,3.7528e-03,1.4412e-02,2.4790e-02,3.4628e-02,4.3676e-02,5.1704e-02,5.8511e-02,6.3927e-02,6.7824e-02,7.0109e-02,7.0737e-02,6.9701e-02,6.7039e-02,6.2821e-02,5.7160e-02,5.0198e-02,4.2108e-02,3.3082e-02,2.3336e-02,1.3096e-02,2.5994e-03,-7.9176e-03,-1.8219e-02,-2.8077e-02,-3.7277e-02,-4.5620e-02,-5.2926e-02,-5.9039e-02,-6.3824e-02,-6.7176e-02,-6.9017e-02,-6.9298e-02,-6.7999e-02,-6.5138e-02,-6.0763e-02,-5.4959e-02,-4.7846e-02,-3.9578e-02,-3.0340e-02,-2.0348e-02,-9.8383e-03,9.3385e-04
9.1755e-04,-1.6944e-02,-3.3643e-02,-4.8354e-02,-6.0347e-02,-6.9104e-02,-7.4383e-02,-7.6220e-02,-7.4871e-02,-7.0736e-02,-6.4276e-02,-5.5955e-02,-4.6204e-02,-3.5406e-02,-2.3896e-02,-1.1972e-02,9.3110e-05,1.2047e-02,2.3651e-02,3.4672e-02,4.4890e-02,5.4099e-02,6.2103e-02,6.8731e-02,7.3832e-02,7.7286e-02,7.9005e-02,7.8936e-02,7.7068e-02,7.3431e-02,6.8097e-02,6.1179e-02,5.2833e-02,4.3251e-02,3.2658e-02,2.1305e-02,9.4628e-03,-2.5863e-03,-1.4556e-02,-2.6166e-02,-3.7149e-02,-4.7254e-02,-5.6261e-02,-6.3973e-02,-7.0232e-02,-7.4911e-02,-7.7917e-02,-7.9194e-02,-7.8716e-02,-7.6493e-02,-7.2566e-02,-6.7007e-02,-5.9923e-02,-5.1451e-02,-4.1762e-02,-3.1056e-02,-1.9568e-02,-7.5536e-03,4.7094e-03,1.6928e-02,2.8805e-02,4.0048e-02,5.0378e-02,5.9538e-02,6.7301e-02,7.3480e-02,7.7925e-02,8.0536e-02,8.1259e-02,8.0082e-02,7.7047e-02,7.2231e-02,6.5758e-02,5.7785e-02,4.8505e-02,3.8136e-02,2.6923e-02,1.5124e-02,3.0116e-03,-9.1396e-03,-2.1054e-02,-3.2464e-02,-4.3116e-02,-5.2773e-02,-6.1221e-02,-6.8274e-02,-7.3776e-02,-7.7604e-02,-7.9668e-02,-7.9920e-02,-7.8345e-02,-7.4975e-02,-6.9877e-02,-6.3160e-02,-5.4971e-02,-4.5495e-02,-3.4951e-02,-2.3585e-02,-1.1667e-02,5.2006e-04
2.2936e-03,-1.4723e-02,-3.1306e-02,-4.6666e-02,-5.9958e-02,-7.0421e-02,-7.7509e-02,-8.0964e-02,-8.0822e-02,-7.7357e-02,-7.1005e-02,-6.2277e-02,-5.1695e-02,-3.9753e-02,-2.6897e-02,-1.3520e-02,2.5041e-05,1.3427e-02,2.6399e-02,3.8682e-02,5.0032e-02,6.0229e-02,6.9068e-02,7.6370e-02,8.1981e-02,8.5776e-02,8.7662e-02,8.7584e-02,8.5530e-02,8.1527e-02,7.5651e-02,6.8022e-02,5.8803e-02,4.8202e-02,3.6461e-02,2.3858e-02,1.0689e-02,-2.7285e-03,-1.6076e-02,-2.9036e-02,-4.1304e-02,-5.2596e-02,-6.2658e-02,-7.1268e-02,-7.8242e-02,-8.3436e-02,-8.6746e-02,-8.8110e-02,-8.7505e-02,-8.4945e-02,-8.0483e-02,-7.4210e-02,-6.6249e-02,-5.6763e-02,-4.5947e-02,-3.4031e-02,-2.1274e-02,-7.9630e-03,5.5956e-03,1.9083e-02,3.2174e-02,4.4552e-02,5.5914e-02,6.5981e-02,7.4511e-02,8.1297e-02,8.6179e-02,8.9048e-02,8.9842e-02,8.8550e-02,8.5212e-02,7.9914e-02,7.2784e-02,6.3997e-02,5.3757e-02,4.2305e-02,2.9903e-02,1.6837e-02,3.4051e-03,-1.0087e-02,-2.3334e-02,-3.6035e-02,-4.7901e-02,-5.8666e-02,-6.8085e-02,-7.5945e-02,-8.2067e-02,-8.6311e-02,-8.8580e-02,-8.8819e-02,-8.7021e-02,-8.3226e-02,-7.7521e-02,-7.0035e-02,-6.0944e-02,-5.0461e-02,-3.8833e-02,-2.6336e-02,-1.3268e-02,6.4202e-05
2.7838e-03,-1.2639e-02,-2.8159e-02,-4.3167e-02,-5.6872e-02,-6.8417e-02,-7.7023e-02,-8.2134e-02,-8.3496e-02,-8.1167e-02,-7.5463e-02,-6.6870e-02,-5.5959e-02,-4.3317e-02,-2.9496e-02,-1.4996e-02,-2.6014e-04,1.4329e-02,2.8432e-02,4.1752e-02,5.4026e-02,6.5017e-02,7.4516e-02,8.2343e-02,8.8342e-02,9.2388e-02,9.4391e-02,9.4295e-02,9.2088e-02,8.7798e-02,8.1503e-02,7.3324e-02,6.3434e-02,5.2048e-02,3.9423e-02,2.5853e-02,1.1656e-02,-2.8264e-03,-1.7247e-02,-3.1260e-02,-4.4532e-02,-5.6751e-02,-6.7636e-02,-7.6941e-02,-8.4466e-02,-9.0050e-02,-9.3582e-02,-9.4997e-02,-9.4271e-02,-9.1427e-02,-8.6530e-02,-7.9682e-02,-7.1027e-02,-6.0745e-02,-4.9055e-02,-3.6207e-02,-2.2483e-02,-8.1904e-03,6.3426e-03,2.0776e-02,3.4770e-02,4.7986e-02,6.0108e-02,7.0842e-02,7.9931e-02,8.7159e-02,9.2360e-02,9.5414e-02,9.6257e-02,9.4878e-02,9.1316e-02,8.5662e-02,7.8053e-02,6.8667e-02,5.7723e-02,4.5471e-02,3.2189e-02,1.8181e-02,3.7609e-03,-1.0743e-02,-2.5003e-02,-3.8693e-02,-5.1502e-02,-6.3133e-02,-7.3320e-02,-8.1826e-02,-8.8451e-02,-9.3040e-02,-9.5485e-02,-9.5729e-02,-9.3765e-02,-8.9644e-02,-8.3466e-02,-7.5381e-02,-6.5587e-02,-5.4322e-02,-4.1860e-02,-2.8501e-02,-1.4563e-02,-3.7710e-04
2.2183e-03,-1.1171e-02,-2.4915e-02,-3.8648e-02,-5.1784e-02,-6.3541e-02,-7.3059e-02,-7.9560e-02,-8.2499e-02,-8.1648e-02,-7.7106e-02,-6.9241e-02,-5.8599e-02,-4.5810e-02,-3.1517e-02,-1.6321e-02,-7.6140e-04,1.4695e-02,2.9647e-02,4.3753e-02,5.6721e-02,6.8301e-02,7.8278e-02,8.6472e-02,9.2730e-02,9.6934e-02,9.8998e-02,9.8872e-02,9.6544e-02,9.2047e-02,8.5459e-02,7.6906e-02,6.6561e-02,5.4646e-02,4.1425e-02,2.7202e-02,1.2310e-02,-2.8960e-03,-1.8049e-02,-3.2782e-02,-4.6742e-02,-5.9597e-02,-7.1045e-02,-8.0826e-02,-8.8722e-02,-9.4566e-02,-9.8238e-02,-9.9671e-02,-9.8846e-02,-9.5789e-02,-9.0573e-02,-8.3316e-02,-7.4172e-02,-6.3340e-02,-5.1052e-02,-3.7575e-02,-2.3207e-02,-8.2688e-03,6.8973e-03,2.1941e-02,3.6509e-02,5.0255e-02,6.2853e-02,7.4003e-02,8.3438e-02,9.0940e-02,9.6334e-02,9.9499e-02,1.0037e-01,9.8936e-02,9.5234e-02,8.9360e-02,8.1453e-02,7.1695e-02,6.0311e-02,4.7558e-02,3.3721e-02,1.9112e-02,4.0558e-03,-1.1107e-02,-2.6035e-02,-4.0386e-02,-5.3833e-02,-6.6063e-02,-7.6787e-02,-8.5752e-02,-9.2742e-02,-9.7588e-02,-1.0017e-01,-1.0044e-01,-9.8368e-02,-9.4027e-02,-8.7524e-02,-7.9026e-02,-6.8748e-02,-5.6949e-02,-4.3923e-02,-2.9989e-02,-1.5484e-02,-7.4928e-04
8.0139e-04,-1.0417e-02,-2.1998e-02,-3.3796e-02,-4.5486e-02,-5.6509e-02,-6.6104e-02,-7.3426e-02,-7.7718e-02,-7.8463e-02,-7.5475e-02,-6.8904e-02,-5.9174e-02,-4.6884e-02,-3.2716e-02,-1.7351e-02,-1.4219e-03,1.4516e-02,2.9986e-02,4.4594e-02,5.8010e-02,6.9963e-02,8.0232e-02,8.8635e-02,9.5026e-02,9.9296e-02,1.0137e-01,1.0120e-01,9.8781e-02,9.4160e-02,8.7410e-02,7.8660e-02,6.8086e-02,5.5909e-02,4.2397e-02,2.7854e-02,1.2619e-02,-2.9440e-03,-1.8462e-02,-3.3558e-02,-4.7867e-02,-6.1046e-02,-7.2783e-02,-8.2806e-02,-9.0890e-02,-9.6860e-02,-1.0059e-01,-1.0202e-01,-1.0113e-01,-9.7939e-02,-9.2540e-02,-8.5052e-02,-7.5644e-02,-6.4520e-02,-5.1925e-02,-3.8136e-02,-2.3458e-02,-8.2192e-03,7.2325e-03,2.2542e-02,3.7352e-02,5.1317e-02,6.4105e-02,7.5417e-02,8.4985e-02,9.2589e-02,9.8054e-02,1.0126e-01,1.0214e-01,1.0068e-01,9.6924e-02,9.0964e-02,8.2941e-02,7.3039e-02,6.1482e-02,4.8528e-02,3.4464e-02,1.9602e-02,4.2721e-03,-1.1186e-02,-2.6423e-02,-4.1093e-02,-5.4857e-02,-6.7394e-02,-7.8404e-02,-8.7623e-02,-9.4822e-02,-9.9825e-02,-1.0250e-01,-1.0279e-01,-1.0068e-01,-9.6230e-02,-8.9560e-02,-8.0847e-02,-7.0319e-02,-5.8248e-02,-4.4944e-02,-3.0738e-02,-1.5978e-02,-1.0123e-03
-1.0306e-03,-1.0139e-02,-1.9473e-02,-2.9013e-02,-3.8661e-02,-4.8135e-02,-5.6916e-02,-6.4272e-02,-6.9394e-02,-7.1558e-02,-7.0290e-02,-6.5453e-02,-5.7246e-02,-4.6139e-02,-3.2776e-02,-1.7866e-02,-2.1127e-03,1.3843e-02,2.9445e-02,4.4232e-02,5.7827e-02,6.9929e-02,8.0301e-02,8.8760e-02,9.5164e-02,9.9414e-02,1.0144e-01,1.0122e-01,9.8759e-02,9.4094e-02,8.7315e-02,7.8551e-02,6.7976e-02,5.5810e-02,4.2315e-02,2.7794e-02,1.2581e-02,-2.9643e-03,-1.8470e-02,-3.3560e-02,-4.7869e-02,-6.1052e-02,-7.2795e-02,-8.2823e-02,-9.0908e-02,-9.6873e-02,-1.0059e-01,-1.0200e-01,-1.0107e-01,-9.7846e-02,-9.2404e-02,-8.4877e-02,-7.5433e-02,-6.4286e-02,-5.1681e-02,-3.7898e-02,-2.3246e-02,-8.0523e-03,7.3379e-03,2.2572e-02,3.7298e-02,5.1171e-02,6.3868e-02,7.5093e-02,8.4584e-02,9.2123e-02,9.7538e-02,1.0071e-01,1.0158e-01,1.0013e-01,9.6400e-02,9.0488e-02,8.2530e-02,7.2706e-02,6.1238e-02,4.8379e-02,3.4411e-02,1.9641e-02,4.3928e-03,-1.0996e-02,-2.6182e-02,-4.0820e-02,-5.4573e-02,-6.7117e-02,-7.8151e-02,-8.7404e-02,-9.4645e-02,-9.9688e-02,-1.0240e-01,-1.0272e-01,-1.0062e-01,-9.6178e-02,-8.9504e-02,-8.0780e-02,-7.0244e-02,-5.8174e-02,-4.4885e-02,-3.0717e-02,-1.6020e-02,-1.1463e-03
-2.7963e-03,-9.9187e-03,-1.7108e-02,-2.4366e-02,-3.1721e-02,-3.9125e-02,-4.6345e-02,-5.2907e-02,-5.8126e-02,-6.1234e-02,-6.1555e-02,-5.8659e-02,-5.2451e-02,-4.3171e-02,-3.1321e-02,-1.7562e-02,-2.6186e-03,1.2808e-02,2.8088e-02,4.2683e-02,5.6158e-02,6.8170e-02,7.8457e-02,8.6824e-02,9.3132e-02,9.7288e-02,9.9240e-02,9.8970e-02,9.6498e-02,9.1879e-02,8.5205e-02,7.6606e-02,6.6256e-02,5.4369e-02,4.1200e-02,2.7038e-02,1.2208e-02,-2.9454e-03,-1.8062e-02,-3.2779e-02,-4.6740e-02,-5.9608e-02,-7.1077e-02,-8.0875e-02,-8.8777e-02,-9.4608e-02,-9.8242e-02,-9.9609e-02,-9.8692e-02,-9.5523e-02,-9.0187e-02,-8.2810e-02,-7.3563e-02,-6.2657e-02,-5.0337e-02,-3.6877e-02,-2.2581e-02,-7.7691e-03,7.2211e-03,2.2048e-02,3.6369e-02,4.9852e-02,6.2187e-02,7.3084e-02,8.2294e-02,8.9606e-02,9.4855e-02,9.7929e-02,9.8765e-02,9.7352e-02,9.3733e-02,8.7996e-02,8.0273e-02,7.0742e-02,5.9616e-02,4.7135e-02,3.3575e-02,1.9229e-02,4.4096e-03,-1.0557e-02,-2.5338e-02,-3.9601e-02,-5.3015e-02,-6.5267e-02,-7.6059e-02,-8.5124e-02,-9.2232e-02,-9.7197e-02,-9.9887e-02,-1.0022e-01,-9.8202e-02,-9.3872e-02,-8.7354e-02,-7.8826e-02,-6.8525e-02,-5.6728e-02,-4.3751e-02,-2.9931e-02,-1.5617e-02,-1.1547e-03
-4.1182e-03,-9.3440e-03,-1.4542e-02,-1.9666e-02,-2.4766e-02,-2.9920e-02,-3.5133e-02,-4.0224e-02,-4.4773e-02,-4.8145e-02,-4.9622e-02,-4.8569e-02,-4.4598e-02,-3.7644e-02,-2.7965e-02,-1.6075e-02,-2.6368e-03,1.1637e-02,2.6063e-02,4.0036e-02,5.3051e-02,6.4711e-02,7.4715e-02,8.2845e-02,8.8955e-02,9.2957e-02,9.4806e-02,9.4502e-02,9.2076e-02,8.7594e-02,8.1158e-02,7.2903e-02,6.2998e-02,5.1651e-02,3.9103e-02,2.5628e-02,1.1528e-02,-2.8725e-03,-1.7238e-02,-3.1226e-02,-4.4502e-02,-5.6748e-02,-6.7671e-02,-7.7012e-02,-8.4553e-02,-9.0124e-02,-9.3603e-02,-9.4920e-02,-9.4054e-02,-9.1037e-02,-8.5948e-02,-7.8908e-02,-7.0084e-02,-5.9678e-02,-4.7926e-02,-3.5095e-02,-2.1472e-02,-7.3680e-03,6.8978e-03,2.0999e-02,3.4611e-02,4.7420e-02,5.9130e-02,6.9471e-02,7.8206e-02,8.5136e-02,9.0109e-02,9.3017e-02,9.3803e-02,9.2459e-02,8.9022e-02,8.3579e-02,7.6256e-02,6.7220e-02,5.6671e-02,4.4840e-02,3.1981e-02,1.8376e-02,4.3152e-03,-9.8913e-03,-2.3931e-02,-3.7488e-02,-5.0251e-02,-6.1920e-02,-7.2213e-02,-8.0872e-02,-8.7675e-02,-9.2443e-02,-9.5041e-02,-9.5396e-02,-9.3494e-02,-8.9383e-02,-8.3175e-02,-7.5043e-02,-6.5214e-02,-5.3959e-02,-4.1584e-02,-2.8417e-02,-1.4797e-02,-1.0591e-03
-4.7974e-03,-8.1374e-03,-1.1453e-02,-1.4629e-02,-1.7668e-02,-2.0669e-02,-2.3762e-02,-2.7005e-02,-3.0272e-02,-3.3193e-02,-3.5186e-02,-3.5576e-02,-3.3764e-02,-2.9384e-02,-2.2383e-02,-1.3019e-02,-1.7951e-03,1.0646e-02,2.3618e-02,3.6468e-02,4.8628e-02,5.9637e-02,6.9139e-02,7.6883e-02,8.2701e-02,8.6498e-02,8.8236e-02,8.7924e-02,8.5606e-02,8.1362e-02,7.5301e-02,6.7563e-02,5.8315e-02,4.7755e-02,3.6106e-02,2.3623e-02,1.0578e-02,-2.7338e-03,-1.6008e-02,-2.8936e-02,-4.1212e-02,-5.2545e-02,-6.2666e-02,-7.1335e-02,-7.8346e-02,-8.3539e-02,-8.6796e-02,-8.8047e-02,-8.7272e-02,-8.4494e-02,-7.9786e-02,-7.3261e-02,-6.5073e-02,-5.5412e-02,-4.4498e-02,-3.2583e-02,-1.9935e-02,-6.8444e-03,6.3906e-03,1.9467e-02,3.2083e-02,4.3948e-02,5.4790e-02,6.4359e-02,7.2436e-02,7.8841e-02,8.3432e-02,8.6112e-02,8.6829e-02,8.5577e-02,8.2393e-02,7.7356e-02,7.0583e-02,6.2230e-02,5.2481e-02,4.1548e-02,2.9668e-02,1.7095e-02,4.1022e-03,-9.0306e-03,-2.2014e-02,-3.4557e-02,-4.6375e-02,-5.7189e-02,-6.6738e-02,-7.4784e-02,-8.1119e-02,-8.5570e-02,-8.8013e-02,-8.8374e-02,-8.6636e-02,-8.2839e-02,-7.7088e-02,-6.9539e-02,-6.0409e-02,-4.9951e-02,-3.8455e-02,-2.6234e-02,-1.3608e-02,-8.9522e-04
-4.8141e-03,-6.2091e-03,-7.6696e-03,-9.0310e-03,-1.0228e-02,-1.1312e-02,-1.2434e-02,-1.3773e-02,-1.5436e-02,-1.7346e-02,-1.9182e-02,-2.0402e-02,-2.0363e-02,-1.8485e-02,-1.4406e-02,-8.0637e-03,3.0518e-04,1.0227e-02,2.1093e-02,3.2254e-02,4.3099e-02,5.3105e-02,6.1855e-02,6.9046e-02,7.4474e-02,7.8024e-02,7.9653e-02,7.9372e-02,7.7237e-02,7.3336e-02,6.7790e-02,6.0738e-02,5.2347e-02,4.2801e-02,3.2308e-02,2.1093e-02,9.3980e-03,-2.5211e-03,-1.4398e-02,-2.5965e-02,-3.6955e-02,-4.7112e-02,-5.6195e-02,-6.3992e-02,-7.0316e-02,-7.5017e-02,-7.7988e-02,-7.9157e-02,-7.8503e-02,-7.6043e-02,-7.1838e-02,-6.5989e-02,-5.8633e-02,-4.9942e-02,-4.0117e-02,-2.9384e-02,-1.7990e-02,-6.1972e-03,5.7240e-03,1.7498e-02,2.8853e-02,3.9527e-02,4.9273e-02,5.7870e-02,6.5122e-02,7.0866e-02,7.4977e-02,7.7371e-02,7.8001e-02,7.6864e-02,7.3994e-02,6.9463e-02,6.3380e-02,5.5882e-02,4.7135e-02,3.7330e-02,2.6679e-02,1.5410e-02,3.7649e-03,-8.0057e-03,-1.9645e-02,-3.0895e-02,-4.1498e-02,-5.1209e-02,-5.9793e-02,-6.7035e-02,-7.2748e-02,-7.6775e-02,-7.9000e-02,-7.9354e-02,-7.7815e-02,-7.4419e-02,-6.9254e-02,-6.2463e-02,-5.4239e-02,-4.4816e-02,-3.4460e-02,-2.3457e-02,-1.2105e-02,-6.9993e-04
-4.2798e-03,-3.6393e-03,-3.2073e-03,-2.8052e-03,-2.3181e-03,-1.7335e-03,-1.1535e-03,-7.7574e-04,-8.2346e-04,-1.4426e-03,-2.5956e-03,-3.9951e-03,-5.1282e-03,-5.3656e-03,-4.1268e-03,-1.0324e-03,4.0104e-03,1.0801e-02,1.8908e-02,2.7767e-02,3.6774e-02,4.5364e-02,5.3062e-02,5.9499e-02,6.4422e-02,6.7679e-02,6.9206e-02,6.9006e-02,6.7138e-02,6.3694e-02,5.8800e-02,5.2599e-02,4.5250e-02,3.6929e-02,2.7820e-02,1.8118e-02,8.0289e-03,-2.2324e-03,-1.2446e-02,-2.2390e-02,-3.1842e-02,-4.0589e-02,-4.8428e-02,-5.5174e-02,-6.0666e-02,-6.4772e-02,-6.7391e-02,-6.8460e-02,-6.7950e-02,-6.5872e-02,-6.2276e-02,-5.7245e-02,-5.0895e-02,-4.3376e-02,-3.4864e-02,-2.5555e-02,-1.5666e-02,-5.4279e-03,4.9221e-03,1.5142e-02,2.4996e-02,3.4253e-02,4.2700e-02,5.0145e-02,5.6417e-02,6.1378e-02,6.4921e-02,6.6973e-02,6.7499e-02,6.6495e-02,6.3994e-02,6.0061e-02,5.4789e-02,4.8300e-02,4.0738e-02,3.2268e-02,2.3073e-02,1.3348e-02,3.3020e-03,-6.8504e-03,-1.6890e-02,-2.6595e-02,-3.5747e-02,-4.4134e-02,-5.1555e-02,-5.7825e-02,-6.2780e-02,-6.6284e-02,-6.8234e-02,-6.8565e-02,-6.7256e-02,-6.4333e-02,-5.9870e-02,-5.3989e-02,-4.6859e-02,-3.8685e-02,-2.9702e-02,-2.0169e-02,-1.0350e-02,-5.1191e-04
-3.3789e-03,-6.2504e-04,1.7644e-03,3.9426e-03,6.0380e-03,8.1108e-03,1.0123e-02,1.1926e-02,1.3283e-02,1.3941e-02,1.3726e-02,1.2652e-02,1.0990e-02,9.2416e-03,8.0438e-03,7.9976e-03,9.5173e-03,1.2740e-02,1.7515e-02,2.3462e-02,3.0063e-02,3.6763e-02,4.3046e-02,4.8481e-02,5.2752e-02,5.5653e-02,5.7080e-02,5.7013e-02,5.5499e-02,5.2629e-02,4.8526e-02,4.3331e-02,3.7198e-02,3.0286e-02,2.2758e-02,1.4778e-02,6.5119e-03,-1.8704e-03,-1.0199e-02,-1.8302e-02,-2.6007e-02,-3.3148e-02,-3.9563e-02,-4.5104e-02,-4.9638e-02,-5.3053e-02,-5.5262e-02,-5.6204e-02,-5.5853e-02,-5.4209e-02,-5.1306e-02,-4.7211e-02,-4.2016e-02,-3.5843e-02,-2.8837e-02,-2.1162e-02,-1.3000e-02,-4.5425e-03,4.0098e-03,1.2455e-02,2.0594e-02,2.8236e-02,3.5204e-02,4.1335e-02,4.6493e-02,5.0563e-02,5.3458e-02,5.5122e-02,5.5526e-02,5.4671e-02,5.2587e-02,4.9329e-02,4.4978e-02,3.9633e-02,3.3415e-02,2.6461e-02,1.8918e-02,1.0949e-02,2.7211e-03,-5.5920e-03,-1.3810e-02,-2.1755e-02,-2.9251e-02,-3.6125e-02,-4.2215e-02,-4.7367e-02,-5.1449e-02,-5.4345e-02,-5.5969e-02,-5.6264e-02,-5.5208e-02,-5.2818e-02,-4.9155e-02,-4.4316e-02,-3.8440e-02,-3.1700e-02,-2.4298e-02,-1.6455e-02,-8.3989e-03,-3.6015e-04
-2.3114e-03,2.5863e-03,6.9809e-03,1.0971e-02,1.4661e-02,1.8126e-02,2.1374e-02,2.4321e-02,2.6783e-02,2.8499e-02,2.9198e-02,2.8698e-02,2.7008e-02,2.4400e-02,2.1388e-02,1.8633e-02,1.6774e-02,1.6273e-02,1.7324e-02,1.9829e-02,2.3461e-02,2.7753e-02,3.2197e-02,3.6321e-02,3.9742e-02,4.2187e-02,4.3495e-02,4.3603e-02,4.2529e-02,4.0347e-02,3.7168e-02,3.3128e-02,2.8366e-02,2.3026e-02,1.7245e-02,1.1157e-02,4.8867e-03,-1.4433e-03,-7.7134e-03,-1.3804e-02,-1.9597e-02,-2.4976e-02,-2.9824e-02,-3.4033e-02,-3.7502e-02,-4.0144e-02,-4.1885e-02,-4.2676e-02,-4.2485e-02,-4.1308e-02,-3.9164e-02,-3.6098e-02,-3.2177e-02,-2.7493e-02,-2.2154e-02,-1.6289e-02,-1.0039e-02,-3.5534e-03,3.0098e-03,9.4919e-03,1.5737e-02,2.1595e-02,2.6929e-02,3.1613e-02,3.5542e-02,3.8629e-02,4.0810e-02,4.2043e-02,4.2312e-02,4.1620e-02,3.9993e-02,3.7479e-02,3.4138e-02,3.0053e-02,2.5314e-02,2.0027e-02,1.4303e-02,8.2653e-03,2.0379e-03,-4.2493e-03,-1.0463e-02,-1.6472e-02,-2.2145e-02,-2.7353e-02,-3.1973e-02,-3.5892e-02,-3.9005e-02,-4.1225e-02,-4.2481e-02,-4.2727e-02,-4.1942e-02,-4.0134e-02,-3.7347e-02,-3.3656e-02,-2.9167e-02,-2.4018e-02,-1.8371e-02,-1.2404e-02,-6.3051e-03,-2.6359e-04
-1.2537e-03,5.7491e-03,1.2147e-02,1.7966e-02,2.3260e-02,2.8081e-02,3.2454e-02,3.6342e-02,3.9629e-02,4.2107e-02,4.3508e-02,4.3564e-02,4.2103e-02,3.9149e-02,3.4994e-02,3.0185e-02,2.5417e-02,2.1382e-02,1.8600e-02,1.7321e-02,1.7506e-02,1.8876e-02,2.1013e-02,2.3450e-02,2.5758e-02,2.7595e-02,2.8726e-02,2.9025e-02,2.8459e-02,2.7069e-02,2.4940e-02,2.2187e-02,1.8933e-02,1.5301e-02,1.1403e-02,7.3370e-03,3.1904e-03,-9.6136e-04,-5.0490e-03,-9.0070e-03,-1.2770e-02,-1.6274e-02,-1.9449e-02,-2.2230e-02,-2.4551e-02,-2.6350e-02,-2.7575e-02,-2.8184e-02,-2.8149e-02,-2.7457e-02,-2.6114e-02,-2.4143e-02,-2.1583e-02,-1.8494e-02,-1.4947e-02,-1.1028e-02,-6.8359e-03,-2.4747e-03,1.9462e-03,6.3143e-03,1.0521e-02,1.4461e-02,1.8038e-02,2.1167e-02,2.3776e-02,2.5808e-02,2.7222e-02,2.7995e-02,2.8119e-02,2.7602e-02,2.6466e-02,2.4748e-02,2.2493e-02,1.9758e-02,1.6606e-02,1.3107e-02,9.3345e-03,5.3660e-03,1.2817e-03,-2.8369e-03,-6.9059e-03,-1.0843e-02,-1.4565e-02,-1.7990e-02,-2.1039e-02,-2.3636e-02,-2.5712e-02,-2.7203e-02,-2.8061e-02,-2.8248e-02,-2.7746e-02,-2.6557e-02,-2.4705e-02,-2.2241e-02,-1.9241e-02,-1.5803e-02,-1.2045e-02,-8.1029e-03,-4.1168e-03,-2.3130e-04
-3.3735e-04,8.6562e-03,1.6988e-02,2.4605e-02,3.1493e-02,3.7656e-02,4.3103e-02,4.7815e-02,5.1725e-02,5.4698e-02,5.6524e-02,5.6945e-02,5.5716e-02,5.2693e-02,4.7936e-02,4.1773e-02,3.4793e-02,2.7744e-02,2.1370e-02,1.6253e-02,1.2698e-02,1.0718e-02,1.0082e-02,1.0411e-02,1.1277e-02,1.2283e-02,1.3119e-02,1.3578e-02,1.3557e-02,1.3036e-02,1.2060e-02,1.0708e-02,9.0784e-03,7.2638e-03,5.3487e-03,3.3979e-03,1.4589e-03,-4.3681e-04,-2.2686e-03,-4.0229e-03,-5.6874e-03,-7.2474e-03,-8.6843e-03,-9.9737e-03,-1.1088e-02,-1.1995e-02,-1.2663e-02,-1.3063e-02,-1.3170e-02,-1.2966e-02,-1.2444e-02,-1.1604e-02,-1.0460e-02,-9.0356e-03,-7.3633e-03,-5.4861e-03,-3.4550e-03,-1.3251e-03,8.4296e-04,2.9889e-03,5.0520e-03,6.9751e-03,8.7075e-03,1.0204e-02,1.1429e-02,1.2356e-02,1.2968e-02,1.3261e-02,1.3236e-02,1.2905e-02,1.2288e-02,1.1408e-02,1.0294e-02,8.9778e-03,7.4897e-03,5.8654e-03,4.1350e-03,2.3332e-03,4.9024e-04,-1.3615e-03,-3.1908e-03,-4.9658e-03,-6.6543e-03,-8.2213e-03,-9.6331e-03,-1.0852e-02,-1.1845e-02,-1.2577e-02,-1.3017e-02,-1.3139e-02,-1.2929e-02,-1.2380e-02,-1.1501e-02,-1.0319e-02,-8.8753e-03,-7.2295e-03,-5.4557e-03,-3.6408e-03,-1.8778e-03,-2.6053e-04
3.5975e-04,1.1157e-02,2.1281e-02,3.0600e-02,3.9026e-02,4.6500e-02,5.2991e-02,5.8469e-02,6.2890e-02,6.6171e-02,6.8177e-02,6.8717e-02,6.7562e-02,6.4508e-02,5.9458e-02,5.2521e-02,4.4073e-02,3.4752e-02,2.5361e-02,1.6700e-02,9.4052e-03,3.8350e-03,4.5724e-05,-2.1550e-03,-3.1158e-03,-3.2376e-03,-2.8922e-03,-2.3715e-03,-1.8693e-03,-1.4835e-03,-1.2368e-03,-1.1007e-03,-1.0207e-03,-9.3808e-04,-8.0318e-04,-5.8541e-04,-2.7536e-04,1.1678e-04,5.6601e-04,1.0370e-03,1.4927e-03,1.8982e-03,2.2252e-03,2.4539e-03,2.5759e-03,2.5912e-03,2.5085e-03,2.3427e-03,2.1131e-03,1.8397e-03,1.5435e-03,1.2418e-03,9.5032e-04,6.7949e-04,4.3605e-04,2.2211e-04,3.6113e-05,-1.2714e-04,-2.7461e-04,-4.1492e-04,-5.5590e-04,-7.0570e-04,-8.6900e-04,-1.0489e-03,-1.2430e-03,-1.4472e-03,-1.6529e-03,-1.8478e-03,-2.0187e-03,-2.1510e-03,-2.2300e-03,-2.2434e-03,-2.1819e-03,-2.0404e-03,-1.8185e-03,-1.5208e-03,-1.1570e-03,-7.4214e-04,-2.9270e-04,1.6981e-04,6.2552e-04,1.0542e-03,1.4368e-03,1.7602e-03,2.0147e-03,2.1943e-03,2.3020e-03,2.3431e-03,2.3296e-03,2.2739e-03,2.1894e-03,2.0879e-03,1.9758e-03,1.8513e-03,1.7060e-03,1.5183e-03,1.2593e-03,8.9172e-04,3.7254e-04,-3.4225e-04
8.1018e-04,1.3162e-02,2.4867e-02,3.5725e-02,4.5573e-02,5.4287e-02,6.1780e-02,6.7989e-02,7.2865e-02,7.6355e-02,7.8381e-02,7.8829e-02,7.7542e-02,7.4343e-02,6.9083e-02,6.1724e-02,5.2430e-02,4.1632e-02,3.0020e-02,1.8447e-02,7.7634e-03,-1.3475e-03,-8.4850e-03,-1.3559e-02,-1.6736e-02,-1.8343e-02,-1.8768e-02,-1.8372e-02,-1.7444e-02,-1.6181e-02,-1.4692e-02,-1.3027e-02,-1.1187e-02,-9.1629e-03,-6.9460e-03,-4.5433e-03,-1.9833e-03,6.8495e-04,3.3938e-03,6.0650e-03,8.6151e-03,1.0964e-02,1.3037e-02,1.4776e-02,1.6133e-02,1.7078e-02,1.7594e-02,1.7682e-02,1.7352e-02,1.6625e-02,1.5531e-02,1.4107e-02,1.2394e-02,1.0436e-02,8.2799e-03,5.9725e-03,3.5618e-03,1.0949e-03,-1.3816e-03,-3.8219e-03,-6.1818e-03,-8.4171e-03,-1.0487e-02,-1.2349e-02,-1.3966e-02,-1.5301e-02,-1.6321e-02,-1.6997e-02,-1.7304e-02,-1.7227e-02,-1.6756e-02,-1.5890e-02,-1.4642e-02,-1.3031e-02,-1.1090e-02,-8.8629e-03,-6.4015e-03,-3.7674e-03,-1.0278e-03,1.7454e-03,4.4798e-03,7.1032e-03,9.5465e-03,1.1750e-02,1.3657e-02,1.5227e-02,1.6426e-02,1.7234e-02,1.7642e-02,1.7652e-02,1.7274e-02,1.6525e-02,1.5426e-02,1.4001e-02,1.2269e-02,1.0249e-02,7.9568e-03,5.4021e-03,2.5946e-03,-4.5768e-04
1.0270e-03,1.4634e-02,2.7654e-02,3.9825e-02,5.0918e-02,6.0746e-02,6.9162e-02,7.6059e-02,8.1363e-02,8.5021e-02,8.6991e-02,8.7223e-02,8.5641e-02,8.2141e-02,7.6609e-02,6.8962e-02,5.9227e-02,4.7624e-02,3.4637e-02,2.1002e-02,7.6130e-03,-4.6375e-03,-1.5031e-02,-2.3140e-02,-2.8851e-02,-3.2319e-02,-3.3864e-02,-3.3874e-02,-3.2715e-02,-3.0690e-02,-2.8017e-02,-2.4839e-02,-2.1239e-02,-1.7271e-02,-1.2980e-02,-8.4143e-03,-3.6425e-03,1.2488e-03,6.1544e-03,1.0957e-02,1.5531e-02,1.9757e-02,2.3521e-02,2.6724e-02,2.9285e-02,3.1142e-02,3.2256e-02,3.2607e-02,3.2199e-02,3.1049e-02,2.9198e-02,2.6696e-02,2.3608e-02,2.0011e-02,1.5989e-02,1.1635e-02,7.0431e-03,2.3144e-03,-2.4519e-03,-7.1552e-03,-1.1698e-02,-1.5985e-02,-1.9928e-02,-2.3442e-02,-2.6452e-02,-2.8891e-02,-3.0702e-02,-3.1839e-02,-3.2268e-02,-3.1973e-02,-3.0948e-02,-2.9209e-02,-2.6785e-02,-2.3726e-02,-2.0095e-02,-1.5974e-02,-1.1459e-02,-6.6552e-03,-1.6797e-03,3.3461e-03,8.2991e-03,1.3057e-02,1.7503e-02,2.1530e-02,2.5042e-02,2.7958e-02,3.0213e-02,3.1763e-02,3.2578e-02,3.2650e-02,3.1985e-02,3.0606e-02,2.8547e-02,2.5853e-02,2.2575e-02,1.8768e-02,1.4489e-02,9.7975e-03,4.7512e-03,-5.8885e-04
1.0505e-03,1.5582e-02,2.9607e-02,4.2813e-02,5.4919e-02,6.5681e-02,7.4897e-02,8.2409e-02,8.8106e-02,9.1923e-02,9.3825e-02,9.3801e-02,9.1844e-02,8.7934e-02,8.2034e-02,7.4098e-02,6.4109e-02,5.2159e-02,3.8520e-02,2.3718e-02,8.5232e-03,-6.1393e-03,-1.9352e-02,-3.0375e-02,-3.8766e-02,-4.4406e-02,-4.7449e-02,-4.8227e-02,-4.7140e-02,-4.4578e-02,-4.0872e-02,-3.6279e-02,-3.0984e-02,-2.5124e-02,-1.8810e-02,-1.2144e-02,-5.2369e-03,1.7867e-03,8.7864e-03,1.5610e-02,2.2100e-02,2.8099e-02,3.3458e-02,3.8046e-02,4.1747e-02,4.4475e-02,4.6165e-02,4.6781e-02,4.6314e-02,4.4782e-02,4.2227e-02,3.8714e-02,3.4330e-02,2.9180e-02,2.3383e-02,1.7075e-02,1.0398e-02,3.5019e-03,-3.4609e-03,-1.0336e-02,-1.6975e-02,-2.3232e-02,-2.8971e-02,-3.4068e-02,-3.8409e-02,-4.1899e-02,-4.4457e-02,-4.6023e-02,-4.6555e-02,-4.6035e-02,-4.4466e-02,-4.1878e-02,-3.8318e-02,-3.3864e-02,-2.8611e-02,-2.2678e-02,-1.6200e-02,-9.3287e-03,-2.2250e-03,4.9424e-03,1.2002e-02,1.8784e-02,2.5127e-02,3.0880e-02,3.5909e-02,4.0097e-02,4.3350e-02,4.5598e-02,4.6796e-02,4.6924e-02,4.5985e-02,4.4006e-02,4.1036e-02,3.7137e-02,3.2389e-02,2.6881e-02,2.0711e-02,1.3983e-02,6.8047e-03,-7.1294e-04
9.3853e-04,1.6044e-02,3.0733e-02,4.4660e-02,5.7504e-02,6.8973e-02,7.8817e-02,8.6833e-02,9.2870e-02,9.6836e-02,9.8690e-02,9.8436e-02,9.6111e-02,9.1767e-02,8.5449e-02,7.7188e-02,6.7006e-02,5.4953e-02,4.1168e-02,2.5967e-02,9.9007e-03,-6.2391e-03,-2.1513e-02,-3.4994e-02,-4.5936e-02,-5.3896e-02,-5.8764e-02,-6.0710e-02,-6.0088e-02,-5.7328e-02,-5.2857e-02,-4.7050e-02,-4.0209e-02,-3.2576e-02,-2.4345e-02,-1.5686e-02,-6.7590e-03,2.2695e-03,1.1226e-02,1.9928e-02,2.8188e-02,3.5819e-02,4.2645e-02,4.8504e-02,5.3256e-02,5.6788e-02,5.9015e-02,5.9885e-02,5.9377e-02,5.7504e-02,5.4313e-02,4.9877e-02,4.4303e-02,3.7720e-02,3.0282e-02,2.2161e-02,1.3544e-02,4.6277e-03,-4.3839e-03,-1.3288e-02,-2.1884e-02,-2.9981e-02,-3.7396e-02,-4.3966e-02,-4.9545e-02,-5.4007e-02,-5.7252e-02,-5.9205e-02,-5.9819e-02,-5.9075e-02,-5.6986e-02,-5.3591e-02,-4.8963e-02,-4.3203e-02,-3.6436e-02,-2.8816e-02,-2.0515e-02,-1.1726e-02,-2.6523e-03,6.4936e-03,1.5497e-02,2.4145e-02,3.2236e-02,3.9578e-02,4.6002e-02,5.1359e-02,5.5528e-02,5.8417e-02,5.9965e-02,6.0142e-02,5.8948e-02,5.6416e-02,5.2601e-02,4.7588e-02,4.1480e-02,3.4398e-02,2.6479e-02,1.7867e-02,8.7177e-03,-8.1301e-04
7.5261e-04,1.6074e-02,3.1072e-02,4.5383e-02,5.8656e-02,7.0567e-02,8.0829e-02,8.9200e-02,9.5494e-02,9.9586e-02,1.0142e-01,1.0100e-01,9.8381e-02,9.3663e-02,8.6961e-02,7.8388e-02,6.8039e-02,5.5997e-02,4.2359e-02,2.7302e-02,1.1164e-02,-5.4941e-03,-2.1878e-02,-3.7050e-02,-5.0087e-02,-6.0251e-02,-6.7114e-02,-7.0587e-02,-7.0869e-02,-6.8350e-02,-6.3501e-02,-5.6798e-02,-4.8665e-02,-3.9464e-02,-2.9489e-02,-1.8996e-02,-8.2076e-03,2.6634e-03,1.3407e-02,2.3812e-02,3.3666e-02,4.2760e-02,5.0894e-02,5.7884e-02,6.3571e-02,6.7819e-02,7.0526e-02,7.1626e-02,7.1088e-02,6.8920e-02,6.5168e-02,5.9917e-02,5.3283e-02,4.5422e-02,3.6513e-02,2.6763e-02,1.6400e-02,5.6626e-03,-5.1998e-03,-1.5937e-02,-2.6304e-02,-3.6062e-02,-4.4991e-02,-5.2890e-02,-5.9582e-02,-6.4915e-02,-6.8771e-02,-7.1063e-02,-7.1738e-02,-7.0779e-02,-6.8206e-02,-6.4073e-02,-5.8472e-02,-5.1526e-02,-4.3391e-02,-3.4250e-02,-2.4310e-02,-1.3801e-02,-2.9625e-03,7.9529e-03,1.8692e-02,2.9006e-02,3.8653e-02,4.7411e-02,5.5076e-02,6.1474e-02,6.6458e-02,6.9917e-02,7.1775e-02,7.1993e-02,7.0571e-02,6.7540e-02,6.2970e-02,5.6959e-02,4.9633e-02,4.1143e-02,3.1658e-02,2.1362e-02,1.0451e-02,-8.7187e-04
5.5004e-04,1.5734e-02,3.0684e-02,4.5028e-02,5.8403e-02,7.0467e-02,8.0905e-02,8.9450e-02,9.5885e-02,1.0006e-01,1.0190e-01,1.0138e-01,9.8588e-02,9.3626e-02,8.6660e-02,7.7867e-02,6.7419e-02,5.5466e-02,4.2132e-02,2.7545e-02,1.1898e-02,-4.4683e-03,-2.0999e-02,-3.6913e-02,-5.1290e-02,-6.3222e-02,-7.1994e-02,-7.7204e-02,-7.8793e-02,-7.7002e-02,-7.2266e-02,-6.5108e-02,-5.6057e-02,-4.5593e-02,-3.4132e-02,-2.2028e-02,-9.5837e-03,2.9297e-03,1.5260e-02,2.7166e-02,3.8414e-02,4.8775e-02,5.8035e-02,6.5994e-02,7.2476e-02,7.7333e-02,8.0449e-02,8.1745e-02,8.1183e-02,7.8765e-02,7.4537e-02,6.8588e-02,6.1049e-02,5.2090e-02,4.1916e-02,3.0763e-02,1.8890e-02,6.5763e-03,-5.8899e-03,-1.8217e-02,-3.0119e-02,-4.1320e-02,-5.1562e-02,-6.0613e-02,-6.8265e-02,-7.4349e-02,-7.8727e-02,-8.1303e-02,-8.2020e-02,-8.0865e-02,-7.7862e-02,-7.3080e-02,-6.6627e-02,-5.8649e-02,-4.9326e-02,-3.8868e-02,-2.7514e-02,-1.5522e-02,-3.1671e-03,9.2672e-03,2.1495e-02,3.3234e-02,4.4215e-02,5.4183e-02,6.2910e-02,7.0197e-02,7.5877e-02,7.9824e-02,8.1946e-02,8.2199e-02,8.0578e-02,7.7120e-02,7.1899e-02,6.5029e-02,5.6655e-02,4.6954e-02,3.6125e-02,2.4385e-02,1.1970e-02,-8.8163e-04
3.7768e-04,1.5083e-02,2.9635e-02,4.3664e-02,5.6808e-02,6.8720e-02,7.9074e-02,8.7588e-02,9.4025e-02,9.8215e-02,1.0006e-01,9.9531e-02,9.6689e-02,9.1654e-02,8.4608e-02,7.5769e-02,6.5365e-02,5.3612e-02,4.0694e-02,2.6755e-02,1.1936e-02,-3.5759e-03,-1.9454e-02,-3.5165e-02,-4.9955e-02,-6.2930e-02,-7.3209e-02,-8.0109e-02,-8.3261e-02,-8.2654e-02,-7.8571e-02,-7.1503e-02,-6.2024e-02,-5.0722e-02,-3.8130e-02,-2.4717e-02,-1.0882e-02,3.0292e-03,1.6714e-02,2.9895e-02,4.2315e-02,5.3731e-02,6.3917e-02,7.2665e-02,7.9789e-02,8.5133e-02,8.8573e-02,9.0021e-02,8.9434e-02,8.6811e-02,8.2196e-02,7.5681e-02,6.7408e-02,5.7556e-02,4.6351e-02,3.4052e-02,2.0946e-02,7.3418e-03,-6.4396e-03,-2.0072e-02,-3.3234e-02,-4.5619e-02,-5.6939e-02,-6.6933e-02,-7.5373e-02,-8.2069e-02,-8.6872e-02,-8.9676e-02,-9.0421e-02,-8.9095e-02,-8.5731e-02,-8.0409e-02,-7.3251e-02,-6.4421e-02,-5.4121e-02,-4.2584e-02,-3.0073e-02,-1.6872e-02,-3.2824e-03,1.0386e-02,2.3821e-02,3.6716e-02,4.8775e-02,5.9723e-02,6.9310e-02,7.7317e-02,8.3562e-02,8.7902e-02,9.0239e-02,9.0520e-02,8.8737e-02,8.4929e-02,7.9177e-02,7.1606e-02,6.2380e-02,5.1693e-02,3.9772e-02,2.6865e-02,1.3237e-02,-8.3733e-04
2.6719e-04,1.4174e-02,2.7993e-02,4.1370e-02,5.3956e-02,6.5409e-02,7.5410e-02,8.3671e-02,8.9952e-02,9.4069e-02,9.5908e-02,9.5430e-02,9.2674e-02,8.7756e-02,8.0854e-02,7.2200e-02,6.2054e-02,5.0676e-02,3.8308e-02,2.5142e-02,1.1329e-02,-3.0049e-03,-1.7689e-02,-3.2426e-02,-4.6717e-02,-5.9842e-02,-7.0942e-02,-7.9175e-02,-8.3893e-02,-8.4774e-02,-8.1851e-02,-7.5463e-02,-6.6152e-02,-5.4551e-02,-4.1295e-02,-2.6968e-02,-1.2081e-02,2.9323e-03,1.7702e-02,3.1907e-02,4.5260e-02,5.7505e-02,6.8406e-02,7.7752e-02,8.5354e-02,9.1054e-02,9.4724e-02,9.6276e-02,9.5661e-02,9.2876e-02,8.7966e-02,8.1027e-02,7.2201e-02,6.1680e-02,4.9703e-02,3.6543e-02,2.2510e-02,7.9339e-03,-6.8377e-03,-2.1454e-02,-3.5569e-02,-4.8849e-02,-6.0982e-02,-7.1690e-02,-8.0725e-02,-8.7882e-02,-9.3003e-02,-9.5976e-02,-9.6738e-02,-9.5279e-02,-9.1637e-02,-8.5901e-02,-7.8205e-02,-6.8728e-02,-5.7687e-02,-4.5334e-02,-3.1951e-02,-1.7842e-02,-3.3276e-03,1.1263e-02,2.5599e-02,3.9354e-02,5.2216e-02,6.3893e-02,7.4120e-02,8.2663e-02,8.9328e-02,9.3963e-02,9.6460e-02,9.6762e-02,9.4857e-02,9.0786e-02,8.4636e-02,7.6538e-02,6.6671e-02,5.5247e-02,4.2513e-02,2.8742e-02,1.4223e-02,-7.4033e-04
2.3665e-04,1.3050e-02,2.5825e-02,3.8233e-02,4.9948e-02,6.0646e-02,7.0025e-02,7.7810e-02,8.3764e-02,8.7705e-02,8.9510e-02,8.9127e-02,8.6580e-02,8.1963e-02,7.5443e-02,6.7238e-02,5.7612e-02,4.6846e-02,3.5212e-02,2.2954e-02,1.0260e-02,-2.7364e-03,-1.5933e-02,-2.9191e-02,-4.2253e-02,-5.4659e-02,-6.5734e-02,-7.4657e-02,-8.0630e-02,-8.3050e-02,-8.1640e-02,-7.6487e-02,-6.7981e-02,-5.6717e-02,-4.3376e-02,-2.8638e-02,-1.3123e-02,2.6319e-03,1.8173e-02,3.3120e-02,4.7151e-02,5.9988e-02,7.1388e-02,8.1137e-02,8.9049e-02,9.4970e-02,9.8775e-02,1.0038e-01,9.9728e-02,9.6827e-02,9.1718e-02,8.4497e-02,7.5312e-02,6.4359e-02,5.1883e-02,3.8168e-02,2.3536e-02,8.3332e-03,-7.0799e-03,-2.2334e-02,-3.7066e-02,-5.0927e-02,-6.3591e-02,-7.4762e-02,-8.4184e-02,-9.1643e-02,-9.6971e-02,-1.0005e-01,-1.0082e-01,-9.9276e-02,-9.5450e-02,-8.9440e-02,-8.1389e-02,-7.1487e-02,-5.9961e-02,-4.7077e-02,-3.3128e-02,-1.8432e-02,-3.3215e-03,1.1861e-02,2.6772e-02,4.1076e-02,5.4449e-02,6.6590e-02,7.7223e-02,8.6109e-02,9.3043e-02,9.7867e-02,1.0047e-01,1.0078e-01,9.8800e-02,9.4559e-02,8.8149e-02,7.9711e-02,6.9430e-02,5.7533e-02,4.4282e-02,2.9968e-02,1.4901e-02,-5.9664e-04
2.8796e-04,1.1742e-02,2.3193e-02,3.4343e-02,4.4897e-02,5.4563e-02,6.3066e-02,7.0155e-02,7.5612e-02,7.9262e-02,8.0986e-02,8.0726e-02,7.8487e-02,7.4344e-02,6.8432e-02,6.0945e-02,5.2125e-02,4.2242e-02,3.1578e-02,2.0403e-02,8.9431e-03,-2.6315e-03,-1.4216e-02,-2.5743e-02,-3.7115e-02,-4.8120e-02,-5.8346e-02,-6.7161e-02,-7.3793e-02,-7.7487e-02,-7.7688e-02,-7.4169e-02,-6.7064e-02,-5.6814e-02,-4.4057e-02,-2.9514e-02,-1.3895e-02,2.1604e-03,1.8102e-02,3.3475e-02,4.7907e-02,6.1090e-02,7.2768e-02,8.2726e-02,9.0784e-02,9.6794e-02,1.0064e-01,1.0224e-01,1.0155e-01,9.8581e-02,9.3370e-02,8.6017e-02,7.6670e-02,6.5528e-02,5.2836e-02,3.8884e-02,2.3996e-02,8.5237e-03,-7.1641e-03,-2.2692e-02,-3.7692e-02,-5.1805e-02,-6.4700e-02,-7.6076e-02,-8.5669e-02,-9.3261e-02,-9.8682e-02,-1.0181e-01,-1.0259e-01,-1.0100e-01,-9.7090e-02,-9.0956e-02,-8.2746e-02,-7.2652e-02,-6.0909e-02,-4.7789e-02,-3.3593e-02,-1.8643e-02,-3.2787e-03,1.2153e-02,2.7304e-02,4.1835e-02,5.5419e-02,6.7750e-02,7.8551e-02,8.7578e-02,9.4625e-02,9.9529e-02,1.0218e-01,1.0250e-01,1.0048e-01,9.6165e-02,8.9642e-02,8.1055e-02,7.0595e-02,5.8499e-02,4.5037e-02,3.0514e-02,1.5251e-02,-4.1626e-04
4.1206e-04,1.0275e-02,2.0154e-02,2.9791e-02,3.8927e-02,4.7312e-02,5.4709e-02,6.0898e-02,6.5692e-02,6.8937e-02,7.0523e-02,7.0391e-02,6.8535e-02,6.5004e-02,5.9902e-02,5.3382e-02,4.5646e-02,3.6932e-02,2.7502e-02,1.7624e-02,7.5481e-03,-2.5212e-03,-1.2446e-02,-2.2159e-02,-3.1634e-02,-4.0825e-02,-4.9568e-02,-5.7501e-02,-6.4041e-02,-6.8461e-02,-7.0053e-02,-6.8308e-02,-6.3043e-02,-5.4437e-02,-4.2970e-02,-2.9314e-02,-1.4212e-02,1.6121e-03,1.7512e-02,3.2946e-02,4.7472e-02,6.0742e-02,7.2476e-02,8.2454e-02,9.0500e-02,9.6474e-02,1.0027e-01,1.0183e-01,1.0110e-01,9.8109e-02,9.2895e-02,8.5560e-02,7.6251e-02,6.5164e-02,5.2542e-02,3.8672e-02,2.3875e-02,8.4976e-03,-7.0936e-03,-2.2527e-02,-3.7436e-02,-5.1467e-02,-6.4289e-02,-7.5602e-02,-8.5147e-02,-9.2702e-02,-9.8099e-02,-1.0122e-01,-1.0199e-01,-1.0042e-01,-9.6528e-02,-9.0424e-02,-8.2252e-02,-7.2206e-02,-6.0521e-02,-4.7468e-02,-3.3347e-02,-1.8481e-02,-3.2084e-03,1.2127e-02,2.7179e-02,4.1612e-02,5.5103e-02,6.7349e-02,7.8077e-02,8.7043e-02,9.4045e-02,9.8920e-02,1.0155e-01,1.0187e-01,9.9866e-02,9.5574e-02,8.9086e-02,8.0545e-02,7.0145e-02,5.8125e-02,4.4762e-02,3.0364e-02,1.5260e-02,-2.1204e-04
5.9086e-04,8.6643e-03,1.6763e-02,2.4670e-02,3.2171e-02,3.9062e-02,4.5152e-02,5.0264e-02,5.4246e-02,5.6974e-02,5.8358e-02,5.8344e-02,5.6917e-02,5.4103e-02,4.9972e-02,4.4630e-02,3.8228e-02,3.0951e-02,2.3021e-02,1.4680e-02,6.1734e-03,-2.2757e-03,-1.0495e-02,-1.8386e-02,-2.5925e-02,-3.3141e-02,-4.0037e-02,-4.6503e-02,-5.2227e-02,-5.6670e-02,-5.9151e-02,-5.9003e-02,-5.5755e-02,-4.9264e-02,-3.9741e-02,-2.7692e-02,-1.3807e-02,1.1615e-03,1.6494e-02,3.1558e-02,4.5834e-02,5.8910e-02,7.0474e-02,8.0287e-02,8.8172e-02,9.3999e-02,9.7676e-02,9.9149e-02,9.8395e-02,9.5432e-02,9.0317e-02,8.3149e-02,7.4075e-02,6.3285e-02,5.1016e-02,3.7543e-02,2.3177e-02,8.2539e-03,-6.8736e-03,-2.1848e-02,-3.6313e-02,-4.9929e-02,-6.2375e-02,-7.3362e-02,-8.2637e-02,-8.9985e-02,-9.5242e-02,-9.8288e-02,-9.9060e-02,-9.7542e-02,-9.3778e-02,-8.7857e-02,-7.9923e-02,-7.0164e-02,-5.8809e-02,-4.6123e-02,-3.2400e-02,-1.7953e-02,-3.1145e-03,1.1782e-02,2.6401e-02,4.0417e-02,5.3515e-02,6.5404e-02,7.5819e-02,8.4526e-02,9.1326e-02,9.6061e-02,9.8618e-02,9.8930e-02,9.6982e-02,9.2808e-02,8.6500e-02,7.8198e-02,6.8093e-02,5.6424e-02,4.3465e-02,2.9523e-02,1.4923e-02,2.1979e-06
8.0010e-04,6.9243e-03,1.3074e-02,1.9076e-02,2.4768e-02,2.9995e-02,3.4617e-02,3.8506e-02,4.1553e-02,4.3668e-02,4.4787e-02,4.4864e-02,4.3884e-02,4.1854e-02,3.8806e-02,3.4802e-02,2.9933e-02,2.4326e-02,1.8141e-02,1.1576e-02,4.8450e-03,-1.8336e-03,-8.2699e-03,-1.4332e-02,-1.9970e-02,-2.5215e-02,-3.0150e-02,-3.4834e-02,-3.9206e-02,-4.2997e-02,-4.5710e-02,-4.6698e-02,-4.5325e-02,-4.1153e-02,-3.4065e-02,-2.4290e-02,-1.2348e-02,1.0725e-03,1.5228e-02,2.9418e-02,4.3039e-02,5.5609e-02,6.6760e-02,7.6223e-02,8.3808e-02,8.9389e-02,9.2885e-02,9.4254e-02,9.3490e-02,9.0620e-02,8.5708e-02,7.8857e-02,7.0210e-02,5.9951e-02,4.8305e-02,3.5532e-02,2.1925e-02,7.7997e-03,-6.5123e-03,-2.0676e-02,-3.4357e-02,-4.7237e-02,-5.9015e-02,-6.9419e-02,-7.8208e-02,-8.5183e-02,-9.0183e-02,-9.3095e-02,-9.3855e-02,-9.2446e-02,-8.8904e-02,-8.3315e-02,-7.5811e-02,-6.6571e-02,-5.5811e-02,-4.3784e-02,-3.0770e-02,-1.7069e-02,-2.9956e-03,1.1131e-02,2.4994e-02,3.8281e-02,5.0698e-02,6.1968e-02,7.1840e-02,8.0093e-02,8.6539e-02,9.1029e-02,9.3454e-02,9.3749e-02,9.1899e-02,8.7939e-02,8.1952e-02,7.4075e-02,6.4495e-02,5.3440e-02,4.1179e-02,2.8008e-02,1.4244e-02,2.1151e-04
1.0142e-03,5.0678e-03,9.1413e-03,1.3111e-02,1.6865e-02,2.0306e-02,2.3343e-02,2.5903e-02,2.7922e-02,2.9348e-02,3.0144e-02,3.0282e-02,2.9745e-02,2.8524e-02,2.6624e-02,2.4058e-02,2.0863e-02,1.7099e-02,1.2862e-02,8.2854e-03,3.5357e-03,-1.2004e-03,-5.7406e-03,-9.9369e-03,-1.3709e-02,-1.7061e-02,-2.0085e-02,-2.2918e-02,-2.5669e-02,-2.8318e-02,-3.0630e-02,-3.2136e-02,-3.2211e-02,-3.0243e-02,-2.5810e-02,-1.8806e-02,-9.4688e-03,1.6894e-03,1.3993e-02,2.6726e-02,3.9221e-02,5.0921e-02,6.1387e-02,7.0305e-02,7.7456e-02,8.2706e-02,8.5976e-02,8.7236e-02,8.6492e-02,8.3784e-02,7.9184e-02,7.2796e-02,6.4762e-02,5.5256e-02,4.4488e-02,3.2698e-02,2.0156e-02,7.1503e-03,-6.0180e-03,-1.9042e-02,-3.1621e-02,-4.3464e-02,-5.4297e-02,-6.3875e-02,-7.1977e-02,-7.8417e-02,-8.3049e-02,-8.5766e-02,-8.6504e-02,-8.5244e-02,-8.2017e-02,-7.6897e-02,-7.0003e-02,-6.1500e-02,-5.1586e-02,-4.0495e-02,-2.8487e-02,-1.5840e-02,-2.8463e-03,1.0197e-02,2.2996e-02,3.5263e-02,4.6725e-02,5.7127e-02,6.6238e-02,7.3855e-02,7.9804e-02,8.3947e-02,8.6184e-02,8.6455e-02,8.4744e-02,8.1083e-02,7.5552e-02,6.8278e-02,5.9437e-02,4.9246e-02,3.7958e-02,2.5855e-02,1.3235e-02,4.0184e-04
1.2079e-03,3.1096e-03,5.0243e-03,6.8790e-03,8.6177e-03,1.0196e-02,1.1581e-02,1.2748e-02,1.3682e-02,1.4370e-02,1.4802e-02,1.4966e-02,1.4850e-02,1.4434e-02,1.3695e-02,1.2611e-02,1.1164e-02,9.3526e-03,7.2044e-03,4.7833e-03,2.1921e-03,-4.3424e-04,-2.9456e-03,-5.2040e-03,-7.1141e-03,-8.6531e-03,-9.8865e-03,-1.0961e-02,-1.2064e-02,-1.3342e-02,-1.4802e-02,-1.6228e-02,-1.7161e-02,-1.6990e-02,-1.5109e-02,-1.1100e-02,-4.8567e-03,3.3934e-03,1.3158e-02,2.3791e-02,3.4616e-02,4.5016e-02,5.4483e-02,6.2635e-02,6.9211e-02,7.4047e-02,7.7059e-02,7.8219e-02,7.7541e-02,7.5075e-02,7.0899e-02,6.5120e-02,5.7875e-02,4.9329e-02,3.9672e-02,2.9124e-02,1.7924e-02,6.3281e-03,-5.3987e-03,-1.6987e-02,-2.8175e-02,-3.8707e-02,-4.8345e-02,-5.6873e-02,-6.4098e-02,-6.9856e-02,-7.4014e-02,-7.6473e-02,-7.7176e-02,-7.6100e-02,-7.3267e-02,-6.8740e-02,-6.2622e-02,-5.5055e-02,-4.6218e-02,-3.6318e-02,-2.5589e-02,-1.4281e-02,-2.6587e-03,9.0118e-03,2.0464e-02,3.1441e-02,4.1696e-02,5.1000e-02,5.9150e-02,6.5961e-02,7.1280e-02,7.4983e-02,7.6980e-02,7.7218e-02,7.5684e-02,7.2404e-02,6.7451e-02,6.0944e-02,5.3041e-02,4.3943e-02,3.3881e-02,2.3114e-02,1.1915e-02,5.6035e-04
1.3608e-03,1.0690e-03,7.8635e-04,4.9231e-04,1.8499e-04,-1.2394e-04,-4.1371e-04,-6.5664e-04,-8.2605e-04,-8.9734e-04,-8.5405e-04,-6.9124e-04,-4.1766e-04,-6.0342e-05,3.3876e-04,7.2419e-04,1.0346e-03,1.2145e-03,1.2266e-03,1.0646e-03,7.5958e-04,3.8075e-04,2.3857e-05,-2.0719e-04,-2.2831e-04,-3.3677e-06,4.3036e-04,9.5176e-04,1.3667e-03,1.4551e-03,1.0487e-03,1.3094e-04,-1.0825e-03,-2.1329e-03,-2.4029e-03,-1.2819e-03,1.6547e-03,6.5290e-03,1.3137e-02,2.1020e-02,2.9576e-02,3.8179e-02,4.6267e-02,5.3390e-02,5.9224e-02,6.3561e-02,6.6288e-02,6.7368e-02,6.6812e-02,6.4675e-02,6.1038e-02,5.6010e-02,4.9721e-02,4.2322e-02,3.3988e-02,2.4910e-02,1.5296e-02,5.3632e-03,-4.6632e-03,-1.4558e-02,-2.4103e-02,-3.3084e-02,-4.1306e-02,-4.8588e-02,-5.4768e-02,-5.9707e-02,-6.3293e-02,-6.5438e-02,-6.6089e-02,-6.5222e-02,-6.2850e-02,-5.9022e-02,-5.3822e-02,-4.7368e-02,-3.9812e-02,-3.1331e-02,-2.2126e-02,-1.2414e-02,-2.4234e-03,7.6134e-03,1.7465e-02,2.6908e-02,3.5729e-02,4.3733e-02,5.0739e-02,5.6594e-02,6.1164e-02,6.4344e-02,6.6055e-02,6.6254e-02,6.4928e-02,6.2101e-02,5.7839e-02,5.2243e-02,4.5456e-02,3.7654e-02,2.9041e-02,1.9847e-02,1.0311e-02,6.7717e-04
1.4554e-03,-1.0284e-03,-3.5019e-03,-5.9320e-03,-8.2665e-03,-1.0440e-02,-1.2379e-02,-1.4009e-02,-1.5263e-02,-1.6084e-02,-1.6433e-02,-1.6291e-02,-1.5662e-02,-1.4578e-02,-1.3097e-02,-1.1299e-02,-9.2776e-03,-7.1357e-03,-4.9650e-03,-2.8385e-03,-7.9628e-04,1.1561e-03,3.0463e-03,4.9218e-03,6.8320e-03,8.8022e-03,1.0810e-02,1.2766e-02,1.4505e-02,1.5805e-02,1.6429e-02,1.6208e-02,1.5135e-02,1.3438e-02,1.1594e-02,1.0236e-02,9.9894e-03,1.1301e-02,1.4319e-02,1.8875e-02,2.4555e-02,3.0812e-02,3.7076e-02,4.2846e-02,4.7728e-02,5.1452e-02,5.3858e-02,5.4877e-02,5.4506e-02,5.2791e-02,4.9812e-02,4.5670e-02,4.0490e-02,3.4411e-02,2.7583e-02,2.0171e-02,1.2348e-02,4.2908e-03,-3.8203e-03,-1.1807e-02,-1.9498e-02,-2.6730e-02,-3.3350e-02,-3.9218e-02,-4.4209e-02,-4.8214e-02,-5.1140e-02,-5.2917e-02,-5.3496e-02,-5.2854e-02,-5.0995e-02,-4.7953e-02,-4.3791e-02,-3.8599e-02,-3.2498e-02,-2.5631e-02,-1.8161e-02,-1.0265e-02,-2.1327e-03,6.0446e-03,1.4076e-02,2.1775e-02,2.8967e-02,3.5491e-02,4.1200e-02,4.5968e-02,4.9687e-02,5.2271e-02,5.3657e-02,5.3810e-02,5.2722e-02,5.0411e-02,4.6935e-02,4.2377e-02,3.6857e-02,3.0524e-02,2.3551e-02,1.6129e-02,8.4587e-03,7.4352e-04
1.4832e-03,-3.1505e-03,-7.7638e-03,-1.2272e-02,-1.6568e-02,-2.0537e-02,-2.4057e-02,-2.7012e-02,-2.9299e-02,-3.0833e-02,-3.1558e-02,-3.1443e-02,-3.0490e-02,-2.8737e-02,-2.6251e-02,-2.3129e-02,-1.9492e-02,-1.5476e-02,-1.1219e-02,-6.8494e-03,-2.4761e-03,1.8213e-03,5.9933e-03,1.0018e-02,1.3890e-02,1.7601e-02,2.1123e-02,2.4385e-02,2.7260e-02,2.9559e-02,3.1050e-02,3.1503e-02,3.0764e-02,2.8851e-02,2.6021e-02,2.2778e-02,1.9780e-02,1.7681e-02,1.6958e-02,1.7795e-02,2.0072e-02,2.3427e-02,2.7370e-02,3.1395e-02,3.5053e-02,3.8004e-02,4.0023e-02,4.0987e-02,4.0857e-02,3.9655e-02,3.7446e-02,3.4322e-02,3.0393e-02,2.5780e-02,2.0615e-02,1.5030e-02,9.1622e-03,3.1484e-03,-2.8786e-03,-8.7906e-03,-1.4466e-02,-1.9792e-02,-2.4665e-02,-2.8988e-02,-3.2675e-02,-3.5649e-02,-3.7843e-02,-3.9203e-02,-3.9690e-02,-3.9280e-02,-3.7970e-02,-3.5779e-02,-3.2745e-02,-2.8933e-02,-2.4427e-02,-1.9331e-02,-1.3767e-02,-7.8699e-03,-1.7814e-03,4.3502e-03,1.0379e-02,1.6161e-02,2.1564e-02,2.6462e-02,3.0747e-02,3.4321e-02,3.7104e-02,3.9034e-02,4.0064e-02,4.0167e-02,3.9340e-02,3.7599e-02,3.4986e-02,3.1569e-02,2.7441e-02,2.2718e-02,1.7536e-02,1.2043e-02,6.3973e-03,7.5553e-04
1.4413e-03,-5.2577e-03,-1.1917e-02,-1.8399e-02,-2.4549e-02,-3.0203e-02,-3.5197e-02,-3.9380e-02,-4.2618e-02,-4.4806e-02,-4.5873e-02,-4.5781e-02,-4.4535e-02,-4.2171e-02,-3.8769e-02,-3.4437e-02,-2.9314e-02,-2.3560e-02,-1.7348e-02,-1.0854e-02,-4.2436e-03,2.3324e-03,8.7496e-03,1.4909e-02,2.0736e-02,2.6174e-02,3.1166e-02,3.5642e-02,3.9501e-02,4.2600e-02,4.4746e-02,4.5718e-02,4.5308e-02,4.3396e-02,4.0036e-02,3.5524e-02,3.0399e-02,2.5355e-02,2.1082e-02,1.8095e-02,1.6624e-02,1.6601e-02,1.7721e-02,1.9553e-02,2.1644e-02,2.3596e-02,2.5107e-02,2.5984e-02,2.6128e-02,2.5518e-02,2.4184e-02,2.2196e-02,1.9642e-02,1.6624e-02,1.3247e-02,9.6133e-03,5.8250e-03,1.9753e-03,-1.8486e-03,-5.5692e-03,-9.1166e-03,-1.2429e-02,-1.5453e-02,-1.8137e-02,-2.0435e-02,-2.2307e-02,-2.3712e-02,-2.4615e-02,-2.4988e-02,-2.4809e-02,-2.4069e-02,-2.2771e-02,-2.0930e-02,-1.8580e-02,-1.5769e-02,-1.2562e-02,-9.0333e-03,-5.2708e-03,-1.3682e-03,2.5758e-03,6.4625e-03,1.0195e-02,1.3685e-02,1.6847e-02,1.9610e-02,2.1910e-02,2.3696e-02,2.4928e-02,2.5577e-02,2.5630e-02,2.5083e-02,2.3950e-02,2.2261e-02,2.0063e-02,1.7420e-02,1.4412e-02,1.1132e-02,7.6838e-03,4.1746e-03,7.1190e-04
1.3334e-03,-7.3055e-03,-1.5874e-02,-2.4186e-02,-3.2041e-02,-3.9233e-02,-4.5562e-02,-5.0846e-02,-5.4930e-02,-5.7694e-02,-5.9056e-02,-5.8977e-02,-5.7459e-02,-5.4547e-02,-5.0325e-02,-4.4909e-02,-3.8453e-02,-3.1134e-02,-2.3149e-02,-1.4709e-02,-6.0290e-03,2.6807e-03,1.1226e-02,1.9432e-02,2.7154e-02,3.4270e-02,4.0682e-02,4.6301e-02,5.1036e-02,5.4778e-02,5.7385e-02,5.8682e-02,5.8475e-02,5.6593e-02,5.2959e-02,4.7673e-02,4.1077e-02,3.3752e-02,2.6437e-02,1.9861e-02,1.4585e-02,1.0890e-02,8.7600e-03,7.9463e-03,8.0681e-03,8.7162e-03,9.5273e-03,1.0226e-02,1.0633e-02,1.0659e-02,1.0281e-02,9.5269e-03,8.4536e-03,7.1324e-03,5.6391e-03,4.0466e-03,2.4184e-03,8.0811e-04,-7.4405e-04,-2.2079e-03,-3.5649e-03,-4.8047e-03,-5.9219e-03,-6.9130e-03,-7.7735e-03,-8.4979e-03,-9.0749e-03,-9.4912e-03,-9.7305e-03,-9.7751e-03,-9.6094e-03,-9.2221e-03,-8.6076e-03,-7.7679e-03,-6.7148e-03,-5.4678e-03,-4.0571e-03,-2.5188e-03,-8.9561e-04,7.6555e-04,2.4173e-03,4.0122e-03,5.5059e-03,6.8586e-03,8.0356e-03,9.0094e-03,9.7570e-03,1.0264e-02,1.0520e-02,1.0520e-02,1.0268e-02,9.7713e-03,9.0471e-03,8.1188e-03,7.0203e-03,5.7927e-03,4.4846e-03,3.1496e-03,1.8416e-03,6.1571e-04
1.1697e-03,-9.2432e-03,-1.9544e-02,-2.9503e-02,-3.8878e-02,-4.7428e-02,-5.4925e-02,-6.1163e-02,-6.5972e-02,-6.9220e-02,-7.0822e-02,-7.0738e-02,-6.8972e-02,-6.5573e-02,-6.0630e-02,-5.4269e-02,-4.6649e-02,-3.7960e-02,-2.8419e-02,-1.8261e-02,-7.7407e-03,2.8863e-03,1.3365e-02,2.3455e-02,3.2941e-02,4.1637e-02,4.9392e-02,5.6085e-02,6.1616e-02,6.5893e-02,6.8817e-02,7.0268e-02,7.0102e-02,6.8165e-02,6.4334e-02,5.8580e-02,5.1057e-02,4.2156e-02,3.2509e-02,2.2898e-02,1.4101e-02,6.7256e-03,1.1003e-03,-2.7411e-03,-5.0023e-03,-6.0258e-03,-6.1926e-03,-5.8478e-03,-5.2596e-03,-4.6076e-03,-3.9906e-03,-3.4443e-03,-2.9618e-03,-2.5122e-03,-2.0554e-03,-1.5544e-03,-9.8141e-04,-3.2291e-04,4.1877e-04,1.2266e-03,2.0713e-03,2.9142e-03,3.7144e-03,4.4290e-03,5.0209e-03,5.4609e-03,5.7294e-03,5.8184e-03,5.7303e-03,5.4769e-03,5.0777e-03,4.5569e-03,3.9415e-03,3.2595e-03,2.5359e-03,1.7943e-03,1.0530e-03,3.2756e-04,-3.7186e-04,-1.0381e-03,-1.6658e-03,-2.2515e-03,-2.7924e-03,-3.2841e-03,-3.7218e-03,-4.0982e-03,-4.4047e-03,-4.6340e-03,-4.7765e-03,-4.8250e-03,-4.7748e-03,-4.6206e-03,-4.3623e-03,-3.9972e-03,-3.5247e-03,-2.9450e-03,-2.2562e-03,-1.4568e-03,-5.4692e-04,4.7351e-04
9.6569e-04,-1.1017e-02,-2.2837e-02,-3.4225e-02,-4.4904e-02,-5.4607e-02,-6.3083e-02,-7.0111e-02,-7.5511e-02,-7.9146e-02,-8.0929e-02,-8.0821e-02,-7.8829e-02,-7.5008e-02,-6.9448e-02,-6.2284e-02,-5.3680e-02,-4.3835e-02,-3.2979e-02,-2.1368e-02,-9.2807e-03,2.9892e-03,1.5141e-02,2.6880e-02,3.7931e-02,4.8048e-02,5.7027e-02,6.4704e-02,7.0958e-02,7.5697e-02,7.8847e-02,8.0336e-02,8.0078e-02,7.7972e-02,7.3911e-02,6.7823e-02,5.9736e-02,4.9858e-02,3.8634e-02,2.6749e-02,1.5031e-02,4.3045e-03,-4.7808e-03,-1.1854e-02,-1.6845e-02,-1.9926e-02,-2.1420e-02,-2.1698e-02,-2.1103e-02,-1.9915e-02,-1.8329e-02,-1.6466e-02,-1.4393e-02,-1.2134e-02,-9.6963e-03,-7.0841e-03,-4.3081e-03,-1.3940e-03,1.6162e-03,4.6624e-03,7.6718e-03,1.0562e-02,1.3245e-02,1.5637e-02,1.7661e-02,1.9253e-02,2.0364e-02,2.0964e-02,2.1039e-02,2.0595e-02,1.9653e-02,1.8249e-02,1.6429e-02,1.4249e-02,1.1770e-02,9.0588e-03,6.1810e-03,3.2035e-03,1.9113e-04,-2.7950e-03,-5.6962e-03,-8.4578e-03,-1.1028e-02,-1.3358e-02,-1.5404e-02,-1.7123e-02,-1.8478e-02,-1.9436e-02,-1.9971e-02,-2.0066e-02,-1.9710e-02,-1.8906e-02,-1.7666e-02,-1.6013e-02,-1.3980e-02,-1.1605e-02,-8.9385e-03,-6.0298e-03,-2.9337e-03,2.9463e-04
7.3990e-04,-1.2574e-02,-2.5665e-02,-3.8233e-02,-4.9976e-02,-6.0604e-02,-6.9854e-02,-7.7498e-02,-8.3349e-02,-8.7271e-02,-8.9175e-02,-8.9027e-02,-8.6836e-02,-8.2659e-02,-7.6594e-02,-6.8775e-02,-5.9375e-02,-4.8599e-02,-3.6687e-02,-2.3909e-02,-1.0561e-02,3.0362e-03,1.6549e-02,2.9644e-02,4.1999e-02,5.3319e-02,6.3350e-02,7.1888e-02,7.8780e-02,8.3922e-02,8.7247e-02,8.8714e-02,8.8288e-02,8.5928e-02,8.1578e-02,7.5184e-02,6.6728e-02,5.6297e-02,4.4153e-02,3.0799e-02,1.6967e-02,3.5318e-03,-8.6451e-03,-1.8880e-02,-2.6776e-02,-3.2241e-02,-3.5438e-02,-3.6685e-02,-3.6361e-02,-3.4827e-02,-3.2387e-02,-2.9268e-02,-2.5626e-02,-2.1566e-02,-1.7157e-02,-1.2454e-02,-7.5118e-03,-2.3946e-03,2.8171e-03,8.0257e-03,1.3119e-02,1.7973e-02,2.2463e-02,2.6465e-02,2.9867e-02,3.2570e-02,3.4499e-02,3.5600e-02,3.5845e-02,3.5231e-02,3.3780e-02,3.1536e-02,2.8564e-02,2.4944e-02,2.0773e-02,1.6156e-02,1.1206e-02,6.0413e-03,7.7744e-04,-4.4689e-03,-9.5866e-03,-1.4469e-02,-1.9018e-02,-2.3140e-02,-2.6751e-02,-2.9777e-02,-3.2150e-02,-3.3814e-02,-3.4728e-02,-3.4862e-02,-3.4204e-02,-3.2764e-02,-3.0568e-02,-2.7661e-02,-2.4109e-02,-1.9995e-02,-1.5412e-02,-1.0464e-02,-5.2598e-03,9.1210e-05
5.1313e-04,-1.3860e-02,-2.7946e-02,-4.1419e-02,-5.3963e-02,-6.5275e-02,-7.5086e-02,-8.3164e-02,-8.9324e-02,-9.3432e-02,-9.5403e-02,-9.5202e-02,-9.2844e-02,-8.8388e-02,-8.1933e-02,-7.3617e-02,-6.3616e-02,-5.2144e-02,-3.9444e-02,-2.5798e-02,-1.1515e-02,3.0686e-03,1.7599e-02,3.1714e-02,4.5063e-02,5.7315e-02,6.8178e-02,7.7412e-02,8.4831e-02,9.0310e-02,9.3779e-02,9.5209e-02,9.4597e-02,9.1954e-02,8.7284e-02,8.0583e-02,7.1850e-02,6.1123e-02,4.8543e-02,3.4429e-02,1.9335e-02,4.0361e-03,-1.0556e-02,-2.3557e-02,-3.4266e-02,-4.2276e-02,-4.7496e-02,-5.0094e-02,-5.0404e-02,-4.8828e-02,-4.5759e-02,-4.1537e-02,-3.6430e-02,-3.0640e-02,-2.4321e-02,-1.7591e-02,-1.0557e-02,-3.3269e-03,3.9823e-03,1.1238e-02,1.8292e-02,2.4991e-02,3.1173e-02,3.6682e-02,4.1374e-02,4.5121e-02,4.7820e-02,4.9399e-02,4.9813e-02,4.9051e-02,4.7133e-02,4.4111e-02,4.0063e-02,3.5094e-02,2.9331e-02,2.2916e-02,1.6007e-02,8.7687e-03,1.3681e-03,-6.0268e-03,-1.3253e-02,-2.0154e-02,-2.6585e-02,-3.2412e-02,-3.7512e-02,-4.1777e-02,-4.5114e-02,-4.7446e-02,-4.8714e-02,-4.8881e-02,-4.7934e-02,-4.5886e-02,-4.2778e-02,-3.8680e-02,-3.3689e-02,-2.7926e-02,-2.1531e-02,-1.4659e-02,-7.4696e-03,-1.2319e-04
3.0670e-04,-1.4826e-02,-2.9606e-02,-4.3692e-02,-5.6759e-02,-6.8502e-02,-7.8653e-02,-8.6983e-02,-9.3312e-02,-9.7510e-02,-9.9496e-02,-9.9238e-02,-9.6753e-02,-9.2100e-02,-8.5380e-02,-7.6732e-02,-6.6337e-02,-5.4408e-02,-4.1197e-02,-2.6990e-02,-1.2106e-02,3.1115e-03,1.8296e-02,3.3075e-02,4.7078e-02,5.9955e-02,7.1389e-02,8.1113e-02,8.8916e-02,9.4650e-02,9.8230e-02,9.9628e-02,9.8857e-02,9.5961e-02,9.0996e-02,8.4014e-02,7.5062e-02,6.4190e-02,5.1488e-02,3.7151e-02,2.1548e-02,5.2742e-03,-1.0863e-02,-2.5933e-02,-3.9045e-02,-4.9502e-02,-5.6909e-02,-6.1191e-02,-6.2539e-02,-6.1317e-02,-5.7962e-02,-5.2908e-02,-4.6541e-02,-3.9178e-02,-3.1073e-02,-2.2431e-02,-1.3423e-02,-4.2055e-03,5.0618e-03,1.4215e-02,2.3077e-02,3.1465e-02,3.9191e-02,4.6072e-02,5.1937e-02,5.6634e-02,6.0039e-02,6.2057e-02,6.2631e-02,6.1741e-02,5.9406e-02,5.5680e-02,5.0656e-02,4.4458e-02,3.7238e-02,2.9175e-02,2.0465e-02,1.1315e-02,1.9420e-03,-7.4387e-03,-1.6616e-02,-2.5386e-02,-3.3561e-02,-4.0965e-02,-4.7441e-02,-5.2852e-02,-5.7078e-02,-6.0023e-02,-6.1614e-02,-6.1808e-02,-6.0588e-02,-5.7975e-02,-5.4024e-02,-4.8825e-02,-4.2505e-02,-3.5222e-02,-2.7159e-02,-1.8518e-02,-9.5073e-03,-3.3464e-04
1.3981e-04,-1.5432e-02,-3.0585e-02,-4.4977e-02,-5.8281e-02,-7.0198e-02,-8.0468e-02,-8.8868e-02,-9.5229e-02,-9.9425e-02,-1.0138e-01,-1.0107e-01,-9.8503e-02,-9.3745e-02,-8.6894e-02,-7.8090e-02,-6.7512e-02,-5.5375e-02,-4.1934e-02,-2.7478e-02,-1.2327e-02,3.1699e-03,1.8646e-02,3.3723e-02,4.8028e-02,6.1203e-02,7.2922e-02,8.2901e-02,9.0913e-02,9.6792e-02,1.0044e-01,1.0181e-01,1.0093e-01,9.7857e-02,9.2676e-02,8.5490e-02,7.6398e-02,6.5493e-02,5.2874e-02,3.8677e-02,2.3143e-02,6.6785e-03,-1.0094e-02,-2.6350e-02,-4.1166e-02,-5.3663e-02,-6.3170e-02,-6.9318e-02,-7.2064e-02,-7.1636e-02,-6.8435e-02,-6.2943e-02,-5.5640e-02,-4.6965e-02,-3.7287e-02,-2.6912e-02,-1.6095e-02,-5.0565e-03,5.9984e-03,1.6871e-02,2.7358e-02,3.7253e-02,4.6348e-02,5.4440e-02,6.1337e-02,6.6869e-02,7.0892e-02,7.3299e-02,7.4016e-02,7.3018e-02,7.0319e-02,6.5978e-02,6.0095e-02,5.2812e-02,4.4304e-02,3.4779e-02,2.4466e-02,1.3613e-02,2.4779e-03,-8.6789e-03,-1.9603e-02,-3.0048e-02,-3.9785e-02,-4.8603e-02,-5.6312e-02,-6.2747e-02,-6.7767e-02,-7.1258e-02,-7.3135e-02,-7.3349e-02,-7.1883e-02,-6.8762e-02,-6.4054e-02,-5.7868e-02,-5.0361e-02,-4.1721e-02,-3.2171e-02,-2.1954e-02,-1.1324e-02,-5.3168e-04
2.8469e-05,-1.5646e-02,-3.0842e-02,-4.5224e-02,-5.8475e-02,-7.0309e-02,-8.0477e-02,-8.8773e-02,-9.5033e-02,-9.9142e-02,-1.0103e-01,-1.0067e-01,-9.8078e-02,-9.3314e-02,-8.6473e-02,-7.7694e-02,-6.7153e-02,-5.5064e-02,-4.1678e-02,-2.7283e-02,-1.2199e-02,3.2294e-03,1.8639e-02,3.3657e-02,4.7915e-02,6.1060e-02,7.2767e-02,8.2751e-02,9.0777e-02,9.6671e-02,1.0032e-01,1.0167e-01,1.0073e-01,9.7573e-02,9.2296e-02,8.5031e-02,7.5922e-02,6.5110e-02,5.2730e-02,3.8917e-02,2.3850e-02,7.7973e-03,-8.8102e-03,-2.5342e-02,-4.0985e-02,-5.4835e-02,-6.6052e-02,-7.4004e-02,-7.8364e-02,-7.9130e-02,-7.6571e-02,-7.1133e-02,-6.3344e-02,-5.3737e-02,-4.2800e-02,-3.0956e-02,-1.8559e-02,-5.9102e-03,6.7282e-03,1.9116e-02,3.1022e-02,4.2221e-02,5.2490e-02,6.1610e-02,6.9379e-02,7.5613e-02,8.0156e-02,8.2886e-02,8.3723e-02,8.2633e-02,7.9627e-02,7.4767e-02,6.8159e-02,5.9958e-02,5.0357e-02,3.9587e-02,2.7908e-02,1.5599e-02,2.9555e-03,-9.7252e-03,-2.2150e-02,-3.4035e-02,-4.5115e-02,-5.5149e-02,-6.3918e-02,-7.1233e-02,-7.6933e-02,-8.0891e-02,-8.3013e-02,-8.3240e-02,-8.1560e-02,-7.8000e-02,-7.2641e-02,-6.5610e-02,-5.7082e-02,-4.7279e-02,-3.6455e-02,-2.4890e-02,-1.2876e-02,-7.0113e-04
-1.7509e-05,-1.5448e-02,-3.0352e-02,-4.4408e-02,-5.7318e-02,-6.8816e-02,-7.8670e-02,-8.6689e-02,-9.2724e-02,-9.6666e-02,-9.8452e-02,-9.8058e-02,-9.5499e-02,-9.0833e-02,-8.4150e-02,-7.5584e-02,-6.5304e-02,-5.3518e-02,-4.0474e-02,-2.6450e-02,-1.1760e-02,3.2611e-03,1.8259e-02,3.2875e-02,4.6753e-02,5.9552e-02,7.0958e-02,8.0697e-02,8.8535e-02,9.4297e-02,9.7862e-02,9.9172e-02,9.8227e-02,9.5084e-02,8.9849e-02,8.2668e-02,7.3708e-02,6.3149e-02,5.1166e-02,3.7925e-02,2.3593e-02,8.3668e-03,-7.4674e-03,-2.3478e-02,-3.9050e-02,-5.3400e-02,-6.5670e-02,-7.5070e-02,-8.1017e-02,-8.3236e-02,-8.1767e-02,-7.6923e-02,-6.9196e-02,-5.9161e-02,-4.7400e-02,-3.4451e-02,-2.0782e-02,-6.7893e-03,7.1893e-03,2.0861e-02,3.3962e-02,4.6247e-02,5.7478e-02,6.7433e-02,7.5900e-02,8.2689e-02,8.7638e-02,9.0619e-02,9.1545e-02,9.0377e-02,8.7125e-02,8.1848e-02,7.4661e-02,6.5725e-02,5.5249e-02,4.3479e-02,3.0700e-02,1.7218e-02,3.3554e-03,-1.0559e-02,-2.4200e-02,-3.7254e-02,-4.9426e-02,-6.0448e-02,-7.0079e-02,-7.8109e-02,-8.4362e-02,-8.8699e-02,-9.1017e-02,-9.1255e-02,-8.9399e-02,-8.5483e-02,-7.9595e-02,-7.1877e-02,-6.2522e-02,-5.1775e-02,-3.9918e-02,-2.7261e-02,-1.4127e-02,-8.3651e-04
6.3851e-06,-1.4834e-02,-2.9112e-02,-4.2532e-02,-5.4822e-02,-6.5739e-02,-7.5074e-02,-8.2655e-02,-8.8345e-02,-9.2047e-02,-9.3703e-02,-9.3291e-02,-9.0828e-02,-8.6365e-02,-7.9988e-02,-7.1822e-02,-6.2028e-02,-5.0803e-02,-3.8383e-02,-2.5034e-02,-1.1055e-02,3.2316e-03,1.7491e-02,3.1380e-02,4.4565e-02,5.6722e-02,6.7559e-02,7.6814e-02,8.4268e-02,8.9752e-02,9.3146e-02,9.4386e-02,9.3466e-02,9.0431e-02,8.5380e-02,7.8458e-02,6.9840e-02,5.9729e-02,4.8328e-02,3.5836e-02,2.2438e-02,8.3129e-03,-6.3360e-03,-2.1230e-02,-3.5959e-02,-4.9943e-02,-6.2450e-02,-7.2681e-02,-7.9904e-02,-8.3594e-02,-8.3520e-02,-7.9770e-02,-7.2696e-02,-6.2833e-02,-5.0801e-02,-3.7227e-02,-2.2689e-02,-7.6931e-03,7.3316e-03,2.2025e-02,3.6077e-02,4.9216e-02,6.1193e-02,7.1780e-02,8.0763e-02,8.7955e-02,9.3191e-02,9.6343e-02,9.7323e-02,9.6089e-02,9.2649e-02,8.7065e-02,7.9452e-02,6.9978e-02,5.8860e-02,4.6359e-02,3.2771e-02,1.8425e-02,3.6622e-03,-1.1166e-02,-2.5708e-02,-3.9631e-02,-5.2616e-02,-6.4374e-02,-7.4648e-02,-8.3210e-02,-8.9876e-02,-9.4495e-02,-9.6959e-02,-9.7206e-02,-9.5221e-02,-9.1040e-02,-8.4759e-02,-7.6530e-02,-6.6560e-02,-5.5111e-02,-4.2485e-02,-2.9015e-02,-1.5050e-02,-9.3209e-04
9.6850e-05,-1.3815e-02,-2.7144e-02,-3.9630e-02,-5.1032e-02,-6.1137e-02,-6.9761e-02,-7.6750e-02,-8.1985e-02,-8.5379e-02,-8.6881e-02,-8.6471e-02,-8.4164e-02,-8.0008e-02,-7.4082e-02,-6.6500e-02,-5.7411e-02,-4.6996e-02,-3.5474e-02,-2.3094e-02,-1.0133e-02,3.1090e-03,1.6320e-02,2.9182e-02,4.1385e-02,5.2633e-02,6.2656e-02,7.1213e-02,7.8105e-02,8.3174e-02,8.6308e-02,8.7444e-02,8.6569e-02,8.3721e-02,7.8986e-02,7.2497e-02,6.4426e-02,5.4976e-02,4.4365e-02,3.2814e-02,2.0530e-02,7.6997e-03,-5.5029e-03,-1.8890e-02,-3.2211e-02,-4.5097e-02,-5.7022e-02,-6.7317e-02,-7.5248e-02,-8.0145e-02,-8.1534e-02,-7.9231e-02,-7.3358e-02,-6.4307e-02,-5.2648e-02,-3.9040e-02,-2.4145e-02,-8.5764e-03,7.1360e-03,2.2545e-02,3.7280e-02,5.1031e-02,6.3530e-02,7.4544e-02,8.3862e-02,9.1301e-02,9.6703e-02,9.9945e-02,1.0094e-01,9.9650e-02,9.6083e-02,9.0302e-02,8.2423e-02,7.2616e-02,6.1103e-02,4.8151e-02,3.4066e-02,1.9185e-02,3.8626e-03,-1.1533e-02,-2.6642e-02,-4.1110e-02,-5.4607e-02,-6.6830e-02,-7.7511e-02,-8.6412e-02,-9.3340e-02,-9.8141e-02,-1.0070e-01,-1.0096e-01,-9.8890e-02,-9.4545e-02,-8.8018e-02,-7.9466e-02,-6.9108e-02,-5.7214e-02,-4.4100e-02,-3.0117e-02,-1.5624e-02,-9.8652e-04
2.4419e-04,-1.2417e-02,-2.4493e-02,-3.5764e-02,-4.6030e-02,-5.5107e-02,-6.2841e-02,-6.9099e-02,-7.3777e-02,-7.6800e-02,-7.8124e-02,-7.7734e-02,-7.5643e-02,-7.1892e-02,-6.6555e-02,-5.9732e-02,-5.1554e-02,-4.2186e-02,-3.1822e-02,-2.0688e-02,-9.0326e-03,2.8736e-03,1.4748e-02,2.6306e-02,3.7266e-02,4.7363e-02,5.6355e-02,6.4027e-02,7.0201e-02,7.4736e-02,7.7533e-02,7.8532e-02,7.7720e-02,7.5126e-02,7.0823e-02,6.4929e-02,5.7600e-02,4.9028e-02,3.9427e-02,2.9023e-02,1.8035e-02,6.6633e-03,-4.9218e-03,-1.6572e-02,-2.8133e-02,-3.9402e-02,-5.0065e-02,-5.9661e-02,-6.7588e-02,-7.3177e-02,-7.5814e-02,-7.5069e-02,-7.0794e-02,-6.3142e-02,-5.2533e-02,-3.9569e-02,-2.4937e-02,-9.3266e-03,6.6317e-03,2.2393e-02,3.7507e-02,5.1611e-02,6.4404e-02,7.5643e-02,8.5118e-02,9.2654e-02,9.8104e-02,1.0136e-01,1.0233e-01,1.0099e-01,9.7362e-02,9.1495e-02,8.3511e-02,7.3581e-02,6.1925e-02,4.8812e-02,3.4549e-02,1.9474e-02,3.9480e-03,-1.1659e-02,-2.6979e-02,-4.1655e-02,-5.5350e-02,-6.7756e-02,-7.8597e-02,-8.7634e-02,-9.4670e-02,-9.9546e-02,-1.0215e-01,-1.0241e-01,-1.0032e-01,-9.5918e-02,-8.9298e-02,-8.0623e-02,-7.0111e-02,-5.8041e-02,-4.4732e-02,-3.0542e-02,-1.5842e-02,-1.0017e-03
4.3007e-04,-1.0682e-02,-2.1225e-02,-3.1028e-02,-3.9930e-02,-4.7786e-02,-5.4468e-02,-5.9866e-02,-6.3893e-02,-6.6489e-02,-6.7615e-02,-6.7261e-02,-6.5439e-02,-6.2184e-02,-5.7560e-02,-5.1653e-02,-4.4576e-02,-3.6470e-02,-2.7504e-02,-1.7870e-02,-7.7840e-03,2.5197e-03,1.2796e-02,2.2797e-02,3.2279e-02,4.1012e-02,4.8784e-02,5.5411e-02,6.0737e-02,6.4642e-02,6.7040e-02,6.7878e-02,6.7145e-02,6.4863e-02,6.1095e-02,5.5939e-02,4.9531e-02,4.2042e-02,3.3667e-02,2.4620e-02,1.5117e-02,5.3592e-03,-4.4781e-03,-1.4259e-02,-2.3876e-02,-3.3227e-02,-4.2166e-02,-5.0442e-02,-5.7660e-02,-6.3284e-02,-6.6702e-02,-6.7345e-02,-6.4819e-02,-5.8998e-02,-5.0058e-02,-3.8441e-02,-2.4768e-02,-9.7465e-03,5.9208e-03,2.1595e-02,3.6735e-02,5.0903e-02,6.3753e-02,7.5016e-02,8.4479e-02,9.1971e-02,9.7360e-02,1.0055e-01,1.0147e-01,1.0010e-01,9.6465e-02,9.0625e-02,8.2699e-02,7.2855e-02,6.1310e-02,4.8326e-02,3.4207e-02,1.9285e-02,3.9140e-03,-1.1540e-02,-2.6714e-02,-4.1254e-02,-5.4826e-02,-6.7124e-02,-7.7876e-02,-8.6843e-02,-9.3828e-02,-9.8674e-02,-1.0127e-01,-1.0154e-01,-9.9484e-02,-9.5127e-02,-8.8571e-02,-7.9972e-02,-6.9549e-02,-5.7573e-02,-4.4367e-02,-3.0285e-02,-1.5700e-02,-9.8248e-04
6.3419e-04,-8.6629e-03,-1.7427e-02,-2.5536e-02,-3.2877e-02,-3.9340e-02,-4.4828e-02,-4.9253e-02,-5.2548e-02,-5.4666e-02,-5.5575e-02,-5.5270e-02,-5.3761e-02,-5.1080e-02,-4.7278e-02,-4.2425e-02,-3.6615e-02,-2.9961e-02,-2.2600e-02,-1.4690e-02,-6.4070e-03,2.0577e-03,1.0503e-02,1.8725e-02,2.6522e-02,3.3704e-02,4.0095e-02,4.5542e-02,4.9915e-02,5.3115e-02,5.5069e-02,5.5735e-02,5.5101e-02,5.3187e-02,5.0043e-02,4.5749e-02,4.0418e-02,3.4192e-02,2.7240e-02,1.9749e-02,1.1915e-02,3.9272e-03,-4.0456e-03,-1.1872e-02,-1.9462e-02,-2.6765e-02,-3.3736e-02,-4.0290e-02,-4.6239e-02,-5.1252e-02,-5.4845e-02,-5.6452e-02,-5.5537e-02,-5.1726e-02,-4.4911e-02,-3.5279e-02,-2.3281e-02,-9.5520e-03,5.1954e-03,2.0256e-02,3.5000e-02,4.8902e-02,6.1551e-02,7.2633e-02,8.1920e-02,8.9240e-02,9.4474e-02,9.7537e-02,9.8383e-02,9.7003e-02,9.3425e-02,8.7723e-02,8.0013e-02,7.0460e-02,5.9273e-02,4.6706e-02,3.3048e-02,1.8619e-02,3.7587e-03,-1.1183e-02,-2.5854e-02,-3.9916e-02,-5.3047e-02,-6.4950e-02,-7.5363e-02,-8.4054e-02,-9.0831e-02,-9.5541e-02,-9.8074e-02,-9.8363e-02,-9.6389e-02,-9.2188e-02,-8.5851e-02,-7.7529e-02,-6.7431e-02,-5.5822e-02,-4.3015e-02,-2.9354e-02,-1.5206e-02,-9.3392e-04
8.3131e-04,-6.4256e-03,-1.3202e-02,-1.9430e-02,-2.5043e-02,-2.9969e-02,-3.4141e-02,-3.7498e-02,-3.9992e-02,-4.1586e-02,-4.2262e-02,-4.2015e-02,-4.0855e-02,-3.8810e-02,-3.5918e-02,-3.2233e-02,-2.7825e-02,-2.2779e-02,-1.7198e-02,-1.1199e-02,-4.9149e-03,1.5114e-03,7.9286e-03,1.4182e-02,2.0118e-02,2.5591e-02,3.0465e-02,3.4621e-02,3.7958e-02,4.0396e-02,4.1878e-02,4.2370e-02,4.1862e-02,4.0368e-02,3.7926e-02,3.4600e-02,3.0477e-02,2.5669e-02,2.0308e-02,1.4548e-02,8.5505e-03,2.4778e-03,-3.5211e-03,-9.3255e-03,-1.4857e-02,-2.0084e-02,-2.5013e-02,-2.9659e-02,-3.3996e-02,-3.7892e-02,-4.1063e-02,-4.3070e-02,-4.3376e-02,-4.1462e-02,-3.6968e-02,-2.9787e-02,-2.0109e-02,-8.3886e-03,4.7432e-03,1.8576e-02,3.2419e-02,4.5663e-02,5.7814e-02,6.8498e-02,7.7449e-02,8.4481e-02,8.9478e-02,9.2372e-02,9.3133e-02,9.1767e-02,8.8318e-02,8.2865e-02,7.5526e-02,6.6462e-02,5.5873e-02,4.3996e-02,3.1105e-02,1.7496e-02,3.4866e-03,-1.0594e-02,-2.4421e-02,-3.7675e-02,-5.0056e-02,-6.1286e-02,-7.1117e-02,-7.9332e-02,-8.5748e-02,-9.0220e-02,-9.2639e-02,-9.2942e-02,-9.1107e-02,-8.7164e-02,-8.1197e-02,-7.3345e-02,-6.3804e-02,-5.2825e-02,-4.0703e-02,-2.7770e-02,-1.4374e-02,-8.6500e-04
9.9570e-04,-4.0417e-03,-8.6656e-03,-1.2864e-02,-1.6618e-02,-1.9893e-02,-2.2656e-02,-2.4869e-02,-2.6504e-02,-2.7539e-02,-2.7964e-02,-2.7781e-02,-2.6997e-02,-2.5633e-02,-2.3717e-02,-2.1285e-02,-1.8382e-02,-1.5064e-02,-1.1395e-02,-7.4515e-03,-3.3178e-03,9.1450e-04,5.1481e-03,9.2816e-03,1.3216e-02,1.6853e-02,2.0101e-02,2.2878e-02,2.5113e-02,2.6748e-02,2.7742e-02,2.8066e-02,2.7712e-02,2.6688e-02,2.5019e-02,2.2749e-02,1.9939e-02,1.6669e-02,1.3034e-02,9.1460e-03,5.1240e-03,1.0910e-03,-2.8364e-03,-6.5620e-03,-1.0021e-02,-1.3195e-02,-1.6109e-02,-1.8828e-02,-2.1419e-02,-2.3904e-02,-2.6195e-02,-2.8043e-02,-2.9035e-02,-2.8649e-02,-2.6375e-02,-2.1849e-02,-1.4957e-02,-5.8833e-03,4.9285e-03,1.6858e-02,2.9213e-02,4.1329e-02,5.2630e-02,6.2666e-02,7.1109e-02,7.7744e-02,8.2441e-02,8.5138e-02,8.5820e-02,8.4509e-02,8.1263e-02,7.6170e-02,6.9353e-02,6.0966e-02,5.1198e-02,4.0268e-02,2.8426e-02,1.5943e-02,3.1053e-03,-9.7910e-03,-2.2451e-02,-3.4587e-02,-4.5926e-02,-5.6220e-02,-6.5240e-02,-7.2788e-02,-7.8697e-02,-8.2831e-02,-8.5088e-02,-8.5404e-02,-8.3756e-02,-8.0168e-02,-7.4711e-02,-6.7509e-02,-5.8744e-02,-4.8643e-02,-3.7483e-02,-2.5568e-02,-1.3226e-02,-7.8268e-04
1.1044e-03,-1.5851e-03,-3.9411e-03,-6.0070e-03,-7.8079e-03,-9.3533e-03,-1.0638e-02,-1.1653e-02,-1.2389e-02,-1.2838e-02,-1.3001e-02,-1.2881e-02,-1.2488e-02,-1.1835e-02,-1.0937e-02,-9.8121e-03,-8.4805e-03,-6.9676e-03,-5.2997e-03,-3.5081e-03,-1.6274e-03,3.0396e-04,2.2456e-03,4.1539e-03,5.9844e-03,7.6922e-03,9.2334e-03,1.0566e-02,1.1652e-02,1.2456e-02,1.2951e-02,1.3118e-02,1.2946e-02,1.2434e-02,1.1595e-02,1.0451e-02,9.0343e-03,7.3925e-03,5.5811e-03,3.6662e-03,1.7207e-03,-1.7904e-04,-1.9609e-03,-3.5635e-03,-4.9472e-03,-6.1071e-03,-7.0797e-03,-7.9447e-03,-8.8146e-03,-9.7989e-03,-1.0954e-02,-1.2219e-02,-1.3366e-02,-1.3991e-02,-1.3576e-02,-1.1603e-02,-7.6952e-03,-1.7242e-03,6.1454e-03,1.5490e-02,2.5712e-02,3.6152e-02,4.6178e-02,5.5261e-02,6.3000e-02,6.9120e-02,7.3462e-02,7.5951e-02,7.6576e-02,7.5375e-02,7.2416e-02,6.7798e-02,6.1647e-02,5.4112e-02,4.5371e-02,3.5622e-02,2.5087e-02,1.4005e-02,2.6267e-03,-8.7906e-03,-1.9992e-02,-3.0727e-02,-4.0761e-02,-4.9876e-02,-5.7874e-02,-6.4581e-02,-6.9846e-02,-7.3548e-02,-7.5593e-02,-7.5919e-02,-7.4501e-02,-7.1352e-02,-6.6532e-02,-6.0149e-02,-5.2359e-02,-4.3367e-02,-3.3420e-02,-2.2794e-02,-1.1787e-02,-6.9371e-04
1.1386e-03,8.6991e-04,8.4592e-04,9.7065e-04,1.1720e-03,1.4016e-03,1.6316e-03,1.8447e-03,2.0324e-03,2.1847e-03,2.2933e-03,2.3506e-03,2.3480e-03,2.2799e-03,2.1422e-03,1.9363e-03,1.6665e-03,1.3395e-03,9.6672e-04,5.6147e-04,1.3883e-04,-2.8414e-04,-6.9102e-04,-1.0658e-03,-1.3959e-03,-1.6704e-03,-1.8841e-03,-2.0361e-03,-2.1303e-03,-2.1759e-03,-2.1826e-03,-2.1652e-03,-2.1341e-03,-2.0996e-03,-2.0673e-03,-2.0387e-03,-2.0081e-03,-1.9659e-03,-1.8953e-03,-1.7776e-03,-1.5884e-03,-1.3026e-03,-8.9709e-04,-3.5459e-04,3.2908e-04,1.1372e-03,2.0205e-03,2.8937e-03,3.6341e-03,4.0944e-03,4.1364e-03,3.6848e-03,2.7887e-03,1.6719e-03,7.4062e-04,5.2420e-04,1.5588e-03,4.2449e-03,8.7374e-03,1.4901e-02,2.2342e-02,3.0498e-02,3.8746e-02,4.6503e-02,5.3287e-02,5.8751e-02,6.2676e-02,6.4955e-02,6.5565e-02,6.4542e-02,6.1964e-02,5.7938e-02,5.2593e-02,4.6073e-02,3.8543e-02,3.0180e-02,2.1178e-02,1.1737e-02,2.0680e-03,-7.6154e-03,-1.7103e-02,-2.6192e-02,-3.4687e-02,-4.2411e-02,-4.9199e-02,-5.4906e-02,-5.9405e-02,-6.2589e-02,-6.4375e-02,-6.4704e-02,-6.3548e-02,-6.0913e-02,-5.6841e-02,-5.1421e-02,-4.4785e-02,-3.7106e-02,-2.8599e-02,-1.9507e-02,-1.0089e-02,-6.0460e-04
1.0870e-03,3.2543e-03,5.5736e-03,7.8959e-03,1.0106e-02,1.2116e-02,1.3866e-02,1.5314e-02,1.6427e-02,1.7185e-02,1.7569e-02,1.7568e-02,1.7174e-02,1.6390e-02,1.5224e-02,1.3696e-02,1.1833e-02,9.6750e-03,7.2694e-03,4.6745e-03,1.9542e-03,-8.2118e-04,-3.5769e-03,-6.2397e-03,-8.7383e-03,-1.1006e-02,-1.2988e-02,-1.4636e-02,-1.5921e-02,-1.6822e-02,-1.7332e-02,-1.7458e-02,-1.7212e-02,-1.6616e-02,-1.5692e-02,-1.4467e-02,-1.2967e-02,-1.1219e-02,-9.2486e-03,-7.0822e-03,-4.7457e-03,-2.2664e-03,3.2847e-04,3.0066e-03,5.7315e-03,8.4531e-03,1.1106e-02,1.3597e-02,1.5802e-02,1.7571e-02,1.8735e-02,1.9144e-02,1.8718e-02,1.7510e-02,1.5753e-02,1.3868e-02,1.2411e-02,1.1944e-02,1.2903e-02,1.5481e-02,1.9578e-02,2.4842e-02,3.0751e-02,3.6729e-02,4.2239e-02,4.6854e-02,5.0275e-02,5.2334e-02,5.2973e-02,5.2209e-02,5.0118e-02,4.6805e-02,4.2400e-02,3.7045e-02,3.0889e-02,2.4088e-02,1.6805e-02,9.2044e-03,1.4520e-03,-6.2870e-03,-1.3852e-02,-2.1089e-02,-2.7852e-02,-3.4005e-02,-3.9424e-02,-4.3996e-02,-4.7621e-02,-5.0211e-02,-5.1693e-02,-5.2015e-02,-5.1146e-02,-4.9082e-02,-4.5850e-02,-4.1516e-02,-3.6183e-02,-2.9994e-02,-2.3124e-02,-1.5777e-02,-8.1698e-03,-5.1890e-04
9.4624e-04,5.5082e-03,1.0126e-02,1.4604e-02,1.8784e-02,2.2542e-02,2.5784e-02,2.8442e-02,3.0465e-02,3.1818e-02,3.2475e-02,3.2419e-02,3.1648e-02,3.0170e-02,2.8005e-02,2.5193e-02,2.1783e-02,1.7846e-02,1.3464e-02,8.7391e-03,3.7814e-03,-1.2864e-03,-6.3365e-03,-1.1237e-02,-1.5860e-02,-2.0086e-02,-2.3808e-02,-2.6934e-02,-2.9396e-02,-3.1146e-02,-3.2158e-02,-3.2427e-02,-3.1968e-02,-3.0811e-02,-2.9000e-02,-2.6585e-02,-2.3627e-02,-2.0190e-02,-1.6343e-02,-1.2157e-02,-7.7071e-03,-3.0719e-03,1.6701e-03,6.4373e-03,1.1148e-02,1.5716e-02,2.0048e-02,2.4039e-02,2.7567e-02,3.0485e-02,3.2625e-02,3.3814e-02,3.3906e-02,3.2831e-02,3.0657e-02,2.7641e-02,2.4234e-02,2.1023e-02,1.8613e-02,1.7482e-02,1.7867e-02,1.9716e-02,2.2721e-02,2.6407e-02,3.0243e-02,3.3740e-02,3.6516e-02,3.8318e-02,3.9020e-02,3.8599e-02,3.7103e-02,3.4627e-02,3.1296e-02,2.7241e-02,2.2599e-02,1.7505e-02,1.2091e-02,6.4845e-03,8.0600e-04,-4.8290e-03,-1.0312e-02,-1.5540e-02,-2.0419e-02,-2.4862e-02,-2.8785e-02,-3.2113e-02,-3.4774e-02,-3.6703e-02,-3.7842e-02,-3.8143e-02,-3.7575e-02,-3.6123e-02,-3.3801e-02,-3.0649e-02,-2.6741e-02,-2.2183e-02,-1.7110e-02,-1.1683e-02,-6.0700e-03,-4.3904e-04
7.2324e-04,7.5789e-03,1.4396e-02,2.0938e-02,2.7005e-02,3.2437e-02,3.7108e-02,4.0926e-02,4.3823e-02,4.5746e-02,4.6664e-02,4.6559e-02,4.5430e-02,4.3294e-02,4.0183e-02,3.6153e-02,3.1277e-02,2.5654e-02,1.9400e-02,1.2654e-02,5.5737e-03,-1.6727e-03,-8.9040e-03,-1.5937e-02,-2.2589e-02,-2.8689e-02,-3.4082e-02,-3.8633e-02,-4.2235e-02,-4.4812e-02,-4.6315e-02,-4.6732e-02,-4.6074e-02,-4.4381e-02,-4.1714e-02,-3.8150e-02,-3.3782e-02,-2.8714e-02,-2.3054e-02,-1.6922e-02,-1.0439e-02,-3.7327e-03,3.0691e-03,9.8377e-03,1.6446e-02,2.2768e-02,2.8681e-02,3.4061e-02,3.8777e-02,4.2690e-02,4.5645e-02,4.7474e-02,4.8014e-02,4.7133e-02,4.4787e-02,4.1073e-02,3.6281e-02,3.0903e-02,2.5570e-02,2.0934e-02,1.7526e-02,1.5633e-02,1.5254e-02,1.6127e-02,1.7821e-02,1.9848e-02,2.1756e-02,2.3203e-02,2.3968e-02,2.3953e-02,2.3157e-02,2.1641e-02,1.9508e-02,1.6877e-02,1.3869e-02,1.0596e-02,7.1624e-03,3.6580e-03,1.6124e-04,-3.2620e-03,-6.5550e-03,-9.6698e-03,-1.2563e-02,-1.5198e-02,-1.7535e-02,-1.9538e-02,-2.1167e-02,-2.2382e-02,-2.3141e-02,-2.3405e-02,-2.3141e-02,-2.2329e-02,-2.0963e-02,-1.9060e-02,-1.6664e-02,-1.3843e-02,-1.0689e-02,-7.3128e-03,-3.8340e-03,-3.6705e-04
4.3174e-04,9.4263e-03,1.8294e-02,2.6758e-02,3.4583e-02,4.1575e-02,4.7581e-02,5.2482e-02,5.6191e-02,5.8646e-02,5.9807e-02,5.9656e-02,5.8196e-02,5.5450e-02,5.1464e-02,4.6309e-02,4.0080e-02,3.2902e-02,2.4922e-02,1.6314e-02,7.2755e-03,-1.9808e-03,-1.1228e-02,-2.0233e-02,-2.8767e-02,-3.6611e-02,-4.3563e-02,-4.9450e-02,-5.4127e-02,-5.7489e-02,-5.9467e-02,-6.0037e-02,-5.9205e-02,-5.7020e-02,-5.3558e-02,-4.8921e-02,-4.3231e-02,-3.6629e-02,-2.9268e-02,-2.1308e-02,-1.2919e-02,-4.2714e-03,4.4593e-03,1.3100e-02,2.1480e-02,2.9437e-02,3.6815e-02,4.3465e-02,4.9246e-02,5.4018e-02,5.7637e-02,5.9956e-02,6.0821e-02,6.0089e-02,5.7660e-02,5.3524e-02,4.7818e-02,4.0880e-02,3.3247e-02,2.5601e-02,1.8649e-02,1.2979e-02,8.9306e-03,6.5511e-03,5.6222e-03,5.7494e-03,6.4756e-03,7.3801e-03,8.1389e-03,8.5518e-03,8.5327e-03,8.0836e-03,7.2663e-03,6.1701e-03,4.8933e-03,3.5268e-03,2.1469e-03,8.0910e-04,-4.4898e-04,-1.6070e-03,-2.6578e-03,-3.6065e-03,-4.4615e-03,-5.2344e-03,-5.9346e-03,-6.5641e-03,-7.1178e-03,-7.5811e-03,-7.9316e-03,-8.1400e-03,-8.1754e-03,-8.0099e-03,-7.6234e-03,-7.0083e-03,-6.1772e-03,-5.1582e-03,-4.0004e-03,-2.7624e-03,-1.5111e-03,-3.0358e-04
9.4473e-05,1.1022e-02,2.1739e-02,3.1938e-02,4.1352e-02,4.9754e-02,5.6966e-02,6.2844e-02,6.7286e-02,7.0219e-02,7.1597e-02,7.1403e-02,6.9642e-02,6.6346e-02,6.1573e-02,5.5409e-02,4.7971e-02,3.9403e-02,2.9882e-02,1.9613e-02,8.8282e-03,-2.2217e-03,-1.3268e-02,-2.4038e-02,-3.4259e-02,-4.3669e-02,-5.2028e-02,-5.9124e-02,-6.4782e-02,-6.8868e-02,-7.1294e-02,-7.2021e-02,-7.1051e-02,-6.8437e-02,-6.4267e-02,-5.8664e-02,-5.1779e-02,-4.3787e-02,-3.4877e-02,-2.5255e-02,-1.5129e-02,-4.7146e-03,5.7708e-03,1.6113e-02,2.6104e-02,3.5545e-02,4.4248e-02,5.2040e-02,5.8762e-02,6.4270e-02,6.8427e-02,7.1102e-02,7.2165e-02,7.1489e-02,6.8967e-02,6.4539e-02,5.8241e-02,5.0261e-02,4.0986e-02,3.1007e-02,2.1062e-02,1.1915e-02,4.2071e-03,-1.6707e-03,-5.6285e-03,-7.8520e-03,-8.7094e-03,-8.6415e-03,-8.0572e-03,-7.2739e-03,-6.4909e-03,-5.8003e-03,-5.2105e-03,-4.6807e-03,-4.1471e-03,-3.5481e-03,-2.8350e-03,-1.9836e-03,-9.9198e-04,1.1849e-04,1.3084e-03,2.5253e-03,3.7097e-03,4.8034e-03,5.7508e-03,6.5097e-03,7.0503e-03,7.3587e-03,7.4371e-03,7.3024e-03,6.9809e-03,6.5069e-03,5.9147e-03,5.2332e-03,4.4836e-03,3.6740e-03,2.8034e-03,1.8646e-03,8.4758e-04,-2.4766e-04
-2.6292e-04,1.2343e-02,2.4665e-02,3.6371e-02,4.7164e-02,5.6792e-02,6.5049e-02,7.1777e-02,7.6853e-02,8.0198e-02,8.1760e-02,8.1522e-02,7.9495e-02,7.5720e-02,7.0263e-02,6.3229e-02,5.4747e-02,4.4986e-02,3.4143e-02,2.2452e-02,1.0172e-02,-2.4116e-03,-1.4998e-02,-2.7280e-02,-3.8947e-02,-4.9706e-02,-5.9280e-02,-6.7427e-02,-7.3944e-02,-7.8673e-02,-8.1506e-02,-8.2389e-02,-8.1323e-02,-7.8357e-02,-7.3589e-02,-6.7159e-02,-5.9241e-02,-5.0040e-02,-3.9781e-02,-2.8702e-02,-1.7053e-02,-5.0893e-03,6.9363e-03,1.8772e-02,3.0177e-02,4.0918e-02,5.0781e-02,5.9568e-02,6.7103e-02,7.3231e-02,7.7817e-02,8.0742e-02,8.1897e-02,8.1186e-02,7.8519e-02,7.3835e-02,6.7125e-02,5.8476e-02,4.8134e-02,3.6539e-02,2.4337e-02,1.2319e-02,1.3027e-03,-8.0228e-03,-1.5223e-02,-2.0180e-02,-2.3057e-02,-2.4215e-02,-2.4095e-02,-2.3110e-02,-2.1591e-02,-1.9751e-02,-1.7705e-02,-1.5488e-02,-1.3092e-02,-1.0494e-02,-7.6786e-03,-4.6511e-03,-1.4408e-03,1.8937e-03,5.2738e-03,8.6040e-03,1.1780e-02,1.4699e-02,1.7263e-02,1.9390e-02,2.1015e-02,2.2096e-02,2.2612e-02,2.2566e-02,2.1980e-02,2.0890e-02,1.9342e-02,1.7386e-02,1.5073e-02,1.2452e-02,9.5677e-03,6.4629e-03,3.1875e-03,-2.0056e-04
-6.1160e-04,1.3380e-02,2.7024e-02,3.9969e-02,5.1896e-02,6.2533e-02,7.1653e-02,7.9078e-02,8.4675e-02,8.8353e-02,9.0060e-02,8.9778e-02,8.7525e-02,8.3348e-02,7.7326e-02,6.9573e-02,6.0237e-02,4.9502e-02,3.7585e-02,2.4742e-02,1.1254e-02,-2.5688e-03,-1.6399e-02,-2.9901e-02,-4.2741e-02,-5.4593e-02,-6.5158e-02,-7.4168e-02,-8.1397e-02,-8.6665e-02,-8.9850e-02,-9.0885e-02,-8.9763e-02,-8.6532e-02,-8.1295e-02,-7.4203e-02,-6.5448e-02,-5.5256e-02,-4.3881e-02,-3.1594e-02,-1.8676e-02,-5.4175e-03,7.8961e-03,2.0983e-02,3.3570e-02,4.5400e-02,5.6231e-02,6.5847e-02,7.4053e-02,8.0685e-02,8.5602e-02,8.8692e-02,8.9867e-02,8.9053e-02,8.6194e-02,8.1252e-02,7.4217e-02,6.5138e-02,5.4160e-02,4.1582e-02,2.7898e-02,1.3804e-02,1.3869e-04,-1.2238e-02,-2.2600e-02,-3.0483e-02,-3.5754e-02,-3.8576e-02,-3.9317e-02,-3.8435e-02,-3.6368e-02,-3.3472e-02,-2.9992e-02,-2.6078e-02,-2.1802e-02,-1.7201e-02,-1.2303e-02,-7.1419e-03,-1.7820e-03,3.6931e-03,9.1683e-03,1.4514e-02,1.9588e-02,2.4246e-02,2.8355e-02,3.1794e-02,3.4465e-02,3.6297e-02,3.7247e-02,3.7303e-02,3.6477e-02,3.4805e-02,3.2345e-02,2.9165e-02,2.5345e-02,2.0971e-02,1.6132e-02,1.0925e-02,5.4541e-03,-1.6227e-04
-9.2604e-04,1.4125e-02,2.8776e-02,4.2662e-02,5.5452e-02,6.6856e-02,7.6632e-02,8.4585e-02,9.0573e-02,9.4498e-02,9.6306e-02,9.5982e-02,9.3544e-02,8.9051e-02,8.2590e-02,7.4288e-02,6.4303e-02,5.2834e-02,4.0115e-02,2.6412e-02,1.2029e-02,-2.7096e-03,-1.7458e-02,-3.1862e-02,-4.5567e-02,-5.8231e-02,-6.9536e-02,-7.9195e-02,-8.6965e-02,-9.2654e-02,-9.6123e-02,-9.7297e-02,-9.6159e-02,-9.2756e-02,-8.7190e-02,-7.9618e-02,-7.0243e-02,-5.9309e-02,-4.7088e-02,-3.3875e-02,-1.9978e-02,-5.7141e-03,8.6034e-03,2.2666e-02,3.6176e-02,4.8854e-02,6.0440e-02,7.0698e-02,7.9420e-02,8.6430e-02,9.1584e-02,9.4774e-02,9.5919e-02,9.4970e-02,9.1900e-02,8.6703e-02,7.9397e-02,7.0029e-02,5.8707e-02,4.5634e-02,3.1159e-02,1.5820e-02,3.5214e-04,-1.4373e-02,-2.7464e-02,-3.8174e-02,-4.6030e-02,-5.0898e-02,-5.2956e-02,-5.2601e-02,-5.0322e-02,-4.6595e-02,-4.1816e-02,-3.6272e-02,-3.0155e-02,-2.3587e-02,-1.6653e-02,-9.4330e-03,-2.0172e-03,5.4800e-03,1.2920e-02,2.0144e-02,2.6981e-02,3.3254e-02,3.8796e-02,4.3456e-02,4.7106e-02,4.9646e-02,5.1013e-02,5.1175e-02,5.0136e-02,4.7930e-02,4.4621e-02,4.0295e-02,3.5057e-02,2.9027e-02,2.2341e-02,1.5143e-02,7.5931e-03,-1.3358e-04
-1.1835e-03,1.4576e-02,2.9892e-02,4.4400e-02,5.7757e-02,6.9667e-02,7.9873e-02,8.8173e-02,9.4413e-02,9.8494e-02,1.0036e-01,9.9991e-02,9.7417e-02,9.2700e-02,8.5938e-02,7.7264e-02,6.6850e-02,5.4901e-02,4.1664e-02,2.7416e-02,1.2468e-02,-2.8446e-03,-1.8166e-02,-3.3131e-02,-4.7377e-02,-6.0551e-02,-7.2325e-02,-8.2401e-02,-9.0528e-02,-9.6501e-02,-1.0018e-01,-1.0147e-01,-1.0035e-01,-9.6865e-02,-9.1116e-02,-8.3259e-02,-7.3501e-02,-6.2093e-02,-4.9318e-02,-3.5489e-02,-2.0932e-02,-5.9815e-03,9.0261e-03,2.3763e-02,3.7912e-02,5.1177e-02,6.3280e-02,7.3975e-02,8.3042e-02,9.0298e-02,9.5595e-02,9.8824e-02,9.9912e-02,9.8826e-02,9.5560e-02,9.0142e-02,8.2621e-02,7.3071e-02,6.1602e-02,4.8376e-02,3.3643e-02,1.7794e-02,1.3987e-03,-1.4786e-02,-2.9872e-02,-4.2958e-02,-5.3292e-02,-6.0408e-02,-6.4193e-02,-6.4856e-02,-6.2833e-02,-5.8657e-02,-5.2854e-02,-4.5866e-02,-3.8030e-02,-2.9584e-02,-2.0703e-02,-1.1523e-02,-2.1734e-03,7.2041e-03,1.6450e-02,2.5385e-02,3.3816e-02,4.1544e-02,4.8376e-02,5.4135e-02,5.8668e-02,6.1852e-02,6.3600e-02,6.3865e-02,6.2640e-02,5.9955e-02,5.5878e-02,5.0508e-02,4.3974e-02,3.6428e-02,2.8044e-02,1.9015e-02,9.5529e-03,-1.1434e-04
-1.3696e-03,1.4730e-02,3.0356e-02,4.5147e-02,5.8764e-02,7.0903e-02,8.1305e-02,8.9759e-02,9.6109e-02,1.0025e-01,1.0212e-01,1.0172e-01,9.9060e-02,9.4217e-02,8.7298e-02,7.8439e-02,6.7821e-02,5.5659e-02,4.2199e-02,2.7727e-02,1.2556e-02,-2.9767e-03,-1.8513e-02,-3.3689e-02,-4.8139e-02,-6.1510e-02,-7.3471e-02,-8.3722e-02,-9.2008e-02,-9.8122e-02,-1.0191e-01,-1.0329e-01,-1.0222e-01,-9.8751e-02,-9.2966e-02,-8.5021e-02,-7.5122e-02,-6.3521e-02,-5.0503e-02,-3.6387e-02,-2.1507e-02,-6.2118e-03,9.1510e-03,2.4239e-02,3.8724e-02,5.2294e-02,6.4663e-02,7.5575e-02,8.4804e-02,9.2164e-02,9.7503e-02,1.0071e-01,1.0173e-01,1.0052e-01,9.7112e-02,9.1541e-02,8.3891e-02,7.4270e-02,6.2808e-02,4.9668e-02,3.5058e-02,1.9267e-02,2.7086e-03,-1.4034e-02,-3.0203e-02,-4.4912e-02,-5.7271e-02,-6.6542e-02,-7.2282e-02,-7.4413e-02,-7.3184e-02,-6.9081e-02,-6.2691e-02,-5.4590e-02,-4.5273e-02,-3.5127e-02,-2.4441e-02,-1.3438e-02,-2.3010e-03,8.7951e-03,1.9668e-02,3.0125e-02,3.9958e-02,4.8954e-02,5.6905e-02,6.3615e-02,6.8911e-02,7.2650e-02,7.4730e-02,7.5086e-02,7.3701e-02,7.0599e-02,6.5848e-02,5.9560e-02,5.1881e-02,4.2991e-02,3.3101e-02,2.2448e-02,1.1286e-02,-1.0521e-04
-1.4782e-03,1.4587e-02,3.0160e-02,4.4892e-02,5.8451e-02,7.0538e-02,8.0894e-02,8.9308e-02,9.5622e-02,9.9728e-02,1.0157e-01,1.0113e-01,9.8442e-02,9.3579e-02,8.6649e-02,7.7799e-02,6.7211e-02,5.5101e-02,4.1720e-02,2.7349e-02,1.2299e-02,-3.0991e-03,-1.8493e-02,-3.3526e-02,-4.7841e-02,-6.1093e-02,-7.2956e-02,-8.3137e-02,-9.1382e-02,-9.7487e-02,-1.0130e-01,-1.0273e-01,-1.0174e-01,-9.8361e-02,-9.2681e-02,-8.4844e-02,-7.5048e-02,-6.3535e-02,-5.0589e-02,-3.6522e-02,-2.1672e-02,-6.3851e-03,8.9837e-03,2.4086e-02,3.8586e-02,5.2168e-02,6.4538e-02,7.5437e-02,8.4638e-02,9.1952e-02,9.7229e-02,1.0037e-01,1.0130e-01,1.0001e-01,9.6519e-02,9.0895e-02,8.3236e-02,7.3678e-02,6.2377e-02,4.9516e-02,3.5298e-02,1.9965e-02,3.8250e-03,-1.2702e-02,-2.9044e-02,-4.4461e-02,-5.8092e-02,-6.9073e-02,-7.6700e-02,-8.0566e-02,-8.0631e-02,-7.7196e-02,-7.0799e-02,-6.2082e-02,-5.1673e-02,-4.0119e-02,-2.7855e-02,-1.5216e-02,-2.4685e-03,1.0164e-02,2.2471e-02,3.4247e-02,4.5275e-02,5.5336e-02,6.4214e-02,7.1704e-02,7.7622e-02,8.1815e-02,8.4160e-02,8.4586e-02,8.3062e-02,7.9608e-02,7.4291e-02,6.7229e-02,5.8583e-02,4.8556e-02,3.7390e-02,2.5357e-02,1.2752e-02,-1.0569e-04
-1.5102e-03,1.4148e-02,2.9307e-02,4.3637e-02,5.6823e-02,6.8577e-02,7.8648e-02,8.6829e-02,9.2962e-02,9.6940e-02,9.8705e-02,9.8244e-02,9.5588e-02,9.0811e-02,8.4025e-02,7.5377e-02,6.5051e-02,5.3261e-02,4.0255e-02,2.6307e-02,1.1717e-02,-3.1959e-03,-1.8095e-02,-3.2641e-02,-4.6489e-02,-5.9312e-02,-7.0798e-02,-8.0667e-02,-8.8673e-02,-9.4620e-02,-9.8360e-02,-9.9800e-02,-9.8906e-02,-9.5699e-02,-9.0257e-02,-8.2715e-02,-7.3256e-02,-6.2110e-02,-4.9545e-02,-3.5864e-02,-2.1393e-02,-6.4736e-03,8.5449e-03,2.3318e-02,3.7507e-02,5.0798e-02,6.2899e-02,7.3549e-02,8.2524e-02,8.9639e-02,9.4749e-02,9.7753e-02,9.8595e-02,9.7260e-02,9.3778e-02,8.8222e-02,8.0705e-02,7.1374e-02,6.0410e-02,4.8012e-02,3.4400e-02,1.9805e-02,4.4850e-03,-1.1253e-02,-2.7007e-02,-4.2236e-02,-5.6238e-02,-6.8195e-02,-7.7289e-02,-8.2854e-02,-8.4526e-02,-8.2313e-02,-7.6565e-02,-6.7869e-02,-5.6921e-02,-4.4398e-02,-3.0895e-02,-1.6889e-02,-2.7556e-03,1.1205e-02,2.4743e-02,3.7627e-02,4.9636e-02,6.0550e-02,7.0154e-02,7.8242e-02,8.4629e-02,8.9153e-02,9.1690e-02,9.2155e-02,9.0511e-02,8.6772e-02,8.1004e-02,7.3328e-02,6.3916e-02,5.2987e-02,4.0806e-02,2.7672e-02,1.3916e-02,-1.1394e-04
-1.4764e-03,1.3415e-02,2.7810e-02,4.1407e-02,5.3914e-02,6.5062e-02,7.4614e-02,8.2373e-02,8.8187e-02,9.1950e-02,9.3603e-02,9.3133e-02,9.0571e-02,8.5990e-02,7.9499e-02,7.1247e-02,6.1413e-02,5.0206e-02,3.7864e-02,2.4650e-02,1.0846e-02,-3.2469e-03,-1.7315e-02,-3.1041e-02,-4.4107e-02,-5.6206e-02,-6.7049e-02,-7.6373e-02,-8.3950e-02,-8.9596e-02,-9.3169e-02,-9.4580e-02,-9.3794e-02,-9.0826e-02,-8.5746e-02,-7.8672e-02,-6.9770e-02,-5.9252e-02,-4.7367e-02,-3.4396e-02,-2.0647e-02,-6.4461e-03,7.8712e-03,2.1970e-02,3.5524e-02,4.8223e-02,5.9781e-02,6.9946e-02,7.8497e-02,8.5260e-02,9.0094e-02,9.2908e-02,9.3651e-02,9.2314e-02,8.8931e-02,8.3578e-02,7.6368e-02,6.7456e-02,5.7027e-02,4.5295e-02,3.2490e-02,1.8850e-02,4.6199e-03,-9.9508e-03,-2.4575e-02,-3.8887e-02,-5.2397e-02,-6.4460e-02,-7.4314e-02,-8.1193e-02,-8.4478e-02,-8.3847e-02,-7.9352e-02,-7.1389e-02,-6.0592e-02,-4.7703e-02,-3.3442e-02,-1.8445e-02,-3.2240e-03,1.1817e-02,2.6359e-02,4.0135e-02,5.2910e-02,6.4465e-02,7.4592e-02,8.3093e-02,8.9787e-02,9.4518e-02,9.7161e-02,9.7627e-02,9.5879e-02,9.1924e-02,8.5828e-02,7.7711e-02,6.7750e-02,5.6176e-02,4.3266e-02,2.9341e-02,1.4752e-02,-1.2810e-04
-1.3930e-03,1.2393e-02,2.5694e-02,3.8244e-02,4.9783e-02,6.0067e-02,6.8880e-02,7.6040e-02,8.1403e-02,8.4869e-02,8.6378e-02,8.5917e-02,8.3513e-02,7.9237e-02,7.3193e-02,6.5525e-02,5.6403e-02,4.6030e-02,3.4628e-02,2.2441e-02,9.7319e-03,-3.2268e-03,-1.6150e-02,-2.8750e-02,-4.0738e-02,-5.1840e-02,-6.1792e-02,-7.0357e-02,-7.7329e-02,-8.2537e-02,-8.5854e-02,-8.7196e-02,-8.6528e-02,-8.3860e-02,-7.9249e-02,-7.2799e-02,-6.4656e-02,-5.5008e-02,-4.4078e-02,-3.2121e-02,-1.9418e-02,-6.2718e-03,7.0058e-03,2.0099e-02,3.2699e-02,4.4510e-02,5.5259e-02,6.4705e-02,7.2641e-02,7.8899e-02,8.3354e-02,8.5921e-02,8.6558e-02,8.5262e-02,8.2069e-02,7.7054e-02,7.0327e-02,6.2036e-02,5.2361e-02,4.1514e-02,2.9727e-02,1.7243e-02,4.3029e-03,-8.8580e-03,-2.2014e-02,-3.4918e-02,-4.7260e-02,-5.8612e-02,-6.8401e-02,-7.5926e-02,-8.0474e-02,-8.1473e-02,-7.8639e-02,-7.2062e-02,-6.2174e-02,-4.9651e-02,-3.5272e-02,-1.9797e-02,-3.8884e-03,1.1918e-02,2.7204e-02,4.1642e-02,5.4970e-02,6.6960e-02,7.7413e-02,8.6145e-02,9.2988e-02,9.7799e-02,1.0046e-01,1.0089e-01,9.9052e-02,9.4952e-02,8.8652e-02,8.0275e-02,6.9995e-02,5.8046e-02,4.4714e-02,3.0326e-02,1.5244e-02,-1.4585e-04
-1.2762e-03,1.1092e-02,2.2997e-02,3.4215e-02,4.4520e-02,5.3702e-02,6.1573e-02,6.7970e-02,7.2763e-02,7.5857e-02,7.7195e-02,7.6762e-02,7.4580e-02,7.0713e-02,6.5260e-02,5.8354e-02,5.0155e-02,4.0852e-02,3.0645e-02,1.9758e-02,8.4242e-03,-3.1137e-03,-1.4605e-02,-2.5799e-02,-3.6447e-02,-4.6303e-02,-5.5142e-02,-6.2756e-02,-6.8963e-02,-7.3613e-02,-7.6593e-02,-7.7828e-02,-7.7283e-02,-7.4963e-02,-7.0916e-02,-6.5228e-02,-5.8023e-02,-4.9459e-02,-3.9732e-02,-2.9065e-02,-1.7706e-02,-5.9247e-03,5.9977e-03,1.7773e-02,2.9118e-02,3.9759e-02,4.9445e-02,5.7950e-02,6.5085e-02,7.0697e-02,7.4672e-02,7.6938e-02,7.7463e-02,7.6248e-02,7.3332e-02,6.8787e-02,6.2713e-02,5.5246e-02,4.6549e-02,3.6819e-02,2.6273e-02,1.5147e-02,3.6796e-03,-7.9025e-03,-1.9393e-02,-3.0606e-02,-4.1350e-02,-5.1382e-02,-6.0347e-02,-6.7741e-02,-7.2929e-02,-7.5246e-02,-7.4158e-02,-6.9413e-02,-6.1127e-02,-4.9766e-02,-3.6036e-02,-2.0746e-02,-4.6798e-03,1.1482e-02,2.7194e-02,4.2037e-02,5.5695e-02,6.7923e-02,7.8517e-02,8.7310e-02,9.4156e-02,9.8928e-02,1.0153e-01,1.0188e-01,9.9968e-02,9.5793e-02,8.9419e-02,8.0965e-02,7.0602e-02,5.8561e-02,4.5120e-02,3.0608e-02,1.5385e-02,-1.6498e-04
-1.1457e-03,9.5285e-03,1.9772e-02,2.9403e-02,3.8239e-02,4.6110e-02,5.2858e-02,5.8345e-02,6.2460e-02,6.5115e-02,6.6258e-02,6.5872e-02,6.3972e-02,6.0615e-02,5.5887e-02,4.9909e-02,4.2826e-02,3.4804e-02,2.6025e-02,1.6682e-02,6.9761e-03,-2.8875e-03,-1.2697e-02,-2.2243e-02,-3.1315e-02,-3.9714e-02,-4.7247e-02,-5.3742e-02,-5.9046e-02,-6.3032e-02,-6.5604e-02,-6.6696e-02,-6.6277e-02,-6.4347e-02,-6.0943e-02,-5.6133e-02,-5.0016e-02,-4.2723e-02,-3.4415e-02,-2.5279e-02,-1.5526e-02,-5.3870e-03,4.8953e-03,1.5069e-02,2.4883e-02,3.4095e-02,4.2482e-02,4.9841e-02,5.6004e-02,6.0836e-02,6.4241e-02,6.6158e-02,6.6564e-02,6.5469e-02,6.2911e-02,5.8956e-02,5.3694e-02,4.7241e-02,3.9738e-02,3.1353e-02,2.2275e-02,1.2719e-02,2.9055e-03,-6.9498e-03,-1.6650e-02,-2.6031e-02,-3.4960e-02,-4.3311e-02,-5.0911e-02,-5.7480e-02,-6.2581e-02,-6.5634e-02,-6.6017e-02,-6.3222e-02,-5.7018e-02,-4.7541e-02,-3.5277e-02,-2.0955e-02,-5.4054e-03,1.0577e-02,2.6307e-02,4.1247e-02,5.4995e-02,6.7258e-02,7.7824e-02,8.6528e-02,9.3245e-02,9.7874e-02,1.0034e-01,1.0060e-01,9.8624e-02,9.4445e-02,8.8126e-02,7.9778e-02,6.9569e-02,5.7714e-02,4.4483e-02,3.0188e-02,1.5175e-02,-1.8240e-04
-1.0187e-03,7.7297e-03,1.6085e-02,2.3914e-02,3.1083e-02,3.7462e-02,4.2932e-02,4.7384e-02,5.0726e-02,5.2886e-02,5.3814e-02,5.3491e-02,5.1928e-02,4.9168e-02,4.5285e-02,4.0383e-02,3.4586e-02,2.8036e-02,2.0886e-02,1.3297e-02,5.4334e-03,-2.5394e-03,-1.0454e-02,-1.8146e-02,-2.5452e-02,-3.2213e-02,-3.8280e-02,-4.3518e-02,-4.7804e-02,-5.1038e-02,-5.3142e-02,-5.4062e-02,-5.3769e-02,-5.2261e-02,-4.9563e-02,-4.5724e-02,-4.0819e-02,-3.4950e-02,-2.8240e-02,-2.0839e-02,-1.2915e-02,-4.6544e-03,3.7420e-03,1.2066e-02,2.0107e-02,2.7663e-02,3.4540e-02,4.0570e-02,4.5609e-02,4.9544e-02,5.2297e-02,5.3823e-02,5.4108e-02,5.3167e-02,5.1038e-02,4.7780e-02,4.3469e-02,3.8200e-02,3.2085e-02,2.5255e-02,1.7864e-02,1.0086e-02,2.1086e-03,-5.8734e-03,-1.3679e-02,-2.1154e-02,-2.8188e-02,-3.4707e-02,-4.0653e-02,-4.5924e-02,-5.0304e-02,-5.3416e-02,-5.4724e-02,-5.3634e-02,-4.9654e-02,-4.2561e-02,-3.2504e-02,-1.9981e-02,-5.7348e-03,9.3994e-03,2.4625e-02,3.9271e-02,5.2821e-02,6.4907e-02,7.5276e-02,8.3758e-02,9.0239e-02,9.4644e-02,9.6927e-02,9.7066e-02,9.5065e-02,9.0961e-02,8.4823e-02,7.6764e-02,6.6937e-02,5.5544e-02,4.2830e-02,2.9083e-02,1.4623e-02,-2.0114e-04
-9.0729e-04,5.7287e-03,1.2017e-02,1.7873e-02,2.3214e-02,2.7958e-02,3.2024e-02,3.5337e-02,3.7831e-02,3.9445e-02,4.0140e-02,3.9895e-02,3.8713e-02,3.6626e-02,3.3690e-02,2.9988e-02,2.5619e-02,2.0698e-02,1.5344e-02,9.6838e-03,3.8385e-03,-2.0695e-03,-7.9207e-03,-1.3596e-02,-1.8982e-02,-2.3966e-02,-2.8443e-02,-3.2314e-02,-3.5493e-02,-3.7907e-02,-3.9496e-02,-4.0218e-02,-4.0051e-02,-3.8987e-02,-3.7041e-02,-3.4244e-02,-3.0646e-02,-2.6318e-02,-2.1348e-02,-1.5842e-02,-9.9241e-03,-3.7341e-03,2.5760e-03,8.8465e-03,1.4914e-02,2.0620e-02,2.5812e-02,3.0358e-02,3.4143e-02,3.7083e-02,3.9117e-02,4.0218e-02,4.0381e-02,3.9623e-02,3.7984e-02,3.5511e-02,3.2269e-02,2.8324e-02,2.3759e-02,1.8665e-02,1.3149e-02,7.3388e-03,1.3747e-03,-4.5875e-03,-1.0394e-02,-1.5909e-02,-2.1026e-02,-2.5693e-02,-2.9898e-02,-3.3644e-02,-3.6891e-02,-3.9482e-02,-4.1080e-02,-4.1179e-02,-3.9199e-02,-3.4649e-02,-2.7310e-02,-1.7332e-02,-5.2153e-03,8.2929e-03,2.2363e-02,3.6216e-02,4.9208e-02,6.0863e-02,7.0859e-02,7.8994e-02,8.5152e-02,8.9277e-02,9.1349e-02,9.1376e-02,8.9388e-02,8.5442e-02,7.9614e-02,7.2016e-02,6.2792e-02,5.2118e-02,4.0212e-02,2.7328e-02,1.3747e-02,-2.1940e-04
-8.2058e-04,3.5690e-03,7.6577e-03,1.1417e-02,1.4815e-02,1.7817e-02,2.0385e-02,2.2481e-02,2.4065e-02,2.5097e-02,2.5543e-02,2.5385e-02,2.4618e-02,2.3260e-02,2.1350e-02,1.8945e-02,1.6117e-02,1.2947e-02,9.5185e-03,5.9166e-03,2.2213e-03,-1.4925e-03,-5.1540e-03,-8.6956e-03,-1.2051e-02,-1.5158e-02,-1.7955e-02,-2.0385e-02,-2.2394e-02,-2.3938e-02,-2.4977e-02,-2.5484e-02,-2.5439e-02,-2.4833e-02,-2.3670e-02,-2.1962e-02,-1.9738e-02,-1.7034e-02,-1.3901e-02,-1.0406e-02,-6.6251e-03,-2.6478e-03,1.4257e-03,5.4876e-03,9.4282e-03,1.3135e-02,1.6505e-02,1.9444e-02,2.1876e-02,2.3742e-02,2.5007e-02,2.5658e-02,2.5698e-02,2.5150e-02,2.4048e-02,2.2433e-02,2.0346e-02,1.7834e-02,1.4943e-02,1.1724e-02,8.2349e-03,4.5467e-03,7.4724e-04,-3.0617e-03,-6.7680e-03,-1.0263e-02,-1.3458e-02,-1.6302e-02,-1.8796e-02,-2.0986e-02,-2.2928e-02,-2.4633e-02,-2.5982e-02,-2.6666e-02,-2.6190e-02,-2.3971e-02,-1.9514e-02,-1.2589e-02,-3.3417e-03,7.7314e-03,1.9893e-02,3.2332e-02,4.4302e-02,5.5205e-02,6.4617e-02,7.2274e-02,7.8034e-02,8.1844e-02,8.3701e-02,8.3644e-02,8.1729e-02,7.8032e-02,7.2643e-02,6.5674e-02,5.7255e-02,4.7540e-02,3.6710e-02,2.4974e-02,1.2570e-02,-2.3987e-04
-7.6361e-04,1.2974e-03,3.1107e-03,4.6983e-03,6.0815e-03,7.2755e-03,8.2866e-03,9.1149e-03,9.7473e-03,1.0167e-02,1.0351e-02,1.0281e-02,9.9510e-03,9.3607e-03,8.5294e-03,7.4874e-03,6.2753e-03,4.9397e-03,3.5236e-03,2.0686e-03,6.0874e-04,-8.2956e-04,-2.2254e-03,-3.5610e-03,-4.8219e-03,-5.9932e-03,-7.0597e-03,-8.0028e-03,-8.8058e-03,-9.4505e-03,-9.9194e-03,-1.0197e-02,-1.0270e-02,-1.0127e-02,-9.7605e-03,-9.1682e-03,-8.3513e-03,-7.3178e-03,-6.0827e-03,-4.6677e-03,-3.1035e-03,-1.4285e-03,3.1109e-04,2.0638e-03,3.7730e-03,5.3818e-03,6.8355e-03,8.0858e-03,9.0949e-03,9.8360e-03,1.0297e-02,1.0481e-02,1.0402e-02,1.0085e-02,9.5556e-03,8.8430e-03,7.9733e-03,6.9650e-03,5.8303e-03,4.5770e-03,3.2151e-03,1.7585e-03,2.3407e-04,-1.3160e-03,-2.8346e-03,-4.2557e-03,-5.5165e-03,-6.5748e-03,-7.4319e-03,-8.1355e-03,-8.7795e-03,-9.4658e-03,-1.0236e-02,-1.0992e-02,-1.1432e-02,-1.1058e-02,-9.2713e-03,-5.5585e-03,3.2324e-04,8.2429e-03,1.7715e-02,2.8025e-02,3.8394e-02,4.8126e-02,5.6680e-02,6.3697e-02,6.8981e-02,7.2451e-02,7.4113e-02,7.4020e-02,7.2252e-02,6.8908e-02,6.4090e-02,5.7909e-02,5.0482e-02,4.1939e-02,3.2421e-02,2.2088e-02,1.1124e-02,-2.6572e-04
-7.3624e-04,-1.0299e-03,-1.5164e-03,-2.1240e-03,-2.7796e-03,-3.4192e-03,-3.9902e-03,-4.4551e-03,-4.7949e-03,-5.0050e-03,-5.0943e-03,-5.0762e-03,-4.9647e-03,-4.7709e-03,-4.4985e-03,-4.1447e-03,-3.7029e-03,-3.1647e-03,-2.5279e-03,-1.7969e-03,-9.8386e-04,-1.1382e-04,7.8549e-04,1.6795e-03,2.5336e-03,3.3145e-03,3.9938e-03,4.5485e-03,4.9621e-03,5.2253e-03,5.3347e-03,5.2925e-03,5.1071e-03,4.7914e-03,4.3614e-03,3.8372e-03,3.2397e-03,2.5912e-03,1.9130e-03,1.2246e-03,5.4219e-04,-1.2074e-04,-7.5570e-04,-1.3590e-03,-1.9282e-03,-2.4664e-03,-2.9740e-03,-3.4534e-03,-3.9017e-03,-4.3105e-03,-4.6681e-03,-4.9545e-03,-5.1478e-03,-5.2231e-03,-5.1600e-03,-4.9426e-03,-4.5667e-03,-4.0395e-03,-3.3827e-03,-2.6285e-03,-1.8164e-03,-9.8827e-04,-1.7859e-04,5.9137e-04,1.3165e-03,2.0105e-03,2.6952e-03,3.3927e-03,4.0994e-03,4.7743e-03,5.3264e-03,5.6268e-03,5.5487e-03,5.0336e-03,4.1786e-03,3.2945e-03,2.9026e-03,3.6254e-03,6.0013e-03,1.0295e-02,1.6394e-02,2.3834e-02,3.1935e-02,3.9969e-02,4.7297e-02,5.3452e-02,5.8147e-02,6.1249e-02,6.2740e-02,6.2676e-02,6.1149e-02,5.8271e-02,5.4156e-02,4.8913e-02,4.2649e-02,3.5464e-02,2.7461e-02,1.8748e-02,9.4474e-03,-2.9745e-04
-7.3779e-04,-3.3547e-03,-6.1136e-03,-8.8892e-03,-1.1561e-02,-1.4017e-02,-1.6159e-02,-1.7912e-02,-1.9225e-02,-2.0071e-02,-2.0441e-02,-2.0343e-02,-1.9797e-02,-1.8826e-02,-1.7454e-02,-1.5707e-02,-1.3614e-02,-1.1206e-02,-8.5236e-03,-5.6149e-03,-2.5444e-03,6.1789e-04,3.7910e-03,6.8913e-03,9.8361e-03,1.2545e-02,1.4946e-02,1.6979e-02,1.8594e-02,1.9754e-02,2.0436e-02,2.0631e-02,2.0339e-02,1.9576e-02,1.8367e-02,1.6745e-02,1.4756e-02,1.2450e-02,9.8827e-03,7.1137e-03,4.2065e-03,1.2240e-03,-1.7710e-03,-4.7170e-03,-7.5568e-03,-1.0235e-02,-1.2702e-02,-1.4908e-02,-1.6809e-02,-1.8365e-02,-1.9536e-02,-2.0287e-02,-2.0588e-02,-2.0415e-02,-1.9755e-02,-1.8607e-02,-1.6988e-02,-1.4932e-02,-1.2494e-02,-9.7436e-03,-6.7687e-03,-3.6623e-03,-5.1833e-04,2.5784e-03,5.5593e-03,8.3770e-03,1.1006e-02,1.3431e-02,1.5638e-02,1.7590e-02,1.9211e-02,2.0383e-02,2.0954e-02,2.0788e-02,1.9831e-02,1.8197e-02,1.6224e-02,1.4469e-02,1.3584e-02,1.4142e-02,1.6431e-02,2.0362e-02,2.5506e-02,3.1227e-02,3.6860e-02,4.1841e-02,4.5774e-02,4.8446e-02,4.9782e-02,4.9813e-02,4.8626e-02,4.6334e-02,4.3054e-02,3.8894e-02,3.3944e-02,2.8278e-02,2.1957e-02,1.5038e-02,7.5817e-03,-3.3513e-04
-7.6153e-04,-5.6205e-03,-1.0570e-02,-1.5438e-02,-2.0058e-02,-2.4270e-02,-2.7937e-02,-3.0945e-02,-3.3211e-02,-3.4683e-02,-3.5337e-02,-3.5173e-02,-3.4213e-02,-3.2491e-02,-3.0053e-02,-2.6953e-02,-2.3253e-02,-1.9024e-02,-1.4349e-02,-9.3242e-03,-4.0584e-03,1.3271e-03,6.7039e-03,1.1941e-02,1.6907e-02,2.1478e-02,2.5543e-02,2.9003e-02,3.1777e-02,3.3804e-02,3.5041e-02,3.5466e-02,3.5075e-02,3.3884e-02,3.1926e-02,2.9250e-02,2.5920e-02,2.2014e-02,1.7621e-02,1.2842e-02,7.7808e-03,2.5514e-03,-2.7320e-03,-7.9527e-03,-1.2998e-02,-1.7757e-02,-2.2128e-02,-2.6013e-02,-2.9329e-02,-3.1998e-02,-3.3957e-02,-3.5156e-02,-3.5556e-02,-3.5137e-02,-3.3892e-02,-3.1837e-02,-2.9009e-02,-2.5470e-02,-2.1304e-02,-1.6622e-02,-1.1550e-02,-6.2319e-03,-8.1592e-04,4.5546e-03,9.7476e-03,1.4656e-02,1.9197e-02,2.3312e-02,2.6961e-02,3.0102e-02,3.2673e-02,3.4579e-02,3.5683e-02,3.5831e-02,3.4893e-02,3.2839e-02,2.9817e-02,2.6205e-02,2.2602e-02,1.9703e-02,1.8111e-02,1.8144e-02,1.9745e-02,2.2526e-02,2.5909e-02,2.9301e-02,3.2215e-02,3.4329e-02,3.5486e-02,3.5661e-02,3.4905e-02,3.3317e-02,3.1002e-02,2.8058e-02,2.4555e-02,2.0542e-02,1.6037e-02,1.1048e-02,5.5734e-03,-3.7517e-04
-8.0130e-04,-7.7704e-03,-1.4779e-02,-2.1616e-02,-2.8070e-02,-3.3941e-02,-3.9051e-02,-4.3250e-02,-4.6427e-02,-4.8503e-02,-4.9438e-02,-4.9224e-02,-4.7881e-02,-4.5457e-02,-4.2015e-02,-3.7634e-02,-3.2411e-02,-2.6455e-02,-1.9890e-02,-1.2858e-02,-5.5121e-03,1.9797e-03,9.4425e-03,1.6698e-02,2.3574e-02,2.9904e-02,3.5537e-02,4.0343e-02,4.4210e-02,4.7055e-02,4.8817e-02,4.9460e-02,4.8978e-02,4.7386e-02,4.4723e-02,4.1054e-02,3.6461e-02,3.1046e-02,2.4932e-02,1.8254e-02,1.1159e-02,3.8058e-03,-3.6398e-03,-1.1012e-02,-1.8143e-02,-2.4870e-02,-3.1042e-02,-3.6516e-02,-4.1168e-02,-4.4889e-02,-4.7592e-02,-4.9211e-02,-4.9702e-02,-4.9044e-02,-4.7243e-02,-4.4328e-02,-4.0357e-02,-3.5418e-02,-2.9624e-02,-2.3121e-02,-1.6072e-02,-8.6668e-03,-1.1006e-03,6.4293e-03,1.3734e-02,2.0647e-02,2.7027e-02,3.2770e-02,3.7796e-02,4.2048e-02,4.5469e-02,4.7983e-02,4.9486e-02,4.9843e-02,4.8910e-02,4.6584e-02,4.2873e-02,3.7972e-02,3.2312e-02,2.6539e-02,2.1390e-02,1.7503e-02,1.5226e-02,1.4540e-02,1.5106e-02,1.6416e-02,1.7948e-02,1.9289e-02,2.0177e-02,2.0495e-02,2.0235e-02,1.9450e-02,1.8216e-02,1.6606e-02,1.4666e-02,1.2414e-02,9.8296e-03,6.8684e-03,3.4708e-03,-4.1438e-04
-8.5335e-04,-9.7502e-03,-1.8644e-02,-2.7281e-02,-3.5415e-02,-4.2807e-02,-4.9245e-02,-5.4546e-02,-5.8568e-02,-6.1210e-02,-6.2415e-02,-6.2168e-02,-6.0486e-02,-5.7425e-02,-5.3065e-02,-4.7510e-02,-4.0885e-02,-3.3338e-02,-2.5031e-02,-1.6147e-02,-6.8842e-03,2.5482e-03,1.1931e-02,2.1045e-02,2.9676e-02,3.7621e-02,4.4696e-02,5.0738e-02,5.5610e-02,5.9205e-02,6.1449e-02,6.2295e-02,6.1729e-02,5.9768e-02,5.6460e-02,5.1877e-02,4.6123e-02,3.9323e-02,3.1627e-02,2.3203e-02,1.4240e-02,4.9380e-03,-4.4943e-03,-1.3840e-02,-2.2885e-02,-3.1419e-02,-3.9243e-02,-4.6176e-02,-5.2053e-02,-5.6738e-02,-6.0123e-02,-6.2124e-02,-6.2695e-02,-6.1817e-02,-5.9502e-02,-5.5796e-02,-5.0777e-02,-4.4555e-02,-3.7273e-02,-2.9105e-02,-2.0251e-02,-1.0935e-02,-1.3964e-03,8.1219e-03,1.7381e-02,2.6158e-02,3.4262e-02,4.1532e-02,4.7852e-02,5.3135e-02,5.7316e-02,6.0337e-02,6.2120e-02,6.2567e-02,6.1558e-02,5.8978e-02,5.4766e-02,4.8981e-02,4.1876e-02,3.3937e-02,2.5862e-02,1.8428e-02,1.2305e-02,7.8759e-03,5.1623e-03,3.8810e-03,3.5904e-03,3.8390e-03,4.2689e-03,4.6573e-03,4.9002e-03,4.9782e-03,4.9129e-03,4.7328e-03,4.4499e-03,4.0415e-03,3.4487e-03,2.5795e-03,1.3191e-03,-4.4842e-04
-9.0967e-04,-1.1515e-02,-2.2073e-02,-3.2304e-02,-4.1925e-02,-5.0667e-02,-5.8285e-02,-6.4569e-02,-6.9350e-02,-7.2506e-02,-7.3965e-02,-7.3699e-02,-7.1728e-02,-6.8111e-02,-6.2942e-02,-5.6347e-02,-4.8478e-02,-3.9515e-02,-2.9656e-02,-1.9121e-02,-8.1483e-03,3.0136e-03,1.4108e-02,2.4877e-02,3.5071e-02,4.4454e-02,5.2811e-02,5.9952e-02,6.5717e-02,6.9981e-02,7.2652e-02,7.3677e-02,7.3036e-02,7.0747e-02,6.6862e-02,6.1466e-02,5.4677e-02,4.6643e-02,3.7537e-02,2.7562e-02,1.6939e-02,5.9050e-03,-5.2895e-03,-1.6385e-02,-2.7126e-02,-3.7260e-02,-4.6548e-02,-5.4769e-02,-6.1731e-02,-6.7270e-02,-7.1256e-02,-7.3596e-02,-7.4236e-02,-7.3160e-02,-7.0389e-02,-6.5983e-02,-6.0036e-02,-5.2681e-02,-4.4086e-02,-3.4450e-02,-2.4004e-02,-1.3002e-02,-1.7192e-03,9.5646e-03,2.0566e-02,3.1019e-02,4.0680e-02,4.9343e-02,5.6845e-02,6.3067e-02,6.7927e-02,7.1368e-02,7.3338e-02,7.3774e-02,7.2598e-02,6.9719e-02,6.5066e-02,5.8633e-02,5.0539e-02,4.1099e-02,3.0857e-02,2.0557e-02,1.1013e-02,2.9260e-03,-3.2883e-03,-7.5672e-03,-1.0138e-02,-1.1385e-02,-1.1706e-02,-1.1423e-02,-1.0754e-02,-9.8179e-03,-8.6773e-03,-7.3673e-03,-5.9333e-03,-4.4420e-03,-2.9986e-03,-1.7448e-03,-8.4495e-04,-4.7170e-04
-9.6685e-04,-1.3020e-02,-2.4991e-02,-3.6573e-02,-4.7456e-02,-5.7344e-02,-6.5968e-02,-7.3091e-02,-7.8524e-02,-8.2127e-02,-8.3812e-02,-8.3543e-02,-8.1336e-02,-7.7255e-02,-7.1405e-02,-6.3930e-02,-5.5004e-02,-4.4834e-02,-3.3650e-02,-2.1706e-02,-9.2713e-03,3.3684e-03,1.5924e-02,2.8108e-02,3.9638e-02,5.0249e-02,5.9701e-02,6.7780e-02,7.4308e-02,7.9142e-02,8.2177e-02,8.3353e-02,8.2645e-02,8.0073e-02,7.5692e-02,6.9597e-02,6.1921e-02,5.2830e-02,4.2522e-02,3.1222e-02,1.9184e-02,6.6761e-03,-6.0153e-03,-1.8596e-02,-3.0774e-02,-4.2262e-02,-5.2787e-02,-6.2100e-02,-6.9979e-02,-7.6240e-02,-8.0736e-02,-8.3362e-02,-8.4061e-02,-8.2818e-02,-7.9660e-02,-7.4659e-02,-6.7928e-02,-5.9616e-02,-4.9914e-02,-3.9041e-02,-2.7254e-02,-1.4831e-02,-2.0738e-03,1.0707e-02,2.3195e-02,3.5087e-02,4.6098e-02,5.5978e-02,6.4522e-02,7.1575e-02,7.7029e-02,8.0819e-02,8.2907e-02,8.3261e-02,8.1846e-02,7.8614e-02,7.3522e-02,6.6552e-02,5.7758e-02,4.7327e-02,3.5636e-02,2.3279e-02,1.1041e-02,-2.3249e-04,-9.8163e-03,-1.7266e-02,-2.2481e-02,-2.5645e-02,-2.7098e-02,-2.7210e-02,-2.6300e-02,-2.4603e-02,-2.2293e-02,-1.9494e-02,-1.6324e-02,-1.2915e-02,-9.4240e-03,-6.0444e-03,-2.9917e-03,-4.8985e-04
-1.0185e-03,-1.4233e-02,-2.7335e-02,-3.9996e-02,-5.1887e-02,-6.2692e-02,-7.2121e-02,-7.9919e-02,-8.5880e-02,-8.9848e-02,-9.1723e-02,-9.1461e-02,-8.9076e-02,-8.4632e-02,-7.8244e-02,-7.0066e-02,-6.0295e-02,-4.9157e-02,-3.6908e-02,-2.3830e-02,-1.0219e-02,3.6130e-03,1.7349e-02,3.0672e-02,4.3280e-02,5.4881e-02,6.5216e-02,7.4053e-02,8.1195e-02,8.6487e-02,8.9815e-02,9.1110e-02,9.0345e-02,8.7538e-02,8.2752e-02,7.6089e-02,6.7692e-02,5.7745e-02,4.6464e-02,3.4098e-02,2.0921e-02,7.2331e-03,-6.6550e-03,-2.0421e-02,-3.3743e-02,-4.6309e-02,-5.7818e-02,-6.7999e-02,-7.6608e-02,-8.3444e-02,-8.8346e-02,-9.1203e-02,-9.1950e-02,-9.0574e-02,-8.7109e-02,-8.1636e-02,-7.4282e-02,-6.5212e-02,-5.4631e-02,-4.2781e-02,-2.9932e-02,-1.6384e-02,-2.4572e-03,1.1516e-02,2.5198e-02,3.8254e-02,5.0369e-02,6.1257e-02,7.0674e-02,7.8429e-02,8.4386e-02,8.8463e-02,9.0623e-02,9.0857e-02,8.9168e-02,8.5554e-02,8.0017e-02,7.2563e-02,6.3236e-02,5.2159e-02,3.9581e-02,2.5931e-02,1.1851e-02,-1.8471e-03,-1.4296e-02,-2.4754e-02,-3.2756e-02,-3.8176e-02,-4.1169e-02,-4.2057e-02,-4.1208e-02,-3.8966e-02,-3.5620e-02,-3.1411e-02,-2.6552e-02,-2.1255e-02,-1.5744e-02,-1.0269e-02,-5.0992e-03,-5.0884e-04
-1.0611e-03,-1.5128e-02,-2.9057e-02,-4.2505e-02,-5.5127e-02,-6.6598e-02,-7.6611e-02,-8.4902e-02,-9.1250e-02,-9.5489e-02,-9.7510e-02,-9.7262e-02,-9.4755e-02,-9.0055e-02,-8.3281e-02,-7.4597e-02,-6.4210e-02,-5.2367e-02,-3.9338e-02,-2.5427e-02,-1.0952e-02,3.7566e-03,1.8359e-02,3.2524e-02,4.5924e-02,5.8257e-02,6.9244e-02,7.8638e-02,8.6233e-02,9.1862e-02,9.5403e-02,9.6782e-02,9.5969e-02,9.2983e-02,8.7891e-02,8.0800e-02,7.1866e-02,6.1283e-02,4.9282e-02,3.6130e-02,2.2120e-02,7.5706e-03,-7.1875e-03,-2.1812e-02,-3.5962e-02,-4.9304e-02,-6.1524e-02,-7.2331e-02,-8.1468e-02,-8.8721e-02,-9.3920e-02,-9.6946e-02,-9.7730e-02,-9.6261e-02,-9.2576e-02,-8.6764e-02,-7.8961e-02,-6.9345e-02,-5.8135e-02,-4.5583e-02,-3.1976e-02,-1.7622e-02,-2.8543e-03,1.1982e-02,2.6534e-02,4.0450e-02,5.3393e-02,6.5048e-02,7.5144e-02,8.3452e-02,8.9811e-02,9.4116e-02,9.6323e-02,9.6432e-02,9.4475e-02,9.0493e-02,8.4534e-02,7.6647e-02,6.6899e-02,5.5399e-02,4.2328e-02,2.7992e-02,1.2866e-02,-2.3786e-03,-1.6912e-02,-2.9860e-02,-4.0475e-02,-4.8285e-02,-5.3155e-02,-5.5233e-02,-5.4846e-02,-5.2394e-02,-4.8270e-02,-4.2835e-02,-3.6419e-02,-2.9329e-02,-2.1877e-02,-1.4377e-02,-7.1575e-03,-5.4454e-04
-1.0918e-03,-1.5688e-02,-3.0124e-02,-4.4050e-02,-5.7114e-02,-6.8983e-02,-7.9347e-02,-8.7933e-02,-9.4516e-02,-9.8922e-02,-1.0104e-01,-1.0081e-01,-9.8234e-02,-9.3388e-02,-8.6386e-02,-7.7399e-02,-6.6643e-02,-5.4370e-02,-4.0867e-02,-2.6445e-02,-1.1437e-02,3.8113e-03,1.8951e-02,3.3634e-02,4.7527e-02,6.0314e-02,7.1705e-02,8.1447e-02,8.9322e-02,9.5159e-02,9.8830e-02,1.0025e-01,9.9405e-02,9.6299e-02,9.1006e-02,8.3641e-02,7.4364e-02,6.3379e-02,5.0929e-02,3.7290e-02,2.2770e-02,7.6961e-03,-7.5869e-03,-2.2726e-02,-3.7369e-02,-5.1174e-02,-6.3817e-02,-7.4998e-02,-8.4453e-02,-9.1958e-02,-9.7338e-02,-1.0047e-01,-1.0128e-01,-9.9760e-02,-9.5947e-02,-8.9934e-02,-8.1865e-02,-7.1927e-02,-6.0346e-02,-4.7384e-02,-3.3331e-02,-1.8505e-02,-3.2410e-03,1.2111e-02,2.7191e-02,4.1642e-02,5.5113e-02,6.7275e-02,7.7830e-02,8.6528e-02,9.3177e-02,9.7652e-02,9.9892e-02,9.9900e-02,9.7722e-02,9.3433e-02,8.7122e-02,7.8886e-02,6.8826e-02,5.7069e-02,4.3779e-02,2.9192e-02,1.3659e-02,-2.3173e-03,-1.8053e-02,-3.2715e-02,-4.5433e-02,-5.5471e-02,-6.2365e-02,-6.5989e-02,-6.6509e-02,-6.4284e-02,-5.9762e-02,-5.3409e-02,-4.5672e-02,-3.6974e-02,-2.7725e-02,-1.8321e-02,-9.1588e-03,-6.2039e-04
-1.1093e-03,-1.5904e-02,-3.0520e-02,-4.4607e-02,-5.7814e-02,-6.9807e-02,-8.0279e-02,-8.8957e-02,-9.5614e-02,-1.0008e-01,-1.0223e-01,-1.0201e-01,-9.9430e-02,-9.4548e-02,-8.7481e-02,-7.8402e-02,-6.7526e-02,-5.5109e-02,-4.1443e-02,-2.6844e-02,-1.1650e-02,3.7905e-03,1.9122e-02,3.3994e-02,4.8067e-02,6.1020e-02,7.2561e-02,8.2431e-02,9.0410e-02,9.6321e-02,1.0003e-01,1.0147e-01,1.0059e-01,9.7430e-02,9.2047e-02,8.4566e-02,7.5150e-02,6.4008e-02,5.1388e-02,3.7574e-02,2.2875e-02,7.6257e-03,-7.8270e-03,-2.3128e-02,-3.7924e-02,-5.1871e-02,-6.4644e-02,-7.5942e-02,-8.5499e-02,-9.3090e-02,-9.8536e-02,-1.0171e-01,-1.0254e-01,-1.0101e-01,-9.7156e-02,-9.1084e-02,-8.2936e-02,-7.2901e-02,-6.1212e-02,-4.8132e-02,-3.3954e-02,-1.8994e-02,-3.5846e-03,1.1927e-02,2.7185e-02,4.1833e-02,5.5519e-02,6.7908e-02,7.8690e-02,8.7597e-02,9.4415e-02,9.8997e-02,1.0127e-01,1.0121e-01,9.8894e-02,9.4404e-02,8.7864e-02,7.9408e-02,6.9180e-02,5.7331e-02,4.4038e-02,2.9513e-02,1.4034e-02,-2.0251e-03,-1.8149e-02,-3.3657e-02,-4.7730e-02,-5.9518e-02,-6.8307e-02,-7.3659e-02,-7.5477e-02,-7.3964e-02,-6.9529e-02,-6.2689e-02,-5.3992e-02,-4.3977e-02,-3.3161e-02,-2.2040e-02,-1.1091e-02,-7.5843e-04
-1.1120e-03,-1.5775e-02,-3.0245e-02,-4.4176e-02,-5.7225e-02,-6.9068e-02,-7.9402e-02,-8.7964e-02,-9.4533e-02,-9.8939e-02,-1.0107e-01,-1.0086e-01,-9.8323e-02,-9.3510e-02,-8.6539e-02,-7.7576e-02,-6.6832e-02,-5.4561e-02,-4.1049e-02,-2.6609e-02,-1.1576e-02,3.7049e-03,1.8881e-02,3.3607e-02,4.7544e-02,6.0375e-02,7.1808e-02,8.1586e-02,8.9488e-02,9.5338e-02,9.9007e-02,1.0041e-01,9.9528e-02,9.6372e-02,9.1015e-02,8.3581e-02,7.4233e-02,6.3182e-02,5.0677e-02,3.7000e-02,2.2459e-02,7.3829e-03,-7.8850e-03,-2.2997e-02,-3.7606e-02,-5.1377e-02,-6.3989e-02,-7.5150e-02,-8.4596e-02,-9.2105e-02,-9.7499e-02,-1.0065e-01,-1.0148e-01,-9.9983e-02,-9.6189e-02,-9.0196e-02,-8.2152e-02,-7.2245e-02,-6.0705e-02,-4.7798e-02,-3.3811e-02,-1.9051e-02,-3.8453e-03,1.1471e-02,2.6554e-02,4.1058e-02,5.4640e-02,6.6969e-02,7.7733e-02,8.6656e-02,9.3510e-02,9.8130e-02,1.0042e-01,1.0036e-01,9.8004e-02,9.3451e-02,8.6845e-02,7.8349e-02,6.8137e-02,5.6392e-02,4.3305e-02,2.9093e-02,1.4003e-02,-1.6676e-03,-1.7536e-02,-3.3097e-02,-4.7690e-02,-6.0522e-02,-7.0777e-02,-7.7777e-02,-8.1122e-02,-8.0760e-02,-7.6947e-02,-7.0157e-02,-6.0983e-02,-5.0057e-02,-3.8011e-02,-2.5445e-02,-1.2926e-02,-9.7847e-04
-1.0991e-03,-1.5308e-02,-2.9312e-02,-4.2778e-02,-5.5378e-02,-6.6799e-02,-7.6756e-02,-8.4999e-02,-9.1320e-02,-9.5557e-02,-9.7601e-02,-9.7399e-02,-9.4952e-02,-9.0313e-02,-8.3594e-02,-7.4951e-02,-6.4586e-02,-5.2742e-02,-3.9694e-02,-2.5744e-02,-1.1214e-02,3.5615e-03,1.8242e-02,3.2490e-02,4.5981e-02,5.8404e-02,6.9475e-02,7.8943e-02,8.6593e-02,9.2252e-02,9.5793e-02,9.7137e-02,9.6257e-02,9.3174e-02,8.7960e-02,8.0734e-02,7.1663e-02,6.0951e-02,4.8842e-02,3.5611e-02,2.1556e-02,6.9950e-03,-7.7423e-03,-2.2323e-02,-3.6417e-02,-4.9702e-02,-6.1873e-02,-7.2649e-02,-8.1777e-02,-8.9041e-02,-9.4268e-02,-9.7331e-02,-9.8156e-02,-9.6725e-02,-9.3074e-02,-8.7295e-02,-7.9530e-02,-6.9965e-02,-5.8827e-02,-4.6372e-02,-3.2878e-02,-1.8644e-02,-3.9797e-03,1.0796e-02,2.5360e-02,3.9383e-02,5.2543e-02,6.4521e-02,7.5016e-02,8.3753e-02,9.0501e-02,9.5080e-02,9.7381e-02,9.7369e-02,9.5082e-02,9.0622e-02,8.4140e-02,7.5817e-02,6.5846e-02,5.4431e-02,4.1782e-02,2.8120e-02,1.3685e-02,-1.2574e-03,-1.6408e-02,-3.1398e-02,-4.5750e-02,-5.8837e-02,-6.9907e-02,-7.8184e-02,-8.3033e-02,-8.4106e-02,-8.1405e-02,-7.5245e-02,-6.6177e-02,-5.4871e-02,-4.2045e-02,-2.8402e-02,-1.4612e-02,-1.2834e-03
-1.0701e-03,-1.4517e-02,-2.7750e-02,-4.0456e-02,-5.2326e-02,-6.3069e-02,-7.2422e-02,-8.0153e-02,-8.6073e-02,-9.0033e-02,-9.1936e-02,-9.1732e-02,-8.9421e-02,-8.5057e-02,-7.8737e-02,-7.0607e-02,-6.0856e-02,-4.9708e-02,-3.7420e-02,-2.4276e-02,-1.0577e-02,3.3606e-03,1.7218e-02,3.0673e-02,4.3419e-02,5.5159e-02,6.5625e-02,7.4576e-02,8.1805e-02,8.7147e-02,9.0481e-02,9.1732e-02,9.0875e-02,8.7932e-02,8.2975e-02,7.6120e-02,6.7526e-02,5.7392e-02,4.5950e-02,3.3461e-02,2.0208e-02,6.4881e-03,-7.3900e-03,-2.1117e-02,-3.4382e-02,-4.6889e-02,-5.8352e-02,-6.8509e-02,-7.7122e-02,-8.3985e-02,-8.8933e-02,-9.1845e-02,-9.2646e-02,-9.1315e-02,-8.7887e-02,-8.2444e-02,-7.5124e-02,-6.6104e-02,-5.5602e-02,-4.3861e-02,-3.1149e-02,-1.7746e-02,-3.9431e-03,9.9649e-03,2.3678e-02,3.6898e-02,4.9326e-02,6.0667e-02,7.0641e-02,7.8985e-02,8.5471e-02,8.9918e-02,9.2205e-02,9.2280e-02,9.0168e-02,8.5959e-02,7.9802e-02,7.1879e-02,6.2395e-02,5.1563e-02,3.9601e-02,2.6734e-02,1.3200e-02,-7.5109e-04,-1.4858e-02,-2.8837e-02,-4.2355e-02,-5.4975e-02,-6.6118e-02,-7.5077e-02,-8.1119e-02,-8.3662e-02,-8.2408e-02,-7.7419e-02,-6.9082e-02,-5.8016e-02,-4.4968e-02,-3.0726e-02,-1.6051e-02,-1.6529e-03
-1.0254e-03,-1.3421e-02,-2.5600e-02,-3.7271e-02,-4.8153e-02,-5.7982e-02,-6.6520e-02,-7.3563e-02,-7.8942e-02,-8.2528e-02,-8.4237e-02,-8.4026e-02,-8.1895e-02,-7.7894e-02,-7.2110e-02,-6.4673e-02,-5.5753e-02,-4.5551e-02,-3.4299e-02,-2.2254e-02,-9.6919e-03,3.0998e-03,1.5827e-02,2.8194e-02,3.9916e-02,5.0719e-02,6.0352e-02,6.8590e-02,7.5240e-02,8.0149e-02,8.3205e-02,8.4336e-02,8.3523e-02,8.0787e-02,7.6197e-02,6.9865e-02,6.1941e-02,5.2611e-02,4.2091e-02,3.0622e-02,1.8463e-02,5.8862e-03,-6.8287e-03,-1.9401e-02,-3.1551e-02,-4.3011e-02,-5.3520e-02,-6.2839e-02,-7.0752e-02,-7.7068e-02,-8.1632e-02,-8.4328e-02,-8.5086e-02,-8.3883e-02,-8.0744e-02,-7.5750e-02,-6.9023e-02,-6.0732e-02,-5.1080e-02,-4.0296e-02,-2.8628e-02,-1.6338e-02,-3.6911e-03,9.0440e-03,2.1600e-02,3.3711e-02,4.5111e-02,5.5540e-02,6.4745e-02,7.2486e-02,7.8550e-02,8.2759e-02,8.4987e-02,8.5172e-02,8.3319e-02,7.9504e-02,7.3860e-02,6.6562e-02,5.7811e-02,4.7818e-02,3.6802e-02,2.4982e-02,1.2587e-02,-1.4326e-04,-1.2964e-02,-2.5634e-02,-3.7907e-02,-4.9500e-02,-6.0032e-02,-6.8976e-02,-7.5668e-02,-7.9424e-02,-7.9703e-02,-7.6268e-02,-6.9238e-02,-5.9067e-02,-4.6444e-02,-3.2178e-02,-1.7107e-02,-2.0264e-03
-9.6502e-04,-1.2046e-02,-2.2913e-02,-3.3304e-02,-4.2966e-02,-5.1668e-02,-5.9206e-02,-6.5405e-02,-7.0121e-02,-7.3250e-02,-7.4719e-02,-7.4497e-02,-7.2587e-02,-6.9030e-02,-6.3904e-02,-5.7321e-02,-4.9426e-02,-4.0392e-02,-3.0424e-02,-1.9743e-02,-8.5932e-03,2.7733e-03,1.4093e-02,2.5104e-02,3.5549e-02,4.5181e-02,5.3774e-02,6.1122e-02,6.7054e-02,7.1426e-02,7.4139e-02,7.5129e-02,7.4381e-02,7.1915e-02,6.7797e-02,6.2131e-02,5.5054e-02,4.6735e-02,3.7369e-02,2.7171e-02,1.6371e-02,5.2095e-03,-6.0695e-03,-1.7220e-02,-2.7997e-02,-3.8166e-02,-4.7499e-02,-5.5785e-02,-6.2829e-02,-6.8462e-02,-7.2542e-02,-7.4962e-02,-7.5654e-02,-7.4595e-02,-7.1804e-02,-6.7351e-02,-6.1348e-02,-5.3948e-02,-4.5335e-02,-3.5722e-02,-2.5335e-02,-1.4410e-02,-3.1854e-03,8.1018e-03,1.9220e-02,2.9941e-02,4.0041e-02,4.9298e-02,5.7495e-02,6.4426e-02,6.9900e-02,7.3751e-02,7.5858e-02,7.6147e-02,7.4610e-02,7.1301e-02,6.6331e-02,5.9857e-02,5.2066e-02,4.3157e-02,3.3334e-02,2.2803e-02,1.1780e-02,4.8525e-04,-1.0851e-02,-2.2005e-02,-3.2773e-02,-4.2961e-02,-5.2352e-02,-6.0627e-02,-6.7309e-02,-7.1776e-02,-7.3381e-02,-7.1626e-02,-6.6321e-02,-5.7648e-02,-4.6119e-02,-3.2482e-02,-1.7590e-02,-2.3059e-03
-8.8795e-04,-1.0423e-02,-1.9752e-02,-2.8646e-02,-3.6889e-02,-4.4285e-02,-5.0667e-02,-5.5890e-02,-5.9844e-02,-6.2444e-02,-6.3640e-02,-6.3407e-02,-6.1753e-02,-5.8712e-02,-5.4349e-02,-4.8757e-02,-4.2052e-02,-3.4381e-02,-2.5908e-02,-1.6821e-02,-7.3216e-03,2.3740e-03,1.2045e-02,2.1464e-02,3.0408e-02,3.8665e-02,4.6036e-02,5.2341e-02,5.7428e-02,6.1174e-02,6.3491e-02,6.4325e-02,6.3663e-02,6.1526e-02,5.7976e-02,5.3103e-02,4.7032e-02,3.9907e-02,3.1900e-02,2.3193e-02,1.3984e-02,4.4727e-03,-5.1339e-03,-1.4630e-02,-2.3810e-02,-3.2478e-02,-4.0442e-02,-4.7520e-02,-5.3548e-02,-5.8377e-02,-6.1881e-02,-6.3965e-02,-6.4565e-02,-6.3658e-02,-6.1258e-02,-5.7423e-02,-5.2250e-02,-4.5876e-02,-3.8466e-02,-3.0209e-02,-2.1305e-02,-1.1965e-02,-2.3960e-03,7.2019e-03,1.6634e-02,2.5716e-02,3.4268e-02,4.2113e-02,4.9080e-02,5.4999e-02,5.9712e-02,6.3076e-02,6.4976e-02,6.5337e-02,6.4137e-02,6.1406e-02,5.7232e-02,5.1743e-02,4.5102e-02,3.7486e-02,2.9076e-02,2.0057e-02,1.0618e-02,9.5502e-04,-8.7215e-03,-1.8204e-02,-2.7303e-02,-3.5866e-02,-4.3770e-02,-5.0870e-02,-5.6908e-02,-6.1452e-02,-6.3910e-02,-6.3659e-02,-6.0238e-02,-5.3502e-02,-4.3682e-02,-3.1342e-02,-1.7269e-02,-2.3376e-03
-7.9706e-04,-8.5848e-03,-1.6185e-02,-2.3404e-02,-3.0063e-02,-3.6008e-02,-4.1107e-02,-4.5254e-02,-4.8368e-02,-5.0390e-02,-5.1287e-02,-5.1048e-02,-4.9681e-02,-4.7216e-02,-4.3702e-02,-3.9212e-02,-3.3835e-02,-2.7681e-02,-2.0879e-02,-1.3573e-02,-5.9229e-03,1.9005e-03,9.7178e-03,1.7346e-02,2.4603e-02,3.1312e-02,3.7306e-02,4.2437e-02,4.6576e-02,4.9620e-02,5.1497e-02,5.2163e-02,5.1609e-02,4.9856e-02,4.6956e-02,4.2989e-02,3.8057e-02,3.2284e-02,2.5808e-02,1.8778e-02,1.1351e-02,3.6867e-03,-4.0504e-03,-1.1699e-02,-1.9097e-02,-2.6088e-02,-3.2520e-02,-3.8246e-02,-4.3131e-02,-4.7048e-02,-4.9895e-02,-5.1587e-02,-5.2066e-02,-5.1310e-02,-4.9327e-02,-4.6166e-02,-4.1908e-02,-3.6669e-02,-3.0593e-02,-2.3843e-02,-1.6593e-02,-9.0223e-03,-1.3025e-03,6.4004e-03,1.3935e-02,2.1162e-02,2.7948e-02,3.4169e-02,3.9700e-02,4.4418e-02,4.8202e-02,5.0939e-02,5.2529e-02,5.2901e-02,5.2020e-02,4.9898e-02,4.6591e-02,4.2199e-02,3.6850e-02,3.0690e-02,2.3872e-02,1.6548e-02,8.8751e-03,1.0175e-03,-6.8459e-03,-1.4528e-02,-2.1850e-02,-2.8670e-02,-3.4905e-02,-4.0508e-02,-4.5409e-02,-4.9406e-02,-5.2094e-02,-5.2898e-02,-5.1209e-02,-4.6587e-02,-3.8923e-02,-2.8491e-02,-1.5889e-02,-1.9253e-03
-6.9258e-04,-6.5713e-03,-1.2289e-02,-1.7691e-02,-2.2642e-02,-2.7027e-02,-3.0753e-02,-3.3752e-02,-3.5973e-02,-3.7385e-02,-3.7972e-02,-3.7733e-02,-3.6679e-02,-3.4835e-02,-3.2236e-02,-2.8932e-02,-2.4982e-02,-2.0465e-02,-1.5465e-02,-1.0085e-02,-4.4379e-03,1.3539e-03,7.1579e-03,1.2838e-02,1.8257e-02,2.3277e-02,2.7770e-02,3.1622e-02,3.4730e-02,3.7014e-02,3.8418e-02,3.8910e-02,3.8484e-02,3.7160e-02,3.4981e-02,3.2009e-02,2.8328e-02,2.4031e-02,1.9223e-02,1.4015e-02,8.5217e-03,2.8592e-03,-2.8548e-03,-8.5050e-03,-1.3977e-02,-1.9154e-02,-2.3926e-02,-2.8182e-02,-3.1819e-02,-3.4739e-02,-3.6857e-02,-3.8104e-02,-3.8431e-02,-3.7817e-02,-3.6265e-02,-3.3813e-02,-3.0526e-02,-2.6502e-02,-2.1859e-02,-1.6733e-02,-1.1269e-02,-5.6111e-03,1.0098e-04,5.7428e-03,1.1207e-02,1.6398e-02,2.1237e-02,2.5649e-02,2.9564e-02,3.2907e-02,3.5602e-02,3.7568e-02,3.8730e-02,3.9024e-02,3.8410e-02,3.6880e-02,3.4463e-02,3.1221e-02,2.7249e-02,2.2655e-02,1.7554e-02,1.2062e-02,6.2981e-03,3.8660e-04,-5.5326e-03,-1.1305e-02,-1.6767e-02,-2.1783e-02,-2.6271e-02,-3.0223e-02,-3.3677e-02,-3.6633e-02,-3.8926e-02,-4.0167e-02,-3.9770e-02,-3.7126e-02,-3.1807e-02,-2.3728e-02,-1.3192e-02,-8.1867e-04
-5.7629e-04,-4.4209e-03,-8.1432e-03,-1.1629e-02,-1.4785e-02,-1.7537e-02,-1.9835e-02,-2.1644e-02,-2.2946e-02,-2.3733e-02,-2.4007e-02,-2.3779e-02,-2.3060e-02,-2.1869e-02,-2.0228e-02,-1.8165e-02,-1.5711e-02,-1.2906e-02,-9.7985e-03,-6.4428e-03,-2.9044e-03,7.4293e-04,4.4194e-03,8.0366e-03,1.1505e-02,1.4734e-02,1.7634e-02,2.0128e-02,2.2142e-02,2.3623e-02,2.4531e-02,2.4845e-02,2.4565e-02,2.3707e-02,2.2301e-02,2.0396e-02,1.8048e-02,1.5319e-02,1.2279e-02,8.9986e-03,5.5473e-03,1.9946e-03,-1.5884e-03,-5.1352e-03,-8.5756e-03,-1.1842e-02,-1.4861e-02,-1.7561e-02,-1.9873e-02,-2.1725e-02,-2.3056e-02,-2.3812e-02,-2.3954e-02,-2.3464e-02,-2.2341e-02,-2.0613e-02,-1.8332e-02,-1.5572e-02,-1.2428e-02,-9.0064e-03,-5.4217e-03,-1.7841e-03,1.8046e-03,5.2606e-03,8.5199e-03,1.1536e-02,1.4281e-02,1.6733e-02,1.8878e-02,2.0694e-02,2.2150e-02,2.3205e-02,2.3811e-02,2.3919e-02,2.3487e-02,2.2490e-02,2.0932e-02,1.8842e-02,1.6271e-02,1.3290e-02,9.9740e-03,6.3986e-03,2.6385e-03,-1.2253e-03,-5.0981e-03,-8.8654e-03,-1.2397e-02,-1.5565e-02,-1.8281e-02,-2.0536e-02,-2.2405e-02,-2.4007e-02,-2.5397e-02,-2.6432e-02,-2.6706e-02,-2.5608e-02,-2.2506e-02,-1.6977e-02,-8.9465e-03,1.2626e-03
-4.5478e-04,-2.1774e-03,-3.8294e-03,-5.3374e-03,-6.6511e-03,-7.7382e-03,-8.5854e-03,-9.1931e-03,-9.5714e-03,-9.7362e-03,-9.7074e-03,-9.5009e-03,-9.1326e-03,-8.6138e-03,-7.9536e-03,-7.1571e-03,-6.2298e-03,-5.1769e-03,-4.0040e-03,-2.7247e-03,-1.3540e-03,8.5838e-05,1.5648e-03,3.0483e-03,4.4972e-03,5.8661e-03,7.1136e-03,8.1962e-03,9.0770e-03,9.7257e-03,1.0123e-02,1.0261e-02,1.0140e-02,9.7720e-03,9.1783e-03,8.3842e-03,7.4204e-03,6.3191e-03,5.1089e-03,3.8197e-03,2.4741e-03,1.0969e-03,-2.9332e-04,-1.6746e-03,-3.0257e-03,-4.3213e-03,-5.5313e-03,-6.6227e-03,-7.5560e-03,-8.2932e-03,-8.7923e-03,-9.0184e-03,-8.9437e-03,-8.5523e-03,-7.8448e-03,-6.8387e-03,-5.5701e-03,-4.0945e-03,-2.4816e-03,-8.0984e-04,8.3967e-04,2.3908e-03,3.7808e-03,4.9671e-03,5.9289e-03,6.6696e-03,7.2121e-03,7.5905e-03,7.8428e-03,8.0018e-03,8.0868e-03,8.0978e-03,8.0181e-03,7.8160e-03,7.4534e-03,6.8963e-03,6.1224e-03,5.1274e-03,3.9271e-03,2.5478e-03,1.0247e-03,-6.0863e-04,-2.3218e-03,-4.0794e-03,-5.8357e-03,-7.5256e-03,-9.0588e-03,-1.0333e-02,-1.1262e-02,-1.1818e-02,-1.2066e-02,-1.2173e-02,-1.2326e-02,-1.2617e-02,-1.2893e-02,-1.2708e-02,-1.1399e-02,-8.3037e-03,-2.9848e-03,4.6247e-03
