-3.3659e-02,-4.5910e-02,-4.4834e-02,-3.7986e-02,-3.0178e-02,-2.3296e-02,-1.7565e-02,-1.2608e-02,-8.0101e-03,-3.5185e-03,9.6567e-04,5.4531e-03,9.9156e-03,1.4313e-02,1.8607e-02,2.2765e-02,2.6766e-02,3.0593e-02,3.4236e-02,3.7691e-02,4.0956e-02,4.4033e-02,4.6927e-02,4.9643e-02,5.2187e-02,5.4566e-02,5.6785e-02,5.8845e-02,6.0750e-02,6.2503e-02,6.4103e-02,6.5553e-02,6.6856e-02,6.8014e-02,6.9033e-02,6.9917e-02,7.0673e-02,7.1309e-02,7.1833e-02,7.2255e-02,7.2583e-02,7.2828e-02,7.3001e-02,7.3110e-02,7.3166e-02,7.3178e-02,7.3154e-02,7.3103e-02,7.3031e-02,7.2945e-02,7.2851e-02,7.2752e-02,7.2652e-02,7.2555e-02,7.2462e-02,7.2375e-02,7.2294e-02,7.2220e-02,7.2151e-02,7.2087e-02,7.2026e-02,7.1967e-02,7.1908e-02,7.1846e-02,7.1779e-02,7.1705e-02,7.1621e-02,7.1525e-02,7.1413e-02,7.1285e-02,7.1136e-02,7.0966e-02,7.0773e-02,7.0554e-02,7.0307e-02,7.0033e-02,6.9729e-02,6.9396e-02,6.9032e-02,6.8639e-02,6.8215e-02,6.7762e-02,6.7282e-02,6.6777e-02,6.6246e-02,6.5694e-02,6.5124e-02,6.4539e-02,6.3942e-02,6.3339e-02,6.2734e-02,6.2132e-02,6.1538e-02,6.0960e-02,6.0403e-02,5.9874e-02,5.9380e-02,5.8928e-02,5.8526e-02,5.8181e-02
-3.2703e-02,-6.2828e-02,-7.3237e-02,-7.0518e-02,-6.2634e-02,-5.4284e-02,-4.7106e-02,-4.1115e-02,-3.5813e-02,-3.0781e-02,-2.5835e-02,-2.0962e-02,-1.6202e-02,-1.1594e-02,-7.1573e-03,-2.8973e-03,1.1838e-03,5.0844e-03,8.8010e-03,1.2329e-02,1.5665e-02,1.8807e-02,2.1756e-02,2.4516e-02,2.7095e-02,2.9499e-02,3.1736e-02,3.3812e-02,3.5735e-02,3.7508e-02,3.9135e-02,4.0620e-02,4.1966e-02,4.3178e-02,4.4258e-02,4.5213e-02,4.6049e-02,4.6771e-02,4.7388e-02,4.7907e-02,4.8339e-02,4.8691e-02,4.8973e-02,4.9195e-02,4.9366e-02,4.9496e-02,4.9592e-02,4.9663e-02,4.9717e-02,4.9759e-02,4.9795e-02,4.9830e-02,4.9869e-02,4.9913e-02,4.9967e-02,5.0030e-02,5.0105e-02,5.0191e-02,5.0287e-02,5.0393e-02,5.0507e-02,5.0628e-02,5.0753e-02,5.0880e-02,5.1006e-02,5.1129e-02,5.1246e-02,5.1353e-02,5.1449e-02,5.1529e-02,5.1593e-02,5.1637e-02,5.1658e-02,5.1656e-02,5.1627e-02,5.1571e-02,5.1486e-02,5.1371e-02,5.1226e-02,5.1051e-02,5.0845e-02,5.0609e-02,5.0345e-02,5.0055e-02,4.9739e-02,4.9400e-02,4.9043e-02,4.8669e-02,4.8283e-02,4.7889e-02,4.7491e-02,4.7097e-02,4.6711e-02,4.6339e-02,4.5989e-02,4.5665e-02,4.5377e-02,4.5131e-02,4.4935e-02,4.4796e-02
-1.8868e-02,-6.6638e-02,-9.5915e-02,-1.0458e-01,-1.0018e-01,-9.1080e-02,-8.1948e-02,-7.4219e-02,-6.7700e-02,-6.1769e-02,-5.5998e-02,-5.0284e-02,-4.4706e-02,-3.9365e-02,-3.4313e-02,-2.9549e-02,-2.5050e-02,-2.0789e-02,-1.6746e-02,-1.2912e-02,-9.2822e-03,-5.8582e-03,-2.6390e-03,3.7787e-04,3.1974e-03,5.8265e-03,8.2740e-03,1.0548e-02,1.2655e-02,1.4604e-02,1.6399e-02,1.8047e-02,1.9552e-02,2.0918e-02,2.2151e-02,2.3256e-02,2.4239e-02,2.5105e-02,2.5863e-02,2.6521e-02,2.7085e-02,2.7566e-02,2.7973e-02,2.8315e-02,2.8600e-02,2.8839e-02,2.9040e-02,2.9211e-02,2.9361e-02,2.9495e-02,2.9621e-02,2.9743e-02,2.9868e-02,2.9997e-02,3.0135e-02,3.0284e-02,3.0445e-02,3.0619e-02,3.0807e-02,3.1007e-02,3.1219e-02,3.1442e-02,3.1673e-02,3.1910e-02,3.2151e-02,3.2394e-02,3.2635e-02,3.2872e-02,3.3102e-02,3.3321e-02,3.3528e-02,3.3719e-02,3.3892e-02,3.4045e-02,3.4176e-02,3.4283e-02,3.4364e-02,3.4418e-02,3.4445e-02,3.4444e-02,3.4415e-02,3.4358e-02,3.4276e-02,3.4167e-02,3.4036e-02,3.3884e-02,3.3714e-02,3.3530e-02,3.3334e-02,3.3133e-02,3.2930e-02,3.2730e-02,3.2541e-02,3.2367e-02,3.2215e-02,3.2093e-02,3.2008e-02,3.1966e-02,3.1975e-02,3.2044e-02
-6.6222e-04,-5.6365e-02,-1.0423e-01,-1.3242e-01,-1.3912e-01,-1.3274e-01,-1.2210e-01,-1.1185e-01,-1.0326e-01,-9.5938e-02,-8.9121e-02,-8.2375e-02,-7.5670e-02,-6.9172e-02,-6.3036e-02,-5.7327e-02,-5.2028e-02,-4.7087e-02,-4.2451e-02,-3.8080e-02,-3.3950e-02,-3.0050e-02,-2.6374e-02,-2.2917e-02,-1.9676e-02,-1.6643e-02,-1.3811e-02,-1.1172e-02,-8.7163e-03,-6.4371e-03,-4.3268e-03,-2.3788e-03,-5.8726e-04,1.0534e-03,2.5488e-03,3.9049e-03,5.1274e-03,6.2228e-03,7.1988e-03,8.0624e-03,8.8218e-03,9.4860e-03,1.0063e-02,1.0564e-02,1.0996e-02,1.1369e-02,1.1692e-02,1.1974e-02,1.2222e-02,1.2445e-02,1.2649e-02,1.2840e-02,1.3025e-02,1.3208e-02,1.3393e-02,1.3584e-02,1.3782e-02,1.3991e-02,1.4211e-02,1.4442e-02,1.4685e-02,1.4939e-02,1.5203e-02,1.5476e-02,1.5756e-02,1.6042e-02,1.6329e-02,1.6618e-02,1.6904e-02,1.7185e-02,1.7459e-02,1.7723e-02,1.7976e-02,1.8214e-02,1.8435e-02,1.8638e-02,1.8822e-02,1.8984e-02,1.9125e-02,1.9243e-02,1.9339e-02,1.9412e-02,1.9464e-02,1.9496e-02,1.9509e-02,1.9506e-02,1.9490e-02,1.9464e-02,1.9431e-02,1.9396e-02,1.9364e-02,1.9339e-02,1.9328e-02,1.9337e-02,1.9372e-02,1.9439e-02,1.9547e-02,1.9702e-02,1.9912e-02,2.0183e-02
1.2096e-02,-4.1197e-02,-9.6433e-02,-1.4380e-01,-1.7054e-01,-1.7500e-01,-1.6636e-01,-1.5387e-01,-1.4224e-01,-1.3255e-01,-1.2421e-01,-1.1634e-01,-1.0849e-01,-1.0068e-01,-9.3151e-02,-8.6097e-02,-7.9595e-02,-7.3615e-02,-6.8084e-02,-6.2928e-02,-5.8089e-02,-5.3531e-02,-4.9233e-02,-4.5184e-02,-4.1373e-02,-3.7794e-02,-3.4439e-02,-3.1298e-02,-2.8364e-02,-2.5627e-02,-2.3080e-02,-2.0716e-02,-1.8527e-02,-1.6507e-02,-1.4650e-02,-1.2949e-02,-1.1398e-02,-9.9908e-03,-8.7190e-03,-7.5761e-03,-6.5529e-03,-5.6419e-03,-4.8339e-03,-4.1201e-03,-3.4915e-03,-2.9392e-03,-2.4539e-03,-2.0272e-03,-1.6505e-03,-1.3162e-03,-1.0163e-03,-7.4461e-04,-4.9406e-04,-2.5920e-04,-3.5174e-05,1.8273e-04,3.9807e-04,6.1369e-04,8.3244e-04,1.0563e-03,1.2861e-03,1.5227e-03,1.7665e-03,2.0174e-03,2.2747e-03,2.5374e-03,2.8047e-03,3.0746e-03,3.3461e-03,3.6169e-03,3.8850e-03,4.1492e-03,4.4073e-03,4.6574e-03,4.8982e-03,5.1276e-03,5.3450e-03,5.5490e-03,5.7384e-03,5.9136e-03,6.0739e-03,6.2199e-03,6.3525e-03,6.4728e-03,6.5820e-03,6.6825e-03,6.7772e-03,6.8690e-03,6.9617e-03,7.0593e-03,7.1663e-03,7.2878e-03,7.4297e-03,7.5978e-03,7.7976e-03,8.0368e-03,8.3215e-03,8.6587e-03,9.0563e-03,9.5202e-03
1.5912e-02,-3.1337e-02,-8.2780e-02,-1.3672e-01,-1.8297e-01,-2.0797e-01,-2.1006e-01,-1.9905e-01,-1.8458e-01,-1.7142e-01,-1.6050e-01,-1.5104e-01,-1.4205e-01,-1.3305e-01,-1.2410e-01,-1.1550e-01,-1.0746e-01,-1.0009e-01,-9.3329e-02,-8.7106e-02,-8.1327e-02,-7.5922e-02,-7.0845e-02,-6.6065e-02,-6.1563e-02,-5.7326e-02,-5.3342e-02,-4.9601e-02,-4.6093e-02,-4.2809e-02,-3.9739e-02,-3.6876e-02,-3.4211e-02,-3.1738e-02,-2.9448e-02,-2.7335e-02,-2.5391e-02,-2.3609e-02,-2.1982e-02,-2.0501e-02,-1.9159e-02,-1.7947e-02,-1.6857e-02,-1.5879e-02,-1.5005e-02,-1.4226e-02,-1.3533e-02,-1.2918e-02,-1.2372e-02,-1.1888e-02,-1.1458e-02,-1.1074e-02,-1.0731e-02,-1.0421e-02,-1.0139e-02,-9.8813e-03,-9.6411e-03,-9.4157e-03,-9.2007e-03,-8.9937e-03,-8.7917e-03,-8.5926e-03,-8.3953e-03,-8.1978e-03,-7.9998e-03,-7.8003e-03,-7.5993e-03,-7.3972e-03,-7.1940e-03,-6.9901e-03,-6.7867e-03,-6.5840e-03,-6.3829e-03,-6.1848e-03,-5.9900e-03,-5.7996e-03,-5.6138e-03,-5.4332e-03,-5.2587e-03,-5.0897e-03,-4.9260e-03,-4.7673e-03,-4.6123e-03,-4.4600e-03,-4.3087e-03,-4.1559e-03,-3.9987e-03,-3.8349e-03,-3.6604e-03,-3.4713e-03,-3.2632e-03,-3.0311e-03,-2.7696e-03,-2.4733e-03,-2.1367e-03,-1.7519e-03,-1.3146e-03,-8.1639e-04,-2.5208e-04,3.8576e-04
1.2898e-02,-2.9347e-02,-7.3984e-02,-1.2288e-01,-1.7484e-01,-2.1956e-01,-2.4275e-01,-2.4257e-01,-2.2923e-01,-2.1281e-01,-1.9812e-01,-1.8593e-01,-1.7531e-01,-1.6518e-01,-1.5503e-01,-1.4496e-01,-1.3528e-01,-1.2624e-01,-1.1794e-01,-1.1035e-01,-1.0338e-01,-9.6917e-02,-9.0892e-02,-8.5246e-02,-7.9942e-02,-7.4952e-02,-7.0258e-02,-6.5844e-02,-6.1697e-02,-5.7806e-02,-5.4159e-02,-5.0746e-02,-4.7558e-02,-4.4586e-02,-4.1822e-02,-3.9257e-02,-3.6882e-02,-3.4690e-02,-3.2673e-02,-3.0821e-02,-2.9125e-02,-2.7578e-02,-2.6171e-02,-2.4894e-02,-2.3739e-02,-2.2697e-02,-2.1760e-02,-2.0919e-02,-2.0166e-02,-1.9494e-02,-1.8895e-02,-1.8362e-02,-1.7888e-02,-1.7468e-02,-1.7094e-02,-1.6763e-02,-1.6470e-02,-1.6208e-02,-1.5975e-02,-1.5766e-02,-1.5578e-02,-1.5408e-02,-1.5252e-02,-1.5110e-02,-1.4977e-02,-1.4853e-02,-1.4735e-02,-1.4622e-02,-1.4514e-02,-1.4408e-02,-1.4305e-02,-1.4203e-02,-1.4103e-02,-1.4003e-02,-1.3902e-02,-1.3801e-02,-1.3700e-02,-1.3597e-02,-1.3493e-02,-1.3385e-02,-1.3274e-02,-1.3158e-02,-1.3036e-02,-1.2905e-02,-1.2764e-02,-1.2611e-02,-1.2442e-02,-1.2255e-02,-1.2045e-02,-1.1809e-02,-1.1543e-02,-1.1241e-02,-1.0898e-02,-1.0511e-02,-1.0071e-02,-9.5749e-03,-9.0155e-03,-8.3865e-03,-7.6825e-03,-6.8970e-03
6.8152e-03,-3.2304e-02,-7.1871e-02,-1.1352e-01,-1.5950e-01,-2.0911e-01,-2.5212e-01,-2.7365e-01,-2.7143e-01,-2.5598e-01,-2.3772e-01,-2.2155e-01,-2.0812e-01,-1.9634e-01,-1.8507e-01,-1.7381e-01,-1.6264e-01,-1.5190e-01,-1.4186e-01,-1.3264e-01,-1.2420e-01,-1.1646e-01,-1.0930e-01,-1.0264e-01,-9.6421e-02,-9.0590e-02,-8.5114e-02,-7.9969e-02,-7.5135e-02,-7.0595e-02,-6.6335e-02,-6.2342e-02,-5.8603e-02,-5.5109e-02,-5.1848e-02,-4.8811e-02,-4.5988e-02,-4.3369e-02,-4.0944e-02,-3.8705e-02,-3.6641e-02,-3.4743e-02,-3.3002e-02,-3.1408e-02,-2.9952e-02,-2.8626e-02,-2.7421e-02,-2.6329e-02,-2.5341e-02,-2.4450e-02,-2.3650e-02,-2.2932e-02,-2.2292e-02,-2.1723e-02,-2.1220e-02,-2.0776e-02,-2.0389e-02,-2.0052e-02,-1.9761e-02,-1.9513e-02,-1.9304e-02,-1.9130e-02,-1.8988e-02,-1.8873e-02,-1.8785e-02,-1.8718e-02,-1.8670e-02,-1.8639e-02,-1.8622e-02,-1.8617e-02,-1.8621e-02,-1.8632e-02,-1.8648e-02,-1.8666e-02,-1.8685e-02,-1.8703e-02,-1.8719e-02,-1.8729e-02,-1.8732e-02,-1.8727e-02,-1.8711e-02,-1.8681e-02,-1.8636e-02,-1.8573e-02,-1.8489e-02,-1.8382e-02,-1.8247e-02,-1.8082e-02,-1.7882e-02,-1.7644e-02,-1.7362e-02,-1.7033e-02,-1.6651e-02,-1.6211e-02,-1.5708e-02,-1.5137e-02,-1.4492e-02,-1.3767e-02,-1.2957e-02,-1.2058e-02
6.3894e-04,-3.6539e-02,-7.3130e-02,-1.0989e-01,-1.4856e-01,-1.9162e-01,-2.3879e-01,-2.8011e-01,-3.0022e-01,-2.9627e-01,-2.7893e-01,-2.5900e-01,-2.4144e-01,-2.2680e-01,-2.1389e-01,-2.0152e-01,-1.8917e-01,-1.7694e-01,-1.6519e-01,-1.5419e-01,-1.4408e-01,-1.3482e-01,-1.2634e-01,-1.1851e-01,-1.1124e-01,-1.0447e-01,-9.8143e-02,-9.2210e-02,-8.6645e-02,-8.1421e-02,-7.6519e-02,-7.1921e-02,-6.7612e-02,-6.3578e-02,-5.9806e-02,-5.6285e-02,-5.3002e-02,-4.9946e-02,-4.7106e-02,-4.4472e-02,-4.2031e-02,-3.9775e-02,-3.7691e-02,-3.5771e-02,-3.4005e-02,-3.2383e-02,-3.0896e-02,-2.9536e-02,-2.8295e-02,-2.7165e-02,-2.6138e-02,-2.5210e-02,-2.4373e-02,-2.3622e-02,-2.2951e-02,-2.2356e-02,-2.1833e-02,-2.1377e-02,-2.0984e-02,-2.0650e-02,-2.0373e-02,-2.0147e-02,-1.9971e-02,-1.9840e-02,-1.9751e-02,-1.9700e-02,-1.9685e-02,-1.9701e-02,-1.9745e-02,-1.9813e-02,-1.9903e-02,-2.0009e-02,-2.0129e-02,-2.0259e-02,-2.0395e-02,-2.0535e-02,-2.0674e-02,-2.0808e-02,-2.0936e-02,-2.1052e-02,-2.1153e-02,-2.1236e-02,-2.1298e-02,-2.1334e-02,-2.1341e-02,-2.1314e-02,-2.1250e-02,-2.1145e-02,-2.0994e-02,-2.0792e-02,-2.0535e-02,-2.0218e-02,-1.9837e-02,-1.9385e-02,-1.8858e-02,-1.8251e-02,-1.7559e-02,-1.6776e-02,-1.5899e-02,-1.4923e-02
-4.0589e-03,-3.9719e-02,-7.4478e-02,-1.0856e-01,-1.4273e-01,-1.7873e-01,-2.1912e-01,-2.6396e-01,-3.0371e-01,-3.2265e-01,-3.1725e-01,-2.9823e-01,-2.7675e-01,-2.5788e-01,-2.4210e-01,-2.2811e-01,-2.1469e-01,-2.0132e-01,-1.8810e-01,-1.7540e-01,-1.6352e-01,-1.5259e-01,-1.4258e-01,-1.3341e-01,-1.2497e-01,-1.1716e-01,-1.0989e-01,-1.0310e-01,-9.6757e-02,-9.0810e-02,-8.5233e-02,-8.0004e-02,-7.5102e-02,-7.0508e-02,-6.6208e-02,-6.2187e-02,-5.8430e-02,-5.4926e-02,-5.1659e-02,-4.8619e-02,-4.5793e-02,-4.3169e-02,-4.0735e-02,-3.8480e-02,-3.6394e-02,-3.4466e-02,-3.2687e-02,-3.1046e-02,-2.9537e-02,-2.8150e-02,-2.6879e-02,-2.5717e-02,-2.4658e-02,-2.3695e-02,-2.2826e-02,-2.2044e-02,-2.1345e-02,-2.0727e-02,-2.0186e-02,-1.9718e-02,-1.9321e-02,-1.8991e-02,-1.8725e-02,-1.8521e-02,-1.8375e-02,-1.8284e-02,-1.8244e-02,-1.8253e-02,-1.8306e-02,-1.8398e-02,-1.8526e-02,-1.8685e-02,-1.8871e-02,-1.9078e-02,-1.9302e-02,-1.9538e-02,-1.9782e-02,-2.0027e-02,-2.0268e-02,-2.0501e-02,-2.0721e-02,-2.0922e-02,-2.1099e-02,-2.1247e-02,-2.1361e-02,-2.1436e-02,-2.1467e-02,-2.1447e-02,-2.1372e-02,-2.1238e-02,-2.1038e-02,-2.0767e-02,-2.0419e-02,-1.9992e-02,-1.9477e-02,-1.8872e-02,-1.8171e-02,-1.7369e-02,-1.6463e-02,-1.5449e-02
-6.8164e-03,-4.0960e-02,-7.4240e-02,-1.0669e-01,-1.3855e-01,-1.7055e-01,-2.0435e-01,-2.4245e-01,-2.8516e-01,-3.2346e-01,-3.4144e-01,-3.3483e-01,-3.1430e-01,-2.9137e-01,-2.7127e-01,-2.5442e-01,-2.3944e-01,-2.2506e-01,-2.1076e-01,-1.9665e-01,-1.8312e-01,-1.7046e-01,-1.5880e-01,-1.4814e-01,-1.3838e-01,-1.2940e-01,-1.2110e-01,-1.1339e-01,-1.0620e-01,-9.9484e-02,-9.3194e-02,-8.7300e-02,-8.1774e-02,-7.6594e-02,-7.1741e-02,-6.7196e-02,-6.2945e-02,-5.8971e-02,-5.5259e-02,-5.1796e-02,-4.8568e-02,-4.5561e-02,-4.2762e-02,-4.0159e-02,-3.7739e-02,-3.5492e-02,-3.3406e-02,-3.1471e-02,-2.9678e-02,-2.8019e-02,-2.6485e-02,-2.5068e-02,-2.3764e-02,-2.2565e-02,-2.1468e-02,-2.0467e-02,-1.9558e-02,-1.8739e-02,-1.8007e-02,-1.7358e-02,-1.6790e-02,-1.6301e-02,-1.5889e-02,-1.5552e-02,-1.5287e-02,-1.5091e-02,-1.4962e-02,-1.4897e-02,-1.4892e-02,-1.4942e-02,-1.5045e-02,-1.5194e-02,-1.5386e-02,-1.5615e-02,-1.5875e-02,-1.6159e-02,-1.6464e-02,-1.6780e-02,-1.7103e-02,-1.7425e-02,-1.7740e-02,-1.8041e-02,-1.8321e-02,-1.8574e-02,-1.8793e-02,-1.8971e-02,-1.9102e-02,-1.9178e-02,-1.9195e-02,-1.9145e-02,-1.9023e-02,-1.8822e-02,-1.8536e-02,-1.8161e-02,-1.7690e-02,-1.7119e-02,-1.6443e-02,-1.5658e-02,-1.4760e-02,-1.3747e-02
-7.7915e-03,-4.0287e-02,-7.2060e-02,-1.0316e-01,-1.3363e-01,-1.6368e-01,-1.9400e-01,-2.2610e-01,-2.6231e-01,-3.0311e-01,-3.4008e-01,-3.5726e-01,-3.4960e-01,-3.2769e-01,-3.0340e-01,-2.8216e-01,-2.6434e-01,-2.4847e-01,-2.3326e-01,-2.1816e-01,-2.0331e-01,-1.8907e-01,-1.7576e-01,-1.6350e-01,-1.5229e-01,-1.4202e-01,-1.3258e-01,-1.2386e-01,-1.1577e-01,-1.0822e-01,-1.0117e-01,-9.4572e-02,-8.8386e-02,-8.2586e-02,-7.7148e-02,-7.2051e-02,-6.7276e-02,-6.2805e-02,-5.8622e-02,-5.4712e-02,-5.1058e-02,-4.7645e-02,-4.4460e-02,-4.1489e-02,-3.8717e-02,-3.6132e-02,-3.3723e-02,-3.1477e-02,-2.9384e-02,-2.7435e-02,-2.5620e-02,-2.3931e-02,-2.2361e-02,-2.0904e-02,-1.9554e-02,-1.8307e-02,-1.7158e-02,-1.6104e-02,-1.5143e-02,-1.4271e-02,-1.3488e-02,-1.2792e-02,-1.2181e-02,-1.1653e-02,-1.1208e-02,-1.0843e-02,-1.0558e-02,-1.0348e-02,-1.0213e-02,-1.0149e-02,-1.0152e-02,-1.0218e-02,-1.0343e-02,-1.0521e-02,-1.0747e-02,-1.1014e-02,-1.1315e-02,-1.1644e-02,-1.1993e-02,-1.2354e-02,-1.2720e-02,-1.3081e-02,-1.3431e-02,-1.3761e-02,-1.4062e-02,-1.4326e-02,-1.4546e-02,-1.4713e-02,-1.4819e-02,-1.4857e-02,-1.4820e-02,-1.4701e-02,-1.4492e-02,-1.4188e-02,-1.3783e-02,-1.3272e-02,-1.2650e-02,-1.1911e-02,-1.1054e-02,-1.0076e-02
-7.3823e-03,-3.8125e-02,-6.8269e-02,-9.7937e-02,-1.2719e-01,-1.5607e-01,-1.8476e-01,-2.1386e-01,-2.4469e-01,-2.7938e-01,-3.1848e-01,-3.5420e-01,-3.7069e-01,-3.6216e-01,-3.3898e-01,-3.1344e-01,-2.9115e-01,-2.7247e-01,-2.5587e-01,-2.3997e-01,-2.2425e-01,-2.0880e-01,-1.9400e-01,-1.8016e-01,-1.6741e-01,-1.5575e-01,-1.4506e-01,-1.3524e-01,-1.2616e-01,-1.1772e-01,-1.0986e-01,-1.0250e-01,-9.5619e-02,-8.9162e-02,-8.3105e-02,-7.7423e-02,-7.2093e-02,-6.7095e-02,-6.2412e-02,-5.8025e-02,-5.3918e-02,-5.0074e-02,-4.6479e-02,-4.3116e-02,-3.9971e-02,-3.7029e-02,-3.4277e-02,-3.1703e-02,-2.9293e-02,-2.7038e-02,-2.4927e-02,-2.2950e-02,-2.1099e-02,-1.9366e-02,-1.7746e-02,-1.6232e-02,-1.4821e-02,-1.3508e-02,-1.2290e-02,-1.1165e-02,-1.0131e-02,-9.1879e-03,-8.3335e-03,-7.5677e-03,-6.8901e-03,-6.2996e-03,-5.7958e-03,-5.3781e-03,-5.0445e-03,-4.7935e-03,-4.6227e-03,-4.5291e-03,-4.5089e-03,-4.5580e-03,-4.6707e-03,-4.8422e-03,-5.0652e-03,-5.3331e-03,-5.6375e-03,-5.9711e-03,-6.3250e-03,-6.6899e-03,-7.0566e-03,-7.4159e-03,-7.7576e-03,-8.0727e-03,-8.3515e-03,-8.5843e-03,-8.7626e-03,-8.8764e-03,-8.9172e-03,-8.8775e-03,-8.7489e-03,-8.5243e-03,-8.1970e-03,-7.7609e-03,-7.2110e-03,-6.5420e-03,-5.7509e-03,-4.8341e-03
-6.0162e-03,-3.4978e-02,-6.3414e-02,-9.1524e-02,-1.1944e-01,-1.4721e-01,-1.7487e-01,-2.0258e-01,-2.3083e-01,-2.6076e-01,-2.9420e-01,-3.3178e-01,-3.6635e-01,-3.8228e-01,-3.7302e-01,-3.4871e-01,-3.2202e-01,-2.9880e-01,-2.7941e-01,-2.6221e-01,-2.4580e-01,-2.2959e-01,-2.1370e-01,-1.9848e-01,-1.8424e-01,-1.7111e-01,-1.5907e-01,-1.4804e-01,-1.3788e-01,-1.2849e-01,-1.1975e-01,-1.1160e-01,-1.0398e-01,-9.6828e-02,-9.0120e-02,-8.3822e-02,-7.7908e-02,-7.2355e-02,-6.7144e-02,-6.2254e-02,-5.7668e-02,-5.3368e-02,-4.9338e-02,-4.5561e-02,-4.2021e-02,-3.8703e-02,-3.5592e-02,-3.2673e-02,-2.9934e-02,-2.7361e-02,-2.4942e-02,-2.2667e-02,-2.0526e-02,-1.8510e-02,-1.6610e-02,-1.4822e-02,-1.3137e-02,-1.1553e-02,-1.0064e-02,-8.6689e-03,-7.3650e-03,-6.1508e-03,-5.0261e-03,-3.9902e-03,-3.0433e-03,-2.1858e-03,-1.4180e-03,-7.4017e-04,-1.5201e-04,3.4666e-04,7.5625e-04,1.0788e-03,1.3162e-03,1.4714e-03,1.5484e-03,1.5513e-03,1.4859e-03,1.3582e-03,1.1758e-03,9.4594e-04,6.7775e-04,3.8027e-04,6.3125e-05,-2.6381e-04,-5.8951e-04,-9.0391e-04,-1.1957e-03,-1.4548e-03,-1.6699e-03,-1.8312e-03,-1.9281e-03,-1.9515e-03,-1.8918e-03,-1.7409e-03,-1.4908e-03,-1.1343e-03,-6.6492e-04,-7.7825e-05,6.3121e-04,1.4659e-03
-4.0653e-03,-3.1287e-02,-5.8018e-02,-8.4499e-02,-1.1093e-01,-1.3744e-01,-1.6406e-01,-1.9081e-01,-2.1782e-01,-2.4551e-01,-2.7478e-01,-3.0719e-01,-3.4339e-01,-3.7692e-01,-3.9241e-01,-3.8258e-01,-3.5730e-01,-3.2959e-01,-3.0557e-01,-2.8559e-01,-2.6795e-01,-2.5117e-01,-2.3464e-01,-2.1844e-01,-2.0291e-01,-1.8836e-01,-1.7493e-01,-1.6260e-01,-1.5128e-01,-1.4084e-01,-1.3116e-01,-1.2216e-01,-1.1375e-01,-1.0588e-01,-9.8488e-02,-9.1549e-02,-8.5028e-02,-7.8898e-02,-7.3137e-02,-6.7723e-02,-6.2638e-02,-5.7862e-02,-5.3377e-02,-4.9168e-02,-4.5216e-02,-4.1505e-02,-3.8020e-02,-3.4745e-02,-3.1665e-02,-2.8766e-02,-2.6035e-02,-2.3459e-02,-2.1026e-02,-1.8726e-02,-1.6550e-02,-1.4488e-02,-1.2534e-02,-1.0681e-02,-8.9245e-03,-7.2602e-03,-5.6852e-03,-4.1972e-03,-2.7955e-03,-1.4793e-03,-2.4923e-04,8.9439e-04,1.9502e-03,2.9176e-03,3.7944e-03,4.5805e-03,5.2747e-03,5.8771e-03,6.3878e-03,6.8078e-03,7.1392e-03,7.3850e-03,7.5482e-03,7.6343e-03,7.6492e-03,7.5986e-03,7.4912e-03,7.3350e-03,7.1394e-03,6.9145e-03,6.6713e-03,6.4198e-03,6.1724e-03,5.9398e-03,5.7348e-03,5.5681e-03,5.4509e-03,5.3948e-03,5.4098e-03,5.5060e-03,5.6923e-03,5.9774e-03,6.3685e-03,6.8721e-03,7.4937e-03,8.2366e-03
-1.8242e-03,-2.7394e-02,-5.2486e-02,-7.7351e-02,-1.0223e-01,-1.2732e-01,-1.5271e-01,-1.7842e-01,-2.0448e-01,-2.3100e-01,-2.5832e-01,-2.8710e-01,-3.1861e-01,-3.5357e-01,-3.8620e-01,-4.0138e-01,-3.9116e-01,-3.6507e-01,-3.3647e-01,-3.1177e-01,-2.9133e-01,-2.7338e-01,-2.5636e-01,-2.3962e-01,-2.2322e-01,-2.0748e-01,-1.9271e-01,-1.7905e-01,-1.6647e-01,-1.5489e-01,-1.4420e-01,-1.3429e-01,-1.2505e-01,-1.1641e-01,-1.0831e-01,-1.0071e-01,-9.3560e-02,-8.6837e-02,-8.0511e-02,-7.4560e-02,-6.8961e-02,-6.3696e-02,-5.8744e-02,-5.4089e-02,-4.9713e-02,-4.5599e-02,-4.1729e-02,-3.8089e-02,-3.4662e-02,-3.1433e-02,-2.8387e-02,-2.5510e-02,-2.2790e-02,-2.0213e-02,-1.7769e-02,-1.5447e-02,-1.3237e-02,-1.1131e-02,-9.1239e-03,-7.2082e-03,-5.3798e-03,-3.6353e-03,-1.9723e-03,-3.8995e-04,1.1125e-03,2.5349e-03,3.8756e-03,5.1332e-03,6.3059e-03,7.3917e-03,8.3883e-03,9.2945e-03,1.0108e-02,1.0829e-02,1.1457e-02,1.1992e-02,1.2436e-02,1.2792e-02,1.3064e-02,1.3256e-02,1.3375e-02,1.3427e-02,1.3420e-02,1.3365e-02,1.3270e-02,1.3146e-02,1.3005e-02,1.2858e-02,1.2717e-02,1.2594e-02,1.2503e-02,1.2454e-02,1.2460e-02,1.2531e-02,1.2678e-02,1.2911e-02,1.3238e-02,1.3668e-02,1.4206e-02,1.4858e-02
4.8484e-04,-2.3540e-02,-4.7100e-02,-7.0428e-02,-9.3774e-02,-1.1737e-01,-1.4137e-01,-1.6585e-01,-1.9084e-01,-2.1636e-01,-2.4254e-01,-2.6960e-01,-2.9797e-01,-3.2866e-01,-3.6253e-01,-3.9439e-01,-4.0941e-01,-3.9895e-01,-3.7222e-01,-3.4288e-01,-3.1762e-01,-2.9682e-01,-2.7865e-01,-2.6148e-01,-2.4462e-01,-2.2810e-01,-2.1223e-01,-1.9730e-01,-1.8344e-01,-1.7066e-01,-1.5887e-01,-1.4796e-01,-1.3783e-01,-1.2838e-01,-1.1954e-01,-1.1125e-01,-1.0345e-01,-9.6124e-02,-8.9224e-02,-8.2727e-02,-7.6608e-02,-7.0847e-02,-6.5422e-02,-6.0315e-02,-5.5508e-02,-5.0983e-02,-4.6724e-02,-4.2713e-02,-3.8935e-02,-3.5373e-02,-3.2013e-02,-2.8838e-02,-2.5835e-02,-2.2990e-02,-2.0289e-02,-1.7721e-02,-1.5275e-02,-1.2940e-02,-1.0707e-02,-8.5677e-03,-6.5166e-03,-4.5476e-03,-2.6570e-03,-8.4158e-04,9.0056e-04,2.5697e-03,4.1657e-03,5.6873e-03,7.1331e-03,8.5001e-03,9.7864e-03,1.0989e-02,1.2104e-02,1.3130e-02,1.4065e-02,1.4907e-02,1.5656e-02,1.6312e-02,1.6876e-02,1.7351e-02,1.7741e-02,1.8050e-02,1.8285e-02,1.8452e-02,1.8562e-02,1.8621e-02,1.8642e-02,1.8635e-02,1.8612e-02,1.8586e-02,1.8567e-02,1.8571e-02,1.8607e-02,1.8689e-02,1.8829e-02,1.9037e-02,1.9323e-02,1.9697e-02,2.0167e-02,2.0738e-02
2.6975e-03,-1.9889e-02,-4.2039e-02,-6.3944e-02,-8.5837e-02,-1.0796e-01,-1.3050e-01,-1.5361e-01,-1.7733e-01,-2.0171e-01,-2.2681e-01,-2.5274e-01,-2.7960e-01,-3.0758e-01,-3.3751e-01,-3.7040e-01,-4.0166e-01,-4.1664e-01,-4.0609e-01,-3.7887e-01,-3.4894e-01,-3.2321e-01,-3.0212e-01,-2.8378e-01,-2.6653e-01,-2.4961e-01,-2.3304e-01,-2.1708e-01,-2.0203e-01,-1.8803e-01,-1.7507e-01,-1.6310e-01,-1.5200e-01,-1.4168e-01,-1.3205e-01,-1.2303e-01,-1.1457e-01,-1.0662e-01,-9.9131e-02,-9.2081e-02,-8.5438e-02,-7.9177e-02,-7.3277e-02,-6.7717e-02,-6.2477e-02,-5.7540e-02,-5.2889e-02,-4.8505e-02,-4.4374e-02,-4.0478e-02,-3.6802e-02,-3.3331e-02,-3.0049e-02,-2.6942e-02,-2.3995e-02,-2.1194e-02,-1.8528e-02,-1.5984e-02,-1.3551e-02,-1.1219e-02,-8.9790e-03,-6.8235e-03,-4.7462e-03,-2.7417e-03,-8.0648e-04,1.0621e-03,2.8654e-03,4.6037e-03,6.2760e-03,7.8808e-03,9.4153e-03,1.0876e-02,1.2262e-02,1.3566e-02,1.4787e-02,1.5922e-02,1.6967e-02,1.7921e-02,1.8782e-02,1.9551e-02,2.0229e-02,2.0818e-02,2.1322e-02,2.1745e-02,2.2094e-02,2.2376e-02,2.2600e-02,2.2776e-02,2.2914e-02,2.3026e-02,2.3123e-02,2.3220e-02,2.3326e-02,2.3456e-02,2.3621e-02,2.3835e-02,2.4107e-02,2.4448e-02,2.4868e-02,2.5375e-02
4.6969e-03,-1.6549e-02,-3.7401e-02,-5.8009e-02,-7.8570e-02,-9.9304e-02,-1.2042e-01,-1.4209e-01,-1.6443e-01,-1.8750e-01,-2.1137e-01,-2.3612e-01,-2.6185e-01,-2.8851e-01,-3.1609e-01,-3.4528e-01,-3.7733e-01,-4.0816e-01,-4.2321e-01,-4.1266e-01,-3.8509e-01,-3.5468e-01,-3.2856e-01,-3.0723e-01,-2.8877e-01,-2.7145e-01,-2.5451e-01,-2.3791e-01,-2.2192e-01,-2.0679e-01,-1.9266e-01,-1.7957e-01,-1.6743e-01,-1.5617e-01,-1.4569e-01,-1.3590e-01,-1.2673e-01,-1.1813e-01,-1.1004e-01,-1.0243e-01,-9.5253e-02,-8.8490e-02,-8.2114e-02,-7.6100e-02,-7.0429e-02,-6.5080e-02,-6.0037e-02,-5.5281e-02,-5.0796e-02,-4.6565e-02,-4.2574e-02,-3.8806e-02,-3.5246e-02,-3.1878e-02,-2.8689e-02,-2.5664e-02,-2.2789e-02,-2.0050e-02,-1.7436e-02,-1.4934e-02,-1.2533e-02,-1.0224e-02,-7.9987e-03,-5.8483e-03,-3.7672e-03,-1.7504e-03,2.0572e-04,2.1033e-03,3.9434e-03,5.7264e-03,7.4499e-03,9.1124e-03,1.0711e-02,1.2242e-02,1.3701e-02,1.5084e-02,1.6388e-02,1.7608e-02,1.8741e-02,1.9785e-02,2.0739e-02,2.1601e-02,2.2374e-02,2.3058e-02,2.3659e-02,2.4179e-02,2.4627e-02,2.5010e-02,2.5335e-02,2.5615e-02,2.5858e-02,2.6077e-02,2.6284e-02,2.6491e-02,2.6711e-02,2.6956e-02,2.7239e-02,2.7571e-02,2.7962e-02,2.8422e-02
6.4052e-03,-1.3582e-02,-3.3235e-02,-5.2662e-02,-7.2017e-02,-9.1489e-02,-1.1127e-01,-1.3156e-01,-1.5248e-01,-1.7414e-01,-1.9663e-01,-2.2004e-01,-2.4450e-01,-2.7006e-01,-2.9651e-01,-3.2363e-01,-3.5210e-01,-3.8344e-01,-4.1399e-01,-4.2919e-01,-4.1871e-01,-3.9090e-01,-3.6011e-01,-3.3367e-01,-3.1212e-01,-2.9353e-01,-2.7617e-01,-2.5923e-01,-2.4263e-01,-2.2661e-01,-2.1142e-01,-1.9721e-01,-1.8400e-01,-1.7174e-01,-1.6034e-01,-1.4971e-01,-1.3979e-01,-1.3050e-01,-1.2177e-01,-1.1357e-01,-1.0585e-01,-9.8581e-02,-9.1723e-02,-8.5255e-02,-7.9151e-02,-7.3392e-02,-6.7958e-02,-6.2830e-02,-5.7992e-02,-5.3426e-02,-4.9118e-02,-4.5052e-02,-4.1212e-02,-3.7583e-02,-3.4152e-02,-3.0902e-02,-2.7820e-02,-2.4893e-02,-2.2106e-02,-1.9446e-02,-1.6902e-02,-1.4462e-02,-1.2114e-02,-9.8504e-03,-7.6615e-03,-5.5400e-03,-3.4798e-03,-1.4764e-03,4.7388e-04,2.3729e-03,4.2215e-03,6.0195e-03,7.7650e-03,9.4554e-03,1.1087e-02,1.2657e-02,1.4159e-02,1.5591e-02,1.6946e-02,1.8220e-02,1.9411e-02,2.0516e-02,2.1531e-02,2.2458e-02,2.3296e-02,2.4049e-02,2.4718e-02,2.5310e-02,2.5831e-02,2.6288e-02,2.6690e-02,2.7049e-02,2.7374e-02,2.7677e-02,2.7971e-02,2.8268e-02,2.8580e-02,2.8920e-02,2.9300e-02,2.9729e-02
7.7770e-03,-1.1019e-02,-2.9553e-02,-4.7895e-02,-6.6161e-02,-8.4499e-02,-1.0308e-01,-1.2207e-01,-1.4163e-01,-1.6188e-01,-1.8293e-01,-2.0490e-01,-2.2793e-01,-2.5215e-01,-2.7753e-01,-3.0371e-01,-3.3033e-01,-3.5810e-01,-3.8887e-01,-4.1929e-01,-4.3467e-01,-4.2427e-01,-3.9629e-01,-3.6522e-01,-3.3850e-01,-3.1674e-01,-2.9803e-01,-2.8061e-01,-2.6366e-01,-2.4708e-01,-2.3106e-01,-2.1584e-01,-2.0156e-01,-1.8826e-01,-1.7588e-01,-1.6436e-01,-1.5362e-01,-1.4359e-01,-1.3419e-01,-1.2537e-01,-1.1708e-01,-1.0927e-01,-1.0192e-01,-9.4989e-02,-8.8449e-02,-8.2278e-02,-7.6452e-02,-7.0953e-02,-6.5761e-02,-6.0860e-02,-5.6233e-02,-5.1866e-02,-4.7743e-02,-4.3849e-02,-4.0170e-02,-3.6692e-02,-3.3400e-02,-3.0281e-02,-2.7320e-02,-2.4505e-02,-2.1821e-02,-1.9257e-02,-1.6801e-02,-1.4440e-02,-1.2166e-02,-9.9677e-03,-7.8374e-03,-5.7681e-03,-3.7535e-03,-1.7893e-03,1.2828e-04,2.0008e-03,3.8288e-03,5.6119e-03,7.3480e-03,9.0342e-03,1.0667e-02,1.2242e-02,1.3754e-02,1.5199e-02,1.6571e-02,1.7866e-02,1.9079e-02,2.0208e-02,2.1252e-02,2.2208e-02,2.3078e-02,2.3864e-02,2.4569e-02,2.5199e-02,2.5760e-02,2.6260e-02,2.6708e-02,2.7115e-02,2.7493e-02,2.7852e-02,2.8205e-02,2.8564e-02,2.8942e-02,2.9351e-02
8.7932e-03,-8.8673e-03,-2.6343e-02,-4.3676e-02,-6.0949e-02,-7.8270e-02,-9.5776e-02,-1.1361e-01,-1.3192e-01,-1.5083e-01,-1.7047e-01,-1.9097e-01,-2.1249e-01,-2.3519e-01,-2.5920e-01,-2.8438e-01,-3.1023e-01,-3.3627e-01,-3.6338e-01,-3.9374e-01,-4.2415e-01,-4.3971e-01,-4.2938e-01,-4.0129e-01,-3.6999e-01,-3.4303e-01,-3.2107e-01,-3.0221e-01,-2.8473e-01,-2.6778e-01,-2.5120e-01,-2.3519e-01,-2.1996e-01,-2.0563e-01,-1.9225e-01,-1.7978e-01,-1.6816e-01,-1.5732e-01,-1.4719e-01,-1.3770e-01,-1.2880e-01,-1.2044e-01,-1.1257e-01,-1.0515e-01,-9.8166e-02,-9.1573e-02,-8.5351e-02,-7.9476e-02,-7.3929e-02,-6.8690e-02,-6.3744e-02,-5.9073e-02,-5.4662e-02,-5.0498e-02,-4.6566e-02,-4.2852e-02,-3.9342e-02,-3.6023e-02,-3.2880e-02,-2.9901e-02,-2.7072e-02,-2.4381e-02,-2.1814e-02,-1.9359e-02,-1.7006e-02,-1.4741e-02,-1.2557e-02,-1.0443e-02,-8.3912e-03,-6.3950e-03,-4.4478e-03,-2.5460e-03,-6.8587e-04,1.1340e-03,2.9146e-03,4.6546e-03,6.3520e-03,8.0036e-03,9.6059e-03,1.1154e-02,1.2642e-02,1.4067e-02,1.5421e-02,1.6701e-02,1.7902e-02,1.9021e-02,2.0056e-02,2.1006e-02,2.1872e-02,2.2656e-02,2.3362e-02,2.3995e-02,2.4562e-02,2.5072e-02,2.5533e-02,2.5958e-02,2.6356e-02,2.6741e-02,2.7124e-02,2.7519e-02
9.4577e-03,-7.1167e-03,-2.3582e-02,-3.9963e-02,-5.6313e-02,-7.2711e-02,-8.9258e-02,-1.0607e-01,-1.2326e-01,-1.4096e-01,-1.5929e-01,-1.7838e-01,-1.9839e-01,-2.1952e-01,-2.4195e-01,-2.6576e-01,-2.9070e-01,-3.1614e-01,-3.4158e-01,-3.6809e-01,-3.9818e-01,-4.2867e-01,-4.4436e-01,-4.3405e-01,-4.0588e-01,-3.7443e-01,-3.4726e-01,-3.2508e-01,-3.0607e-01,-2.8851e-01,-2.7153e-01,-2.5497e-01,-2.3897e-01,-2.2373e-01,-2.0936e-01,-1.9592e-01,-1.8337e-01,-1.7167e-01,-1.6074e-01,-1.5053e-01,-1.4097e-01,-1.3200e-01,-1.2357e-01,-1.1565e-01,-1.0819e-01,-1.0116e-01,-9.4532e-02,-8.8274e-02,-8.2364e-02,-7.6784e-02,-7.1512e-02,-6.6533e-02,-6.1831e-02,-5.7391e-02,-5.3199e-02,-4.9241e-02,-4.5503e-02,-4.1972e-02,-3.8636e-02,-3.5482e-02,-3.2495e-02,-2.9664e-02,-2.6976e-02,-2.4417e-02,-2.1977e-02,-1.9642e-02,-1.7403e-02,-1.5248e-02,-1.3167e-02,-1.1152e-02,-9.1947e-03,-7.2882e-03,-5.4271e-03,-3.6070e-03,-1.8247e-03,-7.9095e-05,1.6307e-03,3.3031e-03,4.9363e-03,6.5268e-03,8.0708e-03,9.5630e-03,1.0999e-02,1.2372e-02,1.3677e-02,1.4910e-02,1.6067e-02,1.7143e-02,1.8137e-02,1.9048e-02,1.9878e-02,2.0628e-02,2.1302e-02,2.1907e-02,2.2449e-02,2.2938e-02,2.3384e-02,2.3797e-02,2.4190e-02,2.4574e-02
9.7905e-03,-5.7437e-03,-2.1238e-02,-3.6707e-02,-5.2186e-02,-6.7730e-02,-8.3410e-02,-9.9312e-02,-1.1553e-01,-1.3216e-01,-1.4931e-01,-1.6710e-01,-1.8570e-01,-2.0529e-01,-2.2609e-01,-2.4829e-01,-2.7190e-01,-2.9655e-01,-3.2151e-01,-3.4633e-01,-3.7233e-01,-4.0230e-01,-4.3292e-01,-4.4867e-01,-4.3832e-01,-4.1009e-01,-3.7852e-01,-3.5117e-01,-3.2879e-01,-3.0961e-01,-2.9195e-01,-2.7494e-01,-2.5838e-01,-2.4239e-01,-2.2714e-01,-2.1274e-01,-1.9924e-01,-1.8663e-01,-1.7485e-01,-1.6385e-01,-1.5356e-01,-1.4394e-01,-1.3491e-01,-1.2644e-01,-1.1848e-01,-1.1098e-01,-1.0392e-01,-9.7263e-02,-9.0979e-02,-8.5046e-02,-7.9443e-02,-7.4150e-02,-6.9150e-02,-6.4427e-02,-5.9967e-02,-5.5757e-02,-5.1782e-02,-4.8029e-02,-4.4487e-02,-4.1142e-02,-3.7983e-02,-3.4996e-02,-3.2170e-02,-2.9491e-02,-2.6948e-02,-2.4529e-02,-2.2221e-02,-2.0015e-02,-1.7898e-02,-1.5861e-02,-1.3893e-02,-1.1988e-02,-1.0136e-02,-8.3321e-03,-6.5699e-03,-4.8461e-03,-3.1574e-03,-1.5024e-03,1.1862e-04,1.7048e-03,3.2537e-03,4.7615e-03,6.2252e-03,7.6385e-03,8.9965e-03,1.0294e-02,1.1525e-02,1.2685e-02,1.3770e-02,1.4777e-02,1.5704e-02,1.6549e-02,1.7315e-02,1.8005e-02,1.8622e-02,1.9173e-02,1.9666e-02,2.0111e-02,2.0518e-02,2.0899e-02
9.8251e-03,-4.7149e-03,-1.9274e-02,-3.3863e-02,-4.8507e-02,-6.3243e-02,-7.8123e-02,-9.3203e-02,-1.0855e-01,-1.2424e-01,-1.4036e-01,-1.5701e-01,-1.7433e-01,-1.9250e-01,-2.1174e-01,-2.3228e-01,-2.5429e-01,-2.7766e-01,-3.0196e-01,-3.2640e-01,-3.5062e-01,-3.7623e-01,-4.0618e-01,-4.3696e-01,-4.5267e-01,-4.4220e-01,-4.1392e-01,-3.8229e-01,-3.5479e-01,-3.3220e-01,-3.1285e-01,-2.9507e-01,-2.7801e-01,-2.6145e-01,-2.4546e-01,-2.3019e-01,-2.1577e-01,-2.0222e-01,-1.8954e-01,-1.7769e-01,-1.6663e-01,-1.5628e-01,-1.4659e-01,-1.3752e-01,-1.2901e-01,-1.2101e-01,-1.1349e-01,-1.0640e-01,-9.9726e-02,-9.3425e-02,-8.7478e-02,-8.1860e-02,-7.6554e-02,-7.1541e-02,-6.6806e-02,-6.2335e-02,-5.8113e-02,-5.4128e-02,-5.0368e-02,-4.6820e-02,-4.3472e-02,-4.0313e-02,-3.7331e-02,-3.4513e-02,-3.1848e-02,-2.9323e-02,-2.6928e-02,-2.4651e-02,-2.2480e-02,-2.0405e-02,-1.8415e-02,-1.6501e-02,-1.4652e-02,-1.2862e-02,-1.1124e-02,-9.4293e-03,-7.7747e-03,-6.1563e-03,-4.5712e-03,-3.0184e-03,-1.4979e-03,-1.1235e-05,1.4392e-03,2.8502e-03,4.2169e-03,5.5346e-03,6.7977e-03,8.0011e-03,9.1395e-03,1.0207e-02,1.1202e-02,1.2119e-02,1.2958e-02,1.3719e-02,1.4403e-02,1.5013e-02,1.5555e-02,1.6036e-02,1.6464e-02,1.6850e-02
9.6023e-03,-3.9901e-03,-1.7650e-02,-3.1387e-02,-4.5221e-02,-5.9182e-02,-7.3303e-02,-8.7626e-02,-1.0219e-01,-1.1705e-01,-1.3227e-01,-1.4792e-01,-1.6412e-01,-1.8103e-01,-1.9884e-01,-2.1781e-01,-2.3814e-01,-2.5995e-01,-2.8308e-01,-3.0698e-01,-3.3088e-01,-3.5455e-01,-3.7986e-01,-4.0991e-01,-4.4081e-01,-4.5639e-01,-4.4573e-01,-4.1741e-01,-3.8575e-01,-3.5813e-01,-3.3535e-01,-3.1581e-01,-2.9790e-01,-2.8078e-01,-2.6419e-01,-2.4819e-01,-2.3291e-01,-2.1845e-01,-2.0485e-01,-1.9212e-01,-1.8021e-01,-1.6908e-01,-1.5867e-01,-1.4894e-01,-1.3982e-01,-1.3127e-01,-1.2325e-01,-1.1570e-01,-1.0860e-01,-1.0191e-01,-9.5595e-02,-8.9638e-02,-8.4013e-02,-7.8700e-02,-7.3681e-02,-6.8940e-02,-6.4462e-02,-6.0235e-02,-5.6246e-02,-5.2482e-02,-4.8932e-02,-4.5586e-02,-4.2430e-02,-3.9454e-02,-3.6647e-02,-3.3996e-02,-3.1491e-02,-2.9121e-02,-2.6874e-02,-2.4738e-02,-2.2704e-02,-2.0761e-02,-1.8899e-02,-1.7108e-02,-1.5381e-02,-1.3708e-02,-1.2084e-02,-1.0503e-02,-8.9602e-03,-7.4514e-03,-5.9750e-03,-4.5300e-03,-3.1166e-03,-1.7365e-03,-3.9244e-04,9.1221e-04,2.1731e-03,3.3850e-03,4.5426e-03,5.6409e-03,6.6740e-03,7.6382e-03,8.5298e-03,9.3461e-03,1.0086e-02,1.0750e-02,1.1341e-02,1.1862e-02,1.2320e-02,1.2723e-02
9.1681e-03,-3.5268e-03,-1.6326e-02,-2.9238e-02,-4.2285e-02,-5.5490e-02,-6.8881e-02,-8.2485e-02,-9.6329e-02,-1.1044e-01,-1.2487e-01,-1.3965e-01,-1.5489e-01,-1.7069e-01,-1.8724e-01,-2.0477e-01,-2.2353e-01,-2.4369e-01,-2.6531e-01,-2.8814e-01,-3.1161e-01,-3.3498e-01,-3.5819e-01,-3.8332e-01,-4.1351e-01,-4.4451e-01,-4.5983e-01,-4.4891e-01,-4.2056e-01,-3.8892e-01,-3.6121e-01,-3.3825e-01,-3.1852e-01,-3.0047e-01,-2.8327e-01,-2.6664e-01,-2.5062e-01,-2.3531e-01,-2.2082e-01,-2.0717e-01,-1.9438e-01,-1.8241e-01,-1.7122e-01,-1.6076e-01,-1.5097e-01,-1.4182e-01,-1.3324e-01,-1.2519e-01,-1.1762e-01,-1.1051e-01,-1.0380e-01,-9.7486e-02,-9.1524e-02,-8.5896e-02,-8.0580e-02,-7.5559e-02,-7.0816e-02,-6.6337e-02,-6.2109e-02,-5.8119e-02,-5.4355e-02,-5.0807e-02,-4.7463e-02,-4.4312e-02,-4.1344e-02,-3.8548e-02,-3.5912e-02,-3.3425e-02,-3.1078e-02,-2.8858e-02,-2.6755e-02,-2.4759e-02,-2.2859e-02,-2.1046e-02,-1.9309e-02,-1.7640e-02,-1.6032e-02,-1.4475e-02,-1.2965e-02,-1.1496e-02,-1.0064e-02,-8.6646e-03,-7.2971e-03,-5.9607e-03,-4.6558e-03,-3.3844e-03,-2.1489e-03,-9.5355e-04,1.9748e-04,1.2998e-03,2.3470e-03,3.3352e-03,4.2589e-03,5.1139e-03,5.8980e-03,6.6083e-03,7.2448e-03,7.8091e-03,8.3038e-03,8.7343e-03
8.5703e-03,-3.2801e-03,-1.5258e-02,-2.7377e-02,-3.9658e-02,-5.2125e-02,-6.4802e-02,-7.7711e-02,-9.0868e-02,-1.0429e-01,-1.1799e-01,-1.3202e-01,-1.4641e-01,-1.6127e-01,-1.7674e-01,-1.9302e-01,-2.1033e-01,-2.2893e-01,-2.4894e-01,-2.7035e-01,-2.9286e-01,-3.1589e-01,-3.3878e-01,-3.6160e-01,-3.8664e-01,-4.1703e-01,-4.4804e-01,-4.6301e-01,-4.5178e-01,-4.2341e-01,-3.9182e-01,-3.6404e-01,-3.4092e-01,-3.2100e-01,-3.0281e-01,-2.8551e-01,-2.6883e-01,-2.5277e-01,-2.3743e-01,-2.2289e-01,-2.0920e-01,-1.9635e-01,-1.8431e-01,-1.7307e-01,-1.6255e-01,-1.5273e-01,-1.4353e-01,-1.3492e-01,-1.2685e-01,-1.1927e-01,-1.1214e-01,-1.0543e-01,-9.9108e-02,-9.3144e-02,-8.7515e-02,-8.2200e-02,-7.7180e-02,-7.2438e-02,-6.7961e-02,-6.3734e-02,-5.9746e-02,-5.5985e-02,-5.2440e-02,-4.9101e-02,-4.5956e-02,-4.2996e-02,-4.0210e-02,-3.7587e-02,-3.5117e-02,-3.2790e-02,-3.0594e-02,-2.8520e-02,-2.6557e-02,-2.4696e-02,-2.2925e-02,-2.1236e-02,-1.9619e-02,-1.8068e-02,-1.6573e-02,-1.5128e-02,-1.3727e-02,-1.2365e-02,-1.1039e-02,-9.7458e-03,-8.4834e-03,-7.2522e-03,-6.0530e-03,-4.8876e-03,-3.7589e-03,-2.6710e-03,-1.6279e-03,-6.3466e-04,3.0366e-04,1.1822e-03,1.9971e-03,2.7445e-03,3.4215e-03,4.0281e-03,4.5637e-03,5.0308e-03
7.8549e-03,-3.2051e-03,-1.4407e-02,-2.5767e-02,-3.7307e-02,-4.9053e-02,-6.1029e-02,-7.3256e-02,-8.5745e-02,-9.8504e-02,-1.1154e-01,-1.2487e-01,-1.3853e-01,-1.5257e-01,-1.6711e-01,-1.8231e-01,-1.9837e-01,-2.1554e-01,-2.3400e-01,-2.5386e-01,-2.7504e-01,-2.9722e-01,-3.1984e-01,-3.4230e-01,-3.6483e-01,-3.8986e-01,-4.2044e-01,-4.5141e-01,-4.6593e-01,-4.5435e-01,-4.2597e-01,-3.9446e-01,-3.6666e-01,-3.4339e-01,-3.2329e-01,-3.0494e-01,-2.8753e-01,-2.7078e-01,-2.5467e-01,-2.3929e-01,-2.2470e-01,-2.1095e-01,-1.9804e-01,-1.8595e-01,-1.7465e-01,-1.6409e-01,-1.5422e-01,-1.4499e-01,-1.3635e-01,-1.2825e-01,-1.2065e-01,-1.1352e-01,-1.0680e-01,-1.0048e-01,-9.4514e-02,-8.8886e-02,-8.3574e-02,-7.8556e-02,-7.3818e-02,-6.9345e-02,-6.5122e-02,-6.1137e-02,-5.7381e-02,-5.3840e-02,-5.0506e-02,-4.7367e-02,-4.4415e-02,-4.1638e-02,-3.9027e-02,-3.6571e-02,-3.4261e-02,-3.2086e-02,-3.0036e-02,-2.8101e-02,-2.6270e-02,-2.4536e-02,-2.2887e-02,-2.1315e-02,-1.9812e-02,-1.8370e-02,-1.6981e-02,-1.5640e-02,-1.4341e-02,-1.3080e-02,-1.1853e-02,-1.0658e-02,-9.4938e-03,-8.3612e-03,-7.2613e-03,-6.1955e-03,-5.1677e-03,-4.1816e-03,-3.2413e-03,-2.3513e-03,-1.5174e-03,-7.4249e-04,-3.1123e-05,6.1367e-04,1.1908e-03,1.6994e-03
7.0657e-03,-3.2590e-03,-1.3732e-02,-2.4370e-02,-3.5198e-02,-4.6243e-02,-5.7533e-02,-6.9088e-02,-8.0919e-02,-9.3033e-02,-1.0543e-01,-1.1811e-01,-1.3110e-01,-1.4442e-01,-1.5816e-01,-1.7244e-01,-1.8743e-01,-2.0334e-01,-2.2039e-01,-2.3875e-01,-2.5845e-01,-2.7938e-01,-3.0123e-01,-3.2346e-01,-3.4558e-01,-3.6790e-01,-3.9299e-01,-4.2375e-01,-4.5460e-01,-4.6859e-01,-4.5663e-01,-4.2825e-01,-3.9686e-01,-3.6906e-01,-3.4567e-01,-3.2539e-01,-3.0688e-01,-2.8935e-01,-2.7252e-01,-2.5635e-01,-2.4092e-01,-2.2628e-01,-2.1247e-01,-1.9950e-01,-1.8735e-01,-1.7599e-01,-1.6538e-01,-1.5547e-01,-1.4620e-01,-1.3754e-01,-1.2942e-01,-1.2181e-01,-1.1466e-01,-1.0794e-01,-1.0162e-01,-9.5653e-02,-9.0029e-02,-8.4720e-02,-7.9707e-02,-7.4974e-02,-7.0505e-02,-6.6287e-02,-6.2308e-02,-5.8556e-02,-5.5021e-02,-5.1693e-02,-4.8560e-02,-4.5615e-02,-4.2846e-02,-4.0245e-02,-3.7801e-02,-3.5504e-02,-3.3345e-02,-3.1314e-02,-2.9401e-02,-2.7596e-02,-2.5890e-02,-2.4274e-02,-2.2738e-02,-2.1274e-02,-1.9875e-02,-1.8533e-02,-1.7241e-02,-1.5994e-02,-1.4788e-02,-1.3617e-02,-1.2479e-02,-1.1373e-02,-1.0299e-02,-9.2555e-03,-8.2454e-03,-7.2711e-03,-6.3353e-03,-5.4425e-03,-4.5966e-03,-3.8021e-03,-3.0634e-03,-2.3840e-03,-1.7672e-03,-1.2152e-03
6.2427e-03,-3.4015e-03,-1.3194e-02,-2.3151e-02,-3.3300e-02,-4.3670e-02,-5.4290e-02,-6.5183e-02,-7.6366e-02,-8.7842e-02,-9.9611e-02,-1.1167e-01,-1.2402e-01,-1.3669e-01,-1.4972e-01,-1.6320e-01,-1.7727e-01,-1.9211e-01,-2.0792e-01,-2.2489e-01,-2.4314e-01,-2.6267e-01,-2.8335e-01,-3.0488e-01,-3.2680e-01,-3.4865e-01,-3.7084e-01,-3.9602e-01,-4.2693e-01,-4.5759e-01,-4.7099e-01,-4.5863e-01,-4.3027e-01,-3.9903e-01,-3.7126e-01,-3.4776e-01,-3.2731e-01,-3.0864e-01,-2.9099e-01,-2.7406e-01,-2.5783e-01,-2.4233e-01,-2.2763e-01,-2.1377e-01,-2.0074e-01,-1.8853e-01,-1.7712e-01,-1.6646e-01,-1.5651e-01,-1.4721e-01,-1.3851e-01,-1.3038e-01,-1.2275e-01,-1.1560e-01,-1.0887e-01,-1.0255e-01,-9.6586e-02,-9.0964e-02,-8.5660e-02,-8.0653e-02,-7.5925e-02,-7.1463e-02,-6.7250e-02,-6.3277e-02,-5.9531e-02,-5.6001e-02,-5.2678e-02,-4.9552e-02,-4.6612e-02,-4.3851e-02,-4.1257e-02,-3.8822e-02,-3.6536e-02,-3.4389e-02,-3.2372e-02,-3.0476e-02,-2.8690e-02,-2.7006e-02,-2.5413e-02,-2.3905e-02,-2.2472e-02,-2.1106e-02,-1.9800e-02,-1.8547e-02,-1.7340e-02,-1.6176e-02,-1.5050e-02,-1.3959e-02,-1.2900e-02,-1.1872e-02,-1.0875e-02,-9.9108e-03,-8.9801e-03,-8.0863e-03,-7.2327e-03,-6.4228e-03,-5.6610e-03,-4.9510e-03,-4.2974e-03,-3.7026e-03
5.4206e-03,-3.5955e-03,-1.2756e-02,-2.2076e-02,-3.1583e-02,-4.1307e-02,-5.1278e-02,-6.1526e-02,-7.2068e-02,-8.2913e-02,-9.4060e-02,-1.0551e-01,-1.1725e-01,-1.2929e-01,-1.4167e-01,-1.5445e-01,-1.6773e-01,-1.8164e-01,-1.9638e-01,-2.1212e-01,-2.2901e-01,-2.4715e-01,-2.6651e-01,-2.8694e-01,-3.0819e-01,-3.2985e-01,-3.5151e-01,-3.7364e-01,-3.9892e-01,-4.2997e-01,-4.6036e-01,-4.7314e-01,-4.6037e-01,-4.3205e-01,-4.0097e-01,-3.7325e-01,-3.4966e-01,-3.2906e-01,-3.1023e-01,-2.9245e-01,-2.7542e-01,-2.5911e-01,-2.4355e-01,-2.2879e-01,-2.1486e-01,-2.0178e-01,-1.8952e-01,-1.7806e-01,-1.6735e-01,-1.5736e-01,-1.4803e-01,-1.3931e-01,-1.3115e-01,-1.2351e-01,-1.1635e-01,-1.0962e-01,-1.0329e-01,-9.7334e-02,-9.1716e-02,-8.6416e-02,-8.1415e-02,-7.6693e-02,-7.2236e-02,-6.8031e-02,-6.4063e-02,-6.0323e-02,-5.6799e-02,-5.3481e-02,-5.0360e-02,-4.7426e-02,-4.4669e-02,-4.2082e-02,-3.9653e-02,-3.7375e-02,-3.5236e-02,-3.3229e-02,-3.1344e-02,-2.9571e-02,-2.7901e-02,-2.6326e-02,-2.4837e-02,-2.3425e-02,-2.2082e-02,-2.0802e-02,-1.9576e-02,-1.8400e-02,-1.7267e-02,-1.6174e-02,-1.5116e-02,-1.4092e-02,-1.3099e-02,-1.2137e-02,-1.1207e-02,-1.0309e-02,-9.4463e-03,-8.6214e-03,-7.8381e-03,-7.0999e-03,-6.4110e-03,-5.7744e-03
4.6300e-03,-3.8090e-03,-1.2386e-02,-2.1114e-02,-3.0017e-02,-3.9128e-02,-4.8479e-02,-5.8100e-02,-6.8014e-02,-7.8235e-02,-8.8766e-02,-9.9604e-02,-1.1074e-01,-1.2219e-01,-1.3395e-01,-1.4608e-01,-1.5865e-01,-1.7177e-01,-1.8557e-01,-2.0024e-01,-2.1593e-01,-2.3276e-01,-2.5078e-01,-2.6995e-01,-2.9015e-01,-3.1116e-01,-3.3264e-01,-3.5419e-01,-3.7630e-01,-4.0169e-01,-4.3282e-01,-4.6290e-01,-4.7502e-01,-4.6186e-01,-4.3358e-01,-4.0269e-01,-3.7504e-01,-3.5138e-01,-3.3063e-01,-3.1165e-01,-2.9373e-01,-2.7660e-01,-2.6021e-01,-2.4458e-01,-2.2976e-01,-2.1578e-01,-2.0264e-01,-1.9033e-01,-1.7882e-01,-1.6807e-01,-1.5804e-01,-1.4868e-01,-1.3994e-01,-1.3176e-01,-1.2411e-01,-1.1694e-01,-1.1021e-01,-1.0388e-01,-9.7919e-02,-9.2304e-02,-8.7009e-02,-8.2013e-02,-7.7298e-02,-7.2847e-02,-6.8648e-02,-6.4686e-02,-6.0951e-02,-5.7433e-02,-5.4119e-02,-5.1003e-02,-4.8073e-02,-4.5321e-02,-4.2737e-02,-4.0313e-02,-3.8038e-02,-3.5905e-02,-3.3903e-02,-3.2024e-02,-3.0259e-02,-2.8597e-02,-2.7032e-02,-2.5554e-02,-2.4154e-02,-2.2826e-02,-2.1561e-02,-2.0353e-02,-1.9195e-02,-1.8083e-02,-1.7010e-02,-1.5975e-02,-1.4973e-02,-1.4002e-02,-1.3063e-02,-1.2155e-02,-1.1278e-02,-1.0435e-02,-9.6282e-03,-8.8612e-03,-8.1368e-03,-7.4585e-03
3.8938e-03,-4.0154e-03,-1.2054e-02,-2.0233e-02,-2.8574e-02,-3.7109e-02,-4.5869e-02,-5.4888e-02,-6.4193e-02,-7.3802e-02,-8.3723e-02,-9.3957e-02,-1.0450e-01,-1.1535e-01,-1.2652e-01,-1.3804e-01,-1.4996e-01,-1.6235e-01,-1.7535e-01,-1.8908e-01,-2.0370e-01,-2.1934e-01,-2.3610e-01,-2.5399e-01,-2.7298e-01,-2.9297e-01,-3.1382e-01,-3.3519e-01,-3.5668e-01,-3.7879e-01,-4.0430e-01,-4.3547e-01,-4.6521e-01,-4.7665e-01,-4.6309e-01,-4.3488e-01,-4.0419e-01,-3.7663e-01,-3.5292e-01,-3.3204e-01,-3.1290e-01,-2.9485e-01,-2.7762e-01,-2.6115e-01,-2.4545e-01,-2.3057e-01,-2.1653e-01,-2.0334e-01,-1.9098e-01,-1.7943e-01,-1.6864e-01,-1.5858e-01,-1.4919e-01,-1.4042e-01,-1.3223e-01,-1.2457e-01,-1.1739e-01,-1.1065e-01,-1.0432e-01,-9.8362e-02,-9.2750e-02,-8.7459e-02,-8.2468e-02,-7.7758e-02,-7.3314e-02,-6.9120e-02,-6.5163e-02,-6.1434e-02,-5.7919e-02,-5.4611e-02,-5.1497e-02,-4.8570e-02,-4.5821e-02,-4.3239e-02,-4.0816e-02,-3.8543e-02,-3.6411e-02,-3.4411e-02,-3.2534e-02,-3.0770e-02,-2.9112e-02,-2.7549e-02,-2.6075e-02,-2.4680e-02,-2.3357e-02,-2.2098e-02,-2.0898e-02,-1.9748e-02,-1.8644e-02,-1.7582e-02,-1.6556e-02,-1.5565e-02,-1.4605e-02,-1.3676e-02,-1.2778e-02,-1.1911e-02,-1.1076e-02,-1.0277e-02,-9.5148e-03,-8.7942e-03
3.2313e-03,-4.1912e-03,-1.1735e-02,-1.9408e-02,-2.7228e-02,-3.5223e-02,-4.3428e-02,-5.1874e-02,-6.0594e-02,-6.9607e-02,-7.8930e-02,-8.8567e-02,-9.8519e-02,-1.0878e-01,-1.1937e-01,-1.3029e-01,-1.4159e-01,-1.5332e-01,-1.6559e-01,-1.7850e-01,-1.9218e-01,-2.0677e-01,-2.2237e-01,-2.3904e-01,-2.5680e-01,-2.7561e-01,-2.9543e-01,-3.1616e-01,-3.3748e-01,-3.5896e-01,-3.8111e-01,-4.0672e-01,-4.3791e-01,-4.6726e-01,-4.7803e-01,-4.6409e-01,-4.3596e-01,-4.0548e-01,-3.7803e-01,-3.5428e-01,-3.3327e-01,-3.1398e-01,-2.9581e-01,-2.7847e-01,-2.6192e-01,-2.4616e-01,-2.3122e-01,-2.1713e-01,-2.0389e-01,-1.9149e-01,-1.7990e-01,-1.6907e-01,-1.5898e-01,-1.4957e-01,-1.4078e-01,-1.3257e-01,-1.2490e-01,-1.1771e-01,-1.1097e-01,-1.0464e-01,-9.8680e-02,-9.3070e-02,-8.7783e-02,-8.2796e-02,-7.8091e-02,-7.3652e-02,-6.9463e-02,-6.5511e-02,-6.1786e-02,-5.8275e-02,-5.4969e-02,-5.1858e-02,-4.8932e-02,-4.6183e-02,-4.3601e-02,-4.1178e-02,-3.8904e-02,-3.6770e-02,-3.4767e-02,-3.2887e-02,-3.1120e-02,-2.9459e-02,-2.7893e-02,-2.6415e-02,-2.5018e-02,-2.3692e-02,-2.2431e-02,-2.1228e-02,-2.0077e-02,-1.8972e-02,-1.7909e-02,-1.6882e-02,-1.5890e-02,-1.4930e-02,-1.4000e-02,-1.3100e-02,-1.2232e-02,-1.1394e-02,-1.0591e-02,-9.8246e-03
2.6550e-03,-4.3199e-03,-1.1409e-02,-1.8615e-02,-2.5953e-02,-3.3449e-02,-4.1133e-02,-4.9040e-02,-5.7201e-02,-6.5643e-02,-7.4385e-02,-8.3436e-02,-9.2803e-02,-1.0248e-01,-1.1249e-01,-1.2282e-01,-1.3352e-01,-1.4463e-01,-1.5623e-01,-1.6839e-01,-1.8124e-01,-1.9489e-01,-2.0944e-01,-2.2499e-01,-2.4157e-01,-2.5919e-01,-2.7785e-01,-2.9754e-01,-3.1822e-01,-3.3954e-01,-3.6104e-01,-3.8323e-01,-4.0893e-01,-4.4011e-01,-4.6906e-01,-4.7916e-01,-4.6487e-01,-4.3682e-01,-4.0656e-01,-3.7922e-01,-3.5544e-01,-3.3432e-01,-3.1490e-01,-2.9660e-01,-2.7916e-01,-2.6253e-01,-2.4671e-01,-2.3173e-01,-2.1759e-01,-2.0431e-01,-1.9187e-01,-1.8024e-01,-1.6939e-01,-1.5927e-01,-1.4983e-01,-1.4103e-01,-1.3281e-01,-1.2512e-01,-1.1793e-01,-1.1118e-01,-1.0485e-01,-9.8889e-02,-9.3281e-02,-8.7996e-02,-8.3013e-02,-7.8312e-02,-7.3876e-02,-6.9691e-02,-6.5743e-02,-6.2020e-02,-5.8512e-02,-5.5208e-02,-5.2097e-02,-4.9171e-02,-4.6421e-02,-4.3836e-02,-4.1409e-02,-3.9131e-02,-3.6991e-02,-3.4982e-02,-3.3095e-02,-3.1321e-02,-2.9650e-02,-2.8076e-02,-2.6589e-02,-2.5181e-02,-2.3845e-02,-2.2574e-02,-2.1360e-02,-2.0198e-02,-1.9082e-02,-1.8008e-02,-1.6970e-02,-1.5967e-02,-1.4995e-02,-1.4054e-02,-1.3142e-02,-1.2261e-02,-1.1411e-02,-1.0594e-02
2.1735e-03,-4.3886e-03,-1.1058e-02,-1.7835e-02,-2.4730e-02,-3.1763e-02,-3.8964e-02,-4.6366e-02,-5.4000e-02,-6.1898e-02,-7.0080e-02,-7.8563e-02,-8.7357e-02,-9.6464e-02,-1.0589e-01,-1.1565e-01,-1.2576e-01,-1.3627e-01,-1.4722e-01,-1.5870e-01,-1.7079e-01,-1.8360e-01,-1.9722e-01,-2.1174e-01,-2.2723e-01,-2.4371e-01,-2.6119e-01,-2.7971e-01,-2.9933e-01,-3.2000e-01,-3.4137e-01,-3.6290e-01,-3.8514e-01,-4.1092e-01,-4.4206e-01,-4.7060e-01,-4.8005e-01,-4.6544e-01,-4.3749e-01,-4.0744e-01,-3.8022e-01,-3.5643e-01,-3.3520e-01,-3.1565e-01,-2.9723e-01,-2.7970e-01,-2.6300e-01,-2.4712e-01,-2.3209e-01,-2.1792e-01,-2.0461e-01,-1.9213e-01,-1.8047e-01,-1.6960e-01,-1.5945e-01,-1.5000e-01,-1.4118e-01,-1.3295e-01,-1.2525e-01,-1.1805e-01,-1.1130e-01,-1.0496e-01,-9.9002e-02,-9.3394e-02,-8.8111e-02,-8.3130e-02,-7.8431e-02,-7.3998e-02,-6.9816e-02,-6.5870e-02,-6.2149e-02,-5.8641e-02,-5.5337e-02,-5.2225e-02,-4.9296e-02,-4.6542e-02,-4.3953e-02,-4.1519e-02,-3.9233e-02,-3.7085e-02,-3.5065e-02,-3.3167e-02,-3.1380e-02,-2.9696e-02,-2.8106e-02,-2.6604e-02,-2.5179e-02,-2.3826e-02,-2.2536e-02,-2.1304e-02,-2.0122e-02,-1.8986e-02,-1.7892e-02,-1.6834e-02,-1.5810e-02,-1.4817e-02,-1.3854e-02,-1.2921e-02,-1.2017e-02,-1.1144e-02
1.7906e-03,-4.3896e-03,-1.0673e-02,-1.7054e-02,-2.3539e-02,-3.0146e-02,-3.6900e-02,-4.3832e-02,-5.0974e-02,-5.8357e-02,-6.6007e-02,-7.3944e-02,-8.2182e-02,-9.0729e-02,-9.9592e-02,-1.0878e-01,-1.1832e-01,-1.2824e-01,-1.3857e-01,-1.4940e-01,-1.6079e-01,-1.7282e-01,-1.8559e-01,-1.9919e-01,-2.1367e-01,-2.2908e-01,-2.4546e-01,-2.6282e-01,-2.8124e-01,-3.0082e-01,-3.2152e-01,-3.4296e-01,-3.6454e-01,-3.8682e-01,-4.1267e-01,-4.4377e-01,-4.7190e-01,-4.8072e-01,-4.6580e-01,-4.3796e-01,-4.0814e-01,-3.8104e-01,-3.5723e-01,-3.3590e-01,-3.1623e-01,-2.9771e-01,-2.8009e-01,-2.6332e-01,-2.4740e-01,-2.3233e-01,-2.1813e-01,-2.0479e-01,-1.9229e-01,-1.8061e-01,-1.6971e-01,-1.5955e-01,-1.5008e-01,-1.4124e-01,-1.3300e-01,-1.2530e-01,-1.1809e-01,-1.1133e-01,-1.0499e-01,-9.9031e-02,-9.3422e-02,-8.8139e-02,-8.3159e-02,-7.8461e-02,-7.4029e-02,-6.9847e-02,-6.5901e-02,-6.2180e-02,-5.8671e-02,-5.5364e-02,-5.2248e-02,-4.9315e-02,-4.6554e-02,-4.3957e-02,-4.1514e-02,-3.9217e-02,-3.7056e-02,-3.5022e-02,-3.3108e-02,-3.1303e-02,-2.9600e-02,-2.7990e-02,-2.6465e-02,-2.5018e-02,-2.3640e-02,-2.2325e-02,-2.1066e-02,-1.9857e-02,-1.8694e-02,-1.7570e-02,-1.6483e-02,-1.5428e-02,-1.4406e-02,-1.3412e-02,-1.2448e-02,-1.1514e-02
1.5059e-03,-4.3189e-03,-1.0244e-02,-1.6259e-02,-2.2368e-02,-2.8582e-02,-3.4924e-02,-4.1421e-02,-4.8104e-02,-5.5005e-02,-6.2153e-02,-6.9571e-02,-7.7275e-02,-8.5280e-02,-9.3594e-02,-1.0223e-01,-1.1120e-01,-1.2054e-01,-1.3028e-01,-1.4048e-01,-1.5120e-01,-1.6251e-01,-1.7451e-01,-1.8725e-01,-2.0081e-01,-2.1525e-01,-2.3059e-01,-2.4685e-01,-2.6410e-01,-2.8245e-01,-3.0202e-01,-3.2280e-01,-3.4432e-01,-3.6595e-01,-3.8828e-01,-4.1419e-01,-4.4524e-01,-4.7296e-01,-4.8119e-01,-4.6599e-01,-4.3826e-01,-4.0865e-01,-3.8167e-01,-3.5785e-01,-3.3644e-01,-3.1666e-01,-2.9803e-01,-2.8034e-01,-2.6351e-01,-2.4755e-01,-2.3245e-01,-2.1822e-01,-2.0486e-01,-1.9234e-01,-1.8065e-01,-1.6973e-01,-1.5956e-01,-1.5008e-01,-1.4123e-01,-1.3298e-01,-1.2527e-01,-1.1805e-01,-1.1129e-01,-1.0495e-01,-9.8983e-02,-9.3373e-02,-8.8088e-02,-8.3107e-02,-7.8408e-02,-7.3975e-02,-6.9792e-02,-6.5844e-02,-6.2120e-02,-5.8607e-02,-5.5295e-02,-5.2173e-02,-4.9232e-02,-4.6462e-02,-4.3854e-02,-4.1398e-02,-3.9085e-02,-3.6907e-02,-3.4855e-02,-3.2920e-02,-3.1093e-02,-2.9366e-02,-2.7730e-02,-2.6177e-02,-2.4700e-02,-2.3291e-02,-2.1943e-02,-2.0651e-02,-1.9407e-02,-1.8207e-02,-1.7047e-02,-1.5922e-02,-1.4830e-02,-1.3769e-02,-1.2738e-02,-1.1735e-02
1.3161e-03,-4.1766e-03,-9.7680e-03,-1.5445e-02,-2.1205e-02,-2.7057e-02,-3.3019e-02,-3.9114e-02,-4.5373e-02,-5.1826e-02,-5.8504e-02,-6.5431e-02,-7.2629e-02,-8.0114e-02,-8.7898e-02,-9.5994e-02,-1.0442e-01,-1.1319e-01,-1.2236e-01,-1.3195e-01,-1.4203e-01,-1.5266e-01,-1.6392e-01,-1.7588e-01,-1.8859e-01,-2.0212e-01,-2.1650e-01,-2.3176e-01,-2.4792e-01,-2.6507e-01,-2.8337e-01,-3.0298e-01,-3.2384e-01,-3.4545e-01,-3.6713e-01,-3.8950e-01,-4.1548e-01,-4.4647e-01,-4.7380e-01,-4.8146e-01,-4.6601e-01,-4.3839e-01,-4.0899e-01,-3.8212e-01,-3.5830e-01,-3.3681e-01,-3.1693e-01,-2.9821e-01,-2.8045e-01,-2.6357e-01,-2.4758e-01,-2.3246e-01,-2.1822e-01,-2.0484e-01,-1.9231e-01,-1.8061e-01,-1.6968e-01,-1.5950e-01,-1.5000e-01,-1.4115e-01,-1.3289e-01,-1.2517e-01,-1.1795e-01,-1.1118e-01,-1.0483e-01,-9.8867e-02,-9.3253e-02,-8.7966e-02,-8.2981e-02,-7.8279e-02,-7.3843e-02,-6.9656e-02,-6.5703e-02,-6.1973e-02,-5.8454e-02,-5.5134e-02,-5.2003e-02,-4.9050e-02,-4.6267e-02,-4.3644e-02,-4.1171e-02,-3.8840e-02,-3.6641e-02,-3.4565e-02,-3.2604e-02,-3.0749e-02,-2.8992e-02,-2.7324e-02,-2.5737e-02,-2.4224e-02,-2.2777e-02,-2.1390e-02,-2.0057e-02,-1.8771e-02,-1.7528e-02,-1.6324e-02,-1.5155e-02,-1.4017e-02,-1.2911e-02,-1.1834e-02
1.2154e-03,-3.9655e-03,-9.2449e-03,-1.4606e-02,-2.0044e-02,-2.5561e-02,-3.1172e-02,-3.6897e-02,-4.2765e-02,-4.8803e-02,-5.5043e-02,-6.1511e-02,-6.8232e-02,-7.5224e-02,-8.2502e-02,-9.0080e-02,-9.7975e-02,-1.0621e-01,-1.1481e-01,-1.2381e-01,-1.3328e-01,-1.4326e-01,-1.5383e-01,-1.6504e-01,-1.7697e-01,-1.8966e-01,-2.0314e-01,-2.1746e-01,-2.3262e-01,-2.4869e-01,-2.6577e-01,-2.8405e-01,-3.0370e-01,-3.2466e-01,-3.4636e-01,-3.6809e-01,-3.9050e-01,-4.1654e-01,-4.4747e-01,-4.7443e-01,-4.8157e-01,-4.6589e-01,-4.3838e-01,-4.0917e-01,-3.8241e-01,-3.5859e-01,-3.3703e-01,-3.1705e-01,-2.9825e-01,-2.8043e-01,-2.6352e-01,-2.4750e-01,-2.3237e-01,-2.1812e-01,-2.0473e-01,-1.9220e-01,-1.8049e-01,-1.6956e-01,-1.5937e-01,-1.4987e-01,-1.4101e-01,-1.3274e-01,-1.2502e-01,-1.1779e-01,-1.1102e-01,-1.0466e-01,-9.8688e-02,-9.3069e-02,-8.7775e-02,-8.2786e-02,-7.8078e-02,-7.3635e-02,-6.9441e-02,-6.5482e-02,-6.1743e-02,-5.8213e-02,-5.4882e-02,-5.1738e-02,-4.8770e-02,-4.5970e-02,-4.3328e-02,-4.0834e-02,-3.8478e-02,-3.6253e-02,-3.4149e-02,-3.2157e-02,-3.0269e-02,-2.8476e-02,-2.6770e-02,-2.5143e-02,-2.3587e-02,-2.2096e-02,-2.0663e-02,-1.9282e-02,-1.7947e-02,-1.6654e-02,-1.5399e-02,-1.4178e-02,-1.2990e-02,-1.1831e-02
1.1956e-03,-3.6910e-03,-8.6770e-03,-1.3743e-02,-1.8880e-02,-2.4087e-02,-2.9374e-02,-3.4758e-02,-4.0264e-02,-4.5920e-02,-5.1754e-02,-5.7796e-02,-6.4070e-02,-7.0597e-02,-7.7396e-02,-8.4481e-02,-9.1869e-02,-9.9580e-02,-1.0764e-01,-1.1608e-01,-1.2496e-01,-1.3432e-01,-1.4422e-01,-1.5473e-01,-1.6591e-01,-1.7781e-01,-1.9046e-01,-2.0390e-01,-2.1815e-01,-2.3323e-01,-2.4921e-01,-2.6622e-01,-2.8450e-01,-3.0422e-01,-3.2529e-01,-3.4706e-01,-3.6883e-01,-3.9127e-01,-4.1738e-01,-4.4826e-01,-4.7487e-01,-4.8152e-01,-4.6564e-01,-4.3824e-01,-4.0922e-01,-3.8256e-01,-3.5873e-01,-3.3710e-01,-3.1704e-01,-2.9816e-01,-2.8029e-01,-2.6335e-01,-2.4731e-01,-2.3218e-01,-2.1793e-01,-2.0455e-01,-1.9202e-01,-1.8031e-01,-1.6938e-01,-1.5918e-01,-1.4968e-01,-1.4081e-01,-1.3254e-01,-1.2481e-01,-1.1757e-01,-1.1079e-01,-1.0443e-01,-9.8450e-02,-9.2822e-02,-8.7522e-02,-8.2523e-02,-7.7807e-02,-7.3355e-02,-6.9151e-02,-6.5180e-02,-6.1430e-02,-5.7886e-02,-5.4539e-02,-5.1377e-02,-4.8390e-02,-4.5569e-02,-4.2903e-02,-4.0382e-02,-3.7998e-02,-3.5741e-02,-3.3603e-02,-3.1575e-02,-2.9647e-02,-2.7812e-02,-2.6061e-02,-2.4387e-02,-2.2783e-02,-2.1241e-02,-1.9755e-02,-1.8320e-02,-1.6930e-02,-1.5580e-02,-1.4268e-02,-1.2989e-02,-1.1743e-02
1.2468e-03,-3.3607e-03,-8.0692e-03,-1.2858e-02,-1.7712e-02,-2.2630e-02,-2.7617e-02,-3.2686e-02,-3.7859e-02,-4.3162e-02,-4.8622e-02,-5.4268e-02,-6.0126e-02,-6.6220e-02,-7.2568e-02,-7.9188e-02,-8.6095e-02,-9.3309e-02,-1.0085e-01,-1.0876e-01,-1.1707e-01,-1.2583e-01,-1.3510e-01,-1.4494e-01,-1.5541e-01,-1.6656e-01,-1.7843e-01,-1.9105e-01,-2.0443e-01,-2.1860e-01,-2.3360e-01,-2.4950e-01,-2.6647e-01,-2.8476e-01,-3.0456e-01,-3.2572e-01,-3.4756e-01,-3.6935e-01,-3.9184e-01,-4.1802e-01,-4.4886e-01,-4.7514e-01,-4.8134e-01,-4.6528e-01,-4.3799e-01,-4.0913e-01,-3.8256e-01,-3.5872e-01,-3.3703e-01,-3.1689e-01,-2.9795e-01,-2.8004e-01,-2.6308e-01,-2.4704e-01,-2.3191e-01,-2.1766e-01,-2.0429e-01,-1.9177e-01,-1.8006e-01,-1.6914e-01,-1.5894e-01,-1.4944e-01,-1.4057e-01,-1.3229e-01,-1.2455e-01,-1.1731e-01,-1.1052e-01,-1.0414e-01,-9.8155e-02,-9.2517e-02,-8.7205e-02,-8.2196e-02,-7.7468e-02,-7.3003e-02,-6.8785e-02,-6.4799e-02,-6.1031e-02,-5.7470e-02,-5.4103e-02,-5.0919e-02,-4.7908e-02,-4.5060e-02,-4.2364e-02,-3.9812e-02,-3.7393e-02,-3.5099e-02,-3.2921e-02,-3.0849e-02,-2.8876e-02,-2.6992e-02,-2.5191e-02,-2.3463e-02,-2.1803e-02,-2.0204e-02,-1.8659e-02,-1.7163e-02,-1.5710e-02,-1.4298e-02,-1.2923e-02,-1.1582e-02
1.3591e-03,-2.9821e-03,-7.4275e-03,-1.1953e-02,-1.6543e-02,-2.1190e-02,-2.5897e-02,-3.0675e-02,-3.5540e-02,-4.0517e-02,-4.5632e-02,-5.0912e-02,-5.6386e-02,-6.2075e-02,-6.8002e-02,-7.4185e-02,-8.0640e-02,-8.7385e-02,-9.4441e-02,-1.0184e-01,-1.0961e-01,-1.1780e-01,-1.2647e-01,-1.3567e-01,-1.4546e-01,-1.5590e-01,-1.6702e-01,-1.7886e-01,-1.9144e-01,-2.0476e-01,-2.1886e-01,-2.3378e-01,-2.4961e-01,-2.6655e-01,-2.8486e-01,-3.0473e-01,-3.2598e-01,-3.4788e-01,-3.6969e-01,-3.9222e-01,-4.1848e-01,-4.4929e-01,-4.7526e-01,-4.8105e-01,-4.6483e-01,-4.3764e-01,-4.0894e-01,-3.8244e-01,-3.5859e-01,-3.3684e-01,-3.1663e-01,-2.9764e-01,-2.7969e-01,-2.6272e-01,-2.4669e-01,-2.3156e-01,-2.1733e-01,-2.0398e-01,-1.9146e-01,-1.7977e-01,-1.6884e-01,-1.5865e-01,-1.4915e-01,-1.4027e-01,-1.3199e-01,-1.2424e-01,-1.1699e-01,-1.1019e-01,-1.0381e-01,-9.7804e-02,-9.2153e-02,-8.6827e-02,-8.1802e-02,-7.7059e-02,-7.2577e-02,-6.8340e-02,-6.4335e-02,-6.0546e-02,-5.6962e-02,-5.3569e-02,-5.0358e-02,-4.7317e-02,-4.4437e-02,-4.1706e-02,-3.9116e-02,-3.6656e-02,-3.4318e-02,-3.2093e-02,-2.9972e-02,-2.7946e-02,-2.6007e-02,-2.4147e-02,-2.2360e-02,-2.0637e-02,-1.8974e-02,-1.7363e-02,-1.5800e-02,-1.4280e-02,-1.2799e-02,-1.1356e-02
1.5211e-03,-2.5657e-03,-6.7598e-03,-1.1035e-02,-1.5375e-02,-1.9767e-02,-2.4213e-02,-2.8719e-02,-3.3299e-02,-3.7975e-02,-4.2770e-02,-4.7714e-02,-5.2831e-02,-5.8147e-02,-6.3682e-02,-6.9458e-02,-7.5489e-02,-8.1793e-02,-8.8391e-02,-9.5306e-02,-1.0257e-01,-1.1023e-01,-1.1832e-01,-1.2692e-01,-1.3606e-01,-1.4581e-01,-1.5622e-01,-1.6732e-01,-1.7913e-01,-1.9166e-01,-2.0493e-01,-2.1896e-01,-2.3379e-01,-2.4956e-01,-2.6649e-01,-2.8483e-01,-3.0477e-01,-3.2609e-01,-3.4802e-01,-3.6984e-01,-3.9243e-01,-4.1877e-01,-4.4956e-01,-4.7526e-01,-4.8067e-01,-4.6431e-01,-4.3721e-01,-4.0864e-01,-3.8221e-01,-3.5835e-01,-3.3654e-01,-3.1627e-01,-2.9723e-01,-2.7926e-01,-2.6229e-01,-2.4626e-01,-2.3115e-01,-2.1694e-01,-2.0360e-01,-1.9111e-01,-1.7942e-01,-1.6851e-01,-1.5832e-01,-1.4881e-01,-1.3994e-01,-1.3165e-01,-1.2389e-01,-1.1663e-01,-1.0981e-01,-1.0342e-01,-9.7397e-02,-9.1730e-02,-8.6386e-02,-8.1342e-02,-7.6578e-02,-7.2074e-02,-6.7815e-02,-6.3784e-02,-5.9969e-02,-5.6356e-02,-5.2933e-02,-4.9688e-02,-4.6611e-02,-4.3692e-02,-4.0919e-02,-3.8284e-02,-3.5777e-02,-3.3389e-02,-3.1110e-02,-2.8931e-02,-2.6845e-02,-2.4844e-02,-2.2919e-02,-2.1064e-02,-1.9273e-02,-1.7538e-02,-1.5855e-02,-1.4218e-02,-1.2625e-02,-1.1071e-02
1.7218e-03,-2.1215e-03,-6.0749e-03,-1.0112e-02,-1.4212e-02,-1.8364e-02,-2.2564e-02,-2.6815e-02,-3.1130e-02,-3.5527e-02,-4.0028e-02,-4.4660e-02,-4.9448e-02,-5.4417e-02,-5.9590e-02,-6.4986e-02,-7.0623e-02,-7.6517e-02,-8.2685e-02,-8.9150e-02,-9.5940e-02,-1.0309e-01,-1.1065e-01,-1.1867e-01,-1.2720e-01,-1.3630e-01,-1.4603e-01,-1.5641e-01,-1.6749e-01,-1.7927e-01,-1.9176e-01,-2.0496e-01,-2.1892e-01,-2.3368e-01,-2.4941e-01,-2.6631e-01,-2.8469e-01,-3.0469e-01,-3.2606e-01,-3.4801e-01,-3.6984e-01,-3.9249e-01,-4.1892e-01,-4.4970e-01,-4.7515e-01,-4.8022e-01,-4.6373e-01,-4.3672e-01,-4.0827e-01,-3.8189e-01,-3.5801e-01,-3.3614e-01,-3.1582e-01,-2.9674e-01,-2.7876e-01,-2.6178e-01,-2.4577e-01,-2.3068e-01,-2.1650e-01,-2.0318e-01,-1.9070e-01,-1.7903e-01,-1.6813e-01,-1.5794e-01,-1.4844e-01,-1.3956e-01,-1.3126e-01,-1.2349e-01,-1.1621e-01,-1.0939e-01,-1.0297e-01,-9.6933e-02,-9.1245e-02,-8.5878e-02,-8.0811e-02,-7.6021e-02,-7.1491e-02,-6.7203e-02,-6.3142e-02,-5.9294e-02,-5.5646e-02,-5.2185e-02,-4.8901e-02,-4.5781e-02,-4.2816e-02,-3.9995e-02,-3.7308e-02,-3.4745e-02,-3.2298e-02,-2.9957e-02,-2.7714e-02,-2.5561e-02,-2.3489e-02,-2.1492e-02,-1.9563e-02,-1.7695e-02,-1.5882e-02,-1.4121e-02,-1.2406e-02,-1.0733e-02
1.9501e-03,-1.6588e-03,-5.3813e-03,-9.1897e-03,-1.3062e-02,-1.6985e-02,-2.0952e-02,-2.4964e-02,-2.9030e-02,-3.3168e-02,-3.7396e-02,-4.1739e-02,-4.6223e-02,-5.0872e-02,-5.5709e-02,-6.0753e-02,-6.6024e-02,-7.1536e-02,-7.7305e-02,-8.3351e-02,-8.9698e-02,-9.6379e-02,-1.0343e-01,-1.1091e-01,-1.1886e-01,-1.2735e-01,-1.3642e-01,-1.4613e-01,-1.5650e-01,-1.6755e-01,-1.7930e-01,-1.9174e-01,-2.0489e-01,-2.1878e-01,-2.3348e-01,-2.4916e-01,-2.6606e-01,-2.8446e-01,-3.0451e-01,-3.2591e-01,-3.4786e-01,-3.6970e-01,-3.9241e-01,-4.1895e-01,-4.4973e-01,-4.7495e-01,-4.7971e-01,-4.6311e-01,-4.3618e-01,-4.0783e-01,-3.8149e-01,-3.5758e-01,-3.3566e-01,-3.1529e-01,-2.9618e-01,-2.7819e-01,-2.6122e-01,-2.4523e-01,-2.3017e-01,-2.1601e-01,-2.0271e-01,-1.9026e-01,-1.7860e-01,-1.6771e-01,-1.5753e-01,-1.4802e-01,-1.3914e-01,-1.3083e-01,-1.2305e-01,-1.1575e-01,-1.0891e-01,-1.0247e-01,-9.6409e-02,-9.0695e-02,-8.5301e-02,-8.0205e-02,-7.5385e-02,-7.0821e-02,-6.6499e-02,-6.2401e-02,-5.8514e-02,-5.4824e-02,-5.1319e-02,-4.7987e-02,-4.4816e-02,-4.1797e-02,-3.8919e-02,-3.6172e-02,-3.3546e-02,-3.1032e-02,-2.8621e-02,-2.6306e-02,-2.4077e-02,-2.1928e-02,-1.9850e-02,-1.7839e-02,-1.5888e-02,-1.3992e-02,-1.2146e-02,-1.0346e-02
2.1953e-03,-1.1879e-03,-4.6881e-03,-8.2768e-03,-1.1931e-02,-1.5635e-02,-1.9380e-02,-2.3166e-02,-2.6999e-02,-3.0894e-02,-3.4867e-02,-3.8942e-02,-4.3144e-02,-4.7496e-02,-5.2022e-02,-5.6741e-02,-6.1672e-02,-6.6829e-02,-7.2228e-02,-7.7886e-02,-8.3823e-02,-9.0067e-02,-9.6653e-02,-1.0363e-01,-1.1104e-01,-1.1895e-01,-1.2740e-01,-1.3646e-01,-1.4615e-01,-1.5651e-01,-1.6754e-01,-1.7926e-01,-1.9165e-01,-2.0474e-01,-2.1856e-01,-2.3321e-01,-2.4885e-01,-2.6574e-01,-2.8417e-01,-3.0424e-01,-3.2566e-01,-3.4760e-01,-3.6943e-01,-3.9222e-01,-4.1887e-01,-4.4967e-01,-4.7468e-01,-4.7917e-01,-4.6247e-01,-4.3560e-01,-4.0734e-01,-3.8102e-01,-3.5708e-01,-3.3512e-01,-3.1470e-01,-2.9557e-01,-2.7757e-01,-2.6062e-01,-2.4465e-01,-2.2961e-01,-2.1548e-01,-2.0221e-01,-1.8978e-01,-1.7814e-01,-1.6725e-01,-1.5708e-01,-1.4757e-01,-1.3868e-01,-1.3035e-01,-1.2256e-01,-1.1524e-01,-1.0837e-01,-1.0191e-01,-9.5821e-02,-9.0076e-02,-8.4650e-02,-7.9518e-02,-7.4661e-02,-7.0059e-02,-6.5694e-02,-6.1553e-02,-5.7618e-02,-5.3879e-02,-5.0321e-02,-4.6933e-02,-4.3704e-02,-4.0623e-02,-3.7679e-02,-3.4863e-02,-3.2164e-02,-2.9575e-02,-2.7086e-02,-2.4689e-02,-2.2376e-02,-2.0141e-02,-1.7976e-02,-1.5876e-02,-1.3835e-02,-1.1848e-02,-9.9126e-03
2.4480e-03,-7.1815e-04,-4.0041e-03,-7.3808e-03,-1.0825e-02,-1.4319e-02,-1.7853e-02,-2.1424e-02,-2.5037e-02,-2.8702e-02,-3.2438e-02,-3.6263e-02,-4.0202e-02,-4.4279e-02,-4.8516e-02,-5.2933e-02,-5.7549e-02,-6.2378e-02,-6.7434e-02,-7.2732e-02,-7.8289e-02,-8.4130e-02,-9.0284e-02,-9.6793e-02,-1.0370e-01,-1.1107e-01,-1.1894e-01,-1.2738e-01,-1.3642e-01,-1.4611e-01,-1.5646e-01,-1.6747e-01,-1.7916e-01,-1.9151e-01,-2.0454e-01,-2.1830e-01,-2.3289e-01,-2.4850e-01,-2.6539e-01,-2.8383e-01,-3.0392e-01,-3.2533e-01,-3.4724e-01,-3.6907e-01,-3.9193e-01,-4.1871e-01,-4.4954e-01,-4.7437e-01,-4.7861e-01,-4.6182e-01,-4.3500e-01,-4.0680e-01,-3.8050e-01,-3.5653e-01,-3.3451e-01,-3.1405e-01,-2.9490e-01,-2.7691e-01,-2.5997e-01,-2.4403e-01,-2.2903e-01,-2.1492e-01,-2.0168e-01,-1.8927e-01,-1.7764e-01,-1.6676e-01,-1.5659e-01,-1.4707e-01,-1.3817e-01,-1.2984e-01,-1.2202e-01,-1.1468e-01,-1.0778e-01,-1.0129e-01,-9.5164e-02,-8.9382e-02,-8.3917e-02,-7.8744e-02,-7.3842e-02,-6.9193e-02,-6.4779e-02,-6.0585e-02,-5.6596e-02,-5.2798e-02,-4.9179e-02,-4.5727e-02,-4.2430e-02,-3.9277e-02,-3.6258e-02,-3.3363e-02,-3.0583e-02,-2.7909e-02,-2.5332e-02,-2.2845e-02,-2.0440e-02,-1.8111e-02,-1.5850e-02,-1.3654e-02,-1.1517e-02,-9.4341e-03
2.6990e-03,-2.5812e-04,-3.3373e-03,-6.5098e-03,-9.7512e-03,-1.3043e-02,-1.6375e-02,-1.9740e-02,-2.3144e-02,-2.6593e-02,-3.0104e-02,-3.3696e-02,-3.7390e-02,-4.1209e-02,-4.5178e-02,-4.9314e-02,-5.3637e-02,-5.8161e-02,-6.2900e-02,-6.7865e-02,-7.3073e-02,-7.8542e-02,-8.4299e-02,-9.0378e-02,-9.6823e-02,-1.0368e-01,-1.1101e-01,-1.1887e-01,-1.2730e-01,-1.3634e-01,-1.4603e-01,-1.5637e-01,-1.6737e-01,-1.7902e-01,-1.9132e-01,-2.0430e-01,-2.1800e-01,-2.3255e-01,-2.4813e-01,-2.6501e-01,-2.8345e-01,-3.0355e-01,-3.2493e-01,-3.4680e-01,-3.6863e-01,-3.9158e-01,-4.1849e-01,-4.4935e-01,-4.7402e-01,-4.7803e-01,-4.6116e-01,-4.3438e-01,-4.0624e-01,-3.7994e-01,-3.5593e-01,-3.3386e-01,-3.1337e-01,-2.9420e-01,-2.7621e-01,-2.5930e-01,-2.4338e-01,-2.2841e-01,-2.1434e-01,-2.0112e-01,-1.8873e-01,-1.7711e-01,-1.6624e-01,-1.5607e-01,-1.4654e-01,-1.3763e-01,-1.2927e-01,-1.2143e-01,-1.1406e-01,-1.0713e-01,-1.0060e-01,-9.4432e-02,-8.8607e-02,-8.3095e-02,-7.7872e-02,-7.2919e-02,-6.8215e-02,-6.3743e-02,-5.9488e-02,-5.5434e-02,-5.1569e-02,-4.7879e-02,-4.4351e-02,-4.0976e-02,-3.7741e-02,-3.4637e-02,-3.1654e-02,-2.8782e-02,-2.6014e-02,-2.3340e-02,-2.0754e-02,-1.8248e-02,-1.5816e-02,-1.3452e-02,-1.1153e-02,-8.9135e-03
2.9403e-03,1.8487e-04,-2.6954e-03,-5.6705e-03,-8.7166e-03,-1.1814e-02,-1.4950e-02,-1.8119e-02,-2.1323e-02,-2.4567e-02,-2.7866e-02,-3.1237e-02,-3.4701e-02,-3.8280e-02,-4.1997e-02,-4.5872e-02,-4.9922e-02,-5.4162e-02,-5.8606e-02,-6.3264e-02,-6.8149e-02,-7.3276e-02,-7.8668e-02,-8.4354e-02,-9.0371e-02,-9.6767e-02,-1.0359e-01,-1.1090e-01,-1.1875e-01,-1.2719e-01,-1.3624e-01,-1.4593e-01,-1.5627e-01,-1.6725e-01,-1.7886e-01,-1.9112e-01,-2.0404e-01,-2.1769e-01,-2.3220e-01,-2.4776e-01,-2.6463e-01,-2.8307e-01,-3.0314e-01,-3.2448e-01,-3.4630e-01,-3.6814e-01,-3.9117e-01,-4.1822e-01,-4.4911e-01,-4.7365e-01,-4.7746e-01,-4.6051e-01,-4.3376e-01,-4.0565e-01,-3.7934e-01,-3.5529e-01,-3.3317e-01,-3.1265e-01,-2.9347e-01,-2.7550e-01,-2.5860e-01,-2.4272e-01,-2.2778e-01,-2.1373e-01,-2.0054e-01,-1.8816e-01,-1.7655e-01,-1.6568e-01,-1.5550e-01,-1.4597e-01,-1.3703e-01,-1.2865e-01,-1.2078e-01,-1.1338e-01,-1.0641e-01,-9.9829e-02,-9.3617e-02,-8.7741e-02,-8.2174e-02,-7.6894e-02,-7.1879e-02,-6.7111e-02,-6.2572e-02,-5.8245e-02,-5.4117e-02,-5.0174e-02,-4.6402e-02,-4.2789e-02,-3.9325e-02,-3.5997e-02,-3.2797e-02,-2.9715e-02,-2.6741e-02,-2.3868e-02,-2.1087e-02,-1.8392e-02,-1.5777e-02,-1.3235e-02,-1.0761e-02,-8.3527e-03
3.1645e-03,6.0293e-04,-2.0847e-03,-4.8698e-03,-7.7263e-03,-1.0636e-02,-1.3585e-02,-1.6565e-02,-1.9577e-02,-2.2625e-02,-2.5722e-02,-2.8885e-02,-3.2132e-02,-3.5485e-02,-3.8967e-02,-4.2596e-02,-4.6391e-02,-5.0367e-02,-5.4536e-02,-5.8908e-02,-6.3494e-02,-6.8306e-02,-7.3363e-02,-7.8688e-02,-8.4315e-02,-9.0285e-02,-9.6647e-02,-1.0345e-01,-1.1076e-01,-1.1862e-01,-1.2706e-01,-1.3613e-01,-1.4582e-01,-1.5615e-01,-1.6711e-01,-1.7870e-01,-1.9091e-01,-2.0378e-01,-2.1739e-01,-2.3186e-01,-2.4739e-01,-2.6425e-01,-2.8268e-01,-3.0272e-01,-3.2400e-01,-3.4576e-01,-3.6759e-01,-3.9073e-01,-4.1791e-01,-4.4886e-01,-4.7326e-01,-4.7689e-01,-4.5987e-01,-4.3314e-01,-4.0505e-01,-3.7872e-01,-3.5462e-01,-3.3246e-01,-3.1191e-01,-2.9273e-01,-2.7476e-01,-2.5789e-01,-2.4203e-01,-2.2712e-01,-2.1310e-01,-1.9993e-01,-1.8756e-01,-1.7596e-01,-1.6509e-01,-1.5490e-01,-1.4535e-01,-1.3639e-01,-1.2798e-01,-1.2007e-01,-1.1262e-01,-1.0561e-01,-9.8977e-02,-9.2710e-02,-8.6774e-02,-8.1143e-02,-7.5796e-02,-7.0711e-02,-6.5868e-02,-6.1250e-02,-5.6842e-02,-5.2628e-02,-4.8595e-02,-4.4730e-02,-4.1020e-02,-3.7455e-02,-3.4023e-02,-3.0716e-02,-2.7523e-02,-2.4436e-02,-2.1448e-02,-1.8550e-02,-1.5738e-02,-1.3004e-02,-1.0344e-02,-7.7536e-03
3.3661e-03,9.9077e-04,-1.5116e-03,-4.1126e-03,-6.7867e-03,-9.5150e-03,-1.2282e-02,-1.5080e-02,-1.7908e-02,-2.0769e-02,-2.3674e-02,-2.6639e-02,-2.9680e-02,-3.2820e-02,-3.6079e-02,-3.9477e-02,-4.3033e-02,-4.6760e-02,-5.0673e-02,-5.4778e-02,-5.9087e-02,-6.3609e-02,-6.8358e-02,-7.3354e-02,-7.8623e-02,-8.4204e-02,-9.0140e-02,-9.6482e-02,-1.0328e-01,-1.1060e-01,-1.1847e-01,-1.2693e-01,-1.3601e-01,-1.4572e-01,-1.5604e-01,-1.6698e-01,-1.7853e-01,-1.9070e-01,-2.0353e-01,-2.1710e-01,-2.3153e-01,-2.4705e-01,-2.6389e-01,-2.8229e-01,-3.0228e-01,-3.2349e-01,-3.4519e-01,-3.6702e-01,-3.9026e-01,-4.1758e-01,-4.4858e-01,-4.7288e-01,-4.7634e-01,-4.5924e-01,-4.3252e-01,-4.0444e-01,-3.7808e-01,-3.5393e-01,-3.3173e-01,-3.1115e-01,-2.9197e-01,-2.7401e-01,-2.5717e-01,-2.4134e-01,-2.2645e-01,-2.1245e-01,-1.9929e-01,-1.8694e-01,-1.7534e-01,-1.6446e-01,-1.5426e-01,-1.4468e-01,-1.3569e-01,-1.2724e-01,-1.1929e-01,-1.1179e-01,-1.0472e-01,-9.8032e-02,-9.1699e-02,-8.5694e-02,-7.9990e-02,-7.4565e-02,-6.9398e-02,-6.4469e-02,-5.9761e-02,-5.5260e-02,-5.0948e-02,-4.6813e-02,-4.2841e-02,-3.9022e-02,-3.5343e-02,-3.1795e-02,-2.8368e-02,-2.5053e-02,-2.1842e-02,-1.8728e-02,-1.5704e-02,-1.2765e-02,-9.9043e-03,-7.1193e-03
3.5396e-03,1.3433e-03,-9.8095e-04,-3.4045e-03,-5.9025e-03,-8.4550e-03,-1.1047e-02,-1.3669e-02,-1.6320e-02,-1.9001e-02,-2.1722e-02,-2.4497e-02,-2.7343e-02,-3.0280e-02,-3.3329e-02,-3.6509e-02,-3.9838e-02,-4.3332e-02,-4.7003e-02,-5.0860e-02,-5.4910e-02,-5.9163e-02,-6.3627e-02,-6.8321e-02,-7.3265e-02,-7.8490e-02,-8.4038e-02,-8.9953e-02,-9.6289e-02,-1.0310e-01,-1.1043e-01,-1.1832e-01,-1.2681e-01,-1.3591e-01,-1.4562e-01,-1.5594e-01,-1.6686e-01,-1.7837e-01,-1.9051e-01,-2.0329e-01,-2.1682e-01,-2.3123e-01,-2.4673e-01,-2.6355e-01,-2.8192e-01,-3.0185e-01,-3.2298e-01,-3.4460e-01,-3.6643e-01,-3.8977e-01,-4.1725e-01,-4.4829e-01,-4.7249e-01,-4.7581e-01,-4.5863e-01,-4.3191e-01,-4.0382e-01,-3.7743e-01,-3.5323e-01,-3.3098e-01,-3.1038e-01,-2.9120e-01,-2.7326e-01,-2.5644e-01,-2.4063e-01,-2.2576e-01,-2.1178e-01,-1.9863e-01,-1.8628e-01,-1.7468e-01,-1.6379e-01,-1.5356e-01,-1.4396e-01,-1.3493e-01,-1.2643e-01,-1.1843e-01,-1.1088e-01,-1.0374e-01,-9.6981e-02,-9.0573e-02,-8.4488e-02,-7.8699e-02,-7.3185e-02,-6.7924e-02,-6.2897e-02,-5.8086e-02,-5.3477e-02,-4.9054e-02,-4.4803e-02,-4.0712e-02,-3.6770e-02,-3.2964e-02,-2.9287e-02,-2.5728e-02,-2.2279e-02,-1.8932e-02,-1.5682e-02,-1.2522e-02,-9.4467e-03,-6.4525e-03
3.6818e-03,1.6568e-03,-4.9569e-04,-2.7486e-03,-5.0767e-03,-7.4598e-03,-9.8829e-03,-1.2336e-02,-1.4815e-02,-1.7323e-02,-1.9868e-02,-2.2462e-02,-2.5121e-02,-2.7865e-02,-3.0713e-02,-3.3685e-02,-3.6801e-02,-4.0073e-02,-4.3516e-02,-4.7138e-02,-5.0946e-02,-5.4947e-02,-5.9149e-02,-6.3564e-02,-6.8210e-02,-7.3112e-02,-7.8305e-02,-8.3831e-02,-8.9740e-02,-9.6082e-02,-1.0291e-01,-1.1027e-01,-1.1819e-01,-1.2671e-01,-1.3583e-01,-1.4554e-01,-1.5585e-01,-1.6675e-01,-1.7823e-01,-1.9032e-01,-2.0307e-01,-2.1657e-01,-2.3096e-01,-2.4644e-01,-2.6324e-01,-2.8157e-01,-3.0143e-01,-3.2246e-01,-3.4400e-01,-3.6584e-01,-3.8928e-01,-4.1690e-01,-4.4801e-01,-4.7211e-01,-4.7529e-01,-4.5804e-01,-4.3130e-01,-4.0319e-01,-3.7676e-01,-3.5251e-01,-3.3022e-01,-3.0960e-01,-2.9042e-01,-2.7250e-01,-2.5569e-01,-2.3991e-01,-2.2506e-01,-2.1109e-01,-1.9795e-01,-1.8559e-01,-1.7398e-01,-1.6306e-01,-1.5281e-01,-1.4317e-01,-1.3409e-01,-1.2555e-01,-1.1748e-01,-1.0986e-01,-1.0265e-01,-9.5810e-02,-8.9316e-02,-8.3139e-02,-7.7254e-02,-7.1637e-02,-6.6269e-02,-6.1129e-02,-5.6202e-02,-5.1472e-02,-4.6922e-02,-4.2542e-02,-3.8317e-02,-3.4237e-02,-3.0291e-02,-2.6471e-02,-2.2767e-02,-1.9172e-02,-1.5678e-02,-1.2281e-02,-8.9755e-03,-5.7567e-03
3.7896e-03,1.9284e-03,-6.0219e-05,-2.1487e-03,-4.3129e-03,-6.5323e-03,-8.7919e-03,-1.1081e-02,-1.3396e-02,-1.5737e-02,-1.8113e-02,-2.0532e-02,-2.3013e-02,-2.5572e-02,-2.8229e-02,-3.1004e-02,-3.3915e-02,-3.6977e-02,-4.0203e-02,-4.3603e-02,-4.7182e-02,-5.0948e-02,-5.4905e-02,-5.9062e-02,-6.3433e-02,-6.8039e-02,-7.2910e-02,-7.8081e-02,-8.3599e-02,-8.9512e-02,-9.5872e-02,-1.0273e-01,-1.1012e-01,-1.1808e-01,-1.2663e-01,-1.3576e-01,-1.4548e-01,-1.5578e-01,-1.6665e-01,-1.7810e-01,-1.9015e-01,-2.0287e-01,-2.1635e-01,-2.3072e-01,-2.4618e-01,-2.6296e-01,-2.8124e-01,-3.0102e-01,-3.2195e-01,-3.4341e-01,-3.6524e-01,-3.8880e-01,-4.1656e-01,-4.4771e-01,-4.7174e-01,-4.7478e-01,-4.5746e-01,-4.3070e-01,-4.0256e-01,-3.7608e-01,-3.5178e-01,-3.2945e-01,-3.0881e-01,-2.8963e-01,-2.7172e-01,-2.5494e-01,-2.3917e-01,-2.2433e-01,-2.1037e-01,-1.9722e-01,-1.8486e-01,-1.7322e-01,-1.6228e-01,-1.5199e-01,-1.4231e-01,-1.3318e-01,-1.2457e-01,-1.1643e-01,-1.0873e-01,-1.0143e-01,-9.4505e-02,-8.7912e-02,-8.1631e-02,-7.5635e-02,-6.9902e-02,-6.4411e-02,-5.9145e-02,-5.4085e-02,-4.9218e-02,-4.4527e-02,-4.0001e-02,-3.5627e-02,-3.1395e-02,-2.7294e-02,-2.3317e-02,-1.9455e-02,-1.5702e-02,-1.2051e-02,-8.4972e-03,-5.0367e-03
3.8606e-03,2.1559e-03,3.2465e-04,-1.6062e-03,-3.6130e-03,-5.6751e-03,-7.7771e-03,-9.9086e-03,-1.2064e-02,-1.4245e-02,-1.6457e-02,-1.8710e-02,-2.1018e-02,-2.3400e-02,-2.5875e-02,-2.8460e-02,-3.1176e-02,-3.4037e-02,-3.7057e-02,-4.0245e-02,-4.3608e-02,-4.7150e-02,-5.0877e-02,-5.4794e-02,-5.8912e-02,-6.3247e-02,-6.7822e-02,-7.2671e-02,-7.7832e-02,-8.3353e-02,-8.9283e-02,-9.5671e-02,-1.0256e-01,-1.0999e-01,-1.1799e-01,-1.2656e-01,-1.3571e-01,-1.4543e-01,-1.5572e-01,-1.6656e-01,-1.7798e-01,-1.9000e-01,-2.0269e-01,-2.1614e-01,-2.3050e-01,-2.4595e-01,-2.6270e-01,-2.8093e-01,-3.0063e-01,-3.2144e-01,-3.4282e-01,-3.6465e-01,-3.8832e-01,-4.1622e-01,-4.4742e-01,-4.7137e-01,-4.7429e-01,-4.5688e-01,-4.3009e-01,-4.0192e-01,-3.7539e-01,-3.5103e-01,-3.2867e-01,-3.0802e-01,-2.8884e-01,-2.7094e-01,-2.5417e-01,-2.3841e-01,-2.2358e-01,-2.0961e-01,-1.9646e-01,-1.8407e-01,-1.7241e-01,-1.6144e-01,-1.5110e-01,-1.4136e-01,-1.3217e-01,-1.2348e-01,-1.1527e-01,-1.0748e-01,-1.0008e-01,-9.3047e-02,-8.6342e-02,-7.9941e-02,-7.3819e-02,-6.7955e-02,-6.2327e-02,-5.6917e-02,-5.1708e-02,-4.6687e-02,-4.1838e-02,-3.7150e-02,-3.2611e-02,-2.8211e-02,-2.3942e-02,-1.9794e-02,-1.5761e-02,-1.1837e-02,-8.0173e-03,-4.2976e-03
3.8942e-03,2.3386e-03,6.5764e-04,-1.1224e-03,-2.9780e-03,-4.8886e-03,-6.8393e-03,-8.8186e-03,-1.0822e-02,-1.2848e-02,-1.4902e-02,-1.6994e-02,-1.9138e-02,-2.1350e-02,-2.3649e-02,-2.6053e-02,-2.8581e-02,-3.1250e-02,-3.4072e-02,-3.7057e-02,-4.0213e-02,-4.3544e-02,-4.7053e-02,-5.0744e-02,-5.4627e-02,-5.8711e-02,-6.3016e-02,-6.7570e-02,-7.2407e-02,-7.7568e-02,-8.3103e-02,-8.9059e-02,-9.5484e-02,-1.0242e-01,-1.0989e-01,-1.1792e-01,-1.2652e-01,-1.3568e-01,-1.4540e-01,-1.5566e-01,-1.6648e-01,-1.7786e-01,-1.8985e-01,-2.0252e-01,-2.1596e-01,-2.3031e-01,-2.4574e-01,-2.6247e-01,-2.8065e-01,-3.0025e-01,-3.2095e-01,-3.4224e-01,-3.6407e-01,-3.8784e-01,-4.1587e-01,-4.4712e-01,-4.7100e-01,-4.7380e-01,-4.5631e-01,-4.2947e-01,-4.0126e-01,-3.7468e-01,-3.5027e-01,-3.2787e-01,-3.0720e-01,-2.8802e-01,-2.7013e-01,-2.5337e-01,-2.3761e-01,-2.2278e-01,-2.0881e-01,-1.9564e-01,-1.8323e-01,-1.7153e-01,-1.6051e-01,-1.5012e-01,-1.4031e-01,-1.3105e-01,-1.2228e-01,-1.1397e-01,-1.0608e-01,-9.8570e-02,-9.1415e-02,-8.4583e-02,-7.8048e-02,-7.1784e-02,-6.5770e-02,-5.9987e-02,-5.4416e-02,-4.9042e-02,-4.3849e-02,-3.8825e-02,-3.3958e-02,-2.9237e-02,-2.4654e-02,-2.0200e-02,-1.5867e-02,-1.1651e-02,-7.5454e-03,-3.5466e-03
3.8902e-03,2.4763e-03,9.3820e-04,-6.9780e-04,-2.4084e-03,-4.1741e-03,-5.9790e-03,-7.8125e-03,-9.6679e-03,-1.1545e-02,-1.3448e-02,-1.5386e-02,-1.7371e-02,-1.9420e-02,-2.1550e-02,-2.3781e-02,-2.6129e-02,-2.8612e-02,-3.1244e-02,-3.4034e-02,-3.6991e-02,-4.0120e-02,-4.3421e-02,-4.6901e-02,-5.0561e-02,-5.4412e-02,-5.8468e-02,-6.2752e-02,-6.7292e-02,-7.2127e-02,-7.7300e-02,-8.2858e-02,-8.8849e-02,-9.5315e-02,-1.0229e-01,-1.0981e-01,-1.1787e-01,-1.2649e-01,-1.3566e-01,-1.4537e-01,-1.5561e-01,-1.6639e-01,-1.7775e-01,-1.8971e-01,-2.0236e-01,-2.1579e-01,-2.3013e-01,-2.4556e-01,-2.6226e-01,-2.8038e-01,-2.9988e-01,-3.2047e-01,-3.4167e-01,-3.6350e-01,-3.8737e-01,-4.1553e-01,-4.4682e-01,-4.7062e-01,-4.7330e-01,-4.5572e-01,-4.2883e-01,-4.0057e-01,-3.7394e-01,-3.4948e-01,-3.2705e-01,-3.0637e-01,-2.8719e-01,-2.6930e-01,-2.5254e-01,-2.3678e-01,-2.2194e-01,-2.0795e-01,-1.9475e-01,-1.8231e-01,-1.7057e-01,-1.5949e-01,-1.4903e-01,-1.3915e-01,-1.2980e-01,-1.2093e-01,-1.1252e-01,-1.0451e-01,-9.6876e-02,-8.9587e-02,-8.2612e-02,-7.5924e-02,-6.9501e-02,-6.3320e-02,-5.7363e-02,-5.1612e-02,-4.6052e-02,-4.0670e-02,-3.5452e-02,-3.0389e-02,-2.5470e-02,-2.0687e-02,-1.6033e-02,-1.1503e-02,-7.0899e-03,-2.7914e-03
3.8495e-03,2.5692e-03,1.1669e-03,-3.3158e-04,-1.9041e-03,-3.5310e-03,-5.1963e-03,-6.8891e-03,-8.6036e-03,-1.0338e-02,-1.2096e-02,-1.3885e-02,-1.5718e-02,-1.7610e-02,-1.9579e-02,-2.1641e-02,-2.3817e-02,-2.6122e-02,-2.8570e-02,-3.1173e-02,-3.3938e-02,-3.6872e-02,-3.9975e-02,-4.3251e-02,-4.6702e-02,-5.0335e-02,-5.4159e-02,-5.8193e-02,-6.2462e-02,-6.6998e-02,-7.1841e-02,-7.7034e-02,-8.2624e-02,-8.8655e-02,-9.5168e-02,-1.0219e-01,-1.0975e-01,-1.1784e-01,-1.2648e-01,-1.3564e-01,-1.4533e-01,-1.5555e-01,-1.6631e-01,-1.7763e-01,-1.8957e-01,-2.0220e-01,-2.1562e-01,-2.2996e-01,-2.4538e-01,-2.6206e-01,-2.8012e-01,-2.9953e-01,-3.1999e-01,-3.4110e-01,-3.6293e-01,-3.8689e-01,-4.1517e-01,-4.4650e-01,-4.7022e-01,-4.7278e-01,-4.5511e-01,-4.2816e-01,-3.9985e-01,-3.7316e-01,-3.4866e-01,-3.2619e-01,-3.0549e-01,-2.8631e-01,-2.6842e-01,-2.5166e-01,-2.3590e-01,-2.2104e-01,-2.0702e-01,-1.9379e-01,-1.8130e-01,-1.6950e-01,-1.5836e-01,-1.4782e-01,-1.3785e-01,-1.2840e-01,-1.1943e-01,-1.1089e-01,-1.0275e-01,-9.4976e-02,-8.7535e-02,-8.0398e-02,-7.3540e-02,-6.6938e-02,-6.0571e-02,-5.4420e-02,-4.8470e-02,-4.2706e-02,-3.7114e-02,-3.1684e-02,-2.6406e-02,-2.1272e-02,-1.6273e-02,-1.1405e-02,-6.6628e-03,-2.0416e-03
3.7732e-03,2.6191e-03,1.3457e-03,-2.2773e-05,-1.4639e-03,-2.9579e-03,-4.4898e-03,-6.0489e-03,-7.6277e-03,-9.2251e-03,-1.0844e-02,-1.2490e-02,-1.4178e-02,-1.5919e-02,-1.7732e-02,-1.9634e-02,-2.1643e-02,-2.3776e-02,-2.6047e-02,-2.8469e-02,-3.1050e-02,-3.3795e-02,-3.6707e-02,-3.9788e-02,-4.3040e-02,-4.6465e-02,-5.0073e-02,-5.3876e-02,-5.7895e-02,-6.2157e-02,-6.6697e-02,-7.1555e-02,-7.6776e-02,-8.2404e-02,-8.8481e-02,-9.5040e-02,-1.0211e-01,-1.0970e-01,-1.1782e-01,-1.2646e-01,-1.3562e-01,-1.4529e-01,-1.5548e-01,-1.6620e-01,-1.7749e-01,-1.8941e-01,-2.0202e-01,-2.1544e-01,-2.2979e-01,-2.4521e-01,-2.6186e-01,-2.7986e-01,-2.9917e-01,-3.1952e-01,-3.4053e-01,-3.6235e-01,-3.8641e-01,-4.1480e-01,-4.4615e-01,-4.6979e-01,-4.7223e-01,-4.5446e-01,-4.2744e-01,-3.9908e-01,-3.7234e-01,-3.4779e-01,-3.2529e-01,-3.0458e-01,-2.8539e-01,-2.6749e-01,-2.5072e-01,-2.3494e-01,-2.2006e-01,-2.0600e-01,-1.9272e-01,-1.8018e-01,-1.6832e-01,-1.5710e-01,-1.4647e-01,-1.3640e-01,-1.2684e-01,-1.1774e-01,-1.0906e-01,-1.0077e-01,-9.2841e-02,-8.5230e-02,-7.7912e-02,-7.0864e-02,-6.4062e-02,-5.7488e-02,-5.1123e-02,-4.4952e-02,-3.8963e-02,-3.3142e-02,-2.7481e-02,-2.1970e-02,-1.6603e-02,-1.1373e-02,-6.2761e-03,-1.3087e-03
3.6629e-03,2.6280e-03,1.4760e-03,2.3102e-04,-1.0851e-03,-2.4533e-03,-3.8586e-03,-5.2894e-03,-6.7391e-03,-8.2055e-03,-9.6908e-03,-1.1202e-02,-1.2749e-02,-1.4346e-02,-1.6010e-02,-1.7757e-02,-1.9606e-02,-2.1573e-02,-2.3674e-02,-2.5921e-02,-2.8322e-02,-3.0885e-02,-3.3613e-02,-3.6506e-02,-3.9566e-02,-4.2795e-02,-4.6198e-02,-4.9785e-02,-5.3571e-02,-5.7580e-02,-6.1842e-02,-6.6394e-02,-7.1276e-02,-7.6531e-02,-8.2201e-02,-8.8325e-02,-9.4931e-02,-1.0204e-01,-1.0966e-01,-1.1780e-01,-1.2644e-01,-1.3558e-01,-1.4523e-01,-1.5538e-01,-1.6606e-01,-1.7732e-01,-1.8922e-01,-2.0183e-01,-2.1525e-01,-2.2960e-01,-2.4502e-01,-2.6166e-01,-2.7960e-01,-2.9881e-01,-3.1904e-01,-3.3996e-01,-3.6177e-01,-3.8591e-01,-4.1440e-01,-4.4576e-01,-4.6933e-01,-4.7164e-01,-4.5375e-01,-4.2666e-01,-3.9824e-01,-3.7145e-01,-3.4686e-01,-3.2433e-01,-3.0360e-01,-2.8439e-01,-2.6649e-01,-2.4970e-01,-2.3389e-01,-2.1897e-01,-2.0487e-01,-1.9154e-01,-1.7893e-01,-1.6699e-01,-1.5568e-01,-1.4495e-01,-1.3476e-01,-1.2507e-01,-1.1583e-01,-1.0700e-01,-9.8550e-02,-9.0438e-02,-8.2637e-02,-7.5118e-02,-6.7858e-02,-6.0835e-02,-5.4032e-02,-4.7431e-02,-4.1018e-02,-3.4782e-02,-2.8712e-02,-2.2800e-02,-1.7038e-02,-1.1421e-02,-5.9448e-03,-6.0474e-04
3.5212e-03,2.5978e-03,1.5603e-03,4.3165e-04,-7.6619e-04,-2.0151e-03,-3.2997e-03,-4.6088e-03,-5.9357e-03,-7.2772e-03,-8.6357e-03,-1.0017e-02,-1.1430e-02,-1.2890e-02,-1.4410e-02,-1.6010e-02,-1.7705e-02,-1.9513e-02,-2.1448e-02,-2.3526e-02,-2.5754e-02,-2.8140e-02,-3.0689e-02,-3.3400e-02,-3.6275e-02,-3.9315e-02,-4.2523e-02,-4.5906e-02,-4.9475e-02,-5.3250e-02,-5.7256e-02,-6.1526e-02,-6.6096e-02,-7.1006e-02,-7.6300e-02,-8.2015e-02,-8.8185e-02,-9.4834e-02,-1.0198e-01,-1.0962e-01,-1.1777e-01,-1.2640e-01,-1.3552e-01,-1.4513e-01,-1.5524e-01,-1.6589e-01,-1.7712e-01,-1.8900e-01,-2.0160e-01,-2.1503e-01,-2.2939e-01,-2.4481e-01,-2.6143e-01,-2.7932e-01,-2.9843e-01,-3.1854e-01,-3.3937e-01,-3.6117e-01,-3.8538e-01,-4.1395e-01,-4.4532e-01,-4.6880e-01,-4.7099e-01,-4.5298e-01,-4.2580e-01,-3.9732e-01,-3.7048e-01,-3.4585e-01,-3.2329e-01,-3.0253e-01,-2.8331e-01,-2.6539e-01,-2.4857e-01,-2.3273e-01,-2.1776e-01,-2.0361e-01,-1.9021e-01,-1.7752e-01,-1.6548e-01,-1.5407e-01,-1.4323e-01,-1.3291e-01,-1.2308e-01,-1.1368e-01,-1.0468e-01,-9.6042e-02,-8.7731e-02,-7.9718e-02,-7.1976e-02,-6.4482e-02,-5.7216e-02,-5.0160e-02,-4.3300e-02,-3.6623e-02,-3.0119e-02,-2.3780e-02,-1.7597e-02,-1.1567e-02,-5.6830e-03,5.6306e-05
3.3512e-03,2.5322e-03,1.6018e-03,5.8278e-04,-5.0405e-04,-1.6401e-03,-2.8110e-03,-4.0045e-03,-5.2148e-03,-6.4379e-03,-7.6757e-03,-8.9327e-03,-1.0219e-02,-1.1547e-02,-1.2932e-02,-1.4389e-02,-1.5937e-02,-1.7591e-02,-1.9369e-02,-2.1283e-02,-2.3343e-02,-2.5558e-02,-2.7932e-02,-3.0467e-02,-3.3163e-02,-3.6021e-02,-3.9041e-02,-4.2230e-02,-4.5595e-02,-4.9152e-02,-5.2920e-02,-5.6929e-02,-6.1211e-02,-6.5805e-02,-7.0749e-02,-7.6084e-02,-8.1843e-02,-8.8057e-02,-9.4744e-02,-1.0192e-01,-1.0957e-01,-1.1771e-01,-1.2633e-01,-1.3542e-01,-1.4499e-01,-1.5506e-01,-1.6567e-01,-1.7687e-01,-1.8873e-01,-2.0133e-01,-2.1476e-01,-2.2913e-01,-2.4456e-01,-2.6116e-01,-2.7900e-01,-2.9803e-01,-3.1802e-01,-3.3876e-01,-3.6054e-01,-3.8480e-01,-4.1345e-01,-4.4481e-01,-4.6820e-01,-4.7025e-01,-4.5210e-01,-4.2483e-01,-3.9630e-01,-3.6942e-01,-3.4474e-01,-3.2215e-01,-3.0137e-01,-2.8212e-01,-2.6417e-01,-2.4731e-01,-2.3143e-01,-2.1641e-01,-2.0218e-01,-1.8870e-01,-1.7592e-01,-1.6378e-01,-1.5225e-01,-1.4128e-01,-1.3081e-01,-1.2082e-01,-1.1124e-01,-1.0205e-01,-9.3209e-02,-8.4678e-02,-7.6431e-02,-6.8442e-02,-6.0690e-02,-5.3157e-02,-4.5826e-02,-3.8684e-02,-3.1721e-02,-2.4927e-02,-1.8298e-02,-1.1825e-02,-5.5072e-03,6.5983e-04
3.1557e-03,2.4340e-03,1.6038e-03,6.8742e-04,-2.9475e-04,-1.3250e-03,-2.3884e-03,-3.4736e-03,-4.5734e-03,-5.6849e-03,-6.8082e-03,-7.9482e-03,-9.1142e-03,-1.0317e-02,-1.1572e-02,-1.2894e-02,-1.4300e-02,-1.5808e-02,-1.7434e-02,-1.9190e-02,-2.1088e-02,-2.3137e-02,-2.5341e-02,-2.7704e-02,-3.0226e-02,-3.2908e-02,-3.5748e-02,-3.8751e-02,-4.1922e-02,-4.5272e-02,-4.8819e-02,-5.2586e-02,-5.6603e-02,-6.0903e-02,-6.5524e-02,-7.0505e-02,-7.5880e-02,-8.1682e-02,-8.7934e-02,-9.4652e-02,-1.0184e-01,-1.0950e-01,-1.1763e-01,-1.2622e-01,-1.3527e-01,-1.4479e-01,-1.5482e-01,-1.6539e-01,-1.7656e-01,-1.8840e-01,-2.0100e-01,-2.1444e-01,-2.2882e-01,-2.4426e-01,-2.6085e-01,-2.7864e-01,-2.9758e-01,-3.1746e-01,-3.3810e-01,-3.5985e-01,-3.8417e-01,-4.1287e-01,-4.4422e-01,-4.6751e-01,-4.6941e-01,-4.5112e-01,-4.2375e-01,-3.9516e-01,-3.6823e-01,-3.4352e-01,-3.2089e-01,-3.0007e-01,-2.8079e-01,-2.6280e-01,-2.4590e-01,-2.2996e-01,-2.1487e-01,-2.0056e-01,-1.8699e-01,-1.7410e-01,-1.6184e-01,-1.5018e-01,-1.3906e-01,-1.2843e-01,-1.1825e-01,-1.0848e-01,-9.9081e-02,-9.0008e-02,-8.1233e-02,-7.2728e-02,-6.4469e-02,-5.6435e-02,-4.8610e-02,-4.0979e-02,-3.3532e-02,-2.6259e-02,-1.9155e-02,-1.2214e-02,-5.4328e-03,1.1912e-03
2.9380e-03,2.3070e-03,1.5700e-03,7.4938e-04,-1.3513e-04,-1.0661e-03,-2.0290e-03,-3.0122e-03,-4.0086e-03,-5.0142e-03,-6.0297e-03,-7.0596e-03,-8.1116e-03,-9.1961e-03,-1.0328e-02,-1.1521e-02,-1.2793e-02,-1.4161e-02,-1.5640e-02,-1.7245e-02,-1.8986e-02,-2.0874e-02,-2.2915e-02,-2.5111e-02,-2.7463e-02,-2.9973e-02,-3.2639e-02,-3.5462e-02,-3.8448e-02,-4.1603e-02,-4.4942e-02,-4.8484e-02,-5.2254e-02,-5.6283e-02,-6.0604e-02,-6.5256e-02,-7.0272e-02,-7.5686e-02,-8.1525e-02,-8.7809e-02,-9.4549e-02,-1.0175e-01,-1.0940e-01,-1.1751e-01,-1.2606e-01,-1.3506e-01,-1.4453e-01,-1.5451e-01,-1.6503e-01,-1.7617e-01,-1.8800e-01,-2.0059e-01,-2.1404e-01,-2.2844e-01,-2.4388e-01,-2.6046e-01,-2.7821e-01,-2.9707e-01,-3.1684e-01,-3.3739e-01,-3.5911e-01,-3.8347e-01,-4.1221e-01,-4.4352e-01,-4.6671e-01,-4.6844e-01,-4.4999e-01,-4.2252e-01,-3.9387e-01,-3.6690e-01,-3.4215e-01,-3.1948e-01,-2.9863e-01,-2.7930e-01,-2.6125e-01,-2.4430e-01,-2.2828e-01,-2.1311e-01,-1.9872e-01,-1.8503e-01,-1.7202e-01,-1.5963e-01,-1.4782e-01,-1.3653e-01,-1.2572e-01,-1.1534e-01,-1.0535e-01,-9.5715e-02,-8.6390e-02,-7.7347e-02,-6.8559e-02,-6.0004e-02,-5.1663e-02,-4.3520e-02,-3.5565e-02,-2.7789e-02,-2.0184e-02,-1.2747e-02,-5.4740e-03,1.6364e-03
2.7026e-03,2.1549e-03,1.5045e-03,7.7262e-04,-2.0955e-05,-8.5926e-04,-1.7280e-03,-2.6162e-03,-3.5156e-03,-4.4228e-03,-5.3373e-03,-6.2634e-03,-7.2078e-03,-8.1812e-03,-9.1960e-03,-1.0268e-02,-1.1413e-02,-1.2647e-02,-1.3987e-02,-1.5446e-02,-1.7037e-02,-1.8770e-02,-2.0651e-02,-2.2685e-02,-2.4873e-02,-2.7216e-02,-2.9712e-02,-3.2362e-02,-3.5169e-02,-3.8138e-02,-4.1280e-02,-4.4611e-02,-4.8151e-02,-5.1927e-02,-5.5970e-02,-6.0316e-02,-6.4997e-02,-7.0048e-02,-7.5497e-02,-8.1367e-02,-8.7674e-02,-9.4425e-02,-1.0162e-01,-1.0925e-01,-1.1732e-01,-1.2583e-01,-1.3478e-01,-1.4419e-01,-1.5412e-01,-1.6460e-01,-1.7570e-01,-1.8750e-01,-2.0009e-01,-2.1355e-01,-2.2796e-01,-2.4342e-01,-2.5999e-01,-2.7770e-01,-2.9648e-01,-3.1615e-01,-3.3661e-01,-3.5829e-01,-3.8267e-01,-4.1143e-01,-4.4270e-01,-4.6577e-01,-4.6733e-01,-4.4871e-01,-4.2112e-01,-3.9241e-01,-3.6540e-01,-3.4061e-01,-3.1790e-01,-2.9700e-01,-2.7761e-01,-2.5950e-01,-2.4247e-01,-2.2637e-01,-2.1110e-01,-1.9660e-01,-1.8279e-01,-1.6964e-01,-1.5710e-01,-1.4511e-01,-1.3364e-01,-1.2263e-01,-1.1203e-01,-1.0180e-01,-9.1901e-02,-8.2299e-02,-7.2963e-02,-6.3866e-02,-5.4989e-02,-4.6315e-02,-3.7830e-02,-2.9526e-02,-2.1397e-02,-1.3436e-02,-5.6439e-03,1.9828e-03
2.4527e-03,1.9818e-03,1.4112e-03,7.6154e-04,5.2180e-05,-7.0060e-04,-1.4818e-03,-2.2812e-03,-3.0910e-03,-3.9060e-03,-4.7267e-03,-5.5557e-03,-6.3997e-03,-7.2688e-03,-8.1745e-03,-9.1319e-03,-1.0156e-02,-1.1264e-02,-1.2471e-02,-1.3791e-02,-1.5238e-02,-1.6821e-02,-1.8549e-02,-2.0426e-02,-2.2454e-02,-2.4634e-02,-2.6965e-02,-2.9447e-02,-3.2082e-02,-3.4873e-02,-3.7827e-02,-4.0957e-02,-4.4281e-02,-4.7823e-02,-5.1607e-02,-5.5668e-02,-6.0037e-02,-6.4747e-02,-6.9828e-02,-7.5306e-02,-8.1200e-02,-8.7520e-02,-9.4271e-02,-1.0145e-01,-1.0905e-01,-1.1708e-01,-1.2553e-01,-1.3442e-01,-1.4377e-01,-1.5363e-01,-1.6406e-01,-1.7513e-01,-1.8692e-01,-1.9950e-01,-2.1296e-01,-2.2738e-01,-2.4285e-01,-2.5942e-01,-2.7709e-01,-2.9580e-01,-3.1537e-01,-3.3574e-01,-3.5738e-01,-3.8175e-01,-4.1052e-01,-4.4174e-01,-4.6469e-01,-4.6606e-01,-4.4724e-01,-4.1953e-01,-3.9076e-01,-3.6371e-01,-3.3888e-01,-3.1612e-01,-2.9515e-01,-2.7569e-01,-2.5750e-01,-2.4038e-01,-2.2418e-01,-2.0880e-01,-1.9417e-01,-1.8022e-01,-1.6691e-01,-1.5420e-01,-1.4202e-01,-1.3034e-01,-1.1910e-01,-1.0826e-01,-9.7762e-02,-8.7580e-02,-7.7676e-02,-6.8020e-02,-5.8588e-02,-4.9362e-02,-4.0328e-02,-3.1476e-02,-2.2798e-02,-1.4290e-02,-5.9511e-03,2.2207e-03
2.1923e-03,1.7917e-03,1.2943e-03,7.2065e-04,8.8539e-05,-5.8505e-04,-1.2859e-03,-2.0037e-03,-2.7296e-03,-3.4599e-03,-4.1932e-03,-4.9324e-03,-5.6832e-03,-6.4548e-03,-7.2586e-03,-8.1084e-03,-9.0195e-03,-1.0008e-02,-1.1089e-02,-1.2277e-02,-1.3586e-02,-1.5026e-02,-1.6606e-02,-1.8331e-02,-2.0204e-02,-2.2226e-02,-2.4397e-02,-2.6717e-02,-2.9184e-02,-3.1803e-02,-3.4578e-02,-3.7518e-02,-4.0639e-02,-4.3959e-02,-4.7503e-02,-5.1298e-02,-5.5376e-02,-5.9767e-02,-6.4502e-02,-6.9609e-02,-7.5107e-02,-8.1014e-02,-8.7336e-02,-9.4075e-02,-1.0123e-01,-1.0879e-01,-1.1676e-01,-1.2514e-01,-1.3396e-01,-1.4325e-01,-1.5305e-01,-1.6343e-01,-1.7446e-01,-1.8622e-01,-1.9879e-01,-2.1225e-01,-2.2668e-01,-2.4216e-01,-2.5872e-01,-2.7637e-01,-2.9501e-01,-3.1449e-01,-3.3477e-01,-3.5635e-01,-3.8071e-01,-4.0946e-01,-4.4061e-01,-4.6342e-01,-4.6459e-01,-4.4555e-01,-4.1771e-01,-3.8888e-01,-3.6180e-01,-3.3693e-01,-3.1410e-01,-2.9306e-01,-2.7351e-01,-2.5521e-01,-2.3798e-01,-2.2166e-01,-2.0615e-01,-1.9137e-01,-1.7727e-01,-1.6378e-01,-1.5087e-01,-1.3849e-01,-1.2657e-01,-1.1508e-01,-1.0397e-01,-9.3182e-02,-8.2689e-02,-7.2454e-02,-6.2451e-02,-5.2656e-02,-4.3055e-02,-3.3635e-02,-2.4388e-02,-1.5310e-02,-6.3992e-03,2.3449e-03
1.9255e-03,1.5889e-03,1.1585e-03,6.5383e-04,9.2741e-05,-5.0807e-04,-1.1354e-03,-1.7777e-03,-2.4273e-03,-3.0792e-03,-3.7327e-03,-4.3889e-03,-5.0535e-03,-5.7351e-03,-6.4442e-03,-7.1940e-03,-7.9992e-03,-8.8757e-03,-9.8377e-03,-1.0901e-02,-1.2079e-02,-1.3382e-02,-1.4820e-02,-1.6399e-02,-1.8123e-02,-1.9992e-02,-2.2008e-02,-2.4169e-02,-2.6475e-02,-2.8927e-02,-3.1530e-02,-3.4289e-02,-3.7217e-02,-4.0329e-02,-4.3646e-02,-4.7193e-02,-5.0999e-02,-5.5092e-02,-5.9502e-02,-6.4258e-02,-6.9383e-02,-7.4893e-02,-8.0803e-02,-8.7115e-02,-9.3829e-02,-1.0094e-01,-1.0845e-01,-1.1635e-01,-1.2467e-01,-1.3341e-01,-1.4263e-01,-1.5236e-01,-1.6268e-01,-1.7367e-01,-1.8540e-01,-1.9795e-01,-2.1141e-01,-2.2585e-01,-2.4133e-01,-2.5789e-01,-2.7550e-01,-2.9409e-01,-3.1348e-01,-3.3367e-01,-3.5518e-01,-3.7951e-01,-4.0822e-01,-4.3928e-01,-4.6196e-01,-4.6290e-01,-4.4363e-01,-4.1565e-01,-3.8675e-01,-3.5963e-01,-3.3471e-01,-3.1182e-01,-2.9067e-01,-2.7101e-01,-2.5260e-01,-2.3524e-01,-2.1878e-01,-2.0311e-01,-1.8817e-01,-1.7388e-01,-1.6019e-01,-1.4707e-01,-1.3444e-01,-1.2227e-01,-1.1051e-01,-9.9092e-02,-8.7987e-02,-7.7155e-02,-6.6562e-02,-5.6183e-02,-4.5998e-02,-3.5993e-02,-2.6159e-02,-1.6491e-02,-6.9857e-03,2.3557e-03
1.6555e-03,1.3774e-03,1.0074e-03,5.6576e-04,6.9257e-05,-4.6578e-04,-1.0256e-03,-1.5996e-03,-2.1797e-03,-2.7604e-03,-3.3404e-03,-3.9209e-03,-4.5068e-03,-5.1055e-03,-5.7271e-03,-6.3845e-03,-7.0915e-03,-7.8629e-03,-8.7143e-03,-9.6604e-03,-1.0714e-02,-1.1887e-02,-1.3190e-02,-1.4629e-02,-1.6208e-02,-1.7930e-02,-1.9795e-02,-2.1803e-02,-2.3953e-02,-2.6245e-02,-2.8681e-02,-3.1266e-02,-3.4011e-02,-3.6926e-02,-4.0030e-02,-4.3346e-02,-4.6896e-02,-5.0710e-02,-5.4816e-02,-5.9241e-02,-6.4010e-02,-6.9144e-02,-7.4656e-02,-8.0556e-02,-8.6847e-02,-9.3523e-02,-1.0059e-01,-1.0803e-01,-1.1586e-01,-1.2409e-01,-1.3276e-01,-1.4189e-01,-1.5156e-01,-1.6182e-01,-1.7276e-01,-1.8445e-01,-1.9698e-01,-2.1043e-01,-2.2487e-01,-2.4035e-01,-2.5690e-01,-2.7449e-01,-2.9302e-01,-3.1233e-01,-3.3243e-01,-3.5386e-01,-3.7814e-01,-4.0679e-01,-4.3775e-01,-4.6027e-01,-4.6097e-01,-4.4145e-01,-4.1330e-01,-3.8434e-01,-3.5718e-01,-3.3221e-01,-3.0923e-01,-2.8797e-01,-2.6817e-01,-2.4961e-01,-2.3209e-01,-2.1547e-01,-1.9963e-01,-1.8449e-01,-1.6999e-01,-1.5608e-01,-1.4271e-01,-1.2982e-01,-1.1737e-01,-1.0530e-01,-9.3555e-02,-8.2103e-02,-7.0901e-02,-5.9921e-02,-4.9137e-02,-3.8533e-02,-2.8096e-02,-1.7819e-02,-7.7003e-03,2.2618e-03
1.3877e-03,1.1612e-03,8.4611e-04,4.6089e-04,2.2795e-05,-4.5279e-04,-9.5189e-04,-1.4642e-03,-1.9811e-03,-2.4979e-03,-3.0118e-03,-3.5236e-03,-4.0375e-03,-4.5610e-03,-5.1030e-03,-5.6753e-03,-6.2915e-03,-6.9663e-03,-7.7145e-03,-8.5501e-03,-9.4875e-03,-1.0538e-02,-1.1712e-02,-1.3018e-02,-1.4459e-02,-1.6039e-02,-1.7759e-02,-1.9618e-02,-2.1616e-02,-2.3753e-02,-2.6030e-02,-2.8449e-02,-3.1018e-02,-3.3746e-02,-3.6650e-02,-3.9746e-02,-4.3058e-02,-4.6611e-02,-5.0431e-02,-5.4545e-02,-5.8978e-02,-6.3753e-02,-6.8886e-02,-7.4389e-02,-8.0268e-02,-8.6523e-02,-9.3152e-02,-1.0015e-01,-1.0752e-01,-1.1527e-01,-1.2342e-01,-1.3200e-01,-1.4105e-01,-1.5064e-01,-1.6084e-01,-1.7172e-01,-1.8337e-01,-1.9587e-01,-2.0930e-01,-2.2372e-01,-2.3920e-01,-2.5574e-01,-2.7330e-01,-2.9178e-01,-3.1102e-01,-3.3102e-01,-3.5237e-01,-3.7657e-01,-4.0513e-01,-4.3598e-01,-4.5834e-01,-4.5878e-01,-4.3898e-01,-4.1066e-01,-3.8162e-01,-3.5442e-01,-3.2938e-01,-3.0630e-01,-2.8490e-01,-2.6494e-01,-2.4621e-01,-2.2850e-01,-2.1168e-01,-1.9563e-01,-1.8027e-01,-1.6554e-01,-1.5138e-01,-1.3773e-01,-1.2455e-01,-1.1178e-01,-9.9373e-02,-8.7275e-02,-7.5444e-02,-6.3844e-02,-5.2445e-02,-4.1227e-02,-3.0172e-02,-1.9272e-02,-8.5223e-03,2.0795e-03
1.1244e-03,9.4410e-04,6.7794e-04,3.4332e-04,-4.2889e-05,-4.6507e-04,-9.0972e-04,-1.3669e-03,-1.8279e-03,-2.2870e-03,-2.7415e-03,-3.1920e-03,-3.6418e-03,-4.0971e-03,-4.5667e-03,-5.0622e-03,-5.5955e-03,-6.1814e-03,-6.8335e-03,-7.5675e-03,-8.3959e-03,-9.3312e-03,-1.0384e-02,-1.1563e-02,-1.2872e-02,-1.4316e-02,-1.5897e-02,-1.7613e-02,-1.9466e-02,-2.1453e-02,-2.3575e-02,-2.5834e-02,-2.8235e-02,-3.0786e-02,-3.3500e-02,-3.6390e-02,-3.9478e-02,-4.2786e-02,-4.6337e-02,-5.0159e-02,-5.4275e-02,-5.8710e-02,-6.3481e-02,-6.8603e-02,-7.4086e-02,-7.9931e-02,-8.6140e-02,-9.2708e-02,-9.9635e-02,-1.0692e-01,-1.1459e-01,-1.2264e-01,-1.3113e-01,-1.4010e-01,-1.4961e-01,-1.5974e-01,-1.7056e-01,-1.8216e-01,-1.9461e-01,-2.0801e-01,-2.2241e-01,-2.3787e-01,-2.5439e-01,-2.7193e-01,-2.9037e-01,-3.0953e-01,-3.2944e-01,-3.5069e-01,-3.7478e-01,-4.0323e-01,-4.3395e-01,-4.5614e-01,-4.5629e-01,-4.3619e-01,-4.0768e-01,-3.7857e-01,-3.5131e-01,-3.2620e-01,-3.0299e-01,-2.8142e-01,-2.6127e-01,-2.4233e-01,-2.2441e-01,-2.0736e-01,-1.9107e-01,-1.7545e-01,-1.6045e-01,-1.4600e-01,-1.3205e-01,-1.1854e-01,-1.0543e-01,-9.2652e-02,-8.0163e-02,-6.7921e-02,-5.5890e-02,-4.4042e-02,-3.2356e-02,-2.0819e-02,-9.4229e-03,1.8357e-03
8.6984e-04,7.3054e-04,5.0732e-04,2.1714e-04,-1.2243e-04,-4.9764e-04,-8.9482e-04,-1.3033e-03,-1.7146e-03,-2.1229e-03,-2.5253e-03,-2.9213e-03,-3.3142e-03,-3.7091e-03,-4.1142e-03,-4.5399e-03,-4.9983e-03,-5.5029e-03,-6.0678e-03,-6.7072e-03,-7.4349e-03,-8.2627e-03,-9.2018e-03,-1.0261e-02,-1.1445e-02,-1.2760e-02,-1.4208e-02,-1.5787e-02,-1.7499e-02,-1.9342e-02,-2.1315e-02,-2.3421e-02,-2.5662e-02,-2.8044e-02,-3.0577e-02,-3.3273e-02,-3.6150e-02,-3.9227e-02,-4.2527e-02,-4.6074e-02,-4.9892e-02,-5.4004e-02,-5.8430e-02,-6.3188e-02,-6.8289e-02,-7.3739e-02,-7.9539e-02,-8.5691e-02,-9.2189e-02,-9.9035e-02,-1.0623e-01,-1.1380e-01,-1.2176e-01,-1.3015e-01,-1.3903e-01,-1.4846e-01,-1.5851e-01,-1.6926e-01,-1.8080e-01,-1.9320e-01,-2.0656e-01,-2.2092e-01,-2.3635e-01,-2.5285e-01,-2.7037e-01,-2.8875e-01,-3.0785e-01,-3.2766e-01,-3.4879e-01,-3.7276e-01,-4.0106e-01,-4.3164e-01,-4.5365e-01,-4.5350e-01,-4.3306e-01,-4.0434e-01,-3.7514e-01,-3.4783e-01,-3.2262e-01,-2.9925e-01,-2.7749e-01,-2.5711e-01,-2.3792e-01,-2.1975e-01,-2.0243e-01,-1.8586e-01,-1.6996e-01,-1.5465e-01,-1.3988e-01,-1.2558e-01,-1.1172e-01,-9.8218e-02,-8.5037e-02,-7.2124e-02,-5.9437e-02,-4.6940e-02,-3.4607e-02,-2.2419e-02,-1.0364e-02,1.5661e-03
6.2713e-04,5.2344e-04,3.3772e-04,8.6840e-05,-2.1261e-04,-5.4682e-04,-9.0224e-04,-1.2687e-03,-1.6367e-03,-2.0013e-03,-2.3580e-03,-2.7071e-03,-3.0500e-03,-3.3918e-03,-3.7400e-03,-4.1040e-03,-4.4951e-03,-4.9270e-03,-5.4123e-03,-5.9655e-03,-6.6003e-03,-7.3284e-03,-8.1614e-03,-9.1083e-03,-1.0176e-02,-1.1368e-02,-1.2688e-02,-1.4137e-02,-1.5715e-02,-1.7420e-02,-1.9251e-02,-2.1210e-02,-2.3297e-02,-2.5517e-02,-2.7879e-02,-3.0391e-02,-3.3069e-02,-3.5930e-02,-3.8994e-02,-4.2283e-02,-4.5820e-02,-4.9628e-02,-5.3727e-02,-5.8137e-02,-6.2871e-02,-6.7939e-02,-7.3345e-02,-7.9091e-02,-8.5174e-02,-9.1593e-02,-9.8350e-02,-1.0545e-01,-1.1292e-01,-1.2078e-01,-1.2908e-01,-1.3786e-01,-1.4720e-01,-1.5717e-01,-1.6784e-01,-1.7930e-01,-1.9164e-01,-2.0494e-01,-2.1925e-01,-2.3464e-01,-2.5111e-01,-2.6859e-01,-2.8693e-01,-3.0595e-01,-3.2566e-01,-3.4667e-01,-3.7047e-01,-3.9861e-01,-4.2903e-01,-4.5084e-01,-4.5037e-01,-4.2956e-01,-4.0062e-01,-3.7131e-01,-3.4393e-01,-3.1860e-01,-2.9506e-01,-2.7307e-01,-2.5242e-01,-2.3294e-01,-2.1446e-01,-1.9683e-01,-1.7995e-01,-1.6371e-01,-1.4805e-01,-1.3291e-01,-1.1824e-01,-1.0397e-01,-9.0050e-02,-7.6428e-02,-6.3053e-02,-4.9882e-02,-3.6883e-02,-2.4027e-02,-1.1298e-02,1.3168e-03
3.9985e-04,3.2630e-04,1.7282e-04,-4.3843e-05,-3.0944e-04,-6.0818e-04,-9.2790e-04,-1.2583e-03,-1.5900e-03,-1.9169e-03,-2.2357e-03,-2.5440e-03,-2.8446e-03,-3.1410e-03,-3.4395e-03,-3.7497e-03,-4.0816e-03,-4.4481e-03,-4.8624e-03,-5.3377e-03,-5.8875e-03,-6.5243e-03,-7.2593e-03,-8.1019e-03,-9.0591e-03,-1.0136e-02,-1.1337e-02,-1.2662e-02,-1.4111e-02,-1.5684e-02,-1.7380e-02,-1.9197e-02,-2.1138e-02,-2.3205e-02,-2.5403e-02,-2.7742e-02,-3.0232e-02,-3.2890e-02,-3.5732e-02,-3.8779e-02,-4.2051e-02,-4.5573e-02,-4.9363e-02,-5.3442e-02,-5.7826e-02,-6.2526e-02,-6.7550e-02,-7.2903e-02,-7.8582e-02,-8.4588e-02,-9.0920e-02,-9.7581e-02,-1.0458e-01,-1.1195e-01,-1.1971e-01,-1.2790e-01,-1.3659e-01,-1.4583e-01,-1.5571e-01,-1.6629e-01,-1.7768e-01,-1.8993e-01,-2.0315e-01,-2.1740e-01,-2.3273e-01,-2.4915e-01,-2.6659e-01,-2.8488e-01,-3.0383e-01,-3.2344e-01,-3.4429e-01,-3.6791e-01,-3.9585e-01,-4.2609e-01,-4.4771e-01,-4.4688e-01,-4.2567e-01,-3.9648e-01,-3.6705e-01,-3.3958e-01,-3.1412e-01,-2.9037e-01,-2.6810e-01,-2.4713e-01,-2.2731e-01,-2.0848e-01,-1.9050e-01,-1.7324e-01,-1.5662e-01,-1.4057e-01,-1.2502e-01,-1.0991e-01,-9.5201e-02,-8.0819e-02,-6.6713e-02,-5.2834e-02,-3.9140e-02,-2.5596e-02,-1.2175e-02,1.1399e-03
1.9112e-04,1.4290e-04,1.6388e-05,-1.7226e-04,-4.0850e-04,-6.7765e-04,-9.6807e-04,-1.2686e-03,-1.5699e-03,-1.8662e-03,-2.1525e-03,-2.4283e-03,-2.6929e-03,-2.9510e-03,-3.2079e-03,-3.4716e-03,-3.7526e-03,-4.0622e-03,-4.4131e-03,-4.8188e-03,-5.2924e-03,-5.8456e-03,-6.4909e-03,-7.2370e-03,-8.0920e-03,-9.0615e-03,-1.0150e-02,-1.1358e-02,-1.2686e-02,-1.4133e-02,-1.5699e-02,-1.7383e-02,-1.9184e-02,-2.1104e-02,-2.3149e-02,-2.5322e-02,-2.7637e-02,-3.0103e-02,-3.2736e-02,-3.5556e-02,-3.8581e-02,-4.1832e-02,-4.5331e-02,-4.9096e-02,-5.3146e-02,-5.7494e-02,-6.2151e-02,-6.7122e-02,-7.2410e-02,-7.8014e-02,-8.3936e-02,-9.0174e-02,-9.6736e-02,-1.0363e-01,-1.1089e-01,-1.1854e-01,-1.2664e-01,-1.3522e-01,-1.4437e-01,-1.5415e-01,-1.6464e-01,-1.7592e-01,-1.8808e-01,-2.0121e-01,-2.1537e-01,-2.3063e-01,-2.4698e-01,-2.6436e-01,-2.8260e-01,-3.0148e-01,-3.2096e-01,-3.4165e-01,-3.6506e-01,-3.9277e-01,-4.2281e-01,-4.4421e-01,-4.4301e-01,-4.2137e-01,-3.9189e-01,-3.6233e-01,-3.3474e-01,-3.0911e-01,-2.8512e-01,-2.6253e-01,-2.4120e-01,-2.2098e-01,-2.0174e-01,-1.8334e-01,-1.6565e-01,-1.4860e-01,-1.3210e-01,-1.1609e-01,-1.0051e-01,-8.5300e-02,-7.0407e-02,-5.5771e-02,-4.1344e-02,-2.7079e-02,-1.2943e-02,1.0920e-03
2.8573e-06,-2.4054e-05,-1.2863e-04,-2.9418e-04,-5.0670e-04,-7.5221e-04,-1.0187e-03,-1.2950e-03,-1.5724e-03,-1.8445e-03,-2.1057e-03,-2.3545e-03,-2.5913e-03,-2.8180e-03,-3.0403e-03,-3.2657e-03,-3.5033e-03,-3.7641e-03,-4.0601e-03,-4.4041e-03,-4.8093e-03,-5.2883e-03,-5.8516e-03,-6.5097e-03,-7.2707e-03,-8.1401e-03,-9.1233e-03,-1.0221e-02,-1.1435e-02,-1.2764e-02,-1.4208e-02,-1.5764e-02,-1.7433e-02,-1.9215e-02,-2.1113e-02,-2.3131e-02,-2.5278e-02,-2.7564e-02,-3.0003e-02,-3.2609e-02,-3.5402e-02,-3.8400e-02,-4.1624e-02,-4.5093e-02,-4.8825e-02,-5.2837e-02,-5.7140e-02,-6.1744e-02,-6.6652e-02,-7.1868e-02,-7.7391e-02,-8.3221e-02,-8.9361e-02,-9.5819e-02,-1.0261e-01,-1.0976e-01,-1.1731e-01,-1.2529e-01,-1.3377e-01,-1.4281e-01,-1.5249e-01,-1.6287e-01,-1.7404e-01,-1.8609e-01,-1.9911e-01,-2.1316e-01,-2.2832e-01,-2.4459e-01,-2.6190e-01,-2.8007e-01,-2.9887e-01,-3.1823e-01,-3.3872e-01,-3.6188e-01,-3.8933e-01,-4.1916e-01,-4.4034e-01,-4.3873e-01,-4.1662e-01,-3.8683e-01,-3.5711e-01,-3.2938e-01,-3.0355e-01,-2.7926e-01,-2.5630e-01,-2.3455e-01,-2.1388e-01,-1.9416e-01,-1.7528e-01,-1.5710e-01,-1.3955e-01,-1.2254e-01,-1.0601e-01,-8.9897e-02,-7.4143e-02,-5.8687e-02,-4.3470e-02,-2.8441e-02,-1.3554e-02,1.2293e-03
-1.6106e-04,-1.7256e-04,-2.5934e-04,-4.0707e-04,-6.0085e-04,-8.2809e-04,-1.0759e-03,-1.3343e-03,-1.5937e-03,-1.8473e-03,-2.0902e-03,-2.3193e-03,-2.5343e-03,-2.7371e-03,-2.9326e-03,-3.1269e-03,-3.3288e-03,-3.5482e-03,-3.7977e-03,-4.0887e-03,-4.4343e-03,-4.8463e-03,-5.3367e-03,-5.9152e-03,-6.5898e-03,-7.3677e-03,-8.2534e-03,-9.2495e-03,-1.0357e-02,-1.1575e-02,-1.2903e-02,-1.4339e-02,-1.5883e-02,-1.7533e-02,-1.9293e-02,-2.1165e-02,-2.3155e-02,-2.5272e-02,-2.7528e-02,-2.9934e-02,-3.2509e-02,-3.5271e-02,-3.8236e-02,-4.1426e-02,-4.4858e-02,-4.8550e-02,-5.2515e-02,-5.6765e-02,-6.1307e-02,-6.6145e-02,-7.1281e-02,-7.6715e-02,-8.2450e-02,-8.8488e-02,-9.4841e-02,-1.0152e-01,-1.0857e-01,-1.1600e-01,-1.2388e-01,-1.3226e-01,-1.4119e-01,-1.5075e-01,-1.6101e-01,-1.7206e-01,-1.8398e-01,-1.9686e-01,-2.1079e-01,-2.2582e-01,-2.4198e-01,-2.5921e-01,-2.7730e-01,-2.9600e-01,-3.1522e-01,-3.3550e-01,-3.5837e-01,-3.8553e-01,-4.1513e-01,-4.3608e-01,-4.3403e-01,-4.1140e-01,-3.8127e-01,-3.5135e-01,-3.2345e-01,-2.9739e-01,-2.7276e-01,-2.4937e-01,-2.2712e-01,-2.0592e-01,-1.8567e-01,-1.6623e-01,-1.4749e-01,-1.2937e-01,-1.1178e-01,-9.4667e-02,-7.7960e-02,-6.1598e-02,-4.5519e-02,-2.9662e-02,-1.3972e-02,1.5993e-03
-2.9925e-04,-2.9901e-04,-3.7271e-04,-5.0715e-04,-6.8793e-04,-9.0164e-04,-1.1367e-03,-1.3827e-03,-1.6298e-03,-1.8714e-03,-2.1021e-03,-2.3181e-03,-2.5183e-03,-2.7044e-03,-2.8800e-03,-3.0506e-03,-3.2248e-03,-3.4118e-03,-3.6220e-03,-3.8680e-03,-4.1621e-03,-4.5162e-03,-4.9414e-03,-5.4481e-03,-6.0454e-03,-6.7398e-03,-7.5364e-03,-8.4378e-03,-9.4461e-03,-1.0560e-02,-1.1781e-02,-1.3104e-02,-1.4530e-02,-1.6058e-02,-1.7687e-02,-1.9421e-02,-2.1264e-02,-2.3223e-02,-2.5307e-02,-2.7527e-02,-2.9899e-02,-3.2438e-02,-3.5162e-02,-3.8089e-02,-4.1238e-02,-4.4626e-02,-4.8270e-02,-5.2180e-02,-5.6369e-02,-6.0842e-02,-6.5603e-02,-7.0654e-02,-7.5996e-02,-8.1631e-02,-8.7566e-02,-9.3812e-02,-1.0039e-01,-1.0732e-01,-1.1465e-01,-1.2242e-01,-1.3068e-01,-1.3950e-01,-1.4894e-01,-1.5908e-01,-1.6999e-01,-1.8176e-01,-1.9448e-01,-2.0825e-01,-2.2314e-01,-2.3917e-01,-2.5627e-01,-2.7426e-01,-2.9285e-01,-3.1191e-01,-3.3195e-01,-3.5451e-01,-3.8133e-01,-4.1068e-01,-4.3139e-01,-4.2888e-01,-4.0569e-01,-3.7516e-01,-3.4501e-01,-3.1691e-01,-2.9056e-01,-2.6553e-01,-2.4165e-01,-2.1884e-01,-1.9704e-01,-1.7616e-01,-1.5608e-01,-1.3671e-01,-1.1794e-01,-9.9700e-02,-8.1928e-02,-6.4555e-02,-4.7517e-02,-3.0747e-02,-1.4183e-02,2.2352e-03
-4.0913e-04,-4.0138e-04,-4.6692e-04,-5.9292e-04,-7.6470e-04,-9.7028e-04,-1.1980e-03,-1.4369e-03,-1.6778e-03,-1.9133e-03,-2.1377e-03,-2.3468e-03,-2.5391e-03,-2.7152e-03,-2.8783e-03,-3.0330e-03,-3.1867e-03,-3.3480e-03,-3.5278e-03,-3.7374e-03,-3.9881e-03,-4.2921e-03,-4.6610e-03,-5.1046e-03,-5.6329e-03,-6.2516e-03,-6.9670e-03,-7.7824e-03,-8.6994e-03,-9.7174e-03,-1.0837e-02,-1.2056e-02,-1.3371e-02,-1.4784e-02,-1.6292e-02,-1.7897e-02,-1.9602e-02,-2.1412e-02,-2.3336e-02,-2.5382e-02,-2.7564e-02,-2.9896e-02,-3.2394e-02,-3.5076e-02,-3.7959e-02,-4.1061e-02,-4.4399e-02,-4.7986e-02,-5.1836e-02,-5.5956e-02,-6.0354e-02,-6.5033e-02,-6.9994e-02,-7.5241e-02,-8.0775e-02,-8.6606e-02,-9.2746e-02,-9.9216e-02,-1.0604e-01,-1.1326e-01,-1.2092e-01,-1.2907e-01,-1.3777e-01,-1.4708e-01,-1.5707e-01,-1.6783e-01,-1.7943e-01,-1.9198e-01,-2.0556e-01,-2.2027e-01,-2.3614e-01,-2.5310e-01,-2.7096e-01,-2.8942e-01,-3.0829e-01,-3.2806e-01,-3.5027e-01,-3.7673e-01,-4.0581e-01,-4.2626e-01,-4.2325e-01,-3.9945e-01,-3.6848e-01,-3.3805e-01,-3.0970e-01,-2.8301e-01,-2.5753e-01,-2.3308e-01,-2.0963e-01,-1.8714e-01,-1.6555e-01,-1.4474e-01,-1.2463e-01,-1.0513e-01,-8.6158e-02,-6.7647e-02,-4.9529e-02,-3.1737e-02,-1.4202e-02,3.1465e-03
-4.8861e-04,-4.7738e-04,-5.3960e-04,-6.6093e-04,-8.2922e-04,-1.0313e-03,-1.2568e-03,-1.4943e-03,-1.7342e-03,-1.9693e-03,-2.1935e-03,-2.4022e-03,-2.5931e-03,-2.7660e-03,-2.9234e-03,-3.0692e-03,-3.2101e-03,-3.3542e-03,-3.5112e-03,-3.6914e-03,-3.9076e-03,-4.1700e-03,-4.4907e-03,-4.8797e-03,-5.3465e-03,-5.8981e-03,-6.5408e-03,-7.2778e-03,-8.1116e-03,-9.0421e-03,-1.0068e-02,-1.1190e-02,-1.2404e-02,-1.3709e-02,-1.5103e-02,-1.6588e-02,-1.8164e-02,-1.9837e-02,-2.1611e-02,-2.3495e-02,-2.5501e-02,-2.7640e-02,-2.9927e-02,-3.2380e-02,-3.5014e-02,-3.7847e-02,-4.0896e-02,-4.4177e-02,-4.7702e-02,-5.1484e-02,-5.5532e-02,-5.9849e-02,-6.4442e-02,-6.9311e-02,-7.4460e-02,-7.9894e-02,-8.5622e-02,-9.1657e-02,-9.8021e-02,-1.0474e-01,-1.1186e-01,-1.1940e-01,-1.2744e-01,-1.3601e-01,-1.4518e-01,-1.5502e-01,-1.6560e-01,-1.7702e-01,-1.8936e-01,-2.0273e-01,-2.1723e-01,-2.3290e-01,-2.4969e-01,-2.6739e-01,-2.8568e-01,-3.0435e-01,-3.2382e-01,-3.4563e-01,-3.7169e-01,-4.0049e-01,-4.2066e-01,-4.1711e-01,-3.9264e-01,-3.6118e-01,-3.3042e-01,-3.0176e-01,-2.7467e-01,-2.4867e-01,-2.2358e-01,-1.9940e-01,-1.7612e-01,-1.5371e-01,-1.3208e-01,-1.1114e-01,-9.0809e-02,-7.1005e-02,-5.1663e-02,-3.2712e-02,-1.4079e-02,4.3083e-03
-5.3725e-04,-5.2631e-04,-5.8827e-04,-7.0981e-04,-8.7899e-04,-1.0827e-03,-1.3106e-03,-1.5515e-03,-1.7960e-03,-2.0368e-03,-2.2667e-03,-2.4808e-03,-2.6766e-03,-2.8530e-03,-3.0110e-03,-3.1555e-03,-3.2909e-03,-3.4250e-03,-3.5666e-03,-3.7264e-03,-3.9153e-03,-4.1445e-03,-4.4251e-03,-4.7680e-03,-5.1820e-03,-5.6748e-03,-6.2531e-03,-6.9196e-03,-7.6782e-03,-8.5287e-03,-9.4707e-03,-1.0503e-02,-1.1622e-02,-1.2827e-02,-1.4117e-02,-1.5490e-02,-1.6948e-02,-1.8492e-02,-2.0127e-02,-2.1861e-02,-2.3703e-02,-2.5663e-02,-2.7755e-02,-2.9993e-02,-3.2395e-02,-3.4977e-02,-3.7754e-02,-4.0745e-02,-4.3963e-02,-4.7422e-02,-5.1132e-02,-5.5101e-02,-5.9335e-02,-6.3839e-02,-6.8614e-02,-7.3666e-02,-7.9000e-02,-8.4626e-02,-9.0558e-02,-9.6818e-02,-1.0343e-01,-1.1044e-01,-1.1788e-01,-1.2579e-01,-1.3423e-01,-1.4325e-01,-1.5292e-01,-1.6332e-01,-1.7452e-01,-1.8664e-01,-1.9977e-01,-2.1402e-01,-2.2946e-01,-2.4603e-01,-2.6354e-01,-2.8163e-01,-3.0005e-01,-3.1918e-01,-3.4056e-01,-3.6619e-01,-3.9467e-01,-4.1455e-01,-4.1042e-01,-3.8522e-01,-3.5321e-01,-3.2206e-01,-2.9302e-01,-2.6547e-01,-2.3886e-01,-2.1304e-01,-1.8803e-01,-1.6387e-01,-1.4053e-01,-1.1797e-01,-9.6084e-02,-7.4811e-02,-5.4072e-02,-3.3797e-02,-1.3913e-02,5.6549e-03
-5.5153e-04,-5.4527e-04,-6.1152e-04,-7.3797e-04,-9.1166e-04,-1.1219e-03,-1.3571e-03,-1.6064e-03,-1.8609e-03,-2.1125e-03,-2.3535e-03,-2.5793e-03,-2.7860e-03,-2.9723e-03,-3.1386e-03,-3.2879e-03,-3.4252e-03,-3.5564e-03,-3.6909e-03,-3.8376e-03,-4.0074e-03,-4.2112e-03,-4.4605e-03,-4.7652e-03,-5.1344e-03,-5.5769e-03,-6.0984e-03,-6.7034e-03,-7.3946e-03,-8.1731e-03,-9.0384e-03,-9.9889e-03,-1.1022e-02,-1.2137e-02,-1.3329e-02,-1.4600e-02,-1.5947e-02,-1.7372e-02,-1.8880e-02,-2.0475e-02,-2.2165e-02,-2.3960e-02,-2.5870e-02,-2.7911e-02,-3.0097e-02,-3.2443e-02,-3.4967e-02,-3.7684e-02,-4.0612e-02,-4.3762e-02,-4.7150e-02,-5.0783e-02,-5.4672e-02,-5.8820e-02,-6.3233e-02,-6.7915e-02,-7.2870e-02,-7.8105e-02,-8.3630e-02,-8.9462e-02,-9.5620e-02,-1.0213e-01,-1.0903e-01,-1.1635e-01,-1.2413e-01,-1.3243e-01,-1.4130e-01,-1.5079e-01,-1.6098e-01,-1.7195e-01,-1.8381e-01,-1.9667e-01,-2.1064e-01,-2.2580e-01,-2.4211e-01,-2.5938e-01,-2.7723e-01,-2.9537e-01,-3.1412e-01,-3.3503e-01,-3.6019e-01,-3.8834e-01,-4.0790e-01,-4.0313e-01,-3.7715e-01,-3.4450e-01,-3.1289e-01,-2.8340e-01,-2.5530e-01,-2.2800e-01,-2.0136e-01,-1.7541e-01,-1.5024e-01,-1.2586e-01,-1.0223e-01,-7.9290e-02,-5.6957e-02,-3.5167e-02,-1.3849e-02,7.0719e-03
-5.3233e-04,-5.3388e-04,-6.0752e-04,-7.4274e-04,-9.2599e-04,-1.1466e-03,-1.3937e-03,-1.6570e-03,-1.9265e-03,-2.1941e-03,-2.4522e-03,-2.6953e-03,-2.9185e-03,-3.1211e-03,-3.3022e-03,-3.4633e-03,-3.6089e-03,-3.7451e-03,-3.8792e-03,-4.0207e-03,-4.1791e-03,-4.3658e-03,-4.5913e-03,-4.8659e-03,-5.1990e-03,-5.5990e-03,-6.0718e-03,-6.6230e-03,-7.2552e-03,-7.9699e-03,-8.7661e-03,-9.6433e-03,-1.0599e-02,-1.1630e-02,-1.2734e-02,-1.3910e-02,-1.5156e-02,-1.6473e-02,-1.7863e-02,-1.9331e-02,-2.0881e-02,-2.2523e-02,-2.4267e-02,-2.6125e-02,-2.8110e-02,-3.0238e-02,-3.2525e-02,-3.4987e-02,-3.7641e-02,-4.0500e-02,-4.3580e-02,-4.6892e-02,-5.0446e-02,-5.4251e-02,-5.8313e-02,-6.2635e-02,-6.7223e-02,-7.2082e-02,-7.7220e-02,-8.2647e-02,-8.8379e-02,-9.4436e-02,-1.0084e-01,-1.0763e-01,-1.1483e-01,-1.2248e-01,-1.3063e-01,-1.3933e-01,-1.4862e-01,-1.5858e-01,-1.6930e-01,-1.8087e-01,-1.9343e-01,-2.0707e-01,-2.2191e-01,-2.3791e-01,-2.5489e-01,-2.7246e-01,-2.9026e-01,-3.0859e-01,-3.2899e-01,-3.5365e-01,-3.8143e-01,-4.0065e-01,-3.9519e-01,-3.6833e-01,-3.3498e-01,-3.0282e-01,-2.7280e-01,-2.4406e-01,-2.1598e-01,-1.8839e-01,-1.6139e-01,-1.3509e-01,-1.0953e-01,-8.4706e-02,-6.0564e-02,-3.7043e-02,-1.4079e-02,8.3976e-03
-4.7711e-04,-4.9025e-04,-5.7605e-04,-7.2313e-04,-9.2012e-04,-1.1560e-03,-1.4193e-03,-1.7007e-03,-1.9901e-03,-2.2788e-03,-2.5596e-03,-2.8251e-03,-3.0720e-03,-3.2965e-03,-3.4978e-03,-3.6779e-03,-3.8390e-03,-3.9866e-03,-4.1280e-03,-4.2715e-03,-4.4266e-03,-4.6037e-03,-4.8132e-03,-5.0655e-03,-5.3704e-03,-5.7358e-03,-6.1683e-03,-6.6739e-03,-7.2548e-03,-7.9132e-03,-8.6490e-03,-9.4605e-03,-1.0346e-02,-1.1302e-02,-1.2327e-02,-1.3417e-02,-1.4571e-02,-1.5789e-02,-1.7071e-02,-1.8421e-02,-1.9844e-02,-2.1346e-02,-2.2936e-02,-2.4626e-02,-2.6427e-02,-2.8354e-02,-3.0421e-02,-3.2645e-02,-3.5041e-02,-3.7626e-02,-4.0414e-02,-4.3420e-02,-4.6654e-02,-5.0128e-02,-5.3848e-02,-5.7821e-02,-6.2053e-02,-6.6547e-02,-7.1312e-02,-7.6353e-02,-8.1683e-02,-8.7316e-02,-9.3271e-02,-9.9572e-02,-1.0624e-01,-1.1332e-01,-1.2083e-01,-1.2882e-01,-1.3732e-01,-1.4640e-01,-1.5612e-01,-1.6655e-01,-1.7781e-01,-1.9002e-01,-2.0331e-01,-2.1777e-01,-2.3341e-01,-2.5004e-01,-2.6726e-01,-2.8468e-01,-3.0254e-01,-3.2238e-01,-3.4650e-01,-3.7390e-01,-3.9273e-01,-3.8652e-01,-3.5871e-01,-3.2455e-01,-2.9175e-01,-2.6110e-01,-2.3162e-01,-2.0263e-01,-1.7399e-01,-1.4580e-01,-1.1822e-01,-9.1337e-02,-6.5168e-02,-3.9685e-02,-1.4841e-02,9.4216e-03
-3.8588e-04,-4.1393e-04,-5.1526e-04,-6.7851e-04,-8.9300e-04,-1.1476e-03,-1.4322e-03,-1.7365e-03,-2.0504e-03,-2.3652e-03,-2.6733e-03,-2.9672e-03,-3.2427e-03,-3.4952e-03,-3.7235e-03,-3.9285e-03,-4.1119e-03,-4.2780e-03,-4.4337e-03,-4.5866e-03,-4.7457e-03,-4.9206e-03,-5.1221e-03,-5.3600e-03,-5.6444e-03,-5.9829e-03,-6.3834e-03,-6.8505e-03,-7.3881e-03,-7.9987e-03,-8.6814e-03,-9.4355e-03,-1.0259e-02,-1.1148e-02,-1.2101e-02,-1.3114e-02,-1.4185e-02,-1.5313e-02,-1.6497e-02,-1.7741e-02,-1.9047e-02,-2.0421e-02,-2.1872e-02,-2.3407e-02,-2.5038e-02,-2.6779e-02,-2.8643e-02,-3.0646e-02,-3.2804e-02,-3.5131e-02,-3.7646e-02,-4.0360e-02,-4.3289e-02,-4.6443e-02,-4.9833e-02,-5.3467e-02,-5.7352e-02,-6.1492e-02,-6.5894e-02,-7.0564e-02,-7.5509e-02,-8.0741e-02,-8.6274e-02,-9.2124e-02,-9.8313e-02,-1.0486e-01,-1.1180e-01,-1.1916e-01,-1.2697e-01,-1.3527e-01,-1.4411e-01,-1.5355e-01,-1.6368e-01,-1.7459e-01,-1.8642e-01,-1.9929e-01,-2.1334e-01,-2.2855e-01,-2.4477e-01,-2.6157e-01,-2.7855e-01,-2.9589e-01,-3.1513e-01,-3.3866e-01,-3.6564e-01,-3.8406e-01,-3.7703e-01,-3.4815e-01,-3.1308e-01,-2.7953e-01,-2.4814e-01,-2.1780e-01,-1.8779e-01,-1.5795e-01,-1.2842e-01,-9.9411e-02,-7.1044e-02,-4.3377e-02,-1.6407e-02,9.8938e-03
-2.5735e-04,-3.0390e-04,-4.2388e-04,-6.0726e-04,-8.4317e-04,-1.1208e-03,-1.4308e-03,-1.7620e-03,-2.1053e-03,-2.4511e-03,-2.7917e-03,-3.1194e-03,-3.4289e-03,-3.7150e-03,-3.9765e-03,-4.2121e-03,-4.4242e-03,-4.6158e-03,-4.7926e-03,-4.9615e-03,-5.1318e-03,-5.3121e-03,-5.5134e-03,-5.7448e-03,-6.0159e-03,-6.3357e-03,-6.7114e-03,-7.1484e-03,-7.6509e-03,-8.2203e-03,-8.8580e-03,-9.5623e-03,-1.0331e-02,-1.1161e-02,-1.2051e-02,-1.2995e-02,-1.3991e-02,-1.5038e-02,-1.6134e-02,-1.7282e-02,-1.8482e-02,-1.9741e-02,-2.1063e-02,-2.2458e-02,-2.3934e-02,-2.5505e-02,-2.7183e-02,-2.8982e-02,-3.0918e-02,-3.3006e-02,-3.5263e-02,-3.7703e-02,-4.0342e-02,-4.3191e-02,-4.6263e-02,-4.9569e-02,-5.3116e-02,-5.6910e-02,-6.0958e-02,-6.5266e-02,-6.9840e-02,-7.4688e-02,-7.9818e-02,-8.5246e-02,-9.0985e-02,-9.7053e-02,-1.0347e-01,-1.1026e-01,-1.1745e-01,-1.2506e-01,-1.3313e-01,-1.4171e-01,-1.5085e-01,-1.6063e-01,-1.7116e-01,-1.8256e-01,-1.9499e-01,-2.0855e-01,-2.2328e-01,-2.3901e-01,-2.5532e-01,-2.7178e-01,-2.8854e-01,-3.0713e-01,-3.3004e-01,-3.5658e-01,-3.7453e-01,-3.6658e-01,-3.3654e-01,-3.0043e-01,-2.6600e-01,-2.3374e-01,-2.0242e-01,-1.7124e-01,-1.4004e-01,-1.0902e-01,-7.8402e-02,-4.8384e-02,-1.9060e-02,9.5375e-03
-9.1258e-05,-1.5930e-04,-3.0190e-04,-5.0846e-04,-7.6971e-04,-1.0745e-03,-1.4135e-03,-1.7764e-03,-2.1535e-03,-2.5350e-03,-2.9127e-03,-3.2792e-03,-3.6276e-03,-3.9537e-03,-4.2535e-03,-4.5266e-03,-4.7734e-03,-4.9963e-03,-5.2011e-03,-5.3937e-03,-5.5820e-03,-5.7753e-03,-5.9829e-03,-6.2151e-03,-6.4810e-03,-6.7893e-03,-7.1478e-03,-7.5620e-03,-8.0362e-03,-8.5732e-03,-9.1727e-03,-9.8348e-03,-1.0557e-02,-1.1337e-02,-1.2170e-02,-1.3053e-02,-1.3983e-02,-1.4958e-02,-1.5976e-02,-1.7037e-02,-1.8142e-02,-1.9296e-02,-2.0503e-02,-2.1770e-02,-2.3106e-02,-2.4521e-02,-2.6028e-02,-2.7641e-02,-2.9372e-02,-3.1238e-02,-3.3256e-02,-3.5438e-02,-3.7802e-02,-4.0362e-02,-4.3130e-02,-4.6118e-02,-4.9336e-02,-5.2793e-02,-5.6495e-02,-6.0449e-02,-6.4659e-02,-6.9132e-02,-7.3876e-02,-7.8900e-02,-8.4213e-02,-8.9830e-02,-9.5764e-02,-1.0203e-01,-1.0865e-01,-1.1564e-01,-1.2303e-01,-1.3084e-01,-1.3913e-01,-1.4793e-01,-1.5734e-01,-1.6744e-01,-1.7838e-01,-1.9030e-01,-2.0332e-01,-2.1750e-01,-2.3266e-01,-2.4841e-01,-2.6427e-01,-2.8038e-01,-2.9826e-01,-3.2051e-01,-3.4655e-01,-3.6398e-01,-3.5503e-01,-3.2368e-01,-2.8640e-01,-2.5095e-01,-2.1768e-01,-1.8522e-01,-1.5271e-01,-1.1999e-01,-8.7287e-02,-5.4892e-02,-2.3055e-02,8.0731e-03
1.1274e-04,1.9725e-05,-1.4830e-04,-3.8210e-04,-6.7190e-04,-1.0074e-03,-1.3799e-03,-1.7786e-03,-2.1932e-03,-2.6151e-03,-3.0351e-03,-3.4449e-03,-3.8379e-03,-4.2083e-03,-4.5527e-03,-4.8686e-03,-5.1559e-03,-5.4177e-03,-5.6565e-03,-5.8791e-03,-6.0926e-03,-6.3054e-03,-6.5269e-03,-6.7671e-03,-7.0351e-03,-7.3394e-03,-7.6877e-03,-8.0869e-03,-8.5399e-03,-9.0511e-03,-9.6204e-03,-1.0248e-02,-1.0931e-02,-1.1667e-02,-1.2451e-02,-1.3282e-02,-1.4154e-02,-1.5066e-02,-1.6014e-02,-1.6998e-02,-1.8019e-02,-1.9078e-02,-2.0181e-02,-2.1333e-02,-2.2542e-02,-2.3817e-02,-2.5168e-02,-2.6609e-02,-2.8154e-02,-2.9815e-02,-3.1610e-02,-3.3553e-02,-3.5659e-02,-3.7944e-02,-4.0422e-02,-4.3106e-02,-4.6007e-02,-4.9134e-02,-5.2497e-02,-5.6102e-02,-5.9954e-02,-6.4061e-02,-6.8426e-02,-7.3057e-02,-7.7961e-02,-8.3146e-02,-8.8622e-02,-9.4401e-02,-1.0049e-01,-1.0691e-01,-1.1368e-01,-1.2081e-01,-1.2833e-01,-1.3628e-01,-1.4471e-01,-1.5369e-01,-1.6333e-01,-1.7376e-01,-1.8512e-01,-1.9755e-01,-2.1109e-01,-2.2561e-01,-2.4069e-01,-2.5588e-01,-2.7126e-01,-2.8837e-01,-3.0990e-01,-3.3540e-01,-3.5224e-01,-3.4216e-01,-3.0937e-01,-2.7076e-01,-2.3414e-01,-1.9970e-01,-1.6593e-01,-1.3191e-01,-9.7479e-02,-6.2902e-02,-2.8550e-02,5.2603e-03
3.5506e-04,2.3388e-04,3.6951e-05,-2.2701e-04,-5.4884e-04,-9.1958e-04,-1.3286e-03,-1.7667e-03,-2.2240e-03,-2.6904e-03,-3.1570e-03,-3.6151e-03,-4.0577e-03,-4.4780e-03,-4.8719e-03,-5.2365e-03,-5.5710e-03,-5.8763e-03,-6.1559e-03,-6.4149e-03,-6.6601e-03,-6.8994e-03,-7.1421e-03,-7.3969e-03,-7.6735e-03,-7.9809e-03,-8.3267e-03,-8.7172e-03,-9.1569e-03,-9.6491e-03,-1.0196e-02,-1.0795e-02,-1.1446e-02,-1.2145e-02,-1.2890e-02,-1.3675e-02,-1.4497e-02,-1.5353e-02,-1.6240e-02,-1.7156e-02,-1.8102e-02,-1.9079e-02,-2.0089e-02,-2.1137e-02,-2.2232e-02,-2.3380e-02,-2.4591e-02,-2.5877e-02,-2.7250e-02,-2.8724e-02,-3.0314e-02,-3.2034e-02,-3.3900e-02,-3.5927e-02,-3.8130e-02,-4.0522e-02,-4.3116e-02,-4.5924e-02,-4.8955e-02,-5.2216e-02,-5.5716e-02,-5.9459e-02,-6.3449e-02,-6.7694e-02,-7.2195e-02,-7.6961e-02,-8.1996e-02,-8.7307e-02,-9.2901e-02,-9.8786e-02,-1.0497e-01,-1.1147e-01,-1.1830e-01,-1.2548e-01,-1.3305e-01,-1.4105e-01,-1.4957e-01,-1.5870e-01,-1.6857e-01,-1.7932e-01,-1.9108e-01,-2.0392e-01,-2.1770e-01,-2.3202e-01,-2.4643e-01,-2.6099e-01,-2.7725e-01,-2.9800e-01,-3.2291e-01,-3.3907e-01,-3.2774e-01,-2.9334e-01,-2.5322e-01,-2.1525e-01,-1.7945e-01,-1.4419e-01,-1.0847e-01,-7.2128e-02,-3.5495e-02,9.7460e-04
6.3562e-04,4.8366e-04,2.5463e-04,-4.3157e-05,-4.0073e-04,-8.0952e-04,-1.2596e-03,-1.7413e-03,-2.2443e-03,-2.7598e-03,-3.2773e-03,-3.7886e-03,-4.2848e-03,-4.7601e-03,-5.2091e-03,-5.6278e-03,-6.0145e-03,-6.3699e-03,-6.6963e-03,-6.9984e-03,-7.2818e-03,-7.5540e-03,-7.8239e-03,-8.1006e-03,-8.3929e-03,-8.7104e-03,-9.0599e-03,-9.4492e-03,-9.8822e-03,-1.0363e-02,-1.0892e-02,-1.1471e-02,-1.2097e-02,-1.2767e-02,-1.3477e-02,-1.4225e-02,-1.5005e-02,-1.5814e-02,-1.6647e-02,-1.7505e-02,-1.8385e-02,-1.9288e-02,-2.0215e-02,-2.1173e-02,-2.2165e-02,-2.3199e-02,-2.4284e-02,-2.5429e-02,-2.6647e-02,-2.7950e-02,-2.9352e-02,-3.0867e-02,-3.2509e-02,-3.4295e-02,-3.6239e-02,-3.8354e-02,-4.0655e-02,-4.3153e-02,-4.5860e-02,-4.8784e-02,-5.1934e-02,-5.5315e-02,-5.8933e-02,-6.2791e-02,-6.6894e-02,-7.1244e-02,-7.5845e-02,-8.0699e-02,-8.5809e-02,-9.1180e-02,-9.6813e-02,-1.0271e-01,-1.0889e-01,-1.1536e-01,-1.2215e-01,-1.2928e-01,-1.3681e-01,-1.4481e-01,-1.5338e-01,-1.6263e-01,-1.7271e-01,-1.8376e-01,-1.9581e-01,-2.0875e-01,-2.2221e-01,-2.3572e-01,-2.4936e-01,-2.6468e-01,-2.8457e-01,-3.0880e-01,-3.2418e-01,-3.1145e-01,-2.7525e-01,-2.3344e-01,-1.9392e-01,-1.5657e-01,-1.1961e-01,-8.1976e-02,-4.3538e-02,-4.6865e-03
9.5439e-04,7.6848e-04,5.0461e-04,1.6984e-04,-2.2689e-04,-6.7720e-04,-1.1717e-03,-1.7005e-03,-2.2537e-03,-2.8218e-03,-3.3948e-03,-3.9631e-03,-4.5186e-03,-5.0538e-03,-5.5625e-03,-6.0406e-03,-6.4851e-03,-6.8964e-03,-7.2754e-03,-7.6259e-03,-7.9540e-03,-8.2658e-03,-8.5698e-03,-8.8746e-03,-9.1896e-03,-9.5232e-03,-9.8832e-03,-1.0278e-02,-1.0710e-02,-1.1186e-02,-1.1706e-02,-1.2270e-02,-1.2877e-02,-1.3525e-02,-1.4209e-02,-1.4925e-02,-1.5670e-02,-1.6439e-02,-1.7228e-02,-1.8034e-02,-1.8857e-02,-1.9696e-02,-2.0552e-02,-2.1428e-02,-2.2330e-02,-2.3263e-02,-2.4234e-02,-2.5254e-02,-2.6331e-02,-2.7479e-02,-2.8709e-02,-3.0035e-02,-3.1472e-02,-3.3033e-02,-3.4734e-02,-3.6588e-02,-3.8608e-02,-4.0809e-02,-4.3201e-02,-4.5795e-02,-4.8598e-02,-5.1620e-02,-5.4864e-02,-5.8336e-02,-6.2037e-02,-6.5970e-02,-7.0137e-02,-7.4537e-02,-7.9168e-02,-8.4032e-02,-8.9126e-02,-9.4452e-02,-1.0001e-01,-1.0581e-01,-1.1185e-01,-1.1817e-01,-1.2481e-01,-1.3180e-01,-1.3922e-01,-1.4717e-01,-1.5575e-01,-1.6511e-01,-1.7536e-01,-1.8654e-01,-1.9855e-01,-2.1102e-01,-2.2352e-01,-2.3612e-01,-2.5039e-01,-2.6930e-01,-2.9276e-01,-3.0724e-01,-2.9292e-01,-2.5472e-01,-2.1100e-01,-1.6972e-01,-1.3061e-01,-9.1740e-02,-5.2006e-02,-1.1302e-02
1.3116e-03,1.0891e-03,7.8696e-04,4.1222e-04,-2.7154e-05,-5.2202e-04,-1.0645e-03,-1.6441e-03,-2.2513e-03,-2.8758e-03,-3.5082e-03,-4.1386e-03,-4.7572e-03,-5.3571e-03,-5.9304e-03,-6.4727e-03,-6.9807e-03,-7.4531e-03,-7.8908e-03,-8.2961e-03,-8.6741e-03,-9.0316e-03,-9.3757e-03,-9.7154e-03,-1.0059e-02,-1.0416e-02,-1.0793e-02,-1.1198e-02,-1.1638e-02,-1.2114e-02,-1.2630e-02,-1.3186e-02,-1.3781e-02,-1.4413e-02,-1.5077e-02,-1.5769e-02,-1.6485e-02,-1.7221e-02,-1.7972e-02,-1.8736e-02,-1.9510e-02,-2.0294e-02,-2.1087e-02,-2.1894e-02,-2.2716e-02,-2.3559e-02,-2.4430e-02,-2.5336e-02,-2.6288e-02,-2.7295e-02,-2.8370e-02,-2.9525e-02,-3.0772e-02,-3.2126e-02,-3.3600e-02,-3.5207e-02,-3.6963e-02,-3.8878e-02,-4.0965e-02,-4.3236e-02,-4.5699e-02,-4.8363e-02,-5.1233e-02,-5.4315e-02,-5.7610e-02,-6.1121e-02,-6.4847e-02,-6.8787e-02,-7.2938e-02,-7.7294e-02,-8.1852e-02,-8.6606e-02,-9.1553e-02,-9.6692e-02,-1.0203e-01,-1.0757e-01,-1.1335e-01,-1.1941e-01,-1.2579e-01,-1.3256e-01,-1.3983e-01,-1.4769e-01,-1.5626e-01,-1.6565e-01,-1.7588e-01,-1.8685e-01,-1.9821e-01,-2.0954e-01,-2.2096e-01,-2.3404e-01,-2.5185e-01,-2.7439e-01,-2.8781e-01,-2.7170e-01,-2.3129e-01,-1.8544e-01,-1.4218e-01,-1.0109e-01,-6.0123e-02,-1.8122e-02
1.7072e-03,1.4449e-03,1.1013e-03,6.8384e-04,1.9931e-04,-3.4416e-04,-9.3764e-04,-1.5720e-03,-2.2369e-03,-2.9221e-03,-3.6177e-03,-4.3135e-03,-4.9995e-03,-5.6681e-03,-6.3112e-03,-6.9229e-03,-7.4993e-03,-8.0381e-03,-8.5392e-03,-9.0051e-03,-9.4395e-03,-9.8488e-03,-1.0239e-02,-1.0619e-02,-1.0998e-02,-1.1384e-02,-1.1784e-02,-1.2207e-02,-1.2659e-02,-1.3142e-02,-1.3661e-02,-1.4215e-02,-1.4803e-02,-1.5424e-02,-1.6074e-02,-1.6749e-02,-1.7443e-02,-1.8153e-02,-1.8874e-02,-1.9602e-02,-2.0335e-02,-2.1072e-02,-2.1812e-02,-2.2557e-02,-2.3310e-02,-2.4075e-02,-2.4857e-02,-2.5663e-02,-2.6502e-02,-2.7385e-02,-2.8319e-02,-2.9317e-02,-3.0392e-02,-3.1555e-02,-3.2819e-02,-3.4196e-02,-3.5701e-02,-3.7345e-02,-3.9140e-02,-4.1097e-02,-4.3226e-02,-4.5535e-02,-4.8031e-02,-5.0719e-02,-5.3602e-02,-5.6683e-02,-5.9960e-02,-6.3430e-02,-6.7088e-02,-7.0929e-02,-7.4943e-02,-7.9122e-02,-8.3456e-02,-8.7940e-02,-9.2572e-02,-9.7356e-02,-1.0231e-01,-1.0746e-01,-1.1285e-01,-1.1853e-01,-1.2460e-01,-1.3112e-01,-1.3819e-01,-1.4591e-01,-1.5437e-01,-1.6357e-01,-1.7338e-01,-1.8348e-01,-1.9350e-01,-2.0355e-01,-2.1526e-01,-2.3179e-01,-2.5325e-01,-2.6541e-01,-2.4730e-01,-2.0443e-01,-1.5623e-01,-1.1078e-01,-6.7531e-02,-2.4304e-02
2.1404e-03,1.8360e-03,1.4487e-03,9.8514e-04,4.5183e-04,-1.4311e-04,-7.9111e-04,-1.4830e-03,-2.2089e-03,-2.9587e-03,-3.7213e-03,-4.4866e-03,-5.2449e-03,-5.9868e-03,-6.7035e-03,-7.3892e-03,-8.0386e-03,-8.6491e-03,-9.2194e-03,-9.7512e-03,-1.0248e-02,-1.0714e-02,-1.1157e-02,-1.1583e-02,-1.2003e-02,-1.2423e-02,-1.2853e-02,-1.3300e-02,-1.3769e-02,-1.4265e-02,-1.4792e-02,-1.5350e-02,-1.5938e-02,-1.6554e-02,-1.7196e-02,-1.7859e-02,-1.8537e-02,-1.9227e-02,-1.9924e-02,-2.0624e-02,-2.1324e-02,-2.2021e-02,-2.2716e-02,-2.3409e-02,-2.4102e-02,-2.4798e-02,-2.5502e-02,-2.6221e-02,-2.6961e-02,-2.7731e-02,-2.8539e-02,-2.9397e-02,-3.0314e-02,-3.1302e-02,-3.2372e-02,-3.3536e-02,-3.4807e-02,-3.6193e-02,-3.7709e-02,-3.9363e-02,-4.1165e-02,-4.3124e-02,-4.5247e-02,-4.7540e-02,-5.0007e-02,-5.2647e-02,-5.5463e-02,-5.8449e-02,-6.1601e-02,-6.4911e-02,-6.8367e-02,-7.1959e-02,-7.5671e-02,-7.9493e-02,-8.3415e-02,-8.7437e-02,-9.1565e-02,-9.5820e-02,-1.0024e-01,-1.0487e-01,-1.0978e-01,-1.1505e-01,-1.2075e-01,-1.2698e-01,-1.3379e-01,-1.4123e-01,-1.4930e-01,-1.5784e-01,-1.6653e-01,-1.7504e-01,-1.8352e-01,-1.9364e-01,-2.0865e-01,-2.2880e-01,-2.3948e-01,-2.1912e-01,-1.7358e-01,-1.2282e-01,-7.5016e-02,-2.9463e-02
2.6118e-03,2.2618e-03,1.8279e-03,1.3154e-03,7.3054e-04,8.1357e-05,-6.2460e-04,-1.3778e-03,-2.1682e-03,-2.9856e-03,-3.8190e-03,-4.6580e-03,-5.4914e-03,-6.3109e-03,-7.1060e-03,-7.8704e-03,-8.5977e-03,-9.2844e-03,-9.9294e-03,-1.0532e-02,-1.1096e-02,-1.1625e-02,-1.2125e-02,-1.2605e-02,-1.3070e-02,-1.3532e-02,-1.3996e-02,-1.4472e-02,-1.4965e-02,-1.5480e-02,-1.6020e-02,-1.6587e-02,-1.7179e-02,-1.7797e-02,-1.8435e-02,-1.9091e-02,-1.9760e-02,-2.0436e-02,-2.1115e-02,-2.1793e-02,-2.2465e-02,-2.3131e-02,-2.3788e-02,-2.4437e-02,-2.5080e-02,-2.5717e-02,-2.6354e-02,-2.6996e-02,-2.7648e-02,-2.8318e-02,-2.9015e-02,-2.9746e-02,-3.0520e-02,-3.1349e-02,-3.2242e-02,-3.3208e-02,-3.4259e-02,-3.5404e-02,-3.6654e-02,-3.8018e-02,-3.9503e-02,-4.1120e-02,-4.2874e-02,-4.4771e-02,-4.6815e-02,-4.9008e-02,-5.1350e-02,-5.3839e-02,-5.6467e-02,-5.9228e-02,-6.2107e-02,-6.5091e-02,-6.8164e-02,-7.1308e-02,-7.4510e-02,-7.7759e-02,-8.1056e-02,-8.4414e-02,-8.7860e-02,-9.1440e-02,-9.5216e-02,-9.9261e-02,-1.0365e-01,-1.0847e-01,-1.1377e-01,-1.1960e-01,-1.2596e-01,-1.3279e-01,-1.3991e-01,-1.4702e-01,-1.5379e-01,-1.6045e-01,-1.6870e-01,-1.8191e-01,-2.0047e-01,-2.0940e-01,-1.8657e-01,-1.3816e-01,-8.4698e-02,-3.4429e-02
3.1203e-03,2.7228e-03,2.2394e-03,1.6748e-03,1.0355e-03,3.2886e-04,-4.3780e-04,-1.2553e-03,-2.1133e-03,-3.0022e-03,-3.9100e-03,-4.8261e-03,-5.7396e-03,-6.6400e-03,-7.5174e-03,-8.3647e-03,-9.1746e-03,-9.9424e-03,-1.0666e-02,-1.1345e-02,-1.1982e-02,-1.2579e-02,-1.3143e-02,-1.3679e-02,-1.4197e-02,-1.4705e-02,-1.5210e-02,-1.5720e-02,-1.6242e-02,-1.6780e-02,-1.7339e-02,-1.7919e-02,-1.8523e-02,-1.9146e-02,-1.9787e-02,-2.0441e-02,-2.1104e-02,-2.1773e-02,-2.2439e-02,-2.3100e-02,-2.3753e-02,-2.4393e-02,-2.5020e-02,-2.5633e-02,-2.6232e-02,-2.6820e-02,-2.7399e-02,-2.7974e-02,-2.8549e-02,-2.9132e-02,-2.9728e-02,-3.0346e-02,-3.0993e-02,-3.1677e-02,-3.2407e-02,-3.3192e-02,-3.4040e-02,-3.4958e-02,-3.5957e-02,-3.7044e-02,-3.8224e-02,-3.9507e-02,-4.0897e-02,-4.2400e-02,-4.4021e-02,-4.5760e-02,-4.7619e-02,-4.9595e-02,-5.1683e-02,-5.3874e-02,-5.6154e-02,-5.8510e-02,-6.0920e-02,-6.3366e-02,-6.5828e-02,-6.8290e-02,-7.0744e-02,-7.3194e-02,-7.5659e-02,-7.8179e-02,-8.0811e-02,-8.3628e-02,-8.6715e-02,-9.0152e-02,-9.4005e-02,-9.8316e-02,-1.0308e-01,-1.0826e-01,-1.1374e-01,-1.1929e-01,-1.2460e-01,-1.2939e-01,-1.3391e-01,-1.3995e-01,-1.5101e-01,-1.6765e-01,-1.7458e-01,-1.4908e-01,-9.7677e-02,-4.1445e-02
3.6660e-03,3.2184e-03,2.6825e-03,2.0636e-03,1.3671e-03,5.9971e-04,-2.3058e-04,-1.1157e-03,-2.0449e-03,-3.0080e-03,-3.9937e-03,-4.9904e-03,-5.9873e-03,-6.9724e-03,-7.9367e-03,-8.8709e-03,-9.7675e-03,-1.0621e-02,-1.1429e-02,-1.2189e-02,-1.2903e-02,-1.3573e-02,-1.4205e-02,-1.4805e-02,-1.5381e-02,-1.5939e-02,-1.6490e-02,-1.7040e-02,-1.7595e-02,-1.8162e-02,-1.8745e-02,-1.9345e-02,-1.9962e-02,-2.0595e-02,-2.1243e-02,-2.1901e-02,-2.2565e-02,-2.3229e-02,-2.3888e-02,-2.4539e-02,-2.5176e-02,-2.5798e-02,-2.6401e-02,-2.6984e-02,-2.7548e-02,-2.8094e-02,-2.8624e-02,-2.9141e-02,-2.9650e-02,-3.0156e-02,-3.0665e-02,-3.1182e-02,-3.1714e-02,-3.2267e-02,-3.2850e-02,-3.3468e-02,-3.4127e-02,-3.4835e-02,-3.5598e-02,-3.6421e-02,-3.7310e-02,-3.8270e-02,-3.9305e-02,-4.0420e-02,-4.1618e-02,-4.2901e-02,-4.4269e-02,-4.5721e-02,-4.7252e-02,-4.8853e-02,-5.0512e-02,-5.2214e-02,-5.3939e-02,-5.5663e-02,-5.7364e-02,-5.9019e-02,-6.0614e-02,-6.2144e-02,-6.3618e-02,-6.5067e-02,-6.6543e-02,-6.8117e-02,-6.9878e-02,-7.1917e-02,-7.4317e-02,-7.7133e-02,-8.0375e-02,-8.3998e-02,-8.7893e-02,-9.1874e-02,-9.5669e-02,-9.8940e-02,-1.0143e-01,-1.0346e-01,-1.0687e-01,-1.1538e-01,-1.2978e-01,-1.3448e-01,-1.0618e-01,-5.1769e-02
4.2488e-03,3.7476e-03,3.1574e-03,2.4811e-03,1.7245e-03,8.9380e-04,-3.6992e-06,-9.5863e-04,-1.9623e-03,-3.0030e-03,-4.0696e-03,-5.1504e-03,-6.2336e-03,-7.3077e-03,-8.3622e-03,-9.3876e-03,-1.0375e-02,-1.1319e-02,-1.2215e-02,-1.3061e-02,-1.3857e-02,-1.4605e-02,-1.5311e-02,-1.5978e-02,-1.6616e-02,-1.7232e-02,-1.7833e-02,-1.8427e-02,-1.9022e-02,-1.9622e-02,-2.0233e-02,-2.0855e-02,-2.1492e-02,-2.2141e-02,-2.2800e-02,-2.3465e-02,-2.4133e-02,-2.4798e-02,-2.5456e-02,-2.6100e-02,-2.6729e-02,-2.7336e-02,-2.7921e-02,-2.8482e-02,-2.9017e-02,-2.9529e-02,-3.0017e-02,-3.0486e-02,-3.0937e-02,-3.1376e-02,-3.1807e-02,-3.2235e-02,-3.2664e-02,-3.3100e-02,-3.3549e-02,-3.4014e-02,-3.4502e-02,-3.5014e-02,-3.5556e-02,-3.6131e-02,-3.6742e-02,-3.7392e-02,-3.8083e-02,-3.8817e-02,-3.9598e-02,-4.0425e-02,-4.1299e-02,-4.2218e-02,-4.3179e-02,-4.4174e-02,-4.5192e-02,-4.6218e-02,-4.7232e-02,-4.8210e-02,-4.9126e-02,-4.9955e-02,-5.0675e-02,-5.1271e-02,-5.1746e-02,-5.2119e-02,-5.2432e-02,-5.2752e-02,-5.3168e-02,-5.3780e-02,-5.4689e-02,-5.5976e-02,-5.7677e-02,-5.9769e-02,-6.2150e-02,-6.4636e-02,-6.6959e-02,-6.8779e-02,-6.9722e-02,-6.9554e-02,-6.8663e-02,-6.9013e-02,-7.4555e-02,-8.6395e-02,-8.8711e-02,-5.7626e-02
