-9.4519e-04,-3.6707e-03,-3.3734e-03,-2.0342e-03,-1.2812e-03,-1.3124e-03,-1.5750e-03,-1.6975e-03,-1.6406e-03,-1.4828e-03,-1.2887e-03,-1.0881e-03,-8.9224e-04,-7.0675e-04,-5.3660e-04,-3.8628e-04,-2.5927e-04,-1.5771e-04,-8.1852e-05,-3.1017e-05,-3.5018e-06,2.9355e-06,-9.1940e-06,-3.7752e-05,-8.0273e-05,-1.3483e-04,-1.9962e-04,-2.7307e-04,-3.5368e-04,-4.4022e-04,-5.3145e-04,-6.2626e-04,-7.2358e-04,-8.2234e-04,-9.2164e-04,-1.0205e-03,-1.1179e-03,-1.2131e-03,-1.3055e-03,-1.3943e-03,-1.4789e-03,-1.5589e-03,-1.6342e-03,-1.7047e-03,-1.7702e-03,-1.8312e-03,-1.8879e-03,-1.9411e-03,-1.9914e-03,-2.0400e-03,-2.0877e-03,-2.1360e-03,-2.1862e-03,-2.2398e-03,-2.2986e-03,-2.3642e-03,-2.4386e-03,-2.5236e-03,-2.6213e-03,-2.7336e-03,-2.8625e-03,-3.0102e-03,-3.1787e-03,-3.3701e-03,-3.5861e-03,-3.8292e-03,-4.1010e-03,-4.4035e-03,-4.7383e-03,-5.1073e-03,-5.5125e-03,-5.9548e-03,-6.4363e-03,-6.9582e-03,-7.5218e-03,-8.1280e-03,-8.7781e-03,-9.4729e-03,-1.0213e-02,-1.1000e-02,-1.1833e-02,-1.2712e-02,-1.3639e-02,-1.4612e-02,-1.5632e-02,-1.6698e-02,-1.7810e-02,-1.8965e-02,-2.0164e-02,-2.1405e-02,-2.2687e-02,-2.4007e-02,-2.5364e-02,-2.6756e-02,-2.8180e-02,-2.9634e-02,-3.1115e-02,-3.2620e-02,-3.4147e-02,-3.5693e-02
-9.2532e-04,-6.7579e-03,-9.0051e-03,-8.2558e-03,-6.4785e-03,-5.2949e-03,-4.9154e-03,-4.8064e-03,-4.6030e-03,-4.2601e-03,-3.8486e-03,-3.4271e-03,-3.0222e-03,-2.6429e-03,-2.2931e-03,-1.9760e-03,-1.6943e-03,-1.4497e-03,-1.2424e-03,-1.0716e-03,-9.3499e-04,-8.2970e-04,-7.5268e-04,-7.0062e-04,-6.7056e-04,-6.5957e-04,-6.6537e-04,-6.8548e-04,-7.1806e-04,-7.6150e-04,-8.1415e-04,-8.7444e-04,-9.4106e-04,-1.0128e-03,-1.0885e-03,-1.1669e-03,-1.2470e-03,-1.3278e-03,-1.4082e-03,-1.4876e-03,-1.5652e-03,-1.6404e-03,-1.7129e-03,-1.7824e-03,-1.8488e-03,-1.9122e-03,-1.9729e-03,-2.0313e-03,-2.0882e-03,-2.1441e-03,-2.2003e-03,-2.2579e-03,-2.3182e-03,-2.3825e-03,-2.4525e-03,-2.5299e-03,-2.6162e-03,-2.7133e-03,-2.8232e-03,-2.9479e-03,-3.0893e-03,-3.2491e-03,-3.4296e-03,-3.6326e-03,-3.8598e-03,-4.1135e-03,-4.3954e-03,-4.7073e-03,-5.0509e-03,-5.4278e-03,-5.8399e-03,-6.2885e-03,-6.7749e-03,-7.3007e-03,-7.8670e-03,-8.4751e-03,-9.1259e-03,-9.8202e-03,-1.0559e-02,-1.1343e-02,-1.2172e-02,-1.3047e-02,-1.3968e-02,-1.4935e-02,-1.5948e-02,-1.7006e-02,-1.8109e-02,-1.9256e-02,-2.0447e-02,-2.1679e-02,-2.2952e-02,-2.4263e-02,-2.5612e-02,-2.6996e-02,-2.8413e-02,-2.9861e-02,-3.1336e-02,-3.2837e-02,-3.4361e-02,-3.5904e-02
1.1534e-03,-6.7158e-03,-1.2073e-02,-1.3880e-02,-1.2718e-02,-1.0540e-02,-8.9606e-03,-8.2012e-03,-7.7482e-03,-7.2443e-03,-6.6392e-03,-5.9959e-03,-5.3673e-03,-4.7764e-03,-4.2304e-03,-3.7313e-03,-3.2806e-03,-2.8793e-03,-2.5275e-03,-2.2240e-03,-1.9663e-03,-1.7512e-03,-1.5747e-03,-1.4328e-03,-1.3217e-03,-1.2377e-03,-1.1775e-03,-1.1380e-03,-1.1170e-03,-1.1120e-03,-1.1211e-03,-1.1424e-03,-1.1742e-03,-1.2151e-03,-1.2636e-03,-1.3183e-03,-1.3778e-03,-1.4410e-03,-1.5070e-03,-1.5744e-03,-1.6427e-03,-1.7109e-03,-1.7787e-03,-1.8454e-03,-1.9109e-03,-1.9752e-03,-2.0383e-03,-2.1006e-03,-2.1627e-03,-2.2251e-03,-2.2888e-03,-2.3548e-03,-2.4244e-03,-2.4987e-03,-2.5794e-03,-2.6676e-03,-2.7656e-03,-2.8748e-03,-2.9969e-03,-3.1338e-03,-3.2876e-03,-3.4596e-03,-3.6522e-03,-3.8672e-03,-4.1062e-03,-4.3711e-03,-4.6637e-03,-4.9856e-03,-5.3389e-03,-5.7245e-03,-6.1445e-03,-6.5999e-03,-7.0926e-03,-7.6234e-03,-8.1936e-03,-8.8047e-03,-9.4569e-03,-1.0152e-02,-1.0890e-02,-1.1672e-02,-1.2498e-02,-1.3369e-02,-1.4285e-02,-1.5246e-02,-1.6253e-02,-1.7303e-02,-1.8398e-02,-1.9537e-02,-2.0719e-02,-2.1942e-02,-2.3205e-02,-2.4508e-02,-2.5848e-02,-2.7224e-02,-2.8633e-02,-3.0074e-02,-3.1543e-02,-3.3038e-02,-3.4557e-02,-3.6097e-02
3.7138e-03,-4.6024e-03,-1.2000e-02,-1.6917e-02,-1.8320e-02,-1.6782e-02,-1.4241e-02,-1.2299e-02,-1.1190e-02,-1.0420e-02,-9.6401e-03,-8.7954e-03,-7.9412e-03,-7.1245e-03,-6.3650e-03,-5.6678e-03,-5.0334e-03,-4.4614e-03,-3.9516e-03,-3.5022e-03,-3.1109e-03,-2.7740e-03,-2.4870e-03,-2.2452e-03,-2.0438e-03,-1.8783e-03,-1.7444e-03,-1.6386e-03,-1.5576e-03,-1.4985e-03,-1.4586e-03,-1.4360e-03,-1.4285e-03,-1.4341e-03,-1.4514e-03,-1.4785e-03,-1.5141e-03,-1.5568e-03,-1.6051e-03,-1.6579e-03,-1.7143e-03,-1.7733e-03,-1.8340e-03,-1.8959e-03,-1.9588e-03,-2.0221e-03,-2.0862e-03,-2.1510e-03,-2.2169e-03,-2.2846e-03,-2.3548e-03,-2.4281e-03,-2.5061e-03,-2.5897e-03,-2.6802e-03,-2.7791e-03,-2.8881e-03,-3.0087e-03,-3.1427e-03,-3.2919e-03,-3.4577e-03,-3.6422e-03,-3.8471e-03,-4.0742e-03,-4.3253e-03,-4.6018e-03,-4.9058e-03,-5.2386e-03,-5.6019e-03,-5.9972e-03,-6.4259e-03,-6.8894e-03,-7.3891e-03,-7.9259e-03,-8.5013e-03,-9.1160e-03,-9.7711e-03,-1.0468e-02,-1.1206e-02,-1.1987e-02,-1.2811e-02,-1.3680e-02,-1.4591e-02,-1.5547e-02,-1.6547e-02,-1.7591e-02,-1.8678e-02,-1.9809e-02,-2.0981e-02,-2.2195e-02,-2.3450e-02,-2.4743e-02,-2.6074e-02,-2.7440e-02,-2.8841e-02,-3.0273e-02,-3.1735e-02,-3.3223e-02,-3.4737e-02,-3.6272e-02
5.6769e-03,-1.9855e-03,-9.8473e-03,-1.6807e-02,-2.1319e-02,-2.2352e-02,-2.0476e-02,-1.7606e-02,-1.5333e-02,-1.3903e-02,-1.2842e-02,-1.1810e-02,-1.0747e-02,-9.7015e-03,-8.7145e-03,-7.8028e-03,-6.9689e-03,-6.2120e-03,-5.5302e-03,-4.9217e-03,-4.3837e-03,-3.9124e-03,-3.5030e-03,-3.1501e-03,-2.8483e-03,-2.5920e-03,-2.3763e-03,-2.1964e-03,-2.0485e-03,-1.9289e-03,-1.8344e-03,-1.7624e-03,-1.7104e-03,-1.6763e-03,-1.6579e-03,-1.6534e-03,-1.6613e-03,-1.6798e-03,-1.7071e-03,-1.7423e-03,-1.7839e-03,-1.8309e-03,-1.8822e-03,-1.9373e-03,-1.9953e-03,-2.0559e-03,-2.1191e-03,-2.1849e-03,-2.2533e-03,-2.3248e-03,-2.4001e-03,-2.4799e-03,-2.5651e-03,-2.6569e-03,-2.7566e-03,-2.8656e-03,-2.9850e-03,-3.1165e-03,-3.2621e-03,-3.4229e-03,-3.6008e-03,-3.7977e-03,-4.0149e-03,-4.2543e-03,-4.5174e-03,-4.8062e-03,-5.1218e-03,-5.4660e-03,-5.8403e-03,-6.2457e-03,-6.6841e-03,-7.1565e-03,-7.6641e-03,-8.2079e-03,-8.7894e-03,-9.4089e-03,-1.0068e-02,-1.0767e-02,-1.1507e-02,-1.2288e-02,-1.3112e-02,-1.3977e-02,-1.4886e-02,-1.5837e-02,-1.6832e-02,-1.7869e-02,-1.8949e-02,-2.0071e-02,-2.1235e-02,-2.2440e-02,-2.3684e-02,-2.4968e-02,-2.6289e-02,-2.7646e-02,-2.9037e-02,-3.0460e-02,-3.1913e-02,-3.3395e-02,-3.4901e-02,-3.6430e-02
6.6985e-03,7.1891e-05,-7.1721e-03,-1.4612e-02,-2.1167e-02,-2.5307e-02,-2.6006e-02,-2.3824e-02,-2.0658e-02,-1.8086e-02,-1.6363e-02,-1.5036e-02,-1.3773e-02,-1.2513e-02,-1.1294e-02,-1.0154e-02,-9.1045e-03,-8.1473e-03,-7.2797e-03,-6.4985e-03,-5.8006e-03,-5.1819e-03,-4.6376e-03,-4.1619e-03,-3.7486e-03,-3.3915e-03,-3.0845e-03,-2.8223e-03,-2.5997e-03,-2.4127e-03,-2.2572e-03,-2.1299e-03,-2.0280e-03,-1.9488e-03,-1.8901e-03,-1.8496e-03,-1.8254e-03,-1.8156e-03,-1.8185e-03,-1.8326e-03,-1.8564e-03,-1.8884e-03,-1.9277e-03,-1.9732e-03,-2.0243e-03,-2.0801e-03,-2.1406e-03,-2.2054e-03,-2.2745e-03,-2.3485e-03,-2.4276e-03,-2.5125e-03,-2.6040e-03,-2.7032e-03,-2.8109e-03,-2.9288e-03,-3.0579e-03,-3.2001e-03,-3.3563e-03,-3.5286e-03,-3.7182e-03,-3.9271e-03,-4.1565e-03,-4.4081e-03,-4.6836e-03,-4.9846e-03,-5.3123e-03,-5.6681e-03,-6.0537e-03,-6.4703e-03,-6.9190e-03,-7.4011e-03,-7.9174e-03,-8.4694e-03,-9.0578e-03,-9.6835e-03,-1.0348e-02,-1.1050e-02,-1.1793e-02,-1.2575e-02,-1.3399e-02,-1.4263e-02,-1.5169e-02,-1.6117e-02,-1.7106e-02,-1.8137e-02,-1.9210e-02,-2.0325e-02,-2.1480e-02,-2.2676e-02,-2.3910e-02,-2.5184e-02,-2.6495e-02,-2.7841e-02,-2.9222e-02,-3.0636e-02,-3.2080e-02,-3.3552e-02,-3.5051e-02,-3.6573e-02
6.9095e-03,1.2375e-03,-5.0205e-03,-1.1877e-02,-1.8927e-02,-2.5111e-02,-2.8912e-02,-2.9310e-02,-2.6854e-02,-2.3423e-02,-2.0580e-02,-1.8590e-02,-1.7021e-02,-1.5550e-02,-1.4111e-02,-1.2736e-02,-1.1458e-02,-1.0285e-02,-9.2165e-03,-8.2490e-03,-7.3779e-03,-6.5989e-03,-5.9068e-03,-5.2958e-03,-4.7592e-03,-4.2902e-03,-3.8821e-03,-3.5282e-03,-3.2228e-03,-2.9606e-03,-2.7370e-03,-2.5480e-03,-2.3902e-03,-2.2604e-03,-2.1561e-03,-2.0746e-03,-2.0137e-03,-1.9715e-03,-1.9458e-03,-1.9350e-03,-1.9373e-03,-1.9512e-03,-1.9753e-03,-2.0087e-03,-2.0501e-03,-2.0989e-03,-2.1543e-03,-2.2163e-03,-2.2845e-03,-2.3592e-03,-2.4404e-03,-2.5290e-03,-2.6255e-03,-2.7307e-03,-2.8457e-03,-2.9716e-03,-3.1096e-03,-3.2611e-03,-3.4278e-03,-3.6108e-03,-3.8115e-03,-4.0319e-03,-4.2731e-03,-4.5370e-03,-4.8248e-03,-5.1379e-03,-5.4778e-03,-5.8458e-03,-6.2430e-03,-6.6710e-03,-7.1306e-03,-7.6229e-03,-8.1490e-03,-8.7098e-03,-9.3061e-03,-9.9389e-03,-1.0609e-02,-1.1316e-02,-1.2062e-02,-1.2847e-02,-1.3672e-02,-1.4536e-02,-1.5440e-02,-1.6385e-02,-1.7370e-02,-1.8396e-02,-1.9463e-02,-2.0570e-02,-2.1717e-02,-2.2903e-02,-2.4128e-02,-2.5392e-02,-2.6692e-02,-2.8028e-02,-2.9398e-02,-3.0801e-02,-3.2235e-02,-3.3698e-02,-3.5187e-02,-3.6701e-02
6.5964e-03,1.6421e-03,-3.7140e-03,-9.6323e-03,-1.6133e-02,-2.2826e-02,-2.8671e-02,-3.2165e-02,-3.2292e-02,-2.9592e-02,-2.5924e-02,-2.2838e-02,-2.0607e-02,-1.8819e-02,-1.7159e-02,-1.5559e-02,-1.4045e-02,-1.2642e-02,-1.1358e-02,-1.0190e-02,-9.1321e-03,-8.1797e-03,-7.3270e-03,-6.5680e-03,-5.8959e-03,-5.3034e-03,-4.7830e-03,-4.3275e-03,-3.9300e-03,-3.5843e-03,-3.2850e-03,-3.0273e-03,-2.8070e-03,-2.6206e-03,-2.4650e-03,-2.3372e-03,-2.2347e-03,-2.1552e-03,-2.0964e-03,-2.0564e-03,-2.0334e-03,-2.0254e-03,-2.0311e-03,-2.0490e-03,-2.0780e-03,-2.1169e-03,-2.1650e-03,-2.2219e-03,-2.2872e-03,-2.3606e-03,-2.4425e-03,-2.5331e-03,-2.6330e-03,-2.7430e-03,-2.8638e-03,-2.9966e-03,-3.1425e-03,-3.3027e-03,-3.4786e-03,-3.6715e-03,-3.8829e-03,-4.1142e-03,-4.3671e-03,-4.6424e-03,-4.9420e-03,-5.2674e-03,-5.6194e-03,-5.9994e-03,-6.4088e-03,-6.8484e-03,-7.3192e-03,-7.8224e-03,-8.3588e-03,-8.9292e-03,-9.5344e-03,-1.0175e-02,-1.0852e-02,-1.1565e-02,-1.2316e-02,-1.3104e-02,-1.3930e-02,-1.4795e-02,-1.5699e-02,-1.6642e-02,-1.7624e-02,-1.8646e-02,-1.9706e-02,-2.0806e-02,-2.1945e-02,-2.3123e-02,-2.4339e-02,-2.5592e-02,-2.6881e-02,-2.8206e-02,-2.9565e-02,-3.0957e-02,-3.2380e-02,-3.3832e-02,-3.5311e-02,-3.6816e-02
6.0153e-03,1.5632e-03,-3.1218e-03,-8.1884e-03,-1.3796e-02,-1.9971e-02,-2.6339e-02,-3.1876e-02,-3.5094e-02,-3.4979e-02,-3.2064e-02,-2.8187e-02,-2.4882e-02,-2.2434e-02,-2.0448e-02,-1.8619e-02,-1.6874e-02,-1.5234e-02,-1.3721e-02,-1.2337e-02,-1.1079e-02,-9.9403e-03,-8.9143e-03,-7.9947e-03,-7.1746e-03,-6.4464e-03,-5.8024e-03,-5.2344e-03,-4.7349e-03,-4.2966e-03,-3.9133e-03,-3.5791e-03,-3.2895e-03,-3.0399e-03,-2.8267e-03,-2.6468e-03,-2.4972e-03,-2.3752e-03,-2.2785e-03,-2.2049e-03,-2.1521e-03,-2.1184e-03,-2.1018e-03,-2.1007e-03,-2.1139e-03,-2.1400e-03,-2.1781e-03,-2.2273e-03,-2.2872e-03,-2.3573e-03,-2.4378e-03,-2.5288e-03,-2.6306e-03,-2.7436e-03,-2.8690e-03,-3.0073e-03,-3.1598e-03,-3.3274e-03,-3.5116e-03,-3.7135e-03,-3.9346e-03,-4.1762e-03,-4.4396e-03,-4.7264e-03,-5.0375e-03,-5.3744e-03,-5.7385e-03,-6.1304e-03,-6.5517e-03,-7.0030e-03,-7.4856e-03,-8.0002e-03,-8.5473e-03,-9.1278e-03,-9.7425e-03,-1.0392e-02,-1.1076e-02,-1.1796e-02,-1.2552e-02,-1.3345e-02,-1.4175e-02,-1.5041e-02,-1.5946e-02,-1.6888e-02,-1.7867e-02,-1.8885e-02,-1.9941e-02,-2.1035e-02,-2.2166e-02,-2.3335e-02,-2.4541e-02,-2.5784e-02,-2.7063e-02,-2.8376e-02,-2.9724e-02,-3.1104e-02,-3.2515e-02,-3.3956e-02,-3.5424e-02,-3.6918e-02
5.3344e-03,1.2433e-03,-2.9760e-03,-7.4154e-03,-1.2219e-02,-1.7544e-02,-2.3424e-02,-2.9498e-02,-3.4758e-02,-3.7728e-02,-3.7398e-02,-3.4293e-02,-3.0231e-02,-2.6733e-02,-2.4090e-02,-2.1926e-02,-1.9945e-02,-1.8071e-02,-1.6320e-02,-1.4707e-02,-1.3235e-02,-1.1896e-02,-1.0684e-02,-9.5917e-03,-8.6111e-03,-7.7351e-03,-6.9554e-03,-6.2637e-03,-5.6515e-03,-5.1109e-03,-4.6345e-03,-4.2157e-03,-3.8490e-03,-3.5292e-03,-3.2519e-03,-3.0138e-03,-2.8112e-03,-2.6413e-03,-2.5014e-03,-2.3890e-03,-2.3018e-03,-2.2377e-03,-2.1947e-03,-2.1709e-03,-2.1646e-03,-2.1746e-03,-2.1993e-03,-2.2381e-03,-2.2900e-03,-2.3545e-03,-2.4313e-03,-2.5205e-03,-2.6222e-03,-2.7369e-03,-2.8650e-03,-3.0074e-03,-3.1649e-03,-3.3388e-03,-3.5301e-03,-3.7401e-03,-3.9697e-03,-4.2207e-03,-4.4940e-03,-4.7910e-03,-5.1130e-03,-5.4611e-03,-5.8365e-03,-6.2403e-03,-6.6733e-03,-7.1364e-03,-7.6304e-03,-8.1564e-03,-8.7146e-03,-9.3058e-03,-9.9306e-03,-1.0589e-02,-1.1282e-02,-1.2010e-02,-1.2772e-02,-1.3570e-02,-1.4404e-02,-1.5274e-02,-1.6179e-02,-1.7121e-02,-1.8099e-02,-1.9114e-02,-2.0166e-02,-2.1254e-02,-2.2378e-02,-2.3539e-02,-2.4736e-02,-2.5969e-02,-2.7237e-02,-2.8539e-02,-2.9874e-02,-3.1242e-02,-3.2641e-02,-3.4070e-02,-3.5526e-02,-3.7009e-02
4.6418e-03,8.3740e-04,-3.0471e-03,-7.0547e-03,-1.1272e-02,-1.5837e-02,-2.0909e-02,-2.6523e-02,-3.2333e-02,-3.7345e-02,-4.0094e-02,-3.9574e-02,-3.6303e-02,-3.2080e-02,-2.8411e-02,-2.5593e-02,-2.3271e-02,-2.1154e-02,-1.9166e-02,-1.7316e-02,-1.5615e-02,-1.4062e-02,-1.2652e-02,-1.1374e-02,-1.0221e-02,-9.1849e-03,-8.2576e-03,-7.4304e-03,-6.6944e-03,-6.0410e-03,-5.4619e-03,-4.9497e-03,-4.4977e-03,-4.1001e-03,-3.7518e-03,-3.4488e-03,-3.1870e-03,-2.9632e-03,-2.7745e-03,-2.6180e-03,-2.4912e-03,-2.3919e-03,-2.3178e-03,-2.2670e-03,-2.2373e-03,-2.2273e-03,-2.2354e-03,-2.2605e-03,-2.3014e-03,-2.3576e-03,-2.4283e-03,-2.5135e-03,-2.6129e-03,-2.7271e-03,-2.8562e-03,-3.0008e-03,-3.1621e-03,-3.3408e-03,-3.5376e-03,-3.7539e-03,-3.9912e-03,-4.2503e-03,-4.5324e-03,-4.8389e-03,-5.1709e-03,-5.5294e-03,-5.9157e-03,-6.3305e-03,-6.7748e-03,-7.2493e-03,-7.7550e-03,-8.2922e-03,-8.8616e-03,-9.4636e-03,-1.0099e-02,-1.0767e-02,-1.1469e-02,-1.2205e-02,-1.2975e-02,-1.3779e-02,-1.4618e-02,-1.5491e-02,-1.6399e-02,-1.7342e-02,-1.8320e-02,-1.9333e-02,-2.0381e-02,-2.1464e-02,-2.2582e-02,-2.3736e-02,-2.4924e-02,-2.6147e-02,-2.7404e-02,-2.8695e-02,-3.0018e-02,-3.1373e-02,-3.2759e-02,-3.4175e-02,-3.5618e-02,-3.7088e-02
3.9752e-03,4.2368e-04,-3.1926e-03,-6.8897e-03,-1.0706e-02,-1.4724e-02,-1.9077e-02,-2.3921e-02,-2.9298e-02,-3.4871e-02,-3.9663e-02,-4.2217e-02,-4.1531e-02,-3.8116e-02,-3.3753e-02,-2.9932e-02,-2.6961e-02,-2.4498e-02,-2.2261e-02,-2.0171e-02,-1.8233e-02,-1.6454e-02,-1.4831e-02,-1.3355e-02,-1.2018e-02,-1.0810e-02,-9.7237e-03,-8.7493e-03,-7.8781e-03,-7.1010e-03,-6.4090e-03,-5.7938e-03,-5.2479e-03,-4.7645e-03,-4.3378e-03,-3.9628e-03,-3.6352e-03,-3.3513e-03,-3.1077e-03,-2.9014e-03,-2.7298e-03,-2.5901e-03,-2.4799e-03,-2.3972e-03,-2.3398e-03,-2.3058e-03,-2.2933e-03,-2.3011e-03,-2.3279e-03,-2.3725e-03,-2.4343e-03,-2.5128e-03,-2.6077e-03,-2.7191e-03,-2.8473e-03,-2.9924e-03,-3.1554e-03,-3.3370e-03,-3.5380e-03,-3.7596e-03,-4.0028e-03,-4.2686e-03,-4.5585e-03,-4.8731e-03,-5.2141e-03,-5.5820e-03,-5.9781e-03,-6.4033e-03,-6.8582e-03,-7.3437e-03,-7.8604e-03,-8.4087e-03,-8.9891e-03,-9.6020e-03,-1.0247e-02,-1.0926e-02,-1.1637e-02,-1.2382e-02,-1.3160e-02,-1.3971e-02,-1.4816e-02,-1.5693e-02,-1.6605e-02,-1.7549e-02,-1.8528e-02,-1.9540e-02,-2.0585e-02,-2.1664e-02,-2.2777e-02,-2.3924e-02,-2.5104e-02,-2.6317e-02,-2.7564e-02,-2.8843e-02,-3.0154e-02,-3.1496e-02,-3.2869e-02,-3.4271e-02,-3.5701e-02,-3.7158e-02
3.3472e-03,3.2976e-05,-3.3434e-03,-6.7892e-03,-1.0318e-02,-1.3964e-02,-1.7804e-02,-2.1968e-02,-2.6610e-02,-3.1777e-02,-3.7141e-02,-4.1738e-02,-4.4120e-02,-4.3290e-02,-3.9751e-02,-3.5267e-02,-3.1315e-02,-2.8208e-02,-2.5620e-02,-2.3278e-02,-2.1099e-02,-1.9083e-02,-1.7234e-02,-1.5548e-02,-1.4015e-02,-1.2624e-02,-1.1367e-02,-1.0234e-02,-9.2165e-03,-8.3047e-03,-7.4892e-03,-6.7612e-03,-6.1120e-03,-5.5342e-03,-5.0211e-03,-4.5670e-03,-4.1667e-03,-3.8161e-03,-3.5114e-03,-3.2494e-03,-3.0270e-03,-2.8413e-03,-2.6899e-03,-2.5703e-03,-2.4802e-03,-2.4178e-03,-2.3806e-03,-2.3672e-03,-2.3761e-03,-2.4058e-03,-2.4556e-03,-2.5245e-03,-2.6122e-03,-2.7185e-03,-2.8431e-03,-2.9868e-03,-3.1496e-03,-3.3323e-03,-3.5357e-03,-3.7607e-03,-4.0083e-03,-4.2794e-03,-4.5753e-03,-4.8970e-03,-5.2455e-03,-5.6217e-03,-6.0266e-03,-6.4610e-03,-6.9258e-03,-7.4214e-03,-7.9484e-03,-8.5073e-03,-9.0982e-03,-9.7218e-03,-1.0378e-02,-1.1066e-02,-1.1787e-02,-1.2541e-02,-1.3327e-02,-1.4146e-02,-1.4997e-02,-1.5880e-02,-1.6796e-02,-1.7743e-02,-1.8723e-02,-1.9735e-02,-2.0779e-02,-2.1855e-02,-2.2963e-02,-2.4103e-02,-2.5276e-02,-2.6480e-02,-2.7716e-02,-2.8984e-02,-3.0283e-02,-3.1612e-02,-3.2972e-02,-3.4360e-02,-3.5776e-02,-3.7218e-02
2.7616e-03,-3.2622e-04,-3.4752e-03,-6.6931e-03,-9.9856e-03,-1.3364e-02,-1.6860e-02,-2.0543e-02,-2.4541e-02,-2.9005e-02,-3.3987e-02,-3.9168e-02,-4.3594e-02,-4.5827e-02,-4.4871e-02,-4.1226e-02,-3.6639e-02,-3.2574e-02,-2.9348e-02,-2.6651e-02,-2.4216e-02,-2.1960e-02,-1.9876e-02,-1.7966e-02,-1.6224e-02,-1.4639e-02,-1.3200e-02,-1.1898e-02,-1.0723e-02,-9.6650e-03,-8.7154e-03,-7.8642e-03,-7.1023e-03,-6.4212e-03,-5.8135e-03,-5.2723e-03,-4.7922e-03,-4.3681e-03,-3.9959e-03,-3.6718e-03,-3.3926e-03,-3.1553e-03,-2.9570e-03,-2.7952e-03,-2.6675e-03,-2.5715e-03,-2.5049e-03,-2.4660e-03,-2.4530e-03,-2.4642e-03,-2.4984e-03,-2.5547e-03,-2.6322e-03,-2.7305e-03,-2.8494e-03,-2.9890e-03,-3.1493e-03,-3.3311e-03,-3.5349e-03,-3.7614e-03,-4.0116e-03,-4.2865e-03,-4.5868e-03,-4.9139e-03,-5.2685e-03,-5.6515e-03,-6.0639e-03,-6.5064e-03,-6.9797e-03,-7.4846e-03,-8.0211e-03,-8.5897e-03,-9.1908e-03,-9.8244e-03,-1.0490e-02,-1.1189e-02,-1.1920e-02,-1.2683e-02,-1.3478e-02,-1.4304e-02,-1.5162e-02,-1.6052e-02,-1.6972e-02,-1.7923e-02,-1.8905e-02,-1.9917e-02,-2.0960e-02,-2.2034e-02,-2.3138e-02,-2.4273e-02,-2.5439e-02,-2.6635e-02,-2.7861e-02,-2.9118e-02,-3.0405e-02,-3.1721e-02,-3.3067e-02,-3.4441e-02,-3.5842e-02,-3.7270e-02
2.2221e-03,-6.5219e-04,-3.5830e-03,-6.5824e-03,-9.6580e-03,-1.2814e-02,-1.6060e-02,-1.9424e-02,-2.2972e-02,-2.6825e-02,-3.1134e-02,-3.5953e-02,-4.0975e-02,-4.5253e-02,-4.7356e-02,-4.6293e-02,-4.2559e-02,-3.7885e-02,-3.3723e-02,-3.0394e-02,-2.7602e-02,-2.5087e-02,-2.2763e-02,-2.0620e-02,-1.8656e-02,-1.6865e-02,-1.5233e-02,-1.3751e-02,-1.2408e-02,-1.1194e-02,-1.0100e-02,-9.1151e-03,-8.2305e-03,-7.4368e-03,-6.7257e-03,-6.0897e-03,-5.5222e-03,-5.0176e-03,-4.5711e-03,-4.1786e-03,-3.8365e-03,-3.5414e-03,-3.2904e-03,-3.0809e-03,-2.9099e-03,-2.7752e-03,-2.6746e-03,-2.6055e-03,-2.5661e-03,-2.5547e-03,-2.5697e-03,-2.6096e-03,-2.6736e-03,-2.7611e-03,-2.8713e-03,-3.0041e-03,-3.1598e-03,-3.3382e-03,-3.5403e-03,-3.7664e-03,-4.0172e-03,-4.2938e-03,-4.5970e-03,-4.9276e-03,-5.2867e-03,-5.6749e-03,-6.0933e-03,-6.5425e-03,-7.0231e-03,-7.5357e-03,-8.0806e-03,-8.6581e-03,-9.2682e-03,-9.9111e-03,-1.0587e-02,-1.1295e-02,-1.2035e-02,-1.2807e-02,-1.3611e-02,-1.4445e-02,-1.5311e-02,-1.6206e-02,-1.7132e-02,-1.8087e-02,-1.9072e-02,-2.0086e-02,-2.1130e-02,-2.2202e-02,-2.3303e-02,-2.4433e-02,-2.5592e-02,-2.6781e-02,-2.7998e-02,-2.9244e-02,-3.0519e-02,-3.1823e-02,-3.3154e-02,-3.4514e-02,-3.5900e-02,-3.7312e-02
1.7348e-03,-9.4225e-04,-3.6670e-03,-6.4558e-03,-9.3211e-03,-1.2270e-02,-1.5307e-02,-1.8438e-02,-2.1687e-02,-2.5117e-02,-2.8845e-02,-3.3021e-02,-3.7701e-02,-4.2584e-02,-4.6735e-02,-4.8727e-02,-4.7573e-02,-4.3764e-02,-3.9019e-02,-3.4774e-02,-3.1357e-02,-2.8483e-02,-2.5899e-02,-2.3516e-02,-2.1322e-02,-1.9312e-02,-1.7477e-02,-1.5804e-02,-1.4283e-02,-1.2902e-02,-1.1653e-02,-1.0525e-02,-9.5077e-03,-8.5921e-03,-7.7687e-03,-7.0293e-03,-6.3667e-03,-5.7742e-03,-5.2467e-03,-4.7792e-03,-4.3679e-03,-4.0090e-03,-3.6994e-03,-3.4362e-03,-3.2165e-03,-3.0379e-03,-2.8977e-03,-2.7934e-03,-2.7231e-03,-2.6846e-03,-2.6760e-03,-2.6959e-03,-2.7428e-03,-2.8160e-03,-2.9146e-03,-3.0380e-03,-3.1860e-03,-3.3589e-03,-3.5567e-03,-3.7800e-03,-4.0296e-03,-4.3058e-03,-4.6097e-03,-4.9420e-03,-5.3037e-03,-5.6955e-03,-6.1182e-03,-6.5725e-03,-7.0587e-03,-7.5778e-03,-8.1295e-03,-8.7146e-03,-9.3327e-03,-9.9840e-03,-1.0668e-02,-1.1385e-02,-1.2134e-02,-1.2915e-02,-1.3727e-02,-1.4570e-02,-1.5442e-02,-1.6345e-02,-1.7276e-02,-1.8237e-02,-1.9225e-02,-2.0241e-02,-2.1286e-02,-2.2357e-02,-2.3456e-02,-2.4582e-02,-2.5736e-02,-2.6917e-02,-2.8126e-02,-2.9362e-02,-3.0626e-02,-3.1916e-02,-3.3234e-02,-3.4579e-02,-3.5950e-02,-3.7346e-02
1.3074e-03,-1.1910e-03,-3.7254e-03,-6.3148e-03,-8.9762e-03,-1.1722e-02,-1.4560e-02,-1.7493e-02,-2.0524e-02,-2.3676e-02,-2.7006e-02,-3.0629e-02,-3.4691e-02,-3.9251e-02,-4.4017e-02,-4.8059e-02,-4.9957e-02,-4.8725e-02,-4.4855e-02,-4.0051e-02,-3.5739e-02,-3.2247e-02,-2.9303e-02,-2.6660e-02,-2.4227e-02,-2.1989e-02,-1.9938e-02,-1.8064e-02,-1.6355e-02,-1.4799e-02,-1.3385e-02,-1.2103e-02,-1.0944e-02,-9.8967e-03,-8.9521e-03,-8.1009e-03,-7.3351e-03,-6.6475e-03,-6.0318e-03,-5.4828e-03,-4.9958e-03,-4.5669e-03,-4.1927e-03,-3.8700e-03,-3.5959e-03,-3.3676e-03,-3.1824e-03,-3.0379e-03,-2.9315e-03,-2.8611e-03,-2.8245e-03,-2.8201e-03,-2.8463e-03,-2.9016e-03,-2.9850e-03,-3.0957e-03,-3.2336e-03,-3.3979e-03,-3.5892e-03,-3.8075e-03,-4.0531e-03,-4.3268e-03,-4.6294e-03,-4.9615e-03,-5.3237e-03,-5.7171e-03,-6.1421e-03,-6.5995e-03,-7.0899e-03,-7.6135e-03,-8.1707e-03,-8.7617e-03,-9.3865e-03,-1.0045e-02,-1.0736e-02,-1.1461e-02,-1.2218e-02,-1.3007e-02,-1.3827e-02,-1.4678e-02,-1.5558e-02,-1.6467e-02,-1.7405e-02,-1.8370e-02,-1.9363e-02,-2.0382e-02,-2.1427e-02,-2.2499e-02,-2.3597e-02,-2.4720e-02,-2.5869e-02,-2.7044e-02,-2.8244e-02,-2.9471e-02,-3.0724e-02,-3.2002e-02,-3.3306e-02,-3.4636e-02,-3.5992e-02,-3.7372e-02
9.4885e-04,-1.3906e-03,-3.7532e-03,-6.1587e-03,-8.6267e-03,-1.1175e-02,-1.3817e-02,-1.6558e-02,-1.9401e-02,-2.2348e-02,-2.5418e-02,-2.8665e-02,-3.2199e-02,-3.6165e-02,-4.0625e-02,-4.5292e-02,-4.9243e-02,-5.1061e-02,-4.9765e-02,-4.5845e-02,-4.0995e-02,-3.6626e-02,-3.3071e-02,-3.0069e-02,-2.7376e-02,-2.4902e-02,-2.2626e-02,-2.0540e-02,-1.8633e-02,-1.6891e-02,-1.5304e-02,-1.3859e-02,-1.2548e-02,-1.1360e-02,-1.0285e-02,-9.3133e-03,-8.4363e-03,-7.6459e-03,-6.9350e-03,-6.2976e-03,-5.7286e-03,-5.2236e-03,-4.7787e-03,-4.3906e-03,-4.0561e-03,-3.7724e-03,-3.5367e-03,-3.3464e-03,-3.1988e-03,-3.0917e-03,-3.0225e-03,-2.9894e-03,-2.9904e-03,-3.0239e-03,-3.0885e-03,-3.1833e-03,-3.3075e-03,-3.4606e-03,-3.6424e-03,-3.8530e-03,-4.0925e-03,-4.3615e-03,-4.6603e-03,-4.9899e-03,-5.3508e-03,-5.7435e-03,-6.1688e-03,-6.6274e-03,-7.1197e-03,-7.6463e-03,-8.2070e-03,-8.8023e-03,-9.4321e-03,-1.0096e-02,-1.0794e-02,-1.1525e-02,-1.2289e-02,-1.3085e-02,-1.3912e-02,-1.4770e-02,-1.5657e-02,-1.6573e-02,-1.7517e-02,-1.8487e-02,-1.9484e-02,-2.0507e-02,-2.1555e-02,-2.2627e-02,-2.3724e-02,-2.4845e-02,-2.5990e-02,-2.7159e-02,-2.8352e-02,-2.9570e-02,-3.0812e-02,-3.2079e-02,-3.3370e-02,-3.4685e-02,-3.6025e-02,-3.7389e-02
6.6668e-04,-1.5326e-03,-3.7427e-03,-5.9825e-03,-8.2723e-03,-1.0633e-02,-1.3082e-02,-1.5633e-02,-1.8291e-02,-2.1059e-02,-2.3936e-02,-2.6938e-02,-3.0116e-02,-3.3577e-02,-3.7464e-02,-4.1841e-02,-4.6426e-02,-5.0301e-02,-5.2053e-02,-5.0704e-02,-4.6745e-02,-4.1858e-02,-3.7445e-02,-3.3838e-02,-3.0788e-02,-2.8054e-02,-2.5545e-02,-2.3237e-02,-2.1121e-02,-1.9185e-02,-1.7415e-02,-1.5799e-02,-1.4327e-02,-1.2990e-02,-1.1775e-02,-1.0674e-02,-9.6780e-03,-8.7771e-03,-7.9638e-03,-7.2313e-03,-6.5739e-03,-5.9864e-03,-5.4650e-03,-5.0056e-03,-4.6050e-03,-4.2603e-03,-3.9685e-03,-3.7268e-03,-3.5327e-03,-3.3835e-03,-3.2766e-03,-3.2101e-03,-3.1815e-03,-3.1890e-03,-3.2310e-03,-3.3061e-03,-3.4135e-03,-3.5521e-03,-3.7215e-03,-3.9216e-03,-4.1523e-03,-4.4140e-03,-4.7069e-03,-5.0316e-03,-5.3886e-03,-5.7786e-03,-6.2022e-03,-6.6600e-03,-7.1522e-03,-7.6794e-03,-8.2419e-03,-8.8394e-03,-9.4725e-03,-1.0140e-02,-1.0842e-02,-1.1579e-02,-1.2348e-02,-1.3151e-02,-1.3984e-02,-1.4848e-02,-1.5742e-02,-1.6664e-02,-1.7613e-02,-1.8589e-02,-1.9590e-02,-2.0616e-02,-2.1666e-02,-2.2740e-02,-2.3836e-02,-2.4956e-02,-2.6098e-02,-2.7262e-02,-2.8449e-02,-2.9658e-02,-3.0890e-02,-3.2146e-02,-3.3424e-02,-3.4725e-02,-3.6050e-02,-3.7398e-02
4.6651e-04,-1.6092e-03,-3.6855e-03,-5.7788e-03,-7.9083e-03,-1.0096e-02,-1.2361e-02,-1.4724e-02,-1.7197e-02,-1.9786e-02,-2.2490e-02,-2.5310e-02,-2.8258e-02,-3.1382e-02,-3.4784e-02,-3.8607e-02,-4.2917e-02,-4.7435e-02,-5.1247e-02,-5.2946e-02,-5.1554e-02,-4.7564e-02,-4.2651e-02,-3.8202e-02,-3.4554e-02,-3.1465e-02,-2.8698e-02,-2.6160e-02,-2.3826e-02,-2.1685e-02,-1.9723e-02,-1.7928e-02,-1.6288e-02,-1.4792e-02,-1.3429e-02,-1.2191e-02,-1.1067e-02,-1.0048e-02,-9.1249e-03,-8.2905e-03,-7.5382e-03,-6.8625e-03,-6.2583e-03,-5.7219e-03,-5.2496e-03,-4.8382e-03,-4.4847e-03,-4.1862e-03,-3.9399e-03,-3.7434e-03,-3.5938e-03,-3.4888e-03,-3.4260e-03,-3.4031e-03,-3.4183e-03,-3.4699e-03,-3.5567e-03,-3.6775e-03,-3.8314e-03,-4.0179e-03,-4.2372e-03,-4.4888e-03,-4.7733e-03,-5.0906e-03,-5.4416e-03,-5.8266e-03,-6.2460e-03,-6.7007e-03,-7.1907e-03,-7.7164e-03,-8.2784e-03,-8.8763e-03,-9.5104e-03,-1.0180e-02,-1.0885e-02,-1.1625e-02,-1.2398e-02,-1.3205e-02,-1.4043e-02,-1.4912e-02,-1.5812e-02,-1.6739e-02,-1.7694e-02,-1.8674e-02,-1.9680e-02,-2.0710e-02,-2.1762e-02,-2.2837e-02,-2.3934e-02,-2.5052e-02,-2.6192e-02,-2.7352e-02,-2.8533e-02,-2.9735e-02,-3.0958e-02,-3.2202e-02,-3.3468e-02,-3.4755e-02,-3.6065e-02,-3.7396e-02
3.5089e-04,-1.6151e-03,-3.5739e-03,-5.5389e-03,-7.5272e-03,-9.5591e-03,-1.1656e-02,-1.3840e-02,-1.6129e-02,-1.8536e-02,-2.1067e-02,-2.3721e-02,-2.6495e-02,-2.9401e-02,-3.2482e-02,-3.5838e-02,-3.9611e-02,-4.3867e-02,-4.8332e-02,-5.2096e-02,-5.3750e-02,-5.2323e-02,-4.8311e-02,-4.3380e-02,-3.8905e-02,-3.5225e-02,-3.2104e-02,-2.9311e-02,-2.6751e-02,-2.4396e-02,-2.2234e-02,-2.0250e-02,-1.8433e-02,-1.6771e-02,-1.5253e-02,-1.3869e-02,-1.2609e-02,-1.1464e-02,-1.0424e-02,-9.4810e-03,-8.6275e-03,-7.8572e-03,-7.1649e-03,-6.5458e-03,-5.9962e-03,-5.5127e-03,-5.0918e-03,-4.7310e-03,-4.4274e-03,-4.1780e-03,-3.9805e-03,-3.8319e-03,-3.7299e-03,-3.6720e-03,-3.6560e-03,-3.6801e-03,-3.7424e-03,-3.8417e-03,-3.9768e-03,-4.1468e-03,-4.3515e-03,-4.5904e-03,-4.8635e-03,-5.1713e-03,-5.5137e-03,-5.8911e-03,-6.3042e-03,-6.7533e-03,-7.2388e-03,-7.7609e-03,-8.3200e-03,-8.9160e-03,-9.5489e-03,-1.0218e-02,-1.0924e-02,-1.1665e-02,-1.2441e-02,-1.3250e-02,-1.4092e-02,-1.4965e-02,-1.5868e-02,-1.6800e-02,-1.7759e-02,-1.8744e-02,-1.9754e-02,-2.0787e-02,-2.1842e-02,-2.2919e-02,-2.4016e-02,-2.5134e-02,-2.6271e-02,-2.7427e-02,-2.8603e-02,-2.9798e-02,-3.1012e-02,-3.2246e-02,-3.3500e-02,-3.4775e-02,-3.6069e-02,-3.7385e-02
3.1883e-04,-1.5479e-03,-3.4026e-03,-5.2555e-03,-7.1206e-03,-9.0158e-03,-1.0962e-02,-1.2980e-02,-1.5094e-02,-1.7320e-02,-1.9673e-02,-2.2157e-02,-2.4771e-02,-2.7511e-02,-3.0385e-02,-3.3435e-02,-3.6757e-02,-4.0492e-02,-4.4707e-02,-4.9131e-02,-5.2856e-02,-5.4475e-02,-5.3021e-02,-4.8994e-02,-4.4051e-02,-3.9559e-02,-3.5854e-02,-3.2710e-02,-2.9898e-02,-2.7320e-02,-2.4949e-02,-2.2769e-02,-2.0767e-02,-1.8932e-02,-1.7250e-02,-1.5713e-02,-1.4310e-02,-1.3031e-02,-1.1866e-02,-1.0808e-02,-9.8464e-03,-8.9756e-03,-8.1893e-03,-7.4822e-03,-6.8500e-03,-6.2889e-03,-5.7957e-03,-5.3673e-03,-5.0009e-03,-4.6936e-03,-4.4427e-03,-4.2455e-03,-4.0992e-03,-4.0015e-03,-3.9498e-03,-3.9418e-03,-3.9757e-03,-4.0495e-03,-4.1623e-03,-4.3125e-03,-4.4995e-03,-4.7228e-03,-4.9821e-03,-5.2773e-03,-5.6084e-03,-5.9762e-03,-6.3803e-03,-6.8215e-03,-7.3000e-03,-7.8160e-03,-8.3701e-03,-8.9617e-03,-9.5914e-03,-1.0258e-02,-1.0962e-02,-1.1703e-02,-1.2478e-02,-1.3289e-02,-1.4132e-02,-1.5007e-02,-1.5913e-02,-1.6848e-02,-1.7810e-02,-1.8798e-02,-1.9811e-02,-2.0847e-02,-2.1905e-02,-2.2983e-02,-2.4081e-02,-2.5198e-02,-2.6334e-02,-2.7487e-02,-2.8658e-02,-2.9847e-02,-3.1053e-02,-3.2278e-02,-3.3521e-02,-3.4782e-02,-3.6062e-02,-3.7362e-02
3.6631e-04,-1.4084e-03,-3.1693e-03,-4.9232e-03,-6.6808e-03,-8.4571e-03,-1.0270e-02,-1.2141e-02,-1.4093e-02,-1.6147e-02,-1.8321e-02,-2.0630e-02,-2.3077e-02,-2.5661e-02,-2.8376e-02,-3.1228e-02,-3.4257e-02,-3.7556e-02,-4.1264e-02,-4.5449e-02,-4.9843e-02,-5.3539e-02,-5.5131e-02,-5.3656e-02,-4.9619e-02,-4.4670e-02,-4.0168e-02,-3.6447e-02,-3.3286e-02,-3.0460e-02,-2.7870e-02,-2.5486e-02,-2.3292e-02,-2.1275e-02,-1.9424e-02,-1.7726e-02,-1.6172e-02,-1.4751e-02,-1.3455e-02,-1.2274e-02,-1.1199e-02,-1.0222e-02,-9.3356e-03,-8.5351e-03,-7.8152e-03,-7.1716e-03,-6.6010e-03,-6.0998e-03,-5.6655e-03,-5.2951e-03,-4.9857e-03,-4.7348e-03,-4.5393e-03,-4.3968e-03,-4.3046e-03,-4.2601e-03,-4.2613e-03,-4.3060e-03,-4.3925e-03,-4.5194e-03,-4.6854e-03,-4.8901e-03,-5.1325e-03,-5.4125e-03,-5.7300e-03,-6.0850e-03,-6.4779e-03,-6.9087e-03,-7.3779e-03,-7.8856e-03,-8.4320e-03,-9.0171e-03,-9.6408e-03,-1.0303e-02,-1.1003e-02,-1.1740e-02,-1.2514e-02,-1.3322e-02,-1.4165e-02,-1.5041e-02,-1.5948e-02,-1.6884e-02,-1.7848e-02,-1.8839e-02,-1.9854e-02,-2.0892e-02,-2.1951e-02,-2.3031e-02,-2.4129e-02,-2.5246e-02,-2.6380e-02,-2.7531e-02,-2.8698e-02,-2.9881e-02,-3.1080e-02,-3.2295e-02,-3.3527e-02,-3.4776e-02,-3.6043e-02,-3.7327e-02
4.8622e-04,-1.2009e-03,-2.8747e-03,-4.5395e-03,-6.2026e-03,-7.8754e-03,-9.5734e-03,-1.1315e-02,-1.3122e-02,-1.5017e-02,-1.7021e-02,-1.9154e-02,-2.1428e-02,-2.3847e-02,-2.6410e-02,-2.9109e-02,-3.1948e-02,-3.4965e-02,-3.8250e-02,-4.1939e-02,-4.6104e-02,-5.0478e-02,-5.4154e-02,-5.5724e-02,-5.4233e-02,-5.0191e-02,-4.5243e-02,-4.0736e-02,-3.7005e-02,-3.3833e-02,-3.0998e-02,-2.8401e-02,-2.6007e-02,-2.3803e-02,-2.1774e-02,-1.9909e-02,-1.8198e-02,-1.6629e-02,-1.5194e-02,-1.3883e-02,-1.2687e-02,-1.1598e-02,-1.0607e-02,-9.7075e-03,-8.8949e-03,-8.1642e-03,-7.5113e-03,-6.9328e-03,-6.4258e-03,-5.9873e-03,-5.6145e-03,-5.3047e-03,-5.0551e-03,-4.8629e-03,-4.7254e-03,-4.6399e-03,-4.6039e-03,-4.6151e-03,-4.6716e-03,-4.7715e-03,-4.9132e-03,-5.0959e-03,-5.3185e-03,-5.5804e-03,-5.8816e-03,-6.2216e-03,-6.6005e-03,-7.0185e-03,-7.4758e-03,-7.9727e-03,-8.5089e-03,-9.0849e-03,-9.7005e-03,-1.0355e-02,-1.1049e-02,-1.1780e-02,-1.2549e-02,-1.3354e-02,-1.4195e-02,-1.5068e-02,-1.5974e-02,-1.6910e-02,-1.7874e-02,-1.8866e-02,-1.9881e-02,-2.0921e-02,-2.1981e-02,-2.3061e-02,-2.4160e-02,-2.5276e-02,-2.6409e-02,-2.7557e-02,-2.8720e-02,-2.9897e-02,-3.1090e-02,-3.2297e-02,-3.3519e-02,-3.4756e-02,-3.6009e-02,-3.7278e-02
6.6934e-04,-9.3202e-04,-2.5231e-03,-4.1053e-03,-5.6833e-03,-7.2654e-03,-8.8634e-03,-1.0493e-02,-1.2174e-02,-1.3926e-02,-1.5774e-02,-1.7738e-02,-1.9838e-02,-2.2085e-02,-2.4485e-02,-2.7034e-02,-2.9724e-02,-3.2559e-02,-3.5571e-02,-3.8849e-02,-4.2530e-02,-4.6683e-02,-5.1045e-02,-5.4707e-02,-5.6262e-02,-5.4759e-02,-5.0715e-02,-4.5772e-02,-4.1266e-02,-3.7531e-02,-3.4355e-02,-3.1516e-02,-2.8914e-02,-2.6515e-02,-2.4303e-02,-2.2265e-02,-2.0389e-02,-1.8666e-02,-1.7085e-02,-1.5638e-02,-1.4315e-02,-1.3106e-02,-1.2004e-02,-1.1001e-02,-1.0091e-02,-9.2688e-03,-8.5293e-03,-7.8690e-03,-7.2848e-03,-6.7736e-03,-6.3327e-03,-5.9593e-03,-5.6506e-03,-5.4040e-03,-5.2163e-03,-5.0851e-03,-5.0075e-03,-4.9811e-03,-5.0035e-03,-5.0726e-03,-5.1865e-03,-5.3438e-03,-5.5435e-03,-5.7845e-03,-6.0663e-03,-6.3886e-03,-6.7510e-03,-7.1538e-03,-7.5969e-03,-8.0801e-03,-8.6040e-03,-9.1684e-03,-9.7731e-03,-1.0418e-02,-1.1102e-02,-1.1826e-02,-1.2588e-02,-1.3387e-02,-1.4222e-02,-1.5092e-02,-1.5994e-02,-1.6928e-02,-1.7890e-02,-1.8880e-02,-1.9896e-02,-2.0934e-02,-2.1995e-02,-2.3075e-02,-2.4173e-02,-2.5288e-02,-2.6419e-02,-2.7564e-02,-2.8724e-02,-2.9896e-02,-3.1082e-02,-3.2281e-02,-3.3494e-02,-3.4720e-02,-3.5960e-02,-3.7215e-02
9.0467e-04,-6.1109e-04,-2.1209e-03,-3.6244e-03,-5.1237e-03,-6.6242e-03,-8.1346e-03,-9.6673e-03,-1.1238e-02,-1.2867e-02,-1.4574e-02,-1.6383e-02,-1.8316e-02,-2.0390e-02,-2.2619e-02,-2.5007e-02,-2.7549e-02,-3.0238e-02,-3.3073e-02,-3.6088e-02,-3.9367e-02,-4.3045e-02,-4.7195e-02,-5.1551e-02,-5.5205e-02,-5.6749e-02,-5.5238e-02,-5.1196e-02,-4.6262e-02,-4.1762e-02,-3.8028e-02,-3.4851e-02,-3.2012e-02,-2.9410e-02,-2.7008e-02,-2.4791e-02,-2.2746e-02,-2.0862e-02,-1.9130e-02,-1.7540e-02,-1.6082e-02,-1.4749e-02,-1.3530e-02,-1.2418e-02,-1.1406e-02,-1.0487e-02,-9.6565e-03,-8.9103e-03,-8.2448e-03,-7.6567e-03,-7.1433e-03,-6.7019e-03,-6.3296e-03,-6.0236e-03,-5.7814e-03,-5.5998e-03,-5.4761e-03,-5.4077e-03,-5.3918e-03,-5.4261e-03,-5.5085e-03,-5.6371e-03,-5.8105e-03,-6.0276e-03,-6.2874e-03,-6.5892e-03,-6.9325e-03,-7.3175e-03,-7.7436e-03,-8.2113e-03,-8.7201e-03,-9.2704e-03,-9.8619e-03,-1.0494e-02,-1.1167e-02,-1.1880e-02,-1.2633e-02,-1.3423e-02,-1.4250e-02,-1.5113e-02,-1.6010e-02,-1.6939e-02,-1.7898e-02,-1.8885e-02,-1.9897e-02,-2.0934e-02,-2.1993e-02,-2.3072e-02,-2.4169e-02,-2.5282e-02,-2.6411e-02,-2.7553e-02,-2.8709e-02,-2.9876e-02,-3.1056e-02,-3.2247e-02,-3.3451e-02,-3.4666e-02,-3.5894e-02,-3.7135e-02
1.1802e-03,-2.4883e-04,-1.6773e-03,-3.1035e-03,-4.5276e-03,-5.9526e-03,-7.3843e-03,-8.8320e-03,-1.0308e-02,-1.1829e-02,-1.3414e-02,-1.5085e-02,-1.6863e-02,-1.8772e-02,-2.0828e-02,-2.3045e-02,-2.5427e-02,-2.7969e-02,-3.0661e-02,-3.3504e-02,-3.6526e-02,-3.9812e-02,-4.3495e-02,-4.7646e-02,-5.2003e-02,-5.5655e-02,-5.7192e-02,-5.5674e-02,-5.1636e-02,-4.6715e-02,-4.2225e-02,-3.8496e-02,-3.5324e-02,-3.2489e-02,-2.9889e-02,-2.7488e-02,-2.5268e-02,-2.3218e-02,-2.1329e-02,-1.9589e-02,-1.7992e-02,-1.6526e-02,-1.5185e-02,-1.3958e-02,-1.2838e-02,-1.1819e-02,-1.0893e-02,-1.0057e-02,-9.3067e-03,-8.6380e-03,-8.0483e-03,-7.5346e-03,-7.0945e-03,-6.7250e-03,-6.4234e-03,-6.1871e-03,-6.0128e-03,-5.8979e-03,-5.8396e-03,-5.8351e-03,-5.8822e-03,-5.9786e-03,-6.1226e-03,-6.3124e-03,-6.5473e-03,-6.8258e-03,-7.1475e-03,-7.5119e-03,-7.9190e-03,-8.3683e-03,-8.8597e-03,-9.3935e-03,-9.9693e-03,-1.0587e-02,-1.1246e-02,-1.1946e-02,-1.2685e-02,-1.3465e-02,-1.4282e-02,-1.5135e-02,-1.6024e-02,-1.6945e-02,-1.7898e-02,-1.8880e-02,-1.9888e-02,-2.0921e-02,-2.1977e-02,-2.3053e-02,-2.4147e-02,-2.5258e-02,-2.6383e-02,-2.7522e-02,-2.8674e-02,-2.9836e-02,-3.1010e-02,-3.2194e-02,-3.3388e-02,-3.4593e-02,-3.5809e-02,-3.7037e-02
1.4838e-03,1.4333e-04,-1.2024e-03,-2.5509e-03,-3.9012e-03,-5.2540e-03,-6.6129e-03,-7.9843e-03,-9.3777e-03,-1.0806e-02,-1.2285e-02,-1.3834e-02,-1.5476e-02,-1.7231e-02,-1.9122e-02,-2.1167e-02,-2.3378e-02,-2.5759e-02,-2.8305e-02,-3.1007e-02,-3.3862e-02,-3.6896e-02,-4.0194e-02,-4.3886e-02,-4.8045e-02,-5.2408e-02,-5.6061e-02,-5.7593e-02,-5.6071e-02,-5.2039e-02,-4.7133e-02,-4.2657e-02,-3.8938e-02,-3.5773e-02,-3.2946e-02,-3.0351e-02,-2.7952e-02,-2.5732e-02,-2.3681e-02,-2.1787e-02,-2.0043e-02,-1.8440e-02,-1.6969e-02,-1.5622e-02,-1.4389e-02,-1.3264e-02,-1.2240e-02,-1.1310e-02,-1.0471e-02,-9.7179e-03,-9.0480e-03,-8.4586e-03,-7.9466e-03,-7.5096e-03,-7.1447e-03,-6.8492e-03,-6.6201e-03,-6.4545e-03,-6.3495e-03,-6.3024e-03,-6.3103e-03,-6.3709e-03,-6.4818e-03,-6.6415e-03,-6.8482e-03,-7.1007e-03,-7.3981e-03,-7.7397e-03,-8.1248e-03,-8.5535e-03,-9.0254e-03,-9.5401e-03,-1.0098e-02,-1.0698e-02,-1.1340e-02,-1.2024e-02,-1.2749e-02,-1.3514e-02,-1.4318e-02,-1.5160e-02,-1.6038e-02,-1.6949e-02,-1.7893e-02,-1.8867e-02,-1.9869e-02,-2.0896e-02,-2.1947e-02,-2.3018e-02,-2.4109e-02,-2.5215e-02,-2.6337e-02,-2.7472e-02,-2.8618e-02,-2.9776e-02,-3.0943e-02,-3.2120e-02,-3.3305e-02,-3.4500e-02,-3.5705e-02,-3.6920e-02
1.8037e-03,5.5366e-04,-7.0753e-04,-1.9769e-03,-3.2527e-03,-4.5345e-03,-5.8238e-03,-7.1246e-03,-8.4434e-03,-9.7903e-03,-1.1178e-02,-1.2623e-02,-1.4144e-02,-1.5763e-02,-1.7501e-02,-1.9380e-02,-2.1419e-02,-2.3629e-02,-2.6015e-02,-2.8570e-02,-3.1285e-02,-3.4155e-02,-3.7207e-02,-4.0520e-02,-4.4225e-02,-4.8396e-02,-5.2769e-02,-5.6427e-02,-5.7956e-02,-5.6431e-02,-5.2408e-02,-4.7518e-02,-4.3059e-02,-3.9353e-02,-3.6200e-02,-3.3382e-02,-3.0795e-02,-2.8401e-02,-2.6184e-02,-2.4132e-02,-2.2236e-02,-2.0490e-02,-1.8884e-02,-1.7409e-02,-1.6058e-02,-1.4823e-02,-1.3695e-02,-1.2667e-02,-1.1736e-02,-1.0896e-02,-1.0143e-02,-9.4740e-03,-8.8869e-03,-8.3786e-03,-7.9465e-03,-7.5880e-03,-7.2999e-03,-7.0795e-03,-6.9240e-03,-6.8299e-03,-6.7948e-03,-6.8159e-03,-6.8905e-03,-7.0166e-03,-7.1922e-03,-7.4158e-03,-7.6862e-03,-8.0023e-03,-8.3633e-03,-8.7688e-03,-9.2185e-03,-9.7120e-03,-1.0249e-02,-1.0829e-02,-1.1453e-02,-1.2119e-02,-1.2826e-02,-1.3575e-02,-1.4363e-02,-1.5190e-02,-1.6054e-02,-1.6953e-02,-1.7886e-02,-1.8850e-02,-1.9842e-02,-2.0862e-02,-2.1905e-02,-2.2970e-02,-2.4054e-02,-2.5155e-02,-2.6272e-02,-2.7401e-02,-2.8542e-02,-2.9693e-02,-3.0854e-02,-3.2023e-02,-3.3200e-02,-3.4386e-02,-3.5579e-02,-3.6781e-02
2.1285e-03,9.7048e-04,-2.0393e-04,-1.3922e-03,-2.5919e-03,-3.8019e-03,-5.0225e-03,-6.2557e-03,-7.5056e-03,-8.7794e-03,-1.0087e-02,-1.1441e-02,-1.2859e-02,-1.4358e-02,-1.5960e-02,-1.7687e-02,-1.9560e-02,-2.1597e-02,-2.3811e-02,-2.6204e-02,-2.8772e-02,-3.1503e-02,-3.4393e-02,-3.7464e-02,-4.0796e-02,-4.4518e-02,-4.8705e-02,-5.3091e-02,-5.6756e-02,-5.8285e-02,-5.6758e-02,-5.2743e-02,-4.7872e-02,-4.3432e-02,-3.9743e-02,-3.6603e-02,-3.3798e-02,-3.1222e-02,-2.8835e-02,-2.6621e-02,-2.4571e-02,-2.2676e-02,-2.0929e-02,-1.9321e-02,-1.7846e-02,-1.6494e-02,-1.5257e-02,-1.4128e-02,-1.3101e-02,-1.2170e-02,-1.1331e-02,-1.0580e-02,-9.9145e-03,-9.3318e-03,-8.8292e-03,-8.4039e-03,-8.0532e-03,-7.7742e-03,-7.5640e-03,-7.4194e-03,-7.3375e-03,-7.3152e-03,-7.3501e-03,-7.4393e-03,-7.5808e-03,-7.7726e-03,-8.0131e-03,-8.3012e-03,-8.6356e-03,-9.0158e-03,-9.4411e-03,-9.9110e-03,-1.0425e-02,-1.0984e-02,-1.1586e-02,-1.2231e-02,-1.2918e-02,-1.3648e-02,-1.4418e-02,-1.5227e-02,-1.6075e-02,-1.6959e-02,-1.7878e-02,-1.8828e-02,-1.9809e-02,-2.0818e-02,-2.1851e-02,-2.2907e-02,-2.3984e-02,-2.5078e-02,-2.6187e-02,-2.7310e-02,-2.8445e-02,-2.9589e-02,-3.0743e-02,-3.1904e-02,-3.3072e-02,-3.4248e-02,-3.5430e-02,-3.6620e-02
2.4481e-03,1.3834e-03,2.9745e-04,-8.0734e-04,-1.9290e-03,-3.0657e-03,-4.2168e-03,-5.3831e-03,-6.5670e-03,-7.7731e-03,-9.0086e-03,-1.0284e-02,-1.1611e-02,-1.3007e-02,-1.4490e-02,-1.6081e-02,-1.7801e-02,-1.9673e-02,-2.1713e-02,-2.3933e-02,-2.6338e-02,-2.8921e-02,-3.1671e-02,-3.4582e-02,-3.7675e-02,-4.1029e-02,-4.4771e-02,-4.8976e-02,-5.3378e-02,-5.7052e-02,-5.8580e-02,-5.7052e-02,-5.3046e-02,-4.8196e-02,-4.3778e-02,-4.0107e-02,-3.6984e-02,-3.4194e-02,-3.1630e-02,-2.9251e-02,-2.7043e-02,-2.4997e-02,-2.3104e-02,-2.1358e-02,-1.9752e-02,-1.8277e-02,-1.6926e-02,-1.5691e-02,-1.4563e-02,-1.3538e-02,-1.2610e-02,-1.1774e-02,-1.1028e-02,-1.0368e-02,-9.7921e-03,-9.2970e-03,-8.8803e-03,-8.5391e-03,-8.2706e-03,-8.0717e-03,-7.9392e-03,-7.8702e-03,-7.8617e-03,-7.9107e-03,-8.0150e-03,-8.1721e-03,-8.3801e-03,-8.6376e-03,-8.9430e-03,-9.2955e-03,-9.6940e-03,-1.0138e-02,-1.0628e-02,-1.1162e-02,-1.1740e-02,-1.2362e-02,-1.3027e-02,-1.3735e-02,-1.4484e-02,-1.5274e-02,-1.6103e-02,-1.6969e-02,-1.7870e-02,-1.8806e-02,-1.9772e-02,-2.0767e-02,-2.1788e-02,-2.2833e-02,-2.3900e-02,-2.4984e-02,-2.6085e-02,-2.7200e-02,-2.8326e-02,-2.9463e-02,-3.0608e-02,-3.1761e-02,-3.2920e-02,-3.4086e-02,-3.5257e-02,-3.6434e-02
2.7539e-03,1.7828e-03,7.8657e-04,-2.3309e-04,-1.2743e-03,-2.3354e-03,-3.4155e-03,-4.5141e-03,-5.6326e-03,-6.7739e-03,-7.9426e-03,-9.1461e-03,-1.0395e-02,-1.1701e-02,-1.3081e-02,-1.4553e-02,-1.6137e-02,-1.7855e-02,-1.9729e-02,-2.1774e-02,-2.4005e-02,-2.6423e-02,-2.9024e-02,-3.1795e-02,-3.4729e-02,-3.7846e-02,-4.1223e-02,-4.4987e-02,-4.9212e-02,-5.3632e-02,-5.7317e-02,-5.8845e-02,-5.7315e-02,-5.3319e-02,-4.8490e-02,-4.4096e-02,-4.0446e-02,-3.7342e-02,-3.4569e-02,-3.2018e-02,-2.9650e-02,-2.7450e-02,-2.5408e-02,-2.3519e-02,-2.1777e-02,-2.0174e-02,-1.8702e-02,-1.7354e-02,-1.6122e-02,-1.4999e-02,-1.3978e-02,-1.3055e-02,-1.2225e-02,-1.1486e-02,-1.0833e-02,-1.0266e-02,-9.7801e-03,-9.3736e-03,-9.0436e-03,-8.7870e-03,-8.6006e-03,-8.4813e-03,-8.4259e-03,-8.4316e-03,-8.4956e-03,-8.6150e-03,-8.7878e-03,-9.0120e-03,-9.2859e-03,-9.6084e-03,-9.9781e-03,-1.0395e-02,-1.0857e-02,-1.1364e-02,-1.1917e-02,-1.2514e-02,-1.3154e-02,-1.3838e-02,-1.4564e-02,-1.5331e-02,-1.6138e-02,-1.6984e-02,-1.7866e-02,-1.8782e-02,-1.9732e-02,-2.0710e-02,-2.1717e-02,-2.2748e-02,-2.3802e-02,-2.4875e-02,-2.5965e-02,-2.7070e-02,-2.8187e-02,-2.9314e-02,-3.0450e-02,-3.1594e-02,-3.2743e-02,-3.3898e-02,-3.5058e-02,-3.6223e-02
3.0382e-03,2.1605e-03,1.2543e-03,3.2116e-04,-6.3786e-04,-1.6212e-03,-2.6279e-03,-3.6572e-03,-4.7097e-03,-5.7865e-03,-6.8910e-03,-8.0282e-03,-9.2054e-03,-1.0433e-02,-1.1723e-02,-1.3092e-02,-1.4557e-02,-1.6139e-02,-1.7859e-02,-1.9737e-02,-2.1791e-02,-2.4033e-02,-2.6467e-02,-2.9087e-02,-3.1880e-02,-3.4839e-02,-3.7981e-02,-4.1382e-02,-4.5170e-02,-4.9417e-02,-5.3856e-02,-5.7553e-02,-5.9081e-02,-5.7550e-02,-5.3563e-02,-4.8756e-02,-4.4387e-02,-4.0760e-02,-3.7676e-02,-3.4921e-02,-3.2386e-02,-3.0030e-02,-2.7838e-02,-2.5804e-02,-2.3921e-02,-2.2183e-02,-2.0585e-02,-1.9119e-02,-1.7776e-02,-1.6550e-02,-1.5433e-02,-1.4419e-02,-1.3503e-02,-1.2681e-02,-1.1951e-02,-1.1308e-02,-1.0751e-02,-1.0277e-02,-9.8821e-03,-9.5646e-03,-9.3210e-03,-9.1482e-03,-9.0429e-03,-9.0021e-03,-9.0225e-03,-9.1015e-03,-9.2364e-03,-9.4248e-03,-9.6648e-03,-9.9550e-03,-1.0294e-02,-1.0680e-02,-1.1113e-02,-1.1593e-02,-1.2117e-02,-1.2687e-02,-1.3301e-02,-1.3959e-02,-1.4659e-02,-1.5401e-02,-1.6184e-02,-1.7006e-02,-1.7866e-02,-1.8761e-02,-1.9690e-02,-2.0650e-02,-2.1639e-02,-2.2654e-02,-2.3692e-02,-2.4751e-02,-2.5829e-02,-2.6921e-02,-2.8027e-02,-2.9143e-02,-3.0269e-02,-3.1401e-02,-3.2540e-02,-3.3684e-02,-3.4832e-02,-3.5985e-02
3.2952e-03,2.5093e-03,1.6931e-03,8.4685e-04,-2.8573e-05,-9.3230e-04,-1.8634e-03,-2.8213e-03,-3.8058e-03,-4.8176e-03,-5.8585e-03,-6.9319e-03,-8.0429e-03,-9.1991e-03,-1.0410e-02,-1.1689e-02,-1.3051e-02,-1.4513e-02,-1.6096e-02,-1.7820e-02,-1.9705e-02,-2.1770e-02,-2.4026e-02,-2.6477e-02,-2.9117e-02,-3.1933e-02,-3.4916e-02,-3.8085e-02,-4.1511e-02,-4.5322e-02,-4.9593e-02,-5.4052e-02,-5.7761e-02,-5.9290e-02,-5.7755e-02,-5.3778e-02,-4.8994e-02,-4.4651e-02,-4.1048e-02,-3.7987e-02,-3.5252e-02,-3.2733e-02,-3.0390e-02,-2.8209e-02,-2.6183e-02,-2.4307e-02,-2.2576e-02,-2.0985e-02,-1.9526e-02,-1.8191e-02,-1.6972e-02,-1.5863e-02,-1.4858e-02,-1.3952e-02,-1.3141e-02,-1.2421e-02,-1.1791e-02,-1.1246e-02,-1.0784e-02,-1.0403e-02,-1.0100e-02,-9.8703e-03,-9.7120e-03,-9.6216e-03,-9.5956e-03,-9.6311e-03,-9.7253e-03,-9.8756e-03,-1.0079e-02,-1.0335e-02,-1.0641e-02,-1.0995e-02,-1.1398e-02,-1.1847e-02,-1.2342e-02,-1.2882e-02,-1.3467e-02,-1.4096e-02,-1.4769e-02,-1.5484e-02,-1.6240e-02,-1.7037e-02,-1.7872e-02,-1.8743e-02,-1.9649e-02,-2.0588e-02,-2.1556e-02,-2.2552e-02,-2.3572e-02,-2.4615e-02,-2.5676e-02,-2.6754e-02,-2.7847e-02,-2.8950e-02,-3.0063e-02,-3.1184e-02,-3.2311e-02,-3.3443e-02,-3.4579e-02,-3.5718e-02
3.5202e-03,2.8240e-03,2.0964e-03,1.3368e-03,5.4547e-04,-2.7730e-04,-1.1310e-03,-2.0152e-03,-2.9297e-03,-3.8747e-03,-4.8513e-03,-5.8615e-03,-6.9088e-03,-7.9986e-03,-9.1383e-03,-1.0338e-02,-1.1609e-02,-1.2967e-02,-1.4429e-02,-1.6016e-02,-1.7746e-02,-1.9641e-02,-2.1718e-02,-2.3989e-02,-2.6457e-02,-2.9118e-02,-3.1957e-02,-3.4966e-02,-3.8160e-02,-4.1612e-02,-4.5447e-02,-4.9741e-02,-5.4222e-02,-5.7942e-02,-5.9471e-02,-5.7934e-02,-5.3966e-02,-4.9205e-02,-4.4889e-02,-4.1311e-02,-3.8273e-02,-3.5559e-02,-3.3058e-02,-3.0729e-02,-2.8559e-02,-2.6543e-02,-2.4676e-02,-2.2954e-02,-2.1371e-02,-1.9921e-02,-1.8595e-02,-1.7387e-02,-1.6288e-02,-1.5295e-02,-1.4401e-02,-1.3602e-02,-1.2895e-02,-1.2278e-02,-1.1748e-02,-1.1301e-02,-1.0934e-02,-1.0646e-02,-1.0432e-02,-1.0289e-02,-1.0214e-02,-1.0204e-02,-1.0254e-02,-1.0364e-02,-1.0529e-02,-1.0748e-02,-1.1019e-02,-1.1339e-02,-1.1709e-02,-1.2126e-02,-1.2589e-02,-1.3099e-02,-1.3653e-02,-1.4252e-02,-1.4895e-02,-1.5581e-02,-1.6309e-02,-1.7077e-02,-1.7884e-02,-1.8729e-02,-1.9610e-02,-2.0524e-02,-2.1469e-02,-2.2443e-02,-2.3443e-02,-2.4466e-02,-2.5509e-02,-2.6570e-02,-2.7647e-02,-2.8736e-02,-2.9835e-02,-3.0942e-02,-3.2055e-02,-3.3174e-02,-3.4296e-02,-3.5422e-02
3.7096e-03,3.1004e-03,2.4593e-03,1.7852e-03,1.0776e-03,3.3636e-04,-4.3876e-04,-1.2475e-03,-2.0899e-03,-2.9660e-03,-3.8766e-03,-4.8228e-03,-5.8070e-03,-6.8329e-03,-7.9058e-03,-9.0330e-03,-1.0224e-02,-1.1491e-02,-1.2849e-02,-1.4314e-02,-1.5906e-02,-1.7645e-02,-1.9551e-02,-2.1641e-02,-2.3927e-02,-2.6413e-02,-2.9095e-02,-3.1957e-02,-3.4991e-02,-3.8211e-02,-4.1687e-02,-4.5547e-02,-4.9864e-02,-5.4366e-02,-5.8099e-02,-5.9626e-02,-5.8085e-02,-5.4126e-02,-4.9388e-02,-4.5100e-02,-4.1549e-02,-3.8535e-02,-3.5842e-02,-3.3359e-02,-3.1046e-02,-2.8889e-02,-2.6884e-02,-2.5027e-02,-2.3315e-02,-2.1743e-02,-2.0303e-02,-1.8989e-02,-1.7792e-02,-1.6707e-02,-1.5726e-02,-1.4846e-02,-1.4062e-02,-1.3370e-02,-1.2769e-02,-1.2254e-02,-1.1823e-02,-1.1473e-02,-1.1201e-02,-1.1003e-02,-1.0876e-02,-1.0817e-02,-1.0822e-02,-1.0888e-02,-1.1013e-02,-1.1193e-02,-1.1426e-02,-1.1712e-02,-1.2046e-02,-1.2429e-02,-1.2860e-02,-1.3337e-02,-1.3859e-02,-1.4426e-02,-1.5038e-02,-1.5692e-02,-1.6389e-02,-1.7127e-02,-1.7904e-02,-1.8720e-02,-1.9573e-02,-2.0460e-02,-2.1379e-02,-2.2328e-02,-2.3305e-02,-2.4306e-02,-2.5328e-02,-2.6370e-02,-2.7428e-02,-2.8500e-02,-2.9583e-02,-3.0674e-02,-3.1773e-02,-3.2877e-02,-3.3985e-02,-3.5096e-02
3.8614e-03,3.3357e-03,2.7782e-03,2.1876e-03,1.5626e-03,9.0251e-04,2.0651e-04,-5.2565e-04,-1.2942e-03,-2.0995e-03,-2.9420e-03,-3.8228e-03,-4.7431e-03,-5.7057e-03,-6.7142e-03,-7.7741e-03,-8.8924e-03,-1.0079e-02,-1.1345e-02,-1.2704e-02,-1.4175e-02,-1.5774e-02,-1.7523e-02,-1.9440e-02,-2.1543e-02,-2.3845e-02,-2.6349e-02,-2.9050e-02,-3.1935e-02,-3.4993e-02,-3.8238e-02,-4.1739e-02,-4.5623e-02,-4.9964e-02,-5.4486e-02,-5.8230e-02,-5.9756e-02,-5.8210e-02,-5.4259e-02,-4.9544e-02,-4.5284e-02,-4.1760e-02,-3.8771e-02,-3.6101e-02,-3.3637e-02,-3.1340e-02,-2.9197e-02,-2.7203e-02,-2.5358e-02,-2.3658e-02,-2.2097e-02,-2.0670e-02,-1.9369e-02,-1.8186e-02,-1.7115e-02,-1.6150e-02,-1.5286e-02,-1.4518e-02,-1.3844e-02,-1.3259e-02,-1.2762e-02,-1.2348e-02,-1.2016e-02,-1.1761e-02,-1.1580e-02,-1.1470e-02,-1.1427e-02,-1.1447e-02,-1.1529e-02,-1.1668e-02,-1.1863e-02,-1.2110e-02,-1.2409e-02,-1.2757e-02,-1.3152e-02,-1.3595e-02,-1.4084e-02,-1.4618e-02,-1.5195e-02,-1.5817e-02,-1.6481e-02,-1.7186e-02,-1.7932e-02,-1.8717e-02,-1.9539e-02,-2.0397e-02,-2.1287e-02,-2.2209e-02,-2.3159e-02,-2.4136e-02,-2.5135e-02,-2.6154e-02,-2.7191e-02,-2.8243e-02,-2.9308e-02,-3.0382e-02,-3.1464e-02,-3.2551e-02,-3.3644e-02,-3.4739e-02
3.9743e-03,3.5279e-03,3.0508e-03,2.5410e-03,1.9966e-03,1.4164e-03,7.9923e-04,1.4408e-04,-5.4966e-04,-1.2826e-03,-2.0552e-03,-2.8685e-03,-3.7235e-03,-4.6221e-03,-5.5669e-03,-6.5617e-03,-7.6120e-03,-8.7245e-03,-9.9086e-03,-1.1176e-02,-1.2539e-02,-1.4016e-02,-1.5624e-02,-1.7383e-02,-1.9312e-02,-2.1429e-02,-2.3746e-02,-2.6268e-02,-2.8989e-02,-3.1895e-02,-3.4976e-02,-3.8245e-02,-4.1769e-02,-4.5676e-02,-5.0040e-02,-5.4583e-02,-5.8338e-02,-5.9861e-02,-5.8309e-02,-5.4366e-02,-4.9673e-02,-4.5442e-02,-4.1945e-02,-3.8982e-02,-3.6334e-02,-3.3890e-02,-3.1610e-02,-2.9481e-02,-2.7501e-02,-2.5668e-02,-2.3981e-02,-2.2433e-02,-2.1020e-02,-1.9734e-02,-1.8567e-02,-1.7513e-02,-1.6565e-02,-1.5718e-02,-1.4969e-02,-1.4313e-02,-1.3747e-02,-1.3268e-02,-1.2874e-02,-1.2559e-02,-1.2322e-02,-1.2159e-02,-1.2066e-02,-1.2039e-02,-1.2076e-02,-1.2172e-02,-1.2326e-02,-1.2534e-02,-1.2795e-02,-1.3106e-02,-1.3465e-02,-1.3873e-02,-1.4326e-02,-1.4825e-02,-1.5368e-02,-1.5955e-02,-1.6585e-02,-1.7256e-02,-1.7968e-02,-1.8720e-02,-1.9509e-02,-2.0335e-02,-2.1194e-02,-2.2086e-02,-2.3007e-02,-2.3956e-02,-2.4929e-02,-2.5924e-02,-2.6937e-02,-2.7967e-02,-2.9011e-02,-3.0065e-02,-3.1128e-02,-3.2198e-02,-3.3272e-02,-3.4351e-02
4.0479e-03,3.6764e-03,3.2757e-03,2.8432e-03,2.3768e-03,1.8746e-03,1.3348e-03,7.5639e-04,1.3787e-04,-5.2165e-04,-1.2231e-03,-1.9671e-03,-2.7551e-03,-3.5884e-03,-4.4689e-03,-5.3994e-03,-6.3838e-03,-7.4271e-03,-8.5365e-03,-9.7206e-03,-1.0991e-02,-1.2360e-02,-1.3844e-02,-1.5462e-02,-1.7232e-02,-1.9173e-02,-2.1303e-02,-2.3635e-02,-2.6173e-02,-2.8912e-02,-3.1838e-02,-3.4941e-02,-3.8233e-02,-4.1780e-02,-4.5708e-02,-5.0094e-02,-5.4658e-02,-5.8422e-02,-5.9941e-02,-5.8383e-02,-5.4446e-02,-4.9776e-02,-4.5573e-02,-4.2104e-02,-3.9167e-02,-3.6542e-02,-3.4118e-02,-3.1855e-02,-2.9741e-02,-2.7775e-02,-2.5956e-02,-2.4282e-02,-2.2750e-02,-2.1352e-02,-2.0082e-02,-1.8932e-02,-1.7896e-02,-1.6967e-02,-1.6140e-02,-1.5410e-02,-1.4775e-02,-1.4229e-02,-1.3770e-02,-1.3395e-02,-1.3100e-02,-1.2882e-02,-1.2737e-02,-1.2661e-02,-1.2650e-02,-1.2702e-02,-1.2813e-02,-1.2981e-02,-1.3202e-02,-1.3475e-02,-1.3797e-02,-1.4167e-02,-1.4585e-02,-1.5047e-02,-1.5555e-02,-1.6106e-02,-1.6699e-02,-1.7335e-02,-1.8012e-02,-1.8728e-02,-1.9483e-02,-2.0274e-02,-2.1100e-02,-2.1960e-02,-2.2850e-02,-2.3768e-02,-2.4712e-02,-2.5679e-02,-2.6667e-02,-2.7672e-02,-2.8692e-02,-2.9724e-02,-3.0766e-02,-3.1815e-02,-3.2870e-02,-3.3930e-02
4.0827e-03,3.7813e-03,3.4525e-03,3.0935e-03,2.7018e-03,2.2749e-03,1.8108e-03,1.3076e-03,7.6366e-04,1.7773e-04,-4.5148e-04,-1.1252e-03,-1.8445e-03,-2.6109e-03,-3.4258e-03,-4.2915e-03,-5.2107e-03,-6.1873e-03,-7.2263e-03,-8.3345e-03,-9.5206e-03,-1.0795e-02,-1.2171e-02,-1.3664e-02,-1.5291e-02,-1.7072e-02,-1.9025e-02,-2.1168e-02,-2.3513e-02,-2.6066e-02,-2.8822e-02,-3.1768e-02,-3.4891e-02,-3.8203e-02,-4.1771e-02,-4.5720e-02,-5.0128e-02,-5.4710e-02,-5.8484e-02,-5.9997e-02,-5.8431e-02,-5.4501e-02,-4.9853e-02,-4.5678e-02,-4.2237e-02,-3.9325e-02,-3.6723e-02,-3.4320e-02,-3.2074e-02,-2.9976e-02,-2.8024e-02,-2.6220e-02,-2.4561e-02,-2.3044e-02,-2.1663e-02,-2.0411e-02,-1.9280e-02,-1.8264e-02,-1.7355e-02,-1.6549e-02,-1.5841e-02,-1.5227e-02,-1.4702e-02,-1.4265e-02,-1.3910e-02,-1.3635e-02,-1.3436e-02,-1.3309e-02,-1.3250e-02,-1.3255e-02,-1.3322e-02,-1.3448e-02,-1.3628e-02,-1.3861e-02,-1.4145e-02,-1.4477e-02,-1.4857e-02,-1.5282e-02,-1.5753e-02,-1.6267e-02,-1.6823e-02,-1.7422e-02,-1.8062e-02,-1.8741e-02,-1.9459e-02,-2.0215e-02,-2.1006e-02,-2.1830e-02,-2.2686e-02,-2.3572e-02,-2.4485e-02,-2.5422e-02,-2.6380e-02,-2.7358e-02,-2.8351e-02,-2.9359e-02,-3.0377e-02,-3.1405e-02,-3.2439e-02,-3.3478e-02
4.0795e-03,3.8433e-03,3.5819e-03,3.2921e-03,2.9711e-03,2.6162e-03,2.2249e-03,1.7950e-03,1.3245e-03,8.1158e-04,2.5447e-04,-3.4813e-04,-9.9774e-04,-1.6958e-03,-2.4437e-03,-3.2434e-03,-4.0970e-03,-5.0075e-03,-5.9787e-03,-7.0155e-03,-8.1244e-03,-9.3137e-03,-1.0594e-02,-1.1977e-02,-1.3479e-02,-1.5116e-02,-1.6907e-02,-1.8871e-02,-2.1025e-02,-2.3383e-02,-2.5950e-02,-2.8722e-02,-3.1684e-02,-3.4826e-02,-3.8157e-02,-4.1744e-02,-4.5713e-02,-5.0140e-02,-5.4741e-02,-5.8522e-02,-6.0030e-02,-5.8455e-02,-5.4530e-02,-4.9903e-02,-4.5756e-02,-4.2343e-02,-3.9456e-02,-3.6877e-02,-3.4494e-02,-3.2266e-02,-3.0184e-02,-2.8248e-02,-2.6458e-02,-2.4816e-02,-2.3315e-02,-2.1953e-02,-2.0719e-02,-1.9609e-02,-1.8613e-02,-1.7726e-02,-1.6943e-02,-1.6257e-02,-1.5665e-02,-1.5164e-02,-1.4748e-02,-1.4415e-02,-1.4160e-02,-1.3980e-02,-1.3871e-02,-1.3829e-02,-1.3850e-02,-1.3931e-02,-1.4070e-02,-1.4262e-02,-1.4506e-02,-1.4800e-02,-1.5141e-02,-1.5528e-02,-1.5960e-02,-1.6436e-02,-1.6955e-02,-1.7516e-02,-1.8117e-02,-1.8758e-02,-1.9438e-02,-2.0156e-02,-2.0909e-02,-2.1697e-02,-2.2517e-02,-2.3368e-02,-2.4246e-02,-2.5151e-02,-2.6078e-02,-2.7025e-02,-2.7990e-02,-2.8970e-02,-2.9963e-02,-3.0966e-02,-3.1976e-02,-3.2993e-02
4.0400e-03,3.8639e-03,3.6648e-03,3.4396e-03,3.1852e-03,2.8986e-03,2.5768e-03,2.2175e-03,1.8182e-03,1.3768e-03,8.9112e-04,3.5955e-04,-2.1975e-04,-8.4852e-04,-1.5282e-03,-2.2607e-03,-3.0479e-03,-3.8920e-03,-4.7961e-03,-5.7638e-03,-6.7999e-03,-7.9109e-03,-9.1044e-03,-1.0391e-02,-1.1782e-02,-1.3292e-02,-1.4939e-02,-1.6740e-02,-1.8714e-02,-2.0879e-02,-2.3248e-02,-2.5827e-02,-2.8612e-02,-3.1590e-02,-3.4748e-02,-3.8097e-02,-4.1700e-02,-4.5686e-02,-5.0133e-02,-5.4751e-02,-5.8539e-02,-6.0039e-02,-5.8454e-02,-5.4533e-02,-4.9927e-02,-4.5808e-02,-4.2422e-02,-3.9560e-02,-3.7004e-02,-3.4641e-02,-3.2431e-02,-3.0365e-02,-2.8444e-02,-2.6671e-02,-2.5045e-02,-2.3562e-02,-2.2218e-02,-2.1005e-02,-1.9915e-02,-1.8942e-02,-1.8078e-02,-1.7318e-02,-1.6656e-02,-1.6088e-02,-1.5609e-02,-1.5216e-02,-1.4904e-02,-1.4670e-02,-1.4509e-02,-1.4418e-02,-1.4393e-02,-1.4429e-02,-1.4524e-02,-1.4675e-02,-1.4878e-02,-1.5132e-02,-1.5434e-02,-1.5782e-02,-1.6176e-02,-1.6612e-02,-1.7092e-02,-1.7613e-02,-1.8176e-02,-1.8777e-02,-1.9418e-02,-2.0096e-02,-2.0811e-02,-2.1560e-02,-2.2342e-02,-2.3156e-02,-2.3998e-02,-2.4867e-02,-2.5760e-02,-2.6675e-02,-2.7609e-02,-2.8559e-02,-2.9523e-02,-3.0498e-02,-3.1483e-02,-3.2475e-02
3.9660e-03,3.8448e-03,3.7032e-03,3.5378e-03,3.3454e-03,3.1228e-03,2.8669e-03,2.5749e-03,2.2441e-03,1.8720e-03,1.4562e-03,9.9476e-04,4.8539e-04,-7.3768e-05,-6.8451e-04,-1.3488e-03,-2.0684e-03,-2.8453e-03,-3.6821e-03,-4.5815e-03,-5.5474e-03,-6.5842e-03,-7.6981e-03,-8.8966e-03,-1.0189e-02,-1.1588e-02,-1.3107e-02,-1.4762e-02,-1.6572e-02,-1.8556e-02,-2.0730e-02,-2.3109e-02,-2.5698e-02,-2.8494e-02,-3.1486e-02,-3.4658e-02,-3.8022e-02,-4.1640e-02,-4.5642e-02,-5.0107e-02,-5.4740e-02,-5.8534e-02,-6.0025e-02,-5.8429e-02,-5.4512e-02,-4.9926e-02,-4.5833e-02,-4.2474e-02,-3.9637e-02,-3.7103e-02,-3.4759e-02,-3.2567e-02,-3.0518e-02,-2.8613e-02,-2.6856e-02,-2.5246e-02,-2.3782e-02,-2.2458e-02,-2.1266e-02,-2.0198e-02,-1.9248e-02,-1.8408e-02,-1.7672e-02,-1.7034e-02,-1.6490e-02,-1.6036e-02,-1.5665e-02,-1.5376e-02,-1.5162e-02,-1.5020e-02,-1.4947e-02,-1.4937e-02,-1.4988e-02,-1.5096e-02,-1.5258e-02,-1.5471e-02,-1.5732e-02,-1.6041e-02,-1.6395e-02,-1.6792e-02,-1.7232e-02,-1.7714e-02,-1.8236e-02,-1.8797e-02,-1.9397e-02,-2.0035e-02,-2.0709e-02,-2.1418e-02,-2.2160e-02,-2.2935e-02,-2.3738e-02,-2.4570e-02,-2.5427e-02,-2.6306e-02,-2.7206e-02,-2.8124e-02,-2.9058e-02,-3.0004e-02,-3.0960e-02,-3.1926e-02
3.8598e-03,3.7884e-03,3.6992e-03,3.5888e-03,3.4537e-03,3.2906e-03,3.0963e-03,2.8678e-03,2.6022e-03,2.2967e-03,1.9485e-03,1.5554e-03,1.1151e-03,6.2503e-04,8.3335e-05,-5.1216e-04,-1.1633e-03,-1.8722e-03,-2.6411e-03,-3.4722e-03,-4.3686e-03,-5.3339e-03,-6.3723e-03,-7.4898e-03,-8.6935e-03,-9.9928e-03,-1.1399e-02,-1.2926e-02,-1.4589e-02,-1.6407e-02,-1.8398e-02,-2.0580e-02,-2.2966e-02,-2.5564e-02,-2.8370e-02,-3.1372e-02,-3.4557e-02,-3.7933e-02,-4.1565e-02,-4.5581e-02,-5.0061e-02,-5.4709e-02,-5.8508e-02,-5.9989e-02,-5.8380e-02,-5.4466e-02,-4.9899e-02,-4.5833e-02,-4.2499e-02,-3.9686e-02,-3.7173e-02,-3.4849e-02,-3.2674e-02,-3.0641e-02,-2.8753e-02,-2.7012e-02,-2.5420e-02,-2.3975e-02,-2.2670e-02,-2.1499e-02,-2.0455e-02,-1.9528e-02,-1.8713e-02,-1.8002e-02,-1.7389e-02,-1.6870e-02,-1.6439e-02,-1.6092e-02,-1.5824e-02,-1.5631e-02,-1.5508e-02,-1.5451e-02,-1.5457e-02,-1.5521e-02,-1.5640e-02,-1.5812e-02,-1.6033e-02,-1.6302e-02,-1.6615e-02,-1.6973e-02,-1.7373e-02,-1.7814e-02,-1.8295e-02,-1.8815e-02,-1.9374e-02,-1.9970e-02,-2.0602e-02,-2.1270e-02,-2.1971e-02,-2.2704e-02,-2.3467e-02,-2.4259e-02,-2.5078e-02,-2.5920e-02,-2.6784e-02,-2.7667e-02,-2.8567e-02,-2.9481e-02,-3.0407e-02,-3.1343e-02
3.7239e-03,3.6973e-03,3.6555e-03,3.5951e-03,3.5124e-03,3.4042e-03,3.2671e-03,3.0980e-03,2.8938e-03,2.6514e-03,2.3681e-03,2.0411e-03,1.6677e-03,1.2456e-03,7.7231e-04,2.4556e-04,-3.3688e-04,-9.7714e-04,-1.6773e-03,-2.4398e-03,-3.2668e-03,-4.1614e-03,-5.1269e-03,-6.1676e-03,-7.2890e-03,-8.4982e-03,-9.8038e-03,-1.1217e-02,-1.2751e-02,-1.4421e-02,-1.6246e-02,-1.8243e-02,-2.0431e-02,-2.2823e-02,-2.5427e-02,-2.8241e-02,-3.1251e-02,-3.4446e-02,-3.7832e-02,-4.1475e-02,-4.5503e-02,-4.9997e-02,-5.4659e-02,-5.8461e-02,-5.9931e-02,-5.8308e-02,-5.4395e-02,-4.9847e-02,-4.5806e-02,-4.2497e-02,-3.9707e-02,-3.7215e-02,-3.4910e-02,-3.2752e-02,-3.0735e-02,-2.8863e-02,-2.7139e-02,-2.5565e-02,-2.4138e-02,-2.2854e-02,-2.1705e-02,-2.0683e-02,-1.9781e-02,-1.8991e-02,-1.8305e-02,-1.7717e-02,-1.7223e-02,-1.6816e-02,-1.6492e-02,-1.6245e-02,-1.6072e-02,-1.5967e-02,-1.5926e-02,-1.5946e-02,-1.6022e-02,-1.6152e-02,-1.6332e-02,-1.6560e-02,-1.6833e-02,-1.7150e-02,-1.7510e-02,-1.7910e-02,-1.8350e-02,-1.8828e-02,-1.9345e-02,-1.9899e-02,-2.0488e-02,-2.1113e-02,-2.1772e-02,-2.2462e-02,-2.3184e-02,-2.3935e-02,-2.4712e-02,-2.5515e-02,-2.6340e-02,-2.7186e-02,-2.8051e-02,-2.8931e-02,-2.9824e-02,-3.0728e-02
3.5612e-03,3.5743e-03,3.5749e-03,3.5595e-03,3.5245e-03,3.4664e-03,3.3819e-03,3.2678e-03,3.1208e-03,2.9378e-03,2.7158e-03,2.4519e-03,2.1431e-03,1.7870e-03,1.3807e-03,9.2179e-04,4.0770e-04,-1.6379e-04,-7.9494e-04,-1.4881e-03,-2.2455e-03,-3.0697e-03,-3.9632e-03,-4.9297e-03,-5.9730e-03,-7.0985e-03,-8.3127e-03,-9.6243e-03,-1.1044e-02,-1.2584e-02,-1.4260e-02,-1.6090e-02,-1.8091e-02,-2.0283e-02,-2.2679e-02,-2.5288e-02,-2.8106e-02,-3.1123e-02,-3.4325e-02,-3.7720e-02,-4.1370e-02,-4.5408e-02,-4.9916e-02,-5.4590e-02,-5.8394e-02,-5.9851e-02,-5.8214e-02,-5.4301e-02,-4.9770e-02,-4.5753e-02,-4.2469e-02,-3.9700e-02,-3.7229e-02,-3.4941e-02,-3.2800e-02,-3.0799e-02,-2.8942e-02,-2.7235e-02,-2.5678e-02,-2.4270e-02,-2.3007e-02,-2.1880e-02,-2.0882e-02,-2.0004e-02,-1.9238e-02,-1.8578e-02,-1.8016e-02,-1.7546e-02,-1.7163e-02,-1.6861e-02,-1.6635e-02,-1.6481e-02,-1.6393e-02,-1.6367e-02,-1.6400e-02,-1.6487e-02,-1.6626e-02,-1.6812e-02,-1.7045e-02,-1.7322e-02,-1.7640e-02,-1.7999e-02,-1.8397e-02,-1.8834e-02,-1.9308e-02,-1.9819e-02,-2.0366e-02,-2.0947e-02,-2.1561e-02,-2.2208e-02,-2.2887e-02,-2.3594e-02,-2.4330e-02,-2.5091e-02,-2.5876e-02,-2.6683e-02,-2.7509e-02,-2.8352e-02,-2.9210e-02,-3.0081e-02
3.3742e-03,3.4225e-03,3.4607e-03,3.4855e-03,3.4932e-03,3.4805e-03,3.4439e-03,3.3802e-03,3.2860e-03,3.1582e-03,2.9937e-03,2.7893e-03,2.5422e-03,2.2494e-03,1.9080e-03,1.5152e-03,1.0685e-03,5.6528e-04,2.9355e-06,-6.2079e-04,-1.3082e-03,-2.0618e-03,-2.8838e-03,-3.7772e-03,-4.7449e-03,-5.7910e-03,-6.9204e-03,-8.1393e-03,-9.4560e-03,-1.0881e-02,-1.2426e-02,-1.4106e-02,-1.5940e-02,-1.7944e-02,-2.0138e-02,-2.2536e-02,-2.5147e-02,-2.7968e-02,-3.0989e-02,-3.4196e-02,-3.7596e-02,-4.1253e-02,-4.5298e-02,-4.9817e-02,-5.4502e-02,-5.8307e-02,-5.9750e-02,-5.8097e-02,-5.4183e-02,-4.9669e-02,-4.5675e-02,-4.2413e-02,-3.9666e-02,-3.7213e-02,-3.4943e-02,-3.2818e-02,-3.0832e-02,-2.8991e-02,-2.7299e-02,-2.5760e-02,-2.4371e-02,-2.3128e-02,-2.2022e-02,-2.1047e-02,-2.0194e-02,-1.9453e-02,-1.8818e-02,-1.8281e-02,-1.7835e-02,-1.7475e-02,-1.7195e-02,-1.6989e-02,-1.6853e-02,-1.6781e-02,-1.6769e-02,-1.6813e-02,-1.6910e-02,-1.7055e-02,-1.7247e-02,-1.7482e-02,-1.7760e-02,-1.8078e-02,-1.8435e-02,-1.8829e-02,-1.9261e-02,-1.9728e-02,-2.0231e-02,-2.0767e-02,-2.1337e-02,-2.1940e-02,-2.2574e-02,-2.3237e-02,-2.3928e-02,-2.4647e-02,-2.5389e-02,-2.6155e-02,-2.6940e-02,-2.7745e-02,-2.8565e-02,-2.9400e-02
3.1662e-03,3.2449e-03,3.3161e-03,3.3763e-03,3.4221e-03,3.4499e-03,3.4565e-03,3.4386e-03,3.3927e-03,3.3157e-03,3.2045e-03,3.0558e-03,2.8667e-03,2.6340e-03,2.3547e-03,2.0259e-03,1.6447e-03,1.2083e-03,7.1409e-04,1.5946e-04,-4.5814e-04,-1.1410e-03,-1.8916e-03,-2.7122e-03,-3.6057e-03,-4.5749e-03,-5.6236e-03,-6.7565e-03,-7.9796e-03,-9.3006e-03,-1.0729e-02,-1.2278e-02,-1.3962e-02,-1.5797e-02,-1.7803e-02,-1.9997e-02,-2.2394e-02,-2.5005e-02,-2.7827e-02,-3.0850e-02,-3.4059e-02,-3.7462e-02,-4.1122e-02,-4.5174e-02,-4.9702e-02,-5.4397e-02,-5.8201e-02,-5.9629e-02,-5.7958e-02,-5.4043e-02,-4.9543e-02,-4.5572e-02,-4.2332e-02,-3.9604e-02,-3.7169e-02,-3.4915e-02,-3.2804e-02,-3.0833e-02,-2.9007e-02,-2.7331e-02,-2.5809e-02,-2.4438e-02,-2.3215e-02,-2.2131e-02,-2.1179e-02,-2.0349e-02,-1.9632e-02,-1.9021e-02,-1.8509e-02,-1.8087e-02,-1.7749e-02,-1.7490e-02,-1.7303e-02,-1.7183e-02,-1.7125e-02,-1.7126e-02,-1.7179e-02,-1.7283e-02,-1.7434e-02,-1.7629e-02,-1.7865e-02,-1.8142e-02,-1.8457e-02,-1.8810e-02,-1.9198e-02,-1.9622e-02,-2.0081e-02,-2.0573e-02,-2.1098e-02,-2.1655e-02,-2.2243e-02,-2.2861e-02,-2.3507e-02,-2.4181e-02,-2.4879e-02,-2.5601e-02,-2.6345e-02,-2.7109e-02,-2.7890e-02,-2.8687e-02
2.9401e-03,3.0449e-03,3.1446e-03,3.2356e-03,3.3148e-03,3.3785e-03,3.4235e-03,3.4466e-03,3.4445e-03,3.4138e-03,3.3515e-03,3.2544e-03,3.1193e-03,2.9430e-03,2.7225e-03,2.4547e-03,2.1366e-03,1.7651e-03,1.3375e-03,8.5088e-04,3.0252e-04,-3.1008e-04,-9.8920e-04,-1.7375e-03,-2.5572e-03,-3.4509e-03,-4.4215e-03,-5.4726e-03,-6.6084e-03,-7.8348e-03,-9.1591e-03,-1.0591e-02,-1.2142e-02,-1.3827e-02,-1.5662e-02,-1.7667e-02,-1.9859e-02,-2.2255e-02,-2.4863e-02,-2.7683e-02,-3.0705e-02,-3.3915e-02,-3.7319e-02,-4.0980e-02,-4.5035e-02,-4.9571e-02,-5.4274e-02,-5.8077e-02,-5.9488e-02,-5.7799e-02,-5.3881e-02,-4.9395e-02,-4.5443e-02,-4.2224e-02,-3.9514e-02,-3.7096e-02,-3.4856e-02,-3.2760e-02,-3.0803e-02,-2.8990e-02,-2.7330e-02,-2.5824e-02,-2.4471e-02,-2.3267e-02,-2.2203e-02,-2.1273e-02,-2.0466e-02,-1.9773e-02,-1.9186e-02,-1.8696e-02,-1.8297e-02,-1.7980e-02,-1.7740e-02,-1.7571e-02,-1.7466e-02,-1.7421e-02,-1.7432e-02,-1.7494e-02,-1.7603e-02,-1.7757e-02,-1.7953e-02,-1.8188e-02,-1.8462e-02,-1.8772e-02,-1.9118e-02,-1.9498e-02,-1.9913e-02,-2.0360e-02,-2.0839e-02,-2.1351e-02,-2.1893e-02,-2.2464e-02,-2.3064e-02,-2.3692e-02,-2.4345e-02,-2.5022e-02,-2.5722e-02,-2.6443e-02,-2.7183e-02,-2.7939e-02
2.6989e-03,2.8258e-03,2.9496e-03,3.0671e-03,3.1751e-03,3.2701e-03,3.3491e-03,3.4086e-03,3.4455e-03,3.4566e-03,3.4388e-03,3.3887e-03,3.3033e-03,3.1795e-03,3.0141e-03,2.8039e-03,2.5457e-03,2.2365e-03,1.8733e-03,1.4529e-03,9.7253e-04,4.2947e-04,-1.7895e-04,-8.5518e-04,-1.6016e-03,-2.4206e-03,-3.3145e-03,-4.2863e-03,-5.3391e-03,-6.4772e-03,-7.7059e-03,-9.0324e-03,-1.0466e-02,-1.2018e-02,-1.3702e-02,-1.5536e-02,-1.7538e-02,-1.9727e-02,-2.2118e-02,-2.4721e-02,-2.7538e-02,-3.0557e-02,-3.3765e-02,-3.7166e-02,-4.0826e-02,-4.4882e-02,-4.9424e-02,-5.4135e-02,-5.7935e-02,-5.9328e-02,-5.7619e-02,-5.3696e-02,-4.9223e-02,-4.5291e-02,-4.2090e-02,-3.9397e-02,-3.6993e-02,-3.4768e-02,-3.2684e-02,-3.0740e-02,-2.8941e-02,-2.7294e-02,-2.5804e-02,-2.4468e-02,-2.3282e-02,-2.2238e-02,-2.1329e-02,-2.0543e-02,-1.9873e-02,-1.9308e-02,-1.8841e-02,-1.8462e-02,-1.8165e-02,-1.7942e-02,-1.7788e-02,-1.7697e-02,-1.7663e-02,-1.7682e-02,-1.7750e-02,-1.7863e-02,-1.8017e-02,-1.8212e-02,-1.8444e-02,-1.8713e-02,-1.9016e-02,-1.9353e-02,-1.9723e-02,-2.0125e-02,-2.0559e-02,-2.1024e-02,-2.1519e-02,-2.2044e-02,-2.2597e-02,-2.3177e-02,-2.3784e-02,-2.4415e-02,-2.5070e-02,-2.5746e-02,-2.6442e-02,-2.7157e-02
2.4457e-03,2.5906e-03,2.7346e-03,2.8744e-03,3.0070e-03,3.1289e-03,3.2372e-03,3.3287e-03,3.4001e-03,3.4484e-03,3.4704e-03,3.4630e-03,3.4230e-03,3.3474e-03,3.2328e-03,3.0763e-03,2.8746e-03,2.6244e-03,2.3226e-03,1.9661e-03,1.5518e-03,1.0767e-03,5.3802e-04,-6.6899e-05,-7.4062e-04,-1.4855e-03,-2.3038e-03,-3.1978e-03,-4.1702e-03,-5.2243e-03,-6.3637e-03,-7.5937e-03,-8.9211e-03,-1.0355e-02,-1.1906e-02,-1.3589e-02,-1.5419e-02,-1.7417e-02,-1.9599e-02,-2.1984e-02,-2.4581e-02,-2.7392e-02,-3.0406e-02,-3.3609e-02,-3.7006e-02,-4.0662e-02,-4.4718e-02,-4.9264e-02,-5.3980e-02,-5.7775e-02,-5.9149e-02,-5.7419e-02,-5.3491e-02,-4.9029e-02,-4.5114e-02,-4.1930e-02,-3.9253e-02,-3.6862e-02,-3.4649e-02,-3.2577e-02,-3.0644e-02,-2.8858e-02,-2.7224e-02,-2.5748e-02,-2.4428e-02,-2.3259e-02,-2.2234e-02,-2.1344e-02,-2.0579e-02,-1.9929e-02,-1.9385e-02,-1.8937e-02,-1.8578e-02,-1.8298e-02,-1.8092e-02,-1.7951e-02,-1.7871e-02,-1.7846e-02,-1.7871e-02,-1.7942e-02,-1.8056e-02,-1.8210e-02,-1.8401e-02,-1.8627e-02,-1.8888e-02,-1.9182e-02,-1.9508e-02,-1.9866e-02,-2.0254e-02,-2.0673e-02,-2.1121e-02,-2.1598e-02,-2.2103e-02,-2.2636e-02,-2.3195e-02,-2.3779e-02,-2.4387e-02,-2.5017e-02,-2.5669e-02,-2.6339e-02
2.1833e-03,2.3428e-03,2.5031e-03,2.6613e-03,2.8143e-03,2.9590e-03,3.0923e-03,3.2113e-03,3.3127e-03,3.3937e-03,3.4510e-03,3.4817e-03,3.4826e-03,3.4507e-03,3.3829e-03,3.2759e-03,3.1265e-03,2.9317e-03,2.6880e-03,2.3923e-03,2.0414e-03,1.6321e-03,1.1613e-03,6.2622e-04,2.4222e-05,-6.4728e-04,-1.3906e-03,-2.2080e-03,-3.1018e-03,-4.0745e-03,-5.1288e-03,-6.2687e-03,-7.4989e-03,-8.8259e-03,-1.0258e-02,-1.1807e-02,-1.3486e-02,-1.5312e-02,-1.7303e-02,-1.9478e-02,-2.1854e-02,-2.4443e-02,-2.7246e-02,-3.0252e-02,-3.3448e-02,-3.6838e-02,-4.0488e-02,-4.4541e-02,-4.9090e-02,-5.3810e-02,-5.7600e-02,-5.8953e-02,-5.7201e-02,-5.3266e-02,-4.8813e-02,-4.4914e-02,-4.1746e-02,-3.9082e-02,-3.6703e-02,-3.4500e-02,-3.2438e-02,-3.0516e-02,-2.8740e-02,-2.7119e-02,-2.5656e-02,-2.4350e-02,-2.3196e-02,-2.2188e-02,-2.1316e-02,-2.0569e-02,-1.9939e-02,-1.9413e-02,-1.8984e-02,-1.8641e-02,-1.8377e-02,-1.8184e-02,-1.8055e-02,-1.7983e-02,-1.7964e-02,-1.7993e-02,-1.8065e-02,-1.8177e-02,-1.8327e-02,-1.8513e-02,-1.8731e-02,-1.8982e-02,-1.9265e-02,-1.9577e-02,-1.9920e-02,-2.0292e-02,-2.0694e-02,-2.1123e-02,-2.1580e-02,-2.2065e-02,-2.2575e-02,-2.3111e-02,-2.3671e-02,-2.4254e-02,-2.4859e-02,-2.5484e-02
1.9148e-03,2.0854e-03,2.2585e-03,2.4313e-03,2.6008e-03,2.7644e-03,2.9186e-03,3.0609e-03,3.1881e-03,3.2972e-03,3.3855e-03,3.4497e-03,3.4871e-03,3.4944e-03,3.4688e-03,3.4069e-03,3.3058e-03,3.1621e-03,2.9727e-03,2.7343e-03,2.4435e-03,2.0971e-03,1.6918e-03,1.2247e-03,6.9279e-04,9.3311e-05,-5.7612e-04,-1.3179e-03,-2.1343e-03,-3.0273e-03,-3.9994e-03,-5.0533e-03,-6.1925e-03,-7.4217e-03,-8.7469e-03,-1.0177e-02,-1.1722e-02,-1.3395e-02,-1.5214e-02,-1.7197e-02,-1.9363e-02,-2.1729e-02,-2.4307e-02,-2.7100e-02,-3.0096e-02,-3.3283e-02,-3.6664e-02,-4.0305e-02,-4.4354e-02,-4.8904e-02,-5.3627e-02,-5.7410e-02,-5.8741e-02,-5.6964e-02,-5.3021e-02,-4.8576e-02,-4.4691e-02,-4.1537e-02,-3.8884e-02,-3.6515e-02,-3.4321e-02,-3.2268e-02,-3.0355e-02,-2.8589e-02,-2.6978e-02,-2.5526e-02,-2.4232e-02,-2.3093e-02,-2.2100e-02,-2.1243e-02,-2.0513e-02,-1.9899e-02,-1.9390e-02,-1.8976e-02,-1.8648e-02,-1.8396e-02,-1.8214e-02,-1.8093e-02,-1.8028e-02,-1.8012e-02,-1.8042e-02,-1.8113e-02,-1.8221e-02,-1.8365e-02,-1.8542e-02,-1.8750e-02,-1.8989e-02,-1.9257e-02,-1.9555e-02,-1.9881e-02,-2.0235e-02,-2.0616e-02,-2.1025e-02,-2.1461e-02,-2.1923e-02,-2.2410e-02,-2.2921e-02,-2.3456e-02,-2.4013e-02,-2.4591e-02
1.6429e-03,1.8215e-03,2.0040e-03,2.1880e-03,2.3707e-03,2.5491e-03,2.7205e-03,2.8819e-03,3.0307e-03,3.1639e-03,3.2787e-03,3.3721e-03,3.4413e-03,3.4834e-03,3.4954e-03,3.4742e-03,3.4169e-03,3.3202e-03,3.1809e-03,2.9957e-03,2.7613e-03,2.4743e-03,2.1316e-03,1.7297e-03,1.2656e-03,7.3648e-04,1.3940e-04,-5.2802e-04,-1.2681e-03,-2.0829e-03,-2.9747e-03,-3.9455e-03,-4.9980e-03,-6.1354e-03,-7.3622e-03,-8.6844e-03,-1.0110e-02,-1.1649e-02,-1.3316e-02,-1.5127e-02,-1.7099e-02,-1.9254e-02,-2.1608e-02,-2.4174e-02,-2.6955e-02,-2.9940e-02,-3.3115e-02,-3.6484e-02,-4.0115e-02,-4.4156e-02,-4.8706e-02,-5.3431e-02,-5.7205e-02,-5.8512e-02,-5.6711e-02,-5.2757e-02,-4.8318e-02,-4.4446e-02,-4.1303e-02,-3.8660e-02,-3.6299e-02,-3.4112e-02,-3.2066e-02,-3.0160e-02,-2.8402e-02,-2.6800e-02,-2.5358e-02,-2.4075e-02,-2.2947e-02,-2.1966e-02,-2.1123e-02,-2.0407e-02,-1.9807e-02,-1.9312e-02,-1.8911e-02,-1.8594e-02,-1.8352e-02,-1.8178e-02,-1.8063e-02,-1.8000e-02,-1.7985e-02,-1.8013e-02,-1.8079e-02,-1.8181e-02,-1.8316e-02,-1.8482e-02,-1.8678e-02,-1.8902e-02,-1.9154e-02,-1.9434e-02,-1.9741e-02,-2.0075e-02,-2.0436e-02,-2.0822e-02,-2.1235e-02,-2.1672e-02,-2.2134e-02,-2.2620e-02,-2.3129e-02,-2.3659e-02
1.3702e-03,1.5539e-03,1.7431e-03,1.9351e-03,2.1274e-03,2.3173e-03,2.5020e-03,2.6789e-03,2.8453e-03,2.9984e-03,3.1356e-03,3.2539e-03,3.3507e-03,3.4231e-03,3.4683e-03,3.4833e-03,3.4652e-03,3.4108e-03,3.3172e-03,3.1810e-03,2.9989e-03,2.7676e-03,2.4836e-03,2.1438e-03,1.7447e-03,1.2833e-03,7.5657e-04,1.6178e-04,-5.0348e-04,-1.2416e-03,-2.0544e-03,-2.9442e-03,-3.9129e-03,-4.9630e-03,-6.0975e-03,-7.3207e-03,-8.6383e-03,-1.0058e-02,-1.1591e-02,-1.3249e-02,-1.5049e-02,-1.7010e-02,-1.9152e-02,-2.1493e-02,-2.4045e-02,-2.6812e-02,-2.9783e-02,-3.2944e-02,-3.6300e-02,-3.9918e-02,-4.3950e-02,-4.8498e-02,-5.3223e-02,-5.6987e-02,-5.8269e-02,-5.6441e-02,-5.2476e-02,-4.8041e-02,-4.4180e-02,-4.1046e-02,-3.8410e-02,-3.6055e-02,-3.3873e-02,-3.1833e-02,-2.9932e-02,-2.8180e-02,-2.6585e-02,-2.5151e-02,-2.3876e-02,-2.2758e-02,-2.1787e-02,-2.0955e-02,-2.0250e-02,-1.9660e-02,-1.9175e-02,-1.8784e-02,-1.8475e-02,-1.8240e-02,-1.8070e-02,-1.7958e-02,-1.7895e-02,-1.7878e-02,-1.7901e-02,-1.7960e-02,-1.8052e-02,-1.8175e-02,-1.8327e-02,-1.8508e-02,-1.8715e-02,-1.8949e-02,-1.9210e-02,-1.9496e-02,-1.9808e-02,-2.0146e-02,-2.0509e-02,-2.0896e-02,-2.1308e-02,-2.1744e-02,-2.2203e-02,-2.2684e-02
1.0991e-03,1.2854e-03,1.4785e-03,1.6756e-03,1.8744e-03,2.0725e-03,2.2673e-03,2.4561e-03,2.6364e-03,2.8056e-03,2.9611e-03,3.1002e-03,3.2204e-03,3.3188e-03,3.3927e-03,3.4395e-03,3.4561e-03,3.4397e-03,3.3872e-03,3.2954e-03,3.1611e-03,2.9812e-03,2.7521e-03,2.4704e-03,2.1329e-03,1.7361e-03,1.2770e-03,7.5262e-04,1.6017e-04,-5.0276e-04,-1.2384e-03,-2.0488e-03,-2.9359e-03,-3.9015e-03,-4.9481e-03,-6.0786e-03,-7.2968e-03,-8.6086e-03,-1.0021e-02,-1.1545e-02,-1.3193e-02,-1.4982e-02,-1.6930e-02,-1.9058e-02,-2.1383e-02,-2.3920e-02,-2.6671e-02,-2.9627e-02,-3.2772e-02,-3.6111e-02,-3.9714e-02,-4.3736e-02,-4.8280e-02,-5.3004e-02,-5.6757e-02,-5.8012e-02,-5.6155e-02,-5.2177e-02,-4.7745e-02,-4.3892e-02,-4.0766e-02,-3.8135e-02,-3.5784e-02,-3.3605e-02,-3.1568e-02,-2.9671e-02,-2.7923e-02,-2.6333e-02,-2.4904e-02,-2.3635e-02,-2.2523e-02,-2.1560e-02,-2.0735e-02,-2.0038e-02,-1.9456e-02,-1.8978e-02,-1.8593e-02,-1.8289e-02,-1.8057e-02,-1.7888e-02,-1.7774e-02,-1.7708e-02,-1.7684e-02,-1.7699e-02,-1.7748e-02,-1.7828e-02,-1.7937e-02,-1.8073e-02,-1.8235e-02,-1.8424e-02,-1.8638e-02,-1.8876e-02,-1.9140e-02,-1.9428e-02,-1.9741e-02,-2.0079e-02,-2.0441e-02,-2.0827e-02,-2.1235e-02,-2.1667e-02
8.3212e-04,1.0188e-03,1.2131e-03,1.4127e-03,1.6154e-03,1.8188e-03,2.0203e-03,2.2177e-03,2.4085e-03,2.5901e-03,2.7602e-03,2.9162e-03,3.0556e-03,3.1760e-03,3.2744e-03,3.3485e-03,3.3953e-03,3.4123e-03,3.3963e-03,3.3444e-03,3.2536e-03,3.1204e-03,2.9417e-03,2.7140e-03,2.4340e-03,2.0983e-03,1.7035e-03,1.2466e-03,7.2441e-04,1.3445e-04,-5.2582e-04,-1.2586e-03,-2.0659e-03,-2.9495e-03,-3.9113e-03,-4.9533e-03,-6.0785e-03,-7.2906e-03,-8.5950e-03,-9.9993e-03,-1.1513e-02,-1.3150e-02,-1.4926e-02,-1.6859e-02,-1.8971e-02,-2.1280e-02,-2.3799e-02,-2.6533e-02,-2.9472e-02,-3.2600e-02,-3.5921e-02,-3.9506e-02,-4.3515e-02,-4.8054e-02,-5.2776e-02,-5.6516e-02,-5.7742e-02,-5.5855e-02,-5.1862e-02,-4.7431e-02,-4.3584e-02,-4.0463e-02,-3.7835e-02,-3.5485e-02,-3.3308e-02,-3.1271e-02,-2.9376e-02,-2.7630e-02,-2.6042e-02,-2.4616e-02,-2.3351e-02,-2.2243e-02,-2.1284e-02,-2.0463e-02,-1.9770e-02,-1.9192e-02,-1.8717e-02,-1.8334e-02,-1.8031e-02,-1.7797e-02,-1.7625e-02,-1.7506e-02,-1.7433e-02,-1.7400e-02,-1.7403e-02,-1.7438e-02,-1.7503e-02,-1.7595e-02,-1.7712e-02,-1.7855e-02,-1.8022e-02,-1.8213e-02,-1.8428e-02,-1.8668e-02,-1.8931e-02,-1.9218e-02,-1.9529e-02,-1.9864e-02,-2.0223e-02,-2.0604e-02
5.7143e-04,7.5648e-04,9.4981e-04,1.1495e-03,1.3534e-03,1.5593e-03,1.7648e-03,1.9677e-03,2.1657e-03,2.3564e-03,2.5375e-03,2.7068e-03,2.8617e-03,2.9998e-03,3.1187e-03,3.2158e-03,3.2887e-03,3.3346e-03,3.3506e-03,3.3340e-03,3.2818e-03,3.1909e-03,3.0580e-03,2.8799e-03,2.6531e-03,2.3741e-03,2.0399e-03,1.6469e-03,1.1919e-03,6.7212e-04,8.4773e-05,-5.7260e-04,-1.3020e-03,-2.1055e-03,-2.9848e-03,-3.9416e-03,-4.9781e-03,-6.0967e-03,-7.3015e-03,-8.5973e-03,-9.9917e-03,-1.1494e-02,-1.3118e-02,-1.4880e-02,-1.6798e-02,-1.8892e-02,-2.1183e-02,-2.3684e-02,-2.6399e-02,-2.9319e-02,-3.2427e-02,-3.5728e-02,-3.9294e-02,-4.3288e-02,-4.7821e-02,-5.2539e-02,-5.6264e-02,-5.7460e-02,-5.5541e-02,-5.1532e-02,-4.7100e-02,-4.3257e-02,-4.0139e-02,-3.7511e-02,-3.5160e-02,-3.2982e-02,-3.0944e-02,-2.9047e-02,-2.7301e-02,-2.5713e-02,-2.4287e-02,-2.3023e-02,-2.1915e-02,-2.0956e-02,-2.0136e-02,-1.9443e-02,-1.8865e-02,-1.8389e-02,-1.8003e-02,-1.7697e-02,-1.7458e-02,-1.7279e-02,-1.7150e-02,-1.7066e-02,-1.7021e-02,-1.7009e-02,-1.7027e-02,-1.7073e-02,-1.7144e-02,-1.7241e-02,-1.7361e-02,-1.7504e-02,-1.7671e-02,-1.7861e-02,-1.8075e-02,-1.8311e-02,-1.8572e-02,-1.8855e-02,-1.9162e-02,-1.9493e-02
3.1898e-04,5.0034e-04,6.9090e-04,8.8859e-04,1.0914e-03,1.2972e-03,1.5041e-03,1.7097e-03,1.9121e-03,2.1088e-03,2.2978e-03,2.4769e-03,2.6436e-03,2.7958e-03,2.9313e-03,3.0475e-03,3.1421e-03,3.2125e-03,3.2561e-03,3.2703e-03,3.2523e-03,3.1988e-03,3.1070e-03,2.9736e-03,2.7955e-03,2.5690e-03,2.2909e-03,1.9577e-03,1.5662e-03,1.1133e-03,5.9590e-04,1.1489e-05,-6.4248e-04,-1.3680e-03,-2.1670e-03,-3.0411e-03,-3.9921e-03,-5.0218e-03,-6.1330e-03,-7.3291e-03,-8.6152e-03,-9.9984e-03,-1.1489e-02,-1.3099e-02,-1.4844e-02,-1.6745e-02,-1.8822e-02,-2.1093e-02,-2.3575e-02,-2.6270e-02,-2.9169e-02,-3.2256e-02,-3.5535e-02,-3.9079e-02,-4.3057e-02,-4.7582e-02,-5.2295e-02,-5.6004e-02,-5.7167e-02,-5.5215e-02,-5.1187e-02,-4.6752e-02,-4.2911e-02,-3.9793e-02,-3.7164e-02,-3.4809e-02,-3.2626e-02,-3.0585e-02,-2.8685e-02,-2.6936e-02,-2.5345e-02,-2.3917e-02,-2.2649e-02,-2.1539e-02,-2.0576e-02,-1.9753e-02,-1.9056e-02,-1.8472e-02,-1.7991e-02,-1.7598e-02,-1.7283e-02,-1.7035e-02,-1.6844e-02,-1.6702e-02,-1.6603e-02,-1.6540e-02,-1.6509e-02,-1.6508e-02,-1.6532e-02,-1.6581e-02,-1.6653e-02,-1.6749e-02,-1.6867e-02,-1.7007e-02,-1.7170e-02,-1.7356e-02,-1.7565e-02,-1.7798e-02,-1.8053e-02,-1.8332e-02
7.6570e-05,2.5290e-04,4.3877e-04,6.3255e-04,8.3221e-04,1.0360e-03,1.2418e-03,1.4477e-03,1.6515e-03,1.8515e-03,2.0452e-03,2.2308e-03,2.4062e-03,2.5691e-03,2.7174e-03,2.8489e-03,2.9612e-03,3.0521e-03,3.1191e-03,3.1596e-03,3.1710e-03,3.1505e-03,3.0951e-03,3.0018e-03,2.8673e-03,2.6885e-03,2.4620e-03,2.1842e-03,1.8520e-03,1.4621e-03,1.0111e-03,4.9639e-04,-8.4870e-05,-7.3498e-04,-1.4560e-03,-2.2498e-03,-3.1180e-03,-4.0621e-03,-5.0842e-03,-6.1867e-03,-7.3730e-03,-8.6482e-03,-1.0019e-02,-1.1496e-02,-1.3090e-02,-1.4820e-02,-1.6702e-02,-1.8760e-02,-2.1011e-02,-2.3472e-02,-2.6146e-02,-2.9023e-02,-3.2087e-02,-3.5342e-02,-3.8863e-02,-4.2822e-02,-4.7338e-02,-5.2045e-02,-5.5736e-02,-5.6865e-02,-5.4877e-02,-5.0828e-02,-4.6388e-02,-4.2547e-02,-3.9427e-02,-3.6793e-02,-3.4433e-02,-3.2243e-02,-3.0195e-02,-2.8290e-02,-2.6535e-02,-2.4938e-02,-2.3503e-02,-2.2229e-02,-2.1112e-02,-2.0142e-02,-1.9311e-02,-1.8605e-02,-1.8012e-02,-1.7520e-02,-1.7115e-02,-1.6787e-02,-1.6524e-02,-1.6317e-02,-1.6157e-02,-1.6038e-02,-1.5955e-02,-1.5902e-02,-1.5876e-02,-1.5876e-02,-1.5899e-02,-1.5945e-02,-1.6013e-02,-1.6104e-02,-1.6216e-02,-1.6351e-02,-1.6509e-02,-1.6689e-02,-1.6893e-02,-1.7120e-02
-1.5409e-04,1.5631e-05,1.9552e-04,3.8373e-04,5.7853e-04,7.7818e-04,9.8083e-04,1.1847e-03,1.3878e-03,1.5881e-03,1.7840e-03,1.9733e-03,2.1541e-03,2.3244e-03,2.4822e-03,2.6253e-03,2.7517e-03,2.8592e-03,2.9454e-03,3.0080e-03,3.0446e-03,3.0524e-03,3.0287e-03,2.9707e-03,2.8753e-03,2.7392e-03,2.5594e-03,2.3324e-03,2.0549e-03,1.7235e-03,1.3349e-03,8.8610e-04,3.7416e-04,-2.0356e-04,-8.4937e-04,-1.5653e-03,-2.3532e-03,-3.2145e-03,-4.1510e-03,-5.1644e-03,-6.2572e-03,-7.4327e-03,-8.6958e-03,-1.0053e-02,-1.1515e-02,-1.3094e-02,-1.4805e-02,-1.6669e-02,-1.8706e-02,-2.0937e-02,-2.3376e-02,-2.6028e-02,-2.8882e-02,-3.1922e-02,-3.5150e-02,-3.8646e-02,-4.2585e-02,-4.7090e-02,-5.1789e-02,-5.5461e-02,-5.6554e-02,-5.4528e-02,-5.0457e-02,-4.6009e-02,-4.2165e-02,-3.9042e-02,-3.6400e-02,-3.4030e-02,-3.1832e-02,-2.9774e-02,-2.7860e-02,-2.6096e-02,-2.4491e-02,-2.3046e-02,-2.1762e-02,-2.0634e-02,-1.9652e-02,-1.8808e-02,-1.8088e-02,-1.7481e-02,-1.6973e-02,-1.6551e-02,-1.6204e-02,-1.5922e-02,-1.5693e-02,-1.5511e-02,-1.5368e-02,-1.5260e-02,-1.5181e-02,-1.5128e-02,-1.5100e-02,-1.5095e-02,-1.5112e-02,-1.5151e-02,-1.5212e-02,-1.5295e-02,-1.5401e-02,-1.5529e-02,-1.5680e-02,-1.5854e-02
-3.7167e-04,-2.0953e-04,-3.7044e-05,1.4415e-04,3.3253e-04,5.2641e-04,7.2404e-04,9.2381e-04,1.1239e-03,1.3226e-03,1.5179e-03,1.7083e-03,1.8917e-03,2.0665e-03,2.2305e-03,2.3820e-03,2.5190e-03,2.6393e-03,2.7409e-03,2.8217e-03,2.8792e-03,2.9109e-03,2.9145e-03,2.8871e-03,2.8259e-03,2.7279e-03,2.5899e-03,2.4086e-03,2.1809e-03,1.9034e-03,1.5726e-03,1.1855e-03,7.3900e-04,2.3010e-04,-3.4367e-04,-9.8469e-04,-1.6950e-03,-2.4761e-03,-3.3300e-03,-4.2578e-03,-5.2617e-03,-6.3438e-03,-7.5075e-03,-8.7575e-03,-1.0101e-02,-1.1547e-02,-1.3108e-02,-1.4802e-02,-1.6646e-02,-1.8662e-02,-2.0871e-02,-2.3288e-02,-2.5916e-02,-2.8746e-02,-3.1760e-02,-3.4960e-02,-3.8429e-02,-4.2347e-02,-4.6840e-02,-5.1530e-02,-5.5181e-02,-5.6235e-02,-5.4170e-02,-5.0075e-02,-4.5617e-02,-4.1768e-02,-3.8637e-02,-3.5985e-02,-3.3604e-02,-3.1392e-02,-2.9323e-02,-2.7396e-02,-2.5621e-02,-2.4003e-02,-2.2545e-02,-2.1247e-02,-2.0103e-02,-1.9105e-02,-1.8243e-02,-1.7504e-02,-1.6876e-02,-1.6347e-02,-1.5903e-02,-1.5532e-02,-1.5224e-02,-1.4969e-02,-1.4760e-02,-1.4589e-02,-1.4451e-02,-1.4342e-02,-1.4259e-02,-1.4200e-02,-1.4164e-02,-1.4150e-02,-1.4158e-02,-1.4188e-02,-1.4240e-02,-1.4315e-02,-1.4413e-02,-1.4534e-02
-5.7472e-04,-4.2114e-04,-2.5716e-04,-8.4192e-05,9.6329e-05,2.8301e-04,4.7404e-04,6.6794e-04,8.6316e-04,1.0579e-03,1.2506e-03,1.4397e-03,1.6233e-03,1.7997e-03,1.9671e-03,2.1239e-03,2.2682e-03,2.3981e-03,2.5115e-03,2.6065e-03,2.6810e-03,2.7326e-03,2.7591e-03,2.7578e-03,2.7261e-03,2.6612e-03,2.5601e-03,2.4197e-03,2.2368e-03,2.0082e-03,1.7306e-03,1.4005e-03,1.0149e-03,5.7079e-04,6.5267e-05,-5.0420e-04,-1.1400e-03,-1.8439e-03,-2.6178e-03,-3.4633e-03,-4.3818e-03,-5.3753e-03,-6.4458e-03,-7.5967e-03,-8.8329e-03,-1.0161e-02,-1.1591e-02,-1.3135e-02,-1.4809e-02,-1.6632e-02,-1.8627e-02,-2.0814e-02,-2.3207e-02,-2.5812e-02,-2.8617e-02,-3.1603e-02,-3.4774e-02,-3.8213e-02,-4.2109e-02,-4.6589e-02,-5.1269e-02,-5.4896e-02,-5.5910e-02,-5.3802e-02,-4.9681e-02,-4.5211e-02,-4.1355e-02,-3.8214e-02,-3.5549e-02,-3.3152e-02,-3.0925e-02,-2.8841e-02,-2.6899e-02,-2.5108e-02,-2.3473e-02,-2.1999e-02,-2.0682e-02,-1.9518e-02,-1.8498e-02,-1.7613e-02,-1.6850e-02,-1.6196e-02,-1.5640e-02,-1.5167e-02,-1.4767e-02,-1.4428e-02,-1.4142e-02,-1.3900e-02,-1.3696e-02,-1.3525e-02,-1.3382e-02,-1.3265e-02,-1.3173e-02,-1.3103e-02,-1.3056e-02,-1.3031e-02,-1.3028e-02,-1.3048e-02,-1.3092e-02,-1.3158e-02
-7.6208e-04,-6.1805e-04,-4.6348e-04,-2.9970e-04,-1.2811e-04,4.9956e-05,2.3299e-04,4.1961e-04,6.0824e-04,7.9734e-04,9.8539e-04,1.1710e-03,1.3523e-03,1.5280e-03,1.6963e-03,1.8556e-03,2.0042e-03,2.1404e-03,2.2623e-03,2.3681e-03,2.4559e-03,2.5236e-03,2.5688e-03,2.5893e-03,2.5827e-03,2.5463e-03,2.4774e-03,2.3728e-03,2.2298e-03,2.0451e-03,1.8153e-03,1.5374e-03,1.2080e-03,8.2406e-04,3.8264e-04,-1.1928e-04,-6.8410e-04,-1.3140e-03,-2.0112e-03,-2.7772e-03,-3.6136e-03,-4.5221e-03,-5.5042e-03,-6.5624e-03,-7.6999e-03,-8.9214e-03,-1.0234e-02,-1.1646e-02,-1.3172e-02,-1.4826e-02,-1.6629e-02,-1.8602e-02,-2.0766e-02,-2.3136e-02,-2.5716e-02,-2.8494e-02,-3.1451e-02,-3.4591e-02,-3.8000e-02,-4.1872e-02,-4.6338e-02,-5.1006e-02,-5.4608e-02,-5.5579e-02,-5.3428e-02,-4.9278e-02,-4.4794e-02,-4.0927e-02,-3.7773e-02,-3.5092e-02,-3.2677e-02,-3.0431e-02,-2.8328e-02,-2.6367e-02,-2.4557e-02,-2.2902e-02,-2.1406e-02,-2.0066e-02,-1.8877e-02,-1.7831e-02,-1.6917e-02,-1.6124e-02,-1.5438e-02,-1.4848e-02,-1.4341e-02,-1.3905e-02,-1.3530e-02,-1.3207e-02,-1.2928e-02,-1.2686e-02,-1.2477e-02,-1.2297e-02,-1.2143e-02,-1.2014e-02,-1.1908e-02,-1.1826e-02,-1.1766e-02,-1.1729e-02,-1.1717e-02,-1.1728e-02
-9.3301e-04,-7.9912e-04,-6.5454e-04,-5.0077e-04,-3.3914e-04,-1.7069e-04,3.1516e-06,1.8104e-04,3.6156e-04,5.4345e-04,7.2522e-04,9.0531e-04,1.0826e-03,1.2553e-03,1.4221e-03,1.5814e-03,1.7316e-03,1.8713e-03,1.9987e-03,2.1122e-03,2.2098e-03,2.2895e-03,2.3498e-03,2.3882e-03,2.4024e-03,2.3900e-03,2.3486e-03,2.2752e-03,2.1669e-03,2.0211e-03,1.8342e-03,1.6033e-03,1.3252e-03,9.9651e-04,6.1435e-04,1.7564e-04,-3.2226e-04,-8.8201e-04,-1.5057e-03,-2.1956e-03,-2.9531e-03,-3.7798e-03,-4.6775e-03,-5.6477e-03,-6.6928e-03,-7.8161e-03,-9.0224e-03,-1.0318e-02,-1.1713e-02,-1.3220e-02,-1.4854e-02,-1.6636e-02,-1.8587e-02,-2.0728e-02,-2.3074e-02,-2.5628e-02,-2.8379e-02,-3.1306e-02,-3.4414e-02,-3.7791e-02,-4.1637e-02,-4.6088e-02,-5.0743e-02,-5.4318e-02,-5.5244e-02,-5.3046e-02,-4.8865e-02,-4.4365e-02,-4.0485e-02,-3.7315e-02,-3.4614e-02,-3.2178e-02,-2.9910e-02,-2.7784e-02,-2.5801e-02,-2.3967e-02,-2.2289e-02,-2.0767e-02,-1.9399e-02,-1.8180e-02,-1.7101e-02,-1.6153e-02,-1.5323e-02,-1.4600e-02,-1.3970e-02,-1.3422e-02,-1.2945e-02,-1.2528e-02,-1.2162e-02,-1.1840e-02,-1.1556e-02,-1.1305e-02,-1.1084e-02,-1.0890e-02,-1.0721e-02,-1.0577e-02,-1.0457e-02,-1.0361e-02,-1.0290e-02,-1.0243e-02
-1.0865e-03,-9.6308e-04,-8.2942e-04,-6.8641e-04,-5.3532e-04,-3.7745e-04,-2.1376e-04,-4.5747e-05,1.2555e-04,2.9875e-04,4.7268e-04,6.4585e-04,8.1702e-04,9.8492e-04,1.1481e-03,1.3051e-03,1.4547e-03,1.5953e-03,1.7253e-03,1.8433e-03,1.9476e-03,2.0365e-03,2.1081e-03,2.1606e-03,2.1916e-03,2.1991e-03,2.1806e-03,2.1337e-03,2.0557e-03,1.9437e-03,1.7946e-03,1.6055e-03,1.3734e-03,1.0950e-03,7.6717e-04,3.8688e-04,-4.8712e-05,-5.4246e-04,-1.0968e-03,-1.7139e-03,-2.3958e-03,-3.1443e-03,-3.9608e-03,-4.8470e-03,-5.8048e-03,-6.8364e-03,-7.9449e-03,-9.1353e-03,-1.0414e-02,-1.1791e-02,-1.3278e-02,-1.4892e-02,-1.6653e-02,-1.8582e-02,-2.0699e-02,-2.3021e-02,-2.5550e-02,-2.8273e-02,-3.1169e-02,-3.4243e-02,-3.7586e-02,-4.1406e-02,-4.5840e-02,-5.0481e-02,-5.4027e-02,-5.4905e-02,-5.2658e-02,-4.8445e-02,-4.3925e-02,-4.0029e-02,-3.6841e-02,-3.4118e-02,-3.1656e-02,-2.9362e-02,-2.7210e-02,-2.5200e-02,-2.3339e-02,-2.1632e-02,-2.0080e-02,-1.8679e-02,-1.7424e-02,-1.6307e-02,-1.5318e-02,-1.4446e-02,-1.3678e-02,-1.3002e-02,-1.2407e-02,-1.1882e-02,-1.1417e-02,-1.1004e-02,-1.0634e-02,-1.0303e-02,-1.0006e-02,-9.7396e-03,-9.5019e-03,-9.2910e-03,-9.1062e-03,-8.9473e-03,-8.8142e-03,-8.7070e-03
-1.2219e-03,-1.1096e-03,-9.8700e-04,-8.5530e-04,-7.1558e-04,-5.6887e-04,-4.1628e-04,-2.5890e-04,-9.7930e-05,6.5491e-05,2.3022e-04,3.9507e-04,5.5864e-04,7.1996e-04,8.7765e-04,1.0304e-03,1.1771e-03,1.3162e-03,1.4465e-03,1.5665e-03,1.6747e-03,1.7695e-03,1.8492e-03,1.9121e-03,1.9563e-03,1.9797e-03,1.9803e-03,1.9556e-03,1.9030e-03,1.8201e-03,1.7039e-03,1.5516e-03,1.3604e-03,1.1270e-03,8.4834e-04,5.2138e-04,1.4312e-04,-2.8928e-04,-7.7851e-04,-1.3271e-03,-1.9372e-03,-2.6108e-03,-3.3497e-03,-4.1556e-03,-5.0299e-03,-5.9746e-03,-6.9920e-03,-8.0854e-03,-9.2595e-03,-1.0521e-02,-1.1880e-02,-1.3348e-02,-1.4941e-02,-1.6681e-02,-1.8587e-02,-2.0681e-02,-2.2978e-02,-2.5481e-02,-2.8176e-02,-3.1040e-02,-3.4078e-02,-3.7387e-02,-4.1179e-02,-4.5596e-02,-5.0220e-02,-5.3735e-02,-5.4563e-02,-5.2266e-02,-4.8017e-02,-4.3476e-02,-3.9562e-02,-3.6351e-02,-3.3601e-02,-3.1111e-02,-2.8787e-02,-2.6604e-02,-2.4564e-02,-2.2672e-02,-2.0931e-02,-1.9343e-02,-1.7904e-02,-1.6608e-02,-1.5447e-02,-1.4412e-02,-1.3490e-02,-1.2671e-02,-1.1943e-02,-1.1294e-02,-1.0715e-02,-1.0196e-02,-9.7288e-03,-9.3064e-03,-8.9238e-03,-8.5766e-03,-8.2619e-03,-7.9775e-03,-7.7220e-03,-7.4946e-03,-7.2952e-03,-7.1235e-03
-1.3388e-03,-1.2375e-03,-1.1266e-03,-1.0066e-03,-8.7858e-04,-7.4374e-04,-6.0287e-04,-4.5694e-04,-3.0711e-04,-1.5447e-04,-2.9802e-08,1.5511e-04,3.0997e-04,4.6326e-04,6.1383e-04,7.6064e-04,9.0246e-04,1.0382e-03,1.1664e-03,1.2859e-03,1.3954e-03,1.4934e-03,1.5783e-03,1.6486e-03,1.7026e-03,1.7384e-03,1.7540e-03,1.7473e-03,1.7159e-03,1.6576e-03,1.5696e-03,1.4492e-03,1.2937e-03,1.1001e-03,8.6535e-04,5.8652e-04,2.6058e-04,-1.1546e-04,-5.4438e-04,-1.0289e-03,-1.5714e-03,-2.1742e-03,-2.8391e-03,-3.5681e-03,-4.3629e-03,-5.2249e-03,-6.1563e-03,-7.1591e-03,-8.2369e-03,-9.3946e-03,-1.0639e-02,-1.1979e-02,-1.3427e-02,-1.5001e-02,-1.6719e-02,-1.8603e-02,-2.0674e-02,-2.2946e-02,-2.5423e-02,-2.8088e-02,-3.0919e-02,-3.3921e-02,-3.7194e-02,-4.0957e-02,-4.5356e-02,-4.9964e-02,-5.3445e-02,-5.4220e-02,-5.1869e-02,-4.7583e-02,-4.3018e-02,-3.9083e-02,-3.5846e-02,-3.3067e-02,-3.0543e-02,-2.8185e-02,-2.5968e-02,-2.3892e-02,-2.1964e-02,-2.0185e-02,-1.8556e-02,-1.7074e-02,-1.5731e-02,-1.4520e-02,-1.3431e-02,-1.2453e-02,-1.1577e-02,-1.0789e-02,-1.0081e-02,-9.4412e-03,-8.8619e-03,-8.3353e-03,-7.8551e-03,-7.4164e-03,-7.0151e-03,-6.6485e-03,-6.3147e-03,-6.0121e-03,-5.7404e-03,-5.4991e-03
-1.4366e-03,-1.3468e-03,-1.2475e-03,-1.1395e-03,-1.0238e-03,-9.0101e-04,-7.7225e-04,-6.3851e-04,-5.0060e-04,-3.5939e-04,-2.1609e-04,-7.1533e-05,7.3209e-05,2.1718e-04,3.5936e-04,4.9857e-04,6.3406e-04,7.6439e-04,8.8859e-04,1.0056e-03,1.1140e-03,1.2126e-03,1.3001e-03,1.3749e-03,1.4356e-03,1.4804e-03,1.5076e-03,1.5152e-03,1.5010e-03,1.4630e-03,1.3987e-03,1.3056e-03,1.1809e-03,1.0221e-03,8.2607e-04,5.9015e-04,3.1118e-04,-1.3761e-05,-3.8747e-04,-8.1275e-04,-1.2922e-03,-1.8285e-03,-2.4236e-03,-3.0796e-03,-3.7984e-03,-4.5815e-03,-5.4310e-03,-6.3486e-03,-7.3367e-03,-8.3989e-03,-9.5398e-03,-1.0766e-02,-1.2088e-02,-1.3517e-02,-1.5070e-02,-1.6767e-02,-1.8629e-02,-2.0677e-02,-2.2926e-02,-2.5376e-02,-2.8011e-02,-3.0808e-02,-3.3773e-02,-3.7009e-02,-4.0742e-02,-4.5122e-02,-4.9711e-02,-5.3156e-02,-5.3876e-02,-5.1470e-02,-4.7144e-02,-4.2552e-02,-3.8592e-02,-3.5327e-02,-3.2513e-02,-2.9953e-02,-2.7557e-02,-2.5300e-02,-2.3185e-02,-2.1215e-02,-1.9393e-02,-1.7718e-02,-1.6186e-02,-1.4790e-02,-1.3522e-02,-1.2374e-02,-1.1334e-02,-1.0393e-02,-9.5391e-03,-8.7640e-03,-8.0578e-03,-7.4126e-03,-6.8212e-03,-6.2781e-03,-5.7788e-03,-5.3194e-03,-4.8976e-03,-4.5117e-03,-4.1601e-03,-3.8424e-03
-1.5150e-03,-1.4367e-03,-1.3493e-03,-1.2535e-03,-1.1501e-03,-1.0400e-03,-9.2380e-04,-8.0256e-04,-6.7709e-04,-5.4812e-04,-4.1670e-04,-2.8362e-04,-1.4985e-04,-1.6138e-05,1.1647e-04,2.4685e-04,3.7443e-04,4.9799e-04,6.1650e-04,7.2902e-04,8.3438e-04,9.3146e-04,1.0191e-03,1.0959e-03,1.1604e-03,1.2112e-03,1.2468e-03,1.2652e-03,1.2646e-03,1.2430e-03,1.1982e-03,1.1279e-03,1.0294e-03,9.0048e-04,7.3829e-04,5.3999e-04,3.0266e-04,2.3685e-05,-3.0001e-04,-6.7125e-04,-1.0928e-03,-1.5671e-03,-2.0967e-03,-2.6840e-03,-3.3308e-03,-4.0391e-03,-4.8107e-03,-5.6473e-03,-6.5509e-03,-7.5242e-03,-8.5704e-03,-9.6947e-03,-1.0904e-02,-1.2207e-02,-1.3617e-02,-1.5150e-02,-1.6826e-02,-1.8667e-02,-2.0692e-02,-2.2916e-02,-2.5340e-02,-2.7945e-02,-3.0708e-02,-3.3634e-02,-3.6832e-02,-4.0535e-02,-4.4895e-02,-4.9464e-02,-5.2871e-02,-5.3533e-02,-5.1068e-02,-4.6699e-02,-4.2079e-02,-3.8092e-02,-3.4794e-02,-3.1942e-02,-2.9341e-02,-2.6901e-02,-2.4601e-02,-2.2441e-02,-2.0425e-02,-1.8554e-02,-1.6827e-02,-1.5240e-02,-1.3784e-02,-1.2454e-02,-1.1239e-02,-1.0129e-02,-9.1167e-03,-8.1905e-03,-7.3421e-03,-6.5629e-03,-5.8457e-03,-5.1844e-03,-4.5737e-03,-4.0094e-03,-3.4884e-03,-3.0083e-03,-2.5677e-03,-2.1652e-03
-1.5739e-03,-1.5071e-03,-1.4317e-03,-1.3481e-03,-1.2573e-03,-1.1599e-03,-1.0565e-03,-9.4819e-04,-8.3551e-04,-7.1926e-04,-6.0023e-04,-4.7926e-04,-3.5714e-04,-2.3475e-04,-1.1278e-04,7.7412e-06,1.2616e-04,2.4145e-04,3.5285e-04,4.5931e-04,5.5980e-04,6.5343e-04,7.3909e-04,8.1553e-04,8.8150e-04,9.3568e-04,9.7670e-04,1.0028e-03,1.0124e-03,1.0036e-03,9.7446e-04,9.2275e-04,8.4630e-04,7.4267e-04,6.0936e-04,4.4373e-04,2.4315e-04,4.7162e-06,-2.7434e-04,-5.9681e-04,-9.6539e-04,-1.3829e-03,-1.8520e-03,-2.3749e-03,-2.9541e-03,-3.5916e-03,-4.2892e-03,-5.0489e-03,-5.8726e-03,-6.7622e-03,-7.7206e-03,-8.7511e-03,-9.8587e-03,-1.1050e-02,-1.2335e-02,-1.3727e-02,-1.5240e-02,-1.6896e-02,-1.8715e-02,-2.0718e-02,-2.2919e-02,-2.5316e-02,-2.7891e-02,-3.0618e-02,-3.3504e-02,-3.6663e-02,-4.0336e-02,-4.4675e-02,-4.9222e-02,-5.2589e-02,-5.3190e-02,-5.0664e-02,-4.6252e-02,-4.1600e-02,-3.7582e-02,-3.4247e-02,-3.1354e-02,-2.8706e-02,-2.6219e-02,-2.3870e-02,-2.1659e-02,-1.9592e-02,-1.7667e-02,-1.5882e-02,-1.4233e-02,-1.2712e-02,-1.1312e-02,-1.0023e-02,-8.8379e-03,-7.7469e-03,-6.7414e-03,-5.8131e-03,-4.9549e-03,-4.1601e-03,-3.4234e-03,-2.7402e-03,-2.1070e-03,-1.5208e-03,-9.7967e-04,-4.8205e-04
-1.6130e-03,-1.5578e-03,-1.4943e-03,-1.4230e-03,-1.3447e-03,-1.2602e-03,-1.1698e-03,-1.0747e-03,-9.7505e-04,-8.7180e-04,-7.6570e-04,-6.5740e-04,-5.4763e-04,-4.3716e-04,-3.2668e-04,-2.1679e-04,-1.0862e-04,-2.5705e-06,1.0025e-04,1.9926e-04,2.9338e-04,3.8186e-04,4.6366e-04,5.3781e-04,6.0292e-04,6.5815e-04,7.0205e-04,7.3302e-04,7.4983e-04,7.5052e-04,7.3354e-04,6.9680e-04,6.3825e-04,5.5568e-04,4.4677e-04,3.0916e-04,1.4022e-04,-6.2741e-05,-3.0229e-04,-5.8140e-04,-9.0241e-04,-1.2683e-03,-1.6818e-03,-2.1454e-03,-2.6615e-03,-3.2326e-03,-3.8606e-03,-4.5475e-03,-5.2954e-03,-6.1061e-03,-6.9818e-03,-7.9253e-03,-8.9402e-03,-1.0031e-02,-1.1206e-02,-1.2473e-02,-1.3846e-02,-1.5341e-02,-1.6977e-02,-1.8775e-02,-2.0757e-02,-2.2933e-02,-2.5304e-02,-2.7848e-02,-3.0540e-02,-3.3386e-02,-3.6505e-02,-4.0146e-02,-4.4464e-02,-4.8988e-02,-5.2312e-02,-5.2849e-02,-5.0260e-02,-4.5801e-02,-4.1115e-02,-3.7062e-02,-3.3688e-02,-3.0748e-02,-2.8049e-02,-2.5509e-02,-2.3106e-02,-2.0840e-02,-1.8715e-02,-1.6730e-02,-1.4881e-02,-1.3164e-02,-1.1571e-02,-1.0094e-02,-8.7259e-03,-7.4577e-03,-6.2816e-03,-5.1898e-03,-4.1755e-03,-3.2320e-03,-2.3541e-03,-1.5369e-03,-7.7683e-04,-7.0781e-05,5.8378e-04,1.1886e-03
-1.6324e-03,-1.5886e-03,-1.5369e-03,-1.4779e-03,-1.4123e-03,-1.3407e-03,-1.2634e-03,-1.1813e-03,-1.0950e-03,-1.0052e-03,-9.1226e-04,-8.1705e-04,-7.2005e-04,-6.2204e-04,-5.2358e-04,-4.2538e-04,-3.2809e-04,-2.3233e-04,-1.3902e-04,-4.8615e-05,3.7849e-05,1.1963e-04,1.9597e-04,2.6590e-04,3.2846e-04,3.8256e-04,4.2687e-04,4.6042e-04,4.8164e-04,4.8903e-04,4.8099e-04,4.5568e-04,4.1145e-04,3.4599e-04,2.5741e-04,1.4322e-04,1.3039e-06,-1.7108e-04,-3.7620e-04,-6.1690e-04,-8.9569e-04,-1.2154e-03,-1.5786e-03,-1.9879e-03,-2.4460e-03,-2.9553e-03,-3.5182e-03,-4.1366e-03,-4.8129e-03,-5.5489e-03,-6.3468e-03,-7.2088e-03,-8.1376e-03,-9.1371e-03,-1.0212e-02,-1.1370e-02,-1.2620e-02,-1.3975e-02,-1.5451e-02,-1.7068e-02,-1.8847e-02,-2.0807e-02,-2.2960e-02,-2.5305e-02,-2.7818e-02,-3.0473e-02,-3.3278e-02,-3.6357e-02,-3.9966e-02,-4.4263e-02,-4.8763e-02,-5.2040e-02,-5.2511e-02,-4.9856e-02,-4.5348e-02,-4.0624e-02,-3.6535e-02,-3.3116e-02,-3.0125e-02,-2.7370e-02,-2.4772e-02,-2.2309e-02,-1.9982e-02,-1.7793e-02,-1.5742e-02,-1.3823e-02,-1.2032e-02,-1.0360e-02,-8.7999e-03,-7.3447e-03,-5.9868e-03,-4.7188e-03,-3.5344e-03,-2.4276e-03,-1.3932e-03,-4.2663e-04,4.7573e-04,1.3170e-03,2.0996e-03,2.8255e-03
-1.6320e-03,-1.5995e-03,-1.5595e-03,-1.5127e-03,-1.4596e-03,-1.4007e-03,-1.3366e-03,-1.2678e-03,-1.1949e-03,-1.1186e-03,-1.0390e-03,-9.5721e-04,-8.7338e-04,-7.8826e-04,-7.0230e-04,-6.1627e-04,-5.3069e-04,-4.4607e-04,-3.6316e-04,-2.8244e-04,-2.0479e-04,-1.3077e-04,-6.1192e-05,3.0175e-06,6.1139e-05,1.1233e-04,1.5530e-04,1.8903e-04,2.1230e-04,2.2365e-04,2.2177e-04,2.0500e-04,1.7161e-04,1.1971e-04,4.7632e-05,-4.7065e-05,-1.6643e-04,-3.1270e-04,-4.8827e-04,-6.9565e-04,-9.3743e-04,-1.2160e-03,-1.5342e-03,-1.8946e-03,-2.2999e-03,-2.7524e-03,-3.2548e-03,-3.8095e-03,-4.4186e-03,-5.0842e-03,-5.8086e-03,-6.5938e-03,-7.4422e-03,-8.3567e-03,-9.3412e-03,-1.0401e-02,-1.1542e-02,-1.2776e-02,-1.4113e-02,-1.5572e-02,-1.7170e-02,-1.8930e-02,-2.0869e-02,-2.3000e-02,-2.5319e-02,-2.7801e-02,-3.0419e-02,-3.3183e-02,-3.6221e-02,-3.9798e-02,-4.4072e-02,-4.8546e-02,-5.1775e-02,-5.2176e-02,-4.9453e-02,-4.4893e-02,-4.0130e-02,-3.5999e-02,-3.2532e-02,-2.9484e-02,-2.6669e-02,-2.4006e-02,-2.1478e-02,-1.9084e-02,-1.6826e-02,-1.4702e-02,-1.2707e-02,-1.0834e-02,-9.0765e-03,-7.4268e-03,-5.8779e-03,-4.4233e-03,-3.0569e-03,-1.7734e-03,-5.6816e-04,5.6291e-04,1.6231e-03,2.6153e-03,3.5417e-03,4.4040e-03
-1.6120e-03,-1.5905e-03,-1.5622e-03,-1.5274e-03,-1.4867e-03,-1.4406e-03,-1.3895e-03,-1.3340e-03,-1.2746e-03,-1.2117e-03,-1.1457e-03,-1.0773e-03,-1.0068e-03,-9.3488e-04,-8.6201e-04,-7.8847e-04,-7.1509e-04,-6.4222e-04,-5.7036e-04,-5.0025e-04,-4.3235e-04,-3.6732e-04,-3.0565e-04,-2.4831e-04,-1.9599e-04,-1.4944e-04,-1.0964e-04,-7.7620e-05,-5.4419e-05,-4.1313e-05,-3.9592e-05,-5.0664e-05,-7.6093e-05,-1.1749e-04,-1.7674e-04,-2.5567e-04,-3.5628e-04,-4.8078e-04,-6.3121e-04,-8.1008e-04,-1.0196e-03,-1.2623e-03,-1.5407e-03,-1.8575e-03,-2.2151e-03,-2.6161e-03,-3.0632e-03,-3.5589e-03,-4.1054e-03,-4.7052e-03,-5.3605e-03,-6.0734e-03,-6.8463e-03,-7.6815e-03,-8.5821e-03,-9.5521e-03,-1.0597e-02,-1.1723e-02,-1.2940e-02,-1.4261e-02,-1.5703e-02,-1.7284e-02,-1.9024e-02,-2.0944e-02,-2.3053e-02,-2.5345e-02,-2.7797e-02,-3.0378e-02,-3.3099e-02,-3.6096e-02,-3.9641e-02,-4.3892e-02,-4.8338e-02,-5.1517e-02,-5.1845e-02,-4.9051e-02,-4.4437e-02,-3.9631e-02,-3.5456e-02,-3.1936e-02,-2.8827e-02,-2.5945e-02,-2.3213e-02,-2.0612e-02,-1.8145e-02,-1.5811e-02,-1.3608e-02,-1.1530e-02,-9.5692e-03,-7.7193e-03,-5.9729e-03,-4.3236e-03,-2.7657e-03,-1.2945e-03,9.4198e-05,1.4037e-03,2.6368e-03,3.7955e-03,4.8816e-03,5.8967e-03
-1.5725e-03,-1.5619e-03,-1.5449e-03,-1.5219e-03,-1.4936e-03,-1.4601e-03,-1.4218e-03,-1.3795e-03,-1.3334e-03,-1.2840e-03,-1.2316e-03,-1.1768e-03,-1.1200e-03,-1.0614e-03,-1.0018e-03,-9.4121e-04,-8.8035e-04,-8.1974e-04,-7.5974e-04,-7.0070e-04,-6.4325e-04,-5.8794e-04,-5.3533e-04,-4.8597e-04,-4.4067e-04,-4.0007e-04,-3.6502e-04,-3.3636e-04,-3.1501e-04,-3.0226e-04,-2.9910e-04,-3.0684e-04,-3.2689e-04,-3.6076e-04,-4.1018e-04,-4.7671e-04,-5.6229e-04,-6.6876e-04,-7.9836e-04,-9.5294e-04,-1.1349e-03,-1.3466e-03,-1.5903e-03,-1.8684e-03,-2.1837e-03,-2.5385e-03,-2.9355e-03,-3.3772e-03,-3.8661e-03,-4.4049e-03,-4.9956e-03,-5.6407e-03,-6.3426e-03,-7.1034e-03,-7.9259e-03,-8.8131e-03,-9.7691e-03,-1.0799e-02,-1.1910e-02,-1.3112e-02,-1.4418e-02,-1.5843e-02,-1.7408e-02,-1.9131e-02,-2.1032e-02,-2.3119e-02,-2.5386e-02,-2.7807e-02,-3.0349e-02,-3.3028e-02,-3.5984e-02,-3.9496e-02,-4.3725e-02,-4.8141e-02,-5.1266e-02,-5.1519e-02,-4.8651e-02,-4.3981e-02,-3.9129e-02,-3.4906e-02,-3.1328e-02,-2.8153e-02,-2.5199e-02,-2.2390e-02,-1.9712e-02,-1.7164e-02,-1.4747e-02,-1.2458e-02,-1.0290e-02,-8.2354e-03,-6.2864e-03,-4.4365e-03,-2.6801e-03,-1.0126e-03,5.6978e-04,2.0696e-03,3.4889e-03,4.8290e-03,6.0906e-03,7.2747e-03
-1.5136e-03,-1.5137e-03,-1.5079e-03,-1.4966e-03,-1.4802e-03,-1.4591e-03,-1.4337e-03,-1.4044e-03,-1.3717e-03,-1.3355e-03,-1.2968e-03,-1.2556e-03,-1.2122e-03,-1.1673e-03,-1.1209e-03,-1.0736e-03,-1.0258e-03,-9.7769e-04,-9.2987e-04,-8.8245e-04,-8.3607e-04,-7.9129e-04,-7.4846e-04,-7.0817e-04,-6.7089e-04,-6.3743e-04,-6.0830e-04,-5.8440e-04,-5.6656e-04,-5.5579e-04,-5.5315e-04,-5.5967e-04,-5.7675e-04,-6.0560e-04,-6.4784e-04,-7.0501e-04,-7.7877e-04,-8.7080e-04,-9.8314e-04,-1.1176e-03,-1.2764e-03,-1.4615e-03,-1.6752e-03,-1.9198e-03,-2.1979e-03,-2.5115e-03,-2.8636e-03,-3.2566e-03,-3.6930e-03,-4.1755e-03,-4.7065e-03,-5.2885e-03,-5.9239e-03,-6.6151e-03,-7.3644e-03,-8.1747e-03,-9.0492e-03,-9.9919e-03,-1.1008e-02,-1.2105e-02,-1.3293e-02,-1.4584e-02,-1.5994e-02,-1.7542e-02,-1.9249e-02,-2.1132e-02,-2.3198e-02,-2.5440e-02,-2.7830e-02,-3.0335e-02,-3.2971e-02,-3.5884e-02,-3.9364e-02,-4.3570e-02,-4.7955e-02,-5.1023e-02,-5.1197e-02,-4.8253e-02,-4.3524e-02,-3.8625e-02,-3.4350e-02,-3.0709e-02,-2.7462e-02,-2.4429e-02,-2.1538e-02,-1.8774e-02,-1.6140e-02,-1.3634e-02,-1.1252e-02,-8.9871e-03,-6.8309e-03,-4.7760e-03,-2.8159e-03,-9.4596e-04,8.3759e-04,2.5370e-03,4.1536e-03,5.6878e-03,7.1393e-03,8.5082e-03
-1.4356e-03,-1.4461e-03,-1.4512e-03,-1.4515e-03,-1.4468e-03,-1.4379e-03,-1.4252e-03,-1.4087e-03,-1.3890e-03,-1.3663e-03,-1.3410e-03,-1.3133e-03,-1.2835e-03,-1.2522e-03,-1.2193e-03,-1.1853e-03,-1.1505e-03,-1.1153e-03,-1.0798e-03,-1.0447e-03,-1.0100e-03,-9.7626e-04,-9.4372e-04,-9.1319e-04,-8.8481e-04,-8.5939e-04,-8.3730e-04,-8.1944e-04,-8.0656e-04,-7.9938e-04,-7.9875e-04,-8.0598e-04,-8.2199e-04,-8.4806e-04,-8.8563e-04,-9.3608e-04,-1.0008e-03,-1.0816e-03,-1.1801e-03,-1.2981e-03,-1.4374e-03,-1.6001e-03,-1.7883e-03,-2.0040e-03,-2.2496e-03,-2.5274e-03,-2.8397e-03,-3.1892e-03,-3.5783e-03,-4.0098e-03,-4.4859e-03,-5.0095e-03,-5.5832e-03,-6.2093e-03,-6.8902e-03,-7.6287e-03,-8.4273e-03,-9.2897e-03,-1.0220e-02,-1.1223e-02,-1.2307e-02,-1.3481e-02,-1.4758e-02,-1.6154e-02,-1.7688e-02,-1.9379e-02,-2.1244e-02,-2.3290e-02,-2.5508e-02,-2.7867e-02,-3.0333e-02,-3.2926e-02,-3.5799e-02,-3.9246e-02,-4.3428e-02,-4.7781e-02,-5.0789e-02,-5.0882e-02,-4.7859e-02,-4.3069e-02,-3.8118e-02,-3.3787e-02,-3.0079e-02,-2.6753e-02,-2.3635e-02,-2.0655e-02,-1.7800e-02,-1.5071e-02,-1.2469e-02,-9.9872e-03,-7.6183e-03,-5.3539e-03,-3.1862e-03,-1.1096e-03,8.8036e-04,2.7860e-03,4.6082e-03,6.3466e-03,8.0004e-03,9.5681e-03
-1.3387e-03,-1.3595e-03,-1.3753e-03,-1.3866e-03,-1.3936e-03,-1.3967e-03,-1.3963e-03,-1.3925e-03,-1.3858e-03,-1.3762e-03,-1.3641e-03,-1.3500e-03,-1.3337e-03,-1.3158e-03,-1.2964e-03,-1.2758e-03,-1.2543e-03,-1.2321e-03,-1.2094e-03,-1.1864e-03,-1.1638e-03,-1.1415e-03,-1.1201e-03,-1.0998e-03,-1.0812e-03,-1.0646e-03,-1.0504e-03,-1.0397e-03,-1.0326e-03,-1.0303e-03,-1.0334e-03,-1.0428e-03,-1.0595e-03,-1.0847e-03,-1.1197e-03,-1.1657e-03,-1.2240e-03,-1.2963e-03,-1.3839e-03,-1.4886e-03,-1.6121e-03,-1.7563e-03,-1.9229e-03,-2.1141e-03,-2.3318e-03,-2.5784e-03,-2.8560e-03,-3.1670e-03,-3.5139e-03,-3.8995e-03,-4.3261e-03,-4.7964e-03,-5.3131e-03,-5.8788e-03,-6.4960e-03,-7.1673e-03,-7.8955e-03,-8.6834e-03,-9.5344e-03,-1.0453e-02,-1.1444e-02,-1.2516e-02,-1.3677e-02,-1.4942e-02,-1.6325e-02,-1.7845e-02,-1.9521e-02,-2.1370e-02,-2.3396e-02,-2.5590e-02,-2.7918e-02,-3.0346e-02,-3.2896e-02,-3.5727e-02,-3.9143e-02,-4.3300e-02,-4.7619e-02,-5.0564e-02,-5.0572e-02,-4.7468e-02,-4.2615e-02,-3.7609e-02,-3.3217e-02,-2.9436e-02,-2.6027e-02,-2.2817e-02,-1.9741e-02,-1.6787e-02,-1.3957e-02,-1.1251e-02,-8.6620e-03,-6.1822e-03,-3.8026e-03,-1.5156e-03,6.8419e-04,2.8002e-03,4.8335e-03,6.7838e-03,8.6491e-03,1.0427e-02
-1.2233e-03,-1.2540e-03,-1.2802e-03,-1.3024e-03,-1.3208e-03,-1.3356e-03,-1.3473e-03,-1.3559e-03,-1.3619e-03,-1.3652e-03,-1.3664e-03,-1.3654e-03,-1.3626e-03,-1.3581e-03,-1.3522e-03,-1.3449e-03,-1.3367e-03,-1.3276e-03,-1.3177e-03,-1.3075e-03,-1.2970e-03,-1.2866e-03,-1.2765e-03,-1.2672e-03,-1.2586e-03,-1.2515e-03,-1.2462e-03,-1.2433e-03,-1.2432e-03,-1.2468e-03,-1.2547e-03,-1.2676e-03,-1.2867e-03,-1.3127e-03,-1.3469e-03,-1.3906e-03,-1.4446e-03,-1.5106e-03,-1.5901e-03,-1.6844e-03,-1.7952e-03,-1.9242e-03,-2.0731e-03,-2.2436e-03,-2.4377e-03,-2.6574e-03,-2.9049e-03,-3.1824e-03,-3.4923e-03,-3.8370e-03,-4.2190e-03,-4.6411e-03,-5.1059e-03,-5.6161e-03,-6.1744e-03,-6.7834e-03,-7.4457e-03,-8.1644e-03,-8.9422e-03,-9.7827e-03,-1.0690e-02,-1.1671e-02,-1.2731e-02,-1.3881e-02,-1.5134e-02,-1.6505e-02,-1.8012e-02,-1.9675e-02,-2.1508e-02,-2.3516e-02,-2.5685e-02,-2.7983e-02,-3.0373e-02,-3.2879e-02,-3.5669e-02,-3.9053e-02,-4.3186e-02,-4.7469e-02,-5.0349e-02,-5.0269e-02,-4.7081e-02,-4.2162e-02,-3.7099e-02,-3.2642e-02,-2.8783e-02,-2.5283e-02,-2.1975e-02,-1.8795e-02,-1.5735e-02,-1.2796e-02,-9.9782e-03,-7.2749e-03,-4.6770e-03,-2.1753e-03,2.3764e-04,2.5669e-03,4.8146e-03,6.9812e-03,9.0644e-03,1.1061e-02
-1.0896e-03,-1.1300e-03,-1.1664e-03,-1.1993e-03,-1.2286e-03,-1.2550e-03,-1.2785e-03,-1.2993e-03,-1.3176e-03,-1.3337e-03,-1.3478e-03,-1.3601e-03,-1.3704e-03,-1.3793e-03,-1.3866e-03,-1.3928e-03,-1.3978e-03,-1.4017e-03,-1.4048e-03,-1.4073e-03,-1.4093e-03,-1.4110e-03,-1.4125e-03,-1.4142e-03,-1.4163e-03,-1.4194e-03,-1.4235e-03,-1.4292e-03,-1.4369e-03,-1.4472e-03,-1.4609e-03,-1.4786e-03,-1.5011e-03,-1.5294e-03,-1.5645e-03,-1.6072e-03,-1.6591e-03,-1.7211e-03,-1.7947e-03,-1.8812e-03,-1.9821e-03,-2.0989e-03,-2.2332e-03,-2.3866e-03,-2.5609e-03,-2.7579e-03,-2.9796e-03,-3.2281e-03,-3.5057e-03,-3.8144e-03,-4.1570e-03,-4.5359e-03,-4.9539e-03,-5.4136e-03,-5.9178e-03,-6.4692e-03,-7.0707e-03,-7.7248e-03,-8.4347e-03,-9.2033e-03,-1.0034e-02,-1.0932e-02,-1.1902e-02,-1.2952e-02,-1.4092e-02,-1.5334e-02,-1.6694e-02,-1.8190e-02,-1.9840e-02,-2.1658e-02,-2.3648e-02,-2.5795e-02,-2.8062e-02,-3.0414e-02,-3.2876e-02,-3.5625e-02,-3.8979e-02,-4.3087e-02,-4.7332e-02,-5.0143e-02,-4.9972e-02,-4.6699e-02,-4.1711e-02,-3.6587e-02,-3.2060e-02,-2.8117e-02,-2.4521e-02,-2.1106e-02,-1.7816e-02,-1.4641e-02,-1.1586e-02,-8.6494e-03,-5.8242e-03,-3.1010e-03,-4.7035e-04,2.0750e-03,4.5395e-03,6.9248e-03,9.2295e-03,1.1450e-02
-9.3802e-04,-9.8787e-04,-1.0341e-03,-1.0773e-03,-1.1176e-03,-1.1551e-03,-1.1901e-03,-1.2228e-03,-1.2535e-03,-1.2820e-03,-1.3088e-03,-1.3339e-03,-1.3573e-03,-1.3793e-03,-1.3998e-03,-1.4192e-03,-1.4374e-03,-1.4543e-03,-1.4704e-03,-1.4857e-03,-1.5002e-03,-1.5141e-03,-1.5274e-03,-1.5407e-03,-1.5538e-03,-1.5673e-03,-1.5812e-03,-1.5961e-03,-1.6122e-03,-1.6301e-03,-1.6505e-03,-1.6739e-03,-1.7010e-03,-1.7328e-03,-1.7701e-03,-1.8137e-03,-1.8648e-03,-1.9246e-03,-1.9943e-03,-2.0752e-03,-2.1686e-03,-2.2759e-03,-2.3984e-03,-2.5379e-03,-2.6957e-03,-2.8737e-03,-3.0737e-03,-3.2975e-03,-3.5470e-03,-3.8247e-03,-4.1326e-03,-4.4733e-03,-4.8495e-03,-5.2637e-03,-5.7187e-03,-6.2175e-03,-6.7628e-03,-7.3574e-03,-8.0041e-03,-8.7061e-03,-9.4664e-03,-1.0289e-02,-1.1178e-02,-1.2139e-02,-1.3180e-02,-1.4310e-02,-1.5543e-02,-1.6893e-02,-1.8379e-02,-2.0017e-02,-2.1822e-02,-2.3795e-02,-2.5918e-02,-2.8155e-02,-3.0468e-02,-3.2888e-02,-3.5597e-02,-3.8920e-02,-4.3004e-02,-4.7209e-02,-4.9948e-02,-4.9683e-02,-4.6321e-02,-4.1262e-02,-3.6073e-02,-3.1473e-02,-2.7440e-02,-2.3739e-02,-2.0212e-02,-1.6803e-02,-1.3506e-02,-1.0326e-02,-7.2628e-03,-4.3081e-03,-1.4525e-03,1.3138e-03,3.9979e-03,6.6034e-03,9.1312e-03,1.1579e-02
-7.6868e-04,-8.2779e-04,-8.8378e-04,-9.3713e-04,-9.8790e-04,-1.0364e-03,-1.0826e-03,-1.1270e-03,-1.1695e-03,-1.2102e-03,-1.2495e-03,-1.2871e-03,-1.3236e-03,-1.3583e-03,-1.3921e-03,-1.4243e-03,-1.4555e-03,-1.4856e-03,-1.5145e-03,-1.5426e-03,-1.5696e-03,-1.5958e-03,-1.6213e-03,-1.6461e-03,-1.6705e-03,-1.6947e-03,-1.7188e-03,-1.7433e-03,-1.7685e-03,-1.7946e-03,-1.8224e-03,-1.8522e-03,-1.8850e-03,-1.9212e-03,-1.9616e-03,-2.0075e-03,-2.0593e-03,-2.1186e-03,-2.1861e-03,-2.2633e-03,-2.3512e-03,-2.4512e-03,-2.5645e-03,-2.6928e-03,-2.8373e-03,-2.9995e-03,-3.1812e-03,-3.3841e-03,-3.6099e-03,-3.8607e-03,-4.1386e-03,-4.4459e-03,-4.7851e-03,-5.1588e-03,-5.5697e-03,-6.0207e-03,-6.5147e-03,-7.0544e-03,-7.6429e-03,-8.2831e-03,-8.9780e-03,-9.7310e-03,-1.0546e-02,-1.1427e-02,-1.2380e-02,-1.3413e-02,-1.4536e-02,-1.5760e-02,-1.7102e-02,-1.8578e-02,-2.0206e-02,-2.1998e-02,-2.3954e-02,-2.6055e-02,-2.8262e-02,-3.0538e-02,-3.2915e-02,-3.5583e-02,-3.8877e-02,-4.2936e-02,-4.7099e-02,-4.9763e-02,-4.9401e-02,-4.5947e-02,-4.0816e-02,-3.5559e-02,-3.0880e-02,-2.6750e-02,-2.2939e-02,-1.9291e-02,-1.5754e-02,-1.2328e-02,-9.0152e-03,-5.8168e-03,-2.7251e-03,2.7007e-04,3.1787e-03,6.0074e-03,8.7596e-03,1.1435e-02
-5.8220e-04,-6.5031e-04,-7.1577e-04,-7.7885e-04,-8.3987e-04,-8.9902e-04,-9.5627e-04,-1.0119e-03,-1.0660e-03,-1.1188e-03,-1.1703e-03,-1.2204e-03,-1.2691e-03,-1.3168e-03,-1.3633e-03,-1.4085e-03,-1.4526e-03,-1.4955e-03,-1.5374e-03,-1.5780e-03,-1.6176e-03,-1.6562e-03,-1.6937e-03,-1.7303e-03,-1.7661e-03,-1.8013e-03,-1.8360e-03,-1.8704e-03,-1.9049e-03,-1.9399e-03,-1.9756e-03,-2.0126e-03,-2.0516e-03,-2.0931e-03,-2.1380e-03,-2.1868e-03,-2.2408e-03,-2.3007e-03,-2.3676e-03,-2.4426e-03,-2.5269e-03,-2.6216e-03,-2.7280e-03,-2.8475e-03,-2.9811e-03,-3.1305e-03,-3.2971e-03,-3.4825e-03,-3.6882e-03,-3.9161e-03,-4.1682e-03,-4.4466e-03,-4.7535e-03,-5.0915e-03,-5.4632e-03,-5.8714e-03,-6.3188e-03,-6.8086e-03,-7.3436e-03,-7.9269e-03,-8.5613e-03,-9.2502e-03,-9.9968e-03,-1.0805e-02,-1.1680e-02,-1.2626e-02,-1.3652e-02,-1.4768e-02,-1.5985e-02,-1.7319e-02,-1.8787e-02,-2.0406e-02,-2.2186e-02,-2.4127e-02,-2.6206e-02,-2.8383e-02,-3.0621e-02,-3.2955e-02,-3.5585e-02,-3.8850e-02,-4.2883e-02,-4.7003e-02,-4.9589e-02,-4.9126e-02,-4.5579e-02,-4.0372e-02,-3.5044e-02,-3.0280e-02,-2.6048e-02,-2.2118e-02,-1.8341e-02,-1.4670e-02,-1.1104e-02,-7.6511e-03,-4.3101e-03,-1.0737e-03,2.0682e-03,5.1255e-03,8.1047e-03,1.1008e-02
-3.7891e-04,-4.5564e-04,-5.3027e-04,-6.0297e-04,-6.7405e-04,-7.4348e-04,-8.1148e-04,-8.7824e-04,-9.4365e-04,-1.0081e-03,-1.0714e-03,-1.1336e-03,-1.1948e-03,-1.2550e-03,-1.3140e-03,-1.3720e-03,-1.4288e-03,-1.4843e-03,-1.5388e-03,-1.5921e-03,-1.6442e-03,-1.6951e-03,-1.7447e-03,-1.7932e-03,-1.8405e-03,-1.8868e-03,-1.9322e-03,-1.9769e-03,-2.0211e-03,-2.0651e-03,-2.1093e-03,-2.1542e-03,-2.2001e-03,-2.2476e-03,-2.2975e-03,-2.3506e-03,-2.4075e-03,-2.4692e-03,-2.5368e-03,-2.6111e-03,-2.6933e-03,-2.7844e-03,-2.8857e-03,-2.9983e-03,-3.1235e-03,-3.2625e-03,-3.4168e-03,-3.5876e-03,-3.7765e-03,-3.9851e-03,-4.2153e-03,-4.4688e-03,-4.7478e-03,-5.0547e-03,-5.3918e-03,-5.7620e-03,-6.1679e-03,-6.6126e-03,-7.0989e-03,-7.6300e-03,-8.2088e-03,-8.8385e-03,-9.5223e-03,-1.0264e-02,-1.1066e-02,-1.1935e-02,-1.2876e-02,-1.3897e-02,-1.5006e-02,-1.6218e-02,-1.7546e-02,-1.9007e-02,-2.0617e-02,-2.2387e-02,-2.4312e-02,-2.6371e-02,-2.8518e-02,-3.0718e-02,-3.3010e-02,-3.5602e-02,-3.8840e-02,-4.2847e-02,-4.6921e-02,-4.9425e-02,-4.8859e-02,-4.5216e-02,-3.9931e-02,-3.4527e-02,-2.9675e-02,-2.5333e-02,-2.1277e-02,-1.7363e-02,-1.3548e-02,-9.8350e-03,-6.2325e-03,-2.7407e-03,6.4769e-04,3.9432e-03,7.1554e-03,1.0291e-02
-1.5908e-04,-2.4433e-04,-3.2793e-04,-4.1000e-04,-4.9070e-04,-5.7008e-04,-6.4858e-04,-7.2617e-04,-8.0276e-04,-8.7848e-04,-9.5345e-04,-1.0276e-03,-1.1008e-03,-1.1731e-03,-1.2445e-03,-1.3149e-03,-1.3843e-03,-1.4524e-03,-1.5194e-03,-1.5852e-03,-1.6496e-03,-1.7127e-03,-1.7745e-03,-1.8348e-03,-1.8936e-03,-1.9512e-03,-2.0075e-03,-2.0627e-03,-2.1168e-03,-2.1703e-03,-2.2233e-03,-2.2763e-03,-2.3297e-03,-2.3839e-03,-2.4396e-03,-2.4975e-03,-2.5583e-03,-2.6228e-03,-2.6921e-03,-2.7667e-03,-2.8482e-03,-2.9372e-03,-3.0349e-03,-3.1425e-03,-3.2612e-03,-3.3920e-03,-3.5362e-03,-3.6952e-03,-3.8702e-03,-4.0627e-03,-4.2743e-03,-4.5067e-03,-4.7619e-03,-5.0418e-03,-5.3490e-03,-5.6856e-03,-6.0547e-03,-6.4590e-03,-6.9014e-03,-7.3851e-03,-7.9130e-03,-8.4884e-03,-9.1144e-03,-9.7942e-03,-1.0531e-02,-1.1330e-02,-1.2194e-02,-1.3131e-02,-1.4147e-02,-1.5252e-02,-1.6459e-02,-1.7782e-02,-1.9237e-02,-2.0840e-02,-2.2600e-02,-2.4511e-02,-2.6548e-02,-2.8666e-02,-3.0829e-02,-3.3080e-02,-3.5635e-02,-3.8845e-02,-4.2827e-02,-4.6853e-02,-4.9272e-02,-4.8600e-02,-4.4859e-02,-3.9492e-02,-3.4010e-02,-2.9062e-02,-2.4605e-02,-2.0414e-02,-1.6355e-02,-1.2387e-02,-8.5185e-03,-4.7582e-03,-1.1076e-03,2.4404e-03,5.8964e-03,9.2696e-03
7.6815e-05,-1.6801e-05,-1.0898e-04,-2.0006e-04,-2.9016e-04,-3.7956e-04,-4.6816e-04,-5.5621e-04,-6.4371e-04,-7.3053e-04,-8.1681e-04,-9.0251e-04,-9.8748e-04,-1.0718e-03,-1.1553e-03,-1.2378e-03,-1.3195e-03,-1.4000e-03,-1.4794e-03,-1.5575e-03,-1.6342e-03,-1.7094e-03,-1.7831e-03,-1.8552e-03,-1.9257e-03,-1.9945e-03,-2.0618e-03,-2.1276e-03,-2.1920e-03,-2.2550e-03,-2.3171e-03,-2.3786e-03,-2.4399e-03,-2.5012e-03,-2.5632e-03,-2.6267e-03,-2.6921e-03,-2.7603e-03,-2.8319e-03,-2.9083e-03,-2.9900e-03,-3.0781e-03,-3.1738e-03,-3.2779e-03,-3.3917e-03,-3.5161e-03,-3.6524e-03,-3.8018e-03,-3.9653e-03,-4.1444e-03,-4.3405e-03,-4.5551e-03,-4.7899e-03,-5.0468e-03,-5.3279e-03,-5.6357e-03,-5.9724e-03,-6.3410e-03,-6.7442e-03,-7.1852e-03,-7.6669e-03,-8.1926e-03,-8.7654e-03,-9.3886e-03,-1.0065e-02,-1.0799e-02,-1.1595e-02,-1.2456e-02,-1.3389e-02,-1.4402e-02,-1.5504e-02,-1.6707e-02,-1.8026e-02,-1.9477e-02,-2.1074e-02,-2.2824e-02,-2.4722e-02,-2.6739e-02,-2.8828e-02,-3.0953e-02,-3.3164e-02,-3.5683e-02,-3.8867e-02,-4.2823e-02,-4.6800e-02,-4.9130e-02,-4.8348e-02,-4.4507e-02,-3.9057e-02,-3.3491e-02,-2.8443e-02,-2.3862e-02,-1.9530e-02,-1.5315e-02,-1.1187e-02,-7.1533e-03,-3.2267e-03,5.9088e-04,4.3059e-03,7.9288e-03
3.2844e-04,2.2690e-04,1.2622e-04,2.6211e-05,-7.3157e-05,-1.7209e-04,-2.7066e-04,-3.6886e-04,-4.6678e-04,-5.6450e-04,-6.6192e-04,-7.5871e-04,-8.5527e-04,-9.5133e-04,-1.0467e-03,-1.1412e-03,-1.2349e-03,-1.3276e-03,-1.4191e-03,-1.5094e-03,-1.5982e-03,-1.6855e-03,-1.7710e-03,-1.8548e-03,-1.9369e-03,-2.0170e-03,-2.0952e-03,-2.1717e-03,-2.2462e-03,-2.3193e-03,-2.3907e-03,-2.4610e-03,-2.5304e-03,-2.5994e-03,-2.6683e-03,-2.7378e-03,-2.8083e-03,-2.8808e-03,-2.9560e-03,-3.0346e-03,-3.1175e-03,-3.2059e-03,-3.3005e-03,-3.4025e-03,-3.5127e-03,-3.6323e-03,-3.7624e-03,-3.9040e-03,-4.0583e-03,-4.2264e-03,-4.4096e-03,-4.6092e-03,-4.8269e-03,-5.0642e-03,-5.3232e-03,-5.6058e-03,-5.9144e-03,-6.2517e-03,-6.6203e-03,-7.0232e-03,-7.4633e-03,-7.9440e-03,-8.4684e-03,-9.0396e-03,-9.6610e-03,-1.0336e-02,-1.1068e-02,-1.1861e-02,-1.2720e-02,-1.3651e-02,-1.4662e-02,-1.5762e-02,-1.6963e-02,-1.8279e-02,-1.9726e-02,-2.1318e-02,-2.3060e-02,-2.4945e-02,-2.6942e-02,-2.9003e-02,-3.1091e-02,-3.3262e-02,-3.5747e-02,-3.8906e-02,-4.2836e-02,-4.6760e-02,-4.8999e-02,-4.8105e-02,-4.4160e-02,-3.8624e-02,-3.2971e-02,-2.7816e-02,-2.3104e-02,-1.8622e-02,-1.4244e-02,-9.9453e-03,-5.7381e-03,-1.6367e-03,2.3557e-03,6.2453e-03
5.9561e-04,4.8600e-04,3.7702e-04,2.6848e-04,1.6006e-04,5.1863e-05,-5.6244e-05,-1.6452e-04,-2.7271e-04,-3.8097e-04,-4.8913e-04,-5.9708e-04,-7.0485e-04,-8.1229e-04,-9.1924e-04,-1.0255e-03,-1.1311e-03,-1.2356e-03,-1.3391e-03,-1.4413e-03,-1.5420e-03,-1.6410e-03,-1.7384e-03,-1.8339e-03,-1.9274e-03,-2.0188e-03,-2.1081e-03,-2.1951e-03,-2.2801e-03,-2.3630e-03,-2.4440e-03,-2.5234e-03,-2.6013e-03,-2.6781e-03,-2.7542e-03,-2.8302e-03,-2.9065e-03,-2.9838e-03,-3.0629e-03,-3.1446e-03,-3.2298e-03,-3.3191e-03,-3.4138e-03,-3.5146e-03,-3.6225e-03,-3.7387e-03,-3.8640e-03,-3.9995e-03,-4.1463e-03,-4.3054e-03,-4.4780e-03,-4.6652e-03,-4.8684e-03,-5.0893e-03,-5.3294e-03,-5.5906e-03,-5.8750e-03,-6.1850e-03,-6.5233e-03,-6.8924e-03,-7.2956e-03,-7.7358e-03,-8.2162e-03,-8.7402e-03,-9.3108e-03,-9.9315e-03,-1.0606e-02,-1.1337e-02,-1.2129e-02,-1.2987e-02,-1.3918e-02,-1.4927e-02,-1.6026e-02,-1.7226e-02,-1.8541e-02,-1.9985e-02,-2.1573e-02,-2.3308e-02,-2.5180e-02,-2.7158e-02,-2.9190e-02,-3.1243e-02,-3.3374e-02,-3.5826e-02,-3.8961e-02,-4.2865e-02,-4.6734e-02,-4.8878e-02,-4.7869e-02,-4.3819e-02,-3.8194e-02,-3.2449e-02,-2.7181e-02,-2.2331e-02,-1.7690e-02,-1.3140e-02,-8.6618e-03,-4.2717e-03,1.3173e-05,4.1885e-03
8.7757e-04,7.6030e-04,6.4326e-04,5.2626e-04,4.0907e-04,2.9182e-04,1.7428e-04,5.6386e-05,-6.1847e-05,-1.8028e-04,-2.9907e-04,-4.1775e-04,-5.3656e-04,-6.5506e-04,-7.7341e-04,-8.9124e-04,-1.0082e-03,-1.1244e-03,-1.2397e-03,-1.3536e-03,-1.4660e-03,-1.5769e-03,-1.6858e-03,-1.7928e-03,-1.8977e-03,-2.0003e-03,-2.1005e-03,-2.1982e-03,-2.2937e-03,-2.3867e-03,-2.4773e-03,-2.5658e-03,-2.6523e-03,-2.7373e-03,-2.8209e-03,-2.9038e-03,-2.9862e-03,-3.0690e-03,-3.1526e-03,-3.2380e-03,-3.3259e-03,-3.4170e-03,-3.5125e-03,-3.6131e-03,-3.7199e-03,-3.8335e-03,-3.9554e-03,-4.0862e-03,-4.2271e-03,-4.3788e-03,-4.5426e-03,-4.7196e-03,-4.9109e-03,-5.1179e-03,-5.3420e-03,-5.5849e-03,-5.8486e-03,-6.1353e-03,-6.4470e-03,-6.7868e-03,-7.1572e-03,-7.5613e-03,-8.0023e-03,-8.4834e-03,-9.0078e-03,-9.5789e-03,-1.0200e-02,-1.0874e-02,-1.1606e-02,-1.2398e-02,-1.3257e-02,-1.4187e-02,-1.5197e-02,-1.6296e-02,-1.7496e-02,-1.8810e-02,-2.0254e-02,-2.1838e-02,-2.3566e-02,-2.5427e-02,-2.7386e-02,-2.9391e-02,-3.1407e-02,-3.3501e-02,-3.5920e-02,-3.9033e-02,-4.2910e-02,-4.6723e-02,-4.8768e-02,-4.7640e-02,-4.3483e-02,-3.7766e-02,-3.1926e-02,-2.6539e-02,-2.1542e-02,-1.6733e-02,-1.2002e-02,-7.3347e-03,-2.7530e-03,1.7239e-03
1.1741e-03,1.0493e-03,9.2443e-04,7.9922e-04,6.7356e-04,5.4740e-04,4.2073e-04,2.9328e-04,1.6542e-04,3.6791e-05,-9.2067e-05,-2.2141e-04,-3.5083e-04,-4.8028e-04,-6.0958e-04,-7.3859e-04,-8.6702e-04,-9.9463e-04,-1.1213e-03,-1.2469e-03,-1.3708e-03,-1.4931e-03,-1.6136e-03,-1.7320e-03,-1.8482e-03,-1.9618e-03,-2.0729e-03,-2.1814e-03,-2.2872e-03,-2.3902e-03,-2.4906e-03,-2.5885e-03,-2.6838e-03,-2.7771e-03,-2.8684e-03,-2.9584e-03,-3.0474e-03,-3.1358e-03,-3.2246e-03,-3.3142e-03,-3.4055e-03,-3.4990e-03,-3.5961e-03,-3.6973e-03,-3.8036e-03,-3.9159e-03,-4.0352e-03,-4.1626e-03,-4.2987e-03,-4.4446e-03,-4.6012e-03,-4.7697e-03,-4.9510e-03,-5.1464e-03,-5.3571e-03,-5.5846e-03,-5.8307e-03,-6.0971e-03,-6.3863e-03,-6.7003e-03,-7.0420e-03,-7.4143e-03,-7.8202e-03,-8.2627e-03,-8.7453e-03,-9.2712e-03,-9.8437e-03,-1.0466e-02,-1.1142e-02,-1.1875e-02,-1.2669e-02,-1.3529e-02,-1.4460e-02,-1.5472e-02,-1.6572e-02,-1.7773e-02,-1.9088e-02,-2.0531e-02,-2.2113e-02,-2.3836e-02,-2.5686e-02,-2.7626e-02,-2.9603e-02,-3.1585e-02,-3.3641e-02,-3.6030e-02,-3.9122e-02,-4.2972e-02,-4.6725e-02,-4.8669e-02,-4.7420e-02,-4.3153e-02,-3.7341e-02,-3.1400e-02,-2.5887e-02,-2.0736e-02,-1.5750e-02,-1.0828e-02,-5.9632e-03,-1.1808e-03
1.4849e-03,1.3528e-03,1.2202e-03,1.0869e-03,9.5308e-04,8.1817e-04,6.8250e-04,5.4586e-04,4.0833e-04,2.7009e-04,1.3123e-04,-8.3894e-06,-1.4810e-04,-2.8833e-04,-4.2848e-04,-5.6842e-04,-7.0785e-04,-8.4679e-04,-9.8472e-04,-1.1214e-03,-1.2568e-03,-1.3905e-03,-1.5222e-03,-1.6519e-03,-1.7791e-03,-1.9038e-03,-2.0257e-03,-2.1449e-03,-2.2609e-03,-2.3741e-03,-2.4843e-03,-2.5915e-03,-2.6958e-03,-2.7975e-03,-2.8969e-03,-2.9943e-03,-3.0901e-03,-3.1847e-03,-3.2788e-03,-3.3730e-03,-3.4682e-03,-3.5649e-03,-3.6640e-03,-3.7664e-03,-3.8730e-03,-3.9848e-03,-4.1025e-03,-4.2272e-03,-4.3597e-03,-4.5009e-03,-4.6518e-03,-4.8133e-03,-4.9863e-03,-5.1719e-03,-5.3713e-03,-5.5859e-03,-5.8169e-03,-6.0664e-03,-6.3359e-03,-6.6280e-03,-6.9447e-03,-7.2890e-03,-7.6638e-03,-8.0721e-03,-8.5171e-03,-9.0021e-03,-9.5304e-03,-1.0105e-02,-1.0730e-02,-1.1408e-02,-1.2144e-02,-1.2940e-02,-1.3803e-02,-1.4737e-02,-1.5751e-02,-1.6854e-02,-1.8057e-02,-1.9373e-02,-2.0817e-02,-2.2397e-02,-2.4115e-02,-2.5955e-02,-2.7877e-02,-2.9827e-02,-3.1774e-02,-3.3795e-02,-3.6155e-02,-3.9227e-02,-4.3050e-02,-4.6741e-02,-4.8580e-02,-4.7206e-02,-4.2827e-02,-3.6918e-02,-3.0871e-02,-2.5226e-02,-1.9912e-02,-1.4740e-02,-9.6187e-03,-4.5462e-03
1.8096e-03,1.6703e-03,1.5301e-03,1.3891e-03,1.2469e-03,1.1037e-03,9.5917e-04,8.1357e-04,6.6685e-04,5.1904e-04,3.7042e-04,2.2084e-04,7.0855e-05,-7.9691e-05,-2.3042e-04,-3.8109e-04,-5.3140e-04,-6.8122e-04,-8.3021e-04,-9.7812e-04,-1.1246e-03,-1.2693e-03,-1.4123e-03,-1.5530e-03,-1.6912e-03,-1.8268e-03,-1.9594e-03,-2.0891e-03,-2.2156e-03,-2.3388e-03,-2.4587e-03,-2.5753e-03,-2.6887e-03,-2.7991e-03,-2.9066e-03,-3.0116e-03,-3.1143e-03,-3.2154e-03,-3.3153e-03,-3.4145e-03,-3.5139e-03,-3.6141e-03,-3.7159e-03,-3.8201e-03,-3.9277e-03,-4.0395e-03,-4.1563e-03,-4.2792e-03,-4.4090e-03,-4.5466e-03,-4.6928e-03,-4.8485e-03,-5.0147e-03,-5.1922e-03,-5.3822e-03,-5.5857e-03,-5.8041e-03,-6.0389e-03,-6.2918e-03,-6.5649e-03,-6.8602e-03,-7.1802e-03,-7.5277e-03,-7.9057e-03,-8.3172e-03,-8.7653e-03,-9.2537e-03,-9.7853e-03,-1.0364e-02,-1.0992e-02,-1.1674e-02,-1.2412e-02,-1.3213e-02,-1.4079e-02,-1.5017e-02,-1.6034e-02,-1.7141e-02,-1.8347e-02,-1.9666e-02,-2.1111e-02,-2.2691e-02,-2.4405e-02,-2.6235e-02,-2.8139e-02,-3.0063e-02,-3.1976e-02,-3.3962e-02,-3.6296e-02,-3.9349e-02,-4.3143e-02,-4.6771e-02,-4.8501e-02,-4.7000e-02,-4.2507e-02,-3.6497e-02,-3.0339e-02,-2.4554e-02,-1.9070e-02,-1.3703e-02,-8.3717e-03
2.1479e-03,2.0014e-03,1.8538e-03,1.7050e-03,1.5550e-03,1.4034e-03,1.2504e-03,1.0959e-03,9.4020e-04,7.8318e-04,6.2512e-04,4.6577e-04,3.0569e-04,1.4502e-04,-1.6011e-05,-1.7712e-04,-3.3801e-04,-4.9867e-04,-6.5842e-04,-8.1712e-04,-9.7456e-04,-1.1303e-03,-1.2842e-03,-1.4357e-03,-1.5848e-03,-1.7311e-03,-1.8745e-03,-2.0146e-03,-2.1514e-03,-2.2845e-03,-2.4142e-03,-2.5403e-03,-2.6628e-03,-2.7818e-03,-2.8976e-03,-3.0104e-03,-3.1204e-03,-3.2282e-03,-3.3340e-03,-3.4386e-03,-3.5426e-03,-3.6467e-03,-3.7516e-03,-3.8582e-03,-3.9673e-03,-4.0796e-03,-4.1964e-03,-4.3182e-03,-4.4460e-03,-4.5807e-03,-4.7231e-03,-4.8741e-03,-5.0345e-03,-5.2053e-03,-5.3873e-03,-5.5816e-03,-5.7893e-03,-6.0117e-03,-6.2504e-03,-6.5071e-03,-6.7839e-03,-7.0829e-03,-7.4066e-03,-7.7579e-03,-8.1397e-03,-8.5552e-03,-9.0075e-03,-9.4999e-03,-1.0036e-02,-1.0619e-02,-1.1251e-02,-1.1938e-02,-1.2681e-02,-1.3486e-02,-1.4357e-02,-1.5300e-02,-1.6322e-02,-1.7433e-02,-1.8644e-02,-1.9967e-02,-2.1414e-02,-2.2994e-02,-2.4704e-02,-2.6525e-02,-2.8412e-02,-3.0309e-02,-3.2189e-02,-3.4143e-02,-3.6451e-02,-3.9487e-02,-4.3253e-02,-4.6813e-02,-4.8431e-02,-4.6802e-02,-4.2191e-02,-3.6077e-02,-2.9804e-02,-2.3872e-02,-1.8208e-02,-1.2637e-02
2.4993e-03,2.3457e-03,2.1909e-03,2.0345e-03,1.8766e-03,1.7170e-03,1.5557e-03,1.3928e-03,1.2281e-03,1.0620e-03,8.9441e-04,7.2567e-04,5.5595e-04,3.8535e-04,2.1433e-04,4.2923e-05,-1.2844e-04,-2.9947e-04,-4.6977e-04,-6.3914e-04,-8.0726e-04,-9.7391e-04,-1.1385e-03,-1.3008e-03,-1.4604e-03,-1.6175e-03,-1.7713e-03,-1.9218e-03,-2.0687e-03,-2.2120e-03,-2.3514e-03,-2.4869e-03,-2.6185e-03,-2.7463e-03,-2.8705e-03,-2.9911e-03,-3.1085e-03,-3.2231e-03,-3.3353e-03,-3.4456e-03,-3.5545e-03,-3.6628e-03,-3.7712e-03,-3.8805e-03,-3.9916e-03,-4.1051e-03,-4.2221e-03,-4.3434e-03,-4.4699e-03,-4.6025e-03,-4.7420e-03,-4.8891e-03,-5.0447e-03,-5.2098e-03,-5.3850e-03,-5.5714e-03,-5.7701e-03,-5.9820e-03,-6.2085e-03,-6.4514e-03,-6.7123e-03,-6.9931e-03,-7.2963e-03,-7.6242e-03,-7.9799e-03,-8.3662e-03,-8.7864e-03,-9.2435e-03,-9.7410e-03,-1.0282e-02,-1.0870e-02,-1.1509e-02,-1.2201e-02,-1.2950e-02,-1.3761e-02,-1.4637e-02,-1.5586e-02,-1.6614e-02,-1.7730e-02,-1.8946e-02,-2.0274e-02,-2.1725e-02,-2.3305e-02,-2.5013e-02,-2.6824e-02,-2.8695e-02,-3.0566e-02,-3.2414e-02,-3.4336e-02,-3.6621e-02,-3.9641e-02,-4.3378e-02,-4.6869e-02,-4.8372e-02,-4.6610e-02,-4.1881e-02,-3.5659e-02,-2.9264e-02,-2.3178e-02,-1.7325e-02
2.8634e-03,2.7031e-03,2.5410e-03,2.3772e-03,2.2117e-03,2.0442e-03,1.8746e-03,1.7033e-03,1.5299e-03,1.3550e-03,1.1784e-03,1.0003e-03,8.2116e-04,6.4092e-04,4.5997e-04,2.7853e-04,9.7029e-05,-8.4199e-05,-2.6488e-04,-4.4482e-04,-6.2353e-04,-8.0051e-04,-9.7562e-04,-1.1487e-03,-1.3189e-03,-1.4864e-03,-1.6505e-03,-1.8112e-03,-1.9682e-03,-2.1214e-03,-2.2705e-03,-2.4154e-03,-2.5562e-03,-2.6929e-03,-2.8255e-03,-2.9542e-03,-3.0791e-03,-3.2007e-03,-3.3193e-03,-3.4354e-03,-3.5497e-03,-3.6625e-03,-3.7748e-03,-3.8872e-03,-4.0007e-03,-4.1158e-03,-4.2335e-03,-4.3550e-03,-4.4807e-03,-4.6117e-03,-4.7487e-03,-4.8928e-03,-5.0444e-03,-5.2046e-03,-5.3742e-03,-5.5538e-03,-5.7447e-03,-5.9476e-03,-6.1639e-03,-6.3948e-03,-6.6420e-03,-6.9071e-03,-7.1924e-03,-7.5001e-03,-7.8330e-03,-8.1936e-03,-8.5852e-03,-9.0108e-03,-9.4736e-03,-9.9771e-03,-1.0524e-02,-1.1119e-02,-1.1764e-02,-1.2462e-02,-1.3218e-02,-1.4036e-02,-1.4919e-02,-1.5875e-02,-1.6909e-02,-1.8032e-02,-1.9255e-02,-2.0588e-02,-2.2043e-02,-2.3625e-02,-2.5330e-02,-2.7133e-02,-2.8987e-02,-3.0833e-02,-3.2650e-02,-3.4542e-02,-3.6806e-02,-3.9810e-02,-4.3518e-02,-4.6937e-02,-4.8322e-02,-4.6425e-02,-4.1574e-02,-3.5241e-02,-2.8719e-02,-2.2471e-02
3.2400e-03,3.0728e-03,2.9039e-03,2.7328e-03,2.5597e-03,2.3844e-03,2.2068e-03,2.0272e-03,1.8456e-03,1.6619e-03,1.4763e-03,1.2892e-03,1.1006e-03,9.1096e-04,7.2049e-04,5.2921e-04,3.3785e-04,1.4652e-04,-4.4420e-05,-2.3455e-04,-4.2351e-04,-6.1092e-04,-7.9650e-04,-9.7977e-04,-1.1604e-03,-1.3381e-03,-1.5125e-03,-1.6835e-03,-1.8505e-03,-2.0136e-03,-2.1723e-03,-2.3267e-03,-2.4766e-03,-2.6221e-03,-2.7631e-03,-2.8998e-03,-3.0324e-03,-3.1613e-03,-3.2865e-03,-3.4087e-03,-3.5283e-03,-3.6461e-03,-3.7625e-03,-3.8784e-03,-3.9945e-03,-4.1116e-03,-4.2307e-03,-4.3524e-03,-4.4780e-03,-4.6079e-03,-4.7431e-03,-4.8846e-03,-5.0329e-03,-5.1891e-03,-5.3537e-03,-5.5276e-03,-5.7117e-03,-5.9070e-03,-6.1143e-03,-6.3350e-03,-6.5704e-03,-6.8220e-03,-7.0919e-03,-7.3821e-03,-7.6948e-03,-8.0330e-03,-8.3992e-03,-8.7966e-03,-9.2285e-03,-9.6979e-03,-1.0208e-02,-1.0763e-02,-1.1364e-02,-1.2017e-02,-1.2723e-02,-1.3487e-02,-1.4312e-02,-1.5203e-02,-1.6166e-02,-1.7209e-02,-1.8339e-02,-1.9569e-02,-2.0908e-02,-2.2368e-02,-2.3953e-02,-2.5656e-02,-2.7451e-02,-2.9289e-02,-3.1110e-02,-3.2897e-02,-3.4760e-02,-3.7005e-02,-3.9996e-02,-4.3673e-02,-4.7018e-02,-4.8281e-02,-4.6246e-02,-4.1272e-02,-3.4824e-02,-2.8169e-02
3.6288e-03,3.4549e-03,3.2789e-03,3.1007e-03,2.9201e-03,2.7373e-03,2.5519e-03,2.3641e-03,2.1741e-03,1.9820e-03,1.7878e-03,1.5918e-03,1.3940e-03,1.1952e-03,9.9523e-04,7.9446e-04,5.9321e-04,3.9219e-04,1.9138e-04,-8.8736e-06,-2.0796e-04,-4.0544e-04,-6.0118e-04,-7.9476e-04,-9.8559e-04,-1.1735e-03,-1.3581e-03,-1.5391e-03,-1.7160e-03,-1.8888e-03,-2.0570e-03,-2.2209e-03,-2.3800e-03,-2.5344e-03,-2.6839e-03,-2.8288e-03,-2.9690e-03,-3.1050e-03,-3.2373e-03,-3.3657e-03,-3.4910e-03,-3.6138e-03,-3.7347e-03,-3.8543e-03,-3.9734e-03,-4.0928e-03,-4.2136e-03,-4.3362e-03,-4.4618e-03,-4.5911e-03,-4.7250e-03,-4.8643e-03,-5.0100e-03,-5.1627e-03,-5.3231e-03,-5.4920e-03,-5.6704e-03,-5.8588e-03,-6.0585e-03,-6.2702e-03,-6.4954e-03,-6.7354e-03,-6.9919e-03,-7.2668e-03,-7.5621e-03,-7.8805e-03,-8.2244e-03,-8.5969e-03,-9.0009e-03,-9.4396e-03,-9.9164e-03,-1.0434e-02,-1.0997e-02,-1.1607e-02,-1.2268e-02,-1.2983e-02,-1.3755e-02,-1.4589e-02,-1.5489e-02,-1.6461e-02,-1.7512e-02,-1.8651e-02,-1.9888e-02,-2.1234e-02,-2.2700e-02,-2.4288e-02,-2.5990e-02,-2.7777e-02,-2.9599e-02,-3.1397e-02,-3.3154e-02,-3.4990e-02,-3.7218e-02,-4.0197e-02,-4.3844e-02,-4.7111e-02,-4.8248e-02,-4.6073e-02,-4.0973e-02,-3.4407e-02
4.0294e-03,3.8488e-03,3.6659e-03,3.4807e-03,3.2929e-03,3.1024e-03,2.9094e-03,2.7137e-03,2.5157e-03,2.3151e-03,2.1123e-03,1.9076e-03,1.7011e-03,1.4930e-03,1.2838e-03,1.0738e-03,8.6313e-04,6.5232e-04,4.4167e-04,2.3166e-04,2.2620e-05,-1.8483e-04,-3.9063e-04,-5.9424e-04,-7.9506e-04,-9.9307e-04,-1.1876e-03,-1.3785e-03,-1.5653e-03,-1.7477e-03,-1.9255e-03,-2.0987e-03,-2.2669e-03,-2.4299e-03,-2.5880e-03,-2.7412e-03,-2.8893e-03,-3.0328e-03,-3.1719e-03,-3.3068e-03,-3.4379e-03,-3.5660e-03,-3.6916e-03,-3.8153e-03,-3.9378e-03,-4.0599e-03,-4.1824e-03,-4.3063e-03,-4.4323e-03,-4.5614e-03,-4.6944e-03,-4.8321e-03,-4.9755e-03,-5.1252e-03,-5.2819e-03,-5.4466e-03,-5.6196e-03,-5.8024e-03,-5.9952e-03,-6.1992e-03,-6.4155e-03,-6.6453e-03,-6.8902e-03,-7.1517e-03,-7.4318e-03,-7.7328e-03,-8.0571e-03,-8.4075e-03,-8.7868e-03,-9.1981e-03,-9.6445e-03,-1.0129e-02,-1.0656e-02,-1.1227e-02,-1.1846e-02,-1.2517e-02,-1.3241e-02,-1.4023e-02,-1.4866e-02,-1.5776e-02,-1.6758e-02,-1.7818e-02,-1.8966e-02,-2.0212e-02,-2.1567e-02,-2.3038e-02,-2.4630e-02,-2.6331e-02,-2.8112e-02,-2.9918e-02,-3.1692e-02,-3.3421e-02,-3.5232e-02,-3.7445e-02,-4.0413e-02,-4.4028e-02,-4.7215e-02,-4.8225e-02,-4.5907e-02,-4.0678e-02
4.4414e-03,4.2542e-03,4.0646e-03,3.8724e-03,3.6773e-03,3.4795e-03,3.2789e-03,3.0754e-03,2.8692e-03,2.6606e-03,2.4494e-03,2.2362e-03,2.0210e-03,1.8041e-03,1.5858e-03,1.3665e-03,1.1466e-03,9.2635e-04,7.0620e-04,4.8659e-04,2.6791e-04,5.0373e-05,-1.6522e-04,-3.7862e-04,-5.8947e-04,-7.9716e-04,-1.0016e-03,-1.2023e-03,-1.3987e-03,-1.5908e-03,-1.7781e-03,-1.9605e-03,-2.1378e-03,-2.3098e-03,-2.4764e-03,-2.6377e-03,-2.7938e-03,-2.9447e-03,-3.0907e-03,-3.2322e-03,-3.3696e-03,-3.5032e-03,-3.6336e-03,-3.7615e-03,-3.8876e-03,-4.0126e-03,-4.1374e-03,-4.2628e-03,-4.3898e-03,-4.5190e-03,-4.6514e-03,-4.7879e-03,-4.9293e-03,-5.0764e-03,-5.2299e-03,-5.3907e-03,-5.5594e-03,-5.7368e-03,-5.9237e-03,-6.1208e-03,-6.3293e-03,-6.5502e-03,-6.7848e-03,-7.0347e-03,-7.3015e-03,-7.5873e-03,-7.8942e-03,-8.2250e-03,-8.5823e-03,-8.9691e-03,-9.3883e-03,-9.8432e-03,-1.0337e-02,-1.0873e-02,-1.1454e-02,-1.2083e-02,-1.2763e-02,-1.3498e-02,-1.4291e-02,-1.5145e-02,-1.6065e-02,-1.7057e-02,-1.8128e-02,-1.9286e-02,-2.0541e-02,-2.1905e-02,-2.3383e-02,-2.4979e-02,-2.6680e-02,-2.8454e-02,-3.0245e-02,-3.1995e-02,-3.3698e-02,-3.5486e-02,-3.7686e-02,-4.0644e-02,-4.4227e-02,-4.7331e-02,-4.8209e-02,-4.5746e-02
