-1.6873e-05,2.8224e-04,5.1668e-04,6.8045e-04,7.6825e-04,7.7655e-04,7.0450e-04,5.5493e-04,3.3477e-04,5.4961e-05,-2.6986e-04,-6.2244e-04,-9.8415e-04,-1.3363e-03,-1.6617e-03,-1.9457e-03,-2.1769e-03,-2.3479e-03,-2.4550e-03,-2.4984e-03,-2.4812e-03,-2.4090e-03,-2.2891e-03,-2.1301e-03,-1.9407e-03,-1.7296e-03,-1.5052e-03,-1.2748e-03,-1.0449e-03,-8.2100e-04,-6.0725e-04,-4.0703e-04,-2.2262e-04,-5.5505e-05,9.3597e-05,2.2452e-04,3.3766e-04,4.3379e-04,5.1397e-04,5.7944e-04,6.3163e-04,6.7200e-04,7.0200e-04,7.2304e-04,7.3658e-04,7.4394e-04,7.4626e-04,7.4472e-04,7.4033e-04,7.3394e-04,7.2637e-04,7.1825e-04,7.1016e-04,7.0261e-04,6.9595e-04,6.9049e-04,6.8646e-04,6.8405e-04,6.8331e-04,6.8432e-04,6.8717e-04,6.9170e-04,6.9789e-04,7.0571e-04,7.1499e-04,7.2571e-04,7.3758e-04,7.5053e-04,7.6445e-04,7.7914e-04,7.9449e-04,8.1033e-04,8.2654e-04,8.4293e-04,8.5944e-04,8.7592e-04,8.9229e-04,9.0846e-04,9.2432e-04,9.3985e-04,9.5495e-04,9.6956e-04,9.8374e-04,9.9743e-04,1.0105e-03,1.0232e-03,1.0353e-03,1.0470e-03,1.0582e-03,1.0690e-03,1.0795e-03,1.0897e-03,1.0996e-03,1.1093e-03,1.1189e-03,1.1284e-03,1.1380e-03,1.1476e-03,1.1575e-03,1.1675e-03
-3.1010e-04,3.5327e-05,3.3649e-04,5.8562e-04,7.7493e-04,8.9758e-04,9.4888e-04,9.2725e-04,8.3502e-04,6.7863e-04,4.6860e-04,2.1873e-04,-5.4923e-05,-3.3531e-04,-6.0580e-04,-8.5136e-04,-1.0597e-03,-1.2216e-03,-1.3316e-03,-1.3876e-03,-1.3908e-03,-1.3449e-03,-1.2555e-03,-1.1297e-03,-9.7527e-04,-8.0012e-04,-6.1188e-04,-4.1763e-04,-2.2347e-04,-3.4817e-05,1.4414e-04,3.1012e-04,4.6068e-04,5.9442e-04,7.1045e-04,8.0861e-04,8.8928e-04,9.5321e-04,1.0014e-03,1.0352e-03,1.0559e-03,1.0651e-03,1.0642e-03,1.0548e-03,1.0383e-03,1.0160e-03,9.8922e-04,9.5913e-04,9.2679e-04,8.9316e-04,8.5904e-04,8.2513e-04,7.9202e-04,7.6026e-04,7.3025e-04,7.0237e-04,6.7683e-04,6.5380e-04,6.3342e-04,6.1575e-04,6.0084e-04,5.8865e-04,5.7910e-04,5.7210e-04,5.6753e-04,5.6539e-04,5.6532e-04,5.6728e-04,5.7118e-04,5.7671e-04,5.8378e-04,5.9221e-04,6.0180e-04,6.1250e-04,6.2402e-04,6.3633e-04,6.4929e-04,6.6271e-04,6.7655e-04,6.9070e-04,7.0505e-04,7.1956e-04,7.3422e-04,7.4886e-04,7.6352e-04,7.7816e-04,7.9282e-04,8.0740e-04,8.2199e-04,8.3656e-04,8.5110e-04,8.6573e-04,8.8045e-04,8.9522e-04,9.1014e-04,9.2527e-04,9.4063e-04,9.5632e-04,9.7240e-04,9.8881e-04
-5.6059e-04,-1.6552e-04,2.0626e-04,5.4558e-04,8.4249e-04,1.0872e-03,1.2714e-03,1.3893e-03,1.4385e-03,1.4210e-03,1.3425e-03,1.2132e-03,1.0458e-03,8.5519e-04,6.5681e-04,4.6541e-04,2.9408e-04,1.5327e-04,5.0290e-05,-1.0651e-05,-2.8560e-05,-5.0562e-06,5.6054e-05,1.4935e-04,2.6831e-04,4.0622e-04,5.5616e-04,7.1163e-04,8.6686e-04,1.0167e-03,1.1572e-03,1.2848e-03,1.3975e-03,1.4935e-03,1.5721e-03,1.6331e-03,1.6767e-03,1.7037e-03,1.7152e-03,1.7124e-03,1.6967e-03,1.6697e-03,1.6329e-03,1.5879e-03,1.5362e-03,1.4791e-03,1.4180e-03,1.3541e-03,1.2886e-03,1.2224e-03,1.1565e-03,1.0915e-03,1.0282e-03,9.6703e-04,9.0861e-04,8.5315e-04,8.0103e-04,7.5243e-04,7.0750e-04,6.6633e-04,6.2893e-04,5.9531e-04,5.6542e-04,5.3914e-04,5.1638e-04,4.9697e-04,4.8083e-04,4.6774e-04,4.5755e-04,4.5004e-04,4.4506e-04,4.4240e-04,4.4183e-04,4.4334e-04,4.4658e-04,4.5149e-04,4.5782e-04,4.6556e-04,4.7445e-04,4.8443e-04,4.9538e-04,5.0718e-04,5.1977e-04,5.3304e-04,5.4699e-04,5.6148e-04,5.7653e-04,5.9216e-04,6.0821e-04,6.2471e-04,6.4175e-04,6.5924e-04,6.7718e-04,6.9565e-04,7.1460e-04,7.3413e-04,7.5412e-04,7.7481e-04,7.9602e-04,8.1791e-04
-7.6796e-04,-3.2112e-04,1.2398e-04,5.5709e-04,9.6640e-04,1.3396e-03,1.6650e-03,1.9328e-03,2.1362e-03,2.2721e-03,2.3419e-03,2.3511e-03,2.3088e-03,2.2270e-03,2.1193e-03,1.9998e-03,1.8815e-03,1.7760e-03,1.6922e-03,1.6362e-03,1.6112e-03,1.6179e-03,1.6545e-03,1.7173e-03,1.8017e-03,1.9019e-03,2.0121e-03,2.1267e-03,2.2403e-03,2.3482e-03,2.4465e-03,2.5321e-03,2.6027e-03,2.6569e-03,2.6936e-03,2.7128e-03,2.7147e-03,2.7000e-03,2.6699e-03,2.6256e-03,2.5684e-03,2.5001e-03,2.4222e-03,2.3363e-03,2.2439e-03,2.1466e-03,2.0457e-03,1.9425e-03,1.8383e-03,1.7341e-03,1.6308e-03,1.5293e-03,1.4303e-03,1.3344e-03,1.2420e-03,1.1537e-03,1.0697e-03,9.9029e-04,9.1565e-04,8.4584e-04,7.8094e-04,7.2101e-04,6.6589e-04,6.1559e-04,5.6994e-04,5.2884e-04,4.9213e-04,4.5955e-04,4.3108e-04,4.0639e-04,3.8533e-04,3.6764e-04,3.5323e-04,3.4182e-04,3.3314e-04,3.2719e-04,3.2360e-04,3.2235e-04,3.2319e-04,3.2597e-04,3.3058e-04,3.3688e-04,3.4478e-04,3.5410e-04,3.6483e-04,3.7684e-04,3.9009e-04,4.0450e-04,4.1999e-04,4.3656e-04,4.5421e-04,4.7278e-04,4.9238e-04,5.1289e-04,5.3443e-04,5.5687e-04,5.8031e-04,6.0467e-04,6.2999e-04,6.5634e-04
-9.3365e-04,-4.3404e-04,8.5833e-05,6.1497e-04,1.1401e-03,1.6468e-03,2.1202e-03,2.5469e-03,2.9157e-03,3.2188e-03,3.4526e-03,3.6180e-03,3.7197e-03,3.7665e-03,3.7693e-03,3.7407e-03,3.6935e-03,3.6396e-03,3.5892e-03,3.5502e-03,3.5281e-03,3.5256e-03,3.5432e-03,3.5794e-03,3.6311e-03,3.6944e-03,3.7645e-03,3.8369e-03,3.9068e-03,3.9700e-03,4.0231e-03,4.0632e-03,4.0880e-03,4.0961e-03,4.0868e-03,4.0597e-03,4.0153e-03,3.9542e-03,3.8775e-03,3.7866e-03,3.6829e-03,3.5679e-03,3.4435e-03,3.3113e-03,3.1729e-03,3.0297e-03,2.8835e-03,2.7354e-03,2.5868e-03,2.4389e-03,2.2926e-03,2.1488e-03,2.0084e-03,1.8720e-03,1.7402e-03,1.6134e-03,1.4920e-03,1.3763e-03,1.2666e-03,1.1628e-03,1.0652e-03,9.7376e-04,8.8839e-04,8.0905e-04,7.3567e-04,6.6806e-04,6.0610e-04,5.4960e-04,4.9834e-04,4.5210e-04,4.1071e-04,3.7394e-04,3.4156e-04,3.1333e-04,2.8905e-04,2.6854e-04,2.5149e-04,2.3782e-04,2.2725e-04,2.1965e-04,2.1486e-04,2.1268e-04,2.1302e-04,2.1564e-04,2.2058e-04,2.2752e-04,2.3656e-04,2.4744e-04,2.6018e-04,2.7466e-04,2.9089e-04,3.0872e-04,3.2812e-04,3.4908e-04,3.7152e-04,3.9543e-04,4.2079e-04,4.4758e-04,4.7571e-04,5.0528e-04
-1.0604e-03,-5.0830e-04,8.6525e-05,7.1255e-04,1.3555e-03,1.9989e-03,2.6255e-03,3.2184e-03,3.7623e-03,4.2448e-03,4.6572e-03,4.9955e-03,5.2599e-03,5.4550e-03,5.5887e-03,5.6713e-03,5.7147e-03,5.7305e-03,5.7300e-03,5.7223e-03,5.7151e-03,5.7132e-03,5.7195e-03,5.7345e-03,5.7575e-03,5.7859e-03,5.8169e-03,5.8466e-03,5.8717e-03,5.8884e-03,5.8937e-03,5.8852e-03,5.8607e-03,5.8192e-03,5.7597e-03,5.6822e-03,5.5870e-03,5.4748e-03,5.3468e-03,5.2044e-03,5.0490e-03,4.8823e-03,4.7061e-03,4.5221e-03,4.3320e-03,4.1375e-03,3.9402e-03,3.7415e-03,3.5428e-03,3.3453e-03,3.1501e-03,2.9583e-03,2.7707e-03,2.5880e-03,2.4109e-03,2.2399e-03,2.0755e-03,1.9179e-03,1.7674e-03,1.6243e-03,1.4885e-03,1.3602e-03,1.2394e-03,1.1259e-03,1.0197e-03,9.2062e-04,8.2857e-04,7.4328e-04,6.6464e-04,5.9238e-04,5.2628e-04,4.6607e-04,4.1157e-04,3.6250e-04,3.1863e-04,2.7975e-04,2.4551e-04,2.1584e-04,1.9044e-04,1.6906e-04,1.5163e-04,1.3785e-04,1.2757e-04,1.2061e-04,1.1685e-04,1.1618e-04,1.1839e-04,1.2337e-04,1.3098e-04,1.4116e-04,1.5386e-04,1.6888e-04,1.8622e-04,2.0569e-04,2.2739e-04,2.5110e-04,2.7690e-04,3.0462e-04,3.3423e-04,3.6568e-04
-1.1522e-03,-5.4892e-04,1.1970e-04,8.4205e-04,1.6031e-03,2.3849e-03,3.1681e-03,3.9326e-03,4.6593e-03,5.3314e-03,5.9353e-03,6.4619e-03,6.9065e-03,7.2692e-03,7.5542e-03,7.7690e-03,7.9235e-03,8.0289e-03,8.0965e-03,8.1367e-03,8.1586e-03,8.1694e-03,8.1741e-03,8.1757e-03,8.1754e-03,8.1730e-03,8.1669e-03,8.1552e-03,8.1352e-03,8.1043e-03,8.0602e-03,8.0007e-03,7.9242e-03,7.8297e-03,7.7165e-03,7.5847e-03,7.4346e-03,7.2671e-03,7.0833e-03,6.8845e-03,6.6726e-03,6.4491e-03,6.2159e-03,5.9748e-03,5.7276e-03,5.4762e-03,5.2221e-03,4.9670e-03,4.7123e-03,4.4595e-03,4.2096e-03,3.9639e-03,3.7231e-03,3.4883e-03,3.2601e-03,3.0391e-03,2.8257e-03,2.6205e-03,2.4237e-03,2.2355e-03,2.0560e-03,1.8854e-03,1.7237e-03,1.5707e-03,1.4265e-03,1.2909e-03,1.1638e-03,1.0449e-03,9.3409e-04,8.3115e-04,7.3572e-04,6.4771e-04,5.6674e-04,4.9267e-04,4.2513e-04,3.6385e-04,3.0867e-04,2.5924e-04,2.1536e-04,1.7682e-04,1.4332e-04,1.1469e-04,9.0729e-05,7.1181e-05,5.5939e-05,4.4769e-05,3.7510e-05,3.3999e-05,3.4109e-05,3.7704e-05,4.4581e-05,5.4684e-05,6.7915e-05,8.4116e-05,1.0315e-04,1.2504e-04,1.4956e-04,1.7673e-04,2.0638e-04,2.3849e-04
-1.2136e-03,-5.6155e-04,1.7848e-04,9.9515e-04,1.8730e-03,2.7931e-03,3.7342e-03,4.6736e-03,5.5886e-03,6.4584e-03,7.2646e-03,7.9929e-03,8.6338e-03,9.1822e-03,9.6383e-03,1.0006e-02,1.0293e-02,1.0509e-02,1.0665e-02,1.0771e-02,1.0839e-02,1.0876e-02,1.0892e-02,1.0889e-02,1.0874e-02,1.0846e-02,1.0807e-02,1.0756e-02,1.0692e-02,1.0614e-02,1.0520e-02,1.0408e-02,1.0277e-02,1.0127e-02,9.9573e-03,9.7678e-03,9.5592e-03,9.3323e-03,9.0885e-03,8.8291e-03,8.5560e-03,8.2709e-03,7.9757e-03,7.6723e-03,7.3628e-03,7.0490e-03,6.7327e-03,6.4156e-03,6.0993e-03,5.7852e-03,5.4749e-03,5.1692e-03,4.8695e-03,4.5767e-03,4.2914e-03,4.0145e-03,3.7464e-03,3.4877e-03,3.2388e-03,2.9998e-03,2.7710e-03,2.5525e-03,2.3444e-03,2.1466e-03,1.9591e-03,1.7818e-03,1.6145e-03,1.4571e-03,1.3093e-03,1.1708e-03,1.0415e-03,9.2118e-04,8.0941e-04,7.0594e-04,6.1056e-04,5.2297e-04,4.4281e-04,3.6988e-04,3.0388e-04,2.4454e-04,1.9161e-04,1.4483e-04,1.0398e-04,6.8774e-05,3.9050e-05,1.4553e-05,-4.8717e-06,-1.9504e-05,-2.9434e-05,-3.4869e-05,-3.5989e-05,-3.2939e-05,-2.5971e-05,-1.5070e-05,-4.4331e-07,1.7777e-05,3.9405e-05,6.4446e-05,9.2636e-05,1.2394e-04
-1.2492e-03,-5.5202e-04,2.5583e-04,1.1634e-03,2.1553e-03,3.2117e-03,4.3100e-03,5.4253e-03,6.5318e-03,7.6048e-03,8.6215e-03,9.5627e-03,1.0414e-02,1.1164e-02,1.1810e-02,1.2351e-02,1.2792e-02,1.3140e-02,1.3404e-02,1.3597e-02,1.3729e-02,1.3810e-02,1.3850e-02,1.3856e-02,1.3835e-02,1.3790e-02,1.3724e-02,1.3638e-02,1.3533e-02,1.3409e-02,1.3264e-02,1.3100e-02,1.2914e-02,1.2706e-02,1.2478e-02,1.2228e-02,1.1958e-02,1.1668e-02,1.1360e-02,1.1037e-02,1.0698e-02,1.0347e-02,9.9850e-03,9.6147e-03,9.2378e-03,8.8564e-03,8.4726e-03,8.0880e-03,7.7045e-03,7.3237e-03,6.9470e-03,6.5758e-03,6.2113e-03,5.8545e-03,5.5064e-03,5.1676e-03,4.8391e-03,4.5211e-03,4.2142e-03,3.9188e-03,3.6350e-03,3.3631e-03,3.1031e-03,2.8551e-03,2.6190e-03,2.3947e-03,2.1821e-03,1.9810e-03,1.7912e-03,1.6126e-03,1.4447e-03,1.2874e-03,1.1404e-03,1.0033e-03,8.7590e-04,7.5780e-04,6.4880e-04,5.4854e-04,4.5668e-04,3.7298e-04,2.9710e-04,2.2886e-04,1.6784e-04,1.1392e-04,6.6742e-05,2.6034e-05,-8.3521e-06,-3.6666e-05,-5.9200e-05,-7.6046e-05,-8.7528e-05,-9.3753e-05,-9.4965e-05,-9.1399e-05,-8.3116e-05,-7.0345e-05,-5.3257e-05,-3.2028e-05,-6.7474e-06,2.2358e-05
-1.2638e-03,-5.2595e-04,3.4499e-04,1.3388e-03,2.4402e-03,3.6292e-03,4.8821e-03,6.1719e-03,7.4705e-03,8.7496e-03,9.9823e-03,1.1145e-02,1.2217e-02,1.3184e-02,1.4037e-02,1.4770e-02,1.5385e-02,1.5886e-02,1.6282e-02,1.6582e-02,1.6798e-02,1.6941e-02,1.7023e-02,1.7052e-02,1.7037e-02,1.6984e-02,1.6899e-02,1.6784e-02,1.6642e-02,1.6475e-02,1.6282e-02,1.6065e-02,1.5824e-02,1.5558e-02,1.5269e-02,1.4957e-02,1.4623e-02,1.4268e-02,1.3894e-02,1.3502e-02,1.3094e-02,1.2673e-02,1.2240e-02,1.1799e-02,1.1350e-02,1.0896e-02,1.0440e-02,9.9824e-03,9.5265e-03,9.0734e-03,8.6250e-03,8.1826e-03,7.7476e-03,7.3212e-03,6.9044e-03,6.4981e-03,6.1032e-03,5.7202e-03,5.3497e-03,4.9921e-03,4.6478e-03,4.3169e-03,3.9995e-03,3.6958e-03,3.4058e-03,3.1293e-03,2.8662e-03,2.6166e-03,2.3800e-03,2.1562e-03,1.9451e-03,1.7463e-03,1.5595e-03,1.3844e-03,1.2208e-03,1.0682e-03,9.2629e-04,7.9486e-04,6.7344e-04,5.6180e-04,4.5955e-04,3.6647e-04,2.8215e-04,2.0632e-04,1.3871e-04,7.9023e-05,2.6963e-05,-1.7735e-05,-5.5317e-05,-8.6024e-05,-1.1012e-04,-1.2784e-04,-1.3939e-04,-1.4506e-04,-1.4496e-04,-1.3937e-04,-1.2858e-04,-1.1261e-04,-9.1797e-05,-6.6279e-05
-1.2619e-03,-4.8847e-04,4.3988e-04,1.5139e-03,2.7191e-03,4.0352e-03,5.4378e-03,6.8987e-03,8.3875e-03,9.8728e-03,1.1324e-02,1.2713e-02,1.4015e-02,1.5210e-02,1.6284e-02,1.7226e-02,1.8035e-02,1.8711e-02,1.9259e-02,1.9689e-02,2.0010e-02,2.0236e-02,2.0377e-02,2.0445e-02,2.0451e-02,2.0403e-02,2.0308e-02,2.0172e-02,2.0000e-02,1.9794e-02,1.9556e-02,1.9289e-02,1.8993e-02,1.8670e-02,1.8320e-02,1.7945e-02,1.7545e-02,1.7123e-02,1.6679e-02,1.6216e-02,1.5737e-02,1.5242e-02,1.4735e-02,1.4218e-02,1.3693e-02,1.3163e-02,1.2629e-02,1.2095e-02,1.1561e-02,1.1031e-02,1.0505e-02,9.9864e-03,9.4755e-03,8.9740e-03,8.4830e-03,8.0036e-03,7.5367e-03,7.0831e-03,6.6434e-03,6.2180e-03,5.8075e-03,5.4120e-03,5.0319e-03,4.6671e-03,4.3178e-03,3.9840e-03,3.6655e-03,3.3621e-03,3.0738e-03,2.8002e-03,2.5411e-03,2.2963e-03,2.0653e-03,1.8480e-03,1.6439e-03,1.4527e-03,1.2741e-03,1.1076e-03,9.5300e-04,8.0987e-04,6.7781e-04,5.5655e-04,4.4573e-04,3.4504e-04,2.5403e-04,1.7245e-04,1.0003e-04,3.6443e-05,-1.8682e-05,-6.5573e-05,-1.0452e-04,-1.3588e-04,-1.5977e-04,-1.7660e-04,-1.8655e-04,-1.8992e-04,-1.8695e-04,-1.7783e-04,-1.6291e-04,-1.4237e-04
-1.2472e-03,-4.4401e-04,5.3525e-04,1.6826e-03,2.9842e-03,4.4204e-03,5.9662e-03,7.5925e-03,9.2670e-03,1.0956e-02,1.2625e-02,1.4243e-02,1.5780e-02,1.7211e-02,1.8517e-02,1.9684e-02,2.0704e-02,2.1573e-02,2.2296e-02,2.2877e-02,2.3326e-02,2.3655e-02,2.3877e-02,2.4003e-02,2.4046e-02,2.4017e-02,2.3925e-02,2.3778e-02,2.3583e-02,2.3345e-02,2.3067e-02,2.2753e-02,2.2405e-02,2.2025e-02,2.1615e-02,2.1176e-02,2.0710e-02,2.0219e-02,1.9705e-02,1.9170e-02,1.8616e-02,1.8045e-02,1.7461e-02,1.6865e-02,1.6260e-02,1.5649e-02,1.5034e-02,1.4418e-02,1.3803e-02,1.3190e-02,1.2583e-02,1.1982e-02,1.1390e-02,1.0809e-02,1.0238e-02,9.6801e-03,9.1358e-03,8.6061e-03,8.0916e-03,7.5931e-03,7.1109e-03,6.6456e-03,6.1973e-03,5.7663e-03,5.3525e-03,4.9561e-03,4.5770e-03,4.2151e-03,3.8702e-03,3.5420e-03,3.2304e-03,2.9350e-03,2.6555e-03,2.3916e-03,2.1430e-03,1.9092e-03,1.6899e-03,1.4847e-03,1.2933e-03,1.1152e-03,9.4997e-04,7.9734e-04,6.5690e-04,5.2827e-04,4.1103e-04,3.0491e-04,2.0951e-04,1.2442e-04,4.9412e-05,-1.5946e-05,-7.1969e-05,-1.1891e-04,-1.5713e-04,-1.8698e-04,-2.0874e-04,-2.2268e-04,-2.2911e-04,-2.2839e-04,-2.2065e-04,-2.0636e-04
-1.2230e-03,-3.9614e-04,6.2696e-04,1.8398e-03,3.2296e-03,4.7773e-03,6.4580e-03,8.2418e-03,1.0095e-02,1.1982e-02,1.3866e-02,1.5712e-02,1.7485e-02,1.9158e-02,2.0705e-02,2.2108e-02,2.3353e-02,2.4435e-02,2.5351e-02,2.6105e-02,2.6704e-02,2.7159e-02,2.7483e-02,2.7687e-02,2.7786e-02,2.7793e-02,2.7718e-02,2.7573e-02,2.7365e-02,2.7103e-02,2.6791e-02,2.6436e-02,2.6039e-02,2.5605e-02,2.5136e-02,2.4635e-02,2.4103e-02,2.3543e-02,2.2957e-02,2.2348e-02,2.1718e-02,2.1069e-02,2.0405e-02,1.9728e-02,1.9040e-02,1.8345e-02,1.7646e-02,1.6944e-02,1.6243e-02,1.5544e-02,1.4851e-02,1.4164e-02,1.3486e-02,1.2819e-02,1.2164e-02,1.1522e-02,1.0895e-02,1.0284e-02,9.6899e-03,9.1130e-03,8.5540e-03,8.0135e-03,7.4918e-03,6.9893e-03,6.5059e-03,6.0420e-03,5.5974e-03,5.1720e-03,4.7657e-03,4.3783e-03,4.0096e-03,3.6592e-03,3.3269e-03,3.0123e-03,2.7151e-03,2.4348e-03,2.1710e-03,1.9234e-03,1.6916e-03,1.4750e-03,1.2734e-03,1.0863e-03,9.1317e-04,7.5375e-04,6.0758e-04,4.7420e-04,3.5322e-04,2.4433e-04,1.4707e-04,6.1087e-05,-1.3995e-05,-7.8536e-05,-1.3295e-04,-1.7756e-04,-2.1279e-04,-2.3882e-04,-2.5617e-04,-2.6509e-04,-2.6595e-04,-2.5910e-04
-1.1918e-03,-3.4754e-04,7.1193e-04,1.9818e-03,3.4506e-03,5.1002e-03,6.9059e-03,8.8377e-03,1.0861e-02,1.2938e-02,1.5031e-02,1.7100e-02,1.9109e-02,2.1024e-02,2.2817e-02,2.4464e-02,2.5947e-02,2.7255e-02,2.8383e-02,2.9331e-02,3.0102e-02,3.0706e-02,3.1153e-02,3.1458e-02,3.1633e-02,3.1694e-02,3.1653e-02,3.1524e-02,3.1316e-02,3.1040e-02,3.0703e-02,3.0312e-02,2.9872e-02,2.9388e-02,2.8863e-02,2.8301e-02,2.7705e-02,2.7076e-02,2.6419e-02,2.5735e-02,2.5028e-02,2.4300e-02,2.3555e-02,2.2794e-02,2.2022e-02,2.1241e-02,2.0454e-02,1.9663e-02,1.8873e-02,1.8084e-02,1.7300e-02,1.6523e-02,1.5755e-02,1.4998e-02,1.4254e-02,1.3524e-02,1.2810e-02,1.2112e-02,1.1433e-02,1.0772e-02,1.0131e-02,9.5106e-03,8.9106e-03,8.3315e-03,7.7737e-03,7.2373e-03,6.7223e-03,6.2286e-03,5.7564e-03,5.3051e-03,4.8748e-03,4.4651e-03,4.0758e-03,3.7063e-03,3.3565e-03,3.0258e-03,2.7139e-03,2.4203e-03,2.1447e-03,1.8864e-03,1.6451e-03,1.4204e-03,1.2117e-03,1.0187e-03,8.4085e-04,6.7770e-04,5.2885e-04,3.9378e-04,2.7218e-04,1.6349e-04,6.7335e-05,-1.6646e-05,-8.8956e-05,-1.5001e-04,-2.0017e-04,-2.3979e-04,-2.6934e-04,-2.8918e-04,-2.9979e-04,-3.0144e-04
-1.1555e-03,-3.0004e-04,7.8820e-04,2.1063e-03,3.6442e-03,5.3850e-03,7.3047e-03,9.3732e-03,1.1556e-02,1.3813e-02,1.6106e-02,1.8391e-02,2.0630e-02,2.2786e-02,2.4826e-02,2.6722e-02,2.8452e-02,2.9999e-02,3.1354e-02,3.2513e-02,3.3477e-02,3.4251e-02,3.4846e-02,3.5273e-02,3.5547e-02,3.5683e-02,3.5695e-02,3.5597e-02,3.5404e-02,3.5126e-02,3.4774e-02,3.4356e-02,3.3880e-02,3.3351e-02,3.2775e-02,3.2155e-02,3.1496e-02,3.0801e-02,3.0073e-02,2.9316e-02,2.8532e-02,2.7724e-02,2.6896e-02,2.6051e-02,2.5192e-02,2.4323e-02,2.3446e-02,2.2564e-02,2.1681e-02,2.0800e-02,1.9922e-02,1.9051e-02,1.8189e-02,1.7338e-02,1.6501e-02,1.5678e-02,1.4872e-02,1.4083e-02,1.3314e-02,1.2565e-02,1.1838e-02,1.1132e-02,1.0448e-02,9.7880e-03,9.1509e-03,8.5372e-03,7.9471e-03,7.3806e-03,6.8376e-03,6.3182e-03,5.8219e-03,5.3487e-03,4.8981e-03,4.4698e-03,4.0634e-03,3.6786e-03,3.3149e-03,2.9718e-03,2.6489e-03,2.3457e-03,2.0617e-03,1.7964e-03,1.5494e-03,1.3201e-03,1.1080e-03,9.1269e-04,7.3350e-04,5.7014e-04,4.2205e-04,2.8880e-04,1.6976e-04,6.4559e-05,-2.7271e-05,-1.0619e-04,-1.7270e-04,-2.2721e-04,-2.7023e-04,-3.0218e-04,-3.2349e-04,-3.3461e-04
-1.1153e-03,-2.5470e-04,8.5471e-04,2.2120e-03,3.8088e-03,5.6296e-03,7.6512e-03,9.8441e-03,1.2173e-02,1.4599e-02,1.7080e-02,1.9572e-02,2.2034e-02,2.4425e-02,2.6710e-02,2.8856e-02,3.0836e-02,3.2631e-02,3.4226e-02,3.5613e-02,3.6787e-02,3.7754e-02,3.8518e-02,3.9091e-02,3.9486e-02,3.9719e-02,3.9804e-02,3.9758e-02,3.9595e-02,3.9330e-02,3.8975e-02,3.8541e-02,3.8036e-02,3.7469e-02,3.6847e-02,3.6174e-02,3.5456e-02,3.4697e-02,3.3900e-02,3.3071e-02,3.2210e-02,3.1323e-02,3.0413e-02,2.9484e-02,2.8538e-02,2.7579e-02,2.6610e-02,2.5636e-02,2.4658e-02,2.3681e-02,2.2707e-02,2.1739e-02,2.0779e-02,1.9831e-02,1.8896e-02,1.7977e-02,1.7074e-02,1.6191e-02,1.5328e-02,1.4486e-02,1.3667e-02,1.2871e-02,1.2100e-02,1.1354e-02,1.0632e-02,9.9368e-03,9.2670e-03,8.6232e-03,8.0052e-03,7.4131e-03,6.8466e-03,6.3055e-03,5.7896e-03,5.2985e-03,4.8318e-03,4.3891e-03,3.9701e-03,3.5741e-03,3.2007e-03,2.8493e-03,2.5196e-03,2.2110e-03,1.9228e-03,1.6546e-03,1.4058e-03,1.1760e-03,9.6438e-04,7.7063e-04,5.9418e-04,4.3438e-04,2.9077e-04,1.6282e-04,5.0041e-05,-4.8189e-05,-1.3229e-04,-2.0293e-04,-2.6046e-04,-3.0546e-04,-3.3847e-04,-3.5996e-04
-1.0721e-03,-2.1193e-04,9.1136e-04,2.2989e-03,3.9443e-03,5.8333e-03,7.9442e-03,1.0248e-02,1.2710e-02,1.5291e-02,1.7947e-02,2.0634e-02,2.3307e-02,2.5926e-02,2.8449e-02,3.0843e-02,3.3075e-02,3.5123e-02,3.6966e-02,3.8593e-02,3.9995e-02,4.1172e-02,4.2127e-02,4.2869e-02,4.3409e-02,4.3761e-02,4.3942e-02,4.3967e-02,4.3855e-02,4.3619e-02,4.3275e-02,4.2837e-02,4.2314e-02,4.1718e-02,4.1056e-02,4.0336e-02,3.9564e-02,3.8744e-02,3.7882e-02,3.6981e-02,3.6047e-02,3.5082e-02,3.4090e-02,3.3076e-02,3.2043e-02,3.0994e-02,2.9933e-02,2.8865e-02,2.7791e-02,2.6717e-02,2.5644e-02,2.4576e-02,2.3517e-02,2.2468e-02,2.1433e-02,2.0413e-02,1.9411e-02,1.8428e-02,1.7467e-02,1.6528e-02,1.5613e-02,1.4724e-02,1.3860e-02,1.3023e-02,1.2214e-02,1.1432e-02,1.0678e-02,9.9519e-03,9.2545e-03,8.5854e-03,7.9445e-03,7.3316e-03,6.7464e-03,6.1885e-03,5.6577e-03,5.1537e-03,4.6756e-03,4.2234e-03,3.7963e-03,3.3938e-03,3.0154e-03,2.6605e-03,2.3285e-03,2.0189e-03,1.7311e-03,1.4644e-03,1.2184e-03,9.9228e-04,7.8559e-04,5.9763e-04,4.2786e-04,2.7572e-04,1.4057e-04,2.1854e-05,-8.1114e-05,-1.6881e-04,-2.4183e-04,-3.0079e-04,-3.4624e-04,-3.7874e-04
-1.0263e-03,-1.7167e-04,9.5861e-04,2.3678e-03,4.0514e-03,5.9971e-03,8.1843e-03,1.0585e-02,1.3166e-02,1.5886e-02,1.8702e-02,2.1570e-02,2.4443e-02,2.7277e-02,3.0030e-02,3.2665e-02,3.5147e-02,3.7448e-02,3.9545e-02,4.1420e-02,4.3063e-02,4.4467e-02,4.5633e-02,4.6565e-02,4.7273e-02,4.7769e-02,4.8068e-02,4.8188e-02,4.8145e-02,4.7958e-02,4.7642e-02,4.7214e-02,4.6686e-02,4.6071e-02,4.5378e-02,4.4618e-02,4.3796e-02,4.2921e-02,4.1997e-02,4.1030e-02,4.0023e-02,3.8982e-02,3.7911e-02,3.6813e-02,3.5693e-02,3.4555e-02,3.3402e-02,3.2239e-02,3.1069e-02,2.9895e-02,2.8723e-02,2.7554e-02,2.6392e-02,2.5241e-02,2.4102e-02,2.2979e-02,2.1874e-02,2.0788e-02,1.9725e-02,1.8686e-02,1.7671e-02,1.6684e-02,1.5723e-02,1.4792e-02,1.3889e-02,1.3017e-02,1.2174e-02,1.1363e-02,1.0582e-02,9.8313e-03,9.1118e-03,8.4230e-03,7.7645e-03,7.1362e-03,6.5376e-03,5.9684e-03,5.4281e-03,4.9162e-03,4.4321e-03,3.9754e-03,3.5454e-03,3.1416e-03,2.7633e-03,2.4099e-03,2.0807e-03,1.7751e-03,1.4925e-03,1.2322e-03,9.9353e-04,7.7579e-04,5.7843e-04,4.0068e-04,2.4197e-04,1.0157e-04,-2.1181e-05,-1.2685e-04,-2.1619e-04,-2.8985e-04,-3.4834e-04,-3.9245e-04
-9.7803e-04,-1.3352e-04,9.9743e-04,2.4201e-03,4.1321e-03,6.1227e-03,8.3732e-03,1.0857e-02,1.3540e-02,1.6384e-02,1.9345e-02,2.2377e-02,2.5435e-02,2.8471e-02,3.1443e-02,3.4309e-02,3.7034e-02,3.9586e-02,4.1937e-02,4.4067e-02,4.5960e-02,4.7605e-02,4.8998e-02,5.0140e-02,5.1038e-02,5.1700e-02,5.2142e-02,5.2380e-02,5.2430e-02,5.2311e-02,5.2043e-02,5.1641e-02,5.1122e-02,5.0500e-02,4.9787e-02,4.8995e-02,4.8132e-02,4.7207e-02,4.6227e-02,4.5196e-02,4.4121e-02,4.3007e-02,4.1858e-02,4.0679e-02,3.9474e-02,3.8247e-02,3.7003e-02,3.5746e-02,3.4479e-02,3.3207e-02,3.1933e-02,3.0662e-02,2.9396e-02,2.8140e-02,2.6896e-02,2.5667e-02,2.4456e-02,2.3265e-02,2.2097e-02,2.0953e-02,1.9836e-02,1.8746e-02,1.7685e-02,1.6655e-02,1.5656e-02,1.4688e-02,1.3753e-02,1.2851e-02,1.1983e-02,1.1147e-02,1.0345e-02,9.5762e-03,8.8407e-03,8.1380e-03,7.4679e-03,6.8300e-03,6.2240e-03,5.6492e-03,5.1051e-03,4.5911e-03,4.1067e-03,3.6513e-03,3.2240e-03,2.8244e-03,2.4517e-03,2.1051e-03,1.7840e-03,1.4876e-03,1.2154e-03,9.6636e-04,7.3997e-04,5.3543e-04,3.5200e-04,1.8887e-04,4.5503e-05,-7.9056e-05,-1.8535e-04,-2.7421e-04,-3.4638e-04,-4.0249e-04
-9.2743e-04,-9.6871e-05,1.0290e-03,2.4577e-03,4.1886e-03,6.2130e-03,8.5139e-03,1.1066e-02,1.3837e-02,1.6788e-02,1.9877e-02,2.3057e-02,2.6282e-02,2.9505e-02,3.2681e-02,3.5767e-02,3.8725e-02,4.1521e-02,4.4124e-02,4.6509e-02,4.8657e-02,5.0552e-02,5.2186e-02,5.3556e-02,5.4664e-02,5.5516e-02,5.6124e-02,5.6503e-02,5.6670e-02,5.6643e-02,5.6442e-02,5.6086e-02,5.5592e-02,5.4978e-02,5.4257e-02,5.3444e-02,5.2549e-02,5.1581e-02,5.0550e-02,4.9462e-02,4.8323e-02,4.7139e-02,4.5916e-02,4.4658e-02,4.3371e-02,4.2057e-02,4.0723e-02,3.9372e-02,3.8009e-02,3.6639e-02,3.5264e-02,3.3890e-02,3.2520e-02,3.1158e-02,2.9807e-02,2.8470e-02,2.7151e-02,2.5852e-02,2.4576e-02,2.3325e-02,2.2101e-02,2.0906e-02,1.9742e-02,1.8609e-02,1.7509e-02,1.6443e-02,1.5411e-02,1.4415e-02,1.3454e-02,1.2530e-02,1.1641e-02,1.0789e-02,9.9720e-03,9.1913e-03,8.4460e-03,7.7361e-03,7.0607e-03,6.4198e-03,5.8125e-03,5.2383e-03,4.6966e-03,4.1868e-03,3.7082e-03,3.2599e-03,2.8413e-03,2.4516e-03,2.0902e-03,1.7561e-03,1.4486e-03,1.1669e-03,9.1014e-04,6.7757e-04,4.6841e-04,2.8176e-04,1.1681e-04,-2.7203e-05,-1.5113e-04,-2.5574e-04,-3.4192e-04,-4.1039e-04
-8.7455e-04,-6.1100e-05,1.0548e-03,2.4826e-03,4.2237e-03,6.2713e-03,8.6102e-03,1.1217e-02,1.4060e-02,1.7102e-02,2.0301e-02,2.3612e-02,2.6987e-02,3.0379e-02,3.3742e-02,3.7034e-02,4.0213e-02,4.3243e-02,4.6090e-02,4.8728e-02,5.1132e-02,5.3283e-02,5.5168e-02,5.6780e-02,5.8115e-02,5.9178e-02,5.9975e-02,6.0520e-02,6.0827e-02,6.0916e-02,6.0805e-02,6.0515e-02,6.0066e-02,5.9476e-02,5.8762e-02,5.7940e-02,5.7022e-02,5.6021e-02,5.4947e-02,5.3807e-02,5.2610e-02,5.1362e-02,5.0068e-02,4.8735e-02,4.7368e-02,4.5970e-02,4.4548e-02,4.3106e-02,4.1649e-02,4.0180e-02,3.8706e-02,3.7229e-02,3.5754e-02,3.4285e-02,3.2826e-02,3.1381e-02,2.9952e-02,2.8543e-02,2.7157e-02,2.5796e-02,2.4463e-02,2.3160e-02,2.1888e-02,2.0649e-02,1.9445e-02,1.8277e-02,1.7145e-02,1.6051e-02,1.4994e-02,1.3977e-02,1.2998e-02,1.2057e-02,1.1156e-02,1.0294e-02,9.4697e-03,8.6840e-03,7.9361e-03,7.2256e-03,6.5519e-03,5.9145e-03,5.3128e-03,4.7459e-03,4.2132e-03,3.7140e-03,3.2474e-03,2.8127e-03,2.4089e-03,2.0353e-03,1.6911e-03,1.3752e-03,1.0869e-03,8.2518e-04,5.8924e-04,3.7811e-04,1.9098e-04,2.6852e-05,-1.1517e-04,-2.3594e-04,-3.3638e-04,-4.1738e-04
-8.1935e-04,-2.5555e-05,1.0761e-03,2.4969e-03,4.2402e-03,6.3012e-03,8.6664e-03,1.1314e-02,1.4214e-02,1.7331e-02,2.0623e-02,2.4046e-02,2.7553e-02,3.1096e-02,3.4629e-02,3.8109e-02,4.1494e-02,4.4744e-02,4.7827e-02,5.0710e-02,5.3366e-02,5.5775e-02,5.7917e-02,5.9780e-02,6.1358e-02,6.2648e-02,6.3656e-02,6.4390e-02,6.4862e-02,6.5091e-02,6.5095e-02,6.4894e-02,6.4511e-02,6.3964e-02,6.3273e-02,6.2457e-02,6.1530e-02,6.0506e-02,5.9397e-02,5.8214e-02,5.6965e-02,5.5657e-02,5.4299e-02,5.2894e-02,5.1451e-02,4.9973e-02,4.8466e-02,4.6935e-02,4.5385e-02,4.3821e-02,4.2248e-02,4.0669e-02,3.9090e-02,3.7515e-02,3.5948e-02,3.4393e-02,3.2853e-02,3.1333e-02,2.9835e-02,2.8363e-02,2.6918e-02,2.5503e-02,2.4121e-02,2.2774e-02,2.1462e-02,2.0188e-02,1.8952e-02,1.7756e-02,1.6601e-02,1.5486e-02,1.4413e-02,1.3381e-02,1.2392e-02,1.1444e-02,1.0537e-02,9.6723e-03,8.8484e-03,8.0651e-03,7.3219e-03,6.6183e-03,5.9534e-03,5.3268e-03,4.7376e-03,4.1850e-03,3.6681e-03,3.1862e-03,2.7383e-03,2.3236e-03,1.9409e-03,1.5895e-03,1.2683e-03,9.7648e-04,7.1283e-04,4.7648e-04,2.6644e-04,8.1640e-05,-7.8881e-05,-2.1608e-04,-3.3106e-04,-4.2480e-04
-7.6200e-04,1.0265e-05,1.0942e-03,2.5027e-03,4.2410e-03,6.3063e-03,8.6868e-03,1.1363e-02,1.4306e-02,1.7481e-02,2.0849e-02,2.4366e-02,2.7985e-02,3.1661e-02,3.5345e-02,3.8995e-02,4.2568e-02,4.6024e-02,4.9328e-02,5.2446e-02,5.5349e-02,5.8011e-02,6.0411e-02,6.2532e-02,6.4362e-02,6.5896e-02,6.7132e-02,6.8076e-02,6.8738e-02,6.9132e-02,6.9275e-02,6.9188e-02,6.8893e-02,6.8410e-02,6.7762e-02,6.6968e-02,6.6046e-02,6.5012e-02,6.3879e-02,6.2662e-02,6.1368e-02,6.0008e-02,5.8590e-02,5.7121e-02,5.5606e-02,5.4051e-02,5.2463e-02,5.0847e-02,4.9207e-02,4.7550e-02,4.5879e-02,4.4201e-02,4.2519e-02,4.0838e-02,3.9163e-02,3.7499e-02,3.5848e-02,3.4216e-02,3.2605e-02,3.1019e-02,2.9461e-02,2.7933e-02,2.6439e-02,2.4979e-02,2.3557e-02,2.2174e-02,2.0832e-02,1.9530e-02,1.8272e-02,1.7057e-02,1.5886e-02,1.4759e-02,1.3677e-02,1.2640e-02,1.1648e-02,1.0700e-02,9.7966e-03,8.9372e-03,8.1213e-03,7.3482e-03,6.6175e-03,5.9283e-03,5.2799e-03,4.6715e-03,4.1021e-03,3.5709e-03,3.0769e-03,2.6192e-03,2.1966e-03,1.8082e-03,1.4530e-03,1.1298e-03,8.3764e-04,5.7528e-04,3.4171e-04,1.3579e-04,-4.3603e-05,-1.9753e-04,-3.2719e-04,-4.3359e-04
-7.0265e-04,4.6734e-05,1.1100e-03,2.5017e-03,4.2289e-03,6.2902e-03,8.6760e-03,1.1368e-02,1.4340e-02,1.7559e-02,2.0986e-02,2.4579e-02,2.8293e-02,3.2081e-02,3.5897e-02,3.9698e-02,4.3440e-02,4.7085e-02,5.0594e-02,5.3934e-02,5.7072e-02,5.9980e-02,6.2635e-02,6.5015e-02,6.7104e-02,6.8891e-02,7.0371e-02,7.1545e-02,7.2418e-02,7.3000e-02,7.3308e-02,7.3360e-02,7.3178e-02,7.2783e-02,7.2199e-02,7.1446e-02,7.0545e-02,6.9515e-02,6.8372e-02,6.7131e-02,6.5802e-02,6.4398e-02,6.2928e-02,6.1398e-02,5.9817e-02,5.8192e-02,5.6527e-02,5.4829e-02,5.3103e-02,5.1355e-02,4.9591e-02,4.7815e-02,4.6032e-02,4.4247e-02,4.2466e-02,4.0692e-02,3.8931e-02,3.7186e-02,3.5462e-02,3.3762e-02,3.2089e-02,3.0446e-02,2.8837e-02,2.7264e-02,2.5729e-02,2.4234e-02,2.2781e-02,2.1372e-02,2.0007e-02,1.8688e-02,1.7415e-02,1.6190e-02,1.5012e-02,1.3883e-02,1.2801e-02,1.1767e-02,1.0780e-02,9.8414e-03,8.9495e-03,8.1040e-03,7.3043e-03,6.5497e-03,5.8394e-03,5.1726e-03,4.5484e-03,3.9658e-03,3.4237e-03,2.9212e-03,2.4572e-03,2.0304e-03,1.6399e-03,1.2843e-03,9.6261e-04,6.7346e-04,4.1577e-04,1.8822e-04,-1.0356e-05,-1.8120e-04,-3.2558e-04,-4.4474e-04
-6.4162e-04,8.4067e-05,1.1245e-03,2.4956e-03,4.2061e-03,6.2563e-03,8.6382e-03,1.1335e-02,1.4324e-02,1.7572e-02,2.1042e-02,2.4694e-02,2.8483e-02,3.2365e-02,3.6293e-02,4.0225e-02,4.4117e-02,4.7931e-02,5.1628e-02,5.5172e-02,5.8532e-02,6.1676e-02,6.4578e-02,6.7214e-02,6.9563e-02,7.1610e-02,7.3345e-02,7.4763e-02,7.5866e-02,7.6660e-02,7.7157e-02,7.7374e-02,7.7330e-02,7.7048e-02,7.6550e-02,7.5861e-02,7.5001e-02,7.3992e-02,7.2853e-02,7.1600e-02,7.0248e-02,6.8809e-02,6.7294e-02,6.5712e-02,6.4072e-02,6.2380e-02,6.0643e-02,5.8869e-02,5.7061e-02,5.5227e-02,5.3372e-02,5.1501e-02,4.9620e-02,4.7734e-02,4.5848e-02,4.3967e-02,4.2096e-02,4.0239e-02,3.8401e-02,3.6586e-02,3.4797e-02,3.3039e-02,3.1314e-02,2.9625e-02,2.7975e-02,2.6366e-02,2.4800e-02,2.3279e-02,2.1805e-02,2.0379e-02,1.9002e-02,1.7674e-02,1.6397e-02,1.5171e-02,1.3996e-02,1.2872e-02,1.1799e-02,1.0778e-02,9.8065e-03,8.8853e-03,8.0136e-03,7.1907e-03,6.4158e-03,5.6882e-03,5.0066e-03,4.3704e-03,3.7782e-03,3.2291e-03,2.7218e-03,2.2553e-03,1.8281e-03,1.4390e-03,1.0869e-03,7.7016e-04,4.8776e-04,2.3808e-04,2.0018e-05,-1.6800e-04,-3.2719e-04,-4.5898e-04
-5.7933e-04,1.2226e-04,1.1382e-03,2.4857e-03,4.1748e-03,6.2074e-03,8.5774e-03,1.1270e-02,1.4263e-02,1.7526e-02,2.1025e-02,2.4719e-02,2.8566e-02,3.2522e-02,3.6543e-02,4.0586e-02,4.4608e-02,4.8571e-02,5.2436e-02,5.6167e-02,5.9732e-02,6.3098e-02,6.6236e-02,6.9119e-02,7.1725e-02,7.4033e-02,7.6030e-02,7.7704e-02,7.9053e-02,8.0078e-02,8.0787e-02,8.1193e-02,8.1314e-02,8.1170e-02,8.0785e-02,8.0181e-02,7.9384e-02,7.8416e-02,7.7298e-02,7.6048e-02,7.4685e-02,7.3222e-02,7.1672e-02,7.0046e-02,6.8353e-02,6.6602e-02,6.4800e-02,6.2954e-02,6.1070e-02,5.9154e-02,5.7212e-02,5.5250e-02,5.3274e-02,5.1289e-02,4.9301e-02,4.7315e-02,4.5336e-02,4.3368e-02,4.1417e-02,3.9488e-02,3.7584e-02,3.5708e-02,3.3866e-02,3.2060e-02,3.0293e-02,2.8568e-02,2.6887e-02,2.5252e-02,2.3666e-02,2.2130e-02,2.0644e-02,1.9212e-02,1.7832e-02,1.6506e-02,1.5234e-02,1.4017e-02,1.2855e-02,1.1747e-02,1.0693e-02,9.6927e-03,8.7460e-03,7.8518e-03,7.0095e-03,6.2182e-03,5.4769e-03,4.7847e-03,4.1403e-03,3.5427e-03,2.9904e-03,2.4824e-03,2.0173e-03,1.5936e-03,1.2099e-03,8.6487e-04,5.5703e-04,2.8493e-04,4.6898e-05,-1.5832e-04,-3.3240e-04,-4.7676e-04
-5.1622e-04,1.6119e-04,1.1515e-03,2.4729e-03,4.1366e-03,6.1463e-03,8.4970e-03,1.1176e-02,1.4163e-02,1.7429e-02,2.0942e-02,2.4663e-02,2.8551e-02,3.2563e-02,3.6658e-02,4.0791e-02,4.4923e-02,4.9014e-02,5.3027e-02,5.6926e-02,6.0677e-02,6.4247e-02,6.7607e-02,7.0727e-02,7.3582e-02,7.6148e-02,7.8407e-02,8.0344e-02,8.1950e-02,8.3222e-02,8.4163e-02,8.4782e-02,8.5093e-02,8.5114e-02,8.4867e-02,8.4376e-02,8.3665e-02,8.2759e-02,8.1681e-02,8.0452e-02,7.9092e-02,7.7618e-02,7.6045e-02,7.4384e-02,7.2647e-02,7.0845e-02,6.8983e-02,6.7072e-02,6.5117e-02,6.3124e-02,6.1101e-02,5.9053e-02,5.6986e-02,5.4906e-02,5.2819e-02,5.0729e-02,4.8644e-02,4.6568e-02,4.4506e-02,4.2463e-02,4.0443e-02,3.8451e-02,3.6492e-02,3.4567e-02,3.2682e-02,3.0839e-02,2.9041e-02,2.7290e-02,2.5589e-02,2.3940e-02,2.2344e-02,2.0803e-02,1.9317e-02,1.7888e-02,1.6516e-02,1.5203e-02,1.3947e-02,1.2749e-02,1.1609e-02,1.0527e-02,9.5020e-03,8.5335e-03,7.6209e-03,6.7632e-03,5.9597e-03,5.2090e-03,4.5102e-03,3.8620e-03,3.2630e-03,2.7120e-03,2.2074e-03,1.7478e-03,1.3317e-03,9.5748e-04,6.2355e-04,3.2829e-04,7.0182e-05,-1.5257e-04,-3.4155e-04,-4.9832e-04
-4.5285e-04,2.0062e-04,1.1645e-03,2.4579e-03,4.0931e-03,6.0750e-03,8.4003e-03,1.1058e-02,1.4029e-02,1.7287e-02,2.0800e-02,2.4534e-02,2.8447e-02,3.2498e-02,3.6647e-02,4.0853e-02,4.5074e-02,4.9273e-02,5.3413e-02,5.7459e-02,6.1376e-02,6.5132e-02,6.8696e-02,7.2038e-02,7.5130e-02,7.7946e-02,8.0464e-02,8.2665e-02,8.4535e-02,8.6066e-02,8.7256e-02,8.8108e-02,8.8633e-02,8.8844e-02,8.8762e-02,8.8410e-02,8.7811e-02,8.6991e-02,8.5975e-02,8.4787e-02,8.3448e-02,8.1977e-02,8.0393e-02,7.8709e-02,7.6938e-02,7.5092e-02,7.3180e-02,7.1210e-02,6.9190e-02,6.7127e-02,6.5027e-02,6.2898e-02,6.0745e-02,5.8574e-02,5.6391e-02,5.4203e-02,5.2015e-02,4.9832e-02,4.7661e-02,4.5506e-02,4.3372e-02,4.1264e-02,3.9187e-02,3.7144e-02,3.5140e-02,3.3178e-02,3.1261e-02,2.9393e-02,2.7575e-02,2.5810e-02,2.4101e-02,2.2448e-02,2.0853e-02,1.9318e-02,1.7843e-02,1.6429e-02,1.5077e-02,1.3786e-02,1.2557e-02,1.1389e-02,1.0283e-02,9.2369e-03,8.2510e-03,7.3242e-03,6.4556e-03,5.6441e-03,4.8886e-03,4.1877e-03,3.5401e-03,2.9443e-03,2.3988e-03,1.9020e-03,1.4523e-03,1.0479e-03,6.8726e-04,3.6839e-04,8.9668e-05,-1.5076e-04,-3.5472e-04,-5.2393e-04
-3.8984e-04,2.4013e-04,1.1771e-03,2.4411e-03,4.0452e-03,5.9954e-03,8.2899e-03,1.0919e-02,1.3865e-02,1.7105e-02,2.0608e-02,2.4340e-02,2.8263e-02,3.2337e-02,3.6524e-02,4.0782e-02,4.5073e-02,4.9360e-02,5.3606e-02,5.7777e-02,6.1840e-02,6.5762e-02,6.9511e-02,7.3058e-02,7.6372e-02,7.9426e-02,8.2195e-02,8.4656e-02,8.6792e-02,8.8589e-02,9.0039e-02,9.1142e-02,9.1901e-02,9.2327e-02,9.2436e-02,9.2249e-02,9.1789e-02,9.1081e-02,9.0152e-02,8.9026e-02,8.7727e-02,8.6278e-02,8.4697e-02,8.3003e-02,8.1210e-02,7.9330e-02,7.7375e-02,7.5355e-02,7.3277e-02,7.1149e-02,6.8980e-02,6.6775e-02,6.4541e-02,6.2284e-02,6.0011e-02,5.7727e-02,5.5440e-02,5.3154e-02,5.0876e-02,4.8611e-02,4.6365e-02,4.4143e-02,4.1949e-02,3.9788e-02,3.7665e-02,3.5583e-02,3.3547e-02,3.1559e-02,2.9622e-02,2.7740e-02,2.5915e-02,2.4148e-02,2.2441e-02,2.0797e-02,1.9216e-02,1.7698e-02,1.6246e-02,1.4859e-02,1.3537e-02,1.2281e-02,1.1090e-02,9.9632e-03,8.9010e-03,7.9022e-03,6.9659e-03,6.0910e-03,5.2763e-03,4.5206e-03,3.8223e-03,3.1800e-03,2.5920e-03,2.0567e-03,1.5721e-03,1.1367e-03,7.4845e-04,4.0538e-04,1.0566e-04,-1.5269e-04,-3.7170e-04,-5.5335e-04
-3.2774e-04,2.7931e-04,1.1893e-03,2.4228e-03,3.9936e-03,5.9089e-03,8.1679e-03,1.0762e-02,1.3677e-02,1.6889e-02,2.0370e-02,2.4088e-02,2.8008e-02,3.2090e-02,3.6298e-02,4.0591e-02,4.4933e-02,4.9288e-02,5.3620e-02,5.7896e-02,6.2083e-02,6.6150e-02,7.0064e-02,7.3795e-02,7.7313e-02,8.0590e-02,8.3598e-02,8.6312e-02,8.8710e-02,9.0774e-02,9.2492e-02,9.3856e-02,9.4867e-02,9.5529e-02,9.5854e-02,9.5859e-02,9.5565e-02,9.4996e-02,9.4179e-02,9.3140e-02,9.1904e-02,9.0495e-02,8.8937e-02,8.7247e-02,8.5444e-02,8.3542e-02,8.1555e-02,7.9493e-02,7.7365e-02,7.5181e-02,7.2948e-02,7.0673e-02,6.8364e-02,6.6027e-02,6.3668e-02,6.1294e-02,5.8912e-02,5.6527e-02,5.4146e-02,5.1774e-02,4.9418e-02,4.7082e-02,4.4773e-02,4.2495e-02,4.0253e-02,3.8052e-02,3.5895e-02,3.3787e-02,3.1731e-02,2.9729e-02,2.7786e-02,2.5903e-02,2.4082e-02,2.2325e-02,2.0635e-02,1.9011e-02,1.7456e-02,1.5969e-02,1.4551e-02,1.3203e-02,1.1924e-02,1.0714e-02,9.5724e-03,8.4986e-03,7.4918e-03,6.5509e-03,5.6746e-03,4.8617e-03,4.1107e-03,3.4200e-03,2.7878e-03,2.2124e-03,1.6919e-03,1.2243e-03,8.0758e-04,4.3974e-04,1.1857e-04,-1.5804e-04,-3.9225e-04,-5.8621e-04
-2.6717e-04,3.1762e-04,1.2007e-03,2.4029e-03,3.9389e-03,5.8165e-03,8.0362e-03,1.0591e-02,1.3467e-02,1.6643e-02,2.0093e-02,2.3787e-02,2.7690e-02,3.1767e-02,3.5979e-02,4.0292e-02,4.4667e-02,4.9071e-02,5.3469e-02,5.7830e-02,6.2120e-02,6.6309e-02,7.0367e-02,7.4262e-02,7.7965e-02,8.1446e-02,8.4677e-02,8.7631e-02,9.0282e-02,9.2610e-02,9.4597e-02,9.6231e-02,9.7506e-02,9.8421e-02,9.8984e-02,9.9206e-02,9.9105e-02,9.8704e-02,9.8026e-02,9.7100e-02,9.5951e-02,9.4605e-02,9.3088e-02,9.1420e-02,8.9623e-02,8.7712e-02,8.5703e-02,8.3609e-02,8.1441e-02,7.9208e-02,7.6919e-02,7.4582e-02,7.2204e-02,6.9792e-02,6.7354e-02,6.4895e-02,6.2422e-02,5.9943e-02,5.7462e-02,5.4987e-02,5.2524e-02,5.0078e-02,4.7656e-02,4.5263e-02,4.2903e-02,4.0583e-02,3.8306e-02,3.6077e-02,3.3900e-02,3.1778e-02,2.9715e-02,2.7713e-02,2.5776e-02,2.3905e-02,2.2102e-02,2.0369e-02,1.8707e-02,1.7118e-02,1.5601e-02,1.4158e-02,1.2787e-02,1.1491e-02,1.0267e-02,9.1149e-03,8.0348e-03,7.0251e-03,6.0847e-03,5.2124e-03,4.4064e-03,3.6653e-03,2.9872e-03,2.3702e-03,1.8123e-03,1.3115e-03,8.6545e-04,4.7195e-04,1.2886e-04,-1.6633e-04,-4.1585e-04,-6.2217e-04
-2.0867e-04,3.5461e-04,1.2109e-03,2.3815e-03,3.8814e-03,5.7191e-03,7.8961e-03,1.0407e-02,1.3238e-02,1.6372e-02,1.9783e-02,2.3442e-02,2.7318e-02,3.1375e-02,3.5579e-02,3.9895e-02,4.4287e-02,4.8722e-02,5.3168e-02,5.7592e-02,6.1965e-02,6.6256e-02,7.0436e-02,7.4473e-02,7.8340e-02,8.2006e-02,8.5442e-02,8.8619e-02,9.1512e-02,9.4095e-02,9.6347e-02,9.8252e-02,9.9799e-02,1.0098e-01,1.0180e-01,1.0226e-01,1.0238e-01,1.0217e-01,1.0166e-01,1.0087e-01,9.9837e-02,9.8579e-02,9.7125e-02,9.5500e-02,9.3725e-02,9.1821e-02,8.9804e-02,8.7690e-02,8.5491e-02,8.3218e-02,8.0881e-02,7.8489e-02,7.6050e-02,7.3570e-02,7.1058e-02,6.8520e-02,6.5963e-02,6.3393e-02,6.0818e-02,5.8244e-02,5.5678e-02,5.3125e-02,5.0592e-02,4.8086e-02,4.5610e-02,4.3172e-02,4.0775e-02,3.8425e-02,3.6127e-02,3.3884e-02,3.1700e-02,2.9579e-02,2.7523e-02,2.5535e-02,2.3617e-02,2.1773e-02,2.0002e-02,1.8307e-02,1.6688e-02,1.5146e-02,1.3682e-02,1.2295e-02,1.0985e-02,9.7527e-03,8.5962e-03,7.5150e-03,6.5080e-03,5.5738e-03,4.7107e-03,3.9172e-03,3.1913e-03,2.5311e-03,1.9345e-03,1.3991e-03,9.2279e-04,5.0299e-04,1.3727e-04,-1.7685e-04,-4.4196e-04,-6.6057e-04
-1.5282e-04,3.8969e-04,1.2196e-03,2.3582e-03,3.8211e-03,5.6172e-03,7.7489e-03,1.0212e-02,1.2994e-02,1.6079e-02,1.9443e-02,2.3059e-02,2.6897e-02,3.0924e-02,3.5106e-02,3.9411e-02,4.3804e-02,4.8254e-02,5.2729e-02,5.7199e-02,6.1635e-02,6.6007e-02,7.0287e-02,7.4446e-02,7.8454e-02,8.2283e-02,8.5904e-02,8.9286e-02,9.2404e-02,9.5229e-02,9.7738e-02,9.9911e-02,1.0173e-01,1.0318e-01,1.0427e-01,1.0499e-01,1.0535e-01,1.0536e-01,1.0504e-01,1.0443e-01,1.0353e-01,1.0239e-01,1.0102e-01,9.9462e-02,9.7730e-02,9.5849e-02,9.3839e-02,9.1718e-02,8.9500e-02,8.7197e-02,8.4822e-02,8.2383e-02,7.9890e-02,7.7349e-02,7.4770e-02,7.2159e-02,6.9524e-02,6.6870e-02,6.4206e-02,6.1538e-02,5.8872e-02,5.6217e-02,5.3577e-02,5.0959e-02,4.8370e-02,4.5815e-02,4.3300e-02,4.0831e-02,3.8411e-02,3.6047e-02,3.3741e-02,3.1499e-02,2.9323e-02,2.7216e-02,2.5182e-02,2.3223e-02,2.1340e-02,1.9537e-02,1.7813e-02,1.6169e-02,1.4608e-02,1.3128e-02,1.1730e-02,1.0413e-02,9.1778e-03,8.0223e-03,6.9460e-03,5.9473e-03,5.0248e-03,4.1768e-03,3.4012e-03,2.6962e-03,2.0593e-03,1.4882e-03,9.8053e-04,5.3354e-04,1.4468e-04,-1.8884e-04,-4.6976e-04,-7.0087e-04
-1.0006e-04,4.2247e-04,1.2263e-03,2.3329e-03,3.7580e-03,5.5112e-03,7.5954e-03,1.0007e-02,1.2736e-02,1.5767e-02,1.9077e-02,2.2642e-02,2.6433e-02,3.0420e-02,3.4569e-02,3.8850e-02,4.3230e-02,4.7679e-02,5.2167e-02,5.6665e-02,6.1145e-02,6.5578e-02,6.9938e-02,7.4196e-02,7.8325e-02,8.2295e-02,8.6079e-02,8.9646e-02,9.2969e-02,9.6021e-02,9.8774e-02,1.0120e-01,1.0329e-01,1.0502e-01,1.0638e-01,1.0737e-01,1.0799e-01,1.0824e-01,1.0815e-01,1.0773e-01,1.0700e-01,1.0600e-01,1.0475e-01,1.0328e-01,1.0161e-01,9.9775e-02,9.7790e-02,9.5676e-02,9.3452e-02,9.1132e-02,8.8728e-02,8.6251e-02,8.3712e-02,8.1119e-02,7.8480e-02,7.5803e-02,7.3095e-02,7.0364e-02,6.7616e-02,6.4859e-02,6.2100e-02,5.9346e-02,5.6603e-02,5.3878e-02,5.1178e-02,4.8510e-02,4.5878e-02,4.3290e-02,4.0750e-02,3.8264e-02,3.5837e-02,3.3472e-02,3.1175e-02,2.8948e-02,2.6796e-02,2.4720e-02,2.2723e-02,2.0808e-02,1.8977e-02,1.7229e-02,1.5567e-02,1.3991e-02,1.2502e-02,1.1098e-02,9.7807e-03,8.5483e-03,7.3999e-03,6.3344e-03,5.3501e-03,4.4454e-03,3.6183e-03,2.8666e-03,2.1879e-03,1.5798e-03,1.0396e-03,5.6460e-04,1.5186e-04,-2.0152e-04,-4.9855e-04,-7.4227e-04
-5.0778e-05,4.5247e-04,1.2307e-03,2.3053e-03,3.6922e-03,5.4013e-03,7.4362e-03,9.7943e-03,1.2467e-02,1.5438e-02,1.8690e-02,2.2197e-02,2.5934e-02,2.9870e-02,3.3976e-02,3.8221e-02,4.2575e-02,4.7009e-02,5.1494e-02,5.6003e-02,6.0509e-02,6.4986e-02,6.9406e-02,7.3743e-02,7.7970e-02,8.2060e-02,8.5984e-02,8.9715e-02,9.3223e-02,9.6481e-02,9.9461e-02,1.0214e-01,1.0449e-01,1.0649e-01,1.0813e-01,1.0939e-01,1.1028e-01,1.1079e-01,1.1095e-01,1.1075e-01,1.1022e-01,1.0939e-01,1.0828e-01,1.0692e-01,1.0535e-01,1.0358e-01,1.0163e-01,9.9546e-02,9.7331e-02,9.5006e-02,9.2585e-02,9.0081e-02,8.7505e-02,8.4868e-02,8.2177e-02,7.9441e-02,7.6668e-02,7.3866e-02,7.1041e-02,6.8201e-02,6.5353e-02,6.2505e-02,5.9663e-02,5.6836e-02,5.4029e-02,5.1249e-02,4.8504e-02,4.5799e-02,4.3140e-02,4.0534e-02,3.7985e-02,3.5499e-02,3.3079e-02,3.0731e-02,2.8458e-02,2.6264e-02,2.4152e-02,2.2123e-02,2.0181e-02,1.8326e-02,1.6561e-02,1.4886e-02,1.3302e-02,1.1809e-02,1.0407e-02,9.0942e-03,7.8712e-03,6.7362e-03,5.6878e-03,4.7243e-03,3.8435e-03,3.0434e-03,2.3214e-03,1.6750e-03,1.1011e-03,5.9703e-04,1.5968e-04,-2.1408e-04,-5.2754e-04,-7.8396e-04
-5.3551e-06,4.7930e-04,1.2324e-03,2.2751e-03,3.6234e-03,5.2876e-03,7.2719e-03,9.5742e-03,1.2187e-02,1.5096e-02,1.8284e-02,2.1727e-02,2.5402e-02,2.9280e-02,3.3333e-02,3.7532e-02,4.1848e-02,4.6254e-02,5.0723e-02,5.5228e-02,5.9744e-02,6.4245e-02,6.8707e-02,7.3103e-02,7.7408e-02,8.1596e-02,8.5640e-02,8.9511e-02,9.3183e-02,9.6626e-02,9.9814e-02,1.0272e-01,1.0531e-01,1.0758e-01,1.0949e-01,1.1103e-01,1.1220e-01,1.1299e-01,1.1340e-01,1.1345e-01,1.1315e-01,1.1252e-01,1.1158e-01,1.1037e-01,1.0891e-01,1.0722e-01,1.0535e-01,1.0331e-01,1.0112e-01,9.8803e-02,9.6378e-02,9.3858e-02,9.1257e-02,8.8584e-02,8.5849e-02,8.3063e-02,8.0232e-02,7.7365e-02,7.4469e-02,7.1553e-02,6.8623e-02,6.5687e-02,6.2752e-02,5.9826e-02,5.6916e-02,5.4029e-02,5.1173e-02,4.8354e-02,4.5578e-02,4.2853e-02,4.0183e-02,3.7575e-02,3.5033e-02,3.2563e-02,3.0169e-02,2.7855e-02,2.5624e-02,2.3480e-02,2.1425e-02,1.9461e-02,1.7590e-02,1.5814e-02,1.4132e-02,1.2546e-02,1.1056e-02,9.6614e-03,8.3609e-03,7.1540e-03,6.0391e-03,5.0145e-03,4.0782e-03,3.2277e-03,2.4608e-03,1.7744e-03,1.1658e-03,6.3175e-04,1.6903e-04,-2.2575e-04,-5.5599e-04,-8.2531e-04
3.5934e-05,5.0265e-04,1.2310e-03,2.2420e-03,3.5517e-03,5.1704e-03,7.1028e-03,9.3477e-03,1.1898e-02,1.4741e-02,1.7861e-02,2.1236e-02,2.4843e-02,2.8656e-02,3.2648e-02,3.6791e-02,4.1059e-02,4.5426e-02,4.9865e-02,5.4352e-02,5.8863e-02,6.3372e-02,6.7858e-02,7.2295e-02,7.6659e-02,8.0924e-02,8.5065e-02,8.9055e-02,9.2868e-02,9.6475e-02,9.9848e-02,1.0296e-01,1.0579e-01,1.0830e-01,1.1047e-01,1.1229e-01,1.1374e-01,1.1481e-01,1.1550e-01,1.1581e-01,1.1576e-01,1.1535e-01,1.1462e-01,1.1358e-01,1.1226e-01,1.1069e-01,1.0891e-01,1.0694e-01,1.0479e-01,1.0251e-01,1.0009e-01,9.7569e-02,9.4952e-02,9.2254e-02,8.9486e-02,8.6656e-02,8.3776e-02,8.0852e-02,7.7893e-02,7.4906e-02,7.1900e-02,6.8882e-02,6.5860e-02,6.2841e-02,5.9832e-02,5.6843e-02,5.3879e-02,5.0949e-02,4.8059e-02,4.5217e-02,4.2428e-02,3.9699e-02,3.7036e-02,3.4443e-02,3.1928e-02,2.9492e-02,2.7142e-02,2.4880e-02,2.2710e-02,2.0634e-02,1.8655e-02,1.6774e-02,1.4993e-02,1.3312e-02,1.1731e-02,1.0251e-02,8.8704e-03,7.5890e-03,6.4051e-03,5.3172e-03,4.3231e-03,3.4205e-03,2.6069e-03,1.8793e-03,1.2346e-03,6.6956e-04,1.8066e-04,-2.3565e-04,-5.8313e-04,-8.6555e-04
7.2876e-05,5.2227e-04,1.2263e-03,2.2059e-03,3.4768e-03,5.0496e-03,6.9293e-03,9.1152e-03,1.1601e-02,1.4376e-02,1.7425e-02,2.0727e-02,2.4261e-02,2.8002e-02,3.1926e-02,3.6005e-02,4.0216e-02,4.4532e-02,4.8930e-02,5.3386e-02,5.7878e-02,6.2381e-02,6.6874e-02,7.1334e-02,7.5738e-02,8.0061e-02,8.4280e-02,8.8367e-02,9.2299e-02,9.6047e-02,9.9584e-02,1.0288e-01,1.0592e-01,1.0866e-01,1.1108e-01,1.1317e-01,1.1490e-01,1.1625e-01,1.1723e-01,1.1782e-01,1.1803e-01,1.1787e-01,1.1736e-01,1.1652e-01,1.1538e-01,1.1396e-01,1.1229e-01,1.1041e-01,1.0833e-01,1.0609e-01,1.0371e-01,1.0120e-01,9.8578e-02,9.5866e-02,9.3073e-02,9.0211e-02,8.7289e-02,8.4316e-02,8.1301e-02,7.8252e-02,7.5176e-02,7.2083e-02,6.8979e-02,6.5872e-02,6.2771e-02,5.9684e-02,5.6617e-02,5.3580e-02,5.0579e-02,4.7622e-02,4.4716e-02,4.1867e-02,3.9083e-02,3.6369e-02,3.3731e-02,3.1174e-02,2.8704e-02,2.6323e-02,2.4036e-02,2.1846e-02,1.9756e-02,1.7769e-02,1.5885e-02,1.4105e-02,1.2431e-02,1.0863e-02,9.4002e-03,8.0418e-03,6.7866e-03,5.6331e-03,4.5793e-03,3.6227e-03,2.7607e-03,1.9903e-03,1.3084e-03,7.1122e-04,1.9530e-04,-2.4322e-04,-6.0835e-04,-9.0406e-04
1.0537e-04,5.3797e-04,1.2182e-03,2.1665e-03,3.3987e-03,4.9253e-03,6.7517e-03,8.8776e-03,1.1298e-02,1.4002e-02,1.6976e-02,2.0202e-02,2.3658e-02,2.7323e-02,3.1172e-02,3.5181e-02,3.9325e-02,4.3582e-02,4.7929e-02,5.2342e-02,5.6801e-02,6.1285e-02,6.5771e-02,7.0238e-02,7.4664e-02,7.9027e-02,8.3303e-02,8.7468e-02,9.1497e-02,9.5364e-02,9.9042e-02,1.0251e-01,1.0573e-01,1.0868e-01,1.1134e-01,1.1367e-01,1.1567e-01,1.1730e-01,1.1856e-01,1.1944e-01,1.1993e-01,1.2004e-01,1.1978e-01,1.1917e-01,1.1823e-01,1.1698e-01,1.1546e-01,1.1370e-01,1.1172e-01,1.0954e-01,1.0721e-01,1.0472e-01,1.0212e-01,9.9406e-02,9.6601e-02,9.3715e-02,9.0760e-02,8.7747e-02,8.4684e-02,8.1579e-02,7.8442e-02,7.5279e-02,7.2100e-02,6.8913e-02,6.5725e-02,6.2545e-02,5.9380e-02,5.6240e-02,5.3131e-02,5.0063e-02,4.7042e-02,4.4077e-02,4.1173e-02,3.8338e-02,3.5578e-02,3.2900e-02,3.0308e-02,2.7807e-02,2.5402e-02,2.3096e-02,2.0894e-02,1.8797e-02,1.6808e-02,1.4928e-02,1.3158e-02,1.1499e-02,9.9512e-03,8.5133e-03,7.1844e-03,5.9631e-03,4.8474e-03,3.8349e-03,2.9228e-03,2.1083e-03,1.3876e-03,7.5738e-04,2.1359e-04,-2.4777e-04,-6.3099e-04,-9.4029e-04
1.3331e-04,5.4960e-04,1.2064e-03,2.1238e-03,3.3174e-03,4.7976e-03,6.5702e-03,8.6353e-03,1.0988e-02,1.3620e-02,1.6518e-02,1.9664e-02,2.3039e-02,2.6622e-02,3.0391e-02,3.4322e-02,3.8394e-02,4.2583e-02,4.6869e-02,5.1229e-02,5.5645e-02,6.0096e-02,6.4561e-02,6.9020e-02,7.3454e-02,7.7839e-02,8.2155e-02,8.6377e-02,9.0483e-02,9.4447e-02,9.8245e-02,1.0185e-01,1.0524e-01,1.0838e-01,1.1125e-01,1.1382e-01,1.1606e-01,1.1797e-01,1.1951e-01,1.2067e-01,1.2145e-01,1.2184e-01,1.2185e-01,1.2149e-01,1.2078e-01,1.1974e-01,1.1840e-01,1.1678e-01,1.1492e-01,1.1284e-01,1.1057e-01,1.0813e-01,1.0556e-01,1.0286e-01,1.0005e-01,9.7155e-02,9.4178e-02,9.1134e-02,8.8031e-02,8.4878e-02,8.1686e-02,7.8463e-02,7.5215e-02,7.1953e-02,6.8684e-02,6.5417e-02,6.2160e-02,5.8922e-02,5.5711e-02,5.2535e-02,4.9403e-02,4.6322e-02,4.3301e-02,4.0347e-02,3.7466e-02,3.4666e-02,3.1952e-02,2.9331e-02,2.6807e-02,2.4384e-02,2.2067e-02,1.9859e-02,1.7762e-02,1.5779e-02,1.3912e-02,1.2160e-02,1.0524e-02,9.0041e-03,7.5991e-03,6.3077e-03,5.1281e-03,4.0577e-03,3.0939e-03,2.2335e-03,1.4731e-03,8.0851e-04,2.3605e-04,-2.4883e-04,-6.5056e-04,-9.7376e-04
1.5669e-04,5.5716e-04,1.1909e-03,2.0777e-03,3.2328e-03,4.6666e-03,6.3850e-03,8.3887e-03,1.0674e-02,1.3232e-02,1.6050e-02,1.9114e-02,2.2405e-02,2.5903e-02,2.9587e-02,3.3436e-02,3.7428e-02,4.1542e-02,4.5759e-02,5.0057e-02,5.4419e-02,5.8826e-02,6.3257e-02,6.7696e-02,7.2121e-02,7.6514e-02,8.0852e-02,8.5114e-02,8.9277e-02,9.3319e-02,9.7215e-02,1.0094e-01,1.0447e-01,1.0778e-01,1.1083e-01,1.1362e-01,1.1610e-01,1.1826e-01,1.2007e-01,1.2151e-01,1.2258e-01,1.2326e-01,1.2355e-01,1.2347e-01,1.2301e-01,1.2220e-01,1.2106e-01,1.1962e-01,1.1790e-01,1.1594e-01,1.1377e-01,1.1140e-01,1.0888e-01,1.0621e-01,1.0342e-01,1.0052e-01,9.7531e-02,9.4465e-02,9.1331e-02,8.8140e-02,8.4901e-02,8.1623e-02,7.8315e-02,7.4985e-02,7.1641e-02,6.8294e-02,6.4950e-02,6.1619e-02,5.8310e-02,5.5031e-02,5.1791e-02,4.8599e-02,4.5463e-02,4.2391e-02,3.9391e-02,3.6471e-02,3.3636e-02,3.0893e-02,2.8249e-02,2.5708e-02,2.3275e-02,2.0954e-02,1.8748e-02,1.6660e-02,1.4692e-02,1.2845e-02,1.1119e-02,9.5145e-03,8.0311e-03,6.6675e-03,5.4218e-03,4.2917e-03,3.2744e-03,2.3667e-03,1.5650e-03,8.6513e-04,2.6299e-04,-2.4606e-04,-6.6672e-04,-1.0040e-03
1.7556e-04,5.6064e-04,1.1718e-03,2.0282e-03,3.1449e-03,4.5325e-03,6.1966e-03,8.1384e-03,1.0355e-02,1.2837e-02,1.5576e-02,1.8556e-02,2.1759e-02,2.5169e-02,2.8764e-02,3.2526e-02,3.6433e-02,4.0466e-02,4.4605e-02,4.8834e-02,5.3133e-02,5.7485e-02,6.1872e-02,6.6277e-02,7.0682e-02,7.5066e-02,7.9411e-02,8.3696e-02,8.7900e-02,9.2000e-02,9.5973e-02,9.9797e-02,1.0345e-01,1.0689e-01,1.1012e-01,1.1309e-01,1.1579e-01,1.1818e-01,1.2025e-01,1.2197e-01,1.2332e-01,1.2429e-01,1.2487e-01,1.2507e-01,1.2488e-01,1.2433e-01,1.2342e-01,1.2218e-01,1.2065e-01,1.1883e-01,1.1678e-01,1.1451e-01,1.1205e-01,1.0943e-01,1.0667e-01,1.0379e-01,1.0081e-01,9.7728e-02,9.4573e-02,9.1352e-02,8.8075e-02,8.4751e-02,8.1389e-02,7.7998e-02,7.4587e-02,7.1165e-02,6.7741e-02,6.4323e-02,6.0921e-02,5.7544e-02,5.4202e-02,5.0902e-02,4.7655e-02,4.4468e-02,4.1351e-02,3.8310e-02,3.5355e-02,3.2492e-02,2.9728e-02,2.7068e-02,2.4518e-02,2.2082e-02,1.9765e-02,1.7570e-02,1.5499e-02,1.3554e-02,1.1736e-02,1.0045e-02,8.4807e-03,7.0427e-03,5.7289e-03,4.5372e-03,3.4646e-03,2.5081e-03,1.6637e-03,9.2752e-04,2.9480e-04,-2.3907e-04,-6.7922e-04,-1.0310e-03
1.9003e-04,5.6009e-04,1.1490e-03,1.9754e-03,3.0541e-03,4.3953e-03,6.0051e-03,7.8848e-03,1.0032e-02,1.2439e-02,1.5096e-02,1.7989e-02,2.1104e-02,2.4422e-02,2.7926e-02,3.1596e-02,3.5413e-02,3.9359e-02,4.3416e-02,4.7567e-02,5.1795e-02,5.6084e-02,6.0417e-02,6.4777e-02,6.9148e-02,7.3511e-02,7.7849e-02,8.2142e-02,8.6369e-02,9.0509e-02,9.4541e-02,9.8443e-02,1.0219e-01,1.0576e-01,1.0913e-01,1.1227e-01,1.1515e-01,1.1776e-01,1.2007e-01,1.2204e-01,1.2367e-01,1.2492e-01,1.2580e-01,1.2629e-01,1.2639e-01,1.2611e-01,1.2546e-01,1.2445e-01,1.2312e-01,1.2148e-01,1.1958e-01,1.1743e-01,1.1507e-01,1.1252e-01,1.0981e-01,1.0696e-01,1.0399e-01,1.0091e-01,9.7746e-02,9.4505e-02,9.1198e-02,8.7836e-02,8.4428e-02,8.0984e-02,7.7513e-02,7.4024e-02,7.0525e-02,6.7027e-02,6.3538e-02,6.0069e-02,5.6628e-02,5.3225e-02,4.9870e-02,4.6571e-02,4.3339e-02,4.0182e-02,3.7108e-02,3.4125e-02,3.1240e-02,2.8461e-02,2.5793e-02,2.3242e-02,2.0812e-02,1.8508e-02,1.6333e-02,1.4288e-02,1.2375e-02,1.0595e-02,8.9481e-03,7.4335e-03,6.0496e-03,4.7943e-03,3.6648e-03,2.6579e-03,1.7696e-03,9.9583e-04,3.3174e-04,-2.2775e-04,-6.8794e-04,-1.0543e-03
2.0027e-04,5.5564e-04,1.1226e-03,1.9193e-03,2.9603e-03,4.2555e-03,5.8110e-03,7.6284e-03,9.7054e-03,1.2036e-02,1.4611e-02,1.7417e-02,2.0441e-02,2.3666e-02,2.7075e-02,3.0650e-02,3.4373e-02,3.8228e-02,4.2197e-02,4.6264e-02,5.0414e-02,5.4631e-02,5.8900e-02,6.3206e-02,6.7532e-02,7.1863e-02,7.6180e-02,8.0466e-02,8.4701e-02,8.8866e-02,9.2939e-02,9.6900e-02,1.0073e-01,1.0440e-01,1.0788e-01,1.1117e-01,1.1422e-01,1.1702e-01,1.1954e-01,1.2175e-01,1.2364e-01,1.2517e-01,1.2634e-01,1.2712e-01,1.2751e-01,1.2752e-01,1.2714e-01,1.2639e-01,1.2529e-01,1.2386e-01,1.2214e-01,1.2014e-01,1.1789e-01,1.1544e-01,1.1280e-01,1.1000e-01,1.0706e-01,1.0400e-01,1.0084e-01,9.7586e-02,9.4259e-02,9.0868e-02,8.7423e-02,8.3933e-02,8.0409e-02,7.6860e-02,7.3294e-02,6.9722e-02,6.6153e-02,6.2596e-02,5.9062e-02,5.5561e-02,5.2102e-02,4.8696e-02,4.5352e-02,4.2080e-02,3.8889e-02,3.5787e-02,3.2784e-02,2.9885e-02,2.7099e-02,2.4432e-02,2.1889e-02,1.9474e-02,1.7192e-02,1.5045e-02,1.3036e-02,1.1165e-02,9.4332e-03,7.8399e-03,6.3839e-03,5.0631e-03,3.8751e-03,2.8162e-03,1.8827e-03,1.0701e-03,3.7367e-04,-2.1213e-04,-6.9271e-04,-1.0741e-03
2.0640e-04,5.4747e-04,1.0928e-03,1.8603e-03,2.8637e-03,4.1132e-03,5.6145e-03,7.3697e-03,9.3769e-03,1.1631e-02,1.4122e-02,1.6841e-02,1.9772e-02,2.2902e-02,2.6214e-02,2.9691e-02,3.3317e-02,3.7076e-02,4.0952e-02,4.4931e-02,4.8996e-02,5.3134e-02,5.7332e-02,6.1574e-02,6.5846e-02,7.0132e-02,7.4417e-02,7.8683e-02,8.2913e-02,8.7086e-02,9.1185e-02,9.5188e-02,9.9074e-02,1.0282e-01,1.0641e-01,1.0982e-01,1.1301e-01,1.1598e-01,1.1869e-01,1.2112e-01,1.2325e-01,1.2504e-01,1.2648e-01,1.2755e-01,1.2824e-01,1.2854e-01,1.2845e-01,1.2798e-01,1.2714e-01,1.2594e-01,1.2442e-01,1.2260e-01,1.2051e-01,1.1817e-01,1.1563e-01,1.1290e-01,1.1001e-01,1.0698e-01,1.0383e-01,1.0059e-01,9.7249e-02,9.3837e-02,9.0363e-02,8.6836e-02,8.3267e-02,7.9664e-02,7.6038e-02,7.2399e-02,6.8756e-02,6.5119e-02,6.1498e-02,5.7903e-02,5.4346e-02,5.0837e-02,4.7385e-02,4.4001e-02,4.0695e-02,3.7477e-02,3.4355e-02,3.1338e-02,2.8434e-02,2.5650e-02,2.2993e-02,2.0467e-02,1.8077e-02,1.5826e-02,1.3718e-02,1.1755e-02,9.9360e-03,8.2620e-03,6.7319e-03,5.3438e-03,4.0954e-03,2.9830e-03,2.0030e-03,1.1505e-03,4.2075e-04,-1.9195e-04,-6.9359e-04,-1.0902e-03
2.0869e-04,5.3576e-04,1.0599e-03,1.7984e-03,2.7648e-03,3.9687e-03,5.4162e-03,7.1093e-03,9.0467e-03,1.1223e-02,1.3632e-02,1.6261e-02,1.9099e-02,2.2132e-02,2.5345e-02,2.8723e-02,3.2249e-02,3.5909e-02,3.9689e-02,4.3573e-02,4.7548e-02,5.1602e-02,5.5720e-02,5.9891e-02,6.4099e-02,6.8332e-02,7.2574e-02,7.6808e-02,8.1019e-02,8.5188e-02,8.9296e-02,9.3325e-02,9.7255e-02,1.0106e-01,1.0473e-01,1.0824e-01,1.1156e-01,1.1467e-01,1.1755e-01,1.2017e-01,1.2251e-01,1.2455e-01,1.2625e-01,1.2760e-01,1.2858e-01,1.2918e-01,1.2938e-01,1.2920e-01,1.2863e-01,1.2770e-01,1.2641e-01,1.2479e-01,1.2288e-01,1.2069e-01,1.1827e-01,1.1563e-01,1.1281e-01,1.0984e-01,1.0672e-01,1.0349e-01,1.0015e-01,9.6733e-02,9.3239e-02,8.9683e-02,8.6076e-02,8.2428e-02,7.8750e-02,7.5050e-02,7.1339e-02,6.7628e-02,6.3926e-02,6.0245e-02,5.6594e-02,5.2986e-02,4.9431e-02,4.5939e-02,4.2522e-02,3.9189e-02,3.5951e-02,3.2817e-02,2.9796e-02,2.6895e-02,2.4123e-02,2.1484e-02,1.8985e-02,1.6630e-02,1.4422e-02,1.2364e-02,1.0456e-02,8.6994e-03,7.0934e-03,5.6364e-03,4.3258e-03,3.1585e-03,2.1304e-03,1.2370e-03,4.7297e-04,-1.6749e-04,-6.9059e-04,-1.1027e-03
2.0744e-04,5.2078e-04,1.0241e-03,1.7340e-03,2.6636e-03,3.8224e-03,5.2164e-03,6.8477e-03,8.7154e-03,1.0815e-02,1.3140e-02,1.5680e-02,1.8424e-02,2.1360e-02,2.4472e-02,2.7748e-02,3.1172e-02,3.4731e-02,3.8410e-02,4.2196e-02,4.6077e-02,5.0040e-02,5.4073e-02,5.8165e-02,6.2302e-02,6.6472e-02,7.0660e-02,7.4853e-02,7.9033e-02,8.3184e-02,8.7289e-02,9.1330e-02,9.5286e-02,9.9139e-02,1.0287e-01,1.0646e-01,1.0988e-01,1.1311e-01,1.1614e-01,1.1893e-01,1.2146e-01,1.2371e-01,1.2566e-01,1.2727e-01,1.2853e-01,1.2942e-01,1.2992e-01,1.3004e-01,1.2976e-01,1.2910e-01,1.2807e-01,1.2668e-01,1.2498e-01,1.2297e-01,1.2069e-01,1.1818e-01,1.1545e-01,1.1255e-01,1.0948e-01,1.0628e-01,1.0296e-01,9.9543e-02,9.6039e-02,9.2464e-02,8.8828e-02,8.5143e-02,8.1419e-02,7.7666e-02,7.3895e-02,7.0116e-02,6.6340e-02,6.2577e-02,5.8840e-02,5.5138e-02,5.1483e-02,4.7888e-02,4.4363e-02,4.0919e-02,3.7567e-02,3.4318e-02,3.1181e-02,2.8164e-02,2.5277e-02,2.2526e-02,1.9917e-02,1.7455e-02,1.5146e-02,1.2991e-02,1.0993e-02,9.1520e-03,7.4682e-03,5.9403e-03,4.5661e-03,3.3423e-03,2.2649e-03,1.3294e-03,5.3011e-04,-1.3879e-04,-6.8384e-04,-1.1119e-03
2.0279e-04,5.0280e-04,9.8558e-04,1.6673e-03,2.5606e-03,3.6748e-03,5.0156e-03,6.5856e-03,8.3838e-03,1.0407e-02,1.2648e-02,1.5098e-02,1.7748e-02,2.0585e-02,2.3597e-02,2.6770e-02,3.0090e-02,3.3544e-02,3.7120e-02,4.0805e-02,4.4587e-02,4.8455e-02,5.2398e-02,5.6405e-02,6.0463e-02,6.4562e-02,6.8689e-02,7.2829e-02,7.6968e-02,8.1090e-02,8.5179e-02,8.9217e-02,9.3186e-02,9.7067e-02,1.0084e-01,1.0449e-01,1.0799e-01,1.1133e-01,1.1448e-01,1.1742e-01,1.2012e-01,1.2256e-01,1.2473e-01,1.2658e-01,1.2810e-01,1.2927e-01,1.3007e-01,1.3048e-01,1.3050e-01,1.3013e-01,1.2938e-01,1.2825e-01,1.2678e-01,1.2498e-01,1.2288e-01,1.2051e-01,1.1791e-01,1.1509e-01,1.1210e-01,1.0894e-01,1.0566e-01,1.0226e-01,9.8754e-02,9.5168e-02,9.1512e-02,8.7798e-02,8.4036e-02,8.0238e-02,7.6414e-02,7.2574e-02,6.8730e-02,6.4893e-02,6.1074e-02,5.7284e-02,5.3537e-02,4.9842e-02,4.6213e-02,4.2662e-02,3.9200e-02,3.5837e-02,3.2585e-02,2.9454e-02,2.6452e-02,2.3588e-02,2.0869e-02,1.8301e-02,1.5889e-02,1.3636e-02,1.1546e-02,9.6192e-03,7.8561e-03,6.2557e-03,4.8162e-03,3.5344e-03,2.4064e-03,1.4275e-03,5.9217e-04,-1.0595e-04,-6.7354e-04,-1.1178e-03
1.9524e-04,4.8208e-04,9.4474e-04,1.5986e-03,2.4561e-03,3.5261e-03,4.8144e-03,6.3234e-03,8.0526e-03,9.9989e-03,1.2157e-02,1.4518e-02,1.7073e-02,1.9811e-02,2.2721e-02,2.5790e-02,2.9004e-02,3.2353e-02,3.5823e-02,3.9404e-02,4.3084e-02,4.6853e-02,5.0701e-02,5.4617e-02,5.8591e-02,6.2612e-02,6.6668e-02,7.0747e-02,7.4835e-02,7.8917e-02,8.2978e-02,8.7001e-02,9.0969e-02,9.4865e-02,9.8669e-02,1.0236e-01,1.0593e-01,1.0935e-01,1.1260e-01,1.1566e-01,1.1851e-01,1.2112e-01,1.2348e-01,1.2555e-01,1.2732e-01,1.2875e-01,1.2983e-01,1.3053e-01,1.3085e-01,1.3078e-01,1.3032e-01,1.2947e-01,1.2825e-01,1.2668e-01,1.2479e-01,1.2260e-01,1.2014e-01,1.1745e-01,1.1455e-01,1.1147e-01,1.0823e-01,1.0486e-01,1.0137e-01,9.7785e-02,9.4120e-02,9.0385e-02,8.6594e-02,8.2757e-02,7.8887e-02,7.4994e-02,7.1089e-02,6.7184e-02,6.3290e-02,5.9419e-02,5.5583e-02,5.1795e-02,4.8067e-02,4.4413e-02,4.0843e-02,3.7370e-02,3.4006e-02,3.0762e-02,2.7647e-02,2.4671e-02,2.1841e-02,1.9166e-02,1.6650e-02,1.4299e-02,1.2115e-02,1.0101e-02,8.2566e-03,6.5822e-03,5.0758e-03,3.7346e-03,2.5547e-03,1.5314e-03,6.5883e-04,-6.9251e-05,-6.5985e-04,-1.1207e-03
1.8495e-04,4.5899e-04,9.0183e-04,1.5284e-03,2.3505e-03,3.3769e-03,4.6131e-03,6.0617e-03,7.7225e-03,9.5928e-03,1.1667e-02,1.3940e-02,1.6400e-02,1.9040e-02,2.1847e-02,2.4811e-02,2.7919e-02,3.1160e-02,3.4523e-02,3.7998e-02,4.1573e-02,4.5240e-02,4.8988e-02,5.2809e-02,5.6692e-02,6.0629e-02,6.4608e-02,6.8617e-02,7.2645e-02,7.6678e-02,8.0701e-02,8.4697e-02,8.8652e-02,9.2548e-02,9.6367e-02,1.0009e-01,1.0370e-01,1.0719e-01,1.1052e-01,1.1368e-01,1.1665e-01,1.1942e-01,1.2194e-01,1.2421e-01,1.2619e-01,1.2787e-01,1.2921e-01,1.3020e-01,1.3081e-01,1.3104e-01,1.3088e-01,1.3032e-01,1.2938e-01,1.2807e-01,1.2641e-01,1.2442e-01,1.2214e-01,1.1960e-01,1.1681e-01,1.1382e-01,1.1065e-01,1.0733e-01,1.0387e-01,1.0030e-01,9.6638e-02,9.2893e-02,8.9081e-02,8.5215e-02,8.1307e-02,7.7367e-02,7.3408e-02,6.9442e-02,6.5479e-02,6.1533e-02,5.7615e-02,5.3739e-02,4.9918e-02,4.6164e-02,4.2491e-02,3.8912e-02,3.5439e-02,3.2083e-02,2.8857e-02,2.5769e-02,2.2830e-02,2.0048e-02,1.7428e-02,1.4977e-02,1.2699e-02,1.0596e-02,8.6692e-03,6.9193e-03,5.3447e-03,3.9427e-03,2.7096e-03,1.6407e-03,7.3006e-04,-2.8733e-05,-6.4304e-04,-1.1207e-03
1.7230e-04,4.3384e-04,8.5722e-04,1.4569e-03,2.2442e-03,3.2276e-03,4.4124e-03,5.8013e-03,7.3943e-03,9.1891e-03,1.1181e-02,1.3365e-02,1.5731e-02,1.8272e-02,2.0976e-02,2.3835e-02,2.6836e-02,2.9969e-02,3.3223e-02,3.6589e-02,4.0058e-02,4.3619e-02,4.7264e-02,5.0986e-02,5.4774e-02,5.8621e-02,6.2516e-02,6.6449e-02,7.0409e-02,7.4383e-02,7.8357e-02,8.2317e-02,8.6247e-02,9.0131e-02,9.3952e-02,9.7694e-02,1.0134e-01,1.0487e-01,1.0826e-01,1.1151e-01,1.1458e-01,1.1747e-01,1.2014e-01,1.2258e-01,1.2476e-01,1.2665e-01,1.2824e-01,1.2949e-01,1.3039e-01,1.3091e-01,1.3105e-01,1.3079e-01,1.3014e-01,1.2911e-01,1.2771e-01,1.2595e-01,1.2387e-01,1.2150e-01,1.1886e-01,1.1599e-01,1.1291e-01,1.0966e-01,1.0625e-01,1.0271e-01,9.9057e-02,9.5312e-02,9.1489e-02,8.7602e-02,8.3663e-02,7.9685e-02,7.5679e-02,7.1658e-02,6.7634e-02,6.3619e-02,5.9626e-02,5.5667e-02,5.1758e-02,4.7910e-02,4.4139e-02,4.0457e-02,3.6878e-02,3.3415e-02,3.0079e-02,2.6882e-02,2.3834e-02,2.0944e-02,1.8221e-02,1.5670e-02,1.3296e-02,1.1103e-02,9.0933e-03,7.2667e-03,5.6224e-03,4.1584e-03,2.8709e-03,1.7552e-03,8.0560e-04,1.5325e-05,-6.2325e-04,-1.1183e-03
1.5770e-04,4.0695e-04,8.1132e-04,1.3846e-03,2.1377e-03,3.0786e-03,4.2127e-03,5.5426e-03,7.0687e-03,8.7888e-03,1.0699e-02,1.2794e-02,1.5067e-02,1.7509e-02,2.0111e-02,2.2864e-02,2.5757e-02,2.8781e-02,3.1926e-02,3.5183e-02,3.8542e-02,4.1996e-02,4.5536e-02,4.9154e-02,5.2844e-02,5.6595e-02,6.0401e-02,6.4251e-02,6.8136e-02,7.2042e-02,7.5959e-02,7.9872e-02,8.3767e-02,8.7628e-02,9.1439e-02,9.5184e-02,9.8846e-02,1.0241e-01,1.0585e-01,1.0916e-01,1.1232e-01,1.1531e-01,1.1810e-01,1.2069e-01,1.2304e-01,1.2513e-01,1.2693e-01,1.2843e-01,1.2959e-01,1.3040e-01,1.3083e-01,1.3088e-01,1.3053e-01,1.2978e-01,1.2866e-01,1.2716e-01,1.2531e-01,1.2314e-01,1.2068e-01,1.1795e-01,1.1499e-01,1.1182e-01,1.0848e-01,1.0498e-01,1.0136e-01,9.7630e-02,9.3807e-02,8.9908e-02,8.5948e-02,8.1938e-02,7.7893e-02,7.3825e-02,6.9746e-02,6.5669e-02,6.1606e-02,5.7572e-02,5.3581e-02,4.9645e-02,4.5780e-02,4.2000e-02,3.8319e-02,3.4751e-02,3.1309e-02,2.8004e-02,2.4849e-02,2.1854e-02,1.9027e-02,1.6375e-02,1.3906e-02,1.1623e-02,9.5282e-03,7.6237e-03,5.9087e-03,4.3813e-03,3.0383e-03,1.8749e-03,8.8527e-04,6.2692e-05,-6.0061e-04,-1.1133e-03
1.4138e-04,3.7870e-04,7.6442e-04,1.3118e-03,2.0312e-03,2.9305e-03,4.0147e-03,5.2864e-03,6.7463e-03,8.3925e-03,1.0222e-02,1.2229e-02,1.4409e-02,1.6753e-02,1.9253e-02,2.1900e-02,2.4686e-02,2.7601e-02,3.0635e-02,3.3781e-02,3.7030e-02,4.0375e-02,4.3807e-02,4.7320e-02,5.0906e-02,5.4559e-02,5.8270e-02,6.2031e-02,6.5834e-02,6.9666e-02,7.3517e-02,7.7374e-02,8.1224e-02,8.5051e-02,8.8841e-02,9.2577e-02,9.6243e-02,9.9824e-02,1.0330e-01,1.0666e-01,1.0988e-01,1.1296e-01,1.1585e-01,1.1856e-01,1.2106e-01,1.2332e-01,1.2532e-01,1.2703e-01,1.2844e-01,1.2951e-01,1.3023e-01,1.3057e-01,1.3052e-01,1.3008e-01,1.2924e-01,1.2802e-01,1.2643e-01,1.2449e-01,1.2222e-01,1.1967e-01,1.1685e-01,1.1380e-01,1.1054e-01,1.0712e-01,1.0354e-01,9.9835e-02,9.6024e-02,9.2124e-02,8.8150e-02,8.4119e-02,8.0042e-02,7.5934e-02,7.1807e-02,6.7675e-02,6.3550e-02,5.9446e-02,5.5379e-02,5.1361e-02,4.7408e-02,4.3535e-02,3.9757e-02,3.6088e-02,3.2542e-02,2.9133e-02,2.5872e-02,2.2772e-02,1.9843e-02,1.7092e-02,1.4527e-02,1.2153e-02,9.9730e-03,7.9896e-03,6.2029e-03,4.6112e-03,3.2115e-03,1.9993e-03,9.6896e-04,1.1333e-04,-5.7544e-04,-1.1062e-03
1.2378e-04,3.4937e-04,7.1685e-04,1.2388e-03,1.9253e-03,2.7836e-03,3.8187e-03,5.0333e-03,6.4279e-03,8.0013e-03,9.7506e-03,1.1672e-02,1.3759e-02,1.6005e-02,1.8404e-02,2.0946e-02,2.3624e-02,2.6429e-02,2.9353e-02,3.2388e-02,3.5526e-02,3.8759e-02,4.2082e-02,4.5486e-02,4.8967e-02,5.2517e-02,5.6130e-02,5.9797e-02,6.3511e-02,6.7262e-02,7.1040e-02,7.4833e-02,7.8628e-02,8.2412e-02,8.6169e-02,8.9885e-02,9.3545e-02,9.7131e-02,1.0063e-01,1.0402e-01,1.0730e-01,1.1043e-01,1.1341e-01,1.1622e-01,1.1884e-01,1.2125e-01,1.2342e-01,1.2533e-01,1.2696e-01,1.2827e-01,1.2926e-01,1.2988e-01,1.3013e-01,1.2999e-01,1.2945e-01,1.2852e-01,1.2720e-01,1.2552e-01,1.2348e-01,1.2112e-01,1.1848e-01,1.1557e-01,1.1242e-01,1.0908e-01,1.0557e-01,1.0191e-01,9.8126e-02,9.4237e-02,9.0262e-02,8.6217e-02,8.2117e-02,7.7977e-02,7.3809e-02,6.9628e-02,6.5448e-02,6.1282e-02,5.7144e-02,5.3050e-02,4.9016e-02,4.5055e-02,4.1184e-02,3.7419e-02,3.3774e-02,3.0263e-02,2.6900e-02,2.3698e-02,2.0667e-02,1.7817e-02,1.5157e-02,1.2692e-02,1.0426e-02,8.3638e-03,6.5045e-03,4.8475e-03,3.3902e-03,2.1283e-03,1.0563e-03,1.6689e-04,-5.4787e-04,-1.0970e-03
1.0516e-04,3.1943e-04,6.6909e-04,1.1662e-03,1.8204e-03,2.6385e-03,3.6254e-03,4.7837e-03,6.1141e-03,7.6157e-03,9.2861e-03,1.1121e-02,1.3117e-02,1.5267e-02,1.7564e-02,2.0002e-02,2.2573e-02,2.5269e-02,2.8083e-02,3.1006e-02,3.4032e-02,3.7153e-02,4.0365e-02,4.3659e-02,4.7032e-02,5.0476e-02,5.3986e-02,5.7555e-02,6.1176e-02,6.4839e-02,6.8537e-02,7.2258e-02,7.5990e-02,7.9721e-02,8.3436e-02,8.7122e-02,9.0763e-02,9.4344e-02,9.7849e-02,1.0126e-01,1.0457e-01,1.0776e-01,1.1080e-01,1.1370e-01,1.1642e-01,1.1894e-01,1.2126e-01,1.2334e-01,1.2517e-01,1.2670e-01,1.2793e-01,1.2882e-01,1.2935e-01,1.2951e-01,1.2927e-01,1.2864e-01,1.2761e-01,1.2620e-01,1.2442e-01,1.2229e-01,1.1984e-01,1.1710e-01,1.1410e-01,1.1087e-01,1.0744e-01,1.0384e-01,1.0010e-01,9.6235e-02,9.2270e-02,8.8222e-02,8.4108e-02,7.9944e-02,7.5744e-02,7.1522e-02,6.7293e-02,6.3070e-02,5.8870e-02,5.4707e-02,5.0596e-02,4.6554e-02,4.2596e-02,3.8739e-02,3.4999e-02,3.1390e-02,2.7928e-02,2.4626e-02,2.1496e-02,1.8549e-02,1.5794e-02,1.3238e-02,1.0888e-02,8.7452e-03,6.8127e-03,5.0897e-03,3.5740e-03,2.2617e-03,1.1471e-03,2.2322e-04,-5.1806e-04,-1.0862e-03
8.5957e-05,2.8913e-04,6.2142e-04,1.0942e-03,1.7167e-03,2.4955e-03,3.4352e-03,4.5383e-03,5.8057e-03,7.2367e-03,8.8293e-03,1.0580e-02,1.2485e-02,1.4540e-02,1.6737e-02,1.9072e-02,2.1536e-02,2.4123e-02,2.6826e-02,2.9637e-02,3.2551e-02,3.5560e-02,3.8659e-02,4.1842e-02,4.5105e-02,4.8441e-02,5.1845e-02,5.5312e-02,5.8835e-02,6.2406e-02,6.6017e-02,6.9658e-02,7.3320e-02,7.6989e-02,8.0653e-02,8.4298e-02,8.7910e-02,9.1474e-02,9.4974e-02,9.8396e-02,1.0172e-01,1.0495e-01,1.0804e-01,1.1100e-01,1.1380e-01,1.1643e-01,1.1887e-01,1.2110e-01,1.2309e-01,1.2483e-01,1.2627e-01,1.2741e-01,1.2821e-01,1.2864e-01,1.2870e-01,1.2837e-01,1.2765e-01,1.2652e-01,1.2502e-01,1.2314e-01,1.2091e-01,1.1837e-01,1.1553e-01,1.1244e-01,1.0912e-01,1.0561e-01,1.0193e-01,9.8105e-02,9.4163e-02,9.0124e-02,8.6007e-02,8.1827e-02,7.7602e-02,7.3347e-02,6.9076e-02,6.4805e-02,6.0548e-02,5.6322e-02,5.2142e-02,4.8024e-02,4.3985e-02,4.0042e-02,3.6212e-02,3.2510e-02,2.8952e-02,2.5553e-02,2.2327e-02,1.9284e-02,1.6436e-02,1.3791e-02,1.1355e-02,9.1327e-03,7.1267e-03,5.3372e-03,3.7625e-03,2.3989e-03,1.2411e-03,2.8219e-04,-4.8619e-04,-1.0736e-03
6.6387e-05,2.5877e-04,5.7407e-04,1.0233e-03,1.6148e-03,2.3551e-03,3.2486e-03,4.2976e-03,5.5032e-03,6.8648e-03,8.3809e-03,1.0049e-02,1.1865e-02,1.3825e-02,1.5923e-02,1.8155e-02,2.0513e-02,2.2992e-02,2.5584e-02,2.8285e-02,3.1086e-02,3.3982e-02,3.6969e-02,4.0040e-02,4.3191e-02,4.6417e-02,4.9713e-02,5.3074e-02,5.6494e-02,5.9968e-02,6.3487e-02,6.7043e-02,7.0626e-02,7.4226e-02,7.7830e-02,8.1425e-02,8.4998e-02,8.8534e-02,9.2018e-02,9.5437e-02,9.8774e-02,1.0202e-01,1.0515e-01,1.0816e-01,1.1102e-01,1.1374e-01,1.1628e-01,1.1863e-01,1.2076e-01,1.2267e-01,1.2431e-01,1.2566e-01,1.2671e-01,1.2741e-01,1.2776e-01,1.2772e-01,1.2730e-01,1.2647e-01,1.2525e-01,1.2364e-01,1.2167e-01,1.1935e-01,1.1671e-01,1.1378e-01,1.1060e-01,1.0719e-01,1.0359e-01,9.9830e-02,9.5928e-02,9.1911e-02,8.7801e-02,8.3617e-02,7.9376e-02,7.5095e-02,7.0791e-02,6.6477e-02,6.2171e-02,5.7889e-02,5.3645e-02,4.9458e-02,4.5345e-02,4.1322e-02,3.7406e-02,3.3616e-02,2.9967e-02,2.6476e-02,2.3155e-02,2.0020e-02,1.7080e-02,1.4347e-02,1.1826e-02,9.5248e-03,7.4455e-03,5.5892e-03,3.9550e-03,2.5396e-03,1.3381e-03,3.4346e-04,-4.5254e-04,-1.0597e-03
4.6797e-05,2.2870e-04,5.2748e-04,9.5356e-04,1.5150e-03,2.2178e-03,3.0661e-03,4.0622e-03,5.2073e-03,6.5009e-03,7.9419e-03,9.5282e-03,1.1257e-02,1.3123e-02,1.5124e-02,1.7254e-02,1.9507e-02,2.1879e-02,2.4362e-02,2.6951e-02,2.9640e-02,3.2424e-02,3.5297e-02,3.8255e-02,4.1293e-02,4.4407e-02,4.7593e-02,5.0846e-02,5.4161e-02,5.7533e-02,6.0955e-02,6.4420e-02,6.7918e-02,7.1441e-02,7.4976e-02,7.8512e-02,8.2037e-02,8.5535e-02,8.8993e-02,9.2397e-02,9.5732e-02,9.8983e-02,1.0214e-01,1.0518e-01,1.0810e-01,1.1088e-01,1.1350e-01,1.1595e-01,1.1821e-01,1.2025e-01,1.2206e-01,1.2361e-01,1.2488e-01,1.2583e-01,1.2644e-01,1.2669e-01,1.2656e-01,1.2603e-01,1.2511e-01,1.2379e-01,1.2209e-01,1.2001e-01,1.1760e-01,1.1486e-01,1.1184e-01,1.0857e-01,1.0507e-01,1.0139e-01,9.7547e-02,9.3568e-02,8.9479e-02,8.5302e-02,8.1055e-02,7.6758e-02,7.2427e-02,6.8080e-02,6.3732e-02,5.9400e-02,5.5100e-02,5.0850e-02,4.6668e-02,4.2571e-02,3.8577e-02,3.4704e-02,3.0968e-02,2.7388e-02,2.3978e-02,2.0752e-02,1.7724e-02,1.4904e-02,1.2300e-02,9.9203e-03,7.7678e-03,5.8449e-03,4.1510e-03,2.6834e-03,1.4376e-03,4.0688e-04,-4.1724e-04,-1.0445e-03
2.7481e-05,1.9922e-04,4.8196e-04,8.8554e-04,1.4176e-03,2.0838e-03,2.8880e-03,3.8325e-03,4.9184e-03,6.1455e-03,7.5130e-03,9.0190e-03,1.0661e-02,1.2436e-02,1.4341e-02,1.6370e-02,1.8520e-02,2.0784e-02,2.3159e-02,2.5637e-02,2.8215e-02,3.0886e-02,3.3647e-02,3.6491e-02,3.9416e-02,4.2418e-02,4.5492e-02,4.8634e-02,5.1841e-02,5.5108e-02,5.8428e-02,6.1796e-02,6.5204e-02,6.8643e-02,7.2102e-02,7.5571e-02,7.9038e-02,8.2488e-02,8.5910e-02,8.9289e-02,9.2610e-02,9.5859e-02,9.9023e-02,1.0209e-01,1.0504e-01,1.0787e-01,1.1055e-01,1.1308e-01,1.1544e-01,1.1761e-01,1.1956e-01,1.2128e-01,1.2274e-01,1.2391e-01,1.2477e-01,1.2529e-01,1.2544e-01,1.2521e-01,1.2459e-01,1.2357e-01,1.2215e-01,1.2034e-01,1.1817e-01,1.1566e-01,1.1283e-01,1.0971e-01,1.0635e-01,1.0277e-01,9.9004e-02,9.5081e-02,9.1028e-02,8.6870e-02,8.2629e-02,7.8326e-02,7.3978e-02,6.9604e-02,6.5221e-02,6.0847e-02,5.6498e-02,5.2193e-02,4.7949e-02,4.3784e-02,3.9717e-02,3.5766e-02,3.1950e-02,2.8285e-02,2.4789e-02,2.1478e-02,1.8363e-02,1.5459e-02,1.2774e-02,1.0317e-02,8.0925e-03,6.1032e-03,4.3496e-03,2.8298e-03,1.5394e-03,4.7206e-04,-3.8050e-04,-1.0283e-03
8.7377e-06,1.7063e-04,4.3772e-04,8.1947e-04,1.3230e-03,1.9536e-03,2.7149e-03,3.6091e-03,4.6371e-03,5.7993e-03,7.0948e-03,8.5223e-03,1.0080e-02,1.1765e-02,1.3575e-02,1.5505e-02,1.7552e-02,1.9711e-02,2.1978e-02,2.4347e-02,2.6814e-02,2.9373e-02,3.2021e-02,3.4752e-02,3.7564e-02,4.0452e-02,4.3413e-02,4.6443e-02,4.9540e-02,5.2698e-02,5.5913e-02,5.9180e-02,6.2492e-02,6.5840e-02,6.9216e-02,7.2610e-02,7.6010e-02,7.9405e-02,8.2780e-02,8.6123e-02,8.9419e-02,9.2656e-02,9.5819e-02,9.8894e-02,1.0187e-01,1.0473e-01,1.0746e-01,1.1006e-01,1.1250e-01,1.1476e-01,1.1684e-01,1.1870e-01,1.2032e-01,1.2169e-01,1.2277e-01,1.2353e-01,1.2395e-01,1.2400e-01,1.2368e-01,1.2295e-01,1.2183e-01,1.2031e-01,1.1841e-01,1.1614e-01,1.1352e-01,1.1060e-01,1.0739e-01,1.0394e-01,1.0028e-01,9.6431e-02,9.2433e-02,8.8310e-02,8.4087e-02,7.9788e-02,7.5433e-02,7.1042e-02,6.6632e-02,6.2223e-02,5.7833e-02,5.3478e-02,4.9179e-02,4.4953e-02,4.0820e-02,3.6798e-02,3.2906e-02,2.9163e-02,2.5586e-02,2.2192e-02,1.8996e-02,1.6010e-02,1.3246e-02,1.0713e-02,8.4178e-03,6.3629e-03,4.5501e-03,2.9780e-03,1.6430e-03,5.3876e-04,-3.4262e-04,-1.0111e-03
-9.2182e-06,1.4310e-04,3.9508e-04,7.5558e-04,1.2314e-03,1.8273e-03,2.5469e-03,3.3921e-03,4.3640e-03,5.4627e-03,6.6879e-03,8.0387e-03,9.5134e-03,1.1110e-02,1.2827e-02,1.4660e-02,1.6606e-02,1.8661e-02,2.0821e-02,2.3082e-02,2.5438e-02,2.7886e-02,3.0422e-02,3.3040e-02,3.5738e-02,3.8512e-02,4.1360e-02,4.4277e-02,4.7261e-02,5.0309e-02,5.3416e-02,5.6578e-02,5.9788e-02,6.3041e-02,6.6328e-02,6.9639e-02,7.2965e-02,7.6294e-02,7.9614e-02,8.2911e-02,8.6173e-02,8.9386e-02,9.2536e-02,9.5610e-02,9.8594e-02,1.0148e-01,1.0425e-01,1.0689e-01,1.0939e-01,1.1173e-01,1.1390e-01,1.1588e-01,1.1765e-01,1.1919e-01,1.2046e-01,1.2144e-01,1.2211e-01,1.2243e-01,1.2238e-01,1.2196e-01,1.2113e-01,1.1991e-01,1.1829e-01,1.1628e-01,1.1391e-01,1.1120e-01,1.0818e-01,1.0488e-01,1.0135e-01,9.7599e-02,9.3675e-02,8.9605e-02,8.5416e-02,8.1134e-02,7.6783e-02,7.2384e-02,6.7956e-02,6.3521e-02,5.9096e-02,5.4700e-02,5.0352e-02,4.6072e-02,4.1879e-02,3.7792e-02,3.3831e-02,3.0015e-02,2.6363e-02,2.2891e-02,1.9616e-02,1.6553e-02,1.3713e-02,1.1107e-02,8.7420e-03,6.6226e-03,4.7513e-03,3.1274e-03,1.7477e-03,6.0660e-04,-3.0380e-04,-9.9327e-04
-2.6074e-05,1.1687e-04,3.5423e-04,6.9417e-04,1.1431e-03,1.7055e-03,2.3846e-03,3.1822e-03,4.0994e-03,5.1364e-03,6.2931e-03,7.5689e-03,8.9626e-03,1.0473e-02,1.2098e-02,1.3835e-02,1.5682e-02,1.7634e-02,1.9689e-02,2.1843e-02,2.4090e-02,2.6428e-02,2.8852e-02,3.1358e-02,3.3943e-02,3.6603e-02,3.9337e-02,4.2140e-02,4.5011e-02,4.7946e-02,5.0943e-02,5.3996e-02,5.7101e-02,6.0253e-02,6.3444e-02,6.6667e-02,6.9911e-02,7.3166e-02,7.6421e-02,7.9664e-02,8.2881e-02,8.6060e-02,8.9186e-02,9.2248e-02,9.5231e-02,9.8124e-02,1.0091e-01,1.0359e-01,1.0613e-01,1.0854e-01,1.1079e-01,1.1287e-01,1.1475e-01,1.1643e-01,1.1787e-01,1.1904e-01,1.1993e-01,1.2050e-01,1.2072e-01,1.2057e-01,1.2004e-01,1.1912e-01,1.1779e-01,1.1607e-01,1.1396e-01,1.1149e-01,1.0868e-01,1.0557e-01,1.0219e-01,9.8563e-02,9.4736e-02,9.0738e-02,8.6601e-02,8.2352e-02,7.8017e-02,7.3620e-02,6.9185e-02,6.4731e-02,6.0280e-02,5.5850e-02,5.1462e-02,4.7134e-02,4.2888e-02,3.8743e-02,3.4719e-02,3.0837e-02,2.7114e-02,2.3570e-02,2.0222e-02,1.7085e-02,1.4172e-02,1.1495e-02,9.0629e-03,6.8808e-03,4.9520e-03,3.2769e-03,1.8530e-03,6.7515e-04,-2.6430e-04,-9.7500e-04
-4.1761e-05,9.2239e-05,3.1530e-04,6.3540e-04,1.0582e-03,1.5881e-03,2.2280e-03,2.9795e-03,3.8436e-03,4.8207e-03,5.9107e-03,7.1134e-03,8.4281e-03,9.8539e-03,1.1389e-02,1.3033e-02,1.4782e-02,1.6633e-02,1.8585e-02,2.0632e-02,2.2772e-02,2.5001e-02,2.7314e-02,2.9708e-02,3.2181e-02,3.4728e-02,3.7347e-02,4.0037e-02,4.2793e-02,4.5615e-02,4.8498e-02,5.1440e-02,5.4437e-02,5.7484e-02,6.0575e-02,6.3702e-02,6.6857e-02,7.0031e-02,7.3214e-02,7.6392e-02,7.9555e-02,8.2690e-02,8.5783e-02,8.8821e-02,9.1791e-02,9.4682e-02,9.7481e-02,1.0018e-01,1.0275e-01,1.0520e-01,1.0751e-01,1.0967e-01,1.1165e-01,1.1344e-01,1.1502e-01,1.1636e-01,1.1744e-01,1.1823e-01,1.1870e-01,1.1882e-01,1.1858e-01,1.1794e-01,1.1691e-01,1.1548e-01,1.1365e-01,1.1145e-01,1.0888e-01,1.0597e-01,1.0277e-01,9.9298e-02,9.5594e-02,9.1691e-02,8.7625e-02,8.3425e-02,7.9122e-02,7.4741e-02,7.0309e-02,6.5847e-02,6.1377e-02,5.6922e-02,5.2500e-02,4.8133e-02,4.3841e-02,3.9645e-02,3.5565e-02,3.1622e-02,2.7835e-02,2.4224e-02,2.0808e-02,1.7601e-02,1.4620e-02,1.1876e-02,9.3786e-03,7.1356e-03,5.1510e-03,3.4256e-03,1.9581e-03,7.4371e-04,-2.2465e-04,-9.5654e-04
-5.6015e-05,6.9228e-05,2.7865e-04,5.7941e-04,9.7711e-04,1.4756e-03,2.0775e-03,2.7843e-03,3.5969e-03,4.5159e-03,5.5413e-03,6.6729e-03,7.9106e-03,9.2539e-03,1.0702e-02,1.2253e-02,1.3906e-02,1.5659e-02,1.7508e-02,1.9452e-02,2.1485e-02,2.3606e-02,2.5810e-02,2.8094e-02,3.0454e-02,3.2889e-02,3.5395e-02,3.7970e-02,4.0612e-02,4.3318e-02,4.6088e-02,4.8917e-02,5.1802e-02,5.4741e-02,5.7726e-02,6.0753e-02,6.3813e-02,6.6899e-02,7.0000e-02,7.3106e-02,7.6206e-02,7.9286e-02,8.2335e-02,8.5340e-02,8.8287e-02,9.1165e-02,9.3961e-02,9.6664e-02,9.9262e-02,1.0174e-01,1.0410e-01,1.0631e-01,1.0837e-01,1.1025e-01,1.1195e-01,1.1343e-01,1.1467e-01,1.1566e-01,1.1634e-01,1.1671e-01,1.1673e-01,1.1638e-01,1.1565e-01,1.1451e-01,1.1298e-01,1.1105e-01,1.0874e-01,1.0607e-01,1.0307e-01,9.9780e-02,9.6225e-02,9.2442e-02,8.8469e-02,8.4339e-02,8.0084e-02,7.5734e-02,7.1317e-02,6.6858e-02,6.2380e-02,5.7907e-02,5.3461e-02,4.9061e-02,4.4731e-02,4.0491e-02,3.6362e-02,3.2365e-02,2.8521e-02,2.4849e-02,2.1369e-02,1.8099e-02,1.5053e-02,1.2245e-02,9.6864e-03,7.3852e-03,5.3465e-03,3.5724e-03,2.0622e-03,8.1188e-04,-1.8517e-04,-9.3818e-04
-6.8760e-05,4.8109e-05,2.4422e-04,5.2643e-04,8.9985e-04,1.3680e-03,1.9332e-03,2.5969e-03,3.3598e-03,4.2224e-03,5.1851e-03,6.2478e-03,7.4106e-03,8.6735e-03,1.0036e-02,1.1498e-02,1.3057e-02,1.4712e-02,1.6462e-02,1.8302e-02,2.0232e-02,2.2246e-02,2.4341e-02,2.6516e-02,2.8766e-02,3.1089e-02,3.3481e-02,3.5943e-02,3.8470e-02,4.1062e-02,4.3716e-02,4.6430e-02,4.9203e-02,5.2029e-02,5.4906e-02,5.7827e-02,6.0787e-02,6.3778e-02,6.6791e-02,6.9816e-02,7.2844e-02,7.5861e-02,7.8856e-02,8.1817e-02,8.4731e-02,8.7585e-02,9.0368e-02,9.3067e-02,9.5672e-02,9.8171e-02,1.0055e-01,1.0281e-01,1.0492e-01,1.0688e-01,1.0867e-01,1.1027e-01,1.1165e-01,1.1280e-01,1.1368e-01,1.1427e-01,1.1453e-01,1.1445e-01,1.1400e-01,1.1315e-01,1.1191e-01,1.1028e-01,1.0824e-01,1.0583e-01,1.0307e-01,9.9984e-02,9.6604e-02,9.2968e-02,8.9113e-02,8.5074e-02,8.0888e-02,7.6586e-02,7.2198e-02,6.7755e-02,6.3280e-02,5.8799e-02,5.4336e-02,4.9913e-02,4.5552e-02,4.1275e-02,3.7104e-02,3.3060e-02,2.9165e-02,2.5439e-02,2.1902e-02,1.8573e-02,1.5467e-02,1.2600e-02,9.9838e-03,7.6273e-03,5.5369e-03,3.7159e-03,2.1643e-03,8.7877e-04,-1.4646e-04,-9.2031e-04
-7.9749e-05,2.8864e-05,2.1217e-04,4.7642e-04,8.2649e-04,1.2654e-03,1.7953e-03,2.4174e-03,3.1323e-03,3.9406e-03,4.8425e-03,5.8384e-03,6.9286e-03,8.1134e-03,9.3929e-03,1.0767e-02,1.2234e-02,1.3795e-02,1.5446e-02,1.7186e-02,1.9012e-02,2.0921e-02,2.2911e-02,2.4977e-02,2.7118e-02,2.9330e-02,3.1611e-02,3.3959e-02,3.6372e-02,3.8849e-02,4.1387e-02,4.3986e-02,4.6643e-02,4.9356e-02,5.2120e-02,5.4932e-02,5.7787e-02,6.0677e-02,6.3595e-02,6.6533e-02,6.9479e-02,7.2425e-02,7.5357e-02,7.8264e-02,8.1134e-02,8.3954e-02,8.6712e-02,8.9397e-02,9.1997e-02,9.4503e-02,9.6902e-02,9.9184e-02,1.0134e-01,1.0335e-01,1.0521e-01,1.0690e-01,1.0840e-01,1.0968e-01,1.1073e-01,1.1151e-01,1.1200e-01,1.1216e-01,1.1197e-01,1.1141e-01,1.1047e-01,1.0912e-01,1.0738e-01,1.0525e-01,1.0274e-01,9.9883e-02,9.6706e-02,9.3244e-02,8.9533e-02,8.5611e-02,8.1515e-02,7.7280e-02,7.2940e-02,6.8525e-02,6.4066e-02,5.9589e-02,5.5119e-02,5.0680e-02,4.6297e-02,4.1991e-02,3.7785e-02,3.3702e-02,2.9763e-02,2.5989e-02,2.2402e-02,1.9019e-02,1.5860e-02,1.2938e-02,1.0268e-02,7.8596e-03,5.7204e-03,3.8546e-03,2.2631e-03,9.4371e-04,-1.0901e-04,-9.0337e-04
-8.9081e-05,1.1602e-05,1.8254e-04,4.2960e-04,7.5714e-04,1.1680e-03,1.6639e-03,2.2460e-03,2.9147e-03,3.6705e-03,4.5138e-03,5.4451e-03,6.4650e-03,7.5741e-03,8.7727e-03,1.0061e-02,1.1439e-02,1.2907e-02,1.4462e-02,1.6103e-02,1.7828e-02,1.9634e-02,2.1519e-02,2.3479e-02,2.5512e-02,2.7615e-02,2.9785e-02,3.2021e-02,3.4320e-02,3.6683e-02,3.9106e-02,4.1589e-02,4.4129e-02,4.6726e-02,4.9376e-02,5.2076e-02,5.4821e-02,5.7605e-02,6.0423e-02,6.3265e-02,6.6124e-02,6.8989e-02,7.1849e-02,7.4692e-02,7.7508e-02,8.0284e-02,8.3008e-02,8.5667e-02,8.8252e-02,9.0751e-02,9.3154e-02,9.5451e-02,9.7631e-02,9.9684e-02,1.0160e-01,1.0335e-01,1.0494e-01,1.0634e-01,1.0752e-01,1.0847e-01,1.0915e-01,1.0953e-01,1.0959e-01,1.0930e-01,1.0864e-01,1.0758e-01,1.0614e-01,1.0429e-01,1.0206e-01,9.9454e-02,9.6507e-02,9.3246e-02,8.9707e-02,8.5927e-02,8.1946e-02,7.7800e-02,7.3526e-02,6.9158e-02,6.4729e-02,6.0267e-02,5.5801e-02,5.1357e-02,4.6960e-02,4.2633e-02,3.8401e-02,3.4285e-02,3.0310e-02,2.6495e-02,2.2864e-02,1.9435e-02,1.6226e-02,1.3255e-02,1.0536e-02,8.0796e-03,5.8947e-03,3.9867e-03,2.3575e-03,1.0057e-03,-7.3436e-05,-8.8763e-04
-9.6550e-05,-3.4980e-06,1.5538e-04,3.8593e-04,6.9182e-04,1.0757e-03,1.5390e-03,2.0826e-03,2.7068e-03,3.4122e-03,4.1991e-03,5.0681e-03,6.0200e-03,7.0557e-03,8.1760e-03,9.3816e-03,1.0673e-02,1.2049e-02,1.3511e-02,1.5055e-02,1.6681e-02,1.8387e-02,2.0168e-02,2.2024e-02,2.3950e-02,2.5945e-02,2.8006e-02,3.0131e-02,3.2318e-02,3.4567e-02,3.6875e-02,3.9242e-02,4.1666e-02,4.4146e-02,4.6680e-02,4.9264e-02,5.1896e-02,5.4571e-02,5.7282e-02,6.0024e-02,6.2787e-02,6.5564e-02,6.8343e-02,7.1114e-02,7.3867e-02,7.6588e-02,7.9266e-02,8.1891e-02,8.4449e-02,8.6931e-02,8.9327e-02,9.1626e-02,9.3818e-02,9.5894e-02,9.7843e-02,9.9653e-02,1.0131e-01,1.0280e-01,1.0409e-01,1.0517e-01,1.0602e-01,1.0659e-01,1.0687e-01,1.0683e-01,1.0643e-01,1.0566e-01,1.0451e-01,1.0295e-01,1.0101e-01,9.8677e-02,9.5982e-02,9.2949e-02,8.9609e-02,8.5999e-02,8.2159e-02,7.8126e-02,7.3940e-02,6.9638e-02,6.5255e-02,6.0824e-02,5.6375e-02,5.1936e-02,4.7534e-02,4.3196e-02,3.8945e-02,3.4805e-02,3.0800e-02,2.6952e-02,2.3283e-02,1.9814e-02,1.6563e-02,1.3548e-02,1.0785e-02,8.2847e-03,6.0580e-03,4.1109e-03,2.4463e-03,1.0637e-03,-4.0621e-05,-8.7393e-04
-1.0222e-04,-1.6687e-05,1.3078e-04,3.4537e-04,6.3050e-04,9.8851e-04,1.4206e-03,1.9273e-03,2.5090e-03,3.1659e-03,3.8985e-03,4.7075e-03,5.5939e-03,6.5587e-03,7.6032e-03,8.7284e-03,9.9351e-03,1.1223e-02,1.2593e-02,1.4043e-02,1.5572e-02,1.7179e-02,1.8859e-02,2.0612e-02,2.2434e-02,2.4323e-02,2.6276e-02,2.8292e-02,3.0368e-02,3.2504e-02,3.4698e-02,3.6949e-02,3.9257e-02,4.1619e-02,4.4036e-02,4.6503e-02,4.9020e-02,5.1581e-02,5.4182e-02,5.6817e-02,5.9479e-02,6.2160e-02,6.4851e-02,6.7542e-02,7.0221e-02,7.2878e-02,7.5502e-02,7.8080e-02,8.0602e-02,8.3056e-02,8.5433e-02,8.7723e-02,8.9915e-02,9.2002e-02,9.3972e-02,9.5816e-02,9.7522e-02,9.9074e-02,1.0046e-01,1.0165e-01,1.0263e-01,1.0337e-01,1.0384e-01,1.0402e-01,1.0387e-01,1.0337e-01,1.0250e-01,1.0124e-01,9.9582e-02,9.7537e-02,9.5113e-02,9.2330e-02,8.9216e-02,8.5804e-02,8.2131e-02,7.8238e-02,7.4164e-02,6.9950e-02,6.5632e-02,6.1248e-02,5.6829e-02,5.2408e-02,4.8013e-02,4.3672e-02,3.9412e-02,3.5256e-02,3.1229e-02,2.7355e-02,2.3656e-02,2.0153e-02,1.6866e-02,1.3814e-02,1.1011e-02,8.4724e-03,6.2078e-03,4.2250e-03,2.5278e-03,1.1167e-03,-1.1271e-05,-8.6255e-04
-1.0615e-04,-2.7782e-05,1.0864e-04,3.0791e-04,5.7321e-04,9.0650e-04,1.3086e-03,1.7801e-03,2.3210e-03,2.9315e-03,3.6121e-03,4.3635e-03,5.1868e-03,6.0834e-03,7.0546e-03,8.1020e-03,9.2266e-03,1.0429e-02,1.1710e-02,1.3068e-02,1.4503e-02,1.6012e-02,1.7594e-02,1.9246e-02,2.0965e-02,2.2750e-02,2.4598e-02,2.6506e-02,2.8473e-02,3.0497e-02,3.2578e-02,3.4715e-02,3.6906e-02,3.9152e-02,4.1450e-02,4.3800e-02,4.6198e-02,4.8643e-02,5.1130e-02,5.3655e-02,5.6210e-02,5.8789e-02,6.1384e-02,6.3986e-02,6.6584e-02,6.9168e-02,7.1727e-02,7.4249e-02,7.6724e-02,7.9141e-02,8.1488e-02,8.3757e-02,8.5939e-02,8.8023e-02,9.0001e-02,9.1865e-02,9.3602e-02,9.5202e-02,9.6650e-02,9.7929e-02,9.9019e-02,9.9896e-02,1.0053e-01,1.0090e-01,1.0097e-01,1.0072e-01,1.0012e-01,9.9139e-02,9.7777e-02,9.6024e-02,9.3885e-02,9.1371e-02,8.8506e-02,8.5318e-02,8.1841e-02,7.8114e-02,7.4179e-02,7.0076e-02,6.5845e-02,6.1526e-02,5.7154e-02,5.2765e-02,4.8389e-02,4.4057e-02,3.9796e-02,3.5633e-02,3.1593e-02,2.7700e-02,2.3979e-02,2.0449e-02,1.7133e-02,1.4048e-02,1.1212e-02,8.6399e-03,6.3420e-03,4.3272e-03,2.6005e-03,1.1635e-03,1.3666e-05,-8.5421e-04
-1.0822e-04,-3.7011e-05,8.8755e-05,2.7338e-04,5.1977e-04,8.2939e-04,1.2030e-03,1.6409e-03,2.1428e-03,2.7090e-03,3.3398e-03,4.0360e-03,4.7987e-03,5.6296e-03,6.5303e-03,7.5025e-03,8.5478e-03,9.6672e-03,1.0861e-02,1.2130e-02,1.3472e-02,1.4887e-02,1.6372e-02,1.7926e-02,1.9545e-02,2.1228e-02,2.2972e-02,2.4774e-02,2.6633e-02,2.8548e-02,3.0518e-02,3.2541e-02,3.4617e-02,3.6746e-02,3.8927e-02,4.1158e-02,4.3438e-02,4.5765e-02,4.8135e-02,5.0545e-02,5.2989e-02,5.5461e-02,5.7954e-02,6.0459e-02,6.2968e-02,6.5470e-02,6.7955e-02,7.0412e-02,7.2830e-02,7.5198e-02,7.7506e-02,7.9745e-02,8.1904e-02,8.3974e-02,8.5948e-02,8.7817e-02,8.9571e-02,9.1201e-02,9.2695e-02,9.4037e-02,9.5212e-02,9.6197e-02,9.6971e-02,9.7504e-02,9.7770e-02,9.7738e-02,9.7381e-02,9.6673e-02,9.5595e-02,9.4134e-02,9.2287e-02,9.0057e-02,8.7460e-02,8.4520e-02,8.1265e-02,7.7733e-02,7.3962e-02,6.9996e-02,6.5876e-02,6.1644e-02,5.7338e-02,5.2997e-02,4.8654e-02,4.4342e-02,4.0092e-02,3.5931e-02,3.1887e-02,2.7984e-02,2.4246e-02,2.0697e-02,1.7358e-02,1.4249e-02,1.1386e-02,8.7847e-03,6.4583e-03,4.4157e-03,2.6631e-03,1.2027e-03,3.3384e-05,-8.4955e-04
-1.0873e-04,-4.4322e-05,7.1186e-05,2.4176e-04,4.7001e-04,7.5718e-04,1.1037e-03,1.5095e-03,1.9743e-03,2.4983e-03,3.0815e-03,3.7249e-03,4.4296e-03,5.1974e-03,6.0303e-03,6.9302e-03,7.8989e-03,8.9379e-03,1.0048e-02,1.1230e-02,1.2483e-02,1.3805e-02,1.5196e-02,1.6654e-02,1.8175e-02,1.9758e-02,2.1400e-02,2.3099e-02,2.4853e-02,2.6660e-02,2.8520e-02,3.0431e-02,3.2394e-02,3.4407e-02,3.6470e-02,3.8583e-02,4.0744e-02,4.2951e-02,4.5203e-02,4.7495e-02,4.9824e-02,5.2185e-02,5.4570e-02,5.6973e-02,5.9385e-02,6.1797e-02,6.4200e-02,6.6582e-02,6.8934e-02,7.1244e-02,7.3503e-02,7.5700e-02,7.7826e-02,7.9872e-02,8.1830e-02,8.3692e-02,8.5450e-02,8.7094e-02,8.8615e-02,9.0001e-02,9.1237e-02,9.2307e-02,9.3188e-02,9.3858e-02,9.4288e-02,9.4451e-02,9.4317e-02,9.3858e-02,9.3049e-02,9.1873e-02,9.0317e-02,8.8379e-02,8.6065e-02,8.3392e-02,8.0383e-02,7.7071e-02,7.3494e-02,6.9692e-02,6.5709e-02,6.1587e-02,5.7368e-02,5.3093e-02,4.8799e-02,4.4522e-02,4.0294e-02,3.6145e-02,3.2106e-02,2.8201e-02,2.4456e-02,2.0895e-02,1.7541e-02,1.4412e-02,1.1528e-02,8.9044e-03,6.5545e-03,4.4887e-03,2.7137e-03,1.2333e-03,4.6890e-05,-8.4939e-04
-1.0761e-04,-4.9922e-05,5.5742e-05,2.1288e-04,4.2381e-04,6.8963e-04,1.0103e-03,1.3856e-03,1.8153e-03,2.2990e-03,2.8370e-03,3.4300e-03,4.0794e-03,4.7869e-03,5.5547e-03,6.3851e-03,7.2800e-03,8.2415e-03,9.2705e-03,1.0368e-02,1.1534e-02,1.2767e-02,1.4066e-02,1.5430e-02,1.6856e-02,1.8341e-02,1.9884e-02,2.1481e-02,2.3132e-02,2.4834e-02,2.6586e-02,2.8388e-02,3.0239e-02,3.2138e-02,3.4085e-02,3.6080e-02,3.8121e-02,4.0209e-02,4.2341e-02,4.4514e-02,4.6725e-02,4.8970e-02,5.1243e-02,5.3538e-02,5.5847e-02,5.8162e-02,6.0474e-02,6.2774e-02,6.5050e-02,6.7293e-02,6.9492e-02,7.1638e-02,7.3722e-02,7.5733e-02,7.7665e-02,7.9508e-02,8.1257e-02,8.2902e-02,8.4435e-02,8.5846e-02,8.7124e-02,8.8254e-02,8.9219e-02,8.9996e-02,9.0563e-02,9.0891e-02,9.0952e-02,9.0717e-02,9.0158e-02,8.9252e-02,8.7981e-02,8.6335e-02,8.4312e-02,8.1920e-02,7.9178e-02,7.6112e-02,7.2754e-02,6.9144e-02,6.5323e-02,6.1337e-02,5.7228e-02,5.3040e-02,4.8813e-02,4.4586e-02,4.0394e-02,3.6271e-02,3.2246e-02,2.8348e-02,2.4605e-02,2.1040e-02,1.7677e-02,1.4536e-02,1.1637e-02,8.9968e-03,6.6288e-03,4.5443e-03,2.7513e-03,1.2540e-03,5.3299e-05,-8.5414e-04
-1.0506e-04,-5.3983e-05,4.2154e-05,1.8647e-04,3.8106e-04,6.2646e-04,9.2268e-04,1.2692e-03,1.6655e-03,2.1110e-03,2.6061e-03,3.1512e-03,3.7479e-03,4.3979e-03,5.1034e-03,5.8672e-03,6.6912e-03,7.5779e-03,8.5287e-03,9.5446e-03,1.0626e-02,1.1772e-02,1.2983e-02,1.4255e-02,1.5588e-02,1.6978e-02,1.8424e-02,1.9923e-02,2.1473e-02,2.3072e-02,2.4719e-02,2.6413e-02,2.8154e-02,2.9941e-02,3.1773e-02,3.3651e-02,3.5575e-02,3.7543e-02,3.9554e-02,4.1607e-02,4.3699e-02,4.5825e-02,4.7982e-02,5.0165e-02,5.2366e-02,5.4578e-02,5.6792e-02,5.9001e-02,6.1193e-02,6.3360e-02,6.5491e-02,6.7577e-02,6.9608e-02,7.1574e-02,7.3469e-02,7.5284e-02,7.7012e-02,7.8645e-02,8.0177e-02,8.1598e-02,8.2900e-02,8.4070e-02,8.5093e-02,8.5953e-02,8.6627e-02,8.7091e-02,8.7319e-02,8.7280e-02,8.6946e-02,8.6291e-02,8.5291e-02,8.3931e-02,8.2200e-02,8.0099e-02,7.7638e-02,7.4837e-02,7.1723e-02,6.8331e-02,6.4701e-02,6.0877e-02,5.6904e-02,5.2826e-02,4.8686e-02,4.4527e-02,4.0387e-02,3.6301e-02,3.2303e-02,2.8423e-02,2.4690e-02,2.1129e-02,1.7765e-02,1.4619e-02,1.1712e-02,9.0601e-03,6.6794e-03,4.5812e-03,2.7743e-03,1.2640e-03,5.1724e-05,-8.6451e-04
-1.0144e-04,-5.6620e-05,3.0288e-05,1.6247e-04,3.4127e-04,5.6754e-04,8.4066e-04,1.1599e-03,1.5246e-03,1.9340e-03,2.3884e-03,2.8882e-03,3.4347e-03,4.0300e-03,4.6762e-03,5.3761e-03,6.1324e-03,6.9472e-03,7.8227e-03,8.7601e-03,9.7600e-03,1.0822e-02,1.1946e-02,1.3130e-02,1.4372e-02,1.5670e-02,1.7022e-02,1.8424e-02,1.9876e-02,2.1375e-02,2.2919e-02,2.4509e-02,2.6142e-02,2.7819e-02,2.9539e-02,3.1302e-02,3.3109e-02,3.4958e-02,3.6849e-02,3.8781e-02,4.0752e-02,4.2759e-02,4.4797e-02,4.6864e-02,4.8952e-02,5.1055e-02,5.3166e-02,5.5277e-02,5.7378e-02,5.9460e-02,6.1515e-02,6.3531e-02,6.5500e-02,6.7413e-02,6.9262e-02,7.1038e-02,7.2735e-02,7.4345e-02,7.5863e-02,7.7280e-02,7.8589e-02,7.9781e-02,8.0843e-02,8.1761e-02,8.2517e-02,8.3089e-02,8.3453e-02,8.3582e-02,8.3445e-02,8.3017e-02,8.2269e-02,8.1181e-02,7.9736e-02,7.7928e-02,7.5757e-02,7.3237e-02,7.0387e-02,6.7237e-02,6.3825e-02,6.0190e-02,5.6378e-02,5.2435e-02,4.8406e-02,4.4335e-02,4.0263e-02,3.6230e-02,3.2272e-02,2.8421e-02,2.4707e-02,2.1159e-02,1.7802e-02,1.4658e-02,1.1749e-02,9.0929e-03,6.7050e-03,4.5981e-03,2.7818e-03,1.2621e-03,4.1623e-05,-8.8101e-04
-9.6602e-05,-5.8105e-05,1.9990e-05,1.4035e-04,3.0449e-04,5.1246e-04,7.6381e-04,1.0573e-03,1.3922e-03,1.7677e-03,2.1836e-03,2.6405e-03,3.1397e-03,3.6829e-03,4.2727e-03,4.9119e-03,5.6032e-03,6.3493e-03,7.1525e-03,8.0143e-03,8.9357e-03,9.9168e-03,1.0957e-02,1.2055e-02,1.3210e-02,1.4418e-02,1.5678e-02,1.6987e-02,1.8343e-02,1.9745e-02,2.1189e-02,2.2676e-02,2.4204e-02,2.5774e-02,2.7384e-02,2.9034e-02,3.0726e-02,3.2458e-02,3.4230e-02,3.6042e-02,3.7892e-02,3.9777e-02,4.1696e-02,4.3643e-02,4.5615e-02,4.7606e-02,4.9608e-02,5.1615e-02,5.3618e-02,5.5609e-02,5.7579e-02,5.9518e-02,6.1417e-02,6.3267e-02,6.5060e-02,6.6788e-02,6.8445e-02,7.0022e-02,7.1514e-02,7.2916e-02,7.4219e-02,7.5416e-02,7.6499e-02,7.7454e-02,7.8267e-02,7.8921e-02,7.9393e-02,7.9659e-02,7.9691e-02,7.9461e-02,7.8941e-02,7.8106e-02,7.6935e-02,7.5414e-02,7.3536e-02,7.1306e-02,6.8736e-02,6.5850e-02,6.2678e-02,5.9259e-02,5.5636e-02,5.1853e-02,4.7959e-02,4.3998e-02,4.0015e-02,3.6052e-02,3.2148e-02,2.8338e-02,2.4655e-02,2.1129e-02,1.7787e-02,1.4653e-02,1.1749e-02,9.0941e-03,6.7046e-03,4.5941e-03,2.7729e-03,1.2479e-03,2.2411e-05,-9.0383e-04
-9.0925e-05,-5.8644e-05,1.0887e-05,1.2009e-04,2.7018e-04,4.6099e-04,6.9169e-04,9.6117e-04,1.2681e-03,1.6117e-03,1.9914e-03,2.4079e-03,2.8622e-03,3.3562e-03,3.8926e-03,4.4739e-03,5.1034e-03,5.7839e-03,6.5178e-03,7.3071e-03,8.1529e-03,9.0558e-03,1.0015e-02,1.1031e-02,1.2100e-02,1.3222e-02,1.4393e-02,1.5611e-02,1.6875e-02,1.8182e-02,1.9529e-02,2.0917e-02,2.2343e-02,2.3808e-02,2.5310e-02,2.6851e-02,2.8430e-02,3.0047e-02,3.1702e-02,3.3394e-02,3.5124e-02,3.6888e-02,3.8686e-02,4.0513e-02,4.2366e-02,4.4241e-02,4.6130e-02,4.8029e-02,4.9928e-02,5.1821e-02,5.3699e-02,5.5553e-02,5.7374e-02,5.9153e-02,6.0882e-02,6.2554e-02,6.4161e-02,6.5696e-02,6.7154e-02,6.8528e-02,6.9813e-02,7.1002e-02,7.2089e-02,7.3063e-02,7.3913e-02,7.4623e-02,7.5177e-02,7.5551e-02,7.5722e-02,7.5662e-02,7.5342e-02,7.4737e-02,7.3820e-02,7.2573e-02,7.0983e-02,6.9045e-02,6.6765e-02,6.4158e-02,6.1249e-02,5.8070e-02,5.4662e-02,5.1067e-02,4.7332e-02,4.3505e-02,3.9632e-02,3.5758e-02,3.1924e-02,2.8170e-02,2.4530e-02,2.1037e-02,1.7719e-02,1.4602e-02,1.1710e-02,9.0632e-03,6.6781e-03,4.5691e-03,2.7476e-03,1.2211e-03,-5.9288e-06,-9.3322e-04
-8.4743e-05,-5.8562e-05,2.6897e-06,1.0126e-04,2.3811e-04,4.1268e-04,6.2418e-04,8.7095e-04,1.1517e-03,1.4653e-03,1.8112e-03,2.1896e-03,2.6018e-03,3.0495e-03,3.5353e-03,4.0619e-03,4.6327e-03,5.2506e-03,5.9183e-03,6.6383e-03,7.4116e-03,8.2393e-03,9.1212e-03,1.0057e-02,1.1044e-02,1.2082e-02,1.3167e-02,1.4298e-02,1.5472e-02,1.6687e-02,1.7940e-02,1.9232e-02,2.0559e-02,2.1922e-02,2.3321e-02,2.4754e-02,2.6223e-02,2.7727e-02,2.9267e-02,3.0842e-02,3.2453e-02,3.4097e-02,3.5774e-02,3.7480e-02,3.9213e-02,4.0969e-02,4.2743e-02,4.4529e-02,4.6321e-02,4.8110e-02,4.9890e-02,5.1652e-02,5.3388e-02,5.5089e-02,5.6747e-02,5.8354e-02,5.9903e-02,6.1387e-02,6.2801e-02,6.4139e-02,6.5395e-02,6.6564e-02,6.7641e-02,6.8618e-02,6.9485e-02,7.0232e-02,7.0843e-02,7.1299e-02,7.1579e-02,7.1659e-02,7.1511e-02,7.1107e-02,7.0422e-02,6.9431e-02,6.8116e-02,6.6466e-02,6.4479e-02,6.2161e-02,5.9530e-02,5.6612e-02,5.3442e-02,5.0060e-02,4.6512e-02,4.2844e-02,3.9104e-02,3.5340e-02,3.1595e-02,2.7912e-02,2.4329e-02,2.0880e-02,1.7596e-02,1.4506e-02,1.1633e-02,9.0004e-03,6.6252e-03,4.5229e-03,2.7057e-03,1.1819e-03,-4.3415e-05,-9.6878e-04
-7.8221e-05,-5.8157e-05,-4.8373e-06,8.3565e-05,2.0781e-04,3.6725e-04,5.6059e-04,7.8633e-04,1.0426e-03,1.3282e-03,1.6424e-03,1.9854e-03,2.3580e-03,2.7622e-03,3.2002e-03,3.6752e-03,4.1903e-03,4.7489e-03,5.3537e-03,6.0073e-03,6.7114e-03,7.4670e-03,8.2743e-03,9.1329e-03,1.0041e-02,1.0998e-02,1.2000e-02,1.3047e-02,1.4134e-02,1.5260e-02,1.6423e-02,1.7622e-02,1.8854e-02,2.0119e-02,2.1416e-02,2.2746e-02,2.4108e-02,2.5502e-02,2.6930e-02,2.8390e-02,2.9883e-02,3.1409e-02,3.2965e-02,3.4551e-02,3.6164e-02,3.7801e-02,3.9457e-02,4.1128e-02,4.2807e-02,4.4489e-02,4.6167e-02,4.7831e-02,4.9476e-02,5.1092e-02,5.2671e-02,5.4206e-02,5.5690e-02,5.7116e-02,5.8478e-02,5.9771e-02,6.0989e-02,6.2128e-02,6.3183e-02,6.4149e-02,6.5018e-02,6.5782e-02,6.6428e-02,6.6941e-02,6.7304e-02,6.7494e-02,6.7488e-02,6.7257e-02,6.6775e-02,6.6017e-02,6.4960e-02,6.3586e-02,6.1887e-02,5.9862e-02,5.7520e-02,5.4879e-02,5.1968e-02,4.8823e-02,4.5486e-02,4.2002e-02,3.8421e-02,3.4789e-02,3.1154e-02,2.7560e-02,2.4048e-02,2.0656e-02,1.7417e-02,1.4363e-02,1.1518e-02,8.9057e-03,6.5465e-03,4.4564e-03,2.6479e-03,1.1308e-03,-8.9239e-05,-1.0099e-03
-7.1704e-05,-5.7578e-05,-1.2042e-05,6.6750e-05,1.7906e-04,3.2419e-04,5.0073e-04,7.0674e-04,9.4025e-04,1.1999e-03,1.4846e-03,1.7945e-03,2.1302e-03,2.4935e-03,2.8868e-03,3.3132e-03,3.7759e-03,4.2782e-03,4.8234e-03,5.4140e-03,6.0519e-03,6.7386e-03,7.4745e-03,8.2592e-03,9.0918e-03,9.9706e-03,1.0893e-02,1.1858e-02,1.2862e-02,1.3903e-02,1.4979e-02,1.6087e-02,1.7227e-02,1.8397e-02,1.9597e-02,2.0826e-02,2.2085e-02,2.3373e-02,2.4691e-02,2.6040e-02,2.7419e-02,2.8827e-02,3.0266e-02,3.1732e-02,3.3226e-02,3.4743e-02,3.6280e-02,3.7834e-02,3.9400e-02,4.0971e-02,4.2541e-02,4.4104e-02,4.5652e-02,4.7177e-02,4.8672e-02,5.0130e-02,5.1542e-02,5.2902e-02,5.4205e-02,5.5445e-02,5.6617e-02,5.7718e-02,5.8742e-02,5.9685e-02,6.0542e-02,6.1306e-02,6.1969e-02,6.2518e-02,6.2938e-02,6.3212e-02,6.3317e-02,6.3229e-02,6.2923e-02,6.2370e-02,6.1547e-02,6.0432e-02,5.9011e-02,5.7274e-02,5.5223e-02,5.2870e-02,5.0235e-02,4.7347e-02,4.4245e-02,4.0971e-02,3.7571e-02,3.4096e-02,3.0592e-02,2.7107e-02,2.3684e-02,2.0363e-02,1.7182e-02,1.4172e-02,1.1364e-02,8.7803e-03,6.4434e-03,4.3706e-03,2.5755e-03,1.0690e-03,-1.4249e-04,-1.0558e-03
-6.5402e-05,-5.7309e-05,-1.9257e-05,5.0279e-05,1.5138e-04,2.8322e-04,4.4401e-04,6.3170e-04,8.4418e-04,1.0797e-03,1.3371e-03,1.6162e-03,1.9176e-03,2.2429e-03,2.5944e-03,2.9753e-03,3.3885e-03,3.8379e-03,4.3266e-03,4.8574e-03,5.4325e-03,6.0536e-03,6.7213e-03,7.4355e-03,8.1953e-03,8.9994e-03,9.8457e-03,1.0732e-02,1.1656e-02,1.2615e-02,1.3606e-02,1.4629e-02,1.5680e-02,1.6759e-02,1.7865e-02,1.8998e-02,2.0157e-02,2.1342e-02,2.2555e-02,2.3795e-02,2.5062e-02,2.6357e-02,2.7680e-02,2.9029e-02,3.0404e-02,3.1802e-02,3.3221e-02,3.4658e-02,3.6108e-02,3.7566e-02,3.9027e-02,4.0485e-02,4.1932e-02,4.3362e-02,4.4767e-02,4.6141e-02,4.7475e-02,4.8765e-02,5.0002e-02,5.1183e-02,5.2302e-02,5.3356e-02,5.4340e-02,5.5251e-02,5.6085e-02,5.6837e-02,5.7501e-02,5.8066e-02,5.8522e-02,5.8855e-02,5.9044e-02,5.9070e-02,5.8908e-02,5.8532e-02,5.7916e-02,5.7038e-02,5.5876e-02,5.4416e-02,5.2654e-02,5.0592e-02,4.8242e-02,4.5628e-02,4.2781e-02,3.9740e-02,3.6547e-02,3.3252e-02,2.9902e-02,2.6547e-02,2.3231e-02,1.9998e-02,1.6888e-02,1.3935e-02,1.1172e-02,8.6252e-03,6.3171e-03,4.2671e-03,2.4904e-03,9.9826e-04,-2.0131e-04,-1.1046e-03
-5.9698e-05,-5.7517e-05,-2.6893e-05,3.3782e-05,1.2429e-04,2.4370e-04,3.8994e-04,5.6070e-04,7.5382e-04,9.6706e-04,1.1993e-03,1.4500e-03,1.7196e-03,2.0096e-03,2.3223e-03,2.6604e-03,3.0276e-03,3.4273e-03,3.8627e-03,4.3370e-03,4.8526e-03,5.4113e-03,6.0140e-03,6.6609e-03,7.3512e-03,8.0839e-03,8.8569e-03,9.6681e-03,1.0515e-02,1.1395e-02,1.2306e-02,1.3246e-02,1.4212e-02,1.5204e-02,1.6220e-02,1.7260e-02,1.8324e-02,1.9410e-02,2.0521e-02,2.1656e-02,2.2816e-02,2.4001e-02,2.5211e-02,2.6445e-02,2.7704e-02,2.8985e-02,3.0287e-02,3.1606e-02,3.2941e-02,3.4285e-02,3.5635e-02,3.6985e-02,3.8329e-02,3.9660e-02,4.0971e-02,4.2257e-02,4.3509e-02,4.4721e-02,4.5888e-02,4.7004e-02,4.8065e-02,4.9066e-02,5.0003e-02,5.0874e-02,5.1676e-02,5.2405e-02,5.3055e-02,5.3621e-02,5.4095e-02,5.4464e-02,5.4713e-02,5.4825e-02,5.4778e-02,5.4548e-02,5.4111e-02,5.3442e-02,5.2517e-02,5.1318e-02,4.9834e-02,4.8059e-02,4.5999e-02,4.3669e-02,4.1093e-02,3.8304e-02,3.5341e-02,3.2250e-02,2.9077e-02,2.5873e-02,2.2684e-02,1.9557e-02,1.6533e-02,1.3651e-02,1.0944e-02,8.4417e-03,6.1696e-03,4.1482e-03,2.3944e-03,9.2089e-04,-2.6377e-04,-1.1544e-03
-5.4887e-05,-5.8759e-05,-3.5275e-05,1.6996e-05,9.7616e-05,2.0534e-04,3.3806e-04,4.9331e-04,6.6843e-04,8.6136e-04,1.0705e-03,1.2950e-03,1.5354e-03,1.7928e-03,2.0694e-03,2.3681e-03,2.6921e-03,3.0452e-03,3.4307e-03,3.8518e-03,4.3113e-03,4.8109e-03,5.3519e-03,5.9348e-03,6.5590e-03,7.2235e-03,7.9265e-03,8.6659e-03,9.4393e-03,1.0244e-02,1.1078e-02,1.1939e-02,1.2824e-02,1.3733e-02,1.4663e-02,1.5614e-02,1.6586e-02,1.7578e-02,1.8591e-02,1.9626e-02,2.0682e-02,2.1760e-02,2.2861e-02,2.3984e-02,2.5129e-02,2.6296e-02,2.7482e-02,2.8686e-02,2.9906e-02,3.1136e-02,3.2375e-02,3.3616e-02,3.4854e-02,3.6083e-02,3.7298e-02,3.8492e-02,3.9658e-02,4.0790e-02,4.1881e-02,4.2928e-02,4.3925e-02,4.4868e-02,4.5753e-02,4.6578e-02,4.7340e-02,4.8036e-02,4.8663e-02,4.9217e-02,4.9692e-02,5.0078e-02,5.0365e-02,5.0538e-02,5.0579e-02,5.0467e-02,5.0179e-02,4.9689e-02,4.8975e-02,4.8014e-02,4.6791e-02,4.5294e-02,4.3521e-02,4.1478e-02,3.9183e-02,3.6662e-02,3.3948e-02,3.1082e-02,2.8110e-02,2.5080e-02,2.2040e-02,1.9037e-02,1.6116e-02,1.3317e-02,1.0678e-02,8.2311e-03,6.0028e-03,4.0166e-03,2.2907e-03,8.3959e-04,-3.2675e-04,-1.2023e-03
-5.1310e-05,-6.1235e-05,-4.4684e-05,-6.4075e-07,7.0630e-05,1.6756e-04,2.8786e-04,4.2878e-04,5.8758e-04,7.6187e-04,9.4980e-04,1.1505e-03,1.3641e-03,1.5916e-03,1.8350e-03,2.0972e-03,2.3812e-03,2.6909e-03,3.0298e-03,3.4010e-03,3.8076e-03,4.2515e-03,4.7343e-03,5.2564e-03,5.8178e-03,6.4175e-03,7.0537e-03,7.7248e-03,8.4281e-03,9.1612e-03,9.9216e-03,1.0707e-02,1.1515e-02,1.2344e-02,1.3192e-02,1.4059e-02,1.4943e-02,1.5846e-02,1.6766e-02,1.7704e-02,1.8661e-02,1.9637e-02,2.0633e-02,2.1648e-02,2.2684e-02,2.3739e-02,2.4813e-02,2.5903e-02,2.7009e-02,2.8127e-02,2.9254e-02,3.0386e-02,3.1518e-02,3.2645e-02,3.3761e-02,3.4860e-02,3.5937e-02,3.6985e-02,3.7999e-02,3.8972e-02,3.9901e-02,4.0782e-02,4.1610e-02,4.2384e-02,4.3100e-02,4.3757e-02,4.4353e-02,4.4884e-02,4.5347e-02,4.5736e-02,4.6042e-02,4.6254e-02,4.6358e-02,4.6335e-02,4.6166e-02,4.5827e-02,4.5294e-02,4.4546e-02,4.3561e-02,4.2325e-02,4.0828e-02,3.9071e-02,3.7061e-02,3.4818e-02,3.2368e-02,2.9747e-02,2.6996e-02,2.4161e-02,2.1291e-02,1.8432e-02,1.5632e-02,1.2934e-02,1.0376e-02,7.9945e-03,5.8189e-03,3.8745e-03,2.1822e-03,7.5778e-04,-3.8723e-04,-1.2453e-03
-4.9328e-05,-6.5384e-05,-5.5674e-05,-1.9390e-05,4.3058e-05,1.2996e-04,2.3878e-04,3.6671e-04,5.1062e-04,6.6800e-04,8.3680e-04,1.0159e-03,1.2050e-03,1.4051e-03,1.6181e-03,1.8466e-03,2.0938e-03,2.3634e-03,2.6588e-03,2.9835e-03,3.3405e-03,3.7322e-03,4.1600e-03,4.6248e-03,5.1267e-03,5.6648e-03,6.2378e-03,6.8439e-03,7.4805e-03,8.1454e-03,8.8359e-03,9.5494e-03,1.0284e-02,1.1037e-02,1.1808e-02,1.2594e-02,1.3396e-02,1.4213e-02,1.5044e-02,1.5891e-02,1.6753e-02,1.7632e-02,1.8527e-02,1.9440e-02,2.0370e-02,2.1317e-02,2.2281e-02,2.3262e-02,2.4257e-02,2.5264e-02,2.6282e-02,2.7305e-02,2.8331e-02,2.9355e-02,3.0371e-02,3.1375e-02,3.2360e-02,3.3322e-02,3.4254e-02,3.5152e-02,3.6011e-02,3.6826e-02,3.7594e-02,3.8312e-02,3.8979e-02,3.9591e-02,4.0149e-02,4.0650e-02,4.1092e-02,4.1470e-02,4.1780e-02,4.2012e-02,4.2157e-02,4.2199e-02,4.2121e-02,4.1903e-02,4.1523e-02,4.0958e-02,4.0186e-02,3.9189e-02,3.7953e-02,3.6470e-02,3.4743e-02,3.2781e-02,3.0605e-02,2.8243e-02,2.5732e-02,2.3114e-02,2.0434e-02,1.7740e-02,1.5080e-02,1.2498e-02,1.0036e-02,7.7324e-03,5.6193e-03,3.7248e-03,2.0720e-03,6.7881e-04,-4.4127e-04,-1.2796e-03
-4.9398e-05,-7.1480e-05,-6.8601e-05,-3.9699e-05,1.4422e-05,9.2012e-05,1.9029e-04,3.0635e-04,4.3689e-04,5.7903e-04,7.3058e-04,8.9006e-04,1.0571e-03,1.2325e-03,1.4177e-03,1.6155e-03,1.8289e-03,2.0614e-03,2.3166e-03,2.5981e-03,2.9090e-03,3.2516e-03,3.6279e-03,4.0388e-03,4.4845e-03,4.9647e-03,5.4777e-03,6.0221e-03,6.5956e-03,7.1957e-03,7.8199e-03,8.4656e-03,9.1304e-03,9.8121e-03,1.0509e-02,1.1220e-02,1.1943e-02,1.2679e-02,1.3427e-02,1.4187e-02,1.4959e-02,1.5745e-02,1.6545e-02,1.7359e-02,1.8188e-02,1.9032e-02,1.9891e-02,2.0765e-02,2.1652e-02,2.2552e-02,2.3461e-02,2.4378e-02,2.5299e-02,2.6221e-02,2.7137e-02,2.8045e-02,2.8939e-02,2.9813e-02,3.0663e-02,3.1483e-02,3.2269e-02,3.3016e-02,3.3721e-02,3.4382e-02,3.4995e-02,3.5560e-02,3.6075e-02,3.6540e-02,3.6952e-02,3.7311e-02,3.7612e-02,3.7850e-02,3.8016e-02,3.8101e-02,3.8090e-02,3.7966e-02,3.7708e-02,3.7297e-02,3.6710e-02,3.5926e-02,3.4929e-02,3.3706e-02,3.2251e-02,3.0569e-02,2.8670e-02,2.6578e-02,2.4321e-02,2.1936e-02,1.9466e-02,1.6957e-02,1.4456e-02,1.2008e-02,9.6581e-03,7.4454e-03,5.4058e-03,3.5698e-03,1.9633e-03,6.0657e-04,-4.8503e-04,-1.3009e-03
-5.1530e-05,-7.9989e-05,-8.3745e-05,-6.2076e-05,-1.5799e-05,5.3158e-05,1.4194e-04,2.4725e-04,3.6575e-04,4.9423e-04,6.3036e-04,7.7237e-04,9.1963e-04,1.0727e-03,1.2329e-03,1.4028e-03,1.5852e-03,1.7838e-03,2.0020e-03,2.2437e-03,2.5116e-03,2.8087e-03,3.1368e-03,3.4972e-03,3.8902e-03,4.3156e-03,4.7722e-03,5.2585e-03,5.7723e-03,6.3112e-03,6.8727e-03,7.4542e-03,8.0531e-03,8.6673e-03,9.2947e-03,9.9338e-03,1.0584e-02,1.1243e-02,1.1912e-02,1.2590e-02,1.3278e-02,1.3976e-02,1.4685e-02,1.5406e-02,1.6139e-02,1.6884e-02,1.7643e-02,1.8414e-02,1.9198e-02,1.9993e-02,2.0798e-02,2.1612e-02,2.2430e-02,2.3250e-02,2.4068e-02,2.4881e-02,2.5683e-02,2.6469e-02,2.7235e-02,2.7977e-02,2.8689e-02,2.9367e-02,3.0008e-02,3.0608e-02,3.1167e-02,3.1681e-02,3.2151e-02,3.2575e-02,3.2954e-02,3.3285e-02,3.3568e-02,3.3799e-02,3.3973e-02,3.4082e-02,3.4116e-02,3.4060e-02,3.3899e-02,3.3613e-02,3.3180e-02,3.2582e-02,3.1798e-02,3.0813e-02,2.9616e-02,2.8203e-02,2.6580e-02,2.4760e-02,2.2766e-02,2.0629e-02,1.8386e-02,1.6081e-02,1.3757e-02,1.1462e-02,9.2399e-03,7.1328e-03,5.1789e-03,3.4116e-03,1.8592e-03,5.4467e-04,-5.1423e-04,-1.3048e-03
-5.6464e-05,-9.1193e-05,-1.0155e-04,-8.6784e-05,-4.7889e-05,1.3085e-05,9.3104e-05,1.8880e-04,2.9650e-04,4.1296e-04,5.3539e-04,6.6190e-04,7.9164e-04,9.2478e-04,1.0626e-03,1.2073e-03,1.3618e-03,1.5295e-03,1.7140e-03,1.9188e-03,2.1472e-03,2.4020e-03,2.6853e-03,2.9986e-03,3.3423e-03,3.7165e-03,4.1200e-03,4.5516e-03,5.0091e-03,5.4904e-03,5.9929e-03,6.5138e-03,7.0509e-03,7.6014e-03,8.1636e-03,8.7355e-03,9.3158e-03,9.9037e-03,1.0498e-02,1.1100e-02,1.1708e-02,1.2324e-02,1.2948e-02,1.3580e-02,1.4222e-02,1.4874e-02,1.5537e-02,1.6211e-02,1.6896e-02,1.7591e-02,1.8295e-02,1.9008e-02,1.9726e-02,2.0448e-02,2.1170e-02,2.1888e-02,2.2599e-02,2.3298e-02,2.3981e-02,2.4644e-02,2.5281e-02,2.5890e-02,2.6466e-02,2.7006e-02,2.7509e-02,2.7971e-02,2.8394e-02,2.8776e-02,2.9116e-02,2.9416e-02,2.9675e-02,2.9890e-02,3.0059e-02,3.0178e-02,3.0238e-02,3.0230e-02,3.0139e-02,2.9950e-02,2.9645e-02,2.9203e-02,2.8604e-02,2.7832e-02,2.6871e-02,2.5713e-02,2.4356e-02,2.2806e-02,2.1079e-02,1.9198e-02,1.7196e-02,1.5110e-02,1.2982e-02,1.0857e-02,8.7800e-03,6.7939e-03,4.9392e-03,3.2516e-03,1.7621e-03,4.9651e-04,-5.2482e-04,-1.2869e-03
-6.4222e-05,-1.0553e-04,-1.2239e-04,-1.1435e-04,-8.2407e-05,-2.8836e-05,4.3335e-05,1.3044e-04,2.2864e-04,3.3448e-04,4.4490e-04,5.5788e-04,6.7217e-04,7.8773e-04,9.0570e-04,1.0280e-03,1.1573e-03,1.2971e-03,1.4509e-03,1.6222e-03,1.8143e-03,2.0302e-03,2.2721e-03,2.5416e-03,2.8394e-03,3.1656e-03,3.5196e-03,3.8999e-03,4.3047e-03,4.7319e-03,5.1789e-03,5.6431e-03,6.1220e-03,6.6130e-03,7.1139e-03,7.6229e-03,8.1384e-03,8.6593e-03,9.1848e-03,9.7146e-03,1.0249e-02,1.0787e-02,1.1331e-02,1.1881e-02,1.2438e-02,1.3002e-02,1.3574e-02,1.4156e-02,1.4746e-02,1.5346e-02,1.5954e-02,1.6570e-02,1.7192e-02,1.7818e-02,1.8446e-02,1.9073e-02,1.9694e-02,2.0308e-02,2.0909e-02,2.1493e-02,2.2057e-02,2.2596e-02,2.3107e-02,2.3586e-02,2.4033e-02,2.4444e-02,2.4818e-02,2.5156e-02,2.5458e-02,2.5723e-02,2.5952e-02,2.6146e-02,2.6302e-02,2.6419e-02,2.6491e-02,2.6512e-02,2.6471e-02,2.6355e-02,2.6149e-02,2.5834e-02,2.5393e-02,2.4806e-02,2.4057e-02,2.3133e-02,2.2027e-02,2.0738e-02,1.9275e-02,1.7655e-02,1.5901e-02,1.4047e-02,1.2130e-02,1.0192e-02,8.2769e-03,6.4278e-03,4.6863e-03,3.0905e-03,1.6739e-03,4.6506e-04,-5.1303e-04,-1.2427e-03
-7.5409e-05,-1.2319e-04,-1.4664e-04,-1.4512e-04,-1.1983e-04,-7.3021e-05,-8.0243e-06,7.1525e-05,1.6141e-04,2.5804e-04,3.5813e-04,4.5932e-04,5.6031e-04,6.6057e-04,7.6106e-04,8.6356e-04,9.7058e-04,1.0854e-03,1.2114e-03,1.3524e-03,1.5115e-03,1.6917e-03,1.8955e-03,2.1245e-03,2.3798e-03,2.6616e-03,2.9693e-03,3.3018e-03,3.6574e-03,4.0340e-03,4.4290e-03,4.8402e-03,5.2646e-03,5.7001e-03,6.1440e-03,6.5942e-03,7.0495e-03,7.5080e-03,7.9691e-03,8.4322e-03,8.8972e-03,9.3642e-03,9.8337e-03,1.0307e-02,1.0783e-02,1.1265e-02,1.1753e-02,1.2247e-02,1.2749e-02,1.3258e-02,1.3775e-02,1.4298e-02,1.4828e-02,1.5363e-02,1.5900e-02,1.6438e-02,1.6973e-02,1.7503e-02,1.8023e-02,1.8531e-02,1.9021e-02,1.9492e-02,1.9939e-02,2.0358e-02,2.0749e-02,2.1109e-02,2.1436e-02,2.1730e-02,2.1991e-02,2.2221e-02,2.2419e-02,2.2587e-02,2.2725e-02,2.2831e-02,2.2905e-02,2.2940e-02,2.2930e-02,2.2866e-02,2.2735e-02,2.2521e-02,2.2208e-02,2.1778e-02,2.1214e-02,2.0500e-02,1.9625e-02,1.8583e-02,1.7376e-02,1.6013e-02,1.4511e-02,1.2898e-02,1.1203e-02,9.4669e-03,7.7291e-03,6.0327e-03,4.4193e-03,2.9284e-03,1.5959e-03,4.5261e-04,-4.7557e-04,-1.1682e-03
-9.0200e-05,-1.4478e-04,-1.7464e-04,-1.7951e-04,-1.6043e-04,-1.1991e-04,-6.1318e-05,1.1405e-05,9.4155e-05,1.8295e-04,2.7425e-04,3.6555e-04,4.5508e-04,5.4227e-04,6.2768e-04,7.1290e-04,8.0033e-04,8.9308e-04,9.9443e-04,1.1079e-03,1.2371e-03,1.3849e-03,1.5538e-03,1.7459e-03,1.9619e-03,2.2025e-03,2.4674e-03,2.7555e-03,3.0654e-03,3.3948e-03,3.7417e-03,4.1033e-03,4.4772e-03,4.8607e-03,5.2516e-03,5.6474e-03,6.0466e-03,6.4474e-03,6.8490e-03,7.2504e-03,7.6515e-03,8.0522e-03,8.4529e-03,8.8542e-03,9.2571e-03,9.6624e-03,1.0071e-02,1.0484e-02,1.0902e-02,1.1327e-02,1.1757e-02,1.2193e-02,1.2636e-02,1.3083e-02,1.3533e-02,1.3986e-02,1.4437e-02,1.4886e-02,1.5328e-02,1.5761e-02,1.6181e-02,1.6584e-02,1.6968e-02,1.7329e-02,1.7665e-02,1.7974e-02,1.8255e-02,1.8506e-02,1.8728e-02,1.8922e-02,1.9088e-02,1.9229e-02,1.9344e-02,1.9435e-02,1.9502e-02,1.9541e-02,1.9548e-02,1.9518e-02,1.9441e-02,1.9304e-02,1.9093e-02,1.8793e-02,1.8385e-02,1.7854e-02,1.7187e-02,1.6372e-02,1.5406e-02,1.4292e-02,1.3041e-02,1.1670e-02,1.0207e-02,8.6834e-03,7.1370e-03,5.6079e-03,4.1372e-03,2.7649e-03,1.5281e-03,4.6032e-04,-4.1003e-04,-1.0599e-03
-1.0900e-04,-1.7047e-04,-2.0683e-04,-2.1788e-04,-2.0477e-04,-1.7001e-04,-1.1717e-04,-5.0316e-05,2.6452e-05,1.0862e-04,1.9266e-04,2.7558e-04,3.5566e-04,4.3182e-04,5.0441e-04,5.7485e-04,6.4528e-04,7.1860e-04,7.9820e-04,8.8741e-04,9.8979e-04,1.1083e-03,1.2457e-03,1.4038e-03,1.5839e-03,1.7867e-03,2.0122e-03,2.2592e-03,2.5266e-03,2.8125e-03,3.1145e-03,3.4303e-03,3.7573e-03,4.0929e-03,4.4346e-03,4.7800e-03,5.1276e-03,5.4753e-03,5.8218e-03,6.1666e-03,6.5088e-03,6.8485e-03,7.1859e-03,7.5215e-03,7.8561e-03,8.1906e-03,8.5261e-03,8.8637e-03,9.2044e-03,9.5493e-03,9.8987e-03,1.0253e-02,1.0613e-02,1.0977e-02,1.1346e-02,1.1717e-02,1.2089e-02,1.2459e-02,1.2826e-02,1.3187e-02,1.3538e-02,1.3877e-02,1.4199e-02,1.4504e-02,1.4787e-02,1.5047e-02,1.5282e-02,1.5492e-02,1.5676e-02,1.5835e-02,1.5970e-02,1.6083e-02,1.6175e-02,1.6248e-02,1.6302e-02,1.6337e-02,1.6352e-02,1.6342e-02,1.6301e-02,1.6220e-02,1.6088e-02,1.5890e-02,1.5611e-02,1.5237e-02,1.4750e-02,1.4139e-02,1.3396e-02,1.2517e-02,1.1508e-02,1.0378e-02,9.1489e-03,7.8460e-03,6.5017e-03,5.1530e-03,3.8389e-03,2.5985e-03,1.4703e-03,4.8891e-04,-3.1477e-04,-9.1510e-04
-1.3199e-04,-2.0053e-04,-2.4346e-04,-2.6057e-04,-2.5318e-04,-2.2374e-04,-1.7605e-04,-1.1412e-04,-4.2556e-05,3.4249e-05,1.1238e-04,1.8872e-04,2.6106e-04,3.2809e-04,3.9016e-04,4.4819e-04,5.0418e-04,5.6084e-04,6.2141e-04,6.8920e-04,7.6781e-04,8.6012e-04,9.6894e-04,1.0965e-03,1.2440e-03,1.4123e-03,1.6015e-03,1.8109e-03,2.0392e-03,2.2848e-03,2.5456e-03,2.8190e-03,3.1027e-03,3.3940e-03,3.6905e-03,3.9897e-03,4.2897e-03,4.5886e-03,4.8849e-03,5.1777e-03,5.4662e-03,5.7501e-03,6.0296e-03,6.3050e-03,6.5770e-03,6.8466e-03,7.1148e-03,7.3830e-03,7.6520e-03,7.9232e-03,8.1975e-03,8.4756e-03,8.7580e-03,9.0447e-03,9.3355e-03,9.6296e-03,9.9258e-03,1.0223e-02,1.0518e-02,1.0809e-02,1.1094e-02,1.1370e-02,1.1634e-02,1.1884e-02,1.2116e-02,1.2329e-02,1.2521e-02,1.2692e-02,1.2840e-02,1.2966e-02,1.3071e-02,1.3157e-02,1.3226e-02,1.3279e-02,1.3318e-02,1.3345e-02,1.3359e-02,1.3359e-02,1.3341e-02,1.3299e-02,1.3224e-02,1.3106e-02,1.2931e-02,1.2685e-02,1.2353e-02,1.1921e-02,1.1378e-02,1.0716e-02,9.9348e-03,9.0390e-03,8.0412e-03,6.9618e-03,5.8269e-03,4.6689e-03,3.5236e-03,2.4285e-03,1.4214e-03,5.3796e-04,-1.8930e-04,-7.3209e-04
-1.5970e-04,-2.3535e-04,-2.8493e-04,-3.0799e-04,-3.0598e-04,-2.8152e-04,-2.3831e-04,-1.8071e-04,-1.1328e-04,-4.0756e-05,3.2812e-05,1.0408e-04,1.7028e-04,2.3037e-04,2.8391e-04,3.3177e-04,3.7569e-04,4.1825e-04,4.6258e-04,5.1181e-04,5.6947e-04,6.3871e-04,7.2221e-04,8.2217e-04,9.4021e-04,1.0773e-03,1.2335e-03,1.4085e-03,1.6011e-03,1.8097e-03,2.0325e-03,2.2671e-03,2.5111e-03,2.7618e-03,3.0168e-03,3.2737e-03,3.5303e-03,3.7847e-03,4.0352e-03,4.2807e-03,4.5203e-03,4.7536e-03,4.9805e-03,5.2012e-03,5.4164e-03,5.6268e-03,5.8337e-03,6.0381e-03,6.2415e-03,6.4450e-03,6.6500e-03,6.8573e-03,7.0680e-03,7.2824e-03,7.5005e-03,7.7224e-03,7.9473e-03,8.1741e-03,8.4013e-03,8.6271e-03,8.8494e-03,9.0658e-03,9.2738e-03,9.4708e-03,9.6547e-03,9.8232e-03,9.9746e-03,1.0108e-02,1.0222e-02,1.0318e-02,1.0395e-02,1.0456e-02,1.0503e-02,1.0537e-02,1.0561e-02,1.0577e-02,1.0586e-02,1.0588e-02,1.0583e-02,1.0566e-02,1.0533e-02,1.0474e-02,1.0380e-02,1.0237e-02,1.0033e-02,9.7532e-03,9.3849e-03,8.9184e-03,8.3477e-03,7.6727e-03,6.8994e-03,6.0414e-03,5.1191e-03,4.1588e-03,3.1921e-03,2.2538e-03,1.3798e-03,6.0615e-04,-3.3922e-05,-5.1035e-04
-1.9213e-04,-2.7528e-04,-3.3142e-04,-3.6050e-04,-3.6362e-04,-3.4379e-04,-3.0448e-04,-2.5051e-04,-1.8638e-04,-1.1704e-04,-4.6781e-05,2.0733e-05,8.2677e-05,1.3743e-04,1.8439e-04,2.2430e-04,2.5859e-04,2.8953e-04,3.2016e-04,3.5362e-04,3.9330e-04,4.4231e-04,5.0338e-04,5.7892e-04,6.7063e-04,7.7953e-04,9.0602e-04,1.0498e-03,1.2099e-03,1.3849e-03,1.5732e-03,1.7723e-03,1.9798e-03,2.1935e-03,2.4107e-03,2.6291e-03,2.8463e-03,3.0603e-03,3.2694e-03,3.4722e-03,3.6677e-03,3.8553e-03,4.0348e-03,4.2063e-03,4.3701e-03,4.5272e-03,4.6783e-03,4.8252e-03,4.9687e-03,5.1106e-03,5.2521e-03,5.3945e-03,5.5389e-03,5.6863e-03,5.8373e-03,5.9919e-03,6.1501e-03,6.3113e-03,6.4745e-03,6.6384e-03,6.8012e-03,6.9612e-03,7.1160e-03,7.2634e-03,7.4014e-03,7.5279e-03,7.6410e-03,7.7396e-03,7.8227e-03,7.8903e-03,7.9428e-03,7.9814e-03,8.0080e-03,8.0245e-03,8.0337e-03,8.0382e-03,8.0403e-03,8.0414e-03,8.0421e-03,8.0411e-03,8.0353e-03,8.0195e-03,7.9857e-03,7.9242e-03,7.8231e-03,7.6697e-03,7.4510e-03,7.1555e-03,6.7743e-03,6.3029e-03,5.7419e-03,5.0988e-03,4.3869e-03,3.6274e-03,2.8463e-03,2.0742e-03,1.3446e-03,6.9193e-04,1.4990e-04,-2.5053e-04
-2.2976e-04,-3.2046e-04,-3.8335e-04,-4.1820e-04,-4.2644e-04,-4.1082e-04,-3.7511e-04,-3.2402e-04,-2.6241e-04,-1.9524e-04,-1.2721e-04,-6.1970e-05,-2.8005e-06,4.8326e-05,9.0787e-05,1.2474e-04,1.5162e-04,1.7330e-04,1.9279e-04,2.1312e-04,2.3749e-04,2.6908e-04,3.1076e-04,3.6485e-04,4.3323e-04,5.1709e-04,6.1688e-04,7.3256e-04,8.6328e-04,1.0079e-03,1.1648e-03,1.3317e-03,1.5064e-03,1.6865e-03,1.8695e-03,2.0529e-03,2.2346e-03,2.4122e-03,2.5841e-03,2.7486e-03,2.9047e-03,3.0513e-03,3.1884e-03,3.3158e-03,3.4337e-03,3.5430e-03,3.6444e-03,3.7392e-03,3.8289e-03,3.9149e-03,3.9989e-03,4.0822e-03,4.1662e-03,4.2522e-03,4.3410e-03,4.4337e-03,4.5300e-03,4.6302e-03,4.7335e-03,4.8394e-03,4.9467e-03,5.0534e-03,5.1582e-03,5.2590e-03,5.3538e-03,5.4409e-03,5.5184e-03,5.5850e-03,5.6396e-03,5.6820e-03,5.7123e-03,5.7313e-03,5.7404e-03,5.7420e-03,5.7385e-03,5.7327e-03,5.7274e-03,5.7252e-03,5.7278e-03,5.7358e-03,5.7482e-03,5.7622e-03,5.7730e-03,5.7730e-03,5.7530e-03,5.7018e-03,5.6075e-03,5.4583e-03,5.2434e-03,4.9554e-03,4.5905e-03,4.1503e-03,3.6429e-03,3.0827e-03,2.4900e-03,1.8908e-03,1.3144e-03,7.9349e-04,3.6006e-04,4.6032e-05
-2.7271e-04,-3.7131e-04,-4.4100e-04,-4.8166e-04,-4.9475e-04,-4.8303e-04,-4.5042e-04,-4.0168e-04,-3.4176e-04,-2.7599e-04,-2.0885e-04,-1.4485e-04,-8.7061e-05,-3.7809e-05,1.8822e-06,3.1877e-05,5.3372e-05,6.8214e-05,7.9031e-05,8.8655e-05,1.0042e-04,1.1740e-04,1.4242e-04,1.7801e-04,2.2596e-04,2.8776e-04,3.6386e-04,4.5452e-04,5.5901e-04,6.7642e-04,8.0494e-04,9.4295e-04,1.0880e-03,1.2378e-03,1.3901e-03,1.5422e-03,1.6919e-03,1.8370e-03,1.9757e-03,2.1062e-03,2.2272e-03,2.3378e-03,2.4372e-03,2.5256e-03,2.6028e-03,2.6696e-03,2.7268e-03,2.7755e-03,2.8170e-03,2.8530e-03,2.8852e-03,2.9151e-03,2.9444e-03,2.9746e-03,3.0069e-03,3.0425e-03,3.0820e-03,3.1258e-03,3.1738e-03,3.2259e-03,3.2811e-03,3.3383e-03,3.3964e-03,3.4535e-03,3.5082e-03,3.5586e-03,3.6031e-03,3.6404e-03,3.6692e-03,3.6891e-03,3.6999e-03,3.7022e-03,3.6972e-03,3.6867e-03,3.6730e-03,3.6590e-03,3.6476e-03,3.6419e-03,3.6449e-03,3.6579e-03,3.6822e-03,3.7169e-03,3.7593e-03,3.8051e-03,3.8471e-03,3.8766e-03,3.8832e-03,3.8558e-03,3.7833e-03,3.6562e-03,3.4678e-03,3.2154e-03,2.9017e-03,2.5348e-03,2.1296e-03,1.7062e-03,1.2899e-03,9.0912e-04,5.9472e-04,3.7683e-04
-3.2136e-04,-4.2789e-04,-5.0451e-04,-5.5099e-04,-5.6879e-04,-5.6081e-04,-5.3095e-04,-4.8399e-04,-4.2511e-04,-3.5971e-04,-2.9273e-04,-2.2855e-04,-1.7074e-04,-1.2189e-04,-8.3294e-05,-5.5294e-05,-3.7167e-05,-2.7081e-05,-2.2693e-05,-2.1219e-05,-1.9521e-05,-1.4590e-05,-3.3658e-06,1.6376e-05,4.6856e-05,8.9410e-05,1.4483e-04,2.1338e-04,2.9467e-04,3.8780e-04,4.9114e-04,6.0320e-04,7.2185e-04,8.4475e-04,9.6943e-04,1.0937e-03,1.2150e-03,1.3314e-03,1.4407e-03,1.5411e-03,1.6313e-03,1.7100e-03,1.7768e-03,1.8308e-03,1.8725e-03,1.9022e-03,1.9204e-03,1.9285e-03,1.9275e-03,1.9193e-03,1.9054e-03,1.8875e-03,1.8678e-03,1.8477e-03,1.8288e-03,1.8127e-03,1.8004e-03,1.7924e-03,1.7897e-03,1.7920e-03,1.7992e-03,1.8105e-03,1.8252e-03,1.8418e-03,1.8591e-03,1.8756e-03,1.8898e-03,1.9004e-03,1.9060e-03,1.9063e-03,1.9006e-03,1.8892e-03,1.8729e-03,1.8534e-03,1.8325e-03,1.8130e-03,1.7978e-03,1.7902e-03,1.7934e-03,1.8100e-03,1.8425e-03,1.8916e-03,1.9568e-03,2.0360e-03,2.1246e-03,2.2161e-03,2.3026e-03,2.3743e-03,2.4205e-03,2.4312e-03,2.3980e-03,2.3147e-03,2.1798e-03,1.9965e-03,1.7734e-03,1.5254e-03,1.2722e-03,1.0383e-03,8.5080e-04,7.3894e-04
-3.7590e-04,-4.9059e-04,-5.7418e-04,-6.2650e-04,-6.4893e-04,-6.4436e-04,-6.1687e-04,-5.7134e-04,-5.1280e-04,-4.4709e-04,-3.7913e-04,-3.1379e-04,-2.5474e-04,-2.0482e-04,-1.6580e-04,-1.3808e-04,-1.2125e-04,-1.1382e-04,-1.1361e-04,-1.1802e-04,-1.2390e-04,-1.2843e-04,-1.2860e-04,-1.2191e-04,-1.0628e-04,-8.0075e-05,-4.2561e-05,6.8322e-06,6.7726e-05,1.3945e-04,2.2074e-04,3.0980e-04,4.0514e-04,5.0397e-04,6.0447e-04,7.0417e-04,8.0056e-04,8.9154e-04,9.7524e-04,1.0495e-03,1.1129e-03,1.1641e-03,1.2024e-03,1.2270e-03,1.2379e-03,1.2354e-03,1.2199e-03,1.1926e-03,1.1546e-03,1.1076e-03,1.0533e-03,9.9340e-04,9.3016e-04,8.6521e-04,8.0043e-04,7.3783e-04,6.7849e-04,6.2389e-04,5.7463e-04,5.3154e-04,4.9463e-04,4.6378e-04,4.3836e-04,4.1760e-04,4.0052e-04,3.8588e-04,3.7242e-04,3.5872e-04,3.4389e-04,3.2693e-04,3.0729e-04,2.8514e-04,2.6078e-04,2.3527e-04,2.1044e-04,1.8846e-04,1.7218e-04,1.6491e-04,1.6985e-04,1.9051e-04,2.2966e-04,2.8969e-04,3.7175e-04,4.7528e-04,5.9849e-04,7.3728e-04,8.8550e-04,1.0358e-03,1.1786e-03,1.3045e-03,1.4041e-03,1.4697e-03,1.4963e-03,1.4825e-03,1.4326e-03,1.3550e-03,1.2647e-03,1.1809e-03,1.1272e-03,1.1293e-03
-4.3635e-04,-5.5948e-04,-6.5023e-04,-7.0838e-04,-7.3534e-04,-7.3426e-04,-7.0875e-04,-6.6395e-04,-6.0541e-04,-5.3859e-04,-4.6896e-04,-4.0131e-04,-3.3983e-04,-2.8752e-04,-2.4640e-04,-2.1740e-04,-2.0009e-04,-1.9330e-04,-1.9526e-04,-2.0329e-04,-2.1455e-04,-2.2601e-04,-2.3498e-04,-2.3881e-04,-2.3536e-04,-2.2291e-04,-2.0048e-04,-1.6760e-04,-1.2418e-04,-7.1006e-05,-9.1176e-06,6.0059e-05,1.3475e-04,2.1276e-04,2.9205e-04,3.7021e-04,4.4491e-04,5.1412e-04,5.7550e-04,6.2733e-04,6.6774e-04,6.9543e-04,7.0941e-04,7.0897e-04,6.9382e-04,6.6383e-04,6.1977e-04,5.6218e-04,4.9249e-04,4.1211e-04,3.2266e-04,2.2626e-04,1.2475e-04,2.0394e-05,-8.4878e-05,-1.8905e-04,-2.9029e-04,-3.8705e-04,-4.7804e-04,-5.6245e-04,-6.3949e-04,-7.0900e-04,-7.7095e-04,-8.2597e-04,-8.7455e-04,-9.1761e-04,-9.5638e-04,-9.9159e-04,-1.0247e-03,-1.0565e-03,-1.0874e-03,-1.1179e-03,-1.1477e-03,-1.1761e-03,-1.2019e-03,-1.2230e-03,-1.2372e-03,-1.2413e-03,-1.2321e-03,-1.2061e-03,-1.1598e-03,-1.0901e-03,-9.9479e-04,-8.7249e-04,-7.2335e-04,-5.4904e-04,-3.5351e-04,-1.4223e-04,7.7533e-05,2.9734e-04,5.0807e-04,7.0111e-04,8.6962e-04,1.0092e-03,1.1193e-03,1.2039e-03,1.2725e-03,1.3391e-03,1.4227e-03,1.5454e-03
