-4.8919e-03,-1.9183e-02,-3.2027e-02,-4.3239e-02,-5.2695e-02,-6.0328e-02,-6.6114e-02,-7.0057e-02,-7.2184e-02,-7.2532e-02,-7.1149e-02,-6.8093e-02,-6.3438e-02,-5.7284e-02,-4.9762e-02,-4.1046e-02,-3.1344e-02,-2.0903e-02,-9.9929e-03,1.1003e-03,1.2086e-02,2.2678e-02,3.2599e-02,4.1587e-02,4.9402e-02,5.5827e-02,6.0676e-02,6.3805e-02,6.5113e-02,6.4555e-02,6.2147e-02,5.7965e-02,5.2147e-02,4.4883e-02,3.6413e-02,2.7005e-02,1.6949e-02,6.5477e-03,-3.9046e-03,-1.4123e-02,-2.3846e-02,-3.2835e-02,-4.0888e-02,-4.7833e-02,-5.3541e-02,-5.7922e-02,-6.0929e-02,-6.2556e-02,-6.2841e-02,-6.1857e-02,-5.9711e-02,-5.6533e-02,-5.2473e-02,-4.7687e-02,-4.2335e-02,-3.6567e-02,-3.0525e-02,-2.4332e-02,-1.8091e-02,-1.1887e-02,-5.7846e-03,1.7175e-04,5.9491e-03,1.1523e-02,1.6869e-02,2.1954e-02,2.6724e-02,3.1105e-02,3.4990e-02,3.8243e-02,4.0703e-02,4.2195e-02,4.2547e-02,4.1607e-02,3.9265e-02,3.5469e-02,3.0240e-02,2.3675e-02,1.5946e-02,7.2926e-03,-1.9928e-03,-1.1583e-02,-2.1137e-02,-3.0317e-02,-3.8807e-02,-4.6330e-02,-5.2656e-02,-5.7611e-02,-6.1073e-02,-6.2978e-02,-6.3308e-02,-6.2089e-02,-5.9380e-02,-5.5268e-02,-4.9861e-02,-4.3278e-02,-3.5651e-02,-2.7113e-02,-1.7803e-02,-7.8572e-03
-4.6943e-03,-1.8212e-02,-3.0326e-02,-4.0868e-02,-4.9734e-02,-5.6866e-02,-6.2245e-02,-6.5874e-02,-6.7774e-02,-6.7968e-02,-6.6489e-02,-6.3376e-02,-5.8686e-02,-5.2503e-02,-4.4951e-02,-3.6198e-02,-2.6460e-02,-1.5989e-02,-5.0687e-03,6.0020e-03,1.6918e-02,2.7380e-02,3.7100e-02,4.5808e-02,5.3260e-02,5.9242e-02,6.3577e-02,6.6133e-02,6.6832e-02,6.5651e-02,6.2631e-02,5.7874e-02,5.1538e-02,4.3832e-02,3.5005e-02,2.5331e-02,1.5103e-02,4.6150e-03,-5.8423e-03,-1.5994e-02,-2.5586e-02,-3.4390e-02,-4.2210e-02,-4.8881e-02,-5.4277e-02,-5.8311e-02,-6.0936e-02,-6.2147e-02,-6.1980e-02,-6.0510e-02,-5.7842e-02,-5.4113e-02,-4.9475e-02,-4.4096e-02,-3.8144e-02,-3.1787e-02,-2.5183e-02,-1.8475e-02,-1.1791e-02,-5.2353e-03,1.1050e-03,7.1639e-03,1.2893e-02,1.8256e-02,2.3222e-02,2.7762e-02,3.1835e-02,3.5385e-02,3.8335e-02,4.0585e-02,4.2015e-02,4.2494e-02,4.1891e-02,4.0092e-02,3.7016e-02,3.2631e-02,2.6965e-02,2.0112e-02,1.2234e-02,3.5508e-03,-5.6663e-03,-1.5114e-02,-2.4470e-02,-3.3414e-02,-4.1645e-02,-4.8894e-02,-5.4934e-02,-5.9592e-02,-6.2747e-02,-6.4333e-02,-6.4330e-02,-6.2764e-02,-5.9693e-02,-5.5205e-02,-4.9408e-02,-4.2426e-02,-3.4394e-02,-2.5450e-02,-1.5737e-02,-5.3976e-03
-4.2892e-03,-1.7012e-02,-2.8387e-02,-3.8271e-02,-4.6570e-02,-5.3238e-02,-5.8256e-02,-6.1623e-02,-6.3346e-02,-6.3437e-02,-6.1904e-02,-5.8769e-02,-5.4068e-02,-4.7873e-02,-4.0299e-02,-3.1514e-02,-2.1740e-02,-1.1240e-02,-3.0909e-04,1.0738e-02,2.1581e-02,3.1908e-02,4.1419e-02,4.9839e-02,5.6920e-02,6.2452e-02,6.6267e-02,6.8249e-02,6.8339e-02,6.6539e-02,6.2914e-02,5.7589e-02,5.0744e-02,4.2604e-02,3.3426e-02,2.3491e-02,1.3089e-02,2.5128e-03,-7.9553e-03,-1.8048e-02,-2.7520e-02,-3.6151e-02,-4.3749e-02,-5.0159e-02,-5.5256e-02,-5.8955e-02,-6.1211e-02,-6.2018e-02,-6.1410e-02,-5.9462e-02,-5.6282e-02,-5.2006e-02,-4.6794e-02,-4.0818e-02,-3.4260e-02,-2.7301e-02,-2.0115e-02,-1.2866e-02,-5.7008e-03,1.2507e-03,7.8803e-03,1.4101e-02,1.9846e-02,2.5066e-02,2.9722e-02,3.3785e-02,3.7224e-02,3.9998e-02,4.2058e-02,4.3337e-02,4.3755e-02,4.3223e-02,4.1653e-02,3.8969e-02,3.5120e-02,3.0099e-02,2.3942e-02,1.6748e-02,8.6674e-03,-9.3758e-05,-9.2849e-03,-1.8623e-02,-2.7807e-02,-3.6535e-02,-4.4520e-02,-5.1500e-02,-5.7258e-02,-6.1621e-02,-6.4470e-02,-6.5737e-02,-6.5403e-02,-6.3490e-02,-6.0058e-02,-5.5195e-02,-4.9013e-02,-4.1637e-02,-3.3206e-02,-2.3863e-02,-1.3756e-02,-3.0325e-03
-3.7677e-03,-1.5676e-02,-2.6309e-02,-3.5544e-02,-4.3301e-02,-4.9537e-02,-5.4233e-02,-5.7379e-02,-5.8970e-02,-5.8994e-02,-5.7440e-02,-5.4306e-02,-4.9610e-02,-4.3411e-02,-3.5818e-02,-2.7002e-02,-1.7191e-02,-6.6601e-03,4.2794e-03,1.5299e-02,2.6065e-02,3.6250e-02,4.5547e-02,5.3673e-02,6.0379e-02,6.5458e-02,6.8753e-02,7.0164e-02,6.9652e-02,6.7242e-02,6.3024e-02,5.7145e-02,4.9804e-02,4.1240e-02,3.1719e-02,2.1528e-02,1.0954e-02,2.8737e-04,-1.0198e-02,-2.0241e-02,-2.9604e-02,-3.8074e-02,-4.5468e-02,-5.1633e-02,-5.6447e-02,-5.9829e-02,-6.1734e-02,-6.2153e-02,-6.1123e-02,-5.8715e-02,-5.5038e-02,-5.0230e-02,-4.4454e-02,-3.7890e-02,-3.0729e-02,-2.3165e-02,-1.5388e-02,-7.5798e-03,9.1404e-05,7.4736e-03,1.4436e-02,2.0871e-02,2.6691e-02,3.1832e-02,3.6247e-02,3.9902e-02,4.2773e-02,4.4834e-02,4.6059e-02,4.6412e-02,4.5850e-02,4.4325e-02,4.1791e-02,3.8209e-02,3.3566e-02,2.7873e-02,2.1186e-02,1.3604e-02,5.2754e-03,-3.6071e-03,-1.2811e-02,-2.2073e-02,-3.1113e-02,-3.9645e-02,-4.7398e-02,-5.4121e-02,-5.9603e-02,-6.3676e-02,-6.6223e-02,-6.7175e-02,-6.6512e-02,-6.4257e-02,-6.0470e-02,-5.5240e-02,-4.8679e-02,-4.0918e-02,-3.2098e-02,-2.2368e-02,-1.1879e-02,-7.8504e-04
-3.2205e-03,-1.4300e-02,-2.4190e-02,-3.2786e-02,-4.0020e-02,-4.5852e-02,-5.0259e-02,-5.3219e-02,-5.4708e-02,-5.4693e-02,-5.3139e-02,-5.0019e-02,-4.5335e-02,-3.9132e-02,-3.1519e-02,-2.2669e-02,-1.2819e-02,-2.2580e-03,8.6881e-03,1.9676e-02,3.0359e-02,4.0399e-02,4.9476e-02,5.7304e-02,6.3633e-02,6.8262e-02,7.1042e-02,7.1891e-02,7.0790e-02,6.7787e-02,6.2994e-02,5.6579e-02,4.8759e-02,3.9787e-02,2.9936e-02,1.9495e-02,8.7523e-03,-2.0083e-03,-1.2516e-02,-2.2520e-02,-3.1788e-02,-4.0115e-02,-4.7322e-02,-5.3261e-02,-5.7815e-02,-6.0903e-02,-6.2478e-02,-6.2535e-02,-6.1106e-02,-5.8263e-02,-5.4113e-02,-4.8796e-02,-4.2478e-02,-3.5344e-02,-2.7594e-02,-1.9433e-02,-1.1066e-02,-2.6928e-03,5.4985e-03,1.3335e-02,2.0665e-02,2.7356e-02,3.3304e-02,3.8427e-02,4.2668e-02,4.5986e-02,4.8360e-02,4.9778e-02,5.0231e-02,4.9714e-02,4.8217e-02,4.5732e-02,4.2253e-02,3.7782e-02,3.2334e-02,2.5951e-02,1.8705e-02,1.0701e-02,2.0868e-03,-6.9557e-03,-1.6208e-02,-2.5426e-02,-3.4348e-02,-4.2707e-02,-5.0244e-02,-5.6724e-02,-6.1940e-02,-6.5732e-02,-6.7984e-02,-6.8627e-02,-6.7644e-02,-6.5055e-02,-6.0922e-02,-5.5335e-02,-4.8408e-02,-4.0276e-02,-3.1081e-02,-2.0979e-02,-1.0126e-02,1.3201e-03
-2.7361e-03,-1.2977e-02,-2.2125e-02,-3.0093e-02,-3.6821e-02,-4.2272e-02,-4.6414e-02,-4.9213e-02,-5.0621e-02,-5.0582e-02,-4.9036e-02,-4.5934e-02,-4.1259e-02,-3.5049e-02,-2.7410e-02,-1.8521e-02,-8.6313e-03,1.9577e-03,1.2906e-02,2.3858e-02,3.4453e-02,4.4341e-02,5.3196e-02,6.0727e-02,6.6682e-02,7.0867e-02,7.3146e-02,7.3450e-02,7.1780e-02,6.8206e-02,6.2862e-02,5.5936e-02,4.7660e-02,3.8298e-02,2.8131e-02,1.7449e-02,6.5415e-03,-4.3139e-03,-1.4852e-02,-2.4827e-02,-3.4015e-02,-4.2218e-02,-4.9260e-02,-5.4997e-02,-5.9316e-02,-6.2136e-02,-6.3412e-02,-6.3137e-02,-6.1341e-02,-5.8095e-02,-5.3505e-02,-4.7711e-02,-4.0881e-02,-3.3206e-02,-2.4892e-02,-1.6154e-02,-7.2117e-03,1.7201e-03,1.0435e-02,1.8739e-02,2.6459e-02,3.3442e-02,3.9563e-02,4.4724e-02,4.8853e-02,5.1904e-02,5.3857e-02,5.4706e-02,5.4461e-02,5.3140e-02,5.0769e-02,4.7372e-02,4.2985e-02,3.7644e-02,3.1402e-02,2.4326e-02,1.6505e-02,8.0573e-03,-8.7160e-04,-1.0105e-02,-1.9437e-02,-2.8641e-02,-3.7472e-02,-4.5680e-02,-5.3022e-02,-5.9273e-02,-6.4238e-02,-6.7760e-02,-6.9727e-02,-7.0074e-02,-6.8782e-02,-6.5872e-02,-6.1407e-02,-5.5478e-02,-4.8203e-02,-3.9716e-02,-3.0168e-02,-1.9714e-02,-8.5187e-03,3.2566e-03
-2.3970e-03,-1.1795e-02,-2.0204e-02,-2.7552e-02,-3.3790e-02,-3.8878e-02,-4.2773e-02,-4.5425e-02,-4.6763e-02,-4.6706e-02,-4.5167e-02,-4.2075e-02,-3.7401e-02,-3.1173e-02,-2.3500e-02,-1.4568e-02,-4.6383e-03,5.9756e-03,1.6922e-02,2.7830e-02,3.8331e-02,4.8064e-02,5.6697e-02,6.3933e-02,6.9524e-02,7.3280e-02,7.5076e-02,7.4859e-02,7.2648e-02,6.8535e-02,6.2671e-02,5.5263e-02,4.6558e-02,3.6829e-02,2.6364e-02,1.5454e-02,4.3855e-03,-6.5654e-03,-1.7140e-02,-2.7100e-02,-3.6225e-02,-4.4323e-02,-5.1224e-02,-5.6787e-02,-6.0902e-02,-6.3488e-02,-6.4499e-02,-6.3928e-02,-6.1805e-02,-5.8196e-02,-5.3207e-02,-4.6977e-02,-3.9677e-02,-3.1499e-02,-2.2657e-02,-1.3375e-02,-3.8828e-03,5.5891e-03,1.4817e-02,2.3589e-02,3.1712e-02,3.9012e-02,4.5344e-02,5.0591e-02,5.4669e-02,5.7524e-02,5.9131e-02,5.9492e-02,5.8630e-02,5.6585e-02,5.3411e-02,4.9167e-02,4.3922e-02,3.7753e-02,3.0741e-02,2.2984e-02,1.4590e-02,5.6869e-03,-3.5743e-03,-1.3021e-02,-2.2460e-02,-3.1676e-02,-4.0440e-02,-4.8521e-02,-5.5687e-02,-6.1729e-02,-6.6459e-02,-6.9727e-02,-7.1426e-02,-7.1492e-02,-6.9906e-02,-6.6694e-02,-6.1917e-02,-5.5667e-02,-4.8065e-02,-3.9248e-02,-2.9370e-02,-1.8591e-02,-7.0799e-03,4.9964e-03
-2.2773e-03,-1.0832e-02,-1.8507e-02,-2.5247e-02,-3.1007e-02,-3.5744e-02,-3.9404e-02,-4.1916e-02,-4.3185e-02,-4.3104e-02,-4.1561e-02,-3.8466e-02,-3.3775e-02,-2.7516e-02,-1.9799e-02,-1.0821e-02,-8.5112e-04,9.7829e-03,2.0719e-02,3.1578e-02,4.1978e-02,5.1555e-02,5.9968e-02,6.6918e-02,7.2159e-02,7.5506e-02,7.6845e-02,7.6139e-02,7.3424e-02,6.8808e-02,6.2463e-02,5.4611e-02,4.5509e-02,3.5441e-02,2.4698e-02,1.3573e-02,2.3514e-03,-8.6954e-03,-1.9314e-02,-2.9270e-02,-3.8350e-02,-4.6367e-02,-5.3154e-02,-5.8575e-02,-6.2519e-02,-6.4908e-02,-6.5696e-02,-6.4873e-02,-6.2467e-02,-5.8542e-02,-5.3204e-02,-4.6590e-02,-3.8870e-02,-3.0241e-02,-2.0918e-02,-1.1136e-02,-1.1331e-03,8.8471e-03,1.8566e-02,2.7796e-02,3.6322e-02,4.3953e-02,5.0524e-02,5.5901e-02,5.9985e-02,6.2712e-02,6.4052e-02,6.4010e-02,6.2619e-02,5.9939e-02,5.6047e-02,5.1033e-02,4.5001e-02,3.8059e-02,3.0321e-02,2.1911e-02,1.2959e-02,3.6047e-03,-5.9955e-03,-1.5671e-02,-2.5235e-02,-3.4485e-02,-4.3207e-02,-5.1182e-02,-5.8197e-02,-6.4049e-02,-6.8564e-02,-7.1599e-02,-7.3048e-02,-7.2854e-02,-7.0998e-02,-6.7506e-02,-6.2441e-02,-5.5897e-02,-4.7996e-02,-3.8878e-02,-2.8701e-02,-1.7629e-02,-5.8345e-03,6.5098e-03
-2.4413e-03,-1.0155e-02,-1.7104e-02,-2.3245e-02,-2.8539e-02,-3.2935e-02,-3.6366e-02,-3.8736e-02,-3.9930e-02,-3.9811e-02,-3.8245e-02,-3.5125e-02,-3.0398e-02,-2.4092e-02,-1.6321e-02,-7.2913e-03,2.7155e-03,1.3363e-02,2.4281e-02,3.5081e-02,4.5377e-02,5.4797e-02,6.2996e-02,6.9673e-02,7.4584e-02,7.7550e-02,7.8468e-02,7.7312e-02,7.4136e-02,6.9065e-02,6.2283e-02,5.4028e-02,4.4568e-02,3.4193e-02,2.3197e-02,1.1875e-02,5.0846e-04,-1.0634e-02,-2.1302e-02,-3.1268e-02,-4.0323e-02,-4.8282e-02,-5.4986e-02,-6.0298e-02,-6.4111e-02,-6.6345e-02,-6.6955e-02,-6.5929e-02,-6.3293e-02,-5.9110e-02,-5.3480e-02,-4.6542e-02,-3.8463e-02,-2.9442e-02,-1.9700e-02,-9.4734e-03,9.8920e-04,1.1434e-02,2.1609e-02,3.1271e-02,4.0190e-02,4.8156e-02,5.4986e-02,6.0529e-02,6.4670e-02,6.7335e-02,6.8487e-02,6.8132e-02,6.6309e-02,6.3093e-02,5.8581e-02,5.2890e-02,4.6155e-02,3.8513e-02,3.0109e-02,2.1092e-02,1.1612e-02,1.8237e-03,-8.1104e-03,-1.8019e-02,-2.7721e-02,-3.7023e-02,-4.5723e-02,-5.3616e-02,-6.0501e-02,-6.6188e-02,-7.0512e-02,-7.3336e-02,-7.4561e-02,-7.4132e-02,-7.2033e-02,-6.8290e-02,-6.2968e-02,-5.6162e-02,-4.7996e-02,-3.8613e-02,-2.8174e-02,-1.6846e-02,-4.8067e-03,7.7675e-03
-2.9440e-03,-9.8213e-03,-1.6051e-02,-2.1604e-02,-2.6441e-02,-3.0503e-02,-3.3704e-02,-3.5929e-02,-3.7032e-02,-3.6855e-02,-3.5241e-02,-3.2070e-02,-2.7285e-02,-2.0912e-02,-1.3077e-02,-3.9937e-03,6.0462e-03,1.6699e-02,2.7589e-02,3.8322e-02,4.8509e-02,5.7773e-02,6.5767e-02,7.2189e-02,7.6797e-02,7.9417e-02,7.9955e-02,7.8398e-02,7.4813e-02,6.9339e-02,6.2174e-02,5.3566e-02,4.3791e-02,3.3144e-02,2.1924e-02,1.0424e-02,-1.0752e-03,-1.2309e-02,-2.3033e-02,-3.3022e-02,-4.2071e-02,-5.0001e-02,-5.6653e-02,-6.1894e-02,-6.5616e-02,-6.7743e-02,-6.8226e-02,-6.7053e-02,-6.4246e-02,-5.9867e-02,-5.4013e-02,-4.6819e-02,-3.8452e-02,-2.9112e-02,-1.9019e-02,-8.4165e-03,2.4420e-03,1.3294e-02,2.3878e-02,3.3936e-02,4.3225e-02,5.1519e-02,5.8618e-02,6.4355e-02,6.8601e-02,7.1268e-02,7.2313e-02,7.1737e-02,6.9585e-02,6.5940e-02,6.0918e-02,5.4658e-02,4.7318e-02,3.9066e-02,3.0073e-02,2.0510e-02,1.0549e-02,3.5782e-04,-9.8928e-03,-2.0029e-02,-2.9874e-02,-3.9240e-02,-4.7936e-02,-5.5769e-02,-6.2548e-02,-6.8096e-02,-7.2255e-02,-7.4896e-02,-7.5928e-02,-7.5294e-02,-7.2985e-02,-6.9027e-02,-6.3485e-02,-5.6457e-02,-4.8066e-02,-3.8461e-02,-2.7802e-02,-1.6262e-02,-4.0224e-03,8.7377e-03
-3.8289e-03,-9.8736e-03,-1.5391e-02,-2.0364e-02,-2.4751e-02,-2.8483e-02,-3.1453e-02,-3.3521e-02,-3.4517e-02,-3.4258e-02,-3.2568e-02,-2.9318e-02,-2.4448e-02,-1.7992e-02,-1.0082e-02,-9.4499e-04,9.1223e-03,1.9771e-02,3.0620e-02,4.1279e-02,5.1352e-02,6.0464e-02,6.8265e-02,7.4454e-02,7.8791e-02,8.1106e-02,8.1314e-02,7.9412e-02,7.5478e-02,6.9662e-02,6.2174e-02,5.3268e-02,4.3229e-02,3.2353e-02,2.0942e-02,9.2876e-03,-2.3313e-03,-1.3653e-02,-2.4437e-02,-3.4461e-02,-4.3525e-02,-5.1453e-02,-5.8087e-02,-6.3296e-02,-6.6975e-02,-6.9045e-02,-6.9457e-02,-6.8197e-02,-6.5286e-02,-6.0780e-02,-5.4775e-02,-4.7403e-02,-3.8828e-02,-2.9249e-02,-1.8888e-02,-7.9888e-03,3.1906e-03,1.4381e-02,2.5313e-02,3.5720e-02,4.5345e-02,5.3949e-02,6.1319e-02,6.7272e-02,7.1663e-02,7.4394e-02,7.5410e-02,7.4710e-02,7.2337e-02,6.8381e-02,6.2969e-02,5.6260e-02,4.8431e-02,3.9674e-02,3.0183e-02,2.0153e-02,9.7713e-03,-7.7738e-04,-1.1315e-02,-2.1665e-02,-3.1649e-02,-4.1087e-02,-4.9794e-02,-5.7587e-02,-6.4285e-02,-6.9721e-02,-7.3745e-02,-7.6237e-02,-7.7108e-02,-7.6308e-02,-7.3828e-02,-6.9695e-02,-6.3977e-02,-5.6772e-02,-4.8206e-02,-3.8426e-02,-2.7598e-02,-1.5897e-02,-3.5055e-03,9.3907e-03
-5.1317e-03,-1.0346e-02,-1.5154e-02,-1.9550e-02,-2.3491e-02,-2.6893e-02,-2.9628e-02,-3.1528e-02,-3.2398e-02,-3.2031e-02,-3.0237e-02,-2.6880e-02,-2.1901e-02,-1.5345e-02,-7.3534e-03,1.8379e-03,1.1924e-02,2.2556e-02,3.3354e-02,4.3927e-02,5.3884e-02,6.2848e-02,7.0472e-02,7.6455e-02,8.0557e-02,8.2615e-02,8.2550e-02,8.0367e-02,7.6151e-02,7.0062e-02,6.2317e-02,5.3176e-02,4.2928e-02,3.1871e-02,2.0306e-02,8.5252e-03,-3.1961e-03,-1.4599e-02,-2.5445e-02,-3.5516e-02,-4.4615e-02,-5.2568e-02,-5.9220e-02,-6.4441e-02,-6.8124e-02,-7.0191e-02,-7.0593e-02,-6.9312e-02,-6.6367e-02,-6.1812e-02,-5.5737e-02,-4.8272e-02,-3.9578e-02,-2.9851e-02,-1.9312e-02,-8.2052e-03,3.2083e-03,1.4658e-02,2.5867e-02,3.6563e-02,4.6479e-02,5.5367e-02,6.2999e-02,6.9181e-02,7.3755e-02,7.6607e-02,7.7675e-02,7.6948e-02,7.4467e-02,7.0324e-02,6.4654e-02,5.7627e-02,4.9437e-02,4.0295e-02,3.0415e-02,2.0009e-02,9.2839e-03,-1.5652e-03,-1.2350e-02,-2.2888e-02,-3.3001e-02,-4.2512e-02,-5.1242e-02,-5.9013e-02,-6.5656e-02,-7.1009e-02,-7.4933e-02,-7.7312e-02,-7.8062e-02,-7.7139e-02,-7.4532e-02,-7.0273e-02,-6.4430e-02,-5.7101e-02,-4.8412e-02,-3.8514e-02,-2.7573e-02,-1.5766e-02,-3.2800e-03,9.6982e-03
-6.8797e-03,-1.1263e-02,-1.5360e-02,-1.9177e-02,-2.2670e-02,-2.5737e-02,-2.8228e-02,-2.9949e-02,-3.0673e-02,-3.0174e-02,-2.8250e-02,-2.4760e-02,-1.9654e-02,-1.2983e-02,-4.9053e-03,4.3360e-03,1.4433e-02,2.5034e-02,3.5766e-02,4.6244e-02,5.6081e-02,6.4904e-02,7.2367e-02,7.8172e-02,8.2082e-02,8.3937e-02,8.3661e-02,8.1266e-02,7.6843e-02,7.0557e-02,6.2630e-02,5.3324e-02,4.2928e-02,3.1743e-02,2.0068e-02,8.1926e-03,-3.6101e-03,-1.5083e-02,-2.5992e-02,-3.6121e-02,-4.5275e-02,-5.3281e-02,-5.9987e-02,-6.5262e-02,-6.9001e-02,-7.1123e-02,-7.1579e-02,-7.0348e-02,-6.7445e-02,-6.2922e-02,-5.6865e-02,-4.9399e-02,-4.0682e-02,-3.0906e-02,-2.0289e-02,-9.0736e-03,2.4789e-03,1.4097e-02,2.5503e-02,3.6418e-02,4.6571e-02,5.5705e-02,6.3584e-02,7.0001e-02,7.4788e-02,7.7817e-02,7.9015e-02,7.8361e-02,7.5890e-02,7.1692e-02,6.5904e-02,5.8702e-02,5.0292e-02,4.0898e-02,3.0750e-02,2.0076e-02,9.0952e-03,-1.9837e-03,-1.2963e-02,-2.3656e-02,-3.3881e-02,-4.3462e-02,-5.2222e-02,-5.9990e-02,-6.6602e-02,-7.1906e-02,-7.5765e-02,-7.8072e-02,-7.8747e-02,-7.7747e-02,-7.5067e-02,-7.0737e-02,-6.4825e-02,-5.7431e-02,-4.8682e-02,-3.8727e-02,-2.7736e-02,-1.5887e-02,-3.3673e-03,9.6325e-03
-9.0945e-03,-1.2644e-02,-1.6021e-02,-1.9249e-02,-2.2281e-02,-2.5004e-02,-2.7240e-02,-2.8765e-02,-2.9327e-02,-2.8677e-02,-2.6601e-02,-2.2960e-02,-1.7710e-02,-1.0917e-02,-2.7524e-03,6.5328e-03,1.6627e-02,2.7183e-02,3.7835e-02,4.8205e-02,5.7918e-02,6.6604e-02,7.3925e-02,7.9584e-02,8.3347e-02,8.5055e-02,8.4637e-02,8.2106e-02,7.7558e-02,7.1158e-02,6.3128e-02,5.3733e-02,4.3260e-02,3.2006e-02,2.0269e-02,8.3361e-03,-3.5218e-03,-1.5052e-02,-2.6020e-02,-3.6214e-02,-4.5441e-02,-5.3528e-02,-6.0324e-02,-6.5698e-02,-6.9545e-02,-7.1783e-02,-7.2359e-02,-7.1253e-02,-6.8474e-02,-6.4070e-02,-5.8124e-02,-5.0755e-02,-4.2117e-02,-3.2396e-02,-2.1808e-02,-1.0592e-02,9.9608e-04,1.2685e-02,2.4197e-02,3.5253e-02,4.5580e-02,5.4916e-02,6.3018e-02,6.9672e-02,7.4696e-02,7.7954e-02,7.9359e-02,7.8879e-02,7.6539e-02,7.2422e-02,6.6663e-02,5.9439e-02,5.0961e-02,4.1460e-02,3.1178e-02,2.0354e-02,9.2183e-03,-2.0093e-03,-1.3123e-02,-2.3928e-02,-3.4241e-02,-4.3882e-02,-5.2678e-02,-6.0460e-02,-6.7068e-02,-7.2354e-02,-7.6189e-02,-7.8469e-02,-7.9118e-02,-7.8097e-02,-7.5400e-02,-7.1060e-02,-6.5144e-02,-5.7752e-02,-4.9009e-02,-3.9068e-02,-2.8095e-02,-1.6271e-02,-3.7852e-03,9.1715e-03
-1.1791e-02,-1.4504e-02,-1.7147e-02,-1.9765e-02,-2.2316e-02,-2.4673e-02,-2.6636e-02,-2.7948e-02,-2.8331e-02,-2.7513e-02,-2.5272e-02,-2.1468e-02,-1.6068e-02,-9.1520e-03,-9.0455e-04,8.4134e-03,1.8490e-02,2.8983e-02,3.9537e-02,4.9788e-02,5.9370e-02,6.7926e-02,7.5122e-02,8.0666e-02,8.4327e-02,8.5949e-02,8.5460e-02,8.2875e-02,7.8287e-02,7.1862e-02,6.3818e-02,5.4417e-02,4.3941e-02,3.2685e-02,2.0941e-02,8.9937e-03,-2.8892e-03,-1.4457e-02,-2.5478e-02,-3.5742e-02,-4.5058e-02,-5.3252e-02,-6.0173e-02,-6.5691e-02,-6.9699e-02,-7.2115e-02,-7.2882e-02,-7.1976e-02,-6.9405e-02,-6.5212e-02,-5.9473e-02,-5.2305e-02,-4.3853e-02,-3.4300e-02,-2.3854e-02,-1.2748e-02,-1.2354e-03,1.0419e-02,2.1941e-02,3.3053e-02,4.3484e-02,5.2970e-02,6.1266e-02,6.8150e-02,7.3434e-02,7.6970e-02,7.8657e-02,7.8451e-02,7.6365e-02,7.2471e-02,6.6895e-02,5.9809e-02,5.1423e-02,4.1971e-02,3.1699e-02,2.0853e-02,9.6729e-03,-1.6132e-03,-1.2791e-02,-2.3661e-02,-3.4031e-02,-4.3721e-02,-5.2555e-02,-6.0365e-02,-6.6995e-02,-7.2299e-02,-7.6153e-02,-7.8455e-02,-7.9133e-02,-7.8149e-02,-7.5500e-02,-7.1216e-02,-6.5366e-02,-5.8047e-02,-4.9386e-02,-3.9532e-02,-2.8652e-02,-1.6928e-02,-4.5476e-03,8.2968e-03
-1.4973e-02,-1.6855e-02,-1.8746e-02,-2.0726e-02,-2.2763e-02,-2.4722e-02,-2.6382e-02,-2.7459e-02,-2.7645e-02,-2.6648e-02,-2.4234e-02,-2.0264e-02,-1.4716e-02,-7.6845e-03,6.3300e-04,9.9678e-03,2.0007e-02,3.0417e-02,4.0854e-02,5.0970e-02,6.0413e-02,6.8841e-02,7.5928e-02,8.1389e-02,8.4994e-02,8.6591e-02,8.6104e-02,8.3548e-02,7.9011e-02,7.2654e-02,6.4690e-02,5.5372e-02,4.4976e-02,3.3790e-02,2.2102e-02,1.0190e-02,-1.6805e-03,-1.3262e-02,-2.4325e-02,-3.4660e-02,-4.4075e-02,-5.2399e-02,-5.9481e-02,-6.5187e-02,-6.9411e-02,-7.2065e-02,-7.3094e-02,-7.2469e-02,-7.0193e-02,-6.6304e-02,-6.0874e-02,-5.4012e-02,-4.5858e-02,-3.6587e-02,-2.6400e-02,-1.5522e-02,-4.1985e-03,7.3118e-03,1.8742e-02,2.9822e-02,4.0282e-02,4.9863e-02,5.8319e-02,6.5424e-02,7.0984e-02,7.4842e-02,7.6885e-02,7.7054e-02,7.5346e-02,7.1818e-02,6.6581e-02,5.9799e-02,5.1672e-02,4.2431e-02,3.2320e-02,2.1589e-02,1.0482e-02,-7.6503e-04,-1.1932e-02,-2.2811e-02,-3.3205e-02,-4.2927e-02,-5.1799e-02,-5.9653e-02,-6.6330e-02,-7.1689e-02,-7.5606e-02,-7.7983e-02,-7.8748e-02,-7.7865e-02,-7.5331e-02,-7.1176e-02,-6.5468e-02,-5.8300e-02,-4.9800e-02,-4.0114e-02,-2.9407e-02,-1.7861e-02,-5.6622e-03,6.9962e-03
-1.8635e-02,-1.9701e-02,-2.0829e-02,-2.2137e-02,-2.3616e-02,-2.5132e-02,-2.6448e-02,-2.7257e-02,-2.7224e-02,-2.6036e-02,-2.3447e-02,-1.9317e-02,-1.3633e-02,-6.5032e-03,1.8642e-03,1.1193e-02,2.1171e-02,3.1473e-02,4.1771e-02,5.1733e-02,6.1028e-02,6.9326e-02,7.6317e-02,8.1721e-02,8.5315e-02,8.6943e-02,8.6532e-02,8.4089e-02,7.9697e-02,7.3506e-02,6.5719e-02,5.6580e-02,4.6353e-02,3.5318e-02,2.3755e-02,1.1935e-02,1.2080e-04,-1.1444e-02,-2.2531e-02,-3.2932e-02,-4.2456e-02,-5.0930e-02,-5.8202e-02,-6.4139e-02,-6.8629e-02,-7.1586e-02,-7.2948e-02,-7.2683e-02,-7.0790e-02,-6.7301e-02,-6.2282e-02,-5.5835e-02,-4.8093e-02,-3.9221e-02,-2.9411e-02,-1.8880e-02,-7.8623e-03,3.3928e-03,1.4629e-02,2.5584e-02,3.5997e-02,4.5614e-02,5.4191e-02,6.1505e-02,6.7356e-02,7.1578e-02,7.4047e-02,7.4689e-02,7.3482e-02,7.0463e-02,6.5726e-02,5.9415e-02,5.1718e-02,4.2853e-02,3.3060e-02,2.2584e-02,1.1674e-02,5.6697e-04,-1.0509e-02,-2.1339e-02,-3.1718e-02,-4.1454e-02,-5.0363e-02,-5.8272e-02,-6.5024e-02,-7.0475e-02,-7.4502e-02,-7.7008e-02,-7.7922e-02,-7.7207e-02,-7.4861e-02,-7.0912e-02,-6.5424e-02,-5.8492e-02,-5.0236e-02,-4.0801e-02,-3.0352e-02,-1.9067e-02,-7.1301e-03,5.2658e-03
-2.2749e-02,-2.3038e-02,-2.3402e-02,-2.4008e-02,-2.4879e-02,-2.5895e-02,-2.6813e-02,-2.7309e-02,-2.7027e-02,-2.5632e-02,-2.2866e-02,-1.8588e-02,-1.2788e-02,-5.5860e-03,2.8019e-03,1.2094e-02,2.1981e-02,3.2147e-02,4.2279e-02,5.2065e-02,6.1195e-02,6.9360e-02,7.6261e-02,8.1630e-02,8.5250e-02,8.6966e-02,8.6700e-02,8.4452e-02,8.0297e-02,7.4372e-02,6.6866e-02,5.8006e-02,4.8044e-02,3.7248e-02,2.5886e-02,1.4224e-02,2.5172e-03,-8.9929e-03,-2.0080e-02,-3.0537e-02,-4.0171e-02,-4.8811e-02,-5.6301e-02,-6.2507e-02,-6.7315e-02,-7.0634e-02,-7.2399e-02,-7.2574e-02,-7.1152e-02,-6.8159e-02,-6.3654e-02,-5.7731e-02,-5.0513e-02,-4.2157e-02,-3.2844e-02,-2.2778e-02,-1.2182e-02,-1.2925e-03,9.6464e-03,2.0385e-02,3.0674e-02,4.0268e-02,4.8929e-02,5.6437e-02,6.2591e-02,6.7217e-02,7.0181e-02,7.1390e-02,7.0803e-02,6.8435e-02,6.4354e-02,5.8681e-02,5.1583e-02,4.3261e-02,3.3942e-02,2.3866e-02,1.3276e-02,2.4128e-03,-8.4903e-03,-1.9210e-02,-2.9535e-02,-3.9263e-02,-4.8205e-02,-5.6183e-02,-6.3034e-02,-6.8614e-02,-7.2798e-02,-7.5489e-02,-7.6615e-02,-7.6140e-02,-7.4056e-02,-7.0392e-02,-6.5208e-02,-5.8596e-02,-5.0672e-02,-4.1578e-02,-3.1474e-02,-2.0535e-02,-8.9434e-03,3.1099e-03
-2.7262e-02,-2.6844e-02,-2.6465e-02,-2.6350e-02,-2.6566e-02,-2.7018e-02,-2.7472e-02,-2.7598e-02,-2.7022e-02,-2.5395e-02,-2.2449e-02,-1.8034e-02,-1.2143e-02,-4.9008e-03,3.4708e-03,1.2689e-02,2.2448e-02,3.2443e-02,4.2377e-02,5.1961e-02,6.0906e-02,6.8924e-02,7.5736e-02,8.1086e-02,8.4763e-02,8.6613e-02,8.6555e-02,8.4582e-02,8.0754e-02,7.5193e-02,6.8071e-02,5.9595e-02,5.0000e-02,3.9537e-02,2.8462e-02,1.7031e-02,5.4920e-03,-5.9170e-03,-1.6972e-02,-2.7466e-02,-3.7207e-02,-4.6021e-02,-5.3752e-02,-6.0262e-02,-6.5433e-02,-6.9172e-02,-7.1408e-02,-7.2101e-02,-7.1236e-02,-6.8833e-02,-6.4944e-02,-5.9651e-02,-5.3070e-02,-4.5345e-02,-3.6644e-02,-2.7159e-02,-1.7098e-02,-6.6812e-03,3.8613e-03,1.4296e-02,2.4386e-02,3.3900e-02,4.2609e-02,5.0297e-02,5.6764e-02,6.1832e-02,6.5353e-02,6.7220e-02,6.7368e-02,6.5786e-02,6.2511e-02,5.7637e-02,5.1303e-02,4.3686e-02,3.4995e-02,2.5457e-02,1.5311e-02,4.7957e-03,-5.8511e-03,-1.6399e-02,-2.6627e-02,-3.6326e-02,-4.5295e-02,-5.3351e-02,-6.0326e-02,-6.6072e-02,-7.0460e-02,-7.3392e-02,-7.4794e-02,-7.4627e-02,-7.2882e-02,-6.9585e-02,-6.4790e-02,-5.8585e-02,-5.1083e-02,-4.2419e-02,-3.2749e-02,-2.2245e-02,-1.1085e-02,5.4348e-04
-3.2088e-02,-3.1070e-02,-3.0001e-02,-2.9169e-02,-2.8695e-02,-2.8523e-02,-2.8441e-02,-2.8124e-02,-2.7199e-02,-2.5304e-02,-2.2160e-02,-1.7615e-02,-1.1657e-02,-4.4098e-03,3.9042e-03,1.3005e-02,2.2594e-02,3.2377e-02,4.2077e-02,5.1426e-02,6.0159e-02,6.8012e-02,7.4727e-02,8.0062e-02,8.3816e-02,8.5837e-02,8.6042e-02,8.4412e-02,8.0995e-02,7.5894e-02,6.9259e-02,6.1274e-02,5.2153e-02,4.2124e-02,3.1429e-02,2.0311e-02,9.0098e-03,-2.2423e-03,-1.3225e-02,-2.3729e-02,-3.3565e-02,-4.2555e-02,-5.0541e-02,-5.7383e-02,-6.2959e-02,-6.7170e-02,-6.9942e-02,-7.1225e-02,-7.1001e-02,-6.9279e-02,-6.6103e-02,-6.1546e-02,-5.5709e-02,-4.8726e-02,-4.0748e-02,-3.1954e-02,-2.2534e-02,-1.2691e-02,-2.6371e-03,7.4113e-03,1.7235e-02,2.6616e-02,3.5339e-02,4.3194e-02,4.9984e-02,5.5527e-02,5.9666e-02,6.2274e-02,6.3263e-02,6.2590e-02,6.0264e-02,5.6339e-02,5.0923e-02,4.4163e-02,3.6246e-02,2.7380e-02,1.7795e-02,7.7276e-03,-2.5816e-03,-1.2896e-02,-2.2985e-02,-3.2627e-02,-4.1617e-02,-4.9759e-02,-5.6879e-02,-6.2823e-02,-6.7460e-02,-7.0686e-02,-7.2427e-02,-7.2638e-02,-7.1309e-02,-6.8458e-02,-6.4137e-02,-5.8428e-02,-5.1437e-02,-4.3294e-02,-3.4150e-02,-2.4169e-02,-1.3528e-02,-2.4060e-03
-3.7106e-02,-3.5636e-02,-3.3970e-02,-3.2459e-02,-3.1283e-02,-3.0438e-02,-2.9750e-02,-2.8917e-02,-2.7571e-02,-2.5355e-02,-2.1986e-02,-1.7303e-02,-1.1293e-02,-4.0727e-03,4.1421e-03,1.3079e-02,2.2450e-02,3.1977e-02,4.1400e-02,5.0474e-02,5.8962e-02,6.6624e-02,7.3224e-02,7.8539e-02,8.2378e-02,8.4595e-02,8.5103e-02,8.3874e-02,8.0942e-02,7.6389e-02,7.0339e-02,6.2952e-02,5.4412e-02,4.4926e-02,3.4712e-02,2.3998e-02,1.3014e-02,1.9838e-03,-8.8741e-03,-1.9353e-02,-2.9262e-02,-3.8421e-02,-4.6670e-02,-5.3865e-02,-5.9879e-02,-6.4609e-02,-6.7973e-02,-6.9916e-02,-7.0409e-02,-6.9455e-02,-6.7084e-02,-6.3359e-02,-5.8368e-02,-5.2229e-02,-4.5080e-02,-3.7078e-02,-2.8397e-02,-1.9220e-02,-9.7384e-03,-1.4952e-04,9.3471e-03,1.8550e-02,2.7258e-02,3.5270e-02,4.2394e-02,4.8444e-02,5.3252e-02,5.6675e-02,5.8598e-02,5.8946e-02,5.7690e-02,5.4849e-02,5.0488e-02,4.4724e-02,3.7712e-02,2.9641e-02,2.0728e-02,1.1204e-02,1.3110e-03,-8.7080e-03,-1.8613e-02,-2.8173e-02,-3.7170e-02,-4.5401e-02,-5.2683e-02,-5.8855e-02,-6.3780e-02,-6.7352e-02,-6.9490e-02,-7.0146e-02,-6.9303e-02,-6.6978e-02,-6.3214e-02,-5.8086e-02,-5.1694e-02,-4.4163e-02,-3.5633e-02,-2.6267e-02,-1.6230e-02,-5.7003e-03
-4.2155e-02,-4.0422e-02,-3.8297e-02,-3.6185e-02,-3.4332e-02,-3.2793e-02,-3.1443e-02,-3.0020e-02,-2.8180e-02,-2.5578e-02,-2.1936e-02,-1.7094e-02,-1.1032e-02,-3.8577e-03,4.2233e-03,1.2953e-02,2.2058e-02,3.1280e-02,4.0379e-02,4.9135e-02,5.7337e-02,6.4772e-02,7.1230e-02,7.6509e-02,8.0428e-02,8.2849e-02,8.3685e-02,8.2900e-02,8.0512e-02,7.6582e-02,7.1209e-02,6.4520e-02,5.6671e-02,4.7837e-02,3.8212e-02,2.8003e-02,1.7424e-02,6.6934e-03,-3.9782e-03,-1.4385e-02,-2.4334e-02,-3.3646e-02,-4.2156e-02,-4.9714e-02,-5.6191e-02,-6.1477e-02,-6.5483e-02,-6.8145e-02,-6.9426e-02,-6.9316e-02,-6.7835e-02,-6.5032e-02,-6.0980e-02,-5.5779e-02,-4.9551e-02,-4.2432e-02,-3.4577e-02,-2.6146e-02,-1.7309e-02,-8.2413e-03,8.7826e-04,9.8663e-03,1.8537e-02,2.6700e-02,3.4167e-02,4.0751e-02,4.6273e-02,5.0571e-02,5.3505e-02,5.4964e-02,5.4882e-02,5.3233e-02,5.0044e-02,4.5391e-02,3.9398e-02,3.2231e-02,2.4089e-02,1.5196e-02,5.7944e-03,-3.8681e-03,-1.3543e-02,-2.2989e-02,-3.1976e-02,-4.0293e-02,-4.7746e-02,-5.4168e-02,-5.9416e-02,-6.3376e-02,-6.5963e-02,-6.7125e-02,-6.6837e-02,-6.5110e-02,-6.1981e-02,-5.7518e-02,-5.1811e-02,-4.4978e-02,-3.7153e-02,-2.8487e-02,-1.9141e-02,-9.2867e-03
-4.7038e-02,-4.5269e-02,-4.2865e-02,-4.0279e-02,-3.7816e-02,-3.5597e-02,-3.3559e-02,-3.1489e-02,-2.9083e-02,-2.6025e-02,-2.2051e-02,-1.7009e-02,-1.0876e-02,-3.7503e-03,4.1765e-03,1.2665e-02,2.1462e-02,3.0331e-02,3.9058e-02,4.7448e-02,5.5317e-02,6.2485e-02,6.8764e-02,7.3976e-02,7.7956e-02,8.0574e-02,8.1744e-02,8.1426e-02,7.9623e-02,7.6375e-02,7.1755e-02,6.5858e-02,5.8803e-02,5.0732e-02,4.1808e-02,3.2213e-02,2.2140e-02,1.1796e-02,1.3840e-03,-8.8923e-03,-1.8839e-02,-2.8274e-02,-3.7030e-02,-4.4953e-02,-5.1906e-02,-5.7775e-02,-6.2461e-02,-6.5891e-02,-6.8019e-02,-6.8821e-02,-6.8304e-02,-6.6501e-02,-6.3468e-02,-5.9288e-02,-5.4061e-02,-4.7904e-02,-4.0946e-02,-3.3328e-02,-2.5193e-02,-1.6695e-02,-7.9902e-03,7.5634e-04,9.3742e-03,1.7685e-02,2.5505e-02,3.2643e-02,3.8913e-02,4.4130e-02,4.8127e-02,5.0763e-02,5.1926e-02,5.1551e-02,4.9620e-02,4.6170e-02,4.1288e-02,3.5114e-02,2.7829e-02,1.9647e-02,1.0808e-02,1.5635e-03,-7.8314e-03,-1.7125e-02,-2.6079e-02,-3.4469e-02,-4.2094e-02,-4.8779e-02,-5.4373e-02,-5.8756e-02,-6.1836e-02,-6.3555e-02,-6.3883e-02,-6.2821e-02,-6.0400e-02,-5.6677e-02,-5.1736e-02,-4.5685e-02,-3.8648e-02,-3.0767e-02,-2.2198e-02,-1.3100e-02
-5.1527e-02,-4.9978e-02,-4.7515e-02,-4.4628e-02,-4.1673e-02,-3.8836e-02,-3.6121e-02,-3.3375e-02,-3.0351e-02,-2.6770e-02,-2.2399e-02,-1.7101e-02,-1.0857e-02,-3.7614e-03,4.0112e-03,1.2241e-02,2.0701e-02,2.9177e-02,3.7486e-02,4.5461e-02,5.2950e-02,5.9801e-02,6.5857e-02,7.0961e-02,7.4969e-02,7.7761e-02,7.9253e-02,7.9402e-02,7.8202e-02,7.5675e-02,7.1865e-02,6.6837e-02,6.0672e-02,5.3472e-02,4.5362e-02,3.6493e-02,2.7035e-02,1.7176e-02,7.1107e-03,-2.9628e-03,-1.2851e-02,-2.2368e-02,-3.1343e-02,-3.9618e-02,-4.7050e-02,-5.3515e-02,-5.8907e-02,-6.3143e-02,-6.6162e-02,-6.7931e-02,-6.8438e-02,-6.7698e-02,-6.5752e-02,-6.2659e-02,-5.8498e-02,-5.3363e-02,-4.7360e-02,-4.0603e-02,-3.3212e-02,-2.5317e-02,-1.7053e-02,-8.5649e-03,-7.4804e-06,8.4505e-03,1.6628e-02,2.4334e-02,3.1366e-02,3.7525e-02,4.2615e-02,4.6459e-02,4.8908e-02,4.9852e-02,4.9231e-02,4.7042e-02,4.3336e-02,3.8224e-02,3.1867e-02,2.4468e-02,1.6260e-02,7.4955e-03,-1.5645e-03,-1.0661e-02,-1.9545e-02,-2.7986e-02,-3.5772e-02,-4.2720e-02,-4.8672e-02,-5.3499e-02,-5.7106e-02,-5.9424e-02,-6.0416e-02,-6.0077e-02,-5.8426e-02,-5.5513e-02,-5.1412e-02,-4.6219e-02,-4.0050e-02,-3.3036e-02,-2.5323e-02,-1.7063e-02
-5.5377e-02,-5.4319e-02,-5.2050e-02,-4.9075e-02,-4.5794e-02,-4.2450e-02,-3.9116e-02,-3.5709e-02,-3.2042e-02,-2.7891e-02,-2.3063e-02,-1.7448e-02,-1.1041e-02,-3.9335e-03,3.7082e-03,1.1685e-02,1.9795e-02,2.7855e-02,3.5710e-02,4.3227e-02,5.0288e-02,5.6772e-02,6.2554e-02,6.7503e-02,7.1494e-02,7.4419e-02,7.6201e-02,7.6798e-02,7.6195e-02,7.4399e-02,7.1435e-02,6.7332e-02,6.2134e-02,5.5901e-02,4.8716e-02,4.0691e-02,3.1963e-02,2.2699e-02,1.3079e-02,3.2931e-03,-6.4654e-03,-1.6010e-02,-2.5164e-02,-3.3764e-02,-4.1660e-02,-4.8720e-02,-5.4829e-02,-5.9892e-02,-6.3834e-02,-6.6606e-02,-6.8180e-02,-6.8552e-02,-6.7741e-02,-6.5784e-02,-6.2736e-02,-5.8667e-02,-5.3656e-02,-4.7792e-02,-4.1171e-02,-3.3898e-02,-2.6087e-02,-1.7864e-02,-9.3703e-03,-7.6672e-04,7.7692e-03,1.6040e-02,2.3834e-02,3.0930e-02,3.7108e-02,4.2157e-02,4.5891e-02,4.8161e-02,4.8866e-02,4.7961e-02,4.5468e-02,4.1465e-02,3.6092e-02,2.9536e-02,2.2024e-02,1.3805e-02,5.1416e-03,-3.7020e-03,-1.2470e-02,-2.0924e-02,-2.8845e-02,-3.6041e-02,-4.2346e-02,-4.7627e-02,-5.1778e-02,-5.4722e-02,-5.6417e-02,-5.6845e-02,-5.6018e-02,-5.3974e-02,-5.0778e-02,-4.6513e-02,-4.1284e-02,-3.5212e-02,-2.8431e-02,-2.1085e-02
-5.8329e-02,-5.8038e-02,-5.6234e-02,-5.3419e-02,-5.0021e-02,-4.6332e-02,-4.2491e-02,-3.8484e-02,-3.4194e-02,-2.9457e-02,-2.4132e-02,-1.8145e-02,-1.1514e-02,-4.3406e-03,3.2152e-03,1.0969e-02,1.8742e-02,2.6381e-02,3.3763e-02,4.0792e-02,4.7384e-02,5.3455e-02,5.8912e-02,6.3653e-02,6.7573e-02,7.0580e-02,7.2605e-02,7.3608e-02,7.3570e-02,7.2491e-02,7.0374e-02,6.7225e-02,6.3050e-02,5.7864e-02,5.1705e-02,4.4636e-02,3.6759e-02,2.8208e-02,1.9143e-02,9.7443e-03,2.0015e-04,-9.3010e-03,-1.8579e-02,-2.7461e-02,-3.5792e-02,-4.3430e-02,-5.0248e-02,-5.6139e-02,-6.1016e-02,-6.4809e-02,-6.7475e-02,-6.8986e-02,-6.9338e-02,-6.8546e-02,-6.6638e-02,-6.3657e-02,-5.9657e-02,-5.4700e-02,-4.8857e-02,-4.2210e-02,-3.4853e-02,-2.6896e-02,-1.8468e-02,-9.7243e-03,-8.4184e-04,7.9759e-03,1.6505e-02,2.4504e-02,3.1729e-02,3.7940e-02,4.2918e-02,4.6478e-02,4.8483e-02,4.8854e-02,4.7578e-02,4.4707e-02,4.0357e-02,3.4698e-02,2.7944e-02,2.0338e-02,1.2141e-02,3.6180e-03,-4.9725e-03,-1.3386e-02,-2.1398e-02,-2.8809e-02,-3.5448e-02,-4.1172e-02,-4.5868e-02,-4.9452e-02,-5.1871e-02,-5.3097e-02,-5.3134e-02,-5.2007e-02,-4.9769e-02,-4.6491e-02,-4.2267e-02,-3.7206e-02,-3.1428e-02,-2.5067e-02
-6.0132e-02,-6.0872e-02,-5.9809e-02,-5.7423e-02,-5.4151e-02,-5.0324e-02,-4.6136e-02,-4.1644e-02,-3.6799e-02,-3.1505e-02,-2.5676e-02,-1.9285e-02,-1.2379e-02,-5.0799e-03,2.4493e-03,1.0031e-02,1.7506e-02,2.4745e-02,3.1659e-02,3.8188e-02,4.4285e-02,4.9905e-02,5.4991e-02,5.9471e-02,6.3265e-02,6.6296e-02,6.8505e-02,6.9854e-02,7.0327e-02,6.9920e-02,6.8624e-02,6.6424e-02,6.3296e-02,5.9211e-02,5.4159e-02,4.8152e-02,4.1244e-02,3.3529e-02,2.5140e-02,1.6241e-02,7.0117e-03,-2.3600e-03,-1.1688e-02,-2.0794e-02,-2.9513e-02,-3.7691e-02,-4.5193e-02,-5.1896e-02,-5.7696e-02,-6.2509e-02,-6.6266e-02,-6.8921e-02,-7.0444e-02,-7.0822e-02,-7.0058e-02,-6.8167e-02,-6.5176e-02,-6.1120e-02,-5.6048e-02,-5.0019e-02,-4.3110e-02,-3.5416e-02,-2.7059e-02,-1.8190e-02,-8.9872e-03,3.3660e-04,9.5447e-03,1.8379e-02,2.6574e-02,3.3863e-02,4.0002e-02,4.4776e-02,4.8017e-02,4.9618e-02,4.9536e-02,4.7797e-02,4.4493e-02,3.9773e-02,3.3837e-02,2.6916e-02,1.9263e-02,1.1140e-02,2.8045e-03,-5.4973e-03,-1.3538e-02,-2.1112e-02,-2.8044e-02,-3.4182e-02,-3.9405e-02,-4.3623e-02,-4.6770e-02,-4.8811e-02,-4.9736e-02,-4.9560e-02,-4.8321e-02,-4.6080e-02,-4.2915e-02,-3.8923e-02,-3.4211e-02,-2.8901e-02
-6.0551e-02,-6.2562e-02,-6.2505e-02,-6.0824e-02,-5.7944e-02,-5.4220e-02,-4.9892e-02,-4.5079e-02,-3.9800e-02,-3.4026e-02,-2.7731e-02,-2.0937e-02,-1.3731e-02,-6.2565e-03,1.3068e-03,8.7812e-03,1.6015e-02,2.2902e-02,2.9378e-02,3.5417e-02,4.1014e-02,4.6163e-02,5.0844e-02,5.5020e-02,5.8636e-02,6.1633e-02,6.3961e-02,6.5588e-02,6.6502e-02,6.6697e-02,6.6163e-02,6.4872e-02,6.2776e-02,5.9813e-02,5.5921e-02,5.1062e-02,4.5232e-02,3.8477e-02,3.0893e-02,2.2617e-02,1.3817e-02,4.6783e-03,-4.6102e-03,-1.3862e-02,-2.2902e-02,-3.1566e-02,-3.9703e-02,-4.7178e-02,-5.3870e-02,-5.9673e-02,-6.4500e-02,-6.8277e-02,-7.0951e-02,-7.2482e-02,-7.2842e-02,-7.2021e-02,-7.0017e-02,-6.6841e-02,-6.2520e-02,-5.7092e-02,-5.0621e-02,-4.3190e-02,-3.4917e-02,-2.5951e-02,-1.6477e-02,-6.7140e-03,3.0868e-03,1.2654e-02,2.1702e-02,2.9947e-02,3.7125e-02,4.2998e-02,4.7377e-02,5.0131e-02,5.1192e-02,5.0563e-02,4.8311e-02,4.4566e-02,3.9503e-02,3.3341e-02,2.6318e-02,1.8686e-02,1.0697e-02,2.5957e-03,-5.3910e-03,-1.3056e-02,-2.0217e-02,-2.6719e-02,-3.2433e-02,-3.7258e-02,-4.1120e-02,-4.3973e-02,-4.5794e-02,-4.6586e-02,-4.6374e-02,-4.5204e-02,-4.3141e-02,-4.0266e-02,-3.6675e-02,-3.2473e-02
-5.9384e-02,-6.2865e-02,-6.4058e-02,-6.3349e-02,-6.1136e-02,-5.7779e-02,-5.3551e-02,-4.8624e-02,-4.3081e-02,-3.6956e-02,-3.0283e-02,-2.3135e-02,-1.5637e-02,-7.9655e-03,-3.2072e-04,7.1090e-03,1.4172e-02,2.0770e-02,2.6862e-02,3.2452e-02,3.7569e-02,4.2248e-02,4.6511e-02,5.0354e-02,5.3752e-02,5.6665e-02,5.9052e-02,6.0887e-02,6.2160e-02,6.2871e-02,6.3013e-02,6.2556e-02,6.1439e-02,5.9575e-02,5.6861e-02,5.3203e-02,4.8540e-02,4.2861e-02,3.6211e-02,2.8692e-02,2.0451e-02,1.1665e-02,2.5239e-03,-6.7780e-03,-1.6054e-02,-2.5126e-02,-3.3829e-02,-4.2013e-02,-4.9537e-02,-5.6278e-02,-6.2123e-02,-6.6976e-02,-7.0755e-02,-7.3393e-02,-7.4835e-02,-7.5041e-02,-7.3985e-02,-7.1654e-02,-6.8053e-02,-6.3206e-02,-5.7164e-02,-5.0005e-02,-4.1843e-02,-3.2831e-02,-2.3158e-02,-1.3053e-02,-2.7778e-03,7.3837e-03,1.7135e-02,2.6181e-02,3.4241e-02,4.1067e-02,4.6456e-02,5.0259e-02,5.2390e-02,5.2829e-02,5.1621e-02,4.8872e-02,4.4735e-02,3.9404e-02,3.3100e-02,2.6061e-02,1.8525e-02,1.0729e-02,2.8978e-03,-4.7641e-03,-1.2072e-02,-1.8865e-02,-2.5009e-02,-3.0394e-02,-3.4936e-02,-3.8578e-02,-4.1285e-02,-4.3046e-02,-4.3872e-02,-4.3794e-02,-4.2862e-02,-4.1142e-02,-3.8713e-02,-3.5669e-02
-5.6473e-02,-6.1573e-02,-6.4222e-02,-6.4730e-02,-6.3452e-02,-6.0734e-02,-5.6869e-02,-5.2069e-02,-4.6473e-02,-4.0174e-02,-3.3261e-02,-2.5855e-02,-1.8122e-02,-1.0271e-02,-2.5257e-03,4.9055e-03,1.1862e-02,1.8245e-02,2.4025e-02,2.9226e-02,3.3909e-02,3.8148e-02,4.2001e-02,4.5506e-02,4.8665e-02,5.1459e-02,5.3858e-02,5.5839e-02,5.7396e-02,5.8531e-02,5.9245e-02,5.9517e-02,5.9287e-02,5.8454e-02,5.6887e-02,5.4445e-02,5.1008e-02,4.6499e-02,4.0905e-02,3.4280e-02,2.6738e-02,1.8439e-02,9.5721e-03,3.3665e-04,-9.0680e-03,-1.8450e-02,-2.7628e-02,-3.6432e-02,-4.4706e-02,-5.2302e-02,-5.9087e-02,-6.4941e-02,-6.9752e-02,-7.3427e-02,-7.5884e-02,-7.7056e-02,-7.6892e-02,-7.5359e-02,-7.2444e-02,-6.8159e-02,-6.2546e-02,-5.5681e-02,-4.7678e-02,-3.8693e-02,-2.8923e-02,-1.8604e-02,-8.0036e-03,2.5860e-03,1.2861e-02,2.2523e-02,3.1286e-02,3.8897e-02,4.5145e-02,4.9872e-02,5.2978e-02,5.4427e-02,5.4240e-02,5.2497e-02,4.9328e-02,4.4899e-02,3.9406e-02,3.3065e-02,2.6098e-02,1.8728e-02,1.1169e-02,3.6230e-03,-3.7270e-03,-1.0718e-02,-1.7210e-02,-2.3086e-02,-2.8252e-02,-3.2640e-02,-3.6202e-02,-3.8913e-02,-4.0770e-02,-4.1788e-02,-4.2001e-02,-4.1458e-02,-4.0224e-02,-3.8374e-02
-5.1716e-02,-5.8524e-02,-6.2784e-02,-6.4719e-02,-6.4623e-02,-6.2813e-02,-5.9583e-02,-5.5172e-02,-4.9764e-02,-4.3505e-02,-3.6535e-02,-2.9016e-02,-2.1155e-02,-1.3187e-02,-5.3646e-03,2.0836e-03,8.9784e-03,1.5213e-02,2.0756e-02,2.5645e-02,2.9962e-02,3.3812e-02,3.7294e-02,4.0479e-02,4.3403e-02,4.6067e-02,4.8452e-02,5.0538e-02,5.2316e-02,5.3791e-02,5.4972e-02,5.5851e-02,5.6382e-02,5.6469e-02,5.5968e-02,5.4705e-02,5.2506e-02,4.9230e-02,4.4795e-02,3.9194e-02,3.2496e-02,2.4833e-02,1.6384e-02,7.3504e-03,-2.0560e-03,-1.1627e-02,-2.1164e-02,-3.0477e-02,-3.9389e-02,-4.7734e-02,-5.5354e-02,-6.2103e-02,-6.7847e-02,-7.2465e-02,-7.5848e-02,-7.7907e-02,-7.8568e-02,-7.7779e-02,-7.5516e-02,-7.1781e-02,-6.6611e-02,-6.0082e-02,-5.2309e-02,-4.3452e-02,-3.3714e-02,-2.3334e-02,-1.2585e-02,-1.7594e-03,8.8405e-03,1.8916e-02,2.8185e-02,3.6396e-02,4.3339e-02,4.8852e-02,5.2826e-02,5.5209e-02,5.6005e-02,5.5267e-02,5.3097e-02,4.9631e-02,4.5036e-02,3.9500e-02,3.3222e-02,2.6405e-02,1.9251e-02,1.1949e-02,4.6802e-03,-2.3942e-03,-9.1306e-03,-1.5406e-02,-2.1118e-02,-2.6187e-02,-3.0552e-02,-3.4176e-02,-3.7038e-02,-3.9138e-02,-4.0493e-02,-4.1136e-02,-4.1113e-02,-4.0484e-02
-4.5077e-02,-5.3613e-02,-5.9581e-02,-6.3105e-02,-6.4405e-02,-6.3751e-02,-6.1421e-02,-5.7669e-02,-5.2710e-02,-4.6733e-02,-3.9922e-02,-3.2480e-02,-2.4642e-02,-1.6671e-02,-8.8411e-03,-1.4040e-03,5.4414e-03,1.1571e-02,1.6944e-02,2.1597e-02,2.5627e-02,2.9162e-02,3.2332e-02,3.5242e-02,3.7959e-02,4.0509e-02,4.2884e-02,4.5061e-02,4.7026e-02,4.8780e-02,5.0335e-02,5.1700e-02,5.2851e-02,5.3712e-02,5.4146e-02,5.3967e-02,5.2963e-02,5.0933e-02,4.7725e-02,4.3260e-02,3.7546e-02,3.0675e-02,2.2802e-02,1.4126e-02,4.8667e-03,-4.7511e-03,-1.4508e-02,-2.4194e-02,-3.3610e-02,-4.2569e-02,-5.0890e-02,-5.8405e-02,-6.4957e-02,-7.0400e-02,-7.4603e-02,-7.7455e-02,-7.8865e-02,-7.8769e-02,-7.7129e-02,-7.3944e-02,-6.9248e-02,-6.3117e-02,-5.5670e-02,-4.7069e-02,-3.7517e-02,-2.7255e-02,-1.6553e-02,-5.6979e-03,5.0135e-03,1.5291e-02,2.4863e-02,3.3486e-02,4.0953e-02,4.7105e-02,5.1829e-02,5.5061e-02,5.6788e-02,5.7039e-02,5.5884e-02,5.3431e-02,4.9811e-02,4.5181e-02,3.9711e-02,3.3578e-02,2.6965e-02,2.0049e-02,1.2998e-02,5.9721e-03,-8.8589e-04,-7.4487e-03,-1.3607e-02,-1.9270e-02,-2.4366e-02,-2.8842e-02,-3.2663e-02,-3.5812e-02,-3.8288e-02,-4.0107e-02,-4.1297e-02,-4.1900e-02
-3.6593e-02,-4.6806e-02,-5.4509e-02,-5.9726e-02,-6.2589e-02,-6.3307e-02,-6.2127e-02,-5.9297e-02,-5.5053e-02,-4.9616e-02,-4.3206e-02,-3.6058e-02,-2.8433e-02,-2.0616e-02,-1.2897e-02,-5.5461e-03,1.2172e-03,7.2489e-03,1.2492e-02,1.6975e-02,2.0797e-02,2.4096e-02,2.7029e-02,2.9729e-02,3.2295e-02,3.4774e-02,3.7168e-02,3.9456e-02,4.1610e-02,4.3617e-02,4.5488e-02,4.7239e-02,4.8871e-02,5.0342e-02,5.1542e-02,5.2297e-02,5.2379e-02,5.1547e-02,4.9582e-02,4.6329e-02,4.1724e-02,3.5797e-02,2.8669e-02,2.0522e-02,1.1578e-02,2.0783e-03,-7.7376e-03,-1.7638e-02,-2.7399e-02,-3.6813e-02,-4.5679e-02,-5.3807e-02,-6.1019e-02,-6.7150e-02,-7.2052e-02,-7.5595e-02,-7.7676e-02,-7.8220e-02,-7.7184e-02,-7.4564e-02,-7.0392e-02,-6.4746e-02,-5.7744e-02,-4.9547e-02,-4.0356e-02,-3.0407e-02,-1.9958e-02,-9.2894e-03,1.3180e-03,1.1587e-02,2.1260e-02,3.0105e-02,3.7927e-02,4.4570e-02,4.9921e-02,5.3908e-02,5.6501e-02,5.7708e-02,5.7571e-02,5.6162e-02,5.3579e-02,4.9942e-02,4.5389e-02,4.0069e-02,3.4136e-02,2.7749e-02,2.1065e-02,1.4232e-02,7.3916e-03,6.7183e-04,-5.8126e-03,-1.1962e-02,-1.7694e-02,-2.2942e-02,-2.7655e-02,-3.1799e-02,-3.5356e-02,-3.8324e-02,-4.0711e-02,-4.2542e-02
-2.6380e-02,-3.8142e-02,-4.7537e-02,-5.4482e-02,-5.9019e-02,-6.1282e-02,-6.1469e-02,-5.9807e-02,-5.6537e-02,-5.1899e-02,-4.6142e-02,-3.9526e-02,-3.2333e-02,-2.4861e-02,-1.7413e-02,-1.0271e-02,-3.6686e-03,2.2295e-03,7.3473e-03,1.1698e-02,1.5371e-02,1.8511e-02,2.1286e-02,2.3855e-02,2.6340e-02,2.8810e-02,3.1283e-02,3.3731e-02,3.6113e-02,3.8395e-02,4.0568e-02,4.2646e-02,4.4651e-02,4.6574e-02,4.8352e-02,4.9847e-02,5.0847e-02,5.1092e-02,5.0318e-02,4.8299e-02,4.4888e-02,4.0043e-02,3.3827e-02,2.6392e-02,1.7952e-02,8.7560e-03,-9.3679e-04,-1.0869e-02,-2.0797e-02,-3.0487e-02,-3.9720e-02,-4.8287e-02,-5.5995e-02,-6.2664e-02,-6.8131e-02,-7.2258e-02,-7.4932e-02,-7.6073e-02,-7.5634e-02,-7.3609e-02,-7.0030e-02,-6.4973e-02,-5.8553e-02,-5.0926e-02,-4.2283e-02,-3.2847e-02,-2.2864e-02,-1.2595e-02,-2.3028e-03,7.7534e-03,1.7333e-02,2.6222e-02,3.4235e-02,4.1224e-02,4.7078e-02,5.1719e-02,5.5104e-02,5.7220e-02,5.8082e-02,5.7729e-02,5.6224e-02,5.3651e-02,5.0110e-02,4.5716e-02,4.0595e-02,3.4882e-02,2.8713e-02,2.2226e-02,1.5554e-02,8.8224e-03,2.1487e-03,-4.3610e-03,-1.0614e-02,-1.6531e-02,-2.2048e-02,-2.7113e-02,-3.1691e-02,-3.5759e-02,-3.9310e-02,-4.2346e-02
-1.4634e-02,-2.7744e-02,-3.8710e-02,-4.7348e-02,-5.3603e-02,-5.7528e-02,-5.9255e-02,-5.8978e-02,-5.6923e-02,-5.3337e-02,-4.8483e-02,-4.2644e-02,-3.6115e-02,-2.9203e-02,-2.2217e-02,-1.5443e-02,-9.1258e-03,-3.4433e-03,1.5095e-03,5.7271e-03,9.2855e-03,1.2323e-02,1.5012e-02,1.7526e-02,2.0007e-02,2.2545e-02,2.5169e-02,2.7853e-02,3.0537e-02,3.3157e-02,3.5672e-02,3.8078e-02,4.0397e-02,4.2654e-02,4.4833e-02,4.6854e-02,4.8552e-02,4.9685e-02,4.9972e-02,4.9133e-02,4.6945e-02,4.3282e-02,3.8131e-02,3.1594e-02,2.3858e-02,1.5170e-02,5.8038e-03,-3.9613e-03,-1.3856e-02,-2.3626e-02,-3.3032e-02,-4.1852e-02,-4.9879e-02,-5.6925e-02,-6.2822e-02,-6.7424e-02,-7.0617e-02,-7.2319e-02,-7.2481e-02,-7.1095e-02,-6.8193e-02,-6.3843e-02,-5.8154e-02,-5.1269e-02,-4.3363e-02,-3.4642e-02,-2.5330e-02,-1.5664e-02,-5.8880e-03,3.7638e-03,1.3071e-02,2.1834e-02,2.9884e-02,3.7081e-02,4.3316e-02,4.8507e-02,5.2601e-02,5.5565e-02,5.7389e-02,5.8083e-02,5.7675e-02,5.6211e-02,5.3753e-02,5.0382e-02,4.6191e-02,4.1285e-02,3.5778e-02,2.9789e-02,2.3441e-02,1.6853e-02,1.0142e-02,3.4148e-03,-3.2265e-03,-9.6916e-03,-1.5903e-02,-2.1793e-02,-2.7310e-02,-3.2413e-02,-3.7074e-02,-4.1276e-02
-1.6338e-03,-1.5818e-02,-2.8159e-02,-3.8377e-02,-4.6323e-02,-5.1960e-02,-5.5350e-02,-5.6632e-02,-5.6003e-02,-5.3699e-02,-4.9990e-02,-4.5168e-02,-3.9536e-02,-3.3410e-02,-2.7095e-02,-2.0878e-02,-1.5005e-02,-9.6622e-03,-4.9574e-03,-9.1487e-04,2.5246e-03,5.4870e-03,8.1403e-03,1.0663e-02,1.3212e-02,1.5894e-02,1.8750e-02,2.1756e-02,2.4836e-02,2.7892e-02,3.0841e-02,3.3638e-02,3.6286e-02,3.8819e-02,4.1268e-02,4.3617e-02,4.5772e-02,4.7548e-02,4.8686e-02,4.8887e-02,4.7871e-02,4.5428e-02,4.1459e-02,3.5990e-02,2.9161e-02,2.1199e-02,1.2381e-02,3.0017e-03,-6.6455e-03,-1.6285e-02,-2.5660e-02,-3.4537e-02,-4.2702e-02,-4.9963e-02,-5.6151e-02,-6.1124e-02,-6.4768e-02,-6.7001e-02,-6.7777e-02,-6.7085e-02,-6.4950e-02,-6.1431e-02,-5.6622e-02,-5.0648e-02,-4.3664e-02,-3.5849e-02,-2.7401e-02,-1.8530e-02,-9.4532e-03,-3.8071e-04,8.4882e-03,1.6973e-02,2.4919e-02,3.2194e-02,3.8691e-02,4.4327e-02,4.9038e-02,5.2777e-02,5.5511e-02,5.7220e-02,5.7902e-02,5.7567e-02,5.6239e-02,5.3963e-02,5.0797e-02,4.6815e-02,4.2104e-02,3.6761e-02,3.0892e-02,2.4607e-02,1.8015e-02,1.1226e-02,4.3450e-03,-2.5295e-03,-9.3078e-03,-1.5909e-02,-2.2264e-02,-2.8312e-02,-3.4009e-02,-3.9318e-02
1.2272e-02,-2.6536e-03,-1.6100e-02,-2.7709e-02,-3.7241e-02,-4.4570e-02,-4.9679e-02,-5.2641e-02,-5.3608e-02,-5.2790e-02,-5.0445e-02,-4.6865e-02,-4.2359e-02,-3.7241e-02,-3.1813e-02,-2.6356e-02,-2.1111e-02,-1.6263e-02,-1.1928e-02,-8.1433e-03,-4.8673e-03,-1.9893e-03,6.4811e-04,3.2218e-03,5.8936e-03,8.7827e-03,1.1943e-02,1.5354e-02,1.8928e-02,2.2538e-02,2.6049e-02,2.9359e-02,3.2425e-02,3.5263e-02,3.7925e-02,4.0455e-02,4.2844e-02,4.4995e-02,4.6713e-02,4.7727e-02,4.7736e-02,4.6467e-02,4.3731e-02,3.9464e-02,3.3733e-02,2.6718e-02,1.8680e-02,9.9198e-03,7.4768e-04,-8.5422e-03,-1.7677e-02,-2.6413e-02,-3.4535e-02,-4.1851e-02,-4.8200e-02,-5.3443e-02,-5.7475e-02,-6.0218e-02,-6.1625e-02,-6.1681e-02,-6.0402e-02,-5.7832e-02,-5.4045e-02,-4.9142e-02,-4.3249e-02,-3.6514e-02,-2.9104e-02,-2.1199e-02,-1.2986e-02,-4.6497e-03,3.6338e-03,1.1703e-02,1.9414e-02,2.6644e-02,3.3291e-02,3.9268e-02,4.4502e-02,4.8932e-02,5.2506e-02,5.5181e-02,5.6922e-02,5.7707e-02,5.7528e-02,5.6391e-02,5.4320e-02,5.1355e-02,4.7555e-02,4.2990e-02,3.7746e-02,3.1919e-02,2.5607e-02,1.8918e-02,1.1956e-02,4.8245e-03,-2.3766e-03,-9.5553e-03,-1.6626e-02,-2.3514e-02,-3.0153e-02,-3.6489e-02
2.6667e-02,1.1386e-02,-2.8335e-03,-1.5570e-02,-2.6505e-02,-3.5429e-02,-4.2241e-02,-4.6942e-02,-4.9623e-02,-5.0451e-02,-4.9660e-02,-4.7527e-02,-4.4356e-02,-4.0458e-02,-3.6128e-02,-3.1637e-02,-2.7214e-02,-2.3038e-02,-1.9223e-02,-1.5815e-02,-1.2784e-02,-1.0037e-02,-7.4304e-03,-4.7955e-03,-1.9712e-03,1.1677e-03,4.6849e-03,8.5673e-03,1.2723e-02,1.6998e-02,2.1211e-02,2.5194e-02,2.8833e-02,3.2093e-02,3.5011e-02,3.7667e-02,4.0129e-02,4.2405e-02,4.4404e-02,4.5934e-02,4.6724e-02,4.6477e-02,4.4935e-02,4.1937e-02,3.7455e-02,3.1594e-02,2.4572e-02,1.6673e-02,8.2108e-03,-5.0457e-04,-9.1892e-03,-1.7591e-02,-2.5494e-02,-3.2715e-02,-3.9098e-02,-4.4520e-02,-4.8883e-02,-5.2114e-02,-5.4167e-02,-5.5020e-02,-5.4676e-02,-5.3159e-02,-5.0518e-02,-4.6824e-02,-4.2168e-02,-3.6664e-02,-3.0443e-02,-2.3653e-02,-1.6447e-02,-8.9840e-03,-1.4161e-03,6.1124e-03,1.3472e-02,2.0546e-02,2.7235e-02,3.3449e-02,3.9108e-02,4.4139e-02,4.8472e-02,5.2042e-02,5.4789e-02,5.6662e-02,5.7620e-02,5.7636e-02,5.6699e-02,5.4818e-02,5.2018e-02,4.8343e-02,4.3856e-02,3.8631e-02,3.2756e-02,2.6328e-02,1.9448e-02,1.2221e-02,4.7535e-03,-2.8538e-03,-1.0503e-02,-1.8103e-02,-2.5572e-02,-3.2837e-02
4.1093e-02,2.5871e-02,1.1262e-02,-2.2722e-03,-1.4352e-02,-2.4693e-02,-3.3116e-02,-3.9542e-02,-4.3992e-02,-4.6576e-02,-4.7487e-02,-4.6974e-02,-4.5326e-02,-4.2840e-02,-3.9805e-02,-3.6477e-02,-3.3072e-02,-2.9752e-02,-2.6626e-02,-2.3737e-02,-2.1066e-02,-1.8530e-02,-1.6003e-02,-1.3330e-02,-1.0355e-02,-6.9515e-03,-3.0512e-03,1.3413e-03,6.1356e-03,1.1164e-02,1.6206e-02,2.1028e-02,2.5434e-02,2.9306e-02,3.2627e-02,3.5468e-02,3.7947e-02,4.0172e-02,4.2178e-02,4.3896e-02,4.5144e-02,4.5659e-02,4.5155e-02,4.3395e-02,4.0243e-02,3.5705e-02,2.9916e-02,2.3118e-02,1.5606e-02,7.6903e-03,-3.3671e-04,-8.2186e-03,-1.5740e-02,-2.2724e-02,-2.9030e-02,-3.4545e-02,-3.9183e-02,-4.2878e-02,-4.5583e-02,-4.7267e-02,-4.7917e-02,-4.7534e-02,-4.6136e-02,-4.3759e-02,-4.0458e-02,-3.6308e-02,-3.1401e-02,-2.5848e-02,-1.9771e-02,-1.3298e-02,-6.5599e-03,3.1850e-04,7.2189e-03,1.4033e-02,2.0660e-02,2.7011e-02,3.2996e-02,3.8530e-02,4.3530e-02,4.7912e-02,5.1593e-02,5.4497e-02,5.6554e-02,5.7707e-02,5.7914e-02,5.7151e-02,5.5412e-02,5.2714e-02,4.9091e-02,4.4597e-02,3.9302e-02,3.3290e-02,2.6655e-02,1.9499e-02,1.1928e-02,4.0519e-03,-4.0234e-03,-1.2194e-02,-2.0362e-02,-2.8438e-02
5.5065e-02,4.0327e-02,2.5745e-02,1.1795e-02,-1.1037e-03,-1.2608e-02,-2.2467e-02,-3.0525e-02,-3.6728e-02,-4.1118e-02,-4.3828e-02,-4.5067e-02,-4.5095e-02,-4.4190e-02,-4.2626e-02,-4.0644e-02,-3.8440e-02,-3.6161e-02,-3.3898e-02,-3.1687e-02,-2.9510e-02,-2.7294e-02,-2.4927e-02,-2.2268e-02,-1.9174e-02,-1.5524e-02,-1.1245e-02,-6.3366e-03,-8.8215e-04,4.9465e-03,1.0904e-02,1.6706e-02,2.2073e-02,2.6788e-02,3.0741e-02,3.3946e-02,3.6520e-02,3.8639e-02,4.0461e-02,4.2065e-02,4.3413e-02,4.4343e-02,4.4604e-02,4.3922e-02,4.2075e-02,3.8950e-02,3.4571e-02,2.9094e-02,2.2764e-02,1.5871e-02,8.7023e-03,1.5166e-03,-5.4725e-03,-1.2095e-02,-1.8221e-02,-2.3751e-02,-2.8610e-02,-3.2737e-02,-3.6085e-02,-3.8612e-02,-4.0288e-02,-4.1086e-02,-4.0994e-02,-4.0009e-02,-3.8146e-02,-3.5439e-02,-3.1940e-02,-2.7722e-02,-2.2871e-02,-1.7487e-02,-1.1676e-02,-5.5449e-03,7.9961e-04,7.2551e-03,1.3723e-02,2.0110e-02,2.6319e-02,3.2256e-02,3.7823e-02,4.2921e-02,4.7448e-02,5.1306e-02,5.4400e-02,5.6648e-02,5.7978e-02,5.8337e-02,5.7691e-02,5.6025e-02,5.3349e-02,4.9692e-02,4.5103e-02,3.9648e-02,3.3412e-02,2.6489e-02,1.8982e-02,1.1003e-02,2.6631e-03,-5.9228e-03,-1.4645e-02,-2.3398e-02
6.8104e-02,5.4259e-02,4.0129e-02,2.6179e-02,1.2841e-02,4.9709e-04,-1.0545e-02,-2.0061e-02,-2.7921e-02,-3.4091e-02,-3.8637e-02,-4.1711e-02,-4.3529e-02,-4.4341e-02,-4.4397e-02,-4.3919e-02,-4.3086e-02,-4.2020e-02,-4.0793e-02,-3.9424e-02,-3.7889e-02,-3.6120e-02,-3.4016e-02,-3.1453e-02,-2.8300e-02,-2.4448e-02,-1.9826e-02,-1.4430e-02,-8.3335e-03,-1.7050e-03,5.2024e-03,1.2070e-02,1.8553e-02,2.4335e-02,2.9191e-02,3.3031e-02,3.5914e-02,3.8025e-02,3.9610e-02,4.0896e-02,4.2018e-02,4.2975e-02,4.3627e-02,4.3734e-02,4.3028e-02,4.1290e-02,3.8414e-02,3.4430e-02,2.9491e-02,2.3831e-02,1.7713e-02,1.1389e-02,5.0689e-03,-1.0796e-03,-6.9347e-03,-1.2407e-02,-1.7429e-02,-2.1946e-02,-2.5907e-02,-2.9263e-02,-3.1962e-02,-3.3953e-02,-3.5188e-02,-3.5630e-02,-3.5250e-02,-3.4040e-02,-3.2012e-02,-2.9197e-02,-2.5646e-02,-2.1429e-02,-1.6627e-02,-1.1329e-02,-5.6291e-03,3.7625e-04,6.5897e-03,1.2913e-02,1.9244e-02,2.5479e-02,3.1508e-02,3.7217e-02,4.2489e-02,4.7207e-02,5.1257e-02,5.4532e-02,5.6938e-02,5.8395e-02,5.8840e-02,5.8233e-02,5.6557e-02,5.3814e-02,5.0033e-02,4.5260e-02,3.9563e-02,3.3025e-02,2.5744e-02,1.7828e-02,9.3913e-03,5.5404e-04,-8.5650e-03,-1.7848e-02
7.9770e-02,6.7181e-02,5.3911e-02,4.0385e-02,2.7023e-02,1.4218e-02,2.3161e-03,-8.4039e-03,-1.7742e-02,-2.5590e-02,-3.1937e-02,-3.6867e-02,-4.0540e-02,-4.3162e-02,-4.4953e-02,-4.6113e-02,-4.6795e-02,-4.7099e-02,-4.7069e-02,-4.6704e-02,-4.5964e-02,-4.4781e-02,-4.3059e-02,-4.0691e-02,-3.7564e-02,-3.3581e-02,-2.8679e-02,-2.2852e-02,-1.6170e-02,-8.7882e-03,-9.5639e-04,6.9943e-03,1.4677e-02,2.1696e-02,2.7710e-02,3.2499e-02,3.6010e-02,3.8367e-02,3.9839e-02,4.0760e-02,4.1438e-02,4.2070e-02,4.2694e-02,4.3187e-02,4.3310e-02,4.2783e-02,4.1376e-02,3.8968e-02,3.5576e-02,3.1333e-02,2.6446e-02,2.1137e-02,1.5614e-02,1.0041e-02,4.5397e-03,-8.0439e-04,-5.9282e-03,-1.0779e-02,-1.5303e-02,-1.9441e-02,-2.3125e-02,-2.6278e-02,-2.8823e-02,-3.0682e-02,-3.1789e-02,-3.2092e-02,-3.1561e-02,-3.0187e-02,-2.7986e-02,-2.4995e-02,-2.1268e-02,-1.6877e-02,-1.1902e-02,-6.4341e-03,-5.6848e-04,5.5932e-03,1.1944e-02,1.8368e-02,2.4748e-02,3.0955e-02,3.6861e-02,4.2333e-02,4.7240e-02,5.1457e-02,5.4868e-02,5.7371e-02,5.8879e-02,5.9328e-02,5.8673e-02,5.6894e-02,5.3996e-02,5.0003e-02,4.4966e-02,3.8952e-02,3.2048e-02,2.4357e-02,1.5990e-02,7.0679e-03,-2.2833e-03,-1.1937e-02
8.9695e-02,7.8654e-02,6.6605e-02,5.3908e-02,4.0945e-02,2.8093e-02,1.5711e-02,4.1129e-03,-6.4454e-03,-1.5786e-02,-2.3821e-02,-3.0558e-02,-3.6089e-02,-4.0566e-02,-4.4168e-02,-4.7063e-02,-4.9378e-02,-5.1185e-02,-5.2499e-02,-5.3291e-02,-5.3499e-02,-5.3043e-02,-5.1834e-02,-4.9774e-02,-4.6773e-02,-4.2748e-02,-3.7651e-02,-3.1479e-02,-2.4296e-02,-1.6247e-02,-7.5699e-03,1.4102e-03,1.0290e-02,1.8625e-02,2.5982e-02,3.2010e-02,3.6509e-02,3.9482e-02,4.1140e-02,4.1849e-02,4.2046e-02,4.2124e-02,4.2342e-02,4.2768e-02,4.3282e-02,4.3625e-02,4.3487e-02,4.2603e-02,4.0821e-02,3.8127e-02,3.4621e-02,3.0473e-02,2.5867e-02,2.0967e-02,1.5898e-02,1.0752e-02,5.5936e-03,4.7909e-04,-4.5347e-03,-9.3797e-03,-1.3973e-02,-1.8218e-02,-2.2007e-02,-2.5231e-02,-2.7785e-02,-2.9577e-02,-3.0535e-02,-3.0611e-02,-2.9782e-02,-2.8052e-02,-2.5451e-02,-2.2029e-02,-1.7852e-02,-1.3003e-02,-7.5760e-03,-1.6738e-03,4.5902e-03,1.1094e-02,1.7709e-02,2.4298e-02,3.0720e-02,3.6829e-02,4.2482e-02,4.7538e-02,5.1863e-02,5.5338e-02,5.7854e-02,5.9327e-02,5.9688e-02,5.8893e-02,5.6924e-02,5.3784e-02,4.9502e-02,4.4131e-02,3.7741e-02,3.0424e-02,2.2286e-02,1.3445e-02,4.0289e-03,-5.8324e-03
9.7607e-02,8.8316e-02,7.7776e-02,6.6265e-02,5.4102e-02,4.1625e-02,2.9176e-02,1.7082e-02,5.6340e-03,-4.9337e-03,-1.4462e-02,-2.2880e-02,-3.0204e-02,-3.6521e-02,-4.1958e-02,-4.6643e-02,-5.0673e-02,-5.4089e-02,-5.6872e-02,-5.8960e-02,-6.0261e-02,-6.0678e-02,-6.0116e-02,-5.8488e-02,-5.5723e-02,-5.1761e-02,-4.6569e-02,-4.0154e-02,-3.2579e-02,-2.3981e-02,-1.4579e-02,-4.6829e-03,5.3104e-03,1.4939e-02,2.3712e-02,3.1176e-02,3.6988e-02,4.0990e-02,4.3259e-02,4.4107e-02,4.4010e-02,4.3508e-02,4.3079e-02,4.3030e-02,4.3441e-02,4.4173e-02,4.4924e-02,4.5331e-02,4.5079e-02,4.3970e-02,4.1950e-02,3.9086e-02,3.5514e-02,3.1383e-02,2.6829e-02,2.1955e-02,1.6839e-02,1.1544e-02,6.1337e-03,6.8425e-04,-4.7100e-03,-9.9360e-03,-1.4864e-02,-1.9357e-02,-2.3276e-02,-2.6492e-02,-2.8893e-02,-3.0391e-02,-3.0929e-02,-3.0476e-02,-2.9033e-02,-2.6628e-02,-2.3313e-02,-1.9160e-02,-1.4259e-02,-8.7135e-03,-2.6416e-03,3.8287e-03,1.0561e-02,1.7409e-02,2.4222e-02,3.0844e-02,3.7122e-02,4.2901e-02,4.8035e-02,5.2389e-02,5.5839e-02,5.8279e-02,5.9622e-02,5.9803e-02,5.8780e-02,5.6538e-02,5.3082e-02,4.8446e-02,4.2686e-02,3.5877e-02,2.8116e-02,1.9515e-02,1.0196e-02,2.9318e-04
1.0335e-01,9.5915e-02,8.7077e-02,7.7032e-02,6.6021e-02,5.4317e-02,4.2222e-02,3.0047e-02,1.8094e-02,6.6348e-03,-4.1125e-03,-1.4005e-02,-2.2982e-02,-3.1057e-02,-3.8295e-02,-4.4777e-02,-5.0561e-02,-5.5653e-02,-6.0003e-02,-6.3506e-02,-6.6035e-02,-6.7465e-02,-6.7687e-02,-6.6622e-02,-6.4213e-02,-6.0425e-02,-5.5249e-02,-4.8706e-02,-4.0864e-02,-3.1853e-02,-2.1876e-02,-1.1222e-02,-2.6625e-04,1.0537e-02,2.0681e-02,2.9649e-02,3.6984e-02,4.2372e-02,4.5719e-02,4.7191e-02,4.7205e-02,4.6351e-02,4.5263e-02,4.4484e-02,4.4348e-02,4.4925e-02,4.6033e-02,4.7305e-02,4.8314e-02,4.8680e-02,4.8159e-02,4.6663e-02,4.4230e-02,4.0973e-02,3.7025e-02,3.2509e-02,2.7520e-02,2.2140e-02,1.6444e-02,1.0515e-02,4.4572e-03,-1.6069e-03,-7.5310e-03,-1.3156e-02,-1.8316e-02,-2.2849e-02,-2.6609e-02,-2.9472e-02,-3.1340e-02,-3.2153e-02,-3.1880e-02,-3.0527e-02,-2.8125e-02,-2.4737e-02,-2.0446e-02,-1.5354e-02,-9.5810e-03,-3.2586e-03,3.4694e-03,1.0450e-02,1.7525e-02,2.4531e-02,3.1304e-02,3.7682e-02,4.3508e-02,4.8634e-02,5.2922e-02,5.6253e-02,5.8521e-02,5.9643e-02,5.9559e-02,5.8229e-02,5.5643e-02,5.1811e-02,4.6771e-02,4.0584e-02,3.3331e-02,2.5114e-02,1.6049e-02,6.2649e-03
1.0690e-01,1.0132e-01,9.4276e-02,8.5884e-02,7.6296e-02,6.5709e-02,5.4362e-02,4.2524e-02,3.0483e-02,1.8521e-02,6.8964e-03,-4.1882e-03,-1.4599e-02,-2.4276e-02,-3.3215e-02,-4.1441e-02,-4.8966e-02,-5.5761e-02,-6.1737e-02,-6.6748e-02,-7.0623e-02,-7.3198e-02,-7.4343e-02,-7.3972e-02,-7.2045e-02,-6.8552e-02,-6.3509e-02,-5.6960e-02,-4.8984e-02,-3.9708e-02,-2.9323e-02,-1.8094e-02,-6.3701e-03,5.4209e-03,1.6783e-02,2.7181e-02,3.6096e-02,4.3092e-02,4.7906e-02,5.0519e-02,5.1193e-02,5.0448e-02,4.8968e-02,4.7461e-02,4.6509e-02,4.6447e-02,4.7314e-02,4.8863e-02,5.0658e-02,5.2197e-02,5.3044e-02,5.2914e-02,5.1697e-02,4.9418e-02,4.6184e-02,4.2126e-02,3.7367e-02,3.2012e-02,2.6153e-02,1.9886e-02,1.3322e-02,6.5896e-03,-1.5575e-04,-6.7409e-03,-1.2981e-02,-1.8688e-02,-2.3686e-02,-2.7817e-02,-3.0950e-02,-3.2990e-02,-3.3878e-02,-3.3591e-02,-3.2143e-02,-2.9580e-02,-2.5976e-02,-2.1430e-02,-1.6060e-02,-1.0001e-02,-3.4002e-03,3.5847e-03,1.0789e-02,1.8044e-02,2.5178e-02,3.2023e-02,3.8413e-02,4.4192e-02,4.9211e-02,5.3338e-02,5.6455e-02,5.8461e-02,5.9280e-02,5.8854e-02,5.7151e-02,5.4165e-02,4.9912e-02,4.4435e-02,3.7801e-02,3.0096e-02,2.1426e-02,1.1915e-02
1.0834e-01,1.0452e-01,9.9271e-02,9.2615e-02,8.4626e-02,7.5419e-02,6.5157e-02,5.4045e-02,4.2331e-02,3.0284e-02,1.8173e-02,6.2431e-03,-5.3119e-03,-1.6361e-02,-2.6829e-02,-3.6680e-02,-4.5877e-02,-5.4348e-02,-6.1963e-02,-6.8537e-02,-7.3849e-02,-7.7688e-02,-7.9887e-02,-8.0347e-02,-7.9033e-02,-7.5959e-02,-7.1173e-02,-6.4744e-02,-5.6769e-02,-4.7380e-02,-3.6759e-02,-2.5151e-02,-1.2875e-02,-3.2702e-04,1.2028e-02,2.3670e-02,3.4064e-02,4.2707e-02,4.9212e-02,5.3382e-02,5.5278e-02,5.5251e-02,5.3899e-02,5.1973e-02,5.0220e-02,4.9235e-02,4.9335e-02,5.0509e-02,5.2449e-02,5.4645e-02,5.6533e-02,5.7631e-02,5.7632e-02,5.6415e-02,5.4012e-02,5.0537e-02,4.6129e-02,4.0922e-02,3.5037e-02,2.8585e-02,2.1685e-02,1.4472e-02,7.1022e-03,-2.4447e-04,-7.3714e-03,-1.4075e-02,-2.0154e-02,-2.5423e-02,-2.9722e-02,-3.2922e-02,-3.4934e-02,-3.5709e-02,-3.5237e-02,-3.3546e-02,-3.0699e-02,-2.6786e-02,-2.1921e-02,-1.6238e-02,-9.8864e-03,-3.0271e-03,4.1719e-03,1.1538e-02,1.8894e-02,2.6068e-02,3.2888e-02,3.9191e-02,4.4822e-02,4.9638e-02,5.3509e-02,5.6325e-02,5.7990e-02,5.8434e-02,5.7605e-02,5.5478e-02,5.2052e-02,4.7350e-02,4.1421e-02,3.4336e-02,2.6188e-02,1.7087e-02
1.0782e-01,1.0563e-01,1.0208e-01,9.7151e-02,9.0834e-02,8.3173e-02,7.4248e-02,6.4192e-02,5.3188e-02,4.1467e-02,2.9285e-02,1.6902e-02,4.5536e-03,-7.5694e-03,-1.9327e-02,-3.0618e-02,-4.1351e-02,-5.1410e-02,-6.0628e-02,-6.8773e-02,-7.5575e-02,-8.0770e-02,-8.4144e-02,-8.5567e-02,-8.5001e-02,-8.2476e-02,-7.8072e-02,-7.1891e-02,-6.4053e-02,-5.4703e-02,-4.4017e-02,-3.2226e-02,-1.9620e-02,-6.5601e-03,6.5259e-03,1.9153e-02,3.0802e-02,4.0960e-02,4.9172e-02,5.5114e-02,5.8662e-02,5.9951e-02,5.9389e-02,5.7620e-02,5.5419e-02,5.3544e-02,5.2580e-02,5.2819e-02,5.4205e-02,5.6374e-02,5.8759e-02,6.0750e-02,6.1836e-02,6.1702e-02,6.0236e-02,5.7481e-02,5.3569e-02,4.8657e-02,4.2895e-02,3.6419e-02,2.9362e-02,2.1863e-02,1.4078e-02,6.1878e-03,-1.6103e-03,-9.1033e-03,-1.6076e-02,-2.2322e-02,-2.7654e-02,-3.1916e-02,-3.4989e-02,-3.6796e-02,-3.7302e-02,-3.6515e-02,-3.4479e-02,-3.1276e-02,-2.7010e-02,-2.1813e-02,-1.5832e-02,-9.2279e-03,-2.1698e-03,5.1668e-03,1.2605e-02,1.9966e-02,2.7077e-02,3.3770e-02,3.9883e-02,4.5269e-02,4.9789e-02,5.3320e-02,5.5758e-02,5.7015e-02,5.7027e-02,5.5750e-02,5.3165e-02,4.9277e-02,4.4116e-02,3.7735e-02,3.0211e-02,2.1642e-02
1.0560e-01,1.0484e-01,1.0285e-01,9.9543e-02,9.4878e-02,8.8826e-02,8.1393e-02,7.2635e-02,6.2660e-02,5.1640e-02,3.9793e-02,2.7367e-02,1.4615e-02,1.7695e-03,-1.0974e-02,-2.3455e-02,-3.5526e-02,-4.7025e-02,-5.7744e-02,-6.7413e-02,-7.5712e-02,-8.2320e-02,-8.6964e-02,-8.9471e-02,-8.9784e-02,-8.7942e-02,-8.4049e-02,-7.8244e-02,-7.0678e-02,-6.1512e-02,-5.0927e-02,-3.9141e-02,-2.6421e-02,-1.3093e-02,4.5350e-04,1.3775e-02,2.6389e-02,3.7803e-02,4.7552e-02,5.5248e-02,6.0642e-02,6.3674e-02,6.4523e-02,6.3616e-02,6.1598e-02,5.9233e-02,5.7267e-02,5.6271e-02,5.6520e-02,5.7929e-02,6.0099e-02,6.2425e-02,6.4267e-02,6.5103e-02,6.4618e-02,6.2718e-02,5.9468e-02,5.5019e-02,4.9546e-02,4.3217e-02,3.6184e-02,2.8596e-02,2.0610e-02,1.2401e-02,4.1618e-03,-3.8949e-03,-1.1548e-02,-1.8579e-02,-2.4783e-02,-2.9978e-02,-3.4018e-02,-3.6800e-02,-3.8262e-02,-3.8388e-02,-3.7204e-02,-3.4774e-02,-3.1193e-02,-2.6584e-02,-2.1089e-02,-1.4865e-02,-8.0822e-03,-9.1346e-04,6.4623e-03,1.3867e-02,2.1126e-02,2.8068e-02,3.4530e-02,4.0357e-02,4.5407e-02,4.9549e-02,5.2668e-02,5.4666e-02,5.5465e-02,5.5005e-02,5.3251e-02,5.0190e-02,4.5834e-02,4.0218e-02,3.3401e-02,2.5465e-02
1.0194e-01,1.0241e-01,1.0178e-01,9.9951e-02,9.6839e-02,9.2367e-02,8.6481e-02,7.9162e-02,7.0448e-02,6.0437e-02,4.9289e-02,3.7216e-02,2.4463e-02,1.1279e-02,-2.1011e-03,-1.5465e-02,-2.8616e-02,-4.1346e-02,-5.3407e-02,-6.4491e-02,-7.4236e-02,-8.2263e-02,-8.8236e-02,-9.1928e-02,-9.3242e-02,-9.2211e-02,-8.8960e-02,-8.3660e-02,-7.6495e-02,-6.7652e-02,-5.7323e-02,-4.5719e-02,-3.3086e-02,-1.9720e-02,-5.9730e-03,7.7539e-03,2.1021e-02,3.3373e-02,4.4366e-02,5.3605e-02,6.0781e-02,6.5709e-02,6.8374e-02,6.8957e-02,6.7861e-02,6.5691e-02,6.3178e-02,6.1049e-02,5.9876e-02,5.9933e-02,6.1136e-02,6.3070e-02,6.5111e-02,6.6600e-02,6.7012e-02,6.6043e-02,6.3616e-02,5.9819e-02,5.4825e-02,4.8826e-02,4.2002e-02,3.4520e-02,2.6542e-02,1.8237e-02,9.7914e-03,1.4078e-03,-6.6965e-03,-1.4299e-02,-2.1183e-02,-2.7152e-02,-3.2037e-02,-3.5707e-02,-3.8075e-02,-3.9100e-02,-3.8785e-02,-3.7175e-02,-3.4349e-02,-3.0418e-02,-2.5516e-02,-1.9793e-02,-1.3414e-02,-6.5510e-03,6.2096e-04,7.9250e-03,1.5186e-02,2.2234e-02,2.8903e-02,3.5038e-02,4.0490e-02,4.5126e-02,4.8822e-02,5.1472e-02,5.2986e-02,5.3291e-02,5.2336e-02,5.0093e-02,4.6556e-02,4.1740e-02,3.5689e-02,2.8464e-02
9.7116e-02,9.8611e-02,9.9142e-02,9.8607e-02,9.6897e-02,9.3904e-02,8.9528e-02,8.3695e-02,7.6373e-02,6.7588e-02,5.7433e-02,4.6065e-02,3.3694e-02,2.0562e-02,6.9203e-03,-6.9832e-03,-2.0908e-02,-3.4605e-02,-4.7790e-02,-6.0122e-02,-7.1200e-02,-8.0596e-02,-8.7910e-02,-9.2848e-02,-9.5262e-02,-9.5162e-02,-9.2677e-02,-8.8005e-02,-8.1366e-02,-7.2978e-02,-6.3047e-02,-5.1785e-02,-3.9424e-02,-2.6231e-02,-1.2523e-02,1.3404e-03,1.4961e-02,2.7924e-02,3.9821e-02,5.0277e-02,5.8975e-02,6.5681e-02,7.0257e-02,7.2693e-02,7.3138e-02,7.1931e-02,6.9611e-02,6.6870e-02,6.4430e-02,6.2883e-02,6.2534e-02,6.3318e-02,6.4824e-02,6.6417e-02,6.7429e-02,6.7332e-02,6.5833e-02,6.2875e-02,5.8568e-02,5.3101e-02,4.6681e-02,3.9499e-02,3.1730e-02,2.3546e-02,1.5121e-02,6.6467e-03,-1.6709e-03,-9.6159e-03,-1.6971e-02,-2.3528e-02,-2.9104e-02,-3.3545e-02,-3.6740e-02,-3.8621e-02,-3.9167e-02,-3.8400e-02,-3.6380e-02,-3.3202e-02,-2.8986e-02,-2.3875e-02,-1.8023e-02,-1.1597e-02,-4.7671e-03,2.2925e-03,9.4103e-03,1.6418e-02,2.3150e-02,2.9452e-02,3.5174e-02,4.0178e-02,4.4337e-02,4.7536e-02,4.9676e-02,5.0676e-02,5.0469e-02,4.9013e-02,4.6284e-02,4.2282e-02,3.7030e-02,3.0573e-02
9.1404e-02,9.3729e-02,9.5224e-02,9.5788e-02,9.5301e-02,9.3636e-02,9.0667e-02,8.6278e-02,8.0383e-02,7.2945e-02,6.3987e-02,5.3602e-02,4.1946e-02,2.9232e-02,1.5704e-02,1.6243e-03,-1.2738e-02,-2.7099e-02,-4.1143e-02,-5.4502e-02,-6.6743e-02,-7.7396e-02,-8.6004e-02,-9.2203e-02,-9.5782e-02,-9.6709e-02,-9.5101e-02,-9.1174e-02,-8.5177e-02,-7.7362e-02,-6.7958e-02,-5.7182e-02,-4.5255e-02,-3.2422e-02,-1.8966e-02,-5.2074e-03,8.4950e-03,2.1766e-02,3.4231e-02,4.5547e-02,5.5412e-02,6.3587e-02,6.9890e-02,7.4206e-02,7.6498e-02,7.6847e-02,7.5510e-02,7.2957e-02,6.9848e-02,6.6920e-02,6.4810e-02,6.3876e-02,6.4090e-02,6.5052e-02,6.6121e-02,6.6620e-02,6.6017e-02,6.4028e-02,6.0613e-02,5.5899e-02,5.0093e-02,4.3409e-02,3.6046e-02,2.8184e-02,1.9996e-02,1.1658e-02,3.3618e-03,-4.6914e-03,-1.2292e-02,-1.9232e-02,-2.5319e-02,-3.0385e-02,-3.4296e-02,-3.6960e-02,-3.8330e-02,-3.8402e-02,-3.7216e-02,-3.4844e-02,-3.1392e-02,-2.6987e-02,-2.1773e-02,-1.5908e-02,-9.5536e-03,-2.8776e-03,3.9534e-03,1.0774e-02,1.7425e-02,2.3751e-02,2.9603e-02,3.4842e-02,3.9338e-02,4.2972e-02,4.5639e-02,4.7246e-02,4.7719e-02,4.6998e-02,4.5048e-02,4.1849e-02,3.7409e-02,3.1752e-02
8.5048e-02,8.8028e-02,9.0306e-02,9.1779e-02,9.2329e-02,9.1821e-02,9.0112e-02,8.7062e-02,8.2549e-02,7.6485e-02,6.8831e-02,5.9617e-02,4.8938e-02,3.6956e-02,2.3887e-02,9.9853e-03,-4.4679e-03,-1.9168e-02,-3.3775e-02,-4.7897e-02,-6.1081e-02,-7.2823e-02,-8.2619e-02,-9.0038e-02,-9.4800e-02,-9.6816e-02,-9.6175e-02,-9.3091e-02,-8.7841e-02,-8.0704e-02,-7.1938e-02,-6.1770e-02,-5.0419e-02,-3.8108e-02,-2.5088e-02,-1.1645e-02,1.9018e-03,1.5213e-02,2.7948e-02,3.9787e-02,5.0453e-02,5.9715e-02,6.7392e-02,7.3335e-02,7.7422e-02,7.9567e-02,7.9773e-02,7.8212e-02,7.5295e-02,7.1666e-02,6.8095e-02,6.5286e-02,6.3661e-02,6.3237e-02,6.3628e-02,6.4186e-02,6.4217e-02,6.3185e-02,6.0811e-02,5.7069e-02,5.2104e-02,4.6130e-02,3.9370e-02,3.2024e-02,2.4271e-02,1.6281e-02,8.2286e-03,2.9683e-04,-7.3204e-03,-1.4425e-02,-2.0824e-02,-2.6341e-02,-3.0826e-02,-3.4168e-02,-3.6292e-02,-3.7171e-02,-3.6816e-02,-3.5281e-02,-3.2647e-02,-2.9026e-02,-2.4546e-02,-1.9352e-02,-1.3596e-02,-7.4361e-03,-1.0313e-03,5.4605e-03,1.1883e-02,1.8087e-02,2.3926e-02,2.9262e-02,3.3963e-02,3.7910e-02,4.0990e-02,4.3105e-02,4.4171e-02,4.4119e-02,4.2896e-02,4.0471e-02,3.6832e-02,3.1987e-02
7.8260e-02,8.1748e-02,8.4645e-02,8.6857e-02,8.8267e-02,8.8740e-02,8.8127e-02,8.6274e-02,8.3038e-02,7.8297e-02,7.1967e-02,6.4018e-02,5.4487e-02,4.3477e-02,3.1159e-02,1.7758e-02,3.5459e-03,-1.1166e-02,-2.6024e-02,-4.0624e-02,-5.4494e-02,-6.7112e-02,-7.7934e-02,-8.6477e-02,-9.2388e-02,-9.5513e-02,-9.5893e-02,-9.3730e-02,-8.9311e-02,-8.2941e-02,-7.4905e-02,-6.5447e-02,-5.4786e-02,-4.3130e-02,-3.0703e-02,-1.7754e-02,-4.5660e-03,8.5576e-03,2.1305e-02,3.3379e-02,4.4515e-02,5.4496e-02,6.3148e-02,7.0327e-02,7.5896e-02,7.9708e-02,8.1624e-02,8.1576e-02,7.9663e-02,7.6248e-02,7.1978e-02,6.7672e-02,6.4103e-02,6.1767e-02,6.0724e-02,6.0599e-02,6.0729e-02,6.0404e-02,5.9074e-02,5.6468e-02,5.2569e-02,4.7533e-02,4.1583e-02,3.4944e-02,2.7813e-02,2.0363e-02,1.2759e-02,5.1645e-03,-2.2467e-03,-9.2929e-03,-1.5791e-02,-2.1566e-02,-2.6458e-02,-3.0340e-02,-3.3117e-02,-3.4734e-02,-3.5180e-02,-3.4479e-02,-3.2693e-02,-2.9909e-02,-2.6239e-02,-2.1811e-02,-1.6763e-02,-1.1241e-02,-5.3939e-03,6.2999e-04,6.6829e-03,1.2620e-02,1.8300e-02,2.3590e-02,2.8359e-02,3.2486e-02,3.5857e-02,3.8369e-02,3.9930e-02,4.0462e-02,3.9900e-02,3.8199e-02,3.5330e-02,3.1286e-02
7.1223e-02,7.5092e-02,7.8469e-02,8.1269e-02,8.3380e-02,8.4669e-02,8.4987e-02,8.4177e-02,8.2082e-02,7.8561e-02,7.3501e-02,6.6828e-02,5.8527e-02,4.8643e-02,3.7293e-02,2.4659e-02,1.0984e-02,-3.4313e-03,-1.8236e-02,-3.3018e-02,-4.7301e-02,-6.0550e-02,-7.2198e-02,-8.1716e-02,-8.8690e-02,-9.2895e-02,-9.4314e-02,-9.3119e-02,-8.9591e-02,-8.4055e-02,-7.6820e-02,-6.8150e-02,-5.8267e-02,-4.7372e-02,-3.5662e-02,-2.3355e-02,-1.0694e-02,2.0499e-03,1.4595e-02,2.6661e-02,3.7995e-02,4.8380e-02,5.7647e-02,6.5659e-02,7.2292e-02,7.7408e-02,8.0837e-02,8.2397e-02,8.1959e-02,7.9570e-02,7.5564e-02,7.0596e-02,6.5534e-02,6.1228e-02,5.8240e-02,5.6671e-02,5.6149e-02,5.5991e-02,5.5463e-02,5.4004e-02,5.1342e-02,4.7472e-02,4.2557e-02,3.6825e-02,3.0497e-02,2.3764e-02,1.6791e-02,9.7302e-03,2.7337e-03,-4.0386e-03,-1.0421e-02,-1.6246e-02,-2.1357e-02,-2.5615e-02,-2.8910e-02,-3.1165e-02,-3.2344e-02,-3.2446e-02,-3.1504e-02,-2.9584e-02,-2.6776e-02,-2.3187e-02,-1.8939e-02,-1.4163e-02,-8.9926e-03,-3.5665e-03,1.9788e-03,7.5074e-03,1.2886e-02,1.7985e-02,2.2679e-02,2.6849e-02,3.0380e-02,3.3167e-02,3.5112e-02,3.6129e-02,3.6145e-02,3.5101e-02,3.2954e-02,2.9680e-02
6.4088e-02,6.8230e-02,7.1968e-02,7.5227e-02,7.7901e-02,7.9862e-02,8.0961e-02,8.1040e-02,7.9940e-02,7.7510e-02,7.3619e-02,6.8167e-02,6.1097e-02,5.2408e-02,4.2162e-02,3.0489e-02,1.7593e-02,3.7412e-03,-1.0728e-02,-2.5410e-02,-3.9832e-02,-5.3454e-02,-6.5700e-02,-7.6009e-02,-8.3915e-02,-8.9125e-02,-9.1560e-02,-9.1343e-02,-8.8740e-02,-8.4082e-02,-7.7697e-02,-6.9867e-02,-6.0825e-02,-5.0765e-02,-3.9866e-02,-2.8313e-02,-1.6316e-02,-4.1081e-03,8.0553e-03,1.9914e-02,3.1222e-02,4.1760e-02,5.1351e-02,5.9855e-02,6.7161e-02,7.3156e-02,7.7700e-02,8.0609e-02,8.1673e-02,8.0728e-02,7.7783e-02,7.3151e-02,6.7496e-02,6.1735e-02,5.6784e-02,5.3268e-02,5.1318e-02,5.0560e-02,5.0287e-02,4.9735e-02,4.8329e-02,4.5797e-02,4.2143e-02,3.7534e-02,3.2200e-02,2.6354e-02,2.0179e-02,1.3824e-02,7.4293e-03,1.1319e-03,-4.9243e-03,-1.0590e-02,-1.5717e-02,-2.0166e-02,-2.3817e-02,-2.6578e-02,-2.8389e-02,-2.9224e-02,-2.9092e-02,-2.8031e-02,-2.6107e-02,-2.3405e-02,-2.0027e-02,-1.6085e-02,-1.1697e-02,-6.9867e-03,-2.0771e-03,2.9068e-03,7.8421e-03,1.2607e-02,1.7083e-02,2.1154e-02,2.4708e-02,2.7638e-02,2.9846e-02,3.1238e-02,3.1734e-02,3.1264e-02,2.9772e-02,2.7220e-02
5.6978e-02,6.1303e-02,6.5302e-02,6.8909e-02,7.2028e-02,7.4534e-02,7.6283e-02,7.7116e-02,7.6872e-02,7.5398e-02,7.2553e-02,6.8223e-02,6.2327e-02,5.4827e-02,4.5740e-02,3.5146e-02,2.3198e-02,1.0125e-02,-3.7686e-03,-1.8097e-02,-3.2399e-02,-4.6143e-02,-5.8750e-02,-6.9642e-02,-7.8315e-02,-8.4417e-02,-8.7803e-02,-8.8542e-02,-8.6868e-02,-8.3107e-02,-7.7595e-02,-7.0636e-02,-6.2471e-02,-5.3293e-02,-4.3265e-02,-3.2547e-02,-2.1313e-02,-9.7654e-03,1.8717e-03,1.3359e-02,2.4457e-02,3.4947e-02,4.4636e-02,5.3375e-02,6.1045e-02,6.7552e-02,7.2794e-02,7.6637e-02,7.8898e-02,7.9357e-02,7.7831e-02,7.4306e-02,6.9075e-02,6.2810e-02,5.6463e-02,5.1011e-02,4.7132e-02,4.4980e-02,4.4171e-02,4.3967e-02,4.3575e-02,4.2405e-02,4.0183e-02,3.6918e-02,3.2783e-02,2.8003e-02,2.2783e-02,1.7290e-02,1.1661e-02,6.0181e-03,4.8210e-04,-4.8201e-03,-9.7569e-03,-1.4198e-02,-1.8022e-02,-2.1128e-02,-2.3437e-02,-2.4903e-02,-2.5509e-02,-2.5267e-02,-2.4218e-02,-2.2422e-02,-1.9958e-02,-1.6916e-02,-1.3396e-02,-9.5023e-03,-5.3438e-03,-1.0304e-03,3.3268e-03,7.6177e-03,1.1732e-02,1.5560e-02,1.8995e-02,2.1933e-02,2.4272e-02,2.5918e-02,2.6784e-02,2.6790e-02,2.5871e-02,2.3974e-02
4.9995e-02,5.4426e-02,5.8599e-02,6.2459e-02,6.5920e-02,6.8866e-02,7.1152e-02,7.2622e-02,7.3113e-02,7.2469e-02,7.0545e-02,6.7222e-02,6.2405e-02,5.6034e-02,4.8093e-02,3.8621e-02,2.7721e-02,1.5573e-02,2.4429e-03,-1.1318e-02,-2.5272e-02,-3.8904e-02,-5.1642e-02,-6.2905e-02,-7.2162e-02,-7.9013e-02,-8.3255e-02,-8.4896e-02,-8.4127e-02,-8.1255e-02,-7.6622e-02,-7.0540e-02,-6.3264e-02,-5.4986e-02,-4.5861e-02,-3.6024e-02,-2.5622e-02,-1.4823e-02,-3.8240e-03,7.1587e-03,1.7899e-02,2.8175e-02,3.7787e-02,4.6567e-02,5.4383e-02,6.1136e-02,6.6746e-02,7.1128e-02,7.4166e-02,7.5688e-02,7.5481e-02,7.3358e-02,6.9286e-02,6.3538e-02,5.6784e-02,5.0006e-02,4.4227e-02,4.0170e-02,3.8007e-02,3.7336e-02,3.7384e-02,3.7329e-02,3.6562e-02,3.4811e-02,3.2088e-02,2.8569e-02,2.4471e-02,1.9986e-02,1.5268e-02,1.0435e-02,5.5909e-03,8.4084e-04,-3.7061e-03,-7.9362e-03,-1.1737e-02,-1.5003e-02,-1.7649e-02,-1.9611e-02,-2.0849e-02,-2.1352e-02,-2.1133e-02,-2.0229e-02,-1.8692e-02,-1.6589e-02,-1.3998e-02,-1.1003e-02,-7.6941e-03,-4.1645e-03,-5.0928e-04,3.1740e-03,6.7870e-03,1.0230e-02,1.3403e-02,1.6205e-02,1.8539e-02,2.0309e-02,2.1422e-02,2.1795e-02,2.1352e-02,2.0027e-02
4.3222e-02,4.7692e-02,5.1962e-02,5.5992e-02,5.9708e-02,6.2999e-02,6.5728e-02,6.7736e-02,6.8860e-02,6.8938e-02,6.7825e-02,6.5395e-02,6.1547e-02,5.6214e-02,4.9357e-02,4.0986e-02,3.1164e-02,2.0025e-02,7.7846e-03,-5.2459e-03,-1.8664e-02,-3.1980e-02,-4.4641e-02,-5.6070e-02,-6.5722e-02,-7.3166e-02,-7.8144e-02,-8.0605e-02,-8.0693e-02,-7.8685e-02,-7.4913e-02,-6.9697e-02,-6.3300e-02,-5.5919e-02,-4.7699e-02,-3.8761e-02,-2.9225e-02,-1.9231e-02,-8.9474e-03,1.4302e-03,1.1691e-02,2.1619e-02,3.1010e-02,3.9683e-02,4.7489e-02,5.4312e-02,6.0073e-02,6.4710e-02,6.8161e-02,7.0333e-02,7.1078e-02,7.0202e-02,6.7517e-02,6.2976e-02,5.6831e-02,4.9740e-02,4.2703e-02,3.6783e-02,3.2739e-02,3.0751e-02,3.0396e-02,3.0867e-02,3.1304e-02,3.1088e-02,2.9944e-02,2.7889e-02,2.5096e-02,2.1773e-02,1.8101e-02,1.4213e-02,1.0210e-02,6.1793e-03,2.2066e-03,-1.6159e-03,-5.1908e-03,-8.4225e-03,-1.1222e-02,-1.3515e-02,-1.5247e-02,-1.6385e-02,-1.6918e-02,-1.6855e-02,-1.6225e-02,-1.5069e-02,-1.3441e-02,-1.1402e-02,-9.0201e-03,-6.3695e-03,-3.5273e-03,-5.7401e-04,2.4059e-03,5.3249e-03,8.0924e-03,1.0617e-02,1.2804e-02,1.4559e-02,1.5790e-02,1.6408e-02,1.6329e-02,1.5480e-02
3.6728e-02,4.1175e-02,4.5475e-02,4.9602e-02,5.3493e-02,5.7048e-02,6.0135e-02,6.2598e-02,6.4270e-02,6.4984e-02,6.4587e-02,6.2950e-02,5.9969e-02,5.5571e-02,4.9710e-02,4.2377e-02,3.3608e-02,2.3496e-02,1.2212e-02,2.0459e-05,-1.2720e-02,-2.5556e-02,-3.7959e-02,-4.9367e-02,-5.9236e-02,-6.7111e-02,-7.2692e-02,-7.5874e-02,-7.6751e-02,-7.5560e-02,-7.2617e-02,-6.8240e-02,-6.2696e-02,-5.6188e-02,-4.8856e-02,-4.0807e-02,-3.2142e-02,-2.2977e-02,-1.3456e-02,-3.7524e-03,5.9370e-03,1.5408e-02,2.4459e-02,3.2903e-02,4.0579e-02,4.7355e-02,5.3136e-02,5.7861e-02,6.1490e-02,6.3986e-02,6.5285e-02,6.5270e-02,6.3768e-02,6.0600e-02,5.5702e-02,4.9300e-02,4.2035e-02,3.4914e-02,2.9033e-02,2.5180e-02,2.3539e-02,2.3662e-02,2.4699e-02,2.5763e-02,2.6216e-02,2.5786e-02,2.4491e-02,2.2503e-02,2.0019e-02,1.7202e-02,1.4168e-02,1.0999e-02,7.7634e-03,4.5305e-03,1.3756e-03,-1.6205e-03,-4.3767e-03,-6.8170e-03,-8.8769e-03,-1.0507e-02,-1.1677e-02,-1.2372e-02,-1.2594e-02,-1.2359e-02,-1.1696e-02,-1.0642e-02,-9.2397e-03,-7.5420e-03,-5.6044e-03,-3.4894e-03,-1.2636e-03,1.0003e-03,3.2252e-03,5.3288e-03,7.2246e-03,8.8232e-03,1.0034e-02,1.0766e-02,1.0931e-02,1.0446e-02
3.0571e-02,3.4939e-02,3.9208e-02,4.3364e-02,4.7357e-02,5.1100e-02,5.4470e-02,5.7314e-02,5.9461e-02,6.0738e-02,6.0984e-02,6.0061e-02,5.7859e-02,5.4301e-02,4.9340e-02,4.2960e-02,3.5179e-02,2.6065e-02,1.5750e-02,4.4511e-03,-7.5191e-03,-1.9750e-02,-3.1749e-02,-4.2978e-02,-5.2900e-02,-6.1050e-02,-6.7097e-02,-7.0892e-02,-7.2474e-02,-7.2041e-02,-6.9881e-02,-6.6304e-02,-6.1576e-02,-5.5903e-02,-4.9424e-02,-4.2235e-02,-3.4422e-02,-2.6081e-02,-1.7338e-02,-8.3487e-03,7.0795e-04,9.6392e-03,1.8252e-02,2.6363e-02,3.3807e-02,4.0443e-02,4.6163e-02,5.0889e-02,5.4577e-02,5.7210e-02,5.8777e-02,5.9245e-02,5.8531e-02,5.6488e-02,5.2943e-02,4.7817e-02,4.1305e-02,3.4023e-02,2.6983e-02,2.1306e-02,1.7804e-02,1.6659e-02,1.7393e-02,1.9116e-02,2.0907e-02,2.2119e-02,2.2479e-02,2.2009e-02,2.0873e-02,1.9259e-02,1.7311e-02,1.5126e-02,1.2766e-02,1.0282e-02,7.7271e-03,5.1603e-03,2.6476e-03,2.5789e-04,-1.9431e-03,-3.8972e-03,-5.5578e-03,-6.8904e-03,-7.8744e-03,-8.5012e-03,-8.7723e-03,-8.6986e-03,-8.3001e-03,-7.6028e-03,-6.6405e-03,-5.4527e-03,-4.0869e-03,-2.5973e-03,-1.0456e-03,4.9976e-04,1.9623e-03,3.2607e-03,4.3083e-03,5.0157e-03,5.2932e-03,5.0520e-03
2.4801e-02,2.9039e-02,3.3218e-02,3.7339e-02,4.1366e-02,4.5226e-02,4.8807e-02,5.1961e-02,5.4518e-02,5.6299e-02,5.7129e-02,5.6858e-02,5.5368e-02,5.2574e-02,4.8427e-02,4.2908e-02,3.6033e-02,2.7853e-02,1.8475e-02,8.0748e-03,-3.0794e-03,-1.4625e-02,-2.6110e-02,-3.7028e-02,-4.6862e-02,-5.5145e-02,-6.1526e-02,-6.5817e-02,-6.8014e-02,-6.8268e-02,-6.6836e-02,-6.4010e-02,-6.0053e-02,-5.5169e-02,-4.9495e-02,-4.3123e-02,-3.6124e-02,-2.8583e-02,-2.0609e-02,-1.2344e-02,-3.9531e-03,4.3827e-03,1.2482e-02,2.0171e-02,2.7294e-02,3.3708e-02,3.9299e-02,4.3973e-02,4.7671e-02,5.0366e-02,5.2060e-02,5.2768e-02,5.2488e-02,5.1171e-02,4.8694e-02,4.4892e-02,3.9670e-02,3.3188e-02,2.6036e-02,1.9222e-02,1.3892e-02,1.0875e-02,1.0348e-02,1.1798e-02,1.4293e-02,1.6884e-02,1.8913e-02,2.0111e-02,2.0499e-02,2.0238e-02,1.9497e-02,1.8405e-02,1.7037e-02,1.5438e-02,1.3641e-02,1.1682e-02,9.6068e-03,7.4681e-03,5.3247e-03,3.2359e-03,1.2568e-03,-5.6398e-04,-2.1861e-03,-3.5780e-03,-4.7165e-03,-5.5877e-03,-6.1838e-03,-6.5061e-03,-6.5619e-03,-6.3677e-03,-5.9483e-03,-5.3365e-03,-4.5755e-03,-3.7179e-03,-2.8255e-03,-1.9697e-03,-1.2292e-03,-6.8869e-04,-4.3818e-04,-5.6762e-04
1.9466e-02,2.3521e-02,2.7556e-02,3.1581e-02,3.5576e-02,3.9484e-02,4.3204e-02,4.6601e-02,4.9505e-02,5.1732e-02,5.3096e-02,5.3432e-02,5.2604e-02,5.0517e-02,4.7115e-02,4.2380e-02,3.6326e-02,2.9001e-02,2.0497e-02,1.0964e-02,6.2987e-04,-1.0188e-02,-2.1086e-02,-3.1594e-02,-4.1221e-02,-4.9511e-02,-5.6102e-02,-6.0778e-02,-6.3493e-02,-6.4355e-02,-6.3588e-02,-6.1458e-02,-5.8220e-02,-5.4073e-02,-4.9153e-02,-4.3544e-02,-3.7312e-02,-3.0530e-02,-2.3296e-02,-1.5742e-02,-8.0245e-03,-3.1315e-04,7.2223e-03,1.4423e-02,2.1144e-02,2.7257e-02,3.2649e-02,3.7223e-02,4.0903e-02,4.3642e-02,4.5427e-02,4.6275e-02,4.6226e-02,4.5308e-02,4.3502e-02,4.0711e-02,3.6777e-02,3.1586e-02,2.5260e-02,1.8361e-02,1.1896e-02,7.0283e-03,4.6031e-03,4.7860e-03,7.0269e-03,1.0352e-02,1.3786e-02,1.6664e-02,1.8720e-02,1.9976e-02,2.0583e-02,2.0697e-02,2.0424e-02,1.9821e-02,1.8915e-02,1.7721e-02,1.6262e-02,1.4568e-02,1.2683e-02,1.0660e-02,8.5534e-03,6.4201e-03,4.3142e-03,2.2861e-03,3.8069e-04,-1.3631e-03,-2.9113e-03,-4.2389e-03,-5.3274e-03,-6.1664e-03,-6.7558e-03,-7.1054e-03,-7.2370e-03,-7.1832e-03,-6.9897e-03,-6.7134e-03,-6.4220e-03,-6.1930e-03,-6.1118e-03,-6.2685e-03
1.4609e-02,1.8431e-02,2.2266e-02,2.6136e-02,3.0035e-02,3.3922e-02,3.7712e-02,4.1281e-02,4.4467e-02,4.7082e-02,4.8933e-02,4.9835e-02,4.9633e-02,4.8215e-02,4.5511e-02,4.1498e-02,3.6193e-02,2.9644e-02,2.1941e-02,1.3218e-02,3.6750e-03,-6.4107e-03,-1.6680e-02,-2.6708e-02,-3.6035e-02,-4.4224e-02,-5.0913e-02,-5.5865e-02,-5.9000e-02,-6.0389e-02,-6.0215e-02,-5.8721e-02,-5.6145e-02,-5.2680e-02,-4.8456e-02,-4.3555e-02,-3.8036e-02,-3.1964e-02,-2.5429e-02,-1.8558e-02,-1.1500e-02,-4.4185e-03,2.5275e-03,9.1925e-03,1.5450e-02,2.1189e-02,2.6310e-02,3.0724e-02,3.4350e-02,3.7123e-02,3.9004e-02,3.9988e-02,4.0109e-02,3.9425e-02,3.7993e-02,3.5823e-02,3.2841e-02,2.8894e-02,2.3845e-02,1.7783e-02,1.1239e-02,5.2187e-03,9.0216e-04,-8.5266e-04,1.0327e-04,3.1803e-03,7.3646e-03,1.1657e-02,1.5391e-02,1.8301e-02,2.0411e-02,2.1861e-02,2.2789e-02,2.3281e-02,2.3374e-02,2.3076e-02,2.2388e-02,2.1317e-02,1.9886e-02,1.8130e-02,1.6098e-02,1.3845e-02,1.1434e-02,8.9277e-03,6.3890e-03,3.8790e-03,1.4556e-03,-8.3013e-04,-2.9318e-03,-4.8131e-03,-6.4468e-03,-7.8175e-03,-8.9221e-03,-9.7721e-03,-1.0393e-02,-1.0823e-02,-1.1117e-02,-1.1342e-02,-1.1575e-02,-1.1902e-02
1.0274e-02,1.3810e-02,1.7391e-02,2.1048e-02,2.4788e-02,2.8585e-02,3.2373e-02,3.6042e-02,3.9440e-02,4.2382e-02,4.4667e-02,4.6095e-02,4.6489e-02,4.5713e-02,4.3678e-02,4.0348e-02,3.5737e-02,2.9897e-02,2.2921e-02,1.4941e-02,6.1405e-03,-3.2340e-03,-1.2864e-02,-2.2367e-02,-3.1324e-02,-3.9323e-02,-4.6009e-02,-5.1136e-02,-5.4596e-02,-5.6425e-02,-5.6771e-02,-5.5846e-02,-5.3872e-02,-5.1029e-02,-4.7444e-02,-4.3195e-02,-3.8334e-02,-3.2919e-02,-2.7038e-02,-2.0810e-02,-1.4384e-02,-7.9187e-03,-1.5659e-03,4.5405e-03,1.0291e-02,1.5594e-02,2.0375e-02,2.4559e-02,2.8075e-02,3.0852e-02,3.2831e-02,3.3975e-02,3.4287e-02,3.3811e-02,3.2624e-02,3.0808e-02,2.8399e-02,2.5344e-02,2.1491e-02,1.6681e-02,1.0968e-02,4.8561e-03,-6.4987e-04,-4.3522e-03,-5.3851e-03,-3.6204e-03,3.1179e-04,5.3589e-03,1.0503e-02,1.5076e-02,1.8818e-02,2.1749e-02,2.3997e-02,2.5681e-02,2.6867e-02,2.7571e-02,2.7784e-02,2.7491e-02,2.6691e-02,2.5398e-02,2.3643e-02,2.1475e-02,1.8954e-02,1.6150e-02,1.3140e-02,1.0002e-02,6.8138e-03,3.6529e-03,5.9041e-04,-2.3094e-03,-4.9924e-03,-7.4153e-03,-9.5497e-03,-1.1382e-02,-1.2914e-02,-1.4165e-02,-1.5172e-02,-1.5987e-02,-1.6675e-02,-1.7317e-02
6.5036e-03,9.7013e-03,1.2973e-02,1.6359e-02,1.9876e-02,2.3515e-02,2.7228e-02,3.0921e-02,3.4456e-02,3.7656e-02,4.0316e-02,4.2224e-02,4.3182e-02,4.3025e-02,4.1640e-02,3.8972e-02,3.5022e-02,2.9843e-02,2.3534e-02,1.6231e-02,8.1140e-03,-5.8833e-04,-9.5892e-03,-1.8548e-02,-2.7085e-02,-3.4821e-02,-4.1416e-02,-4.6623e-02,-5.0316e-02,-5.2498e-02,-5.3285e-02,-5.2859e-02,-5.1421e-02,-4.9139e-02,-4.6135e-02,-4.2480e-02,-3.8223e-02,-3.3416e-02,-2.8141e-02,-2.2516e-02,-1.6687e-02,-1.0812e-02,-5.0392e-03,5.0581e-04,5.7262e-03,1.0553e-02,1.4932e-02,1.8815e-02,2.2149e-02,2.4873e-02,2.6920e-02,2.8233e-02,2.8775e-02,2.8550e-02,2.7613e-02,2.6056e-02,2.3983e-02,2.1456e-02,1.8435e-02,1.4768e-02,1.0275e-02,4.9741e-03,-6.5170e-04,-5.5970e-03,-8.6463e-03,-8.9313e-03,-6.3467e-03,-1.5647e-03,4.3268e-03,1.0295e-02,1.5673e-02,2.0206e-02,2.3909e-02,2.6896e-02,2.9265e-02,3.1059e-02,3.2277e-02,3.2891e-02,3.2877e-02,3.2223e-02,3.0941e-02,2.9060e-02,2.6634e-02,2.3731e-02,2.0434e-02,1.6832e-02,1.3022e-02,9.1007e-03,5.1645e-03,1.3035e-03,-2.4002e-03,-5.8764e-03,-9.0683e-03,-1.1935e-02,-1.4455e-02,-1.6623e-02,-1.8455e-02,-1.9985e-02,-2.1266e-02,-2.2365e-02
3.3430e-03,6.1464e-03,9.0532e-03,1.2108e-02,1.5340e-02,1.8753e-02,2.2316e-02,2.5955e-02,2.9548e-02,3.2928e-02,3.5894e-02,3.8226e-02,3.9705e-02,4.0143e-02,3.9394e-02,3.7375e-02,3.4070e-02,2.9525e-02,2.3841e-02,1.7162e-02,9.6724e-03,1.5961e-03,-6.8016e-03,-1.5212e-02,-2.3298e-02,-3.0712e-02,-3.7141e-02,-4.2343e-02,-4.6178e-02,-4.8626e-02,-4.9772e-02,-4.9770e-02,-4.8798e-02,-4.7013e-02,-4.4528e-02,-4.1410e-02,-3.7705e-02,-3.3459e-02,-2.8749e-02,-2.3688e-02,-1.8421e-02,-1.3105e-02,-7.8883e-03,-2.8928e-03,1.7956e-03,6.1219e-03,1.0055e-02,1.3574e-02,1.6650e-02,1.9244e-02,2.1299e-02,2.2748e-02,2.3529e-02,2.3604e-02,2.2979e-02,2.1714e-02,1.9917e-02,1.7709e-02,1.5172e-02,1.2281e-02,8.8768e-03,4.7584e-03,-8.6412e-05,-5.1945e-03,-9.5537e-03,-1.1934e-02,-1.1466e-02,-8.0722e-03,-2.4670e-03,4.2310e-03,1.0979e-02,1.7113e-02,2.2382e-02,2.6795e-02,3.0447e-02,3.3416e-02,3.5722e-02,3.7344e-02,3.8243e-02,3.8384e-02,3.7751e-02,3.6354e-02,3.4226e-02,3.1429e-02,2.8044e-02,2.4165e-02,1.9901e-02,1.5365e-02,1.0675e-02,5.9446e-03,1.2817e-03,-3.2149e-03,-7.4608e-03,-1.1388e-02,-1.4945e-02,-1.8104e-02,-2.0855e-02,-2.3213e-02,-2.5210e-02,-2.6901e-02
8.3674e-04,3.1903e-03,5.6741e-03,8.3385e-03,1.1221e-02,1.4340e-02,1.7679e-02,2.1184e-02,2.4749e-02,2.8226e-02,3.1418e-02,3.4104e-02,3.6053e-02,3.7048e-02,3.6914e-02,3.5536e-02,3.2871e-02,2.8950e-02,2.3868e-02,1.7777e-02,1.0871e-02,3.3768e-03,-4.4488e-03,-1.2321e-02,-1.9937e-02,-2.6985e-02,-3.3181e-02,-3.8296e-02,-4.2187e-02,-4.4815e-02,-4.6237e-02,-4.6581e-02,-4.6002e-02,-4.4643e-02,-4.2613e-02,-3.9974e-02,-3.6770e-02,-3.3041e-02,-2.8858e-02,-2.4329e-02,-1.9594e-02,-1.4809e-02,-1.0121e-02,-5.6529e-03,-1.4855e-03,2.3370e-03,5.8006e-03,8.9070e-03,1.1658e-02,1.4039e-02,1.6016e-02,1.7531e-02,1.8514e-02,1.8897e-02,1.8639e-02,1.7746e-02,1.6282e-02,1.4365e-02,1.2135e-02,9.6867e-03,7.0041e-03,3.9239e-03,2.2054e-04,-4.1444e-03,-8.7210e-03,-1.2488e-02,-1.4201e-02,-1.2994e-02,-8.8226e-03,-2.4377e-03,5.0136e-03,1.2482e-02,1.9311e-02,2.5249e-02,3.0295e-02,3.4528e-02,3.7999e-02,4.0710e-02,4.2622e-02,4.3684e-02,4.3854e-02,4.3116e-02,4.1482e-02,3.8995e-02,3.5727e-02,3.1772e-02,2.7242e-02,2.2263e-02,1.6968e-02,1.1492e-02,5.9658e-03,5.1504e-04,-4.7488e-03,-9.7279e-03,-1.4345e-02,-1.8541e-02,-2.2284e-02,-2.5561e-02,-2.8386e-02,-3.0793e-02
-9.6940e-04,8.7734e-04,2.8807e-03,5.0944e-03,7.5644e-03,1.0319e-02,1.3359e-02,1.6646e-02,2.0097e-02,2.3579e-02,2.6909e-02,2.9868e-02,3.2216e-02,3.3719e-02,3.4169e-02,3.3418e-02,3.1390e-02,2.8091e-02,2.3606e-02,1.8087e-02,1.1736e-02,4.7909e-03,-2.4918e-03,-9.8401e-03,-1.6976e-02,-2.3624e-02,-2.9529e-02,-3.4482e-02,-3.8346e-02,-4.1067e-02,-4.2682e-02,-4.3289e-02,-4.3025e-02,-4.2021e-02,-4.0377e-02,-3.8157e-02,-3.5400e-02,-3.2147e-02,-2.8458e-02,-2.4435e-02,-2.0209e-02,-1.5933e-02,-1.1752e-02,-7.7879e-03,-4.1219e-03,-7.9358e-04,2.1945e-03,4.8620e-03,7.2347e-03,9.3284e-03,1.1136e-02,1.2624e-02,1.3730e-02,1.4377e-02,1.4492e-02,1.4028e-02,1.2989e-02,1.1445e-02,9.5215e-03,7.3689e-03,5.0950e-03,2.6881e-03,-2.4453e-05,-3.2887e-03,-7.1660e-03,-1.1213e-02,-1.4398e-02,-1.5461e-02,-1.3548e-02,-8.6443e-03,-1.5392e-03,6.5985e-03,1.4718e-02,2.2167e-02,2.8695e-02,3.4290e-02,3.9006e-02,4.2875e-02,4.5875e-02,4.7954e-02,4.9053e-02,4.9128e-02,4.8164e-02,4.6182e-02,4.3235e-02,3.9410e-02,3.4816e-02,2.9584e-02,2.3858e-02,1.7787e-02,1.1525e-02,5.2192e-03,-9.9202e-04,-6.9835e-03,-1.2649e-02,-1.7902e-02,-2.2681e-02,-2.6947e-02,-3.0690e-02,-3.3922e-02
-2.0316e-03,-7.4635e-04,7.1841e-04,2.4212e-03,4.4141e-03,6.7357e-03,9.3999e-03,1.2387e-02,1.5633e-02,1.9024e-02,2.2394e-02,2.5533e-02,2.8198e-02,3.0140e-02,3.1127e-02,3.0977e-02,2.9577e-02,2.6902e-02,2.3018e-02,1.8070e-02,1.2265e-02,5.8498e-03,-9.1012e-04,-7.7467e-03,-1.4398e-02,-2.0617e-02,-2.6180e-02,-3.0902e-02,-3.4656e-02,-3.7385e-02,-3.9104e-02,-3.9893e-02,-3.9865e-02,-3.9138e-02,-3.7808e-02,-3.5942e-02,-3.3579e-02,-3.0758e-02,-2.7534e-02,-2.3996e-02,-2.0266e-02,-1.6486e-02,-1.2797e-02,-9.3193e-03,-6.1351e-03,-3.2832e-03,-7.6279e-04,1.4573e-03,3.4213e-03,5.1699e-03,6.7271e-03,8.0872e-03,9.2118e-03,1.0034e-02,1.0469e-02,1.0437e-02,9.8857e-03,8.8176e-03,7.3026e-03,5.4727e-03,3.4869e-03,1.4601e-03,-6.1962e-04,-2.9345e-03,-5.7501e-03,-9.1459e-03,-1.2679e-02,-1.5304e-02,-1.5751e-02,-1.3177e-02,-7.6014e-03,1.5190e-04,8.8979e-03,1.7586e-02,2.5573e-02,3.2603e-02,3.8649e-02,4.3745e-02,4.7896e-02,5.1064e-02,5.3186e-02,5.4196e-02,5.4054e-02,5.2752e-02,5.0321e-02,4.6829e-02,4.2377e-02,3.7094e-02,3.1128e-02,2.4639e-02,1.7796e-02,1.0765e-02,3.7097e-03,-3.2205e-03,-9.8906e-03,-1.6186e-02,-2.2016e-02,-2.7315e-02,-3.2043e-02,-3.6190e-02
-2.3075e-03,-1.6364e-03,-7.6599e-04,3.6612e-04,1.8184e-03,3.6377e-03,5.8513e-03,8.4552e-03,1.1404e-02,1.4606e-02,1.7912e-02,2.1125e-02,2.4010e-02,2.6306e-02,2.7765e-02,2.8171e-02,2.7378e-02,2.5324e-02,2.2049e-02,1.7681e-02,1.2425e-02,6.5381e-03,2.9331e-04,-6.0363e-03,-1.2198e-02,-1.7963e-02,-2.3137e-02,-2.7562e-02,-3.1126e-02,-3.3774e-02,-3.5511e-02,-3.6395e-02,-3.6521e-02,-3.5993e-02,-3.4903e-02,-3.3322e-02,-3.1294e-02,-2.8859e-02,-2.6068e-02,-2.2998e-02,-1.9756e-02,-1.6470e-02,-1.3270e-02,-1.0271e-02,-7.5555e-03,-5.1637e-03,-3.0960e-03,-1.3175e-03,2.2615e-04,1.5952e-03,2.8388e-03,3.9818e-03,5.0168e-03,5.8999e-03,6.5567e-03,6.8958e-03,6.8299e-03,6.3016e-03,5.3093e-03,3.9223e-03,2.2761e-03,5.3388e-04,-1.1867e-03,-2.8999e-03,-4.8002e-03,-7.1705e-03,-1.0102e-02,-1.3148e-02,-1.5246e-02,-1.5122e-02,-1.1946e-02,-5.7707e-03,2.5480e-03,1.1814e-02,2.0982e-02,2.9413e-02,3.6847e-02,4.3239e-02,4.8599e-02,5.2911e-02,5.6123e-02,5.8162e-02,5.8963e-02,5.8491e-02,5.6749e-02,5.3783e-02,4.9676e-02,4.4548e-02,3.8544e-02,3.1830e-02,2.4583e-02,1.6986e-02,9.2192e-03,1.4566e-03,-6.1417e-03,-1.3433e-02,-2.0297e-02,-2.6640e-02,-3.2395e-02,-3.7522e-02
-1.7600e-03,-1.7504e-03,-1.5268e-03,-1.0224e-03,-1.7321e-04,1.0767e-03,2.7643e-03,4.9014e-03,7.4615e-03,1.0372e-02,1.3505e-02,1.6682e-02,1.9675e-02,2.2225e-02,2.4070e-02,2.4970e-02,2.4745e-02,2.3297e-02,2.0631e-02,1.6855e-02,1.2165e-02,6.8161e-03,1.0929e-03,-4.7248e-03,-1.0384e-02,-1.5671e-02,-2.0412e-02,-2.4476e-02,-2.7771e-02,-3.0251e-02,-3.1914e-02,-3.2806e-02,-3.3001e-02,-3.2591e-02,-3.1666e-02,-3.0298e-02,-2.8542e-02,-2.6443e-02,-2.4050e-02,-2.1429e-02,-1.8672e-02,-1.5884e-02,-1.3181e-02,-1.0666e-02,-8.4170e-03,-6.4760e-03,-4.8467e-03,-3.4976e-03,-2.3709e-03,-1.3962e-03,-5.0531e-04,3.5296e-04,1.2026e-03,2.0308e-03,2.7870e-03,3.3899e-03,3.7407e-03,3.7451e-03,3.3397e-03,2.5180e-03,1.3479e-03,-3.6061e-05,-1.4700e-03,-2.8366e-03,-4.1571e-03,-5.6373e-03,-7.5755e-03,-1.0069e-02,-1.2663e-02,-1.4279e-02,-1.3638e-02,-9.9290e-03,-3.2388e-03,5.5527e-03,1.5242e-02,2.4791e-02,3.3564e-02,4.1295e-02,4.7919e-02,5.3422e-02,5.7772e-02,6.0901e-02,6.2734e-02,6.3212e-02,6.2308e-02,6.0039e-02,5.6468e-02,5.1697e-02,4.5862e-02,3.9125e-02,3.1668e-02,2.3682e-02,1.5364e-02,6.9049e-03,-1.5121e-03,-9.7188e-03,-1.7568e-02,-2.4936e-02,-3.1726e-02,-3.7872e-02
-3.5895e-04,-1.0505e-03,-1.5204e-03,-1.6967e-03,-1.5094e-03,-8.9557e-04,1.9364e-04,1.7823e-03,3.8615e-03,6.3782e-03,9.2275e-03,1.2249e-02,1.5230e-02,1.7920e-02,2.0048e-02,2.1359e-02,2.1642e-02,2.0766e-02,1.8700e-02,1.5524e-02,1.1415e-02,6.6252e-03,1.4420e-03,-3.8473e-03,-8.9856e-03,-1.3765e-02,-1.8029e-02,-2.1670e-02,-2.4617e-02,-2.6839e-02,-2.8337e-02,-2.9143e-02,-2.9321e-02,-2.8948e-02,-2.8110e-02,-2.6883e-02,-2.5333e-02,-2.3514e-02,-2.1478e-02,-1.9284e-02,-1.7004e-02,-1.4724e-02,-1.2534e-02,-1.0520e-02,-8.7491e-03,-7.2624e-03,-6.0665e-03,-5.1353e-03,-4.4148e-03,-3.8332e-03,-3.3119e-03,-2.7806e-03,-2.1886e-03,-1.5173e-03,-7.8498e-04,-4.7982e-05,6.0427e-04,1.0663e-03,1.2362e-03,1.0440e-03,4.7830e-04,-3.9771e-04,-1.4525e-03,-2.5247e-03,-3.5015e-03,-4.4130e-03,-5.4781e-03,-7.0061e-03,-9.0966e-03,-1.1282e-02,-1.2469e-02,-1.1374e-02,-7.2126e-03,-9.9584e-05,9.0635e-03,1.9072e-02,2.8894e-02,3.7900e-02,4.5812e-02,5.2546e-02,5.8068e-02,6.2328e-02,6.5251e-02,6.6764e-02,6.6815e-02,6.5390e-02,6.2526e-02,5.8300e-02,5.2833e-02,4.6277e-02,3.8813e-02,3.0634e-02,2.1944e-02,1.2950e-02,3.8527e-03,-5.1581e-03,-1.3910e-02,-2.2250e-02,-3.0054e-02,-3.7226e-02
1.9161e-03,4.9309e-04,-7.0822e-04,-1.6115e-03,-2.1403e-03,-2.2237e-03,-1.8038e-03,-8.4299e-04,6.6487e-04,2.6868e-03,5.1392e-03,7.8834e-03,1.0726e-02,1.3427e-02,1.5720e-02,1.7338e-02,1.8049e-02,1.7691e-02,1.6198e-02,1.3618e-02,1.0104e-02,5.8949e-03,1.2775e-03,-3.4564e-03,-8.0457e-03,-1.2284e-02,-1.6025e-02,-1.9180e-02,-2.1702e-02,-2.3577e-02,-2.4812e-02,-2.5439e-02,-2.5509e-02,-2.5089e-02,-2.4259e-02,-2.3100e-02,-2.1688e-02,-2.0089e-02,-1.8363e-02,-1.6565e-02,-1.4753e-02,-1.2986e-02,-1.1329e-02,-9.8414e-03,-8.5745e-03,-7.5598e-03,-6.8048e-03,-6.2892e-03,-5.9662e-03,-5.7691e-03,-5.6179e-03,-5.4323e-03,-5.1429e-03,-4.7042e-03,-4.1012e-03,-3.3597e-03,-2.5427e-03,-1.7455e-03,-1.0820e-03,-6.6063e-04,-5.5820e-04,-7.9316e-04,-1.3082e-03,-1.9776e-03,-2.6457e-03,-3.2081e-03,-3.7047e-03,-4.3677e-03,-5.5153e-03,-7.2442e-03,-9.0715e-03,-9.8876e-03,-8.4143e-03,-3.8883e-03,3.5455e-03,1.2971e-02,2.3185e-02,3.3167e-02,4.2287e-02,5.0259e-02,5.6978e-02,6.2391e-02,6.6436e-02,6.9037e-02,7.0124e-02,6.9658e-02,6.7642e-02,6.4130e-02,5.9217e-02,5.3042e-02,4.5773e-02,3.7602e-02,2.8736e-02,1.9388e-02,9.7737e-03,9.9510e-05,-9.4399e-03,-1.8668e-02,-2.7431e-02,-3.5605e-02
5.0728e-03,2.9017e-03,9.4078e-04,-7.2671e-04,-2.0178e-03,-2.8544e-03,-3.1690e-03,-2.9124e-03,-2.0628e-03,-6.3534e-04,1.3078e-03,3.6510e-03,6.2225e-03,8.7997e-03,1.1125e-02,1.2929e-02,1.3967e-02,1.4050e-02,1.3083e-02,1.1077e-02,8.1607e-03,4.5519e-03,5.2816e-04,-3.6185e-03,-7.6237e-03,-1.1280e-02,-1.4449e-02,-1.7056e-02,-1.9076e-02,-2.0512e-02,-2.1387e-02,-2.1735e-02,-2.1602e-02,-2.1048e-02,-2.0147e-02,-1.8983e-02,-1.7639e-02,-1.6198e-02,-1.4729e-02,-1.3289e-02,-1.1923e-02,-1.0669e-02,-9.5622e-03,-8.6317e-03,-7.9035e-03,-7.3936e-03,-7.1031e-03,-7.0148e-03,-7.0900e-03,-7.2701e-03,-7.4820e-03,-7.6439e-03,-7.6776e-03,-7.5177e-03,-7.1229e-03,-6.4858e-03,-5.6370e-03,-4.6473e-03,-3.6183e-03,-2.6707e-03,-1.9210e-03,-1.4529e-03,-1.2925e-03,-1.3907e-03,-1.6291e-03,-1.8617e-03,-1.9942e-03,-2.0791e-03,-2.3614e-03,-3.1646e-03,-4.5790e-03,-6.1041e-03,-6.6176e-03,-4.8476e-03,-5.4747e-05,7.5900e-03,1.7161e-02,2.7461e-02,3.7482e-02,4.6593e-02,5.4497e-02,6.1072e-02,6.6251e-02,6.9962e-02,7.2132e-02,7.2702e-02,7.1646e-02,6.8986e-02,6.4794e-02,5.9183e-02,5.2306e-02,4.4345e-02,3.5503e-02,2.5996e-02,1.6047e-02,5.8730e-03,-4.3123e-03,-1.4311e-02,-2.3947e-02,-3.3065e-02
9.1043e-03,6.1823e-03,3.4481e-03,9.9103e-04,-1.0993e-03,-2.7365e-03,-3.8439e-03,-4.3614e-03,-4.2529e-03,-3.5158e-03,-2.1920e-03,-3.7344e-04,1.7917e-03,4.1029e-03,6.3172e-03,8.1718e-03,9.4154e-03,9.8426e-03,9.3298e-03,7.8595e-03,5.5264e-03,2.5257e-03,-8.8035e-04,-4.4066e-03,-7.7886e-03,-1.0819e-02,-1.3363e-02,-1.5359e-02,-1.6798e-02,-1.7705e-02,-1.8119e-02,-1.8086e-02,-1.7651e-02,-1.6872e-02,-1.5818e-02,-1.4573e-02,-1.3231e-02,-1.1884e-02,-1.0614e-02,-9.4847e-03,-8.5345e-03,-7.7831e-03,-7.2353e-03,-6.8890e-03,-6.7382e-03,-6.7752e-03,-6.9880e-03,-7.3550e-03,-7.8433e-03,-8.4037e-03,-8.9732e-03,-9.4771e-03,-9.8367e-03,-9.9766e-03,-9.8375e-03,-9.3846e-03,-8.6161e-03,-7.5697e-03,-6.3222e-03,-4.9825e-03,-3.6781e-03,-2.5322e-03,-1.6364e-03,-1.0269e-03,-6.6224e-04,-4.3480e-04,-2.1037e-04,9.3147e-05,4.0807e-04,4.7861e-04,-2.2665e-05,-1.1756e-03,-2.4615e-03,-2.7473e-03,-7.7038e-04,4.1833e-03,1.1922e-02,2.1515e-02,3.1776e-02,4.1707e-02,5.0681e-02,5.8389e-02,6.4693e-02,6.9516e-02,7.2784e-02,7.4428e-02,7.4404e-02,7.2704e-02,6.9367e-02,6.4482e-02,5.8177e-02,5.0620e-02,4.2003e-02,3.2538e-02,2.2447e-02,1.1957e-02,1.2910e-03,-9.3361e-03,-1.9726e-02,-2.9700e-02
1.3986e-02,1.0327e-02,6.8213e-03,3.5636e-03,6.5064e-04,-1.8234e-03,-3.7730e-03,-5.1265e-03,-5.8349e-03,-5.8791e-03,-5.2805e-03,-4.1077e-03,-2.4836e-03,-5.8453e-04,1.3680e-03,3.1245e-03,4.4363e-03,5.0890e-03,4.9387e-03,3.9396e-03,2.1567e-03,-2.4280e-04,-3.0174e-03,-5.8944e-03,-8.6147e-03,-1.0973e-02,-1.2838e-02,-1.4157e-02,-1.4938e-02,-1.5226e-02,-1.5080e-02,-1.4559e-02,-1.3719e-02,-1.2618e-02,-1.1326e-02,-9.9245e-03,-8.5139e-03,-7.1968e-03,-6.0672e-03,-5.1951e-03,-4.6192e-03,-4.3455e-03,-4.3537e-03,-4.6092e-03,-5.0715e-03,-5.7024e-03,-6.4670e-03,-7.3335e-03,-8.2674e-03,-9.2265e-03,-1.0159e-02,-1.1001e-02,-1.1681e-02,-1.2125e-02,-1.2263e-02,-1.2043e-02,-1.1435e-02,-1.0446e-02,-9.1189e-03,-7.5370e-03,-5.8164e-03,-4.0900e-03,-2.4894e-03,-1.1151e-03,-1.0952e-05,8.5197e-04,1.5698e-03,2.2635e-03,2.9991e-03,3.6947e-03,4.0825e-03,3.8352e-03,2.8851e-03,1.7696e-03,1.6291e-03,3.7146e-03,8.7164e-03,1.6426e-02,2.5912e-02,3.6004e-02,4.5715e-02,5.4420e-02,6.1802e-02,6.7714e-02,7.2068e-02,7.4794e-02,7.5835e-02,7.5160e-02,7.2779e-02,6.8750e-02,6.3176e-02,5.6200e-02,4.7999e-02,3.8773e-02,2.8740e-02,1.8127e-02,7.1628e-03,-3.9262e-03,-1.4926e-02,-2.5636e-02
1.9677e-02,1.5312e-02,1.1052e-02,6.9992e-03,3.2553e-03,-7.7859e-05,-2.9060e-03,-5.1471e-03,-6.7391e-03,-7.6470e-03,-7.8729e-03,-7.4625e-03,-6.5123e-03,-5.1717e-03,-3.6368e-03,-2.1365e-03,-9.0869e-04,-1.6768e-04,-7.0035e-05,-6.8374e-04,-1.9720e-03,-3.7968e-03,-5.9415e-03,-8.1510e-03,-1.0177e-02,-1.1819e-02,-1.2952e-02,-1.3531e-02,-1.3577e-02,-1.3156e-02,-1.2349e-02,-1.1235e-02,-9.8829e-03,-8.3592e-03,-6.7353e-03,-5.0970e-03,-3.5468e-03,-2.1945e-03,-1.1431e-03,-4.7129e-04,-2.1946e-04,-3.8633e-04,-9.3246e-04,-1.7930e-03,-2.8939e-03,-4.1609e-03,-5.5310e-03,-6.9519e-03,-8.3795e-03,-9.7737e-03,-1.1090e-02,-1.2278e-02,-1.3277e-02,-1.4021e-02,-1.4441e-02,-1.4476e-02,-1.4079e-02,-1.3228e-02,-1.1936e-02,-1.0253e-02,-8.2678e-03,-6.1034e-03,-3.8999e-03,-1.7956e-03,9.9733e-05,1.7326e-03,3.1194e-03,4.3430e-03,5.5081e-03,6.6639e-03,7.7125e-03,8.3763e-03,8.3282e-03,7.5163e-03,6.4954e-03,6.4113e-03,8.5003e-03,1.3431e-02,2.0981e-02,3.0228e-02,4.0017e-02,4.9376e-02,5.7684e-02,6.4617e-02,7.0019e-02,7.3804e-02,7.5907e-02,7.6283e-02,7.4918e-02,7.1839e-02,6.7120e-02,6.0878e-02,5.3266e-02,4.4467e-02,3.4688e-02,2.4149e-02,1.3081e-02,1.7119e-03,-9.7310e-03,-2.1033e-02
2.6114e-02,2.1092e-02,1.6116e-02,1.1290e-02,6.7245e-03,2.5265e-03,-1.2018e-03,-4.3681e-03,-6.8978e-03,-8.7418e-03,-9.8826e-03,-1.0344e-02,-1.0195e-02,-9.5577e-03,-8.5976e-03,-7.5179e-03,-6.5373e-03,-5.8620e-03,-5.6512e-03,-5.9884e-03,-6.8615e-03,-8.1601e-03,-9.6953e-03,-1.1233e-02,-1.2542e-02,-1.3432e-02,-1.3784e-02,-1.3561e-02,-1.2800e-02,-1.1584e-02,-1.0017e-02,-8.2030e-03,-6.2293e-03,-4.1766e-03,-2.1242e-03,-1.6248e-04,1.6034e-03,3.0589e-03,4.0953e-03,4.6280e-03,4.6124e-03,4.0536e-03,3.0043e-03,1.5519e-03,-1.9595e-04,-2.1310e-03,-4.1552e-03,-6.1891e-03,-8.1712e-03,-1.0053e-02,-1.1794e-02,-1.3352e-02,-1.4681e-02,-1.5725e-02,-1.6426e-02,-1.6721e-02,-1.6557e-02,-1.5895e-02,-1.4720e-02,-1.3050e-02,-1.0944e-02,-8.4959e-03,-5.8347e-03,-3.1072e-03,-4.5985e-04,1.9895e-03,4.1754e-03,6.1025e-03,7.8367e-03,9.4663e-03,1.1022e-02,1.2388e-02,1.3278e-02,1.3370e-02,1.2626e-02,1.1617e-02,1.1493e-02,1.3474e-02,1.8208e-02,2.5468e-02,3.4340e-02,4.3693e-02,5.2570e-02,6.0355e-02,6.6722e-02,7.1512e-02,7.4642e-02,7.6056e-02,7.5724e-02,7.3649e-02,6.9873e-02,6.4484e-02,5.7607e-02,4.9404e-02,4.0062e-02,2.9791e-02,1.8813e-02,7.3564e-03,-4.3479e-03,-1.6076e-02
3.3218e-02,2.7604e-02,2.1966e-02,1.6411e-02,1.1051e-02,6.0003e-03,1.3686e-03,-2.7436e-03,-6.2507e-03,-9.0886e-03,-1.1223e-02,-1.2655e-02,-1.3428e-02,-1.3632e-02,-1.3403e-02,-1.2911e-02,-1.2350e-02,-1.1907e-02,-1.1736e-02,-1.1928e-02,-1.2489e-02,-1.3334e-02,-1.4302e-02,-1.5185e-02,-1.5770e-02,-1.5881e-02,-1.5411e-02,-1.4333e-02,-1.2696e-02,-1.0603e-02,-8.1820e-03,-5.5622e-03,-2.8570e-03,-1.6561e-04,2.4184e-03,4.7970e-03,6.8609e-03,8.4929e-03,9.5815e-03,1.0039e-02,9.8180e-03,8.9256e-03,7.4208e-03,5.4094e-03,3.0247e-03,4.0835e-04,-2.3068e-03,-5.0083e-03,-7.6086e-03,-1.0044e-02,-1.2267e-02,-1.4240e-02,-1.5926e-02,-1.7284e-02,-1.8268e-02,-1.8826e-02,-1.8903e-02,-1.8453e-02,-1.7445e-02,-1.5872e-02,-1.3760e-02,-1.1172e-02,-8.2092e-03,-5.0066e-03,-1.7178e-03,1.5038e-03,4.5306e-03,7.2856e-03,9.7583e-03,1.1999e-02,1.4076e-02,1.6001e-02,1.7642e-02,1.8703e-02,1.8867e-02,1.8114e-02,1.7029e-02,1.6763e-02,1.8520e-02,2.2930e-02,2.9766e-02,3.8130e-02,4.6915e-02,5.5186e-02,6.2331e-02,6.8027e-02,7.2117e-02,7.4522e-02,7.5200e-02,7.4136e-02,7.1347e-02,6.6890e-02,6.0861e-02,5.3393e-02,4.4652e-02,3.4828e-02,2.4130e-02,1.2779e-02,1.0037e-03,-1.0968e-02
4.0892e-02,3.4767e-02,2.8538e-02,2.2314e-02,1.6208e-02,1.0338e-02,4.8186e-03,-2.4116e-04,-4.7461e-03,-8.6194e-03,-1.1810e-02,-1.4298e-02,-1.6100e-02,-1.7278e-02,-1.7930e-02,-1.8193e-02,-1.8227e-02,-1.8194e-02,-1.8233e-02,-1.8432e-02,-1.8807e-02,-1.9297e-02,-1.9764e-02,-2.0029e-02,-1.9902e-02,-1.9226e-02,-1.7905e-02,-1.5927e-02,-1.3354e-02,-1.0309e-02,-6.9447e-03,-3.4184e-03,1.2723e-04,3.5680e-03,6.7914e-03,9.6873e-03,1.2140e-02,1.4029e-02,1.5243e-02,1.5694e-02,1.5336e-02,1.4175e-02,1.2275e-02,9.7542e-03,6.7635e-03,3.4731e-03,4.9189e-05,-3.3611e-03,-6.6389e-03,-9.6962e-03,-1.2471e-02,-1.4921e-02,-1.7014e-02,-1.8720e-02,-2.0006e-02,-2.0831e-02,-2.1154e-02,-2.0927e-02,-2.0113e-02,-1.8689e-02,-1.6654e-02,-1.4042e-02,-1.0921e-02,-7.4011e-03,-3.6209e-03,2.5861e-04,4.0760e-03,7.6937e-03,1.1023e-02,1.4038e-02,1.6771e-02,1.9270e-02,2.1525e-02,2.3389e-02,2.4558e-02,2.4722e-02,2.3876e-02,2.2623e-02,2.2108e-02,2.3521e-02,2.7480e-02,3.3759e-02,4.1486e-02,4.9580e-02,5.7127e-02,6.3528e-02,6.8462e-02,7.1778e-02,7.3408e-02,7.3321e-02,7.1516e-02,6.8025e-02,6.2914e-02,5.6286e-02,4.8279e-02,3.9059e-02,2.8816e-02,1.7756e-02,6.0999e-03,-5.9279e-03
4.9024e-02,4.2482e-02,3.5749e-02,2.8933e-02,2.2148e-02,1.5511e-02,9.1424e-03,3.1551e-03,-2.3476e-03,-7.2771e-03,-1.1568e-02,-1.5179e-02,-1.8105e-02,-2.0372e-02,-2.2048e-02,-2.3229e-02,-2.4035e-02,-2.4597e-02,-2.5027e-02,-2.5403e-02,-2.5742e-02,-2.5998e-02,-2.6058e-02,-2.5768e-02,-2.4963e-02,-2.3508e-02,-2.1326e-02,-1.8417e-02,-1.4861e-02,-1.0798e-02,-6.4095e-03,-1.8816e-03,2.6099e-03,6.9106e-03,1.0884e-02,1.4403e-02,1.7343e-02,1.9579e-02,2.1001e-02,2.1523e-02,2.1100e-02,1.9743e-02,1.7519e-02,1.4551e-02,1.1005e-02,7.0709e-03,2.9435e-03,-1.1967e-03,-5.1976e-03,-8.9401e-03,-1.2341e-02,-1.5343e-02,-1.7910e-02,-2.0018e-02,-2.1644e-02,-2.2762e-02,-2.3342e-02,-2.3347e-02,-2.2741e-02,-2.1493e-02,-1.9590e-02,-1.7038e-02,-1.3877e-02,-1.0183e-02,-6.0705e-03,-1.6854e-03,2.8050e-03,7.2308e-03,1.1445e-02,1.5344e-02,1.8888e-02,2.2089e-02,2.4973e-02,2.7511e-02,2.9537e-02,3.0745e-02,3.0829e-02,2.9805e-02,2.8285e-02,2.7413e-02,2.8363e-02,3.1744e-02,3.7341e-02,4.4308e-02,5.1596e-02,5.8316e-02,6.3881e-02,6.7979e-02,7.0467e-02,7.1287e-02,7.0421e-02,6.7882e-02,6.3712e-02,5.7984e-02,5.0806e-02,4.2316e-02,3.2677e-02,2.2078e-02,1.0722e-02,-1.1747e-03
5.7492e-02,5.0633e-02,4.3496e-02,3.6182e-02,2.8802e-02,2.1473e-02,1.4314e-02,7.4413e-03,9.6449e-04,-5.0196e-03,-1.0431e-02,-1.5213e-02,-1.9335e-02,-2.2795e-02,-2.5622e-02,-2.7873e-02,-2.9626e-02,-3.0969e-02,-3.1982e-02,-3.2720e-02,-3.3195e-02,-3.3364e-02,-3.3135e-02,-3.2378e-02,-3.0956e-02,-2.8756e-02,-2.5720e-02,-2.1868e-02,-1.7294e-02,-1.2163e-02,-6.6794e-03,-1.0636e-03,4.4730e-03,9.7421e-03,1.4578e-02,1.8831e-02,2.2363e-02,2.5046e-02,2.6768e-02,2.7446e-02,2.7041e-02,2.5567e-02,2.3097e-02,1.9758e-02,1.5723e-02,1.1198e-02,6.3975e-03,1.5305e-03,-3.2172e-03,-7.6950e-03,-1.1789e-02,-1.5422e-02,-1.8544e-02,-2.1128e-02,-2.3155e-02,-2.4610e-02,-2.5477e-02,-2.5732e-02,-2.5347e-02,-2.4296e-02,-2.2556e-02,-2.0120e-02,-1.7004e-02,-1.3254e-02,-8.9538e-03,-4.2224e-03,7.8669e-04,5.8990e-03,1.0937e-02,1.5742e-02,2.0199e-02,2.4247e-02,2.7881e-02,3.1105e-02,3.3867e-02,3.5989e-02,3.7158e-02,3.7080e-02,3.5787e-02,3.3902e-02,3.2564e-02,3.2935e-02,3.5619e-02,4.0416e-02,4.6512e-02,5.2894e-02,5.8697e-02,6.3352e-02,6.6557e-02,6.8178e-02,6.8168e-02,6.6525e-02,6.3270e-02,5.8453e-02,5.2152e-02,4.4476e-02,3.5559e-02,2.5563e-02,1.4670e-02,3.0804e-03
6.6162e-02,5.9098e-02,5.1665e-02,4.3959e-02,3.6084e-02,2.8154e-02,2.0284e-02,1.2591e-02,5.1882e-03,-1.8227e-03,-8.3515e-03,-1.4326e-02,-1.9694e-02,-2.4426e-02,-2.8515e-02,-3.1975e-02,-3.4839e-02,-3.7148e-02,-3.8941e-02,-4.0239e-02,-4.1038e-02,-4.1292e-02,-4.0920e-02,-3.9814e-02,-3.7860e-02,-3.4973e-02,-3.1116e-02,-2.6328e-02,-2.0723e-02,-1.4486e-02,-7.8523e-03,-1.0742e-03,5.5987e-03,1.1939e-02,1.7746e-02,2.2846e-02,2.7083e-02,3.0321e-02,3.2445e-02,3.3376e-02,3.3081e-02,3.1581e-02,2.8952e-02,2.5327e-02,2.0885e-02,1.5838e-02,1.0418e-02,4.8545e-03,-6.3887e-04,-5.8785e-03,-1.0719e-02,-1.5054e-02,-1.8815e-02,-2.1960e-02,-2.4469e-02,-2.6330e-02,-2.7537e-02,-2.8079e-02,-2.7941e-02,-2.7106e-02,-2.5552e-02,-2.3269e-02,-2.0257e-02,-1.6538e-02,-1.2168e-02,-7.2363e-03,-1.8687e-03,3.7748e-03,9.5126e-03,1.5158e-02,2.0539e-02,2.5528e-02,3.0047e-02,3.4069e-02,3.7577e-02,4.0498e-02,4.2641e-02,4.3691e-02,4.3365e-02,4.1711e-02,3.9363e-02,3.7455e-02,3.7137e-02,3.9014e-02,4.2906e-02,4.8035e-02,5.3424e-02,5.8238e-02,6.1925e-02,6.4195e-02,6.4926e-02,6.4083e-02,6.1674e-02,5.7729e-02,5.2303e-02,4.5477e-02,3.7354e-02,2.8067e-02,1.7772e-02,6.6468e-03
7.4900e-02,6.7742e-02,6.0129e-02,5.2145e-02,4.3888e-02,3.5462e-02,2.6981e-02,1.8556e-02,1.0299e-02,2.3143e-03,-5.3009e-03,-1.2462e-02,-1.9099e-02,-2.5156e-02,-3.0593e-02,-3.5382e-02,-3.9508e-02,-4.2960e-02,-4.5728e-02,-4.7793e-02,-4.9120e-02,-4.9652e-02,-4.9309e-02,-4.7998e-02,-4.5629e-02,-4.2141e-02,-3.7521e-02,-3.1828e-02,-2.5199e-02,-1.7842e-02,-1.0019e-02,-2.0183e-03,5.8697e-03,1.3376e-02,2.0261e-02,2.6320e-02,3.1377e-02,3.5284e-02,3.7923e-02,3.9217e-02,3.9137e-02,3.7710e-02,3.5019e-02,3.1204e-02,2.6446e-02,2.0965e-02,1.4999e-02,8.7933e-03,2.5838e-03,-3.4174e-03,-9.0344e-03,-1.4129e-02,-1.8606e-02,-2.2401e-02,-2.5483e-02,-2.7837e-02,-2.9459e-02,-3.0349e-02,-3.0504e-02,-2.9917e-02,-2.8579e-02,-2.6478e-02,-2.3610e-02,-1.9985e-02,-1.5635e-02,-1.0621e-02,-5.0412e-03,9.7246e-04,7.2525e-03,1.3609e-02,1.9845e-02,2.5779e-02,3.1265e-02,3.6211e-02,4.0566e-02,4.4292e-02,4.7300e-02,4.9384e-02,5.0231e-02,4.9571e-02,4.7467e-02,4.4564e-02,4.1989e-02,4.0884e-02,4.1858e-02,4.4755e-02,4.8836e-02,5.3163e-02,5.6931e-02,5.9609e-02,6.0918e-02,6.0749e-02,5.9079e-02,5.5923e-02,5.1320e-02,4.5327e-02,3.8021e-02,2.9504e-02,1.9903e-02,9.3656e-03
8.3569e-02,7.6430e-02,6.8752e-02,6.0611e-02,5.2092e-02,4.3293e-02,3.4314e-02,2.5263e-02,1.6246e-02,7.3670e-03,-1.2746e-03,-9.5866e-03,-1.7485e-02,-2.4891e-02,-3.1734e-02,-3.7946e-02,-4.3463e-02,-4.8221e-02,-5.2153e-02,-5.5192e-02,-5.7263e-02,-5.8283e-02,-5.8166e-02,-5.6825e-02,-5.4187e-02,-5.0214e-02,-4.4917e-02,-3.8379e-02,-3.0758e-02,-2.2287e-02,-1.3257e-02,-3.9919e-03,5.1757e-03,1.3931e-02,2.1994e-02,2.9122e-02,3.5115e-02,3.9810e-02,4.3084e-02,4.4859e-02,4.5110e-02,4.3868e-02,4.1225e-02,3.7325e-02,3.2355e-02,2.6538e-02,2.0117e-02,1.3347e-02,6.4770e-03,-2.5739e-04,-6.6520e-03,-1.2539e-02,-1.7790e-02,-2.2318e-02,-2.6067e-02,-2.9012e-02,-3.1144e-02,-3.2466e-02,-3.2983e-02,-3.2700e-02,-3.1618e-02,-2.9735e-02,-2.7048e-02,-2.3563e-02,-1.9299e-02,-1.4295e-02,-8.6232e-03,-2.3860e-03,4.2743e-03,1.1184e-02,1.8142e-02,2.4944e-02,3.1396e-02,3.7336e-02,4.2653e-02,4.7277e-02,5.1150e-02,5.4166e-02,5.6109e-02,5.6670e-02,5.5591e-02,5.2956e-02,4.9413e-02,4.6086e-02,4.4109e-02,4.4099e-02,4.5928e-02,4.8898e-02,5.2111e-02,5.4794e-02,5.6434e-02,5.6769e-02,5.5701e-02,5.3215e-02,4.9338e-02,4.4111e-02,3.7591e-02,2.9853e-02,2.0992e-02,1.1127e-02
9.2037e-02,8.5025e-02,7.7399e-02,6.9223e-02,6.0568e-02,5.1521e-02,4.2173e-02,3.2618e-02,2.2956e-02,1.3286e-02,3.7049e-03,-5.6922e-03,-1.4811e-02,-2.3556e-02,-3.1830e-02,-3.9528e-02,-4.6539e-02,-5.2743e-02,-5.8016e-02,-6.2231e-02,-6.5265e-02,-6.7000e-02,-6.7326e-02,-6.6156e-02,-6.3427e-02,-5.9117e-02,-5.3263e-02,-4.5967e-02,-3.7415e-02,-2.7861e-02,-1.7629e-02,-7.0789e-03,3.4150e-03,1.3490e-02,2.2819e-02,3.1120e-02,3.8163e-02,4.3767e-02,4.7800e-02,5.0183e-02,5.0890e-02,4.9959e-02,4.7485e-02,4.3618e-02,3.8549e-02,3.2506e-02,2.5735e-02,1.8495e-02,1.1045e-02,3.6348e-03,-3.5095e-03,-1.0191e-02,-1.6252e-02,-2.1574e-02,-2.6076e-02,-2.9711e-02,-3.2458e-02,-3.4314e-02,-3.5286e-02,-3.5385e-02,-3.4624e-02,-3.3009e-02,-3.0548e-02,-2.7247e-02,-2.3121e-02,-1.8199e-02,-1.2529e-02,-6.1907e-03,7.0257e-04,8.0014e-03,1.5523e-02,2.3059e-02,3.0392e-02,3.7316e-02,4.3655e-02,4.9279e-02,5.4101e-02,5.8043e-02,6.0984e-02,6.2705e-02,6.2900e-02,6.1328e-02,5.8087e-02,5.3833e-02,4.9683e-02,4.6766e-02,4.5709e-02,4.6415e-02,4.8227e-02,5.0291e-02,5.1862e-02,5.2451e-02,5.1809e-02,4.9848e-02,4.6566e-02,4.1993e-02,3.6176e-02,2.9169e-02,2.1042e-02,1.1882e-02
1.0018e-01,9.3398e-02,8.5935e-02,7.7842e-02,6.9179e-02,6.0017e-02,5.0432e-02,4.0509e-02,3.0334e-02,1.9997e-02,9.5879e-03,-7.9888e-04,-1.1065e-02,-2.1105e-02,-3.0798e-02,-4.0008e-02,-4.8581e-02,-5.6344e-02,-6.3111e-02,-6.8693e-02,-7.2908e-02,-7.5588e-02,-7.6596e-02,-7.5823e-02,-7.3209e-02,-6.8744e-02,-6.2483e-02,-5.4551e-02,-4.5157e-02,-3.4583e-02,-2.3180e-02,-1.1347e-02,4.9844e-04,1.1946e-02,2.2617e-02,3.2187e-02,4.0389e-02,4.7021e-02,5.1940e-02,5.5060e-02,5.6358e-02,5.5872e-02,5.3700e-02,4.9994e-02,4.4952e-02,3.8805e-02,3.1800e-02,2.4201e-02,1.6270e-02,8.2652e-03,4.2966e-04,-7.0188e-03,-1.3894e-02,-2.0047e-02,-2.5367e-02,-2.9781e-02,-3.3247e-02,-3.5747e-02,-3.7283e-02,-3.7866e-02,-3.7513e-02,-3.6242e-02,-3.4067e-02,-3.1004e-02,-2.7069e-02,-2.2286e-02,-1.6695e-02,-1.0354e-02,-3.3518e-03,4.1887e-03,1.2109e-02,2.0216e-02,2.8294e-02,3.6113e-02,4.3455e-02,5.0129e-02,5.5989e-02,6.0931e-02,6.4862e-02,6.7648e-02,6.9069e-02,6.8826e-02,6.6696e-02,6.2790e-02,5.7769e-02,5.2742e-02,4.8835e-02,4.6686e-02,4.6230e-02,4.6855e-02,4.7746e-02,4.8192e-02,4.7723e-02,4.6105e-02,4.3264e-02,3.9205e-02,3.3965e-02,2.7590e-02,2.0132e-02,1.1654e-02
1.0788e-01,1.0142e-01,9.4229e-02,8.6334e-02,7.7786e-02,6.8640e-02,5.8959e-02,4.8809e-02,3.8264e-02,2.7400e-02,1.6298e-02,5.0437e-03,-6.2660e-03,-1.7519e-02,-2.8582e-02,-3.9292e-02,-4.9457e-02,-5.8854e-02,-6.7238e-02,-7.4355e-02,-7.9956e-02,-8.3816e-02,-8.5749e-02,-8.5621e-02,-8.3358e-02,-7.8953e-02,-7.2470e-02,-6.4059e-02,-5.3947e-02,-4.2444e-02,-2.9932e-02,-1.6845e-02,-3.6461e-03,9.2045e-03,2.1278e-02,3.2199e-02,4.1663e-02,4.9439e-02,5.5368e-02,5.9358e-02,6.1384e-02,6.1484e-02,5.9755e-02,5.6351e-02,5.1474e-02,4.5354e-02,3.8244e-02,3.0408e-02,2.2111e-02,1.3614e-02,5.1713e-03,-2.9845e-03,-1.0646e-02,-1.7634e-02,-2.3811e-02,-2.9072e-02,-3.3349e-02,-3.6602e-02,-3.8818e-02,-4.0001e-02,-4.0167e-02,-3.9336e-02,-3.7531e-02,-3.4777e-02,-3.1096e-02,-2.6514e-02,-2.1067e-02,-1.4804e-02,-7.7958e-03,-1.4147e-04,8.0272e-03,1.6541e-02,2.5199e-02,3.3772e-02,4.2022e-02,4.9719e-02,5.6657e-02,6.2678e-02,6.7660e-02,7.1499e-02,7.4054e-02,7.5106e-02,7.4366e-02,7.1627e-02,6.7013e-02,6.1186e-02,5.5248e-02,5.0319e-02,4.7049e-02,4.5409e-02,4.4829e-02,4.4537e-02,4.3852e-02,4.2325e-02,3.9739e-02,3.6031e-02,3.1215e-02,2.5332e-02,1.8428e-02,1.0552e-02
1.1504e-01,1.0899e-01,1.0216e-01,9.4570e-02,8.6256e-02,7.7254e-02,6.7613e-02,5.7381e-02,4.6617e-02,3.5379e-02,2.3734e-02,1.1757e-02,-4.6283e-04,-1.2815e-02,-2.5159e-02,-3.7314e-02,-4.9058e-02,-6.0124e-02,-7.0211e-02,-7.8998e-02,-8.6169e-02,-9.1431e-02,-9.4540e-02,-9.5318e-02,-9.3665e-02,-8.9563e-02,-8.3082e-02,-7.4382e-02,-6.3712e-02,-5.1406e-02,-3.7878e-02,-2.3597e-02,-9.0707e-03,5.1912e-03,1.8706e-02,3.1047e-02,4.1863e-02,5.0891e-02,5.7951e-02,6.2941e-02,6.5833e-02,6.6662e-02,6.5524e-02,6.2573e-02,5.8006e-02,5.2057e-02,4.4981e-02,3.7042e-02,2.8506e-02,1.9637e-02,1.0692e-02,1.9147e-03,-6.4719e-03,-1.4268e-02,-2.1306e-02,-2.7452e-02,-3.2608e-02,-3.6709e-02,-3.9718e-02,-4.1622e-02,-4.2430e-02,-4.2158e-02,-4.0831e-02,-3.8479e-02,-3.5133e-02,-3.0826e-02,-2.5594e-02,-1.9483e-02,-1.2555e-02,-4.8930e-03,3.3939e-03,1.2162e-02,2.1232e-02,3.0394e-02,3.9408e-02,4.8027e-02,5.6008e-02,6.3135e-02,6.9236e-02,7.4180e-02,7.7853e-02,8.0110e-02,8.0736e-02,7.9456e-02,7.6074e-02,7.0728e-02,6.4076e-02,5.7209e-02,5.1242e-02,4.6840e-02,4.4006e-02,4.2215e-02,4.0735e-02,3.8917e-02,3.6337e-02,3.2793e-02,2.8231e-02,2.2676e-02,1.6171e-02,8.7643e-03
1.2156e-01,1.1600e-01,1.0962e-01,1.0243e-01,9.4459e-02,8.5724e-02,7.6255e-02,6.6085e-02,5.5253e-02,4.3801e-02,3.1776e-02,1.9239e-02,6.2642e-03,-7.0440e-03,-2.0545e-02,-3.4050e-02,-4.7314e-02,-6.0036e-02,-7.1865e-02,-8.2419e-02,-9.1311e-02,-9.8176e-02,-1.0270e-01,-1.0465e-01,-1.0389e-01,-1.0036e-01,-9.4135e-02,-8.5375e-02,-7.4345e-02,-6.1401e-02,-4.6984e-02,-3.1602e-02,-1.5803e-02,-1.4970e-04,1.4822e-02,2.8630e-02,4.0875e-02,5.1254e-02,5.9559e-02,6.5676e-02,6.9568e-02,7.1269e-02,7.0871e-02,6.8525e-02,6.4425e-02,5.8801e-02,5.1907e-02,4.4009e-02,3.5374e-02,2.6265e-02,1.6942e-02,7.6511e-03,-1.3729e-03,-9.9143e-03,-1.7784e-02,-2.4820e-02,-3.0894e-02,-3.5911e-02,-3.9808e-02,-4.2550e-02,-4.4125e-02,-4.4541e-02,-4.3818e-02,-4.1986e-02,-3.9080e-02,-3.5138e-02,-3.0205e-02,-2.4326e-02,-1.7562e-02,-9.9855e-03,-1.6914e-03,7.1976e-03,1.6527e-02,2.6108e-02,3.5718e-02,4.5111e-02,5.4028e-02,6.2217e-02,6.9455e-02,7.5560e-02,8.0392e-02,8.3833e-02,8.5739e-02,8.5899e-02,8.4051e-02,8.0015e-02,7.3931e-02,6.6451e-02,5.8655e-02,5.1650e-02,4.6116e-02,4.2087e-02,3.9085e-02,3.6418e-02,3.3471e-02,2.9843e-02,2.5347e-02,1.9945e-02,1.3666e-02,6.5595e-03
1.2737e-01,1.2236e-01,1.1651e-01,1.0981e-01,1.0228e-01,9.3923e-02,8.4751e-02,7.4781e-02,6.4032e-02,5.2524e-02,4.0289e-02,2.7363e-02,1.3808e-02,-2.8728e-04,-1.4790e-02,-2.9510e-02,-4.4192e-02,-5.8509e-02,-7.2071e-02,-8.4441e-02,-9.5163e-02,-1.0380e-01,-1.0996e-01,-1.1334e-01,-1.1375e-01,-1.1109e-01,-1.0540e-01,-9.6851e-02,-8.5698e-02,-7.2318e-02,-5.7180e-02,-4.0825e-02,-2.3845e-02,-6.8498e-03,9.5672e-03,2.4868e-02,3.8600e-02,5.0413e-02,6.0068e-02,6.7430e-02,7.2453e-02,7.5165e-02,7.5655e-02,7.4068e-02,7.0592e-02,6.5453e-02,5.8900e-02,5.1197e-02,4.2612e-02,3.3408e-02,2.3843e-02,1.4166e-02,4.6166e-03,-4.5796e-03,-1.3217e-02,-2.1111e-02,-2.8106e-02,-3.4077e-02,-3.8932e-02,-4.2608e-02,-4.5068e-02,-4.6301e-02,-4.6318e-02,-4.5138e-02,-4.2798e-02,-3.9337e-02,-3.4805e-02,-2.9252e-02,-2.2740e-02,-1.5341e-02,-7.1406e-03,1.7528e-03,1.1204e-02,2.1047e-02,3.1082e-02,4.1078e-02,5.0780e-02,5.9921e-02,6.8243e-02,7.5515e-02,8.1551e-02,8.6207e-02,8.9364e-02,9.0881e-02,9.0554e-02,8.8133e-02,8.3447e-02,7.6638e-02,6.8347e-02,5.9636e-02,5.1604e-02,4.4945e-02,3.9729e-02,3.5519e-02,3.1669e-02,2.7596e-02,2.2924e-02,1.7484e-02,1.1250e-02,4.2605e-03
1.3242e-01,1.2801e-01,1.2274e-01,1.1661e-01,1.0961e-01,1.0173e-01,9.2976e-02,8.3334e-02,7.2810e-02,6.1405e-02,4.9126e-02,3.5992e-02,2.2040e-02,7.3438e-03,-7.9800e-03,-2.3749e-02,-3.9705e-02,-5.5509e-02,-7.0741e-02,-8.4919e-02,-9.7530e-02,-1.0806e-01,-1.1605e-01,-1.2110e-01,-1.2296e-01,-1.2147e-01,-1.1663e-01,-1.0858e-01,-9.7580e-02,-8.4010e-02,-6.8358e-02,-5.1198e-02,-3.3163e-02,-1.4911e-02,2.9092e-03,1.9701e-02,3.4954e-02,4.8268e-02,5.9365e-02,6.8082e-02,7.4358e-02,7.8212e-02,7.9731e-02,7.9054e-02,7.6360e-02,7.1868e-02,6.5819e-02,5.8474e-02,5.0097e-02,4.0951e-02,3.1293e-02,2.1372e-02,1.1428e-02,1.6924e-03,-7.6181e-03,-1.6303e-02,-2.4185e-02,-3.1111e-02,-3.6959e-02,-4.1636e-02,-4.5078e-02,-4.7248e-02,-4.8136e-02,-4.7750e-02,-4.6116e-02,-4.3271e-02,-3.9264e-02,-3.4151e-02,-2.7996e-02,-2.0873e-02,-1.2866e-02,-4.0765e-03,5.3742e-03,1.5338e-02,2.5638e-02,3.6064e-02,4.6377e-02,5.6313e-02,6.5603e-02,7.3982e-02,8.1218e-02,8.7122e-02,9.1551e-02,9.4389e-02,9.5498e-02,9.4684e-02,9.1704e-02,8.6393e-02,7.8889e-02,6.9815e-02,6.0212e-02,5.1174e-02,4.3404e-02,3.7009e-02,3.1597e-02,2.6566e-02,2.1370e-02,1.5658e-02,9.2793e-03,2.2213e-03
1.3665e-01,1.3289e-01,1.2827e-01,1.2277e-01,1.1637e-01,1.0906e-01,1.0082e-01,9.1621e-02,8.1455e-02,7.0300e-02,5.8141e-02,4.4975e-02,3.0817e-02,1.5715e-02,-2.3109e-04,-1.6855e-02,-3.3908e-02,-5.1046e-02,-6.7835e-02,-8.3761e-02,-9.8260e-02,-1.1076e-01,-1.2070e-01,-1.2764e-01,-1.3120e-01,-1.3119e-01,-1.2752e-01,-1.2030e-01,-1.0976e-01,-9.6280e-02,-8.0365e-02,-6.2611e-02,-4.3689e-02,-2.4303e-02,-5.1571e-03,1.3092e-02,2.9874e-02,4.4735e-02,5.7348e-02,6.7516e-02,7.5157e-02,8.0279e-02,8.2961e-02,8.3335e-02,8.1576e-02,7.7891e-02,7.2512e-02,6.5692e-02,5.7688e-02,4.8763e-02,3.9170e-02,2.9158e-02,1.8966e-02,8.8258e-03,-1.0392e-03,-1.0418e-02,-1.9117e-02,-2.6960e-02,-3.3798e-02,-3.9509e-02,-4.3998e-02,-4.7201e-02,-4.9080e-02,-4.9623e-02,-4.8839e-02,-4.6756e-02,-4.3418e-02,-3.8878e-02,-3.3205e-02,-2.6472e-02,-1.8768e-02,-1.0191e-02,-8.5664e-04,9.1004e-03,1.9520e-02,3.0213e-02,4.0960e-02,5.1516e-02,6.1612e-02,7.0975e-02,7.9342e-02,8.6480e-02,9.2203e-02,9.6371e-02,9.8872e-02,9.9575e-02,9.8293e-02,9.4787e-02,8.8892e-02,8.0734e-02,7.0915e-02,6.0454e-02,5.0432e-02,4.1568e-02,3.4004e-02,2.7396e-02,2.1187e-02,1.4868e-02,8.1167e-03,8.0292e-04
1.4004e-01,1.3696e-01,1.3302e-01,1.2821e-01,1.2248e-01,1.1581e-01,1.0817e-01,9.9530e-02,8.9842e-02,7.9074e-02,6.7191e-02,5.4163e-02,3.9984e-02,2.4676e-02,8.3158e-03,-8.9521e-03,-2.6895e-02,-4.5179e-02,-6.3365e-02,-8.0921e-02,-9.7249e-02,-1.1172e-01,-1.2371e-01,-1.3268e-01,-1.3819e-01,-1.3992e-01,-1.3775e-01,-1.3169e-01,-1.2195e-01,-1.0889e-01,-9.3005e-02,-7.4911e-02,-5.5312e-02,-3.4957e-02,-1.4603e-02,5.0352e-03,2.3324e-02,3.9749e-02,5.3931e-02,6.5631e-02,7.4736e-02,8.1239e-02,8.5208e-02,8.6769e-02,8.6089e-02,8.3364e-02,7.8817e-02,7.2688e-02,6.5227e-02,5.6691e-02,4.7329e-02,3.7388e-02,2.7105e-02,1.6712e-02,6.4326e-03,-3.5168e-03,-1.2930e-02,-2.1616e-02,-2.9403e-02,-3.6140e-02,-4.1706e-02,-4.6004e-02,-4.8968e-02,-5.0559e-02,-5.0763e-02,-4.9590e-02,-4.7073e-02,-4.3257e-02,-3.8208e-02,-3.2001e-02,-2.4725e-02,-1.6479e-02,-7.3782e-03,2.4484e-03,1.2853e-02,2.3663e-02,3.4678e-02,4.5674e-02,5.6398e-02,6.6581e-02,7.5950e-02,8.4243e-02,9.1234e-02,9.6742e-02,1.0063e-01,1.0280e-01,1.0312e-01,1.0140e-01,9.7421e-02,9.0995e-02,8.2235e-02,7.1718e-02,6.0433e-02,4.9454e-02,3.9513e-02,3.0789e-02,2.2987e-02,1.5600e-02,8.1575e-03,3.6709e-04
1.4258e-01,1.4020e-01,1.3698e-01,1.3289e-01,1.2788e-01,1.2192e-01,1.1497e-01,1.0696e-01,9.7862e-02,8.7605e-02,7.6137e-02,6.3409e-02,4.9387e-02,3.4069e-02,1.7505e-02,-1.8777e-04,-1.8798e-02,-3.8010e-02,-5.7394e-02,-7.6416e-02,-9.4454e-02,-1.1084e-01,-1.2490e-01,-1.3601e-01,-1.4362e-01,-1.4736e-01,-1.4698e-01,-1.4242e-01,-1.3384e-01,-1.2155e-01,-1.0603e-01,-8.7896e-02,-6.7879e-02,-4.6766e-02,-2.5362e-02,-4.4439e-03,1.5293e-02,3.3270e-02,4.9048e-02,6.2339e-02,7.2994e-02,8.0979e-02,8.6348e-02,8.9218e-02,8.9749e-02,8.8129e-02,8.4568e-02,7.9293e-02,7.2544e-02,6.4568e-02,5.5608e-02,4.5908e-02,3.5701e-02,2.5217e-02,1.4679e-02,4.3040e-03,-5.6956e-03,-1.5118e-02,-2.3774e-02,-3.1492e-02,-3.8122e-02,-4.3540e-02,-4.7648e-02,-5.0377e-02,-5.1687e-02,-5.1563e-02,-5.0017e-02,-4.7083e-02,-4.2816e-02,-3.7286e-02,-3.0581e-02,-2.2803e-02,-1.4064e-02,-4.4940e-03,5.7650e-03,1.6550e-02,2.7679e-02,3.8945e-02,5.0115e-02,6.0935e-02,7.1137e-02,8.0451e-02,8.8622e-02,9.5432e-02,1.0071e-01,1.0432e-01,1.0618e-01,1.0615e-01,1.0406e-01,9.9657e-02,9.2763e-02,8.3460e-02,7.2291e-02,6.0220e-02,4.8307e-02,3.7304e-02,2.7428e-02,1.8434e-02,9.8665e-03,1.2984e-03
1.4426e-01,1.4260e-01,1.4012e-01,1.3679e-01,1.3254e-01,1.2734e-01,1.2113e-01,1.1384e-01,1.0542e-01,9.5783e-02,8.4858e-02,7.2575e-02,5.8876e-02,4.3734e-02,2.7169e-02,9.2732e-03,-9.7727e-03,-2.9678e-02,-5.0033e-02,-7.0311e-02,-8.9890e-02,-1.0808e-01,-1.2415e-01,-1.3742e-01,-1.4727e-01,-1.5320e-01,-1.5487e-01,-1.5215e-01,-1.4509e-01,-1.3394e-01,-1.1914e-01,-1.0132e-01,-8.1184e-02,-5.9570e-02,-3.7325e-02,-1.5280e-02,5.8054e-03,2.5285e-02,4.2656e-02,5.7574e-02,6.9842e-02,7.9394e-02,8.6264e-02,9.0556e-02,9.2420e-02,9.2036e-02,8.9603e-02,8.5337e-02,7.9463e-02,7.2216e-02,6.3831e-02,5.4545e-02,4.4588e-02,3.4184e-02,2.3554e-02,1.2914e-02,2.4780e-03,-7.5470e-03,-1.6960e-02,-2.5574e-02,-3.3217e-02,-3.9737e-02,-4.5008e-02,-4.8930e-02,-5.1433e-02,-5.2474e-02,-5.2038e-02,-5.0138e-02,-4.6814e-02,-4.2125e-02,-3.6152e-02,-2.8993e-02,-2.0762e-02,-1.1586e-02,-1.6082e-03,9.0154e-03,2.0111e-02,3.1486e-02,4.2927e-02,5.4199e-02,6.5048e-02,7.5208e-02,8.4419e-02,9.2434e-02,9.9045e-02,1.0409e-01,1.0745e-01,1.0903e-01,1.0871e-01,1.0630e-01,1.0155e-01,9.4260e-02,8.4472e-02,7.2700e-02,5.9877e-02,4.7056e-02,3.5003e-02,2.3978e-02,1.3791e-02,4.0405e-03
1.4509e-01,1.4416e-01,1.4244e-01,1.3988e-01,1.3642e-01,1.3202e-01,1.2661e-01,1.2010e-01,1.1244e-01,1.0351e-01,9.3243e-02,8.1534e-02,6.8309e-02,5.3514e-02,3.7143e-02,1.9257e-02,5.9009e-06,-2.0350e-02,-4.1429e-02,-6.2728e-02,-8.3632e-02,-1.0344e-01,-1.2141e-01,-1.3680e-01,-1.4892e-01,-1.5717e-01,-1.6113e-01,-1.6053e-01,-1.5533e-01,-1.4569e-01,-1.3202e-01,-1.1487e-01,-9.4971e-02,-7.3165e-02,-5.0335e-02,-2.7365e-02,-5.0762e-03,1.5816e-02,3.4741e-02,5.1290e-02,6.5211e-02,7.6398e-02,8.4854e-02,9.0666e-02,9.3972e-02,9.4943e-02,9.3769e-02,9.0653e-02,8.5807e-02,7.9451e-02,7.1812e-02,6.3114e-02,5.3581e-02,4.3434e-02,3.2888e-02,2.2156e-02,1.1450e-02,9.7819e-04,-9.0530e-03,-1.8445e-02,-2.7009e-02,-3.4573e-02,-4.0984e-02,-4.6113e-02,-4.9858e-02,-5.2146e-02,-5.2933e-02,-5.2205e-02,-4.9979e-02,-4.6295e-02,-4.1222e-02,-3.4850e-02,-2.7287e-02,-1.8660e-02,-9.1101e-03,1.2084e-03,1.2125e-02,2.3458e-02,3.5005e-02,4.6550e-02,5.7855e-02,6.8672e-02,7.8743e-02,8.7814e-02,9.5653e-02,1.0206e-01,1.0689e-01,1.1004e-01,1.1139e-01,1.1085e-01,1.0820e-01,1.0317e-01,9.5546e-02,8.5333e-02,7.3003e-02,5.9461e-02,4.5750e-02,3.2657e-02,2.0485e-02,9.1040e-03
1.4509e-01,1.4489e-01,1.4394e-01,1.4217e-01,1.3953e-01,1.3595e-01,1.3137e-01,1.2570e-01,1.1885e-01,1.1072e-01,1.0120e-01,9.0178e-02,7.7558e-02,6.3265e-02,4.7265e-02,2.9588e-02,1.0354e-02,-1.0212e-02,-3.1763e-02,-5.3825e-02,-7.5808e-02,-9.7021e-02,-1.1671e-01,-1.3411e-01,-1.4845e-01,-1.5909e-01,-1.6547e-01,-1.6722e-01,-1.6419e-01,-1.5644e-01,-1.4428e-01,-1.2821e-01,-1.0894e-01,-8.7290e-02,-6.4184e-02,-4.0543e-02,-1.7247e-02,4.9214e-03,2.5320e-02,4.3469e-02,5.9055e-02,7.1920e-02,8.2030e-02,8.9445e-02,9.4289e-02,9.6721e-02,9.6922e-02,9.5083e-02,9.1405e-02,8.6094e-02,7.9362e-02,7.1422e-02,6.2490e-02,5.2777e-02,4.2495e-02,3.1851e-02,2.1051e-02,1.0305e-02,-1.8269e-04,-1.0206e-02,-1.9568e-02,-2.8079e-02,-3.5564e-02,-4.1869e-02,-4.6863e-02,-5.0441e-02,-5.2530e-02,-5.3083e-02,-5.2090e-02,-4.9567e-02,-4.5562e-02,-4.0149e-02,-3.3427e-02,-2.5517e-02,-1.6556e-02,-6.6994e-03,3.8873e-03,1.5024e-02,2.6519e-02,3.8167e-02,4.9747e-02,6.1027e-02,7.1762e-02,8.1704e-02,9.0614e-02,9.8273e-02,1.0450e-01,1.0914e-01,1.1211e-01,1.1331e-01,1.1261e-01,1.0979e-01,1.0457e-01,9.6677e-02,8.6094e-02,7.3249e-02,5.9016e-02,4.4432e-02,3.0305e-02,1.6988e-02
1.4428e-01,1.4482e-01,1.4463e-01,1.4366e-01,1.4185e-01,1.3912e-01,1.3540e-01,1.3061e-01,1.2463e-01,1.1735e-01,1.0865e-01,9.8413e-02,8.6514e-02,7.2857e-02,5.7385e-02,4.0101e-02,2.1090e-02,5.4239e-04,-2.1231e-02,-4.3795e-02,-6.6591e-02,-8.8954e-02,-1.1014e-01,-1.2936e-01,-1.4583e-01,-1.5881e-01,-1.6768e-01,-1.7195e-01,-1.7134e-01,-1.6581e-01,-1.5554e-01,-1.4096e-01,-1.2272e-01,-1.0164e-01,-7.8611e-02,-5.4606e-02,-3.0552e-02,-7.2958e-03,1.4447e-02,3.4125e-02,5.1353e-02,6.5912e-02,7.7721e-02,8.6807e-02,9.3269e-02,9.7254e-02,9.8931e-02,9.8483e-02,9.6098e-02,9.1970e-02,8.6296e-02,7.9276e-02,7.1113e-02,6.2012e-02,5.2174e-02,4.1800e-02,3.1093e-02,2.0254e-02,9.4874e-03,-1.0010e-03,-1.1008e-02,-2.0334e-02,-2.8789e-02,-3.6197e-02,-4.2402e-02,-4.7271e-02,-5.0697e-02,-5.2604e-02,-5.2949e-02,-5.1719e-02,-4.8936e-02,-4.4651e-02,-3.8948e-02,-3.1933e-02,-2.3737e-02,-1.4510e-02,-4.4168e-03,6.3655e-03,1.7649e-02,2.9235e-02,4.0915e-02,5.2471e-02,6.3673e-02,7.4287e-02,8.4077e-02,9.2817e-02,1.0030e-01,1.0637e-01,1.1087e-01,1.1373e-01,1.1483e-01,1.1404e-01,1.1114e-01,1.0579e-01,9.7699e-02,8.6799e-02,7.3476e-02,5.8576e-02,4.3132e-02,2.7977e-02
