1.5207e-02,-2.8743e-03,-8.5056e-03,-4.3103e-03,1.8818e-03,1.8177e-03,-4.8827e-03,-1.1927e-02,-1.4868e-02,-1.3606e-02,-9.9194e-03,-5.6029e-03,-1.9025e-03,5.7101e-04,1.7453e-03,1.8739e-03,1.3282e-03,4.6025e-04,-4.5995e-04,-1.2570e-03,-1.8419e-03,-2.1903e-03,-2.3225e-03,-2.2829e-03,-2.1254e-03,-1.8998e-03,-1.6489e-03,-1.4038e-03,-1.1827e-03,-9.9470e-04,-8.4038e-04,-7.1603e-04,-6.1414e-04,-5.2688e-04,-4.4729e-04,-3.6953e-04,-2.8925e-04,-2.0473e-04,-1.1614e-04,-2.4021e-05,6.8724e-05,1.5962e-04,2.4557e-04,3.2286e-04,3.9008e-04,4.4470e-04,4.8514e-04,5.1162e-04,5.2391e-04,5.2299e-04,5.1042e-04,4.8821e-04,4.5843e-04,4.2339e-04,3.8515e-04,3.4656e-04,3.0896e-04,2.7393e-04,2.4213e-04,2.1504e-04,1.9212e-04,1.7343e-04,1.5767e-04,1.4429e-04,1.3171e-04,1.1809e-04,1.0173e-04,8.1196e-05,5.4479e-05,2.1413e-05,-2.0489e-05,-7.0527e-05,-1.2888e-04,-1.9528e-04,-2.6836e-04,-3.4685e-04,-4.2737e-04,-5.0713e-04,-5.8205e-04,-6.4881e-04,-7.0137e-04,-7.3515e-04,-7.4401e-04,-7.2221e-04,-6.6343e-04,-5.6098e-04,-4.0869e-04,-1.9975e-04,7.1421e-05,4.1175e-04,8.2687e-04,1.3229e-03,1.9045e-03,2.5773e-03,3.3454e-03,4.2137e-03,5.1856e-03,6.2648e-03,7.4539e-03,8.7561e-03
2.8421e-03,-2.4974e-02,-4.1561e-02,-4.5531e-02,-3.9536e-02,-3.1599e-02,-3.0201e-02,-3.5702e-02,-4.1667e-02,-4.3656e-02,-4.1650e-02,-3.7417e-02,-3.2662e-02,-2.8524e-02,-2.5541e-02,-2.3758e-02,-2.2934e-02,-2.2724e-02,-2.2806e-02,-2.2933e-02,-2.2946e-02,-2.2765e-02,-2.2370e-02,-2.1785e-02,-2.1055e-02,-2.0232e-02,-1.9368e-02,-1.8503e-02,-1.7669e-02,-1.6882e-02,-1.6151e-02,-1.5474e-02,-1.4847e-02,-1.4261e-02,-1.3707e-02,-1.3176e-02,-1.2661e-02,-1.2157e-02,-1.1662e-02,-1.1174e-02,-1.0695e-02,-1.0227e-02,-9.7703e-03,-9.3300e-03,-8.9075e-03,-8.5062e-03,-8.1271e-03,-7.7717e-03,-7.4403e-03,-7.1322e-03,-6.8458e-03,-6.5803e-03,-6.3324e-03,-6.1003e-03,-5.8804e-03,-5.6708e-03,-5.4686e-03,-5.2714e-03,-5.0773e-03,-4.8853e-03,-4.6937e-03,-4.5029e-03,-4.3128e-03,-4.1236e-03,-3.9373e-03,-3.7542e-03,-3.5769e-03,-3.4065e-03,-3.2448e-03,-3.0935e-03,-2.9544e-03,-2.8282e-03,-2.7159e-03,-2.6170e-03,-2.5314e-03,-2.4583e-03,-2.3957e-03,-2.3411e-03,-2.2909e-03,-2.2420e-03,-2.1895e-03,-2.1287e-03,-2.0535e-03,-1.9594e-03,-1.8381e-03,-1.6850e-03,-1.4923e-03,-1.2542e-03,-9.6287e-04,-6.1272e-04,-1.9659e-04,2.9100e-04,8.5658e-04,1.5056e-03,2.2425e-03,3.0736e-03,4.0022e-03,5.0326e-03,6.1683e-03,7.4126e-03
-2.9330e-03,-3.7860e-02,-6.4348e-02,-7.9506e-02,-8.1901e-02,-7.4209e-02,-6.4632e-02,-6.1856e-02,-6.6205e-02,-7.1104e-02,-7.2134e-02,-6.9356e-02,-6.4538e-02,-5.9299e-02,-5.4678e-02,-5.1145e-02,-4.8727e-02,-4.7191e-02,-4.6222e-02,-4.5522e-02,-4.4868e-02,-4.4113e-02,-4.3184e-02,-4.2066e-02,-4.0783e-02,-3.9380e-02,-3.7909e-02,-3.6422e-02,-3.4958e-02,-3.3548e-02,-3.2207e-02,-3.0943e-02,-2.9754e-02,-2.8634e-02,-2.7571e-02,-2.6557e-02,-2.5581e-02,-2.4636e-02,-2.3714e-02,-2.2813e-02,-2.1932e-02,-2.1069e-02,-2.0228e-02,-1.9410e-02,-1.8618e-02,-1.7853e-02,-1.7120e-02,-1.6418e-02,-1.5751e-02,-1.5116e-02,-1.4514e-02,-1.3943e-02,-1.3401e-02,-1.2885e-02,-1.2393e-02,-1.1920e-02,-1.1465e-02,-1.1024e-02,-1.0595e-02,-1.0174e-02,-9.7614e-03,-9.3548e-03,-8.9536e-03,-8.5573e-03,-8.1676e-03,-7.7849e-03,-7.4100e-03,-7.0452e-03,-6.6918e-03,-6.3519e-03,-6.0275e-03,-5.7205e-03,-5.4303e-03,-5.1595e-03,-4.9074e-03,-4.6747e-03,-4.4595e-03,-4.2600e-03,-4.0747e-03,-3.8992e-03,-3.7301e-03,-3.5631e-03,-3.3924e-03,-3.2132e-03,-3.0192e-03,-2.8034e-03,-2.5595e-03,-2.2810e-03,-1.9601e-03,-1.5903e-03,-1.1648e-03,-6.7674e-04,-1.1997e-04,5.1209e-04,1.2251e-03,2.0244e-03,2.9144e-03,3.9007e-03,4.9863e-03,6.1763e-03
-4.6456e-03,-4.4018e-02,-7.7708e-02,-1.0291e-01,-1.1670e-01,-1.1760e-01,-1.0830e-01,-9.7180e-02,-9.3104e-02,-9.6343e-02,-1.0019e-01,-1.0025e-01,-9.6677e-02,-9.1241e-02,-8.5477e-02,-8.0334e-02,-7.6220e-02,-7.3144e-02,-7.0886e-02,-6.9155e-02,-6.7682e-02,-6.6259e-02,-6.4752e-02,-6.3095e-02,-6.1272e-02,-5.9309e-02,-5.7250e-02,-5.5148e-02,-5.3053e-02,-5.1003e-02,-4.9029e-02,-4.7147e-02,-4.5361e-02,-4.3669e-02,-4.2064e-02,-4.0533e-02,-3.9067e-02,-3.7653e-02,-3.6283e-02,-3.4949e-02,-3.3648e-02,-3.2377e-02,-3.1137e-02,-2.9927e-02,-2.8750e-02,-2.7609e-02,-2.6507e-02,-2.5444e-02,-2.4423e-02,-2.3445e-02,-2.2509e-02,-2.1616e-02,-2.0762e-02,-1.9945e-02,-1.9164e-02,-1.8414e-02,-1.7692e-02,-1.6994e-02,-1.6317e-02,-1.5659e-02,-1.5015e-02,-1.4384e-02,-1.3765e-02,-1.3157e-02,-1.2559e-02,-1.1973e-02,-1.1397e-02,-1.0834e-02,-1.0286e-02,-9.7539e-03,-9.2406e-03,-8.7474e-03,-8.2754e-03,-7.8266e-03,-7.4016e-03,-7.0016e-03,-6.6251e-03,-6.2722e-03,-5.9411e-03,-5.6285e-03,-5.3319e-03,-5.0471e-03,-4.7699e-03,-4.4942e-03,-4.2145e-03,-3.9251e-03,-3.6185e-03,-3.2886e-03,-2.9271e-03,-2.5278e-03,-2.0833e-03,-1.5857e-03,-1.0293e-03,-4.0631e-04,2.8856e-04,1.0620e-03,1.9196e-03,2.8670e-03,3.9078e-03,5.0465e-03
-4.2682e-03,-4.6040e-02,-8.4225e-02,-1.1670e-01,-1.4065e-01,-1.5313e-01,-1.5261e-01,-1.4179e-01,-1.2921e-01,-1.2390e-01,-1.2607e-01,-1.2887e-01,-1.2796e-01,-1.2357e-01,-1.1749e-01,-1.1117e-01,-1.0547e-01,-1.0075e-01,-9.6996e-02,-9.4009e-02,-9.1519e-02,-8.9280e-02,-8.7101e-02,-8.4859e-02,-8.2489e-02,-7.9980e-02,-7.7355e-02,-7.4657e-02,-7.1940e-02,-6.9250e-02,-6.6629e-02,-6.4104e-02,-6.1690e-02,-5.9393e-02,-5.7208e-02,-5.5127e-02,-5.3137e-02,-5.1226e-02,-4.9381e-02,-4.7593e-02,-4.5854e-02,-4.4158e-02,-4.2503e-02,-4.0888e-02,-3.9314e-02,-3.7784e-02,-3.6297e-02,-3.4860e-02,-3.3471e-02,-3.2134e-02,-3.0848e-02,-2.9614e-02,-2.8432e-02,-2.7298e-02,-2.6210e-02,-2.5166e-02,-2.4161e-02,-2.3191e-02,-2.2254e-02,-2.1345e-02,-2.0459e-02,-1.9596e-02,-1.8751e-02,-1.7924e-02,-1.7113e-02,-1.6317e-02,-1.5536e-02,-1.4772e-02,-1.4027e-02,-1.3299e-02,-1.2593e-02,-1.1910e-02,-1.1252e-02,-1.0620e-02,-1.0017e-02,-9.4427e-03,-8.8985e-03,-8.3836e-03,-7.8974e-03,-7.4386e-03,-7.0038e-03,-6.5906e-03,-6.1944e-03,-5.8111e-03,-5.4344e-03,-5.0593e-03,-4.6782e-03,-4.2855e-03,-3.8721e-03,-3.4328e-03,-2.9585e-03,-2.4423e-03,-1.8772e-03,-1.2555e-03,-5.7013e-04,1.8489e-04,1.0161e-03,1.9295e-03,2.9299e-03,4.0225e-03
-3.0923e-03,-4.5935e-02,-8.6549e-02,-1.2355e-01,-1.5483e-01,-1.7758e-01,-1.8879e-01,-1.8691e-01,-1.7466e-01,-1.6070e-01,-1.5422e-01,-1.5534e-01,-1.5711e-01,-1.5521e-01,-1.5000e-01,-1.4324e-01,-1.3634e-01,-1.3006e-01,-1.2471e-01,-1.2027e-01,-1.1655e-01,-1.1330e-01,-1.1031e-01,-1.0739e-01,-1.0443e-01,-1.0136e-01,-9.8185e-02,-9.4914e-02,-9.1594e-02,-8.8276e-02,-8.5007e-02,-8.1827e-02,-7.8762e-02,-7.5829e-02,-7.3030e-02,-7.0362e-02,-6.7813e-02,-6.5372e-02,-6.3024e-02,-6.0755e-02,-5.8556e-02,-5.6417e-02,-5.4332e-02,-5.2299e-02,-5.0316e-02,-4.8382e-02,-4.6502e-02,-4.4675e-02,-4.2905e-02,-4.1195e-02,-3.9544e-02,-3.7955e-02,-3.6426e-02,-3.4957e-02,-3.3546e-02,-3.2190e-02,-3.0886e-02,-2.9629e-02,-2.8416e-02,-2.7242e-02,-2.6103e-02,-2.4996e-02,-2.3916e-02,-2.2861e-02,-2.1829e-02,-2.0818e-02,-1.9828e-02,-1.8859e-02,-1.7911e-02,-1.6985e-02,-1.6084e-02,-1.5208e-02,-1.4359e-02,-1.3541e-02,-1.2755e-02,-1.2002e-02,-1.1283e-02,-1.0599e-02,-9.9503e-03,-9.3351e-03,-8.7531e-03,-8.2013e-03,-7.6759e-03,-7.1728e-03,-6.6877e-03,-6.2145e-03,-5.7474e-03,-5.2796e-03,-4.8034e-03,-4.3123e-03,-3.7979e-03,-3.2528e-03,-2.6688e-03,-2.0392e-03,-1.3558e-03,-6.1184e-04,1.9996e-04,1.0860e-03,2.0516e-03,3.1029e-03
-1.8442e-03,-4.5012e-02,-8.6717e-02,-1.2617e-01,-1.6200e-01,-1.9211e-01,-2.1368e-01,-2.2368e-01,-2.2050e-01,-2.0688e-01,-1.9161e-01,-1.8402e-01,-1.8413e-01,-1.8486e-01,-1.8198e-01,-1.7592e-01,-1.6847e-01,-1.6096e-01,-1.5409e-01,-1.4809e-01,-1.4296e-01,-1.3850e-01,-1.3451e-01,-1.3077e-01,-1.2712e-01,-1.2345e-01,-1.1971e-01,-1.1588e-01,-1.1198e-01,-1.0805e-01,-1.0415e-01,-1.0031e-01,-9.6587e-02,-9.2996e-02,-8.9553e-02,-8.6263e-02,-8.3120e-02,-8.0113e-02,-7.7229e-02,-7.4451e-02,-7.1767e-02,-6.9163e-02,-6.6631e-02,-6.4164e-02,-6.1758e-02,-5.9411e-02,-5.7123e-02,-5.4897e-02,-5.2735e-02,-5.0638e-02,-4.8609e-02,-4.6649e-02,-4.4759e-02,-4.2939e-02,-4.1188e-02,-3.9503e-02,-3.7882e-02,-3.6321e-02,-3.4816e-02,-3.3362e-02,-3.1955e-02,-3.0591e-02,-2.9264e-02,-2.7972e-02,-2.6711e-02,-2.5478e-02,-2.4273e-02,-2.3093e-02,-2.1940e-02,-2.0812e-02,-1.9711e-02,-1.8639e-02,-1.7598e-02,-1.6590e-02,-1.5616e-02,-1.4679e-02,-1.3781e-02,-1.2922e-02,-1.2104e-02,-1.1326e-02,-1.0587e-02,-9.8867e-03,-9.2214e-03,-8.5886e-03,-7.9830e-03,-7.4007e-03,-6.8355e-03,-6.2803e-03,-5.7300e-03,-5.1754e-03,-4.6092e-03,-4.0242e-03,-3.4118e-03,-2.7640e-03,-2.0732e-03,-1.3315e-03,-5.3169e-04,3.3394e-04,1.2711e-03,2.2862e-03
-8.6175e-04,-4.4009e-02,-8.6054e-02,-1.2661e-01,-1.6490e-01,-1.9957e-01,-2.2853e-01,-2.4896e-01,-2.5779e-01,-2.5336e-01,-2.3843e-01,-2.2192e-01,-2.1326e-01,-2.1238e-01,-2.1209e-01,-2.0822e-01,-2.0131e-01,-1.9316e-01,-1.8503e-01,-1.7753e-01,-1.7088e-01,-1.6505e-01,-1.5986e-01,-1.5512e-01,-1.5065e-01,-1.4628e-01,-1.4193e-01,-1.3753e-01,-1.3306e-01,-1.2855e-01,-1.2403e-01,-1.1955e-01,-1.1516e-01,-1.1090e-01,-1.0680e-01,-1.0285e-01,-9.9083e-02,-9.5475e-02,-9.2019e-02,-8.8700e-02,-8.5501e-02,-8.2407e-02,-7.9406e-02,-7.6487e-02,-7.3644e-02,-7.0871e-02,-6.8166e-02,-6.5530e-02,-6.2965e-02,-6.0470e-02,-5.8051e-02,-5.5708e-02,-5.3442e-02,-5.1256e-02,-4.9149e-02,-4.7119e-02,-4.5164e-02,-4.3281e-02,-4.1468e-02,-3.9718e-02,-3.8028e-02,-3.6392e-02,-3.4805e-02,-3.3263e-02,-3.1763e-02,-3.0300e-02,-2.8871e-02,-2.7475e-02,-2.6110e-02,-2.4776e-02,-2.3474e-02,-2.2204e-02,-2.0966e-02,-1.9765e-02,-1.8601e-02,-1.7477e-02,-1.6395e-02,-1.5356e-02,-1.4362e-02,-1.3414e-02,-1.2512e-02,-1.1654e-02,-1.0839e-02,-1.0066e-02,-9.3296e-03,-8.6263e-03,-7.9510e-03,-7.2974e-03,-6.6597e-03,-6.0300e-03,-5.4011e-03,-4.7644e-03,-4.1124e-03,-3.4367e-03,-2.7284e-03,-1.9797e-03,-1.1832e-03,-3.3069e-04,5.8468e-04,1.5704e-03
-2.4967e-04,-4.3276e-02,-8.5308e-02,-1.2621e-01,-1.6561e-01,-2.0274e-01,-2.3627e-01,-2.6411e-01,-2.8342e-01,-2.9111e-01,-2.8548e-01,-2.6929e-01,-2.5160e-01,-2.4193e-01,-2.4008e-01,-2.3878e-01,-2.3392e-01,-2.2615e-01,-2.1728e-01,-2.0851e-01,-2.0038e-01,-1.9307e-01,-1.8653e-01,-1.8062e-01,-1.7514e-01,-1.6995e-01,-1.6488e-01,-1.5986e-01,-1.5481e-01,-1.4972e-01,-1.4461e-01,-1.3951e-01,-1.3448e-01,-1.2955e-01,-1.2477e-01,-1.2016e-01,-1.1573e-01,-1.1148e-01,-1.0742e-01,-1.0352e-01,-9.9776e-02,-9.6163e-02,-9.2668e-02,-8.9277e-02,-8.5978e-02,-8.2765e-02,-7.9631e-02,-7.6575e-02,-7.3596e-02,-7.0696e-02,-6.7875e-02,-6.5138e-02,-6.2486e-02,-5.9920e-02,-5.7442e-02,-5.5051e-02,-5.2746e-02,-5.0525e-02,-4.8386e-02,-4.6323e-02,-4.4333e-02,-4.2410e-02,-4.0549e-02,-3.8744e-02,-3.6992e-02,-3.5288e-02,-3.3627e-02,-3.2007e-02,-3.0425e-02,-2.8880e-02,-2.7370e-02,-2.5898e-02,-2.4462e-02,-2.3065e-02,-2.1708e-02,-2.0394e-02,-1.9124e-02,-1.7901e-02,-1.6727e-02,-1.5603e-02,-1.4530e-02,-1.3507e-02,-1.2535e-02,-1.1612e-02,-1.0735e-02,-9.8999e-03,-9.1034e-03,-8.3394e-03,-7.6030e-03,-6.8856e-03,-6.1812e-03,-5.4818e-03,-4.7784e-03,-4.0633e-03,-3.3271e-03,-2.5623e-03,-1.7602e-03,-9.1170e-04,-1.0043e-05,9.5274e-04
9.0450e-06,-4.2922e-02,-8.4833e-02,-1.2573e-01,-1.6548e-01,-2.0372e-01,-2.3970e-01,-2.7210e-01,-2.9883e-01,-3.1705e-01,-3.2364e-01,-3.1685e-01,-2.9945e-01,-2.8064e-01,-2.6998e-01,-2.6719e-01,-2.6488e-01,-2.5903e-01,-2.5040e-01,-2.4080e-01,-2.3138e-01,-2.2262e-01,-2.1465e-01,-2.0741e-01,-2.0077e-01,-1.9457e-01,-1.8866e-01,-1.8291e-01,-1.7723e-01,-1.7155e-01,-1.6586e-01,-1.6016e-01,-1.5450e-01,-1.4893e-01,-1.4347e-01,-1.3818e-01,-1.3307e-01,-1.2816e-01,-1.2346e-01,-1.1895e-01,-1.1462e-01,-1.1045e-01,-1.0643e-01,-1.0254e-01,-9.8769e-02,-9.5098e-02,-9.1521e-02,-8.8033e-02,-8.4632e-02,-8.1316e-02,-7.8086e-02,-7.4945e-02,-7.1895e-02,-6.8938e-02,-6.6077e-02,-6.3311e-02,-6.0641e-02,-5.8066e-02,-5.5584e-02,-5.3192e-02,-5.0884e-02,-4.8658e-02,-4.6506e-02,-4.4424e-02,-4.2407e-02,-4.0449e-02,-3.8545e-02,-3.6691e-02,-3.4884e-02,-3.3121e-02,-3.1400e-02,-2.9721e-02,-2.8083e-02,-2.6487e-02,-2.4935e-02,-2.3428e-02,-2.1968e-02,-2.0558e-02,-1.9200e-02,-1.7895e-02,-1.6646e-02,-1.5453e-02,-1.4316e-02,-1.3234e-02,-1.2206e-02,-1.1230e-02,-1.0301e-02,-9.4153e-03,-8.5676e-03,-7.7514e-03,-6.9595e-03,-6.1841e-03,-5.4180e-03,-4.6522e-03,-3.8776e-03,-3.0855e-03,-2.2672e-03,-1.4145e-03,-5.1798e-04,4.2973e-04
-1.5214e-05,-4.2937e-02,-8.4746e-02,-1.2551e-01,-1.6526e-01,-2.0385e-01,-2.4094e-01,-2.7578e-01,-3.0706e-01,-3.3270e-01,-3.4985e-01,-3.5536e-01,-3.4744e-01,-3.2889e-01,-3.0900e-01,-2.9741e-01,-2.9370e-01,-2.9038e-01,-2.8355e-01,-2.7405e-01,-2.6372e-01,-2.5365e-01,-2.4425e-01,-2.3561e-01,-2.2767e-01,-2.2031e-01,-2.1340e-01,-2.0679e-01,-2.0037e-01,-1.9404e-01,-1.8775e-01,-1.8147e-01,-1.7520e-01,-1.6900e-01,-1.6289e-01,-1.5691e-01,-1.5112e-01,-1.4553e-01,-1.4016e-01,-1.3500e-01,-1.3005e-01,-1.2529e-01,-1.2072e-01,-1.1630e-01,-1.1203e-01,-1.0788e-01,-1.0384e-01,-9.9906e-02,-9.6071e-02,-9.2330e-02,-8.8682e-02,-8.5130e-02,-8.1674e-02,-7.8317e-02,-7.5061e-02,-7.1908e-02,-6.8860e-02,-6.5916e-02,-6.3076e-02,-6.0337e-02,-5.7696e-02,-5.5149e-02,-5.2690e-02,-5.0315e-02,-4.8018e-02,-4.5792e-02,-4.3632e-02,-4.1534e-02,-3.9492e-02,-3.7503e-02,-3.5564e-02,-3.3673e-02,-3.1828e-02,-3.0030e-02,-2.8279e-02,-2.6577e-02,-2.4925e-02,-2.3325e-02,-2.1779e-02,-2.0291e-02,-1.8861e-02,-1.7491e-02,-1.6183e-02,-1.4936e-02,-1.3750e-02,-1.2622e-02,-1.1551e-02,-1.0533e-02,-9.5635e-03,-8.6360e-03,-7.7445e-03,-6.8818e-03,-6.0401e-03,-5.2112e-03,-4.3861e-03,-3.5561e-03,-2.7113e-03,-1.8435e-03,-9.4321e-04,-1.8477e-06
-2.3913e-04,-4.3252e-02,-8.5039e-02,-1.2570e-01,-1.6531e-01,-2.0389e-01,-2.4133e-01,-2.7727e-01,-3.1098e-01,-3.4115e-01,-3.6571e-01,-3.8181e-01,-3.8627e-01,-3.7726e-01,-3.5760e-01,-3.3668e-01,-3.2419e-01,-3.1956e-01,-3.1526e-01,-3.0744e-01,-2.9708e-01,-2.8602e-01,-2.7529e-01,-2.6524e-01,-2.5594e-01,-2.4730e-01,-2.3924e-01,-2.3162e-01,-2.2433e-01,-2.1726e-01,-2.1030e-01,-2.0341e-01,-1.9655e-01,-1.8973e-01,-1.8299e-01,-1.7635e-01,-1.6988e-01,-1.6360e-01,-1.5754e-01,-1.5170e-01,-1.4610e-01,-1.4072e-01,-1.3555e-01,-1.3057e-01,-1.2577e-01,-1.2111e-01,-1.1659e-01,-1.1220e-01,-1.0792e-01,-1.0374e-01,-9.9665e-02,-9.5692e-02,-9.1823e-02,-8.8057e-02,-8.4399e-02,-8.0850e-02,-7.7412e-02,-7.4086e-02,-7.0874e-02,-6.7773e-02,-6.4782e-02,-6.1897e-02,-5.9115e-02,-5.6430e-02,-5.3836e-02,-5.1327e-02,-4.8898e-02,-4.6542e-02,-4.4254e-02,-4.2029e-02,-3.9863e-02,-3.7753e-02,-3.5696e-02,-3.3692e-02,-3.1739e-02,-2.9839e-02,-2.7992e-02,-2.6200e-02,-2.4464e-02,-2.2789e-02,-2.1175e-02,-1.9626e-02,-1.8141e-02,-1.6722e-02,-1.5370e-02,-1.4084e-02,-1.2862e-02,-1.1701e-02,-1.0598e-02,-9.5484e-03,-8.5452e-03,-7.5830e-03,-6.6539e-03,-5.7495e-03,-4.8620e-03,-3.9816e-03,-3.0994e-03,-2.2058e-03,-1.2917e-03,-3.4727e-04
-5.8399e-04,-4.3786e-02,-8.5647e-02,-1.2627e-01,-1.6576e-01,-2.0421e-01,-2.4163e-01,-2.7792e-01,-3.1272e-01,-3.4530e-01,-3.7437e-01,-3.9787e-01,-4.1294e-01,-4.1636e-01,-4.0630e-01,-3.8556e-01,-3.6366e-01,-3.5030e-01,-3.4478e-01,-3.3950e-01,-3.3070e-01,-3.1947e-01,-3.0768e-01,-2.9629e-01,-2.8561e-01,-2.7564e-01,-2.6632e-01,-2.5756e-01,-2.4925e-01,-2.4128e-01,-2.3356e-01,-2.2600e-01,-2.1851e-01,-2.1109e-01,-2.0373e-01,-1.9647e-01,-1.8933e-01,-1.8236e-01,-1.7561e-01,-1.6908e-01,-1.6280e-01,-1.5676e-01,-1.5096e-01,-1.4538e-01,-1.4001e-01,-1.3482e-01,-1.2980e-01,-1.2492e-01,-1.2017e-01,-1.1554e-01,-1.1103e-01,-1.0663e-01,-1.0234e-01,-9.8161e-02,-9.4092e-02,-9.0138e-02,-8.6301e-02,-8.2583e-02,-7.8986e-02,-7.5510e-02,-7.2154e-02,-6.8916e-02,-6.5793e-02,-6.2781e-02,-5.9874e-02,-5.7066e-02,-5.4351e-02,-5.1724e-02,-4.9177e-02,-4.6704e-02,-4.4302e-02,-4.1964e-02,-3.9689e-02,-3.7472e-02,-3.5313e-02,-3.3211e-02,-3.1166e-02,-2.9180e-02,-2.7253e-02,-2.5389e-02,-2.3589e-02,-2.1855e-02,-2.0190e-02,-1.8595e-02,-1.7071e-02,-1.5619e-02,-1.4238e-02,-1.2925e-02,-1.1680e-02,-1.0496e-02,-9.3703e-03,-8.2967e-03,-7.2674e-03,-6.2761e-03,-5.3130e-03,-4.3705e-03,-3.4384e-03,-2.5079e-03,-1.5689e-03,-6.1169e-04
-9.8495e-04,-4.4459e-02,-8.6489e-02,-1.2717e-01,-1.6661e-01,-2.0493e-01,-2.4221e-01,-2.7848e-01,-3.1362e-01,-3.4728e-01,-3.7874e-01,-4.0671e-01,-4.2916e-01,-4.4322e-01,-4.4563e-01,-4.3453e-01,-4.1277e-01,-3.8992e-01,-3.7572e-01,-3.6933e-01,-3.6307e-01,-3.5331e-01,-3.4122e-01,-3.2869e-01,-3.1665e-01,-3.0533e-01,-2.9471e-01,-2.8471e-01,-2.7526e-01,-2.6627e-01,-2.5765e-01,-2.4930e-01,-2.4113e-01,-2.3308e-01,-2.2511e-01,-2.1722e-01,-2.0944e-01,-2.0181e-01,-1.9436e-01,-1.8714e-01,-1.8016e-01,-1.7344e-01,-1.6697e-01,-1.6076e-01,-1.5479e-01,-1.4903e-01,-1.4346e-01,-1.3807e-01,-1.3284e-01,-1.2775e-01,-1.2279e-01,-1.1795e-01,-1.1323e-01,-1.0862e-01,-1.0414e-01,-9.9774e-02,-9.5531e-02,-9.1412e-02,-8.7420e-02,-8.3557e-02,-7.9823e-02,-7.6217e-02,-7.2738e-02,-6.9382e-02,-6.6145e-02,-6.3021e-02,-6.0005e-02,-5.7090e-02,-5.4269e-02,-5.1536e-02,-4.8885e-02,-4.6310e-02,-4.3807e-02,-4.1371e-02,-3.9000e-02,-3.6692e-02,-3.4446e-02,-3.2262e-02,-3.0142e-02,-2.8086e-02,-2.6098e-02,-2.4178e-02,-2.2330e-02,-2.0554e-02,-1.8855e-02,-1.7231e-02,-1.5684e-02,-1.4212e-02,-1.2815e-02,-1.1488e-02,-1.0229e-02,-9.0317e-03,-7.8911e-03,-6.7994e-03,-5.7492e-03,-4.7318e-03,-3.7377e-03,-2.7580e-03,-1.7823e-03,-8.0130e-04
-1.3915e-03,-4.5207e-02,-8.7487e-02,-1.2831e-01,-1.6779e-01,-2.0604e-01,-2.4318e-01,-2.7931e-01,-3.1442e-01,-3.4841e-01,-3.8094e-01,-4.1129e-01,-4.3818e-01,-4.5960e-01,-4.7265e-01,-4.7408e-01,-4.6197e-01,-4.3921e-01,-4.1546e-01,-4.0044e-01,-3.9320e-01,-3.8598e-01,-3.7526e-01,-3.6232e-01,-3.4906e-01,-3.3636e-01,-3.2441e-01,-3.1313e-01,-3.0247e-01,-2.9234e-01,-2.8269e-01,-2.7342e-01,-2.6446e-01,-2.5570e-01,-2.4709e-01,-2.3858e-01,-2.3018e-01,-2.2190e-01,-2.1379e-01,-2.0587e-01,-1.9819e-01,-1.9077e-01,-1.8362e-01,-1.7674e-01,-1.7012e-01,-1.6376e-01,-1.5762e-01,-1.5169e-01,-1.4594e-01,-1.4036e-01,-1.3493e-01,-1.2964e-01,-1.2448e-01,-1.1945e-01,-1.1454e-01,-1.0976e-01,-1.0510e-01,-1.0057e-01,-9.6179e-02,-9.1920e-02,-8.7796e-02,-8.3810e-02,-7.9961e-02,-7.6246e-02,-7.2663e-02,-6.9206e-02,-6.5872e-02,-6.2653e-02,-5.9542e-02,-5.6534e-02,-5.3621e-02,-5.0796e-02,-4.8055e-02,-4.5391e-02,-4.2801e-02,-4.0281e-02,-3.7829e-02,-3.5445e-02,-3.3128e-02,-3.0879e-02,-2.8700e-02,-2.6593e-02,-2.4559e-02,-2.2601e-02,-2.0722e-02,-1.8922e-02,-1.7203e-02,-1.5565e-02,-1.4008e-02,-1.2530e-02,-1.1127e-02,-9.7962e-03,-8.5326e-03,-7.3290e-03,-6.1786e-03,-5.0741e-03,-4.0056e-03,-2.9644e-03,-1.9403e-03,-9.2338e-04
-1.7678e-03,-4.5976e-02,-8.8573e-02,-1.2962e-01,-1.6923e-01,-2.0750e-01,-2.4456e-01,-2.8053e-01,-3.1549e-01,-3.4946e-01,-3.8231e-01,-4.1371e-01,-4.4295e-01,-4.6878e-01,-4.8917e-01,-5.0123e-01,-5.0169e-01,-4.8861e-01,-4.6488e-01,-4.4025e-01,-4.2445e-01,-4.1637e-01,-4.0821e-01,-3.9654e-01,-3.8275e-01,-3.6876e-01,-3.5542e-01,-3.4284e-01,-3.3093e-01,-3.1961e-01,-3.0882e-01,-2.9851e-01,-2.8861e-01,-2.7904e-01,-2.6971e-01,-2.6055e-01,-2.5152e-01,-2.4262e-01,-2.3386e-01,-2.2527e-01,-2.1689e-01,-2.0877e-01,-2.0091e-01,-1.9334e-01,-1.8605e-01,-1.7904e-01,-1.7229e-01,-1.6578e-01,-1.5949e-01,-1.5339e-01,-1.4747e-01,-1.4171e-01,-1.3610e-01,-1.3063e-01,-1.2529e-01,-1.2008e-01,-1.1501e-01,-1.1007e-01,-1.0527e-01,-1.0060e-01,-9.6081e-02,-9.1704e-02,-8.7471e-02,-8.3384e-02,-7.9439e-02,-7.5634e-02,-7.1965e-02,-6.8425e-02,-6.5008e-02,-6.1708e-02,-5.8518e-02,-5.5430e-02,-5.2438e-02,-4.9536e-02,-4.6717e-02,-4.3978e-02,-4.1315e-02,-3.8726e-02,-3.6209e-02,-3.3764e-02,-3.1393e-02,-2.9096e-02,-2.6875e-02,-2.4732e-02,-2.2670e-02,-2.0691e-02,-1.8796e-02,-1.6987e-02,-1.5264e-02,-1.3627e-02,-1.2072e-02,-1.0598e-02,-9.1998e-03,-7.8732e-03,-6.6114e-03,-5.4069e-03,-4.2511e-03,-3.1356e-03,-2.0505e-03,-9.8598e-04
-2.0892e-03,-4.6728e-02,-8.9694e-02,-1.3104e-01,-1.7084e-01,-2.0921e-01,-2.4627e-01,-2.8215e-01,-3.1695e-01,-3.5076e-01,-3.8359e-01,-4.1530e-01,-4.4558e-01,-4.7373e-01,-4.9850e-01,-5.1787e-01,-5.2896e-01,-5.2847e-01,-5.1443e-01,-4.8977e-01,-4.6431e-01,-4.4775e-01,-4.3884e-01,-4.2974e-01,-4.1714e-01,-4.0251e-01,-3.8781e-01,-3.7382e-01,-3.6062e-01,-3.4808e-01,-3.3611e-01,-3.2467e-01,-3.1372e-01,-3.0321e-01,-2.9305e-01,-2.8316e-01,-2.7346e-01,-2.6393e-01,-2.5453e-01,-2.4529e-01,-2.3625e-01,-2.2742e-01,-2.1886e-01,-2.1058e-01,-2.0260e-01,-1.9491e-01,-1.8751e-01,-1.8039e-01,-1.7351e-01,-1.6687e-01,-1.6043e-01,-1.5418e-01,-1.4810e-01,-1.4217e-01,-1.3639e-01,-1.3075e-01,-1.2526e-01,-1.1990e-01,-1.1468e-01,-1.0961e-01,-1.0468e-01,-9.9901e-02,-9.5276e-02,-9.0804e-02,-8.6484e-02,-8.2316e-02,-7.8295e-02,-7.4418e-02,-7.0679e-02,-6.7071e-02,-6.3588e-02,-6.0222e-02,-5.6965e-02,-5.3811e-02,-5.0753e-02,-4.7786e-02,-4.4903e-02,-4.2103e-02,-3.9382e-02,-3.6738e-02,-3.4172e-02,-3.1683e-02,-2.9274e-02,-2.6945e-02,-2.4699e-02,-2.2538e-02,-2.0465e-02,-1.8480e-02,-1.6586e-02,-1.4782e-02,-1.3068e-02,-1.1442e-02,-9.9008e-03,-8.4405e-03,-7.0551e-03,-5.7388e-03,-4.4837e-03,-3.2813e-03,-2.1223e-03,-9.9696e-04
-2.3399e-03,-4.7436e-02,-9.0808e-02,-1.3249e-01,-1.7256e-01,-2.1111e-01,-2.4825e-01,-2.8411e-01,-3.1881e-01,-3.5245e-01,-3.8511e-01,-4.1680e-01,-4.4739e-01,-4.7655e-01,-5.0361e-01,-5.2733e-01,-5.4571e-01,-5.5584e-01,-5.5441e-01,-5.3944e-01,-5.1388e-01,-4.8761e-01,-4.7031e-01,-4.6060e-01,-4.5058e-01,-4.3705e-01,-4.2160e-01,-4.0618e-01,-3.9156e-01,-3.7775e-01,-3.6459e-01,-3.5200e-01,-3.3992e-01,-3.2834e-01,-3.1722e-01,-3.0648e-01,-2.9604e-01,-2.8583e-01,-2.7579e-01,-2.6592e-01,-2.5622e-01,-2.4672e-01,-2.3746e-01,-2.2847e-01,-2.1978e-01,-2.1139e-01,-2.0331e-01,-1.9554e-01,-1.8804e-01,-1.8081e-01,-1.7382e-01,-1.6705e-01,-1.6047e-01,-1.5407e-01,-1.4784e-01,-1.4176e-01,-1.3583e-01,-1.3005e-01,-1.2441e-01,-1.1893e-01,-1.1359e-01,-1.0841e-01,-1.0338e-01,-9.8513e-02,-9.3808e-02,-8.9262e-02,-8.4876e-02,-8.0646e-02,-7.6568e-02,-7.2635e-02,-6.8842e-02,-6.5181e-02,-6.1645e-02,-5.8225e-02,-5.4915e-02,-5.1708e-02,-4.8598e-02,-4.5579e-02,-4.2647e-02,-3.9800e-02,-3.7035e-02,-3.4352e-02,-3.1752e-02,-2.9235e-02,-2.6804e-02,-2.4460e-02,-2.2206e-02,-2.0043e-02,-1.7974e-02,-1.6000e-02,-1.4120e-02,-1.2335e-02,-1.0642e-02,-9.0374e-03,-7.5182e-03,-6.0789e-03,-4.7119e-03,-3.4100e-03,-2.1647e-03,-9.6558e-04
-2.5123e-03,-4.8082e-02,-9.1887e-02,-1.3395e-01,-1.7434e-01,-2.1313e-01,-2.5042e-01,-2.8634e-01,-3.2101e-01,-3.5453e-01,-3.8702e-01,-4.1854e-01,-4.4909e-01,-4.7856e-01,-5.0663e-01,-5.3261e-01,-5.5529e-01,-5.7268e-01,-5.8187e-01,-5.7952e-01,-5.6364e-01,-5.3720e-01,-5.1016e-01,-4.9215e-01,-4.8164e-01,-4.7072e-01,-4.5628e-01,-4.4001e-01,-4.2389e-01,-4.0864e-01,-3.9423e-01,-3.8047e-01,-3.6725e-01,-3.5455e-01,-3.4236e-01,-3.3065e-01,-3.1934e-01,-3.0837e-01,-2.9764e-01,-2.8712e-01,-2.7678e-01,-2.6663e-01,-2.5669e-01,-2.4701e-01,-2.3760e-01,-2.2850e-01,-2.1972e-01,-2.1126e-01,-2.0311e-01,-1.9526e-01,-1.8768e-01,-1.8035e-01,-1.7325e-01,-1.6636e-01,-1.5965e-01,-1.5312e-01,-1.4674e-01,-1.4053e-01,-1.3447e-01,-1.2856e-01,-1.2281e-01,-1.1722e-01,-1.1178e-01,-1.0652e-01,-1.0141e-01,-9.6481e-02,-9.1717e-02,-8.7120e-02,-8.2686e-02,-7.8413e-02,-7.4293e-02,-7.0321e-02,-6.6488e-02,-6.2788e-02,-5.9212e-02,-5.5752e-02,-5.2402e-02,-4.9154e-02,-4.6004e-02,-4.2947e-02,-3.9979e-02,-3.7099e-02,-3.4306e-02,-3.1600e-02,-2.8982e-02,-2.6454e-02,-2.4017e-02,-2.1675e-02,-1.9428e-02,-1.7279e-02,-1.5230e-02,-1.3279e-02,-1.1427e-02,-9.6706e-03,-8.0083e-03,-6.4348e-03,-4.9449e-03,-3.5313e-03,-2.1864e-03,-9.0151e-04
-2.6044e-03,-4.8655e-02,-9.2910e-02,-1.3538e-01,-1.7612e-01,-2.1519e-01,-2.5270e-01,-2.8876e-01,-3.2346e-01,-3.5694e-01,-3.8931e-01,-4.2065e-01,-4.5104e-01,-4.8047e-01,-5.0882e-01,-5.3579e-01,-5.6071e-01,-5.8237e-01,-5.9878e-01,-6.0705e-01,-6.0380e-01,-5.8703e-01,-5.5974e-01,-5.3195e-01,-5.1324e-01,-5.0196e-01,-4.9016e-01,-4.7482e-01,-4.5774e-01,-4.4092e-01,-4.2506e-01,-4.1006e-01,-3.9571e-01,-3.8189e-01,-3.6858e-01,-3.5578e-01,-3.4349e-01,-3.3163e-01,-3.2013e-01,-3.0891e-01,-2.9792e-01,-2.8712e-01,-2.7653e-01,-2.6616e-01,-2.5606e-01,-2.4624e-01,-2.3675e-01,-2.2758e-01,-2.1875e-01,-2.1024e-01,-2.0203e-01,-1.9411e-01,-1.8646e-01,-1.7904e-01,-1.7183e-01,-1.6482e-01,-1.5799e-01,-1.5134e-01,-1.4484e-01,-1.3851e-01,-1.3234e-01,-1.2633e-01,-1.2049e-01,-1.1481e-01,-1.0931e-01,-1.0398e-01,-9.8826e-02,-9.3848e-02,-8.9046e-02,-8.4416e-02,-7.9953e-02,-7.5653e-02,-7.1508e-02,-6.7510e-02,-6.3652e-02,-5.9925e-02,-5.6322e-02,-5.2835e-02,-4.9456e-02,-4.6181e-02,-4.3004e-02,-3.9922e-02,-3.6932e-02,-3.4035e-02,-3.1229e-02,-2.8515e-02,-2.5895e-02,-2.3371e-02,-2.0946e-02,-1.8620e-02,-1.6397e-02,-1.4276e-02,-1.2259e-02,-1.0344e-02,-8.5303e-03,-6.8137e-03,-5.1900e-03,-3.6535e-03,-2.1974e-03,-8.1296e-04
-2.6174e-03,-4.9151e-02,-9.3864e-02,-1.3676e-01,-1.7787e-01,-2.1728e-01,-2.5505e-01,-2.9129e-01,-3.2610e-01,-3.5961e-01,-3.9191e-01,-4.2312e-01,-4.5333e-01,-4.8259e-01,-5.1091e-01,-5.3816e-01,-5.6405e-01,-5.8792e-01,-6.0857e-01,-6.2402e-01,-6.3137e-01,-6.2724e-01,-6.0961e-01,-5.8150e-01,-5.5297e-01,-5.3360e-01,-5.2156e-01,-5.0888e-01,-4.9266e-01,-4.7478e-01,-4.5729e-01,-4.4082e-01,-4.2524e-01,-4.1031e-01,-3.9590e-01,-3.8199e-01,-3.6861e-01,-3.5575e-01,-3.4335e-01,-3.3134e-01,-3.1964e-01,-3.0818e-01,-2.9693e-01,-2.8591e-01,-2.7513e-01,-2.6462e-01,-2.5441e-01,-2.4452e-01,-2.3498e-01,-2.2578e-01,-2.1691e-01,-2.0837e-01,-2.0011e-01,-1.9213e-01,-1.8440e-01,-1.7689e-01,-1.6958e-01,-1.6247e-01,-1.5553e-01,-1.4877e-01,-1.4217e-01,-1.3575e-01,-1.2949e-01,-1.2340e-01,-1.1749e-01,-1.1176e-01,-1.0621e-01,-1.0084e-01,-9.5656e-02,-9.0656e-02,-8.5835e-02,-8.1190e-02,-7.6716e-02,-7.2404e-02,-6.8247e-02,-6.4238e-02,-6.0367e-02,-5.6626e-02,-5.3008e-02,-4.9504e-02,-4.6110e-02,-4.2819e-02,-3.9629e-02,-3.6536e-02,-3.3539e-02,-3.0639e-02,-2.7835e-02,-2.5129e-02,-2.2523e-02,-2.0020e-02,-1.7621e-02,-1.5327e-02,-1.3141e-02,-1.1062e-02,-9.0897e-03,-7.2216e-03,-5.4549e-03,-3.7850e-03,-2.2060e-03,-7.1028e-04
-2.5565e-03,-4.9570e-02,-9.4742e-02,-1.3807e-01,-1.7958e-01,-2.1933e-01,-2.5740e-01,-2.9388e-01,-3.2886e-01,-3.6246e-01,-3.9477e-01,-4.2591e-01,-4.5598e-01,-4.8506e-01,-5.1321e-01,-5.4042e-01,-5.6659e-01,-5.9140e-01,-6.1423e-01,-6.3389e-01,-6.4840e-01,-6.5486e-01,-6.4986e-01,-6.3137e-01,-6.0247e-01,-5.7324e-01,-5.5321e-01,-5.4043e-01,-5.2690e-01,-5.0981e-01,-4.9115e-01,-4.7298e-01,-4.5591e-01,-4.3977e-01,-4.2428e-01,-4.0929e-01,-3.9480e-01,-3.8085e-01,-3.6743e-01,-3.5451e-01,-3.4200e-01,-3.2981e-01,-3.1790e-01,-3.0622e-01,-2.9478e-01,-2.8359e-01,-2.7268e-01,-2.6208e-01,-2.5182e-01,-2.4191e-01,-2.3235e-01,-2.2314e-01,-2.1425e-01,-2.0568e-01,-1.9738e-01,-1.8934e-01,-1.8153e-01,-1.7394e-01,-1.6655e-01,-1.5934e-01,-1.5231e-01,-1.4546e-01,-1.3878e-01,-1.3228e-01,-1.2596e-01,-1.1982e-01,-1.1386e-01,-1.0810e-01,-1.0252e-01,-9.7141e-02,-9.1949e-02,-8.6945e-02,-8.2125e-02,-7.7482e-02,-7.3010e-02,-6.8701e-02,-6.4547e-02,-6.0538e-02,-5.6666e-02,-5.2923e-02,-4.9301e-02,-4.5793e-02,-4.2395e-02,-3.9102e-02,-3.5912e-02,-3.2822e-02,-2.9833e-02,-2.6944e-02,-2.4157e-02,-2.1475e-02,-1.8899e-02,-1.6431e-02,-1.4072e-02,-1.1825e-02,-9.6884e-03,-7.6622e-03,-5.7445e-03,-3.9320e-03,-2.2197e-03,-6.0193e-04
-2.4285e-03,-4.9913e-02,-9.5542e-02,-1.3930e-01,-1.8122e-01,-2.2134e-01,-2.5973e-01,-2.9648e-01,-3.3167e-01,-3.6541e-01,-3.9780e-01,-4.2894e-01,-4.5894e-01,-4.8788e-01,-5.1584e-01,-5.4288e-01,-5.6900e-01,-5.9409e-01,-6.1785e-01,-6.3965e-01,-6.5833e-01,-6.7192e-01,-6.7749e-01,-6.7164e-01,-6.5233e-01,-6.2265e-01,-5.9275e-01,-5.7208e-01,-5.5857e-01,-5.4421e-01,-5.2627e-01,-5.0684e-01,-4.8800e-01,-4.7035e-01,-4.5366e-01,-4.3761e-01,-4.2206e-01,-4.0701e-01,-3.9250e-01,-3.7854e-01,-3.6510e-01,-3.5209e-01,-3.3945e-01,-3.2709e-01,-3.1499e-01,-3.0314e-01,-2.9155e-01,-2.8025e-01,-2.6928e-01,-2.5865e-01,-2.4838e-01,-2.3847e-01,-2.2892e-01,-2.1970e-01,-2.1080e-01,-2.0220e-01,-1.9386e-01,-1.8576e-01,-1.7789e-01,-1.7022e-01,-1.6275e-01,-1.5547e-01,-1.4837e-01,-1.4145e-01,-1.3471e-01,-1.2816e-01,-1.2179e-01,-1.1563e-01,-1.0965e-01,-1.0388e-01,-9.8304e-02,-9.2927e-02,-8.7746e-02,-8.2757e-02,-7.7952e-02,-7.3327e-02,-6.8872e-02,-6.4579e-02,-6.0439e-02,-5.6442e-02,-5.2580e-02,-4.8846e-02,-4.5232e-02,-4.1732e-02,-3.8342e-02,-3.5060e-02,-3.1883e-02,-2.8810e-02,-2.5843e-02,-2.2981e-02,-2.0227e-02,-1.7583e-02,-1.5051e-02,-1.2633e-02,-1.0329e-02,-8.1394e-03,-6.0643e-03,-4.1008e-03,-2.2461e-03,-4.9525e-04
-2.2418e-03,-5.0186e-02,-9.6263e-02,-1.4046e-01,-1.8278e-01,-2.2328e-01,-2.6202e-01,-2.9906e-01,-3.3450e-01,-3.6843e-01,-4.0094e-01,-4.3214e-01,-4.6212e-01,-4.9097e-01,-5.1879e-01,-5.4566e-01,-5.7161e-01,-5.9665e-01,-6.2067e-01,-6.4339e-01,-6.6419e-01,-6.8191e-01,-6.9458e-01,-6.9929e-01,-6.9260e-01,-6.7249e-01,-6.4206e-01,-6.1150e-01,-5.9021e-01,-5.7599e-01,-5.6080e-01,-5.4203e-01,-5.2185e-01,-5.0236e-01,-4.8414e-01,-4.6691e-01,-4.5032e-01,-4.3423e-01,-4.1862e-01,-4.0356e-01,-3.8907e-01,-3.7512e-01,-3.6164e-01,-3.4854e-01,-3.3575e-01,-3.2323e-01,-3.1098e-01,-2.9901e-01,-2.8733e-01,-2.7599e-01,-2.6500e-01,-2.5438e-01,-2.4413e-01,-2.3424e-01,-2.2471e-01,-2.1550e-01,-2.0659e-01,-1.9796e-01,-1.8958e-01,-1.8143e-01,-1.7350e-01,-1.6577e-01,-1.5824e-01,-1.5089e-01,-1.4374e-01,-1.3677e-01,-1.3000e-01,-1.2342e-01,-1.1705e-01,-1.1087e-01,-1.0491e-01,-9.9145e-02,-9.3591e-02,-8.8239e-02,-8.3087e-02,-7.8129e-02,-7.3357e-02,-6.8763e-02,-6.4337e-02,-6.0072e-02,-5.5956e-02,-5.1982e-02,-4.8141e-02,-4.4427e-02,-4.0831e-02,-3.7351e-02,-3.3983e-02,-3.0724e-02,-2.7574e-02,-2.4532e-02,-2.1601e-02,-1.8781e-02,-1.6075e-02,-1.3483e-02,-1.1009e-02,-8.6531e-03,-6.4153e-03,-4.2953e-03,-2.2905e-03,-3.9764e-04
-2.0061e-03,-5.0395e-02,-9.6910e-02,-1.4153e-01,-1.8426e-01,-2.2514e-01,-2.6423e-01,-3.0158e-01,-3.3729e-01,-3.7145e-01,-4.0413e-01,-4.3543e-01,-4.6546e-01,-4.9429e-01,-5.2202e-01,-5.4874e-01,-5.7451e-01,-5.9938e-01,-6.2335e-01,-6.4633e-01,-6.6802e-01,-6.8783e-01,-7.0461e-01,-7.1639e-01,-7.2025e-01,-7.1275e-01,-6.9184e-01,-6.6068e-01,-6.2948e-01,-6.0759e-01,-5.9267e-01,-5.7669e-01,-5.5710e-01,-5.3618e-01,-5.1605e-01,-4.9727e-01,-4.7951e-01,-4.6240e-01,-4.4577e-01,-4.2963e-01,-4.1403e-01,-3.9903e-01,-3.8458e-01,-3.7063e-01,-3.5709e-01,-3.4388e-01,-3.3096e-01,-3.1832e-01,-3.0596e-01,-2.9392e-01,-2.8222e-01,-2.7088e-01,-2.5991e-01,-2.4933e-01,-2.3912e-01,-2.2927e-01,-2.1975e-01,-2.1055e-01,-2.0164e-01,-1.9298e-01,-1.8457e-01,-1.7638e-01,-1.6840e-01,-1.6062e-01,-1.5304e-01,-1.4566e-01,-1.3847e-01,-1.3149e-01,-1.2470e-01,-1.1812e-01,-1.1176e-01,-1.0560e-01,-9.9666e-02,-9.3940e-02,-8.8426e-02,-8.3119e-02,-7.8013e-02,-7.3100e-02,-6.8373e-02,-6.3822e-02,-5.9438e-02,-5.5210e-02,-5.1130e-02,-4.7189e-02,-4.3380e-02,-3.9695e-02,-3.6130e-02,-3.2682e-02,-2.9347e-02,-2.6125e-02,-2.3015e-02,-2.0019e-02,-1.7138e-02,-1.4373e-02,-1.1728e-02,-9.2028e-03,-6.7995e-03,-4.5179e-03,-2.3566e-03,-3.1428e-04
-1.7311e-03,-5.0548e-02,-9.7488e-02,-1.4252e-01,-1.8566e-01,-2.2692e-01,-2.6636e-01,-3.0404e-01,-3.4003e-01,-3.7443e-01,-4.0731e-01,-4.3877e-01,-4.6888e-01,-4.9775e-01,-5.2545e-01,-5.5207e-01,-5.7770e-01,-6.0239e-01,-6.2620e-01,-6.4912e-01,-6.7107e-01,-6.9176e-01,-7.1059e-01,-7.2644e-01,-7.3734e-01,-7.4037e-01,-7.3207e-01,-7.1040e-01,-6.7853e-01,-6.4671e-01,-6.2423e-01,-6.0863e-01,-5.9186e-01,-5.7148e-01,-5.4983e-01,-5.2907e-01,-5.0974e-01,-4.9147e-01,-4.7386e-01,-4.5671e-01,-4.4004e-01,-4.2393e-01,-4.0841e-01,-3.9349e-01,-3.7908e-01,-3.6510e-01,-3.5148e-01,-3.3816e-01,-3.2514e-01,-3.1242e-01,-3.0002e-01,-2.8796e-01,-2.7628e-01,-2.6498e-01,-2.5407e-01,-2.4355e-01,-2.3339e-01,-2.2358e-01,-2.1409e-01,-2.0489e-01,-1.9597e-01,-1.8730e-01,-1.7886e-01,-1.7064e-01,-1.6263e-01,-1.5482e-01,-1.4721e-01,-1.3981e-01,-1.3262e-01,-1.2563e-01,-1.1886e-01,-1.1231e-01,-1.0598e-01,-9.9867e-02,-9.3978e-02,-8.8308e-02,-8.2852e-02,-7.7604e-02,-7.2559e-02,-6.7705e-02,-6.3035e-02,-5.8539e-02,-5.4205e-02,-5.0026e-02,-4.5991e-02,-4.2093e-02,-3.8325e-02,-3.4681e-02,-3.1158e-02,-2.7753e-02,-2.4464e-02,-2.1291e-02,-1.8236e-02,-1.5299e-02,-1.2482e-02,-9.7866e-03,-7.2154e-03,-4.7686e-03,-2.4468e-03,-2.4913e-04
-1.4265e-03,-5.0653e-02,-9.8001e-02,-1.4344e-01,-1.8696e-01,-2.2860e-01,-2.6839e-01,-3.0640e-01,-3.4270e-01,-3.7736e-01,-4.1046e-01,-4.4210e-01,-4.7234e-01,-5.0129e-01,-5.2901e-01,-5.5560e-01,-5.8112e-01,-6.0567e-01,-6.2930e-01,-6.5207e-01,-6.7396e-01,-6.9489e-01,-7.1459e-01,-7.3247e-01,-7.4741e-01,-7.5746e-01,-7.5967e-01,-7.5058e-01,-7.2816e-01,-6.9560e-01,-6.6318e-01,-6.4012e-01,-6.2386e-01,-6.0633e-01,-5.8517e-01,-5.6280e-01,-5.4143e-01,-5.2157e-01,-5.0280e-01,-4.8469e-01,-4.6704e-01,-4.4986e-01,-4.3324e-01,-4.1723e-01,-4.0183e-01,-3.8697e-01,-3.7257e-01,-3.5855e-01,-3.4485e-01,-3.3146e-01,-3.1838e-01,-3.0562e-01,-2.9323e-01,-2.8121e-01,-2.6959e-01,-2.5836e-01,-2.4753e-01,-2.3707e-01,-2.2697e-01,-2.1720e-01,-2.0773e-01,-1.9855e-01,-1.8962e-01,-1.8094e-01,-1.7248e-01,-1.6424e-01,-1.5621e-01,-1.4840e-01,-1.4079e-01,-1.3339e-01,-1.2622e-01,-1.1926e-01,-1.1253e-01,-1.0603e-01,-9.9751e-02,-9.3705e-02,-8.7885e-02,-8.2288e-02,-7.6907e-02,-7.1734e-02,-6.6761e-02,-6.1979e-02,-5.7376e-02,-5.2943e-02,-4.8671e-02,-4.4548e-02,-4.0567e-02,-3.6722e-02,-3.3005e-02,-2.9414e-02,-2.5943e-02,-2.2594e-02,-1.9363e-02,-1.6253e-02,-1.3265e-02,-1.0400e-02,-7.6602e-03,-5.0470e-03,-2.5618e-03,-2.0362e-04
-1.1025e-03,-5.0719e-02,-9.8458e-02,-1.4428e-01,-1.8818e-01,-2.3019e-01,-2.7033e-01,-3.0866e-01,-3.4526e-01,-3.8020e-01,-4.1354e-01,-4.4538e-01,-4.7579e-01,-5.0485e-01,-5.3264e-01,-5.5924e-01,-5.8472e-01,-6.0917e-01,-6.3266e-01,-6.5525e-01,-6.7698e-01,-6.9785e-01,-7.1779e-01,-7.3652e-01,-7.5348e-01,-7.6753e-01,-7.7672e-01,-7.7814e-01,-7.6829e-01,-7.4513e-01,-7.1190e-01,-6.7889e-01,-6.5527e-01,-6.3836e-01,-6.2009e-01,-5.9817e-01,-5.7510e-01,-5.5313e-01,-5.3274e-01,-5.1349e-01,-4.9490e-01,-4.7677e-01,-4.5909e-01,-4.4197e-01,-4.2548e-01,-4.0962e-01,-3.9432e-01,-3.7951e-01,-3.6509e-01,-3.5102e-01,-3.3726e-01,-3.2383e-01,-3.1074e-01,-2.9801e-01,-2.8567e-01,-2.7373e-01,-2.6219e-01,-2.5106e-01,-2.4031e-01,-2.2992e-01,-2.1988e-01,-2.1015e-01,-2.0072e-01,-1.9155e-01,-1.8263e-01,-1.7394e-01,-1.6548e-01,-1.5724e-01,-1.4921e-01,-1.4140e-01,-1.3382e-01,-1.2645e-01,-1.1932e-01,-1.1242e-01,-1.0575e-01,-9.9319e-02,-9.3123e-02,-8.7162e-02,-8.1430e-02,-7.5921e-02,-7.0629e-02,-6.5543e-02,-6.0655e-02,-5.5953e-02,-5.1427e-02,-4.7066e-02,-4.2862e-02,-3.8806e-02,-3.4888e-02,-3.1105e-02,-2.7450e-02,-2.3920e-02,-2.0515e-02,-1.7232e-02,-1.4073e-02,-1.1038e-02,-8.1301e-03,-5.3501e-03,-2.6993e-03,-1.7932e-04
-7.6838e-04,-5.0755e-02,-9.8865e-02,-1.4506e-01,-1.8932e-01,-2.3168e-01,-2.7216e-01,-3.1083e-01,-3.4773e-01,-3.8294e-01,-4.1654e-01,-4.4859e-01,-4.7918e-01,-5.0839e-01,-5.3628e-01,-5.6293e-01,-5.8842e-01,-6.1283e-01,-6.3622e-01,-6.5866e-01,-6.8022e-01,-7.0094e-01,-7.2082e-01,-7.3978e-01,-7.5756e-01,-7.7360e-01,-7.8678e-01,-7.9516e-01,-7.9579e-01,-7.8518e-01,-7.6131e-01,-7.2742e-01,-6.9385e-01,-6.6967e-01,-6.5213e-01,-6.3313e-01,-6.1047e-01,-5.8672e-01,-5.6417e-01,-5.4327e-01,-5.2355e-01,-5.0450e-01,-4.8589e-01,-4.6773e-01,-4.5013e-01,-4.3317e-01,-4.1685e-01,-4.0113e-01,-3.8590e-01,-3.7110e-01,-3.5666e-01,-3.4256e-01,-3.2879e-01,-3.1536e-01,-3.0231e-01,-2.8965e-01,-2.7740e-01,-2.6557e-01,-2.5414e-01,-2.4311e-01,-2.3245e-01,-2.2214e-01,-2.1216e-01,-2.0247e-01,-1.9306e-01,-1.8391e-01,-1.7501e-01,-1.6633e-01,-1.5788e-01,-1.4966e-01,-1.4166e-01,-1.3389e-01,-1.2635e-01,-1.1904e-01,-1.1198e-01,-1.0515e-01,-9.8572e-02,-9.2234e-02,-8.6138e-02,-8.0278e-02,-7.4649e-02,-6.9244e-02,-6.4052e-02,-5.9064e-02,-5.4270e-02,-4.9657e-02,-4.5216e-02,-4.0936e-02,-3.6809e-02,-3.2826e-02,-2.8981e-02,-2.5268e-02,-2.1685e-02,-1.8229e-02,-1.4899e-02,-1.1695e-02,-8.6197e-03,-5.6731e-03,-2.8569e-03,-1.7293e-04
-4.3286e-04,-5.0768e-02,-9.9230e-02,-1.4577e-01,-1.9039e-01,-2.3309e-01,-2.7390e-01,-3.1288e-01,-3.5008e-01,-3.8557e-01,-4.1942e-01,-4.5171e-01,-4.8250e-01,-5.1186e-01,-5.3988e-01,-5.6663e-01,-5.9216e-01,-6.1657e-01,-6.3991e-01,-6.6225e-01,-6.8367e-01,-7.0422e-01,-7.2394e-01,-7.4285e-01,-7.6085e-01,-7.7771e-01,-7.9286e-01,-8.0519e-01,-8.1275e-01,-8.1262e-01,-8.0128e-01,-7.7671e-01,-7.4218e-01,-7.0805e-01,-6.8333e-01,-6.6517e-01,-6.4547e-01,-6.2209e-01,-5.9768e-01,-5.7454e-01,-5.5315e-01,-5.3297e-01,-5.1347e-01,-4.9440e-01,-4.7578e-01,-4.5771e-01,-4.4029e-01,-4.2353e-01,-4.0739e-01,-3.9177e-01,-3.7659e-01,-3.6180e-01,-3.4735e-01,-3.3325e-01,-3.1950e-01,-3.0613e-01,-2.9317e-01,-2.8062e-01,-2.6849e-01,-2.5678e-01,-2.4547e-01,-2.3454e-01,-2.2397e-01,-2.1374e-01,-2.0382e-01,-1.9418e-01,-1.8481e-01,-1.7569e-01,-1.6681e-01,-1.5816e-01,-1.4974e-01,-1.4156e-01,-1.3361e-01,-1.2590e-01,-1.1843e-01,-1.1121e-01,-1.0424e-01,-9.7513e-02,-9.1041e-02,-8.4816e-02,-7.8836e-02,-7.3094e-02,-6.7582e-02,-6.2291e-02,-5.7210e-02,-5.2329e-02,-4.7636e-02,-4.3120e-02,-3.8771e-02,-3.4580e-02,-3.0536e-02,-2.6635e-02,-2.2871e-02,-1.9239e-02,-1.5738e-02,-1.2366e-02,-9.1232e-03,-6.0107e-03,-3.0297e-03,-1.8206e-04
-1.0464e-04,-5.0767e-02,-9.9559e-02,-1.4644e-01,-1.9138e-01,-2.3440e-01,-2.7553e-01,-3.1482e-01,-3.5231e-01,-3.8808e-01,-4.2219e-01,-4.5470e-01,-4.8570e-01,-5.1525e-01,-5.4342e-01,-5.7028e-01,-5.9589e-01,-6.2033e-01,-6.4367e-01,-6.6596e-01,-6.8728e-01,-7.0769e-01,-7.2725e-01,-7.4600e-01,-7.6395e-01,-7.8101e-01,-7.9696e-01,-8.1124e-01,-8.2274e-01,-8.2952e-01,-8.2863e-01,-8.1658e-01,-7.9132e-01,-7.5618e-01,-7.2150e-01,-6.9625e-01,-6.7749e-01,-6.5711e-01,-6.3302e-01,-6.0795e-01,-5.8426e-01,-5.6238e-01,-5.4176e-01,-5.2183e-01,-5.0232e-01,-4.8324e-01,-4.6472e-01,-4.4685e-01,-4.2966e-01,-4.1310e-01,-3.9710e-01,-3.8156e-01,-3.6641e-01,-3.5163e-01,-3.3721e-01,-3.2315e-01,-3.0948e-01,-2.9621e-01,-2.8337e-01,-2.7095e-01,-2.5896e-01,-2.4739e-01,-2.3620e-01,-2.2538e-01,-2.1491e-01,-2.0476e-01,-1.9489e-01,-1.8531e-01,-1.7598e-01,-1.6690e-01,-1.5806e-01,-1.4946e-01,-1.4111e-01,-1.3299e-01,-1.2511e-01,-1.1749e-01,-1.1012e-01,-1.0300e-01,-9.6144e-02,-8.9544e-02,-8.3199e-02,-7.7105e-02,-7.1257e-02,-6.5645e-02,-6.0261e-02,-5.5094e-02,-5.0134e-02,-4.5367e-02,-4.0782e-02,-3.6370e-02,-3.2119e-02,-2.8022e-02,-2.4071e-02,-2.0260e-02,-1.6585e-02,-1.3044e-02,-9.6346e-03,-6.3571e-03,-3.2125e-03,-2.0207e-04
2.0929e-04,-5.0759e-02,-9.9861e-02,-1.4705e-01,-1.9231e-01,-2.3564e-01,-2.7707e-01,-3.1665e-01,-3.5443e-01,-3.9046e-01,-4.2482e-01,-4.5757e-01,-4.8879e-01,-5.1852e-01,-5.4686e-01,-5.7385e-01,-5.9957e-01,-6.2407e-01,-6.4744e-01,-6.6972e-01,-6.9099e-01,-7.1130e-01,-7.3073e-01,-7.4931e-01,-7.6711e-01,-7.8412e-01,-8.0027e-01,-8.1533e-01,-8.2876e-01,-8.3945e-01,-8.4546e-01,-8.4384e-01,-8.3108e-01,-8.0516e-01,-7.6941e-01,-7.3420e-01,-7.0843e-01,-6.8908e-01,-6.6803e-01,-6.4326e-01,-6.1756e-01,-5.9332e-01,-5.7097e-01,-5.4992e-01,-5.2957e-01,-5.0963e-01,-4.9012e-01,-4.7115e-01,-4.5284e-01,-4.3523e-01,-4.1828e-01,-4.0189e-01,-3.8599e-01,-3.7051e-01,-3.5541e-01,-3.4067e-01,-3.2630e-01,-3.1234e-01,-2.9878e-01,-2.8566e-01,-2.7297e-01,-2.6071e-01,-2.4887e-01,-2.3743e-01,-2.2637e-01,-2.1567e-01,-2.0528e-01,-1.9521e-01,-1.8541e-01,-1.7589e-01,-1.6662e-01,-1.5760e-01,-1.4882e-01,-1.4030e-01,-1.3202e-01,-1.2399e-01,-1.1621e-01,-1.0870e-01,-1.0145e-01,-9.4467e-02,-8.7746e-02,-8.1288e-02,-7.5088e-02,-6.9140e-02,-6.3436e-02,-5.7966e-02,-5.2720e-02,-4.7685e-02,-4.2850e-02,-3.8204e-02,-3.3734e-02,-2.9431e-02,-2.5285e-02,-2.1289e-02,-1.7437e-02,-1.3724e-02,-1.0148e-02,-6.7060e-03,-3.3986e-03,-2.2653e-04
5.0147e-04,-5.0750e-02,-1.0014e-01,-1.4762e-01,-1.9317e-01,-2.3680e-01,-2.7852e-01,-3.1838e-01,-3.5642e-01,-3.9272e-01,-4.2733e-01,-4.6031e-01,-4.9173e-01,-5.2167e-01,-5.5017e-01,-5.7731e-01,-6.0315e-01,-6.2775e-01,-6.5117e-01,-6.7348e-01,-6.9473e-01,-7.1499e-01,-7.3432e-01,-7.5277e-01,-7.7041e-01,-7.8727e-01,-8.0336e-01,-8.1862e-01,-8.3282e-01,-8.4542e-01,-8.5532e-01,-8.6058e-01,-8.5823e-01,-8.4479e-01,-8.1822e-01,-7.8188e-01,-7.4614e-01,-7.1987e-01,-6.9995e-01,-6.7825e-01,-6.5282e-01,-6.2650e-01,-6.0173e-01,-5.7891e-01,-5.5745e-01,-5.3670e-01,-5.1635e-01,-4.9641e-01,-4.7701e-01,-4.5828e-01,-4.4026e-01,-4.2291e-01,-4.0615e-01,-3.8991e-01,-3.7409e-01,-3.5867e-01,-3.4363e-01,-3.2897e-01,-3.1472e-01,-3.0088e-01,-2.8748e-01,-2.7452e-01,-2.6200e-01,-2.4991e-01,-2.3823e-01,-2.2694e-01,-2.1600e-01,-2.0541e-01,-1.9512e-01,-1.8513e-01,-1.7541e-01,-1.6596e-01,-1.5676e-01,-1.4782e-01,-1.3913e-01,-1.3070e-01,-1.2252e-01,-1.1461e-01,-1.0696e-01,-9.9589e-02,-9.2484e-02,-8.5651e-02,-7.9087e-02,-7.2788e-02,-6.6747e-02,-6.0957e-02,-5.5408e-02,-5.0089e-02,-4.4987e-02,-4.0091e-02,-3.5387e-02,-3.0866e-02,-2.6516e-02,-2.2327e-02,-1.8292e-02,-1.4404e-02,-1.0658e-02,-7.0518e-03,-3.5823e-03,-2.4976e-04
7.6675e-04,-5.0746e-02,-1.0041e-01,-1.4816e-01,-1.9398e-01,-2.3788e-01,-2.7987e-01,-3.1999e-01,-3.5830e-01,-3.9484e-01,-4.2969e-01,-4.6290e-01,-4.9453e-01,-5.2466e-01,-5.5334e-01,-5.8064e-01,-6.0661e-01,-6.3132e-01,-6.5482e-01,-6.7718e-01,-6.9845e-01,-7.1869e-01,-7.3797e-01,-7.5633e-01,-7.7383e-01,-7.9053e-01,-8.0648e-01,-8.2168e-01,-8.3607e-01,-8.4943e-01,-8.6122e-01,-8.7035e-01,-8.7487e-01,-8.7183e-01,-8.5771e-01,-8.3050e-01,-7.9358e-01,-7.5734e-01,-7.3057e-01,-7.1009e-01,-6.8777e-01,-6.6168e-01,-6.3477e-01,-6.0947e-01,-5.8622e-01,-5.6436e-01,-5.4321e-01,-5.2247e-01,-5.0211e-01,-4.8230e-01,-4.6315e-01,-4.4473e-01,-4.2700e-01,-4.0988e-01,-3.9330e-01,-3.7716e-01,-3.6143e-01,-3.4609e-01,-3.3115e-01,-3.1662e-01,-3.0251e-01,-2.8884e-01,-2.7562e-01,-2.6285e-01,-2.5052e-01,-2.3860e-01,-2.2708e-01,-2.1593e-01,-2.0512e-01,-1.9464e-01,-1.8445e-01,-1.7455e-01,-1.6493e-01,-1.5556e-01,-1.4646e-01,-1.3762e-01,-1.2904e-01,-1.2073e-01,-1.1268e-01,-1.0491e-01,-9.7415e-02,-9.0198e-02,-8.3259e-02,-7.6597e-02,-7.0206e-02,-6.4080e-02,-5.8212e-02,-5.2590e-02,-4.7204e-02,-4.2041e-02,-3.7089e-02,-3.2336e-02,-2.7769e-02,-2.3377e-02,-1.9151e-02,-1.5081e-02,-1.1163e-02,-7.3894e-03,-3.7575e-03,-2.6514e-04
1.0001e-03,-5.0753e-02,-1.0066e-01,-1.4866e-01,-1.9474e-01,-2.3889e-01,-2.8114e-01,-3.2151e-01,-3.6006e-01,-3.9684e-01,-4.3191e-01,-4.6534e-01,-4.9718e-01,-5.2750e-01,-5.5636e-01,-5.8382e-01,-6.0993e-01,-6.3476e-01,-6.5836e-01,-6.8079e-01,-7.0210e-01,-7.2236e-01,-7.4161e-01,-7.5992e-01,-7.7733e-01,-7.9390e-01,-8.0970e-01,-8.2475e-01,-8.3908e-01,-8.5262e-01,-8.6516e-01,-8.7616e-01,-8.8454e-01,-8.8834e-01,-8.8461e-01,-8.6984e-01,-8.4201e-01,-8.0453e-01,-7.6779e-01,-7.4052e-01,-7.1950e-01,-6.9657e-01,-6.6986e-01,-6.4236e-01,-6.1656e-01,-5.9288e-01,-5.7063e-01,-5.4911e-01,-5.2798e-01,-5.0723e-01,-4.8701e-01,-4.6746e-01,-4.4865e-01,-4.3055e-01,-4.1308e-01,-3.9616e-01,-3.7971e-01,-3.6369e-01,-3.4806e-01,-3.3284e-01,-3.1803e-01,-3.0366e-01,-2.8974e-01,-2.7627e-01,-2.6326e-01,-2.5069e-01,-2.3854e-01,-2.2680e-01,-2.1544e-01,-2.0443e-01,-1.9376e-01,-1.8339e-01,-1.7331e-01,-1.6352e-01,-1.5400e-01,-1.4474e-01,-1.3576e-01,-1.2704e-01,-1.1860e-01,-1.1043e-01,-1.0254e-01,-9.4932e-02,-8.7611e-02,-8.0575e-02,-7.3821e-02,-6.7345e-02,-6.1141e-02,-5.5201e-02,-4.9513e-02,-4.4067e-02,-3.8850e-02,-3.3849e-02,-2.9051e-02,-2.4444e-02,-2.0016e-02,-1.5758e-02,-1.1660e-02,-7.7159e-03,-3.9192e-03,-2.6686e-04
1.1965e-03,-5.0773e-02,-1.0091e-01,-1.4914e-01,-1.9546e-01,-2.3984e-01,-2.8232e-01,-3.2293e-01,-3.6171e-01,-3.9871e-01,-4.3400e-01,-4.6763e-01,-4.9967e-01,-5.3018e-01,-5.5921e-01,-5.8683e-01,-6.1309e-01,-6.3804e-01,-6.6175e-01,-6.8427e-01,-7.0565e-01,-7.2594e-01,-7.4520e-01,-7.6348e-01,-7.8084e-01,-7.9733e-01,-8.1300e-01,-8.2790e-01,-8.4208e-01,-8.5556e-01,-8.6828e-01,-8.8002e-01,-8.9025e-01,-8.9789e-01,-9.0100e-01,-8.9660e-01,-8.8118e-01,-8.5275e-01,-8.1472e-01,-7.7748e-01,-7.4973e-01,-7.2818e-01,-7.0467e-01,-6.7736e-01,-6.4929e-01,-6.2299e-01,-5.9889e-01,-5.7627e-01,-5.5440e-01,-5.3290e-01,-5.1177e-01,-4.9116e-01,-4.7122e-01,-4.5202e-01,-4.3355e-01,-4.1574e-01,-3.9850e-01,-3.8175e-01,-3.6543e-01,-3.4953e-01,-3.3404e-01,-3.1897e-01,-3.0435e-01,-2.9017e-01,-2.7646e-01,-2.6322e-01,-2.5042e-01,-2.3805e-01,-2.2610e-01,-2.1454e-01,-2.0334e-01,-1.9248e-01,-1.8193e-01,-1.7169e-01,-1.6174e-01,-1.5207e-01,-1.4267e-01,-1.3355e-01,-1.2470e-01,-1.1614e-01,-1.0785e-01,-9.9852e-02,-9.2143e-02,-8.4726e-02,-7.7600e-02,-7.0762e-02,-6.4209e-02,-5.7934e-02,-5.1928e-02,-4.6182e-02,-4.0682e-02,-3.5416e-02,-3.0372e-02,-2.5535e-02,-2.0894e-02,-1.6437e-02,-1.2151e-02,-8.0305e-03,-4.0653e-03,-2.5071e-04
1.3539e-03,-5.0812e-02,-1.0115e-01,-1.4960e-01,-1.9613e-01,-2.4073e-01,-2.8343e-01,-3.2425e-01,-3.6324e-01,-4.0045e-01,-4.3594e-01,-4.6977e-01,-5.0200e-01,-5.3269e-01,-5.6189e-01,-5.8967e-01,-6.1607e-01,-6.4116e-01,-6.6498e-01,-6.8759e-01,-7.0905e-01,-7.2940e-01,-7.4869e-01,-7.6698e-01,-7.8431e-01,-8.0075e-01,-8.1633e-01,-8.3111e-01,-8.4514e-01,-8.5848e-01,-8.7113e-01,-8.8304e-01,-8.9400e-01,-9.0349e-01,-9.1042e-01,-9.1285e-01,-9.0779e-01,-8.9174e-01,-8.6271e-01,-8.2415e-01,-7.8643e-01,-7.5820e-01,-7.3613e-01,-7.1206e-01,-6.8416e-01,-6.5554e-01,-6.2877e-01,-6.0426e-01,-5.8129e-01,-5.5907e-01,-5.3722e-01,-5.1572e-01,-4.9473e-01,-4.7441e-01,-4.5484e-01,-4.3602e-01,-4.1787e-01,-4.0031e-01,-3.8326e-01,-3.6667e-01,-3.5050e-01,-3.3475e-01,-3.1943e-01,-3.0456e-01,-2.9015e-01,-2.7620e-01,-2.6273e-01,-2.4971e-01,-2.3714e-01,-2.2498e-01,-2.1323e-01,-2.0184e-01,-1.9080e-01,-1.8009e-01,-1.6969e-01,-1.5959e-01,-1.4978e-01,-1.4025e-01,-1.3100e-01,-1.2203e-01,-1.1335e-01,-1.0495e-01,-9.6855e-02,-8.9052e-02,-8.1545e-02,-7.4337e-02,-6.7423e-02,-6.0800e-02,-5.4461e-02,-4.8397e-02,-4.2597e-02,-3.7050e-02,-3.1743e-02,-2.6662e-02,-2.1792e-02,-1.7123e-02,-1.2640e-02,-8.3334e-03,-4.1942e-03,-2.1309e-04
1.4696e-03,-5.0872e-02,-1.0139e-01,-1.5004e-01,-1.9676e-01,-2.4156e-01,-2.8446e-01,-3.2548e-01,-3.6466e-01,-4.0207e-01,-4.3775e-01,-4.7176e-01,-5.0417e-01,-5.3503e-01,-5.6439e-01,-5.9232e-01,-6.1887e-01,-6.4409e-01,-6.6803e-01,-6.9074e-01,-7.1228e-01,-7.3270e-01,-7.5204e-01,-7.7036e-01,-7.8770e-01,-8.0410e-01,-8.1963e-01,-8.3432e-01,-8.4824e-01,-8.6143e-01,-8.7393e-01,-8.8578e-01,-8.9691e-01,-9.0712e-01,-9.1588e-01,-9.2212e-01,-9.2388e-01,-9.1818e-01,-9.0152e-01,-8.7191e-01,-8.3282e-01,-7.9462e-01,-7.6593e-01,-7.4336e-01,-7.1874e-01,-6.9028e-01,-6.6112e-01,-6.3389e-01,-6.0899e-01,-5.8567e-01,-5.6312e-01,-5.4093e-01,-5.1908e-01,-4.9772e-01,-4.7703e-01,-4.5711e-01,-4.3794e-01,-4.1947e-01,-4.0160e-01,-3.8426e-01,-3.6740e-01,-3.5096e-01,-3.3496e-01,-3.1940e-01,-3.0430e-01,-2.8965e-01,-2.7549e-01,-2.6179e-01,-2.4857e-01,-2.3579e-01,-2.2344e-01,-2.1150e-01,-1.9994e-01,-1.8874e-01,-1.7787e-01,-1.6732e-01,-1.5707e-01,-1.4713e-01,-1.3747e-01,-1.2810e-01,-1.1902e-01,-1.1023e-01,-1.0174e-01,-9.3549e-02,-8.5659e-02,-7.8072e-02,-7.0789e-02,-6.3806e-02,-5.7121e-02,-5.0725e-02,-4.4610e-02,-3.8764e-02,-3.3176e-02,-2.7833e-02,-2.2720e-02,-1.7824e-02,-1.3132e-02,-8.6294e-03,-4.3068e-03,-1.5336e-04
1.5424e-03,-5.0954e-02,-1.0164e-01,-1.5045e-01,-1.9735e-01,-2.4234e-01,-2.8541e-01,-3.2662e-01,-3.6598e-01,-4.0356e-01,-4.3942e-01,-4.7360e-01,-5.0617e-01,-5.3719e-01,-5.6671e-01,-5.9478e-01,-6.2147e-01,-6.4682e-01,-6.7088e-01,-6.9370e-01,-7.1533e-01,-7.3583e-01,-7.5523e-01,-7.7359e-01,-7.9094e-01,-8.0735e-01,-8.2285e-01,-8.3749e-01,-8.5132e-01,-8.6440e-01,-8.7676e-01,-8.8846e-01,-8.9952e-01,-9.0989e-01,-9.1936e-01,-9.2742e-01,-9.3299e-01,-9.3410e-01,-9.2778e-01,-9.1051e-01,-8.8034e-01,-8.4074e-01,-8.0207e-01,-7.7291e-01,-7.4986e-01,-7.2472e-01,-6.9571e-01,-6.6603e-01,-6.3835e-01,-6.1307e-01,-5.8943e-01,-5.6656e-01,-5.4405e-01,-5.2185e-01,-5.0014e-01,-4.7910e-01,-4.5882e-01,-4.3932e-01,-4.2053e-01,-4.0236e-01,-3.8475e-01,-3.6761e-01,-3.5093e-01,-3.3469e-01,-3.1890e-01,-3.0356e-01,-2.8870e-01,-2.7432e-01,-2.6042e-01,-2.4699e-01,-2.3402e-01,-2.2148e-01,-2.0937e-01,-1.9764e-01,-1.8627e-01,-1.7526e-01,-1.6457e-01,-1.5419e-01,-1.4412e-01,-1.3434e-01,-1.2486e-01,-1.1568e-01,-1.0680e-01,-9.8213e-02,-8.9936e-02,-8.1968e-02,-7.4308e-02,-6.6959e-02,-5.9916e-02,-5.3175e-02,-4.6729e-02,-4.0569e-02,-3.4685e-02,-2.9063e-02,-2.3689e-02,-1.8551e-02,-1.3634e-02,-8.9237e-03,-4.4075e-03,-7.3552e-05
1.5709e-03,-5.1058e-02,-1.0189e-01,-1.5085e-01,-1.9791e-01,-2.4306e-01,-2.8630e-01,-3.2766e-01,-3.6719e-01,-4.0494e-01,-4.4095e-01,-4.7529e-01,-5.0801e-01,-5.3918e-01,-5.6884e-01,-5.9705e-01,-6.2387e-01,-6.4934e-01,-6.7352e-01,-6.9645e-01,-7.1818e-01,-7.3875e-01,-7.5822e-01,-7.7663e-01,-7.9403e-01,-8.1045e-01,-8.2595e-01,-8.4056e-01,-8.5434e-01,-8.6733e-01,-8.7958e-01,-8.9114e-01,-9.0205e-01,-9.1235e-01,-9.2198e-01,-9.3074e-01,-9.3812e-01,-9.4303e-01,-9.4351e-01,-9.3657e-01,-9.1872e-01,-8.8800e-01,-8.4789e-01,-8.0876e-01,-7.7915e-01,-7.5562e-01,-7.2998e-01,-7.0045e-01,-6.7027e-01,-6.4215e-01,-6.1651e-01,-5.9255e-01,-5.6938e-01,-5.4656e-01,-5.2404e-01,-5.0199e-01,-4.8060e-01,-4.5998e-01,-4.4015e-01,-4.2105e-01,-4.0260e-01,-3.8471e-01,-3.6732e-01,-3.5040e-01,-3.3392e-01,-3.1790e-01,-3.0235e-01,-2.8728e-01,-2.7269e-01,-2.5859e-01,-2.4497e-01,-2.3181e-01,-2.1910e-01,-2.0682e-01,-1.9493e-01,-1.8342e-01,-1.7226e-01,-1.6144e-01,-1.5094e-01,-1.4075e-01,-1.3087e-01,-1.2129e-01,-1.1201e-01,-1.0304e-01,-9.4373e-02,-8.6020e-02,-7.7981e-02,-7.0258e-02,-6.2849e-02,-5.5753e-02,-4.8964e-02,-4.2476e-02,-3.6279e-02,-3.0361e-02,-2.4711e-02,-1.9315e-02,-1.4157e-02,-9.2243e-03,-4.5017e-03,2.3708e-05
1.5560e-03,-5.1186e-02,-1.0214e-01,-1.5124e-01,-1.9844e-01,-2.4373e-01,-2.8711e-01,-3.2863e-01,-3.6830e-01,-4.0619e-01,-4.4235e-01,-4.7683e-01,-5.0969e-01,-5.4099e-01,-5.7079e-01,-5.9913e-01,-6.2607e-01,-6.5166e-01,-6.7595e-01,-6.9898e-01,-7.2080e-01,-7.4146e-01,-7.6101e-01,-7.7947e-01,-7.9691e-01,-8.1337e-01,-8.2888e-01,-8.4349e-01,-8.5724e-01,-8.7017e-01,-8.8234e-01,-8.9378e-01,-9.0456e-01,-9.1471e-01,-9.2427e-01,-9.3319e-01,-9.4126e-01,-9.4797e-01,-9.5224e-01,-9.5210e-01,-9.4458e-01,-9.2615e-01,-8.9489e-01,-8.5429e-01,-8.1470e-01,-7.8465e-01,-7.6066e-01,-7.3454e-01,-7.0450e-01,-6.7384e-01,-6.4529e-01,-6.1930e-01,-5.9503e-01,-5.7158e-01,-5.4846e-01,-5.2563e-01,-5.0326e-01,-4.8153e-01,-4.6059e-01,-4.4044e-01,-4.2104e-01,-4.0231e-01,-3.8416e-01,-3.6652e-01,-3.4936e-01,-3.3266e-01,-3.1643e-01,-3.0067e-01,-2.8539e-01,-2.7061e-01,-2.5632e-01,-2.4251e-01,-2.2918e-01,-2.1631e-01,-2.0386e-01,-1.9183e-01,-1.8017e-01,-1.6888e-01,-1.5794e-01,-1.4732e-01,-1.3703e-01,-1.2705e-01,-1.1737e-01,-1.0801e-01,-9.8959e-02,-9.0223e-02,-8.1802e-02,-7.3703e-02,-6.5923e-02,-5.8464e-02,-5.1322e-02,-4.4493e-02,-3.7969e-02,-3.1741e-02,-2.5798e-02,-2.0126e-02,-1.4712e-02,-9.5411e-03,-4.5977e-03,1.3132e-04
1.4983e-03,-5.1335e-02,-1.0240e-01,-1.5161e-01,-1.9893e-01,-2.4434e-01,-2.8786e-01,-3.2950e-01,-3.6931e-01,-4.0733e-01,-4.4361e-01,-4.7822e-01,-5.1120e-01,-5.4263e-01,-5.7254e-01,-6.0100e-01,-6.2805e-01,-6.5375e-01,-6.7815e-01,-7.0128e-01,-7.2319e-01,-7.4394e-01,-7.6356e-01,-7.8209e-01,-7.9958e-01,-8.1607e-01,-8.3161e-01,-8.4623e-01,-8.5997e-01,-8.7288e-01,-8.8499e-01,-8.9636e-01,-9.0702e-01,-9.1703e-01,-9.2645e-01,-9.3529e-01,-9.4351e-01,-9.5091e-01,-9.5698e-01,-9.6063e-01,-9.5990e-01,-9.5178e-01,-9.3280e-01,-9.0101e-01,-8.5993e-01,-8.1989e-01,-7.8940e-01,-7.6497e-01,-7.3838e-01,-7.0787e-01,-6.7673e-01,-6.4778e-01,-6.2145e-01,-5.9689e-01,-5.7316e-01,-5.4976e-01,-5.2664e-01,-5.0395e-01,-4.8190e-01,-4.6063e-01,-4.4018e-01,-4.2049e-01,-4.0149e-01,-3.8308e-01,-3.6521e-01,-3.4782e-01,-3.3091e-01,-3.1447e-01,-2.9851e-01,-2.8304e-01,-2.6807e-01,-2.5360e-01,-2.3962e-01,-2.2612e-01,-2.1309e-01,-2.0050e-01,-1.8832e-01,-1.7654e-01,-1.6512e-01,-1.5407e-01,-1.4335e-01,-1.3295e-01,-1.2288e-01,-1.1313e-01,-1.0369e-01,-9.4566e-02,-8.5765e-02,-7.7286e-02,-6.9133e-02,-6.1306e-02,-5.3804e-02,-4.6625e-02,-3.9763e-02,-3.3211e-02,-2.6960e-02,-2.0997e-02,-1.5310e-02,-9.8846e-03,-4.7054e-03,2.4223e-04
1.3987e-03,-5.1507e-02,-1.0265e-01,-1.5196e-01,-1.9938e-01,-2.4491e-01,-2.8853e-01,-3.3029e-01,-3.7021e-01,-4.0834e-01,-4.4474e-01,-4.7946e-01,-5.1255e-01,-5.4408e-01,-5.7411e-01,-6.0267e-01,-6.2983e-01,-6.5563e-01,-6.8012e-01,-7.0334e-01,-7.2534e-01,-7.4617e-01,-7.6586e-01,-7.8446e-01,-8.0201e-01,-8.1855e-01,-8.3412e-01,-8.4875e-01,-8.6250e-01,-8.7540e-01,-8.8748e-01,-8.9880e-01,-9.0938e-01,-9.1929e-01,-9.2856e-01,-9.3726e-01,-9.4540e-01,-9.5294e-01,-9.5970e-01,-9.6515e-01,-9.6820e-01,-9.6688e-01,-9.5820e-01,-9.3866e-01,-9.0636e-01,-8.6481e-01,-8.2433e-01,-7.9340e-01,-7.6854e-01,-7.4151e-01,-7.1054e-01,-6.7895e-01,-6.4960e-01,-6.2294e-01,-5.9811e-01,-5.7412e-01,-5.5046e-01,-5.2704e-01,-5.0405e-01,-4.8170e-01,-4.6013e-01,-4.3937e-01,-4.1940e-01,-4.0014e-01,-3.8149e-01,-3.6338e-01,-3.4578e-01,-3.2867e-01,-3.1203e-01,-2.9588e-01,-2.8022e-01,-2.6507e-01,-2.5043e-01,-2.3629e-01,-2.2264e-01,-2.0945e-01,-1.9672e-01,-1.8441e-01,-1.7251e-01,-1.6098e-01,-1.4982e-01,-1.3901e-01,-1.2853e-01,-1.1837e-01,-1.0854e-01,-9.9039e-02,-8.9857e-02,-8.1002e-02,-7.2474e-02,-6.4277e-02,-5.6410e-02,-4.8874e-02,-4.1665e-02,-3.4778e-02,-2.8205e-02,-2.1937e-02,-1.5961e-02,-1.0265e-02,-4.8347e-03,3.4638e-04
1.2602e-03,-5.1696e-02,-1.0291e-01,-1.5229e-01,-1.9980e-01,-2.4542e-01,-2.8914e-01,-3.3099e-01,-3.7101e-01,-4.0924e-01,-4.4573e-01,-4.8055e-01,-5.1374e-01,-5.4536e-01,-5.7548e-01,-6.0413e-01,-6.3138e-01,-6.5727e-01,-6.8185e-01,-7.0516e-01,-7.2724e-01,-7.4815e-01,-7.6791e-01,-7.8658e-01,-8.0418e-01,-8.2077e-01,-8.3638e-01,-8.5104e-01,-8.6480e-01,-8.7770e-01,-8.8978e-01,-9.0106e-01,-9.1159e-01,-9.2142e-01,-9.3058e-01,-9.3914e-01,-9.4714e-01,-9.5460e-01,-9.6150e-01,-9.6763e-01,-9.7247e-01,-9.7494e-01,-9.7305e-01,-9.6382e-01,-9.4375e-01,-9.1094e-01,-8.6893e-01,-8.2801e-01,-7.9665e-01,-7.7138e-01,-7.4393e-01,-7.1252e-01,-6.8050e-01,-6.5076e-01,-6.2379e-01,-5.9869e-01,-5.7445e-01,-5.5054e-01,-5.2686e-01,-5.0358e-01,-4.8093e-01,-4.5906e-01,-4.3802e-01,-4.1778e-01,-3.9826e-01,-3.7937e-01,-3.6105e-01,-3.4324e-01,-3.2592e-01,-3.0910e-01,-2.9277e-01,-2.7694e-01,-2.6162e-01,-2.4682e-01,-2.3252e-01,-2.1872e-01,-2.0540e-01,-1.9254e-01,-1.8011e-01,-1.6809e-01,-1.5646e-01,-1.4521e-01,-1.3431e-01,-1.2375e-01,-1.1352e-01,-1.0363e-01,-9.4069e-02,-8.4837e-02,-7.5936e-02,-6.7368e-02,-5.9135e-02,-5.1238e-02,-4.3676e-02,-3.6445e-02,-2.9540e-02,-2.2954e-02,-1.6676e-02,-1.0695e-02,-4.9964e-03,4.3406e-04
1.0854e-03,-5.1903e-02,-1.0316e-01,-1.5261e-01,-2.0018e-01,-2.4587e-01,-2.8967e-01,-3.3160e-01,-3.7170e-01,-4.1001e-01,-4.4659e-01,-4.8149e-01,-5.1476e-01,-5.4646e-01,-5.7666e-01,-6.0539e-01,-6.3272e-01,-6.5869e-01,-6.8334e-01,-7.0673e-01,-7.2889e-01,-7.4986e-01,-7.6969e-01,-7.8842e-01,-8.0608e-01,-8.2272e-01,-8.3837e-01,-8.5307e-01,-8.6685e-01,-8.7976e-01,-8.9183e-01,-9.0310e-01,-9.1360e-01,-9.2338e-01,-9.3246e-01,-9.4091e-01,-9.4877e-01,-9.5610e-01,-9.6291e-01,-9.6918e-01,-9.7470e-01,-9.7896e-01,-9.8085e-01,-9.7841e-01,-9.6864e-01,-9.4805e-01,-9.1475e-01,-8.7229e-01,-8.3094e-01,-7.9916e-01,-7.7348e-01,-7.4564e-01,-7.1381e-01,-6.8137e-01,-6.5126e-01,-6.2399e-01,-5.9863e-01,-5.7416e-01,-5.5001e-01,-5.2607e-01,-5.0252e-01,-4.7959e-01,-4.5743e-01,-4.3612e-01,-4.1561e-01,-3.9584e-01,-3.7673e-01,-3.5820e-01,-3.4019e-01,-3.2269e-01,-3.0568e-01,-2.8918e-01,-2.7319e-01,-2.5771e-01,-2.4276e-01,-2.2832e-01,-2.1438e-01,-2.0093e-01,-1.8795e-01,-1.7541e-01,-1.6329e-01,-1.5157e-01,-1.4022e-01,-1.2925e-01,-1.1862e-01,-1.0834e-01,-9.8391e-02,-8.8781e-02,-7.9507e-02,-7.0570e-02,-6.1971e-02,-5.3712e-02,-4.5793e-02,-3.8213e-02,-3.0968e-02,-2.4054e-02,-1.7461e-02,-1.1181e-02,-5.1995e-03,4.9523e-04
8.7687e-04,-5.2122e-02,-1.0341e-01,-1.5289e-01,-2.0052e-01,-2.4626e-01,-2.9013e-01,-3.3212e-01,-3.7229e-01,-4.1067e-01,-4.4731e-01,-4.8227e-01,-5.1561e-01,-5.4738e-01,-5.7764e-01,-6.0644e-01,-6.3384e-01,-6.5987e-01,-6.8459e-01,-7.0804e-01,-7.3027e-01,-7.5131e-01,-7.7120e-01,-7.8998e-01,-8.0770e-01,-8.2438e-01,-8.4007e-01,-8.5481e-01,-8.6862e-01,-8.8155e-01,-8.9362e-01,-9.0489e-01,-9.1537e-01,-9.2512e-01,-9.3415e-01,-9.4253e-01,-9.5028e-01,-9.5746e-01,-9.6413e-01,-9.7031e-01,-9.7597e-01,-9.8091e-01,-9.8460e-01,-9.8594e-01,-9.8296e-01,-9.7266e-01,-9.5156e-01,-9.1779e-01,-8.7488e-01,-8.3311e-01,-8.0092e-01,-7.7486e-01,-7.4664e-01,-7.1441e-01,-6.8157e-01,-6.5111e-01,-6.2354e-01,-5.9794e-01,-5.7325e-01,-5.4887e-01,-5.2469e-01,-5.0088e-01,-4.7767e-01,-4.5524e-01,-4.3366e-01,-4.1290e-01,-3.9290e-01,-3.7357e-01,-3.5483e-01,-3.3664e-01,-3.1896e-01,-3.0178e-01,-2.8512e-01,-2.6897e-01,-2.5335e-01,-2.3825e-01,-2.2367e-01,-2.0961e-01,-1.9604e-01,-1.8295e-01,-1.7031e-01,-1.5809e-01,-1.4629e-01,-1.3488e-01,-1.2383e-01,-1.1315e-01,-1.0281e-01,-9.2823e-02,-8.3176e-02,-7.3870e-02,-6.4906e-02,-5.6285e-02,-4.8009e-02,-4.0077e-02,-3.2488e-02,-2.5237e-02,-1.8320e-02,-1.1729e-02,-5.4529e-03,5.2097e-04
6.3823e-04,-5.2352e-02,-1.0365e-01,-1.5315e-01,-2.0081e-01,-2.4660e-01,-2.9050e-01,-3.3255e-01,-3.7276e-01,-4.1119e-01,-4.4789e-01,-4.8290e-01,-5.1630e-01,-5.4812e-01,-5.7843e-01,-6.0728e-01,-6.3473e-01,-6.6081e-01,-6.8559e-01,-7.0910e-01,-7.3138e-01,-7.5247e-01,-7.7242e-01,-7.9125e-01,-8.0902e-01,-8.2575e-01,-8.4148e-01,-8.5625e-01,-8.7009e-01,-8.8304e-01,-8.9513e-01,-9.0640e-01,-9.1688e-01,-9.2660e-01,-9.3560e-01,-9.4392e-01,-9.5160e-01,-9.5868e-01,-9.6521e-01,-9.7124e-01,-9.7681e-01,-9.8188e-01,-9.8625e-01,-9.8940e-01,-9.9021e-01,-9.8670e-01,-9.7589e-01,-9.5429e-01,-9.2006e-01,-8.7672e-01,-8.3453e-01,-8.0193e-01,-7.7550e-01,-7.4692e-01,-7.1431e-01,-6.8110e-01,-6.5029e-01,-6.2244e-01,-5.9661e-01,-5.7171e-01,-5.4711e-01,-5.2270e-01,-4.9864e-01,-4.7518e-01,-4.5249e-01,-4.3065e-01,-4.0965e-01,-3.8942e-01,-3.6988e-01,-3.5095e-01,-3.3258e-01,-3.1473e-01,-2.9740e-01,-2.8058e-01,-2.6429e-01,-2.4853e-01,-2.3330e-01,-2.1860e-01,-2.0441e-01,-1.9074e-01,-1.7754e-01,-1.6481e-01,-1.5252e-01,-1.4064e-01,-1.2916e-01,-1.1806e-01,-1.0733e-01,-9.6953e-02,-8.6930e-02,-7.7255e-02,-6.7927e-02,-5.8946e-02,-5.0314e-02,-4.2029e-02,-3.4093e-02,-2.6503e-02,-1.9255e-02,-1.2344e-02,-5.7611e-03,5.0400e-04
3.7332e-04,-5.2588e-02,-1.0387e-01,-1.5338e-01,-2.0106e-01,-2.4686e-01,-2.9080e-01,-3.3288e-01,-3.7313e-01,-4.1159e-01,-4.4833e-01,-4.8338e-01,-5.1681e-01,-5.4867e-01,-5.7902e-01,-6.0791e-01,-6.3539e-01,-6.6152e-01,-6.8634e-01,-7.0988e-01,-7.3221e-01,-7.5335e-01,-7.7334e-01,-7.9222e-01,-8.1003e-01,-8.2681e-01,-8.4258e-01,-8.5738e-01,-8.7125e-01,-8.8422e-01,-8.9632e-01,-9.0760e-01,-9.1808e-01,-9.2779e-01,-9.3678e-01,-9.4506e-01,-9.5269e-01,-9.5969e-01,-9.6611e-01,-9.7201e-01,-9.7743e-01,-9.8241e-01,-9.8691e-01,-9.9074e-01,-9.9335e-01,-9.9365e-01,-9.8964e-01,-9.7832e-01,-9.5624e-01,-9.2155e-01,-8.7779e-01,-8.3519e-01,-8.0219e-01,-7.7540e-01,-7.4649e-01,-7.1353e-01,-6.7995e-01,-6.4881e-01,-6.2068e-01,-5.9463e-01,-5.6953e-01,-5.4474e-01,-5.2011e-01,-4.9582e-01,-4.7211e-01,-4.4917e-01,-4.2709e-01,-4.0586e-01,-3.8541e-01,-3.6567e-01,-3.4656e-01,-3.2801e-01,-3.1001e-01,-2.9253e-01,-2.7557e-01,-2.5914e-01,-2.4325e-01,-2.2790e-01,-2.1308e-01,-1.9879e-01,-1.8502e-01,-1.7173e-01,-1.5892e-01,-1.4655e-01,-1.3461e-01,-1.2308e-01,-1.1194e-01,-1.0117e-01,-9.0761e-02,-8.0714e-02,-7.1022e-02,-6.1682e-02,-5.2694e-02,-4.4058e-02,-3.5775e-02,-2.7843e-02,-2.0261e-02,-1.3024e-02,-6.1262e-03,4.4046e-04
8.6799e-05,-5.2824e-02,-1.0408e-01,-1.5357e-01,-2.0124e-01,-2.4706e-01,-2.9101e-01,-3.3310e-01,-3.7337e-01,-4.1186e-01,-4.4861e-01,-4.8369e-01,-5.1714e-01,-5.4902e-01,-5.7940e-01,-6.0831e-01,-6.3582e-01,-6.6198e-01,-6.8682e-01,-7.1041e-01,-7.3276e-01,-7.5394e-01,-7.7397e-01,-7.9289e-01,-8.1073e-01,-8.2754e-01,-8.4334e-01,-8.5818e-01,-8.7207e-01,-8.8507e-01,-8.9719e-01,-9.0848e-01,-9.1896e-01,-9.2867e-01,-9.3764e-01,-9.4591e-01,-9.5350e-01,-9.6045e-01,-9.6679e-01,-9.7258e-01,-9.7787e-01,-9.8270e-01,-9.8711e-01,-9.9106e-01,-9.9436e-01,-9.9646e-01,-9.9626e-01,-9.9175e-01,-9.7995e-01,-9.5740e-01,-9.2227e-01,-8.7810e-01,-8.3509e-01,-8.0170e-01,-7.7457e-01,-7.4535e-01,-7.1206e-01,-6.7813e-01,-6.4667e-01,-6.1828e-01,-5.9202e-01,-5.6673e-01,-5.4175e-01,-5.1692e-01,-4.9240e-01,-4.6846e-01,-4.4528e-01,-4.2297e-01,-4.0152e-01,-3.8087e-01,-3.6094e-01,-3.4165e-01,-3.2295e-01,-3.0479e-01,-2.8717e-01,-2.7008e-01,-2.5353e-01,-2.3752e-01,-2.2206e-01,-2.0714e-01,-1.9275e-01,-1.7888e-01,-1.6552e-01,-1.5264e-01,-1.4021e-01,-1.2822e-01,-1.1664e-01,-1.0546e-01,-9.4661e-02,-8.4237e-02,-7.4177e-02,-6.4478e-02,-5.5136e-02,-4.6150e-02,-3.7521e-02,-2.9249e-02,-2.1331e-02,-1.3765e-02,-6.5472e-03,3.2918e-04
-2.1748e-04,-5.3058e-02,-1.0426e-01,-1.5372e-01,-2.0137e-01,-2.4718e-01,-2.9112e-01,-3.3322e-01,-3.7349e-01,-4.1199e-01,-4.4875e-01,-4.8383e-01,-5.1729e-01,-5.4919e-01,-5.7957e-01,-6.0850e-01,-6.3602e-01,-6.6219e-01,-6.8705e-01,-7.1065e-01,-7.3303e-01,-7.5423e-01,-7.7428e-01,-7.9323e-01,-8.1110e-01,-8.2794e-01,-8.4377e-01,-8.5864e-01,-8.7256e-01,-8.8557e-01,-8.9771e-01,-9.0901e-01,-9.1950e-01,-9.2921e-01,-9.3818e-01,-9.4643e-01,-9.5399e-01,-9.6090e-01,-9.6720e-01,-9.7291e-01,-9.7809e-01,-9.8279e-01,-9.8705e-01,-9.9091e-01,-9.9433e-01,-9.9712e-01,-9.9873e-01,-9.9804e-01,-9.9306e-01,-9.8078e-01,-9.5777e-01,-9.2221e-01,-8.7764e-01,-8.3424e-01,-8.0047e-01,-7.7301e-01,-7.4350e-01,-7.0990e-01,-6.7564e-01,-6.4387e-01,-6.1523e-01,-5.8876e-01,-5.6330e-01,-5.3814e-01,-5.1312e-01,-4.8839e-01,-4.6423e-01,-4.4083e-01,-4.1830e-01,-3.9664e-01,-3.7579e-01,-3.5568e-01,-3.3623e-01,-3.1737e-01,-2.9908e-01,-2.8133e-01,-2.6412e-01,-2.4745e-01,-2.3133e-01,-2.1577e-01,-2.0075e-01,-1.8628e-01,-1.7234e-01,-1.5890e-01,-1.4596e-01,-1.3348e-01,-1.2145e-01,-1.0984e-01,-9.8632e-02,-8.7818e-02,-7.7384e-02,-6.7322e-02,-5.7625e-02,-4.8291e-02,-3.9319e-02,-3.0706e-02,-2.2453e-02,-1.4558e-02,-7.0174e-03,1.7323e-04
-5.3473e-04,-5.3284e-02,-1.0442e-01,-1.5383e-01,-2.0144e-01,-2.4721e-01,-2.9114e-01,-3.3322e-01,-3.7348e-01,-4.1197e-01,-4.4873e-01,-4.8380e-01,-5.1726e-01,-5.4915e-01,-5.7953e-01,-6.0845e-01,-6.3597e-01,-6.6214e-01,-6.8701e-01,-7.1061e-01,-7.3300e-01,-7.5421e-01,-7.7428e-01,-7.9324e-01,-8.1114e-01,-8.2800e-01,-8.4385e-01,-8.5874e-01,-8.7268e-01,-8.8571e-01,-8.9787e-01,-9.0918e-01,-9.1968e-01,-9.2939e-01,-9.3835e-01,-9.4659e-01,-9.5414e-01,-9.6103e-01,-9.6728e-01,-9.7295e-01,-9.7805e-01,-9.8263e-01,-9.8676e-01,-9.9047e-01,-9.9380e-01,-9.9672e-01,-9.9902e-01,-1.0002e+00,-9.9900e-01,-9.9355e-01,-9.8081e-01,-9.5735e-01,-9.2138e-01,-8.7642e-01,-8.3263e-01,-7.9848e-01,-7.7071e-01,-7.4093e-01,-7.0705e-01,-6.7248e-01,-6.4042e-01,-6.1153e-01,-5.8487e-01,-5.5924e-01,-5.3391e-01,-5.0871e-01,-4.8379e-01,-4.5942e-01,-4.3581e-01,-4.1307e-01,-3.9121e-01,-3.7018e-01,-3.4990e-01,-3.3029e-01,-3.1130e-01,-2.9287e-01,-2.7500e-01,-2.5768e-01,-2.4091e-01,-2.2470e-01,-2.0904e-01,-1.9394e-01,-1.7939e-01,-1.6538e-01,-1.5189e-01,-1.3889e-01,-1.2637e-01,-1.1431e-01,-1.0268e-01,-9.1457e-02,-8.0638e-02,-7.0205e-02,-6.0150e-02,-5.0467e-02,-4.1151e-02,-3.2201e-02,-2.3615e-02,-1.5391e-02,-7.5277e-03,-2.0906e-05
-8.6026e-04,-5.3498e-02,-1.0454e-01,-1.5388e-01,-2.0143e-01,-2.4716e-01,-2.9105e-01,-3.3310e-01,-3.7334e-01,-4.1180e-01,-4.4854e-01,-4.8359e-01,-5.1703e-01,-5.4890e-01,-5.7926e-01,-6.0817e-01,-6.3568e-01,-6.6183e-01,-6.8669e-01,-7.1029e-01,-7.3267e-01,-7.5388e-01,-7.7395e-01,-7.9293e-01,-8.1083e-01,-8.2770e-01,-8.4357e-01,-8.5847e-01,-8.7243e-01,-8.8548e-01,-8.9765e-01,-9.0897e-01,-9.1947e-01,-9.2919e-01,-9.3815e-01,-9.4638e-01,-9.5392e-01,-9.6078e-01,-9.6702e-01,-9.7264e-01,-9.7769e-01,-9.8220e-01,-9.8622e-01,-9.8979e-01,-9.9297e-01,-9.9580e-01,-9.9823e-01,-1.0001e+00,-1.0007e+00,-9.9912e-01,-9.9322e-01,-9.8004e-01,-9.5615e-01,-9.1977e-01,-8.7443e-01,-8.3027e-01,-7.9575e-01,-7.6769e-01,-7.3766e-01,-7.0352e-01,-6.6866e-01,-6.3631e-01,-6.0719e-01,-5.8034e-01,-5.5454e-01,-5.2906e-01,-5.0369e-01,-4.7859e-01,-4.5402e-01,-4.3021e-01,-4.0728e-01,-3.8523e-01,-3.6403e-01,-3.4359e-01,-3.2384e-01,-3.0472e-01,-2.8618e-01,-2.6820e-01,-2.5078e-01,-2.3391e-01,-2.1761e-01,-2.0187e-01,-1.8670e-01,-1.7209e-01,-1.5802e-01,-1.4448e-01,-1.3144e-01,-1.1889e-01,-1.0680e-01,-9.5160e-02,-8.3938e-02,-7.3123e-02,-6.2702e-02,-5.2665e-02,-4.3005e-02,-3.3718e-02,-2.4800e-02,-1.6250e-02,-8.0649e-03,-2.4195e-04
-1.1895e-03,-5.3694e-02,-1.0463e-01,-1.5387e-01,-2.0135e-01,-2.4702e-01,-2.9085e-01,-3.3285e-01,-3.7305e-01,-4.1147e-01,-4.4817e-01,-4.8320e-01,-5.1660e-01,-5.4844e-01,-5.7877e-01,-6.0764e-01,-6.3512e-01,-6.6126e-01,-6.8609e-01,-7.0967e-01,-7.3204e-01,-7.5323e-01,-7.7330e-01,-7.9227e-01,-8.1017e-01,-8.2705e-01,-8.4292e-01,-8.5783e-01,-8.7180e-01,-8.8486e-01,-8.9704e-01,-9.0836e-01,-9.1887e-01,-9.2859e-01,-9.3755e-01,-9.4577e-01,-9.5330e-01,-9.6015e-01,-9.6636e-01,-9.7196e-01,-9.7697e-01,-9.8143e-01,-9.8537e-01,-9.8883e-01,-9.9188e-01,-9.9455e-01,-9.9689e-01,-9.9885e-01,-1.0002e+00,-1.0005e+00,-9.9842e-01,-9.9208e-01,-9.7846e-01,-9.5415e-01,-9.1738e-01,-8.7168e-01,-8.2715e-01,-7.9228e-01,-7.6393e-01,-7.3368e-01,-6.9930e-01,-6.6416e-01,-6.3154e-01,-6.0219e-01,-5.7516e-01,-5.4921e-01,-5.2358e-01,-4.9806e-01,-4.7279e-01,-4.4804e-01,-4.2405e-01,-4.0093e-01,-3.7871e-01,-3.5735e-01,-3.3677e-01,-3.1688e-01,-2.9764e-01,-2.7899e-01,-2.6091e-01,-2.4340e-01,-2.2645e-01,-2.1007e-01,-1.9427e-01,-1.7903e-01,-1.6436e-01,-1.5025e-01,-1.3667e-01,-1.2360e-01,-1.1103e-01,-9.8937e-02,-8.7290e-02,-7.6076e-02,-6.5276e-02,-5.4876e-02,-4.4868e-02,-3.5242e-02,-2.5994e-02,-1.7119e-02,-8.6137e-03,-4.7675e-04
-1.5182e-03,-5.3866e-02,-1.0467e-01,-1.5380e-01,-2.0118e-01,-2.4677e-01,-2.9053e-01,-3.3247e-01,-3.7261e-01,-4.1098e-01,-4.4763e-01,-4.8260e-01,-5.1596e-01,-5.4775e-01,-5.7803e-01,-6.0687e-01,-6.3431e-01,-6.6040e-01,-6.8520e-01,-7.0875e-01,-7.3109e-01,-7.5226e-01,-7.7230e-01,-7.9125e-01,-8.0915e-01,-8.2601e-01,-8.4189e-01,-8.5679e-01,-8.7076e-01,-8.8383e-01,-8.9601e-01,-9.0735e-01,-9.1786e-01,-9.2758e-01,-9.3653e-01,-9.4475e-01,-9.5227e-01,-9.5911e-01,-9.6530e-01,-9.7087e-01,-9.7586e-01,-9.8028e-01,-9.8416e-01,-9.8755e-01,-9.9049e-01,-9.9302e-01,-9.9521e-01,-9.9708e-01,-9.9859e-01,-9.9953e-01,-9.9934e-01,-9.9688e-01,-9.9012e-01,-9.7608e-01,-9.5136e-01,-9.1422e-01,-8.6817e-01,-8.2327e-01,-7.8806e-01,-7.5944e-01,-7.2900e-01,-6.9440e-01,-6.5900e-01,-6.2612e-01,-5.9655e-01,-5.6935e-01,-5.4325e-01,-5.1749e-01,-4.9182e-01,-4.6639e-01,-4.4148e-01,-4.1731e-01,-3.9402e-01,-3.7164e-01,-3.5013e-01,-3.2942e-01,-3.0941e-01,-2.9006e-01,-2.7132e-01,-2.5315e-01,-2.3556e-01,-2.1854e-01,-2.0210e-01,-1.8623e-01,-1.7094e-01,-1.5623e-01,-1.4208e-01,-1.2847e-01,-1.1539e-01,-1.0281e-01,-9.0709e-02,-7.9072e-02,-6.7874e-02,-5.7100e-02,-4.6733e-02,-3.6763e-02,-2.7182e-02,-1.7982e-02,-9.1593e-03,-7.0976e-04
-1.8420e-03,-5.4011e-02,-1.0466e-01,-1.5366e-01,-2.0093e-01,-2.4641e-01,-2.9008e-01,-3.3194e-01,-3.7201e-01,-4.1031e-01,-4.4689e-01,-4.8180e-01,-5.1510e-01,-5.4683e-01,-5.7706e-01,-6.0584e-01,-6.3322e-01,-6.5926e-01,-6.8401e-01,-7.0751e-01,-7.2981e-01,-7.5094e-01,-7.7095e-01,-7.8988e-01,-8.0775e-01,-8.2460e-01,-8.4046e-01,-8.5535e-01,-8.6932e-01,-8.8238e-01,-8.9457e-01,-9.0590e-01,-9.1641e-01,-9.2613e-01,-9.3508e-01,-9.4330e-01,-9.5080e-01,-9.5763e-01,-9.6381e-01,-9.6936e-01,-9.7432e-01,-9.7871e-01,-9.8255e-01,-9.8589e-01,-9.8875e-01,-9.9118e-01,-9.9323e-01,-9.9494e-01,-9.9636e-01,-9.9744e-01,-9.9796e-01,-9.9737e-01,-9.9450e-01,-9.8734e-01,-9.7289e-01,-9.4778e-01,-9.1028e-01,-8.6389e-01,-8.1864e-01,-7.8309e-01,-7.5423e-01,-7.2361e-01,-6.8882e-01,-6.5318e-01,-6.2005e-01,-5.9027e-01,-5.6290e-01,-5.3666e-01,-5.1077e-01,-4.8496e-01,-4.5939e-01,-4.3433e-01,-4.1000e-01,-3.8656e-01,-3.6403e-01,-3.4239e-01,-3.2155e-01,-3.0144e-01,-2.8199e-01,-2.6316e-01,-2.4492e-01,-2.2726e-01,-2.1017e-01,-1.9367e-01,-1.7776e-01,-1.6243e-01,-1.4768e-01,-1.3351e-01,-1.1988e-01,-1.0679e-01,-9.4212e-02,-8.2125e-02,-7.0507e-02,-5.9337e-02,-4.8598e-02,-3.8274e-02,-2.8354e-02,-1.8826e-02,-9.6852e-03,-9.2430e-04
-2.1560e-03,-5.4124e-02,-1.0459e-01,-1.5344e-01,-2.0057e-01,-2.4594e-01,-2.8950e-01,-3.3126e-01,-3.7124e-01,-4.0945e-01,-4.4595e-01,-4.8079e-01,-5.1400e-01,-5.4566e-01,-5.7582e-01,-6.0453e-01,-6.3185e-01,-6.5782e-01,-6.8251e-01,-7.0595e-01,-7.2819e-01,-7.4928e-01,-7.6925e-01,-7.8813e-01,-8.0597e-01,-8.2279e-01,-8.3862e-01,-8.5350e-01,-8.6745e-01,-8.8050e-01,-8.9268e-01,-9.0401e-01,-9.1452e-01,-9.2423e-01,-9.3318e-01,-9.4139e-01,-9.4888e-01,-9.5570e-01,-9.6186e-01,-9.6739e-01,-9.7233e-01,-9.7669e-01,-9.8051e-01,-9.8381e-01,-9.8661e-01,-9.8897e-01,-9.9090e-01,-9.9248e-01,-9.9375e-01,-9.9474e-01,-9.9541e-01,-9.9553e-01,-9.9455e-01,-9.9129e-01,-9.8373e-01,-9.6889e-01,-9.4341e-01,-9.0556e-01,-8.5884e-01,-8.1326e-01,-7.7739e-01,-7.4829e-01,-7.1752e-01,-6.8256e-01,-6.4670e-01,-6.1333e-01,-5.8334e-01,-5.5581e-01,-5.2944e-01,-5.0342e-01,-4.7750e-01,-4.5180e-01,-4.2659e-01,-4.0212e-01,-3.7854e-01,-3.5588e-01,-3.3411e-01,-3.1316e-01,-2.9295e-01,-2.7342e-01,-2.5451e-01,-2.3621e-01,-2.1849e-01,-2.0136e-01,-1.8482e-01,-1.6887e-01,-1.5351e-01,-1.3873e-01,-1.2454e-01,-1.1091e-01,-9.7820e-02,-8.5254e-02,-7.3188e-02,-6.1599e-02,-5.0467e-02,-3.9774e-02,-2.9503e-02,-1.9642e-02,-1.0179e-02,-1.1066e-03
-2.4567e-03,-5.4198e-02,-1.0447e-01,-1.5314e-01,-2.0012e-01,-2.4534e-01,-2.8878e-01,-3.3042e-01,-3.7029e-01,-4.0840e-01,-4.4481e-01,-4.7955e-01,-5.1267e-01,-5.4424e-01,-5.7432e-01,-6.0294e-01,-6.3018e-01,-6.5608e-01,-6.8069e-01,-7.0406e-01,-7.2623e-01,-7.4726e-01,-7.6717e-01,-7.8600e-01,-8.0379e-01,-8.2057e-01,-8.3637e-01,-8.5122e-01,-8.6515e-01,-8.7818e-01,-8.9034e-01,-9.0166e-01,-9.1216e-01,-9.2186e-01,-9.3080e-01,-9.3900e-01,-9.4649e-01,-9.5329e-01,-9.5944e-01,-9.6495e-01,-9.6987e-01,-9.7421e-01,-9.7800e-01,-9.8127e-01,-9.8403e-01,-9.8633e-01,-9.8820e-01,-9.8967e-01,-9.9079e-01,-9.9163e-01,-9.9221e-01,-9.9249e-01,-9.9223e-01,-9.9088e-01,-9.8725e-01,-9.7931e-01,-9.6409e-01,-9.3824e-01,-9.0007e-01,-8.5304e-01,-8.0713e-01,-7.7094e-01,-7.4163e-01,-7.1073e-01,-6.7563e-01,-6.3956e-01,-6.0597e-01,-5.7578e-01,-5.4808e-01,-5.2159e-01,-4.9546e-01,-4.6942e-01,-4.4360e-01,-4.1827e-01,-3.9367e-01,-3.6996e-01,-3.4718e-01,-3.2530e-01,-3.0425e-01,-2.8396e-01,-2.6436e-01,-2.4539e-01,-2.2703e-01,-2.0927e-01,-1.9210e-01,-1.7552e-01,-1.5955e-01,-1.4417e-01,-1.2939e-01,-1.1519e-01,-1.0156e-01,-8.8481e-02,-7.5937e-02,-6.3902e-02,-5.2353e-02,-4.1269e-02,-3.0632e-02,-2.0425e-02,-1.0632e-02,-1.2436e-03
-2.7401e-03,-5.4232e-02,-1.0428e-01,-1.5275e-01,-1.9955e-01,-2.4461e-01,-2.8790e-01,-3.2941e-01,-3.6915e-01,-4.0715e-01,-4.4344e-01,-4.7807e-01,-5.1109e-01,-5.4256e-01,-5.7253e-01,-6.0106e-01,-6.2820e-01,-6.5401e-01,-6.7853e-01,-7.0182e-01,-7.2392e-01,-7.4486e-01,-7.6470e-01,-7.8347e-01,-8.0120e-01,-8.1793e-01,-8.3368e-01,-8.4849e-01,-8.6239e-01,-8.7539e-01,-8.8753e-01,-8.9883e-01,-9.0932e-01,-9.1901e-01,-9.2794e-01,-9.3613e-01,-9.4360e-01,-9.5039e-01,-9.5652e-01,-9.6202e-01,-9.6691e-01,-9.7123e-01,-9.7500e-01,-9.7824e-01,-9.8097e-01,-9.8323e-01,-9.8505e-01,-9.8644e-01,-9.8746e-01,-9.8816e-01,-9.8859e-01,-9.8877e-01,-9.8867e-01,-9.8806e-01,-9.8635e-01,-9.8236e-01,-9.7406e-01,-9.5848e-01,-9.3228e-01,-8.9379e-01,-8.4647e-01,-8.0025e-01,-7.6376e-01,-7.3425e-01,-7.0324e-01,-6.6801e-01,-6.3177e-01,-5.9796e-01,-5.6757e-01,-5.3973e-01,-5.1311e-01,-4.8687e-01,-4.6073e-01,-4.3480e-01,-4.0935e-01,-3.8464e-01,-3.6082e-01,-3.3793e-01,-3.1596e-01,-2.9484e-01,-2.7447e-01,-2.5481e-01,-2.3580e-01,-2.1740e-01,-1.9960e-01,-1.8240e-01,-1.6581e-01,-1.4981e-01,-1.3443e-01,-1.1964e-01,-1.0545e-01,-9.1833e-02,-7.8780e-02,-6.6267e-02,-5.4272e-02,-4.2773e-02,-3.1748e-02,-2.1177e-02,-1.1042e-02,-1.3287e-03
-3.0033e-03,-5.4220e-02,-1.0402e-01,-1.5227e-01,-1.9886e-01,-2.4374e-01,-2.8686e-01,-3.2822e-01,-3.6782e-01,-4.0568e-01,-4.4184e-01,-4.7634e-01,-5.0924e-01,-5.4059e-01,-5.7045e-01,-5.9887e-01,-6.2590e-01,-6.5161e-01,-6.7603e-01,-6.9922e-01,-7.2122e-01,-7.4208e-01,-7.6184e-01,-7.8053e-01,-7.9819e-01,-8.1486e-01,-8.3055e-01,-8.4531e-01,-8.5916e-01,-8.7213e-01,-8.8424e-01,-8.9551e-01,-9.0598e-01,-9.1565e-01,-9.2456e-01,-9.3274e-01,-9.4020e-01,-9.4697e-01,-9.5309e-01,-9.5857e-01,-9.6344e-01,-9.6774e-01,-9.7148e-01,-9.7470e-01,-9.7741e-01,-9.7964e-01,-9.8141e-01,-9.8275e-01,-9.8370e-01,-9.8429e-01,-9.8458e-01,-9.8461e-01,-9.8443e-01,-9.8397e-01,-9.8301e-01,-9.8096e-01,-9.7664e-01,-9.6799e-01,-9.5206e-01,-9.2553e-01,-8.8674e-01,-8.3914e-01,-7.9262e-01,-7.5584e-01,-7.2615e-01,-6.9505e-01,-6.5973e-01,-6.2332e-01,-5.8931e-01,-5.5874e-01,-5.3074e-01,-5.0401e-01,-4.7767e-01,-4.5143e-01,-4.2540e-01,-3.9986e-01,-3.7504e-01,-3.5112e-01,-3.2815e-01,-3.0610e-01,-2.8491e-01,-2.6449e-01,-2.4478e-01,-2.2573e-01,-2.0730e-01,-1.8948e-01,-1.7227e-01,-1.5566e-01,-1.3967e-01,-1.2428e-01,-1.0951e-01,-9.5329e-02,-8.1739e-02,-6.8719e-02,-5.6249e-02,-4.4305e-02,-3.2865e-02,-2.1908e-02,-1.1413e-02,-1.3605e-03
-3.2436e-03,-5.4158e-02,-1.0368e-01,-1.5168e-01,-1.9805e-01,-2.4273e-01,-2.8566e-01,-3.2684e-01,-3.6627e-01,-4.0398e-01,-4.3999e-01,-4.7436e-01,-5.0712e-01,-5.3834e-01,-5.6807e-01,-5.9636e-01,-6.2327e-01,-6.4885e-01,-6.7316e-01,-6.9624e-01,-7.1814e-01,-7.3890e-01,-7.5856e-01,-7.7717e-01,-7.9475e-01,-8.1133e-01,-8.2696e-01,-8.4166e-01,-8.5546e-01,-8.6838e-01,-8.8045e-01,-8.9168e-01,-9.0212e-01,-9.1177e-01,-9.2066e-01,-9.2882e-01,-9.3626e-01,-9.4302e-01,-9.4912e-01,-9.5458e-01,-9.5943e-01,-9.6371e-01,-9.6743e-01,-9.7062e-01,-9.7330e-01,-9.7550e-01,-9.7725e-01,-9.7855e-01,-9.7945e-01,-9.7997e-01,-9.8015e-01,-9.8005e-01,-9.7971e-01,-9.7917e-01,-9.7838e-01,-9.7709e-01,-9.7472e-01,-9.7007e-01,-9.6110e-01,-9.4483e-01,-9.1799e-01,-8.7891e-01,-8.3105e-01,-7.8424e-01,-7.4719e-01,-7.1733e-01,-6.8617e-01,-6.5078e-01,-6.1422e-01,-5.8002e-01,-5.4926e-01,-5.2112e-01,-4.9427e-01,-4.6784e-01,-4.4151e-01,-4.1540e-01,-3.8977e-01,-3.6488e-01,-3.4088e-01,-3.1783e-01,-2.9571e-01,-2.7447e-01,-2.5401e-01,-2.3427e-01,-2.1519e-01,-1.9675e-01,-1.7892e-01,-1.6171e-01,-1.4510e-01,-1.2912e-01,-1.1374e-01,-9.8988e-02,-8.4839e-02,-7.1284e-02,-5.8307e-02,-4.5888e-02,-3.4005e-02,-2.2635e-02,-1.1755e-02,-1.3450e-03
-3.4584e-03,-5.4044e-02,-1.0327e-01,-1.5099e-01,-1.9712e-01,-2.4156e-01,-2.8428e-01,-3.2526e-01,-3.6451e-01,-4.0204e-01,-4.3789e-01,-4.7209e-01,-5.0470e-01,-5.3577e-01,-5.6536e-01,-5.9351e-01,-6.2029e-01,-6.4574e-01,-6.6992e-01,-6.9288e-01,-7.1466e-01,-7.3531e-01,-7.5486e-01,-7.7336e-01,-7.9085e-01,-8.0735e-01,-8.2290e-01,-8.3752e-01,-8.5125e-01,-8.6412e-01,-8.7613e-01,-8.8733e-01,-8.9773e-01,-9.0735e-01,-9.1621e-01,-9.2434e-01,-9.3177e-01,-9.3851e-01,-9.4459e-01,-9.5003e-01,-9.5486e-01,-9.5912e-01,-9.6281e-01,-9.6598e-01,-9.6864e-01,-9.7082e-01,-9.7253e-01,-9.7381e-01,-9.7467e-01,-9.7514e-01,-9.7525e-01,-9.7504e-01,-9.7457e-01,-9.7388e-01,-9.7301e-01,-9.7189e-01,-9.7030e-01,-9.6762e-01,-9.6266e-01,-9.5337e-01,-9.3679e-01,-9.0965e-01,-8.7031e-01,-8.2220e-01,-7.7512e-01,-7.3781e-01,-7.0780e-01,-6.7659e-01,-6.4115e-01,-6.0447e-01,-5.7009e-01,-5.3916e-01,-5.1087e-01,-4.8391e-01,-4.5739e-01,-4.3099e-01,-4.0481e-01,-3.7911e-01,-3.5414e-01,-3.3008e-01,-3.0697e-01,-2.8481e-01,-2.6352e-01,-2.4304e-01,-2.2328e-01,-2.0420e-01,-1.8575e-01,-1.6793e-01,-1.5072e-01,-1.3414e-01,-1.1817e-01,-1.0282e-01,-8.8094e-02,-7.3983e-02,-6.0473e-02,-4.7550e-02,-3.5192e-02,-2.3379e-02,-1.2088e-02,-1.2950e-03
-3.6461e-03,-5.3874e-02,-1.0277e-01,-1.5020e-01,-1.9604e-01,-2.4023e-01,-2.8271e-01,-3.2348e-01,-3.6252e-01,-3.9986e-01,-4.3552e-01,-4.6954e-01,-5.0198e-01,-5.3289e-01,-5.6231e-01,-5.9031e-01,-6.1694e-01,-6.4224e-01,-6.6628e-01,-6.8910e-01,-7.1075e-01,-7.3128e-01,-7.5071e-01,-7.6910e-01,-7.8648e-01,-8.0288e-01,-8.1834e-01,-8.3288e-01,-8.4654e-01,-8.5933e-01,-8.7129e-01,-8.8243e-01,-8.9278e-01,-9.0236e-01,-9.1119e-01,-9.1930e-01,-9.2670e-01,-9.3341e-01,-9.3947e-01,-9.4490e-01,-9.4971e-01,-9.5394e-01,-9.5761e-01,-9.6076e-01,-9.6339e-01,-9.6554e-01,-9.6724e-01,-9.6849e-01,-9.6932e-01,-9.6976e-01,-9.6982e-01,-9.6954e-01,-9.6896e-01,-9.6814e-01,-9.6712e-01,-9.6592e-01,-9.6451e-01,-9.6263e-01,-9.5966e-01,-9.5442e-01,-9.4483e-01,-9.2795e-01,-9.0052e-01,-8.6094e-01,-8.1259e-01,-7.6526e-01,-7.2770e-01,-6.9756e-01,-6.6633e-01,-6.3086e-01,-5.9407e-01,-5.5953e-01,-5.2842e-01,-4.9999e-01,-4.7293e-01,-4.4633e-01,-4.1986e-01,-3.9361e-01,-3.6785e-01,-3.4284e-01,-3.1872e-01,-2.9558e-01,-2.7339e-01,-2.5208e-01,-2.3158e-01,-2.1182e-01,-1.9275e-01,-1.7432e-01,-1.5651e-01,-1.3933e-01,-1.2276e-01,-1.0683e-01,-9.1515e-02,-7.6832e-02,-6.2768e-02,-4.9314e-02,-3.6454e-02,-2.4168e-02,-1.2435e-02,-1.2313e-03
-3.8058e-03,-5.3646e-02,-1.0219e-01,-1.4928e-01,-1.9482e-01,-2.3873e-01,-2.8095e-01,-3.2147e-01,-3.6029e-01,-3.9741e-01,-4.3286e-01,-4.6669e-01,-4.9895e-01,-5.2967e-01,-5.5892e-01,-5.8674e-01,-6.1320e-01,-6.3835e-01,-6.6223e-01,-6.8491e-01,-7.0641e-01,-7.2680e-01,-7.4610e-01,-7.6436e-01,-7.8162e-01,-7.9792e-01,-8.1327e-01,-8.2772e-01,-8.4128e-01,-8.5400e-01,-8.6589e-01,-8.7697e-01,-8.8726e-01,-8.9680e-01,-9.0559e-01,-9.1366e-01,-9.2103e-01,-9.2772e-01,-9.3375e-01,-9.3916e-01,-9.4395e-01,-9.4816e-01,-9.5181e-01,-9.5493e-01,-9.5754e-01,-9.5967e-01,-9.6133e-01,-9.6256e-01,-9.6337e-01,-9.6378e-01,-9.6381e-01,-9.6349e-01,-9.6284e-01,-9.6191e-01,-9.6075e-01,-9.5942e-01,-9.5793e-01,-9.5623e-01,-9.5408e-01,-9.5085e-01,-9.4533e-01,-9.3546e-01,-9.1829e-01,-8.9060e-01,-8.5078e-01,-8.0223e-01,-7.5466e-01,-7.1687e-01,-6.8661e-01,-6.5537e-01,-6.1990e-01,-5.8302e-01,-5.4832e-01,-5.1706e-01,-4.8849e-01,-4.6132e-01,-4.3465e-01,-4.0812e-01,-3.8183e-01,-3.5602e-01,-3.3097e-01,-3.0682e-01,-2.8366e-01,-2.6145e-01,-2.4014e-01,-2.1965e-01,-1.9990e-01,-1.8085e-01,-1.6244e-01,-1.4467e-01,-1.2752e-01,-1.1099e-01,-9.5101e-02,-7.9839e-02,-6.5208e-02,-5.1204e-02,-3.7816e-02,-2.5029e-02,-1.2824e-02,-1.1791e-03
-3.9369e-03,-5.3359e-02,-1.0151e-01,-1.4825e-01,-1.9345e-01,-2.3705e-01,-2.7899e-01,-3.1924e-01,-3.5780e-01,-3.9469e-01,-4.2992e-01,-4.6353e-01,-4.9557e-01,-5.2610e-01,-5.5515e-01,-5.8279e-01,-6.0907e-01,-6.3404e-01,-6.5776e-01,-6.8026e-01,-7.0161e-01,-7.2185e-01,-7.4100e-01,-7.5913e-01,-7.7626e-01,-7.9243e-01,-8.0767e-01,-8.2201e-01,-8.3548e-01,-8.4811e-01,-8.5991e-01,-8.7092e-01,-8.8115e-01,-8.9063e-01,-8.9937e-01,-9.0740e-01,-9.1474e-01,-9.2140e-01,-9.2741e-01,-9.3278e-01,-9.3755e-01,-9.4174e-01,-9.4537e-01,-9.4847e-01,-9.5105e-01,-9.5316e-01,-9.5480e-01,-9.5601e-01,-9.5680e-01,-9.5718e-01,-9.5719e-01,-9.5684e-01,-9.5615e-01,-9.5515e-01,-9.5389e-01,-9.5242e-01,-9.5078e-01,-9.4902e-01,-9.4706e-01,-9.4465e-01,-9.4117e-01,-9.3539e-01,-9.2526e-01,-9.0783e-01,-8.7989e-01,-8.3986e-01,-7.9111e-01,-7.4333e-01,-7.0531e-01,-6.7494e-01,-6.4373e-01,-6.0827e-01,-5.7133e-01,-5.3649e-01,-5.0506e-01,-4.7636e-01,-4.4910e-01,-4.2235e-01,-3.9577e-01,-3.6944e-01,-3.4361e-01,-3.1854e-01,-2.9438e-01,-2.7121e-01,-2.4900e-01,-2.2771e-01,-2.0724e-01,-1.8752e-01,-1.6850e-01,-1.5014e-01,-1.3241e-01,-1.1531e-01,-9.8838e-02,-8.3000e-02,-6.7798e-02,-5.3232e-02,-3.9298e-02,-2.5986e-02,-1.3281e-02,-1.1661e-03
-4.0395e-03,-5.3011e-02,-1.0074e-01,-1.4709e-01,-1.9193e-01,-2.3520e-01,-2.7682e-01,-3.1678e-01,-3.5506e-01,-3.9168e-01,-4.2666e-01,-4.6004e-01,-4.9185e-01,-5.2216e-01,-5.5100e-01,-5.7844e-01,-6.0452e-01,-6.2930e-01,-6.5283e-01,-6.7516e-01,-6.9634e-01,-7.1640e-01,-7.3541e-01,-7.5338e-01,-7.7037e-01,-7.8641e-01,-8.0152e-01,-8.1574e-01,-8.2910e-01,-8.4163e-01,-8.5334e-01,-8.6427e-01,-8.7443e-01,-8.8384e-01,-8.9253e-01,-9.0051e-01,-9.0780e-01,-9.1443e-01,-9.2041e-01,-9.2576e-01,-9.3050e-01,-9.3467e-01,-9.3827e-01,-9.4135e-01,-9.4391e-01,-9.4599e-01,-9.4761e-01,-9.4880e-01,-9.4956e-01,-9.4993e-01,-9.4992e-01,-9.4955e-01,-9.4883e-01,-9.4779e-01,-9.4647e-01,-9.4489e-01,-9.4313e-01,-9.4122e-01,-9.3919e-01,-9.3698e-01,-9.3434e-01,-9.3063e-01,-9.2462e-01,-9.1424e-01,-8.9656e-01,-8.6839e-01,-8.2817e-01,-7.7925e-01,-7.3125e-01,-6.9303e-01,-6.6257e-01,-6.3139e-01,-5.9597e-01,-5.5899e-01,-5.2402e-01,-4.9244e-01,-4.6361e-01,-4.3625e-01,-4.0944e-01,-3.8283e-01,-3.5647e-01,-3.3063e-01,-3.0554e-01,-2.8139e-01,-2.5823e-01,-2.3605e-01,-2.1479e-01,-1.9436e-01,-1.7469e-01,-1.5572e-01,-1.3741e-01,-1.1974e-01,-1.0271e-01,-8.6302e-02,-7.0533e-02,-5.5403e-02,-4.0912e-02,-2.7058e-02,-1.3832e-02,-1.2206e-03
-4.1145e-03,-5.2603e-02,-9.9883e-02,-1.4581e-01,-1.9026e-01,-2.3315e-01,-2.7443e-01,-3.1406e-01,-3.5204e-01,-3.8838e-01,-4.2308e-01,-4.5620e-01,-4.8777e-01,-5.1783e-01,-5.4645e-01,-5.7366e-01,-5.9953e-01,-6.2410e-01,-6.4743e-01,-6.6957e-01,-6.9056e-01,-7.1045e-01,-7.2929e-01,-7.4710e-01,-7.6393e-01,-7.7982e-01,-7.9480e-01,-8.0889e-01,-8.2213e-01,-8.3455e-01,-8.4616e-01,-8.5699e-01,-8.6707e-01,-8.7641e-01,-8.8503e-01,-8.9296e-01,-9.0020e-01,-9.0678e-01,-9.1273e-01,-9.1805e-01,-9.2276e-01,-9.2690e-01,-9.3049e-01,-9.3354e-01,-9.3608e-01,-9.3814e-01,-9.3974e-01,-9.4090e-01,-9.4165e-01,-9.4200e-01,-9.4197e-01,-9.4159e-01,-9.4085e-01,-9.3979e-01,-9.3843e-01,-9.3679e-01,-9.3492e-01,-9.3288e-01,-9.3071e-01,-9.2844e-01,-9.2601e-01,-9.2315e-01,-9.1923e-01,-9.1300e-01,-9.0239e-01,-8.8448e-01,-8.5610e-01,-8.1570e-01,-7.6663e-01,-7.1844e-01,-6.8003e-01,-6.4950e-01,-6.1837e-01,-5.8301e-01,-5.4599e-01,-5.1091e-01,-4.7919e-01,-4.5024e-01,-4.2279e-01,-3.9592e-01,-3.6928e-01,-3.4291e-01,-3.1707e-01,-2.9200e-01,-2.6787e-01,-2.4474e-01,-2.2260e-01,-2.0139e-01,-1.8101e-01,-1.6141e-01,-1.4251e-01,-1.2427e-01,-1.0668e-01,-8.9720e-02,-7.3395e-02,-5.7706e-02,-4.2660e-02,-2.8257e-02,-1.4495e-02,-1.3653e-03
-4.1641e-03,-5.2134e-02,-9.8927e-02,-1.4439e-01,-1.8842e-01,-2.3091e-01,-2.7182e-01,-3.1110e-01,-3.4875e-01,-3.8477e-01,-4.1918e-01,-4.5201e-01,-4.8330e-01,-5.1311e-01,-5.4147e-01,-5.6845e-01,-5.9408e-01,-6.1843e-01,-6.4155e-01,-6.6348e-01,-6.8427e-01,-7.0397e-01,-7.2262e-01,-7.4026e-01,-7.5692e-01,-7.7265e-01,-7.8748e-01,-8.0143e-01,-8.1454e-01,-8.2684e-01,-8.3834e-01,-8.4907e-01,-8.5905e-01,-8.6831e-01,-8.7686e-01,-8.8472e-01,-8.9191e-01,-8.9844e-01,-9.0434e-01,-9.0963e-01,-9.1432e-01,-9.1843e-01,-9.2199e-01,-9.2502e-01,-9.2754e-01,-9.2958e-01,-9.3116e-01,-9.3230e-01,-9.3303e-01,-9.3336e-01,-9.3332e-01,-9.3292e-01,-9.3217e-01,-9.3110e-01,-9.2972e-01,-9.2805e-01,-9.2612e-01,-9.2398e-01,-9.2168e-01,-9.1927e-01,-9.1678e-01,-9.1414e-01,-9.1109e-01,-9.0697e-01,-9.0054e-01,-8.8972e-01,-8.7160e-01,-8.4303e-01,-8.0247e-01,-7.5326e-01,-7.0490e-01,-6.6631e-01,-6.3572e-01,-6.0466e-01,-5.6938e-01,-5.3235e-01,-4.9718e-01,-4.6532e-01,-4.3625e-01,-4.0872e-01,-3.8180e-01,-3.5513e-01,-3.2876e-01,-3.0293e-01,-2.7790e-01,-2.5381e-01,-2.3073e-01,-2.0865e-01,-1.8751e-01,-1.6721e-01,-1.4769e-01,-1.2887e-01,-1.1073e-01,-9.3224e-02,-7.6357e-02,-6.0124e-02,-4.4531e-02,-2.9581e-02,-1.5277e-02,-1.6171e-03
-4.1908e-03,-5.1606e-02,-9.7875e-02,-1.4285e-01,-1.8641e-01,-2.2847e-01,-2.6897e-01,-3.0787e-01,-3.4516e-01,-3.8084e-01,-4.1492e-01,-4.4745e-01,-4.7845e-01,-5.0797e-01,-5.3606e-01,-5.6277e-01,-5.8816e-01,-6.1227e-01,-6.3515e-01,-6.5686e-01,-6.7744e-01,-6.9693e-01,-7.1538e-01,-7.3283e-01,-7.4932e-01,-7.6488e-01,-7.7954e-01,-7.9335e-01,-8.0631e-01,-8.1847e-01,-8.2985e-01,-8.4047e-01,-8.5036e-01,-8.5952e-01,-8.6799e-01,-8.7578e-01,-8.8290e-01,-8.8938e-01,-8.9523e-01,-9.0048e-01,-9.0513e-01,-9.0922e-01,-9.1275e-01,-9.1576e-01,-9.1826e-01,-9.2028e-01,-9.2184e-01,-9.2296e-01,-9.2367e-01,-9.2399e-01,-9.2393e-01,-9.2352e-01,-9.2277e-01,-9.2169e-01,-9.2030e-01,-9.1861e-01,-9.1665e-01,-9.1445e-01,-9.1205e-01,-9.0952e-01,-9.0689e-01,-9.0420e-01,-9.0137e-01,-8.9814e-01,-8.9385e-01,-8.8723e-01,-8.7623e-01,-8.5791e-01,-8.2917e-01,-7.8848e-01,-7.3914e-01,-6.9063e-01,-6.5188e-01,-6.2123e-01,-5.9026e-01,-5.5508e-01,-5.1806e-01,-4.8280e-01,-4.5082e-01,-4.2163e-01,-3.9402e-01,-3.6706e-01,-3.4038e-01,-3.1403e-01,-2.8824e-01,-2.6325e-01,-2.3922e-01,-2.1622e-01,-1.9422e-01,-1.7316e-01,-1.5296e-01,-1.3353e-01,-1.1482e-01,-9.6780e-02,-7.9385e-02,-6.2625e-02,-4.6500e-02,-3.1015e-02,-1.6174e-02,-1.9817e-03
-4.1970e-03,-5.1020e-02,-9.6729e-02,-1.4117e-01,-1.8424e-01,-2.2583e-01,-2.6589e-01,-3.0437e-01,-3.4127e-01,-3.7657e-01,-4.1031e-01,-4.4250e-01,-4.7318e-01,-5.0239e-01,-5.3019e-01,-5.5662e-01,-5.8174e-01,-6.0559e-01,-6.2822e-01,-6.4969e-01,-6.7004e-01,-6.8931e-01,-7.0755e-01,-7.2480e-01,-7.4109e-01,-7.5647e-01,-7.7096e-01,-7.8460e-01,-7.9742e-01,-8.0944e-01,-8.2068e-01,-8.3118e-01,-8.4095e-01,-8.5001e-01,-8.5839e-01,-8.6610e-01,-8.7315e-01,-8.7957e-01,-8.8537e-01,-8.9057e-01,-8.9518e-01,-8.9923e-01,-9.0274e-01,-9.0573e-01,-9.0821e-01,-9.1021e-01,-9.1175e-01,-9.1285e-01,-9.1355e-01,-9.1385e-01,-9.1378e-01,-9.1336e-01,-9.1260e-01,-9.1152e-01,-9.1012e-01,-9.0843e-01,-9.0646e-01,-9.0424e-01,-9.0179e-01,-8.9915e-01,-8.9640e-01,-8.9357e-01,-8.9070e-01,-8.8771e-01,-8.8432e-01,-8.7987e-01,-8.7309e-01,-8.6191e-01,-8.4343e-01,-8.1452e-01,-7.7371e-01,-7.2427e-01,-6.7563e-01,-6.3673e-01,-6.0604e-01,-5.7517e-01,-5.4010e-01,-5.0312e-01,-4.6779e-01,-4.3570e-01,-4.0640e-01,-3.7872e-01,-3.5172e-01,-3.2504e-01,-2.9872e-01,-2.7298e-01,-2.4805e-01,-2.2410e-01,-2.0119e-01,-1.7929e-01,-1.5834e-01,-1.3826e-01,-1.1895e-01,-1.0036e-01,-8.2444e-02,-6.5171e-02,-4.8535e-02,-3.2532e-02,-1.7169e-02,-2.4502e-03
-4.1870e-03,-5.0377e-02,-9.5486e-02,-1.3936e-01,-1.8189e-01,-2.2298e-01,-2.6256e-01,-3.0060e-01,-3.3707e-01,-3.7197e-01,-4.0532e-01,-4.3715e-01,-4.6748e-01,-4.9637e-01,-5.2385e-01,-5.4998e-01,-5.7480e-01,-5.9838e-01,-6.2074e-01,-6.4195e-01,-6.6205e-01,-6.8109e-01,-6.9910e-01,-7.1614e-01,-7.3222e-01,-7.4741e-01,-7.6171e-01,-7.7518e-01,-7.8783e-01,-7.9969e-01,-8.1080e-01,-8.2116e-01,-8.3081e-01,-8.3976e-01,-8.4804e-01,-8.5566e-01,-8.6263e-01,-8.6898e-01,-8.7472e-01,-8.7987e-01,-8.8444e-01,-8.8846e-01,-8.9193e-01,-8.9489e-01,-8.9735e-01,-8.9933e-01,-9.0086e-01,-9.0195e-01,-9.0263e-01,-9.0292e-01,-9.0284e-01,-9.0241e-01,-9.0164e-01,-9.0056e-01,-8.9917e-01,-8.9748e-01,-8.9552e-01,-8.9328e-01,-8.9081e-01,-8.8812e-01,-8.8528e-01,-8.8232e-01,-8.7931e-01,-8.7628e-01,-8.7314e-01,-8.6961e-01,-8.6503e-01,-8.5811e-01,-8.4678e-01,-8.2814e-01,-7.9910e-01,-7.5818e-01,-7.0866e-01,-6.5990e-01,-6.2086e-01,-5.9015e-01,-5.5938e-01,-5.2445e-01,-4.8751e-01,-4.5213e-01,-4.1994e-01,-3.9055e-01,-3.6280e-01,-3.3578e-01,-3.0911e-01,-2.8283e-01,-2.5715e-01,-2.3232e-01,-2.0847e-01,-1.8567e-01,-1.6389e-01,-1.4307e-01,-1.2312e-01,-1.0395e-01,-8.5502e-02,-6.7724e-02,-5.0592e-02,-3.4094e-02,-1.8229e-02,-3.0013e-03
-4.1656e-03,-4.9682e-02,-9.4150e-02,-1.3742e-01,-1.7937e-01,-2.1992e-01,-2.5898e-01,-2.9653e-01,-3.3254e-01,-3.6701e-01,-3.9995e-01,-4.3139e-01,-4.6135e-01,-4.8988e-01,-5.1702e-01,-5.4282e-01,-5.6733e-01,-5.9060e-01,-6.1268e-01,-6.3362e-01,-6.5345e-01,-6.7224e-01,-6.9001e-01,-7.0681e-01,-7.2268e-01,-7.3766e-01,-7.5177e-01,-7.6504e-01,-7.7752e-01,-7.8922e-01,-8.0017e-01,-8.1039e-01,-8.1991e-01,-8.2874e-01,-8.3691e-01,-8.4443e-01,-8.5132e-01,-8.5759e-01,-8.6326e-01,-8.6835e-01,-8.7288e-01,-8.7685e-01,-8.8029e-01,-8.8322e-01,-8.8566e-01,-8.8762e-01,-8.8913e-01,-8.9021e-01,-8.9088e-01,-8.9116e-01,-8.9107e-01,-8.9064e-01,-8.8987e-01,-8.8878e-01,-8.8740e-01,-8.8572e-01,-8.8376e-01,-8.8154e-01,-8.7907e-01,-8.7636e-01,-8.7346e-01,-8.7042e-01,-8.6728e-01,-8.6412e-01,-8.6094e-01,-8.5767e-01,-8.5403e-01,-8.4933e-01,-8.4229e-01,-8.3082e-01,-8.1205e-01,-7.8289e-01,-7.4189e-01,-6.9231e-01,-6.4345e-01,-6.0428e-01,-5.7355e-01,-5.4290e-01,-5.0812e-01,-4.7125e-01,-4.3584e-01,-4.0355e-01,-3.7407e-01,-3.4627e-01,-3.1924e-01,-2.9260e-01,-2.6637e-01,-2.4078e-01,-2.1605e-01,-1.9232e-01,-1.6965e-01,-1.4802e-01,-1.2735e-01,-1.0755e-01,-8.8540e-02,-7.0249e-02,-5.2631e-02,-3.5656e-02,-1.9313e-02,-3.5997e-03
-4.1374e-03,-4.8937e-02,-9.2721e-02,-1.3534e-01,-1.7668e-01,-2.1664e-01,-2.5515e-01,-2.9218e-01,-3.2769e-01,-3.6169e-01,-3.9419e-01,-4.2520e-01,-4.5476e-01,-4.8290e-01,-5.0968e-01,-5.3513e-01,-5.5930e-01,-5.8225e-01,-6.0402e-01,-6.2466e-01,-6.4422e-01,-6.6274e-01,-6.8025e-01,-6.9681e-01,-7.1244e-01,-7.2720e-01,-7.4109e-01,-7.5417e-01,-7.6646e-01,-7.7799e-01,-7.8877e-01,-7.9884e-01,-8.0822e-01,-8.1693e-01,-8.2498e-01,-8.3239e-01,-8.3918e-01,-8.4537e-01,-8.5097e-01,-8.5599e-01,-8.6046e-01,-8.6439e-01,-8.6780e-01,-8.7070e-01,-8.7311e-01,-8.7505e-01,-8.7654e-01,-8.7761e-01,-8.7827e-01,-8.7854e-01,-8.7845e-01,-8.7801e-01,-8.7724e-01,-8.7616e-01,-8.7478e-01,-8.7311e-01,-8.7117e-01,-8.6897e-01,-8.6651e-01,-8.6381e-01,-8.6090e-01,-8.5781e-01,-8.5459e-01,-8.5129e-01,-8.4798e-01,-8.4468e-01,-8.4131e-01,-8.3757e-01,-8.3277e-01,-8.2563e-01,-8.1405e-01,-7.9516e-01,-7.6590e-01,-7.2484e-01,-6.7521e-01,-6.2626e-01,-5.8699e-01,-5.5624e-01,-5.2573e-01,-4.9111e-01,-4.5433e-01,-4.1889e-01,-3.8654e-01,-3.5698e-01,-3.2914e-01,-3.0211e-01,-2.7550e-01,-2.4935e-01,-2.2386e-01,-1.9925e-01,-1.7566e-01,-1.5315e-01,-1.3168e-01,-1.1118e-01,-9.1556e-02,-7.2724e-02,-5.4612e-02,-3.7171e-02,-2.0371e-02,-4.1991e-03
-4.1070e-03,-4.8146e-02,-9.1201e-02,-1.3313e-01,-1.7380e-01,-2.1314e-01,-2.5106e-01,-2.8752e-01,-3.2250e-01,-3.5600e-01,-3.8801e-01,-4.1857e-01,-4.4769e-01,-4.7542e-01,-5.0180e-01,-5.2688e-01,-5.5070e-01,-5.7330e-01,-5.9474e-01,-6.1507e-01,-6.3432e-01,-6.5255e-01,-6.6979e-01,-6.8609e-01,-7.0148e-01,-7.1599e-01,-7.2967e-01,-7.4254e-01,-7.5463e-01,-7.6597e-01,-7.7658e-01,-7.8649e-01,-7.9571e-01,-8.0428e-01,-8.1220e-01,-8.1950e-01,-8.2619e-01,-8.3229e-01,-8.3781e-01,-8.4276e-01,-8.4717e-01,-8.5105e-01,-8.5441e-01,-8.5728e-01,-8.5966e-01,-8.6158e-01,-8.6306e-01,-8.6411e-01,-8.6476e-01,-8.6503e-01,-8.6493e-01,-8.6449e-01,-8.6373e-01,-8.6265e-01,-8.6128e-01,-8.5963e-01,-8.5771e-01,-8.5553e-01,-8.5310e-01,-8.5042e-01,-8.4752e-01,-8.4442e-01,-8.4115e-01,-8.3777e-01,-8.3434e-01,-8.3091e-01,-8.2751e-01,-8.2405e-01,-8.2023e-01,-8.1536e-01,-8.0814e-01,-7.9646e-01,-7.7747e-01,-7.4813e-01,-7.0702e-01,-6.5736e-01,-6.0835e-01,-5.6897e-01,-5.3823e-01,-5.0785e-01,-4.7341e-01,-4.3673e-01,-4.0130e-01,-3.6889e-01,-3.3927e-01,-3.1140e-01,-2.8437e-01,-2.5782e-01,-2.3176e-01,-2.0639e-01,-1.8192e-01,-1.5850e-01,-1.3616e-01,-1.1488e-01,-9.4571e-02,-7.5146e-02,-5.6512e-02,-3.8599e-02,-2.1353e-02,-4.7465e-03
-4.0800e-03,-4.7313e-02,-8.9594e-02,-1.3078e-01,-1.7075e-01,-2.0941e-01,-2.4670e-01,-2.8256e-01,-3.1697e-01,-3.4992e-01,-3.8142e-01,-4.1148e-01,-4.4014e-01,-4.6743e-01,-4.9339e-01,-5.1806e-01,-5.4149e-01,-5.6373e-01,-5.8482e-01,-6.0481e-01,-6.2374e-01,-6.4167e-01,-6.5862e-01,-6.7464e-01,-6.8976e-01,-7.0403e-01,-7.1747e-01,-7.3011e-01,-7.4199e-01,-7.5313e-01,-7.6355e-01,-7.7329e-01,-7.8236e-01,-7.9078e-01,-7.9856e-01,-8.0574e-01,-8.1232e-01,-8.1831e-01,-8.2374e-01,-8.2862e-01,-8.3297e-01,-8.3679e-01,-8.4010e-01,-8.4293e-01,-8.4528e-01,-8.4718e-01,-8.4864e-01,-8.4968e-01,-8.5033e-01,-8.5059e-01,-8.5049e-01,-8.5006e-01,-8.4930e-01,-8.4823e-01,-8.4688e-01,-8.4524e-01,-8.4334e-01,-8.4119e-01,-8.3879e-01,-8.3615e-01,-8.3328e-01,-8.3019e-01,-8.2692e-01,-8.2350e-01,-8.1998e-01,-8.1643e-01,-8.1290e-01,-8.0942e-01,-8.0589e-01,-8.0202e-01,-7.9710e-01,-7.8981e-01,-7.7806e-01,-7.5899e-01,-7.2958e-01,-6.8844e-01,-6.3877e-01,-5.8970e-01,-5.5024e-01,-5.1950e-01,-4.8927e-01,-4.5502e-01,-4.1847e-01,-3.8306e-01,-3.5061e-01,-3.2094e-01,-2.9305e-01,-2.6605e-01,-2.3957e-01,-2.1361e-01,-1.8838e-01,-1.6408e-01,-1.4084e-01,-1.1870e-01,-9.7625e-02,-7.7533e-02,-5.8327e-02,-3.9913e-02,-2.2218e-02,-5.1878e-03
-4.0624e-03,-4.6440e-02,-8.7899e-02,-1.2830e-01,-1.6752e-01,-2.0546e-01,-2.4207e-01,-2.7728e-01,-3.1108e-01,-3.4345e-01,-3.7439e-01,-4.0393e-01,-4.3209e-01,-4.5890e-01,-4.8440e-01,-5.0864e-01,-5.3166e-01,-5.5350e-01,-5.7422e-01,-5.9385e-01,-6.1245e-01,-6.3005e-01,-6.4669e-01,-6.6241e-01,-6.7726e-01,-6.9126e-01,-7.0445e-01,-7.1686e-01,-7.2851e-01,-7.3944e-01,-7.4967e-01,-7.5922e-01,-7.6812e-01,-7.7638e-01,-7.8403e-01,-7.9107e-01,-7.9753e-01,-8.0342e-01,-8.0875e-01,-8.1355e-01,-8.1782e-01,-8.2158e-01,-8.2484e-01,-8.2763e-01,-8.2995e-01,-8.3182e-01,-8.3326e-01,-8.3429e-01,-8.3493e-01,-8.3519e-01,-8.3509e-01,-8.3466e-01,-8.3391e-01,-8.3286e-01,-8.3152e-01,-8.2991e-01,-8.2804e-01,-8.2591e-01,-8.2355e-01,-8.2095e-01,-8.1812e-01,-8.1507e-01,-8.1183e-01,-8.0841e-01,-8.0485e-01,-8.0122e-01,-7.9756e-01,-7.9395e-01,-7.9041e-01,-7.8684e-01,-7.8294e-01,-7.7798e-01,-7.7065e-01,-7.5885e-01,-7.3971e-01,-7.1025e-01,-6.6910e-01,-6.1943e-01,-5.7032e-01,-5.3079e-01,-5.0005e-01,-4.6998e-01,-4.3594e-01,-3.9952e-01,-3.6416e-01,-3.3169e-01,-3.0199e-01,-2.7409e-01,-2.4714e-01,-2.2074e-01,-1.9491e-01,-1.6984e-01,-1.4572e-01,-1.2269e-01,-1.0077e-01,-7.9927e-02,-6.0073e-02,-4.1107e-02,-2.2934e-02,-5.4770e-03
-4.0587e-03,-4.5532e-02,-8.6120e-02,-1.2568e-01,-1.6410e-01,-2.0128e-01,-2.3716e-01,-2.7168e-01,-3.0482e-01,-3.3657e-01,-3.6692e-01,-3.9589e-01,-4.2352e-01,-4.4982e-01,-4.7483e-01,-4.9861e-01,-5.2119e-01,-5.4262e-01,-5.6293e-01,-5.8218e-01,-6.0042e-01,-6.1767e-01,-6.3398e-01,-6.4940e-01,-6.6395e-01,-6.7767e-01,-6.9059e-01,-7.0275e-01,-7.1417e-01,-7.2487e-01,-7.3490e-01,-7.4426e-01,-7.5297e-01,-7.6107e-01,-7.6856e-01,-7.7546e-01,-7.8179e-01,-7.8757e-01,-7.9280e-01,-7.9751e-01,-8.0170e-01,-8.0539e-01,-8.0860e-01,-8.1133e-01,-8.1362e-01,-8.1546e-01,-8.1688e-01,-8.1790e-01,-8.1853e-01,-8.1879e-01,-8.1870e-01,-8.1827e-01,-8.1754e-01,-8.1650e-01,-8.1518e-01,-8.1360e-01,-8.1175e-01,-8.0967e-01,-8.0734e-01,-8.0479e-01,-8.0201e-01,-7.9902e-01,-7.9582e-01,-7.9243e-01,-7.8888e-01,-7.8521e-01,-7.8147e-01,-7.7774e-01,-7.7407e-01,-7.7049e-01,-7.6690e-01,-7.6298e-01,-7.5801e-01,-7.5066e-01,-7.3882e-01,-7.1964e-01,-6.9015e-01,-6.4900e-01,-5.9935e-01,-5.5022e-01,-5.1062e-01,-4.7989e-01,-4.4997e-01,-4.1615e-01,-3.7990e-01,-3.4460e-01,-3.1213e-01,-2.8242e-01,-2.5454e-01,-2.2765e-01,-2.0135e-01,-1.7567e-01,-1.5077e-01,-1.2686e-01,-1.0406e-01,-8.2382e-02,-6.1792e-02,-4.2197e-02,-2.3494e-02,-5.5829e-03
-4.0732e-03,-4.4592e-02,-8.4258e-02,-1.2293e-01,-1.6050e-01,-1.9687e-01,-2.3198e-01,-2.6576e-01,-2.9820e-01,-3.2928e-01,-3.5899e-01,-3.8736e-01,-4.1441e-01,-4.4017e-01,-4.6467e-01,-4.8795e-01,-5.1006e-01,-5.3104e-01,-5.5093e-01,-5.6977e-01,-5.8762e-01,-6.0451e-01,-6.2047e-01,-6.3555e-01,-6.4979e-01,-6.6321e-01,-6.7586e-01,-6.8775e-01,-6.9892e-01,-7.0940e-01,-7.1920e-01,-7.2835e-01,-7.3688e-01,-7.4480e-01,-7.5212e-01,-7.5888e-01,-7.6507e-01,-7.7073e-01,-7.7585e-01,-7.8046e-01,-7.8457e-01,-7.8819e-01,-7.9133e-01,-7.9402e-01,-7.9626e-01,-7.9807e-01,-7.9947e-01,-8.0047e-01,-8.0109e-01,-8.0135e-01,-8.0127e-01,-8.0085e-01,-8.0013e-01,-7.9912e-01,-7.9782e-01,-7.9627e-01,-7.9446e-01,-7.9241e-01,-7.9013e-01,-7.8763e-01,-7.8491e-01,-7.8198e-01,-7.7884e-01,-7.7551e-01,-7.7200e-01,-7.6834e-01,-7.6457e-01,-7.6076e-01,-7.5696e-01,-7.5326e-01,-7.4966e-01,-7.4606e-01,-7.4215e-01,-7.3719e-01,-7.2984e-01,-7.1798e-01,-6.9877e-01,-6.6927e-01,-6.2813e-01,-5.7851e-01,-5.2937e-01,-4.8972e-01,-4.5901e-01,-4.2925e-01,-3.9565e-01,-3.5958e-01,-3.2437e-01,-2.9193e-01,-2.6223e-01,-2.3439e-01,-2.0757e-01,-1.8140e-01,-1.5588e-01,-1.3119e-01,-1.0751e-01,-8.4951e-02,-6.3541e-02,-4.3227e-02,-2.3915e-02,-5.4958e-03
-4.1110e-03,-4.3623e-02,-8.2315e-02,-1.2005e-01,-1.5672e-01,-1.9223e-01,-2.2651e-01,-2.5951e-01,-2.9119e-01,-3.2156e-01,-3.5060e-01,-3.7832e-01,-4.0476e-01,-4.2993e-01,-4.5388e-01,-4.7664e-01,-4.9824e-01,-5.1874e-01,-5.3818e-01,-5.5660e-01,-5.7403e-01,-5.9053e-01,-6.0613e-01,-6.2086e-01,-6.3477e-01,-6.4788e-01,-6.6022e-01,-6.7184e-01,-6.8274e-01,-6.9297e-01,-7.0254e-01,-7.1148e-01,-7.1981e-01,-7.2754e-01,-7.3470e-01,-7.4129e-01,-7.4735e-01,-7.5287e-01,-7.5788e-01,-7.6238e-01,-7.6640e-01,-7.6994e-01,-7.7302e-01,-7.7565e-01,-7.7784e-01,-7.7962e-01,-7.8099e-01,-7.8198e-01,-7.8259e-01,-7.8285e-01,-7.8277e-01,-7.8237e-01,-7.8166e-01,-7.8067e-01,-7.7940e-01,-7.7788e-01,-7.7611e-01,-7.7411e-01,-7.7188e-01,-7.6944e-01,-7.6678e-01,-7.6392e-01,-7.6085e-01,-7.5759e-01,-7.5414e-01,-7.5053e-01,-7.4678e-01,-7.4294e-01,-7.3907e-01,-7.3523e-01,-7.3151e-01,-7.2791e-01,-7.2434e-01,-7.2046e-01,-7.1552e-01,-7.0819e-01,-6.9633e-01,-6.7711e-01,-6.4760e-01,-6.0650e-01,-5.5693e-01,-5.0779e-01,-4.6809e-01,-4.3741e-01,-4.0781e-01,-3.7445e-01,-3.3858e-01,-3.0348e-01,-2.7108e-01,-2.4142e-01,-2.1364e-01,-1.8692e-01,-1.6090e-01,-1.3556e-01,-1.1109e-01,-8.7661e-02,-6.5377e-02,-4.4256e-02,-2.4242e-02,-5.2342e-03
-4.1737e-03,-4.2625e-02,-8.0289e-02,-1.1703e-01,-1.5275e-01,-1.8734e-01,-2.2075e-01,-2.5291e-01,-2.8380e-01,-3.1341e-01,-3.4172e-01,-3.6876e-01,-3.9455e-01,-4.1910e-01,-4.4245e-01,-4.6465e-01,-4.8572e-01,-5.0572e-01,-5.2467e-01,-5.4263e-01,-5.5963e-01,-5.7572e-01,-5.9092e-01,-6.0529e-01,-6.1884e-01,-6.3162e-01,-6.4366e-01,-6.5497e-01,-6.6560e-01,-6.7557e-01,-6.8490e-01,-6.9361e-01,-7.0173e-01,-7.0926e-01,-7.1624e-01,-7.2267e-01,-7.2857e-01,-7.3395e-01,-7.3884e-01,-7.4323e-01,-7.4715e-01,-7.5061e-01,-7.5361e-01,-7.5618e-01,-7.5833e-01,-7.6007e-01,-7.6141e-01,-7.6238e-01,-7.6298e-01,-7.6324e-01,-7.6316e-01,-7.6278e-01,-7.6209e-01,-7.6112e-01,-7.5989e-01,-7.5840e-01,-7.5668e-01,-7.5472e-01,-7.5255e-01,-7.5017e-01,-7.4758e-01,-7.4479e-01,-7.4181e-01,-7.3863e-01,-7.3527e-01,-7.3173e-01,-7.2803e-01,-7.2421e-01,-7.2031e-01,-7.1640e-01,-7.1255e-01,-7.0883e-01,-7.0525e-01,-7.0172e-01,-6.9789e-01,-6.9301e-01,-6.8571e-01,-6.7387e-01,-6.5465e-01,-6.2516e-01,-5.8410e-01,-5.3458e-01,-4.8547e-01,-4.4573e-01,-4.1507e-01,-3.8564e-01,-3.5253e-01,-3.1688e-01,-2.8192e-01,-2.4960e-01,-2.2000e-01,-1.9229e-01,-1.6570e-01,-1.3984e-01,-1.1472e-01,-9.0490e-02,-6.7333e-02,-4.5345e-02,-2.4536e-02,-4.8433e-03
-4.2615e-03,-4.1599e-02,-7.8181e-02,-1.1388e-01,-1.4859e-01,-1.8221e-01,-2.1469e-01,-2.4596e-01,-2.7601e-01,-3.0481e-01,-3.3236e-01,-3.5867e-01,-3.8376e-01,-4.0765e-01,-4.3037e-01,-4.5197e-01,-4.7248e-01,-4.9193e-01,-5.1038e-01,-5.2785e-01,-5.4439e-01,-5.6004e-01,-5.7483e-01,-5.8880e-01,-6.0199e-01,-6.1442e-01,-6.2612e-01,-6.3713e-01,-6.4747e-01,-6.5716e-01,-6.6623e-01,-6.7471e-01,-6.8260e-01,-6.8993e-01,-6.9671e-01,-7.0297e-01,-7.0871e-01,-7.1395e-01,-7.1870e-01,-7.2298e-01,-7.2679e-01,-7.3016e-01,-7.3309e-01,-7.3559e-01,-7.3769e-01,-7.3938e-01,-7.4070e-01,-7.4164e-01,-7.4223e-01,-7.4248e-01,-7.4241e-01,-7.4204e-01,-7.4138e-01,-7.4044e-01,-7.3924e-01,-7.3779e-01,-7.3612e-01,-7.3422e-01,-7.3211e-01,-7.2979e-01,-7.2728e-01,-7.2457e-01,-7.2167e-01,-7.1859e-01,-7.1532e-01,-7.1188e-01,-7.0826e-01,-7.0450e-01,-7.0063e-01,-6.9670e-01,-6.9277e-01,-6.8892e-01,-6.8522e-01,-6.8169e-01,-6.7822e-01,-6.7446e-01,-6.6964e-01,-6.6240e-01,-6.5059e-01,-6.3140e-01,-6.0193e-01,-5.6092e-01,-5.1149e-01,-4.6240e-01,-4.2264e-01,-3.9200e-01,-3.6274e-01,-3.2989e-01,-2.9447e-01,-2.5969e-01,-2.2747e-01,-1.9796e-01,-1.7036e-01,-1.4391e-01,-1.1825e-01,-9.3353e-02,-6.9393e-02,-4.6532e-02,-2.4863e-02,-4.3890e-03
-4.3744e-03,-4.0542e-02,-7.5988e-02,-1.1058e-01,-1.4423e-01,-1.7683e-01,-2.0833e-01,-2.3866e-01,-2.6781e-01,-2.9576e-01,-3.2249e-01,-3.4802e-01,-3.7237e-01,-3.9556e-01,-4.1762e-01,-4.3858e-01,-4.5849e-01,-4.7737e-01,-4.9527e-01,-5.1223e-01,-5.2828e-01,-5.4347e-01,-5.5782e-01,-5.7138e-01,-5.8417e-01,-5.9623e-01,-6.0759e-01,-6.1827e-01,-6.2830e-01,-6.3771e-01,-6.4651e-01,-6.5473e-01,-6.6239e-01,-6.6950e-01,-6.7609e-01,-6.8216e-01,-6.8773e-01,-6.9282e-01,-6.9743e-01,-7.0159e-01,-7.0529e-01,-7.0856e-01,-7.1141e-01,-7.1384e-01,-7.1588e-01,-7.1753e-01,-7.1881e-01,-7.1973e-01,-7.2030e-01,-7.2055e-01,-7.2049e-01,-7.2013e-01,-7.1948e-01,-7.1857e-01,-7.1741e-01,-7.1601e-01,-7.1439e-01,-7.1255e-01,-7.1050e-01,-7.0826e-01,-7.0583e-01,-7.0321e-01,-7.0041e-01,-6.9743e-01,-6.9426e-01,-6.9093e-01,-6.8742e-01,-6.8375e-01,-6.7995e-01,-6.7605e-01,-6.7210e-01,-6.6817e-01,-6.6434e-01,-6.6068e-01,-6.5721e-01,-6.5383e-01,-6.5016e-01,-6.4543e-01,-6.3826e-01,-6.2651e-01,-6.0735e-01,-5.7792e-01,-5.3698e-01,-4.8763e-01,-4.3859e-01,-3.9881e-01,-3.6820e-01,-3.3911e-01,-3.0652e-01,-2.7137e-01,-2.3678e-01,-2.0470e-01,-1.7531e-01,-1.4785e-01,-1.2157e-01,-9.6117e-02,-7.1478e-02,-4.7809e-02,-2.5268e-02,-3.9411e-03
-4.5087e-03,-3.9452e-02,-7.3703e-02,-1.0714e-01,-1.3967e-01,-1.7119e-01,-2.0165e-01,-2.3100e-01,-2.5920e-01,-2.8623e-01,-3.1210e-01,-3.3681e-01,-3.6038e-01,-3.8282e-01,-4.0417e-01,-4.2446e-01,-4.4373e-01,-4.6200e-01,-4.7933e-01,-4.9574e-01,-5.1128e-01,-5.2598e-01,-5.3987e-01,-5.5299e-01,-5.6537e-01,-5.7704e-01,-5.8803e-01,-5.9837e-01,-6.0808e-01,-6.1718e-01,-6.2570e-01,-6.3365e-01,-6.4107e-01,-6.4795e-01,-6.5433e-01,-6.6020e-01,-6.6560e-01,-6.7053e-01,-6.7500e-01,-6.7902e-01,-6.8261e-01,-6.8578e-01,-6.8854e-01,-6.9089e-01,-6.9287e-01,-6.9447e-01,-6.9571e-01,-6.9660e-01,-6.9716e-01,-6.9740e-01,-6.9734e-01,-6.9700e-01,-6.9638e-01,-6.9550e-01,-6.9437e-01,-6.9302e-01,-6.9145e-01,-6.8967e-01,-6.8770e-01,-6.8554e-01,-6.8319e-01,-6.8067e-01,-6.7797e-01,-6.7509e-01,-6.7205e-01,-6.6883e-01,-6.6544e-01,-6.6189e-01,-6.5819e-01,-6.5437e-01,-6.5045e-01,-6.4650e-01,-6.4260e-01,-6.3881e-01,-6.3522e-01,-6.3183e-01,-6.2855e-01,-6.2499e-01,-6.2037e-01,-6.1329e-01,-6.0161e-01,-5.8250e-01,-5.5312e-01,-5.1226e-01,-4.6300e-01,-4.1402e-01,-3.7423e-01,-3.4366e-01,-3.1474e-01,-2.8243e-01,-2.4756e-01,-2.1320e-01,-1.8129e-01,-1.5205e-01,-1.2475e-01,-9.8674e-02,-7.3461e-02,-4.9103e-02,-2.5748e-02,-3.5501e-03
-4.6581e-03,-3.8320e-02,-7.1322e-02,-1.0355e-01,-1.3490e-01,-1.6529e-01,-1.9466e-01,-2.2296e-01,-2.5015e-01,-2.7623e-01,-3.0119e-01,-3.2502e-01,-3.4776e-01,-3.6941e-01,-3.9001e-01,-4.0959e-01,-4.2818e-01,-4.4581e-01,-4.6253e-01,-4.7836e-01,-4.9336e-01,-5.0754e-01,-5.2094e-01,-5.3360e-01,-5.4554e-01,-5.5680e-01,-5.6741e-01,-5.7738e-01,-5.8675e-01,-5.9554e-01,-6.0376e-01,-6.1144e-01,-6.1860e-01,-6.2524e-01,-6.3140e-01,-6.3707e-01,-6.4228e-01,-6.4704e-01,-6.5135e-01,-6.5524e-01,-6.5871e-01,-6.6177e-01,-6.6443e-01,-6.6671e-01,-6.6862e-01,-6.7017e-01,-6.7136e-01,-6.7223e-01,-6.7277e-01,-6.7300e-01,-6.7295e-01,-6.7261e-01,-6.7201e-01,-6.7117e-01,-6.7008e-01,-6.6878e-01,-6.6727e-01,-6.6556e-01,-6.6366e-01,-6.6158e-01,-6.5932e-01,-6.5690e-01,-6.5431e-01,-6.5156e-01,-6.4864e-01,-6.4555e-01,-6.4230e-01,-6.3888e-01,-6.3531e-01,-6.3160e-01,-6.2776e-01,-6.2385e-01,-6.1993e-01,-6.1606e-01,-6.1233e-01,-6.0882e-01,-6.0555e-01,-6.0238e-01,-5.9896e-01,-5.9446e-01,-5.8750e-01,-5.7589e-01,-5.5685e-01,-5.2753e-01,-4.8676e-01,-4.3761e-01,-3.8870e-01,-3.4892e-01,-3.1838e-01,-2.8963e-01,-2.5760e-01,-2.2304e-01,-1.8894e-01,-1.5724e-01,-1.2819e-01,-1.0109e-01,-7.5234e-02,-5.0288e-02,-2.6234e-02,-3.2194e-03
-4.8130e-03,-3.7138e-02,-6.8833e-02,-9.9787e-02,-1.2990e-01,-1.5910e-01,-1.8733e-01,-2.1452e-01,-2.4067e-01,-2.6573e-01,-2.8972e-01,-3.1264e-01,-3.3450e-01,-3.5532e-01,-3.7512e-01,-3.9394e-01,-4.1182e-01,-4.2877e-01,-4.4484e-01,-4.6007e-01,-4.7449e-01,-4.8812e-01,-5.0101e-01,-5.1318e-01,-5.2467e-01,-5.3550e-01,-5.4570e-01,-5.5529e-01,-5.6430e-01,-5.7275e-01,-5.8067e-01,-5.8805e-01,-5.9494e-01,-6.0134e-01,-6.0726e-01,-6.1272e-01,-6.1774e-01,-6.2232e-01,-6.2647e-01,-6.3021e-01,-6.3355e-01,-6.3650e-01,-6.3907e-01,-6.4126e-01,-6.4310e-01,-6.4458e-01,-6.4574e-01,-6.4657e-01,-6.4709e-01,-6.4731e-01,-6.4726e-01,-6.4693e-01,-6.4636e-01,-6.4554e-01,-6.4450e-01,-6.4325e-01,-6.4180e-01,-6.4016e-01,-6.3834e-01,-6.3635e-01,-6.3419e-01,-6.3187e-01,-6.2940e-01,-6.2677e-01,-6.2398e-01,-6.2104e-01,-6.1793e-01,-6.1467e-01,-6.1124e-01,-6.0767e-01,-6.0396e-01,-6.0014e-01,-5.9626e-01,-5.9237e-01,-5.8856e-01,-5.8491e-01,-5.8150e-01,-5.7835e-01,-5.7533e-01,-5.7205e-01,-5.6771e-01,-5.6086e-01,-5.4936e-01,-5.3039e-01,-5.0115e-01,-4.6047e-01,-4.1144e-01,-3.6262e-01,-3.2285e-01,-2.9235e-01,-2.6378e-01,-2.3205e-01,-1.9782e-01,-1.6401e-01,-1.3256e-01,-1.0372e-01,-7.6853e-02,-5.1260e-02,-2.6608e-02,-2.8859e-03
-4.9595e-03,-3.5891e-02,-6.6224e-02,-9.5850e-02,-1.2468e-01,-1.5263e-01,-1.7965e-01,-2.0569e-01,-2.3072e-01,-2.5473e-01,-2.7770e-01,-2.9965e-01,-3.2058e-01,-3.4051e-01,-3.5948e-01,-3.7751e-01,-3.9462e-01,-4.1086e-01,-4.2625e-01,-4.4084e-01,-4.5464e-01,-4.6770e-01,-4.8005e-01,-4.9171e-01,-5.0271e-01,-5.1309e-01,-5.2286e-01,-5.3206e-01,-5.4069e-01,-5.4879e-01,-5.5638e-01,-5.6346e-01,-5.7006e-01,-5.7620e-01,-5.8188e-01,-5.8712e-01,-5.9193e-01,-5.9633e-01,-6.0031e-01,-6.0390e-01,-6.0711e-01,-6.0994e-01,-6.1240e-01,-6.1450e-01,-6.1626e-01,-6.1769e-01,-6.1879e-01,-6.1959e-01,-6.2009e-01,-6.2030e-01,-6.2024e-01,-6.1993e-01,-6.1938e-01,-6.1859e-01,-6.1760e-01,-6.1640e-01,-6.1501e-01,-6.1344e-01,-6.1170e-01,-6.0980e-01,-6.0774e-01,-6.0554e-01,-6.0319e-01,-6.0069e-01,-5.9804e-01,-5.9525e-01,-5.9230e-01,-5.8920e-01,-5.8594e-01,-5.8253e-01,-5.7897e-01,-5.7528e-01,-5.7150e-01,-5.6766e-01,-5.6383e-01,-5.6009e-01,-5.5654e-01,-5.5326e-01,-5.5025e-01,-5.4739e-01,-5.4428e-01,-5.4010e-01,-5.3340e-01,-5.2201e-01,-5.0313e-01,-4.7397e-01,-4.3340e-01,-3.8450e-01,-3.3577e-01,-2.9604e-01,-2.6558e-01,-2.3719e-01,-2.0577e-01,-1.7189e-01,-1.3841e-01,-1.0725e-01,-7.8671e-02,-5.2065e-02,-2.6761e-02,-2.4318e-03
-5.0807e-03,-3.4565e-02,-6.3478e-02,-9.1720e-02,-1.1920e-01,-1.4585e-01,-1.7161e-01,-1.9644e-01,-2.2031e-01,-2.4319e-01,-2.6510e-01,-2.8602e-01,-3.0598e-01,-3.2499e-01,-3.4307e-01,-3.6025e-01,-3.7657e-01,-3.9205e-01,-4.0673e-01,-4.2064e-01,-4.3380e-01,-4.4625e-01,-4.5803e-01,-4.6915e-01,-4.7965e-01,-4.8955e-01,-4.9887e-01,-5.0764e-01,-5.1589e-01,-5.2362e-01,-5.3086e-01,-5.3763e-01,-5.4393e-01,-5.4980e-01,-5.5522e-01,-5.6023e-01,-5.6483e-01,-5.6903e-01,-5.7284e-01,-5.7627e-01,-5.7934e-01,-5.8204e-01,-5.8439e-01,-5.8640e-01,-5.8808e-01,-5.8945e-01,-5.9050e-01,-5.9125e-01,-5.9173e-01,-5.9193e-01,-5.9187e-01,-5.9156e-01,-5.9103e-01,-5.9028e-01,-5.8932e-01,-5.8818e-01,-5.8685e-01,-5.8536e-01,-5.8370e-01,-5.8190e-01,-5.7995e-01,-5.7786e-01,-5.7564e-01,-5.7328e-01,-5.7078e-01,-5.6814e-01,-5.6536e-01,-5.6244e-01,-5.5936e-01,-5.5613e-01,-5.5275e-01,-5.4922e-01,-5.4558e-01,-5.4184e-01,-5.3806e-01,-5.3430e-01,-5.3066e-01,-5.2723e-01,-5.2409e-01,-5.2124e-01,-5.1856e-01,-5.1564e-01,-5.1164e-01,-5.0510e-01,-4.9384e-01,-4.7505e-01,-4.4599e-01,-4.0554e-01,-3.5678e-01,-3.0817e-01,-2.6847e-01,-2.3807e-01,-2.0986e-01,-1.7876e-01,-1.4527e-01,-1.1215e-01,-8.1310e-02,-5.3035e-02,-2.6730e-02,-1.7476e-03
-5.1533e-03,-3.3135e-02,-6.0575e-02,-8.7377e-02,-1.1346e-01,-1.3875e-01,-1.6319e-01,-1.8675e-01,-2.0940e-01,-2.3111e-01,-2.5189e-01,-2.7175e-01,-2.9068e-01,-3.0871e-01,-3.2586e-01,-3.4216e-01,-3.5764e-01,-3.7233e-01,-3.8625e-01,-3.9944e-01,-4.1193e-01,-4.2375e-01,-4.3492e-01,-4.4547e-01,-4.5544e-01,-4.6484e-01,-4.7369e-01,-4.8203e-01,-4.8986e-01,-4.9721e-01,-5.0409e-01,-5.1052e-01,-5.1652e-01,-5.2209e-01,-5.2725e-01,-5.3202e-01,-5.3639e-01,-5.4039e-01,-5.4402e-01,-5.4729e-01,-5.5020e-01,-5.5278e-01,-5.5501e-01,-5.5693e-01,-5.5852e-01,-5.5981e-01,-5.6081e-01,-5.6153e-01,-5.6197e-01,-5.6215e-01,-5.6209e-01,-5.6180e-01,-5.6128e-01,-5.6056e-01,-5.5965e-01,-5.5856e-01,-5.5730e-01,-5.5588e-01,-5.5431e-01,-5.5260e-01,-5.5077e-01,-5.4880e-01,-5.4671e-01,-5.4449e-01,-5.4215e-01,-5.3968e-01,-5.3707e-01,-5.3433e-01,-5.3145e-01,-5.2842e-01,-5.2523e-01,-5.2190e-01,-5.1843e-01,-5.1484e-01,-5.1116e-01,-5.0746e-01,-5.0380e-01,-5.0027e-01,-4.9697e-01,-4.9399e-01,-4.9133e-01,-4.8885e-01,-4.8613e-01,-4.8233e-01,-4.7596e-01,-4.6484e-01,-4.4617e-01,-4.1721e-01,-3.7688e-01,-3.2828e-01,-2.7979e-01,-2.4015e-01,-2.0981e-01,-1.8179e-01,-1.5104e-01,-1.1795e-01,-8.5233e-02,-5.4759e-02,-2.6825e-02,-8.5782e-04
-5.1493e-03,-3.1576e-02,-5.7489e-02,-8.2797e-02,-1.0742e-01,-1.3130e-01,-1.5437e-01,-1.7661e-01,-1.9798e-01,-2.1847e-01,-2.3808e-01,-2.5680e-01,-2.7466e-01,-2.9167e-01,-3.0784e-01,-3.2322e-01,-3.3781e-01,-3.5166e-01,-3.6479e-01,-3.7723e-01,-3.8901e-01,-4.0015e-01,-4.1070e-01,-4.2066e-01,-4.3006e-01,-4.3893e-01,-4.4730e-01,-4.5517e-01,-4.6257e-01,-4.6951e-01,-4.7602e-01,-4.8210e-01,-4.8778e-01,-4.9305e-01,-4.9794e-01,-5.0245e-01,-5.0659e-01,-5.1038e-01,-5.1381e-01,-5.1691e-01,-5.1967e-01,-5.2211e-01,-5.2422e-01,-5.2603e-01,-5.2754e-01,-5.2876e-01,-5.2970e-01,-5.3037e-01,-5.3078e-01,-5.3095e-01,-5.3088e-01,-5.3059e-01,-5.3010e-01,-5.2941e-01,-5.2854e-01,-5.2750e-01,-5.2630e-01,-5.2496e-01,-5.2348e-01,-5.2188e-01,-5.2015e-01,-5.1831e-01,-5.1636e-01,-5.1429e-01,-5.1211e-01,-5.0981e-01,-5.0739e-01,-5.0484e-01,-5.0216e-01,-4.9934e-01,-4.9637e-01,-4.9325e-01,-4.8999e-01,-4.8659e-01,-4.8307e-01,-4.7948e-01,-4.7587e-01,-4.7232e-01,-4.6892e-01,-4.6577e-01,-4.6296e-01,-4.6050e-01,-4.5824e-01,-4.5575e-01,-4.5216e-01,-4.4598e-01,-4.3502e-01,-4.1647e-01,-3.8762e-01,-3.4743e-01,-2.9899e-01,-2.5065e-01,-2.1108e-01,-1.8081e-01,-1.5300e-01,-1.2259e-01,-8.9940e-02,-5.7666e-02,-2.7603e-02,-5.2065e-05
-5.0373e-03,-2.9858e-02,-5.4191e-02,-7.7952e-02,-1.0107e-01,-1.2347e-01,-1.4512e-01,-1.6598e-01,-1.8602e-01,-2.0524e-01,-2.2361e-01,-2.4116e-01,-2.5790e-01,-2.7383e-01,-2.8898e-01,-3.0338e-01,-3.1705e-01,-3.3002e-01,-3.4232e-01,-3.5397e-01,-3.6500e-01,-3.7545e-01,-3.8533e-01,-3.9466e-01,-4.0348e-01,-4.1180e-01,-4.1965e-01,-4.2704e-01,-4.3398e-01,-4.4051e-01,-4.4662e-01,-4.5234e-01,-4.5768e-01,-4.6264e-01,-4.6724e-01,-4.7149e-01,-4.7539e-01,-4.7895e-01,-4.8219e-01,-4.8510e-01,-4.8770e-01,-4.9000e-01,-4.9199e-01,-4.9369e-01,-4.9511e-01,-4.9625e-01,-4.9713e-01,-4.9775e-01,-4.9813e-01,-4.9828e-01,-4.9820e-01,-4.9792e-01,-4.9744e-01,-4.9678e-01,-4.9595e-01,-4.9497e-01,-4.9384e-01,-4.9258e-01,-4.9119e-01,-4.8969e-01,-4.8807e-01,-4.8636e-01,-4.8455e-01,-4.8263e-01,-4.8062e-01,-4.7850e-01,-4.7627e-01,-4.7393e-01,-4.7146e-01,-4.6886e-01,-4.6612e-01,-4.6324e-01,-4.6020e-01,-4.5702e-01,-4.5370e-01,-4.5028e-01,-4.4679e-01,-4.4328e-01,-4.3985e-01,-4.3660e-01,-4.3362e-01,-4.3101e-01,-4.2877e-01,-4.2674e-01,-4.2450e-01,-4.2114e-01,-4.1517e-01,-4.0436e-01,-3.8595e-01,-3.5722e-01,-3.1718e-01,-2.6892e-01,-2.2075e-01,-1.8127e-01,-1.5108e-01,-1.2347e-01,-9.3442e-02,-6.1254e-02,-2.9462e-02,1.4576e-04
-4.7778e-03,-2.7944e-02,-5.0648e-02,-7.2810e-02,-9.4363e-02,-1.1525e-01,-1.3542e-01,-1.5485e-01,-1.7351e-01,-1.9139e-01,-2.0849e-01,-2.2481e-01,-2.4037e-01,-2.5518e-01,-2.6926e-01,-2.8264e-01,-2.9534e-01,-3.0739e-01,-3.1882e-01,-3.2964e-01,-3.3989e-01,-3.4960e-01,-3.5878e-01,-3.6747e-01,-3.7567e-01,-3.8341e-01,-3.9072e-01,-3.9760e-01,-4.0408e-01,-4.1016e-01,-4.1586e-01,-4.2120e-01,-4.2618e-01,-4.3082e-01,-4.3512e-01,-4.3909e-01,-4.4274e-01,-4.4608e-01,-4.4911e-01,-4.5183e-01,-4.5427e-01,-4.5641e-01,-4.5827e-01,-4.5986e-01,-4.6118e-01,-4.6225e-01,-4.6306e-01,-4.6363e-01,-4.6397e-01,-4.6410e-01,-4.6402e-01,-4.6374e-01,-4.6328e-01,-4.6265e-01,-4.6186e-01,-4.6093e-01,-4.5987e-01,-4.5868e-01,-4.5739e-01,-4.5599e-01,-4.5449e-01,-4.5291e-01,-4.5124e-01,-4.4948e-01,-4.4764e-01,-4.4570e-01,-4.4367e-01,-4.4154e-01,-4.3930e-01,-4.3693e-01,-4.3444e-01,-4.3180e-01,-4.2902e-01,-4.2608e-01,-4.2300e-01,-4.1979e-01,-4.1647e-01,-4.1308e-01,-4.0970e-01,-4.0642e-01,-4.0332e-01,-4.0053e-01,-3.9813e-01,-3.9613e-01,-3.9436e-01,-3.9237e-01,-3.8926e-01,-3.8350e-01,-3.7288e-01,-3.5461e-01,-3.2602e-01,-2.8613e-01,-2.3807e-01,-1.9007e-01,-1.5071e-01,-1.2062e-01,-9.3238e-02,-6.3594e-02,-3.1902e-02,-6.3169e-04
-4.3267e-03,-2.5792e-02,-4.6819e-02,-6.7335e-02,-8.7276e-02,-1.0659e-01,-1.2523e-01,-1.4318e-01,-1.6041e-01,-1.7690e-01,-1.9267e-01,-2.0772e-01,-2.2205e-01,-2.3569e-01,-2.4866e-01,-2.6097e-01,-2.7266e-01,-2.8374e-01,-2.9425e-01,-3.0421e-01,-3.1365e-01,-3.2258e-01,-3.3104e-01,-3.3904e-01,-3.4660e-01,-3.5374e-01,-3.6048e-01,-3.6683e-01,-3.7281e-01,-3.7844e-01,-3.8371e-01,-3.8865e-01,-3.9327e-01,-3.9757e-01,-4.0155e-01,-4.0524e-01,-4.0863e-01,-4.1172e-01,-4.1454e-01,-4.1707e-01,-4.1933e-01,-4.2132e-01,-4.2304e-01,-4.2452e-01,-4.2574e-01,-4.2672e-01,-4.2746e-01,-4.2798e-01,-4.2829e-01,-4.2839e-01,-4.2829e-01,-4.2802e-01,-4.2758e-01,-4.2698e-01,-4.2623e-01,-4.2535e-01,-4.2436e-01,-4.2325e-01,-4.2205e-01,-4.2075e-01,-4.1937e-01,-4.1792e-01,-4.1640e-01,-4.1480e-01,-4.1313e-01,-4.1138e-01,-4.0956e-01,-4.0764e-01,-4.0563e-01,-4.0351e-01,-4.0127e-01,-3.9890e-01,-3.9638e-01,-3.9372e-01,-3.9090e-01,-3.8793e-01,-3.8483e-01,-3.8163e-01,-3.7838e-01,-3.7514e-01,-3.7200e-01,-3.6908e-01,-3.6650e-01,-3.6433e-01,-3.6258e-01,-3.6108e-01,-3.5936e-01,-3.5652e-01,-3.5100e-01,-3.4057e-01,-3.2245e-01,-2.9400e-01,-2.5427e-01,-2.0643e-01,-1.5864e-01,-1.1941e-01,-8.9443e-02,-6.2296e-02,-3.3063e-02,-1.8979e-03
-3.6326e-03,-2.3354e-02,-4.2662e-02,-6.1485e-02,-7.9767e-02,-9.7460e-02,-1.1453e-01,-1.3094e-01,-1.4668e-01,-1.6175e-01,-1.7614e-01,-1.8986e-01,-2.0292e-01,-2.1534e-01,-2.2714e-01,-2.3834e-01,-2.4897e-01,-2.5905e-01,-2.6861e-01,-2.7766e-01,-2.8624e-01,-2.9437e-01,-3.0207e-01,-3.0935e-01,-3.1624e-01,-3.2275e-01,-3.2890e-01,-3.3470e-01,-3.4016e-01,-3.4531e-01,-3.5014e-01,-3.5466e-01,-3.5890e-01,-3.6284e-01,-3.6650e-01,-3.6989e-01,-3.7300e-01,-3.7585e-01,-3.7844e-01,-3.8077e-01,-3.8285e-01,-3.8468e-01,-3.8627e-01,-3.8761e-01,-3.8873e-01,-3.8962e-01,-3.9030e-01,-3.9076e-01,-3.9103e-01,-3.9110e-01,-3.9100e-01,-3.9073e-01,-3.9030e-01,-3.8973e-01,-3.8902e-01,-3.8820e-01,-3.8727e-01,-3.8624e-01,-3.8513e-01,-3.8394e-01,-3.8269e-01,-3.8137e-01,-3.7999e-01,-3.7855e-01,-3.7706e-01,-3.7551e-01,-3.7389e-01,-3.7220e-01,-3.7042e-01,-3.6856e-01,-3.6658e-01,-3.6448e-01,-3.6225e-01,-3.5988e-01,-3.5735e-01,-3.5466e-01,-3.5182e-01,-3.4885e-01,-3.4578e-01,-3.4267e-01,-3.3958e-01,-3.3661e-01,-3.3389e-01,-3.3152e-01,-3.2960e-01,-3.2812e-01,-3.2691e-01,-3.2549e-01,-3.2292e-01,-3.1765e-01,-3.0742e-01,-2.8947e-01,-2.6117e-01,-2.2163e-01,-1.7401e-01,-1.2645e-01,-8.7384e-02,-5.7555e-02,-3.0663e-02,-1.8629e-03
-2.6416e-03,-2.0580e-02,-3.8125e-02,-5.5214e-02,-7.1794e-02,-8.7822e-02,-1.0327e-01,-1.1810e-01,-1.3231e-01,-1.4590e-01,-1.5886e-01,-1.7120e-01,-1.8294e-01,-1.9410e-01,-2.0468e-01,-2.1473e-01,-2.2426e-01,-2.3329e-01,-2.4185e-01,-2.4997e-01,-2.5766e-01,-2.6494e-01,-2.7184e-01,-2.7838e-01,-2.8456e-01,-2.9041e-01,-2.9595e-01,-3.0117e-01,-3.0610e-01,-3.1074e-01,-3.1511e-01,-3.1920e-01,-3.2303e-01,-3.2661e-01,-3.2993e-01,-3.3301e-01,-3.3584e-01,-3.3843e-01,-3.4079e-01,-3.4291e-01,-3.4480e-01,-3.4647e-01,-3.4791e-01,-3.4913e-01,-3.5014e-01,-3.5094e-01,-3.5154e-01,-3.5195e-01,-3.5217e-01,-3.5222e-01,-3.5210e-01,-3.5183e-01,-3.5142e-01,-3.5088e-01,-3.5021e-01,-3.4945e-01,-3.4858e-01,-3.4763e-01,-3.4662e-01,-3.4553e-01,-3.4439e-01,-3.4321e-01,-3.4198e-01,-3.4071e-01,-3.3939e-01,-3.3804e-01,-3.3663e-01,-3.3517e-01,-3.3364e-01,-3.3203e-01,-3.3032e-01,-3.2851e-01,-3.2658e-01,-3.2451e-01,-3.2229e-01,-3.1991e-01,-3.1737e-01,-3.1467e-01,-3.1184e-01,-3.0892e-01,-3.0596e-01,-3.0303e-01,-3.0025e-01,-2.9773e-01,-2.9560e-01,-2.9394e-01,-2.9275e-01,-2.9185e-01,-2.9074e-01,-2.8847e-01,-2.8346e-01,-2.7345e-01,-2.5567e-01,-2.2753e-01,-1.8819e-01,-1.4082e-01,-9.3520e-02,-5.4640e-02,-2.4972e-02,1.6442e-03
-1.2913e-03,-1.7412e-02,-3.3158e-02,-4.8473e-02,-6.3310e-02,-7.7630e-02,-9.1407e-02,-1.0462e-01,-1.1726e-01,-1.2932e-01,-1.4080e-01,-1.5172e-01,-1.6210e-01,-1.7194e-01,-1.8127e-01,-1.9012e-01,-1.9850e-01,-2.0644e-01,-2.1397e-01,-2.2110e-01,-2.2786e-01,-2.3427e-01,-2.4034e-01,-2.4609e-01,-2.5155e-01,-2.5671e-01,-2.6160e-01,-2.6622e-01,-2.7059e-01,-2.7471e-01,-2.7859e-01,-2.8224e-01,-2.8565e-01,-2.8885e-01,-2.9182e-01,-2.9457e-01,-2.9711e-01,-2.9944e-01,-3.0155e-01,-3.0346e-01,-3.0515e-01,-3.0664e-01,-3.0793e-01,-3.0903e-01,-3.0992e-01,-3.1063e-01,-3.1116e-01,-3.1151e-01,-3.1169e-01,-3.1171e-01,-3.1158e-01,-3.1131e-01,-3.1091e-01,-3.1039e-01,-3.0977e-01,-3.0906e-01,-3.0826e-01,-3.0739e-01,-3.0647e-01,-3.0549e-01,-3.0447e-01,-3.0342e-01,-3.0234e-01,-3.0123e-01,-3.0010e-01,-2.9894e-01,-2.9775e-01,-2.9651e-01,-2.9523e-01,-2.9389e-01,-2.9247e-01,-2.9095e-01,-2.8933e-01,-2.8757e-01,-2.8568e-01,-2.8363e-01,-2.8141e-01,-2.7903e-01,-2.7649e-01,-2.7382e-01,-2.7105e-01,-2.6825e-01,-2.6550e-01,-2.6292e-01,-2.6062e-01,-2.5874e-01,-2.5736e-01,-2.5648e-01,-2.5590e-01,-2.5512e-01,-2.5316e-01,-2.4842e-01,-2.3865e-01,-2.2106e-01,-1.9310e-01,-1.5396e-01,-1.0686e-01,-5.9848e-02,-2.1190e-02,8.2897e-03
4.8393e-04,-1.3787e-02,-2.7701e-02,-4.1208e-02,-5.4266e-02,-6.6842e-02,-7.8912e-02,-9.0461e-02,-1.0148e-01,-1.1197e-01,-1.2194e-01,-1.3139e-01,-1.4035e-01,-1.4884e-01,-1.5687e-01,-1.6447e-01,-1.7167e-01,-1.7848e-01,-1.8493e-01,-1.9104e-01,-1.9684e-01,-2.0233e-01,-2.0754e-01,-2.1248e-01,-2.1717e-01,-2.2162e-01,-2.2584e-01,-2.2984e-01,-2.3362e-01,-2.3720e-01,-2.4057e-01,-2.4375e-01,-2.4673e-01,-2.4953e-01,-2.5214e-01,-2.5456e-01,-2.5679e-01,-2.5884e-01,-2.6070e-01,-2.6238e-01,-2.6387e-01,-2.6519e-01,-2.6632e-01,-2.6728e-01,-2.6806e-01,-2.6867e-01,-2.6912e-01,-2.6941e-01,-2.6954e-01,-2.6953e-01,-2.6939e-01,-2.6912e-01,-2.6874e-01,-2.6825e-01,-2.6767e-01,-2.6701e-01,-2.6628e-01,-2.6549e-01,-2.6466e-01,-2.6379e-01,-2.6289e-01,-2.6197e-01,-2.6104e-01,-2.6010e-01,-2.5915e-01,-2.5819e-01,-2.5721e-01,-2.5621e-01,-2.5518e-01,-2.5410e-01,-2.5297e-01,-2.5176e-01,-2.5045e-01,-2.4903e-01,-2.4748e-01,-2.4577e-01,-2.4391e-01,-2.4187e-01,-2.3966e-01,-2.3728e-01,-2.3477e-01,-2.3217e-01,-2.2955e-01,-2.2699e-01,-2.2462e-01,-2.2256e-01,-2.2095e-01,-2.1986e-01,-2.1931e-01,-2.1907e-01,-2.1863e-01,-2.1700e-01,-2.1256e-01,-2.0302e-01,-1.8564e-01,-1.5786e-01,-1.1895e-01,-7.2144e-02,-2.5454e-02,1.2950e-02
2.7553e-03,-9.6397e-03,-2.1694e-02,-3.3363e-02,-4.4610e-02,-5.5408e-02,-6.5736e-02,-7.5584e-02,-8.4947e-02,-9.3829e-02,-1.0224e-01,-1.1019e-01,-1.1770e-01,-1.2478e-01,-1.3147e-01,-1.3779e-01,-1.4376e-01,-1.4940e-01,-1.5473e-01,-1.5978e-01,-1.6457e-01,-1.6911e-01,-1.7343e-01,-1.7753e-01,-1.8142e-01,-1.8513e-01,-1.8865e-01,-1.9199e-01,-1.9516e-01,-1.9818e-01,-2.0103e-01,-2.0372e-01,-2.0625e-01,-2.0863e-01,-2.1086e-01,-2.1293e-01,-2.1485e-01,-2.1661e-01,-2.1821e-01,-2.1966e-01,-2.2094e-01,-2.2207e-01,-2.2305e-01,-2.2386e-01,-2.2453e-01,-2.2504e-01,-2.2540e-01,-2.2563e-01,-2.2572e-01,-2.2568e-01,-2.2552e-01,-2.2525e-01,-2.2488e-01,-2.2442e-01,-2.2388e-01,-2.2327e-01,-2.2261e-01,-2.2190e-01,-2.2117e-01,-2.2040e-01,-2.1963e-01,-2.1885e-01,-2.1807e-01,-2.1729e-01,-2.1652e-01,-2.1576e-01,-2.1500e-01,-2.1423e-01,-2.1345e-01,-2.1265e-01,-2.1180e-01,-2.1090e-01,-2.0992e-01,-2.0884e-01,-2.0764e-01,-2.0630e-01,-2.0481e-01,-2.0314e-01,-2.0128e-01,-1.9925e-01,-1.9706e-01,-1.9472e-01,-1.9230e-01,-1.8987e-01,-1.8751e-01,-1.8536e-01,-1.8356e-01,-1.8222e-01,-1.8146e-01,-1.8124e-01,-1.8136e-01,-1.8129e-01,-1.8000e-01,-1.7587e-01,-1.6659e-01,-1.4941e-01,-1.2184e-01,-8.3170e-02,-3.6688e-02,9.6492e-03
5.5977e-03,-4.9016e-03,-1.5073e-02,-2.4879e-02,-3.4288e-02,-4.3278e-02,-5.1835e-02,-5.9950e-02,-6.7622e-02,-7.4859e-02,-8.1672e-02,-8.8077e-02,-9.4094e-02,-9.9745e-02,-1.0505e-01,-1.1004e-01,-1.1474e-01,-1.1917e-01,-1.2335e-01,-1.2731e-01,-1.3105e-01,-1.3461e-01,-1.3800e-01,-1.4122e-01,-1.4429e-01,-1.4721e-01,-1.5001e-01,-1.5267e-01,-1.5522e-01,-1.5764e-01,-1.5994e-01,-1.6212e-01,-1.6419e-01,-1.6614e-01,-1.6797e-01,-1.6968e-01,-1.7127e-01,-1.7273e-01,-1.7406e-01,-1.7527e-01,-1.7634e-01,-1.7728e-01,-1.7808e-01,-1.7876e-01,-1.7930e-01,-1.7971e-01,-1.7999e-01,-1.8015e-01,-1.8019e-01,-1.8012e-01,-1.7994e-01,-1.7967e-01,-1.7932e-01,-1.7888e-01,-1.7838e-01,-1.7783e-01,-1.7724e-01,-1.7661e-01,-1.7597e-01,-1.7531e-01,-1.7466e-01,-1.7402e-01,-1.7338e-01,-1.7277e-01,-1.7219e-01,-1.7162e-01,-1.7108e-01,-1.7055e-01,-1.7002e-01,-1.6949e-01,-1.6894e-01,-1.6835e-01,-1.6770e-01,-1.6697e-01,-1.6613e-01,-1.6517e-01,-1.6406e-01,-1.6278e-01,-1.6132e-01,-1.5967e-01,-1.5783e-01,-1.5582e-01,-1.5367e-01,-1.5144e-01,-1.4920e-01,-1.4706e-01,-1.4515e-01,-1.4361e-01,-1.4258e-01,-1.4214e-01,-1.4229e-01,-1.4279e-01,-1.4309e-01,-1.4217e-01,-1.3835e-01,-1.2935e-01,-1.1240e-01,-8.5042e-02,-4.6638e-02,-5.0552e-04
9.0867e-03,4.9865e-04,-7.7721e-03,-1.5697e-02,-2.3247e-02,-3.0406e-02,-3.7164e-02,-4.3518e-02,-4.9470e-02,-5.5032e-02,-6.0216e-02,-6.5043e-02,-6.9532e-02,-7.3709e-02,-7.7599e-02,-8.1228e-02,-8.4620e-02,-8.7799e-02,-9.0790e-02,-9.3611e-02,-9.6283e-02,-9.8820e-02,-1.0124e-01,-1.0355e-01,-1.0576e-01,-1.0789e-01,-1.0992e-01,-1.1188e-01,-1.1377e-01,-1.1558e-01,-1.1731e-01,-1.1897e-01,-1.2055e-01,-1.2205e-01,-1.2347e-01,-1.2480e-01,-1.2605e-01,-1.2720e-01,-1.2825e-01,-1.2920e-01,-1.3005e-01,-1.3079e-01,-1.3142e-01,-1.3195e-01,-1.3236e-01,-1.3266e-01,-1.3286e-01,-1.3295e-01,-1.3294e-01,-1.3284e-01,-1.3264e-01,-1.3237e-01,-1.3203e-01,-1.3162e-01,-1.3117e-01,-1.3067e-01,-1.3015e-01,-1.2960e-01,-1.2905e-01,-1.2851e-01,-1.2797e-01,-1.2746e-01,-1.2698e-01,-1.2654e-01,-1.2613e-01,-1.2577e-01,-1.2544e-01,-1.2514e-01,-1.2487e-01,-1.2461e-01,-1.2435e-01,-1.2408e-01,-1.2376e-01,-1.2339e-01,-1.2292e-01,-1.2235e-01,-1.2164e-01,-1.2077e-01,-1.1973e-01,-1.1848e-01,-1.1704e-01,-1.1540e-01,-1.1359e-01,-1.1163e-01,-1.0960e-01,-1.0757e-01,-1.0566e-01,-1.0400e-01,-1.0274e-01,-1.0202e-01,-1.0194e-01,-1.0246e-01,-1.0336e-01,-1.0406e-01,-1.0351e-01,-1.0003e-01,-9.1311e-02,-7.4604e-02,-4.7483e-02,-9.3671e-03
1.3301e-02,6.6335e-03,2.7320e-04,-5.7538e-03,-1.1430e-02,-1.6739e-02,-2.1680e-02,-2.6251e-02,-3.0459e-02,-3.4318e-02,-3.7846e-02,-4.1064e-02,-4.3995e-02,-4.6667e-02,-4.9105e-02,-5.1337e-02,-5.3388e-02,-5.5285e-02,-5.7049e-02,-5.8702e-02,-6.0262e-02,-6.1746e-02,-6.3166e-02,-6.4535e-02,-6.5860e-02,-6.7147e-02,-6.8404e-02,-6.9631e-02,-7.0830e-02,-7.2001e-02,-7.3142e-02,-7.4251e-02,-7.5325e-02,-7.6360e-02,-7.7351e-02,-7.8292e-02,-7.9178e-02,-8.0004e-02,-8.0766e-02,-8.1456e-02,-8.2070e-02,-8.2606e-02,-8.3058e-02,-8.3424e-02,-8.3704e-02,-8.3895e-02,-8.4001e-02,-8.4021e-02,-8.3959e-02,-8.3821e-02,-8.3612e-02,-8.3338e-02,-8.3008e-02,-8.2631e-02,-8.2217e-02,-8.1775e-02,-8.1318e-02,-8.0857e-02,-8.0402e-02,-7.9963e-02,-7.9553e-02,-7.9178e-02,-7.8849e-02,-7.8569e-02,-7.8344e-02,-7.8175e-02,-7.8061e-02,-7.7998e-02,-7.7979e-02,-7.7995e-02,-7.8031e-02,-7.8069e-02,-7.8090e-02,-7.8071e-02,-7.7986e-02,-7.7809e-02,-7.7512e-02,-7.7068e-02,-7.6453e-02,-7.5645e-02,-7.4632e-02,-7.3407e-02,-7.1976e-02,-7.0364e-02,-6.8611e-02,-6.6784e-02,-6.4977e-02,-6.3305e-02,-6.1912e-02,-6.0952e-02,-6.0568e-02,-6.0851e-02,-6.1772e-02,-6.3087e-02,-6.4206e-02,-6.4051e-02,-6.0925e-02,-5.2502e-02,-3.6051e-02,-9.1825e-03
1.8319e-02,1.3575e-02,9.1311e-03,5.0066e-03,1.2159e-03,-2.2345e-03,-5.3422e-03,-8.1129e-03,-1.0559e-02,-1.2695e-02,-1.4543e-02,-1.6128e-02,-1.7475e-02,-1.8613e-02,-1.9570e-02,-2.0374e-02,-2.1055e-02,-2.1636e-02,-2.2142e-02,-2.2593e-02,-2.3010e-02,-2.3407e-02,-2.3797e-02,-2.4192e-02,-2.4598e-02,-2.5021e-02,-2.5466e-02,-2.5932e-02,-2.6420e-02,-2.6928e-02,-2.7453e-02,-2.7992e-02,-2.8538e-02,-2.9086e-02,-2.9630e-02,-3.0162e-02,-3.0676e-02,-3.1164e-02,-3.1620e-02,-3.2036e-02,-3.2407e-02,-3.2727e-02,-3.2990e-02,-3.3194e-02,-3.3334e-02,-3.3410e-02,-3.3420e-02,-3.3366e-02,-3.3250e-02,-3.3074e-02,-3.2845e-02,-3.2568e-02,-3.2250e-02,-3.1900e-02,-3.1527e-02,-3.1141e-02,-3.0753e-02,-3.0373e-02,-3.0013e-02,-2.9683e-02,-2.9394e-02,-2.9156e-02,-2.8975e-02,-2.8860e-02,-2.8813e-02,-2.8841e-02,-2.8941e-02,-2.9109e-02,-2.9342e-02,-2.9629e-02,-2.9957e-02,-3.0309e-02,-3.0667e-02,-3.1007e-02,-3.1302e-02,-3.1525e-02,-3.1648e-02,-3.1640e-02,-3.1473e-02,-3.1122e-02,-3.0564e-02,-2.9787e-02,-2.8786e-02,-2.7571e-02,-2.6171e-02,-2.4629e-02,-2.3021e-02,-2.1444e-02,-2.0024e-02,-1.8912e-02,-1.8265e-02,-1.8232e-02,-1.8902e-02,-2.0241e-02,-2.1990e-02,-2.3545e-02,-2.3799e-02,-2.1043e-02,-1.2934e-02,3.2443e-03
