-1.6989e-01,2.6048e-02,-1.8801e-02,-8.4458e-03,-2.8744e-03,8.1199e-04,2.4612e-03,2.2144e-03,1.3975e-03,8.3118e-04,6.0867e-04,5.6032e-04,5.6542e-04,5.9999e-04,6.7603e-04,7.9845e-04,9.6468e-04,1.1753e-03,1.4223e-03,1.6568e-03,1.7926e-03,1.7559e-03,1.5505e-03,1.2770e-03,1.0928e-03,1.1329e-03,1.4534e-03,2.0075e-03,2.6641e-03,3.2577e-03,3.6426e-03,3.7342e-03,3.5205e-03,3.0491e-03,2.4053e-03,1.6885e-03,9.9081e-04,3.8516e-04,-8.2325e-05,-3.9051e-04,-5.4175e-04,-5.5445e-04,-4.5619e-04,-2.7918e-04,-5.4963e-05,1.8882e-04,4.2823e-04,6.4642e-04,8.3192e-04,9.7994e-04,1.0902e-03,1.1671e-03,1.2172e-03,1.2489e-03,1.2708e-03,1.2909e-03,1.3149e-03,1.3466e-03,1.3872e-03,1.4348e-03,1.4863e-03,1.5364e-03,1.5787e-03,1.6070e-03,1.6142e-03,1.5972e-03,1.5519e-03,1.4796e-03,1.3819e-03,1.2642e-03,1.1343e-03,9.9946e-04,8.6888e-04,7.4942e-04,6.4695e-04,5.6418e-04,5.0021e-04,4.5112e-04,4.1093e-04,3.7202e-04,3.2470e-04,2.6059e-04,1.7200e-04,5.3938e-05,-9.6343e-05,-2.7869e-04,-4.8952e-04,-7.2323e-04,-9.7237e-04,-1.2280e-03,-1.4810e-03,-1.7231e-03,-1.9462e-03,-2.1448e-03,-2.3152e-03,-2.4555e-03,-2.5673e-03,-2.6539e-03,-2.7198e-03,-2.7727e-03
-1.4215e+00,-1.8550e-01,2.8385e-02,-1.7076e-02,-7.7872e-03,-2.7953e-03,6.5557e-04,2.1842e-03,1.8973e-03,1.1090e-03,5.9466e-04,4.0934e-04,3.8077e-04,4.0301e-04,4.6396e-04,5.7607e-04,7.3453e-04,9.2533e-04,1.1406e-03,1.3593e-03,1.5218e-03,1.5390e-03,1.3579e-03,1.0219e-03,6.7363e-04,4.8819e-04,5.8907e-04,9.9375e-04,1.6113e-03,2.2783e-03,2.8224e-03,3.1170e-03,3.1084e-03,2.8142e-03,2.3043e-03,1.6740e-03,1.0203e-03,4.2604e-04,-5.0511e-05,-3.7879e-04,-5.5323e-04,-5.8725e-04,-5.0658e-04,-3.4426e-04,-1.3205e-04,9.9141e-05,3.2453e-04,5.2484e-04,6.8915e-04,8.1052e-04,8.8937e-04,9.3091e-04,9.4288e-04,9.3490e-04,9.1703e-04,8.9807e-04,8.8432e-04,8.8070e-04,8.8711e-04,9.0330e-04,9.2436e-04,9.4582e-04,9.6009e-04,9.6159e-04,9.4439e-04,9.0485e-04,8.4170e-04,7.5651e-04,6.5276e-04,5.3780e-04,4.1924e-04,3.0570e-04,2.0601e-04,1.2581e-04,7.0091e-05,3.9820e-05,3.2090e-05,4.2144e-05,6.2313e-05,8.3096e-05,9.5366e-05,8.9712e-05,5.8841e-05,-2.4941e-06,-9.7081e-05,-2.2354e-04,-3.7841e-04,-5.5739e-04,-7.5177e-04,-9.5308e-04,-1.1524e-03,-1.3423e-03,-1.5150e-03,-1.6655e-03,-1.7899e-03,-1.8875e-03,-1.9591e-03,-2.0084e-03,-2.0410e-03,-2.0628e-03
-5.0203e-01,-1.4033e+00,-2.0222e-01,3.0915e-02,-1.5333e-02,-7.1563e-03,-2.7171e-03,5.2781e-04,1.9428e-03,1.6153e-03,8.5550e-04,3.9015e-04,2.3896e-04,2.2716e-04,2.6602e-04,3.5447e-04,5.0057e-04,6.9032e-04,8.9919e-04,1.1093e-03,1.2889e-03,1.3663e-03,1.2552e-03,9.3174e-04,4.8508e-04,9.5721e-05,-5.4128e-05,1.3142e-04,6.2387e-04,1.2878e-03,1.9389e-03,2.4122e-03,2.6076e-03,2.5059e-03,2.1517e-03,1.6302e-03,1.0398e-03,4.7093e-04,-6.7819e-06,-3.5134e-04,-5.4818e-04,-6.0450e-04,-5.4365e-04,-3.9634e-04,-1.9704e-04,2.2136e-05,2.3494e-04,4.2035e-04,5.6487e-04,6.6287e-04,7.1407e-04,7.2390e-04,7.0150e-04,6.5761e-04,6.0385e-04,5.4967e-04,5.0279e-04,4.6788e-04,4.4630e-04,4.3622e-04,4.3315e-04,4.3161e-04,4.2438e-04,4.0578e-04,3.7082e-04,3.1627e-04,2.4223e-04,1.5139e-04,4.8781e-05,-5.7785e-05,-1.5984e-04,-2.4836e-04,-3.1680e-04,-3.5779e-04,-3.7007e-04,-3.5361e-04,-3.1195e-04,-2.5195e-04,-1.8250e-04,-1.1353e-04,-5.4037e-05,-1.4011e-05,4.6566e-07,-1.6289e-05,-6.5807e-05,-1.4725e-04,-2.5748e-04,-3.9053e-04,-5.3872e-04,-6.9393e-04,-8.4779e-04,-9.9210e-04,-1.1213e-03,-1.2294e-03,-1.3142e-03,-1.3741e-03,-1.4116e-03,-1.4293e-03,-1.4326e-03,-1.4285e-03
-5.6334e-01,-4.8578e-01,-1.3832e+00,-2.1992e-01,3.3640e-02,-1.3574e-02,-6.5595e-03,-2.6454e-03,4.2340e-04,1.7324e-03,1.3654e-03,6.3334e-04,2.1516e-04,9.3846e-05,9.6764e-05,1.5160e-04,2.6710e-04,4.4576e-04,6.6141e-04,8.8116e-04,1.0783e-03,1.2080e-03,1.1888e-03,9.4456e-04,4.8805e-04,-4.1639e-05,-4.3404e-04,-5.1557e-04,-2.3032e-04,3.4177e-04,1.0278e-03,1.6358e-03,2.0206e-03,2.1168e-03,1.9364e-03,1.5458e-03,1.0395e-03,5.1246e-04,4.4871e-05,-3.1028e-04,-5.2765e-04,-6.0690e-04,-5.6603e-04,-4.3574e-04,-2.4991e-04,-4.1824e-05,1.5950e-04,3.3216e-04,4.6109e-04,5.3873e-04,5.6622e-04,5.4832e-04,4.9594e-04,4.2056e-04,3.3473e-04,2.5041e-04,1.7559e-04,1.1497e-04,7.0473e-05,3.9849e-05,1.8220e-05,2.3097e-07,-2.1802e-05,-5.3588e-05,-9.9868e-05,-1.6283e-04,-2.4143e-04,-3.3178e-04,-4.2774e-04,-5.2168e-04,-6.0393e-04,-6.6679e-04,-7.0295e-04,-7.0856e-04,-6.8174e-04,-6.2544e-04,-5.4328e-04,-4.4378e-04,-3.3620e-04,-2.2999e-04,-1.3552e-04,-6.1044e-05,-1.3135e-05,3.7774e-06,-1.1716e-05,-5.8707e-05,-1.3249e-04,-2.2806e-04,-3.3809e-04,-4.5418e-04,-5.6896e-04,-6.7472e-04,-7.6604e-04,-8.3757e-04,-8.8828e-04,-9.1604e-04,-9.2441e-04,-9.1533e-04,-8.9507e-04,-8.7029e-04
-6.0295e-01,-5.8317e-01,-4.7639e-01,-1.3611e+00,-2.3850e-01,3.6560e-02,-1.1802e-02,-6.0050e-03,-2.5872e-03,3.3692e-04,1.5490e-03,1.1437e-03,4.4051e-04,6.6992e-05,-2.8554e-05,-1.3933e-05,5.7662e-05,1.9958e-04,4.0827e-04,6.4508e-04,8.6914e-04,1.0448e-03,1.1144e-03,9.8939e-04,6.1169e-04,4.0088e-05,-5.3852e-04,-8.9558e-04,-8.8196e-04,-4.9347e-04,1.3897e-04,8.1792e-04,1.3593e-03,1.6468e-03,1.6508e-03,1.4111e-03,1.0098e-03,5.4332e-04,9.8903e-05,-2.5880e-04,-4.9300e-04,-5.9404e-04,-5.7525e-04,-4.6276e-04,-2.9080e-04,-9.3404e-05,9.8439e-05,2.6062e-04,3.7687e-04,4.3878e-04,4.4646e-04,4.0631e-04,3.2786e-04,2.2610e-04,1.1387e-04,4.2096e-06,-9.3887e-05,-1.7431e-04,-2.3596e-04,-2.8127e-04,-3.1454e-04,-3.4331e-04,-3.7391e-04,-4.1293e-04,-4.6421e-04,-5.2957e-04,-6.0697e-04,-6.9166e-04,-7.7743e-04,-8.5508e-04,-9.1652e-04,-9.5384e-04,-9.6104e-04,-9.3556e-04,-8.7632e-04,-7.8740e-04,-6.7467e-04,-5.4610e-04,-4.1050e-04,-2.7933e-04,-1.6059e-04,-6.3021e-05,7.7263e-06,4.8190e-05,5.7416e-05,3.6892e-05,-9.1698e-06,-7.4923e-05,-1.5339e-04,-2.3724e-04,-3.1915e-04,-3.9209e-04,-4.5074e-04,-4.9184e-04,-5.1287e-04,-5.1442e-04,-4.9792e-04,-4.6769e-04,-4.2933e-04,-3.8831e-04
-4.9354e-01,-6.1046e-01,-6.0230e-01,-4.7345e-01,-1.3372e+00,-2.5779e-01,3.9672e-02,-1.0022e-02,-5.5023e-03,-2.5506e-03,2.6330e-04,1.3875e-03,9.4731e-04,2.7405e-04,-5.7526e-05,-1.3154e-04,-1.0667e-04,-1.8887e-05,1.4951e-04,3.8464e-04,6.3794e-04,8.5993e-04,1.0070e-03,1.0082e-03,7.7136e-04,2.6618e-04,-3.9592e-04,-9.8479e-04,-1.2710e-03,-1.1461e-03,-6.6389e-04,2.9653e-06,6.4593e-04,1.1021e-03,1.2911e-03,1.2171e-03,9.4154e-04,5.5482e-04,1.4919e-04,-2.0060e-04,-4.4613e-04,-5.6771e-04,-5.7024e-04,-4.7662e-04,-3.1932e-04,-1.3243e-04,5.0854e-05,2.0529e-04,3.1258e-04,3.6279e-04,3.5594e-04,2.9766e-04,1.9937e-04,7.6091e-05,-5.7129e-05,-1.8657e-04,-3.0211e-04,-3.9726e-04,-4.6987e-04,-5.2372e-04,-5.6317e-04,-5.9580e-04,-6.2941e-04,-6.6953e-04,-7.2078e-04,-7.8293e-04,-8.5517e-04,-9.3066e-04,-1.0030e-03,-1.0638e-03,-1.1047e-03,-1.1187e-03,-1.1009e-03,-1.0494e-03,-9.6576e-04,-8.5369e-04,-7.1908e-04,-5.7158e-04,-4.2017e-04,-2.7420e-04,-1.4192e-04,-3.1009e-05,5.3260e-05,1.0849e-04,1.3405e-04,1.3240e-04,1.0717e-04,6.4716e-05,1.1468e-05,-4.5523e-05,-9.9827e-05,-1.4529e-04,-1.7716e-04,-1.9211e-04,-1.8912e-04,-1.6877e-04,-1.3350e-04,-8.6404e-05,-3.4172e-05,1.7155e-05
-3.9331e-01,-4.9809e-01,-6.1775e-01,-6.2073e-01,-4.7631e-01,-1.3115e+00,-2.7765e-01,4.2976e-02,-8.2387e-03,-5.0616e-03,-2.5437e-03,1.9583e-04,1.2426e-03,7.7266e-04,1.3144e-04,-1.6070e-04,-2.1690e-04,-1.8422e-04,-8.0379e-05,1.1367e-04,3.7248e-04,6.3645e-04,8.5210e-04,9.6441e-04,8.8977e-04,5.3856e-04,-8.0865e-05,-8.0146e-04,-1.3612e-03,-1.5481e-03,-1.3079e-03,-7.5169e-04,-8.1912e-05,4.9992e-04,8.6100e-04,9.5913e-04,8.2571e-04,5.3875e-04,1.8938e-04,-1.3987e-04,-3.8937e-04,-5.2812e-04,-5.5233e-04,-4.7856e-04,-3.3615e-04,-1.5995e-04,1.6268e-05,1.6511e-04,2.6667e-04,3.1024e-04,2.9340e-04,2.2291e-04,1.1048e-04,-2.8502e-05,-1.7758e-04,-3.2131e-04,-4.4802e-04,-5.5173e-04,-6.3002e-04,-6.8643e-04,-7.2636e-04,-7.5775e-04,-7.8838e-04,-8.2532e-04,-8.7135e-04,-9.2695e-04,-9.8975e-04,-1.0542e-03,-1.1124e-03,-1.1566e-03,-1.1787e-03,-1.1730e-03,-1.1355e-03,-1.0651e-03,-9.6439e-04,-8.3780e-04,-6.9192e-04,-5.3592e-04,-3.7777e-04,-2.2680e-04,-9.0435e-05,2.4691e-05,1.1451e-04,1.7666e-04,2.1183e-04,2.2252e-04,2.1237e-04,1.8740e-04,1.5426e-04,1.1851e-04,8.6790e-05,6.3956e-05,5.4367e-05,6.0305e-05,8.2280e-05,1.1957e-04,1.6925e-04,2.2749e-04,2.8818e-04,3.4561e-04
-3.4051e-01,-3.9965e-01,-5.0291e-01,-6.2482e-01,-6.3847e-01,-4.8415e-01,-1.2842e+00,-2.9789e-01,4.6469e-02,-6.4572e-03,-4.6939e-03,-2.5740e-03,1.2875e-04,1.1109e-03,6.1677e-04,1.1288e-05,-2.4463e-04,-2.8764e-04,-2.4870e-04,-1.2799e-04,9.0007e-05,3.6880e-04,6.3939e-04,8.4403e-04,9.1712e-04,7.6094e-04,2.9830e-04,-4.1585e-04,-1.1586e-03,-1.6523e-03,-1.7217e-03,-1.3750e-03,-7.7189e-04,-1.2949e-04,3.7181e-04,6.3652e-04,6.5691e-04,4.8699e-04,2.1202e-04,-8.2551e-05,-3.2626e-04,-4.7749e-04,-5.2150e-04,-4.6761e-04,-3.4157e-04,-1.7673e-04,-6.8694e-06,1.3891e-04,2.3825e-04,2.7896e-04,2.5810e-04,1.8102e-04,5.9865e-05,-8.8882e-05,-2.4732e-04,-3.9913e-04,-5.3209e-04,-6.3882e-04,-7.1711e-04,-7.7047e-04,-8.0550e-04,-8.3058e-04,-8.5445e-04,-8.8292e-04,-9.2052e-04,-9.6654e-04,-1.0187e-03,-1.0706e-03,-1.1151e-03,-1.1446e-03,-1.1514e-03,-1.1306e-03,-1.0794e-03,-9.9764e-04,-8.8833e-04,-7.5587e-04,-6.0838e-04,-4.5238e-04,-2.9664e-04,-1.4941e-04,-1.6814e-05,9.4660e-05,1.8276e-04,2.4581e-04,2.8475e-04,3.0202e-04,3.0220e-04,2.8985e-04,2.7193e-04,2.5319e-04,2.3948e-04,2.3493e-04,2.4310e-04,2.6453e-04,3.0135e-04,3.5057e-04,4.0937e-04,4.7377e-04,5.3815e-04,5.9607e-04
-3.0869e-01,-3.4840e-01,-4.0645e-01,-5.0798e-01,-6.3165e-01,-6.5552e-01,-4.9610e-01,-1.2553e+00,-3.1836e-01,5.0145e-02,-4.6820e-03,-4.4112e-03,-2.6506e-03,5.6082e-05,9.8751e-04,4.7788e-04,-8.8800e-05,-3.1099e-04,-3.4542e-04,-3.0140e-04,-1.6494e-04,7.6137e-05,3.7121e-04,6.4560e-04,8.3698e-04,8.6674e-04,6.2580e-04,5.8122e-05,-7.2388e-04,-1.4502e-03,-1.8478e-03,-1.7939e-03,-1.3599e-03,-7.4198e-04,-1.5321e-04,2.5735e-04,4.3225e-04,3.9326e-04,2.0954e-04,-3.3759e-05,-2.6070e-04,-4.1721e-04,-4.7865e-04,-4.4454e-04,-3.3573e-04,-1.8299e-04,-1.8980e-05,1.2466e-04,2.2457e-04,2.6672e-04,2.4696e-04,1.6907e-04,4.5527e-05,-1.0648e-04,-2.6839e-04,-4.2255e-04,-5.5590e-04,-6.6007e-04,-7.3319e-04,-7.7887e-04,-8.0466e-04,-8.1940e-04,-8.3232e-04,-8.5032e-04,-8.7688e-04,-9.1232e-04,-9.5319e-04,-9.9344e-04,-1.0259e-03,-1.0430e-03,-1.0385e-03,-1.0082e-03,-9.5000e-04,-8.6421e-04,-7.5393e-04,-6.2487e-04,-4.8275e-04,-3.3565e-04,-1.9033e-04,-5.4434e-05,6.6936e-05,1.6915e-04,2.5025e-04,3.0944e-04,3.4690e-04,3.6705e-04,3.7286e-04,3.6952e-04,3.6257e-04,3.5680e-04,3.5713e-04,3.6641e-04,3.8726e-04,4.2100e-04,4.6699e-04,5.2374e-04,5.8695e-04,6.5241e-04,7.1568e-04,7.6909e-04
-2.7603e-01,-3.1671e-01,-3.5673e-01,-4.1367e-01,-5.1328e-01,-6.3824e-01,-6.7188e-01,-5.1130e-01,-1.2253e+00,-3.3887e-01,5.4002e-02,-2.9183e-03,-4.2255e-03,-2.7821e-03,-2.7770e-05,8.6940e-04,3.5516e-04,-1.6824e-04,-3.6064e-04,-3.9097e-04,-3.4418e-04,-1.9168e-04,6.9913e-05,3.7814e-04,6.5436e-04,8.3176e-04,8.1508e-04,4.8852e-04,-1.7126e-04,-9.8978e-04,-1.6637e-03,-1.9441e-03,-1.7734e-03,-1.2798e-03,-6.7781e-04,-1.6213e-04,1.5566e-04,2.5352e-04,1.7621e-04,-3.9302e-07,-1.9687e-04,-3.5048e-04,-4.2465e-04,-4.1023e-04,-3.1950e-04,-1.7953e-04,-2.2493e-05,1.2025e-04,2.2321e-04,2.7072e-04,2.5615e-04,1.8338e-04,6.3766e-05,-8.5555e-05,-2.4498e-04,-3.9598e-04,-5.2414e-04,-6.2092e-04,-6.8421e-04,-7.1841e-04,-7.3118e-04,-7.3265e-04,-7.3214e-04,-7.3750e-04,-7.5233e-04,-7.7656e-04,-8.0698e-04,-8.3696e-04,-8.6017e-04,-8.6930e-04,-8.5864e-04,-8.2430e-04,-7.6528e-04,-6.8259e-04,-5.7922e-04,-4.6040e-04,-3.3164e-04,-2.0022e-04,-7.1799e-05,4.7136e-05,1.5266e-04,2.4092e-04,3.1025e-04,3.6095e-04,3.9464e-04,4.1328e-04,4.2183e-04,4.2456e-04,4.2512e-04,4.2880e-04,4.3889e-04,4.5845e-04,4.8816e-04,5.2947e-04,5.8042e-04,6.3909e-04,7.0221e-04,7.6456e-04,8.2070e-04,8.6529e-04
-2.4097e-01,-2.8367e-01,-3.2512e-01,-3.6545e-01,-4.2128e-01,-5.1877e-01,-6.4458e-01,-6.8755e-01,-5.2900e-01,-1.1943e+00,-3.5925e-01,5.8035e-02,-1.1673e-03,-4.1478e-03,-2.9754e-03,-1.2690e-04,7.5400e-04,2.4863e-04,-2.2759e-04,-3.9442e-04,-4.2562e-04,-3.7705e-04,-2.0927e-04,7.0231e-05,3.8855e-04,6.6676e-04,8.3056e-04,7.6594e-04,3.5479e-04,-3.7925e-04,-1.2006e-03,-1.7900e-03,-1.9450e-03,-1.6753e-03,-1.1528e-03,-5.9358e-04,-1.6191e-04,6.8780e-05,1.0723e-04,1.2204e-05,-1.4003e-04,-2.8045e-04,-3.6204e-04,-3.6480e-04,-2.9273e-04,-1.6689e-04,-1.8215e-05,1.2345e-04,2.3084e-04,2.8645e-04,2.8186e-04,2.1914e-04,1.0897e-04,-3.1466e-05,-1.8273e-04,-3.2499e-04,-4.4326e-04,-5.2804e-04,-5.7830e-04,-5.9741e-04,-5.9469e-04,-5.8064e-04,-5.6609e-04,-5.5870e-04,-5.6224e-04,-5.7646e-04,-5.9760e-04,-6.2075e-04,-6.3789e-04,-6.4309e-04,-6.3143e-04,-5.9875e-04,-5.4549e-04,-4.7233e-04,-3.8182e-04,-2.7915e-04,-1.7025e-04,-5.9210e-05,4.7445e-05,1.4541e-04,2.3084e-04,3.0190e-04,3.5710e-04,3.9681e-04,4.2329e-04,4.3908e-04,4.4760e-04,4.5296e-04,4.5859e-04,4.6864e-04,4.8543e-04,5.1078e-04,5.4557e-04,5.8963e-04,6.4148e-04,6.9795e-04,7.5585e-04,8.0981e-04,8.5539e-04,8.8598e-04
-2.0856e-01,-2.4833e-01,-2.9171e-01,-3.3391e-01,-3.7454e-01,-4.2924e-01,-5.2444e-01,-6.5065e-01,-7.0252e-01,-5.4854e-01,-1.1627e+00,-3.7932e-01,6.2234e-02,5.7037e-04,-4.1895e-03,-3.2373e-03,-2.4503e-04,6.4193e-04,1.6035e-04,-2.6450e-04,-4.1175e-04,-4.4910e-04,-4.0071e-04,-2.1959e-04,7.4983e-05,4.0232e-04,6.8480e-04,8.3604e-04,7.2113e-04,2.3001e-04,-5.5503e-04,-1.3453e-03,-1.8276e-03,-1.8604e-03,-1.5174e-03,-9.9644e-04,-5.0008e-04,-1.5493e-04,1.0896e-06,-6.7428e-07,-9.5109e-05,-2.1084e-04,-2.9226e-04,-3.0930e-04,-2.5596e-04,-1.4641e-04,-7.3276e-06,1.3198e-04,2.4391e-04,3.0933e-04,3.1790e-04,2.6983e-04,1.7461e-04,4.8084e-05,-8.9299e-05,-2.1794e-04,-3.2239e-04,-3.9247e-04,-4.2583e-04,-4.2804e-04,-4.0840e-04,-3.7883e-04,-3.4988e-04,-3.3031e-04,-3.2420e-04,-3.3051e-04,-3.4632e-04,-3.6530e-04,-3.8067e-04,-3.8678e-04,-3.7849e-04,-3.5341e-04,-3.1058e-04,-2.5186e-04,-1.7972e-04,-9.8243e-05,-1.2005e-05,7.4299e-05,1.5660e-04,2.3052e-04,2.9464e-04,3.4649e-04,3.8563e-04,4.1368e-04,4.3182e-04,4.4286e-04,4.4976e-04,4.5564e-04,4.6386e-04,4.7705e-04,4.9736e-04,5.2512e-04,5.6108e-04,6.0424e-04,6.5200e-04,7.0181e-04,7.4963e-04,7.9153e-04,8.2122e-04,8.3333e-04
-1.8170e-01,-2.1578e-01,-2.5609e-01,-3.0013e-01,-3.4305e-01,-3.8396e-01,-4.3753e-01,-5.3028e-01,-6.5645e-01,-7.1678e-01,-5.6938e-01,-1.1308e+00,-3.9892e-01,6.6594e-02,2.2989e-03,-4.3594e-03,-3.5726e-03,-3.8318e-04,5.3420e-04,9.3367e-05,-2.7720e-04,-4.1205e-04,-4.6134e-04,-4.1589e-04,-2.2352e-04,8.3186e-05,4.1977e-04,7.1033e-04,8.5094e-04,6.8345e-04,1.2053e-04,-6.8967e-04,-1.4179e-03,-1.7809e-03,-1.7057e-03,-1.3186e-03,-8.2651e-04,-4.0380e-04,-1.4019e-04,-4.3383e-05,-6.7195e-05,-1.4598e-04,-2.1880e-04,-2.4520e-04,-2.0941e-04,-1.1731e-04,9.1195e-06,1.4389e-04,2.5882e-04,3.3436e-04,3.5801e-04,3.2801e-04,2.5130e-04,1.4411e-04,2.4773e-05,-8.6471e-05,-1.7297e-04,-2.2524e-04,-2.4052e-04,-2.2480e-04,-1.8831e-04,-1.4368e-04,-1.0245e-04,-7.3195e-05,-5.9737e-05,-6.1732e-05,-7.5169e-05,-9.4241e-05,-1.1208e-04,-1.2282e-04,-1.2269e-04,-1.0870e-04,-8.0969e-05,-4.0147e-05,1.0477e-05,6.8218e-05,1.2917e-04,1.8928e-04,2.4562e-04,2.9576e-04,3.3737e-04,3.7009e-04,3.9387e-04,4.0922e-04,4.1853e-04,4.2403e-04,4.2805e-04,4.3302e-04,4.4172e-04,4.5560e-04,4.7645e-04,5.0282e-04,5.3636e-04,5.7397e-04,6.1413e-04,6.5288e-04,6.8669e-04,7.1117e-04,7.2139e-04,7.1182e-04
-1.6028e-01,-1.8883e-01,-2.2339e-01,-2.6424e-01,-3.0892e-01,-3.5252e-01,-3.9371e-01,-4.4614e-01,-5.3629e-01,-6.6198e-01,-7.3033e-01,-5.9110e-01,-1.0990e+00,-4.1790e-01,7.1101e-02,4.0267e-03,-4.6659e-03,-3.9839e-03,-5.4136e-04,4.3468e-04,5.3532e-05,-2.6233e-04,-3.9391e-04,-4.6255e-04,-4.2283e-04,-2.2239e-04,9.2939e-05,4.4193e-04,7.4662e-04,8.7766e-04,6.5560e-04,3.2138e-05,-7.7549e-04,-1.4181e-03,-1.6607e-03,-1.5002e-03,-1.0982e-03,-6.5390e-04,-3.0841e-04,-1.1586e-04,-6.1285e-05,-9.1266e-05,-1.4463e-04,-1.7421e-04,-1.5415e-04,-8.0882e-05,3.0294e-05,1.5712e-04,2.7270e-04,3.5710e-04,3.9564e-04,3.8514e-04,3.3073e-04,2.4516e-04,1.4795e-04,5.7561e-05,-9.1381e-06,-4.1779e-05,-3.8750e-05,-5.5432e-06,4.6566e-05,1.0440e-04,1.5504e-04,1.9090e-04,2.0774e-04,2.0622e-04,1.9127e-04,1.6834e-04,1.4429e-04,1.2465e-04,1.1377e-04,1.1362e-04,1.2422e-04,1.4484e-04,1.7316e-04,2.0640e-04,2.4187e-04,2.7669e-04,3.0822e-04,3.3508e-04,3.5594e-04,3.7046e-04,3.7923e-04,3.8338e-04,3.8449e-04,3.8438e-04,3.8444e-04,3.8767e-04,3.9482e-04,4.0695e-04,4.2487e-04,4.4772e-04,4.7453e-04,5.0330e-04,5.3111e-04,5.5480e-04,5.7103e-04,5.7464e-04,5.6089e-04,5.2560e-04
-1.4288e-01,-1.6727e-01,-1.9632e-01,-2.3139e-01,-2.7277e-01,-3.1804e-01,-3.6229e-01,-4.0375e-01,-4.5505e-01,-5.4247e-01,-6.6725e-01,-7.4314e-01,-6.1335e-01,-1.0676e+00,-4.3615e-01,7.5743e-02,5.7678e-03,-5.1141e-03,-4.4716e-03,-7.1633e-04,3.5018e-04,4.6629e-05,-2.1696e-04,-3.5667e-04,-4.5254e-04,-4.2315e-04,-2.1950e-04,1.0416e-04,4.7051e-04,7.9699e-04,9.1728e-04,6.3856e-04,-3.0816e-05,-8.0915e-04,-1.3505e-03,-1.4828e-03,-1.2629e-03,-8.7198e-04,-4.8759e-04,-2.1536e-04,-8.0088e-05,-5.1163e-05,-7.4796e-05,-1.0000e-04,-9.1488e-05,-3.7383e-05,5.6189e-05,1.7079e-04,2.8294e-04,3.7244e-04,4.2445e-04,4.3287e-04,4.0101e-04,3.3974e-04,2.6631e-04,1.9913e-04,1.5390e-04,1.4136e-04,1.6199e-04,2.1089e-04,2.7596e-04,3.4353e-04,4.0012e-04,4.3833e-04,4.5403e-04,4.4882e-04,4.2798e-04,3.9737e-04,3.6421e-04,3.3407e-04,3.1008e-04,2.9439e-04,2.8759e-04,2.8839e-04,2.9512e-04,3.0562e-04,3.1786e-04,3.2938e-04,3.3894e-04,3.4498e-04,3.4790e-04,3.4744e-04,3.4359e-04,3.3814e-04,3.3171e-04,3.2604e-04,3.2274e-04,3.2250e-04,3.2666e-04,3.3495e-04,3.4759e-04,3.6316e-04,3.7976e-04,3.9606e-04,4.0821e-04,4.1335e-04,4.0782e-04,3.8676e-04,3.4630e-04,2.8232e-04
-1.2820e-01,-1.4967e-01,-1.7459e-01,-2.0418e-01,-2.3977e-01,-2.8165e-01,-3.2748e-01,-3.7234e-01,-4.1407e-01,-4.6427e-01,-5.4883e-01,-6.7228e-01,-7.5520e-01,-6.3586e-01,-1.0370e+00,-4.5354e-01,8.0500e-02,7.5404e-03,-5.7074e-03,-5.0337e-03,-9.0195e-04,2.8867e-04,8.0615e-05,-1.3717e-04,-2.9991e-04,-4.3216e-04,-4.1892e-04,-2.1723e-04,1.1456e-04,5.0887e-04,8.6456e-04,9.6935e-04,6.3295e-04,-6.5751e-05,-7.9197e-04,-1.2263e-03,-1.2658e-03,-1.0137e-03,-6.5262e-04,-3.3204e-04,-1.2451e-04,-3.1747e-05,-1.5592e-05,-2.6364e-05,-2.4015e-05,1.2733e-05,8.6125e-05,1.8411e-04,2.8764e-04,3.7756e-04,4.3845e-04,4.6334e-04,4.5269e-04,4.1533e-04,3.6611e-04,3.2206e-04,2.9838e-04,3.0445e-04,3.4193e-04,4.0407e-04,4.7828e-04,5.5103e-04,6.0944e-04,6.4488e-04,6.5526e-04,6.4231e-04,6.1207e-04,5.7106e-04,5.2699e-04,4.8459e-04,4.4774e-04,4.1763e-04,3.9513e-04,3.7867e-04,3.6704e-04,3.5845e-04,3.5128e-04,3.4430e-04,3.3622e-04,3.2635e-04,3.1516e-04,3.0270e-04,2.8920e-04,2.7598e-04,2.6412e-04,2.5404e-04,2.4686e-04,2.4274e-04,2.4230e-04,2.4447e-04,2.4930e-04,2.5442e-04,2.5808e-04,2.5813e-04,2.5137e-04,2.3460e-04,2.0376e-04,1.5541e-04,8.5931e-05,-9.2052e-06
-1.1548e-01,-1.3474e-01,-1.5676e-01,-1.8226e-01,-2.1242e-01,-2.4852e-01,-2.9087e-01,-3.3721e-01,-3.8266e-01,-4.2468e-01,-4.7379e-01,-5.5540e-01,-6.7708e-01,-7.6650e-01,-6.5844e-01,-1.0076e+00,-4.7001e-01,8.5353e-02,9.3698e-03,-6.4469e-03,-5.6649e-03,-1.0903e-03,2.6171e-04,1.6405e-04,-2.0444e-05,-2.2474e-04,-4.0505e-04,-4.1539e-04,-2.2056e-04,1.2424e-04,5.6043e-04,9.5064e-04,1.0319e-03,6.3771e-04,-7.1976e-05,-7.2948e-04,-1.0608e-03,-1.0293e-03,-7.6858e-04,-4.4961e-04,-1.9107e-04,-3.6472e-05,2.7467e-05,4.0479e-05,4.4256e-05,6.6800e-05,1.1948e-04,1.9729e-04,2.8662e-04,3.6982e-04,4.3383e-04,4.6937e-04,4.7590e-04,4.5957e-04,4.3323e-04,4.1122e-04,4.0731e-04,4.3069e-04,4.8117e-04,5.5337e-04,6.3310e-04,7.0656e-04,7.6091e-04,7.8955e-04,7.8964e-04,7.6579e-04,7.2334e-04,6.7035e-04,6.1471e-04,5.6141e-04,5.1328e-04,4.7191e-04,4.3689e-04,4.0780e-04,3.8313e-04,3.6103e-04,3.4073e-04,3.2079e-04,3.0106e-04,2.8081e-04,2.6099e-04,2.4057e-04,2.2174e-04,2.0364e-04,1.8771e-04,1.7405e-04,1.6282e-04,1.5428e-04,1.4801e-04,1.4244e-04,1.3664e-04,1.2854e-04,1.1641e-04,9.7308e-05,6.8294e-05,2.7189e-05,-3.1428e-05,-1.0913e-04,-2.0991e-04,-3.3727e-04
-1.0433e-01,-1.2173e-01,-1.4156e-01,-1.6419e-01,-1.9030e-01,-2.2103e-01,-2.5764e-01,-3.0042e-01,-3.4721e-01,-3.9321e-01,-4.3556e-01,-4.8365e-01,-5.6222e-01,-6.8171e-01,-7.7705e-01,-6.8092e-01,-9.7971e-01,-4.8549e-01,9.0273e-02,1.1285e-02,-7.3317e-03,-6.3563e-03,-1.2694e-03,2.8241e-04,3.0412e-04,1.3388e-04,-1.3366e-04,-3.7512e-04,-4.1880e-04,-2.3477e-04,1.3446e-04,6.2947e-04,1.0554e-03,1.1013e-03,6.5046e-04,-5.2959e-05,-6.3211e-04,-8.7252e-04,-7.9316e-04,-5.4224e-04,-2.7027e-04,-6.6748e-05,4.7538e-05,9.3011e-05,1.0741e-04,1.2175e-04,1.5528e-04,2.1012e-04,2.7895e-04,3.4913e-04,4.0760e-04,4.4643e-04,4.6358e-04,4.6303e-04,4.5479e-04,4.5104e-04,4.6453e-04,5.0138e-04,5.6236e-04,6.3969e-04,7.2082e-04,7.9059e-04,8.3723e-04,8.5433e-04,8.4137e-04,8.0315e-04,7.4745e-04,6.8305e-04,6.1672e-04,5.5456e-04,4.9850e-04,4.5041e-04,4.0905e-04,3.7412e-04,3.4316e-04,3.1498e-04,2.8870e-04,2.6330e-04,2.3842e-04,2.1435e-04,1.9081e-04,1.6834e-04,1.4684e-04,1.2736e-04,1.0959e-04,9.3300e-05,7.8209e-05,6.4863e-05,5.0709e-05,3.5658e-05,1.7043e-05,-6.4876e-06,-3.7137e-05,-7.7669e-05,-1.3079e-04,-1.9980e-04,-2.8680e-04,-3.9560e-04,-5.2866e-04,-6.8898e-04
-9.4554e-02,-1.1027e-01,-1.2825e-01,-1.4870e-01,-1.7196e-01,-1.9870e-01,-2.3002e-01,-2.6711e-01,-3.1028e-01,-3.5746e-01,-4.0400e-01,-4.4671e-01,-4.9385e-01,-5.6931e-01,-6.8619e-01,-7.8683e-01,-7.0317e-01,-9.5356e-01,-4.9997e-01,9.5230e-02,1.3317e-02,-8.3596e-03,-7.0979e-03,-1.4252e-03,3.6443e-04,5.0751e-04,3.2337e-04,-3.3541e-05,-3.5197e-04,-4.3892e-04,-2.6383e-04,1.4871e-04,7.2092e-04,1.1760e-03,1.1709e-03,6.6721e-04,-1.5691e-05,-5.1525e-04,-6.8036e-04,-5.7376e-04,-3.4428e-04,-1.1882e-04,3.9538e-05,1.2346e-04,1.5720e-04,1.7193e-04,1.9035e-04,2.2231e-04,2.6640e-04,3.1568e-04,3.6010e-04,3.9268e-04,4.1112e-04,4.1823e-04,4.2133e-04,4.3074e-04,4.5597e-04,5.0297e-04,5.7000e-04,6.4928e-04,7.2726e-04,7.8998e-04,8.2536e-04,8.2855e-04,8.0026e-04,7.4758e-04,6.7859e-04,6.0352e-04,5.2969e-04,4.6283e-04,4.0438e-04,3.5539e-04,3.1514e-04,2.8133e-04,2.5207e-04,2.2597e-04,2.0184e-04,1.7915e-04,1.5665e-04,1.3511e-04,1.1421e-04,9.3972e-05,7.4413e-05,5.5715e-05,3.7573e-05,1.9578e-05,1.4063e-06,-1.8679e-05,-4.1060e-05,-6.7916e-05,-1.0060e-04,-1.4174e-04,-1.9292e-04,-2.5715e-04,-3.3603e-04,-4.3275e-04,-5.5020e-04,-6.9007e-04,-8.5511e-04,-1.0483e-03
-8.5995e-02,-1.0017e-01,-1.1648e-01,-1.3508e-01,-1.5616e-01,-1.8008e-01,-2.0749e-01,-2.3940e-01,-2.7695e-01,-3.2042e-01,-3.6794e-01,-4.1502e-01,-4.5815e-01,-5.0442e-01,-5.7674e-01,-6.9060e-01,-7.9587e-01,-7.2509e-01,-9.2936e-01,-5.1344e-01,1.0019e-01,1.5497e-02,-9.5293e-03,-7.8754e-03,-1.5417e-03,5.2186e-04,7.7714e-04,5.4165e-04,6.5181e-05,-3.4818e-04,-4.8657e-04,-3.1124e-04,1.7351e-04,8.3870e-04,1.3064e-03,1.2325e-03,6.8008e-04,2.8338e-05,-3.9605e-04,-5.0304e-04,-3.8520e-04,-1.8217e-04,1.9558e-06,1.2390e-04,1.8573e-04,2.0972e-04,2.1962e-04,2.3134e-04,2.4978e-04,2.7219e-04,2.9336e-04,3.0962e-04,3.1861e-04,3.2276e-04,3.2786e-04,3.4231e-04,3.7361e-04,4.2489e-04,4.9445e-04,5.7238e-04,6.4500e-04,6.9845e-04,7.2159e-04,7.1011e-04,6.6696e-04,6.0008e-04,5.2012e-04,4.3738e-04,3.6002e-04,2.9317e-04,2.3833e-04,1.9625e-04,1.6365e-04,1.3926e-04,1.2030e-04,1.0477e-04,9.1732e-05,7.8458e-05,6.6191e-05,5.3165e-05,4.0065e-05,2.6651e-05,1.2629e-05,-2.4270e-06,-1.9126e-05,-3.8384e-05,-6.0400e-05,-8.6922e-05,-1.1918e-04,-1.5881e-04,-2.0795e-04,-2.6732e-04,-3.4057e-04,-4.2878e-04,-5.3455e-04,-6.5960e-04,-8.0683e-04,-9.7743e-04,-1.1737e-03,-1.3974e-03
-7.8478e-02,-9.1275e-02,-1.0606e-01,-1.2299e-01,-1.4222e-01,-1.6398e-01,-1.8859e-01,-2.1667e-01,-2.4917e-01,-2.8713e-01,-3.3086e-01,-3.7864e-01,-4.2624e-01,-4.6988e-01,-5.1540e-01,-5.8454e-01,-6.9499e-01,-8.0417e-01,-7.4660e-01,-9.0726e-01,-5.2592e-01,1.0513e-01,1.7850e-02,-1.0841e-02,-8.6726e-03,-1.6002e-03,7.6799e-04,1.1113e-03,7.7690e-04,1.4667e-04,-3.7973e-04,-5.7384e-04,-3.7526e-04,2.1878e-04,9.8335e-04,1.4357e-03,1.2744e-03,6.8001e-04,6.5826e-05,-2.9147e-04,-3.5564e-04,-2.3572e-04,-5.9687e-05,8.9321e-05,1.8273e-04,2.2599e-04,2.3771e-04,2.3523e-04,2.2900e-04,2.2181e-04,2.1342e-04,2.0332e-04,1.9147e-04,1.8045e-04,1.7666e-04,1.8666e-04,2.1588e-04,2.6640e-04,3.3405e-04,4.0849e-04,4.7528e-04,5.1956e-04,5.3119e-04,5.0738e-04,4.5188e-04,3.7482e-04,2.8711e-04,2.0123e-04,1.2537e-04,6.3604e-05,1.8995e-05,-1.0889e-05,-2.7733e-05,-3.5129e-05,-3.6098e-05,-3.3634e-05,-2.9253e-05,-2.4796e-05,-2.1573e-05,-1.9850e-05,-2.0312e-05,-2.3425e-05,-2.9597e-05,-3.9466e-05,-5.3745e-05,-7.3303e-05,-9.9137e-05,-1.3285e-04,-1.7554e-04,-2.2851e-04,-2.9402e-04,-3.7361e-04,-4.6869e-04,-5.8141e-04,-7.1329e-04,-8.6585e-04,-1.0410e-03,-1.2404e-03,-1.4653e-03,-1.7172e-03
-7.1825e-02,-8.3398e-02,-9.6823e-02,-1.1225e-01,-1.2982e-01,-1.4972e-01,-1.7217e-01,-1.9750e-01,-2.2626e-01,-2.5934e-01,-2.9767e-01,-3.4156e-01,-3.8955e-01,-4.3768e-01,-4.8192e-01,-5.2680e-01,-5.9277e-01,-6.9943e-01,-8.1178e-01,-7.6763e-01,-8.8733e-01,-5.3748e-01,1.1001e-01,2.0391e-02,-1.2297e-02,-9.4728e-03,-1.5818e-03,1.1127e-03,1.5025e-03,1.0114e-03,1.9025e-04,-4.6646e-04,-7.0998e-04,-4.4781e-04,2.9553e-04,1.1496e-03,1.5483e-03,1.2841e-03,6.5495e-04,8.2098e-05,-2.1577e-04,-2.4755e-04,-1.3073e-04,2.1137e-05,1.4190e-04,2.1141e-04,2.3548e-04,2.2908e-04,2.0436e-04,1.6840e-04,1.2689e-04,8.2392e-05,3.8832e-05,1.5516e-06,-2.3408e-05,-2.8661e-05,-9.8683e-06,3.3533e-05,9.6044e-05,1.6616e-04,2.2807e-04,2.6658e-04,2.7127e-04,2.4020e-04,1.7774e-04,9.4902e-05,5.4650e-06,-7.9036e-05,-1.4884e-04,-1.9969e-04,-2.2991e-04,-2.4107e-04,-2.3726e-04,-2.2196e-04,-1.9905e-04,-1.7213e-04,-1.4452e-04,-1.1803e-04,-9.3993e-05,-7.3969e-05,-5.8454e-05,-4.8468e-05,-4.4405e-05,-4.7617e-05,-5.8740e-05,-7.8321e-05,-1.0829e-04,-1.4894e-04,-2.0240e-04,-2.6914e-04,-3.5117e-04,-4.4987e-04,-5.6631e-04,-7.0213e-04,-8.5812e-04,-1.0360e-03,-1.2367e-03,-1.4618e-03,-1.7112e-03,-1.9872e-03
-6.5878e-02,-7.6374e-02,-8.8596e-02,-1.0268e-01,-1.1876e-01,-1.3701e-01,-1.5761e-01,-1.8077e-01,-2.0682e-01,-2.3628e-01,-2.6991e-01,-3.0856e-01,-3.5254e-01,-4.0066e-01,-4.4933e-01,-4.9428e-01,-5.3868e-01,-6.0149e-01,-7.0400e-01,-8.1872e-01,-7.8810e-01,-8.6960e-01,-5.4815e-01,1.1483e-01,2.3118e-02,-1.3907e-02,-1.0257e-02,-1.4663e-03,1.5613e-03,1.9355e-03,1.2190e-03,1.6866e-04,-6.2971e-04,-8.9744e-04,-5.1249e-04,4.1297e-04,1.3249e-03,1.6239e-03,1.2467e-03,5.9310e-04,6.5865e-05,-1.7754e-04,-1.8357e-04,-7.0048e-05,6.1948e-05,1.5883e-04,2.0530e-04,2.0703e-04,1.7332e-04,1.1595e-04,4.2371e-05,-3.9965e-05,-1.2253e-04,-1.9689e-04,-2.5396e-04,-2.8558e-04,-2.8606e-04,-2.5579e-04,-2.0137e-04,-1.3551e-04,-7.4845e-05,-3.6113e-05,-3.1024e-05,-6.1950e-05,-1.2350e-04,-2.0480e-04,-2.9031e-04,-3.6810e-04,-4.2805e-04,-4.6484e-04,-4.7700e-04,-4.6729e-04,-4.3958e-04,-3.9809e-04,-3.4851e-04,-2.9470e-04,-2.4041e-04,-1.8891e-04,-1.4195e-04,-1.0091e-04,-6.7700e-05,-4.3161e-05,-2.8426e-05,-2.3965e-05,-3.1009e-05,-5.0928e-05,-8.3880e-05,-1.3141e-04,-1.9488e-04,-2.7430e-04,-3.7190e-04,-4.8755e-04,-6.2321e-04,-7.7893e-04,-9.5648e-04,-1.1560e-03,-1.3782e-03,-1.6242e-03,-1.8940e-03,-2.1885e-03
-6.0517e-02,-7.0055e-02,-8.1212e-02,-9.4111e-02,-1.0888e-01,-1.2566e-01,-1.4460e-01,-1.6591e-01,-1.8980e-01,-2.1659e-01,-2.4674e-01,-2.8090e-01,-3.1980e-01,-3.6378e-01,-4.1198e-01,-4.6121e-01,-5.0698e-01,-5.5104e-01,-6.1076e-01,-7.0878e-01,-8.2504e-01,-8.0793e-01,-8.5405e-01,-5.5802e-01,1.1958e-01,2.6001e-02,-1.5683e-02,-1.1006e-02,-1.2334e-03,2.1134e-03,2.3864e-03,1.3672e-03,5.1050e-05,-8.8685e-04,-1.1280e-03,-5.4739e-04,5.7260e-04,1.4860e-03,1.6409e-03,1.1506e-03,4.8770e-04,1.2305e-05,-1.7897e-04,-1.6039e-04,-4.8960e-05,6.6411e-05,1.4125e-04,1.6290e-04,1.3500e-04,6.6644e-05,-3.2116e-05,-1.4953e-04,-2.7357e-04,-3.9100e-04,-4.8900e-04,-5.5578e-04,-5.8492e-04,-5.7363e-04,-5.2917e-04,-4.6556e-04,-4.0163e-04,-3.5592e-04,-3.4100e-04,-3.6173e-04,-4.1329e-04,-4.8389e-04,-5.6004e-04,-6.2677e-04,-6.7391e-04,-6.9537e-04,-6.9020e-04,-6.5925e-04,-6.0835e-04,-5.4221e-04,-4.6592e-04,-3.8553e-04,-3.0516e-04,-2.2855e-04,-1.5839e-04,-9.6453e-05,-4.5672e-05,-6.5155e-06,1.9986e-05,3.1915e-05,2.9098e-05,1.0218e-05,-2.5170e-05,-7.8049e-05,-1.4937e-04,-2.3980e-04,-3.4958e-04,-4.7980e-04,-6.3085e-04,-8.0307e-04,-9.9673e-04,-1.2133e-03,-1.4516e-03,-1.7128e-03,-1.9970e-03,-2.3040e-03
-5.5672e-02,-6.4346e-02,-7.4547e-02,-8.6392e-02,-9.9994e-02,-1.1547e-01,-1.3297e-01,-1.5263e-01,-1.7466e-01,-1.9929e-01,-2.2682e-01,-2.5765e-01,-2.9232e-01,-3.3141e-01,-3.7531e-01,-4.2352e-01,-4.7331e-01,-5.2001e-01,-5.6390e-01,-6.2060e-01,-7.1383e-01,-8.3079e-01,-8.2707e-01,-8.4062e-01,-5.6715e-01,1.2429e-01,2.8978e-02,-1.7649e-02,-1.1697e-02,-8.6319e-04,2.7626e-03,2.8219e-03,1.4171e-03,-1.9336e-04,-1.2467e-03,-1.3784e-03,-5.2864e-04,7.6359e-04,1.6031e-03,1.5794e-03,9.8955e-04,3.3855e-04,-7.6085e-05,-2.1382e-04,-1.7004e-04,-5.8781e-05,4.1775e-05,9.3438e-05,8.6667e-05,2.3089e-05,-8.6892e-05,-2.3109e-04,-3.9238e-04,-5.5389e-04,-6.9723e-04,-8.0584e-04,-8.6892e-04,-8.8178e-04,-8.4957e-04,-7.8696e-04,-7.1394e-04,-6.5222e-04,-6.1803e-04,-6.1784e-04,-6.4970e-04,-7.0290e-04,-7.6341e-04,-8.1639e-04,-8.5054e-04,-8.5901e-04,-8.3882e-04,-7.9207e-04,-7.2246e-04,-6.3578e-04,-5.3808e-04,-4.3511e-04,-3.3205e-04,-2.3321e-04,-1.4230e-04,-6.1765e-05,5.6364e-06,5.8824e-05,9.5733e-05,1.1611e-04,1.1809e-04,1.0133e-04,6.5364e-05,9.4697e-06,-6.6988e-05,-1.6440e-04,-2.8268e-04,-4.2237e-04,-5.8388e-04,-7.6702e-04,-9.7196e-04,-1.1984e-03,-1.4467e-03,-1.7167e-03,-2.0082e-03,-2.3219e-03
-5.1312e-02,-5.9201e-02,-6.8528e-02,-7.9413e-02,-9.1967e-02,-1.0630e-01,-1.2251e-01,-1.4073e-01,-1.6113e-01,-1.8390e-01,-2.0927e-01,-2.3754e-01,-2.6904e-01,-3.0417e-01,-3.4339e-01,-3.8713e-01,-4.3528e-01,-4.8566e-01,-5.3339e-01,-5.7728e-01,-6.3105e-01,-7.1924e-01,-8.3602e-01,-8.4540e-01,-8.2925e-01,-5.7558e-01,1.2904e-01,3.1945e-02,-1.9829e-02,-1.2306e-02,-3.3457e-04,3.4936e-03,3.2015e-03,1.3257e-03,-5.9246e-04,-1.7011e-03,-1.6113e-03,-4.4053e-04,9.5885e-04,1.6449e-03,1.4304e-03,7.6921e-04,1.5541e-04,-1.8648e-04,-2.6758e-04,-1.9805e-04,-8.6445e-05,-9.7230e-07,2.5926e-05,-1.4309e-05,-1.1722e-04,-2.7145e-04,-4.5855e-04,-6.5725e-04,-8.4367e-04,-9.9618e-04,-1.0968e-03,-1.1368e-03,-1.1190e-03,-1.0560e-03,-9.7003e-04,-8.8523e-04,-8.2236e-04,-7.9214e-04,-7.9558e-04,-8.2440e-04,-8.6586e-04,-9.0432e-04,-9.2811e-04,-9.2798e-04,-9.0047e-04,-8.4524e-04,-7.6594e-04,-6.6800e-04,-5.5683e-04,-4.3922e-04,-3.2026e-04,-2.0570e-04,-9.8728e-05,-3.4217e-06,7.7903e-05,1.4291e-04,1.9012e-04,2.1847e-04,2.2684e-04,2.1448e-04,1.8096e-04,1.2534e-04,4.8101e-05,-5.1256e-05,-1.7271e-04,-3.1635e-04,-4.8171e-04,-6.6889e-04,-8.7794e-04,-1.1079e-03,-1.3592e-03,-1.6313e-03,-1.9241e-03,-2.2374e-03
-4.7434e-02,-5.4609e-02,-6.3132e-02,-7.3130e-02,-8.4716e-02,-9.7998e-02,-1.1307e-01,-1.3004e-01,-1.4901e-01,-1.7016e-01,-1.9367e-01,-2.1978e-01,-2.4878e-01,-2.8092e-01,-3.1647e-01,-3.5575e-01,-3.9926e-01,-4.4730e-01,-4.9826e-01,-5.4712e-01,-5.9115e-01,-6.4211e-01,-7.2506e-01,-8.4080e-01,-8.6282e-01,-8.1984e-01,-5.8334e-01,1.3391e-01,3.4754e-02,-2.2253e-02,-1.2801e-02,3.7276e-04,4.2825e-03,3.4762e-03,1.0505e-03,-1.1594e-03,-2.2175e-03,-1.7819e-03,-2.8479e-04,1.1207e-03,1.5879e-03,1.1965e-03,5.0603e-04,-4.0969e-05,-2.9845e-04,-3.2073e-04,-2.2642e-04,-1.1466e-04,-4.5383e-05,-4.4957e-05,-1.2005e-04,-2.6263e-04,-4.5690e-04,-6.7795e-04,-8.9877e-04,-1.0899e-03,-1.2279e-03,-1.2965e-03,-1.2940e-03,-1.2314e-03,-1.1300e-03,-1.0181e-03,-9.1992e-04,-8.5282e-04,-8.2163e-04,-8.2264e-04,-8.4350e-04,-8.7014e-04,-8.8803e-04,-8.8779e-04,-8.6256e-04,-8.1061e-04,-7.3413e-04,-6.3672e-04,-5.2421e-04,-4.0314e-04,-2.7805e-04,-1.5532e-04,-3.9034e-05,6.5546e-05,1.5731e-04,2.3245e-04,2.8915e-04,3.2636e-04,3.4252e-04,3.3720e-04,3.0970e-04,2.5954e-04,1.8685e-04,9.1389e-05,-2.6606e-05,-1.6702e-04,-3.2949e-04,-5.1395e-04,-7.1950e-04,-9.4620e-04,-1.1940e-03,-1.4616e-03,-1.7500e-03,-2.0571e-03
-4.4031e-02,-5.0568e-02,-5.8360e-02,-6.7535e-02,-7.8219e-02,-9.0525e-02,-1.0455e-01,-1.2039e-01,-1.3812e-01,-1.5786e-01,-1.7975e-01,-2.0400e-01,-2.3085e-01,-2.6055e-01,-2.9330e-01,-3.2923e-01,-3.6852e-01,-4.1172e-01,-4.5960e-01,-5.1113e-01,-5.6117e-01,-6.0548e-01,-6.5377e-01,-7.3132e-01,-8.4516e-01,-8.7922e-01,-8.1229e-01,-5.9041e-01,1.3904e-01,3.7209e-02,-2.4944e-02,-1.3143e-02,1.2799e-03,5.0976e-03,3.5953e-03,5.5799e-04,-1.8836e-03,-2.7397e-03,-1.8494e-03,-8.4400e-05,1.2088e-03,1.4244e-03,8.9935e-04,2.2999e-04,-2.2239e-04,-3.8726e-04,-3.5176e-04,-2.3377e-04,-1.2329e-04,-7.0579e-05,-9.6826e-05,-2.0402e-04,-3.8014e-04,-6.0234e-04,-8.3981e-04,-1.0591e-03,-1.2284e-03,-1.3250e-03,-1.3394e-03,-1.2784e-03,-1.1637e-03,-1.0234e-03,-8.8922e-04,-7.8281e-04,-7.1530e-04,-6.8744e-04,-6.9014e-04,-7.0837e-04,-7.2885e-04,-7.3791e-04,-7.2721e-04,-6.9263e-04,-6.3289e-04,-5.5057e-04,-4.5047e-04,-3.3778e-04,-2.1841e-04,-9.7446e-05,1.9763e-05,1.2882e-04,2.2613e-04,3.0895e-04,3.7457e-04,4.2152e-04,4.4818e-04,4.5318e-04,4.3671e-04,3.9737e-04,3.3501e-04,2.5040e-04,1.4257e-04,1.1981e-05,-1.4055e-04,-3.1541e-04,-5.1179e-04,-7.2914e-04,-9.6730e-04,-1.2259e-03,-1.5045e-03,-1.8025e-03
-4.1078e-02,-4.7067e-02,-5.4208e-02,-6.2637e-02,-7.2483e-02,-8.3871e-02,-9.6910e-02,-1.1169e-01,-1.2830e-01,-1.4681e-01,-1.6731e-01,-1.8996e-01,-2.1494e-01,-2.4251e-01,-2.7289e-01,-3.0622e-01,-3.4248e-01,-3.8172e-01,-4.2456e-01,-4.7221e-01,-5.2427e-01,-5.7551e-01,-6.2021e-01,-6.6598e-01,-7.3805e-01,-8.4917e-01,-8.9445e-01,-8.0649e-01,-5.9672e-01,1.4457e-01,3.9075e-02,-2.7917e-02,-1.3283e-02,2.4030e-03,5.8988e-03,3.5096e-03,-1.6781e-04,-2.7199e-03,-3.1902e-03,-1.7928e-03,1.1944e-04,1.1964e-03,1.1715e-03,5.7606e-04,-2.2236e-05,-3.5918e-04,-4.2890e-04,-3.3911e-04,-2.0090e-04,-9.2246e-05,-5.4630e-05,-1.0303e-04,-2.3460e-04,-4.3122e-04,-6.6291e-04,-8.9254e-04,-1.0828e-03,-1.2024e-03,-1.2342e-03,-1.1789e-03,-1.0546e-03,-8.9193e-04,-7.2483e-04,-5.8234e-04,-4.8147e-04,-4.2830e-04,-4.1720e-04,-4.3482e-04,-4.6582e-04,-4.9537e-04,-5.1241e-04,-5.0884e-04,-4.8125e-04,-4.2910e-04,-3.5544e-04,-2.6492e-04,-1.6251e-04,-5.3236e-05,5.7170e-05,1.6445e-04,2.6394e-04,3.5218e-04,4.2679e-04,4.8482e-04,5.2447e-04,5.4386e-04,5.4242e-04,5.1939e-04,4.7364e-04,4.0482e-04,3.1353e-04,1.9913e-04,6.1752e-05,-9.8061e-05,-2.8020e-04,-4.8446e-04,-7.0995e-04,-9.5648e-04,-1.2236e-03,-1.5108e-03
-3.8518e-02,-4.4053e-02,-5.0643e-02,-5.8416e-02,-6.7507e-02,-7.8046e-02,-9.0157e-02,-1.0394e-01,-1.1949e-01,-1.3688e-01,-1.5616e-01,-1.7743e-01,-2.0083e-01,-2.2654e-01,-2.5480e-01,-2.8583e-01,-3.1969e-01,-3.5623e-01,-3.9538e-01,-4.3780e-01,-4.8517e-01,-5.3768e-01,-5.9009e-01,-6.3524e-01,-6.7865e-01,-7.4525e-01,-8.5288e-01,-9.0836e-01,-8.0233e-01,-6.0212e-01,1.5061e-01,4.0093e-02,-3.1162e-02,-1.3164e-02,3.7508e-03,6.6401e-03,3.1793e-03,-1.1088e-03,-3.5820e-03,-3.4896e-03,-1.6209e-03,2.8200e-04,1.0809e-03,8.6630e-04,2.7142e-04,-2.1545e-04,-4.2660e-04,-4.0617e-04,-2.6771e-04,-1.1234e-04,-5.3626e-06,2.1730e-05,-4.1500e-05,-1.8466e-04,-3.8303e-04,-6.0096e-04,-7.9624e-04,-9.3126e-04,-9.7990e-04,-9.3514e-04,-8.0986e-04,-6.3390e-04,-4.4336e-04,-2.7261e-04,-1.4598e-04,-7.4727e-05,-5.7047e-05,-8.2059e-05,-1.3336e-04,-1.9468e-04,-2.5141e-04,-2.9162e-04,-3.0887e-04,-3.0091e-04,-2.6707e-04,-2.1040e-04,-1.3517e-04,-4.6521e-05,5.0470e-05,1.5040e-04,2.4916e-04,3.4157e-04,4.2517e-04,4.9522e-04,5.5055e-04,5.8843e-04,6.0601e-04,6.0304e-04,5.7825e-04,5.3060e-04,4.5908e-04,3.6409e-04,2.4508e-04,1.0222e-04,-6.3986e-05,-2.5392e-04,-4.6610e-04,-7.0113e-04,-9.5752e-04,-1.2343e-03
-3.6266e-02,-4.1444e-02,-4.7585e-02,-5.4810e-02,-6.3248e-02,-7.3032e-02,-8.4290e-02,-9.7144e-02,-1.1170e-01,-1.2802e-01,-1.4619e-01,-1.6625e-01,-1.8828e-01,-2.1240e-01,-2.3882e-01,-2.6775e-01,-2.9939e-01,-3.3373e-01,-3.7051e-01,-4.0952e-01,-4.5149e-01,-4.9849e-01,-5.5136e-01,-6.0484e-01,-6.5045e-01,-6.9166e-01,-7.5286e-01,-8.5633e-01,-9.2084e-01,-7.9969e-01,-6.0637e-01,1.5727e-01,4.0008e-02,-3.4645e-02,-1.2731e-02,5.3152e-03,7.2683e-03,2.5884e-03,-2.1979e-03,-4.3492e-03,-3.5782e-03,-1.3684e-03,3.7221e-04,8.8641e-04,5.5665e-04,2.5617e-05,-3.2623e-04,-4.1432e-04,-3.1362e-04,-1.3480e-04,3.4984e-05,1.4328e-04,1.6560e-04,9.9266e-05,-3.9782e-05,-2.2084e-04,-4.0207e-04,-5.4065e-04,-6.0323e-04,-5.7304e-04,-4.5708e-04,-2.7995e-04,-7.9622e-05,1.0608e-04,2.4641e-04,3.2565e-04,3.4051e-04,2.9938e-04,2.1867e-04,1.1607e-04,1.0261e-05,-8.4268e-05,-1.5686e-04,-2.0216e-04,-2.1713e-04,-2.0279e-04,-1.6253e-04,-1.0024e-04,-2.1216e-05,6.8702e-05,1.6421e-04,2.6047e-04,3.5297e-04,4.3699e-04,5.0917e-04,5.6663e-04,6.0576e-04,6.2516e-04,6.2244e-04,5.9625e-04,5.4572e-04,4.6987e-04,3.6815e-04,2.4119e-04,8.8636e-05,-8.9154e-05,-2.9118e-04,-5.1672e-04,-7.6469e-04,-1.0341e-03
-3.4227e-02,-3.9135e-02,-4.4926e-02,-5.1711e-02,-5.9610e-02,-6.8750e-02,-7.9261e-02,-9.1271e-02,-1.0489e-01,-1.2022e-01,-1.3734e-01,-1.5628e-01,-1.7711e-01,-1.9988e-01,-2.2473e-01,-2.5183e-01,-2.8140e-01,-3.1361e-01,-3.4838e-01,-3.8535e-01,-4.2418e-01,-4.6565e-01,-5.1221e-01,-5.6529e-01,-6.1969e-01,-6.6570e-01,-7.0486e-01,-7.6083e-01,-8.5958e-01,-9.3181e-01,-7.9846e-01,-6.0919e-01,1.6451e-01,3.8604e-02,-3.8296e-02,-1.1944e-02,7.0594e-03,7.7313e-03,1.7598e-03,-3.3126e-03,-4.8880e-03,-3.4363e-03,-1.0836e-03,3.8624e-04,6.5512e-04,2.8753e-04,-1.3917e-04,-3.5252e-04,-3.3204e-04,-1.6587e-04,4.4942e-05,2.2781e-04,3.4024e-04,3.6621e-04,3.0794e-04,1.8816e-04,4.2701e-05,-8.4452e-05,-1.5383e-04,-1.4102e-04,-4.3031e-05,1.2042e-04,3.1456e-04,4.9871e-04,6.3917e-04,7.1289e-04,7.1388e-04,6.4730e-04,5.2966e-04,3.8031e-04,2.1937e-04,6.5755e-05,-6.6912e-05,-1.6940e-04,-2.3706e-04,-2.6796e-04,-2.6462e-04,-2.3040e-04,-1.7119e-04,-9.1925e-05,7.3016e-07,1.0078e-04,2.0233e-04,3.0006e-04,3.8940e-04,4.6545e-04,5.2489e-04,5.6404e-04,5.8066e-04,5.7244e-04,5.3811e-04,4.7635e-04,3.8715e-04,2.7046e-04,1.2655e-04,-4.4238e-05,-2.3960e-04,-4.5872e-04,-6.9957e-04,-9.6019e-04
-3.2315e-02,-3.7020e-02,-4.2543e-02,-4.8984e-02,-5.6453e-02,-6.5068e-02,-7.4952e-02,-8.6231e-02,-9.9026e-02,-1.1344e-01,-1.2957e-01,-1.4748e-01,-1.6721e-01,-1.8879e-01,-2.1230e-01,-2.3784e-01,-2.6560e-01,-2.9578e-01,-3.2852e-01,-3.6367e-01,-4.0077e-01,-4.3940e-01,-4.8033e-01,-5.2635e-01,-5.7945e-01,-6.3455e-01,-6.8088e-01,-7.1813e-01,-7.6908e-01,-8.6270e-01,-9.4126e-01,-7.9859e-01,-6.1018e-01,1.7221e-01,3.5756e-02,-4.2013e-02,-1.0805e-02,8.9083e-03,7.9874e-03,7.7492e-04,-4.2783e-03,-5.0857e-03,-3.0870e-03,-8.0733e-04,3.4049e-04,4.2745e-04,7.8321e-05,-2.3083e-04,-3.2254e-04,-2.1541e-04,-7.4133e-07,2.3485e-04,4.2991e-04,5.5163e-04,5.8872e-04,5.4971e-04,4.6224e-04,3.6510e-04,2.9981e-04,2.9841e-04,3.7245e-04,5.1068e-04,6.8204e-04,8.4745e-04,9.7035e-04,1.0245e-03,1.0003e-03,9.0053e-04,7.4022e-04,5.4099e-04,3.2486e-04,1.1338e-04,-7.7007e-05,-2.3367e-04,-3.4908e-04,-4.2113e-04,-4.5045e-04,-4.4036e-04,-3.9677e-04,-3.2609e-04,-2.3451e-04,-1.3072e-04,-2.0295e-05,8.9265e-05,1.9168e-04,2.8156e-04,3.5436e-04,4.0597e-04,4.3337e-04,4.3407e-04,4.0661e-04,3.4987e-04,2.6444e-04,1.5035e-04,9.6150e-06,-1.5719e-04,-3.4646e-04,-5.5593e-04,-7.8311e-04,-1.0237e-03
-3.0472e-02,-3.5018e-02,-4.0331e-02,-4.6502e-02,-5.3631e-02,-6.1825e-02,-7.1199e-02,-8.1871e-02,-9.3960e-02,-1.0758e-01,-1.2282e-01,-1.3977e-01,-1.5848e-01,-1.7898e-01,-2.0131e-01,-2.2553e-01,-2.5175e-01,-2.8015e-01,-3.1092e-01,-3.4415e-01,-3.7964e-01,-4.1684e-01,-4.5521e-01,-4.9556e-01,-5.4093e-01,-5.9382e-01,-6.4937e-01,-6.9589e-01,-7.3135e-01,-7.7755e-01,-8.6575e-01,-9.4928e-01,-8.0011e-01,-6.0897e-01,1.8013e-01,3.1497e-02,-4.5677e-02,-9.3872e-03,1.0742e-02,8.0230e-03,-2.1501e-04,-4.9009e-03,-4.8875e-03,-2.5873e-03,-5.6345e-04,2.6156e-04,2.2267e-04,-8.5140e-05,-2.9286e-04,-2.9324e-04,-1.2617e-04,1.2259e-04,3.7777e-04,5.8804e-04,7.2510e-04,7.8251e-04,7.7357e-04,7.2883e-04,6.8599e-04,6.8053e-04,7.3180e-04,8.3745e-04,9.7272e-04,1.1032e-03,1.1915e-03,1.2109e-03,1.1493e-03,1.0084e-03,8.0296e-04,5.5521e-04,2.8909e-04,2.8405e-05,-2.0759e-04,-4.0513e-04,-5.5575e-04,-6.5581e-04,-7.0591e-04,-7.1030e-04,-6.7426e-04,-6.0606e-04,-5.1367e-04,-4.0578e-04,-2.9048e-04,-1.7581e-04,-6.8853e-05,2.4220e-05,9.8241e-05,1.4863e-04,1.7294e-04,1.6927e-04,1.3668e-04,7.5012e-05,-1.4018e-05,-1.2871e-04,-2.6585e-04,-4.2296e-04,-5.9559e-04,-7.7929e-04,-9.7072e-04,-1.1647e-03
-2.8684e-02,-3.3091e-02,-3.8226e-02,-4.4172e-02,-5.1021e-02,-5.8872e-02,-6.7830e-02,-7.8004e-02,-8.9506e-02,-1.0245e-01,-1.1692e-01,-1.3302e-01,-1.5081e-01,-1.7033e-01,-1.9161e-01,-2.1468e-01,-2.3960e-01,-2.6648e-01,-2.9550e-01,-3.2684e-01,-3.6054e-01,-3.9634e-01,-4.3359e-01,-4.7170e-01,-5.1142e-01,-5.5599e-01,-6.0842e-01,-6.6414e-01,-7.1070e-01,-7.4447e-01,-7.8620e-01,-8.6882e-01,-9.5609e-01,-8.0320e-01,-6.0517e-01,1.8792e-01,2.6072e-02,-4.9159e-02,-7.8546e-03,1.2401e-02,7.8734e-03,-9.9839e-04,-5.0161e-03,-4.3103e-03,-2.0051e-03,-3.6140e-04,1.6026e-04,2.2778e-05,-2.5641e-04,-3.9953e-04,-3.4445e-04,-1.4029e-04,1.3442e-04,4.1216e-04,6.4519e-04,8.0922e-04,9.0005e-04,9.3381e-04,9.3954e-04,9.5057e-04,9.9086e-04,1.0653e-03,1.1582e-03,1.2402e-03,1.2786e-03,1.2477e-03,1.1358e-03,9.4648e-04,6.9472e-04,4.0413e-04,1.0070e-04,-1.9184e-04,-4.5293e-04,-6.6873e-04,-8.3060e-04,-9.3620e-04,-9.8782e-04,-9.9046e-04,-9.5162e-04,-8.7976e-04,-7.8516e-04,-6.7764e-04,-5.6539e-04,-4.5732e-04,-3.6091e-04,-2.8191e-04,-2.2431e-04,-1.9201e-04,-1.8590e-04,-2.0656e-04,-2.5269e-04,-3.2243e-04,-4.1187e-04,-5.1747e-04,-6.3479e-04,-7.5940e-04,-8.8569e-04,-1.0085e-03,-1.1226e-03,-1.2234e-03
-2.6974e-02,-3.1245e-02,-3.6212e-02,-4.1954e-02,-4.8555e-02,-5.6108e-02,-6.4711e-02,-7.4466e-02,-8.5477e-02,-9.7847e-02,-1.1167e-01,-1.2704e-01,-1.4402e-01,-1.6267e-01,-1.8301e-01,-2.0506e-01,-2.2886e-01,-2.5447e-01,-2.8200e-01,-3.1164e-01,-3.4355e-01,-3.7772e-01,-4.1382e-01,-4.5111e-01,-4.8892e-01,-5.2796e-01,-5.7160e-01,-6.2330e-01,-6.7892e-01,-7.2540e-01,-7.5758e-01,-7.9506e-01,-8.7204e-01,-9.6197e-01,-8.0824e-01,-5.9861e-01,1.9525e-01,1.9981e-02,-5.2342e-02,-6.4825e-03,1.3700e-02,7.6408e-03,-1.3407e-03,-4.5430e-03,-3.4355e-03,-1.4015e-03,-2.0862e-04,2.4160e-05,-2.1992e-04,-5.0871e-04,-6.3163e-04,-5.5134e-04,-3.2108e-04,-1.5877e-05,2.9720e-04,5.7087e-04,7.8043e-04,9.2244e-04,1.0111e-03,1.0720e-03,1.1264e-03,1.1843e-03,1.2378e-03,1.2646e-03,1.2400e-03,1.1433e-03,9.6840e-04,7.2290e-04,4.2581e-04,1.0268e-04,-2.1936e-04,-5.1652e-04,-7.7127e-04,-9.7120e-04,-1.1111e-03,-1.1928e-03,-1.2208e-03,-1.2030e-03,-1.1501e-03,-1.0716e-03,-9.7883e-04,-8.8131e-04,-7.8744e-04,-7.0470e-04,-6.3828e-04,-5.9258e-04,-5.6928e-04,-5.6779e-04,-5.8775e-04,-6.2596e-04,-6.7876e-04,-7.4122e-04,-8.0837e-04,-8.7509e-04,-9.3531e-04,-9.8407e-04,-1.0161e-03,-1.0263e-03,-1.0100e-03,-9.6361e-04
-2.5397e-02,-2.9526e-02,-3.4322e-02,-3.9860e-02,-4.6222e-02,-5.3496e-02,-6.1774e-02,-7.1153e-02,-8.1731e-02,-9.3607e-02,-1.0687e-01,-1.2161e-01,-1.3790e-01,-1.5578e-01,-1.7529e-01,-1.9645e-01,-2.1928e-01,-2.4380e-01,-2.7009e-01,-2.9828e-01,-3.2855e-01,-3.6105e-01,-3.9571e-01,-4.3213e-01,-4.6948e-01,-5.0698e-01,-5.4529e-01,-5.8785e-01,-6.3858e-01,-6.9387e-01,-7.4020e-01,-7.7088e-01,-8.0429e-01,-8.7550e-01,-9.6723e-01,-8.1576e-01,-5.8940e-01,2.0188e-01,1.3985e-02,-5.5141e-02,-5.6553e-03,1.4458e-02,7.4899e-03,-1.0499e-03,-3.5069e-03,-2.3690e-03,-8.1683e-04,-1.0702e-04,-1.6720e-04,-5.5004e-04,-8.9495e-04,-1.0318e-03,-9.4079e-04,-6.7803e-04,-3.2449e-04,4.7859e-05,3.8689e-04,6.6501e-04,8.7542e-04,1.0278e-03,1.1356e-03,1.2062e-03,1.2354e-03,1.2091e-03,1.1104e-03,9.3299e-04,6.8030e-04,3.7164e-04,3.2116e-05,-3.0661e-04,-6.1824e-04,-8.8185e-04,-1.0849e-03,-1.2230e-03,-1.2995e-03,-1.3214e-03,-1.2996e-03,-1.2463e-03,-1.1739e-03,-1.0926e-03,-1.0132e-03,-9.4288e-04,-8.8670e-04,-8.4880e-04,-8.2972e-04,-8.2887e-04,-8.4369e-04,-8.6970e-04,-9.0239e-04,-9.3607e-04,-9.6415e-04,-9.8166e-04,-9.8291e-04,-9.6261e-04,-9.1633e-04,-8.4031e-04,-7.3104e-04,-5.8560e-04,-4.0150e-04,-1.7607e-04
-2.4019e-02,-2.8000e-02,-3.2618e-02,-3.7947e-02,-4.4066e-02,-5.1060e-02,-5.9020e-02,-6.8038e-02,-7.8210e-02,-8.9631e-02,-1.0239e-01,-1.1657e-01,-1.3223e-01,-1.4944e-01,-1.6822e-01,-1.8860e-01,-2.1058e-01,-2.3417e-01,-2.5942e-01,-2.8640e-01,-3.1527e-01,-3.4621e-01,-3.7933e-01,-4.1454e-01,-4.5133e-01,-4.8877e-01,-5.2598e-01,-5.6351e-01,-6.0485e-01,-6.5440e-01,-7.0919e-01,-7.5538e-01,-7.8469e-01,-8.1409e-01,-8.7934e-01,-9.7202e-01,-8.2630e-01,-5.7825e-01,2.0779e-01,9.0439e-03,-5.7519e-02,-5.8356e-03,1.4526e-02,7.6062e-03,-4.2588e-05,-2.0167e-03,-1.1950e-03,-2.4502e-04,-2.3821e-05,-3.8815e-04,-9.4270e-04,-1.3758e-03,-1.5429e-03,-1.4358e-03,-1.1242e-03,-6.9969e-04,-2.4514e-04,1.8065e-04,5.4414e-04,8.3135e-04,1.0378e-03,1.1596e-03,1.1880e-03,1.1129e-03,9.3167e-04,6.5397e-04,3.0733e-04,-7.1634e-05,-4.4123e-04,-7.6618e-04,-1.0212e-03,-1.1940e-03,-1.2856e-03,-1.3052e-03,-1.2699e-03,-1.1977e-03,-1.1055e-03,-1.0097e-03,-9.2210e-04,-8.5129e-04,-8.0255e-04,-7.7680e-04,-7.7267e-04,-7.8681e-04,-8.1350e-04,-8.4612e-04,-8.7697e-04,-8.9918e-04,-9.0571e-04,-8.9080e-04,-8.4848e-04,-7.7567e-04,-6.6904e-04,-5.2617e-04,-3.4685e-04,-1.2897e-04,1.2771e-04,4.2395e-04,7.6157e-04,1.1418e-03
-2.2903e-02,-2.6733e-02,-3.1171e-02,-3.6287e-02,-4.2158e-02,-4.8869e-02,-5.6507e-02,-6.5164e-02,-7.4934e-02,-8.5910e-02,-9.8182e-02,-1.1183e-01,-1.2692e-01,-1.4351e-01,-1.6164e-01,-1.8131e-01,-2.0255e-01,-2.2533e-01,-2.4969e-01,-2.7566e-01,-3.0335e-01,-3.3293e-01,-3.6459e-01,-3.9841e-01,-4.3424e-01,-4.7146e-01,-5.0905e-01,-5.4598e-01,-5.8269e-01,-6.2270e-01,-6.7087e-01,-7.2505e-01,-7.7121e-01,-7.9932e-01,-8.2473e-01,-8.8363e-01,-9.7622e-01,-8.4013e-01,-5.6666e-01,2.1323e-01,6.1760e-03,-5.9493e-02,-7.4816e-03,1.3805e-02,8.1020e-03,1.6099e-03,-2.0758e-04,7.8494e-05,4.0908e-04,1.7278e-04,-4.8693e-04,-1.2228e-03,-1.7540e-03,-1.9524e-03,-1.8260e-03,-1.4597e-03,-9.5882e-04,-4.1613e-04,1.0095e-04,5.4618e-04,8.8527e-04,1.0876e-03,1.1296e-03,1.0006e-03,7.1434e-04,3.1228e-04,-1.4435e-04,-5.8666e-04,-9.5384e-04,-1.2071e-03,-1.3304e-03,-1.3332e-03,-1.2389e-03,-1.0811e-03,-8.9313e-04,-7.0497e-04,-5.3868e-04,-4.0781e-04,-3.2011e-04,-2.7417e-04,-2.6601e-04,-2.8609e-04,-3.2464e-04,-3.6945e-04,-4.0969e-04,-4.3510e-04,-4.3737e-04,-4.0984e-04,-3.4885e-04,-2.5171e-04,-1.1788e-04,5.2214e-05,2.5629e-04,4.9333e-04,7.6127e-04,1.0604e-03,1.3905e-03,1.7539e-03,2.1542e-03,2.5961e-03
-2.2089e-02,-2.5778e-02,-3.0042e-02,-3.4951e-02,-4.0579e-02,-4.7007e-02,-5.4323e-02,-6.2617e-02,-7.1984e-02,-8.2515e-02,-9.4301e-02,-1.0742e-01,-1.2196e-01,-1.3795e-01,-1.5545e-01,-1.7447e-01,-1.9502e-01,-2.1708e-01,-2.4066e-01,-2.6577e-01,-2.9248e-01,-3.2092e-01,-3.5127e-01,-3.8371e-01,-4.1829e-01,-4.5479e-01,-4.9250e-01,-5.3026e-01,-5.6693e-01,-6.0280e-01,-6.4136e-01,-6.8797e-01,-7.4143e-01,-7.8772e-01,-8.1494e-01,-8.3641e-01,-8.8839e-01,-9.7927e-01,-8.5684e-01,-5.5688e-01,2.1873e-01,6.2492e-03,-6.1051e-02,-1.0855e-02,1.2208e-02,8.8438e-03,3.6394e-03,1.7976e-03,1.5475e-03,1.3690e-03,7.7352e-04,-1.2794e-04,-1.0255e-03,-1.6570e-03,-1.9057e-03,-1.7880e-03,-1.3975e-03,-8.4800e-04,-2.4368e-04,3.2457e-04,7.7637e-04,1.0394e-03,1.0640e-03,8.3914e-04,4.0784e-04,-1.4111e-04,-6.9584e-04,-1.1504e-03,-1.4309e-03,-1.5088e-03,-1.3982e-03,-1.1431e-03,-8.0274e-04,-4.3570e-04,-8.9969e-05,2.0128e-04,4.2075e-04,5.6523e-04,6.4073e-04,6.6169e-04,6.4465e-04,6.0748e-04,5.6727e-04,5.3810e-04,5.3062e-04,5.5150e-04,6.0453e-04,6.9017e-04,8.0500e-04,9.4538e-04,1.1069e-03,1.2848e-03,1.4753e-03,1.6773e-03,1.8905e-03,2.1193e-03,2.3690e-03,2.6497e-03,2.9721e-03,3.3496e-03
-2.1579e-02,-2.5149e-02,-2.9262e-02,-3.3984e-02,-3.9387e-02,-4.5550e-02,-5.2558e-02,-6.0500e-02,-6.9469e-02,-7.9559e-02,-9.0861e-02,-1.0346e-01,-1.1743e-01,-1.3284e-01,-1.4972e-01,-1.6810e-01,-1.8799e-01,-2.0937e-01,-2.3224e-01,-2.5659e-01,-2.8247e-01,-3.0995e-01,-3.3918e-01,-3.7035e-01,-4.0361e-01,-4.3898e-01,-4.7614e-01,-5.1430e-01,-5.5221e-01,-5.8862e-01,-6.2362e-01,-6.6064e-01,-7.0547e-01,-7.5800e-01,-8.0458e-01,-8.3138e-01,-8.4915e-01,-8.9351e-01,-9.8022e-01,-8.7489e-01,-5.5123e-01,2.2486e-01,9.7511e-03,-6.1884e-02,-1.5642e-02,9.5792e-03,9.1977e-03,5.4396e-03,3.7751e-03,3.3048e-03,2.9049e-03,2.1467e-03,1.1118e-03,8.6010e-05,-6.7082e-04,-1.0300e-03,-9.9757e-04,-6.6411e-04,-1.5792e-04,3.7934e-04,8.0759e-04,1.0072e-03,9.0660e-04,5.1251e-04,-8.5033e-05,-7.3891e-04,-1.2899e-03,-1.6167e-03,-1.6634e-03,-1.4422e-03,-1.0180e-03,-4.7823e-04,8.9200e-05,6.1505e-04,1.0553e-03,1.3894e-03,1.6180e-03,1.7541e-03,1.8192e-03,1.8363e-03,1.8283e-03,1.8136e-03,1.8049e-03,1.8105e-03,1.8330e-03,1.8703e-03,1.9172e-03,1.9659e-03,2.0092e-03,2.0393e-03,2.0517e-03,2.0439e-03,2.0177e-03,1.9805e-03,1.9426e-03,1.9190e-03,1.9305e-03,1.9989e-03,2.1492e-03,2.4069e-03
-2.1322e-02,-2.4808e-02,-2.8807e-02,-3.3381e-02,-3.8599e-02,-4.4533e-02,-5.1268e-02,-5.8890e-02,-6.7490e-02,-7.7163e-02,-8.8000e-02,-1.0009e-01,-1.1351e-01,-1.2833e-01,-1.4460e-01,-1.6234e-01,-1.8158e-01,-2.0230e-01,-2.2450e-01,-2.4816e-01,-2.7330e-01,-2.9996e-01,-3.2825e-01,-3.5831e-01,-3.9031e-01,-4.2437e-01,-4.6042e-01,-4.9808e-01,-5.3653e-01,-5.7448e-01,-6.1058e-01,-6.4476e-01,-6.8021e-01,-7.2296e-01,-7.7411e-01,-8.2096e-01,-8.4798e-01,-8.6269e-01,-8.9889e-01,-9.7801e-01,-8.9138e-01,-5.5057e-01,2.3158e-01,1.6572e-02,-6.0932e-02,-2.0401e-02,5.7251e-03,7.8589e-03,5.7780e-03,4.9619e-03,4.9506e-03,4.8338e-03,4.2358e-03,3.2381e-03,2.1337e-03,1.2145e-03,6.4936e-04,4.5658e-04,5.3970e-04,7.3488e-04,8.6643e-04,7.9224e-04,4.5246e-04,-1.0903e-04,-7.5702e-04,-1.3167e-03,-1.6371e-03,-1.6393e-03,-1.3323e-03,-7.9060e-04,-1.2216e-04,5.6886e-04,1.2017e-03,1.7285e-03,2.1308e-03,2.4130e-03,2.5929e-03,2.6947e-03,2.7420e-03,2.7551e-03,2.7494e-03,2.7324e-03,2.7064e-03,2.6668e-03,2.6069e-03,2.5167e-03,2.3854e-03,2.2041e-03,1.9667e-03,1.6717e-03,1.3233e-03,9.3190e-04,5.1515e-04,9.7059e-05,-2.9236e-04,-6.1707e-04,-8.4035e-04,-9.2240e-04,-8.2360e-04,-5.0910e-04
-2.1199e-02,-2.4647e-02,-2.8584e-02,-3.3066e-02,-3.8157e-02,-4.3925e-02,-5.0449e-02,-5.7812e-02,-6.6102e-02,-7.5412e-02,-8.5833e-02,-9.7455e-02,-1.1036e-01,-1.2462e-01,-1.4030e-01,-1.5743e-01,-1.7604e-01,-1.9613e-01,-2.1769e-01,-2.4071e-01,-2.6518e-01,-2.9113e-01,-3.1862e-01,-3.4773e-01,-3.7860e-01,-4.1135e-01,-4.4601e-01,-4.8246e-01,-5.2030e-01,-5.5873e-01,-5.9655e-01,-6.3237e-01,-6.6588e-01,-6.9983e-01,-7.4012e-01,-7.8907e-01,-8.3582e-01,-8.6383e-01,-8.7668e-01,-9.0463e-01,-9.7210e-01,-9.0273e-01,-5.5310e-01,2.3707e-01,2.5700e-02,-5.6364e-02,-2.2408e-02,8.8859e-04,3.4788e-03,2.9022e-03,3.5279e-03,4.6481e-03,5.3623e-03,5.3252e-03,4.6289e-03,3.5888e-03,2.5406e-03,1.6996e-03,1.1153e-03,7.1053e-04,3.6273e-04,-2.5269e-05,-4.7850e-04,-9.4104e-04,-1.3053e-03,-1.4641e-03,-1.3577e-03,-9.9805e-04,-4.5668e-04,1.6856e-04,7.8602e-04,1.3293e-03,1.7631e-03,2.0794e-03,2.2862e-03,2.4025e-03,2.4490e-03,2.4441e-03,2.4009e-03,2.3262e-03,2.2212e-03,2.0810e-03,1.8975e-03,1.6591e-03,1.3546e-03,9.7286e-04,5.0726e-04,-4.3556e-05,-6.7380e-04,-1.3692e-03,-2.1066e-03,-2.8537e-03,-3.5684e-03,-4.2051e-03,-4.7103e-03,-5.0310e-03,-5.1150e-03,-4.9138e-03,-4.3854e-03,-3.4967e-03
-2.1007e-02,-2.4471e-02,-2.8406e-02,-3.2865e-02,-3.7904e-02,-4.3589e-02,-4.9989e-02,-5.7184e-02,-6.5257e-02,-7.4297e-02,-8.4394e-02,-9.5637e-02,-1.0811e-01,-1.2190e-01,-1.3705e-01,-1.5364e-01,-1.7168e-01,-1.9119e-01,-2.1217e-01,-2.3462e-01,-2.5851e-01,-2.8386e-01,-3.1068e-01,-3.3901e-01,-3.6890e-01,-4.0044e-01,-4.3367e-01,-4.6856e-01,-5.0497e-01,-5.4257e-01,-5.8070e-01,-6.1828e-01,-6.5394e-01,-6.8705e-01,-7.1963e-01,-7.5702e-01,-8.0266e-01,-8.4851e-01,-8.7823e-01,-8.9103e-01,-9.1147e-01,-9.6330e-01,-9.0669e-01,-5.5612e-01,2.3776e-01,3.4817e-02,-4.7230e-02,-1.8931e-02,-3.4250e-03,-3.3858e-03,-3.7326e-03,-2.3991e-03,-5.5142e-04,9.1233e-04,1.6020e-03,1.5236e-03,9.2837e-04,1.3853e-04,-5.9812e-04,-1.1554e-03,-1.5051e-03,-1.6684e-03,-1.6799e-03,-1.5695e-03,-1.3556e-03,-1.0534e-03,-6.8940e-04,-3.0396e-04,5.6818e-05,3.5427e-04,5.6376e-04,6.7848e-04,7.0398e-04,6.5366e-04,5.4293e-04,3.8862e-04,2.0130e-04,-1.0725e-05,-2.4546e-04,-5.0465e-04,-7.9568e-04,-1.1281e-03,-1.5130e-03,-1.9615e-03,-2.4821e-03,-3.0778e-03,-3.7452e-03,-4.4699e-03,-5.2288e-03,-5.9872e-03,-6.6995e-03,-7.3122e-03,-7.7672e-03,-8.0033e-03,-7.9624e-03,-7.5910e-03,-6.8461e-03,-5.6949e-03,-4.1208e-03,-2.1203e-03
-2.0473e-02,-2.3995e-02,-2.7983e-02,-3.2484e-02,-3.7551e-02,-4.3241e-02,-4.9620e-02,-5.6760e-02,-6.4738e-02,-7.3638e-02,-8.3546e-02,-9.4547e-02,-1.0673e-01,-1.2017e-01,-1.3494e-01,-1.5110e-01,-1.6870e-01,-1.8776e-01,-2.0828e-01,-2.3028e-01,-2.5373e-01,-2.7862e-01,-3.0493e-01,-3.3265e-01,-3.6178e-01,-3.9232e-01,-4.2426e-01,-4.5758e-01,-4.9226e-01,-5.2823e-01,-5.6529e-01,-6.0297e-01,-6.4033e-01,-6.7596e-01,-7.0885e-01,-7.4015e-01,-7.7425e-01,-8.1553e-01,-8.5947e-01,-8.9147e-01,-9.0642e-01,-9.2112e-01,-9.5436e-01,-9.0464e-01,-5.6138e-01,2.3144e-01,4.0638e-02,-3.5952e-02,-9.2179e-03,-4.1217e-03,-8.9166e-03,-1.1005e-02,-1.0898e-02,-9.9003e-03,-8.6883e-03,-7.6366e-03,-6.8617e-03,-6.2786e-03,-5.7209e-03,-5.0510e-03,-4.2227e-03,-3.2949e-03,-2.3887e-03,-1.6264e-03,-1.0767e-03,-7.4807e-04,-6.0853e-04,-6.1518e-04,-7.3090e-04,-9.2909e-04,-1.1918e-03,-1.5046e-03,-1.8560e-03,-2.2330e-03,-2.6216e-03,-3.0083e-03,-3.3818e-03,-3.7334e-03,-4.0589e-03,-4.3602e-03,-4.6432e-03,-4.9185e-03,-5.1964e-03,-5.4855e-03,-5.7902e-03,-6.1071e-03,-6.4222e-03,-6.7119e-03,-6.9413e-03,-7.0673e-03,-7.0402e-03,-6.8082e-03,-6.3223e-03,-5.5385e-03,-4.4232e-03,-2.9563e-03,-1.1313e-03,1.0434e-03,3.5448e-03,6.3376e-03
-1.9320e-02,-2.2905e-02,-2.6963e-02,-3.1539e-02,-3.6680e-02,-4.2441e-02,-4.8883e-02,-5.6072e-02,-6.4079e-02,-7.2980e-02,-8.2856e-02,-9.3790e-02,-1.0586e-01,-1.1916e-01,-1.3374e-01,-1.4968e-01,-1.6703e-01,-1.8583e-01,-2.0610e-01,-2.2783e-01,-2.5103e-01,-2.7566e-01,-3.0168e-01,-3.2904e-01,-3.5768e-01,-3.8753e-01,-4.1851e-01,-4.5058e-01,-4.8370e-01,-5.1790e-01,-5.5322e-01,-5.8962e-01,-6.2679e-01,-6.6385e-01,-6.9937e-01,-7.3202e-01,-7.6207e-01,-7.9287e-01,-8.2928e-01,-8.7047e-01,-9.0505e-01,-9.2443e-01,-9.3591e-01,-9.4920e-01,-9.0066e-01,-5.7781e-01,2.2007e-01,4.1069e-02,-2.6397e-02,6.4396e-03,3.6218e-03,-6.1190e-03,-1.0732e-02,-1.2544e-02,-1.3113e-02,-1.2840e-02,-1.1855e-02,-1.0280e-02,-8.3062e-03,-6.1842e-03,-4.1678e-03,-2.4644e-03,-1.2041e-03,-4.1671e-04,-4.4862e-05,2.0923e-05,-1.0430e-04,-3.3342e-04,-6.1725e-04,-9.3654e-04,-1.2885e-03,-1.6703e-03,-2.0741e-03,-2.4818e-03,-2.8676e-03,-3.2040e-03,-3.4648e-03,-3.6327e-03,-3.6980e-03,-3.6623e-03,-3.5351e-03,-3.3304e-03,-3.0654e-03,-2.7538e-03,-2.4041e-03,-2.0159e-03,-1.5821e-03,-1.0872e-03,-5.0726e-04,1.8440e-04,1.0142e-03,2.0062e-03,3.1780e-03,4.5395e-03,6.0881e-03,7.8133e-03,9.6938e-03,1.1702e-02,1.3804e-02,1.5966e-02
-1.7493e-02,-2.1070e-02,-2.5132e-02,-2.9726e-02,-3.4901e-02,-4.0710e-02,-4.7212e-02,-5.4471e-02,-6.2556e-02,-7.1541e-02,-8.1501e-02,-9.2514e-02,-1.0466e-01,-1.1801e-01,-1.3264e-01,-1.4861e-01,-1.6598e-01,-1.8478e-01,-2.0505e-01,-2.2679e-01,-2.5000e-01,-2.7464e-01,-3.0065e-01,-3.2798e-01,-3.5651e-01,-3.8613e-01,-4.1672e-01,-4.4816e-01,-4.8039e-01,-5.1337e-01,-5.4716e-01,-5.8188e-01,-6.1756e-01,-6.5397e-01,-6.9038e-01,-7.2543e-01,-7.5763e-01,-7.8659e-01,-8.1454e-01,-8.4619e-01,-8.8378e-01,-9.2041e-01,-9.4568e-01,-9.5633e-01,-9.4892e-01,-8.9488e-01,-6.1225e-01,2.0328e-01,3.6249e-02,-1.6468e-02,2.8444e-02,2.5368e-02,1.4710e-02,9.6056e-03,7.1551e-03,5.4342e-03,4.1400e-03,3.3686e-03,3.1716e-03,3.4534e-03,4.0126e-03,4.6384e-03,5.1823e-03,5.5764e-03,5.8204e-03,5.9493e-03,6.0035e-03,6.0083e-03,5.9661e-03,5.8680e-03,5.7037e-03,5.4760e-03,5.2041e-03,4.9207e-03,4.6679e-03,4.4855e-03,4.4058e-03,4.4478e-03,4.6148e-03,4.8973e-03,5.2749e-03,5.7217e-03,6.2099e-03,6.7139e-03,7.2133e-03,7.6954e-03,8.1547e-03,8.5921e-03,9.0137e-03,9.4300e-03,9.8504e-03,1.0284e-02,1.0736e-02,1.1209e-02,1.1703e-02,1.2213e-02,1.2735e-02,1.3263e-02,1.3792e-02,1.4320e-02
-1.5513e-02,-1.8925e-02,-2.2825e-02,-2.7261e-02,-3.2286e-02,-3.7958e-02,-4.4341e-02,-5.1503e-02,-5.9520e-02,-6.8468e-02,-7.8430e-02,-8.9485e-02,-1.0172e-01,-1.1520e-01,-1.3001e-01,-1.4620e-01,-1.6382e-01,-1.8292e-01,-2.0351e-01,-2.2560e-01,-2.4917e-01,-2.7419e-01,-3.0060e-01,-3.2834e-01,-3.5730e-01,-3.8737e-01,-4.1842e-01,-4.5029e-01,-4.8287e-01,-5.1602e-01,-5.4970e-01,-5.8387e-01,-6.1858e-01,-6.5381e-01,-6.8939e-01,-7.2477e-01,-7.5890e-01,-7.9038e-01,-8.1831e-01,-8.4367e-01,-8.7008e-01,-9.0153e-01,-9.3653e-01,-9.6623e-01,-9.7686e-01,-9.4574e-01,-8.7551e-01,-6.5115e-01,1.5901e-01,1.3474e-02,-1.7151e-02,3.2179e-02,3.7566e-02,3.3879e-02,3.2446e-02,3.1457e-02,2.9295e-02,2.5875e-02,2.1866e-02,1.8127e-02,1.5258e-02,1.3389e-02,1.2308e-02,1.1703e-02,1.1330e-02,1.1058e-02,1.0845e-02,1.0681e-02,1.0554e-02,1.0438e-02,1.0301e-02,1.0119e-02,9.8815e-03,9.5961e-03,9.2841e-03,8.9688e-03,8.6686e-03,8.3937e-03,8.1426e-03,7.9031e-03,7.6564e-03,7.3798e-03,7.0531e-03,6.6591e-03,6.1876e-03,5.6366e-03,5.0110e-03,4.3226e-03,3.5887e-03,2.8286e-03,2.0636e-03,1.3134e-03,5.9729e-04,-6.7987e-05,-6.6786e-04,-1.1908e-03,-1.6263e-03,-1.9667e-03,-2.2051e-03,-2.3354e-03
-1.4278e-02,-1.7399e-02,-2.0969e-02,-2.5036e-02,-2.9655e-02,-3.4887e-02,-4.0801e-02,-4.7474e-02,-5.4991e-02,-6.3443e-02,-7.2927e-02,-8.3546e-02,-9.5402e-02,-1.0860e-01,-1.2323e-01,-1.3938e-01,-1.5712e-01,-1.7649e-01,-1.9752e-01,-2.2023e-01,-2.4457e-01,-2.7051e-01,-2.9799e-01,-3.2692e-01,-3.5720e-01,-3.8872e-01,-4.2135e-01,-4.5495e-01,-4.8937e-01,-5.2444e-01,-5.5999e-01,-5.9590e-01,-6.3203e-01,-6.6829e-01,-7.0458e-01,-7.4072e-01,-7.7630e-01,-8.1052e-01,-8.4219e-01,-8.7000e-01,-8.9337e-01,-9.1351e-01,-9.3383e-01,-9.5843e-01,-9.8620e-01,-9.9453e-01,-9.2843e-01,-8.2504e-01,-6.3254e-01,7.7704e-02,-6.0825e-02,-8.5776e-02,-6.1461e-02,-5.3030e-02,-4.5382e-02,-3.6425e-02,-2.8623e-02,-2.3371e-02,-2.1036e-02,-2.1340e-02,-2.3454e-02,-2.6340e-02,-2.9220e-02,-3.1715e-02,-3.3696e-02,-3.5095e-02,-3.5843e-02,-3.5893e-02,-3.5258e-02,-3.4033e-02,-3.2378e-02,-3.0482e-02,-2.8523e-02,-2.6643e-02,-2.4935e-02,-2.3447e-02,-2.2192e-02,-2.1162e-02,-2.0334e-02,-1.9687e-02,-1.9196e-02,-1.8839e-02,-1.8593e-02,-1.8439e-02,-1.8356e-02,-1.8322e-02,-1.8316e-02,-1.8317e-02,-1.8307e-02,-1.8267e-02,-1.8184e-02,-1.8045e-02,-1.7841e-02,-1.7567e-02,-1.7219e-02,-1.6794e-02,-1.6292e-02,-1.5714e-02,-1.5060e-02,-1.4333e-02
-1.3059e-02,-1.5836e-02,-1.8975e-02,-2.2511e-02,-2.6486e-02,-3.0948e-02,-3.5952e-02,-4.1562e-02,-4.7848e-02,-5.4895e-02,-6.2794e-02,-7.1648e-02,-8.1571e-02,-9.2680e-02,-1.0510e-01,-1.1896e-01,-1.3438e-01,-1.5146e-01,-1.7029e-01,-1.9093e-01,-2.1341e-01,-2.3773e-01,-2.6383e-01,-2.9163e-01,-3.2101e-01,-3.5181e-01,-3.8386e-01,-4.1694e-01,-4.5082e-01,-4.8528e-01,-5.2007e-01,-5.5495e-01,-5.8973e-01,-6.2424e-01,-6.5841e-01,-6.9221e-01,-7.2564e-01,-7.5864e-01,-7.9086e-01,-8.2149e-01,-8.4926e-01,-8.7284e-01,-8.9179e-01,-9.0782e-01,-9.2621e-01,-9.5064e-01,-9.4542e-01,-8.3241e-01,-6.7855e-01,-3.7315e-01,1.5995e-01,5.9181e-03,5.0582e-03,-1.5508e-03,-1.3555e-02,-1.6405e-02,-1.3438e-02,-9.1255e-03,-4.5372e-03,1.6320e-04,4.0297e-03,5.8839e-03,5.2491e-03,2.4440e-03,-1.8215e-03,-6.7546e-03,-1.1608e-02,-1.5745e-02,-1.8704e-02,-2.0245e-02,-2.0348e-02,-1.9183e-02,-1.7036e-02,-1.4243e-02,-1.1124e-02,-7.9423e-03,-4.8914e-03,-2.0971e-03,3.7218e-04,2.4846e-03,4.2339e-03,5.6292e-03,6.6859e-03,7.4258e-03,7.8754e-03,8.0611e-03,8.0156e-03,7.7718e-03,7.3654e-03,6.8319e-03,6.2061e-03,5.5218e-03,4.8117e-03,4.1031e-03,3.4204e-03,2.7848e-03,2.2135e-03,1.7192e-03,1.3116e-03,9.9745e-04
-8.7418e-03,-1.0816e-02,-1.3094e-02,-1.5584e-02,-1.8291e-02,-2.1220e-02,-2.4376e-02,-2.7762e-02,-3.1382e-02,-3.5235e-02,-3.9323e-02,-4.3645e-02,-4.8196e-02,-5.2974e-02,-5.7971e-02,-6.3176e-02,-6.8576e-02,-7.4154e-02,-7.9890e-02,-8.5757e-02,-9.1724e-02,-9.7760e-02,-1.0383e-01,-1.0990e-01,-1.1594e-01,-1.2193e-01,-1.2787e-01,-1.3378e-01,-1.3971e-01,-1.4572e-01,-1.5189e-01,-1.5834e-01,-1.6517e-01,-1.7247e-01,-1.8027e-01,-1.8857e-01,-1.9724e-01,-2.0605e-01,-2.1459e-01,-2.2232e-01,-2.2866e-01,-2.3338e-01,-2.3764e-01,-2.4634e-01,-2.7131e-01,-3.2803e-01,-4.1075e-01,-4.5113e-01,-3.7625e-01,-2.0838e-01,3.2824e-01,8.2643e-01,7.0118e-01,7.6983e-01,7.3089e-01,6.8823e-01,6.6490e-01,6.5121e-01,6.3857e-01,6.2436e-01,6.0938e-01,5.9461e-01,5.7977e-01,5.6379e-01,5.4580e-01,5.2550e-01,5.0308e-01,4.7903e-01,4.5389e-01,4.2818e-01,4.0230e-01,3.7657e-01,3.5122e-01,3.2645e-01,3.0243e-01,2.7928e-01,2.5712e-01,2.3604e-01,2.1607e-01,1.9725e-01,1.7957e-01,1.6303e-01,1.4760e-01,1.3324e-01,1.1993e-01,1.0762e-01,9.6286e-02,8.5886e-02,7.6384e-02,6.7740e-02,5.9913e-02,5.2858e-02,4.6530e-02,4.0881e-02,3.5863e-02,3.1429e-02,2.7531e-02,2.4122e-02,2.1161e-02,1.8605e-02
-1.9742e-03,-2.9325e-03,-3.9033e-03,-4.8652e-03,-5.7920e-03,-6.6538e-03,-7.4163e-03,-8.0410e-03,-8.4868e-03,-8.7091e-03,-8.6634e-03,-8.3069e-03,-7.6005e-03,-6.5135e-03,-5.0272e-03,-3.1377e-03,-8.6138e-04,1.7641e-03,4.6777e-03,7.7966e-03,1.1020e-02,1.4232e-02,1.7316e-02,2.0157e-02,2.2653e-02,2.4725e-02,2.6324e-02,2.7432e-02,2.8068e-02,2.8283e-02,2.8155e-02,2.7777e-02,2.7242e-02,2.6621e-02,2.5938e-02,2.5143e-02,2.4093e-02,2.2559e-02,2.0284e-02,1.7154e-02,1.3558e-02,1.0940e-02,1.2346e-02,2.1931e-02,4.1311e-02,6.2132e-02,6.3145e-02,2.7243e-02,-1.9488e-02,-3.2816e-02,5.7116e-02,6.7763e-01,1.0859e+00,9.5675e-01,1.0735e+00,1.0286e+00,9.7685e-01,9.4037e-01,9.0979e-01,8.7844e-01,8.4504e-01,8.1108e-01,7.7818e-01,7.4676e-01,7.1610e-01,6.8516e-01,6.5333e-01,6.2050e-01,5.8692e-01,5.5291e-01,5.1882e-01,4.8492e-01,4.5145e-01,4.1862e-01,3.8664e-01,3.5569e-01,3.2595e-01,2.9756e-01,2.7065e-01,2.4531e-01,2.2159e-01,1.9952e-01,1.7911e-01,1.6032e-01,1.4311e-01,1.2742e-01,1.1317e-01,1.0030e-01,8.8699e-02,7.8293e-02,6.8989e-02,6.0696e-02,5.3329e-02,4.6805e-02,4.1044e-02,3.5975e-02,3.1526e-02,2.7635e-02,2.4244e-02,2.1300e-02
2.3468e-03,2.1634e-03,2.0388e-03,1.9860e-03,2.0166e-03,2.1392e-03,2.3585e-03,2.6736e-03,3.0773e-03,3.5545e-03,4.0819e-03,4.6285e-03,5.1561e-03,5.6220e-03,5.9815e-03,6.1921e-03,6.2174e-03,6.0308e-03,5.6173e-03,4.9758e-03,4.1183e-03,3.0685e-03,1.8582e-03,5.2550e-04,-8.8819e-04,-2.3410e-03,-3.7902e-03,-5.1914e-03,-6.4986e-03,-7.6615e-03,-8.6264e-03,-9.3383e-03,-9.7453e-03,-9.8113e-03,-9.5287e-03,-8.9416e-03,-8.1701e-03,-7.4331e-03,-7.0558e-03,-7.4228e-03,-8.8208e-03,-1.1089e-02,-1.3064e-02,-1.2113e-02,-4.8209e-03,9.7175e-03,2.5760e-02,3.4524e-02,3.7406e-02,3.7689e-02,3.9240e-03,6.5543e-02,7.0863e-01,1.0038e+00,8.7748e-01,1.0093e+00,9.8247e-01,9.4490e-01,9.1522e-01,8.8819e-01,8.5877e-01,8.2583e-01,7.9048e-01,7.5432e-01,7.1836e-01,6.8282e-01,6.4748e-01,6.1217e-01,5.7695e-01,5.4201e-01,5.0760e-01,4.7388e-01,4.4098e-01,4.0898e-01,3.7795e-01,3.4798e-01,3.1917e-01,2.9161e-01,2.6541e-01,2.4066e-01,2.1743e-01,1.9577e-01,1.7570e-01,1.5722e-01,1.4029e-01,1.2487e-01,1.1088e-01,9.8252e-02,8.6886e-02,7.6694e-02,6.7580e-02,5.9452e-02,5.2222e-02,4.5804e-02,4.0120e-02,3.5096e-02,3.0665e-02,2.6766e-02,2.3343e-02,2.0345e-02
2.8996e-03,2.9471e-03,3.0237e-03,3.1227e-03,3.2345e-03,3.3445e-03,3.4355e-03,3.4859e-03,3.4733e-03,3.3755e-03,3.1728e-03,2.8510e-03,2.4036e-03,1.8344e-03,1.1574e-03,3.9730e-04,-4.1214e-04,-1.2332e-03,-2.0276e-03,-2.7614e-03,-3.4108e-03,-3.9651e-03,-4.4277e-03,-4.8146e-03,-5.1496e-03,-5.4590e-03,-5.7625e-03,-6.0677e-03,-6.3634e-03,-6.6186e-03,-6.7833e-03,-6.7947e-03,-6.5873e-03,-6.1049e-03,-5.3161e-03,-4.2319e-03,-2.9223e-03,-1.5352e-03,-3.0307e-04,4.6693e-04,4.5133e-04,-5.4218e-04,-2.3049e-03,-3.8840e-03,-3.5069e-03,3.9438e-04,6.5340e-03,9.3688e-03,6.6864e-03,1.1894e-02,2.1922e-02,-2.4316e-02,7.6040e-02,7.4572e-01,1.0144e+00,8.4320e-01,9.6400e-01,9.3841e-01,9.0544e-01,8.7822e-01,8.5331e-01,8.2614e-01,7.9503e-01,7.6051e-01,7.2400e-01,6.8678e-01,6.4964e-01,6.1290e-01,5.7670e-01,5.4118e-01,5.0649e-01,4.7278e-01,4.4011e-01,4.0851e-01,3.7800e-01,3.4860e-01,3.2033e-01,2.9326e-01,2.6746e-01,2.4301e-01,2.1997e-01,1.9842e-01,1.7838e-01,1.5987e-01,1.4287e-01,1.2733e-01,1.1320e-01,1.0040e-01,8.8848e-02,7.8455e-02,6.9130e-02,6.0780e-02,5.3319e-02,4.6664e-02,4.0739e-02,3.5471e-02,3.0795e-02,2.6653e-02,2.2989e-02,1.9756e-02
1.5974e-03,1.6357e-03,1.6689e-03,1.6864e-03,1.6761e-03,1.6255e-03,1.5232e-03,1.3603e-03,1.1321e-03,8.3927e-04,4.8937e-04,9.7238e-05,-3.1507e-04,-7.1952e-04,-1.0853e-03,-1.3814e-03,-1.5814e-03,-1.6669e-03,-1.6312e-03,-1.4823e-03,-1.2426e-03,-9.4591e-04,-6.3480e-04,-3.5379e-04,-1.4152e-04,-2.5481e-05,-1.5490e-05,-1.0076e-04,-2.5126e-04,-4.1845e-04,-5.4261e-04,-5.5985e-04,-4.1130e-04,-5.2113e-05,5.3841e-04,1.3493e-03,2.3317e-03,3.3919e-03,4.3894e-03,5.1429e-03,5.4480e-03,5.1296e-03,4.1445e-03,2.7391e-03,1.5834e-03,1.6050e-03,3.0498e-03,3.8577e-03,2.0746e-05,-6.0382e-03,7.8332e-04,5.0949e-03,-5.9874e-02,8.7174e-02,7.6017e-01,1.0793e+00,8.4081e-01,9.3971e-01,9.1650e-01,8.8498e-01,8.5580e-01,8.2880e-01,8.0077e-01,7.6976e-01,7.3566e-01,6.9944e-01,6.6225e-01,6.2496e-01,5.8805e-01,5.5178e-01,5.1633e-01,4.8186e-01,4.4850e-01,4.1630e-01,3.8529e-01,3.5548e-01,3.2689e-01,2.9955e-01,2.7352e-01,2.4884e-01,2.2558e-01,2.0378e-01,1.8348e-01,1.6468e-01,1.4738e-01,1.3153e-01,1.1707e-01,1.0393e-01,9.2039e-02,8.1296e-02,7.1617e-02,6.2913e-02,5.5100e-02,4.8096e-02,4.1828e-02,3.6226e-02,3.1226e-02,2.6772e-02,2.2810e-02,1.9293e-02
2.8443e-06,6.2231e-06,1.5367e-06,-1.7209e-05,-5.4670e-05,-1.1375e-04,-1.9572e-04,-2.9717e-04,-4.1256e-04,-5.3225e-04,-6.4168e-04,-7.2459e-04,-7.6202e-04,-7.3690e-04,-6.3301e-04,-4.3971e-04,-1.5466e-04,2.1657e-04,6.5710e-04,1.1417e-03,1.6368e-03,2.1050e-03,2.5093e-03,2.8183e-03,3.0102e-03,3.0768e-03,3.0259e-03,2.8801e-03,2.6745e-03,2.4546e-03,2.2683e-03,2.1621e-03,2.1734e-03,2.3257e-03,2.6250e-03,3.0576e-03,3.5879e-03,4.1584e-03,4.6909e-03,5.0867e-03,5.2365e-03,5.0362e-03,4.4279e-03,3.4637e-03,2.3802e-03,1.5989e-03,1.4723e-03,1.5938e-03,-5.1595e-07,-5.3235e-03,-8.6877e-03,1.1735e-03,-3.0505e-03,-8.4574e-02,8.9400e-02,7.2372e-01,1.1331e+00,8.5506e-01,9.1846e-01,9.0377e-01,8.7423e-01,8.4028e-01,8.0805e-01,7.7686e-01,7.4457e-01,7.1025e-01,6.7426e-01,6.3743e-01,6.0051e-01,5.6394e-01,5.2800e-01,4.9289e-01,4.5879e-01,4.2580e-01,3.9401e-01,3.6348e-01,3.3424e-01,3.0633e-01,2.7979e-01,2.5466e-01,2.3099e-01,2.0881e-01,1.8815e-01,1.6901e-01,1.5137e-01,1.3518e-01,1.2038e-01,1.0691e-01,9.4688e-02,8.3618e-02,7.3615e-02,6.4593e-02,5.6468e-02,4.9161e-02,4.2598e-02,3.6711e-02,3.1437e-02,2.6721e-02,2.2509e-02,1.8757e-02
-1.4083e-03,-1.4043e-03,-1.3946e-03,-1.3811e-03,-1.3645e-03,-1.3453e-03,-1.3218e-03,-1.2915e-03,-1.2495e-03,-1.1907e-03,-1.1080e-03,-9.9393e-04,-8.4082e-04,-6.4277e-04,-3.9602e-04,-1.0079e-04,2.3850e-04,6.1157e-04,1.0029e-03,1.3923e-03,1.7578e-03,2.0766e-03,2.3281e-03,2.4981e-03,2.5795e-03,2.5740e-03,2.4931e-03,2.3566e-03,2.1898e-03,2.0220e-03,1.8815e-03,1.7929e-03,1.7743e-03,1.8336e-03,1.9705e-03,2.1730e-03,2.4197e-03,2.6798e-03,2.9116e-03,3.0635e-03,3.0759e-03,2.8921e-03,2.4787e-03,1.8597e-03,1.1575e-03,6.0589e-04,4.6891e-04,7.6963e-04,7.8706e-04,-1.2703e-03,-5.7862e-03,-4.9560e-03,7.5605e-03,-4.5348e-03,-9.5740e-02,9.2118e-02,6.6801e-01,1.1597e+00,8.7653e-01,8.9652e-01,8.9287e-01,8.6587e-01,8.2628e-01,7.8810e-01,7.5340e-01,7.1950e-01,6.8457e-01,6.4845e-01,6.1171e-01,5.7498e-01,5.3868e-01,5.0307e-01,4.6836e-01,4.3469e-01,4.0219e-01,3.7095e-01,3.4104e-01,3.1251e-01,2.8541e-01,2.5978e-01,2.3567e-01,2.1308e-01,1.9205e-01,1.7255e-01,1.5457e-01,1.3805e-01,1.2294e-01,1.0917e-01,9.6650e-02,8.5299e-02,7.5028e-02,6.5750e-02,5.7382e-02,4.9844e-02,4.3061e-02,3.6966e-02,3.1496e-02,2.6593e-02,2.2206e-02,1.8289e-02
-2.2674e-03,-2.2150e-03,-2.1504e-03,-2.0754e-03,-1.9929e-03,-1.9053e-03,-1.8149e-03,-1.7224e-03,-1.6288e-03,-1.5328e-03,-1.4324e-03,-1.3250e-03,-1.2065e-03,-1.0734e-03,-9.2304e-04,-7.5339e-04,-5.6576e-04,-3.6334e-04,-1.5313e-04,5.6725e-05,2.5561e-04,4.3297e-04,5.7981e-04,6.8858e-04,7.5596e-04,7.8206e-04,7.7166e-04,7.3279e-04,6.7603e-04,6.1359e-04,5.5727e-04,5.1767e-04,5.0269e-04,5.1683e-04,5.6195e-04,6.3605e-04,7.3359e-04,8.4314e-04,9.4523e-04,1.0102e-03,9.9994e-04,8.7385e-04,6.0799e-04,2.2057e-04,-1.9702e-04,-4.6576e-04,-3.5575e-04,2.9284e-04,1.3152e-03,1.7816e-03,-1.1453e-04,-3.5680e-03,6.9997e-04,1.4685e-02,-4.9098e-03,-9.7140e-02,9.9808e-02,6.1992e-01,1.1634e+00,8.9720e-01,8.7527e-01,8.8114e-01,8.5635e-01,8.1192e-01,7.6908e-01,7.3168e-01,6.9630e-01,6.6048e-01,6.2378e-01,5.8666e-01,5.4973e-01,5.1340e-01,4.7793e-01,4.4351e-01,4.1027e-01,3.7831e-01,3.4772e-01,3.1855e-01,2.9088e-01,2.6473e-01,2.4014e-01,2.1713e-01,1.9570e-01,1.7584e-01,1.5750e-01,1.4066e-01,1.2523e-01,1.1116e-01,9.8360e-02,8.6747e-02,7.6233e-02,6.6733e-02,5.8162e-02,5.0440e-02,4.3490e-02,3.7243e-02,3.1635e-02,2.6607e-02,2.2106e-02,1.8084e-02
-1.9677e-03,-1.8434e-03,-1.7185e-03,-1.5986e-03,-1.4888e-03,-1.3934e-03,-1.3164e-03,-1.2596e-03,-1.2235e-03,-1.2060e-03,-1.2039e-03,-1.2117e-03,-1.2235e-03,-1.2313e-03,-1.2289e-03,-1.2102e-03,-1.1715e-03,-1.1099e-03,-1.0266e-03,-9.2431e-04,-8.0775e-04,-6.8319e-04,-5.5820e-04,-4.4045e-04,-3.3754e-04,-2.5510e-04,-1.9868e-04,-1.7000e-04,-1.6944e-04,-1.9486e-04,-2.4109e-04,-3.0212e-04,-3.6932e-04,-4.3367e-04,-4.8396e-04,-5.1068e-04,-5.0636e-04,-4.6949e-04,-4.0847e-04,-3.4529e-04,-3.1448e-04,-3.5624e-04,-5.0125e-04,-7.4494e-04,-1.0215e-03,-1.1879e-03,-1.0407e-03,-3.7987e-04,8.7373e-04,2.4521e-03,3.2418e-03,1.3306e-03,-1.4268e-03,5.2162e-03,1.9686e-02,-6.3819e-03,-9.1885e-02,1.1070e-01,5.8752e-01,1.1530e+00,9.1353e-01,8.5597e-01,8.6804e-01,8.4471e-01,7.9700e-01,7.5128e-01,7.1205e-01,6.7532e-01,6.3839e-01,6.0077e-01,5.6296e-01,5.2555e-01,4.8900e-01,4.5355e-01,4.1936e-01,3.8653e-01,3.5514e-01,3.2524e-01,2.9691e-01,2.7017e-01,2.4505e-01,2.2157e-01,1.9970e-01,1.7944e-01,1.6073e-01,1.4352e-01,1.2776e-01,1.1337e-01,1.0027e-01,8.8378e-02,7.7613e-02,6.7889e-02,5.9119e-02,5.1224e-02,4.4126e-02,3.7752e-02,3.2036e-02,2.6916e-02,2.2336e-02,1.8246e-02
-3.3007e-04,-1.7707e-04,-5.1409e-05,4.2124e-05,9.8705e-05,1.1735e-04,9.7442e-05,4.1397e-05,-4.6456e-05,-1.5917e-04,-2.8905e-04,-4.2611e-04,-5.6111e-04,-6.8430e-04,-7.8677e-04,-8.6178e-04,-9.0405e-04,-9.1111e-04,-8.8216e-04,-8.2017e-04,-7.3017e-04,-6.1972e-04,-4.9864e-04,-3.7836e-04,-2.7081e-04,-1.8735e-04,-1.3817e-04,-1.3007e-04,-1.6703e-04,-2.4822e-04,-3.6855e-04,-5.1823e-04,-6.8405e-04,-8.4936e-04,-9.9476e-04,-1.1022e-03,-1.1573e-03,-1.1527e-03,-1.0948e-03,-1.0048e-03,-9.1981e-04,-8.8493e-04,-9.4002e-04,-1.0968e-03,-1.3167e-03,-1.4951e-03,-1.4678e-03,-1.0511e-03,-9.9467e-05,1.4188e-03,3.1879e-03,3.9234e-03,1.6822e-03,-6.1366e-04,7.7200e-03,2.2445e-02,-8.2824e-03,-8.2996e-02,1.2224e-01,5.6892e-01,1.1364e+00,9.2528e-01,8.3904e-01,8.5389e-01,8.3133e-01,7.8181e-01,7.3450e-01,6.9391e-01,6.5587e-01,6.1773e-01,5.7910e-01,5.4052e-01,5.0261e-01,4.6583e-01,4.3041e-01,3.9646e-01,3.6406e-01,3.3327e-01,3.0412e-01,2.7665e-01,2.5088e-01,2.2682e-01,2.0444e-01,1.8371e-01,1.6457e-01,1.4697e-01,1.3083e-01,1.1609e-01,1.0265e-01,9.0457e-02,7.9411e-02,6.9434e-02,6.0444e-02,5.2359e-02,4.5101e-02,3.8595e-02,3.2773e-02,2.7568e-02,2.2922e-02,1.8782e-02
2.0141e-03,2.0905e-03,2.1149e-03,2.0872e-03,2.0095e-03,1.8865e-03,1.7239e-03,1.5306e-03,1.3151e-03,1.0880e-03,8.5905e-04,6.3877e-04,4.3591e-04,2.5835e-04,1.1288e-04,4.0196e-06,-6.5912e-05,-9.5434e-05,-8.7433e-05,-4.5495e-05,2.2687e-05,1.0757e-04,1.9691e-04,2.7815e-04,3.3789e-04,3.6346e-04,3.4465e-04,2.7514e-04,1.5322e-04,-1.8483e-05,-2.3090e-04,-4.7056e-04,-7.1987e-04,-9.5695e-04,-1.1599e-03,-1.3078e-03,-1.3844e-03,-1.3840e-03,-1.3132e-03,-1.1953e-03,-1.0691e-03,-9.8170e-04,-9.7789e-04,-1.0810e-03,-1.2743e-03,-1.4876e-03,-1.6009e-03,-1.4681e-03,-9.5684e-04,3.0650e-05,1.5205e-03,3.1764e-03,3.5516e-03,8.3428e-04,-1.0128e-03,8.7198e-03,2.3919e-02,-9.7871e-03,-7.3433e-02,1.3330e-01,5.5973e-01,1.1190e+00,9.3338e-01,8.2440e-01,8.3926e-01,8.1696e-01,7.6658e-01,7.1831e-01,6.7655e-01,6.3722e-01,5.9791e-01,5.5835e-01,5.1912e-01,4.8086e-01,4.4397e-01,4.0867e-01,3.7504e-01,3.4312e-01,3.1296e-01,2.8457e-01,2.5798e-01,2.3319e-01,2.1017e-01,1.8886e-01,1.6922e-01,1.5115e-01,1.3459e-01,1.1944e-01,1.0564e-01,9.3094e-02,8.1727e-02,7.1459e-02,6.2210e-02,5.3901e-02,4.6453e-02,3.9791e-02,3.3843e-02,2.8541e-02,2.3823e-02,1.9631e-02
3.9463e-03,3.8564e-03,3.7134e-03,3.5246e-03,3.2979e-03,3.0431e-03,2.7697e-03,2.4876e-03,2.2056e-03,1.9326e-03,1.6761e-03,1.4418e-03,1.2348e-03,1.0594e-03,9.1766e-04,8.1127e-04,7.3947e-04,7.0099e-04,6.9253e-04,7.0741e-04,7.3863e-04,7.7657e-04,8.0979e-04,8.2681e-04,8.1637e-04,7.6823e-04,6.7562e-04,5.3489e-04,3.4664e-04,1.1681e-04,-1.4381e-04,-4.2095e-04,-6.9509e-04,-9.4603e-04,-1.1521e-03,-1.2945e-03,-1.3602e-03,-1.3452e-03,-1.2584e-03,-1.1228e-03,-9.7569e-04,-8.6218e-04,-8.2492e-04,-8.9276e-04,-1.0624e-03,-1.2911e-03,-1.4938e-03,-1.5646e-03,-1.4033e-03,-9.3209e-04,-7.0443e-05,1.2360e-03,2.6168e-03,2.4851e-03,-6.8090e-04,-2.0057e-03,9.0046e-03,2.4793e-02,-1.0796e-02,-6.5308e-02,1.4376e-01,5.5604e-01,1.1032e+00,9.3877e-01,8.1178e-01,8.2463e-01,8.0225e-01,7.5142e-01,7.0239e-01,6.5948e-01,6.1893e-01,5.7858e-01,5.3828e-01,4.9862e-01,4.6020e-01,4.2339e-01,3.8833e-01,3.5510e-01,3.2372e-01,2.9421e-01,2.6660e-01,2.4088e-01,2.1704e-01,1.9502e-01,1.7474e-01,1.5612e-01,1.3905e-01,1.2346e-01,1.0923e-01,9.6296e-02,8.4568e-02,7.3968e-02,6.4419e-02,5.5842e-02,4.8165e-02,4.1309e-02,3.5203e-02,2.9777e-02,2.4966e-02,2.0707e-02
4.5306e-03,4.2871e-03,4.0166e-03,3.7290e-03,3.4329e-03,3.1375e-03,2.8489e-03,2.5745e-03,2.3177e-03,2.0827e-03,1.8711e-03,1.6841e-03,1.5225e-03,1.3865e-03,1.2755e-03,1.1883e-03,1.1231e-03,1.0780e-03,1.0492e-03,1.0321e-03,1.0208e-03,1.0082e-03,9.8658e-04,9.4746e-04,8.8388e-04,7.8931e-04,6.6013e-04,4.9431e-04,2.9479e-04,6.7450e-05,-1.7812e-04,-4.2905e-04,-6.6936e-04,-8.8163e-04,-1.0487e-03,-1.1552e-03,-1.1911e-03,-1.1555e-03,-1.0571e-03,-9.1734e-04,-7.6818e-04,-6.4841e-04,-5.9635e-04,-6.3850e-04,-7.8036e-04,-9.9618e-04,-1.2286e-03,-1.4016e-03,-1.4434e-03,-1.3065e-03,-9.4721e-04,-2.7058e-04,8.0911e-04,1.8585e-03,1.1972e-03,-2.3021e-03,-3.0637e-03,9.0656e-03,2.5222e-02,-1.1571e-02,-5.9616e-02,1.5381e-01,5.5511e-01,1.0899e+00,9.4209e-01,8.0084e-01,8.1032e-01,7.8754e-01,7.3640e-01,6.8657e-01,6.4250e-01,6.0083e-01,5.5962e-01,5.1880e-01,4.7894e-01,4.4056e-01,4.0398e-01,3.6929e-01,3.3654e-01,3.0574e-01,2.7692e-01,2.5008e-01,2.2522e-01,2.0229e-01,1.8122e-01,1.6190e-01,1.4424e-01,1.2811e-01,1.1340e-01,1.0003e-01,8.7896e-02,7.6922e-02,6.7030e-02,5.8145e-02,5.0194e-02,4.3103e-02,3.6800e-02,3.1215e-02,2.6279e-02,2.1928e-02
3.5234e-03,3.2488e-03,2.9806e-03,2.7253e-03,2.4881e-03,2.2711e-03,2.0761e-03,1.9033e-03,1.7514e-03,1.6186e-03,1.5027e-03,1.4020e-03,1.3136e-03,1.2354e-03,1.1660e-03,1.1039e-03,1.0485e-03,9.9800e-04,9.5136e-04,9.0664e-04,8.6185e-04,8.1333e-04,7.5799e-04,6.9182e-04,6.1081e-04,5.1211e-04,3.9302e-04,2.5311e-04,9.3691e-05,-8.1165e-05,-2.6477e-04,-4.4835e-04,-6.1982e-04,-7.6680e-04,-8.7578e-04,-9.3557e-04,-9.3947e-04,-8.8629e-04,-7.8454e-04,-6.5156e-04,-5.1293e-04,-4.0010e-04,-3.4341e-04,-3.6661e-04,-4.7705e-04,-6.6025e-04,-8.7810e-04,-1.0764e-03,-1.2023e-03,-1.2268e-03,-1.1432e-03,-9.1735e-04,-4.2336e-04,4.3752e-04,1.1549e-03,1.8772e-05,-3.6851e-03,-3.9254e-03,9.0309e-03,2.5127e-02,-1.2324e-02,-5.6506e-02,1.6359e-01,5.5522e-01,1.0786e+00,9.4372e-01,7.9116e-01,7.9645e-01,7.7301e-01,7.2150e-01,6.7079e-01,6.2559e-01,5.8291e-01,5.4104e-01,4.9991e-01,4.6003e-01,4.2186e-01,3.8563e-01,3.5140e-01,3.1920e-01,2.8903e-01,2.6090e-01,2.3483e-01,2.1080e-01,1.8875e-01,1.6858e-01,1.5017e-01,1.3340e-01,1.1813e-01,1.0426e-01,9.1670e-02,8.0279e-02,7.0003e-02,6.0767e-02,5.2500e-02,4.5131e-02,3.8588e-02,3.2802e-02,2.7706e-02,2.3230e-02
1.3895e-03,1.2392e-03,1.1164e-03,1.0210e-03,9.5106e-04,9.0390e-04,8.7578e-04,8.6179e-04,8.5697e-04,8.5660e-04,8.5644e-04,8.5224e-04,8.4135e-04,8.2143e-04,7.9175e-04,7.5242e-04,7.0463e-04,6.4997e-04,5.9029e-04,5.2763e-04,4.6377e-04,3.9979e-04,3.3585e-04,2.7110e-04,2.0476e-04,1.3458e-04,5.8431e-05,-2.5010e-05,-1.1735e-04,-2.1671e-04,-3.2090e-04,-4.2462e-04,-5.2067e-04,-6.0005e-04,-6.5343e-04,-6.7169e-04,-6.4980e-04,-5.8711e-04,-4.8983e-04,-3.7065e-04,-2.4936e-04,-1.4950e-04,-9.4065e-05,-1.0178e-04,-1.8022e-04,-3.2189e-04,-5.0118e-04,-6.7943e-04,-8.1685e-04,-8.9164e-04,-9.1184e-04,-8.9491e-04,-7.9793e-04,-4.6474e-04,1.9980e-04,6.1711e-04,-8.9492e-04,-4.7005e-03,-4.5442e-03,8.8247e-03,2.4455e-02,-1.3097e-02,-5.5668e-02,1.7306e-01,5.5546e-01,1.0689e+00,9.4392e-01,7.8238e-01,7.8301e-01,7.5869e-01,7.0673e-01,6.5508e-01,6.0879e-01,5.6525e-01,5.2289e-01,4.8161e-01,4.4186e-01,4.0400e-01,3.6821e-01,3.3452e-01,3.0291e-01,2.7339e-01,2.4598e-01,2.2068e-01,1.9746e-01,1.7625e-01,1.5694e-01,1.3938e-01,1.2344e-01,1.0898e-01,9.5871e-02,8.4012e-02,7.3308e-02,6.3681e-02,5.5056e-02,4.7366e-02,4.0541e-02,3.4513e-02,2.9213e-02,2.4575e-02
-1.0649e-03,-9.7971e-04,-8.6769e-04,-7.3418e-04,-5.8583e-04,-4.2911e-04,-2.7083e-04,-1.1794e-04,2.3140e-05,1.4695e-04,2.4853e-04,3.2501e-04,3.7400e-04,3.9578e-04,3.9149e-04,3.6407e-04,3.1690e-04,2.5575e-04,1.8595e-04,1.1309e-04,4.2520e-05,-2.2065e-05,-7.7387e-05,-1.2256e-04,-1.5747e-04,-1.8443e-04,-2.0641e-04,-2.2707e-04,-2.4943e-04,-2.7619e-04,-3.0719e-04,-3.4137e-04,-3.7420e-04,-3.9944e-04,-4.0979e-04,-3.9898e-04,-3.6221e-04,-2.9781e-04,-2.1046e-04,-1.0896e-04,-7.4655e-06,7.7449e-05,1.2905e-04,1.3298e-04,8.3610e-05,-1.5508e-05,-1.4729e-04,-2.8503e-04,-3.9779e-04,-4.6620e-04,-4.9842e-04,-5.2918e-04,-5.8532e-04,-6.0592e-04,-4.1045e-04,8.6490e-05,2.6331e-04,-1.5070e-03,-5.3509e-03,-4.9835e-03,8.3307e-03,2.3275e-02,-1.3795e-02,-5.6626e-02,1.8216e-01,5.5545e-01,1.0601e+00,9.4292e-01,7.7420e-01,7.6992e-01,7.4455e-01,6.9208e-01,6.3949e-01,5.9219e-01,5.4793e-01,5.0521e-01,4.6390e-01,4.2437e-01,3.8690e-01,3.5162e-01,3.1849e-01,2.8752e-01,2.5868e-01,2.3200e-01,2.0747e-01,1.8505e-01,1.6466e-01,1.4616e-01,1.2940e-01,1.1424e-01,1.0052e-01,8.8129e-02,7.6945e-02,6.6881e-02,5.7857e-02,4.9804e-02,4.2653e-02,3.6339e-02,3.0795e-02,2.5953e-02
-3.0960e-03,-2.7450e-03,-2.3856e-03,-2.0255e-03,-1.6733e-03,-1.3366e-03,-1.0230e-03,-7.3916e-04,-4.9138e-04,-2.8322e-04,-1.1846e-04,2.2743e-06,7.9349e-05,1.1511e-04,1.1382e-04,8.2040e-05,2.5863e-05,-4.6169e-05,-1.2560e-04,-2.0443e-04,-2.7474e-04,-3.3193e-04,-3.7073e-04,-3.9006e-04,-3.9109e-04,-3.7579e-04,-3.4917e-04,-3.1631e-04,-2.8347e-04,-2.5443e-04,-2.3218e-04,-2.1698e-04,-2.0638e-04,-1.9585e-04,-1.8037e-04,-1.5364e-04,-1.1152e-04,-5.2549e-05,2.1286e-05,1.0382e-04,1.8559e-04,2.5545e-04,3.0133e-04,3.1391e-04,2.8853e-04,2.2722e-04,1.4124e-04,4.9308e-05,-2.5596e-05,-6.5923e-05,-7.3519e-05,-7.9319e-05,-1.3597e-04,-2.6753e-04,-3.9301e-04,-3.1188e-04,5.6375e-05,7.0766e-05,-1.8417e-03,-5.6958e-03,-5.3354e-03,7.4846e-03,2.1752e-02,-1.4267e-02,-5.8911e-02,1.9079e-01,5.5512e-01,1.0519e+00,9.4091e-01,7.6639e-01,7.5708e-01,7.3057e-01,6.7758e-01,6.2409e-01,5.7590e-01,5.3102e-01,4.8804e-01,4.4678e-01,4.0752e-01,3.7049e-01,3.3573e-01,3.0322e-01,2.7290e-01,2.4478e-01,2.1884e-01,1.9508e-01,1.7345e-01,1.5384e-01,1.3612e-01,1.2012e-01,1.0569e-01,9.2676e-02,8.0945e-02,7.0390e-02,6.0922e-02,5.2463e-02,4.4943e-02,3.8299e-02,3.2464e-02,2.7376e-02
-4.2626e-03,-3.6908e-03,-3.1373e-03,-2.6106e-03,-2.1182e-03,-1.6671e-03,-1.2638e-03,-9.1247e-04,-6.1790e-04,-3.8110e-04,-2.0227e-04,-8.0077e-05,-1.0597e-05,1.0688e-05,-8.0336e-06,-5.9178e-05,-1.3263e-04,-2.1882e-04,-3.0734e-04,-3.8928e-04,-4.5623e-04,-5.0203e-04,-5.2337e-04,-5.1918e-04,-4.9129e-04,-4.4339e-04,-3.8203e-04,-3.1353e-04,-2.4476e-04,-1.8199e-04,-1.2833e-04,-8.5110e-05,-5.1029e-05,-2.2683e-05,4.5262e-06,3.5781e-05,7.5199e-05,1.2426e-04,1.8254e-04,2.4653e-04,3.0974e-04,3.6475e-04,4.0413e-04,4.2121e-04,4.1346e-04,3.8225e-04,3.3504e-04,2.8483e-04,2.4811e-04,2.3989e-04,2.6385e-04,3.0037e-04,3.0196e-04,2.0839e-04,3.1032e-06,-2.1183e-04,-2.1762e-04,6.8832e-05,5.7518e-06,-1.9455e-03,-5.8056e-03,-5.6738e-03,6.3008e-03,2.0101e-02,-1.4371e-02,-6.2133e-02,1.9895e-01,5.5460e-01,1.0439e+00,9.3810e-01,7.5883e-01,7.4443e-01,7.1673e-01,6.6326e-01,6.0897e-01,5.5997e-01,5.1458e-01,4.7141e-01,4.3023e-01,3.9127e-01,3.5469e-01,3.2049e-01,2.8861e-01,2.5898e-01,2.3158e-01,2.0640e-01,1.8342e-01,1.6256e-01,1.4372e-01,1.2675e-01,1.1147e-01,9.7731e-02,8.5370e-02,7.4259e-02,6.4291e-02,5.5379e-02,4.7447e-02,4.0428e-02,3.4259e-02,2.8875e-02
-4.4751e-03,-3.7742e-03,-3.1188e-03,-2.5152e-03,-1.9697e-03,-1.4862e-03,-1.0691e-03,-7.1970e-04,-4.3922e-04,-2.2622e-04,-7.8175e-05,9.8143e-06,4.3357e-05,3.0683e-05,-1.9463e-05,-9.6537e-05,-1.9039e-04,-2.9005e-04,-3.8476e-04,-4.6621e-04,-5.2665e-04,-5.6073e-04,-5.6628e-04,-5.4356e-04,-4.9556e-04,-4.2769e-04,-3.4651e-04,-2.5959e-04,-1.7447e-04,-9.6876e-05,-3.0614e-05,2.2789e-05,6.4250e-05,9.7072e-05,1.2523e-04,1.5283e-04,1.8399e-04,2.2043e-04,2.6264e-04,3.0861e-04,3.5421e-04,3.9540e-04,4.2731e-04,4.4571e-04,4.4957e-04,4.3995e-04,4.2200e-04,4.0481e-04,4.0017e-04,4.1970e-04,4.6937e-04,5.4138e-04,6.0320e-04,5.9661e-04,4.6095e-04,1.9015e-04,-9.4865e-05,-1.5702e-04,9.6958e-05,3.7227e-05,-1.8673e-03,-5.7397e-03,-6.0373e-03,4.8594e-03,1.8533e-02,-1.4016e-02,-6.6002e-02,2.0669e-01,5.5409e-01,1.0361e+00,9.3467e-01,7.5146e-01,7.3195e-01,7.0303e-01,6.4917e-01,5.9418e-01,5.4448e-01,4.9863e-01,4.5530e-01,4.1424e-01,3.7559e-01,3.3947e-01,3.0584e-01,2.7460e-01,2.4568e-01,2.1902e-01,1.9461e-01,1.7241e-01,1.5233e-01,1.3424e-01,1.1798e-01,1.0340e-01,9.0305e-02,7.8557e-02,6.8028e-02,5.8609e-02,5.0216e-02,4.2777e-02,3.6225e-02,3.0501e-02
-3.9105e-03,-3.1862e-03,-2.5279e-03,-1.9393e-03,-1.4238e-03,-9.8261e-04,-6.1670e-04,-3.2537e-04,-1.0582e-04,4.5434e-05,1.3435e-04,1.6663e-04,1.5127e-04,9.6697e-05,1.3074e-05,-8.9012e-05,-1.9908e-04,-3.0654e-04,-4.0250e-04,-4.7894e-04,-5.3005e-04,-5.5221e-04,-5.4456e-04,-5.0891e-04,-4.4928e-04,-3.7182e-04,-2.8370e-04,-1.9261e-04,-1.0527e-04,-2.7338e-05,3.8002e-05,8.9185e-05,1.2769e-04,1.5559e-04,1.7733e-04,1.9589e-04,2.1546e-04,2.3772e-04,2.6388e-04,2.9295e-04,3.2263e-04,3.5083e-04,3.7437e-04,3.9162e-04,4.0168e-04,4.0590e-04,4.0840e-04,4.1481e-04,4.3326e-04,4.7268e-04,5.3922e-04,6.3159e-04,7.3317e-04,8.0323e-04,7.7990e-04,6.0420e-04,2.8137e-04,-5.1245e-05,-1.3923e-04,1.2765e-04,1.3940e-04,-1.6502e-03,-5.5417e-03,-6.4283e-03,3.2814e-03,1.7223e-02,-1.3176e-02,-7.0316e-02,2.1412e-01,5.5379e-01,1.0282e+00,9.3074e-01,7.4432e-01,7.1964e-01,6.8951e-01,6.3535e-01,5.7979e-01,5.2946e-01,4.8320e-01,4.3973e-01,3.9879e-01,3.6045e-01,3.2479e-01,2.9173e-01,2.6115e-01,2.3295e-01,2.0706e-01,1.8343e-01,1.6201e-01,1.4269e-01,1.2533e-01,1.0978e-01,9.5846e-02,8.3372e-02,7.2204e-02,6.2219e-02,5.3313e-02,4.5405e-02,3.8425e-02,3.2312e-02
-2.8749e-03,-2.2183e-03,-1.6387e-03,-1.1372e-03,-7.1433e-04,-3.6770e-04,-9.5718e-05,1.0461e-04,2.3849e-04,3.1143e-04,3.3052e-04,3.0371e-04,2.3930e-04,1.4709e-04,3.6765e-05,-8.1953e-05,-1.9928e-04,-3.0685e-04,-3.9691e-04,-4.6354e-04,-5.0266e-04,-5.1273e-04,-4.9426e-04,-4.5033e-04,-3.8595e-04,-3.0738e-04,-2.2138e-04,-1.3520e-04,-5.5322e-05,1.4083e-05,6.9836e-05,1.1161e-04,1.4049e-04,1.5864e-04,1.6947e-04,1.7616e-04,1.8250e-04,1.9020e-04,2.0044e-04,2.1360e-04,2.2891e-04,2.4499e-04,2.6057e-04,2.7475e-04,2.8756e-04,3.0016e-04,3.1535e-04,3.3673e-04,3.6995e-04,4.2079e-04,4.9440e-04,5.9305e-04,7.1101e-04,8.2595e-04,8.9360e-04,8.5122e-04,6.4412e-04,2.8657e-04,-7.1160e-05,-1.5865e-04,1.5703e-04,2.9134e-04,-1.3303e-03,-5.2413e-03,-6.8225e-03,1.7037e-03,1.6297e-02,-1.1897e-02,-7.4943e-02,2.2139e-01,5.5390e-01,1.0202e+00,9.2642e-01,7.3746e-01,7.0755e-01,6.7617e-01,6.2185e-01,5.6581e-01,5.1491e-01,4.6827e-01,4.2469e-01,3.8386e-01,3.4584e-01,3.1064e-01,2.7816e-01,2.4825e-01,2.2078e-01,1.9566e-01,1.7282e-01,1.5217e-01,1.3361e-01,1.1697e-01,1.0209e-01,8.8789e-02,7.6902e-02,6.6281e-02,5.6806e-02,4.8380e-02,4.0925e-02,3.4374e-02
-1.6770e-03,-1.1512e-03,-7.0341e-04,-3.3155e-04,-3.3710e-05,1.9356e-04,3.5432e-04,4.5405e-04,4.9881e-04,4.9473e-04,4.5007e-04,3.7244e-04,2.7039e-04,1.5249e-04,2.7699e-05,-9.5887e-05,-2.1050e-04,-3.0934e-04,-3.8694e-04,-4.3966e-04,-4.6469e-04,-4.6279e-04,-4.3585e-04,-3.8716e-04,-3.2276e-04,-2.4810e-04,-1.7018e-04,-9.4868e-05,-2.7249e-05,2.8687e-05,7.1229e-05,9.9786e-05,1.1546e-04,1.2097e-04,1.1888e-04,1.1229e-04,1.0462e-04,9.7528e-05,9.3047e-05,9.2069e-05,9.4242e-05,9.9899e-05,1.0786e-04,1.1835e-04,1.3171e-04,1.4859e-04,1.7120e-04,2.0143e-04,2.4258e-04,2.9818e-04,3.7159e-04,4.6580e-04,5.8088e-04,7.0816e-04,8.2466e-04,8.8529e-04,8.2826e-04,6.0258e-04,2.2839e-04,-1.3496e-04,-2.0195e-04,1.8583e-04,4.7567e-04,-9.3900e-04,-4.8592e-03,-7.1797e-03,2.5962e-04,1.5822e-02,-1.0287e-02,-7.9794e-02,2.2862e-01,5.5458e-01,1.0121e+00,9.2171e-01,7.3104e-01,6.9578e-01,6.6305e-01,6.0865e-01,5.5224e-01,5.0084e-01,4.5384e-01,4.1015e-01,3.6946e-01,3.3176e-01,2.9703e-01,2.6513e-01,2.3589e-01,2.0915e-01,1.8480e-01,1.6275e-01,1.4287e-01,1.2505e-01,1.0912e-01,9.4891e-02,8.2196e-02,7.0866e-02,6.0762e-02,5.1766e-02,4.3788e-02,3.6755e-02
-5.5512e-04,-1.8989e-04,1.0514e-04,3.3339e-04,4.9869e-04,6.0583e-04,6.6060e-04,6.6823e-04,6.3538e-04,5.6915e-04,4.7620e-04,3.6418e-04,2.4045e-04,1.1235e-04,-1.3510e-05,-1.3033e-04,-2.3245e-04,-3.1544e-04,-3.7585e-04,-4.1150e-04,-4.2213e-04,-4.0940e-04,-3.7559e-04,-3.2561e-04,-2.6398e-04,-1.9689e-04,-1.2944e-04,-6.7286e-05,-1.4435e-05,2.6396e-05,5.3942e-05,6.7959e-05,6.9536e-05,6.1231e-05,4.5545e-05,2.5421e-05,3.9339e-06,-1.6846e-05,-3.4610e-05,-4.8503e-05,-5.7463e-05,-6.1072e-05,-5.9646e-05,-5.2521e-05,-3.9827e-05,-2.0796e-05,5.3979e-06,3.9782e-05,8.4748e-05,1.4051e-04,2.0947e-04,2.9338e-04,3.9360e-04,5.1012e-04,6.3513e-04,7.4673e-04,8.0117e-04,7.3803e-04,5.0804e-04,1.3455e-04,-2.1835e-04,-2.5307e-04,2.1733e-04,6.7773e-04,-5.0446e-04,-4.4121e-03,-7.4538e-03,-9.3378e-04,1.5814e-02,-8.5041e-03,-8.4802e-02,2.3590e-01,5.5598e-01,1.0038e+00,9.1656e-01,7.2518e-01,6.8441e-01,6.5014e-01,5.9575e-01,5.3906e-01,4.8721e-01,4.3989e-01,3.9613e-01,3.5558e-01,3.1821e-01,2.8394e-01,2.5263e-01,2.2406e-01,1.9805e-01,1.7448e-01,1.5320e-01,1.3409e-01,1.1700e-01,1.0175e-01,8.8155e-02,7.6040e-02,6.5242e-02,5.5625e-02,4.7081e-02,3.9523e-02
3.5020e-04,5.5268e-04,6.9855e-04,7.9189e-04,8.3748e-04,8.4096e-04,8.0762e-04,7.4318e-04,6.5373e-04,5.4508e-04,4.2391e-04,2.9594e-04,1.6698e-04,4.2927e-05,-7.1954e-05,-1.7246e-04,-2.5536e-04,-3.1772e-04,-3.5827e-04,-3.7613e-04,-3.7301e-04,-3.5096e-04,-3.1263e-04,-2.6312e-04,-2.0675e-04,-1.4846e-04,-9.3279e-05,-4.4795e-05,-6.8936e-06,1.8833e-05,3.1490e-05,3.1151e-05,1.8975e-05,-2.9076e-06,-3.1641e-05,-6.4705e-05,-9.9299e-05,-1.3267e-04,-1.6269e-04,-1.8731e-04,-2.0513e-04,-2.1594e-04,-2.1931e-04,-2.1513e-04,-2.0325e-04,-1.8363e-04,-1.5579e-04,-1.1949e-04,-7.4483e-05,-2.0850e-05,4.1516e-05,1.1255e-04,1.9361e-04,2.8718e-04,3.9431e-04,5.1053e-04,6.1555e-04,6.6858e-04,6.0981e-04,3.9020e-04,3.2442e-05,-2.9886e-04,-2.9710e-04,2.5338e-04,8.8344e-04,-5.3324e-05,-3.9171e-03,-7.6031e-03,-1.7850e-03,1.6241e-02,-6.7404e-03,-8.9905e-02,2.4324e-01,5.5820e-01,9.9506e-01,9.1083e-01,7.2003e-01,6.7353e-01,6.3742e-01,5.8308e-01,5.2623e-01,4.7400e-01,4.2641e-01,3.8261e-01,3.4223e-01,3.0520e-01,2.7141e-01,2.4067e-01,2.1277e-01,1.8749e-01,1.6467e-01,1.4416e-01,1.2580e-01,1.0942e-01,9.4835e-02,8.1854e-02,7.0296e-02,6.0006e-02,5.0851e-02,4.2731e-02
9.8533e-04,1.0422e-03,1.0590e-03,1.0402e-03,9.9025e-04,9.1437e-04,8.1783e-04,7.0519e-04,5.8183e-04,4.5260e-04,3.2200e-04,1.9456e-04,7.4534e-05,-3.4450e-05,-1.2923e-04,-2.0716e-04,-2.6695e-04,-3.0684e-04,-3.2737e-04,-3.2904e-04,-3.1391e-04,-2.8428e-04,-2.4374e-04,-1.9634e-04,-1.4626e-04,-9.7729e-05,-5.4283e-05,-1.9252e-05,4.8336e-06,1.6451e-05,1.5205e-05,1.4938e-06,-2.3678e-05,-5.7731e-05,-9.9270e-05,-1.4396e-04,-1.9026e-04,-2.3415e-04,-2.7394e-04,-3.0682e-04,-3.3180e-04,-3.4772e-04,-3.5430e-04,-3.5198e-04,-3.4059e-04,-3.2069e-04,-2.9249e-04,-2.5637e-04,-2.1269e-04,-1.6260e-04,-1.0760e-04,-4.8796e-05,1.3143e-05,8.0746e-05,1.5779e-04,2.4932e-04,3.5394e-04,4.5535e-04,5.1423e-04,4.7121e-04,2.7562e-04,-5.4464e-05,-3.5743e-04,-3.2204e-04,2.9601e-04,1.0799e-03,3.8814e-04,-3.3932e-03,-7.5960e-03,-2.2333e-03,1.7034e-02,-5.2062e-03,-9.5034e-02,2.5061e-01,5.6136e-01,9.8588e-01,9.0434e-01,7.1571e-01,6.6326e-01,6.2486e-01,5.7059e-01,5.1368e-01,4.6116e-01,4.1338e-01,3.6958e-01,3.2941e-01,2.9274e-01,2.5942e-01,2.2926e-01,2.0201e-01,1.7745e-01,1.5537e-01,1.3561e-01,1.1798e-01,1.0229e-01,8.8355e-02,7.5964e-02,6.4942e-02,5.5136e-02,4.6421e-02
1.3570e-03,1.2966e-03,1.2129e-03,1.1102e-03,9.9241e-04,8.6452e-04,7.2961e-04,5.9241e-04,4.5622e-04,3.2436e-04,2.0021e-04,8.6496e-05,-1.4553e-05,-1.0074e-04,-1.7100e-04,-2.2391e-04,-2.5952e-04,-2.7750e-04,-2.7960e-04,-2.6736e-04,-2.4235e-04,-2.0772e-04,-1.6705e-04,-1.2339e-04,-8.0038e-05,-4.0878e-05,-8.7284e-06,1.4283e-05,2.5781e-05,2.4928e-05,1.1349e-05,-1.4234e-05,-5.0740e-05,-9.6258e-05,-1.4827e-04,-2.0355e-04,-2.5904e-04,-3.1168e-04,-3.5867e-04,-3.9750e-04,-4.2694e-04,-4.4562e-04,-4.5394e-04,-4.5191e-04,-4.4020e-04,-4.1993e-04,-3.9197e-04,-3.5681e-04,-3.1571e-04,-2.7017e-04,-2.2219e-04,-1.7438e-04,-1.2873e-04,-8.4709e-05,-3.8879e-05,1.6518e-05,8.9899e-05,1.8448e-04,2.8745e-04,3.6091e-04,3.4451e-04,1.8422e-04,-1.0921e-04,-3.8161e-04,-3.2064e-04,3.4427e-04,1.2548e-03,7.9533e-04,-2.8623e-03,-7.4157e-03,-2.2499e-03,1.8100e-02,-4.1103e-03,-1.0010e-01,2.5792e-01,5.6552e-01,9.7610e-01,8.9681e-01,7.1230e-01,6.5369e-01,6.1244e-01,5.5820e-01,5.0134e-01,4.4867e-01,4.0078e-01,3.5706e-01,3.1713e-01,2.8084e-01,2.4800e-01,2.1841e-01,1.9180e-01,1.6792e-01,1.4657e-01,1.2753e-01,1.1061e-01,9.5598e-02,8.2282e-02,7.0461e-02,5.9955e-02,5.0612e-02
1.5062e-03,1.3594e-03,1.2054e-03,1.0476e-03,8.8920e-04,7.3362e-04,5.8340e-04,4.4092e-04,3.0884e-04,1.8857e-04,8.2012e-05,-9.6355e-06,-8.5639e-05,-1.4570e-04,-1.8946e-04,-2.1733e-04,-2.3025e-04,-2.2895e-04,-2.1568e-04,-1.9185e-04,-1.6026e-04,-1.2338e-04,-8.3350e-05,-4.4288e-05,-8.2906e-06,2.2383e-05,4.4351e-05,5.6718e-05,5.7669e-05,4.5938e-05,2.2165e-05,-1.3852e-05,-6.0173e-05,-1.1514e-04,-1.7560e-04,-2.3886e-04,-3.0187e-04,-3.6036e-04,-4.1205e-04,-4.5426e-04,-4.8540e-04,-5.0464e-04,-5.1229e-04,-5.0887e-04,-4.9632e-04,-4.7534e-04,-4.4751e-04,-4.1381e-04,-3.7625e-04,-3.3561e-04,-2.9471e-04,-2.5636e-04,-2.2378e-04,-1.9844e-04,-1.7905e-04,-1.5905e-04,-1.2715e-04,-6.9970e-05,1.8943e-05,1.2965e-04,2.2578e-04,2.4576e-04,1.2941e-04,-1.2166e-04,-3.6468e-04,-2.9029e-04,3.9541e-04,1.3971e-03,1.1458e-03,-2.3485e-03,-7.0617e-03,-1.8409e-03,1.9327e-02,-3.6422e-03,-1.0500e-01,2.6502e-01,5.7073e-01,9.6568e-01,8.8798e-01,7.0978e-01,6.4490e-01,6.0015e-01,5.4583e-01,4.8917e-01,4.3649e-01,3.8860e-01,3.4503e-01,3.0539e-01,2.6949e-01,2.3714e-01,2.0810e-01,1.8211e-01,1.5890e-01,1.3824e-01,1.1991e-01,1.0367e-01,8.9305e-02,7.6592e-02,6.5321e-02,5.5311e-02
1.4861e-03,1.2828e-03,1.0860e-03,8.9892e-04,7.2280e-04,5.5992e-04,4.1119e-04,2.7895e-04,1.6304e-04,6.3539e-05,-1.8202e-05,-8.3718e-05,-1.3255e-04,-1.6544e-04,-1.8414e-04,-1.8911e-04,-1.8210e-04,-1.6505e-04,-1.3955e-04,-1.0783e-04,-7.1971e-05,-3.4306e-05,2.5649e-06,3.7050e-05,6.6524e-05,8.9176e-05,1.0274e-04,1.0610e-04,9.8001e-05,7.7764e-05,4.5147e-05,1.4305e-06,-5.2936e-05,-1.1517e-04,-1.8236e-04,-2.5140e-04,-3.1876e-04,-3.8077e-04,-4.3432e-04,-4.7684e-04,-5.0692e-04,-5.2440e-04,-5.2941e-04,-5.2328e-04,-5.0811e-04,-4.8599e-04,-4.5814e-04,-4.2633e-04,-3.9263e-04,-3.5757e-04,-3.2384e-04,-2.9415e-04,-2.7170e-04,-2.6028e-04,-2.6040e-04,-2.6823e-04,-2.7472e-04,-2.6400e-04,-2.1956e-04,-1.3070e-04,-5.2080e-06,1.2086e-04,1.8417e-04,1.1791e-04,-8.7894e-05,-3.0546e-04,-2.3296e-04,4.4440e-04,1.4979e-03,1.4215e-03,-1.8757e-03,-6.5497e-03,-1.0430e-03,2.0598e-02,-3.9576e-03,-1.0959e-01,2.7179e-01,5.7697e-01,9.5467e-01,8.7752e-01,7.0809e-01,6.3698e-01,5.8801e-01,5.3346e-01,4.7711e-01,4.2458e-01,3.7683e-01,3.3348e-01,2.9418e-01,2.5869e-01,2.2683e-01,1.9833e-01,1.7294e-01,1.5037e-01,1.3038e-01,1.1271e-01,9.7130e-02,8.3392e-02,7.1260e-02,6.0519e-02
1.3476e-03,1.1136e-03,8.9791e-04,7.0179e-04,5.2604e-04,3.7097e-04,2.3725e-04,1.2444e-04,3.1576e-05,-4.1516e-05,-9.6075e-05,-1.3408e-04,-1.5610e-04,-1.6400e-04,-1.5981e-04,-1.4544e-04,-1.2262e-04,-9.3082e-05,-5.9029e-05,-2.2406e-05,1.5255e-05,5.1970e-05,8.6071e-05,1.1572e-04,1.3907e-04,1.5519e-04,1.6169e-04,1.5815e-04,1.4321e-04,1.1621e-04,7.7218e-05,2.7083e-05,-3.2952e-05,-9.9933e-05,-1.7156e-04,-2.4371e-04,-3.1299e-04,-3.7573e-04,-4.2803e-04,-4.6832e-04,-4.9494e-04,-5.0764e-04,-5.0817e-04,-4.9809e-04,-4.7936e-04,-4.5492e-04,-4.2711e-04,-3.9750e-04,-3.6740e-04,-3.3835e-04,-3.1186e-04,-2.8998e-04,-2.7700e-04,-2.7529e-04,-2.8837e-04,-3.1531e-04,-3.5038e-04,-3.8071e-04,-3.8728e-04,-3.5006e-04,-2.5527e-04,-1.0932e-04,5.2197e-05,1.6335e-04,1.5054e-04,-1.0239e-05,-2.0913e-04,-1.5513e-04,4.8514e-04,1.5497e-03,1.6103e-03,-1.4656e-03,-5.9099e-03,8.0392e-05,2.1800e-02,-5.1599e-03,-1.1372e-01,2.7808e-01,5.8411e-01,9.4334e-01,8.6513e-01,7.0709e-01,6.3000e-01,5.7609e-01,5.2105e-01,4.6513e-01,4.1292e-01,3.6544e-01,3.2240e-01,2.8348e-01,2.4843e-01,2.1704e-01,1.8908e-01,1.6425e-01,1.4230e-01,1.2294e-01,1.0592e-01,9.0966e-02,7.7828e-02,6.6257e-02
1.1355e-03,8.9127e-04,6.7406e-04,4.8421e-04,3.2156e-04,1.8491e-04,7.3832e-05,-1.4110e-05,-7.9753e-05,-1.2516e-04,-1.5256e-04,-1.6390e-04,-1.6162e-04,-1.4787e-04,-1.2500e-04,-9.4905e-05,-5.9986e-05,-2.1731e-05,1.7984e-05,5.7144e-05,9.5356e-05,1.3014e-04,1.6081e-04,1.8590e-04,2.0449e-04,2.1522e-04,2.1674e-04,2.0773e-04,1.8810e-04,1.5612e-04,1.1280e-04,5.8714e-05,-4.3456e-06,-7.4573e-05,-1.4762e-04,-2.2032e-04,-2.8887e-04,-3.4915e-04,-3.9772e-04,-4.3290e-04,-4.5378e-04,-4.6013e-04,-4.5456e-04,-4.3853e-04,-4.1554e-04,-3.8810e-04,-3.5957e-04,-3.3168e-04,-3.0594e-04,-2.8324e-04,-2.6413e-04,-2.5092e-04,-2.4548e-04,-2.5166e-04,-2.7313e-04,-3.1159e-04,-3.6453e-04,-4.2372e-04,-4.7375e-04,-4.9205e-04,-4.5557e-04,-3.4984e-04,-1.7922e-04,2.1072e-05,1.8198e-04,2.2290e-04,1.0427e-04,-8.4376e-05,-6.6081e-05,5.0999e-04,1.5481e-03,1.7063e-03,-1.1355e-03,-5.1823e-03,1.4474e-03,2.2834e-02,-7.2928e-03,-1.1720e-01,2.8379e-01,5.9190e-01,9.3221e-01,8.5049e-01,7.0656e-01,6.2399e-01,5.6445e-01,5.0861e-01,4.5322e-01,4.0150e-01,3.5442e-01,3.1178e-01,2.7327e-01,2.3866e-01,2.0775e-01,1.8030e-01,1.5603e-01,1.3465e-01,1.1590e-01,9.9493e-02,8.5145e-02,7.2586e-02
8.8352e-04,6.4401e-04,4.3865e-04,2.6573e-04,1.2431e-04,1.1776e-05,-7.3381e-05,-1.3339e-04,-1.7153e-04,-1.9012e-04,-1.9208e-04,-1.7993e-04,-1.5685e-04,-1.2529e-04,-8.7416e-05,-4.5929e-05,-2.1495e-06,4.1569e-05,8.4141e-05,1.2448e-04,1.6126e-04,1.9384e-04,2.2150e-04,2.4299e-04,2.5799e-04,2.6498e-04,2.6296e-04,2.5102e-04,2.2789e-04,1.9361e-04,1.4804e-04,9.1959e-05,2.7658e-05,-4.2781e-05,-1.1514e-04,-1.8598e-04,-2.5077e-04,-3.0598e-04,-3.4862e-04,-3.7665e-04,-3.8957e-04,-3.8815e-04,-3.7455e-04,-3.5186e-04,-3.2340e-04,-2.9282e-04,-2.6351e-04,-2.3694e-04,-2.1513e-04,-1.9870e-04,-1.8758e-04,-1.8276e-04,-1.8540e-04,-1.9848e-04,-2.2546e-04,-2.6960e-04,-3.3157e-04,-4.0754e-04,-4.8646e-04,-5.4982e-04,-5.7384e-04,-5.3348e-04,-4.1272e-04,-2.1482e-04,2.4602e-05,2.3506e-04,3.2722e-04,2.4612e-04,5.7446e-05,2.3527e-05,5.1182e-04,1.4918e-03,1.7098e-03,-8.9723e-04,-4.4115e-03,2.9662e-03,2.3623e-02,-1.0329e-02,-1.1980e-01,2.8883e-01,5.9991e-01,9.2210e-01,8.3331e-01,7.0626e-01,6.1895e-01,5.5322e-01,4.9621e-01,4.4136e-01,3.9030e-01,3.4375e-01,3.0157e-01,2.6351e-01,2.2936e-01,1.9892e-01,1.7196e-01,1.4821e-01,1.2740e-01,1.0923e-01,9.3404e-02,7.9635e-02
6.1731e-04,3.9317e-04,2.0757e-04,5.8135e-05,-5.8079e-05,-1.4351e-04,-2.0125e-04,-2.3479e-04,-2.4662e-04,-2.4096e-04,-2.2073e-04,-1.8905e-04,-1.4914e-04,-1.0373e-04,-5.5106e-05,-5.6047e-06,4.3551e-05,9.0193e-05,1.3374e-04,1.7382e-04,2.0915e-04,2.3953e-04,2.6485e-04,2.8398e-04,2.9646e-04,3.0131e-04,2.9775e-04,2.8416e-04,2.6004e-04,2.2479e-04,1.7882e-04,1.2303e-04,5.9580e-05,-8.8047e-06,-7.8062e-05,-1.4424e-04,-2.0310e-04,-2.5124e-04,-2.8536e-04,-3.0443e-04,-3.0798e-04,-2.9731e-04,-2.7510e-04,-2.4497e-04,-2.1064e-04,-1.7660e-04,-1.4553e-04,-1.2066e-04,-1.0283e-04,-9.2430e-05,-8.9591e-05,-9.3428e-05,-1.0435e-04,-1.2393e-04,-1.5535e-04,-2.0203e-04,-2.6684e-04,-3.4883e-04,-4.4296e-04,-5.3555e-04,-6.0656e-04,-6.3121e-04,-5.8283e-04,-4.4506e-04,-2.2004e-04,5.7250e-05,3.1427e-04,4.5381e-04,4.0313e-04,2.0454e-04,1.0358e-04,4.8459e-04,1.3823e-03,1.6265e-03,-7.5640e-04,-3.6429e-03,4.5456e-03,2.4118e-02,-1.4170e-02,-1.2130e-01,2.9317e-01,6.0750e-01,9.1422e-01,8.1329e-01,7.0590e-01,6.1484e-01,5.4252e-01,4.8389e-01,4.2959e-01,3.7931e-01,3.3340e-01,2.9176e-01,2.5418e-01,2.2048e-01,1.9050e-01,1.6401e-01,1.4077e-01,1.2049e-01,1.0287e-01,8.7611e-02
3.5527e-04,1.5353e-04,-7.7430e-06,-1.3131e-04,-2.2076e-04,-2.7932e-04,-3.1089e-04,-3.1975e-04,-3.0878e-04,-2.8249e-04,-2.4397e-04,-1.9690e-04,-1.4430e-04,-8.8941e-05,-3.3239e-05,2.1137e-05,7.2863e-05,1.2070e-04,1.6408e-04,2.0254e-04,2.3655e-04,2.6508e-04,2.8887e-04,3.0665e-04,3.1833e-04,3.2278e-04,3.1887e-04,3.0573e-04,2.8222e-04,2.4803e-04,2.0341e-04,1.4979e-04,8.9372e-05,2.5040e-05,-3.8687e-05,-9.8336e-05,-1.4926e-04,-1.8835e-04,-2.1275e-04,-2.2157e-04,-2.1474e-04,-1.9450e-04,-1.6343e-04,-1.2533e-04,-8.5160e-05,-4.7071e-05,-1.4678e-05,9.1679e-06,2.3078e-05,2.7221e-05,2.2404e-05,9.8143e-06,-9.5330e-06,-3.6120e-05,-7.1904e-05,-1.1962e-04,-1.8328e-04,-2.6482e-04,-3.6225e-04,-4.6836e-04,-5.6913e-04,-6.4287e-04,-6.6374e-04,-6.0576e-04,-4.5074e-04,-2.0001e-04,1.1163e-04,4.1047e-04,5.9151e-04,5.6407e-04,3.4551e-04,1.6485e-04,4.2514e-04,1.2240e-03,1.4661e-03,-7.1411e-04,-2.9173e-03,6.1038e-03,2.4300e-02,-1.8652e-02,-1.2144e-01,2.9675e-01,6.1386e-01,9.1011e-01,7.9014e-01,7.0520e-01,6.1158e-01,5.3246e-01,4.7177e-01,4.1793e-01,3.6853e-01,3.2337e-01,2.8231e-01,2.4522e-01,2.1198e-01,1.8244e-01,1.5641e-01,1.3365e-01,1.1388e-01,9.6794e-02
1.1157e-04,-6.5468e-05,-2.0031e-04,-2.9782e-04,-3.6128e-04,-3.9499e-04,-4.0350e-04,-3.9068e-04,-3.6065e-04,-3.1792e-04,-2.6550e-04,-2.0760e-04,-1.4638e-04,-8.4922e-05,-2.5108e-05,3.1546e-05,8.3821e-05,1.3094e-04,1.7322e-04,2.1062e-04,2.4293e-04,2.7040e-04,2.9344e-04,3.1141e-04,3.2360e-04,3.2915e-04,3.2678e-04,3.1556e-04,2.9437e-04,2.6271e-04,2.2128e-04,1.7191e-04,1.1613e-04,5.7880e-05,1.0319e-06,-5.0226e-05,-9.1778e-05,-1.2066e-04,-1.3434e-04,-1.3204e-04,-1.1474e-04,-8.4527e-05,-4.4551e-05,6.4448e-07,4.6592e-05,8.8321e-05,1.2205e-04,1.4470e-04,1.5533e-04,1.5360e-04,1.4091e-04,1.1959e-04,9.1594e-05,5.7975e-05,1.7771e-05,-3.1129e-05,-9.1884e-05,-1.6858e-04,-2.6196e-04,-3.6938e-04,-4.8267e-04,-5.8629e-04,-6.5892e-04,-6.7403e-04,-6.0589e-04,-4.3536e-04,-1.6293e-04,1.7876e-04,5.1369e-04,7.2919e-04,7.1754e-04,4.7057e-04,2.0199e-04,3.3481e-04,1.0256e-03,1.2410e-03,-7.6777e-04,-2.2708e-03,7.5729e-03,2.4179e-02,-2.3556e-02,-1.1995e-01,2.9950e-01,6.1800e-01,9.1160e-01,7.6354e-01,7.0385e-01,6.0905e-01,5.2316e-01,4.5994e-01,4.0644e-01,3.5797e-01,3.1361e-01,2.7318e-01,2.3660e-01,2.0381e-01,1.7470e-01,1.4910e-01,1.2680e-01,1.0752e-01
-1.0413e-04,-2.5518e-04,-3.6447e-04,-4.3733e-04,-4.7751e-04,-4.8998e-04,-4.7845e-04,-4.4871e-04,-4.0442e-04,-3.4958e-04,-2.8766e-04,-2.2242e-04,-1.5654e-04,-9.2117e-05,-3.1155e-05,2.4948e-05,7.6300e-05,1.2214e-04,1.6270e-04,1.9867e-04,2.2988e-04,2.5726e-04,2.8088e-04,2.9991e-04,3.1403e-04,3.2211e-04,3.2265e-04,3.1456e-04,2.9708e-04,2.6989e-04,2.3305e-04,1.8886e-04,1.3977e-04,8.8941e-05,4.0617e-05,-1.1101e-06,-3.2464e-05,-5.0480e-05,-5.2888e-05,-3.9639e-05,-1.2176e-05,2.7522e-05,7.5592e-05,1.2749e-04,1.7819e-04,2.2299e-04,2.5759e-04,2.7910e-04,2.8617e-04,2.7898e-04,2.5931e-04,2.2984e-04,1.9334e-04,1.5190e-04,1.0701e-04,5.7057e-05,-1.0729e-06,-7.0877e-05,-1.5552e-04,-2.5597e-04,-3.6860e-04,-4.8364e-04,-5.8664e-04,-6.5561e-04,-6.6480e-04,-5.8786e-04,-4.0556e-04,-1.1630e-04,2.4917e-04,6.1383e-04,8.5783e-04,8.5503e-04,5.7377e-04,2.1385e-04,2.1874e-04,7.9823e-04,9.6472e-04,-9.1242e-04,-1.7306e-03,8.9044e-03,2.3788e-02,-2.8619e-02,-1.1658e-01,3.0126e-01,6.1891e-01,9.2065e-01,7.3313e-01,7.0158e-01,6.0712e-01,5.1469e-01,4.4852e-01,3.9517e-01,3.4763e-01,3.0413e-01,2.6435e-01,2.2827e-01,1.9592e-01,1.6721e-01,1.4204e-01,1.2018e-01
-2.8313e-04,-4.0986e-04,-4.9633e-04,-5.4746e-04,-5.6802e-04,-5.6286e-04,-5.3690e-04,-4.9441e-04,-4.4001e-04,-3.7726e-04,-3.1037e-04,-2.4210e-04,-1.7487e-04,-1.1065e-04,-5.1185e-05,3.4031e-06,5.2201e-05,9.5883e-05,1.3455e-04,1.6950e-04,2.0053e-04,2.2854e-04,2.5356e-04,2.7520e-04,2.9254e-04,3.0427e-04,3.0889e-04,3.0552e-04,2.9290e-04,2.7110e-04,2.4028e-04,2.0273e-04,1.6114e-04,1.1899e-04,8.0224e-05,4.8701e-05,2.8282e-05,2.1415e-05,2.9515e-05,5.2832e-05,8.9953e-05,1.3760e-04,1.9265e-04,2.4975e-04,3.0414e-04,3.5086e-04,3.8579e-04,4.0580e-04,4.0930e-04,3.9701e-04,3.7069e-04,3.3338e-04,2.8885e-04,2.4051e-04,1.9053e-04,1.3893e-04,8.3538e-05,2.0977e-05,-5.2935e-05,-1.4125e-04,-2.4381e-04,-3.5704e-04,-4.7105e-04,-5.7119e-04,-6.3618e-04,-6.4084e-04,-5.5912e-04,-3.6955e-04,-6.8849e-05,3.1397e-04,7.0193e-04,9.6822e-04,9.6987e-04,6.5232e-04,2.0291e-04,8.5998e-05,5.5657e-04,6.5191e-04,-1.1432e-03,-1.3188e-03,1.0064e-02,2.3173e-02,-3.3568e-02,-1.1111e-01,3.0171e-01,6.1565e-01,9.3910e-01,6.9855e-01,6.9813e-01,6.0563e-01,5.0712e-01,4.3763e-01,3.8419e-01,3.3754e-01,2.9490e-01,2.5578e-01,2.2021e-01,1.8827e-01,1.5995e-01,1.3517e-01
-4.1954e-04,-5.2493e-04,-5.9164e-04,-6.2519e-04,-6.3086e-04,-6.1277e-04,-5.7670e-04,-5.2662e-04,-4.6675e-04,-4.0095e-04,-3.3296e-04,-2.6480e-04,-1.9941e-04,-1.3791e-04,-8.1666e-05,-3.0629e-05,1.4851e-05,5.6054e-05,9.3037e-05,1.2709e-04,1.5861e-04,1.8824e-04,2.1563e-04,2.4102e-04,2.6229e-04,2.7899e-04,2.8910e-04,2.9103e-04,2.8464e-04,2.6873e-04,2.4534e-04,2.1539e-04,1.8238e-04,1.4932e-04,1.2066e-04,9.9335e-05,8.9753e-05,9.3048e-05,1.1095e-04,1.4308e-04,1.8830e-04,2.4255e-04,3.0257e-04,3.6318e-04,4.2004e-04,4.6702e-04,5.0121e-04,5.1884e-04,5.1926e-04,5.0170e-04,4.6920e-04,4.2500e-04,3.7341e-04,3.1832e-04,2.6344e-04,2.0989e-04,1.5680e-04,1.0127e-04,3.8609e-05,-3.4750e-05,-1.2197e-04,-2.2315e-04,-3.3369e-04,-4.4502e-04,-5.4219e-04,-6.0484e-04,-6.0861e-04,-5.2601e-04,-3.3489e-04,-2.9150e-05,3.6520e-04,7.7086e-04,1.0545e-03,1.0581e-03,7.0600e-04,1.7577e-04,-4.9084e-05,3.1806e-04,3.1710e-04,-1.4543e-03,-1.0517e-03,1.1028e-02,2.2381e-02,-3.8131e-02,-1.0333e-01,3.0028e-01,6.0762e-01,9.6837e-01,6.5936e-01,6.9323e-01,6.0444e-01,5.0049e-01,4.2738e-01,3.7356e-01,3.2771e-01,2.8593e-01,2.4746e-01,2.1237e-01,1.8082e-01,1.5286e-01
-5.0898e-04,-5.9615e-04,-6.4780e-04,-6.6859e-04,-6.6396e-04,-6.3867e-04,-5.9706e-04,-5.4399e-04,-4.8323e-04,-4.1848e-04,-3.5300e-04,-2.8889e-04,-2.2783e-04,-1.7153e-04,-1.1999e-04,-7.3500e-05,-3.1956e-05,6.3702e-06,4.1993e-05,7.5655e-05,1.0850e-04,1.4026e-04,1.7183e-04,2.0132e-04,2.2807e-04,2.5020e-04,2.6651e-04,2.7510e-04,2.7519e-04,2.6694e-04,2.5110e-04,2.2959e-04,2.0544e-04,1.8192e-04,1.6308e-04,1.5207e-04,1.5171e-04,1.6455e-04,1.9085e-04,2.3031e-04,2.8070e-04,3.3956e-04,4.0192e-04,4.6432e-04,5.2096e-04,5.6716e-04,5.9916e-04,6.1399e-04,6.1019e-04,5.8814e-04,5.4996e-04,4.9955e-04,4.4151e-04,3.8082e-04,3.2144e-04,2.6600e-04,2.1482e-04,1.6607e-04,1.1511e-04,5.7351e-05,-1.1694e-05,-9.4881e-05,-1.9190e-04,-2.9863e-04,-4.0680e-04,-5.0282e-04,-5.6684e-04,-5.7405e-04,-4.9661e-04,-3.1013e-04,-5.0422e-06,3.9539e-04,8.1402e-04,1.1122e-03,1.1183e-03,7.3786e-04,1.4179e-04,-1.7124e-04,1.0143e-04,-2.3872e-05,-1.8401e-03,-9.4146e-04,1.1782e-02,2.1452e-02,-4.2069e-02,-9.3120e-02,2.9617e-01,5.9480e-01,1.0092e+00,6.1512e-01,6.8665e-01,6.0341e-01,4.9478e-01,4.1785e-01,3.6335e-01,3.1818e-01,2.7721e-01,2.3936e-01,2.0473e-01,1.7354e-01
-5.4766e-04,-6.2208e-04,-6.6322e-04,-6.7629e-04,-6.6624e-04,-6.3832e-04,-5.9648e-04,-5.4525e-04,-4.8799e-04,-4.2830e-04,-3.6855e-04,-3.1097e-04,-2.5726e-04,-2.0771e-04,-1.6269e-04,-1.2163e-04,-8.3754e-05,-4.8550e-05,-1.4160e-05,1.9850e-05,5.4728e-05,9.0068e-05,1.2576e-04,1.6095e-04,1.9385e-04,2.2262e-04,2.4566e-04,2.6155e-04,2.6910e-04,2.6845e-04,2.6102e-04,2.4794e-04,2.3267e-04,2.1839e-04,2.0901e-04,2.0690e-04,2.1529e-04,2.3548e-04,2.6799e-04,3.1225e-04,3.6616e-04,4.2628e-04,4.8921e-04,5.5029e-04,6.0452e-04,6.4781e-04,6.7626e-04,6.8678e-04,6.7834e-04,6.5147e-04,6.0835e-04,5.5236e-04,4.8902e-04,4.2356e-04,3.6049e-04,3.0382e-04,2.5501e-04,2.1244e-04,1.7271e-04,1.3075e-04,8.1269e-05,1.9625e-05,-5.7155e-05,-1.4900e-04,-2.5246e-04,-3.5981e-04,-4.5772e-04,-5.2780e-04,-5.4405e-04,-4.7773e-04,-3.0161e-04,-2.7325e-06,3.9850e-04,8.2676e-04,1.1385e-03,1.1499e-03,7.5234e-04,1.1127e-04,-2.6338e-04,-7.4070e-05,-3.5569e-04,-2.2933e-03,-9.9582e-04,1.2309e-02,2.0410e-02,-4.5190e-02,-8.0449e-02,2.8831e-01,5.7781e-01,1.0615e+00,5.6542e-01,6.7810e-01,6.0239e-01,4.9000e-01,4.0913e-01,3.5364e-01,3.0898e-01,2.6875e-01,2.3149e-01,1.9728e-01
-5.3433e-04,-6.0044e-04,-6.3652e-04,-6.4692e-04,-6.3700e-04,-6.1156e-04,-5.7405e-04,-5.2865e-04,-4.7896e-04,-4.2786e-04,-3.7726e-04,-3.2913e-04,-2.8409e-04,-2.4317e-04,-2.0541e-04,-1.7045e-04,-1.3728e-04,-1.0422e-04,-7.0581e-05,-3.5305e-05,1.9036e-06,4.1489e-05,8.2688e-05,1.2393e-04,1.6380e-04,2.0009e-04,2.3069e-04,2.5423e-04,2.6963e-04,2.7725e-04,2.7786e-04,2.7344e-04,2.6703e-04,2.6128e-04,2.5987e-04,2.6543e-04,2.8021e-04,3.0580e-04,3.4210e-04,3.8832e-04,4.4238e-04,5.0151e-04,5.6182e-04,6.1874e-04,6.6804e-04,7.0580e-04,7.2896e-04,7.3397e-04,7.2042e-04,6.8831e-04,6.4021e-04,5.7947e-04,5.1180e-04,4.4237e-04,3.7710e-04,3.2019e-04,2.7403e-04,2.3770e-04,2.0919e-04,1.8301e-04,1.5353e-04,1.1490e-04,6.2032e-05,-7.3463e-06,-9.4848e-05,-1.9697e-04,-3.0667e-04,-4.1196e-04,-4.9371e-04,-5.2560e-04,-4.7644e-04,-3.1645e-04,-2.8644e-05,3.7031e-04,8.0622e-04,1.1320e-03,1.1546e-03,7.5460e-04,9.4760e-05,-3.1041e-04,-1.9079e-04,-6.6224e-04,-2.8053e-03,-1.2206e-03,1.2590e-02,1.9263e-02,-4.7370e-02,-6.5379e-02,2.7554e-01,5.5788e-01,1.1242e+00,5.0997e-01,6.6733e-01,6.0124e-01,4.8609e-01,4.0128e-01,3.4449e-01,3.0013e-01,2.6056e-01,2.2384e-01
-4.6863e-04,-5.3150e-04,-5.6729e-04,-5.8061e-04,-5.7552e-04,-5.5696e-04,-5.2857e-04,-4.9361e-04,-4.5500e-04,-4.1523e-04,-3.7695e-04,-3.4002e-04,-3.0613e-04,-2.7437e-04,-2.4494e-04,-2.1617e-04,-1.8720e-04,-1.5657e-04,-1.2339e-04,-8.6324e-05,-4.5400e-05,-5.6066e-07,4.6905e-05,9.4933e-05,1.4252e-04,1.8638e-04,2.2520e-04,2.5683e-04,2.8054e-04,2.9614e-04,3.0484e-04,3.0886e-04,3.0997e-04,3.1205e-04,3.1723e-04,3.2859e-04,3.4796e-04,3.7619e-04,4.1307e-04,4.5805e-04,5.0925e-04,5.6369e-04,6.1764e-04,6.6789e-04,7.0943e-04,7.3970e-04,7.5516e-04,7.5311e-04,7.3298e-04,6.9543e-04,6.4249e-04,5.7758e-04,5.0653e-04,4.3439e-04,3.6805e-04,3.1186e-04,2.6886e-04,2.3961e-04,2.2235e-04,2.1192e-04,2.0254e-04,1.8805e-04,1.6125e-04,1.1786e-04,5.4339e-05,-3.0609e-05,-1.3500e-04,-2.5265e-04,-3.7108e-04,-4.7098e-04,-5.2487e-04,-4.9918e-04,-3.6014e-04,-8.7040e-05,3.0730e-04,7.5008e-04,1.0924e-03,1.1347e-03,7.4983e-04,1.0065e-04,-2.9944e-04,-2.3374e-04,-9.2898e-04,-3.3650e-03,-1.6171e-03,1.2607e-02,1.8000e-02,-4.8553e-02,-4.8109e-02,2.5685e-01,5.3664e-01,1.1958e+00,4.4874e-01,6.5401e-01,5.9985e-01,4.8302e-01,3.9435e-01,3.3597e-01,2.9170e-01,2.5266e-01
-3.5091e-04,-4.1591e-04,-4.5690e-04,-4.7749e-04,-4.8238e-04,-4.7517e-04,-4.5983e-04,-4.3852e-04,-4.1454e-04,-3.8986e-04,-3.6536e-04,-3.4215e-04,-3.1997e-04,-2.9869e-04,-2.7765e-04,-2.5563e-04,-2.3054e-04,-2.0160e-04,-1.6782e-04,-1.2816e-04,-8.2597e-05,-3.2064e-05,2.2119e-05,7.8442e-05,1.3389e-04,1.8662e-04,2.3357e-04,2.7362e-04,3.0538e-04,3.2886e-04,3.4516e-04,3.5646e-04,3.6454e-04,3.7247e-04,3.8303e-04,3.9768e-04,4.1817e-04,4.4618e-04,4.8077e-04,5.2105e-04,5.6578e-04,6.1207e-04,6.5650e-04,6.9634e-04,7.2776e-04,7.4755e-04,7.5324e-04,7.4247e-04,7.1498e-04,6.7075e-04,6.1266e-04,5.4421e-04,4.7052e-04,3.9691e-04,3.3052e-04,2.7614e-04,2.3735e-04,2.1586e-04,2.0995e-04,2.1584e-04,2.2705e-04,2.3670e-04,2.3755e-04,2.2326e-04,1.8794e-04,1.2765e-04,4.0842e-05,-7.0833e-05,-2.0205e-04,-3.4023e-04,-4.6516e-04,-5.4751e-04,-5.5032e-04,-4.3624e-04,-1.8090e-04,2.0751e-04,6.5814e-04,1.0209e-03,1.0919e-03,7.4146e-04,1.3554e-04,-2.2226e-04,-1.9230e-04,-1.1427e-03,-3.9593e-03,-2.1830e-03,1.2339e-02,1.6597e-02,-4.8752e-02,-2.8971e-02,2.3171e-01,5.1583e-01,1.2743e+00,3.8230e-01,6.3781e-01,5.9807e-01,4.8072e-01,3.8836e-01,3.2812e-01,2.8371e-01
-1.8369e-04,-2.5593e-04,-3.0642e-04,-3.3919e-04,-3.5832e-04,-3.6664e-04,-3.6755e-04,-3.6386e-04,-3.5707e-04,-3.4919e-04,-3.4048e-04,-3.3200e-04,-3.2334e-04,-3.1322e-04,-3.0073e-04,-2.8464e-04,-2.6343e-04,-2.3567e-04,-2.0026e-04,-1.5698e-04,-1.0640e-04,-4.8999e-05,1.3188e-05,7.7933e-05,1.4207e-04,2.0335e-04,2.5916e-04,3.0707e-04,3.4685e-04,3.7801e-04,4.0143e-04,4.1896e-04,4.3259e-04,4.4469e-04,4.5749e-04,4.7309e-04,4.9227e-04,5.1651e-04,5.4510e-04,5.7740e-04,6.1166e-04,6.4616e-04,6.7746e-04,7.0401e-04,7.2171e-04,7.2869e-04,7.2197e-04,7.0098e-04,6.6422e-04,6.1313e-04,5.4962e-04,4.7720e-04,4.0120e-04,3.2738e-04,2.6216e-04,2.1082e-04,1.7763e-04,1.6455e-04,1.7111e-04,1.9317e-04,2.2543e-04,2.5987e-04,2.8898e-04,3.0504e-04,3.0105e-04,2.7138e-04,2.1091e-04,1.1762e-04,-7.9274e-06,-1.5959e-04,-3.2527e-04,-4.8195e-04,-5.9825e-04,-6.3434e-04,-5.4850e-04,-3.1228e-04,6.9715e-05,5.2989e-04,9.1778e-04,1.0280e-03,7.3259e-04,2.0253e-04,-7.5685e-05,-6.1318e-05,-1.2933e-03,-4.5744e-03,-2.9116e-03,1.1768e-02,1.5023e-02,-4.8045e-02,-8.4351e-03,2.0036e-01,4.9697e-01,1.3577e+00,3.1222e-01,6.1830e-01,5.9580e-01,4.7914e-01,3.8335e-01,3.2101e-01
3.0689e-05,-5.3592e-05,-1.1829e-04,-1.6767e-04,-2.0454e-04,-2.3203e-04,-2.5306e-04,-2.6913e-04,-2.8184e-04,-2.9293e-04,-3.0195e-04,-3.0924e-04,-3.1418e-04,-3.1517e-04,-3.1134e-04,-3.0066e-04,-2.8234e-04,-2.5482e-04,-2.1741e-04,-1.6946e-04,-1.1241e-04,-4.7328e-05,2.3302e-05,9.6781e-05,1.7053e-04,2.4052e-04,3.0477e-04,3.6117e-04,4.0844e-04,4.4664e-04,4.7594e-04,4.9857e-04,5.1581e-04,5.3013e-04,5.4274e-04,5.5602e-04,5.7059e-04,5.8765e-04,6.0661e-04,6.2679e-04,6.4691e-04,6.6561e-04,6.8071e-04,6.8995e-04,6.9130e-04,6.8229e-04,6.6156e-04,6.2764e-04,5.8049e-04,5.2110e-04,4.5163e-04,3.7545e-04,2.9763e-04,2.2413e-04,1.6057e-04,1.1355e-04,8.7282e-05,8.4152e-05,1.0359e-04,1.4277e-04,1.9615e-04,2.5597e-04,3.1433e-04,3.6211e-04,3.9164e-04,3.9532e-04,3.6688e-04,3.0115e-04,1.9477e-04,4.8796e-05,-1.3116e-04,-3.3047e-04,-5.2512e-04,-6.8066e-04,-7.5353e-04,-6.9853e-04,-4.8225e-04,-1.0564e-04,3.6603e-04,7.8415e-04,9.4450e-04,7.2379e-04,3.0066e-04,1.3872e-04,1.5858e-04,-1.3744e-03,-5.1953e-03,-3.7912e-03,1.0884e-02,1.3247e-02,-4.6557e-02,1.2906e-02,1.6391e-01,4.8126e-01,1.4444e+00,2.4167e-01,5.9502e-01,5.9287e-01,4.7820e-01,3.7930e-01
2.8739e-04,1.8770e-04,1.0455e-04,3.5429e-05,-2.2780e-05,-7.2490e-05,-1.1621e-04,-1.5422e-04,-1.8876e-04,-2.1968e-04,-2.4780e-04,-2.7128e-04,-2.8978e-04,-3.0196e-04,-3.0631e-04,-3.0071e-04,-2.8429e-04,-2.5602e-04,-2.1500e-04,-1.6187e-04,-9.7463e-05,-2.4036e-05,5.5866e-05,1.3908e-04,2.2209e-04,3.0115e-04,3.7426e-04,4.3838e-04,4.9289e-04,5.3686e-04,5.7117e-04,5.9702e-04,6.1578e-04,6.2936e-04,6.3956e-04,6.4762e-04,6.5400e-04,6.5991e-04,6.6519e-04,6.6948e-04,6.7176e-04,6.7114e-04,6.6622e-04,6.5545e-04,6.3704e-04,6.0925e-04,5.7180e-04,5.2306e-04,4.6377e-04,3.9462e-04,3.1812e-04,2.3785e-04,1.5845e-04,8.5479e-05,2.5142e-05,-1.6566e-05,-3.5005e-05,-2.7597e-05,5.6904e-06,6.3080e-05,1.3865e-04,2.2457e-04,3.1217e-04,3.9279e-04,4.5699e-04,4.9695e-04,5.0441e-04,4.7213e-04,3.9494e-04,2.6907e-04,9.5271e-05,-1.1957e-04,-3.5956e-04,-5.9821e-04,-7.9726e-04,-9.0993e-04,-8.8682e-04,-6.9048e-04,-3.1795e-04,1.6840e-04,6.2178e-04,8.4130e-04,7.1320e-04,4.2574e-04,4.1332e-04,4.6054e-04,-1.3845e-03,-5.8085e-03,-4.8072e-03,9.6827e-03,1.1243e-02,-4.4456e-02,3.4370e-02,1.2406e-01,4.6944e-01,1.5330e+00,1.7624e-01,5.6742e-01,5.8914e-01,4.7785e-01
5.8350e-04,4.6461e-04,3.5990e-04,2.6723e-04,1.8481e-04,1.0998e-04,4.2293e-05,-2.0243e-05,-7.7643e-05,-1.2968e-04,-1.7646e-04,-2.1680e-04,-2.4918e-04,-2.7149e-04,-2.8336e-04,-2.8191e-04,-2.6654e-04,-2.3610e-04,-1.9043e-04,-1.3079e-04,-5.8318e-05,2.4548e-05,1.1448e-04,2.0766e-04,3.0009e-04,3.8864e-04,4.7003e-04,5.4158e-04,6.0225e-04,6.5123e-04,6.8898e-04,7.1601e-04,7.3421e-04,7.4478e-04,7.4905e-04,7.4772e-04,7.4257e-04,7.3374e-04,7.2153e-04,7.0585e-04,6.8653e-04,6.6319e-04,6.3461e-04,6.0003e-04,5.5903e-04,5.1008e-04,4.5317e-04,3.8768e-04,3.1439e-04,2.3410e-04,1.5013e-04,6.4993e-05,-1.6298e-05,-8.8321e-05,-1.4522e-04,-1.8090e-04,-1.9055e-04,-1.7169e-04,-1.2286e-04,-4.7190e-05,5.1027e-05,1.6361e-04,2.8184e-04,3.9603e-04,4.9687e-04,5.7444e-04,6.2050e-04,6.2623e-04,5.8480e-04,4.8911e-04,3.3635e-04,1.2736e-04,-1.2918e-04,-4.1594e-04,-7.0322e-04,-9.4960e-04,-1.1038e-03,-1.1130e-03,-9.3585e-04,-5.6577e-04,-6.2279e-05,4.3107e-04,7.1814e-04,6.9804e-04,5.7014e-04,7.3683e-04,8.3258e-04,-1.3274e-03,-6.4028e-03,-5.9415e-03,8.1727e-03,8.9907e-03,-4.1928e-02,5.5226e-02,8.2798e-02,4.6185e-01,1.6223e+00,1.2433e-01,5.3486e-01,5.8442e-01
9.1518e-04,7.7336e-04,6.4402e-04,5.2575e-04,4.1663e-04,3.1513e-04,2.2122e-04,1.3310e-04,5.2018e-05,-2.1905e-05,-8.7818e-05,-1.4438e-04,-1.8981e-04,-2.2212e-04,-2.4009e-04,-2.4166e-04,-2.2599e-04,-1.9248e-04,-1.4104e-04,-7.3634e-05,8.2497e-06,1.0150e-04,2.0177e-04,3.0538e-04,4.0771e-04,5.0517e-04,5.9449e-04,6.7284e-04,7.3882e-04,7.9138e-04,8.3048e-04,8.5697e-04,8.7203e-04,8.7614e-04,8.7138e-04,8.5797e-04,8.3715e-04,8.0983e-04,7.7634e-04,7.3700e-04,6.9219e-04,6.4207e-04,5.8668e-04,5.2552e-04,4.5839e-04,3.8569e-04,3.0685e-04,2.2265e-04,1.3345e-04,4.0935e-05,-5.2325e-05,-1.4314e-04,-2.2660e-04,-2.9757e-04,-3.5070e-04,-3.7989e-04,-3.8038e-04,-3.4880e-04,-2.8433e-04,-1.8894e-04,-6.7113e-05,7.2617e-05,2.2226e-04,3.7117e-04,5.0910e-04,6.2628e-04,7.1316e-04,7.6032e-04,7.5872e-04,7.0095e-04,5.8030e-04,3.9316e-04,1.4201e-04,-1.6309e-04,-5.0166e-04,-8.4152e-04,-1.1373e-03,-1.3342e-03,-1.3759e-03,-1.2166e-03,-8.4719e-04,-3.2386e-04,2.1243e-04,5.7353e-04,6.7305e-04,7.2379e-04,1.0930e-03,1.2570e-03,-1.2113e-03,-6.9695e-03,-7.1736e-03,6.3702e-03,6.4810e-03,-3.9169e-02,7.4769e-02,4.1953e-02,4.5855e-01,1.7116e+00,9.6782e-02,4.9666e-01
1.2776e-03,1.1104e-03,9.5467e-04,8.0835e-04,6.7072e-04,5.4147e-04,4.1956e-04,3.0579e-04,2.0050e-04,1.0483e-04,1.9714e-05,-5.2584e-05,-1.1001e-04,-1.5138e-04,-1.7397e-04,-1.7723e-04,-1.5963e-04,-1.2127e-04,-6.3060e-05,1.3530e-05,1.0550e-04,2.0932e-04,3.2066e-04,4.3497e-04,5.4735e-04,6.5389e-04,7.5056e-04,8.3482e-04,9.0461e-04,9.5906e-04,9.9772e-04,1.0214e-03,1.0302e-03,1.0255e-03,1.0076e-03,9.7841e-04,9.3836e-04,8.8853e-04,8.2994e-04,7.6326e-04,6.8927e-04,6.0921e-04,5.2342e-04,4.3247e-04,3.3717e-04,2.3751e-04,1.3444e-04,2.8770e-05,-7.7862e-05,-1.8437e-04,-2.8787e-04,-3.8485e-04,-4.7181e-04,-5.4226e-04,-5.9168e-04,-6.1411e-04,-6.0424e-04,-5.5946e-04,-4.7825e-04,-3.6278e-04,-2.1720e-04,-4.8921e-05,1.3240e-04,3.1697e-04,4.9315e-04,6.5118e-04,7.8051e-04,8.7116e-04,9.1353e-04,8.9894e-04,8.1793e-04,6.6457e-04,4.3637e-04,1.3679e-04,-2.2234e-04,-6.1731e-04,-1.0126e-03,-1.3596e-03,-1.5999e-03,-1.6727e-03,-1.5300e-03,-1.1593e-03,-6.1466e-04,-3.3405e-05,4.0525e-04,6.3181e-04,8.7399e-04,1.4624e-03,1.7126e-03,-1.0502e-03,-7.5049e-03,-8.4834e-03,4.2996e-03,3.7143e-03,-3.6369e-02,9.2370e-02,2.9615e-03,4.5933e-01,1.8001e+00,1.0466e-01
1.6669e-03,1.4729e-03,1.2885e-03,1.1125e-03,9.4564e-04,7.8694e-04,6.3738e-04,4.9715e-04,3.6812e-04,2.5070e-04,1.4752e-04,6.0836e-05,-8.2552e-06,-5.6678e-05,-8.3262e-05,-8.6159e-05,-6.5301e-05,-2.0947e-05,4.5978e-05,1.3246e-04,2.3601e-04,3.5140e-04,4.7406e-04,5.9939e-04,7.2159e-04,8.3632e-04,9.3992e-04,1.0287e-03,1.1012e-03,1.1557e-03,1.1921e-03,1.2100e-03,1.2097e-03,1.1925e-03,1.1587e-03,1.1100e-03,1.0469e-03,9.7083e-04,8.8326e-04,7.8538e-04,6.7906e-04,5.6554e-04,4.4639e-04,3.2271e-04,1.9596e-04,6.7266e-05,-6.2207e-05,-1.9080e-04,-3.1733e-04,-4.3970e-04,-5.5513e-04,-6.5992e-04,-7.5006e-04,-8.2060e-04,-8.6666e-04,-8.8207e-04,-8.6204e-04,-8.0402e-04,-7.0599e-04,-5.6950e-04,-3.9937e-04,-2.0244e-04,1.1826e-05,2.3263e-04,4.4830e-04,6.4811e-04,8.2130e-04,9.5732e-04,1.0465e-03,1.0783e-03,1.0430e-03,9.3195e-04,7.3978e-04,4.6369e-04,1.0942e-04,-3.0802e-04,-7.6307e-04,-1.2162e-03,-1.6151e-03,-1.8980e-03,-2.0011e-03,-1.8734e-03,-1.5003e-03,-9.3353e-04,-3.0685e-04,2.0980e-04,5.6661e-04,1.0063e-03,1.8244e-03,2.1749e-03,-8.6097e-04,-8.0080e-03,-9.8513e-03,1.9916e-03,6.9911e-04,-3.3702e-02,1.0755e-01,-3.3235e-02,4.6383e-01,1.8874e+00
2.0805e-03,1.8580e-03,1.6438e-03,1.4376e-03,1.2402e-03,1.0522e-03,8.7448e-04,7.0824e-04,5.5519e-04,4.1737e-04,2.9699e-04,1.9667e-04,1.1831e-04,6.3812e-05,3.5707e-05,3.4126e-05,6.0121e-05,1.1249e-04,1.8866e-04,2.8670e-04,4.0197e-04,5.2975e-04,6.6448e-04,8.0069e-04,9.3236e-04,1.0550e-03,1.1644e-03,1.2568e-03,1.3302e-03,1.3829e-03,1.4140e-03,1.4234e-03,1.4113e-03,1.3782e-03,1.3252e-03,1.2527e-03,1.1630e-03,1.0571e-03,9.3717e-04,8.0516e-04,6.6282e-04,5.1250e-04,3.5695e-04,1.9794e-04,3.7197e-05,-1.2287e-04,-2.8100e-04,-4.3506e-04,-5.8319e-04,-7.2281e-04,-8.5134e-04,-9.6515e-04,-1.0602e-03,-1.1319e-03,-1.1747e-03,-1.1837e-03,-1.1538e-03,-1.0820e-03,-9.6707e-04,-8.0943e-04,-6.1403e-04,-3.8793e-04,-1.4042e-04,1.1711e-04,3.7316e-04,6.1588e-04,8.3438e-04,1.0177e-03,1.1550e-03,1.2364e-03,1.2510e-03,1.1887e-03,1.0411e-03,8.0275e-04,4.7340e-04,5.9826e-05,-4.2032e-04,-9.3768e-04,-1.4497e-03,-1.9005e-03,-2.2253e-03,-2.3572e-03,-2.2434e-03,-1.8670e-03,-1.2785e-03,-6.0820e-04,-1.6129e-05,4.6858e-04,1.1059e-03,2.1555e-03,2.6179e-03,-6.6442e-04,-8.4830e-03,-1.1259e-02,-5.1992e-04,-2.5480e-03,-3.1320e-02,1.2001e-01,-6.6142e-02,4.7163e-01
