-8.6716e-04,-3.6081e-04,-6.2607e-05,9.1068e-05,1.5841e-04,1.8574e-04,2.0456e-04,2.3224e-04,2.7502e-04,3.3267e-04,4.0191e-04,4.7904e-04,5.6117e-04,6.4657e-04,7.3426e-04,8.2376e-04,9.1485e-04,1.0072e-03,1.1004e-03,1.1938e-03,1.2868e-03,1.3786e-03,1.4683e-03,1.5553e-03,1.6388e-03,1.7182e-03,1.7930e-03,1.8629e-03,1.9274e-03,1.9866e-03,2.0403e-03,2.0884e-03,2.1312e-03,2.1687e-03,2.2011e-03,2.2288e-03,2.2519e-03,2.2707e-03,2.2856e-03,2.2968e-03,2.3046e-03,2.3095e-03,2.3115e-03,2.3110e-03,2.3083e-03,2.3035e-03,2.2969e-03,2.2888e-03,2.2792e-03,2.2684e-03,2.2564e-03,2.2436e-03,2.2299e-03,2.2155e-03,2.2004e-03,2.1847e-03,2.1686e-03,2.1519e-03,2.1350e-03,2.1176e-03,2.0998e-03,2.0816e-03,2.0631e-03,2.0440e-03,2.0247e-03,2.0047e-03,1.9843e-03,1.9632e-03,1.9415e-03,1.9191e-03,1.8957e-03,1.8715e-03,1.8463e-03,1.8199e-03,1.7923e-03,1.7635e-03,1.7332e-03,1.7015e-03,1.6682e-03,1.6332e-03,1.5965e-03,1.5579e-03,1.5174e-03,1.4752e-03,1.4311e-03,1.3848e-03,1.3367e-03,1.2867e-03,1.2346e-03,1.1807e-03,1.1249e-03,1.0676e-03,1.0084e-03,9.4772e-04,8.8550e-04,8.2201e-04,7.5752e-04,6.9188e-04,6.2566e-04,5.5876e-04
-8.9189e-04,-2.0877e-04,2.1428e-04,4.4052e-04,5.3384e-04,5.5102e-04,5.3601e-04,5.1749e-04,5.1030e-04,5.1904e-04,5.4238e-04,5.7681e-04,6.1867e-04,6.6530e-04,7.1522e-04,7.6762e-04,8.2225e-04,8.7883e-04,9.3718e-04,9.9688e-04,1.0574e-03,1.1182e-03,1.1783e-03,1.2373e-03,1.2942e-03,1.3487e-03,1.4001e-03,1.4479e-03,1.4919e-03,1.5320e-03,1.5678e-03,1.5995e-03,1.6270e-03,1.6504e-03,1.6700e-03,1.6858e-03,1.6982e-03,1.7073e-03,1.7135e-03,1.7169e-03,1.7178e-03,1.7165e-03,1.7132e-03,1.7082e-03,1.7016e-03,1.6936e-03,1.6845e-03,1.6743e-03,1.6633e-03,1.6515e-03,1.6392e-03,1.6263e-03,1.6130e-03,1.5995e-03,1.5856e-03,1.5716e-03,1.5574e-03,1.5431e-03,1.5287e-03,1.5142e-03,1.4997e-03,1.4850e-03,1.4703e-03,1.4555e-03,1.4405e-03,1.4254e-03,1.4100e-03,1.3943e-03,1.3783e-03,1.3619e-03,1.3449e-03,1.3273e-03,1.3091e-03,1.2901e-03,1.2703e-03,1.2494e-03,1.2277e-03,1.2047e-03,1.1806e-03,1.1553e-03,1.1285e-03,1.1004e-03,1.0710e-03,1.0400e-03,1.0075e-03,9.7350e-04,9.3802e-04,9.0108e-04,8.6274e-04,8.2283e-04,7.8170e-04,7.3928e-04,6.9579e-04,6.5115e-04,6.0565e-04,5.5935e-04,5.1241e-04,4.6523e-04,4.1770e-04,3.7018e-04
-8.3447e-04,6.5200e-05,6.5667e-04,9.9779e-04,1.1532e-03,1.1866e-03,1.1534e-03,1.0949e-03,1.0371e-03,9.9270e-04,9.6461e-04,9.5075e-04,9.4735e-04,9.5090e-04,9.5901e-04,9.7035e-04,9.8434e-04,1.0008e-03,1.0197e-03,1.0410e-03,1.0641e-03,1.0886e-03,1.1141e-03,1.1398e-03,1.1652e-03,1.1895e-03,1.2123e-03,1.2332e-03,1.2517e-03,1.2675e-03,1.2807e-03,1.2910e-03,1.2985e-03,1.3031e-03,1.3051e-03,1.3045e-03,1.3016e-03,1.2965e-03,1.2894e-03,1.2805e-03,1.2701e-03,1.2584e-03,1.2455e-03,1.2317e-03,1.2170e-03,1.2017e-03,1.1859e-03,1.1697e-03,1.1533e-03,1.1367e-03,1.1201e-03,1.1035e-03,1.0870e-03,1.0707e-03,1.0546e-03,1.0387e-03,1.0231e-03,1.0078e-03,9.9283e-04,9.7821e-04,9.6397e-04,9.5001e-04,9.3636e-04,9.2306e-04,9.1000e-04,8.9713e-04,8.8441e-04,8.7190e-04,8.5945e-04,8.4702e-04,8.3444e-04,8.2176e-04,8.0886e-04,7.9573e-04,7.8217e-04,7.6822e-04,7.5367e-04,7.3855e-04,7.2268e-04,7.0619e-04,6.8887e-04,6.7068e-04,6.5165e-04,6.3163e-04,6.1065e-04,5.8895e-04,5.6606e-04,5.4250e-04,5.1793e-04,4.9259e-04,4.6644e-04,4.3964e-04,4.1247e-04,3.8476e-04,3.5677e-04,3.2867e-04,3.0065e-04,2.7273e-04,2.4536e-04,2.1857e-04
-7.2472e-04,4.2579e-04,1.2272e-03,1.7279e-03,1.9878e-03,2.0727e-03,2.0459e-03,1.9610e-03,1.8571e-03,1.7575e-03,1.6728e-03,1.6045e-03,1.5500e-03,1.5053e-03,1.4671e-03,1.4330e-03,1.4023e-03,1.3743e-03,1.3493e-03,1.3270e-03,1.3076e-03,1.2908e-03,1.2761e-03,1.2632e-03,1.2514e-03,1.2401e-03,1.2290e-03,1.2174e-03,1.2050e-03,1.1916e-03,1.1768e-03,1.1607e-03,1.1430e-03,1.1239e-03,1.1033e-03,1.0815e-03,1.0584e-03,1.0342e-03,1.0092e-03,9.8344e-04,9.5711e-04,9.3043e-04,9.0347e-04,8.7641e-04,8.4936e-04,8.2240e-04,7.9580e-04,7.6948e-04,7.4363e-04,7.1821e-04,6.9347e-04,6.6936e-04,6.4580e-04,6.2305e-04,6.0105e-04,5.7983e-04,5.5940e-04,5.3987e-04,5.2114e-04,5.0330e-04,4.8626e-04,4.7004e-04,4.5467e-04,4.4010e-04,4.2637e-04,4.1328e-04,4.0107e-04,3.8937e-04,3.7829e-04,3.6785e-04,3.5790e-04,3.4841e-04,3.3925e-04,3.3043e-04,3.2181e-04,3.1330e-04,3.0504e-04,2.9671e-04,2.8839e-04,2.7993e-04,2.7134e-04,2.6257e-04,2.5368e-04,2.4442e-04,2.3499e-04,2.2532e-04,2.1540e-04,2.0529e-04,1.9506e-04,1.8464e-04,1.7429e-04,1.6410e-04,1.5391e-04,1.4407e-04,1.3468e-04,1.2597e-04,1.1802e-04,1.1097e-04,1.0509e-04,1.0066e-04
-5.8807e-04,8.3983e-04,1.8873e-03,2.5908e-03,3.0009e-03,3.1796e-03,3.1935e-03,3.1052e-03,2.9667e-03,2.8146e-03,2.6699e-03,2.5412e-03,2.4289e-03,2.3298e-03,2.2399e-03,2.1558e-03,2.0759e-03,1.9990e-03,1.9253e-03,1.8548e-03,1.7877e-03,1.7240e-03,1.6637e-03,1.6063e-03,1.5516e-03,1.4990e-03,1.4481e-03,1.3984e-03,1.3495e-03,1.3011e-03,1.2530e-03,1.2049e-03,1.1568e-03,1.1086e-03,1.0603e-03,1.0120e-03,9.6376e-04,9.1565e-04,8.6776e-04,8.2027e-04,7.7327e-04,7.2689e-04,6.8124e-04,6.3642e-04,5.9252e-04,5.4959e-04,5.0783e-04,4.6708e-04,4.2767e-04,3.8946e-04,3.5249e-04,3.1690e-04,2.8263e-04,2.4969e-04,2.1822e-04,1.8815e-04,1.5952e-04,1.3233e-04,1.0655e-04,8.2284e-05,5.9508e-05,3.8125e-05,1.8254e-05,-2.3842e-07,-1.7352e-05,-3.3032e-05,-4.7319e-05,-6.0234e-05,-7.1984e-05,-8.2359e-05,-9.1631e-05,-9.9659e-05,-1.0671e-04,-1.1269e-04,-1.1759e-04,-1.2172e-04,-1.2491e-04,-1.2740e-04,-1.2906e-04,-1.2999e-04,-1.3040e-04,-1.2995e-04,-1.2913e-04,-1.2765e-04,-1.2558e-04,-1.2296e-04,-1.1969e-04,-1.1582e-04,-1.1124e-04,-1.0599e-04,-9.9853e-05,-9.2734e-05,-8.4717e-05,-7.5497e-05,-6.5014e-05,-5.3030e-05,-3.9466e-05,-2.4088e-05,-6.7130e-06,1.2949e-05
-4.4437e-04,1.2787e-03,2.6004e-03,3.5446e-03,4.1498e-03,4.4691e-03,4.5658e-03,4.5072e-03,4.3554e-03,4.1604e-03,3.9567e-03,3.7629e-03,3.5859e-03,3.4252e-03,3.2771e-03,3.1375e-03,3.0034e-03,2.8731e-03,2.7461e-03,2.6224e-03,2.5025e-03,2.3865e-03,2.2747e-03,2.1671e-03,2.0635e-03,1.9635e-03,1.8667e-03,1.7729e-03,1.6815e-03,1.5923e-03,1.5050e-03,1.4193e-03,1.3351e-03,1.2523e-03,1.1709e-03,1.0908e-03,1.0121e-03,9.3478e-04,8.5900e-04,7.8471e-04,7.1220e-04,6.4128e-04,5.7222e-04,5.0505e-04,4.3965e-04,3.7632e-04,3.1490e-04,2.5556e-04,1.9824e-04,1.4302e-04,8.9884e-05,3.8870e-05,-1.0073e-05,-5.6848e-05,-1.0147e-04,-1.4398e-04,-1.8432e-04,-2.2243e-04,-2.5846e-04,-2.9226e-04,-3.2390e-04,-3.5327e-04,-3.8056e-04,-4.0567e-04,-4.2863e-04,-4.4930e-04,-4.6792e-04,-4.8444e-04,-4.9880e-04,-5.1115e-04,-5.2152e-04,-5.2979e-04,-5.3616e-04,-5.4064e-04,-5.4333e-04,-5.4408e-04,-5.4327e-04,-5.4052e-04,-5.3633e-04,-5.3037e-04,-5.2289e-04,-5.1378e-04,-5.0310e-04,-4.9094e-04,-4.7720e-04,-4.6195e-04,-4.4518e-04,-4.2672e-04,-4.0662e-04,-3.8483e-04,-3.6129e-04,-3.3582e-04,-3.0836e-04,-2.7877e-04,-2.4697e-04,-2.1268e-04,-1.7582e-04,-1.3623e-04,-9.3866e-05,-4.8116e-05
-3.0749e-04,1.7199e-03,3.3345e-03,4.5493e-03,5.3895e-03,5.8957e-03,6.1228e-03,6.1359e-03,6.0026e-03,5.7843e-03,5.5294e-03,5.2698e-03,5.0223e-03,4.7924e-03,4.5784e-03,4.3765e-03,4.1825e-03,3.9936e-03,3.8085e-03,3.6268e-03,3.4488e-03,3.2752e-03,3.1063e-03,2.9424e-03,2.7836e-03,2.6300e-03,2.4811e-03,2.3368e-03,2.1967e-03,2.0605e-03,1.9278e-03,1.7985e-03,1.6724e-03,1.5492e-03,1.4289e-03,1.3115e-03,1.1969e-03,1.0851e-03,9.7609e-04,8.7000e-04,7.6677e-04,6.6641e-04,5.6904e-04,4.7463e-04,3.8315e-04,2.9476e-04,2.0931e-04,1.2691e-04,4.7483e-05,-2.8942e-05,-1.0234e-04,-1.7279e-04,-2.4023e-04,-3.0467e-04,-3.6611e-04,-4.2464e-04,-4.8004e-04,-5.3253e-04,-5.8205e-04,-6.2852e-04,-6.7198e-04,-7.1233e-04,-7.4977e-04,-7.8402e-04,-8.1538e-04,-8.4353e-04,-8.6878e-04,-8.9093e-04,-9.1002e-04,-9.2611e-04,-9.3929e-04,-9.4948e-04,-9.5670e-04,-9.6108e-04,-9.6254e-04,-9.6116e-04,-9.5695e-04,-9.4997e-04,-9.4031e-04,-9.2786e-04,-9.1283e-04,-8.9514e-04,-8.7482e-04,-8.5175e-04,-8.2615e-04,-7.9785e-04,-7.6694e-04,-7.3321e-04,-6.9674e-04,-6.5746e-04,-6.1538e-04,-5.7024e-04,-5.2205e-04,-4.7054e-04,-4.1571e-04,-3.5756e-04,-2.9559e-04,-2.2989e-04,-1.6008e-04,-8.6129e-05
-1.8568e-04,2.1475e-03,4.0644e-03,5.5695e-03,6.6762e-03,7.4111e-03,7.8166e-03,7.9496e-03,7.8767e-03,7.6658e-03,7.3773e-03,7.0580e-03,6.7378e-03,6.4316e-03,6.1434e-03,5.8711e-03,5.6102e-03,5.3567e-03,5.1082e-03,4.8634e-03,4.6224e-03,4.3857e-03,4.1539e-03,3.9278e-03,3.7078e-03,3.4940e-03,3.2866e-03,3.0853e-03,2.8900e-03,2.7003e-03,2.5160e-03,2.3368e-03,2.1625e-03,1.9929e-03,1.8279e-03,1.6674e-03,1.5112e-03,1.3593e-03,1.2117e-03,1.0683e-03,9.2927e-04,7.9439e-04,6.6371e-04,5.3722e-04,4.1491e-04,2.9675e-04,1.8270e-04,7.2822e-05,-3.3095e-05,-1.3493e-04,-2.3270e-04,-3.2654e-04,-4.1635e-04,-5.0230e-04,-5.8426e-04,-6.6227e-04,-7.3631e-04,-8.0650e-04,-8.7265e-04,-9.3486e-04,-9.9311e-04,-1.0473e-03,-1.0975e-03,-1.1437e-03,-1.1858e-03,-1.2239e-03,-1.2579e-03,-1.2879e-03,-1.3137e-03,-1.3354e-03,-1.3530e-03,-1.3665e-03,-1.3761e-03,-1.3814e-03,-1.3828e-03,-1.3802e-03,-1.3735e-03,-1.3628e-03,-1.3482e-03,-1.3297e-03,-1.3074e-03,-1.2810e-03,-1.2509e-03,-1.2168e-03,-1.1787e-03,-1.1368e-03,-1.0909e-03,-1.0412e-03,-9.8741e-04,-9.2960e-04,-8.6755e-04,-8.0126e-04,-7.3068e-04,-6.5580e-04,-5.7614e-04,-4.9194e-04,-4.0274e-04,-3.0870e-04,-2.0929e-04,-1.0455e-04
-8.2470e-05,2.5519e-03,4.7720e-03,6.5772e-03,7.9713e-03,8.9681e-03,9.5957e-03,9.8982e-03,9.9345e-03,9.7724e-03,9.4800e-03,9.1170e-03,8.7284e-03,8.3422e-03,7.9718e-03,7.6199e-03,7.2835e-03,6.9582e-03,6.6402e-03,6.3269e-03,6.0176e-03,5.7125e-03,5.4124e-03,5.1182e-03,4.8306e-03,4.5503e-03,4.2777e-03,4.0127e-03,3.7554e-03,3.5056e-03,3.2630e-03,3.0274e-03,2.7986e-03,2.5764e-03,2.3604e-03,2.1508e-03,1.9472e-03,1.7495e-03,1.5577e-03,1.3717e-03,1.1913e-03,1.0167e-03,8.4773e-04,6.8416e-04,5.2620e-04,3.7359e-04,2.2637e-04,8.4471e-05,-5.2214e-05,-1.8370e-04,-3.1006e-04,-4.3129e-04,-5.4742e-04,-6.5855e-04,-7.6469e-04,-8.6579e-04,-9.6188e-04,-1.0529e-03,-1.1390e-03,-1.2200e-03,-1.2960e-03,-1.3669e-03,-1.4326e-03,-1.4932e-03,-1.5486e-03,-1.5988e-03,-1.6437e-03,-1.6833e-03,-1.7177e-03,-1.7468e-03,-1.7704e-03,-1.7887e-03,-1.8017e-03,-1.8094e-03,-1.8116e-03,-1.8085e-03,-1.8001e-03,-1.7864e-03,-1.7673e-03,-1.7429e-03,-1.7132e-03,-1.6782e-03,-1.6378e-03,-1.5922e-03,-1.5413e-03,-1.4851e-03,-1.4236e-03,-1.3566e-03,-1.2843e-03,-1.2065e-03,-1.1231e-03,-1.0342e-03,-9.3943e-04,-8.3902e-04,-7.3262e-04,-6.2015e-04,-5.0152e-04,-3.7648e-04,-2.4507e-04,-1.0688e-04
1.7881e-06,2.9288e-03,5.4465e-03,7.5521e-03,9.2436e-03,1.0525e-02,1.1409e-02,1.1927e-02,1.2123e-02,1.2060e-02,1.1805e-02,1.1426e-02,1.0984e-02,1.0520e-02,1.0062e-02,9.6219e-03,9.2003e-03,8.7943e-03,8.3991e-03,8.0110e-03,7.6279e-03,7.2491e-03,6.8751e-03,6.5070e-03,6.1459e-03,5.7928e-03,5.4483e-03,5.1128e-03,4.7867e-03,4.4699e-03,4.1622e-03,3.8635e-03,3.5736e-03,3.2922e-03,3.0191e-03,2.7540e-03,2.4969e-03,2.2476e-03,2.0059e-03,1.7716e-03,1.5447e-03,1.3249e-03,1.1124e-03,9.0678e-04,7.0816e-04,5.1636e-04,3.3127e-04,1.5289e-04,-1.9029e-05,-1.8445e-04,-3.4345e-04,-4.9610e-04,-6.4241e-04,-7.8258e-04,-9.1654e-04,-1.0442e-03,-1.1657e-03,-1.2809e-03,-1.3900e-03,-1.4928e-03,-1.5894e-03,-1.6795e-03,-1.7634e-03,-1.8409e-03,-1.9119e-03,-1.9764e-03,-2.0343e-03,-2.0856e-03,-2.1303e-03,-2.1682e-03,-2.1995e-03,-2.2240e-03,-2.2417e-03,-2.2526e-03,-2.2566e-03,-2.2538e-03,-2.2441e-03,-2.2277e-03,-2.2043e-03,-2.1741e-03,-2.1371e-03,-2.0930e-03,-2.0423e-03,-1.9846e-03,-1.9201e-03,-1.8487e-03,-1.7704e-03,-1.6851e-03,-1.5929e-03,-1.4935e-03,-1.3872e-03,-1.2738e-03,-1.1531e-03,-1.0250e-03,-8.8956e-04,-7.4662e-04,-5.9599e-04,-4.3754e-04,-2.7108e-04,-9.6574e-05
6.8940e-05,3.2775e-03,6.0828e-03,8.4823e-03,1.0471e-02,1.2047e-02,1.3212e-02,1.3981e-02,1.4386e-02,1.4473e-02,1.4305e-02,1.3952e-02,1.3483e-02,1.2955e-02,1.2411e-02,1.1876e-02,1.1359e-02,1.0862e-02,1.0380e-02,9.9097e-03,9.4461e-03,8.9879e-03,8.5347e-03,8.0872e-03,7.6466e-03,7.2144e-03,6.7915e-03,6.3789e-03,5.9770e-03,5.5862e-03,5.2065e-03,4.8377e-03,4.4799e-03,4.1326e-03,3.7958e-03,3.4691e-03,3.1523e-03,2.8453e-03,2.5477e-03,2.2594e-03,1.9803e-03,1.7101e-03,1.4487e-03,1.1960e-03,9.5178e-04,7.1591e-04,4.8829e-04,2.6885e-04,5.7362e-05,-1.4628e-04,-3.4206e-04,-5.3016e-04,-7.1058e-04,-8.8338e-04,-1.0487e-03,-1.2064e-03,-1.3567e-03,-1.4993e-03,-1.6345e-03,-1.7620e-03,-1.8819e-03,-1.9942e-03,-2.0987e-03,-2.1953e-03,-2.2842e-03,-2.3651e-03,-2.4380e-03,-2.5028e-03,-2.5594e-03,-2.6079e-03,-2.6480e-03,-2.6799e-03,-2.7034e-03,-2.7183e-03,-2.7249e-03,-2.7231e-03,-2.7126e-03,-2.6937e-03,-2.6662e-03,-2.6301e-03,-2.5855e-03,-2.5323e-03,-2.4705e-03,-2.4001e-03,-2.3211e-03,-2.2334e-03,-2.1371e-03,-2.0321e-03,-1.9185e-03,-1.7962e-03,-1.6650e-03,-1.5250e-03,-1.3761e-03,-1.2182e-03,-1.0512e-03,-8.7512e-04,-6.8968e-04,-4.9491e-04,-2.9065e-04,-7.6607e-05
1.2163e-04,3.5999e-03,6.6803e-03,9.3620e-03,1.1641e-02,1.3510e-02,1.4967e-02,1.6013e-02,1.6664e-02,1.6951e-02,1.6925e-02,1.6648e-02,1.6193e-02,1.5627e-02,1.5009e-02,1.4378e-02,1.3758e-02,1.3159e-02,1.2580e-02,1.2017e-02,1.1466e-02,1.0921e-02,1.0383e-02,9.8505e-03,9.3249e-03,8.8076e-03,8.3000e-03,7.8036e-03,7.3191e-03,6.8473e-03,6.3885e-03,5.9427e-03,5.5100e-03,5.0901e-03,4.6828e-03,4.2879e-03,3.9050e-03,3.5341e-03,3.1746e-03,2.8265e-03,2.4895e-03,2.1633e-03,1.8478e-03,1.5428e-03,1.2479e-03,9.6323e-04,6.8839e-04,4.2332e-04,1.6779e-04,-7.8239e-05,-3.1500e-04,-5.4247e-04,-7.6082e-04,-9.7006e-04,-1.1702e-03,-1.3615e-03,-1.5437e-03,-1.7169e-03,-1.8811e-03,-2.0363e-03,-2.1823e-03,-2.3190e-03,-2.4466e-03,-2.5649e-03,-2.6737e-03,-2.7730e-03,-2.8626e-03,-2.9427e-03,-3.0128e-03,-3.0732e-03,-3.1235e-03,-3.1639e-03,-3.1941e-03,-3.2140e-03,-3.2238e-03,-3.2233e-03,-3.2123e-03,-3.1911e-03,-3.1595e-03,-3.1174e-03,-3.0648e-03,-3.0018e-03,-2.9284e-03,-2.8443e-03,-2.7498e-03,-2.6448e-03,-2.5292e-03,-2.4031e-03,-2.2663e-03,-2.1191e-03,-1.9609e-03,-1.7923e-03,-1.6130e-03,-1.4227e-03,-1.2217e-03,-1.0096e-03,-7.8650e-04,-5.5230e-04,-3.0690e-04,-5.0142e-05
1.6261e-04,3.8987e-03,7.2406e-03,1.0191e-02,1.2746e-02,1.4901e-02,1.6648e-02,1.7982e-02,1.8905e-02,1.9433e-02,1.9599e-02,1.9455e-02,1.9065e-02,1.8502e-02,1.7834e-02,1.7118e-02,1.6394e-02,1.5684e-02,1.4996e-02,1.4330e-02,1.3680e-02,1.3042e-02,1.2412e-02,1.1788e-02,1.1172e-02,1.0564e-02,9.9659e-03,9.3793e-03,8.8056e-03,8.2459e-03,7.7009e-03,7.1711e-03,6.6564e-03,6.1568e-03,5.6722e-03,5.2024e-03,4.7470e-03,4.3057e-03,3.8784e-03,3.4644e-03,3.0638e-03,2.6761e-03,2.3010e-03,1.9384e-03,1.5879e-03,1.2494e-03,9.2258e-04,6.0732e-04,3.0339e-04,1.0610e-05,-2.7113e-04,-5.4198e-04,-8.0196e-04,-1.0513e-03,-1.2900e-03,-1.5179e-03,-1.7354e-03,-1.9421e-03,-2.1383e-03,-2.3238e-03,-2.4986e-03,-2.6624e-03,-2.8154e-03,-2.9573e-03,-3.0882e-03,-3.2078e-03,-3.3160e-03,-3.4128e-03,-3.4981e-03,-3.5715e-03,-3.6331e-03,-3.6829e-03,-3.7207e-03,-3.7463e-03,-3.7597e-03,-3.7609e-03,-3.7498e-03,-3.7263e-03,-3.6903e-03,-3.6419e-03,-3.5810e-03,-3.5075e-03,-3.4216e-03,-3.3230e-03,-3.2118e-03,-3.0880e-03,-2.9516e-03,-2.8026e-03,-2.6409e-03,-2.4667e-03,-2.2797e-03,-2.0800e-03,-1.8676e-03,-1.6425e-03,-1.4043e-03,-1.1535e-03,-8.8953e-04,-6.1264e-04,-3.2276e-04,-1.9640e-05
1.9399e-04,4.1766e-03,7.7668e-03,1.0970e-02,1.3787e-02,1.6213e-02,1.8241e-02,1.9862e-02,2.1069e-02,2.1865e-02,2.2266e-02,2.2306e-02,2.2039e-02,2.1530e-02,2.0853e-02,2.0077e-02,1.9257e-02,1.8434e-02,1.7628e-02,1.6845e-02,1.6085e-02,1.5343e-02,1.4613e-02,1.3893e-02,1.3180e-02,1.2475e-02,1.1781e-02,1.1098e-02,1.0429e-02,9.7745e-03,9.1365e-03,8.5154e-03,7.9117e-03,7.3254e-03,6.7567e-03,6.2051e-03,5.6705e-03,5.1526e-03,4.6509e-03,4.1652e-03,3.6950e-03,3.2401e-03,2.8000e-03,2.3745e-03,1.9632e-03,1.5660e-03,1.1825e-03,8.1250e-04,4.5573e-04,1.1197e-04,-2.1882e-04,-5.3691e-04,-8.4239e-04,-1.1354e-03,-1.4159e-03,-1.6840e-03,-1.9398e-03,-2.1831e-03,-2.4141e-03,-2.6326e-03,-2.8386e-03,-3.0319e-03,-3.2125e-03,-3.3803e-03,-3.5351e-03,-3.6767e-03,-3.8052e-03,-3.9203e-03,-4.0217e-03,-4.1096e-03,-4.1836e-03,-4.2436e-03,-4.2896e-03,-4.3215e-03,-4.3390e-03,-4.3422e-03,-4.3308e-03,-4.3048e-03,-4.2643e-03,-4.2091e-03,-4.1392e-03,-4.0545e-03,-3.9550e-03,-3.8408e-03,-3.7116e-03,-3.5677e-03,-3.4088e-03,-3.2351e-03,-3.0465e-03,-2.8432e-03,-2.6249e-03,-2.3917e-03,-2.1436e-03,-1.8805e-03,-1.6026e-03,-1.3097e-03,-1.0018e-03,-6.7876e-04,-3.4069e-04,1.2547e-05
2.1712e-04,4.4358e-03,8.2620e-03,1.1704e-02,1.4765e-02,1.7446e-02,1.9739e-02,2.1636e-02,2.3126e-02,2.4202e-02,2.4866e-02,2.5135e-02,2.5045e-02,2.4649e-02,2.4016e-02,2.3220e-02,2.2329e-02,2.1400e-02,2.0472e-02,1.9563e-02,1.8680e-02,1.7821e-02,1.6981e-02,1.6155e-02,1.5339e-02,1.4533e-02,1.3736e-02,1.2952e-02,1.2181e-02,1.1426e-02,1.0688e-02,9.9687e-03,9.2690e-03,8.5890e-03,7.9291e-03,7.2889e-03,6.6684e-03,6.0672e-03,5.4849e-03,4.9212e-03,4.3755e-03,3.8476e-03,3.3370e-03,2.8433e-03,2.3662e-03,1.9053e-03,1.4602e-03,1.0309e-03,6.1689e-04,2.1799e-04,-1.6598e-04,-5.3522e-04,-8.8984e-04,-1.2301e-03,-1.5558e-03,-1.8672e-03,-2.1644e-03,-2.4473e-03,-2.7158e-03,-2.9700e-03,-3.2096e-03,-3.4346e-03,-3.6450e-03,-3.8406e-03,-4.0211e-03,-4.1865e-03,-4.3367e-03,-4.4714e-03,-4.5904e-03,-4.6936e-03,-4.7808e-03,-4.8519e-03,-4.9068e-03,-4.9452e-03,-4.9671e-03,-4.9723e-03,-4.9606e-03,-4.9320e-03,-4.8866e-03,-4.8240e-03,-4.7444e-03,-4.6476e-03,-4.5335e-03,-4.4022e-03,-4.2537e-03,-4.0879e-03,-3.9049e-03,-3.7047e-03,-3.4870e-03,-3.2521e-03,-3.0001e-03,-2.7307e-03,-2.4441e-03,-2.1404e-03,-1.8194e-03,-1.4810e-03,-1.1256e-03,-7.5295e-04,-3.6294e-04,4.4249e-05
2.3238e-04,4.6775e-03,8.7285e-03,1.2396e-02,1.5686e-02,1.8602e-02,2.1142e-02,2.3298e-02,2.5059e-02,2.6414e-02,2.7354e-02,2.7882e-02,2.8015e-02,2.7789e-02,2.7260e-02,2.6497e-02,2.5575e-02,2.4565e-02,2.3520e-02,2.2480e-02,2.1463e-02,2.0474e-02,1.9512e-02,1.8569e-02,1.7642e-02,1.6727e-02,1.5823e-02,1.4932e-02,1.4054e-02,1.3192e-02,1.2348e-02,1.1524e-02,1.0722e-02,9.9413e-03,9.1831e-03,8.4475e-03,7.7342e-03,7.0431e-03,6.3738e-03,5.7257e-03,5.0986e-03,4.4918e-03,3.9050e-03,3.3378e-03,2.7896e-03,2.2600e-03,1.7487e-03,1.2554e-03,7.7980e-04,3.2151e-04,-1.1962e-04,-5.4385e-04,-9.5133e-04,-1.3422e-03,-1.7166e-03,-2.0746e-03,-2.4161e-03,-2.7413e-03,-3.0501e-03,-3.3423e-03,-3.6180e-03,-3.8770e-03,-4.1191e-03,-4.3443e-03,-4.5524e-03,-4.7431e-03,-4.9164e-03,-5.0719e-03,-5.2096e-03,-5.3291e-03,-5.4304e-03,-5.5132e-03,-5.5773e-03,-5.6226e-03,-5.6488e-03,-5.6561e-03,-5.6439e-03,-5.6124e-03,-5.5615e-03,-5.4908e-03,-5.4006e-03,-5.2906e-03,-5.1608e-03,-5.0113e-03,-4.8418e-03,-4.6525e-03,-4.4433e-03,-4.2142e-03,-3.9654e-03,-3.6968e-03,-3.4082e-03,-3.1000e-03,-2.7720e-03,-2.4244e-03,-2.0570e-03,-1.6700e-03,-1.2633e-03,-8.3710e-04,-3.9137e-04,7.3947e-05
2.3945e-04,4.9020e-03,9.1677e-03,1.3048e-02,1.6553e-02,1.9688e-02,2.2456e-02,2.4850e-02,2.6864e-02,2.8485e-02,2.9699e-02,3.0499e-02,3.0885e-02,3.0877e-02,3.0510e-02,2.9843e-02,2.8945e-02,2.7893e-02,2.6756e-02,2.5591e-02,2.4433e-02,2.3303e-02,2.2204e-02,2.1133e-02,2.0084e-02,1.9052e-02,1.8034e-02,1.7030e-02,1.6040e-02,1.5066e-02,1.4111e-02,1.3176e-02,1.2264e-02,1.1376e-02,1.0513e-02,9.6752e-03,8.8624e-03,8.0747e-03,7.3118e-03,6.5732e-03,5.8584e-03,5.1669e-03,4.4983e-03,3.8519e-03,3.2273e-03,2.6241e-03,2.0418e-03,1.4800e-03,9.3827e-04,4.1633e-04,-8.5972e-05,-5.6901e-04,-1.0331e-03,-1.4781e-03,-1.9044e-03,-2.3120e-03,-2.7009e-03,-3.0711e-03,-3.4227e-03,-3.7554e-03,-4.0694e-03,-4.3644e-03,-4.6403e-03,-4.8969e-03,-5.1341e-03,-5.3516e-03,-5.5492e-03,-5.7267e-03,-5.8840e-03,-6.0207e-03,-6.1366e-03,-6.2316e-03,-6.3053e-03,-6.3577e-03,-6.3885e-03,-6.3975e-03,-6.3846e-03,-6.3496e-03,-6.2926e-03,-6.2132e-03,-6.1112e-03,-5.9871e-03,-5.8401e-03,-5.6708e-03,-5.4787e-03,-5.2640e-03,-5.0268e-03,-4.7668e-03,-4.4844e-03,-4.1793e-03,-3.8517e-03,-3.5018e-03,-3.1293e-03,-2.7344e-03,-2.3173e-03,-1.8781e-03,-1.4166e-03,-9.3293e-04,-4.2734e-04,1.0028e-04
2.3742e-04,5.1088e-03,9.5797e-03,1.3663e-02,1.7370e-02,2.0709e-02,2.3685e-02,2.6299e-02,2.8544e-02,3.0411e-02,3.1886e-02,3.2955e-02,3.3609e-02,3.3849e-02,3.3695e-02,3.3183e-02,3.2372e-02,3.1334e-02,3.0146e-02,2.8878e-02,2.7587e-02,2.6308e-02,2.5059e-02,2.3845e-02,2.2662e-02,2.1503e-02,2.0363e-02,1.9240e-02,1.8132e-02,1.7041e-02,1.5969e-02,1.4918e-02,1.3891e-02,1.2889e-02,1.1915e-02,1.0968e-02,1.0049e-02,9.1576e-03,8.2945e-03,7.4589e-03,6.6503e-03,5.8681e-03,5.1118e-03,4.3809e-03,3.6747e-03,2.9927e-03,2.3344e-03,1.6994e-03,1.0872e-03,4.9752e-04,-7.0095e-05,-6.1578e-04,-1.1399e-03,-1.6426e-03,-2.1240e-03,-2.5842e-03,-3.0234e-03,-3.4414e-03,-3.8383e-03,-4.2140e-03,-4.5684e-03,-4.9015e-03,-5.2129e-03,-5.5027e-03,-5.7704e-03,-6.0160e-03,-6.2392e-03,-6.4398e-03,-6.6176e-03,-6.7721e-03,-6.9032e-03,-7.0107e-03,-7.0944e-03,-7.1540e-03,-7.1891e-03,-7.1998e-03,-7.1858e-03,-7.1468e-03,-7.0828e-03,-6.9936e-03,-6.8792e-03,-6.7394e-03,-6.5740e-03,-6.3832e-03,-6.1669e-03,-5.9249e-03,-5.6574e-03,-5.3643e-03,-5.0458e-03,-4.7019e-03,-4.3323e-03,-3.9376e-03,-3.5176e-03,-3.0723e-03,-2.6020e-03,-2.1067e-03,-1.5865e-03,-1.0416e-03,-4.7195e-04,1.2223e-04
2.2504e-04,5.2966e-03,9.9641e-03,1.4241e-02,1.8138e-02,2.1668e-02,2.4837e-02,2.7650e-02,3.0105e-02,3.2196e-02,3.3911e-02,3.5235e-02,3.6154e-02,3.6658e-02,3.6747e-02,3.6442e-02,3.5780e-02,3.4821e-02,3.3639e-02,3.2310e-02,3.0907e-02,2.9485e-02,2.8080e-02,2.6709e-02,2.5376e-02,2.4077e-02,2.2805e-02,2.1555e-02,2.0324e-02,1.9110e-02,1.7917e-02,1.6745e-02,1.5597e-02,1.4476e-02,1.3384e-02,1.2321e-02,1.1289e-02,1.0288e-02,9.3186e-03,8.3796e-03,7.4709e-03,6.5920e-03,5.7423e-03,4.9211e-03,4.1279e-03,3.3620e-03,2.6229e-03,1.9100e-03,1.2229e-03,5.6107e-04,-7.5765e-05,-6.8794e-04,-1.2758e-03,-1.8395e-03,-2.3793e-03,-2.8952e-03,-3.3874e-03,-3.8558e-03,-4.3006e-03,-4.7215e-03,-5.1185e-03,-5.4915e-03,-5.8403e-03,-6.1648e-03,-6.4646e-03,-6.7396e-03,-6.9895e-03,-7.2141e-03,-7.4130e-03,-7.5860e-03,-7.7329e-03,-7.8533e-03,-7.9470e-03,-8.0137e-03,-8.0531e-03,-8.0651e-03,-8.0494e-03,-8.0058e-03,-7.9342e-03,-7.8343e-03,-7.7061e-03,-7.5494e-03,-7.3641e-03,-7.1504e-03,-6.9078e-03,-6.6367e-03,-6.3368e-03,-6.0083e-03,-5.6512e-03,-5.2655e-03,-4.8513e-03,-4.4088e-03,-3.9379e-03,-3.4388e-03,-2.9118e-03,-2.3568e-03,-1.7741e-03,-1.1637e-03,-5.2596e-04,1.3920e-04
2.0111e-04,5.4640e-03,1.0320e-02,1.4781e-02,1.8860e-02,2.2569e-02,2.5917e-02,2.8913e-02,3.1557e-02,3.3849e-02,3.5780e-02,3.7338e-02,3.8507e-02,3.9271e-02,3.9619e-02,3.9554e-02,3.9093e-02,3.8278e-02,3.7167e-02,3.5836e-02,3.4363e-02,3.2820e-02,3.1263e-02,2.9729e-02,2.8233e-02,2.6778e-02,2.5361e-02,2.3974e-02,2.2611e-02,2.1270e-02,1.9949e-02,1.8652e-02,1.7378e-02,1.6133e-02,1.4917e-02,1.3733e-02,1.2582e-02,1.1465e-02,1.0382e-02,9.3334e-03,8.3184e-03,7.3366e-03,6.3875e-03,5.4705e-03,4.5848e-03,3.7298e-03,2.9049e-03,2.1094e-03,1.3428e-03,6.0470e-04,-1.0546e-04,-7.8792e-04,-1.4432e-03,-2.0713e-03,-2.6726e-03,-3.2473e-03,-3.7954e-03,-4.3169e-03,-4.8119e-03,-5.2803e-03,-5.7219e-03,-6.1368e-03,-6.5247e-03,-6.8854e-03,-7.2186e-03,-7.5242e-03,-7.8019e-03,-8.0513e-03,-8.2722e-03,-8.4643e-03,-8.6272e-03,-8.7607e-03,-8.8645e-03,-8.9382e-03,-8.9818e-03,-8.9946e-03,-8.9768e-03,-8.9278e-03,-8.8477e-03,-8.7360e-03,-8.5929e-03,-8.4180e-03,-8.2114e-03,-7.9729e-03,-7.7024e-03,-7.3999e-03,-7.0655e-03,-6.6992e-03,-6.3011e-03,-5.8710e-03,-5.4092e-03,-4.9159e-03,-4.3909e-03,-3.8347e-03,-3.2474e-03,-2.6289e-03,-1.9797e-03,-1.2999e-03,-5.8959e-04,1.5083e-04
1.6474e-04,5.6099e-03,1.0645e-02,1.5282e-02,1.9534e-02,2.3413e-02,2.6929e-02,3.0093e-02,3.2910e-02,3.5382e-02,3.7506e-02,3.9272e-02,4.0668e-02,4.1677e-02,4.2281e-02,4.2470e-02,4.2245e-02,4.1626e-02,4.0653e-02,3.9387e-02,3.7904e-02,3.6283e-02,3.4597e-02,3.2903e-02,3.1236e-02,2.9612e-02,2.8034e-02,2.6497e-02,2.4993e-02,2.3516e-02,2.2063e-02,2.0635e-02,1.9232e-02,1.7857e-02,1.6513e-02,1.5202e-02,1.3927e-02,1.2687e-02,1.1485e-02,1.0320e-02,9.1923e-03,8.1016e-03,7.0471e-03,6.0285e-03,5.0448e-03,4.0954e-03,3.1796e-03,2.2967e-03,1.4462e-03,6.2739e-04,-1.6016e-04,-9.1682e-04,-1.6431e-03,-2.3391e-03,-3.0053e-03,-3.6417e-03,-4.2484e-03,-4.8256e-03,-5.3733e-03,-5.8913e-03,-6.3798e-03,-6.8383e-03,-7.2669e-03,-7.6653e-03,-8.0334e-03,-8.3708e-03,-8.6771e-03,-8.9523e-03,-9.1958e-03,-9.4074e-03,-9.5868e-03,-9.7336e-03,-9.8476e-03,-9.9282e-03,-9.9755e-03,-9.9888e-03,-9.9681e-03,-9.9131e-03,-9.8235e-03,-9.6991e-03,-9.5399e-03,-9.3454e-03,-9.1158e-03,-8.8509e-03,-8.5505e-03,-8.2149e-03,-7.8437e-03,-7.4372e-03,-6.9954e-03,-6.5183e-03,-6.0060e-03,-5.4587e-03,-4.8767e-03,-4.2598e-03,-3.6085e-03,-2.9230e-03,-2.2034e-03,-1.4499e-03,-6.6295e-04,1.5729e-04
1.1548e-04,5.7330e-03,1.0939e-02,1.5744e-02,2.0160e-02,2.4200e-02,2.7875e-02,3.1196e-02,3.4171e-02,3.6805e-02,3.9100e-02,4.1051e-02,4.2648e-02,4.3877e-02,4.4721e-02,4.5161e-02,4.5187e-02,4.4800e-02,4.4019e-02,4.2885e-02,4.1461e-02,3.9823e-02,3.8053e-02,3.6222e-02,3.4388e-02,3.2587e-02,3.0833e-02,2.9130e-02,2.7471e-02,2.5848e-02,2.4256e-02,2.2692e-02,2.1155e-02,1.9647e-02,1.8171e-02,1.6728e-02,1.5322e-02,1.3955e-02,1.2627e-02,1.1340e-02,1.0094e-02,8.8880e-03,7.7223e-03,6.5962e-03,5.5090e-03,4.4598e-03,3.4480e-03,2.4728e-03,1.5336e-03,6.2975e-04,-2.3936e-04,-1.0742e-03,-1.8751e-03,-2.6425e-03,-3.3767e-03,-4.0779e-03,-4.7462e-03,-5.3817e-03,-5.9844e-03,-6.5544e-03,-7.0916e-03,-7.5957e-03,-8.0667e-03,-8.5044e-03,-8.9084e-03,-9.2787e-03,-9.6148e-03,-9.9164e-03,-1.0183e-02,-1.0415e-02,-1.0611e-02,-1.0771e-02,-1.0895e-02,-1.0983e-02,-1.1033e-02,-1.1047e-02,-1.1023e-02,-1.0961e-02,-1.0861e-02,-1.0723e-02,-1.0546e-02,-1.0331e-02,-1.0077e-02,-9.7838e-03,-9.4517e-03,-9.0807e-03,-8.6707e-03,-8.2217e-03,-7.7337e-03,-7.2068e-03,-6.6413e-03,-6.0372e-03,-5.3947e-03,-4.7139e-03,-3.9951e-03,-3.2386e-03,-2.4447e-03,-1.6136e-03,-7.4577e-04,1.5858e-04
5.3577e-05,5.8329e-03,1.1200e-02,1.6164e-02,2.0737e-02,2.4931e-02,2.8756e-02,3.2224e-02,3.5346e-02,3.8129e-02,4.0577e-02,4.2690e-02,4.4463e-02,4.5887e-02,4.6945e-02,4.7619e-02,4.7892e-02,4.7751e-02,4.7199e-02,4.6254e-02,4.4958e-02,4.3374e-02,4.1579e-02,3.9657e-02,3.7679e-02,3.5704e-02,3.3767e-02,3.1883e-02,3.0053e-02,2.8272e-02,2.6531e-02,2.4824e-02,2.3148e-02,2.1502e-02,1.9889e-02,1.8311e-02,1.6770e-02,1.5270e-02,1.3811e-02,1.2396e-02,1.1025e-02,9.6985e-03,8.4156e-03,7.1763e-03,5.9798e-03,4.8254e-03,3.7124e-03,2.6400e-03,1.6074e-03,6.1395e-04,-3.4097e-04,-1.2579e-03,-2.1373e-03,-2.9797e-03,-3.7851e-03,-4.5542e-03,-5.2868e-03,-5.9833e-03,-6.6437e-03,-7.2678e-03,-7.8558e-03,-8.4074e-03,-8.9225e-03,-9.4009e-03,-9.8424e-03,-1.0247e-02,-1.0613e-02,-1.0942e-02,-1.1233e-02,-1.1485e-02,-1.1698e-02,-1.1872e-02,-1.2006e-02,-1.2101e-02,-1.2154e-02,-1.2167e-02,-1.2139e-02,-1.2070e-02,-1.1959e-02,-1.1806e-02,-1.1610e-02,-1.1373e-02,-1.1093e-02,-1.0770e-02,-1.0405e-02,-9.9963e-03,-9.5453e-03,-9.0514e-03,-8.5148e-03,-7.9356e-03,-7.3140e-03,-6.6500e-03,-5.9439e-03,-5.1958e-03,-4.4062e-03,-3.5752e-03,-2.7032e-03,-1.7905e-03,-8.3748e-04,1.5533e-04
-1.9871e-05,5.9100e-03,1.1428e-02,1.6543e-02,2.1264e-02,2.5603e-02,2.9572e-02,3.3180e-02,3.6440e-02,3.9359e-02,4.1946e-02,4.4203e-02,4.6131e-02,4.7723e-02,4.8969e-02,4.9852e-02,5.0353e-02,5.0455e-02,5.0146e-02,4.9426e-02,4.8315e-02,4.6855e-02,4.5110e-02,4.3158e-02,4.1083e-02,3.8958e-02,3.6841e-02,3.4767e-02,3.2751e-02,3.0795e-02,2.8892e-02,2.7032e-02,2.5210e-02,2.3423e-02,2.1669e-02,1.9951e-02,1.8272e-02,1.6634e-02,1.5040e-02,1.3492e-02,1.1991e-02,1.0537e-02,9.1312e-03,7.7729e-03,6.4615e-03,5.1965e-03,3.9769e-03,2.8021e-03,1.6713e-03,5.8373e-04,-4.6134e-04,-1.4645e-03,-2.4263e-03,-3.3471e-03,-4.2274e-03,-5.0674e-03,-5.8674e-03,-6.6275e-03,-7.3480e-03,-8.0286e-03,-8.6695e-03,-9.2704e-03,-9.8312e-03,-1.0352e-02,-1.0832e-02,-1.1272e-02,-1.1670e-02,-1.2027e-02,-1.2342e-02,-1.2615e-02,-1.2846e-02,-1.3034e-02,-1.3178e-02,-1.3279e-02,-1.3336e-02,-1.3348e-02,-1.3315e-02,-1.3238e-02,-1.3114e-02,-1.2945e-02,-1.2731e-02,-1.2469e-02,-1.2162e-02,-1.1808e-02,-1.1407e-02,-1.0960e-02,-1.0466e-02,-9.9247e-03,-9.3372e-03,-8.7031e-03,-8.0226e-03,-7.2958e-03,-6.5231e-03,-5.7046e-03,-4.8406e-03,-3.9316e-03,-2.9778e-03,-1.9796e-03,-9.3741e-04,1.4807e-04
-1.0288e-04,5.9652e-03,1.1623e-02,1.6879e-02,2.1740e-02,2.6218e-02,3.0322e-02,3.4063e-02,3.7453e-02,4.0501e-02,4.3216e-02,4.5604e-02,4.7667e-02,4.9406e-02,5.0813e-02,5.1877e-02,5.2582e-02,5.2908e-02,5.2837e-02,5.2357e-02,5.1468e-02,5.0190e-02,4.8566e-02,4.6659e-02,4.4550e-02,4.2321e-02,4.0048e-02,3.7789e-02,3.5579e-02,3.3433e-02,3.1350e-02,2.9325e-02,2.7347e-02,2.5411e-02,2.3513e-02,2.1652e-02,1.9831e-02,1.8052e-02,1.6318e-02,1.4632e-02,1.2995e-02,1.1409e-02,9.8746e-03,8.3915e-03,6.9595e-03,5.5782e-03,4.2468e-03,2.9645e-03,1.7306e-03,5.4415e-04,-5.9551e-04,-1.6890e-03,-2.7371e-03,-3.7402e-03,-4.6987e-03,-5.6130e-03,-6.4834e-03,-7.3100e-03,-8.0931e-03,-8.8325e-03,-9.5285e-03,-1.0181e-02,-1.0789e-02,-1.1354e-02,-1.1874e-02,-1.2350e-02,-1.2781e-02,-1.3167e-02,-1.3508e-02,-1.3802e-02,-1.4051e-02,-1.4253e-02,-1.4407e-02,-1.4515e-02,-1.4574e-02,-1.4585e-02,-1.4547e-02,-1.4461e-02,-1.4325e-02,-1.4139e-02,-1.3903e-02,-1.3617e-02,-1.3281e-02,-1.2894e-02,-1.2457e-02,-1.1969e-02,-1.1429e-02,-1.0839e-02,-1.0199e-02,-9.5073e-03,-8.7654e-03,-7.9732e-03,-7.1309e-03,-6.2389e-03,-5.2974e-03,-4.3068e-03,-3.2674e-03,-2.1800e-03,-1.0447e-03,1.3767e-04
-1.9282e-04,6.0004e-03,1.1787e-02,1.7172e-02,2.2164e-02,2.6772e-02,3.1005e-02,3.4873e-02,3.8387e-02,4.1557e-02,4.4392e-02,4.6899e-02,4.9086e-02,5.0953e-02,5.2499e-02,5.3718e-02,5.4598e-02,5.5122e-02,5.5271e-02,5.5025e-02,5.4373e-02,5.3314e-02,5.1869e-02,5.0081e-02,4.8013e-02,4.5746e-02,4.3365e-02,4.0945e-02,3.8545e-02,3.6199e-02,3.3922e-02,3.1714e-02,2.9567e-02,2.7473e-02,2.5423e-02,2.3415e-02,2.1449e-02,1.9526e-02,1.7649e-02,1.5820e-02,1.4044e-02,1.2321e-02,1.0652e-02,9.0386e-03,7.4805e-03,5.9774e-03,4.5288e-03,3.1338e-03,1.7916e-03,5.0155e-04,-7.3726e-04,-1.9255e-03,-3.0639e-03,-4.1531e-03,-5.1934e-03,-6.1854e-03,-7.1293e-03,-8.0253e-03,-8.8737e-03,-9.6745e-03,-1.0428e-02,-1.1133e-02,-1.1791e-02,-1.2401e-02,-1.2963e-02,-1.3477e-02,-1.3942e-02,-1.4358e-02,-1.4725e-02,-1.5042e-02,-1.5308e-02,-1.5525e-02,-1.5690e-02,-1.5803e-02,-1.5865e-02,-1.5875e-02,-1.5832e-02,-1.5736e-02,-1.5586e-02,-1.5383e-02,-1.5126e-02,-1.4814e-02,-1.4448e-02,-1.4027e-02,-1.3551e-02,-1.3020e-02,-1.2434e-02,-1.1793e-02,-1.1097e-02,-1.0346e-02,-9.5402e-03,-8.6800e-03,-7.7654e-03,-6.7968e-03,-5.7747e-03,-4.6992e-03,-3.5710e-03,-2.3906e-03,-1.1584e-03,1.2492e-04
-2.8631e-04,6.0181e-03,1.1920e-02,1.7424e-02,2.2537e-02,2.7266e-02,3.1621e-02,3.5609e-02,3.9241e-02,4.2527e-02,4.5476e-02,4.8096e-02,5.0395e-02,5.2378e-02,5.4046e-02,5.5398e-02,5.6427e-02,5.7121e-02,5.7462e-02,5.7431e-02,5.7010e-02,5.6185e-02,5.4957e-02,5.3346e-02,5.1393e-02,4.9165e-02,4.6743e-02,4.4210e-02,4.1644e-02,3.9103e-02,3.6623e-02,3.4217e-02,3.1884e-02,2.9618e-02,2.7407e-02,2.5246e-02,2.3130e-02,2.1060e-02,1.9036e-02,1.7063e-02,1.5142e-02,1.3278e-02,1.1470e-02,9.7213e-03,8.0318e-03,6.4015e-03,4.8301e-03,3.3172e-03,1.8618e-03,4.6312e-04,-8.7949e-04,-2.1670e-03,-3.3999e-03,-4.5791e-03,-5.7049e-03,-6.7780e-03,-7.7986e-03,-8.7671e-03,-9.6837e-03,-1.0548e-02,-1.1361e-02,-1.2123e-02,-1.2832e-02,-1.3490e-02,-1.4095e-02,-1.4648e-02,-1.5148e-02,-1.5595e-02,-1.5988e-02,-1.6328e-02,-1.6614e-02,-1.6845e-02,-1.7021e-02,-1.7141e-02,-1.7206e-02,-1.7214e-02,-1.7165e-02,-1.7059e-02,-1.6896e-02,-1.6674e-02,-1.6394e-02,-1.6056e-02,-1.5659e-02,-1.5202e-02,-1.4686e-02,-1.4111e-02,-1.3477e-02,-1.2783e-02,-1.2030e-02,-1.1217e-02,-1.0345e-02,-9.4141e-03,-8.4245e-03,-7.3767e-03,-6.2709e-03,-5.1075e-03,-3.8872e-03,-2.6103e-03,-1.2775e-03,1.1050e-04
-3.7940e-04,6.0216e-03,1.2026e-02,1.7636e-02,2.2859e-02,2.7700e-02,3.2168e-02,3.6270e-02,4.0014e-02,4.3411e-02,4.6468e-02,4.9195e-02,5.1600e-02,5.3689e-02,5.5467e-02,5.6935e-02,5.8092e-02,5.8929e-02,5.9435e-02,5.9592e-02,5.9382e-02,5.8784e-02,5.7787e-02,5.6390e-02,5.4613e-02,5.2499e-02,5.0112e-02,4.7535e-02,4.4853e-02,4.2142e-02,3.9463e-02,3.6849e-02,3.4316e-02,3.1861e-02,2.9476e-02,2.7151e-02,2.4880e-02,2.2658e-02,2.0485e-02,1.8364e-02,1.6296e-02,1.4286e-02,1.2336e-02,1.0447e-02,8.6207e-03,6.8580e-03,5.1588e-03,3.5225e-03,1.9487e-03,4.3656e-04,-1.0146e-03,-2.4058e-03,-3.7376e-03,-5.0108e-03,-6.2261e-03,-7.3839e-03,-8.4847e-03,-9.5288e-03,-1.0516e-02,-1.1448e-02,-1.2323e-02,-1.3142e-02,-1.3905e-02,-1.4612e-02,-1.5262e-02,-1.5856e-02,-1.6392e-02,-1.6872e-02,-1.7293e-02,-1.7657e-02,-1.7962e-02,-1.8209e-02,-1.8396e-02,-1.8523e-02,-1.8591e-02,-1.8597e-02,-1.8543e-02,-1.8427e-02,-1.8249e-02,-1.8008e-02,-1.7705e-02,-1.7339e-02,-1.6910e-02,-1.6417e-02,-1.5860e-02,-1.5239e-02,-1.4555e-02,-1.3806e-02,-1.2994e-02,-1.2117e-02,-1.1177e-02,-1.0173e-02,-9.1067e-03,-7.9768e-03,-6.7844e-03,-5.5302e-03,-4.2145e-03,-2.8378e-03,-1.4010e-03,9.5330e-05
-4.6785e-04,6.0144e-03,1.2106e-02,1.7810e-02,2.3131e-02,2.8074e-02,3.2646e-02,3.6853e-02,4.0704e-02,4.4206e-02,4.7367e-02,5.0197e-02,5.2703e-02,5.4892e-02,5.6771e-02,5.8343e-02,5.9611e-02,6.0571e-02,6.1215e-02,6.1533e-02,6.1506e-02,6.1116e-02,6.0343e-02,5.9174e-02,5.7609e-02,5.5669e-02,5.3394e-02,5.0851e-02,4.8122e-02,4.5292e-02,4.2439e-02,3.9623e-02,3.6878e-02,3.4218e-02,3.1642e-02,2.9141e-02,2.6705e-02,2.4325e-02,2.2000e-02,1.9727e-02,1.7510e-02,1.5352e-02,1.3255e-02,1.1222e-02,9.2544e-03,7.3544e-03,5.5221e-03,3.7575e-03,2.0601e-03,4.2953e-04,-1.1351e-03,-2.6346e-03,-4.0697e-03,-5.4413e-03,-6.7499e-03,-7.9962e-03,-9.1806e-03,-1.0304e-02,-1.1365e-02,-1.2366e-02,-1.3307e-02,-1.4186e-02,-1.5005e-02,-1.5763e-02,-1.6460e-02,-1.7096e-02,-1.7671e-02,-1.8184e-02,-1.8635e-02,-1.9023e-02,-1.9349e-02,-1.9612e-02,-1.9811e-02,-1.9945e-02,-2.0016e-02,-2.0021e-02,-1.9960e-02,-1.9834e-02,-1.9641e-02,-1.9382e-02,-1.9055e-02,-1.8660e-02,-1.8198e-02,-1.7668e-02,-1.7069e-02,-1.6402e-02,-1.5666e-02,-1.4861e-02,-1.3988e-02,-1.3046e-02,-1.2035e-02,-1.0956e-02,-9.8097e-03,-8.5954e-03,-7.3140e-03,-5.9659e-03,-4.5518e-03,-3.0722e-03,-1.5279e-03,8.0340e-05
-5.4754e-04,6.0001e-03,1.2165e-02,1.7948e-02,2.3355e-02,2.8388e-02,3.3054e-02,3.7358e-02,4.1307e-02,4.4909e-02,4.8170e-02,5.1098e-02,5.3701e-02,5.5986e-02,5.7961e-02,5.9630e-02,6.0997e-02,6.2064e-02,6.2827e-02,6.3279e-02,6.3408e-02,6.3197e-02,6.2628e-02,6.1680e-02,6.0341e-02,5.8611e-02,5.6508e-02,5.4076e-02,5.1380e-02,4.8500e-02,4.5525e-02,4.2533e-02,3.9582e-02,3.6708e-02,3.3925e-02,3.1230e-02,2.8615e-02,2.6069e-02,2.3584e-02,2.1157e-02,1.8788e-02,1.6478e-02,1.4232e-02,1.2051e-02,9.9387e-03,7.8969e-03,5.9268e-03,4.0289e-03,2.2031e-03,4.4896e-04,-1.2340e-03,-2.8465e-03,-4.3895e-03,-5.8636e-03,-7.2696e-03,-8.6082e-03,-9.8800e-03,-1.1085e-02,-1.2225e-02,-1.3298e-02,-1.4306e-02,-1.5249e-02,-1.6126e-02,-1.6937e-02,-1.7684e-02,-1.8364e-02,-1.8978e-02,-1.9526e-02,-2.0008e-02,-2.0423e-02,-2.0770e-02,-2.1049e-02,-2.1261e-02,-2.1403e-02,-2.1477e-02,-2.1481e-02,-2.1415e-02,-2.1278e-02,-2.1071e-02,-2.0791e-02,-2.0440e-02,-2.0017e-02,-1.9521e-02,-1.8952e-02,-1.8311e-02,-1.7595e-02,-1.6807e-02,-1.5944e-02,-1.5009e-02,-1.3999e-02,-1.2917e-02,-1.1761e-02,-1.0532e-02,-9.2312e-03,-7.8581e-03,-6.4135e-03,-4.8980e-03,-3.3125e-03,-1.6574e-03,6.6232e-05
-6.1448e-04,5.9822e-03,1.2204e-02,1.8053e-02,2.3531e-02,2.8642e-02,3.3391e-02,3.7783e-02,4.1823e-02,4.5517e-02,4.8872e-02,5.1895e-02,5.4591e-02,5.6970e-02,5.9036e-02,6.0796e-02,6.2256e-02,6.3419e-02,6.4285e-02,6.4852e-02,6.5112e-02,6.5054e-02,6.4660e-02,6.3913e-02,6.2792e-02,6.1285e-02,5.9391e-02,5.7129e-02,5.4542e-02,5.1695e-02,4.8669e-02,4.5552e-02,4.2422e-02,3.9339e-02,3.6339e-02,3.3434e-02,3.0623e-02,2.7896e-02,2.5243e-02,2.2656e-02,2.0131e-02,1.7668e-02,1.5269e-02,1.2938e-02,1.0678e-02,8.4902e-03,6.3780e-03,4.3420e-03,2.3829e-03,5.0047e-04,-1.3056e-03,-3.0359e-03,-4.6912e-03,-6.2723e-03,-7.7799e-03,-9.2149e-03,-1.0578e-02,-1.1869e-02,-1.3089e-02,-1.4238e-02,-1.5317e-02,-1.6325e-02,-1.7263e-02,-1.8131e-02,-1.8928e-02,-1.9654e-02,-2.0310e-02,-2.0895e-02,-2.1409e-02,-2.1851e-02,-2.2221e-02,-2.2518e-02,-2.2743e-02,-2.2894e-02,-2.2972e-02,-2.2975e-02,-2.2904e-02,-2.2757e-02,-2.2534e-02,-2.2235e-02,-2.1859e-02,-2.1407e-02,-2.0877e-02,-2.0269e-02,-1.9583e-02,-1.8819e-02,-1.7976e-02,-1.7055e-02,-1.6055e-02,-1.4977e-02,-1.3821e-02,-1.2586e-02,-1.1273e-02,-9.8830e-03,-8.4157e-03,-6.8720e-03,-5.2524e-03,-3.5578e-03,-1.7889e-03,5.3551e-05
-6.6520e-04,5.9640e-03,1.2227e-02,1.8126e-02,2.3662e-02,2.8838e-02,3.3658e-02,3.8127e-02,4.2248e-02,4.6027e-02,4.9470e-02,5.2581e-02,5.5368e-02,5.7836e-02,5.9991e-02,6.1840e-02,6.3388e-02,6.4641e-02,6.5600e-02,6.6268e-02,6.6639e-02,6.6709e-02,6.6464e-02,6.5889e-02,6.4965e-02,6.3673e-02,6.2000e-02,5.9945e-02,5.7528e-02,5.4789e-02,5.1793e-02,4.8624e-02,4.5368e-02,4.2104e-02,3.8892e-02,3.5768e-02,3.2745e-02,2.9820e-02,2.6985e-02,2.4227e-02,2.1541e-02,1.8921e-02,1.6368e-02,1.3884e-02,1.1472e-02,9.1361e-03,6.8781e-03,4.6999e-03,2.6029e-03,5.8755e-04,-1.3463e-03,-3.1990e-03,-4.9713e-03,-6.6638e-03,-8.2773e-03,-9.8125e-03,-1.1270e-02,-1.2651e-02,-1.3955e-02,-1.5183e-02,-1.6336e-02,-1.7413e-02,-1.8414e-02,-1.9340e-02,-2.0191e-02,-2.0966e-02,-2.1665e-02,-2.2289e-02,-2.2836e-02,-2.3307e-02,-2.3700e-02,-2.4017e-02,-2.4256e-02,-2.4417e-02,-2.4499e-02,-2.4502e-02,-2.4425e-02,-2.4268e-02,-2.4030e-02,-2.3712e-02,-2.3311e-02,-2.2829e-02,-2.2264e-02,-2.1616e-02,-2.0886e-02,-2.0072e-02,-1.9174e-02,-1.8193e-02,-1.7128e-02,-1.5979e-02,-1.4746e-02,-1.3431e-02,-1.2032e-02,-1.0550e-02,-8.9863e-03,-7.3408e-03,-5.6143e-03,-3.8077e-03,-1.9217e-03,4.2658e-05
-6.9709e-04,5.9479e-03,1.2237e-02,1.8169e-02,2.3748e-02,2.8975e-02,3.3854e-02,3.8388e-02,4.2580e-02,4.6435e-02,4.9957e-02,5.3152e-02,5.6023e-02,5.8577e-02,6.0819e-02,6.2754e-02,6.4388e-02,6.5726e-02,6.6773e-02,6.7531e-02,6.8001e-02,6.8179e-02,6.8059e-02,6.7630e-02,6.6875e-02,6.5777e-02,6.4316e-02,6.2480e-02,6.0267e-02,5.7697e-02,5.4809e-02,5.1670e-02,4.8361e-02,4.4969e-02,4.1574e-02,3.8236e-02,3.4991e-02,3.1853e-02,2.8818e-02,2.5876e-02,2.3018e-02,2.0236e-02,1.7525e-02,1.4886e-02,1.2321e-02,9.8334e-03,7.4264e-03,5.1025e-03,2.8636e-03,7.1087e-04,-1.3553e-03,-3.3351e-03,-5.2287e-03,-7.0370e-03,-8.7605e-03,-1.0400e-02,-1.1957e-02,-1.3431e-02,-1.4822e-02,-1.6133e-02,-1.7362e-02,-1.8510e-02,-1.9578e-02,-2.0565e-02,-2.1471e-02,-2.2297e-02,-2.3042e-02,-2.3706e-02,-2.4288e-02,-2.4789e-02,-2.5209e-02,-2.5546e-02,-2.5800e-02,-2.5971e-02,-2.6058e-02,-2.6061e-02,-2.5979e-02,-2.5812e-02,-2.5560e-02,-2.5221e-02,-2.4796e-02,-2.4283e-02,-2.3683e-02,-2.2995e-02,-2.2219e-02,-2.1354e-02,-2.0400e-02,-1.9357e-02,-1.8225e-02,-1.7004e-02,-1.5694e-02,-1.4295e-02,-1.2808e-02,-1.1233e-02,-9.5700e-03,-7.8200e-03,-5.9838e-03,-4.0621e-03,-2.0558e-03,3.4150e-05
-7.0837e-04,5.9359e-03,1.2233e-02,1.8185e-02,2.3791e-02,2.9055e-02,3.3978e-02,3.8564e-02,4.2815e-02,4.6736e-02,5.0330e-02,5.3599e-02,5.6550e-02,5.9185e-02,6.1509e-02,6.3527e-02,6.5245e-02,6.6667e-02,6.7798e-02,6.8641e-02,6.9200e-02,6.9474e-02,6.9461e-02,6.9154e-02,6.8542e-02,6.7610e-02,6.6340e-02,6.4713e-02,6.2716e-02,6.0349e-02,5.7629e-02,5.4597e-02,5.1317e-02,4.7871e-02,4.4348e-02,4.0825e-02,3.7365e-02,3.4002e-02,3.0751e-02,2.7609e-02,2.4566e-02,2.1611e-02,1.8736e-02,1.5939e-02,1.3218e-02,1.0577e-02,8.0187e-03,5.5460e-03,3.1617e-03,8.6770e-04,-1.3350e-03,-3.4461e-03,-5.4656e-03,-7.3939e-03,-9.2318e-03,-1.0980e-02,-1.2639e-02,-1.4210e-02,-1.5693e-02,-1.7089e-02,-1.8398e-02,-1.9621e-02,-2.0757e-02,-2.1808e-02,-2.2772e-02,-2.3651e-02,-2.4443e-02,-2.5149e-02,-2.5769e-02,-2.6302e-02,-2.6748e-02,-2.7106e-02,-2.7376e-02,-2.7558e-02,-2.7651e-02,-2.7655e-02,-2.7569e-02,-2.7393e-02,-2.7125e-02,-2.6766e-02,-2.6316e-02,-2.5773e-02,-2.5136e-02,-2.4407e-02,-2.3584e-02,-2.2667e-02,-2.1656e-02,-2.0550e-02,-1.9349e-02,-1.8054e-02,-1.6665e-02,-1.5181e-02,-1.3603e-02,-1.1932e-02,-1.0167e-02,-8.3101e-03,-6.3611e-03,-4.3210e-03,-2.1911e-03,2.7850e-05
-6.9846e-04,5.9286e-03,1.2219e-02,1.8173e-02,2.3791e-02,2.9076e-02,3.4030e-02,3.8654e-02,4.2953e-02,4.6927e-02,5.0582e-02,5.3918e-02,5.6939e-02,5.9649e-02,6.2052e-02,6.4150e-02,6.5948e-02,6.7451e-02,6.8664e-02,6.9589e-02,7.0232e-02,7.0593e-02,7.0674e-02,7.0472e-02,6.9981e-02,6.9189e-02,6.8082e-02,6.6642e-02,6.4852e-02,6.2698e-02,6.0180e-02,5.7314e-02,5.4141e-02,5.0724e-02,4.7146e-02,4.3493e-02,3.9847e-02,3.6268e-02,3.2791e-02,2.9432e-02,2.6186e-02,2.3045e-02,1.9997e-02,1.7035e-02,1.4156e-02,1.1359e-02,8.6467e-03,6.0228e-03,3.4903e-03,1.0516e-03,-1.2915e-03,-3.5380e-03,-5.6874e-03,-7.7400e-03,-9.6963e-03,-1.1557e-02,-1.3322e-02,-1.4994e-02,-1.6571e-02,-1.8056e-02,-1.9448e-02,-2.0748e-02,-2.1957e-02,-2.3073e-02,-2.4098e-02,-2.5032e-02,-2.5874e-02,-2.6624e-02,-2.7283e-02,-2.7849e-02,-2.8322e-02,-2.8703e-02,-2.8991e-02,-2.9185e-02,-2.9284e-02,-2.9289e-02,-2.9199e-02,-2.9013e-02,-2.8730e-02,-2.8351e-02,-2.7875e-02,-2.7300e-02,-2.6627e-02,-2.5856e-02,-2.4985e-02,-2.4014e-02,-2.2944e-02,-2.1774e-02,-2.0503e-02,-1.9132e-02,-1.7661e-02,-1.6090e-02,-1.4419e-02,-1.2649e-02,-1.0780e-02,-8.8120e-03,-6.7469e-03,-4.5854e-03,-2.3280e-03,2.3514e-05
-6.6788e-04,5.9260e-03,1.2193e-02,1.8134e-02,2.3749e-02,2.9040e-02,3.4009e-02,3.8658e-02,4.2989e-02,4.7006e-02,5.0709e-02,5.4101e-02,5.7185e-02,5.9962e-02,6.2436e-02,6.4609e-02,6.6484e-02,6.8066e-02,6.9358e-02,7.0363e-02,7.1086e-02,7.1530e-02,7.1697e-02,7.1588e-02,7.1199e-02,7.0525e-02,6.9556e-02,6.8277e-02,6.6671e-02,6.4720e-02,6.2412e-02,5.9746e-02,5.6737e-02,5.3426e-02,4.9877e-02,4.6170e-02,4.2393e-02,3.8627e-02,3.4933e-02,3.1346e-02,2.7882e-02,2.4537e-02,2.1303e-02,1.8167e-02,1.5122e-02,1.2166e-02,9.2985e-03,6.5214e-03,3.8383e-03,1.2521e-03,-1.2346e-03,-3.6200e-03,-5.9033e-03,-8.0843e-03,-1.0163e-02,-1.2140e-02,-1.4016e-02,-1.5791e-02,-1.7467e-02,-1.9044e-02,-2.0522e-02,-2.1902e-02,-2.3185e-02,-2.4370e-02,-2.5458e-02,-2.6449e-02,-2.7342e-02,-2.8138e-02,-2.8837e-02,-2.9438e-02,-2.9940e-02,-3.0345e-02,-3.0650e-02,-3.0857e-02,-3.0963e-02,-3.0970e-02,-3.0875e-02,-3.0679e-02,-3.0382e-02,-2.9982e-02,-2.9479e-02,-2.8872e-02,-2.8162e-02,-2.7347e-02,-2.6426e-02,-2.5401e-02,-2.4270e-02,-2.3033e-02,-2.1690e-02,-2.0241e-02,-1.8686e-02,-1.7025e-02,-1.5258e-02,-1.3386e-02,-1.1409e-02,-9.3277e-03,-7.1431e-03,-4.8562e-03,-2.4678e-03,2.0627e-05
-6.1823e-04,5.9269e-03,1.2155e-02,1.8067e-02,2.3663e-02,2.8944e-02,3.3914e-02,3.8573e-02,4.2924e-02,4.6968e-02,5.0708e-02,5.4144e-02,5.7279e-02,6.0115e-02,6.2652e-02,6.4893e-02,6.6841e-02,6.8497e-02,6.9864e-02,7.0947e-02,7.1748e-02,7.2271e-02,7.2520e-02,7.2495e-02,7.2197e-02,7.1624e-02,7.0771e-02,6.9626e-02,6.8178e-02,6.6408e-02,6.4300e-02,6.1841e-02,5.9030e-02,5.5883e-02,5.2439e-02,4.8761e-02,4.4929e-02,4.1032e-02,3.7150e-02,3.3345e-02,2.9653e-02,2.6089e-02,2.2650e-02,1.9326e-02,1.6108e-02,1.2987e-02,9.9597e-03,7.0272e-03,4.1914e-03,1.4555e-03,-1.1775e-03,-3.7051e-03,-6.1257e-03,-8.4385e-03,-1.0643e-02,-1.2740e-02,-1.4730e-02,-1.6613e-02,-1.8390e-02,-2.0062e-02,-2.1629e-02,-2.3093e-02,-2.4452e-02,-2.5708e-02,-2.6861e-02,-2.7911e-02,-2.8858e-02,-2.9701e-02,-3.0442e-02,-3.1078e-02,-3.1611e-02,-3.2040e-02,-3.2364e-02,-3.2584e-02,-3.2697e-02,-3.2705e-02,-3.2606e-02,-3.2401e-02,-3.2087e-02,-3.1666e-02,-3.1135e-02,-3.0496e-02,-2.9746e-02,-2.8886e-02,-2.7915e-02,-2.6833e-02,-2.5639e-02,-2.4333e-02,-2.2916e-02,-2.1386e-02,-1.9744e-02,-1.7990e-02,-1.6124e-02,-1.4146e-02,-1.2058e-02,-9.8592e-03,-7.5514e-03,-5.1349e-03,-2.6112e-03,1.8328e-05
-5.5221e-04,5.9293e-03,1.2104e-02,1.7971e-02,2.3533e-02,2.8790e-02,3.3745e-02,3.8399e-02,4.2755e-02,4.6813e-02,5.0576e-02,5.4044e-02,5.7219e-02,6.0101e-02,6.2692e-02,6.4993e-02,6.7005e-02,6.8730e-02,7.0169e-02,7.1326e-02,7.2202e-02,7.2802e-02,7.3127e-02,7.3182e-02,7.2967e-02,7.2484e-02,7.1730e-02,7.0699e-02,6.9382e-02,6.7767e-02,6.5836e-02,6.3574e-02,6.0968e-02,5.8016e-02,5.4734e-02,5.1160e-02,4.7357e-02,4.3406e-02,3.9393e-02,3.5400e-02,3.1489e-02,2.7696e-02,2.4037e-02,2.0509e-02,1.7102e-02,1.3807e-02,1.0615e-02,7.5236e-03,4.5330e-03,1.6455e-03,-1.1359e-03,-3.8082e-03,-6.3692e-03,-8.8172e-03,-1.1152e-02,-1.3372e-02,-1.5479e-02,-1.7473e-02,-1.9355e-02,-2.1125e-02,-2.2784e-02,-2.4333e-02,-2.5772e-02,-2.7101e-02,-2.8321e-02,-2.9432e-02,-3.0433e-02,-3.1326e-02,-3.2109e-02,-3.2783e-02,-3.3347e-02,-3.3801e-02,-3.4144e-02,-3.4376e-02,-3.4497e-02,-3.4506e-02,-3.4403e-02,-3.4187e-02,-3.3857e-02,-3.3412e-02,-3.2853e-02,-3.2179e-02,-3.1389e-02,-3.0482e-02,-2.9458e-02,-2.8317e-02,-2.7058e-02,-2.5681e-02,-2.4185e-02,-2.2572e-02,-2.0839e-02,-1.8989e-02,-1.7020e-02,-1.4933e-02,-1.2730e-02,-1.0410e-02,-7.9739e-03,-5.4236e-03,-2.7600e-03,1.5602e-05
-4.7328e-04,5.9304e-03,1.2037e-02,1.7846e-02,2.3358e-02,2.8577e-02,3.3502e-02,3.8136e-02,4.2482e-02,4.6540e-02,5.0311e-02,5.3797e-02,5.6999e-02,5.9917e-02,6.2551e-02,6.4901e-02,6.6969e-02,6.8755e-02,7.0260e-02,7.1485e-02,7.2433e-02,7.3105e-02,7.3505e-02,7.3636e-02,7.3499e-02,7.3097e-02,7.2430e-02,7.1496e-02,7.0291e-02,6.8805e-02,6.7025e-02,6.4937e-02,6.2524e-02,5.9773e-02,5.6684e-02,5.3271e-02,4.9572e-02,4.5649e-02,4.1582e-02,3.7459e-02,3.3360e-02,2.9348e-02,2.5460e-02,2.1711e-02,1.8100e-02,1.4616e-02,1.1250e-02,7.9946e-03,4.8460e-03,1.8048e-03,-1.1269e-03,-3.9460e-03,-6.6497e-03,-9.2358e-03,-1.1703e-02,-1.4050e-02,-1.6278e-02,-1.8386e-02,-2.0375e-02,-2.2247e-02,-2.4000e-02,-2.5637e-02,-2.7157e-02,-2.8562e-02,-2.9850e-02,-3.1024e-02,-3.2082e-02,-3.3024e-02,-3.3851e-02,-3.4563e-02,-3.5159e-02,-3.5638e-02,-3.6000e-02,-3.6246e-02,-3.6374e-02,-3.6384e-02,-3.6275e-02,-3.6047e-02,-3.5699e-02,-3.5231e-02,-3.4642e-02,-3.3931e-02,-3.3098e-02,-3.2142e-02,-3.1063e-02,-2.9860e-02,-2.8533e-02,-2.7081e-02,-2.5505e-02,-2.3804e-02,-2.1977e-02,-2.0026e-02,-1.7951e-02,-1.5751e-02,-1.3428e-02,-1.0982e-02,-8.4134e-03,-5.7242e-03,-2.9155e-03,1.1306e-05
-3.8552e-04,5.9272e-03,1.1952e-02,1.7688e-02,2.3138e-02,2.8303e-02,3.3185e-02,3.7785e-02,4.2106e-02,4.6149e-02,4.9915e-02,5.3405e-02,5.6620e-02,5.9559e-02,6.2224e-02,6.4613e-02,6.6726e-02,6.8564e-02,7.0126e-02,7.1414e-02,7.2427e-02,7.3168e-02,7.3639e-02,7.3841e-02,7.3778e-02,7.3452e-02,7.2865e-02,7.2017e-02,7.0907e-02,6.9529e-02,6.7876e-02,6.5935e-02,6.3692e-02,6.1131e-02,5.8240e-02,5.5017e-02,5.1477e-02,4.7658e-02,4.3620e-02,3.9443e-02,3.5214e-02,3.1015e-02,2.6907e-02,2.2930e-02,1.9098e-02,1.5410e-02,1.1857e-02,8.4275e-03,5.1154e-03,1.9174e-03,-1.1666e-03,-4.1342e-03,-6.9825e-03,-9.7088e-03,-1.2311e-02,-1.4788e-02,-1.7140e-02,-1.9365e-02,-2.1465e-02,-2.3440e-02,-2.5291e-02,-2.7018e-02,-2.8622e-02,-3.0103e-02,-3.1462e-02,-3.2700e-02,-3.3815e-02,-3.4809e-02,-3.5681e-02,-3.6431e-02,-3.7058e-02,-3.7563e-02,-3.7945e-02,-3.8203e-02,-3.8338e-02,-3.8348e-02,-3.8233e-02,-3.7992e-02,-3.7625e-02,-3.7131e-02,-3.6510e-02,-3.5760e-02,-3.4882e-02,-3.3875e-02,-3.2737e-02,-3.1470e-02,-3.0071e-02,-2.8541e-02,-2.6880e-02,-2.5088e-02,-2.3163e-02,-2.1108e-02,-1.8921e-02,-1.6603e-02,-1.4155e-02,-1.1578e-02,-8.8721e-03,-6.0387e-03,-3.0796e-03,4.0457e-06
-2.9328e-04,5.9160e-03,1.1846e-02,1.7498e-02,2.2872e-02,2.7970e-02,3.2794e-02,3.7346e-02,4.1628e-02,4.5642e-02,4.9389e-02,5.2869e-02,5.6083e-02,5.9031e-02,6.1713e-02,6.4127e-02,6.6275e-02,6.8154e-02,6.9764e-02,7.1105e-02,7.2177e-02,7.2980e-02,7.3516e-02,7.3787e-02,7.3794e-02,7.3540e-02,7.3026e-02,7.2256e-02,7.1229e-02,6.9944e-02,6.8397e-02,6.6580e-02,6.4481e-02,6.2087e-02,5.9382e-02,5.6354e-02,5.3002e-02,4.9339e-02,4.5404e-02,4.1256e-02,3.6974e-02,3.2646e-02,2.8352e-02,2.4157e-02,2.0097e-02,1.6189e-02,1.2432e-02,8.8159e-03,5.3313e-03,1.9712e-03,-1.2680e-03,-4.3859e-03,-7.3804e-03,-1.0249e-02,-1.2989e-02,-1.5598e-02,-1.8076e-02,-2.0421e-02,-2.2634e-02,-2.4715e-02,-2.6666e-02,-2.8485e-02,-3.0175e-02,-3.1735e-02,-3.3166e-02,-3.4469e-02,-3.5643e-02,-3.6689e-02,-3.7606e-02,-3.8395e-02,-3.9054e-02,-3.9585e-02,-3.9986e-02,-4.0257e-02,-4.0397e-02,-4.0406e-02,-4.0283e-02,-4.0029e-02,-3.9641e-02,-3.9119e-02,-3.8464e-02,-3.7673e-02,-3.6747e-02,-3.5685e-02,-3.4487e-02,-3.3151e-02,-3.1677e-02,-3.0066e-02,-2.8316e-02,-2.6428e-02,-2.4401e-02,-2.2236e-02,-1.9933e-02,-1.7492e-02,-1.4915e-02,-1.2201e-02,-9.3519e-03,-6.3689e-03,-3.2533e-03,-7.0333e-06
-2.0086e-04,5.8938e-03,1.1718e-02,1.7273e-02,2.2558e-02,2.7577e-02,3.2331e-02,3.6822e-02,4.1052e-02,4.5023e-02,4.8737e-02,5.2193e-02,5.5392e-02,5.8335e-02,6.1020e-02,6.3448e-02,6.5617e-02,6.7525e-02,6.9172e-02,7.0557e-02,7.1678e-02,7.2537e-02,7.3132e-02,7.3465e-02,7.3537e-02,7.3350e-02,7.2907e-02,7.2209e-02,7.1258e-02,7.0054e-02,6.8598e-02,6.6884e-02,6.4906e-02,6.2653e-02,6.0110e-02,5.7265e-02,5.4105e-02,5.0628e-02,4.6849e-02,4.2803e-02,3.8551e-02,3.4171e-02,2.9749e-02,2.5369e-02,2.1091e-02,1.6957e-02,1.2981e-02,9.1622e-03,5.4924e-03,1.9614e-03,-1.4380e-03,-4.7091e-03,-7.8516e-03,-1.0864e-02,-1.3743e-02,-1.6486e-02,-1.9092e-02,-2.1560e-02,-2.3889e-02,-2.6079e-02,-2.8131e-02,-3.0045e-02,-3.1823e-02,-3.3463e-02,-3.4968e-02,-3.6337e-02,-3.7571e-02,-3.8669e-02,-3.9633e-02,-4.0460e-02,-4.1152e-02,-4.1708e-02,-4.2128e-02,-4.2411e-02,-4.2556e-02,-4.2563e-02,-4.2432e-02,-4.2161e-02,-4.1751e-02,-4.1200e-02,-4.0508e-02,-3.9674e-02,-3.8697e-02,-3.7578e-02,-3.6314e-02,-3.4907e-02,-3.3355e-02,-3.1657e-02,-2.9815e-02,-2.7826e-02,-2.5693e-02,-2.3414e-02,-2.0989e-02,-1.8421e-02,-1.5708e-02,-1.2852e-02,-9.8541e-03,-6.7155e-03,-3.4377e-03,-2.2680e-05
-1.1244e-04,5.8573e-03,1.1565e-02,1.7012e-02,2.2198e-02,2.7126e-02,3.1798e-02,3.6216e-02,4.0382e-02,4.4298e-02,4.7964e-02,5.1383e-02,5.4555e-02,5.7478e-02,6.0154e-02,6.2581e-02,6.4758e-02,6.6684e-02,6.8356e-02,6.9773e-02,7.0935e-02,7.1839e-02,7.2486e-02,7.2875e-02,7.3006e-02,7.2882e-02,7.2504e-02,7.1873e-02,7.0992e-02,6.9863e-02,6.8486e-02,6.6861e-02,6.4984e-02,6.2848e-02,6.0445e-02,5.7759e-02,5.4778e-02,5.1490e-02,4.7894e-02,4.4003e-02,3.9854e-02,3.5504e-02,3.1033e-02,2.6526e-02,2.2065e-02,1.7715e-02,1.3514e-02,9.4782e-03,5.6076e-03,1.8931e-03,-1.6751e-03,-5.1040e-03,-8.3971e-03,-1.1554e-02,-1.4573e-02,-1.7453e-02,-2.0189e-02,-2.2781e-02,-2.5228e-02,-2.7530e-02,-2.9686e-02,-3.1697e-02,-3.3564e-02,-3.5287e-02,-3.6867e-02,-3.8304e-02,-3.9598e-02,-4.0750e-02,-4.1760e-02,-4.2627e-02,-4.3351e-02,-4.3933e-02,-4.4371e-02,-4.4665e-02,-4.4814e-02,-4.4819e-02,-4.4677e-02,-4.4390e-02,-4.3955e-02,-4.3372e-02,-4.2642e-02,-4.1762e-02,-4.0732e-02,-3.9552e-02,-3.8220e-02,-3.6738e-02,-3.5103e-02,-3.3316e-02,-3.1376e-02,-2.9284e-02,-2.7038e-02,-2.4640e-02,-2.2090e-02,-1.9388e-02,-1.6534e-02,-1.3531e-02,-1.0378e-02,-7.0786e-03,-3.6327e-03,-4.2967e-05
-3.1684e-05,5.8040e-03,1.1386e-02,1.6715e-02,2.1792e-02,2.6620e-02,3.1199e-02,3.5533e-02,3.9623e-02,4.3471e-02,4.7079e-02,5.0449e-02,5.3579e-02,5.6472e-02,5.9125e-02,6.1538e-02,6.3711e-02,6.5640e-02,6.7325e-02,6.8764e-02,6.9954e-02,7.0895e-02,7.1584e-02,7.2021e-02,7.2205e-02,7.2138e-02,7.1819e-02,7.1252e-02,7.0436e-02,6.9375e-02,6.8071e-02,6.6524e-02,6.4735e-02,6.2699e-02,6.0411e-02,5.7861e-02,5.5037e-02,5.1926e-02,4.8517e-02,4.4808e-02,4.0812e-02,3.6565e-02,3.2126e-02,2.7570e-02,2.2986e-02,1.8455e-02,1.4040e-02,9.7819e-03,5.6964e-03,1.7833e-03,-1.9658e-03,-5.5609e-03,-9.0091e-03,-1.2314e-02,-1.5475e-02,-1.8490e-02,-2.1359e-02,-2.4077e-02,-2.6644e-02,-2.9059e-02,-3.1322e-02,-3.3432e-02,-3.5390e-02,-3.7198e-02,-3.8854e-02,-4.0360e-02,-4.1717e-02,-4.2923e-02,-4.3980e-02,-4.4887e-02,-4.5644e-02,-4.6251e-02,-4.6707e-02,-4.7012e-02,-4.7165e-02,-4.7166e-02,-4.7013e-02,-4.6707e-02,-4.6247e-02,-4.5631e-02,-4.4859e-02,-4.3931e-02,-4.2846e-02,-4.1602e-02,-4.0200e-02,-3.8639e-02,-3.6919e-02,-3.5038e-02,-3.2997e-02,-3.0796e-02,-2.8435e-02,-2.5913e-02,-2.3232e-02,-2.0391e-02,-1.7393e-02,-1.4236e-02,-1.0924e-02,-7.4572e-03,-3.8377e-03,-6.7484e-05
3.8609e-05,5.7321e-03,1.1180e-02,1.6383e-02,2.1342e-02,2.6060e-02,3.0537e-02,3.4777e-02,3.8781e-02,4.2552e-02,4.6091e-02,4.9399e-02,5.2478e-02,5.5326e-02,5.7945e-02,6.0332e-02,6.2488e-02,6.4409e-02,6.6095e-02,6.7543e-02,6.8751e-02,6.9717e-02,7.0438e-02,7.0915e-02,7.1145e-02,7.1128e-02,7.0864e-02,7.0354e-02,6.9600e-02,6.8604e-02,6.7367e-02,6.5892e-02,6.4179e-02,6.2230e-02,6.0040e-02,5.7605e-02,5.4915e-02,5.1959e-02,4.8724e-02,4.5200e-02,4.1385e-02,3.7293e-02,3.2957e-02,2.8435e-02,2.3805e-02,1.9153e-02,1.4560e-02,1.0091e-02,5.7854e-03,1.6603e-03,-2.2846e-03,-6.0578e-03,-9.6689e-03,-1.3125e-02,-1.6430e-02,-1.9584e-02,-2.2585e-02,-2.5431e-02,-2.8120e-02,-3.0650e-02,-3.3021e-02,-3.5233e-02,-3.7285e-02,-3.9179e-02,-4.0913e-02,-4.2490e-02,-4.3910e-02,-4.5172e-02,-4.6277e-02,-4.7225e-02,-4.8015e-02,-4.8648e-02,-4.9122e-02,-4.9438e-02,-4.9594e-02,-4.9591e-02,-4.9427e-02,-4.9102e-02,-4.8614e-02,-4.7964e-02,-4.7150e-02,-4.6172e-02,-4.5029e-02,-4.3720e-02,-4.2245e-02,-4.0603e-02,-3.8793e-02,-3.6816e-02,-3.4671e-02,-3.2358e-02,-2.9876e-02,-2.7227e-02,-2.4411e-02,-2.1428e-02,-1.8278e-02,-1.4965e-02,-1.1488e-02,-7.8492e-03,-4.0508e-03,-9.5017e-05
9.6276e-05,5.6407e-03,1.0947e-02,1.6017e-02,2.0851e-02,2.5450e-02,2.9817e-02,3.3955e-02,3.7865e-02,4.1549e-02,4.5009e-02,4.8247e-02,5.1262e-02,5.4057e-02,5.6629e-02,5.8980e-02,6.1107e-02,6.3009e-02,6.4684e-02,6.6130e-02,6.7344e-02,6.8324e-02,6.9069e-02,6.9575e-02,6.9842e-02,6.9868e-02,6.9653e-02,6.9196e-02,6.8499e-02,6.7563e-02,6.6390e-02,6.4982e-02,6.3341e-02,6.1469e-02,5.9365e-02,5.7027e-02,5.4452e-02,5.1629e-02,4.8549e-02,4.5198e-02,4.1567e-02,3.7655e-02,3.3473e-02,2.9057e-02,2.4463e-02,1.9768e-02,1.5058e-02,1.0414e-02,5.9008e-03,1.5588e-03,-2.5949e-03,-6.5605e-03,-1.0346e-02,-1.3962e-02,-1.7415e-02,-2.0709e-02,-2.3844e-02,-2.6818e-02,-2.9630e-02,-3.2278e-02,-3.4760e-02,-3.7075e-02,-3.9223e-02,-4.1205e-02,-4.3020e-02,-4.4670e-02,-4.6154e-02,-4.7474e-02,-4.8628e-02,-4.9618e-02,-5.0442e-02,-5.1101e-02,-5.1595e-02,-5.1922e-02,-5.2082e-02,-5.2075e-02,-5.1899e-02,-5.1555e-02,-5.1040e-02,-5.0354e-02,-4.9498e-02,-4.8468e-02,-4.7266e-02,-4.5890e-02,-4.4340e-02,-4.2615e-02,-4.0715e-02,-3.8638e-02,-3.6386e-02,-3.3958e-02,-3.1354e-02,-2.8574e-02,-2.5619e-02,-2.2489e-02,-1.9187e-02,-1.5711e-02,-1.2066e-02,-8.2510e-03,-4.2696e-03,-1.2412e-04
1.3999e-04,5.5294e-03,1.0689e-02,1.5619e-02,2.0320e-02,2.4796e-02,2.9046e-02,3.3074e-02,3.6882e-02,4.0472e-02,4.3845e-02,4.7004e-02,4.9948e-02,5.2679e-02,5.5196e-02,5.7499e-02,5.9587e-02,6.1459e-02,6.3112e-02,6.4545e-02,6.5756e-02,6.6741e-02,6.7498e-02,6.8025e-02,6.8320e-02,6.8382e-02,6.8208e-02,6.7799e-02,6.7154e-02,6.6275e-02,6.5162e-02,6.3818e-02,6.2245e-02,6.0444e-02,5.8419e-02,5.6168e-02,5.3691e-02,5.0983e-02,4.8035e-02,4.4839e-02,4.1381e-02,3.7653e-02,3.3652e-02,2.9392e-02,2.4906e-02,2.0250e-02,1.5500e-02,1.0743e-02,6.0586e-03,1.5128e-03,-2.8541e-03,-7.0249e-03,-1.0999e-02,-1.4786e-02,-1.8395e-02,-2.1833e-02,-2.5104e-02,-2.8208e-02,-3.1144e-02,-3.3910e-02,-3.6504e-02,-3.8924e-02,-4.1171e-02,-4.3244e-02,-4.5142e-02,-4.6867e-02,-4.8419e-02,-4.9797e-02,-5.1003e-02,-5.2036e-02,-5.2897e-02,-5.3584e-02,-5.4098e-02,-5.4437e-02,-5.4602e-02,-5.4592e-02,-5.4405e-02,-5.4041e-02,-5.3500e-02,-5.2779e-02,-5.1879e-02,-5.0799e-02,-4.9538e-02,-4.8094e-02,-4.6468e-02,-4.4660e-02,-4.2667e-02,-4.0490e-02,-3.8130e-02,-3.5585e-02,-3.2856e-02,-2.9943e-02,-2.6847e-02,-2.3569e-02,-2.0109e-02,-1.6470e-02,-1.2652e-02,-8.6586e-03,-4.4910e-03,-1.5234e-04
1.6928e-04,5.3988e-03,1.0406e-02,1.5191e-02,1.9756e-02,2.4101e-02,2.8229e-02,3.2142e-02,3.5842e-02,3.9331e-02,4.2611e-02,4.5683e-02,4.8549e-02,5.1208e-02,5.3662e-02,5.5909e-02,5.7950e-02,5.9782e-02,6.1405e-02,6.2815e-02,6.4012e-02,6.4992e-02,6.5752e-02,6.6291e-02,6.6606e-02,6.6695e-02,6.6557e-02,6.6189e-02,6.5591e-02,6.4765e-02,6.3709e-02,6.2426e-02,6.0919e-02,5.9188e-02,5.7236e-02,5.5066e-02,5.2677e-02,5.0069e-02,4.7237e-02,4.4175e-02,4.0872e-02,3.7317e-02,3.3502e-02,2.9424e-02,2.5095e-02,2.0550e-02,1.5843e-02,1.1050e-02,6.2567e-03,1.5443e-03,-3.0223e-03,-7.4023e-03,-1.1578e-02,-1.5550e-02,-1.9325e-02,-2.2915e-02,-2.6325e-02,-2.9561e-02,-3.2623e-02,-3.5508e-02,-3.8216e-02,-4.0744e-02,-4.3092e-02,-4.5258e-02,-4.7242e-02,-4.9045e-02,-5.0667e-02,-5.2107e-02,-5.3367e-02,-5.4446e-02,-5.5344e-02,-5.6062e-02,-5.6597e-02,-5.6951e-02,-5.7123e-02,-5.7111e-02,-5.6915e-02,-5.6533e-02,-5.5966e-02,-5.5212e-02,-5.4270e-02,-5.3140e-02,-5.1820e-02,-5.0309e-02,-4.8608e-02,-4.6715e-02,-4.4631e-02,-4.2354e-02,-3.9884e-02,-3.7222e-02,-3.4367e-02,-3.1321e-02,-2.8083e-02,-2.4655e-02,-2.1038e-02,-1.7233e-02,-1.3242e-02,-9.0671e-03,-4.7116e-03,-1.7788e-04
1.8439e-04,5.2504e-03,1.0101e-02,1.4738e-02,1.9161e-02,2.3373e-02,2.7374e-02,3.1167e-02,3.4754e-02,3.8138e-02,4.1319e-02,4.4299e-02,4.7080e-02,4.9662e-02,5.2045e-02,5.4230e-02,5.6215e-02,5.8001e-02,5.9584e-02,6.0964e-02,6.2138e-02,6.3105e-02,6.3860e-02,6.4403e-02,6.4730e-02,6.4839e-02,6.4729e-02,6.4396e-02,6.3841e-02,6.3063e-02,6.2062e-02,6.0838e-02,5.9393e-02,5.7730e-02,5.5850e-02,5.3757e-02,5.1451e-02,4.8934e-02,4.6205e-02,4.3261e-02,4.0095e-02,3.6697e-02,3.3056e-02,2.9165e-02,2.5020e-02,2.0636e-02,1.6043e-02,1.1296e-02,6.4723e-03,1.6551e-03,-3.0737e-03,-7.6490e-03,-1.2030e-02,-1.6198e-02,-2.0155e-02,-2.3907e-02,-2.7465e-02,-3.0837e-02,-3.4026e-02,-3.7032e-02,-3.9855e-02,-4.2493e-02,-4.4944e-02,-4.7206e-02,-4.9279e-02,-5.1163e-02,-5.2858e-02,-5.4363e-02,-5.5680e-02,-5.6808e-02,-5.7747e-02,-5.8497e-02,-5.9058e-02,-5.9429e-02,-5.9609e-02,-5.9598e-02,-5.9395e-02,-5.8999e-02,-5.8408e-02,-5.7623e-02,-5.6641e-02,-5.5462e-02,-5.4086e-02,-5.2510e-02,-5.0735e-02,-4.8761e-02,-4.6585e-02,-4.4209e-02,-4.1632e-02,-3.8853e-02,-3.5874e-02,-3.2694e-02,-2.9315e-02,-2.5737e-02,-2.1962e-02,-1.7991e-02,-1.3827e-02,-9.4716e-03,-4.9277e-03,-1.9838e-04
1.8641e-04,5.0859e-03,9.7779e-03,1.4263e-02,1.8542e-02,2.2616e-02,2.6487e-02,3.0157e-02,3.3628e-02,3.6902e-02,3.9980e-02,4.2865e-02,4.5556e-02,4.8056e-02,5.0364e-02,5.2481e-02,5.4405e-02,5.6137e-02,5.7675e-02,5.9018e-02,6.0163e-02,6.1108e-02,6.1852e-02,6.2390e-02,6.2722e-02,6.2845e-02,6.2756e-02,6.2453e-02,6.1935e-02,6.1201e-02,6.0251e-02,5.9084e-02,5.7701e-02,5.6104e-02,5.4296e-02,5.2278e-02,5.0052e-02,4.7622e-02,4.4989e-02,4.2151e-02,3.9106e-02,3.5847e-02,3.2366e-02,2.8652e-02,2.4697e-02,2.0498e-02,1.6069e-02,1.1441e-02,6.6674e-03,1.8241e-03,-3.0046e-03,-7.7375e-03,-1.2309e-02,-1.6679e-02,-2.0828e-02,-2.4757e-02,-2.8474e-02,-3.1989e-02,-3.5310e-02,-3.8439e-02,-4.1379e-02,-4.4128e-02,-4.6684e-02,-4.9045e-02,-5.1210e-02,-5.3179e-02,-5.4950e-02,-5.6525e-02,-5.7902e-02,-5.9083e-02,-6.0066e-02,-6.0853e-02,-6.1442e-02,-6.1833e-02,-6.2026e-02,-6.2020e-02,-6.1813e-02,-6.1404e-02,-6.0794e-02,-5.9980e-02,-5.8962e-02,-5.7738e-02,-5.6308e-02,-5.4671e-02,-5.2825e-02,-5.0771e-02,-4.8508e-02,-4.6035e-02,-4.3353e-02,-4.0460e-02,-3.7359e-02,-3.4048e-02,-3.0530e-02,-2.6804e-02,-2.2873e-02,-1.8738e-02,-1.4402e-02,-9.8670e-03,-5.1361e-03,-2.1241e-04
1.7667e-04,4.9078e-03,9.4387e-03,1.3770e-02,1.7902e-02,2.1837e-02,2.5575e-02,2.9120e-02,3.2472e-02,3.5634e-02,3.8607e-02,4.1392e-02,4.3992e-02,4.6406e-02,4.8635e-02,5.0680e-02,5.2539e-02,5.4213e-02,5.5701e-02,5.7001e-02,5.8111e-02,5.9029e-02,5.9754e-02,6.0283e-02,6.0614e-02,6.0744e-02,6.0671e-02,6.0392e-02,5.9907e-02,5.9213e-02,5.8310e-02,5.7197e-02,5.5874e-02,5.4343e-02,5.2605e-02,5.0662e-02,4.8517e-02,4.6172e-02,4.3630e-02,4.0892e-02,3.7958e-02,3.4824e-02,3.1486e-02,2.7934e-02,2.4159e-02,2.0153e-02,1.5914e-02,1.1452e-02,6.8010e-03,2.0133e-03,-2.8367e-03,-7.6649e-03,-1.2390e-02,-1.6946e-02,-2.1292e-02,-2.5410e-02,-2.9300e-02,-3.2969e-02,-3.6430e-02,-3.9687e-02,-4.2747e-02,-4.5609e-02,-4.8272e-02,-5.0735e-02,-5.2995e-02,-5.5052e-02,-5.6904e-02,-5.8551e-02,-5.9993e-02,-6.1231e-02,-6.2263e-02,-6.3091e-02,-6.3712e-02,-6.4128e-02,-6.4338e-02,-6.4340e-02,-6.4133e-02,-6.3718e-02,-6.3091e-02,-6.2254e-02,-6.1203e-02,-5.9939e-02,-5.8459e-02,-5.6764e-02,-5.4853e-02,-5.2724e-02,-5.0377e-02,-4.7812e-02,-4.5028e-02,-4.2026e-02,-3.8806e-02,-3.5368e-02,-3.1714e-02,-2.7844e-02,-2.3761e-02,-1.9465e-02,-1.4960e-02,-1.0249e-02,-5.3340e-03,-2.1911e-04
1.5711e-04,4.7187e-03,9.0874e-03,1.3263e-02,1.7248e-02,2.1042e-02,2.4647e-02,2.8064e-02,3.1296e-02,3.4344e-02,3.7210e-02,3.9895e-02,4.2400e-02,4.4726e-02,4.6874e-02,4.8844e-02,5.0636e-02,5.2249e-02,5.3682e-02,5.4935e-02,5.6006e-02,5.6894e-02,5.7595e-02,5.8110e-02,5.8434e-02,5.8566e-02,5.8504e-02,5.8245e-02,5.7787e-02,5.7129e-02,5.6270e-02,5.5208e-02,5.3944e-02,5.2478e-02,5.0810e-02,4.8943e-02,4.6879e-02,4.4619e-02,4.2167e-02,3.9526e-02,3.6696e-02,3.3678e-02,3.0470e-02,2.7065e-02,2.3457e-02,1.9634e-02,1.5590e-02,1.1322e-02,6.8414e-03,2.1796e-03,-2.6104e-03,-7.4551e-03,-1.2270e-02,-1.6975e-02,-2.1504e-02,-2.5815e-02,-2.9890e-02,-3.3729e-02,-3.7340e-02,-4.0734e-02,-4.3918e-02,-4.6896e-02,-4.9669e-02,-5.2236e-02,-5.4594e-02,-5.6742e-02,-5.8679e-02,-6.0404e-02,-6.1916e-02,-6.3215e-02,-6.4302e-02,-6.5175e-02,-6.5834e-02,-6.6280e-02,-6.6511e-02,-6.6526e-02,-6.6326e-02,-6.5907e-02,-6.5271e-02,-6.4414e-02,-6.3337e-02,-6.2037e-02,-6.0514e-02,-5.8767e-02,-5.6794e-02,-5.4596e-02,-5.2171e-02,-4.9519e-02,-4.6640e-02,-4.3533e-02,-4.0200e-02,-3.6640e-02,-3.2856e-02,-2.8847e-02,-2.4616e-02,-2.0165e-02,-1.5497e-02,-1.0614e-02,-5.5194e-03,-2.1792e-04
1.2984e-04,4.5216e-03,8.7275e-03,1.2748e-02,1.6584e-02,2.0236e-02,2.3707e-02,2.6997e-02,3.0108e-02,3.3041e-02,3.5799e-02,3.8383e-02,4.0793e-02,4.3030e-02,4.5095e-02,4.6989e-02,4.8711e-02,5.0261e-02,5.1638e-02,5.2842e-02,5.3871e-02,5.4724e-02,5.5400e-02,5.5895e-02,5.6209e-02,5.6339e-02,5.6284e-02,5.6040e-02,5.5606e-02,5.4981e-02,5.4163e-02,5.3150e-02,5.1942e-02,5.0539e-02,4.8941e-02,4.7150e-02,4.5166e-02,4.2993e-02,4.0632e-02,3.8087e-02,3.5360e-02,3.2453e-02,2.9365e-02,2.6095e-02,2.2638e-02,1.8985e-02,1.5128e-02,1.1059e-02,6.7750e-03,2.2879e-03,-2.3721e-03,-7.1523e-03,-1.1980e-02,-1.6771e-02,-2.1443e-02,-2.5933e-02,-3.0198e-02,-3.4219e-02,-3.7996e-02,-4.1538e-02,-4.4855e-02,-4.7955e-02,-5.0841e-02,-5.3514e-02,-5.5973e-02,-5.8217e-02,-6.0243e-02,-6.2050e-02,-6.3637e-02,-6.5003e-02,-6.6149e-02,-6.7073e-02,-6.7776e-02,-6.8256e-02,-6.8515e-02,-6.8550e-02,-6.8360e-02,-6.7945e-02,-6.7304e-02,-6.6435e-02,-6.5337e-02,-6.4008e-02,-6.2448e-02,-6.0655e-02,-5.8628e-02,-5.6367e-02,-5.3871e-02,-5.1139e-02,-4.8171e-02,-4.4967e-02,-4.1527e-02,-3.7852e-02,-3.3944e-02,-2.9803e-02,-2.5432e-02,-2.0832e-02,-1.6006e-02,-1.0958e-02,-5.6911e-03,-2.0925e-04
9.7133e-05,4.3192e-03,8.3626e-03,1.2228e-02,1.5915e-02,1.9426e-02,2.2762e-02,2.5925e-02,2.8915e-02,3.1734e-02,3.4384e-02,3.6866e-02,3.9180e-02,4.1329e-02,4.3311e-02,4.5128e-02,4.6780e-02,4.8266e-02,4.9586e-02,5.0739e-02,5.1725e-02,5.2542e-02,5.3188e-02,5.3663e-02,5.3963e-02,5.4089e-02,5.4036e-02,5.3805e-02,5.3392e-02,5.2796e-02,5.2015e-02,5.1048e-02,4.9895e-02,4.8553e-02,4.7025e-02,4.5309e-02,4.3407e-02,4.1320e-02,3.9052e-02,3.6604e-02,3.3979e-02,3.1180e-02,2.8209e-02,2.5065e-02,2.1747e-02,1.8251e-02,1.4568e-02,1.0689e-02,6.6075e-03,2.3203e-03,-2.1614e-03,-6.8079e-03,-1.1567e-02,-1.6365e-02,-2.1120e-02,-2.5751e-02,-3.0190e-02,-3.4398e-02,-3.8354e-02,-4.2060e-02,-4.5522e-02,-4.8752e-02,-5.1757e-02,-5.4541e-02,-5.7104e-02,-5.9447e-02,-6.1566e-02,-6.3459e-02,-6.5126e-02,-6.6565e-02,-6.7775e-02,-6.8757e-02,-6.9509e-02,-7.0031e-02,-7.0323e-02,-7.0384e-02,-7.0212e-02,-6.9808e-02,-6.9168e-02,-6.8293e-02,-6.7181e-02,-6.5831e-02,-6.4240e-02,-6.2409e-02,-6.0336e-02,-5.8020e-02,-5.5460e-02,-5.2655e-02,-4.9606e-02,-4.6313e-02,-4.2775e-02,-3.8993e-02,-3.4969e-02,-3.0704e-02,-2.6201e-02,-2.1460e-02,-1.6485e-02,-1.1280e-02,-5.8482e-03,-1.9414e-04
6.1087e-05,4.1144e-03,7.9962e-03,1.1707e-02,1.5247e-02,1.8617e-02,2.1819e-02,2.4854e-02,2.7724e-02,3.0430e-02,3.2972e-02,3.5353e-02,3.7573e-02,3.9632e-02,4.1532e-02,4.3273e-02,4.4855e-02,4.6277e-02,4.7540e-02,4.8642e-02,4.9584e-02,5.0363e-02,5.0980e-02,5.1431e-02,5.1717e-02,5.1835e-02,5.1784e-02,5.1562e-02,5.1167e-02,5.0597e-02,4.9851e-02,4.8928e-02,4.7827e-02,4.6545e-02,4.5084e-02,4.3443e-02,4.1623e-02,3.9624e-02,3.7449e-02,3.5099e-02,3.2578e-02,2.9887e-02,2.7030e-02,2.4008e-02,2.0822e-02,1.7470e-02,1.3947e-02,1.0247e-02,6.3595e-03,2.2774e-03,-2.0013e-03,-6.4660e-03,-1.1088e-02,-1.5814e-02,-2.0573e-02,-2.5282e-02,-2.9859e-02,-3.4238e-02,-3.8379e-02,-4.2261e-02,-4.5884e-02,-4.9257e-02,-5.2390e-02,-5.5291e-02,-5.7963e-02,-6.0408e-02,-6.2623e-02,-6.4608e-02,-6.6360e-02,-6.7877e-02,-6.9159e-02,-7.0204e-02,-7.1012e-02,-7.1582e-02,-7.1914e-02,-7.2007e-02,-7.1861e-02,-7.1473e-02,-7.0843e-02,-6.9970e-02,-6.8851e-02,-6.7486e-02,-6.5874e-02,-6.4012e-02,-6.1901e-02,-5.9538e-02,-5.6923e-02,-5.4055e-02,-5.0934e-02,-4.7560e-02,-4.3933e-02,-4.0054e-02,-3.5924e-02,-3.1544e-02,-2.6917e-02,-2.2045e-02,-1.6931e-02,-1.1578e-02,-5.9912e-03,-1.7410e-04
2.4013e-05,3.9100e-03,7.6313e-03,1.1188e-02,1.4582e-02,1.7813e-02,2.0882e-02,2.3791e-02,2.6542e-02,2.9135e-02,3.1571e-02,3.3851e-02,3.5977e-02,3.7949e-02,3.9768e-02,4.1433e-02,4.2946e-02,4.4305e-02,4.5511e-02,4.6563e-02,4.7461e-02,4.8203e-02,4.8789e-02,4.9217e-02,4.9487e-02,4.9597e-02,4.9545e-02,4.9330e-02,4.8951e-02,4.8406e-02,4.7693e-02,4.6811e-02,4.5759e-02,4.4536e-02,4.3141e-02,4.1574e-02,3.9834e-02,3.7923e-02,3.5842e-02,3.3592e-02,3.1174e-02,2.8593e-02,2.5850e-02,2.2948e-02,1.9890e-02,1.6674e-02,1.3300e-02,9.7643e-03,6.0585e-03,2.1742e-03,-1.8963e-03,-6.1551e-03,-1.0592e-02,-1.5178e-02,-1.9861e-02,-2.4571e-02,-2.9223e-02,-3.3737e-02,-3.8047e-02,-4.2111e-02,-4.5909e-02,-4.9441e-02,-5.2715e-02,-5.5742e-02,-5.8530e-02,-6.1081e-02,-6.3398e-02,-6.5478e-02,-6.7320e-02,-6.8921e-02,-7.0280e-02,-7.1395e-02,-7.2266e-02,-7.2891e-02,-7.3271e-02,-7.3404e-02,-7.3289e-02,-7.2926e-02,-7.2312e-02,-7.1448e-02,-7.0331e-02,-6.8961e-02,-6.7334e-02,-6.5451e-02,-6.3310e-02,-6.0909e-02,-5.8248e-02,-5.5326e-02,-5.2143e-02,-4.8698e-02,-4.4993e-02,-4.1026e-02,-3.6800e-02,-3.2317e-02,-2.7577e-02,-2.2584e-02,-1.7341e-02,-1.1852e-02,-6.1203e-03,-1.5118e-04
-1.2293e-05,3.7083e-03,7.2709e-03,1.0676e-02,1.3925e-02,1.7017e-02,1.9956e-02,2.2740e-02,2.5373e-02,2.7854e-02,3.0185e-02,3.2368e-02,3.4401e-02,3.6287e-02,3.8026e-02,3.9617e-02,4.1062e-02,4.2359e-02,4.3510e-02,4.4512e-02,4.5367e-02,4.6072e-02,4.6628e-02,4.7033e-02,4.7287e-02,4.7388e-02,4.7335e-02,4.7126e-02,4.6761e-02,4.6238e-02,4.5556e-02,4.4713e-02,4.3709e-02,4.2542e-02,4.1211e-02,3.9716e-02,3.8057e-02,3.6233e-02,3.4245e-02,3.2094e-02,2.9783e-02,2.7311e-02,2.4684e-02,2.1902e-02,1.8968e-02,1.5885e-02,1.2653e-02,9.2703e-03,5.7326e-03,2.0332e-03,-1.8366e-03,-5.8846e-03,-1.0113e-02,-1.4512e-02,-1.9052e-02,-2.3683e-02,-2.8333e-02,-3.2920e-02,-3.7362e-02,-4.1593e-02,-4.5571e-02,-4.9276e-02,-5.2708e-02,-5.5875e-02,-5.8788e-02,-6.1454e-02,-6.3876e-02,-6.6056e-02,-6.7992e-02,-6.9682e-02,-7.1124e-02,-7.2316e-02,-7.3256e-02,-7.3944e-02,-7.4379e-02,-7.4559e-02,-7.4484e-02,-7.4153e-02,-7.3564e-02,-7.2718e-02,-7.1611e-02,-7.0242e-02,-6.8611e-02,-6.6715e-02,-6.4553e-02,-6.2124e-02,-5.9428e-02,-5.6462e-02,-5.3227e-02,-4.9722e-02,-4.5948e-02,-4.1905e-02,-3.7594e-02,-3.3018e-02,-2.8177e-02,-2.3075e-02,-1.7715e-02,-1.2101e-02,-6.2364e-03,-1.2686e-04
-4.6149e-05,3.5112e-03,6.9173e-03,1.0173e-02,1.3278e-02,1.6235e-02,1.9044e-02,2.1706e-02,2.4222e-02,2.6594e-02,2.8822e-02,3.0907e-02,3.2850e-02,3.4651e-02,3.6311e-02,3.7831e-02,3.9209e-02,4.0446e-02,4.1543e-02,4.2497e-02,4.3310e-02,4.3980e-02,4.4507e-02,4.4889e-02,4.5127e-02,4.5219e-02,4.5164e-02,4.4961e-02,4.4610e-02,4.4108e-02,4.3455e-02,4.2650e-02,4.1691e-02,4.0578e-02,3.9309e-02,3.7885e-02,3.6303e-02,3.4565e-02,3.2670e-02,3.0619e-02,2.8412e-02,2.6052e-02,2.3540e-02,2.0879e-02,1.8071e-02,1.5118e-02,1.2023e-02,8.7857e-03,5.4052e-03,1.8773e-03,-1.8047e-03,-5.6496e-03,-9.6650e-03,-1.3853e-02,-1.8204e-02,-2.2690e-02,-2.7259e-02,-3.1841e-02,-3.6354e-02,-4.0715e-02,-4.4858e-02,-4.8742e-02,-5.2346e-02,-5.5670e-02,-5.8722e-02,-6.1512e-02,-6.4047e-02,-6.6333e-02,-6.8368e-02,-7.0152e-02,-7.1683e-02,-7.2957e-02,-7.3974e-02,-7.4731e-02,-7.5228e-02,-7.5464e-02,-7.5436e-02,-7.5146e-02,-7.4590e-02,-7.3769e-02,-7.2680e-02,-7.1323e-02,-6.9696e-02,-6.7796e-02,-6.5624e-02,-6.3176e-02,-6.0454e-02,-5.7454e-02,-5.4178e-02,-5.0624e-02,-4.6793e-02,-4.2685e-02,-3.8302e-02,-3.3645e-02,-2.8715e-02,-2.3517e-02,-1.8052e-02,-1.2325e-02,-6.3405e-03,-1.0349e-04
-7.6100e-05,3.3206e-03,6.5727e-03,9.6807e-03,1.2646e-02,1.5468e-02,1.8149e-02,2.0690e-02,2.3092e-02,2.5356e-02,2.7483e-02,2.9473e-02,3.1327e-02,3.3046e-02,3.4630e-02,3.6078e-02,3.7392e-02,3.8571e-02,3.9615e-02,4.0524e-02,4.1296e-02,4.1932e-02,4.2431e-02,4.2792e-02,4.3015e-02,4.3098e-02,4.3042e-02,4.2845e-02,4.2506e-02,4.2024e-02,4.1399e-02,4.0630e-02,3.9715e-02,3.8654e-02,3.7445e-02,3.6089e-02,3.4584e-02,3.2929e-02,3.1126e-02,2.9173e-02,2.7071e-02,2.4822e-02,2.2426e-02,1.9885e-02,1.7202e-02,1.4380e-02,1.1419e-02,8.3237e-03,5.0928e-03,1.7255e-03,-1.7820e-03,-5.4366e-03,-9.2466e-03,-1.3220e-02,-1.7359e-02,-2.1653e-02,-2.6075e-02,-3.0574e-02,-3.5080e-02,-3.9510e-02,-4.3782e-02,-4.7830e-02,-5.1612e-02,-5.5107e-02,-5.8315e-02,-6.1243e-02,-6.3903e-02,-6.6301e-02,-6.8442e-02,-7.0325e-02,-7.1950e-02,-7.3313e-02,-7.4413e-02,-7.5247e-02,-7.5814e-02,-7.6112e-02,-7.6140e-02,-7.5898e-02,-7.5384e-02,-7.4597e-02,-7.3535e-02,-7.2198e-02,-7.0584e-02,-6.8690e-02,-6.6516e-02,-6.4061e-02,-6.1322e-02,-5.8300e-02,-5.4993e-02,-5.1402e-02,-4.7525e-02,-4.3364e-02,-3.8920e-02,-3.4195e-02,-2.9189e-02,-2.3907e-02,-1.8350e-02,-1.2525e-02,-6.4336e-03,-8.2657e-05
-1.0102e-04,3.1379e-03,6.2387e-03,9.2018e-03,1.2028e-02,1.4719e-02,1.7275e-02,1.9698e-02,2.1987e-02,2.4145e-02,2.6173e-02,2.8069e-02,2.9837e-02,3.1475e-02,3.2984e-02,3.4364e-02,3.5616e-02,3.6739e-02,3.7732e-02,3.8596e-02,3.9330e-02,3.9933e-02,4.0406e-02,4.0747e-02,4.0955e-02,4.1031e-02,4.0974e-02,4.0782e-02,4.0456e-02,3.9994e-02,3.9396e-02,3.8661e-02,3.7789e-02,3.6777e-02,3.5627e-02,3.4337e-02,3.2905e-02,3.1333e-02,2.9618e-02,2.7762e-02,2.5764e-02,2.3624e-02,2.1344e-02,1.8924e-02,1.6367e-02,1.3674e-02,1.0848e-02,7.8908e-03,4.8049e-03,1.5906e-03,-1.7534e-03,-5.2309e-03,-8.8485e-03,-1.2615e-02,-1.6537e-02,-2.0618e-02,-2.4847e-02,-2.9198e-02,-3.3619e-02,-3.8041e-02,-4.2381e-02,-4.6556e-02,-5.0501e-02,-5.4173e-02,-5.7552e-02,-6.0636e-02,-6.3435e-02,-6.5957e-02,-6.8210e-02,-7.0198e-02,-7.1922e-02,-7.3380e-02,-7.4568e-02,-7.5486e-02,-7.6130e-02,-7.6499e-02,-7.6592e-02,-7.6407e-02,-7.5942e-02,-7.5198e-02,-7.4173e-02,-7.2864e-02,-7.1272e-02,-6.9393e-02,-6.7228e-02,-6.4774e-02,-6.2030e-02,-5.8996e-02,-5.5670e-02,-5.2052e-02,-4.8142e-02,-4.3940e-02,-3.9448e-02,-3.4666e-02,-2.9598e-02,-2.4245e-02,-1.8611e-02,-1.2700e-02,-6.5163e-03,-6.5692e-05
-1.2026e-04,2.9641e-03,5.9164e-03,8.7375e-03,1.1428e-02,1.3990e-02,1.6423e-02,1.8729e-02,2.0909e-02,2.2963e-02,2.4893e-02,2.6699e-02,2.8381e-02,2.9941e-02,3.1377e-02,3.2691e-02,3.3882e-02,3.4950e-02,3.5895e-02,3.6716e-02,3.7414e-02,3.7986e-02,3.8434e-02,3.8756e-02,3.8952e-02,3.9021e-02,3.8963e-02,3.8778e-02,3.8464e-02,3.8022e-02,3.7450e-02,3.6749e-02,3.5917e-02,3.4954e-02,3.3860e-02,3.2633e-02,3.1273e-02,2.9780e-02,2.8152e-02,2.6390e-02,2.4493e-02,2.2462e-02,2.0296e-02,1.7996e-02,1.5563e-02,1.3000e-02,1.0308e-02,7.4887e-03,4.5453e-03,1.4793e-03,-1.7088e-03,-5.0202e-03,-8.4586e-03,-1.2031e-02,-1.5744e-02,-1.9607e-02,-2.3622e-02,-2.7779e-02,-3.2051e-02,-3.6387e-02,-4.0718e-02,-4.4960e-02,-4.9032e-02,-5.2867e-02,-5.6422e-02,-5.9677e-02,-6.2631e-02,-6.5292e-02,-6.7669e-02,-6.9771e-02,-7.1600e-02,-7.3158e-02,-7.4441e-02,-7.5449e-02,-7.6177e-02,-7.6625e-02,-7.6789e-02,-7.6669e-02,-7.6264e-02,-7.5571e-02,-7.4590e-02,-7.3320e-02,-7.1759e-02,-6.9905e-02,-6.7758e-02,-6.5316e-02,-6.2577e-02,-5.9541e-02,-5.6206e-02,-5.2573e-02,-4.8641e-02,-4.4411e-02,-3.9883e-02,-3.5059e-02,-2.9941e-02,-2.4531e-02,-1.8833e-02,-1.2851e-02,-6.5895e-03,-5.3793e-05
-1.3330e-04,2.7998e-03,5.6068e-03,8.2889e-03,1.0847e-02,1.3282e-02,1.5595e-02,1.7787e-02,1.9859e-02,2.1812e-02,2.3646e-02,2.5363e-02,2.6963e-02,2.8445e-02,2.9811e-02,3.1061e-02,3.2193e-02,3.3208e-02,3.4106e-02,3.4887e-02,3.5549e-02,3.6092e-02,3.6517e-02,3.6821e-02,3.7006e-02,3.7070e-02,3.7012e-02,3.6834e-02,3.6533e-02,3.6110e-02,3.5564e-02,3.4896e-02,3.4103e-02,3.3187e-02,3.2147e-02,3.0981e-02,2.9690e-02,2.8274e-02,2.6730e-02,2.5060e-02,2.3261e-02,2.1335e-02,1.9282e-02,1.7100e-02,1.4791e-02,1.2357e-02,9.7975e-03,7.1158e-03,4.3136e-03,1.3931e-03,-1.6439e-03,-4.7969e-03,-8.0671e-03,-1.1458e-02,-1.4976e-02,-1.8630e-02,-2.2426e-02,-2.6368e-02,-3.0445e-02,-3.4631e-02,-3.8875e-02,-4.3107e-02,-4.7245e-02,-5.1206e-02,-5.4925e-02,-5.8356e-02,-6.1481e-02,-6.4298e-02,-6.6814e-02,-6.9041e-02,-7.0984e-02,-7.2648e-02,-7.4032e-02,-7.5135e-02,-7.5955e-02,-7.6488e-02,-7.6733e-02,-7.6686e-02,-7.6348e-02,-7.5715e-02,-7.4788e-02,-7.3565e-02,-7.2044e-02,-7.0225e-02,-6.8106e-02,-6.5685e-02,-6.2962e-02,-5.9935e-02,-5.6603e-02,-5.2966e-02,-4.9024e-02,-4.4777e-02,-4.0226e-02,-3.5372e-02,-3.0218e-02,-2.4765e-02,-1.9017e-02,-1.2978e-02,-6.6531e-03,-4.7497e-05
-1.3991e-04,2.6453e-03,5.3104e-03,7.8565e-03,1.0284e-02,1.2596e-02,1.4791e-02,1.6871e-02,1.8838e-02,2.0692e-02,2.2433e-02,2.4063e-02,2.5582e-02,2.6990e-02,2.8287e-02,2.9473e-02,3.0549e-02,3.1513e-02,3.2366e-02,3.3107e-02,3.3736e-02,3.4252e-02,3.4655e-02,3.4943e-02,3.5117e-02,3.5177e-02,3.5121e-02,3.4950e-02,3.4662e-02,3.4259e-02,3.3739e-02,3.3102e-02,3.2348e-02,3.1478e-02,3.0489e-02,2.9383e-02,2.8159e-02,2.6816e-02,2.5353e-02,2.3771e-02,2.2069e-02,2.0245e-02,1.8301e-02,1.6235e-02,1.4048e-02,1.1741e-02,9.3138e-03,6.7685e-03,4.1064e-03,1.3299e-03,-1.5589e-03,-4.5586e-03,-7.6682e-03,-1.0889e-02,-1.4225e-02,-1.7682e-02,-2.1268e-02,-2.4990e-02,-2.8852e-02,-3.2843e-02,-3.6936e-02,-4.1082e-02,-4.5209e-02,-4.9236e-02,-5.3080e-02,-5.6675e-02,-5.9977e-02,-6.2965e-02,-6.5638e-02,-6.8004e-02,-7.0073e-02,-7.1851e-02,-7.3343e-02,-7.4549e-02,-7.5466e-02,-7.6091e-02,-7.6423e-02,-7.6458e-02,-7.6195e-02,-7.5632e-02,-7.4768e-02,-7.3601e-02,-7.2130e-02,-7.0355e-02,-6.8273e-02,-6.5884e-02,-6.3186e-02,-6.0178e-02,-5.6860e-02,-5.3231e-02,-4.9290e-02,-4.5039e-02,-4.0477e-02,-3.5606e-02,-3.0429e-02,-2.4946e-02,-1.9162e-02,-1.3081e-02,-6.7078e-03,-4.6868e-05
-1.4019e-04,2.5008e-03,5.0274e-03,7.4407e-03,9.7418e-03,1.1932e-02,1.4012e-02,1.5984e-02,1.7848e-02,1.9604e-02,2.1255e-02,2.2800e-02,2.4240e-02,2.5575e-02,2.6805e-02,2.7930e-02,2.8951e-02,2.9866e-02,3.0675e-02,3.1379e-02,3.1976e-02,3.2465e-02,3.2847e-02,3.3121e-02,3.3286e-02,3.3342e-02,3.3289e-02,3.3126e-02,3.2852e-02,3.2468e-02,3.1973e-02,3.1368e-02,3.0652e-02,2.9826e-02,2.8888e-02,2.7839e-02,2.6678e-02,2.5406e-02,2.4022e-02,2.2525e-02,2.0915e-02,1.9191e-02,1.7353e-02,1.5400e-02,1.3332e-02,1.1150e-02,8.8529e-03,6.4423e-03,3.9193e-03,1.2856e-03,-1.4570e-03,-4.3062e-03,-7.2605e-03,-1.0319e-02,-1.3484e-02,-1.6757e-02,-2.0145e-02,-2.3657e-02,-2.7299e-02,-3.1074e-02,-3.4972e-02,-3.8967e-02,-4.3008e-02,-4.7024e-02,-5.0934e-02,-5.4655e-02,-5.8121e-02,-6.1286e-02,-6.4131e-02,-6.6655e-02,-6.8864e-02,-7.0770e-02,-7.2378e-02,-7.3692e-02,-7.4712e-02,-7.5437e-02,-7.5863e-02,-7.5987e-02,-7.5808e-02,-7.5323e-02,-7.4530e-02,-7.3429e-02,-7.2018e-02,-7.0295e-02,-6.8261e-02,-6.5913e-02,-6.3250e-02,-6.0273e-02,-5.6979e-02,-5.3368e-02,-4.9441e-02,-4.5197e-02,-4.0636e-02,-3.5762e-02,-3.0574e-02,-2.5075e-02,-1.9269e-02,-1.3161e-02,-6.7528e-03,-5.2061e-05
-1.3455e-04,2.3659e-03,4.7576e-03,7.0415e-03,9.2189e-03,1.1291e-02,1.3259e-02,1.5124e-02,1.6888e-02,1.8550e-02,2.0112e-02,2.1574e-02,2.2937e-02,2.4201e-02,2.5365e-02,2.6431e-02,2.7398e-02,2.8266e-02,2.9033e-02,2.9700e-02,3.0267e-02,3.0731e-02,3.1094e-02,3.1354e-02,3.1512e-02,3.1565e-02,3.1515e-02,3.1360e-02,3.1100e-02,3.0736e-02,3.0267e-02,2.9693e-02,2.9014e-02,2.8230e-02,2.7341e-02,2.6348e-02,2.5249e-02,2.4045e-02,2.2736e-02,2.1321e-02,1.9799e-02,1.8171e-02,1.6436e-02,1.4593e-02,1.2641e-02,1.0580e-02,8.4108e-03,6.1329e-03,3.7471e-03,1.2547e-03,-1.3429e-03,-4.0438e-03,-6.8459e-03,-9.7476e-03,-1.2748e-02,-1.5849e-02,-1.9053e-02,-2.2367e-02,-2.5797e-02,-2.9353e-02,-3.3035e-02,-3.6835e-02,-4.0725e-02,-4.4655e-02,-4.8555e-02,-5.2342e-02,-5.5934e-02,-5.9264e-02,-6.2287e-02,-6.4984e-02,-6.7352e-02,-6.9399e-02,-7.1135e-02,-7.2567e-02,-7.3698e-02,-7.4528e-02,-7.5055e-02,-7.5276e-02,-7.5188e-02,-7.4790e-02,-7.4078e-02,-7.3051e-02,-7.1708e-02,-7.0049e-02,-6.8071e-02,-6.5774e-02,-6.3158e-02,-6.0220e-02,-5.6961e-02,-5.3380e-02,-4.9477e-02,-4.5251e-02,-4.0705e-02,-3.5838e-02,-3.0653e-02,-2.5152e-02,-1.9338e-02,-1.3216e-02,-6.7883e-03,-6.2414e-05
-1.2350e-04,2.2403e-03,4.5006e-03,6.6586e-03,8.7156e-03,1.0673e-02,1.2532e-02,1.4293e-02,1.5958e-02,1.7528e-02,1.9004e-02,2.0385e-02,2.1673e-02,2.2867e-02,2.3969e-02,2.4977e-02,2.5891e-02,2.6712e-02,2.7439e-02,2.8071e-02,2.8608e-02,2.9049e-02,2.9394e-02,2.9641e-02,2.9791e-02,2.9843e-02,2.9796e-02,2.9650e-02,2.9406e-02,2.9061e-02,2.8617e-02,2.8074e-02,2.7431e-02,2.6689e-02,2.5848e-02,2.4908e-02,2.3869e-02,2.2731e-02,2.1494e-02,2.0157e-02,1.8721e-02,1.7185e-02,1.5549e-02,1.3811e-02,1.1971e-02,1.0029e-02,7.9842e-03,5.8362e-03,3.5853e-03,1.2321e-03,-1.2223e-03,-3.7765e-03,-6.4285e-03,-9.1766e-03,-1.2019e-02,-1.4955e-02,-1.7986e-02,-2.1114e-02,-2.4346e-02,-2.7690e-02,-3.1153e-02,-3.4737e-02,-3.8432e-02,-4.2212e-02,-4.6026e-02,-4.9804e-02,-5.3463e-02,-5.6920e-02,-6.0109e-02,-6.2985e-02,-6.5527e-02,-6.7735e-02,-6.9614e-02,-7.1176e-02,-7.2426e-02,-7.3368e-02,-7.4003e-02,-7.4327e-02,-7.4339e-02,-7.4034e-02,-7.3412e-02,-7.2469e-02,-7.1205e-02,-6.9617e-02,-6.7706e-02,-6.5471e-02,-6.2909e-02,-6.0022e-02,-5.6808e-02,-5.3267e-02,-4.9399e-02,-4.5204e-02,-4.0683e-02,-3.5837e-02,-3.0668e-02,-2.5177e-02,-1.9369e-02,-1.3246e-02,-6.8138e-03,-7.7460e-05
-1.0771e-04,2.1234e-03,4.2561e-03,6.2916e-03,8.2314e-03,1.0077e-02,1.1829e-02,1.3490e-02,1.5060e-02,1.6539e-02,1.7930e-02,1.9233e-02,2.0448e-02,2.1574e-02,2.2614e-02,2.3566e-02,2.4430e-02,2.5205e-02,2.5893e-02,2.6491e-02,2.7000e-02,2.7418e-02,2.7745e-02,2.7981e-02,2.8124e-02,2.8175e-02,2.8132e-02,2.7996e-02,2.7765e-02,2.7441e-02,2.7022e-02,2.6509e-02,2.5902e-02,2.5201e-02,2.4406e-02,2.3518e-02,2.2536e-02,2.1462e-02,2.0294e-02,1.9034e-02,1.7680e-02,1.6232e-02,1.4690e-02,1.3054e-02,1.1322e-02,9.4944e-03,7.5701e-03,5.5485e-03,3.4294e-03,1.2130e-03,-1.1004e-03,-3.5098e-03,-6.0138e-03,-8.6105e-03,-1.1298e-02,-1.4075e-02,-1.6940e-02,-1.9894e-02,-2.2941e-02,-2.6086e-02,-2.9338e-02,-3.2703e-02,-3.6183e-02,-3.9768e-02,-4.3433e-02,-4.7125e-02,-5.0776e-02,-5.4301e-02,-5.7619e-02,-6.0661e-02,-6.3384e-02,-6.5767e-02,-6.7808e-02,-6.9515e-02,-7.0897e-02,-7.1961e-02,-7.2710e-02,-7.3145e-02,-7.3262e-02,-7.3060e-02,-7.2535e-02,-7.1685e-02,-7.0508e-02,-6.9003e-02,-6.7168e-02,-6.5003e-02,-6.2508e-02,-5.9681e-02,-5.6523e-02,-5.3033e-02,-4.9211e-02,-4.5057e-02,-4.0573e-02,-3.5759e-02,-3.0618e-02,-2.5150e-02,-1.9361e-02,-1.3252e-02,-6.8287e-03,-9.6455e-05
-8.7935e-05,2.0144e-03,4.0231e-03,5.9397e-03,7.7657e-03,9.5023e-03,1.1151e-02,1.2714e-02,1.4191e-02,1.5583e-02,1.6892e-02,1.8117e-02,1.9261e-02,2.0322e-02,2.1301e-02,2.2198e-02,2.3012e-02,2.3744e-02,2.4393e-02,2.4958e-02,2.5440e-02,2.5836e-02,2.6146e-02,2.6371e-02,2.6508e-02,2.6558e-02,2.6520e-02,2.6393e-02,2.6178e-02,2.5873e-02,2.5479e-02,2.4996e-02,2.4424e-02,2.3763e-02,2.3014e-02,2.2176e-02,2.1250e-02,2.0237e-02,1.9136e-02,1.7948e-02,1.6672e-02,1.5309e-02,1.3859e-02,1.2320e-02,1.0692e-02,8.9742e-03,7.1663e-03,5.2671e-03,3.2762e-03,1.1932e-03,-9.8202e-04,-3.2490e-03,-5.6068e-03,-8.0542e-03,-1.0589e-02,-1.3210e-02,-1.5915e-02,-1.8704e-02,-2.1576e-02,-2.4536e-02,-2.7589e-02,-3.0742e-02,-3.4004e-02,-3.7375e-02,-4.0846e-02,-4.4390e-02,-4.7956e-02,-5.1474e-02,-5.4861e-02,-5.8034e-02,-6.0925e-02,-6.3490e-02,-6.5709e-02,-6.7580e-02,-6.9109e-02,-7.0307e-02,-7.1181e-02,-7.1733e-02,-7.1963e-02,-7.1870e-02,-7.1450e-02,-7.0701e-02,-6.9621e-02,-6.8207e-02,-6.6459e-02,-6.4375e-02,-6.1955e-02,-5.9199e-02,-5.6107e-02,-5.2678e-02,-4.8913e-02,-4.4812e-02,-4.0376e-02,-3.5606e-02,-3.0504e-02,-2.5073e-02,-1.9314e-02,-1.3233e-02,-6.8323e-03,-1.1824e-04
-6.5282e-05,1.9123e-03,3.8010e-03,5.6022e-03,7.3178e-03,8.9491e-03,1.0498e-02,1.1964e-02,1.3351e-02,1.4658e-02,1.5887e-02,1.7038e-02,1.8112e-02,1.9109e-02,2.0029e-02,2.0872e-02,2.1639e-02,2.2328e-02,2.2939e-02,2.3473e-02,2.3927e-02,2.4302e-02,2.4597e-02,2.4810e-02,2.4942e-02,2.4992e-02,2.4958e-02,2.4841e-02,2.4640e-02,2.4356e-02,2.3986e-02,2.3533e-02,2.2995e-02,2.2373e-02,2.1668e-02,2.0879e-02,2.0007e-02,1.9053e-02,1.8017e-02,1.6898e-02,1.5698e-02,1.4417e-02,1.3053e-02,1.1607e-02,1.0079e-02,8.4672e-03,6.7711e-03,4.9901e-03,3.1231e-03,1.1697e-03,-8.7077e-04,-2.9984e-03,-5.2126e-03,-7.5130e-03,-9.8979e-03,-1.2366e-02,-1.4914e-02,-1.7542e-02,-2.0249e-02,-2.3034e-02,-2.5901e-02,-2.8857e-02,-3.1907e-02,-3.5060e-02,-3.8318e-02,-4.1669e-02,-4.5088e-02,-4.8524e-02,-5.1905e-02,-5.5149e-02,-5.8172e-02,-6.0907e-02,-6.3310e-02,-6.5361e-02,-6.7056e-02,-6.8404e-02,-6.9414e-02,-7.0093e-02,-7.0444e-02,-7.0467e-02,-7.0160e-02,-6.9520e-02,-6.8545e-02,-6.7232e-02,-6.5579e-02,-6.3586e-02,-6.1252e-02,-5.8578e-02,-5.5562e-02,-5.2205e-02,-4.8507e-02,-4.4470e-02,-4.0093e-02,-3.5379e-02,-3.0329e-02,-2.4945e-02,-1.9230e-02,-1.3189e-02,-6.8243e-03,-1.4220e-04
-4.0434e-05,1.8165e-03,3.5888e-03,5.2785e-03,6.8871e-03,8.4160e-03,9.8671e-03,1.1241e-02,1.2540e-02,1.3765e-02,1.4916e-02,1.5994e-02,1.7000e-02,1.7935e-02,1.8798e-02,1.9589e-02,2.0308e-02,2.0956e-02,2.1531e-02,2.2033e-02,2.2461e-02,2.2815e-02,2.3094e-02,2.3298e-02,2.3424e-02,2.3473e-02,2.3445e-02,2.3338e-02,2.3151e-02,2.2886e-02,2.2541e-02,2.2116e-02,2.1612e-02,2.1029e-02,2.0366e-02,1.9625e-02,1.8806e-02,1.7909e-02,1.6935e-02,1.5884e-02,1.4756e-02,1.3552e-02,1.2273e-02,1.0916e-02,9.4828e-03,7.9722e-03,6.3835e-03,4.7159e-03,2.9685e-03,1.1402e-03,-7.6953e-04,-2.7613e-03,-4.8354e-03,-6.9913e-03,-9.2285e-03,-1.1545e-02,-1.3941e-02,-1.6412e-02,-1.8958e-02,-2.1577e-02,-2.4270e-02,-2.7040e-02,-2.9893e-02,-3.2836e-02,-3.5876e-02,-3.9015e-02,-4.2243e-02,-4.5532e-02,-4.8833e-02,-5.2073e-02,-5.5169e-02,-5.8039e-02,-6.0614e-02,-6.2851e-02,-6.4729e-02,-6.6245e-02,-6.7408e-02,-6.8226e-02,-6.8708e-02,-6.8855e-02,-6.8668e-02,-6.8144e-02,-6.7282e-02,-6.6078e-02,-6.4531e-02,-6.2639e-02,-6.0402e-02,-5.7818e-02,-5.4889e-02,-5.1614e-02,-4.7995e-02,-4.4032e-02,-3.9726e-02,-3.5078e-02,-3.0091e-02,-2.4767e-02,-1.9109e-02,-1.3120e-02,-6.8042e-03,-1.6744e-04
-1.4462e-05,1.7257e-03,3.3857e-03,4.9674e-03,6.4724e-03,7.9025e-03,9.2591e-03,1.0544e-02,1.1757e-02,1.2902e-02,1.3977e-02,1.4985e-02,1.5926e-02,1.6799e-02,1.7606e-02,1.8347e-02,1.9020e-02,1.9627e-02,2.0167e-02,2.0638e-02,2.1041e-02,2.1375e-02,2.1639e-02,2.1832e-02,2.1953e-02,2.2002e-02,2.1978e-02,2.1881e-02,2.1709e-02,2.1462e-02,2.1141e-02,2.0745e-02,2.0274e-02,1.9728e-02,1.9107e-02,1.8412e-02,1.7644e-02,1.6803e-02,1.5888e-02,1.4902e-02,1.3845e-02,1.2716e-02,1.1516e-02,1.0245e-02,8.9026e-03,7.4890e-03,6.0030e-03,4.4441e-03,2.8113e-03,1.1036e-03,-6.7988e-04,-2.5401e-03,-4.4776e-03,-6.4928e-03,-8.5851e-03,-1.0754e-02,-1.2998e-02,-1.5316e-02,-1.7704e-02,-2.0163e-02,-2.2690e-02,-2.5286e-02,-2.7954e-02,-3.0700e-02,-3.3531e-02,-3.6454e-02,-3.9471e-02,-4.2571e-02,-4.5727e-02,-4.8888e-02,-5.1983e-02,-5.4929e-02,-5.7641e-02,-6.0053e-02,-6.2120e-02,-6.3821e-02,-6.5156e-02,-6.6130e-02,-6.6754e-02,-6.7035e-02,-6.6976e-02,-6.6577e-02,-6.5835e-02,-6.4749e-02,-6.3317e-02,-6.1535e-02,-5.9404e-02,-5.6922e-02,-5.4090e-02,-5.0909e-02,-4.7378e-02,-4.3500e-02,-3.9275e-02,-3.4705e-02,-2.9793e-02,-2.4540e-02,-1.8950e-02,-1.3025e-02,-6.7716e-03,-1.9335e-04
1.1686e-05,1.6392e-03,3.1908e-03,4.6681e-03,6.0732e-03,7.4075e-03,8.6728e-03,9.8706e-03,1.1002e-02,1.2069e-02,1.3071e-02,1.4010e-02,1.4887e-02,1.5701e-02,1.6454e-02,1.7145e-02,1.7774e-02,1.8341e-02,1.8846e-02,1.9288e-02,1.9666e-02,1.9980e-02,2.0228e-02,2.0411e-02,2.0528e-02,2.0576e-02,2.0557e-02,2.0469e-02,2.0311e-02,2.0083e-02,1.9785e-02,1.9417e-02,1.8978e-02,1.8468e-02,1.7889e-02,1.7239e-02,1.6520e-02,1.5732e-02,1.4876e-02,1.3953e-02,1.2962e-02,1.1905e-02,1.0782e-02,9.5931e-03,8.3381e-03,7.0170e-03,5.6293e-03,4.1744e-03,2.6514e-03,1.0594e-03,-6.0285e-04,-2.3362e-03,-4.1416e-03,-6.0196e-03,-7.9707e-03,-9.9945e-03,-1.2090e-02,-1.4257e-02,-1.6492e-02,-1.8794e-02,-2.1161e-02,-2.3592e-02,-2.6087e-02,-2.8649e-02,-3.1283e-02,-3.3998e-02,-3.6800e-02,-3.9690e-02,-4.2659e-02,-4.5679e-02,-4.8697e-02,-5.1644e-02,-5.4434e-02,-5.6986e-02,-5.9231e-02,-6.1125e-02,-6.2647e-02,-6.3797e-02,-6.4580e-02,-6.5008e-02,-6.5087e-02,-6.4819e-02,-6.4207e-02,-6.3247e-02,-6.1937e-02,-6.0275e-02,-5.8259e-02,-5.5890e-02,-5.3166e-02,-5.0088e-02,-4.6657e-02,-4.2875e-02,-3.8742e-02,-3.4261e-02,-2.9435e-02,-2.4264e-02,-1.8754e-02,-1.2906e-02,-6.7265e-03,-2.1898e-04
3.7190e-05,1.5561e-03,3.0030e-03,4.3798e-03,5.6883e-03,6.9302e-03,8.1074e-03,9.2213e-03,1.0273e-02,1.1264e-02,1.2196e-02,1.3069e-02,1.3884e-02,1.4641e-02,1.5341e-02,1.5984e-02,1.6570e-02,1.7098e-02,1.7569e-02,1.7981e-02,1.8335e-02,1.8629e-02,1.8863e-02,1.9036e-02,1.9147e-02,1.9195e-02,1.9180e-02,1.9101e-02,1.8957e-02,1.8747e-02,1.8472e-02,1.8130e-02,1.7722e-02,1.7249e-02,1.6709e-02,1.6103e-02,1.5432e-02,1.4697e-02,1.3897e-02,1.3034e-02,1.2108e-02,1.1120e-02,1.0071e-02,8.9605e-03,7.7888e-03,6.5563e-03,5.2625e-03,3.9069e-03,2.4888e-03,1.0074e-03,-5.3839e-04,-2.1498e-03,-3.8278e-03,-5.5733e-03,-7.3873e-03,-9.2698e-03,-1.1221e-02,-1.3239e-02,-1.5323e-02,-1.7472e-02,-1.9683e-02,-2.1955e-02,-2.4285e-02,-2.6675e-02,-2.9127e-02,-3.1647e-02,-3.4242e-02,-3.6919e-02,-3.9679e-02,-4.2514e-02,-4.5393e-02,-4.8266e-02,-5.1061e-02,-5.3694e-02,-5.6082e-02,-5.8158e-02,-5.9876e-02,-6.1217e-02,-6.2179e-02,-6.2770e-02,-6.3000e-02,-6.2875e-02,-6.2399e-02,-6.1572e-02,-6.0393e-02,-5.8860e-02,-5.6970e-02,-5.4722e-02,-5.2117e-02,-4.9153e-02,-4.5833e-02,-4.2158e-02,-3.8128e-02,-3.3747e-02,-2.9017e-02,-2.3941e-02,-1.8521e-02,-1.2763e-02,-6.6685e-03,-2.4417e-04
6.1050e-05,1.4756e-03,2.8217e-03,4.1016e-03,5.3171e-03,6.4700e-03,7.5621e-03,8.5950e-03,9.5701e-03,1.0489e-02,1.1352e-02,1.2160e-02,1.2915e-02,1.3617e-02,1.4266e-02,1.4862e-02,1.5405e-02,1.5896e-02,1.6334e-02,1.6717e-02,1.7047e-02,1.7322e-02,1.7542e-02,1.7705e-02,1.7810e-02,1.7858e-02,1.7847e-02,1.7776e-02,1.7645e-02,1.7453e-02,1.7200e-02,1.6884e-02,1.6507e-02,1.6067e-02,1.5566e-02,1.5003e-02,1.4379e-02,1.3694e-02,1.2949e-02,1.2144e-02,1.1281e-02,1.0360e-02,9.3818e-03,8.3466e-03,7.2549e-03,6.1070e-03,4.9028e-03,3.6421e-03,2.3242e-03,9.4845e-04,-4.8619e-04,-1.9808e-03,-3.5366e-03,-5.1546e-03,-6.8359e-03,-8.5813e-03,-1.0391e-02,-1.2265e-02,-1.4201e-02,-1.6200e-02,-1.8259e-02,-2.0375e-02,-2.2547e-02,-2.4773e-02,-2.7054e-02,-2.9393e-02,-3.1794e-02,-3.4266e-02,-3.6816e-02,-3.9444e-02,-4.2140e-02,-4.4877e-02,-4.7602e-02,-5.0243e-02,-5.2716e-02,-5.4939e-02,-5.6842e-02,-5.8383e-02,-5.9541e-02,-6.0315e-02,-6.0712e-02,-6.0743e-02,-6.0414e-02,-5.9729e-02,-5.8689e-02,-5.7292e-02,-5.5537e-02,-5.3421e-02,-5.0943e-02,-4.8105e-02,-4.4906e-02,-4.1349e-02,-3.7434e-02,-3.3164e-02,-2.8542e-02,-2.3570e-02,-1.8253e-02,-1.2594e-02,-6.5976e-03,-2.6840e-04
8.2772e-05,1.3967e-03,2.6460e-03,3.8328e-03,4.9588e-03,6.0260e-03,7.0363e-03,7.9912e-03,8.8922e-03,9.7406e-03,1.0538e-02,1.1284e-02,1.1981e-02,1.2629e-02,1.3228e-02,1.3779e-02,1.4281e-02,1.4735e-02,1.5141e-02,1.5497e-02,1.5803e-02,1.6059e-02,1.6264e-02,1.6417e-02,1.6518e-02,1.6565e-02,1.6557e-02,1.6494e-02,1.6375e-02,1.6200e-02,1.5968e-02,1.5678e-02,1.5330e-02,1.4924e-02,1.4460e-02,1.3938e-02,1.3359e-02,1.2723e-02,1.2031e-02,1.1283e-02,1.0481e-02,9.6241e-03,8.7139e-03,7.7512e-03,6.7361e-03,5.6693e-03,4.5509e-03,3.3806e-03,2.1583e-03,8.8336e-04,-4.4514e-04,-1.8283e-03,-3.2671e-03,-4.7628e-03,-6.3167e-03,-7.9297e-03,-9.6025e-03,-1.1336e-02,-1.3128e-02,-1.4980e-02,-1.6890e-02,-1.8855e-02,-2.0873e-02,-2.2942e-02,-2.5061e-02,-2.7230e-02,-2.9452e-02,-3.1733e-02,-3.4079e-02,-3.6497e-02,-3.8990e-02,-4.1547e-02,-4.4139e-02,-4.6713e-02,-4.9199e-02,-5.1511e-02,-5.3565e-02,-5.5296e-02,-5.6658e-02,-5.7632e-02,-5.8216e-02,-5.8419e-02,-5.8251e-02,-5.7718e-02,-5.6826e-02,-5.5573e-02,-5.3960e-02,-5.1985e-02,-4.9646e-02,-4.6944e-02,-4.3877e-02,-4.0448e-02,-3.6658e-02,-3.2511e-02,-2.8008e-02,-2.3153e-02,-1.7949e-02,-1.2402e-02,-6.5138e-03,-2.9114e-04
1.0160e-04,1.3191e-03,2.4755e-03,3.5727e-03,4.6128e-03,5.5977e-03,6.5293e-03,7.4092e-03,8.2388e-03,9.0198e-03,9.7531e-03,1.0440e-02,1.1081e-02,1.1677e-02,1.2228e-02,1.2735e-02,1.3198e-02,1.3616e-02,1.3990e-02,1.4319e-02,1.4602e-02,1.4840e-02,1.5030e-02,1.5173e-02,1.5268e-02,1.5314e-02,1.5309e-02,1.5254e-02,1.5147e-02,1.4988e-02,1.4776e-02,1.4510e-02,1.4190e-02,1.3817e-02,1.3389e-02,1.2908e-02,1.2373e-02,1.1784e-02,1.1143e-02,1.0450e-02,9.7061e-03,8.9115e-03,8.0672e-03,7.1740e-03,6.2326e-03,5.2436e-03,4.2071e-03,3.1233e-03,1.9921e-03,8.1314e-04,-4.1421e-04,-1.6910e-03,-3.0181e-03,-4.3971e-03,-5.8287e-03,-7.3147e-03,-8.8557e-03,-1.0453e-02,-1.2106e-02,-1.3815e-02,-1.5579e-02,-1.7396e-02,-1.9264e-02,-2.1181e-02,-2.3145e-02,-2.5154e-02,-2.7208e-02,-2.9311e-02,-3.1467e-02,-3.3685e-02,-3.5971e-02,-3.8327e-02,-4.0742e-02,-4.3187e-02,-4.5610e-02,-4.7938e-02,-5.0087e-02,-5.1973e-02,-5.3530e-02,-5.4712e-02,-5.5502e-02,-5.5897e-02,-5.5907e-02,-5.5540e-02,-5.4805e-02,-5.3706e-02,-5.2244e-02,-5.0418e-02,-4.8227e-02,-4.5669e-02,-4.2745e-02,-3.9456e-02,-3.5803e-02,-3.1788e-02,-2.7416e-02,-2.2688e-02,-1.7610e-02,-1.2185e-02,-6.4169e-03,-3.1240e-04
1.1707e-04,1.2422e-03,2.3094e-03,3.3209e-03,4.2785e-03,5.1844e-03,6.0404e-03,6.8483e-03,7.6095e-03,8.3255e-03,8.9975e-03,9.6268e-03,1.0214e-02,1.0760e-02,1.1265e-02,1.1729e-02,1.2153e-02,1.2537e-02,1.2880e-02,1.3183e-02,1.3444e-02,1.3663e-02,1.3840e-02,1.3973e-02,1.4062e-02,1.4106e-02,1.4105e-02,1.4056e-02,1.3960e-02,1.3816e-02,1.3623e-02,1.3381e-02,1.3088e-02,1.2746e-02,1.2354e-02,1.1911e-02,1.1418e-02,1.0876e-02,1.0284e-02,9.6444e-03,8.9567e-03,8.2220e-03,7.4412e-03,6.6152e-03,5.7445e-03,4.8299e-03,3.8719e-03,2.8708e-03,1.8266e-03,7.3920e-04,-3.9186e-04,-1.5674e-03,-2.7883e-03,-4.0558e-03,-5.3711e-03,-6.7353e-03,-8.1500e-03,-9.6159e-03,-1.1134e-02,-1.2704e-02,-1.4326e-02,-1.5999e-02,-1.7722e-02,-1.9491e-02,-2.1304e-02,-2.3160e-02,-2.5056e-02,-2.6994e-02,-2.8975e-02,-3.1006e-02,-3.3093e-02,-3.5245e-02,-3.7462e-02,-3.9734e-02,-4.2032e-02,-4.4302e-02,-4.6472e-02,-4.8458e-02,-5.0175e-02,-5.1558e-02,-5.2561e-02,-5.3167e-02,-5.3374e-02,-5.3190e-02,-5.2627e-02,-5.1692e-02,-5.0390e-02,-4.8721e-02,-4.6686e-02,-4.4283e-02,-4.1511e-02,-3.8372e-02,-3.4867e-02,-3.0997e-02,-2.6766e-02,-2.2177e-02,-1.7235e-02,-1.1943e-02,-6.3070e-03,-3.3160e-04
1.2890e-04,1.1655e-03,2.1474e-03,3.0767e-03,3.9555e-03,4.7857e-03,5.5694e-03,6.3083e-03,7.0039e-03,7.6577e-03,8.2710e-03,8.8448e-03,9.3802e-03,9.8778e-03,1.0338e-02,1.0762e-02,1.1149e-02,1.1499e-02,1.1813e-02,1.2090e-02,1.2329e-02,1.2530e-02,1.2693e-02,1.2816e-02,1.2899e-02,1.2942e-02,1.2942e-02,1.2900e-02,1.2815e-02,1.2685e-02,1.2510e-02,1.2290e-02,1.2024e-02,1.1712e-02,1.1353e-02,1.0947e-02,1.0495e-02,9.9976e-03,9.4540e-03,8.8653e-03,8.2322e-03,7.5555e-03,6.8360e-03,6.0745e-03,5.2719e-03,4.4288e-03,3.5461e-03,2.6240e-03,1.6629e-03,6.6270e-04,-3.7675e-04,-1.4561e-03,-2.5759e-03,-3.7374e-03,-4.9417e-03,-6.1901e-03,-7.4840e-03,-8.8246e-03,-1.0213e-02,-1.1649e-02,-1.3134e-02,-1.4667e-02,-1.6247e-02,-1.7872e-02,-1.9540e-02,-2.1248e-02,-2.2994e-02,-2.4776e-02,-2.6595e-02,-2.8453e-02,-3.0356e-02,-3.2312e-02,-3.4328e-02,-3.6406e-02,-3.8534e-02,-4.0683e-02,-4.2801e-02,-4.4813e-02,-4.6636e-02,-4.8185e-02,-4.9393e-02,-5.0219e-02,-5.0642e-02,-5.0662e-02,-5.0288e-02,-4.9531e-02,-4.8399e-02,-4.6897e-02,-4.5026e-02,-4.2786e-02,-4.0176e-02,-3.7197e-02,-3.3850e-02,-3.0136e-02,-2.6058e-02,-2.1619e-02,-1.6824e-02,-1.1677e-02,-6.1835e-03,-3.4862e-04
1.3696e-04,1.0890e-03,1.9893e-03,2.8400e-03,3.6434e-03,4.4013e-03,5.1159e-03,5.7887e-03,6.4215e-03,7.0158e-03,7.5727e-03,8.0937e-03,8.5793e-03,9.0307e-03,9.4482e-03,9.8325e-03,1.0184e-02,1.0502e-02,1.0787e-02,1.1038e-02,1.1256e-02,1.1440e-02,1.1589e-02,1.1703e-02,1.1780e-02,1.1820e-02,1.1823e-02,1.1786e-02,1.1711e-02,1.1594e-02,1.1437e-02,1.1238e-02,1.0997e-02,1.0713e-02,1.0387e-02,1.0017e-02,9.6048e-03,9.1498e-03,8.6523e-03,8.1131e-03,7.5327e-03,6.9119e-03,6.2514e-03,5.5522e-03,4.8150e-03,4.0407e-03,3.2301e-03,2.3836e-03,1.5018e-03,5.8478e-04,-3.6740e-04,-1.3552e-03,-2.3791e-03,-3.4400e-03,-4.5390e-03,-5.6772e-03,-6.8561e-03,-8.0770e-03,-9.3411e-03,-1.0649e-02,-1.2002e-02,-1.3400e-02,-1.4842e-02,-1.6327e-02,-1.7853e-02,-1.9418e-02,-2.1019e-02,-2.2653e-02,-2.4320e-02,-2.6018e-02,-2.7752e-02,-2.9527e-02,-3.1351e-02,-3.3231e-02,-3.5169e-02,-3.7153e-02,-3.9155e-02,-4.1120e-02,-4.2975e-02,-4.4635e-02,-4.6017e-02,-4.7053e-02,-4.7702e-02,-4.7945e-02,-4.7781e-02,-4.7219e-02,-4.6272e-02,-4.4946e-02,-4.3249e-02,-4.1180e-02,-3.8742e-02,-3.5932e-02,-3.2753e-02,-2.9205e-02,-2.5291e-02,-2.1013e-02,-1.6377e-02,-1.1386e-02,-6.0464e-03,-3.6288e-04
1.4116e-04,1.0125e-03,1.8349e-03,2.6108e-03,3.3422e-03,4.0311e-03,4.6796e-03,5.2895e-03,5.8622e-03,6.3996e-03,6.9028e-03,7.3730e-03,7.8113e-03,8.2183e-03,8.5948e-03,8.9413e-03,9.2581e-03,9.5451e-03,9.8025e-03,1.0030e-02,1.0228e-02,1.0394e-02,1.0530e-02,1.0634e-02,1.0705e-02,1.0743e-02,1.0747e-02,1.0715e-02,1.0648e-02,1.0545e-02,1.0404e-02,1.0225e-02,1.0008e-02,9.7514e-03,9.4558e-03,9.1208e-03,8.7462e-03,8.3324e-03,7.8793e-03,7.3878e-03,6.8582e-03,6.2912e-03,5.6876e-03,5.0483e-03,4.3740e-03,3.6658e-03,2.9243e-03,2.1503e-03,1.3444e-03,5.0660e-04,-3.6260e-04,-1.2634e-03,-2.1962e-03,-3.1617e-03,-4.1609e-03,-5.1947e-03,-6.2645e-03,-7.3717e-03,-8.5175e-03,-9.7031e-03,-1.0930e-02,-1.2197e-02,-1.3506e-02,-1.4856e-02,-1.6245e-02,-1.7671e-02,-1.9132e-02,-2.0625e-02,-2.2147e-02,-2.3697e-02,-2.5274e-02,-2.6883e-02,-2.8529e-02,-3.0221e-02,-3.1965e-02,-3.3763e-02,-3.5604e-02,-3.7459e-02,-3.9273e-02,-4.0972e-02,-4.2471e-02,-4.3688e-02,-4.4555e-02,-4.5029e-02,-4.5094e-02,-4.4749e-02,-4.4004e-02,-4.2870e-02,-4.1357e-02,-3.9469e-02,-3.7209e-02,-3.4578e-02,-3.1577e-02,-2.8205e-02,-2.4465e-02,-2.0360e-02,-1.5893e-02,-1.1070e-02,-5.8948e-03,-3.7397e-04
1.4143e-04,9.3604e-04,1.6845e-03,2.3889e-03,3.0517e-03,3.6749e-03,4.2606e-03,4.8104e-03,5.3261e-03,5.8093e-03,6.2612e-03,6.6830e-03,7.0759e-03,7.4407e-03,7.7779e-03,8.0883e-03,8.3721e-03,8.6293e-03,8.8602e-03,9.0645e-03,9.2419e-03,9.3921e-03,9.5147e-03,9.6089e-03,9.6739e-03,9.7093e-03,9.7141e-03,9.6875e-03,9.6287e-03,9.5370e-03,9.4115e-03,9.2517e-03,9.0568e-03,8.8265e-03,8.5605e-03,8.2583e-03,7.9201e-03,7.5457e-03,7.1354e-03,6.6896e-03,6.2089e-03,5.6937e-03,5.1447e-03,4.5631e-03,3.9494e-03,3.3045e-03,2.6294e-03,1.9247e-03,1.1912e-03,4.2918e-04,-3.6089e-04,-1.1791e-03,-2.0255e-03,-2.9007e-03,-3.8053e-03,-4.7403e-03,-5.7070e-03,-6.7064e-03,-7.7402e-03,-8.8095e-03,-9.9155e-03,-1.1059e-02,-1.2240e-02,-1.3460e-02,-1.4716e-02,-1.6008e-02,-1.7334e-02,-1.8690e-02,-2.0074e-02,-2.1483e-02,-2.2916e-02,-2.4373e-02,-2.5857e-02,-2.7375e-02,-2.8934e-02,-3.0543e-02,-3.2202e-02,-3.3902e-02,-3.5611e-02,-3.7275e-02,-3.8821e-02,-4.0162e-02,-4.1215e-02,-4.1915e-02,-4.2220e-02,-4.2110e-02,-4.1589e-02,-4.0665e-02,-3.9350e-02,-3.7654e-02,-3.5582e-02,-3.3138e-02,-3.0322e-02,-2.7136e-02,-2.3581e-02,-1.9658e-02,-1.5373e-02,-1.0727e-02,-5.7285e-03,-3.8128e-04
1.3869e-04,8.5988e-04,1.5378e-03,2.1745e-03,2.7722e-03,3.3330e-03,3.8588e-03,4.3516e-03,4.8131e-03,5.2447e-03,5.6479e-03,6.0237e-03,6.3734e-03,6.6979e-03,6.9978e-03,7.2736e-03,7.5258e-03,7.7547e-03,7.9601e-03,8.1420e-03,8.3003e-03,8.4346e-03,8.5443e-03,8.6290e-03,8.6881e-03,8.7207e-03,8.7261e-03,8.7036e-03,8.6523e-03,8.5715e-03,8.4604e-03,8.3185e-03,8.1450e-03,7.9394e-03,7.7013e-03,7.4306e-03,7.1269e-03,6.7903e-03,6.4209e-03,6.0190e-03,5.5851e-03,5.1196e-03,4.6233e-03,4.0970e-03,3.5413e-03,2.9573e-03,2.3457e-03,1.7073e-03,1.0431e-03,3.5322e-04,-3.6162e-04,-1.1012e-03,-1.8658e-03,-2.6554e-03,-3.4707e-03,-4.3123e-03,-5.1815e-03,-6.0793e-03,-7.0071e-03,-7.9662e-03,-8.9580e-03,-9.9834e-03,-1.1043e-02,-1.2138e-02,-1.3267e-02,-1.4430e-02,-1.5625e-02,-1.6850e-02,-1.8101e-02,-1.9377e-02,-2.0673e-02,-2.1989e-02,-2.3326e-02,-2.4686e-02,-2.6076e-02,-2.7504e-02,-2.8979e-02,-3.0501e-02,-3.2061e-02,-3.3627e-02,-3.5144e-02,-3.6539e-02,-3.7725e-02,-3.8619e-02,-3.9156e-02,-3.9294e-02,-3.9015e-02,-3.8322e-02,-3.7224e-02,-3.5734e-02,-3.3862e-02,-3.1614e-02,-2.8993e-02,-2.6001e-02,-2.2639e-02,-1.8909e-02,-1.4814e-02,-1.0359e-02,-5.5466e-03,-3.8405e-04
1.3277e-04,7.8466e-04,1.3956e-03,1.9679e-03,2.5039e-03,3.0055e-03,3.4747e-03,3.9134e-03,4.3234e-03,4.7061e-03,5.0629e-03,5.3953e-03,5.7040e-03,5.9902e-03,6.2546e-03,6.4976e-03,6.7199e-03,6.9215e-03,7.1026e-03,7.2632e-03,7.4030e-03,7.5219e-03,7.6194e-03,7.6948e-03,7.7478e-03,7.7775e-03,7.7832e-03,7.7642e-03,7.7198e-03,7.6493e-03,7.5516e-03,7.4265e-03,7.2730e-03,7.0908e-03,6.8793e-03,6.6383e-03,6.3675e-03,6.0668e-03,5.7364e-03,5.3766e-03,4.9875e-03,4.5695e-03,4.1237e-03,3.6503e-03,3.1503e-03,2.6245e-03,2.0738e-03,1.4989e-03,9.0065e-04,2.7955e-04,-3.6363e-04,-1.0288e-03,-1.7156e-03,-2.4242e-03,-3.1550e-03,-3.9088e-03,-4.6862e-03,-5.4882e-03,-6.3163e-03,-7.1715e-03,-8.0554e-03,-8.9692e-03,-9.9138e-03,-1.0890e-02,-1.1898e-02,-1.2937e-02,-1.4007e-02,-1.5105e-02,-1.6229e-02,-1.7376e-02,-1.8544e-02,-1.9728e-02,-2.0929e-02,-2.2146e-02,-2.3382e-02,-2.4646e-02,-2.5945e-02,-2.7288e-02,-2.8677e-02,-3.0099e-02,-3.1525e-02,-3.2899e-02,-3.4146e-02,-3.5181e-02,-3.5920e-02,-3.6299e-02,-3.6275e-02,-3.5832e-02,-3.4973e-02,-3.3707e-02,-3.2049e-02,-3.0008e-02,-2.7591e-02,-2.4801e-02,-2.1642e-02,-1.8114e-02,-1.4220e-02,-9.9636e-03,-5.3489e-03,-3.8158e-04
1.2463e-04,7.1064e-04,1.2583e-03,1.7697e-03,2.2471e-03,2.6926e-03,3.1083e-03,3.4959e-03,3.8571e-03,4.1937e-03,4.5068e-03,4.7979e-03,5.0679e-03,5.3179e-03,5.5487e-03,5.7607e-03,5.9544e-03,6.1303e-03,6.2883e-03,6.4285e-03,6.5508e-03,6.6549e-03,6.7404e-03,6.8070e-03,6.8538e-03,6.8806e-03,6.8863e-03,6.8705e-03,6.8324e-03,6.7711e-03,6.6861e-03,6.5766e-03,6.4419e-03,6.2816e-03,6.0952e-03,5.8823e-03,5.6427e-03,5.3763e-03,5.0830e-03,4.7630e-03,4.4166e-03,4.0442e-03,3.6464e-03,3.2237e-03,2.7769e-03,2.3068e-03,1.8141e-03,1.2997e-03,7.6443e-04,2.0891e-04,-3.6621e-04,-9.6062e-04,-1.5739e-03,-2.2061e-03,-2.8573e-03,-3.5281e-03,-4.2192e-03,-4.9313e-03,-5.6656e-03,-6.4234e-03,-7.2060e-03,-8.0146e-03,-8.8505e-03,-9.7146e-03,-1.0607e-02,-1.1529e-02,-1.2479e-02,-1.3456e-02,-1.4458e-02,-1.5483e-02,-1.6527e-02,-1.7587e-02,-1.8661e-02,-1.9748e-02,-2.0847e-02,-2.1962e-02,-2.3102e-02,-2.4275e-02,-2.5488e-02,-2.6745e-02,-2.8034e-02,-2.9323e-02,-3.0558e-02,-3.1662e-02,-3.2551e-02,-3.3140e-02,-3.3365e-02,-3.3185e-02,-3.2585e-02,-3.1566e-02,-3.0140e-02,-2.8320e-02,-2.6118e-02,-2.3540e-02,-2.0591e-02,-1.7274e-02,-1.3590e-02,-9.5422e-03,-5.1352e-03,-3.7357e-04
1.1503e-04,6.3876e-04,1.1264e-03,1.5803e-03,2.0025e-03,2.3951e-03,2.7602e-03,3.0996e-03,3.4150e-03,3.7080e-03,3.9799e-03,4.2320e-03,4.4656e-03,4.6814e-03,4.8805e-03,5.0631e-03,5.2301e-03,5.3814e-03,5.5176e-03,5.6385e-03,5.7441e-03,5.8341e-03,5.9083e-03,5.9662e-03,6.0072e-03,6.0309e-03,6.0365e-03,6.0234e-03,5.9909e-03,5.9382e-03,5.8648e-03,5.7698e-03,5.6528e-03,5.5131e-03,5.3502e-03,5.1638e-03,4.9536e-03,4.7195e-03,4.4613e-03,4.1793e-03,3.8735e-03,3.5442e-03,3.1921e-03,2.8177e-03,2.4215e-03,2.0044e-03,1.5671e-03,1.1103e-03,6.3509e-04,1.4170e-04,-3.6878e-04,-8.9606e-04,-1.4399e-03,-1.9999e-03,-2.5761e-03,-3.1689e-03,-3.7789e-03,-4.4067e-03,-5.0533e-03,-5.7199e-03,-6.4076e-03,-7.1177e-03,-7.8516e-03,-8.6103e-03,-9.3946e-03,-1.0205e-02,-1.1041e-02,-1.1903e-02,-1.2789e-02,-1.3697e-02,-1.4624e-02,-1.5566e-02,-1.6522e-02,-1.7487e-02,-1.8461e-02,-1.9444e-02,-2.0442e-02,-2.1460e-02,-2.2509e-02,-2.3597e-02,-2.4726e-02,-2.5886e-02,-2.7043e-02,-2.8143e-02,-2.9110e-02,-2.9857e-02,-3.0302e-02,-3.0380e-02,-3.0051e-02,-2.9299e-02,-2.8128e-02,-2.6548e-02,-2.4576e-02,-2.2221e-02,-1.9491e-02,-1.6392e-02,-1.2926e-02,-9.0962e-03,-4.9062e-03,-3.5997e-04
1.0480e-04,5.6987e-04,1.0009e-03,1.4006e-03,1.7707e-03,2.1136e-03,2.4312e-03,2.7252e-03,2.9975e-03,3.2494e-03,3.4827e-03,3.6983e-03,3.8976e-03,4.0814e-03,4.2505e-03,4.4056e-03,4.5472e-03,4.6757e-03,4.7912e-03,4.8940e-03,4.9837e-03,5.0604e-03,5.1237e-03,5.1734e-03,5.2086e-03,5.2293e-03,5.2345e-03,5.2238e-03,5.1963e-03,5.1517e-03,5.0889e-03,5.0075e-03,4.9069e-03,4.7863e-03,4.6456e-03,4.4839e-03,4.3015e-03,4.0976e-03,3.8726e-03,3.6264e-03,3.3589e-03,3.0706e-03,2.7619e-03,2.4332e-03,2.0851e-03,1.7183e-03,1.3335e-03,9.3150e-04,5.1304e-04,7.8797e-05,-3.7065e-04,-8.3456e-04,-1.3127e-03,-1.8047e-03,-2.3104e-03,-2.8302e-03,-3.3643e-03,-3.9132e-03,-4.4779e-03,-5.0593e-03,-5.6585e-03,-6.2769e-03,-6.9156e-03,-7.5757e-03,-8.2585e-03,-8.9644e-03,-9.6940e-03,-1.0447e-02,-1.1222e-02,-1.2019e-02,-1.2834e-02,-1.3665e-02,-1.4508e-02,-1.5361e-02,-1.6220e-02,-1.7085e-02,-1.7956e-02,-1.8837e-02,-1.9738e-02,-2.0667e-02,-2.1634e-02,-2.2640e-02,-2.3675e-02,-2.4705e-02,-2.5676e-02,-2.6511e-02,-2.7124e-02,-2.7431e-02,-2.7368e-02,-2.6896e-02,-2.6001e-02,-2.4684e-02,-2.2960e-02,-2.0843e-02,-1.8343e-02,-1.5472e-02,-1.2232e-02,-8.6278e-03,-4.6633e-03,-3.4169e-04
9.5297e-05,5.0483e-04,8.8279e-04,1.2313e-03,1.5526e-03,1.8488e-03,2.1216e-03,2.3732e-03,2.6051e-03,2.8187e-03,3.0157e-03,3.1972e-03,3.3644e-03,3.5181e-03,3.6593e-03,3.7887e-03,3.9066e-03,4.0136e-03,4.1099e-03,4.1954e-03,4.2703e-03,4.3345e-03,4.3876e-03,4.4293e-03,4.4593e-03,4.4768e-03,4.4815e-03,4.4729e-03,4.4501e-03,4.4126e-03,4.3596e-03,4.2908e-03,4.2053e-03,4.1025e-03,3.9824e-03,3.8440e-03,3.6873e-03,3.5120e-03,3.3181e-03,3.1053e-03,2.8740e-03,2.6242e-03,2.3564e-03,2.0709e-03,1.7683e-03,1.4490e-03,1.1140e-03,7.6360e-04,3.9889e-04,2.0321e-05,-3.7131e-04,-7.7558e-04,-1.1918e-03,-1.6200e-03,-2.0596e-03,-2.5110e-03,-2.9741e-03,-3.4495e-03,-3.9379e-03,-4.4401e-03,-4.9571e-03,-5.4902e-03,-6.0405e-03,-6.6091e-03,-7.1973e-03,-7.8059e-03,-8.4355e-03,-9.0863e-03,-9.7579e-03,-1.0449e-02,-1.1159e-02,-1.1884e-02,-1.2622e-02,-1.3369e-02,-1.4122e-02,-1.4878e-02,-1.5637e-02,-1.6399e-02,-1.7169e-02,-1.7956e-02,-1.8769e-02,-1.9619e-02,-2.0508e-02,-2.1423e-02,-2.2333e-02,-2.3181e-02,-2.3891e-02,-2.4375e-02,-2.4551e-02,-2.4355e-02,-2.3748e-02,-2.2716e-02,-2.1263e-02,-1.9403e-02,-1.7149e-02,-1.4515e-02,-1.1510e-02,-8.1402e-03,-4.4088e-03,-3.1985e-04
8.7555e-05,4.4505e-04,7.7301e-04,1.0737e-03,1.3492e-03,1.6015e-03,1.8327e-03,2.0445e-03,2.2386e-03,2.4167e-03,2.5797e-03,2.7294e-03,2.8667e-03,2.9924e-03,3.1077e-03,3.2131e-03,3.3090e-03,3.3959e-03,3.4741e-03,3.5439e-03,3.6049e-03,3.6572e-03,3.7007e-03,3.7350e-03,3.7598e-03,3.7745e-03,3.7787e-03,3.7717e-03,3.7532e-03,3.7222e-03,3.6783e-03,3.6209e-03,3.5494e-03,3.4633e-03,3.3621e-03,3.2453e-03,3.1126e-03,2.9639e-03,2.7990e-03,2.6176e-03,2.4201e-03,2.2064e-03,1.9769e-03,1.7319e-03,1.4719e-03,1.1975e-03,9.0915e-04,6.0755e-04,2.9327e-04,-3.2786e-05,-3.7021e-04,-7.1840e-04,-1.0768e-03,-1.4449e-03,-1.8228e-03,-2.2103e-03,-2.6073e-03,-3.0145e-03,-3.4322e-03,-3.8611e-03,-4.3022e-03,-4.7564e-03,-5.2250e-03,-5.7090e-03,-6.2097e-03,-6.7281e-03,-7.2650e-03,-7.8207e-03,-8.3955e-03,-8.9887e-03,-9.5989e-03,-1.0225e-02,-1.0863e-02,-1.1511e-02,-1.2165e-02,-1.2822e-02,-1.3479e-02,-1.4135e-02,-1.4792e-02,-1.5455e-02,-1.6133e-02,-1.6837e-02,-1.7576e-02,-1.8352e-02,-1.9155e-02,-1.9950e-02,-2.0682e-02,-2.1273e-02,-2.1636e-02,-2.1689e-02,-2.1368e-02,-2.0634e-02,-1.9474e-02,-1.7892e-02,-1.5904e-02,-1.3524e-02,-1.0765e-02,-7.6367e-03,-4.1459e-03,-2.9733e-04
8.2958e-05,3.9171e-04,6.7279e-04,9.2872e-04,1.1614e-03,1.3731e-03,1.5653e-03,1.7401e-03,1.8991e-03,2.0438e-03,2.1755e-03,2.2957e-03,2.4052e-03,2.5052e-03,2.5963e-03,2.6794e-03,2.7550e-03,2.8235e-03,2.8850e-03,2.9399e-03,2.9881e-03,3.0296e-03,3.0642e-03,3.0917e-03,3.1116e-03,3.1235e-03,3.1270e-03,3.1216e-03,3.1067e-03,3.0817e-03,3.0461e-03,2.9992e-03,2.9407e-03,2.8698e-03,2.7861e-03,2.6893e-03,2.5789e-03,2.4547e-03,2.3166e-03,2.1645e-03,1.9984e-03,1.8184e-03,1.6246e-03,1.4174e-03,1.1973e-03,9.6463e-04,7.1995e-04,4.6382e-04,1.9702e-04,-8.0183e-05,-3.6691e-04,-6.6261e-04,-9.6690e-04,-1.2794e-03,-1.5997e-03,-1.9278e-03,-2.2636e-03,-2.6076e-03,-2.9599e-03,-3.3212e-03,-3.6923e-03,-4.0741e-03,-4.4676e-03,-4.8739e-03,-5.2943e-03,-5.7298e-03,-6.1811e-03,-6.6493e-03,-7.1344e-03,-7.6361e-03,-8.1540e-03,-8.6867e-03,-9.2320e-03,-9.7873e-03,-1.0349e-02,-1.0914e-02,-1.1479e-02,-1.2041e-02,-1.2600e-02,-1.3157e-02,-1.3718e-02,-1.4293e-02,-1.4892e-02,-1.5525e-02,-1.6196e-02,-1.6892e-02,-1.7580e-02,-1.8204e-02,-1.8684e-02,-1.8934e-02,-1.8871e-02,-1.8432e-02,-1.7580e-02,-1.6300e-02,-1.4600e-02,-1.2492e-02,-9.9944e-03,-7.1197e-03,-3.8784e-03,-2.7765e-04
8.3178e-05,3.4609e-04,5.8365e-04,7.9780e-04,9.9058e-04,1.1642e-03,1.3204e-03,1.4608e-03,1.5874e-03,1.7014e-03,1.8042e-03,1.8970e-03,1.9811e-03,2.0571e-03,2.1262e-03,2.1889e-03,2.2456e-03,2.2971e-03,2.3434e-03,2.3847e-03,2.4211e-03,2.4526e-03,2.4789e-03,2.5000e-03,2.5155e-03,2.5248e-03,2.5277e-03,2.5237e-03,2.5122e-03,2.4927e-03,2.4645e-03,2.4274e-03,2.3806e-03,2.3236e-03,2.2560e-03,2.1774e-03,2.0875e-03,1.9859e-03,1.8727e-03,1.7474e-03,1.6103e-03,1.4614e-03,1.3006e-03,1.1285e-03,9.4539e-04,7.5155e-04,5.4739e-04,3.3354e-04,1.1060e-04,-1.2092e-04,-3.6058e-04,-6.0767e-04,-8.6175e-04,-1.1225e-03,-1.3896e-03,-1.6628e-03,-1.9423e-03,-2.2280e-03,-2.5202e-03,-2.8195e-03,-3.1265e-03,-3.4422e-03,-3.7672e-03,-4.1026e-03,-4.4498e-03,-4.8094e-03,-5.1829e-03,-5.5707e-03,-5.9735e-03,-6.3914e-03,-6.8240e-03,-7.2706e-03,-7.7296e-03,-8.1986e-03,-8.6752e-03,-9.1554e-03,-9.6359e-03,-1.0113e-02,-1.0585e-02,-1.1051e-02,-1.1514e-02,-1.1979e-02,-1.2456e-02,-1.2957e-02,-1.3492e-02,-1.4064e-02,-1.4661e-02,-1.5250e-02,-1.5772e-02,-1.6149e-02,-1.6294e-02,-1.6124e-02,-1.5577e-02,-1.4614e-02,-1.3224e-02,-1.1413e-02,-9.1957e-03,-6.5896e-03,-3.6088e-03,-2.6396e-04
8.9739e-05,3.1008e-04,5.0690e-04,6.8213e-04,8.3799e-04,9.7644e-04,1.0991e-03,1.2081e-03,1.3045e-03,1.3903e-03,1.4664e-03,1.5344e-03,1.5949e-03,1.6492e-03,1.6980e-03,1.7420e-03,1.7819e-03,1.8176e-03,1.8500e-03,1.8790e-03,1.9047e-03,1.9271e-03,1.9460e-03,1.9613e-03,1.9726e-03,1.9797e-03,1.9820e-03,1.9791e-03,1.9707e-03,1.9561e-03,1.9349e-03,1.9065e-03,1.8704e-03,1.8260e-03,1.7731e-03,1.7112e-03,1.6400e-03,1.5592e-03,1.4685e-03,1.3680e-03,1.2574e-03,1.1369e-03,1.0065e-03,8.6672e-04,7.1751e-04,5.5929e-04,3.9252e-04,2.1771e-04,3.5249e-05,-1.5444e-04,-3.5054e-04,-5.5281e-04,-7.6077e-04,-9.7398e-04,-1.1921e-03,-1.4150e-03,-1.6427e-03,-1.8751e-03,-2.1125e-03,-2.3554e-03,-2.6043e-03,-2.8597e-03,-3.1226e-03,-3.3939e-03,-3.6748e-03,-3.9660e-03,-4.2688e-03,-4.5838e-03,-4.9119e-03,-5.2534e-03,-5.6083e-03,-5.9761e-03,-6.3559e-03,-6.7455e-03,-7.1430e-03,-7.5453e-03,-7.9487e-03,-8.3499e-03,-8.7453e-03,-9.1326e-03,-9.5119e-03,-9.8854e-03,-1.0260e-02,-1.0646e-02,-1.1055e-02,-1.1499e-02,-1.1980e-02,-1.2486e-02,-1.2983e-02,-1.3412e-02,-1.3695e-02,-1.3743e-02,-1.3475e-02,-1.2827e-02,-1.1763e-02,-1.0272e-02,-8.3593e-03,-6.0416e-03,-3.3363e-03,-2.5865e-04
1.0419e-04,2.8496e-04,4.4393e-04,5.8337e-04,7.0510e-04,8.1099e-04,9.0298e-04,9.8273e-04,1.0519e-03,1.1116e-03,1.1634e-03,1.2085e-03,1.2479e-03,1.2824e-03,1.3129e-03,1.3400e-03,1.3642e-03,1.3862e-03,1.4060e-03,1.4238e-03,1.4399e-03,1.4541e-03,1.4664e-03,1.4765e-03,1.4842e-03,1.4891e-03,1.4910e-03,1.4894e-03,1.4837e-03,1.4736e-03,1.4586e-03,1.4381e-03,1.4116e-03,1.3788e-03,1.3392e-03,1.2924e-03,1.2381e-03,1.1760e-03,1.1058e-03,1.0276e-03,9.4124e-04,8.4656e-04,7.4389e-04,6.3337e-04,5.1501e-04,3.8937e-04,2.5665e-04,1.1738e-04,-2.8223e-05,-1.7952e-04,-3.3605e-04,-4.9748e-04,-6.6317e-04,-8.3294e-04,-1.0067e-03,-1.1838e-03,-1.3645e-03,-1.5486e-03,-1.7365e-03,-1.9283e-03,-2.1246e-03,-2.3259e-03,-2.5331e-03,-2.7469e-03,-2.9682e-03,-3.1982e-03,-3.4377e-03,-3.6876e-03,-3.9486e-03,-4.2215e-03,-4.5061e-03,-4.8027e-03,-5.1104e-03,-5.4279e-03,-5.7535e-03,-6.0844e-03,-6.4177e-03,-6.7499e-03,-7.0771e-03,-7.3960e-03,-7.7047e-03,-8.0030e-03,-8.2943e-03,-8.5855e-03,-8.8873e-03,-9.2126e-03,-9.5726e-03,-9.9704e-03,-1.0393e-02,-1.0807e-02,-1.1152e-02,-1.1348e-02,-1.1309e-02,-1.0951e-02,-1.0212e-02,-9.0553e-03,-7.4710e-03,-5.4657e-03,-3.0563e-03,-2.6124e-04
1.2857e-04,2.7261e-04,3.9673e-04,5.0279e-04,5.9315e-04,6.6925e-04,7.3321e-04,7.8641e-04,8.3050e-04,8.6675e-04,8.9645e-04,9.2099e-04,9.4110e-04,9.5770e-04,9.7176e-04,9.8368e-04,9.9424e-04,1.0037e-03,1.0122e-03,1.0203e-03,1.0277e-03,1.0347e-03,1.0411e-03,1.0468e-03,1.0513e-03,1.0545e-03,1.0561e-03,1.0555e-03,1.0525e-03,1.0465e-03,1.0370e-03,1.0236e-03,1.0059e-03,9.8328e-04,9.5564e-04,9.2241e-04,8.8316e-04,8.3788e-04,7.8630e-04,7.2815e-04,6.6330e-04,5.9193e-04,5.1410e-04,4.2989e-04,3.3933e-04,2.4299e-04,1.4098e-04,3.3684e-05,-7.8540e-05,-1.9529e-04,-3.1608e-04,-4.4062e-04,-5.6834e-04,-6.9910e-04,-8.3260e-04,-9.6859e-04,-1.1071e-03,-1.2479e-03,-1.3914e-03,-1.5376e-03,-1.6870e-03,-1.8402e-03,-1.9979e-03,-2.1606e-03,-2.3293e-03,-2.5051e-03,-2.6884e-03,-2.8806e-03,-3.0823e-03,-3.2942e-03,-3.5165e-03,-3.7496e-03,-3.9929e-03,-4.2457e-03,-4.5064e-03,-4.7732e-03,-5.0432e-03,-5.3132e-03,-5.5797e-03,-5.8390e-03,-6.0875e-03,-6.3238e-03,-6.5480e-03,-6.7636e-03,-6.9782e-03,-7.2033e-03,-7.4523e-03,-7.7364e-03,-8.0592e-03,-8.4074e-03,-8.7463e-03,-9.0154e-03,-9.1349e-03,-9.0163e-03,-8.5773e-03,-7.7556e-03,-6.5156e-03,-4.8472e-03,-2.7582e-03,-2.6612e-04
1.6497e-04,2.7505e-04,3.6692e-04,4.4251e-04,5.0410e-04,5.5293e-04,5.9112e-04,6.2020e-04,6.4171e-04,6.5675e-04,6.6664e-04,6.7259e-04,6.7543e-04,6.7630e-04,6.7567e-04,6.7421e-04,6.7262e-04,6.7102e-04,6.6991e-04,6.6928e-04,6.6935e-04,6.7012e-04,6.7152e-04,6.7331e-04,6.7517e-04,6.7703e-04,6.7839e-04,6.7895e-04,6.7819e-04,6.7595e-04,6.7152e-04,6.6457e-04,6.5459e-04,6.4124e-04,6.2416e-04,6.0274e-04,5.7716e-04,5.4675e-04,5.1139e-04,4.7103e-04,4.2541e-04,3.7468e-04,3.1884e-04,2.5790e-04,1.9216e-04,1.2178e-04,4.6968e-05,-3.1855e-05,-1.1439e-04,-2.0045e-04,-2.8946e-04,-3.8116e-04,-4.7520e-04,-5.7127e-04,-6.6919e-04,-7.6877e-04,-8.6984e-04,-9.7245e-04,-1.0766e-03,-1.1828e-03,-1.2911e-03,-1.4020e-03,-1.5161e-03,-1.6343e-03,-1.7571e-03,-1.8854e-03,-2.0200e-03,-2.1619e-03,-2.3118e-03,-2.4705e-03,-2.6383e-03,-2.8157e-03,-3.0025e-03,-3.1980e-03,-3.4016e-03,-3.6112e-03,-3.8250e-03,-4.0400e-03,-4.2530e-03,-4.4599e-03,-4.6575e-03,-4.8424e-03,-5.0129e-03,-5.1698e-03,-5.3171e-03,-5.4625e-03,-5.6186e-03,-5.7992e-03,-6.0158e-03,-6.2717e-03,-6.5541e-03,-6.8268e-03,-7.0291e-03,-7.0806e-03,-6.8918e-03,-6.3804e-03,-5.4851e-03,-4.1701e-03,-2.4261e-03,-2.6186e-04
2.1512e-04,2.9386e-04,3.5622e-04,4.0402e-04,4.3918e-04,4.6349e-04,4.7855e-04,4.8584e-04,4.8692e-04,4.8298e-04,4.7528e-04,4.6477e-04,4.5251e-04,4.3935e-04,4.2592e-04,4.1283e-04,4.0067e-04,3.8966e-04,3.7996e-04,3.7201e-04,3.6589e-04,3.6129e-04,3.5847e-04,3.5702e-04,3.5687e-04,3.5765e-04,3.5911e-04,3.6077e-04,3.6230e-04,3.6337e-04,3.6364e-04,3.6232e-04,3.5918e-04,3.5396e-04,3.4619e-04,3.3542e-04,3.2146e-04,3.0404e-04,2.8300e-04,2.5822e-04,2.2930e-04,1.9656e-04,1.5981e-04,1.1944e-04,7.5206e-05,2.7422e-05,-2.3536e-05,-7.7568e-05,-1.3440e-04,-1.9368e-04,-2.5495e-04,-3.1808e-04,-3.8274e-04,-4.4869e-04,-5.1554e-04,-5.8337e-04,-6.5193e-04,-7.2137e-04,-7.9177e-04,-8.6316e-04,-9.3589e-04,-1.0105e-03,-1.0873e-03,-1.1672e-03,-1.2506e-03,-1.3383e-03,-1.4312e-03,-1.5302e-03,-1.6359e-03,-1.7491e-03,-1.8703e-03,-1.9999e-03,-2.1380e-03,-2.2844e-03,-2.4382e-03,-2.5984e-03,-2.7631e-03,-2.9301e-03,-3.0965e-03,-3.2585e-03,-3.4126e-03,-3.5553e-03,-3.6831e-03,-3.7951e-03,-3.8920e-03,-3.9781e-03,-4.0623e-03,-4.1574e-03,-4.2775e-03,-4.4350e-03,-4.6331e-03,-4.8582e-03,-5.0739e-03,-5.2183e-03,-5.2101e-03,-4.9598e-03,-4.3849e-03,-3.4241e-03,-2.0426e-03,-2.3133e-04
2.8105e-04,3.3125e-04,3.6658e-04,3.8918e-04,4.0055e-04,4.0248e-04,3.9677e-04,3.8461e-04,3.6755e-04,3.4687e-04,3.2357e-04,2.9871e-04,2.7334e-04,2.4791e-04,2.2365e-04,2.0045e-04,1.7922e-04,1.6022e-04,1.4362e-04,1.2945e-04,1.1804e-04,1.0933e-04,1.0316e-04,9.9216e-05,9.7547e-05,9.7729e-05,9.9372e-05,1.0248e-04,1.0617e-04,1.1035e-04,1.1444e-04,1.1824e-04,1.2126e-04,1.2305e-04,1.2328e-04,1.2175e-04,1.1788e-04,1.1161e-04,1.0276e-04,9.1191e-05,7.6666e-05,5.9299e-05,3.8944e-05,1.5832e-05,-9.9987e-06,-3.8434e-05,-6.9279e-05,-1.0223e-04,-1.3700e-04,-1.7343e-04,-2.1112e-04,-2.4996e-04,-2.8963e-04,-3.2987e-04,-3.7051e-04,-4.1147e-04,-4.5265e-04,-4.9394e-04,-5.3570e-04,-5.7790e-04,-6.2077e-04,-6.6494e-04,-7.1054e-04,-7.5839e-04,-8.0900e-04,-8.6291e-04,-9.2127e-04,-9.8444e-04,-1.0534e-03,-1.1287e-03,-1.2110e-03,-1.3009e-03,-1.3982e-03,-1.5032e-03,-1.6153e-03,-1.7336e-03,-1.8569e-03,-1.9831e-03,-2.1099e-03,-2.2340e-03,-2.3519e-03,-2.4601e-03,-2.5547e-03,-2.6329e-03,-2.6933e-03,-2.7375e-03,-2.7704e-03,-2.8012e-03,-2.8432e-03,-2.9115e-03,-3.0184e-03,-3.1673e-03,-3.3440e-03,-3.5113e-03,-3.6066e-03,-3.5477e-03,-3.2444e-03,-2.6144e-03,-1.5965e-03,-1.5628e-04
3.6512e-04,3.8908e-04,4.0001e-04,3.9968e-04,3.8969e-04,3.7169e-04,3.4740e-04,3.1797e-04,2.8521e-04,2.4974e-04,2.1301e-04,1.7587e-04,1.3907e-04,1.0350e-04,6.9801e-05,3.8333e-05,9.6336e-06,-1.5937e-05,-3.8162e-05,-5.7094e-05,-7.2572e-05,-8.4616e-05,-9.3341e-05,-9.8981e-05,-1.0155e-04,-1.0165e-04,-9.9301e-05,-9.4995e-05,-8.9124e-05,-8.2158e-05,-7.4241e-05,-6.6008e-05,-5.7828e-05,-5.0019e-05,-4.2938e-05,-3.6765e-05,-3.2067e-05,-2.8975e-05,-2.7552e-05,-2.8081e-05,-3.0648e-05,-3.5278e-05,-4.2163e-05,-5.0761e-05,-6.1594e-05,-7.3913e-05,-8.8144e-05,-1.0351e-04,-1.2039e-04,-1.3807e-04,-1.5645e-04,-1.7533e-04,-1.9449e-04,-2.1373e-04,-2.3289e-04,-2.5187e-04,-2.7063e-04,-2.8917e-04,-3.0757e-04,-3.2618e-04,-3.4494e-04,-3.6443e-04,-3.8494e-04,-4.0702e-04,-4.3125e-04,-4.5820e-04,-4.8883e-04,-5.2343e-04,-5.6297e-04,-6.0807e-04,-6.5919e-04,-7.1696e-04,-7.8153e-04,-8.5311e-04,-9.3136e-04,-1.0157e-03,-1.1051e-03,-1.1981e-03,-1.2925e-03,-1.3858e-03,-1.4747e-03,-1.5554e-03,-1.6246e-03,-1.6783e-03,-1.7139e-03,-1.7306e-03,-1.7297e-03,-1.7172e-03,-1.7026e-03,-1.6998e-03,-1.7247e-03,-1.7896e-03,-1.8978e-03,-2.0350e-03,-2.1628e-03,-2.2174e-03,-2.1162e-03,-1.7683e-03,-1.0914e-03,-2.4065e-05
4.6930e-04,4.6965e-04,4.5853e-04,4.3759e-04,4.0849e-04,3.7290e-04,3.3237e-04,2.8805e-04,2.4134e-04,1.9324e-04,1.4502e-04,9.7319e-05,5.1241e-05,7.1041e-06,-3.4325e-05,-7.2289e-05,-1.0695e-04,-1.3768e-04,-1.6430e-04,-1.8690e-04,-2.0522e-04,-2.1945e-04,-2.2990e-04,-2.3637e-04,-2.3935e-04,-2.3923e-04,-2.3599e-04,-2.3030e-04,-2.2236e-04,-2.1267e-04,-2.0152e-04,-1.8941e-04,-1.7674e-04,-1.6360e-04,-1.5082e-04,-1.3838e-04,-1.2664e-04,-1.1588e-04,-1.0626e-04,-9.7923e-05,-9.0912e-05,-8.5413e-05,-8.1372e-05,-7.8786e-05,-7.7415e-05,-7.7337e-05,-7.8335e-05,-8.0273e-05,-8.2806e-05,-8.5842e-05,-8.9120e-05,-9.2447e-05,-9.5569e-05,-9.8519e-05,-1.0112e-04,-1.0315e-04,-1.0462e-04,-1.0570e-04,-1.0620e-04,-1.0668e-04,-1.0707e-04,-1.0788e-04,-1.0921e-04,-1.1191e-04,-1.1620e-04,-1.2298e-04,-1.3254e-04,-1.4583e-04,-1.6307e-04,-1.8529e-04,-2.1300e-04,-2.4651e-04,-2.8634e-04,-3.3252e-04,-3.8484e-04,-4.4313e-04,-5.0648e-04,-5.7374e-04,-6.4324e-04,-7.1268e-04,-7.7949e-04,-8.4014e-04,-8.9082e-04,-9.2807e-04,-9.4827e-04,-9.4870e-04,-9.2901e-04,-8.9111e-04,-8.4087e-04,-7.8897e-04,-7.4989e-04,-7.3966e-04,-7.7112e-04,-8.4764e-04,-9.5352e-04,-1.0502e-03,-1.0729e-03,-9.3743e-04,-5.5280e-04,1.6348e-04
5.9589e-04,5.7494e-04,5.4398e-04,5.0475e-04,4.5890e-04,4.0774e-04,3.5306e-04,2.9590e-04,2.3735e-04,1.7874e-04,1.2092e-04,6.4705e-05,1.0900e-05,-3.9980e-05,-8.7198e-05,-1.3033e-04,-1.6931e-04,-2.0369e-04,-2.3355e-04,-2.5850e-04,-2.7873e-04,-2.9423e-04,-3.0524e-04,-3.1213e-04,-3.1484e-04,-3.1392e-04,-3.0953e-04,-3.0218e-04,-2.9210e-04,-2.7996e-04,-2.6584e-04,-2.5042e-04,-2.3377e-04,-2.1661e-04,-1.9910e-04,-1.8155e-04,-1.6432e-04,-1.4761e-04,-1.3164e-04,-1.1647e-04,-1.0242e-04,-8.9254e-05,-7.7166e-05,-6.6094e-05,-5.5943e-05,-4.6674e-05,-3.7991e-05,-2.9951e-05,-2.2285e-05,-1.4767e-05,-7.2867e-06,5.5879e-07,8.6501e-06,1.7252e-05,2.6386e-05,3.6359e-05,4.6864e-05,5.8040e-05,6.9834e-05,8.1901e-05,9.4116e-05,1.0618e-04,1.1765e-04,1.2813e-04,1.3721e-04,1.4415e-04,1.4874e-04,1.5005e-04,1.4762e-04,1.4072e-04,1.2909e-04,1.1199e-04,8.9280e-05,6.0588e-05,2.6096e-05,-1.4007e-05,-5.9143e-05,-1.0853e-04,-1.6063e-04,-2.1355e-04,-2.6504e-04,-3.1224e-04,-3.5166e-04,-3.7968e-04,-3.9245e-04,-3.8631e-04,-3.5933e-04,-3.1074e-04,-2.4337e-04,-1.6346e-04,-8.2441e-05,-1.4938e-05,2.1927e-05,1.5456e-05,-3.7413e-05,-1.2085e-04,-1.9460e-04,-1.9320e-04,-3.1650e-05,3.8228e-04
7.4711e-04,7.0722e-04,6.5854e-04,6.0337e-04,5.4282e-04,4.7836e-04,4.1134e-04,3.4338e-04,2.7505e-04,2.0767e-04,1.4214e-04,7.9259e-05,1.9509e-05,-3.6225e-05,-8.7772e-05,-1.3461e-04,-1.7655e-04,-2.1333e-04,-2.4472e-04,-2.7080e-04,-2.9182e-04,-3.0776e-04,-3.1859e-04,-3.2490e-04,-3.2680e-04,-3.2466e-04,-3.1870e-04,-3.0949e-04,-2.9732e-04,-2.8279e-04,-2.6592e-04,-2.4762e-04,-2.2797e-04,-2.0735e-04,-1.8626e-04,-1.6490e-04,-1.4357e-04,-1.2258e-04,-1.0198e-04,-8.2187e-05,-6.3043e-05,-4.4841e-05,-2.7381e-05,-1.0755e-05,4.9844e-06,2.0176e-05,3.4824e-05,4.9066e-05,6.3013e-05,7.6987e-05,9.1150e-05,1.0554e-04,1.2040e-04,1.3577e-04,1.5169e-04,1.6837e-04,1.8581e-04,2.0378e-04,2.2236e-04,2.4128e-04,2.6020e-04,2.7903e-04,2.9741e-04,3.1475e-04,3.3088e-04,3.4501e-04,3.5675e-04,3.6563e-04,3.7103e-04,3.7234e-04,3.6907e-04,3.6091e-04,3.4742e-04,3.2840e-04,3.0398e-04,2.7397e-04,2.3913e-04,1.9989e-04,1.5765e-04,1.1361e-04,7.0058e-05,2.9452e-05,-5.2601e-06,-3.0756e-05,-4.3109e-05,-3.8452e-05,-1.3709e-05,3.3349e-05,1.0314e-04,1.9243e-04,2.9401e-04,3.9647e-04,4.8393e-04,5.3950e-04,5.4987e-04,5.1245e-04,4.4355e-04,3.8461e-04,4.0250e-04,5.8338e-04
