5.9449e-03,-8.6737e-04,-3.0824e-03,-2.8656e-03,-2.2727e-03,-2.2069e-03,-2.5088e-03,-2.7287e-03,-2.6698e-03,-2.4188e-03,-2.1482e-03,-1.9731e-03,-1.9175e-03,-1.9469e-03,-2.0059e-03,-2.0463e-03,-2.0385e-03,-1.9714e-03,-1.8487e-03,-1.6832e-03,-1.4899e-03,-1.2844e-03,-1.0795e-03,-8.8520e-04,-7.0781e-04,-5.5081e-04,-4.1573e-04,-3.0257e-04,-2.0980e-04,-1.3559e-04,-7.8417e-05,-3.5949e-05,-6.1542e-06,1.2949e-05,2.3000e-05,2.5779e-05,2.2531e-05,1.5266e-05,4.7013e-06,-7.9647e-06,-2.1562e-05,-3.5502e-05,-4.8257e-05,-6.0089e-05,-6.9819e-05,-7.7099e-05,-8.1412e-05,-8.2709e-05,-8.0206e-05,-7.3977e-05,-6.3583e-05,-4.9256e-05,-3.0942e-05,-8.6352e-06,1.8403e-05,4.9256e-05,8.4028e-05,1.2272e-04,1.6517e-04,2.1133e-04,2.6093e-04,3.1370e-04,3.6944e-04,4.2836e-04,4.8967e-04,5.5324e-04,6.1888e-04,6.8650e-04,7.5597e-04,8.2658e-04,8.9856e-04,9.7132e-04,1.0449e-03,1.1195e-03,1.1946e-03,1.2699e-03,1.3458e-03,1.4224e-03,1.5002e-03,1.5787e-03,1.6589e-03,1.7412e-03,1.8263e-03,1.9153e-03,2.0092e-03,2.1089e-03,2.2169e-03,2.3340e-03,2.4631e-03,2.6058e-03,2.7656e-03,2.9444e-03,3.1461e-03,3.3736e-03,3.6312e-03,3.9221e-03,4.2505e-03,4.6217e-03,5.0386e-03,5.5072e-03
-1.1200e-03,-1.3106e-02,-1.9540e-02,-2.1387e-02,-2.0837e-02,-1.9923e-02,-1.9502e-02,-1.9402e-02,-1.9200e-02,-1.8729e-02,-1.8089e-02,-1.7448e-02,-1.6906e-02,-1.6479e-02,-1.6129e-02,-1.5801e-02,-1.5451e-02,-1.5054e-02,-1.4601e-02,-1.4099e-02,-1.3559e-02,-1.2998e-02,-1.2427e-02,-1.1860e-02,-1.1303e-02,-1.0761e-02,-1.0237e-02,-9.7302e-03,-9.2404e-03,-8.7654e-03,-8.3039e-03,-7.8534e-03,-7.4121e-03,-6.9781e-03,-6.5505e-03,-6.1272e-03,-5.7078e-03,-5.2905e-03,-4.8753e-03,-4.4609e-03,-4.0467e-03,-3.6326e-03,-3.2177e-03,-2.8018e-03,-2.3847e-03,-1.9660e-03,-1.5455e-03,-1.1228e-03,-6.9810e-04,-2.7140e-04,1.5761e-04,5.8912e-04,1.0228e-03,1.4585e-03,1.8967e-03,2.3372e-03,2.7797e-03,3.2244e-03,3.6707e-03,4.1189e-03,4.5690e-03,5.0205e-03,5.4734e-03,5.9276e-03,6.3830e-03,6.8393e-03,7.2959e-03,7.7530e-03,8.2106e-03,8.6681e-03,9.1253e-03,9.5819e-03,1.0038e-02,1.0493e-02,1.0947e-02,1.1399e-02,1.1849e-02,1.2298e-02,1.2745e-02,1.3190e-02,1.3634e-02,1.4075e-02,1.4516e-02,1.4956e-02,1.5395e-02,1.5835e-02,1.6277e-02,1.6722e-02,1.7171e-02,1.7626e-02,1.8090e-02,1.8565e-02,1.9052e-02,1.9556e-02,2.0080e-02,2.0626e-02,2.1199e-02,2.1802e-02,2.2440e-02,2.3116e-02
-3.5965e-03,-2.0064e-02,-3.1695e-02,-3.7736e-02,-3.9206e-02,-3.8318e-02,-3.7073e-02,-3.6291e-02,-3.5786e-02,-3.5162e-02,-3.4281e-02,-3.3254e-02,-3.2239e-02,-3.1326e-02,-3.0522e-02,-2.9785e-02,-2.9065e-02,-2.8320e-02,-2.7529e-02,-2.6687e-02,-2.5801e-02,-2.4883e-02,-2.3947e-02,-2.3006e-02,-2.2069e-02,-2.1142e-02,-2.0228e-02,-1.9328e-02,-1.8442e-02,-1.7568e-02,-1.6703e-02,-1.5847e-02,-1.4997e-02,-1.4151e-02,-1.3308e-02,-1.2468e-02,-1.1629e-02,-1.0790e-02,-9.9513e-03,-9.1124e-03,-8.2731e-03,-7.4330e-03,-6.5924e-03,-5.7509e-03,-4.9083e-03,-4.0648e-03,-3.2208e-03,-2.3755e-03,-1.5293e-03,-6.8261e-04,1.6532e-04,1.0139e-03,1.8630e-03,2.7130e-03,3.5636e-03,4.4146e-03,5.2661e-03,6.1182e-03,6.9707e-03,7.8232e-03,8.6763e-03,9.5294e-03,1.0382e-02,1.1235e-02,1.2088e-02,1.2941e-02,1.3793e-02,1.4644e-02,1.5494e-02,1.6343e-02,1.7191e-02,1.8038e-02,1.8881e-02,1.9723e-02,2.0562e-02,2.1398e-02,2.2230e-02,2.3058e-02,2.3883e-02,2.4702e-02,2.5517e-02,2.6327e-02,2.7132e-02,2.7932e-02,2.8727e-02,2.9517e-02,3.0303e-02,3.1086e-02,3.1866e-02,3.2645e-02,3.3425e-02,3.4206e-02,3.4991e-02,3.5783e-02,3.6584e-02,3.7397e-02,3.8225e-02,3.9071e-02,3.9941e-02,4.0836e-02
-3.1794e-03,-2.2349e-02,-3.8516e-02,-4.9771e-02,-5.5407e-02,-5.6493e-02,-5.5261e-02,-5.3681e-02,-5.2532e-02,-5.1621e-02,-5.0577e-02,-4.9289e-02,-4.7874e-02,-4.6484e-02,-4.5195e-02,-4.4009e-02,-4.2882e-02,-4.1766e-02,-4.0622e-02,-3.9434e-02,-3.8199e-02,-3.6926e-02,-3.5625e-02,-3.4311e-02,-3.2994e-02,-3.1681e-02,-3.0378e-02,-2.9086e-02,-2.7804e-02,-2.6532e-02,-2.5267e-02,-2.4007e-02,-2.2751e-02,-2.1496e-02,-2.0242e-02,-1.8988e-02,-1.7732e-02,-1.6475e-02,-1.5217e-02,-1.3957e-02,-1.2696e-02,-1.1433e-02,-1.0170e-02,-8.9054e-03,-7.6400e-03,-6.3746e-03,-5.1088e-03,-3.8430e-03,-2.5773e-03,-1.3120e-03,-4.6857e-05,1.2175e-03,2.4815e-03,3.7447e-03,5.0071e-03,6.2686e-03,7.5295e-03,8.7893e-03,1.0048e-02,1.1306e-02,1.2563e-02,1.3819e-02,1.5074e-02,1.6328e-02,1.7581e-02,1.8832e-02,2.0082e-02,2.1331e-02,2.2577e-02,2.3822e-02,2.5064e-02,2.6303e-02,2.7540e-02,2.8773e-02,3.0002e-02,3.1227e-02,3.2446e-02,3.3660e-02,3.4868e-02,3.6069e-02,3.7262e-02,3.8448e-02,3.9625e-02,4.0793e-02,4.1951e-02,4.3100e-02,4.4239e-02,4.5369e-02,4.6490e-02,4.7603e-02,4.8708e-02,4.9806e-02,5.0899e-02,5.1989e-02,5.3078e-02,5.4168e-02,5.5262e-02,5.6363e-02,5.7474e-02,5.8599e-02
-1.6741e-03,-2.1661e-02,-4.0588e-02,-5.6428e-02,-6.7290e-02,-7.2510e-02,-7.3208e-02,-7.1626e-02,-6.9706e-02,-6.8186e-02,-6.6870e-02,-6.5408e-02,-6.3716e-02,-6.1915e-02,-6.0148e-02,-5.8481e-02,-5.6910e-02,-5.5389e-02,-5.3873e-02,-5.2329e-02,-5.0742e-02,-4.9112e-02,-4.7449e-02,-4.5763e-02,-4.4067e-02,-4.2370e-02,-4.0678e-02,-3.8993e-02,-3.7317e-02,-3.5648e-02,-3.3984e-02,-3.2324e-02,-3.0665e-02,-2.9005e-02,-2.7343e-02,-2.5679e-02,-2.4011e-02,-2.2341e-02,-2.0666e-02,-1.8990e-02,-1.7310e-02,-1.5629e-02,-1.3946e-02,-1.2262e-02,-1.0578e-02,-8.8937e-03,-7.2098e-03,-5.5265e-03,-3.8440e-03,-2.1630e-03,-4.8341e-04,1.1947e-03,2.8711e-03,4.5458e-03,6.2183e-03,7.8891e-03,9.5579e-03,1.1225e-02,1.2889e-02,1.4552e-02,1.6214e-02,1.7873e-02,1.9530e-02,2.1185e-02,2.2839e-02,2.4490e-02,2.6140e-02,2.7786e-02,2.9432e-02,3.1074e-02,3.2713e-02,3.4349e-02,3.5981e-02,3.7609e-02,3.9232e-02,4.0849e-02,4.2461e-02,4.4065e-02,4.5661e-02,4.7248e-02,4.8825e-02,5.0392e-02,5.1947e-02,5.3489e-02,5.5019e-02,5.6533e-02,5.8033e-02,5.9518e-02,6.0988e-02,6.2442e-02,6.3881e-02,6.5306e-02,6.6716e-02,6.8114e-02,6.9500e-02,7.0877e-02,7.2247e-02,7.3612e-02,7.4975e-02,7.6340e-02
-3.1658e-04,-1.9829e-02,-3.9616e-02,-5.8269e-02,-7.3757e-02,-8.4209e-02,-8.9006e-02,-8.9311e-02,-8.7377e-02,-8.5113e-02,-8.3221e-02,-8.1500e-02,-7.9624e-02,-7.7531e-02,-7.5345e-02,-7.3201e-02,-7.1154e-02,-6.9194e-02,-6.7278e-02,-6.5361e-02,-6.3415e-02,-6.1429e-02,-5.9404e-02,-5.7349e-02,-5.5277e-02,-5.3196e-02,-5.1116e-02,-4.9041e-02,-4.6971e-02,-4.4907e-02,-4.2847e-02,-4.0789e-02,-3.8730e-02,-3.6669e-02,-3.4603e-02,-3.2533e-02,-3.0458e-02,-2.8377e-02,-2.6292e-02,-2.4203e-02,-2.2110e-02,-2.0014e-02,-1.7916e-02,-1.5818e-02,-1.3719e-02,-1.1620e-02,-9.5217e-03,-7.4249e-03,-5.3297e-03,-3.2365e-03,-1.1457e-03,9.4243e-04,3.0282e-03,5.1109e-03,7.1911e-03,9.2684e-03,1.1343e-02,1.3414e-02,1.5483e-02,1.7550e-02,1.9613e-02,2.1674e-02,2.3733e-02,2.5789e-02,2.7843e-02,2.9895e-02,3.1944e-02,3.3990e-02,3.6034e-02,3.8075e-02,4.0112e-02,4.2146e-02,4.4176e-02,4.6200e-02,4.8219e-02,5.0232e-02,5.2238e-02,5.4236e-02,5.6223e-02,5.8201e-02,6.0166e-02,6.2119e-02,6.4056e-02,6.5979e-02,6.7883e-02,6.9770e-02,7.1637e-02,7.3483e-02,7.5308e-02,7.7112e-02,7.8892e-02,8.0650e-02,8.2386e-02,8.4100e-02,8.5793e-02,8.7466e-02,8.9120e-02,9.0758e-02,9.2382e-02,9.3995e-02
3.6988e-04,-1.8115e-02,-3.7450e-02,-5.7001e-02,-7.5350e-02,-9.0464e-02,-1.0049e-01,-1.0486e-01,-1.0477e-01,-1.0248e-01,-9.9874e-02,-9.7608e-02,-9.5483e-02,-9.3198e-02,-9.0708e-02,-8.8139e-02,-8.5617e-02,-8.3189e-02,-8.0839e-02,-7.8526e-02,-7.6208e-02,-7.3860e-02,-7.1475e-02,-6.9055e-02,-6.6609e-02,-6.4149e-02,-6.1684e-02,-5.9219e-02,-5.6758e-02,-5.4300e-02,-5.1846e-02,-4.9392e-02,-4.6937e-02,-4.4478e-02,-4.2013e-02,-3.9542e-02,-3.7064e-02,-3.4579e-02,-3.2087e-02,-2.9590e-02,-2.7089e-02,-2.4584e-02,-2.2076e-02,-1.9567e-02,-1.7058e-02,-1.4549e-02,-1.2042e-02,-9.5363e-03,-7.0328e-03,-4.5323e-03,-2.0349e-03,4.5933e-04,2.9500e-03,5.4373e-03,7.9211e-03,1.0401e-02,1.2878e-02,1.5351e-02,1.7821e-02,2.0288e-02,2.2752e-02,2.5213e-02,2.7671e-02,3.0126e-02,3.2579e-02,3.5030e-02,3.7477e-02,3.9922e-02,4.2365e-02,4.4804e-02,4.7240e-02,4.9672e-02,5.2099e-02,5.4522e-02,5.6938e-02,5.9348e-02,6.1750e-02,6.4142e-02,6.6524e-02,6.8894e-02,7.1250e-02,7.3591e-02,7.5916e-02,7.8221e-02,8.0506e-02,8.2769e-02,8.5007e-02,8.7220e-02,8.9406e-02,9.1564e-02,9.3692e-02,9.5791e-02,9.7858e-02,9.9895e-02,1.0190e-01,1.0388e-01,1.0583e-01,1.0774e-01,1.0964e-01,1.1151e-01
3.7242e-04,-1.7059e-02,-3.5372e-02,-5.4493e-02,-7.3777e-02,-9.1795e-02,-1.0652e-01,-1.1611e-01,-1.2005e-01,-1.1956e-01,-1.1692e-01,-1.1396e-01,-1.1132e-01,-1.0880e-01,-1.0611e-01,-1.0322e-01,-1.0027e-01,-9.7374e-02,-9.4564e-02,-9.1825e-02,-8.9114e-02,-8.6396e-02,-8.3649e-02,-8.0866e-02,-7.8052e-02,-7.5216e-02,-7.2369e-02,-6.9517e-02,-6.6667e-02,-6.3819e-02,-6.0973e-02,-5.8127e-02,-5.5279e-02,-5.2426e-02,-4.9566e-02,-4.6698e-02,-4.3822e-02,-4.0937e-02,-3.8045e-02,-3.5145e-02,-3.2240e-02,-2.9331e-02,-2.6419e-02,-2.3506e-02,-2.0592e-02,-1.7679e-02,-1.4767e-02,-1.1858e-02,-8.9511e-03,-6.0480e-03,-3.1492e-03,-2.5392e-04,2.6371e-03,5.5239e-03,8.4064e-03,1.1285e-02,1.4159e-02,1.7030e-02,1.9897e-02,2.2761e-02,2.5621e-02,2.8479e-02,3.1333e-02,3.4185e-02,3.7035e-02,3.9882e-02,4.2726e-02,4.5568e-02,4.8407e-02,5.1244e-02,5.4077e-02,5.6906e-02,5.9731e-02,6.2551e-02,6.5365e-02,6.8171e-02,7.0970e-02,7.3758e-02,7.6535e-02,7.9298e-02,8.2047e-02,8.4779e-02,8.7491e-02,9.0182e-02,9.2849e-02,9.5491e-02,9.8105e-02,1.0069e-01,1.0324e-01,1.0576e-01,1.0824e-01,1.1068e-01,1.1309e-01,1.1545e-01,1.1778e-01,1.2006e-01,1.2231e-01,1.2452e-01,1.2669e-01,1.2883e-01
-8.5339e-05,-1.6687e-02,-3.3944e-02,-5.2050e-02,-7.0922e-02,-8.9910e-02,-1.0757e-01,-1.2189e-01,-1.3105e-01,-1.3454e-01,-1.3366e-01,-1.3066e-01,-1.2736e-01,-1.2435e-01,-1.2143e-01,-1.1833e-01,-1.1506e-01,-1.1173e-01,-1.0846e-01,-1.0526e-01,-1.0214e-01,-9.9029e-02,-9.5913e-02,-9.2768e-02,-8.9590e-02,-8.6385e-02,-8.3161e-02,-7.9927e-02,-7.6691e-02,-7.3455e-02,-7.0220e-02,-6.6985e-02,-6.3747e-02,-6.0504e-02,-5.7254e-02,-5.3994e-02,-5.0725e-02,-4.7446e-02,-4.4158e-02,-4.0862e-02,-3.7559e-02,-3.4252e-02,-3.0941e-02,-2.7628e-02,-2.4315e-02,-2.1002e-02,-1.7692e-02,-1.4385e-02,-1.1081e-02,-7.7811e-03,-4.4859e-03,-1.1956e-03,2.0901e-03,5.3710e-03,8.6473e-03,1.1919e-02,1.5186e-02,1.8449e-02,2.1709e-02,2.4965e-02,2.8217e-02,3.1467e-02,3.4714e-02,3.7959e-02,4.1201e-02,4.4441e-02,4.7679e-02,5.0915e-02,5.4149e-02,5.7380e-02,6.0609e-02,6.3834e-02,6.7055e-02,7.0270e-02,7.3480e-02,7.6683e-02,7.9877e-02,8.3060e-02,8.6232e-02,8.9389e-02,9.2530e-02,9.5653e-02,9.8754e-02,1.0183e-01,1.0488e-01,1.0791e-01,1.1090e-01,1.1385e-01,1.1677e-01,1.1965e-01,1.2249e-01,1.2528e-01,1.2803e-01,1.3073e-01,1.3338e-01,1.3598e-01,1.3853e-01,1.4104e-01,1.4349e-01,1.4590e-01
-7.3762e-04,-1.6780e-02,-3.3200e-02,-5.0248e-02,-6.8112e-02,-8.6707e-02,-1.0537e-01,-1.2267e-01,-1.3656e-01,-1.4527e-01,-1.4833e-01,-1.4706e-01,-1.4370e-01,-1.4005e-01,-1.3667e-01,-1.3335e-01,-1.2987e-01,-1.2621e-01,-1.2250e-01,-1.1885e-01,-1.1528e-01,-1.1176e-01,-1.0826e-01,-1.0475e-01,-1.0121e-01,-9.7641e-02,-9.4047e-02,-9.0438e-02,-8.6820e-02,-8.3201e-02,-7.9580e-02,-7.5959e-02,-7.2336e-02,-6.8707e-02,-6.5070e-02,-6.1424e-02,-5.7767e-02,-5.4100e-02,-5.0422e-02,-4.6735e-02,-4.3040e-02,-3.9339e-02,-3.5635e-02,-3.1928e-02,-2.8221e-02,-2.4516e-02,-2.0813e-02,-1.7113e-02,-1.3418e-02,-9.7273e-03,-6.0421e-03,-2.3620e-03,1.3121e-03,4.9813e-03,8.6451e-03,1.2304e-02,1.5958e-02,1.9608e-02,2.3254e-02,2.6897e-02,3.0537e-02,3.4174e-02,3.7808e-02,4.1441e-02,4.5072e-02,4.8702e-02,5.2330e-02,5.5956e-02,5.9581e-02,6.3204e-02,6.6824e-02,7.0442e-02,7.4056e-02,7.7666e-02,8.1270e-02,8.4866e-02,8.8454e-02,9.2031e-02,9.5596e-02,9.9146e-02,1.0268e-01,1.0619e-01,1.0968e-01,1.1315e-01,1.1658e-01,1.1999e-01,1.2335e-01,1.2668e-01,1.2997e-01,1.3322e-01,1.3641e-01,1.3956e-01,1.4265e-01,1.4569e-01,1.4867e-01,1.5159e-01,1.5445e-01,1.5725e-01,1.6000e-01,1.6268e-01
-1.3710e-03,-1.7075e-02,-3.2927e-02,-4.9132e-02,-6.5938e-02,-8.3532e-02,-1.0182e-01,-1.2014e-01,-1.3705e-01,-1.5051e-01,-1.5878e-01,-1.6141e-01,-1.5974e-01,-1.5603e-01,-1.5203e-01,-1.4828e-01,-1.4457e-01,-1.4069e-01,-1.3665e-01,-1.3257e-01,-1.2855e-01,-1.2460e-01,-1.2069e-01,-1.1681e-01,-1.1290e-01,-1.0897e-01,-1.0502e-01,-1.0104e-01,-9.7047e-02,-9.3048e-02,-8.9047e-02,-8.5044e-02,-8.1039e-02,-7.7028e-02,-7.3010e-02,-6.8982e-02,-6.4943e-02,-6.0892e-02,-5.6830e-02,-5.2758e-02,-4.8677e-02,-4.4589e-02,-4.0497e-02,-3.6402e-02,-3.2308e-02,-2.8215e-02,-2.4124e-02,-2.0038e-02,-1.5957e-02,-1.1882e-02,-7.8127e-03,-3.7497e-03,3.0715e-04,4.3579e-03,8.4029e-03,1.2443e-02,1.6478e-02,2.0508e-02,2.4535e-02,2.8559e-02,3.2580e-02,3.6599e-02,4.0616e-02,4.4631e-02,4.8646e-02,5.2660e-02,5.6673e-02,6.0685e-02,6.4697e-02,6.8707e-02,7.2716e-02,7.6723e-02,8.0727e-02,8.4727e-02,8.8721e-02,9.2709e-02,9.6688e-02,1.0066e-01,1.0461e-01,1.0855e-01,1.1248e-01,1.1638e-01,1.2026e-01,1.2411e-01,1.2792e-01,1.3171e-01,1.3545e-01,1.3916e-01,1.4282e-01,1.4642e-01,1.4998e-01,1.5348e-01,1.5692e-01,1.6029e-01,1.6360e-01,1.6685e-01,1.7003e-01,1.7313e-01,1.7617e-01,1.7914e-01
-1.8512e-03,-1.7362e-02,-3.2866e-02,-4.8494e-02,-6.4453e-02,-8.0989e-02,-9.8286e-02,-1.1625e-01,-1.3421e-01,-1.5071e-01,-1.6374e-01,-1.7156e-01,-1.7376e-01,-1.7170e-01,-1.6764e-01,-1.6329e-01,-1.5917e-01,-1.5508e-01,-1.5081e-01,-1.4640e-01,-1.4194e-01,-1.3755e-01,-1.3322e-01,-1.2893e-01,-1.2466e-01,-1.2037e-01,-1.1606e-01,-1.1172e-01,-1.0736e-01,-1.0299e-01,-9.8613e-02,-9.4233e-02,-8.9851e-02,-8.5463e-02,-8.1068e-02,-7.6664e-02,-7.2248e-02,-6.7820e-02,-6.3379e-02,-5.8927e-02,-5.4465e-02,-4.9996e-02,-4.5522e-02,-4.1046e-02,-3.6569e-02,-3.2094e-02,-2.7622e-02,-2.3156e-02,-1.8695e-02,-1.4241e-02,-9.7941e-03,-5.3539e-03,-9.2104e-04,3.5053e-03,7.9251e-03,1.2339e-02,1.6749e-02,2.1154e-02,2.5555e-02,2.9953e-02,3.4349e-02,3.8743e-02,4.3136e-02,4.7528e-02,5.1921e-02,5.6313e-02,6.0706e-02,6.5099e-02,6.9493e-02,7.3886e-02,7.8279e-02,8.2671e-02,8.7060e-02,9.1446e-02,9.5828e-02,1.0020e-01,1.0457e-01,1.0893e-01,1.1327e-01,1.1760e-01,1.2191e-01,1.2620e-01,1.3046e-01,1.3469e-01,1.3889e-01,1.4306e-01,1.4718e-01,1.5125e-01,1.5528e-01,1.5925e-01,1.6317e-01,1.6702e-01,1.7081e-01,1.7452e-01,1.7817e-01,1.8174e-01,1.8523e-01,1.8865e-01,1.9198e-01,1.9524e-01
-2.1164e-03,-1.7506e-02,-3.2805e-02,-4.8077e-02,-6.3453e-02,-7.9138e-02,-9.5378e-02,-1.1235e-01,-1.2997e-01,-1.4755e-01,-1.6365e-01,-1.7624e-01,-1.8361e-01,-1.8538e-01,-1.8294e-01,-1.7853e-01,-1.7384e-01,-1.6935e-01,-1.6488e-01,-1.6023e-01,-1.5543e-01,-1.5061e-01,-1.4585e-01,-1.4114e-01,-1.3648e-01,-1.3183e-01,-1.2716e-01,-1.2247e-01,-1.1775e-01,-1.1302e-01,-1.0827e-01,-1.0352e-01,-9.8767e-02,-9.4008e-02,-8.9241e-02,-8.4465e-02,-7.9678e-02,-7.4878e-02,-7.0064e-02,-6.5239e-02,-6.0402e-02,-5.5558e-02,-5.0708e-02,-4.5855e-02,-4.1002e-02,-3.6150e-02,-3.1303e-02,-2.6462e-02,-2.1627e-02,-1.6800e-02,-1.1981e-02,-7.1701e-03,-2.3673e-03,2.4278e-03,7.2161e-03,1.1998e-02,1.6775e-02,2.1547e-02,2.6316e-02,3.1082e-02,3.5846e-02,4.0609e-02,4.5372e-02,5.0135e-02,5.4899e-02,5.9665e-02,6.4431e-02,6.9199e-02,7.3969e-02,7.8740e-02,8.3512e-02,8.8283e-02,9.3053e-02,9.7821e-02,1.0259e-01,1.0734e-01,1.1209e-01,1.1683e-01,1.2156e-01,1.2627e-01,1.3097e-01,1.3564e-01,1.4028e-01,1.4490e-01,1.4947e-01,1.5401e-01,1.5851e-01,1.6296e-01,1.6735e-01,1.7168e-01,1.7596e-01,1.8016e-01,1.8430e-01,1.8836e-01,1.9234e-01,1.9623e-01,2.0004e-01,2.0377e-01,2.0740e-01,2.1095e-01
-2.1581e-03,-1.7445e-02,-3.2613e-02,-4.7671e-02,-6.2683e-02,-7.7781e-02,-9.3167e-02,-1.0909e-01,-1.2573e-01,-1.4298e-01,-1.6018e-01,-1.7585e-01,-1.8801e-01,-1.9494e-01,-1.9629e-01,-1.9347e-01,-1.8871e-01,-1.8367e-01,-1.7882e-01,-1.7397e-01,-1.6894e-01,-1.6377e-01,-1.5859e-01,-1.5345e-01,-1.4838e-01,-1.4335e-01,-1.3832e-01,-1.3327e-01,-1.2821e-01,-1.2312e-01,-1.1802e-01,-1.1290e-01,-1.0778e-01,-1.0266e-01,-9.7525e-02,-9.2383e-02,-8.7229e-02,-8.2063e-02,-7.6883e-02,-7.1690e-02,-6.6485e-02,-6.1271e-02,-5.6051e-02,-5.0827e-02,-4.5602e-02,-4.0380e-02,-3.5163e-02,-2.9952e-02,-2.4749e-02,-1.9554e-02,-1.4369e-02,-9.1935e-03,-4.0269e-03,1.1309e-03,6.2812e-03,1.1425e-02,1.6562e-02,2.1695e-02,2.6824e-02,3.1952e-02,3.7077e-02,4.2202e-02,4.7328e-02,5.2455e-02,5.7584e-02,6.2716e-02,6.7850e-02,7.2987e-02,7.8127e-02,8.3270e-02,8.8414e-02,9.3559e-02,9.8705e-02,1.0385e-01,1.0899e-01,1.1413e-01,1.1926e-01,1.2438e-01,1.2948e-01,1.3457e-01,1.3965e-01,1.4470e-01,1.4972e-01,1.5471e-01,1.5966e-01,1.6457e-01,1.6944e-01,1.7425e-01,1.7901e-01,1.8371e-01,1.8833e-01,1.9289e-01,1.9737e-01,2.0177e-01,2.0608e-01,2.1031e-01,2.1444e-01,2.1847e-01,2.2241e-01,2.2625e-01
-2.0035e-03,-1.7171e-02,-3.2226e-02,-4.7144e-02,-6.1935e-02,-7.6663e-02,-9.1458e-02,-1.0653e-01,-1.2211e-01,-1.3840e-01,-1.5528e-01,-1.7208e-01,-1.8734e-01,-1.9906e-01,-2.0555e-01,-2.0649e-01,-2.0329e-01,-1.9819e-01,-1.9280e-01,-1.8759e-01,-1.8236e-01,-1.7696e-01,-1.7142e-01,-1.6587e-01,-1.6037e-01,-1.5494e-01,-1.4953e-01,-1.4414e-01,-1.3872e-01,-1.3329e-01,-1.2784e-01,-1.2237e-01,-1.1689e-01,-1.1141e-01,-1.0592e-01,-1.0041e-01,-9.4900e-02,-8.9374e-02,-8.3833e-02,-7.8278e-02,-7.2711e-02,-6.7134e-02,-6.1549e-02,-5.5959e-02,-5.0369e-02,-4.4782e-02,-3.9199e-02,-3.3624e-02,-2.8058e-02,-2.2501e-02,-1.6955e-02,-1.1420e-02,-5.8957e-03,-3.8086e-04,5.1253e-03,1.0624e-02,1.6116e-02,2.1603e-02,2.7086e-02,3.2567e-02,3.8047e-02,4.3528e-02,4.9009e-02,5.4493e-02,5.9981e-02,6.5472e-02,7.0967e-02,7.6466e-02,8.1970e-02,8.7478e-02,9.2989e-02,9.8502e-02,1.0402e-01,1.0953e-01,1.1505e-01,1.2055e-01,1.2606e-01,1.3155e-01,1.3703e-01,1.4250e-01,1.4794e-01,1.5336e-01,1.5876e-01,1.6412e-01,1.6944e-01,1.7472e-01,1.7996e-01,1.8513e-01,1.9025e-01,1.9531e-01,2.0029e-01,2.0520e-01,2.1002e-01,2.1476e-01,2.1940e-01,2.2395e-01,2.2840e-01,2.3275e-01,2.3699e-01,2.4112e-01
-1.6983e-03,-1.6710e-02,-3.1636e-02,-4.6433e-02,-6.1076e-02,-7.5577e-02,-8.9999e-02,-1.0447e-01,-1.1921e-01,-1.3444e-01,-1.5036e-01,-1.6686e-01,-1.8326e-01,-1.9810e-01,-2.0940e-01,-2.1546e-01,-2.1599e-01,-2.1242e-01,-2.0697e-01,-2.0124e-01,-1.9567e-01,-1.9006e-01,-1.8429e-01,-1.7839e-01,-1.7248e-01,-1.6662e-01,-1.6082e-01,-1.5506e-01,-1.4930e-01,-1.4352e-01,-1.3773e-01,-1.3192e-01,-1.2609e-01,-1.2026e-01,-1.1441e-01,-1.0856e-01,-1.0269e-01,-9.6808e-02,-9.0913e-02,-8.5003e-02,-7.9080e-02,-7.3144e-02,-6.7201e-02,-6.1252e-02,-5.5302e-02,-4.9353e-02,-4.3411e-02,-3.7476e-02,-3.1551e-02,-2.5637e-02,-1.9736e-02,-1.3847e-02,-7.9694e-03,-2.1031e-03,3.7529e-03,9.6002e-03,1.5441e-02,2.1275e-02,2.7106e-02,3.2934e-02,3.8762e-02,4.4591e-02,5.0422e-02,5.6256e-02,6.2095e-02,6.7938e-02,7.3787e-02,7.9642e-02,8.5503e-02,9.1369e-02,9.7240e-02,1.0312e-01,1.0899e-01,1.1487e-01,1.2075e-01,1.2663e-01,1.3250e-01,1.3836e-01,1.4421e-01,1.5004e-01,1.5585e-01,1.6164e-01,1.6741e-01,1.7313e-01,1.7882e-01,1.8447e-01,1.9006e-01,1.9560e-01,2.0107e-01,2.0648e-01,2.1181e-01,2.1706e-01,2.2223e-01,2.2730e-01,2.3228e-01,2.3715e-01,2.4192e-01,2.4658e-01,2.5112e-01,2.5554e-01
-1.2951e-03,-1.6107e-02,-3.0868e-02,-4.5528e-02,-6.0042e-02,-7.4389e-02,-8.8580e-02,-1.0268e-01,-1.1682e-01,-1.3120e-01,-1.4608e-01,-1.6162e-01,-1.7773e-01,-1.9373e-01,-2.0816e-01,-2.1903e-01,-2.2467e-01,-2.2481e-01,-2.2087e-01,-2.1507e-01,-2.0900e-01,-2.0307e-01,-1.9709e-01,-1.9095e-01,-1.8469e-01,-1.7842e-01,-1.7221e-01,-1.6606e-01,-1.5994e-01,-1.5382e-01,-1.4769e-01,-1.4154e-01,-1.3538e-01,-1.2920e-01,-1.2301e-01,-1.1681e-01,-1.1059e-01,-1.0437e-01,-9.8122e-02,-9.1863e-02,-8.5590e-02,-7.9303e-02,-7.3006e-02,-6.6703e-02,-6.0398e-02,-5.4095e-02,-4.7796e-02,-4.1507e-02,-3.5228e-02,-2.8962e-02,-2.2709e-02,-1.6470e-02,-1.0245e-02,-4.0325e-03,2.1685e-03,8.3591e-03,1.4542e-02,2.0718e-02,2.6890e-02,3.3060e-02,3.9229e-02,4.5399e-02,5.1572e-02,5.7749e-02,6.3932e-02,7.0121e-02,7.6317e-02,8.2521e-02,8.8732e-02,9.4949e-02,1.0117e-01,1.0740e-01,1.1364e-01,1.1987e-01,1.2611e-01,1.3235e-01,1.3858e-01,1.4480e-01,1.5101e-01,1.5721e-01,1.6338e-01,1.6954e-01,1.7566e-01,1.8175e-01,1.8779e-01,1.9380e-01,1.9975e-01,2.0564e-01,2.1147e-01,2.1722e-01,2.2290e-01,2.2849e-01,2.3400e-01,2.3940e-01,2.4471e-01,2.4990e-01,2.5498e-01,2.5995e-01,2.6479e-01,2.6951e-01
-8.4615e-04,-1.5412e-02,-2.9965e-02,-4.4452e-02,-5.8824e-02,-7.3037e-02,-8.7069e-02,-1.0093e-01,-1.1470e-01,-1.2849e-01,-1.4252e-01,-1.5702e-01,-1.7219e-01,-1.8791e-01,-2.0350e-01,-2.1752e-01,-2.2798e-01,-2.3321e-01,-2.3295e-01,-2.2865e-01,-2.2251e-01,-2.1610e-01,-2.0981e-01,-2.0346e-01,-1.9695e-01,-1.9033e-01,-1.8371e-01,-1.7715e-01,-1.7065e-01,-1.6418e-01,-1.5772e-01,-1.5124e-01,-1.4475e-01,-1.3823e-01,-1.3171e-01,-1.2517e-01,-1.1861e-01,-1.1204e-01,-1.0546e-01,-9.8858e-02,-9.2241e-02,-8.5609e-02,-7.8966e-02,-7.2315e-02,-6.5660e-02,-5.9006e-02,-5.2357e-02,-4.5717e-02,-3.9088e-02,-3.2473e-02,-2.5873e-02,-1.9289e-02,-1.2720e-02,-6.1659e-03,3.7491e-04,6.9044e-03,1.3424e-02,1.9937e-02,2.6444e-02,3.2949e-02,3.9452e-02,4.5958e-02,5.2466e-02,5.8980e-02,6.5500e-02,7.2028e-02,7.8564e-02,8.5109e-02,9.1662e-02,9.8225e-02,1.0480e-01,1.1137e-01,1.1796e-01,1.2454e-01,1.3113e-01,1.3772e-01,1.4431e-01,1.5088e-01,1.5745e-01,1.6400e-01,1.7053e-01,1.7704e-01,1.8352e-01,1.8996e-01,1.9636e-01,2.0272e-01,2.0902e-01,2.1526e-01,2.2143e-01,2.2753e-01,2.3355e-01,2.3948e-01,2.4532e-01,2.5105e-01,2.5668e-01,2.6219e-01,2.6759e-01,2.7287e-01,2.7801e-01,2.8302e-01
-3.9722e-04,-1.4676e-02,-2.8976e-02,-4.3249e-02,-5.7442e-02,-7.1507e-02,-8.5402e-02,-9.9107e-02,-1.1263e-01,-1.2605e-01,-1.3948e-01,-1.5315e-01,-1.6728e-01,-1.8206e-01,-1.9739e-01,-2.1259e-01,-2.2621e-01,-2.3626e-01,-2.4110e-01,-2.4045e-01,-2.3579e-01,-2.2931e-01,-2.2255e-01,-2.1590e-01,-2.0919e-01,-2.0231e-01,-1.9534e-01,-1.8838e-01,-1.8147e-01,-1.7463e-01,-1.6781e-01,-1.6101e-01,-1.5419e-01,-1.4735e-01,-1.4050e-01,-1.3363e-01,-1.2675e-01,-1.1984e-01,-1.1292e-01,-1.0599e-01,-9.9033e-02,-9.2063e-02,-8.5079e-02,-7.8086e-02,-7.1087e-02,-6.4088e-02,-5.7093e-02,-5.0106e-02,-4.3132e-02,-3.6172e-02,-2.9229e-02,-2.2303e-02,-1.5394e-02,-8.5020e-03,-1.6252e-03,5.2385e-03,1.2091e-02,1.8935e-02,2.5772e-02,3.2606e-02,3.9439e-02,4.6273e-02,5.3111e-02,5.9954e-02,6.6805e-02,7.3665e-02,8.0534e-02,8.7413e-02,9.4302e-02,1.0120e-01,1.0811e-01,1.1503e-01,1.2196e-01,1.2889e-01,1.3582e-01,1.4275e-01,1.4969e-01,1.5661e-01,1.6352e-01,1.7042e-01,1.7731e-01,1.8416e-01,1.9099e-01,1.9778e-01,2.0453e-01,2.1123e-01,2.1787e-01,2.2445e-01,2.3097e-01,2.3741e-01,2.4376e-01,2.5002e-01,2.5619e-01,2.6225e-01,2.6820e-01,2.7403e-01,2.7974e-01,2.8532e-01,2.9076e-01,2.9607e-01
1.5035e-05,-1.3943e-02,-2.7950e-02,-4.1965e-02,-5.5939e-02,-6.9822e-02,-8.3566e-02,-9.7131e-02,-1.1050e-01,-1.2368e-01,-1.3673e-01,-1.4981e-01,-1.6310e-01,-1.7686e-01,-1.9126e-01,-2.0620e-01,-2.2101e-01,-2.3423e-01,-2.4389e-01,-2.4834e-01,-2.4732e-01,-2.4230e-01,-2.3548e-01,-2.2838e-01,-2.2137e-01,-2.1429e-01,-2.0706e-01,-1.9973e-01,-1.9243e-01,-1.8518e-01,-1.7800e-01,-1.7085e-01,-1.6371e-01,-1.5656e-01,-1.4939e-01,-1.4220e-01,-1.3499e-01,-1.2776e-01,-1.2052e-01,-1.1325e-01,-1.0597e-01,-9.8666e-02,-9.1348e-02,-8.4018e-02,-7.6681e-02,-6.9342e-02,-6.2006e-02,-5.4677e-02,-4.7361e-02,-4.0060e-02,-3.2777e-02,-2.5512e-02,-1.8267e-02,-1.1040e-02,-3.8305e-03,3.3632e-03,1.0544e-02,1.7715e-02,2.4878e-02,3.2036e-02,3.9193e-02,4.6350e-02,5.3512e-02,6.0679e-02,6.7854e-02,7.5038e-02,8.2233e-02,8.9440e-02,9.6658e-02,1.0389e-01,1.1113e-01,1.1838e-01,1.2564e-01,1.3291e-01,1.4018e-01,1.4745e-01,1.5472e-01,1.6199e-01,1.6924e-01,1.7649e-01,1.8371e-01,1.9091e-01,1.9807e-01,2.0520e-01,2.1229e-01,2.1933e-01,2.2631e-01,2.3323e-01,2.4008e-01,2.4685e-01,2.5354e-01,2.6013e-01,2.6662e-01,2.7300e-01,2.7926e-01,2.8541e-01,2.9142e-01,2.9731e-01,3.0305e-01,3.0865e-01
3.6361e-04,-1.3248e-02,-2.6931e-02,-4.0649e-02,-5.4361e-02,-6.8021e-02,-8.1581e-02,-9.4992e-02,-1.0822e-01,-1.2123e-01,-1.3406e-01,-1.4676e-01,-1.5947e-01,-1.7239e-01,-1.8577e-01,-1.9980e-01,-2.1436e-01,-2.2878e-01,-2.4162e-01,-2.5089e-01,-2.5496e-01,-2.5358e-01,-2.4821e-01,-2.4104e-01,-2.3359e-01,-2.2623e-01,-2.1879e-01,-2.1120e-01,-2.0353e-01,-1.9589e-01,-1.8831e-01,-1.8080e-01,-1.7332e-01,-1.6585e-01,-1.5837e-01,-1.5087e-01,-1.4335e-01,-1.3580e-01,-1.2824e-01,-1.2065e-01,-1.1305e-01,-1.0542e-01,-9.7773e-02,-9.0114e-02,-8.2444e-02,-7.4771e-02,-6.7098e-02,-5.9432e-02,-5.1778e-02,-4.4139e-02,-3.6518e-02,-2.8918e-02,-2.1339e-02,-1.3781e-02,-6.2417e-03,1.2795e-03,8.7855e-03,1.6279e-02,2.3764e-02,3.1242e-02,3.8717e-02,4.6193e-02,5.3673e-02,6.1158e-02,6.8651e-02,7.6154e-02,8.3669e-02,9.1197e-02,9.8737e-02,1.0629e-01,1.1386e-01,1.2143e-01,1.2902e-01,1.3662e-01,1.4422e-01,1.5182e-01,1.5943e-01,1.6702e-01,1.7461e-01,1.8219e-01,1.8974e-01,1.9728e-01,2.0478e-01,2.1224e-01,2.1966e-01,2.2704e-01,2.3435e-01,2.4160e-01,2.4878e-01,2.5587e-01,2.6288e-01,2.6979e-01,2.7660e-01,2.8330e-01,2.8988e-01,2.9633e-01,3.0265e-01,3.0883e-01,3.1487e-01,3.2076e-01
6.3130e-04,-1.2618e-02,-2.5951e-02,-3.9340e-02,-5.2753e-02,-6.6149e-02,-7.9484e-02,-9.2710e-02,-1.0578e-01,-1.1866e-01,-1.3132e-01,-1.4379e-01,-1.5613e-01,-1.6847e-01,-1.8103e-01,-1.9404e-01,-2.0769e-01,-2.2187e-01,-2.3592e-01,-2.4838e-01,-2.5728e-01,-2.6099e-01,-2.5924e-01,-2.5352e-01,-2.4602e-01,-2.3822e-01,-2.3050e-01,-2.2270e-01,-2.1476e-01,-2.0675e-01,-1.9877e-01,-1.9087e-01,-1.8304e-01,-1.7524e-01,-1.6745e-01,-1.5964e-01,-1.5181e-01,-1.4396e-01,-1.3609e-01,-1.2819e-01,-1.2027e-01,-1.1232e-01,-1.0436e-01,-9.6374e-02,-8.8378e-02,-8.0376e-02,-7.2372e-02,-6.4373e-02,-5.6384e-02,-4.8411e-02,-4.0457e-02,-3.2524e-02,-2.4613e-02,-1.6726e-02,-8.8596e-03,-1.0138e-03,6.8143e-03,1.4628e-02,2.2430e-02,3.0225e-02,3.8016e-02,4.5805e-02,5.3598e-02,6.1396e-02,6.9202e-02,7.7018e-02,8.4847e-02,9.2688e-02,1.0054e-01,1.0841e-01,1.1630e-01,1.2419e-01,1.3210e-01,1.4002e-01,1.4794e-01,1.5587e-01,1.6380e-01,1.7172e-01,1.7964e-01,1.8754e-01,1.9542e-01,2.0328e-01,2.1111e-01,2.1890e-01,2.2665e-01,2.3434e-01,2.4198e-01,2.4955e-01,2.5705e-01,2.6447e-01,2.7180e-01,2.7902e-01,2.8615e-01,2.9315e-01,3.0004e-01,3.0680e-01,3.1342e-01,3.1990e-01,3.2623e-01,3.3240e-01
8.1030e-04,-1.2066e-02,-2.5034e-02,-3.8073e-02,-5.1156e-02,-6.4251e-02,-7.7321e-02,-9.0321e-02,-1.0321e-01,-1.1593e-01,-1.2845e-01,-1.4076e-01,-1.5288e-01,-1.6485e-01,-1.7684e-01,-1.8902e-01,-2.0167e-01,-2.1495e-01,-2.2876e-01,-2.4244e-01,-2.5454e-01,-2.6309e-01,-2.6643e-01,-2.6434e-01,-2.5827e-01,-2.5042e-01,-2.4227e-01,-2.3419e-01,-2.2604e-01,-2.1776e-01,-2.0941e-01,-2.0111e-01,-1.9289e-01,-1.8474e-01,-1.7663e-01,-1.6851e-01,-1.6039e-01,-1.5224e-01,-1.4407e-01,-1.3586e-01,-1.2763e-01,-1.1938e-01,-1.1110e-01,-1.0280e-01,-9.4485e-02,-8.6159e-02,-7.7830e-02,-6.9503e-02,-6.1185e-02,-5.2881e-02,-4.4595e-02,-3.6332e-02,-2.8093e-02,-1.9878e-02,-1.1687e-02,-3.5186e-03,4.6301e-03,1.2761e-02,2.0879e-02,2.8987e-02,3.7089e-02,4.5188e-02,5.3290e-02,6.1396e-02,6.9510e-02,7.7634e-02,8.5770e-02,9.3920e-02,1.0209e-01,1.1027e-01,1.1846e-01,1.2667e-01,1.3489e-01,1.4312e-01,1.5136e-01,1.5960e-01,1.6785e-01,1.7609e-01,1.8432e-01,1.9254e-01,2.0075e-01,2.0892e-01,2.1707e-01,2.2518e-01,2.3325e-01,2.4126e-01,2.4922e-01,2.5711e-01,2.6492e-01,2.7265e-01,2.8029e-01,2.8783e-01,2.9526e-01,3.0257e-01,3.0976e-01,3.1682e-01,3.2374e-01,3.3051e-01,3.3713e-01,3.4359e-01
9.0027e-04,-1.1601e-02,-2.4196e-02,-3.6869e-02,-4.9600e-02,-6.2365e-02,-7.5134e-02,-8.7869e-02,-1.0053e-01,-1.1307e-01,-1.2544e-01,-1.3761e-01,-1.4957e-01,-1.6133e-01,-1.7295e-01,-1.8457e-01,-1.9640e-01,-2.0868e-01,-2.2159e-01,-2.3505e-01,-2.4837e-01,-2.6012e-01,-2.6832e-01,-2.7132e-01,-2.6888e-01,-2.6247e-01,-2.5427e-01,-2.4577e-01,-2.3734e-01,-2.2884e-01,-2.2021e-01,-2.1154e-01,-2.0292e-01,-1.9439e-01,-1.8593e-01,-1.7750e-01,-1.6908e-01,-1.6064e-01,-1.5217e-01,-1.4367e-01,-1.3514e-01,-1.2659e-01,-1.1800e-01,-1.0939e-01,-1.0077e-01,-9.2124e-02,-8.3475e-02,-7.4825e-02,-6.6181e-02,-5.7551e-02,-4.8938e-02,-4.0347e-02,-3.1781e-02,-2.3241e-02,-1.4727e-02,-6.2374e-03,2.2294e-03,1.0676e-02,1.9107e-02,2.7526e-02,3.5936e-02,4.4343e-02,5.2750e-02,6.1160e-02,6.9577e-02,7.8004e-02,8.6443e-02,9.4896e-02,1.0336e-01,1.1185e-01,1.2035e-01,1.2886e-01,1.3739e-01,1.4593e-01,1.5447e-01,1.6303e-01,1.7158e-01,1.8013e-01,1.8868e-01,1.9721e-01,2.0572e-01,2.1421e-01,2.2267e-01,2.3109e-01,2.3947e-01,2.4779e-01,2.5606e-01,2.6426e-01,2.7238e-01,2.8042e-01,2.8836e-01,2.9621e-01,3.0394e-01,3.1155e-01,3.1904e-01,3.2640e-01,3.3361e-01,3.4067e-01,3.4757e-01,3.5432e-01
9.0679e-04,-1.1223e-02,-2.3443e-02,-3.5743e-02,-4.8108e-02,-6.0523e-02,-7.2962e-02,-8.5397e-02,-9.7792e-02,-1.1011e-01,-1.2230e-01,-1.3432e-01,-1.4614e-01,-1.5775e-01,-1.6915e-01,-1.8042e-01,-1.9168e-01,-2.0316e-01,-2.1508e-01,-2.2765e-01,-2.4075e-01,-2.5372e-01,-2.6513e-01,-2.7299e-01,-2.7566e-01,-2.7288e-01,-2.6612e-01,-2.5758e-01,-2.4873e-01,-2.3995e-01,-2.3110e-01,-2.2214e-01,-2.1315e-01,-2.0422e-01,-1.9539e-01,-1.8662e-01,-1.7789e-01,-1.6916e-01,-1.6040e-01,-1.5162e-01,-1.4280e-01,-1.3395e-01,-1.2507e-01,-1.1616e-01,-1.0722e-01,-9.8271e-02,-8.9308e-02,-8.0342e-02,-7.1378e-02,-6.2425e-02,-5.3488e-02,-4.4572e-02,-3.5682e-02,-2.6819e-02,-1.7983e-02,-9.1744e-03,-3.9075e-04,8.3704e-03,1.7113e-02,2.5840e-02,3.4557e-02,4.3268e-02,5.1977e-02,6.0688e-02,6.9405e-02,7.8131e-02,8.6868e-02,9.5619e-02,1.0438e-01,1.1317e-01,1.2196e-01,1.3078e-01,1.3960e-01,1.4844e-01,1.5729e-01,1.6614e-01,1.7500e-01,1.8386e-01,1.9270e-01,2.0154e-01,2.1036e-01,2.1915e-01,2.2791e-01,2.3664e-01,2.4532e-01,2.5395e-01,2.6252e-01,2.7102e-01,2.7944e-01,2.8778e-01,2.9603e-01,3.0417e-01,3.1220e-01,3.2011e-01,3.2789e-01,3.3554e-01,3.4304e-01,3.5039e-01,3.5758e-01,3.6460e-01
8.4001e-04,-1.0924e-02,-2.2773e-02,-3.4699e-02,-4.6693e-02,-5.8744e-02,-7.0834e-02,-8.2941e-02,-9.5038e-02,-1.0709e-01,-1.1906e-01,-1.3090e-01,-1.4258e-01,-1.5405e-01,-1.6531e-01,-1.7636e-01,-1.8728e-01,-1.9820e-01,-2.0933e-01,-2.2091e-01,-2.3312e-01,-2.4588e-01,-2.5852e-01,-2.6959e-01,-2.7714e-01,-2.7948e-01,-2.7636e-01,-2.6927e-01,-2.6037e-01,-2.5118e-01,-2.4204e-01,-2.3285e-01,-2.2357e-01,-2.1426e-01,-2.0503e-01,-1.9590e-01,-1.8684e-01,-1.7780e-01,-1.6877e-01,-1.5970e-01,-1.5061e-01,-1.4147e-01,-1.3230e-01,-1.2309e-01,-1.1386e-01,-1.0460e-01,-9.5334e-02,-8.6056e-02,-7.6777e-02,-6.7506e-02,-5.8250e-02,-4.9013e-02,-3.9801e-02,-3.0617e-02,-2.1461e-02,-1.2334e-02,-3.2351e-03,5.8392e-03,1.4892e-02,2.3927e-02,3.2949e-02,4.1962e-02,5.0971e-02,5.9980e-02,6.8993e-02,7.8014e-02,8.7046e-02,9.6090e-02,1.0515e-01,1.1422e-01,1.2331e-01,1.3242e-01,1.4154e-01,1.5067e-01,1.5982e-01,1.6896e-01,1.7812e-01,1.8727e-01,1.9641e-01,2.0554e-01,2.1466e-01,2.2375e-01,2.3281e-01,2.4183e-01,2.5081e-01,2.5973e-01,2.6860e-01,2.7739e-01,2.8611e-01,2.9475e-01,3.0329e-01,3.1172e-01,3.2004e-01,3.2825e-01,3.3632e-01,3.4425e-01,3.5204e-01,3.5967e-01,3.6714e-01,3.7444e-01
7.1268e-04,-1.0695e-02,-2.2180e-02,-3.3737e-02,-4.5360e-02,-5.7042e-02,-6.8770e-02,-8.0530e-02,-9.2302e-02,-1.0406e-01,-1.1577e-01,-1.2740e-01,-1.3889e-01,-1.5022e-01,-1.6135e-01,-1.7226e-01,-1.8298e-01,-1.9355e-01,-2.0413e-01,-2.1492e-01,-2.2616e-01,-2.3804e-01,-2.5046e-01,-2.6277e-01,-2.7353e-01,-2.8076e-01,-2.8279e-01,-2.7935e-01,-2.7190e-01,-2.6266e-01,-2.5311e-01,-2.4364e-01,-2.3411e-01,-2.2451e-01,-2.1490e-01,-2.0538e-01,-1.9595e-01,-1.8660e-01,-1.7727e-01,-1.6793e-01,-1.5855e-01,-1.4914e-01,-1.3969e-01,-1.3020e-01,-1.2068e-01,-1.1112e-01,-1.0155e-01,-9.1969e-02,-8.2382e-02,-7.2798e-02,-6.3226e-02,-5.3673e-02,-4.4142e-02,-3.4639e-02,-2.5166e-02,-1.5723e-02,-6.3090e-03,3.0773e-03,1.2440e-02,2.1781e-02,3.1107e-02,4.0421e-02,4.9728e-02,5.9033e-02,6.8341e-02,7.7654e-02,8.6976e-02,9.6310e-02,1.0566e-01,1.1502e-01,1.2440e-01,1.3379e-01,1.4320e-01,1.5262e-01,1.6205e-01,1.7149e-01,1.8093e-01,1.9037e-01,1.9980e-01,2.0922e-01,2.1862e-01,2.2800e-01,2.3735e-01,2.4667e-01,2.5593e-01,2.6515e-01,2.7430e-01,2.8339e-01,2.9240e-01,3.0132e-01,3.1015e-01,3.1887e-01,3.2748e-01,3.3597e-01,3.4432e-01,3.5254e-01,3.6061e-01,3.6852e-01,3.7627e-01,3.8385e-01
5.3934e-04,-1.0523e-02,-2.1654e-02,-3.2850e-02,-4.4108e-02,-5.5421e-02,-6.6783e-02,-7.8185e-02,-8.9614e-02,-1.0105e-01,-1.1247e-01,-1.2384e-01,-1.3512e-01,-1.4628e-01,-1.5727e-01,-1.6806e-01,-1.7863e-01,-1.8901e-01,-1.9925e-01,-2.0950e-01,-2.1996e-01,-2.3086e-01,-2.4241e-01,-2.5451e-01,-2.6650e-01,-2.7696e-01,-2.8388e-01,-2.8560e-01,-2.8184e-01,-2.7405e-01,-2.6446e-01,-2.5456e-01,-2.4474e-01,-2.3489e-01,-2.2498e-01,-2.1508e-01,-2.0527e-01,-1.9556e-01,-1.8592e-01,-1.7629e-01,-1.6665e-01,-1.5697e-01,-1.4725e-01,-1.3748e-01,-1.2767e-01,-1.1783e-01,-1.0797e-01,-9.8085e-02,-8.8194e-02,-7.8303e-02,-6.8421e-02,-5.8554e-02,-4.8709e-02,-3.8891e-02,-2.9102e-02,-1.9344e-02,-9.6175e-03,7.9937e-05,9.7504e-03,1.9398e-02,2.9026e-02,3.8640e-02,4.8245e-02,5.7845e-02,6.7444e-02,7.7047e-02,8.6657e-02,9.6278e-02,1.0591e-01,1.1556e-01,1.2522e-01,1.3490e-01,1.4459e-01,1.5429e-01,1.6400e-01,1.7372e-01,1.8344e-01,1.9316e-01,2.0288e-01,2.1258e-01,2.2227e-01,2.3193e-01,2.4156e-01,2.5116e-01,2.6071e-01,2.7020e-01,2.7964e-01,2.8901e-01,2.9830e-01,3.0751e-01,3.1662e-01,3.2562e-01,3.3451e-01,3.4328e-01,3.5192e-01,3.6041e-01,3.6876e-01,3.7695e-01,3.8497e-01,3.9282e-01
3.3488e-04,-1.0393e-02,-2.1182e-02,-3.2028e-02,-4.2928e-02,-5.3879e-02,-6.4878e-02,-7.5918e-02,-8.6992e-02,-9.8088e-02,-1.0919e-01,-1.2027e-01,-1.3130e-01,-1.4224e-01,-1.5306e-01,-1.6372e-01,-1.7418e-01,-1.8442e-01,-1.9447e-01,-2.0439e-01,-2.1431e-01,-2.2445e-01,-2.3503e-01,-2.4626e-01,-2.5804e-01,-2.6973e-01,-2.7988e-01,-2.8652e-01,-2.8793e-01,-2.8385e-01,-2.7573e-01,-2.6578e-01,-2.5554e-01,-2.4538e-01,-2.3521e-01,-2.2500e-01,-2.1481e-01,-2.0473e-01,-1.9474e-01,-1.8481e-01,-1.7490e-01,-1.6496e-01,-1.5497e-01,-1.4494e-01,-1.3485e-01,-1.2473e-01,-1.1458e-01,-1.0440e-01,-9.4216e-02,-8.4024e-02,-7.3836e-02,-6.3662e-02,-5.3507e-02,-4.3377e-02,-3.3275e-02,-2.3205e-02,-1.3167e-02,-3.1594e-03,6.8187e-03,1.6771e-02,2.6702e-02,3.6615e-02,4.6516e-02,5.6409e-02,6.6299e-02,7.6190e-02,8.6086e-02,9.5991e-02,1.0591e-01,1.1583e-01,1.2578e-01,1.3573e-01,1.4570e-01,1.5568e-01,1.6567e-01,1.7566e-01,1.8566e-01,1.9565e-01,2.0564e-01,2.1562e-01,2.2559e-01,2.3552e-01,2.4543e-01,2.5530e-01,2.6513e-01,2.7490e-01,2.8462e-01,2.9426e-01,3.0383e-01,3.1331e-01,3.2270e-01,3.3198e-01,3.4115e-01,3.5019e-01,3.5911e-01,3.6788e-01,3.7650e-01,3.8496e-01,3.9326e-01,4.0138e-01
1.1327e-04,-1.0293e-02,-2.0751e-02,-3.1259e-02,-4.1813e-02,-5.2411e-02,-6.3052e-02,-7.3733e-02,-8.4449e-02,-9.5195e-02,-1.0596e-01,-1.1673e-01,-1.2747e-01,-1.3817e-01,-1.4878e-01,-1.5927e-01,-1.6960e-01,-1.7973e-01,-1.8965e-01,-1.9938e-01,-2.0898e-01,-2.1859e-01,-2.2841e-01,-2.3868e-01,-2.4960e-01,-2.6107e-01,-2.7246e-01,-2.8232e-01,-2.8867e-01,-2.8980e-01,-2.8540e-01,-2.7694e-01,-2.6664e-01,-2.5605e-01,-2.4556e-01,-2.3509e-01,-2.2459e-01,-2.1413e-01,-2.0377e-01,-1.9351e-01,-1.8330e-01,-1.7310e-01,-1.6285e-01,-1.5256e-01,-1.4222e-01,-1.3182e-01,-1.2139e-01,-1.1093e-01,-1.0045e-01,-8.9962e-02,-7.9475e-02,-6.8997e-02,-5.8536e-02,-4.8099e-02,-3.7688e-02,-2.7309e-02,-1.6962e-02,-6.6465e-03,3.6379e-03,1.3895e-02,2.4127e-02,3.4339e-02,4.4535e-02,5.4721e-02,6.4901e-02,7.5079e-02,8.5259e-02,9.5446e-02,1.0564e-01,1.1585e-01,1.2606e-01,1.3629e-01,1.4654e-01,1.5679e-01,1.6705e-01,1.7731e-01,1.8758e-01,1.9785e-01,2.0811e-01,2.1836e-01,2.2859e-01,2.3879e-01,2.4897e-01,2.5911e-01,2.6921e-01,2.7925e-01,2.8924e-01,2.9915e-01,3.0899e-01,3.1874e-01,3.2840e-01,3.3795e-01,3.4739e-01,3.5671e-01,3.6590e-01,3.7494e-01,3.8383e-01,3.9257e-01,4.0113e-01,4.0952e-01
-1.1286e-04,-1.0207e-02,-2.0347e-02,-3.0529e-02,-4.0750e-02,-5.1007e-02,-6.1300e-02,-7.1628e-02,-8.1990e-02,-9.2383e-02,-1.0280e-01,-1.1324e-01,-1.2367e-01,-1.3409e-01,-1.4446e-01,-1.5474e-01,-1.6491e-01,-1.7491e-01,-1.8473e-01,-1.9434e-01,-2.0376e-01,-2.1305e-01,-2.2235e-01,-2.3186e-01,-2.4183e-01,-2.5244e-01,-2.6362e-01,-2.7471e-01,-2.8429e-01,-2.9037e-01,-2.9121e-01,-2.8649e-01,-2.7769e-01,-2.6705e-01,-2.5612e-01,-2.4531e-01,-2.3453e-01,-2.2375e-01,-2.1303e-01,-2.0241e-01,-1.9189e-01,-1.8140e-01,-1.7090e-01,-1.6036e-01,-1.4976e-01,-1.3911e-01,-1.2840e-01,-1.1766e-01,-1.0690e-01,-9.6118e-02,-8.5337e-02,-7.4562e-02,-6.3801e-02,-5.3060e-02,-4.2345e-02,-3.1660e-02,-2.1007e-02,-1.0386e-02,2.0268e-04,1.0762e-02,2.1295e-02,3.1805e-02,4.2296e-02,5.2774e-02,6.3243e-02,7.3708e-02,8.4171e-02,9.4639e-02,1.0511e-01,1.1559e-01,1.2608e-01,1.3659e-01,1.4710e-01,1.5762e-01,1.6814e-01,1.7868e-01,1.8921e-01,1.9974e-01,2.1027e-01,2.2078e-01,2.3127e-01,2.4174e-01,2.5218e-01,2.6259e-01,2.7295e-01,2.8325e-01,2.9350e-01,3.0368e-01,3.1379e-01,3.2380e-01,3.3373e-01,3.4355e-01,3.5326e-01,3.6284e-01,3.7229e-01,3.8161e-01,3.9077e-01,3.9977e-01,4.0860e-01,4.1726e-01
-3.3232e-04,-1.0125e-02,-1.9958e-02,-2.9826e-02,-3.9725e-02,-4.9654e-02,-5.9611e-02,-6.9597e-02,-7.9612e-02,-8.9657e-02,-9.9729e-02,-1.0982e-01,-1.1993e-01,-1.3004e-01,-1.4013e-01,-1.5018e-01,-1.6014e-01,-1.6999e-01,-1.7968e-01,-1.8919e-01,-1.9849e-01,-2.0761e-01,-2.1660e-01,-2.2561e-01,-2.3482e-01,-2.4449e-01,-2.5480e-01,-2.6568e-01,-2.7649e-01,-2.8580e-01,-2.9161e-01,-2.9217e-01,-2.8715e-01,-2.7801e-01,-2.6702e-01,-2.5575e-01,-2.4462e-01,-2.3356e-01,-2.2252e-01,-2.1154e-01,-2.0067e-01,-1.8988e-01,-1.7911e-01,-1.6832e-01,-1.5748e-01,-1.4658e-01,-1.3561e-01,-1.2460e-01,-1.1356e-01,-1.0250e-01,-9.1426e-02,-8.0358e-02,-6.9301e-02,-5.8263e-02,-4.7248e-02,-3.6262e-02,-2.5307e-02,-1.4384e-02,-3.4928e-03,7.3673e-03,1.8199e-02,2.9006e-02,3.9793e-02,5.0562e-02,6.1320e-02,7.2070e-02,8.2817e-02,9.3563e-02,1.0431e-01,1.1507e-01,1.2583e-01,1.3660e-01,1.4738e-01,1.5817e-01,1.6896e-01,1.7975e-01,1.9055e-01,2.0134e-01,2.1212e-01,2.2289e-01,2.3364e-01,2.4437e-01,2.5507e-01,2.6573e-01,2.7635e-01,2.8691e-01,2.9742e-01,3.0786e-01,3.1822e-01,3.2850e-01,3.3869e-01,3.4877e-01,3.5874e-01,3.6859e-01,3.7830e-01,3.8788e-01,3.9731e-01,4.0657e-01,4.1567e-01,4.2459e-01
-5.3633e-04,-1.0036e-02,-1.9572e-02,-2.9138e-02,-3.8728e-02,-4.8341e-02,-5.7976e-02,-6.7632e-02,-7.7311e-02,-8.7014e-02,-9.6742e-02,-1.0650e-01,-1.1627e-01,-1.2606e-01,-1.3585e-01,-1.4562e-01,-1.5535e-01,-1.6500e-01,-1.7454e-01,-1.8393e-01,-1.9313e-01,-2.0214e-01,-2.1096e-01,-2.1966e-01,-2.2837e-01,-2.3729e-01,-2.4667e-01,-2.5670e-01,-2.6729e-01,-2.7782e-01,-2.8686e-01,-2.9241e-01,-2.9270e-01,-2.8737e-01,-2.7789e-01,-2.6655e-01,-2.5495e-01,-2.4353e-01,-2.3219e-01,-2.2089e-01,-2.0967e-01,-1.9855e-01,-1.8750e-01,-1.7646e-01,-1.6538e-01,-1.5423e-01,-1.4302e-01,-1.3175e-01,-1.2044e-01,-1.0910e-01,-9.7741e-02,-8.6386e-02,-7.5039e-02,-6.3708e-02,-5.2398e-02,-4.1116e-02,-2.9863e-02,-1.8642e-02,-7.4525e-03,3.7057e-03,1.4835e-02,2.5937e-02,3.7017e-02,4.8077e-02,5.9124e-02,7.0159e-02,8.1188e-02,9.2214e-02,1.0324e-01,1.1427e-01,1.2530e-01,1.3634e-01,1.4738e-01,1.5843e-01,1.6948e-01,1.8054e-01,1.9159e-01,2.0263e-01,2.1367e-01,2.2470e-01,2.3570e-01,2.4668e-01,2.5763e-01,2.6854e-01,2.7941e-01,2.9023e-01,3.0099e-01,3.1169e-01,3.2230e-01,3.3284e-01,3.4328e-01,3.5362e-01,3.6385e-01,3.7396e-01,3.8393e-01,3.9377e-01,4.0346e-01,4.1299e-01,4.2235e-01,4.3153e-01
-7.1793e-04,-9.9325e-03,-1.9180e-02,-2.8454e-02,-3.7747e-02,-4.7057e-02,-5.6382e-02,-6.5722e-02,-7.5076e-02,-8.4449e-02,-9.3843e-02,-1.0326e-01,-1.1270e-01,-1.2216e-01,-1.3163e-01,-1.4111e-01,-1.5057e-01,-1.5999e-01,-1.6933e-01,-1.7857e-01,-1.8766e-01,-1.9657e-01,-2.0528e-01,-2.1382e-01,-2.2223e-01,-2.3066e-01,-2.3930e-01,-2.4839e-01,-2.5814e-01,-2.6845e-01,-2.7871e-01,-2.8749e-01,-2.9278e-01,-2.9280e-01,-2.8717e-01,-2.7736e-01,-2.6568e-01,-2.5375e-01,-2.4203e-01,-2.3043e-01,-2.1889e-01,-2.0744e-01,-1.9607e-01,-1.8476e-01,-1.7344e-01,-1.6207e-01,-1.5062e-01,-1.3910e-01,-1.2753e-01,-1.1592e-01,-1.0429e-01,-9.2647e-02,-8.1014e-02,-6.9395e-02,-5.7796e-02,-4.6223e-02,-3.4678e-02,-2.3163e-02,-1.1680e-02,-2.2706e-04,1.1196e-02,2.2592e-02,3.3963e-02,4.5314e-02,5.6647e-02,6.7968e-02,7.9279e-02,9.0583e-02,1.0188e-01,1.1319e-01,1.2449e-01,1.3579e-01,1.4710e-01,1.5841e-01,1.6972e-01,1.8103e-01,1.9233e-01,2.0363e-01,2.1492e-01,2.2619e-01,2.3745e-01,2.4868e-01,2.5987e-01,2.7103e-01,2.8215e-01,2.9322e-01,3.0422e-01,3.1517e-01,3.2603e-01,3.3682e-01,3.4751e-01,3.5811e-01,3.6859e-01,3.7895e-01,3.8919e-01,3.9928e-01,4.0923e-01,4.1902e-01,4.2864e-01,4.3808e-01
-8.7251e-04,-9.8086e-03,-1.8776e-02,-2.7766e-02,-3.6773e-02,-4.5792e-02,-5.4820e-02,-6.3856e-02,-7.2900e-02,-8.1955e-02,-9.1025e-02,-1.0011e-01,-1.0922e-01,-1.1835e-01,-1.2750e-01,-1.3667e-01,-1.4583e-01,-1.5499e-01,-1.6411e-01,-1.7315e-01,-1.8209e-01,-1.9089e-01,-1.9951e-01,-2.0795e-01,-2.1620e-01,-2.2434e-01,-2.3249e-01,-2.4085e-01,-2.4967e-01,-2.5913e-01,-2.6917e-01,-2.7916e-01,-2.8769e-01,-2.9273e-01,-2.9248e-01,-2.8656e-01,-2.7641e-01,-2.6439e-01,-2.5214e-01,-2.4015e-01,-2.2830e-01,-2.1653e-01,-2.0485e-01,-1.9324e-01,-1.8167e-01,-1.7007e-01,-1.5841e-01,-1.4666e-01,-1.3484e-01,-1.2296e-01,-1.1106e-01,-9.9142e-02,-8.7227e-02,-7.5324e-02,-6.3441e-02,-5.1582e-02,-3.9750e-02,-2.7948e-02,-1.6176e-02,-4.4334e-03,7.2796e-03,1.8966e-02,3.0626e-02,4.2265e-02,5.3885e-02,6.5489e-02,7.7081e-02,8.8664e-02,1.0024e-01,1.1181e-01,1.2339e-01,1.3496e-01,1.4653e-01,1.5809e-01,1.6966e-01,1.8122e-01,1.9278e-01,2.0433e-01,2.1586e-01,2.2738e-01,2.3888e-01,2.5035e-01,2.6179e-01,2.7320e-01,2.8456e-01,2.9586e-01,3.0712e-01,3.1830e-01,3.2941e-01,3.4045e-01,3.5139e-01,3.6223e-01,3.7296e-01,3.8358e-01,3.9406e-01,4.0441e-01,4.1462e-01,4.2466e-01,4.3454e-01,4.4425e-01
-9.9712e-04,-9.6604e-03,-1.8354e-02,-2.7069e-02,-3.5798e-02,-4.4536e-02,-5.3278e-02,-6.2023e-02,-7.0771e-02,-7.9522e-02,-8.8281e-02,-9.7051e-02,-1.0584e-01,-1.1464e-01,-1.2347e-01,-1.3231e-01,-1.4118e-01,-1.5004e-01,-1.5890e-01,-1.6772e-01,-1.7648e-01,-1.8513e-01,-1.9364e-01,-2.0199e-01,-2.1014e-01,-2.1812e-01,-2.2599e-01,-2.3387e-01,-2.4196e-01,-2.5051e-01,-2.5970e-01,-2.6947e-01,-2.7920e-01,-2.8747e-01,-2.9226e-01,-2.9176e-01,-2.8554e-01,-2.7507e-01,-2.6271e-01,-2.5015e-01,-2.3789e-01,-2.2581e-01,-2.1382e-01,-2.0191e-01,-1.9007e-01,-1.7824e-01,-1.6636e-01,-1.5440e-01,-1.4235e-01,-1.3023e-01,-1.1806e-01,-1.0587e-01,-9.3680e-02,-8.1496e-02,-6.9332e-02,-5.7192e-02,-4.5079e-02,-3.2995e-02,-2.0940e-02,-8.9142e-03,3.0837e-03,1.5055e-02,2.7001e-02,3.8925e-02,5.0830e-02,6.2716e-02,7.4589e-02,8.6450e-02,9.8302e-02,1.1015e-01,1.2199e-01,1.3382e-01,1.4565e-01,1.5748e-01,1.6930e-01,1.8112e-01,1.9292e-01,2.0472e-01,2.1650e-01,2.2826e-01,2.4000e-01,2.5171e-01,2.6339e-01,2.7503e-01,2.8663e-01,2.9818e-01,3.0967e-01,3.2110e-01,3.3245e-01,3.4372e-01,3.5491e-01,3.6599e-01,3.7697e-01,3.8784e-01,3.9857e-01,4.0918e-01,4.1963e-01,4.2993e-01,4.4007e-01,4.5003e-01
-1.0908e-03,-9.4861e-03,-1.7911e-02,-2.6358e-02,-3.4817e-02,-4.3283e-02,-5.1750e-02,-6.0216e-02,-6.8679e-02,-7.7140e-02,-8.5602e-02,-9.4067e-02,-1.0254e-01,-1.1103e-01,-1.1954e-01,-1.2806e-01,-1.3661e-01,-1.4518e-01,-1.5375e-01,-1.6232e-01,-1.7085e-01,-1.7932e-01,-1.8769e-01,-1.9593e-01,-2.0400e-01,-2.1189e-01,-2.1960e-01,-2.2720e-01,-2.3482e-01,-2.4265e-01,-2.5093e-01,-2.5985e-01,-2.6936e-01,-2.7883e-01,-2.8685e-01,-2.9140e-01,-2.9063e-01,-2.8413e-01,-2.7333e-01,-2.6065e-01,-2.4779e-01,-2.3526e-01,-2.2296e-01,-2.1076e-01,-1.9864e-01,-1.8657e-01,-1.7447e-01,-1.6231e-01,-1.5006e-01,-1.3771e-01,-1.2530e-01,-1.1284e-01,-1.0037e-01,-8.7912e-02,-7.5469e-02,-6.3052e-02,-5.0663e-02,-3.8303e-02,-2.5972e-02,-1.3668e-02,-1.3921e-03,1.0859e-02,2.3086e-02,3.5292e-02,4.7477e-02,5.9644e-02,7.1796e-02,8.3934e-02,9.6061e-02,1.0818e-01,1.2029e-01,1.3239e-01,1.4448e-01,1.5656e-01,1.6864e-01,1.8071e-01,1.9276e-01,2.0480e-01,2.1683e-01,2.2883e-01,2.4081e-01,2.5276e-01,2.6467e-01,2.7655e-01,2.8838e-01,3.0016e-01,3.1189e-01,3.2355e-01,3.3514e-01,3.4665e-01,3.5808e-01,3.6940e-01,3.8063e-01,3.9173e-01,4.0272e-01,4.1357e-01,4.2427e-01,4.3483e-01,4.4521e-01,4.5543e-01
-1.1538e-03,-9.2852e-03,-1.7447e-02,-2.5630e-02,-3.3826e-02,-4.2028e-02,-5.0229e-02,-5.8426e-02,-6.6617e-02,-7.4800e-02,-8.2977e-02,-9.1152e-02,-9.9328e-02,-1.0751e-01,-1.1571e-01,-1.2392e-01,-1.3216e-01,-1.4042e-01,-1.4870e-01,-1.5698e-01,-1.6526e-01,-1.7351e-01,-1.8170e-01,-1.8980e-01,-1.9777e-01,-2.0557e-01,-2.1319e-01,-2.2065e-01,-2.2799e-01,-2.3535e-01,-2.4292e-01,-2.5094e-01,-2.5960e-01,-2.6884e-01,-2.7805e-01,-2.8583e-01,-2.9014e-01,-2.8913e-01,-2.8233e-01,-2.7122e-01,-2.5821e-01,-2.4506e-01,-2.3229e-01,-2.1978e-01,-2.0738e-01,-1.9505e-01,-1.8274e-01,-1.7038e-01,-1.5794e-01,-1.4539e-01,-1.3275e-01,-1.2004e-01,-1.0731e-01,-9.4572e-02,-8.1853e-02,-6.9160e-02,-5.6499e-02,-4.3868e-02,-3.1267e-02,-1.8693e-02,-6.1455e-03,6.3784e-03,1.8880e-02,3.1361e-02,4.3823e-02,5.6268e-02,6.8696e-02,8.1110e-02,9.3510e-02,1.0590e-01,1.1827e-01,1.3064e-01,1.4299e-01,1.5534e-01,1.6767e-01,1.7999e-01,1.9229e-01,2.0457e-01,2.1684e-01,2.2908e-01,2.4129e-01,2.5348e-01,2.6563e-01,2.7774e-01,2.8980e-01,3.0181e-01,3.1377e-01,3.2566e-01,3.3749e-01,3.4923e-01,3.6089e-01,3.7246e-01,3.8392e-01,3.9527e-01,4.0650e-01,4.1759e-01,4.2855e-01,4.3935e-01,4.4999e-01,4.6046e-01
-1.1879e-03,-9.0590e-03,-1.6962e-02,-2.4887e-02,-3.2825e-02,-4.0769e-02,-4.8712e-02,-5.6649e-02,-6.4577e-02,-7.2494e-02,-8.0400e-02,-8.8297e-02,-9.6189e-02,-1.0408e-01,-1.1198e-01,-1.1989e-01,-1.2782e-01,-1.3577e-01,-1.4375e-01,-1.5174e-01,-1.5975e-01,-1.6775e-01,-1.7572e-01,-1.8364e-01,-1.9147e-01,-1.9917e-01,-2.0671e-01,-2.1408e-01,-2.2128e-01,-2.2837e-01,-2.3547e-01,-2.4279e-01,-2.5055e-01,-2.5895e-01,-2.6794e-01,-2.7690e-01,-2.8443e-01,-2.8850e-01,-2.8724e-01,-2.8016e-01,-2.6874e-01,-2.5542e-01,-2.4199e-01,-2.2898e-01,-2.1627e-01,-2.0368e-01,-1.9114e-01,-1.7859e-01,-1.6597e-01,-1.5325e-01,-1.4040e-01,-1.2747e-01,-1.1448e-01,-1.0148e-01,-8.8484e-02,-7.5517e-02,-6.2585e-02,-4.9687e-02,-3.6821e-02,-2.3984e-02,-1.1173e-02,1.6160e-03,1.4385e-02,2.7135e-02,3.9868e-02,5.2585e-02,6.5286e-02,7.7972e-02,9.0644e-02,1.0330e-01,1.1595e-01,1.2858e-01,1.4119e-01,1.5379e-01,1.6638e-01,1.7895e-01,1.9150e-01,2.0403e-01,2.1653e-01,2.2901e-01,2.4146e-01,2.5388e-01,2.6626e-01,2.7860e-01,2.9089e-01,3.0313e-01,3.1532e-01,3.2744e-01,3.3949e-01,3.5147e-01,3.6336e-01,3.7516e-01,3.8686e-01,3.9845e-01,4.0991e-01,4.2125e-01,4.3245e-01,4.4350e-01,4.5439e-01,4.6511e-01
-1.1953e-03,-8.8093e-03,-1.6457e-02,-2.4127e-02,-3.1813e-02,-3.9505e-02,-4.7196e-02,-5.4881e-02,-6.2555e-02,-7.0215e-02,-7.7861e-02,-8.5494e-02,-9.3115e-02,-1.0073e-01,-1.0834e-01,-1.1596e-01,-1.2360e-01,-1.3125e-01,-1.3892e-01,-1.4661e-01,-1.5433e-01,-1.6206e-01,-1.6979e-01,-1.7750e-01,-1.8515e-01,-1.9271e-01,-2.0016e-01,-2.0744e-01,-2.1455e-01,-2.2150e-01,-2.2835e-01,-2.3520e-01,-2.4227e-01,-2.4978e-01,-2.5792e-01,-2.6665e-01,-2.7536e-01,-2.8266e-01,-2.8650e-01,-2.8499e-01,-2.7764e-01,-2.6591e-01,-2.5228e-01,-2.3858e-01,-2.2535e-01,-2.1244e-01,-1.9967e-01,-1.8692e-01,-1.7414e-01,-1.6125e-01,-1.4824e-01,-1.3511e-01,-1.2189e-01,-1.0863e-01,-9.5364e-02,-8.2124e-02,-6.8920e-02,-5.5756e-02,-4.2630e-02,-2.9536e-02,-1.6468e-02,-3.4231e-03,9.6040e-03,2.2615e-02,3.5611e-02,4.8594e-02,6.1563e-02,7.4518e-02,8.7458e-02,1.0038e-01,1.1330e-01,1.2619e-01,1.3907e-01,1.5193e-01,1.6477e-01,1.7759e-01,1.9038e-01,2.0316e-01,2.1590e-01,2.2862e-01,2.4130e-01,2.5395e-01,2.6656e-01,2.7913e-01,2.9165e-01,3.0412e-01,3.1653e-01,3.2888e-01,3.4116e-01,3.5336e-01,3.6548e-01,3.7751e-01,3.8944e-01,4.0127e-01,4.1297e-01,4.2455e-01,4.3599e-01,4.4728e-01,4.5842e-01,4.6939e-01
-1.1794e-03,-8.5396e-03,-1.5934e-02,-2.3355e-02,-3.0791e-02,-3.8236e-02,-4.5681e-02,-5.3119e-02,-6.0547e-02,-6.7960e-02,-7.5356e-02,-8.2735e-02,-9.0098e-02,-9.7449e-02,-1.0479e-01,-1.1213e-01,-1.1948e-01,-1.2684e-01,-1.3421e-01,-1.4161e-01,-1.4904e-01,-1.5649e-01,-1.6395e-01,-1.7141e-01,-1.7885e-01,-1.8624e-01,-1.9355e-01,-2.0074e-01,-2.0777e-01,-2.1464e-01,-2.2134e-01,-2.2794e-01,-2.3455e-01,-2.4137e-01,-2.4864e-01,-2.5653e-01,-2.6501e-01,-2.7347e-01,-2.8053e-01,-2.8413e-01,-2.8238e-01,-2.7476e-01,-2.6273e-01,-2.4880e-01,-2.3484e-01,-2.2140e-01,-2.0831e-01,-1.9535e-01,-1.8240e-01,-1.6938e-01,-1.5623e-01,-1.4293e-01,-1.2951e-01,-1.1602e-01,-1.0249e-01,-8.8982e-02,-7.5506e-02,-6.2076e-02,-4.8690e-02,-3.5342e-02,-2.2026e-02,-8.7319e-03,4.5438e-03,1.7806e-02,3.1057e-02,4.4298e-02,5.7527e-02,7.0745e-02,8.3951e-02,9.7142e-02,1.1032e-01,1.2347e-01,1.3661e-01,1.4973e-01,1.6283e-01,1.7590e-01,1.8894e-01,2.0196e-01,2.1494e-01,2.2790e-01,2.4081e-01,2.5369e-01,2.6653e-01,2.7933e-01,2.9207e-01,3.0476e-01,3.1740e-01,3.2997e-01,3.4248e-01,3.5491e-01,3.6725e-01,3.7951e-01,3.9167e-01,4.0373e-01,4.1567e-01,4.2748e-01,4.3916e-01,4.5070e-01,4.6207e-01,4.7329e-01
-1.1437e-03,-8.2528e-03,-1.5399e-02,-2.2571e-02,-2.9763e-02,-3.6964e-02,-4.4167e-02,-5.1365e-02,-5.8553e-02,-6.5726e-02,-7.2880e-02,-8.0015e-02,-8.7131e-02,-9.4229e-02,-1.0131e-01,-1.0839e-01,-1.1546e-01,-1.2254e-01,-1.2964e-01,-1.3675e-01,-1.4388e-01,-1.5104e-01,-1.5822e-01,-1.6542e-01,-1.7262e-01,-1.7980e-01,-1.8694e-01,-1.9399e-01,-2.0093e-01,-2.0772e-01,-2.1434e-01,-2.2080e-01,-2.2716e-01,-2.3354e-01,-2.4012e-01,-2.4714e-01,-2.5479e-01,-2.6301e-01,-2.7123e-01,-2.7805e-01,-2.8142e-01,-2.7943e-01,-2.7154e-01,-2.5922e-01,-2.4501e-01,-2.3080e-01,-2.1716e-01,-2.0389e-01,-1.9075e-01,-1.7759e-01,-1.6432e-01,-1.5090e-01,-1.3733e-01,-1.2363e-01,-1.0987e-01,-9.6092e-02,-8.2345e-02,-6.8645e-02,-5.4999e-02,-4.1399e-02,-2.7837e-02,-1.4303e-02,-7.8719e-04,1.2716e-02,2.6212e-02,3.9700e-02,5.3182e-02,6.6655e-02,8.0119e-02,9.3571e-02,1.0701e-01,1.2043e-01,1.3382e-01,1.4720e-01,1.6055e-01,1.7387e-01,1.8717e-01,2.0043e-01,2.1365e-01,2.2684e-01,2.3999e-01,2.5310e-01,2.6617e-01,2.7919e-01,2.9216e-01,3.0508e-01,3.1793e-01,3.3073e-01,3.4345e-01,3.5611e-01,3.6868e-01,3.8116e-01,3.9355e-01,4.0583e-01,4.1800e-01,4.3005e-01,4.4197e-01,4.5374e-01,4.6536e-01,4.7682e-01
-1.0921e-03,-7.9531e-03,-1.4852e-02,-2.1781e-02,-2.8730e-02,-3.5691e-02,-4.2657e-02,-4.9619e-02,-5.6572e-02,-6.3511e-02,-7.0431e-02,-7.7331e-02,-8.4209e-02,-9.1066e-02,-9.7905e-02,-1.0473e-01,-1.1155e-01,-1.1836e-01,-1.2518e-01,-1.3201e-01,-1.3886e-01,-1.4573e-01,-1.5263e-01,-1.5956e-01,-1.6650e-01,-1.7344e-01,-1.8037e-01,-1.8725e-01,-1.9406e-01,-2.0075e-01,-2.0729e-01,-2.1368e-01,-2.1991e-01,-2.2603e-01,-2.3218e-01,-2.3852e-01,-2.4530e-01,-2.5270e-01,-2.6068e-01,-2.6865e-01,-2.7523e-01,-2.7838e-01,-2.7615e-01,-2.6801e-01,-2.5541e-01,-2.4091e-01,-2.2646e-01,-2.1262e-01,-1.9918e-01,-1.8586e-01,-1.7249e-01,-1.5898e-01,-1.4529e-01,-1.3144e-01,-1.1747e-01,-1.0345e-01,-8.9438e-02,-7.5468e-02,-6.1557e-02,-4.7703e-02,-3.3898e-02,-2.0127e-02,-6.3800e-03,7.3544e-03,2.1083e-02,3.4808e-02,4.8532e-02,6.2252e-02,7.5966e-02,8.9672e-02,1.0336e-01,1.1704e-01,1.3070e-01,1.4433e-01,1.5793e-01,1.7151e-01,1.8505e-01,1.9855e-01,2.1202e-01,2.2545e-01,2.3884e-01,2.5218e-01,2.6547e-01,2.7872e-01,2.9191e-01,3.0505e-01,3.1812e-01,3.3114e-01,3.4408e-01,3.5696e-01,3.6975e-01,3.8246e-01,3.9507e-01,4.0758e-01,4.1998e-01,4.3226e-01,4.4441e-01,4.5642e-01,4.6828e-01,4.7998e-01
-1.0287e-03,-7.6443e-03,-1.4300e-02,-2.0988e-02,-2.7697e-02,-3.4422e-02,-4.1153e-02,-4.7883e-02,-5.4606e-02,-6.1316e-02,-6.8008e-02,-7.4680e-02,-8.1329e-02,-8.7954e-02,-9.4558e-02,-1.0114e-01,-1.0771e-01,-1.1427e-01,-1.2083e-01,-1.2739e-01,-1.3397e-01,-1.4056e-01,-1.4718e-01,-1.5383e-01,-1.6050e-01,-1.6719e-01,-1.7388e-01,-1.8056e-01,-1.8720e-01,-1.9376e-01,-2.0021e-01,-2.0652e-01,-2.1267e-01,-2.1866e-01,-2.2456e-01,-2.3048e-01,-2.3659e-01,-2.4313e-01,-2.5029e-01,-2.5803e-01,-2.6575e-01,-2.7210e-01,-2.7501e-01,-2.7256e-01,-2.6416e-01,-2.5129e-01,-2.3652e-01,-2.2184e-01,-2.0781e-01,-1.9421e-01,-1.8070e-01,-1.6712e-01,-1.5336e-01,-1.3940e-01,-1.2528e-01,-1.1105e-01,-9.6785e-02,-8.2548e-02,-6.8367e-02,-5.4254e-02,-4.0203e-02,-2.6198e-02,-1.2225e-02,1.7314e-03,1.5682e-02,2.9632e-02,4.3585e-02,5.7541e-02,7.1496e-02,8.5447e-02,9.9389e-02,1.1332e-01,1.2723e-01,1.4111e-01,1.5497e-01,1.6879e-01,1.8258e-01,1.9634e-01,2.1005e-01,2.2371e-01,2.3733e-01,2.5091e-01,2.6443e-01,2.7790e-01,2.9131e-01,3.0467e-01,3.1797e-01,3.3120e-01,3.4437e-01,3.5746e-01,3.7047e-01,3.8340e-01,3.9623e-01,4.0897e-01,4.2159e-01,4.3410e-01,4.4648e-01,4.5873e-01,4.7083e-01,4.8277e-01
-9.5709e-04,-7.3304e-03,-1.3746e-02,-2.0194e-02,-2.6668e-02,-3.3159e-02,-3.9659e-02,-4.6161e-02,-5.2657e-02,-5.9143e-02,-6.5612e-02,-7.2061e-02,-7.8487e-02,-8.4889e-02,-9.1267e-02,-9.7622e-02,-1.0396e-01,-1.1028e-01,-1.1659e-01,-1.2290e-01,-1.2921e-01,-1.3554e-01,-1.4189e-01,-1.4826e-01,-1.5465e-01,-1.6108e-01,-1.6752e-01,-1.7397e-01,-1.8040e-01,-1.8679e-01,-1.9311e-01,-1.9933e-01,-2.0540e-01,-2.1132e-01,-2.1709e-01,-2.2277e-01,-2.2846e-01,-2.3434e-01,-2.4065e-01,-2.4758e-01,-2.5507e-01,-2.6255e-01,-2.6866e-01,-2.7135e-01,-2.6867e-01,-2.6003e-01,-2.4689e-01,-2.3186e-01,-2.1696e-01,-2.0274e-01,-1.8896e-01,-1.7528e-01,-1.6147e-01,-1.4747e-01,-1.3324e-01,-1.1885e-01,-1.0438e-01,-8.9884e-02,-7.5435e-02,-6.1057e-02,-4.6753e-02,-3.2512e-02,-1.8314e-02,-4.1426e-03,1.0020e-02,2.4183e-02,3.8353e-02,5.2531e-02,6.6715e-02,8.0901e-02,9.5084e-02,1.0926e-01,1.2341e-01,1.3755e-01,1.5166e-01,1.6573e-01,1.7977e-01,1.9377e-01,2.0772e-01,2.2162e-01,2.3548e-01,2.4929e-01,2.6304e-01,2.7673e-01,2.9037e-01,3.0395e-01,3.1747e-01,3.3092e-01,3.4430e-01,3.5761e-01,3.7084e-01,3.8399e-01,3.9704e-01,4.1000e-01,4.2285e-01,4.3558e-01,4.4819e-01,4.6067e-01,4.7300e-01,4.8518e-01
-8.8136e-04,-7.0154e-03,-1.3193e-02,-1.9406e-02,-2.5647e-02,-3.1907e-02,-3.8178e-02,-4.4454e-02,-5.0728e-02,-5.6993e-02,-6.3243e-02,-6.9475e-02,-7.5685e-02,-8.1870e-02,-8.8030e-02,-9.4165e-02,-1.0028e-01,-1.0637e-01,-1.1245e-01,-1.1851e-01,-1.2458e-01,-1.3065e-01,-1.3673e-01,-1.4284e-01,-1.4897e-01,-1.5512e-01,-1.6130e-01,-1.6750e-01,-1.7370e-01,-1.7990e-01,-1.8605e-01,-1.9213e-01,-1.9811e-01,-2.0396e-01,-2.0966e-01,-2.1521e-01,-2.2066e-01,-2.2613e-01,-2.3180e-01,-2.3788e-01,-2.4457e-01,-2.5181e-01,-2.5905e-01,-2.6493e-01,-2.6739e-01,-2.6449e-01,-2.5561e-01,-2.4222e-01,-2.2694e-01,-2.1182e-01,-1.9742e-01,-1.8347e-01,-1.6960e-01,-1.5557e-01,-1.4131e-01,-1.2683e-01,-1.1219e-01,-9.7471e-02,-8.2764e-02,-6.8117e-02,-5.3552e-02,-3.9066e-02,-2.4642e-02,-1.0258e-02,4.1094e-03,1.8474e-02,3.2848e-02,4.7234e-02,6.1634e-02,7.6043e-02,9.0456e-02,1.0486e-01,1.1926e-01,1.3364e-01,1.4800e-01,1.6232e-01,1.7660e-01,1.9084e-01,2.0504e-01,2.1918e-01,2.3328e-01,2.4731e-01,2.6129e-01,2.7522e-01,2.8908e-01,3.0288e-01,3.1662e-01,3.3029e-01,3.4388e-01,3.5741e-01,3.7086e-01,3.8422e-01,3.9749e-01,4.1067e-01,4.2374e-01,4.3670e-01,4.4953e-01,4.6224e-01,4.7480e-01,4.8722e-01
-8.0492e-04,-6.7030e-03,-1.2646e-02,-1.8626e-02,-2.4637e-02,-3.0668e-02,-3.6715e-02,-4.2768e-02,-4.8821e-02,-5.4869e-02,-6.0904e-02,-6.6923e-02,-7.2921e-02,-7.8895e-02,-8.4844e-02,-9.0766e-02,-9.6664e-02,-1.0254e-01,-1.0839e-01,-1.1423e-01,-1.2006e-01,-1.2589e-01,-1.3172e-01,-1.3757e-01,-1.4343e-01,-1.4932e-01,-1.5524e-01,-1.6118e-01,-1.6714e-01,-1.7311e-01,-1.7907e-01,-1.8499e-01,-1.9084e-01,-1.9659e-01,-2.0221e-01,-2.0769e-01,-2.1302e-01,-2.1826e-01,-2.2352e-01,-2.2896e-01,-2.3482e-01,-2.4128e-01,-2.4829e-01,-2.5528e-01,-2.6093e-01,-2.6317e-01,-2.6005e-01,-2.5094e-01,-2.3730e-01,-2.2178e-01,-2.0644e-01,-1.9186e-01,-1.7774e-01,-1.6367e-01,-1.4942e-01,-1.3491e-01,-1.2018e-01,-1.0529e-01,-9.0349e-02,-7.5439e-02,-6.0608e-02,-4.5867e-02,-3.1208e-02,-1.6608e-02,-2.0394e-03,1.2519e-02,2.7084e-02,4.1666e-02,5.6266e-02,7.0883e-02,8.5512e-02,1.0015e-01,1.1478e-01,1.2939e-01,1.4399e-01,1.5855e-01,1.7308e-01,1.8756e-01,2.0200e-01,2.1638e-01,2.3071e-01,2.4498e-01,2.5919e-01,2.7334e-01,2.8743e-01,3.0145e-01,3.1541e-01,3.2930e-01,3.4311e-01,3.5685e-01,3.7051e-01,3.8409e-01,3.9758e-01,4.1097e-01,4.2426e-01,4.3744e-01,4.5050e-01,4.6344e-01,4.7623e-01,4.8887e-01
-7.3135e-04,-6.3963e-03,-1.2108e-02,-1.7859e-02,-2.3641e-02,-2.9448e-02,-3.5271e-02,-4.1105e-02,-4.6941e-02,-5.2774e-02,-5.8598e-02,-6.4407e-02,-7.0197e-02,-7.5965e-02,-8.1708e-02,-8.7425e-02,-9.3115e-02,-9.8780e-02,-1.0442e-01,-1.1004e-01,-1.1565e-01,-1.2125e-01,-1.2684e-01,-1.3245e-01,-1.3806e-01,-1.4369e-01,-1.4935e-01,-1.5503e-01,-1.6074e-01,-1.6647e-01,-1.7220e-01,-1.7793e-01,-1.8362e-01,-1.8924e-01,-1.9477e-01,-2.0017e-01,-2.0543e-01,-2.1055e-01,-2.1558e-01,-2.2063e-01,-2.2586e-01,-2.3150e-01,-2.3773e-01,-2.4450e-01,-2.5126e-01,-2.5666e-01,-2.5868e-01,-2.5535e-01,-2.4602e-01,-2.3215e-01,-2.1640e-01,-2.0085e-01,-1.8608e-01,-1.7178e-01,-1.5751e-01,-1.4303e-01,-1.2828e-01,-1.1329e-01,-9.8174e-02,-8.3025e-02,-6.7928e-02,-5.2924e-02,-3.8017e-02,-2.3192e-02,-8.4193e-03,6.3289e-03,2.1076e-02,3.5839e-02,5.0625e-02,6.5435e-02,8.0266e-02,9.5111e-02,1.0996e-01,1.2480e-01,1.3963e-01,1.5443e-01,1.6920e-01,1.8392e-01,1.9860e-01,2.1322e-01,2.2779e-01,2.4229e-01,2.5673e-01,2.7111e-01,2.8542e-01,2.9967e-01,3.1384e-01,3.2795e-01,3.4198e-01,3.5594e-01,3.6981e-01,3.8360e-01,3.9731e-01,4.1092e-01,4.2442e-01,4.3782e-01,4.5110e-01,4.6426e-01,4.7728e-01,4.9015e-01
-6.6295e-04,-6.0988e-03,-1.1582e-02,-1.7106e-02,-2.2664e-02,-2.8248e-02,-3.3852e-02,-3.9468e-02,-4.5090e-02,-5.0711e-02,-5.6326e-02,-6.1930e-02,-6.7516e-02,-7.3081e-02,-7.8624e-02,-8.4140e-02,-8.9629e-02,-9.5092e-02,-1.0053e-01,-1.0594e-01,-1.1134e-01,-1.1672e-01,-1.2209e-01,-1.2746e-01,-1.3283e-01,-1.3822e-01,-1.4363e-01,-1.4905e-01,-1.5451e-01,-1.5999e-01,-1.6549e-01,-1.7099e-01,-1.7649e-01,-1.8195e-01,-1.8736e-01,-1.9267e-01,-1.9785e-01,-2.0290e-01,-2.0782e-01,-2.1264e-01,-2.1749e-01,-2.2251e-01,-2.2793e-01,-2.3393e-01,-2.4047e-01,-2.4699e-01,-2.5216e-01,-2.5396e-01,-2.5042e-01,-2.4088e-01,-2.2678e-01,-2.1080e-01,-1.9504e-01,-1.8010e-01,-1.6561e-01,-1.5113e-01,-1.3642e-01,-1.2142e-01,-1.0620e-01,-9.0862e-02,-7.5518e-02,-6.0247e-02,-4.5080e-02,-3.0016e-02,-1.5030e-02,-8.9288e-05,1.4836e-02,2.9770e-02,4.4728e-02,5.9715e-02,7.4732e-02,8.9772e-02,1.0483e-01,1.1988e-01,1.3493e-01,1.4996e-01,1.6496e-01,1.7992e-01,1.9483e-01,2.0969e-01,2.2450e-01,2.3923e-01,2.5391e-01,2.6852e-01,2.8305e-01,2.9752e-01,3.1192e-01,3.2624e-01,3.4049e-01,3.5466e-01,3.6875e-01,3.8275e-01,3.9667e-01,4.1049e-01,4.2422e-01,4.3783e-01,4.5133e-01,4.6471e-01,4.7795e-01,4.9105e-01
-6.0259e-04,-5.8127e-03,-1.1071e-02,-1.6372e-02,-2.1708e-02,-2.7073e-02,-3.2460e-02,-3.7861e-02,-4.3272e-02,-4.8684e-02,-5.4093e-02,-5.9493e-02,-6.4878e-02,-7.0245e-02,-7.5590e-02,-8.0911e-02,-8.6205e-02,-9.1472e-02,-9.6711e-02,-1.0193e-01,-1.0712e-01,-1.1229e-01,-1.1745e-01,-1.2260e-01,-1.2775e-01,-1.3290e-01,-1.3807e-01,-1.4325e-01,-1.4845e-01,-1.5368e-01,-1.5894e-01,-1.6421e-01,-1.6950e-01,-1.7477e-01,-1.8001e-01,-1.8520e-01,-1.9030e-01,-1.9527e-01,-2.0012e-01,-2.0483e-01,-2.0946e-01,-2.1410e-01,-2.1892e-01,-2.2413e-01,-2.2991e-01,-2.3621e-01,-2.4249e-01,-2.4743e-01,-2.4902e-01,-2.4527e-01,-2.3553e-01,-2.2121e-01,-2.0501e-01,-1.8905e-01,-1.7391e-01,-1.5923e-01,-1.4454e-01,-1.2960e-01,-1.1437e-01,-9.8914e-02,-8.3369e-02,-6.7845e-02,-5.2410e-02,-3.7091e-02,-2.1876e-02,-6.7339e-03,8.3713e-03,2.3471e-02,3.8590e-02,5.3740e-02,6.8925e-02,8.4144e-02,9.9387e-02,1.1464e-01,1.2990e-01,1.4515e-01,1.6037e-01,1.7556e-01,1.9071e-01,2.0580e-01,2.2084e-01,2.3581e-01,2.5072e-01,2.6555e-01,2.8032e-01,2.9501e-01,3.0962e-01,3.2417e-01,3.3863e-01,3.5302e-01,3.6732e-01,3.8154e-01,3.9567e-01,4.0970e-01,4.2364e-01,4.3747e-01,4.5119e-01,4.6478e-01,4.7825e-01,4.9157e-01
-5.5216e-04,-5.5403e-03,-1.0578e-02,-1.5659e-02,-2.0776e-02,-2.5925e-02,-3.1097e-02,-3.6287e-02,-4.1489e-02,-4.6695e-02,-5.1900e-02,-5.7099e-02,-6.2287e-02,-6.7459e-02,-7.2610e-02,-7.7739e-02,-8.2842e-02,-8.7918e-02,-9.2967e-02,-9.7989e-02,-1.0299e-01,-1.0796e-01,-1.1292e-01,-1.1786e-01,-1.2279e-01,-1.2772e-01,-1.3266e-01,-1.3761e-01,-1.4257e-01,-1.4756e-01,-1.5257e-01,-1.5761e-01,-1.6266e-01,-1.6773e-01,-1.7278e-01,-1.7781e-01,-1.8279e-01,-1.8767e-01,-1.9245e-01,-1.9709e-01,-2.0161e-01,-2.0605e-01,-2.1049e-01,-2.1512e-01,-2.2012e-01,-2.2567e-01,-2.3174e-01,-2.3779e-01,-2.4250e-01,-2.4387e-01,-2.3992e-01,-2.2998e-01,-2.1546e-01,-1.9905e-01,-1.8288e-01,-1.6754e-01,-1.5266e-01,-1.3776e-01,-1.2259e-01,-1.0712e-01,-9.1451e-02,-7.5715e-02,-6.0021e-02,-4.4435e-02,-2.8972e-02,-1.3611e-02,1.6839e-03,1.6952e-02,3.2225e-02,4.7525e-02,6.2864e-02,7.8244e-02,9.3660e-02,1.0910e-01,1.2455e-01,1.4001e-01,1.5544e-01,1.7086e-01,1.8623e-01,2.0155e-01,2.1682e-01,2.3202e-01,2.4716e-01,2.6222e-01,2.7721e-01,2.9213e-01,3.0696e-01,3.2173e-01,3.3641e-01,3.5101e-01,3.6552e-01,3.7995e-01,3.9430e-01,4.0854e-01,4.2269e-01,4.3674e-01,4.5067e-01,4.6448e-01,4.7816e-01,4.9171e-01
-5.1351e-04,-5.2838e-03,-1.0104e-02,-1.4968e-02,-1.9870e-02,-2.4805e-02,-2.9767e-02,-3.4748e-02,-3.9743e-02,-4.4746e-02,-4.9751e-02,-5.4752e-02,-5.9744e-02,-6.4723e-02,-6.9684e-02,-7.4624e-02,-7.9541e-02,-8.4431e-02,-8.9294e-02,-9.4130e-02,-9.8939e-02,-1.0372e-01,-1.0849e-01,-1.1323e-01,-1.1796e-01,-1.2268e-01,-1.2740e-01,-1.3213e-01,-1.3687e-01,-1.4162e-01,-1.4639e-01,-1.5119e-01,-1.5601e-01,-1.6085e-01,-1.6570e-01,-1.7055e-01,-1.7536e-01,-1.8013e-01,-1.8482e-01,-1.8939e-01,-1.9384e-01,-1.9817e-01,-2.0242e-01,-2.0668e-01,-2.1110e-01,-2.1590e-01,-2.2124e-01,-2.2708e-01,-2.3289e-01,-2.3737e-01,-2.3853e-01,-2.3439e-01,-2.2427e-01,-2.0954e-01,-1.9292e-01,-1.7654e-01,-1.6101e-01,-1.4592e-01,-1.3080e-01,-1.1540e-01,-9.9706e-02,-8.3832e-02,-6.7915e-02,-5.2066e-02,-3.6338e-02,-2.0736e-02,-5.2331e-03,1.0212e-02,2.5641e-02,4.1086e-02,5.6566e-02,7.2091e-02,8.7661e-02,1.0327e-01,1.1890e-01,1.3454e-01,1.5018e-01,1.6580e-01,1.8139e-01,1.9694e-01,2.1243e-01,2.2786e-01,2.4322e-01,2.5852e-01,2.7373e-01,2.8887e-01,3.0393e-01,3.1891e-01,3.3381e-01,3.4863e-01,3.6336e-01,3.7800e-01,3.9255e-01,4.0701e-01,4.2137e-01,4.3563e-01,4.4977e-01,4.6380e-01,4.7769e-01,4.9146e-01
-4.8754e-04,-5.0441e-03,-9.6504e-03,-1.4302e-02,-1.8993e-02,-2.3717e-02,-2.8470e-02,-3.3246e-02,-3.8037e-02,-4.2839e-02,-4.7646e-02,-5.2452e-02,-5.7252e-02,-6.2041e-02,-6.6814e-02,-7.1569e-02,-7.6302e-02,-8.1010e-02,-8.5692e-02,-9.0346e-02,-9.4973e-02,-9.9574e-02,-1.0415e-01,-1.0871e-01,-1.1324e-01,-1.1777e-01,-1.2228e-01,-1.2680e-01,-1.3132e-01,-1.3585e-01,-1.4039e-01,-1.4496e-01,-1.4955e-01,-1.5416e-01,-1.5879e-01,-1.6343e-01,-1.6807e-01,-1.7268e-01,-1.7725e-01,-1.8174e-01,-1.8612e-01,-1.9038e-01,-1.9453e-01,-1.9859e-01,-2.0266e-01,-2.0690e-01,-2.1150e-01,-2.1662e-01,-2.2224e-01,-2.2781e-01,-2.3207e-01,-2.3302e-01,-2.2870e-01,-2.1839e-01,-2.0347e-01,-1.8665e-01,-1.7006e-01,-1.5432e-01,-1.3902e-01,-1.2368e-01,-1.0805e-01,-9.2142e-02,-7.6074e-02,-5.9990e-02,-4.3995e-02,-2.8132e-02,-1.2397e-02,3.2456e-03,1.8840e-02,3.4429e-02,5.0043e-02,6.5701e-02,8.1409e-02,9.7164e-02,1.1296e-01,1.2877e-01,1.4460e-01,1.6042e-01,1.7621e-01,1.9197e-01,2.0768e-01,2.2334e-01,2.3892e-01,2.5444e-01,2.6988e-01,2.8525e-01,3.0053e-01,3.1573e-01,3.3085e-01,3.4588e-01,3.6082e-01,3.7568e-01,3.9044e-01,4.0511e-01,4.1968e-01,4.3414e-01,4.4850e-01,4.6273e-01,4.7684e-01,4.9082e-01
-4.7541e-04,-4.8221e-03,-9.2189e-03,-1.3661e-02,-1.8144e-02,-2.2662e-02,-2.7210e-02,-3.1782e-02,-3.6373e-02,-4.0976e-02,-4.5588e-02,-5.0201e-02,-5.4811e-02,-5.9413e-02,-6.4002e-02,-6.8574e-02,-7.3126e-02,-7.7655e-02,-8.2160e-02,-8.6637e-02,-9.1088e-02,-9.5511e-02,-9.9909e-02,-1.0428e-01,-1.0864e-01,-1.1297e-01,-1.1729e-01,-1.2161e-01,-1.2592e-01,-1.3024e-01,-1.3457e-01,-1.3891e-01,-1.4327e-01,-1.4766e-01,-1.5207e-01,-1.5649e-01,-1.6093e-01,-1.6537e-01,-1.6978e-01,-1.7415e-01,-1.7845e-01,-1.8265e-01,-1.8673e-01,-1.9070e-01,-1.9458e-01,-1.9847e-01,-2.0252e-01,-2.0692e-01,-2.1184e-01,-2.1723e-01,-2.2257e-01,-2.2660e-01,-2.2735e-01,-2.2285e-01,-2.1237e-01,-1.9727e-01,-1.8024e-01,-1.6344e-01,-1.4749e-01,-1.3198e-01,-1.1642e-01,-1.0056e-01,-8.4446e-02,-6.8196e-02,-5.1956e-02,-3.5824e-02,-1.9832e-02,-3.9663e-03,1.1814e-02,2.7558e-02,4.3306e-02,5.9088e-02,7.4921e-02,9.0807e-02,1.0674e-01,1.2271e-01,1.3871e-01,1.5471e-01,1.7070e-01,1.8666e-01,2.0258e-01,2.1845e-01,2.3426e-01,2.5000e-01,2.6566e-01,2.8125e-01,2.9675e-01,3.1217e-01,3.2751e-01,3.4275e-01,3.5791e-01,3.7298e-01,3.8795e-01,4.0283e-01,4.1761e-01,4.3228e-01,4.4684e-01,4.6129e-01,4.7561e-01,4.8980e-01
-4.7690e-04,-4.6188e-03,-8.8103e-03,-1.3047e-02,-1.7326e-02,-2.1640e-02,-2.5986e-02,-3.0358e-02,-3.4751e-02,-3.9160e-02,-4.3578e-02,-4.8001e-02,-5.2424e-02,-5.6841e-02,-6.1248e-02,-6.5640e-02,-7.0015e-02,-7.4369e-02,-7.8699e-02,-8.3003e-02,-8.7281e-02,-9.1531e-02,-9.5755e-02,-9.9954e-02,-1.0413e-01,-1.0828e-01,-1.1242e-01,-1.1655e-01,-1.2067e-01,-1.2478e-01,-1.2890e-01,-1.3304e-01,-1.3718e-01,-1.4135e-01,-1.4553e-01,-1.4974e-01,-1.5397e-01,-1.5822e-01,-1.6246e-01,-1.6668e-01,-1.7086e-01,-1.7498e-01,-1.7899e-01,-1.8290e-01,-1.8669e-01,-1.9040e-01,-1.9412e-01,-1.9799e-01,-2.0219e-01,-2.0690e-01,-2.1207e-01,-2.1718e-01,-2.2099e-01,-2.2154e-01,-2.1687e-01,-2.0622e-01,-1.9095e-01,-1.7372e-01,-1.5671e-01,-1.4054e-01,-1.2481e-01,-1.0902e-01,-9.2953e-02,-7.6637e-02,-6.0217e-02,-4.3831e-02,-2.7568e-02,-1.1451e-02,4.5434e-03,2.0462e-02,3.6354e-02,5.2261e-02,6.8210e-02,8.4215e-02,1.0028e-01,1.1639e-01,1.3253e-01,1.4870e-01,1.6486e-01,1.8101e-01,1.9714e-01,2.1321e-01,2.2923e-01,2.4519e-01,2.6107e-01,2.7688e-01,2.9260e-01,3.0824e-01,3.2379e-01,3.3925e-01,3.5463e-01,3.6990e-01,3.8509e-01,4.0018e-01,4.1516e-01,4.3004e-01,4.4481e-01,4.5946e-01,4.7399e-01,4.8839e-01
-4.9213e-04,-4.4337e-03,-8.4243e-03,-1.2460e-02,-1.6538e-02,-2.0653e-02,-2.4800e-02,-2.8975e-02,-3.3173e-02,-3.7389e-02,-4.1618e-02,-4.5853e-02,-5.0091e-02,-5.4326e-02,-5.8553e-02,-6.2769e-02,-6.6969e-02,-7.1150e-02,-7.5308e-02,-7.9443e-02,-8.3552e-02,-8.7634e-02,-9.1689e-02,-9.5719e-02,-9.9723e-02,-1.0370e-01,-1.0767e-01,-1.1161e-01,-1.1555e-01,-1.1947e-01,-1.2340e-01,-1.2733e-01,-1.3127e-01,-1.3522e-01,-1.3919e-01,-1.4319e-01,-1.4721e-01,-1.5125e-01,-1.5530e-01,-1.5935e-01,-1.6339e-01,-1.6739e-01,-1.7132e-01,-1.7516e-01,-1.7890e-01,-1.8252e-01,-1.8607e-01,-1.8961e-01,-1.9330e-01,-1.9731e-01,-2.0182e-01,-2.0677e-01,-2.1166e-01,-2.1525e-01,-2.1561e-01,-2.1076e-01,-1.9996e-01,-1.8452e-01,-1.6710e-01,-1.4987e-01,-1.3348e-01,-1.1753e-01,-1.0152e-01,-8.5238e-02,-6.8735e-02,-5.2154e-02,-3.5631e-02,-1.9243e-02,-3.0027e-03,1.3121e-02,2.9179e-02,4.5220e-02,6.1286e-02,7.7400e-02,9.3573e-02,1.0980e-01,1.2608e-01,1.4240e-01,1.5872e-01,1.7505e-01,1.9136e-01,2.0763e-01,2.2386e-01,2.4002e-01,2.5612e-01,2.7214e-01,2.8808e-01,3.0394e-01,3.1970e-01,3.3538e-01,3.5097e-01,3.6646e-01,3.8185e-01,3.9714e-01,4.1234e-01,4.2742e-01,4.4240e-01,4.5725e-01,4.7199e-01,4.8659e-01
-5.2046e-04,-4.2666e-03,-8.0609e-03,-1.1900e-02,-1.5781e-02,-1.9700e-02,-2.3652e-02,-2.7634e-02,-3.1640e-02,-3.5666e-02,-3.9707e-02,-4.3758e-02,-4.7813e-02,-5.1868e-02,-5.5919e-02,-5.9960e-02,-6.3988e-02,-6.7999e-02,-7.1990e-02,-7.5958e-02,-7.9901e-02,-8.3818e-02,-8.7709e-02,-9.1574e-02,-9.5412e-02,-9.9227e-02,-1.0302e-01,-1.0679e-01,-1.1055e-01,-1.1430e-01,-1.1804e-01,-1.2178e-01,-1.2552e-01,-1.2927e-01,-1.3304e-01,-1.3683e-01,-1.4064e-01,-1.4447e-01,-1.4832e-01,-1.5219e-01,-1.5606e-01,-1.5992e-01,-1.6374e-01,-1.6750e-01,-1.7118e-01,-1.7475e-01,-1.7821e-01,-1.8159e-01,-1.8496e-01,-1.8847e-01,-1.9230e-01,-1.9660e-01,-2.0134e-01,-2.0601e-01,-2.0940e-01,-2.0956e-01,-2.0455e-01,-1.9361e-01,-1.7800e-01,-1.6038e-01,-1.4294e-01,-1.2632e-01,-1.1015e-01,-9.3919e-02,-7.7438e-02,-6.0757e-02,-4.4024e-02,-2.7370e-02,-1.0860e-02,5.5029e-03,2.1757e-02,3.7954e-02,5.4147e-02,7.0370e-02,8.6648e-02,1.0299e-01,1.1938e-01,1.3582e-01,1.5230e-01,1.6878e-01,1.8526e-01,2.0172e-01,2.1814e-01,2.3450e-01,2.5081e-01,2.6704e-01,2.8319e-01,2.9926e-01,3.1524e-01,3.3113e-01,3.4693e-01,3.6263e-01,3.7823e-01,3.9373e-01,4.0913e-01,4.2442e-01,4.3960e-01,4.5466e-01,4.6960e-01,4.8441e-01
-5.6068e-04,-4.1168e-03,-7.7195e-03,-1.1367e-02,-1.5055e-02,-1.8782e-02,-2.2542e-02,-2.6334e-02,-3.0151e-02,-3.3991e-02,-3.7847e-02,-4.1715e-02,-4.5591e-02,-4.9469e-02,-5.3345e-02,-5.7215e-02,-6.1073e-02,-6.4917e-02,-6.8742e-02,-7.2547e-02,-7.6328e-02,-8.0084e-02,-8.3814e-02,-8.7518e-02,-9.1195e-02,-9.4848e-02,-9.8477e-02,-1.0208e-01,-1.0567e-01,-1.0925e-01,-1.1281e-01,-1.1637e-01,-1.1993e-01,-1.2350e-01,-1.2707e-01,-1.3066e-01,-1.3426e-01,-1.3789e-01,-1.4154e-01,-1.4522e-01,-1.4890e-01,-1.5260e-01,-1.5628e-01,-1.5993e-01,-1.6353e-01,-1.6704e-01,-1.7045e-01,-1.7375e-01,-1.7697e-01,-1.8018e-01,-1.8352e-01,-1.8717e-01,-1.9127e-01,-1.9580e-01,-2.0026e-01,-2.0343e-01,-2.0342e-01,-1.9825e-01,-1.8716e-01,-1.7140e-01,-1.5359e-01,-1.3593e-01,-1.1908e-01,-1.0269e-01,-8.6246e-02,-6.9571e-02,-5.2721e-02,-3.5844e-02,-1.9063e-02,-2.4323e-03,1.4054e-02,3.0440e-02,4.6781e-02,6.3124e-02,7.9506e-02,9.5944e-02,1.1244e-01,1.2900e-01,1.4560e-01,1.6223e-01,1.7886e-01,1.9549e-01,2.1209e-01,2.2864e-01,2.4514e-01,2.6158e-01,2.7794e-01,2.9422e-01,3.1041e-01,3.2651e-01,3.4252e-01,3.5843e-01,3.7424e-01,3.8995e-01,4.0555e-01,4.2104e-01,4.3642e-01,4.5169e-01,4.6683e-01,4.8184e-01
-6.1201e-04,-3.9828e-03,-7.3992e-03,-1.0859e-02,-1.4359e-02,-1.7897e-02,-2.1471e-02,-2.5076e-02,-2.8708e-02,-3.2363e-02,-3.6038e-02,-3.9726e-02,-4.3425e-02,-4.7129e-02,-5.0833e-02,-5.4533e-02,-5.8224e-02,-6.1903e-02,-6.5566e-02,-6.9210e-02,-7.2832e-02,-7.6430e-02,-8.0003e-02,-8.3550e-02,-8.7070e-02,-9.0565e-02,-9.4036e-02,-9.7484e-02,-1.0091e-01,-1.0432e-01,-1.0772e-01,-1.1111e-01,-1.1449e-01,-1.1787e-01,-1.2126e-01,-1.2466e-01,-1.2807e-01,-1.3151e-01,-1.3496e-01,-1.3844e-01,-1.4194e-01,-1.4545e-01,-1.4898e-01,-1.5249e-01,-1.5598e-01,-1.5942e-01,-1.6277e-01,-1.6602e-01,-1.6917e-01,-1.7223e-01,-1.7528e-01,-1.7846e-01,-1.8192e-01,-1.8583e-01,-1.9015e-01,-1.9440e-01,-1.9738e-01,-1.9718e-01,-1.9187e-01,-1.8064e-01,-1.6472e-01,-1.4673e-01,-1.2885e-01,-1.1178e-01,-9.5161e-02,-7.8513e-02,-6.1652e-02,-4.4642e-02,-2.7628e-02,-1.0723e-02,6.0290e-03,2.2642e-02,3.9164e-02,5.5649e-02,7.2145e-02,8.8683e-02,1.0528e-01,1.2194e-01,1.3865e-01,1.5540e-01,1.7218e-01,1.8896e-01,2.0572e-01,2.2245e-01,2.3914e-01,2.5577e-01,2.7233e-01,2.8881e-01,3.0521e-01,3.2152e-01,3.3774e-01,3.5385e-01,3.6987e-01,3.8578e-01,4.0159e-01,4.1728e-01,4.3287e-01,4.4833e-01,4.6367e-01,4.7888e-01
-6.7227e-04,-3.8636e-03,-7.0986e-03,-1.0376e-02,-1.3693e-02,-1.7047e-02,-2.0437e-02,-2.3858e-02,-2.7308e-02,-3.0783e-02,-3.4279e-02,-3.7791e-02,-4.1315e-02,-4.4847e-02,-4.8382e-02,-5.1915e-02,-5.5442e-02,-5.8958e-02,-6.2461e-02,-6.5947e-02,-6.9413e-02,-7.2856e-02,-7.6275e-02,-7.9668e-02,-8.3036e-02,-8.6378e-02,-8.9695e-02,-9.2988e-02,-9.6260e-02,-9.9513e-02,-1.0275e-01,-1.0597e-01,-1.0919e-01,-1.1240e-01,-1.1562e-01,-1.1883e-01,-1.2206e-01,-1.2531e-01,-1.2857e-01,-1.3186e-01,-1.3517e-01,-1.3850e-01,-1.4185e-01,-1.4521e-01,-1.4857e-01,-1.5189e-01,-1.5517e-01,-1.5837e-01,-1.6147e-01,-1.6447e-01,-1.6738e-01,-1.7027e-01,-1.7328e-01,-1.7656e-01,-1.8029e-01,-1.8441e-01,-1.8845e-01,-1.9124e-01,-1.9087e-01,-1.8541e-01,-1.7406e-01,-1.5799e-01,-1.3981e-01,-1.2171e-01,-1.0442e-01,-8.7585e-02,-7.0736e-02,-5.3698e-02,-3.6535e-02,-1.9388e-02,-2.3598e-03,1.4515e-02,3.1257e-02,4.7918e-02,6.4551e-02,8.1200e-02,9.7895e-02,1.1465e-01,1.3146e-01,1.4832e-01,1.6522e-01,1.8214e-01,1.9905e-01,2.1595e-01,2.3281e-01,2.4963e-01,2.6638e-01,2.8306e-01,2.9965e-01,3.1617e-01,3.3258e-01,3.4891e-01,3.6513e-01,3.8124e-01,3.9725e-01,4.1315e-01,4.2893e-01,4.4459e-01,4.6012e-01,4.7553e-01
-7.3957e-04,-3.7575e-03,-6.8164e-03,-9.9158e-03,-1.3054e-02,-1.6229e-02,-1.9439e-02,-2.2682e-02,-2.5953e-02,-2.9251e-02,-3.2571e-02,-3.5909e-02,-3.9262e-02,-4.2624e-02,-4.5991e-02,-4.9360e-02,-5.2725e-02,-5.6082e-02,-5.9428e-02,-6.2758e-02,-6.6070e-02,-6.9361e-02,-7.2629e-02,-7.5873e-02,-7.9091e-02,-8.2284e-02,-8.5451e-02,-8.8594e-02,-9.1715e-02,-9.4815e-02,-9.7898e-02,-1.0097e-01,-1.0402e-01,-1.0707e-01,-1.1012e-01,-1.1317e-01,-1.1622e-01,-1.1929e-01,-1.2237e-01,-1.2547e-01,-1.2859e-01,-1.3174e-01,-1.3491e-01,-1.3811e-01,-1.4131e-01,-1.4450e-01,-1.4768e-01,-1.5081e-01,-1.5386e-01,-1.5681e-01,-1.5966e-01,-1.6242e-01,-1.6516e-01,-1.6800e-01,-1.7111e-01,-1.7465e-01,-1.7858e-01,-1.8243e-01,-1.8502e-01,-1.8449e-01,-1.7889e-01,-1.6741e-01,-1.5120e-01,-1.3284e-01,-1.1453e-01,-9.7018e-02,-7.9971e-02,-6.2929e-02,-4.5722e-02,-2.8414e-02,-1.1137e-02,6.0148e-03,2.3016e-02,3.9892e-02,5.6695e-02,7.3478e-02,9.0282e-02,1.0713e-01,1.2404e-01,1.4100e-01,1.5801e-01,1.7505e-01,1.9210e-01,2.0915e-01,2.2617e-01,2.4315e-01,2.6009e-01,2.7695e-01,2.9374e-01,3.1045e-01,3.2707e-01,3.4359e-01,3.6001e-01,3.7633e-01,3.9253e-01,4.0863e-01,4.2461e-01,4.4046e-01,4.5619e-01,4.7179e-01
-8.1209e-04,-3.6618e-03,-6.5506e-03,-9.4777e-03,-1.2442e-02,-1.5443e-02,-1.8478e-02,-2.1545e-02,-2.4642e-02,-2.7766e-02,-3.0913e-02,-3.4080e-02,-3.7264e-02,-4.0459e-02,-4.3662e-02,-4.6868e-02,-5.0074e-02,-5.3274e-02,-5.6465e-02,-5.9643e-02,-6.2804e-02,-6.5946e-02,-6.9066e-02,-7.2163e-02,-7.5235e-02,-7.8282e-02,-8.1304e-02,-8.4301e-02,-8.7274e-02,-9.0227e-02,-9.3160e-02,-9.6077e-02,-9.8981e-02,-1.0188e-01,-1.0476e-01,-1.0765e-01,-1.1054e-01,-1.1344e-01,-1.1635e-01,-1.1927e-01,-1.2221e-01,-1.2518e-01,-1.2818e-01,-1.3119e-01,-1.3423e-01,-1.3728e-01,-1.4032e-01,-1.4335e-01,-1.4633e-01,-1.4923e-01,-1.5204e-01,-1.5474e-01,-1.5735e-01,-1.5994e-01,-1.6262e-01,-1.6557e-01,-1.6893e-01,-1.7267e-01,-1.7633e-01,-1.7874e-01,-1.7805e-01,-1.7232e-01,-1.6072e-01,-1.4437e-01,-1.2583e-01,-1.0731e-01,-8.9583e-02,-7.2331e-02,-5.5106e-02,-3.7738e-02,-2.0289e-02,-2.8841e-03,1.4393e-02,3.1523e-02,4.8539e-02,6.5489e-02,8.2425e-02,9.9384e-02,1.1639e-01,1.3345e-01,1.5055e-01,1.6770e-01,1.8488e-01,2.0206e-01,2.1923e-01,2.3637e-01,2.5347e-01,2.7051e-01,2.8749e-01,3.0439e-01,3.2120e-01,3.3791e-01,3.5453e-01,3.7104e-01,3.8745e-01,4.0374e-01,4.1991e-01,4.3596e-01,4.5188e-01,4.6767e-01
-8.8704e-04,-3.5748e-03,-6.2991e-03,-9.0595e-03,-1.1856e-02,-1.4686e-02,-1.7551e-02,-2.0447e-02,-2.3373e-02,-2.6327e-02,-2.9305e-02,-3.2304e-02,-3.5321e-02,-3.8353e-02,-4.1394e-02,-4.4440e-02,-4.7489e-02,-5.0534e-02,-5.3573e-02,-5.6600e-02,-5.9614e-02,-6.2609e-02,-6.5585e-02,-6.8538e-02,-7.1467e-02,-7.4372e-02,-7.7251e-02,-8.0106e-02,-8.2937e-02,-8.5746e-02,-8.8535e-02,-9.1306e-02,-9.4062e-02,-9.6807e-02,-9.9545e-02,-1.0228e-01,-1.0501e-01,-1.0775e-01,-1.1049e-01,-1.1325e-01,-1.1602e-01,-1.1882e-01,-1.2163e-01,-1.2447e-01,-1.2734e-01,-1.3023e-01,-1.3313e-01,-1.3603e-01,-1.3891e-01,-1.4174e-01,-1.4450e-01,-1.4717e-01,-1.4973e-01,-1.5220e-01,-1.5463e-01,-1.5716e-01,-1.5994e-01,-1.6313e-01,-1.6669e-01,-1.7017e-01,-1.7241e-01,-1.7156e-01,-1.6571e-01,-1.5399e-01,-1.3751e-01,-1.1879e-01,-1.0007e-01,-8.2125e-02,-6.4676e-02,-4.7276e-02,-2.9756e-02,-1.2171e-02,5.3612e-03,2.2766e-02,4.0032e-02,5.7191e-02,7.4292e-02,9.1383e-02,1.0850e-01,1.2565e-01,1.4286e-01,1.6011e-01,1.7739e-01,1.9470e-01,2.1200e-01,2.2929e-01,2.4654e-01,2.6375e-01,2.8090e-01,2.9798e-01,3.1498e-01,3.3188e-01,3.4869e-01,3.6539e-01,3.8199e-01,3.9847e-01,4.1484e-01,4.3108e-01,4.4719e-01,4.6317e-01
-9.6228e-04,-3.4940e-03,-6.0597e-03,-8.6589e-03,-1.1292e-02,-1.3958e-02,-1.6657e-02,-1.9387e-02,-2.2146e-02,-2.4933e-02,-2.7745e-02,-3.0580e-02,-3.3434e-02,-3.6304e-02,-3.9186e-02,-4.2076e-02,-4.4969e-02,-4.7862e-02,-5.0751e-02,-5.3631e-02,-5.6499e-02,-5.9351e-02,-6.2184e-02,-6.4997e-02,-6.7787e-02,-7.0552e-02,-7.3293e-02,-7.6009e-02,-7.8702e-02,-8.1371e-02,-8.4020e-02,-8.6650e-02,-8.9264e-02,-9.1865e-02,-9.4457e-02,-9.7042e-02,-9.9625e-02,-1.0221e-01,-1.0480e-01,-1.0740e-01,-1.1001e-01,-1.1263e-01,-1.1528e-01,-1.1796e-01,-1.2065e-01,-1.2337e-01,-1.2612e-01,-1.2887e-01,-1.3163e-01,-1.3436e-01,-1.3706e-01,-1.3968e-01,-1.4221e-01,-1.4462e-01,-1.4695e-01,-1.4924e-01,-1.5161e-01,-1.5423e-01,-1.5725e-01,-1.6064e-01,-1.6395e-01,-1.6602e-01,-1.6503e-01,-1.5906e-01,-1.4722e-01,-1.3061e-01,-1.1172e-01,-9.2798e-02,-7.4653e-02,-5.7017e-02,-3.9452e-02,-2.1786e-02,-4.0692e-03,1.3591e-02,3.1128e-02,4.8534e-02,6.5841e-02,8.3097e-02,1.0034e-01,1.1761e-01,1.3492e-01,1.5227e-01,1.6966e-01,1.8707e-01,2.0450e-01,2.2192e-01,2.3932e-01,2.5668e-01,2.7399e-01,2.9124e-01,3.0841e-01,3.2550e-01,3.4249e-01,3.5938e-01,3.7616e-01,3.9283e-01,4.0939e-01,4.2582e-01,4.4212e-01,4.5828e-01
-1.0353e-03,-3.4174e-03,-5.8300e-03,-8.2741e-03,-1.0749e-02,-1.3256e-02,-1.5794e-02,-1.8362e-02,-2.0959e-02,-2.3584e-02,-2.6234e-02,-2.8908e-02,-3.1602e-02,-3.4313e-02,-3.7039e-02,-3.9774e-02,-4.2515e-02,-4.5258e-02,-4.7999e-02,-5.0734e-02,-5.3459e-02,-5.6170e-02,-5.8865e-02,-6.1540e-02,-6.4193e-02,-6.6823e-02,-6.9429e-02,-7.2010e-02,-7.4567e-02,-7.7101e-02,-7.9614e-02,-8.2107e-02,-8.4583e-02,-8.7045e-02,-8.9496e-02,-9.1940e-02,-9.4379e-02,-9.6817e-02,-9.9258e-02,-1.0171e-01,-1.0416e-01,-1.0663e-01,-1.0912e-01,-1.1163e-01,-1.1416e-01,-1.1672e-01,-1.1930e-01,-1.2190e-01,-1.2451e-01,-1.2713e-01,-1.2973e-01,-1.3228e-01,-1.3476e-01,-1.3715e-01,-1.3943e-01,-1.4161e-01,-1.4376e-01,-1.4599e-01,-1.4845e-01,-1.5132e-01,-1.5454e-01,-1.5768e-01,-1.5960e-01,-1.5847e-01,-1.5237e-01,-1.4043e-01,-1.2368e-01,-1.0463e-01,-8.5514e-02,-6.7175e-02,-4.9361e-02,-3.1640e-02,-1.3836e-02,4.0097e-03,2.1799e-02,3.9472e-02,5.7023e-02,7.4484e-02,9.1898e-02,1.0930e-01,1.2673e-01,1.4418e-01,1.6167e-01,1.7919e-01,1.9673e-01,2.1428e-01,2.3181e-01,2.4931e-01,2.6677e-01,2.8418e-01,3.0152e-01,3.1877e-01,3.3594e-01,3.5301e-01,3.6998e-01,3.8683e-01,4.0357e-01,4.2018e-01,4.3666e-01,4.5301e-01
-1.1035e-03,-3.3421e-03,-5.6080e-03,-7.9027e-03,-1.0226e-02,-1.2579e-02,-1.4961e-02,-1.7372e-02,-1.9812e-02,-2.2278e-02,-2.4771e-02,-2.7287e-02,-2.9824e-02,-3.2380e-02,-3.4952e-02,-3.7535e-02,-4.0126e-02,-4.2722e-02,-4.5318e-02,-4.7910e-02,-5.0495e-02,-5.3067e-02,-5.5626e-02,-5.8166e-02,-6.0685e-02,-6.3183e-02,-6.5657e-02,-6.8107e-02,-7.0533e-02,-7.2935e-02,-7.5316e-02,-7.7676e-02,-8.0019e-02,-8.2346e-02,-8.4662e-02,-8.6968e-02,-8.9269e-02,-9.1568e-02,-9.3867e-02,-9.6170e-02,-9.8481e-02,-1.0080e-01,-1.0314e-01,-1.0549e-01,-1.0786e-01,-1.1026e-01,-1.1268e-01,-1.1512e-01,-1.1758e-01,-1.2006e-01,-1.2254e-01,-1.2500e-01,-1.2742e-01,-1.2976e-01,-1.3202e-01,-1.3416e-01,-1.3620e-01,-1.3821e-01,-1.4029e-01,-1.4261e-01,-1.4532e-01,-1.4839e-01,-1.5138e-01,-1.5315e-01,-1.5188e-01,-1.4566e-01,-1.3361e-01,-1.1673e-01,-9.7519e-02,-7.8221e-02,-5.9697e-02,-4.1717e-02,-2.3850e-02,-5.9145e-03,1.2058e-02,2.9978e-02,4.7792e-02,6.5493e-02,8.3112e-02,1.0069e-01,1.1825e-01,1.3583e-01,1.5343e-01,1.7106e-01,1.8870e-01,2.0636e-01,2.2402e-01,2.4165e-01,2.5925e-01,2.7681e-01,2.9430e-01,3.1172e-01,3.2906e-01,3.4630e-01,3.6344e-01,3.8047e-01,3.9738e-01,4.1417e-01,4.3084e-01,4.4736e-01
-1.1644e-03,-3.2656e-03,-5.3911e-03,-7.5424e-03,-9.7197e-03,-1.1924e-02,-1.4156e-02,-1.6416e-02,-1.8702e-02,-2.1015e-02,-2.3354e-02,-2.5716e-02,-2.8100e-02,-3.0504e-02,-3.2925e-02,-3.5359e-02,-3.7803e-02,-4.0254e-02,-4.2707e-02,-4.5159e-02,-4.7605e-02,-5.0042e-02,-5.2467e-02,-5.4875e-02,-5.7264e-02,-5.9633e-02,-6.1978e-02,-6.4301e-02,-6.6599e-02,-6.8874e-02,-7.1126e-02,-7.3358e-02,-7.5571e-02,-7.7768e-02,-7.9952e-02,-8.2126e-02,-8.4293e-02,-8.6457e-02,-8.8620e-02,-9.0786e-02,-9.2957e-02,-9.5137e-02,-9.7328e-02,-9.9533e-02,-1.0175e-01,-1.0400e-01,-1.0626e-01,-1.0855e-01,-1.1085e-01,-1.1318e-01,-1.1552e-01,-1.1787e-01,-1.2019e-01,-1.2247e-01,-1.2469e-01,-1.2680e-01,-1.2881e-01,-1.3072e-01,-1.3259e-01,-1.3453e-01,-1.3671e-01,-1.3928e-01,-1.4220e-01,-1.4504e-01,-1.4667e-01,-1.4527e-01,-1.3894e-01,-1.2677e-01,-1.0977e-01,-9.0400e-02,-7.0924e-02,-5.2226e-02,-3.4091e-02,-1.6088e-02,1.9729e-03,2.0070e-02,3.8123e-02,5.6081e-02,7.3937e-02,9.1717e-02,1.0945e-01,1.2718e-01,1.4490e-01,1.6265e-01,1.8041e-01,1.9818e-01,2.1595e-01,2.3371e-01,2.5144e-01,2.6913e-01,2.8677e-01,3.0434e-01,3.2184e-01,3.3924e-01,3.5655e-01,3.7375e-01,3.9084e-01,4.0780e-01,4.2464e-01,4.4134e-01
-1.2161e-03,-3.1860e-03,-5.1773e-03,-7.1910e-03,-9.2285e-03,-1.1290e-02,-1.3377e-02,-1.5490e-02,-1.7629e-02,-1.9793e-02,-2.1982e-02,-2.4195e-02,-2.6430e-02,-2.8685e-02,-3.0958e-02,-3.3246e-02,-3.5547e-02,-3.7855e-02,-4.0168e-02,-4.2482e-02,-4.4792e-02,-4.7096e-02,-4.9389e-02,-5.1668e-02,-5.3930e-02,-5.6172e-02,-5.8392e-02,-6.0590e-02,-6.2765e-02,-6.4915e-02,-6.7044e-02,-6.9150e-02,-7.1238e-02,-7.3309e-02,-7.5366e-02,-7.7411e-02,-7.9450e-02,-8.1483e-02,-8.3515e-02,-8.5549e-02,-8.7587e-02,-8.9631e-02,-9.1685e-02,-9.3750e-02,-9.5829e-02,-9.7924e-02,-1.0004e-01,-1.0217e-01,-1.0433e-01,-1.0650e-01,-1.0870e-01,-1.1091e-01,-1.1312e-01,-1.1531e-01,-1.1745e-01,-1.1953e-01,-1.2152e-01,-1.2340e-01,-1.2517e-01,-1.2691e-01,-1.2872e-01,-1.3077e-01,-1.3320e-01,-1.3598e-01,-1.3868e-01,-1.4017e-01,-1.3864e-01,-1.3220e-01,-1.1992e-01,-1.0280e-01,-8.3275e-02,-6.3631e-02,-4.4769e-02,-2.6489e-02,-8.3605e-03,9.8195e-03,2.8040e-02,4.6227e-02,6.4333e-02,8.2347e-02,1.0029e-01,1.1819e-01,1.3607e-01,1.5395e-01,1.7183e-01,1.8972e-01,2.0760e-01,2.2548e-01,2.4334e-01,2.6116e-01,2.7893e-01,2.9665e-01,3.1429e-01,3.3185e-01,3.4932e-01,3.6668e-01,3.8393e-01,4.0106e-01,4.1807e-01,4.3494e-01
-1.2560e-03,-3.1012e-03,-4.9642e-03,-6.8466e-03,-8.7499e-03,-1.0675e-02,-1.2623e-02,-1.4595e-02,-1.6591e-02,-1.8611e-02,-2.0655e-02,-2.2723e-02,-2.4813e-02,-2.6923e-02,-2.9052e-02,-3.1197e-02,-3.3356e-02,-3.5524e-02,-3.7700e-02,-3.9878e-02,-4.2055e-02,-4.4228e-02,-4.6392e-02,-4.8545e-02,-5.0682e-02,-5.2801e-02,-5.4900e-02,-5.6976e-02,-5.9030e-02,-6.1061e-02,-6.3069e-02,-6.5055e-02,-6.7021e-02,-6.8970e-02,-7.0903e-02,-7.2825e-02,-7.4739e-02,-7.6646e-02,-7.8552e-02,-8.0457e-02,-8.2367e-02,-8.4281e-02,-8.6204e-02,-8.8136e-02,-9.0080e-02,-9.2037e-02,-9.4009e-02,-9.5998e-02,-9.8006e-02,-1.0003e-01,-1.0208e-01,-1.0415e-01,-1.0622e-01,-1.0830e-01,-1.1035e-01,-1.1237e-01,-1.1432e-01,-1.1617e-01,-1.1792e-01,-1.1957e-01,-1.2118e-01,-1.2286e-01,-1.2478e-01,-1.2708e-01,-1.2975e-01,-1.3231e-01,-1.3367e-01,-1.3202e-01,-1.2545e-01,-1.1306e-01,-9.5818e-02,-7.6151e-02,-5.6345e-02,-3.7331e-02,-1.8919e-02,-6.7341e-04,1.7619e-02,3.5961e-02,5.4284e-02,7.2539e-02,9.0714e-02,1.0882e-01,1.2688e-01,1.4492e-01,1.6294e-01,1.8096e-01,1.9897e-01,2.1697e-01,2.3495e-01,2.5289e-01,2.7080e-01,2.8864e-01,3.0643e-01,3.2413e-01,3.4175e-01,3.5927e-01,3.7668e-01,3.9397e-01,4.1114e-01,4.2817e-01
-1.2825e-03,-3.0089e-03,-4.7502e-03,-6.5074e-03,-8.2822e-03,-1.0077e-02,-1.1891e-02,-1.3728e-02,-1.5586e-02,-1.7468e-02,-1.9372e-02,-2.1299e-02,-2.3248e-02,-2.5217e-02,-2.7206e-02,-2.9211e-02,-3.1231e-02,-3.3263e-02,-3.5304e-02,-3.7349e-02,-3.9396e-02,-4.1440e-02,-4.3478e-02,-4.5506e-02,-4.7521e-02,-4.9520e-02,-5.1500e-02,-5.3459e-02,-5.5396e-02,-5.7310e-02,-5.9202e-02,-6.1071e-02,-6.2920e-02,-6.4751e-02,-6.6566e-02,-6.8368e-02,-7.0160e-02,-7.1946e-02,-7.3729e-02,-7.5511e-02,-7.7296e-02,-7.9086e-02,-8.0883e-02,-8.2689e-02,-8.4504e-02,-8.6330e-02,-8.8168e-02,-9.0020e-02,-9.1887e-02,-9.3771e-02,-9.5673e-02,-9.7592e-02,-9.9527e-02,-1.0147e-01,-1.0341e-01,-1.0534e-01,-1.0723e-01,-1.0905e-01,-1.1078e-01,-1.1240e-01,-1.1392e-01,-1.1541e-01,-1.1697e-01,-1.1877e-01,-1.2096e-01,-1.2350e-01,-1.2594e-01,-1.2717e-01,-1.2540e-01,-1.1871e-01,-1.0621e-01,-8.8843e-02,-6.9032e-02,-4.9074e-02,-2.9918e-02,-1.1386e-02,6.9663e-03,2.5365e-02,4.3825e-02,6.2284e-02,8.0691e-02,9.9028e-02,1.1730e-01,1.3553e-01,1.5372e-01,1.7188e-01,1.9003e-01,2.0815e-01,2.2626e-01,2.4433e-01,2.6235e-01,2.8033e-01,2.9825e-01,3.1609e-01,3.3385e-01,3.5151e-01,3.6907e-01,3.8652e-01,4.0384e-01,4.2104e-01
-1.2944e-03,-2.9080e-03,-4.5332e-03,-6.1712e-03,-7.8242e-03,-9.4934e-03,-1.1181e-02,-1.2887e-02,-1.4614e-02,-1.6362e-02,-1.8131e-02,-1.9922e-02,-2.1735e-02,-2.3567e-02,-2.5419e-02,-2.7289e-02,-2.9174e-02,-3.1073e-02,-3.2981e-02,-3.4896e-02,-3.6815e-02,-3.8733e-02,-4.0648e-02,-4.2554e-02,-4.4450e-02,-4.6331e-02,-4.8195e-02,-5.0040e-02,-5.1863e-02,-5.3665e-02,-5.5444e-02,-5.7201e-02,-5.8936e-02,-6.0653e-02,-6.2353e-02,-6.4040e-02,-6.5715e-02,-6.7384e-02,-6.9048e-02,-7.0711e-02,-7.2376e-02,-7.4046e-02,-7.5722e-02,-7.7405e-02,-7.9098e-02,-8.0800e-02,-8.2512e-02,-8.4235e-02,-8.5969e-02,-8.7717e-02,-8.9478e-02,-9.1255e-02,-9.3048e-02,-9.4853e-02,-9.6668e-02,-9.8481e-02,-1.0028e-01,-1.0204e-01,-1.0373e-01,-1.0534e-01,-1.0684e-01,-1.0824e-01,-1.0961e-01,-1.1106e-01,-1.1275e-01,-1.1483e-01,-1.1726e-01,-1.1959e-01,-1.2069e-01,-1.1879e-01,-1.1199e-01,-9.9370e-02,-8.1877e-02,-6.1929e-02,-4.1827e-02,-2.2539e-02,-3.8972e-03,1.4551e-02,3.3050e-02,5.1625e-02,7.0219e-02,8.8778e-02,1.0728e-01,1.2571e-01,1.4410e-01,1.6244e-01,1.8074e-01,1.9901e-01,2.1725e-01,2.3545e-01,2.5360e-01,2.7171e-01,2.8975e-01,3.0773e-01,3.2562e-01,3.4342e-01,3.6113e-01,3.7872e-01,3.9619e-01,4.1353e-01
-1.2900e-03,-2.7969e-03,-4.3118e-03,-5.8367e-03,-7.3737e-03,-8.9242e-03,-1.0490e-02,-1.2072e-02,-1.3673e-02,-1.5293e-02,-1.6932e-02,-1.8593e-02,-2.0273e-02,-2.1974e-02,-2.3694e-02,-2.5431e-02,-2.7185e-02,-2.8953e-02,-3.0732e-02,-3.2520e-02,-3.4314e-02,-3.6108e-02,-3.7902e-02,-3.9690e-02,-4.1468e-02,-4.3235e-02,-4.4986e-02,-4.6719e-02,-4.8433e-02,-5.0125e-02,-5.1795e-02,-5.3443e-02,-5.5070e-02,-5.6678e-02,-5.8267e-02,-5.9842e-02,-6.1406e-02,-6.2960e-02,-6.4510e-02,-6.6058e-02,-6.7607e-02,-6.9161e-02,-7.0720e-02,-7.2286e-02,-7.3861e-02,-7.5444e-02,-7.7037e-02,-7.8638e-02,-8.0248e-02,-8.1867e-02,-8.3497e-02,-8.5137e-02,-8.6791e-02,-8.8457e-02,-9.0136e-02,-9.1822e-02,-9.3507e-02,-9.5176e-02,-9.6810e-02,-9.8382e-02,-9.9867e-02,-1.0125e-01,-1.0254e-01,-1.0380e-01,-1.0514e-01,-1.0673e-01,-1.0871e-01,-1.1103e-01,-1.1325e-01,-1.1424e-01,-1.1222e-01,-1.0529e-01,-9.2550e-02,-7.4933e-02,-5.4849e-02,-3.4610e-02,-1.5203e-02,3.5377e-03,2.2073e-02,4.0665e-02,5.9351e-02,7.8077e-02,9.6787e-02,1.1545e-01,1.3405e-01,1.5259e-01,1.7107e-01,1.8951e-01,2.0789e-01,2.2624e-01,2.4453e-01,2.6276e-01,2.8093e-01,2.9904e-01,3.1706e-01,3.3500e-01,3.5283e-01,3.7057e-01,3.8818e-01,4.0567e-01
-1.2687e-03,-2.6746e-03,-4.0854e-03,-5.5031e-03,-6.9298e-03,-8.3672e-03,-9.8173e-03,-1.1282e-02,-1.2762e-02,-1.4259e-02,-1.5775e-02,-1.7309e-02,-1.8863e-02,-2.0436e-02,-2.2028e-02,-2.3638e-02,-2.5264e-02,-2.6905e-02,-2.8559e-02,-3.0223e-02,-3.1893e-02,-3.3568e-02,-3.5243e-02,-3.6914e-02,-3.8579e-02,-4.0233e-02,-4.1874e-02,-4.3499e-02,-4.5106e-02,-4.6692e-02,-4.8258e-02,-4.9801e-02,-5.1323e-02,-5.2825e-02,-5.4309e-02,-5.5777e-02,-5.7233e-02,-5.8678e-02,-6.0118e-02,-6.1554e-02,-6.2992e-02,-6.4432e-02,-6.5878e-02,-6.7332e-02,-6.8793e-02,-7.0263e-02,-7.1741e-02,-7.3227e-02,-7.4720e-02,-7.6219e-02,-7.7725e-02,-7.9238e-02,-8.0760e-02,-8.2291e-02,-8.3833e-02,-8.5385e-02,-8.6944e-02,-8.8503e-02,-9.0048e-02,-9.1560e-02,-9.3013e-02,-9.4384e-02,-9.5656e-02,-9.6842e-02,-9.7999e-02,-9.9242e-02,-1.0073e-01,-1.0262e-01,-1.0485e-01,-1.0696e-01,-1.0784e-01,-1.0568e-01,-9.8629e-02,-8.5764e-02,-6.8020e-02,-4.7805e-02,-2.7437e-02,-7.9181e-03,1.0910e-02,2.9522e-02,4.8199e-02,6.6991e-02,8.5846e-02,1.0470e-01,1.2352e-01,1.4228e-01,1.6097e-01,1.7959e-01,1.9816e-01,2.1666e-01,2.3510e-01,2.5347e-01,2.7178e-01,2.9001e-01,3.0816e-01,3.2623e-01,3.4420e-01,3.6206e-01,3.7982e-01,3.9744e-01
-1.2299e-03,-2.5404e-03,-3.8525e-03,-5.1690e-03,-6.4916e-03,-7.8218e-03,-9.1620e-03,-1.0514e-02,-1.1880e-02,-1.3260e-02,-1.4657e-02,-1.6071e-02,-1.7503e-02,-1.8954e-02,-2.0422e-02,-2.1909e-02,-2.3412e-02,-2.4930e-02,-2.6462e-02,-2.8005e-02,-2.9556e-02,-3.1113e-02,-3.2672e-02,-3.4230e-02,-3.5783e-02,-3.7328e-02,-3.8862e-02,-4.0382e-02,-4.1885e-02,-4.3369e-02,-4.4832e-02,-4.6275e-02,-4.7697e-02,-4.9098e-02,-5.0480e-02,-5.1846e-02,-5.3198e-02,-5.4539e-02,-5.5872e-02,-5.7202e-02,-5.8532e-02,-5.9863e-02,-6.1200e-02,-6.2544e-02,-6.3897e-02,-6.5257e-02,-6.6626e-02,-6.8002e-02,-6.9384e-02,-7.0771e-02,-7.2162e-02,-7.3556e-02,-7.4954e-02,-7.6357e-02,-7.7767e-02,-7.9186e-02,-8.0614e-02,-8.2048e-02,-8.3484e-02,-8.4909e-02,-8.6303e-02,-8.7643e-02,-8.8905e-02,-9.0073e-02,-9.1158e-02,-9.2219e-02,-9.3370e-02,-9.4775e-02,-9.6570e-02,-9.8713e-02,-1.0073e-01,-1.0149e-01,-9.9207e-02,-9.2019e-02,-7.9025e-02,-6.1153e-02,-4.0808e-02,-2.0317e-02,-6.9721e-04,1.8207e-02,3.6887e-02,5.5640e-02,7.4531e-02,9.3511e-02,1.1251e-01,1.3148e-01,1.5039e-01,1.6923e-01,1.8799e-01,2.0667e-01,2.2528e-01,2.4381e-01,2.6226e-01,2.8063e-01,2.9892e-01,3.1711e-01,3.3521e-01,3.5321e-01,3.7109e-01,3.8886e-01
-1.1740e-03,-2.3939e-03,-3.6135e-03,-4.8341e-03,-6.0580e-03,-7.2870e-03,-8.5232e-03,-9.7688e-03,-1.1026e-02,-1.2295e-02,-1.3579e-02,-1.4878e-02,-1.6194e-02,-1.7527e-02,-1.8877e-02,-2.0245e-02,-2.1629e-02,-2.3028e-02,-2.4442e-02,-2.5868e-02,-2.7303e-02,-2.8745e-02,-3.0192e-02,-3.1639e-02,-3.3084e-02,-3.4522e-02,-3.5952e-02,-3.7369e-02,-3.8771e-02,-4.0156e-02,-4.1522e-02,-4.2867e-02,-4.4192e-02,-4.5497e-02,-4.6782e-02,-4.8050e-02,-4.9303e-02,-5.0544e-02,-5.1777e-02,-5.3004e-02,-5.4229e-02,-5.5457e-02,-5.6688e-02,-5.7927e-02,-5.9173e-02,-6.0428e-02,-6.1692e-02,-6.2963e-02,-6.4240e-02,-6.5521e-02,-6.6805e-02,-6.8088e-02,-6.9372e-02,-7.0657e-02,-7.1943e-02,-7.3233e-02,-7.4531e-02,-7.5836e-02,-7.7149e-02,-7.8466e-02,-7.9774e-02,-8.1056e-02,-8.2289e-02,-8.3448e-02,-8.4518e-02,-8.5510e-02,-8.6482e-02,-8.7549e-02,-8.8873e-02,-9.0590e-02,-9.2649e-02,-9.4571e-02,-9.5214e-02,-9.2803e-02,-8.5477e-02,-7.2348e-02,-5.4347e-02,-3.3874e-02,-1.3266e-02,6.4468e-03,2.5418e-02,4.4154e-02,6.2975e-02,8.1958e-02,1.0105e-01,1.2019e-01,1.3930e-01,1.5836e-01,1.7734e-01,1.9623e-01,2.1503e-01,2.3374e-01,2.5235e-01,2.7087e-01,2.8930e-01,3.0763e-01,3.2586e-01,3.4399e-01,3.6200e-01,3.7990e-01
-1.1009e-03,-2.2358e-03,-3.3678e-03,-4.4981e-03,-5.6290e-03,-6.7626e-03,-7.9007e-03,-9.0457e-03,-1.0199e-02,-1.1363e-02,-1.2540e-02,-1.3730e-02,-1.4935e-02,-1.6156e-02,-1.7393e-02,-1.8646e-02,-1.9916e-02,-2.1201e-02,-2.2501e-02,-2.3813e-02,-2.5136e-02,-2.6467e-02,-2.7804e-02,-2.9143e-02,-3.0482e-02,-3.1817e-02,-3.3145e-02,-3.4463e-02,-3.5768e-02,-3.7057e-02,-3.8328e-02,-3.9580e-02,-4.0812e-02,-4.2024e-02,-4.3217e-02,-4.4392e-02,-4.5551e-02,-4.6697e-02,-4.7832e-02,-4.8961e-02,-5.0088e-02,-5.1215e-02,-5.2345e-02,-5.3481e-02,-5.4626e-02,-5.5779e-02,-5.6942e-02,-5.8112e-02,-5.9289e-02,-6.0470e-02,-6.1652e-02,-6.2833e-02,-6.4012e-02,-6.5187e-02,-6.6360e-02,-6.7530e-02,-6.8703e-02,-6.9881e-02,-7.1068e-02,-7.2264e-02,-7.3465e-02,-7.4663e-02,-7.5839e-02,-7.6972e-02,-7.8035e-02,-7.9014e-02,-7.9919e-02,-8.0809e-02,-8.1798e-02,-8.3048e-02,-8.4692e-02,-8.6674e-02,-8.8503e-02,-8.9032e-02,-8.6487e-02,-7.9019e-02,-6.5751e-02,-4.7618e-02,-2.7020e-02,-6.2991e-03,1.3499e-02,3.2527e-02,5.1310e-02,7.0188e-02,8.9253e-02,1.0846e-01,1.2772e-01,1.4698e-01,1.6617e-01,1.8529e-01,2.0430e-01,2.2320e-01,2.4200e-01,2.6070e-01,2.7928e-01,2.9776e-01,3.1613e-01,3.3439e-01,3.5254e-01,3.7056e-01
-1.0113e-03,-2.0667e-03,-3.1161e-03,-4.1612e-03,-5.2047e-03,-6.2480e-03,-7.2938e-03,-8.3439e-03,-9.3999e-03,-1.0465e-02,-1.1539e-02,-1.2626e-02,-1.3725e-02,-1.4839e-02,-1.5969e-02,-1.7113e-02,-1.8274e-02,-1.9449e-02,-2.0639e-02,-2.1841e-02,-2.3056e-02,-2.4280e-02,-2.5510e-02,-2.6745e-02,-2.7982e-02,-2.9216e-02,-3.0445e-02,-3.1667e-02,-3.2877e-02,-3.4073e-02,-3.5253e-02,-3.6415e-02,-3.7559e-02,-3.8682e-02,-3.9787e-02,-4.0873e-02,-4.1942e-02,-4.2998e-02,-4.4041e-02,-4.5078e-02,-4.6109e-02,-4.7140e-02,-4.8173e-02,-4.9212e-02,-5.0258e-02,-5.1313e-02,-5.2378e-02,-5.3451e-02,-5.4532e-02,-5.5617e-02,-5.6704e-02,-5.7789e-02,-5.8871e-02,-5.9946e-02,-6.1015e-02,-6.2077e-02,-6.3134e-02,-6.4192e-02,-6.5254e-02,-6.6326e-02,-6.7409e-02,-6.8501e-02,-6.9595e-02,-7.0672e-02,-7.1711e-02,-7.2686e-02,-7.3581e-02,-7.4407e-02,-7.5220e-02,-7.6137e-02,-7.7320e-02,-7.8897e-02,-8.0805e-02,-8.2544e-02,-8.2960e-02,-8.0278e-02,-7.2663e-02,-5.9252e-02,-4.0985e-02,-2.0262e-02,5.6618e-04,2.0442e-02,3.9519e-02,5.8338e-02,7.7264e-02,9.6400e-02,1.1570e-01,1.3509e-01,1.5447e-01,1.7380e-01,1.9304e-01,2.1216e-01,2.3117e-01,2.5006e-01,2.6882e-01,2.8747e-01,3.0599e-01,3.2440e-01,3.4268e-01,3.6084e-01
-9.0655e-04,-1.8867e-03,-2.8588e-03,-3.8242e-03,-4.7854e-03,-5.7441e-03,-6.7027e-03,-7.6635e-03,-8.6280e-03,-9.5987e-03,-1.0577e-02,-1.1566e-02,-1.2566e-02,-1.3579e-02,-1.4605e-02,-1.5646e-02,-1.6702e-02,-1.7772e-02,-1.8857e-02,-1.9955e-02,-2.1065e-02,-2.2185e-02,-2.3313e-02,-2.4447e-02,-2.5584e-02,-2.6721e-02,-2.7854e-02,-2.8982e-02,-3.0101e-02,-3.1207e-02,-3.2300e-02,-3.3376e-02,-3.4434e-02,-3.5473e-02,-3.6493e-02,-3.7495e-02,-3.8480e-02,-3.9449e-02,-4.0406e-02,-4.1354e-02,-4.2296e-02,-4.3235e-02,-4.4176e-02,-4.5121e-02,-4.6073e-02,-4.7033e-02,-4.8003e-02,-4.8983e-02,-4.9971e-02,-5.0964e-02,-5.1961e-02,-5.2957e-02,-5.3948e-02,-5.4932e-02,-5.5906e-02,-5.6869e-02,-5.7823e-02,-5.8770e-02,-5.9716e-02,-6.0667e-02,-6.1628e-02,-6.2604e-02,-6.3594e-02,-6.4590e-02,-6.5577e-02,-6.6530e-02,-6.7424e-02,-6.8242e-02,-6.8994e-02,-6.9736e-02,-7.0587e-02,-7.1707e-02,-7.3222e-02,-7.5061e-02,-7.6713e-02,-7.7014e-02,-7.4194e-02,-6.6428e-02,-5.2870e-02,-3.4468e-02,-1.3622e-02,7.3108e-03,2.7260e-02,4.6377e-02,6.5222e-02,8.4183e-02,1.0338e-01,1.2277e-01,1.4226e-01,1.6176e-01,1.8122e-01,2.0057e-01,2.1981e-01,2.3891e-01,2.5788e-01,2.7671e-01,2.9540e-01,3.1397e-01,3.3240e-01,3.5070e-01
-7.8806e-04,-1.6979e-03,-2.5969e-03,-3.4877e-03,-4.3716e-03,-5.2512e-03,-6.1281e-03,-7.0046e-03,-7.8833e-03,-8.7658e-03,-9.6543e-03,-1.0550e-02,-1.1456e-02,-1.2373e-02,-1.3303e-02,-1.4245e-02,-1.5202e-02,-1.6172e-02,-1.7156e-02,-1.8154e-02,-1.9163e-02,-2.0184e-02,-2.1213e-02,-2.2250e-02,-2.3291e-02,-2.4334e-02,-2.5375e-02,-2.6412e-02,-2.7442e-02,-2.8463e-02,-2.9470e-02,-3.0463e-02,-3.1440e-02,-3.2398e-02,-3.3338e-02,-3.4260e-02,-3.5165e-02,-3.6054e-02,-3.6929e-02,-3.7793e-02,-3.8650e-02,-3.9503e-02,-4.0356e-02,-4.1211e-02,-4.2073e-02,-4.2943e-02,-4.3822e-02,-4.4711e-02,-4.5609e-02,-4.6515e-02,-4.7425e-02,-4.8335e-02,-4.9242e-02,-5.0141e-02,-5.1030e-02,-5.1904e-02,-5.2765e-02,-5.3614e-02,-5.4454e-02,-5.5293e-02,-5.6137e-02,-5.6994e-02,-5.7869e-02,-5.8764e-02,-5.9671e-02,-6.0575e-02,-6.1450e-02,-6.2270e-02,-6.3018e-02,-6.3701e-02,-6.4378e-02,-6.5167e-02,-6.6229e-02,-6.7686e-02,-6.9459e-02,-7.1025e-02,-7.1213e-02,-6.8252e-02,-6.0333e-02,-4.6626e-02,-2.8088e-02,-7.1191e-03,1.3916e-02,3.3932e-02,5.3082e-02,7.1943e-02,9.0927e-02,1.1017e-01,1.2963e-01,1.4922e-01,1.6883e-01,1.8840e-01,2.0786e-01,2.2720e-01,2.4639e-01,2.6543e-01,2.8433e-01,3.0307e-01,3.2167e-01,3.4013e-01
-6.5771e-04,-1.5013e-03,-2.3323e-03,-3.1529e-03,-3.9648e-03,-4.7698e-03,-5.5703e-03,-6.3683e-03,-7.1664e-03,-7.9661e-03,-8.7696e-03,-9.5794e-03,-1.0397e-02,-1.1224e-02,-1.2061e-02,-1.2911e-02,-1.3773e-02,-1.4649e-02,-1.5537e-02,-1.6439e-02,-1.7353e-02,-1.8279e-02,-1.9214e-02,-2.0157e-02,-2.1105e-02,-2.2057e-02,-2.3009e-02,-2.3960e-02,-2.4904e-02,-2.5841e-02,-2.6768e-02,-2.7681e-02,-2.8579e-02,-2.9460e-02,-3.0324e-02,-3.1171e-02,-3.2000e-02,-3.2812e-02,-3.3610e-02,-3.4396e-02,-3.5174e-02,-3.5945e-02,-3.6715e-02,-3.7486e-02,-3.8261e-02,-3.9044e-02,-3.9836e-02,-4.0638e-02,-4.1450e-02,-4.2271e-02,-4.3097e-02,-4.3926e-02,-4.4753e-02,-4.5574e-02,-4.6384e-02,-4.7179e-02,-4.7957e-02,-4.8719e-02,-4.9466e-02,-5.0204e-02,-5.0940e-02,-5.1683e-02,-5.2442e-02,-5.3225e-02,-5.4033e-02,-5.4859e-02,-5.5687e-02,-5.6493e-02,-5.7246e-02,-5.7928e-02,-5.8547e-02,-5.9163e-02,-5.9894e-02,-6.0901e-02,-6.2304e-02,-6.4015e-02,-6.5498e-02,-6.5573e-02,-6.2470e-02,-5.4396e-02,-4.0539e-02,-2.1865e-02,-7.7412e-04,2.0361e-02,4.0441e-02,5.9617e-02,7.8484e-02,9.7479e-02,1.1676e-01,1.3628e-01,1.5595e-01,1.7566e-01,1.9533e-01,2.1489e-01,2.3432e-01,2.5359e-01,2.7271e-01,2.9166e-01,3.1045e-01,3.2908e-01
-5.1780e-04,-1.2992e-03,-2.0665e-03,-2.8213e-03,-3.5656e-03,-4.3013e-03,-5.0303e-03,-5.7551e-03,-6.4775e-03,-7.2000e-03,-7.9244e-03,-8.6530e-03,-9.3874e-03,-1.0130e-02,-1.0881e-02,-1.1643e-02,-1.2417e-02,-1.3202e-02,-1.4001e-02,-1.4812e-02,-1.5635e-02,-1.6470e-02,-1.7315e-02,-1.8168e-02,-1.9028e-02,-1.9893e-02,-2.0760e-02,-2.1626e-02,-2.2489e-02,-2.3346e-02,-2.4194e-02,-2.5031e-02,-2.5854e-02,-2.6662e-02,-2.7454e-02,-2.8228e-02,-2.8985e-02,-2.9726e-02,-3.0452e-02,-3.1165e-02,-3.1868e-02,-3.2563e-02,-3.3254e-02,-3.3946e-02,-3.4640e-02,-3.5340e-02,-3.6048e-02,-3.6767e-02,-3.7496e-02,-3.8235e-02,-3.8981e-02,-3.9731e-02,-4.0482e-02,-4.1229e-02,-4.1966e-02,-4.2689e-02,-4.3394e-02,-4.4079e-02,-4.4745e-02,-4.5395e-02,-4.6035e-02,-4.6674e-02,-4.7323e-02,-4.7993e-02,-4.8691e-02,-4.9420e-02,-5.0174e-02,-5.0936e-02,-5.1678e-02,-5.2370e-02,-5.2991e-02,-5.3550e-02,-5.4107e-02,-5.4783e-02,-5.5740e-02,-5.7093e-02,-5.8744e-02,-6.0147e-02,-6.0110e-02,-5.6866e-02,-4.8636e-02,-3.4630e-02,-1.5820e-02,5.3919e-03,2.6625e-02,4.6767e-02,6.5963e-02,8.4827e-02,1.0382e-01,1.2312e-01,1.4268e-01,1.6242e-01,1.8222e-01,2.0197e-01,2.2163e-01,2.4115e-01,2.6050e-01,2.7967e-01,2.9868e-01,3.1750e-01
-3.7061e-04,-1.0940e-03,-1.8016e-03,-2.4952e-03,-3.1762e-03,-3.8473e-03,-4.5095e-03,-5.1659e-03,-5.8180e-03,-6.4683e-03,-7.1187e-03,-7.7715e-03,-8.4284e-03,-9.0917e-03,-9.7626e-03,-1.0442e-02,-1.1133e-02,-1.1834e-02,-1.2548e-02,-1.3273e-02,-1.4010e-02,-1.4759e-02,-1.5517e-02,-1.6286e-02,-1.7062e-02,-1.7843e-02,-1.8628e-02,-1.9414e-02,-2.0198e-02,-2.0978e-02,-2.1751e-02,-2.2515e-02,-2.3267e-02,-2.4005e-02,-2.4728e-02,-2.5434e-02,-2.6124e-02,-2.6798e-02,-2.7456e-02,-2.8100e-02,-2.8733e-02,-2.9357e-02,-2.9975e-02,-3.0592e-02,-3.1209e-02,-3.1831e-02,-3.2461e-02,-3.3100e-02,-3.3749e-02,-3.4408e-02,-3.5077e-02,-3.5752e-02,-3.6430e-02,-3.7106e-02,-3.7775e-02,-3.8432e-02,-3.9071e-02,-3.9689e-02,-4.0285e-02,-4.0860e-02,-4.1418e-02,-4.1966e-02,-4.2515e-02,-4.3077e-02,-4.3665e-02,-4.4287e-02,-4.4947e-02,-4.5637e-02,-4.6339e-02,-4.7024e-02,-4.7660e-02,-4.8224e-02,-4.8726e-02,-4.9227e-02,-4.9850e-02,-5.0758e-02,-5.2063e-02,-5.3659e-02,-5.4984e-02,-5.4838e-02,-5.1455e-02,-4.3072e-02,-2.8916e-02,-9.9726e-03,1.1359e-02,3.2690e-02,5.2891e-02,7.2103e-02,9.0954e-02,1.0993e-01,1.2923e-01,1.4883e-01,1.6862e-01,1.8849e-01,2.0832e-01,2.2806e-01,2.4766e-01,2.6708e-01,2.8631e-01,3.0537e-01
-2.1884e-04,-8.8811e-04,-1.5399e-03,-2.1763e-03,-2.7986e-03,-3.4090e-03,-4.0095e-03,-4.6021e-03,-5.1890e-03,-5.7720e-03,-6.3537e-03,-6.9360e-03,-7.5209e-03,-8.1102e-03,-8.7058e-03,-9.3091e-03,-9.9215e-03,-1.0544e-02,-1.1178e-02,-1.1822e-02,-1.2478e-02,-1.3145e-02,-1.3823e-02,-1.4511e-02,-1.5206e-02,-1.5908e-02,-1.6615e-02,-1.7324e-02,-1.8033e-02,-1.8740e-02,-1.9442e-02,-2.0135e-02,-2.0819e-02,-2.1490e-02,-2.2148e-02,-2.2790e-02,-2.3417e-02,-2.4027e-02,-2.4622e-02,-2.5202e-02,-2.5770e-02,-2.6328e-02,-2.6878e-02,-2.7425e-02,-2.7971e-02,-2.8519e-02,-2.9074e-02,-2.9637e-02,-3.0210e-02,-3.0794e-02,-3.1388e-02,-3.1990e-02,-3.2597e-02,-3.3205e-02,-3.3810e-02,-3.4404e-02,-3.4984e-02,-3.5543e-02,-3.6079e-02,-3.6590e-02,-3.7078e-02,-3.7550e-02,-3.8013e-02,-3.8479e-02,-3.8963e-02,-3.9477e-02,-4.0032e-02,-4.0631e-02,-4.1265e-02,-4.1915e-02,-4.2548e-02,-4.3131e-02,-4.3641e-02,-4.4087e-02,-4.4532e-02,-4.5104e-02,-4.5966e-02,-4.7227e-02,-4.8771e-02,-5.0023e-02,-4.9771e-02,-4.6252e-02,-3.7718e-02,-2.3418e-02,-4.3428e-03,1.7107e-02,3.8536e-02,5.8796e-02,7.8020e-02,9.6850e-02,1.1580e-01,1.3509e-01,1.5470e-01,1.7453e-01,1.9445e-01,2.1436e-01,2.3417e-01,2.5383e-01,2.7332e-01,2.9261e-01
-6.5669e-05,-6.8397e-04,-1.2836e-03,-1.8665e-03,-2.4343e-03,-2.9886e-03,-3.5316e-03,-4.0650e-03,-4.5914e-03,-5.1123e-03,-5.6302e-03,-6.1471e-03,-6.6650e-03,-7.1859e-03,-7.7115e-03,-8.2436e-03,-8.7835e-03,-9.3321e-03,-9.8908e-03,-1.0460e-02,-1.1040e-02,-1.1631e-02,-1.2232e-02,-1.2843e-02,-1.3463e-02,-1.4090e-02,-1.4723e-02,-1.5359e-02,-1.5997e-02,-1.6633e-02,-1.7266e-02,-1.7893e-02,-1.8512e-02,-1.9120e-02,-1.9716e-02,-2.0298e-02,-2.0865e-02,-2.1416e-02,-2.1951e-02,-2.2472e-02,-2.2980e-02,-2.3476e-02,-2.3963e-02,-2.4445e-02,-2.4924e-02,-2.5404e-02,-2.5889e-02,-2.6380e-02,-2.6880e-02,-2.7392e-02,-2.7913e-02,-2.8445e-02,-2.8984e-02,-2.9527e-02,-3.0069e-02,-3.0605e-02,-3.1129e-02,-3.1635e-02,-3.2118e-02,-3.2576e-02,-3.3007e-02,-3.3416e-02,-3.3807e-02,-3.4192e-02,-3.4583e-02,-3.4997e-02,-3.5447e-02,-3.5944e-02,-3.6489e-02,-3.7075e-02,-3.7677e-02,-3.8264e-02,-3.8797e-02,-3.9253e-02,-3.9643e-02,-4.0033e-02,-4.0556e-02,-4.1374e-02,-4.2594e-02,-4.4090e-02,-4.5272e-02,-4.4920e-02,-4.1269e-02,-3.2590e-02,-1.8150e-02,1.0523e-03,2.2619e-02,4.4147e-02,6.4465e-02,8.3698e-02,1.0250e-01,1.2141e-01,1.4067e-01,1.6028e-01,1.8013e-01,2.0010e-01,2.2006e-01,2.3993e-01,2.5965e-01,2.7920e-01
8.5942e-05,-4.8483e-04,-1.0360e-03,-1.5692e-03,-2.0861e-03,-2.5884e-03,-3.0780e-03,-3.5567e-03,-4.0268e-03,-4.4903e-03,-4.9494e-03,-5.4058e-03,-5.8618e-03,-6.3193e-03,-6.7801e-03,-7.2461e-03,-7.7186e-03,-8.1991e-03,-8.6881e-03,-9.1872e-03,-9.6963e-03,-1.0216e-02,-1.0745e-02,-1.1285e-02,-1.1833e-02,-1.2389e-02,-1.2952e-02,-1.3519e-02,-1.4088e-02,-1.4659e-02,-1.5227e-02,-1.5790e-02,-1.6347e-02,-1.6896e-02,-1.7433e-02,-1.7958e-02,-1.8468e-02,-1.8963e-02,-1.9444e-02,-1.9909e-02,-2.0361e-02,-2.0800e-02,-2.1229e-02,-2.1651e-02,-2.2069e-02,-2.2485e-02,-2.2904e-02,-2.3328e-02,-2.3760e-02,-2.4202e-02,-2.4655e-02,-2.5118e-02,-2.5591e-02,-2.6071e-02,-2.6553e-02,-2.7033e-02,-2.7504e-02,-2.7961e-02,-2.8397e-02,-2.8809e-02,-2.9194e-02,-2.9551e-02,-2.9885e-02,-3.0204e-02,-3.0518e-02,-3.0843e-02,-3.1195e-02,-3.1590e-02,-3.2036e-02,-3.2537e-02,-3.3079e-02,-3.3639e-02,-3.4181e-02,-3.4665e-02,-3.5067e-02,-3.5401e-02,-3.5737e-02,-3.6210e-02,-3.6987e-02,-3.8170e-02,-3.9623e-02,-4.0741e-02,-4.0293e-02,-3.6518e-02,-2.7701e-02,-1.3128e-02,6.1966e-03,2.7878e-02,4.9504e-02,6.9884e-02,8.9125e-02,1.0789e-01,1.2676e-01,1.4597e-01,1.6556e-01,1.8541e-01,2.0540e-01,2.2541e-01,2.4533e-01,2.6511e-01
2.3326e-04,-2.9308e-04,-7.9908e-04,-1.2865e-03,-1.7561e-03,-2.2101e-03,-2.6504e-03,-3.0788e-03,-3.4969e-03,-3.9075e-03,-4.3121e-03,-4.7129e-03,-5.1119e-03,-5.5111e-03,-5.9123e-03,-6.3171e-03,-6.7275e-03,-7.1446e-03,-7.5694e-03,-8.0030e-03,-8.4461e-03,-8.8992e-03,-9.3619e-03,-9.8344e-03,-1.0316e-02,-1.0806e-02,-1.1302e-02,-1.1804e-02,-1.2310e-02,-1.2817e-02,-1.3323e-02,-1.3827e-02,-1.4326e-02,-1.4817e-02,-1.5299e-02,-1.5770e-02,-1.6228e-02,-1.6671e-02,-1.7100e-02,-1.7514e-02,-1.7914e-02,-1.8301e-02,-1.8676e-02,-1.9043e-02,-1.9403e-02,-1.9761e-02,-2.0118e-02,-2.0479e-02,-2.0847e-02,-2.1224e-02,-2.1611e-02,-2.2009e-02,-2.2418e-02,-2.2836e-02,-2.3260e-02,-2.3685e-02,-2.4106e-02,-2.4516e-02,-2.4910e-02,-2.5283e-02,-2.5628e-02,-2.5945e-02,-2.6235e-02,-2.6502e-02,-2.6754e-02,-2.7006e-02,-2.7273e-02,-2.7572e-02,-2.7919e-02,-2.8323e-02,-2.8784e-02,-2.9289e-02,-2.9810e-02,-3.0308e-02,-3.0743e-02,-3.1091e-02,-3.1367e-02,-3.1648e-02,-3.2073e-02,-3.2811e-02,-3.3961e-02,-3.5375e-02,-3.6436e-02,-3.5900e-02,-3.2008e-02,-2.3062e-02,-8.3639e-03,1.1077e-02,3.2870e-02,5.4596e-02,7.5038e-02,9.4286e-02,1.1301e-01,1.3182e-01,1.5098e-01,1.7052e-01,1.9037e-01,2.1037e-01,2.3040e-01,2.5036e-01
3.7248e-04,-1.1248e-04,-5.7675e-04,-1.0210e-03,-1.4474e-03,-1.8567e-03,-2.2514e-03,-2.6330e-03,-3.0037e-03,-3.3654e-03,-3.7201e-03,-4.0698e-03,-4.4162e-03,-4.7620e-03,-5.1084e-03,-5.4573e-03,-5.8103e-03,-6.1690e-03,-6.5346e-03,-6.9080e-03,-7.2902e-03,-7.6816e-03,-8.0824e-03,-8.4926e-03,-8.9116e-03,-9.3393e-03,-9.7741e-03,-1.0215e-02,-1.0660e-02,-1.1108e-02,-1.1557e-02,-1.2004e-02,-1.2448e-02,-1.2886e-02,-1.3315e-02,-1.3735e-02,-1.4143e-02,-1.4538e-02,-1.4919e-02,-1.5285e-02,-1.5637e-02,-1.5975e-02,-1.6302e-02,-1.6618e-02,-1.6926e-02,-1.7229e-02,-1.7530e-02,-1.7833e-02,-1.8140e-02,-1.8455e-02,-1.8780e-02,-1.9116e-02,-1.9463e-02,-1.9822e-02,-2.0188e-02,-2.0560e-02,-2.0931e-02,-2.1297e-02,-2.1652e-02,-2.1988e-02,-2.2301e-02,-2.2586e-02,-2.2841e-02,-2.3069e-02,-2.3276e-02,-2.3471e-02,-2.3668e-02,-2.3885e-02,-2.4139e-02,-2.4446e-02,-2.4814e-02,-2.5241e-02,-2.5712e-02,-2.6195e-02,-2.6650e-02,-2.7034e-02,-2.7325e-02,-2.7543e-02,-2.7768e-02,-2.8146e-02,-2.8847e-02,-2.9968e-02,-3.1350e-02,-3.2360e-02,-3.1745e-02,-2.7746e-02,-1.8681e-02,-3.8684e-03,1.5681e-02,3.7584e-02,5.9411e-02,7.9918e-02,9.9174e-02,1.1786e-01,1.3659e-01,1.5568e-01,1.7517e-01,1.9498e-01,2.1498e-01,2.3503e-01
5.0032e-04,5.3607e-05,-3.7138e-04,-7.7608e-04,-1.1618e-03,-1.5300e-03,-1.8829e-03,-2.2217e-03,-2.5488e-03,-2.8657e-03,-3.1746e-03,-3.4777e-03,-3.7762e-03,-4.0730e-03,-4.3691e-03,-4.6666e-03,-4.9673e-03,-5.2727e-03,-5.5837e-03,-5.9020e-03,-6.2281e-03,-6.5628e-03,-6.9063e-03,-7.2588e-03,-7.6203e-03,-7.9901e-03,-8.3674e-03,-8.7513e-03,-9.1404e-03,-9.5331e-03,-9.9273e-03,-1.0321e-02,-1.0713e-02,-1.1100e-02,-1.1481e-02,-1.1853e-02,-1.2214e-02,-1.2563e-02,-1.2899e-02,-1.3222e-02,-1.3529e-02,-1.3823e-02,-1.4104e-02,-1.4374e-02,-1.4634e-02,-1.4887e-02,-1.5136e-02,-1.5385e-02,-1.5637e-02,-1.5894e-02,-1.6160e-02,-1.6437e-02,-1.6725e-02,-1.7025e-02,-1.7336e-02,-1.7655e-02,-1.7978e-02,-1.8301e-02,-1.8617e-02,-1.8920e-02,-1.9203e-02,-1.9462e-02,-1.9691e-02,-1.9892e-02,-2.0066e-02,-2.0219e-02,-2.0364e-02,-2.0514e-02,-2.0689e-02,-2.0905e-02,-2.1179e-02,-2.1516e-02,-2.1914e-02,-2.2353e-02,-2.2799e-02,-2.3209e-02,-2.3540e-02,-2.3772e-02,-2.3929e-02,-2.4098e-02,-2.4429e-02,-2.5098e-02,-2.6194e-02,-2.7550e-02,-2.8518e-02,-2.7832e-02,-2.3737e-02,-1.4565e-02,3.5097e-04,2.0001e-02,4.2008e-02,6.3937e-02,8.4513e-02,1.0378e-01,1.2242e-01,1.4107e-01,1.6007e-01,1.7949e-01,1.9926e-01,2.1923e-01
6.1372e-04,2.0281e-04,-1.8607e-04,-5.5391e-04,-9.0250e-04,-1.2332e-03,-1.5473e-03,-1.8469e-03,-2.1339e-03,-2.4102e-03,-2.6773e-03,-2.9374e-03,-3.1925e-03,-3.4444e-03,-3.6951e-03,-3.9460e-03,-4.1987e-03,-4.4556e-03,-4.7170e-03,-4.9846e-03,-5.2592e-03,-5.5421e-03,-5.8329e-03,-6.1327e-03,-6.4408e-03,-6.7572e-03,-7.0815e-03,-7.4124e-03,-7.7491e-03,-8.0899e-03,-8.4334e-03,-8.7779e-03,-9.1209e-03,-9.4608e-03,-9.7953e-03,-1.0122e-02,-1.0440e-02,-1.0747e-02,-1.1041e-02,-1.1322e-02,-1.1589e-02,-1.1842e-02,-1.2081e-02,-1.2308e-02,-1.2524e-02,-1.2732e-02,-1.2934e-02,-1.3133e-02,-1.3333e-02,-1.3537e-02,-1.3748e-02,-1.3968e-02,-1.4200e-02,-1.4444e-02,-1.4700e-02,-1.4968e-02,-1.5243e-02,-1.5523e-02,-1.5801e-02,-1.6071e-02,-1.6328e-02,-1.6564e-02,-1.6774e-02,-1.6955e-02,-1.7107e-02,-1.7233e-02,-1.7340e-02,-1.7442e-02,-1.7553e-02,-1.7693e-02,-1.7878e-02,-1.8124e-02,-1.8435e-02,-1.8806e-02,-1.9213e-02,-1.9621e-02,-1.9984e-02,-2.0260e-02,-2.0430e-02,-2.0523e-02,-2.0635e-02,-2.0922e-02,-2.1561e-02,-2.2639e-02,-2.3975e-02,-2.4909e-02,-2.4163e-02,-1.9985e-02,-1.0719e-02,4.2882e-03,2.4029e-02,4.6137e-02,6.8169e-02,8.8818e-02,1.0810e-01,1.2669e-01,1.4525e-01,1.6415e-01,1.8349e-01,2.0319e-01
7.0933e-04,3.3140e-04,-2.3820e-05,-3.5794e-04,-6.7218e-04,-9.6806e-04,-1.2469e-03,-1.5107e-03,-1.7613e-03,-2.0002e-03,-2.2293e-03,-2.4508e-03,-2.6663e-03,-2.8778e-03,-3.0868e-03,-3.2955e-03,-3.5053e-03,-3.7174e-03,-3.9339e-03,-4.1558e-03,-4.3838e-03,-4.6189e-03,-4.8620e-03,-5.1133e-03,-5.3726e-03,-5.6401e-03,-5.9152e-03,-6.1974e-03,-6.4855e-03,-6.7786e-03,-7.0750e-03,-7.3729e-03,-7.6706e-03,-7.9661e-03,-8.2577e-03,-8.5428e-03,-8.8197e-03,-9.0869e-03,-9.3424e-03,-9.5850e-03,-9.8140e-03,-1.0029e-02,-1.0230e-02,-1.0418e-02,-1.0594e-02,-1.0760e-02,-1.0919e-02,-1.1073e-02,-1.1225e-02,-1.1379e-02,-1.1538e-02,-1.1706e-02,-1.1884e-02,-1.2074e-02,-1.2278e-02,-1.2495e-02,-1.2723e-02,-1.2959e-02,-1.3199e-02,-1.3438e-02,-1.3668e-02,-1.3883e-02,-1.4077e-02,-1.4245e-02,-1.4384e-02,-1.4494e-02,-1.4579e-02,-1.4647e-02,-1.4713e-02,-1.4792e-02,-1.4902e-02,-1.5062e-02,-1.5285e-02,-1.5573e-02,-1.5917e-02,-1.6293e-02,-1.6661e-02,-1.6973e-02,-1.7189e-02,-1.7294e-02,-1.7323e-02,-1.7378e-02,-1.7622e-02,-1.8235e-02,-1.9300e-02,-2.0625e-02,-2.1534e-02,-2.0739e-02,-1.6490e-02,-7.1450e-03,7.9397e-03,2.7760e-02,4.9964e-02,7.2100e-02,9.2827e-02,1.1212e-01,1.3066e-01,1.4913e-01,1.6792e-01,1.8716e-01
7.8379e-04,4.3662e-04,1.1225e-04,-1.9064e-04,-4.7333e-04,-7.3726e-04,-9.8389e-04,-1.2152e-03,-1.4323e-03,-1.6378e-03,-1.8325e-03,-2.0187e-03,-2.1986e-03,-2.3734e-03,-2.5452e-03,-2.7158e-03,-2.8863e-03,-3.0588e-03,-3.2347e-03,-3.4150e-03,-3.6008e-03,-3.7930e-03,-3.9924e-03,-4.1994e-03,-4.4144e-03,-4.6371e-03,-4.8676e-03,-5.1049e-03,-5.3485e-03,-5.5973e-03,-5.8501e-03,-6.1050e-03,-6.3605e-03,-6.6151e-03,-6.8664e-03,-7.1123e-03,-7.3514e-03,-7.5815e-03,-7.8005e-03,-8.0080e-03,-8.2019e-03,-8.3819e-03,-8.5480e-03,-8.7001e-03,-8.8397e-03,-8.9678e-03,-9.0868e-03,-9.1991e-03,-9.3077e-03,-9.4160e-03,-9.5275e-03,-9.6453e-03,-9.7726e-03,-9.9120e-03,-1.0065e-02,-1.0232e-02,-1.0414e-02,-1.0607e-02,-1.0808e-02,-1.1014e-02,-1.1217e-02,-1.1412e-02,-1.1592e-02,-1.1750e-02,-1.1882e-02,-1.1984e-02,-1.2059e-02,-1.2109e-02,-1.2145e-02,-1.2181e-02,-1.2233e-02,-1.2321e-02,-1.2460e-02,-1.2662e-02,-1.2929e-02,-1.3247e-02,-1.3590e-02,-1.3914e-02,-1.4172e-02,-1.4325e-02,-1.4362e-02,-1.4324e-02,-1.4322e-02,-1.4526e-02,-1.5117e-02,-1.6176e-02,-1.7497e-02,-1.8390e-02,-1.7559e-02,-1.3253e-02,-3.8433e-03,1.1304e-02,3.1194e-02,5.3488e-02,7.5729e-02,9.6537e-02,1.1586e-01,1.3435e-01,1.5272e-01,1.7139e-01
8.3369e-04,5.1557e-04,2.1954e-04,-5.4650e-05,-3.0853e-04,-5.4339e-04,-7.6088e-04,-9.6236e-04,-1.1498e-03,-1.3244e-03,-1.4882e-03,-1.6430e-03,-1.7907e-03,-1.9326e-03,-2.0709e-03,-2.2070e-03,-2.3428e-03,-2.4795e-03,-2.6188e-03,-2.7617e-03,-2.9095e-03,-3.0630e-03,-3.2234e-03,-3.3905e-03,-3.5651e-03,-3.7474e-03,-3.9370e-03,-4.1334e-03,-4.3363e-03,-4.5446e-03,-4.7571e-03,-4.9726e-03,-5.1891e-03,-5.4055e-03,-5.6196e-03,-5.8294e-03,-6.0328e-03,-6.2285e-03,-6.4142e-03,-6.5885e-03,-6.7501e-03,-6.8979e-03,-7.0316e-03,-7.1512e-03,-7.2572e-03,-7.3508e-03,-7.4336e-03,-7.5079e-03,-7.5765e-03,-7.6427e-03,-7.7099e-03,-7.7816e-03,-7.8613e-03,-7.9518e-03,-8.0558e-03,-8.1751e-03,-8.3099e-03,-8.4598e-03,-8.6224e-03,-8.7942e-03,-8.9702e-03,-9.1445e-03,-9.3101e-03,-9.4600e-03,-9.5880e-03,-9.6893e-03,-9.7617e-03,-9.8062e-03,-9.8284e-03,-9.8383e-03,-9.8500e-03,-9.8810e-03,-9.9492e-03,-1.0071e-02,-1.0255e-02,-1.0500e-02,-1.0791e-02,-1.1098e-02,-1.1375e-02,-1.1575e-02,-1.1660e-02,-1.1625e-02,-1.1520e-02,-1.1461e-02,-1.1628e-02,-1.2203e-02,-1.3261e-02,-1.4587e-02,-1.5475e-02,-1.4618e-02,-1.0270e-02,-8.1233e-04,1.4383e-02,3.4330e-02,5.6708e-02,7.9053e-02,9.9948e-02,1.1930e-01,1.3774e-01,1.5601e-01
8.5673e-04,5.6465e-04,2.9501e-04,4.7170e-05,-1.8045e-04,-3.8884e-04,-5.7974e-04,-7.5454e-04,-9.1445e-04,-1.0616e-03,-1.1978e-03,-1.3244e-03,-1.4432e-03,-1.5561e-03,-1.6643e-03,-1.7701e-03,-1.8745e-03,-1.9793e-03,-2.0860e-03,-2.1957e-03,-2.3097e-03,-2.4285e-03,-2.5535e-03,-2.6850e-03,-2.8235e-03,-2.9690e-03,-3.1219e-03,-3.2813e-03,-3.4472e-03,-3.6186e-03,-3.7944e-03,-3.9733e-03,-4.1546e-03,-4.3357e-03,-4.5152e-03,-4.6914e-03,-4.8624e-03,-5.0259e-03,-5.1802e-03,-5.3241e-03,-5.4555e-03,-5.5736e-03,-5.6777e-03,-5.7673e-03,-5.8425e-03,-5.9044e-03,-5.9543e-03,-5.9940e-03,-6.0260e-03,-6.0536e-03,-6.0799e-03,-6.1087e-03,-6.1434e-03,-6.1880e-03,-6.2453e-03,-6.3179e-03,-6.4073e-03,-6.5140e-03,-6.6370e-03,-6.7740e-03,-6.9211e-03,-7.0730e-03,-7.2233e-03,-7.3651e-03,-7.4910e-03,-7.5946e-03,-7.6713e-03,-7.7193e-03,-7.7399e-03,-7.7393e-03,-7.7279e-03,-7.7205e-03,-7.7341e-03,-7.7866e-03,-7.8923e-03,-8.0587e-03,-8.2820e-03,-8.5439e-03,-8.8105e-03,-9.0365e-03,-9.1738e-03,-9.1880e-03,-9.0792e-03,-8.9049e-03,-8.7918e-03,-8.9244e-03,-9.4884e-03,-1.0553e-02,-1.1891e-02,-1.2784e-02,-1.1915e-02,-7.5397e-03,1.9506e-03,1.7177e-02,3.7169e-02,5.9623e-02,8.2073e-02,1.0306e-01,1.2244e-01,1.4085e-01
8.4949e-04,5.8158e-04,3.3619e-04,1.1250e-04,-9.0934e-05,-2.7551e-04,-4.4250e-04,-5.9296e-04,-7.2880e-04,-8.5156e-04,-9.6269e-04,-1.0642e-03,-1.1575e-03,-1.2440e-03,-1.3260e-03,-1.4044e-03,-1.4816e-03,-1.5581e-03,-1.6359e-03,-1.7162e-03,-1.7999e-03,-1.8883e-03,-1.9819e-03,-2.0816e-03,-2.1878e-03,-2.3007e-03,-2.4203e-03,-2.5464e-03,-2.6790e-03,-2.8168e-03,-2.9595e-03,-3.1057e-03,-3.2538e-03,-3.4028e-03,-3.5506e-03,-3.6959e-03,-3.8364e-03,-3.9704e-03,-4.0960e-03,-4.2115e-03,-4.3152e-03,-4.4057e-03,-4.4822e-03,-4.5441e-03,-4.5913e-03,-4.6242e-03,-4.6439e-03,-4.6519e-03,-4.6506e-03,-4.6425e-03,-4.6312e-03,-4.6201e-03,-4.6131e-03,-4.6144e-03,-4.6271e-03,-4.6547e-03,-4.6997e-03,-4.7636e-03,-4.8467e-03,-4.9477e-03,-5.0643e-03,-5.1920e-03,-5.3252e-03,-5.4573e-03,-5.5807e-03,-5.6882e-03,-5.7730e-03,-5.8306e-03,-5.8593e-03,-5.8611e-03,-5.8424e-03,-5.8143e-03,-5.7914e-03,-5.7910e-03,-5.8296e-03,-5.9207e-03,-6.0692e-03,-6.2685e-03,-6.4977e-03,-6.7207e-03,-6.8909e-03,-6.9611e-03,-6.9004e-03,-6.7156e-03,-6.4724e-03,-6.3064e-03,-6.4087e-03,-6.9666e-03,-8.0444e-03,-9.4039e-03,-1.0312e-02,-9.4434e-03,-5.0555e-03,4.4502e-03,1.9692e-02,3.9715e-02,6.2239e-02,8.4792e-02,1.0588e-01,1.2530e-01
8.0954e-04,5.6396e-04,3.4086e-04,1.3896e-04,-4.2856e-05,-2.0587e-04,-3.5090e-04,-4.7974e-04,-5.9410e-04,-6.9496e-04,-7.8384e-04,-8.6311e-04,-9.3388e-04,-9.9780e-04,-1.0564e-03,-1.1112e-03,-1.1639e-03,-1.2157e-03,-1.2683e-03,-1.3226e-03,-1.3799e-03,-1.4411e-03,-1.5072e-03,-1.5787e-03,-1.6562e-03,-1.7400e-03,-1.8302e-03,-1.9270e-03,-2.0294e-03,-2.1373e-03,-2.2499e-03,-2.3660e-03,-2.4846e-03,-2.6042e-03,-2.7232e-03,-2.8400e-03,-2.9527e-03,-3.0594e-03,-3.1584e-03,-3.2475e-03,-3.3253e-03,-3.3904e-03,-3.4416e-03,-3.4780e-03,-3.4992e-03,-3.5054e-03,-3.4974e-03,-3.4765e-03,-3.4444e-03,-3.4038e-03,-3.3579e-03,-3.3100e-03,-3.2641e-03,-3.2243e-03,-3.1947e-03,-3.1792e-03,-3.1810e-03,-3.2027e-03,-3.2455e-03,-3.3097e-03,-3.3940e-03,-3.4955e-03,-3.6093e-03,-3.7294e-03,-3.8487e-03,-3.9595e-03,-4.0538e-03,-4.1249e-03,-4.1684e-03,-4.1825e-03,-4.1698e-03,-4.1371e-03,-4.0956e-03,-4.0601e-03,-4.0475e-03,-4.0735e-03,-4.1496e-03,-4.2788e-03,-4.4516e-03,-4.6447e-03,-4.8195e-03,-4.9291e-03,-4.9280e-03,-4.7894e-03,-4.5270e-03,-4.2152e-03,-3.9984e-03,-4.0745e-03,-4.6323e-03,-5.7304e-03,-7.1194e-03,-8.0527e-03,-7.1974e-03,-2.8119e-03,6.6926e-03,2.1934e-02,4.1974e-02,6.4559e-02,8.7213e-02,1.0840e-01
7.3422e-04,5.0921e-04,3.0609e-04,1.2407e-04,-3.8087e-05,-1.8127e-04,-3.0709e-04,-4.1685e-04,-5.1180e-04,-5.9322e-04,-6.6307e-04,-7.2274e-04,-7.7349e-04,-8.1744e-04,-8.5577e-04,-8.8990e-04,-9.2160e-04,-9.5195e-04,-9.8240e-04,-1.0142e-03,-1.0485e-03,-1.0860e-03,-1.1280e-03,-1.1749e-03,-1.2274e-03,-1.2856e-03,-1.3498e-03,-1.4200e-03,-1.4960e-03,-1.5771e-03,-1.6628e-03,-1.7522e-03,-1.8440e-03,-1.9370e-03,-2.0298e-03,-2.1206e-03,-2.2077e-03,-2.2893e-03,-2.3636e-03,-2.4286e-03,-2.4826e-03,-2.5241e-03,-2.5516e-03,-2.5644e-03,-2.5617e-03,-2.5435e-03,-2.5099e-03,-2.4622e-03,-2.4019e-03,-2.3313e-03,-2.2533e-03,-2.1712e-03,-2.0891e-03,-2.0111e-03,-1.9415e-03,-1.8846e-03,-1.8445e-03,-1.8245e-03,-1.8273e-03,-1.8540e-03,-1.9046e-03,-1.9776e-03,-2.0693e-03,-2.1748e-03,-2.2875e-03,-2.3995e-03,-2.5025e-03,-2.5887e-03,-2.6507e-03,-2.6844e-03,-2.6880e-03,-2.6644e-03,-2.6207e-03,-2.5683e-03,-2.5222e-03,-2.4984e-03,-2.5117e-03,-2.5718e-03,-2.6794e-03,-2.8226e-03,-2.9751e-03,-3.0973e-03,-3.1419e-03,-3.0655e-03,-2.8464e-03,-2.5052e-03,-2.1257e-03,-1.8611e-03,-1.9153e-03,-2.4785e-03,-3.6040e-03,-5.0310e-03,-5.9999e-03,-5.1699e-03,-8.0217e-04,8.6844e-03,2.3908e-02,4.3952e-02,6.6588e-02,8.9343e-02
6.2097e-04,4.1460e-04,2.3006e-04,6.5766e-05,-7.8283e-05,-2.0418e-04,-3.1269e-04,-4.0523e-04,-4.8327e-04,-5.4771e-04,-6.0055e-04,-6.4326e-04,-6.7731e-04,-7.0371e-04,-7.2445e-04,-7.4071e-04,-7.5427e-04,-7.6620e-04,-7.7774e-04,-7.9010e-04,-8.0452e-04,-8.2193e-04,-8.4276e-04,-8.6851e-04,-8.9891e-04,-9.3490e-04,-9.7648e-04,-1.0237e-03,-1.0761e-03,-1.1337e-03,-1.1954e-03,-1.2608e-03,-1.3288e-03,-1.3980e-03,-1.4670e-03,-1.5343e-03,-1.5981e-03,-1.6568e-03,-1.7084e-03,-1.7510e-03,-1.7831e-03,-1.8026e-03,-1.8084e-03,-1.7993e-03,-1.7743e-03,-1.7333e-03,-1.6761e-03,-1.6037e-03,-1.5173e-03,-1.4191e-03,-1.3114e-03,-1.1976e-03,-1.0817e-03,-9.6772e-04,-8.6036e-04,-7.6395e-04,-6.8352e-04,-6.2282e-04,-5.8566e-04,-5.7430e-04,-5.8999e-04,-6.3227e-04,-6.9922e-04,-7.8693e-04,-8.8961e-04,-1.0002e-03,-1.1100e-03,-1.2103e-03,-1.2927e-03,-1.3499e-03,-1.3772e-03,-1.3734e-03,-1.3416e-03,-1.2890e-03,-1.2274e-03,-1.1715e-03,-1.1367e-03,-1.1364e-03,-1.1787e-03,-1.2618e-03,-1.3716e-03,-1.4793e-03,-1.5442e-03,-1.5196e-03,-1.3645e-03,-1.0625e-03,-6.4227e-04,-1.9640e-04,1.1283e-04,7.5936e-05,-4.9850e-04,-1.6583e-03,-3.1314e-03,-4.1457e-03,-3.3534e-03,9.8222e-04,1.0434e-02,2.5624e-02,4.5656e-02,6.8335e-02
4.6816e-04,2.7879e-04,1.1072e-04,-3.6985e-05,-1.6546e-04,-2.7578e-04,-3.6889e-04,-4.4665e-04,-5.0957e-04,-5.5957e-04,-5.9777e-04,-6.2577e-04,-6.4494e-04,-6.5669e-04,-6.6248e-04,-6.6357e-04,-6.6190e-04,-6.5791e-04,-6.5330e-04,-6.4946e-04,-6.4690e-04,-6.4666e-04,-6.5019e-04,-6.5732e-04,-6.6920e-04,-6.8598e-04,-7.0786e-04,-7.3503e-04,-7.6722e-04,-8.0389e-04,-8.4489e-04,-8.8914e-04,-9.3590e-04,-9.8357e-04,-1.0313e-03,-1.0774e-03,-1.1202e-03,-1.1580e-03,-1.1887e-03,-1.2109e-03,-1.2226e-03,-1.2218e-03,-1.2074e-03,-1.1778e-03,-1.1321e-03,-1.0700e-03,-9.9084e-04,-8.9548e-04,-7.8488e-04,-6.6086e-04,-5.2571e-04,-3.8245e-04,-2.3481e-04,-8.7097e-05,5.6162e-05,1.8999e-04,3.0930e-04,4.0948e-04,4.8631e-04,5.3591e-04,5.5632e-04,5.4639e-04,5.0677e-04,4.3999e-04,3.5094e-04,2.4552e-04,1.3217e-04,1.9781e-05,-8.2090e-05,-1.6448e-04,-2.1994e-04,-2.4384e-04,-2.3509e-04,-1.9675e-04,-1.3675e-04,-6.6660e-05,-8.8662e-07,4.5829e-05,6.1221e-05,3.9212e-05,-1.6116e-05,-8.8297e-05,-1.4695e-04,-1.5012e-04,-5.2147e-05,1.8463e-04,5.7093e-04,1.0701e-03,1.5805e-03,1.9311e-03,1.9065e-03,1.3149e-03,1.1411e-04,-1.4130e-03,-2.4823e-03,-1.7396e-03,2.5494e-03,1.1951e-02,2.7089e-02,4.7097e-02
2.7375e-04,9.9957e-05,-5.3100e-05,-1.8646e-04,-3.0108e-04,-3.9761e-04,-4.7743e-04,-5.4181e-04,-5.9201e-04,-6.2948e-04,-6.5503e-04,-6.7063e-04,-6.7730e-04,-6.7682e-04,-6.6987e-04,-6.5855e-04,-6.4370e-04,-6.2672e-04,-6.0876e-04,-5.9092e-04,-5.7428e-04,-5.5973e-04,-5.4824e-04,-5.4003e-04,-5.3592e-04,-5.3654e-04,-5.4179e-04,-5.5168e-04,-5.6616e-04,-5.8513e-04,-6.0774e-04,-6.3350e-04,-6.6159e-04,-6.9053e-04,-7.1942e-04,-7.4631e-04,-7.7002e-04,-7.8882e-04,-8.0081e-04,-8.0416e-04,-7.9699e-04,-7.7749e-04,-7.4424e-04,-6.9565e-04,-6.3068e-04,-5.4866e-04,-4.4899e-04,-3.3227e-04,-1.9908e-04,-5.1036e-05,1.0998e-04,2.8078e-04,4.5808e-04,6.3760e-04,8.1474e-04,9.8436e-04,1.1411e-03,1.2799e-03,1.3954e-03,1.4836e-03,1.5407e-03,1.5646e-03,1.5547e-03,1.5122e-03,1.4402e-03,1.3441e-03,1.2311e-03,1.1101e-03,9.9094e-04,8.8402e-04,7.9845e-04,7.4209e-04,7.1966e-04,7.3209e-04,7.7578e-04,8.4291e-04,9.2171e-04,9.9810e-04,1.0581e-03,1.0908e-03,1.0922e-03,1.0682e-03,1.0376e-03,1.0326e-03,1.0951e-03,1.2699e-03,1.5909e-03,2.0626e-03,2.6401e-03,3.2126e-03,3.6009e-03,3.5839e-03,2.9694e-03,1.7211e-03,1.3226e-04,-1.0015e-03,-3.1963e-04,3.9086e-03,1.3244e-02,2.8315e-02
3.5800e-05,-1.2398e-04,-2.6374e-04,-3.8408e-04,-4.8609e-04,-5.7073e-04,-6.3904e-04,-6.9211e-04,-7.3113e-04,-7.5801e-04,-7.7301e-04,-7.7827e-04,-7.7446e-04,-7.6365e-04,-7.4650e-04,-7.2491e-04,-6.9934e-04,-6.7164e-04,-6.4276e-04,-6.1378e-04,-5.8560e-04,-5.5918e-04,-5.3513e-04,-5.1431e-04,-4.9726e-04,-4.8397e-04,-4.7531e-04,-4.7058e-04,-4.7044e-04,-4.7383e-04,-4.8107e-04,-4.9082e-04,-5.0239e-04,-5.1491e-04,-5.2700e-04,-5.3714e-04,-5.4398e-04,-5.4545e-04,-5.4047e-04,-5.2653e-04,-5.0217e-04,-4.6539e-04,-4.1457e-04,-3.4831e-04,-2.6509e-04,-1.6446e-04,-4.5739e-05,9.1352e-05,2.4571e-04,4.1643e-04,6.0161e-04,7.9840e-04,1.0037e-03,1.2133e-03,1.4224e-03,1.6263e-03,1.8191e-03,1.9951e-03,2.1488e-03,2.2752e-03,2.3696e-03,2.4288e-03,2.4507e-03,2.4351e-03,2.3840e-03,2.3013e-03,2.1931e-03,2.0678e-03,1.9352e-03,1.8058e-03,1.6907e-03,1.5998e-03,1.5409e-03,1.5188e-03,1.5342e-03,1.5832e-03,1.6578e-03,1.7461e-03,1.8345e-03,1.9099e-03,1.9627e-03,1.9906e-03,2.0018e-03,2.0171e-03,2.0695e-03,2.2018e-03,2.4565e-03,2.8635e-03,3.4210e-03,4.0759e-03,4.7080e-03,5.1300e-03,5.1156e-03,4.4726e-03,3.1703e-03,1.5128e-03,3.0586e-04,9.1567e-04,5.0698e-03,1.4323e-02
