-4.3651e-03,-3.1679e-02,-3.3722e-02,-2.2575e-02,-7.8978e-02,-3.7606e-02,2.0499e-02,-2.9814e-03,-1.9308e-02,-2.8562e-02,-1.3811e-02,-1.9914e-02,2.6103e-02,3.3336e-02,8.4634e-03,-1.9075e-02,-5.2257e-02,-4.7226e-02,-4.3337e-02,1.0366e-02,-6.2367e-03,-4.3792e-03,-8.1226e-03,-2.6532e-02,-4.3672e-02,-4.4085e-02,-3.7270e-02,1.2511e-02,9.4876e-03,2.4043e-02,4.5740e-03,-1.4926e-02,4.8295e-03,7.8045e-03,-9.0787e-03,3.7730e-03,1.5335e-02,1.3522e-02,1.4447e-02,1.6623e-02,2.3163e-02,3.2597e-02,2.1983e-02,2.9502e-03,-6.5571e-03,-4.9931e-03,-3.1576e-05,1.8444e-03,-2.1320e-04,-2.4172e-03,-7.6094e-04,-4.0387e-03,-9.8150e-03,-1.6537e-02,-3.2915e-02,-4.1386e-02,-3.5396e-02,-2.7987e-02,-2.0141e-02,-2.0015e-02,-2.2607e-02,8.0582e-03,-3.2853e-03,-2.3701e-02,-1.8129e-02,6.3103e-03,7.2212e-03,-4.6635e-02,-4.6438e-02,6.2713e-03,1.6665e-02,-2.9471e-02,5.2859e-03,-1.3181e-02,-2.2733e-02,-2.6640e-02,-3.4100e-02,-7.4209e-02,2.4540e-03,2.3765e-03,-1.1942e-02,7.8064e-03,3.3396e-03,2.0406e-02,1.1633e-02,-1.3193e-02,-3.4661e-02,-4.8189e-02,-3.1643e-02,-1.8599e-02,-1.4716e-02,-3.0728e-02,-2.2885e-02,-6.1943e-03,4.1481e-03,9.5593e-03,-2.9911e-03,-2.5144e-02,-3.2819e-02,-2.7900e-02
-2.2568e-03,-2.2021e-02,-1.4556e-02,4.0443e-02,1.1643e-02,-3.2756e-02,-3.4327e-02,-2.1429e-02,-4.0468e-03,-1.8565e-02,-2.9093e-02,-3.8030e-02,-2.9407e-02,-7.5675e-03,1.2923e-02,2.6769e-02,3.5570e-03,-5.6797e-03,-2.7110e-02,-1.6176e-02,1.2203e-02,4.3816e-02,2.7011e-02,1.0649e-02,-3.2884e-03,-2.4766e-03,5.6393e-03,9.1878e-03,2.4847e-03,2.2527e-02,3.1513e-02,7.0041e-03,1.2001e-03,2.2560e-02,1.1121e-02,-9.6756e-03,6.6871e-04,-4.2770e-03,-7.3136e-03,-7.3350e-03,-1.1078e-02,-1.4260e-02,-5.5934e-03,-4.8055e-04,-1.1551e-02,-1.9959e-02,-1.9893e-02,-1.5214e-02,-8.7437e-03,-1.1329e-03,4.9300e-03,4.4977e-03,3.7014e-03,2.9806e-03,-6.3341e-03,-1.3064e-02,-1.8680e-04,2.6369e-03,-9.4436e-03,-7.1167e-03,8.6636e-03,1.3755e-02,2.0319e-02,3.1621e-02,5.2135e-02,4.5378e-02,1.8377e-03,8.0999e-03,8.6632e-03,1.0418e-02,2.2560e-03,2.0983e-02,4.8972e-03,-5.4255e-03,-3.6274e-03,-3.9426e-03,-1.2145e-02,-2.9050e-02,-1.5234e-02,1.0914e-02,-1.0035e-02,-4.8728e-03,4.7458e-03,-1.3479e-02,-5.1054e-03,-1.0407e-02,-2.0848e-02,-3.1432e-02,-2.0718e-02,-8.8465e-03,-2.4067e-04,-2.0377e-02,-2.2327e-02,-3.7734e-03,-2.9480e-03,1.2454e-03,6.3843e-03,-1.1284e-02,-1.4215e-02,-3.2723e-03
-2.4116e-04,-1.3523e-02,-1.4096e-03,-7.5527e-04,8.0909e-03,-4.3664e-03,-3.4646e-02,-2.4818e-02,-2.9191e-02,-4.0450e-02,-5.6041e-03,-2.9551e-02,-3.2330e-02,-2.5083e-02,-7.7253e-03,6.3597e-04,6.1870e-03,1.1299e-02,1.8001e-02,-3.5702e-03,1.1386e-02,2.4083e-02,4.2375e-02,6.1329e-02,8.2658e-02,7.8388e-02,6.3659e-02,1.8689e-02,1.2405e-02,6.4308e-03,1.6877e-02,3.2134e-02,1.7470e-02,1.0117e-02,1.3358e-02,4.8271e-04,1.4740e-04,-1.1643e-02,-2.5008e-02,-3.1386e-02,-3.0899e-02,-3.8896e-02,-4.5328e-02,-4.0173e-02,-2.7874e-02,-2.3970e-02,-2.4607e-02,-2.5113e-02,-2.3980e-02,-2.1967e-02,-2.0420e-02,-1.6880e-02,-8.9891e-03,-5.4357e-03,-1.3879e-02,-1.5270e-02,-9.0932e-03,-6.0170e-03,2.4136e-02,3.0853e-02,3.2706e-02,4.1761e-02,3.0433e-02,1.8587e-02,-1.1158e-02,-5.5645e-03,2.1247e-02,5.3663e-02,5.7455e-02,2.7292e-02,1.2156e-02,2.2235e-02,-1.5612e-03,3.2334e-02,3.2801e-02,2.9950e-02,1.7111e-02,6.1520e-02,2.5323e-02,6.2848e-03,-9.5930e-03,-1.9620e-02,-1.0356e-02,-2.4667e-02,-2.7883e-02,-2.1213e-02,-1.3209e-02,-1.6351e-02,-2.5265e-02,-2.5234e-02,-1.5365e-02,-1.7819e-02,-2.4954e-02,-1.5180e-02,-2.6066e-02,-2.2702e-02,8.9027e-05,-2.4936e-03,-1.6498e-03,1.4486e-02
6.8452e-04,-6.5811e-03,-1.4760e-02,-4.8374e-02,-4.9361e-02,-2.5354e-02,-1.7885e-02,-4.7947e-02,-3.6876e-02,-4.3536e-02,2.2031e-03,6.4464e-04,-2.1909e-02,-3.3311e-02,-1.8266e-02,-5.0339e-03,7.7586e-03,2.1652e-02,5.2985e-02,3.7924e-02,3.8032e-02,4.6151e-02,5.5481e-02,6.2948e-02,5.6766e-02,5.2839e-02,5.7850e-02,4.9265e-02,1.0119e-01,6.2429e-02,3.1619e-02,2.9320e-02,2.2505e-02,1.5011e-02,1.8491e-02,8.9377e-03,-1.4499e-03,-3.7804e-03,3.2192e-03,9.1006e-04,-1.3391e-02,-2.7314e-02,-4.2681e-02,-4.7182e-02,-4.6746e-02,-4.5589e-02,-5.2021e-02,-6.0609e-02,-6.5095e-02,-6.8559e-02,-7.1622e-02,-6.8428e-02,-5.3378e-02,-3.7301e-02,-2.8996e-02,-7.6738e-03,2.8027e-02,3.1633e-02,2.8883e-02,2.1622e-02,1.6541e-02,6.5841e-03,-2.6694e-02,5.6595e-03,2.5745e-02,6.2770e-03,1.7215e-02,4.9884e-02,6.5008e-02,7.6653e-02,7.3022e-02,5.4403e-02,3.2747e-02,3.0910e-02,5.0350e-02,4.0196e-02,3.0410e-02,6.6855e-02,4.7272e-02,-1.3405e-02,-1.0599e-03,-2.0047e-02,-2.7456e-02,-3.2555e-02,-7.3910e-02,-3.6781e-02,-1.7571e-02,-1.8330e-02,-4.1612e-02,-4.8334e-02,-4.1725e-02,-2.6773e-02,-2.3903e-02,-2.2735e-02,-3.8190e-02,-3.9484e-02,-1.3619e-02,3.2796e-03,2.1401e-03,2.0325e-02
-7.4595e-04,-2.6529e-03,-3.4181e-02,-8.7614e-02,-9.6643e-02,-5.4429e-02,-4.3876e-02,-2.9898e-02,-6.4508e-02,-4.4269e-02,-4.0031e-02,3.8689e-03,-8.5149e-03,-3.2074e-02,-3.7430e-02,-2.6137e-02,-6.2093e-03,2.1325e-02,4.9582e-02,2.9102e-02,1.5359e-03,-1.2555e-02,2.1745e-03,2.2320e-02,3.5004e-02,3.7688e-02,4.1279e-02,3.8928e-02,5.2673e-02,3.2779e-02,1.8596e-02,5.8209e-02,6.0928e-02,3.0746e-02,2.9201e-02,2.1406e-02,9.6375e-03,1.1379e-02,1.5035e-02,9.4729e-03,7.1126e-03,1.7533e-02,-1.1807e-02,-4.6585e-02,-7.0146e-02,-7.5157e-02,-5.9942e-02,-5.0115e-02,-5.5712e-02,-6.7574e-02,-7.6051e-02,-6.9237e-02,-4.1330e-02,-1.3702e-02,-1.2397e-02,-2.0994e-02,-3.6915e-03,-7.8337e-03,5.3879e-04,1.4553e-03,4.6454e-03,2.4269e-02,3.7797e-02,5.9978e-02,1.6407e-02,5.1538e-02,6.4446e-02,6.4138e-02,5.9218e-02,4.6106e-02,3.5294e-02,4.7979e-02,1.0738e-01,4.3712e-02,1.3561e-02,3.7298e-03,1.4791e-02,-5.0691e-03,1.2395e-02,-1.8948e-02,-6.4350e-03,-1.4393e-02,-3.7427e-02,-4.6188e-02,-4.7462e-02,-5.2294e-02,-3.1860e-02,-3.6931e-02,-5.4098e-02,-6.3873e-02,-6.0031e-02,-4.2061e-02,-4.6210e-02,-3.2215e-02,-2.8943e-02,-3.9855e-02,-2.7056e-02,4.4842e-04,7.6501e-04,1.2557e-02
-4.1879e-03,-2.5473e-03,-5.7956e-02,-6.3676e-02,-6.4836e-02,-8.3857e-02,-9.0336e-02,-8.6242e-02,-7.9208e-02,-4.1761e-02,-7.2593e-02,-3.9130e-02,-2.5927e-02,-1.2850e-02,-3.6711e-02,-4.1236e-02,-2.0128e-02,1.8987e-02,2.1463e-02,4.8944e-02,8.1160e-02,5.3864e-02,3.0697e-02,2.9293e-02,4.2112e-02,4.8659e-02,5.4222e-02,7.6474e-02,7.6898e-02,7.6414e-02,5.6721e-02,4.5316e-02,3.4560e-02,3.2650e-02,5.6840e-02,3.4774e-02,8.0350e-03,-3.1499e-02,-2.7362e-02,-2.1624e-02,-3.0603e-02,-3.9887e-02,-4.2203e-02,-5.2370e-02,-5.7177e-02,-6.3759e-02,-6.9819e-02,-7.2443e-02,-6.6746e-02,-5.4180e-02,-4.9634e-02,-5.4278e-02,-5.8046e-02,-5.9276e-02,-6.1543e-02,-6.0956e-02,-3.9744e-02,-2.9527e-02,4.3064e-06,2.6405e-02,4.9679e-02,5.9296e-02,6.4166e-02,6.4338e-02,9.0601e-02,8.9318e-02,8.3526e-02,8.0862e-02,7.4577e-02,6.1096e-02,5.4086e-02,6.7246e-02,6.3624e-02,1.9577e-02,4.2624e-02,1.7607e-02,2.2144e-02,-2.3794e-02,-5.1777e-03,-4.9770e-04,-2.6567e-02,-2.3160e-02,-4.3275e-02,-5.1806e-02,-4.5290e-02,-8.0505e-02,-5.3474e-02,-6.0992e-02,-6.4981e-02,-7.4764e-02,-7.3072e-02,-6.2837e-02,-6.7624e-02,-5.8747e-02,-2.5351e-02,-2.4438e-02,-3.8078e-02,-2.5117e-02,-1.3023e-02,-1.1308e-02
-7.6595e-04,-1.4072e-02,-3.3654e-02,-4.5856e-02,-4.5776e-02,-7.2847e-02,-9.1553e-02,-8.5902e-02,-6.5141e-02,-1.0070e-01,-9.1805e-02,-5.5365e-02,-7.4649e-02,-1.3793e-02,-2.1297e-02,-3.2638e-02,-1.2481e-02,4.7506e-03,3.2364e-03,1.5990e-02,5.2366e-02,7.5042e-02,6.4651e-02,5.8917e-02,5.7048e-02,6.5610e-02,7.8997e-02,8.0703e-02,4.4752e-02,9.1253e-02,7.0035e-02,5.4697e-02,4.8218e-02,4.3173e-02,-6.8391e-03,2.5283e-02,5.7809e-02,1.8749e-02,-4.3415e-02,-6.0672e-02,-5.9883e-02,-6.3152e-02,-7.0642e-02,-8.7325e-02,-9.0390e-02,-7.0317e-02,-5.7688e-02,-7.1193e-02,-7.7814e-02,-5.8808e-02,-4.1811e-02,-4.6153e-02,-6.6649e-02,-8.2434e-02,-9.2199e-02,-5.6808e-02,-6.1603e-03,3.0748e-04,1.2195e-02,2.7010e-02,2.9230e-02,2.3385e-02,6.3405e-02,7.3829e-02,8.3016e-02,9.7405e-02,1.0099e-01,9.3322e-02,9.7943e-02,9.0965e-02,7.9247e-02,8.1547e-02,3.8720e-02,4.6371e-02,4.4588e-02,3.7931e-02,3.6456e-02,6.8347e-03,-9.4741e-03,4.8750e-03,-3.3893e-02,-3.2985e-02,-5.6604e-02,-5.2261e-02,-4.7226e-02,-5.6357e-02,-9.0487e-02,-8.3066e-02,-7.8668e-02,-8.6290e-02,-9.0317e-02,-8.2958e-02,-7.4842e-02,-7.5703e-02,-4.9171e-02,-2.1113e-02,-3.5008e-02,-5.0505e-02,-3.5310e-02,-2.7460e-02
9.9437e-03,-3.5746e-02,-2.2838e-02,-3.1590e-02,-3.2844e-02,-6.1933e-02,-6.7724e-02,-6.6417e-02,-7.7253e-02,-7.8546e-02,-6.6860e-02,-1.0928e-01,-6.0742e-02,-4.7230e-02,1.1035e-03,-7.5197e-03,1.5470e-02,1.7125e-02,2.4912e-02,3.6065e-02,6.4806e-02,1.0286e-01,9.7010e-02,1.0353e-01,1.2448e-01,1.3001e-01,1.1463e-01,8.5100e-02,5.2693e-02,1.0260e-01,6.8411e-02,6.2266e-02,5.1732e-02,5.7496e-02,2.8067e-02,1.3988e-02,2.7839e-04,1.8578e-02,-2.6195e-03,-1.8899e-02,-8.2174e-02,-8.1323e-02,-6.7973e-02,-6.1108e-02,-8.1308e-02,-9.3962e-02,-9.0948e-02,-7.7078e-02,-8.4064e-02,-7.9048e-02,-6.0668e-02,-4.7022e-02,-5.3514e-02,-8.0752e-02,-4.0636e-02,-1.3615e-02,-5.0288e-03,-7.4136e-03,-2.6811e-02,8.3776e-03,1.7876e-02,1.8882e-02,2.3871e-02,3.2367e-02,6.3856e-02,8.2928e-02,6.0728e-02,3.9733e-02,5.0861e-02,9.7024e-02,1.0355e-01,8.8075e-02,5.5541e-02,6.2476e-02,7.0330e-02,4.2312e-02,2.8786e-02,1.0837e-02,-1.4611e-02,-4.0396e-03,-2.4277e-02,-4.2143e-02,-5.4515e-02,-5.5321e-02,-5.1929e-02,-6.3539e-02,-9.6781e-02,-1.0045e-01,-9.0722e-02,-9.2258e-02,-1.0659e-01,-9.8120e-02,-7.8661e-02,-7.7708e-02,-6.9230e-02,-4.3837e-02,-3.4109e-02,-4.0807e-02,-4.0104e-02,-1.5132e-02
9.0271e-03,-1.4198e-02,-2.6239e-02,-1.7774e-02,-2.9516e-02,-4.7870e-02,-6.6318e-02,-8.1571e-02,-9.3510e-02,-8.5021e-02,-1.4550e-01,-1.1820e-01,-4.8939e-02,-5.8868e-02,1.4750e-02,1.0626e-02,2.2399e-02,8.9682e-03,3.2741e-02,4.6002e-02,4.8090e-02,8.8436e-02,9.8191e-02,8.5522e-02,9.0087e-02,1.0486e-01,1.2468e-01,1.1474e-01,8.2723e-02,7.5315e-02,9.4891e-02,5.0870e-02,5.4464e-02,5.2400e-02,4.1707e-02,2.1375e-02,1.7297e-02,3.6613e-03,-1.4779e-02,-3.6779e-02,-4.6774e-02,-7.3861e-02,-6.0652e-02,-3.0768e-02,-4.4761e-02,-7.0157e-02,-8.7762e-02,-9.7663e-02,-9.5474e-02,-9.8118e-02,-1.0219e-01,-7.4035e-02,-4.3452e-02,-4.1407e-02,-2.2588e-02,-2.5935e-03,-5.1030e-02,-1.0679e-02,2.7383e-03,6.0932e-03,1.2552e-02,2.8783e-02,4.8280e-02,5.0287e-02,7.9334e-02,7.3475e-02,8.7655e-02,1.0253e-01,9.4978e-02,7.7847e-02,1.0832e-01,8.3791e-02,9.0753e-02,7.0853e-02,7.5638e-02,5.4934e-02,2.8877e-02,1.5106e-02,-6.5634e-03,-1.5423e-02,-1.5112e-02,-3.8618e-02,-4.5402e-02,-6.5105e-02,-5.9867e-02,-7.0407e-02,-8.8284e-02,-1.3707e-01,-9.6436e-02,-9.0250e-02,-1.0185e-01,-1.0094e-01,-8.8815e-02,-7.4487e-02,-7.3503e-02,-5.7743e-02,-3.9702e-02,-2.9888e-02,-8.5782e-03,1.6616e-02
-1.0943e-02,-9.2337e-03,-2.1800e-02,-1.2002e-02,-4.4609e-02,-6.3680e-02,-9.3528e-02,-1.0277e-01,-9.9650e-02,-8.1841e-02,-5.8889e-02,-7.3612e-02,-6.6762e-02,-6.4770e-02,-7.0328e-02,2.0868e-02,1.4622e-02,2.3779e-03,4.0735e-02,3.3684e-02,2.3220e-02,4.2452e-02,6.5723e-02,5.1907e-02,5.4503e-02,7.3495e-02,9.7983e-02,1.1967e-01,1.0578e-01,7.3035e-02,1.2165e-01,7.4508e-02,5.4749e-02,4.6079e-02,5.8858e-02,2.6448e-02,1.6097e-02,1.5786e-02,2.9744e-03,-5.6537e-02,-3.9447e-02,-4.6083e-02,-7.2813e-02,-1.0518e-01,-6.9562e-02,-7.1573e-02,-6.8042e-02,-6.7187e-02,-9.5415e-02,-1.0964e-01,-1.0530e-01,-9.2877e-02,-7.3710e-02,-3.3873e-02,-7.3810e-03,7.5389e-04,2.8379e-03,1.4626e-02,1.7654e-02,2.5446e-02,4.2114e-02,5.5128e-02,8.8837e-02,1.0531e-01,9.9064e-02,8.5732e-02,1.1231e-01,1.1702e-01,9.3637e-02,7.7498e-02,8.8741e-02,9.3857e-02,1.0055e-01,7.7262e-02,6.7232e-02,5.8228e-02,2.9117e-02,1.8094e-02,5.6402e-04,-2.6998e-02,-1.7350e-02,-2.7303e-02,-5.1100e-02,-6.3432e-02,-7.4783e-02,-7.5348e-02,-8.5217e-02,-9.7505e-02,-1.0493e-01,-8.9360e-02,-8.7776e-02,-8.7855e-02,-8.7593e-02,-8.4717e-02,-7.1065e-02,-5.1768e-02,-2.2830e-02,-1.1628e-03,8.3151e-03,8.6958e-03
-9.1073e-03,-1.4149e-02,-9.4888e-03,-2.1576e-02,-7.2835e-02,-6.7154e-02,-6.4714e-02,-6.9806e-02,-6.8547e-02,-7.0730e-02,-4.2053e-02,-5.1722e-02,-4.9139e-02,-4.1515e-02,-6.4048e-02,-1.9834e-02,-3.8622e-03,9.1549e-03,2.2235e-02,1.2848e-02,3.0776e-02,4.7212e-02,9.0328e-02,9.4802e-02,8.4619e-02,8.2598e-02,9.4555e-02,1.1191e-01,1.1596e-01,9.2689e-02,9.6221e-02,1.1717e-01,6.4058e-02,3.9968e-02,2.8695e-02,3.7704e-02,1.6821e-02,9.6682e-03,6.5336e-03,-1.7146e-02,-3.2249e-02,-6.5133e-02,-6.2873e-02,-8.9972e-02,-9.7963e-02,-1.2487e-01,-1.1226e-01,-1.0405e-01,-8.1944e-02,-9.1641e-02,-1.0965e-01,-9.5271e-02,-9.5583e-02,-6.4767e-02,-3.8390e-02,-3.3382e-02,-5.3980e-03,3.8707e-03,8.0721e-03,3.2297e-02,5.4880e-02,6.7816e-02,8.4137e-02,9.3998e-02,8.9369e-02,8.0905e-02,8.6013e-02,8.7138e-02,1.0536e-01,1.1386e-01,6.9573e-02,8.6748e-02,9.7484e-02,7.9662e-02,5.7846e-02,5.3891e-02,2.6406e-02,2.0325e-02,9.4210e-03,-3.2915e-02,-2.1536e-02,-3.1361e-02,-5.7741e-02,-6.8782e-02,-8.9178e-02,-8.5065e-02,-8.3766e-02,-8.6742e-02,-1.1786e-01,-9.6138e-02,-8.8846e-02,-8.2646e-02,-7.6945e-02,-8.3562e-02,-8.6230e-02,-7.1358e-02,-4.0485e-02,-5.4960e-03,7.8255e-03,-6.4936e-03
5.3738e-03,-5.9146e-03,-7.0239e-03,-4.8688e-02,-6.3624e-02,-3.8228e-02,-4.8544e-02,-6.0865e-02,-5.5638e-02,-6.0019e-02,-5.1954e-02,-4.6685e-02,-3.1246e-02,-3.1878e-02,-3.3127e-02,-7.7139e-02,-5.5376e-02,7.5257e-03,2.9512e-02,5.5343e-02,6.2649e-02,6.3700e-02,8.3388e-02,1.0565e-01,1.0188e-01,9.3941e-02,8.7806e-02,9.6057e-02,1.0866e-01,9.4112e-02,6.2917e-02,9.6773e-02,8.0296e-02,4.4634e-02,2.1386e-02,7.9850e-03,-7.0230e-03,-2.7786e-03,-4.8947e-03,-1.5640e-02,-1.9580e-02,-3.4369e-02,-6.7448e-02,-9.6298e-02,-1.0395e-01,-1.0544e-01,-1.3553e-01,-1.5231e-01,-1.4526e-01,-1.1499e-01,-9.9325e-02,-1.0211e-01,-8.6115e-02,-6.4904e-02,-6.5782e-02,-6.9080e-02,-4.6878e-02,-1.8625e-02,-2.2021e-03,1.2997e-02,4.0883e-02,5.6523e-02,4.9767e-02,4.5042e-02,5.8763e-02,8.8051e-02,8.9380e-02,1.1116e-01,1.1147e-01,1.1053e-01,1.1190e-01,1.0172e-01,7.9413e-02,7.9719e-02,5.0868e-02,4.8666e-02,2.5142e-02,2.6299e-02,1.4220e-02,-2.5686e-02,-2.7623e-02,-4.9555e-02,-5.5457e-02,-8.1711e-02,-8.4721e-02,-9.6796e-02,-8.7803e-02,-8.5356e-02,-9.0096e-02,-1.2883e-01,-9.3680e-02,-9.1415e-02,-7.6311e-02,-7.1789e-02,-8.2415e-02,-8.4821e-02,-6.3257e-02,-2.6039e-02,3.3422e-03,1.1760e-02
-7.1871e-04,7.5720e-03,-2.3967e-02,-5.7602e-02,-2.8744e-02,-3.1806e-02,-4.7293e-02,-6.4327e-02,-5.5561e-02,-6.1440e-02,-6.1855e-02,-5.2468e-02,-5.6455e-02,-3.8604e-02,-6.6448e-04,-1.5680e-02,1.1575e-02,4.7636e-02,5.8616e-02,9.8695e-02,1.0390e-01,1.0067e-01,9.5041e-02,1.0653e-01,1.0972e-01,1.0317e-01,9.2258e-02,8.2240e-02,9.4204e-02,9.6863e-02,7.2456e-02,5.6853e-02,8.5555e-02,5.5882e-02,3.1805e-02,2.0633e-02,1.0397e-03,-4.2974e-02,-3.3414e-02,-3.8775e-02,-4.5208e-02,-6.5364e-02,-8.0890e-02,-8.4028e-02,-1.0038e-01,-1.1546e-01,-9.8129e-02,-9.9040e-02,-9.2922e-02,-5.9074e-02,-1.8146e-02,-2.1738e-02,-4.2919e-02,-5.3799e-02,-5.9583e-02,-3.9467e-02,-2.4233e-02,-7.1040e-03,1.7737e-02,3.7115e-02,4.3361e-02,4.1774e-02,4.6386e-02,5.6680e-02,7.1294e-02,8.7669e-02,8.6298e-02,1.2497e-01,1.2910e-01,1.1888e-01,1.1041e-01,1.0643e-01,5.4172e-02,7.9279e-02,5.0556e-02,4.7386e-02,3.2057e-02,3.8984e-02,1.0742e-02,-2.4966e-04,-2.8320e-02,-5.4923e-02,-4.8452e-02,-8.4497e-02,-7.4565e-02,-8.6900e-02,-9.1974e-02,-8.5725e-02,-8.2987e-02,-8.8908e-02,-1.0617e-01,-9.2908e-02,-9.1109e-02,-7.0001e-02,-6.4585e-02,-7.3331e-02,-7.2987e-02,-5.4431e-02,-3.1967e-02,1.0189e-02
-9.4625e-03,1.3224e-03,-4.1330e-02,-2.6908e-02,-1.5924e-02,-3.2764e-02,-4.1475e-02,-5.5490e-02,-5.6222e-02,-6.2097e-02,-7.4218e-02,-6.3821e-02,-4.7696e-02,-5.3867e-02,-2.2297e-02,-1.4302e-02,-5.8597e-03,1.6247e-02,-2.0779e-02,3.3461e-02,6.2417e-02,7.1785e-02,7.8684e-02,9.2178e-02,1.1976e-01,1.1761e-01,1.0127e-01,8.2543e-02,7.5136e-02,9.3014e-02,8.1287e-02,5.2811e-02,5.9673e-02,6.6305e-02,3.7109e-02,2.0415e-02,2.0861e-02,-1.2603e-02,-4.1628e-02,-5.9197e-02,-4.6023e-02,-5.6334e-02,-7.2860e-02,-8.3830e-02,-9.2209e-02,-7.5765e-02,-7.8994e-02,-8.3173e-02,-9.1403e-02,-7.5255e-02,-9.3341e-02,-9.2009e-02,-7.9706e-02,-8.7788e-02,-7.5724e-02,-4.5992e-02,-3.0662e-02,-1.4437e-02,6.5088e-03,2.4716e-02,3.4119e-02,4.3637e-02,6.4713e-02,8.5284e-02,9.9886e-02,1.0727e-01,9.5862e-02,1.0047e-01,8.7381e-02,8.5888e-02,9.8053e-02,8.8031e-02,6.9195e-02,7.2898e-02,5.7218e-02,4.8741e-02,3.6506e-02,2.7974e-02,5.5443e-03,1.5428e-02,-2.1474e-02,-4.3141e-02,-4.1033e-02,-7.3365e-02,-6.1808e-02,-7.3024e-02,-7.8192e-02,-8.5045e-02,-8.3333e-02,-8.1273e-02,-9.0310e-02,-1.0143e-01,-9.1234e-02,-7.3746e-02,-5.4105e-02,-4.1540e-02,-4.5945e-02,-4.7708e-02,-5.2905e-02,-2.6944e-02
-1.3543e-02,-1.6922e-02,-1.2201e-02,-1.2433e-02,-1.4825e-02,-2.6996e-02,-2.0580e-02,-2.3475e-02,-3.3614e-02,-4.0156e-02,-4.1852e-02,-6.5078e-02,-5.8335e-02,-3.6070e-02,-4.6143e-02,-3.0273e-03,1.9113e-02,-6.9402e-03,2.7821e-02,1.9006e-03,3.1387e-03,4.1733e-02,5.6511e-02,5.5226e-02,6.9154e-02,9.3802e-02,1.1312e-01,9.8427e-02,7.2041e-02,7.5252e-02,8.9741e-02,6.8990e-02,3.7186e-02,4.7515e-02,4.4975e-02,2.0223e-02,1.1429e-02,1.5149e-03,-2.5909e-02,-4.2630e-02,-6.1073e-02,-5.8056e-02,-5.8244e-02,-5.9613e-02,-6.3817e-02,-5.3723e-02,-7.6045e-02,-7.0880e-02,-7.7293e-02,-9.6406e-02,-1.2800e-01,-1.0893e-01,-8.8393e-02,-4.3142e-02,-4.4581e-02,-3.5215e-02,-2.7722e-02,-2.0088e-02,-8.5699e-03,7.5032e-03,2.0303e-02,3.5543e-02,4.8733e-02,7.1871e-02,9.4686e-02,1.0837e-01,9.8078e-02,8.6239e-02,6.6670e-02,5.9267e-02,7.6177e-02,7.5308e-02,8.7483e-02,4.3175e-02,4.2168e-02,2.7673e-02,1.1414e-02,2.7125e-03,7.3557e-03,-2.5297e-03,-1.6413e-02,-3.4724e-02,-3.7255e-02,-5.6324e-02,-5.3800e-02,-6.2267e-02,-6.9973e-02,-7.7387e-02,-9.3833e-02,-9.3676e-02,-8.5219e-02,-8.9091e-02,-9.6984e-02,-5.7720e-02,-4.7108e-02,-3.3899e-02,-1.5898e-02,-1.5117e-02,-2.8333e-02,-1.7957e-02
6.5239e-03,-5.9465e-04,7.7214e-03,-7.4167e-03,-1.5163e-02,-5.5491e-03,2.1042e-03,7.0574e-03,2.2570e-03,-2.4577e-03,1.6587e-03,-2.9753e-03,-3.3423e-02,-8.4216e-03,-5.6299e-02,-2.5754e-02,2.9783e-02,2.0899e-02,6.1413e-03,5.2620e-02,6.0225e-02,3.1771e-02,3.1118e-02,4.1766e-02,4.8104e-02,6.4476e-02,7.5340e-02,9.0784e-02,9.5909e-02,6.9110e-02,8.2934e-02,8.2079e-02,5.6433e-02,4.5047e-02,2.9228e-02,2.4136e-02,5.9473e-03,6.0355e-03,-2.1350e-02,-3.4897e-02,-4.0939e-02,-3.9964e-02,-7.0035e-02,-6.6589e-02,-5.3432e-02,-3.6169e-02,-7.9319e-02,-6.8572e-02,-5.5774e-02,-1.0144e-01,-8.9906e-02,-7.5230e-02,-7.6098e-02,-2.8231e-02,7.8526e-04,-7.0748e-02,-2.8853e-02,-1.4746e-02,-4.2304e-03,1.5829e-02,2.4263e-02,3.1173e-02,3.3984e-02,5.3234e-02,6.9310e-02,8.3413e-02,7.8996e-02,7.3399e-02,6.1371e-02,5.3981e-02,6.5287e-02,5.0166e-02,7.5137e-02,4.6231e-02,4.3342e-02,8.3792e-03,1.6892e-02,2.3375e-02,7.4498e-03,-1.2233e-02,-2.0235e-02,-2.5209e-02,-4.0937e-02,-4.6460e-02,-5.4110e-02,-5.9900e-02,-8.0152e-02,-7.8448e-02,-8.5465e-02,-9.4787e-02,-8.5013e-02,-7.5267e-02,-7.3082e-02,-8.8045e-02,-5.3555e-02,-4.6520e-02,-3.0439e-02,-5.7732e-03,-1.2875e-02,2.3360e-03
1.8369e-02,1.0021e-02,1.2010e-02,-6.1587e-03,-4.2900e-03,1.2989e-02,1.2404e-02,1.8731e-02,1.4189e-02,5.8359e-03,9.2041e-03,1.1463e-02,1.0623e-02,-1.2245e-02,-2.0011e-02,1.1656e-02,4.4051e-03,-2.8686e-02,-1.4001e-02,9.9404e-03,6.3744e-02,8.1345e-02,7.3098e-02,3.8408e-02,3.2802e-02,4.8191e-02,6.4657e-02,6.8456e-02,7.4140e-02,9.2104e-02,6.8421e-02,6.9334e-02,5.2307e-02,2.8333e-02,4.8843e-02,1.1469e-02,6.5901e-03,-2.8114e-04,-1.3791e-02,-2.8354e-02,-3.0784e-02,-2.5546e-02,-4.9244e-02,-7.5412e-02,-7.9443e-02,-6.6290e-02,-6.2066e-02,-7.8952e-02,-4.2813e-02,-8.3135e-02,-6.6596e-02,-4.2360e-02,-4.9047e-02,-6.0815e-02,-5.5239e-02,-2.5202e-02,-2.7380e-02,-1.0733e-02,1.9007e-02,1.7283e-02,4.8164e-02,6.4227e-02,3.5429e-02,3.5699e-02,4.1448e-02,5.1362e-02,5.0776e-02,5.8491e-02,6.5657e-02,6.3825e-02,6.6994e-02,3.7628e-02,5.4633e-02,4.6108e-02,5.6610e-02,2.4907e-02,3.9712e-02,3.1132e-02,4.0932e-03,-1.3156e-02,-2.7880e-02,-2.1328e-02,-3.4041e-02,-3.9065e-02,-6.1060e-02,-7.0651e-02,-9.1223e-02,-7.8369e-02,-6.4504e-02,-6.2216e-02,-6.7137e-02,-6.8038e-02,-6.2434e-02,-4.2833e-02,-6.1186e-02,-4.8090e-02,-2.9412e-02,-2.0896e-02,-8.6493e-03,8.3081e-03
1.3205e-03,5.8689e-03,4.4224e-03,-5.7412e-04,5.1843e-03,1.7440e-02,7.0171e-03,3.4582e-03,-3.8380e-03,-1.4329e-02,-1.7088e-02,-1.3434e-02,9.6459e-03,-4.0310e-03,4.0770e-02,3.7411e-02,-6.4779e-03,6.4476e-03,3.5673e-02,1.7894e-02,3.5002e-02,4.7028e-02,9.1125e-02,9.6288e-02,4.5592e-02,3.2422e-02,4.7810e-02,6.1053e-02,5.7575e-02,4.9675e-02,5.8267e-02,4.9733e-02,4.2731e-02,2.2805e-02,2.3397e-02,3.5638e-02,-1.4060e-03,-2.1658e-03,-1.0004e-02,-2.1026e-02,-1.8696e-02,-1.5895e-02,-2.9567e-02,-6.0753e-02,-5.3473e-02,-8.7585e-02,-9.1215e-02,-7.5855e-02,-4.4697e-02,-3.1894e-02,-2.9537e-02,-4.4593e-02,-2.4764e-02,-4.4635e-02,-5.4291e-02,-9.0197e-03,1.3404e-02,1.1776e-02,1.5813e-02,6.1541e-03,2.3467e-02,7.8200e-02,7.5620e-02,3.8764e-02,1.9470e-02,2.3152e-02,3.3419e-02,3.4403e-02,6.2707e-02,8.0808e-02,7.4490e-02,3.7043e-02,4.1490e-02,4.2509e-02,3.2302e-02,3.1517e-02,3.6634e-02,2.2267e-02,-1.6933e-03,-7.3497e-03,-2.0906e-02,-2.8508e-02,-3.0743e-02,-2.5411e-02,-6.1441e-02,-8.1361e-02,-8.5208e-02,-6.8213e-02,-4.8218e-02,-3.7316e-02,-4.3721e-02,-5.2405e-02,-4.1031e-02,-2.2367e-02,-2.4083e-02,-4.0851e-02,-3.9432e-02,-2.7151e-02,-2.5860e-02,2.4567e-04
-2.0100e-02,-6.0718e-03,-8.0595e-03,4.8786e-03,1.3197e-02,1.4256e-02,1.4743e-02,1.0253e-02,7.4255e-03,1.0014e-02,1.7319e-02,2.4752e-02,3.2354e-02,5.4125e-02,2.9996e-02,4.2962e-02,1.6960e-02,2.4613e-02,1.1325e-03,4.7830e-03,-2.3472e-02,8.5653e-03,3.5393e-02,8.7805e-02,1.0294e-01,5.4894e-02,1.7344e-02,1.6799e-02,1.9743e-02,7.9524e-03,3.1270e-04,1.6745e-02,4.6067e-02,2.6983e-02,6.6918e-03,2.3159e-02,1.1631e-02,-1.1249e-02,-1.9121e-02,-1.8957e-02,-1.1973e-02,-1.1343e-02,-1.5104e-02,-4.5274e-02,-3.3166e-02,-5.3948e-02,-5.5454e-02,-6.5486e-02,-4.9879e-02,-7.6768e-03,-7.1686e-03,-3.4946e-02,-6.0892e-03,-2.5908e-02,-3.0739e-02,1.8933e-03,-2.5067e-03,3.8701e-02,1.4865e-02,1.3503e-02,1.9721e-02,3.0605e-02,4.4840e-02,6.6552e-02,3.9172e-02,1.8006e-02,3.1116e-02,4.4062e-02,4.5029e-02,6.7279e-02,6.8352e-02,4.7066e-02,3.6591e-02,4.2616e-02,3.0133e-02,3.7368e-02,1.9734e-02,1.7321e-02,2.9892e-04,-5.8076e-03,-1.4400e-02,-1.6422e-02,-2.5655e-02,-1.9919e-02,-3.7423e-02,-6.3677e-02,-5.5011e-02,-4.5289e-02,-3.8481e-02,-3.4121e-02,-2.4788e-02,-2.8341e-02,-3.1160e-02,-1.4423e-02,-1.7161e-02,-2.0212e-02,-2.4767e-02,-3.4152e-02,-1.7993e-02,-2.5410e-03
-1.6311e-02,-1.5965e-03,-3.0376e-03,5.6448e-03,1.6344e-02,1.2650e-02,2.3242e-02,3.6956e-02,5.7759e-02,7.7007e-02,8.4231e-02,7.2747e-02,4.4604e-02,3.7599e-02,2.1532e-02,5.0227e-02,1.0579e-02,2.3067e-02,3.6157e-02,6.5060e-02,6.1808e-02,-2.4603e-02,-6.5540e-02,5.5355e-04,6.0271e-02,8.6029e-02,4.1565e-02,-3.0102e-02,9.5649e-03,2.5264e-02,9.9003e-03,-1.9353e-02,-2.4218e-02,4.9951e-02,2.1515e-02,9.1690e-03,1.2228e-02,-2.1730e-03,-1.1811e-02,-3.3755e-02,-2.0220e-02,-1.3340e-02,-1.4174e-02,-3.0392e-02,-2.8270e-02,-4.0592e-02,-2.7593e-02,-4.5482e-03,-5.0214e-02,-4.6582e-02,-2.3608e-03,-3.2439e-02,-1.8643e-02,-4.0997e-02,-2.3505e-02,4.4735e-03,-1.3684e-02,-2.0824e-02,1.2706e-02,-2.7816e-02,-3.7332e-02,-1.3762e-02,5.4489e-03,2.0084e-02,4.3605e-02,5.3925e-02,3.8419e-02,4.5448e-02,4.5015e-02,2.2716e-02,3.2841e-02,4.4469e-02,3.0982e-02,3.7469e-02,2.6581e-02,3.0955e-02,1.9182e-03,9.7131e-03,5.3129e-03,-9.6209e-03,-2.8184e-02,-4.0517e-02,-4.0731e-02,-4.3071e-02,-1.1975e-02,-7.7435e-03,-5.5713e-03,-1.2117e-02,-3.6837e-02,-3.6041e-02,-1.5053e-02,-8.4674e-03,-3.3096e-02,-2.6897e-02,-1.2956e-02,-3.1848e-03,5.8677e-03,-2.1869e-02,-1.8079e-03,-3.4578e-03
5.0814e-03,2.0275e-02,2.4503e-02,1.8457e-02,3.3605e-02,4.3292e-02,6.6714e-02,8.4513e-02,9.4462e-02,9.2333e-02,8.0683e-02,6.3556e-02,5.3568e-02,5.6619e-02,4.1133e-02,2.0553e-02,4.0822e-02,-4.3073e-03,2.8618e-02,2.5393e-02,6.0515e-02,8.5005e-02,1.6497e-02,-8.3395e-03,-5.9108e-02,1.7964e-02,6.6109e-02,1.1819e-02,-1.6936e-02,1.5027e-02,2.4553e-02,1.0359e-02,-8.1674e-03,-1.2304e-02,1.3610e-02,2.0553e-02,4.1564e-03,5.1878e-03,1.8636e-03,2.6673e-03,-2.1882e-02,-3.6906e-02,-1.9902e-02,-1.2867e-02,-1.6433e-02,-1.4898e-02,-6.4191e-03,5.4584e-03,-3.0095e-02,-2.8565e-02,-2.2251e-02,-1.5726e-02,-2.0655e-02,6.1841e-03,3.8980e-03,-6.6195e-03,-3.8985e-04,-1.2053e-02,4.3747e-03,1.1076e-02,-1.0611e-02,-2.5010e-02,-4.0631e-02,-1.7764e-03,1.7689e-02,2.9460e-02,3.8541e-02,4.2656e-03,-7.0950e-03,-2.0399e-03,1.8356e-03,2.5650e-02,2.9164e-02,2.0635e-02,1.3600e-02,-8.2861e-04,-8.6347e-03,-5.0363e-03,8.3851e-03,1.2214e-02,-4.5352e-03,-2.1477e-02,-1.9876e-02,-2.3167e-02,-1.8715e-02,8.3606e-03,3.7341e-02,1.5328e-02,-2.3045e-02,-3.8383e-02,-2.0346e-02,-3.7529e-03,-1.8523e-02,-4.1862e-02,-1.5935e-02,1.3768e-02,2.2831e-02,1.9207e-02,-2.2192e-03,1.3180e-03
2.9978e-03,3.1663e-02,4.4994e-02,3.4842e-02,1.9088e-02,3.9023e-02,6.5905e-02,7.5104e-02,7.2187e-02,6.6528e-02,5.8223e-02,5.0897e-02,5.6332e-02,5.1839e-02,7.2869e-02,4.8886e-02,6.5507e-02,3.7817e-02,6.1084e-03,-2.1220e-02,-5.3764e-02,-1.6571e-02,4.7166e-02,1.4785e-02,8.3213e-04,-6.8915e-03,-4.9275e-02,4.0303e-02,3.0113e-02,-8.9141e-03,6.1902e-03,1.3155e-02,1.9640e-04,-5.8736e-03,-3.6206e-03,-3.0207e-02,2.8360e-02,8.1860e-03,8.2565e-03,1.2436e-02,1.0372e-02,-7.9470e-03,-2.1294e-02,-1.8106e-02,3.9831e-03,2.4198e-02,1.2955e-02,4.7588e-03,-8.2881e-03,9.0576e-03,-1.7545e-04,2.3944e-02,-2.3234e-02,7.8088e-03,7.8080e-03,-8.7745e-03,1.3759e-02,-9.1028e-03,-5.0341e-03,1.9143e-02,2.9192e-03,-9.2241e-03,-1.5073e-02,-2.8222e-02,-1.7698e-02,-1.0861e-02,-5.3452e-03,1.4065e-02,-1.1739e-02,-3.2111e-02,-3.6915e-02,-2.5205e-02,1.5679e-02,-4.5343e-03,-1.7853e-03,-2.1856e-02,-8.5524e-03,-1.3331e-02,-4.2640e-03,1.3624e-02,1.9161e-02,9.5349e-03,7.5354e-03,1.5736e-02,-8.1645e-03,9.5284e-03,1.0260e-02,3.3960e-02,1.2018e-03,-2.7991e-02,-2.5679e-02,-5.9147e-03,-2.5091e-03,-1.7510e-02,-1.4782e-02,1.0849e-02,1.9843e-02,2.6090e-02,1.8138e-02,2.2614e-02
-6.8369e-03,6.3123e-03,4.4438e-02,5.3854e-02,4.6219e-02,4.1361e-02,4.4951e-02,5.3737e-02,5.9158e-02,6.0202e-02,6.7008e-02,7.7882e-02,8.0672e-02,6.6997e-02,7.9151e-02,5.3957e-02,5.3436e-02,6.2076e-02,1.4433e-02,2.5473e-02,2.6755e-02,-2.5197e-02,-2.6521e-02,-5.5612e-02,-1.0890e-02,-8.7480e-03,-1.4990e-03,-1.1326e-02,-2.6451e-02,3.6801e-02,-8.2048e-03,-7.2638e-03,-2.3278e-03,-9.2416e-03,-8.0921e-03,-9.5169e-03,-4.1810e-02,9.7803e-03,3.0543e-02,1.9946e-02,2.0345e-02,1.3486e-02,1.5511e-02,2.2413e-02,1.5891e-02,4.8111e-02,2.7501e-02,1.4828e-02,1.0685e-02,3.4402e-02,1.2887e-02,2.5708e-02,1.9189e-02,-3.1265e-03,1.0947e-02,1.9405e-02,4.2911e-04,-1.7681e-02,-1.0584e-02,-9.1739e-04,2.9485e-02,-2.5358e-03,-1.4992e-02,-2.2621e-02,-3.0234e-02,-5.3745e-02,-3.2765e-02,-7.6513e-03,-2.0126e-03,-1.4352e-02,-3.1609e-02,-5.6117e-02,-3.8659e-02,-1.6880e-02,-1.2830e-02,-1.8860e-02,-4.7353e-03,-1.5183e-02,-6.8027e-03,2.3677e-03,1.5035e-02,1.8553e-02,1.7035e-02,3.5102e-02,5.2369e-03,1.8512e-02,-3.3546e-03,5.9283e-03,3.7717e-02,5.4088e-03,-1.1667e-02,-1.5155e-03,1.6860e-02,2.7171e-02,1.5941e-02,1.2176e-03,-6.3538e-03,7.5339e-03,1.6576e-02,2.6595e-02
1.2252e-03,3.3472e-03,1.1520e-02,5.0203e-02,6.3061e-02,5.8622e-02,5.0583e-02,4.8761e-02,6.1724e-02,8.1070e-02,9.7487e-02,1.0557e-01,1.0026e-01,7.8060e-02,8.0473e-02,6.1416e-02,5.0266e-02,5.0629e-02,2.5434e-02,-2.9525e-03,-1.6859e-02,-1.9016e-03,-2.2043e-03,-8.7401e-03,-2.0479e-02,-7.7743e-02,-4.3901e-02,-1.2996e-02,-1.4078e-02,-3.9619e-02,1.7862e-02,-1.0429e-02,-1.7182e-02,-1.9086e-02,-1.4862e-02,-1.1659e-02,-4.0271e-03,-3.8907e-02,-5.1152e-03,2.9227e-02,4.5704e-02,2.7880e-02,3.5277e-02,4.7878e-02,3.8282e-02,3.3234e-02,-2.3371e-03,2.2303e-02,3.7357e-02,5.0370e-02,3.1397e-02,2.7084e-02,3.7557e-02,4.2775e-02,4.9779e-02,1.3484e-02,-1.9411e-03,-1.6063e-02,-2.2529e-02,-1.1878e-02,5.8278e-03,3.0253e-02,4.7363e-05,-1.0200e-02,-1.6561e-02,-3.5969e-02,-4.8699e-02,-2.3858e-02,-1.3798e-02,-7.2530e-03,-1.2103e-02,-3.1528e-02,-5.3492e-02,-3.9097e-02,-2.3607e-02,-1.4138e-02,-3.3333e-03,-1.3105e-02,-2.5581e-03,-2.2391e-03,1.1108e-02,2.0711e-02,2.2471e-02,3.5809e-02,2.1665e-02,2.5304e-02,1.2977e-02,1.1531e-02,4.2751e-02,7.2447e-02,3.1500e-02,1.8997e-02,3.7652e-02,5.1442e-02,4.0827e-02,1.3921e-02,-1.9738e-02,-2.7463e-02,-2.7367e-02,-1.6760e-02
9.0728e-03,4.8391e-03,1.0075e-02,2.5240e-02,5.8429e-02,7.2375e-02,8.1131e-02,8.3635e-02,8.5574e-02,9.8762e-02,1.0757e-01,1.0953e-01,1.0646e-01,9.3084e-02,9.1172e-02,8.1743e-02,7.3558e-02,6.6087e-02,3.4703e-02,2.5050e-02,-1.3780e-02,-3.2593e-02,-3.9212e-02,-3.5858e-02,-3.9155e-03,-1.4102e-02,-2.6927e-02,-1.2235e-01,-6.4060e-02,-3.8631e-02,-5.5146e-02,-1.8055e-02,-1.0428e-02,-2.2295e-02,-3.5265e-02,-2.0244e-03,3.6249e-03,-1.0304e-02,-1.3320e-02,-4.2723e-03,1.0950e-02,5.1317e-02,5.0067e-02,5.0637e-02,3.6484e-02,1.9269e-02,4.0223e-02,4.1141e-02,5.2667e-02,3.9838e-02,4.3814e-02,4.2716e-02,4.6205e-02,3.3540e-02,3.0540e-02,2.3073e-02,2.4616e-02,8.7757e-03,-3.1228e-03,-2.6081e-02,-2.3745e-02,4.5939e-03,4.2045e-03,-6.1108e-03,5.1704e-03,2.3250e-03,-4.3396e-02,-7.3870e-02,-6.5651e-02,-2.9812e-02,-2.5080e-02,-2.7590e-02,-2.6344e-02,-4.1511e-02,-3.2015e-02,-1.8338e-02,-3.8457e-03,-1.1277e-02,6.2783e-03,-4.4706e-03,9.1869e-03,2.4067e-02,2.9365e-02,2.9510e-02,4.0337e-02,3.8601e-02,3.5376e-02,3.7200e-02,6.1587e-02,9.0500e-02,8.4257e-02,3.7825e-02,3.2683e-02,3.0656e-02,2.6164e-02,1.4867e-02,6.6638e-03,4.4598e-03,-4.6798e-03,3.3548e-03
1.2765e-02,9.3783e-03,1.6661e-02,2.6243e-02,5.1238e-02,8.9803e-02,1.1069e-01,1.1263e-01,1.0122e-01,9.2795e-02,1.0146e-01,1.0446e-01,9.7395e-02,8.8518e-02,1.0036e-01,1.1228e-01,5.0707e-02,4.9814e-02,6.1753e-02,3.3242e-02,1.8589e-02,-1.0898e-02,-4.1474e-02,-5.0470e-02,-7.0200e-02,-6.5487e-02,-5.3452e-02,-1.0077e-02,-3.6853e-02,-1.0005e-01,-7.4513e-02,-7.1141e-02,-5.1107e-02,-1.1549e-02,-3.4426e-02,-2.3319e-02,2.2099e-02,1.7624e-02,-6.0001e-03,4.2179e-03,1.0501e-02,9.5144e-03,3.8290e-02,7.6994e-02,5.7473e-02,3.5844e-02,5.0302e-02,6.7017e-02,6.1851e-02,7.7771e-02,6.6815e-02,3.4837e-02,1.6947e-02,1.2825e-02,6.6309e-03,8.0984e-03,1.1336e-02,1.5518e-02,1.9296e-02,-1.6418e-02,-4.2926e-02,-5.0721e-02,-2.3705e-02,-5.2045e-02,-5.7035e-02,-4.3053e-02,-4.1129e-02,-7.1810e-02,-9.8146e-02,-8.9017e-02,-4.9165e-02,-5.2485e-02,-5.1315e-02,-3.7227e-02,-1.2682e-02,-3.5979e-02,-1.0351e-02,-1.6296e-02,1.3199e-02,-3.0437e-03,6.3194e-03,2.4442e-02,3.5001e-02,3.0678e-02,5.6397e-02,5.5154e-02,5.8041e-02,4.9399e-02,5.9275e-02,7.2999e-02,7.0050e-02,7.3346e-02,3.9998e-02,1.6304e-02,1.2611e-02,2.5970e-02,4.5126e-02,5.1689e-02,4.5052e-03,-1.2880e-02
1.2190e-02,2.2669e-02,1.3143e-02,3.8881e-02,5.0261e-02,8.0066e-02,1.0231e-01,1.0294e-01,9.8392e-02,9.5400e-02,8.7411e-02,7.9364e-02,7.5979e-02,7.8845e-02,9.3700e-02,8.2076e-02,5.3391e-02,4.1909e-02,3.5133e-02,5.7954e-02,1.7751e-02,1.0825e-02,-1.0813e-02,-4.0680e-02,-6.6258e-02,-8.6817e-02,-8.7867e-02,-8.3900e-02,-5.9822e-02,-2.6179e-02,-7.4406e-02,-6.7583e-02,-7.0982e-02,-4.3973e-02,-2.2324e-02,-2.4936e-02,2.3121e-03,1.8934e-02,2.8288e-02,3.4533e-02,3.2662e-02,2.4624e-02,3.3352e-02,4.3895e-02,8.8504e-02,5.4355e-02,6.3281e-02,6.9792e-02,5.2786e-02,5.5687e-02,6.4728e-02,5.8036e-02,3.8017e-02,1.6007e-02,8.7258e-04,7.0816e-03,6.7728e-03,9.0811e-03,6.0219e-05,4.7907e-05,-3.2126e-02,-7.2583e-02,-8.0134e-02,-8.6202e-02,-8.8311e-02,-7.0588e-02,-6.4641e-02,-6.0814e-02,-6.6987e-02,-9.1863e-02,-8.5553e-02,-4.9401e-02,-8.4684e-02,-4.8721e-02,-3.1523e-02,-3.4957e-02,-2.9230e-02,-2.8583e-02,5.1753e-03,3.1275e-03,6.5330e-03,2.1452e-02,3.7430e-02,4.4514e-02,6.6539e-02,6.2532e-02,7.0151e-02,5.3432e-02,5.2916e-02,5.9447e-02,6.2076e-02,7.4678e-02,6.9604e-02,5.3099e-02,5.1296e-02,7.5395e-02,5.3286e-02,3.4680e-02,7.7377e-03,-1.6023e-02
8.0286e-03,2.8985e-02,2.4390e-02,4.4525e-02,6.3905e-02,4.8529e-02,6.1640e-02,8.5899e-02,1.0317e-01,9.5903e-02,6.9074e-02,6.7946e-02,9.3816e-02,1.1216e-01,7.9128e-02,5.9811e-02,5.9694e-02,4.7714e-02,3.5025e-02,2.3157e-02,2.8493e-02,1.2043e-02,4.0189e-04,-1.9317e-02,-3.9986e-02,-6.9018e-02,-7.0728e-02,-8.7012e-02,-1.0644e-01,-8.0763e-02,-4.1551e-02,-7.6713e-02,-6.2914e-02,-4.5232e-02,-3.5459e-02,-1.3597e-02,-2.2749e-03,-5.7963e-03,1.4734e-02,4.4033e-02,3.5153e-02,5.0260e-02,4.6587e-02,4.7662e-02,5.4651e-02,8.3111e-02,1.0011e-01,9.8696e-02,6.5063e-02,6.9431e-02,8.4241e-02,8.4215e-02,8.2743e-02,7.8865e-02,6.1017e-02,2.2123e-02,8.7112e-04,9.5006e-03,-1.0761e-02,-2.9875e-03,-7.0024e-03,-3.4031e-02,-5.9509e-02,-7.4001e-02,-9.5718e-02,-8.6607e-02,-7.3358e-02,-7.5596e-02,-7.1294e-02,-6.7379e-02,-8.8503e-02,-8.2744e-02,-4.3653e-02,-7.0787e-02,-5.1059e-02,-4.2154e-02,-3.7778e-02,-2.8094e-02,-6.4080e-03,1.5185e-02,1.3489e-02,2.1607e-02,3.5771e-02,6.1297e-02,6.6497e-02,5.6303e-02,7.3689e-02,6.2843e-02,6.0160e-02,5.9318e-02,6.6552e-02,8.3198e-02,7.3005e-02,6.9229e-02,7.2619e-02,7.3126e-02,2.5003e-02,2.2146e-02,1.0817e-02,-1.3379e-03
-2.6294e-03,2.7307e-02,3.7481e-02,4.4770e-02,7.5143e-02,5.5787e-02,3.8574e-02,7.0485e-02,9.4925e-02,8.4839e-02,8.2008e-02,1.0066e-01,1.1655e-01,9.3985e-02,7.6728e-02,6.1997e-02,5.2675e-02,5.6724e-02,4.3482e-02,1.6187e-02,-3.2003e-03,2.9792e-03,-8.9144e-04,-1.0705e-02,-3.1751e-02,-5.5846e-02,-8.0406e-02,-6.2588e-02,-1.0739e-01,-1.1447e-01,-5.3461e-02,-3.8716e-02,-7.2378e-02,-5.5512e-02,-5.4689e-02,-2.4675e-02,-1.1141e-02,-1.7756e-02,1.8990e-02,4.2858e-02,4.0058e-02,5.4255e-02,6.4185e-02,5.8072e-02,6.7317e-02,8.3646e-02,1.1762e-01,1.2030e-01,1.1128e-01,1.0721e-01,9.8000e-02,9.2746e-02,9.3715e-02,9.7445e-02,9.5309e-02,7.0735e-02,2.4166e-02,2.5989e-02,-3.7521e-03,-2.5338e-02,-1.8114e-02,-2.0416e-02,-4.3625e-02,-6.0281e-02,-6.6632e-02,-1.0737e-01,-1.0180e-01,-8.5575e-02,-8.2931e-02,-8.1193e-02,-7.3957e-02,-8.6324e-02,-8.5085e-02,-5.9941e-02,-4.1721e-02,-1.9800e-02,-3.0591e-02,-1.8647e-02,-1.1283e-02,3.4993e-02,2.3427e-02,3.0854e-02,3.4494e-02,7.0431e-02,5.9591e-02,5.1873e-02,7.5456e-02,7.9441e-02,8.0193e-02,7.5395e-02,8.0745e-02,9.6179e-02,9.4024e-02,9.3679e-02,8.1188e-02,5.4053e-02,1.5402e-02,1.7479e-02,9.5477e-03,1.3138e-02
-1.4318e-02,9.3434e-03,3.2235e-02,4.0338e-02,5.9688e-02,5.7645e-02,4.6663e-02,5.6760e-02,7.6935e-02,9.6026e-02,1.2308e-01,1.1826e-01,9.5958e-02,8.2084e-02,7.3027e-02,6.6507e-02,5.7975e-02,5.8056e-02,4.9370e-02,1.8503e-02,-5.8078e-03,-2.1337e-02,-1.6627e-02,-3.1170e-02,-3.0400e-02,-4.6820e-02,-6.9701e-02,-6.2405e-02,-7.5213e-02,-1.1720e-01,-9.2785e-02,-4.1330e-02,-2.0422e-02,-8.4174e-02,-2.9956e-02,-6.3421e-03,-1.3026e-02,-1.3547e-02,1.8571e-02,3.6787e-02,6.2027e-02,6.9724e-02,9.2290e-02,8.2504e-02,9.6876e-02,1.0792e-01,7.8740e-02,9.0771e-02,1.1405e-01,1.1529e-01,8.7608e-02,8.5069e-02,8.5004e-02,8.1881e-02,8.1448e-02,7.9429e-02,5.5221e-02,-1.5814e-03,-1.5323e-02,-4.1468e-02,-4.6773e-02,-3.7375e-02,-3.8871e-02,-6.3195e-02,-7.4019e-02,-8.2932e-02,-1.2855e-01,-1.1583e-01,-9.2272e-02,-8.8064e-02,-8.8757e-02,-7.3467e-02,-8.0630e-02,-8.9873e-02,-5.1236e-02,-1.7366e-02,-3.0146e-02,1.7633e-03,-8.5276e-03,3.0603e-02,3.7308e-02,4.2359e-02,4.2618e-02,6.7611e-02,6.2442e-02,6.1935e-02,7.9289e-02,1.0433e-01,1.1254e-01,1.0978e-01,1.0639e-01,1.1326e-01,1.0942e-01,9.2827e-02,5.5268e-02,3.3518e-02,2.1099e-02,2.7264e-02,2.2512e-02,1.5508e-02
9.2674e-04,-9.7592e-03,2.6156e-02,6.2045e-02,6.4923e-02,7.5842e-02,8.1040e-02,7.3429e-02,9.1169e-02,1.1630e-01,1.1222e-01,9.9467e-02,8.4849e-02,7.3445e-02,6.9486e-02,7.0029e-02,6.3700e-02,5.8018e-02,5.0427e-02,1.6041e-02,-1.8320e-03,-2.3164e-02,-2.6940e-02,-3.1971e-02,-5.3401e-02,-5.3364e-02,-5.9185e-02,-4.2096e-02,-4.5942e-02,-8.5398e-02,-9.3453e-02,-7.7345e-02,-4.9075e-02,-2.7602e-02,-6.7351e-02,-3.4184e-02,-5.2688e-04,1.2893e-02,1.9401e-02,6.6783e-03,6.7802e-02,9.6733e-02,1.0419e-01,9.6008e-02,9.9925e-02,8.4946e-02,7.5704e-02,7.0221e-02,8.6580e-02,9.2394e-02,6.9185e-02,6.3861e-02,5.8584e-02,4.2940e-02,3.8330e-02,3.4085e-02,1.6334e-02,-1.0747e-02,-8.9764e-03,-4.4103e-02,-6.5413e-02,-7.2174e-02,-6.4926e-02,-6.4031e-02,-8.2635e-02,-7.9548e-02,-9.4353e-02,-1.3674e-01,-1.1929e-01,-9.3933e-02,-9.1079e-02,-8.8085e-02,-6.5928e-02,-7.4253e-02,-1.0433e-01,-4.4822e-02,-1.8532e-02,-2.2107e-02,-5.5099e-03,-1.5101e-04,3.7889e-02,4.3575e-02,5.8158e-02,6.0147e-02,6.9942e-02,7.9099e-02,8.9377e-02,1.2413e-01,1.2491e-01,1.2078e-01,1.0432e-01,9.5457e-02,7.9200e-02,4.8650e-02,2.7049e-02,3.2271e-02,3.7230e-02,3.5420e-02,2.5712e-02,6.4202e-03
1.9773e-02,1.8414e-02,1.6298e-02,3.6958e-02,5.3537e-02,8.0676e-02,1.0209e-01,9.4591e-02,9.5224e-02,8.2803e-02,8.2952e-02,7.9228e-02,7.2610e-02,6.7206e-02,6.6616e-02,6.7822e-02,6.8603e-02,6.6387e-02,5.7287e-02,3.1069e-02,9.2684e-03,-1.8870e-02,-3.9346e-02,-2.9944e-02,-4.4665e-02,-6.2022e-02,-5.7712e-02,-6.8190e-02,-5.8132e-02,-5.3905e-02,-7.3996e-02,-9.7896e-02,-6.7425e-02,-5.6077e-02,-2.8844e-02,-6.8644e-02,-8.0050e-03,1.3035e-02,3.2473e-02,4.1232e-02,2.1415e-02,2.5528e-02,6.3321e-02,1.0897e-01,8.3411e-02,9.3503e-02,9.7990e-02,9.1667e-02,9.1840e-02,1.0018e-01,9.0935e-02,8.4188e-02,5.3621e-02,1.7112e-02,9.0339e-03,6.1335e-03,-1.1781e-02,-8.2100e-03,1.4353e-02,-3.9412e-03,-4.0350e-02,-7.0375e-02,-8.3620e-02,-7.9978e-02,-7.8094e-02,-8.9406e-02,-7.5528e-02,-9.4822e-02,-1.3409e-01,-1.1748e-01,-9.2134e-02,-8.8129e-02,-8.2761e-02,-5.6225e-02,-7.2778e-02,-7.8597e-02,-2.2853e-02,-2.3179e-02,5.3649e-03,-6.2458e-03,2.6800e-02,4.2989e-02,6.8487e-02,6.2724e-02,7.3000e-02,9.9263e-02,1.0518e-01,1.0106e-01,1.0659e-01,1.0996e-01,9.0795e-02,6.9400e-02,5.9678e-02,4.6636e-02,7.3033e-02,5.3478e-02,3.8928e-02,2.0561e-02,4.7554e-03,-1.9603e-02
2.2138e-02,2.7444e-02,1.6110e-02,1.2800e-02,6.6109e-03,5.3480e-02,9.6613e-02,8.1790e-02,6.7261e-02,5.0940e-02,5.6052e-02,6.2371e-02,6.3967e-02,6.2663e-02,6.4052e-02,7.0368e-02,7.4995e-02,3.5878e-02,3.0969e-02,3.7053e-02,2.4967e-02,7.0148e-03,-2.3294e-02,-4.3577e-02,-4.0044e-02,-5.9364e-02,-5.3243e-02,-7.5656e-02,-7.3756e-02,-5.5088e-02,-6.9404e-02,-8.6499e-02,-1.0622e-01,-6.5541e-02,-1.4765e-02,-5.0668e-02,-3.2661e-02,8.3828e-03,6.0642e-03,2.1705e-02,2.9784e-02,3.8272e-02,4.1647e-02,6.5037e-02,8.3447e-02,1.0112e-01,1.0638e-01,1.0267e-01,1.0263e-01,1.0335e-01,9.8726e-02,9.3062e-02,6.8918e-02,4.8699e-02,3.7419e-02,5.7783e-03,1.5781e-02,-7.4875e-03,-6.2172e-03,3.8515e-04,-8.9575e-03,-2.9121e-02,-6.7553e-02,-9.0218e-02,-9.0270e-02,-8.7230e-02,-8.9641e-02,-7.0470e-02,-8.9771e-02,-1.2616e-01,-1.1117e-01,-8.4644e-02,-8.2913e-02,-7.1043e-02,-4.8494e-02,-8.4845e-02,-5.9053e-02,-1.9786e-02,-1.6729e-02,1.6492e-04,6.1616e-03,3.5218e-02,5.3764e-02,7.4111e-02,7.5317e-02,1.2065e-01,1.0376e-01,7.5754e-02,9.3989e-02,1.0302e-01,9.2071e-02,7.7630e-02,6.7292e-02,9.7418e-02,1.0344e-01,6.1726e-02,5.7177e-02,4.1943e-02,1.7927e-02,-8.1552e-03
-5.2834e-02,9.2706e-03,4.0694e-02,-2.8348e-03,9.9604e-03,2.6334e-02,3.2931e-02,5.6446e-02,5.7422e-02,4.0303e-02,3.9411e-02,5.0343e-02,5.7285e-02,6.2134e-02,7.1704e-02,8.1178e-02,5.1341e-02,9.6958e-03,-9.2087e-04,1.3745e-02,1.6852e-02,2.4368e-02,2.0894e-03,-3.1557e-02,-3.4477e-02,-3.7595e-02,-4.3989e-02,-6.5900e-02,-6.3381e-02,-5.4450e-02,-4.1244e-02,-7.6562e-02,-6.1384e-02,-7.9775e-02,-1.0365e-02,9.9963e-03,-4.6767e-02,-2.3457e-03,-7.0154e-03,3.1655e-02,5.3590e-02,4.3392e-02,6.5495e-02,6.2606e-02,8.4851e-02,9.9923e-02,1.0933e-01,1.1267e-01,9.9756e-02,9.2871e-02,8.3635e-02,8.4310e-02,8.6793e-02,7.1668e-02,5.5595e-02,4.1244e-02,3.0552e-02,1.2440e-02,-2.9901e-02,-2.9572e-02,-2.2885e-02,-2.3666e-02,-2.9593e-02,-6.4047e-02,-9.3454e-02,-9.7554e-02,-9.4110e-02,-8.7154e-02,-6.5308e-02,-8.0682e-02,-1.1017e-01,-9.7657e-02,-7.4418e-02,-6.6056e-02,-5.1678e-02,-5.8377e-02,-6.0132e-02,-2.0188e-02,-3.2268e-02,2.8631e-02,6.0386e-03,3.0704e-02,4.2083e-02,7.4935e-02,8.6074e-02,1.0815e-01,9.7651e-02,8.4857e-02,7.7191e-02,9.4986e-02,1.0641e-01,1.0652e-01,9.9328e-02,1.2027e-01,7.3129e-02,5.6867e-02,5.9576e-02,5.0534e-02,1.4819e-02,2.2881e-03
2.0804e-03,-4.4576e-02,-1.0115e-02,3.6342e-02,3.0171e-02,-9.5454e-03,2.0435e-02,2.1091e-02,5.6531e-02,5.7460e-02,4.9036e-02,5.2284e-02,6.3766e-02,6.8041e-02,5.3141e-02,3.6664e-02,2.5112e-02,3.4151e-03,-7.0222e-03,9.1448e-03,1.3380e-02,2.6607e-02,3.1193e-02,-8.1409e-03,-4.1076e-02,3.3004e-04,-2.5118e-02,-4.7367e-02,-4.2159e-02,-4.0234e-02,-3.2663e-02,-4.0109e-02,-4.5409e-02,-4.7214e-02,-4.7127e-02,1.0465e-02,2.9468e-03,1.8066e-02,2.0223e-02,5.1678e-02,6.4439e-02,5.2465e-02,7.5979e-02,8.1150e-02,7.2741e-02,1.0183e-01,8.4403e-02,9.3795e-02,1.0298e-01,8.5000e-02,7.4626e-02,7.7393e-02,8.6629e-02,7.9127e-02,5.5443e-02,4.8487e-02,4.2708e-02,3.1054e-02,-1.8244e-02,-4.7887e-02,-4.8266e-02,-5.0360e-02,-4.9188e-02,-4.0120e-02,-5.8126e-02,-9.0923e-02,-1.0289e-01,-1.0091e-01,-8.5063e-02,-5.8968e-02,-6.7399e-02,-8.4151e-02,-8.1315e-02,-4.9029e-02,-4.0633e-02,-3.2691e-02,-4.6029e-02,-2.5819e-02,-2.7809e-02,1.2311e-03,3.4755e-02,2.8070e-02,4.0718e-02,5.4399e-02,8.7795e-02,6.8672e-02,8.7271e-02,9.8011e-02,7.2931e-02,7.5277e-02,1.0909e-01,1.0056e-01,1.1339e-01,9.5843e-02,4.7845e-02,5.7092e-02,5.7135e-02,3.9732e-02,2.1187e-03,-8.2301e-03
1.4145e-02,5.9383e-02,2.5219e-02,1.8474e-04,1.9548e-02,1.9200e-02,2.6048e-02,4.5686e-03,1.0162e-02,2.6609e-02,2.9732e-02,2.5920e-02,2.2081e-02,1.6955e-02,1.1019e-02,7.5514e-03,5.1655e-03,-5.1921e-03,-1.8667e-02,-1.2454e-02,1.2539e-02,8.9144e-03,9.7266e-03,1.9712e-02,1.6149e-03,-2.7003e-03,-1.9264e-02,-3.4880e-02,-3.6408e-02,-3.8752e-02,-3.3987e-02,-2.7250e-02,-1.3488e-02,-2.9754e-02,-9.0565e-02,-3.6265e-02,5.5364e-04,-1.0014e-02,1.1359e-02,3.1518e-02,6.9706e-02,5.3261e-02,6.5010e-02,8.5655e-02,8.3640e-02,1.0337e-01,8.0941e-02,6.8809e-02,8.2510e-02,8.5142e-02,7.1024e-02,6.6154e-02,7.0151e-02,6.8610e-02,4.7716e-02,3.9230e-02,3.2835e-02,1.5485e-02,1.2756e-02,-3.0920e-02,-4.5273e-02,-6.2516e-02,-7.8099e-02,-8.1129e-02,-6.4365e-02,-5.8855e-02,-8.3022e-02,-1.0604e-01,-1.0748e-01,-8.5943e-02,-5.5894e-02,-6.4893e-02,-7.5631e-02,-7.0327e-02,-3.9972e-02,-2.0601e-02,-9.3547e-03,-3.8387e-02,1.3947e-02,-1.5617e-02,5.1592e-02,4.2357e-02,5.1221e-02,3.3674e-02,7.4951e-02,5.8725e-02,7.0503e-02,9.8882e-02,8.7300e-02,5.8041e-02,8.6296e-02,6.4605e-02,8.2133e-02,5.5398e-02,4.4622e-02,5.4790e-02,4.8221e-02,1.2223e-02,-1.6872e-03,-1.0444e-02
5.1576e-03,8.8179e-03,1.2679e-02,3.5272e-02,2.3401e-02,2.8219e-02,1.3257e-02,1.7937e-02,2.1757e-02,1.9214e-02,-1.0247e-03,-2.4105e-02,-2.2378e-02,-1.2358e-02,-3.8198e-03,4.0276e-03,9.2084e-03,5.7470e-03,-9.2276e-03,-1.4932e-02,4.1665e-03,-2.3298e-02,-2.9867e-02,-7.4750e-03,-1.0170e-02,-4.1167e-02,-3.0485e-02,-2.0033e-02,-2.8515e-02,-3.4822e-02,-1.8427e-02,1.3576e-03,1.1813e-02,2.0102e-02,2.4293e-03,-5.2206e-02,2.9213e-02,-2.4787e-02,-8.2491e-03,6.7701e-03,3.7851e-02,6.8634e-02,5.4502e-02,7.9930e-02,8.2066e-02,6.1782e-02,9.8224e-02,6.6364e-02,6.0772e-02,7.6211e-02,7.0259e-02,5.9017e-02,4.8989e-02,4.0615e-02,2.9158e-02,1.8577e-02,1.6667e-02,-1.0672e-02,7.4199e-03,-4.2700e-03,-1.8367e-02,-4.5573e-02,-7.1385e-02,-8.5917e-02,-8.5095e-02,-6.7344e-02,-6.2407e-02,-7.5439e-02,-1.0303e-01,-1.0639e-01,-8.3588e-02,-5.7127e-02,-7.9172e-02,-7.6836e-02,-7.3707e-02,-2.7750e-02,5.2196e-03,-2.7645e-03,2.9755e-02,2.4465e-03,3.8060e-02,4.4494e-02,5.3194e-02,3.9051e-02,5.4783e-02,5.9440e-02,5.1523e-02,8.8825e-02,9.0922e-02,8.4816e-02,5.4231e-02,4.4274e-02,3.3589e-02,3.2233e-02,4.4303e-02,4.3323e-02,2.1116e-02,8.2143e-03,6.4284e-03,4.8118e-03
1.8075e-02,-3.1375e-03,-8.1183e-03,5.8091e-03,-1.1251e-02,1.1328e-02,7.7978e-03,-1.1737e-02,-1.1059e-02,1.1737e-02,1.7795e-03,-4.6938e-03,-1.0401e-02,-1.6323e-02,-1.7938e-02,-8.8672e-03,2.5298e-03,6.0554e-03,-3.4016e-03,-1.1544e-02,-1.5524e-03,-2.1831e-02,-2.1124e-02,-1.5127e-02,4.5351e-03,1.5116e-02,-1.2365e-03,4.2087e-02,3.5700e-02,9.6469e-03,-5.2540e-04,-4.3522e-03,-1.3659e-02,2.1619e-02,2.2725e-02,4.3486e-03,-1.6765e-02,1.4161e-03,6.4699e-03,1.6629e-02,3.0348e-02,6.0958e-02,5.7552e-02,5.9860e-02,7.0428e-02,4.6936e-02,7.5283e-02,8.2074e-02,6.0676e-02,6.4340e-02,6.7357e-02,5.4177e-02,3.9241e-02,2.9919e-02,2.6321e-02,-9.4825e-03,-5.4512e-03,-1.3569e-02,-6.5776e-03,-9.7847e-03,-2.0492e-02,-2.0411e-02,-4.0930e-02,-6.2079e-02,-7.2741e-02,-7.1146e-02,-5.4856e-02,-5.5567e-02,-6.6352e-02,-8.8735e-02,-8.7584e-02,-6.9729e-02,-4.4537e-02,-6.6975e-02,-7.3226e-02,-4.2536e-02,-8.8712e-03,-7.0844e-03,1.8552e-02,2.8968e-02,1.6013e-02,2.5226e-02,5.0732e-02,5.9529e-02,3.1271e-02,5.2910e-02,4.8047e-02,6.3428e-02,9.2261e-02,1.0791e-01,5.7106e-02,5.7292e-02,2.8641e-02,3.6780e-02,4.4502e-02,2.3916e-02,-8.9898e-04,6.3814e-03,2.7881e-02,2.1676e-02
1.5597e-02,-1.2035e-02,-3.7587e-02,-1.3034e-02,-1.5692e-02,-3.8019e-03,-9.3500e-03,-1.1739e-02,-5.3534e-04,7.6789e-03,5.3569e-03,9.8047e-03,-3.4414e-03,-6.9493e-03,-4.1429e-03,-4.3237e-03,7.3219e-04,1.4611e-02,2.2124e-02,1.3674e-02,4.7063e-03,2.7498e-03,-1.5821e-02,1.2461e-04,3.3482e-02,5.8929e-02,2.7781e-02,1.9840e-02,1.8679e-02,6.6778e-03,1.8157e-02,2.7620e-02,1.1616e-02,3.9878e-03,2.8637e-02,3.6842e-02,-1.1444e-02,3.9264e-02,2.0927e-02,-1.1120e-02,1.0166e-02,3.3754e-02,1.7386e-02,2.7239e-02,2.3903e-02,3.1177e-02,4.3912e-02,5.2011e-02,6.8476e-02,5.8932e-02,5.4512e-02,3.7295e-02,2.9281e-02,3.9355e-02,4.9898e-02,4.5900e-03,1.0210e-03,-6.8970e-03,-2.0999e-02,-9.8278e-03,-1.9055e-02,-2.5466e-02,-2.0454e-02,-2.5784e-02,-4.3061e-02,-5.4652e-02,-5.3530e-02,-3.7728e-02,-4.4723e-02,-5.0006e-02,-6.4605e-02,-6.4000e-02,-4.2897e-02,-2.1419e-02,-2.7208e-02,-6.2090e-02,-2.2128e-02,-7.4447e-03,-2.2474e-02,3.1940e-02,2.0692e-02,2.6042e-03,3.2954e-02,4.8494e-02,2.1307e-02,4.3602e-02,4.2588e-02,4.2501e-02,7.1357e-02,7.3900e-02,7.5300e-02,7.5833e-02,5.3302e-02,4.3585e-02,4.7341e-02,6.2339e-03,1.0474e-02,1.0281e-02,2.7110e-02,1.5414e-02
-5.3795e-03,-8.2858e-03,-3.1524e-02,-3.2142e-02,-2.6629e-02,-2.6497e-02,-1.9048e-02,-2.3536e-02,-2.4647e-02,-4.3430e-02,-8.4099e-04,-1.0381e-02,-2.0584e-02,-1.6972e-02,-1.5120e-02,-1.7323e-02,-1.6919e-02,-7.3704e-03,1.1425e-02,1.5158e-02,6.6887e-04,1.3050e-02,2.1254e-02,2.0065e-02,6.5762e-03,1.3073e-02,2.9932e-02,-2.1527e-03,3.1454e-02,2.9978e-02,3.3114e-02,4.1462e-02,3.7167e-02,2.3403e-02,3.4049e-02,2.1111e-02,2.0099e-02,5.4626e-02,4.7846e-02,4.0514e-02,-2.4748e-03,1.4641e-02,1.2528e-02,2.4036e-02,4.5252e-02,4.9514e-02,3.7178e-02,2.6149e-02,3.2703e-02,3.9239e-02,3.0471e-02,2.2335e-02,3.3482e-02,4.7931e-02,4.7528e-02,2.7143e-02,1.5520e-02,1.6090e-02,-9.4568e-04,-1.7957e-02,-9.1341e-03,-1.8101e-02,-2.6124e-02,-1.8042e-02,-1.3270e-02,-2.7346e-02,-3.9462e-02,-3.5409e-02,-2.0308e-02,-3.3255e-02,-2.9305e-02,-4.7435e-02,-3.6392e-02,-1.7204e-02,-4.8651e-03,-1.0650e-02,-4.1981e-02,-1.4903e-02,-3.8022e-02,1.4288e-02,8.5419e-03,-5.1988e-04,1.7585e-02,2.9886e-02,3.6590e-02,3.6689e-02,3.6848e-02,4.1910e-02,3.1197e-02,4.2609e-03,4.3432e-02,6.5738e-02,6.9670e-02,5.4965e-02,4.0847e-02,3.0130e-02,3.7800e-02,2.5231e-02,9.8088e-04,1.6971e-02
-6.2975e-03,-1.4069e-02,-1.0695e-02,-2.7387e-02,-2.6027e-02,-4.9553e-02,-2.8481e-02,-3.2565e-02,-3.8779e-02,-5.7491e-02,-7.3356e-02,-3.8640e-02,-5.8485e-03,-3.1862e-02,-3.4963e-02,-3.4000e-02,-4.3329e-02,-4.3279e-02,-3.3757e-02,-2.3481e-02,-1.5310e-02,1.0514e-02,3.3891e-02,1.7916e-02,8.6316e-03,-5.9525e-03,2.4795e-02,2.3247e-02,3.4157e-02,4.2154e-02,3.8064e-02,4.0241e-02,4.1675e-02,3.5412e-02,3.7967e-02,4.2722e-02,1.6057e-02,5.4943e-02,5.7270e-03,5.2120e-02,3.0735e-02,-1.8825e-02,4.4417e-02,2.1057e-02,1.9208e-02,2.5906e-02,2.6487e-02,1.9166e-02,1.3001e-02,1.3925e-02,1.5369e-02,2.4265e-02,3.4376e-02,1.9537e-02,2.1294e-02,2.5466e-02,7.0437e-03,2.4393e-02,1.5624e-02,-2.2257e-02,-7.4488e-03,-8.1491e-03,-1.6706e-02,-2.4289e-02,-1.5176e-02,-6.2181e-03,-1.7147e-02,-2.6222e-02,-1.5049e-02,-7.3654e-03,-2.1003e-02,-2.2044e-02,-2.7962e-02,-1.7470e-02,1.2730e-02,1.8726e-03,-4.4311e-02,-8.6233e-03,-5.6249e-03,-5.6758e-03,-7.5173e-03,2.4044e-02,-5.0255e-03,2.0376e-02,2.9723e-02,3.0738e-02,3.4484e-02,2.6618e-02,1.2773e-02,-7.6414e-03,9.0171e-03,3.2748e-02,4.0489e-02,3.3679e-02,3.4341e-02,5.2273e-02,4.2898e-02,2.0116e-02,-2.5081e-03,-6.2403e-03
-9.4469e-03,-1.5378e-02,-4.6717e-03,-2.1286e-02,-2.4538e-02,-5.7318e-02,-3.8638e-02,-4.5997e-02,-5.4299e-02,-5.8838e-02,-7.1586e-02,-8.4816e-02,-4.7445e-02,-2.0521e-02,-2.8018e-02,-4.1627e-02,-5.5029e-02,-5.0398e-02,-3.5448e-02,-2.4776e-02,-7.8758e-04,1.8638e-02,2.2772e-02,1.6757e-02,2.6687e-02,1.4162e-02,2.1933e-02,4.4425e-02,4.5844e-02,5.2556e-02,4.7915e-02,4.4980e-02,4.7794e-02,5.0736e-02,4.8120e-02,5.5859e-02,6.4463e-02,2.8692e-02,1.4822e-02,1.6410e-02,6.4008e-02,-3.1187e-02,3.5010e-02,4.0119e-02,1.7559e-02,6.0830e-03,4.2188e-03,3.1746e-03,2.5665e-03,8.1051e-03,1.9779e-02,1.1690e-02,7.8590e-03,-4.9996e-03,-3.1560e-03,1.2700e-02,-1.3181e-02,1.2300e-02,1.3246e-02,-2.9754e-03,-8.3192e-03,-6.2645e-04,-5.8444e-03,-1.4047e-02,-1.9260e-02,-9.6221e-03,-4.3770e-04,-9.1658e-03,-1.1038e-02,5.6225e-03,-3.5858e-03,-5.0123e-03,-1.5956e-02,-1.5380e-02,8.9219e-03,1.3365e-04,-1.3602e-03,4.0229e-03,1.8398e-02,-1.0550e-02,-7.6016e-03,1.7117e-02,1.1145e-03,8.8521e-03,1.5243e-02,1.7920e-02,2.0137e-02,1.6643e-02,4.9066e-03,-6.0772e-03,-9.8921e-03,2.9095e-03,9.6386e-03,-8.7585e-03,3.1458e-03,2.4760e-02,1.4071e-02,-5.4824e-03,-2.8880e-02,-3.2906e-02
-1.2563e-02,-1.2273e-02,-9.1032e-03,-1.5931e-02,-3.2796e-02,-3.9668e-02,-5.7569e-02,-6.0297e-02,-6.5487e-02,-6.4626e-02,-6.4747e-02,-7.4653e-02,-9.5417e-02,-6.3680e-02,-4.2710e-02,-2.9696e-02,-5.0848e-02,-5.2605e-02,-3.4434e-02,-2.1478e-02,-4.6598e-03,2.1965e-02,-6.4219e-03,2.7876e-02,3.7124e-02,3.1310e-02,4.1123e-02,6.8667e-02,8.0222e-02,8.0722e-02,8.1064e-02,7.8021e-02,7.9501e-02,8.1385e-02,7.8218e-02,7.5827e-02,8.1785e-02,2.9038e-02,4.0485e-02,4.7731e-03,6.1386e-03,6.1709e-02,-3.4487e-02,1.5445e-02,2.6773e-02,1.1237e-02,-9.7912e-05,-4.2292e-03,-7.1617e-03,-6.7999e-03,1.3781e-02,1.0735e-03,-3.3223e-03,-1.6016e-02,-2.0688e-02,-3.2674e-03,-1.3845e-02,-1.5124e-03,-6.9776e-04,6.6752e-03,-8.4018e-04,1.9921e-02,1.1211e-02,-9.4499e-05,-6.6243e-03,-7.8678e-03,1.7458e-03,7.3048e-03,1.1559e-03,9.0436e-03,1.6072e-02,2.0889e-03,7.8803e-03,-8.5136e-03,4.5103e-03,1.0855e-02,3.3888e-02,-1.0118e-03,1.7649e-02,-1.1725e-02,-1.9824e-03,9.7055e-03,-5.7894e-03,1.0486e-02,-5.1874e-03,2.7620e-03,-1.3127e-02,8.1508e-03,-1.6185e-02,2.7329e-04,5.5216e-03,-1.0963e-02,-1.9850e-02,-1.7205e-02,-2.1635e-02,-1.1270e-02,-1.6571e-02,-3.1742e-02,-1.3927e-02,4.6479e-03
-5.6425e-03,-9.6888e-03,-1.7043e-02,-1.9516e-02,-4.9343e-02,-4.1680e-02,-9.9391e-02,-7.7017e-02,-7.7881e-02,-7.5884e-02,-7.2630e-02,-7.5837e-02,-8.6781e-02,-1.0841e-01,-8.7880e-02,-6.7629e-02,-3.6434e-02,-5.2554e-02,-1.9417e-02,-1.0171e-02,-2.4255e-03,-1.4454e-02,-1.7093e-02,2.8809e-02,4.9048e-02,5.1686e-02,6.8248e-02,7.3594e-02,7.6888e-02,7.3018e-02,7.9067e-02,8.4077e-02,9.2242e-02,9.4701e-02,8.8432e-02,7.3129e-02,5.8072e-02,4.2599e-02,6.3020e-02,4.6615e-02,-1.2191e-03,-3.4040e-02,-1.7762e-02,7.9038e-03,-4.0234e-02,-7.2900e-03,-9.3776e-03,-1.8324e-02,-2.2663e-02,-2.5585e-02,-1.6603e-02,-9.1595e-03,-2.9528e-03,-1.3162e-02,-2.7089e-02,-1.9330e-02,-5.2678e-03,-9.5548e-03,-8.4216e-03,6.2273e-03,1.5374e-02,2.1741e-02,2.6895e-02,1.5550e-02,1.0085e-02,1.0570e-02,1.2630e-02,1.6571e-02,1.6711e-02,1.5406e-02,2.6137e-02,1.8351e-02,1.8591e-02,7.9174e-03,3.5010e-03,5.6568e-03,2.0498e-02,6.3733e-03,5.5814e-03,1.0891e-03,-5.3011e-03,2.7457e-03,-8.8861e-03,-1.2393e-02,-1.7794e-02,-1.7100e-02,-4.0162e-02,-1.4854e-02,-3.4749e-02,7.7330e-03,-2.8536e-06,-4.1543e-03,-1.9285e-02,-1.7989e-02,-3.6399e-02,-4.0771e-02,-4.2301e-02,-6.8404e-03,2.8702e-02,1.0842e-02
7.7643e-03,-1.1724e-02,-2.7332e-02,-3.4037e-02,-6.8021e-02,-5.6771e-02,-7.5362e-02,-1.0747e-01,-9.4375e-02,-9.0235e-02,-8.2940e-02,-7.9764e-02,-8.3119e-02,-9.0960e-02,-1.0777e-01,-9.2772e-02,-5.9972e-02,-4.2415e-02,-3.0889e-02,-4.0265e-03,-1.6712e-02,-2.4148e-02,-7.6879e-03,4.1429e-02,1.0305e-01,7.7349e-02,4.3699e-02,5.8691e-02,8.1161e-02,9.1060e-02,9.2375e-02,1.0169e-01,1.1296e-01,1.0106e-01,7.5890e-02,5.6595e-02,4.5117e-02,4.0064e-02,2.6333e-02,6.0775e-02,3.2608e-02,3.4372e-03,-6.4281e-02,-7.7278e-02,-5.1128e-02,-3.2154e-02,-3.5460e-02,-4.1873e-02,-4.1927e-02,-4.8534e-02,-4.6859e-02,-4.6666e-02,-1.8472e-02,-8.7334e-03,-1.9347e-02,-2.3826e-02,-1.5765e-03,-1.0167e-02,-6.5752e-03,6.6257e-03,2.1470e-02,8.7054e-03,3.0284e-02,2.9681e-02,2.4373e-02,2.8694e-02,3.6760e-02,3.3277e-02,2.9830e-02,2.6154e-02,2.9670e-02,2.7517e-02,1.9904e-02,3.0486e-02,-4.5587e-03,3.2879e-03,7.1300e-03,6.6289e-03,-2.4568e-02,7.6941e-03,-8.1592e-03,-6.7065e-03,-1.6486e-02,-2.4130e-02,-2.0460e-02,-3.6791e-02,-5.0136e-02,-4.0596e-02,-2.8316e-02,2.6190e-04,-1.8954e-02,-4.1643e-02,-3.3085e-02,-3.4346e-03,8.9787e-03,-2.2421e-02,-2.3324e-02,2.5466e-02,6.0055e-03,-1.1942e-02
1.5197e-02,-1.3940e-02,-3.5269e-02,-4.7277e-02,-7.4119e-02,-5.6333e-02,-5.3397e-02,-7.4554e-02,-9.9270e-02,-9.6844e-02,-9.6702e-02,-8.7316e-02,-7.9544e-02,-7.7842e-02,-8.1355e-02,-9.3705e-02,-6.9449e-02,-4.7729e-02,-6.6865e-02,-5.5059e-02,2.1309e-05,2.9429e-02,4.3911e-02,4.2932e-02,4.2890e-02,7.4449e-02,5.0428e-02,6.5508e-02,7.2420e-02,7.9180e-02,8.3526e-02,8.8235e-02,9.1044e-02,9.2569e-02,9.2272e-02,7.0174e-02,5.2426e-02,4.6152e-02,3.4099e-02,3.1211e-02,3.7971e-02,1.2665e-02,2.1912e-02,-3.9224e-02,-6.5391e-02,-7.1498e-02,-3.1305e-02,-4.7386e-02,-4.6180e-02,-5.5864e-02,-6.2853e-02,-7.0138e-02,-6.4928e-02,-1.8521e-02,-2.2487e-02,-2.4748e-02,1.5384e-03,1.3001e-03,2.3779e-03,8.5538e-03,2.3955e-02,9.4310e-03,2.2713e-02,4.6366e-02,5.1752e-02,5.4236e-02,5.9348e-02,5.5372e-02,4.8597e-02,4.2459e-02,3.6988e-02,3.3085e-02,1.5051e-02,1.8753e-02,7.2714e-04,4.8312e-03,5.8552e-03,-3.1831e-04,-1.0568e-02,3.5098e-03,-2.2702e-03,-1.1165e-02,-3.6689e-02,-3.3087e-02,-3.3281e-02,-4.2714e-02,-4.5106e-02,-5.5265e-02,-3.1307e-02,-5.0119e-02,-7.2339e-02,-4.5882e-02,-3.0790e-02,-1.4215e-02,-5.3035e-03,-9.5905e-03,3.7991e-03,-4.7061e-03,-3.3422e-03,-2.1237e-02
1.1292e-02,-1.2695e-02,-3.7231e-02,-5.4895e-02,-6.1459e-02,-7.1111e-02,-7.1929e-02,-7.6713e-02,-8.5219e-02,-1.0828e-01,-8.7645e-02,-9.5337e-02,-9.6193e-02,-8.5747e-02,-7.7891e-02,-6.9316e-02,-7.4794e-02,-5.5025e-02,-3.7966e-02,-6.3951e-02,5.5928e-03,3.0842e-02,3.4067e-02,2.3110e-02,-2.7399e-02,7.6511e-02,6.9746e-02,1.0263e-01,9.2806e-02,7.9569e-02,7.5770e-02,7.4008e-02,7.3227e-02,7.4358e-02,7.8219e-02,8.6784e-02,9.1178e-02,7.0543e-02,5.3015e-02,1.6929e-02,3.0748e-03,1.7290e-02,1.9212e-02,1.1779e-02,-1.4057e-02,-6.0180e-02,-9.2363e-02,-5.3799e-02,-3.4115e-02,-4.3111e-02,-5.0946e-02,-5.5007e-02,-7.2034e-02,-5.7516e-02,-1.7713e-02,-4.7210e-02,-2.9527e-02,-6.1095e-03,-2.1842e-03,-3.9941e-03,8.6909e-03,5.7040e-03,3.3955e-03,3.8834e-02,5.7614e-02,6.0039e-02,5.9017e-02,6.5307e-02,7.0276e-02,6.2628e-02,5.7131e-02,5.1503e-02,3.7168e-02,3.8049e-02,3.5812e-02,1.6465e-02,9.9073e-03,3.0081e-03,1.2481e-02,-2.4907e-03,7.8052e-03,-2.6042e-02,-5.5965e-02,-5.8649e-02,-4.4255e-02,-5.0005e-02,-3.3446e-02,-5.8216e-02,-4.0192e-02,-9.1314e-02,-9.7557e-02,-6.4770e-02,-6.1976e-02,-5.1481e-02,-4.1869e-02,-3.1784e-02,1.3811e-02,-3.5740e-02,-3.5592e-03,-6.9870e-03
-1.3597e-02,-1.0965e-02,-3.3728e-02,-5.5727e-02,-5.3050e-02,-7.4010e-02,-8.5501e-02,-8.8390e-02,-8.9366e-02,-9.4403e-02,-1.1052e-01,-8.2766e-02,-8.3547e-02,-9.6930e-02,-9.8974e-02,-7.2394e-02,-6.1810e-02,-8.4801e-02,-1.9205e-02,2.6617e-02,-2.6772e-02,4.0140e-03,2.5896e-02,2.1606e-02,2.1423e-02,3.0922e-02,9.3247e-02,1.1058e-01,1.1876e-01,1.1317e-01,1.0807e-01,1.0069e-01,9.2474e-02,8.5232e-02,8.0216e-02,8.1542e-02,8.6652e-02,8.9332e-02,7.6801e-02,4.7890e-02,-1.3136e-02,6.4353e-03,-1.4692e-02,-9.9563e-03,-2.7647e-02,-2.4763e-02,-6.9509e-02,-9.0869e-02,-8.6483e-02,-6.6662e-02,-4.9569e-02,-3.6482e-02,-5.1011e-02,-4.9936e-02,-2.8682e-02,-2.9974e-02,-2.5514e-02,-1.0985e-03,2.1577e-02,2.4042e-02,3.5069e-02,5.0407e-02,4.3415e-02,5.9337e-02,7.8275e-02,8.2043e-02,7.5338e-02,7.4447e-02,8.9310e-02,9.0902e-02,8.2985e-02,1.0271e-01,1.0939e-01,1.0030e-01,8.2647e-02,5.7930e-02,3.3324e-02,1.6625e-02,1.8877e-02,-1.1351e-02,-1.2463e-02,-3.8266e-02,-4.1222e-02,-7.8744e-02,-6.0639e-02,-5.6542e-02,-4.4583e-02,-5.6090e-02,-7.4734e-02,-9.5783e-02,-9.3834e-02,-6.6733e-02,-7.3542e-02,-7.4065e-02,-6.3891e-02,-4.7927e-02,-1.5461e-02,-2.8504e-02,-2.4098e-02,3.0349e-02
-2.6240e-02,-1.1558e-02,-2.7291e-02,-4.8354e-02,-4.9867e-02,-7.1065e-02,-8.9821e-02,-9.0112e-02,-9.2568e-02,-9.6837e-02,-9.6243e-02,-8.7489e-02,-9.7444e-02,-8.1534e-02,-6.5449e-02,-6.4569e-02,-7.9628e-02,-4.8706e-02,-5.5637e-03,2.7967e-03,-1.0900e-02,-1.5833e-02,2.7270e-02,3.2393e-02,7.6989e-02,4.8302e-02,8.6828e-02,7.6235e-02,9.1161e-02,1.0660e-01,1.1505e-01,1.1381e-01,1.0679e-01,9.6846e-02,8.4856e-02,7.5907e-02,7.4841e-02,7.2365e-02,6.4111e-02,6.1049e-02,2.7689e-02,-1.4273e-02,-7.7211e-03,-3.2917e-02,-3.0684e-02,-5.2298e-02,-3.2745e-02,-9.7856e-02,-9.6878e-02,-9.0689e-02,-7.7801e-02,-6.1292e-02,-5.3263e-02,-2.8671e-02,-2.1083e-02,-2.1144e-03,-1.9290e-02,-1.7374e-02,2.1812e-02,2.6551e-02,3.5194e-02,5.5060e-02,6.4263e-02,5.7194e-02,6.9796e-02,7.9595e-02,7.7999e-02,7.7290e-02,8.9555e-02,9.6361e-02,7.8025e-02,6.8024e-02,8.0170e-02,8.8519e-02,7.1826e-02,5.8717e-02,1.1981e-02,1.3226e-02,-1.8805e-02,2.1625e-03,-4.3982e-02,-3.5501e-02,-3.3985e-02,-6.8706e-02,-7.8617e-02,-5.8384e-02,-5.4859e-02,-7.3930e-02,-1.0947e-01,-9.6221e-02,-8.5902e-02,-6.5492e-02,-7.5218e-02,-8.8024e-02,-7.7227e-02,-6.8754e-02,-5.6338e-02,-2.4728e-02,-7.5723e-03,1.9379e-02
-9.2941e-03,-1.9363e-02,-1.6794e-02,-3.2446e-02,-4.5923e-02,-6.8952e-02,-8.6963e-02,-9.0144e-02,-9.0793e-02,-1.0204e-01,-1.0645e-01,-9.3086e-02,-8.1260e-02,-7.6386e-02,-5.7857e-02,-5.2390e-02,-6.4121e-02,-4.2893e-02,-8.5232e-02,-1.0624e-01,-2.8023e-02,-3.9882e-02,3.1831e-02,6.2065e-02,9.1199e-02,7.3432e-02,8.0948e-02,7.8812e-02,7.0292e-02,7.3430e-02,9.7916e-02,1.1231e-01,1.1157e-01,1.0229e-01,8.7539e-02,7.0584e-02,5.8368e-02,5.0721e-02,4.0811e-02,3.3027e-02,2.7149e-02,8.5383e-03,-9.9941e-03,-1.5829e-02,-4.7943e-02,-4.3782e-02,-3.8407e-02,-5.1854e-02,-1.0839e-01,-8.0491e-02,-9.3692e-02,-8.5991e-02,-6.3371e-02,-3.8322e-02,-3.1064e-02,-2.8980e-02,-8.1338e-03,-2.3176e-03,1.6254e-02,2.6652e-02,3.6020e-02,5.2587e-02,7.3483e-02,6.5143e-02,6.2932e-02,7.3333e-02,7.9370e-02,8.6082e-02,9.5217e-02,9.5899e-02,8.4068e-02,6.2706e-02,4.7500e-02,4.3023e-02,4.3814e-02,5.3425e-02,6.7121e-03,9.9931e-03,-2.8310e-03,-8.9844e-04,-6.3717e-02,-3.4392e-02,-2.8013e-02,-3.7572e-02,-8.3271e-02,-7.8880e-02,-9.0627e-02,-1.3910e-01,-1.1324e-01,-8.5286e-02,-8.8010e-02,-8.5205e-02,-7.6927e-02,-8.0485e-02,-7.2398e-02,-6.6384e-02,-7.8415e-02,-3.3287e-02,1.3864e-02,-3.3878e-02
-5.6891e-03,-3.8435e-02,2.0477e-04,-2.0249e-02,-4.6433e-02,-6.5405e-02,-8.0086e-02,-8.9296e-02,-8.7256e-02,-1.0229e-01,-1.0862e-01,-9.9345e-02,-1.0139e-01,-7.9452e-02,-1.0202e-01,-7.2031e-02,-9.5283e-03,-2.7723e-02,-3.1067e-02,1.1692e-02,4.1716e-02,2.1518e-02,4.8794e-03,3.1104e-02,6.7431e-02,6.4423e-02,5.1976e-02,8.4521e-02,8.3919e-02,7.1927e-02,7.1305e-02,9.5700e-02,1.0507e-01,1.0262e-01,9.2335e-02,7.6496e-02,5.9714e-02,4.5907e-02,3.5412e-02,2.9342e-02,1.2161e-02,1.5344e-02,-1.4505e-02,-6.9485e-03,-3.2321e-02,-5.4287e-02,-6.9481e-02,-3.8893e-02,-7.2257e-02,-8.6090e-02,-9.3832e-02,-9.2170e-02,-7.3408e-02,-6.0459e-02,-6.5610e-02,-2.4779e-02,-1.9879e-02,8.0767e-03,9.5504e-03,2.0785e-02,3.1205e-02,4.7210e-02,7.2261e-02,7.2940e-02,6.7715e-02,7.5608e-02,9.0060e-02,1.0136e-01,1.0314e-01,9.7068e-02,9.0868e-02,7.7726e-02,5.7367e-02,4.3058e-02,3.3498e-02,3.5341e-02,2.5545e-02,1.8702e-02,2.2116e-02,2.5174e-03,-3.9862e-02,-5.9445e-02,-3.5620e-02,-4.2445e-02,-7.0055e-02,-1.1055e-01,-9.6375e-02,-8.5829e-02,-9.1530e-02,-6.0619e-02,-6.6237e-02,-8.3264e-02,-7.9179e-02,-6.1623e-02,-5.3934e-02,-5.9342e-02,-7.5482e-02,-6.3632e-02,-1.1401e-03,-2.8866e-02
-1.5301e-03,-3.7118e-03,-3.3141e-04,-2.5472e-02,-4.9649e-02,-5.5386e-02,-6.8415e-02,-8.0451e-02,-8.4379e-02,-8.9335e-02,-8.7393e-02,-9.1829e-02,-1.0078e-01,-8.5202e-02,-1.1390e-01,-1.2321e-01,-7.7224e-02,-2.2622e-02,1.2280e-02,1.0880e-02,1.8720e-02,1.7011e-02,-1.4449e-02,2.7525e-02,4.9831e-02,6.1339e-02,4.9064e-02,6.4681e-02,8.4931e-02,9.0151e-02,7.7536e-02,6.9592e-02,8.8416e-02,9.7671e-02,9.4472e-02,8.3078e-02,6.9055e-02,5.6139e-02,4.5811e-02,3.8727e-02,2.3976e-02,1.3008e-02,-3.0988e-04,-2.0909e-02,-2.4397e-02,-5.9456e-02,-6.5105e-02,-9.3501e-02,-7.2261e-02,-1.1039e-01,-8.0570e-02,-8.0080e-02,-8.4611e-02,-7.4162e-02,-8.7459e-02,-6.7658e-02,-3.8433e-02,-2.9978e-03,-2.6931e-03,1.5353e-02,2.3868e-02,3.5348e-02,6.4413e-02,8.0725e-02,8.2931e-02,8.6260e-02,9.3180e-02,9.5951e-02,9.6479e-02,9.9751e-02,9.9902e-02,9.2203e-02,7.4229e-02,6.4383e-02,6.5414e-02,5.0569e-02,6.3964e-02,4.1565e-02,2.1122e-02,-1.8568e-02,-1.4152e-02,-4.4142e-02,-7.1131e-02,-6.7179e-02,-5.8304e-02,-8.2279e-02,-9.4263e-02,-7.3142e-02,-1.0149e-01,-8.3702e-02,-8.4178e-02,-8.3714e-02,-7.9363e-02,-6.0032e-02,-5.7977e-02,-5.7539e-02,-3.7421e-02,-1.5178e-02,-2.0551e-02,9.0159e-03
7.1678e-03,8.8115e-03,-2.3467e-02,-2.5540e-02,-4.9362e-02,-4.0885e-02,-5.2213e-02,-5.9824e-02,-7.3126e-02,-6.5443e-02,-6.0355e-02,-8.2948e-02,-9.2580e-02,-8.1217e-02,-1.0223e-01,-6.9664e-02,-3.3790e-02,-4.8099e-02,-5.2119e-02,-3.8426e-02,-1.2762e-02,2.3879e-02,-2.2136e-02,1.1554e-02,1.9334e-02,2.8696e-02,3.3895e-02,4.4096e-02,7.0838e-02,1.0728e-01,9.3883e-02,7.5874e-02,6.2759e-02,8.5254e-02,8.8686e-02,8.0466e-02,6.8949e-02,5.8208e-02,4.9156e-02,4.0073e-02,3.6195e-02,1.6481e-02,-4.0507e-03,-2.8181e-02,-4.4356e-02,-6.0013e-02,-6.5151e-02,-8.6313e-02,-4.8105e-02,-9.2070e-02,-8.5717e-02,-6.1268e-02,-8.3175e-02,-7.0310e-02,-8.4405e-02,-5.3356e-02,-1.4549e-02,-8.6754e-03,-1.4231e-02,1.2255e-02,2.6674e-02,3.4652e-02,5.2215e-02,8.0158e-02,9.5498e-02,1.0763e-01,1.0413e-01,9.2355e-02,8.9751e-02,1.0104e-01,1.1285e-01,1.1113e-01,9.7366e-02,8.3257e-02,8.0808e-02,4.6967e-02,4.3772e-02,1.3427e-02,-1.7785e-03,-1.7326e-02,-1.1224e-02,-2.6388e-02,-6.9157e-02,-7.6243e-02,-5.1940e-02,-7.1105e-02,-1.1839e-01,-6.6876e-02,-1.1139e-01,-1.2340e-01,-1.0699e-01,-9.0522e-02,-7.6785e-02,-8.5484e-02,-6.4630e-02,-3.0591e-02,-1.9836e-02,-2.8643e-03,-3.8472e-02,4.4856e-02
1.4793e-02,1.9555e-03,-4.7318e-02,-1.8917e-02,-4.3933e-02,-3.3945e-02,-5.2733e-02,-5.6415e-02,-5.8699e-02,-4.9041e-02,-4.3061e-02,-6.7377e-02,-8.8347e-02,-6.4545e-02,-4.0070e-02,-1.7588e-02,-5.8363e-02,-5.8111e-02,-5.8517e-02,-4.7897e-02,-2.5916e-02,-5.6813e-03,2.4539e-02,1.8937e-02,1.4610e-02,2.4562e-02,3.1560e-02,1.7278e-02,3.3797e-02,8.7445e-02,9.8721e-02,9.1725e-02,6.3572e-02,6.1046e-02,7.5229e-02,7.1105e-02,6.1449e-02,5.1889e-02,4.3212e-02,2.7992e-02,3.5195e-02,1.3561e-02,-5.9900e-03,-2.6634e-02,-4.2839e-02,-7.9025e-02,-5.8965e-02,-5.9270e-02,-8.9954e-02,-4.9573e-02,-7.5125e-02,-7.3411e-02,-6.9671e-02,-6.1922e-02,-5.1027e-02,-2.0351e-02,1.2582e-02,3.8656e-02,8.4548e-03,1.4401e-03,3.6806e-02,4.6106e-02,5.1601e-02,7.5401e-02,8.1803e-02,8.9953e-02,9.6502e-02,9.5293e-02,8.5362e-02,7.5930e-02,8.2344e-02,9.6284e-02,9.9978e-02,8.0457e-02,6.0476e-02,5.9569e-02,2.4459e-02,1.3189e-02,-2.9737e-03,-8.1095e-03,-1.7778e-02,-3.0908e-02,-5.5702e-02,-8.4482e-02,-7.0273e-02,-7.8817e-02,-8.7723e-02,-7.4035e-02,-1.0409e-01,-1.2820e-01,-1.0247e-01,-9.0019e-02,-8.5919e-02,-1.0951e-01,-5.6363e-02,-3.1648e-02,-1.7095e-02,-1.1572e-02,-1.9794e-02,1.2916e-02
7.4585e-03,-4.4735e-03,-3.1444e-02,-1.1658e-02,-3.4338e-02,-3.1586e-02,-5.2584e-02,-6.2780e-02,-6.2863e-02,-5.7298e-02,-7.1524e-02,-5.7718e-02,-3.6743e-02,-6.7340e-02,-1.8961e-02,-2.0690e-02,-6.7113e-02,-7.0472e-02,-2.7236e-02,-1.5000e-02,-6.1763e-03,1.3296e-03,3.5237e-02,4.3928e-02,4.1409e-02,6.0459e-02,6.1563e-02,5.2790e-02,3.0413e-02,1.8467e-02,6.5062e-02,7.5592e-02,7.2326e-02,5.0876e-02,5.0436e-02,5.6173e-02,5.0335e-02,4.1855e-02,3.2102e-02,8.9869e-03,2.3619e-02,3.2161e-03,-1.4335e-02,-2.3189e-02,-1.6791e-02,3.7698e-03,-4.8934e-02,-4.6632e-02,-7.9723e-02,-8.9764e-03,-6.4239e-02,-6.2031e-02,-4.8840e-02,-5.5672e-02,-2.0894e-02,-7.2918e-03,-2.6226e-02,-1.6917e-02,3.6169e-02,3.3094e-02,2.9484e-02,4.8343e-02,4.7416e-02,6.3236e-02,7.2974e-02,7.7145e-02,8.4804e-02,8.7652e-02,8.6123e-02,8.4885e-02,8.0097e-02,7.7412e-02,8.3648e-02,7.2599e-02,4.4849e-02,6.4569e-02,5.1952e-02,-1.9051e-03,5.2454e-03,-6.8220e-04,-3.5885e-02,-4.8776e-02,-5.2056e-02,-5.6681e-02,-7.9651e-02,-8.7123e-02,-8.6268e-02,-9.5243e-02,-9.3318e-02,-1.1801e-01,-9.8706e-02,-9.8314e-02,-1.0862e-01,-8.2146e-02,-6.1768e-02,-3.3294e-02,-2.5982e-02,-4.1193e-02,-1.3059e-02,-1.6288e-03
-5.7946e-03,-9.3270e-03,-1.6107e-02,-1.0525e-02,-2.2263e-02,-2.9716e-02,-4.1315e-02,-5.6749e-02,-5.5703e-02,-4.6513e-02,-7.9409e-02,-3.6317e-02,-8.3657e-03,-7.6753e-02,-2.3862e-02,-4.5470e-02,-3.5017e-02,1.0176e-03,-1.2964e-02,9.2660e-03,1.7918e-02,1.6381e-02,2.8129e-02,3.5047e-02,5.8599e-02,6.9791e-02,5.9415e-02,5.2152e-02,3.9273e-02,-1.0091e-02,1.8092e-02,3.7051e-02,4.7834e-02,4.5009e-02,3.2961e-02,3.3554e-02,3.7263e-02,3.1434e-02,1.8762e-02,1.0103e-02,8.7317e-03,-1.0317e-02,-1.8799e-02,-8.2090e-03,3.0056e-03,1.6659e-02,6.9743e-03,-6.9616e-03,-2.7100e-02,-2.0970e-02,-1.4593e-02,-4.0541e-02,-2.0330e-03,-6.4410e-02,-3.1152e-02,-2.1445e-02,-2.8551e-02,-4.3255e-02,-1.6982e-03,3.6633e-02,5.3186e-02,4.6834e-02,4.7140e-02,5.4991e-02,7.5328e-02,8.2134e-02,9.1441e-02,1.0125e-01,1.1198e-01,1.1326e-01,9.7401e-02,7.1342e-02,5.4141e-02,5.4823e-02,2.2537e-02,2.1559e-02,4.3160e-02,-4.2444e-04,-3.6395e-03,-1.2556e-02,-4.1113e-02,-6.0785e-02,-6.6441e-02,-4.6121e-02,-9.4831e-02,-6.7218e-02,-8.1663e-02,-1.2655e-01,-7.9168e-02,-7.3422e-02,-8.8149e-02,-1.0249e-01,-9.5038e-02,-5.5775e-02,-5.8783e-02,-6.0293e-02,-7.2740e-02,-4.1782e-02,-3.6412e-03,-1.2680e-03
-7.4942e-03,-9.7972e-03,-9.1719e-03,-2.2813e-02,-9.4757e-03,-2.2618e-02,-2.2186e-02,-3.8063e-02,-3.5508e-02,-3.2340e-02,-5.3088e-02,-3.1202e-02,-4.5625e-02,-1.3349e-02,-3.3757e-02,-3.8264e-02,7.5054e-03,9.3347e-04,-2.0626e-02,-2.3356e-02,-9.0123e-03,-1.3573e-02,-1.5455e-02,-8.8809e-03,-1.4113e-02,1.2235e-02,3.5955e-02,4.4850e-02,7.0112e-02,3.4118e-02,3.8435e-03,-6.3310e-03,1.5832e-02,1.7336e-02,3.0133e-02,1.1117e-02,2.3106e-02,2.3518e-02,5.6825e-03,2.3620e-02,-3.4501e-03,-1.8373e-02,-9.7731e-03,5.5425e-03,1.6193e-02,2.0009e-02,2.4739e-02,4.5116e-03,-4.0262e-04,-6.8509e-02,5.2845e-02,-3.9959e-02,-3.2141e-02,-3.4548e-02,-3.2164e-02,-4.4448e-02,-2.4961e-02,-1.7474e-02,-1.6821e-02,2.5677e-02,5.0611e-02,5.0468e-02,5.0248e-02,5.5462e-02,6.7549e-02,8.8635e-02,1.0274e-01,1.1026e-01,1.0831e-01,9.6309e-02,7.6901e-02,7.0279e-02,6.6188e-02,6.8021e-02,6.9349e-02,3.9486e-02,2.4262e-02,-1.1307e-02,-4.2258e-02,-2.8490e-03,-9.3235e-03,-4.1670e-02,-3.5747e-02,-5.7938e-02,-7.9692e-02,-7.5591e-02,-8.2338e-02,-1.2659e-01,-6.2190e-02,-4.5972e-02,-6.8399e-02,-6.2497e-02,-5.2741e-02,-3.9535e-02,-6.4999e-02,-1.1049e-01,-8.0291e-02,-4.1703e-02,-1.0122e-02,-1.9867e-02
5.8104e-04,-3.8827e-03,-5.0412e-03,-2.9011e-02,1.2176e-03,-3.4998e-03,7.3734e-03,-3.7839e-03,-2.1675e-03,-1.2792e-02,-1.2060e-02,-1.0389e-02,-7.8383e-03,2.5534e-03,-3.1896e-02,-5.0725e-03,1.7253e-02,8.8877e-03,6.8537e-03,-5.3623e-03,-1.1588e-02,-9.2084e-03,-2.2481e-02,-3.3498e-02,-1.7820e-02,-1.7234e-02,-4.7802e-03,3.9856e-02,4.6348e-02,5.5345e-02,3.6308e-02,1.0690e-02,3.4517e-03,-1.8644e-02,1.1523e-02,-5.0714e-03,4.1418e-03,1.5582e-02,-3.8212e-03,1.8161e-02,-8.2920e-03,-1.1679e-02,9.8570e-03,2.1326e-02,6.4593e-03,-1.7770e-02,-3.0526e-02,1.3801e-03,8.9468e-04,-2.3944e-02,-8.6156e-03,-5.1391e-03,-2.1842e-02,7.4534e-03,-5.2720e-02,-1.8395e-02,-3.4517e-02,-9.7264e-04,-1.1402e-02,-2.9420e-04,1.3370e-02,4.3565e-02,4.8819e-02,6.9244e-02,6.2900e-02,6.3554e-02,6.4494e-02,6.2095e-02,5.6133e-02,5.5243e-02,6.3394e-02,6.2742e-02,4.8635e-02,3.9171e-02,5.3837e-02,3.5766e-02,2.6658e-02,3.6615e-02,-1.4279e-02,-1.8123e-02,-6.1205e-03,-2.4495e-02,-2.3122e-02,-4.9678e-02,-4.9951e-02,-8.9523e-02,-6.1801e-02,-4.0260e-02,-9.6857e-02,-6.6912e-02,-7.3481e-02,-6.4650e-02,-4.5461e-02,-4.8493e-02,-7.4277e-02,-8.1215e-02,-4.5278e-02,-2.3818e-03,2.7470e-03,-4.0049e-03
7.4455e-03,2.4622e-03,-2.4273e-03,-2.1021e-03,2.1895e-03,-7.7939e-03,1.8696e-02,2.3172e-02,1.9175e-02,2.3065e-02,2.9720e-02,2.1924e-02,-2.8524e-02,-2.0688e-04,-4.7187e-03,1.7604e-02,2.2810e-02,1.4066e-02,1.3951e-02,1.1052e-02,-5.0328e-03,2.5728e-03,5.7425e-03,8.0264e-04,2.7083e-06,-1.3654e-02,-2.7879e-02,-2.8768e-02,2.5477e-03,5.1252e-02,2.3444e-02,7.5882e-03,1.0158e-02,5.6089e-03,-1.3299e-02,-3.1529e-02,-2.7888e-02,-6.6157e-03,-7.4603e-03,4.0491e-03,-7.6291e-03,1.1957e-02,1.6586e-02,-2.7473e-03,-1.7981e-02,-2.9248e-02,-2.6535e-02,-1.8593e-02,8.8732e-04,3.6787e-03,-7.3567e-02,2.3637e-02,-5.5762e-03,-1.2171e-02,1.3574e-02,-1.3484e-02,-6.3753e-04,-7.3383e-03,-1.2748e-03,-9.8886e-03,6.5151e-03,1.1731e-02,3.7836e-02,7.0819e-02,6.9955e-02,4.9384e-02,4.7197e-02,4.9079e-02,5.5034e-02,5.9435e-02,5.9850e-02,5.3168e-02,4.0539e-02,3.7538e-02,4.0089e-02,4.9054e-02,6.8568e-03,2.0998e-02,1.5423e-02,-2.2542e-02,-1.9488e-02,-1.1099e-02,-1.8474e-02,-4.2935e-02,-4.1176e-02,-5.5136e-02,-5.2179e-02,-2.1539e-02,-8.2488e-02,-9.8588e-02,-8.0967e-02,-6.3665e-02,-6.0506e-02,-8.8888e-02,-5.9963e-02,-1.6087e-02,-1.7701e-02,4.6734e-03,-8.6501e-03,2.1286e-03
9.6633e-03,4.1243e-03,5.6835e-03,2.0329e-02,6.5124e-03,4.0038e-03,1.3417e-02,1.8637e-02,4.8706e-02,1.8271e-02,4.1525e-02,3.5735e-03,-1.6159e-03,-3.4063e-03,2.6274e-02,1.4529e-02,1.9937e-02,1.4453e-02,1.1540e-02,1.2837e-02,3.3427e-03,-2.7990e-03,1.0433e-02,9.8799e-03,7.6645e-03,6.1891e-03,-1.1290e-02,-3.3243e-02,-6.3590e-02,-3.9513e-02,1.3394e-02,3.4704e-04,-7.0813e-03,-9.6629e-03,2.1175e-03,-2.0761e-03,-3.2303e-02,-3.6631e-02,-1.2646e-02,-2.4620e-02,-4.6112e-03,2.1114e-02,1.3697e-02,1.1665e-02,9.1018e-03,3.0295e-03,-2.7588e-04,-8.5686e-03,-4.8472e-03,1.3412e-02,-2.1420e-02,-2.2598e-02,4.2300e-02,3.1729e-02,9.9908e-03,-1.1530e-03,3.1278e-02,2.1151e-02,1.8474e-02,2.9622e-03,2.2670e-03,1.2856e-02,2.6847e-02,3.9397e-02,5.9945e-02,5.2290e-02,5.2932e-02,4.7855e-02,4.9730e-02,5.4001e-02,5.2942e-02,4.4829e-02,3.5670e-02,3.2934e-02,2.6614e-02,3.5762e-02,1.1163e-02,2.7229e-03,4.1053e-02,-3.8535e-03,-3.7972e-02,-1.9125e-02,-1.6930e-02,-1.6579e-02,-4.8531e-02,-3.7788e-02,-7.1103e-02,-4.1083e-02,-2.2117e-02,-8.8685e-02,-9.5563e-02,-6.5343e-02,-8.1838e-02,-5.4027e-02,-2.4479e-02,-1.6993e-02,-1.4293e-03,-7.0441e-03,-2.1093e-02,-9.2926e-03
6.2391e-03,2.8285e-03,2.8434e-02,2.3881e-02,1.4844e-02,2.8781e-02,3.4171e-02,4.4754e-02,2.0143e-02,2.0083e-02,4.1571e-02,1.2805e-02,3.5137e-02,4.6550e-02,3.1594e-02,2.3029e-02,-8.2757e-03,1.5201e-02,9.7771e-03,6.4604e-03,-2.1750e-03,-1.5621e-02,-4.9471e-03,3.1722e-03,-4.2182e-03,-3.4572e-03,-6.3691e-03,-9.8786e-03,-3.0028e-02,-5.6343e-02,-5.3024e-02,-4.3514e-02,-1.9339e-02,-1.1878e-02,-5.0173e-02,-2.3730e-02,-4.3110e-02,-3.2174e-02,-1.9192e-02,-2.9463e-02,-2.0745e-02,-2.5563e-02,-1.2958e-02,-3.5216e-03,2.7257e-03,2.3620e-02,2.7592e-02,2.1470e-02,1.7620e-02,3.1136e-02,4.6594e-02,1.6569e-02,1.6405e-02,9.2774e-02,4.4327e-02,2.0882e-02,1.6261e-02,4.3801e-02,5.5788e-02,1.3630e-02,1.8880e-02,2.4698e-02,8.0152e-03,2.3669e-02,2.8823e-02,3.2729e-02,5.0660e-02,4.5810e-02,4.1984e-02,4.4367e-02,4.4670e-02,3.6445e-02,2.8114e-02,2.3888e-02,1.2861e-02,2.7988e-04,2.5505e-02,7.7012e-03,3.9056e-02,4.9616e-03,-3.5742e-03,-3.0865e-02,-2.7531e-02,-3.8971e-02,-3.7558e-02,-3.7148e-02,-4.9278e-02,-4.3241e-02,-2.3952e-02,-2.2139e-02,-3.5982e-02,-2.3589e-02,-3.2094e-02,-1.7859e-02,-1.9568e-02,-1.4951e-02,-8.9899e-03,-1.8750e-02,-2.0911e-02,-5.5658e-03
-2.6055e-03,5.7517e-03,3.1402e-02,2.7310e-02,2.6931e-02,4.6232e-02,3.1261e-02,1.5411e-02,1.4799e-02,5.0142e-02,3.5329e-02,4.5555e-02,7.0506e-02,6.7086e-02,5.0587e-02,3.7150e-02,1.6369e-02,1.8366e-03,1.5849e-02,1.7987e-02,1.3486e-02,4.7333e-03,-6.2912e-04,1.7255e-03,-8.0362e-03,7.7220e-03,7.9560e-03,3.9787e-03,-1.4726e-02,-5.0168e-02,-5.2460e-02,-4.5102e-02,-6.6813e-02,-5.5060e-02,-5.2384e-02,-3.0144e-02,-5.9707e-03,1.0720e-02,-1.7993e-02,-8.1691e-03,-1.0652e-02,-1.4756e-02,-1.3288e-02,2.6078e-03,1.4910e-02,3.7857e-02,5.5972e-02,5.1152e-02,5.7245e-02,5.3790e-02,8.0707e-02,4.8581e-02,3.2606e-02,1.4901e-02,7.9325e-02,6.9395e-02,2.7827e-02,2.6476e-02,6.4552e-02,4.5199e-02,2.4336e-02,3.0264e-02,3.0839e-02,-8.6742e-03,1.7928e-02,7.1888e-03,2.8901e-02,4.2397e-02,3.2750e-02,3.0345e-02,2.9852e-02,2.8272e-02,2.8377e-02,2.0444e-02,-1.7964e-03,-1.0407e-02,2.0397e-02,7.2246e-03,-1.2285e-02,-4.3745e-03,3.9491e-02,-1.4041e-02,-3.4081e-02,-4.5627e-02,-9.5429e-03,-1.9454e-02,-1.0826e-02,-3.7784e-02,-3.0200e-02,3.0783e-03,2.1307e-02,-4.8804e-03,-8.8118e-03,-2.6083e-03,-8.1311e-03,-8.9578e-03,-1.2012e-02,-1.8963e-02,-4.7937e-03,1.1203e-02
-1.2324e-02,2.0379e-02,1.6535e-02,2.8343e-02,4.4981e-02,2.7148e-02,8.0144e-03,3.3924e-02,3.4866e-02,8.5967e-02,7.3333e-02,7.3767e-02,6.5630e-02,6.0013e-02,5.2809e-02,4.8194e-02,3.1007e-02,2.9086e-02,7.2568e-04,2.7665e-02,4.2712e-02,1.2185e-02,-1.6473e-02,-4.0062e-02,-6.6740e-02,-4.2850e-02,-3.2869e-02,-4.6470e-02,-2.6237e-02,-6.5185e-02,-9.5199e-02,-7.9155e-02,-6.2404e-02,-7.4155e-02,-5.7881e-02,-6.3341e-02,-5.0748e-03,-1.4924e-02,-4.1167e-03,3.0490e-03,-3.1365e-03,3.7996e-03,3.6781e-03,7.7114e-03,1.6469e-02,3.2245e-02,3.7775e-02,2.8516e-02,4.9230e-02,6.5452e-02,7.2816e-02,4.4654e-02,6.0256e-02,1.5642e-02,4.1851e-02,4.9087e-02,6.0262e-02,1.3419e-02,1.3007e-02,6.7502e-02,4.1438e-02,1.7264e-02,2.0163e-02,2.3422e-03,-2.2395e-02,9.6106e-03,3.6404e-03,2.4034e-02,2.8093e-02,5.7264e-03,1.0019e-02,1.7647e-02,2.6905e-02,1.6132e-02,-1.1575e-03,2.2624e-03,3.9882e-03,1.3786e-02,-4.5799e-02,-5.3394e-03,1.7520e-02,2.3525e-02,-7.6050e-03,-2.4716e-02,-1.0844e-02,1.3926e-04,1.5701e-02,-2.7833e-02,-2.7470e-02,-1.6737e-03,6.2267e-03,-1.3810e-02,-1.6114e-02,-7.4268e-03,-6.1025e-03,7.5023e-04,-9.6072e-04,1.8606e-04,2.0398e-02,2.2180e-02
-1.2494e-02,1.1533e-02,1.6172e-02,1.0792e-02,2.5173e-02,1.5229e-02,6.2683e-02,7.2921e-02,1.1463e-01,7.7327e-02,6.8296e-02,7.0713e-02,6.3610e-02,5.4246e-02,6.3214e-02,6.1838e-02,5.1449e-02,3.5911e-02,-2.8338e-05,1.0125e-02,4.1983e-03,-8.6034e-03,-9.6168e-03,-2.4617e-02,-6.9965e-02,-7.5895e-02,-6.6046e-02,-8.1126e-02,-6.9165e-02,-5.8554e-02,-9.3848e-02,-1.0639e-01,-9.2302e-02,-8.4863e-02,-4.7751e-02,-5.4344e-02,-8.6528e-02,-1.0337e-01,-5.4272e-02,8.3345e-03,7.4522e-03,1.0197e-02,3.9253e-03,-1.0953e-04,1.1920e-02,3.5385e-02,2.1858e-02,2.8764e-02,4.7996e-02,6.4503e-02,6.3808e-02,8.0415e-02,5.2344e-02,7.1957e-02,4.0928e-02,6.7505e-02,4.0847e-02,3.5348e-02,-1.2482e-02,-1.4373e-02,4.2148e-02,1.3930e-02,-9.3205e-03,-7.4302e-03,-3.1996e-02,-2.0121e-02,-1.5751e-02,-1.0731e-02,2.1133e-02,3.0074e-03,-1.9524e-02,-3.4490e-03,1.0215e-02,7.7717e-03,1.0593e-02,6.8956e-03,-8.3753e-03,-1.0158e-02,-3.5313e-02,9.1514e-03,-3.5924e-02,-4.8487e-03,3.0899e-02,2.6983e-02,-7.8962e-03,2.0368e-02,3.5766e-02,2.9331e-03,-2.9679e-02,-8.8124e-03,-2.1783e-02,-1.6363e-02,3.4867e-03,8.6850e-03,-1.1880e-03,1.6641e-02,8.3869e-03,7.9572e-06,4.7324e-03,-1.0481e-02
5.0790e-03,2.5798e-04,1.5879e-02,-1.8047e-02,2.3823e-02,7.7583e-02,8.0765e-02,9.6163e-02,9.5683e-02,5.5685e-02,6.5478e-02,9.8364e-02,8.4181e-02,6.0917e-02,7.6770e-02,7.8946e-02,6.7818e-02,4.5485e-02,5.5014e-02,1.4012e-02,-1.5973e-02,-1.9949e-02,-1.7585e-02,-7.2051e-03,-2.8205e-02,-7.5080e-02,-6.8561e-02,-7.8791e-02,-7.9633e-02,-6.0912e-02,-5.3138e-02,-8.4149e-02,-8.2995e-02,-8.1953e-02,-8.0548e-02,-7.0650e-02,-8.3383e-02,-7.3005e-02,-8.8012e-02,-1.0951e-01,-5.4941e-02,7.6471e-03,3.0681e-02,2.9861e-02,3.8292e-02,3.3320e-02,3.2274e-02,5.8299e-02,7.4346e-02,6.2893e-02,6.1930e-02,1.0036e-01,9.1869e-02,9.5258e-02,6.6238e-02,5.8352e-02,8.0501e-02,7.1267e-02,2.7091e-02,1.7149e-02,-3.0469e-02,1.2322e-02,2.9621e-02,1.7454e-02,1.3022e-03,-1.3852e-02,-4.8128e-02,-5.0623e-02,-3.7957e-02,-3.1759e-03,-2.7289e-02,-3.1741e-02,-2.3148e-02,-7.3260e-03,9.4489e-03,-1.0366e-03,-2.2522e-02,-3.0661e-02,9.5075e-03,-5.0053e-03,-5.8861e-02,-9.8736e-03,1.7267e-02,4.8098e-02,8.0944e-03,3.3657e-02,2.4387e-02,2.6796e-02,1.2281e-02,1.6382e-04,9.6907e-03,1.2361e-02,2.6314e-02,3.1330e-02,2.0946e-02,1.4680e-02,-2.5772e-03,-2.8485e-04,-8.2259e-03,-1.8044e-02
-1.3378e-03,1.2036e-02,2.0373e-02,5.7847e-02,6.0143e-02,8.2058e-02,8.5329e-02,9.7878e-02,7.2807e-02,6.5435e-02,8.8362e-02,1.0715e-01,9.2134e-02,7.6472e-02,8.5658e-02,7.2105e-02,5.7274e-02,5.4204e-02,7.5887e-02,2.2032e-02,5.5551e-03,-2.7681e-02,-3.0898e-02,-2.4352e-02,-1.3995e-02,-5.0301e-02,-6.7073e-02,-7.3386e-02,-8.7802e-02,-7.7697e-02,-5.4037e-02,-6.3940e-02,-7.7518e-02,-7.6778e-02,-5.2347e-02,-7.2039e-02,-6.7760e-02,-4.2107e-02,-1.9186e-02,-1.3497e-02,-6.9022e-02,-3.9179e-02,9.4049e-03,3.7249e-02,2.3525e-02,4.1924e-02,8.8497e-02,1.1258e-01,1.1102e-01,8.5060e-02,6.8746e-02,1.1173e-01,1.0671e-01,1.0585e-01,7.8585e-02,6.1297e-02,6.4352e-02,8.4967e-02,8.9184e-02,6.5822e-02,1.5047e-03,-2.6411e-02,-9.3926e-03,1.7869e-02,-2.7211e-03,-3.3106e-02,-2.7787e-02,-5.5972e-02,-8.5238e-02,-5.6280e-02,-2.8817e-02,-5.0657e-02,-3.5854e-02,-2.3988e-02,-1.4749e-02,-2.5363e-02,-2.2778e-02,-8.5185e-03,1.7390e-02,-4.9612e-03,-1.2555e-02,-3.5638e-03,1.2313e-02,2.9533e-02,4.7287e-02,1.6898e-02,3.2918e-02,4.9144e-02,6.1504e-02,2.6392e-02,3.5993e-02,3.9410e-02,4.7094e-02,3.3853e-02,2.2554e-02,1.5174e-02,-1.3588e-03,1.9752e-02,-2.8674e-03,-3.0439e-03
1.2966e-02,4.0655e-02,3.1316e-02,9.1829e-02,8.4401e-02,8.4627e-02,8.0315e-02,8.0733e-02,6.8436e-02,9.4029e-02,1.0743e-01,9.1931e-02,8.4636e-02,9.2909e-02,8.0632e-02,6.5313e-02,6.8359e-02,7.2590e-02,4.7512e-02,2.0492e-02,1.3933e-02,3.7477e-03,-2.5261e-02,-5.3919e-02,-4.6070e-02,-3.6675e-02,-5.3975e-02,-6.5285e-02,-8.1941e-02,-1.0437e-01,-9.0789e-02,-6.6414e-02,-5.3417e-02,-7.8511e-02,-9.6611e-02,-7.6737e-02,-9.3053e-02,-5.7244e-02,1.8256e-02,2.9558e-02,2.9177e-02,1.6651e-02,1.1785e-02,6.0336e-02,7.3278e-02,5.9847e-02,5.0822e-02,5.8272e-02,8.6005e-02,1.0858e-01,7.9961e-02,8.5173e-02,8.5346e-02,1.1581e-01,9.2688e-02,7.9419e-02,5.4232e-02,5.1981e-02,8.5117e-02,1.0539e-01,6.8988e-02,1.6982e-02,1.0649e-02,-2.5407e-02,-4.9012e-02,-5.3997e-02,-3.2787e-02,-2.8888e-02,-4.0709e-02,-7.4759e-02,-7.1213e-02,-4.7896e-02,-7.4149e-02,-5.2447e-02,-6.3917e-02,-3.6717e-02,-2.0706e-03,7.9080e-03,-3.5037e-04,1.7095e-02,4.1479e-02,-1.3649e-03,2.0615e-02,2.8166e-02,4.8615e-02,1.5420e-02,3.7638e-02,4.0891e-02,6.9783e-02,6.0341e-02,6.2490e-02,5.8165e-02,4.5256e-02,2.4767e-02,3.9338e-02,2.2236e-02,1.1527e-02,2.7041e-02,-8.3134e-04,5.2783e-03
1.0340e-02,3.5779e-02,3.8940e-02,6.5980e-02,6.6816e-02,7.5081e-02,7.3109e-02,7.4065e-02,8.8299e-02,1.0804e-01,1.1062e-01,6.5856e-02,8.2744e-02,9.7650e-02,9.0629e-02,7.8140e-02,5.7271e-02,4.5685e-02,3.5407e-02,2.6741e-02,2.4879e-02,1.3770e-02,-2.0059e-02,-4.5643e-02,-7.4871e-02,-7.3381e-02,-7.4993e-02,-5.9147e-02,-7.0147e-02,-9.6740e-02,-1.2519e-01,-1.1705e-01,-6.2775e-02,-1.1383e-01,-1.3352e-01,-1.0662e-01,-6.0106e-02,-1.2406e-01,-6.1918e-02,-4.4927e-02,-2.8464e-02,-1.4232e-02,-4.1716e-03,-1.3694e-02,2.5251e-02,6.2831e-02,6.4746e-02,5.7529e-02,5.7334e-02,6.3149e-02,1.0818e-01,8.9560e-02,7.5140e-02,1.2351e-01,1.2784e-01,1.2527e-01,1.2090e-01,8.4536e-02,8.0967e-03,7.1545e-02,1.0467e-01,5.5027e-02,1.7156e-02,-2.8669e-02,-2.2657e-02,-4.4456e-02,-5.3250e-02,-5.1112e-02,-4.8233e-02,-4.4828e-02,-4.5894e-02,-6.0686e-02,-7.2595e-02,-8.9648e-02,-5.4425e-02,-3.9473e-02,-3.8148e-03,5.4276e-03,-1.7995e-02,2.8116e-02,5.9421e-02,4.5493e-02,2.6850e-02,3.3729e-02,5.3842e-02,7.7585e-02,2.0857e-02,4.5838e-02,7.3674e-02,7.9927e-02,7.8310e-02,7.4489e-02,5.7805e-02,5.7529e-02,6.7577e-02,4.1349e-02,3.1581e-02,2.3127e-02,-1.9226e-03,7.2643e-03
-4.2309e-03,1.9296e-02,6.7425e-02,4.7620e-02,5.3176e-02,5.2673e-02,5.0016e-02,8.4966e-02,1.0367e-01,1.0638e-01,9.6789e-02,5.7420e-02,9.5105e-02,1.0115e-01,7.3728e-02,5.4882e-02,4.4748e-02,3.6142e-02,2.7543e-02,2.4842e-02,1.2233e-02,1.4134e-02,-1.6035e-02,-3.4387e-02,-4.5818e-02,-7.0668e-02,-9.4500e-02,-9.7292e-02,-8.5842e-02,-1.0193e-01,-1.2529e-01,-1.2006e-01,-1.2208e-01,-1.1129e-01,-7.1031e-02,-5.1724e-02,3.2809e-03,-2.8973e-02,-9.2230e-02,-5.8951e-02,-1.2871e-02,-1.7094e-02,-7.8805e-03,1.0217e-02,-1.8829e-02,4.4140e-02,9.4400e-02,9.8789e-02,1.0320e-01,1.0887e-01,1.3588e-01,1.0347e-01,1.0437e-01,7.4599e-02,9.1284e-02,7.9543e-02,8.6406e-02,8.8529e-02,6.5096e-02,4.6695e-03,-3.1442e-02,2.7824e-02,5.5314e-03,-8.0704e-03,-1.0916e-02,-4.2957e-02,-5.8903e-02,-6.3172e-02,-7.7875e-02,-8.0385e-02,-6.7574e-02,-4.4387e-02,-2.6389e-02,-4.9829e-02,-4.1653e-02,-4.7117e-02,-3.8927e-02,-1.4677e-02,8.3794e-04,1.1165e-02,5.9164e-02,4.7690e-02,2.2844e-02,2.6491e-02,5.7850e-02,9.3190e-02,7.6798e-02,5.0970e-02,5.3381e-02,8.8272e-02,7.9172e-02,6.7454e-02,5.0150e-02,6.0014e-02,5.1850e-02,5.7323e-02,6.4170e-02,2.6816e-02,1.0826e-03,1.3132e-02
-1.9554e-02,-1.4396e-02,3.7527e-02,2.7116e-02,3.4242e-02,4.5661e-02,6.2464e-02,9.5883e-02,1.0481e-01,9.7403e-02,8.4991e-02,9.1432e-02,9.5681e-02,8.2016e-02,8.0990e-02,7.9627e-02,7.6322e-02,6.5505e-02,4.3449e-02,2.2103e-02,6.1233e-03,-7.3422e-03,-5.8836e-03,-2.9669e-02,-2.8471e-02,-3.7821e-02,-7.3190e-02,-1.1612e-01,-9.9235e-02,-9.4088e-02,-1.0769e-01,-9.6481e-02,-1.1722e-01,-9.8564e-02,-6.4254e-02,-7.5908e-02,-6.8014e-02,-4.5754e-02,-6.0011e-02,-9.0175e-02,-4.6308e-02,-1.1086e-02,1.7659e-02,2.6818e-02,2.2791e-02,4.1866e-02,9.0097e-02,9.0539e-02,1.0456e-01,8.3295e-02,7.0930e-02,9.2540e-02,9.5245e-02,8.6714e-02,6.0682e-02,8.8854e-02,7.4080e-02,8.0050e-02,6.1407e-02,5.6102e-02,3.7868e-02,-5.3744e-04,-7.0115e-03,-5.7468e-02,-4.6905e-02,-4.7194e-02,-9.3728e-02,-9.6562e-02,-8.3750e-02,-8.3754e-02,-8.3621e-02,-5.6216e-02,-2.8212e-02,-7.2693e-03,-2.8935e-02,-3.2378e-03,-2.5101e-02,-2.1308e-03,-9.4692e-03,-3.0096e-02,-5.8257e-03,2.3225e-02,3.4940e-02,4.2727e-02,3.6585e-02,8.9839e-02,1.2439e-01,8.0172e-02,5.0086e-02,7.2149e-02,6.3441e-02,6.1532e-02,6.8684e-02,6.1196e-02,4.2851e-02,4.9369e-02,7.1292e-02,4.2116e-02,1.3042e-02,2.3737e-02
-1.5493e-02,2.1129e-02,2.5573e-02,5.7225e-03,3.1180e-02,7.2216e-02,7.9252e-02,9.5937e-02,9.8525e-02,9.1795e-02,9.5589e-02,1.2632e-01,9.1416e-02,8.5014e-02,9.7296e-02,9.7652e-02,8.0754e-02,6.0618e-02,4.0229e-02,2.1324e-02,7.9900e-03,-1.2799e-02,-1.5076e-02,-2.7939e-02,-4.0666e-02,-4.5411e-02,-5.3271e-02,-7.8523e-02,-8.3119e-02,-7.6254e-02,-1.0097e-01,-1.0121e-01,-1.3211e-01,-1.1292e-01,-4.9342e-02,-8.0394e-02,-1.1617e-01,-7.9715e-02,-2.1006e-02,-6.3870e-02,-6.5008e-02,-2.5179e-02,7.2641e-03,3.8766e-02,5.1887e-02,1.3297e-02,9.4181e-03,1.9111e-02,3.8954e-02,6.9108e-02,8.3067e-02,1.2635e-01,1.1244e-01,5.6092e-02,9.0487e-02,8.6154e-02,7.8406e-02,9.3464e-02,7.8828e-02,2.7545e-02,-1.2894e-03,3.2242e-03,1.5263e-02,3.6065e-02,1.0980e-02,-3.0550e-02,-4.0493e-02,-7.9891e-02,-8.2953e-02,-5.8466e-02,-8.9537e-02,-7.9577e-02,-5.7084e-02,-4.9637e-02,-3.8338e-02,-2.4724e-02,-2.7242e-02,-2.2744e-02,-3.8215e-03,-1.8840e-02,-8.3340e-03,5.5405e-02,8.7514e-02,1.0501e-01,9.4019e-02,4.1094e-02,1.1145e-01,1.0832e-01,5.4168e-02,8.1561e-02,7.0563e-02,7.5209e-02,9.5160e-02,7.2559e-02,5.7780e-02,5.0833e-02,5.1850e-02,3.7378e-02,1.3210e-02,4.6152e-03
1.8771e-02,4.8781e-02,8.2242e-03,1.8431e-02,5.3651e-02,8.7239e-02,8.3946e-02,8.7247e-02,8.7084e-02,8.8968e-02,1.1473e-01,1.2334e-01,9.2648e-02,8.2871e-02,8.9339e-02,7.6701e-02,6.3114e-02,5.3105e-02,4.0884e-02,2.4909e-02,7.2418e-03,-1.0806e-02,-4.0222e-02,-3.3683e-02,-4.6713e-02,-6.4663e-02,-6.1271e-02,-7.2164e-02,-9.6315e-02,-9.8433e-02,-9.5612e-02,-9.5272e-02,-1.0859e-01,-9.8411e-02,-1.0924e-01,-7.9615e-02,-6.1294e-02,-8.1050e-02,-3.0777e-02,-1.2451e-02,-3.0012e-02,1.1603e-02,1.4238e-02,3.7971e-02,8.3604e-02,9.4254e-02,6.8926e-02,7.5855e-02,6.2835e-02,6.8976e-02,8.7212e-02,1.1652e-01,1.5026e-01,1.1434e-01,8.3649e-02,7.9268e-02,8.9902e-02,1.7774e-02,8.4883e-02,6.5682e-02,2.4594e-02,-7.2162e-04,-1.3489e-02,-2.8135e-02,-2.2923e-02,-1.2380e-02,-1.3673e-02,-3.8641e-02,-6.2005e-02,-8.0489e-02,-9.7010e-02,-1.0683e-01,-9.3678e-02,-7.7865e-02,-6.8132e-02,-6.2503e-02,-3.2671e-02,-4.4000e-02,-2.0858e-03,2.4971e-02,3.2723e-02,-6.1360e-03,4.5152e-02,8.5331e-02,1.1375e-01,8.3468e-02,8.9696e-02,1.3705e-01,1.1886e-01,1.0859e-01,9.2018e-02,1.0418e-01,1.1069e-01,9.5543e-02,7.9308e-02,4.5027e-02,2.8404e-02,1.4946e-02,1.3682e-02,-1.1381e-02
8.2355e-03,3.2323e-02,1.5439e-02,4.1885e-02,5.5003e-02,8.0904e-02,7.4432e-02,7.0163e-02,7.0198e-02,8.3465e-02,1.0206e-01,9.9096e-02,8.4369e-02,8.2554e-02,6.5446e-02,5.7676e-02,5.6723e-02,5.2565e-02,4.1604e-02,2.5569e-02,7.8391e-03,-1.0219e-02,-2.9587e-02,-5.2203e-02,-4.3750e-02,-5.5169e-02,-5.9398e-02,-7.6262e-02,-8.4602e-02,-1.1301e-01,-9.0967e-02,-7.2402e-02,-6.8881e-02,-7.2231e-02,-1.3050e-01,-1.0136e-01,-5.4137e-02,-5.9283e-02,-3.9467e-02,-3.5251e-03,-8.7868e-03,-1.6440e-03,-1.0552e-03,3.5481e-03,3.4576e-02,5.5382e-02,5.2812e-02,7.1320e-02,1.1542e-01,1.1381e-01,8.4132e-02,7.0265e-02,1.0261e-01,1.0041e-01,1.4323e-01,9.3427e-02,4.5293e-02,4.7719e-02,5.0428e-02,3.3751e-02,6.8021e-02,4.6513e-02,2.5083e-02,-1.0710e-02,-7.3730e-02,-6.4122e-02,-3.8437e-02,-5.1026e-02,-6.4627e-02,-6.0400e-02,-1.1721e-01,-1.1625e-01,-1.0855e-01,-1.0724e-01,-8.7099e-02,-5.8682e-02,-2.2464e-02,-2.2521e-02,1.7952e-02,4.7160e-02,2.5647e-02,3.9468e-02,-6.0636e-03,5.2136e-02,9.1543e-02,1.0550e-01,6.7502e-02,1.1342e-01,1.4580e-01,1.2777e-01,1.0027e-01,1.1179e-01,9.7723e-02,9.9839e-02,8.9094e-02,4.3961e-02,2.3440e-02,1.3381e-02,2.3864e-02,-1.7448e-02
-8.9759e-03,6.7077e-03,4.4189e-02,4.2542e-02,4.6190e-02,6.2047e-02,5.4821e-02,6.2725e-02,6.7021e-02,7.9514e-02,8.1443e-02,7.1304e-02,7.3293e-02,7.5496e-02,5.3349e-02,4.9208e-02,5.3948e-02,5.0580e-02,3.7133e-02,1.8881e-02,3.7846e-03,-6.2758e-03,-1.3251e-02,-2.9617e-02,-5.0784e-02,-4.4079e-02,-5.2117e-02,-7.4032e-02,-7.7303e-02,-8.1455e-02,-9.3033e-02,-6.5558e-02,-5.5466e-02,-5.9087e-02,-7.6746e-02,-8.6549e-02,-5.0098e-02,-5.9487e-02,-4.1912e-02,-5.1584e-05,-2.5475e-03,-7.8657e-03,-2.4580e-03,9.3493e-04,5.5814e-03,3.0825e-02,4.8194e-02,6.3196e-02,7.1178e-02,7.5884e-02,9.4403e-02,5.8190e-02,5.3499e-02,6.7368e-02,7.8773e-02,7.9549e-02,6.5264e-02,1.0406e-02,1.5944e-02,2.7346e-02,1.7670e-02,2.7843e-04,3.0368e-02,2.5623e-03,-2.9497e-02,-7.2355e-02,-6.9771e-02,-6.1007e-02,-5.3346e-02,-5.8809e-02,-5.5839e-02,-6.3853e-02,-8.0208e-02,-9.5386e-02,-1.0445e-01,-7.4872e-02,-3.6870e-02,1.0889e-02,3.9012e-02,2.9125e-02,2.7400e-02,4.9475e-02,5.5571e-02,6.2513e-02,1.9623e-02,8.4270e-02,1.2145e-01,5.8206e-02,1.2648e-01,9.2708e-02,8.6326e-02,9.8255e-02,6.1192e-02,7.8897e-02,8.4253e-02,5.1656e-02,3.2729e-02,2.3905e-02,2.6238e-02,-1.8740e-02
-4.0939e-04,3.1429e-03,4.1111e-02,3.5851e-02,3.4404e-02,4.0002e-02,4.2698e-02,5.4743e-02,6.6212e-02,7.0641e-02,6.9478e-02,5.7084e-02,6.3809e-02,6.1348e-02,5.0168e-02,4.4871e-02,4.6285e-02,4.1629e-02,2.7905e-02,1.0738e-02,-1.2053e-03,-5.2792e-03,-4.7719e-03,-8.2145e-03,-4.4093e-02,-4.5663e-02,-4.6485e-02,-5.4056e-02,-5.3583e-02,-4.3310e-02,-7.6402e-02,-6.3593e-02,-5.0703e-02,-5.1919e-02,-4.6017e-02,-5.1778e-02,-5.2081e-02,-3.6445e-02,-4.7085e-02,-2.5185e-02,-2.9961e-03,1.3913e-02,1.6727e-02,1.5683e-02,1.6613e-02,1.9870e-02,3.4700e-02,4.1429e-02,4.0816e-02,4.6701e-02,5.7656e-02,5.7909e-02,2.1988e-02,5.9226e-02,5.2936e-02,3.6847e-02,5.0473e-02,9.3943e-02,3.4550e-02,3.0333e-04,6.7574e-03,-1.9389e-02,-2.5525e-02,-4.1790e-02,-1.5115e-02,-1.8524e-02,-2.8689e-02,-3.3605e-02,-4.6948e-02,-5.2242e-02,-4.8930e-02,-4.8154e-02,-4.8313e-02,-6.6701e-03,-1.6358e-02,-3.7538e-02,-4.8038e-02,-3.2575e-02,-6.8622e-03,2.6932e-02,3.5805e-02,5.1858e-02,7.3585e-02,7.5406e-02,9.0565e-02,5.1976e-02,1.0814e-01,6.0569e-02,8.3580e-02,7.4641e-02,8.5459e-02,9.0526e-02,4.6279e-02,6.1723e-02,6.6833e-02,5.9112e-02,4.1366e-02,3.2387e-02,1.8541e-02,-1.6478e-02
5.5390e-04,-6.7335e-03,2.4252e-02,2.4211e-02,1.9400e-02,2.1864e-02,3.7826e-02,3.7742e-02,5.9981e-02,5.6590e-02,5.6557e-02,5.3049e-02,5.7782e-02,4.8568e-02,4.3771e-02,3.9086e-02,3.4124e-02,2.7961e-02,1.7868e-02,4.9161e-03,-5.0444e-03,-7.5779e-03,-5.1359e-03,-4.9653e-03,-2.3630e-02,-4.8467e-02,-4.3449e-02,-2.6511e-02,-2.2232e-02,-1.6480e-02,-3.2593e-02,-6.8086e-02,-5.2166e-02,-5.1409e-02,-3.2592e-02,-3.1248e-02,-4.4306e-02,-1.6435e-02,-3.9948e-02,-4.5462e-02,-2.8508e-02,-1.4171e-02,2.9985e-02,3.9978e-02,3.8682e-02,3.8031e-02,3.6839e-02,3.7688e-02,4.4336e-02,6.1116e-02,5.9771e-02,7.2551e-02,2.9236e-02,5.9977e-02,4.5627e-02,3.0127e-02,4.6696e-02,4.7939e-02,6.4334e-02,3.7644e-02,2.0606e-02,2.0228e-02,9.1907e-03,-5.4942e-03,-8.1417e-03,-5.0587e-02,-3.0427e-02,-1.9319e-02,-2.8774e-02,-3.1587e-02,-3.5774e-02,-2.2558e-02,-4.4646e-02,-4.8420e-02,-1.0388e-02,6.4695e-03,1.4270e-02,-3.8853e-02,-8.3338e-02,-7.4295e-03,2.0344e-02,4.7113e-02,5.8682e-02,6.4923e-02,7.0877e-02,1.0339e-01,7.6481e-02,1.1362e-01,4.6929e-02,9.7629e-02,9.6798e-02,8.4941e-02,6.6146e-02,5.6111e-02,4.9893e-02,6.6080e-02,4.5338e-02,3.2479e-02,1.0338e-02,-9.1065e-03
-9.8295e-03,-1.7899e-02,2.4473e-03,5.4599e-03,8.5011e-06,7.8529e-03,3.6464e-02,2.8703e-02,4.7999e-02,3.8348e-02,3.9960e-02,4.8115e-02,5.0875e-02,4.0376e-02,3.4794e-02,2.9865e-02,2.1742e-02,1.3288e-02,8.0049e-03,4.1391e-04,-9.0038e-03,-1.5110e-02,-1.6344e-02,-1.5277e-02,-1.7481e-02,-2.0437e-02,-4.6215e-02,-9.7251e-03,-4.5140e-03,-1.3865e-02,-2.0072e-02,-4.6510e-02,-5.8928e-02,-5.6482e-02,-2.6037e-02,-2.7050e-02,-4.1607e-02,-3.1537e-02,-2.6520e-02,-3.9837e-02,-1.9759e-02,-3.4191e-02,-1.1382e-02,2.5096e-02,4.2910e-02,4.9968e-02,5.1236e-02,4.8008e-02,5.1485e-02,5.4878e-02,5.6394e-02,6.0840e-02,5.0588e-02,7.3532e-02,4.8731e-02,2.4529e-02,4.2664e-02,3.3560e-02,2.1727e-02,6.3482e-02,5.4082e-02,2.0378e-02,2.8936e-02,2.6206e-02,1.8417e-02,4.6266e-03,-1.2096e-02,-4.3410e-02,-8.1541e-02,-8.7004e-02,-5.9758e-02,-5.7396e-02,-6.1034e-02,-6.0288e-02,-3.8035e-02,-3.4739e-02,-2.4209e-02,2.3143e-03,-5.5034e-03,3.4154e-04,-1.2609e-02,6.2001e-03,3.8069e-02,4.2271e-02,4.8854e-02,7.6733e-02,1.1264e-01,1.0648e-01,1.2012e-01,1.8009e-02,1.1606e-01,8.8003e-02,1.0417e-01,5.9941e-02,4.5562e-02,6.5223e-02,4.8005e-02,2.6687e-02,7.8794e-03,6.5180e-03
5.2845e-03,1.5986e-02,4.3219e-03,3.2964e-03,-8.6713e-03,8.0569e-04,3.1293e-02,2.5848e-02,3.2139e-02,1.8572e-02,2.1867e-02,3.5718e-02,3.7411e-02,3.1917e-02,2.7309e-02,2.1490e-02,1.1479e-02,1.5897e-03,1.9445e-03,3.8621e-03,3.2686e-05,-8.2015e-03,-1.9750e-02,-2.9099e-02,-2.0207e-02,-1.6987e-02,-1.6630e-02,-1.6213e-02,-6.0235e-03,-2.8863e-02,-2.1558e-02,-6.7591e-03,-2.8232e-02,-4.9194e-02,-4.2722e-02,-3.2614e-02,-4.6635e-02,-3.0113e-02,6.1814e-03,-9.3732e-03,2.6081e-03,-1.2176e-02,-1.4571e-02,-1.2241e-02,7.5170e-03,2.4142e-02,2.6707e-02,2.2015e-02,2.3524e-02,1.2984e-02,1.7689e-02,2.6574e-02,3.1837e-02,2.2425e-02,5.4036e-02,1.9627e-02,1.5608e-02,1.6043e-02,-7.5044e-03,9.9228e-03,2.9516e-02,6.3458e-02,2.2451e-02,6.4332e-03,9.8720e-03,1.0706e-02,1.1446e-02,1.0118e-02,1.1476e-02,-4.3365e-02,-8.7220e-02,-3.8555e-02,-2.4121e-02,-4.4242e-02,-5.0158e-02,-5.7827e-02,-3.9509e-02,-1.0455e-02,7.0452e-03,-1.3349e-02,6.4499e-02,6.4293e-02,4.6719e-02,4.4923e-02,8.5024e-02,1.0033e-01,6.6118e-02,1.1192e-01,1.0710e-01,1.1535e-01,7.1296e-02,1.0151e-01,1.1926e-01,7.0464e-02,5.1940e-02,5.3342e-02,5.0100e-02,2.4018e-02,1.6663e-02,1.1855e-02
-1.2382e-02,2.2889e-02,5.0449e-03,2.1600e-02,1.5889e-02,1.2903e-02,1.8889e-02,1.6403e-02,1.2516e-02,2.1941e-03,5.8900e-03,1.4166e-02,1.3566e-02,1.6293e-02,1.8272e-02,1.5224e-02,4.4480e-03,-2.9690e-03,3.1087e-03,1.1237e-02,1.2965e-02,6.5600e-03,-5.9982e-03,-1.1420e-02,1.6907e-03,-1.8172e-02,-1.8805e-02,-6.1842e-03,-4.1863e-02,-3.6327e-02,-2.1018e-02,1.0223e-02,1.7883e-02,8.3931e-04,-2.7163e-02,-4.5337e-03,-7.6854e-03,-1.8727e-03,2.6414e-02,8.8308e-03,1.1272e-02,9.1297e-04,-5.2082e-03,-3.1649e-03,-1.5743e-02,-1.7266e-02,-6.1069e-03,-6.6836e-03,-6.1225e-03,-2.5175e-03,-9.7025e-03,-8.3984e-03,-1.3343e-02,-1.9642e-02,-9.8762e-03,5.2991e-03,-1.8288e-02,-9.6268e-03,-1.1188e-02,-6.7224e-03,-7.3254e-03,-2.8760e-02,-1.8092e-02,-5.1538e-03,2.1669e-03,-1.1803e-02,-2.2830e-02,7.1773e-04,3.5752e-02,6.0118e-02,3.2018e-02,-2.7031e-02,-2.5865e-02,-4.5459e-03,-1.9830e-02,-1.1139e-02,-1.9468e-02,8.3741e-03,2.6520e-02,3.7513e-03,4.7412e-02,3.1674e-02,4.4398e-02,6.2056e-02,7.3882e-02,4.4583e-02,1.3237e-02,6.4109e-02,7.7963e-02,1.2358e-01,-1.0941e-02,7.8600e-02,8.4318e-02,6.8831e-02,5.6640e-02,3.9496e-02,4.9978e-02,3.0331e-02,1.4496e-02,-7.0705e-04
2.8882e-03,-4.1473e-03,-1.3736e-02,-1.4252e-02,3.6603e-02,1.4461e-02,2.4262e-03,9.1564e-05,-8.9344e-03,-8.2902e-03,-6.3348e-03,-8.6501e-03,-1.4531e-02,-1.0344e-02,4.4974e-04,5.6382e-03,-7.8098e-04,-1.8394e-03,5.5046e-03,1.2498e-02,1.4895e-02,7.7727e-03,-1.0097e-03,5.1406e-03,2.4072e-02,-6.1565e-04,2.8093e-03,-4.2032e-03,-2.1829e-02,-3.2621e-02,-1.9358e-02,3.2377e-03,3.2378e-02,4.9582e-02,9.2078e-03,1.1575e-02,1.7871e-02,3.4536e-03,7.9053e-03,1.5488e-02,6.7008e-03,6.9568e-03,-1.1841e-03,-2.1203e-03,-6.1996e-03,-1.7296e-02,-3.1110e-02,-3.9517e-02,-3.0798e-02,-1.9297e-02,-1.9297e-02,-8.1629e-03,-4.6342e-03,-2.2160e-03,-1.1112e-02,1.0065e-02,4.4508e-03,9.2929e-03,-8.3686e-03,-3.6130e-02,-1.9942e-02,-5.2512e-03,-3.7647e-02,-3.8755e-02,1.0991e-02,-3.9159e-03,-7.0231e-03,-1.7707e-02,-2.0047e-02,1.3154e-02,5.0262e-02,4.3885e-02,2.4477e-02,1.6219e-02,-1.8851e-02,-2.5513e-02,-2.8625e-02,1.1746e-02,2.4623e-02,4.6655e-02,3.4120e-02,3.0873e-02,3.8767e-02,4.3083e-02,4.3264e-02,2.8004e-02,3.9394e-02,1.6252e-03,5.4557e-02,1.0033e-01,9.6386e-02,3.2624e-02,6.2347e-02,5.0995e-02,4.8865e-02,3.1592e-02,3.8859e-02,2.3896e-02,4.6622e-03,-5.8936e-03
8.9946e-03,7.0602e-03,-2.1303e-02,-1.7117e-02,-1.6696e-02,-7.5256e-03,-1.1356e-02,-1.5816e-02,-2.6124e-02,-1.5245e-02,-1.9634e-02,-2.6677e-02,-2.8086e-02,-2.8075e-02,-2.4849e-02,-1.5847e-02,-9.6966e-03,-2.3938e-03,3.8804e-03,7.7916e-03,7.0499e-03,-1.6481e-03,5.6544e-03,1.7100e-02,2.9606e-02,7.4809e-03,1.8862e-02,6.0310e-03,1.6869e-02,3.0479e-02,3.1660e-02,5.9815e-03,1.1445e-02,5.4747e-02,4.0662e-02,2.9139e-02,3.1241e-02,8.1474e-03,-2.3199e-03,1.6702e-02,-1.8599e-03,5.8314e-03,-3.7938e-04,-4.6283e-03,-7.3361e-03,-1.3591e-02,-1.7531e-02,-2.0366e-02,-2.2285e-03,-1.0923e-02,-1.4957e-02,-1.6361e-02,-1.4609e-02,-1.0513e-02,-1.9342e-02,-2.8808e-03,-1.2939e-02,-1.1486e-02,1.9174e-02,4.0668e-03,-1.6503e-02,-3.0636e-03,2.2899e-02,-5.1700e-04,-1.7485e-02,4.7718e-03,8.8801e-03,-1.1571e-02,-3.0155e-02,-3.4723e-02,-1.1228e-02,5.5551e-03,3.4300e-02,4.5851e-02,5.1163e-02,1.1145e-02,-8.3174e-03,5.1360e-03,1.2498e-02,1.9381e-02,4.5303e-03,2.0325e-02,3.7374e-02,3.2590e-02,2.5730e-02,4.0468e-02,5.1127e-02,5.3710e-02,2.5091e-02,3.4572e-02,1.1451e-01,1.4761e-02,3.4863e-02,4.6074e-02,3.9781e-02,1.5976e-02,4.5640e-03,1.5838e-02,-4.8748e-04,-4.6417e-03
5.6359e-03,-7.5645e-03,-3.3262e-02,8.8734e-03,-2.6279e-02,-5.6049e-02,-2.9217e-02,-2.4659e-02,-3.4642e-02,-2.8142e-02,-3.5602e-02,-4.2373e-02,-3.3739e-02,-2.7831e-02,-2.7148e-02,-2.9808e-02,-2.6991e-02,-1.4954e-02,-5.8369e-03,-2.8091e-03,-8.5928e-03,-7.0427e-03,1.3747e-02,2.3898e-02,2.3686e-02,1.8479e-02,2.1388e-02,2.5285e-02,4.3066e-02,6.6970e-02,7.4897e-02,4.0436e-02,-9.1448e-03,2.4202e-02,6.3664e-02,3.2046e-02,3.4341e-02,1.9628e-02,3.1062e-03,5.1668e-03,3.6623e-03,5.9924e-03,-1.1715e-03,-5.6719e-03,-6.1438e-03,-1.2568e-02,-1.3719e-02,-7.6474e-03,-3.2603e-03,-1.9766e-02,-2.5327e-02,-3.2248e-02,-2.9521e-02,-2.4336e-02,-2.6278e-02,-1.7303e-02,-2.4233e-02,-3.3861e-02,-1.2772e-02,5.1388e-03,1.1313e-02,3.1687e-03,5.5572e-04,7.0065e-03,9.3043e-03,3.3416e-02,4.2795e-02,7.1277e-02,6.1419e-02,1.7941e-02,-2.8439e-03,1.8960e-03,-6.9283e-03,1.5653e-02,8.8416e-02,8.7443e-02,4.5825e-02,-2.8198e-03,-1.6483e-03,1.9858e-02,-7.0856e-03,-4.1475e-03,9.4791e-03,1.4240e-02,1.8668e-02,3.3118e-02,4.2128e-02,6.3155e-02,6.3212e-02,-3.3763e-03,6.0735e-02,3.7663e-02,-1.6702e-02,2.9020e-02,1.5082e-02,1.2687e-02,-1.0457e-02,1.0588e-02,-1.8960e-03,-2.3519e-04
4.3361e-03,-2.0125e-02,-7.8973e-03,-2.3287e-02,-3.0739e-02,-4.3505e-02,-5.8917e-02,-3.1102e-02,-4.3909e-02,-4.7390e-02,-4.5831e-02,-5.0908e-02,-3.9102e-02,-3.4760e-02,-3.4580e-02,-2.7419e-02,-1.8084e-02,-2.4110e-02,-2.8360e-02,-2.6054e-02,-3.0947e-02,-2.3135e-03,1.3658e-02,1.9785e-02,1.2920e-02,2.3334e-02,3.0095e-02,4.9595e-02,7.1614e-02,6.7474e-02,5.9807e-02,6.4877e-02,4.0509e-02,2.8212e-03,3.6335e-02,2.9365e-02,3.8882e-02,3.4836e-02,1.5567e-02,1.0410e-02,2.7990e-02,1.8560e-02,6.7928e-03,-8.7760e-04,4.6361e-03,8.9352e-04,3.2300e-03,-1.2906e-03,-3.1361e-02,-3.4173e-02,-4.1937e-02,-4.7100e-02,-4.4088e-02,-3.8860e-02,-3.6074e-02,-3.3999e-02,-3.7051e-02,-4.6240e-02,-3.0940e-02,-1.8570e-02,-1.3511e-02,-3.1256e-03,1.7495e-02,1.2191e-02,-3.2574e-03,-1.3598e-04,3.8598e-02,7.0416e-02,7.5451e-02,7.4701e-02,7.4220e-02,6.8817e-02,6.0633e-02,3.3958e-02,3.3316e-02,9.2279e-02,8.6130e-02,5.5077e-02,5.9016e-02,3.6334e-02,1.7454e-02,4.0268e-03,1.0686e-02,8.4642e-03,-6.4489e-04,2.2779e-02,3.9127e-02,2.0072e-02,2.9186e-02,2.6583e-02,9.5508e-03,6.1606e-02,9.2972e-03,8.7617e-03,-4.9643e-05,5.6468e-03,-4.8731e-03,4.9451e-03,-7.4051e-04,4.1112e-03
5.5926e-03,-2.1242e-02,3.6086e-03,-5.0351e-02,-4.0796e-02,-2.7809e-02,-4.2343e-02,-5.7713e-02,-6.3187e-02,-6.2157e-02,-4.4864e-02,-4.4511e-02,-5.0411e-02,-5.6706e-02,-5.9931e-02,-4.4767e-02,-2.2966e-02,-1.1351e-02,-1.9363e-02,-4.6215e-02,-4.4682e-02,-1.0989e-02,-9.0728e-04,-5.7410e-05,1.0963e-02,3.4763e-02,5.7553e-02,7.4685e-02,6.5596e-02,5.8489e-02,5.2414e-02,5.9919e-02,8.2476e-02,3.8144e-02,1.7978e-02,4.0592e-02,3.5854e-02,4.3174e-02,3.2164e-02,2.5559e-02,2.1428e-02,2.8299e-04,-1.1698e-02,-2.8711e-02,-1.4912e-02,-5.0311e-03,-1.1417e-02,-3.9920e-02,-5.9431e-02,-5.0858e-02,-5.5723e-02,-5.6977e-02,-5.6828e-02,-5.2788e-02,-4.8408e-02,-5.4558e-02,-5.4777e-02,-5.5944e-02,-4.6460e-02,-3.7872e-02,-2.7646e-02,-2.0167e-02,-8.3137e-03,1.1918e-02,3.0014e-02,1.3189e-03,-1.5364e-03,2.7727e-02,6.3792e-02,8.6255e-02,7.9171e-02,6.8018e-02,5.5005e-02,4.3110e-02,1.7136e-02,4.9625e-02,7.3564e-02,6.0622e-02,6.3647e-02,2.7779e-02,3.5361e-02,1.5378e-02,2.3379e-02,2.6210e-02,4.9810e-03,2.6197e-02,1.5735e-02,8.6094e-03,5.2942e-03,2.4557e-02,-4.3699e-02,1.5857e-02,2.4038e-02,-2.2431e-02,2.0177e-03,-3.3951e-04,-2.9115e-04,3.3396e-04,1.6846e-03,4.1922e-03
9.4643e-04,-1.5395e-02,-7.5167e-04,-4.0074e-02,-5.6520e-02,-2.2826e-02,-4.2973e-02,-7.8872e-02,-8.1288e-02,-7.9593e-02,-4.0814e-02,-4.3178e-02,-7.0142e-02,-7.6125e-02,-8.0628e-02,-6.4846e-02,-4.7761e-02,-2.9420e-02,-1.6775e-02,-2.8324e-02,-4.1811e-03,1.7972e-03,3.1808e-03,1.6342e-02,4.4326e-02,6.3469e-02,6.3382e-02,5.9838e-02,6.4426e-02,6.3791e-02,5.3985e-02,6.0246e-02,8.4769e-02,7.9421e-02,5.3122e-02,4.7400e-02,1.7785e-02,2.8275e-02,5.2962e-02,2.2392e-02,-2.8610e-03,-1.6384e-02,-1.7592e-02,-1.9087e-02,-4.5671e-02,-6.4274e-02,-7.2591e-02,-7.9934e-02,-7.8092e-02,-6.1212e-02,-5.9187e-02,-6.2160e-02,-6.6271e-02,-6.5255e-02,-6.4948e-02,-8.2605e-02,-6.9618e-02,-5.8504e-02,-5.5565e-02,-4.1216e-02,-2.4618e-02,-1.2466e-02,-3.0397e-03,9.0475e-03,2.2195e-02,4.3326e-02,2.8653e-02,1.1545e-02,2.3176e-02,4.6937e-02,7.4443e-02,7.0103e-02,8.0272e-02,1.1054e-01,6.3047e-02,3.2035e-02,3.8238e-02,6.7020e-02,4.4633e-02,1.8209e-02,2.4662e-02,8.9596e-03,-4.0042e-03,2.7636e-02,5.1949e-03,-9.1210e-03,-1.2800e-02,-1.1254e-02,-1.2144e-02,-2.0565e-03,-2.2874e-02,-4.1812e-03,1.5146e-03,-1.0538e-02,5.1157e-03,-1.5547e-03,1.5220e-03,-5.3472e-03,4.2819e-03,2.0571e-04
-1.3370e-02,-1.0324e-02,-1.6254e-02,-2.7917e-02,-4.8076e-02,-4.8774e-02,-6.1027e-02,-9.2737e-02,-7.4458e-02,-9.3375e-02,-7.1318e-02,-6.3029e-02,-7.8747e-02,-8.2104e-02,-8.2094e-02,-7.0943e-02,-6.3493e-02,-4.9586e-02,-4.3920e-02,-1.9980e-02,1.8672e-02,2.9150e-02,4.0143e-02,4.9122e-02,4.4901e-02,4.4818e-02,5.1862e-02,6.1813e-02,7.2454e-02,7.2833e-02,6.1685e-02,6.8229e-02,8.6440e-02,8.4067e-02,9.5539e-02,7.0137e-02,2.8445e-02,3.2974e-02,5.4143e-02,7.9217e-03,-1.3740e-02,-1.0977e-02,-6.6149e-03,-5.2382e-03,-3.2526e-02,-6.9026e-02,-9.8302e-02,-1.0787e-01,-9.8620e-02,-7.7216e-02,-7.1933e-02,-7.4985e-02,-7.7545e-02,-8.1326e-02,-9.3212e-02,-1.0372e-01,-6.0430e-02,-5.6781e-02,-5.4721e-02,-3.6703e-02,-2.1925e-02,-9.8050e-03,1.2409e-03,1.2767e-02,2.6035e-02,3.9298e-02,5.8360e-02,6.3306e-02,4.2381e-02,3.4114e-02,5.1623e-02,7.6186e-02,8.7357e-02,1.1731e-01,1.0492e-01,5.1003e-02,4.2361e-02,7.0993e-02,3.6617e-02,3.3717e-02,2.9893e-02,1.6777e-02,-2.8492e-04,-9.8741e-03,8.7157e-05,-2.5894e-02,-2.6183e-02,-2.8842e-02,-2.9829e-02,-2.8522e-02,-1.2326e-02,-2.1340e-02,-7.8802e-03,4.7675e-03,-1.7923e-02,-1.4174e-02,-1.3796e-03,-1.2228e-02,5.2065e-03,-3.8560e-03
-2.1455e-02,-1.2465e-02,-2.7815e-02,-2.2180e-02,-4.4833e-02,-8.6072e-02,-7.9179e-02,-8.9382e-02,-7.4220e-02,-8.3916e-02,-1.2133e-01,-9.6516e-02,-8.2439e-02,-8.6047e-02,-7.4839e-02,-6.5781e-02,-6.3256e-02,-5.6238e-02,-5.8142e-02,-1.4548e-02,2.0294e-03,1.3521e-02,2.2994e-02,2.1767e-02,3.3725e-02,5.1795e-02,6.3054e-02,7.2433e-02,8.3741e-02,8.2724e-02,7.4527e-02,8.0499e-02,8.9827e-02,8.7202e-02,9.7623e-02,9.5742e-02,7.2648e-02,7.7738e-02,6.2755e-02,3.5023e-02,6.4596e-03,1.5287e-02,4.2874e-05,-1.6322e-02,-3.1447e-02,-4.1556e-02,-5.2837e-02,-6.6218e-02,-8.4299e-02,-1.0615e-01,-1.1598e-01,-1.1097e-01,-1.0913e-01,-1.1215e-01,-9.3787e-02,-8.1408e-02,-5.2946e-02,-5.9573e-02,-5.2745e-02,-3.6667e-02,-2.4611e-02,-1.2633e-02,3.4926e-04,1.4027e-02,2.8407e-02,4.2567e-02,5.6639e-02,7.5185e-02,8.0933e-02,7.5040e-02,6.3412e-02,9.0717e-02,1.0280e-01,9.4704e-02,8.7018e-02,8.7017e-02,8.7645e-02,6.8198e-02,4.6180e-02,5.8275e-02,4.8500e-02,4.4171e-02,2.2188e-02,-4.3719e-03,-2.9611e-02,-5.0112e-02,-4.7178e-02,-3.5867e-02,-3.1614e-02,-3.9675e-02,-9.1072e-03,-7.2923e-02,-3.5745e-02,-4.4672e-03,-4.2730e-02,-2.6312e-02,-1.4580e-02,-1.8365e-02,3.2443e-03,-5.5585e-03
-5.1951e-04,-1.4239e-02,-3.5317e-02,-3.3075e-02,-4.7787e-02,-7.4554e-02,-1.0549e-01,-8.3734e-02,-6.6893e-02,-8.4436e-02,-1.2810e-01,-1.1335e-01,-1.0424e-01,-9.8301e-02,-8.0007e-02,-6.1561e-02,-5.7122e-02,-6.3443e-02,-4.3008e-02,-1.1676e-02,-6.2872e-03,2.8906e-03,1.0886e-02,2.5118e-02,4.5010e-02,5.9925e-02,6.9794e-02,8.1721e-02,9.5201e-02,9.1022e-02,9.0743e-02,9.2105e-02,9.1744e-02,8.7189e-02,8.3124e-02,8.7206e-02,1.0056e-01,9.6563e-02,5.1833e-02,5.7619e-02,5.0198e-02,2.4669e-02,-1.5861e-02,-2.5018e-02,-3.5298e-02,-3.9126e-02,-3.8436e-02,-3.7625e-02,-4.8006e-02,-7.6875e-02,-1.0740e-01,-1.1636e-01,-1.0427e-01,-8.5785e-02,-7.0658e-02,-7.6013e-02,-6.4191e-02,-7.2932e-02,-6.0641e-02,-4.6228e-02,-3.4765e-02,-2.1658e-02,-6.0969e-03,1.0994e-02,2.8561e-02,4.5299e-02,5.9299e-02,7.2283e-02,8.6946e-02,8.9102e-02,9.4013e-02,1.0640e-01,1.0961e-01,7.2866e-02,8.1644e-02,1.0664e-01,1.1892e-01,7.6803e-02,6.6174e-02,8.0969e-02,6.1762e-02,5.6389e-02,2.6452e-02,-1.0300e-02,-4.3904e-02,-3.4680e-02,-4.4280e-02,-4.6323e-02,-5.2394e-02,-4.9308e-02,-4.4086e-02,-5.2547e-02,-3.6014e-02,-3.3119e-02,-4.1282e-02,-3.3732e-02,-2.8600e-02,-2.4355e-02,-1.4582e-04,-4.8695e-03
1.6712e-02,-3.2756e-05,-4.5061e-02,-4.8788e-02,-5.1469e-02,-6.9329e-02,-8.6895e-02,-9.2042e-02,-8.5661e-02,-8.0766e-02,-1.2114e-01,-1.0156e-01,-9.1488e-02,-1.1094e-01,-1.1292e-01,-7.3619e-02,-6.0609e-02,-7.0023e-02,-3.2703e-02,-1.8309e-02,-1.9368e-02,-5.2976e-03,1.8406e-02,3.2754e-02,4.6064e-02,5.7026e-02,6.9842e-02,8.9989e-02,9.9220e-02,9.7052e-02,1.0559e-01,1.0044e-01,9.0109e-02,7.9936e-02,6.2762e-02,6.0774e-02,9.3645e-02,7.3484e-02,4.3566e-02,5.0049e-02,4.3022e-02,2.2017e-02,6.5831e-04,-1.8909e-02,-4.9604e-02,-5.6747e-02,-5.2083e-02,-4.3764e-02,-5.2017e-02,-6.3259e-02,-9.2158e-02,-1.1075e-01,-9.5725e-02,-8.5320e-02,-8.4110e-02,-9.3850e-02,-8.3146e-02,-8.3459e-02,-6.6069e-02,-5.3973e-02,-4.4867e-02,-3.2686e-02,-1.6061e-02,3.9301e-03,2.4925e-02,4.4407e-02,5.9684e-02,7.0792e-02,8.0854e-02,9.1376e-02,9.7869e-02,1.1797e-01,1.0951e-01,6.5659e-02,8.9660e-02,1.0443e-01,1.1103e-01,8.8568e-02,7.3413e-02,7.4556e-02,5.2454e-02,3.7776e-02,3.8637e-03,-2.7350e-02,-2.1462e-02,-1.5364e-02,-3.9106e-02,-4.7917e-02,-5.3493e-02,-7.3448e-02,-7.5522e-02,-4.0794e-02,-6.6895e-02,-7.9211e-02,-2.6454e-02,-4.5204e-02,-3.7257e-02,-2.8546e-02,-2.9729e-03,-2.6065e-03
1.6245e-02,-6.9348e-03,-3.2518e-02,-6.8895e-02,-5.7868e-02,-6.3812e-02,-6.2275e-02,-8.4438e-02,-1.1612e-01,-9.3552e-02,-1.0345e-01,-8.8733e-02,-7.9509e-02,-9.5320e-02,-9.2722e-02,-8.1364e-02,-8.5471e-02,-6.8181e-02,-4.7292e-02,-4.3924e-02,-4.0391e-02,-5.5231e-03,2.0083e-02,3.2090e-02,4.3077e-02,5.8696e-02,8.1483e-02,9.8466e-02,1.0093e-01,1.0989e-01,1.2162e-01,1.2005e-01,1.1247e-01,9.5583e-02,6.6127e-02,6.4972e-02,8.3669e-02,3.5800e-02,3.3787e-02,2.1139e-02,1.1913e-02,-3.4577e-03,-1.3652e-02,-1.4209e-02,-2.8464e-02,-5.1645e-02,-7.9591e-02,-7.6582e-02,-7.7796e-02,-7.1567e-02,-7.3903e-02,-1.0559e-01,-1.0470e-01,-1.0318e-01,-9.7443e-02,-8.7988e-02,-7.5770e-02,-7.3008e-02,-5.3242e-02,-4.0558e-02,-3.3442e-02,-2.5797e-02,-1.4434e-02,2.0986e-03,2.2421e-02,4.2429e-02,5.7970e-02,6.8141e-02,7.6335e-02,8.5414e-02,9.7742e-02,1.0144e-01,9.7884e-02,9.8343e-02,9.0150e-02,9.1410e-02,8.6685e-02,7.7183e-02,8.6887e-02,5.4632e-02,1.9583e-02,-3.9096e-04,-2.1329e-02,-2.5588e-02,-2.7435e-02,-3.1181e-02,-2.1741e-02,-6.9061e-02,-6.7019e-02,-8.6120e-02,-1.0517e-01,-6.4996e-02,-1.2240e-01,-1.0206e-01,-2.7920e-02,-5.8174e-02,-4.0021e-02,-2.9360e-02,-4.4522e-03,3.9599e-04
4.6658e-03,-1.6693e-02,-1.5063e-02,-7.5472e-02,-6.8231e-02,-5.4318e-02,-4.8780e-02,-8.5898e-02,-9.8415e-02,-1.0697e-01,-9.7721e-02,-8.9270e-02,-8.0866e-02,-8.8538e-02,-6.5417e-02,-6.8783e-02,-6.5808e-02,-3.2177e-02,-3.8105e-02,-5.1248e-02,-4.0154e-02,-1.3353e-02,1.4264e-02,3.7023e-02,5.9411e-02,8.3820e-02,9.7600e-02,8.8191e-02,7.5852e-02,8.7424e-02,9.9579e-02,1.0401e-01,1.0834e-01,1.0873e-01,9.8413e-02,1.0170e-01,7.8881e-02,3.4606e-02,1.7528e-02,3.8167e-04,-7.3975e-03,-2.1345e-02,-3.0966e-02,-3.2754e-02,-3.9260e-02,-4.5737e-02,-5.8486e-02,-8.3480e-02,-1.0977e-01,-9.5007e-02,-6.1578e-02,-8.5251e-02,-1.0742e-01,-1.0695e-01,-9.6002e-02,-9.1999e-02,-7.4913e-02,-7.2470e-02,-5.4474e-02,-3.7240e-02,-2.6627e-02,-1.8029e-02,-8.4666e-03,4.0194e-03,2.0167e-02,3.8296e-02,5.4248e-02,6.5216e-02,7.3788e-02,8.4462e-02,9.1016e-02,8.6200e-02,1.0118e-01,1.0872e-01,1.1159e-01,8.7916e-02,7.2547e-02,6.5444e-02,8.5139e-02,5.2707e-02,2.5836e-02,2.0451e-02,1.3502e-02,1.3250e-03,-9.5707e-03,-3.4894e-02,-4.5052e-02,-6.3492e-02,-9.6058e-02,-7.9166e-02,-1.3574e-01,-1.0517e-01,-1.1249e-01,-2.6036e-02,-6.9422e-02,-5.9417e-02,-3.8696e-02,-2.8629e-02,-4.9936e-03,3.2869e-03
-2.8171e-03,-1.7085e-02,-1.6241e-02,-4.9933e-02,-7.3740e-02,-4.6356e-02,-6.4421e-02,-8.6181e-02,-8.3453e-02,-7.9929e-02,-8.2231e-02,-1.1196e-01,-1.0089e-01,-8.9356e-02,-5.6125e-02,-6.5612e-02,-5.3233e-02,-2.2882e-02,-2.6628e-02,-2.1519e-02,-4.2216e-03,8.5923e-03,2.1876e-02,4.6027e-02,6.3639e-02,6.7565e-02,6.3797e-02,5.8555e-02,7.0851e-02,8.8105e-02,9.6865e-02,1.0037e-01,1.0553e-01,1.0156e-01,9.4206e-02,8.0140e-02,7.7054e-02,5.9034e-02,5.9458e-02,3.9301e-02,2.0128e-02,-2.1243e-03,-1.4546e-02,-2.4142e-02,-3.9244e-02,-5.0979e-02,-6.1134e-02,-7.0522e-02,-8.8256e-02,-1.1056e-01,-7.8011e-02,-6.4557e-02,-8.6920e-02,-9.3587e-02,-9.4725e-02,-9.6973e-02,-7.2791e-02,-6.9592e-02,-6.2238e-02,-4.1186e-02,-2.5102e-02,-1.3450e-02,-3.7981e-03,6.2686e-03,1.8186e-02,3.2120e-02,4.6554e-02,5.9096e-02,7.0208e-02,8.3212e-02,8.6049e-02,8.0928e-02,1.0823e-01,1.1367e-01,1.0781e-01,1.0476e-01,6.7354e-02,5.9009e-02,6.4912e-02,4.5877e-02,4.3310e-02,4.2971e-02,2.5712e-02,1.2179e-02,6.7332e-03,-2.0216e-02,-4.3712e-02,-5.2385e-02,-8.2067e-02,-5.0785e-02,-7.7211e-02,-9.1639e-02,-4.7544e-02,-3.2538e-02,-9.2828e-02,-6.1172e-02,-3.5110e-02,-3.1453e-02,-5.9976e-03,5.2588e-03
-3.8436e-03,-1.2871e-02,-2.1178e-02,-1.7277e-02,-4.6656e-02,-6.3464e-02,-8.9295e-02,-8.6216e-02,-7.4699e-02,-6.9937e-02,-7.8994e-02,-9.0841e-02,-9.1220e-02,-9.3054e-02,-7.5777e-02,-8.1388e-02,-5.6531e-02,-4.8988e-02,-2.9571e-02,-4.8842e-03,2.1883e-02,3.7065e-02,2.3112e-02,1.7104e-02,3.8103e-02,4.7441e-02,5.0413e-02,6.0897e-02,7.9048e-02,9.2156e-02,1.0097e-01,1.0563e-01,1.0582e-01,9.8352e-02,8.6791e-02,8.0926e-02,8.4606e-02,8.3828e-02,9.1811e-02,6.7696e-02,5.1538e-02,2.4303e-02,5.7178e-03,-8.1569e-03,-2.6317e-02,-4.1338e-02,-5.8435e-02,-6.7932e-02,-6.1848e-02,-8.6885e-02,-9.8257e-02,-7.9976e-02,-6.9714e-02,-7.9063e-02,-9.0901e-02,-8.5465e-02,-6.9337e-02,-6.6065e-02,-7.0109e-02,-5.3328e-02,-2.8579e-02,-1.0418e-02,1.9731e-03,1.1692e-02,2.1070e-02,3.1175e-02,4.2075e-02,5.3368e-02,6.5812e-02,7.9401e-02,8.3940e-02,9.2133e-02,1.0038e-01,9.8485e-02,1.0376e-01,1.0787e-01,8.0606e-02,6.2669e-02,4.3220e-02,3.8888e-02,3.8710e-02,4.2484e-02,1.9392e-02,1.7951e-03,-5.1741e-03,-1.6804e-02,-4.6363e-02,-4.7788e-02,-6.3128e-02,-5.7898e-02,-6.4062e-02,-9.8986e-02,-4.4897e-02,-8.2819e-02,-5.7398e-02,-6.0654e-02,-3.2990e-02,-2.9067e-02,-1.0545e-02,5.4159e-03
-8.6757e-04,-1.0124e-02,-2.1849e-02,-2.5232e-03,-1.6917e-02,-7.2428e-02,-1.0827e-01,-9.5677e-02,-8.0903e-02,-8.3749e-02,-9.3464e-02,-8.1172e-02,-8.1902e-02,-7.5871e-02,-7.0583e-02,-6.4292e-02,-5.3940e-02,-7.1649e-02,-5.0395e-02,-1.1643e-02,1.1076e-02,2.3338e-02,2.7337e-02,1.2841e-02,3.2908e-02,4.3011e-02,5.7928e-02,8.1369e-02,9.6966e-02,9.1392e-02,7.6407e-02,6.9664e-02,7.1207e-02,7.5696e-02,8.0049e-02,8.0216e-02,6.3418e-02,7.7603e-02,6.8868e-02,4.2504e-02,2.3606e-02,1.3815e-03,-5.8200e-03,-1.6165e-02,-3.0242e-02,-3.9893e-02,-4.9098e-02,-5.8392e-02,-5.7587e-02,-6.9926e-02,-9.7870e-02,-9.9562e-02,-7.3671e-02,-8.6212e-02,-7.4333e-02,-5.9530e-02,-5.2644e-02,-5.1482e-02,-6.0318e-02,-6.5566e-02,-4.2537e-02,-1.2440e-02,7.6564e-03,2.0229e-02,2.9486e-02,3.7824e-02,4.6372e-02,5.5989e-02,6.8124e-02,8.0041e-02,8.6387e-02,9.3096e-02,8.1642e-02,7.1925e-02,7.9058e-02,9.1872e-02,9.6779e-02,8.0333e-02,4.6576e-02,3.6609e-02,3.3908e-02,3.0467e-02,8.7846e-03,-8.3285e-03,-2.1950e-02,-2.7215e-02,-4.8451e-02,-4.4993e-02,-5.5181e-02,-8.0031e-02,-5.4931e-02,-8.1720e-02,-7.8623e-02,-1.1139e-01,-5.7969e-02,-5.6018e-02,-3.8067e-02,-1.0905e-02,-1.6994e-02,1.1941e-03
3.2332e-03,-9.7748e-03,-2.4570e-02,-1.5028e-02,-1.5834e-02,-5.6450e-02,-8.3029e-02,-8.0432e-02,-9.0676e-02,-1.0304e-01,-1.1006e-01,-8.8615e-02,-9.8650e-02,-9.3739e-02,-9.6155e-02,-7.2257e-02,-5.7690e-02,-5.1943e-02,-3.5912e-02,-1.3780e-02,-2.6498e-02,-8.6240e-03,2.2331e-02,1.6409e-02,3.3353e-02,5.7094e-02,8.2233e-02,8.6132e-02,7.5812e-02,6.3441e-02,5.5202e-02,5.7187e-02,5.9272e-02,5.6881e-02,5.7389e-02,6.2056e-02,4.5829e-02,6.1528e-02,3.1865e-02,1.6615e-02,2.8730e-03,-1.0658e-02,-1.9806e-02,-3.0882e-02,-4.1822e-02,-4.8876e-02,-4.9714e-02,-4.9486e-02,-5.6069e-02,-7.1929e-02,-9.3535e-02,-1.0695e-01,-8.3727e-02,-6.8914e-02,-5.9489e-02,-5.4342e-02,-4.5670e-02,-3.4414e-02,-3.5123e-02,-4.3689e-02,-4.5978e-02,-2.6111e-02,2.6435e-04,1.9013e-02,3.1054e-02,3.9403e-02,4.6025e-02,5.2257e-02,5.9664e-02,6.5438e-02,6.8256e-02,7.4038e-02,6.5682e-02,5.8084e-02,6.0678e-02,6.3154e-02,6.6269e-02,7.0714e-02,5.5904e-02,4.5223e-02,4.5643e-02,2.9965e-02,2.8328e-03,-1.1705e-02,-2.9619e-02,-4.1744e-02,-4.4027e-02,-4.2937e-02,-4.5173e-02,-8.9169e-02,-5.8362e-02,-5.5273e-02,-9.3024e-02,-7.8705e-02,-8.5500e-02,-1.3771e-02,-8.0038e-02,-6.9562e-03,-5.5941e-03,-1.1962e-02
4.8939e-03,-7.6798e-03,-2.9312e-02,-3.4773e-02,-2.9166e-02,-3.9119e-02,-4.3151e-02,-4.7844e-02,-6.6997e-02,-7.0270e-02,-7.4967e-02,-5.7958e-02,-6.6253e-02,-6.7156e-02,-7.6703e-02,-5.9420e-02,-5.3437e-02,-3.6974e-02,-1.3878e-02,-2.2524e-02,-1.9213e-02,-1.4097e-02,1.4194e-02,2.4335e-02,3.7842e-02,5.1849e-02,5.3818e-02,5.7231e-02,5.5821e-02,5.0544e-02,4.9383e-02,5.4719e-02,5.2659e-02,4.3679e-02,4.1444e-02,4.1395e-02,3.4190e-02,3.6250e-02,7.5665e-04,7.4433e-03,-2.2173e-03,1.7399e-03,-5.0450e-04,-1.6041e-02,-2.8878e-02,-3.8204e-02,-4.0927e-02,-3.9899e-02,-4.5258e-02,-6.2852e-02,-7.7994e-02,-7.0442e-02,-7.4481e-02,-7.7338e-02,-6.8313e-02,-6.2914e-02,-5.9551e-02,-4.1747e-02,-2.4694e-02,-1.8243e-02,-1.9357e-02,-2.0498e-02,-1.2702e-02,-1.7391e-03,6.7369e-03,1.2731e-02,1.6454e-02,1.8885e-02,2.3158e-02,3.2049e-02,4.6665e-02,6.7512e-02,6.7952e-02,5.8800e-02,5.5169e-02,5.0530e-02,4.9310e-02,4.9243e-02,3.5647e-02,3.0668e-02,3.6295e-02,2.8792e-02,1.1419e-02,3.3204e-03,-1.7139e-02,-4.2216e-02,-2.9688e-02,-3.9432e-02,-2.8539e-02,-7.2279e-02,-6.0556e-02,-4.1891e-02,-6.9081e-02,-6.1785e-02,-1.0896e-01,6.4664e-03,-7.2270e-02,-3.1775e-02,-2.5885e-04,-1.3725e-02
1.3469e-03,-3.3077e-03,-2.6608e-02,-3.9152e-02,-3.9062e-02,-3.4348e-02,-1.0836e-02,-2.7009e-02,-4.0776e-02,-4.1089e-02,-4.9496e-02,-4.2493e-02,-4.1036e-02,-4.4825e-02,-5.1817e-02,-3.3522e-02,-1.7085e-02,-4.4109e-03,-5.6167e-03,-5.5807e-03,-2.8426e-03,9.2833e-03,1.5441e-02,2.6742e-02,1.0556e-02,2.4396e-02,2.6175e-02,3.4778e-02,4.1091e-02,4.3820e-02,4.8242e-02,5.3661e-02,4.7790e-02,4.2182e-02,3.3900e-02,2.5703e-02,2.8629e-02,2.6644e-02,2.6844e-03,1.7846e-02,5.6109e-03,8.4725e-03,7.4552e-03,-9.7465e-05,-1.0509e-02,-1.9786e-02,-2.1794e-02,-2.4366e-02,-3.2341e-02,-4.2446e-02,-4.0687e-02,-3.2675e-02,-5.7543e-02,-7.4741e-02,-6.2168e-02,-5.5988e-02,-6.0500e-02,-5.7230e-02,-3.6886e-02,-1.2830e-02,-5.8742e-04,-3.5779e-03,-7.0120e-03,-2.4501e-03,4.5598e-03,9.5463e-03,1.3019e-02,1.6692e-02,2.3714e-02,3.8194e-02,5.4825e-02,7.1249e-02,6.6796e-02,5.2135e-02,4.4539e-02,4.0418e-02,4.7396e-02,3.9049e-02,3.3429e-02,2.1786e-02,2.5447e-02,1.7172e-02,1.2142e-03,2.3661e-03,4.8340e-03,-1.5870e-02,-9.4264e-03,-3.2172e-02,-1.8949e-02,-3.8797e-02,-5.3160e-02,-4.9073e-02,-4.7510e-02,-3.8505e-02,-1.8846e-02,-6.5243e-02,-4.9300e-02,-4.3523e-02,-6.9130e-03,-6.6437e-03
-6.3197e-03,-1.5062e-03,-1.6511e-02,-2.8638e-02,-3.3930e-02,-2.6708e-02,-1.1192e-02,-1.7807e-02,-1.7786e-02,-1.6341e-02,-2.9197e-02,-3.2849e-02,-2.5068e-02,-3.3874e-02,-3.6946e-02,-2.1652e-02,3.5960e-03,-2.7644e-03,-4.7417e-03,2.7888e-03,-5.8574e-03,9.8486e-04,-9.0056e-04,1.0564e-02,3.4131e-03,2.1790e-02,1.6112e-02,1.9309e-02,3.0041e-02,3.9334e-02,4.6562e-02,5.0750e-02,4.2648e-02,4.5510e-02,3.4106e-02,2.2883e-02,3.4543e-02,2.3941e-02,1.7836e-02,2.6856e-02,1.2275e-02,8.3634e-03,7.3797e-04,-3.6245e-03,-2.1441e-03,-1.0214e-02,-1.4172e-02,-1.8321e-02,-2.4374e-02,-2.9776e-02,-1.6277e-02,-2.0398e-02,-4.1643e-02,-3.4179e-02,-2.7572e-02,-2.0954e-02,-2.6317e-02,-3.5599e-02,-3.1685e-02,-1.5588e-02,-1.4965e-03,3.4844e-03,2.8463e-03,4.3543e-03,1.1176e-02,2.0108e-02,2.8410e-02,3.5617e-02,4.1946e-02,4.7695e-02,4.8678e-02,4.7182e-02,4.6085e-02,3.4879e-02,2.9179e-02,3.2334e-02,4.2920e-02,2.5680e-02,3.6089e-02,2.6830e-02,1.7251e-02,1.3346e-02,1.2019e-03,-4.9543e-03,-9.2221e-03,2.7407e-05,1.4166e-03,-3.1944e-02,-2.6871e-02,-1.6153e-02,-3.3909e-02,-5.1355e-02,-2.5463e-02,-2.5741e-02,-3.1196e-02,-1.2334e-01,-4.1779e-03,-2.8264e-02,-1.9628e-02,-5.6946e-03
-1.4448e-02,-4.9892e-03,-6.0642e-03,-9.4568e-03,-1.8715e-02,-1.5514e-02,-1.8312e-02,-2.3649e-02,-2.2279e-02,-1.7252e-02,-2.4216e-02,-2.9839e-02,-1.5868e-02,-3.0528e-02,-2.7341e-02,-2.7331e-02,-2.4342e-02,-1.9618e-02,-1.5101e-02,-8.6245e-03,-1.1739e-02,-3.3148e-03,6.7419e-04,-1.2308e-02,3.9204e-03,2.1609e-02,2.0633e-02,1.4460e-02,1.9866e-02,3.0945e-02,3.9370e-02,4.2195e-02,3.4533e-02,4.4404e-02,3.9030e-02,2.3593e-02,2.8282e-02,1.5026e-02,3.0349e-02,2.7761e-02,1.0415e-02,-2.4473e-04,-1.2209e-02,-1.6568e-02,-7.4795e-03,-7.2545e-03,-1.5888e-02,-2.4878e-02,-2.5508e-02,-3.1760e-02,-1.6170e-02,-3.6717e-02,-2.7782e-02,-1.4556e-02,-2.2900e-02,-2.5030e-02,-1.4344e-02,-1.1654e-02,-1.3784e-02,-1.0981e-02,-9.8533e-03,-8.9029e-03,-3.5413e-03,3.0447e-03,9.1492e-03,1.6696e-02,2.5227e-02,3.2316e-02,3.5142e-02,3.1320e-02,2.2123e-02,1.0573e-02,1.3955e-02,1.3962e-02,1.7364e-02,3.0097e-02,2.5999e-02,9.1867e-03,2.5182e-02,4.2029e-02,1.1642e-02,1.8922e-03,7.7586e-03,4.9524e-03,-8.5215e-03,-1.1753e-02,1.9560e-02,-2.9493e-02,-3.5703e-02,-3.0273e-02,-2.1694e-02,-2.9294e-02,-1.5748e-02,-2.1459e-02,-1.2601e-02,-2.8243e-02,7.2901e-03,-2.1492e-02,-7.3495e-03,-6.7985e-03
-2.0668e-02,-9.7672e-03,-4.1530e-04,7.5048e-03,-1.0796e-02,-9.9250e-03,-1.7267e-02,-2.7072e-02,-3.3903e-02,-3.4519e-02,-3.6679e-02,-3.6865e-02,-1.2683e-02,-2.4243e-02,-3.0514e-02,-3.7315e-02,-4.3355e-02,-3.1404e-02,-1.9440e-02,-1.7497e-02,-2.2148e-02,-2.0594e-03,1.3349e-02,5.8855e-03,-1.9805e-03,1.0647e-02,2.1905e-02,1.4584e-02,1.1352e-02,1.5107e-02,2.1323e-02,2.3180e-02,2.0425e-02,3.9298e-02,4.1743e-02,7.2978e-03,-4.2369e-03,8.8484e-03,3.1209e-02,1.4741e-02,-3.2662e-03,-1.6177e-02,-2.8296e-02,-3.1305e-02,-1.8730e-02,-9.2533e-03,-1.9624e-02,-3.6040e-02,-3.3177e-02,-3.9792e-02,-2.2802e-02,-3.7137e-02,-1.0561e-02,-1.0518e-02,-2.3961e-02,-3.4532e-02,-3.2586e-02,-1.6146e-02,-5.3409e-03,-1.3416e-02,-2.3802e-02,-2.8034e-02,-2.5833e-02,-1.8331e-02,-8.9453e-03,-1.3981e-03,4.6542e-03,9.9852e-03,1.2596e-02,9.2092e-03,-1.2702e-03,-1.4020e-02,-1.6026e-02,-1.9800e-03,1.1915e-02,9.3353e-03,3.9728e-03,-7.0725e-03,7.6092e-03,4.0876e-02,2.3422e-02,-1.2583e-02,-5.2236e-03,1.2315e-02,1.7747e-03,-4.4822e-03,9.0725e-04,-8.7813e-03,-3.6755e-02,-4.0164e-02,-4.3828e-02,-3.2328e-03,-1.5345e-02,-1.8368e-02,1.0444e-02,1.0509e-02,-1.1601e-01,-1.3524e-02,-8.6777e-03,9.0318e-03
