4.0727e-02,-5.7295e-02,9.0027e-02,6.8320e-02,2.4561e-02,8.4870e-02,-4.7804e-02,-1.3130e-01,9.1244e-02,-3.2603e-02,6.0309e-02,-1.5653e-01,-1.1853e-01,-8.8469e-02,-6.5988e-02,-2.5458e-02,-5.7943e-02,-1.1548e-01,-7.7393e-02,-5.2502e-02,-2.9414e-02,5.1331e-02,-4.0324e-02,3.3503e-02,-3.7335e-02,1.0676e-01,4.2373e-02,2.6538e-03,3.7780e-02,-1.0160e-01,-3.5710e-02,5.3587e-02,-5.7112e-02,-7.2231e-02,-1.9450e-01,-8.9195e-02,8.6752e-02,4.3516e-02,5.0816e-02,3.9765e-02,1.2508e-01,8.2731e-02,4.4513e-02,-2.5519e-03,-9.6030e-02,-1.1695e-01,-1.5470e-01,-1.9983e-01,-8.0716e-02,-3.7668e-02,9.5395e-02,2.0164e-02,1.1022e-01,1.4574e-01,7.7704e-02,1.6843e-01,4.0941e-02,6.2764e-02,6.5021e-02,7.4518e-04,5.3496e-03,-9.6614e-02,-8.0201e-02,-6.4368e-02,-1.1921e-02,-7.1749e-02,8.8956e-02,6.6526e-02,1.0118e-01,1.0044e-01,9.5454e-04,-2.2530e-02,2.5493e-02,-4.8407e-03,-1.7730e-01,-2.8314e-02,-1.4902e-02,-5.4618e-03,1.2205e-01,4.2495e-02,-7.1259e-02,-3.9343e-02,4.6221e-02,-5.5495e-02,-7.9091e-02,6.7806e-02,-1.0805e-02,-8.2436e-02,-2.6938e-02,-7.5426e-02,-1.7127e-01,-2.0316e-01,-4.3559e-02,-3.7732e-02,-7.6360e-02,-1.1602e-02,1.9486e-02,-1.1995e-01,-6.2533e-02,-5.2524e-02
-7.0150e-03,-2.0984e-03,3.4052e-02,-1.6646e-02,-9.2807e-03,-4.7269e-02,5.0123e-02,-9.1978e-02,-1.4536e-01,-4.7000e-02,6.7897e-02,1.6912e-01,-6.9904e-02,-8.1336e-02,-6.6809e-02,-3.5238e-02,3.1771e-02,3.3737e-02,-4.4062e-02,-4.4646e-02,-1.4925e-02,-3.4256e-02,-6.9859e-03,6.7292e-02,-7.9608e-03,3.8877e-02,8.9699e-02,3.5352e-02,7.8680e-02,4.4040e-02,2.5386e-02,3.2565e-02,8.1827e-02,4.1520e-02,6.0892e-02,-8.5066e-02,-9.2311e-02,-8.7842e-02,-2.4870e-03,-6.5642e-03,-1.3059e-02,-7.0321e-02,2.2418e-02,-4.4695e-02,-1.1899e-02,4.4664e-02,-6.4017e-02,5.9142e-02,5.0052e-03,-4.0647e-02,-1.7762e-03,3.6872e-02,-2.4285e-01,-4.7831e-02,-6.4108e-03,8.7799e-02,6.1161e-02,-1.8346e-02,1.2970e-02,-4.7679e-02,1.3755e-02,3.5138e-02,-1.2236e-01,-2.9234e-02,-1.1907e-02,-3.7970e-03,-5.1814e-02,2.5067e-02,-5.5088e-02,2.8802e-02,5.1847e-02,-7.8745e-03,5.9615e-02,1.4029e-01,1.7636e-02,8.4352e-02,-6.5022e-02,1.0203e-01,-1.8582e-02,9.4729e-02,6.1503e-02,-2.7190e-02,-3.5715e-02,8.4127e-02,1.1675e-02,-1.0616e-02,-2.5222e-02,-1.7090e-01,-2.1804e-02,2.2316e-02,4.1238e-02,-1.0698e-02,-6.9526e-03,7.8953e-02,3.0721e-02,4.1044e-02,-8.2995e-02,-5.2220e-02,7.9704e-02,-1.8373e-02
-2.5714e-02,-6.9877e-02,-8.1829e-02,-7.3499e-02,6.0890e-02,6.4096e-02,8.3485e-02,2.8337e-02,-1.4555e-02,-4.7330e-02,-1.7920e-01,1.2191e-02,1.2412e-01,1.4075e-01,4.5671e-02,-3.4500e-03,6.1495e-02,4.6193e-02,1.4069e-01,-6.0818e-02,3.8167e-02,-1.6993e-02,-1.2354e-02,1.0904e-01,1.1566e-02,2.7545e-02,5.3617e-02,7.0912e-02,7.7653e-02,1.7578e-01,-1.9048e-02,7.2493e-03,-4.6704e-02,5.1840e-02,5.8416e-04,2.4322e-02,7.6972e-02,8.3821e-02,-4.5609e-02,-9.1588e-02,-1.1949e-02,-9.2098e-03,-5.1663e-02,-8.2005e-02,-9.1516e-03,1.9976e-02,-4.8581e-02,-3.3725e-02,4.7578e-02,5.3185e-02,-2.8492e-02,-3.0241e-02,5.3441e-02,-5.4833e-02,-9.1712e-02,-1.2433e-01,-1.1660e-02,5.3686e-04,4.1531e-03,2.6239e-02,-1.0293e-01,-3.9675e-03,9.7930e-02,4.3098e-02,1.3911e-02,1.5144e-02,2.2395e-02,2.5529e-04,6.9571e-02,5.7702e-02,6.8084e-02,9.2337e-02,3.5694e-02,2.7359e-02,1.9041e-01,-7.2617e-02,3.3507e-02,2.2618e-02,-1.7026e-02,-2.4213e-02,-3.2515e-02,-4.8079e-02,4.8439e-03,4.8517e-02,-2.1236e-02,-8.2438e-02,2.7991e-02,-7.5597e-02,-6.9244e-02,2.3667e-02,1.4989e-02,4.8398e-02,-6.0464e-02,-4.5231e-02,7.5234e-02,6.6060e-02,6.9278e-03,1.8637e-02,6.3613e-02,1.8443e-02
-8.2879e-03,7.8711e-02,-1.2509e-01,-8.1627e-02,2.8442e-02,9.6745e-03,-7.6790e-02,1.8961e-02,-4.3131e-03,-2.4518e-02,-1.0287e-02,-1.3249e-01,-2.3300e-02,7.3162e-02,1.6722e-01,1.6665e-02,1.8436e-02,-3.1523e-02,-4.5816e-02,1.6132e-01,1.5427e-01,1.4694e-02,1.5980e-02,4.9322e-02,4.4964e-02,2.7153e-02,6.4516e-02,-2.4883e-02,-5.1308e-02,2.8355e-02,8.0001e-02,-1.3546e-02,6.7624e-02,-5.6722e-02,9.2666e-02,8.4308e-02,5.0762e-02,5.3153e-02,-8.7578e-02,-3.0980e-02,-8.3752e-02,-1.2240e-02,-8.9450e-02,-6.2269e-02,-5.3274e-02,-1.1708e-01,-9.9062e-02,-4.1077e-02,-2.6404e-02,-7.0089e-02,-8.0360e-02,-1.1538e-01,1.2740e-01,-2.0076e-02,-6.4825e-02,-9.7419e-02,-1.1942e-01,-1.0839e-01,7.6944e-04,2.7523e-02,7.0386e-02,1.6272e-02,8.6685e-02,8.2078e-02,-4.5461e-02,5.4411e-02,1.6199e-02,2.0092e-02,8.3713e-03,5.3228e-02,7.6380e-02,1.1830e-01,-1.5054e-02,-7.3791e-02,-5.9440e-02,-1.0925e-01,-1.1761e-02,-1.7909e-02,1.0332e-02,-1.5961e-01,-1.1544e-01,5.5714e-02,-6.9875e-02,-2.4685e-02,-1.9945e-02,-9.1329e-02,-8.1604e-02,3.5335e-02,-3.2917e-02,5.0406e-02,7.8683e-03,4.1588e-02,-1.1340e-01,-4.8604e-02,-6.3279e-02,-1.3956e-01,3.2495e-02,6.6727e-02,-5.0913e-02,-1.7535e-02
3.1866e-02,5.3223e-02,-3.3126e-02,-4.7465e-02,-1.3574e-01,-1.2243e-01,-2.2108e-01,-3.4989e-02,-1.7996e-02,-7.0350e-03,-3.3379e-02,-7.7506e-02,-9.0580e-02,-1.0707e-01,7.1585e-02,5.3869e-02,-4.5559e-02,2.3455e-02,-9.6576e-02,-2.0066e-02,1.3242e-01,1.4419e-01,6.4395e-02,-2.9465e-02,3.6059e-02,2.7556e-02,-1.0090e-02,-8.0601e-02,8.5564e-03,4.6219e-02,8.1312e-02,7.7124e-02,-8.8291e-02,-6.0742e-02,-3.3250e-03,8.2598e-02,-5.1090e-04,-1.3015e-01,-5.1093e-02,4.7239e-02,-3.8332e-02,2.4693e-03,-2.6505e-02,3.1610e-02,-2.1586e-02,-2.0922e-02,-1.7035e-02,-7.6055e-03,6.6031e-02,-1.2440e-01,-8.3153e-02,7.8357e-03,-2.3773e-02,-8.7773e-03,4.6927e-02,-1.0794e-02,2.2183e-02,1.7695e-02,-6.8728e-02,6.6521e-02,1.3651e-01,1.2041e-01,8.0270e-02,1.1176e-01,1.0582e-01,4.0304e-03,3.9786e-02,-1.6229e-02,-2.3970e-02,-2.7057e-02,-7.7429e-03,-1.7950e-02,-2.9040e-02,-5.8653e-02,-6.0297e-02,1.7417e-01,2.4770e-02,-9.0902e-02,3.0326e-03,-3.2903e-02,3.1750e-02,-1.4008e-02,-1.5313e-02,-1.3288e-02,-1.5388e-02,4.8002e-02,-1.0220e-01,9.0180e-02,-6.3857e-02,-9.9247e-02,-6.0201e-02,-5.0807e-02,3.3784e-02,-3.1398e-02,-1.2855e-01,-7.5393e-02,-1.3438e-02,-7.0403e-02,-2.8602e-02,6.8108e-02
6.8587e-04,-1.3769e-01,-1.5992e-02,-1.6808e-02,-1.3762e-01,-1.5546e-01,-1.9405e-01,-1.2207e-01,-4.6016e-02,-3.6078e-02,-7.7242e-02,-3.7333e-02,-3.8094e-03,-1.8348e-01,-7.1974e-02,-1.1263e-01,5.0325e-02,1.4431e-02,-3.1920e-02,-1.0022e-01,-1.0121e-01,1.1568e-01,7.7515e-02,-1.2329e-02,6.0716e-02,8.0138e-02,1.7743e-02,7.9024e-02,1.2028e-01,7.1598e-02,6.2110e-02,2.6591e-02,1.1056e-01,-8.4222e-03,2.4681e-02,-2.5496e-02,-4.1188e-02,4.3345e-02,4.6164e-02,9.8185e-03,-1.1690e-04,-8.2026e-02,-1.3124e-01,-1.5233e-02,-7.2654e-02,-8.6334e-02,-6.3849e-02,-8.6264e-02,-2.6022e-01,-3.8082e-03,-5.6785e-02,8.8619e-02,-7.4902e-02,-1.1838e-01,-1.0947e-01,-2.0927e-02,-4.6510e-02,-4.5841e-03,1.3344e-02,8.4343e-03,-3.2451e-02,1.1289e-01,-3.6271e-02,2.1377e-02,1.2208e-01,1.5105e-01,8.2121e-02,1.5562e-01,2.1814e-01,1.1625e-01,-3.2892e-02,4.0755e-03,2.4449e-03,3.7704e-02,2.0740e-02,1.2026e-01,1.0273e-01,4.4742e-02,-7.1782e-02,1.4765e-01,-3.0893e-03,5.3046e-03,-7.0966e-02,-7.9382e-02,-4.6633e-02,-9.6372e-02,6.6897e-03,-8.5533e-02,-6.6514e-02,-2.0352e-01,-6.9876e-02,-1.5661e-01,-2.5229e-02,-3.4404e-02,-2.7924e-02,-1.5857e-01,-4.5484e-03,-2.8566e-02,-1.7198e-03,-1.4651e-02
-3.7899e-02,-2.8499e-02,7.3641e-02,-2.3907e-03,-6.2594e-02,-1.0139e-01,-1.6022e-01,-9.4555e-02,-7.0838e-02,-7.0682e-02,-6.6583e-02,9.3864e-02,3.2364e-02,-2.3325e-02,-2.1863e-01,2.0158e-02,1.0734e-02,1.6487e-02,1.7148e-01,4.9218e-02,-1.0749e-01,5.1830e-02,6.5256e-02,1.2379e-01,5.5025e-02,1.0119e-01,8.0330e-02,1.3581e-01,1.0901e-01,8.1972e-02,8.0780e-02,9.7619e-02,1.1025e-01,1.9692e-01,8.1284e-02,1.3719e-01,5.2095e-02,1.3690e-02,1.8988e-02,2.2149e-02,-6.9296e-03,2.7710e-02,-4.6058e-02,3.1275e-02,-3.3704e-02,1.5071e-02,-4.0725e-02,-2.1818e-01,-1.4264e-01,-2.1585e-01,-9.1385e-02,-1.3658e-01,-1.6782e-01,-3.8974e-02,2.0706e-02,2.2026e-02,9.1497e-02,5.8324e-02,5.4697e-02,6.2664e-02,8.1098e-02,1.6531e-02,6.0650e-02,4.6869e-02,7.6295e-02,1.3156e-01,1.7144e-01,2.2545e-01,1.8698e-01,1.0137e-01,4.6372e-02,3.0916e-02,1.0221e-01,8.5353e-02,8.6636e-02,4.7847e-02,-5.3605e-02,1.8079e-02,4.7813e-02,-4.8539e-03,-1.0766e-02,-8.2220e-02,1.2187e-02,-1.4231e-01,-1.5518e-01,-1.2445e-01,-1.4576e-01,-8.3027e-02,-2.3244e-02,-9.9364e-02,-1.2160e-01,-9.9838e-02,-7.4525e-02,-9.9568e-02,-7.1168e-02,7.0508e-03,-3.0258e-02,2.8913e-02,-6.6583e-02,-1.5097e-02
1.3625e-02,1.7264e-02,7.0811e-02,-2.3781e-02,-4.8106e-02,4.9331e-02,-2.4059e-02,-2.8337e-02,-6.8530e-02,-6.6507e-02,-8.5832e-02,-4.5842e-02,-1.3163e-01,3.5469e-02,-5.1993e-03,-1.6603e-02,2.5523e-02,-7.3880e-03,8.2030e-02,3.2215e-01,-2.3725e-03,-6.6804e-02,4.7610e-02,5.7744e-02,8.2651e-02,2.1149e-01,1.1460e-01,2.1072e-01,8.3122e-02,6.9933e-02,-6.3621e-03,1.3848e-01,9.0020e-02,3.0480e-02,-9.3604e-02,-1.4343e-01,-3.1074e-02,-4.5785e-02,-8.4230e-02,-2.2845e-02,-5.8713e-02,-8.5504e-02,-3.7585e-02,-1.0204e-01,-1.0982e-01,-1.3893e-01,-2.0033e-01,-6.6474e-03,-5.3516e-02,-8.6775e-02,-1.6778e-01,-1.8127e-02,-8.6882e-02,-6.5501e-03,-4.3539e-03,1.4611e-02,7.3864e-02,7.7531e-02,2.5948e-02,-1.4597e-02,-2.8031e-02,-7.5010e-02,1.8683e-01,-6.2901e-02,5.5790e-02,6.7584e-02,1.5022e-01,9.3437e-02,3.2234e-02,5.6403e-02,1.3660e-01,1.1894e-01,1.4745e-01,1.4878e-01,8.7965e-02,4.3116e-02,4.1825e-02,2.9138e-02,1.9542e-02,-7.8287e-03,-4.1274e-02,-4.5528e-02,-2.4508e-02,-2.8376e-02,-6.3138e-02,-1.7674e-01,-1.2336e-01,-1.4157e-01,-8.5712e-02,-4.9354e-02,-1.1420e-01,-6.3757e-02,-1.3903e-01,-1.1863e-01,-6.8404e-02,5.6222e-03,-4.6327e-02,-1.7610e-02,-7.7790e-02,-3.9130e-02
-3.5475e-02,4.3950e-02,-1.0353e-01,-3.8487e-02,-3.8999e-02,-5.6969e-02,3.3207e-02,-8.5252e-02,-1.0405e-01,-1.0029e-01,-1.6523e-01,-1.5438e-01,-8.6014e-02,-4.4211e-02,-3.3812e-03,2.2816e-02,-3.5495e-02,-1.6262e-02,1.2660e-02,4.0658e-02,2.5170e-01,-2.7750e-02,1.1252e-01,6.6448e-02,9.7587e-02,8.0778e-02,8.6810e-02,5.7321e-02,1.2302e-01,-1.4508e-02,6.3645e-02,5.9857e-02,3.3241e-02,1.3339e-01,-5.8766e-02,-6.6145e-02,-5.4773e-02,-4.9102e-02,-6.9469e-02,-4.4190e-02,-8.2309e-02,-1.6051e-01,-1.0003e-01,-1.2510e-01,-8.8510e-02,-1.1759e-01,1.2994e-02,3.0332e-02,3.3956e-02,-1.4626e-03,-5.3235e-02,-2.5843e-01,3.2992e-02,1.4535e-02,-5.9936e-02,-1.4822e-01,-2.0851e-02,6.6171e-03,4.5974e-02,3.9455e-02,-5.8153e-02,-5.9093e-02,4.3126e-02,1.3504e-01,1.2561e-01,9.5517e-03,9.1862e-02,8.4768e-02,-1.5637e-02,7.6362e-02,1.7889e-01,7.8686e-02,6.2797e-02,1.2183e-01,1.5532e-01,2.2452e-02,3.3474e-02,7.5694e-02,-2.7954e-02,-2.4104e-02,-2.1343e-02,-3.8034e-02,-1.5894e-01,-1.5345e-02,-5.8933e-02,3.4716e-02,-1.2138e-01,-1.6521e-01,-9.2886e-02,-1.3668e-01,-1.4655e-02,-1.0066e-01,-1.1013e-01,-1.4115e-01,-2.7691e-02,-1.5541e-03,-2.6155e-02,-4.4800e-02,-4.5647e-02,-4.7766e-02
2.2585e-02,5.2605e-02,-1.8259e-02,-1.9232e-01,-1.6495e-02,-6.9866e-03,2.3101e-02,-7.4886e-02,-5.4576e-02,-2.8242e-02,-6.7453e-02,-1.2400e-01,-1.7736e-01,-1.0030e-01,-3.2609e-02,-5.1170e-02,-4.2400e-02,-2.1449e-02,-3.8820e-02,1.1864e-04,9.2775e-02,2.3204e-01,8.9570e-02,6.2171e-02,1.0812e-01,8.4463e-02,4.4745e-02,4.3479e-02,5.2014e-02,9.1508e-02,7.4980e-02,7.1391e-02,5.3603e-02,5.1823e-02,9.4756e-02,-4.2021e-02,-1.7335e-02,1.6262e-03,2.5158e-02,2.5199e-02,-4.4476e-02,-1.0168e-01,7.7366e-02,-1.3192e-01,-1.9721e-01,-1.0353e-01,-9.8006e-02,-1.1810e-01,-1.3238e-01,-5.9457e-03,-1.0811e-01,-1.6698e-01,-1.6692e-01,1.0780e-02,-3.2718e-02,-6.1726e-02,-1.2272e-01,-3.6262e-02,1.2506e-02,2.1679e-02,1.3712e-01,8.7009e-02,6.9809e-02,9.5847e-02,9.7999e-02,2.1208e-01,-2.4871e-02,2.5030e-02,7.5346e-02,8.9312e-02,7.6926e-02,2.6838e-02,-8.7242e-03,-1.4873e-02,4.7702e-02,2.3807e-02,1.3132e-02,2.3375e-02,-6.8125e-03,-7.3905e-02,-2.0591e-02,-1.9908e-02,-6.4418e-02,-1.7012e-01,-7.9477e-02,-8.3386e-03,-6.7059e-02,-1.1826e-01,-1.3750e-01,-5.3680e-02,-9.3350e-02,-2.0066e-01,-1.3272e-01,-1.5328e-01,-1.3713e-01,-1.0959e-01,-1.0608e-01,5.5651e-04,-2.0723e-02,-4.3226e-02
2.3859e-02,-2.9668e-05,-2.3293e-03,4.9235e-02,-4.1921e-02,-8.6463e-02,-1.7288e-01,-1.3742e-01,-1.0866e-01,-8.3631e-02,2.9358e-02,-1.9519e-02,-7.7620e-04,-5.6411e-03,1.2640e-01,4.9927e-02,3.2969e-02,3.5053e-02,1.7987e-02,-7.3612e-02,8.9245e-03,9.7464e-02,2.3895e-01,7.1711e-02,1.2998e-01,1.5083e-01,1.2553e-01,1.2007e-01,6.0066e-02,8.0106e-02,8.9583e-02,8.4304e-02,7.2282e-02,-7.6861e-02,1.4513e-01,1.5615e-01,9.4759e-02,4.9475e-02,7.1003e-03,-5.3304e-02,-7.4853e-02,-6.4907e-02,-9.1616e-02,-5.0659e-02,-1.0439e-01,-1.0408e-01,-1.5105e-01,-1.8417e-01,-2.1109e-01,-1.6526e-01,1.5980e-02,-4.3357e-02,-2.9133e-02,-3.3032e-02,7.4859e-02,-7.2157e-02,-4.4240e-02,-9.3902e-02,-4.7556e-02,3.5249e-03,1.0717e-01,7.7300e-02,1.2886e-01,8.2234e-02,1.1214e-01,1.0554e-01,1.1991e-01,8.0697e-02,1.1648e-01,1.2592e-01,7.6171e-02,1.4804e-01,6.3996e-02,3.7895e-02,3.3715e-02,1.2572e-01,8.3814e-02,-2.3143e-02,-5.6394e-03,-5.0934e-02,-3.4309e-02,-1.9774e-02,-2.9857e-02,-1.5821e-01,-1.0748e-01,-3.8856e-02,-5.9893e-02,-7.4460e-02,-1.3174e-01,-6.2906e-02,-1.1542e-01,-1.3910e-01,-1.1130e-01,-2.3395e-02,-1.3989e-01,-1.3931e-01,-1.2525e-01,-1.5926e-01,2.9987e-02,2.4086e-02
-9.1807e-02,-1.3167e-01,-4.2003e-02,5.4788e-02,-4.3854e-02,-4.0066e-02,-1.6481e-01,6.3940e-02,-1.3486e-01,-1.7936e-01,-1.0555e-01,1.5464e-04,3.3105e-03,-1.5064e-02,-5.9988e-02,-5.3005e-02,-5.0701e-03,7.4116e-02,9.5565e-02,1.0118e-01,1.0642e-01,1.7309e-02,-4.7054e-02,2.8057e-01,5.2031e-02,4.1026e-02,1.4179e-01,1.7662e-01,1.4208e-01,1.0060e-01,1.4917e-01,1.2880e-01,-2.5054e-02,1.1984e-01,8.4596e-02,8.2155e-02,8.3623e-02,4.5796e-02,-8.2525e-03,-8.3746e-02,-5.4382e-02,-2.0871e-02,-7.5411e-02,-3.4440e-02,-3.5831e-02,-1.6611e-01,-1.3704e-01,-1.0382e-01,-7.8411e-02,-7.3007e-02,-1.8760e-01,1.0223e-01,-4.5731e-02,-1.7823e-01,-1.1784e-01,5.5842e-02,-1.3639e-02,3.6307e-02,2.8692e-02,3.6442e-02,3.3593e-02,8.0418e-02,1.6975e-02,4.9942e-02,9.3298e-02,1.3999e-01,7.6210e-02,7.7272e-02,1.2267e-01,7.9712e-02,1.0418e-01,1.0623e-01,1.1951e-01,5.3389e-02,3.0380e-02,9.4697e-02,5.4700e-02,5.2146e-02,-1.8670e-02,-6.8157e-02,-3.6712e-02,-2.7606e-02,-2.1683e-02,-6.1428e-02,-1.0640e-01,-6.7671e-02,-5.3666e-02,-6.4139e-02,-9.9762e-02,-1.0102e-01,-1.3638e-01,-6.6660e-02,-6.9045e-02,-1.1429e-01,8.3802e-03,-1.7097e-02,4.6094e-03,3.7958e-02,1.7025e-01,1.2720e-01
7.0728e-02,-9.6375e-03,-8.3851e-02,2.2859e-02,-6.2992e-02,-1.9541e-01,-1.0932e-01,-1.6304e-01,2.1577e-02,-3.1783e-02,-1.3988e-01,-2.7761e-02,-2.8443e-02,-5.6895e-02,1.7532e-03,-2.0348e-02,-3.8179e-03,2.4935e-02,1.2932e-02,3.2804e-02,7.7551e-02,2.3480e-03,3.4685e-02,1.0880e-01,1.0177e-01,3.4761e-02,9.4028e-02,8.8971e-02,8.7080e-02,2.5293e-03,4.4288e-02,1.3357e-01,1.8166e-02,1.1293e-01,1.4408e-02,6.5136e-02,4.4130e-02,-3.4847e-02,-3.0069e-02,-3.3700e-02,-5.4527e-02,-1.0638e-01,-6.4471e-02,-3.9704e-02,-5.8094e-02,-2.0110e-02,-7.2281e-02,-9.1385e-02,-5.7955e-02,-1.7809e-01,-1.0644e-01,-1.5830e-01,-1.0091e-02,-3.3064e-02,-7.6223e-02,-8.1681e-02,1.3534e-01,3.1785e-02,1.5512e-02,-2.0300e-03,4.8049e-02,8.6016e-02,-2.6733e-02,2.5796e-02,2.3344e-02,3.8882e-02,9.3788e-02,7.2883e-02,1.1948e-01,6.1418e-02,5.9780e-03,1.0645e-01,1.7093e-01,8.3988e-02,3.2572e-02,-1.1267e-03,-2.1079e-02,9.6428e-03,-3.0740e-02,1.4500e-02,-8.9890e-02,-7.6456e-02,-2.1616e-02,-1.4933e-02,-4.6481e-02,-1.4109e-01,-4.7209e-02,3.9764e-03,-5.6884e-02,-1.2773e-01,-1.5106e-01,-1.2962e-02,-2.9207e-02,-6.2165e-02,-1.0602e-02,-2.6402e-02,7.2095e-03,-1.3329e-01,1.0984e-02,4.7031e-02
-2.2862e-02,4.2926e-02,1.7736e-02,2.2267e-02,2.4861e-02,-8.3132e-02,5.9338e-03,-1.7203e-02,-3.4149e-02,1.4066e-01,-9.5082e-02,-2.2263e-01,-7.6221e-02,-1.3020e-01,-9.8038e-02,2.3842e-02,-4.8064e-02,7.5517e-02,5.6744e-02,2.0963e-02,7.0205e-04,7.0058e-02,9.8954e-02,3.5767e-02,3.4856e-02,4.5717e-02,7.4796e-02,1.2997e-01,1.6141e-01,2.0579e-01,8.4539e-02,8.7579e-02,1.6494e-01,5.6728e-02,-3.1781e-02,2.2788e-02,-1.0923e-02,-5.4793e-02,-6.5160e-02,-1.0557e-02,-1.2977e-01,-4.5412e-02,-1.5111e-01,-7.6750e-02,-1.1054e-01,-5.1717e-02,-8.0005e-02,-1.2856e-01,-1.2585e-01,-1.3423e-01,-8.5306e-02,-8.8287e-02,-1.6888e-01,-3.3697e-02,-1.1923e-01,-1.8639e-02,2.9837e-02,6.6334e-02,3.5985e-02,2.0161e-04,4.5288e-03,6.2606e-02,6.3025e-02,6.7899e-02,6.3553e-02,8.1801e-02,1.4823e-01,8.2520e-02,1.1518e-01,1.3966e-01,1.1296e-01,-3.3419e-02,8.8347e-02,9.8413e-02,5.2365e-02,2.3955e-02,5.8162e-02,1.8826e-02,1.4465e-02,8.2424e-02,-1.8734e-02,-8.8135e-02,-5.6388e-02,4.4390e-03,-1.0122e-01,-1.0537e-01,-1.9898e-01,-8.0968e-02,-7.0850e-02,-1.0718e-01,-6.6440e-02,1.5328e-03,-6.3939e-02,-1.1421e-01,-7.8007e-02,-4.0371e-02,1.6582e-03,-3.9386e-02,-1.5093e-01,1.7036e-02
-3.1491e-03,2.1360e-02,9.2714e-02,-2.1486e-02,-2.0305e-02,3.6726e-02,7.4950e-03,-1.9862e-02,-5.0571e-02,-9.8041e-02,1.1677e-01,-3.3762e-02,-3.6763e-02,3.7575e-02,-1.3618e-01,-2.7127e-02,6.4107e-02,-9.9369e-02,1.3817e-03,9.3130e-02,-1.5236e-02,1.2300e-01,1.3915e-02,-3.5046e-02,6.7135e-02,2.1859e-01,5.8574e-02,3.8210e-02,8.7117e-02,1.1508e-01,1.9596e-01,7.9162e-02,3.0296e-02,3.5493e-02,-7.3998e-02,-3.5321e-02,-8.0697e-02,-3.8493e-02,-3.3933e-02,-4.9386e-02,2.5988e-02,-5.2050e-02,-1.2998e-01,-9.6945e-02,-9.9997e-02,-6.8118e-02,-4.7502e-02,-4.1317e-02,-7.9057e-02,-1.3470e-01,-7.3345e-02,-7.0265e-02,-9.6072e-02,-7.9911e-02,9.0286e-03,-2.7729e-02,-8.0341e-02,-6.4746e-02,3.5126e-02,3.6617e-02,-9.9019e-02,3.9916e-02,7.7447e-02,6.9318e-02,9.0377e-02,8.5465e-02,1.2130e-01,9.3380e-02,9.7667e-02,1.0757e-01,1.5467e-01,2.3291e-02,-5.7249e-02,1.3617e-01,7.3957e-02,3.2244e-02,6.5355e-02,-9.9048e-03,5.3945e-02,2.5359e-02,4.0533e-02,-3.6299e-02,-6.2967e-02,-6.2350e-02,-5.9613e-02,-1.3090e-01,-2.4850e-02,-2.0145e-01,-8.7429e-02,-1.0293e-01,-2.9999e-02,-1.5501e-01,-5.7912e-02,-2.4777e-02,-6.8363e-02,-4.2838e-02,-4.1790e-02,7.1264e-02,-6.2362e-02,-8.4603e-02
-1.0541e-02,-5.7873e-02,3.9137e-02,-2.3359e-02,-5.3631e-02,1.3997e-01,7.2631e-03,-1.5104e-03,1.1379e-02,-7.5938e-02,-7.4927e-02,6.6490e-02,-4.7740e-03,1.1226e-01,1.4386e-02,-6.9610e-02,-2.9560e-02,6.5194e-02,-4.0579e-02,3.8240e-02,8.0889e-02,1.1375e-01,8.1696e-02,2.9476e-02,7.7108e-02,8.6285e-02,1.1011e-01,3.2655e-02,3.7646e-02,8.6220e-02,3.3788e-02,-3.3790e-02,8.3280e-03,4.3783e-02,7.4182e-02,6.8299e-03,-1.1951e-02,7.2210e-03,3.3892e-03,-3.5106e-02,1.5841e-02,3.1362e-02,-4.5413e-02,-4.2136e-03,-5.2982e-02,-8.0042e-02,-8.6699e-02,-1.2968e-01,-8.2487e-02,-1.0318e-01,-6.3881e-02,-6.5043e-02,-6.3120e-02,-1.0599e-01,8.6498e-02,-1.5740e-01,6.3379e-03,-4.3715e-02,6.9487e-02,1.7145e-02,3.0864e-02,-1.2951e-02,8.2085e-02,4.9471e-02,9.7134e-02,8.4094e-02,6.9116e-02,1.0935e-01,9.7095e-02,8.3672e-02,4.5156e-02,1.7592e-01,1.1565e-02,-1.0161e-01,6.3051e-02,-7.1787e-03,1.0631e-02,2.4360e-02,3.1058e-02,-2.7030e-02,1.0974e-01,4.7760e-02,-1.7814e-01,-6.0794e-02,-3.1666e-02,-5.5224e-02,-1.9224e-02,-1.0382e-01,-1.6410e-01,-5.0703e-02,-8.5846e-02,-1.6489e-01,-1.2807e-01,-3.7242e-02,-6.2806e-02,-4.8359e-02,-1.2144e-02,8.9186e-03,1.9756e-02,-7.2632e-02
-6.5369e-02,-8.1099e-02,-1.6271e-01,-1.7426e-01,-8.1234e-02,-1.5581e-02,-5.8870e-02,-1.6722e-02,2.1048e-02,1.1585e-02,-1.3819e-02,-1.6500e-02,-6.7527e-03,7.0182e-02,2.5115e-02,3.2960e-02,4.6342e-02,-6.5486e-02,8.4277e-02,-1.7286e-02,3.7103e-02,6.0781e-02,9.5470e-02,7.4458e-02,1.2717e-01,7.7309e-02,9.5474e-02,9.7558e-02,1.9724e-02,7.3910e-02,-5.2795e-02,2.0225e-03,2.7246e-02,6.1648e-02,5.6348e-02,6.7006e-02,1.5803e-02,2.8008e-02,6.6710e-02,-6.5324e-03,1.7050e-02,1.6338e-02,-4.7532e-02,-4.8363e-02,-8.3650e-02,-1.0584e-01,-3.2252e-02,-6.7357e-02,-1.2278e-01,-5.4585e-02,-5.6410e-02,-6.3873e-02,-4.4124e-02,-3.7926e-02,-1.2267e-01,4.8386e-02,-3.2732e-02,-2.5198e-02,3.6151e-02,1.0128e-01,1.5153e-02,1.3171e-02,9.1500e-03,1.5840e-01,3.6580e-02,9.1370e-02,4.9902e-03,1.5565e-01,9.9995e-02,6.3820e-02,5.3470e-02,5.9291e-02,1.1082e-01,4.9175e-02,-9.0265e-03,3.8198e-04,-1.9722e-02,3.6390e-02,1.9799e-02,2.6423e-03,4.3245e-02,-3.2247e-02,-7.8722e-02,-7.8079e-02,-1.7386e-02,-3.7777e-02,-5.8995e-02,-3.1698e-02,-1.0983e-01,-3.0098e-02,-8.0614e-02,-3.4942e-02,-1.4759e-01,3.5988e-02,-4.2215e-02,-6.0363e-02,-1.4331e-01,-3.5748e-02,-5.2169e-03,3.7955e-02
-3.8197e-02,1.7051e-02,-6.8929e-02,3.7560e-02,2.4981e-02,-3.4735e-02,6.7468e-02,3.1034e-02,1.3446e-02,-1.0584e-01,-1.4849e-02,9.6772e-03,3.2765e-02,-2.3845e-01,1.2678e-01,-7.4226e-02,9.5570e-02,-2.6060e-02,-5.0001e-02,9.0106e-02,1.0866e-02,-8.9669e-03,5.9736e-02,8.2674e-02,6.8139e-02,9.9547e-02,7.3632e-02,8.9803e-02,4.9326e-02,-3.3893e-02,-3.0524e-02,5.1234e-03,6.6013e-02,-5.9819e-04,7.2675e-02,8.9953e-02,8.9706e-02,4.3892e-02,-5.2796e-02,7.8917e-03,1.0550e-02,-5.8491e-02,-1.1294e-02,-1.9803e-01,-3.9998e-02,-3.4931e-02,-1.3989e-01,-3.6514e-02,-2.4087e-02,-3.2246e-02,-5.3889e-02,-6.3462e-02,-2.7372e-02,-8.9697e-02,-6.9297e-02,-7.4343e-03,-4.6876e-02,1.6669e-02,2.0466e-02,6.7616e-02,7.2558e-02,2.4779e-02,-9.2218e-02,8.5939e-02,1.7563e-02,7.4160e-02,5.4685e-02,1.0083e-01,8.7730e-02,4.3459e-02,5.7862e-02,5.6087e-02,7.8457e-02,4.1246e-02,5.8721e-02,8.8829e-02,-7.3271e-02,-8.2644e-02,9.2595e-02,-9.5009e-02,-1.5240e-01,-4.0285e-02,3.7262e-02,-6.9444e-02,-7.0408e-03,-3.7424e-02,-7.4545e-02,1.1617e-02,-4.1423e-02,-7.3163e-02,-4.2466e-02,1.8750e-02,-2.1209e-02,-5.6574e-02,4.2659e-02,-3.5397e-02,-3.3626e-02,-8.3021e-02,-2.4837e-02,5.3000e-02
-3.7156e-02,2.7053e-03,-3.7299e-03,4.1154e-02,1.3546e-01,3.1128e-02,-2.3447e-03,6.5660e-02,5.7115e-02,4.2110e-02,-4.0525e-02,-4.6640e-02,1.7500e-02,6.0941e-02,-1.4612e-02,5.8147e-02,-3.0097e-02,1.3468e-01,4.7040e-02,-1.0297e-01,8.6222e-02,9.1962e-02,3.6147e-02,1.0274e-02,9.7962e-02,-3.3726e-02,1.0720e-02,2.8364e-03,6.7966e-02,3.2990e-02,1.7627e-02,4.6465e-03,3.8210e-02,2.5765e-02,8.4290e-02,-1.1177e-03,1.0883e-01,1.9300e-02,1.6060e-02,6.3150e-03,-3.2788e-02,-8.1856e-02,-8.9813e-02,-3.0613e-02,7.3931e-02,2.0894e-03,-7.1512e-02,-2.4375e-02,2.2239e-02,-3.1600e-02,-6.9229e-02,-9.0097e-02,-6.3545e-02,-4.5821e-03,-1.0893e-02,-4.5174e-02,-3.9296e-02,8.4427e-02,-7.8612e-02,-8.2732e-03,7.4121e-02,4.4152e-02,4.1819e-02,-1.2752e-02,5.0953e-02,-4.5049e-03,5.8151e-02,1.3856e-02,9.1013e-02,5.3763e-02,4.9776e-02,4.3135e-02,6.0581e-02,9.4905e-02,-2.3368e-02,4.0029e-02,5.5818e-02,9.3063e-02,3.2146e-02,2.2217e-02,2.9687e-02,-8.4174e-03,6.0659e-02,-1.4864e-02,-8.3123e-02,-5.4623e-02,-5.4600e-02,9.5247e-03,3.3403e-03,-1.1943e-02,-1.3665e-01,2.5482e-03,2.1530e-02,-5.6819e-02,1.3676e-03,2.5390e-02,5.2175e-02,-5.4382e-02,-5.1993e-02,1.0691e-02
3.2814e-02,-8.8621e-03,5.0710e-02,5.4039e-02,8.0095e-02,7.9004e-02,3.9622e-02,2.1500e-02,1.0099e-02,1.3229e-01,2.7416e-02,4.4729e-02,-2.8057e-02,4.2883e-02,3.7689e-02,1.6004e-01,3.2612e-02,-6.6630e-03,4.6007e-02,5.1055e-02,2.2427e-02,7.4328e-03,3.8229e-02,1.4011e-01,8.9286e-03,-5.3584e-02,-5.5983e-02,6.2081e-02,4.0781e-02,8.4889e-02,4.9201e-02,1.5692e-01,6.5092e-02,5.6204e-02,-7.6150e-03,1.4050e-02,9.2534e-03,4.6470e-02,2.4198e-02,-2.0492e-02,-1.0473e-01,-6.9266e-02,4.0015e-02,3.0963e-03,-6.6368e-02,-7.6028e-02,-1.4829e-02,-7.9502e-02,-1.2949e-02,-9.2303e-02,-9.0720e-02,-1.0672e-02,2.6430e-02,1.4135e-02,8.8114e-03,-2.0453e-02,-2.0276e-02,5.0354e-02,1.2505e-02,1.8396e-02,1.8704e-02,5.6666e-02,7.6938e-02,-2.0194e-02,4.4876e-02,-2.5439e-02,-1.1938e-02,-1.7175e-02,1.6869e-03,3.5676e-02,2.8826e-02,1.1289e-02,3.9476e-02,4.5460e-02,6.7451e-02,-2.6565e-02,1.9821e-01,-7.8608e-03,-1.0041e-01,8.9272e-02,4.1465e-02,3.7253e-03,-1.7496e-02,-6.7859e-03,-1.3139e-01,-1.0838e-01,-9.6331e-02,-8.6445e-02,5.0329e-02,2.2085e-03,-1.3202e-02,-8.2283e-02,2.2935e-03,-1.0523e-03,-1.1394e-01,-7.6007e-03,7.4941e-02,-2.5248e-02,6.6538e-04,-2.8896e-02
8.9410e-03,4.0821e-02,6.4550e-02,6.9556e-02,-5.8795e-02,2.0975e-02,-2.0109e-02,-1.7607e-04,9.7700e-02,9.9580e-02,1.7420e-01,1.5771e-01,1.0564e-01,1.3380e-01,2.6980e-03,1.0656e-01,3.5117e-02,7.8838e-02,-4.2260e-02,5.5253e-02,-1.5332e-02,-3.2601e-02,-4.7067e-02,2.1485e-02,2.8902e-02,1.5972e-01,9.7581e-02,6.7392e-02,1.2846e-01,9.4233e-02,1.1088e-01,-4.9152e-03,-3.7604e-02,-4.7260e-02,-1.1534e-01,-1.0998e-01,-1.7977e-01,-4.8678e-02,3.7742e-02,-6.4313e-02,2.7931e-02,3.7477e-02,1.7948e-02,2.6389e-02,1.7802e-02,-6.2502e-02,-1.3283e-02,2.1497e-02,2.3339e-02,-6.3733e-03,-3.4600e-03,3.6382e-02,2.6612e-02,1.8800e-02,1.6858e-02,1.1692e-02,-1.7954e-02,-2.0494e-02,-5.5518e-02,9.1945e-02,3.5608e-02,1.9920e-02,5.2773e-02,1.0435e-02,3.2593e-02,3.0754e-02,1.2704e-02,-2.0043e-03,-3.2357e-02,9.8629e-02,8.2703e-03,-1.8923e-02,7.1952e-03,2.9373e-02,3.9680e-02,4.8777e-02,-3.0121e-03,-6.0175e-02,-3.2138e-02,-3.2739e-03,3.3613e-02,-1.0750e-01,-2.9245e-02,5.8410e-02,2.0812e-02,-2.7458e-02,-6.4250e-02,-6.1745e-02,1.2655e-03,-1.7262e-02,1.0607e-02,-8.5110e-03,-1.0819e-01,9.4718e-03,-4.9430e-03,-1.2634e-01,3.4823e-02,3.3364e-02,5.3765e-02,3.2809e-02
1.3154e-01,3.2746e-02,2.6246e-02,-3.6994e-02,-2.3766e-02,3.9440e-02,7.2495e-02,8.8273e-02,5.3047e-02,2.3397e-02,3.5261e-02,1.2358e-01,1.3387e-01,6.6823e-02,6.6865e-03,-5.5539e-02,1.0924e-01,-1.1417e-01,3.6114e-02,-1.5277e-02,-9.7691e-02,-5.9169e-02,1.0422e-02,-8.0468e-02,-6.9766e-02,3.3513e-02,1.7127e-02,-4.0675e-02,-2.9906e-02,3.2578e-02,-6.9157e-03,6.5744e-02,-1.5970e-02,2.1455e-04,5.1714e-03,-1.3110e-02,-4.2658e-02,-2.9252e-02,4.0223e-02,8.4243e-02,3.3420e-02,2.0568e-02,1.2016e-02,-9.5848e-03,-7.1702e-02,4.2181e-02,-9.1297e-02,-6.7047e-02,4.6108e-02,5.0548e-02,-4.6796e-02,-8.1045e-03,8.7755e-03,1.4997e-02,1.7518e-02,1.8518e-02,-5.8030e-03,-3.7715e-03,1.6387e-02,-3.4006e-02,2.2784e-02,1.9367e-02,-1.1808e-02,-4.3697e-02,-4.9829e-02,1.0475e-01,4.9425e-02,-3.2914e-02,-4.4947e-02,-2.0411e-02,-3.4639e-04,-2.7846e-02,-3.1985e-02,1.2346e-02,1.1889e-01,-3.2353e-02,-1.1415e-01,3.2870e-02,-1.6961e-02,-6.5290e-02,4.8392e-02,8.5158e-02,2.2139e-02,5.0443e-02,2.6450e-01,3.8037e-02,-1.6244e-02,-2.2707e-02,-1.0480e-01,-7.7793e-02,5.3318e-02,7.7620e-03,-2.7036e-02,-9.1193e-02,-3.2523e-02,-6.0352e-02,-3.1555e-02,3.7311e-02,2.5758e-02,6.2206e-02
5.6452e-02,2.3354e-02,-3.6438e-02,9.6726e-02,7.8373e-02,5.5380e-02,9.4839e-02,9.0853e-02,5.7001e-02,4.7832e-02,1.1190e-01,1.6355e-02,4.1219e-02,7.1559e-02,1.1301e-01,-3.3843e-02,6.2078e-02,1.7177e-01,-1.0424e-02,2.5552e-02,6.3618e-02,-1.2320e-02,3.1554e-02,-2.4520e-02,2.9655e-03,-7.3218e-02,-5.2222e-02,-7.6694e-02,-2.2103e-01,-9.7337e-02,-6.5170e-02,-3.3536e-02,1.0727e-02,-1.8817e-02,4.0715e-02,-2.3634e-03,6.3699e-02,4.5867e-02,1.5116e-02,-1.5811e-02,1.1063e-01,1.0562e-01,8.1511e-02,1.9978e-02,-1.1583e-01,6.4251e-03,1.3717e-01,4.4554e-02,-1.9897e-02,1.1008e-01,9.7512e-02,3.0337e-02,-4.7473e-03,-7.5456e-02,-1.4715e-02,1.1423e-02,-1.7001e-02,-1.4361e-02,2.9971e-02,-6.6908e-02,-1.4372e-01,-4.9140e-02,-6.6142e-02,-6.9082e-02,-8.5693e-02,-1.2683e-01,-7.1767e-02,4.4222e-02,5.8370e-02,-7.6141e-02,5.8220e-03,-2.8469e-02,-6.1642e-02,5.8636e-02,-1.6626e-01,-6.7613e-02,1.7572e-02,-5.4217e-02,6.9097e-03,-4.6235e-02,-7.4625e-02,7.3737e-02,-3.7840e-02,-3.2310e-02,1.3136e-02,1.5135e-01,6.7545e-02,8.1121e-03,-6.8534e-02,-4.2656e-02,-3.7790e-02,-3.7498e-03,-7.6728e-02,1.4039e-02,-2.6979e-02,7.5500e-03,-4.5845e-02,6.4262e-02,-4.4807e-03,-1.2970e-02
-5.4785e-02,6.7074e-02,-1.2836e-02,7.5100e-02,9.0567e-02,9.0741e-02,9.5484e-02,1.0006e-01,3.0988e-03,4.0875e-02,8.3087e-02,2.2168e-03,2.3540e-02,8.8282e-02,9.9701e-02,6.4032e-02,-2.4768e-02,-2.5635e-02,-2.3303e-02,2.5939e-02,-1.6752e-02,4.6409e-02,-3.4443e-02,-9.6032e-02,-4.9515e-03,-2.7405e-02,5.1324e-02,3.2601e-02,6.0704e-03,-6.0684e-02,4.0675e-03,-1.5816e-02,4.5676e-03,1.4319e-02,8.9527e-02,1.3476e-01,1.2683e-01,1.3985e-01,-3.4659e-02,2.9783e-02,-4.1546e-02,-1.4490e-02,-2.6157e-02,-1.6657e-02,6.5835e-02,-3.3978e-02,1.0001e-01,1.4077e-01,-5.9487e-03,3.3501e-02,7.5364e-02,1.0237e-01,2.4484e-02,1.7180e-02,-1.4862e-02,-9.1752e-02,-7.2913e-03,-4.3881e-02,2.5404e-02,8.5358e-03,3.1827e-02,1.7847e-02,-1.6541e-02,1.6810e-02,-5.6994e-02,-5.8183e-02,-1.0584e-01,-5.6529e-02,-4.3046e-02,-4.6402e-02,-8.3886e-02,-2.3778e-02,-5.7279e-02,-1.3902e-01,-3.3271e-02,-2.2307e-02,-6.2413e-02,1.7293e-02,2.1876e-03,-5.5096e-02,-2.2657e-02,3.4046e-02,5.9192e-02,-4.5746e-02,-9.1929e-02,7.4445e-02,2.2610e-02,-7.2789e-03,1.1691e-01,1.7447e-01,5.2336e-02,2.5608e-02,4.2752e-02,2.4590e-02,7.9587e-02,3.6658e-02,-1.6722e-02,-3.8793e-02,4.8296e-02,3.7017e-03
-8.3697e-03,3.4569e-02,5.1928e-02,3.8884e-02,6.6312e-02,1.0217e-01,9.4847e-02,6.9464e-02,1.2087e-01,1.0814e-01,1.0054e-01,7.6812e-02,8.9500e-02,2.8215e-02,1.0553e-03,4.7894e-02,-1.1603e-02,1.5335e-01,6.5806e-02,-3.8188e-02,1.2831e-01,7.7199e-02,2.3626e-02,3.0588e-02,-5.6771e-02,-1.6497e-01,-8.4331e-03,-1.0303e-01,-4.1643e-02,-5.8822e-02,-1.3665e-01,-1.3604e-01,-1.6461e-02,-8.7758e-02,-1.0902e-01,-1.0441e-01,-2.5849e-02,-2.8536e-02,-5.8889e-03,1.1314e-01,-3.9302e-02,-5.0348e-02,-7.4686e-02,-1.2326e-02,7.5368e-02,1.1388e-01,6.3477e-02,4.7935e-02,2.0897e-02,-1.7518e-02,1.0688e-01,3.0871e-02,8.2256e-02,-2.8047e-02,-5.6927e-03,6.7163e-02,-4.4248e-02,1.2043e-02,9.3837e-03,-3.7645e-03,7.7988e-02,-6.3048e-02,-1.1220e-03,-3.5944e-02,-5.3759e-02,3.6366e-02,-3.0703e-02,-1.2815e-01,-7.5249e-02,2.7911e-02,-7.2861e-02,7.5349e-02,-6.9482e-02,-2.6196e-02,-1.4956e-02,-7.4627e-03,-5.3313e-02,7.0967e-02,-1.7992e-04,2.8944e-02,-1.2776e-03,-4.8196e-02,3.7013e-02,2.0809e-02,-9.1421e-03,-1.8435e-02,-2.8859e-02,1.9913e-01,4.6301e-02,2.3364e-02,2.3346e-02,7.0685e-03,5.2357e-02,-9.9150e-02,1.0719e-01,2.4973e-01,1.4534e-01,-2.6727e-02,-8.4876e-02,8.4181e-02
-1.0961e-02,-3.2395e-02,5.2107e-02,2.7507e-02,-1.5761e-02,8.6367e-02,9.8963e-02,1.9269e-02,1.7795e-01,1.4338e-01,1.1301e-01,2.1910e-01,5.7806e-02,1.9796e-02,8.6157e-02,1.3891e-01,1.1977e-01,1.1870e-01,1.5898e-01,-4.0233e-02,-2.1680e-02,6.0118e-02,-6.7395e-04,3.1194e-02,-9.1985e-03,-6.9283e-02,-1.9861e-01,7.8523e-03,-3.7746e-02,-9.1031e-02,-1.0762e-02,-1.1538e-01,-9.7648e-02,1.8846e-02,-1.1684e-01,-1.1724e-01,-4.0290e-02,-5.9792e-02,-4.5350e-02,-1.5583e-02,1.0759e-01,2.6315e-03,3.7338e-02,1.3508e-02,-2.1129e-03,1.0112e-01,-6.4900e-03,3.6240e-02,7.7985e-02,5.4856e-02,4.7045e-02,2.4778e-02,-2.2393e-02,7.6632e-02,1.1465e-01,8.4328e-02,-1.6382e-02,3.0176e-02,-4.6057e-02,-7.7933e-03,1.2620e-01,-1.6595e-02,-4.3522e-03,-1.6184e-02,4.9513e-02,-8.7446e-02,-4.7337e-02,-9.6610e-02,-6.6780e-02,-1.0129e-01,2.5337e-03,-1.9757e-01,1.0812e-01,-6.3607e-02,-3.1103e-02,-1.4455e-02,-1.8689e-02,1.7191e-02,2.6125e-02,-7.9706e-04,4.0792e-02,5.8343e-02,2.8097e-02,-2.7557e-03,1.9511e-02,-1.2548e-02,1.2780e-01,8.2946e-02,1.4879e-02,3.7303e-02,1.4999e-01,1.3960e-01,6.7404e-02,1.4966e-01,-6.7899e-02,1.6554e-02,7.8313e-02,3.5877e-02,5.0258e-03,-1.5532e-01
-1.1931e-02,-3.0761e-02,4.8621e-02,2.6433e-02,2.9880e-02,4.8254e-02,5.1539e-02,1.3345e-01,7.4084e-02,1.1519e-01,8.1613e-02,1.6413e-01,9.2118e-02,6.4455e-02,1.2186e-01,1.5394e-01,1.0096e-01,-2.8232e-02,8.8810e-02,1.3908e-01,-1.4654e-01,-1.1478e-01,-7.2213e-02,4.8843e-02,2.4460e-02,4.1361e-02,-6.1123e-02,-1.0865e-01,-3.8628e-02,-9.8813e-02,-7.0413e-02,1.6858e-01,-5.2491e-02,-2.7522e-02,-5.0289e-02,-3.7594e-02,-2.8285e-02,2.4349e-02,-1.7215e-02,-3.3240e-02,-1.9818e-02,1.1766e-01,1.2599e-01,8.4167e-02,6.4197e-02,1.7455e-03,1.0884e-01,1.3373e-02,1.2097e-01,1.4227e-01,7.3153e-02,4.6951e-02,5.6533e-02,7.3606e-02,1.0484e-01,9.2371e-02,2.7476e-02,2.7486e-02,-1.7881e-02,-8.5672e-03,-4.4625e-02,2.6045e-02,-4.5472e-02,-1.5875e-01,4.3868e-02,-9.3856e-02,1.0199e-02,1.6552e-02,2.3138e-02,-5.2766e-02,-1.0151e-01,-1.6833e-01,-6.1217e-02,-5.0841e-02,-3.0555e-02,-2.1079e-02,-1.1928e-02,-1.7763e-02,1.5054e-03,7.4311e-03,9.8956e-03,2.4275e-02,7.3704e-02,1.3034e-01,2.0881e-02,1.3561e-02,1.5095e-02,6.6728e-03,1.1586e-01,-6.7357e-03,7.1115e-02,1.3956e-01,6.2082e-02,4.1483e-02,8.9047e-02,-1.1843e-01,3.9926e-02,1.8182e-03,9.5737e-02,7.4495e-02
-3.7167e-03,7.1957e-03,4.1276e-02,1.9306e-02,1.6251e-01,-1.0174e-01,-9.9125e-03,1.3086e-01,9.2209e-02,5.3478e-02,1.3084e-01,7.1318e-02,1.1899e-01,1.0205e-01,1.1039e-01,7.6483e-02,5.5073e-02,1.6597e-02,9.9577e-03,8.7889e-02,2.6797e-02,-4.0408e-02,-4.7174e-02,-2.4437e-01,-9.6964e-02,-8.8346e-02,-1.1907e-01,-1.7918e-01,-1.2476e-01,-4.2472e-02,-1.0136e-01,-4.8148e-02,-2.4201e-02,-4.7998e-02,-7.8472e-02,-3.2061e-02,-2.4897e-02,-3.3781e-02,1.3823e-01,2.4359e-02,-1.3300e-02,4.5127e-02,7.0396e-03,1.6935e-01,9.2650e-02,5.9013e-02,1.4759e-02,1.3966e-01,6.3921e-02,9.8032e-02,3.4442e-02,3.7484e-02,1.2981e-01,8.6562e-02,-9.2419e-03,2.3308e-02,1.0557e-01,4.8887e-03,9.4307e-03,1.8626e-02,-7.1414e-02,-1.2987e-02,-5.9777e-02,-3.1059e-02,-1.1375e-01,1.1161e-02,-6.0802e-02,-4.8368e-02,-7.4438e-02,-1.5119e-01,-8.4237e-02,-1.1838e-01,-1.0380e-01,-6.3978e-02,-3.4941e-02,-4.2784e-03,-1.6700e-02,-2.9711e-02,-4.1314e-02,5.5108e-02,-1.5047e-03,1.2129e-02,1.8670e-02,1.7140e-02,1.4126e-01,1.5027e-01,3.2880e-02,2.1631e-02,6.2956e-02,8.4935e-02,2.3746e-02,3.0226e-02,1.5476e-01,1.2096e-01,-1.8475e-02,5.8943e-02,5.9432e-02,-2.5292e-02,-6.6623e-02,5.1862e-02
2.1429e-02,3.2388e-02,2.9720e-02,1.4639e-02,6.0864e-02,1.1767e-01,-3.7931e-02,8.8650e-02,9.3470e-02,8.1213e-02,1.1138e-01,6.0540e-02,1.2161e-01,1.2830e-01,6.9714e-02,-1.1216e-02,-2.9821e-03,-1.6056e-02,-1.5120e-01,-1.3860e-02,1.4861e-01,-3.4172e-02,1.1114e-02,-1.0646e-01,-1.2944e-01,-5.3656e-02,4.8068e-02,-4.7739e-03,-1.3371e-01,-3.7306e-02,-7.7713e-02,-9.7767e-02,-5.1693e-02,-2.6139e-02,2.5074e-03,-9.3006e-03,-4.0284e-02,-2.4173e-02,-5.0611e-02,-1.9510e-02,5.8433e-02,3.4119e-02,5.2395e-02,6.9750e-02,8.0168e-02,7.5556e-02,7.6303e-02,1.0890e-01,2.8904e-02,4.7616e-02,1.4040e-01,8.3255e-02,7.7951e-02,8.2845e-02,2.8157e-02,-2.3548e-02,2.2716e-03,9.9142e-02,9.7526e-02,-6.6977e-02,-4.0040e-02,-1.2179e-01,-1.6610e-02,-6.3289e-02,-6.6414e-02,-1.5064e-01,-4.0957e-02,-5.9813e-02,-1.1644e-01,-1.5884e-01,-1.0613e-01,-3.2080e-02,-1.1742e-01,-1.2436e-01,4.0517e-02,-3.4715e-02,6.5642e-02,-3.0368e-02,-2.0720e-02,6.7187e-03,-1.8805e-02,-2.1913e-02,2.9131e-02,1.0026e-01,1.0052e-01,1.2895e-01,1.3474e-01,6.0632e-02,1.5435e-01,1.0712e-01,5.8683e-02,-2.0615e-03,7.2777e-02,1.3585e-01,4.9978e-03,1.9291e-02,-3.0560e-02,1.6913e-01,1.2456e-02,-2.8206e-02
3.4943e-02,2.7710e-02,1.5329e-02,1.4980e-02,4.9310e-02,8.7422e-02,1.8542e-01,3.2224e-02,9.6690e-02,1.0453e-01,1.1861e-01,8.3657e-03,1.5432e-01,1.9972e-01,9.9792e-02,3.3368e-02,6.4501e-02,6.0513e-02,2.3501e-02,-5.1728e-02,1.1765e-02,-2.5948e-02,-4.7406e-02,3.4744e-03,7.0019e-03,-1.3506e-01,-1.1431e-01,-4.2524e-02,-7.1654e-02,-1.4943e-01,-2.7848e-02,-1.0869e-01,-1.1883e-02,-4.0253e-02,-1.5928e-02,1.0972e-01,-6.3753e-02,1.0772e-02,2.0882e-02,-1.2750e-02,9.5925e-02,7.9377e-02,1.3718e-01,1.1207e-01,1.4438e-02,2.7568e-02,1.2165e-01,4.0909e-02,1.0322e-01,6.4751e-02,8.4362e-02,9.8542e-02,8.3780e-02,5.7565e-02,3.7455e-02,8.2945e-02,2.0548e-02,-6.9484e-02,-2.9608e-03,-9.4904e-03,-3.4053e-02,-5.5998e-02,-1.8294e-01,-4.5536e-02,-1.7731e-01,-7.6781e-02,-1.8068e-01,-6.8716e-02,-1.5782e-01,-1.2816e-01,-1.0969e-01,-7.6442e-02,-3.0463e-02,-1.1831e-01,-1.0805e-01,-6.3824e-02,-7.3090e-02,-4.7345e-02,8.7867e-03,-8.1307e-03,2.5978e-02,-7.7545e-03,5.1242e-02,2.4848e-02,7.2652e-02,1.0889e-01,1.5087e-01,8.5363e-02,6.4592e-02,7.4728e-02,1.2007e-01,4.9697e-02,4.8409e-03,3.1066e-02,2.5541e-01,-5.3386e-03,-2.5704e-02,7.6078e-02,5.9714e-02,2.8156e-02
1.9783e-02,-4.0722e-03,2.2123e-03,3.1681e-02,8.2608e-02,1.3148e-01,1.3062e-01,4.8935e-02,9.5389e-02,1.5482e-01,1.4157e-01,8.5691e-02,6.6019e-02,1.0989e-01,8.4771e-02,8.7117e-02,7.0905e-02,1.3822e-01,1.5374e-01,8.8884e-02,8.1240e-02,1.0057e-01,2.3100e-02,8.1297e-03,-1.4584e-02,-5.8764e-02,-1.2234e-01,-1.3081e-01,-2.0195e-01,-1.1607e-01,-2.1099e-02,-1.1052e-01,3.0097e-02,-1.2582e-01,-1.5603e-02,-3.6092e-03,5.3658e-03,3.8482e-02,9.5192e-02,1.3377e-01,6.0351e-02,1.0660e-01,5.2000e-02,6.7119e-02,1.2843e-01,1.1521e-01,1.6159e-01,8.9244e-02,3.7520e-02,1.1304e-01,6.8201e-02,1.7804e-02,4.8385e-02,8.5983e-02,1.2185e-01,6.1260e-02,-2.5304e-02,-5.7664e-02,-5.1649e-02,-1.0746e-01,-6.1411e-02,-1.8653e-01,-1.1549e-01,-1.3172e-01,-6.9950e-02,-4.9115e-02,-1.3637e-01,-1.3466e-01,-5.8928e-03,-8.1912e-02,-8.5227e-02,-3.7779e-02,-1.2188e-01,-2.1023e-03,-1.2566e-01,-5.8988e-02,-5.1178e-02,-3.2775e-02,2.6941e-02,1.0286e-03,-3.7230e-02,8.5025e-02,7.1207e-02,-1.7895e-02,5.3665e-02,7.1022e-02,1.2561e-01,1.7233e-01,7.6491e-02,1.4250e-01,7.4201e-02,8.5235e-02,1.1186e-01,-8.0187e-03,9.2034e-02,1.3983e-01,7.3269e-03,1.9063e-02,4.0276e-02,2.9146e-03
-3.5410e-02,4.1256e-02,-1.1084e-03,6.2492e-02,4.3692e-02,6.0394e-02,1.3800e-01,8.1494e-02,-4.3934e-03,2.8761e-02,7.9772e-02,1.3221e-01,2.0749e-02,2.7557e-02,5.4989e-02,7.6824e-02,4.8311e-02,6.1067e-02,9.2026e-02,7.9369e-02,-9.0295e-02,4.2740e-02,-6.3777e-03,-1.1283e-02,-3.7466e-02,-7.8134e-02,-1.1343e-01,-1.0751e-01,-1.0915e-01,-7.1054e-02,-1.9005e-01,-8.7318e-02,-6.8174e-02,-1.2499e-01,-5.4866e-02,-3.7749e-02,3.5550e-02,7.7089e-02,-4.9169e-02,4.5433e-02,1.1812e-01,6.3068e-02,1.0548e-01,5.2315e-02,6.2009e-02,1.3258e-01,1.6010e-01,1.8479e-01,8.9835e-02,5.2631e-02,1.6729e-01,1.9952e-01,1.1867e-01,1.1477e-02,1.8974e-02,5.5181e-03,1.1017e-02,-5.2056e-04,2.4456e-02,4.9758e-02,-2.8920e-02,-5.0183e-03,5.2714e-02,-7.3840e-02,-5.8749e-02,-3.5571e-02,-1.7153e-01,-1.0848e-01,-1.2298e-01,-5.8480e-02,-4.6404e-02,-3.8293e-02,-1.0166e-01,-5.9582e-02,1.0715e-02,-1.8598e-01,-6.7712e-02,-4.4692e-02,6.4095e-03,-1.0462e-01,1.3062e-01,1.0754e-01,8.8457e-02,1.9678e-02,-5.6381e-03,9.2793e-02,7.2487e-02,6.8815e-02,1.4755e-01,2.6948e-02,6.9711e-02,1.3613e-01,1.2556e-01,5.7595e-02,5.8860e-02,1.0306e-01,1.1520e-01,-7.5078e-03,-4.4028e-02,-4.5577e-02
-3.6596e-02,-3.0186e-02,4.4698e-02,2.4070e-02,9.5412e-03,3.5493e-02,9.0052e-02,1.2515e-01,4.3031e-02,5.3020e-03,-3.5344e-03,1.2297e-01,2.8833e-02,9.0133e-03,8.9319e-03,4.8369e-02,5.2141e-02,7.0407e-03,3.7020e-02,5.2693e-02,-3.3819e-02,-2.3825e-02,1.2389e-02,-5.2267e-02,-4.4277e-02,-5.5403e-02,-7.5637e-02,-5.9351e-02,-2.9948e-02,-4.5506e-02,-1.2594e-01,-2.6213e-02,-2.0249e-01,-6.7599e-02,-4.5637e-02,-9.4828e-02,8.3043e-02,5.9790e-02,-4.9425e-02,2.4433e-02,4.0244e-02,9.8029e-02,9.3199e-02,9.4778e-02,6.2455e-02,1.2674e-01,1.0044e-01,9.5135e-02,1.0162e-01,5.3096e-02,1.0726e-01,1.1037e-01,5.7393e-02,6.6015e-02,1.4375e-03,3.6148e-02,4.0966e-02,1.3982e-02,-7.1227e-02,5.8133e-03,-3.1931e-02,6.1290e-02,6.6503e-02,-3.1623e-02,-7.2905e-03,-8.2121e-02,-1.5097e-02,-2.7389e-01,-1.3292e-01,-1.1731e-01,-4.9889e-02,-1.6588e-02,-7.6699e-02,-8.6776e-02,-1.2137e-01,-5.4322e-02,-1.0052e-01,1.9701e-03,1.8613e-02,8.2678e-02,4.1869e-02,9.6435e-02,8.6351e-02,7.4759e-02,4.4724e-02,7.1828e-02,5.7326e-02,2.3253e-02,1.3734e-01,1.1540e-01,1.5094e-01,1.0097e-01,1.3890e-01,8.6281e-02,-2.6533e-02,1.1462e-01,9.4210e-02,2.1295e-03,8.1562e-02,2.7150e-03
-1.1075e-02,-1.5760e-02,4.5638e-02,8.8544e-03,-2.8389e-03,3.1613e-02,-3.6771e-02,7.8606e-02,1.1582e-01,-2.0843e-02,3.7493e-02,2.6347e-02,1.1326e-01,2.1612e-02,1.4214e-02,7.5588e-03,6.0202e-03,-2.1260e-02,-6.4512e-02,-5.5620e-02,-2.1159e-02,2.6271e-03,-1.1675e-02,-1.4640e-02,-2.7107e-02,-4.1906e-02,-3.2224e-02,-1.7474e-02,-9.5760e-03,-7.4825e-03,-5.1132e-02,-7.3936e-02,-7.9346e-02,1.3709e-02,-1.1098e-01,-1.3506e-01,-3.5656e-02,-8.1384e-02,3.5081e-02,2.9596e-02,-1.0865e-02,3.6086e-02,1.1877e-01,1.2474e-01,7.9796e-02,1.0082e-01,7.0571e-02,5.6487e-02,8.4571e-02,9.7867e-02,1.2549e-01,1.1336e-01,3.7250e-02,4.6264e-02,7.4439e-02,2.9036e-02,3.9470e-02,1.3669e-02,-3.2467e-02,-1.3951e-03,-5.5494e-02,7.3026e-03,-7.6669e-02,-5.3402e-02,-5.7617e-02,-1.3755e-01,-7.6097e-02,-3.9140e-02,-1.0251e-01,-1.6079e-01,-7.5374e-02,-1.0047e-01,-1.1553e-01,-5.4472e-02,3.9842e-02,1.4773e-02,3.4372e-02,2.3835e-02,4.0167e-02,8.0013e-03,2.0562e-02,4.4717e-02,4.2238e-02,6.1128e-02,7.3781e-02,8.9180e-03,4.7723e-02,7.1565e-02,7.2266e-02,7.7265e-02,1.2806e-01,1.3641e-01,7.6581e-02,1.1206e-01,2.4091e-02,-1.4929e-02,2.7133e-02,2.7186e-02,1.0876e-02,4.1974e-02
2.5964e-02,9.5906e-03,1.0905e-02,5.4727e-02,-6.7355e-03,2.4710e-02,-1.1887e-02,4.3996e-02,6.4343e-02,7.8478e-02,-5.1886e-02,6.3496e-02,2.8162e-02,3.0887e-02,6.5831e-02,4.4090e-02,1.9687e-02,-1.4230e-02,-2.9092e-02,-4.7252e-02,1.7783e-02,1.5055e-02,-3.8657e-04,1.2889e-01,-2.1857e-02,2.6664e-02,2.4316e-02,1.8823e-02,1.4195e-02,6.7886e-03,-5.8976e-02,-1.8880e-02,-8.1562e-02,8.1850e-02,5.7042e-03,-7.7886e-02,-8.5982e-02,-8.9321e-02,3.6242e-02,3.5701e-02,4.1425e-02,4.3331e-02,3.1251e-03,1.2325e-01,1.3637e-01,5.3467e-02,8.6476e-02,6.1896e-02,6.6808e-02,8.1683e-02,6.0844e-02,7.5189e-02,9.9515e-02,5.1750e-02,-2.1224e-02,1.0837e-02,3.0978e-02,6.0867e-03,8.8507e-04,4.5813e-03,-2.7381e-02,-3.1255e-02,-1.1204e-01,-8.3136e-02,-1.6679e-01,-4.2532e-02,-7.9569e-02,-6.8755e-02,-7.0459e-02,-9.1754e-02,-2.1796e-01,-1.0122e-01,-1.0132e-01,-4.0738e-02,-3.1695e-02,-4.3307e-02,-4.4346e-02,-5.0463e-02,4.7191e-02,3.8746e-02,-4.2296e-03,2.8106e-03,3.6129e-02,2.7969e-02,1.0401e-01,3.8217e-02,2.0008e-02,8.0235e-02,6.2782e-02,8.3794e-02,5.1653e-02,9.0817e-02,7.5843e-02,1.5345e-01,5.2025e-02,-2.1860e-02,-3.6131e-02,2.0030e-02,-6.9836e-03,-5.3983e-02
-1.3089e-02,4.8977e-02,-9.1006e-03,3.6236e-02,-2.7106e-03,1.3837e-02,2.1762e-02,-4.4194e-02,1.0651e-01,5.2490e-02,6.8470e-02,-1.2763e-02,2.5621e-02,2.1347e-02,-7.6199e-02,8.0323e-02,1.3505e-01,9.5182e-02,-5.7867e-03,-2.8092e-02,-2.5192e-03,-3.9682e-02,-6.5348e-02,-1.3508e-02,5.9919e-02,1.2962e-01,5.3579e-02,3.6769e-02,2.5601e-02,-5.5290e-02,9.9456e-03,-2.6686e-02,-5.8546e-03,9.2785e-03,-3.1180e-02,8.4593e-02,-1.4746e-01,-3.4260e-02,-4.3848e-02,6.4989e-02,4.0085e-02,5.0230e-02,5.2363e-02,-6.1853e-02,1.3581e-01,7.3988e-02,6.2776e-02,1.3074e-01,1.3877e-01,1.3736e-01,4.8988e-02,4.6973e-02,-4.1824e-03,9.9579e-02,2.4611e-02,4.4481e-03,2.7933e-02,8.2050e-02,-2.1731e-02,-5.3280e-02,-4.6270e-02,-1.0216e-01,-1.0572e-01,-1.4667e-01,-7.4328e-02,-1.1177e-01,-3.5153e-02,3.6447e-02,-1.5190e-01,-2.5049e-02,-9.3319e-02,-1.7108e-01,-1.0818e-01,-5.2591e-02,-2.7112e-02,-2.7124e-02,-2.6967e-02,-2.1208e-02,-6.8963e-02,6.4576e-02,1.4514e-01,-7.8978e-02,1.4165e-02,3.8350e-02,-5.0360e-03,6.0775e-02,1.0767e-01,6.1262e-02,1.0585e-01,8.3425e-02,1.1624e-01,1.1847e-01,2.8047e-02,6.6697e-02,1.3736e-01,6.4342e-02,2.8817e-02,2.2150e-02,-1.4157e-02,1.0458e-02
-1.0583e-01,4.7485e-02,-2.1150e-02,1.4775e-03,8.1060e-03,1.7324e-03,4.0399e-02,-1.7923e-02,6.2074e-03,3.9937e-02,7.1374e-02,3.6231e-03,-3.3637e-02,6.1628e-02,-1.5014e-04,2.4830e-02,-1.3284e-02,-3.1745e-02,1.4175e-02,3.7501e-02,2.4983e-02,-2.2241e-02,-5.4441e-02,-9.8847e-02,-1.1652e-01,-6.9241e-02,-8.1688e-03,-1.2699e-02,-1.2285e-01,-5.6751e-02,-4.7599e-02,-9.0839e-02,-3.1886e-02,-2.1206e-01,9.7079e-02,-2.9536e-02,6.5148e-02,-4.0684e-02,-3.7054e-03,3.9381e-03,6.4365e-02,7.2662e-02,1.1832e-01,1.3227e-01,2.4621e-02,2.1660e-01,9.1968e-02,6.9901e-02,8.4140e-02,7.3114e-02,4.7488e-02,7.9476e-02,7.2875e-02,8.1143e-02,4.6731e-02,3.8302e-03,-4.9029e-02,1.8037e-02,3.0266e-02,-3.1385e-03,-5.0932e-02,-4.4484e-02,-1.1759e-01,-3.5894e-02,-4.9230e-02,-8.0510e-02,-1.2264e-01,-9.1841e-02,-2.0584e-02,-1.1836e-01,-3.8342e-02,-4.4607e-02,-5.8381e-02,-1.1900e-01,-3.7145e-02,-1.8111e-02,-1.1574e-02,-7.3294e-03,-1.4960e-02,-1.0115e-02,2.1684e-02,1.2460e-01,6.1708e-02,1.3024e-01,9.2252e-02,1.7704e-01,1.2327e-01,1.8651e-01,7.2076e-02,8.4603e-02,6.9491e-02,5.0154e-02,2.7252e-02,3.0066e-02,7.5029e-02,9.9257e-02,7.3230e-03,2.4535e-02,1.8469e-02,-1.1308e-01
-2.2720e-02,1.4155e-03,-1.7667e-03,-4.9465e-03,1.6660e-02,-9.9436e-03,7.5402e-02,-1.3980e-02,-5.4161e-02,2.7463e-02,3.6084e-02,1.6970e-02,-8.1738e-02,1.0294e-01,7.9476e-02,-7.6237e-02,2.2562e-02,2.4683e-02,3.9009e-02,-4.1531e-03,-8.8819e-03,-2.1489e-02,7.7701e-02,1.6197e-03,-5.4361e-03,-9.5090e-02,-1.8237e-02,9.4388e-03,1.0837e-01,5.9618e-02,3.6318e-02,1.3216e-02,4.8044e-02,-3.0286e-02,-5.4627e-02,8.1227e-03,7.0642e-02,5.3354e-02,-8.5099e-03,9.1982e-02,5.5953e-02,4.6175e-02,4.1778e-02,4.1295e-02,1.1924e-02,-3.7215e-02,3.6868e-02,-1.2337e-02,-1.9039e-02,5.6894e-02,4.0573e-02,7.3898e-02,7.9320e-02,1.2417e-02,1.7661e-01,4.6987e-02,-1.7094e-02,-3.3242e-02,6.1081e-02,-2.2813e-02,-4.6073e-02,3.4542e-02,1.7536e-04,-3.5422e-02,-3.1065e-02,-7.4066e-02,-1.1633e-01,-1.4192e-01,-6.2501e-02,-9.2865e-03,-1.5232e-01,-9.1800e-03,4.2674e-04,-6.7362e-02,-8.7352e-02,-2.1223e-02,-3.3843e-03,1.8904e-03,2.7567e-05,-6.8411e-02,9.9606e-03,9.2047e-02,-3.5373e-02,-7.6221e-02,2.7499e-02,5.4142e-02,5.4479e-02,7.7776e-02,4.9256e-02,1.0630e-01,4.9555e-02,1.7382e-03,5.1568e-02,1.5688e-02,5.3628e-02,3.3908e-02,5.2866e-02,-5.3154e-02,3.7447e-02,1.9700e-02
1.1263e-02,-6.1337e-02,-1.6602e-03,-2.4785e-03,1.5744e-02,-2.0126e-02,3.9289e-02,-3.0827e-02,-3.1211e-02,-7.3760e-02,6.4606e-02,-1.2980e-02,8.2004e-02,-2.5215e-02,2.9600e-02,-3.5091e-02,-3.0192e-02,3.0414e-02,5.2387e-02,7.6008e-03,-4.2077e-03,2.0577e-02,2.0074e-02,1.2097e-02,9.7751e-02,-3.1076e-02,-1.2943e-01,-1.0376e-01,-1.1299e-01,-5.8491e-02,3.6758e-02,-3.5317e-02,-8.7494e-03,3.0613e-02,3.4754e-02,-3.2654e-02,5.9715e-02,2.0064e-01,8.9242e-02,-9.4110e-04,3.8998e-02,2.9201e-02,6.9785e-04,-3.4265e-02,6.6614e-03,1.1724e-02,4.9913e-02,6.1314e-02,1.1654e-02,1.2682e-02,1.0382e-02,7.6928e-02,5.4999e-02,4.0763e-02,2.1678e-02,9.1775e-02,-3.7264e-02,4.2326e-02,-3.8267e-02,3.0785e-02,-3.6290e-02,-1.2965e-01,-4.0156e-02,-6.1588e-02,-4.0609e-02,-7.8950e-02,-5.6963e-02,-5.2113e-02,-1.1054e-01,-8.5857e-02,7.5493e-02,-1.1151e-01,-3.3838e-03,3.1396e-02,-3.9864e-02,-5.3575e-02,-2.9818e-03,6.7005e-03,5.6920e-03,-4.8063e-03,-1.3955e-02,3.1998e-02,2.9390e-02,1.9865e-02,-3.3184e-03,4.3804e-02,9.0359e-02,1.1959e-02,3.4806e-02,9.6335e-03,3.0278e-02,7.0289e-02,1.9608e-01,3.7039e-02,1.8783e-02,2.3708e-02,-1.0187e-02,2.6729e-02,-2.3695e-02,8.1262e-02
3.6725e-02,1.7787e-02,-5.8437e-02,-1.3007e-02,7.2757e-03,-2.8307e-02,-1.3468e-02,-2.9305e-02,-6.2790e-02,-3.5373e-02,-4.9391e-02,-2.0085e-02,-1.6623e-02,-2.9286e-02,-5.5930e-02,1.1812e-02,-1.4435e-02,-2.3730e-03,3.0044e-02,-9.0996e-03,-8.5081e-03,-2.4759e-02,-1.4195e-02,1.7289e-02,4.4062e-02,6.3715e-02,6.9085e-02,5.3618e-02,7.6023e-02,3.3074e-02,-2.8034e-02,1.0666e-02,8.6937e-02,1.0755e-01,7.9824e-02,8.3776e-02,-1.7274e-02,6.5755e-02,9.8629e-02,5.4905e-02,-2.7311e-04,-1.4534e-02,-1.3619e-02,1.2749e-04,1.6067e-03,1.9288e-02,-2.8958e-02,8.6295e-02,1.0705e-01,8.3511e-02,8.2157e-02,7.0417e-02,3.5196e-02,6.7610e-03,-5.3421e-02,4.0427e-02,6.7603e-02,4.6057e-02,-4.8548e-02,-9.8609e-03,2.9343e-02,-5.9710e-02,-5.1321e-02,-4.3164e-02,-8.4302e-02,-4.1568e-02,-2.4147e-02,-3.1414e-02,-9.8533e-02,-5.2180e-02,4.1443e-03,1.5206e-02,-1.0919e-02,-4.7416e-02,3.0300e-02,-6.2796e-02,-1.6486e-02,7.5273e-03,8.5762e-03,3.4791e-03,-4.4351e-02,5.2259e-02,4.2616e-02,1.4139e-01,1.0557e-01,7.6918e-02,3.4320e-02,-2.7539e-03,1.4152e-01,1.0132e-01,7.5369e-02,8.6041e-02,1.0906e-02,3.4776e-02,-3.8393e-02,-5.9013e-02,3.3660e-02,1.2869e-02,-3.1088e-02,7.8548e-03
-4.3800e-02,6.1718e-02,9.0674e-04,-5.3348e-02,-4.8810e-03,-3.5536e-02,-3.9536e-02,-2.5571e-03,-6.5593e-02,-2.5902e-02,-4.8480e-02,-3.7269e-02,-1.3918e-01,-1.3070e-01,-1.4841e-01,-5.9663e-02,-5.8460e-02,-1.0732e-01,-1.3113e-01,-7.0564e-02,7.7543e-02,7.8277e-02,4.1825e-02,5.2484e-02,1.5674e-02,1.0171e-01,1.3781e-01,1.3403e-01,1.0084e-01,8.6699e-02,8.5441e-02,8.8487e-02,4.0857e-02,9.7795e-02,-7.5814e-03,-8.0312e-02,-9.5128e-02,-1.2863e-01,-4.6714e-02,-2.6818e-03,-9.6022e-03,-1.2454e-02,4.0467e-02,3.4255e-02,8.5187e-02,9.3354e-02,7.3470e-02,1.0155e-01,6.0399e-02,8.3247e-02,7.2163e-02,9.1340e-02,7.8155e-02,3.8441e-02,1.6072e-02,-1.0015e-01,1.3715e-01,3.0762e-03,-2.3499e-02,-1.0863e-01,5.5769e-02,2.5340e-02,-3.2414e-02,-2.4276e-02,-7.9881e-02,-2.8158e-02,-1.0127e-02,-5.9690e-02,-2.0117e-02,-1.3133e-02,-2.5218e-02,-4.9850e-02,-7.6175e-05,-9.0095e-02,1.1202e-02,9.7444e-03,-5.8722e-02,3.7120e-03,9.0708e-03,5.3928e-03,1.7960e-03,2.2128e-02,6.8630e-02,-3.1168e-02,3.5326e-02,2.4202e-02,-2.9478e-02,-2.7374e-02,1.3874e-02,5.0200e-02,2.6449e-02,2.2554e-02,5.7408e-04,7.6902e-02,-2.3174e-02,-1.0502e-02,1.1277e-02,7.8371e-03,-1.9759e-02,6.0061e-02
4.9774e-02,-1.1830e-01,2.9258e-02,-3.6931e-02,-3.0009e-02,-4.4789e-02,-5.2084e-02,-6.0175e-02,-1.6941e-02,-1.0356e-02,-6.8037e-02,-7.9748e-02,-3.4539e-02,-8.3012e-02,-1.0510e-01,-8.4072e-02,-8.6393e-02,-5.2512e-02,-1.3465e-01,-3.5789e-02,-3.8752e-02,5.1711e-02,2.8768e-02,6.8672e-02,2.4662e-03,7.2519e-02,5.8351e-02,4.7929e-02,8.1962e-02,2.1039e-01,1.1441e-01,5.7288e-02,-2.7788e-02,-1.7756e-02,1.3715e-02,3.4927e-02,-2.6492e-02,-3.2238e-02,-4.3467e-02,-5.7640e-02,-5.6974e-03,3.7856e-03,1.0872e-01,9.1713e-02,2.0310e-02,1.0067e-01,5.2705e-02,9.5268e-03,5.4861e-02,3.7440e-02,6.4973e-02,5.3662e-02,8.7374e-02,4.5575e-02,-5.8086e-02,7.3377e-02,-2.0692e-03,-1.5560e-02,-1.1629e-01,-9.1906e-02,-3.2945e-02,6.7128e-02,6.5453e-02,7.1401e-03,1.1607e-02,-1.6802e-02,-3.2051e-02,-4.1663e-02,2.7182e-03,-1.3096e-02,-2.4683e-02,4.1928e-03,-4.6599e-02,-1.6403e-02,4.0918e-02,2.9383e-02,-9.1688e-03,4.9286e-02,7.0729e-03,-9.2276e-03,-3.4244e-02,-1.8565e-02,2.9994e-02,1.8821e-02,3.8388e-03,2.8036e-02,-9.1882e-03,-5.6774e-03,-7.3337e-03,-1.1004e-02,2.8799e-02,4.3776e-03,-5.3343e-02,3.2061e-02,4.4226e-02,6.8696e-02,-6.3511e-02,3.5758e-02,-4.3900e-03,-3.8521e-02
4.0143e-02,-8.7242e-02,-3.1128e-02,4.7573e-02,-8.2325e-02,-6.5932e-02,-6.2722e-02,-8.8877e-02,2.8126e-02,-4.1050e-02,-7.0570e-02,-7.5778e-02,-8.0532e-02,-6.0759e-02,-5.6007e-02,-1.4377e-01,2.9476e-02,3.4253e-02,-3.2938e-02,-8.2095e-02,-1.4746e-01,3.7640e-03,3.0190e-03,7.3072e-02,1.9491e-02,5.3258e-02,4.3103e-02,4.4111e-02,9.5588e-03,1.0826e-01,6.0226e-02,1.6679e-01,7.4691e-02,2.3233e-02,7.6696e-02,3.8799e-02,1.1504e-01,4.4003e-02,7.9047e-02,4.7510e-02,1.0832e-01,-9.9379e-02,-7.0545e-02,-5.3326e-02,-6.5214e-03,-1.1182e-02,-3.0337e-02,-1.3956e-01,-7.8010e-02,-4.0675e-02,-1.7399e-02,3.5659e-02,1.2176e-02,-5.8844e-02,1.6128e-03,2.5673e-02,-2.6569e-02,7.2572e-02,4.9496e-02,2.0659e-02,-4.4144e-02,1.1700e-01,-2.1578e-02,1.0533e-01,1.2766e-01,8.2093e-02,-3.9986e-02,-1.5953e-02,1.5597e-02,-1.7879e-02,1.9700e-02,5.4577e-02,-3.3364e-02,-5.8472e-02,1.7061e-02,6.8066e-02,2.9063e-02,-9.8268e-02,-5.9395e-02,1.1218e-03,9.6154e-02,-2.1362e-03,-1.0162e-02,1.5385e-02,4.1699e-02,-9.1612e-02,2.8888e-02,2.5408e-02,-2.8925e-02,-1.4255e-02,1.8676e-03,1.0436e-02,3.0197e-03,-1.8504e-02,-5.1731e-02,-4.9506e-03,7.9504e-02,6.9209e-02,-1.6546e-02,-1.0934e-02
1.0754e-02,1.9832e-02,-8.4701e-02,1.5613e-02,1.1901e-02,-1.2582e-01,-8.7870e-02,-8.9727e-02,-3.3864e-02,-4.7324e-02,-6.6933e-02,-7.1304e-02,-9.1436e-02,-5.8885e-03,-9.9817e-02,-2.6576e-02,-3.5756e-02,8.1238e-02,1.4710e-02,1.0720e-02,-1.0006e-01,-9.5322e-02,-5.4136e-02,1.3061e-02,1.6814e-03,2.0535e-02,2.3840e-02,5.0993e-02,8.9865e-02,2.9976e-02,6.2505e-02,7.7924e-02,1.6857e-01,1.4547e-01,1.0108e-01,5.8081e-02,3.1568e-02,8.8049e-02,8.4291e-02,1.9155e-02,3.5719e-02,1.3459e-01,8.8546e-03,-1.0490e-01,-1.6405e-02,-9.7126e-02,-7.7559e-03,-3.5777e-02,4.5761e-02,-1.1184e-02,-4.5907e-02,-1.6793e-01,-2.1104e-01,-6.6961e-02,-1.8709e-02,-1.0736e-01,-1.1408e-01,-7.2897e-02,6.9087e-02,5.0056e-02,-1.8570e-02,-9.9432e-03,-9.5425e-02,-2.7147e-02,7.6128e-03,-6.6232e-02,5.9870e-02,1.2238e-01,-1.9658e-02,-7.8424e-03,5.7177e-02,2.0895e-02,4.0108e-02,1.5060e-02,-5.0165e-02,1.1459e-02,7.0200e-02,-7.8510e-02,-5.8213e-02,3.3253e-02,5.3602e-02,5.6769e-02,-3.8027e-02,-8.7835e-03,-5.9299e-02,-6.2168e-02,-2.4652e-02,-2.6322e-02,-7.5903e-02,-1.0454e-02,-1.8804e-02,-9.6153e-02,-1.9817e-02,3.2832e-02,-1.2732e-02,-4.7457e-02,9.1866e-03,7.1180e-02,-3.8754e-03,-8.8273e-03
-5.8860e-03,8.3418e-02,-7.7017e-02,-1.5991e-01,-3.6367e-02,8.1505e-03,-1.4941e-01,-1.0192e-01,-1.1233e-01,-4.1403e-02,-3.6059e-02,-6.5620e-02,-9.3301e-02,-8.6603e-02,-9.3997e-02,-1.7103e-02,-4.1154e-02,-2.9356e-02,7.3224e-02,4.1770e-02,2.7695e-02,-7.4772e-02,-7.6737e-02,-4.9824e-02,-1.0716e-02,1.9227e-02,3.3695e-02,6.7137e-02,9.7351e-02,8.6674e-02,6.8051e-02,6.1873e-02,6.5171e-02,1.0298e-01,1.1121e-01,2.0225e-01,4.6265e-02,2.4261e-02,9.5863e-02,1.3707e-02,-1.0076e-01,1.8616e-02,-3.9854e-03,1.1800e-01,5.8938e-02,-4.7377e-02,-1.6616e-01,-3.3808e-02,-5.1708e-02,-5.5079e-02,-4.4598e-02,-8.9569e-02,-8.3518e-02,1.3487e-03,-2.9682e-02,-9.6629e-02,-1.8100e-02,-3.9775e-03,7.6729e-03,8.4246e-02,-3.9927e-02,-4.3559e-02,1.8887e-02,-1.3624e-02,6.0496e-02,9.2546e-02,1.1037e-01,-2.2430e-02,4.5303e-02,5.5944e-02,2.3741e-02,5.5923e-02,8.1298e-02,4.5666e-02,1.9788e-02,-9.7199e-02,2.8152e-02,1.2682e-01,6.5017e-02,6.4697e-02,7.9826e-03,-7.2755e-02,-5.7969e-02,5.7686e-03,1.1802e-02,-4.5867e-02,-2.4339e-02,-9.3553e-02,-1.3250e-01,-5.0576e-02,-2.3920e-02,-2.7125e-02,-3.1527e-02,-2.1493e-02,1.1289e-01,-3.6145e-02,-7.4245e-02,-5.0240e-02,4.2473e-02,9.7487e-02
-7.0594e-02,5.6955e-02,-1.6871e-02,-8.8506e-02,-7.8820e-02,-2.2148e-02,-3.6063e-02,-1.1773e-01,-1.9162e-01,-9.1347e-02,-2.5357e-02,-4.2737e-02,-8.8454e-02,-1.2342e-01,-1.2406e-02,1.3339e-02,-1.4987e-02,-1.8750e-01,-7.4854e-02,2.6708e-02,6.1991e-02,1.5491e-02,-2.2838e-02,4.9555e-04,2.1965e-02,1.0299e-01,6.9670e-02,8.8966e-02,4.6748e-02,1.2503e-01,8.2131e-02,6.0708e-02,5.4959e-02,5.6850e-02,7.0536e-02,1.5966e-01,1.2155e-01,5.5453e-02,6.0149e-02,1.1456e-01,-1.9136e-02,5.6787e-03,-7.1239e-02,5.7513e-03,1.6363e-02,3.8671e-02,1.6204e-02,3.3539e-03,-1.1172e-01,-1.2664e-01,-3.2756e-02,1.1879e-02,-1.8018e-03,-1.2369e-01,-1.7023e-02,4.6209e-02,-1.4427e-03,-4.1976e-02,-6.8996e-03,-7.3332e-02,2.4340e-02,-3.9232e-02,2.8863e-02,-9.4825e-02,-1.7896e-02,-3.4483e-02,7.0190e-02,1.7112e-01,1.5265e-01,6.3448e-02,1.0383e-02,8.5483e-02,7.8837e-02,8.7051e-02,4.7772e-02,-1.7116e-02,-6.5437e-02,4.6448e-02,8.7614e-02,2.2154e-02,-5.8403e-02,-4.3570e-02,-4.7377e-02,-2.3166e-02,-1.0089e-03,-3.2422e-02,-7.4470e-02,3.9397e-03,-9.5504e-03,-7.3616e-02,-7.0878e-03,1.0292e-02,6.4717e-02,-3.6855e-03,-1.2829e-02,3.0574e-02,-1.4618e-01,-1.1075e-01,-6.7979e-02,7.7755e-02
6.3974e-03,2.0458e-02,-3.3666e-03,-9.6191e-03,-1.6603e-01,-9.0303e-02,-5.6698e-02,-1.5490e-02,-1.9733e-01,-1.5997e-01,-8.7945e-02,-1.9713e-02,-6.9977e-02,-1.3865e-01,-4.0907e-02,-8.6193e-02,-1.1156e-01,-1.0551e-01,-5.6787e-02,-3.6471e-02,1.8030e-02,6.3277e-02,7.5753e-02,6.9783e-02,6.7320e-02,-3.0437e-03,1.1799e-01,1.2508e-01,1.5881e-02,1.0394e-01,1.2158e-01,7.4203e-02,5.4289e-02,4.9836e-02,5.3861e-02,-2.2753e-02,1.3081e-01,7.6067e-02,1.0243e-01,3.6359e-02,1.0631e-01,1.3948e-02,-2.2638e-02,-4.5107e-02,-5.3509e-02,-7.9428e-02,-9.1687e-02,-5.2003e-02,2.6730e-02,-5.6505e-02,-5.5268e-02,-1.0665e-02,7.6386e-02,8.3604e-04,-3.7753e-02,-3.7188e-02,9.0498e-02,1.5557e-03,-3.8386e-02,-5.3119e-02,3.6495e-02,-1.8970e-02,4.1809e-02,4.4983e-03,-1.5080e-03,5.9340e-02,4.4988e-02,-1.6370e-02,3.0462e-02,6.6528e-02,4.9538e-02,-3.7287e-03,3.7027e-02,9.5260e-02,4.7755e-02,6.1380e-02,1.8485e-02,-5.3629e-02,-6.1227e-02,-1.4195e-01,-2.7365e-02,5.0751e-02,-1.5687e-02,-4.5704e-02,-1.3930e-01,-5.4995e-02,-9.3739e-02,-8.9991e-02,3.2546e-02,-8.7152e-02,-8.5271e-02,-8.4325e-02,-4.3084e-02,-3.3270e-02,-6.4924e-02,-5.0841e-02,2.5486e-02,-1.7959e-01,-8.1389e-02,-2.0608e-02
7.0539e-02,-4.3796e-02,4.2138e-02,3.8897e-03,-1.7035e-02,-1.6367e-01,2.5297e-02,-1.6832e-02,-6.2437e-02,-1.4733e-01,-2.2176e-01,-6.3699e-02,-9.7178e-02,-7.2586e-02,-8.2576e-02,-9.7235e-02,-8.0641e-02,-3.4665e-02,-9.3904e-02,-6.8147e-02,-5.1371e-02,1.7220e-02,8.6031e-02,6.6053e-02,1.0553e-01,9.6279e-02,1.2190e-01,1.1924e-01,1.5282e-01,6.8219e-02,9.0523e-02,1.2000e-01,7.2554e-02,5.5243e-02,5.6186e-02,8.8888e-03,3.9992e-02,8.1193e-02,8.0030e-02,5.2473e-02,6.8196e-02,1.0856e-01,-1.5769e-02,-9.9236e-02,-1.5272e-01,-1.3857e-01,-8.6490e-02,-8.5110e-02,-9.9423e-02,-2.5067e-03,-4.8193e-02,-2.8753e-02,-2.3540e-02,3.6947e-03,4.0549e-02,6.9625e-02,-8.1765e-03,4.4412e-03,-1.1811e-02,-1.1998e-02,5.2808e-03,7.8997e-02,6.2466e-02,5.3840e-02,9.4898e-02,6.8755e-02,8.0644e-02,3.6529e-02,5.4057e-02,5.0509e-02,5.7949e-02,-1.0312e-02,-1.9820e-02,-3.6340e-02,3.4601e-02,1.6282e-01,8.6305e-03,-8.6311e-02,-1.3465e-01,5.0302e-03,-4.9462e-02,-6.4724e-02,-6.6492e-02,-2.1686e-02,-1.0395e-01,-4.3077e-02,-1.1371e-01,-8.1075e-02,-6.3638e-02,-5.8045e-02,-7.9445e-02,-4.5618e-02,-5.4433e-02,-1.0047e-01,-1.8360e-01,-5.0165e-02,-1.2078e-02,1.2807e-01,6.1592e-02,-3.6688e-02
9.0014e-02,-1.1768e-01,-9.5248e-03,1.7581e-02,2.3444e-03,-9.5804e-02,-1.8992e-01,-6.9295e-02,-2.7040e-02,-6.6915e-02,-1.5457e-01,-1.9654e-01,-9.1344e-02,-1.2469e-02,-1.4429e-01,-9.9445e-02,9.3968e-03,-5.2632e-02,-2.8581e-02,-1.1587e-01,2.3371e-02,-2.1768e-02,1.1270e-01,9.2036e-02,2.5879e-02,7.8645e-02,4.0601e-02,9.3574e-02,1.6695e-01,7.3448e-02,8.0396e-02,7.6296e-02,1.3023e-01,1.3478e-01,1.4569e-01,1.1639e-01,4.7955e-02,4.1619e-02,8.5303e-02,1.2071e-02,-4.2382e-02,-9.9573e-04,-3.9210e-03,-7.8262e-02,-6.2600e-02,-7.8945e-02,-2.7351e-02,-4.2820e-02,-7.2746e-02,-3.0774e-02,-7.4078e-02,5.6379e-02,-7.2632e-02,-3.8224e-02,-1.1530e-01,-1.6073e-01,-1.0793e-01,-6.1904e-02,-4.4459e-02,6.1152e-02,9.5735e-02,3.4854e-02,1.4128e-01,1.0777e-01,2.3415e-02,7.2020e-02,8.4370e-02,6.8183e-02,6.4888e-02,1.1431e-01,1.3155e-01,5.9089e-02,7.3094e-02,7.0533e-02,2.7567e-02,6.6952e-02,-8.0212e-02,1.0050e-01,1.7313e-01,1.5221e-01,-9.1654e-02,-3.3827e-02,-3.7927e-02,-9.1142e-02,-2.9752e-02,3.4358e-02,-5.2913e-02,-6.7477e-02,-8.0066e-02,-4.9937e-02,-1.2336e-01,-5.1998e-02,-5.7241e-02,-1.5312e-01,-1.0189e-01,-5.2294e-02,-2.1990e-02,6.7745e-02,6.1076e-02,-1.0338e-01
5.5696e-02,-5.9913e-02,-3.5619e-02,1.9378e-02,-6.0991e-02,-3.9123e-02,-1.1231e-01,-2.0116e-01,-6.3895e-02,-6.8100e-02,-9.0041e-02,-8.8652e-02,-1.6000e-01,-8.2305e-02,-3.2891e-02,-8.2757e-02,-8.5567e-02,-1.0501e-02,2.0395e-02,-6.4215e-02,-1.6109e-02,-6.3138e-02,-1.8578e-02,7.1896e-02,5.9146e-02,-2.9102e-04,5.7125e-02,8.1227e-02,1.0400e-01,1.3794e-01,1.6024e-01,1.2714e-01,1.4706e-01,1.2618e-01,1.0315e-01,6.7154e-02,3.1117e-02,7.4242e-02,1.2675e-02,-5.5845e-02,-4.2456e-02,-7.3058e-02,3.6353e-02,-1.0643e-02,-3.3901e-02,5.6685e-02,-2.2780e-02,-1.4198e-01,-2.2280e-01,-1.5497e-01,-1.0599e-01,-1.4993e-01,-1.6696e-01,-1.5514e-01,-5.3421e-02,-3.4618e-02,2.8698e-03,2.0534e-03,5.8941e-02,2.9018e-02,-3.2668e-03,2.6201e-03,-8.3452e-02,1.3923e-01,7.2527e-02,6.5736e-02,2.6521e-02,1.1236e-01,2.6707e-02,4.3498e-02,1.2698e-01,1.4232e-01,7.3516e-02,8.6919e-03,1.8057e-02,-4.7959e-02,1.1099e-01,6.5931e-02,-7.8722e-02,8.2733e-02,-6.3878e-02,2.4130e-02,1.1241e-02,-4.3044e-02,-4.5486e-02,-1.3709e-01,-1.2294e-02,-1.9473e-03,-9.7323e-02,-5.3456e-02,-6.2595e-02,-7.3902e-02,-1.1935e-01,-1.0274e-01,3.2257e-02,2.6148e-02,-7.4261e-03,2.3986e-02,8.4497e-02,3.6577e-02
-7.0646e-02,-7.3481e-03,-6.0333e-02,-2.0914e-03,-7.0887e-02,4.8059e-02,-9.3956e-02,-2.0563e-01,-1.2922e-01,-7.9864e-02,2.6139e-02,-1.0957e-01,-9.4634e-02,-1.1240e-01,-1.5134e-03,-5.4419e-02,-2.0619e-02,2.2633e-02,2.3252e-02,4.2240e-02,-8.7570e-02,1.5079e-02,-1.2909e-01,-4.0585e-02,5.4547e-02,3.6092e-02,-3.2753e-04,5.4285e-02,4.9309e-02,1.2575e-01,2.0457e-02,9.3411e-02,2.5747e-01,6.9107e-02,6.7809e-02,1.1461e-01,2.4462e-02,1.5567e-02,2.5380e-04,3.4271e-02,-5.6510e-03,-8.7548e-02,-2.0553e-02,1.3664e-01,-3.0016e-02,1.1262e-02,-9.7053e-02,-1.4578e-01,-1.1204e-01,-4.4176e-02,3.7677e-03,-5.7361e-02,-2.1665e-01,-4.6483e-02,-8.2709e-02,-7.8039e-02,5.4372e-03,3.8087e-02,9.3471e-03,6.0729e-02,1.2397e-02,1.5293e-02,4.3365e-02,-2.7415e-02,1.6400e-01,5.6642e-02,1.0725e-01,1.6147e-01,9.8801e-02,3.9014e-02,3.0580e-02,1.1831e-01,1.3464e-01,1.0109e-01,9.1482e-02,-2.6827e-02,-2.2826e-04,6.5260e-02,1.7517e-02,-7.8325e-02,4.4360e-02,-7.3040e-02,-2.8981e-02,-3.3050e-03,-2.9923e-02,-8.4469e-02,-1.6216e-02,-1.5086e-01,-7.6330e-02,-1.6947e-02,-3.1570e-02,-1.7824e-01,-6.9189e-02,-5.0264e-02,5.9570e-02,-1.1149e-01,-3.8209e-02,-2.9783e-02,-3.7615e-02,1.1866e-01
-8.8708e-02,6.7787e-02,4.0985e-02,-1.3920e-01,-6.0074e-02,-9.2590e-02,-3.8505e-02,-6.6951e-02,-1.0207e-01,-3.3766e-02,-8.0621e-02,7.1188e-03,-3.8912e-02,-9.7574e-02,-6.5722e-02,-8.2165e-02,9.6101e-03,-1.0119e-02,6.5739e-03,9.9150e-03,-2.6169e-02,3.5161e-03,3.6267e-02,-2.3235e-02,-1.0511e-01,5.5928e-02,-2.2045e-02,1.3664e-02,3.9612e-02,8.8931e-02,5.0090e-02,7.7011e-02,5.8919e-02,8.8667e-02,1.3097e-01,5.9765e-02,7.0981e-03,7.7824e-02,3.1156e-02,9.3295e-02,1.1806e-01,8.2973e-02,2.9589e-02,-6.1539e-02,-3.1070e-03,-1.0708e-01,-1.8747e-01,-2.4265e-02,-8.0452e-02,-3.9950e-02,-9.3446e-02,-8.3582e-02,3.3042e-02,-1.8849e-01,-4.9322e-02,-3.3101e-02,8.6075e-03,3.0269e-02,2.2585e-02,-9.6326e-03,9.8354e-02,7.9446e-02,3.4808e-02,3.6316e-02,3.7074e-02,1.0535e-01,1.0668e-01,1.0476e-01,1.3184e-01,1.7906e-01,9.9765e-02,1.0717e-01,1.4208e-01,1.4727e-01,7.2479e-02,7.0426e-02,4.0911e-02,-2.1418e-02,-3.3865e-02,-2.7507e-02,-3.2566e-02,-1.1499e-01,5.1667e-03,-4.1933e-02,-3.8097e-02,-7.7914e-02,-6.6770e-02,-1.6218e-01,-1.5761e-01,-1.2656e-01,-1.1857e-01,-1.2580e-01,-1.3819e-02,5.2715e-02,-2.4102e-02,-1.0853e-01,-1.0972e-01,-1.0986e-01,-6.8936e-02,9.4727e-02
-2.9242e-02,3.2834e-02,1.1852e-02,-1.7350e-01,-3.2582e-02,-6.8740e-02,-7.7280e-02,2.3172e-02,-3.9066e-02,-8.7851e-02,-4.9463e-02,-7.4066e-02,2.4296e-02,-3.0575e-02,-4.1295e-02,-1.5575e-01,-3.0167e-02,-9.2886e-02,-5.7355e-02,3.7053e-03,3.7470e-02,-4.2957e-02,1.1991e-02,1.0051e-01,3.4462e-02,-3.8610e-02,7.1827e-02,-1.2246e-02,2.5770e-02,7.7938e-03,8.1777e-02,1.1853e-01,1.0680e-01,9.9626e-02,1.2470e-01,2.1345e-01,9.1421e-02,7.6752e-02,3.5335e-02,1.2208e-01,-3.3361e-02,2.0036e-01,-3.3422e-02,-2.1799e-02,-3.0035e-02,-1.3838e-01,-1.0252e-01,5.8297e-03,3.6682e-02,-1.0302e-01,-1.2817e-01,-1.2063e-01,-1.1358e-02,2.5388e-02,-6.4277e-02,-1.4270e-02,-1.1176e-02,-1.7564e-02,-2.7314e-02,2.1884e-02,5.3556e-02,1.4633e-01,1.0383e-01,4.4671e-02,8.9112e-03,5.9380e-02,1.1185e-01,1.1692e-01,1.2627e-01,2.4366e-01,2.0199e-01,1.4047e-01,1.4190e-01,2.5815e-02,4.3406e-02,1.3230e-01,1.1085e-01,1.9872e-02,-1.1226e-01,-1.3324e-01,-5.0299e-02,-6.6797e-03,-1.3370e-01,-4.3634e-02,-9.5671e-02,-5.0109e-02,-5.3887e-02,-5.7827e-02,-2.3536e-01,-2.5292e-01,-1.5361e-01,-1.3486e-01,-1.3578e-01,-8.0958e-02,-1.5001e-01,-3.7099e-02,-1.0075e-02,-4.9953e-02,-2.4237e-02,-1.2513e-02
3.8381e-02,-6.3883e-02,-8.0492e-03,-6.5461e-02,-5.1114e-02,-1.2496e-01,-1.4997e-01,-5.5227e-02,-7.7220e-03,-5.6855e-02,-4.2437e-03,-1.0343e-01,-7.0990e-02,-7.9741e-02,-7.4891e-02,-7.4773e-02,-4.4325e-02,-8.1908e-02,-2.8965e-02,-4.1652e-02,8.0323e-02,2.8197e-02,1.0207e-02,-2.9966e-02,1.4675e-01,1.5066e-01,1.5326e-01,9.8912e-02,1.6626e-01,2.9764e-02,1.3845e-03,4.6510e-02,7.7303e-02,6.1699e-02,3.2862e-02,1.3044e-02,1.5152e-01,5.1931e-02,5.8485e-02,-1.9263e-02,9.7063e-03,-8.0030e-02,1.2740e-01,2.5040e-02,-5.8545e-02,-7.0871e-02,-2.8563e-02,8.4791e-03,-7.8674e-02,-8.8517e-02,-1.3686e-01,-1.7332e-01,-3.9474e-02,3.1795e-02,5.5301e-02,-1.9018e-02,-4.8659e-02,-5.7459e-05,1.2016e-02,7.7281e-03,2.9852e-02,6.8544e-02,1.7860e-01,1.3590e-01,5.8425e-02,7.2513e-02,-2.2623e-02,1.4568e-01,1.6437e-01,1.0880e-01,9.5695e-02,9.0420e-02,1.0055e-01,7.5436e-02,4.3200e-02,5.9046e-02,1.2652e-01,3.5039e-02,-2.9526e-02,-6.6345e-02,-4.0151e-02,-5.2761e-02,-1.4551e-01,-1.0211e-01,-1.7589e-01,-4.1858e-02,-9.4788e-02,-9.0739e-02,-1.6261e-01,-1.2676e-01,-1.3849e-01,-1.4482e-01,-1.1597e-01,-7.6038e-02,-1.4557e-01,-7.9946e-02,-1.4633e-01,-6.2621e-02,-7.4186e-02,-6.3748e-02
-1.2610e-02,-6.0818e-02,-7.7873e-03,-1.7023e-02,-1.7999e-02,1.4698e-02,-1.2980e-01,-9.6714e-02,-1.0707e-01,2.0401e-02,-1.8589e-01,-1.1956e-01,-1.9979e-01,-3.5205e-02,-1.3441e-01,-6.3635e-02,-4.9396e-03,-3.4832e-02,-6.5632e-03,-8.8394e-05,-3.9716e-02,5.1606e-02,1.1063e-01,6.1896e-02,6.4898e-02,9.4319e-02,8.8104e-02,4.9465e-02,2.5224e-02,1.1882e-01,1.0957e-01,-3.7591e-02,-2.2890e-02,3.1485e-02,8.3401e-02,-3.6476e-02,-1.5700e-02,7.8469e-02,3.8076e-02,2.4678e-02,7.6453e-02,-1.5110e-01,-1.2131e-02,2.1893e-02,-7.9876e-03,2.4221e-02,-2.2385e-02,-3.7358e-02,-8.7254e-02,-3.0164e-02,-9.2214e-02,-1.2871e-01,-5.9405e-02,-2.7955e-05,-2.8764e-02,-3.1858e-02,-6.9155e-02,-2.5584e-02,-4.1321e-03,1.9046e-02,1.6009e-03,1.1454e-02,8.3195e-02,1.8830e-01,1.6018e-01,6.2857e-02,5.5325e-02,7.8016e-02,8.5497e-02,1.0637e-01,9.4729e-02,4.2401e-02,2.3578e-02,1.1513e-01,4.3533e-02,3.8826e-02,8.9304e-02,3.4138e-02,4.8389e-02,9.5990e-03,4.4668e-03,-5.8931e-02,5.3072e-02,-7.4788e-02,-1.2490e-01,-1.2295e-01,-8.5123e-02,-1.7362e-02,1.5231e-01,4.0458e-02,1.8156e-02,-6.2652e-02,-6.4418e-02,-1.1336e-01,-1.1212e-01,-6.8040e-02,-1.4169e-03,2.3812e-05,-3.5929e-02,-6.7335e-02
8.8397e-02,-2.0560e-02,-4.2290e-02,6.6476e-02,-1.3782e-02,9.8166e-03,-3.1263e-04,-4.3502e-02,5.5455e-02,-5.3677e-02,-2.8962e-02,-5.1396e-02,-3.3188e-02,-5.5801e-02,-1.1056e-01,-1.1644e-02,-4.1594e-02,-2.0026e-02,-1.3907e-02,-6.4200e-03,-4.8602e-03,-4.1275e-02,3.7505e-02,-1.1274e-02,2.9049e-02,-2.2933e-02,4.3568e-02,1.6347e-01,9.3573e-02,1.0390e-01,1.2167e-01,3.0847e-02,4.2001e-03,-3.3482e-02,1.4660e-02,-7.8192e-03,3.2380e-02,7.3801e-03,4.1649e-02,5.6839e-02,-2.6049e-02,-3.6242e-02,-1.2173e-01,-2.1672e-02,-2.8132e-02,8.2958e-02,4.8097e-02,-7.7481e-02,-6.2845e-02,-4.1408e-02,4.8034e-02,-1.8956e-02,-3.1588e-02,-1.0046e-01,-4.9918e-02,-7.9542e-05,4.0522e-03,-1.9392e-02,8.1475e-02,6.9404e-04,4.1308e-02,1.0471e-02,1.3546e-03,8.5195e-02,1.7683e-01,1.1783e-01,1.1631e-01,1.1630e-01,-1.2602e-02,3.7004e-02,1.3199e-01,3.9409e-02,1.6065e-02,4.6574e-02,7.6387e-02,-6.3520e-03,3.2226e-03,4.5984e-02,5.5515e-02,4.6874e-02,2.6001e-02,9.9939e-03,-3.8679e-02,-7.9767e-02,-1.1922e-02,-1.1232e-01,-1.0206e-01,-1.7007e-01,-4.7946e-02,1.5313e-02,-5.9421e-02,-2.5816e-02,-7.1847e-02,-2.1859e-01,1.1750e-01,5.7244e-03,5.1358e-02,2.4482e-02,2.6823e-02,5.3254e-02
1.4767e-02,1.0102e-03,-6.8682e-03,-1.9091e-02,-4.0042e-03,6.3020e-04,1.0155e-01,-1.7144e-02,8.9860e-04,-5.5857e-02,-6.4677e-02,-3.3527e-03,-5.9621e-02,1.5601e-02,-5.9279e-02,-9.5260e-02,-9.4923e-02,7.7990e-02,-2.8684e-02,-2.8547e-02,-1.4877e-02,1.2987e-02,-4.3923e-02,6.4108e-04,9.2595e-03,-1.3625e-02,-7.4396e-02,-3.2337e-02,-2.5399e-02,-6.3063e-02,5.2162e-02,1.6124e-01,1.6221e-01,2.5554e-02,-6.2568e-02,-9.3893e-03,1.7692e-03,4.7989e-02,3.4222e-02,3.5506e-02,6.7608e-02,-1.9674e-02,-4.0339e-02,-6.0669e-02,1.1131e-01,-5.1967e-02,1.4417e-01,-1.2383e-02,-3.8238e-02,-1.7106e-02,-2.9437e-02,8.9422e-02,-4.8402e-02,-7.0066e-02,-7.3652e-02,-1.4330e-02,1.7270e-02,1.4978e-02,6.2790e-02,4.8567e-02,2.4136e-02,6.9057e-02,2.2415e-02,-5.4598e-04,6.5042e-02,1.3373e-01,9.2171e-02,9.7917e-02,9.4312e-02,4.9456e-03,6.2397e-02,1.1877e-01,5.6930e-02,3.2103e-02,6.2024e-02,2.0225e-02,-3.1533e-02,1.4822e-02,4.2679e-02,3.8295e-03,-3.8575e-02,-2.1609e-02,-5.3993e-02,-2.8143e-03,-1.8947e-02,-1.8500e-03,-1.3037e-01,-7.4935e-02,-1.6439e-01,-1.1497e-01,-1.2230e-01,-1.8666e-01,-5.5196e-02,-1.1863e-01,-6.8447e-02,-8.0177e-02,-3.7464e-02,-5.4519e-02,-4.8736e-02,3.3995e-02
-1.9926e-04,7.2624e-02,1.2623e-02,-3.3092e-03,1.7597e-02,-9.3026e-03,6.6448e-02,1.2135e-02,-7.1582e-02,-3.3350e-02,-6.0811e-02,-2.4586e-02,-3.0614e-02,5.4687e-02,5.4617e-02,1.7808e-02,8.6755e-03,-8.8518e-03,2.7097e-02,-2.3733e-02,-6.3470e-02,5.1264e-03,-3.5435e-02,-5.8226e-03,-8.2039e-02,-1.3880e-02,-6.5197e-02,-6.1055e-02,-4.2436e-02,-4.7230e-02,-5.4233e-02,2.7545e-02,3.4683e-02,1.0467e-01,-1.1945e-04,-3.9464e-02,-4.4658e-02,-2.1585e-02,1.9086e-03,4.8163e-02,5.3115e-02,4.2661e-02,-1.8708e-02,-8.6835e-02,-7.5297e-02,-2.1051e-02,8.0182e-02,7.9060e-02,-1.4381e-02,-2.3671e-03,-2.6670e-02,2.5411e-02,9.4903e-03,-3.1573e-02,-3.2974e-02,-4.4367e-02,-2.3541e-03,7.1390e-02,-9.6159e-03,1.0142e-01,5.6990e-02,1.1338e-01,5.0681e-02,6.1985e-03,-1.5870e-02,-4.5267e-03,1.4122e-01,7.1122e-02,1.0134e-01,9.0153e-02,1.7944e-03,7.1775e-02,1.3940e-01,9.1348e-02,1.2223e-02,5.1795e-02,-4.3412e-02,1.3846e-02,-1.6463e-03,-9.3724e-03,-2.4985e-02,-9.1928e-02,-1.3823e-02,-7.7024e-02,-8.1871e-03,1.7510e-02,-4.7139e-02,-1.6571e-01,-1.3903e-01,-1.4316e-01,-1.7916e-01,-1.0784e-01,-1.3505e-01,1.6188e-02,-4.5925e-02,-1.0211e-01,-1.1766e-01,-3.4461e-02,-3.7981e-02,3.3711e-02
-2.0964e-02,2.3309e-02,2.4783e-02,8.6210e-03,-8.0098e-02,-4.3172e-04,7.5935e-02,7.8065e-03,-5.8529e-02,-3.1632e-02,-1.4568e-02,6.7920e-03,9.5027e-02,-1.3980e-02,1.3619e-01,2.3240e-02,8.4319e-03,-5.4157e-02,-3.8564e-02,7.3817e-03,1.4269e-02,-2.8475e-02,4.1471e-03,-2.5907e-02,-8.2099e-04,2.2570e-02,-6.5509e-03,-8.3406e-02,-2.8321e-02,3.2289e-02,2.0356e-02,-9.5325e-02,-7.8758e-02,-5.4743e-03,7.0884e-02,5.7264e-02,-3.3572e-03,-2.1846e-02,-6.4502e-02,-5.6402e-02,-7.3407e-02,1.0422e-01,2.3329e-01,1.7360e-02,-1.2194e-01,2.4597e-02,-1.3186e-01,7.5169e-02,-7.2734e-02,1.3185e-02,-2.8938e-02,-4.5820e-03,-4.5012e-02,3.3951e-02,-4.1376e-02,-1.6553e-02,-3.7046e-02,4.3249e-02,-2.6654e-02,-3.0785e-02,5.0158e-02,5.7483e-02,1.4410e-01,8.6468e-04,-7.9657e-02,-1.7862e-02,6.7266e-02,7.9873e-02,1.1418e-01,9.7588e-02,8.2751e-02,-1.0345e-02,6.8181e-02,5.6401e-02,6.8245e-02,5.6143e-02,7.6672e-02,1.5236e-02,-2.3362e-02,-6.5331e-02,-9.9232e-02,2.5652e-02,-4.7448e-02,-4.6591e-02,-1.3566e-01,-2.9317e-02,3.8635e-02,-7.1334e-03,-7.7307e-02,-9.6631e-02,-4.1333e-02,-7.5441e-02,-1.4716e-01,2.4050e-03,1.6636e-02,-5.9836e-02,-9.3740e-02,-1.8921e-03,6.6673e-03,-9.1555e-03
-5.5277e-02,-1.5218e-02,5.0914e-02,-5.3388e-02,-3.9688e-02,-8.3925e-02,-6.6878e-02,2.7219e-02,-7.0368e-02,-1.4551e-02,3.4828e-02,6.3870e-02,1.2866e-01,1.7169e-02,1.2843e-01,3.2438e-03,6.4877e-03,3.6156e-02,1.6781e-01,6.7560e-02,1.3666e-02,1.0353e-01,9.1588e-02,-9.7236e-03,-3.5243e-02,-3.8263e-02,-1.1878e-02,-5.6174e-03,4.0516e-02,6.7828e-03,-1.0897e-01,-1.2423e-01,-5.8652e-02,-6.4242e-03,-1.7038e-02,1.8060e-02,5.9042e-02,-3.1972e-03,-9.9344e-02,-1.1108e-01,-7.3142e-02,-3.1015e-02,5.1224e-02,5.4403e-02,-1.2109e-02,8.4683e-02,-5.8051e-02,-3.3311e-02,6.2156e-02,-4.0126e-02,9.5111e-02,-5.1729e-02,1.4014e-02,2.1469e-02,-3.6059e-02,-6.3588e-02,-4.1725e-02,-6.7536e-02,-2.0801e-02,2.5661e-02,-3.1048e-02,2.2328e-02,-6.6366e-03,1.4222e-01,3.3144e-02,3.1253e-02,7.0050e-02,-3.3136e-02,9.6403e-02,1.3516e-01,9.6450e-02,7.5267e-02,-2.0242e-02,8.1004e-02,-4.6481e-02,6.0905e-02,8.6436e-02,6.3733e-02,-4.6937e-02,-6.5108e-02,-6.6969e-02,-6.0859e-04,3.9322e-02,-1.6581e-01,-8.2425e-02,-1.1545e-01,9.0107e-02,2.1741e-02,-2.4165e-02,-5.4311e-02,-1.1499e-01,1.3591e-02,-3.8333e-02,-7.1040e-02,-4.3889e-03,1.6776e-01,-2.0640e-02,-3.5904e-02,7.0932e-02,-9.1841e-02
1.1407e-02,-6.4958e-02,2.8888e-02,1.0258e-02,4.5158e-02,-1.1010e-02,-3.6053e-02,-2.1561e-02,-9.8026e-03,5.3917e-02,9.5289e-02,1.2896e-01,1.6217e-02,1.0323e-02,4.3705e-02,2.0227e-02,4.2779e-02,6.5104e-02,-2.1139e-02,3.1059e-02,1.4744e-02,-5.8911e-02,5.7814e-04,1.1369e-02,3.5338e-02,3.6066e-03,3.2618e-02,2.4893e-02,2.5712e-03,-5.7900e-02,-7.4307e-02,6.6019e-03,-1.0158e-02,-1.7045e-01,1.0426e-02,-4.1142e-03,2.8604e-03,-1.3054e-02,4.4197e-02,-2.1909e-02,-2.4096e-02,-2.2817e-02,-1.7328e-02,-8.5961e-03,8.1428e-02,-6.5879e-02,-4.5824e-02,-9.6645e-02,8.1452e-02,1.9701e-02,3.3542e-02,1.9141e-01,3.0391e-02,4.9239e-02,4.6490e-02,5.7199e-02,-4.4711e-02,-5.6183e-02,1.2604e-02,-1.6084e-02,4.5091e-02,-9.7950e-02,-1.2217e-02,4.6300e-03,1.1697e-01,4.9183e-02,1.1213e-02,4.4742e-03,-1.0852e-02,7.4438e-02,1.3122e-01,1.0824e-01,7.4138e-02,-1.2061e-02,-5.5307e-03,4.1698e-02,-1.4602e-03,5.5560e-02,-1.6815e-02,-3.7157e-02,-2.9256e-02,-1.9497e-02,-8.6035e-02,3.0952e-02,-5.4448e-02,-9.6503e-02,-1.1755e-01,1.8437e-02,3.2842e-02,-7.9046e-03,-2.5336e-02,-8.8696e-03,1.7735e-02,-4.5944e-02,-9.2873e-02,1.0358e-01,6.5388e-02,-9.0169e-02,-7.3711e-02,-1.0527e-01
6.0277e-02,1.1436e-02,-5.7637e-02,5.1583e-02,1.3553e-01,5.8110e-02,6.4404e-02,7.2315e-03,1.4436e-01,-1.6866e-02,6.8758e-02,-2.6443e-02,1.2460e-02,6.0812e-02,-1.2514e-01,9.8811e-02,3.9900e-02,6.2932e-03,3.2477e-03,-1.2254e-02,-3.6663e-02,-2.3239e-02,-9.1257e-02,1.1575e-01,7.5346e-03,-2.5640e-02,-8.0421e-02,3.8552e-02,1.4701e-02,-2.3383e-02,-4.3713e-02,1.4763e-02,1.0314e-02,2.9584e-03,-4.4255e-02,-3.4940e-02,1.3208e-02,1.9311e-02,-2.2463e-02,7.6585e-02,-6.7301e-03,-2.9056e-02,-5.2868e-02,-1.2808e-02,1.4024e-02,-2.8585e-02,2.4428e-02,-5.9771e-02,-1.1759e-02,1.0907e-01,1.6019e-01,5.0280e-02,1.3682e-01,1.1624e-01,1.2937e-01,7.7599e-02,1.1678e-01,-3.0083e-03,-5.5105e-02,1.5357e-03,1.5650e-03,2.4466e-02,-1.3198e-01,4.9572e-02,3.1027e-02,6.1787e-02,-9.3475e-02,1.3431e-02,1.6737e-02,-2.4920e-02,4.5171e-02,8.4132e-02,1.0098e-01,1.5657e-02,-1.6333e-02,-6.8790e-04,-2.0153e-02,-5.6114e-02,6.1318e-02,9.0857e-02,1.5002e-03,-3.3274e-02,-3.4400e-02,1.5641e-02,1.6840e-02,-5.8612e-02,-1.2847e-01,-1.0524e-01,-1.6603e-02,1.7099e-02,3.0794e-02,3.2824e-02,1.3704e-01,-1.2404e-01,-8.0893e-02,-1.0164e-01,-5.2684e-02,-2.1084e-02,-1.5001e-02,7.4165e-02
2.0267e-02,-4.2248e-03,3.6358e-02,1.1086e-01,1.5935e-02,9.3325e-02,5.9674e-02,9.4983e-02,5.9164e-02,6.8638e-02,6.0496e-02,-1.8801e-03,8.7140e-02,-1.4620e-02,-4.5845e-02,1.3374e-01,3.6112e-02,1.7685e-02,-1.3556e-02,-5.9681e-02,-2.0879e-02,-5.2607e-02,2.5089e-02,3.9536e-02,-8.9645e-03,-1.6223e-02,-2.9306e-02,-9.2176e-04,-4.6222e-02,-3.2747e-02,3.9160e-02,-2.7953e-02,-2.6947e-02,1.4602e-02,-7.9072e-02,-2.9855e-03,-9.3876e-02,-6.6257e-02,-3.6644e-02,-2.7626e-03,4.6103e-02,-2.1215e-02,-1.1688e-01,-3.5522e-02,1.8332e-02,7.3260e-03,1.4542e-01,1.3079e-01,-4.1619e-03,-4.0040e-02,5.6831e-02,7.6156e-02,2.0300e-03,-1.4081e-02,6.2823e-02,2.4555e-01,1.4366e-01,1.7563e-01,3.4799e-02,-4.1969e-02,3.6483e-02,-6.7677e-03,2.5001e-02,-8.0369e-02,1.2243e-01,3.7843e-02,5.1669e-03,-3.8500e-02,-6.7328e-02,-6.7389e-02,-1.0322e-01,-5.8136e-02,-3.0241e-02,5.2656e-02,5.0701e-02,-9.7980e-02,-2.7010e-02,-2.7770e-02,2.7410e-02,1.6426e-02,3.8456e-02,-5.5692e-02,1.1399e-03,-4.4608e-03,4.9175e-02,-8.8974e-03,-3.8111e-02,-5.3351e-02,-2.2627e-02,-2.5608e-02,-1.1292e-02,2.6884e-02,-1.0560e-02,-5.0654e-02,-4.4768e-02,-1.7376e-01,-7.6232e-02,-6.5572e-02,1.2188e-01,1.6239e-01
1.0764e-02,-1.1462e-02,6.3330e-02,4.9311e-02,2.8667e-03,9.1601e-02,5.4114e-02,1.4113e-01,9.6366e-02,4.0714e-02,5.9971e-02,6.3459e-02,8.0312e-02,7.3475e-02,2.9542e-02,2.1673e-02,8.0343e-02,-6.2233e-03,4.2023e-02,2.6925e-02,3.3973e-02,1.4811e-02,-1.0772e-01,3.2891e-03,-7.7943e-02,-3.2193e-02,-3.1743e-02,-7.0679e-02,-1.7538e-01,-7.6504e-02,-1.6372e-02,-1.3257e-02,-7.9790e-02,-2.1725e-02,-3.5020e-02,-4.5605e-02,-6.8595e-02,-5.2185e-02,-6.7402e-02,-8.7461e-02,-5.4069e-02,4.4782e-02,-5.4380e-02,3.2807e-02,1.0875e-01,1.1517e-01,6.3186e-02,1.3295e-01,1.3726e-01,-2.0725e-02,3.0588e-02,-2.9619e-02,7.9061e-02,-1.1317e-02,-2.3113e-02,-3.0211e-02,8.6407e-02,1.5638e-01,2.0237e-01,1.5717e-01,5.0392e-02,6.8181e-02,1.1767e-01,5.2997e-02,-1.3665e-01,8.1524e-02,2.2201e-02,-2.4731e-02,1.9148e-02,-8.6918e-03,-3.9789e-02,-8.4976e-02,-3.4555e-02,-1.7732e-02,-3.9716e-02,-4.9794e-02,-5.2553e-03,-1.3843e-02,3.1261e-02,-1.6125e-02,1.8253e-02,-1.8270e-02,4.7032e-02,9.0934e-02,4.9765e-02,8.7964e-02,3.5745e-02,-3.8897e-02,1.8468e-02,5.1642e-02,-1.9238e-02,-4.0132e-02,-8.6940e-02,1.7566e-01,4.7003e-02,4.5788e-02,3.6095e-02,-3.6943e-02,1.3045e-03,4.9864e-02
3.0806e-02,2.5059e-02,-1.7707e-03,8.1385e-02,3.2467e-02,2.6447e-02,1.1159e-01,6.0323e-02,2.3780e-02,2.2688e-02,9.0922e-02,1.4238e-01,-3.5191e-03,1.1426e-01,1.5107e-01,-3.2205e-02,9.4593e-02,-1.3682e-02,1.4786e-01,5.1202e-02,-1.4470e-02,2.1502e-02,6.9073e-02,-2.0297e-01,-3.4469e-03,-6.3992e-02,-8.8611e-02,-1.2320e-01,-1.2789e-01,-9.4590e-02,-8.1234e-02,-9.4213e-02,-7.3830e-02,-5.2294e-02,-5.0422e-02,-1.3582e-01,-5.8581e-02,-4.7972e-02,-3.8325e-02,-4.5625e-02,-7.7646e-02,-1.5463e-02,6.8160e-02,2.4576e-02,6.7347e-03,7.4672e-02,7.3032e-02,1.0361e-01,1.9057e-01,1.6923e-01,4.0967e-03,6.1499e-02,7.2998e-02,6.6570e-02,2.1288e-02,2.9139e-03,-8.8686e-02,-4.5677e-02,2.9652e-02,4.2809e-02,-5.7339e-03,-1.0379e-01,2.9034e-03,1.8178e-02,3.3583e-03,-1.1413e-01,2.4100e-02,-5.9908e-03,1.1712e-02,-7.9679e-03,-5.8070e-02,-1.0662e-01,-1.1469e-01,1.6936e-02,-2.3056e-02,-6.5221e-03,3.1655e-02,-4.2947e-02,1.8114e-02,-2.7345e-02,6.0468e-02,2.0987e-03,-2.2421e-03,6.3807e-05,2.0390e-02,8.8754e-02,4.1923e-02,1.0687e-03,6.6486e-02,2.0610e-02,4.4800e-02,-6.9271e-02,-7.4780e-02,2.8547e-02,-3.9276e-03,9.5659e-02,1.3068e-01,1.2419e-01,-1.1426e-01,-6.3784e-02
1.1984e-02,1.5278e-02,2.6673e-02,-2.4019e-02,4.3020e-02,5.1737e-02,1.2967e-01,5.6405e-02,4.3701e-02,4.9276e-02,9.1768e-02,6.3605e-02,1.1753e-01,1.8310e-01,1.8517e-01,6.9006e-02,8.1515e-02,1.1061e-01,1.4876e-02,1.3711e-02,5.9526e-02,1.6106e-02,8.5452e-03,-2.5444e-02,-1.0634e-01,-3.9845e-02,-1.0853e-02,-8.5917e-02,-8.7521e-02,-7.6318e-02,-1.1719e-01,-2.2107e-01,-9.9738e-02,-7.3837e-02,-4.9161e-02,-1.3812e-01,-6.7738e-02,-6.0474e-02,-1.7031e-02,-2.5330e-02,2.9428e-02,1.8833e-02,8.1547e-02,5.2186e-02,3.4727e-02,6.7918e-02,4.5010e-02,7.3704e-02,-2.2225e-02,2.3250e-01,1.1867e-01,5.3224e-02,6.4389e-02,1.3195e-01,2.9349e-02,6.4711e-02,4.5075e-02,2.3476e-02,-2.3408e-02,4.8273e-02,2.7107e-02,5.5037e-02,1.0809e-02,-1.8452e-02,-2.9958e-02,-1.1421e-02,-1.4769e-01,-1.2519e-02,-5.9783e-02,2.3991e-04,-3.4723e-03,-3.8585e-02,-2.5499e-02,-5.4618e-02,-2.6726e-02,-1.2319e-02,3.5509e-02,-8.8666e-02,-1.1850e-02,-7.3502e-03,-6.0815e-02,3.5657e-02,-1.6897e-03,-1.0163e-02,-1.2872e-02,-3.5284e-03,5.7863e-02,5.4229e-02,3.5649e-02,1.2057e-02,8.7432e-03,2.9979e-02,5.2643e-02,1.2747e-02,1.1285e-01,-1.4130e-02,-2.4529e-02,4.5183e-02,7.1650e-02,-1.9010e-01
-6.2073e-03,-5.3350e-02,1.4610e-02,1.1166e-02,1.0890e-01,1.1767e-03,6.9118e-02,3.8037e-02,4.3440e-02,8.0865e-02,1.0351e-01,4.2146e-02,1.8994e-01,1.5564e-01,7.8036e-02,7.5001e-02,-6.9134e-02,2.2505e-02,3.9672e-02,6.2308e-02,-8.9464e-03,9.6275e-03,-4.8925e-02,1.7650e-02,-2.4990e-02,-1.7509e-01,1.1408e-02,-6.0770e-02,-7.0418e-02,-7.1489e-02,-1.8950e-01,-1.4780e-01,-1.0987e-01,-9.4235e-02,-8.1843e-02,-7.1809e-02,-6.4115e-02,-1.5435e-01,-7.2271e-02,-1.7475e-02,-2.6786e-02,-2.9656e-02,2.7665e-02,1.6158e-02,3.3720e-03,2.2674e-02,1.0429e-01,6.5116e-02,3.9475e-02,5.5630e-02,1.1388e-01,1.0846e-01,1.0204e-01,1.3472e-01,1.5025e-01,6.4822e-02,8.8165e-02,5.6469e-02,5.2225e-02,1.4363e-03,-4.5592e-02,4.6918e-02,3.4704e-02,2.1341e-02,-1.6287e-02,-1.2212e-02,-3.3771e-02,-1.2653e-01,-8.1694e-02,4.3864e-02,1.4890e-01,1.2378e-01,-6.9113e-03,-7.1830e-02,-6.2230e-02,-2.8708e-02,-1.7690e-02,-3.2298e-02,-9.1098e-02,-4.8894e-03,-4.2845e-02,7.8306e-02,1.0066e-02,-7.7906e-03,-1.1352e-02,-7.1920e-03,1.0764e-01,4.8377e-02,3.3017e-03,2.9279e-02,6.9934e-02,3.4872e-02,1.4762e-01,1.7095e-02,1.5387e-02,3.8627e-02,-7.4367e-02,-2.8367e-02,4.8495e-03,-1.2283e-02
-5.3831e-02,1.0924e-02,1.5013e-01,1.3183e-02,4.7120e-02,3.0960e-02,1.1272e-02,4.7583e-02,7.6132e-02,1.5452e-01,1.7797e-01,9.2285e-02,2.7712e-02,1.1950e-01,4.6498e-02,1.1377e-01,8.5858e-02,-1.6554e-02,1.3732e-02,4.5992e-02,5.0938e-02,-1.7134e-03,1.0955e-02,1.0126e-01,1.6058e-02,-1.0232e-02,-1.7540e-01,-2.7904e-02,-3.9281e-02,-1.0937e-01,-5.9611e-02,-3.6665e-02,-3.3163e-02,-6.9998e-02,-8.3704e-02,-8.7719e-02,-8.3256e-02,4.1642e-03,-9.1713e-02,-2.1856e-03,3.8522e-02,-5.2287e-03,4.7546e-03,-5.8041e-03,4.7435e-02,-5.2933e-02,5.3999e-03,-3.8532e-02,5.1133e-02,7.9137e-03,1.2734e-01,1.5369e-01,1.1095e-01,1.5782e-01,1.7065e-01,1.3187e-01,1.6878e-01,4.5045e-02,3.0191e-02,3.4353e-02,4.6357e-02,1.4352e-02,-5.7702e-02,1.7884e-02,7.6293e-02,-1.2372e-03,-3.4892e-02,-5.1634e-02,-5.0361e-02,-3.1345e-02,2.5579e-02,6.9815e-02,1.1086e-01,1.8516e-02,-4.4798e-02,-2.4196e-02,-4.6916e-02,1.1465e-02,-1.8679e-02,-9.8862e-02,5.8681e-03,3.2055e-02,5.8972e-02,3.1234e-03,3.4736e-03,2.7848e-02,7.1855e-02,4.2216e-02,-1.5698e-03,7.3057e-02,1.2366e-01,8.1250e-02,7.9026e-02,2.8397e-02,2.2747e-03,4.7711e-02,-4.8390e-02,-3.2130e-02,1.1972e-01,1.0299e-01
-2.8698e-02,1.4361e-01,4.9970e-04,-1.7031e-02,7.0474e-02,8.1670e-02,6.0840e-02,8.2178e-02,1.2174e-01,2.0517e-01,1.7526e-02,4.9762e-02,2.4046e-02,-1.6207e-02,1.2194e-01,1.6583e-01,8.0209e-02,1.0999e-01,2.7673e-02,7.8597e-02,-1.0398e-01,-1.3483e-01,-4.2759e-02,-5.2883e-02,-9.6929e-02,1.7915e-02,-1.0996e-01,-2.2963e-01,-1.2234e-01,-8.6381e-02,-7.3796e-02,-7.8298e-02,-7.9980e-02,-8.0729e-02,-7.8872e-02,-6.5169e-02,-7.8950e-02,-5.6354e-02,3.4016e-02,-7.5177e-02,-3.3747e-02,2.1234e-02,-2.8234e-02,2.9875e-02,1.5092e-01,5.8588e-02,-3.9583e-02,5.6967e-02,1.4213e-01,1.0590e-01,3.7924e-02,7.2704e-02,1.2373e-01,1.2169e-01,1.9830e-01,9.8857e-02,1.2317e-01,1.5287e-01,1.1385e-01,-1.5556e-02,6.6597e-02,5.6455e-02,9.5006e-03,9.4708e-03,-9.8338e-02,-2.6054e-02,2.0059e-02,3.8864e-02,-3.8987e-02,-1.0340e-01,-2.2883e-01,-6.2669e-02,-2.3033e-02,-3.7283e-03,3.3303e-03,-3.2647e-02,-8.0034e-03,9.5214e-02,3.1820e-02,-2.8612e-02,-3.5112e-02,2.3145e-02,6.5705e-02,3.9133e-02,3.6363e-02,7.4975e-02,2.7342e-02,6.1896e-02,2.3416e-02,1.0472e-01,2.2026e-02,1.1436e-01,1.6300e-01,1.6060e-03,6.2344e-02,5.2443e-02,9.3483e-02,-7.8005e-04,6.1581e-02,8.5260e-02
7.4982e-02,4.2215e-03,-7.9027e-04,1.4758e-03,1.3721e-01,1.7733e-01,1.4225e-01,9.2872e-02,1.2841e-01,1.3025e-01,9.0050e-02,9.9422e-02,7.5180e-02,1.6307e-02,-1.5837e-02,7.0584e-02,7.2474e-02,1.2442e-01,3.1739e-02,-5.1202e-02,-3.5093e-02,-2.2142e-02,-7.5166e-02,-3.7875e-02,-6.6915e-03,5.4029e-02,-2.8709e-02,-6.4874e-02,-1.3806e-01,-1.3336e-01,-3.4792e-02,-5.4267e-02,-6.6980e-02,-7.8334e-02,-1.7889e-01,-8.7390e-02,-1.0396e-01,-8.8385e-02,-5.8396e-02,-4.6001e-02,5.3165e-02,-2.2406e-02,-5.4341e-02,1.8068e-02,2.9118e-02,-2.2970e-02,7.3657e-02,8.2062e-02,1.2385e-01,-8.7655e-04,-4.2166e-02,-8.2826e-02,-5.0659e-02,1.3740e-02,4.5469e-02,6.3039e-02,1.8048e-01,9.6120e-02,1.1544e-01,7.2374e-02,4.5457e-02,-4.5811e-02,1.6367e-02,1.5975e-02,-1.5027e-02,3.0910e-03,-5.3895e-02,-7.4592e-02,-9.7052e-02,-1.5334e-01,-1.4061e-01,-1.6105e-01,-2.2409e-01,-1.7032e-01,-5.1470e-02,3.9933e-03,3.4340e-02,-3.4821e-03,-1.0093e-01,4.3842e-02,8.0983e-02,-4.5887e-03,9.8629e-02,1.8434e-01,1.4628e-01,7.5195e-02,2.2649e-02,1.7981e-02,6.3130e-02,6.9770e-02,3.9755e-02,1.8472e-01,6.4279e-02,7.1270e-02,2.6970e-02,1.6819e-02,7.1229e-02,4.4138e-02,-7.1469e-03,-1.2059e-02
4.6019e-02,-4.4319e-02,1.4786e-01,4.5860e-02,1.0181e-01,9.4788e-02,5.4577e-02,9.2393e-02,1.1128e-01,1.3112e-02,1.5079e-01,1.7506e-01,1.6215e-01,1.0230e-01,-5.2182e-03,7.8841e-02,1.3601e-01,3.9922e-02,4.0958e-02,-2.1822e-02,-3.2872e-02,-6.4594e-02,2.1271e-02,-4.6290e-02,-5.5432e-02,-3.1884e-02,-3.4753e-02,-6.2831e-02,-6.0873e-02,1.1690e-02,-6.3666e-02,-4.2360e-02,-1.3463e-01,-7.5294e-02,-9.5405e-02,-1.4204e-01,-1.6388e-01,-1.4223e-01,-8.1881e-02,-1.7016e-01,-7.7010e-02,-3.8266e-02,1.3897e-02,1.0676e-01,2.8073e-02,1.1290e-01,7.8562e-02,1.3684e-01,1.2360e-01,1.5221e-01,1.3257e-01,5.5124e-03,7.4100e-02,3.9731e-02,-6.3573e-03,4.3460e-02,7.2504e-02,7.4594e-02,6.3338e-02,1.8746e-01,1.0020e-01,7.8540e-02,-2.2639e-02,-1.1566e-01,2.6615e-02,-3.7591e-02,-4.3561e-02,-9.8953e-02,-5.7593e-02,-3.3549e-02,-9.5220e-02,-1.2519e-01,-1.8097e-01,-1.7235e-01,-1.3461e-01,-3.4556e-02,-2.4234e-02,-5.1565e-02,7.0479e-02,5.8414e-02,7.4586e-02,4.2302e-02,-1.0176e-02,1.1396e-01,1.4186e-01,4.0076e-02,6.5733e-02,1.2382e-01,1.1485e-01,8.7783e-03,1.7008e-01,4.5212e-02,-2.0112e-02,4.1847e-02,1.4131e-01,-8.2975e-03,3.8537e-02,1.3439e-01,-4.7944e-02,2.0797e-02
-4.0769e-02,6.4982e-02,6.6485e-02,7.0239e-02,-1.8272e-03,3.5217e-02,2.1187e-02,1.3689e-01,6.3482e-02,3.0521e-02,8.6442e-02,1.0520e-01,1.2551e-01,1.5801e-01,9.1932e-02,9.5869e-02,4.4892e-02,1.9401e-02,3.4144e-02,-9.9292e-04,-3.4472e-03,2.4093e-02,-4.8907e-02,2.4482e-02,-8.8819e-02,-7.4925e-02,-3.4556e-02,-6.1585e-02,-3.7778e-02,-4.7259e-02,-1.1632e-01,-2.2924e-01,-1.6738e-01,-2.4355e-01,-1.0448e-01,-6.1629e-02,-2.6583e-02,3.2890e-03,5.3895e-02,-9.7905e-02,-8.8550e-02,4.0357e-02,2.0298e-03,3.9326e-02,4.3825e-02,1.3896e-01,7.4066e-02,1.5330e-01,7.1975e-02,2.4679e-01,2.0376e-01,2.7332e-01,1.1886e-01,9.9159e-02,4.2646e-02,9.1670e-03,-7.4008e-04,-3.1626e-02,-1.3187e-02,-3.1402e-03,3.8472e-02,6.7809e-02,5.1105e-02,-4.7129e-03,-1.4781e-02,-8.4801e-02,-4.2545e-02,-4.5220e-02,8.0149e-03,-8.1438e-02,-6.6392e-02,-5.0946e-02,-8.7398e-02,-8.3415e-02,-7.1165e-02,-1.2905e-01,-1.1650e-01,3.4086e-02,-3.2157e-02,5.8213e-02,9.0969e-02,1.2677e-02,-3.0000e-02,-3.8786e-02,1.5621e-02,7.4874e-02,-3.9910e-03,1.1934e-01,1.9956e-01,2.0220e-01,1.0477e-01,1.8926e-02,6.0354e-02,5.0120e-02,1.0209e-01,8.2556e-02,7.9899e-02,-9.9553e-03,-1.4422e-02,-1.1452e-02
6.4283e-02,8.5449e-03,-3.3460e-03,1.1536e-01,-3.7709e-02,1.6225e-02,2.8698e-02,9.8610e-02,1.8036e-02,8.1308e-02,4.9989e-02,3.6501e-03,4.8643e-02,1.2952e-01,1.5116e-01,3.8187e-02,-2.3825e-02,1.1902e-02,3.4938e-02,1.0460e-01,2.5775e-03,5.8078e-02,-3.2521e-02,-8.9405e-02,-3.3639e-02,-1.6034e-01,9.0121e-03,-5.8950e-02,-1.4016e-01,-9.1113e-02,-1.2040e-01,-1.0138e-01,-1.0268e-01,-7.0180e-02,-5.8319e-02,-7.0644e-02,7.9545e-03,-3.3332e-03,-1.0677e-03,-1.1211e-02,-1.1839e-02,9.3881e-03,4.2300e-02,-2.5374e-02,-4.5975e-02,9.0766e-03,1.5344e-02,5.1148e-02,6.5468e-03,1.1599e-01,1.5440e-01,1.3425e-01,1.3772e-01,1.4342e-01,9.1448e-02,8.3366e-02,-6.3557e-02,7.9440e-02,4.3384e-02,-2.0540e-02,-5.7924e-02,-1.1612e-01,-2.1602e-02,2.8597e-02,3.8815e-02,-1.6330e-02,-8.7787e-02,-5.0409e-02,-3.5678e-02,-3.9432e-02,-9.8741e-02,-8.0458e-02,1.2166e-02,-4.6986e-02,-4.4119e-02,-7.3352e-02,-6.4195e-02,-2.1196e-01,-3.1476e-02,4.1415e-02,4.6662e-02,1.2100e-01,8.5365e-02,-3.9637e-04,-6.5696e-02,1.3862e-01,1.5172e-01,1.1072e-01,5.6900e-02,1.0496e-01,1.8498e-01,1.1832e-02,4.8012e-02,1.5802e-01,6.3504e-02,5.4208e-02,1.8680e-01,-3.8835e-03,5.4000e-02,-2.2022e-02
-3.1762e-03,-5.3288e-02,-9.7955e-03,9.2664e-02,5.1004e-02,1.0388e-02,7.6523e-02,4.9987e-02,3.3770e-02,8.7051e-02,6.4088e-02,2.2009e-02,4.7185e-02,8.4628e-02,1.0414e-01,8.7209e-02,1.0302e-01,7.7574e-02,6.4868e-02,1.4039e-01,1.5499e-01,-1.0535e-01,1.1018e-02,-2.0603e-02,-1.6646e-02,-8.1573e-02,-2.4045e-01,-1.0346e-01,-1.0783e-01,-7.9218e-02,-6.4878e-02,-1.8017e-02,5.8234e-02,-2.2956e-02,-5.8379e-02,-4.3949e-02,-4.6752e-02,-9.0906e-02,-1.9738e-02,1.3124e-01,9.4044e-02,5.4007e-02,5.2384e-02,5.3408e-02,4.2399e-02,6.1587e-02,8.5549e-02,-2.4180e-02,-6.0361e-03,-6.2316e-02,-3.3910e-03,7.6146e-02,9.3864e-02,5.8228e-02,1.1713e-01,1.3049e-01,7.2070e-02,5.5995e-02,9.3599e-02,7.0648e-02,2.1311e-02,1.6562e-02,-5.0036e-02,1.0192e-03,-1.4626e-02,5.1202e-03,-1.3837e-02,-8.7810e-02,-1.1798e-01,-1.4897e-02,-8.7715e-02,-6.7890e-02,-4.3775e-02,4.9102e-02,-5.2581e-02,-9.3107e-02,3.2223e-03,-5.4844e-02,-2.3847e-02,-1.3101e-01,5.8032e-02,4.1946e-02,5.9192e-02,8.1721e-02,7.6790e-02,1.1299e-01,1.3947e-01,-5.1740e-03,5.1041e-02,1.2391e-01,1.0913e-01,1.3614e-01,1.4920e-01,1.5372e-01,-6.8244e-03,7.6733e-02,1.1768e-02,3.6378e-02,5.3107e-02,-2.1391e-02
1.2638e-02,-2.8785e-02,-1.4691e-02,1.3310e-02,1.2946e-01,1.3533e-02,1.0461e-01,-4.6690e-03,6.4301e-02,8.9483e-02,1.2068e-01,9.2064e-02,4.5647e-02,4.7934e-02,1.2643e-01,5.2192e-02,2.4065e-02,5.0367e-02,3.2545e-02,3.0543e-02,2.3273e-02,1.8413e-02,1.7779e-02,8.1704e-02,-6.5153e-02,-3.8420e-02,-5.0921e-02,2.6469e-04,-1.3890e-01,-5.1506e-02,-6.8464e-02,2.3922e-02,-3.1048e-02,-5.0138e-02,-6.5592e-02,-1.4168e-01,-4.7815e-02,-5.0760e-02,-5.2808e-02,-1.6598e-03,6.1850e-03,-3.4566e-02,-8.4759e-02,-1.7673e-02,5.2729e-02,7.5448e-02,1.4026e-01,-1.2000e-02,9.5472e-02,5.9775e-03,2.0103e-02,-1.0121e-03,1.8825e-02,1.0667e-01,9.1452e-02,7.3173e-02,7.6518e-02,1.3411e-01,9.1034e-02,5.9225e-02,5.6266e-02,4.0151e-02,-1.8468e-02,-3.3345e-02,3.6763e-02,1.0518e-02,-1.4585e-02,-6.3102e-03,-5.8944e-02,-1.5035e-01,-8.0221e-02,-1.6218e-01,-9.4550e-02,-3.0459e-02,8.6112e-02,-7.2741e-02,4.1253e-03,-7.1196e-03,-3.8003e-03,-7.3321e-03,-2.4310e-03,-1.3691e-04,2.6983e-02,3.6744e-02,1.9445e-01,1.9709e-01,1.7601e-01,1.7839e-01,1.1555e-01,1.4503e-01,-2.6943e-03,5.8314e-02,7.2237e-02,4.4206e-02,9.7212e-02,6.4990e-02,-4.3256e-02,1.1560e-02,4.7756e-02,-2.8345e-04
-1.3933e-02,7.6955e-02,6.6291e-02,1.5921e-02,1.6115e-01,5.9440e-02,8.6091e-02,8.4234e-02,1.0180e-01,7.3226e-02,7.8277e-02,8.2914e-02,8.7859e-02,1.3969e-01,-2.6260e-02,2.2149e-02,2.4441e-02,2.5951e-02,4.0535e-02,-5.2889e-02,5.4088e-02,5.0755e-02,-1.0122e-01,-2.6680e-02,-9.6374e-03,2.3564e-02,1.2935e-03,2.3371e-03,-6.5885e-02,-3.7979e-02,-7.1917e-02,-9.1029e-02,-5.4348e-02,-4.7481e-02,-6.4910e-02,-1.0223e-01,-1.5665e-01,-2.6637e-02,-9.3722e-03,-3.3592e-02,-9.1543e-02,-1.1567e-01,3.1738e-02,-7.2699e-02,1.8150e-02,-5.1439e-02,1.0284e-01,1.7658e-02,1.2824e-01,6.6840e-02,-6.9240e-03,3.0466e-02,5.1477e-02,-9.9989e-03,1.3577e-01,1.4389e-01,4.9601e-02,3.8421e-02,-3.2395e-02,2.2340e-02,5.9909e-02,9.6937e-02,4.7652e-02,-2.6862e-02,-3.8497e-02,1.2688e-02,-9.3020e-03,-9.0793e-03,-7.4844e-02,3.1493e-03,-2.9446e-02,-6.5704e-02,-7.8122e-02,-7.1949e-02,-1.8809e-02,7.8342e-03,2.4040e-03,5.1915e-02,5.3408e-02,5.4632e-02,5.4684e-02,4.5041e-02,-1.2037e-03,6.1120e-02,1.2666e-01,1.1026e-01,1.5103e-01,1.0742e-01,9.9035e-02,4.1198e-02,1.0220e-01,8.0641e-02,6.5115e-02,-1.6171e-02,1.5383e-01,1.1752e-01,-1.9881e-02,1.8669e-02,3.3480e-02,-2.5777e-02
-2.9006e-02,2.3036e-02,-2.2071e-02,3.5064e-02,7.3279e-02,1.0786e-02,-3.3578e-02,2.3054e-02,2.5854e-02,3.0071e-02,3.4357e-02,5.0818e-02,1.3327e-01,1.4263e-02,-4.2863e-02,2.6837e-02,1.8038e-02,5.5583e-02,-2.0778e-02,-6.9084e-02,5.8481e-02,7.7161e-02,-3.4275e-02,5.2680e-03,9.7721e-03,-4.4374e-02,1.6105e-02,4.6605e-02,1.7500e-02,-1.7169e-02,5.9034e-02,-8.0650e-02,-1.5059e-01,-3.5226e-02,-9.0329e-03,5.0163e-02,-1.3568e-02,-6.0673e-02,-4.8981e-02,-1.3927e-02,5.8514e-03,2.3369e-02,3.4170e-02,5.0326e-02,4.9340e-02,9.0683e-02,-7.8490e-02,-1.0393e-02,1.0323e-01,8.0870e-02,4.4276e-02,-2.3852e-02,6.0499e-02,6.2651e-02,3.2142e-02,-1.0707e-01,8.3684e-02,5.1987e-03,-1.3206e-02,-1.0953e-01,-2.6546e-02,4.4538e-03,2.9560e-02,1.2465e-02,-2.1647e-02,-1.1704e-02,-1.1074e-01,-8.9329e-02,-4.8179e-02,-2.8665e-02,-2.7686e-02,8.7887e-02,-5.8220e-02,-7.8025e-02,-1.1242e-01,6.1167e-02,-4.4538e-02,-6.0331e-03,-1.6205e-02,-3.7047e-02,-7.6731e-02,6.7833e-02,1.7171e-01,1.6499e-01,-8.6772e-03,6.7735e-03,9.3970e-02,6.3378e-02,6.0181e-02,9.3238e-02,1.5500e-01,6.2282e-02,4.2463e-02,4.2265e-02,1.9783e-02,4.9290e-02,4.6258e-02,7.6139e-02,-6.9846e-03,-3.6216e-02
-2.1606e-02,8.4352e-04,-1.8112e-02,4.1598e-02,4.9632e-03,-2.0347e-02,7.7599e-03,1.8995e-02,-3.3568e-03,7.7511e-03,-7.6154e-04,9.0876e-02,1.6536e-03,-8.6459e-03,-2.3209e-02,5.8287e-02,1.7498e-02,3.3187e-02,-7.4868e-02,-7.5666e-02,-5.1734e-02,8.6709e-02,6.6149e-02,-5.9299e-02,8.8137e-03,-2.4781e-02,9.4596e-03,-2.9832e-02,-9.4748e-02,-9.8231e-02,-5.1903e-02,-5.6141e-02,-4.1751e-02,5.4260e-02,3.1608e-02,4.7066e-02,1.8064e-02,1.8383e-02,4.1290e-02,-3.9614e-02,5.5053e-02,6.2123e-02,6.8477e-02,6.6312e-02,7.5177e-02,1.6102e-02,1.6060e-02,-1.4812e-02,-7.1639e-02,5.7398e-02,7.2650e-02,3.4699e-02,-2.4335e-03,3.1051e-02,3.5061e-02,-6.7196e-03,-1.0290e-01,-3.8823e-02,-5.8704e-02,-5.2048e-02,-5.1382e-02,-3.8573e-02,-1.4563e-02,3.4824e-02,-1.7274e-02,8.5768e-04,-3.6668e-02,1.8743e-02,-1.3068e-02,-1.5322e-01,-6.1743e-02,-4.7809e-02,-1.5105e-02,-2.3030e-02,-6.4524e-02,-3.0371e-02,-1.0875e-01,-8.2421e-02,-7.6377e-02,-1.0592e-02,3.6261e-02,8.8999e-02,7.8315e-02,5.0549e-02,6.0386e-02,-6.6216e-02,1.1550e-03,9.8722e-02,1.5536e-01,6.4543e-02,1.1877e-01,1.1906e-01,1.0887e-01,7.9614e-02,6.8701e-03,-2.9052e-02,5.4511e-02,1.9393e-02,-2.5360e-02,3.3244e-03
-1.3469e-02,-1.5251e-02,5.0164e-03,-3.1851e-02,-1.1880e-01,3.8391e-02,2.0647e-02,7.6553e-03,-2.4841e-02,1.9240e-03,6.8676e-02,-1.7338e-02,-9.1062e-03,5.6420e-03,1.9800e-02,5.6250e-02,4.4817e-02,2.7270e-02,-2.5758e-02,5.8157e-02,-1.1790e-01,-8.2237e-02,-1.6723e-02,-8.4933e-03,1.9416e-02,-5.2211e-03,-6.5560e-02,-7.8050e-02,-1.0273e-02,4.2270e-02,-2.2505e-02,-9.6561e-04,-2.6553e-02,9.8990e-03,-4.9713e-02,-1.5313e-02,-6.6029e-04,-3.8368e-02,5.6402e-03,-1.2204e-02,-4.0738e-02,3.7277e-02,-2.8705e-02,-3.6562e-02,3.3735e-02,-2.1627e-02,4.8114e-02,9.3339e-02,-1.2035e-01,-5.0080e-02,2.1311e-02,9.9900e-02,6.0114e-02,-6.2016e-04,-7.4774e-02,-2.0584e-02,2.2819e-02,6.1360e-02,-2.0891e-02,3.5840e-03,-2.3546e-02,-3.8037e-04,5.7998e-03,1.9194e-02,2.9161e-02,2.5164e-02,1.2156e-02,-9.0326e-02,-2.9295e-02,5.9579e-02,6.9699e-02,-1.0200e-01,-4.6891e-02,-6.5689e-02,-7.9529e-03,5.8215e-02,-1.4351e-01,9.8355e-02,4.8620e-02,5.3669e-02,6.6452e-03,-4.8033e-02,-4.6237e-02,2.8219e-02,3.4293e-02,4.1923e-03,1.6575e-02,1.2969e-01,-9.5317e-03,5.1380e-02,2.5964e-03,2.5534e-01,1.8840e-01,1.0189e-01,1.7352e-02,5.2145e-02,1.2112e-01,-9.3880e-03,-1.8799e-02,8.0813e-02
-1.6561e-03,-3.3868e-02,-2.9498e-03,-5.7188e-02,-2.0222e-02,1.9349e-02,1.4665e-02,-3.8976e-03,-3.3784e-02,7.9457e-02,-1.7774e-02,-9.7305e-03,2.2237e-02,4.0544e-02,3.8334e-02,3.2606e-02,1.1736e-02,-6.0537e-02,5.7651e-03,1.0714e-02,-7.3199e-02,-1.3921e-02,-4.3332e-02,4.8150e-03,-5.2090e-02,4.6570e-02,4.8692e-02,-3.7947e-02,2.8474e-02,1.2110e-01,2.3743e-02,-1.6770e-02,7.7082e-02,-1.8013e-03,-4.1572e-03,-4.8542e-02,-2.7285e-02,2.0144e-02,9.5402e-03,-2.5696e-02,-3.3616e-02,-6.7808e-03,-1.4742e-01,-7.6899e-03,-2.9047e-02,8.7843e-02,-4.4325e-02,2.7449e-02,7.0047e-02,-2.6347e-02,-4.3366e-02,-4.6062e-02,4.5489e-02,4.1864e-02,-2.9693e-02,-1.5053e-02,-1.6491e-02,-9.2557e-02,1.0989e-01,1.4673e-01,2.1211e-02,-6.5770e-02,2.3922e-02,1.7888e-02,-1.0237e-02,-9.8186e-02,6.9757e-02,-5.6895e-02,-7.1521e-02,4.2961e-02,-2.4323e-02,-4.5392e-02,6.4377e-02,-3.7148e-02,-4.3354e-02,1.2506e-02,1.7926e-02,-3.8923e-02,5.2132e-02,1.1579e-02,6.2943e-03,5.6354e-03,8.9171e-03,6.5628e-02,4.9091e-02,3.9511e-02,-5.5225e-02,2.7461e-02,1.1911e-01,9.7771e-02,4.9177e-03,3.0555e-02,1.8329e-01,2.4475e-01,2.4887e-02,2.8950e-03,-6.3312e-03,-1.7922e-02,-6.0994e-02,5.6592e-02
1.4207e-02,-8.6564e-02,-1.2971e-02,-5.9142e-03,2.9136e-02,-8.2899e-02,1.1762e-03,-9.8655e-03,5.0042e-02,-3.6521e-02,7.1685e-03,3.4232e-02,1.5020e-02,-1.8668e-02,-4.0442e-02,-8.7417e-02,-5.4513e-02,-3.1894e-02,1.2156e-02,4.8036e-02,1.1253e-01,3.9380e-02,1.5059e-02,-4.2229e-02,-4.8561e-02,5.8221e-02,3.2320e-02,2.5544e-02,1.1617e-01,6.1675e-02,2.2166e-02,-6.8602e-02,8.2082e-03,3.7120e-02,2.1729e-02,5.2363e-02,3.0605e-02,-3.7551e-02,-1.1065e-02,-9.4884e-03,2.3423e-02,-1.5258e-02,-1.1682e-02,-2.4995e-02,-7.6112e-02,4.1003e-03,-6.5760e-02,-4.9357e-03,9.1263e-02,-6.9212e-03,-3.5600e-02,7.2384e-03,-3.1712e-02,-2.0922e-02,6.0123e-03,1.0123e-01,2.8571e-02,1.1238e-02,-2.6876e-02,1.1688e-01,1.3492e-02,-2.4294e-02,-8.1607e-02,-1.2327e-02,-6.3805e-02,1.0984e-03,2.1236e-02,1.1371e-01,8.1275e-03,5.3455e-02,4.0629e-02,1.0171e-01,9.5966e-02,7.2087e-02,7.8862e-02,8.3188e-03,9.1071e-02,-7.3090e-02,-5.9578e-03,5.8307e-02,4.8336e-02,4.0634e-02,3.8321e-02,5.4140e-02,7.7149e-02,4.9147e-02,2.7785e-02,-5.1072e-03,6.2235e-02,2.3415e-01,8.5549e-02,3.1810e-02,-1.2369e-01,-3.4645e-02,1.6130e-01,5.9227e-02,-1.0896e-02,6.0049e-02,-4.5346e-02,-3.8100e-02
-4.3702e-02,8.4539e-03,-1.8423e-02,6.6096e-03,3.6345e-02,-1.9856e-02,-4.6502e-02,2.7175e-02,-3.9080e-02,-3.6685e-02,5.1169e-02,-1.0457e-02,-5.7659e-02,-1.1468e-01,-4.9817e-02,-2.7582e-02,-8.6476e-02,2.1206e-03,-1.5702e-03,-4.5304e-02,3.9629e-02,8.3230e-02,6.0679e-02,9.3187e-03,-9.8683e-02,-1.4513e-02,-1.7256e-03,2.9212e-04,5.8423e-02,-3.8981e-02,-2.0745e-03,6.4215e-02,-1.6122e-02,-4.3613e-03,2.1603e-02,9.1331e-02,8.9466e-02,3.8574e-02,-4.3430e-02,-4.4436e-02,6.5675e-02,-8.0771e-03,-1.3899e-02,-3.6536e-02,-5.4980e-02,-8.9208e-02,-4.5679e-02,-8.4303e-02,6.3672e-02,-6.4098e-03,7.6335e-03,-3.1918e-02,1.6913e-02,-4.3545e-02,-3.8493e-02,9.3073e-03,2.4226e-02,6.5558e-02,-9.8888e-03,-1.0844e-01,4.5073e-02,3.4594e-02,-5.9892e-02,-8.0309e-02,-1.4546e-02,2.3683e-02,-4.0996e-02,8.4084e-02,1.6263e-01,-2.9295e-02,-2.6594e-02,1.7386e-02,2.1015e-02,4.1958e-02,6.5256e-02,5.5678e-02,1.4511e-01,8.6832e-02,-6.9805e-02,6.6698e-02,6.6358e-02,1.0007e-01,1.0743e-01,5.3820e-02,1.3901e-01,8.3187e-02,8.0451e-02,6.9957e-02,2.2097e-01,9.2136e-02,9.3949e-02,-2.4004e-02,-1.0307e-01,1.7796e-02,-3.4132e-02,1.1647e-01,4.4713e-02,5.0150e-02,5.8050e-02,-6.5744e-02
-1.1313e-03,4.1764e-02,-4.2127e-02,-2.4040e-03,2.8591e-02,4.1109e-02,-2.9880e-02,-9.4838e-02,-2.3670e-02,-3.2476e-03,-5.2867e-02,-1.0304e-01,-9.6019e-02,-5.0401e-02,-1.0247e-03,3.0875e-03,4.2153e-02,7.8200e-02,1.9129e-02,-5.4990e-03,6.3151e-02,7.2149e-02,6.3391e-02,2.0572e-02,2.8792e-02,-3.2414e-02,7.6496e-02,-1.0680e-02,-4.9026e-03,1.0342e-02,6.9097e-02,8.6492e-02,-2.1048e-02,1.8519e-02,3.8530e-03,9.0354e-02,9.8270e-02,6.6305e-02,2.1155e-02,-2.7193e-02,9.9930e-03,-4.0047e-03,-1.5210e-02,-4.0406e-02,-4.1568e-02,-2.7535e-02,2.0338e-03,-1.2118e-01,1.2011e-02,-3.7661e-02,-6.3414e-02,-8.4512e-02,-4.7501e-02,-2.4484e-02,-8.0382e-02,-4.3563e-02,-6.1062e-03,-5.4060e-02,-3.4528e-02,-1.0144e-01,-2.0023e-02,1.4002e-02,-1.6719e-02,1.2730e-01,6.1031e-02,9.7298e-02,1.7458e-02,2.4024e-03,2.1136e-02,6.3785e-02,-1.5151e-02,8.2062e-03,1.1272e-03,2.7581e-02,9.8062e-02,6.4720e-02,4.3988e-02,1.6346e-01,1.4763e-02,9.4681e-03,4.0125e-02,1.1068e-01,1.6298e-01,1.4646e-01,1.1781e-01,1.7762e-01,1.5030e-01,9.3086e-02,-1.0438e-01,-1.6154e-02,1.0282e-01,-8.3922e-02,-5.8580e-02,-2.0508e-02,2.8279e-02,-1.3461e-01,7.4769e-02,2.8981e-03,1.3247e-01,3.7428e-03
5.2269e-02,8.3778e-02,2.0889e-02,3.3835e-02,-2.3311e-02,-5.8893e-02,-6.5648e-02,-5.2661e-02,-1.2915e-01,-1.4537e-01,-1.2985e-01,-7.3190e-02,-4.6984e-02,-9.5709e-03,3.4809e-02,-4.0443e-02,-4.2513e-02,-1.0245e-02,-1.6422e-01,-2.2085e-02,2.2605e-02,1.1555e-02,-6.8392e-02,1.1927e-01,2.0508e-01,8.6530e-02,-8.9487e-02,1.5904e-02,2.7089e-02,3.6046e-02,5.6295e-02,1.3320e-01,8.7944e-02,9.8969e-02,3.2504e-02,3.7758e-02,7.3974e-02,7.1241e-02,4.8253e-02,2.4126e-02,2.4116e-02,-4.7541e-02,-2.5646e-02,-1.1134e-02,2.1084e-02,6.2764e-03,-2.3956e-02,-7.0344e-03,-1.4012e-01,-1.4117e-01,-6.6342e-02,1.9495e-03,-1.6217e-01,-7.9090e-02,-7.8940e-02,-1.6287e-01,-7.3808e-02,-4.4537e-03,-1.1008e-02,4.2399e-03,2.9241e-02,1.2777e-02,7.8935e-03,-1.4915e-01,1.4360e-01,1.7859e-02,6.9155e-02,4.4472e-02,5.0434e-02,4.7378e-02,-1.1196e-02,-5.0426e-05,-1.8173e-02,1.0427e-01,6.7946e-02,-1.1294e-02,4.2663e-02,1.0340e-01,1.1707e-01,7.2421e-03,-2.0446e-02,-4.1221e-03,-5.0591e-02,-1.1453e-01,-1.8481e-01,-4.7127e-02,8.0178e-02,-1.1906e-02,-7.1767e-02,-1.2081e-01,-1.5772e-02,1.1452e-01,-3.1311e-02,-5.6252e-02,1.8468e-02,-1.3306e-02,-1.0619e-02,-3.6222e-02,7.9464e-02,-3.4706e-02
7.9803e-03,1.6481e-02,-2.5180e-02,-3.0786e-02,-5.1194e-02,-5.1471e-02,-6.3586e-02,-2.0221e-02,-8.1976e-02,-1.0479e-01,-1.6999e-01,-1.1713e-01,-3.5927e-02,-2.4905e-02,-5.9785e-02,-5.3275e-02,-9.1515e-02,-1.0070e-01,-5.5900e-02,-9.2551e-03,1.9535e-02,-6.8965e-02,3.7633e-02,3.7508e-02,1.3378e-01,7.9152e-03,1.3513e-01,3.2262e-02,6.5228e-02,7.1294e-02,5.7639e-02,8.3226e-02,9.8234e-02,1.2716e-01,9.6826e-02,1.1719e-02,4.0233e-03,4.8704e-02,6.0326e-02,6.7281e-02,3.1316e-02,2.0666e-02,-2.4094e-02,2.2651e-02,1.9504e-03,-4.7895e-02,-4.6892e-02,-2.2300e-03,-5.9943e-02,-3.5044e-02,-5.5605e-02,-1.1013e-01,-1.5892e-01,-8.3570e-02,-6.2657e-02,-1.1890e-01,-1.2625e-01,-1.6918e-01,-5.8386e-02,-6.9569e-02,-8.5695e-02,8.3958e-02,1.5790e-01,6.3131e-02,-9.0952e-03,1.1331e-01,2.4826e-02,1.9119e-02,5.8465e-02,8.5851e-02,1.3248e-01,2.4115e-01,6.2596e-02,7.3137e-02,6.3085e-02,3.2252e-02,-2.7587e-02,8.5301e-03,9.8466e-02,5.8919e-02,-5.7674e-03,-1.5738e-02,-5.6449e-02,-6.3687e-02,-5.9168e-02,-7.1443e-03,-9.6223e-02,-6.7191e-02,-1.6774e-03,-1.3397e-01,-2.6758e-02,6.8994e-02,2.8001e-02,-7.5302e-02,-2.5923e-02,8.7309e-02,-3.0261e-02,-7.7474e-03,-8.9127e-02,9.1952e-02
2.0020e-02,-6.3055e-03,-7.0273e-02,-6.9444e-02,-5.1717e-02,7.2003e-03,1.7550e-02,-5.2113e-02,-7.7804e-02,-8.6046e-02,-7.8200e-02,-7.4193e-02,-1.1520e-01,-1.3369e-01,-1.3914e-01,-1.2773e-01,-9.8807e-02,-2.5792e-02,-2.2253e-02,-7.9994e-03,-4.1201e-03,-9.3989e-02,6.8788e-02,3.1460e-02,2.8985e-02,4.6714e-02,7.2640e-02,1.5031e-01,-4.0694e-03,1.7266e-01,1.2990e-01,9.1723e-02,9.1796e-02,7.9036e-02,1.3632e-01,1.1762e-02,-2.0952e-02,-2.5504e-02,4.1042e-02,1.3779e-01,3.9426e-02,5.1351e-02,8.7208e-02,-4.5140e-03,-7.0314e-02,-6.4496e-02,-1.4988e-02,2.2022e-02,-1.0166e-01,-2.1804e-02,-7.8219e-02,-2.0207e-02,-9.2616e-02,-8.3994e-02,-3.7772e-02,-3.4164e-02,-9.4875e-02,-3.2579e-02,-6.2252e-02,2.6149e-02,1.2616e-02,-9.1036e-03,4.2267e-02,2.6644e-03,-2.2962e-02,-7.0260e-02,-3.3448e-02,-2.7415e-02,-8.0821e-02,3.0227e-02,1.3674e-01,1.0174e-01,6.4268e-02,7.8534e-02,5.8973e-03,-7.2166e-03,-5.7705e-02,-8.3981e-03,4.0383e-02,9.0552e-02,-5.8216e-02,-5.6465e-02,-2.8599e-02,2.3113e-03,4.0593e-02,-7.9407e-02,-3.1131e-02,-3.4868e-02,-3.7560e-02,-3.0736e-02,-2.6814e-02,-6.6930e-02,6.0364e-02,1.7235e-02,-3.0783e-02,1.6798e-03,-2.3738e-02,1.8138e-02,7.4690e-03,-1.3622e-02
-2.0208e-02,-2.9733e-02,-3.8982e-02,-1.0090e-01,-1.3803e-01,2.2920e-03,-5.8483e-02,-7.8198e-02,-9.4731e-02,-1.1917e-01,-1.2624e-01,5.2515e-03,-7.2993e-02,-7.7131e-02,-6.2380e-02,-5.0524e-02,-5.8775e-02,-3.2600e-02,-8.8164e-03,-1.8756e-02,-6.0869e-02,-2.6856e-03,9.9031e-02,8.3715e-02,-3.4324e-02,1.7906e-02,1.1857e-01,8.0172e-02,1.3439e-01,3.5019e-02,4.8678e-02,1.0828e-01,2.3688e-01,4.3835e-02,7.2694e-02,7.2821e-02,-2.9276e-02,-6.5503e-02,-9.9733e-03,5.7572e-02,5.2638e-02,9.5419e-02,6.2851e-02,3.8202e-03,-2.2673e-02,-6.4111e-02,-7.4168e-02,-8.3371e-02,-1.9113e-01,-7.9551e-02,-3.5367e-02,-2.9119e-02,-3.7094e-02,-9.7109e-02,-1.0373e-02,-3.1864e-02,-4.3674e-02,-4.4752e-02,-5.9769e-02,-5.1901e-05,-2.8108e-02,-9.9907e-02,-7.5114e-02,1.2015e-02,-1.5309e-03,1.4876e-01,5.4853e-02,2.2454e-02,6.4795e-02,-6.1851e-02,-1.5962e-02,5.0311e-02,8.6771e-02,1.0994e-01,5.9082e-02,8.6110e-02,1.3163e-02,-6.6294e-02,-3.4092e-02,-5.0582e-03,9.7130e-02,5.0688e-03,3.5734e-03,9.5415e-03,-8.9976e-03,-3.2291e-02,-3.5086e-02,-2.9765e-02,-3.1147e-02,-3.0389e-02,-6.1016e-02,6.9756e-02,4.5930e-02,4.1936e-02,2.1418e-02,-2.8769e-02,-2.4266e-02,2.7823e-03,-1.8209e-02,3.8320e-03
7.3761e-03,-2.4752e-03,-1.5822e-02,-1.1183e-01,-5.9777e-02,-1.1044e-01,-1.2876e-01,-1.2903e-01,-1.4826e-01,-7.6544e-02,-4.8373e-03,-4.8918e-02,-8.0968e-02,-8.1070e-02,-6.6489e-02,-6.3685e-04,-4.4590e-02,-3.3795e-02,-5.9072e-02,-5.7319e-02,-1.3298e-02,8.8612e-02,-2.3251e-02,-8.5119e-02,5.0370e-02,2.9724e-02,1.0000e-01,9.0979e-02,6.5748e-02,1.0255e-01,5.0704e-02,1.9409e-02,9.0841e-02,2.4773e-02,1.1910e-01,2.3477e-01,8.8490e-02,6.8629e-02,6.6215e-02,-3.5850e-02,3.9184e-02,4.7347e-02,1.8441e-02,-8.2143e-03,-2.5090e-03,-4.6079e-04,-1.2727e-01,-1.7151e-01,-1.3630e-01,-1.3403e-01,-1.4045e-01,-1.5007e-01,-1.4864e-01,-1.5920e-01,-1.4006e-01,-5.0769e-02,-1.4469e-02,-1.1697e-01,-8.2322e-02,7.9075e-03,-1.5529e-01,-7.8728e-02,2.0359e-03,1.8824e-02,-1.6347e-02,-1.6164e-02,2.5890e-02,1.1873e-01,1.7652e-01,1.4933e-01,2.3203e-01,5.4046e-02,2.5196e-01,1.4125e-01,1.7097e-01,1.4519e-01,1.9670e-01,1.6416e-01,9.4025e-02,9.7744e-02,8.8767e-03,3.5296e-02,1.3745e-01,1.1528e-01,2.9295e-02,-9.7182e-03,-9.9372e-02,-2.9567e-02,-3.5842e-02,-4.3413e-02,-6.7295e-02,-5.2881e-02,-4.1355e-02,1.0634e-02,-7.4823e-02,-2.5602e-02,-3.9970e-02,-3.2712e-02,-4.6056e-02,1.3020e-02
6.4682e-02,5.0304e-02,2.3202e-02,-4.7109e-02,-4.4525e-02,-1.1378e-01,-1.6592e-01,-1.5524e-01,-6.1686e-02,-1.9880e-02,-7.2721e-02,-1.0136e-01,-1.0471e-01,-6.9905e-02,-7.0376e-02,-6.1030e-02,-3.3535e-02,-4.3134e-02,-9.5002e-02,-5.3251e-02,5.8580e-03,2.6655e-02,-1.5108e-01,2.5074e-02,5.5493e-02,5.7769e-02,1.8393e-02,1.4126e-01,6.5272e-02,7.3980e-02,1.5125e-01,9.7143e-02,-1.0544e-02,3.4935e-02,6.1329e-02,1.6466e-01,2.6085e-01,1.5973e-01,1.2986e-01,1.1351e-01,1.9663e-02,-1.2642e-01,-5.2954e-02,-5.6263e-02,-3.5616e-02,-1.0500e-01,-9.2980e-02,-4.7674e-02,-5.4124e-02,-1.4432e-01,-1.2588e-01,-1.2785e-01,-1.2372e-01,-1.1881e-01,-1.5780e-01,-8.5812e-02,-2.6057e-02,-3.7588e-03,-6.3033e-02,-1.1835e-01,-7.1305e-02,-2.5539e-02,-1.2038e-01,-1.6063e-02,-3.4602e-02,4.8491e-02,2.0151e-01,2.5721e-01,1.3212e-01,1.2628e-01,1.4934e-02,6.3908e-03,6.6760e-02,2.1454e-02,1.6107e-01,1.6240e-01,8.0306e-02,1.5478e-01,1.3238e-01,1.1722e-01,3.0772e-02,7.3570e-02,-1.0029e-01,-2.6947e-02,2.0936e-02,3.3400e-02,-9.6913e-02,-4.4523e-02,-4.1187e-02,-4.8832e-02,-5.9344e-02,-7.0317e-02,-7.0021e-02,-7.9834e-02,-6.6963e-02,-5.0214e-02,9.9889e-02,7.0459e-03,-9.2723e-02,2.5576e-02
5.1062e-02,2.0082e-02,2.7419e-02,1.0583e-01,-2.6718e-02,-1.1585e-01,1.1746e-03,-4.3421e-02,-1.0972e-01,-1.5464e-01,-1.4330e-01,-1.4695e-01,-1.0856e-01,-5.2486e-02,-8.8334e-02,-4.4517e-02,-4.2099e-03,-9.2060e-02,-5.1827e-02,-1.4485e-02,4.5358e-02,-1.0535e-01,-1.4167e-02,-2.2810e-02,6.4629e-02,1.3647e-01,-1.3606e-03,1.0035e-01,8.3348e-02,7.3675e-02,9.8656e-02,1.7038e-01,8.7217e-02,3.3999e-02,-9.6736e-02,-1.0915e-01,5.5000e-02,2.7674e-02,2.1746e-02,2.5909e-02,-4.0690e-03,-5.9038e-02,-1.6804e-01,-2.3739e-01,-5.2358e-02,6.4203e-03,2.4580e-02,-4.2271e-02,-2.4955e-03,-1.1875e-01,-1.0307e-01,-1.0579e-01,-1.0439e-01,-1.0012e-01,-9.8602e-02,-1.8115e-01,-8.2873e-02,-1.0564e-01,-9.2165e-03,3.8508e-03,8.1161e-02,3.9976e-02,2.7307e-02,9.0263e-03,6.8685e-02,1.0259e-01,9.3105e-02,1.1609e-01,1.2282e-01,1.4790e-01,8.5123e-02,1.9078e-02,7.5451e-02,1.1210e-01,1.1092e-01,8.8251e-02,1.3724e-01,1.2268e-01,6.4436e-02,5.9238e-02,6.6466e-02,9.6864e-02,-4.4405e-02,-5.2845e-02,-2.1701e-02,6.3001e-02,-1.9993e-02,-2.1082e-02,-1.0765e-01,-5.6368e-02,-6.5998e-02,-1.8089e-01,-1.1110e-01,-1.4820e-01,-1.1050e-02,3.4852e-02,2.8752e-02,-7.6998e-03,5.2956e-02,-6.8688e-02
-9.1885e-03,-5.9210e-02,-5.5237e-02,1.6353e-02,-1.2468e-01,-8.5208e-02,-1.3188e-01,-9.0707e-02,-1.4566e-01,-2.1263e-01,-2.6023e-01,-1.5591e-01,-8.5690e-02,-5.9831e-02,-6.8268e-02,-5.8710e-02,-5.5173e-02,-4.7492e-02,-2.2202e-02,-8.7051e-03,-8.0723e-02,6.2618e-02,8.8895e-02,-5.0387e-02,6.4399e-02,7.7302e-02,8.6586e-02,2.8339e-02,1.3419e-01,7.8710e-02,8.0937e-02,1.1092e-01,1.6038e-01,1.2880e-01,2.9122e-02,2.8209e-02,-1.7233e-02,3.2418e-02,-5.1240e-03,-4.2536e-03,-3.1386e-02,-1.0301e-02,4.4194e-02,4.7389e-02,-7.2060e-02,-1.4015e-01,-3.4611e-02,-1.7362e-02,-8.2423e-02,-6.8381e-02,-7.8851e-02,-8.9449e-02,-9.3208e-02,-9.1909e-02,-8.9314e-02,-1.0279e-01,-2.2423e-01,-4.9738e-02,-1.6173e-02,-3.8202e-02,1.4241e-01,4.0512e-02,9.2282e-02,1.6924e-02,1.0890e-01,-5.8017e-02,-5.3462e-02,5.1427e-02,-1.3580e-02,1.4257e-01,1.8161e-01,8.0652e-02,1.0927e-01,1.2378e-01,9.7242e-02,9.0588e-02,1.3287e-01,7.4967e-02,6.0622e-02,4.4993e-02,-1.3362e-02,1.7061e-02,3.0194e-02,-3.6124e-02,-4.0102e-02,3.8312e-02,1.2783e-01,-1.0568e-02,-7.7479e-02,-2.2094e-02,-1.1458e-01,-1.6357e-01,-2.0141e-01,-1.4062e-01,-4.7597e-02,-7.0110e-02,-1.0932e-01,-1.1469e-01,-4.6268e-02,4.6404e-02
-1.1056e-01,-7.4061e-02,3.0241e-02,-8.3279e-02,-3.0522e-02,-4.9941e-02,-6.9677e-02,-9.8490e-02,2.2951e-03,-1.5541e-02,-7.2565e-02,-1.5685e-01,-1.7626e-01,-1.4911e-01,-9.7528e-02,-8.3932e-02,-4.2023e-02,1.3428e-02,-3.4236e-02,-5.5431e-02,-1.4158e-02,2.2071e-02,1.0934e-01,5.5854e-02,1.6120e-02,8.2678e-02,1.0192e-01,-5.2589e-03,1.0736e-01,9.2157e-02,6.7538e-02,7.6573e-02,9.4321e-02,1.2991e-01,1.3179e-01,1.8517e-01,8.1704e-02,7.5500e-02,1.1018e-01,9.3760e-02,4.0538e-02,7.5364e-02,1.6703e-01,1.2100e-01,1.0957e-04,-3.8095e-02,2.5614e-02,-4.6120e-02,-1.3552e-02,3.9777e-02,2.3824e-02,6.1256e-03,-7.2032e-03,-1.2723e-02,-3.1183e-02,-1.8779e-01,-7.3103e-02,3.0724e-03,-8.7874e-02,-5.1938e-02,-1.5333e-02,2.8656e-02,-1.2157e-01,9.2824e-03,9.1911e-02,3.9823e-02,-1.2735e-02,-5.2920e-02,6.7739e-02,-3.6859e-03,7.4751e-02,1.1715e-01,8.0561e-02,6.4775e-02,6.5506e-02,1.0152e-01,1.2224e-01,1.2102e-01,-4.7240e-02,2.3330e-02,7.3980e-02,8.1891e-02,7.7507e-02,-1.5373e-02,-1.0107e-01,-1.0102e-01,-9.1686e-02,-3.2733e-02,-6.9365e-02,-1.1050e-02,1.3512e-02,-6.2021e-02,-1.0832e-01,-5.6095e-02,-3.3377e-02,6.5560e-03,2.3546e-02,-2.6582e-02,1.8959e-03,-1.4511e-02
-4.2987e-04,6.9346e-02,-5.9502e-02,-1.2108e-01,-5.4523e-02,-9.3947e-02,-9.1309e-02,-3.9480e-02,-1.2554e-01,-3.4799e-02,-5.1649e-03,-1.5270e-02,-1.1832e-01,-2.0925e-01,-1.1587e-01,-6.3847e-02,-5.2126e-02,-9.4426e-02,-4.9110e-02,-3.4214e-02,-6.9617e-03,8.9583e-03,4.5021e-02,1.0649e-01,2.1358e-03,3.8261e-02,8.0904e-02,1.4804e-01,2.0618e-02,1.2188e-01,5.8699e-02,5.9005e-02,6.4749e-02,6.6602e-02,1.0980e-01,9.5477e-02,5.8449e-02,2.1936e-02,3.3661e-02,1.5950e-02,-1.1511e-03,6.9232e-03,1.3111e-02,2.1174e-02,-4.1192e-02,-6.1380e-02,-1.1527e-01,-1.6013e-01,-1.9646e-01,-8.1078e-02,-8.7991e-02,-1.2645e-01,-7.5336e-02,-1.0637e-01,-8.6637e-02,-1.1179e-01,-1.3436e-01,-1.3510e-01,-1.0891e-01,-6.4657e-02,-4.8699e-02,-1.3091e-01,2.0640e-02,-9.5953e-03,1.8967e-03,8.8981e-03,4.4703e-02,9.4192e-02,4.5141e-02,1.1179e-01,-9.0807e-03,6.8274e-02,9.5320e-02,6.2040e-02,6.6071e-02,1.3425e-01,7.4902e-02,2.6741e-02,5.8637e-02,-8.1909e-02,1.1120e-01,4.4961e-02,3.6826e-02,2.2835e-02,-2.2995e-02,-1.1481e-01,-1.4904e-01,-6.7005e-02,-2.0805e-03,-1.8319e-01,-1.2096e-01,-6.3109e-02,-1.0921e-02,-7.0362e-02,-8.0639e-02,-3.6467e-02,8.2446e-03,-2.6812e-02,1.8329e-02,-7.4946e-03
-3.9387e-02,1.9690e-03,-1.8171e-02,-4.3270e-02,-1.1096e-01,-1.6838e-01,-1.3305e-01,-1.0277e-01,-1.3978e-01,-1.3356e-01,-4.9703e-02,-1.0960e-02,3.3345e-02,6.2956e-02,-4.1648e-02,-1.7631e-01,-1.3440e-01,-9.5180e-02,2.7243e-02,-1.2242e-02,1.0404e-03,4.8609e-04,1.9554e-02,6.4895e-02,4.5631e-02,4.6104e-02,6.8624e-02,9.1045e-02,9.1046e-02,7.7087e-02,7.1282e-02,5.0174e-02,5.5351e-02,7.3242e-02,1.2919e-01,5.7399e-02,5.0898e-02,3.5856e-02,2.8655e-02,4.8545e-02,-5.2631e-02,-2.5955e-02,-2.7155e-02,1.8267e-02,-3.7655e-02,-5.0950e-02,-7.6203e-02,-2.9558e-02,-1.6954e-01,-1.1351e-01,-1.6389e-01,-2.6663e-01,-1.7169e-01,-7.0950e-02,-5.3338e-02,-7.0384e-02,-6.7301e-02,-6.3647e-02,-7.7589e-02,-1.3131e-01,-1.6733e-01,1.8247e-03,7.4200e-02,1.6208e-02,-2.1015e-03,1.4378e-02,1.9416e-02,3.5289e-02,1.3440e-01,1.4734e-01,1.0331e-01,6.0077e-02,1.1174e-02,5.5107e-02,8.8454e-02,1.0851e-01,3.0234e-02,2.7679e-02,9.9662e-02,4.2779e-02,-5.3573e-04,2.2672e-02,1.9596e-02,3.6093e-02,-9.3633e-04,-6.8363e-02,8.3090e-03,-1.3161e-01,-7.1030e-02,-2.3233e-02,-6.3967e-02,-6.2705e-02,-6.0765e-02,-9.7508e-02,-1.2766e-01,-1.1929e-01,-9.6859e-02,-4.5304e-02,2.7811e-02,-3.4284e-02
2.1503e-02,-2.2690e-02,-4.3980e-02,-2.0400e-02,4.8690e-03,-2.2573e-02,-1.2063e-01,-7.3379e-02,1.9859e-02,-5.5483e-02,-1.1244e-01,-7.4607e-02,4.6503e-03,1.1811e-02,7.8771e-02,-1.0116e-02,-1.1002e-01,-8.2311e-02,-4.6334e-02,5.7551e-02,4.7596e-03,-6.5826e-03,3.6126e-03,2.7377e-02,7.2520e-02,-7.7549e-03,2.6428e-02,1.0398e-01,1.2003e-01,1.6868e-02,1.3614e-01,6.6543e-02,7.1101e-02,9.1238e-02,-1.1422e-02,4.9496e-02,5.1147e-02,4.5131e-02,4.8434e-02,1.5662e-01,2.6186e-02,8.5037e-03,-7.9262e-02,-1.1913e-01,-1.0911e-01,-7.3751e-02,-1.0277e-01,-1.0761e-01,-6.1692e-02,-1.4051e-01,-1.5975e-01,4.9748e-02,-8.6511e-02,-9.9777e-02,-1.4534e-01,-1.0386e-01,-5.9258e-02,-1.1564e-01,-1.2436e-01,-1.1495e-01,1.0060e-02,-3.1169e-02,2.3093e-02,5.5921e-02,7.7738e-02,1.3276e-01,3.6086e-02,3.5468e-02,3.0998e-02,4.1759e-02,6.4688e-02,4.1943e-02,1.3999e-01,1.8289e-01,1.1015e-01,3.2096e-02,-4.4075e-02,2.6103e-02,5.4734e-02,5.1965e-02,3.5942e-02,-8.9346e-02,-5.1229e-03,-9.2487e-03,-1.2714e-02,1.2081e-02,1.4325e-02,-2.4255e-02,-4.9218e-02,-1.6635e-01,-1.1602e-01,-5.1606e-02,-6.5587e-02,-7.2935e-02,-1.8755e-02,-8.9833e-02,-1.1189e-01,-9.9838e-02,-9.9473e-02,-1.1829e-01
9.1401e-02,-3.1731e-02,-6.1351e-02,-6.0492e-02,-2.5868e-02,3.4938e-02,6.0376e-02,-7.2236e-02,-4.2734e-04,7.8842e-03,-3.0823e-02,-2.1558e-01,-1.3421e-01,-7.7763e-02,-4.9373e-02,4.2741e-02,-5.8693e-03,-5.7618e-02,-6.8448e-02,6.7642e-02,1.3003e-02,-1.2659e-02,-8.3221e-03,3.8069e-03,3.6061e-02,6.6983e-02,-1.6009e-02,-3.3859e-02,6.8124e-02,5.3427e-02,6.5896e-02,2.1148e-01,2.1739e-01,1.1137e-01,7.3633e-02,1.2097e-01,9.1610e-02,4.8922e-02,4.2588e-02,2.7765e-02,3.2858e-02,7.5094e-02,1.7642e-02,-3.0754e-02,-6.4730e-02,-5.5231e-02,-7.8412e-02,-2.5939e-02,1.6751e-02,-1.1663e-01,-1.5032e-01,-8.5607e-02,-5.3130e-02,-3.1344e-02,-2.7750e-02,2.8005e-02,2.6707e-02,8.9659e-02,1.5018e-01,5.1477e-02,-9.2015e-02,-4.3884e-02,2.0407e-02,6.5601e-02,-5.1429e-02,9.1265e-02,1.0398e-01,5.1169e-02,-1.2405e-02,4.7127e-02,8.9651e-02,1.0251e-01,1.6090e-01,1.5934e-01,1.7303e-01,2.6711e-02,1.2561e-01,1.0082e-01,6.7254e-02,8.2267e-02,-5.2568e-03,3.6827e-02,-1.2637e-01,-3.2554e-02,-1.0270e-02,9.2917e-02,6.9922e-03,-1.9215e-02,-3.0327e-02,-4.2549e-02,-1.2568e-01,-1.1288e-01,1.2570e-02,-6.8517e-02,-8.9434e-02,-2.2976e-02,-8.2972e-02,-1.3186e-02,-5.2564e-02,8.7007e-02
-6.0583e-02,-7.4060e-02,-1.1137e-01,-1.0014e-01,-8.9666e-02,-7.1719e-02,7.0757e-04,2.2528e-02,-9.6468e-02,-1.5003e-01,-7.1947e-02,1.5441e-02,-2.2181e-02,-1.5650e-01,-1.1187e-01,-5.2109e-02,-3.8046e-03,4.8693e-02,-3.3345e-02,-3.0702e-02,5.5060e-02,-1.4232e-02,-1.8109e-02,-1.2114e-02,1.8713e-03,4.4905e-02,6.7351e-02,-3.4607e-02,-6.0136e-02,4.7557e-03,4.0191e-02,7.5977e-02,7.2112e-02,6.6405e-02,9.8440e-02,1.0490e-01,3.9438e-02,1.1567e-02,6.5386e-02,-4.6587e-02,5.1861e-02,8.3735e-03,4.5382e-03,2.8479e-02,3.7023e-03,-8.8962e-02,1.6528e-02,2.7221e-02,-2.8563e-02,-5.8136e-02,-3.6470e-02,-4.6361e-02,-3.5178e-02,-4.3570e-02,-7.4133e-02,4.4002e-02,-8.1115e-02,-4.3532e-02,-3.5168e-02,-1.4882e-02,2.2211e-02,3.7687e-02,-2.1599e-03,1.4270e-02,2.2682e-03,6.2245e-04,8.4410e-02,8.4321e-02,8.3096e-02,1.3832e-02,-3.5438e-02,1.1266e-01,4.3173e-02,4.5756e-02,5.9826e-02,1.0534e-01,5.0354e-02,1.9328e-02,8.0023e-02,1.7863e-01,3.9897e-02,6.2739e-03,5.7874e-02,-4.5340e-02,-1.3260e-02,5.5693e-02,2.0796e-02,-2.2338e-02,-3.7406e-02,-6.4407e-02,-7.3984e-02,-5.3472e-02,-7.6600e-02,-7.7123e-02,-5.1976e-02,-9.0166e-02,1.0020e-01,6.0433e-02,2.5786e-02,1.7511e-02
-3.8694e-02,-5.6382e-04,1.0075e-02,-4.4335e-03,2.8494e-03,1.4308e-03,-2.8405e-02,-2.1010e-02,-2.4307e-02,-1.2907e-01,-8.1631e-02,-2.0556e-02,1.4855e-02,2.4311e-02,-3.8032e-02,-1.3714e-01,-1.4499e-01,-3.3573e-02,7.9809e-02,5.7867e-02,-3.4021e-02,5.1761e-02,-2.4120e-02,-2.5056e-02,-2.0801e-02,-4.4405e-03,4.5719e-02,5.1109e-02,2.6586e-02,3.5404e-02,-4.6160e-02,7.9428e-03,2.8003e-02,7.4810e-03,1.6380e-02,5.2136e-02,3.7766e-02,5.7747e-02,2.4760e-02,4.8531e-02,6.7744e-02,1.6352e-02,-1.0619e-02,5.3865e-02,3.4599e-02,8.1620e-02,1.9615e-02,-4.8630e-03,-7.8990e-02,4.3089e-02,-5.3774e-03,-4.1070e-02,-1.3852e-01,-5.2930e-02,7.4947e-03,-5.0944e-02,-5.3084e-02,-4.5929e-02,-3.6530e-02,-7.9618e-04,5.5237e-02,-1.1502e-02,4.9231e-02,-7.4088e-03,1.3141e-02,-3.9532e-02,3.2721e-02,1.5030e-02,1.7618e-01,1.6181e-01,2.7752e-02,-2.0181e-02,-2.8454e-02,-8.5656e-02,-1.1128e-01,-9.1479e-03,3.5626e-02,-1.0647e-02,-6.0650e-02,1.5372e-02,3.5372e-02,6.9729e-02,-3.9776e-02,-9.1275e-02,-4.8909e-02,-8.5978e-02,-7.7974e-02,-4.1170e-02,-3.2958e-02,-4.4704e-02,-4.5920e-02,-4.3888e-02,-3.0356e-02,5.5247e-02,-4.9797e-02,-3.4735e-02,-2.2681e-02,5.0527e-02,2.8997e-02,-1.0465e-01
-9.8583e-03,-6.1661e-03,8.3701e-02,2.3471e-02,-2.2728e-02,-6.6667e-02,-7.5698e-02,-2.0182e-02,1.8492e-02,5.4423e-02,-7.0486e-02,-7.3607e-02,-9.3925e-02,-2.6536e-02,2.9081e-02,3.7569e-02,7.2239e-03,-3.8054e-02,-1.0765e-01,-4.5237e-02,-3.9758e-02,8.0965e-02,3.8858e-02,-3.0026e-02,-3.6194e-02,-3.3682e-02,3.8545e-03,9.3939e-02,1.2902e-01,1.0233e-01,1.5025e-02,-1.9757e-02,-4.5347e-02,-3.3747e-02,-8.7981e-02,-8.5840e-02,-5.2978e-02,-6.4510e-02,-1.7523e-02,3.3990e-03,-3.6663e-02,-5.6725e-02,6.8622e-02,9.7690e-03,-7.2061e-02,-5.0096e-02,-5.6194e-02,-6.3275e-02,-2.9485e-02,7.0820e-02,3.5494e-02,5.1012e-03,-3.2613e-02,-9.8946e-02,-4.1561e-02,-9.0125e-02,-4.3645e-02,-3.0122e-02,4.9533e-02,-1.5212e-02,-3.7076e-02,-4.4656e-02,-3.9847e-02,2.5442e-04,4.1103e-02,2.9622e-02,4.8071e-02,3.6871e-02,-1.7441e-02,-3.1460e-02,4.4649e-02,9.7345e-03,6.4675e-02,-2.3139e-02,-3.5481e-02,-2.9676e-02,-3.2914e-02,2.6044e-03,1.6697e-02,-4.0343e-02,7.5400e-02,3.3462e-02,2.8606e-02,1.1206e-01,-4.4045e-02,-3.8613e-03,-3.6400e-02,-3.2576e-02,-1.4379e-02,1.0332e-01,1.9074e-02,-3.8694e-02,-4.7232e-02,-3.7344e-02,-1.4353e-02,-1.2242e-02,-5.1524e-02,-5.1460e-02,7.3170e-02,6.1041e-02
6.3139e-03,-5.4021e-03,1.0337e-02,-2.0107e-02,-1.0500e-01,-3.9015e-02,-3.4140e-02,-5.3155e-02,-5.6925e-02,6.1121e-02,3.6301e-02,-4.7329e-02,2.7520e-02,1.3484e-02,-2.5597e-02,-3.3541e-03,5.3321e-02,6.1832e-02,1.4958e-02,-8.5649e-02,-1.9587e-01,-7.7177e-02,-2.3529e-02,1.0370e-01,7.4951e-02,1.0308e-01,2.4035e-02,2.2610e-02,6.2177e-02,1.3922e-01,6.7890e-02,3.9210e-02,4.6457e-02,6.4341e-02,9.0702e-02,6.3921e-02,1.8375e-01,-2.5005e-02,9.0085e-02,-4.1356e-02,-1.8939e-01,-8.2139e-02,6.4099e-03,4.2722e-02,-5.3994e-02,1.6672e-02,-2.8114e-03,3.0012e-02,-7.5710e-02,-8.8434e-02,-5.6805e-02,-2.4669e-02,7.9564e-03,1.1259e-01,-4.1170e-02,-1.1214e-01,-2.1731e-02,2.6357e-02,6.7880e-02,7.5571e-03,1.2640e-02,2.6314e-03,-1.3504e-01,1.3591e-02,3.0209e-02,2.3436e-02,-2.5483e-01,-8.9919e-02,-8.9132e-02,-1.2542e-02,5.1828e-02,2.0407e-02,7.4494e-02,7.8402e-02,9.4982e-02,1.0494e-01,9.2975e-02,6.6651e-02,1.4743e-02,1.9050e-02,3.3170e-02,7.4866e-02,3.5232e-02,2.0872e-02,-4.8003e-03,1.5451e-01,6.8795e-02,1.4249e-02,-3.4639e-02,-4.5762e-02,-3.7624e-02,-3.0334e-02,-4.9763e-02,-3.5041e-02,4.0732e-03,-2.7538e-03,-5.9004e-02,-2.0022e-01,-2.7935e-01,6.5422e-02
