2.4094e-02,1.5398e-02,8.5305e-03,3.3492e-03,-3.5025e-04,-2.8047e-03,-4.2615e-03,-4.9554e-03,-5.0967e-03,-4.8606e-03,-4.3871e-03,-3.7819e-03,-3.1195e-03,-2.4488e-03,-1.7995e-03,-1.1875e-03,-6.1835e-04,-9.0761e-05,4.0017e-04,8.6196e-04,1.3007e-03,1.7222e-03,2.1303e-03,2.5230e-03,2.8959e-03,3.2378e-03,3.5346e-03,3.7697e-03,3.9240e-03,3.9810e-03,3.9284e-03,3.7590e-03,3.4735e-03,3.0805e-03,2.5959e-03,2.0423e-03,1.4428e-03,8.2357e-04,2.0458e-04,-3.9799e-04,-9.7619e-04,-1.5293e-03,-2.0626e-03,-2.5854e-03,-3.1054e-03,-3.6275e-03,-4.1518e-03,-4.6676e-03,-5.1579e-03,-5.5981e-03,-5.9586e-03,-6.2087e-03,-6.3203e-03,-6.2726e-03,-6.0516e-03,-5.6575e-03,-5.1009e-03,-4.4062e-03,-3.6076e-03,-2.7491e-03,-1.8790e-03,-1.0490e-03,-3.0646e-04,3.0683e-04,7.5829e-04,1.0287e-03,1.1116e-03,1.0153e-03,7.6041e-04,3.7833e-04,-9.2326e-05,-6.1102e-04,-1.1375e-03,-1.6355e-03,-2.0775e-03,-2.4449e-03,-2.7290e-03,-2.9306e-03,-3.0570e-03,-3.1218e-03,-3.1409e-03,-3.1283e-03,-3.0988e-03,-3.0601e-03,-3.0155e-03,-2.9624e-03,-2.8889e-03,-2.7817e-03,-2.6190e-03,-2.3736e-03,-2.0188e-03,-1.5222e-03,-8.5364e-04,1.9172e-05,1.1254e-03,2.4888e-03,4.1357e-03,6.0836e-03,8.3462e-03,1.0934e-02
1.2195e-02,2.1008e-03,-5.9188e-03,-1.1925e-02,-1.6072e-02,-1.8582e-02,-1.9714e-02,-1.9736e-02,-1.8900e-02,-1.7431e-02,-1.5513e-02,-1.3292e-02,-1.0879e-02,-8.3543e-03,-5.7752e-03,-3.1838e-03,-6.1516e-04,1.9002e-03,4.3327e-03,6.6499e-03,8.8189e-03,1.0804e-02,1.2569e-02,1.4078e-02,1.5296e-02,1.6191e-02,1.6735e-02,1.6905e-02,1.6686e-02,1.6071e-02,1.5065e-02,1.3684e-02,1.1956e-02,9.9248e-03,7.6403e-03,5.1643e-03,2.5640e-03,-9.0702e-05,-2.7336e-03,-5.2989e-03,-7.7326e-03,-9.9854e-03,-1.2019e-02,-1.3800e-02,-1.5302e-02,-1.6504e-02,-1.7384e-02,-1.7925e-02,-1.8108e-02,-1.7920e-02,-1.7350e-02,-1.6395e-02,-1.5058e-02,-1.3358e-02,-1.1321e-02,-8.9902e-03,-6.4182e-03,-3.6713e-03,-8.2539e-04,2.0377e-03,4.8314e-03,7.4709e-03,9.8737e-03,1.1967e-02,1.3688e-02,1.4988e-02,1.5835e-02,1.6214e-02,1.6127e-02,1.5593e-02,1.4642e-02,1.3320e-02,1.1677e-02,9.7714e-03,7.6593e-03,5.4001e-03,3.0477e-03,6.5457e-04,-1.7323e-03,-4.0677e-03,-6.3110e-03,-8.4233e-03,-1.0369e-02,-1.2113e-02,-1.3622e-02,-1.4866e-02,-1.5814e-02,-1.6440e-02,-1.6717e-02,-1.6624e-02,-1.6141e-02,-1.5251e-02,-1.3942e-02,-1.2202e-02,-1.0028e-02,-7.4173e-03,-4.3706e-03,-8.9589e-04,2.9968e-03,7.2918e-03
3.1058e-03,-8.5051e-03,-1.7912e-02,-2.5054e-02,-2.9996e-02,-3.2904e-02,-3.4021e-02,-3.3630e-02,-3.2023e-02,-2.9472e-02,-2.6217e-02,-2.2456e-02,-1.8345e-02,-1.4004e-02,-9.5235e-03,-4.9763e-03,-4.2541e-04,4.0683e-03,8.4426e-03,1.2629e-02,1.6552e-02,2.0136e-02,2.3302e-02,2.5975e-02,2.8085e-02,2.9574e-02,3.0393e-02,3.0514e-02,2.9919e-02,2.8615e-02,2.6623e-02,2.3986e-02,2.0765e-02,1.7037e-02,1.2895e-02,8.4428e-03,3.7943e-03,-9.3527e-04,-5.6299e-03,-1.0180e-02,-1.4481e-02,-1.8440e-02,-2.1976e-02,-2.5019e-02,-2.7511e-02,-2.9404e-02,-3.0663e-02,-3.1259e-02,-3.1176e-02,-3.0409e-02,-2.8965e-02,-2.6864e-02,-2.4143e-02,-2.0850e-02,-1.7053e-02,-1.2833e-02,-8.2850e-03,-3.5157e-03,1.3592e-03,6.2182e-03,1.0937e-02,1.5395e-02,1.9476e-02,2.3073e-02,2.6092e-02,2.8456e-02,3.0105e-02,3.0999e-02,3.1120e-02,3.0473e-02,2.9080e-02,2.6989e-02,2.4260e-02,2.0971e-02,1.7210e-02,1.3073e-02,8.6639e-03,4.0872e-03,-5.5165e-04,-5.1495e-03,-9.6066e-03,-1.3830e-02,-1.7732e-02,-2.1235e-02,-2.4269e-02,-2.6776e-02,-2.8706e-02,-3.0020e-02,-3.0691e-02,-3.0700e-02,-3.0038e-02,-2.8704e-02,-2.6704e-02,-2.4051e-02,-2.0765e-02,-1.6870e-02,-1.2393e-02,-7.3683e-03,-1.8330e-03,4.1731e-03
-3.1773e-03,-1.6257e-02,-2.7157e-02,-3.5671e-02,-4.1729e-02,-4.5400e-02,-4.6864e-02,-4.6389e-02,-4.4283e-02,-4.0866e-02,-3.6434e-02,-3.1248e-02,-2.5523e-02,-1.9430e-02,-1.3103e-02,-6.6506e-03,-1.6738e-04,6.2562e-03,1.2527e-02,1.8543e-02,2.4195e-02,2.9365e-02,3.3933e-02,3.7782e-02,4.0807e-02,4.2916e-02,4.4041e-02,4.4138e-02,4.3190e-02,4.1210e-02,3.8238e-02,3.4346e-02,2.9626e-02,2.4197e-02,1.8195e-02,1.1770e-02,5.0819e-03,-1.7046e-03,-8.4269e-03,-1.4927e-02,-2.1057e-02,-2.6683e-02,-3.1684e-02,-3.5958e-02,-3.9418e-02,-4.1996e-02,-4.3639e-02,-4.4315e-02,-4.4008e-02,-4.2721e-02,-4.0475e-02,-3.7312e-02,-3.3293e-02,-2.8499e-02,-2.3031e-02,-1.7007e-02,-1.0561e-02,-3.8380e-03,3.0056e-03,9.8105e-03,1.6414e-02,2.2660e-02,2.8394e-02,3.3479e-02,3.7788e-02,4.1213e-02,4.3667e-02,4.5087e-02,4.5434e-02,4.4698e-02,4.2897e-02,4.0076e-02,3.6307e-02,3.1687e-02,2.6334e-02,2.0383e-02,1.3984e-02,7.2930e-03,4.7317e-04,-6.3139e-03,-1.2913e-02,-1.9175e-02,-2.4964e-02,-3.0158e-02,-3.4654e-02,-3.8363e-02,-4.1218e-02,-4.3172e-02,-4.4190e-02,-4.4261e-02,-4.3385e-02,-4.1578e-02,-3.8864e-02,-3.5282e-02,-3.0874e-02,-2.5691e-02,-1.9789e-02,-1.3227e-02,-6.0701e-03,1.6172e-03
-6.8686e-03,-2.1177e-02,-3.3494e-02,-4.3472e-02,-5.0883e-02,-5.5649e-02,-5.7843e-02,-5.7667e-02,-5.5412e-02,-5.1421e-02,-4.6042e-02,-3.9604e-02,-3.2392e-02,-2.4644e-02,-1.6552e-02,-8.2713e-03,6.4867e-05,8.3349e-03,1.6416e-02,2.4176e-02,3.1476e-02,3.8162e-02,4.4078e-02,4.9071e-02,5.2997e-02,5.5732e-02,5.7181e-02,5.7286e-02,5.6023e-02,5.3411e-02,4.9507e-02,4.4407e-02,3.8242e-02,3.1166e-02,2.3363e-02,1.5030e-02,6.3748e-03,-2.3902e-03,-1.1055e-02,-1.9419e-02,-2.7291e-02,-3.4499e-02,-4.0889e-02,-4.6329e-02,-5.0710e-02,-5.3944e-02,-5.5969e-02,-5.6744e-02,-5.6256e-02,-5.4513e-02,-5.1550e-02,-4.7424e-02,-4.2220e-02,-3.6044e-02,-2.9028e-02,-2.1322e-02,-1.3093e-02,-4.5271e-03,4.1843e-03,1.2842e-02,2.1248e-02,2.9206e-02,3.6529e-02,4.3044e-02,4.8594e-02,5.3040e-02,5.6270e-02,5.8197e-02,5.8767e-02,5.7954e-02,5.5771e-02,5.2265e-02,4.7519e-02,4.1649e-02,3.4800e-02,2.7146e-02,1.8877e-02,1.0203e-02,1.3378e-03,-7.5035e-03,-1.6110e-02,-2.4283e-02,-3.1839e-02,-3.8615e-02,-4.4475e-02,-4.9304e-02,-5.3016e-02,-5.5553e-02,-5.6878e-02,-5.6982e-02,-5.5876e-02,-5.3590e-02,-5.0167e-02,-4.5668e-02,-4.0161e-02,-3.3722e-02,-2.6434e-02,-1.8385e-02,-9.6640e-03,-3.6306e-04
-8.3836e-03,-2.3499e-02,-3.6960e-02,-4.8299e-02,-5.7141e-02,-6.3240e-02,-6.6513e-02,-6.7041e-02,-6.5047e-02,-6.0854e-02,-5.4843e-02,-4.7401e-02,-3.8892e-02,-2.9634e-02,-1.9893e-02,-9.8878e-03,1.9740e-04,1.0202e-02,1.9971e-02,2.9349e-02,3.8167e-02,4.6247e-02,5.3404e-02,5.9454e-02,6.4220e-02,6.7549e-02,6.9322e-02,6.9460e-02,6.7932e-02,6.4757e-02,6.0007e-02,5.3801e-02,4.6298e-02,3.7696e-02,2.8218e-02,1.8110e-02,7.6254e-03,-2.9765e-03,-1.3442e-02,-2.3528e-02,-3.3006e-02,-4.1670e-02,-4.9337e-02,-5.5851e-02,-6.1082e-02,-6.4928e-02,-6.7317e-02,-6.8205e-02,-6.7579e-02,-6.5450e-02,-6.1864e-02,-5.6893e-02,-5.0637e-02,-4.3224e-02,-3.4812e-02,-2.5578e-02,-1.5724e-02,-5.4642e-03,4.9706e-03,1.5346e-02,2.5426e-02,3.4978e-02,4.3782e-02,5.1629e-02,5.8331e-02,6.3723e-02,6.7669e-02,7.0060e-02,7.0827e-02,6.9936e-02,6.7397e-02,6.3259e-02,5.7616e-02,5.0603e-02,4.2393e-02,3.3191e-02,2.3229e-02,1.2759e-02,2.0421e-03,-8.6572e-03,-1.9081e-02,-2.8983e-02,-3.8139e-02,-4.6351e-02,-5.3448e-02,-5.9292e-02,-6.3780e-02,-6.6842e-02,-6.8436e-02,-6.8556e-02,-6.7222e-02,-6.4473e-02,-6.0374e-02,-5.5002e-02,-4.8452e-02,-4.0825e-02,-3.2229e-02,-2.2777e-02,-1.2587e-02,-1.7766e-03
-8.2783e-03,-2.3659e-02,-3.7811e-02,-5.0205e-02,-6.0351e-02,-6.7849e-02,-7.2439e-02,-7.4036e-02,-7.2733e-02,-6.8780e-02,-6.2540e-02,-5.4437e-02,-4.4904e-02,-3.4347e-02,-2.3123e-02,-1.1534e-02,1.6876e-04,1.1772e-02,2.3084e-02,3.3917e-02,4.4086e-02,5.3393e-02,6.1633e-02,6.8600e-02,7.4098e-02,7.7950e-02,8.0015e-02,8.0197e-02,7.8455e-02,7.4806e-02,6.9329e-02,6.2161e-02,5.3488e-02,4.3541e-02,3.2582e-02,2.0899e-02,8.7893e-03,-3.4456e-03,-1.5512e-02,-2.7127e-02,-3.8031e-02,-4.7988e-02,-5.6788e-02,-6.4257e-02,-7.0246e-02,-7.4645e-02,-7.7372e-02,-7.8380e-02,-7.7656e-02,-7.5215e-02,-7.1110e-02,-6.5421e-02,-5.8264e-02,-4.9784e-02,-4.0155e-02,-2.9582e-02,-1.8290e-02,-6.5283e-03,5.4440e-03,1.7357e-02,2.8939e-02,3.9924e-02,5.0057e-02,5.9097e-02,6.6827e-02,7.3057e-02,7.7629e-02,8.0418e-02,8.1343e-02,8.0366e-02,7.7494e-02,7.2785e-02,6.6345e-02,5.8325e-02,4.8923e-02,3.8373e-02,2.6940e-02,1.4913e-02,2.5923e-03,-9.7160e-03,-2.1714e-02,-3.3118e-02,-4.3668e-02,-5.3132e-02,-6.1312e-02,-6.8049e-02,-7.3219e-02,-7.6742e-02,-7.8573e-02,-7.8705e-02,-7.7158e-02,-7.3988e-02,-6.9272e-02,-6.3105e-02,-5.5601e-02,-4.6885e-02,-3.7093e-02,-2.6361e-02,-1.4834e-02,-2.6534e-03
-7.1553e-03,-2.2219e-02,-3.6500e-02,-4.9469e-02,-6.0582e-02,-6.9330e-02,-7.5293e-02,-7.8202e-02,-7.7975e-02,-7.4723e-02,-6.8730e-02,-6.0405e-02,-5.0223e-02,-3.8672e-02,-2.6206e-02,-1.3227e-02,-7.3446e-05,1.2968e-02,2.5655e-02,3.7766e-02,4.9093e-02,5.9425e-02,6.8550e-02,7.6255e-02,8.2331e-02,8.6593e-02,8.8885e-02,8.9100e-02,8.7187e-02,8.3160e-02,7.7100e-02,6.9153e-02,5.9525e-02,4.8472e-02,3.6288e-02,2.3294e-02,9.8256e-03,-3.7796e-03,-1.7192e-02,-3.0098e-02,-4.2206e-02,-5.3257e-02,-6.3019e-02,-7.1301e-02,-7.7942e-02,-8.2821e-02,-8.5851e-02,-8.6982e-02,-8.6199e-02,-8.3522e-02,-7.9005e-02,-7.2738e-02,-6.4844e-02,-5.5481e-02,-4.4840e-02,-3.3143e-02,-2.0639e-02,-7.6012e-03,5.6819e-03,1.8910e-02,3.1781e-02,4.3994e-02,5.5263e-02,6.5319e-02,7.3918e-02,8.0848e-02,8.5932e-02,8.9035e-02,9.0068e-02,8.8992e-02,8.5818e-02,8.0611e-02,7.3490e-02,6.4625e-02,5.4232e-02,4.2569e-02,2.9930e-02,1.6629e-02,2.9989e-03,-1.0624e-02,-2.3912e-02,-3.6551e-02,-4.8251e-02,-5.8754e-02,-6.7839e-02,-7.5325e-02,-8.1075e-02,-8.4995e-02,-8.7032e-02,-8.7177e-02,-8.5454e-02,-8.1922e-02,-7.6671e-02,-6.9812e-02,-6.1475e-02,-5.1808e-02,-4.0966e-02,-2.9113e-02,-1.6416e-02,-3.0417e-03
-5.5685e-03,-1.9770e-02,-3.3595e-02,-4.6562e-02,-5.8140e-02,-6.7773e-02,-7.4940e-02,-7.9211e-02,-8.0312e-02,-7.8169e-02,-7.2920e-02,-6.4891e-02,-5.4543e-02,-4.2411e-02,-2.9043e-02,-1.4945e-02,-5.6596e-04,1.3717e-02,2.7590e-02,4.0784e-02,5.3063e-02,6.4206e-02,7.3999e-02,8.2233e-02,8.8705e-02,9.3231e-02,9.5656e-02,9.5869e-02,9.3815e-02,8.9503e-02,8.3013e-02,7.4495e-02,6.4164e-02,5.2290e-02,3.9187e-02,2.5201e-02,1.0696e-02,-3.9650e-03,-1.8422e-02,-3.2336e-02,-4.5392e-02,-5.7308e-02,-6.7839e-02,-7.6774e-02,-8.3944e-02,-8.9221e-02,-9.2511e-02,-9.3762e-02,-9.2957e-02,-9.0118e-02,-8.5302e-02,-7.8600e-02,-7.0145e-02,-6.0101e-02,-4.8671e-02,-3.6092e-02,-2.2629e-02,-8.5751e-03,5.7559e-03,2.0038e-02,3.3941e-02,4.7137e-02,5.9312e-02,7.0172e-02,7.9450e-02,8.6917e-02,9.2382e-02,9.5704e-02,9.6790e-02,9.5604e-02,9.2164e-02,8.6546e-02,7.8881e-02,6.9355e-02,5.8200e-02,4.5692e-02,3.2142e-02,1.7885e-02,3.2748e-03,-1.1335e-02,-2.5594e-02,-3.9168e-02,-5.1746e-02,-6.3050e-02,-7.2841e-02,-8.0920e-02,-8.7136e-02,-9.1381e-02,-9.3596e-02,-9.3764e-02,-9.1908e-02,-8.8093e-02,-8.2413e-02,-7.4990e-02,-6.5970e-02,-5.5518e-02,-4.3809e-02,-3.1027e-02,-1.7361e-02,-3.0014e-03
-3.9426e-03,-1.6836e-02,-2.9673e-02,-4.2056e-02,-5.3513e-02,-6.3511e-02,-7.1497e-02,-7.6944e-02,-7.9419e-02,-7.8652e-02,-7.4586e-02,-6.7391e-02,-5.7441e-02,-4.5261e-02,-3.1449e-02,-1.6612e-02,-1.3126e-03,1.3960e-02,2.8797e-02,4.2865e-02,5.5885e-02,6.7622e-02,7.7862e-02,8.6410e-02,9.3081e-02,9.7708e-02,1.0015e-01,1.0031e-01,9.8127e-02,9.3615e-02,8.6851e-02,7.7981e-02,6.7218e-02,5.4837e-02,4.1160e-02,2.6543e-02,1.1362e-02,-3.9970e-03,-1.9159e-02,-3.3764e-02,-4.7480e-02,-6.0010e-02,-7.1091e-02,-8.0504e-02,-8.8070e-02,-9.3651e-02,-9.7152e-02,-9.8516e-02,-9.7724e-02,-9.4797e-02,-8.9793e-02,-8.2807e-02,-7.3972e-02,-6.3460e-02,-5.1481e-02,-3.8280e-02,-2.4135e-02,-9.3562e-03,5.7259e-03,2.0766e-02,3.5410e-02,4.9309e-02,6.2126e-02,7.3548e-02,8.3290e-02,9.1112e-02,9.6815e-02,1.0025e-01,1.0134e-01,1.0004e-01,9.6380e-02,9.0452e-02,8.2397e-02,7.2414e-02,6.0747e-02,4.7683e-02,3.3543e-02,1.8673e-02,3.4335e-03,-1.1810e-02,-2.6699e-02,-4.0885e-02,-5.4048e-02,-6.5896e-02,-7.6177e-02,-8.4678e-02,-9.1235e-02,-9.5729e-02,-9.8090e-02,-9.8294e-02,-9.6361e-02,-9.2353e-02,-8.6366e-02,-7.8532e-02,-6.9004e-02,-5.7962e-02,-4.5595e-02,-3.2108e-02,-1.7709e-02,-2.6066e-03
-2.5434e-03,-1.3802e-02,-2.5232e-02,-3.6520e-02,-4.7281e-02,-5.7057e-02,-6.5329e-02,-7.1553e-02,-7.5205e-02,-7.5861e-02,-7.3263e-02,-6.7377e-02,-5.8413e-02,-4.6802e-02,-3.3129e-02,-1.8060e-02,-2.2574e-03,1.3667e-02,2.9194e-02,4.3899e-02,5.7445e-02,6.9566e-02,8.0047e-02,8.8707e-02,9.5389e-02,9.9957e-02,1.0230e-01,1.0234e-01,1.0003e-01,9.5389e-02,8.8496e-02,7.9489e-02,6.8572e-02,5.6011e-02,4.2120e-02,2.7254e-02,1.1791e-02,-3.8820e-03,-1.9379e-02,-3.4332e-02,-4.8398e-02,-6.1267e-02,-7.2667e-02,-8.2368e-02,-9.0184e-02,-9.5971e-02,-9.9627e-02,-1.0109e-01,-1.0034e-01,-9.7400e-02,-9.2321e-02,-8.5201e-02,-7.6174e-02,-6.5414e-02,-5.3136e-02,-3.9589e-02,-2.5062e-02,-9.8710e-03,5.6401e-03,2.1111e-02,3.6176e-02,5.0467e-02,6.3636e-02,7.5354e-02,8.5329e-02,9.3311e-02,9.9100e-02,1.0255e-01,1.0359e-01,1.0218e-01,9.8364e-02,9.2242e-02,8.3969e-02,7.3749e-02,6.1835e-02,4.8519e-02,3.4123e-02,1.8994e-02,3.4894e-03,-1.2023e-02,-2.7185e-02,-4.1650e-02,-5.5092e-02,-6.7213e-02,-7.7755e-02,-8.6496e-02,-9.3260e-02,-9.7920e-02,-1.0039e-01,-1.0065e-01,-9.8694e-02,-9.4591e-02,-8.8436e-02,-8.0358e-02,-7.0519e-02,-5.9105e-02,-4.6321e-02,-3.2381e-02,-1.7512e-02,-1.9384e-03
-1.4780e-03,-1.0900e-02,-2.0627e-02,-3.0427e-02,-4.0007e-02,-4.9001e-02,-5.6977e-02,-6.3439e-02,-6.7862e-02,-6.9740e-02,-6.8664e-02,-6.4397e-02,-5.6935e-02,-4.6533e-02,-3.3675e-02,-1.9008e-02,-3.2546e-03,1.2872e-02,2.8732e-02,4.3791e-02,5.7630e-02,6.9933e-02,8.0468e-02,8.9066e-02,9.5598e-02,9.9968e-02,1.0210e-01,1.0196e-01,9.9523e-02,9.4822e-02,8.7934e-02,7.8992e-02,6.8187e-02,5.5766e-02,4.2023e-02,2.7297e-02,1.1950e-02,-3.6369e-03,-1.9085e-02,-3.4027e-02,-4.8115e-02,-6.1035e-02,-7.2508e-02,-8.2298e-02,-9.0209e-02,-9.6093e-02,-9.9840e-02,-1.0139e-01,-1.0071e-01,-9.7820e-02,-9.2777e-02,-8.5673e-02,-7.6643e-02,-6.5862e-02,-5.3543e-02,-3.9939e-02,-2.5340e-02,-1.0069e-02,5.5280e-03,2.1084e-02,3.6224e-02,5.0578e-02,6.3788e-02,7.5522e-02,8.5486e-02,9.3429e-02,9.9155e-02,1.0253e-01,1.0347e-01,1.0197e-01,9.8072e-02,9.1887e-02,8.3578e-02,7.3353e-02,6.1467e-02,4.8207e-02,3.3892e-02,1.8859e-02,3.4574e-03,-1.1958e-02,-2.7037e-02,-4.1440e-02,-5.4849e-02,-6.6967e-02,-7.7533e-02,-8.6322e-02,-9.3152e-02,-9.7886e-02,-1.0043e-01,-1.0074e-01,-9.8832e-02,-9.4739e-02,-8.8559e-02,-8.0420e-02,-7.0482e-02,-5.8937e-02,-4.5993e-02,-3.1879e-02,-1.6828e-02,-1.0792e-03
-7.3290e-04,-8.2119e-03,-1.6061e-02,-2.4112e-02,-3.2149e-02,-3.9906e-02,-4.7049e-02,-5.3179e-02,-5.7837e-02,-6.0529e-02,-6.0778e-02,-5.8197e-02,-5.2576e-02,-4.3942e-02,-3.2591e-02,-1.9057e-02,-4.0352e-03,1.1708e-02,2.7431e-02,4.2483e-02,5.6344e-02,6.8620e-02,7.9045e-02,8.7441e-02,9.3706e-02,9.7778e-02,9.9633e-02,9.9269e-02,9.6710e-02,9.2006e-02,8.5244e-02,7.6552e-02,6.6103e-02,5.4119e-02,4.0868e-02,2.6655e-02,1.1817e-02,-3.2897e-03,-1.8304e-02,-3.2869e-02,-4.6645e-02,-5.9319e-02,-7.0611e-02,-8.0279e-02,-8.8123e-02,-9.3988e-02,-9.7758e-02,-9.9364e-02,-9.8777e-02,-9.6006e-02,-9.1107e-02,-8.4169e-02,-7.5326e-02,-6.4749e-02,-5.2651e-02,-3.9284e-02,-2.4934e-02,-9.9229e-03,5.4046e-03,2.0685e-02,3.5546e-02,4.9619e-02,6.2551e-02,7.4015e-02,8.3720e-02,9.1426e-02,9.6945e-02,1.0015e-01,1.0097e-01,9.9406e-02,9.5515e-02,8.9410e-02,8.1256e-02,7.1262e-02,5.9678e-02,4.6783e-02,3.2880e-02,1.8292e-02,3.3494e-03,-1.1611e-02,-2.6257e-02,-4.0266e-02,-5.3332e-02,-6.5168e-02,-7.5518e-02,-8.4160e-02,-9.0908e-02,-9.5617e-02,-9.8188e-02,-9.8568e-02,-9.6750e-02,-9.2771e-02,-8.6715e-02,-7.8702e-02,-6.8889e-02,-5.7465e-02,-4.4641e-02,-3.0647e-02,-1.5723e-02,-1.1512e-04
-2.1697e-04,-5.7172e-03,-1.1606e-02,-1.7762e-02,-2.4033e-02,-3.0229e-02,-3.6116e-02,-4.1408e-02,-4.5751e-02,-4.8734e-02,-4.9905e-02,-4.8821e-02,-4.5124e-02,-3.8629e-02,-2.9387e-02,-1.7725e-02,-4.2085e-03,1.0434e-02,2.5418e-02,3.9996e-02,5.3537e-02,6.5553e-02,7.5707e-02,8.3796e-02,8.9718e-02,9.3443e-02,9.4989e-02,9.4402e-02,9.1746e-02,8.7105e-02,8.0581e-02,7.2302e-02,6.2425e-02,5.1146e-02,3.8695e-02,2.5340e-02,1.1378e-02,-2.8730e-03,-1.7080e-02,-3.0911e-02,-4.4043e-02,-5.6174e-02,-6.7025e-02,-7.6356e-02,-8.3964e-02,-8.9686e-02,-9.3403e-02,-9.5038e-02,-9.4557e-02,-9.1966e-02,-8.7313e-02,-8.0687e-02,-7.2217e-02,-6.2070e-02,-5.0456e-02,-3.7620e-02,-2.3842e-02,-9.4342e-03,5.2670e-03,1.9909e-02,3.4133e-02,4.7582e-02,5.9918e-02,7.0827e-02,8.0036e-02,8.7315e-02,9.2491e-02,9.5449e-02,9.6134e-02,9.4551e-02,9.0763e-02,8.4886e-02,7.7082e-02,6.7555e-02,5.6541e-02,4.4306e-02,3.1133e-02,1.7321e-02,3.1775e-03,-1.0988e-02,-2.4869e-02,-3.8164e-02,-5.0588e-02,-6.1870e-02,-7.1769e-02,-8.0066e-02,-8.6578e-02,-9.1158e-02,-9.3702e-02,-9.4146e-02,-9.2473e-02,-8.8709e-02,-8.2922e-02,-7.5225e-02,-6.5765e-02,-5.4723e-02,-4.2305e-02,-2.8738e-02,-1.4263e-02,8.7454e-04
1.8750e-04,-3.3382e-03,-7.2490e-03,-1.1454e-02,-1.5844e-02,-2.0291e-02,-2.4644e-02,-2.8716e-02,-3.2274e-02,-3.5025e-02,-3.6613e-02,-3.6634e-02,-3.4684e-02,-3.0426e-02,-2.3688e-02,-1.4533e-02,-3.2968e-03,9.4452e-03,2.2961e-02,3.6470e-02,4.9250e-02,6.0709e-02,7.0417e-02,7.8107e-02,8.3653e-02,8.7032e-02,8.8291e-02,8.7520e-02,8.4826e-02,8.0330e-02,7.4154e-02,6.6434e-02,5.7316e-02,4.6969e-02,3.5587e-02,2.3392e-02,1.0631e-02,-2.4211e-03,-1.5476e-02,-2.8237e-02,-4.0406e-02,-5.1700e-02,-6.1854e-02,-7.0630e-02,-7.7826e-02,-8.3277e-02,-8.6858e-02,-8.8485e-02,-8.8119e-02,-8.5761e-02,-8.1454e-02,-7.5281e-02,-6.7365e-02,-5.7870e-02,-4.6996e-02,-3.4980e-02,-2.2090e-02,-8.6241e-03,5.0996e-03,1.8749e-02,3.1986e-02,4.4479e-02,5.5912e-02,6.5996e-02,7.4481e-02,8.1159e-02,8.5873e-02,8.8525e-02,8.9069e-02,8.7519e-02,8.3938e-02,7.8438e-02,7.1176e-02,6.2342e-02,5.2155e-02,4.0858e-02,2.8710e-02,1.5982e-02,2.9505e-03,-1.0106e-02,-2.2911e-02,-3.5194e-02,-4.6695e-02,-5.7166e-02,-6.6384e-02,-7.4142e-02,-8.0265e-02,-8.4609e-02,-8.7065e-02,-8.7563e-02,-8.6077e-02,-8.2617e-02,-7.7242e-02,-7.0047e-02,-6.1166e-02,-5.0766e-02,-3.9045e-02,-2.6218e-02,-1.2518e-02,1.8166e-03
5.8384e-04,-9.8702e-04,-2.9357e-03,-5.1907e-03,-7.6724e-03,-1.0296e-02,-1.2969e-02,-1.5588e-02,-1.8026e-02,-2.0116e-02,-2.1631e-02,-2.2275e-02,-2.1691e-02,-1.9499e-02,-1.5373e-02,-9.1319e-03,-8.2560e-04,9.2285e-03,2.0474e-02,3.2200e-02,4.3658e-02,5.4170e-02,6.3200e-02,7.0387e-02,7.5543e-02,7.8617e-02,7.9663e-02,7.8795e-02,7.6159e-02,7.1910e-02,6.6200e-02,5.9174e-02,5.0975e-02,4.1751e-02,3.1659e-02,2.0874e-02,9.5928e-03,-1.9654e-03,-1.3563e-02,-2.4946e-02,-3.5858e-02,-4.6039e-02,-5.5246e-02,-6.3254e-02,-6.9863e-02,-7.4909e-02,-7.8264e-02,-7.9840e-02,-7.9591e-02,-7.7513e-02,-7.3641e-02,-6.8054e-02,-6.0867e-02,-5.2236e-02,-4.2351e-02,-3.1434e-02,-1.9737e-02,-7.5355e-03,4.8774e-03,1.7197e-02,2.9119e-02,4.0344e-02,5.0590e-02,5.9603e-02,6.7159e-02,7.3080e-02,7.7231e-02,7.9529e-02,7.9939e-02,7.8478e-02,7.5208e-02,7.0233e-02,6.3695e-02,5.5765e-02,4.6640e-02,3.6537e-02,2.5683e-02,1.4316e-02,2.6778e-03,-8.9872e-03,-2.0438e-02,-3.1438e-02,-4.1758e-02,-5.1181e-02,-5.9502e-02,-6.6537e-02,-7.2121e-02,-7.6119e-02,-7.8422e-02,-7.8957e-02,-7.7688e-02,-7.4615e-02,-6.9780e-02,-6.3263e-02,-5.5179e-02,-4.5677e-02,-3.4936e-02,-2.3156e-02,-1.0554e-02,2.6452e-03
1.0346e-03,1.3963e-03,1.3810e-03,1.0450e-03,4.4702e-04,-3.5633e-04,-1.3147e-03,-2.3847e-03,-3.5219e-03,-4.6668e-03,-5.7241e-03,-6.5327e-03,-6.8505e-03,-6.3500e-03,-4.6592e-03,-1.4326e-03,3.5458e-03,1.0272e-02,1.8475e-02,2.7642e-02,3.7105e-02,4.6164e-02,5.4193e-02,6.0722e-02,6.5459e-02,6.8289e-02,6.9229e-02,6.8394e-02,6.5951e-02,6.2081e-02,5.6965e-02,5.0764e-02,4.3623e-02,3.5676e-02,2.7048e-02,1.7872e-02,8.2920e-03,-1.5297e-03,-1.1412e-02,-2.1155e-02,-3.0545e-02,-3.9363e-02,-4.7392e-02,-5.4424e-02,-6.0274e-02,-6.4781e-02,-6.7818e-02,-6.9293e-02,-6.9156e-02,-6.7395e-02,-6.4042e-02,-5.9164e-02,-5.2870e-02,-4.5304e-02,-3.6640e-02,-2.7083e-02,-1.6862e-02,-6.2246e-03,4.5692e-03,1.5253e-02,2.5562e-02,3.5240e-02,4.4047e-02,5.1769e-02,5.8221e-02,6.3254e-02,6.6759e-02,6.8669e-02,6.8959e-02,6.7647e-02,6.4787e-02,6.0473e-02,5.4824e-02,4.7991e-02,4.0139e-02,3.1453e-02,2.2128e-02,1.2364e-02,2.3658e-03,-7.6619e-03,-1.7515e-02,-2.6994e-02,-3.5906e-02,-4.4064e-02,-5.1295e-02,-5.7435e-02,-6.2339e-02,-6.5884e-02,-6.7966e-02,-6.8514e-02,-6.7484e-02,-6.4867e-02,-6.0688e-02,-5.5009e-02,-4.7924e-02,-3.9559e-02,-3.0069e-02,-1.9630e-02,-8.4366e-03,3.3110e-03
1.5527e-03,3.8278e-03,5.7143e-03,7.2531e-03,8.4860e-03,9.4493e-03,1.0165e-02,1.0635e-02,1.0846e-02,1.0775e-02,1.0410e-02,9.7815e-03,8.9948e-03,8.2606e-03,7.9011e-03,8.3139e-03,9.8954e-03,1.2931e-02,1.7488e-02,2.3364e-02,3.0106e-02,3.7097e-02,4.3688e-02,4.9309e-02,5.3546e-02,5.6171e-02,5.7124e-02,5.6480e-02,5.4395e-02,5.1064e-02,4.6685e-02,4.1440e-02,3.5482e-02,2.8936e-02,2.1905e-02,1.4487e-02,6.7737e-03,-1.1269e-03,-9.0920e-03,-1.6980e-02,-2.4629e-02,-3.1865e-02,-3.8508e-02,-4.4378e-02,-4.9305e-02,-5.3143e-02,-5.5766e-02,-5.7087e-02,-5.7049e-02,-5.5636e-02,-5.2871e-02,-4.8815e-02,-4.3563e-02,-3.7244e-02,-3.0014e-02,-2.2054e-02,-1.3565e-02,-4.7577e-03,4.1460e-03,1.2926e-02,2.1365e-02,2.9258e-02,3.6414e-02,4.2665e-02,4.7868e-02,5.1908e-02,5.4704e-02,5.6204e-02,5.6393e-02,5.5285e-02,5.2927e-02,4.9392e-02,4.4778e-02,3.9203e-02,3.2804e-02,2.5727e-02,1.8129e-02,1.0171e-02,2.0192e-03,-6.1635e-03,-1.4215e-02,-2.1972e-02,-2.9281e-02,-3.5992e-02,-4.1962e-02,-4.7055e-02,-5.1151e-02,-5.4142e-02,-5.5937e-02,-5.6468e-02,-5.5689e-02,-5.3582e-02,-5.0158e-02,-4.5458e-02,-3.9554e-02,-3.2543e-02,-2.4551e-02,-1.5724e-02,-6.2240e-03,3.7780e-03
2.1018e-03,6.2709e-03,1.0028e-02,1.3394e-02,1.6393e-02,1.9044e-02,2.1346e-02,2.3277e-02,2.4781e-02,2.5783e-02,2.6193e-02,2.5938e-02,2.4999e-02,2.3453e-02,2.1512e-02,1.9530e-02,1.7966e-02,1.7299e-02,1.7909e-02,1.9951e-02,2.3299e-02,2.7558e-02,3.2162e-02,3.6504e-02,4.0057e-02,4.2454e-02,4.3512e-02,4.3215e-02,4.1670e-02,3.9056e-02,3.5577e-02,3.1426e-02,2.6766e-02,2.1723e-02,1.6388e-02,1.0826e-02,5.0926e-03,-7.5905e-04,-6.6630e-03,-1.2536e-02,-1.8273e-02,-2.3752e-02,-2.8834e-02,-3.3376e-02,-3.7235e-02,-4.0281e-02,-4.2401e-02,-4.3510e-02,-4.3553e-02,-4.2508e-02,-4.0392e-02,-3.7253e-02,-3.3173e-02,-2.8261e-02,-2.2650e-02,-1.6493e-02,-9.9544e-03,-3.2043e-03,3.5837e-03,1.0240e-02,1.6601e-02,2.2519e-02,2.7857e-02,3.2498e-02,3.6343e-02,3.9314e-02,4.1356e-02,4.2436e-02,4.2543e-02,4.1689e-02,3.9907e-02,3.7248e-02,3.3785e-02,2.9602e-02,2.4799e-02,1.9484e-02,1.3772e-02,7.7834e-03,1.6416e-03,-4.5321e-03,-1.0616e-02,-1.6491e-02,-2.2040e-02,-2.7152e-02,-3.1719e-02,-3.5639e-02,-3.8816e-02,-4.1166e-02,-4.2611e-02,-4.3094e-02,-4.2569e-02,-4.1012e-02,-3.8422e-02,-3.4820e-02,-3.0250e-02,-2.4781e-02,-1.8503e-02,-1.1526e-02,-3.9715e-03,4.0258e-03
2.6152e-03,8.6473e-03,1.4236e-02,1.9377e-02,2.4073e-02,2.8321e-02,3.2101e-02,3.5369e-02,3.8048e-02,4.0028e-02,4.1172e-02,4.1339e-02,4.0418e-02,3.8372e-02,3.5289e-02,3.1420e-02,2.7187e-02,2.3144e-02,1.9873e-02,1.7856e-02,1.7339e-02,1.8261e-02,2.0275e-02,2.2848e-02,2.5401e-02,2.7435e-02,2.8614e-02,2.8783e-02,2.7951e-02,2.6239e-02,2.3830e-02,2.0916e-02,1.7668e-02,1.4215e-02,1.0645e-02,7.0035e-03,3.3127e-03,-4.1707e-04,-4.1726e-03,-7.9274e-03,-1.1635e-02,-1.5226e-02,-1.8614e-02,-2.1697e-02,-2.4366e-02,-2.6515e-02,-2.8049e-02,-2.8892e-02,-2.8992e-02,-2.8327e-02,-2.6905e-02,-2.4760e-02,-2.1959e-02,-1.8586e-02,-1.4747e-02,-1.0559e-02,-6.1455e-03,-1.6294e-03,2.8683e-03,7.2344e-03,1.1366e-02,1.5173e-02,1.8577e-02,2.1512e-02,2.3927e-02,2.5779e-02,2.7042e-02,2.7698e-02,2.7741e-02,2.7179e-02,2.6029e-02,2.4320e-02,2.2093e-02,1.9398e-02,1.6297e-02,1.2854e-02,9.1459e-03,5.2467e-03,1.2357e-03,-2.8069e-03,-6.8027e-03,-1.0674e-02,-1.4346e-02,-1.7745e-02,-2.0802e-02,-2.3448e-02,-2.5618e-02,-2.7252e-02,-2.8295e-02,-2.8699e-02,-2.8426e-02,-2.7446e-02,-2.5749e-02,-2.3335e-02,-2.0222e-02,-1.6446e-02,-1.2058e-02,-7.1246e-03,-1.7252e-03,4.0536e-03
3.0139e-03,1.0854e-02,1.8220e-02,2.5074e-02,3.1389e-02,3.7136e-02,4.2273e-02,4.6739e-02,5.0439e-02,5.3247e-02,5.5002e-02,5.5529e-02,5.4664e-02,5.2292e-02,4.8399e-02,4.3125e-02,3.6797e-02,2.9936e-02,2.3200e-02,1.7281e-02,1.2753e-02,9.9340e-03,8.8101e-03,9.0609e-03,1.0166e-02,1.1557e-02,1.2748e-02,1.3415e-02,1.3420e-02,1.2777e-02,1.1607e-02,1.0077e-02,8.3539e-03,6.5714e-03,4.8155e-03,3.1254e-03,1.5008e-03,-8.2357e-05,-1.6559e-03,-3.2456e-03,-4.8609e-03,-6.4888e-03,-8.0958e-03,-9.6263e-03,-1.1013e-02,-1.2181e-02,-1.3061e-02,-1.3590e-02,-1.3725e-02,-1.3442e-02,-1.2743e-02,-1.1649e-02,-1.0205e-02,-8.4699e-03,-6.5151e-03,-4.4170e-03,-2.2521e-03,-9.2668e-05,1.9988e-03,3.9690e-03,5.7776e-03,7.3941e-03,8.7986e-03,9.9788e-03,1.0927e-02,1.1639e-02,1.2113e-02,1.2348e-02,1.2342e-02,1.2096e-02,1.1611e-02,1.0895e-02,9.9557e-03,8.8078e-03,7.4725e-03,5.9731e-03,4.3404e-03,2.6050e-03,8.0328e-04,-1.0305e-03,-2.8592e-03,-4.6496e-03,-6.3669e-03,-7.9775e-03,-9.4507e-03,-1.0753e-02,-1.1854e-02,-1.2720e-02,-1.3319e-02,-1.3619e-02,-1.3589e-02,-1.3202e-02,-1.2434e-02,-1.1270e-02,-9.6997e-03,-7.7254e-03,-5.3567e-03,-2.6135e-03,4.7516e-04,3.8734e-03
3.2312e-03,1.2787e-02,2.1844e-02,3.0325e-02,3.8167e-02,4.5306e-02,5.1675e-02,5.7193e-02,6.1750e-02,6.5212e-02,6.7414e-02,6.8173e-02,6.7307e-02,6.4665e-02,6.0171e-02,5.3875e-02,4.6001e-02,3.6976e-02,2.7423e-02,1.8108e-02,9.8100e-03,3.1735e-03,-1.4387e-03,-4.0192e-03,-4.8870e-03,-4.5657e-03,-3.6299e-03,-2.5665e-03,-1.6972e-03,-1.1607e-03,-9.4728e-04,-9.5384e-04,-1.0405e-03,-1.0791e-03,-9.8140e-04,-7.1059e-04,-2.7771e-04,2.6937e-04,8.6306e-04,1.4332e-03,1.9182e-03,2.2766e-03,2.4882e-03,2.5578e-03,2.5072e-03,2.3729e-03,2.1967e-03,2.0184e-03,1.8713e-03,1.7758e-03,1.7375e-03,1.7484e-03,1.7876e-03,1.8255e-03,1.8299e-03,1.7688e-03,1.6166e-03,1.3580e-03,9.8962e-04,5.2066e-04,-2.7223e-05,-6.2355e-04,-1.2317e-03,-1.8132e-03,-2.3319e-03,-2.7567e-03,-3.0661e-03,-3.2457e-03,-3.2931e-03,-3.2137e-03,-3.0208e-03,-2.7312e-03,-2.3667e-03,-1.9478e-03,-1.4949e-03,-1.0250e-03,-5.5411e-04,-9.3637e-05,3.4528e-04,7.5513e-04,1.1276e-03,1.4542e-03,1.7283e-03,1.9420e-03,2.0890e-03,2.1644e-03,2.1677e-03,2.1007e-03,1.9716e-03,1.7949e-03,1.5902e-03,1.3831e-03,1.2046e-03,1.0871e-03,1.0665e-03,1.1765e-03,1.4505e-03,1.9160e-03,2.5975e-03,3.5144e-03
3.2281e-03,1.4359e-02,2.4979e-02,3.4969e-02,4.4218e-02,5.2627e-02,6.0096e-02,6.6516e-02,7.1768e-02,7.5713e-02,7.8191e-02,7.9030e-02,7.8057e-02,7.5122e-02,7.0131e-02,6.3082e-02,5.4115e-02,4.3554e-02,3.1925e-02,1.9945e-02,8.4585e-03,-1.6911e-03,-9.8215e-03,-1.5555e-02,-1.8888e-02,-2.0156e-02,-1.9901e-02,-1.8716e-02,-1.7096e-02,-1.5371e-02,-1.3691e-02,-1.2063e-02,-1.0411e-02,-8.6347e-03,-6.6513e-03,-4.4224e-03,-1.9638e-03,6.6497e-04,3.3708e-03,6.0472e-03,8.5891e-03,1.0903e-02,1.2919e-02,1.4588e-02,1.5885e-02,1.6804e-02,1.7354e-02,1.7549e-02,1.7407e-02,1.6943e-02,1.6168e-02,1.5090e-02,1.3711e-02,1.2036e-02,1.0073e-02,7.8386e-03,5.3622e-03,2.6861e-03,-1.3162e-04,-3.0200e-03,-5.8965e-03,-8.6724e-03,-1.1257e-02,-1.3564e-02,-1.5518e-02,-1.7054e-02,-1.8128e-02,-1.8712e-02,-1.8800e-02,-1.8401e-02,-1.7541e-02,-1.6263e-02,-1.4613e-02,-1.2648e-02,-1.0425e-02,-8.0049e-03,-5.4454e-03,-2.8040e-03,-1.3521e-04,2.5072e-03,5.0725e-03,7.5094e-03,9.7692e-03,1.1805e-02,1.3571e-02,1.5027e-02,1.6137e-02,1.6876e-02,1.7226e-02,1.7182e-02,1.6752e-02,1.5958e-02,1.4837e-02,1.3438e-02,1.1821e-02,1.0053e-02,8.2114e-03,6.3728e-03,4.6157e-03,3.0151e-03
3.0050e-03,1.5515e-02,2.7521e-02,3.8854e-02,4.9358e-02,5.8889e-02,6.7310e-02,7.4484e-02,8.0277e-02,8.4546e-02,8.7143e-02,8.7919e-02,8.6730e-02,8.3451e-02,7.8002e-02,7.0372e-02,6.0655e-02,4.9087e-02,3.6083e-02,2.2249e-02,8.3713e-03,-4.6581e-03,-1.5967e-02,-2.4863e-02,-3.0979e-02,-3.4334e-02,-3.5293e-02,-3.4429e-02,-3.2352e-02,-2.9578e-02,-2.6451e-02,-2.3139e-02,-1.9678e-02,-1.6026e-02,-1.2128e-02,-7.9520e-03,-3.5125e-03,1.1259e-03,5.8562e-03,1.0547e-02,1.5055e-02,1.9245e-02,2.2999e-02,2.6217e-02,2.8829e-02,3.0783e-02,3.2052e-02,3.2623e-02,3.2495e-02,3.1676e-02,3.0182e-02,2.8033e-02,2.5259e-02,2.1899e-02,1.8005e-02,1.3643e-02,8.8972e-03,3.8687e-03,-1.3243e-03,-6.5504e-03,-1.1670e-02,-1.6539e-02,-2.1019e-02,-2.4978e-02,-2.8304e-02,-3.0905e-02,-3.2714e-02,-3.3690e-02,-3.3822e-02,-3.3123e-02,-3.1633e-02,-2.9409e-02,-2.6527e-02,-2.3072e-02,-1.9140e-02,-1.4830e-02,-1.0242e-02,-5.4777e-03,-6.3559e-04,4.1859e-03,8.8925e-03,1.3391e-02,1.7591e-02,2.1406e-02,2.4753e-02,2.7556e-02,2.9749e-02,3.1276e-02,3.2095e-02,3.2182e-02,3.1536e-02,3.0172e-02,2.8133e-02,2.5482e-02,2.2301e-02,1.8693e-02,1.4774e-02,1.0669e-02,6.5094e-03,2.4255e-03
2.6043e-03,1.6243e-02,2.9402e-02,4.1863e-02,5.3425e-02,6.3896e-02,7.3101e-02,8.0873e-02,8.7059e-02,9.1514e-02,9.4105e-02,9.4707e-02,9.3216e-02,8.9551e-02,8.3667e-02,7.5573e-02,6.5353e-02,5.3191e-02,3.9405e-02,2.4477e-02,9.0645e-03,-6.0112e-03,-1.9842e-02,-3.1552e-02,-4.0467e-02,-4.6243e-02,-4.8938e-02,-4.8952e-02,-4.6891e-02,-4.3391e-02,-3.8988e-02,-3.4049e-02,-2.8766e-02,-2.3208e-02,-1.7379e-02,-1.1269e-02,-4.9003e-03,1.6621e-03,8.3061e-03,1.4885e-02,2.1230e-02,2.7173e-02,3.2550e-02,3.7221e-02,4.1068e-02,4.4000e-02,4.5950e-02,4.6878e-02,4.6762e-02,4.5604e-02,4.3420e-02,4.0247e-02,3.6138e-02,3.1168e-02,2.5432e-02,1.9045e-02,1.2146e-02,4.8927e-03,-2.5393e-03,-9.9631e-03,-1.7186e-02,-2.4014e-02,-3.0264e-02,-3.5768e-02,-4.0379e-02,-4.3978e-02,-4.6481e-02,-4.7834e-02,-4.8020e-02,-4.7056e-02,-4.4987e-02,-4.1889e-02,-3.7857e-02,-3.3006e-02,-2.7463e-02,-2.1365e-02,-1.4851e-02,-8.0652e-03,-1.1499e-03,5.7540e-03,1.2508e-02,1.8978e-02,2.5032e-02,3.0547e-02,3.5401e-02,3.9488e-02,4.2707e-02,4.4979e-02,4.6240e-02,4.6448e-02,4.5591e-02,4.3683e-02,4.0769e-02,3.6924e-02,3.2256e-02,2.6893e-02,2.0992e-02,1.4722e-02,8.2626e-03,1.7994e-03
2.1013e-03,1.6569e-02,3.0593e-02,4.3917e-02,5.6292e-02,6.7485e-02,7.7280e-02,8.5482e-02,9.1919e-02,9.6443e-02,9.8932e-02,9.9292e-02,9.7458e-02,9.3399e-02,8.7118e-02,7.8662e-02,6.8130e-02,5.5687e-02,4.1587e-02,2.6201e-02,1.0046e-02,-6.1996e-03,-2.1710e-02,-3.5582e-02,-4.6962e-02,-5.5201e-02,-5.9996e-02,-6.1447e-02,-5.9993e-02,-5.6273e-02,-5.0952e-02,-4.4591e-02,-3.7580e-02,-3.0144e-02,-2.2393e-02,-1.4374e-02,-6.1321e-03,2.2625e-03,1.0697e-02,1.9017e-02,2.7040e-02,3.4572e-02,4.1419e-02,4.7402e-02,5.2364e-02,5.6175e-02,5.8737e-02,5.9980e-02,5.9864e-02,5.8382e-02,5.5552e-02,5.1424e-02,4.6075e-02,3.9614e-02,3.2175e-02,2.3923e-02,1.5046e-02,5.7552e-03,-3.7231e-03,-1.3151e-02,-2.2287e-02,-3.0897e-02,-3.8757e-02,-4.5666e-02,-5.1450e-02,-5.5967e-02,-5.9114e-02,-6.0826e-02,-6.1081e-02,-5.9894e-02,-5.7317e-02,-5.3436e-02,-4.8365e-02,-4.2243e-02,-3.5223e-02,-2.7477e-02,-1.9181e-02,-1.0518e-02,-1.6706e-03,7.1768e-03,1.5843e-02,2.4154e-02,3.1939e-02,3.9035e-02,4.5290e-02,5.0563e-02,5.4729e-02,5.7682e-02,5.9341e-02,5.9650e-02,5.8588e-02,5.6167e-02,5.2437e-02,4.7487e-02,4.1442e-02,3.4459e-02,2.6725e-02,1.8452e-02,9.8624e-03,1.1874e-03
1.5881e-03,1.6547e-02,3.1106e-02,4.4978e-02,5.7876e-02,6.9533e-02,7.9697e-02,8.8146e-02,9.4691e-02,9.9182e-02,1.0151e-01,1.0160e-01,9.9432e-02,9.5020e-02,8.8418e-02,7.9716e-02,6.9044e-02,5.6569e-02,4.2512e-02,2.7165e-02,1.0921e-02,-5.6971e-03,-2.2014e-02,-3.7221e-02,-5.0436e-02,-6.0836e-02,-6.7811e-02,-7.1102e-02,-7.0853e-02,-6.7543e-02,-6.1846e-02,-5.4455e-02,-4.5958e-02,-3.6776e-02,-2.7171e-02,-1.7294e-02,-7.2438e-03,2.8875e-03,1.2982e-02,2.2883e-02,3.2404e-02,4.1336e-02,4.9465e-02,5.6582e-02,6.2502e-02,6.7064e-02,7.0139e-02,7.1633e-02,7.1493e-02,6.9701e-02,6.6279e-02,6.1288e-02,5.4827e-02,4.7034e-02,3.8081e-02,2.8174e-02,1.7548e-02,6.4579e-03,-4.8224e-03,-1.6013e-02,-2.6832e-02,-3.7007e-02,-4.6285e-02,-5.4435e-02,-6.1259e-02,-6.6597e-02,-7.0329e-02,-7.2380e-02,-7.2720e-02,-7.1361e-02,-6.8358e-02,-6.3805e-02,-5.7829e-02,-5.0586e-02,-4.2257e-02,-3.3038e-02,-2.3139e-02,-1.2781e-02,-2.1851e-03,8.4244e-03,1.8829e-02,2.8812e-02,3.8166e-02,4.6693e-02,5.4208e-02,6.0544e-02,6.5549e-02,6.9100e-02,7.1099e-02,7.1482e-02,7.0220e-02,6.7328e-02,6.2860e-02,5.6918e-02,4.9642e-02,4.1213e-02,3.1848e-02,2.1788e-02,1.1295e-02,6.3899e-04
1.1625e-03,1.6242e-02,3.0972e-02,4.5042e-02,5.8139e-02,6.9968e-02,8.0251e-02,8.8749e-02,9.5258e-02,9.9626e-02,1.0175e-01,1.0159e-01,9.9144e-02,9.4470e-02,8.7667e-02,7.8866e-02,6.8229e-02,5.5940e-02,4.2208e-02,2.7277e-02,1.1447e-02,-4.8936e-03,-2.1235e-02,-3.6925e-02,-5.1178e-02,-6.3146e-02,-7.2041e-02,-7.7296e-02,-7.8699e-02,-7.6437e-02,-7.1030e-02,-6.3188e-02,-5.3634e-02,-4.2984e-02,-3.1695e-02,-2.0067e-02,-8.2989e-03,3.4653e-03,1.5087e-02,2.6406e-02,3.7235e-02,4.7361e-02,5.6560e-02,6.4610e-02,7.1303e-02,7.6457e-02,7.9922e-02,8.1588e-02,8.1389e-02,7.9301e-02,7.5350e-02,6.9606e-02,6.2187e-02,5.3257e-02,4.3018e-02,3.1712e-02,1.9611e-02,7.0070e-03,-5.7881e-03,-1.8460e-02,-3.0693e-02,-4.2188e-02,-5.2665e-02,-6.1869e-02,-6.9585e-02,-7.5634e-02,-7.9883e-02,-8.2247e-02,-8.2687e-02,-8.1210e-02,-7.7873e-02,-7.2773e-02,-6.6044e-02,-5.7856e-02,-4.8409e-02,-3.7924e-02,-2.6639e-02,-1.4805e-02,-2.6811e-03,9.4742e-03,2.1403e-02,3.2851e-02,4.3578e-02,5.3353e-02,6.1961e-02,6.9209e-02,7.4928e-02,7.8977e-02,8.1249e-02,8.1673e-02,8.0219e-02,7.6905e-02,7.1792e-02,6.4993e-02,5.6663e-02,4.7002e-02,3.6247e-02,2.4667e-02,1.2549e-02,1.9565e-04
9.0330e-04,1.5722e-02,3.0240e-02,4.4134e-02,5.7080e-02,6.8766e-02,7.8902e-02,8.7236e-02,9.3562e-02,9.7725e-02,9.9635e-02,9.9259e-02,9.6627e-02,9.1825e-02,8.4981e-02,7.6261e-02,6.5854e-02,5.3962e-02,4.0793e-02,2.6568e-02,1.1526e-02,-4.0475e-03,-1.9785e-02,-3.5202e-02,-4.9676e-02,-6.2452e-02,-7.2716e-02,-7.9721e-02,-8.2945e-02,-8.2222e-02,-7.7784e-02,-7.0195e-02,-6.0195e-02,-4.8541e-02,-3.5884e-02,-2.2713e-02,-9.3727e-03,3.8967e-03,1.6906e-02,2.9479e-02,4.1425e-02,5.2534e-02,6.2583e-02,7.1347e-02,7.8611e-02,8.4181e-02,8.7899e-02,8.9645e-02,8.9345e-02,8.6976e-02,8.2565e-02,7.6194e-02,6.7995e-02,5.8150e-02,4.6887e-02,3.4472e-02,2.1205e-02,7.4086e-03,-6.5803e-03,-2.0419e-02,-3.3772e-02,-4.6315e-02,-5.7748e-02,-6.7803e-02,-7.6245e-02,-8.2884e-02,-8.7574e-02,-9.0219e-02,-9.0772e-02,-8.9236e-02,-8.5661e-02,-8.0145e-02,-7.2828e-02,-6.3889e-02,-5.3540e-02,-4.2022e-02,-2.9594e-02,-1.6538e-02,-3.1400e-03,1.0307e-02,2.3510e-02,3.6185e-02,4.8057e-02,5.8865e-02,6.8372e-02,7.6363e-02,8.2653e-02,8.7089e-02,8.9559e-02,8.9990e-02,8.8356e-02,8.4679e-02,7.9029e-02,7.1529e-02,6.2347e-02,5.1697e-02,3.9830e-02,2.7032e-02,1.3611e-02,-1.1292e-04
8.6133e-04,1.5037e-02,2.8956e-02,4.2293e-02,5.4728e-02,6.5947e-02,7.5660e-02,8.3616e-02,8.9611e-02,9.3493e-02,9.5180e-02,9.4651e-02,9.1950e-02,8.7179e-02,8.0485e-02,7.2053e-02,6.2090e-02,5.0808e-02,3.8423e-02,2.5140e-02,1.1164e-02,-3.2870e-03,-1.7954e-02,-3.2500e-02,-4.6473e-02,-5.9278e-02,-7.0194e-02,-7.8444e-02,-8.3322e-02,-8.4352e-02,-8.1417e-02,-7.4795e-02,-6.5091e-02,-5.3080e-02,-3.9553e-02,-2.5191e-02,-1.0523e-02,4.0695e-03,1.8307e-02,3.1966e-02,4.4842e-02,5.6728e-02,6.7409e-02,7.6667e-02,8.4294e-02,9.0100e-02,9.3927e-02,9.5655e-02,9.5212e-02,9.2577e-02,8.7785e-02,8.0923e-02,7.2136e-02,6.1618e-02,4.9614e-02,3.6406e-02,2.2310e-02,7.6671e-03,-7.1686e-03,-2.1840e-02,-3.5994e-02,-4.9294e-02,-6.1427e-02,-7.2112e-02,-8.1103e-02,-8.8200e-02,-9.3246e-02,-9.6134e-02,-9.6809e-02,-9.5266e-02,-9.1551e-02,-8.5758e-02,-7.8028e-02,-6.8544e-02,-5.7526e-02,-4.5228e-02,-3.1929e-02,-1.7930e-02,-3.5435e-03,1.0910e-02,2.5108e-02,3.8738e-02,5.1497e-02,6.3101e-02,7.3292e-02,8.1837e-02,8.8541e-02,9.3246e-02,9.5837e-02,9.6244e-02,9.4447e-02,9.0476e-02,8.4411e-02,7.6383e-02,6.6570e-02,5.5196e-02,4.2520e-02,2.8838e-02,1.4464e-02,-2.7056e-04
1.0537e-03,1.4216e-02,2.7156e-02,3.9568e-02,5.1140e-02,6.1575e-02,7.0596e-02,7.7963e-02,8.3482e-02,8.7012e-02,8.8477e-02,8.7863e-02,8.5219e-02,8.0650e-02,7.4311e-02,6.6389e-02,5.7095e-02,4.6646e-02,3.5255e-02,2.3121e-02,1.0429e-02,-2.6442e-03,-1.5914e-02,-2.9154e-02,-4.2060e-02,-5.4209e-02,-6.5038e-02,-7.3860e-02,-7.9933e-02,-8.2596e-02,-8.1422e-02,-7.6344e-02,-6.7686e-02,-5.6093e-02,-4.2375e-02,-2.7355e-02,-1.1745e-02,3.8943e-03,1.9147e-02,3.3707e-02,4.7329e-02,5.9796e-02,7.0903e-02,8.0449e-02,8.8243e-02,9.4110e-02,9.7906e-02,9.9523e-02,9.8898e-02,9.6019e-02,9.0927e-02,8.3719e-02,7.4546e-02,6.3610e-02,5.1160e-02,3.7487e-02,2.2913e-02,7.7850e-03,-7.5371e-03,-2.2690e-02,-3.7315e-02,-5.1068e-02,-6.3632e-02,-7.4716e-02,-8.4070e-02,-9.1482e-02,-9.6789e-02,-9.9875e-02,-1.0067e-01,-9.9176e-02,-9.5417e-02,-8.9486e-02,-8.1521e-02,-7.1705e-02,-6.0263e-02,-4.7455e-02,-3.3574e-02,-1.8936e-02,-3.8718e-03,1.1275e-02,2.6160e-02,4.0448e-02,5.3813e-02,6.5954e-02,7.6595e-02,8.5494e-02,9.2449e-02,9.7300e-02,9.9936e-02,1.0029e-01,9.8357e-02,9.4172e-02,8.7824e-02,7.9455e-02,6.9248e-02,5.7431e-02,4.4267e-02,3.0048e-02,1.5092e-02,-2.7196e-04
1.4567e-03,1.3259e-02,2.4870e-02,3.6009e-02,4.6393e-02,5.5749e-02,6.3828e-02,7.0410e-02,7.5321e-02,7.8434e-02,7.9680e-02,7.9048e-02,7.6584e-02,7.2389e-02,6.6605e-02,5.9414e-02,5.1015e-02,4.1618e-02,3.1428e-02,2.0634e-02,9.4096e-03,-2.0971e-03,-1.3745e-02,-2.5382e-02,-3.6819e-02,-4.7779e-02,-5.7873e-02,-6.6567e-02,-7.3207e-02,-7.7091e-02,-7.7605e-02,-7.4372e-02,-6.7375e-02,-5.6985e-02,-4.3884e-02,-2.8915e-02,-1.2925e-02,3.3447e-03,1.9312e-02,3.4542e-02,4.8712e-02,6.1575e-02,7.2923e-02,8.2573e-02,9.0358e-02,9.6132e-02,9.9775e-02,1.0120e-01,1.0037e-01,9.7271e-02,9.1970e-02,8.4565e-02,7.5211e-02,6.4112e-02,5.1516e-02,3.7710e-02,2.3011e-02,7.7628e-03,-7.6809e-03,-2.2960e-02,-3.7719e-02,-5.1617e-02,-6.4334e-02,-7.5580e-02,-8.5100e-02,-9.2678e-02,-9.8144e-02,-1.0137e-01,-1.0229e-01,-1.0088e-01,-9.7170e-02,-9.1237e-02,-8.3216e-02,-7.3286e-02,-6.1671e-02,-4.8634e-02,-3.4474e-02,-1.9516e-02,-4.1057e-03,1.1401e-02,2.6645e-02,4.1272e-02,5.4943e-02,6.7345e-02,7.8191e-02,8.7234e-02,9.4273e-02,9.9148e-02,1.0176e-01,1.0204e-01,1.0000e-01,9.5692e-02,8.9205e-02,8.0690e-02,7.0334e-02,5.8363e-02,4.5035e-02,3.0638e-02,1.5477e-02,-1.2694e-04
2.0145e-03,1.2145e-02,2.2114e-02,3.1675e-02,4.0583e-02,4.8603e-02,5.5521e-02,6.1149e-02,6.5337e-02,6.7976e-02,6.9006e-02,6.8415e-02,6.6242e-02,6.2573e-02,5.7532e-02,5.1276e-02,4.3986e-02,3.5850e-02,2.7058e-02,1.7784e-02,8.1859e-03,-1.6029e-03,-1.1470e-02,-2.1312e-02,-3.1015e-02,-4.0418e-02,-4.9278e-02,-5.7232e-02,-6.3779e-02,-6.8300e-02,-7.0137e-02,-6.8722e-02,-6.3730e-02,-5.5193e-02,-4.3525e-02,-2.9441e-02,-1.3808e-02,2.5092e-03,1.8757e-02,3.4342e-02,4.8827e-02,6.1895e-02,7.3318e-02,8.2917e-02,9.0553e-02,9.6111e-02,9.9507e-02,1.0069e-01,9.9629e-02,9.6361e-02,9.0946e-02,8.3495e-02,7.4164e-02,6.3154e-02,5.0703e-02,3.7087e-02,2.2610e-02,7.5987e-03,-7.6070e-03,-2.2661e-02,-3.7220e-02,-5.0952e-02,-6.3545e-02,-7.4711e-02,-8.4196e-02,-9.1783e-02,-9.7297e-02,-1.0061e-01,-1.0164e-01,-1.0035e-01,-9.6766e-02,-9.0963e-02,-8.3060e-02,-7.3232e-02,-6.1698e-02,-4.8717e-02,-3.4590e-02,-1.9644e-02,-4.2289e-03,1.1291e-02,2.6549e-02,4.1183e-02,5.4848e-02,6.7223e-02,7.8022e-02,8.6998e-02,9.3951e-02,9.8733e-02,1.0125e-01,1.0145e-01,9.9352e-02,9.5013e-02,8.8538e-02,8.0078e-02,6.9819e-02,5.7981e-02,4.4816e-02,3.0592e-02,1.5601e-02,1.4408e-04
2.6487e-03,1.0841e-02,1.8903e-02,2.6632e-02,3.3828e-02,4.0302e-02,4.5881e-02,5.0417e-02,5.3789e-02,5.5908e-02,5.6723e-02,5.6222e-02,5.4432e-02,5.1416e-02,4.7273e-02,4.2132e-02,3.6139e-02,2.9454e-02,2.2239e-02,1.4649e-02,6.8227e-03,-1.1228e-03,-9.0936e-03,-1.7017e-02,-2.4825e-02,-3.2437e-02,-3.9726e-02,-4.6476e-02,-5.2356e-02,-5.6896e-02,-5.9515e-02,-5.9598e-02,-5.6626e-02,-5.0325e-02,-4.0771e-02,-2.8413e-02,-1.3987e-02,1.6264e-03,1.7560e-02,3.3064e-02,4.7554e-02,6.0610e-02,7.1944e-02,8.1366e-02,8.8748e-02,9.4008e-02,9.7100e-02,9.8008e-02,9.6744e-02,9.3359e-02,8.7934e-02,8.0590e-02,7.1481e-02,6.0800e-02,4.8772e-02,3.5653e-02,2.1726e-02,7.2925e-03,-7.3311e-03,-2.1822e-02,-3.5855e-02,-4.9119e-02,-6.1311e-02,-7.2156e-02,-8.1403e-02,-8.8838e-02,-9.4284e-02,-9.7607e-02,-9.8719e-02,-9.7582e-02,-9.4207e-02,-8.8654e-02,-8.1039e-02,-7.1524e-02,-6.0320e-02,-4.7681e-02,-3.3899e-02,-1.9300e-02,-4.2290e-03,1.0950e-02,2.5871e-02,4.0173e-02,5.3513e-02,6.5573e-02,7.6071e-02,8.4769e-02,9.1475e-02,9.6052e-02,9.8414e-02,9.8531e-02,9.6424e-02,9.2161e-02,8.5852e-02,7.7647e-02,6.7728e-02,5.6307e-02,4.3617e-02,2.9908e-02,1.5448e-02,5.1184e-04
3.2698e-03,9.3109e-03,1.5259e-02,2.0959e-02,2.6264e-02,3.1035e-02,3.5146e-02,3.8491e-02,4.0979e-02,4.2544e-02,4.3145e-02,4.2769e-02,4.1427e-02,3.9162e-02,3.6041e-02,3.2154e-02,2.7612e-02,2.2535e-02,1.7054e-02,1.1291e-02,5.3640e-03,-6.3087e-04,-6.6164e-03,-1.2539e-02,-1.8363e-02,-2.4058e-02,-2.9575e-02,-3.4816e-02,-3.9598e-02,-4.3618e-02,-4.6442e-02,-4.7526e-02,-4.6298e-02,-4.2287e-02,-3.5260e-02,-2.5329e-02,-1.2965e-02,1.0890e-03,1.5960e-02,3.0795e-02,4.4869e-02,5.7628e-02,6.8692e-02,7.7821e-02,8.4878e-02,8.9802e-02,9.2577e-02,9.3227e-02,9.1800e-02,8.8376e-02,8.3056e-02,7.5970e-02,6.7272e-02,5.7145e-02,4.5797e-02,3.3459e-02,2.0384e-02,6.8438e-03,-6.8766e-03,-2.0485e-02,-3.3686e-02,-4.6189e-02,-5.7715e-02,-6.8000e-02,-7.6807e-02,-8.3926e-02,-8.9183e-02,-9.2442e-02,-9.3609e-02,-9.2640e-02,-8.9536e-02,-8.4349e-02,-7.7179e-02,-6.8180e-02,-5.7549e-02,-4.5529e-02,-3.2401e-02,-1.8478e-02,-4.0974e-03,1.0388e-02,2.4622e-02,3.8256e-02,5.0955e-02,6.2414e-02,7.2363e-02,8.0579e-02,8.6882e-02,9.1151e-02,9.3313e-02,9.3350e-02,9.1291e-02,8.7210e-02,8.1220e-02,7.3467e-02,6.4124e-02,5.3386e-02,4.1467e-02,2.8594e-02,1.5003e-02,9.4104e-04
3.7897e-03,7.5261e-03,1.1215e-02,1.4755e-02,1.8052e-02,2.1021e-02,2.3584e-02,2.5674e-02,2.7236e-02,2.8226e-02,2.8613e-02,2.8382e-02,2.7532e-02,2.6080e-02,2.4062e-02,2.1529e-02,1.8550e-02,1.5202e-02,1.1576e-02,7.7585e-03,3.8352e-03,-1.1971e-04,-4.0503e-03,-7.9208e-03,-1.1716e-02,-1.5437e-02,-1.9088e-02,-2.2652e-02,-2.6063e-02,-2.9167e-02,-3.1693e-02,-3.3238e-02,-3.3295e-02,-3.1333e-02,-2.6917e-02,-1.9847e-02,-1.0252e-02,1.3913e-03,1.4356e-02,2.7794e-02,4.0893e-02,5.2970e-02,6.3524e-02,7.2230e-02,7.8909e-02,8.3489e-02,8.5976e-02,8.6422e-02,8.4910e-02,8.1549e-02,7.6461e-02,6.9786e-02,6.1680e-02,5.2314e-02,4.1877e-02,3.0572e-02,1.8621e-02,6.2581e-03,-6.2691e-03,-1.8705e-02,-3.0788e-02,-4.2260e-02,-5.2865e-02,-6.2364e-02,-7.0533e-02,-7.7175e-02,-8.2119e-02,-8.5231e-02,-8.6417e-02,-8.5624e-02,-8.2847e-02,-7.8125e-02,-7.1549e-02,-6.3255e-02,-5.3428e-02,-4.2293e-02,-3.0115e-02,-1.7189e-02,-3.8341e-03,9.6165e-03,2.2826e-02,3.5463e-02,4.7217e-02,5.7800e-02,6.6965e-02,7.4505e-02,8.0264e-02,8.4132e-02,8.6054e-02,8.6022e-02,8.4072e-02,8.0281e-02,7.4759e-02,6.7644e-02,5.9094e-02,4.9288e-02,3.8413e-02,2.6668e-02,1.4256e-02,1.3908e-03
4.1362e-03,5.4783e-03,6.8292e-03,8.1416e-03,9.3757e-03,1.0497e-02,1.1477e-02,1.2288e-02,1.2907e-02,1.3313e-02,1.3484e-02,1.3405e-02,1.3065e-02,1.2457e-02,1.1584e-02,1.0462e-02,9.1131e-03,7.5728e-03,5.8842e-03,4.0953e-03,2.2539e-03,4.0446e-04,-1.4215e-03,-3.2084e-03,-4.9597e-03,-6.6990e-03,-8.4633e-03,-1.0290e-02,-1.2194e-02,-1.4140e-02,-1.6001e-02,-1.7537e-02,-1.8372e-02,-1.8031e-02,-1.6010e-02,-1.1898e-02,-5.5078e-03,3.0287e-03,1.3259e-02,2.4490e-02,3.5925e-02,4.6808e-02,5.6519e-02,6.4620e-02,7.0852e-02,7.5099e-02,7.7357e-02,7.7690e-02,7.6204e-02,7.3031e-02,6.8315e-02,6.2207e-02,5.4864e-02,4.6448e-02,3.7127e-02,2.7077e-02,1.6484e-02,5.5451e-03,-5.5345e-03,-1.6540e-02,-2.7251e-02,-3.7444e-02,-4.6897e-02,-5.5396e-02,-6.2740e-02,-6.8745e-02,-7.3253e-02,-7.6135e-02,-7.7296e-02,-7.6681e-02,-7.4274e-02,-7.0108e-02,-6.4258e-02,-5.6846e-02,-4.8037e-02,-3.8036e-02,-2.7086e-02,-1.5458e-02,-3.4440e-03,8.6493e-03,2.0514e-02,3.1849e-02,4.2372e-02,5.1824e-02,5.9987e-02,6.6677e-02,7.1761e-02,7.5149e-02,7.6800e-02,7.6715e-02,7.4936e-02,7.1537e-02,6.6622e-02,6.0315e-02,5.2759e-02,4.4106e-02,3.4518e-02,2.4161e-02,1.3205e-02,1.8224e-03
4.2599e-03,3.1829e-03,2.1812e-03,1.2611e-03,4.3471e-04,-2.8316e-04,-8.7820e-04,-1.3376e-03,-1.6560e-03,-1.8342e-03,-1.8797e-03,-1.8094e-03,-1.6451e-03,-1.4106e-03,-1.1317e-03,-8.3116e-04,-5.2583e-04,-2.2705e-04,6.3160e-05,3.4739e-04,6.3342e-04,9.2828e-04,1.2329e-03,1.5394e-03,1.8239e-03,2.0432e-03,2.1372e-03,2.0342e-03,1.6648e-03,9.8352e-04,2.4028e-07,-1.1852e-03,-2.3507e-03,-3.1445e-03,-3.1061e-03,-1.7445e-03,1.3462e-03,6.3605e-03,1.3193e-02,2.1434e-02,3.0446e-02,3.9503e-02,4.7917e-02,5.5141e-02,6.0805e-02,6.4713e-02,6.6810e-02,6.7142e-02,6.5819e-02,6.2983e-02,5.8795e-02,5.3413e-02,4.6997e-02,3.9701e-02,3.1674e-02,2.3067e-02,1.4030e-02,4.7221e-03,-4.6960e-03,-1.4053e-02,-2.3171e-02,-3.1869e-02,-3.9962e-02,-4.7268e-02,-5.3613e-02,-5.8835e-02,-6.2789e-02,-6.5356e-02,-6.6444e-02,-6.5999e-02,-6.3998e-02,-6.0464e-02,-5.5459e-02,-4.9085e-02,-4.1488e-02,-3.2849e-02,-2.3381e-02,-1.3325e-02,-2.9410e-03,7.5017e-03,1.7733e-02,2.7488e-02,3.6522e-02,4.4616e-02,5.1581e-02,5.7266e-02,6.1564e-02,6.4406e-02,6.5763e-02,6.5644e-02,6.4094e-02,6.1180e-02,5.6995e-02,5.1648e-02,4.5259e-02,3.7953e-02,2.9861e-02,2.1117e-02,1.1851e-02,2.1989e-03
4.1394e-03,6.8221e-04,-2.6240e-03,-5.7231e-03,-8.5551e-03,-1.1060e-02,-1.3183e-02,-1.4877e-02,-1.6109e-02,-1.6859e-02,-1.7125e-02,-1.6920e-02,-1.6272e-02,-1.5223e-02,-1.3822e-02,-1.2123e-02,-1.0184e-02,-8.0579e-03,-5.7927e-03,-3.4320e-03,-1.0122e-03,1.4323e-03,3.8670e-03,6.2539e-03,8.5438e-03,1.0674e-02,1.2565e-02,1.4121e-02,1.5241e-02,1.5823e-02,1.5799e-02,1.5160e-02,1.3989e-02,1.2499e-02,1.1036e-02,1.0061e-02,1.0072e-02,1.1495e-02,1.4554e-02,1.9193e-02,2.5062e-02,3.1597e-02,3.8148e-02,4.4106e-02,4.8990e-02,5.2493e-02,5.4472e-02,5.4916e-02,5.3903e-02,5.1569e-02,4.8075e-02,4.3583e-02,3.8253e-02,3.2231e-02,2.5652e-02,1.8642e-02,1.1322e-02,3.8097e-03,-3.7742e-03,-1.1304e-02,-1.8649e-02,-2.5670e-02,-3.2226e-02,-3.8171e-02,-4.3363e-02,-4.7667e-02,-5.0957e-02,-5.3128e-02,-5.4097e-02,-5.3809e-02,-5.2240e-02,-4.9401e-02,-4.5341e-02,-4.0143e-02,-3.3929e-02,-2.6850e-02,-1.9088e-02,-1.0847e-02,-2.3444e-03,6.1919e-03,1.4536e-02,2.2471e-02,2.9797e-02,3.6335e-02,4.1939e-02,4.6491e-02,4.9911e-02,5.2152e-02,5.3198e-02,5.3065e-02,5.1794e-02,4.9446e-02,4.6099e-02,4.1838e-02,3.6760e-02,3.0960e-02,2.4538e-02,1.7588e-02,1.0206e-02,2.4882e-03
3.7837e-03,-1.9550e-03,-7.4614e-03,-1.2635e-02,-1.7372e-02,-2.1573e-02,-2.5146e-02,-2.8015e-02,-3.0120e-02,-3.1423e-02,-3.1911e-02,-3.1592e-02,-3.0500e-02,-2.8686e-02,-2.6220e-02,-2.3185e-02,-1.9671e-02,-1.5771e-02,-1.1578e-02,-7.1801e-03,-2.6613e-03,1.9001e-03,6.4310e-03,1.0857e-02,1.5098e-02,1.9070e-02,2.2672e-02,2.5791e-02,2.8302e-02,3.0075e-02,3.0991e-02,3.0965e-02,2.9979e-02,2.8119e-02,2.5599e-02,2.2784e-02,2.0154e-02,1.8239e-02,1.7501e-02,1.8219e-02,2.0397e-02,2.3761e-02,2.7824e-02,3.2013e-02,3.5785e-02,3.8720e-02,4.0558e-02,4.1187e-02,4.0621e-02,3.8954e-02,3.6324e-02,3.2887e-02,2.8796e-02,2.4191e-02,1.9193e-02,1.3908e-02,8.4283e-03,2.8382e-03,-2.7820e-03,-8.3507e-03,-1.3783e-02,-1.8986e-02,-2.3863e-02,-2.8309e-02,-3.2219e-02,-3.5489e-02,-3.8019e-02,-3.9721e-02,-4.0525e-02,-4.0378e-02,-3.9257e-02,-3.7163e-02,-3.4131e-02,-3.0223e-02,-2.5534e-02,-2.0183e-02,-1.4315e-02,-8.0891e-03,-1.6791e-03,4.7386e-03,1.0990e-02,1.6910e-02,2.2348e-02,2.7176e-02,3.1289e-02,3.4606e-02,3.7078e-02,3.8676e-02,3.9402e-02,3.9271e-02,3.8322e-02,3.6604e-02,3.4176e-02,3.1101e-02,2.7446e-02,2.3276e-02,1.8654e-02,1.3640e-02,8.2926e-03,2.6652e-03
3.2271e-03,-4.6396e-03,-1.2192e-02,-1.9291e-02,-2.5793e-02,-3.1566e-02,-3.6487e-02,-4.0451e-02,-4.3376e-02,-4.5207e-02,-4.5919e-02,-4.5514e-02,-4.4026e-02,-4.1515e-02,-3.8067e-02,-3.3785e-02,-2.8790e-02,-2.3210e-02,-1.7179e-02,-1.0828e-02,-4.2872e-03,2.3192e-03,8.8747e-03,1.5265e-02,2.1377e-02,2.7097e-02,3.2303e-02,3.6864e-02,4.0641e-02,4.3485e-02,4.5252e-02,4.5812e-02,4.5082e-02,4.3052e-02,3.9824e-02,3.5642e-02,3.0902e-02,2.6129e-02,2.1899e-02,1.8731e-02,1.6968e-02,1.6684e-02,1.7678e-02,1.9536e-02,2.1747e-02,2.3826e-02,2.5390e-02,2.6205e-02,2.6173e-02,2.5311e-02,2.3707e-02,2.1485e-02,1.8782e-02,1.5724e-02,1.2421e-02,8.9628e-03,5.4168e-03,1.8379e-03,-1.7300e-03,-5.2458e-03,-8.6693e-03,-1.1954e-02,-1.5049e-02,-1.7893e-02,-2.0423e-02,-2.2567e-02,-2.4258e-02,-2.5430e-02,-2.6026e-02,-2.6005e-02,-2.5341e-02,-2.4029e-02,-2.2088e-02,-1.9559e-02,-1.6506e-02,-1.3014e-02,-9.1846e-03,-5.1308e-03,-9.7371e-04,3.1659e-03,7.1695e-03,1.0930e-02,1.4351e-02,1.7356e-02,1.9885e-02,2.1898e-02,2.3372e-02,2.4303e-02,2.4701e-02,2.4586e-02,2.3989e-02,2.2946e-02,2.1495e-02,1.9674e-02,1.7519e-02,1.5062e-02,1.2332e-02,9.3517e-03,6.1411e-03,2.7165e-03
2.5229e-03,-7.2703e-03,-1.6672e-02,-2.5509e-02,-3.3607e-02,-4.0802e-02,-4.6946e-02,-5.1910e-02,-5.5591e-02,-5.7918e-02,-5.8853e-02,-5.8393e-02,-5.6567e-02,-5.3442e-02,-4.9113e-02,-4.3700e-02,-3.7348e-02,-3.0218e-02,-2.2476e-02,-1.4297e-02,-5.8548e-03,2.6821e-03,1.1150e-02,1.9395e-02,2.7265e-02,3.4614e-02,4.1296e-02,4.7162e-02,5.2058e-02,5.5828e-02,5.8316e-02,5.9374e-02,5.8883e-02,5.6776e-02,5.3073e-02,4.7912e-02,4.1583e-02,3.4536e-02,2.7349e-02,2.0663e-02,1.5059e-02,1.0943e-02,8.4555e-03,7.4591e-03,7.5970e-03,8.4064e-03,9.4322e-03,1.0313e-02,1.0817e-02,1.0844e-02,1.0391e-02,9.5255e-03,8.3459e-03,6.9566e-03,5.4493e-03,3.8981e-03,2.3520e-03,8.3949e-04,-6.2465e-04,-2.0380e-03,-3.4002e-03,-4.7099e-03,-5.9611e-03,-7.1392e-03,-8.2220e-03,-9.1791e-03,-9.9742e-03,-1.0569e-02,-1.0926e-02,-1.1015e-02,-1.0810e-02,-1.0303e-02,-9.4954e-03,-8.4055e-03,-7.0664e-03,-5.5241e-03,-3.8336e-03,-2.0564e-03,-2.5810e-04,1.4990e-03,3.1578e-03,4.6694e-03,5.9965e-03,7.1131e-03,8.0068e-03,8.6757e-03,9.1271e-03,9.3766e-03,9.4447e-03,9.3539e-03,9.1264e-03,8.7827e-03,8.3396e-03,7.8077e-03,7.1932e-03,6.4942e-03,5.7045e-03,4.8102e-03,3.7946e-03,2.6369e-03
1.7391e-03,-9.7411e-03,-2.0761e-02,-3.1119e-02,-4.0616e-02,-4.9064e-02,-5.6289e-02,-6.2144e-02,-6.6508e-02,-6.9293e-02,-7.0449e-02,-6.9964e-02,-6.7864e-02,-6.4216e-02,-5.9122e-02,-5.2714e-02,-4.5157e-02,-3.6634e-02,-2.7346e-02,-1.7505e-02,-7.3230e-03,2.9861e-03,1.3215e-02,2.3164e-02,3.2646e-02,4.1477e-02,4.9484e-02,5.6499e-02,6.2357e-02,6.6896e-02,6.9957e-02,7.1391e-02,7.1070e-02,6.8902e-02,6.4857e-02,5.9002e-02,5.1529e-02,4.2789e-02,3.3293e-02,2.3686e-02,1.4667e-02,6.8785e-03,7.8182e-04,-3.4289e-03,-5.8467e-03,-6.7899e-03,-6.6968e-03,-6.0109e-03,-5.0959e-03,-4.1955e-03,-3.4348e-03,-2.8429e-03,-2.3867e-03,-2.0046e-03,-1.6300e-03,-1.2099e-03,-7.1318e-04,-1.3047e-04,5.2574e-04,1.2273e-03,1.9386e-03,2.6174e-03,3.2283e-03,3.7403e-03,4.1322e-03,4.3934e-03,4.5246e-03,4.5338e-03,4.4368e-03,4.2517e-03,3.9976e-03,3.6908e-03,3.3435e-03,2.9621e-03,2.5470e-03,2.0942e-03,1.5966e-03,1.0466e-03,4.3805e-04,-2.3092e-04,-9.5552e-04,-1.7234e-03,-2.5156e-03,-3.3039e-03,-4.0570e-03,-4.7379e-03,-5.3116e-03,-5.7428e-03,-6.0028e-03,-6.0669e-03,-5.9226e-03,-5.5636e-03,-4.9958e-03,-4.2350e-03,-3.3056e-03,-2.2424e-03,-1.0860e-03,1.1465e-04,1.3055e-03,2.4318e-03
9.4719e-04,-1.1949e-02,-2.4327e-02,-3.5967e-02,-4.6647e-02,-5.6158e-02,-6.4311e-02,-7.0937e-02,-7.5900e-02,-7.9099e-02,-8.0470e-02,-7.9991e-02,-7.7684e-02,-7.3611e-02,-6.7878e-02,-6.0628e-02,-5.2036e-02,-4.2308e-02,-3.1671e-02,-2.0367e-02,-8.6479e-03,3.2334e-03,1.5028e-02,2.6494e-02,3.7404e-02,4.7540e-02,5.6699e-02,6.4694e-02,7.1346e-02,7.6491e-02,7.9973e-02,8.1654e-02,8.1411e-02,7.9152e-02,7.4831e-02,6.8474e-02,6.0206e-02,5.0284e-02,3.9126e-02,2.7305e-02,1.5527e-02,4.5436e-03,-4.9556e-03,-1.2470e-02,-1.7771e-02,-2.0928e-02,-2.2242e-02,-2.2148e-02,-2.1095e-02,-1.9466e-02,-1.7533e-02,-1.5454e-02,-1.3296e-02,-1.1066e-02,-8.7429e-03,-6.3042e-03,-3.7384e-03,-1.0561e-03,1.7093e-03,4.5043e-03,7.2610e-03,9.9029e-03,1.2352e-02,1.4537e-02,1.6393e-02,1.7868e-02,1.8926e-02,1.9544e-02,1.9715e-02,1.9440e-02,1.8733e-02,1.7615e-02,1.6115e-02,1.4262e-02,1.2092e-02,9.6444e-03,6.9612e-03,4.0910e-03,1.0871e-03,-1.9905e-03,-5.0752e-03,-8.0961e-03,-1.0977e-02,-1.3640e-02,-1.6011e-02,-1.8017e-02,-1.9595e-02,-2.0694e-02,-2.1275e-02,-2.1316e-02,-2.0809e-02,-1.9766e-02,-1.8211e-02,-1.6186e-02,-1.3746e-02,-1.0954e-02,-7.8882e-03,-4.6283e-03,-1.2625e-03,2.1185e-03
2.1627e-04,-1.3799e-02,-2.7259e-02,-3.9922e-02,-5.1553e-02,-6.1928e-02,-7.0839e-02,-7.8106e-02,-8.3578e-02,-8.7138e-02,-8.8712e-02,-8.8268e-02,-8.5819e-02,-8.1424e-02,-7.5189e-02,-6.7259e-02,-5.7821e-02,-4.7097e-02,-3.5335e-02,-2.2803e-02,-9.7853e-03,3.4298e-03,1.6555e-02,2.9311e-02,4.1430e-02,5.2663e-02,6.2779e-02,7.1567e-02,7.8840e-02,8.4430e-02,8.8189e-02,8.9992e-02,8.9734e-02,8.7340e-02,8.2771e-02,7.6040e-02,6.7236e-02,5.6551e-02,4.4306e-02,3.0978e-02,1.7200e-02,3.7202e-03,-8.6693e-03,-1.9252e-02,-2.7506e-02,-3.3192e-02,-3.6371e-02,-3.7350e-02,-3.6574e-02,-3.4515e-02,-3.1587e-02,-2.8096e-02,-2.4244e-02,-2.0138e-02,-1.5831e-02,-1.1346e-02,-6.7040e-03,-1.9361e-03,2.9045e-03,7.7426e-03,1.2485e-02,1.7025e-02,2.1250e-02,2.5049e-02,2.8318e-02,3.0966e-02,3.2922e-02,3.4131e-02,3.4559e-02,3.4194e-02,3.3044e-02,3.1133e-02,2.8503e-02,2.5211e-02,2.1326e-02,1.6931e-02,1.2120e-02,6.9941e-03,1.6675e-03,-3.7402e-03,-9.1037e-03,-1.4294e-02,-1.9182e-02,-2.3644e-02,-2.7564e-02,-3.0839e-02,-3.3381e-02,-3.5122e-02,-3.6015e-02,-3.6039e-02,-3.5193e-02,-3.3501e-02,-3.1008e-02,-2.7779e-02,-2.3893e-02,-1.9447e-02,-1.4546e-02,-9.3031e-03,-3.8396e-03,1.7230e-03
-3.9320e-04,-1.5219e-02,-2.9465e-02,-4.2881e-02,-5.5220e-02,-6.6245e-02,-7.5739e-02,-8.3507e-02,-8.9386e-02,-9.3250e-02,-9.5009e-02,-9.4623e-02,-9.2096e-02,-8.7482e-02,-8.0883e-02,-7.2447e-02,-6.2368e-02,-5.0875e-02,-3.8236e-02,-2.4738e-02,-1.0693e-02,3.5820e-03,1.7767e-02,3.1549e-02,4.4626e-02,5.6719e-02,6.7571e-02,7.6955e-02,8.4670e-02,9.0548e-02,9.4449e-02,9.6265e-02,9.5915e-02,9.3349e-02,8.8548e-02,8.1537e-02,7.2394e-02,6.1270e-02,4.8418e-02,3.4216e-02,1.9190e-02,4.0093e-03,-1.0547e-02,-2.3670e-02,-3.4633e-02,-4.2915e-02,-4.8281e-02,-5.0803e-02,-5.0806e-02,-4.8760e-02,-4.5168e-02,-4.0481e-02,-3.5050e-02,-2.9118e-02,-2.2841e-02,-1.6315e-02,-9.6096e-03,-2.7883e-03,4.0735e-03,1.0881e-02,1.7522e-02,2.3863e-02,2.9764e-02,3.5081e-02,3.9676e-02,4.3423e-02,4.6215e-02,4.7971e-02,4.8632e-02,4.8171e-02,4.6588e-02,4.3913e-02,4.0201e-02,3.5534e-02,3.0015e-02,2.3770e-02,1.6939e-02,9.6798e-03,2.1613e-03,-5.4400e-03,-1.2942e-02,-2.0165e-02,-2.6931e-02,-3.3074e-02,-3.8441e-02,-4.2901e-02,-4.6344e-02,-4.8689e-02,-4.9881e-02,-4.9898e-02,-4.8745e-02,-4.6458e-02,-4.3098e-02,-3.8750e-02,-3.3518e-02,-2.7524e-02,-2.0901e-02,-1.3793e-02,-6.3489e-03,1.2791e-03
-8.3544e-04,-1.6152e-02,-3.0883e-02,-4.4773e-02,-5.7567e-02,-6.9023e-02,-7.8913e-02,-8.7034e-02,-9.3212e-02,-9.7310e-02,-9.9229e-02,-9.8919e-02,-9.6374e-02,-9.1643e-02,-8.4823e-02,-7.6062e-02,-6.5553e-02,-5.3536e-02,-4.0287e-02,-2.6110e-02,-1.1336e-02,3.6946e-03,1.8636e-02,3.3148e-02,4.6902e-02,5.9593e-02,7.0944e-02,8.0712e-02,8.8687e-02,9.4702e-02,9.8626e-02,1.0037e-01,9.9872e-02,9.7116e-02,9.2111e-02,8.4903e-02,7.5578e-02,6.4274e-02,5.1197e-02,3.6647e-02,2.1044e-02,4.9412e-03,-1.0970e-02,-2.5902e-02,-3.9048e-02,-4.9691e-02,-5.7323e-02,-6.1730e-02,-6.3006e-02,-6.1504e-02,-5.7726e-02,-5.2214e-02,-4.5461e-02,-3.7860e-02,-2.9703e-02,-2.1193e-02,-1.2470e-02,-3.6494e-03,5.1615e-03,1.3848e-02,2.2275e-02,3.0294e-02,3.7741e-02,4.4448e-02,5.0247e-02,5.4985e-02,5.8526e-02,6.0761e-02,6.1614e-02,6.1042e-02,5.9041e-02,5.5644e-02,5.0921e-02,4.4975e-02,3.7943e-02,2.9989e-02,2.1300e-02,1.2084e-02,2.5591e-03,-7.0449e-03,-1.6495e-02,-2.5566e-02,-3.4037e-02,-4.1704e-02,-4.8385e-02,-5.3921e-02,-5.8187e-02,-6.1085e-02,-6.2558e-02,-6.2579e-02,-6.1161e-02,-5.8346e-02,-5.4209e-02,-4.8853e-02,-4.2400e-02,-3.4997e-02,-2.6800e-02,-1.7980e-02,-8.7116e-03,8.2474e-04
-1.0815e-03,-1.6565e-02,-3.1476e-02,-4.5557e-02,-5.8551e-02,-7.0211e-02,-8.0304e-02,-8.8620e-02,-9.4980e-02,-9.9236e-02,-1.0128e-01,-1.0106e-01,-9.8553e-02,-9.3804e-02,-8.6905e-02,-7.8000e-02,-6.7283e-02,-5.4995e-02,-4.1419e-02,-2.6868e-02,-1.1685e-02,3.7718e-03,1.9142e-02,3.4061e-02,4.8186e-02,6.1193e-02,7.2789e-02,8.2720e-02,9.0774e-02,9.6783e-02,1.0063e-01,1.0223e-01,1.0156e-01,9.8624e-02,9.3462e-02,8.6147e-02,7.6784e-02,6.5513e-02,5.2516e-02,3.8040e-02,2.2416e-02,6.0811e-03,-1.0397e-02,-2.6330e-02,-4.0939e-02,-5.3432e-02,-6.3116e-02,-6.9510e-02,-7.2428e-02,-7.1996e-02,-6.8600e-02,-6.2778e-02,-5.5114e-02,-4.6144e-02,-3.6309e-02,-2.5947e-02,-1.5305e-02,-4.5729e-03,6.0947e-03,1.6549e-02,2.6636e-02,3.6189e-02,4.5030e-02,5.2970e-02,5.9825e-02,6.5419e-02,6.9594e-02,7.2222e-02,7.3211e-02,7.2509e-02,7.0107e-02,6.6043e-02,6.0399e-02,5.3301e-02,4.4914e-02,3.5438e-02,2.5100e-02,1.4151e-02,2.8562e-03,-8.5104e-03,-1.9673e-02,-3.0365e-02,-4.0331e-02,-4.9334e-02,-5.7167e-02,-6.3651e-02,-6.8642e-02,-7.2036e-02,-7.3765e-02,-7.3803e-02,-7.2165e-02,-6.8900e-02,-6.4093e-02,-5.7857e-02,-5.0335e-02,-4.1688e-02,-3.2096e-02,-2.1750e-02,-1.0850e-02,3.9999e-04
-1.1181e-03,-1.6449e-02,-3.1237e-02,-4.5226e-02,-5.8160e-02,-6.9794e-02,-7.9892e-02,-8.8241e-02,-9.4658e-02,-9.8989e-02,-1.0112e-01,-1.0099e-01,-9.8569e-02,-9.3898e-02,-8.7061e-02,-7.8195e-02,-6.7494e-02,-5.5196e-02,-4.1585e-02,-2.6979e-02,-1.1724e-02,3.8135e-03,1.9263e-02,3.4252e-02,4.8425e-02,6.1450e-02,7.3028e-02,8.2899e-02,9.0851e-02,9.6721e-02,1.0040e-01,1.0182e-01,1.0098e-01,9.7897e-02,9.2651e-02,8.5336e-02,7.6079e-02,6.5030e-02,5.2364e-02,3.8296e-02,2.3092e-02,7.0905e-03,-9.2670e-03,-2.5422e-02,-4.0700e-02,-5.4347e-02,-6.5599e-02,-7.3796e-02,-7.8490e-02,-7.9529e-02,-7.7075e-02,-7.1549e-02,-6.3532e-02,-5.3647e-02,-4.2476e-02,-3.0507e-02,-1.8122e-02,-5.6148e-03,6.7826e-03,1.8875e-02,3.0478e-02,4.1407e-02,5.1472e-02,6.0473e-02,6.8215e-02,7.4509e-02,7.9185e-02,8.2105e-02,8.3165e-02,8.2309e-02,7.9527e-02,7.4863e-02,6.8411e-02,6.0316e-02,5.0766e-02,3.9992e-02,2.8255e-02,1.5841e-02,3.0545e-03,-9.7938e-03,-2.2395e-02,-3.4446e-02,-4.5665e-02,-5.5791e-02,-6.4593e-02,-7.1877e-02,-7.7486e-02,-8.1305e-02,-8.3262e-02,-8.3330e-02,-8.1522e-02,-7.7892e-02,-7.2530e-02,-6.5562e-02,-5.7139e-02,-4.7438e-02,-3.6655e-02,-2.5000e-02,-1.2693e-02,4.2798e-05
-9.5109e-04,-1.5818e-02,-3.0184e-02,-4.3801e-02,-5.6420e-02,-6.7796e-02,-7.7698e-02,-8.5914e-02,-9.2256e-02,-9.6571e-02,-9.8742e-02,-9.8695e-02,-9.6407e-02,-9.1903e-02,-8.5263e-02,-7.6619e-02,-6.6158e-02,-5.4114e-02,-4.0766e-02,-2.6428e-02,-1.1447e-02,3.8155e-03,1.8986e-02,3.3695e-02,4.7587e-02,6.0328e-02,7.1621e-02,8.1209e-02,8.8884e-02,9.4490e-02,9.7927e-02,9.9147e-02,9.8153e-02,9.4996e-02,8.9762e-02,8.2575e-02,7.3576e-02,6.2930e-02,5.0813e-02,3.7422e-02,2.2979e-02,7.7520e-03,-7.9266e-03,-2.3630e-02,-3.8823e-02,-5.2858e-02,-6.5013e-02,-7.4562e-02,-8.0881e-02,-8.3560e-02,-8.2485e-02,-7.7855e-02,-7.0129e-02,-5.9928e-02,-4.7918e-02,-3.4726e-02,-2.0884e-02,-6.8190e-03,7.1329e-03,2.0702e-02,3.3661e-02,4.5798e-02,5.6907e-02,6.6786e-02,7.5234e-02,8.2061e-02,8.7096e-02,9.0197e-02,9.1258e-02,9.0224e-02,8.7090e-02,8.1905e-02,7.4775e-02,6.5860e-02,5.5369e-02,4.3553e-02,3.0701e-02,1.7127e-02,3.1615e-03,-1.0856e-02,-2.4588e-02,-3.7711e-02,-4.9918e-02,-6.0931e-02,-7.0503e-02,-7.8425e-02,-8.4531e-02,-8.8700e-02,-9.0853e-02,-9.0960e-02,-8.9033e-02,-8.5128e-02,-7.9338e-02,-7.1793e-02,-6.2654e-02,-5.2108e-02,-4.0362e-02,-2.7640e-02,-1.4178e-02,-2.1681e-04
-6.0187e-04,-1.4704e-02,-2.8361e-02,-4.1335e-02,-5.3386e-02,-6.4277e-02,-7.3783e-02,-8.1694e-02,-8.7829e-02,-9.2032e-02,-9.4186e-02,-9.4217e-02,-9.2094e-02,-8.7841e-02,-8.1529e-02,-7.3284e-02,-6.3284e-02,-5.1756e-02,-3.8966e-02,-2.5223e-02,-1.0860e-02,3.7705e-03,1.8305e-02,3.2385e-02,4.5663e-02,5.7819e-02,6.8564e-02,7.7652e-02,8.4885e-02,9.0117e-02,9.3257e-02,9.4269e-02,9.3168e-02,9.0016e-02,8.4914e-02,7.7996e-02,6.9419e-02,5.9355e-02,4.7985e-02,3.5496e-02,2.2084e-02,7.9651e-03,-6.6090e-03,-2.1326e-02,-3.5785e-02,-4.9485e-02,-6.1812e-02,-7.2084e-02,-7.9614e-02,-8.3820e-02,-8.4330e-02,-8.1069e-02,-7.4274e-02,-6.4441e-02,-5.2233e-02,-3.8357e-02,-2.3483e-02,-8.1854e-03,7.0688e-03,2.1909e-02,3.6035e-02,4.9195e-02,6.1165e-02,7.1737e-02,8.0711e-02,8.7904e-02,9.3152e-02,9.6321e-02,9.7316e-02,9.6085e-02,9.2633e-02,8.7019e-02,7.9357e-02,6.9820e-02,5.8630e-02,4.6054e-02,3.2398e-02,1.7993e-02,3.1874e-03,-1.1661e-02,-2.6199e-02,-4.0085e-02,-5.2998e-02,-6.4648e-02,-7.4777e-02,-8.3166e-02,-8.9643e-02,-9.4078e-02,-9.6389e-02,-9.6542e-02,-9.4547e-02,-9.0458e-02,-8.4369e-02,-7.6414e-02,-6.6755e-02,-5.5586e-02,-4.3122e-02,-2.9596e-02,-1.5256e-02,-3.5499e-04
-1.0327e-04,-1.3159e-02,-2.5834e-02,-3.7905e-02,-4.9144e-02,-5.9327e-02,-6.8238e-02,-7.5678e-02,-8.1469e-02,-8.5461e-02,-8.7541e-02,-8.7634e-02,-8.5708e-02,-8.1781e-02,-7.5921e-02,-6.8246e-02,-5.8922e-02,-4.8162e-02,-3.6221e-02,-2.3389e-02,-9.9805e-03,3.6689e-03,1.7217e-02,3.0327e-02,4.2674e-02,5.3955e-02,6.3901e-02,7.2284e-02,7.8921e-02,8.3679e-02,8.6478e-02,8.7291e-02,8.6139e-02,8.3089e-02,7.8249e-02,7.1757e-02,6.3773e-02,5.4472e-02,4.4036e-02,3.2644e-02,2.0479e-02,7.7194e-03,-5.4385e-03,-1.8770e-02,-3.1993e-02,-4.4743e-02,-5.6555e-02,-6.6857e-02,-7.5009e-02,-8.0366e-02,-8.2386e-02,-8.0738e-02,-7.5384e-02,-6.6598e-02,-5.4916e-02,-4.1036e-02,-2.5708e-02,-9.6389e-03,6.5599e-03,2.2389e-02,3.7453e-02,5.1435e-02,6.4077e-02,7.5158e-02,8.4484e-02,9.1883e-02,9.7209e-02,1.0035e-01,1.0121e-01,9.9775e-02,9.6050e-02,9.0108e-02,8.2073e-02,7.2126e-02,6.0497e-02,4.7460e-02,3.3326e-02,1.8436e-02,3.1443e-03,-1.2183e-02,-2.7186e-02,-4.1514e-02,-5.4842e-02,-6.6870e-02,-7.7335e-02,-8.6014e-02,-9.2727e-02,-9.7340e-02,-9.9768e-02,-9.9971e-02,-9.7957e-02,-9.3775e-02,-8.7521e-02,-7.9324e-02,-6.9349e-02,-5.7790e-02,-4.4867e-02,-3.0818e-02,-1.5896e-02,-3.6359e-04
5.0166e-04,-1.1247e-02,-2.2685e-02,-3.3608e-02,-4.3805e-02,-5.3068e-02,-6.1195e-02,-6.8000e-02,-7.3314e-02,-7.6997e-02,-7.8942e-02,-7.9076e-02,-7.7371e-02,-7.3841e-02,-6.8549e-02,-6.1603e-02,-5.3157e-02,-4.3407e-02,-3.2590e-02,-2.0971e-02,-8.8392e-03,3.4981e-03,1.5731e-02,2.7551e-02,3.8665e-02,4.8801e-02,5.7716e-02,6.5206e-02,7.1109e-02,7.5307e-02,7.7733e-02,7.8363e-02,7.7224e-02,7.4381e-02,6.9939e-02,6.4031e-02,5.6812e-02,4.8454e-02,3.9130e-02,2.9014e-02,1.8274e-02,7.0671e-03,-4.4512e-03,-1.6117e-02,-2.7739e-02,-3.9073e-02,-4.9795e-02,-5.9479e-02,-6.7600e-02,-7.3558e-02,-7.6751e-02,-7.6678e-02,-7.3047e-02,-6.5856e-02,-5.5415e-02,-4.2294e-02,-2.7228e-02,-1.0999e-02,5.6530e-03,2.2091e-02,3.7796e-02,5.2362e-02,6.5474e-02,7.6886e-02,8.6404e-02,9.3867e-02,9.9154e-02,1.0217e-01,1.0287e-01,1.0123e-01,9.7290e-02,9.1133e-02,8.2894e-02,7.2758e-02,6.0956e-02,4.7763e-02,3.3486e-02,1.8463e-02,3.0458e-03,-1.2403e-02,-2.7525e-02,-4.1972e-02,-5.5417e-02,-6.7562e-02,-7.8139e-02,-8.6924e-02,-9.3736e-02,-9.8435e-02,-1.0093e-01,-1.0119e-01,-9.9201e-02,-9.5018e-02,-8.8730e-02,-8.0463e-02,-7.0379e-02,-5.8671e-02,-4.5557e-02,-3.1276e-02,-1.6084e-02,-2.4608e-04
1.1625e-03,-9.0437e-03,-1.9013e-02,-2.8564e-02,-3.7506e-02,-4.5650e-02,-5.2814e-02,-5.8827e-02,-6.3537e-02,-6.6815e-02,-6.8564e-02,-6.8719e-02,-6.7255e-02,-6.4185e-02,-5.9565e-02,-5.3495e-02,-4.6115e-02,-3.7601e-02,-2.8162e-02,-1.8034e-02,-7.4743e-03,3.2491e-03,1.3864e-02,2.4104e-02,3.3714e-02,4.2461e-02,5.0138e-02,5.6570e-02,6.1618e-02,6.5184e-02,6.7212e-02,6.7683e-02,6.6622e-02,6.4088e-02,6.0176e-02,5.5006e-02,4.8721e-02,4.1477e-02,3.3435e-02,2.4758e-02,1.5597e-02,6.0933e-03,-3.6253e-03,-1.3436e-02,-2.3215e-02,-3.2807e-02,-4.2011e-02,-5.0545e-02,-5.8028e-02,-6.3975e-02,-6.7831e-02,-6.9035e-02,-6.7127e-02,-6.1847e-02,-5.3231e-02,-4.1616e-02,-2.7606e-02,-1.1962e-02,4.5082e-03,2.1046e-02,3.7002e-02,5.1856e-02,6.5210e-02,7.6774e-02,8.6336e-02,9.3746e-02,9.8902e-02,1.0174e-01,1.0225e-01,1.0043e-01,9.6351e-02,9.0105e-02,8.1840e-02,7.1739e-02,6.0033e-02,4.6987e-02,3.2898e-02,1.8091e-02,2.9046e-03,-1.2312e-02,-2.7211e-02,-4.1455e-02,-5.4723e-02,-6.6721e-02,-7.7187e-02,-8.5896e-02,-9.2666e-02,-9.7358e-02,-9.9878e-02,-1.0018e-01,-9.8262e-02,-9.4166e-02,-8.7973e-02,-7.9807e-02,-6.9823e-02,-5.8208e-02,-4.5177e-02,-3.0965e-02,-1.5825e-02,-1.9727e-05
1.8294e-03,-6.6288e-03,-1.4926e-02,-2.2903e-02,-3.0397e-02,-3.7242e-02,-4.3279e-02,-4.8358e-02,-5.2345e-02,-5.5130e-02,-5.6626e-02,-5.6781e-02,-5.5573e-02,-5.3017e-02,-4.9166e-02,-4.4105e-02,-3.7959e-02,-3.0880e-02,-2.3045e-02,-1.4658e-02,-5.9310e-03,2.9112e-03,1.1645e-02,2.0052e-02,2.7924e-02,3.5075e-02,4.1337e-02,4.6569e-02,5.0664e-02,5.3540e-02,5.5152e-02,5.5487e-02,5.4565e-02,5.2435e-02,4.9174e-02,4.4884e-02,3.9686e-02,3.3715e-02,2.7113e-02,2.0021e-02,1.2574e-02,4.8961e-03,-2.9064e-03,-1.0741e-02,-1.8527e-02,-2.6176e-02,-3.3579e-02,-4.0577e-02,-4.6929e-02,-5.2300e-02,-5.6248e-02,-5.8258e-02,-5.7810e-02,-5.4476e-02,-4.8032e-02,-3.8537e-02,-2.6358e-02,-1.2115e-02,3.4127e-03,1.9406e-02,3.5105e-02,4.9865e-02,6.3187e-02,7.4705e-02,8.4173e-02,9.1433e-02,9.6398e-02,9.9038e-02,9.9360e-02,9.7415e-02,9.3284e-02,8.7085e-02,7.8972e-02,6.9132e-02,5.7784e-02,4.5180e-02,3.1600e-02,1.7344e-02,2.7316e-03,-1.1912e-02,-2.6257e-02,-3.9985e-02,-5.2788e-02,-6.4384e-02,-7.4516e-02,-8.2967e-02,-8.9556e-02,-9.4143e-02,-9.6634e-02,-9.6978e-02,-9.5169e-02,-9.1240e-02,-8.5270e-02,-7.7372e-02,-6.7694e-02,-5.6416e-02,-4.3743e-02,-2.9902e-02,-1.5140e-02,2.8706e-04
2.4509e-03,-4.0865e-03,-1.0535e-02,-1.6767e-02,-2.2645e-02,-2.8035e-02,-3.2801e-02,-3.6819e-02,-3.9979e-02,-4.2190e-02,-4.3384e-02,-4.3519e-02,-4.2581e-02,-4.0588e-02,-3.7585e-02,-3.3650e-02,-2.8882e-02,-2.3408e-02,-1.7373e-02,-1.0934e-02,-4.2589e-03,2.4804e-03,9.1144e-03,1.5481e-02,2.1426e-02,2.6812e-02,3.1517e-02,3.5441e-02,3.8502e-02,4.0643e-02,4.1829e-02,4.2050e-02,4.1319e-02,3.9672e-02,3.7166e-02,3.3877e-02,2.9900e-02,2.5341e-02,2.0315e-02,1.4938e-02,9.3216e-03,3.5689e-03,-2.2331e-03,-8.0155e-03,-1.3727e-02,-1.9326e-02,-2.4768e-02,-2.9988e-02,-3.4867e-02,-3.9212e-02,-4.2727e-02,-4.5010e-02,-4.5587e-02,-4.3969e-02,-3.9759e-02,-3.2757e-02,-2.3041e-02,-1.0988e-02,2.7726e-03,1.7461e-02,3.2266e-02,4.6445e-02,5.9383e-02,7.0621e-02,7.9848e-02,8.6877e-02,9.1620e-02,9.4063e-02,9.4246e-02,9.2247e-02,8.8178e-02,8.2174e-02,7.4398e-02,6.5035e-02,5.4296e-02,4.2414e-02,2.9641e-02,1.6253e-02,2.5365e-03,-1.1212e-02,-2.4691e-02,-3.7606e-02,-4.9669e-02,-6.0614e-02,-7.0201e-02,-7.8216e-02,-8.4485e-02,-8.8871e-02,-9.1278e-02,-9.1654e-02,-8.9986e-02,-8.6304e-02,-8.0677e-02,-7.3209e-02,-6.4039e-02,-5.3336e-02,-4.1292e-02,-2.8125e-02,-1.4068e-02,6.3592e-04
2.9831e-03,-1.4981e-03,-5.9587e-03,-1.0304e-02,-1.4429e-02,-1.8231e-02,-2.1606e-02,-2.4457e-02,-2.6703e-02,-2.8275e-02,-2.9124e-02,-2.9223e-02,-2.8569e-02,-2.7178e-02,-2.5092e-02,-2.2375e-02,-1.9104e-02,-1.5374e-02,-1.1291e-02,-6.9646e-03,-2.5113e-03,1.9553e-03,6.3256e-03,1.0496e-02,1.4373e-02,1.7871e-02,2.0918e-02,2.3451e-02,2.5422e-02,2.6795e-02,2.7549e-02,2.7673e-02,2.7174e-02,2.6071e-02,2.4399e-02,2.2207e-02,1.9557e-02,1.6523e-02,1.3186e-02,9.6292e-03,5.9390e-03,2.1913e-03,-1.5492e-03,-5.2344e-03,-8.8361e-03,-1.2346e-02,-1.5763e-02,-1.9088e-02,-2.2296e-02,-2.5314e-02,-2.7986e-02,-3.0056e-02,-3.1160e-02,-3.0852e-02,-2.8673e-02,-2.4243e-02,-1.7374e-02,-8.1491e-03,3.0568e-03,1.5625e-02,2.8796e-02,4.1787e-02,5.3894e-02,6.4551e-02,7.3360e-02,8.0076e-02,8.4582e-02,8.6865e-02,8.6981e-02,8.5033e-02,8.1156e-02,7.5505e-02,6.8250e-02,5.9577e-02,4.9682e-02,3.8778e-02,2.7088e-02,1.4854e-02,2.3263e-03,-1.0233e-02,-2.2557e-02,-3.4382e-02,-4.5448e-02,-5.5511e-02,-6.4346e-02,-7.1754e-02,-7.7569e-02,-8.1658e-02,-8.3927e-02,-8.4320e-02,-8.2822e-02,-7.9458e-02,-7.4286e-02,-6.7403e-02,-5.8935e-02,-4.9036e-02,-3.7888e-02,-2.5688e-02,-1.2655e-02,9.8586e-04
3.3865e-03,1.0593e-03,-1.3107e-03,-3.6636e-03,-5.9320e-03,-8.0461e-03,-9.9371e-03,-1.1541e-02,-1.2805e-02,-1.3687e-02,-1.4161e-02,-1.4214e-02,-1.3852e-02,-1.3096e-02,-1.1981e-02,-1.0553e-02,-8.8647e-03,-6.9786e-03,-4.9554e-03,-2.8563e-03,-7.3968e-04,1.3415e-03,3.3409e-03,5.2172e-03,6.9368e-03,8.4710e-03,9.7953e-03,1.0890e-02,1.1739e-02,1.2327e-02,1.2643e-02,1.2682e-02,1.2439e-02,1.1921e-02,1.1136e-02,1.0105e-02,8.8568e-03,7.4269e-03,5.8594e-03,4.2035e-03,2.5095e-03,8.2419e-04,-8.1461e-04,-2.3822e-03,-3.8718e-03,-5.2982e-03,-6.6937e-03,-8.1018e-03,-9.5637e-03,-1.1096e-02,-1.2664e-02,-1.4148e-02,-1.5324e-02,-1.5857e-02,-1.5323e-02,-1.3274e-02,-9.3371e-03,-3.3206e-03,4.7063e-03,1.4390e-02,2.5144e-02,3.6247e-02,4.6964e-02,5.6650e-02,6.4803e-02,7.1094e-02,7.5349e-02,7.7524e-02,7.7670e-02,7.5900e-02,7.2365e-02,6.7235e-02,6.0687e-02,5.2904e-02,4.4069e-02,3.4374e-02,2.4011e-02,1.3185e-02,2.1077e-03,-8.9997e-03,-1.9911e-02,-3.0397e-02,-4.0232e-02,-4.9197e-02,-5.7091e-02,-6.3731e-02,-6.8962e-02,-7.2660e-02,-7.4733e-02,-7.5127e-02,-7.3823e-02,-7.0840e-02,-6.6228e-02,-6.0073e-02,-5.2489e-02,-4.3614e-02,-3.3611e-02,-2.2660e-02,-1.0957e-02,1.2941e-03
3.6334e-03,3.5153e-03,3.2980e-03,3.0038e-03,2.6607e-03,2.3007e-03,1.9553e-03,1.6516e-03,1.4134e-03,1.2528e-03,1.1738e-03,1.1709e-03,1.2291e-03,1.3263e-03,1.4367e-03,1.5311e-03,1.5828e-03,1.5682e-03,1.4713e-03,1.2844e-03,1.0077e-03,6.5148e-04,2.3264e-04,-2.2557e-04,-6.9630e-04,-1.1541e-03,-1.5728e-03,-1.9323e-03,-2.2183e-03,-2.4223e-03,-2.5435e-03,-2.5870e-03,-2.5619e-03,-2.4794e-03,-2.3520e-03,-2.1903e-03,-2.0001e-03,-1.7824e-03,-1.5326e-03,-1.2424e-03,-8.9827e-04,-4.8949e-04,-8.6706e-06,5.4144e-04,1.1431e-03,1.7615e-03,2.3398e-03,2.8041e-03,3.0706e-03,3.0588e-03,2.7165e-03,2.0467e-03,1.1401e-03,1.9832e-04,-4.5742e-04,-4.1045e-04,7.8912e-04,3.5264e-03,8.0178e-03,1.4226e-02,2.1840e-02,3.0322e-02,3.9008e-02,4.7228e-02,5.4400e-02,6.0096e-02,6.4053e-02,6.6166e-02,6.6448e-02,6.5000e-02,6.1971e-02,5.7537e-02,5.1879e-02,4.5175e-02,3.7598e-02,2.9314e-02,2.0489e-02,1.1289e-02,1.8846e-03,-7.5466e-03,-1.6821e-02,-2.5751e-02,-3.4146e-02,-4.1821e-02,-4.8601e-02,-5.4324e-02,-5.8850e-02,-6.2067e-02,-6.3889e-02,-6.4264e-02,-6.3171e-02,-6.0623e-02,-5.6665e-02,-5.1370e-02,-4.4835e-02,-3.7185e-02,-2.8560e-02,-1.9119e-02,-9.0298e-03,1.5281e-03
3.7062e-03,5.8089e-03,7.7643e-03,9.5532e-03,1.1164e-02,1.2586e-02,1.3814e-02,1.4836e-02,1.5641e-02,1.6213e-02,1.6534e-02,1.6578e-02,1.6324e-02,1.5750e-02,1.4839e-02,1.3581e-02,1.1981e-02,1.0053e-02,7.8276e-03,5.3522e-03,2.6865e-03,-9.7541e-05,-2.9186e-03,-5.6929e-03,-8.3343e-03,-1.0762e-02,-1.2905e-02,-1.4704e-02,-1.6113e-02,-1.7103e-02,-1.7661e-02,-1.7788e-02,-1.7500e-02,-1.6823e-02,-1.5789e-02,-1.4437e-02,-1.2808e-02,-1.0938e-02,-8.8639e-03,-6.6180e-03,-4.2286e-03,-1.7232e-03,8.6899e-04,3.5137e-03,6.1668e-03,8.7691e-03,1.1243e-02,1.3492e-02,1.5404e-02,1.6859e-02,1.7745e-02,1.7981e-02,1.7548e-02,1.6523e-02,1.5099e-02,1.3600e-02,1.2453e-02,1.2130e-02,1.3049e-02,1.5469e-02,1.9405e-02,2.4603e-02,3.0590e-02,3.6767e-02,4.2532e-02,4.7373e-02,5.0923e-02,5.2982e-02,5.3492e-02,5.2506e-02,5.0151e-02,4.6591e-02,4.2002e-02,3.6555e-02,3.0410e-02,2.3715e-02,1.6605e-02,9.2098e-03,1.6610e-03,-5.9094e-03,-1.3362e-02,-2.0553e-02,-2.7332e-02,-3.3551e-02,-3.9064e-02,-4.3738e-02,-4.7451e-02,-5.0104e-02,-5.1622e-02,-5.1955e-02,-5.1085e-02,-4.9020e-02,-4.5795e-02,-4.1472e-02,-3.6136e-02,-2.9890e-02,-2.2850e-02,-1.5150e-02,-6.9308e-03,1.6633e-03
3.5993e-03,7.8897e-03,1.1993e-02,1.5847e-02,1.9398e-02,2.2594e-02,2.5384e-02,2.7724e-02,2.9563e-02,3.0860e-02,3.1569e-02,3.1653e-02,3.1080e-02,2.9832e-02,2.7903e-02,2.5306e-02,2.2075e-02,1.8266e-02,1.3957e-02,9.2489e-03,4.2581e-03,-8.8189e-04,-6.0305e-03,-1.1044e-02,-1.5782e-02,-2.0115e-02,-2.3924e-02,-2.7116e-02,-2.9616e-02,-3.1373e-02,-3.2362e-02,-3.2581e-02,-3.2049e-02,-3.0803e-02,-2.8897e-02,-2.6391e-02,-2.3359e-02,-1.9872e-02,-1.6008e-02,-1.1837e-02,-7.4330e-03,-2.8642e-03,1.8016e-03,6.4936e-03,1.1136e-02,1.5642e-02,1.9912e-02,2.3832e-02,2.7268e-02,3.0075e-02,3.2106e-02,3.3227e-02,3.3343e-02,3.2429e-02,3.0562e-02,2.7947e-02,2.4929e-02,2.1968e-02,1.9577e-02,1.8226e-02,1.8232e-02,1.9673e-02,2.2365e-02,2.5901e-02,2.9749e-02,3.3369e-02,3.6308e-02,3.8248e-02,3.9029e-02,3.8621e-02,3.7094e-02,3.4578e-02,3.1229e-02,2.7204e-02,2.2649e-02,1.7690e-02,1.2438e-02,6.9906e-03,1.4380e-03,-4.1277e-03,-9.6146e-03,-1.4922e-02,-1.9944e-02,-2.4571e-02,-2.8693e-02,-3.2204e-02,-3.5009e-02,-3.7025e-02,-3.8189e-02,-3.8458e-02,-3.7817e-02,-3.6269e-02,-3.3844e-02,-3.0590e-02,-2.6576e-02,-2.1884e-02,-1.6606e-02,-1.0845e-02,-4.7101e-03,1.6903e-03
3.3205e-03,9.7202e-03,1.5900e-02,2.1756e-02,2.7190e-02,3.2106e-02,3.6415e-02,4.0029e-02,4.2868e-02,4.4858e-02,4.5933e-02,4.6041e-02,4.5147e-02,4.3236e-02,4.0315e-02,3.6421e-02,3.1622e-02,2.6011e-02,1.9714e-02,1.2884e-02,5.6909e-03,-1.6750e-03,-9.0180e-03,-1.6141e-02,-2.2852e-02,-2.8977e-02,-3.4360e-02,-3.8870e-02,-4.2406e-02,-4.4899e-02,-4.6310e-02,-4.6633e-02,-4.5888e-02,-4.4120e-02,-4.1399e-02,-3.7808e-02,-3.3445e-02,-2.8418e-02,-2.2837e-02,-1.6816e-02,-1.0469e-02,-3.9066e-03,2.7606e-03,9.4225e-03,1.5967e-02,2.2277e-02,2.8229e-02,3.3687e-02,3.8502e-02,4.2512e-02,4.5553e-02,4.7460e-02,4.8096e-02,4.7366e-02,4.5258e-02,4.1871e-02,3.7443e-02,3.2360e-02,2.7132e-02,2.2331e-02,1.8489e-02,1.5992e-02,1.4986e-02,1.5352e-02,1.6745e-02,1.8692e-02,2.0699e-02,2.2352e-02,2.3364e-02,2.3591e-02,2.3011e-02,2.1687e-02,1.9733e-02,1.7278e-02,1.4448e-02,1.1348e-02,8.0670e-03,4.6713e-03,1.2180e-03,-2.2430e-03,-5.6618e-03,-8.9823e-03,-1.2144e-02,-1.5077e-02,-1.7711e-02,-1.9972e-02,-2.1793e-02,-2.3110e-02,-2.3878e-02,-2.4063e-02,-2.3651e-02,-2.2647e-02,-2.1071e-02,-1.8960e-02,-1.6364e-02,-1.3344e-02,-9.9646e-03,-6.2976e-03,-2.4141e-03,1.6138e-03
2.8873e-03,1.1271e-02,1.9412e-02,2.7161e-02,3.4378e-02,4.0922e-02,4.6664e-02,5.1479e-02,5.5253e-02,5.7886e-02,5.9291e-02,5.9407e-02,5.8193e-02,5.5642e-02,5.1778e-02,4.6663e-02,4.0393e-02,3.3105e-02,2.4967e-02,1.6178e-02,6.9612e-03,-2.4467e-03,-1.1798e-02,-2.0850e-02,-2.9368e-02,-3.7135e-02,-4.3962e-02,-4.9688e-02,-5.4187e-02,-5.7372e-02,-5.9191e-02,-5.9630e-02,-5.8711e-02,-5.6484e-02,-5.3028e-02,-4.8447e-02,-4.2861e-02,-3.6405e-02,-2.9224e-02,-2.1469e-02,-1.3292e-02,-4.8492e-03,3.7084e-03,1.2228e-02,2.0561e-02,2.8554e-02,3.6055e-02,4.2906e-02,4.8941e-02,5.3991e-02,5.7878e-02,6.0431e-02,6.1488e-02,6.0923e-02,5.8667e-02,5.4740e-02,4.9283e-02,4.2587e-02,3.5094e-02,2.7378e-02,2.0078e-02,1.3793e-02,8.9751e-03,5.8319e-03,4.3001e-03,4.0817e-03,4.7412e-03,5.8140e-03,6.9030e-03,7.7295e-03,8.1461e-03,8.1163e-03,7.6808e-03,6.9212e-03,5.9293e-03,4.7881e-03,3.5604e-03,2.2885e-03,9.9789e-04,-2.9813e-04,-1.5886e-03,-2.8617e-03,-4.0988e-03,-5.2750e-03,-6.3565e-03,-7.3075e-03,-8.0879e-03,-8.6622e-03,-9.0010e-03,-9.0829e-03,-8.8993e-03,-8.4532e-03,-7.7588e-03,-6.8398e-03,-5.7280e-03,-4.4597e-03,-3.0720e-03,-1.6014e-03,-8.2938e-05,1.4537e-03
2.3275e-03,1.2529e-02,2.2468e-02,3.1957e-02,4.0810e-02,4.8850e-02,5.5904e-02,6.1813e-02,6.6434e-02,6.9639e-02,7.1329e-02,7.1431e-02,6.9906e-02,6.6755e-02,6.2021e-02,5.5788e-02,4.8187e-02,3.9387e-02,2.9601e-02,1.9066e-02,8.0499e-03,-3.1659e-03,-1.4295e-02,-2.5053e-02,-3.5168e-02,-4.4393e-02,-5.2505e-02,-5.9319e-02,-6.4690e-02,-6.8509e-02,-7.0715e-02,-7.1284e-02,-7.0235e-02,-6.7622e-02,-6.3531e-02,-5.8079e-02,-5.1405e-02,-4.3667e-02,-3.5040e-02,-2.5707e-02,-1.5859e-02,-5.6898e-03,4.6057e-03,1.4835e-02,2.4807e-02,3.4335e-02,4.3234e-02,5.1320e-02,5.8413e-02,6.4331e-02,6.8896e-02,7.1933e-02,7.3282e-02,7.2807e-02,7.0414e-02,6.6079e-02,5.9874e-02,5.2000e-02,4.2811e-02,3.2817e-02,2.2660e-02,1.3042e-02,4.6260e-03,-2.0840e-03,-6.8337e-03,-9.6487e-03,-1.0800e-02,-1.0707e-02,-9.8278e-03,-8.5611e-03,-7.1977e-03,-5.9055e-03,-4.7499e-03,-3.7258e-03,-2.7927e-03,-1.9028e-03,-1.0204e-03,-1.2760e-04,7.7303e-04,1.6641e-03,2.5208e-03,3.3151e-03,4.0237e-03,4.6311e-03,5.1287e-03,5.5181e-03,5.8054e-03,5.9995e-03,6.1107e-03,6.1454e-03,6.1057e-03,5.9891e-03,5.7881e-03,5.4917e-03,5.0876e-03,4.5655e-03,3.9186e-03,3.1444e-03,2.2486e-03,1.2400e-03
1.6768e-03,1.3486e-02,2.5019e-02,3.6050e-02,4.6354e-02,5.5715e-02,6.3925e-02,7.0793e-02,7.6146e-02,7.9839e-02,8.1758e-02,8.1826e-02,8.0007e-02,7.6313e-02,7.0804e-02,6.3589e-02,5.4827e-02,4.4723e-02,3.3519e-02,2.1493e-02,8.9469e-03,-3.8039e-03,-1.6439e-02,-2.8642e-02,-4.0114e-02,-5.0580e-02,-5.9794e-02,-6.7549e-02,-7.3679e-02,-7.8063e-02,-8.0625e-02,-8.1335e-02,-8.0203e-02,-7.7286e-02,-7.2673e-02,-6.6488e-02,-5.8886e-02,-5.0043e-02,-4.0157e-02,-2.9443e-02,-1.8122e-02,-6.4249e-03,5.4146e-03,1.7164e-02,2.8594e-02,3.9478e-02,4.9601e-02,5.8752e-02,6.6732e-02,7.3351e-02,7.8427e-02,8.1793e-02,8.3298e-02,8.2815e-02,8.0252e-02,7.5570e-02,6.8804e-02,6.0093e-02,4.9707e-02,3.8069e-02,2.5754e-02,1.3465e-02,1.9579e-03,-8.0590e-03,-1.6046e-02,-2.1721e-02,-2.5098e-02,-2.6441e-02,-2.6175e-02,-2.4766e-02,-2.2636e-02,-2.0100e-02,-1.7360e-02,-1.4518e-02,-1.1612e-02,-8.6489e-03,-5.6266e-03,-2.5574e-03,5.3242e-04,3.5982e-03,6.5822e-03,9.4225e-03,1.2058e-02,1.4434e-02,1.6502e-02,1.8227e-02,1.9582e-02,2.0549e-02,2.1116e-02,2.1274e-02,2.1017e-02,2.0343e-02,1.9250e-02,1.7742e-02,1.5828e-02,1.3522e-02,1.0848e-02,7.8416e-03,4.5452e-03,1.0098e-03
9.7737e-04,1.4145e-02,2.7027e-02,3.9363e-02,5.0893e-02,6.1365e-02,7.0542e-02,7.8205e-02,8.4157e-02,8.8239e-02,9.0327e-02,9.0342e-02,8.8256e-02,8.4090e-02,7.7925e-02,6.9890e-02,6.0171e-02,4.8999e-02,3.6647e-02,2.3419e-02,9.6451e-03,-4.3336e-03,-1.8172e-02,-3.1532e-02,-4.4093e-02,-5.5559e-02,-6.5668e-02,-7.4195e-02,-8.0958e-02,-8.5825e-02,-8.8704e-02,-8.9558e-02,-8.8391e-02,-8.5255e-02,-8.0240e-02,-7.3476e-02,-6.5125e-02,-5.5380e-02,-4.4455e-02,-3.2588e-02,-2.0031e-02,-7.0436e-03,6.1045e-03,1.9144e-02,3.1810e-02,4.3841e-02,5.4990e-02,6.5019e-02,7.3711e-02,8.0864e-02,8.6297e-02,8.9851e-02,9.1391e-02,9.0809e-02,8.8031e-02,8.3026e-02,7.5824e-02,6.6528e-02,5.5351e-02,4.2629e-02,2.8846e-02,1.4635e-02,7.4311e-04,-1.2038e-02,-2.2976e-02,-3.1517e-02,-3.7375e-02,-4.0570e-02,-4.1382e-02,-4.0254e-02,-3.7681e-02,-3.4113e-02,-2.9902e-02,-2.5288e-02,-2.0420e-02,-1.5380e-02,-1.0220e-02,-4.9892e-03,2.5863e-04,5.4536e-03,1.0511e-02,1.5340e-02,1.9844e-02,2.3933e-02,2.7524e-02,3.0546e-02,3.2940e-02,3.4660e-02,3.5670e-02,3.5948e-02,3.5480e-02,3.4263e-02,3.2302e-02,2.9615e-02,2.6231e-02,2.2192e-02,1.7555e-02,1.2388e-02,6.7728e-03,8.0005e-04
2.7251e-04,1.4515e-02,2.8464e-02,4.1830e-02,5.4325e-02,6.5669e-02,7.5597e-02,8.3866e-02,9.0269e-02,9.4631e-02,9.6824e-02,9.6773e-02,9.4456e-02,8.9908e-02,8.3224e-02,7.4556e-02,6.4109e-02,5.2136e-02,3.8930e-02,2.4817e-02,1.0143e-02,-4.7321e-03,-1.9449e-02,-3.3654e-02,-4.7016e-02,-5.9223e-02,-7.0003e-02,-7.9118e-02,-8.6375e-02,-9.1627e-02,-9.4775e-02,-9.5771e-02,-9.4611e-02,-9.1342e-02,-8.6052e-02,-7.8870e-02,-6.9965e-02,-5.9538e-02,-4.7817e-02,-3.5058e-02,-2.1534e-02,-7.5317e-03,6.6501e-03,2.0712e-02,3.4357e-02,4.7292e-02,5.9241e-02,6.9944e-02,7.9164e-02,8.6688e-02,9.2338e-02,9.5961e-02,9.7440e-02,9.6691e-02,9.3667e-02,8.8361e-02,8.0813e-02,7.1125e-02,5.9472e-02,4.6129e-02,3.1490e-02,1.6089e-02,5.9417e-04,-1.4223e-02,-2.7557e-02,-3.8671e-02,-4.7019e-02,-5.2334e-02,-5.4657e-02,-5.4297e-02,-5.1731e-02,-4.7487e-02,-4.2055e-02,-3.5826e-02,-2.9084e-02,-2.2021e-02,-1.4767e-02,-7.4214e-03,-7.4102e-05,7.1761e-03,1.4222e-02,2.0946e-02,2.7225e-02,3.2936e-02,3.7967e-02,4.2212e-02,4.5585e-02,4.8011e-02,4.9437e-02,4.9823e-02,4.9148e-02,4.7409e-02,4.4620e-02,4.0813e-02,3.6038e-02,3.0364e-02,2.3878e-02,1.6682e-02,8.8933e-03,6.4011e-04
-3.9521e-04,1.4609e-02,2.9312e-02,4.3405e-02,5.6576e-02,6.8522e-02,7.8961e-02,8.7636e-02,9.4325e-02,9.8852e-02,1.0109e-01,1.0096e-01,9.8461e-02,9.3633e-02,8.6588e-02,7.7492e-02,6.6566e-02,5.4078e-02,4.0333e-02,2.5669e-02,1.0441e-02,-4.9833e-03,-2.0238e-02,-3.4965e-02,-4.8823e-02,-6.1501e-02,-7.2715e-02,-8.2221e-02,-8.9817e-02,-9.5350e-02,-9.8708e-02,-9.9835e-02,-9.8720e-02,-9.5400e-02,-8.9961e-02,-8.2528e-02,-7.3272e-02,-6.2398e-02,-5.0143e-02,-3.6774e-02,-2.2581e-02,-7.8709e-03,7.0375e-03,2.1819e-02,3.6151e-02,4.9716e-02,6.2216e-02,7.3368e-02,8.2922e-02,9.0658e-02,9.6396e-02,9.9991e-02,1.0134e-01,1.0039e-01,9.7123e-02,9.1554e-02,8.3753e-02,7.3829e-02,6.1951e-02,4.8356e-02,3.3367e-02,1.7420e-02,1.0753e-03,-1.4984e-02,-2.9982e-02,-4.3121e-02,-5.3681e-02,-6.1142e-02,-6.5269e-02,-6.6138e-02,-6.4098e-02,-5.9663e-02,-5.3404e-02,-4.5849e-02,-3.7432e-02,-2.8481e-02,-1.9231e-02,-9.8567e-03,-5.0084e-04,8.7052e-03,1.7628e-02,2.6126e-02,3.4052e-02,4.1262e-02,4.7614e-02,5.2978e-02,5.7239e-02,6.0303e-02,6.2095e-02,6.2566e-02,6.1687e-02,5.9456e-02,5.5895e-02,5.1052e-02,4.4998e-02,3.7828e-02,2.9657e-02,2.0619e-02,1.0864e-02,5.5024e-04
-9.8589e-04,1.4441e-02,2.9564e-02,4.4055e-02,5.7589e-02,6.9850e-02,8.0544e-02,8.9407e-02,9.6215e-02,1.0079e-01,1.0301e-01,1.0281e-01,1.0018e-01,9.5187e-02,8.7949e-02,7.8645e-02,6.7503e-02,5.4798e-02,4.0841e-02,2.5970e-02,1.0542e-02,-5.0770e-03,-2.0522e-02,-3.5438e-02,-4.9486e-02,-6.2354e-02,-7.3757e-02,-8.3449e-02,-9.1224e-02,-9.6919e-02,-1.0042e-01,-1.0166e-01,-1.0062e-01,-9.7323e-02,-9.1857e-02,-8.4342e-02,-7.4942e-02,-6.3864e-02,-5.1349e-02,-3.7671e-02,-2.3128e-02,-8.0400e-03,7.2592e-03,2.2429e-02,3.7128e-02,5.1023e-02,6.3799e-02,7.5161e-02,8.4847e-02,9.2634e-02,9.8341e-02,1.0183e-01,1.0302e-01,1.0187e-01,9.8392e-02,9.2631e-02,8.4682e-02,7.4677e-02,6.2789e-02,4.9236e-02,3.4300e-02,1.8336e-02,1.7977e-03,-1.4749e-02,-3.0626e-02,-4.5073e-02,-5.7318e-02,-6.6675e-02,-7.2662e-02,-7.5085e-02,-7.4065e-02,-6.9994e-02,-6.3429e-02,-5.4981e-02,-4.5220e-02,-3.4621e-02,-2.3552e-02,-1.2292e-02,-1.0564e-03,9.9752e-03,2.0636e-02,3.0760e-02,4.0183e-02,4.8739e-02,5.6265e-02,6.2613e-02,6.7648e-02,7.1258e-02,7.3353e-02,7.3874e-02,7.2791e-02,7.0103e-02,6.5843e-02,6.0072e-02,5.2882e-02,4.4391e-02,3.4744e-02,2.4100e-02,1.2635e-02,5.3740e-04
-1.4695e-03,1.4031e-02,2.9220e-02,4.3764e-02,5.7334e-02,6.9609e-02,8.0294e-02,8.9124e-02,9.5880e-02,1.0039e-01,1.0253e-01,1.0226e-01,9.9570e-02,9.4538e-02,8.7289e-02,7.8004e-02,6.6916e-02,5.4297e-02,4.0456e-02,2.5724e-02,1.0451e-02,-5.0086e-03,-2.0299e-02,-3.5073e-02,-4.9002e-02,-6.1778e-02,-7.3122e-02,-8.2789e-02,-9.0573e-02,-9.6308e-02,-9.9873e-02,-1.0120e-01,-1.0025e-01,-9.7052e-02,-9.1679e-02,-8.4243e-02,-7.4906e-02,-6.3872e-02,-5.1378e-02,-3.7700e-02,-2.3139e-02,-8.0202e-03,7.3164e-03,2.2522e-02,3.7248e-02,5.1153e-02,6.3913e-02,7.5230e-02,8.4838e-02,9.2514e-02,9.8080e-02,1.0141e-01,1.0243e-01,1.0111e-01,9.7491e-02,9.1643e-02,8.3681e-02,7.3759e-02,6.2061e-02,4.8804e-02,3.4242e-02,1.8677e-02,2.4769e-03,-1.3908e-02,-2.9925e-02,-4.4919e-02,-5.8162e-02,-6.8921e-02,-7.6553e-02,-8.0622e-02,-8.0984e-02,-7.7808e-02,-7.1528e-02,-6.2747e-02,-5.2114e-02,-4.0239e-02,-2.7635e-02,-1.4708e-02,-1.7737e-03,1.0916e-02,2.3150e-02,3.4732e-02,4.5477e-02,5.5204e-02,6.3738e-02,7.0915e-02,7.6587e-02,8.0631e-02,8.2951e-02,8.3481e-02,8.2192e-02,7.9088e-02,7.4212e-02,6.7640e-02,5.9484e-02,4.9883e-02,3.9003e-02,2.7028e-02,1.4156e-02,5.9344e-04
-1.8222e-03,1.3393e-02,2.8287e-02,4.2534e-02,5.5807e-02,6.7791e-02,7.8200e-02,8.6777e-02,9.3312e-02,9.7641e-02,9.9663e-02,9.9329e-02,9.6654e-02,9.1712e-02,8.4633e-02,7.5597e-02,6.4831e-02,5.2599e-02,3.9198e-02,2.4944e-02,1.0171e-02,-4.7824e-03,-1.9579e-02,-3.3888e-02,-4.7393e-02,-5.9800e-02,-7.0839e-02,-8.0271e-02,-8.7892e-02,-9.3537e-02,-9.7084e-02,-9.8454e-02,-9.7613e-02,-9.4576e-02,-8.9404e-02,-8.2208e-02,-7.3137e-02,-6.2388e-02,-5.0197e-02,-3.6831e-02,-2.2590e-02,-7.7951e-03,7.2151e-03,2.2093e-02,3.6493e-02,5.0076e-02,6.2518e-02,7.3529e-02,8.2844e-02,9.0247e-02,9.5567e-02,9.8686e-02,9.9539e-02,9.8116e-02,9.4460e-02,8.8660e-02,8.0849e-02,7.1193e-02,5.9889e-02,4.7156e-02,3.3237e-02,1.8399e-02,2.9482e-03,-1.2758e-02,-2.8288e-02,-4.3118e-02,-5.6630e-02,-6.8141e-02,-7.6963e-02,-8.2506e-02,-8.4384e-02,-8.2503e-02,-7.7079e-02,-6.8593e-02,-5.7685e-02,-4.5044e-02,-3.1313e-02,-1.7039e-02,-2.6636e-03,1.1468e-02,2.5076e-02,3.7924e-02,4.9801e-02,6.0510e-02,6.9867e-02,7.7701e-02,8.3860e-02,8.8216e-02,9.0673e-02,9.1166e-02,8.9668e-02,8.6195e-02,8.0797e-02,7.3570e-02,6.4638e-02,5.4160e-02,4.2321e-02,2.9321e-02,1.5373e-02,6.9705e-04
-2.0331e-03,1.2540e-02,2.6782e-02,4.0383e-02,5.3029e-02,6.4424e-02,7.4296e-02,8.2406e-02,8.8559e-02,9.2609e-02,9.4464e-02,9.4089e-02,9.1503e-02,8.6782e-02,8.0054e-02,7.1491e-02,6.1307e-02,4.9752e-02,3.7101e-02,2.3651e-02,9.7086e-03,-4.4096e-03,-1.8389e-02,-3.1921e-02,-4.4711e-02,-5.6480e-02,-6.6973e-02,-7.5960e-02,-8.3248e-02,-8.8673e-02,-9.2114e-02,-9.3488e-02,-9.2759e-02,-8.9934e-02,-8.5068e-02,-7.8257e-02,-6.9646e-02,-5.9422e-02,-4.7808e-02,-3.5062e-02,-2.1475e-02,-7.3571e-03,6.9641e-03,2.1152e-02,3.4872e-02,4.7798e-02,5.9622e-02,7.0062e-02,7.8870e-02,8.5841e-02,9.0816e-02,9.3685e-02,9.4392e-02,9.2936e-02,8.9364e-02,8.3771e-02,7.6296e-02,6.7109e-02,5.6413e-02,4.4426e-02,3.1386e-02,1.7541e-02,3.1546e-03,-1.1482e-02,-2.6035e-02,-4.0107e-02,-5.3215e-02,-6.4788e-02,-7.4194e-02,-8.0797e-02,-8.4061e-02,-8.3652e-02,-7.9524e-02,-7.1942e-02,-6.1424e-02,-4.8649e-02,-3.4337e-02,-1.9162e-02,-3.6975e-03,1.1589e-02,2.6328e-02,4.0222e-02,5.3022e-02,6.4513e-02,7.4502e-02,8.2816e-02,8.9306e-02,9.3848e-02,9.6351e-02,9.6758e-02,9.5054e-02,9.1262e-02,8.5449e-02,7.7721e-02,6.8220e-02,5.7118e-02,4.4611e-02,3.0911e-02,1.6239e-02,8.2046e-04
-2.1033e-03,1.1484e-02,2.4729e-02,3.7347e-02,4.9051e-02,5.9572e-02,6.8660e-02,7.6103e-02,8.1726e-02,8.5404e-02,8.7058e-02,8.6663e-02,8.4242e-02,7.9870e-02,7.3665e-02,6.5787e-02,5.6431e-02,4.5824e-02,3.4215e-02,2.1869e-02,9.0673e-03,-3.9057e-03,-1.6765e-02,-2.9229e-02,-4.1026e-02,-5.1902e-02,-6.1619e-02,-6.9964e-02,-7.6751e-02,-8.1825e-02,-8.5070e-02,-8.6403e-02,-8.5784e-02,-8.3217e-02,-7.8746e-02,-7.2461e-02,-6.4495e-02,-5.5020e-02,-4.4245e-02,-3.2417e-02,-1.9807e-02,-6.7067e-03,6.5731e-03,1.9718e-02,3.2416e-02,4.4362e-02,5.5272e-02,6.4887e-02,7.2981e-02,7.9366e-02,8.3899e-02,8.6484e-02,8.7071e-02,8.5661e-02,8.2301e-02,7.7083e-02,7.0140e-02,6.1637e-02,5.1770e-02,4.0753e-02,2.8814e-02,1.6187e-02,3.1125e-03,-1.0165e-02,-2.3381e-02,-3.6240e-02,-4.8388e-02,-5.9391e-02,-6.8733e-02,-7.5835e-02,-8.0117e-02,-8.1094e-02,-7.8483e-02,-7.2285e-02,-6.2804e-02,-5.0596e-02,-3.6367e-02,-2.0865e-02,-4.7848e-03,1.1278e-02,2.6841e-02,4.1522e-02,5.5018e-02,6.7082e-02,7.7510e-02,8.6130e-02,9.2798e-02,9.7403e-02,9.9866e-02,1.0014e-01,9.8239e-02,9.4188e-02,8.8072e-02,8.0011e-02,7.0156e-02,5.8690e-02,4.5816e-02,3.1750e-02,1.6714e-02,9.3164e-04
-2.0414e-03,1.0233e-02,2.2160e-02,3.3483e-02,4.3953e-02,5.3336e-02,6.1415e-02,6.8009e-02,7.2971e-02,7.6196e-02,7.7621e-02,7.7230e-02,7.5047e-02,7.1141e-02,6.5619e-02,5.8621e-02,5.0316e-02,4.0904e-02,3.0599e-02,1.9635e-02,8.2541e-03,-3.2929e-03,-1.4754e-02,-2.5881e-02,-3.6433e-02,-4.6179e-02,-5.4905e-02,-6.2418e-02,-6.8545e-02,-7.3145e-02,-7.6106e-02,-7.7350e-02,-7.6836e-02,-7.4563e-02,-7.0572e-02,-6.4939e-02,-5.7786e-02,-4.9270e-02,-3.9583e-02,-2.8950e-02,-1.7618e-02,-5.8573e-03,6.0516e-03,1.7824e-02,2.9178e-02,3.9842e-02,4.9564e-02,5.8116e-02,6.5301e-02,7.0957e-02,7.4959e-02,7.7226e-02,7.7716e-02,7.6429e-02,7.3406e-02,6.8729e-02,6.2514e-02,5.4910e-02,4.6095e-02,3.6268e-02,2.5643e-02,1.4440e-02,2.8801e-03,-8.8196e-03,-2.0445e-02,-3.1768e-02,-4.2541e-02,-5.2460e-02,-6.1149e-02,-6.8147e-02,-7.2931e-02,-7.4973e-02,-7.3838e-02,-6.9288e-02,-6.1363e-02,-5.0402e-02,-3.6987e-02,-2.1849e-02,-5.7509e-03,1.0598e-02,2.6593e-02,4.1747e-02,5.5680e-02,6.8098e-02,7.8775e-02,8.7533e-02,9.4239e-02,9.8796e-02,1.0115e-01,1.0127e-01,9.9178e-02,9.4935e-02,8.8636e-02,8.0412e-02,7.0423e-02,5.8857e-02,4.5917e-02,3.1817e-02,1.6773e-02,9.9990e-04
-1.8759e-03,8.7967e-03,1.9114e-02,2.8864e-02,3.7841e-02,4.5853e-02,5.2726e-02,5.8314e-02,6.2501e-02,6.5205e-02,6.6379e-02,6.6015e-02,6.4137e-02,6.0803e-02,5.6104e-02,5.0155e-02,4.3099e-02,3.5097e-02,2.6328e-02,1.6985e-02,7.2742e-03,-2.5969e-03,-1.2414e-02,-2.1964e-02,-3.1041e-02,-3.9443e-02,-4.6984e-02,-5.3491e-02,-5.8813e-02,-6.2822e-02,-6.5416e-02,-6.6524e-02,-6.6106e-02,-6.4161e-02,-6.0721e-02,-5.5855e-02,-4.9669e-02,-4.2302e-02,-3.3927e-02,-2.4740e-02,-1.4964e-02,-4.8321e-03,5.4082e-03,1.5511e-02,2.5233e-02,3.4344e-02,4.2633e-02,4.9910e-02,5.6013e-02,6.0810e-02,6.4200e-02,6.6118e-02,6.6529e-02,6.5431e-02,6.2858e-02,5.8871e-02,5.3564e-02,4.7062e-02,3.9513e-02,3.1091e-02,2.1986e-02,1.2398e-02,2.5288e-03,-7.4242e-03,-1.7276e-02,-2.6850e-02,-3.5968e-02,-4.4431e-02,-5.1997e-02,-5.8344e-02,-6.3072e-02,-6.5708e-02,-6.5774e-02,-6.2874e-02,-5.6810e-02,-4.7650e-02,-3.5759e-02,-2.1738e-02,-6.3292e-03,9.6971e-03,2.5630e-02,4.0868e-02,5.4935e-02,6.7466e-02,7.8198e-02,8.6940e-02,9.3562e-02,9.7983e-02,1.0017e-01,1.0012e-01,9.7877e-02,9.3524e-02,8.7170e-02,7.8957e-02,6.9054e-02,5.7646e-02,4.4933e-02,3.1119e-02,1.6410e-02,1.0048e-03
-1.6355e-03,7.1826e-03,1.5642e-02,2.3581e-02,3.0847e-02,3.7295e-02,4.2798e-02,4.7249e-02,5.0568e-02,5.2696e-02,5.3604e-02,5.3288e-02,5.1771e-02,4.9098e-02,4.5338e-02,4.0582e-02,3.4934e-02,2.8523e-02,2.1484e-02,1.3968e-02,6.1362e-03,-1.8457e-03,-9.8069e-03,-1.7574e-02,-2.4976e-02,-3.1847e-02,-3.8030e-02,-4.3380e-02,-4.7767e-02,-5.1080e-02,-5.3232e-02,-5.4161e-02,-5.3832e-02,-5.2241e-02,-4.9416e-02,-4.5417e-02,-4.0333e-02,-3.4284e-02,-2.7416e-02,-1.9899e-02,-1.1916e-02,-3.6661e-03,4.6485e-03,1.2826e-02,2.0671e-02,2.8001e-02,3.4650e-02,4.0473e-02,4.5348e-02,4.9177e-02,5.1885e-02,5.3424e-02,5.3766e-02,5.2911e-02,5.0876e-02,4.7705e-02,4.3463e-02,3.8240e-02,3.2149e-02,2.5329e-02,1.7935e-02,1.0139e-02,2.1205e-03,-5.9445e-03,-1.3892e-02,-2.1577e-02,-2.8867e-02,-3.5639e-02,-4.1753e-02,-4.7025e-02,-5.1193e-02,-5.3910e-02,-5.4749e-02,-5.3268e-02,-4.9107e-02,-4.2089e-02,-3.2305e-02,-2.0130e-02,-6.1753e-03,8.8180e-03,2.4084e-02,3.8924e-02,5.2756e-02,6.5128e-02,7.5715e-02,8.4295e-02,9.0730e-02,9.4952e-02,9.6945e-02,9.6738e-02,9.4398e-02,9.0027e-02,8.3753e-02,7.5728e-02,6.6124e-02,5.5122e-02,4.2914e-02,2.9690e-02,1.5637e-02,9.3408e-04
-1.3603e-03,5.4000e-03,1.1803e-02,1.7745e-02,2.3128e-02,2.7860e-02,3.1867e-02,3.5084e-02,3.7464e-02,3.8976e-02,3.9606e-02,3.9355e-02,3.8241e-02,3.6295e-02,3.3565e-02,3.0109e-02,2.5999e-02,2.1318e-02,1.6163e-02,1.0635e-02,4.8505e-03,-1.0698e-03,-7.0021e-03,-1.2814e-02,-1.8377e-02,-2.3560e-02,-2.8241e-02,-3.2304e-02,-3.5645e-02,-3.8175e-02,-3.9821e-02,-4.0534e-02,-4.0286e-02,-3.9073e-02,-3.6919e-02,-3.3872e-02,-3.0005e-02,-2.5415e-02,-2.0221e-02,-1.4556e-02,-8.5657e-03,-2.4029e-03,3.7783e-03,9.8266e-03,1.5600e-02,2.0969e-02,2.5817e-02,3.0048e-02,3.3582e-02,3.6357e-02,3.8325e-02,3.9458e-02,3.9736e-02,3.9157e-02,3.7726e-02,3.5464e-02,3.2406e-02,2.8605e-02,2.4132e-02,1.9082e-02,1.3568e-02,7.7254e-03,1.7010e-03,-4.3552e-03,-1.0299e-02,-1.6006e-02,-2.1374e-02,-2.6328e-02,-3.0800e-02,-3.4713e-02,-3.7940e-02,-4.0275e-02,-4.1413e-02,-4.0965e-02,-3.8514e-02,-3.3715e-02,-2.6403e-02,-1.6676e-02,-4.9105e-03,8.2890e-03,2.2193e-02,3.6054e-02,4.9201e-02,6.1085e-02,7.1301e-02,7.9572e-02,8.5737e-02,8.9724e-02,9.1530e-02,9.1207e-02,8.8844e-02,8.4565e-02,7.8515e-02,7.0854e-02,6.1754e-02,5.1393e-02,3.9947e-02,2.7590e-02,1.4485e-02,7.8856e-04
-1.0891e-03,3.4615e-03,7.6660e-03,1.1478e-02,1.4858e-02,1.7774e-02,2.0200e-02,2.2115e-02,2.3511e-02,2.4380e-02,2.4723e-02,2.4547e-02,2.3865e-02,2.2692e-02,2.1051e-02,1.8969e-02,1.6482e-02,1.3632e-02,1.0468e-02,7.0464e-03,3.4330e-03,-2.9847e-04,-4.0697e-03,-7.7969e-03,-1.1391e-02,-1.4764e-02,-1.7829e-02,-2.0503e-02,-2.2711e-02,-2.4387e-02,-2.5478e-02,-2.5948e-02,-2.5776e-02,-2.4962e-02,-2.3524e-02,-2.1498e-02,-1.8941e-02,-1.5924e-02,-1.2533e-02,-8.8617e-03,-5.0134e-03,-1.0911e-03,2.8042e-03,6.5763e-03,1.0140e-02,1.3422e-02,1.6359e-02,1.8903e-02,2.1019e-02,2.2681e-02,2.3869e-02,2.4574e-02,2.4785e-02,2.4498e-02,2.3708e-02,2.2414e-02,2.0619e-02,1.8340e-02,1.5602e-02,1.2452e-02,8.9542e-03,5.1989e-03,1.2914e-03,-2.6514e-03,-6.5115e-03,-1.0184e-02,-1.3589e-02,-1.6676e-02,-1.9426e-02,-2.1834e-02,-2.3880e-02,-2.5492e-02,-2.6507e-02,-2.6651e-02,-2.5555e-02,-2.2810e-02,-1.8071e-02,-1.1170e-02,-2.1974e-03,8.4835e-03,2.0286e-02,3.2505e-02,4.4429e-02,5.5427e-02,6.5001e-02,7.2802e-02,7.8618e-02,8.2353e-02,8.4005e-02,8.3635e-02,8.1350e-02,7.7291e-02,7.1617e-02,6.4495e-02,5.6097e-02,4.6592e-02,3.6142e-02,2.4898e-02,1.3002e-02,5.8003e-04
-8.6464e-04,1.3864e-03,3.3085e-03,4.9170e-03,6.2326e-03,7.2781e-03,8.0799e-03,8.6628e-03,9.0504e-03,9.2629e-03,9.3156e-03,9.2192e-03,8.9793e-03,8.5986e-03,8.0750e-03,7.4055e-03,6.5870e-03,5.6215e-03,4.5105e-03,3.2657e-03,1.9013e-03,4.4140e-04,-1.0828e-03,-2.6354e-03,-4.1736e-03,-5.6514e-03,-7.0205e-03,-8.2334e-03,-9.2464e-03,-1.0019e-02,-1.0521e-02,-1.0731e-02,-1.0636e-02,-1.0240e-02,-9.5527e-03,-8.6018e-03,-7.4214e-03,-6.0563e-03,-4.5565e-03,-2.9752e-03,-1.3664e-03,2.1793e-04,1.7339e-03,3.1444e-03,4.4213e-03,5.5484e-03,6.5164e-03,7.3264e-03,7.9856e-03,8.5035e-03,8.8893e-03,9.1498e-03,9.2863e-03,9.2919e-03,9.1526e-03,8.8487e-03,8.3553e-03,7.6502e-03,6.7157e-03,5.5481e-03,4.1623e-03,2.5922e-03,8.9610e-04,-8.5088e-04,-2.5655e-03,-4.1689e-03,-5.5990e-03,-6.8251e-03,-7.8536e-03,-8.7223e-03,-9.4834e-03,-1.0170e-02,-1.0752e-02,-1.1095e-02,-1.0939e-02,-9.9121e-03,-7.5965e-03,-3.6307e-03,2.1738e-03,9.7481e-03,1.8754e-02,2.8635e-02,3.8724e-02,4.8356e-02,5.6956e-02,6.4085e-02,6.9460e-02,7.2936e-02,7.4483e-02,7.4159e-02,7.2074e-02,6.8379e-02,6.3241e-02,5.6833e-02,4.9324e-02,4.0872e-02,3.1624e-02,2.1711e-02,1.1247e-02,3.3038e-04
-7.2111e-04,-8.0214e-04,-1.1840e-03,-1.7915e-03,-2.5483e-03,-3.3741e-03,-4.1957e-03,-4.9442e-03,-5.5628e-03,-6.0070e-03,-6.2469e-03,-6.2672e-03,-6.0681e-03,-5.6608e-03,-5.0698e-03,-4.3277e-03,-3.4722e-03,-2.5450e-03,-1.5856e-03,-6.3312e-04,2.7940e-04,1.1268e-03,1.8878e-03,2.5529e-03,3.1154e-03,3.5796e-03,3.9503e-03,4.2377e-03,4.4540e-03,4.6091e-03,4.7122e-03,4.7699e-03,4.7824e-03,4.7470e-03,4.6567e-03,4.4994e-03,4.2626e-03,3.9313e-03,3.4934e-03,2.9389e-03,2.2650e-03,1.4750e-03,5.8156e-04,-3.9336e-04,-1.4189e-03,-2.4568e-03,-3.4623e-03,-4.3869e-03,-5.1850e-03,-5.8119e-03,-6.2329e-03,-6.4233e-03,-6.3731e-03,-6.0881e-03,-5.5893e-03,-4.9147e-03,-4.1122e-03,-3.2394e-03,-2.3532e-03,-1.5067e-03,-7.3732e-04,-6.7024e-05,5.0733e-04,1.0089e-03,1.4784e-03,1.9615e-03,2.4955e-03,3.0942e-03,3.7369e-03,4.3624e-03,4.8795e-03,5.1846e-03,5.2076e-03,4.9535e-03,4.5486e-03,4.2612e-03,4.4856e-03,5.6691e-03,8.2078e-03,1.2322e-02,1.7978e-02,2.4872e-02,3.2490e-02,4.0212e-02,4.7428e-02,5.3624e-02,5.8427e-02,6.1618e-02,6.3115e-02,6.2939e-02,6.1191e-02,5.8017e-02,5.3582e-02,4.8060e-02,4.1614e-02,3.4394e-02,2.6530e-02,1.8130e-02,9.2852e-03,6.5910e-05
-6.8746e-04,-3.0718e-03,-5.7181e-03,-8.4965e-03,-1.1277e-02,-1.3927e-02,-1.6329e-02,-1.8375e-02,-1.9975e-02,-2.1063e-02,-2.1594e-02,-2.1548e-02,-2.0928e-02,-1.9759e-02,-1.8087e-02,-1.5968e-02,-1.3477e-02,-1.0691e-02,-7.6945e-03,-4.5714e-03,-1.4027e-03,1.7362e-03,4.7747e-03,7.6531e-03,1.0319e-02,1.2727e-02,1.4843e-02,1.6637e-02,1.8085e-02,1.9170e-02,1.9877e-02,2.0195e-02,2.0117e-02,1.9638e-02,1.8758e-02,1.7479e-02,1.5814e-02,1.3780e-02,1.1402e-02,8.7187e-03,5.7769e-03,2.6354e-03,-6.3582e-04,-3.9570e-03,-7.2405e-03,-1.0395e-02,-1.3327e-02,-1.5944e-02,-1.8162e-02,-1.9906e-02,-2.1119e-02,-2.1759e-02,-2.1807e-02,-2.1265e-02,-2.0164e-02,-1.8551e-02,-1.6496e-02,-1.4085e-02,-1.1413e-02,-8.5752e-03,-5.6612e-03,-2.7479e-03,1.0849e-04,2.8752e-03,5.5402e-03,8.1054e-03,1.0576e-02,1.2945e-02,1.5177e-02,1.7204e-02,1.8916e-02,2.0174e-02,2.0844e-02,2.0835e-02,2.0150e-02,1.8931e-02,1.7476e-02,1.6226e-02,1.5673e-02,1.6260e-02,1.8253e-02,2.1659e-02,2.6217e-02,3.1459e-02,3.6819e-02,4.1745e-02,4.5783e-02,4.8622e-02,5.0095e-02,5.0164e-02,4.8891e-02,4.6395e-02,4.2832e-02,3.8364e-02,3.3146e-02,2.7316e-02,2.0991e-02,1.4258e-02,7.1849e-03,-1.8441e-04
-7.8121e-04,-5.3816e-03,-1.0196e-02,-1.5045e-02,-1.9748e-02,-2.4131e-02,-2.8032e-02,-3.1308e-02,-3.3843e-02,-3.5547e-02,-3.6363e-02,-3.6264e-02,-3.5257e-02,-3.3376e-02,-3.0682e-02,-2.7257e-02,-2.3205e-02,-1.8639e-02,-1.3683e-02,-8.4639e-03,-3.1101e-03,2.2559e-03,7.5141e-03,1.2555e-02,1.7277e-02,2.1591e-02,2.5417e-02,2.8686e-02,3.1340e-02,3.3332e-02,3.4622e-02,3.5185e-02,3.5004e-02,3.4076e-02,3.2406e-02,3.0016e-02,2.6944e-02,2.3238e-02,1.8967e-02,1.4212e-02,9.0739e-03,3.6634e-03,-1.8923e-03,-7.4611e-03,-1.2901e-02,-1.8073e-02,-2.2835e-02,-2.7059e-02,-3.0627e-02,-3.3436e-02,-3.5407e-02,-3.6485e-02,-3.6640e-02,-3.5875e-02,-3.4220e-02,-3.1733e-02,-2.8504e-02,-2.4637e-02,-2.0260e-02,-1.5507e-02,-1.0514e-02,-5.4118e-03,-3.1291e-04,4.6891e-03,9.5224e-03,1.4138e-02,1.8499e-02,2.2569e-02,2.6297e-02,2.9607e-02,3.2385e-02,3.4486e-02,3.5746e-02,3.6018e-02,3.5213e-02,3.3356e-02,3.0629e-02,2.7386e-02,2.4125e-02,2.1400e-02,1.9709e-02,1.9366e-02,2.0424e-02,2.2665e-02,2.5669e-02,2.8920e-02,3.1918e-02,3.4263e-02,3.5687e-02,3.6064e-02,3.5381e-02,3.3712e-02,3.1179e-02,2.7922e-02,2.4083e-02,1.9786e-02,1.5131e-02,1.0189e-02,5.0065e-03,-3.9461e-04
-1.0071e-03,-7.6843e-03,-1.4518e-02,-2.1285e-02,-2.7766e-02,-3.3744e-02,-3.9026e-02,-4.3439e-02,-4.6840e-02,-4.9121e-02,-5.0210e-02,-5.0077e-02,-4.8725e-02,-4.6196e-02,-4.2566e-02,-3.7937e-02,-3.2436e-02,-2.6208e-02,-1.9415e-02,-1.2221e-02,-4.7998e-03,2.6786e-03,1.0048e-02,1.7151e-02,2.3839e-02,2.9975e-02,3.5436e-02,4.0115e-02,4.3918e-02,4.6767e-02,4.8604e-02,4.9386e-02,4.9089e-02,4.7711e-02,4.5269e-02,4.1803e-02,3.7376e-02,3.2071e-02,2.5997e-02,1.9282e-02,1.2073e-02,4.5339e-03,-3.1584e-03,-1.0820e-02,-1.8264e-02,-2.5303e-02,-3.1760e-02,-3.7470e-02,-4.2286e-02,-4.6083e-02,-4.8762e-02,-5.0254e-02,-5.0525e-02,-4.9571e-02,-4.7425e-02,-4.4151e-02,-3.9848e-02,-3.4643e-02,-2.8686e-02,-2.2142e-02,-1.5191e-02,-8.0083e-03,-7.6440e-04,6.3893e-03,1.3320e-02,1.9920e-02,2.6101e-02,3.1789e-02,3.6908e-02,4.1375e-02,4.5076e-02,4.7874e-02,4.9605e-02,5.0101e-02,4.9224e-02,4.6915e-02,4.3247e-02,3.8462e-02,3.2984e-02,2.7380e-02,2.2273e-02,1.8216e-02,1.5572e-02,1.4432e-02,1.4619e-02,1.5753e-02,1.7358e-02,1.8977e-02,2.0244e-02,2.0921e-02,2.0899e-02,2.0172e-02,1.8804e-02,1.6900e-02,1.4574e-02,1.1930e-02,9.0548e-03,6.0024e-03,2.8011e-03,-5.4785e-04
-1.3569e-03,-9.9248e-03,-1.8582e-02,-2.7074e-02,-3.5144e-02,-4.2550e-02,-4.9065e-02,-5.4494e-02,-5.8672e-02,-6.1476e-02,-6.2822e-02,-6.2670e-02,-6.1024e-02,-5.7929e-02,-5.3469e-02,-4.7762e-02,-4.0955e-02,-3.3221e-02,-2.4752e-02,-1.5750e-02,-6.4277e-03,3.0020e-03,1.2328e-02,2.1346e-02,2.9861e-02,3.7692e-02,4.4674e-02,5.0661e-02,5.5526e-02,5.9163e-02,6.1493e-02,6.2459e-02,6.2033e-02,6.0217e-02,5.7037e-02,5.2556e-02,4.6860e-02,4.0069e-02,3.2329e-02,2.3812e-02,1.4709e-02,5.2326e-03,-4.3963e-03,-1.3949e-02,-2.3196e-02,-3.1914e-02,-3.9893e-02,-4.6936e-02,-5.2873e-02,-5.7560e-02,-6.0882e-02,-6.2759e-02,-6.3148e-02,-6.2043e-02,-5.9474e-02,-5.5511e-02,-5.0261e-02,-4.3862e-02,-3.6484e-02,-2.8318e-02,-1.9577e-02,-1.0479e-02,-1.2421e-03,7.9248e-03,1.6830e-02,2.5303e-02,3.3202e-02,4.0406e-02,4.6807e-02,5.2304e-02,5.6787e-02,6.0130e-02,6.2187e-02,6.2798e-02,6.1817e-02,5.9142e-02,5.4766e-02,4.8826e-02,4.1642e-02,3.3714e-02,2.5684e-02,1.8237e-02,1.1979e-02,7.3080e-03,4.3497e-03,2.9514e-03,2.7601e-03,3.3296e-03,4.2269e-03,5.1033e-03,5.7324e-03,6.0014e-03,5.8931e-03,5.4512e-03,4.7476e-03,3.8586e-03,2.8496e-03,1.7615e-03,6.0502e-04,-6.3418e-04
-1.8086e-03,-1.2043e-02,-2.2293e-02,-3.2279e-02,-4.1720e-02,-5.0351e-02,-5.7926e-02,-6.4228e-02,-6.9080e-02,-7.2342e-02,-7.3918e-02,-7.3764e-02,-7.1878e-02,-6.8307e-02,-6.3137e-02,-5.6500e-02,-4.8559e-02,-3.9507e-02,-2.9561e-02,-1.8958e-02,-7.9428e-03,3.2316e-03,1.4311e-02,2.5051e-02,3.5210e-02,4.4568e-02,5.2918e-02,6.0079e-02,6.5890e-02,7.0223e-02,7.2980e-02,7.4091e-02,7.3528e-02,7.1294e-02,6.7431e-02,6.2020e-02,5.5175e-02,4.7049e-02,3.7823e-02,2.7707e-02,1.6934e-02,5.7557e-03,-5.5662e-03,-1.6766e-02,-2.7580e-02,-3.7754e-02,-4.7050e-02,-5.5248e-02,-6.2160e-02,-6.7622e-02,-7.1509e-02,-7.3731e-02,-7.4237e-02,-7.3016e-02,-7.0100e-02,-6.5556e-02,-5.9497e-02,-5.2070e-02,-4.3459e-02,-3.3875e-02,-2.3556e-02,-1.2754e-02,-1.7315e-03,9.2541e-03,1.9955e-02,3.0144e-02,3.9621e-02,4.8213e-02,5.5774e-02,6.2180e-02,6.7315e-02,7.1064e-02,7.3307e-02,7.3914e-02,7.2756e-02,6.9727e-02,6.4784e-02,5.7988e-02,4.9555e-02,3.9883e-02,2.9550e-02,1.9266e-02,9.7672e-03,1.6972e-03,-4.5222e-03,-8.7507e-03,-1.1127e-02,-1.1993e-02,-1.1785e-02,-1.0926e-02,-9.7617e-03,-8.5278e-03,-7.3496e-03,-6.2698e-03,-5.2785e-03,-4.3403e-03,-3.4179e-03,-2.4913e-03,-1.5620e-03,-6.5911e-04
-2.3278e-03,-1.3971e-02,-2.5555e-02,-3.6779e-02,-4.7349e-02,-5.6983e-02,-6.5423e-02,-7.2441e-02,-7.7846e-02,-8.1488e-02,-8.3262e-02,-8.3117e-02,-8.1046e-02,-7.7092e-02,-7.1347e-02,-6.3945e-02,-5.5063e-02,-4.4907e-02,-3.3716e-02,-2.1752e-02,-9.2932e-03,3.3767e-03,1.5966e-02,2.8190e-02,3.9770e-02,5.0446e-02,5.9975e-02,6.8143e-02,7.4763e-02,7.9683e-02,8.2788e-02,8.4004e-02,8.3297e-02,8.0681e-02,7.6210e-02,6.9982e-02,6.2140e-02,5.2864e-02,4.2368e-02,3.0896e-02,1.8716e-02,6.1103e-03,-6.6247e-03,-1.9195e-02,-3.1310e-02,-4.2690e-02,-5.3076e-02,-6.2233e-02,-6.9955e-02,-7.6065e-02,-8.0430e-02,-8.2949e-02,-8.3567e-02,-8.2266e-02,-7.9075e-02,-7.4064e-02,-6.7345e-02,-5.9072e-02,-4.9436e-02,-3.8664e-02,-2.7013e-02,-1.4764e-02,-2.2095e-03,1.0349e-02,2.2616e-02,3.4313e-02,4.5183e-02,5.5005e-02,6.3588e-02,7.0779e-02,7.6450e-02,8.0493e-02,8.2812e-02,8.3310e-02,8.1898e-02,7.8497e-02,7.3063e-02,6.5621e-02,5.6311e-02,4.5426e-02,3.3440e-02,2.0996e-02,8.8572e-03,-2.2047e-03,-1.1529e-02,-1.8686e-02,-2.3539e-02,-2.6229e-02,-2.7101e-02,-2.6593e-02,-2.5134e-02,-2.3080e-02,-2.0683e-02,-1.8094e-02,-1.5388e-02,-1.2588e-02,-9.7013e-03,-6.7310e-03,-3.6968e-03,-6.4061e-04
-2.8680e-03,-1.5646e-02,-2.8284e-02,-4.0473e-02,-5.1912e-02,-6.2313e-02,-7.1411e-02,-7.8972e-02,-8.4799e-02,-8.8733e-02,-9.0666e-02,-9.0535e-02,-8.8331e-02,-8.4093e-02,-7.7910e-02,-6.9920e-02,-6.0303e-02,-4.9279e-02,-3.7101e-02,-2.4050e-02,-1.0427e-02,3.4524e-03,1.7269e-02,3.0701e-02,4.3441e-02,5.5190e-02,6.5679e-02,7.4663e-02,8.1931e-02,8.7313e-02,9.0683e-02,9.1960e-02,9.1114e-02,8.8163e-02,8.3177e-02,7.6273e-02,6.7614e-02,5.7405e-02,4.5888e-02,3.3335e-02,2.0039e-02,6.3115e-03,-7.5309e-03,-2.1170e-02,-3.4297e-02,-4.6616e-02,-5.7851e-02,-6.7755e-02,-7.6110e-02,-8.2733e-02,-8.7479e-02,-9.0242e-02,-9.0959e-02,-8.9611e-02,-8.6221e-02,-8.0858e-02,-7.3633e-02,-6.4703e-02,-5.4265e-02,-4.2556e-02,-2.9846e-02,-1.6435e-02,-2.6429e-03,1.1198e-02,2.4753e-02,3.7699e-02,4.9735e-02,6.0590e-02,7.0036e-02,7.7883e-02,8.3986e-02,8.8236e-02,9.0555e-02,9.0880e-02,8.9167e-02,8.5378e-02,7.9500e-02,7.1559e-02,6.1655e-02,5.0000e-02,3.6957e-02,2.3061e-02,9.0028e-03,-4.4231e-03,-1.6430e-02,-2.6360e-02,-3.3794e-02,-3.8611e-02,-4.0970e-02,-4.1228e-02,-3.9835e-02,-3.7236e-02,-3.3804e-02,-2.9813e-02,-2.5445e-02,-2.0806e-02,-1.5957e-02,-1.0945e-02,-5.8099e-03,-6.1011e-04
-3.3742e-03,-1.6999e-02,-3.0401e-02,-4.3275e-02,-5.5317e-02,-6.6241e-02,-7.5782e-02,-8.3708e-02,-8.9817e-02,-9.3949e-02,-9.5990e-02,-9.5875e-02,-9.3585e-02,-8.9157e-02,-8.2677e-02,-7.4279e-02,-6.4148e-02,-5.2505e-02,-3.9616e-02,-2.5775e-02,-1.1298e-02,3.4764e-03,1.8203e-02,3.2538e-02,4.6141e-02,5.8692e-02,6.9893e-02,7.9477e-02,8.7217e-02,9.2927e-02,9.6474e-02,9.7774e-02,9.6800e-02,9.3577e-02,8.8189e-02,8.0768e-02,7.1496e-02,6.0598e-02,4.8335e-02,3.5000e-02,2.0906e-02,6.3794e-03,-8.2459e-03,-2.2638e-02,-3.6476e-02,-4.9453e-02,-6.1285e-02,-7.1717e-02,-8.0523e-02,-8.7515e-02,-9.2540e-02,-9.5488e-02,-9.6291e-02,-9.4922e-02,-9.1406e-02,-8.5805e-02,-7.8230e-02,-6.8838e-02,-5.7829e-02,-4.5445e-02,-3.1966e-02,-1.7704e-02,-2.9971e-03,1.1799e-02,2.6323e-02,4.0219e-02,5.3149e-02,6.4808e-02,7.4927e-02,8.3288e-02,8.9724e-02,9.4118e-02,9.6399e-02,9.6533e-02,9.4514e-02,9.0354e-02,8.4085e-02,7.5760e-02,6.5476e-02,5.3399e-02,3.9803e-02,2.5102e-02,9.8710e-03,-5.1750e-03,-1.9232e-02,-3.1518e-02,-4.1395e-02,-4.8468e-02,-5.2642e-02,-5.4102e-02,-5.3225e-02,-5.0478e-02,-4.6324e-02,-4.1157e-02,-3.5276e-02,-2.8890e-02,-2.2140e-02,-1.5124e-02,-7.9196e-03,-6.0634e-04
-3.7838e-03,-1.7964e-02,-3.1843e-02,-4.5119e-02,-5.7499e-02,-6.8703e-02,-7.8473e-02,-8.6581e-02,-9.2829e-02,-9.7057e-02,-9.9154e-02,-9.9045e-02,-9.6712e-02,-9.2185e-02,-8.5545e-02,-7.6922e-02,-6.6497e-02,-5.4496e-02,-4.1185e-02,-2.6864e-02,-1.1864e-02,3.4660e-03,1.8764e-02,3.3666e-02,4.7816e-02,6.0871e-02,7.2516e-02,8.2471e-02,9.0493e-02,9.6391e-02,1.0003e-01,1.0131e-01,1.0023e-01,9.6814e-02,9.1153e-02,8.3394e-02,7.3733e-02,6.2406e-02,4.9691e-02,3.5889e-02,2.1326e-02,6.3372e-03,-8.7360e-03,-2.3557e-02,-3.7798e-02,-5.1149e-02,-6.3322e-02,-7.4060e-02,-8.3131e-02,-9.0344e-02,-9.5544e-02,-9.8614e-02,-9.9484e-02,-9.8123e-02,-9.4548e-02,-8.8821e-02,-8.1050e-02,-7.1391e-02,-6.0044e-02,-4.7255e-02,-3.3306e-02,-1.8518e-02,-3.2386e-03,1.2162e-02,2.7307e-02,4.1819e-02,5.5339e-02,6.7534e-02,7.8110e-02,8.6824e-02,9.3490e-02,9.7976e-02,1.0021e-01,1.0018e-01,9.7904e-02,9.3435e-02,8.6856e-02,7.8261e-02,6.7772e-02,5.5543e-02,4.1791e-02,2.6831e-02,1.1105e-02,-4.7969e-03,-2.0155e-02,-3.4178e-02,-4.6105e-02,-5.5326e-02,-6.1480e-02,-6.4507e-02,-6.4617e-02,-6.2206e-02,-5.7766e-02,-5.1773e-02,-4.4642e-02,-3.6697e-02,-2.8174e-02,-1.9245e-02,-1.0040e-02,-6.7147e-04
-4.0309e-03,-1.8480e-02,-3.2553e-02,-4.5959e-02,-5.8419e-02,-6.9665e-02,-7.9454e-02,-8.7565e-02,-9.3809e-02,-9.8032e-02,-1.0012e-01,-1.0001e-01,-9.7670e-02,-9.3127e-02,-8.6458e-02,-7.7788e-02,-6.7293e-02,-5.5193e-02,-4.1754e-02,-2.7277e-02,-1.2094e-02,3.4379e-03,1.8950e-02,3.4070e-02,4.8429e-02,6.1676e-02,7.3486e-02,8.3570e-02,9.1681e-02,9.7624e-02,1.0126e-01,1.0251e-01,1.0135e-01,9.7824e-02,9.2032e-02,8.4126e-02,7.4311e-02,6.2830e-02,4.9964e-02,3.6019e-02,2.1322e-02,6.2101e-03,-8.9762e-03,-2.3901e-02,-3.8239e-02,-5.1681e-02,-6.3943e-02,-7.4763e-02,-8.3914e-02,-9.1202e-02,-9.6469e-02,-9.9598e-02,-1.0051e-01,-9.9179e-02,-9.5610e-02,-8.9867e-02,-8.2051e-02,-7.2318e-02,-6.0866e-02,-4.7939e-02,-3.3822e-02,-1.8838e-02,-3.3390e-03,1.2301e-02,2.7701e-02,4.2474e-02,5.6251e-02,6.8689e-02,7.9481e-02,8.8367e-02,9.5147e-02,9.9678e-02,1.0188e-01,1.0174e-01,9.9296e-02,9.4630e-02,8.7861e-02,7.9134e-02,6.8602e-02,5.6438e-02,4.2837e-02,2.8045e-02,1.2392e-02,-3.6748e-03,-1.9572e-02,-3.4595e-02,-4.7978e-02,-5.8988e-02,-6.7053e-02,-7.1849e-02,-7.3345e-02,-7.1778e-02,-6.7569e-02,-6.1218e-02,-5.3223e-02,-4.4014e-02,-3.3938e-02,-2.3257e-02,-1.2170e-02,-8.3777e-04
-4.0465e-03,-1.8492e-02,-3.2489e-02,-4.5767e-02,-5.8063e-02,-6.9127e-02,-7.8734e-02,-8.6678e-02,-9.2780e-02,-9.6898e-02,-9.8924e-02,-9.8789e-02,-9.6470e-02,-9.1989e-02,-8.5416e-02,-7.6871e-02,-6.6521e-02,-5.4579e-02,-4.1304e-02,-2.6993e-02,-1.1973e-02,3.4036e-03,1.8768e-02,3.3747e-02,4.7972e-02,6.1092e-02,7.2781e-02,8.2751e-02,9.0756e-02,9.6604e-02,1.0016e-01,1.0134e-01,1.0015e-01,9.6610e-02,9.0837e-02,8.2986e-02,7.3259e-02,6.1899e-02,4.9185e-02,3.5419e-02,2.0921e-02,6.0204e-03,-8.9494e-03,-2.3661e-02,-3.7796e-02,-5.1054e-02,-6.3155e-02,-7.3842e-02,-8.2891e-02,-9.0108e-02,-9.5337e-02,-9.8458e-02,-9.9393e-02,-9.8106e-02,-9.4607e-02,-8.8949e-02,-8.1235e-02,-7.1615e-02,-6.0284e-02,-4.7485e-02,-3.3499e-02,-1.8648e-02,-3.2798e-03,1.2235e-02,2.7515e-02,4.2183e-02,5.5873e-02,6.8242e-02,7.8987e-02,8.7845e-02,9.4609e-02,9.9129e-02,1.0131e-01,1.0114e-01,9.8651e-02,9.3937e-02,8.7144e-02,7.8449e-02,6.8046e-02,5.6138e-02,4.2927e-02,2.8625e-02,1.3484e-02,-2.1755e-03,-1.7923e-02,-3.3197e-02,-4.7321e-02,-5.9557e-02,-6.9212e-02,-7.5744e-02,-7.8867e-02,-7.8576e-02,-7.5133e-02,-6.8970e-02,-6.0605e-02,-5.0547e-02,-3.9241e-02,-2.7053e-02,-1.4269e-02,-1.1154e-03
-3.7637e-03,-1.7949e-02,-3.1622e-02,-4.4531e-02,-5.6439e-02,-6.7116e-02,-7.6356e-02,-8.3973e-02,-8.9806e-02,-9.3722e-02,-9.5625e-02,-9.5451e-02,-9.3178e-02,-8.8829e-02,-8.2468e-02,-7.4208e-02,-6.4209e-02,-5.2672e-02,-3.9846e-02,-2.6015e-02,-1.1497e-02,3.3691e-03,1.8224e-02,3.2706e-02,4.6457e-02,5.9134e-02,7.0421e-02,8.0038e-02,8.7748e-02,9.3368e-02,9.6767e-02,9.7876e-02,9.6682e-02,9.3235e-02,8.7636e-02,8.0038e-02,7.0639e-02,5.9673e-02,4.7409e-02,3.4134e-02,2.0156e-02,5.7891e-03,-8.6477e-03,-2.2842e-02,-3.6487e-02,-4.9296e-02,-6.0997e-02,-7.1343e-02,-8.0114e-02,-8.7120e-02,-9.2208e-02,-9.5257e-02,-9.6188e-02,-9.4964e-02,-9.1589e-02,-8.6117e-02,-7.8645e-02,-6.9318e-02,-5.8328e-02,-4.5912e-02,-3.2349e-02,-1.7950e-02,-3.0564e-03,1.1972e-02,2.6769e-02,4.0968e-02,5.4223e-02,6.6208e-02,7.6633e-02,8.5249e-02,9.1851e-02,9.6287e-02,9.8460e-02,9.8332e-02,9.5929e-02,9.1341e-02,8.4717e-02,7.6251e-02,6.6169e-02,5.4704e-02,4.2081e-02,2.8512e-02,1.4204e-02,-6.1363e-04,-1.5645e-02,-3.0493e-02,-4.4627e-02,-5.7402e-02,-6.8114e-02,-7.6098e-02,-8.0848e-02,-8.2102e-02,-7.9885e-02,-7.4469e-02,-6.6302e-02,-5.5909e-02,-4.3808e-02,-3.0459e-02,-1.6245e-02,-1.4741e-03
-3.1173e-03,-1.6809e-02,-2.9932e-02,-4.2259e-02,-5.3576e-02,-6.3682e-02,-7.2391e-02,-7.9540e-02,-8.4987e-02,-8.8617e-02,-9.0343e-02,-9.0112e-02,-8.7909e-02,-8.3755e-02,-7.7714e-02,-6.9889e-02,-6.0434e-02,-4.9536e-02,-3.7428e-02,-2.4379e-02,-1.0685e-02,3.3301e-03,1.7330e-02,3.0974e-02,4.3921e-02,5.5852e-02,6.6468e-02,7.5505e-02,8.2742e-02,8.8008e-02,9.1185e-02,9.2208e-02,9.1068e-02,8.7813e-02,8.2538e-02,7.5389e-02,6.6549e-02,5.6239e-02,4.4705e-02,3.2219e-02,1.9064e-02,5.5343e-03,-8.0714e-03,-2.1462e-02,-3.4349e-02,-4.6459e-02,-5.7536e-02,-6.7343e-02,-7.5669e-02,-8.2332e-02,-8.7178e-02,-9.0094e-02,-9.0996e-02,-8.9848e-02,-8.6653e-02,-8.1460e-02,-7.4362e-02,-6.5501e-02,-5.5062e-02,-4.3276e-02,-3.0412e-02,-1.6769e-02,-2.6775e-03,1.1521e-02,2.5483e-02,3.8866e-02,5.1351e-02,6.2641e-02,7.2475e-02,8.0626e-02,8.6907e-02,9.1172e-02,9.3318e-02,9.3295e-02,9.1106e-02,8.6821e-02,8.0572e-02,7.2554e-02,6.3002e-02,5.2174e-02,4.0323e-02,2.7677e-02,1.4431e-02,7.6534e-04,-1.3130e-02,-2.6999e-02,-4.0482e-02,-5.3084e-02,-6.4189e-02,-7.3121e-02,-7.9243e-02,-8.2073e-02,-8.1373e-02,-7.7181e-02,-6.9784e-02,-5.9638e-02,-4.7272e-02,-3.3212e-02,-1.7930e-02,-1.8253e-03
-2.0474e-03,-1.5039e-02,-2.7412e-02,-3.8970e-02,-4.9523e-02,-5.8897e-02,-6.6934e-02,-7.3494e-02,-7.8456e-02,-8.1725e-02,-8.3232e-02,-8.2933e-02,-8.0822e-02,-7.6923e-02,-7.1299e-02,-6.4050e-02,-5.5316e-02,-4.5271e-02,-3.4132e-02,-2.2142e-02,-9.5759e-03,3.2729e-03,1.6096e-02,2.8582e-02,4.0423e-02,5.1325e-02,6.1019e-02,6.9267e-02,7.5870e-02,8.0674e-02,8.3570e-02,8.4504e-02,8.3467e-02,8.0502e-02,7.5696e-02,6.9178e-02,6.1114e-02,5.1700e-02,4.1159e-02,2.9734e-02,1.7683e-02,5.2714e-03,-7.2299e-03,-1.9552e-02,-3.1431e-02,-4.2612e-02,-5.2857e-02,-6.1942e-02,-6.9669e-02,-7.5862e-02,-8.0376e-02,-8.3098e-02,-8.3949e-02,-8.2892e-02,-7.9927e-02,-7.5102e-02,-6.8505e-02,-6.0272e-02,-5.0582e-02,-3.9657e-02,-2.7751e-02,-1.5153e-02,-2.1699e-03,1.0880e-02,2.3681e-02,3.5923e-02,4.7325e-02,5.7630e-02,6.6611e-02,7.4080e-02,7.9874e-02,8.3864e-02,8.5948e-02,8.6063e-02,8.4190e-02,8.0366e-02,7.4693e-02,6.7343e-02,5.8541e-02,4.8554e-02,3.7653e-02,2.6093e-02,1.4078e-02,1.7715e-03,-1.0696e-02,-2.3181e-02,-3.5476e-02,-4.7258e-02,-5.8063e-02,-6.7300e-02,-7.4312e-02,-7.8484e-02,-7.9351e-02,-7.6690e-02,-7.0553e-02,-6.1234e-02,-4.9191e-02,-3.4959e-02,-1.9069e-02,-2.0031e-03
-5.0035e-04,-1.2613e-02,-2.4069e-02,-3.4698e-02,-4.4341e-02,-5.2852e-02,-6.0100e-02,-6.5972e-02,-7.0371e-02,-7.3225e-02,-7.4479e-02,-7.4108e-02,-7.2114e-02,-6.8529e-02,-6.3415e-02,-5.6867e-02,-4.9014e-02,-4.0019e-02,-3.0072e-02,-1.9394e-02,-8.2249e-03,3.1729e-03,1.4530e-02,2.5573e-02,3.6034e-02,4.5657e-02,5.4210e-02,6.1486e-02,6.7313e-02,7.1557e-02,7.4127e-02,7.4972e-02,7.4086e-02,7.1504e-02,6.7298e-02,6.1577e-02,5.4483e-02,4.6183e-02,3.6870e-02,2.6752e-02,1.6055e-02,5.0116e-03,-6.1376e-03,-1.7153e-02,-2.7799e-02,-3.7842e-02,-4.7065e-02,-5.5263e-02,-6.2248e-02,-6.7858e-02,-7.1955e-02,-7.4431e-02,-7.5211e-02,-7.4258e-02,-7.1573e-02,-6.7200e-02,-6.1224e-02,-5.3773e-02,-4.5018e-02,-3.5167e-02,-2.4463e-02,-1.3171e-02,-1.5754e-03,1.0036e-02,2.1380e-02,3.2192e-02,4.2230e-02,5.1285e-02,5.9178e-02,6.5758e-02,7.0901e-02,7.4500e-02,7.6462e-02,7.6718e-02,7.5226e-02,7.1988e-02,6.7065e-02,6.0585e-02,5.2749e-02,4.3808e-02,3.4041e-02,2.3718e-02,1.3068e-02,2.2600e-03,-8.5980e-03,-1.9429e-02,-3.0145e-02,-4.0581e-02,-5.0449e-02,-5.9309e-02,-6.6585e-02,-7.1634e-02,-7.3851e-02,-7.2784e-02,-6.8223e-02,-6.0224e-02,-4.9087e-02,-3.5273e-02,-1.9316e-02,-1.7562e-03
1.5700e-03,-9.5133e-03,-1.9914e-02,-2.9488e-02,-3.8106e-02,-4.5652e-02,-5.2023e-02,-5.7134e-02,-6.0915e-02,-6.3313e-02,-6.4299e-02,-6.3862e-02,-6.2017e-02,-5.8803e-02,-5.4284e-02,-4.8553e-02,-4.1728e-02,-3.3952e-02,-2.5394e-02,-1.6244e-02,-6.7078e-03,2.9945e-03,1.2638e-02,2.1996e-02,3.0844e-02,3.8976e-02,4.6201e-02,5.2351e-02,5.7284e-02,6.0892e-02,6.3098e-02,6.3861e-02,6.3169e-02,6.1050e-02,5.7559e-02,5.2780e-02,4.6825e-02,3.9828e-02,3.1944e-02,2.3348e-02,1.4224e-02,4.7695e-03,-4.8115e-03,-1.4313e-02,-2.3525e-02,-3.2247e-02,-4.0280e-02,-4.7441e-02,-5.3559e-02,-5.8484e-02,-6.2089e-02,-6.4274e-02,-6.4969e-02,-6.4137e-02,-6.1780e-02,-5.7939e-02,-5.2695e-02,-4.6169e-02,-3.8520e-02,-2.9943e-02,-2.0659e-02,-1.0910e-02,-9.5101e-04,8.9652e-03,1.8598e-02,2.7726e-02,3.6160e-02,4.3737e-02,5.0333e-02,5.5842e-02,6.0179e-02,6.3268e-02,6.5031e-02,6.5400e-02,6.4313e-02,6.1739e-02,5.7694e-02,5.2256e-02,4.5577e-02,3.7879e-02,2.9423e-02,2.0487e-02,1.1319e-02,2.1083e-03,-7.0313e-03,-1.6052e-02,-2.4937e-02,-3.3649e-02,-4.2062e-02,-4.9915e-02,-5.6779e-02,-6.2087e-02,-6.5202e-02,-6.5523e-02,-6.2606e-02,-5.6246e-02,-4.6509e-02,-3.3691e-02,-1.8258e-02,-7.4482e-04
4.2036e-03,-5.7340e-03,-1.4971e-02,-2.3395e-02,-3.0904e-02,-3.7413e-02,-4.2847e-02,-4.7151e-02,-5.0280e-02,-5.2207e-02,-5.2925e-02,-5.2441e-02,-5.0783e-02,-4.8001e-02,-4.4160e-02,-3.9349e-02,-3.3677e-02,-2.7268e-02,-2.0265e-02,-1.2825e-02,-5.1141e-03,2.6940e-03,1.0422e-02,1.7897e-02,2.4951e-02,3.1424e-02,3.7175e-02,4.2078e-02,4.6027e-02,4.8941e-02,5.0759e-02,5.1444e-02,5.0987e-02,4.9401e-02,4.6718e-02,4.3002e-02,3.8324e-02,3.2786e-02,2.6503e-02,1.9605e-02,1.2237e-02,4.5569e-03,-3.2727e-03,-1.1080e-02,-1.8690e-02,-2.5930e-02,-3.2629e-02,-3.8625e-02,-4.3768e-02,-4.7923e-02,-5.0974e-02,-5.2830e-02,-5.3430e-02,-5.2738e-02,-5.0758e-02,-4.7527e-02,-4.3122e-02,-3.7653e-02,-3.1268e-02,-2.4141e-02,-1.6472e-02,-8.4741e-03,-3.6708e-04,7.6373e-03,1.5343e-02,2.2580e-02,2.9211e-02,3.5127e-02,4.0255e-02,4.4538e-02,4.7933e-02,5.0395e-02,5.1870e-02,5.2293e-02,5.1594e-02,4.9713e-02,4.6622e-02,4.2345e-02,3.6978e-02,3.0692e-02,2.3715e-02,1.6312e-02,8.7394e-03,1.2050e-03,-6.1535e-03,-1.3284e-02,-2.0205e-02,-2.6956e-02,-3.3542e-02,-3.9872e-02,-4.5696e-02,-5.0592e-02,-5.3991e-02,-5.5253e-02,-5.3781e-02,-4.9133e-02,-4.1110e-02,-2.9779e-02,-1.5440e-02,1.4421e-03
7.4278e-03,-1.2767e-03,-9.2741e-03,-1.6482e-02,-2.2830e-02,-2.8258e-02,-3.2726e-02,-3.6204e-02,-3.8674e-02,-4.0137e-02,-4.0605e-02,-4.0107e-02,-3.8685e-02,-3.6396e-02,-3.3311e-02,-2.9515e-02,-2.5104e-02,-2.0184e-02,-1.4870e-02,-9.2822e-03,-3.5444e-03,2.2182e-03,7.8839e-03,1.3333e-02,1.8457e-02,2.3152e-02,2.7328e-02,3.0901e-02,3.3806e-02,3.5986e-02,3.7400e-02,3.8019e-02,3.7830e-02,3.6829e-02,3.5031e-02,3.2467e-02,2.9177e-02,2.5221e-02,2.0670e-02,1.5613e-02,1.0148e-02,4.3895e-03,-1.5388e-03,-7.5061e-03,-1.3374e-02,-1.9000e-02,-2.4246e-02,-2.8972e-02,-3.3051e-02,-3.6365e-02,-3.8813e-02,-4.0317e-02,-4.0818e-02,-4.0290e-02,-3.8737e-02,-3.6191e-02,-3.2724e-02,-2.8434e-02,-2.3452e-02,-1.7934e-02,-1.2049e-02,-5.9778e-03,9.8804e-05,6.0155e-03,1.1624e-02,1.6808e-02,2.1484e-02,2.5599e-02,2.9128e-02,3.2064e-02,3.4403e-02,3.6133e-02,3.7227e-02,3.7627e-02,3.7263e-02,3.6054e-02,3.3936e-02,3.0882e-02,2.6929e-02,2.2184e-02,1.6829e-02,1.1092e-02,5.2211e-03,-5.6229e-04,-6.0968e-03,-1.1308e-02,-1.6213e-02,-2.0886e-02,-2.5420e-02,-2.9857e-02,-3.4123e-02,-3.7975e-02,-4.0986e-02,-4.2578e-02,-4.2108e-02,-3.8974e-02,-3.2738e-02,-2.3203e-02,-1.0440e-02,5.2492e-03
1.1262e-02,3.8492e-03,-2.8644e-03,-8.8222e-03,-1.3984e-02,-1.8321e-02,-2.1820e-02,-2.4479e-02,-2.6310e-02,-2.7336e-02,-2.7593e-02,-2.7129e-02,-2.5999e-02,-2.4271e-02,-2.2018e-02,-1.9320e-02,-1.6261e-02,-1.2926e-02,-9.4004e-03,-5.7679e-03,-2.1057e-03,1.5118e-03,5.0186e-03,8.3554e-03,1.1471e-02,1.4318e-02,1.6859e-02,1.9059e-02,2.0888e-02,2.2318e-02,2.3327e-02,2.3891e-02,2.3993e-02,2.3618e-02,2.2759e-02,2.1413e-02,1.9588e-02,1.7300e-02,1.4578e-02,1.1465e-02,8.0120e-03,4.2894e-03,3.7437e-04,-3.6402e-03,-7.6574e-03,-1.1569e-02,-1.5267e-02,-1.8642e-02,-2.1588e-02,-2.4010e-02,-2.5821e-02,-2.6957e-02,-2.7369e-02,-2.7035e-02,-2.5959e-02,-2.4172e-02,-2.1734e-02,-1.8734e-02,-1.5281e-02,-1.1504e-02,-7.5447e-03,-3.5438e-03,3.6380e-04,4.0582e-03,7.4462e-03,1.0464e-02,1.3082e-02,1.5301e-02,1.7143e-02,1.8644e-02,1.9840e-02,2.0750e-02,2.1370e-02,2.1659e-02,2.1548e-02,2.0949e-02,1.9770e-02,1.7941e-02,1.5442e-02,1.2317e-02,8.6847e-03,4.7250e-03,6.5553e-04,-3.3043e-03,-6.9795e-03,-1.0266e-02,-1.3153e-02,-1.5720e-02,-1.8098e-02,-2.0420e-02,-2.2757e-02,-2.5041e-02,-2.7026e-02,-2.8273e-02,-2.8193e-02,-2.6132e-02,-2.1486e-02,-1.3817e-02,-2.9325e-03,1.1093e-02
1.5717e-02,9.6232e-03,4.2117e-03,-4.9265e-04,-4.4756e-03,-7.7379e-03,-1.0294e-02,-1.2170e-02,-1.3403e-02,-1.4042e-02,-1.4145e-02,-1.3776e-02,-1.3005e-02,-1.1908e-02,-1.0560e-02,-9.0340e-03,-7.3997e-03,-5.7204e-03,-4.0504e-03,-2.4346e-03,-9.0429e-04,5.1975e-04,1.8267e-03,3.0165e-03,4.0961e-03,5.0761e-03,5.9705e-03,6.7899e-03,7.5413e-03,8.2263e-03,8.8373e-03,9.3605e-03,9.7759e-03,1.0053e-02,1.0164e-02,1.0076e-02,9.7611e-03,9.1953e-03,8.3638e-03,7.2595e-03,5.8908e-03,4.2786e-03,2.4565e-03,4.7197e-04,-1.6169e-03,-3.7410e-03,-5.8258e-03,-7.7909e-03,-9.5596e-03,-1.1057e-02,-1.2216e-02,-1.2984e-02,-1.3325e-02,-1.3221e-02,-1.2676e-02,-1.1718e-02,-1.0397e-02,-8.7834e-03,-6.9645e-03,-5.0413e-03,-3.1183e-03,-1.2937e-03,3.4365e-04,1.7266e-03,2.8157e-03,3.6014e-03,4.1055e-03,4.3774e-03,4.4838e-03,4.5001e-03,4.4941e-03,4.5151e-03,4.5775e-03,4.6627e-03,4.7082e-03,4.6229e-03,4.3005e-03,3.6417e-03,2.5763e-03,1.0900e-03,-7.6698e-04,-2.8747e-03,-5.0622e-03,-7.1350e-03,-8.9136e-03,-1.0272e-02,-1.1169e-02,-1.1655e-02,-1.1864e-02,-1.1978e-02,-1.2163e-02,-1.2501e-02,-1.2928e-02,-1.3184e-02,-1.2814e-02,-1.1214e-02,-7.7167e-03,-1.7153e-03,7.2256e-03,1.9293e-02
