-4.7816e-04,-3.0446e-04,-2.5785e-04,-2.9281e-04,-3.7005e-04,-4.5831e-04,-5.3541e-04,-5.8798e-04,-6.1019e-04,-6.0212e-04,-5.6787e-04,-5.1361e-04,-4.4611e-04,-3.7165e-04,-2.9531e-04,-2.2073e-04,-1.5018e-04,-8.4675e-05,-2.4300e-05,3.1556e-05,8.3763e-05,1.3326e-04,1.8113e-04,2.2811e-04,2.7477e-04,3.2145e-04,3.6822e-04,4.1486e-04,4.6106e-04,5.0639e-04,5.5020e-04,5.9198e-04,6.3108e-04,6.6696e-04,6.9917e-04,7.2723e-04,7.5095e-04,7.7006e-04,7.8459e-04,7.9457e-04,8.0013e-04,8.0159e-04,7.9932e-04,7.9373e-04,7.8531e-04,7.7453e-04,7.6205e-04,7.4835e-04,7.3400e-04,7.1959e-04,7.0564e-04,6.9261e-04,6.8089e-04,6.7098e-04,6.6309e-04,6.5760e-04,6.5470e-04,6.5454e-04,6.5727e-04,6.6299e-04,6.7154e-04,6.8306e-04,6.9743e-04,7.1451e-04,7.3422e-04,7.5630e-04,7.8066e-04,8.0696e-04,8.3510e-04,8.6485e-04,8.9588e-04,9.2804e-04,9.6105e-04,9.9472e-04,1.0289e-03,1.0634e-03,1.0979e-03,1.1324e-03,1.1667e-03,1.2007e-03,1.2345e-03,1.2678e-03,1.3008e-03,1.3333e-03,1.3656e-03,1.3977e-03,1.4298e-03,1.4620e-03,1.4945e-03,1.5277e-03,1.5618e-03,1.5973e-03,1.6345e-03,1.6738e-03,1.7158e-03,1.7611e-03,1.8102e-03,1.8639e-03,1.9226e-03,1.9875e-03
-5.3685e-04,-1.8395e-04,-6.3968e-06,4.5144e-05,1.6057e-05,-5.4549e-05,-1.3607e-04,-2.0708e-04,-2.5497e-04,-2.7445e-04,-2.6625e-04,-2.3473e-04,-1.8621e-04,-1.2738e-04,-6.4226e-05,-1.5781e-06,5.7258e-05,1.1049e-04,1.5738e-04,1.9821e-04,2.3380e-04,2.6535e-04,2.9403e-04,3.2093e-04,3.4708e-04,3.7307e-04,3.9933e-04,4.2602e-04,4.5303e-04,4.8007e-04,5.0671e-04,5.3248e-04,5.5674e-04,5.7899e-04,5.9871e-04,6.1538e-04,6.2869e-04,6.3835e-04,6.4416e-04,6.4611e-04,6.4432e-04,6.3880e-04,6.3001e-04,6.1816e-04,6.0369e-04,5.8712e-04,5.6887e-04,5.4948e-04,5.2953e-04,5.0949e-04,4.8985e-04,4.7112e-04,4.5370e-04,4.3804e-04,4.2440e-04,4.1316e-04,4.0440e-04,3.9844e-04,3.9537e-04,3.9522e-04,3.9806e-04,4.0383e-04,4.1247e-04,4.2394e-04,4.3796e-04,4.5448e-04,4.7332e-04,4.9421e-04,5.1701e-04,5.4146e-04,5.6730e-04,5.9431e-04,6.2236e-04,6.5119e-04,6.8053e-04,7.1038e-04,7.4037e-04,7.7053e-04,8.0065e-04,8.3069e-04,8.6063e-04,8.9035e-04,9.1997e-04,9.4953e-04,9.7903e-04,1.0087e-03,1.0387e-03,1.0692e-03,1.1004e-03,1.1328e-03,1.1665e-03,1.2021e-03,1.2401e-03,1.2807e-03,1.3247e-03,1.3727e-03,1.4253e-03,1.4831e-03,1.5471e-03,1.6180e-03
-4.8447e-04,8.5647e-05,4.3107e-04,6.0173e-04,6.4712e-04,6.1275e-04,5.3732e-04,4.5089e-04,3.7429e-04,3.1957e-04,2.9123e-04,2.8818e-04,3.0584e-04,3.3789e-04,3.7777e-04,4.1963e-04,4.5919e-04,4.9338e-04,5.2085e-04,5.4120e-04,5.5501e-04,5.6340e-04,5.6775e-04,5.6943e-04,5.6969e-04,5.6956e-04,5.6988e-04,5.7102e-04,5.7320e-04,5.7639e-04,5.8030e-04,5.8461e-04,5.8871e-04,5.9220e-04,5.9436e-04,5.9482e-04,5.9303e-04,5.8870e-04,5.8154e-04,5.7134e-04,5.5812e-04,5.4187e-04,5.2282e-04,5.0119e-04,4.7733e-04,4.5160e-04,4.2443e-04,3.9636e-04,3.6781e-04,3.3929e-04,3.1135e-04,2.8432e-04,2.5868e-04,2.3495e-04,2.1327e-04,1.9407e-04,1.7756e-04,1.6387e-04,1.5323e-04,1.4568e-04,1.4124e-04,1.3990e-04,1.4162e-04,1.4633e-04,1.5378e-04,1.6394e-04,1.7659e-04,1.9152e-04,2.0860e-04,2.2748e-04,2.4801e-04,2.6998e-04,2.9318e-04,3.1740e-04,3.4239e-04,3.6807e-04,3.9418e-04,4.2071e-04,4.4757e-04,4.7460e-04,5.0179e-04,5.2915e-04,5.5678e-04,5.8460e-04,6.1274e-04,6.4162e-04,6.7111e-04,7.0157e-04,7.3339e-04,7.6684e-04,8.0227e-04,8.4009e-04,8.8087e-04,9.2523e-04,9.7360e-04,1.0267e-03,1.0852e-03,1.1499e-03,1.2216e-03,1.3012e-03
-3.5689e-04,4.6736e-04,1.0194e-03,1.3465e-03,1.4992e-03,1.5273e-03,1.4762e-03,1.3844e-03,1.2815e-03,1.1878e-03,1.1147e-03,1.0661e-03,1.0407e-03,1.0338e-03,1.0390e-03,1.0499e-03,1.0612e-03,1.0686e-03,1.0698e-03,1.0636e-03,1.0500e-03,1.0299e-03,1.0046e-03,9.7566e-04,9.4467e-04,9.1293e-04,8.8162e-04,8.5153e-04,8.2318e-04,7.9677e-04,7.7226e-04,7.4938e-04,7.2779e-04,7.0700e-04,6.8637e-04,6.6540e-04,6.4361e-04,6.2050e-04,5.9569e-04,5.6892e-04,5.4007e-04,5.0899e-04,4.7579e-04,4.4061e-04,4.0376e-04,3.6538e-04,3.2597e-04,2.8593e-04,2.4572e-04,2.0576e-04,1.6653e-04,1.2847e-04,9.2058e-05,5.7614e-05,2.5535e-05,-3.8794e-06,-3.0400e-05,-5.3769e-05,-7.3896e-05,-9.0668e-05,-1.0401e-04,-1.1393e-04,-1.2047e-04,-1.2380e-04,-1.2388e-04,-1.2097e-04,-1.1526e-04,-1.0686e-04,-9.5969e-05,-8.2941e-05,-6.7880e-05,-5.1042e-05,-3.2594e-05,-1.2734e-05,8.2799e-06,3.0393e-05,5.3296e-05,7.6997e-05,1.0146e-04,1.2644e-04,1.5203e-04,1.7825e-04,2.0516e-04,2.3276e-04,2.6121e-04,2.9081e-04,3.2165e-04,3.5410e-04,3.8832e-04,4.2495e-04,4.6399e-04,5.0641e-04,5.5239e-04,6.0269e-04,6.5791e-04,7.1871e-04,7.8577e-04,8.6004e-04,9.4231e-04,1.0336e-03
-1.8858e-04,9.2290e-04,1.7192e-03,2.2422e-03,2.5401e-03,2.6637e-03,2.6631e-03,2.5838e-03,2.4642e-03,2.3334e-03,2.2112e-03,2.1084e-03,2.0286e-03,1.9702e-03,1.9282e-03,1.8967e-03,1.8693e-03,1.8410e-03,1.8081e-03,1.7684e-03,1.7211e-03,1.6667e-03,1.6063e-03,1.5414e-03,1.4736e-03,1.4047e-03,1.3361e-03,1.2690e-03,1.2042e-03,1.1423e-03,1.0835e-03,1.0276e-03,9.7449e-04,9.2368e-04,8.7471e-04,8.2698e-04,7.7988e-04,7.3295e-04,6.8566e-04,6.3766e-04,5.8864e-04,5.3843e-04,4.8693e-04,4.3422e-04,3.8047e-04,3.2584e-04,2.7059e-04,2.1523e-04,1.6002e-04,1.0546e-04,5.1942e-05,-7.9628e-08,-5.0192e-05,-9.7928e-05,-1.4301e-04,-1.8508e-04,-2.2390e-04,-2.5918e-04,-2.9082e-04,-3.1867e-04,-3.4268e-04,-3.6284e-04,-3.7913e-04,-3.9167e-04,-4.0056e-04,-4.0587e-04,-4.0791e-04,-4.0672e-04,-4.0261e-04,-3.9578e-04,-3.8635e-04,-3.7464e-04,-3.6084e-04,-3.4526e-04,-3.2780e-04,-3.0881e-04,-2.8847e-04,-2.6679e-04,-2.4396e-04,-2.1989e-04,-1.9467e-04,-1.6834e-04,-1.4074e-04,-1.1182e-04,-8.1447e-05,-4.9388e-05,-1.5361e-05,2.0857e-05,5.9711e-05,1.0153e-04,1.4672e-04,1.9599e-04,2.4959e-04,3.0839e-04,3.7312e-04,4.4436e-04,5.2283e-04,6.0961e-04,7.0559e-04,8.1153e-04
-9.9638e-06,1.4152e-03,2.4896e-03,3.2471e-03,3.7302e-03,3.9877e-03,4.0710e-03,4.0305e-03,3.9119e-03,3.7531e-03,3.5831e-03,3.4213e-03,3.2779e-03,3.1562e-03,3.0545e-03,2.9679e-03,2.8903e-03,2.8158e-03,2.7397e-03,2.6585e-03,2.5707e-03,2.4757e-03,2.3743e-03,2.2676e-03,2.1575e-03,2.0459e-03,1.9343e-03,1.8245e-03,1.7174e-03,1.6140e-03,1.5147e-03,1.4198e-03,1.3292e-03,1.2425e-03,1.1594e-03,1.0792e-03,1.0014e-03,9.2525e-04,8.5037e-04,7.7618e-04,7.0225e-04,6.2834e-04,5.5418e-04,4.7976e-04,4.0508e-04,3.3025e-04,2.5553e-04,1.8117e-04,1.0753e-04,3.4992e-05,-3.6021e-05,-1.0508e-04,-1.7177e-04,-2.3567e-04,-2.9648e-04,-3.5381e-04,-4.0733e-04,-4.5685e-04,-5.0222e-04,-5.4316e-04,-5.7972e-04,-6.1179e-04,-6.3940e-04,-6.6262e-04,-6.8155e-04,-6.9621e-04,-7.0696e-04,-7.1380e-04,-7.1702e-04,-7.1686e-04,-7.1346e-04,-7.0705e-04,-6.9787e-04,-6.8615e-04,-6.7203e-04,-6.5564e-04,-6.3720e-04,-6.1675e-04,-5.9447e-04,-5.7034e-04,-5.4439e-04,-5.1661e-04,-4.8688e-04,-4.5511e-04,-4.2107e-04,-3.8470e-04,-3.4551e-04,-3.0346e-04,-2.5789e-04,-2.0858e-04,-1.5501e-04,-9.6535e-05,-3.2519e-05,3.7523e-05,1.1448e-04,1.9901e-04,2.9198e-04,3.9437e-04,5.0707e-04,6.3111e-04
1.5473e-04,1.9116e-03,3.2913e-03,4.3178e-03,5.0255e-03,5.4577e-03,5.6638e-03,5.6957e-03,5.6043e-03,5.4352e-03,5.2263e-03,5.0064e-03,4.7941e-03,4.5998e-03,4.4263e-03,4.2716e-03,4.1310e-03,3.9987e-03,3.8689e-03,3.7373e-03,3.6009e-03,3.4584e-03,3.3095e-03,3.1553e-03,2.9972e-03,2.8371e-03,2.6768e-03,2.5183e-03,2.3630e-03,2.2121e-03,2.0665e-03,1.9264e-03,1.7921e-03,1.6636e-03,1.5403e-03,1.4218e-03,1.3074e-03,1.1967e-03,1.0887e-03,9.8321e-04,8.7941e-04,7.7697e-04,6.7558e-04,5.7499e-04,4.7513e-04,3.7605e-04,2.7787e-04,1.8078e-04,8.5088e-05,-8.8657e-06,-1.0072e-04,-1.9008e-04,-2.7650e-04,-3.5954e-04,-4.3891e-04,-5.1415e-04,-5.8506e-04,-6.5128e-04,-7.1259e-04,-7.6886e-04,-8.1996e-04,-8.6584e-04,-9.0649e-04,-9.4188e-04,-9.7218e-04,-9.9746e-04,-1.0179e-03,-1.0337e-03,-1.0449e-03,-1.0519e-03,-1.0549e-03,-1.0539e-03,-1.0494e-03,-1.0415e-03,-1.0303e-03,-1.0161e-03,-9.9893e-04,-9.7901e-04,-9.5638e-04,-9.3103e-04,-9.0318e-04,-8.7250e-04,-8.3916e-04,-8.0293e-04,-7.6352e-04,-7.2096e-04,-6.7473e-04,-6.2455e-04,-5.7015e-04,-5.1085e-04,-4.4640e-04,-3.7600e-04,-2.9906e-04,-2.1495e-04,-1.2278e-04,-2.1932e-05,8.8649e-05,2.0988e-04,3.4271e-04,4.8821e-04
2.8870e-04,2.3858e-03,4.0892e-03,5.4126e-03,6.3804e-03,7.0275e-03,7.3978e-03,7.5417e-03,7.5115e-03,7.3584e-03,7.1281e-03,6.8586e-03,6.5782e-03,6.3055e-03,6.0503e-03,5.8155e-03,5.5989e-03,5.3959e-03,5.2008e-03,5.0083e-03,4.8143e-03,4.6163e-03,4.4130e-03,4.2048e-03,3.9927e-03,3.7783e-03,3.5637e-03,3.3508e-03,3.1414e-03,2.9370e-03,2.7388e-03,2.5474e-03,2.3634e-03,2.1866e-03,2.0170e-03,1.8542e-03,1.6974e-03,1.5462e-03,1.3998e-03,1.2574e-03,1.1185e-03,9.8254e-04,8.4904e-04,7.1767e-04,5.8828e-04,4.6066e-04,3.3493e-04,2.1118e-04,8.9597e-05,-2.9401e-05,-1.4560e-04,-2.5858e-04,-3.6800e-04,-4.7330e-04,-5.7417e-04,-6.7027e-04,-7.6118e-04,-8.4663e-04,-9.2641e-04,-1.0002e-03,-1.0680e-03,-1.1297e-03,-1.1851e-03,-1.2344e-03,-1.2776e-03,-1.3148e-03,-1.3461e-03,-1.3716e-03,-1.3917e-03,-1.4065e-03,-1.4162e-03,-1.4210e-03,-1.4211e-03,-1.4169e-03,-1.4084e-03,-1.3960e-03,-1.3795e-03,-1.3593e-03,-1.3354e-03,-1.3079e-03,-1.2768e-03,-1.2419e-03,-1.2034e-03,-1.1610e-03,-1.1145e-03,-1.0638e-03,-1.0084e-03,-9.4808e-04,-8.8227e-04,-8.1074e-04,-7.3272e-04,-6.4768e-04,-5.5501e-04,-4.5396e-04,-3.4353e-04,-2.2324e-04,-9.1685e-05,5.1650e-05,2.0825e-04,3.7893e-04
3.8311e-04,2.8197e-03,4.8557e-03,6.4948e-03,7.7509e-03,8.6491e-03,9.2248e-03,9.5229e-03,9.5939e-03,9.4911e-03,9.2659e-03,8.9643e-03,8.6241e-03,8.2735e-03,7.9308e-03,7.6057e-03,7.3008e-03,7.0140e-03,6.7408e-03,6.4757e-03,6.2137e-03,5.9511e-03,5.6856e-03,5.4164e-03,5.1438e-03,4.8693e-03,4.5945e-03,4.3214e-03,4.0521e-03,3.7882e-03,3.5314e-03,3.2826e-03,3.0425e-03,2.8114e-03,2.5893e-03,2.3759e-03,2.1707e-03,1.9730e-03,1.7822e-03,1.5974e-03,1.4180e-03,1.2433e-03,1.0727e-03,9.0572e-04,7.4206e-04,5.8147e-04,4.2396e-04,2.6942e-04,1.1809e-04,-2.9798e-05,-1.7396e-04,-3.1412e-04,-4.4978e-04,-5.8056e-04,-7.0610e-04,-8.2592e-04,-9.3971e-04,-1.0471e-03,-1.1478e-03,-1.2416e-03,-1.3284e-03,-1.4078e-03,-1.4801e-03,-1.5449e-03,-1.6026e-03,-1.6530e-03,-1.6964e-03,-1.7329e-03,-1.7626e-03,-1.7858e-03,-1.8028e-03,-1.8137e-03,-1.8187e-03,-1.8181e-03,-1.8121e-03,-1.8008e-03,-1.7846e-03,-1.7634e-03,-1.7373e-03,-1.7064e-03,-1.6709e-03,-1.6305e-03,-1.5853e-03,-1.5350e-03,-1.4795e-03,-1.4186e-03,-1.3520e-03,-1.2792e-03,-1.1998e-03,-1.1134e-03,-1.0193e-03,-9.1693e-04,-8.0552e-04,-6.8436e-04,-5.5261e-04,-4.0936e-04,-2.5370e-04,-8.4480e-05,9.9371e-05,2.9893e-04
4.3636e-04,3.2032e-03,5.5709e-03,7.5348e-03,9.0987e-03,1.0277e-02,1.1095e-02,1.1589e-02,1.1804e-02,1.1792e-02,1.1607e-02,1.1300e-02,1.0917e-02,1.0497e-02,1.0067e-02,9.6456e-03,9.2420e-03,8.8590e-03,8.4946e-03,8.1441e-03,7.8025e-03,7.4650e-03,7.1283e-03,6.7903e-03,6.4504e-03,6.1093e-03,5.7682e-03,5.4291e-03,5.0941e-03,4.7650e-03,4.4436e-03,4.1313e-03,3.8290e-03,3.5373e-03,3.2564e-03,2.9862e-03,2.7263e-03,2.4761e-03,2.2349e-03,2.0019e-03,1.7764e-03,1.5575e-03,1.3445e-03,1.1369e-03,9.3422e-04,7.3607e-04,5.4228e-04,3.5279e-04,1.6762e-04,-1.3053e-05,-1.8902e-04,-3.5987e-04,-5.2535e-04,-6.8493e-04,-8.3826e-04,-9.8487e-04,-1.1244e-03,-1.2565e-03,-1.3809e-03,-1.4971e-03,-1.6051e-03,-1.7046e-03,-1.7956e-03,-1.8779e-03,-1.9517e-03,-2.0169e-03,-2.0737e-03,-2.1222e-03,-2.1625e-03,-2.1950e-03,-2.2198e-03,-2.2370e-03,-2.2471e-03,-2.2502e-03,-2.2464e-03,-2.2361e-03,-2.2195e-03,-2.1965e-03,-2.1673e-03,-2.1322e-03,-2.0909e-03,-2.0436e-03,-1.9901e-03,-1.9303e-03,-1.8640e-03,-1.7910e-03,-1.7109e-03,-1.6233e-03,-1.5279e-03,-1.4239e-03,-1.3110e-03,-1.1883e-03,-1.0553e-03,-9.1091e-04,-7.5453e-04,-5.8513e-04,-4.0160e-04,-2.0296e-04,1.1879e-05,2.4427e-04
4.5274e-04,3.5342e-03,6.2244e-03,8.5121e-03,1.0393e-02,1.1871e-02,1.2960e-02,1.3688e-02,1.4090e-02,1.4213e-02,1.4109e-02,1.3831e-02,1.3433e-02,1.2961e-02,1.2451e-02,1.1934e-02,1.1425e-02,1.0936e-02,1.0468e-02,1.0019e-02,9.5847e-03,9.1608e-03,8.7427e-03,8.3270e-03,7.9120e-03,7.4974e-03,7.0838e-03,6.6728e-03,6.2662e-03,5.8661e-03,5.4742e-03,5.0924e-03,4.7218e-03,4.3633e-03,4.0174e-03,3.6841e-03,3.3632e-03,3.0544e-03,2.7567e-03,2.4696e-03,2.1921e-03,1.9234e-03,1.6627e-03,1.4093e-03,1.1625e-03,9.2202e-04,6.8743e-04,4.5853e-04,2.3530e-04,1.7830e-05,-1.9373e-04,-3.9908e-04,-5.9784e-04,-7.8961e-04,-9.7405e-04,-1.1506e-03,-1.3190e-03,-1.4786e-03,-1.6292e-03,-1.7705e-03,-1.9022e-03,-2.0240e-03,-2.1358e-03,-2.2375e-03,-2.3292e-03,-2.4107e-03,-2.4823e-03,-2.5440e-03,-2.5960e-03,-2.6385e-03,-2.6717e-03,-2.6958e-03,-2.7112e-03,-2.7180e-03,-2.7164e-03,-2.7067e-03,-2.6891e-03,-2.6637e-03,-2.6307e-03,-2.5901e-03,-2.5420e-03,-2.4863e-03,-2.4230e-03,-2.3520e-03,-2.2730e-03,-2.1857e-03,-2.0900e-03,-1.9853e-03,-1.8712e-03,-1.7473e-03,-1.6126e-03,-1.4668e-03,-1.3090e-03,-1.1384e-03,-9.5393e-04,-7.5483e-04,-5.3993e-04,-3.0821e-04,-5.8433e-05,2.1079e-04
4.4053e-04,3.8165e-03,6.8131e-03,9.4152e-03,1.1612e-02,1.3399e-02,1.4780e-02,1.5771e-02,1.6398e-02,1.6699e-02,1.6720e-02,1.6515e-02,1.6137e-02,1.5639e-02,1.5068e-02,1.4462e-02,1.3849e-02,1.3247e-02,1.2664e-02,1.2104e-02,1.1565e-02,1.1042e-02,1.0531e-02,1.0027e-02,9.5286e-03,9.0328e-03,8.5399e-03,8.0506e-03,7.5666e-03,7.0896e-03,6.6216e-03,6.1644e-03,5.7195e-03,5.2881e-03,4.8710e-03,4.4684e-03,4.0803e-03,3.7065e-03,3.3462e-03,2.9988e-03,2.6635e-03,2.3393e-03,2.0253e-03,1.7207e-03,1.4247e-03,1.1370e-03,8.5684e-04,5.8402e-04,3.1845e-04,6.0038e-05,-1.9107e-04,-4.3467e-04,-6.7040e-04,-8.9790e-04,-1.1168e-03,-1.3265e-03,-1.5266e-03,-1.7168e-03,-1.8965e-03,-2.0654e-03,-2.2232e-03,-2.3696e-03,-2.5044e-03,-2.6275e-03,-2.7388e-03,-2.8384e-03,-2.9262e-03,-3.0024e-03,-3.0671e-03,-3.1206e-03,-3.1629e-03,-3.1944e-03,-3.2154e-03,-3.2261e-03,-3.2266e-03,-3.2173e-03,-3.1982e-03,-3.1697e-03,-3.1320e-03,-3.0849e-03,-3.0287e-03,-2.9633e-03,-2.8887e-03,-2.8046e-03,-2.7110e-03,-2.6076e-03,-2.4940e-03,-2.3698e-03,-2.2346e-03,-2.0879e-03,-1.9288e-03,-1.7568e-03,-1.5712e-03,-1.3708e-03,-1.1551e-03,-9.2260e-04,-6.7266e-04,-4.0392e-04,-1.1524e-04,1.9475e-04
4.0991e-04,4.0581e-03,7.3408e-03,1.0241e-02,1.2744e-02,1.4838e-02,1.6521e-02,1.7796e-02,1.8679e-02,1.9196e-02,1.9387e-02,1.9298e-02,1.8982e-02,1.8495e-02,1.7890e-02,1.7214e-02,1.6504e-02,1.5789e-02,1.5086e-02,1.4405e-02,1.3747e-02,1.3112e-02,1.2496e-02,1.1893e-02,1.1301e-02,1.0715e-02,1.0135e-02,9.5609e-03,8.9932e-03,8.4335e-03,7.8836e-03,7.3452e-03,6.8203e-03,6.3101e-03,5.8157e-03,5.3376e-03,4.8762e-03,4.4311e-03,4.0021e-03,3.5883e-03,3.1891e-03,2.8035e-03,2.4304e-03,2.0692e-03,1.7188e-03,1.3787e-03,1.0481e-03,7.2680e-04,4.1440e-04,1.1083e-04,-1.8390e-04,-4.6960e-04,-7.4601e-04,-1.0127e-03,-1.2694e-03,-1.5155e-03,-1.7506e-03,-1.9742e-03,-2.1858e-03,-2.3850e-03,-2.5714e-03,-2.7448e-03,-2.9048e-03,-3.0513e-03,-3.1842e-03,-3.3035e-03,-3.4091e-03,-3.5011e-03,-3.5796e-03,-3.6450e-03,-3.6973e-03,-3.7368e-03,-3.7636e-03,-3.7783e-03,-3.7809e-03,-3.7717e-03,-3.7509e-03,-3.7187e-03,-3.6753e-03,-3.6209e-03,-3.5555e-03,-3.4789e-03,-3.3913e-03,-3.2927e-03,-3.1826e-03,-3.0608e-03,-2.9272e-03,-2.7812e-03,-2.6223e-03,-2.4500e-03,-2.2637e-03,-2.0625e-03,-1.8457e-03,-1.6125e-03,-1.3618e-03,-1.0927e-03,-8.0383e-04,-4.9420e-04,-1.6245e-04,1.9255e-04
3.7117e-04,4.2692e-03,7.8156e-03,1.0993e-02,1.3786e-02,1.6178e-02,1.8161e-02,1.9729e-02,2.0887e-02,2.1653e-02,2.2053e-02,2.2125e-02,2.1918e-02,2.1485e-02,2.0882e-02,2.0162e-02,1.9374e-02,1.8554e-02,1.7730e-02,1.6921e-02,1.6135e-02,1.5376e-02,1.4641e-02,1.3927e-02,1.3229e-02,1.2544e-02,1.1869e-02,1.1202e-02,1.0544e-02,9.8954e-03,9.2577e-03,8.6327e-03,8.0219e-03,7.4271e-03,6.8496e-03,6.2900e-03,5.7491e-03,5.2267e-03,4.7226e-03,4.2364e-03,3.7672e-03,3.3142e-03,2.8764e-03,2.4529e-03,2.0427e-03,1.6449e-03,1.2591e-03,8.8439e-04,5.2071e-04,1.6762e-04,-1.7482e-04,-5.0657e-04,-8.2738e-04,-1.1370e-03,-1.4348e-03,-1.7206e-03,-1.9937e-03,-2.2537e-03,-2.5000e-03,-2.7322e-03,-2.9499e-03,-3.1526e-03,-3.3400e-03,-3.5121e-03,-3.6684e-03,-3.8091e-03,-3.9339e-03,-4.0432e-03,-4.1369e-03,-4.2151e-03,-4.2781e-03,-4.3261e-03,-4.3594e-03,-4.3783e-03,-4.3829e-03,-4.3736e-03,-4.3507e-03,-4.3143e-03,-4.2646e-03,-4.2018e-03,-4.1259e-03,-4.0370e-03,-3.9350e-03,-3.8199e-03,-3.6914e-03,-3.5494e-03,-3.3935e-03,-3.2231e-03,-3.0380e-03,-2.8376e-03,-2.6211e-03,-2.3877e-03,-2.1367e-03,-1.8672e-03,-1.5781e-03,-1.2684e-03,-9.3694e-04,-5.8246e-04,-2.0383e-04,2.0061e-04
3.3318e-04,4.4601e-03,8.2477e-03,1.1680e-02,1.4742e-02,1.7415e-02,1.9687e-02,2.1547e-02,2.2991e-02,2.4025e-02,2.4665e-02,2.4938e-02,2.4884e-02,2.4552e-02,2.3995e-02,2.3270e-02,2.2430e-02,2.1523e-02,2.0587e-02,1.9650e-02,1.8730e-02,1.7836e-02,1.6970e-02,1.6132e-02,1.5317e-02,1.4521e-02,1.3740e-02,1.2973e-02,1.2217e-02,1.1473e-02,1.0741e-02,1.0024e-02,9.3218e-03,8.6368e-03,7.9703e-03,7.3235e-03,6.6971e-03,6.0913e-03,5.5062e-03,4.9414e-03,4.3961e-03,3.8698e-03,3.3614e-03,2.8699e-03,2.3943e-03,1.9337e-03,1.4874e-03,1.0546e-03,6.3496e-04,2.2799e-04,-1.6637e-04,-5.4814e-04,-9.1716e-04,-1.2732e-03,-1.6158e-03,-1.9444e-03,-2.2588e-03,-2.5581e-03,-2.8420e-03,-3.1098e-03,-3.3612e-03,-3.5956e-03,-3.8128e-03,-4.0124e-03,-4.1941e-03,-4.3580e-03,-4.5038e-03,-4.6316e-03,-4.7415e-03,-4.8337e-03,-4.9082e-03,-4.9656e-03,-5.0057e-03,-5.0290e-03,-5.0357e-03,-5.0263e-03,-5.0008e-03,-4.9596e-03,-4.9029e-03,-4.8307e-03,-4.7434e-03,-4.6407e-03,-4.5228e-03,-4.3897e-03,-4.2410e-03,-4.0767e-03,-3.8962e-03,-3.6992e-03,-3.4854e-03,-3.2539e-03,-3.0043e-03,-2.7358e-03,-2.4473e-03,-2.1380e-03,-1.8071e-03,-1.4531e-03,-1.0752e-03,-6.7203e-04,-2.4199e-04,2.1582e-04
3.0236e-04,4.6394e-03,8.6472e-03,1.2312e-02,1.5620e-02,1.8554e-02,2.1098e-02,2.3239e-02,2.4967e-02,2.6278e-02,2.7179e-02,2.7685e-02,2.7826e-02,2.7639e-02,2.7175e-02,2.6488e-02,2.5635e-02,2.4669e-02,2.3639e-02,2.2583e-02,2.1528e-02,2.0493e-02,1.9486e-02,1.8511e-02,1.7566e-02,1.6647e-02,1.5750e-02,1.4872e-02,1.4011e-02,1.3164e-02,1.2332e-02,1.1516e-02,1.0717e-02,9.9363e-03,9.1755e-03,8.4357e-03,7.7180e-03,7.0230e-03,6.3509e-03,5.7014e-03,5.0742e-03,4.4686e-03,3.8836e-03,3.3184e-03,2.7719e-03,2.2431e-03,1.7312e-03,1.2353e-03,7.5496e-04,2.8965e-04,-1.6091e-04,-5.9671e-04,-1.0178e-03,-1.4239e-03,-1.8145e-03,-2.1894e-03,-2.5480e-03,-2.8897e-03,-3.2139e-03,-3.5201e-03,-3.8077e-03,-4.0763e-03,-4.3254e-03,-4.5546e-03,-4.7637e-03,-4.9524e-03,-5.1207e-03,-5.2686e-03,-5.3960e-03,-5.5032e-03,-5.5902e-03,-5.6573e-03,-5.7048e-03,-5.7329e-03,-5.7419e-03,-5.7322e-03,-5.7039e-03,-5.6574e-03,-5.5929e-03,-5.5106e-03,-5.4106e-03,-5.2930e-03,-5.1578e-03,-5.0050e-03,-4.8342e-03,-4.6454e-03,-4.4383e-03,-4.2125e-03,-3.9672e-03,-3.7021e-03,-3.4166e-03,-3.1096e-03,-2.7805e-03,-2.4282e-03,-2.0517e-03,-1.6500e-03,-1.2217e-03,-7.6556e-04,-2.8036e-04,2.3541e-04
2.8246e-04,4.8139e-03,9.0233e-03,1.2900e-02,1.6431e-02,1.9602e-02,2.2397e-02,2.4802e-02,2.6803e-02,2.8391e-02,2.9561e-02,3.0321e-02,3.0688e-02,3.0688e-02,3.0363e-02,2.9762e-02,2.8940e-02,2.7954e-02,2.6858e-02,2.5701e-02,2.4520e-02,2.3344e-02,2.2190e-02,2.1068e-02,1.9980e-02,1.8926e-02,1.7901e-02,1.6902e-02,1.5925e-02,1.4967e-02,1.4028e-02,1.3107e-02,1.2205e-02,1.1323e-02,1.0462e-02,9.6239e-03,8.8095e-03,8.0196e-03,7.2546e-03,6.5147e-03,5.7996e-03,5.1088e-03,4.4414e-03,3.7968e-03,3.1737e-03,2.5712e-03,1.9885e-03,1.4246e-03,8.7874e-04,3.5053e-04,-1.6049e-04,-6.5440e-04,-1.1314e-03,-1.5912e-03,-2.0334e-03,-2.4578e-03,-2.8637e-03,-3.2507e-03,-3.6180e-03,-3.9652e-03,-4.2915e-03,-4.5965e-03,-4.8797e-03,-5.1406e-03,-5.3788e-03,-5.5943e-03,-5.7867e-03,-5.9559e-03,-6.1022e-03,-6.2254e-03,-6.3258e-03,-6.4034e-03,-6.4588e-03,-6.4920e-03,-6.5033e-03,-6.4932e-03,-6.4619e-03,-6.4097e-03,-6.3369e-03,-6.2434e-03,-6.1299e-03,-5.9960e-03,-5.8421e-03,-5.6678e-03,-5.4733e-03,-5.2582e-03,-5.0223e-03,-4.7650e-03,-4.4860e-03,-4.1846e-03,-3.8601e-03,-3.5119e-03,-3.1389e-03,-2.7401e-03,-2.3147e-03,-1.8614e-03,-1.3788e-03,-8.6585e-04,-3.2115e-04,2.5688e-04
2.7432e-04,4.9871e-03,9.3824e-03,1.3452e-02,1.7185e-02,2.0571e-02,2.3595e-02,2.6243e-02,2.8499e-02,3.0351e-02,3.1790e-02,3.2813e-02,3.3426e-02,3.3645e-02,3.3501e-02,3.3032e-02,3.2289e-02,3.1328e-02,3.0205e-02,2.8975e-02,2.7687e-02,2.6378e-02,2.5078e-02,2.3803e-02,2.2563e-02,2.1361e-02,2.0196e-02,1.9063e-02,1.7960e-02,1.6882e-02,1.5827e-02,1.4794e-02,1.3783e-02,1.2794e-02,1.1827e-02,1.0885e-02,9.9689e-03,9.0786e-03,8.2153e-03,7.3792e-03,6.5705e-03,5.7886e-03,5.0332e-03,4.3033e-03,3.5980e-03,2.9165e-03,2.2576e-03,1.6206e-03,1.0045e-03,4.0877e-04,-1.6702e-04,-7.2322e-04,-1.2599e-03,-1.7771e-03,-2.2743e-03,-2.7514e-03,-3.2078e-03,-3.6429e-03,-4.0561e-03,-4.4468e-03,-4.8142e-03,-5.1579e-03,-5.4773e-03,-5.7719e-03,-6.0412e-03,-6.2849e-03,-6.5030e-03,-6.6951e-03,-6.8613e-03,-7.0016e-03,-7.1162e-03,-7.2052e-03,-7.2689e-03,-7.3075e-03,-7.3214e-03,-7.3110e-03,-7.2764e-03,-7.2180e-03,-7.1361e-03,-7.0310e-03,-6.9027e-03,-6.7515e-03,-6.5773e-03,-6.3802e-03,-6.1602e-03,-5.9168e-03,-5.6498e-03,-5.3589e-03,-5.0436e-03,-4.7032e-03,-4.3371e-03,-3.9446e-03,-3.5246e-03,-3.0761e-03,-2.5981e-03,-2.0895e-03,-1.5489e-03,-9.7509e-04,-3.6664e-04,2.7792e-04
2.7655e-04,5.1601e-03,9.7283e-03,1.3975e-02,1.7893e-02,2.1472e-02,2.4702e-02,2.7569e-02,3.0060e-02,3.2159e-02,3.3855e-02,3.5139e-02,3.6007e-02,3.6467e-02,3.6535e-02,3.6240e-02,3.5624e-02,3.4735e-02,3.3631e-02,3.2368e-02,3.1001e-02,2.9579e-02,2.8140e-02,2.6713e-02,2.5315e-02,2.3955e-02,2.2637e-02,2.1359e-02,2.0117e-02,1.8909e-02,1.7729e-02,1.6576e-02,1.5449e-02,1.4346e-02,1.3269e-02,1.2218e-02,1.1194e-02,1.0198e-02,9.2306e-03,8.2929e-03,7.3850e-03,6.5065e-03,5.6573e-03,4.8366e-03,4.0436e-03,3.2775e-03,2.5373e-03,1.8219e-03,1.1307e-03,4.6285e-04,-1.8221e-04,-8.0479e-04,-1.4052e-03,-1.9832e-03,-2.5390e-03,-3.0720e-03,-3.5818e-03,-4.0678e-03,-4.5295e-03,-4.9662e-03,-5.3772e-03,-5.7618e-03,-6.1195e-03,-6.4496e-03,-6.7518e-03,-7.0256e-03,-7.2707e-03,-7.4870e-03,-7.6743e-03,-7.8328e-03,-7.9625e-03,-8.0635e-03,-8.1361e-03,-8.1806e-03,-8.1971e-03,-8.1862e-03,-8.1481e-03,-8.0832e-03,-7.9917e-03,-7.8740e-03,-7.7302e-03,-7.5605e-03,-7.3649e-03,-7.1434e-03,-6.8960e-03,-6.6225e-03,-6.3226e-03,-5.9958e-03,-5.6417e-03,-5.2597e-03,-4.8492e-03,-4.4093e-03,-3.9391e-03,-3.4375e-03,-2.9035e-03,-2.3360e-03,-1.7336e-03,-1.0949e-03,-4.1863e-04,2.9665e-04
2.8602e-04,5.3317e-03,1.0062e-02,1.4474e-02,1.8560e-02,2.2316e-02,2.5731e-02,2.8795e-02,3.1497e-02,3.3822e-02,3.5757e-02,3.7289e-02,3.8411e-02,3.9119e-02,3.9421e-02,3.9333e-02,3.8885e-02,3.8117e-02,3.7080e-02,3.5829e-02,3.4423e-02,3.2917e-02,3.1359e-02,2.9788e-02,2.8232e-02,2.6709e-02,2.5228e-02,2.3793e-02,2.2401e-02,2.1050e-02,1.9735e-02,1.8453e-02,1.7201e-02,1.5978e-02,1.4784e-02,1.3618e-02,1.2481e-02,1.1374e-02,1.0298e-02,9.2539e-03,8.2413e-03,7.2609e-03,6.3124e-03,5.3954e-03,4.5092e-03,3.6531e-03,2.8262e-03,2.0275e-03,1.2562e-03,5.1149e-04,-2.0716e-04,-9.0032e-04,-1.5683e-03,-2.2111e-03,-2.8287e-03,-3.4208e-03,-3.9870e-03,-4.5268e-03,-5.0396e-03,-5.5248e-03,-5.9815e-03,-6.4091e-03,-6.8071e-03,-7.1746e-03,-7.5113e-03,-7.8167e-03,-8.0903e-03,-8.3321e-03,-8.5417e-03,-8.7194e-03,-8.8650e-03,-8.9786e-03,-9.0606e-03,-9.1112e-03,-9.1307e-03,-9.1194e-03,-9.0777e-03,-9.0059e-03,-8.9043e-03,-8.7733e-03,-8.6129e-03,-8.4236e-03,-8.2052e-03,-7.9579e-03,-7.6816e-03,-7.3761e-03,-7.0411e-03,-6.6763e-03,-6.2811e-03,-5.8551e-03,-5.3974e-03,-4.9072e-03,-4.3836e-03,-3.8257e-03,-3.2324e-03,-2.6022e-03,-1.9342e-03,-1.2268e-03,-4.7860e-04,3.1197e-04
2.9866e-04,5.4990e-03,1.0384e-02,1.4949e-02,1.9192e-02,2.3108e-02,2.6690e-02,2.9931e-02,3.2821e-02,3.5349e-02,3.7502e-02,3.9266e-02,4.0629e-02,4.1583e-02,4.2127e-02,4.2266e-02,4.2019e-02,4.1414e-02,4.0492e-02,3.9303e-02,3.7905e-02,3.6354e-02,3.4707e-02,3.3012e-02,3.1307e-02,2.9621e-02,2.7972e-02,2.6369e-02,2.4815e-02,2.3309e-02,2.1847e-02,2.0426e-02,1.9041e-02,1.7690e-02,1.6371e-02,1.5085e-02,1.3829e-02,1.2607e-02,1.1417e-02,1.0260e-02,9.1379e-03,8.0502e-03,6.9972e-03,5.9785e-03,4.9938e-03,4.0424e-03,3.1235e-03,2.2364e-03,1.3801e-03,5.5394e-04,-2.4286e-04,-1.0108e-03,-1.7503e-03,-2.4614e-03,-3.1443e-03,-3.7987e-03,-4.4244e-03,-5.0207e-03,-5.5872e-03,-6.1231e-03,-6.6278e-03,-7.1005e-03,-7.5405e-03,-7.9472e-03,-8.3200e-03,-8.6584e-03,-8.9620e-03,-9.2304e-03,-9.4635e-03,-9.6612e-03,-9.8234e-03,-9.9505e-03,-1.0042e-02,-1.0099e-02,-1.0122e-02,-1.0110e-02,-1.0065e-02,-9.9858e-03,-9.8736e-03,-9.7286e-03,-9.5510e-03,-9.3409e-03,-9.0986e-03,-8.8241e-03,-8.5173e-03,-8.1780e-03,-7.8061e-03,-7.4010e-03,-6.9625e-03,-6.4897e-03,-5.9821e-03,-5.4389e-03,-4.8591e-03,-4.2416e-03,-3.5854e-03,-2.8892e-03,-2.1518e-03,-1.3717e-03,-5.4743e-04,3.2237e-04
3.1008e-04,5.6584e-03,1.0690e-02,1.5401e-02,1.9790e-02,2.3853e-02,2.7588e-02,3.0988e-02,3.4047e-02,3.6755e-02,3.9103e-02,4.1076e-02,4.2663e-02,4.3852e-02,4.4634e-02,4.5009e-02,4.4983e-02,4.4573e-02,4.3809e-02,4.2731e-02,4.1389e-02,3.9841e-02,3.8145e-02,3.6355e-02,3.4521e-02,3.2682e-02,3.0865e-02,2.9089e-02,2.7363e-02,2.5691e-02,2.4070e-02,2.2497e-02,2.0969e-02,1.9481e-02,1.8030e-02,1.6616e-02,1.5237e-02,1.3892e-02,1.2583e-02,1.1310e-02,1.0073e-02,8.8733e-03,7.7106e-03,6.5851e-03,5.4967e-03,4.4448e-03,3.4289e-03,2.4483e-03,1.5021e-03,5.8971e-04,-2.8969e-04,-1.1366e-03,-1.9517e-03,-2.7349e-03,-3.4865e-03,-4.2065e-03,-4.8944e-03,-5.5499e-03,-6.1725e-03,-6.7616e-03,-7.3163e-03,-7.8360e-03,-8.3200e-03,-8.7675e-03,-9.1779e-03,-9.5507e-03,-9.8853e-03,-1.0182e-02,-1.0439e-02,-1.0658e-02,-1.0837e-02,-1.0978e-02,-1.1081e-02,-1.1145e-02,-1.1170e-02,-1.1158e-02,-1.1109e-02,-1.1022e-02,-1.0899e-02,-1.0740e-02,-1.0544e-02,-1.0312e-02,-1.0045e-02,-9.7415e-03,-9.4027e-03,-9.0280e-03,-8.6171e-03,-8.1699e-03,-7.6857e-03,-7.1639e-03,-6.6038e-03,-6.0047e-03,-5.3656e-03,-4.6854e-03,-3.9631e-03,-3.1973e-03,-2.3868e-03,-1.5302e-03,-6.2605e-04,3.2725e-04
3.1626e-04,5.8058e-03,1.0977e-02,1.5827e-02,2.0353e-02,2.4555e-02,2.8429e-02,3.1974e-02,3.5184e-02,3.8053e-02,4.0573e-02,4.2733e-02,4.4522e-02,4.5927e-02,4.6937e-02,4.7545e-02,4.7748e-02,4.7554e-02,4.6979e-02,4.6054e-02,4.4818e-02,4.3322e-02,4.1623e-02,3.9780e-02,3.7847e-02,3.5874e-02,3.3899e-02,3.1951e-02,3.0048e-02,2.8200e-02,2.6408e-02,2.4672e-02,2.2989e-02,2.1354e-02,1.9763e-02,1.8213e-02,1.6703e-02,1.5231e-02,1.3797e-02,1.2402e-02,1.1046e-02,9.7291e-03,8.4519e-03,7.2147e-03,6.0176e-03,4.8602e-03,3.7423e-03,2.6632e-03,1.6223e-03,6.1895e-04,-3.4753e-04,-1.2778e-03,-2.1723e-03,-3.0314e-03,-3.8553e-03,-4.6439e-03,-5.3971e-03,-6.1146e-03,-6.7957e-03,-7.4401e-03,-8.0469e-03,-8.6155e-03,-9.1451e-03,-9.6349e-03,-1.0084e-02,-1.0493e-02,-1.0860e-02,-1.1185e-02,-1.1468e-02,-1.1708e-02,-1.1906e-02,-1.2062e-02,-1.2175e-02,-1.2246e-02,-1.2275e-02,-1.2262e-02,-1.2209e-02,-1.2115e-02,-1.1980e-02,-1.1805e-02,-1.1590e-02,-1.1336e-02,-1.1042e-02,-1.0710e-02,-1.0337e-02,-9.9255e-03,-9.4740e-03,-8.9825e-03,-8.4504e-03,-7.8772e-03,-7.2622e-03,-6.6045e-03,-5.9032e-03,-5.1574e-03,-4.3656e-03,-3.5269e-03,-2.6397e-03,-1.7027e-03,-7.1473e-04,3.2616e-04
3.1396e-04,5.9376e-03,1.1242e-02,1.6223e-02,2.0880e-02,2.5211e-02,2.9216e-02,3.2893e-02,3.6239e-02,3.9252e-02,4.1925e-02,4.4250e-02,4.6219e-02,4.7819e-02,4.9038e-02,4.9867e-02,5.0296e-02,5.0326e-02,4.9961e-02,4.9221e-02,4.8133e-02,4.6738e-02,4.5088e-02,4.3238e-02,4.1247e-02,3.9171e-02,3.7058e-02,3.4948e-02,3.2869e-02,3.0839e-02,2.8867e-02,2.6957e-02,2.5106e-02,2.3312e-02,2.1570e-02,1.9876e-02,1.8228e-02,1.6622e-02,1.5058e-02,1.3536e-02,1.2056e-02,1.0617e-02,9.2206e-03,7.8670e-03,6.5564e-03,5.2888e-03,4.0640e-03,2.8816e-03,1.7412e-03,6.4233e-04,-4.1578e-04,-1.4336e-03,-2.4117e-03,-3.3505e-03,-4.2501e-03,-5.1107e-03,-5.9321e-03,-6.7141e-03,-7.4564e-03,-8.1582e-03,-8.8192e-03,-9.4384e-03,-1.0015e-02,-1.0549e-02,-1.1039e-02,-1.1484e-02,-1.1884e-02,-1.2239e-02,-1.2548e-02,-1.2811e-02,-1.3028e-02,-1.3198e-02,-1.3323e-02,-1.3401e-02,-1.3434e-02,-1.3421e-02,-1.3363e-02,-1.3261e-02,-1.3114e-02,-1.2924e-02,-1.2690e-02,-1.2412e-02,-1.2091e-02,-1.1727e-02,-1.1320e-02,-1.0870e-02,-1.0376e-02,-9.8381e-03,-9.2561e-03,-8.6293e-03,-7.9568e-03,-7.2380e-03,-6.4718e-03,-5.6571e-03,-4.7929e-03,-3.8776e-03,-2.9104e-03,-1.8895e-03,-8.1355e-04,3.1884e-04
3.0091e-04,6.0510e-03,1.1481e-02,1.6587e-02,2.1368e-02,2.5822e-02,2.9948e-02,3.3748e-02,3.7219e-02,4.0361e-02,4.3170e-02,4.5642e-02,4.7768e-02,4.9541e-02,5.0948e-02,5.1979e-02,5.2623e-02,5.2873e-02,5.2727e-02,5.2191e-02,5.1283e-02,5.0032e-02,4.8479e-02,4.6673e-02,4.4672e-02,4.2534e-02,4.0315e-02,3.8062e-02,3.5817e-02,3.3607e-02,3.1450e-02,2.9356e-02,2.7327e-02,2.5362e-02,2.3458e-02,2.1610e-02,1.9814e-02,1.8067e-02,1.6367e-02,1.4712e-02,1.3102e-02,1.1537e-02,1.0017e-02,8.5422e-03,7.1136e-03,5.7311e-03,4.3947e-03,3.1045e-03,1.8600e-03,6.6094e-04,-4.9318e-04,-1.6029e-03,-2.6687e-03,-3.6909e-03,-4.6698e-03,-5.6056e-03,-6.4983e-03,-7.3477e-03,-8.1534e-03,-8.9150e-03,-9.6320e-03,-1.0304e-02,-1.0929e-02,-1.1508e-02,-1.2040e-02,-1.2523e-02,-1.2958e-02,-1.3343e-02,-1.3679e-02,-1.3965e-02,-1.4201e-02,-1.4387e-02,-1.4523e-02,-1.4609e-02,-1.4646e-02,-1.4633e-02,-1.4571e-02,-1.4460e-02,-1.4301e-02,-1.4094e-02,-1.3840e-02,-1.3538e-02,-1.3189e-02,-1.2793e-02,-1.2349e-02,-1.1859e-02,-1.1321e-02,-1.0736e-02,-1.0102e-02,-9.4191e-03,-8.6869e-03,-7.9043e-03,-7.0704e-03,-6.1841e-03,-5.2442e-03,-4.2495e-03,-3.1986e-03,-2.0901e-03,-9.2256e-04,3.0543e-04
2.7631e-04,6.1439e-03,1.1692e-02,1.6916e-02,2.1814e-02,2.6383e-02,3.0625e-02,3.4539e-02,3.8126e-02,4.1385e-02,4.4317e-02,4.6918e-02,4.9184e-02,5.1108e-02,5.2681e-02,5.3894e-02,5.4734e-02,5.5192e-02,5.5260e-02,5.4937e-02,5.4230e-02,5.3155e-02,5.1741e-02,5.0028e-02,4.8068e-02,4.5916e-02,4.3631e-02,4.1268e-02,3.8877e-02,3.6497e-02,3.4157e-02,3.1874e-02,2.9658e-02,2.7511e-02,2.5433e-02,2.3420e-02,2.1467e-02,1.9569e-02,1.7725e-02,1.5931e-02,1.4186e-02,1.2489e-02,1.0841e-02,9.2409e-03,7.6899e-03,6.1881e-03,4.7359e-03,3.3333e-03,1.9802e-03,6.7653e-04,-5.7801e-04,-1.7839e-03,-2.9414e-03,-4.0509e-03,-5.1128e-03,-6.1272e-03,-7.0942e-03,-8.0137e-03,-8.8855e-03,-9.7091e-03,-1.0484e-02,-1.1210e-02,-1.1886e-02,-1.2512e-02,-1.3086e-02,-1.3608e-02,-1.4078e-02,-1.4495e-02,-1.4859e-02,-1.5169e-02,-1.5425e-02,-1.5627e-02,-1.5774e-02,-1.5868e-02,-1.5909e-02,-1.5895e-02,-1.5829e-02,-1.5710e-02,-1.5538e-02,-1.5315e-02,-1.5039e-02,-1.4713e-02,-1.4334e-02,-1.3905e-02,-1.3424e-02,-1.2893e-02,-1.2309e-02,-1.1674e-02,-1.0986e-02,-1.0246e-02,-9.4514e-03,-8.6026e-03,-7.6984e-03,-6.7376e-03,-5.7191e-03,-4.6415e-03,-3.5037e-03,-2.3041e-03,-1.0414e-03,2.8615e-04
2.4023e-04,6.2158e-03,1.1873e-02,1.7207e-02,2.2214e-02,2.6893e-02,3.1243e-02,3.5265e-02,3.8959e-02,4.2327e-02,4.5370e-02,4.8087e-02,5.0476e-02,5.2533e-02,5.4252e-02,5.5624e-02,5.6640e-02,5.7288e-02,5.7559e-02,5.7445e-02,5.6946e-02,5.6066e-02,5.4824e-02,5.3247e-02,5.1376e-02,4.9262e-02,4.6959e-02,4.4528e-02,4.2024e-02,3.9495e-02,3.6981e-02,3.4510e-02,3.2102e-02,2.9765e-02,2.7502e-02,2.5312e-02,2.3190e-02,2.1133e-02,1.9136e-02,1.7195e-02,1.5309e-02,1.3476e-02,1.1694e-02,9.9643e-03,8.2866e-03,6.6614e-03,5.0890e-03,3.5697e-03,2.1038e-03,6.9127e-04,-6.6797e-04,-1.9741e-03,-3.2275e-03,-4.4283e-03,-5.5768e-03,-6.6732e-03,-7.7176e-03,-8.7102e-03,-9.6505e-03,-1.0539e-02,-1.1374e-02,-1.2156e-02,-1.2884e-02,-1.3557e-02,-1.4175e-02,-1.4738e-02,-1.5244e-02,-1.5693e-02,-1.6085e-02,-1.6420e-02,-1.6696e-02,-1.6914e-02,-1.7074e-02,-1.7176e-02,-1.7220e-02,-1.7207e-02,-1.7136e-02,-1.7008e-02,-1.6824e-02,-1.6583e-02,-1.6286e-02,-1.5934e-02,-1.5526e-02,-1.5062e-02,-1.4543e-02,-1.3968e-02,-1.3338e-02,-1.2651e-02,-1.1908e-02,-1.1108e-02,-1.0249e-02,-9.3320e-03,-8.3549e-03,-7.3169e-03,-6.2168e-03,-5.0534e-03,-3.8252e-03,-2.5310e-03,-1.1694e-03,2.6129e-04
1.9400e-04,6.2666e-03,1.2024e-02,1.7459e-02,2.2568e-02,2.7349e-02,3.1800e-02,3.5923e-02,3.9718e-02,4.3187e-02,4.6332e-02,4.9154e-02,5.1653e-02,5.3827e-02,5.5673e-02,5.7185e-02,5.8355e-02,5.9173e-02,5.9629e-02,5.9712e-02,5.9416e-02,5.8740e-02,5.7689e-02,5.6280e-02,5.4541e-02,5.2513e-02,5.0245e-02,4.7794e-02,4.5218e-02,4.2572e-02,3.9906e-02,3.7260e-02,3.4661e-02,3.2129e-02,2.9672e-02,2.7294e-02,2.4993e-02,2.2765e-02,2.0605e-02,1.8510e-02,1.6475e-02,1.4498e-02,1.2578e-02,1.0714e-02,8.9054e-03,7.1525e-03,5.4560e-03,3.8161e-03,2.2332e-03,7.0766e-04,-7.6040e-04,-2.1709e-03,-3.5241e-03,-4.8200e-03,-6.0588e-03,-7.2408e-03,-8.3660e-03,-9.4345e-03,-1.0446e-02,-1.1401e-02,-1.2298e-02,-1.3138e-02,-1.3920e-02,-1.4643e-02,-1.5306e-02,-1.5910e-02,-1.6453e-02,-1.6936e-02,-1.7357e-02,-1.7716e-02,-1.8013e-02,-1.8248e-02,-1.8420e-02,-1.8530e-02,-1.8579e-02,-1.8565e-02,-1.8490e-02,-1.8353e-02,-1.8156e-02,-1.7897e-02,-1.7579e-02,-1.7200e-02,-1.6761e-02,-1.6263e-02,-1.5704e-02,-1.5085e-02,-1.4407e-02,-1.3667e-02,-1.2867e-02,-1.2004e-02,-1.1079e-02,-1.0091e-02,-9.0389e-03,-7.9209e-03,-6.7364e-03,-5.4841e-03,-4.1625e-03,-2.7703e-03,-1.3061e-03,2.3152e-04
1.3979e-04,6.2977e-03,1.2144e-02,1.7670e-02,2.2873e-02,2.7748e-02,3.2294e-02,3.6511e-02,4.0400e-02,4.3963e-02,4.7203e-02,5.0121e-02,5.2720e-02,5.4998e-02,5.6956e-02,5.8590e-02,5.9894e-02,6.0860e-02,6.1481e-02,6.1744e-02,6.1640e-02,6.1163e-02,6.0311e-02,5.9089e-02,5.7515e-02,5.5615e-02,5.3431e-02,5.1012e-02,4.8413e-02,4.5693e-02,4.2908e-02,4.0107e-02,3.7329e-02,3.4604e-02,3.1949e-02,2.9374e-02,2.6883e-02,2.4472e-02,2.2139e-02,1.9879e-02,1.7688e-02,1.5561e-02,1.3497e-02,1.1493e-02,9.5485e-03,7.6639e-03,5.8391e-03,4.0747e-03,2.3710e-03,7.2857e-04,-8.5221e-04,-2.3711e-03,-3.8280e-03,-5.2229e-03,-6.5558e-03,-7.8268e-03,-9.0362e-03,-1.0184e-02,-1.1270e-02,-1.2294e-02,-1.3256e-02,-1.4155e-02,-1.4993e-02,-1.5766e-02,-1.6477e-02,-1.7123e-02,-1.7704e-02,-1.8220e-02,-1.8671e-02,-1.9055e-02,-1.9373e-02,-1.9625e-02,-1.9811e-02,-1.9930e-02,-1.9982e-02,-1.9968e-02,-1.9888e-02,-1.9743e-02,-1.9532e-02,-1.9256e-02,-1.8915e-02,-1.8509e-02,-1.8039e-02,-1.7505e-02,-1.6906e-02,-1.6242e-02,-1.5513e-02,-1.4720e-02,-1.3860e-02,-1.2934e-02,-1.1941e-02,-1.0880e-02,-9.7494e-03,-8.5490e-03,-7.2772e-03,-5.9329e-03,-4.5147e-03,-3.0211e-03,-1.4509e-03,1.9713e-04
8.0379e-05,6.3109e-03,1.2234e-02,1.7842e-02,2.3128e-02,2.8088e-02,3.2721e-02,3.7026e-02,4.1002e-02,4.4654e-02,4.7981e-02,5.0988e-02,5.3677e-02,5.6050e-02,5.8107e-02,5.9848e-02,6.1269e-02,6.2365e-02,6.3129e-02,6.3552e-02,6.3623e-02,6.3334e-02,6.2676e-02,6.1649e-02,6.0258e-02,5.8520e-02,5.6462e-02,5.4123e-02,5.1554e-02,4.8809e-02,4.5947e-02,4.3025e-02,4.0090e-02,3.7183e-02,3.4333e-02,3.1558e-02,2.8867e-02,2.6264e-02,2.3747e-02,2.1312e-02,1.8954e-02,1.6669e-02,1.4453e-02,1.2303e-02,1.0219e-02,8.1979e-03,6.2410e-03,4.3482e-03,2.5199e-03,7.5687e-04,-9.4038e-04,-2.5714e-03,-4.1359e-03,-5.6335e-03,-7.0642e-03,-8.4279e-03,-9.7247e-03,-1.0955e-02,-1.2118e-02,-1.3214e-02,-1.4243e-02,-1.5205e-02,-1.6099e-02,-1.6926e-02,-1.7684e-02,-1.8373e-02,-1.8994e-02,-1.9545e-02,-2.0026e-02,-2.0436e-02,-2.0776e-02,-2.1046e-02,-2.1244e-02,-2.1372e-02,-2.1429e-02,-2.1415e-02,-2.1330e-02,-2.1176e-02,-2.0951e-02,-2.0657e-02,-2.0294e-02,-1.9861e-02,-1.9359e-02,-1.8787e-02,-1.8147e-02,-1.7437e-02,-1.6657e-02,-1.5808e-02,-1.4888e-02,-1.3896e-02,-1.2833e-02,-1.1696e-02,-1.0486e-02,-9.2002e-03,-7.8384e-03,-6.3991e-03,-4.8811e-03,-3.2830e-03,-1.6034e-03,1.5897e-04
1.8863e-05,6.3086e-03,1.2296e-02,1.7973e-02,2.3332e-02,2.8369e-02,3.3080e-02,3.7464e-02,4.1522e-02,4.5254e-02,4.8664e-02,5.1753e-02,5.4526e-02,5.6985e-02,5.9131e-02,6.0967e-02,6.2490e-02,6.3699e-02,6.4588e-02,6.5150e-02,6.5377e-02,6.5258e-02,6.4784e-02,6.3947e-02,6.2747e-02,6.1189e-02,5.9289e-02,5.7074e-02,5.4583e-02,5.1866e-02,4.8977e-02,4.5976e-02,4.2918e-02,3.9852e-02,3.6818e-02,3.3845e-02,3.0952e-02,2.8148e-02,2.5436e-02,2.2815e-02,2.0280e-02,1.7827e-02,1.5452e-02,1.3150e-02,1.0919e-02,8.7574e-03,6.6641e-03,4.6391e-03,2.6827e-03,7.9545e-04,-1.0219e-03,-2.7686e-03,-4.4442e-03,-6.0483e-03,-7.5804e-03,-9.0404e-03,-1.0428e-02,-1.1744e-02,-1.2987e-02,-1.4158e-02,-1.5257e-02,-1.6283e-02,-1.7237e-02,-1.8118e-02,-1.8926e-02,-1.9660e-02,-2.0321e-02,-2.0908e-02,-2.1420e-02,-2.1857e-02,-2.2220e-02,-2.2507e-02,-2.2719e-02,-2.2856e-02,-2.2917e-02,-2.2903e-02,-2.2815e-02,-2.2651e-02,-2.2413e-02,-2.2101e-02,-2.1714e-02,-2.1253e-02,-2.0718e-02,-2.0110e-02,-1.9427e-02,-1.8670e-02,-1.7838e-02,-1.6931e-02,-1.5949e-02,-1.4890e-02,-1.3754e-02,-1.2540e-02,-1.1247e-02,-9.8738e-03,-8.4194e-03,-6.8823e-03,-5.2614e-03,-3.5554e-03,-1.7629e-03,1.1739e-04
-4.1537e-05,6.2935e-03,1.2332e-02,1.8066e-02,2.3486e-02,2.8589e-02,3.3369e-02,3.7824e-02,4.1955e-02,4.5762e-02,4.9247e-02,5.2413e-02,5.5263e-02,5.7800e-02,6.0028e-02,6.1949e-02,6.3563e-02,6.4871e-02,6.5868e-02,6.6552e-02,6.6914e-02,6.6946e-02,6.6639e-02,6.5982e-02,6.4969e-02,6.3598e-02,6.1875e-02,5.9815e-02,5.7446e-02,5.4805e-02,5.1942e-02,4.8912e-02,4.5774e-02,4.2583e-02,3.9388e-02,3.6230e-02,3.3137e-02,3.0128e-02,2.7214e-02,2.4396e-02,2.1674e-02,1.9044e-02,1.6500e-02,1.4037e-02,1.1654e-02,9.3454e-03,7.1110e-03,4.9497e-03,2.8615e-03,8.4667e-04,-1.0941e-03,-2.9600e-03,-4.7502e-03,-6.4641e-03,-8.1012e-03,-9.6610e-03,-1.1143e-02,-1.2548e-02,-1.3875e-02,-1.5124e-02,-1.6295e-02,-1.7388e-02,-1.8404e-02,-1.9341e-02,-2.0201e-02,-2.0982e-02,-2.1684e-02,-2.2308e-02,-2.2852e-02,-2.3317e-02,-2.3703e-02,-2.4008e-02,-2.4234e-02,-2.4381e-02,-2.4447e-02,-2.4433e-02,-2.4340e-02,-2.4168e-02,-2.3916e-02,-2.3585e-02,-2.3175e-02,-2.2686e-02,-2.2118e-02,-2.1471e-02,-2.0745e-02,-1.9939e-02,-1.9054e-02,-1.8089e-02,-1.7043e-02,-1.5915e-02,-1.4705e-02,-1.3411e-02,-1.2033e-02,-1.0570e-02,-9.0198e-03,-7.3819e-03,-5.6550e-03,-3.8377e-03,-1.9288e-03,7.2705e-05
-9.7828e-05,6.2679e-03,1.2344e-02,1.8121e-02,2.3591e-02,2.8747e-02,3.3586e-02,3.8104e-02,4.2299e-02,4.6173e-02,4.9727e-02,5.2963e-02,5.5884e-02,5.8495e-02,6.0797e-02,6.2795e-02,6.4491e-02,6.5885e-02,6.6978e-02,6.7767e-02,6.8247e-02,6.8411e-02,6.8251e-02,6.7758e-02,6.6921e-02,6.5734e-02,6.4195e-02,6.2310e-02,6.0093e-02,5.7571e-02,5.4783e-02,5.1778e-02,4.8609e-02,4.5337e-02,4.2015e-02,3.8695e-02,3.5415e-02,3.2206e-02,2.9085e-02,2.6064e-02,2.3144e-02,2.0325e-02,1.7602e-02,1.4971e-02,1.2426e-02,9.9651e-03,7.5843e-03,5.2823e-03,3.0583e-03,9.1231e-04,-1.1551e-03,-3.1434e-03,-5.0515e-03,-6.8786e-03,-8.6240e-03,-1.0287e-02,-1.1867e-02,-1.3364e-02,-1.4778e-02,-1.6108e-02,-1.7355e-02,-1.8518e-02,-1.9598e-02,-2.0594e-02,-2.1507e-02,-2.2337e-02,-2.3082e-02,-2.3744e-02,-2.4322e-02,-2.4816e-02,-2.5225e-02,-2.5550e-02,-2.5791e-02,-2.5947e-02,-2.6018e-02,-2.6005e-02,-2.5908e-02,-2.5726e-02,-2.5461e-02,-2.5111e-02,-2.4677e-02,-2.4160e-02,-2.3558e-02,-2.2872e-02,-2.2102e-02,-2.1247e-02,-2.0307e-02,-1.9282e-02,-1.8170e-02,-1.6971e-02,-1.5685e-02,-1.4309e-02,-1.2844e-02,-1.1288e-02,-9.6394e-03,-7.8978e-03,-6.0616e-03,-4.1298e-03,-2.1011e-03,2.5379e-05
-1.4733e-04,6.2345e-03,1.2334e-02,1.8140e-02,2.3646e-02,2.8845e-02,3.3730e-02,3.8300e-02,4.2551e-02,4.6484e-02,5.0099e-02,5.3399e-02,5.6385e-02,5.9063e-02,6.1434e-02,6.3503e-02,6.5272e-02,6.6745e-02,6.7922e-02,6.8803e-02,6.9385e-02,6.9664e-02,6.9633e-02,6.9284e-02,6.8607e-02,6.7593e-02,6.6235e-02,6.4531e-02,6.2486e-02,6.0115e-02,5.7444e-02,5.4512e-02,5.1367e-02,4.8063e-02,4.4659e-02,4.1211e-02,3.7768e-02,3.4371e-02,3.1048e-02,2.7820e-02,2.4695e-02,2.1677e-02,1.8765e-02,1.5955e-02,1.3241e-02,1.0619e-02,8.0860e-03,5.6381e-03,3.2741e-03,9.9327e-04,-1.2042e-03,-3.3179e-03,-5.3470e-03,-7.2904e-03,-9.1473e-03,-1.0917e-02,-1.2598e-02,-1.4191e-02,-1.5695e-02,-1.7109e-02,-1.8435e-02,-1.9671e-02,-2.0818e-02,-2.1876e-02,-2.2845e-02,-2.3724e-02,-2.4515e-02,-2.5217e-02,-2.5830e-02,-2.6353e-02,-2.6787e-02,-2.7132e-02,-2.7388e-02,-2.7555e-02,-2.7632e-02,-2.7620e-02,-2.7519e-02,-2.7328e-02,-2.7049e-02,-2.6680e-02,-2.6222e-02,-2.5675e-02,-2.5039e-02,-2.4314e-02,-2.3498e-02,-2.2593e-02,-2.1597e-02,-2.0510e-02,-1.9331e-02,-1.8060e-02,-1.6694e-02,-1.5235e-02,-1.3680e-02,-1.2028e-02,-1.0278e-02,-8.4299e-03,-6.4813e-03,-4.4316e-03,-2.2796e-03,-2.4495e-05
-1.8787e-04,6.1950e-03,1.2302e-02,1.8125e-02,2.3653e-02,2.8880e-02,3.3801e-02,3.8411e-02,4.2709e-02,4.6691e-02,5.0360e-02,5.3716e-02,5.6761e-02,5.9499e-02,6.1933e-02,6.4067e-02,6.5904e-02,6.7448e-02,6.8701e-02,6.9663e-02,7.0335e-02,7.0713e-02,7.0794e-02,7.0571e-02,7.0036e-02,6.9178e-02,6.7990e-02,6.6464e-02,6.4598e-02,6.2397e-02,5.9875e-02,5.7059e-02,5.3987e-02,5.0705e-02,4.7269e-02,4.3738e-02,4.0166e-02,3.6605e-02,3.3093e-02,2.9661e-02,2.6329e-02,2.3106e-02,1.9995e-02,1.6995e-02,1.4102e-02,1.1311e-02,8.6179e-03,6.0180e-03,3.5090e-03,1.0893e-03,-1.2418e-03,-3.4841e-03,-5.6371e-03,-7.6997e-03,-9.6710e-03,-1.1550e-02,-1.3336e-02,-1.5028e-02,-1.6625e-02,-1.8127e-02,-1.9534e-02,-2.0847e-02,-2.2064e-02,-2.3186e-02,-2.4213e-02,-2.5145e-02,-2.5983e-02,-2.6727e-02,-2.7376e-02,-2.7931e-02,-2.8391e-02,-2.8757e-02,-2.9029e-02,-2.9207e-02,-2.9290e-02,-2.9279e-02,-2.9174e-02,-2.8975e-02,-2.8681e-02,-2.8293e-02,-2.7811e-02,-2.7235e-02,-2.6563e-02,-2.5797e-02,-2.4936e-02,-2.3979e-02,-2.2925e-02,-2.1775e-02,-2.0527e-02,-1.9181e-02,-1.7735e-02,-1.6189e-02,-1.4541e-02,-1.2791e-02,-1.0937e-02,-8.9786e-03,-6.9142e-03,-4.7431e-03,-2.4642e-03,-7.6932e-05
-2.1793e-04,6.1510e-03,1.2252e-02,1.8075e-02,2.3612e-02,2.8855e-02,3.3798e-02,3.8437e-02,4.2769e-02,4.6791e-02,5.0504e-02,5.3908e-02,5.7005e-02,5.9798e-02,6.2289e-02,6.4482e-02,6.6382e-02,6.7990e-02,6.9311e-02,7.0347e-02,7.1098e-02,7.1564e-02,7.1742e-02,7.1628e-02,7.1216e-02,7.0498e-02,6.9464e-02,6.8105e-02,6.6414e-02,6.4390e-02,6.2036e-02,5.9367e-02,5.6409e-02,5.3199e-02,4.9785e-02,4.6221e-02,4.2566e-02,3.8875e-02,3.5199e-02,3.1578e-02,2.8042e-02,2.4610e-02,2.1294e-02,1.8095e-02,1.5013e-02,1.2043e-02,9.1809e-03,6.4218e-03,3.7620e-03,1.1985e-03,-1.2700e-03,-3.6442e-03,-5.9240e-03,-8.1087e-03,-1.0197e-02,-1.2188e-02,-1.4082e-02,-1.5875e-02,-1.7569e-02,-1.9162e-02,-2.0655e-02,-2.2046e-02,-2.3336e-02,-2.4525e-02,-2.5614e-02,-2.6602e-02,-2.7489e-02,-2.8276e-02,-2.8964e-02,-2.9551e-02,-3.0039e-02,-3.0428e-02,-3.0717e-02,-3.0906e-02,-3.0996e-02,-3.0987e-02,-3.0878e-02,-3.0670e-02,-3.0362e-02,-2.9955e-02,-2.9448e-02,-2.8841e-02,-2.8134e-02,-2.7326e-02,-2.6417e-02,-2.5407e-02,-2.4294e-02,-2.3079e-02,-2.1760e-02,-2.0337e-02,-1.8807e-02,-1.7172e-02,-1.5429e-02,-1.3577e-02,-1.1616e-02,-9.5443e-03,-7.3607e-03,-5.0646e-03,-2.6553e-03,-1.3185e-04
-2.3659e-04,6.1035e-03,1.2183e-02,1.7992e-02,2.3523e-02,2.8767e-02,3.3720e-02,3.8375e-02,4.2730e-02,4.6781e-02,5.0529e-02,5.3973e-02,5.7113e-02,5.9953e-02,6.2495e-02,6.4742e-02,6.6698e-02,6.8365e-02,6.9749e-02,7.0850e-02,7.1672e-02,7.2215e-02,7.2479e-02,7.2461e-02,7.2156e-02,7.1559e-02,7.0662e-02,6.9455e-02,6.7929e-02,6.6078e-02,6.3898e-02,6.1395e-02,5.8583e-02,5.5487e-02,5.2143e-02,4.8600e-02,4.4912e-02,4.1137e-02,3.7332e-02,3.3546e-02,2.9820e-02,2.6184e-02,2.2659e-02,1.9254e-02,1.5974e-02,1.2815e-02,9.7750e-03,6.8485e-03,4.0307e-03,1.3179e-03,-1.2926e-03,-3.8025e-03,-6.2122e-03,-8.5216e-03,-1.0730e-02,-1.2836e-02,-1.4839e-02,-1.6738e-02,-1.8531e-02,-2.0218e-02,-2.1798e-02,-2.3272e-02,-2.4638e-02,-2.5898e-02,-2.7050e-02,-2.8096e-02,-2.9035e-02,-2.9869e-02,-3.0596e-02,-3.1218e-02,-3.1735e-02,-3.2147e-02,-3.2454e-02,-3.2656e-02,-3.2754e-02,-3.2746e-02,-3.2634e-02,-3.2417e-02,-3.2095e-02,-3.1668e-02,-3.1135e-02,-3.0497e-02,-2.9753e-02,-2.8902e-02,-2.7945e-02,-2.6880e-02,-2.5706e-02,-2.4424e-02,-2.3031e-02,-2.1528e-02,-1.9914e-02,-1.8186e-02,-1.6345e-02,-1.4388e-02,-1.2316e-02,-1.0128e-02,-7.8212e-03,-5.3965e-03,-2.8527e-03,-1.8951e-04
-2.4366e-04,6.0531e-03,1.2096e-02,1.7877e-02,2.3387e-02,2.8619e-02,3.3567e-02,3.8225e-02,4.2590e-02,4.6660e-02,5.0431e-02,5.3904e-02,5.7080e-02,5.9959e-02,6.2545e-02,6.4839e-02,6.6845e-02,6.8566e-02,7.0006e-02,7.1168e-02,7.2054e-02,7.2667e-02,7.3006e-02,7.3071e-02,7.2860e-02,7.2369e-02,7.1591e-02,7.0518e-02,6.9141e-02,6.7452e-02,6.5444e-02,6.3113e-02,6.0466e-02,5.7514e-02,5.4283e-02,5.0810e-02,4.7143e-02,4.3335e-02,3.9445e-02,3.5529e-02,3.1638e-02,2.7812e-02,2.4083e-02,2.0470e-02,1.6984e-02,1.3627e-02,1.0399e-02,7.2957e-03,4.3118e-03,1.4428e-03,-1.3153e-03,-3.9651e-03,-6.5082e-03,-8.9451e-03,-1.1276e-02,-1.3499e-02,-1.5614e-02,-1.7620e-02,-1.9515e-02,-2.1299e-02,-2.2970e-02,-2.4529e-02,-2.5975e-02,-2.7307e-02,-2.8526e-02,-2.9633e-02,-3.0627e-02,-3.1509e-02,-3.2279e-02,-3.2937e-02,-3.3485e-02,-3.3921e-02,-3.4247e-02,-3.4463e-02,-3.4568e-02,-3.4563e-02,-3.4447e-02,-3.4221e-02,-3.3885e-02,-3.3437e-02,-3.2878e-02,-3.2208e-02,-3.1425e-02,-3.0530e-02,-2.9522e-02,-2.8401e-02,-2.7164e-02,-2.5812e-02,-2.4344e-02,-2.2759e-02,-2.1055e-02,-1.9232e-02,-1.7289e-02,-1.5225e-02,-1.3038e-02,-1.0729e-02,-8.2962e-03,-5.7388e-03,-3.0569e-03,-2.5004e-04
-2.3949e-04,5.9996e-03,1.1992e-02,1.7730e-02,2.3205e-02,2.8410e-02,3.3339e-02,3.7987e-02,4.2350e-02,4.6424e-02,5.0208e-02,5.3700e-02,5.6901e-02,5.9811e-02,6.2432e-02,6.4767e-02,6.6817e-02,6.8586e-02,7.0077e-02,7.1293e-02,7.2237e-02,7.2912e-02,7.3319e-02,7.3458e-02,7.3329e-02,7.2929e-02,7.2255e-02,7.1299e-02,7.0055e-02,6.8513e-02,6.6665e-02,6.4503e-02,6.2026e-02,5.9237e-02,5.6149e-02,5.2788e-02,4.9191e-02,4.5403e-02,4.1480e-02,3.7480e-02,3.3459e-02,2.9468e-02,2.5549e-02,2.1732e-02,1.8037e-02,1.4476e-02,1.1050e-02,7.7602e-03,4.6009e-03,1.5676e-03,-1.3447e-03,-4.1398e-03,-6.8204e-03,-9.3881e-03,-1.1844e-02,-1.4186e-02,-1.6416e-02,-1.8531e-02,-2.0530e-02,-2.2413e-02,-2.4178e-02,-2.5824e-02,-2.7351e-02,-2.8760e-02,-3.0049e-02,-3.1218e-02,-3.2270e-02,-3.3202e-02,-3.4017e-02,-3.4714e-02,-3.5293e-02,-3.5756e-02,-3.6103e-02,-3.6332e-02,-3.6446e-02,-3.6443e-02,-3.6324e-02,-3.6089e-02,-3.5737e-02,-3.5268e-02,-3.4682e-02,-3.3978e-02,-3.3156e-02,-3.2214e-02,-3.1154e-02,-2.9973e-02,-2.8671e-02,-2.7247e-02,-2.5700e-02,-2.4029e-02,-2.2234e-02,-2.0312e-02,-1.8264e-02,-1.6088e-02,-1.3783e-02,-1.1349e-02,-8.7859e-03,-6.0922e-03,-3.2681e-03,-3.1358e-04
-2.2509e-04,5.9426e-03,1.1870e-02,1.7551e-02,2.2976e-02,2.8140e-02,3.3036e-02,3.7660e-02,4.2007e-02,4.6074e-02,4.9858e-02,5.3358e-02,5.6574e-02,5.9505e-02,6.2153e-02,6.4519e-02,6.6606e-02,6.8417e-02,6.9953e-02,7.1218e-02,7.2214e-02,7.2945e-02,7.3412e-02,7.3618e-02,7.3561e-02,7.3241e-02,7.2657e-02,7.1803e-02,7.0675e-02,6.9263e-02,6.7560e-02,6.5556e-02,6.3245e-02,6.0625e-02,5.7699e-02,5.4480e-02,5.0993e-02,4.7275e-02,4.3371e-02,3.9338e-02,3.5233e-02,3.1112e-02,2.7028e-02,2.3021e-02,1.9123e-02,1.5354e-02,1.1724e-02,8.2378e-03,4.8932e-03,1.6862e-03,-1.3882e-03,-4.3351e-03,-7.1583e-03,-9.8607e-03,-1.2444e-02,-1.4909e-02,-1.7254e-02,-1.9480e-02,-2.1585e-02,-2.3569e-02,-2.5429e-02,-2.7165e-02,-2.8777e-02,-3.0263e-02,-3.1624e-02,-3.2860e-02,-3.3971e-02,-3.4956e-02,-3.5818e-02,-3.6555e-02,-3.7168e-02,-3.7659e-02,-3.8026e-02,-3.8271e-02,-3.8393e-02,-3.8393e-02,-3.8270e-02,-3.8025e-02,-3.7657e-02,-3.7166e-02,-3.6551e-02,-3.5812e-02,-3.4948e-02,-3.3959e-02,-3.2843e-02,-3.1601e-02,-3.0230e-02,-2.8731e-02,-2.7102e-02,-2.5342e-02,-2.3451e-02,-2.1427e-02,-1.9270e-02,-1.6978e-02,-1.4551e-02,-1.1989e-02,-9.2910e-03,-6.4568e-03,-3.4864e-03,-3.8011e-04
-2.0185e-04,5.8812e-03,1.1731e-02,1.7340e-02,2.2702e-02,2.7810e-02,3.2660e-02,3.7246e-02,4.1563e-02,4.5609e-02,4.9381e-02,5.2877e-02,5.6096e-02,5.9038e-02,6.1704e-02,6.4093e-02,6.6209e-02,6.8053e-02,6.9627e-02,7.0935e-02,7.1978e-02,7.2759e-02,7.3281e-02,7.3545e-02,7.3552e-02,7.3304e-02,7.2798e-02,7.2033e-02,7.1004e-02,6.9705e-02,6.8130e-02,6.6269e-02,6.4115e-02,6.1659e-02,5.8900e-02,5.5840e-02,5.2495e-02,4.8887e-02,4.5052e-02,4.1038e-02,3.6900e-02,3.2695e-02,2.8481e-02,2.4309e-02,2.0221e-02,1.6249e-02,1.2413e-02,8.7231e-03,5.1838e-03,1.7933e-03,-1.4527e-03,-4.5593e-03,-7.5315e-03,-1.0374e-02,-1.3088e-02,-1.5677e-02,-1.8141e-02,-2.0480e-02,-2.2692e-02,-2.4778e-02,-2.6735e-02,-2.8563e-02,-3.0260e-02,-3.1827e-02,-3.3262e-02,-3.4566e-02,-3.5738e-02,-3.6778e-02,-3.7688e-02,-3.8467e-02,-3.9116e-02,-3.9635e-02,-4.0024e-02,-4.0285e-02,-4.0416e-02,-4.0418e-02,-4.0292e-02,-4.0036e-02,-3.9651e-02,-3.9136e-02,-3.8490e-02,-3.7714e-02,-3.6806e-02,-3.5766e-02,-3.4593e-02,-3.3286e-02,-3.1844e-02,-3.0266e-02,-2.8552e-02,-2.6700e-02,-2.4709e-02,-2.2578e-02,-2.0308e-02,-1.7896e-02,-1.5343e-02,-1.2648e-02,-9.8112e-03,-6.8322e-03,-3.7114e-03,-4.4950e-04
-1.7154e-04,5.8145e-03,1.1573e-02,1.7098e-02,2.2383e-02,2.7422e-02,3.2212e-02,3.6746e-02,4.1020e-02,4.5033e-02,4.8779e-02,5.2259e-02,5.5469e-02,5.8411e-02,6.1083e-02,6.3486e-02,6.5622e-02,6.7491e-02,6.9096e-02,7.0439e-02,7.1522e-02,7.2348e-02,7.2918e-02,7.3234e-02,7.3299e-02,7.3113e-02,7.2676e-02,7.1988e-02,7.1046e-02,6.9845e-02,6.8382e-02,6.6647e-02,6.4633e-02,6.2331e-02,5.9734e-02,5.6840e-02,5.3653e-02,5.0184e-02,4.6460e-02,4.2515e-02,3.8396e-02,3.4158e-02,2.9859e-02,2.5558e-02,2.1305e-02,1.7144e-02,1.3105e-02,9.2094e-03,5.4681e-03,1.8845e-03,-1.5429e-03,-4.8185e-03,-7.9477e-03,-1.0936e-02,-1.3786e-02,-1.6503e-02,-1.9088e-02,-2.1541e-02,-2.3862e-02,-2.6051e-02,-2.8106e-02,-3.0026e-02,-3.1811e-02,-3.3459e-02,-3.4970e-02,-3.6343e-02,-3.7578e-02,-3.8676e-02,-3.9635e-02,-4.0457e-02,-4.1143e-02,-4.1691e-02,-4.2103e-02,-4.2380e-02,-4.2520e-02,-4.2524e-02,-4.2393e-02,-4.2126e-02,-4.1722e-02,-4.1181e-02,-4.0504e-02,-3.9688e-02,-3.8734e-02,-3.7640e-02,-3.6406e-02,-3.5031e-02,-3.3514e-02,-3.1854e-02,-3.0050e-02,-2.8101e-02,-2.6007e-02,-2.3766e-02,-2.1378e-02,-1.8842e-02,-1.6158e-02,-1.3326e-02,-1.0346e-02,-7.2182e-03,-3.9429e-03,-5.2139e-04
-1.3611e-04,5.7413e-03,1.1397e-02,1.6825e-02,2.2020e-02,2.6978e-02,3.1693e-02,3.6162e-02,4.0381e-02,4.4346e-02,4.8055e-02,5.1505e-02,5.4695e-02,5.7624e-02,6.0292e-02,6.2698e-02,6.4844e-02,6.6730e-02,6.8358e-02,6.9728e-02,7.0844e-02,7.1707e-02,7.2319e-02,7.2682e-02,7.2797e-02,7.2667e-02,7.2291e-02,7.1670e-02,7.0803e-02,6.9688e-02,6.8320e-02,6.6695e-02,6.4805e-02,6.2641e-02,6.0197e-02,5.7464e-02,5.4440e-02,5.1128e-02,4.7543e-02,4.3707e-02,3.9656e-02,3.5438e-02,3.1106e-02,2.6721e-02,2.2339e-02,1.8013e-02,1.3786e-02,9.6885e-03,5.7423e-03,1.9581e-03,-1.6605e-03,-5.1153e-03,-8.4107e-03,-1.1552e-02,-1.4546e-02,-1.7395e-02,-2.0103e-02,-2.2673e-02,-2.5104e-02,-2.7397e-02,-2.9550e-02,-3.1564e-02,-3.3437e-02,-3.5167e-02,-3.6754e-02,-3.8198e-02,-3.9498e-02,-4.0653e-02,-4.1663e-02,-4.2530e-02,-4.3252e-02,-4.3831e-02,-4.4267e-02,-4.4559e-02,-4.4708e-02,-4.4714e-02,-4.4577e-02,-4.4297e-02,-4.3873e-02,-4.3305e-02,-4.2593e-02,-4.1735e-02,-4.0732e-02,-3.9581e-02,-3.8283e-02,-3.6837e-02,-3.5241e-02,-3.3495e-02,-3.1597e-02,-2.9548e-02,-2.7345e-02,-2.4989e-02,-2.2479e-02,-1.9815e-02,-1.6996e-02,-1.4022e-02,-1.0895e-02,-7.6137e-03,-4.1801e-03,-5.9501e-04
-9.7791e-05,5.6603e-03,1.1201e-02,1.6521e-02,2.1615e-02,2.6479e-02,3.1108e-02,3.5500e-02,3.9650e-02,4.3555e-02,4.7213e-02,5.0621e-02,5.3779e-02,5.6684e-02,5.9335e-02,6.1734e-02,6.3879e-02,6.5772e-02,6.7413e-02,6.8803e-02,6.9944e-02,7.0838e-02,7.1485e-02,7.1887e-02,7.2047e-02,7.1965e-02,7.1643e-02,7.1081e-02,7.0280e-02,6.9238e-02,6.7954e-02,6.6423e-02,6.4641e-02,6.2599e-02,6.0291e-02,5.7708e-02,5.4844e-02,5.1695e-02,4.8265e-02,4.4567e-02,4.0625e-02,3.6475e-02,3.2164e-02,2.7746e-02,2.3281e-02,1.8826e-02,1.4435e-02,1.0150e-02,6.0029e-03,2.0151e-03,-1.8025e-03,-5.4463e-03,-8.9185e-03,-1.2223e-02,-1.5367e-02,-1.8355e-02,-2.1192e-02,-2.3881e-02,-2.6423e-02,-2.8821e-02,-3.1074e-02,-3.3182e-02,-3.5142e-02,-3.6955e-02,-3.8620e-02,-4.0134e-02,-4.1499e-02,-4.2712e-02,-4.3775e-02,-4.4686e-02,-4.5446e-02,-4.6056e-02,-4.6515e-02,-4.6823e-02,-4.6980e-02,-4.6987e-02,-4.6844e-02,-4.6549e-02,-4.6104e-02,-4.5506e-02,-4.4757e-02,-4.3855e-02,-4.2799e-02,-4.1589e-02,-4.0223e-02,-3.8702e-02,-3.7023e-02,-3.5186e-02,-3.3191e-02,-3.1036e-02,-2.8721e-02,-2.6246e-02,-2.3609e-02,-2.0812e-02,-1.7853e-02,-1.4734e-02,-1.1455e-02,-8.0174e-03,-4.4215e-03,-6.6917e-04
-5.8618e-05,5.5706e-03,1.0988e-02,1.6189e-02,2.1170e-02,2.5929e-02,3.0461e-02,3.4763e-02,3.8832e-02,4.2665e-02,4.6260e-02,4.9615e-02,5.2727e-02,5.5596e-02,5.8221e-02,6.0600e-02,6.2734e-02,6.4624e-02,6.6268e-02,6.7669e-02,6.8827e-02,6.9742e-02,7.0417e-02,7.0852e-02,7.1050e-02,7.1010e-02,7.0735e-02,7.0225e-02,6.9482e-02,6.8505e-02,6.7293e-02,6.5844e-02,6.4154e-02,6.2219e-02,6.0032e-02,5.7584e-02,5.4868e-02,5.1877e-02,4.8608e-02,4.5066e-02,4.1262e-02,3.7221e-02,3.2978e-02,2.8581e-02,2.4084e-02,1.9547e-02,1.5028e-02,1.0580e-02,6.2459e-03,2.0586e-03,-1.9610e-03,-5.8019e-03,-9.4608e-03,-1.2940e-02,-1.6243e-02,-1.9378e-02,-2.2349e-02,-2.5162e-02,-2.7820e-02,-3.0325e-02,-3.2678e-02,-3.4879e-02,-3.6928e-02,-3.8823e-02,-4.0564e-02,-4.2150e-02,-4.3579e-02,-4.4851e-02,-4.5966e-02,-4.6923e-02,-4.7721e-02,-4.8361e-02,-4.8843e-02,-4.9167e-02,-4.9332e-02,-4.9340e-02,-4.9188e-02,-4.8878e-02,-4.8409e-02,-4.7781e-02,-4.6992e-02,-4.6043e-02,-4.4931e-02,-4.3658e-02,-4.2221e-02,-4.0621e-02,-3.8856e-02,-3.6925e-02,-3.4827e-02,-3.2563e-02,-3.0132e-02,-2.7532e-02,-2.4765e-02,-2.1831e-02,-1.8729e-02,-1.5460e-02,-1.2026e-02,-8.4269e-03,-4.6651e-03,-7.4257e-04
-2.0776e-05,5.4711e-03,1.0755e-02,1.5828e-02,2.0688e-02,2.5331e-02,2.9755e-02,3.3957e-02,3.7934e-02,4.1684e-02,4.5205e-02,4.8494e-02,5.1550e-02,5.4372e-02,5.6958e-02,5.9307e-02,6.1420e-02,6.3295e-02,6.4934e-02,6.6336e-02,6.7501e-02,6.8431e-02,6.9125e-02,6.9586e-02,6.9814e-02,6.9810e-02,6.9576e-02,6.9112e-02,6.8419e-02,6.7499e-02,6.6350e-02,6.4972e-02,6.3363e-02,6.1520e-02,5.9438e-02,5.7110e-02,5.4528e-02,5.1685e-02,4.8574e-02,4.5192e-02,4.1544e-02,3.7641e-02,3.3508e-02,2.9180e-02,2.4705e-02,2.0137e-02,1.5537e-02,1.0962e-02,6.4666e-03,2.0937e-03,-2.1239e-03,-6.1651e-03,-1.0019e-02,-1.3682e-02,-1.7156e-02,-2.0448e-02,-2.3562e-02,-2.6505e-02,-2.9282e-02,-3.1897e-02,-3.4352e-02,-3.6648e-02,-3.8785e-02,-4.0763e-02,-4.2580e-02,-4.4237e-02,-4.5731e-02,-4.7062e-02,-4.8228e-02,-4.9230e-02,-5.0067e-02,-5.0738e-02,-5.1243e-02,-5.1582e-02,-5.1755e-02,-5.1762e-02,-5.1602e-02,-5.1275e-02,-5.0781e-02,-5.0119e-02,-4.9289e-02,-4.8290e-02,-4.7121e-02,-4.5781e-02,-4.4271e-02,-4.2588e-02,-4.0732e-02,-3.8703e-02,-3.6500e-02,-3.4123e-02,-3.1571e-02,-2.8844e-02,-2.5942e-02,-2.2867e-02,-1.9617e-02,-1.6195e-02,-1.2602e-02,-8.8395e-03,-4.9089e-03,-8.1314e-04
1.3847e-05,5.3610e-03,1.0504e-02,1.5442e-02,2.0171e-02,2.4691e-02,2.8998e-02,3.3090e-02,3.6966e-02,4.0623e-02,4.4058e-02,4.7272e-02,5.0261e-02,5.3024e-02,5.5561e-02,5.7869e-02,5.9950e-02,6.1802e-02,6.3424e-02,6.4817e-02,6.5981e-02,6.6917e-02,6.7624e-02,6.8103e-02,6.8354e-02,6.8380e-02,6.8180e-02,6.7755e-02,6.7107e-02,6.6236e-02,6.5143e-02,6.3828e-02,6.2291e-02,6.0528e-02,5.8537e-02,5.6314e-02,5.3851e-02,5.1142e-02,4.8179e-02,4.4955e-02,4.1467e-02,3.7720e-02,3.3727e-02,2.9510e-02,2.5105e-02,2.0561e-02,1.5932e-02,1.1278e-02,6.6577e-03,2.1249e-03,-2.2765e-03,-6.5138e-03,-1.0566e-02,-1.4421e-02,-1.8077e-02,-2.1536e-02,-2.4804e-02,-2.7886e-02,-3.0789e-02,-3.3518e-02,-3.6078e-02,-3.8470e-02,-4.0697e-02,-4.2757e-02,-4.4651e-02,-4.6378e-02,-4.7937e-02,-4.9326e-02,-5.0545e-02,-5.1592e-02,-5.2467e-02,-5.3168e-02,-5.3697e-02,-5.4052e-02,-5.4232e-02,-5.4238e-02,-5.4069e-02,-5.3725e-02,-5.3205e-02,-5.2508e-02,-5.1635e-02,-5.0584e-02,-4.9355e-02,-4.7947e-02,-4.6359e-02,-4.4592e-02,-4.2643e-02,-4.0512e-02,-3.8201e-02,-3.5707e-02,-3.3031e-02,-3.0173e-02,-2.7134e-02,-2.3914e-02,-2.0514e-02,-1.6936e-02,-1.3181e-02,-9.2514e-03,-5.1497e-03,-8.7851e-04
4.3519e-05,5.2399e-03,1.0236e-02,1.5032e-02,1.9624e-02,2.4012e-02,2.8195e-02,3.2169e-02,3.5935e-02,3.9490e-02,4.2832e-02,4.5960e-02,4.8872e-02,5.1568e-02,5.4045e-02,5.6304e-02,5.8342e-02,6.0160e-02,6.1758e-02,6.3133e-02,6.4287e-02,6.5220e-02,6.5931e-02,6.6421e-02,6.6689e-02,6.6737e-02,6.6566e-02,6.6175e-02,6.5566e-02,6.4740e-02,6.3697e-02,6.2438e-02,6.0963e-02,5.9271e-02,5.7362e-02,5.5230e-02,5.2873e-02,5.0284e-02,4.7455e-02,4.4379e-02,4.1051e-02,3.7466e-02,3.3629e-02,2.9554e-02,2.5262e-02,2.0791e-02,1.6188e-02,1.1507e-02,6.8099e-03,2.1550e-03,-2.4041e-03,-6.8231e-03,-1.1069e-02,-1.5120e-02,-1.8966e-02,-2.2604e-02,-2.6036e-02,-2.9267e-02,-3.2305e-02,-3.5156e-02,-3.7826e-02,-4.0319e-02,-4.2636e-02,-4.4781e-02,-4.6752e-02,-4.8550e-02,-5.0173e-02,-5.1620e-02,-5.2891e-02,-5.3983e-02,-5.4896e-02,-5.5629e-02,-5.6182e-02,-5.6552e-02,-5.6740e-02,-5.6746e-02,-5.6568e-02,-5.6206e-02,-5.5660e-02,-5.4928e-02,-5.4011e-02,-5.2907e-02,-5.1617e-02,-5.0139e-02,-4.8473e-02,-4.6618e-02,-4.4574e-02,-4.2340e-02,-3.9917e-02,-3.7304e-02,-3.4502e-02,-3.1510e-02,-2.8331e-02,-2.4964e-02,-2.1412e-02,-1.7675e-02,-1.3757e-02,-9.6590e-03,-5.3845e-03,-9.3630e-04
6.6785e-05,5.1075e-03,9.9519e-03,1.4599e-02,1.9049e-02,2.3301e-02,2.7352e-02,3.1203e-02,3.4852e-02,3.8298e-02,4.1539e-02,4.4573e-02,4.7401e-02,5.0021e-02,5.2430e-02,5.4630e-02,5.6618e-02,5.8394e-02,5.9957e-02,6.1306e-02,6.2442e-02,6.3364e-02,6.4072e-02,6.4565e-02,6.4844e-02,6.4909e-02,6.4760e-02,6.4397e-02,6.3823e-02,6.3036e-02,6.2038e-02,6.0830e-02,5.9412e-02,5.7785e-02,5.5948e-02,5.3899e-02,5.1636e-02,4.9153e-02,4.6446e-02,4.3507e-02,4.0328e-02,3.6903e-02,3.3231e-02,2.9315e-02,2.5167e-02,2.0812e-02,1.6285e-02,1.1633e-02,6.9125e-03,2.1834e-03,-2.4950e-03,-7.0689e-03,-1.1494e-02,-1.5737e-02,-1.9776e-02,-2.3601e-02,-2.7208e-02,-3.0601e-02,-3.3785e-02,-3.6767e-02,-3.9554e-02,-4.2153e-02,-4.4566e-02,-4.6796e-02,-4.8846e-02,-5.0715e-02,-5.2404e-02,-5.3910e-02,-5.5233e-02,-5.6371e-02,-5.7324e-02,-5.8089e-02,-5.8666e-02,-5.9053e-02,-5.9250e-02,-5.9256e-02,-5.9070e-02,-5.8691e-02,-5.8119e-02,-5.7353e-02,-5.6393e-02,-5.5237e-02,-5.3885e-02,-5.2337e-02,-5.0591e-02,-4.8649e-02,-4.6508e-02,-4.4170e-02,-4.1635e-02,-3.8902e-02,-3.5972e-02,-3.2846e-02,-2.9525e-02,-2.6010e-02,-2.2304e-02,-1.8408e-02,-1.4325e-02,-1.0058e-02,-5.6093e-03,-9.8376e-04
8.2492e-05,4.9635e-03,9.6522e-03,1.4148e-02,1.8451e-02,2.2561e-02,2.6478e-02,3.0200e-02,3.3727e-02,3.7058e-02,4.0191e-02,4.3127e-02,4.5863e-02,4.8400e-02,5.0735e-02,5.2868e-02,5.4798e-02,5.6524e-02,5.8046e-02,5.9362e-02,6.0473e-02,6.1377e-02,6.2074e-02,6.2565e-02,6.2848e-02,6.2923e-02,6.2792e-02,6.2453e-02,6.1908e-02,6.1157e-02,6.0200e-02,5.9039e-02,5.7675e-02,5.6107e-02,5.4336e-02,5.2363e-02,5.0184e-02,4.7798e-02,4.5200e-02,4.2385e-02,3.9345e-02,3.6074e-02,3.2565e-02,2.8816e-02,2.4831e-02,2.0622e-02,1.6214e-02,1.1643e-02,6.9546e-03,2.2060e-03,-2.5430e-03,-7.2328e-03,-1.1809e-02,-1.6228e-02,-2.0456e-02,-2.4471e-02,-2.8263e-02,-3.1828e-02,-3.5170e-02,-3.8295e-02,-4.1210e-02,-4.3922e-02,-4.6436e-02,-4.8758e-02,-5.0890e-02,-5.2833e-02,-5.4588e-02,-5.6154e-02,-5.7531e-02,-5.8716e-02,-5.9709e-02,-6.0508e-02,-6.1111e-02,-6.1517e-02,-6.1725e-02,-6.1734e-02,-6.1542e-02,-6.1148e-02,-6.0553e-02,-5.9754e-02,-5.8752e-02,-5.7545e-02,-5.6134e-02,-5.4516e-02,-5.2693e-02,-5.0663e-02,-4.8428e-02,-4.5986e-02,-4.3338e-02,-4.0485e-02,-3.7428e-02,-3.4167e-02,-3.0705e-02,-2.7042e-02,-2.3182e-02,-1.9127e-02,-1.4879e-02,-1.0442e-02,-5.8207e-03,-1.0181e-03
8.9870e-05,4.8086e-03,9.3387e-03,1.3681e-02,1.7834e-02,2.1800e-02,2.5578e-02,2.9168e-02,3.2569e-02,3.5781e-02,3.8804e-02,4.1636e-02,4.4276e-02,4.6724e-02,4.8979e-02,5.1040e-02,5.2906e-02,5.4577e-02,5.6051e-02,5.7328e-02,5.8407e-02,5.9288e-02,5.9969e-02,6.0451e-02,6.0733e-02,6.0815e-02,6.0696e-02,6.0377e-02,5.9857e-02,5.9138e-02,5.8220e-02,5.7103e-02,5.5788e-02,5.4277e-02,5.2569e-02,5.0666e-02,4.8566e-02,4.6269e-02,4.3771e-02,4.1069e-02,3.8157e-02,3.5029e-02,3.1676e-02,2.8094e-02,2.4280e-02,2.0238e-02,1.5981e-02,1.1532e-02,6.9285e-03,2.2166e-03,-2.5477e-03,-7.3040e-03,-1.1993e-02,-1.6560e-02,-2.0960e-02,-2.5160e-02,-2.9139e-02,-3.2886e-02,-3.6398e-02,-3.9678e-02,-4.2732e-02,-4.5568e-02,-4.8193e-02,-5.0612e-02,-5.2831e-02,-5.4853e-02,-5.6678e-02,-5.8306e-02,-5.9739e-02,-6.0974e-02,-6.2009e-02,-6.2844e-02,-6.3476e-02,-6.3903e-02,-6.4125e-02,-6.4139e-02,-6.3945e-02,-6.3540e-02,-6.2925e-02,-6.2097e-02,-6.1057e-02,-5.9802e-02,-5.8334e-02,-5.6650e-02,-5.4752e-02,-5.2639e-02,-5.0310e-02,-4.7766e-02,-4.5009e-02,-4.2038e-02,-3.8855e-02,-3.5461e-02,-3.1859e-02,-2.8050e-02,-2.4038e-02,-1.9824e-02,-1.5413e-02,-1.0809e-02,-6.0153e-03,-1.0369e-03
8.8489e-05,4.6431e-03,9.0131e-03,1.3199e-02,1.7202e-02,2.1022e-02,2.4660e-02,2.8116e-02,3.1390e-02,3.4481e-02,3.7389e-02,4.0114e-02,4.2655e-02,4.5011e-02,4.7183e-02,4.9168e-02,5.0966e-02,5.2576e-02,5.3998e-02,5.5231e-02,5.6274e-02,5.7126e-02,5.7787e-02,5.8256e-02,5.8532e-02,5.8616e-02,5.8506e-02,5.8203e-02,5.7707e-02,5.7017e-02,5.6135e-02,5.5060e-02,5.3794e-02,5.2337e-02,5.0690e-02,4.8853e-02,4.6829e-02,4.4615e-02,4.2211e-02,3.9614e-02,3.6820e-02,3.3824e-02,3.0618e-02,2.7197e-02,2.3554e-02,1.9687e-02,1.5601e-02,1.1308e-02,6.8314e-03,2.2081e-03,-2.5149e-03,-7.2820e-03,-1.2033e-02,-1.6708e-02,-2.1252e-02,-2.5622e-02,-2.9783e-02,-3.3714e-02,-3.7404e-02,-4.0851e-02,-4.4058e-02,-4.7030e-02,-4.9776e-02,-5.2303e-02,-5.4616e-02,-5.6721e-02,-5.8621e-02,-6.0316e-02,-6.1808e-02,-6.3095e-02,-6.4176e-02,-6.5050e-02,-6.5714e-02,-6.6167e-02,-6.6407e-02,-6.6431e-02,-6.6239e-02,-6.5828e-02,-6.5197e-02,-6.4346e-02,-6.3272e-02,-6.1975e-02,-6.0455e-02,-5.8711e-02,-5.6742e-02,-5.4549e-02,-5.2132e-02,-4.9491e-02,-4.6628e-02,-4.3543e-02,-4.0238e-02,-3.6715e-02,-3.2976e-02,-2.9024e-02,-2.4862e-02,-2.0493e-02,-1.5922e-02,-1.1152e-02,-6.1895e-03,-1.0381e-03
7.8420e-05,4.4680e-03,8.6772e-03,1.2707e-02,1.6559e-02,2.0233e-02,2.3730e-02,2.7051e-02,3.0196e-02,3.3166e-02,3.5959e-02,3.8575e-02,4.1016e-02,4.3278e-02,4.5363e-02,4.7270e-02,4.8997e-02,5.0545e-02,5.1912e-02,5.3097e-02,5.4101e-02,5.4921e-02,5.5558e-02,5.6011e-02,5.6279e-02,5.6361e-02,5.6258e-02,5.5969e-02,5.5493e-02,5.4831e-02,5.3982e-02,5.2948e-02,5.1729e-02,5.0325e-02,4.8738e-02,4.6968e-02,4.5016e-02,4.2883e-02,4.0567e-02,3.8069e-02,3.5386e-02,3.2513e-02,2.9445e-02,2.6176e-02,2.2699e-02,1.9008e-02,1.5102e-02,1.0984e-02,6.6672e-03,2.1761e-03,-2.4536e-03,-7.1749e-03,-1.1932e-02,-1.6665e-02,-2.1313e-02,-2.5823e-02,-3.0150e-02,-3.4259e-02,-3.8131e-02,-4.1753e-02,-4.5124e-02,-4.8246e-02,-5.1125e-02,-5.3771e-02,-5.6189e-02,-5.8386e-02,-6.0367e-02,-6.2135e-02,-6.3690e-02,-6.5034e-02,-6.6165e-02,-6.7082e-02,-6.7783e-02,-6.8266e-02,-6.8528e-02,-6.8568e-02,-6.8383e-02,-6.7972e-02,-6.7333e-02,-6.6464e-02,-6.5364e-02,-6.4032e-02,-6.2466e-02,-6.0668e-02,-5.8636e-02,-5.6370e-02,-5.3870e-02,-5.1139e-02,-4.8176e-02,-4.4983e-02,-4.1561e-02,-3.7914e-02,-3.4044e-02,-2.9954e-02,-2.5647e-02,-2.1127e-02,-1.6400e-02,-1.1469e-02,-6.3408e-03,-1.0202e-03
6.0097e-05,4.2845e-03,8.3329e-03,1.2207e-02,1.5907e-02,1.9436e-02,2.2794e-02,2.5981e-02,2.8998e-02,3.1846e-02,3.4524e-02,3.7032e-02,3.9371e-02,4.1540e-02,4.3538e-02,4.5366e-02,4.7021e-02,4.8504e-02,4.9814e-02,5.0951e-02,5.1913e-02,5.2700e-02,5.3311e-02,5.3745e-02,5.4002e-02,5.4082e-02,5.3983e-02,5.3705e-02,5.3248e-02,5.2612e-02,5.1797e-02,5.0803e-02,4.9630e-02,4.8279e-02,4.6751e-02,4.5047e-02,4.3167e-02,4.1113e-02,3.8885e-02,3.6482e-02,3.3903e-02,3.1147e-02,2.8208e-02,2.5082e-02,2.1763e-02,1.8242e-02,1.4517e-02,1.0583e-02,6.4464e-03,2.1194e-03,-2.3738e-03,-6.9974e-03,-1.1704e-02,-1.6439e-02,-2.1140e-02,-2.5750e-02,-3.0213e-02,-3.4485e-02,-3.8532e-02,-4.2332e-02,-4.5876e-02,-4.9159e-02,-5.2186e-02,-5.4963e-02,-5.7498e-02,-5.9797e-02,-6.1868e-02,-6.3715e-02,-6.5341e-02,-6.6747e-02,-6.7933e-02,-6.8898e-02,-6.9641e-02,-7.0159e-02,-7.0450e-02,-7.0511e-02,-7.0341e-02,-6.9937e-02,-6.9296e-02,-6.8417e-02,-6.7299e-02,-6.5939e-02,-6.4338e-02,-6.2494e-02,-6.0406e-02,-5.8076e-02,-5.5503e-02,-5.2689e-02,-4.9634e-02,-4.6340e-02,-4.2810e-02,-3.9046e-02,-3.5051e-02,-3.0829e-02,-2.6384e-02,-2.1720e-02,-1.6842e-02,-1.1756e-02,-6.4675e-03,-9.8245e-04
3.4406e-05,4.0940e-03,7.9825e-03,1.1702e-02,1.5253e-02,1.8637e-02,2.1856e-02,2.4911e-02,2.7802e-02,3.0529e-02,3.3094e-02,3.5495e-02,3.7734e-02,3.9810e-02,4.1722e-02,4.3470e-02,4.5053e-02,4.6472e-02,4.7725e-02,4.8812e-02,4.9732e-02,5.0484e-02,5.1069e-02,5.1484e-02,5.1729e-02,5.1804e-02,5.1708e-02,5.1441e-02,5.1003e-02,5.0392e-02,4.9610e-02,4.8655e-02,4.7528e-02,4.6231e-02,4.4762e-02,4.3124e-02,4.1317e-02,3.9341e-02,3.7198e-02,3.4889e-02,3.2412e-02,2.9766e-02,2.6950e-02,2.3959e-02,2.0788e-02,1.7431e-02,1.3881e-02,1.0132e-02,6.1845e-03,2.0414e-03,-2.2837e-03,-6.7667e-03,-1.1372e-02,-1.6052e-02,-2.0751e-02,-2.5410e-02,-2.9969e-02,-3.4374e-02,-3.8579e-02,-4.2552e-02,-4.6271e-02,-4.9725e-02,-5.2911e-02,-5.5832e-02,-5.8497e-02,-6.0911e-02,-6.3082e-02,-6.5018e-02,-6.6721e-02,-6.8196e-02,-6.9443e-02,-7.0462e-02,-7.1252e-02,-7.1811e-02,-7.2137e-02,-7.2227e-02,-7.2078e-02,-7.1688e-02,-7.1055e-02,-7.0175e-02,-6.9048e-02,-6.7671e-02,-6.6043e-02,-6.4163e-02,-6.2031e-02,-5.9646e-02,-5.7010e-02,-5.4123e-02,-5.0986e-02,-4.7602e-02,-4.3972e-02,-4.0100e-02,-3.5989e-02,-3.1644e-02,-2.7068e-02,-2.2267e-02,-1.7246e-02,-1.2011e-02,-6.5686e-03,-9.2538e-04
2.6464e-06,3.8984e-03,7.6283e-03,1.1194e-02,1.4597e-02,1.7840e-02,2.0923e-02,2.3847e-02,2.6614e-02,2.9223e-02,3.1676e-02,3.3973e-02,3.6113e-02,3.8097e-02,3.9925e-02,4.1595e-02,4.3108e-02,4.4463e-02,4.5660e-02,4.6698e-02,4.7576e-02,4.8294e-02,4.8851e-02,4.9247e-02,4.9480e-02,4.9551e-02,4.9458e-02,4.9201e-02,4.8780e-02,4.8195e-02,4.7445e-02,4.6529e-02,4.5449e-02,4.4205e-02,4.2796e-02,4.1224e-02,3.9489e-02,3.7593e-02,3.5536e-02,3.3319e-02,3.0941e-02,2.8404e-02,2.5705e-02,2.2843e-02,1.9813e-02,1.6609e-02,1.3227e-02,9.6585e-03,5.8998e-03,1.9493e-03,-2.1884e-03,-6.4999e-03,-1.0961e-02,-1.5536e-02,-2.0177e-02,-2.4830e-02,-2.9435e-02,-3.3932e-02,-3.8267e-02,-4.2395e-02,-4.6283e-02,-4.9910e-02,-5.3264e-02,-5.6343e-02,-5.9150e-02,-6.1692e-02,-6.3976e-02,-6.6011e-02,-6.7801e-02,-6.9353e-02,-7.0668e-02,-7.1747e-02,-7.2591e-02,-7.3197e-02,-7.3564e-02,-7.3690e-02,-7.3570e-02,-7.3203e-02,-7.2585e-02,-7.1714e-02,-7.0587e-02,-6.9202e-02,-6.7559e-02,-6.5654e-02,-6.3489e-02,-6.1061e-02,-5.8373e-02,-5.5425e-02,-5.2217e-02,-4.8753e-02,-4.5035e-02,-4.1066e-02,-3.6849e-02,-3.2390e-02,-2.7693e-02,-2.2764e-02,-1.7609e-02,-1.2233e-02,-6.6444e-03,-8.5001e-04
-3.3623e-05,3.6996e-03,7.2726e-03,1.0687e-02,1.3945e-02,1.7048e-02,1.9997e-02,2.2794e-02,2.5439e-02,2.7934e-02,3.0278e-02,3.2472e-02,3.4517e-02,3.6412e-02,3.8157e-02,3.9751e-02,4.1196e-02,4.2489e-02,4.3631e-02,4.4621e-02,4.5459e-02,4.6143e-02,4.6674e-02,4.7051e-02,4.7272e-02,4.7339e-02,4.7249e-02,4.7003e-02,4.6599e-02,4.6039e-02,4.5321e-02,4.4445e-02,4.3412e-02,4.2220e-02,4.0872e-02,3.9367e-02,3.7705e-02,3.5888e-02,3.3917e-02,3.1791e-02,2.9513e-02,2.7082e-02,2.4497e-02,2.1758e-02,1.8862e-02,1.5804e-02,1.2581e-02,9.1846e-03,5.6101e-03,1.8524e-03,-2.0895e-03,-6.2107e-03,-1.0498e-02,-1.4926e-02,-1.9460e-02,-2.4052e-02,-2.8647e-02,-3.3187e-02,-3.7611e-02,-4.1865e-02,-4.5906e-02,-4.9699e-02,-5.3224e-02,-5.6468e-02,-5.9431e-02,-6.2114e-02,-6.4525e-02,-6.6671e-02,-6.8560e-02,-7.0198e-02,-7.1589e-02,-7.2736e-02,-7.3640e-02,-7.4300e-02,-7.4714e-02,-7.4882e-02,-7.4798e-02,-7.4461e-02,-7.3868e-02,-7.3014e-02,-7.1898e-02,-7.0517e-02,-6.8868e-02,-6.6951e-02,-6.4764e-02,-6.2306e-02,-5.9579e-02,-5.6581e-02,-5.3316e-02,-4.9785e-02,-4.5990e-02,-4.1935e-02,-3.7625e-02,-3.3064e-02,-2.8257e-02,-2.3210e-02,-1.7929e-02,-1.2422e-02,-6.6962e-03,-7.5909e-04
-7.2449e-05,3.5000e-03,6.9181e-03,1.0184e-02,1.3299e-02,1.6265e-02,1.9083e-02,2.1756e-02,2.4283e-02,2.6665e-02,2.8904e-02,3.0999e-02,3.2950e-02,3.4759e-02,3.6424e-02,3.7946e-02,3.9324e-02,4.0557e-02,4.1646e-02,4.2591e-02,4.3389e-02,4.4042e-02,4.4547e-02,4.4906e-02,4.5117e-02,4.5179e-02,4.5093e-02,4.4858e-02,4.4472e-02,4.3937e-02,4.3251e-02,4.2415e-02,4.1428e-02,4.0290e-02,3.9002e-02,3.7563e-02,3.5975e-02,3.4238e-02,3.2352e-02,3.0319e-02,2.8138e-02,2.5812e-02,2.3339e-02,2.0720e-02,1.7952e-02,1.5034e-02,1.1961e-02,8.7285e-03,5.3300e-03,1.7599e-03,-1.9862e-03,-5.9092e-03,-1.0004e-02,-1.4256e-02,-1.8641e-02,-2.3123e-02,-2.7656e-02,-3.2184e-02,-3.6648e-02,-4.0989e-02,-4.5154e-02,-4.9097e-02,-5.2786e-02,-5.6199e-02,-5.9325e-02,-6.2162e-02,-6.4712e-02,-6.6983e-02,-6.8983e-02,-7.0718e-02,-7.2194e-02,-7.3417e-02,-7.4388e-02,-7.5109e-02,-7.5578e-02,-7.5794e-02,-7.5754e-02,-7.5455e-02,-7.4893e-02,-7.4066e-02,-7.2971e-02,-7.1603e-02,-6.9961e-02,-6.8042e-02,-6.5846e-02,-6.3371e-02,-6.0617e-02,-5.7584e-02,-5.4274e-02,-5.0689e-02,-4.6831e-02,-4.2704e-02,-3.8313e-02,-3.3661e-02,-2.8756e-02,-2.3602e-02,-1.8208e-02,-1.2580e-02,-6.7263e-03,-6.5568e-04
-1.1167e-04,3.3018e-03,6.5672e-03,9.6864e-03,1.2661e-02,1.5493e-02,1.8184e-02,2.0735e-02,2.3147e-02,2.5421e-02,2.7557e-02,2.9556e-02,3.1418e-02,3.3144e-02,3.4732e-02,3.6183e-02,3.7497e-02,3.8674e-02,3.9712e-02,4.0613e-02,4.1374e-02,4.1996e-02,4.2478e-02,4.2820e-02,4.3021e-02,4.3080e-02,4.2998e-02,4.2774e-02,4.2407e-02,4.1897e-02,4.1243e-02,4.0446e-02,3.9505e-02,3.8420e-02,3.7192e-02,3.5820e-02,3.4305e-02,3.2647e-02,3.0847e-02,2.8905e-02,2.6823e-02,2.4600e-02,2.2238e-02,1.9736e-02,1.7093e-02,1.4308e-02,1.1379e-02,8.3012e-03,5.0699e-03,1.6792e-03,-1.8766e-03,-5.6016e-03,-9.4960e-03,-1.3554e-02,-1.7762e-02,-2.2095e-02,-2.6516e-02,-3.0980e-02,-3.5431e-02,-3.9810e-02,-4.4059e-02,-4.8124e-02,-5.1961e-02,-5.5536e-02,-5.8829e-02,-6.1828e-02,-6.4530e-02,-6.6940e-02,-6.9063e-02,-7.0908e-02,-7.2481e-02,-7.3789e-02,-7.4836e-02,-7.5624e-02,-7.6154e-02,-7.6425e-02,-7.6434e-02,-7.6180e-02,-7.5659e-02,-7.4867e-02,-7.3800e-02,-7.2456e-02,-7.0831e-02,-6.8923e-02,-6.6729e-02,-6.4249e-02,-6.1481e-02,-5.8427e-02,-5.5086e-02,-5.1461e-02,-4.7554e-02,-4.3369e-02,-3.8910e-02,-3.4182e-02,-2.9191e-02,-2.3943e-02,-1.8447e-02,-1.2709e-02,-6.7385e-03,-5.4413e-04
-1.4921e-04,3.1074e-03,6.2225e-03,9.1979e-03,1.2035e-02,1.4737e-02,1.7303e-02,1.9736e-02,2.2036e-02,2.4204e-02,2.6241e-02,2.8148e-02,2.9923e-02,3.1568e-02,3.3083e-02,3.4467e-02,3.5720e-02,3.6841e-02,3.7832e-02,3.8690e-02,3.9416e-02,4.0009e-02,4.0469e-02,4.0795e-02,4.0988e-02,4.1045e-02,4.0968e-02,4.0754e-02,4.0406e-02,3.9921e-02,3.9299e-02,3.8541e-02,3.7646e-02,3.6614e-02,3.5445e-02,3.4139e-02,3.2696e-02,3.1117e-02,2.9402e-02,2.7551e-02,2.5565e-02,2.3446e-02,2.1192e-02,1.8805e-02,1.6284e-02,1.3629e-02,1.0838e-02,7.9075e-03,4.8347e-03,1.6143e-03,-1.7594e-03,-5.2917e-03,-8.9864e-03,-1.2843e-02,-1.6857e-02,-2.1011e-02,-2.5283e-02,-2.9635e-02,-3.4021e-02,-3.8386e-02,-4.2672e-02,-4.6819e-02,-5.0776e-02,-5.4498e-02,-5.7951e-02,-6.1115e-02,-6.3978e-02,-6.6539e-02,-6.8799e-02,-7.0767e-02,-7.2449e-02,-7.3853e-02,-7.4985e-02,-7.5849e-02,-7.6447e-02,-7.6779e-02,-7.6845e-02,-7.6642e-02,-7.6167e-02,-7.5417e-02,-7.4388e-02,-7.3076e-02,-7.1478e-02,-6.9591e-02,-6.7412e-02,-6.4939e-02,-6.2171e-02,-5.9108e-02,-5.5750e-02,-5.2099e-02,-4.8157e-02,-4.3928e-02,-3.9415e-02,-3.4624e-02,-2.9562e-02,-2.4233e-02,-1.8647e-02,-1.2812e-02,-6.7362e-03,-4.2922e-04
-1.8284e-04,2.9192e-03,5.8865e-03,8.7207e-03,1.1424e-02,1.3997e-02,1.6442e-02,1.8760e-02,2.0951e-02,2.3017e-02,2.4958e-02,2.6775e-02,2.8467e-02,3.0035e-02,3.1478e-02,3.2797e-02,3.3992e-02,3.5061e-02,3.6005e-02,3.6824e-02,3.7516e-02,3.8082e-02,3.8521e-02,3.8833e-02,3.9017e-02,3.9073e-02,3.9001e-02,3.8799e-02,3.8469e-02,3.8009e-02,3.7419e-02,3.6699e-02,3.5849e-02,3.4869e-02,3.3758e-02,3.2517e-02,3.1145e-02,2.9643e-02,2.8012e-02,2.6251e-02,2.4361e-02,2.2343e-02,2.0197e-02,1.7923e-02,1.5521e-02,1.2992e-02,1.0334e-02,7.5462e-03,4.6247e-03,1.5660e-03,-1.6345e-03,-4.9825e-03,-8.4828e-03,-1.2139e-02,-1.5950e-02,-1.9910e-02,-2.4003e-02,-2.8205e-02,-3.2480e-02,-3.6780e-02,-4.1051e-02,-4.5234e-02,-4.9273e-02,-5.3113e-02,-5.6712e-02,-6.0035e-02,-6.3062e-02,-6.5783e-02,-6.8193e-02,-7.0298e-02,-7.2102e-02,-7.3615e-02,-7.4843e-02,-7.5791e-02,-7.6465e-02,-7.6866e-02,-7.6994e-02,-7.6849e-02,-7.6427e-02,-7.5726e-02,-7.4741e-02,-7.3470e-02,-7.1907e-02,-7.0051e-02,-6.7896e-02,-6.5442e-02,-6.2686e-02,-5.9627e-02,-5.6266e-02,-5.2603e-02,-4.8640e-02,-4.4381e-02,-3.9830e-02,-3.4991e-02,-2.9870e-02,-2.4475e-02,-1.8813e-02,-1.2893e-02,-6.7239e-03,-3.1571e-04
-2.1064e-04,2.7393e-03,5.5613e-03,8.2570e-03,1.0828e-02,1.3276e-02,1.5603e-02,1.7809e-02,1.9895e-02,2.1861e-02,2.3709e-02,2.5439e-02,2.7050e-02,2.8544e-02,2.9919e-02,3.1176e-02,3.2314e-02,3.3333e-02,3.4233e-02,3.5013e-02,3.5674e-02,3.6214e-02,3.6633e-02,3.6932e-02,3.7109e-02,3.7164e-02,3.7096e-02,3.6907e-02,3.6594e-02,3.6159e-02,3.5600e-02,3.4917e-02,3.4111e-02,3.3181e-02,3.2127e-02,3.0949e-02,2.9647e-02,2.8222e-02,2.6672e-02,2.5000e-02,2.3204e-02,2.1286e-02,1.9245e-02,1.7082e-02,1.4798e-02,1.2392e-02,9.8637e-03,7.2123e-03,4.4360e-03,1.5318e-03,-1.5041e-03,-4.6765e-03,-7.9904e-03,-1.1451e-02,-1.5060e-02,-1.8818e-02,-2.2716e-02,-2.6741e-02,-3.0865e-02,-3.5054e-02,-3.9260e-02,-4.3429e-02,-4.7503e-02,-5.1425e-02,-5.5141e-02,-5.8609e-02,-6.1795e-02,-6.4678e-02,-6.7248e-02,-6.9502e-02,-7.1443e-02,-7.3078e-02,-7.4414e-02,-7.5459e-02,-7.6218e-02,-7.6696e-02,-7.6893e-02,-7.6811e-02,-7.6449e-02,-7.5802e-02,-7.4869e-02,-7.3645e-02,-7.2126e-02,-7.0308e-02,-6.8188e-02,-6.5763e-02,-6.3030e-02,-5.9988e-02,-5.6636e-02,-5.2975e-02,-4.9006e-02,-4.4731e-02,-4.0155e-02,-3.5282e-02,-3.0119e-02,-2.4671e-02,-1.8947e-02,-1.2955e-02,-6.7058e-03,-2.0883e-04
-2.3088e-04,2.5696e-03,5.2489e-03,7.8088e-03,1.0251e-02,1.2577e-02,1.4788e-02,1.6884e-02,1.8867e-02,2.0738e-02,2.2495e-02,2.4141e-02,2.5674e-02,2.7095e-02,2.8404e-02,2.9601e-02,3.0685e-02,3.1656e-02,3.2513e-02,3.3257e-02,3.3887e-02,3.4402e-02,3.4803e-02,3.5088e-02,3.5258e-02,3.5313e-02,3.5251e-02,3.5073e-02,3.4778e-02,3.4366e-02,3.3837e-02,3.3191e-02,3.2427e-02,3.1546e-02,3.0547e-02,2.9431e-02,2.8197e-02,2.6845e-02,2.5376e-02,2.3789e-02,2.2086e-02,2.0265e-02,1.8328e-02,1.6274e-02,1.4104e-02,1.1819e-02,9.4172e-03,6.8988e-03,4.2626e-03,1.5065e-03,-1.3720e-03,-4.3771e-03,-7.5132e-03,-1.0785e-02,-1.4198e-02,-1.7753e-02,-2.1449e-02,-2.5279e-02,-2.9226e-02,-3.3266e-02,-3.7362e-02,-4.1467e-02,-4.5527e-02,-4.9484e-02,-5.3282e-02,-5.6867e-02,-6.0197e-02,-6.3239e-02,-6.5971e-02,-6.8384e-02,-7.0474e-02,-7.2246e-02,-7.3704e-02,-7.4858e-02,-7.5713e-02,-7.6277e-02,-7.6552e-02,-7.6541e-02,-7.6243e-02,-7.5657e-02,-7.4781e-02,-7.3611e-02,-7.2142e-02,-7.0371e-02,-6.8294e-02,-6.5907e-02,-6.3208e-02,-6.0194e-02,-5.6864e-02,-5.3217e-02,-4.9255e-02,-4.4979e-02,-4.0393e-02,-3.5501e-02,-3.0308e-02,-2.4822e-02,-1.9051e-02,-1.3002e-02,-6.6857e-03,-1.1265e-04
-2.4234e-04,2.4114e-03,4.9508e-03,7.3778e-03,9.6937e-03,1.1900e-02,1.3998e-02,1.5988e-02,1.7870e-02,1.9647e-02,2.1317e-02,2.2880e-02,2.4338e-02,2.5689e-02,2.6934e-02,2.8072e-02,2.9104e-02,3.0028e-02,3.0844e-02,3.1553e-02,3.2153e-02,3.2645e-02,3.3027e-02,3.3300e-02,3.3464e-02,3.3517e-02,3.3460e-02,3.3293e-02,3.3015e-02,3.2626e-02,3.2126e-02,3.1515e-02,3.0793e-02,2.9959e-02,2.9013e-02,2.7956e-02,2.6788e-02,2.5508e-02,2.4116e-02,2.2613e-02,2.0999e-02,1.9273e-02,1.7437e-02,1.5490e-02,1.3433e-02,1.1265e-02,8.9865e-03,6.5976e-03,4.0973e-03,1.4844e-03,-1.2432e-03,-4.0883e-03,-7.0546e-03,-1.0147e-02,-1.3369e-02,-1.6726e-02,-2.0219e-02,-2.3846e-02,-2.7600e-02,-3.1464e-02,-3.5412e-02,-3.9407e-02,-4.3404e-02,-4.7348e-02,-5.1181e-02,-5.4848e-02,-5.8296e-02,-6.1481e-02,-6.4373e-02,-6.6948e-02,-6.9198e-02,-7.1119e-02,-7.2715e-02,-7.3991e-02,-7.4956e-02,-7.5617e-02,-7.5979e-02,-7.6047e-02,-7.5821e-02,-7.5303e-02,-7.4489e-02,-7.3378e-02,-7.1966e-02,-7.0249e-02,-6.8222e-02,-6.5883e-02,-6.3226e-02,-6.0250e-02,-5.6952e-02,-5.3332e-02,-4.9390e-02,-4.5126e-02,-4.0544e-02,-3.5648e-02,-3.0441e-02,-2.4932e-02,-1.9127e-02,-1.3035e-02,-6.6664e-03,-3.0981e-05
-2.4409e-04,2.2657e-03,4.6681e-03,6.9648e-03,9.1572e-03,1.1247e-02,1.3234e-02,1.5120e-02,1.6905e-02,1.8589e-02,2.0173e-02,2.1657e-02,2.3041e-02,2.4324e-02,2.5507e-02,2.6589e-02,2.7569e-02,2.8448e-02,2.9224e-02,2.9898e-02,3.0470e-02,3.0938e-02,3.1303e-02,3.1564e-02,3.1721e-02,3.1773e-02,3.1721e-02,3.1564e-02,3.1302e-02,3.0935e-02,3.0463e-02,2.9886e-02,2.9202e-02,2.8414e-02,2.7520e-02,2.6520e-02,2.5414e-02,2.4203e-02,2.2887e-02,2.1465e-02,1.9937e-02,1.8304e-02,1.6566e-02,1.4723e-02,1.2775e-02,1.0722e-02,8.5640e-03,6.3013e-03,3.9332e-03,1.4590e-03,-1.1228e-03,-3.8142e-03,-6.6180e-03,-9.5380e-03,-1.2578e-02,-1.5744e-02,-1.9037e-02,-2.2461e-02,-2.6012e-02,-2.9682e-02,-3.3455e-02,-3.7304e-02,-4.1192e-02,-4.5074e-02,-4.8895e-02,-5.2599e-02,-5.6129e-02,-5.9433e-02,-6.2468e-02,-6.5203e-02,-6.7616e-02,-6.9697e-02,-7.1444e-02,-7.2858e-02,-7.3947e-02,-7.4719e-02,-7.5180e-02,-7.5336e-02,-7.5191e-02,-7.4746e-02,-7.4002e-02,-7.2957e-02,-7.1607e-02,-6.9950e-02,-6.7980e-02,-6.5695e-02,-6.3090e-02,-6.0161e-02,-5.6906e-02,-5.3324e-02,-4.9413e-02,-4.5175e-02,-4.0611e-02,-3.5723e-02,-3.0518e-02,-2.5000e-02,-1.9177e-02,-1.3057e-02,-6.6496e-03,3.3850e-05
-2.3584e-04,2.1331e-03,4.4014e-03,6.5707e-03,8.6423e-03,1.0617e-02,1.2497e-02,1.4281e-02,1.5970e-02,1.7565e-02,1.9066e-02,2.0472e-02,2.1783e-02,2.3000e-02,2.4122e-02,2.5148e-02,2.6079e-02,2.6913e-02,2.7651e-02,2.8292e-02,2.8835e-02,2.9280e-02,2.9628e-02,2.9876e-02,3.0027e-02,3.0078e-02,3.0030e-02,2.9883e-02,2.9636e-02,2.9290e-02,2.8844e-02,2.8298e-02,2.7653e-02,2.6907e-02,2.6062e-02,2.5117e-02,2.4072e-02,2.2928e-02,2.1684e-02,2.0340e-02,1.8896e-02,1.7352e-02,1.5709e-02,1.3967e-02,1.2125e-02,1.0184e-02,8.1435e-03,6.0038e-03,3.7644e-03,1.4249e-03,-1.0157e-03,-3.5586e-03,-6.2062e-03,-8.9612e-03,-1.1827e-02,-1.4808e-02,-1.7909e-02,-2.1132e-02,-2.4479e-02,-2.7947e-02,-3.1526e-02,-3.5201e-02,-3.8944e-02,-4.2719e-02,-4.6479e-02,-5.0172e-02,-5.3740e-02,-5.7126e-02,-6.0281e-02,-6.3161e-02,-6.5735e-02,-6.7980e-02,-6.9888e-02,-7.1454e-02,-7.2683e-02,-7.3581e-02,-7.4154e-02,-7.4411e-02,-7.4356e-02,-7.3995e-02,-7.3327e-02,-7.2354e-02,-7.1073e-02,-6.9481e-02,-6.7575e-02,-6.5351e-02,-6.2804e-02,-5.9931e-02,-5.6729e-02,-5.3195e-02,-4.9327e-02,-4.5126e-02,-4.0592e-02,-3.5728e-02,-3.0538e-02,-2.5026e-02,-1.9199e-02,-1.3066e-02,-6.6361e-03,8.0875e-05
-2.1772e-04,2.0136e-03,4.1509e-03,6.1956e-03,8.1491e-03,1.0012e-02,1.1786e-02,1.3471e-02,1.5067e-02,1.6574e-02,1.7993e-02,1.9323e-02,2.0564e-02,2.1716e-02,2.2778e-02,2.3751e-02,2.4632e-02,2.5423e-02,2.6122e-02,2.6730e-02,2.7246e-02,2.7668e-02,2.7998e-02,2.8235e-02,2.8378e-02,2.8428e-02,2.8384e-02,2.8245e-02,2.8013e-02,2.7686e-02,2.7265e-02,2.6750e-02,2.6140e-02,2.5436e-02,2.4638e-02,2.3746e-02,2.2759e-02,2.1678e-02,2.0503e-02,1.9234e-02,1.7871e-02,1.6414e-02,1.4863e-02,1.3218e-02,1.1480e-02,9.6471e-03,7.7208e-03,5.7006e-03,3.5865e-03,1.3780e-03,-9.2546e-04,-3.3248e-03,-5.8215e-03,-8.4179e-03,-1.1117e-02,-1.3921e-02,-1.6836e-02,-1.9864e-02,-2.3009e-02,-2.6272e-02,-2.9649e-02,-3.3131e-02,-3.6701e-02,-4.0331e-02,-4.3986e-02,-4.7619e-02,-5.1177e-02,-5.4604e-02,-5.7843e-02,-6.0844e-02,-6.3563e-02,-6.5971e-02,-6.8045e-02,-6.9774e-02,-7.1157e-02,-7.2196e-02,-7.2897e-02,-7.3269e-02,-7.3318e-02,-7.3049e-02,-7.2467e-02,-7.1574e-02,-7.0368e-02,-6.8848e-02,-6.7012e-02,-6.4855e-02,-6.2374e-02,-5.9564e-02,-5.6423e-02,-5.2946e-02,-4.9132e-02,-4.4980e-02,-4.0489e-02,-3.5661e-02,-3.0499e-02,-2.5008e-02,-1.9194e-02,-1.3063e-02,-6.6248e-03,1.1057e-04
-1.9042e-04,1.9067e-03,3.9161e-03,5.8393e-03,7.6775e-03,9.4315e-03,1.1102e-02,1.2690e-02,1.4194e-02,1.5616e-02,1.6955e-02,1.8210e-02,1.9383e-02,2.0471e-02,2.1475e-02,2.2394e-02,2.3228e-02,2.3976e-02,2.4637e-02,2.5213e-02,2.5700e-02,2.6101e-02,2.6414e-02,2.6638e-02,2.6774e-02,2.6821e-02,2.6780e-02,2.6650e-02,2.6431e-02,2.6122e-02,2.5725e-02,2.5238e-02,2.4663e-02,2.3999e-02,2.3245e-02,2.2403e-02,2.1472e-02,2.0453e-02,1.9344e-02,1.8147e-02,1.6862e-02,1.5488e-02,1.4026e-02,1.2476e-02,1.0837e-02,9.1093e-03,7.2937e-03,5.3897e-03,3.3972e-03,1.3161e-03,-8.5425e-04,-3.1144e-03,-5.4652e-03,-7.9085e-03,-1.0446e-02,-1.3081e-02,-1.5817e-02,-1.8658e-02,-2.1606e-02,-2.4666e-02,-2.7838e-02,-3.1117e-02,-3.4494e-02,-3.7953e-02,-4.1465e-02,-4.4994e-02,-4.8494e-02,-5.1912e-02,-5.5192e-02,-5.8279e-02,-6.1121e-02,-6.3677e-02,-6.5914e-02,-6.7812e-02,-6.9361e-02,-7.0556e-02,-7.1402e-02,-7.1904e-02,-7.2071e-02,-7.1909e-02,-7.1423e-02,-7.0618e-02,-6.9495e-02,-6.8055e-02,-6.6295e-02,-6.4212e-02,-6.1803e-02,-5.9063e-02,-5.5990e-02,-5.2580e-02,-4.8829e-02,-4.4735e-02,-4.0299e-02,-3.5520e-02,-3.0401e-02,-2.4945e-02,-1.9157e-02,-1.3043e-02,-6.6130e-03,1.2486e-04
-1.5505e-04,1.8113e-03,3.6961e-03,5.5009e-03,7.2266e-03,8.8742e-03,1.0444e-02,1.1937e-02,1.3352e-02,1.4690e-02,1.5950e-02,1.7133e-02,1.8238e-02,1.9263e-02,2.0210e-02,2.1077e-02,2.1864e-02,2.2570e-02,2.3194e-02,2.3737e-02,2.4198e-02,2.4576e-02,2.4871e-02,2.5083e-02,2.5212e-02,2.5257e-02,2.5218e-02,2.5095e-02,2.4888e-02,2.4597e-02,2.4222e-02,2.3763e-02,2.3220e-02,2.2593e-02,2.1883e-02,2.1089e-02,2.0211e-02,1.9250e-02,1.8206e-02,1.7079e-02,1.5868e-02,1.4575e-02,1.3198e-02,1.1738e-02,1.0196e-02,8.5704e-03,6.8619e-03,5.0706e-03,3.1961e-03,1.2385e-03,-8.0256e-04,-2.9277e-03,-5.1373e-03,-7.4327e-03,-9.8154e-03,-1.2287e-02,-1.4852e-02,-1.7512e-02,-2.0271e-02,-2.3133e-02,-2.6101e-02,-2.9173e-02,-3.2348e-02,-3.5614e-02,-3.8955e-02,-4.2342e-02,-4.5740e-02,-4.9102e-02,-5.2376e-02,-5.5505e-02,-5.8435e-02,-6.1115e-02,-6.3503e-02,-6.5567e-02,-6.7287e-02,-6.8651e-02,-6.9656e-02,-7.0306e-02,-7.0607e-02,-7.0566e-02,-7.0190e-02,-6.9486e-02,-6.8456e-02,-6.7102e-02,-6.5425e-02,-6.3423e-02,-6.1093e-02,-5.8430e-02,-5.5433e-02,-5.2096e-02,-4.8417e-02,-4.4393e-02,-4.0022e-02,-3.5303e-02,-3.0239e-02,-2.4832e-02,-1.9085e-02,-1.3004e-02,-6.5972e-03,1.2713e-04
-1.1314e-04,1.7263e-03,3.4901e-03,5.1795e-03,6.7957e-03,8.3394e-03,9.8111e-03,1.1211e-02,1.2539e-02,1.3795e-02,1.4979e-02,1.6090e-02,1.7128e-02,1.8093e-02,1.8983e-02,1.9799e-02,2.0539e-02,2.1204e-02,2.1792e-02,2.2303e-02,2.2737e-02,2.3093e-02,2.3371e-02,2.3570e-02,2.3691e-02,2.3733e-02,2.3696e-02,2.3579e-02,2.3384e-02,2.3109e-02,2.2756e-02,2.2323e-02,2.1811e-02,2.1221e-02,2.0551e-02,1.9803e-02,1.8977e-02,1.8073e-02,1.7090e-02,1.6029e-02,1.4890e-02,1.3674e-02,1.2380e-02,1.1008e-02,9.5587e-03,8.0316e-03,6.4269e-03,4.7446e-03,2.9845e-03,1.1466e-03,-7.6920e-04,-2.7634e-03,-4.8364e-03,-6.9889e-03,-9.2220e-03,-1.1537e-02,-1.3937e-02,-1.6424e-02,-1.9001e-02,-2.1672e-02,-2.4440e-02,-2.7308e-02,-3.0276e-02,-3.3340e-02,-3.6489e-02,-3.9705e-02,-4.2962e-02,-4.6223e-02,-4.9443e-02,-5.2568e-02,-5.5543e-02,-5.8313e-02,-6.0827e-02,-6.3045e-02,-6.4933e-02,-6.6471e-02,-6.7649e-02,-6.8462e-02,-6.8915e-02,-6.9012e-02,-6.8762e-02,-6.8171e-02,-6.7246e-02,-6.5990e-02,-6.4405e-02,-6.2490e-02,-6.0245e-02,-5.7667e-02,-5.4752e-02,-5.1497e-02,-4.7897e-02,-4.3951e-02,-3.9655e-02,-3.5009e-02,-3.0012e-02,-2.4666e-02,-1.8974e-02,-1.2941e-02,-6.5729e-03,1.2178e-04
-6.6502e-05,1.6498e-03,3.2961e-03,4.8736e-03,6.3833e-03,7.8260e-03,9.2019e-03,1.0511e-02,1.1754e-02,1.2930e-02,1.4039e-02,1.5081e-02,1.6054e-02,1.6958e-02,1.7794e-02,1.8559e-02,1.9254e-02,1.9877e-02,2.0429e-02,2.0909e-02,2.1316e-02,2.1650e-02,2.1911e-02,2.2098e-02,2.2210e-02,2.2249e-02,2.2213e-02,2.2103e-02,2.1919e-02,2.1660e-02,2.1326e-02,2.0919e-02,2.0437e-02,1.9881e-02,1.9251e-02,1.8548e-02,1.7771e-02,1.6921e-02,1.5997e-02,1.5001e-02,1.3931e-02,1.2789e-02,1.1575e-02,1.0287e-02,8.9279e-03,7.4958e-03,5.9913e-03,4.4144e-03,2.7649e-03,1.0430e-03,-7.5168e-04,-2.6192e-03,-4.5600e-03,-6.5744e-03,-8.6632e-03,-1.0828e-02,-1.3069e-02,-1.5390e-02,-1.7792e-02,-2.0280e-02,-2.2856e-02,-2.5524e-02,-2.8287e-02,-3.1143e-02,-3.4089e-02,-3.7115e-02,-4.0203e-02,-4.3325e-02,-4.6445e-02,-4.9517e-02,-5.2490e-02,-5.5307e-02,-5.7914e-02,-6.0261e-02,-6.2306e-02,-6.4016e-02,-6.5372e-02,-6.6361e-02,-6.6981e-02,-6.7234e-02,-6.7127e-02,-6.6667e-02,-6.5860e-02,-6.4714e-02,-6.3231e-02,-6.1413e-02,-5.9262e-02,-5.6774e-02,-5.3949e-02,-5.0782e-02,-4.7270e-02,-4.3409e-02,-3.9198e-02,-3.4634e-02,-2.9715e-02,-2.4443e-02,-1.8820e-02,-1.2849e-02,-6.5352e-03,1.1414e-04
-1.7176e-05,1.5802e-03,3.1126e-03,4.5817e-03,5.9881e-03,7.3327e-03,8.6156e-03,9.8370e-03,1.0997e-02,1.2095e-02,1.3131e-02,1.4104e-02,1.5013e-02,1.5859e-02,1.6640e-02,1.7356e-02,1.8006e-02,1.8590e-02,1.9106e-02,1.9555e-02,1.9936e-02,2.0248e-02,2.0492e-02,2.0666e-02,2.0771e-02,2.0806e-02,2.0771e-02,2.0667e-02,2.0493e-02,2.0248e-02,1.9935e-02,1.9551e-02,1.9098e-02,1.8576e-02,1.7984e-02,1.7324e-02,1.6594e-02,1.5796e-02,1.4930e-02,1.3996e-02,1.2993e-02,1.1923e-02,1.0785e-02,9.5796e-03,8.3067e-03,6.9663e-03,5.5586e-03,4.0835e-03,2.5410e-03,9.3106e-04,-7.4647e-04,-2.4916e-03,-4.3045e-03,-6.1856e-03,-8.1354e-03,-1.0154e-02,-1.2244e-02,-1.4406e-02,-1.6641e-02,-1.8953e-02,-2.1346e-02,-2.3821e-02,-2.6383e-02,-2.9034e-02,-3.1773e-02,-3.4597e-02,-3.7494e-02,-4.0447e-02,-4.3429e-02,-4.6404e-02,-4.9326e-02,-5.2144e-02,-5.4801e-02,-5.7243e-02,-5.9420e-02,-6.1291e-02,-6.2823e-02,-6.3994e-02,-6.4795e-02,-6.5220e-02,-6.5274e-02,-6.4962e-02,-6.4291e-02,-6.3268e-02,-6.1900e-02,-6.0190e-02,-5.8141e-02,-5.5753e-02,-5.3024e-02,-4.9952e-02,-4.6535e-02,-4.2769e-02,-3.8650e-02,-3.4177e-02,-2.9348e-02,-2.4161e-02,-1.8619e-02,-1.2724e-02,-6.4788e-03,1.0943e-04
3.2881e-05,1.5153e-03,2.9380e-03,4.3021e-03,5.6085e-03,6.8579e-03,8.0505e-03,9.1865e-03,1.0266e-02,1.1288e-02,1.2252e-02,1.3158e-02,1.4006e-02,1.4794e-02,1.5523e-02,1.6190e-02,1.6796e-02,1.7341e-02,1.7822e-02,1.8241e-02,1.8596e-02,1.8886e-02,1.9113e-02,1.9275e-02,1.9372e-02,1.9403e-02,1.9370e-02,1.9271e-02,1.9106e-02,1.8877e-02,1.8582e-02,1.8221e-02,1.7796e-02,1.7306e-02,1.6752e-02,1.6133e-02,1.5449e-02,1.4702e-02,1.3891e-02,1.3017e-02,1.2079e-02,1.1078e-02,1.0015e-02,8.8880e-03,7.6989e-03,6.4471e-03,5.1328e-03,3.7561e-03,2.3169e-03,8.1509e-04,-7.4921e-04,-2.3762e-03,-4.0658e-03,-5.8184e-03,-7.6341e-03,-9.5136e-03,-1.1457e-02,-1.3467e-02,-1.5543e-02,-1.7688e-02,-1.9904e-02,-2.2196e-02,-2.4565e-02,-2.7016e-02,-2.9549e-02,-3.2166e-02,-3.4862e-02,-3.7626e-02,-4.0441e-02,-4.3280e-02,-4.6106e-02,-4.8875e-02,-5.1534e-02,-5.4029e-02,-5.6305e-02,-5.8312e-02,-6.0008e-02,-6.1360e-02,-6.2348e-02,-6.2959e-02,-6.3190e-02,-6.3044e-02,-6.2527e-02,-6.1645e-02,-6.0407e-02,-5.8818e-02,-5.6883e-02,-5.4603e-02,-5.1979e-02,-4.9011e-02,-4.5695e-02,-4.2030e-02,-3.8012e-02,-3.3639e-02,-2.8908e-02,-2.3817e-02,-1.8368e-02,-1.2561e-02,-6.3991e-03,1.1281e-04
8.1423e-05,1.4534e-03,2.7702e-03,4.0330e-03,5.2429e-03,6.4002e-03,7.5054e-03,8.5585e-03,9.5592e-03,1.0507e-02,1.1402e-02,1.2244e-02,1.3031e-02,1.3763e-02,1.4440e-02,1.5060e-02,1.5624e-02,1.6129e-02,1.6577e-02,1.6966e-02,1.7295e-02,1.7565e-02,1.7775e-02,1.7925e-02,1.8014e-02,1.8042e-02,1.8009e-02,1.7915e-02,1.7761e-02,1.7545e-02,1.7269e-02,1.6931e-02,1.6533e-02,1.6075e-02,1.5556e-02,1.4977e-02,1.4339e-02,1.3641e-02,1.2884e-02,1.2067e-02,1.1192e-02,1.0259e-02,9.2667e-03,8.2165e-03,7.1083e-03,5.9421e-03,4.7181e-03,3.4363e-03,2.0967e-03,6.9939e-04,-7.5572e-04,-2.2686e-03,-3.8394e-03,-5.4682e-03,-7.1551e-03,-8.9003e-03,-1.0704e-02,-1.2568e-02,-1.4492e-02,-1.6478e-02,-1.8528e-02,-2.0644e-02,-2.2829e-02,-2.5087e-02,-2.7422e-02,-2.9834e-02,-3.2324e-02,-3.4888e-02,-3.7515e-02,-4.0188e-02,-4.2880e-02,-4.5556e-02,-4.8169e-02,-5.0669e-02,-5.3001e-02,-5.5110e-02,-5.6946e-02,-5.8466e-02,-5.9639e-02,-6.0443e-02,-6.0865e-02,-6.0903e-02,-6.0558e-02,-5.9836e-02,-5.8745e-02,-5.7292e-02,-5.5484e-02,-5.3324e-02,-5.0815e-02,-4.7958e-02,-4.4752e-02,-4.1196e-02,-3.7286e-02,-3.3020e-02,-2.8396e-02,-2.3411e-02,-1.8066e-02,-1.2359e-02,-6.2929e-03,1.2857e-04
1.2661e-04,1.3925e-03,2.6075e-03,3.7730e-03,4.8897e-03,5.9584e-03,6.9791e-03,7.9520e-03,8.8770e-03,9.7535e-03,1.0581e-02,1.1360e-02,1.2088e-02,1.2766e-02,1.3392e-02,1.3966e-02,1.4488e-02,1.4956e-02,1.5371e-02,1.5731e-02,1.6036e-02,1.6285e-02,1.6479e-02,1.6616e-02,1.6698e-02,1.6723e-02,1.6691e-02,1.6602e-02,1.6457e-02,1.6255e-02,1.5997e-02,1.5682e-02,1.5310e-02,1.4883e-02,1.4399e-02,1.3860e-02,1.3265e-02,1.2615e-02,1.1910e-02,1.1150e-02,1.0336e-02,9.4672e-03,8.5446e-03,7.5684e-03,6.5384e-03,5.4549e-03,4.3182e-03,3.1281e-03,1.8846e-03,5.8808e-04,-7.6171e-04,-2.1647e-03,-3.6210e-03,-5.1307e-03,-6.6936e-03,-8.3100e-03,-9.9803e-03,-1.1704e-02,-1.3483e-02,-1.5318e-02,-1.7209e-02,-1.9159e-02,-2.1171e-02,-2.3247e-02,-2.5390e-02,-2.7604e-02,-2.9891e-02,-3.2251e-02,-3.4679e-02,-3.7167e-02,-3.9695e-02,-4.2239e-02,-4.4761e-02,-4.7218e-02,-4.9558e-02,-5.1726e-02,-5.3668e-02,-5.5333e-02,-5.6679e-02,-5.7673e-02,-5.8294e-02,-5.8528e-02,-5.8373e-02,-5.7831e-02,-5.6906e-02,-5.5607e-02,-5.3941e-02,-5.1915e-02,-4.9532e-02,-4.6797e-02,-4.3710e-02,-4.0269e-02,-3.6475e-02,-3.2325e-02,-2.7815e-02,-2.2945e-02,-1.7712e-02,-1.2116e-02,-6.1584e-03,1.5948e-04
1.6646e-04,1.3309e-03,2.4484e-03,3.5205e-03,4.5479e-03,5.5311e-03,6.4706e-03,7.3662e-03,8.2179e-03,9.0252e-03,9.7879e-03,1.0505e-02,1.1177e-02,1.1802e-02,1.2379e-02,1.2909e-02,1.3390e-02,1.3822e-02,1.4204e-02,1.4536e-02,1.4817e-02,1.5046e-02,1.5225e-02,1.5351e-02,1.5425e-02,1.5447e-02,1.5416e-02,1.5333e-02,1.5197e-02,1.5009e-02,1.4768e-02,1.4475e-02,1.4129e-02,1.3732e-02,1.3283e-02,1.2782e-02,1.2229e-02,1.1626e-02,1.0972e-02,1.0267e-02,9.5116e-03,8.7063e-03,7.8512e-03,6.9465e-03,5.9923e-03,4.9889e-03,3.9363e-03,2.8348e-03,1.6843e-03,4.8486e-04,-7.6352e-04,-2.0607e-03,-3.4068e-03,-4.8018e-03,-6.2458e-03,-7.7386e-03,-9.2806e-03,-1.0872e-02,-1.2512e-02,-1.4203e-02,-1.5944e-02,-1.7738e-02,-1.9585e-02,-2.1488e-02,-2.3451e-02,-2.5477e-02,-2.7568e-02,-2.9727e-02,-3.1954e-02,-3.4244e-02,-3.6589e-02,-3.8972e-02,-4.1365e-02,-4.3734e-02,-4.6033e-02,-4.8213e-02,-5.0218e-02,-5.1993e-02,-5.3488e-02,-5.4660e-02,-5.5477e-02,-5.5916e-02,-5.5965e-02,-5.5619e-02,-5.4880e-02,-5.3755e-02,-5.2250e-02,-5.0373e-02,-4.8132e-02,-4.5530e-02,-4.2570e-02,-3.9255e-02,-3.5585e-02,-3.1556e-02,-2.7169e-02,-2.2421e-02,-1.7310e-02,-1.1835e-02,-5.9957e-03,2.0655e-04
1.9964e-04,1.2671e-03,2.2916e-03,3.2743e-03,4.2160e-03,5.1174e-03,5.9787e-03,6.8001e-03,7.5813e-03,8.3221e-03,9.0219e-03,9.6803e-03,1.0297e-02,1.0870e-02,1.1401e-02,1.1887e-02,1.2329e-02,1.2726e-02,1.3077e-02,1.3381e-02,1.3639e-02,1.3850e-02,1.4013e-02,1.4129e-02,1.4196e-02,1.4215e-02,1.4185e-02,1.4108e-02,1.3981e-02,1.3807e-02,1.3583e-02,1.3312e-02,1.2992e-02,1.2624e-02,1.2208e-02,1.1745e-02,1.1234e-02,1.0676e-02,1.0072e-02,9.4201e-03,8.7224e-03,7.9784e-03,7.1887e-03,6.3534e-03,5.4726e-03,4.5465e-03,3.5753e-03,2.5593e-03,1.4983e-03,3.9251e-04,-7.5810e-04,-1.9535e-03,-3.1936e-03,-4.4786e-03,-5.8082e-03,-7.1826e-03,-8.6018e-03,-1.0066e-02,-1.1574e-02,-1.3128e-02,-1.4728e-02,-1.6373e-02,-1.8066e-02,-1.9808e-02,-2.1601e-02,-2.3448e-02,-2.5354e-02,-2.7320e-02,-2.9349e-02,-3.1441e-02,-3.3592e-02,-3.5794e-02,-3.8029e-02,-4.0272e-02,-4.2486e-02,-4.4629e-02,-4.6649e-02,-4.8491e-02,-5.0101e-02,-5.1428e-02,-5.2429e-02,-5.3070e-02,-5.3330e-02,-5.3195e-02,-5.2660e-02,-5.1728e-02,-5.0404e-02,-4.8696e-02,-4.6611e-02,-4.4157e-02,-4.1338e-02,-3.8158e-02,-3.4620e-02,-3.0722e-02,-2.6465e-02,-2.1846e-02,-1.6864e-02,-1.1518e-02,-5.8074e-03,2.6866e-04
2.2480e-04,1.2001e-03,2.1359e-03,3.0334e-03,3.8934e-03,4.7165e-03,5.5031e-03,6.2533e-03,6.9669e-03,7.6436e-03,8.2832e-03,8.8849e-03,9.4484e-03,9.9729e-03,1.0458e-02,1.0903e-02,1.1307e-02,1.1670e-02,1.1990e-02,1.2269e-02,1.2505e-02,1.2697e-02,1.2846e-02,1.2951e-02,1.3012e-02,1.3028e-02,1.3001e-02,1.2928e-02,1.2811e-02,1.2650e-02,1.2444e-02,1.2194e-02,1.1899e-02,1.1560e-02,1.1178e-02,1.0751e-02,1.0281e-02,9.7673e-03,9.2107e-03,8.6113e-03,7.9694e-03,7.2851e-03,6.5587e-03,5.7906e-03,4.9808e-03,4.1296e-03,3.2371e-03,2.3035e-03,1.3288e-03,3.1308e-04,-7.4351e-04,-1.8409e-03,-2.9793e-03,-4.1585e-03,-5.3785e-03,-6.6394e-03,-7.9412e-03,-9.2836e-03,-1.0667e-02,-1.2091e-02,-1.3555e-02,-1.5061e-02,-1.6609e-02,-1.8199e-02,-1.9834e-02,-2.1515e-02,-2.3246e-02,-2.5030e-02,-2.6869e-02,-2.8767e-02,-3.0724e-02,-3.2736e-02,-3.4794e-02,-3.6882e-02,-3.8974e-02,-4.1035e-02,-4.3022e-02,-4.4884e-02,-4.6565e-02,-4.8012e-02,-4.9172e-02,-5.0004e-02,-5.0473e-02,-5.0556e-02,-5.0240e-02,-4.9519e-02,-4.8396e-02,-4.6876e-02,-4.4968e-02,-4.2678e-02,-4.0015e-02,-3.6983e-02,-3.3587e-02,-2.9829e-02,-2.5709e-02,-2.1227e-02,-1.6382e-02,-1.1173e-02,-5.5984e-03,3.4208e-04
2.4106e-04,1.1291e-03,1.9806e-03,2.7971e-03,3.5793e-03,4.3279e-03,5.0433e-03,5.7255e-03,6.3744e-03,6.9900e-03,7.5717e-03,8.1191e-03,8.6318e-03,9.1092e-03,9.5505e-03,9.9554e-03,1.0323e-02,1.0653e-02,1.0945e-02,1.1199e-02,1.1413e-02,1.1588e-02,1.1724e-02,1.1819e-02,1.1874e-02,1.1888e-02,1.1862e-02,1.1796e-02,1.1688e-02,1.1540e-02,1.1352e-02,1.1122e-02,1.0852e-02,1.0542e-02,1.0191e-02,9.8006e-03,9.3701e-03,8.8999e-03,8.3902e-03,7.8414e-03,7.2537e-03,6.6272e-03,5.9623e-03,5.2591e-03,4.5179e-03,3.7390e-03,2.9224e-03,2.0683e-03,1.1766e-03,2.4779e-04,-7.1837e-04,-1.7218e-03,-2.7624e-03,-3.8403e-03,-4.9554e-03,-6.1077e-03,-7.2970e-03,-8.5235e-03,-9.7869e-03,-1.1087e-02,-1.2424e-02,-1.3798e-02,-1.5209e-02,-1.6657e-02,-1.8144e-02,-1.9671e-02,-2.1240e-02,-2.2853e-02,-2.4515e-02,-2.6228e-02,-2.7995e-02,-2.9817e-02,-3.1689e-02,-3.3604e-02,-3.5546e-02,-3.7489e-02,-3.9398e-02,-4.1231e-02,-4.2937e-02,-4.4460e-02,-4.5746e-02,-4.6743e-02,-4.7409e-02,-4.7708e-02,-4.7617e-02,-4.7123e-02,-4.6220e-02,-4.4909e-02,-4.3197e-02,-4.1092e-02,-3.8601e-02,-3.5732e-02,-3.2491e-02,-2.8883e-02,-2.4910e-02,-2.0573e-02,-1.5872e-02,-1.0806e-02,-5.3759e-03,4.2087e-04
2.4784e-04,1.0533e-03,1.8253e-03,2.5650e-03,3.2735e-03,3.9514e-03,4.5990e-03,5.2166e-03,5.8041e-03,6.3613e-03,6.8879e-03,7.3835e-03,7.8477e-03,8.2799e-03,8.6796e-03,9.0462e-03,9.3793e-03,9.6783e-03,9.9429e-03,1.0172e-02,1.0367e-02,1.0525e-02,1.0648e-02,1.0734e-02,1.0783e-02,1.0796e-02,1.0772e-02,1.0711e-02,1.0613e-02,1.0479e-02,1.0307e-02,1.0098e-02,9.8522e-03,9.5697e-03,9.2505e-03,8.8948e-03,8.5028e-03,8.0747e-03,7.6106e-03,7.1109e-03,6.5756e-03,6.0051e-03,5.3997e-03,4.7593e-03,4.0844e-03,3.3751e-03,2.6315e-03,1.8539e-03,1.0422e-03,1.9665e-04,-6.8276e-04,-1.5959e-03,-2.5429e-03,-3.5238e-03,-4.5384e-03,-5.5868e-03,-6.6690e-03,-7.7848e-03,-8.9341e-03,-1.0117e-02,-1.1333e-02,-1.2582e-02,-1.3864e-02,-1.5179e-02,-1.6528e-02,-1.7911e-02,-1.9329e-02,-2.0786e-02,-2.2283e-02,-2.3823e-02,-2.5410e-02,-2.7047e-02,-2.8735e-02,-3.0469e-02,-3.2243e-02,-3.4040e-02,-3.5836e-02,-3.7596e-02,-3.9277e-02,-4.0829e-02,-4.2197e-02,-4.3325e-02,-4.4163e-02,-4.4666e-02,-4.4799e-02,-4.4539e-02,-4.3870e-02,-4.2788e-02,-4.1294e-02,-3.9394e-02,-3.7095e-02,-3.4407e-02,-3.1336e-02,-2.7891e-02,-2.4075e-02,-1.9892e-02,-1.5343e-02,-1.0429e-02,-5.1489e-03,4.9673e-04
2.4500e-04,9.7282e-04,1.6697e-03,2.3372e-03,2.9761e-03,3.5871e-03,4.1706e-03,4.7271e-03,5.2562e-03,5.7580e-03,6.2323e-03,6.6786e-03,7.0966e-03,7.4858e-03,7.8458e-03,8.1761e-03,8.4761e-03,8.7456e-03,8.9838e-03,9.1907e-03,9.3656e-03,9.5085e-03,9.6188e-03,9.6964e-03,9.7411e-03,9.7527e-03,9.7309e-03,9.6760e-03,9.5876e-03,9.4657e-03,9.3104e-03,9.1217e-03,8.8996e-03,8.6441e-03,8.3556e-03,8.0339e-03,7.6794e-03,7.2920e-03,6.8721e-03,6.4197e-03,5.9353e-03,5.4189e-03,4.8706e-03,4.2908e-03,3.6797e-03,3.0374e-03,2.3640e-03,1.6598e-03,9.2479e-04,1.5913e-04,-6.3714e-04,-1.4640e-03,-2.3215e-03,-3.2096e-03,-4.1283e-03,-5.0776e-03,-6.0574e-03,-7.0678e-03,-8.1086e-03,-9.1798e-03,-1.0281e-02,-1.1412e-02,-1.2573e-02,-1.3763e-02,-1.4982e-02,-1.6231e-02,-1.7511e-02,-1.8822e-02,-2.0166e-02,-2.1548e-02,-2.2968e-02,-2.4431e-02,-2.5940e-02,-2.7495e-02,-2.9094e-02,-3.0728e-02,-3.2384e-02,-3.4035e-02,-3.5649e-02,-3.7182e-02,-3.8584e-02,-3.9800e-02,-4.0775e-02,-4.1458e-02,-4.1802e-02,-4.1773e-02,-4.1347e-02,-4.0508e-02,-3.9251e-02,-3.7577e-02,-3.5493e-02,-3.3005e-02,-3.0124e-02,-2.6857e-02,-2.3212e-02,-1.9193e-02,-1.4805e-02,-1.0049e-02,-4.9278e-03,5.6005e-04
2.3270e-04,8.8766e-04,1.5142e-03,2.1137e-03,2.6872e-03,3.2353e-03,3.7585e-03,4.2571e-03,4.7312e-03,5.1807e-03,5.6054e-03,6.0051e-03,6.3794e-03,6.7279e-03,7.0503e-03,7.3460e-03,7.6147e-03,7.8560e-03,8.0694e-03,8.2548e-03,8.4115e-03,8.5396e-03,8.6386e-03,8.7082e-03,8.7484e-03,8.7590e-03,8.7397e-03,8.6906e-03,8.6115e-03,8.5024e-03,8.3633e-03,8.1941e-03,7.9950e-03,7.7658e-03,7.5068e-03,7.2180e-03,6.8996e-03,6.5517e-03,6.1743e-03,5.7677e-03,5.3321e-03,4.8677e-03,4.3745e-03,3.8528e-03,3.3029e-03,2.7248e-03,2.1187e-03,1.4848e-03,8.2318e-04,1.3383e-04,-5.8309e-04,-1.3276e-03,-2.0996e-03,-2.8993e-03,-3.7265e-03,-4.5815e-03,-5.4639e-03,-6.3740e-03,-7.3117e-03,-8.2767e-03,-9.2690e-03,-1.0288e-02,-1.1334e-02,-1.2406e-02,-1.3505e-02,-1.4629e-02,-1.5780e-02,-1.6957e-02,-1.8162e-02,-1.9397e-02,-2.0664e-02,-2.1966e-02,-2.3307e-02,-2.4690e-02,-2.6116e-02,-2.7582e-02,-2.9081e-02,-3.0598e-02,-3.2109e-02,-3.3580e-02,-3.4969e-02,-3.6226e-02,-3.7295e-02,-3.8121e-02,-3.8652e-02,-3.8842e-02,-3.8656e-02,-3.8068e-02,-3.7064e-02,-3.5636e-02,-3.3788e-02,-3.1523e-02,-2.8852e-02,-2.5782e-02,-2.2323e-02,-1.8483e-02,-1.4266e-02,-9.6791e-03,-4.7230e-03,6.0005e-04
2.1130e-04,7.9839e-04,1.3592e-03,1.8952e-03,2.4074e-03,2.8965e-03,3.3631e-03,3.8075e-03,4.2299e-03,4.6302e-03,5.0082e-03,5.3640e-03,5.6970e-03,6.0072e-03,6.2940e-03,6.5571e-03,6.7961e-03,7.0109e-03,7.2009e-03,7.3659e-03,7.5056e-03,7.6196e-03,7.7080e-03,7.7702e-03,7.8064e-03,7.8161e-03,7.7994e-03,7.7561e-03,7.6861e-03,7.5893e-03,7.4659e-03,7.3156e-03,7.1386e-03,6.9348e-03,6.7043e-03,6.4472e-03,6.1635e-03,5.8533e-03,5.5168e-03,5.1541e-03,4.7653e-03,4.3507e-03,3.9102e-03,3.4441e-03,2.9527e-03,2.4360e-03,1.8941e-03,1.3273e-03,7.3549e-04,1.1885e-04,-5.2251e-04,-1.1886e-03,-1.8795e-03,-2.5950e-03,-3.3355e-03,-4.1006e-03,-4.8907e-03,-5.7056e-03,-6.5454e-03,-7.4100e-03,-8.2990e-03,-9.2126e-03,-1.0150e-02,-1.1111e-02,-1.2096e-02,-1.3104e-02,-1.4134e-02,-1.5187e-02,-1.6264e-02,-1.7365e-02,-1.8492e-02,-1.9648e-02,-2.0835e-02,-2.2057e-02,-2.3318e-02,-2.4618e-02,-2.5955e-02,-2.7322e-02,-2.8705e-02,-3.0079e-02,-3.1413e-02,-3.2662e-02,-3.3778e-02,-3.4705e-02,-3.5387e-02,-3.5771e-02,-3.5812e-02,-3.5474e-02,-3.4730e-02,-3.3565e-02,-3.1972e-02,-2.9954e-02,-2.7514e-02,-2.4663e-02,-2.1410e-02,-1.7764e-02,-1.3734e-02,-9.3258e-03,-4.5447e-03,6.0590e-04
1.8184e-04,7.0572e-04,1.2054e-03,1.6824e-03,2.1375e-03,2.5717e-03,2.9855e-03,3.3792e-03,3.7531e-03,4.1074e-03,4.4418e-03,4.7563e-03,5.0507e-03,5.3246e-03,5.5781e-03,5.8105e-03,6.0217e-03,6.2115e-03,6.3794e-03,6.5252e-03,6.6488e-03,6.7499e-03,6.8282e-03,6.8836e-03,6.9159e-03,6.9251e-03,6.9108e-03,6.8731e-03,6.8119e-03,6.7271e-03,6.6186e-03,6.4865e-03,6.3307e-03,6.1512e-03,5.9479e-03,5.7210e-03,5.4705e-03,5.1964e-03,4.8989e-03,4.5780e-03,4.2339e-03,3.8666e-03,3.4764e-03,3.0633e-03,2.6275e-03,2.1690e-03,1.6883e-03,1.1850e-03,6.5955e-04,1.1194e-04,-4.5777e-04,-1.0496e-03,-1.6635e-03,-2.2995e-03,-2.9576e-03,-3.6379e-03,-4.3405e-03,-5.0653e-03,-5.8125e-03,-6.5819e-03,-7.3735e-03,-8.1871e-03,-9.0225e-03,-9.8792e-03,-1.0757e-02,-1.1655e-02,-1.2574e-02,-1.3512e-02,-1.4470e-02,-1.5448e-02,-1.6447e-02,-1.7469e-02,-1.8517e-02,-1.9593e-02,-2.0700e-02,-2.1842e-02,-2.3021e-02,-2.4233e-02,-2.5473e-02,-2.6726e-02,-2.7970e-02,-2.9170e-02,-3.0286e-02,-3.1266e-02,-3.2056e-02,-3.2599e-02,-3.2843e-02,-3.2741e-02,-3.2255e-02,-3.1360e-02,-3.0040e-02,-2.8287e-02,-2.6103e-02,-2.3494e-02,-2.0468e-02,-1.7037e-02,-1.3209e-02,-8.9948e-03,-4.4005e-03,5.6835e-04
1.4501e-04,6.1063e-04,1.0539e-03,1.4761e-03,1.8784e-03,2.2616e-03,2.6264e-03,2.9730e-03,3.3020e-03,3.6133e-03,3.9069e-03,4.1830e-03,4.4413e-03,4.6815e-03,4.9037e-03,5.1074e-03,5.2926e-03,5.4588e-03,5.6061e-03,5.7340e-03,5.8424e-03,5.9312e-03,6.0001e-03,6.0491e-03,6.0779e-03,6.0866e-03,6.0747e-03,6.0425e-03,5.9896e-03,5.9161e-03,5.8220e-03,5.7070e-03,5.5713e-03,5.4148e-03,5.2374e-03,5.0391e-03,4.8201e-03,4.5802e-03,4.3198e-03,4.0385e-03,3.7367e-03,3.4144e-03,3.0716e-03,2.7086e-03,2.3254e-03,1.9222e-03,1.4990e-03,1.0559e-03,5.9314e-04,1.1070e-04,-3.9148e-04,-9.1318e-04,-1.4545e-03,-2.0154e-03,-2.5961e-03,-3.1964e-03,-3.8165e-03,-4.4564e-03,-5.1162e-03,-5.7960e-03,-6.4956e-03,-7.2150e-03,-7.9539e-03,-8.7122e-03,-9.4894e-03,-1.0285e-02,-1.1099e-02,-1.1930e-02,-1.2778e-02,-1.3643e-02,-1.4526e-02,-1.5427e-02,-1.6347e-02,-1.7290e-02,-1.8258e-02,-1.9254e-02,-2.0283e-02,-2.1344e-02,-2.2438e-02,-2.3556e-02,-2.4685e-02,-2.5803e-02,-2.6876e-02,-2.7863e-02,-2.8714e-02,-2.9373e-02,-2.9783e-02,-2.9892e-02,-2.9652e-02,-2.9025e-02,-2.7985e-02,-2.6514e-02,-2.4607e-02,-2.2264e-02,-1.9490e-02,-1.6296e-02,-1.2691e-02,-8.6878e-03,-4.2945e-03,4.8066e-04
1.0237e-04,5.1438e-04,9.0563e-04,1.2775e-03,1.6312e-03,1.9674e-03,2.2868e-03,2.5901e-03,2.8774e-03,3.1490e-03,3.4049e-03,3.6453e-03,3.8700e-03,4.0789e-03,4.2720e-03,4.4489e-03,4.6097e-03,4.7541e-03,4.8818e-03,4.9930e-03,5.0873e-03,5.1646e-03,5.2248e-03,5.2677e-03,5.2932e-03,5.3013e-03,5.2918e-03,5.2645e-03,5.2196e-03,5.1567e-03,5.0760e-03,4.9773e-03,4.8604e-03,4.7255e-03,4.5724e-03,4.4012e-03,4.2118e-03,4.0042e-03,3.7784e-03,3.5345e-03,3.2725e-03,2.9924e-03,2.6944e-03,2.3785e-03,2.0448e-03,1.6934e-03,1.3244e-03,9.3788e-04,5.3389e-04,1.1251e-04,-3.2615e-04,-7.8213e-04,-1.2554e-03,-1.7458e-03,-2.2537e-03,-2.7790e-03,-3.3216e-03,-3.8819e-03,-4.4598e-03,-5.0554e-03,-5.6685e-03,-6.2994e-03,-6.9477e-03,-7.6135e-03,-8.2962e-03,-8.9956e-03,-9.7110e-03,-1.0442e-02,-1.1188e-02,-1.1949e-02,-1.2725e-02,-1.3515e-02,-1.4320e-02,-1.5143e-02,-1.5985e-02,-1.6850e-02,-1.7740e-02,-1.8660e-02,-1.9610e-02,-2.0589e-02,-2.1592e-02,-2.2603e-02,-2.3601e-02,-2.4553e-02,-2.5418e-02,-2.6145e-02,-2.6679e-02,-2.6964e-02,-2.6944e-02,-2.6572e-02,-2.5810e-02,-2.4630e-02,-2.3016e-02,-2.0960e-02,-1.8462e-02,-1.5530e-02,-1.2172e-02,-8.4007e-03,-4.2266e-03,3.3962e-04
5.5084e-05,4.1822e-04,7.6208e-04,1.0880e-03,1.3971e-03,1.6902e-03,1.9682e-03,2.2316e-03,2.4806e-03,2.7156e-03,2.9368e-03,3.1442e-03,3.3379e-03,3.5178e-03,3.6838e-03,3.8360e-03,3.9741e-03,4.0981e-03,4.2079e-03,4.3034e-03,4.3845e-03,4.4509e-03,4.5029e-03,4.5400e-03,4.5624e-03,4.5699e-03,4.5624e-03,4.5399e-03,4.5021e-03,4.4491e-03,4.3807e-03,4.2970e-03,4.1978e-03,4.0831e-03,3.9527e-03,3.8067e-03,3.6448e-03,3.4673e-03,3.2740e-03,3.0648e-03,2.8401e-03,2.5995e-03,2.3431e-03,2.0712e-03,1.7838e-03,1.4808e-03,1.1624e-03,8.2852e-04,4.7950e-04,1.1515e-04,-2.6428e-04,-6.5894e-04,-1.0687e-03,-1.4935e-03,-1.9335e-03,-2.3887e-03,-2.8592e-03,-3.3451e-03,-3.8464e-03,-4.3632e-03,-4.8956e-03,-5.4436e-03,-6.0071e-03,-6.5861e-03,-7.1803e-03,-7.7895e-03,-8.4130e-03,-9.0507e-03,-9.7016e-03,-1.0366e-02,-1.1042e-02,-1.1731e-02,-1.2432e-02,-1.3146e-02,-1.3875e-02,-1.4621e-02,-1.5387e-02,-1.6177e-02,-1.6993e-02,-1.7837e-02,-1.8709e-02,-1.9601e-02,-2.0501e-02,-2.1386e-02,-2.2224e-02,-2.2974e-02,-2.3584e-02,-2.4000e-02,-2.4164e-02,-2.4022e-02,-2.3525e-02,-2.2634e-02,-2.1321e-02,-1.9569e-02,-1.7370e-02,-1.4724e-02,-1.1639e-02,-8.1236e-03,-4.1908e-03,1.4780e-04
4.7036e-06,3.2364e-04,6.2443e-04,9.0862e-04,1.1773e-03,1.4313e-03,1.6715e-03,1.8985e-03,2.1126e-03,2.3142e-03,2.5036e-03,2.6807e-03,2.8459e-03,2.9991e-03,3.1403e-03,3.2695e-03,3.3867e-03,3.4919e-03,3.5849e-03,3.6658e-03,3.7346e-03,3.7909e-03,3.8350e-03,3.8668e-03,3.8861e-03,3.8928e-03,3.8870e-03,3.8686e-03,3.8373e-03,3.7933e-03,3.7364e-03,3.6664e-03,3.5834e-03,3.4872e-03,3.3777e-03,3.2549e-03,3.1186e-03,2.9689e-03,2.8056e-03,2.6287e-03,2.4383e-03,2.2343e-03,2.0167e-03,1.7856e-03,1.5408e-03,1.2827e-03,1.0112e-03,7.2624e-04,4.2797e-04,1.1656e-04,-2.0810e-04,-5.4582e-04,-8.9680e-04,-1.2607e-03,-1.6379e-03,-2.0282e-03,-2.4316e-03,-2.8485e-03,-3.2787e-03,-3.7224e-03,-4.1796e-03,-4.6505e-03,-5.1350e-03,-5.6330e-03,-6.1446e-03,-6.6694e-03,-7.2072e-03,-7.7575e-03,-8.3198e-03,-8.8936e-03,-9.4783e-03,-1.0073e-02,-1.0679e-02,-1.1295e-02,-1.1922e-02,-1.2561e-02,-1.3216e-02,-1.3889e-02,-1.4583e-02,-1.5301e-02,-1.6046e-02,-1.6816e-02,-1.7605e-02,-1.8400e-02,-1.9179e-02,-1.9910e-02,-2.0551e-02,-2.1051e-02,-2.1356e-02,-2.1407e-02,-2.1149e-02,-2.0534e-02,-1.9521e-02,-1.8081e-02,-1.6197e-02,-1.3861e-02,-1.1073e-02,-7.8411e-03,-4.1745e-03,-8.6174e-05
-4.6977e-05,2.3207e-04,4.9428e-04,7.4086e-04,9.7307e-04,1.1918e-03,1.3979e-03,1.5919e-03,1.7744e-03,1.9457e-03,2.1061e-03,2.2558e-03,2.3950e-03,2.5238e-03,2.6423e-03,2.7505e-03,2.8484e-03,2.9362e-03,3.0136e-03,3.0810e-03,3.1381e-03,3.1851e-03,3.2218e-03,3.2482e-03,3.2644e-03,3.2703e-03,3.2658e-03,3.2508e-03,3.2254e-03,3.1895e-03,3.1427e-03,3.0853e-03,3.0169e-03,2.9376e-03,2.8471e-03,2.7455e-03,2.6326e-03,2.5082e-03,2.3725e-03,2.2251e-03,2.0663e-03,1.8958e-03,1.7137e-03,1.5199e-03,1.3146e-03,1.0977e-03,8.6925e-04,6.2921e-04,3.7774e-04,1.1477e-04,-1.5934e-04,-4.4488e-04,-7.4155e-04,-1.0496e-03,-1.3689e-03,-1.6995e-03,-2.0413e-03,-2.3945e-03,-2.7592e-03,-3.1354e-03,-3.5231e-03,-3.9227e-03,-4.3340e-03,-4.7570e-03,-5.1918e-03,-5.6381e-03,-6.0960e-03,-6.5650e-03,-7.0447e-03,-7.5346e-03,-8.0339e-03,-8.5427e-03,-9.0600e-03,-9.5859e-03,-1.0121e-02,-1.0665e-02,-1.1220e-02,-1.1788e-02,-1.2372e-02,-1.2977e-02,-1.3604e-02,-1.4255e-02,-1.4930e-02,-1.5623e-02,-1.6320e-02,-1.7000e-02,-1.7630e-02,-1.8170e-02,-1.8568e-02,-1.8769e-02,-1.8714e-02,-1.8348e-02,-1.7620e-02,-1.6491e-02,-1.4932e-02,-1.2922e-02,-1.0456e-02,-7.5324e-03,-4.1592e-03,-3.4704e-04
-9.8578e-05,1.4517e-04,3.7280e-04,5.8594e-04,7.8566e-04,9.7288e-04,1.1484e-03,1.3131e-03,1.4671e-03,1.6112e-03,1.7454e-03,1.8703e-03,1.9860e-03,2.0926e-03,2.1903e-03,2.2794e-03,2.3597e-03,2.4314e-03,2.4946e-03,2.5493e-03,2.5957e-03,2.6337e-03,2.6634e-03,2.6848e-03,2.6978e-03,2.7026e-03,2.6990e-03,2.6869e-03,2.6664e-03,2.6375e-03,2.5997e-03,2.5534e-03,2.4981e-03,2.4338e-03,2.3605e-03,2.2779e-03,2.1861e-03,2.0848e-03,1.9738e-03,1.8534e-03,1.7231e-03,1.5832e-03,1.4333e-03,1.2735e-03,1.1040e-03,9.2464e-04,7.3527e-04,5.3616e-04,3.2738e-04,1.0879e-04,-1.1945e-04,-3.5727e-04,-6.0467e-04,-8.6166e-04,-1.1282e-03,-1.4041e-03,-1.6895e-03,-1.9846e-03,-2.2893e-03,-2.6037e-03,-2.9279e-03,-3.2619e-03,-3.6059e-03,-3.9598e-03,-4.3238e-03,-4.6977e-03,-5.0816e-03,-5.4751e-03,-5.8779e-03,-6.2898e-03,-6.7103e-03,-7.1388e-03,-7.5748e-03,-8.0180e-03,-8.4682e-03,-8.9258e-03,-9.3913e-03,-9.8664e-03,-1.0353e-02,-1.0855e-02,-1.1376e-02,-1.1917e-02,-1.2482e-02,-1.3069e-02,-1.3672e-02,-1.4279e-02,-1.4866e-02,-1.5404e-02,-1.5850e-02,-1.6153e-02,-1.6257e-02,-1.6103e-02,-1.5635e-02,-1.4803e-02,-1.3566e-02,-1.1893e-02,-9.7647e-03,-7.1740e-03,-4.1213e-03,-6.1343e-04
-1.4828e-04,6.4269e-05,2.6165e-04,4.4526e-04,6.1622e-04,7.7569e-04,9.2427e-04,1.0626e-03,1.1915e-03,1.3111e-03,1.4221e-03,1.5247e-03,1.6193e-03,1.7060e-03,1.7850e-03,1.8565e-03,1.9208e-03,1.9778e-03,2.0280e-03,2.0711e-03,2.1074e-03,2.1371e-03,2.1601e-03,2.1765e-03,2.1864e-03,2.1897e-03,2.1864e-03,2.1766e-03,2.1602e-03,2.1370e-03,2.1071e-03,2.0703e-03,2.0265e-03,1.9756e-03,1.9174e-03,1.8518e-03,1.7787e-03,1.6978e-03,1.6093e-03,1.5127e-03,1.4082e-03,1.2955e-03,1.1746e-03,1.0456e-03,9.0825e-04,7.6255e-04,6.0874e-04,4.4646e-04,2.7605e-04,9.7381e-05,-8.9339e-05,-2.8417e-04,-4.8691e-04,-6.9772e-04,-9.1644e-04,-1.1431e-03,-1.3776e-03,-1.6200e-03,-1.8703e-03,-2.1285e-03,-2.3948e-03,-2.6692e-03,-2.9518e-03,-3.2426e-03,-3.5417e-03,-3.8492e-03,-4.1650e-03,-4.4889e-03,-4.8210e-03,-5.1607e-03,-5.5080e-03,-5.8622e-03,-6.2230e-03,-6.5900e-03,-6.9628e-03,-7.3414e-03,-7.7260e-03,-8.1178e-03,-8.5178e-03,-8.9289e-03,-9.3537e-03,-9.7957e-03,-1.0258e-02,-1.0743e-02,-1.1249e-02,-1.1770e-02,-1.2293e-02,-1.2796e-02,-1.3248e-02,-1.3608e-02,-1.3823e-02,-1.3838e-02,-1.3593e-02,-1.3031e-02,-1.2101e-02,-1.0762e-02,-8.9818e-03,-6.7421e-03,-4.0340e-03,-8.5825e-04
-1.9455e-04,-9.0483e-06,1.6193e-04,3.2001e-04,4.6597e-04,6.0105e-04,7.2597e-04,8.4149e-04,9.4814e-04,1.0464e-03,1.1368e-03,1.2197e-03,1.2954e-03,1.3643e-03,1.4266e-03,1.4825e-03,1.5322e-03,1.5760e-03,1.6140e-03,1.6464e-03,1.6735e-03,1.6952e-03,1.7118e-03,1.7233e-03,1.7299e-03,1.7314e-03,1.7280e-03,1.7197e-03,1.7064e-03,1.6881e-03,1.6645e-03,1.6358e-03,1.6019e-03,1.5625e-03,1.5174e-03,1.4666e-03,1.4099e-03,1.3470e-03,1.2781e-03,1.2027e-03,1.1209e-03,1.0324e-03,9.3730e-04,8.3546e-04,7.2672e-04,6.1107e-04,4.8872e-04,3.5934e-04,2.2320e-04,8.0256e-05,-6.9424e-05,-2.2576e-04,-3.8869e-04,-5.5828e-04,-7.3424e-04,-9.1652e-04,-1.1054e-03,-1.3005e-03,-1.5019e-03,-1.7099e-03,-1.9241e-03,-2.1447e-03,-2.3718e-03,-2.6055e-03,-2.8459e-03,-3.0929e-03,-3.3466e-03,-3.6070e-03,-3.8741e-03,-4.1477e-03,-4.4274e-03,-4.7131e-03,-5.0045e-03,-5.3012e-03,-5.6028e-03,-5.9091e-03,-6.2202e-03,-6.5364e-03,-6.8588e-03,-7.1889e-03,-7.5291e-03,-7.8826e-03,-8.2526e-03,-8.6424e-03,-9.0534e-03,-9.4850e-03,-9.9306e-03,-1.0378e-02,-1.0805e-02,-1.1179e-02,-1.1459e-02,-1.1594e-02,-1.1527e-02,-1.1198e-02,-1.0549e-02,-9.5293e-03,-8.0952e-03,-6.2156e-03,-3.8705e-03,-1.0518e-03
-2.3600e-04,-7.3546e-05,7.5108e-05,2.1114e-04,3.3588e-04,4.5004e-04,5.5465e-04,6.5032e-04,7.3773e-04,8.1744e-04,8.8994e-04,9.5549e-04,1.0148e-03,1.0678e-03,1.1152e-03,1.1570e-03,1.1937e-03,1.2254e-03,1.2526e-03,1.2752e-03,1.2935e-03,1.3078e-03,1.3183e-03,1.3249e-03,1.3280e-03,1.3274e-03,1.3233e-03,1.3157e-03,1.3046e-03,1.2900e-03,1.2716e-03,1.2497e-03,1.2238e-03,1.1941e-03,1.1601e-03,1.1219e-03,1.0793e-03,1.0320e-03,9.7996e-04,9.2294e-04,8.6081e-04,7.9356e-04,7.2086e-04,6.4274e-04,5.5911e-04,4.6997e-04,3.7519e-04,2.7478e-04,1.6880e-04,5.7357e-05,-5.9684e-05,-1.8215e-04,-3.0989e-04,-4.4285e-04,-5.8116e-04,-7.2437e-04,-8.7281e-04,-1.0260e-03,-1.1841e-03,-1.3472e-03,-1.5150e-03,-1.6878e-03,-1.8655e-03,-2.0480e-03,-2.2355e-03,-2.4281e-03,-2.6260e-03,-2.8288e-03,-3.0369e-03,-3.2500e-03,-3.4681e-03,-3.6912e-03,-3.9187e-03,-4.1507e-03,-4.3869e-03,-4.6268e-03,-4.8705e-03,-5.1183e-03,-5.3704e-03,-5.6282e-03,-5.8934e-03,-6.1683e-03,-6.4560e-03,-6.7599e-03,-7.0832e-03,-7.4276e-03,-7.7916e-03,-8.1695e-03,-8.5479e-03,-8.9052e-03,-9.2095e-03,-9.4184e-03,-9.4810e-03,-9.3395e-03,-8.9336e-03,-8.2052e-03,-7.1019e-03,-5.5799e-03,-3.6074e-03,-1.1641e-03
-2.7111e-04,-1.2784e-04,2.0699e-06,1.1981e-04,2.2652e-04,3.2330e-04,4.1072e-04,4.8967e-04,5.6067e-04,6.2455e-04,6.8158e-04,7.3227e-04,7.7708e-04,8.1642e-04,8.5068e-04,8.8014e-04,9.0514e-04,9.2617e-04,9.4334e-04,9.5693e-04,9.6726e-04,9.7455e-04,9.7906e-04,9.8090e-04,9.8024e-04,9.7727e-04,9.7189e-04,9.6432e-04,9.5451e-04,9.4245e-04,9.2789e-04,9.1120e-04,8.9185e-04,8.6981e-04,8.4503e-04,8.1738e-04,7.8642e-04,7.5218e-04,7.1454e-04,6.7303e-04,6.2789e-04,5.7866e-04,5.2519e-04,4.6755e-04,4.0557e-04,3.3923e-04,2.6831e-04,1.9299e-04,1.1314e-04,2.8858e-05,-5.9792e-05,-1.5270e-04,-2.4984e-04,-3.5106e-04,-4.5634e-04,-5.6558e-04,-6.7859e-04,-7.9522e-04,-9.1541e-04,-1.0391e-03,-1.1663e-03,-1.2970e-03,-1.4310e-03,-1.5683e-03,-1.7091e-03,-1.8535e-03,-2.0013e-03,-2.1527e-03,-2.3079e-03,-2.4665e-03,-2.6290e-03,-2.7949e-03,-2.9644e-03,-3.1372e-03,-3.3133e-03,-3.4924e-03,-3.6745e-03,-3.8597e-03,-4.0483e-03,-4.2409e-03,-4.4389e-03,-4.6439e-03,-4.8588e-03,-5.0865e-03,-5.3303e-03,-5.5933e-03,-5.8775e-03,-6.1810e-03,-6.4979e-03,-6.8152e-03,-7.1106e-03,-7.3520e-03,-7.4973e-03,-7.4946e-03,-7.2861e-03,-6.8110e-03,-6.0102e-03,-4.8306e-03,-3.2278e-03,-1.1694e-03
-2.9856e-04,-1.7082e-04,-5.6093e-05,4.6751e-05,1.3896e-04,2.2131e-04,2.9465e-04,3.5975e-04,4.1727e-04,4.6775e-04,5.1185e-04,5.4987e-04,5.8245e-04,6.0996e-04,6.3288e-04,6.5153e-04,6.6634e-04,6.7759e-04,6.8581e-04,6.9126e-04,6.9411e-04,6.9485e-04,6.9361e-04,6.9064e-04,6.8615e-04,6.8022e-04,6.7320e-04,6.6486e-04,6.5535e-04,6.4471e-04,6.3289e-04,6.1978e-04,6.0538e-04,5.8948e-04,5.7183e-04,5.5243e-04,5.3101e-04,5.0746e-04,4.8155e-04,4.5306e-04,4.2179e-04,3.8769e-04,3.5040e-04,3.1001e-04,2.6621e-04,2.1905e-04,1.6849e-04,1.1441e-04,5.6770e-05,-4.3376e-06,-6.8685e-05,-1.3646e-04,-2.0746e-04,-2.8158e-04,-3.5863e-04,-4.3850e-04,-5.2118e-04,-6.0633e-04,-6.9393e-04,-7.8373e-04,-8.7582e-04,-9.6981e-04,-1.0660e-03,-1.1641e-03,-1.2641e-03,-1.3662e-03,-1.4701e-03,-1.5763e-03,-1.6845e-03,-1.7947e-03,-1.9074e-03,-2.0221e-03,-2.1392e-03,-2.2583e-03,-2.3800e-03,-2.5035e-03,-2.6293e-03,-2.7575e-03,-2.8882e-03,-3.0218e-03,-3.1594e-03,-3.3022e-03,-3.4521e-03,-3.6121e-03,-3.7853e-03,-3.9748e-03,-4.1841e-03,-4.4145e-03,-4.6642e-03,-4.9273e-03,-5.1903e-03,-5.4311e-03,-5.6173e-03,-5.7060e-03,-5.6456e-03,-5.3774e-03,-4.8403e-03,-3.9743e-03,-2.7256e-03,-1.0490e-03
-3.1740e-04,-2.0162e-04,-9.8614e-05,-7.2843e-06,7.3510e-05,1.4459e-04,2.0677e-04,2.6084e-04,3.0746e-04,3.4706e-04,3.8056e-04,4.0806e-04,4.3051e-04,4.4806e-04,4.6124e-04,4.7048e-04,4.7638e-04,4.7915e-04,4.7933e-04,4.7731e-04,4.7330e-04,4.6780e-04,4.6107e-04,4.5321e-04,4.4480e-04,4.3574e-04,4.2622e-04,4.1651e-04,4.0643e-04,3.9621e-04,3.8570e-04,3.7488e-04,3.6378e-04,3.5215e-04,3.3989e-04,3.2680e-04,3.1282e-04,2.9752e-04,2.8091e-04,2.6269e-04,2.4264e-04,2.2070e-04,1.9649e-04,1.7021e-04,1.4132e-04,1.1009e-04,7.6158e-05,3.9787e-05,5.5926e-07,-4.1168e-05,-8.5435e-05,-1.3213e-04,-1.8132e-04,-2.3267e-04,-2.8611e-04,-3.4144e-04,-3.9858e-04,-4.5713e-04,-5.1718e-04,-5.7846e-04,-6.4057e-04,-7.0371e-04,-7.6752e-04,-8.3203e-04,-8.9723e-04,-9.6286e-04,-1.0291e-03,-1.0958e-03,-1.1630e-03,-1.2311e-03,-1.2998e-03,-1.3692e-03,-1.4396e-03,-1.5111e-03,-1.5835e-03,-1.6571e-03,-1.7319e-03,-1.8083e-03,-1.8861e-03,-1.9662e-03,-2.0491e-03,-2.1359e-03,-2.2281e-03,-2.3280e-03,-2.4384e-03,-2.5624e-03,-2.7037e-03,-2.8651e-03,-3.0479e-03,-3.2506e-03,-3.4666e-03,-3.6826e-03,-3.8758e-03,-4.0138e-03,-4.0535e-03,-3.9425e-03,-3.6219e-03,-3.0298e-03,-2.1056e-03,-7.9470e-04
-3.2640e-04,-2.1927e-04,-1.2488e-04,-4.1872e-05,3.0589e-05,9.3209e-05,1.4717e-04,1.9281e-04,2.3092e-04,2.6233e-04,2.8729e-04,3.0658e-04,3.2064e-04,3.2987e-04,3.3500e-04,3.3641e-04,3.3452e-04,3.2996e-04,3.2305e-04,3.1410e-04,3.0396e-04,2.9256e-04,2.8040e-04,2.6788e-04,2.5519e-04,2.4252e-04,2.3022e-04,2.1821e-04,2.0685e-04,1.9593e-04,1.8567e-04,1.7589e-04,1.6657e-04,1.5750e-04,1.4875e-04,1.4005e-04,1.3120e-04,1.2192e-04,1.1229e-04,1.0179e-04,9.0417e-05,7.7801e-05,6.3899e-05,4.8578e-05,3.1656e-05,1.2877e-05,-7.6047e-06,-3.0122e-05,-5.4298e-05,-8.0496e-05,-1.0854e-04,-1.3823e-04,-1.6966e-04,-2.0253e-04,-2.3665e-04,-2.7191e-04,-3.0808e-04,-3.4495e-04,-3.8219e-04,-4.1984e-04,-4.5744e-04,-4.9495e-04,-5.3194e-04,-5.6854e-04,-6.0441e-04,-6.3937e-04,-6.7357e-04,-7.0689e-04,-7.3931e-04,-7.7100e-04,-8.0176e-04,-8.3201e-04,-8.6153e-04,-8.9089e-04,-9.1987e-04,-9.4873e-04,-9.7799e-04,-1.0076e-03,-1.0379e-03,-1.0695e-03,-1.1029e-03,-1.1391e-03,-1.1797e-03,-1.2260e-03,-1.2806e-03,-1.3464e-03,-1.4267e-03,-1.5252e-03,-1.6446e-03,-1.7861e-03,-1.9483e-03,-2.1242e-03,-2.2997e-03,-2.4524e-03,-2.5492e-03,-2.5467e-03,-2.3923e-03,-2.0264e-03,-1.3863e-03,-4.1091e-04
-3.2496e-04,-2.2318e-04,-1.3422e-04,-5.6700e-05,1.0210e-05,6.7413e-05,1.1557e-04,1.5547e-04,1.8770e-04,2.1284e-04,2.3164e-04,2.4448e-04,2.5203e-04,2.5487e-04,2.5337e-04,2.4823e-04,2.3988e-04,2.2901e-04,2.1577e-04,2.0088e-04,1.8491e-04,1.6793e-04,1.5064e-04,1.3332e-04,1.1636e-04,9.9835e-05,8.4121e-05,6.9330e-05,5.5582e-05,4.3178e-05,3.1762e-05,2.1695e-05,1.2747e-05,4.8899e-06,-2.1025e-06,-8.4075e-06,-1.4117e-05,-1.9392e-05,-2.4329e-05,-2.9390e-05,-3.4885e-05,-4.0698e-05,-4.7149e-05,-5.4309e-05,-6.2467e-05,-7.1728e-05,-8.2241e-05,-9.3793e-05,-1.0674e-04,-1.2080e-04,-1.3643e-04,-1.5282e-04,-1.7037e-04,-1.8873e-04,-2.0775e-04,-2.2728e-04,-2.4695e-04,-2.6667e-04,-2.8600e-04,-3.0478e-04,-3.2267e-04,-3.3951e-04,-3.5503e-04,-3.6877e-04,-3.8094e-04,-3.9096e-04,-3.9893e-04,-4.0473e-04,-4.0805e-04,-4.0928e-04,-4.0812e-04,-4.0492e-04,-3.9971e-04,-3.9260e-04,-3.8394e-04,-3.7374e-04,-3.6252e-04,-3.5069e-04,-3.3850e-04,-3.2659e-04,-3.1564e-04,-3.0629e-04,-3.0023e-04,-2.9842e-04,-3.0344e-04,-3.1736e-04,-3.4368e-04,-3.8562e-04,-4.4669e-04,-5.3000e-04,-6.3643e-04,-7.6396e-04,-9.0589e-04,-1.0477e-03,-1.1667e-03,-1.2292e-03,-1.1915e-03,-1.0005e-03,-5.9592e-04,8.5289e-05
-3.1219e-04,-2.1287e-04,-1.2627e-04,-5.1388e-05,1.2793e-05,6.7020e-05,1.1211e-04,1.4850e-04,1.7699e-04,1.9824e-04,2.1274e-04,2.2114e-04,2.2404e-04,2.2186e-04,2.1523e-04,2.0494e-04,1.9128e-04,1.7480e-04,1.5633e-04,1.3611e-04,1.1473e-04,9.2702e-05,7.0479e-05,4.8357e-05,2.6858e-05,6.1304e-06,-1.3396e-05,-3.1532e-05,-4.8214e-05,-6.3259e-05,-7.6536e-05,-8.8226e-05,-9.8219e-05,-1.0668e-04,-1.1354e-04,-1.1907e-04,-1.2348e-04,-1.2677e-04,-1.2942e-04,-1.3144e-04,-1.3303e-04,-1.3454e-04,-1.3613e-04,-1.3804e-04,-1.4021e-04,-1.4306e-04,-1.4635e-04,-1.5050e-04,-1.5531e-04,-1.6084e-04,-1.6710e-04,-1.7402e-04,-1.8137e-04,-1.8903e-04,-1.9682e-04,-2.0456e-04,-2.1203e-04,-2.1875e-04,-2.2461e-04,-2.2918e-04,-2.3215e-04,-2.3318e-04,-2.3188e-04,-2.2824e-04,-2.2168e-04,-2.1234e-04,-1.9936e-04,-1.8304e-04,-1.6315e-04,-1.3977e-04,-1.1264e-04,-8.1865e-05,-4.7627e-05,-1.0036e-05,3.0649e-05,7.4267e-05,1.2016e-04,1.6818e-04,2.1767e-04,2.6817e-04,3.1875e-04,3.6871e-04,4.1668e-04,4.6132e-04,5.0086e-04,5.3298e-04,5.5503e-04,5.6351e-04,5.5477e-04,5.2566e-04,4.7318e-04,3.9617e-04,2.9684e-04,1.8263e-04,6.8157e-05,-2.3368e-05,-5.8103e-05,8.1402e-06,2.2913e-04,6.6580e-04
-2.8782e-04,-1.8807e-04,-1.0118e-04,-2.6015e-05,3.7944e-05,9.1712e-05,1.3595e-04,1.7116e-04,1.9825e-04,2.1749e-04,2.2983e-04,2.3545e-04,2.3524e-04,2.2968e-04,2.1955e-04,2.0509e-04,1.8735e-04,1.6650e-04,1.4333e-04,1.1840e-04,9.2319e-05,6.5363e-05,3.8380e-05,1.1633e-05,-1.4556e-05,-3.9687e-05,-6.3395e-05,-8.5501e-05,-1.0603e-04,-1.2444e-04,-1.4079e-04,-1.5513e-04,-1.6744e-04,-1.7770e-04,-1.8594e-04,-1.9241e-04,-1.9737e-04,-2.0075e-04,-2.0276e-04,-2.0394e-04,-2.0417e-04,-2.0379e-04,-2.0289e-04,-2.0196e-04,-2.0089e-04,-1.9989e-04,-1.9904e-04,-1.9846e-04,-1.9835e-04,-1.9854e-04,-1.9888e-04,-1.9958e-04,-2.0024e-04,-2.0092e-04,-2.0123e-04,-2.0101e-04,-1.9999e-04,-1.9810e-04,-1.9440e-04,-1.8893e-04,-1.8134e-04,-1.7129e-04,-1.5813e-04,-1.4173e-04,-1.2165e-04,-9.7565e-05,-6.9225e-05,-3.6386e-05,1.3974e-06,4.3832e-05,9.1464e-05,1.4392e-04,2.0142e-04,2.6372e-04,3.3068e-04,4.0194e-04,4.7710e-04,5.5587e-04,6.3758e-04,7.2119e-04,8.0658e-04,8.9233e-04,9.7739e-04,1.0604e-03,1.1396e-03,1.2129e-03,1.2777e-03,1.3312e-03,1.3696e-03,1.3896e-03,1.3873e-03,1.3600e-03,1.3068e-03,1.2302e-03,1.1378e-03,1.0445e-03,9.7427e-04,9.6087e-04,1.0495e-03,1.2940e-03
