7.8422e-04,-3.6031e-03,-6.0995e-03,-7.1867e-03,-7.3098e-03,-6.8260e-03,-5.9910e-03,-4.9710e-03,-3.8647e-03,-2.7272e-03,-1.5913e-03,-4.8150e-04,5.7831e-04,1.5598e-03,2.4328e-03,3.1661e-03,3.7329e-03,4.1123e-03,4.2937e-03,4.2789e-03,4.0813e-03,3.7268e-03,3.2494e-03,2.6904e-03,2.0940e-03,1.5025e-03,9.5458e-04,4.8079e-04,1.0404e-04,-1.6379e-04,-3.1778e-04,-3.6202e-04,-3.0518e-04,-1.6020e-04,5.8442e-05,3.3414e-04,6.4936e-04,9.8604e-04,1.3241e-03,1.6422e-03,1.9205e-03,2.1414e-03,2.2942e-03,2.3752e-03,2.3915e-03,2.3610e-03,2.3088e-03,2.2659e-03,2.2638e-03,2.3307e-03,2.4871e-03,2.7457e-03,3.1081e-03,3.5695e-03,4.1161e-03,4.7313e-03,5.3952e-03,6.0870e-03,6.7846e-03,7.4639e-03,8.0962e-03,8.6475e-03,9.0774e-03,9.3391e-03,9.3827e-03,9.1609e-03,8.6367e-03,7.7917e-03,6.6358e-03,5.2134e-03,3.6038e-03,1.9189e-03,2.9272e-04,-1.1327e-03,-2.2264e-03,-2.8866e-03,-3.0567e-03,-2.7358e-03,-1.9812e-03,-9.0078e-04,3.6186e-04,1.6471e-03,2.8037e-03,3.7069e-03,4.2752e-03,4.4780e-03,4.3370e-03,3.9209e-03,3.3355e-03,2.7062e-03,2.1662e-03,1.8407e-03,1.8334e-03,2.2224e-03,3.0494e-03,4.3246e-03,6.0251e-03,8.1025e-03,1.0487e-02,1.3095e-02
-3.9239e-03,-1.1448e-02,-1.6531e-02,-1.9553e-02,-2.0964e-02,-2.1184e-02,-2.0558e-02,-1.9337e-02,-1.7690e-02,-1.5726e-02,-1.3517e-02,-1.1119e-02,-8.5819e-03,-5.9591e-03,-3.3075e-03,-6.8653e-04,1.8452e-03,4.2315e-03,6.4252e-03,8.3887e-03,1.0094e-02,1.1526e-02,1.2674e-02,1.3541e-02,1.4129e-02,1.4446e-02,1.4498e-02,1.4290e-02,1.3827e-02,1.3114e-02,1.2152e-02,1.0950e-02,9.5201e-03,7.8799e-03,6.0565e-03,4.0832e-03,2.0022e-03,-1.3986e-04,-2.2937e-03,-4.4080e-03,-6.4326e-03,-8.3205e-03,-1.0025e-02,-1.1502e-02,-1.2710e-02,-1.3612e-02,-1.4172e-02,-1.4363e-02,-1.4169e-02,-1.3581e-02,-1.2608e-02,-1.1270e-02,-9.5972e-03,-7.6327e-03,-5.4246e-03,-3.0251e-03,-4.8783e-04,2.1345e-03,4.7889e-03,7.4243e-03,9.9871e-03,1.2421e-02,1.4664e-02,1.6647e-02,1.8297e-02,1.9535e-02,2.0287e-02,2.0491e-02,2.0105e-02,1.9121e-02,1.7572e-02,1.5529e-02,1.3107e-02,1.0450e-02,7.7127e-03,5.0486e-03,2.5844e-03,4.0673e-04,-1.4479e-03,-2.9922e-03,-4.2826e-03,-5.4004e-03,-6.4346e-03,-7.4614e-03,-8.5280e-03,-9.6425e-03,-1.0771e-02,-1.1843e-02,-1.2760e-02,-1.3410e-02,-1.3681e-02,-1.3478e-02,-1.2728e-02,-1.1393e-02,-9.4685e-03,-6.9878e-03,-4.0126e-03,-6.2901e-04,3.0574e-03,6.9334e-03
-6.0166e-03,-1.6797e-02,-2.4814e-02,-3.0222e-02,-3.3364e-02,-3.4658e-02,-3.4511e-02,-3.3261e-02,-3.1165e-02,-2.8406e-02,-2.5113e-02,-2.1389e-02,-1.7319e-02,-1.2990e-02,-8.4915e-03,-3.9152e-03,6.4413e-04,5.0942e-03,9.3469e-03,1.3325e-02,1.6956e-02,2.0181e-02,2.2950e-02,2.5222e-02,2.6962e-02,2.8141e-02,2.8737e-02,2.8734e-02,2.8121e-02,2.6897e-02,2.5069e-02,2.2659e-02,1.9704e-02,1.6255e-02,1.2382e-02,8.1715e-03,3.7225e-03,-8.5536e-04,-5.4455e-03,-9.9312e-03,-1.4196e-02,-1.8133e-02,-2.1642e-02,-2.4637e-02,-2.7042e-02,-2.8799e-02,-2.9864e-02,-3.0211e-02,-2.9834e-02,-2.8745e-02,-2.6976e-02,-2.4576e-02,-2.1610e-02,-1.8155e-02,-1.4293e-02,-1.0113e-02,-5.7038e-03,-1.1549e-03,3.4480e-03,8.0201e-03,1.2478e-02,1.6737e-02,2.0711e-02,2.4308e-02,2.7435e-02,2.9991e-02,3.1880e-02,3.3009e-02,3.3302e-02,3.2713e-02,3.1230e-02,2.8889e-02,2.5776e-02,2.2020e-02,1.7787e-02,1.3262e-02,8.6259e-03,4.0404e-03,-3.6971e-04,-4.5243e-03,-8.3849e-03,-1.1947e-02,-1.5224e-02,-1.8232e-02,-2.0971e-02,-2.3419e-02,-2.5524e-02,-2.7214e-02,-2.8396e-02,-2.8978e-02,-2.8876e-02,-2.8028e-02,-2.6404e-02,-2.4008e-02,-2.0884e-02,-1.7106e-02,-1.2782e-02,-8.0381e-03,-3.0130e-03,2.1489e-03
-5.8211e-03,-1.9562e-02,-3.0554e-02,-3.8633e-02,-4.3908e-02,-4.6684e-02,-4.7362e-02,-4.6343e-02,-4.3971e-02,-4.0519e-02,-3.6197e-02,-3.1165e-02,-2.5563e-02,-1.9521e-02,-1.3165e-02,-6.6268e-03,-3.9399e-05,6.4653e-03,1.2759e-02,1.8721e-02,2.4238e-02,2.9208e-02,3.3539e-02,3.7152e-02,3.9975e-02,4.1949e-02,4.3025e-02,4.3169e-02,4.2358e-02,4.0589e-02,3.7877e-02,3.4260e-02,2.9801e-02,2.4586e-02,1.8729e-02,1.2365e-02,5.6471e-03,-1.2545e-03,-8.1624e-03,-1.4899e-02,-2.1289e-02,-2.7170e-02,-3.2396e-02,-3.6838e-02,-4.0392e-02,-4.2977e-02,-4.4541e-02,-4.5055e-02,-4.4521e-02,-4.2966e-02,-4.0445e-02,-3.7031e-02,-3.2820e-02,-2.7920e-02,-2.2447e-02,-1.6527e-02,-1.0284e-02,-3.8435e-03,2.6701e-03,9.1364e-03,1.5436e-02,2.1452e-02,2.7068e-02,3.2166e-02,3.6632e-02,4.0348e-02,4.3202e-02,4.5088e-02,4.5913e-02,4.5610e-02,4.4141e-02,4.1512e-02,3.7782e-02,3.3061e-02,2.7508e-02,2.1320e-02,1.4712e-02,7.9027e-03,1.0894e-03,-5.5598e-03,-1.1915e-02,-1.7880e-02,-2.3385e-02,-2.8373e-02,-3.2787e-02,-3.6566e-02,-3.9635e-02,-4.1911e-02,-4.3311e-02,-4.3763e-02,-4.3214e-02,-4.1642e-02,-3.9063e-02,-3.5531e-02,-3.1137e-02,-2.6007e-02,-2.0292e-02,-1.4159e-02,-7.7834e-03,-1.3379e-03
-4.0284e-03,-2.0030e-02,-3.3638e-02,-4.4371e-02,-5.2016e-02,-5.6645e-02,-5.8541e-02,-5.8096e-02,-5.5717e-02,-5.1766e-02,-4.6545e-02,-4.0298e-02,-3.3233e-02,-2.5532e-02,-1.7373e-02,-8.9309e-03,-3.8064e-04,8.1047e-03,1.6356e-02,2.4209e-02,3.1512e-02,3.8122e-02,4.3911e-02,4.8760e-02,5.2570e-02,5.5253e-02,5.6738e-02,5.6976e-02,5.5937e-02,5.3619e-02,5.0046e-02,4.5273e-02,3.9389e-02,3.2515e-02,2.4804e-02,1.6436e-02,7.6167e-03,-1.4313e-03,-1.0477e-02,-1.9287e-02,-2.7637e-02,-3.5314e-02,-4.2130e-02,-4.7921e-02,-5.2553e-02,-5.5926e-02,-5.7974e-02,-5.8668e-02,-5.8011e-02,-5.6042e-02,-5.2833e-02,-4.8479e-02,-4.3102e-02,-3.6838e-02,-2.9835e-02,-2.2252e-02,-1.4251e-02,-5.9920e-03,2.3614e-03,1.0649e-02,1.8715e-02,2.6402e-02,3.3560e-02,4.0043e-02,4.5709e-02,5.0424e-02,5.4065e-02,5.6521e-02,5.7698e-02,5.7523e-02,5.5955e-02,5.2991e-02,4.8670e-02,4.3088e-02,3.6388e-02,2.8763e-02,2.0441e-02,1.1673e-02,2.7075e-03,-6.2156e-03,-1.4885e-02,-2.3114e-02,-3.0748e-02,-3.7649e-02,-4.3696e-02,-4.8776e-02,-5.2783e-02,-5.5622e-02,-5.7214e-02,-5.7505e-02,-5.6475e-02,-5.4145e-02,-5.0578e-02,-4.5879e-02,-4.0193e-02,-3.3694e-02,-2.6581e-02,-1.9063e-02,-1.1351e-02,-3.6451e-03
-1.5222e-03,-1.8824e-02,-3.4311e-02,-4.7295e-02,-5.7259e-02,-6.3955e-02,-6.7430e-02,-6.7956e-02,-6.5929e-02,-6.1776e-02,-5.5888e-02,-4.8606e-02,-4.0221e-02,-3.0990e-02,-2.1150e-02,-1.0927e-02,-5.4301e-04,9.7863e-03,1.9849e-02,2.9444e-02,3.8379e-02,4.6477e-02,5.3576e-02,5.9527e-02,6.4204e-02,6.7495e-02,6.9315e-02,6.9603e-02,6.8324e-02,6.5481e-02,6.1106e-02,5.5273e-02,4.8094e-02,3.9721e-02,3.0344e-02,2.0182e-02,9.4877e-03,-1.4726e-03,-1.2420e-02,-2.3077e-02,-3.3172e-02,-4.2456e-02,-5.0701e-02,-5.7712e-02,-6.3329e-02,-6.7433e-02,-6.9944e-02,-7.0827e-02,-7.0086e-02,-6.7767e-02,-6.3953e-02,-5.8757e-02,-5.2320e-02,-4.4805e-02,-3.6390e-02,-2.7262e-02,-1.7617e-02,-7.6532e-03,2.4290e-03,1.2430e-02,2.2152e-02,3.1400e-02,3.9986e-02,4.7728e-02,5.4458e-02,6.0021e-02,6.4282e-02,6.7128e-02,6.8472e-02,6.8252e-02,6.6442e-02,6.3046e-02,5.8109e-02,5.1719e-02,4.4013e-02,3.5170e-02,2.5416e-02,1.5007e-02,4.2202e-03,-6.6597e-03,-1.7356e-02,-2.7608e-02,-3.7176e-02,-4.5845e-02,-5.3420e-02,-5.9731e-02,-6.4635e-02,-6.8014e-02,-6.9789e-02,-6.9921e-02,-6.8421e-02,-6.5348e-02,-6.0813e-02,-5.4972e-02,-4.8022e-02,-4.0188e-02,-3.1714e-02,-2.2851e-02,-1.3845e-02,-4.9248e-03
8.6939e-04,-1.6737e-02,-3.3137e-02,-4.7621e-02,-5.9485e-02,-6.8184e-02,-7.3452e-02,-7.5320e-02,-7.4067e-02,-7.0105e-02,-6.3889e-02,-5.5854e-02,-4.6387e-02,-3.5835e-02,-2.4507e-02,-1.2693e-02,-6.6595e-04,1.1311e-02,2.2987e-02,3.4122e-02,4.4492e-02,5.3886e-02,6.2115e-02,6.9007e-02,7.4412e-02,7.8204e-02,8.0285e-02,8.0586e-02,7.9074e-02,7.5752e-02,7.0665e-02,6.3903e-02,5.5601e-02,4.5935e-02,3.5127e-02,2.3433e-02,1.1138e-02,-1.4515e-03,-1.4019e-02,-2.6249e-02,-3.7838e-02,-4.8500e-02,-5.7979e-02,-6.6053e-02,-7.2539e-02,-7.7299e-02,-8.0240e-02,-8.1318e-02,-8.0535e-02,-7.7937e-02,-7.3615e-02,-6.7694e-02,-6.0331e-02,-5.1710e-02,-4.2033e-02,-3.1515e-02,-2.0384e-02,-8.8714e-03,2.7856e-03,1.4349e-02,2.5581e-02,3.6247e-02,4.6119e-02,5.4983e-02,6.2637e-02,6.8905e-02,7.3639e-02,7.6722e-02,7.8076e-02,7.7658e-02,7.5466e-02,7.1530e-02,6.5919e-02,5.8735e-02,5.0116e-02,4.0239e-02,2.9317e-02,1.7599e-02,5.3641e-03,-7.0856e-03,-1.9436e-02,-3.1370e-02,-4.2583e-02,-5.2784e-02,-6.1711e-02,-6.9133e-02,-7.4861e-02,-7.8750e-02,-8.0713e-02,-8.0718e-02,-7.8800e-02,-7.5052e-02,-6.9626e-02,-6.2727e-02,-5.4600e-02,-4.5517e-02,-3.5768e-02,-2.5641e-02,-1.5418e-02,-5.3533e-03
2.5727e-03,-1.4496e-02,-3.0837e-02,-4.5870e-02,-5.8889e-02,-6.9180e-02,-7.6187e-02,-7.9634e-02,-7.9556e-02,-7.6246e-02,-7.0146e-02,-6.1751e-02,-5.1543e-02,-3.9968e-02,-2.7425e-02,-1.4275e-02,-8.5440e-04,1.2524e-02,2.5567e-02,3.8000e-02,4.9569e-02,6.0037e-02,6.9193e-02,7.6846e-02,8.2830e-02,8.7011e-02,8.9280e-02,8.9568e-02,8.7840e-02,8.4106e-02,7.8422e-02,7.0891e-02,6.1667e-02,5.0949e-02,3.8983e-02,2.6052e-02,1.2471e-02,-1.4259e-03,-1.5294e-02,-2.8789e-02,-4.1582e-02,-5.3364e-02,-6.3853e-02,-7.2807e-02,-8.0025e-02,-8.5349e-02,-8.8675e-02,-8.9946e-02,-8.9159e-02,-8.6358e-02,-8.1634e-02,-7.5122e-02,-6.6988e-02,-5.7434e-02,-4.6678e-02,-3.4964e-02,-2.2544e-02,-9.6817e-03,3.3512e-03,1.6281e-02,2.8833e-02,4.0735e-02,5.1722e-02,6.1544e-02,6.9973e-02,7.6809e-02,8.1887e-02,8.5089e-02,8.6341e-02,8.5620e-02,8.2950e-02,7.8397e-02,7.2064e-02,6.4083e-02,5.4614e-02,4.3843e-02,3.1976e-02,1.9253e-02,5.9384e-03,-7.6693e-03,-2.1248e-02,-3.4453e-02,-4.6936e-02,-5.8352e-02,-6.8379e-02,-7.6730e-02,-8.3168e-02,-8.7518e-02,-8.9673e-02,-8.9604e-02,-8.7356e-02,-8.3048e-02,-7.6867e-02,-6.9055e-02,-5.9898e-02,-4.9712e-02,-3.8824e-02,-2.7561e-02,-1.6232e-02,-5.1213e-03
3.3438e-03,-1.2584e-02,-2.8068e-02,-4.2716e-02,-5.5971e-02,-6.7136e-02,-7.5499e-02,-8.0502e-02,-8.1874e-02,-7.9664e-02,-7.4191e-02,-6.5934e-02,-5.5439e-02,-4.3240e-02,-2.9836e-02,-1.5677e-02,-1.1708e-03,1.3315e-02,2.7440e-02,4.0896e-02,5.3401e-02,6.4700e-02,7.4563e-02,8.2786e-02,8.9197e-02,9.3651e-02,9.6041e-02,9.6294e-02,9.4380e-02,9.0316e-02,8.4166e-02,7.6046e-02,6.6124e-02,5.4617e-02,4.1790e-02,2.7946e-02,1.3419e-02,-1.4365e-03,-1.6257e-02,-3.0683e-02,-4.4366e-02,-5.6982e-02,-6.8234e-02,-7.7863e-02,-8.5654e-02,-9.1434e-02,-9.5084e-02,-9.6538e-02,-9.5780e-02,-9.2851e-02,-8.7840e-02,-8.0882e-02,-7.2152e-02,-6.1858e-02,-5.0239e-02,-3.7554e-02,-2.4082e-02,-1.0112e-02,4.0538e-03,1.8110e-02,3.1746e-02,4.4659e-02,5.6552e-02,6.7143e-02,7.6180e-02,8.3441e-02,8.8750e-02,9.1981e-02,9.3067e-02,9.1998e-02,8.8824e-02,8.3641e-02,7.6590e-02,6.7842e-02,5.7589e-02,4.6038e-02,3.3409e-02,1.9934e-02,5.8676e-03,-8.5099e-03,-2.2887e-02,-3.6922e-02,-5.0251e-02,-6.2500e-02,-7.3308e-02,-8.2344e-02,-8.9330e-02,-9.4058e-02,-9.6399e-02,-9.6313e-02,-9.3848e-02,-8.9135e-02,-8.2383e-02,-7.3858e-02,-6.3879e-02,-5.2793e-02,-4.0958e-02,-2.8732e-02,-1.6451e-02,-4.4210e-03
3.2178e-03,-1.1186e-02,-2.5260e-02,-3.8778e-02,-5.1386e-02,-6.2551e-02,-7.1595e-02,-7.7814e-02,-8.0661e-02,-7.9875e-02,-7.5530e-02,-6.7981e-02,-5.7751e-02,-4.5436e-02,-3.1622e-02,-1.6856e-02,-1.6279e-03,1.3624e-02,2.8513e-02,4.2692e-02,5.5855e-02,6.7726e-02,7.8067e-02,8.6665e-02,9.3345e-02,9.7962e-02,1.0041e-01,1.0061e-01,9.8550e-02,9.4246e-02,8.7772e-02,7.9254e-02,6.8872e-02,5.6854e-02,4.3478e-02,2.9059e-02,1.3943e-02,-1.5063e-03,-1.6917e-02,-3.1919e-02,-4.6160e-02,-5.9307e-02,-7.1056e-02,-8.1139e-02,-8.9327e-02,-9.5438e-02,-9.9340e-02,-1.0095e-01,-1.0025e-01,-9.7269e-02,-9.2086e-02,-8.4835e-02,-7.5694e-02,-6.4878e-02,-5.2633e-02,-3.9236e-02,-2.4983e-02,-1.0187e-02,4.8271e-03,1.9724e-02,3.4168e-02,4.7826e-02,6.0377e-02,7.1517e-02,8.0973e-02,8.8509e-02,9.3938e-02,9.7134e-02,9.8029e-02,9.6627e-02,9.2991e-02,8.7246e-02,7.9561e-02,7.0142e-02,5.9216e-02,4.7019e-02,3.3792e-02,1.9780e-02,5.2334e-03,-9.5814e-03,-2.4372e-02,-3.8816e-02,-5.2560e-02,-6.5232e-02,-7.6458e-02,-8.5885e-02,-9.3210e-02,-9.8195e-02,-1.0069e-01,-1.0064e-01,-9.8077e-02,-9.3138e-02,-8.6033e-02,-7.7042e-02,-6.6499e-02,-5.4769e-02,-4.2232e-02,-2.9265e-02,-1.6224e-02,-3.4342e-03
2.4006e-03,-1.0245e-02,-2.2575e-02,-3.4469e-02,-4.5745e-02,-5.6087e-02,-6.4993e-02,-7.1806e-02,-7.5838e-02,-7.6557e-02,-7.3723e-02,-6.7438e-02,-5.8095e-02,-4.6266e-02,-3.2591e-02,-1.7704e-02,-2.1846e-03,1.3450e-02,2.8753e-02,4.3335e-02,5.6861e-02,6.9041e-02,7.9628e-02,8.8407e-02,9.5201e-02,9.9871e-02,1.0231e-01,1.0246e-01,1.0029e-01,9.5845e-02,8.9196e-02,8.0478e-02,6.9877e-02,5.7631e-02,4.4023e-02,2.9372e-02,1.4029e-02,-1.6424e-03,-1.7271e-02,-3.2491e-02,-4.6948e-02,-6.0314e-02,-7.2283e-02,-8.2584e-02,-9.0982e-02,-9.7287e-02,-1.0135e-01,-1.0309e-01,-1.0247e-01,-9.9497e-02,-9.4256e-02,-8.6870e-02,-7.7514e-02,-6.6404e-02,-5.3795e-02,-3.9970e-02,-2.5238e-02,-9.9307e-03,5.6077e-03,2.1023e-02,3.5958e-02,5.0060e-02,6.2990e-02,7.4430e-02,8.4095e-02,9.1743e-02,9.7184e-02,1.0029e-01,1.0100e-01,9.9319e-02,9.5327e-02,8.9160e-02,8.1007e-02,7.1096e-02,5.9680e-02,4.7023e-02,3.3391e-02,1.9047e-02,4.2523e-03,-1.0727e-02,-2.5613e-02,-4.0104e-02,-5.3876e-02,-6.6577e-02,-7.7852e-02,-8.7353e-02,-9.4772e-02,-9.9859e-02,-1.0245e-01,-1.0245e-01,-9.9910e-02,-9.4926e-02,-8.7707e-02,-7.8526e-02,-6.7714e-02,-5.5640e-02,-4.2689e-02,-2.9245e-02,-1.5677e-02,-2.3226e-03
1.1595e-03,-9.5683e-03,-1.9968e-02,-2.9964e-02,-3.9479e-02,-4.8377e-02,-5.6384e-02,-6.3031e-02,-6.7683e-02,-6.9673e-02,-6.8484e-02,-6.3899e-02,-5.6052e-02,-4.5374e-02,-3.2477e-02,-1.8043e-02,-2.7352e-03,1.2846e-02,2.8180e-02,4.2826e-02,5.6414e-02,6.8638e-02,7.9240e-02,8.8008e-02,9.4769e-02,9.9387e-02,1.0177e-01,1.0185e-01,9.9628e-02,9.5136e-02,8.8460e-02,7.9738e-02,6.9161e-02,5.6968e-02,4.3442e-02,2.8901e-02,1.3689e-02,-1.8373e-03,-1.7317e-02,-3.2394e-02,-4.6728e-02,-5.9998e-02,-7.1906e-02,-8.2184e-02,-9.0596e-02,-9.6946e-02,-1.0108e-01,-1.0291e-01,-1.0236e-01,-9.9467e-02,-9.4278e-02,-8.6914e-02,-7.7544e-02,-6.6383e-02,-5.3683e-02,-3.9733e-02,-2.4851e-02,-9.3767e-03,6.3336e-03,2.1913e-02,3.6992e-02,5.1207e-02,6.4212e-02,7.5683e-02,8.5333e-02,9.2922e-02,9.8263e-02,1.0123e-01,1.0177e-01,9.9902e-02,9.5697e-02,8.9301e-02,8.0910e-02,7.0760e-02,5.9114e-02,4.6252e-02,3.2458e-02,1.8017e-02,3.2058e-03,-1.1699e-02,-2.6421e-02,-4.0672e-02,-5.4155e-02,-6.6552e-02,-7.7545e-02,-8.6815e-02,-9.4076e-02,-9.9085e-02,-1.0167e-01,-1.0174e-01,-9.9303e-02,-9.4444e-02,-8.7344e-02,-7.8257e-02,-6.7491e-02,-5.5399e-02,-4.2355e-02,-2.8737e-02,-1.4910e-02,-1.2163e-03
-2.4602e-04,-8.9301e-03,-1.7288e-02,-2.5255e-02,-3.2800e-02,-3.9894e-02,-4.6446e-02,-5.2225e-02,-5.6793e-02,-5.9540e-02,-5.9813e-02,-5.7112e-02,-5.1241e-02,-4.2362e-02,-3.0938e-02,-1.7615e-02,-3.0991e-03,1.1931e-02,2.6873e-02,4.1222e-02,5.4565e-02,6.6566e-02,7.6959e-02,8.5532e-02,9.2116e-02,9.6585e-02,9.8853e-02,9.8873e-02,9.6642e-02,9.2203e-02,8.5646e-02,7.7114e-02,6.6796e-02,5.4929e-02,4.1791e-02,2.7689e-02,1.2954e-02,-2.0712e-03,-1.7045e-02,-3.1633e-02,-4.5512e-02,-5.8377e-02,-6.9947e-02,-7.9961e-02,-8.8188e-02,-9.4432e-02,-9.8536e-02,-1.0039e-01,-9.9933e-02,-9.7162e-02,-9.2130e-02,-8.4943e-02,-7.5762e-02,-6.4793e-02,-5.2288e-02,-3.8532e-02,-2.3844e-02,-8.5665e-03,6.9418e-03,2.2310e-02,3.7167e-02,5.1149e-02,6.3910e-02,7.5132e-02,8.4536e-02,9.1891e-02,9.7019e-02,9.9807e-02,1.0021e-01,9.8240e-02,9.3984e-02,8.7580e-02,7.9218e-02,6.9128e-02,5.7568e-02,4.4819e-02,3.1170e-02,1.6915e-02,2.3466e-03,-1.2244e-02,-2.6571e-02,-4.0351e-02,-5.3301e-02,-6.5138e-02,-7.5584e-02,-8.4369e-02,-9.1246e-02,-9.6002e-02,-9.8480e-02,-9.8588e-02,-9.6312e-02,-9.1719e-02,-8.4954e-02,-7.6230e-02,-6.5822e-02,-5.4046e-02,-4.1246e-02,-2.7776e-02,-1.3985e-02,-2.0935e-04
-1.6031e-03,-8.1325e-03,-1.4367e-02,-2.0248e-02,-2.5757e-02,-3.0904e-02,-3.5708e-02,-4.0125e-02,-4.3960e-02,-4.6806e-02,-4.8068e-02,-4.7107e-02,-4.3433e-02,-3.6865e-02,-2.7584e-02,-1.6078e-02,-3.0127e-03,1.0896e-02,2.4972e-02,3.8634e-02,5.1408e-02,6.2922e-02,7.2888e-02,8.1090e-02,8.7364e-02,9.1595e-02,9.3706e-02,9.3664e-02,9.1473e-02,8.7182e-02,8.0887e-02,7.2729e-02,6.2895e-02,5.1614e-02,3.9153e-02,2.5802e-02,1.1874e-02,-2.3153e-03,-1.6448e-02,-3.0217e-02,-4.3325e-02,-5.5493e-02,-6.6457e-02,-7.5973e-02,-8.3820e-02,-8.9806e-02,-9.3770e-02,-9.5597e-02,-9.5220e-02,-9.2622e-02,-8.7846e-02,-8.0986e-02,-7.2193e-02,-6.1664e-02,-4.9641e-02,-3.6403e-02,-2.2262e-02,-7.5530e-03,7.3698e-03,2.2144e-02,3.6406e-02,4.9803e-02,6.2000e-02,7.2696e-02,8.1625e-02,8.8574e-02,9.3382e-02,9.5949e-02,9.6237e-02,9.4268e-02,9.0123e-02,8.3933e-02,7.5874e-02,6.6159e-02,5.5028e-02,4.2745e-02,2.9590e-02,1.5852e-02,1.8299e-03,-1.2178e-02,-2.5875e-02,-3.8973e-02,-5.1197e-02,-6.2285e-02,-7.1998e-02,-8.0114e-02,-8.6435e-02,-9.0795e-02,-9.3067e-02,-9.3173e-02,-9.1093e-02,-8.6872e-02,-8.0618e-02,-7.2498e-02,-6.2736e-02,-5.1596e-02,-3.9374e-02,-2.6382e-02,-1.2940e-02,6.4138e-04
-2.7561e-03,-7.0355e-03,-1.1082e-02,-1.4852e-02,-1.8326e-02,-2.1525e-02,-2.4504e-02,-2.7326e-02,-2.9985e-02,-3.2319e-02,-3.3943e-02,-3.4273e-02,-3.2675e-02,-2.8660e-02,-2.2051e-02,-1.3041e-02,-2.1260e-03,1.0021e-02,2.2691e-02,3.5229e-02,4.7088e-02,5.7841e-02,6.7166e-02,7.4831e-02,8.0674e-02,8.4587e-02,8.6505e-02,8.6404e-02,8.4301e-02,8.0252e-02,7.4352e-02,6.6743e-02,5.7605e-02,4.7154e-02,3.5638e-02,2.3328e-02,1.0508e-02,-2.5357e-03,-1.5518e-02,-2.8165e-02,-4.0212e-02,-5.1409e-02,-6.1518e-02,-7.0317e-02,-7.7597e-02,-8.3175e-02,-8.6894e-02,-8.8637e-02,-8.8328e-02,-8.5944e-02,-8.1515e-02,-7.5127e-02,-6.6916e-02,-5.7067e-02,-4.5811e-02,-3.3412e-02,-2.0168e-02,-6.3985e-03,7.5594e-03,2.1361e-02,3.4663e-02,4.7133e-02,5.8459e-02,6.8362e-02,7.6602e-02,8.2985e-02,8.7373e-02,8.9681e-02,8.9883e-02,8.8003e-02,8.4119e-02,7.8350e-02,7.0852e-02,6.1813e-02,5.1447e-02,3.9987e-02,2.7689e-02,1.4826e-02,1.6845e-03,-1.1438e-02,-2.4244e-02,-3.6442e-02,-4.7760e-02,-5.7952e-02,-6.6803e-02,-7.4133e-02,-7.9792e-02,-8.3664e-02,-8.5663e-02,-8.5738e-02,-8.3873e-02,-8.0100e-02,-7.4493e-02,-6.7173e-02,-5.8303e-02,-4.8087e-02,-3.6755e-02,-2.4564e-02,-1.1782e-02,1.3128e-03
-3.6053e-03,-5.5642e-03,-7.3766e-03,-9.0221e-03,-1.0492e-02,-1.1805e-02,-1.3019e-02,-1.4226e-02,-1.5526e-02,-1.6944e-02,-1.8343e-02,-1.9349e-02,-1.9383e-02,-1.7803e-02,-1.4111e-02,-8.1235e-03,-3.0667e-05,9.6738e-03,2.0328e-02,3.1243e-02,4.1800e-02,5.1499e-02,5.9964e-02,6.6935e-02,7.2236e-02,7.5762e-02,7.7457e-02,7.7309e-02,7.5344e-02,7.1624e-02,6.6247e-02,5.9348e-02,5.1099e-02,4.1699e-02,3.1374e-02,2.0366e-02,8.9265e-03,-2.6943e-03,-1.4250e-02,-2.5503e-02,-3.6229e-02,-4.6211e-02,-5.5241e-02,-6.3120e-02,-6.9662e-02,-7.4694e-02,-7.8068e-02,-7.9667e-02,-7.9414e-02,-7.7279e-02,-7.3283e-02,-6.7501e-02,-6.0057e-02,-5.1121e-02,-4.0904e-02,-2.9654e-02,-1.7643e-02,-5.1678e-03,7.4629e-03,1.9934e-02,3.1931e-02,4.3155e-02,5.3326e-02,6.2194e-02,6.9549e-02,7.5225e-02,7.9105e-02,8.1123e-02,8.1261e-02,7.9549e-02,7.6056e-02,7.0888e-02,6.4178e-02,5.6083e-02,4.6783e-02,3.6476e-02,2.5384e-02,1.3748e-02,1.8317e-03,-1.0085e-02,-2.1714e-02,-3.2772e-02,-4.2994e-02,-5.2147e-02,-6.0035e-02,-6.6508e-02,-7.1456e-02,-7.4804e-02,-7.6507e-02,-7.6544e-02,-7.4916e-02,-7.1649e-02,-6.6792e-02,-6.0422e-02,-5.2644e-02,-4.3592e-02,-3.3425e-02,-2.2329e-02,-1.0511e-02,1.8055e-03
-4.1011e-03,-3.7027e-03,-3.2595e-03,-2.7851e-03,-2.2915e-03,-1.8026e-03,-1.3667e-03,-1.0716e-03,-1.0388e-03,-1.3929e-03,-2.1821e-03,-3.2823e-03,-4.3247e-03,-4.7218e-03,-3.8137e-03,-1.0815e-03,3.6764e-03,1.0288e-02,1.8275e-02,2.6999e-02,3.5803e-02,4.4114e-02,5.1485e-02,5.7600e-02,6.2256e-02,6.5338e-02,6.6791e-02,6.6614e-02,6.4839e-02,6.1533e-02,5.6796e-02,5.0758e-02,4.3573e-02,3.5422e-02,2.6504e-02,1.7026e-02,7.2041e-03,-2.7537e-03,-1.2644e-02,-2.2272e-02,-3.1452e-02,-4.0006e-02,-4.7760e-02,-5.4544e-02,-6.0195e-02,-6.4557e-02,-6.7495e-02,-6.8896e-02,-6.8686e-02,-6.6832e-02,-6.3347e-02,-5.8296e-02,-5.1789e-02,-4.3980e-02,-3.5058e-02,-2.5242e-02,-1.4776e-02,-3.9217e-03,7.0505e-03,1.7865e-02,2.8249e-02,3.7943e-02,4.6707e-02,5.4328e-02,6.0631e-02,6.5478e-02,6.8776e-02,7.0477e-02,7.0572e-02,6.9091e-02,6.6097e-02,6.1677e-02,5.5940e-02,4.9011e-02,4.1032e-02,3.2162e-02,2.2581e-02,1.2493e-02,2.1270e-03,-8.2675e-03,-1.8428e-02,-2.8091e-02,-3.7009e-02,-4.4967e-02,-5.1789e-02,-5.7349e-02,-6.1563e-02,-6.4388e-02,-6.5811e-02,-6.5837e-02,-6.4484e-02,-6.1778e-02,-5.7751e-02,-5.2445e-02,-4.5910e-02,-3.8214e-02,-2.9441e-02,-1.9699e-02,-9.1205e-03,2.1334e-03
-4.2366e-03,-1.4860e-03,1.1999e-03,3.7675e-03,6.1730e-03,8.3780e-03,1.0335e-02,1.1973e-02,1.3188e-02,1.3839e-02,1.3788e-02,1.2975e-02,1.1520e-02,9.7979e-03,8.4120e-03,8.0511e-03,9.2677e-03,1.2296e-02,1.6993e-02,2.2910e-02,2.9439e-02,3.5965e-02,4.1964e-02,4.7046e-02,5.0954e-02,5.3541e-02,5.4746e-02,5.4565e-02,5.3036e-02,5.0229e-02,4.6243e-02,4.1197e-02,3.5232e-02,2.8503e-02,2.1176e-02,1.3423e-02,5.4151e-03,-2.6814e-03,-1.0709e-02,-1.8520e-02,-2.5970e-02,-3.2921e-02,-3.9237e-02,-4.4778e-02,-4.9409e-02,-5.2995e-02,-5.5417e-02,-5.6574e-02,-5.6396e-02,-5.4850e-02,-5.1946e-02,-4.7739e-02,-4.2323e-02,-3.5833e-02,-2.8431e-02,-2.0304e-02,-1.1658e-02,-2.7094e-03,6.3170e-03,1.5195e-02,2.3702e-02,3.1625e-02,3.8772e-02,4.4971e-02,5.0082e-02,5.4001e-02,5.6657e-02,5.8019e-02,5.8085e-02,5.6885e-02,5.4471e-02,5.0912e-02,4.6290e-02,4.0698e-02,3.4240e-02,2.7034e-02,1.9215e-02,1.0945e-02,2.4112e-03,-6.1774e-03,-1.4594e-02,-2.2611e-02,-3.0010e-02,-3.6604e-02,-4.2243e-02,-4.6822e-02,-5.0280e-02,-5.2596e-02,-5.3774e-02,-5.3837e-02,-5.2814e-02,-5.0731e-02,-4.7606e-02,-4.3452e-02,-3.8275e-02,-3.2080e-02,-2.4882e-02,-1.6709e-02,-7.6159e-03,2.3111e-03
-4.0409e-03,1.0090e-03,5.8853e-03,1.0489e-02,1.4739e-02,1.8571e-02,2.1929e-02,2.4752e-02,2.6961e-02,2.8443e-02,2.9053e-02,2.8652e-02,2.7179e-02,2.4757e-02,2.1773e-02,1.8857e-02,1.6736e-02,1.6009e-02,1.6956e-02,1.9473e-02,2.3147e-02,2.7412e-02,3.1695e-02,3.5523e-02,3.8561e-02,4.0605e-02,4.1561e-02,4.1411e-02,4.0190e-02,3.7967e-02,3.4835e-02,3.0903e-02,2.6290e-02,2.1125e-02,1.5541e-02,9.6676e-03,3.6308e-03,-2.4495e-03,-8.4643e-03,-1.4309e-02,-1.9888e-02,-2.5102e-02,-2.9852e-02,-3.4034e-02,-3.7542e-02,-4.0268e-02,-4.2112e-02,-4.2986e-02,-4.2832e-02,-4.1620e-02,-3.9357e-02,-3.6088e-02,-3.1895e-02,-2.6887e-02,-2.1196e-02,-1.4971e-02,-8.3709e-03,-1.5624e-03,5.2849e-03,1.2001e-02,1.8420e-02,2.4383e-02,2.9747e-02,3.4387e-02,3.8200e-02,4.1113e-02,4.3080e-02,4.4083e-02,4.4128e-02,4.3242e-02,4.1463e-02,3.8844e-02,3.5438e-02,3.1306e-02,2.6514e-02,2.1137e-02,1.5269e-02,9.0261e-03,2.5478e-03,-4.0006e-03,-1.0440e-02,-1.6585e-02,-2.2263e-02,-2.7323e-02,-3.1649e-02,-3.5162e-02,-3.7825e-02,-3.9630e-02,-4.0594e-02,-4.0745e-02,-4.0112e-02,-3.8716e-02,-3.6563e-02,-3.3637e-02,-2.9905e-02,-2.5324e-02,-1.9841e-02,-1.3412e-02,-6.0144e-03,2.3444e-03
-3.5723e-03,3.6746e-03,1.0644e-02,1.7192e-02,2.3196e-02,2.8560e-02,3.3207e-02,3.7075e-02,4.0105e-02,4.2219e-02,4.3310e-02,4.3242e-02,4.1882e-02,3.9178e-02,3.5263e-02,3.0543e-02,2.5681e-02,2.1453e-02,1.8515e-02,1.7203e-02,1.7462e-02,1.8922e-02,2.1056e-02,2.3336e-02,2.5335e-02,2.6765e-02,2.7469e-02,2.7391e-02,2.6547e-02,2.4995e-02,2.2815e-02,2.0103e-02,1.6955e-02,1.3470e-02,9.7446e-03,5.8655e-03,1.9130e-03,-2.0421e-03,-5.9374e-03,-9.7162e-03,-1.3325e-02,-1.6708e-02,-1.9804e-02,-2.2546e-02,-2.4859e-02,-2.6663e-02,-2.7881e-02,-2.8447e-02,-2.8312e-02,-2.7455e-02,-2.5881e-02,-2.3630e-02,-2.0763e-02,-1.7365e-02,-1.3533e-02,-9.3706e-03,-4.9872e-03,-4.9235e-04,4.0051e-03,8.3964e-03,1.2576e-02,1.6443e-02,1.9906e-02,2.2888e-02,2.5326e-02,2.7177e-02,2.8418e-02,2.9045e-02,2.9069e-02,2.8512e-02,2.7402e-02,2.5768e-02,2.3640e-02,2.1044e-02,1.8010e-02,1.4574e-02,1.0784e-02,6.7121e-03,2.4505e-03,-1.8864e-03,-6.1693e-03,-1.0266e-02,-1.4053e-02,-1.7427e-02,-2.0313e-02,-2.2667e-02,-2.4474e-02,-2.5743e-02,-2.6498e-02,-2.6766e-02,-2.6571e-02,-2.5919e-02,-2.4796e-02,-2.3162e-02,-2.0949e-02,-1.8068e-02,-1.4411e-02,-9.8687e-03,-4.3444e-03,2.2305e-03
-2.9099e-03,6.3797e-03,1.5300e-02,2.3662e-02,3.1304e-02,3.8091e-02,4.3921e-02,4.8717e-02,5.2427e-02,5.5001e-02,5.6377e-02,5.6466e-02,5.5151e-02,5.2314e-02,4.7918e-02,4.2111e-02,3.5322e-02,2.8253e-02,2.1739e-02,1.6502e-02,1.2944e-02,1.1066e-02,1.0540e-02,1.0878e-02,1.1589e-02,1.2283e-02,1.2707e-02,1.2737e-02,1.2340e-02,1.1545e-02,1.0412e-02,9.0140e-03,7.4232e-03,5.7066e-03,3.9206e-03,2.1108e-03,3.1117e-04,-1.4548e-03,-3.1713e-03,-4.8278e-03,-6.4138e-03,-7.9146e-03,-9.3084e-03,-1.0563e-02,-1.1637e-02,-1.2482e-02,-1.3047e-02,-1.3288e-02,-1.3173e-02,-1.2689e-02,-1.1843e-02,-1.0663e-02,-9.1958e-03,-7.4947e-03,-5.6186e-03,-3.6248e-03,-1.5661e-03,5.0768e-04,2.5509e-03,4.5189e-03,6.3688e-03,8.0587e-03,9.5513e-03,1.0816e-02,1.1830e-02,1.2582e-02,1.3071e-02,1.3306e-02,1.3300e-02,1.3074e-02,1.2640e-02,1.2009e-02,1.1184e-02,1.0161e-02,8.9318e-03,7.4932e-03,5.8534e-03,4.0360e-03,2.0867e-03,6.8933e-05,-1.9429e-03,-3.8709e-03,-5.6470e-03,-7.2202e-03,-8.5615e-03,-9.6664e-03,-1.0549e-02,-1.1235e-02,-1.1758e-02,-1.2141e-02,-1.2398e-02,-1.2517e-02,-1.2463e-02,-1.2167e-02,-1.1527e-02,-1.0413e-02,-8.6700e-03,-6.1309e-03,-2.6324e-03,1.9663e-03
-2.1457e-03,8.9846e-03,1.9668e-02,2.9678e-02,3.8810e-02,4.6895e-02,5.3798e-02,5.9421e-02,6.3704e-02,6.6610e-02,6.8115e-02,6.8183e-02,6.6752e-02,6.3732e-02,5.9029e-02,5.2621e-02,4.4676e-02,3.5648e-02,2.6286e-02,1.7487e-02,1.0055e-02,4.4599e-03,7.6094e-04,-1.3286e-03,-2.2685e-03,-2.5248e-03,-2.4650e-03,-2.3235e-03,-2.2155e-03,-2.1703e-03,-2.1676e-03,-2.1675e-03,-2.1282e-03,-2.0170e-03,-1.8153e-03,-1.5197e-03,-1.1401e-03,-6.9810e-04,-2.2228e-04,2.5430e-04,7.0068e-04,1.0918e-03,1.4118e-03,1.6563e-03,1.8332e-03,1.9587e-03,2.0544e-03,2.1410e-03,2.2322e-03,2.3312e-03,2.4281e-03,2.5043e-03,2.5347e-03,2.4959e-03,2.3707e-03,2.1521e-03,1.8435e-03,1.4570e-03,1.0102e-03,5.2291e-04,1.3769e-05,-4.9971e-04,-1.0016e-03,-1.4758e-03,-1.9051e-03,-2.2707e-03,-2.5512e-03,-2.7251e-03,-2.7738e-03,-2.6838e-03,-2.4525e-03,-2.0884e-03,-1.6153e-03,-1.0676e-03,-4.8697e-04,8.4177e-05,6.1253e-04,1.0774e-03,1.4761e-03,1.8203e-03,2.1307e-03,2.4281e-03,2.7246e-03,3.0175e-03,3.2867e-03,3.4969e-03,3.6016e-03,3.5535e-03,3.3111e-03,2.8488e-03,2.1640e-03,1.2834e-03,2.6748e-04,-7.8645e-04,-1.7457e-03,-2.4410e-03,-2.6755e-03,-2.2319e-03,-8.8789e-04,1.5636e-03
-1.3746e-03,1.1349e-02,2.3567e-02,3.5019e-02,4.5467e-02,5.4703e-02,6.2560e-02,6.8916e-02,7.3691e-02,7.6848e-02,7.8381e-02,7.8299e-02,7.6601e-02,7.3263e-02,6.8224e-02,6.1418e-02,5.2843e-02,4.2684e-02,3.1424e-02,1.9862e-02,8.9695e-03,-3.6715e-04,-7.6004e-03,-1.2620e-02,-1.5683e-02,-1.7232e-02,-1.7728e-02,-1.7541e-02,-1.6909e-02,-1.5960e-02,-1.4745e-02,-1.3276e-02,-1.1552e-02,-9.5768e-03,-7.3708e-03,-4.9700e-03,-2.4248e-03,2.0194e-04,2.8401e-03,5.4174e-03,7.8642e-03,1.0117e-02,1.2125e-02,1.3847e-02,1.5257e-02,1.6339e-02,1.7085e-02,1.7490e-02,1.7550e-02,1.7255e-02,1.6597e-02,1.5565e-02,1.4157e-02,1.2382e-02,1.0266e-02,7.8516e-03,5.1990e-03,2.3803e-03,-5.2486e-04,-3.4363e-03,-6.2741e-03,-8.9647e-03,-1.1440e-02,-1.3638e-02,-1.5503e-02,-1.6986e-02,-1.8042e-02,-1.8638e-02,-1.8750e-02,-1.8368e-02,-1.7500e-02,-1.6174e-02,-1.4435e-02,-1.2349e-02,-9.9911e-03,-7.4406e-03,-4.7719e-03,-2.0493e-03,6.7623e-04,3.3661e-03,5.9870e-03,8.5040e-03,1.0874e-02,1.3043e-02,1.4943e-02,1.6498e-02,1.7629e-02,1.8269e-02,1.8361e-02,1.7879e-02,1.6824e-02,1.5236e-02,1.3195e-02,1.0822e-02,8.2795e-03,5.7695e-03,3.5273e-03,1.8145e-03,9.0376e-04,1.0627e-03
-6.8271e-04,1.3347e-02,2.6833e-02,3.9490e-02,5.1047e-02,6.1266e-02,6.9948e-02,7.6940e-02,8.2140e-02,8.5499e-02,8.7014e-02,8.6717e-02,8.4659e-02,8.0884e-02,7.5406e-02,6.8201e-02,5.9228e-02,4.8505e-02,3.6234e-02,2.2929e-02,9.4425e-03,-3.1714e-03,-1.3941e-02,-2.2247e-02,-2.7936e-02,-3.1250e-02,-3.2643e-02,-3.2596e-02,-3.1504e-02,-2.9638e-02,-2.7164e-02,-2.4175e-02,-2.0730e-02,-1.6878e-02,-1.2680e-02,-8.2067e-03,-3.5460e-03,1.2029e-03,5.9345e-03,1.0540e-02,1.4915e-02,1.8963e-02,2.2596e-02,2.5741e-02,2.8338e-02,3.0339e-02,3.1706e-02,3.2410e-02,3.2427e-02,3.1738e-02,3.0334e-02,2.8216e-02,2.5406e-02,2.1945e-02,1.7902e-02,1.3369e-02,8.4585e-03,3.2997e-03,-1.9705e-03,-7.2137e-03,-1.2295e-02,-1.7086e-02,-2.1470e-02,-2.5341e-02,-2.8607e-02,-3.1186e-02,-3.3013e-02,-3.4040e-02,-3.4237e-02,-3.3596e-02,-3.2134e-02,-2.9895e-02,-2.6949e-02,-2.3387e-02,-1.9318e-02,-1.4857e-02,-1.0119e-02,-5.2116e-03,-2.3167e-04,4.7319e-03,9.5935e-03,1.4266e-02,1.8654e-02,2.2653e-02,2.6152e-02,2.9038e-02,3.1205e-02,3.2560e-02,3.3037e-02,3.2601e-02,3.1255e-02,2.9046e-02,2.6067e-02,2.2456e-02,1.8397e-02,1.4119e-02,9.8869e-03,6.0004e-03,2.7768e-03,5.3704e-04
-1.3986e-04,1.4876e-02,2.9333e-02,4.2926e-02,5.5360e-02,6.6371e-02,7.5730e-02,8.3255e-02,8.8818e-02,9.2349e-02,9.3837e-02,9.3323e-02,9.0885e-02,8.6622e-02,8.0626e-02,7.2953e-02,6.3612e-02,5.2587e-02,3.9913e-02,2.5808e-02,1.0819e-02,-4.1426e-03,-1.7941e-02,-2.9521e-02,-3.8200e-02,-4.3804e-02,-4.6586e-02,-4.7038e-02,-4.5691e-02,-4.2993e-02,-3.9273e-02,-3.4751e-02,-2.9575e-02,-2.3858e-02,-1.7703e-02,-1.1219e-02,-4.5251e-03,2.2493e-03,8.9684e-03,1.5494e-02,2.1690e-02,2.7429e-02,3.2593e-02,3.7076e-02,4.0787e-02,4.3646e-02,4.5590e-02,4.6562e-02,4.6523e-02,4.5446e-02,4.3323e-02,4.0169e-02,3.6029e-02,3.0977e-02,2.5122e-02,1.8600e-02,1.1576e-02,4.2275e-03,-3.2563e-03,-1.0685e-02,-1.7872e-02,-2.4641e-02,-3.0829e-02,-3.6288e-02,-4.0890e-02,-4.4524e-02,-4.7102e-02,-4.8561e-02,-4.8863e-02,-4.8000e-02,-4.5998e-02,-4.2913e-02,-3.8838e-02,-3.3890e-02,-2.8208e-02,-2.1943e-02,-1.5248e-02,-8.2726e-03,-1.1594e-03,5.9549e-03,1.2936e-02,1.9645e-02,2.5940e-02,3.1672e-02,3.6692e-02,4.0854e-02,4.4027e-02,4.6098e-02,4.6990e-02,4.6660e-02,4.5109e-02,4.2386e-02,3.8588e-02,3.3862e-02,2.8405e-02,2.2460e-02,1.6317e-02,1.0302e-02,4.7677e-03,7.8917e-05
2.0784e-04,1.5867e-02,3.0974e-02,4.5209e-02,5.8265e-02,6.9854e-02,7.9723e-02,8.7665e-02,9.3524e-02,9.7206e-02,9.8682e-02,9.7988e-02,9.5214e-02,9.0493e-02,8.3974e-02,7.5797e-02,6.6058e-02,5.4795e-02,4.2014e-02,2.7758e-02,1.2263e-02,-3.8912e-03,-1.9733e-02,-3.4048e-02,-4.5709e-02,-5.3993e-02,-5.8729e-02,-6.0216e-02,-5.9013e-02,-5.5728e-02,-5.0888e-02,-4.4890e-02,-3.8018e-02,-3.0475e-02,-2.2425e-02,-1.4018e-02,-5.4001e-03,3.2732e-03,1.1843e-02,2.0147e-02,2.8024e-02,3.5321e-02,4.1890e-02,4.7599e-02,5.2325e-02,5.5964e-02,5.8421e-02,5.9624e-02,5.9516e-02,5.8065e-02,5.5268e-02,5.1154e-02,4.5789e-02,3.9281e-02,3.1773e-02,2.3444e-02,1.4499e-02,5.1615e-03,-4.3347e-03,-1.3753e-02,-2.2863e-02,-3.1444e-02,-3.9292e-02,-4.6220e-02,-5.2066e-02,-5.6690e-02,-5.9983e-02,-6.1864e-02,-6.2286e-02,-6.1240e-02,-5.8758e-02,-5.4909e-02,-4.9802e-02,-4.3582e-02,-3.6416e-02,-2.8488e-02,-1.9987e-02,-1.1104e-02,-2.0238e-03,7.0719e-03,1.6001e-02,2.4583e-02,3.2628e-02,3.9952e-02,4.6371e-02,5.1713e-02,5.5825e-02,5.8582e-02,5.9896e-02,5.9716e-02,5.8040e-02,5.4913e-02,5.0432e-02,4.4744e-02,3.8049e-02,3.0596e-02,2.2684e-02,1.4654e-02,6.8852e-03,-2.2398e-04
3.4387e-04,1.6289e-02,3.1707e-02,4.6274e-02,5.9675e-02,7.1608e-02,8.1803e-02,9.0028e-02,9.6104e-02,9.9911e-02,1.0140e-01,1.0059e-01,9.7566e-02,9.2483e-02,8.5524e-02,7.6889e-02,6.6761e-02,5.5270e-02,4.2478e-02,2.8398e-02,1.3085e-02,-3.2147e-03,-1.9890e-02,-3.5912e-02,-5.0002e-02,-6.0979e-02,-6.8109e-02,-7.1259e-02,-7.0801e-02,-6.7390e-02,-6.1733e-02,-5.4440e-02,-4.5982e-02,-3.6702e-02,-2.6850e-02,-1.6630e-02,-6.2214e-03,4.1998e-03,1.4457e-02,2.4370e-02,3.3760e-02,4.2451e-02,5.0275e-02,5.7072e-02,6.2694e-02,6.7012e-02,6.9912e-02,7.1300e-02,7.1111e-02,6.9310e-02,6.5899e-02,6.0923e-02,5.4470e-02,4.6675e-02,3.7714e-02,2.7798e-02,1.7168e-02,6.0844e-03,-5.1804e-03,-1.6352e-02,-2.7162e-02,-3.7351e-02,-4.6678e-02,-5.4924e-02,-6.1892e-02,-6.7419e-02,-7.1370e-02,-7.3649e-02,-7.4199e-02,-7.3008e-02,-7.0111e-02,-6.5589e-02,-5.9568e-02,-5.2214e-02,-4.3721e-02,-3.4305e-02,-2.4188e-02,-1.3597e-02,-2.7577e-03,8.1073e-03,1.8774e-02,2.9019e-02,3.8619e-02,4.7353e-02,5.5013e-02,6.1405e-02,6.6362e-02,6.9746e-02,7.1463e-02,7.1456e-02,6.9719e-02,6.6293e-02,6.1268e-02,5.4787e-02,4.7043e-02,3.8281e-02,2.8798e-02,1.8940e-02,9.0946e-03,-3.1710e-04
2.7958e-04,1.6150e-02,3.1533e-02,4.6111e-02,5.9567e-02,7.1594e-02,8.1909e-02,9.0265e-02,9.6461e-02,1.0036e-01,1.0187e-01,1.0102e-01,9.7864e-02,9.2561e-02,8.5312e-02,7.6356e-02,6.5938e-02,5.4275e-02,4.1519e-02,2.7742e-02,1.2961e-02,-2.7690e-03,-1.9192e-02,-3.5671e-02,-5.1135e-02,-6.4258e-02,-7.3836e-02,-7.9159e-02,-8.0157e-02,-7.7304e-02,-7.1364e-02,-6.3146e-02,-5.3345e-02,-4.2495e-02,-3.0982e-02,-1.9090e-02,-7.0458e-03,4.9511e-03,1.6710e-02,2.8041e-02,3.8751e-02,4.8651e-02,5.7553e-02,6.5278e-02,7.1658e-02,7.6543e-02,7.9801e-02,8.1326e-02,8.1047e-02,7.8928e-02,7.4980e-02,6.9263e-02,6.1883e-02,5.2999e-02,4.2813e-02,3.1562e-02,1.9516e-02,6.9647e-03,-5.7904e-03,-1.8444e-02,-3.0695e-02,-4.2255e-02,-5.2850e-02,-6.2231e-02,-7.0174e-02,-7.6490e-02,-8.1023e-02,-8.3662e-02,-8.4338e-02,-8.3036e-02,-7.9793e-02,-7.4700e-02,-6.7897e-02,-5.9569e-02,-4.9936e-02,-3.9238e-02,-2.7728e-02,-1.5667e-02,-3.3143e-03,9.0686e-03,2.1223e-02,3.2889e-02,4.3812e-02,5.3747e-02,6.2461e-02,6.9747e-02,7.5426e-02,7.9356e-02,8.1434e-02,8.1604e-02,7.9854e-02,7.6220e-02,7.0784e-02,6.3679e-02,5.5089e-02,4.5245e-02,3.4434e-02,2.2993e-02,1.1308e-02,-1.9586e-04
5.1141e-05,1.5491e-02,3.0497e-02,4.4761e-02,5.7974e-02,6.9832e-02,8.0048e-02,8.8364e-02,9.4566e-02,9.8491e-02,1.0005e-01,9.9212e-02,9.6049e-02,9.0694e-02,8.3353e-02,7.4282e-02,6.3765e-02,5.2077e-02,3.9454e-02,2.6056e-02,1.1954e-02,-2.8443e-03,-1.8289e-02,-3.4122e-02,-4.9690e-02,-6.3898e-02,-7.5402e-02,-8.3009e-02,-8.6054e-02,-8.4560e-02,-7.9111e-02,-7.0582e-02,-5.9876e-02,-4.7757e-02,-3.4802e-02,-2.1426e-02,-7.9295e-03,5.4516e-03,1.8510e-02,3.1047e-02,4.2866e-02,5.3767e-02,6.3552e-02,7.2028e-02,7.9013e-02,8.4340e-02,8.7866e-02,8.9479e-02,8.9103e-02,8.6709e-02,8.2314e-02,7.5992e-02,6.7866e-02,5.8113e-02,4.6953e-02,3.4644e-02,2.1476e-02,7.7606e-03,-6.1795e-03,-2.0016e-02,-3.3423e-02,-4.6087e-02,-5.7709e-02,-6.8016e-02,-7.6761e-02,-8.3730e-02,-8.8751e-02,-9.1695e-02,-9.2485e-02,-9.1102e-02,-8.7584e-02,-8.2030e-02,-7.4592e-02,-6.5472e-02,-5.4908e-02,-4.3163e-02,-3.0517e-02,-1.7256e-02,-3.6717e-03,9.9459e-03,2.3306e-02,3.6120e-02,4.8110e-02,5.9008e-02,6.8569e-02,7.6572e-02,8.2834e-02,8.7209e-02,8.9592e-02,8.9925e-02,8.8192e-02,8.4426e-02,7.8700e-02,7.1138e-02,6.1907e-02,5.1223e-02,3.9355e-02,2.6622e-02,1.3395e-02,9.1195e-05
-2.8531e-04,1.4384e-02,2.8680e-02,4.2313e-02,5.4986e-02,6.6407e-02,7.6292e-02,8.4381e-02,9.0452e-02,9.4334e-02,9.5914e-02,9.5155e-02,9.2100e-02,8.6869e-02,7.9658e-02,7.0724e-02,6.0364e-02,4.8888e-02,3.6585e-02,2.3690e-02,1.0355e-02,-3.3655e-03,-1.7478e-02,-3.1948e-02,-4.6522e-02,-6.0547e-02,-7.2927e-02,-8.2331e-02,-8.7599e-02,-8.8140e-02,-8.4073e-02,-7.6090e-02,-6.5166e-02,-5.2277e-02,-3.8233e-02,-2.3638e-02,-8.9146e-03,5.6344e-03,1.9773e-02,3.3292e-02,4.5993e-02,5.7674e-02,6.8132e-02,7.7169e-02,8.4592e-02,9.0229e-02,9.3930e-02,9.5581e-02,9.5109e-02,9.2488e-02,8.7747e-02,8.0970e-02,7.2293e-02,6.1904e-02,5.0037e-02,3.6963e-02,2.2985e-02,8.4263e-03,-6.3744e-03,-2.1074e-02,-3.5328e-02,-4.8808e-02,-6.1196e-02,-7.2197e-02,-8.1546e-02,-8.9013e-02,-9.4408e-02,-9.7590e-02,-9.8474e-02,-9.7036e-02,-9.3315e-02,-8.7417e-02,-7.9505e-02,-6.9791e-02,-5.8528e-02,-4.5998e-02,-3.2498e-02,-1.8337e-02,-3.8281e-03,1.0712e-02,2.4970e-02,3.8637e-02,5.1415e-02,6.3022e-02,7.3203e-02,8.1734e-02,8.8426e-02,9.3133e-02,9.5752e-02,9.6221e-02,9.4526e-02,9.0693e-02,8.4789e-02,7.6926e-02,6.7256e-02,5.5979e-02,4.3339e-02,2.9634e-02,1.5209e-02,4.6092e-04
-6.6485e-04,1.2919e-02,2.6193e-02,3.8890e-02,5.0735e-02,6.1451e-02,7.0768e-02,7.8433e-02,8.4225e-02,8.7967e-02,8.9540e-02,8.8890e-02,8.6045e-02,8.1106e-02,7.4252e-02,6.5728e-02,5.5824e-02,4.4856e-02,3.3139e-02,2.0953e-02,8.5138e-03,-4.0519e-03,-1.6714e-02,-2.9501e-02,-4.2397e-02,-5.5165e-02,-6.7171e-02,-7.7342e-02,-8.4382e-02,-8.7192e-02,-8.5257e-02,-7.8790e-02,-6.8576e-02,-5.5664e-02,-4.1081e-02,-2.5662e-02,-1.0011e-02,5.4508e-03,2.0430e-02,3.4695e-02,4.8041e-02,6.0270e-02,7.1183e-02,8.0580e-02,8.8271e-02,9.4081e-02,9.7863e-02,9.9506e-02,9.8941e-02,9.6151e-02,9.1172e-02,8.4098e-02,7.5072e-02,6.4290e-02,5.1992e-02,3.8454e-02,2.3986e-02,8.9165e-03,-6.4082e-03,-2.1636e-02,-3.6417e-02,-5.0407e-02,-6.3279e-02,-7.4724e-02,-8.4465e-02,-9.2257e-02,-9.7899e-02,-1.0124e-01,-1.0219e-01,-1.0072e-01,-9.6870e-02,-9.0754e-02,-8.2537e-02,-7.2442e-02,-6.0730e-02,-4.7694e-02,-3.3644e-02,-1.8903e-02,-3.8023e-03,1.1328e-02,2.6157e-02,4.0362e-02,5.3634e-02,6.5684e-02,7.6252e-02,8.5109e-02,9.2072e-02,9.6992e-02,9.9769e-02,1.0034e-01,9.8697e-02,9.4853e-02,8.8874e-02,8.0860e-02,7.0951e-02,5.9324e-02,4.6205e-02,3.1860e-02,1.6609e-02,8.1670e-04
-1.0176e-03,1.1194e-02,2.3159e-02,3.4639e-02,4.5383e-02,5.5139e-02,6.3654e-02,7.0693e-02,7.6046e-02,7.9539e-02,8.1052e-02,8.0526e-02,7.7972e-02,7.3476e-02,6.7196e-02,5.9351e-02,5.0212e-02,4.0079e-02,2.9264e-02,1.8057e-02,6.7100e-03,-4.5955e-03,-1.5767e-02,-2.6802e-02,-3.7756e-02,-4.8635e-02,-5.9230e-02,-6.8942e-02,-7.6744e-02,-8.1400e-02,-8.1875e-02,-7.7730e-02,-6.9255e-02,-5.7305e-02,-4.2976e-02,-2.7317e-02,-1.1164e-02,4.8867e-03,2.0432e-02,3.5190e-02,4.8939e-02,6.1482e-02,7.2626e-02,8.2183e-02,8.9969e-02,9.5818e-02,9.9590e-02,1.0118e-01,1.0053e-01,9.7635e-02,9.2532e-02,8.5321e-02,7.6152e-02,6.5221e-02,5.2768e-02,3.9071e-02,2.4435e-02,9.1921e-03,-6.3141e-03,-2.1731e-02,-3.6705e-02,-5.0891e-02,-6.3954e-02,-7.5583e-02,-8.5489e-02,-9.3423e-02,-9.9174e-02,-1.0259e-01,-1.0357e-01,-1.0209e-01,-9.8190e-02,-9.1983e-02,-8.3642e-02,-7.3388e-02,-6.1489e-02,-4.8240e-02,-3.3959e-02,-1.8974e-02,-3.6245e-03,1.1749e-02,2.6810e-02,4.1229e-02,5.4692e-02,6.6909e-02,7.7621e-02,8.6603e-02,9.3671e-02,9.8683e-02,1.0154e-01,1.0218e-01,1.0059e-01,9.6793e-02,9.0839e-02,8.2821e-02,7.2866e-02,6.1134e-02,4.7825e-02,3.3182e-02,1.7487e-02,1.0750e-03
-1.2829e-03,9.3070e-03,1.9710e-02,2.9718e-02,3.9113e-02,4.7667e-02,5.5159e-02,6.1376e-02,6.6127e-02,6.9254e-02,7.0643e-02,7.0234e-02,6.8033e-02,6.4108e-02,5.8592e-02,5.1676e-02,4.3598e-02,3.4626e-02,2.5040e-02,1.5118e-02,5.1090e-03,-4.7780e-03,-1.4403e-02,-2.3707e-02,-3.2716e-02,-4.1509e-02,-5.0120e-02,-5.8379e-02,-6.5740e-02,-7.1242e-02,-7.3716e-02,-7.2194e-02,-6.6302e-02,-5.6381e-02,-4.3326e-02,-2.8253e-02,-1.2208e-02,3.9898e-03,1.9766e-02,3.4736e-02,4.8636e-02,6.1257e-02,7.2415e-02,8.1935e-02,8.9649e-02,9.5408e-02,9.9084e-02,1.0059e-01,9.9868e-02,9.6928e-02,9.1815e-02,8.4630e-02,7.5520e-02,6.4681e-02,5.2347e-02,3.8789e-02,2.4308e-02,9.2251e-03,-6.1213e-03,-2.1385e-02,-3.6219e-02,-5.0281e-02,-6.3240e-02,-7.4784e-02,-8.4626e-02,-9.2511e-02,-9.8231e-02,-1.0163e-01,-1.0261e-01,-1.0114e-01,-9.7269e-02,-9.1106e-02,-8.2821e-02,-7.2637e-02,-6.0818e-02,-4.7656e-02,-3.3466e-02,-1.8580e-02,-3.3331e-03,1.1933e-02,2.6881e-02,4.1184e-02,5.4533e-02,6.6641e-02,7.7254e-02,8.6154e-02,9.3163e-02,9.8143e-02,1.0100e-01,1.0168e-01,1.0016e-01,9.6454e-02,9.0625e-02,8.2750e-02,7.2942e-02,6.1345e-02,4.8139e-02,3.3534e-02,1.7785e-02,1.1816e-03
-1.4132e-03,7.3438e-03,1.5968e-02,2.4285e-02,3.2108e-02,3.9248e-02,4.5515e-02,5.0728e-02,5.4724e-02,5.7367e-02,5.8560e-02,5.8251e-02,5.6442e-02,5.3187e-02,4.8597e-02,4.2826e-02,3.6071e-02,2.8553e-02,2.0506e-02,1.2168e-02,3.7626e-03,-4.5090e-03,-1.2487e-02,-2.0067e-02,-2.7220e-02,-3.3996e-02,-4.0497e-02,-4.6791e-02,-5.2758e-02,-5.7919e-02,-6.1392e-02,-6.2080e-02,-5.9074e-02,-5.2041e-02,-4.1350e-02,-2.7902e-02,-1.2806e-02,2.9164e-03,1.8474e-02,3.3322e-02,4.7101e-02,5.9566e-02,7.0528e-02,7.9827e-02,8.7316e-02,9.2866e-02,9.6371e-02,9.7756e-02,9.6986e-02,9.4069e-02,8.9059e-02,8.2055e-02,7.3202e-02,6.2687e-02,5.0738e-02,3.7611e-02,2.3596e-02,9.0009e-03,-5.8504e-03,-2.0625e-02,-3.4989e-02,-4.8612e-02,-6.1172e-02,-7.2366e-02,-8.1913e-02,-8.9563e-02,-9.5112e-02,-9.8404e-02,-9.9349e-02,-9.7919e-02,-9.4157e-02,-8.8170e-02,-8.0126e-02,-7.0240e-02,-5.8765e-02,-4.5987e-02,-3.2213e-02,-1.7764e-02,-2.9677e-03,1.1841e-02,2.6336e-02,4.0199e-02,5.3129e-02,6.4853e-02,7.5127e-02,8.3743e-02,9.0530e-02,9.5359e-02,9.8139e-02,9.8817e-02,9.7377e-02,9.3832e-02,8.8231e-02,8.0646e-02,7.1180e-02,5.9960e-02,4.7142e-02,3.2913e-02,1.7488e-02,1.1229e-03
-1.3798e-03,5.3732e-03,1.2041e-02,1.8483e-02,2.4552e-02,3.0096e-02,3.4963e-02,3.9013e-02,4.2117e-02,4.4170e-02,4.5098e-02,4.4863e-02,4.3468e-02,4.0958e-02,3.7415e-02,3.2960e-02,2.7739e-02,2.1918e-02,1.5673e-02,9.1853e-03,2.6329e-03,-3.8159e-03,-1.0011e-02,-1.5830e-02,-2.1201e-02,-2.6115e-02,-3.0642e-02,-3.4910e-02,-3.9028e-02,-4.2935e-02,-4.6232e-02,-4.8119e-02,-4.7569e-02,-4.3718e-02,-3.6246e-02,-2.5519e-02,-1.2417e-02,1.9863e-03,1.6708e-02,3.0994e-02,4.4335e-02,5.6398e-02,6.6965e-02,7.5877e-02,8.3006e-02,8.8248e-02,9.1520e-02,9.2767e-02,9.1969e-02,8.9142e-02,8.4343e-02,7.7670e-02,6.9261e-02,5.9294e-02,4.7980e-02,3.5564e-02,2.2314e-02,8.5203e-03,-5.5133e-03,-1.9475e-02,-3.3051e-02,-4.5929e-02,-5.7806e-02,-6.8392e-02,-7.7421e-02,-8.4656e-02,-8.9900e-02,-9.3007e-02,-9.3889e-02,-9.2523e-02,-8.8950e-02,-8.3272e-02,-7.5647e-02,-6.6279e-02,-5.5408e-02,-4.3304e-02,-3.0256e-02,-1.6572e-02,-2.5642e-03,1.1451e-02,2.5162e-02,3.8268e-02,5.0487e-02,6.1561e-02,7.1262e-02,7.9396e-02,8.5804e-02,9.0367e-02,9.2998e-02,9.3651e-02,9.2306e-02,8.8980e-02,8.3712e-02,7.6568e-02,6.7638e-02,5.7034e-02,4.4889e-02,3.1360e-02,1.6633e-02,9.1958e-04
-1.1784e-03,3.4428e-03,8.0171e-03,1.2442e-02,1.6611e-02,2.0414e-02,2.3745e-02,2.6505e-02,2.8607e-02,2.9983e-02,3.0588e-02,3.0400e-02,2.9429e-02,2.7708e-02,2.5298e-02,2.2277e-02,1.8740e-02,1.4793e-02,1.0548e-02,6.1197e-03,1.6272e-03,-2.8103e-03,-7.0749e-03,-1.1056e-02,-1.4664e-02,-1.7846e-02,-2.0610e-02,-2.3048e-02,-2.5315e-02,-2.7566e-02,-2.9812e-02,-3.1735e-02,-3.2618e-02,-3.1491e-02,-2.7510e-02,-2.0344e-02,-1.0322e-02,1.7253e-03,1.4778e-02,2.7904e-02,4.0394e-02,5.1773e-02,6.1744e-02,7.0120e-02,7.6779e-02,8.1636e-02,8.4633e-02,8.5736e-02,8.4940e-02,8.2270e-02,7.7788e-02,7.1587e-02,6.3799e-02,5.4586e-02,4.4145e-02,3.2699e-02,2.0496e-02,7.7994e-03,-5.1123e-03,-1.7955e-02,-3.0441e-02,-4.2286e-02,-5.3211e-02,-6.2949e-02,-7.1253e-02,-7.7905e-02,-8.2721e-02,-8.5568e-02,-8.6365e-02,-8.5093e-02,-8.1788e-02,-7.6547e-02,-6.9512e-02,-6.0873e-02,-5.0850e-02,-3.9690e-02,-2.7665e-02,-1.5055e-02,-2.1530e-03,1.0750e-02,2.3366e-02,3.5418e-02,4.6648e-02,5.6820e-02,6.5727e-02,7.3192e-02,7.9072e-02,8.3258e-02,8.5675e-02,8.6277e-02,8.5049e-02,8.2004e-02,7.7177e-02,7.0626e-02,6.2426e-02,5.2672e-02,4.1475e-02,2.8965e-02,1.5289e-02,6.2071e-04
-8.2469e-04,1.5763e-03,3.9621e-03,6.2707e-03,8.4376e-03,1.0399e-02,1.2097e-02,1.3480e-02,1.4505e-02,1.5145e-02,1.5384e-02,1.5223e-02,1.4675e-02,1.3765e-02,1.2528e-02,1.1004e-02,9.2353e-03,7.2671e-03,5.1442e-03,2.9147e-03,6.3078e-04,-1.6465e-03,-3.8480e-03,-5.8953e-03,-7.7092e-03,-9.2214e-03,-1.0397e-02,-1.1261e-02,-1.1923e-02,-1.2574e-02,-1.3421e-02,-1.4544e-02,-1.5709e-02,-1.6269e-02,-1.5290e-02,-1.1923e-02,-5.7939e-03,2.8360e-03,1.3208e-02,2.4370e-02,3.5446e-02,4.5775e-02,5.4919e-02,6.2615e-02,6.8716e-02,7.3138e-02,7.5840e-02,7.6809e-02,7.6054e-02,7.3614e-02,6.9549e-02,6.3953e-02,5.6946e-02,4.8679e-02,3.9327e-02,2.9092e-02,1.8194e-02,6.8676e-03,-4.6423e-03,-1.6084e-02,-2.7205e-02,-3.7752e-02,-4.7478e-02,-5.6148e-02,-6.3539e-02,-6.9456e-02,-7.3737e-02,-7.6261e-02,-7.6958e-02,-7.5809e-02,-7.2849e-02,-6.8163e-02,-6.1878e-02,-5.4162e-02,-4.5210e-02,-3.5246e-02,-2.4512e-02,-1.3261e-02,-1.7543e-03,9.7451e-03,2.0980e-02,3.1706e-02,4.1691e-02,5.0729e-02,5.8637e-02,6.5261e-02,7.0475e-02,7.4184e-02,7.6324e-02,7.6856e-02,7.5767e-02,7.3068e-02,6.8789e-02,6.2977e-02,5.5695e-02,4.7018e-02,3.7033e-02,2.5838e-02,1.3548e-02,2.9057e-04
-3.5636e-04,-2.2253e-04,-7.7486e-05,5.8085e-05,1.6633e-04,2.3302e-04,2.4906e-04,2.1175e-04,1.2562e-04,2.1458e-06,-1.4317e-04,-2.9159e-04,-4.2433e-04,-5.2604e-04,-5.8681e-04,-6.0558e-04,-5.8800e-04,-5.4771e-04,-5.0279e-04,-4.7068e-04,-4.6431e-04,-4.8599e-04,-5.2282e-04,-5.4510e-04,-5.0651e-04,-3.5208e-04,-3.2187e-05,4.7231e-04,1.1195e-03,1.7774e-03,2.2205e-03,2.1894e-03,1.5361e-03,4.2519e-04,-5.4550e-04,-4.5288e-04,1.5897e-03,6.0316e-03,1.2701e-02,2.0928e-02,2.9833e-02,3.8600e-02,4.6608e-02,5.3456e-02,5.8916e-02,6.2874e-02,6.5288e-02,6.6153e-02,6.5494e-02,6.3357e-02,5.9810e-02,5.4942e-02,4.8866e-02,4.1716e-02,3.3650e-02,2.4841e-02,1.5479e-02,5.7651e-03,-4.0931e-03,-1.3883e-02,-2.3392e-02,-3.2407e-02,-4.0719e-02,-4.8126e-02,-5.4439e-02,-5.9492e-02,-6.3145e-02,-6.5295e-02,-6.5881e-02,-6.4888e-02,-6.2344e-02,-5.8320e-02,-5.2926e-02,-4.6305e-02,-3.8625e-02,-3.0080e-02,-2.0876e-02,-1.1234e-02,-1.3811e-03,8.4575e-03,1.8060e-02,2.7216e-02,3.5731e-02,4.3429e-02,5.0155e-02,5.5782e-02,6.0206e-02,6.3350e-02,6.5159e-02,6.5604e-02,6.4677e-02,6.2386e-02,5.8756e-02,5.3823e-02,4.7635e-02,4.0245e-02,3.1715e-02,2.2111e-02,1.1509e-02,-5.3346e-06
1.7402e-04,-1.9653e-03,-4.0712e-03,-6.1187e-03,-8.0769e-03,-9.9101e-03,-1.1576e-02,-1.3028e-02,-1.4218e-02,-1.5097e-02,-1.5623e-02,-1.5761e-02,-1.5491e-02,-1.4809e-02,-1.3729e-02,-1.2284e-02,-1.0524e-02,-8.5145e-03,-6.3288e-03,-4.0446e-03,-1.7356e-03,5.3462e-04,2.7181e-03,4.7878e-03,6.7406e-03,8.5949e-03,1.0384e-02,1.2140e-02,1.3867e-02,1.5507e-02,1.6906e-02,1.7806e-02,1.7902e-02,1.6993e-02,1.5196e-02,1.3087e-02,1.1614e-02,1.1731e-02,1.3986e-02,1.8312e-02,2.4130e-02,3.0634e-02,3.7053e-02,4.2805e-02,4.7516e-02,5.0988e-02,5.3137e-02,5.3950e-02,5.3456e-02,5.1708e-02,4.8778e-02,4.4755e-02,3.9744e-02,3.3865e-02,2.7254e-02,2.0058e-02,1.2432e-02,4.5394e-03,-3.4533e-03,-1.1378e-02,-1.9066e-02,-2.6350e-02,-3.3064e-02,-3.9046e-02,-4.4145e-02,-4.8226e-02,-5.1175e-02,-5.2909e-02,-5.3379e-02,-5.2569e-02,-5.0503e-02,-4.7236e-02,-4.2857e-02,-3.7479e-02,-3.1243e-02,-2.4305e-02,-1.6836e-02,-9.0179e-03,-1.0366e-03,6.9224e-03,1.4678e-02,2.2061e-02,2.8913e-02,3.5094e-02,4.0484e-02,4.4983e-02,4.8511e-02,5.1010e-02,5.2444e-02,5.2790e-02,5.2046e-02,5.0219e-02,4.7329e-02,4.3400e-02,3.8463e-02,3.2548e-02,2.5690e-02,1.7919e-02,9.2716e-03,-2.1243e-04
7.0390e-04,-3.6732e-03,-7.9953e-03,-1.2189e-02,-1.6172e-02,-1.9858e-02,-2.3154e-02,-2.5968e-02,-2.8212e-02,-2.9806e-02,-3.0687e-02,-3.0809e-02,-3.0156e-02,-2.8734e-02,-2.6579e-02,-2.3755e-02,-2.0349e-02,-1.6469e-02,-1.2234e-02,-7.7730e-03,-3.2136e-03,1.3232e-03,5.7298e-03,9.9187e-03,1.3827e-02,1.7421e-02,2.0694e-02,2.3658e-02,2.6330e-02,2.8702e-02,3.0704e-02,3.2166e-02,3.2807e-02,3.2290e-02,3.0387e-02,2.7197e-02,2.3312e-02,1.9732e-02,1.7506e-02,1.7290e-02,1.9123e-02,2.2509e-02,2.6700e-02,3.0960e-02,3.4732e-02,3.7661e-02,3.9568e-02,4.0394e-02,4.0149e-02,3.8884e-02,3.6674e-02,3.3608e-02,2.9784e-02,2.5309e-02,2.0297e-02,1.4868e-02,9.1408e-03,3.2395e-03,-2.7155e-03,-8.6029e-03,-1.4303e-02,-1.9698e-02,-2.4667e-02,-2.9094e-02,-3.2870e-02,-3.5894e-02,-3.8081e-02,-3.9369e-02,-3.9719e-02,-3.9118e-02,-3.7581e-02,-3.5147e-02,-3.1883e-02,-2.7872e-02,-2.3218e-02,-1.8042e-02,-1.2473e-02,-6.6511e-03,-7.1733e-04,5.1870e-03,1.0926e-02,1.6371e-02,2.1407e-02,2.5932e-02,2.9861e-02,3.3126e-02,3.5672e-02,3.7467e-02,3.8487e-02,3.8725e-02,3.8183e-02,3.6869e-02,3.4795e-02,3.1975e-02,2.8421e-02,2.4139e-02,1.9133e-02,1.3396e-02,6.9229e-03,-2.9391e-04
1.1702e-03,-5.3672e-03,-1.1825e-02,-1.8079e-02,-2.3995e-02,-2.9436e-02,-3.4262e-02,-3.8341e-02,-4.1552e-02,-4.3791e-02,-4.4983e-02,-4.5079e-02,-4.4065e-02,-4.1962e-02,-3.8825e-02,-3.4742e-02,-2.9827e-02,-2.4221e-02,-1.8081e-02,-1.1575e-02,-4.8762e-03,1.8428e-03,8.4184e-03,1.4703e-02,2.0570e-02,2.5923e-02,3.0700e-02,3.4869e-02,3.8430e-02,4.1387e-02,4.3730e-02,4.5385e-02,4.6177e-02,4.5820e-02,4.3974e-02,4.0410e-02,3.5246e-02,2.9120e-02,2.3110e-02,1.8364e-02,1.5644e-02,1.5082e-02,1.6248e-02,1.8429e-02,2.0914e-02,2.3151e-02,2.4800e-02,2.5694e-02,2.5789e-02,2.5112e-02,2.3730e-02,2.1729e-02,1.9201e-02,1.6243e-02,1.2946e-02,9.4026e-03,5.6982e-03,1.9133e-03,-1.8776e-03,-5.6028e-03,-9.1940e-03,-1.2583e-02,-1.5702e-02,-1.8482e-02,-2.0855e-02,-2.2759e-02,-2.4142e-02,-2.4960e-02,-2.5188e-02,-2.4814e-02,-2.3845e-02,-2.2304e-02,-2.0230e-02,-1.7677e-02,-1.4713e-02,-1.1414e-02,-7.8694e-03,-4.1713e-03,-4.1461e-04,3.3069e-03,6.9033e-03,1.0293e-02,1.3402e-02,1.6170e-02,1.8549e-02,2.0503e-02,2.2007e-02,2.3052e-02,2.3634e-02,2.3757e-02,2.3432e-02,2.2667e-02,2.1469e-02,1.9839e-02,1.7768e-02,1.5239e-02,1.2220e-02,8.6707e-03,4.5375e-03,-2.3392e-04
1.5144e-03,-7.0611e-03,-1.5527e-02,-2.3705e-02,-3.1412e-02,-3.8461e-02,-4.4672e-02,-4.9880e-02,-5.3940e-02,-5.6735e-02,-5.8182e-02,-5.8236e-02,-5.6891e-02,-5.4179e-02,-5.0170e-02,-4.4969e-02,-3.8713e-02,-3.1562e-02,-2.3699e-02,-1.5326e-02,-6.6506e-03,2.1102e-03,1.0742e-02,1.9041e-02,2.6817e-02,3.3909e-02,4.0187e-02,4.5564e-02,4.9997e-02,5.3476e-02,5.6011e-02,5.7597e-02,5.8174e-02,5.7583e-02,5.5558e-02,5.1781e-02,4.6055e-02,3.8547e-02,2.9959e-02,2.1453e-02,1.4270e-02,9.2621e-03,6.6280e-03,5.9813e-03,6.6287e-03,7.8616e-03,9.1321e-03,1.0101e-02,1.0610e-02,1.0623e-02,1.0178e-02,9.3474e-03,8.2146e-03,6.8632e-03,5.3681e-03,3.7940e-03,2.1920e-03,6.0233e-04,-9.4736e-04,-2.4350e-03,-3.8442e-03,-5.1589e-03,-6.3628e-03,-7.4358e-03,-8.3566e-03,-9.1024e-03,-9.6511e-03,-9.9845e-03,-1.0088e-02,-9.9531e-03,-9.5774e-03,-8.9666e-03,-8.1333e-03,-7.0991e-03,-5.8919e-03,-4.5477e-03,-3.1074e-03,-1.6149e-03,-1.1687e-04,1.3421e-03,2.7205e-03,3.9827e-03,5.0997e-03,6.0515e-03,6.8273e-03,7.4254e-03,7.8526e-03,8.1215e-03,8.2500e-03,8.2567e-03,8.1586e-03,7.9668e-03,7.6822e-03,7.2928e-03,6.7713e-03,6.0703e-03,5.1280e-03,3.8603e-03,2.1732e-03,-3.8952e-05
1.6907e-03,-8.7547e-03,-1.9052e-02,-2.8971e-02,-3.8278e-02,-4.6744e-02,-5.4157e-02,-6.0328e-02,-6.5097e-02,-6.8343e-02,-6.9985e-02,-6.9982e-02,-6.8339e-02,-6.5096e-02,-6.0337e-02,-5.4176e-02,-4.6761e-02,-3.8268e-02,-2.8897e-02,-1.8870e-02,-8.4250e-03,2.1859e-03,1.2705e-02,2.2876e-02,3.2450e-02,4.1200e-02,4.8933e-02,5.5496e-02,6.0791e-02,6.4772e-02,6.7441e-02,6.8827e-02,6.8953e-02,6.7791e-02,6.5222e-02,6.1022e-02,5.4922e-02,4.6778e-02,3.6817e-02,2.5812e-02,1.5000e-02,5.6975e-03,-1.1789e-03,-5.3878e-03,-7.2957e-03,-7.5938e-03,-6.9969e-03,-6.0586e-03,-5.1203e-03,-4.3395e-03,-3.7486e-03,-3.3119e-03,-2.9639e-03,-2.6369e-03,-2.2734e-03,-1.8333e-03,-1.2963e-03,-6.6146e-04,5.6028e-05,8.2998e-04,1.6266e-03,2.4094e-03,3.1442e-03,3.8003e-03,4.3531e-03,4.7846e-03,5.0833e-03,5.2444e-03,5.2684e-03,5.1617e-03,4.9343e-03,4.5981e-03,4.1675e-03,3.6548e-03,3.0718e-03,2.4273e-03,1.7287e-03,9.8063e-04,1.8781e-04,-6.4495e-04,-1.5111e-03,-2.3990e-03,-3.2950e-03,-4.1767e-03,-5.0181e-03,-5.7870e-03,-6.4475e-03,-6.9601e-03,-7.2879e-03,-7.3968e-03,-7.2613e-03,-6.8701e-03,-6.2257e-03,-5.3539e-03,-4.3023e-03,-3.1440e-03,-1.9784e-03,-9.2536e-04,-1.2624e-04,2.6579e-04
1.6718e-03,-1.0429e-02,-2.2334e-02,-3.3762e-02,-4.4436e-02,-5.4093e-02,-6.2497e-02,-6.9443e-02,-7.4770e-02,-7.8357e-02,-8.0129e-02,-8.0057e-02,-7.8152e-02,-7.4463e-02,-6.9079e-02,-6.2121e-02,-5.3741e-02,-4.4123e-02,-3.3477e-02,-2.2038e-02,-1.0068e-02,2.1553e-03,1.4337e-02,2.6176e-02,3.7371e-02,4.7638e-02,5.6720e-02,6.4400e-02,7.0523e-02,7.4997e-02,7.7795e-02,7.8953e-02,7.8539e-02,7.6625e-02,7.3235e-02,6.8305e-02,6.1671e-02,5.3122e-02,4.2574e-02,3.0314e-02,1.7176e-02,4.4596e-03,-6.4651e-03,-1.4644e-02,-1.9816e-02,-2.2348e-02,-2.2941e-02,-2.2324e-02,-2.1062e-02,-1.9504e-02,-1.7813e-02,-1.6030e-02,-1.4133e-02,-1.2078e-02,-9.8282e-03,-7.3658e-03,-4.6976e-03,-1.8566e-03,1.1033e-03,4.1121e-03,7.0888e-03,9.9473e-03,1.2603e-02,1.4976e-02,1.6995e-02,1.8601e-02,1.9748e-02,2.0406e-02,2.0563e-02,2.0220e-02,1.9394e-02,1.8116e-02,1.6426e-02,1.4371e-02,1.2004e-02,9.3791e-03,6.5518e-03,3.5773e-03,5.1078e-04,-2.5937e-03,-5.6806e-03,-8.6949e-03,-1.1577e-02,-1.4268e-02,-1.6704e-02,-1.8819e-02,-2.0549e-02,-2.1830e-02,-2.2604e-02,-2.2824e-02,-2.2455e-02,-2.1483e-02,-1.9918e-02,-1.7797e-02,-1.5187e-02,-1.2190e-02,-8.9368e-03,-5.5884e-03,-2.3284e-03,6.4260e-04
1.4501e-03,-1.2044e-02,-2.5287e-02,-3.7951e-02,-4.9725e-02,-6.0319e-02,-6.9483e-02,-7.7009e-02,-8.2737e-02,-8.6556e-02,-8.8400e-02,-8.8248e-02,-8.6119e-02,-8.2068e-02,-7.6185e-02,-6.8592e-02,-5.9445e-02,-4.8927e-02,-3.7254e-02,-2.4670e-02,-1.1450e-02,2.1063e-03,1.5676e-02,2.8921e-02,4.1498e-02,5.3073e-02,6.3333e-02,7.2007e-02,7.8885e-02,8.3825e-02,8.6769e-02,8.7736e-02,8.6813e-02,8.4129e-02,7.9815e-02,7.3959e-02,6.6559e-02,5.7507e-02,4.6648e-02,3.3952e-02,1.9759e-02,4.9568e-03,-9.1115e-03,-2.1043e-02,-2.9869e-02,-3.5333e-02,-3.7814e-02,-3.8037e-02,-3.6749e-02,-3.4535e-02,-3.1756e-02,-2.8593e-02,-2.5106e-02,-2.1300e-02,-1.7165e-02,-1.2707e-02,-7.9571e-03,-2.9738e-03,2.1560e-03,7.3245e-03,1.2408e-02,1.7276e-02,2.1796e-02,2.5840e-02,2.9290e-02,3.2046e-02,3.4028e-02,3.5180e-02,3.5473e-02,3.4906e-02,3.3502e-02,3.1309e-02,2.8392e-02,2.4833e-02,2.0727e-02,1.6172e-02,1.1272e-02,6.1330e-03,8.5889e-04,-4.4470e-03,-9.6842e-03,-1.4752e-02,-1.9552e-02,-2.3986e-02,-2.7955e-02,-3.1364e-02,-3.4121e-02,-3.6137e-02,-3.7337e-02,-3.7659e-02,-3.7061e-02,-3.5527e-02,-3.3071e-02,-2.9744e-02,-2.5632e-02,-2.0862e-02,-1.5598e-02,-1.0039e-02,-4.4090e-03,1.0454e-03
1.0413e-03,-1.3540e-02,-2.7810e-02,-4.1405e-02,-5.3985e-02,-6.5247e-02,-7.4935e-02,-8.2844e-02,-8.8823e-02,-9.2770e-02,-9.4631e-02,-9.4392e-02,-9.2077e-02,-8.7746e-02,-8.1488e-02,-7.3423e-02,-6.3705e-02,-5.2518e-02,-4.0077e-02,-2.6631e-02,-1.2464e-02,2.1093e-03,1.6747e-02,3.1085e-02,4.4747e-02,5.7359e-02,6.8568e-02,7.8057e-02,8.5568e-02,9.0922e-02,9.4023e-02,9.4869e-02,9.3545e-02,9.0203e-02,8.5038e-02,7.8245e-02,6.9967e-02,6.0252e-02,4.9041e-02,3.6223e-02,2.1815e-02,6.2069e-03,-9.6713e-03,-2.4444e-02,-3.6700e-02,-4.5479e-02,-5.0546e-02,-5.2313e-02,-5.1532e-02,-4.8980e-02,-4.5264e-02,-4.0771e-02,-3.5706e-02,-3.0160e-02,-2.4174e-02,-1.7782e-02,-1.1035e-02,-4.0151e-03,3.1681e-03,1.0376e-02,1.7451e-02,2.4222e-02,3.0510e-02,3.6145e-02,4.0963e-02,4.4823e-02,4.7611e-02,4.9245e-02,4.9680e-02,4.8909e-02,4.6960e-02,4.3898e-02,3.9813e-02,3.4823e-02,2.9059e-02,2.2667e-02,1.5796e-02,8.6016e-03,1.2344e-03,-6.1559e-03,-1.3425e-02,-2.0430e-02,-2.7036e-02,-3.3108e-02,-3.8517e-02,-4.3137e-02,-4.6853e-02,-4.9554e-02,-5.1148e-02,-5.1560e-02,-5.0741e-02,-4.8675e-02,-4.5381e-02,-4.0921e-02,-3.5399e-02,-2.8970e-02,-2.1823e-02,-1.4195e-02,-6.3481e-03,1.4324e-03
4.7956e-04,-1.4843e-02,-2.9797e-02,-4.3992e-02,-5.7071e-02,-6.8726e-02,-7.8703e-02,-8.6805e-02,-9.2893e-02,-9.6875e-02,-9.8705e-02,-9.8376e-02,-9.5917e-02,-9.1386e-02,-8.4873e-02,-7.6496e-02,-6.6406e-02,-5.4782e-02,-4.1842e-02,-2.7834e-02,-1.3045e-02,2.2018e-03,1.7553e-02,3.2628e-02,4.7030e-02,6.0361e-02,7.2237e-02,8.2312e-02,9.0297e-02,9.5978e-02,9.9233e-02,1.0004e-01,9.8457e-02,9.4651e-02,8.8838e-02,8.1268e-02,7.2183e-02,6.1767e-02,5.0102e-02,3.7162e-02,2.2878e-02,7.3123e-03,-9.0989e-03,-2.5389e-02,-4.0170e-02,-5.2045e-02,-6.0087e-02,-6.4104e-02,-6.4551e-02,-6.2219e-02,-5.7920e-02,-5.2291e-02,-4.5749e-02,-3.8532e-02,-3.0767e-02,-2.2533e-02,-1.3909e-02,-4.9919e-03,4.0907e-03,1.3180e-02,2.2091e-02,3.0617e-02,3.8544e-02,4.5656e-02,5.1751e-02,5.6648e-02,6.0197e-02,6.2292e-02,6.2870e-02,6.1918e-02,5.9471e-02,5.5606e-02,5.0440e-02,4.4121e-02,3.6820e-02,2.8724e-02,2.0028e-02,1.0932e-02,1.6322e-03,-7.6790e-03,-1.6817e-02,-2.5601e-02,-3.3861e-02,-4.1431e-02,-4.8153e-02,-5.3876e-02,-5.8461e-02,-6.1781e-02,-6.3728e-02,-6.4215e-02,-6.3190e-02,-6.0635e-02,-5.6575e-02,-5.1082e-02,-4.4279e-02,-3.6340e-02,-2.7486e-02,-1.7982e-02,-8.1247e-03,1.7636e-03
-1.8519e-04,-1.5871e-02,-3.1142e-02,-4.5593e-02,-5.8860e-02,-7.0637e-02,-8.0679e-02,-8.8800e-02,-9.4867e-02,-9.8800e-02,-1.0056e-01,-1.0014e-01,-9.7578e-02,-9.2928e-02,-8.6279e-02,-7.7750e-02,-6.7485e-02,-5.5665e-02,-4.2501e-02,-2.8242e-02,-1.3174e-02,2.3813e-03,1.8065e-02,3.3492e-02,4.8257e-02,6.1952e-02,7.4180e-02,8.4579e-02,9.2844e-02,9.8741e-02,1.0213e-01,1.0296e-01,1.0128e-01,9.7243e-02,9.1056e-02,8.2989e-02,7.3328e-02,6.2341e-02,5.0235e-02,3.7113e-02,2.2982e-02,7.8124e-03,-8.2828e-03,-2.4825e-02,-4.0826e-02,-5.4912e-02,-6.5726e-02,-7.2398e-02,-7.4798e-02,-7.3434e-02,-6.9146e-02,-6.2781e-02,-5.5011e-02,-4.6283e-02,-3.6867e-02,-2.6923e-02,-1.6571e-02,-5.9252e-03,4.8730e-03,1.5652e-02,2.6208e-02,3.6310e-02,4.5710e-02,5.4158e-02,6.1411e-02,6.7252e-02,7.1500e-02,7.4023e-02,7.4742e-02,7.3638e-02,7.0749e-02,6.6166e-02,6.0028e-02,5.2514e-02,4.3831e-02,3.4204e-02,2.3871e-02,1.3070e-02,2.0418e-03,-8.9850e-03,-1.9787e-02,-3.0154e-02,-3.9880e-02,-4.8775e-02,-5.6656e-02,-6.3348e-02,-6.8695e-02,-7.2554e-02,-7.4803e-02,-7.5351e-02,-7.4138e-02,-7.1148e-02,-6.6411e-02,-6.0010e-02,-5.2082e-02,-4.2823e-02,-3.2476e-02,-2.1333e-02,-9.7187e-03,2.0133e-03
-8.9402e-04,-1.6544e-02,-3.1753e-02,-4.6112e-02,-5.9261e-02,-7.0903e-02,-8.0801e-02,-8.8778e-02,-9.4711e-02,-9.8522e-02,-1.0018e-01,-9.9677e-02,-9.7053e-02,-9.2365e-02,-8.5702e-02,-7.7180e-02,-6.6944e-02,-5.5170e-02,-4.2065e-02,-2.7874e-02,-1.2877e-02,2.6090e-03,1.8232e-02,3.3611e-02,4.8348e-02,6.2036e-02,7.4284e-02,8.4729e-02,9.3062e-02,9.9044e-02,1.0252e-01,1.0343e-01,1.0181e-01,9.7770e-02,9.1508e-02,8.3278e-02,7.3371e-02,6.2089e-02,4.9709e-02,3.6449e-02,2.2439e-02,7.7175e-03,-7.6972e-03,-2.3647e-02,-3.9624e-02,-5.4644e-02,-6.7374e-02,-7.6527e-02,-8.1313e-02,-8.1675e-02,-7.8183e-02,-7.1721e-02,-6.3174e-02,-5.3238e-02,-4.2388e-02,-3.0919e-02,-1.9020e-02,-6.8410e-03,5.4643e-03,1.7717e-02,2.9700e-02,4.1167e-02,5.1846e-02,6.1455e-02,6.9720e-02,7.6391e-02,8.1258e-02,8.4164e-02,8.5017e-02,8.3789e-02,8.0522e-02,7.5321e-02,6.8345e-02,5.9798e-02,4.9920e-02,3.8971e-02,2.7225e-02,1.4959e-02,2.4443e-03,-1.0053e-02,-2.2279e-02,-3.3994e-02,-4.4969e-02,-5.4988e-02,-6.3846e-02,-7.1355e-02,-7.7340e-02,-8.1646e-02,-8.4143e-02,-8.4734e-02,-8.3357e-02,-7.9996e-02,-7.4687e-02,-6.7523e-02,-5.8654e-02,-4.8290e-02,-3.6696e-02,-2.4185e-02,-1.1106e-02,2.1660e-03
-1.5866e-03,-1.6791e-02,-3.1557e-02,-4.5485e-02,-5.8226e-02,-6.9491e-02,-7.9053e-02,-8.6742e-02,-9.2437e-02,-9.6064e-02,-9.7591e-02,-9.7019e-02,-9.4382e-02,-8.9741e-02,-8.3188e-02,-7.4837e-02,-6.4834e-02,-5.3351e-02,-4.0590e-02,-2.6789e-02,-1.2216e-02,2.8227e-03,1.7992e-02,3.2926e-02,4.7245e-02,6.0561e-02,7.2498e-02,8.2709e-02,9.0896e-02,9.6826e-02,1.0034e-01,1.0137e-01,9.9919e-02,9.6086e-02,9.0031e-02,8.1977e-02,7.2190e-02,6.0966e-02,4.8609e-02,3.5403e-02,2.1580e-02,7.2977e-03,-7.3668e-03,-2.2353e-02,-3.7471e-02,-5.2210e-02,-6.5622e-02,-7.6446e-02,-8.3486e-02,-8.6046e-02,-8.4146e-02,-7.8415e-02,-6.9775e-02,-5.9133e-02,-4.7202e-02,-3.4472e-02,-2.1255e-02,-7.7656e-03,5.8180e-03,1.9306e-02,3.2477e-02,4.5074e-02,5.6809e-02,6.7379e-02,7.6484e-02,8.3848e-02,8.9234e-02,9.2467e-02,9.3438e-02,9.2117e-02,8.8546e-02,8.2841e-02,7.5177e-02,6.5784e-02,5.4927e-02,4.2897e-02,2.9998e-02,1.6537e-02,2.8170e-03,-1.0871e-02,-2.4248e-02,-3.7049e-02,-4.9025e-02,-5.9941e-02,-6.9578e-02,-7.7731e-02,-8.4217e-02,-8.8871e-02,-9.1558e-02,-9.2176e-02,-9.0662e-02,-8.7004e-02,-8.1242e-02,-7.3476e-02,-6.3868e-02,-5.2639e-02,-4.0069e-02,-2.6487e-02,-1.2259e-02,2.2240e-03
-2.2090e-03,-1.6560e-02,-3.0514e-02,-4.3687e-02,-5.5745e-02,-6.6412e-02,-7.5464e-02,-8.2734e-02,-8.8102e-02,-9.1493e-02,-9.2874e-02,-9.2247e-02,-8.9648e-02,-8.5144e-02,-7.8827e-02,-7.0815e-02,-6.1252e-02,-5.0306e-02,-3.8174e-02,-2.5078e-02,-1.1274e-02,2.9533e-03,1.7292e-02,3.1404e-02,4.4937e-02,5.7535e-02,6.8850e-02,7.8564e-02,8.6399e-02,9.2134e-02,9.5619e-02,9.6772e-02,9.5588e-02,9.2129e-02,8.6522e-02,7.8947e-02,6.9633e-02,5.8845e-02,4.6875e-02,3.4028e-02,2.0598e-02,6.8389e-03,-7.0646e-03,-2.1003e-02,-3.4890e-02,-4.8535e-02,-6.1456e-02,-7.2772e-02,-8.1316e-02,-8.5996e-02,-8.6210e-02,-8.2048e-02,-7.4183e-02,-6.3558e-02,-5.1087e-02,-3.7489e-02,-2.3257e-02,-8.7171e-03,5.8937e-03,2.0364e-02,3.4466e-02,4.7937e-02,6.0485e-02,7.1793e-02,8.1543e-02,8.9441e-02,9.5230e-02,9.8720e-02,9.9790e-02,9.8404e-02,9.4607e-02,8.8521e-02,8.0340e-02,7.0307e-02,5.8712e-02,4.5869e-02,3.2106e-02,1.7752e-02,3.1331e-03,-1.1438e-02,-2.5664e-02,-3.9262e-02,-5.1970e-02,-6.3538e-02,-7.3736e-02,-8.2351e-02,-8.9191e-02,-9.4088e-02,-9.6903e-02,-9.7532e-02,-9.5916e-02,-9.2041e-02,-8.5955e-02,-7.7761e-02,-6.7630e-02,-5.5790e-02,-4.2532e-02,-2.8193e-02,-1.3149e-02,2.1982e-03
-2.7214e-03,-1.5826e-02,-2.8618e-02,-4.0735e-02,-5.1861e-02,-6.1726e-02,-7.0111e-02,-7.6845e-02,-8.1805e-02,-8.4914e-02,-8.6136e-02,-8.5476e-02,-8.2974e-02,-7.8699e-02,-7.2749e-02,-6.5244e-02,-5.6328e-02,-4.6162e-02,-3.4931e-02,-2.2844e-02,-1.0134e-02,2.9421e-03,1.6104e-02,2.9049e-02,4.1465e-02,5.3035e-02,6.3450e-02,7.2428e-02,7.9720e-02,8.5125e-02,8.8501e-02,8.9764e-02,8.8894e-02,8.5926e-02,8.0952e-02,7.4107e-02,6.5574e-02,5.5574e-02,4.4369e-02,3.2248e-02,1.9523e-02,6.5011e-03,-6.5455e-03,-1.9414e-02,-3.1983e-02,-4.4173e-02,-5.5824e-02,-6.6514e-02,-7.5452e-02,-8.1572e-02,-8.3882e-02,-8.1859e-02,-7.5645e-02,-6.5936e-02,-5.3677e-02,-3.9777e-02,-2.4948e-02,-9.6872e-03,5.6645e-03,2.0844e-02,3.5605e-02,4.9684e-02,6.2784e-02,7.4587e-02,8.4770e-02,9.3025e-02,9.9087e-02,1.0275e-01,1.0389e-01,1.0247e-01,9.8531e-02,9.2200e-02,8.3681e-02,7.3234e-02,6.1160e-02,4.7793e-02,3.3475e-02,1.8554e-02,3.3677e-03,-1.1756e-02,-2.6509e-02,-4.0598e-02,-5.3751e-02,-6.5711e-02,-7.6241e-02,-8.5126e-02,-9.2168e-02,-9.7199e-02,-1.0008e-01,-1.0071e-01,-9.9025e-02,-9.5021e-02,-8.8746e-02,-8.0308e-02,-6.9879e-02,-5.7693e-02,-4.4042e-02,-2.9267e-02,-1.3748e-02,2.1122e-03
-3.1008e-03,-1.4596e-02,-2.5905e-02,-3.6692e-02,-4.6658e-02,-5.5537e-02,-6.3111e-02,-6.9201e-02,-7.3680e-02,-7.6466e-02,-7.7523e-02,-7.6856e-02,-7.4511e-02,-7.0562e-02,-6.5111e-02,-5.8282e-02,-5.0212e-02,-4.1057e-02,-3.0987e-02,-2.0189e-02,-8.8672e-03,2.7548e-03,1.4435e-02,2.5916e-02,3.6930e-02,4.7207e-02,5.6485e-02,6.4520e-02,7.1096e-02,7.6039e-02,7.9217e-02,8.0550e-02,8.0003e-02,7.7593e-02,7.3375e-02,6.7446e-02,5.9941e-02,5.1035e-02,4.0943e-02,2.9922e-02,1.8268e-02,6.2954e-03,-5.6793e-03,-1.7381e-02,-2.8611e-02,-3.9269e-02,-4.9315e-02,-5.8648e-02,-6.6928e-02,-7.3454e-02,-7.7254e-02,-7.7412e-02,-7.3461e-02,-6.5570e-02,-5.4439e-02,-4.1004e-02,-2.6161e-02,-1.0613e-02,5.1333e-03,2.0720e-02,3.5855e-02,5.0261e-02,6.3643e-02,7.5688e-02,8.6076e-02,9.4501e-02,1.0069e-01,1.0445e-01,1.0563e-01,1.0420e-01,1.0020e-01,9.3759e-02,8.5093e-02,7.4466e-02,6.2188e-02,4.8599e-02,3.4053e-02,1.8903e-02,3.4961e-03,-1.1837e-02,-2.6781e-02,-4.1041e-02,-5.4341e-02,-6.6424e-02,-7.7051e-02,-8.6006e-02,-9.3095e-02,-9.8150e-02,-1.0104e-01,-1.0165e-01,-9.9942e-02,-9.5901e-02,-8.9579e-02,-8.1084e-02,-7.0588e-02,-5.8323e-02,-4.4576e-02,-2.9687e-02,-1.4030e-02,1.9959e-03
-3.3461e-03,-1.2907e-02,-2.2448e-02,-3.1664e-02,-4.0265e-02,-4.7993e-02,-5.4622e-02,-5.9968e-02,-6.3897e-02,-6.6323e-02,-6.7210e-02,-6.6565e-02,-6.4439e-02,-6.0913e-02,-5.6092e-02,-5.0098e-02,-4.3066e-02,-3.5137e-02,-2.6462e-02,-1.7201e-02,-7.5226e-03,2.3877e-03,1.2333e-02,2.2106e-02,3.1487e-02,4.0257e-02,4.8200e-02,5.5117e-02,6.0827e-02,6.5181e-02,6.8065e-02,6.9402e-02,6.9153e-02,6.7318e-02,6.3924e-02,5.9034e-02,5.2740e-02,4.5170e-02,3.6491e-02,2.6914e-02,1.6696e-02,6.1290e-03,-4.4733e-03,-1.4807e-02,-2.4617e-02,-3.3742e-02,-4.2131e-02,-4.9810e-02,-5.6754e-02,-6.2704e-02,-6.7034e-02,-6.8835e-02,-6.7240e-02,-6.1810e-02,-5.2724e-02,-4.0675e-02,-2.6586e-02,-1.1340e-02,4.3586e-03,1.9997e-02,3.5194e-02,4.9636e-02,6.3023e-02,7.5051e-02,8.5413e-02,9.3813e-02,9.9988e-02,1.0373e-01,1.0492e-01,1.0351e-01,9.9533e-02,9.3134e-02,8.4518e-02,7.3952e-02,6.1749e-02,4.8250e-02,3.3808e-02,1.8777e-02,3.5012e-03,-1.1690e-02,-2.6485e-02,-4.0592e-02,-5.3737e-02,-6.5670e-02,-7.6155e-02,-8.4982e-02,-9.1962e-02,-9.6933e-02,-9.9763e-02,-1.0036e-01,-9.8665e-02,-9.4681e-02,-8.8454e-02,-8.0090e-02,-6.9756e-02,-5.7675e-02,-4.4128e-02,-2.9440e-02,-1.3975e-02,1.8822e-03
-3.4741e-03,-1.0827e-02,-1.8360e-02,-2.5795e-02,-3.2854e-02,-3.9279e-02,-4.4839e-02,-4.9347e-02,-5.2660e-02,-5.4689e-02,-5.5400e-02,-5.4806e-02,-5.2961e-02,-4.9951e-02,-4.5884e-02,-4.0878e-02,-3.5057e-02,-2.8546e-02,-2.1468e-02,-1.3952e-02,-6.1269e-03,1.8666e-03,9.8804e-03,1.7756e-02,2.5327e-02,3.2424e-02,3.8880e-02,4.4535e-02,4.9246e-02,5.2892e-02,5.5378e-02,5.6638e-02,5.6634e-02,5.5352e-02,5.2804e-02,4.9021e-02,4.4061e-02,3.8006e-02,3.0977e-02,2.3134e-02,1.4682e-02,5.8670e-03,-3.0320e-03,-1.1726e-02,-1.9946e-02,-2.7489e-02,-3.4256e-02,-4.0267e-02,-4.5623e-02,-5.0372e-02,-5.4311e-02,-5.6860e-02,-5.7140e-02,-5.4303e-02,-4.7921e-02,-3.8177e-02,-2.5758e-02,-1.1577e-02,3.4882e-03,1.8733e-02,3.3637e-02,4.7807e-02,6.0917e-02,7.2670e-02,8.2774e-02,9.0954e-02,9.6963e-02,1.0061e-01,1.0177e-01,1.0040e-01,9.6537e-02,9.0321e-02,8.1950e-02,7.1688e-02,5.9840e-02,4.6741e-02,3.2735e-02,1.8167e-02,3.3721e-03,-1.1330e-02,-2.5637e-02,-3.9269e-02,-5.1962e-02,-6.3474e-02,-7.3583e-02,-8.2087e-02,-8.8805e-02,-9.3584e-02,-9.6302e-02,-9.6869e-02,-9.5237e-02,-9.1402e-02,-8.5411e-02,-7.7364e-02,-6.7416e-02,-5.5778e-02,-4.2711e-02,-2.8527e-02,-1.3566e-02,1.8010e-03
-3.5160e-03,-8.4463e-03,-1.3781e-02,-1.9262e-02,-2.4626e-02,-2.9614e-02,-3.3994e-02,-3.7571e-02,-4.0201e-02,-4.1798e-02,-4.2327e-02,-4.1808e-02,-4.0300e-02,-3.7893e-02,-3.4693e-02,-3.0809e-02,-2.6351e-02,-2.1419e-02,-1.6105e-02,-1.0498e-02,-4.6864e-03,1.2392e-03,7.1793e-03,1.3026e-02,1.8663e-02,2.3968e-02,2.8819e-02,3.3098e-02,3.6697e-02,3.9525e-02,4.1510e-02,4.2603e-02,4.2769e-02,4.1995e-02,4.0278e-02,3.7627e-02,3.4070e-02,2.9652e-02,2.4447e-02,1.8563e-02,1.2147e-02,5.3859e-03,-1.4988e-03,-8.2650e-03,-1.4672e-02,-2.0514e-02,-2.5657e-02,-3.0077e-02,-3.3872e-02,-3.7205e-02,-4.0171e-02,-4.2594e-02,-4.3904e-02,-4.3223e-02,-3.9707e-02,-3.2936e-02,-2.3097e-02,-1.0882e-02,2.8006e-03,1.7079e-02,3.1254e-02,4.4807e-02,5.7349e-02,6.8570e-02,7.8192e-02,8.5965e-02,9.1667e-02,9.5123e-02,9.6219e-02,9.4918e-02,9.1262e-02,8.5371e-02,7.7440e-02,6.7718e-02,5.6499e-02,4.4100e-02,3.0852e-02,1.7081e-02,3.1071e-03,-1.0768e-02,-2.4261e-02,-3.7108e-02,-4.9060e-02,-5.9893e-02,-6.9399e-02,-7.7390e-02,-8.3699e-02,-8.8185e-02,-9.0736e-02,-9.1269e-02,-8.9741e-02,-8.6147e-02,-8.0528e-02,-7.2975e-02,-6.3627e-02,-5.2676e-02,-4.0360e-02,-2.6964e-02,-1.2802e-02,1.7805e-03
-3.5083e-03,-5.8702e-03,-8.8687e-03,-1.2269e-02,-1.5814e-02,-1.9250e-02,-2.2345e-02,-2.4904e-02,-2.6788e-02,-2.7911e-02,-2.8248e-02,-2.7824e-02,-2.6702e-02,-2.4973e-02,-2.2736e-02,-2.0088e-02,-1.7117e-02,-1.3891e-02,-1.0466e-02,-6.8877e-03,-3.1968e-03,5.6317e-04,4.3418e-03,8.0784e-03,1.1704e-02,1.5139e-02,1.8304e-02,2.1119e-02,2.3513e-02,2.5427e-02,2.6816e-02,2.7650e-02,2.7909e-02,2.7581e-02,2.6657e-02,2.5133e-02,2.3009e-02,2.0297e-02,1.7029e-02,1.3260e-02,9.0786e-03,4.6042e-03,-1.1981e-05,-4.5956e-03,-8.9628e-03,-1.2941e-02,-1.6399e-02,-1.9280e-02,-2.1630e-02,-2.3606e-02,-2.5411e-02,-2.7154e-02,-2.8653e-02,-2.9320e-02,-2.8266e-02,-2.4647e-02,-1.8058e-02,-8.7032e-03,2.7205e-03,1.5309e-02,2.8205e-02,4.0730e-02,5.2388e-02,6.2819e-02,7.1745e-02,7.8936e-02,8.4200e-02,8.7384e-02,8.8393e-02,8.7193e-02,8.3824e-02,7.8397e-02,7.1090e-02,6.2136e-02,5.1805e-02,4.0393e-02,2.8206e-02,1.5548e-02,2.7132e-03,-1.0021e-02,-2.2393e-02,-3.4161e-02,-4.5102e-02,-5.5010e-02,-6.3700e-02,-7.1000e-02,-7.6762e-02,-8.0860e-02,-8.3194e-02,-8.3688e-02,-8.2305e-02,-7.9037e-02,-7.3919e-02,-6.7026e-02,-5.8480e-02,-4.8444e-02,-3.7128e-02,-2.4781e-02,-1.1690e-02,1.8373e-03
-3.4833e-03,-3.2041e-03,-3.7912e-03,-5.0266e-03,-6.6643e-03,-8.4567e-03,-1.0177e-02,-1.1640e-02,-1.2713e-02,-1.3322e-02,-1.3450e-02,-1.3131e-02,-1.2431e-02,-1.1438e-02,-1.0241e-02,-8.9184e-03,-7.5257e-03,-6.0966e-03,-4.6432e-03,-3.1642e-03,-1.6531e-03,-1.0623e-04,1.4717e-03,3.0639e-03,4.6415e-03,6.1667e-03,7.5962e-03,8.8885e-03,1.0008e-02,1.0932e-02,1.1643e-02,1.2139e-02,1.2416e-02,1.2470e-02,1.2292e-02,1.1867e-02,1.1174e-02,1.0195e-02,8.9204e-03,7.3572e-03,5.5322e-03,3.4963e-03,1.3248e-03,-8.8611e-04,-3.0268e-03,-4.9844e-03,-6.6613e-03,-7.9977e-03,-9.0006e-03,-9.7684e-03,-1.0488e-02,-1.1373e-02,-1.2517e-02,-1.3711e-02,-1.4337e-02,-1.3494e-02,-1.0346e-02,-4.5125e-03,3.7835e-03,1.3842e-02,2.4777e-02,3.5765e-02,4.6168e-02,5.5536e-02,6.3556e-02,7.0007e-02,7.4717e-02,7.7563e-02,7.8464e-02,7.7397e-02,7.4398e-02,6.9565e-02,6.3057e-02,5.5079e-02,4.5877e-02,3.5714e-02,2.4867e-02,1.3609e-02,2.2033e-03,-9.1010e-03,-2.0072e-02,-3.0497e-02,-4.0180e-02,-4.8940e-02,-5.6617e-02,-6.3064e-02,-6.8152e-02,-7.1775e-02,-7.3843e-02,-7.4295e-02,-7.3093e-02,-7.0230e-02,-6.5730e-02,-5.9650e-02,-5.2088e-02,-4.3175e-02,-3.3084e-02,-2.2027e-02,-1.0248e-02,1.9785e-03
-3.4599e-03,-5.4345e-04,1.2923e-03,2.2516e-03,2.5697e-03,2.4834e-03,2.2059e-03,1.9067e-03,1.7022e-03,1.6501e-03,1.7527e-03,1.9683e-03,2.2250e-03,2.4422e-03,2.5465e-03,2.4869e-03,2.2433e-03,1.8257e-03,1.2687e-03,6.2266e-04,-5.8621e-05,-7.2631e-04,-1.3440e-03,-1.8899e-03,-2.3572e-03,-2.7485e-03,-3.0717e-03,-3.3319e-03,-3.5276e-03,-3.6472e-03,-3.6711e-03,-3.5761e-03,-3.3429e-03,-2.9635e-03,-2.4447e-03,-1.8104e-03,-1.0985e-03,-3.5481e-04,3.7280e-04,1.0418e-03,1.6202e-03,2.0910e-03,2.4527e-03,2.7205e-03,2.9236e-03,3.1014e-03,3.2967e-03,3.5436e-03,3.8473e-03,4.1598e-03,4.3595e-03,4.2548e-03,3.6470e-03,2.4717e-03,9.7537e-04,-1.9571e-04,-1.3134e-04,1.9851e-03,6.5123e-03,1.3212e-02,2.1397e-02,3.0221e-02,3.8916e-02,4.6907e-02,5.3806e-02,5.9366e-02,6.3424e-02,6.5876e-02,6.6660e-02,6.5761e-02,6.3210e-02,5.9090e-02,5.3537e-02,4.6725e-02,3.8864e-02,3.0184e-02,2.0923e-02,1.1318e-02,1.5977e-03,-8.0238e-03,-1.7349e-02,-2.6197e-02,-3.4403e-02,-4.1820e-02,-4.8311e-02,-5.3761e-02,-5.8063e-02,-6.1131e-02,-6.2892e-02,-6.3296e-02,-6.2308e-02,-5.9919e-02,-5.6140e-02,-5.1009e-02,-4.4592e-02,-3.6985e-02,-2.8320e-02,-1.8763e-02,-8.5126e-03,2.2021e-03
-3.4374e-03,2.0372e-03,6.2406e-03,9.3680e-03,1.1643e-02,1.3287e-02,1.4492e-02,1.5405e-02,1.6116e-02,1.6661e-02,1.7022e-02,1.7144e-02,1.6954e-02,1.6379e-02,1.5368e-02,1.3901e-02,1.2002e-02,9.7281e-03,7.1648e-03,4.4119e-03,1.5691e-03,-1.2735e-03,-4.0427e-03,-6.6840e-03,-9.1586e-03,-1.1439e-02,-1.3499e-02,-1.5309e-02,-1.6830e-02,-1.8013e-02,-1.8802e-02,-1.9144e-02,-1.8996e-02,-1.8336e-02,-1.7168e-02,-1.5519e-02,-1.3446e-02,-1.1022e-02,-8.3300e-03,-5.4607e-03,-2.5027e-03,4.6094e-04,3.3559e-03,6.1190e-03,8.6993e-03,1.1061e-02,1.3181e-02,1.5050e-02,1.6658e-02,1.7983e-02,1.8960e-02,1.9467e-02,1.9326e-02,1.8364e-02,1.6554e-02,1.4177e-02,1.1906e-02,1.0654e-02,1.1223e-02,1.3957e-02,1.8619e-02,2.4558e-02,3.0987e-02,3.7215e-02,4.2745e-02,4.7259e-02,5.0576e-02,5.2592e-02,5.3258e-02,5.2562e-02,5.0530e-02,4.7230e-02,4.2766e-02,3.7282e-02,3.0945e-02,2.3946e-02,1.6478e-02,8.7406e-03,9.1971e-04,-6.8076e-03,-1.4281e-02,-2.1356e-02,-2.7903e-02,-3.3809e-02,-3.8970e-02,-4.3299e-02,-4.6719e-02,-4.9164e-02,-5.0581e-02,-5.0932e-02,-5.0185e-02,-4.8328e-02,-4.5358e-02,-4.1289e-02,-3.6154e-02,-3.0012e-02,-2.2943e-02,-1.5066e-02,-6.5279e-03,2.4909e-03
-3.3944e-03,4.4886e-03,1.0940e-02,1.6150e-02,2.0330e-02,2.3683e-02,2.6374e-02,2.8519e-02,3.0177e-02,3.1350e-02,3.1996e-02,3.2047e-02,3.1424e-02,3.0066e-02,2.7946e-02,2.5085e-02,2.1550e-02,1.7452e-02,1.2929e-02,8.1296e-03,3.1960e-03,-1.7439e-03,-6.5848e-03,-1.1244e-02,-1.5656e-02,-1.9763e-02,-2.3510e-02,-2.6832e-02,-2.9652e-02,-3.1884e-02,-3.3435e-02,-3.4222e-02,-3.4179e-02,-3.3269e-02,-3.1490e-02,-2.8879e-02,-2.5505e-02,-2.1470e-02,-1.6892e-02,-1.1908e-02,-6.6596e-03,-1.2918e-03,4.0534e-03,9.2413e-03,1.4148e-02,1.8665e-02,2.2705e-02,2.6204e-02,2.9123e-02,3.1435e-02,3.3109e-02,3.4084e-02,3.4252e-02,3.3453e-02,3.1547e-02,2.8540e-02,2.4749e-02,2.0873e-02,1.7835e-02,1.6435e-02,1.7014e-02,1.9363e-02,2.2884e-02,2.6869e-02,3.0714e-02,3.4001e-02,3.6479e-02,3.8022e-02,3.8571e-02,3.8112e-02,3.6663e-02,3.4270e-02,3.1009e-02,2.6983e-02,2.2317e-02,1.7155e-02,1.1648e-02,5.9457e-03,1.9462e-04,-5.4711e-03,-1.0931e-02,-1.6079e-02,-2.0824e-02,-2.5087e-02,-2.8802e-02,-3.1912e-02,-3.4371e-02,-3.6138e-02,-3.7180e-02,-3.7471e-02,-3.6987e-02,-3.5707e-02,-3.3614e-02,-3.0700e-02,-2.6960e-02,-2.2407e-02,-1.7076e-02,-1.1026e-02,-4.3518e-03,2.8210e-03
-3.2952e-03,6.7865e-03,1.5309e-02,2.2458e-02,2.8437e-02,3.3427e-02,3.7563e-02,4.0925e-02,4.3531e-02,4.5348e-02,4.6305e-02,4.6312e-02,4.5288e-02,4.3181e-02,3.9994e-02,3.5786e-02,3.0678e-02,2.4831e-02,1.8437e-02,1.1690e-02,4.7740e-03,-2.1501e-03,-8.9500e-03,-1.5517e-02,-2.1762e-02,-2.7601e-02,-3.2948e-02,-3.7707e-02,-4.1762e-02,-4.4991e-02,-4.7269e-02,-4.8481e-02,-4.8538e-02,-4.7393e-02,-4.5039e-02,-4.1520e-02,-3.6923e-02,-3.1372e-02,-2.5025e-02,-1.8059e-02,-1.0668e-02,-3.0523e-03,4.5867e-03,1.2051e-02,1.9153e-02,2.5722e-02,3.1611e-02,3.6704e-02,4.0920e-02,4.4210e-02,4.6548e-02,4.7912e-02,4.8253e-02,4.7478e-02,4.5453e-02,4.2067e-02,3.7363e-02,3.1701e-02,2.5811e-02,2.0641e-02,1.7004e-02,1.5261e-02,1.5245e-02,1.6426e-02,1.8182e-02,1.9991e-02,2.1502e-02,2.2519e-02,2.2948e-02,2.2755e-02,2.1939e-02,2.0522e-02,1.8547e-02,1.6076e-02,1.3189e-02,9.9798e-03,6.5514e-03,3.0074e-03,-5.5236e-04,-4.0373e-03,-7.3679e-03,-1.0479e-02,-1.3318e-02,-1.5846e-02,-1.8030e-02,-1.9850e-02,-2.1290e-02,-2.2338e-02,-2.2981e-02,-2.3207e-02,-2.2997e-02,-2.2326e-02,-2.1163e-02,-1.9469e-02,-1.7206e-02,-1.4341e-02,-1.0852e-02,-6.7439e-03,-2.0503e-03,3.1580e-03
-3.1001e-03,8.9232e-03,1.9290e-02,2.8186e-02,3.5806e-02,4.2309e-02,4.7800e-02,5.2318e-02,5.5843e-02,5.8299e-02,5.9580e-02,5.9574e-02,5.8193e-02,5.5397e-02,5.1215e-02,4.5749e-02,3.9170e-02,3.1692e-02,2.3555e-02,1.5000e-02,6.2461e-03,-2.5155e-03,-1.1128e-02,-1.9460e-02,-2.7400e-02,-3.4840e-02,-4.1667e-02,-4.7748e-02,-5.2939e-02,-5.7081e-02,-6.0016e-02,-6.1605e-02,-6.1741e-02,-6.0364e-02,-5.7467e-02,-5.3102e-02,-4.7372e-02,-4.0429e-02,-3.2463e-02,-2.3693e-02,-1.4358e-02,-4.7068e-03,5.0071e-03,1.4534e-02,2.3634e-02,3.2084e-02,3.9688e-02,4.6282e-02,5.1743e-02,5.5991e-02,5.8984e-02,6.0708e-02,6.1152e-02,6.0283e-02,5.8030e-02,5.4284e-02,4.8968e-02,4.2171e-02,3.4302e-02,2.6142e-02,1.8678e-02,1.2750e-02,8.7565e-03,6.5783e-03,5.7572e-03,5.7473e-03,6.0923e-03,6.4910e-03,6.7733e-03,6.8567e-03,6.7053e-03,6.3084e-03,5.6725e-03,4.8172e-03,3.7748e-03,2.5895e-03,1.3129e-03,-2.6822e-07,-1.2967e-03,-2.5308e-03,-3.6654e-03,-4.6758e-03,-5.5497e-03,-6.2848e-03,-6.8889e-03,-7.3760e-03,-7.7628e-03,-8.0642e-03,-8.2923e-03,-8.4475e-03,-8.5178e-03,-8.4741e-03,-8.2685e-03,-7.8375e-03,-7.1045e-03,-5.9882e-03,-4.4136e-03,-2.3244e-03,3.0586e-04,3.4650e-03
-2.7786e-03,1.0897e-02,2.2847e-02,3.3258e-02,4.2315e-02,5.0159e-02,5.6866e-02,6.2438e-02,6.6811e-02,6.9869e-02,7.1471e-02,7.1478e-02,6.9795e-02,6.6390e-02,6.1317e-02,5.4720e-02,4.6812e-02,3.7861e-02,2.8152e-02,1.7965e-02,7.5541e-03,-2.8642e-03,-1.3110e-02,-2.3032e-02,-3.2497e-02,-4.1375e-02,-4.9522e-02,-5.6781e-02,-6.2972e-02,-6.7908e-02,-7.1406e-02,-7.3303e-02,-7.3479e-02,-7.1867e-02,-6.8461e-02,-6.3321e-02,-5.6569e-02,-4.8382e-02,-3.8981e-02,-2.8622e-02,-1.7583e-02,-6.1555e-03,5.3653e-03,1.6689e-02,2.7534e-02,3.7639e-02,4.6767e-02,5.4718e-02,6.1329e-02,6.6485e-02,7.0119e-02,7.2201e-02,7.2732e-02,7.1718e-02,6.9149e-02,6.4974e-02,5.9120e-02,5.1555e-02,4.2422e-02,3.2193e-02,2.1714e-02,1.2022e-02,3.9963e-03,-1.9275e-03,-5.8197e-03,-8.0804e-03,-9.1991e-03,-9.5893e-03,-9.5322e-03,-9.1974e-03,-8.6822e-03,-8.0431e-03,-7.3187e-03,-6.5357e-03,-5.7091e-03,-4.8467e-03,-3.9477e-03,-3.0056e-03,-2.0167e-03,-9.7845e-04,1.0267e-04,1.2105e-03,2.3188e-03,3.3904e-03,4.3805e-03,5.2399e-03,5.9194e-03,6.3740e-03,6.5693e-03,6.4898e-03,6.1397e-03,5.5531e-03,4.7917e-03,3.9453e-03,3.1281e-03,2.4684e-03,2.0947e-03,2.1242e-03,2.6458e-03,3.7062e-03
-2.3198e-03,1.2699e-02,2.5949e-02,3.7615e-02,4.7874e-02,5.6850e-02,6.4592e-02,7.1070e-02,7.6182e-02,7.9773e-02,8.1668e-02,8.1706e-02,7.9778e-02,7.5861e-02,7.0028e-02,6.2457e-02,5.3403e-02,4.3177e-02,3.2104e-02,2.0499e-02,8.6457e-03,-3.2155e-03,-1.4884e-02,-2.6189e-02,-3.6978e-02,-4.7095e-02,-5.6376e-02,-6.4633e-02,-7.1662e-02,-7.7250e-02,-8.1194e-02,-8.3315e-02,-8.3485e-02,-8.1631e-02,-7.7754e-02,-7.1924e-02,-6.4280e-02,-5.5022e-02,-4.4399e-02,-3.2698e-02,-2.0230e-02,-7.3214e-03,5.7020e-03,1.8517e-02,3.0815e-02,4.2306e-02,5.2726e-02,6.1842e-02,6.9463e-02,7.5440e-02,7.9674e-02,8.2114e-02,8.2749e-02,8.1598e-02,7.8690e-02,7.4041e-02,6.7637e-02,5.9449e-02,4.9496e-02,3.7988e-02,2.5471e-02,1.2861e-02,1.2485e-03,-8.4446e-03,-1.5755e-02,-2.0719e-02,-2.3700e-02,-2.5158e-02,-2.5492e-02,-2.4993e-02,-2.3854e-02,-2.2203e-02,-2.0135e-02,-1.7730e-02,-1.5054e-02,-1.2165e-02,-9.1132e-03,-5.9420e-03,-2.6928e-03,5.8979e-04,3.8587e-03,7.0576e-03,1.0121e-02,1.2976e-02,1.5540e-02,1.7729e-02,1.9463e-02,2.0667e-02,2.1285e-02,2.1284e-02,2.0663e-02,1.9457e-02,1.7740e-02,1.5629e-02,1.3274e-02,1.0846e-02,8.5283e-03,6.4974e-03,4.9016e-03,3.8502e-03
-1.7393e-03,1.4305e-02,2.8562e-02,4.1210e-02,5.2414e-02,6.2285e-02,7.0849e-02,7.8050e-02,8.3755e-02,8.7779e-02,8.9917e-02,8.9987e-02,8.7871e-02,8.3547e-02,7.7105e-02,6.8748e-02,5.8764e-02,4.7495e-02,3.5302e-02,2.2528e-02,9.4813e-03,-3.5769e-03,-1.6426e-02,-2.8878e-02,-4.0759e-02,-5.1892e-02,-6.2090e-02,-7.1143e-02,-7.8824e-02,-8.4904e-02,-8.9164e-02,-9.1417e-02,-9.1530e-02,-8.9434e-02,-8.5135e-02,-7.8715e-02,-7.0329e-02,-6.0196e-02,-4.8590e-02,-3.5821e-02,-2.2226e-02,-8.1554e-03,6.0409e-03,2.0019e-02,3.3452e-02,4.6030e-02,5.7473e-02,6.7528e-02,7.5979e-02,8.2651e-02,8.7417e-02,9.0195e-02,9.0955e-02,8.9710e-02,8.6505e-02,8.1402e-02,7.4456e-02,6.5700e-02,5.5154e-02,4.2899e-02,2.9211e-02,1.4714e-02,3.9129e-04,-1.2614e-02,-2.3353e-02,-3.1350e-02,-3.6629e-02,-3.9544e-02,-4.0553e-02,-4.0073e-02,-3.8424e-02,-3.5838e-02,-3.2491e-02,-2.8524e-02,-2.4061e-02,-1.9211e-02,-1.4075e-02,-8.7453e-03,-3.3105e-03,2.1430e-03,7.5266e-03,1.2745e-02,1.7697e-02,2.2271e-02,2.6354e-02,2.9828e-02,3.2580e-02,3.4511e-02,3.5541e-02,3.5621e-02,3.4742e-02,3.2941e-02,3.0303e-02,2.6969e-02,2.3118e-02,1.8968e-02,1.4750e-02,1.0696e-02,7.0144e-03,3.8741e-03
-1.0776e-03,1.5670e-02,3.0640e-02,4.3992e-02,5.5878e-02,6.6393e-02,7.5548e-02,8.3265e-02,8.9391e-02,9.3720e-02,9.6028e-02,9.6117e-02,9.3862e-02,8.9241e-02,8.2354e-02,7.3418e-02,6.2745e-02,5.0699e-02,3.7662e-02,2.4000e-02,1.0038e-02,-3.9417e-03,-1.7702e-02,-3.1038e-02,-4.3754e-02,-5.5656e-02,-6.6535e-02,-7.6163e-02,-8.4298e-02,-9.0698e-02,-9.5138e-02,-9.7429e-02,-9.7441e-02,-9.5110e-02,-9.0452e-02,-8.3559e-02,-7.4600e-02,-6.3812e-02,-5.1481e-02,-3.7938e-02,-2.3535e-02,-8.6384e-03,6.3874e-03,2.1186e-02,3.5420e-02,4.8771e-02,6.0949e-02,7.1688e-02,8.0760e-02,8.7968e-02,9.3162e-02,9.6234e-02,9.7129e-02,9.5844e-02,9.2423e-02,8.6951e-02,7.9535e-02,7.0278e-02,5.9265e-02,4.6571e-02,3.2332e-02,1.6889e-02,9.3268e-04,-1.4492e-02,-2.8207e-02,-3.9254e-02,-4.7166e-02,-5.1981e-02,-5.4068e-02,-5.3915e-02,-5.1972e-02,-4.8607e-02,-4.4102e-02,-3.8683e-02,-3.2540e-02,-2.5839e-02,-1.8733e-02,-1.1362e-02,-3.8584e-03,3.6484e-03,1.1030e-02,1.8155e-02,2.4888e-02,3.1084e-02,3.6598e-02,4.1282e-02,4.4995e-02,4.7612e-02,4.9034e-02,4.9194e-02,4.8077e-02,4.5718e-02,4.2216e-02,3.7725e-02,3.2457e-02,2.6666e-02,2.0629e-02,1.4630e-02,8.9344e-03,3.7668e-03
-3.9428e-04,1.6734e-02,3.2123e-02,4.5905e-02,5.8210e-02,6.9117e-02,7.8623e-02,8.6639e-02,9.3000e-02,9.7490e-02,9.9878e-02,9.9959e-02,9.7606e-02,9.2797e-02,8.5635e-02,7.6344e-02,6.5242e-02,5.2706e-02,3.9127e-02,2.4882e-02,1.0313e-02,-4.2880e-03,-1.8667e-02,-3.2600e-02,-4.5877e-02,-5.8283e-02,-6.9592e-02,-7.9564e-02,-8.7946e-02,-9.4493e-02,-9.8979e-02,-1.0122e-01,-1.0110e-01,-9.8554e-02,-9.3614e-02,-8.6383e-02,-7.7040e-02,-6.5830e-02,-5.3052e-02,-3.9040e-02,-2.4159e-02,-8.7797e-03,6.7267e-03,2.1999e-02,3.6696e-02,5.0499e-02,6.3112e-02,7.4268e-02,8.3729e-02,9.1290e-02,9.6781e-02,1.0008e-01,1.0110e-01,9.9820e-02,9.6279e-02,9.0565e-02,8.2812e-02,7.3179e-02,6.1825e-02,4.8884e-02,3.4476e-02,1.8783e-02,2.1972e-03,-1.4540e-02,-3.0340e-02,-4.4007e-02,-5.4596e-02,-6.1669e-02,-6.5305e-02,-6.5913e-02,-6.4023e-02,-6.0139e-02,-5.4679e-02,-4.7979e-02,-4.0314e-02,-3.1918e-02,-2.2999e-02,-1.3744e-02,-4.3316e-03,5.0694e-03,1.4293e-02,2.3175e-02,3.1545e-02,3.9230e-02,4.6056e-02,5.1849e-02,5.6444e-02,5.9693e-02,6.1475e-02,6.1715e-02,6.0385e-02,5.7521e-02,5.3227e-02,4.7674e-02,4.1097e-02,3.3782e-02,2.6049e-02,1.8225e-02,1.0627e-02,3.5332e-03
2.4332e-04,1.7426e-02,3.2942e-02,4.6883e-02,5.9352e-02,7.0405e-02,8.0028e-02,8.8127e-02,9.4535e-02,9.9037e-02,1.0141e-01,1.0145e-01,9.9032e-02,9.4141e-02,8.6875e-02,7.7456e-02,6.6198e-02,5.3472e-02,3.9670e-02,2.5170e-02,1.0318e-02,-4.5836e-03,-1.9269e-02,-3.3499e-02,-4.7046e-02,-5.9681e-02,-7.1164e-02,-8.1245e-02,-8.9669e-02,-9.6194e-02,-1.0060e-01,-1.0272e-01,-1.0244e-01,-9.9718e-02,-9.4591e-02,-8.7174e-02,-7.7650e-02,-6.6267e-02,-5.3324e-02,-3.9159e-02,-2.4131e-02,-8.6120e-03,7.0277e-03,2.2430e-02,3.7256e-02,5.1189e-02,6.3938e-02,7.5237e-02,8.4848e-02,9.2562e-02,9.8200e-02,1.0162e-01,1.0274e-01,1.0151e-01,9.7943e-02,9.2132e-02,8.4218e-02,7.4391e-02,6.2866e-02,4.9850e-02,3.5517e-02,2.0015e-02,3.5531e-03,-1.3449e-02,-3.0213e-02,-4.5629e-02,-5.8502e-02,-6.7924e-02,-7.3507e-02,-7.5385e-02,-7.4025e-02,-7.0013e-02,-6.3906e-02,-5.6177e-02,-4.7211e-02,-3.7326e-02,-2.6793e-02,-1.5854e-02,-4.7310e-03,6.3680e-03,1.7242e-02,2.7693e-02,3.7524e-02,4.6535e-02,5.4528e-02,6.1306e-02,6.6683e-02,7.0492e-02,7.2599e-02,7.2913e-02,7.1401e-02,6.8095e-02,6.3102e-02,5.6607e-02,4.8861e-02,4.0177e-02,3.0906e-02,2.1417e-02,1.2070e-02,3.1898e-03
7.7046e-04,1.7676e-02,3.3027e-02,4.6860e-02,5.9242e-02,7.0206e-02,7.9725e-02,8.7703e-02,9.3979e-02,9.8354e-02,1.0062e-01,1.0058e-01,9.8136e-02,9.3265e-02,8.6065e-02,7.6744e-02,6.5603e-02,5.2994e-02,3.9297e-02,2.4878e-02,1.0081e-02,-4.7892e-03,-1.9458e-02,-3.3673e-02,-4.7194e-02,-5.9778e-02,-7.1177e-02,-8.1136e-02,-8.9405e-02,-9.5750e-02,-9.9968e-02,-1.0190e-01,-1.0146e-01,-9.8615e-02,-9.3413e-02,-8.5974e-02,-7.6481e-02,-6.5180e-02,-5.2361e-02,-3.8354e-02,-2.3508e-02,-8.1877e-03,7.2472e-03,2.2446e-02,3.7076e-02,5.0828e-02,6.3419e-02,7.4590e-02,8.4110e-02,9.1771e-02,9.7397e-02,1.0084e-01,1.0201e-01,1.0084e-01,9.7337e-02,9.1577e-02,8.3697e-02,7.3896e-02,6.2421e-02,4.9533e-02,3.5474e-02,2.0436e-02,4.5752e-03,-1.1899e-02,-2.8555e-02,-4.4603e-02,-5.8927e-02,-7.0356e-02,-7.8030e-02,-8.1629e-02,-8.1354e-02,-7.7738e-02,-7.1424e-02,-6.3023e-02,-5.3053e-02,-4.1943e-02,-3.0044e-02,-1.7661e-02,-5.0625e-03,7.5026e-03,1.9801e-02,3.1604e-02,4.2691e-02,5.2839e-02,6.1828e-02,6.9445e-02,7.5488e-02,7.9776e-02,8.2162e-02,8.2545e-02,8.0884e-02,7.7210e-02,7.1630e-02,6.4334e-02,5.5587e-02,4.5720e-02,3.5109e-02,2.4155e-02,1.3251e-02,2.7653e-03
1.1354e-03,1.7426e-02,3.2314e-02,4.5775e-02,5.7830e-02,6.8480e-02,7.7689e-02,8.5358e-02,9.1345e-02,9.5468e-02,9.7543e-02,9.7412e-02,9.4976e-02,9.0226e-02,8.3255e-02,7.4254e-02,6.3496e-02,5.1308e-02,3.8039e-02,2.4040e-02,9.6373e-03,-4.8653e-03,-1.9190e-02,-3.3077e-02,-4.6274e-02,-5.8530e-02,-6.9592e-02,-7.9208e-02,-8.7137e-02,-9.3161e-02,-9.7095e-02,-9.8805e-02,-9.8216e-02,-9.5316e-02,-9.0161e-02,-8.2872e-02,-7.3628e-02,-6.2663e-02,-5.0253e-02,-3.6709e-02,-2.2365e-02,-7.5671e-03,7.3371e-03,2.2011e-02,3.6133e-02,4.9406e-02,6.1558e-02,7.2342e-02,8.1536e-02,8.8945e-02,9.4398e-02,9.7757e-02,9.8915e-02,9.7815e-02,9.4451e-02,8.8881e-02,8.1232e-02,7.1694e-02,6.0523e-02,4.8005e-02,3.4435e-02,2.0065e-02,5.0833e-03,-1.0374e-02,-2.6115e-02,-4.1719e-02,-5.6397e-02,-6.9046e-02,-7.8532e-02,-8.4055e-02,-8.5370e-02,-8.2754e-02,-7.6802e-02,-6.8211e-02,-5.7640e-02,-4.5645e-02,-3.2684e-02,-1.9140e-02,-5.3373e-03,8.4311e-03,2.1898e-02,3.4810e-02,4.6921e-02,5.7992e-02,6.7788e-02,7.6081e-02,8.2661e-02,8.7335e-02,8.9948e-02,9.0393e-02,8.8622e-02,8.4663e-02,7.8621e-02,7.0687e-02,6.1134e-02,5.0301e-02,3.8582e-02,2.6398e-02,1.4171e-02,2.2968e-03
1.3053e-03,1.6639e-02,3.0762e-02,4.3586e-02,5.5077e-02,6.5204e-02,7.3913e-02,8.1113e-02,8.6675e-02,9.0448e-02,9.2280e-02,9.2043e-02,8.9662e-02,8.5136e-02,7.8552e-02,7.0079e-02,5.9958e-02,4.8477e-02,3.5952e-02,2.2698e-02,9.0241e-03,-4.7792e-03,-1.8436e-02,-3.1684e-02,-4.4264e-02,-5.5922e-02,-6.6407e-02,-7.5474e-02,-8.2896e-02,-8.8476e-02,-9.2053e-02,-9.3516e-02,-9.2809e-02,-8.9937e-02,-8.4960e-02,-7.7997e-02,-6.9217e-02,-5.8836e-02,-4.7107e-02,-3.4319e-02,-2.0781e-02,-6.8153e-03,7.2502e-03,2.1095e-02,3.4416e-02,4.6929e-02,5.8377e-02,6.8529e-02,7.7179e-02,8.4147e-02,8.9277e-02,9.2439e-02,9.3536e-02,9.2508e-02,8.9345e-02,8.4092e-02,7.6859e-02,6.7821e-02,5.7220e-02,4.5345e-02,3.2507e-02,1.9009e-02,5.0896e-03,-9.0929e-03,-2.3441e-02,-3.7798e-02,-5.1767e-02,-6.4574e-02,-7.5139e-02,-8.2371e-02,-8.5541e-02,-8.4482e-02,-7.9540e-02,-7.1371e-02,-6.0719e-02,-4.8277e-02,-3.4630e-02,-2.0259e-02,-5.5635e-03,9.1133e-03,2.3468e-02,3.7219e-02,5.0102e-02,6.1863e-02,7.2257e-02,8.1051e-02,8.8025e-02,9.2985e-02,9.5772e-02,9.6270e-02,9.4432e-02,9.0277e-02,8.3911e-02,7.5521e-02,6.5377e-02,5.3823e-02,4.1258e-02,2.8115e-02,1.4831e-02,1.8278e-03
1.2706e-03,1.5306e-02,2.8361e-02,4.0283e-02,5.0980e-02,6.0385e-02,6.8428e-02,7.5018e-02,8.0048e-02,8.3399e-02,8.4955e-02,8.4622e-02,8.2351e-02,7.8152e-02,7.2103e-02,6.4351e-02,5.5099e-02,4.4593e-02,3.3101e-02,2.0903e-02,8.2755e-03,-4.5089e-03,-1.7185e-02,-2.9492e-02,-4.1175e-02,-5.1979e-02,-6.1662e-02,-6.9992e-02,-7.6762e-02,-8.1797e-02,-8.4963e-02,-8.6174e-02,-8.5394e-02,-8.2638e-02,-7.7973e-02,-7.1508e-02,-6.3397e-02,-5.3834e-02,-4.3045e-02,-3.1285e-02,-1.8836e-02,-5.9916e-03,6.9460e-03,1.9680e-02,3.1925e-02,4.3417e-02,5.3918e-02,6.3214e-02,7.1121e-02,7.7479e-02,8.2149e-02,8.5019e-02,8.6003e-02,8.5048e-02,8.2142e-02,7.7320e-02,7.0674e-02,6.2360e-02,5.2590e-02,4.1635e-02,2.9800e-02,1.7398e-02,4.7120e-03,-8.0531e-03,-2.0789e-02,-3.3452e-02,-4.5931e-02,-5.7859e-02,-6.8482e-02,-7.6750e-02,-8.1624e-02,-8.2444e-02,-7.9118e-02,-7.2058e-02,-6.1970e-02,-4.9635e-02,-3.5767e-02,-2.0971e-02,-5.7402e-03,9.5165e-03,2.4450e-02,3.8750e-02,5.2135e-02,6.4339e-02,7.5113e-02,8.4219e-02,9.1439e-02,9.6578e-02,9.9478e-02,1.0002e-01,9.8162e-02,9.3910e-02,8.7367e-02,7.8713e-02,6.8213e-02,5.6203e-02,4.3079e-02,2.9276e-02,1.5237e-02,1.3935e-03
1.0454e-03,1.3456e-02,2.5144e-02,3.5901e-02,4.5582e-02,5.4080e-02,6.1306e-02,6.7171e-02,7.1589e-02,7.4471e-02,7.5740e-02,7.5338e-02,7.3239e-02,6.9466e-02,6.4088e-02,5.7229e-02,4.9052e-02,3.9757e-02,2.9562e-02,1.8702e-02,7.4166e-03,-4.0491e-03,-1.5448e-02,-2.6532e-02,-3.7052e-02,-4.6766e-02,-5.5443e-02,-6.2870e-02,-6.8863e-02,-7.3273e-02,-7.5995e-02,-7.6963e-02,-7.6162e-02,-7.3616e-02,-6.9390e-02,-6.3585e-02,-5.6334e-02,-4.7804e-02,-3.8187e-02,-2.7705e-02,-1.6604e-02,-5.1455e-03,6.3997e-03,1.7762e-02,2.8680e-02,3.8914e-02,4.8246e-02,5.6487e-02,6.3476e-02,6.9075e-02,7.3169e-02,7.5667e-02,7.6499e-02,7.5622e-02,7.3024e-02,6.8735e-02,6.2831e-02,5.5439e-02,4.6744e-02,3.6978e-02,2.6417e-02,1.5360e-02,4.0964e-03,-7.1318e-03,-1.8172e-02,-2.8977e-02,-3.9562e-02,-4.9862e-02,-5.9543e-02,-6.7874e-02,-7.3836e-02,-7.6445e-02,-7.5107e-02,-6.9801e-02,-6.0996e-02,-4.9436e-02,-3.5923e-02,-2.1188e-02,-5.8382e-03,9.6283e-03,2.4804e-02,3.9344e-02,5.2944e-02,6.5332e-02,7.6255e-02,8.5480e-02,9.2791e-02,9.8001e-02,1.0095e-01,1.0154e-01,9.9699e-02,9.5452e-02,8.8886e-02,8.0172e-02,6.9560e-02,5.7376e-02,4.4001e-02,2.9860e-02,1.5392e-02,1.0282e-03
6.6304e-04,1.1148e-02,2.1188e-02,3.0529e-02,3.8982e-02,4.6402e-02,5.2679e-02,5.7726e-02,6.1473e-02,6.3863e-02,6.4851e-02,6.4415e-02,6.2554e-02,5.9297e-02,5.4710e-02,4.8889e-02,4.1963e-02,3.4080e-02,2.5411e-02,1.6139e-02,6.4612e-03,-3.4130e-03,-1.3263e-02,-2.2861e-02,-3.1978e-02,-4.0387e-02,-4.7878e-02,-5.4260e-02,-5.9375e-02,-6.3102e-02,-6.5359e-02,-6.6106e-02,-6.5339e-02,-6.3092e-02,-5.9424e-02,-5.4424e-02,-4.8202e-02,-4.0892e-02,-3.2655e-02,-2.3672e-02,-1.4150e-02,-4.3140e-03,5.6007e-03,1.5356e-02,2.4722e-02,3.3486e-02,4.1456e-02,4.8469e-02,5.4389e-02,5.9106e-02,6.2532e-02,6.4597e-02,6.5249e-02,6.4460e-02,6.2222e-02,5.8558e-02,5.3528e-02,4.7235e-02,3.9825e-02,3.1491e-02,2.2463e-02,1.3000e-02,3.3700e-03,-6.1826e-03,-1.5469e-02,-2.4398e-02,-3.2988e-02,-4.1308e-02,-4.9338e-02,-5.6769e-02,-6.2895e-02,-6.6732e-02,-6.7346e-02,-6.4210e-02,-5.7362e-02,-4.7317e-02,-3.4844e-02,-2.0756e-02,-5.7833e-03,9.4703e-03,2.4519e-02,3.8966e-02,5.2483e-02,6.4786e-02,7.5622e-02,8.4765e-02,9.2010e-02,9.7178e-02,1.0012e-01,1.0074e-01,9.8971e-02,9.4831e-02,8.8400e-02,7.9832e-02,6.9362e-02,5.7293e-02,4.3986e-02,2.9845e-02,1.5293e-02,7.5021e-04
1.7017e-04,8.4768e-03,1.6613e-02,2.4309e-02,3.1339e-02,3.7525e-02,4.2740e-02,4.6893e-02,4.9929e-02,5.1815e-02,5.2540e-02,5.2109e-02,5.0543e-02,4.7882e-02,4.4181e-02,3.9517e-02,3.3980e-02,2.7676e-02,2.0721e-02,1.3250e-02,5.4097e-03,-2.6321e-03,-1.0692e-02,-1.8573e-02,-2.6072e-02,-3.2990e-02,-3.9140e-02,-4.4360e-02,-4.8518e-02,-5.1519e-02,-5.3305e-02,-5.3855e-02,-5.3177e-02,-5.1308e-02,-4.8302e-02,-4.4229e-02,-3.9177e-02,-3.3249e-02,-2.6565e-02,-1.9270e-02,-1.1527e-02,-3.5194e-03,4.5572e-03,1.2502e-02,2.0119e-02,2.7229e-02,3.3670e-02,3.9310e-02,4.4041e-02,4.7781e-02,5.0469e-02,5.2058e-02,5.2520e-02,5.1836e-02,5.0005e-02,4.7046e-02,4.3004e-02,3.7954e-02,3.2008e-02,2.5311e-02,1.8042e-02,1.0405e-02,2.6200e-03,-5.0932e-03,-1.2544e-02,-1.9607e-02,-2.6252e-02,-3.2553e-02,-3.8630e-02,-4.4495e-02,-4.9862e-02,-5.4048e-02,-5.6103e-02,-5.5145e-02,-5.0704e-02,-4.2868e-02,-3.2184e-02,-1.9433e-02,-5.4256e-03,9.1230e-03,2.3627e-02,3.7622e-02,5.0740e-02,6.2680e-02,7.3190e-02,8.2050e-02,8.9071e-02,9.4087e-02,9.6963e-02,9.7601e-02,9.5953e-02,9.2022e-02,8.5879e-02,7.7664e-02,6.7588e-02,5.5925e-02,4.3007e-02,2.9211e-02,1.4929e-02,5.6405e-04
-3.7900e-04,5.5570e-03,1.1583e-02,1.7432e-02,2.2865e-02,2.7681e-02,3.1735e-02,3.4933e-02,3.7228e-02,3.8608e-02,3.9088e-02,3.8696e-02,3.7473e-02,3.5464e-02,3.2722e-02,2.9299e-02,2.5256e-02,2.0655e-02,1.5565e-02,1.0065e-02,4.2522e-03,-1.7559e-03,-7.8212e-03,-1.3788e-02,-1.9489e-02,-2.4760e-02,-2.9444e-02,-3.3408e-02,-3.6549e-02,-3.8795e-02,-4.0110e-02,-4.0488e-02,-3.9946e-02,-3.8521e-02,-3.6257e-02,-3.3210e-02,-2.9441e-02,-2.5020e-02,-2.0032e-02,-1.4578e-02,-8.7775e-03,-2.7693e-03,3.2952e-03,9.2576e-03,1.4963e-02,2.0267e-02,2.5046e-02,2.9198e-02,3.2647e-02,3.5340e-02,3.7243e-02,3.8335e-02,3.8606e-02,3.8050e-02,3.6672e-02,3.4486e-02,3.1523e-02,2.7832e-02,2.3488e-02,1.8589e-02,1.3258e-02,7.6406e-03,1.8945e-03,-3.8110e-03,-9.3169e-03,-1.4491e-02,-1.9264e-02,-2.3661e-02,-2.7802e-02,-3.1844e-02,-3.5824e-02,-3.9473e-02,-4.2130e-02,-4.2881e-02,-4.0889e-02,-3.5735e-02,-2.7544e-02,-1.6880e-02,-4.5194e-03,8.7454e-03,2.2226e-02,3.5372e-02,4.7754e-02,5.9045e-02,6.8985e-02,7.7362e-02,8.4001e-02,8.8754e-02,9.1501e-02,9.2154e-02,9.0668e-02,8.7045e-02,8.1342e-02,7.3680e-02,6.4240e-02,5.3267e-02,4.1056e-02,2.7943e-02,1.4288e-02,4.6168e-04
-9.3086e-04,2.5182e-03,6.2817e-03,1.0126e-02,1.3816e-02,1.7144e-02,1.9954e-02,2.2145e-02,2.3675e-02,2.4546e-02,2.4793e-02,2.4464e-02,2.3614e-02,2.2296e-02,2.0554e-02,1.8427e-02,1.5946e-02,1.3133e-02,1.0012e-02,6.6109e-03,2.9708e-03,-8.4627e-04,-4.7555e-03,-8.6511e-03,-1.2412e-02,-1.5913e-02,-1.9034e-02,-2.1673e-02,-2.3753e-02,-2.5226e-02,-2.6073e-02,-2.6300e-02,-2.5929e-02,-2.4994e-02,-2.3532e-02,-2.1580e-02,-1.9173e-02,-1.6353e-02,-1.3164e-02,-9.6665e-03,-5.9349e-03,-2.0594e-03,1.8566e-03,5.7023e-03,9.3675e-03,1.2750e-02,1.5765e-02,1.8346e-02,2.0449e-02,2.2053e-02,2.3148e-02,2.3738e-02,2.3828e-02,2.3428e-02,2.2544e-02,2.1186e-02,1.9369e-02,1.7119e-02,1.4473e-02,1.1484e-02,8.2209e-03,4.7652e-03,1.2096e-03,-2.3422e-03,-5.7824e-03,-9.0080e-03,-1.1943e-02,-1.4564e-02,-1.6938e-02,-1.9221e-02,-2.1592e-02,-2.4106e-02,-2.6511e-02,-2.8166e-02,-2.8187e-02,-2.5781e-02,-2.0567e-02,-1.2691e-02,-2.7156e-03,8.6008e-03,2.0503e-02,3.2346e-02,4.3626e-02,5.3966e-02,6.3089e-02,7.0783e-02,7.6886e-02,8.1267e-02,8.3826e-02,8.4484e-02,8.3201e-02,7.9976e-02,7.4853e-02,6.7929e-02,5.9356e-02,4.9342e-02,3.8137e-02,2.6034e-02,1.3352e-02,4.1726e-04
-1.4369e-03,-5.0816e-04,9.0978e-04,2.6401e-03,4.4747e-03,6.2174e-03,7.7078e-03,8.8443e-03,9.5854e-03,9.9419e-03,9.9602e-03,9.7047e-03,9.2416e-03,8.6274e-03,7.9051e-03,7.0969e-03,6.2092e-03,5.2310e-03,4.1417e-03,2.9182e-03,1.5463e-03,2.7686e-05,-1.6127e-03,-3.3264e-03,-5.0451e-03,-6.6894e-03,-8.1800e-03,-9.4459e-03,-1.0437e-02,-1.1126e-02,-1.1506e-02,-1.1594e-02,-1.1415e-02,-1.0998e-02,-1.0371e-02,-9.5528e-03,-8.5571e-03,-7.3924e-03,-6.0700e-03,-4.6060e-03,-3.0282e-03,-1.3764e-03,2.9725e-04,1.9333e-03,3.4703e-03,4.8531e-03,6.0383e-03,6.9980e-03,7.7224e-03,8.2175e-03,8.5010e-03,8.5967e-03,8.5268e-03,8.3087e-03,7.9527e-03,7.4617e-03,6.8354e-03,6.0736e-03,5.1800e-03,4.1639e-03,3.0399e-03,1.8300e-03,5.6201e-04,-7.3066e-04,-2.0045e-03,-3.2090e-03,-4.2906e-03,-5.2150e-03,-5.9965e-03,-6.7291e-03,-7.5895e-03,-8.7742e-03,-1.0349e-02,-1.2075e-02,-1.3329e-02,-1.3257e-02,-1.1099e-02,-6.4933e-03,4.0779e-04,9.0613e-03,1.8750e-02,2.8769e-02,3.8531e-02,4.7595e-02,5.5643e-02,6.2454e-02,6.7870e-02,7.1778e-02,7.4089e-02,7.4740e-02,7.3696e-02,7.0949e-02,6.6530e-02,6.0512e-02,5.3016e-02,4.4203e-02,3.4281e-02,2.3491e-02,1.2103e-02,3.9776e-04
-1.8600e-03,-3.4009e-03,-4.3394e-03,-4.7787e-03,-4.8736e-03,-4.7933e-03,-4.6851e-03,-4.6483e-03,-4.7226e-03,-4.8941e-03,-5.1084e-03,-5.2917e-03,-5.3707e-03,-5.2837e-03,-4.9928e-03,-4.4865e-03,-3.7811e-03,-2.9179e-03,-1.9580e-03,-9.7317e-04,-3.4094e-05,7.9928e-04,1.4874e-03,2.0168e-03,2.3974e-03,2.6579e-03,2.8364e-03,2.9694e-03,3.0825e-03,3.1857e-03,3.2716e-03,3.3198e-03,3.3029e-03,3.1958e-03,2.9811e-03,2.6546e-03,2.2248e-03,1.7119e-03,1.1400e-03,5.3565e-04,-8.1629e-05,-7.0059e-04,-1.3186e-03,-1.9410e-03,-2.5761e-03,-3.2303e-03,-3.9024e-03,-4.5811e-03,-5.2414e-03,-5.8495e-03,-6.3635e-03,-6.7418e-03,-6.9485e-03,-6.9590e-03,-6.7639e-03,-6.3673e-03,-5.7862e-03,-5.0454e-03,-4.1747e-03,-3.2069e-03,-2.1751e-03,-1.1147e-03,-6.0648e-05,9.5436e-04,1.9051e-03,2.7801e-03,3.5850e-03,4.3347e-03,5.0339e-03,5.6465e-03,6.0610e-03,6.0881e-03,5.5228e-03,4.2923e-03,2.6267e-03,1.1313e-03,6.3936e-04,1.8955e-03,5.2529e-03,1.0580e-02,1.7374e-02,2.4974e-02,3.2742e-02,4.0162e-02,4.6860e-02,5.2582e-02,5.7164e-02,6.0496e-02,6.2505e-02,6.3136e-02,6.2357e-02,6.0156e-02,5.6549e-02,5.1582e-02,4.5340e-02,3.7941e-02,2.9543e-02,2.0335e-02,1.0532e-02,3.6508e-04
-2.1766e-03,-6.0593e-03,-9.2930e-03,-1.1897e-02,-1.3956e-02,-1.5590e-02,-1.6917e-02,-1.8022e-02,-1.8941e-02,-1.9659e-02,-2.0117e-02,-2.0239e-02,-1.9945e-02,-1.9175e-02,-1.7894e-02,-1.6102e-02,-1.3834e-02,-1.1160e-02,-8.1775e-03,-5.0047e-03,-1.7671e-03,1.4137e-03,4.4336e-03,7.2135e-03,9.7032e-03,1.1878e-02,1.3733e-02,1.5270e-02,1.6491e-02,1.7389e-02,1.7946e-02,1.8137e-02,1.7934e-02,1.7317e-02,1.6276e-02,1.4822e-02,1.2984e-02,1.0808e-02,8.3532e-03,5.6875e-03,2.8782e-03,-1.0461e-05,-2.9210e-03,-5.8016e-03,-8.6072e-03,-1.1293e-02,-1.3811e-02,-1.6111e-02,-1.8135e-02,-1.9820e-02,-2.1103e-02,-2.1926e-02,-2.2244e-02,-2.2028e-02,-2.1271e-02,-1.9986e-02,-1.8207e-02,-1.5984e-02,-1.3378e-02,-1.0462e-02,-7.3136e-03,-4.0186e-03,-6.7021e-04,2.6379e-03,5.8165e-03,8.7889e-03,1.1503e-02,1.3929e-02,1.6060e-02,1.7883e-02,1.9349e-02,2.0339e-02,2.0658e-02,2.0101e-02,1.8589e-02,1.6348e-02,1.3974e-02,1.2291e-02,1.2041e-02,1.3599e-02,1.6870e-02,2.1413e-02,2.6641e-02,3.1993e-02,3.7028e-02,4.1441e-02,4.5035e-02,4.7696e-02,4.9348e-02,4.9943e-02,4.9449e-02,4.7849e-02,4.5138e-02,4.1338e-02,3.6495e-02,3.0683e-02,2.4011e-02,1.6610e-02,8.6422e-03,2.8196e-04
-2.3792e-03,-8.4096e-03,-1.3812e-02,-1.8518e-02,-2.2531e-02,-2.5901e-02,-2.8700e-02,-3.0985e-02,-3.2779e-02,-3.4062e-02,-3.4778e-02,-3.4850e-02,-3.4202e-02,-3.2774e-02,-3.0539e-02,-2.7509e-02,-2.3737e-02,-1.9318e-02,-1.4383e-02,-9.0939e-03,-3.6270e-03,1.8384e-03,7.1341e-03,1.2118e-02,1.6677e-02,2.0736e-02,2.4243e-02,2.7167e-02,2.9485e-02,3.1174e-02,3.2208e-02,3.2557e-02,3.2191e-02,3.1095e-02,2.9266e-02,2.6727e-02,2.3527e-02,1.9737e-02,1.5450e-02,1.0774e-02,5.8236e-03,7.1518e-04,-4.4382e-03,-9.5285e-03,-1.4456e-02,-1.9123e-02,-2.3437e-02,-2.7308e-02,-3.0646e-02,-3.3361e-02,-3.5372e-02,-3.6607e-02,-3.7012e-02,-3.6559e-02,-3.5244e-02,-3.3091e-02,-3.0152e-02,-2.6500e-02,-2.2229e-02,-1.7444e-02,-1.2267e-02,-6.8303e-03,-1.2755e-03,4.2498e-03,9.5978e-03,1.4632e-02,1.9240e-02,2.3339e-02,2.6884e-02,2.9852e-02,3.2224e-02,3.3948e-02,3.4903e-02,3.4896e-02,3.3725e-02,3.1316e-02,2.7895e-02,2.4058e-02,2.0634e-02,1.8386e-02,1.7730e-02,1.8635e-02,2.0736e-02,2.3528e-02,2.6532e-02,2.9379e-02,3.1819e-02,3.3704e-02,3.4944e-02,3.5486e-02,3.5289e-02,3.4327e-02,3.2574e-02,3.0025e-02,2.6689e-02,2.2596e-02,1.7801e-02,1.2386e-02,6.4512e-03,1.2019e-04
-2.4764e-03,-1.0410e-02,-1.7796e-02,-2.4484e-02,-3.0391e-02,-3.5486e-02,-3.9771e-02,-4.3260e-02,-4.5952e-02,-4.7817e-02,-4.8802e-02,-4.8836e-02,-4.7850e-02,-4.5795e-02,-4.2652e-02,-3.8447e-02,-3.3253e-02,-2.7188e-02,-2.0413e-02,-1.3129e-02,-5.5566e-03,2.0707e-03,9.5281e-03,1.6612e-02,2.3153e-02,2.9022e-02,3.4123e-02,3.8391e-02,4.1780e-02,4.4250e-02,4.5765e-02,4.6289e-02,4.5793e-02,4.4261e-02,4.1700e-02,3.8143e-02,3.3656e-02,2.8336e-02,2.2307e-02,1.5715e-02,8.7207e-03,1.4923e-03,-5.8029e-03,-1.3003e-02,-1.9953e-02,-2.6508e-02,-3.2530e-02,-3.7890e-02,-4.2467e-02,-4.6148e-02,-4.8835e-02,-5.0445e-02,-5.0919e-02,-5.0228e-02,-4.8375e-02,-4.5397e-02,-4.1363e-02,-3.6368e-02,-3.0535e-02,-2.4005e-02,-1.6934e-02,-9.4971e-03,-1.8775e-03,5.7299e-03,1.3129e-02,2.0131e-02,2.6567e-02,3.2303e-02,3.7242e-02,4.1328e-02,4.4538e-02,4.6850e-02,4.8215e-02,4.8519e-02,4.7579e-02,4.5207e-02,4.1340e-02,3.6213e-02,3.0434e-02,2.4854e-02,2.0280e-02,1.7189e-02,1.5633e-02,1.5333e-02,1.5869e-02,1.6834e-02,1.7915e-02,1.8901e-02,1.9667e-02,2.0130e-02,2.0234e-02,1.9929e-02,1.9173e-02,1.7928e-02,1.6166e-02,1.3876e-02,1.1062e-02,7.7537e-03,3.9984e-03,-1.3517e-04
-2.4903e-03,-1.2052e-02,-2.1190e-02,-2.9688e-02,-3.7377e-02,-4.4136e-02,-4.9889e-02,-5.4585e-02,-5.8183e-02,-6.0640e-02,-6.1900e-02,-6.1903e-02,-6.0595e-02,-5.7942e-02,-5.3942e-02,-4.8641e-02,-4.2127e-02,-3.4545e-02,-2.6082e-02,-1.6970e-02,-7.4689e-03,2.1432e-03,1.1591e-02,2.0617e-02,2.9001e-02,3.6562e-02,4.3163e-02,4.8707e-02,5.3119e-02,5.6346e-02,5.8338e-02,5.9054e-02,5.8463e-02,5.6551e-02,5.3330e-02,4.8843e-02,4.3172e-02,3.6436e-02,2.8792e-02,2.0422e-02,1.1529e-02,2.3305e-03,-6.9558e-03,-1.6116e-02,-2.4944e-02,-3.3250e-02,-4.0852e-02,-4.7588e-02,-5.3308e-02,-5.7876e-02,-6.1179e-02,-6.3125e-02,-6.3653e-02,-6.2735e-02,-6.0382e-02,-5.6642e-02,-5.1602e-02,-4.5380e-02,-3.8125e-02,-3.0007e-02,-2.1218e-02,-1.1966e-02,-2.4714e-03,7.0327e-03,1.6309e-02,2.5128e-02,3.3273e-02,4.0561e-02,4.6844e-02,5.2024e-02,5.6045e-02,5.8882e-02,6.0523e-02,6.0927e-02,5.9998e-02,5.7576e-02,5.3494e-02,4.7714e-02,4.0489e-02,3.2448e-02,2.4484e-02,1.7463e-02,1.1946e-02,8.0749e-03,5.6596e-03,4.3542e-03,3.8038e-03,3.7269e-03,3.9267e-03,4.2696e-03,4.6602e-03,5.0200e-03,5.2747e-03,5.3558e-03,5.1976e-03,4.7484e-03,3.9665e-03,2.8323e-03,1.3425e-03,-4.8277e-04
-2.4545e-03,-1.3349e-02,-2.3975e-02,-3.4063e-02,-4.3368e-02,-5.1682e-02,-5.8837e-02,-6.4708e-02,-6.9201e-02,-7.2243e-02,-7.3776e-02,-7.3750e-02,-7.2133e-02,-6.8914e-02,-6.4116e-02,-5.7806e-02,-5.0096e-02,-4.1152e-02,-3.1185e-02,-2.0454e-02,-9.2484e-03,2.1190e-03,1.3332e-02,2.4092e-02,3.4130e-02,4.3222e-02,5.1192e-02,5.7909e-02,6.3275e-02,6.7214e-02,6.9668e-02,7.0588e-02,6.9939e-02,6.7707e-02,6.3909e-02,5.8598e-02,5.1870e-02,4.3868e-02,3.4772e-02,2.4802e-02,1.4202e-02,3.2296e-03,-7.8482e-03,-1.8771e-02,-2.9289e-02,-3.9167e-02,-4.8189e-02,-5.6159e-02,-6.2901e-02,-6.8262e-02,-7.2113e-02,-7.4358e-02,-7.4931e-02,-7.3808e-02,-7.1008e-02,-6.6592e-02,-6.0660e-02,-5.3354e-02,-4.4845e-02,-3.5331e-02,-2.5033e-02,-1.4187e-02,-3.0470e-03,8.1242e-03,1.9060e-02,2.9494e-02,3.9176e-02,4.7880e-02,5.5416e-02,6.1639e-02,6.6450e-02,6.9797e-02,7.1667e-02,7.2057e-02,7.0951e-02,6.8283e-02,6.3930e-02,5.7763e-02,4.9774e-02,4.0242e-02,2.9827e-02,1.9473e-02,1.0123e-02,2.4305e-03,-3.3689e-03,-7.3896e-03,-9.9266e-03,-1.1310e-02,-1.1821e-02,-1.1676e-02,-1.1035e-02,-1.0029e-02,-8.7726e-03,-7.3742e-03,-5.9346e-03,-4.5478e-03,-3.2952e-03,-2.2412e-03,-1.4343e-03,-9.0115e-04
-2.4078e-03,-1.4338e-02,-2.6165e-02,-3.7582e-02,-4.8285e-02,-5.7985e-02,-6.6424e-02,-7.3394e-02,-7.8736e-02,-8.2339e-02,-8.4133e-02,-8.4079e-02,-8.2167e-02,-7.8417e-02,-7.2886e-02,-6.5668e-02,-5.6902e-02,-4.6774e-02,-3.5518e-02,-2.3411e-02,-1.0765e-02,2.0842e-03,1.4792e-02,2.7027e-02,3.8484e-02,4.8903e-02,5.8072e-02,6.5827e-02,7.2046e-02,7.6634e-02,7.9518e-02,8.0643e-02,7.9968e-02,7.7480e-02,7.3198e-02,6.7186e-02,5.9552e-02,5.0458e-02,4.0111e-02,2.8760e-02,1.6683e-02,4.1788e-03,-8.4470e-03,-2.0893e-02,-3.2870e-02,-4.4106e-02,-5.4354e-02,-6.3390e-02,-7.1016e-02,-7.7063e-02,-8.1390e-02,-8.3893e-02,-8.4510e-02,-8.3215e-02,-8.0036e-02,-7.5045e-02,-6.8358e-02,-6.0133e-02,-5.0565e-02,-3.9872e-02,-2.8301e-02,-1.6115e-02,-3.5900e-03,8.9858e-03,2.1321e-02,3.3128e-02,4.4129e-02,5.4067e-02,6.2718e-02,6.9894e-02,7.5454e-02,7.9307e-02,8.1411e-02,8.1767e-02,8.0400e-02,7.7330e-02,7.2540e-02,6.5963e-02,5.7518e-02,4.7230e-02,3.5406e-02,2.2739e-02,1.0229e-02,-1.0964e-03,-1.0487e-02,-1.7626e-02,-2.2572e-02,-2.5605e-02,-2.7062e-02,-2.7257e-02,-2.6450e-02,-2.4848e-02,-2.2629e-02,-1.9949e-02,-1.6953e-02,-1.3772e-02,-1.0526e-02,-7.3190e-03,-4.2387e-03,-1.3514e-03
-2.3873e-03,-1.5061e-02,-2.7789e-02,-4.0245e-02,-5.2080e-02,-6.2940e-02,-7.2486e-02,-8.0428e-02,-8.6536e-02,-9.0652e-02,-9.2684e-02,-9.2600e-02,-9.0413e-02,-8.6180e-02,-7.9992e-02,-7.1980e-02,-6.2312e-02,-5.1198e-02,-3.8891e-02,-2.5679e-02,-1.1889e-02,2.1316e-03,1.6024e-02,2.9434e-02,4.2034e-02,5.3535e-02,6.3693e-02,7.2319e-02,7.9261e-02,8.4409e-02,8.7675e-02,8.8991e-02,8.8317e-02,8.5636e-02,8.0972e-02,7.4394e-02,6.6025e-02,5.6042e-02,4.4674e-02,3.2194e-02,1.8912e-02,5.1557e-03,-8.7352e-03,-2.2426e-02,-3.5597e-02,-4.7945e-02,-5.9198e-02,-6.9110e-02,-7.7465e-02,-8.4078e-02,-8.8802e-02,-9.1526e-02,-9.2186e-02,-9.0761e-02,-8.7283e-02,-8.1836e-02,-7.4546e-02,-6.5589e-02,-5.5174e-02,-4.3542e-02,-3.0959e-02,-1.7706e-02,-4.0825e-03,9.6082e-03,2.3058e-02,3.5962e-02,4.8026e-02,5.8974e-02,6.8556e-02,7.6554e-02,8.2788e-02,8.7127e-02,8.9488e-02,8.9847e-02,8.8234e-02,8.4715e-02,7.9370e-02,7.2253e-02,6.3362e-02,5.2670e-02,4.0232e-02,2.6371e-02,1.1805e-02,-2.4051e-03,-1.5147e-02,-2.5582e-02,-3.3334e-02,-3.8441e-02,-4.1194e-02,-4.1980e-02,-4.1167e-02,-3.9075e-02,-3.5970e-02,-3.2077e-02,-2.7594e-02,-2.2693e-02,-1.7533e-02,-1.2250e-02,-6.9660e-03,-1.7794e-03
-2.4202e-03,-1.5560e-02,-2.8885e-02,-4.2069e-02,-5.4733e-02,-6.6474e-02,-7.6893e-02,-8.5626e-02,-9.2375e-02,-9.6929e-02,-9.9167e-02,-9.9054e-02,-9.6623e-02,-9.1966e-02,-8.5215e-02,-7.6539e-02,-6.6141e-02,-5.4257e-02,-4.1153e-02,-2.7129e-02,-1.2514e-02,2.3415e-03,1.7077e-02,3.1332e-02,4.4765e-02,5.7067e-02,6.7974e-02,7.7267e-02,8.4777e-02,9.0370e-02,9.3947e-02,9.5431e-02,9.4774e-02,9.1962e-02,8.7020e-02,8.0025e-02,7.1110e-02,6.0463e-02,4.8331e-02,3.5006e-02,2.0820e-02,6.1255e-03,-8.7153e-03,-2.3343e-02,-3.7412e-02,-5.0601e-02,-6.2616e-02,-7.3195e-02,-8.2107e-02,-8.9158e-02,-9.4194e-02,-9.7098e-02,-9.7805e-02,-9.6297e-02,-9.2611e-02,-8.6836e-02,-7.9110e-02,-6.9619e-02,-5.8588e-02,-4.6272e-02,-3.2952e-02,-1.8926e-02,-4.5054e-03,9.9924e-03,2.4249e-02,3.7951e-02,5.0797e-02,6.2499e-02,7.2793e-02,8.1442e-02,8.8237e-02,9.3009e-02,9.5639e-02,9.6061e-02,9.4282e-02,9.0375e-02,8.4474e-02,7.6738e-02,6.7306e-02,5.6251e-02,4.3589e-02,2.9388e-02,1.3966e-02,-1.9436e-03,-1.7227e-02,-3.0689e-02,-4.1421e-02,-4.9012e-02,-5.3513e-02,-5.5268e-02,-5.4729e-02,-5.2340e-02,-4.8487e-02,-4.3492e-02,-3.7622e-02,-3.1106e-02,-2.4139e-02,-1.6891e-02,-9.5100e-03,-2.1229e-03
-2.5209e-03,-1.5861e-02,-2.9488e-02,-4.3076e-02,-5.6238e-02,-6.8546e-02,-7.9555e-02,-8.8850e-02,-9.6072e-02,-1.0096e-01,-1.0336e-01,-1.0322e-01,-1.0060e-01,-9.5597e-02,-8.8397e-02,-7.9208e-02,-6.8270e-02,-5.5843e-02,-4.2212e-02,-2.7681e-02,-1.2575e-02,2.7633e-03,1.7983e-02,3.2729e-02,4.6659e-02,5.9457e-02,7.0841e-02,8.0577e-02,8.8471e-02,9.4376e-02,9.8175e-02,9.9787e-02,9.9158e-02,9.6274e-02,9.1164e-02,8.3908e-02,7.4647e-02,6.3580e-02,5.0962e-02,3.7100e-02,2.2338e-02,7.0425e-03,-8.4079e-03,-2.3639e-02,-3.8291e-02,-5.2028e-02,-6.4544e-02,-7.5566e-02,-8.4854e-02,-9.2207e-02,-9.7463e-02,-1.0050e-01,-1.0126e-01,-9.9724e-02,-9.5923e-02,-8.9956e-02,-8.1969e-02,-7.2154e-02,-6.0746e-02,-4.8010e-02,-3.4239e-02,-1.9741e-02,-4.8374e-03,1.0148e-02,2.4892e-02,3.9080e-02,5.2406e-02,6.4583e-02,7.5344e-02,8.4440e-02,9.1647e-02,9.6769e-02,9.9652e-02,1.0019e-01,9.8354e-02,9.4190e-02,8.7844e-02,7.9535e-02,6.9523e-02,5.8037e-02,4.5216e-02,3.1096e-02,1.5723e-02,-6.1488e-04,-1.7184e-02,-3.2819e-02,-4.6254e-02,-5.6528e-02,-6.3226e-02,-6.6446e-02,-6.6605e-02,-6.4240e-02,-5.9871e-02,-5.3946e-02,-4.6834e-02,-3.8835e-02,-3.0194e-02,-2.1116e-02,-1.1774e-02,-2.3175e-03
-2.6826e-03,-1.5977e-02,-2.9617e-02,-4.3288e-02,-5.6608e-02,-6.9141e-02,-8.0427e-02,-9.0015e-02,-9.7510e-02,-1.0261e-01,-1.0511e-01,-1.0496e-01,-1.0220e-01,-9.6959e-02,-8.9452e-02,-7.9926e-02,-6.8654e-02,-5.5929e-02,-4.2049e-02,-2.7322e-02,-1.2064e-02,3.4010e-03,1.8739e-02,3.3612e-02,4.7692e-02,6.0663e-02,7.2237e-02,8.2168e-02,9.0248e-02,9.6311e-02,1.0023e-01,1.0192e-01,1.0132e-01,9.8425e-02,9.3255e-02,8.5902e-02,7.6506e-02,6.5274e-02,5.2464e-02,3.8388e-02,2.3393e-02,7.8522e-03,-7.8507e-03,-2.3337e-02,-3.8241e-02,-5.2221e-02,-6.4966e-02,-7.6197e-02,-8.5671e-02,-9.3181e-02,-9.8561e-02,-1.0169e-01,-1.0251e-01,-1.0099e-01,-9.7168e-02,-9.1148e-02,-8.3076e-02,-7.3149e-02,-6.1607e-02,-4.8721e-02,-3.4789e-02,-2.0126e-02,-5.0564e-03,1.0094e-02,2.5001e-02,3.9353e-02,5.2851e-02,6.5213e-02,7.6176e-02,8.5492e-02,9.2934e-02,9.8291e-02,1.0138e-01,1.0207e-01,1.0028e-01,9.6023e-02,8.9420e-02,8.0704e-02,7.0201e-02,5.8278e-02,4.5246e-02,3.1280e-02,1.6396e-02,5.7758e-04,-1.5948e-02,-3.2450e-02,-4.7717e-02,-6.0417e-02,-6.9558e-02,-7.4751e-02,-7.6162e-02,-7.4296e-02,-6.9776e-02,-6.3192e-02,-5.5045e-02,-4.5734e-02,-3.5577e-02,-2.4823e-02,-1.3675e-02,-2.3024e-03
-2.8775e-03,-1.5897e-02,-2.9277e-02,-4.2720e-02,-5.5860e-02,-6.8275e-02,-7.9507e-02,-8.9101e-02,-9.6641e-02,-1.0179e-01,-1.0434e-01,-1.0418e-01,-1.0136e-01,-9.6016e-02,-8.8372e-02,-7.8709e-02,-6.7336e-02,-5.4571e-02,-4.0726e-02,-2.6114e-02,-1.1036e-02,4.2036e-03,1.9299e-02,3.3942e-02,4.7823e-02,6.0640e-02,7.2111e-02,8.1982e-02,9.0036e-02,9.6097e-02,1.0003e-01,1.0174e-01,1.0117e-01,9.8309e-02,9.3190e-02,8.5901e-02,7.6587e-02,6.5450e-02,5.2749e-02,3.8790e-02,2.3916e-02,8.4939e-03,-7.0965e-03,-2.2482e-02,-3.7300e-02,-5.1213e-02,-6.3909e-02,-7.5110e-02,-8.4573e-02,-9.2090e-02,-9.7496e-02,-1.0067e-01,-1.0154e-01,-1.0008e-01,-9.6335e-02,-9.0399e-02,-8.2418e-02,-7.2591e-02,-6.1156e-02,-4.8388e-02,-3.4584e-02,-2.0060e-02,-5.1395e-03,9.8532e-03,2.4601e-02,3.8799e-02,5.2159e-02,6.4411e-02,7.5305e-02,8.4604e-02,9.2083e-02,9.7535e-02,1.0076e-01,1.0160e-01,9.9946e-02,9.5759e-02,8.9122e-02,8.0245e-02,6.9468e-02,5.7232e-02,4.3997e-02,3.0131e-02,1.5798e-02,9.4084e-04,-1.4561e-02,-3.0556e-02,-4.6321e-02,-6.0586e-02,-7.1958e-02,-7.9436e-02,-8.2675e-02,-8.1925e-02,-7.7780e-02,-7.0943e-02,-6.2062e-02,-5.1672e-02,-4.0191e-02,-2.7936e-02,-1.5151e-02,-2.0300e-03
-3.0563e-03,-1.5588e-02,-2.8454e-02,-4.1379e-02,-5.4021e-02,-6.5985e-02,-7.6840e-02,-8.6147e-02,-9.3496e-02,-9.8546e-02,-1.0106e-01,-1.0091e-01,-9.8113e-02,-9.2808e-02,-8.5222e-02,-7.5652e-02,-6.4431e-02,-5.1896e-02,-3.8377e-02,-2.4184e-02,-9.6095e-03,5.0695e-03,1.9580e-02,3.3647e-02,4.6994e-02,5.9341e-02,7.0419e-02,7.9976e-02,8.7794e-02,9.3689e-02,9.7521e-02,9.9192e-02,9.8646e-02,9.5874e-02,9.0912e-02,8.3849e-02,7.4828e-02,6.4047e-02,5.1755e-02,3.8244e-02,2.3843e-02,8.9051e-03,-6.2087e-03,-2.1138e-02,-3.5534e-02,-4.9067e-02,-6.1436e-02,-7.2368e-02,-8.1623e-02,-8.8997e-02,-9.4323e-02,-9.7480e-02,-9.8394e-02,-9.7043e-02,-9.3460e-02,-8.7737e-02,-8.0017e-02,-7.0493e-02,-5.9401e-02,-4.7010e-02,-3.3615e-02,-1.9526e-02,-5.0628e-03,9.4602e-03,2.3734e-02,3.7467e-02,5.0386e-02,6.2239e-02,7.2794e-02,8.1832e-02,8.9146e-02,9.4535e-02,9.7802e-02,9.8773e-02,9.7309e-02,9.3339e-02,8.6893e-02,7.8134e-02,6.7380e-02,5.5085e-02,4.1792e-02,2.8028e-02,1.4166e-02,3.0306e-04,-1.3743e-02,-2.8231e-02,-4.3087e-02,-5.7574e-02,-7.0353e-02,-7.9971e-02,-8.5427e-02,-8.6440e-02,-8.3345e-02,-7.6826e-02,-6.7649e-02,-5.6505e-02,-4.3948e-02,-3.0397e-02,-1.6161e-02,-1.4679e-03
-3.1514e-03,-1.4999e-02,-2.7121e-02,-3.9264e-02,-5.1118e-02,-6.2331e-02,-7.2511e-02,-8.1257e-02,-8.8186e-02,-9.2970e-02,-9.5361e-02,-9.5225e-02,-9.2551e-02,-8.7449e-02,-8.0139e-02,-7.0915e-02,-6.0117e-02,-4.8099e-02,-3.5197e-02,-2.1723e-02,-7.9551e-03,5.8530e-03,1.9463e-02,3.2639e-02,4.5141e-02,5.6721e-02,6.7132e-02,7.6134e-02,8.3512e-02,8.9082e-02,9.2703e-02,9.4276e-02,9.3750e-02,9.1115e-02,8.6414e-02,7.9734e-02,7.1213e-02,6.1040e-02,4.9447e-02,3.6706e-02,2.3124e-02,9.0246e-03,-5.2553e-03,-1.9380e-02,-3.3023e-02,-4.5873e-02,-5.7643e-02,-6.8070e-02,-7.6923e-02,-8.4002e-02,-8.9143e-02,-9.2225e-02,-9.3173e-02,-9.1961e-02,-8.8619e-02,-8.3228e-02,-7.5926e-02,-6.6899e-02,-5.6371e-02,-4.4605e-02,-3.1887e-02,-1.8517e-02,-4.8023e-03,8.9524e-03,2.2454e-02,3.5426e-02,4.7615e-02,5.8793e-02,6.8749e-02,7.7291e-02,8.4234e-02,8.9396e-02,9.2594e-02,9.3651e-02,9.2412e-02,8.8774e-02,8.2721e-02,7.4362e-02,6.3961e-02,5.1942e-02,3.8863e-02,2.5340e-02,1.1922e-02,-1.0752e-03,-1.3679e-02,-2.6243e-02,-3.9172e-02,-5.2454e-02,-6.5306e-02,-7.6294e-02,-8.3905e-02,-8.7152e-02,-8.5824e-02,-8.0346e-02,-7.1478e-02,-6.0039e-02,-4.6745e-02,-3.2154e-02,-1.6675e-02,-5.9751e-04
-3.0805e-03,-1.4068e-02,-2.5240e-02,-3.6371e-02,-4.7191e-02,-5.7392e-02,-6.6639e-02,-7.4582e-02,-8.0887e-02,-8.5252e-02,-8.7447e-02,-8.7326e-02,-8.4859e-02,-8.0125e-02,-7.3314e-02,-6.4703e-02,-5.4618e-02,-4.3410e-02,-3.1419e-02,-1.8953e-02,-6.2760e-03,6.3795e-03,1.8808e-02,3.0813e-02,4.2195e-02,5.2743e-02,6.2238e-02,7.0463e-02,7.7213e-02,8.2312e-02,8.5621e-02,8.7044e-02,8.6534e-02,8.4086e-02,7.9744e-02,7.3595e-02,6.5770e-02,5.6442e-02,4.5823e-02,3.4160e-02,2.1722e-02,8.8004e-03,-4.3052e-03,-1.7293e-02,-2.9867e-02,-4.1742e-02,-5.2650e-02,-6.2346e-02,-7.0608e-02,-7.7244e-02,-8.2096e-02,-8.5043e-02,-8.6008e-02,-8.4961e-02,-8.1925e-02,-7.6973e-02,-7.0234e-02,-6.1878e-02,-5.2121e-02,-4.1211e-02,-2.9417e-02,-1.7029e-02,-4.3359e-03,8.3731e-03,2.0824e-02,3.2761e-02,4.3954e-02,5.4199e-02,6.3315e-02,7.1139e-02,7.7517e-02,8.2292e-02,8.5302e-02,8.6384e-02,8.5377e-02,8.2157e-02,7.6669e-02,6.8963e-02,5.9237e-02,4.7856e-02,3.5344e-02,2.2333e-02,9.4654e-03,-2.7497e-03,-1.4107e-02,-2.4811e-02,-3.5409e-02,-4.6445e-02,-5.7926e-02,-6.8977e-02,-7.8044e-02,-8.3554e-02,-8.4546e-02,-8.0886e-02,-7.3087e-02,-6.1978e-02,-4.8416e-02,-3.3127e-02,-1.6662e-02,5.9091e-04
-2.7542e-03,-1.2722e-02,-2.2770e-02,-3.2700e-02,-4.2284e-02,-5.1267e-02,-5.9375e-02,-6.6322e-02,-7.1833e-02,-7.5654e-02,-7.7580e-02,-7.7477e-02,-7.5293e-02,-7.1081e-02,-6.4990e-02,-5.7255e-02,-4.8175e-02,-3.8078e-02,-2.7290e-02,-1.6107e-02,-4.7849e-03,6.4666e-03,1.7470e-02,2.8065e-02,3.8091e-02,4.7379e-02,5.5745e-02,6.3000e-02,6.8958e-02,7.3456e-02,7.6365e-02,7.7595e-02,7.7102e-02,7.4890e-02,7.1001e-02,6.5521e-02,5.8572e-02,5.0309e-02,4.0919e-02,3.0613e-02,1.9623e-02,8.1930e-03,-3.4205e-03,-1.4960e-02,-2.6168e-02,-3.6793e-02,-4.6594e-02,-5.5345e-02,-6.2839e-02,-6.8894e-02,-7.3356e-02,-7.6107e-02,-7.7068e-02,-7.6204e-02,-7.3531e-02,-6.9113e-02,-6.3061e-02,-5.5536e-02,-4.6733e-02,-3.6884e-02,-2.6240e-02,-1.5071e-02,-3.6458e-03,7.7673e-03,1.8918e-02,2.9574e-02,3.9532e-02,4.8615e-02,5.6675e-02,6.3582e-02,6.9214e-02,7.3451e-02,7.6160e-02,7.7196e-02,7.6408e-02,7.3662e-02,6.8869e-02,6.2028e-02,5.3269e-02,4.2877e-02,3.1305e-02,1.9148e-02,7.0704e-03,-4.3086e-03,-1.4577e-02,-2.3692e-02,-3.2070e-02,-4.0453e-02,-4.9487e-02,-5.9143e-02,-6.8401e-02,-7.5562e-02,-7.8997e-02,-7.7786e-02,-7.1883e-02,-6.1890e-02,-4.8693e-02,-3.3175e-02,-1.6061e-02,2.1150e-03
-2.0805e-03,-1.0895e-02,-1.9676e-02,-2.8258e-02,-3.6455e-02,-4.4070e-02,-5.0892e-02,-5.6707e-02,-6.1303e-02,-6.4487e-02,-6.6094e-02,-6.6007e-02,-6.4174e-02,-6.0616e-02,-5.5440e-02,-4.8831e-02,-4.1035e-02,-3.2338e-02,-2.3037e-02,-1.3406e-02,-3.6825e-03,5.9425e-03,1.5313e-02,2.4301e-02,3.2781e-02,4.0625e-02,4.7687e-02,5.3811e-02,5.8840e-02,6.2631e-02,6.5068e-02,6.6071e-02,6.5606e-02,6.3678e-02,6.0331e-02,5.5648e-02,4.9739e-02,4.2739e-02,3.4805e-02,2.6109e-02,1.6837e-02,7.1831e-03,-2.6514e-03,-1.2460e-02,-2.2031e-02,-3.1155e-02,-3.9622e-02,-4.7232e-02,-5.3796e-02,-5.9141e-02,-6.3121e-02,-6.5619e-02,-6.6554e-02,-6.5887e-02,-6.3625e-02,-5.9817e-02,-5.4564e-02,-4.8004e-02,-4.0315e-02,-3.1706e-02,-2.2408e-02,-1.2664e-02,-2.7210e-03,7.1807e-03,1.6815e-02,2.5978e-02,3.4496e-02,4.2223e-02,4.9042e-02,5.4860e-02,5.9593e-02,6.3158e-02,6.5457e-02,6.6375e-02,6.5778e-02,6.3532e-02,5.9527e-02,5.3716e-02,4.6162e-02,3.7066e-02,2.6790e-02,1.5852e-02,4.8789e-03,-5.4779e-03,-1.4677e-02,-2.2450e-02,-2.8953e-02,-3.4822e-02,-4.0977e-02,-4.8113e-02,-5.6089e-02,-6.3689e-02,-6.9055e-02,-7.0517e-02,-6.7214e-02,-5.9202e-02,-4.7169e-02,-3.2052e-02,-1.4750e-02,4.0235e-03
-9.7454e-04,-8.5253e-03,-1.5932e-02,-2.3061e-02,-2.9776e-02,-3.5932e-02,-4.1386e-02,-4.5990e-02,-4.9606e-02,-5.2102e-02,-5.3362e-02,-5.3299e-02,-5.1868e-02,-4.9070e-02,-4.4971e-02,-3.9698e-02,-3.3434e-02,-2.6406e-02,-1.8859e-02,-1.1029e-02,-3.1284e-03,4.6705e-03,1.2232e-02,1.9453e-02,2.6240e-02,3.2498e-02,3.8121e-02,4.2991e-02,4.6985e-02,4.9987e-02,5.1899e-02,5.2658e-02,5.2235e-02,5.0642e-02,4.7924e-02,4.4155e-02,3.9433e-02,3.3869e-02,2.7590e-02,2.0723e-02,1.3405e-02,5.7724e-03,-2.0315e-03,-9.8593e-03,-1.7554e-02,-2.4953e-02,-3.1886e-02,-3.8182e-02,-4.3669e-02,-4.8192e-02,-5.1608e-02,-5.3804e-02,-5.4695e-02,-5.4236e-02,-5.2423e-02,-4.9293e-02,-4.4928e-02,-3.9446e-02,-3.3004e-02,-2.5785e-02,-1.7994e-02,-9.8452e-03,-1.5593e-03,6.6531e-03,1.4596e-02,2.2096e-02,2.9009e-02,3.5222e-02,4.0655e-02,4.5246e-02,4.8954e-02,5.1735e-02,5.3531e-02,5.4261e-02,5.3817e-02,5.2073e-02,4.8909e-02,4.4244e-02,3.8076e-02,3.0522e-02,2.1847e-02,1.2468e-02,2.9338e-03,-6.1353e-03,-1.4148e-02,-2.0681e-02,-2.5642e-02,-2.9407e-02,-3.2824e-02,-3.6947e-02,-4.2452e-02,-4.9013e-02,-5.5169e-02,-5.8901e-02,-5.8523e-02,-5.3260e-02,-4.3282e-02,-2.9367e-02,-1.2496e-02,6.4299e-03
6.3859e-04,-5.5671e-03,-1.1528e-02,-1.7149e-02,-2.2335e-02,-2.7001e-02,-3.1063e-02,-3.4442e-02,-3.7067e-02,-3.8868e-02,-3.9783e-02,-3.9763e-02,-3.8775e-02,-3.6814e-02,-3.3909e-02,-3.0132e-02,-2.5599e-02,-2.0463e-02,-1.4902e-02,-9.1006e-03,-3.2304e-03,2.5633e-03,8.1665e-03,1.3492e-02,1.8472e-02,2.3043e-02,2.7134e-02,3.0665e-02,3.3551e-02,3.5708e-02,3.7064e-02,3.7572e-02,3.7216e-02,3.6012e-02,3.4004e-02,3.1256e-02,2.7850e-02,2.3873e-02,1.9416e-02,1.4561e-02,9.3927e-03,3.9875e-03,-1.5757e-03,-7.2128e-03,-1.2829e-02,-1.8312e-02,-2.3539e-02,-2.8371e-02,-3.2661e-02,-3.6266e-02,-3.9053e-02,-4.0907e-02,-4.1742e-02,-4.1502e-02,-4.0172e-02,-3.7775e-02,-3.4370e-02,-3.0057e-02,-2.4966e-02,-1.9253e-02,-1.3092e-02,-6.6690e-03,-1.7230e-04,6.2193e-03,1.2341e-02,1.8052e-02,2.3242e-02,2.7830e-02,3.1768e-02,3.5036e-02,3.7628e-02,3.9540e-02,4.0756e-02,4.1235e-02,4.0898e-02,3.9638e-02,3.7334e-02,3.3878e-02,2.9215e-02,2.3384e-02,1.6548e-02,9.0143e-03,1.2288e-03,-6.2623e-03,-1.2883e-02,-1.8138e-02,-2.1749e-02,-2.3821e-02,-2.4949e-02,-2.6173e-02,-2.8625e-02,-3.2878e-02,-3.8349e-02,-4.3300e-02,-4.5567e-02,-4.3480e-02,-3.6385e-02,-2.4579e-02,-8.9279e-03,9.5506e-03
2.8153e-03,-1.9942e-03,-6.4777e-03,-1.0576e-02,-1.4241e-02,-1.7438e-02,-2.0143e-02,-2.2338e-02,-2.4013e-02,-2.5158e-02,-2.5763e-02,-2.5817e-02,-2.5309e-02,-2.4232e-02,-2.2592e-02,-2.0413e-02,-1.7745e-02,-1.4665e-02,-1.1274e-02,-7.6894e-03,-4.0275e-03,-3.9722e-04,3.1133e-03,6.4382e-03,9.5278e-03,1.2342e-02,1.4843e-02,1.6985e-02,1.8722e-02,2.0004e-02,2.0791e-02,2.1058e-02,2.0801e-02,2.0042e-02,1.8820e-02,1.7192e-02,1.5215e-02,1.2953e-02,1.0454e-02,7.7580e-03,4.8939e-03,1.8768e-03,-1.2805e-03,-4.5606e-03,-7.9354e-03,-1.1351e-02,-1.4733e-02,-1.7982e-02,-2.0977e-02,-2.3594e-02,-2.5702e-02,-2.7190e-02,-2.7963e-02,-2.7957e-02,-2.7141e-02,-2.5520e-02,-2.3134e-02,-2.0057e-02,-1.6391e-02,-1.2264e-02,-7.8182e-03,-3.2077e-03,1.4143e-03,5.9010e-03,1.0122e-02,1.3971e-02,1.7367e-02,2.0266e-02,2.2651e-02,2.4537e-02,2.5956e-02,2.6944e-02,2.7527e-02,2.7700e-02,2.7424e-02,2.6613e-02,2.5155e-02,2.2925e-02,1.9828e-02,1.5827e-02,1.0993e-02,5.5220e-03,-2.5924e-04,-5.9019e-03,-1.0892e-02,-1.4727e-02,-1.7028e-02,-1.7686e-02,-1.7003e-02,-1.5787e-02,-1.5231e-02,-1.6480e-02,-1.9918e-02,-2.4634e-02,-2.8603e-02,-2.9547e-02,-2.5861e-02,-1.7039e-02,-3.5229e-03,1.3738e-02
5.5910e-03,2.1965e-03,-8.1426e-04,-3.4196e-03,-5.6162e-03,-7.4166e-03,-8.8492e-03,-9.9515e-03,-1.0766e-02,-1.1336e-02,-1.1695e-02,-1.1871e-02,-1.1876e-02,-1.1709e-02,-1.1362e-02,-1.0822e-02,-1.0083e-02,-9.1495e-03,-8.0462e-03,-6.8122e-03,-5.5000e-03,-4.1649e-03,-2.8595e-03,-1.6257e-03,-4.9281e-04,5.2027e-04,1.3987e-03,2.1317e-03,2.7060e-03,3.1094e-03,3.3346e-03,3.3809e-03,3.2624e-03,3.0053e-03,2.6444e-03,2.2210e-03,1.7715e-03,1.3251e-03,8.9315e-04,4.6778e-04,2.0564e-05,-4.9268e-04,-1.1268e-03,-1.9331e-03,-2.9491e-03,-4.1863e-03,-5.6229e-03,-7.2014e-03,-8.8339e-03,-1.0411e-02,-1.1814e-02,-1.2924e-02,-1.3642e-02,-1.3889e-02,-1.3617e-02,-1.2809e-02,-1.1484e-02,-9.6870e-03,-7.4924e-03,-4.9968e-03,-2.3103e-03,4.4803e-04,3.1581e-03,5.7091e-03,8.0034e-03,9.9670e-03,1.1553e-02,1.2747e-02,1.3566e-02,1.4057e-02,1.4285e-02,1.4326e-02,1.4242e-02,1.4071e-02,1.3809e-02,1.3400e-02,1.2746e-02,1.1718e-02,1.0185e-02,8.0567e-03,5.3134e-03,2.0424e-03,-1.5454e-03,-5.1175e-03,-8.2490e-03,-1.0479e-02,-1.1397e-02,-1.0755e-02,-8.6171e-03,-5.4874e-03,-2.3636e-03,-5.4869e-04,-1.1176e-03,-4.1767e-03,-8.4402e-03,-1.1602e-02,-1.1320e-02,-6.1063e-03,4.3621e-03,1.9495e-02
