5.7554e-02,4.0589e-02,2.5612e-02,-1.3936e-02,-2.6937e-02,-3.9862e-02,7.5498e-02,1.5611e-03,-6.4429e-02,-4.5077e-02,-8.2146e-02,-8.8357e-02,-7.1404e-03,2.1691e-02,4.5443e-02,-5.3338e-03,2.0613e-02,4.2333e-02,4.0687e-02,3.9759e-02,3.9742e-02,3.9493e-02,4.1626e-02,4.5607e-02,9.6298e-03,8.1187e-03,5.7971e-02,9.8821e-02,9.9815e-02,2.6129e-02,3.6271e-02,2.3733e-02,1.8169e-03,-2.0435e-02,-8.6542e-02,-5.9215e-02,-2.6084e-02,2.1171e-02,-7.7909e-02,-9.3701e-03,-5.7591e-02,-9.1610e-02,-2.7815e-02,-1.2034e-01,-1.8020e-02,-1.8110e-02,-3.2706e-02,-8.6816e-03,8.1847e-02,-1.0614e-01,-1.2214e-01,-7.3038e-02,2.6813e-02,2.2368e-02,7.4323e-03,-4.0804e-03,-6.6400e-02,-1.1139e-01,7.3960e-03,2.0394e-02,3.9043e-03,-2.9640e-02,-1.7735e-03,2.8381e-02,1.2776e-02,3.8860e-02,4.1507e-02,2.0315e-02,1.6595e-02,-4.7503e-03,7.0157e-02,1.7191e-02,3.0107e-02,9.7861e-02,3.9964e-02,3.3250e-02,8.3477e-02,-1.4232e-03,-5.4774e-02,-2.2466e-02,-5.4877e-03,-1.2755e-02,-1.6849e-02,2.3087e-02,4.6904e-02,4.1817e-02,-1.4548e-02,-5.3678e-02,-6.3486e-03,2.9414e-02,-2.3549e-02,-9.1479e-03,2.5699e-02,2.0426e-02,2.1023e-02,1.8560e-02,-4.8815e-02,-1.8711e-02,-7.8104e-02,-8.1672e-02
2.6235e-02,-1.9906e-02,1.9514e-02,-2.3916e-02,2.1587e-02,-5.9167e-02,-3.4425e-02,5.0697e-02,-8.3528e-03,-4.9451e-02,-5.0336e-02,-1.9684e-02,9.1577e-03,2.5695e-03,-4.3313e-03,-3.8234e-02,-5.1378e-03,-3.3629e-02,8.2112e-03,2.1074e-02,2.4613e-02,2.0151e-02,4.2199e-03,-6.7917e-02,-2.5806e-02,-3.3546e-02,5.1091e-03,-2.3395e-02,-4.9514e-03,2.6527e-02,7.1053e-02,6.1041e-02,5.0031e-02,-1.2427e-02,3.4197e-02,2.9686e-02,2.2283e-02,2.4594e-02,-1.1386e-02,9.9954e-03,5.2000e-02,-1.1847e-02,-7.5666e-02,3.4711e-02,4.8314e-02,9.4573e-03,-4.0115e-03,7.6362e-03,-5.1024e-02,-5.5326e-02,-2.7127e-02,5.4600e-02,3.9454e-02,-5.8691e-02,7.5833e-03,4.9149e-02,3.6050e-02,8.4999e-03,-8.5152e-03,-1.3638e-03,3.7070e-02,-2.9431e-02,6.9974e-03,-1.6889e-02,-3.1029e-02,-4.5379e-02,-3.4964e-02,-1.1374e-02,-1.5913e-02,-5.4902e-02,-9.9775e-03,-2.6387e-02,-5.4483e-02,2.9813e-02,-2.4106e-02,3.8593e-02,4.6219e-02,-7.1260e-03,-1.0421e-01,-2.3319e-02,-8.0260e-03,-1.4810e-02,-3.3188e-02,-2.0826e-02,-4.3209e-02,-8.8057e-02,-6.1978e-02,-3.6026e-02,9.7673e-03,-3.7871e-02,1.6495e-02,1.5463e-02,2.3809e-02,-2.3920e-02,-1.5810e-03,-1.9018e-02,1.6979e-03,-1.7408e-02,-4.8817e-03,-9.1553e-05
-2.8745e-02,3.8393e-03,-5.8437e-02,1.0083e-03,-6.1066e-02,5.1310e-03,-3.4631e-02,-3.1624e-02,1.4882e-02,-4.2581e-02,-2.1149e-02,-9.3042e-03,9.2064e-03,3.1241e-02,-1.7654e-02,5.9820e-03,2.0456e-02,1.7520e-03,-3.0030e-02,7.6989e-03,4.6546e-03,-7.9719e-03,-2.5892e-02,5.1175e-02,3.1698e-02,1.0731e-02,2.7383e-02,-3.7756e-03,4.2601e-03,-5.0602e-02,-2.4903e-02,2.0526e-02,3.1933e-02,5.9916e-02,6.6804e-02,5.0982e-02,7.3900e-03,2.9086e-03,-2.6461e-03,8.5684e-03,-9.3921e-03,7.5874e-04,6.3181e-02,4.1894e-02,-5.2466e-02,-1.5253e-01,-1.2390e-01,-7.8656e-02,-6.8083e-03,1.0971e-01,6.5142e-02,1.7818e-02,-7.0993e-02,-1.5013e-02,-9.0619e-03,-2.0112e-03,4.1585e-02,2.8793e-02,3.8554e-02,-3.7514e-03,7.0201e-02,2.3698e-02,1.2866e-02,3.1965e-02,4.5305e-02,4.1739e-02,6.4569e-02,6.2168e-02,7.6898e-02,9.6668e-02,4.7955e-03,2.6093e-02,-2.7828e-02,-4.3458e-02,-2.3228e-02,-8.1349e-03,-5.6184e-02,-9.2888e-04,2.4071e-03,2.0832e-02,3.9735e-02,3.7498e-02,3.5785e-03,-4.6513e-02,-7.1150e-02,-5.3993e-02,-6.1700e-02,-1.6396e-02,-4.7009e-02,-1.8230e-02,1.0298e-03,9.4247e-04,-2.7886e-02,-3.6732e-02,-3.1359e-02,-2.5281e-02,-1.6359e-02,-2.5595e-02,4.3834e-02,2.5537e-02
-5.6833e-02,1.2540e-02,-4.5369e-02,-4.0465e-02,-2.8565e-02,-6.6038e-02,-8.0030e-02,-7.2738e-02,-8.4120e-02,8.4518e-02,-7.1062e-03,9.7712e-03,-2.8163e-03,-7.4616e-02,-3.1821e-02,-2.0801e-03,1.7266e-02,2.7890e-02,2.3328e-03,-5.5804e-02,3.2600e-02,9.1166e-03,8.2862e-02,1.2329e-01,8.9448e-02,1.0342e-01,8.8505e-02,6.3471e-02,6.2751e-02,2.2252e-02,1.9160e-03,-4.1332e-02,-1.7994e-02,4.8806e-02,6.7699e-02,-1.7446e-02,-2.2355e-02,-3.6548e-02,4.7921e-02,-2.6185e-02,-1.0137e-02,2.8263e-02,3.2144e-02,1.4798e-02,3.8403e-02,1.0581e-01,-3.9120e-02,-6.7727e-02,-1.1604e-01,-9.3056e-02,-7.5322e-02,-8.9188e-02,-3.9893e-02,-5.3406e-02,-4.8898e-02,-3.3225e-02,-1.8507e-02,2.4025e-02,-1.1026e-02,1.4859e-02,-9.6461e-02,1.6392e-01,6.4258e-02,5.3507e-02,4.8497e-02,7.1640e-02,8.5324e-02,1.2085e-02,3.7217e-02,8.4228e-02,-1.8048e-02,1.1972e-01,5.3643e-02,2.0763e-02,1.8237e-02,2.6455e-03,-2.3604e-02,9.5819e-02,3.4905e-02,6.4393e-02,1.3384e-02,2.6638e-03,-4.1243e-02,-4.4853e-02,-3.7070e-02,-4.8669e-02,-1.6554e-02,-2.8755e-03,-2.8876e-02,-6.5384e-02,-3.9790e-02,-2.3903e-02,-1.2350e-01,-5.6409e-02,-5.2445e-02,-3.7835e-02,1.5444e-03,2.7597e-02,2.1183e-03,3.4680e-03
8.4520e-03,-7.9287e-02,-2.1376e-02,-5.8083e-02,-2.8230e-02,-5.3975e-02,-8.9645e-02,-1.1390e-01,-7.3346e-02,1.9289e-02,-1.2560e-02,-4.9838e-02,-9.1550e-02,-4.7511e-02,-1.5936e-02,-1.4209e-02,-1.7720e-03,1.2270e-02,1.3884e-02,4.9597e-02,-1.5642e-02,5.2369e-02,9.9167e-02,7.2125e-02,7.4596e-02,9.3069e-02,7.4034e-02,8.4583e-02,1.0452e-01,8.6311e-02,4.3133e-02,-7.3650e-03,1.1084e-02,-5.2492e-02,-9.1493e-03,5.3124e-02,2.0172e-02,-1.5572e-02,-8.4085e-03,-4.1739e-02,-8.6440e-02,-5.8754e-02,-1.8677e-01,-1.7470e-01,-1.6114e-01,-1.0796e-01,-5.6622e-02,-9.2864e-02,-8.0128e-02,-6.0964e-02,-9.4234e-02,-1.2517e-01,-9.1535e-02,-3.0965e-02,-3.2851e-02,-4.5279e-02,-4.2497e-02,-5.0148e-04,-2.6886e-02,-2.9031e-03,1.3627e-02,-2.4084e-02,1.7773e-02,7.1083e-02,1.0440e-01,5.7035e-02,1.7072e-02,7.5852e-02,2.3264e-02,-2.7026e-03,5.5128e-02,5.4858e-02,1.4824e-01,-1.4502e-02,2.7089e-02,4.9855e-02,1.1737e-02,2.5629e-02,1.8764e-02,2.2322e-02,-6.1617e-02,-4.9400e-02,-4.8122e-02,-4.0865e-02,-4.1971e-02,-2.3693e-02,5.3203e-02,-4.5574e-02,-5.9499e-02,-8.4235e-02,-8.7690e-02,-1.1024e-01,-1.1645e-01,-6.6472e-02,-1.0426e-02,-7.5068e-02,1.0658e-02,-2.5745e-02,-1.3115e-02,2.9878e-02
6.8766e-03,8.4457e-03,-5.9772e-02,-3.0693e-03,-7.6374e-02,-4.5958e-02,-9.4998e-02,-2.6297e-02,-7.2290e-02,-5.7369e-02,-9.5729e-02,-5.6966e-02,-7.6953e-02,-2.5907e-02,1.9094e-02,7.4342e-03,1.1019e-02,-1.2793e-02,6.0692e-02,3.3516e-02,5.4758e-02,3.2542e-02,1.7655e-03,-8.9535e-03,7.9264e-03,4.7693e-02,3.6603e-02,6.4633e-02,7.9263e-02,9.0282e-02,7.4183e-02,8.7840e-02,7.4768e-02,4.0138e-02,-4.5558e-02,-2.6289e-02,1.8495e-02,-2.4223e-02,-3.8197e-02,-1.1284e-02,3.0005e-02,2.9649e-02,-9.7640e-02,-1.4804e-01,-1.4282e-01,-6.9176e-02,-2.2617e-02,2.6928e-03,8.9280e-02,-5.8413e-02,-2.7383e-02,5.2242e-02,-7.0079e-03,3.5535e-02,-1.8301e-03,-1.1074e-02,5.6521e-03,2.6921e-03,3.2079e-02,-2.4781e-02,-4.2693e-02,2.5700e-02,-1.5107e-02,6.1549e-03,1.9684e-02,9.8008e-02,5.4408e-02,4.3658e-02,5.6939e-02,5.9179e-02,1.1133e-01,1.8104e-02,7.8171e-02,6.6118e-02,5.4523e-02,6.0198e-02,6.1589e-02,-1.3386e-02,-3.4679e-03,-7.5861e-02,-7.7457e-02,-6.4338e-02,-5.3859e-02,-3.2100e-02,1.1231e-02,-1.8147e-02,-5.0524e-02,-9.7433e-02,-1.0352e-01,-1.1244e-01,-1.4000e-01,-1.3879e-01,-2.2507e-02,4.0064e-02,-7.7246e-02,-4.4097e-02,-1.4891e-02,-2.3107e-02,-2.9642e-03,4.1425e-02
-7.4178e-05,1.4184e-02,-1.5970e-02,-4.7635e-02,-4.6514e-02,-7.0788e-02,-1.6701e-02,-6.7716e-02,-2.6447e-02,-1.1309e-01,-6.0251e-02,-6.3827e-02,2.7797e-02,-3.8260e-02,-8.3859e-02,3.5376e-02,2.8635e-02,3.4851e-03,4.2241e-02,7.6959e-02,6.8514e-02,4.4358e-02,4.4512e-02,3.6421e-02,3.1949e-02,2.0659e-02,1.3708e-02,6.4150e-02,7.7667e-02,6.8971e-02,5.0935e-02,1.4448e-01,1.3692e-01,7.9919e-02,2.4593e-02,-9.2643e-03,5.9640e-02,1.3837e-02,-3.6946e-02,-1.0547e-02,-3.0457e-02,-3.7097e-02,-6.1182e-02,-7.0661e-02,-7.2880e-02,1.6957e-02,3.8066e-02,-2.3852e-02,-9.5697e-02,-6.2587e-02,-7.1589e-02,-4.8808e-02,1.3400e-02,-1.6074e-03,6.2316e-03,-2.9070e-02,-7.2874e-02,-1.0922e-01,-5.4344e-02,4.9591e-03,7.6485e-02,5.2567e-02,1.9134e-02,2.4490e-02,4.1808e-02,-9.6963e-03,8.5113e-02,8.8761e-02,1.3096e-01,1.4654e-01,9.8822e-02,4.1502e-02,3.4731e-02,1.0010e-01,2.5267e-02,3.4479e-02,5.2994e-02,-3.7891e-02,-9.7099e-04,-1.9669e-02,1.8638e-02,-1.9140e-02,3.0273e-02,6.6306e-03,-6.4940e-02,-1.2451e-01,-1.4886e-01,-1.1517e-01,-6.9806e-02,-8.2601e-02,-1.0240e-01,-4.0049e-03,-2.0006e-02,-6.6387e-02,-2.8778e-02,-1.4713e-04,-6.6182e-02,-2.5165e-02,-3.7408e-03,1.7981e-02
-8.6671e-03,1.1293e-02,-2.1617e-03,-6.2850e-02,-9.7655e-02,-2.8431e-02,-5.7256e-02,-1.8505e-02,-8.0238e-02,-1.3745e-01,-7.1300e-02,-5.9323e-02,-6.7548e-02,-1.9850e-02,-6.1331e-02,4.6816e-03,-5.6854e-02,4.7941e-02,5.7377e-02,2.3731e-02,5.8275e-02,7.9694e-02,8.5773e-02,8.8943e-02,9.4171e-02,6.9430e-02,6.0109e-02,3.2680e-02,5.0558e-02,9.0298e-02,6.7328e-02,1.2000e-01,7.4869e-02,2.8671e-02,-1.5804e-02,3.2412e-02,-3.4477e-02,7.6126e-02,-1.7391e-03,-4.8367e-02,-5.7613e-02,-1.3799e-01,3.1457e-02,-7.6316e-02,1.8546e-04,-6.2411e-02,-7.2935e-02,-1.1749e-01,-1.0590e-01,-5.8540e-02,-5.6271e-02,-9.2962e-02,-8.6081e-02,-1.3451e-01,-1.5135e-01,-7.3021e-02,-5.8444e-02,-1.9690e-02,2.9185e-02,6.1686e-02,1.3913e-01,2.5133e-02,9.7326e-02,9.6255e-02,8.3946e-02,5.1553e-02,9.3808e-02,1.2494e-01,9.1964e-02,8.4864e-02,1.1270e-01,1.0867e-01,2.7999e-02,2.1076e-02,6.5914e-04,-2.2382e-02,3.0113e-02,7.9900e-03,-1.0895e-03,-1.5381e-02,4.6384e-02,-5.7772e-02,-5.9608e-02,-5.9909e-02,-1.0540e-01,-9.1794e-02,-1.2761e-01,-1.3448e-01,-8.8702e-02,-9.7363e-03,1.5333e-02,-3.1193e-02,-1.0759e-01,-9.2095e-02,-8.4464e-02,-4.3051e-02,-1.1311e-01,-7.5118e-02,-5.0395e-02,-4.6445e-02
-1.6241e-02,1.7277e-03,-1.3935e-02,-1.0494e-01,-8.7644e-02,-4.9131e-02,-5.5085e-02,-6.3998e-02,-1.1484e-02,-1.1421e-01,-6.4761e-02,-3.2554e-02,-1.2358e-01,-6.4248e-02,3.0943e-03,-5.6064e-02,1.8753e-02,2.3776e-02,-5.0854e-02,2.8426e-02,5.2530e-02,9.6990e-02,1.0386e-01,1.1810e-01,1.2613e-01,1.1595e-01,1.3537e-01,1.7964e-01,9.3362e-02,-6.7476e-03,2.6182e-02,8.1882e-02,5.5821e-02,1.9210e-02,4.5993e-02,9.2889e-02,-7.7441e-03,-2.9223e-02,4.6691e-02,-3.9174e-02,-6.1767e-02,-9.9476e-02,1.1453e-02,-1.9234e-02,-1.2046e-01,-2.1376e-01,-1.9020e-01,-1.6416e-01,-1.3833e-01,-1.2173e-01,-1.2897e-01,-2.0030e-01,-1.5468e-01,-1.0649e-01,-8.4334e-02,-6.8142e-02,1.0259e-02,2.8881e-02,1.0308e-01,3.6675e-02,2.5370e-02,7.1462e-03,5.5341e-02,1.1287e-01,8.7114e-02,7.7123e-02,6.0256e-02,7.8410e-02,6.2160e-02,3.2476e-02,1.6978e-02,7.7942e-02,2.5888e-02,8.1196e-02,1.2842e-01,8.4028e-02,6.9803e-02,4.8397e-02,2.1617e-02,-3.9268e-03,-5.7754e-03,5.0677e-02,-7.4705e-02,-1.3965e-01,-6.6435e-02,-5.8119e-02,-4.5733e-02,1.0061e-02,-8.4902e-02,-8.9166e-02,-1.3728e-01,-8.7718e-02,-4.8825e-02,-4.3797e-02,-4.8227e-02,-3.2445e-02,-5.6788e-02,-5.4281e-02,-3.3633e-02,-3.3684e-02
-1.1159e-02,-1.0120e-02,-6.9273e-02,-1.1786e-02,-4.3163e-02,-1.0302e-01,-5.7660e-02,-1.1956e-01,-1.1710e-01,-5.5775e-02,-5.5097e-02,-6.5230e-02,-2.7152e-02,-5.9515e-02,-2.6978e-02,-9.8349e-02,-6.9692e-03,3.8182e-03,-3.7521e-03,5.3022e-03,4.0453e-02,9.4293e-02,1.0355e-01,1.2251e-01,1.4402e-01,1.8173e-01,1.3583e-01,1.1206e-01,7.0274e-02,1.2008e-01,7.4712e-02,2.4466e-02,3.9321e-03,6.8794e-02,8.9509e-02,3.8485e-02,-3.6086e-03,-3.0381e-02,3.6145e-02,-2.0329e-02,-7.4153e-02,-4.3368e-02,-2.6979e-02,-5.7683e-02,-5.2382e-02,-7.9078e-02,-7.3835e-02,-1.1558e-01,-1.5603e-01,-8.9090e-02,-7.5496e-02,-8.3142e-02,-1.1011e-01,-7.5879e-02,-4.3459e-02,-1.8330e-02,-1.7038e-02,6.3686e-02,3.3232e-02,1.0396e-02,1.1283e-02,8.3892e-03,3.8411e-02,9.0201e-02,8.4154e-02,1.2967e-01,8.5839e-02,9.7031e-02,1.3379e-01,1.2819e-01,1.0461e-01,4.2737e-02,7.6398e-02,6.1129e-02,1.0759e-01,8.2422e-02,-1.8814e-02,2.5735e-02,1.0989e-02,-2.3928e-02,-3.8357e-02,-2.2130e-02,-3.3847e-02,-2.9400e-02,-1.1683e-02,-1.0736e-02,-4.4286e-02,-1.1105e-01,-1.1225e-01,-1.2205e-01,-1.0835e-01,-1.1408e-01,-1.4179e-01,-1.0236e-01,-5.3823e-02,-3.4798e-02,2.5073e-02,1.5983e-03,7.6417e-03,-3.1577e-02
6.7004e-03,-1.4830e-02,-5.7109e-02,-1.1815e-03,-4.9641e-02,-4.4722e-02,-8.2265e-02,-1.1404e-01,-1.2700e-01,-9.3348e-02,-3.2178e-02,-6.4063e-02,-3.9693e-02,-9.6821e-03,9.5349e-03,2.4012e-02,-3.5421e-02,-1.4413e-02,-1.4748e-02,1.4622e-02,1.9183e-02,2.3886e-02,4.1134e-02,6.6454e-02,8.4270e-02,8.8455e-02,6.3445e-02,5.4205e-02,1.0932e-01,1.4767e-01,1.0183e-01,9.6078e-02,6.9147e-02,4.8609e-02,9.0390e-02,2.4249e-02,-8.5822e-04,-8.8100e-03,-2.2617e-02,2.4748e-03,-5.8409e-02,-1.4259e-02,-1.1361e-01,-5.5512e-02,-1.0730e-01,-7.8299e-02,-1.7111e-01,-9.5893e-02,-8.6320e-02,-1.0340e-01,-7.0854e-02,-7.0193e-02,-1.0598e-01,-5.5079e-02,2.4990e-02,7.8340e-03,2.3551e-02,-1.7859e-02,-1.2636e-01,-1.4691e-02,1.6748e-02,7.3009e-02,4.7355e-02,5.8194e-02,7.0393e-02,1.7424e-01,1.0375e-01,9.5927e-02,1.2609e-01,1.0967e-01,1.3217e-01,1.2075e-01,1.5505e-01,6.8391e-02,6.3185e-02,9.6027e-03,9.3266e-04,1.1489e-02,2.1840e-03,-2.2323e-02,-5.9470e-02,-4.3764e-02,-6.9639e-02,-4.2626e-02,-6.4569e-02,-8.7764e-02,-1.1069e-01,-9.2338e-02,-1.1889e-01,-7.6346e-02,-1.0152e-01,-1.1505e-01,-1.0574e-01,-1.0570e-01,-1.2327e-01,-7.7841e-02,1.6637e-02,5.8866e-02,5.2830e-02,4.8766e-02
1.7105e-02,-1.3615e-02,-2.6254e-02,-1.7494e-02,-1.3393e-03,-3.4405e-02,-9.4217e-02,-9.0915e-02,-8.9223e-02,2.2567e-02,-1.0767e-01,-2.6026e-02,-4.3351e-02,-5.6710e-02,1.4603e-02,8.4384e-02,5.7244e-02,-1.6196e-02,7.0204e-02,9.5851e-02,6.1464e-02,8.1008e-02,6.5452e-02,1.9759e-02,2.4953e-03,4.4511e-02,8.3181e-02,1.1976e-01,1.4157e-01,1.2529e-01,8.8198e-02,6.3359e-02,9.5634e-02,6.5084e-02,6.3180e-02,3.9828e-02,2.5940e-02,1.9378e-02,-3.5554e-02,-8.7282e-03,-1.6039e-02,-4.8090e-03,-1.7755e-01,-1.3404e-01,-1.7223e-01,-7.4564e-02,-6.1308e-02,-3.5933e-02,-5.4194e-02,-6.7338e-02,-2.7767e-02,-2.7347e-02,-6.5198e-02,6.0893e-03,1.9791e-02,-6.4160e-02,-1.3852e-01,-3.8085e-02,2.3116e-03,1.8619e-02,2.7975e-02,8.5650e-02,4.8892e-02,4.9211e-02,6.1282e-02,1.2668e-01,1.2108e-01,1.1332e-01,1.2277e-01,9.3864e-02,4.9220e-02,1.0634e-01,1.3677e-01,1.2533e-01,6.4507e-02,2.7303e-03,4.1794e-02,1.0612e-02,-7.3614e-03,-1.5689e-02,-6.0409e-02,-6.0071e-02,-7.4072e-02,-6.1231e-02,-9.2183e-02,-1.3317e-01,-6.2757e-02,-1.2725e-01,-1.0514e-01,-8.0980e-02,-1.1190e-01,-1.3567e-01,-8.4574e-02,-6.5883e-02,-7.2860e-02,-5.0250e-02,-9.8517e-02,-7.0300e-02,-9.1606e-03,3.5862e-02
1.5523e-02,-8.2800e-03,-3.4132e-03,-2.9657e-02,-1.2038e-02,-1.2587e-02,-7.8317e-02,-5.3610e-02,-6.0559e-02,-1.0468e-01,-9.4457e-02,-9.0647e-02,-5.3296e-02,-6.7767e-02,-6.0339e-02,-7.9799e-03,7.1858e-03,3.2219e-02,9.8510e-02,7.4011e-02,8.2642e-02,6.0772e-02,7.9041e-02,8.1806e-02,1.2080e-01,1.3710e-01,9.0391e-02,2.4108e-02,5.1523e-02,9.9083e-02,1.2225e-01,7.2962e-02,7.6581e-02,6.4632e-02,1.1688e-02,-7.2396e-03,8.9298e-03,2.4935e-02,-1.8534e-02,-5.4866e-02,-2.5706e-02,-5.7515e-02,-1.6073e-01,-1.0987e-01,-7.3644e-02,-5.8181e-02,-5.7647e-02,-9.1325e-02,-6.5775e-02,-1.9761e-01,-1.2483e-01,-9.3294e-02,-6.6322e-02,-9.6564e-02,-1.2418e-01,-5.5043e-02,-1.9707e-02,3.2937e-03,1.9017e-02,2.8294e-02,3.3533e-02,4.7984e-02,2.9849e-02,8.3961e-02,7.7914e-02,6.5305e-02,7.0381e-02,9.9015e-02,8.4561e-02,4.8852e-02,9.0380e-02,9.2807e-02,9.3269e-02,9.5315e-02,2.2168e-02,2.6973e-02,2.9198e-02,8.6868e-02,3.1726e-02,-2.9991e-02,-5.5771e-02,-6.4788e-02,-1.1020e-01,-1.0587e-01,-8.6935e-02,-9.1189e-02,-1.0353e-01,-1.2976e-01,-1.1410e-01,-1.0420e-01,-1.3734e-01,-1.3152e-01,-6.6457e-02,-4.6574e-02,-8.0275e-02,-7.7686e-02,-9.8306e-02,-1.0703e-01,-9.4726e-02,-2.5839e-02
1.1158e-02,-9.5719e-03,2.4809e-02,-1.1116e-02,-8.8185e-02,6.9881e-03,1.0989e-03,1.5516e-03,2.2665e-02,-1.3672e-01,-1.2004e-02,-8.0928e-02,-2.4473e-02,-3.9761e-02,-5.9905e-02,-5.7038e-02,-5.2007e-02,1.0785e-02,3.9548e-02,-5.8626e-03,3.7763e-02,8.6115e-02,7.7479e-02,6.3807e-02,1.1620e-01,7.7751e-02,7.1768e-02,9.8149e-02,8.6300e-02,6.7448e-02,1.1163e-01,1.5536e-01,3.1182e-02,1.2976e-02,8.9278e-03,3.3490e-02,3.5007e-02,9.2031e-03,-9.6069e-03,-5.8982e-02,-5.9019e-02,-1.2580e-01,-6.0383e-02,-1.3642e-01,-1.0043e-01,-1.5532e-01,-9.3467e-02,-1.1009e-01,-1.1312e-01,-1.3669e-01,-1.5073e-01,-7.0386e-02,-6.5400e-02,-9.0046e-02,-1.0883e-01,-3.0542e-02,-8.7255e-03,8.8906e-03,2.1423e-02,2.9947e-02,3.5974e-02,3.9070e-02,3.7720e-02,3.4330e-02,1.1362e-01,1.7428e-02,7.5149e-02,4.9879e-02,2.3712e-02,9.0080e-02,1.1447e-01,1.0751e-01,9.8219e-02,3.7771e-02,4.2268e-02,2.9551e-02,4.3433e-02,-2.7817e-02,4.3794e-03,2.9439e-03,1.8485e-02,-4.6921e-02,-5.1301e-02,-1.0707e-01,-7.3654e-02,-9.3117e-02,-1.1275e-01,-9.4120e-02,-1.0196e-01,-9.0330e-02,-1.0074e-01,-7.4253e-02,-7.7165e-02,-1.1313e-01,-7.8305e-02,-6.0058e-02,-5.0718e-02,-4.8735e-02,-4.0494e-02,-3.5510e-02
1.4589e-02,-3.3185e-03,1.3624e-02,7.6357e-03,-3.9948e-02,-7.8234e-02,7.2601e-03,5.6973e-03,2.0070e-02,-2.4519e-02,1.6888e-02,-4.0661e-02,-2.4060e-02,1.1969e-02,-4.4504e-02,-5.9257e-02,-2.0266e-02,3.0303e-02,-1.3935e-02,-6.1488e-03,-1.4481e-02,-1.4962e-02,2.5645e-02,8.4527e-02,6.4563e-02,3.0575e-02,1.1101e-01,1.2957e-01,1.2409e-01,8.4548e-02,8.4522e-02,6.6245e-02,1.0460e-01,5.3546e-02,-2.1399e-02,2.7739e-02,3.2328e-02,-1.2270e-02,-1.4865e-02,-3.9651e-02,-9.1641e-02,-5.7905e-02,3.4102e-03,-3.4248e-02,-2.3510e-02,-9.5595e-03,-5.2007e-02,-9.1977e-02,-1.0589e-01,3.4253e-02,-1.0476e-01,-9.8314e-02,-5.4044e-02,-6.2314e-02,-7.0091e-02,-2.2706e-02,-2.8987e-03,1.1876e-02,2.4522e-02,3.3979e-02,4.0850e-02,4.3862e-02,8.6269e-02,3.4549e-02,6.4565e-02,7.5277e-02,6.2790e-02,1.2646e-01,9.1891e-02,6.7713e-02,5.4300e-02,8.3361e-02,6.6652e-02,5.0629e-02,7.7500e-02,3.6428e-02,4.5967e-02,2.8672e-02,-1.9346e-02,-3.0108e-02,-4.1182e-02,-3.5489e-02,5.2938e-02,-2.9046e-02,-8.2599e-02,-5.6569e-02,-1.2098e-01,-9.7187e-02,-1.3968e-01,-9.4595e-02,-7.1566e-02,-1.0531e-02,-6.7117e-02,-8.5833e-02,-3.9611e-02,-2.6159e-02,-2.7178e-02,-2.6639e-02,-6.4420e-03,-6.5236e-03
2.0225e-02,2.8018e-03,-6.1812e-02,1.0729e-02,9.4124e-03,-4.9871e-02,-3.6015e-02,2.2502e-02,-6.5254e-02,1.7587e-02,2.7990e-02,1.3126e-02,4.2236e-03,-1.9972e-02,1.6323e-03,-2.5556e-02,-1.0991e-02,4.5825e-02,1.8870e-02,4.7954e-02,9.6781e-02,6.5119e-02,1.0827e-01,1.3709e-01,1.4218e-01,1.5841e-01,1.6682e-01,1.6057e-01,1.2990e-01,4.0688e-02,-9.8850e-03,3.0838e-02,6.2028e-02,5.2421e-02,6.4947e-02,-3.1763e-02,-3.4514e-02,-3.4179e-02,-3.5222e-02,1.5905e-02,-9.4459e-02,-6.9462e-02,2.1528e-02,-7.3676e-03,-5.3884e-02,-8.6325e-02,-1.0278e-01,-7.9885e-02,1.1388e-02,-4.1803e-02,-5.7895e-02,-1.0266e-01,-2.9774e-02,-2.7692e-02,-2.1994e-02,-1.0787e-02,-6.3273e-04,8.0879e-03,2.1658e-02,3.5003e-02,4.4367e-02,4.9918e-02,2.0916e-02,7.7285e-02,3.7926e-02,1.0383e-01,1.3328e-01,9.9960e-02,8.6962e-02,9.3323e-02,6.5218e-02,-1.6128e-03,3.4266e-03,2.9324e-02,1.1840e-01,9.9988e-02,1.9778e-02,1.2845e-02,3.1729e-02,1.2536e-02,7.0627e-03,-7.3087e-02,-5.5057e-02,-2.3627e-02,-1.8522e-02,-2.2170e-02,-8.0354e-02,-2.9022e-02,-7.8417e-02,-8.0709e-02,-4.7708e-02,-5.8230e-02,-3.5162e-02,-5.9579e-02,-2.8152e-02,-7.8507e-03,2.5560e-02,2.1642e-02,4.8878e-02,5.1240e-02
-5.0044e-03,-2.8042e-02,-4.3424e-02,-5.2513e-02,2.6724e-02,-2.2468e-02,-4.0614e-02,-2.8123e-02,-3.3080e-02,-2.1957e-02,-7.0263e-02,-6.9693e-03,2.9683e-02,1.4816e-02,4.1304e-02,6.4323e-02,1.0905e-01,-4.2343e-02,1.4542e-02,7.4123e-02,1.0405e-01,1.1097e-01,8.8136e-02,6.2084e-02,4.7548e-02,5.5113e-02,5.8140e-02,3.0254e-02,5.8181e-02,6.6287e-02,3.2387e-02,2.2281e-02,8.6102e-02,6.7020e-02,6.8745e-02,1.0598e-01,1.5811e-02,-4.1866e-02,-6.7010e-02,-2.5909e-02,-1.6978e-02,-3.3715e-02,-5.2172e-02,-3.0834e-03,-6.2729e-02,-9.9795e-02,-6.8131e-02,-3.3658e-02,-1.2435e-01,-3.6248e-02,-1.6159e-02,-2.3988e-02,-8.3908e-02,-2.1873e-02,2.4140e-03,4.5913e-03,1.0625e-04,2.8313e-03,3.6543e-03,1.3065e-02,3.2970e-02,4.9104e-02,4.9555e-02,1.1651e-01,6.0136e-02,8.3800e-02,1.0041e-01,8.3318e-02,7.8359e-02,8.2621e-02,6.5649e-02,5.6516e-02,-2.1583e-03,-3.8749e-02,3.8385e-02,6.1139e-02,9.2218e-02,2.4299e-02,-9.8776e-03,-3.2839e-02,-1.2432e-02,-1.1729e-02,3.4101e-02,-3.6432e-02,-6.8804e-02,-8.0312e-02,-7.5217e-02,-3.8687e-02,-4.9333e-02,-7.7790e-02,-4.0048e-02,-7.6827e-02,-6.6375e-02,-6.3370e-02,-6.4395e-02,-5.8147e-02,-3.9653e-02,2.5790e-02,2.5789e-02,3.1282e-02
-6.2489e-02,1.3180e-02,2.1007e-02,-1.8356e-02,3.4525e-02,5.8057e-02,-4.5231e-03,-8.8263e-02,-2.8993e-02,1.2610e-01,2.6278e-03,2.3927e-02,-3.0615e-02,-5.3095e-02,3.2147e-02,4.4285e-02,7.5867e-02,-6.7931e-03,-3.2863e-02,-2.2359e-02,1.6659e-02,-5.7415e-03,3.9981e-02,1.8122e-02,8.9980e-03,1.4257e-02,-4.4737e-03,2.7527e-02,4.2561e-02,5.2962e-02,1.0813e-01,5.8380e-02,3.1991e-02,2.2872e-02,4.3558e-03,-3.9967e-02,-4.7466e-02,-2.7066e-02,-3.7333e-02,-7.5111e-04,-5.8556e-03,-5.5314e-02,-2.3937e-02,-5.4406e-02,-3.2755e-02,-9.4338e-02,-9.2985e-02,-7.3224e-02,-3.2828e-02,-4.2962e-02,-9.6165e-02,-5.3417e-03,-2.9843e-02,-6.0123e-02,-3.5670e-02,-1.0925e-02,-7.6984e-03,3.4530e-03,7.1508e-03,5.7934e-03,4.2277e-03,2.4495e-02,6.1708e-02,8.7852e-02,9.1759e-02,7.3620e-02,7.9837e-02,7.2077e-02,7.0428e-02,7.1708e-02,4.6136e-02,5.4825e-02,2.6724e-02,3.9312e-02,-7.4193e-02,-1.1959e-02,2.2004e-02,5.0195e-02,5.2728e-02,5.8101e-02,5.7482e-02,1.2794e-02,-1.1142e-01,-4.7084e-02,-3.4124e-02,-9.6694e-02,-8.4721e-02,-5.1554e-02,-5.0950e-02,-7.1430e-02,-7.7033e-02,-8.3517e-02,-5.7505e-02,-6.8540e-02,-6.7193e-02,-1.1002e-01,-5.9154e-02,-3.5905e-03,-6.4229e-02,-2.1894e-02
6.1500e-04,1.2834e-02,9.5547e-02,3.6565e-02,3.9811e-02,-2.5963e-02,7.0854e-02,9.7691e-03,4.0726e-02,-1.3627e-02,2.5614e-02,-1.1819e-02,-5.3530e-03,8.8082e-03,1.0497e-03,-5.9079e-02,-1.0256e-01,5.0499e-02,8.9770e-02,6.8224e-02,1.5359e-02,-2.8916e-02,3.7096e-02,3.5139e-02,5.4644e-02,2.0433e-02,2.5998e-02,7.0529e-02,8.9112e-03,7.0968e-03,5.5985e-02,3.8103e-02,-1.2869e-02,5.1683e-03,6.0437e-02,5.6419e-02,3.6481e-03,-2.8080e-02,8.5917e-03,-3.6630e-02,3.7109e-02,-1.2042e-02,-9.9887e-02,-8.2025e-02,-8.6575e-02,-4.8328e-02,-7.5739e-02,-9.8214e-02,-1.2392e-01,-1.6018e-01,-6.9430e-02,-5.2172e-02,-2.3260e-02,-3.5304e-02,-1.9206e-02,-4.1477e-02,-3.9898e-02,-3.5164e-02,-3.0965e-02,-2.6757e-02,-2.2493e-02,-1.7238e-02,1.4118e-02,2.8493e-03,5.2279e-02,2.1292e-03,9.9202e-02,5.4023e-02,5.5016e-02,5.7200e-02,3.9235e-02,4.8900e-02,9.9476e-02,3.4875e-02,-4.0438e-02,-9.3632e-03,-7.3839e-02,-4.4609e-02,-6.4842e-03,-1.0784e-02,-4.0867e-02,-4.9820e-02,-3.8001e-02,-7.1772e-02,-5.5786e-02,-1.1263e-01,-9.9514e-02,-1.8320e-02,1.0827e-02,-1.5809e-02,-1.1561e-01,-8.2327e-02,-7.0726e-02,2.3975e-02,-9.4778e-03,-4.9471e-02,-2.0735e-02,-6.7999e-02,-3.0979e-02,1.5490e-02
-9.7020e-03,1.1258e-02,2.3681e-02,2.8017e-02,3.0604e-02,8.0872e-02,6.5585e-02,1.3315e-01,4.8875e-02,7.1010e-02,1.0485e-01,-1.0597e-02,2.0165e-02,2.0836e-02,-6.6905e-02,5.7009e-02,4.4183e-02,1.7279e-02,3.1881e-02,2.1794e-02,1.5475e-02,5.2669e-03,2.5730e-02,7.8109e-03,1.1498e-02,9.8755e-02,4.1108e-02,-1.1488e-02,1.9401e-02,4.0874e-02,3.2615e-02,-3.9658e-02,-9.0564e-03,3.5913e-02,3.8218e-02,1.1328e-02,-5.6532e-03,1.7619e-02,2.6165e-02,7.6178e-03,5.9475e-02,-3.1239e-02,-1.0918e-01,-9.5420e-02,-2.8870e-03,1.2345e-02,4.0597e-02,3.4491e-02,-7.7625e-03,3.4557e-03,-2.3134e-02,1.7610e-03,1.0867e-02,-8.2812e-02,6.7489e-03,3.7935e-02,1.6798e-02,-9.0572e-03,-1.9261e-02,-1.0427e-02,-1.5596e-03,1.4290e-03,-6.4136e-03,-3.8626e-02,-2.2083e-02,-3.0359e-02,-6.1498e-02,1.3725e-02,4.4435e-04,1.3578e-02,6.5354e-02,2.7258e-02,6.6073e-02,8.4608e-02,5.0611e-02,1.8301e-02,5.1051e-05,-1.4736e-02,-7.3193e-02,-5.0234e-02,-2.5762e-02,-3.5399e-02,-1.0565e-02,-1.2658e-02,-3.7654e-02,-3.4087e-02,2.6373e-02,-7.9197e-02,-3.6494e-02,-3.9407e-03,5.5541e-02,-2.3924e-02,2.0207e-03,-2.9237e-03,1.5761e-02,-7.4572e-03,2.1105e-03,-2.7327e-02,-2.5448e-02,1.2847e-02
5.7925e-03,1.3057e-02,-6.7189e-02,1.2480e-02,-3.0834e-02,8.0318e-03,3.3774e-02,8.7905e-02,7.5221e-02,4.2748e-02,8.6586e-03,5.8878e-02,4.8707e-02,1.2287e-01,5.6541e-02,4.7565e-02,4.9311e-02,4.8501e-02,7.3665e-02,7.4919e-03,2.7062e-02,3.7307e-02,-2.2934e-02,-1.4837e-03,5.1206e-02,3.3984e-03,1.8395e-02,5.1119e-02,-5.6529e-03,-8.7195e-03,-8.5494e-03,3.8552e-02,1.1904e-02,-9.1709e-03,-1.3087e-03,-8.8036e-03,1.7522e-02,3.3812e-02,3.4570e-02,4.4760e-03,-1.4465e-02,3.9468e-02,5.5908e-02,7.8421e-03,-7.8906e-02,1.3208e-02,4.6600e-02,4.9303e-02,1.0231e-02,6.3110e-02,2.4903e-02,7.1314e-03,4.4336e-02,1.6828e-02,1.5107e-02,-1.9407e-02,3.1464e-02,3.1196e-02,6.4517e-02,7.1791e-02,7.0706e-02,5.3575e-02,3.6276e-02,1.5139e-02,-1.4944e-02,1.9389e-02,2.9059e-03,-1.1002e-02,-2.9099e-02,-1.3751e-02,5.9096e-03,5.4475e-02,4.5222e-02,6.6601e-02,1.7358e-02,9.8719e-03,4.7295e-02,2.5376e-02,8.7251e-03,-3.6781e-02,-2.1060e-02,-3.6941e-03,7.6256e-03,3.3835e-03,8.1417e-03,6.6780e-02,1.2810e-02,-1.3243e-02,1.3012e-02,-1.2012e-02,6.3942e-03,6.2215e-03,-8.2996e-02,-5.3758e-03,2.6305e-02,3.0315e-02,6.7675e-02,3.3394e-03,5.7521e-03,6.9461e-03
6.3124e-02,5.6050e-02,2.4356e-02,2.4905e-02,3.6811e-02,6.6069e-02,6.7687e-02,6.5985e-02,3.6899e-02,4.6251e-02,5.7774e-02,9.6274e-02,3.3433e-02,1.4016e-01,8.9949e-02,6.3778e-02,3.0846e-02,8.4663e-02,7.4486e-02,-8.7209e-03,1.5848e-02,-1.0841e-02,-2.4271e-02,1.1860e-02,-4.6602e-03,-9.9002e-03,-2.2102e-03,1.2471e-02,3.8467e-02,-2.2028e-02,-3.0110e-02,2.5259e-02,1.3623e-02,5.3358e-02,-6.4484e-03,-1.0498e-02,-1.5850e-02,-2.8305e-02,-4.6114e-02,-2.2957e-02,-4.5828e-02,6.5398e-02,7.5250e-02,4.3406e-02,1.5577e-03,-3.5480e-03,-2.0598e-02,5.1268e-03,4.7168e-02,1.6785e-02,2.8047e-02,-1.1957e-02,-2.6610e-02,-3.7882e-03,-1.3467e-03,1.7857e-02,5.6937e-03,1.8152e-02,1.9884e-02,-1.5049e-03,1.3830e-03,-2.7471e-02,4.2488e-02,6.8564e-03,-6.1547e-03,4.1995e-02,-1.2560e-03,-1.9684e-02,2.9512e-02,3.1655e-02,3.3688e-03,3.9071e-02,-1.2080e-01,-6.7380e-02,-4.5064e-02,-6.0728e-04,3.7956e-02,5.4787e-02,1.9655e-02,1.0336e-02,-2.7252e-02,-2.9215e-03,2.1232e-02,2.4061e-02,4.3045e-02,3.1322e-02,3.9488e-02,2.0315e-02,-1.4102e-02,-1.6524e-02,8.8415e-03,4.0491e-02,8.8462e-04,-7.4463e-02,-1.1856e-01,9.7526e-02,6.7015e-02,1.1468e-02,9.3943e-03,2.0983e-02
3.5960e-02,-2.8544e-03,7.4091e-02,3.2654e-02,1.6250e-02,7.3382e-02,1.4190e-02,2.3469e-02,9.5138e-02,8.3712e-02,7.9231e-02,8.8405e-02,1.0336e-01,9.3295e-02,1.3243e-01,4.9584e-02,4.8936e-02,-1.1025e-02,-2.9749e-02,4.9392e-02,1.9850e-02,-2.4343e-02,-2.4223e-02,3.0521e-02,-1.9672e-02,-1.5438e-02,-7.8688e-03,4.1813e-05,-6.6913e-03,1.0146e-02,1.2196e-02,5.2995e-03,-3.7711e-02,-3.9015e-02,4.9426e-02,2.1252e-02,3.9699e-03,-1.3869e-02,3.5870e-03,-5.5633e-02,1.3189e-02,-3.8346e-02,6.0189e-02,2.2624e-02,2.2326e-03,-2.1963e-02,-1.4836e-02,-5.9924e-02,-4.8855e-02,-5.2920e-02,-6.1299e-02,2.5093e-02,1.7782e-02,3.3257e-02,-4.1483e-03,-3.8498e-02,-5.2004e-02,-2.2409e-02,-5.8019e-02,-5.3214e-02,-3.4699e-02,-3.7867e-02,1.4071e-02,-1.1437e-02,6.0240e-03,-6.5863e-03,2.3144e-02,7.6077e-03,-7.6907e-02,9.5860e-03,3.0240e-02,-2.6564e-02,-2.1278e-02,-8.5260e-03,6.2308e-02,2.9275e-03,-2.3345e-02,-3.9887e-03,1.8485e-02,3.3110e-02,2.4523e-02,4.0846e-02,-5.5446e-02,-2.6428e-03,2.8674e-02,2.1019e-02,-2.6366e-02,-2.1555e-02,-1.8308e-02,-3.6348e-02,-5.7724e-03,6.7573e-02,3.9543e-02,-5.7478e-03,1.3974e-02,-6.4568e-02,-6.2317e-02,7.8449e-03,-1.0797e-02,1.1146e-02
-3.7367e-02,-1.0026e-02,4.4750e-02,4.0177e-02,1.6724e-02,3.7908e-02,2.9302e-02,3.1164e-02,9.0151e-02,7.6937e-02,7.9741e-02,9.3078e-02,9.8541e-02,2.6461e-02,1.0129e-01,1.1330e-01,9.7912e-02,7.2557e-02,-5.5567e-02,-2.9769e-03,-3.5047e-02,3.0138e-02,-6.5320e-03,-1.3140e-02,-3.0080e-02,-2.0565e-02,-1.3666e-02,-8.2513e-03,-2.7208e-02,-1.3968e-02,-8.2692e-03,-5.2882e-02,-4.5086e-02,-1.1060e-01,-9.1845e-02,-1.9006e-02,4.1033e-02,4.5077e-02,-1.5531e-02,-1.5546e-02,2.7457e-02,-2.8835e-02,7.3633e-03,4.3424e-02,-1.1098e-02,-3.3492e-02,-5.4120e-02,-6.4438e-02,-2.1498e-03,4.6930e-02,4.2646e-02,-1.4373e-02,-1.7016e-02,3.5697e-03,-2.7716e-02,-2.9438e-02,-5.3543e-02,-9.0635e-03,4.8515e-03,5.4416e-04,-6.7165e-03,-1.1789e-02,-3.5945e-03,-5.8868e-02,-1.1083e-02,-3.1538e-02,-2.9400e-02,-1.0298e-02,6.7627e-04,-4.2513e-02,-5.9831e-04,-7.7253e-02,6.1560e-02,3.7618e-02,1.7478e-02,3.9739e-03,1.4037e-02,-2.2046e-02,-1.5161e-02,-2.4232e-02,4.9857e-03,1.1159e-02,1.4731e-02,3.5706e-02,-7.3093e-03,-1.9016e-02,-1.4060e-03,1.4289e-02,4.8752e-02,4.1757e-02,3.6448e-02,-3.2250e-02,2.4320e-03,7.4916e-02,1.2679e-01,3.2156e-02,2.1275e-02,1.9012e-02,-4.1375e-02,-1.3286e-02
-5.7544e-02,1.0823e-02,-6.5375e-03,1.0629e-02,6.4718e-02,8.8463e-02,8.5890e-02,2.7931e-02,9.1747e-02,7.3929e-02,7.1308e-02,6.3280e-02,7.8855e-02,-1.7876e-02,1.4815e-02,8.1044e-02,9.4586e-02,5.5417e-02,6.3099e-02,5.0761e-02,-4.5965e-02,-2.6556e-02,1.0832e-02,-3.3707e-02,-5.0363e-02,-3.8723e-02,-3.2160e-02,-3.2071e-02,-5.0045e-02,1.8438e-02,-3.1375e-02,-3.8037e-03,5.0106e-02,-5.6857e-02,6.1967e-03,7.1025e-03,-4.3789e-02,-4.6640e-03,-3.6230e-02,5.7803e-02,3.7683e-02,5.5784e-03,2.8252e-02,5.7823e-02,8.8249e-02,2.0584e-02,5.5037e-02,4.5090e-02,2.0555e-02,6.6384e-02,4.5281e-02,2.9213e-02,5.5445e-02,4.1247e-02,3.8053e-02,5.5180e-02,5.0140e-02,-3.4508e-04,-1.7599e-02,2.7254e-03,-5.1377e-03,-1.4882e-02,-1.4565e-02,-3.3410e-02,-3.6934e-02,-1.0183e-01,-9.2820e-02,-5.7708e-02,-4.5505e-02,-8.5665e-02,-1.4810e-01,1.7113e-02,-1.5170e-03,-2.7473e-03,-3.5379e-02,-3.3494e-02,-8.1937e-02,-1.7578e-02,4.4528e-04,1.2251e-02,5.4949e-03,-1.7755e-02,4.9600e-02,-3.9473e-02,-1.0552e-01,-8.2385e-03,-8.4953e-03,-2.9166e-02,1.3979e-01,6.4064e-02,1.0091e-02,6.8736e-03,5.7235e-02,9.2976e-02,4.9773e-02,3.0172e-02,4.7169e-02,7.6449e-02,4.7038e-02,-7.2022e-02
1.8157e-02,2.1298e-02,4.4320e-02,3.4954e-02,5.5131e-02,8.4343e-02,1.0255e-01,3.8946e-02,9.8602e-02,1.0621e-01,1.1065e-01,1.1153e-01,1.2741e-01,4.0429e-03,7.7612e-02,8.3967e-02,2.3756e-02,7.5407e-02,8.1568e-02,4.2153e-02,9.1943e-02,-5.7798e-02,-9.2267e-03,-3.1067e-02,-7.7126e-02,-8.1920e-02,-8.6812e-02,-1.0507e-01,-8.2727e-02,-6.1635e-02,-7.5927e-02,-7.2781e-02,3.8582e-03,8.4526e-02,6.8828e-02,-8.3232e-04,3.4199e-02,-4.9790e-03,4.9368e-02,1.0040e-01,4.4599e-02,3.4554e-02,2.9399e-02,4.3377e-02,5.8731e-02,6.8787e-02,1.0895e-01,2.0784e-01,1.0195e-01,1.3642e-02,2.7879e-02,3.7228e-02,8.5741e-02,5.5988e-02,6.1785e-02,7.6664e-02,5.6553e-02,1.5993e-02,4.4019e-03,-5.9350e-02,-1.4657e-02,-2.2291e-02,-2.5237e-02,-2.3554e-02,-4.5178e-02,-6.3030e-02,-5.7737e-02,-6.2100e-02,-3.7475e-02,-3.9086e-02,-5.2834e-02,-1.3772e-01,-7.6104e-02,-6.4920e-02,-5.0406e-02,-6.9348e-02,-2.2413e-02,-2.0244e-03,-5.8143e-03,-1.4626e-02,2.5219e-03,4.9678e-02,2.9865e-02,1.8580e-02,5.0868e-02,5.0886e-02,1.7106e-01,9.4056e-02,3.7830e-02,2.0663e-02,9.9803e-02,1.9735e-01,1.7175e-01,6.2750e-02,-3.5326e-03,-7.7880e-03,6.5532e-02,4.6396e-02,6.8330e-02,4.3855e-02
3.2593e-02,1.9499e-02,3.5025e-02,5.7096e-02,6.0726e-02,1.0394e-01,1.3125e-01,1.3341e-01,6.8805e-02,3.1554e-02,6.9869e-02,8.6650e-02,1.0392e-01,1.1016e-01,9.9619e-02,-2.3712e-02,6.1586e-02,1.0102e-01,6.6573e-02,-6.0143e-02,-6.1179e-03,1.1617e-01,-6.4837e-02,-9.8932e-02,-6.7656e-02,-8.3505e-02,-1.1248e-01,-1.3342e-01,-4.7393e-02,-7.3689e-02,-4.7558e-02,-7.0123e-02,-4.9046e-02,4.2528e-03,-6.6143e-02,3.9756e-03,4.0130e-02,-3.4395e-02,6.8015e-02,3.7993e-02,2.5101e-02,5.3007e-02,3.1136e-02,2.3159e-02,6.5872e-02,9.4367e-02,1.5955e-01,1.1905e-01,1.3341e-01,1.0520e-01,9.2264e-02,6.4411e-02,9.2666e-03,2.2220e-02,4.1834e-02,4.4850e-02,3.6110e-02,-2.2676e-02,1.1545e-02,-7.5594e-04,-5.3523e-02,-5.0131e-02,-4.2651e-02,-3.9332e-02,-5.4661e-02,-3.0749e-02,-4.1732e-02,-3.6879e-02,-4.7891e-02,-1.2821e-01,-5.6080e-02,-9.5059e-02,-1.1491e-01,-1.1605e-01,-7.9015e-02,-1.8323e-02,-1.7485e-03,-6.5428e-03,-5.8917e-03,2.8208e-02,-3.2478e-03,3.4419e-02,8.1533e-02,1.4138e-01,1.9091e-01,1.9004e-01,1.3082e-01,1.4235e-01,4.3873e-02,-1.5251e-02,3.8559e-02,2.3780e-02,5.0866e-02,3.4611e-03,3.0999e-02,7.6670e-02,-1.5315e-02,2.4502e-03,1.1484e-02,3.9031e-02
-1.2008e-02,-1.8841e-02,-4.2143e-03,3.3600e-02,3.8083e-02,1.5713e-02,9.6112e-02,1.4274e-01,1.3207e-01,1.2211e-01,9.7352e-02,7.8065e-02,1.1067e-01,1.7806e-01,6.2121e-02,1.3358e-01,3.5130e-02,2.3765e-03,2.5429e-02,4.2384e-02,9.0656e-04,-1.2985e-02,6.6202e-02,-9.6349e-02,-3.9579e-02,-6.0077e-02,-4.5901e-02,-4.9457e-02,-7.2820e-02,-1.0192e-01,-4.9394e-02,-2.8249e-02,-1.1013e-01,-1.4747e-01,-6.0303e-02,-3.8750e-02,-3.7312e-02,4.7309e-02,-2.0653e-02,-3.2152e-02,3.8312e-03,4.6858e-02,1.0113e-02,-3.8890e-03,-1.6321e-02,1.2019e-01,8.1874e-02,2.0209e-02,1.1182e-01,8.9074e-02,1.2926e-01,1.2795e-01,6.2423e-02,1.5290e-02,-2.6589e-02,-7.6115e-03,3.7783e-03,-2.5628e-02,7.9483e-03,5.8911e-03,-4.3921e-03,-2.7490e-02,-1.3217e-01,-6.4197e-02,-6.7731e-02,-3.0548e-02,-4.8671e-02,-6.1564e-02,-1.3008e-01,-3.7513e-02,-9.9147e-02,-7.0184e-02,-6.9570e-02,-3.1303e-02,-4.9442e-02,-6.9907e-02,-7.9549e-03,1.3253e-02,2.8556e-02,2.1620e-02,4.3445e-02,7.8871e-02,9.6182e-02,9.0205e-02,8.1895e-02,8.7626e-03,-2.6356e-02,5.8070e-02,1.1848e-01,1.4710e-01,1.1809e-01,3.2859e-02,2.2070e-02,-4.5343e-03,3.5009e-02,1.7826e-03,-9.8089e-03,-6.3458e-02,-2.5852e-02,-3.0952e-02
-2.0111e-02,9.9669e-03,3.2560e-02,4.7230e-02,6.1926e-02,3.0886e-02,5.3128e-02,8.5090e-02,1.3097e-01,1.4236e-01,1.7632e-01,1.4699e-01,1.0406e-01,1.9695e-01,7.6713e-02,1.0007e-01,1.0355e-01,-8.2544e-03,1.9405e-03,1.1530e-01,8.3940e-03,-9.1620e-02,-6.6582e-02,-8.5130e-04,3.4465e-02,-1.0314e-02,1.7634e-03,-8.7626e-03,-7.2116e-02,-1.0119e-01,-9.9795e-02,-7.6248e-02,-1.1276e-01,-1.4431e-01,-1.3011e-01,-1.9611e-02,-6.2752e-02,9.5495e-02,-8.0386e-03,-1.9529e-02,1.9554e-02,1.6915e-02,2.5672e-02,1.3164e-01,1.3069e-01,7.8275e-02,3.7506e-02,3.8588e-02,4.1643e-02,7.3773e-02,8.9024e-02,1.1122e-01,1.1495e-01,5.2866e-02,2.3037e-02,-7.6119e-03,-2.4488e-02,-5.2584e-03,-3.7214e-02,-9.7764e-03,-1.2997e-02,-3.7449e-02,-4.1407e-02,-2.9813e-02,-7.3826e-02,-9.6254e-02,-1.6551e-01,-1.6593e-01,-8.8957e-02,-7.9967e-02,-8.8107e-02,-1.7210e-02,-1.4379e-02,1.6232e-02,2.4760e-02,1.4481e-02,3.8795e-03,-5.1972e-02,-3.7522e-02,-4.2274e-02,2.1042e-02,6.9426e-02,5.2461e-02,3.6760e-02,3.7882e-02,7.4246e-02,7.6941e-02,1.2534e-01,9.4084e-02,9.3931e-02,5.1400e-02,5.3168e-02,2.5299e-02,9.1219e-02,9.7099e-02,4.5020e-02,1.5700e-02,-3.7196e-03,2.3280e-02,4.3767e-02
1.9290e-02,3.5798e-02,2.9656e-02,4.2739e-02,7.6566e-02,8.9363e-02,3.1803e-02,5.6705e-02,9.4177e-02,6.3804e-02,1.1296e-01,1.1709e-01,8.5579e-02,2.4944e-02,8.8419e-02,1.0232e-01,5.9590e-02,5.3760e-02,2.6064e-02,2.9016e-02,6.6207e-02,-3.1492e-03,-7.7695e-02,-2.2348e-02,-4.8538e-02,-1.2380e-01,-1.1574e-01,-5.0455e-02,-7.9545e-02,-9.2722e-02,-1.1313e-01,-1.2780e-01,-5.8929e-02,1.9567e-02,4.1274e-02,-4.1687e-02,-3.4137e-02,-2.3332e-02,-4.6722e-02,-2.8778e-02,2.1793e-02,6.7924e-02,1.1366e-01,1.2362e-01,8.5164e-02,8.9552e-02,5.0949e-02,3.5831e-02,2.5027e-02,4.3317e-02,4.5171e-02,4.7647e-02,3.0807e-02,9.9542e-02,5.0255e-02,4.3532e-02,1.5754e-02,-4.3281e-03,-2.0828e-02,-4.4400e-02,-8.8411e-02,-1.0319e-01,-6.6062e-02,-7.2765e-02,-7.9997e-02,-1.0830e-01,-7.2364e-02,-9.4815e-02,-1.4298e-01,-1.2152e-01,-3.7292e-02,-3.9310e-02,-6.7432e-02,-7.3012e-02,-7.3614e-02,-7.2751e-02,-5.9723e-02,-2.7756e-02,1.6398e-02,1.8155e-02,4.7980e-02,2.3939e-02,-2.9997e-02,-3.2204e-02,1.0058e-02,5.9991e-02,1.1163e-01,1.1112e-01,7.8263e-02,8.9892e-02,9.4891e-02,9.7434e-02,1.2919e-01,8.5306e-02,1.9381e-02,7.0710e-02,6.0023e-02,3.2553e-02,-8.9580e-03,4.5083e-03
1.9043e-02,2.8573e-02,2.4486e-02,5.3920e-02,6.6658e-02,1.0637e-01,5.7115e-02,7.0707e-03,3.2626e-02,7.4848e-02,6.6286e-02,9.5230e-02,7.7277e-02,4.1455e-02,6.8416e-02,6.3016e-02,3.2986e-02,1.4787e-01,4.4523e-02,-2.3818e-02,2.7810e-02,2.6989e-02,-2.8775e-03,-4.9098e-02,-8.2925e-02,-6.7387e-02,-1.1100e-01,-1.6715e-01,-1.9726e-01,-1.2040e-01,-5.3792e-02,-4.3845e-02,-5.4628e-02,-3.8212e-02,-1.2016e-02,-5.7738e-02,-5.4725e-02,-3.9457e-02,2.9986e-02,8.5302e-02,6.2349e-02,1.1882e-01,7.7372e-02,7.4783e-02,8.7735e-02,7.9515e-02,7.3850e-02,8.9456e-02,8.8948e-02,6.4055e-02,1.4995e-02,4.8196e-02,4.5146e-02,1.2968e-01,5.1577e-02,6.5546e-02,6.3732e-02,6.7634e-02,5.6712e-02,5.8137e-03,-9.0870e-02,-2.1642e-02,-1.1268e-02,-1.6253e-02,-7.5935e-02,-5.2536e-02,-7.4062e-02,-1.0783e-01,-4.3494e-02,-3.2324e-02,-1.1768e-01,-1.4510e-01,-9.8504e-02,-9.4659e-02,-9.6172e-02,-9.6124e-02,-7.3436e-02,-4.1953e-02,-1.7785e-02,-8.7094e-03,5.3490e-03,-1.8479e-02,7.1890e-02,8.2331e-02,9.6430e-02,1.2144e-01,1.3428e-01,7.8887e-02,9.4950e-02,9.3751e-02,1.0941e-01,8.1653e-02,1.3909e-01,1.3343e-01,3.6633e-02,2.5443e-02,6.1136e-02,1.3725e-01,-3.1747e-02,-4.4519e-02
-2.3226e-02,-1.3077e-03,2.6533e-02,4.8931e-02,4.1436e-02,7.6319e-02,4.8276e-02,3.8550e-02,1.2150e-02,4.6290e-02,2.3691e-02,6.5383e-02,6.2553e-02,4.2376e-02,1.3958e-01,3.8987e-02,2.1588e-02,2.1838e-02,-8.8310e-04,-4.2021e-02,-2.1957e-02,5.3610e-03,5.9918e-04,-1.0734e-03,-1.1060e-01,-1.0365e-02,-6.7037e-02,-7.7287e-02,-1.0890e-02,-8.8250e-02,-2.4249e-02,-7.6427e-02,-3.0002e-02,-1.5041e-02,-8.3770e-02,-9.1805e-02,7.4825e-04,-1.0335e-01,4.8198e-02,1.1607e-01,5.4698e-02,4.5670e-02,8.9852e-02,7.4070e-02,8.9798e-02,7.6003e-02,9.8029e-02,1.0846e-01,1.1742e-01,1.1759e-01,1.6026e-01,5.8543e-02,2.1511e-02,7.8939e-02,8.7283e-02,5.0125e-02,8.1636e-02,4.3927e-02,3.7466e-02,-3.6318e-02,-1.0845e-04,-7.3045e-03,-7.2272e-02,-9.2234e-02,-9.1064e-02,-9.8407e-02,-6.7856e-02,-7.9196e-02,-6.3415e-02,-1.5327e-01,-1.7110e-01,-1.5322e-01,-1.4619e-01,-8.9205e-02,-3.9712e-02,-1.5426e-02,-2.6025e-03,2.1245e-03,1.1377e-02,1.6424e-02,-2.3299e-02,3.4457e-02,8.2906e-02,7.7250e-02,7.5569e-02,9.8671e-02,8.4590e-02,1.0635e-01,9.9923e-02,1.0009e-01,1.1752e-01,1.2337e-01,9.9618e-02,1.2224e-01,9.6758e-02,5.2686e-02,4.9937e-02,3.5954e-02,-6.6744e-03,-4.4153e-02
-2.9218e-02,4.5218e-03,2.7252e-02,3.6052e-02,1.6549e-02,3.2173e-02,1.1608e-01,1.4575e-01,7.6917e-02,4.2660e-02,6.5431e-02,4.1543e-02,5.2288e-02,4.0834e-02,7.7500e-02,5.4025e-02,1.2060e-01,-2.5895e-02,8.8621e-02,1.6226e-02,-2.4989e-02,-1.9206e-02,7.7195e-02,-2.2601e-02,-1.0390e-02,1.6032e-02,1.6949e-02,-2.1415e-02,-1.1229e-02,5.6543e-02,-2.8828e-02,-6.1449e-02,-4.5660e-02,-4.8852e-02,-8.8863e-03,1.7783e-02,7.1147e-02,5.5317e-02,4.8148e-02,-4.3557e-02,7.1662e-02,7.9774e-02,4.8762e-02,3.7408e-02,1.1975e-01,1.4040e-01,1.6886e-01,1.7879e-01,1.9769e-01,1.8436e-01,1.8373e-01,1.0588e-01,1.3917e-01,-2.1207e-02,4.7941e-02,5.5020e-02,3.6796e-02,3.4764e-02,3.1379e-03,-2.2537e-02,-9.3529e-03,-7.3495e-02,-1.4899e-01,-1.3802e-01,-1.3186e-01,-8.0776e-02,-8.7139e-02,-6.0220e-02,-9.6350e-02,-9.7486e-02,-6.2463e-02,-4.9550e-02,-6.7693e-02,-1.5571e-01,-9.7475e-02,-4.6918e-02,-3.1938e-02,-2.9932e-02,-4.8936e-03,-2.0880e-02,4.6645e-02,6.1181e-02,1.0077e-01,1.2914e-01,8.1538e-02,3.5346e-02,9.8722e-02,1.0347e-01,1.0031e-01,1.0378e-01,1.1848e-01,1.3535e-01,7.2061e-02,4.0976e-02,1.0556e-01,1.0686e-01,5.0666e-02,4.5416e-02,2.9760e-02,-5.4482e-03
8.5592e-03,3.3464e-02,3.9992e-02,2.7756e-02,2.4838e-03,2.1966e-02,1.1148e-01,1.5971e-01,8.1873e-02,9.1577e-04,3.0732e-02,5.3888e-02,5.1996e-02,3.6071e-02,4.0224e-02,7.3225e-02,6.5305e-02,-1.0691e-02,3.7474e-02,5.5496e-02,5.5806e-03,-3.0593e-02,-5.7758e-02,6.5082e-03,-2.0168e-02,-9.2032e-02,-3.7667e-02,-4.0330e-02,-3.4538e-02,-9.2676e-02,-4.4277e-02,-3.2090e-02,-1.4072e-01,-9.5393e-02,-2.5201e-02,1.6833e-02,-6.2821e-02,1.9207e-02,-3.7324e-03,7.5282e-02,1.9156e-02,-3.4452e-03,7.4330e-02,7.4395e-02,9.4505e-02,1.2672e-01,1.0417e-01,1.1938e-01,1.0182e-01,8.8219e-02,7.0415e-02,3.1254e-02,9.6607e-02,4.1950e-02,2.1499e-02,3.8489e-02,-2.8440e-02,-9.6290e-02,-5.2934e-02,1.1732e-02,2.0382e-02,-7.3094e-02,-5.1198e-02,-1.0098e-01,2.4944e-03,-5.7963e-02,-7.7272e-02,-1.9723e-02,-6.5140e-02,-6.0166e-02,-5.1030e-02,-5.3587e-02,-4.5025e-02,-5.9824e-02,-1.1251e-01,-6.5799e-02,-3.5399e-02,3.5673e-05,1.4735e-02,4.3378e-02,5.4231e-02,4.6187e-02,4.9328e-02,1.0772e-01,1.2968e-01,5.9635e-02,8.9194e-02,9.5783e-02,9.7722e-02,1.0251e-01,1.1086e-01,1.2533e-01,8.1837e-02,6.0520e-02,1.0550e-01,7.6162e-02,7.0621e-02,1.4860e-02,2.3626e-02,1.0812e-02
-1.6966e-02,1.6355e-02,5.6547e-02,2.4251e-02,6.0655e-03,6.0616e-02,2.9260e-02,4.5450e-02,8.7104e-02,2.0446e-02,1.7456e-03,1.2826e-02,8.7711e-02,4.0855e-02,1.7325e-02,8.4198e-03,-2.9067e-02,-5.5613e-03,3.4132e-02,7.2705e-02,9.3623e-02,4.1708e-02,1.3444e-02,-3.4252e-02,2.1157e-02,-5.6076e-02,-1.1497e-01,-2.3076e-02,-2.4265e-02,-9.9593e-02,-1.2650e-01,-2.0614e-02,-2.8056e-02,3.4670e-02,3.1837e-02,-4.5613e-02,-6.6620e-02,-9.4371e-03,2.7917e-02,7.6923e-02,6.1582e-02,6.9073e-02,6.2311e-02,2.9719e-02,2.0913e-02,5.7003e-02,7.0662e-02,4.3688e-02,-3.2568e-02,2.3178e-02,2.4995e-02,6.4016e-02,6.3191e-02,4.7408e-02,1.7075e-02,-3.8166e-02,4.1627e-02,-2.3655e-02,-1.3454e-01,-6.2276e-02,-5.5101e-02,-1.4958e-02,-1.7135e-02,2.9535e-02,-7.5072e-02,-1.1978e-01,-1.7303e-01,-1.4154e-01,-1.6396e-01,-9.4743e-02,-6.0328e-02,-5.3525e-02,-6.3246e-02,-1.9530e-02,-3.1379e-02,-5.4738e-02,-4.9321e-02,-2.6101e-02,-4.0856e-02,2.2996e-02,3.6055e-02,2.8583e-02,2.6510e-02,2.1327e-02,4.6442e-02,7.2785e-02,8.1399e-02,9.3060e-02,9.2830e-02,9.6265e-02,9.7624e-02,8.3489e-02,9.7978e-02,1.0779e-01,9.6050e-02,-1.4684e-02,-2.1489e-02,-9.7633e-03,3.9523e-02,4.6294e-02
-4.7534e-03,-1.7693e-02,1.6883e-02,4.0265e-03,1.7831e-02,2.7576e-02,-1.8574e-02,-8.6580e-03,1.9633e-02,1.0369e-01,4.9192e-02,5.0104e-02,8.1868e-02,1.1108e-01,7.2474e-02,4.1598e-02,9.2530e-02,5.3191e-02,4.7981e-03,-4.8933e-03,8.9166e-03,1.3533e-02,1.2371e-03,-2.7150e-03,-4.9871e-03,-9.4934e-03,1.7324e-02,-2.7706e-02,-6.5748e-02,-6.5965e-02,-4.7531e-02,7.2474e-03,-6.0483e-03,-1.0794e-01,-2.4983e-02,-3.0761e-02,1.9086e-02,-1.0123e-02,-1.7607e-02,4.3803e-02,6.6647e-02,8.8366e-02,1.7815e-01,1.0671e-01,7.2819e-02,2.6259e-02,2.1176e-02,4.3237e-02,6.7440e-02,1.0942e-01,2.7690e-02,6.8350e-02,7.0124e-02,6.8455e-02,3.3902e-02,-1.5497e-03,-3.1056e-03,-8.3324e-02,-5.3442e-02,-5.8392e-02,-6.3489e-02,-4.6572e-02,-6.5101e-02,-1.1666e-01,-1.3652e-01,-1.2156e-01,-1.2104e-01,-1.2023e-01,-8.2699e-02,-1.2100e-01,-1.3360e-01,-1.0333e-01,-9.3125e-02,-3.7143e-02,7.7188e-06,-3.7784e-02,-3.5022e-02,-6.0842e-02,-2.6563e-02,6.1609e-03,3.2730e-02,2.3593e-02,2.5863e-02,-1.8811e-02,2.8166e-02,5.3840e-02,3.1557e-02,9.7888e-02,9.2468e-02,8.6161e-02,8.1063e-02,5.9164e-02,1.1324e-02,8.3290e-02,9.5465e-02,6.9953e-02,6.6139e-02,8.5038e-04,8.4745e-02,3.9444e-03
1.3097e-02,-4.4644e-03,-3.2011e-02,-2.9323e-02,1.2803e-03,-2.4014e-02,-4.7978e-02,-1.8466e-02,2.1204e-03,6.3628e-02,6.0818e-02,1.9621e-02,2.4115e-02,3.5528e-02,-4.4819e-02,8.3587e-02,1.6625e-02,5.3125e-02,-4.6106e-02,-6.7456e-02,-1.6644e-02,1.8519e-02,9.3090e-03,2.7154e-02,7.9041e-03,5.6226e-02,8.2406e-03,-2.0430e-02,-1.9529e-02,-3.7295e-02,9.3908e-03,-5.3576e-02,3.3726e-03,2.1244e-03,-3.2466e-02,-2.3566e-02,4.7645e-02,4.5363e-02,9.2110e-03,-5.7440e-02,4.7803e-02,6.4784e-02,4.9311e-02,1.1135e-01,1.3511e-01,1.3630e-01,9.3865e-02,8.7015e-02,1.3739e-01,1.0926e-01,8.7838e-02,7.8449e-02,6.0388e-02,4.7939e-02,5.3212e-02,3.8697e-02,6.0298e-03,1.5845e-01,1.3800e-01,2.3804e-02,-5.6132e-02,-4.3521e-02,-1.7564e-02,-7.6888e-03,-3.3731e-02,-6.4588e-02,-7.7928e-02,-9.6868e-02,-7.6344e-02,-7.6709e-02,-9.2891e-02,-1.1238e-01,-1.0695e-01,-9.2221e-02,-7.9013e-02,-9.6579e-03,-2.7927e-02,-9.9596e-04,-5.7440e-02,-9.8227e-03,1.5034e-02,1.5543e-02,2.4321e-02,8.6629e-03,2.3583e-02,5.8114e-02,3.6364e-02,2.1014e-02,8.3812e-02,6.7052e-02,5.1406e-02,4.3397e-02,5.1760e-02,2.7429e-02,2.4851e-02,9.0237e-02,1.1058e-01,5.9835e-02,-8.4987e-03,2.7823e-03
8.8171e-03,-1.5026e-02,-6.0790e-03,4.5432e-03,2.7775e-02,9.0164e-03,4.6444e-04,-2.4698e-02,7.7249e-03,2.1556e-02,1.5416e-02,-2.8555e-03,-7.1737e-02,-3.9970e-02,-3.6017e-02,-2.9603e-02,-4.0929e-02,5.0656e-02,5.6341e-02,-3.7993e-02,-3.3821e-02,-4.4473e-02,-1.1365e-02,1.2651e-02,-7.3890e-03,3.9151e-04,5.4382e-02,7.9913e-02,-3.7656e-02,6.8857e-02,6.4853e-02,-1.0557e-01,-5.3738e-02,5.7779e-03,-7.1807e-02,4.4697e-03,-4.1626e-02,-3.9510e-03,6.8758e-02,3.5252e-02,-1.1641e-02,4.4035e-02,1.8323e-03,5.3164e-02,1.1055e-01,1.3006e-01,1.5146e-01,9.8661e-02,9.0577e-02,5.9158e-02,8.7499e-02,5.3773e-02,3.3310e-02,4.6991e-02,7.9423e-02,9.0374e-02,-9.4948e-03,4.9091e-02,5.3409e-02,-1.1600e-02,-3.4799e-02,-2.3257e-02,-4.0676e-02,-5.9790e-02,-5.3937e-02,-3.8589e-02,-3.5078e-02,-1.1074e-02,-5.7580e-02,-4.3130e-02,-2.6273e-02,-6.5077e-02,-7.0275e-02,-6.0612e-02,-4.2886e-02,-8.3870e-02,-1.8775e-02,3.8174e-02,2.9211e-02,-1.1030e-02,-2.4540e-02,1.5111e-02,4.4714e-02,5.1165e-02,9.3289e-02,9.4977e-02,5.7864e-02,7.4357e-02,5.6700e-02,1.2236e-01,3.6594e-02,-8.1980e-04,3.9127e-03,1.9820e-02,7.3809e-03,3.1497e-02,5.5376e-02,7.1442e-02,-9.5304e-02,-3.8929e-02
-1.6527e-02,4.5575e-03,3.0096e-03,-7.5307e-03,3.3820e-03,1.4622e-03,5.5520e-03,-2.6776e-02,-1.6427e-02,-1.8993e-02,-2.1535e-02,-1.3384e-02,-3.1082e-02,-2.3624e-02,4.1254e-03,-2.5856e-02,-3.8157e-02,-4.5340e-02,-8.1694e-03,1.6799e-02,1.3790e-03,1.6083e-02,-3.7696e-02,-5.7669e-02,1.0485e-02,1.2060e-02,-3.0349e-02,-2.2780e-02,1.7048e-02,2.0929e-02,5.2541e-02,-3.6468e-02,5.1150e-02,4.6270e-02,8.3474e-02,3.7828e-02,8.0670e-03,-3.1829e-04,9.4361e-02,7.7086e-02,3.1689e-02,-8.8882e-04,1.7929e-02,4.8970e-02,3.2097e-02,-1.5715e-02,4.7959e-02,7.5195e-02,7.2884e-02,1.6089e-02,6.2263e-02,5.9470e-02,2.9332e-02,7.4111e-02,6.4334e-02,2.8675e-02,2.2055e-02,-1.4350e-02,-4.1796e-02,1.7879e-02,-7.0339e-03,-5.7928e-02,-2.7883e-02,-6.4741e-02,-5.8314e-02,-2.7711e-02,-4.3309e-02,-5.9656e-02,-7.1912e-02,-4.7390e-02,5.5511e-03,-2.0170e-02,1.7807e-03,2.8734e-02,3.3184e-02,2.5994e-02,1.4212e-02,3.8193e-02,1.1971e-01,1.5654e-01,6.8388e-02,6.1514e-02,1.0175e-01,1.1570e-01,1.5229e-01,1.1314e-01,9.1970e-02,7.7663e-02,6.6361e-02,5.4889e-02,1.0649e-01,1.2920e-01,1.0933e-01,5.2392e-02,2.4638e-02,7.7582e-02,2.4093e-02,9.4979e-03,3.4886e-02,-4.6829e-03
-3.6148e-03,9.5356e-03,-6.5541e-03,-1.3979e-02,-2.8414e-02,-1.6927e-02,-1.3345e-03,-1.7051e-02,-9.5701e-02,-5.7463e-02,-6.0860e-02,-4.0309e-02,5.2099e-03,-3.5545e-02,-6.4706e-03,-6.7251e-02,-1.4407e-02,-1.7199e-02,-2.5036e-03,2.3461e-03,-1.5478e-02,-1.7736e-02,-1.1511e-02,-5.0112e-02,-3.6990e-02,2.5207e-02,3.1783e-02,7.8988e-03,6.0147e-02,-1.9398e-02,3.0444e-02,6.9718e-02,6.7288e-03,8.6598e-03,2.5568e-02,4.0144e-02,5.9357e-02,-8.4953e-02,-5.4387e-02,2.4924e-03,4.7668e-02,1.0300e-02,1.8840e-02,-1.3810e-02,5.9448e-03,2.7014e-02,-4.5186e-03,1.1972e-02,6.5478e-02,2.5196e-02,5.0912e-02,3.8873e-02,2.5507e-02,-3.1199e-03,-2.3794e-02,1.5765e-02,5.4097e-03,-7.7881e-02,-4.6411e-02,-1.2730e-02,3.1052e-02,-6.7582e-02,-7.1349e-02,-4.2417e-02,-3.5483e-02,-4.0538e-02,-2.8443e-02,-5.4170e-02,-6.6113e-02,-6.8948e-02,-5.9544e-02,-1.3764e-02,-4.6387e-02,-7.9353e-02,-8.6518e-02,-5.5799e-02,-3.6025e-02,-8.0500e-02,-7.1346e-02,-6.3039e-02,-2.7276e-02,1.0027e-02,-2.6214e-03,3.7210e-02,4.9147e-02,3.9617e-02,2.9706e-02,1.8857e-02,4.1505e-03,-1.2121e-02,3.8832e-03,-2.3235e-03,2.2196e-02,8.7147e-02,1.1898e-02,-1.9445e-02,-1.1320e-01,-6.1170e-02,-2.7086e-02,-9.9549e-03
1.0060e-02,4.5310e-03,-2.1316e-02,-2.0231e-02,-4.1188e-02,-3.9156e-02,-1.4317e-02,-1.8390e-02,-5.5311e-02,-7.4590e-02,-9.5040e-02,-1.8977e-02,-2.1369e-02,-3.4062e-02,-3.2445e-02,-1.5843e-02,3.0618e-02,-2.1722e-02,-5.4565e-03,5.6574e-02,2.6595e-02,-2.1966e-02,-3.0630e-02,7.3760e-02,5.8528e-02,3.3055e-02,-1.4425e-02,-2.8864e-02,1.1789e-02,1.4098e-02,1.3091e-02,1.4033e-01,6.0286e-03,5.5454e-02,1.7532e-02,2.1748e-02,7.2948e-02,5.4867e-02,-1.4176e-02,2.5718e-03,3.4976e-03,3.4601e-02,8.1896e-02,-4.0506e-03,-2.1576e-02,-2.4186e-03,-2.6574e-02,-3.5565e-02,-2.9619e-02,-2.5079e-02,-3.7368e-02,-3.0143e-02,-1.1067e-02,-4.1608e-02,-6.7300e-02,-2.4148e-02,-2.5024e-02,-2.4925e-02,-5.4789e-02,-1.9346e-02,1.8922e-02,2.2727e-02,1.0643e-02,-1.9672e-02,-3.8291e-02,-3.5540e-02,-4.8025e-02,-3.3026e-02,-4.4510e-02,-4.5985e-02,-3.8379e-02,-2.5939e-02,5.4013e-03,-1.3541e-02,-6.2156e-02,-2.2117e-02,-7.7447e-03,5.4034e-03,-4.2614e-02,-5.9671e-02,-6.1122e-02,-2.0844e-02,-4.3173e-02,-8.2060e-02,-5.7726e-02,-4.5239e-02,-2.6542e-03,2.4075e-02,5.7532e-02,8.1466e-02,-5.5812e-03,5.0176e-02,3.5611e-02,2.4660e-02,4.2250e-02,-2.1504e-02,1.4810e-02,-1.1871e-02,1.4125e-02,4.7201e-02
7.2093e-03,2.9901e-03,-2.9989e-02,-3.3320e-02,-5.0629e-02,-5.6338e-02,-3.1942e-02,-3.0465e-02,-4.3995e-02,-6.0552e-02,-9.0387e-02,-6.2374e-02,-3.6853e-02,-3.9320e-02,-4.1261e-02,2.3540e-02,-4.5749e-02,-2.9852e-02,-2.4833e-02,-1.9266e-03,4.5206e-02,1.9259e-02,2.8127e-03,5.4985e-02,-6.2898e-03,-7.2035e-04,-6.1563e-04,3.6409e-02,7.5797e-02,1.0061e-01,3.3670e-02,9.3398e-02,6.1848e-02,5.0633e-02,5.7051e-02,8.3559e-02,5.7519e-02,8.6616e-02,-1.5469e-02,-2.2412e-02,8.6550e-03,-1.4048e-02,-4.8664e-02,8.5345e-04,-9.1096e-03,7.0454e-02,2.6768e-02,2.4678e-03,-3.1744e-02,2.8748e-02,4.9857e-02,1.3713e-02,-1.2080e-02,-2.1259e-02,8.1352e-03,1.8627e-02,1.6555e-02,9.4936e-03,-3.2875e-02,-2.2353e-02,2.8713e-03,3.1610e-02,3.8664e-02,3.0270e-02,7.4523e-03,-1.3374e-03,-2.8569e-02,-7.7930e-02,-3.2532e-02,-6.0165e-03,1.1607e-03,1.3214e-02,2.1871e-02,4.6204e-02,-4.7599e-03,-1.5973e-02,1.4249e-02,2.6977e-02,-7.4754e-03,2.1273e-03,-2.0371e-03,1.3641e-02,7.5165e-03,4.4093e-03,-5.1252e-02,-6.4024e-02,-3.2959e-03,6.8559e-02,4.4194e-02,3.6912e-02,2.2766e-02,5.4342e-02,7.2969e-03,-3.0354e-02,-2.9990e-02,7.6153e-02,4.1980e-02,-1.2016e-02,2.6031e-02,-5.1782e-03
-8.8876e-03,4.3290e-03,-2.2857e-02,-3.5883e-02,-5.0448e-02,-6.4672e-02,-5.4923e-02,-5.1709e-02,-4.9744e-02,-5.3786e-02,-2.2140e-02,-9.9377e-02,-5.6748e-02,-4.4021e-02,-7.7597e-02,-5.1477e-02,-2.0707e-02,-6.0286e-02,-3.7314e-02,-4.1631e-02,4.8623e-03,4.3650e-02,5.4455e-02,2.5329e-02,-1.7204e-02,2.4017e-02,8.3922e-02,1.1404e-01,4.3198e-02,1.1598e-01,8.3673e-02,5.4565e-02,8.7588e-02,2.5362e-02,3.9138e-02,3.2326e-02,3.9259e-02,1.4898e-02,2.0451e-02,5.6610e-02,2.5958e-02,-2.8452e-02,3.8850e-03,1.5635e-02,2.5920e-02,2.5938e-02,3.0032e-02,5.9750e-02,5.7442e-03,7.3968e-02,-6.9398e-03,3.4681e-02,5.6686e-02,3.3631e-02,1.2638e-02,-3.3929e-02,-3.9990e-03,3.6345e-02,3.3206e-02,-3.7119e-02,2.2691e-03,2.6338e-02,1.1569e-03,2.9690e-02,-2.8523e-03,-2.4409e-02,-1.5421e-02,1.1137e-02,-1.5326e-02,-1.5862e-02,-3.4142e-03,7.6149e-03,-6.4304e-04,-1.1350e-02,1.8341e-02,-7.7229e-02,-1.8852e-02,-4.5985e-02,-1.8731e-02,9.9620e-03,-3.1778e-03,1.3146e-02,1.0414e-02,2.1154e-02,4.6797e-02,5.8268e-02,-1.8955e-02,-1.9052e-02,-2.6569e-02,-4.7157e-02,-6.6096e-02,-6.5555e-02,1.6668e-02,-2.6576e-02,9.4180e-03,2.8499e-02,9.9038e-02,-2.9716e-04,1.2120e-02,9.9883e-03
1.5359e-02,-2.9087e-03,-9.6987e-03,-1.1774e-02,-2.6852e-02,-7.1039e-02,-8.0481e-02,-8.3321e-02,-6.5628e-02,-7.2108e-02,-7.0063e-02,-1.2994e-01,-7.1567e-02,-2.9549e-02,-1.0807e-01,-1.0287e-01,-6.1815e-02,-3.0790e-02,-5.3499e-02,-8.1358e-02,-4.4471e-02,-2.2193e-02,6.2060e-02,1.6088e-02,2.1149e-02,6.5289e-02,1.1878e-01,7.3841e-02,8.2695e-02,6.8075e-02,9.7337e-02,6.8262e-02,8.6619e-02,3.6891e-02,6.5923e-02,8.2939e-02,4.6245e-02,8.3527e-02,1.0846e-01,3.7015e-02,-9.3260e-04,3.8164e-02,3.5046e-03,1.3543e-03,1.2180e-02,-1.1538e-02,1.0498e-02,1.0864e-02,3.5521e-02,-5.7401e-02,-7.4108e-03,1.4431e-02,3.1228e-02,2.5445e-02,1.1443e-02,-4.4796e-02,-1.9806e-02,-5.1662e-04,3.0830e-02,5.8771e-02,-3.6083e-02,1.4669e-02,-1.4750e-02,4.5692e-02,4.2136e-02,3.8078e-02,4.4848e-02,8.3993e-02,6.6132e-02,8.0027e-03,-2.6087e-02,1.1625e-02,2.1509e-02,2.5139e-02,3.4790e-02,9.0261e-02,-1.4613e-02,1.1656e-02,7.4927e-02,1.0435e-02,-3.1948e-02,-1.1679e-02,1.9176e-02,6.0694e-02,2.2819e-02,1.8292e-02,6.1437e-03,-3.5761e-02,-6.7195e-02,-9.8571e-02,-5.7587e-02,8.6334e-02,1.4824e-02,-1.7235e-02,1.1059e-02,1.5011e-03,-3.7107e-02,6.0683e-02,-9.1569e-03,-2.0248e-02
8.4040e-03,-2.6489e-02,-9.4573e-03,-5.4393e-03,-1.3422e-02,-8.1010e-02,-8.6892e-02,-1.0254e-01,-8.9320e-02,-1.0657e-01,-7.3950e-02,-1.0410e-01,-5.1817e-02,-8.2495e-02,-7.0360e-02,-1.4127e-01,-7.6915e-02,-8.1057e-02,2.9857e-02,-1.1321e-02,-2.8777e-02,4.7153e-04,-2.7070e-02,1.8801e-02,5.6814e-02,1.0245e-01,8.2867e-02,6.1097e-02,9.2459e-02,9.3012e-02,7.2573e-02,4.7888e-02,7.5990e-02,1.1819e-01,1.1092e-01,2.6778e-02,1.5692e-02,6.9244e-02,9.0361e-02,2.6604e-02,1.8007e-02,1.5339e-02,-2.6387e-03,-1.6169e-02,-6.3382e-03,-1.9542e-02,-2.2807e-02,2.0242e-02,-4.9516e-02,-8.5302e-02,-8.9379e-02,-7.0223e-02,-1.6967e-02,-6.8710e-03,1.9411e-03,-2.7386e-02,-1.4628e-02,-8.2039e-03,1.9497e-02,5.5859e-02,-2.7814e-02,2.0315e-02,2.8786e-02,3.0569e-02,5.8675e-02,5.6323e-02,5.6652e-02,6.5933e-02,9.9176e-02,5.7545e-02,4.1533e-02,2.1283e-02,-1.9491e-02,-7.4911e-04,2.2181e-02,2.8794e-02,-3.0626e-02,2.6870e-03,3.7780e-02,4.4101e-02,7.1856e-04,1.6672e-02,-1.0691e-02,-1.5496e-02,-1.1746e-02,-5.4435e-03,-8.4224e-04,-6.7225e-04,-4.1371e-03,-1.7758e-02,3.4937e-02,-3.9019e-02,-1.3535e-02,-2.2450e-02,-1.9219e-02,-4.9664e-02,-1.9727e-02,2.2165e-02,-1.9491e-02,-3.6287e-02
-3.4135e-02,-1.9378e-02,-2.2744e-02,-2.1511e-02,-6.7954e-03,-8.6100e-02,-7.5501e-02,-8.2517e-02,-1.1169e-01,-9.9468e-02,-8.1065e-02,-8.3886e-02,-8.5272e-02,-1.1475e-01,-9.0845e-02,-1.0371e-01,-9.0648e-02,-5.5953e-02,-4.1796e-02,4.9045e-02,6.5183e-02,-1.0791e-02,-1.7495e-03,9.7324e-03,4.5941e-02,1.0859e-01,3.3437e-02,7.4741e-02,9.6133e-02,9.1364e-02,8.3394e-02,8.1541e-02,9.7881e-02,1.2946e-01,8.5006e-02,9.9206e-02,8.8910e-02,-5.8503e-02,4.7292e-02,3.0117e-02,7.4836e-02,-2.4368e-02,-9.4405e-04,-2.7841e-02,-3.1878e-02,-1.5359e-02,-6.5052e-02,-1.0076e-01,-1.3813e-02,-5.4150e-02,-3.7170e-02,-7.0804e-02,-1.1642e-01,-2.9797e-02,-1.2903e-03,-1.3096e-02,-1.4764e-02,-9.5415e-03,1.0909e-02,-6.1044e-03,3.6064e-02,2.0383e-03,3.1878e-02,1.2342e-02,5.7050e-02,6.2186e-02,4.5449e-02,3.0396e-02,3.5734e-02,4.4481e-02,3.1813e-02,2.7143e-02,8.3908e-03,1.6694e-02,-2.2339e-02,-6.0037e-02,5.4827e-02,-4.7851e-02,-2.8397e-02,5.1001e-02,6.9115e-02,-7.6408e-02,-4.1332e-02,-3.7460e-02,-3.6418e-02,-3.3922e-02,-2.9683e-02,-2.3497e-02,-1.9955e-02,-2.2394e-03,-5.7324e-02,-8.6214e-02,-9.3347e-02,1.2367e-02,-1.9521e-05,-3.6239e-02,-2.0789e-02,-4.5747e-02,4.6325e-02,-3.7287e-02
-2.5903e-02,-6.8778e-02,-5.1381e-02,-4.4338e-02,-3.4972e-02,-7.9137e-02,-6.9585e-02,-5.4487e-02,-1.3695e-01,-1.1459e-01,-9.9427e-02,-5.9179e-02,-1.3233e-01,-5.2762e-02,-8.2422e-02,-4.4495e-02,-1.0860e-01,-8.4388e-02,-7.5128e-02,-4.6951e-02,-1.6178e-02,5.8744e-02,-2.8369e-02,2.8231e-02,1.0943e-01,4.7847e-02,3.3902e-02,8.3704e-02,9.7198e-02,6.8716e-02,1.0766e-01,1.1913e-01,1.2695e-01,1.7834e-01,5.7539e-02,1.3338e-01,1.0752e-01,8.1488e-02,-5.7331e-03,8.0182e-02,-3.3157e-03,5.8528e-02,3.4952e-02,-3.4294e-02,-6.6690e-02,-3.3358e-02,-4.8821e-02,-1.3323e-01,-2.9778e-02,-3.8767e-02,-2.0009e-02,-3.8282e-02,-8.0739e-02,-4.1864e-02,-6.5170e-02,-3.2867e-02,-1.1954e-02,-1.7844e-02,-2.6361e-02,1.6600e-02,3.0616e-02,1.7374e-02,1.1955e-02,6.0279e-03,-3.3140e-02,1.8353e-02,1.3125e-02,-3.0243e-03,1.0624e-02,5.1242e-02,5.1336e-02,9.2372e-02,8.7710e-02,4.6781e-02,3.7636e-02,3.6652e-02,-4.3560e-03,-2.6438e-02,-6.5736e-02,-3.7252e-02,-5.1771e-03,-3.8774e-02,-8.3334e-02,-7.1083e-02,-7.4334e-02,-8.0591e-02,-1.0057e-01,-1.2964e-01,-8.2285e-02,1.5777e-03,-5.3713e-02,-7.4215e-02,-1.5281e-01,-1.0079e-01,-4.5752e-02,-4.5058e-02,-5.5388e-02,-8.7759e-02,-6.3492e-02,-3.6165e-02
5.2709e-03,2.0783e-03,-8.5065e-02,-6.5138e-02,-8.6759e-02,-4.5381e-02,-6.4462e-02,-1.0015e-01,-8.4254e-02,-1.1174e-01,-1.4940e-01,-7.6075e-02,-1.5350e-01,-4.0850e-02,-2.3741e-02,-2.5432e-02,-7.5679e-03,-7.2744e-02,-7.4251e-02,-3.5419e-02,-2.4356e-02,-2.0172e-02,3.1133e-02,3.3553e-02,8.2884e-02,3.4609e-02,7.7575e-02,6.6458e-02,6.7035e-02,7.3005e-02,1.3233e-01,1.3239e-01,7.0360e-02,1.4407e-01,6.1664e-02,7.9045e-02,1.3540e-01,1.0144e-01,3.5183e-02,-1.7991e-02,3.7467e-02,2.3089e-02,2.9895e-02,-6.2205e-02,-4.5073e-02,-8.2840e-02,-3.9729e-02,-7.2371e-02,-7.3851e-02,-7.7915e-02,-2.0998e-02,2.9830e-02,-3.1267e-02,-8.1817e-02,-4.3079e-02,-6.7335e-02,-7.7667e-02,-4.3497e-02,1.1315e-03,2.8753e-03,2.2668e-02,1.6989e-02,1.6759e-02,5.0340e-02,5.2362e-02,3.2505e-02,9.3828e-02,7.3341e-02,7.8614e-02,9.6814e-02,8.2695e-02,7.8409e-02,1.0830e-01,1.3170e-01,9.4436e-02,4.2821e-02,3.0725e-02,1.0056e-01,-5.2159e-03,-7.4510e-02,-1.9746e-02,-4.1854e-03,-8.3779e-02,-7.1305e-02,-7.2175e-02,-6.5733e-02,-5.9008e-02,-5.7496e-02,-7.9375e-02,-8.2111e-02,-1.0386e-01,-7.9773e-02,-5.5382e-02,-5.8441e-02,-7.1232e-02,-2.7615e-02,-6.9662e-02,1.0134e-02,-8.7234e-04,8.1709e-02
1.6495e-02,2.6172e-02,-3.1349e-02,-7.9146e-02,-9.9452e-02,-8.3744e-02,-1.6746e-02,-7.2646e-02,-8.0697e-02,-9.0468e-02,-1.5088e-01,-1.2564e-01,-5.3613e-02,-1.2817e-01,-1.4325e-01,-7.7004e-02,-8.2267e-03,-1.6920e-02,-7.7004e-02,-3.1414e-02,-1.8881e-02,-5.8066e-03,1.9537e-02,4.8175e-02,4.4023e-02,5.4810e-02,4.6692e-02,1.2034e-01,1.1521e-01,1.3287e-01,1.5455e-01,1.5791e-01,3.2263e-02,1.0957e-02,1.0041e-01,8.5450e-02,8.5977e-02,1.1625e-01,8.4288e-02,6.6585e-02,-3.4389e-02,-2.1879e-03,-8.5493e-02,1.3300e-03,-6.5689e-02,-5.7312e-02,-7.7221e-02,-1.1487e-01,-1.2838e-01,-9.3797e-02,-1.0677e-01,-1.0322e-01,-9.2276e-02,-3.3767e-02,-9.8555e-02,-5.4533e-02,4.1291e-04,1.1468e-02,-1.9036e-03,9.3456e-03,5.9045e-02,4.9747e-02,7.6062e-02,8.9434e-02,9.7634e-02,9.6228e-02,7.3549e-02,5.3170e-02,6.2704e-02,7.9298e-02,9.1229e-02,8.4098e-02,8.7880e-02,8.8699e-02,1.1045e-01,1.2206e-01,4.8119e-02,4.7227e-02,1.9727e-02,-2.1418e-02,-6.0573e-02,3.1004e-03,-1.3517e-02,-5.4067e-02,-5.5893e-02,-6.4246e-02,-7.3382e-02,-8.9684e-02,-1.1841e-01,-1.9019e-01,-9.2981e-02,-7.4707e-02,-3.0874e-02,-7.4843e-02,-1.2357e-01,-2.5256e-02,1.4445e-02,-5.5085e-03,3.7549e-02,6.0541e-02
3.2638e-02,1.6744e-02,8.1036e-03,-6.5167e-02,-8.6929e-02,-4.2979e-02,-9.4331e-02,-6.5210e-02,-5.9221e-02,-7.7263e-02,-8.8298e-02,-2.5987e-02,-7.0657e-02,-1.2258e-01,-8.2536e-02,-9.0353e-02,-1.1198e-01,-2.9433e-04,-1.9544e-02,5.6910e-03,-5.5043e-02,-1.0870e-02,4.0647e-02,5.8792e-02,5.2781e-03,4.7318e-02,1.1223e-01,9.5423e-02,6.9384e-02,1.1951e-01,4.4617e-02,5.6916e-02,1.1366e-01,9.4214e-02,-1.4842e-02,7.6036e-02,5.5610e-02,6.2727e-02,1.1085e-01,5.4143e-02,1.3492e-02,2.8325e-02,2.7060e-02,2.3156e-02,-1.2795e-02,-8.7602e-02,-1.2566e-01,-9.4139e-02,-1.2462e-01,-1.2067e-01,-9.7317e-02,-6.8741e-02,-6.9989e-02,-6.3523e-02,-4.0789e-02,-6.9866e-03,8.3227e-03,3.1758e-02,4.6284e-02,4.9215e-02,3.3159e-02,6.8328e-02,6.3054e-02,7.6694e-02,8.3670e-02,8.2672e-02,9.7111e-02,7.1792e-02,3.4290e-03,3.2025e-02,7.6660e-02,7.4211e-02,8.6558e-02,5.7631e-02,3.1873e-02,2.6486e-02,2.2692e-02,1.1705e-02,3.6876e-02,-1.0109e-02,-5.9393e-02,-6.6880e-02,-1.5353e-02,-1.0596e-01,-9.1838e-02,-1.1125e-01,-1.2240e-01,-1.3053e-01,-7.6779e-02,-7.5769e-02,-1.4996e-01,-5.0594e-02,-3.5076e-02,-9.1022e-02,-4.7342e-02,-1.3332e-02,1.1503e-02,-5.1915e-02,-3.5557e-02,3.2664e-02
6.0797e-02,1.8371e-02,1.4680e-02,-8.6925e-03,-3.5991e-02,-1.0023e-01,-8.9114e-02,-1.1290e-01,-1.4701e-01,-1.2178e-01,-4.8575e-02,-5.0180e-02,-1.1067e-01,-1.0336e-01,-9.2599e-02,-1.1604e-01,-8.4666e-02,-6.9792e-02,-5.0937e-02,-2.0509e-02,3.3546e-02,-3.3605e-03,-8.2761e-03,1.0409e-02,-8.6576e-03,8.0569e-02,3.2211e-02,-1.7857e-03,7.0913e-02,8.8018e-02,5.9044e-02,1.0169e-01,9.6219e-02,1.2887e-01,1.0935e-01,6.6715e-02,4.1986e-02,1.3622e-02,3.3757e-02,-1.0727e-02,3.7322e-02,1.6019e-04,-6.0299e-03,-6.5157e-02,3.1121e-02,2.4640e-03,-5.4888e-02,1.6562e-02,-9.5266e-02,-1.0427e-01,-1.1146e-01,-4.4417e-02,-3.2165e-02,-2.6910e-02,-3.1203e-02,-2.5874e-02,-6.1038e-02,-6.1004e-03,3.5936e-02,8.7111e-03,2.8682e-02,4.7282e-02,5.0590e-02,6.6326e-02,6.7949e-02,7.4013e-02,9.6466e-02,1.3818e-01,1.3065e-01,1.2247e-01,7.1530e-02,-8.7194e-03,-3.0970e-03,-3.4043e-03,-3.6416e-03,-2.0010e-03,5.1308e-04,2.5518e-03,1.9722e-02,-4.5547e-03,-3.4086e-02,-8.7717e-02,-4.6083e-02,-4.5671e-02,-6.2045e-02,-7.8665e-02,-1.1543e-01,-7.8198e-02,-6.7281e-02,-7.0099e-02,-1.0154e-01,-5.6944e-02,-7.2204e-02,-1.0166e-01,-6.4059e-02,-5.8388e-02,-1.4276e-01,-5.2156e-02,-9.8104e-02,-9.7952e-02
-5.7311e-02,-2.8310e-02,-1.9987e-02,2.2487e-02,4.5640e-02,1.9236e-02,-1.8099e-02,-8.6577e-02,-9.2879e-02,-7.5617e-02,-5.7199e-02,-1.4545e-01,-1.3151e-01,-9.4958e-02,-9.3580e-02,-9.1359e-02,-6.2286e-02,-4.7827e-02,-1.7381e-02,-7.0912e-02,-2.7548e-02,5.3770e-02,1.2068e-02,-5.2357e-04,4.5090e-03,9.4014e-03,6.1695e-02,1.0808e-01,1.4035e-01,1.3635e-01,8.7090e-02,5.6728e-02,1.1677e-01,1.2010e-01,1.4231e-01,6.6260e-02,2.3327e-02,4.6021e-02,-5.5193e-03,-4.0872e-02,2.8468e-02,-7.0361e-02,7.6221e-03,-2.1579e-02,3.1140e-02,-2.1116e-02,-5.1791e-02,-6.7179e-02,-8.5866e-02,-7.9418e-02,-1.0348e-01,-8.5638e-02,-8.4377e-02,-5.2831e-02,-2.8084e-02,6.9700e-03,-9.2421e-02,-8.2472e-02,-8.8803e-02,-8.5544e-03,4.8387e-02,4.5032e-02,4.2674e-02,5.8283e-02,8.0455e-02,1.0888e-01,1.1477e-01,1.1466e-01,1.1456e-01,9.7738e-02,1.1216e-01,1.0965e-01,7.0664e-02,2.3183e-02,-2.9930e-02,-1.9307e-02,3.9275e-03,9.8293e-03,8.4517e-03,3.8780e-03,-3.4258e-02,-3.8251e-02,-7.8613e-02,-6.4622e-03,-4.5248e-02,-7.7207e-02,-9.2529e-02,-7.5768e-02,-8.7193e-02,-1.1542e-01,-6.5933e-02,-9.5870e-02,-1.1150e-01,-7.3423e-02,-6.1593e-02,-1.2271e-01,-8.5499e-02,-4.0828e-02,1.4761e-02,-6.3582e-02
-1.4976e-03,-4.7185e-02,-1.4130e-01,-3.3729e-03,-5.5951e-02,-8.1303e-02,-1.0615e-01,-1.1953e-01,-7.9302e-02,-3.1867e-02,5.2025e-02,-1.1996e-01,-7.6564e-02,-7.1737e-02,-8.1230e-02,-5.9471e-02,-4.0037e-02,-2.6330e-02,-1.4140e-02,1.2422e-02,-5.1528e-02,-8.1776e-02,1.9682e-02,5.4167e-02,3.8257e-02,9.0523e-02,1.2817e-01,7.5830e-02,4.8032e-02,3.8000e-02,5.0060e-02,1.0209e-01,9.1102e-02,6.3642e-02,9.7042e-02,1.1542e-01,8.7229e-02,2.4665e-02,2.8649e-02,-4.9250e-02,4.8000e-03,-4.0245e-02,1.0566e-02,1.0239e-02,-1.0481e-01,-8.4426e-02,-7.0830e-02,-5.7139e-02,2.2861e-02,-2.3514e-02,-1.2007e-01,-4.9008e-02,-1.0673e-01,-1.2975e-01,-4.1947e-02,-1.9661e-03,2.1702e-02,7.3628e-03,-2.8954e-03,4.2678e-03,5.6758e-02,6.7016e-02,7.7209e-02,8.9248e-02,6.8641e-02,5.3710e-02,5.6537e-02,6.2256e-02,7.9540e-02,9.2219e-02,9.0184e-02,9.0420e-02,1.2100e-01,1.1340e-01,7.3502e-02,3.8135e-02,1.7171e-02,1.2195e-02,-1.1307e-02,-6.4653e-02,-4.5477e-02,-7.9308e-02,-9.0493e-02,-9.9642e-02,-4.8821e-02,-5.9709e-02,-8.2497e-02,-1.2376e-01,-1.4130e-01,-3.8692e-02,-8.8643e-02,-8.1217e-02,-1.0978e-01,-6.6000e-02,-1.0462e-01,-1.1850e-01,-7.8623e-02,-7.5239e-02,-2.5034e-02,2.7092e-02
1.2399e-02,-3.8650e-02,-4.4129e-02,-7.1014e-02,-5.9808e-02,-1.0993e-01,-1.4096e-01,-8.2558e-02,-7.6072e-02,-2.8639e-02,-1.0143e-01,-9.1767e-02,-6.2313e-02,-3.5891e-02,-1.1811e-02,-2.5174e-02,-2.8303e-02,-2.1103e-02,-1.5305e-02,-2.3913e-02,-2.5963e-02,3.9557e-03,-2.3771e-02,2.3737e-02,1.1394e-01,9.3812e-02,4.3766e-02,2.4349e-02,2.0391e-02,5.0689e-02,5.5252e-02,6.6770e-02,4.7356e-02,2.0040e-02,1.0867e-02,7.6453e-02,1.8024e-01,3.4859e-02,5.9270e-02,1.5655e-01,-6.5688e-02,-4.1180e-03,1.6699e-03,-5.4576e-03,-4.1706e-02,-2.0509e-02,-5.0378e-02,-8.3667e-02,-3.1945e-02,-5.2602e-03,-7.8853e-02,-7.5659e-02,-4.7888e-02,-5.7589e-02,-5.8229e-02,-8.8141e-02,-6.4448e-03,6.5076e-02,7.2717e-02,5.9779e-02,3.8013e-02,5.2236e-02,9.5356e-02,1.1156e-01,8.9898e-02,1.0327e-01,1.1426e-01,1.1695e-01,1.1888e-01,1.2763e-01,1.4231e-01,1.3744e-01,1.1076e-01,6.7596e-02,5.0954e-02,7.5641e-02,8.4361e-02,6.6444e-02,3.3265e-02,8.8957e-03,-6.9719e-03,-2.3838e-02,-8.9825e-02,-1.5623e-01,-1.6400e-01,-1.3574e-01,-7.8553e-02,-7.0106e-02,-1.2345e-01,-4.7522e-02,-1.2673e-01,-1.3862e-01,-1.1111e-01,-9.2925e-02,-1.5072e-01,-3.9455e-02,-1.8982e-02,-2.9795e-03,9.8406e-03,2.7734e-02
-4.9231e-02,-2.3846e-02,8.8418e-02,3.8128e-03,-6.0016e-02,-6.2110e-02,3.7948e-02,-2.2286e-03,-6.9201e-02,-1.1166e-01,-1.7016e-01,-3.2203e-02,-4.6152e-02,-1.5747e-03,-3.1501e-02,-2.5180e-02,-1.2288e-02,2.5580e-02,9.0944e-03,2.6420e-02,-4.5679e-03,6.9322e-02,1.3718e-01,2.9775e-02,2.8593e-02,5.8219e-02,7.2254e-02,7.1923e-02,-2.0749e-03,-3.7200e-02,3.9849e-02,2.9371e-02,3.6687e-02,3.3183e-02,3.3584e-02,4.5915e-03,-2.8554e-02,3.4593e-02,1.5392e-01,3.9419e-02,4.7939e-02,-2.2427e-03,-7.1245e-02,5.3826e-02,6.0560e-03,2.9598e-02,2.5940e-03,-2.6657e-02,-7.4144e-02,-4.4120e-02,-9.6523e-02,-8.8324e-02,-2.8911e-02,-4.4962e-02,-4.7746e-02,-4.0622e-02,-2.5861e-02,-7.2542e-02,-4.1243e-03,4.9425e-02,4.1397e-02,2.0969e-02,6.5264e-02,8.3048e-02,9.3580e-02,1.1909e-01,1.2527e-01,1.2480e-01,1.2083e-01,1.0881e-01,9.3001e-02,5.9790e-02,4.7720e-02,7.9088e-02,1.1436e-01,1.2358e-01,4.3621e-02,2.7775e-02,1.1532e-02,4.4884e-03,9.3058e-04,-2.4293e-03,2.0821e-03,-8.9759e-03,-5.2176e-02,-1.0908e-01,-1.5059e-01,-9.9258e-02,-1.4948e-01,-2.5526e-01,-6.4919e-02,-1.2332e-01,-1.5756e-01,-1.4159e-01,-1.7820e-02,4.3713e-03,1.7650e-02,3.0176e-02,3.5778e-02,3.2087e-02
1.9892e-02,-4.8183e-03,-2.5924e-02,-9.8866e-02,-4.1484e-02,7.5099e-02,-9.3108e-04,-2.7487e-02,-7.5435e-03,-9.2594e-02,-1.0233e-01,-8.7922e-03,5.1160e-03,-3.3017e-02,-1.8783e-02,1.3696e-02,-4.2852e-02,-4.7162e-02,-7.3078e-02,-7.4312e-03,7.9769e-03,5.0797e-03,-7.3156e-03,1.8635e-02,-3.5650e-02,-3.9434e-02,7.4257e-03,4.0345e-02,7.1869e-02,8.4212e-02,6.0889e-02,5.5154e-02,5.5134e-02,2.3926e-02,3.9120e-02,1.2478e-02,-7.9933e-02,4.2271e-02,-4.9686e-02,5.4474e-03,3.7975e-02,4.5336e-02,-3.6694e-02,-7.4481e-02,-4.7095e-02,1.4893e-02,4.5795e-02,1.3977e-02,-5.5312e-02,-1.0892e-01,3.8140e-02,-6.9572e-02,-9.3423e-03,-3.5523e-02,-3.5639e-02,-3.0467e-02,-1.6169e-02,-1.2602e-02,2.4510e-02,5.0697e-02,4.6289e-02,-1.8557e-02,1.0269e-02,1.5164e-02,6.1150e-02,9.8042e-02,9.9230e-02,9.6413e-02,9.3464e-02,6.4470e-02,3.0796e-02,5.6755e-02,8.7992e-02,1.1494e-01,8.9791e-02,6.6538e-02,7.0612e-02,7.1081e-03,-2.0797e-02,-7.2980e-03,-2.7123e-03,-2.1637e-03,-6.4317e-03,-1.2274e-02,-5.5354e-02,-1.6459e-02,-4.7632e-02,-1.2886e-01,-2.9588e-02,-1.0912e-01,-4.2457e-02,-5.1244e-02,-3.6199e-02,-1.7104e-02,-1.7050e-02,-1.0898e-02,-2.2862e-02,-4.2678e-02,-7.3000e-02,-4.6414e-02
3.7356e-02,1.7673e-02,-6.9100e-03,-1.2496e-02,-1.2851e-02,8.1399e-03,-1.3985e-02,3.0656e-03,9.1448e-04,-3.5441e-03,5.2969e-03,-5.8388e-02,-3.5694e-02,-5.7285e-02,-6.6206e-02,-3.9202e-02,-6.3165e-02,-4.0912e-02,-2.6018e-02,-1.7136e-02,2.1352e-02,6.8504e-03,-3.0274e-02,1.4660e-02,6.2785e-04,-4.0741e-02,-2.2005e-02,6.8018e-02,7.4119e-02,1.1053e-01,6.7118e-02,5.5222e-02,6.5908e-02,4.0777e-02,5.5939e-02,3.6129e-02,1.2588e-02,4.6784e-02,-3.3088e-02,-5.1844e-02,4.8607e-02,8.9309e-02,9.3724e-03,-1.6208e-02,1.4536e-03,-2.6289e-02,-1.7091e-02,-2.9794e-02,-6.0161e-02,-1.6749e-02,-3.7524e-02,-2.4481e-02,-7.3645e-03,-3.0943e-02,-2.5149e-02,-1.4855e-02,-5.6911e-03,-6.8620e-04,-1.7475e-02,2.0248e-02,3.9676e-02,8.6978e-02,7.5635e-02,3.5853e-02,1.9016e-02,5.0429e-02,6.6215e-02,7.6021e-02,7.1585e-02,7.6071e-02,9.8660e-02,9.7385e-02,7.9908e-02,5.6160e-02,4.5218e-02,3.7150e-02,3.2142e-02,4.5535e-02,2.1890e-02,-7.8252e-02,-3.4437e-02,-2.6264e-02,-5.7748e-02,-8.1402e-02,-2.2051e-02,-5.6579e-02,-5.7359e-02,-1.3840e-01,-6.5731e-02,3.8592e-02,-1.3081e-01,-6.1639e-02,-1.3001e-02,-4.5526e-02,-2.8742e-02,-8.9245e-03,8.6344e-03,1.9904e-02,-3.4923e-02,3.3670e-02
2.9466e-02,4.2694e-02,2.5929e-02,3.1825e-02,-3.9375e-03,1.4475e-03,-7.3205e-02,-2.6000e-02,-2.1329e-02,3.3044e-02,2.2156e-02,6.0796e-03,-4.1284e-02,-5.4113e-02,-4.1733e-02,-3.3652e-02,-5.8744e-03,-1.1247e-02,-8.6499e-03,-1.8845e-03,1.9127e-02,-2.0195e-03,-2.1200e-02,-2.6213e-02,-1.1176e-05,5.8933e-02,1.4500e-03,-3.6971e-02,1.2305e-02,3.3473e-02,5.5394e-02,1.4781e-02,3.9592e-03,6.0650e-02,5.9001e-02,-1.3531e-02,6.1028e-02,-1.0296e-02,-1.5073e-02,3.6135e-02,1.3869e-02,-5.8416e-02,1.0291e-01,-2.5747e-02,4.3800e-02,-1.6959e-02,-8.2486e-02,-6.0805e-02,-2.2868e-02,1.0332e-02,1.9837e-02,-6.5998e-02,-9.1048e-02,-2.0993e-02,-1.6292e-02,7.6827e-04,7.3359e-03,3.1027e-03,-2.3005e-02,3.5965e-03,2.2214e-02,3.9189e-02,9.9404e-02,9.4684e-02,8.0469e-02,6.4314e-02,7.7966e-02,7.9844e-02,5.3314e-02,1.4206e-01,1.4511e-01,7.7519e-02,3.9194e-02,3.1589e-02,2.9099e-02,2.4352e-02,1.7669e-02,1.2614e-02,3.1754e-02,-6.9824e-03,-7.5136e-02,-1.6869e-01,-1.0063e-01,-9.8013e-02,-4.3774e-02,-8.5485e-02,-1.1153e-01,-8.8216e-02,-6.6251e-02,6.5453e-03,-1.0458e-01,-1.0438e-01,-3.0658e-02,-3.8839e-02,-7.4883e-02,-6.5199e-02,-6.6835e-02,-4.2864e-02,-4.0835e-02,-5.9149e-03
-2.6575e-02,-2.1208e-02,3.1499e-02,4.7563e-02,2.3942e-02,-2.1572e-03,-2.5529e-02,-2.4491e-02,-1.2793e-02,2.6200e-02,4.2032e-02,4.7427e-02,-4.8802e-02,-9.2387e-03,9.7864e-03,8.1545e-04,1.2395e-02,7.7981e-03,3.2630e-02,5.9690e-03,-2.0251e-02,-2.2064e-03,-2.0471e-03,-1.8941e-02,1.0463e-02,2.2710e-02,1.6828e-02,3.7941e-03,-3.2353e-02,-8.0449e-02,-5.2028e-02,-4.3401e-02,2.9388e-03,2.8351e-02,-5.3854e-03,-6.4175e-02,1.0357e-01,-1.2476e-02,-1.3036e-02,3.3898e-02,2.8935e-02,-1.5519e-02,3.8271e-02,-3.7592e-03,1.3492e-02,-1.0571e-01,-4.6885e-02,-4.0788e-02,2.4022e-02,-3.4058e-02,4.8829e-02,2.3029e-02,-2.3125e-02,-1.0783e-03,-3.9227e-03,1.5938e-02,4.1817e-02,4.7666e-02,2.8949e-02,-4.5630e-02,1.3717e-02,2.7000e-02,5.2097e-02,6.6615e-02,1.1476e-01,9.1914e-02,7.0411e-02,7.5558e-02,6.4769e-02,6.2692e-02,3.3452e-02,2.9893e-02,4.2129e-02,3.6586e-02,2.0141e-02,4.7019e-03,-1.2320e-02,-3.6195e-02,-5.9986e-02,-2.1579e-02,-3.5386e-02,-4.9836e-02,-5.6609e-02,-6.6351e-02,-8.2951e-02,-6.5553e-02,-7.1696e-02,-2.9538e-03,-2.8131e-02,-8.8938e-02,-2.8504e-02,-1.2078e-01,-5.6298e-02,-6.2977e-02,-7.6450e-02,-8.8553e-02,-3.6229e-02,-1.5539e-02,-2.9389e-02,-4.2051e-02
-4.4242e-02,-5.5468e-02,1.5487e-02,4.7838e-02,3.7083e-02,8.9571e-03,1.1534e-03,4.4021e-03,8.3397e-03,-1.3354e-02,-3.9425e-02,3.2467e-02,-3.1394e-03,1.2818e-02,5.4457e-02,4.5379e-02,9.7537e-03,8.5031e-02,2.0049e-02,4.1753e-04,-2.5748e-02,-1.1963e-02,1.7042e-02,4.4063e-02,-1.6004e-02,-1.8334e-02,-3.9741e-03,-2.3239e-02,-3.1148e-02,-4.5159e-02,-2.8274e-02,-5.9769e-02,-4.1156e-02,-9.2494e-03,-5.2832e-02,-5.2238e-02,-6.3031e-03,-4.0223e-02,-5.0382e-02,-3.9055e-02,-2.2828e-02,-8.6718e-03,-1.7573e-02,1.9483e-02,-3.0758e-02,-4.0977e-02,4.9341e-02,2.7475e-02,2.4456e-02,2.5522e-02,2.5855e-02,6.9133e-02,1.0283e-02,8.6097e-02,-1.7114e-02,2.5601e-02,3.5504e-02,2.4590e-02,3.3815e-02,5.6135e-02,-2.6806e-02,1.4317e-02,3.4002e-02,3.7251e-02,3.5525e-02,5.8130e-02,7.3245e-02,6.2351e-02,2.4238e-02,1.6665e-02,2.6713e-03,2.1059e-03,1.0681e-02,2.6996e-02,4.4460e-02,4.7399e-02,3.8682e-02,3.0498e-02,2.6241e-02,4.0677e-02,5.7783e-02,-9.1118e-03,-5.2730e-03,-4.1874e-02,-7.1858e-02,-4.1810e-02,-3.7444e-02,1.8818e-02,-6.7279e-02,-1.3142e-01,-3.2196e-02,-5.0511e-02,-1.4164e-01,-4.7989e-02,-2.3503e-02,-3.1162e-02,-7.5720e-02,-4.1640e-02,-1.6519e-02,2.8782e-03
6.6820e-04,-1.8493e-02,-6.4988e-02,-1.7036e-03,9.1670e-03,-4.7547e-03,-3.9516e-03,-1.3164e-03,5.6782e-04,4.5350e-03,-4.6602e-03,2.5204e-02,1.5056e-02,-7.6770e-03,4.3365e-02,6.5795e-02,2.2388e-02,1.7671e-02,1.6514e-02,8.0270e-03,-6.9071e-03,-1.0146e-02,1.7346e-02,2.5270e-02,2.5881e-02,-1.1773e-01,-3.5356e-02,1.9892e-02,2.0506e-02,-1.7373e-02,-2.0803e-02,-4.5148e-02,-8.0842e-02,-4.5319e-02,-6.3498e-02,-3.8000e-02,-5.0359e-02,3.7743e-02,1.2235e-02,1.5850e-02,-3.2053e-02,4.8021e-02,-1.7126e-01,1.1690e-02,5.3702e-02,9.0967e-02,5.1477e-02,-5.5267e-02,5.1498e-02,7.7310e-02,-7.2691e-03,5.3361e-02,8.9061e-02,3.0294e-02,3.3923e-02,-2.1293e-02,1.3784e-02,1.0854e-02,1.8565e-02,2.3444e-02,5.4476e-02,1.2556e-02,-1.9325e-02,1.4187e-02,7.1097e-03,2.9738e-03,5.5432e-02,2.4262e-02,2.5083e-02,5.7518e-02,6.4276e-02,4.5586e-02,2.4720e-02,1.4732e-02,1.5913e-02,2.4834e-02,3.5538e-02,4.0571e-02,3.4147e-02,1.8975e-02,7.7526e-03,2.2594e-02,1.7508e-02,-9.1176e-03,-2.5564e-02,3.8396e-03,-3.6471e-03,-6.0646e-02,-5.9491e-02,-7.1819e-02,-4.1525e-02,-3.6101e-02,-7.3357e-02,-4.5392e-02,-1.6269e-02,-2.0609e-02,-3.3891e-02,-7.5125e-02,-1.3187e-02,1.0574e-02
-4.8021e-03,3.7829e-02,2.2724e-04,-1.3296e-03,-3.8988e-03,2.4754e-02,4.5473e-02,7.3868e-02,1.1463e-01,1.3001e-01,8.0956e-02,7.5458e-02,1.1848e-01,-7.2131e-03,1.2136e-01,4.5868e-02,-2.0123e-02,-3.3986e-02,-1.9579e-02,-5.9978e-03,1.2550e-02,4.5950e-02,-3.6172e-02,2.5146e-03,-2.1586e-02,-3.3832e-02,-6.3748e-02,-6.7423e-03,8.3874e-03,-5.4156e-02,-5.9654e-02,-3.9762e-02,-3.5447e-02,-5.0180e-02,-3.7618e-02,4.1719e-02,-4.3682e-02,9.8203e-03,1.8208e-02,-2.6313e-03,-3.4330e-02,-6.5478e-02,-3.2849e-03,-1.0170e-02,3.4423e-02,5.1100e-02,3.0065e-02,5.9301e-02,5.5233e-02,-1.3647e-02,7.1608e-02,9.2926e-03,6.7821e-02,6.3202e-02,4.5847e-02,7.2460e-02,-3.7221e-02,8.2598e-03,2.0434e-02,2.0769e-02,1.0502e-02,4.2154e-02,2.4515e-02,-2.4186e-03,-5.5815e-02,-2.4385e-02,2.4417e-02,-3.3607e-03,1.2095e-02,3.5672e-02,4.3674e-02,5.8725e-02,4.5792e-02,9.9134e-03,-3.8478e-04,1.1758e-03,6.1222e-03,7.6382e-03,-6.6826e-04,-1.6523e-02,-2.2705e-02,-3.0265e-02,-3.6676e-02,-3.4082e-02,-4.7517e-02,-6.3831e-02,4.7616e-02,-4.5423e-02,-4.0443e-02,-3.1241e-02,-5.5850e-02,-3.6783e-02,1.8952e-02,-3.4907e-02,-1.1509e-02,-9.2447e-05,-1.8682e-02,1.5994e-02,-7.4470e-02,-1.1027e-03
2.0809e-02,8.7461e-02,7.8404e-02,6.8288e-03,2.4421e-02,3.5962e-02,5.0015e-02,1.5523e-01,7.4217e-02,5.0276e-02,9.4544e-02,3.7061e-02,8.2468e-02,1.5177e-01,-3.4654e-02,-6.7163e-04,3.7567e-02,4.9140e-03,2.5509e-02,4.2447e-02,7.6026e-02,-3.2733e-02,-5.3637e-02,-6.9039e-02,5.4868e-03,7.2497e-03,-3.0653e-02,-5.0593e-02,-1.0222e-01,-8.2030e-02,-3.1732e-02,-2.4465e-02,-2.4735e-02,-8.0693e-02,-6.3634e-02,-3.7028e-02,-7.4813e-02,-7.3094e-02,-7.7893e-02,-7.8994e-02,6.5819e-02,3.8492e-02,5.4486e-02,2.9963e-03,9.0738e-03,4.1199e-02,3.6239e-02,5.0328e-02,3.6178e-02,7.9985e-02,3.8366e-03,3.8628e-02,4.7856e-02,3.4797e-02,7.7147e-02,6.5973e-02,4.9744e-02,4.2477e-04,2.6657e-02,3.2182e-02,5.9721e-03,1.7816e-02,3.8165e-02,7.2680e-03,2.0929e-02,-3.0207e-02,-5.5464e-02,-3.4475e-02,8.7449e-03,3.0330e-02,3.7727e-02,3.8867e-02,5.9043e-02,1.3862e-02,-3.9752e-03,-4.6003e-03,-1.2289e-03,-1.3556e-03,-1.0791e-02,-2.0200e-02,-1.0344e-02,3.5697e-04,3.6636e-04,-9.2084e-03,-2.8203e-02,-4.5007e-02,-8.0050e-02,-4.7439e-03,-4.1654e-03,1.2323e-02,-6.8743e-02,5.0716e-02,4.9871e-02,6.9985e-02,1.0033e-02,5.9429e-02,8.3492e-02,5.4049e-02,1.7969e-02,-1.2711e-02
7.3144e-02,5.4479e-02,9.3434e-02,1.7451e-02,3.4257e-02,1.2733e-01,6.5139e-02,-8.4439e-03,4.1502e-02,-8.9299e-03,3.3096e-03,-5.7538e-02,6.2647e-02,9.5306e-02,5.4410e-02,5.5377e-02,4.1021e-02,4.7489e-02,9.8436e-02,5.6798e-02,-3.0531e-02,-2.3436e-02,-1.7427e-02,-1.9409e-02,-5.7911e-02,-1.7150e-02,-3.1535e-02,-1.0563e-01,-8.3478e-02,-1.2945e-02,-1.3316e-02,-9.7767e-02,-8.9962e-02,-6.4054e-02,4.7516e-03,-8.0992e-02,-4.9227e-02,-4.6476e-02,-1.0403e-02,-5.0407e-02,-3.3168e-02,1.7209e-02,7.1656e-02,5.6092e-02,1.6619e-03,1.7791e-02,4.7495e-02,1.0162e-01,7.2267e-02,5.9740e-02,7.9574e-02,2.8166e-02,4.7393e-02,2.0995e-02,5.5924e-02,5.6125e-02,7.9143e-02,1.8193e-02,1.7775e-02,1.1294e-01,7.4188e-02,6.7399e-02,4.4898e-02,-3.3461e-02,2.9532e-02,-8.3616e-03,-3.1972e-02,3.0240e-02,-3.9630e-03,-1.8064e-02,1.8671e-02,2.5074e-02,4.6086e-02,3.2049e-02,8.5642e-03,1.3096e-03,-8.3038e-04,-4.4476e-03,-1.4710e-02,-1.3168e-02,3.3466e-03,1.2764e-02,1.4243e-02,1.2299e-02,1.3144e-02,4.9581e-02,-2.1950e-02,7.6863e-03,3.0887e-02,3.2605e-02,6.5755e-02,3.2833e-02,6.7728e-03,2.7207e-02,1.9916e-02,-6.5165e-02,-1.6059e-02,1.4527e-03,4.3119e-02,8.6031e-02
2.5251e-02,-4.1941e-03,-3.0922e-03,3.4668e-02,1.2156e-01,8.2492e-02,9.9955e-02,7.2224e-02,3.4550e-02,5.7341e-02,6.8656e-02,9.6955e-02,2.7421e-02,4.0693e-02,9.5550e-02,1.0667e-01,1.0001e-01,4.5294e-03,-6.1911e-02,-2.9132e-02,-1.3767e-02,-1.0182e-02,-1.1541e-03,1.9547e-02,-7.7605e-05,-1.0779e-01,-1.0878e-01,-1.3854e-01,-8.6930e-02,-3.8544e-02,-5.6095e-03,-3.7165e-02,2.2261e-02,4.6280e-02,3.4150e-02,-1.0086e-01,-4.1728e-02,-1.3553e-02,-5.5682e-02,7.6151e-02,-3.5690e-02,-5.4614e-02,-2.1345e-03,1.0249e-01,2.8040e-02,2.4784e-02,4.3766e-02,6.1267e-02,5.6373e-02,6.9965e-02,1.0321e-01,1.2321e-01,1.1272e-01,5.8277e-02,4.7383e-02,1.0921e-01,7.0169e-02,9.9123e-02,3.9843e-02,1.3981e-02,6.8617e-02,1.1853e-02,1.3841e-02,-9.4712e-05,-4.5084e-02,-8.0377e-03,-3.1439e-02,9.4750e-03,2.7510e-03,-2.1562e-02,-7.6529e-02,-4.9018e-02,-1.6795e-02,9.8679e-03,-3.1686e-04,1.0834e-02,1.6805e-03,-9.0540e-03,-1.5787e-02,-1.3015e-03,1.3053e-02,1.7761e-02,1.8351e-02,2.0518e-02,6.5862e-02,1.7071e-02,3.0459e-02,3.4209e-02,3.3296e-02,6.4705e-02,3.1869e-02,1.2629e-02,3.1946e-02,-6.3736e-03,1.2724e-02,-1.9763e-02,-3.5107e-04,1.3696e-03,1.7925e-02,-1.2705e-02
-6.3240e-02,-9.9504e-02,-4.7871e-02,8.8742e-02,-1.0601e-02,-2.1152e-02,-8.7645e-03,6.5528e-02,6.7973e-02,1.0792e-01,1.2470e-01,9.5264e-02,3.8749e-02,3.6200e-02,1.2108e-01,6.4206e-03,4.5911e-02,6.8588e-02,6.8181e-02,5.9477e-02,3.0307e-02,1.2099e-02,8.3483e-03,-2.6793e-02,-1.0881e-01,-1.1898e-01,-5.2655e-02,-3.5990e-02,-5.2210e-02,-9.2738e-02,-1.2200e-01,-1.0002e-01,-1.0779e-01,-1.1101e-01,-1.6900e-01,-6.7425e-02,-8.2684e-02,-6.4212e-02,-6.0684e-02,-1.9062e-02,-4.0584e-02,1.4550e-02,-1.2595e-02,9.9369e-03,7.8659e-03,6.2198e-02,6.0093e-02,6.0015e-02,5.6195e-02,9.1349e-02,1.2546e-01,1.1572e-01,1.3222e-01,7.6589e-02,5.9261e-02,9.6890e-02,1.1715e-01,9.4093e-02,5.4712e-02,-3.9897e-03,-9.6512e-03,-6.7564e-02,-7.1163e-02,-3.7331e-02,-2.7817e-02,8.8396e-03,-4.3616e-02,-3.7575e-02,-3.5409e-02,-3.0894e-02,-5.5053e-02,-9.1377e-02,-7.5262e-02,-1.7036e-03,-2.1250e-02,2.8410e-03,-5.7042e-04,-1.7048e-02,-8.9243e-03,1.0560e-02,1.8653e-02,1.9675e-02,2.0168e-02,3.1929e-02,6.1284e-02,2.6664e-02,7.1603e-02,4.5972e-02,4.2102e-02,2.1982e-02,4.6953e-02,-2.1865e-02,4.6930e-02,1.8685e-02,1.6791e-02,6.7469e-02,2.9292e-02,-2.9134e-02,-4.7403e-02,-8.1909e-02
-3.4829e-02,-2.8015e-02,7.4608e-02,3.5944e-02,6.1759e-02,3.0328e-02,7.1040e-02,4.9811e-02,1.3234e-02,4.2743e-02,8.4294e-02,1.4802e-01,1.5172e-01,1.2997e-01,5.0101e-02,1.6081e-01,7.6320e-02,8.6584e-02,9.2713e-02,5.1351e-02,3.8766e-02,4.8305e-02,5.7935e-02,-2.9174e-02,-5.1153e-02,-1.3983e-02,-4.3484e-02,-9.5987e-02,-1.3758e-01,-1.5277e-01,-2.0499e-01,-1.5772e-01,-1.5303e-01,-1.7819e-01,-1.3342e-01,-6.6940e-02,-1.2195e-01,-5.5486e-02,-6.0390e-02,-1.5192e-01,-2.0674e-02,-3.5184e-02,2.8320e-02,1.0752e-02,6.4579e-02,7.2697e-02,7.5767e-02,1.0164e-01,1.0439e-01,1.3082e-01,1.4518e-01,9.1521e-02,1.0552e-01,1.4731e-01,8.1663e-02,1.4392e-02,1.0732e-01,6.4460e-02,1.0469e-01,9.7937e-02,7.9438e-03,-1.9386e-02,3.8396e-03,-5.0857e-03,-1.6405e-02,-2.4481e-02,-1.2269e-02,-6.7229e-02,-5.1522e-02,-9.6284e-03,-5.8199e-02,-7.1934e-02,-9.6663e-02,-3.9044e-02,-3.6681e-02,-1.2064e-02,-1.1139e-02,-1.9984e-02,4.0542e-03,1.9519e-02,2.2789e-02,2.2220e-02,2.4873e-02,9.3319e-02,3.2498e-02,5.1159e-02,6.3978e-02,6.8469e-02,6.4888e-02,-3.9193e-04,9.0693e-02,4.4646e-02,1.0992e-01,1.3010e-01,4.0693e-02,2.7954e-02,9.2436e-03,-1.5901e-02,-1.0236e-02,-1.5421e-02
-1.2718e-02,1.1257e-01,3.9405e-02,4.1089e-02,1.1281e-01,8.0182e-02,5.3226e-02,1.0110e-01,1.7262e-01,1.5268e-01,1.2112e-01,8.2609e-02,6.7230e-02,6.2681e-02,2.3140e-02,6.1722e-02,-2.0168e-02,-3.5652e-02,-8.5693e-02,-7.1928e-02,-3.4982e-02,-5.3353e-02,-7.6405e-02,-6.4615e-02,-8.7023e-02,-6.4374e-02,-3.2362e-02,-7.8071e-02,3.4664e-02,-1.5546e-01,-1.3081e-01,-1.1859e-01,-1.3969e-01,-1.4994e-01,-1.1948e-01,-8.0812e-02,-5.4498e-02,-1.2543e-02,-4.6208e-02,-8.9314e-02,1.9160e-02,2.1593e-02,-5.1139e-02,-4.0895e-02,3.7170e-02,1.2007e-01,1.0401e-01,4.1000e-02,4.4390e-02,2.6768e-02,8.0025e-02,7.9203e-02,9.0746e-02,1.2835e-01,1.4107e-01,7.2836e-02,5.9435e-02,-1.8222e-03,7.0847e-02,3.4559e-02,8.9933e-02,9.0869e-02,-1.3279e-02,-1.7405e-03,-5.2188e-02,-5.3808e-02,-2.9294e-02,-4.9203e-02,-7.9863e-02,-6.6973e-02,-2.9015e-02,-6.5860e-02,-7.3147e-02,-7.8266e-02,-6.2325e-02,-3.1222e-02,-2.4878e-02,-1.2203e-02,1.4837e-02,2.5854e-02,2.7450e-02,2.7288e-02,4.0413e-02,5.6010e-02,3.7094e-02,7.4002e-02,5.5276e-02,7.9981e-02,7.7400e-02,3.0567e-02,9.0835e-02,1.2567e-01,5.2235e-02,4.7053e-02,3.6483e-02,4.6980e-02,1.7426e-02,-3.9811e-03,1.6225e-02,3.7298e-02
-2.1064e-02,3.6309e-02,3.2693e-02,4.9146e-02,8.2922e-02,8.9380e-02,1.3399e-01,1.6737e-01,1.6517e-01,1.3079e-01,1.0526e-01,8.0777e-02,6.4862e-02,7.1756e-02,3.0657e-02,5.3287e-02,5.5995e-02,-2.2244e-02,2.3312e-02,5.1115e-02,5.3455e-02,-1.1631e-02,-4.6777e-02,-7.1492e-02,-3.4614e-02,4.7204e-03,-4.0271e-02,-7.4120e-02,-1.2734e-01,-1.0412e-01,-9.4444e-02,-6.8789e-02,-8.7011e-02,-9.7164e-02,-8.1972e-02,-7.0278e-02,-4.4021e-02,-5.5016e-02,-2.6538e-02,-3.9105e-02,-4.6834e-02,-1.8026e-02,1.9290e-02,5.7646e-02,6.6004e-03,6.7189e-02,5.4371e-02,8.6715e-02,9.0297e-02,1.1791e-01,5.9869e-02,6.5864e-02,1.0895e-01,9.9943e-02,9.6033e-02,1.0967e-01,1.2578e-02,6.5732e-02,4.9467e-02,-2.2083e-02,3.6161e-02,4.0294e-02,5.7346e-02,6.6791e-03,-7.0852e-02,-7.6425e-02,-6.8616e-02,-5.9469e-02,-7.0895e-02,-9.6348e-02,-1.3091e-02,-1.9005e-02,-6.1988e-02,-6.1454e-02,-6.6224e-02,-6.4550e-02,-3.1783e-02,-4.1204e-03,2.0074e-02,3.0173e-02,3.2842e-02,3.5377e-02,1.0428e-01,3.2724e-02,5.1436e-02,5.6974e-02,4.5094e-02,6.7802e-02,4.3072e-02,6.6839e-02,2.4824e-02,7.1442e-02,-1.7616e-02,2.0604e-02,3.2916e-02,1.1090e-02,3.9349e-02,6.1062e-02,-7.9968e-03,-2.0778e-02
1.1628e-02,1.3544e-03,3.7661e-02,1.0596e-01,2.8865e-02,9.7473e-02,1.3104e-01,8.7199e-02,1.1793e-01,1.4643e-01,1.3550e-01,9.8170e-02,1.0888e-01,8.6403e-02,4.5175e-02,5.2892e-02,1.2580e-01,1.5563e-01,1.8433e-01,1.6208e-02,-2.5332e-02,-4.9621e-02,-8.6968e-02,-2.3973e-02,2.5407e-03,-7.3319e-02,-5.9786e-02,-8.6634e-02,-8.1003e-02,-9.7491e-03,-8.9840e-02,-4.4883e-02,1.5173e-02,-3.2596e-02,-5.1380e-02,-7.1539e-02,-5.5427e-02,-4.3341e-02,1.7780e-04,2.8878e-02,5.1856e-03,-8.0096e-03,7.4019e-03,1.9728e-02,-1.1476e-02,-2.7457e-02,4.3404e-02,1.1447e-01,1.6691e-01,1.7607e-01,7.5447e-02,8.0731e-02,9.2313e-02,7.5344e-02,7.3167e-02,7.5823e-02,6.3711e-02,9.0113e-02,1.7803e-02,8.3197e-02,2.2463e-03,3.1625e-03,-2.0303e-02,5.9076e-02,1.0576e-02,-3.9795e-02,-1.3082e-01,-8.0639e-02,-3.9534e-02,-6.8487e-02,-1.1311e-01,4.3469e-03,-1.9414e-02,-5.1610e-02,-1.7986e-02,-1.0631e-01,-3.7721e-02,-3.0810e-03,1.9618e-02,3.1367e-02,3.6169e-02,4.6066e-02,5.5267e-02,4.7673e-03,4.9840e-02,5.4020e-02,7.0240e-02,9.3124e-02,8.3294e-02,9.9103e-02,4.7269e-02,9.1487e-02,6.1174e-02,5.1359e-02,6.1748e-02,4.7898e-02,2.4481e-02,4.7260e-02,7.3134e-02,-5.5824e-03
4.5015e-02,-5.8476e-03,3.6975e-02,8.3632e-03,-2.1047e-02,5.9273e-03,3.9423e-02,1.5048e-02,4.6241e-02,4.2304e-02,3.0936e-02,7.2436e-02,1.3928e-01,1.7949e-01,1.8246e-01,1.2551e-01,1.2835e-01,7.2048e-02,-9.8792e-03,2.3593e-02,2.4857e-02,4.2677e-02,6.4093e-02,-3.3668e-03,-5.7531e-02,-9.2153e-02,-1.8092e-01,-1.1329e-01,-1.1049e-01,-5.1090e-02,-8.2225e-02,-5.7982e-02,-8.3228e-02,-7.3822e-02,-1.1372e-01,-8.6693e-02,-8.3133e-02,-5.2312e-02,-2.5910e-02,-3.0792e-02,-4.0049e-02,2.5006e-02,2.4890e-02,-9.8406e-03,-3.4726e-02,3.9654e-02,5.6866e-02,8.0093e-02,1.3845e-01,8.8597e-02,4.4496e-02,7.0478e-02,9.1421e-02,9.5000e-02,8.9236e-02,6.8472e-02,7.5292e-02,3.9687e-02,6.7681e-02,4.2549e-02,3.0001e-02,2.8066e-02,-4.5806e-02,-2.8026e-02,2.7348e-02,-5.3076e-02,-8.2001e-02,-6.3452e-02,-8.7407e-02,-9.3549e-02,-1.1047e-01,-8.0463e-02,-1.6507e-02,-1.5896e-02,-3.6524e-02,-4.7834e-02,-7.1478e-02,-9.8589e-03,1.3097e-02,2.4991e-02,2.5710e-02,5.7072e-02,1.5617e-02,4.6505e-02,1.1575e-01,8.9312e-02,7.4674e-02,9.9032e-02,1.2386e-01,1.0728e-01,8.4485e-02,1.0246e-01,1.0923e-01,8.3812e-02,7.3544e-02,7.2843e-02,4.4731e-02,2.0038e-02,2.3957e-02,4.4894e-02
-9.6492e-02,-1.3285e-02,8.9190e-02,-5.1894e-02,7.3396e-02,4.7163e-02,5.6690e-02,1.1133e-01,8.7196e-02,5.0229e-02,6.5721e-02,9.3716e-02,9.8815e-02,1.0501e-01,1.1453e-01,1.2515e-01,9.2705e-02,1.7493e-03,2.3922e-02,-5.1492e-03,4.5590e-03,2.8643e-02,2.4162e-03,-3.5613e-02,-2.5730e-02,-3.9747e-03,-7.7991e-02,-1.2024e-01,-1.4153e-01,-9.9331e-02,-1.0913e-01,-1.2228e-01,-1.3293e-01,-1.5988e-01,1.2542e-02,-6.7352e-02,-6.1299e-02,-4.4884e-02,-3.3545e-02,-3.1946e-02,-7.0333e-02,-2.7375e-02,2.7243e-02,1.1134e-01,5.1180e-02,8.4576e-02,1.0348e-01,3.6476e-02,5.5170e-02,7.9912e-02,1.5996e-01,4.5947e-02,1.2446e-01,8.3449e-02,7.7862e-02,9.8409e-02,7.7434e-02,4.0893e-02,2.1698e-02,8.7392e-02,3.1583e-02,1.4893e-02,4.9487e-02,-2.1041e-02,-1.0780e-01,2.6524e-02,-1.5299e-02,-4.7336e-02,-9.0250e-02,-8.6619e-02,-7.9703e-02,-1.5965e-01,-2.4407e-02,-4.3971e-02,-1.6803e-02,-4.4540e-03,-2.1112e-02,-2.6646e-02,-1.0101e-03,-3.9366e-03,1.0723e-04,7.2120e-02,3.8582e-02,9.9522e-02,9.8306e-02,6.7295e-02,5.9718e-02,1.0613e-01,1.0521e-01,1.1662e-01,1.0476e-01,9.7861e-02,1.0140e-01,8.3615e-02,7.8737e-02,7.5424e-02,5.8522e-02,-1.4893e-03,-5.6593e-03,8.3129e-03
2.8360e-03,5.6108e-02,-1.1751e-02,1.1023e-01,1.1164e-01,1.0935e-01,9.9545e-02,5.8920e-02,3.7037e-02,1.2288e-01,9.8034e-02,6.9584e-02,6.5641e-02,6.1970e-02,6.0542e-02,5.1849e-02,-1.3042e-02,9.8147e-03,1.0928e-02,1.3983e-02,4.0995e-02,2.4010e-02,-3.9074e-02,-1.5263e-02,-5.2415e-02,-1.1137e-01,-2.4659e-02,1.1936e-02,-1.1709e-01,-1.0480e-01,-6.2639e-02,-1.1076e-01,-1.2367e-01,-9.4722e-02,-8.2201e-02,-7.4912e-02,-8.3532e-02,-7.2372e-02,-6.5740e-02,-6.9099e-02,2.2877e-02,3.4313e-02,3.8962e-02,4.7055e-02,5.7693e-02,1.2843e-01,5.8885e-02,9.2098e-02,-5.7596e-02,3.6592e-02,1.4175e-01,1.5563e-01,6.4530e-02,1.3609e-01,6.2467e-02,5.2346e-02,7.8801e-02,1.1852e-01,6.1438e-02,1.7857e-02,5.6754e-02,8.4415e-04,-5.3063e-04,-4.7037e-03,-1.4297e-02,-8.0009e-02,2.6400e-02,-4.7258e-02,-6.5637e-02,-6.4126e-02,-6.2322e-02,-9.3436e-02,-1.2069e-01,-6.7609e-02,-5.7518e-02,-1.7699e-02,4.8458e-02,-5.6466e-02,-2.6496e-02,-1.7350e-02,5.6023e-02,4.7082e-02,6.2817e-02,8.6344e-02,6.2231e-02,6.3624e-02,7.7843e-02,1.1183e-01,1.0975e-01,1.0991e-01,1.1414e-01,8.0414e-02,7.8839e-02,9.3415e-02,9.1601e-02,8.1443e-02,7.0778e-02,1.5554e-02,-3.1169e-02,-9.2700e-04
5.2855e-03,4.4140e-02,-4.3655e-02,7.1164e-02,6.1874e-02,5.7078e-02,5.6712e-02,1.0099e-01,5.4745e-02,6.0873e-02,1.6064e-01,9.8818e-02,4.7968e-02,5.9603e-03,6.5503e-03,-1.8381e-02,-1.5522e-02,2.8780e-02,4.0420e-02,4.6116e-02,1.0264e-02,-3.8848e-02,-1.0465e-01,-5.7544e-02,4.2578e-03,-2.5728e-02,-2.1569e-02,-2.7453e-02,-2.9052e-02,-9.6806e-02,-6.9375e-02,-7.7472e-02,-1.2699e-01,-5.6001e-02,-9.5774e-02,-5.6990e-02,-1.1868e-01,-1.2575e-01,-1.4858e-01,-6.4869e-02,2.1062e-02,2.2160e-02,-1.3245e-02,7.0760e-03,1.8994e-02,3.2763e-02,8.9159e-02,-6.6512e-03,4.2644e-02,2.4719e-02,3.1525e-03,1.1632e-01,8.9561e-03,6.1194e-02,5.9808e-02,4.7873e-02,9.8022e-02,1.5685e-01,1.0973e-01,7.4993e-02,2.6774e-02,3.9941e-02,-3.3422e-02,-2.1246e-02,-1.6444e-02,-3.2927e-02,-8.8466e-02,-3.2107e-02,-5.4435e-02,-5.1404e-02,-5.1041e-02,-7.9341e-02,-7.0867e-02,-1.1220e-01,-8.3221e-02,-6.7296e-02,2.9229e-03,-1.6196e-02,-1.3844e-02,3.7735e-02,1.0077e-01,1.6764e-02,2.2763e-02,6.6614e-02,5.5833e-02,7.5817e-02,1.0683e-01,8.3691e-02,1.0693e-01,9.3109e-02,1.1161e-01,6.9030e-02,7.8406e-02,8.0409e-02,6.2888e-02,8.0980e-02,7.3299e-02,4.7353e-02,-3.1934e-02,-4.3248e-03
-2.8119e-03,-5.4761e-02,5.3551e-02,2.3692e-02,3.1529e-02,1.2168e-02,1.8405e-02,7.0417e-02,9.6637e-02,1.0426e-02,7.0388e-02,6.0022e-02,9.2686e-02,8.3465e-02,6.5722e-02,2.5433e-02,6.3944e-02,6.4400e-02,3.9036e-02,5.7472e-02,1.1528e-02,-5.1222e-02,-1.2134e-02,-3.7168e-02,-1.0921e-01,-3.7150e-02,-3.8104e-02,-4.1316e-02,-3.2269e-03,-7.8425e-02,-5.5786e-02,-4.7171e-02,-3.2593e-02,-2.2065e-02,-8.2212e-02,-5.4004e-02,4.2197e-03,1.3649e-03,-1.3627e-02,3.9082e-02,-1.4761e-02,-3.4840e-03,-7.5438e-03,-4.9053e-02,-5.1182e-03,9.0766e-03,1.1996e-02,1.8088e-02,7.7756e-02,5.3692e-02,4.5024e-02,7.0956e-02,9.8910e-03,-1.5254e-02,7.5359e-02,5.7981e-02,7.4479e-02,5.0627e-02,8.8937e-03,1.4489e-02,-2.6352e-03,-2.8767e-02,4.6373e-02,-4.3736e-02,-2.3166e-02,-1.1004e-02,-2.2346e-02,-6.5041e-02,-6.9426e-02,-6.1043e-02,-5.1908e-02,-7.4440e-02,-6.4909e-02,-3.9311e-02,-1.0025e-01,-8.6353e-02,-6.3235e-02,-6.6955e-02,-5.0690e-02,1.9986e-02,-5.8362e-03,-8.6927e-03,3.4170e-02,6.9051e-02,7.4470e-02,1.0252e-01,9.1177e-02,7.2924e-02,9.8810e-02,8.3607e-02,1.0667e-01,7.4278e-02,8.7275e-02,6.6500e-02,5.7048e-02,5.6404e-02,6.0316e-02,4.7421e-02,1.0326e-02,-3.8878e-03
-3.6811e-02,3.9867e-02,2.6604e-02,1.0552e-02,1.5764e-02,-7.7391e-03,2.4825e-02,3.6449e-02,7.6179e-02,1.6992e-02,-1.3644e-02,5.9123e-02,8.2458e-02,9.7094e-02,7.2729e-02,1.3066e-01,1.4914e-01,-2.6254e-03,3.3507e-02,1.1990e-02,-4.4006e-03,3.9782e-02,1.4569e-02,-2.5817e-02,-6.1102e-02,-3.5208e-02,-8.8955e-02,-6.9458e-02,-1.1381e-02,-7.1731e-02,-5.7235e-02,-3.6979e-02,-5.8627e-02,-9.3611e-02,-8.0503e-02,-5.3992e-02,1.5963e-03,-2.6914e-02,-1.6576e-02,-1.2696e-02,2.8043e-02,2.0614e-02,-4.1530e-03,-1.0316e-02,-5.2567e-02,7.2792e-04,-2.9442e-03,7.5957e-02,8.0025e-02,1.3055e-01,7.2129e-02,4.9948e-02,1.6576e-01,1.0305e-01,-8.8264e-03,9.6172e-02,3.4839e-02,-2.2162e-03,2.1339e-02,1.3603e-02,4.3969e-03,-6.6899e-03,-2.1381e-02,2.0300e-02,-3.9925e-02,-1.2945e-02,-9.1537e-03,-3.1272e-02,-5.0096e-02,-5.9495e-02,-4.6601e-02,-3.8243e-02,-4.9682e-02,-4.8500e-02,-6.3640e-02,-5.1185e-02,-7.1788e-02,-5.8363e-02,-6.2232e-02,3.3452e-02,3.3378e-03,3.3069e-02,8.8660e-02,9.1390e-02,9.4645e-02,1.2839e-01,4.6874e-02,8.6232e-02,8.4337e-02,8.3938e-02,1.0458e-01,8.2458e-02,9.4787e-02,6.3863e-02,5.3702e-02,3.2909e-02,6.3270e-02,3.0020e-02,2.5221e-02,-1.1050e-02
8.0091e-02,-2.3519e-03,1.3154e-02,5.8881e-03,-1.1409e-02,2.3878e-02,2.4397e-02,1.8931e-02,3.5595e-02,-6.4825e-03,-5.3084e-03,4.7190e-02,5.0499e-02,5.8495e-02,2.5770e-02,7.5219e-02,3.7462e-02,3.2203e-02,2.6119e-02,-1.2167e-02,-2.6699e-02,3.4283e-02,2.5308e-02,-3.7279e-02,-9.5491e-03,-3.1745e-02,-6.1130e-02,-7.9250e-02,-1.2100e-02,-5.4883e-02,-1.9534e-03,-6.7835e-02,-6.0771e-02,-2.4925e-02,-3.0227e-02,-3.3923e-02,-2.6948e-02,1.0684e-02,-3.9999e-03,1.2816e-02,-3.5414e-02,-2.9828e-02,4.3799e-02,2.0580e-02,1.2455e-02,-1.9693e-02,1.4918e-02,3.6041e-02,1.0148e-01,3.5430e-02,9.4816e-04,-9.2584e-03,7.1386e-02,1.3049e-01,1.0709e-01,1.7364e-02,3.5611e-02,1.4870e-02,2.8898e-02,4.4254e-03,-1.2638e-02,-2.5692e-02,-3.0787e-02,-2.9293e-02,2.8620e-02,-5.8101e-02,-8.7655e-03,-1.1140e-02,-4.6730e-02,-1.5382e-02,-2.9652e-02,-2.2310e-02,-2.7979e-02,-2.7208e-02,-3.2338e-02,-1.8743e-02,-3.3516e-02,3.4121e-02,7.8932e-02,1.0798e-02,2.3434e-02,3.5483e-02,6.0504e-02,5.7654e-02,7.8311e-02,1.0788e-01,9.0301e-02,9.8599e-02,7.6237e-02,8.8496e-02,9.9733e-02,8.7897e-02,9.8025e-02,6.3694e-02,6.3112e-02,4.0928e-02,5.3320e-03,3.9437e-02,2.5426e-02,-2.6151e-02
9.3187e-03,-1.4097e-02,1.0486e-02,-6.8666e-03,1.5385e-02,4.2094e-02,2.4275e-02,1.0321e-02,9.8881e-03,2.4062e-02,4.0150e-02,1.3106e-02,3.2143e-02,3.9388e-02,6.1679e-03,3.5502e-02,-3.9943e-02,-7.2117e-03,1.8096e-02,8.3533e-03,-2.1083e-02,-1.9884e-02,-2.9405e-02,-3.2281e-02,-1.0248e-02,-1.9508e-02,2.1005e-02,-1.9473e-02,-6.8661e-02,-2.7122e-02,-3.4835e-02,8.6222e-03,3.0757e-02,6.7331e-02,3.2522e-02,-1.2349e-02,-2.4681e-02,-3.4351e-03,2.0990e-02,2.6378e-02,-1.6997e-02,-6.9638e-02,1.3494e-03,3.0946e-02,1.0087e-01,5.1120e-02,-3.0333e-02,2.1494e-02,2.8758e-02,-3.0585e-02,8.3798e-03,-8.3338e-03,-3.7294e-02,-1.0899e-02,1.3330e-02,2.6983e-03,-1.7552e-02,3.5051e-02,3.3354e-02,1.3404e-02,-3.3720e-03,-1.6199e-02,-2.3683e-02,-2.2904e-02,-2.4311e-02,4.3653e-02,-7.5834e-02,1.5320e-02,1.4797e-02,-8.3464e-03,-2.2622e-02,-2.5222e-02,6.8901e-03,6.0959e-03,-3.8890e-02,-5.8764e-02,1.0045e-02,4.5748e-02,1.4305e-02,-3.0534e-02,3.2664e-02,3.8082e-02,4.3820e-02,4.5194e-02,7.3373e-02,2.7312e-02,9.5908e-02,1.0271e-01,1.0265e-01,8.9550e-02,8.4123e-02,9.4701e-02,9.7632e-02,5.5834e-02,7.3787e-02,5.4096e-02,2.4298e-02,2.3206e-02,4.1624e-02,-2.7660e-02
-2.7021e-02,-1.5659e-02,-1.1426e-02,-2.7145e-03,2.4288e-02,4.5411e-02,2.6273e-02,9.3823e-03,-8.7326e-03,5.6082e-02,5.5982e-02,-1.6590e-02,1.3574e-02,1.0811e-02,3.9969e-03,6.8890e-03,-4.7398e-02,-1.7396e-02,-6.3099e-03,-2.6329e-02,1.1928e-02,2.5842e-02,-4.9990e-02,-3.8676e-03,-1.5747e-02,-1.8311e-02,3.0487e-02,-3.3883e-02,-8.8010e-02,2.4282e-02,-3.6230e-02,-2.7555e-02,-3.0549e-02,-1.4156e-02,1.7885e-02,2.6064e-02,8.4568e-03,-1.8769e-02,8.8280e-03,3.8092e-02,-2.4090e-02,3.0736e-02,1.5801e-02,-2.4401e-02,2.0880e-02,4.7106e-02,8.7427e-02,-1.8806e-02,-6.8641e-03,4.9522e-03,2.6736e-02,-8.9256e-03,-2.5349e-02,-5.8288e-02,-2.7101e-02,-1.9117e-02,-2.5232e-02,-6.2448e-04,2.1287e-02,4.9320e-02,5.9104e-02,5.6189e-02,4.7730e-02,4.2796e-02,3.7238e-02,-6.0315e-03,2.6461e-02,-6.8898e-02,-2.2099e-03,-1.5427e-02,-3.9029e-02,-5.3678e-02,-3.5495e-02,-5.0876e-02,-7.6224e-02,5.1026e-02,-2.5082e-02,-1.6827e-02,-2.2048e-03,4.3499e-02,4.5973e-02,4.3082e-02,4.0797e-02,5.1532e-02,3.0348e-02,6.2552e-02,1.0448e-01,7.4263e-02,1.1199e-01,6.8228e-02,5.7084e-02,9.7149e-02,9.2189e-02,4.5259e-02,6.3667e-02,6.3023e-02,3.4171e-02,2.5428e-02,7.7967e-02,-2.3135e-02
-1.4276e-02,-6.6290e-02,7.5942e-03,1.6539e-02,1.0992e-02,1.1709e-02,4.3487e-03,4.2562e-03,1.6632e-03,5.2863e-02,3.4255e-02,2.1581e-03,-2.3271e-02,-2.5644e-02,4.3915e-03,-2.3698e-02,-2.9049e-02,-4.9500e-02,-1.2607e-02,1.7290e-02,4.7262e-02,2.5356e-02,7.4186e-02,5.7718e-02,4.6491e-02,6.7582e-02,5.3445e-02,2.9106e-02,6.1520e-02,6.1039e-02,1.3456e-03,-4.4152e-03,2.7652e-02,1.3349e-03,-3.5892e-02,-5.5456e-02,-6.1188e-02,-2.5022e-02,-5.9109e-02,-1.1121e-01,-3.1829e-03,4.5787e-02,2.7455e-02,2.1836e-02,2.1981e-02,7.0644e-03,2.7483e-02,4.1435e-02,1.8535e-03,-1.6965e-02,4.1002e-02,7.9402e-02,1.9544e-02,3.7130e-02,2.2540e-02,-2.5848e-03,4.4254e-03,-4.7478e-03,1.9616e-02,2.2888e-03,2.4853e-02,3.3921e-02,3.3441e-02,2.7435e-02,1.7834e-02,-3.9559e-02,-2.4335e-02,2.1746e-02,-5.6033e-02,9.1897e-03,1.8016e-02,2.6500e-02,-7.6371e-03,-4.3963e-02,1.0398e-01,-1.5972e-02,-4.7530e-02,-3.5739e-02,-1.2267e-02,4.3212e-02,3.1687e-02,3.7528e-02,4.2493e-02,2.2704e-02,5.5667e-02,8.0325e-02,9.5358e-02,4.2312e-02,3.9918e-02,3.5722e-02,6.4021e-02,8.3226e-02,7.7293e-02,3.8472e-02,4.2776e-02,4.0289e-02,2.7234e-02,6.0317e-02,3.8423e-02,1.0019e-02
7.1460e-03,-4.1674e-02,-7.1479e-02,-4.1198e-02,-4.6675e-02,-2.0185e-02,-1.7443e-03,-4.5015e-02,-3.6729e-03,3.3614e-03,1.4535e-02,1.0791e-02,-7.6027e-03,-4.5639e-02,1.0004e-02,-4.5423e-02,-4.7343e-02,1.1415e-02,7.4228e-03,2.9986e-02,-3.9759e-02,1.4039e-02,1.9957e-02,1.7677e-02,2.5617e-02,2.1606e-02,-2.9127e-02,4.1822e-02,2.0166e-02,2.4854e-02,9.3053e-03,1.9005e-02,-6.1567e-03,-3.1988e-02,3.1850e-02,6.0524e-02,2.6276e-02,-7.1965e-03,-2.1067e-02,1.5485e-02,-3.7464e-03,-2.6175e-02,-5.8183e-02,-1.5944e-02,4.1539e-02,1.7577e-02,-2.4863e-02,1.7781e-02,-3.7358e-02,-7.2935e-03,-1.2680e-02,4.9297e-02,1.3733e-02,-5.1010e-02,-1.1695e-02,-7.9210e-03,-3.4180e-04,-2.4122e-03,-4.9161e-02,-3.5803e-02,-6.3468e-02,-2.7481e-02,2.7119e-03,2.4408e-02,1.1698e-02,-1.5200e-02,-3.3580e-02,1.0713e-02,2.2132e-02,-1.6523e-03,2.3110e-02,4.7479e-02,1.7506e-02,2.8400e-03,1.6888e-02,-3.2534e-02,-2.6680e-02,-5.1940e-02,-1.3451e-02,-1.3553e-02,-3.8144e-02,-8.6848e-02,4.2748e-04,2.6852e-02,5.4305e-02,4.2235e-02,-3.3090e-03,4.6140e-02,2.4457e-02,5.0407e-02,2.9850e-02,5.7439e-02,5.4268e-02,3.4372e-02,2.7250e-02,4.4817e-03,1.9145e-02,4.7173e-02,1.8876e-02,6.2066e-02
-4.3157e-03,-3.9627e-03,-4.3180e-02,-4.9818e-02,-8.1965e-03,-2.4555e-02,4.0811e-04,-2.8914e-02,-6.0700e-03,-5.5347e-02,-4.7433e-03,1.0564e-02,-2.8621e-02,-3.1003e-02,-3.6440e-02,-4.0700e-02,4.8698e-02,3.3807e-02,-4.1618e-02,-5.7719e-02,1.6711e-02,-1.4970e-02,-2.5484e-02,1.3769e-03,1.6880e-02,-4.5520e-02,-3.8730e-02,1.2154e-02,4.8049e-02,2.3073e-02,2.2251e-02,4.6418e-02,7.6227e-03,-2.1888e-02,-1.5764e-02,6.9663e-02,1.3428e-01,4.4546e-02,2.9438e-02,7.4968e-02,4.5213e-02,3.2928e-02,1.0745e-02,-2.6644e-02,-8.0660e-02,-8.6587e-02,-1.4165e-02,-3.5915e-03,-1.9535e-02,-5.6251e-02,-5.7436e-02,-1.9593e-02,-2.0863e-02,-4.0351e-02,-5.3388e-02,-2.8210e-02,-2.5199e-02,-1.9187e-02,-7.1088e-03,-4.9250e-02,-2.1912e-02,-2.7653e-02,1.1424e-02,2.3062e-02,1.0527e-02,6.5661e-02,5.0033e-02,2.3791e-02,2.8414e-02,6.4819e-03,2.5589e-02,1.0506e-02,4.8392e-02,1.0070e-01,1.0384e-02,4.0446e-02,9.4320e-02,6.3186e-02,3.7067e-02,-6.6304e-02,3.7223e-03,8.3669e-02,2.8670e-02,5.6552e-02,2.5452e-02,-1.2641e-03,1.1809e-02,4.5606e-02,3.3101e-02,3.4449e-02,1.6142e-02,2.9160e-02,2.8700e-02,2.8623e-02,9.9032e-03,-9.1558e-03,1.6630e-02,1.4952e-02,-1.1705e-02,-1.0059e-03
1.9649e-02,3.1316e-02,1.0898e-02,-2.0672e-02,-4.9243e-02,-5.6803e-02,-2.8255e-02,-4.3711e-02,-9.9216e-03,-1.0639e-01,-6.4298e-02,-6.2806e-02,-7.6914e-02,-9.3594e-02,-1.4493e-01,-5.5360e-02,4.8077e-02,-1.9925e-02,-8.1695e-03,-1.8263e-02,-1.7393e-02,-7.2905e-02,-7.5946e-02,-6.6448e-02,-3.1365e-02,-2.2269e-02,3.0798e-02,2.3829e-02,6.2218e-02,2.8344e-02,3.8143e-02,7.1937e-02,5.5251e-02,8.1109e-02,6.1484e-02,1.5911e-02,1.5487e-03,5.6514e-02,4.2101e-02,2.3978e-02,5.7778e-02,-4.9129e-04,1.5229e-02,-3.0396e-03,-5.2364e-02,-7.7946e-02,-9.4525e-02,-5.7670e-02,-6.1280e-02,-1.5254e-02,-1.0644e-01,-8.4930e-02,1.3206e-02,-6.8732e-02,-6.1986e-02,-4.0256e-02,-3.3187e-02,-3.9945e-02,-5.6085e-02,-1.6633e-02,-5.5641e-02,-2.6108e-02,-8.0550e-02,-4.4138e-02,-3.4687e-02,-2.0857e-03,5.4014e-02,5.2661e-02,5.3049e-02,8.4710e-02,1.8232e-02,4.4665e-02,4.6964e-02,9.3942e-02,-5.1427e-03,3.4908e-02,1.0013e-01,8.4897e-02,-6.9068e-03,9.5838e-03,2.5077e-02,4.2955e-02,6.7395e-03,-6.9812e-02,-5.6468e-02,4.0148e-03,1.8858e-02,-5.7511e-03,1.9927e-02,2.0701e-02,1.7528e-02,8.8295e-04,-2.4930e-03,1.1154e-02,-4.4186e-03,3.5195e-03,1.3914e-02,-2.0972e-02,-1.1714e-02,-2.3161e-02
2.5521e-02,6.6842e-02,1.4544e-02,6.6185e-03,-2.7828e-02,-7.8021e-02,-8.2394e-02,-3.2322e-02,-8.6259e-02,-1.3958e-01,-1.6555e-01,-1.1127e-01,-7.2573e-02,-4.9321e-02,-1.7343e-02,-1.1871e-02,4.6576e-03,-5.4353e-02,-5.5707e-03,1.5628e-02,2.9691e-02,1.6639e-02,-1.6209e-02,3.1911e-02,2.1777e-03,4.9676e-02,3.3871e-02,6.4198e-02,2.8340e-02,3.0074e-02,5.1280e-02,7.7548e-02,7.2856e-02,9.3786e-02,7.1045e-02,2.6127e-02,-6.3897e-02,5.9826e-03,6.3705e-02,4.0986e-03,5.4809e-03,-1.1382e-02,-2.0581e-02,3.6865e-03,-5.8399e-02,-4.2618e-02,-6.0062e-02,-1.1328e-01,-5.3706e-02,-4.8547e-02,-4.5354e-02,-1.3464e-01,-1.0437e-01,-4.8502e-02,-8.0849e-02,-7.6182e-02,-3.8909e-02,-4.7018e-02,-6.5622e-02,-4.0324e-02,1.0016e-02,2.3591e-02,-6.5914e-04,-3.6389e-02,-1.8378e-02,-3.7587e-02,-4.0203e-02,-1.5823e-02,-4.9241e-03,3.8042e-02,1.1120e-01,1.1642e-01,1.1779e-01,9.2620e-02,7.1810e-02,7.2112e-02,7.1719e-02,3.5012e-02,4.0272e-02,5.5787e-02,-1.7906e-02,2.5709e-02,-1.8054e-02,7.0326e-03,2.4488e-02,1.8679e-02,6.5610e-04,4.6900e-03,7.8485e-03,1.0885e-02,1.3856e-02,6.8139e-03,-2.2011e-02,5.6030e-03,1.0735e-02,9.0257e-03,2.7997e-03,-2.8784e-02,-1.8514e-02,-4.3979e-03
2.3582e-02,3.5544e-02,7.0581e-03,5.0823e-03,-1.9828e-03,-4.6255e-02,-6.4630e-02,-8.9450e-02,-1.3203e-01,-1.1081e-01,-9.6917e-02,-5.7704e-02,-7.1825e-02,-5.3970e-02,6.5174e-02,-1.6496e-02,-1.4802e-01,-7.0304e-02,-7.5692e-02,-7.4802e-02,2.1104e-03,3.9707e-02,9.1240e-02,5.8587e-02,9.6289e-02,4.9207e-02,7.2028e-02,6.2019e-02,7.0783e-02,8.7474e-02,1.1894e-01,1.2223e-01,3.4576e-02,7.2895e-02,1.1642e-01,3.4679e-02,2.3117e-02,6.2636e-03,3.3308e-02,5.5778e-02,-3.0930e-03,-2.7784e-03,-6.2970e-02,-3.3747e-02,-7.3512e-02,-4.1504e-02,-6.0015e-02,-5.1041e-02,-9.9193e-02,-6.0265e-02,-5.5603e-02,-7.4742e-02,-1.5577e-01,-7.6885e-02,-8.6696e-02,-9.8610e-02,-4.7935e-02,-5.4674e-02,-6.1104e-02,-4.1781e-02,-1.9759e-02,2.6715e-02,4.7567e-02,2.3336e-02,4.3871e-02,6.6153e-02,9.5281e-02,8.8262e-02,9.0073e-02,5.2244e-02,6.5867e-02,5.1103e-02,8.8911e-02,3.6269e-02,1.0421e-01,8.5246e-02,-6.8034e-03,4.3094e-02,6.2982e-02,8.3432e-02,9.0454e-03,1.4619e-02,1.2287e-02,-6.7283e-03,2.8386e-02,-2.7173e-03,-6.0179e-03,-4.4439e-03,-1.3483e-03,3.1961e-03,8.3581e-03,5.3441e-03,-1.2548e-02,1.4992e-02,1.1390e-02,8.0165e-03,-2.0731e-02,-3.1198e-03,-3.2764e-02,5.0997e-03
-3.0104e-02,-2.9141e-02,-1.6044e-02,-1.4446e-02,-2.4272e-02,-4.8988e-02,-1.0221e-01,-9.0647e-02,-6.6664e-02,-1.8274e-02,-6.2598e-02,-5.4306e-02,-7.2371e-02,-8.2594e-02,-6.4592e-02,-9.4196e-02,-6.3330e-02,-1.2767e-01,-4.8936e-02,-3.5185e-02,-6.1717e-02,1.1831e-02,7.6979e-02,1.4628e-01,6.3073e-02,8.3205e-02,7.1076e-02,7.0525e-02,1.0257e-01,1.3173e-01,1.4546e-01,1.0778e-01,5.3510e-02,8.4361e-02,1.6928e-01,9.0273e-02,1.1966e-01,1.0593e-01,7.5176e-02,9.9032e-02,6.6974e-02,8.0917e-02,3.0805e-02,1.3542e-02,-1.8869e-02,-1.7889e-02,-6.6618e-02,-5.7275e-02,-6.4051e-02,-1.2734e-01,-6.1458e-02,-5.4444e-02,-9.7984e-02,-1.3986e-01,-7.0015e-03,-1.1379e-01,-6.6169e-02,-6.6228e-02,-4.8044e-02,-3.5753e-02,-3.4307e-02,-3.0236e-02,2.4484e-03,2.9572e-02,5.1822e-02,3.8130e-02,1.4547e-01,1.1692e-01,9.9004e-02,5.8742e-02,4.2852e-02,3.2540e-02,4.8744e-02,7.1339e-02,1.1550e-01,5.7044e-02,7.0005e-02,5.1090e-02,5.3929e-02,8.5079e-02,7.1291e-02,8.2536e-03,1.4329e-03,6.4411e-02,-6.3925e-03,-2.0739e-02,-1.5939e-02,-1.3127e-02,-9.1415e-03,-4.0753e-03,7.9495e-04,-6.2105e-03,-1.3403e-02,8.3908e-03,1.2097e-03,-9.2734e-03,-7.2337e-03,7.3401e-03,-1.1979e-02,8.7533e-03
-4.1990e-02,-5.1094e-02,-6.0759e-02,-6.9374e-02,-7.2781e-02,-6.4593e-02,-6.8004e-02,-6.0389e-02,-5.2334e-02,-2.5729e-02,-8.5252e-02,-8.9009e-02,-9.3659e-02,-8.8802e-02,-1.4323e-01,-5.8886e-02,-1.9031e-02,-4.9145e-02,-4.6184e-02,-2.7679e-02,-1.2422e-02,-1.1653e-02,-1.6295e-03,-2.0152e-02,2.3534e-02,1.0621e-01,8.5195e-02,8.9066e-02,9.4757e-02,1.1752e-01,9.0617e-02,3.1664e-02,8.4676e-02,1.0759e-01,8.2301e-02,1.2287e-01,9.9896e-02,6.2801e-02,2.4645e-02,5.9489e-03,-7.5298e-03,2.4291e-02,2.9264e-02,1.3106e-02,2.3222e-02,1.4954e-02,-3.6627e-02,-5.7064e-02,-7.9219e-02,-1.0387e-01,-1.0646e-01,-7.7232e-02,-5.8034e-02,-8.6750e-02,-8.7568e-02,-2.0812e-02,-1.1029e-01,-6.2530e-02,-3.3893e-02,-3.3237e-02,-3.6949e-02,-4.6544e-02,-3.0032e-02,4.6487e-03,1.7046e-02,1.4137e-02,-2.0543e-02,7.5247e-02,7.5917e-02,1.3112e-01,9.8949e-02,3.9155e-02,4.1483e-02,8.1716e-02,9.1164e-02,1.1569e-01,4.1831e-02,6.7608e-02,5.7642e-02,5.9814e-02,9.0923e-02,1.1263e-02,3.6754e-03,3.5927e-02,1.4803e-02,-2.2336e-02,-4.3968e-02,-2.3167e-02,-1.7401e-02,-1.2685e-02,-1.1301e-02,-2.6835e-02,-2.4668e-02,-1.1287e-02,-2.1602e-02,-3.6960e-02,1.7857e-02,-3.2306e-03,1.0417e-02,8.8134e-03
-2.8778e-02,-5.5444e-02,-8.0515e-02,-7.4013e-02,-5.3562e-02,-4.7363e-02,-6.2583e-02,-6.9386e-02,-6.6266e-02,-6.2558e-02,-9.9984e-02,-1.5115e-01,-1.3302e-01,-2.4271e-02,-1.7750e-01,-6.0172e-02,-1.2661e-01,-4.4151e-02,-2.6938e-02,-1.0242e-02,1.8102e-02,1.9259e-02,-1.3726e-02,-1.3644e-02,8.9849e-03,5.3439e-03,3.8567e-02,2.9544e-02,2.8548e-02,1.8256e-02,3.2359e-02,5.1768e-02,1.0695e-01,1.2107e-01,6.6133e-03,1.1339e-01,3.9045e-02,-1.7788e-03,-1.9523e-02,-1.3319e-02,-1.1256e-02,-1.4658e-02,3.4917e-03,-2.6902e-02,-2.2110e-02,-2.8974e-03,-3.8188e-02,-5.8566e-02,-4.9327e-02,-6.5983e-02,-1.0189e-01,-1.0745e-01,-8.0807e-02,-7.0831e-02,-6.0899e-02,-6.5497e-02,-3.4784e-02,-5.1577e-02,-3.0517e-02,-3.1237e-02,-3.3437e-02,-3.6924e-02,-1.0226e-02,1.3793e-02,1.6501e-02,1.7310e-02,5.7208e-02,-1.6271e-02,3.7295e-02,3.0424e-02,1.0314e-01,2.3768e-01,1.0488e-01,4.7828e-02,8.2911e-02,1.4402e-01,1.2550e-01,6.5121e-02,7.1687e-02,6.4639e-02,7.2555e-02,1.3859e-02,3.0260e-02,-6.0156e-03,1.4095e-03,-8.3525e-03,-3.2964e-02,-7.8245e-02,-3.1014e-02,-2.5537e-02,-3.5572e-02,-6.9071e-02,-7.1551e-02,-6.9047e-02,-8.1576e-02,-3.3117e-02,4.5943e-03,-1.4038e-02,1.4415e-02,-5.1050e-03
4.0683e-03,-1.1910e-02,-2.7948e-02,-4.9018e-02,-7.7322e-02,-6.4304e-02,-6.8944e-02,-7.5359e-02,-8.4859e-02,-1.1323e-01,-1.4808e-01,-8.3832e-02,-8.7224e-02,-1.0277e-01,-1.1613e-01,-1.0097e-01,-1.4728e-02,2.1993e-02,-1.6919e-02,-2.4809e-02,3.4520e-02,-1.0662e-02,-1.7679e-02,4.6609e-03,6.6319e-02,1.3847e-02,4.8728e-02,7.7433e-02,8.8409e-03,6.1495e-02,5.1660e-02,9.9018e-02,1.3472e-01,1.0424e-01,5.5038e-03,2.2189e-02,5.9019e-02,4.3399e-02,3.9910e-02,3.7392e-02,4.4754e-02,5.5960e-03,-1.9826e-02,-6.2046e-02,-8.8502e-02,-5.8451e-02,-5.7757e-02,-9.0377e-02,-6.7585e-02,-5.5941e-02,-7.3296e-02,-1.2767e-01,-1.0418e-01,-5.4801e-02,-7.4653e-02,-7.0382e-02,-1.2462e-01,-8.0047e-02,-3.6674e-02,-3.5640e-02,-3.6810e-02,-3.0116e-02,-1.3077e-02,-7.0154e-03,-3.5824e-03,3.4574e-03,5.9653e-03,2.9214e-02,8.4558e-03,8.0160e-02,1.1655e-01,9.2333e-02,5.8684e-02,1.2939e-01,5.1208e-02,9.4251e-02,1.4185e-01,8.7552e-02,6.5611e-02,4.3611e-02,-7.4751e-03,2.6644e-02,-4.1266e-02,-7.1731e-02,-4.5021e-02,-2.0367e-02,-3.4634e-02,-4.4980e-02,-7.5320e-02,-5.7976e-02,-9.1962e-02,-9.8357e-02,-7.9228e-02,-9.3760e-02,-7.7201e-02,-4.8149e-02,-6.9730e-02,-4.2298e-02,-2.7915e-02,-4.7496e-02
1.1950e-02,-1.1894e-03,-1.4839e-02,-3.0117e-02,-4.9712e-02,-9.0086e-02,-9.8791e-02,-1.0139e-01,-1.5118e-01,-9.5729e-02,-8.3534e-02,-1.0714e-01,-7.1173e-02,-1.5710e-01,-6.4806e-02,-4.6851e-02,-2.1356e-02,-4.7575e-02,-6.9877e-02,-3.0459e-02,-1.6083e-03,2.0521e-02,-6.3118e-03,1.0329e-02,6.1411e-02,8.1748e-02,5.6688e-02,8.1165e-02,1.2564e-01,9.0203e-02,1.0962e-01,1.2501e-01,1.3263e-01,5.5480e-02,8.8277e-02,1.0133e-01,1.3091e-01,1.2042e-01,1.0895e-01,7.3170e-02,5.0829e-02,3.3469e-02,-3.0561e-02,-6.5161e-02,-8.8702e-02,-9.5318e-02,-7.8612e-02,-1.0802e-01,-1.1308e-01,-8.1676e-02,-7.3023e-02,-8.9753e-02,-1.4236e-01,-8.9714e-02,-9.1236e-02,-1.1238e-01,-7.4146e-02,-4.9470e-02,-6.8687e-02,-7.9811e-02,-1.0235e-01,-6.2750e-02,-2.4399e-02,-1.3171e-02,7.6689e-03,7.6900e-02,7.4786e-02,1.0789e-01,1.2781e-01,1.1803e-01,9.2179e-02,3.8847e-02,6.3119e-02,7.5600e-02,5.6925e-02,3.8437e-02,6.8549e-02,1.2113e-01,3.4567e-02,8.3898e-02,5.2141e-02,9.9884e-02,1.4858e-02,-2.8651e-02,-4.9917e-02,-6.6103e-02,-8.1172e-02,-7.8560e-02,-7.1766e-02,-9.1007e-02,-1.6497e-01,-1.0129e-01,-9.3219e-02,-6.3724e-02,-2.5004e-02,-3.3576e-02,-2.9529e-02,-6.5421e-03,-2.2957e-02,-5.9078e-03
1.4468e-02,2.2942e-03,-1.1060e-02,-2.7506e-02,-5.1317e-02,-6.4272e-02,-1.1269e-01,-1.4185e-01,-7.0726e-02,-1.0410e-01,-1.0997e-01,-1.0829e-01,-6.8449e-02,-6.8279e-02,-5.1319e-02,-7.8724e-02,-7.6068e-02,-7.0400e-02,-6.2706e-02,-3.0142e-02,-3.5962e-02,-3.2503e-03,4.5304e-02,2.8811e-02,4.5833e-02,9.7708e-02,5.9224e-02,9.1540e-02,1.2861e-01,1.7243e-01,1.3377e-01,1.1267e-01,1.3298e-01,9.2583e-02,1.1787e-01,1.0704e-01,3.8197e-02,1.0027e-01,5.7036e-02,5.0918e-02,6.6320e-02,6.8278e-02,-7.9786e-03,-5.7569e-02,-7.7562e-02,-8.3437e-02,-7.9431e-02,-9.9474e-02,-1.2624e-01,-1.1919e-01,-9.5996e-02,-9.1650e-02,-1.1181e-01,-1.4553e-01,-1.1110e-01,-1.2569e-01,-1.0318e-01,-8.5729e-02,-1.3125e-01,-4.7973e-02,-3.0530e-02,-1.8612e-02,2.2275e-02,3.1975e-02,7.3987e-02,1.2388e-01,9.7555e-02,1.6041e-01,1.7948e-01,8.4416e-02,4.8551e-02,1.3390e-01,1.4560e-01,9.9030e-02,7.2149e-02,4.3665e-02,3.3380e-02,6.8765e-03,1.3359e-01,3.9205e-02,2.2899e-02,7.3821e-02,4.9985e-02,-4.6508e-03,-2.2567e-02,-2.3059e-02,-3.6039e-02,-7.7333e-02,-1.0807e-01,-1.3792e-01,-1.1875e-01,-8.0716e-02,-6.0419e-02,-3.5874e-02,-1.7100e-02,-1.2430e-03,-5.4816e-03,-2.7461e-02,1.9976e-02,4.0958e-02
1.4563e-02,3.9257e-03,-4.1261e-03,-9.8119e-03,4.0422e-03,-5.2953e-02,-2.3321e-02,-4.4889e-02,-1.1787e-01,-1.4187e-01,-1.2264e-01,-1.1137e-01,-1.1210e-01,-1.3793e-01,-1.2300e-01,-1.0904e-01,-8.2395e-02,-6.5664e-02,-4.5010e-02,-1.6824e-02,-1.8923e-02,-8.4476e-03,3.6058e-02,3.6653e-02,6.0394e-02,7.4020e-02,1.0742e-01,1.0106e-01,1.5841e-01,1.6547e-01,1.1725e-01,1.5458e-01,6.3576e-02,8.1714e-02,1.0330e-01,1.1012e-01,5.3901e-02,1.9540e-02,5.9234e-02,2.6603e-02,7.6500e-04,-5.0404e-03,3.9524e-02,8.4237e-03,-4.3969e-02,-6.1710e-02,-6.9150e-02,-8.7921e-02,-9.8968e-02,-1.1586e-01,-1.0411e-01,-9.6590e-02,-9.6783e-02,-1.2011e-01,-1.3942e-01,-1.1089e-01,-9.5011e-02,-7.4150e-02,-6.0993e-02,-2.2640e-02,1.4708e-02,3.6327e-02,6.0849e-02,3.1326e-02,3.4644e-02,6.5258e-02,8.6459e-02,4.2470e-02,3.6258e-02,5.7865e-02,5.9439e-02,1.0251e-01,1.2424e-01,1.4056e-01,1.5900e-01,4.3476e-02,5.8232e-02,2.6819e-02,1.6734e-03,6.2106e-02,1.6281e-02,-1.2298e-02,8.3136e-02,1.6204e-02,-4.6498e-03,-1.2261e-02,-1.9896e-02,-4.4766e-02,-6.6045e-02,-9.2969e-02,-3.6310e-02,-4.8921e-02,-5.8030e-02,-4.8235e-02,-3.7789e-02,-3.3571e-02,-5.7306e-02,-2.8706e-03,9.4360e-03,1.6863e-02
1.0570e-02,4.4707e-02,-3.3084e-02,-4.2360e-02,-8.0048e-02,-2.4343e-02,-3.2445e-02,-6.4870e-02,-4.3558e-02,-4.5839e-02,-4.0270e-02,-4.7429e-02,-9.6376e-02,-1.0922e-01,-8.7884e-02,-8.0655e-02,-7.5224e-02,-6.7857e-02,-4.8563e-02,-1.6840e-02,-2.8464e-04,2.7597e-03,1.7891e-02,5.1121e-02,2.8770e-02,3.9018e-02,7.7867e-02,9.0631e-02,8.1973e-02,4.6177e-02,4.1499e-02,5.2556e-03,8.8777e-02,8.7836e-02,9.7785e-02,8.3139e-02,9.2857e-02,6.3166e-02,3.5867e-02,1.3588e-02,3.8563e-03,-2.5819e-02,-2.4341e-03,-2.5856e-04,-7.8382e-03,6.0441e-03,-3.8531e-02,-7.3624e-02,-8.1093e-02,-9.2149e-02,-8.6836e-02,-6.1442e-02,-5.0946e-02,-7.6163e-02,-1.1360e-01,-6.6720e-02,-4.7995e-02,-6.6701e-02,-3.7361e-02,-3.6775e-02,-1.1240e-02,-3.4848e-02,-1.3042e-02,1.6176e-02,9.1390e-02,2.2042e-02,-2.1189e-02,2.4490e-02,6.4062e-02,6.6390e-02,7.6551e-02,4.8003e-02,1.0978e-01,1.3048e-01,1.3487e-01,1.3286e-01,1.2048e-01,7.6446e-02,6.8474e-02,5.6820e-02,1.1346e-02,2.7448e-02,3.1544e-03,1.4107e-02,1.7990e-03,-5.3061e-03,-1.6749e-02,-3.6560e-02,-5.1982e-02,-5.7862e-02,-3.3432e-02,-8.6871e-02,-6.7696e-02,-5.2717e-02,-5.7021e-02,-1.0380e-01,-6.4462e-02,-4.1697e-02,-2.4617e-02,-5.7189e-03
-3.8137e-02,-7.3053e-02,-8.1431e-02,-1.1068e-01,-7.9116e-02,-8.0271e-02,-1.3665e-01,-1.3077e-01,-1.0500e-01,-4.7809e-02,-2.4616e-02,-6.2279e-02,-5.1045e-02,2.0110e-02,-1.6816e-02,-2.9517e-02,-4.4538e-02,-6.0409e-02,-6.6579e-02,-4.9753e-02,-1.9689e-02,-3.2156e-03,1.7283e-03,1.6878e-02,3.3361e-02,1.7559e-02,2.7075e-02,-7.1969e-03,-5.1815e-02,-1.0861e-02,1.6751e-02,8.1991e-02,8.9228e-02,1.5676e-01,9.3449e-02,7.5535e-02,8.9361e-02,6.9243e-02,3.7403e-02,-1.2634e-02,-6.5416e-03,-3.8770e-03,-1.9403e-02,1.6992e-02,-1.0186e-02,-2.8846e-02,-2.3109e-02,-1.8358e-02,-5.2882e-02,-6.8059e-02,-8.9167e-02,-6.3058e-02,-3.3167e-02,-8.7417e-02,-6.2150e-02,-5.5400e-02,-6.4760e-02,-7.4826e-02,-3.8609e-02,-8.7789e-02,-6.2308e-02,-6.1966e-02,-5.5280e-02,3.6424e-02,-3.4738e-02,3.9107e-02,2.7430e-02,3.7992e-02,7.1049e-02,8.7840e-02,8.4728e-02,7.8161e-02,2.8206e-02,6.7747e-02,9.6387e-02,1.0314e-01,9.3825e-02,1.5214e-01,9.1594e-02,4.0973e-02,5.9947e-02,-1.5178e-02,-2.3097e-02,6.0858e-02,5.5977e-03,-1.9077e-03,-1.2826e-02,-2.9965e-02,-4.0934e-02,-3.0670e-02,-6.0332e-02,-1.1242e-01,-7.8716e-02,-5.8556e-02,-6.9640e-02,-7.6822e-02,-4.0812e-02,-2.9741e-02,-1.9237e-02,-7.8357e-03
-1.0063e-02,-1.4373e-02,-2.5029e-02,-8.4999e-03,-3.4535e-04,-8.6000e-02,-1.1798e-01,-8.2209e-02,-2.6065e-02,-3.3987e-02,-8.9278e-02,-1.0193e-01,-1.2337e-01,-1.4988e-02,-8.6904e-03,-2.6847e-03,-1.5829e-02,-3.6135e-02,-4.7570e-02,-4.0474e-02,-1.7108e-02,9.5104e-03,2.4546e-02,2.3119e-02,2.6942e-02,4.3083e-02,2.6237e-02,1.0905e-02,3.1882e-02,8.7155e-02,1.0482e-01,1.0355e-01,7.0772e-02,2.7982e-02,8.8867e-02,4.7255e-02,7.0419e-02,8.8987e-02,6.9585e-02,6.4606e-02,-2.5236e-02,-7.0841e-03,2.3614e-03,-3.7836e-03,5.4226e-03,-4.1409e-02,-5.9578e-02,-4.9553e-02,-7.9072e-03,-2.4451e-02,-6.2527e-02,-9.5715e-02,-7.1316e-02,-5.4084e-02,-4.3864e-02,-4.7339e-02,-5.9802e-02,-4.1776e-02,-4.8937e-02,-3.3976e-02,-6.5797e-02,-3.0784e-02,7.9182e-03,-5.1878e-02,-2.8235e-02,2.4126e-02,5.4749e-02,4.7149e-02,6.4635e-02,9.0861e-02,1.0781e-01,1.0107e-01,8.0823e-02,4.7710e-02,2.0380e-02,7.3514e-02,4.3410e-02,6.3106e-02,6.9070e-02,5.6362e-02,6.3361e-02,5.0507e-02,1.0310e-02,-9.3487e-02,-1.5309e-02,-3.5692e-02,-2.0169e-02,-1.7997e-02,-2.4471e-02,-2.9077e-02,-8.7455e-02,-1.3009e-01,-1.2342e-01,-1.0953e-01,-1.5001e-01,-7.4305e-02,-4.6036e-02,-3.0631e-02,-1.8609e-02,-7.4885e-03
2.9189e-02,4.0947e-03,1.0495e-02,4.1604e-02,-1.5884e-02,-5.4242e-02,-5.7877e-02,-1.7085e-02,-3.4198e-02,-8.7443e-02,-9.9439e-02,-6.6856e-02,-1.2026e-01,-7.7775e-02,-5.0882e-02,-2.4216e-02,-1.9511e-02,-2.5717e-02,-3.0075e-02,-2.6000e-02,-9.4087e-03,1.2898e-02,3.3828e-02,5.1961e-02,6.6409e-02,7.6710e-02,1.0786e-01,1.2839e-01,1.1513e-01,8.3828e-02,5.7185e-02,3.2282e-02,1.4639e-03,-1.8314e-02,-1.6540e-02,7.6701e-03,-2.3897e-03,2.9951e-02,4.3909e-02,6.8014e-02,1.0779e-02,-1.2583e-02,-5.6902e-02,-6.2013e-02,-3.3156e-02,-3.6207e-02,-6.0152e-02,-6.1576e-02,-4.7520e-02,-7.4389e-03,-1.9944e-02,-8.7056e-02,-1.4209e-01,-3.4096e-02,-3.8890e-02,-5.2263e-02,-5.1369e-02,-2.0636e-03,4.3252e-03,-3.7414e-02,-1.8170e-02,3.1985e-02,-1.8989e-02,2.1960e-02,4.2394e-03,5.1147e-03,6.2837e-02,5.7475e-02,5.9811e-02,6.2717e-02,6.0098e-02,5.3189e-02,4.7507e-02,4.7892e-02,5.5699e-02,6.0384e-02,3.0243e-02,-9.1504e-03,1.2878e-02,2.2907e-02,9.4117e-02,6.7422e-02,-3.8132e-02,-3.3256e-02,-1.1476e-01,-7.2054e-02,-4.3346e-02,-4.8416e-02,-3.3981e-02,-4.6115e-02,-6.2768e-02,-6.5615e-02,-1.0773e-01,-1.1204e-01,-7.4453e-02,-7.8058e-02,-9.1556e-02,-6.4658e-02,-3.1362e-02,-9.1456e-03
-2.1869e-02,-7.0679e-03,-9.1538e-03,-3.4382e-02,-8.8799e-02,-9.2934e-02,-4.5114e-02,-5.9972e-02,-8.5481e-02,-7.9017e-02,-5.6999e-02,-3.3494e-02,-4.0910e-02,-1.0590e-01,-8.1848e-02,-6.2634e-02,-3.9270e-02,-2.3450e-02,-2.0187e-02,-1.8789e-02,-1.1776e-02,-1.5748e-03,3.6754e-03,-2.1979e-04,-1.2617e-02,1.6160e-02,5.4301e-02,6.0139e-02,7.4482e-02,6.8560e-02,7.7124e-02,8.3928e-02,8.6478e-02,7.0769e-02,3.4799e-02,-3.1397e-03,-4.4144e-02,-8.0042e-02,-1.1066e-02,4.9105e-02,3.5155e-02,2.5470e-02,5.7299e-03,-3.2055e-02,-5.5487e-02,-6.3661e-02,-9.2605e-02,-9.3589e-02,-8.2044e-02,-6.6787e-02,-3.7148e-02,-1.1728e-01,-1.1121e-01,-6.1650e-02,-4.9787e-02,-6.5093e-02,-5.7745e-02,1.8030e-03,3.7071e-03,-4.0607e-02,-4.9962e-02,1.7019e-02,-9.3971e-03,3.9520e-02,2.8410e-02,2.3854e-02,3.5090e-02,4.2965e-02,3.8700e-02,3.5508e-02,2.5535e-02,1.4257e-02,7.0757e-03,2.3501e-03,7.2938e-03,3.2017e-02,5.0270e-02,2.3984e-02,8.1088e-02,4.5237e-02,2.8639e-02,2.9341e-02,8.9101e-02,4.1470e-02,9.4598e-03,1.4462e-02,-1.5238e-01,-1.1121e-01,-6.2494e-02,-1.0286e-01,-8.3539e-02,-5.7357e-02,-4.9761e-02,-4.3258e-02,-2.4462e-02,-2.8475e-02,-3.4695e-02,-4.6445e-02,-6.5016e-02,-4.0212e-02
-2.5256e-03,-1.8148e-02,-3.6490e-02,-4.7837e-02,-3.1416e-02,-3.4499e-03,6.9061e-03,-2.2709e-02,-4.4415e-02,-3.5539e-02,-3.0489e-02,-3.1512e-02,-1.9719e-03,-4.5870e-02,-1.1070e-01,-5.1990e-02,-5.1592e-02,-2.8872e-02,-1.5961e-02,-1.3504e-02,-1.1847e-02,-1.0354e-02,-1.5967e-02,-3.5143e-02,-2.2834e-02,6.9046e-03,5.0999e-03,2.0406e-02,1.9811e-02,2.6518e-02,3.4199e-02,3.9466e-02,4.6654e-02,5.7682e-02,7.3205e-02,8.0295e-02,4.8384e-02,2.6588e-02,-3.8229e-02,-9.0718e-02,-1.8000e-02,1.4463e-02,1.8012e-02,3.3797e-03,-2.7992e-03,2.2132e-02,1.4253e-02,-6.6126e-02,-1.0512e-01,-1.1871e-01,-1.5071e-01,-3.8820e-02,-4.5773e-02,-5.7857e-02,-2.6895e-02,-4.0337e-02,-5.6303e-02,-2.9856e-02,-2.5027e-02,-7.5183e-03,-5.6674e-02,-2.6763e-02,-6.9861e-03,1.6614e-02,2.0259e-02,3.4669e-02,4.3599e-02,4.3260e-02,3.0123e-02,3.4495e-02,2.9710e-02,2.5994e-02,2.7888e-02,2.5312e-02,1.7417e-02,3.3136e-02,7.6220e-02,5.1460e-02,2.7386e-02,8.4645e-03,8.4983e-03,-2.9625e-03,2.4479e-03,1.2678e-02,5.7865e-02,4.2582e-02,5.4753e-02,-1.6078e-02,4.3709e-02,-9.6048e-03,-2.1573e-02,-1.0983e-02,3.4346e-03,-3.6976e-02,-1.3177e-03,-1.1751e-04,-6.1646e-03,-7.1995e-03,-2.4769e-03,-6.9466e-04
1.2092e-02,7.3094e-03,-5.1415e-03,-1.4290e-02,5.2115e-03,2.6741e-02,1.6724e-02,-1.4143e-02,-5.1787e-03,-2.1774e-02,-3.5850e-02,-5.5154e-02,-9.8144e-03,1.0414e-02,-4.3972e-02,-2.7389e-02,-3.2819e-02,-3.5538e-02,-1.2347e-02,-3.5252e-03,7.2804e-04,6.8653e-03,1.0236e-02,1.4726e-02,4.4235e-02,4.2318e-02,2.6301e-02,3.7430e-02,1.4620e-03,1.7620e-02,2.4095e-02,2.6642e-02,2.8829e-02,3.1578e-02,3.6642e-02,4.8901e-02,7.6947e-02,7.5259e-02,4.7660e-02,2.5316e-02,3.8166e-02,-2.3580e-02,8.6903e-03,-9.3978e-03,-5.0249e-02,-4.5510e-02,-2.9329e-03,5.1534e-03,-2.2525e-02,-2.0419e-02,-1.9973e-02,1.5492e-03,2.8631e-02,-1.6363e-02,-1.4574e-02,2.8340e-03,-2.3062e-03,-3.8368e-02,-5.1128e-02,-1.4383e-02,3.1921e-03,-4.0625e-02,-3.2765e-03,8.3607e-03,4.1550e-02,2.5369e-02,2.2266e-02,2.1398e-02,-1.1723e-02,1.4738e-02,2.9206e-02,4.0355e-02,5.5469e-02,6.0956e-02,4.5012e-02,2.0122e-02,2.9360e-02,2.9568e-02,1.6577e-02,9.2290e-03,-2.4494e-02,-5.4584e-02,-7.1491e-02,1.0089e-02,-5.7407e-02,-1.6362e-02,2.7869e-02,4.4914e-02,4.6075e-02,4.6000e-03,-8.2925e-03,-1.0694e-02,-7.8014e-03,-1.5514e-02,-4.3015e-02,1.0422e-02,1.7966e-02,1.8182e-02,2.6338e-02,4.0102e-02
-7.9539e-02,2.7624e-02,4.6724e-02,6.6118e-03,1.5029e-02,2.0586e-02,-7.1636e-03,-4.9930e-02,-1.0500e-03,-1.9992e-02,-3.5555e-02,-5.1447e-02,-1.5159e-03,-1.2926e-02,1.7417e-02,-1.5624e-02,1.6226e-02,-3.8895e-03,1.2450e-02,3.2599e-02,4.6559e-02,6.2178e-02,4.1115e-03,-6.1466e-03,-6.8144e-03,-2.1176e-02,-1.2372e-02,7.9780e-02,2.5897e-02,2.5864e-02,2.6730e-02,2.6578e-02,2.5969e-02,2.5403e-02,2.6076e-02,2.8796e-02,3.7143e-02,6.5170e-02,9.9287e-02,7.6545e-02,9.5987e-02,5.3389e-02,-1.4078e-02,3.1125e-02,4.6791e-02,4.5065e-02,6.8499e-02,1.1436e-01,1.3326e-01,1.0357e-01,9.1933e-02,9.3637e-02,1.0712e-01,8.7997e-03,-5.6395e-02,-2.2701e-03,3.3240e-02,1.7526e-02,-7.3262e-03,1.0761e-02,-1.0587e-02,-5.8872e-02,1.8248e-02,2.7636e-02,-8.9425e-03,-6.0196e-03,7.9964e-03,8.7832e-03,-4.4442e-02,-1.0496e-02,1.0648e-02,1.8476e-02,2.7715e-02,3.7141e-02,3.1215e-02,5.5285e-03,-2.7845e-03,1.6596e-02,1.3104e-02,-2.5467e-02,-5.0954e-02,-2.0087e-02,-1.8930e-03,5.8923e-02,-5.0370e-03,-7.9303e-02,-3.1914e-02,-2.2832e-02,-6.0489e-02,3.2866e-02,-5.4613e-03,-1.4296e-02,-1.5820e-02,-1.8735e-02,-4.6031e-02,-2.6811e-02,1.4921e-02,3.4784e-02,5.0501e-02,6.3183e-02
