7.8708e-03,2.0668e-03,-1.4647e-03,-3.1038e-03,-3.4186e-03,-3.0592e-03,-2.6102e-03,-2.4706e-03,-2.7647e-03,-3.3450e-03,-3.9035e-03,-4.1324e-03,-3.8690e-03,-3.1538e-03,-2.1781e-03,-1.1779e-03,-3.4512e-04,2.3472e-04,5.6377e-04,7.0772e-04,7.5436e-04,7.7984e-04,8.3026e-04,9.1266e-04,1.0006e-03,1.0430e-03,9.7958e-04,7.5815e-04,3.4525e-04,-2.5936e-04,-1.0239e-03,-1.8880e-03,-2.7724e-03,-3.5892e-03,-4.2570e-03,-4.7137e-03,-4.9215e-03,-4.8737e-03,-4.5960e-03,-4.1380e-03,-3.5693e-03,-2.9688e-03,-2.4158e-03,-1.9748e-03,-1.6926e-03,-1.5894e-03,-1.6590e-03,-1.8689e-03,-2.1711e-03,-2.5055e-03,-2.8134e-03,-3.0396e-03,-3.1455e-03,-3.1094e-03,-2.9251e-03,-2.6019e-03,-2.1612e-03,-1.6290e-03,-1.0376e-03,-4.1486e-04,2.1320e-04,8.2158e-04,1.3917e-03,1.9047e-03,2.3442e-03,2.6963e-03,2.9473e-03,3.0854e-03,3.1036e-03,2.9964e-03,2.7638e-03,2.4100e-03,1.9441e-03,1.3800e-03,7.3741e-04,3.6515e-05,-6.9875e-04,-1.4421e-03,-2.1685e-03,-2.8507e-03,-3.4643e-03,-3.9878e-03,-4.4008e-03,-4.6883e-03,-4.8392e-03,-4.8480e-03,-4.7172e-03,-4.4530e-03,-4.0706e-03,-3.5916e-03,-3.0437e-03,-2.4585e-03,-1.8713e-03,-1.3179e-03,-8.3207e-04,-4.4066e-04,-1.6176e-04,-6.3330e-07,5.6699e-05,4.4085e-05
2.7047e-03,-6.2402e-03,-1.2599e-02,-1.6472e-02,-1.8216e-02,-1.8388e-02,-1.7624e-02,-1.6510e-02,-1.5442e-02,-1.4557e-02,-1.3729e-02,-1.2679e-02,-1.1139e-02,-8.9852e-03,-6.2984e-03,-3.3060e-03,-2.8009e-04,2.5619e-03,5.0980e-03,7.3016e-03,9.2063e-03,1.0867e-02,1.2326e-02,1.3595e-02,1.4654e-02,1.5447e-02,1.5904e-02,1.5951e-02,1.5533e-02,1.4625e-02,1.3241e-02,1.1437e-02,9.2984e-03,6.9331e-03,4.4565e-03,1.9743e-03,-4.2187e-04,-2.6708e-03,-4.7366e-03,-6.6077e-03,-8.2955e-03,-9.8181e-03,-1.1197e-02,-1.2447e-02,-1.3566e-02,-1.4537e-02,-1.5323e-02,-1.5876e-02,-1.6141e-02,-1.6066e-02,-1.5608e-02,-1.4745e-02,-1.3475e-02,-1.1821e-02,-9.8264e-03,-7.5516e-03,-5.0681e-03,-2.4539e-03,2.1481e-04,2.8654e-03,5.4295e-03,7.8478e-03,1.0066e-02,1.2036e-02,1.3715e-02,1.5065e-02,1.6051e-02,1.6649e-02,1.6840e-02,1.6613e-02,1.5969e-02,1.4919e-02,1.3487e-02,1.1705e-02,9.6199e-03,7.2817e-03,4.7526e-03,2.0978e-03,-6.1261e-04,-3.3077e-03,-5.9160e-03,-8.3712e-03,-1.0609e-02,-1.2574e-02,-1.4218e-02,-1.5505e-02,-1.6407e-02,-1.6910e-02,-1.7014e-02,-1.6729e-02,-1.6076e-02,-1.5088e-02,-1.3806e-02,-1.2277e-02,-1.0548e-02,-8.6672e-03,-6.6776e-03,-4.6130e-03,-2.4937e-03,-3.2433e-04
-4.7190e-04,-1.2321e-02,-2.1571e-02,-2.8004e-02,-3.1709e-02,-3.3038e-02,-3.2542e-02,-3.0861e-02,-2.8582e-02,-2.6117e-02,-2.3620e-02,-2.0997e-02,-1.8007e-02,-1.4427e-02,-1.0181e-02,-5.3973e-03,-3.4081e-04,4.6805e-03,9.4185e-03,1.3723e-02,1.7539e-02,2.0872e-02,2.3747e-02,2.6179e-02,2.8155e-02,2.9628e-02,3.0527e-02,3.0770e-02,3.0284e-02,2.9024e-02,2.6985e-02,2.4211e-02,2.0791e-02,1.6848e-02,1.2528e-02,7.9850e-03,3.3573e-03,-1.2264e-03,-5.6678e-03,-9.8895e-03,-1.3836e-02,-1.7463e-02,-2.0736e-02,-2.3615e-02,-2.6058e-02,-2.8009e-02,-2.9411e-02,-3.0203e-02,-3.0330e-02,-2.9751e-02,-2.8449e-02,-2.6430e-02,-2.3731e-02,-2.0420e-02,-1.6587e-02,-1.2339e-02,-7.7990e-03,-3.0893e-03,1.6662e-03,6.3534e-03,1.0864e-02,1.5101e-02,1.8977e-02,2.2412e-02,2.5335e-02,2.7685e-02,2.9406e-02,3.0459e-02,3.0813e-02,3.0452e-02,2.9379e-02,2.7611e-02,2.5185e-02,2.2155e-02,1.8590e-02,1.4577e-02,1.0210e-02,5.5979e-03,8.5468e-04,-3.9014e-03,-8.5540e-03,-1.2986e-02,-1.7092e-02,-2.0772e-02,-2.3939e-02,-2.6521e-02,-2.8466e-02,-2.9734e-02,-3.0309e-02,-3.0191e-02,-2.9399e-02,-2.7966e-02,-2.5942e-02,-2.3387e-02,-2.0368e-02,-1.6957e-02,-1.3227e-02,-9.2449e-03,-5.0684e-03,-7.4295e-04
-1.9111e-03,-1.6134e-02,-2.8018e-02,-3.7063e-02,-4.3053e-02,-4.6069e-02,-4.6473e-02,-4.4819e-02,-4.1757e-02,-3.7890e-02,-3.3648e-02,-2.9214e-02,-2.4529e-02,-1.9400e-02,-1.3655e-02,-7.2704e-03,-4.2111e-04,6.5859e-03,1.3410e-02,1.9777e-02,2.5509e-02,3.0530e-02,3.4823e-02,3.8393e-02,4.1232e-02,4.3308e-02,4.4563e-02,4.4918e-02,4.4292e-02,4.2629e-02,3.9906e-02,3.6157e-02,3.1464e-02,2.5966e-02,1.9833e-02,1.3259e-02,6.4401e-03,-4.3572e-04,-7.2007e-03,-1.3709e-02,-1.9839e-02,-2.5484e-02,-3.0551e-02,-3.4953e-02,-3.8607e-02,-4.1432e-02,-4.3351e-02,-4.4298e-02,-4.4223e-02,-4.3101e-02,-4.0935e-02,-3.7764e-02,-3.3661e-02,-2.8731e-02,-2.3109e-02,-1.6946e-02,-1.0407e-02,-3.6617e-03,3.1280e-03,9.8020e-03,1.6215e-02,2.2233e-02,2.7733e-02,3.2605e-02,3.6748e-02,4.0076e-02,4.2514e-02,4.4006e-02,4.4510e-02,4.4007e-02,4.2500e-02,4.0013e-02,3.6596e-02,3.2324e-02,2.7291e-02,2.1614e-02,1.5426e-02,8.8736e-03,2.1162e-03,-4.6831e-03,-1.1359e-02,-1.7750e-02,-2.3703e-02,-2.9074e-02,-3.3740e-02,-3.7593e-02,-4.0550e-02,-4.2552e-02,-4.3565e-02,-4.3579e-02,-4.2610e-02,-4.0698e-02,-3.7901e-02,-3.4296e-02,-2.9972e-02,-2.5031e-02,-1.9575e-02,-1.3710e-02,-7.5326e-03,-1.1332e-03
-2.0794e-03,-1.7915e-02,-3.1894e-02,-4.3294e-02,-5.1618e-02,-5.6656e-02,-5.8501e-02,-5.7522e-02,-5.4295e-02,-4.9480e-02,-4.3706e-02,-3.7427e-02,-3.0861e-02,-2.3991e-02,-1.6676e-02,-8.7955e-03,-3.8532e-04,8.3371e-03,1.7021e-02,2.5302e-02,3.2880e-02,3.9563e-02,4.5260e-02,4.9938e-02,5.3589e-02,5.6195e-02,5.7719e-02,5.8096e-02,5.7257e-02,5.5141e-02,5.1716e-02,4.7006e-02,4.1090e-02,3.4109e-02,2.6256e-02,1.7760e-02,8.8691e-03,-1.7057e-04,-9.1238e-03,-1.7778e-02,-2.5943e-02,-3.3455e-02,-4.0166e-02,-4.5948e-02,-5.0683e-02,-5.4270e-02,-5.6619e-02,-5.7664e-02,-5.7362e-02,-5.5703e-02,-5.2713e-02,-4.8456e-02,-4.3037e-02,-3.6596e-02,-2.9303e-02,-2.1346e-02,-1.2931e-02,-4.2664e-03,4.4441e-03,1.3004e-02,2.1228e-02,2.8945e-02,3.5997e-02,4.2242e-02,4.7550e-02,5.1812e-02,5.4932e-02,5.6837e-02,5.7478e-02,5.6829e-02,5.4895e-02,5.1709e-02,4.7336e-02,4.1865e-02,3.5421e-02,2.8146e-02,2.0210e-02,1.1798e-02,3.1120e-03,-5.6434e-03,-1.4256e-02,-2.2520e-02,-3.0236e-02,-3.7221e-02,-4.3311e-02,-4.8367e-02,-5.2276e-02,-5.4957e-02,-5.6360e-02,-5.6467e-02,-5.5293e-02,-5.2882e-02,-4.9305e-02,-4.4658e-02,-3.9055e-02,-3.2626e-02,-2.5510e-02,-1.7849e-02,-9.7813e-03,-1.4418e-03
-1.5642e-03,-1.8129e-02,-3.3445e-02,-4.6665e-02,-5.7079e-02,-6.4201e-02,-6.7836e-02,-6.8097e-02,-6.5373e-02,-6.0256e-02,-5.3437e-02,-4.5566e-02,-3.7130e-02,-2.8386e-02,-1.9361e-02,-9.9680e-03,-1.4564e-04,1.0019e-02,2.0262e-02,3.0204e-02,3.9455e-02,4.7704e-02,5.4750e-02,6.0499e-02,6.4915e-02,6.7988e-02,6.9702e-02,7.0022e-02,6.8900e-02,6.6287e-02,6.2156e-02,5.6523e-02,4.9464e-02,4.1123e-02,3.1705e-02,2.1469e-02,1.0702e-02,-2.9377e-04,-1.1222e-02,-2.1807e-02,-3.1797e-02,-4.0973e-02,-4.9140e-02,-5.6132e-02,-6.1808e-02,-6.6046e-02,-6.8754e-02,-6.9864e-02,-6.9344e-02,-6.7198e-02,-6.3468e-02,-5.8243e-02,-5.1651e-02,-4.3859e-02,-3.5066e-02,-2.5492e-02,-1.5376e-02,-4.9629e-03,5.5098e-03,1.5805e-02,2.5702e-02,3.4993e-02,4.3487e-02,5.1008e-02,5.7400e-02,6.2528e-02,6.6277e-02,6.8561e-02,6.9320e-02,6.8527e-02,6.6188e-02,6.2346e-02,5.7077e-02,5.0492e-02,4.2735e-02,3.3980e-02,2.4427e-02,1.4298e-02,3.8300e-03,-6.7284e-03,-1.7126e-02,-2.7113e-02,-3.6452e-02,-4.4920e-02,-5.2317e-02,-5.8470e-02,-6.3242e-02,-6.6530e-02,-6.8268e-02,-6.8432e-02,-6.7036e-02,-6.4129e-02,-5.9796e-02,-5.4152e-02,-4.7337e-02,-3.9511e-02,-3.0848e-02,-2.1529e-02,-1.1735e-02,-1.6411e-03
-9.3017e-04,-1.7356e-02,-3.3138e-02,-4.7437e-02,-5.9423e-02,-6.8401e-02,-7.3914e-02,-7.5789e-02,-7.4159e-02,-6.9440e-02,-6.2251e-02,-5.3310e-02,-4.3297e-02,-3.2736e-02,-2.1921e-02,-1.0931e-02,2.6844e-04,1.1684e-02,2.3179e-02,3.4453e-02,4.5101e-02,5.4723e-02,6.3007e-02,6.9761e-02,7.4893e-02,7.8380e-02,8.0224e-02,8.0424e-02,7.8965e-02,7.5828e-02,7.1000e-02,6.4506e-02,5.6420e-02,4.6884e-02,3.6111e-02,2.4378e-02,1.2002e-02,-6.7018e-04,-1.3292e-02,-2.5530e-02,-3.7083e-02,-4.7678e-02,-5.7084e-02,-6.5103e-02,-7.1571e-02,-7.6357e-02,-7.9366e-02,-8.0531e-02,-7.9829e-02,-7.7275e-02,-7.2926e-02,-6.6887e-02,-5.9302e-02,-5.0360e-02,-4.0279e-02,-2.9308e-02,-1.7710e-02,-5.7609e-03,6.2662e-03,1.8104e-02,2.9494e-02,4.0195e-02,4.9982e-02,5.8649e-02,6.6013e-02,7.1917e-02,7.6227e-02,7.8844e-02,7.9702e-02,7.8771e-02,7.6063e-02,7.1626e-02,6.5552e-02,5.7968e-02,4.9042e-02,3.8972e-02,2.7986e-02,1.6337e-02,4.2964e-03,-7.8546e-03,-1.9825e-02,-3.1333e-02,-4.2101e-02,-5.1873e-02,-6.0417e-02,-6.7533e-02,-7.3057e-02,-7.6867e-02,-7.8884e-02,-7.9077e-02,-7.7457e-02,-7.4082e-02,-6.9049e-02,-6.2492e-02,-5.4576e-02,-4.5491e-02,-3.5445e-02,-2.4656e-02,-1.3343e-02,-1.7231e-03
-6.0660e-04,-1.6165e-02,-3.1562e-02,-4.6091e-02,-5.8930e-02,-6.9277e-02,-7.6470e-02,-8.0072e-02,-7.9941e-02,-7.6240e-02,-6.9414e-02,-6.0114e-02,-4.9084e-02,-3.7039e-02,-2.4539e-02,-1.1921e-02,6.8947e-04,1.3275e-02,2.5792e-02,3.8064e-02,4.9762e-02,6.0470e-02,6.9793e-02,7.7433e-02,8.3216e-02,8.7076e-02,8.9014e-02,8.9058e-02,8.7236e-02,8.3569e-02,7.8080e-02,7.0808e-02,6.1836e-02,5.1307e-02,3.9432e-02,2.6496e-02,1.2834e-02,-1.1783e-03,-1.5157e-02,-2.8726e-02,-4.1537e-02,-5.3279e-02,-6.3686e-02,-7.2535e-02,-7.9645e-02,-8.4880e-02,-8.8139e-02,-8.9362e-02,-8.8531e-02,-8.5668e-02,-8.0841e-02,-7.4163e-02,-6.5792e-02,-5.5927e-02,-4.4804e-02,-3.2687e-02,-1.9864e-02,-6.6327e-03,6.7055e-03,1.9851e-02,3.2513e-02,4.4421e-02,5.5317e-02,6.4968e-02,7.3166e-02,7.9731e-02,8.4516e-02,8.7413e-02,8.8347e-02,8.7290e-02,8.4257e-02,7.9308e-02,7.2545e-02,6.4114e-02,5.4199e-02,4.3020e-02,3.0831e-02,1.7909e-02,4.5540e-03,-8.9240e-03,-2.2207e-02,-3.4981e-02,-4.6941e-02,-5.7801e-02,-6.7303e-02,-7.5219e-02,-8.1367e-02,-8.5607e-02,-8.7847e-02,-8.8048e-02,-8.6223e-02,-8.2434e-02,-7.6788e-02,-6.9440e-02,-6.0575e-02,-5.0412e-02,-3.9189e-02,-2.7160e-02,-1.4579e-02,-1.6991e-03
-7.7369e-04,-1.4984e-02,-2.9296e-02,-4.3232e-02,-5.6107e-02,-6.7138e-02,-7.5553e-02,-8.0719e-02,-8.2235e-02,-7.9991e-02,-7.4183e-02,-6.5286e-02,-5.3983e-02,-4.1052e-02,-2.7239e-02,-1.3141e-02,8.6413e-04,1.4608e-02,2.8026e-02,4.1036e-02,5.3432e-02,6.4872e-02,7.4947e-02,8.3283e-02,8.9613e-02,9.3799e-02,9.5816e-02,9.5704e-02,9.3529e-02,8.9364e-02,8.3274e-02,7.5333e-02,6.5641e-02,5.4344e-02,4.1652e-02,2.7842e-02,1.3255e-02,-1.7232e-03,-1.6685e-02,-3.1226e-02,-4.4964e-02,-5.7558e-02,-6.8713e-02,-7.8189e-02,-8.5789e-02,-9.1372e-02,-9.4836e-02,-9.6122e-02,-9.5218e-02,-9.2151e-02,-8.6994e-02,-7.9866e-02,-7.0928e-02,-6.0387e-02,-4.8486e-02,-3.5503e-02,-2.1738e-02,-7.5103e-03,6.8564e-03,2.1038e-02,3.4716e-02,4.7590e-02,5.9377e-02,6.9818e-02,7.8684e-02,8.5777e-02,9.0938e-02,9.4048e-02,9.5034e-02,9.3867e-02,9.0568e-02,8.5204e-02,7.7891e-02,6.8788e-02,5.8096e-02,4.6053e-02,3.2930e-02,1.9025e-02,4.6556e-03,-9.8448e-03,-2.4137e-02,-3.7886e-02,-5.0764e-02,-6.2464e-02,-7.2705e-02,-8.1243e-02,-8.7874e-02,-9.2446e-02,-9.4856e-02,-9.5057e-02,-9.3061e-02,-8.8934e-02,-8.2794e-02,-7.4806e-02,-6.5181e-02,-5.4157e-02,-4.2002e-02,-2.8999e-02,-1.5434e-02,-1.5912e-03
-1.3429e-03,-1.4005e-02,-2.6779e-02,-3.9454e-02,-5.1582e-02,-6.2516e-02,-7.1504e-02,-7.7814e-02,-8.0852e-02,-8.0250e-02,-7.5932e-02,-6.8129e-02,-5.7350e-02,-4.4307e-02,-2.9812e-02,-1.4643e-02,5.6910e-04,1.5416e-02,2.9687e-02,4.3286e-02,5.6103e-02,6.7921e-02,7.8403e-02,8.7168e-02,9.3881e-02,9.8323e-02,1.0041e-01,1.0017e-01,9.7701e-02,9.3109e-02,8.6518e-02,7.8046e-02,6.7821e-02,5.5998e-02,4.2784e-02,2.8445e-02,1.3311e-02,-2.2377e-03,-1.7789e-02,-3.2923e-02,-4.7242e-02,-6.0379e-02,-7.2022e-02,-8.1911e-02,-8.9843e-02,-9.5668e-02,-9.9285e-02,-1.0064e-01,-9.9713e-02,-9.6544e-02,-9.1205e-02,-8.3813e-02,-7.4532e-02,-6.3570e-02,-5.1171e-02,-3.7617e-02,-2.3220e-02,-8.3071e-03,6.7774e-03,2.1691e-02,3.6094e-02,4.9662e-02,6.2090e-02,7.3100e-02,8.2443e-02,8.9910e-02,9.5333e-02,9.8586e-02,9.9596e-02,9.8337e-02,9.4837e-02,8.9172e-02,8.1466e-02,7.1891e-02,6.0660e-02,4.8025e-02,3.4267e-02,1.9698e-02,4.6471e-03,-1.0538e-02,-2.5507e-02,-3.9911e-02,-5.3407e-02,-6.5676e-02,-7.6422e-02,-8.5385e-02,-9.2352e-02,-9.7154e-02,-9.9683e-02,-9.9884e-02,-9.7767e-02,-9.3398e-02,-8.6903e-02,-7.8459e-02,-6.8288e-02,-5.6652e-02,-4.3838e-02,-3.0155e-02,-1.5914e-02,-1.4270e-03
-2.0266e-03,-1.3162e-02,-2.4221e-02,-3.5217e-02,-4.5968e-02,-5.6061e-02,-6.4887e-02,-7.1735e-02,-7.5916e-02,-7.6865e-02,-7.4260e-02,-6.8058e-02,-5.8524e-02,-4.6199e-02,-3.1825e-02,-1.6245e-02,-2.6041e-04,1.5472e-02,3.0512e-02,4.4628e-02,5.7703e-02,6.9621e-02,8.0170e-02,8.9046e-02,9.5912e-02,1.0049e-01,1.0264e-01,1.0232e-01,9.9644e-02,9.4745e-02,8.7795e-02,7.8961e-02,6.8408e-02,5.6310e-02,4.2872e-02,2.8346e-02,1.3040e-02,-2.6845e-03,-1.8428e-02,-3.3775e-02,-4.8319e-02,-6.1684e-02,-7.3544e-02,-8.3628e-02,-9.1724e-02,-9.7678e-02,-1.0139e-01,-1.0280e-01,-1.0189e-01,-9.8715e-02,-9.3331e-02,-8.5858e-02,-7.6456e-02,-6.5328e-02,-5.2715e-02,-3.8900e-02,-2.4193e-02,-8.9303e-03,6.5366e-03,2.1851e-02,3.6661e-02,5.0623e-02,6.3417e-02,7.4750e-02,8.4362e-02,9.2034e-02,9.7592e-02,1.0091e-01,1.0192e-01,1.0059e-01,9.6959e-02,9.1115e-02,8.3188e-02,7.3358e-02,6.1845e-02,4.8907e-02,3.4834e-02,1.9940e-02,4.5619e-03,-1.0952e-02,-2.6246e-02,-4.0965e-02,-5.4765e-02,-6.7316e-02,-7.8319e-02,-8.7504e-02,-9.4650e-02,-9.9581e-02,-1.0218e-01,-1.0239e-01,-1.0021e-01,-9.5705e-02,-8.9013e-02,-8.0311e-02,-6.9832e-02,-5.7852e-02,-4.4675e-02,-3.0625e-02,-1.6035e-02,-1.2359e-03
-2.4725e-03,-1.2198e-02,-2.1586e-02,-3.0757e-02,-3.9749e-02,-4.8416e-02,-5.6378e-02,-6.3074e-02,-6.7830e-02,-6.9997e-02,-6.9053e-02,-6.4711e-02,-5.6963e-02,-4.6104e-02,-3.2707e-02,-1.7540e-02,-1.4620e-03,1.4699e-02,3.0275e-02,4.4810e-02,5.8065e-02,6.9924e-02,8.0283e-02,8.8962e-02,9.5711e-02,1.0026e-01,1.0240e-01,1.0206e-01,9.9291e-02,9.4247e-02,8.7122e-02,7.8130e-02,6.7475e-02,5.5358e-02,4.1985e-02,2.7597e-02,1.2475e-02,-3.0497e-03,-1.8602e-02,-3.3788e-02,-4.8205e-02,-6.1482e-02,-7.3284e-02,-8.3335e-02,-9.1419e-02,-9.7375e-02,-1.0110e-01,-1.0255e-01,-1.0170e-01,-9.8586e-02,-9.3284e-02,-8.5901e-02,-7.6592e-02,-6.5549e-02,-5.3009e-02,-3.9244e-02,-2.4562e-02,-9.2954e-03,6.2022e-03,2.1570e-02,3.6446e-02,5.0483e-02,6.3348e-02,7.4741e-02,8.4397e-02,9.2092e-02,9.7652e-02,1.0095e-01,1.0192e-01,1.0055e-01,9.6875e-02,9.0982e-02,8.3014e-02,7.3154e-02,6.1626e-02,4.8688e-02,3.4628e-02,1.9760e-02,4.4155e-03,-1.1062e-02,-2.6319e-02,-4.1009e-02,-5.4788e-02,-6.7330e-02,-7.8335e-02,-8.7534e-02,-9.4700e-02,-9.9654e-02,-1.0227e-01,-1.0249e-01,-1.0031e-01,-9.5800e-02,-8.9076e-02,-8.0328e-02,-6.9792e-02,-5.7749e-02,-4.4513e-02,-3.0421e-02,-1.5817e-02,-1.0453e-03
-2.4234e-03,-1.0809e-02,-1.8657e-02,-2.6069e-02,-3.3191e-02,-4.0088e-02,-4.6648e-02,-5.2535e-02,-5.7222e-02,-6.0084e-02,-6.0508e-02,-5.8009e-02,-5.2337e-02,-4.3514e-02,-3.1865e-02,-1.7980e-02,-2.6492e-03,1.3257e-02,2.8907e-02,4.3626e-02,5.6969e-02,6.8702e-02,7.8735e-02,8.7001e-02,9.3375e-02,9.7675e-02,9.9709e-02,9.9358e-02,9.6621e-02,9.1615e-02,8.4538e-02,7.5626e-02,6.5117e-02,5.3239e-02,4.0210e-02,2.6261e-02,1.1648e-02,-3.3298e-03,-1.8337e-02,-3.3005e-02,-4.6957e-02,-5.9832e-02,-7.1301e-02,-8.1088e-02,-8.8972e-02,-9.4798e-02,-9.8459e-02,-9.9903e-02,-9.9121e-02,-9.6141e-02,-9.1033e-02,-8.3901e-02,-7.4888e-02,-6.4177e-02,-5.1989e-02,-3.8585e-02,-2.4262e-02,-9.3431e-03,5.8263e-03,2.0888e-02,3.5483e-02,4.9261e-02,6.1892e-02,7.3073e-02,8.2541e-02,9.0073e-02,9.5498e-02,9.8697e-02,9.9607e-02,9.8217e-02,9.4571e-02,8.8765e-02,8.0940e-02,7.1280e-02,6.0005e-02,4.7369e-02,3.3653e-02,1.9160e-02,4.2085e-03,-1.0867e-02,-2.5731e-02,-4.0047e-02,-5.3483e-02,-6.5725e-02,-7.6479e-02,-8.5481e-02,-9.2507e-02,-9.7378e-02,-9.9968e-02,-1.0021e-01,-9.8094e-02,-9.3683e-02,-8.7096e-02,-7.8516e-02,-6.8176e-02,-5.6356e-02,-4.3372e-02,-2.9565e-02,-1.5282e-02,-8.7575e-04
-1.8098e-03,-8.7878e-03,-1.5179e-02,-2.0984e-02,-2.6329e-02,-3.1382e-02,-3.6237e-02,-4.0818e-02,-4.4828e-02,-4.7780e-02,-4.9089e-02,-4.8176e-02,-4.4598e-02,-3.8127e-02,-2.8813e-02,-1.6999e-02,-3.2885e-03,1.1525e-02,2.6570e-02,4.1026e-02,5.4237e-02,6.5778e-02,7.5452e-02,8.3212e-02,8.9049e-02,9.2914e-02,9.4701e-02,9.4304e-02,9.1680e-02,8.6891e-02,8.0097e-02,7.1527e-02,6.1433e-02,5.0061e-02,3.7645e-02,2.4411e-02,1.0599e-02,-3.5252e-03,-1.7665e-02,-3.1491e-02,-4.4659e-02,-5.6832e-02,-6.7697e-02,-7.6985e-02,-8.4482e-02,-9.0034e-02,-9.3535e-02,-9.4936e-02,-9.4225e-02,-9.1431e-02,-8.6619e-02,-7.9884e-02,-7.1358e-02,-6.1211e-02,-4.9647e-02,-3.6908e-02,-2.3272e-02,-9.0471e-03,5.4372e-03,1.9835e-02,3.3798e-02,4.6987e-02,5.9077e-02,6.9774e-02,7.8821e-02,8.6004e-02,9.1159e-02,9.4176e-02,9.4996e-02,9.3618e-02,9.0088e-02,8.4503e-02,7.7003e-02,6.7768e-02,5.7010e-02,4.4972e-02,3.1920e-02,1.8140e-02,3.9320e-03,-1.0391e-02,-2.4515e-02,-3.8123e-02,-5.0905e-02,-6.2562e-02,-7.2816e-02,-8.1415e-02,-8.8142e-02,-9.2823e-02,-9.5331e-02,-9.5596e-02,-9.3606e-02,-8.9412e-02,-8.3127e-02,-7.4923e-02,-6.5028e-02,-5.3712e-02,-4.1286e-02,-2.8084e-02,-1.4454e-02,-7.4355e-04
-7.5994e-04,-6.1175e-03,-1.1004e-02,-1.5305e-02,-1.9044e-02,-2.2371e-02,-2.5480e-02,-2.8497e-02,-3.1372e-02,-3.3850e-02,-3.5480e-02,-3.5709e-02,-3.3994e-02,-2.9918e-02,-2.3272e-02,-1.4122e-02,-2.8212e-03,1.0032e-02,2.3654e-02,3.7192e-02,4.9854e-02,6.1021e-02,7.0310e-02,7.7581e-02,8.2849e-02,8.6178e-02,8.7597e-02,8.7082e-02,8.4599e-02,8.0162e-02,7.3873e-02,6.5912e-02,5.6512e-02,4.5921e-02,3.4382e-02,2.2122e-02,9.3724e-03,-3.6292e-03,-1.6620e-02,-2.9315e-02,-4.1408e-02,-5.2599e-02,-6.2601e-02,-7.1164e-02,-7.8087e-02,-8.3220e-02,-8.6465e-02,-8.7772e-02,-8.7132e-02,-8.4570e-02,-8.0144e-02,-7.3944e-02,-6.6086e-02,-5.6722e-02,-4.6037e-02,-3.4250e-02,-2.1616e-02,-8.4179e-03,5.0375e-03,1.8427e-02,3.1421e-02,4.3698e-02,5.4951e-02,6.4900e-02,7.3303e-02,7.9959e-02,8.4716e-02,8.7474e-02,8.8183e-02,8.6846e-02,8.3513e-02,7.8281e-02,7.1283e-02,6.2689e-02,5.2700e-02,4.1540e-02,2.9455e-02,1.6708e-02,3.5717e-03,-9.6686e-03,-2.2727e-02,-3.5312e-02,-4.7143e-02,-5.7946e-02,-6.7463e-02,-7.5461e-02,-8.1735e-02,-8.6118e-02,-8.8490e-02,-8.8778e-02,-8.6964e-02,-8.3092e-02,-7.7263e-02,-6.9635e-02,-6.0421e-02,-4.9878e-02,-3.8302e-02,-2.6015e-02,-1.3353e-02,-6.5526e-04
4.8349e-04,-2.9736e-03,-6.1730e-03,-8.9400e-03,-1.1195e-02,-1.2991e-02,-1.4500e-02,-1.5939e-02,-1.7460e-02,-1.9046e-02,-2.0469e-02,-2.1309e-02,-2.1042e-02,-1.9151e-02,-1.5231e-02,-9.0838e-03,-7.7944e-04,9.3444e-03,2.0699e-02,3.2535e-02,4.4036e-02,5.4459e-02,6.3235e-02,7.0050e-02,7.4825e-02,7.7650e-02,7.8664e-02,7.7970e-02,7.5608e-02,7.1594e-02,6.5976e-02,5.8862e-02,5.0429e-02,4.0898e-02,3.0499e-02,1.9464e-02,8.0134e-03,-3.6273e-03,-1.5227e-02,-2.6538e-02,-3.7302e-02,-4.7259e-02,-5.6161e-02,-6.3789e-02,-6.9959e-02,-7.4536e-02,-7.7431e-02,-7.8597e-02,-7.8024e-02,-7.5735e-02,-7.1782e-02,-6.6241e-02,-5.9216e-02,-5.0839e-02,-4.1271e-02,-3.0703e-02,-1.9362e-02,-7.4992e-03,4.6079e-03,1.6666e-02,2.8376e-02,3.9442e-02,4.9582e-02,5.8539e-02,6.6091e-02,7.2057e-02,7.6299e-02,7.8730e-02,7.9311e-02,7.8047e-02,7.4993e-02,7.0236e-02,6.3904e-02,5.6154e-02,4.7166e-02,3.7142e-02,2.6303e-02,1.4880e-02,3.1162e-03,-8.7385e-03,-2.0432e-02,-3.1708e-02,-4.2317e-02,-5.2016e-02,-6.0576e-02,-6.7785e-02,-7.3458e-02,-7.7442e-02,-7.9620e-02,-7.9923e-02,-7.8330e-02,-7.4872e-02,-6.9638e-02,-6.2768e-02,-5.4454e-02,-4.4935e-02,-3.4482e-02,-2.3399e-02,-1.2001e-02,-6.1082e-04
1.6597e-03,3.6240e-04,-9.0542e-04,-1.9881e-03,-2.7554e-03,-3.1599e-03,-3.2832e-03,-3.3161e-03,-3.4999e-03,-4.0029e-03,-4.8331e-03,-5.7843e-03,-6.4595e-03,-6.3535e-03,-4.9550e-03,-1.8655e-03,3.1160e-03,9.9410e-03,1.8294e-02,2.7627e-02,3.7233e-02,4.6356e-02,5.4311e-02,6.0601e-02,6.4978e-02,6.7437e-02,6.8135e-02,6.7277e-02,6.5017e-02,6.1439e-02,5.6580e-02,5.0487e-02,4.3257e-02,3.5046e-02,2.6051e-02,1.6485e-02,6.5628e-03,-3.5010e-03,-1.3497e-02,-2.3212e-02,-3.2431e-02,-4.0941e-02,-4.8538e-02,-5.5042e-02,-6.0299e-02,-6.4197e-02,-6.6656e-02,-6.7636e-02,-6.7129e-02,-6.5153e-02,-6.1751e-02,-5.6987e-02,-5.0948e-02,-4.3742e-02,-3.5504e-02,-2.6396e-02,-1.6609e-02,-6.3587e-03,4.1139e-03,1.4554e-02,2.4698e-02,3.4285e-02,4.3066e-02,5.0814e-02,5.7333e-02,6.2464e-02,6.6090e-02,6.8139e-02,6.8579e-02,6.7422e-02,6.4719e-02,6.0553e-02,5.5038e-02,4.8311e-02,4.0532e-02,3.1875e-02,2.2528e-02,1.2689e-02,2.5626e-03,-7.6394e-03,-1.7703e-02,-2.7414e-02,-3.6560e-02,-4.4933e-02,-5.2336e-02,-5.8588e-02,-6.3525e-02,-6.7010e-02,-6.8939e-02,-6.9246e-02,-6.7905e-02,-6.4940e-02,-6.0422e-02,-5.4471e-02,-4.7255e-02,-3.8984e-02,-2.9902e-02,-2.0283e-02,-1.0418e-02,-6.0387e-04
2.5703e-03,3.5979e-03,4.4747e-03,5.2807e-03,6.1226e-03,7.0908e-03,8.1958e-03,9.3355e-03,1.0300e-02,1.0840e-02,1.0769e-02,1.0069e-02,8.9352e-03,7.7530e-03,7.0264e-03,7.2684e-03,8.8935e-03,1.2124e-02,1.6947e-02,2.3090e-02,3.0058e-02,3.7208e-02,4.3849e-02,4.9372e-02,5.3346e-02,5.5591e-02,5.6164e-02,5.5274e-02,5.3165e-02,5.0023e-02,4.5943e-02,4.0956e-02,3.5091e-02,2.8419e-02,2.1070e-02,1.3213e-02,5.0430e-03,-3.2403e-03,-1.1444e-02,-1.9383e-02,-2.6880e-02,-3.3769e-02,-3.9894e-02,-4.5121e-02,-4.9333e-02,-5.2446e-02,-5.4399e-02,-5.5159e-02,-5.4721e-02,-5.3096e-02,-5.0320e-02,-4.6438e-02,-4.1518e-02,-3.5645e-02,-2.8923e-02,-2.1482e-02,-1.3474e-02,-5.0740e-03,3.5199e-03,1.2097e-02,2.0435e-02,2.8316e-02,3.5529e-02,4.1884e-02,4.7217e-02,5.1395e-02,5.4324e-02,5.5945e-02,5.6239e-02,5.5221e-02,5.2937e-02,4.9462e-02,4.4893e-02,3.9348e-02,3.2956e-02,2.5862e-02,1.8217e-02,1.0182e-02,1.9181e-03,-6.4033e-03,-1.4614e-02,-2.2541e-02,-3.0017e-02,-3.6872e-02,-4.2947e-02,-4.8092e-02,-5.2173e-02,-5.5071e-02,-5.6699e-02,-5.6994e-02,-5.5929e-02,-5.3520e-02,-4.9819e-02,-4.4925e-02,-3.8974e-02,-3.2146e-02,-2.4650e-02,-1.6726e-02,-8.6279e-03,-6.2426e-04
3.1129e-03,6.5055e-03,9.6439e-03,1.2507e-02,1.5123e-02,1.7553e-02,1.9846e-02,2.1986e-02,2.3856e-02,2.5235e-02,2.5872e-02,2.5580e-02,2.4343e-02,2.2353e-02,2.0005e-02,1.7814e-02,1.6317e-02,1.5957e-02,1.6999e-02,1.9477e-02,2.3180e-02,2.7679e-02,3.2401e-02,3.6727e-02,4.0113e-02,4.2193e-02,4.2836e-02,4.2139e-02,4.0337e-02,3.7692e-02,3.4391e-02,3.0519e-02,2.6086e-02,2.1093e-02,1.5584e-02,9.6558e-03,3.4533e-03,-2.8527e-03,-9.0901e-03,-1.5098e-02,-2.0732e-02,-2.5868e-02,-3.0398e-02,-3.4234e-02,-3.7305e-02,-3.9555e-02,-4.0948e-02,-4.1466e-02,-4.1103e-02,-3.9867e-02,-3.7779e-02,-3.4871e-02,-3.1186e-02,-2.6782e-02,-2.1732e-02,-1.6127e-02,-1.0080e-02,-3.7222e-03,2.7979e-03,9.3141e-03,1.5656e-02,2.1650e-02,2.7132e-02,3.1950e-02,3.5976e-02,3.9109e-02,4.1278e-02,4.2441e-02,4.2589e-02,4.1739e-02,3.9933e-02,3.7233e-02,3.3719e-02,2.9481e-02,2.4622e-02,1.9250e-02,1.3478e-02,7.4220e-03,1.2042e-03,-5.0552e-03,-1.1232e-02,-1.7201e-02,-2.2838e-02,-2.8019e-02,-3.2626e-02,-3.6542e-02,-3.9665e-02,-4.1902e-02,-4.3180e-02,-4.3446e-02,-4.2674e-02,-4.0867e-02,-3.8064e-02,-3.4335e-02,-2.9788e-02,-2.4563e-02,-1.8831e-02,-1.2790e-02,-6.6553e-03,-6.5822e-04
3.2749e-03,8.9572e-03,1.4351e-02,1.9340e-02,2.3855e-02,2.7874e-02,3.1416e-02,3.4500e-02,3.7090e-02,3.9063e-02,4.0202e-02,4.0267e-02,3.9085e-02,3.6651e-02,3.3180e-02,2.9085e-02,2.4915e-02,2.1242e-02,1.8556e-02,1.7179e-02,1.7206e-02,1.8493e-02,2.0681e-02,2.3263e-02,2.5687e-02,2.7458e-02,2.8255e-02,2.7972e-02,2.6717e-02,2.4731e-02,2.2265e-02,1.9494e-02,1.6481e-02,1.3211e-02,9.6528e-03,5.8170e-03,1.7705e-03,-2.3741e-03,-6.4826e-03,-1.0424e-02,-1.4084e-02,-1.7372e-02,-2.0227e-02,-2.2602e-02,-2.4469e-02,-2.5810e-02,-2.6614e-02,-2.6878e-02,-2.6601e-02,-2.5787e-02,-2.4442e-02,-2.2580e-02,-2.0221e-02,-1.7391e-02,-1.4131e-02,-1.0490e-02,-6.5417e-03,-2.3656e-03,1.9345e-03,6.2473e-03,1.0453e-02,1.4431e-02,1.8062e-02,2.1241e-02,2.3877e-02,2.5902e-02,2.7269e-02,2.7955e-02,2.7961e-02,2.7306e-02,2.6024e-02,2.4166e-02,2.1788e-02,1.8956e-02,1.5738e-02,1.2206e-02,8.4316e-03,4.4878e-03,4.4782e-04,-3.6144e-03,-7.6235e-03,-1.1504e-02,-1.5178e-02,-1.8569e-02,-2.1600e-02,-2.4195e-02,-2.6282e-02,-2.7798e-02,-2.8688e-02,-2.8909e-02,-2.8436e-02,-2.7266e-02,-2.5418e-02,-2.2937e-02,-1.9896e-02,-1.6396e-02,-1.2563e-02,-8.5500e-03,-4.5299e-03,-6.9024e-04
3.1125e-03,1.0915e-02,1.8444e-02,2.5506e-02,3.1941e-02,3.7632e-02,4.2519e-02,4.6587e-02,4.9832e-02,5.2213e-02,5.3616e-02,5.3846e-02,5.2684e-02,4.9987e-02,4.5783e-02,4.0317e-02,3.4045e-02,2.7558e-02,2.1481e-02,1.6361e-02,1.2585e-02,1.0311e-02,9.4619e-03,9.7424e-03,1.0700e-02,1.1825e-02,1.2655e-02,1.2882e-02,1.2403e-02,1.1315e-02,9.8408e-03,8.2149e-03,6.5881e-03,4.9981e-03,3.4007e-03,1.7344e-03,-2.9318e-05,-1.8635e-03,-3.7020e-03,-5.4578e-03,-7.0534e-03,-8.4343e-03,-9.5697e-03,-1.0454e-02,-1.1097e-02,-1.1513e-02,-1.1720e-02,-1.1732e-02,-1.1554e-02,-1.1186e-02,-1.0624e-02,-9.8604e-03,-8.8888e-03,-7.7049e-03,-6.3108e-03,-4.7204e-03,-2.9562e-03,-1.0539e-03,9.3756e-04,2.9595e-03,4.9459e-03,6.8273e-03,8.5379e-03,1.0016e-02,1.1213e-02,1.2094e-02,1.2639e-02,1.2843e-02,1.2715e-02,1.2274e-02,1.1552e-02,1.0579e-02,9.3925e-03,8.0292e-03,6.5236e-03,4.9079e-03,3.2112e-03,1.4621e-03,-3.1496e-04,-2.0947e-03,-3.8520e-03,-5.5601e-03,-7.1930e-03,-8.7187e-03,-1.0105e-02,-1.1317e-02,-1.2318e-02,-1.3071e-02,-1.3544e-02,-1.3708e-02,-1.3538e-02,-1.3024e-02,-1.2167e-02,-1.0986e-02,-9.5174e-03,-7.8216e-03,-5.9784e-03,-4.0915e-03,-2.2866e-03,-7.0684e-04
2.7195e-03,1.2405e-02,2.1859e-02,3.0833e-02,3.9095e-02,4.6441e-02,5.2720e-02,5.7840e-02,6.1767e-02,6.4492e-02,6.5989e-02,6.6164e-02,6.4859e-02,6.1898e-02,5.7182e-02,5.0782e-02,4.2992e-02,3.4319e-02,2.5410e-02,1.6947e-02,9.5418e-03,3.6395e-03,-5.3927e-04,-3.0203e-03,-4.0529e-03,-4.0545e-03,-3.5162e-03,-2.8922e-03,-2.5036e-03,-2.4711e-03,-2.7221e-03,-3.0608e-03,-3.2790e-03,-3.2487e-03,-2.9609e-03,-2.4905e-03,-1.9404e-03,-1.3861e-03,-8.5405e-04,-3.3442e-04,2.0067e-04,7.6655e-04,1.3628e-03,1.9654e-03,2.5363e-03,3.0296e-03,3.4051e-03,3.6324e-03,3.6972e-03,3.6009e-03,3.3588e-03,2.9984e-03,2.5521e-03,2.0574e-03,1.5473e-03,1.0519e-03,5.9432e-04,1.8769e-04,-1.6502e-04,-4.6779e-04,-7.3290e-04,-9.7430e-04,-1.2087e-03,-1.4496e-03,-1.7052e-03,-1.9755e-03,-2.2551e-03,-2.5303e-03,-2.7829e-03,-2.9923e-03,-3.1376e-03,-3.2013e-03,-3.1686e-03,-3.0338e-03,-2.7964e-03,-2.4633e-03,-2.0474e-03,-1.5677e-03,-1.0470e-03,-5.0977e-04,1.9327e-05,5.1516e-04,9.5719e-04,1.3283e-03,1.6161e-03,1.8148e-03,1.9246e-03,1.9527e-03,1.9105e-03,1.8142e-03,1.6837e-03,1.5359e-03,1.3876e-03,1.2466e-03,1.1122e-03,9.6700e-04,7.7813e-04,4.9195e-04,3.3118e-05,-6.9685e-04
2.2010e-03,1.3491e-02,2.4600e-02,3.5242e-02,4.5134e-02,5.4006e-02,6.1626e-02,6.7822e-02,7.2486e-02,7.5582e-02,7.7120e-02,7.7098e-02,7.5470e-02,7.2127e-02,6.6950e-02,5.9892e-02,5.1083e-02,4.0872e-02,2.9824e-02,1.8639e-02,8.0629e-03,-1.2414e-03,-8.7752e-03,-1.4274e-02,-1.7729e-02,-1.9367e-02,-1.9595e-02,-1.8907e-02,-1.7774e-02,-1.6542e-02,-1.5364e-02,-1.4199e-02,-1.2883e-02,-1.1236e-02,-9.1576e-03,-6.6708e-03,-3.8929e-03,-9.7636e-04,1.9452e-03,4.7828e-03,7.4834e-03,1.0012e-02,1.2332e-02,1.4396e-02,1.6142e-02,1.7508e-02,1.8434e-02,1.8876e-02,1.8812e-02,1.8244e-02,1.7197e-02,1.5714e-02,1.3855e-02,1.1687e-02,9.2826e-03,6.7129e-03,4.0464e-03,1.3462e-03,-1.3323e-03,-3.9401e-03,-6.4348e-03,-8.7788e-03,-1.0936e-02,-1.2876e-02,-1.4564e-02,-1.5969e-02,-1.7056e-02,-1.7797e-02,-1.8163e-02,-1.8135e-02,-1.7698e-02,-1.6849e-02,-1.5600e-02,-1.3973e-02,-1.1999e-02,-9.7277e-03,-7.2126e-03,-4.5186e-03,-1.7157e-03,1.1226e-03,3.9207e-03,6.6067e-03,9.1090e-03,1.1364e-02,1.3316e-02,1.4918e-02,1.6134e-02,1.6942e-02,1.7332e-02,1.7306e-02,1.6879e-02,1.6077e-02,1.4930e-02,1.3475e-02,1.1745e-02,9.7662e-03,7.5527e-03,5.1001e-03,2.3822e-03,-6.5262e-04
1.6553e-03,1.4251e-02,2.6709e-02,3.8721e-02,4.9970e-02,6.0143e-02,6.8952e-02,7.6152e-02,8.1563e-02,8.5088e-02,8.6712e-02,8.6473e-02,8.4423e-02,8.0571e-02,7.4874e-02,6.7275e-02,5.7791e-02,4.6607e-02,3.4131e-02,2.0978e-02,7.9064e-03,-4.2952e-03,-1.4920e-02,-2.3437e-02,-2.9557e-02,-3.3259e-02,-3.4768e-02,-3.4502e-02,-3.2976e-02,-3.0689e-02,-2.8023e-02,-2.5169e-02,-2.2125e-02,-1.8762e-02,-1.4931e-02,-1.0568e-02,-5.7377e-03,-6.0775e-04,4.6117e-03,9.7230e-03,1.4573e-02,1.9050e-02,2.3068e-02,2.6553e-02,2.9425e-02,3.1613e-02,3.3045e-02,3.3672e-02,3.3466e-02,3.2430e-02,3.0595e-02,2.8020e-02,2.4787e-02,2.0993e-02,1.6747e-02,1.2161e-02,7.3485e-03,2.4215e-03,-2.5136e-03,-7.3561e-03,-1.2011e-02,-1.6389e-02,-2.0407e-02,-2.3988e-02,-2.7059e-02,-2.9555e-02,-3.1420e-02,-3.2604e-02,-3.3073e-02,-3.2805e-02,-3.1795e-02,-3.0056e-02,-2.7620e-02,-2.4537e-02,-2.0875e-02,-1.6717e-02,-1.2162e-02,-7.3149e-03,-2.2949e-03,2.7777e-03,7.7810e-03,1.2592e-02,1.7095e-02,2.1179e-02,2.4745e-02,2.7708e-02,2.9998e-02,3.1562e-02,3.2371e-02,3.2412e-02,3.1698e-02,3.0259e-02,2.8143e-02,2.5411e-02,2.2131e-02,1.8369e-02,1.4187e-02,9.6260e-03,4.7095e-03,-5.7048e-04
1.1568e-03,1.4749e-02,2.8236e-02,4.1292e-02,5.3580e-02,6.4765e-02,7.4523e-02,8.2564e-02,8.8652e-02,9.2622e-02,9.4406e-02,9.4029e-02,9.1583e-02,8.7182e-02,8.0905e-02,7.2775e-02,6.2801e-02,5.1057e-02,3.7783e-02,2.3432e-02,8.6654e-03,-5.7221e-03,-1.8909e-02,-3.0164e-02,-3.8944e-02,-4.4957e-02,-4.8186e-02,-4.8874e-02,-4.7461e-02,-4.4495e-02,-4.0516e-02,-3.5945e-02,-3.1017e-02,-2.5774e-02,-2.0127e-02,-1.3972e-02,-7.2853e-03,-1.7973e-04,7.1231e-03,1.4352e-02,2.1251e-02,2.7611e-02,3.3277e-02,3.8131e-02,4.2076e-02,4.5030e-02,4.6924e-02,4.7707e-02,4.7350e-02,4.5859e-02,4.3274e-02,3.9663e-02,3.5129e-02,2.9796e-02,2.3803e-02,1.7305e-02,1.0458e-02,3.4194e-03,-3.6557e-03,-1.0616e-02,-1.7316e-02,-2.3619e-02,-2.9395e-02,-3.4526e-02,-3.8901e-02,-4.2426e-02,-4.5019e-02,-4.6618e-02,-4.7177e-02,-4.6676e-02,-4.5118e-02,-4.2529e-02,-3.8964e-02,-3.4497e-02,-2.9229e-02,-2.3279e-02,-1.6784e-02,-9.8942e-03,-2.7692e-03,4.4252e-03,1.1519e-02,1.8345e-02,2.4743e-02,3.0559e-02,3.5653e-02,3.9903e-02,4.3206e-02,4.5483e-02,4.6684e-02,4.6786e-02,4.5795e-02,4.3750e-02,4.0713e-02,3.6769e-02,3.2018e-02,2.6567e-02,2.0518e-02,1.3960e-02,6.9577e-03,-4.5273e-04
7.4925e-04,1.5033e-02,2.9223e-02,4.2988e-02,5.5980e-02,6.7852e-02,7.8267e-02,8.6912e-02,9.3518e-02,9.7877e-02,9.9866e-02,9.9464e-02,9.6752e-02,9.1890e-02,8.5058e-02,7.6406e-02,6.6021e-02,5.3968e-02,4.0369e-02,2.5499e-02,9.8478e-03,-5.8967e-03,-2.0916e-02,-3.4377e-02,-4.5541e-02,-5.3870e-02,-5.9082e-02,-6.1183e-02,-6.0442e-02,-5.7337e-02,-5.2453e-02,-4.6376e-02,-3.9576e-02,-3.2340e-02,-2.4759e-02,-1.6793e-02,-8.3835e-03,4.4409e-04,9.5305e-03,1.8603e-02,2.7341e-02,3.5442e-02,4.2660e-02,4.8814e-02,5.3775e-02,5.7449e-02,5.9767e-02,6.0682e-02,6.0176e-02,5.8258e-02,5.4976e-02,5.0410e-02,4.4678e-02,3.7927e-02,3.0326e-02,2.2064e-02,1.3336e-02,4.3441e-03,-4.7089e-03,-1.3626e-02,-2.2216e-02,-3.0296e-02,-3.7693e-02,-4.4252e-02,-4.9827e-02,-5.4297e-02,-5.7558e-02,-5.9534e-02,-6.0172e-02,-5.9451e-02,-5.7382e-02,-5.4005e-02,-4.9391e-02,-4.3642e-02,-3.6887e-02,-2.9278e-02,-2.0989e-02,-1.2207e-02,-3.1342e-03,6.0207e-03,1.5048e-02,2.3735e-02,3.1881e-02,3.9293e-02,4.5793e-02,5.1225e-02,5.5457e-02,5.8384e-02,5.9940e-02,6.0089e-02,5.8838e-02,5.6228e-02,5.2337e-02,4.7273e-02,4.1167e-02,3.4159e-02,2.6391e-02,1.7994e-02,9.0703e-03,-3.0722e-04
4.4454e-04,1.5121e-02,2.9697e-02,4.3838e-02,5.7198e-02,6.9424e-02,8.0181e-02,8.9152e-02,9.6059e-02,1.0068e-01,1.0285e-01,1.0251e-01,9.9701e-02,9.4566e-02,8.7334e-02,7.8251e-02,6.7529e-02,5.5304e-02,4.1678e-02,2.6803e-02,1.0978e-02,-5.2943e-03,-2.1311e-02,-3.6250e-02,-4.9277e-02,-5.9663e-02,-6.6885e-02,-7.0686e-02,-7.1106e-02,-6.8451e-02,-6.3240e-02,-5.6111e-02,-4.7701e-02,-3.8535e-02,-2.8958e-02,-1.9113e-02,-9.0146e-03,1.3524e-03,1.1919e-02,2.2487e-02,3.2745e-02,4.2341e-02,5.0944e-02,5.8295e-02,6.4206e-02,6.8557e-02,7.1274e-02,7.2317e-02,7.1676e-02,6.9374e-02,6.5468e-02,6.0050e-02,5.3250e-02,4.5234e-02,3.6197e-02,2.6355e-02,1.5942e-02,5.1989e-03,-5.6307e-03,-1.6306e-02,-2.6592e-02,-3.6266e-02,-4.5117e-02,-5.2953e-02,-5.9602e-02,-6.4915e-02,-6.8770e-02,-7.1079e-02,-7.1784e-02,-7.0864e-02,-6.8333e-02,-6.4245e-02,-5.8690e-02,-5.1789e-02,-4.3698e-02,-3.4599e-02,-2.4698e-02,-1.4218e-02,-3.3974e-03,7.5162e-03,1.8275e-02,2.8629e-02,3.8339e-02,4.7176e-02,5.4929e-02,6.1411e-02,6.6465e-02,6.9965e-02,7.1828e-02,7.2011e-02,7.0517e-02,6.7396e-02,6.2737e-02,5.6671e-02,4.9353e-02,4.0957e-02,3.1659e-02,2.1624e-02,1.0989e-02,-1.4261e-04
2.2616e-04,1.5004e-02,2.9657e-02,4.3855e-02,5.7256e-02,6.9514e-02,8.0300e-02,8.9310e-02,9.6278e-02,1.0098e-01,1.0325e-01,1.0301e-01,1.0024e-01,9.5066e-02,8.7685e-02,7.8384e-02,6.7469e-02,5.5188e-02,4.1713e-02,2.7161e-02,1.1693e-02,-4.3861e-03,-2.0572e-02,-3.6163e-02,-5.0341e-02,-6.2283e-02,-7.1281e-02,-7.6840e-02,-7.8739e-02,-7.7058e-02,-7.2154e-02,-6.4600e-02,-5.5088e-02,-4.4314e-02,-3.2864e-02,-2.1136e-02,-9.3284e-03,2.5003e-03,1.4326e-02,2.6051e-02,3.7451e-02,4.8200e-02,5.7930e-02,6.6306e-02,7.3072e-02,7.8055e-02,8.1158e-02,8.2342e-02,8.1603e-02,7.8979e-02,7.4541e-02,6.8393e-02,6.0678e-02,5.1578e-02,4.1307e-02,3.0106e-02,1.8239e-02,5.9806e-03,-6.3874e-03,-1.8586e-02,-3.0343e-02,-4.1397e-02,-5.1506e-02,-6.0446e-02,-6.8019e-02,-7.4057e-02,-7.8424e-02,-8.1017e-02,-8.1777e-02,-8.0680e-02,-7.7749e-02,-7.3046e-02,-6.6676e-02,-5.8779e-02,-4.9533e-02,-3.9146e-02,-2.7852e-02,-1.5906e-02,-3.5764e-03,8.8557e-03,2.1108e-02,3.2898e-02,4.3952e-02,5.4013e-02,6.2839e-02,7.0217e-02,7.5969e-02,7.9952e-02,8.2067e-02,8.2268e-02,8.0557e-02,7.6987e-02,7.1664e-02,6.4734e-02,5.6377e-02,4.6793e-02,3.6188e-02,2.4754e-02,1.2658e-02,2.6584e-05
5.8748e-05,1.4654e-02,2.9087e-02,4.3036e-02,5.6170e-02,6.8155e-02,7.8679e-02,8.7458e-02,9.4245e-02,9.8843e-02,1.0110e-01,1.0093e-01,9.8302e-02,9.3285e-02,8.6039e-02,7.6825e-02,6.5971e-02,5.3814e-02,4.0625e-02,2.6584e-02,1.1809e-02,-3.5460e-03,-1.9187e-02,-3.4613e-02,-4.9134e-02,-6.1946e-02,-7.2248e-02,-7.9362e-02,-8.2833e-02,-8.2489e-02,-7.8463e-02,-7.1169e-02,-6.1240e-02,-4.9429e-02,-3.6488e-02,-2.3059e-02,-9.5907e-03,3.6778e-03,1.6655e-02,2.9295e-02,4.1487e-02,5.3002e-02,6.3515e-02,7.2665e-02,8.0132e-02,8.5676e-02,8.9154e-02,9.0505e-02,8.9726e-02,8.6866e-02,8.2007e-02,7.5271e-02,6.6816e-02,5.6834e-02,4.5558e-02,3.3245e-02,2.0185e-02,6.6812e-03,-6.9556e-03,-2.0412e-02,-3.3383e-02,-4.5579e-02,-5.6725e-02,-6.6574e-02,-7.4907e-02,-8.1538e-02,-8.6320e-02,-8.9144e-02,-8.9944e-02,-8.8700e-02,-8.5439e-02,-8.0230e-02,-7.3191e-02,-6.4478e-02,-5.4286e-02,-4.2843e-02,-3.0407e-02,-1.7259e-02,-3.6932e-03,9.9824e-03,2.3457e-02,3.6419e-02,4.8572e-02,5.9627e-02,6.9324e-02,7.7427e-02,8.3738e-02,8.8103e-02,9.0413e-02,9.0617e-02,8.8717e-02,8.4775e-02,7.8905e-02,7.1268e-02,6.2066e-02,5.1523e-02,3.9863e-02,2.7303e-02,1.4029e-02,1.8451e-04
-1.0183e-04,1.4033e-02,2.7960e-02,4.1369e-02,5.3945e-02,6.5379e-02,7.5377e-02,8.3683e-02,9.0078e-02,9.4395e-02,9.6514e-02,9.6361e-02,9.3916e-02,8.9212e-02,8.2360e-02,7.3560e-02,6.3103e-02,5.1342e-02,3.8626e-02,2.5232e-02,1.1330e-02,-2.9775e-03,-1.7553e-02,-3.2118e-02,-4.6187e-02,-5.9085e-02,-7.0036e-02,-7.8270e-02,-8.3155e-02,-8.4285e-02,-8.1550e-02,-7.5142e-02,-6.5540e-02,-5.3436e-02,-3.9637e-02,-2.4947e-02,-1.0049e-02,4.5753e-03,1.8658e-02,3.2096e-02,4.4837e-02,5.6776e-02,6.7699e-02,7.7298e-02,8.5235e-02,9.1216e-02,9.5033e-02,9.6580e-02,9.5835e-02,9.2844e-02,8.7701e-02,8.0542e-02,7.1538e-02,6.0897e-02,4.8862e-02,3.5709e-02,2.1744e-02,7.2885e-03,-7.3201e-03,-2.1743e-02,-3.5648e-02,-4.8720e-02,-6.0661e-02,-7.1206e-02,-8.0119e-02,-8.7201e-02,-9.2297e-02,-9.5291e-02,-9.6119e-02,-9.4761e-02,-9.1247e-02,-8.5653e-02,-7.8108e-02,-6.8777e-02,-5.7869e-02,-4.5630e-02,-3.2331e-02,-1.8273e-02,-3.7729e-03,1.0842e-02,2.5239e-02,3.9088e-02,5.2066e-02,6.3869e-02,7.4216e-02,8.2857e-02,8.9581e-02,9.4222e-02,9.6667e-02,9.6861e-02,9.4808e-02,9.0575e-02,8.4287e-02,7.6120e-02,6.6288e-02,5.5030e-02,4.2592e-02,2.9203e-02,1.5060e-02,3.1841e-04
-2.9383e-04,1.3108e-02,2.6248e-02,3.8840e-02,5.0591e-02,6.1218e-02,7.0458e-02,7.8082e-02,8.3910e-02,8.7806e-02,8.9684e-02,8.9498e-02,8.7244e-02,8.2950e-02,7.6688e-02,6.8594e-02,5.8885e-02,4.7863e-02,3.5889e-02,2.3313e-02,1.0399e-02,-2.7009e-03,-1.5909e-02,-2.9112e-02,-4.2053e-02,-5.4272e-02,-6.5122e-02,-7.3861e-02,-7.9769e-02,-8.2267e-02,-8.1016e-02,-7.5964e-02,-6.7372e-02,-5.5774e-02,-4.1915e-02,-2.6644e-02,-1.0797e-02,4.9194e-03,2.0006e-02,3.4191e-02,4.7374e-02,5.9514e-02,7.0531e-02,8.0234e-02,8.8348e-02,9.4568e-02,9.8637e-02,1.0039e-01,9.9749e-02,9.6747e-02,9.1476e-02,8.4077e-02,7.4736e-02,6.3675e-02,5.1148e-02,3.7444e-02,2.2876e-02,7.7866e-03,-7.4739e-03,-2.2549e-02,-3.7086e-02,-5.0751e-02,-6.3229e-02,-7.4243e-02,-8.3542e-02,-9.0922e-02,-9.6222e-02,-9.9326e-02,-1.0017e-01,-9.8730e-02,-9.5047e-02,-8.9202e-02,-8.1325e-02,-7.1591e-02,-6.0217e-02,-4.7458e-02,-3.3598e-02,-1.8948e-02,-3.8368e-03,1.1392e-02,2.6391e-02,4.0817e-02,5.4332e-02,6.6619e-02,7.7386e-02,8.6369e-02,9.3351e-02,9.8159e-02,1.0068e-01,1.0085e-01,9.8687e-02,9.4255e-02,8.7690e-02,7.9176e-02,6.8941e-02,5.7235e-02,4.4310e-02,3.0405e-02,1.5721e-02,4.1471e-04
-5.4262e-04,1.1857e-02,2.3942e-02,3.5452e-02,4.6127e-02,5.5716e-02,6.3994e-02,7.0768e-02,7.5892e-02,7.9264e-02,8.0831e-02,8.0580e-02,7.8523e-02,7.4698e-02,6.9159e-02,6.1990e-02,5.3332e-02,4.3403e-02,3.2504e-02,2.0993e-02,9.2100e-03,-2.5965e-03,-1.4304e-02,-2.5867e-02,-3.7208e-02,-4.8100e-02,-5.8119e-02,-6.6659e-02,-7.3026e-02,-7.6557e-02,-7.6739e-02,-7.3294e-02,-6.6237e-02,-5.5879e-02,-4.2804e-02,-2.7787e-02,-1.1700e-02,4.6054e-03,2.0421e-02,3.5254e-02,4.8841e-02,6.1102e-02,7.2022e-02,8.1551e-02,8.9538e-02,9.5745e-02,9.9910e-02,1.0181e-01,1.0133e-01,9.8439e-02,9.3205e-02,8.5769e-02,7.6322e-02,6.5096e-02,5.2356e-02,3.8401e-02,2.3553e-02,8.1594e-03,-7.4185e-03,-2.2814e-02,-3.7664e-02,-5.1623e-02,-6.4368e-02,-7.5608e-02,-8.5092e-02,-9.2611e-02,-9.8002e-02,-1.0115e-01,-1.0199e-01,-1.0052e-01,-9.6753e-02,-9.0794e-02,-8.2769e-02,-7.2859e-02,-6.1282e-02,-4.8296e-02,-3.4190e-02,-1.9280e-02,-3.9004e-03,1.1600e-02,2.6867e-02,4.1548e-02,5.5300e-02,6.7800e-02,7.8745e-02,8.7870e-02,9.4954e-02,9.9821e-02,1.0235e-01,1.0250e-01,1.0027e-01,9.5735e-02,8.9039e-02,8.0374e-02,6.9972e-02,5.8088e-02,4.4978e-02,3.0880e-02,1.5992e-02,4.6473e-04
-8.5188e-04,1.0285e-02,2.1054e-02,3.1230e-02,4.0595e-02,4.8940e-02,5.6081e-02,6.1866e-02,6.6185e-02,6.8971e-02,7.0195e-02,6.9872e-02,6.8031e-02,6.4721e-02,5.9988e-02,5.3892e-02,4.6510e-02,3.7970e-02,2.8485e-02,1.8350e-02,7.9174e-03,-2.4878e-03,-1.2646e-02,-2.2473e-02,-3.1966e-02,-4.1093e-02,-4.9674e-02,-5.7328e-02,-6.3503e-02,-6.7561e-02,-6.8902e-02,-6.7069e-02,-6.1848e-02,-5.3299e-02,-4.1775e-02,-2.7880e-02,-1.2407e-02,3.7712e-03,1.9814e-02,3.5027e-02,4.8937e-02,6.1308e-02,7.2089e-02,8.1298e-02,8.8924e-02,9.4859e-02,9.8910e-02,1.0086e-01,1.0052e-01,9.7831e-02,9.2796e-02,8.5531e-02,7.6220e-02,6.5099e-02,5.2439e-02,3.8545e-02,2.3745e-02,8.3892e-03,-7.1605e-03,-2.2534e-02,-3.7368e-02,-5.1311e-02,-6.4039e-02,-7.5259e-02,-8.4719e-02,-9.2213e-02,-9.7579e-02,-1.0071e-01,-1.0154e-01,-1.0006e-01,-9.6310e-02,-9.0379e-02,-8.2398e-02,-7.2543e-02,-6.1034e-02,-4.8122e-02,-3.4096e-02,-1.9267e-02,-3.9683e-03,1.1454e-02,2.6645e-02,4.1254e-02,5.4938e-02,6.7372e-02,7.8255e-02,8.7323e-02,9.4351e-02,9.9168e-02,1.0166e-01,1.0177e-01,9.9522e-02,9.4988e-02,8.8314e-02,7.9694e-02,6.9364e-02,5.7577e-02,4.4586e-02,3.0620e-02,1.5866e-02,4.6366e-04
-1.2067e-03,8.4178e-03,1.7627e-02,2.6237e-02,3.4079e-02,4.0993e-02,4.6847e-02,5.1532e-02,5.4976e-02,5.7141e-02,5.8023e-02,5.7648e-02,5.6059e-02,5.3309e-02,4.9445e-02,4.4510e-02,3.8544e-02,3.1609e-02,2.3821e-02,1.5381e-02,6.5810e-03,-2.2410e-03,-1.0784e-02,-1.8866e-02,-2.6456e-02,-3.3612e-02,-4.0359e-02,-4.6571e-02,-5.1922e-02,-5.5911e-02,-5.7959e-02,-5.7519e-02,-5.4186e-02,-4.7783e-02,-3.8402e-02,-2.6413e-02,-1.2426e-02,2.7779e-03,1.8342e-02,3.3452e-02,4.7441e-02,5.9870e-02,7.0537e-02,7.9425e-02,8.6593e-02,9.2072e-02,9.5797e-02,9.7620e-02,9.7368e-02,9.4909e-02,9.0202e-02,8.3308e-02,7.4381e-02,6.3642e-02,5.1364e-02,3.7851e-02,2.3433e-02,8.4586e-03,-6.7136e-03,-2.1720e-02,-3.6202e-02,-4.9814e-02,-6.2238e-02,-7.3186e-02,-8.2413e-02,-8.9715e-02,-9.4940e-02,-9.7983e-02,-9.8789e-02,-9.7350e-02,-9.3708e-02,-8.7948e-02,-8.0200e-02,-7.0635e-02,-5.9462e-02,-4.6927e-02,-3.3306e-02,-1.8900e-02,-4.0321e-03,1.0960e-02,2.5733e-02,3.9943e-02,5.3254e-02,6.5348e-02,7.5930e-02,8.4739e-02,9.1560e-02,9.6223e-02,9.8617e-02,9.8697e-02,9.6479e-02,9.2047e-02,8.5545e-02,7.7168e-02,6.7147e-02,5.5729e-02,4.3155e-02,2.9638e-02,1.5351e-02,4.1120e-04
-1.5754e-03,6.3105e-03,1.3735e-02,2.0570e-02,2.6699e-02,3.2023e-02,3.6463e-02,3.9960e-02,4.2480e-02,4.4013e-02,4.4571e-02,4.4185e-02,4.2899e-02,4.0761e-02,3.7815e-02,3.4096e-02,2.9625e-02,2.4421e-02,1.8529e-02,1.2050e-02,5.1767e-03,-1.8125e-03,-8.5987e-03,-1.4920e-02,-2.0653e-02,-2.5834e-02,-3.0592e-02,-3.5016e-02,-3.9036e-02,-4.2379e-02,-4.4593e-02,-4.5140e-02,-4.3512e-02,-3.9336e-02,-3.2454e-02,-2.2968e-02,-1.1241e-02,2.1320e-03,1.6394e-02,3.0721e-02,4.4337e-02,5.6614e-02,6.7151e-02,7.5785e-02,8.2538e-02,8.7510e-02,9.0773e-02,9.2309e-02,9.2014e-02,8.9759e-02,8.5453e-02,7.9094e-02,7.0782e-02,6.0702e-02,4.9110e-02,3.6300e-02,2.2600e-02,8.3507e-03,-6.0969e-03,-2.0393e-02,-3.4190e-02,-4.7159e-02,-5.8994e-02,-6.9420e-02,-7.8202e-02,-8.5150e-02,-9.0118e-02,-9.3012e-02,-9.3781e-02,-9.2423e-02,-8.8979e-02,-8.3530e-02,-7.6201e-02,-6.7152e-02,-5.6580e-02,-4.4716e-02,-3.1818e-02,-1.8169e-02,-4.0743e-03,1.0146e-02,2.4166e-02,3.7657e-02,5.0298e-02,6.1784e-02,7.1832e-02,8.0191e-02,8.6654e-02,9.1062e-02,9.3310e-02,9.3355e-02,9.1222e-02,8.6993e-02,8.0812e-02,7.2871e-02,6.3389e-02,5.2602e-02,4.0732e-02,2.7970e-02,1.4466e-02,3.1292e-04
-1.9176e-03,4.0296e-03,9.4782e-03,1.4359e-02,1.8617e-02,2.2219e-02,2.5146e-02,2.7388e-02,2.8954e-02,2.9856e-02,3.0118e-02,2.9767e-02,2.8838e-02,2.7367e-02,2.5387e-02,2.2923e-02,1.9985e-02,1.6572e-02,1.2684e-02,8.3448e-03,3.6429e-03,-1.2472e-03,-6.0698e-03,-1.0544e-02,-1.4462e-02,-1.7775e-02,-2.0597e-02,-2.3130e-02,-2.5526e-02,-2.7765e-02,-2.9610e-02,-3.0641e-02,-3.0346e-02,-2.8233e-02,-2.3939e-02,-1.7306e-02,-8.4224e-03,2.3689e-03,1.4503e-02,2.7262e-02,3.9863e-02,5.1572e-02,6.1808e-02,7.0210e-02,7.6658e-02,8.1211e-02,8.4009e-02,8.5166e-02,8.4707e-02,8.2573e-02,7.8673e-02,7.2954e-02,6.5449e-02,5.6285e-02,4.5674e-02,3.3887e-02,2.1237e-02,8.0502e-03,-5.3358e-03,-1.8587e-02,-3.1379e-02,-4.3402e-02,-5.4370e-02,-6.4031e-02,-7.2166e-02,-7.8600e-02,-8.3201e-02,-8.5884e-02,-8.6605e-02,-8.5365e-02,-8.2204e-02,-7.7200e-02,-7.0465e-02,-6.2148e-02,-5.2428e-02,-4.1513e-02,-2.9639e-02,-1.7063e-02,-4.0672e-03,9.0556e-03,2.2004e-02,3.4471e-02,4.6159e-02,5.6781e-02,6.6072e-02,7.3798e-02,7.9763e-02,8.3819e-02,8.5873e-02,8.5888e-02,8.3888e-02,7.9961e-02,7.4245e-02,6.6921e-02,5.8197e-02,4.8287e-02,3.7389e-02,2.5667e-02,1.3241e-02,1.7866e-04
-2.1912e-03,1.6546e-03,4.9741e-03,7.7604e-03,1.0030e-02,1.1813e-02,1.3155e-02,1.4100e-02,1.4694e-02,1.4974e-02,1.4967e-02,1.4693e-02,1.4172e-02,1.3417e-02,1.2443e-02,1.1261e-02,9.8727e-03,8.2678e-03,6.4224e-03,4.3105e-03,1.9356e-03,-6.4201e-04,-3.2754e-03,-5.7465e-03,-7.8276e-03,-9.3821e-03,-1.0438e-02,-1.1192e-02,-1.1909e-02,-1.2788e-02,-1.3843e-02,-1.4851e-02,-1.5405e-02,-1.4995e-02,-1.3126e-02,-9.4244e-03,-3.7138e-03,3.9443e-03,1.3238e-02,2.3644e-02,3.4486e-02,4.5033e-02,5.4593e-02,6.2634e-02,6.8837e-02,7.3119e-02,7.5581e-02,7.6401e-02,7.5730e-02,7.3634e-02,7.0091e-02,6.5046e-02,5.8477e-02,5.0439e-02,4.1079e-02,3.0620e-02,1.9338e-02,7.5393e-03,-4.4625e-03,-1.6354e-02,-2.7837e-02,-3.8628e-02,-4.8471e-02,-5.7136e-02,-6.4432e-02,-7.0201e-02,-7.4330e-02,-7.6742e-02,-7.7404e-02,-7.6316e-02,-7.3517e-02,-6.9079e-02,-6.3101e-02,-5.5712e-02,-4.7071e-02,-3.7360e-02,-2.6786e-02,-1.5576e-02,-3.9783e-03,7.7468e-03,1.9327e-02,3.0488e-02,4.0959e-02,5.0478e-02,5.8805e-02,6.5725e-02,7.1061e-02,7.4678e-02,7.6495e-02,7.6480e-02,7.4665e-02,7.1132e-02,6.6012e-02,5.9476e-02,5.1709e-02,4.2902e-02,3.3221e-02,2.2798e-02,1.1717e-02,1.9826e-05
-2.3623e-03,-7.3593e-04,3.4695e-04,9.4804e-04,1.1543e-03,1.0655e-03,7.8749e-04,4.1849e-04,3.8289e-05,-2.9507e-04,-5.4950e-04,-7.1461e-04,-7.9509e-04,-8.0014e-04,-7.3939e-04,-6.2177e-04,-4.5652e-04,-2.6242e-04,-7.6108e-05,5.0120e-05,5.9091e-05,-8.2172e-05,-3.5178e-04,-6.4441e-04,-7.9409e-04,-6.3581e-04,-1.0527e-04,6.9278e-04,1.4988e-03,1.9972e-03,1.9660e-03,1.3859e-03,4.8033e-04,-3.2892e-04,-5.1583e-04,4.3357e-04,2.9182e-03,7.1447e-03,1.3085e-02,2.0470e-02,2.8820e-02,3.7506e-02,4.5843e-02,5.3191e-02,5.9058e-02,6.3170e-02,6.5482e-02,6.6128e-02,6.5324e-02,6.3254e-02,6.0019e-02,5.5627e-02,5.0047e-02,4.3279e-02,3.5388e-02,2.6525e-02,1.6909e-02,6.8020e-03,-3.5130e-03,-1.3754e-02,-2.3650e-02,-3.2951e-02,-4.1432e-02,-4.8897e-02,-5.5179e-02,-6.0147e-02,-6.3706e-02,-6.5793e-02,-6.6381e-02,-6.5474e-02,-6.3107e-02,-5.9340e-02,-5.4257e-02,-4.7971e-02,-4.0610e-02,-3.2327e-02,-2.3296e-02,-1.3709e-02,-3.7753e-03,6.2827e-03,1.6231e-02,2.5832e-02,3.4847e-02,4.3048e-02,5.0222e-02,5.6181e-02,6.0767e-02,6.3865e-02,6.5405e-02,6.5365e-02,6.3778e-02,6.0723e-02,5.6322e-02,5.0726e-02,4.4096e-02,3.6589e-02,2.8340e-02,1.9440e-02,9.9409e-03,-1.4950e-04
-2.4097e-03,-3.0712e-03,-4.2794e-03,-5.9009e-03,-7.7793e-03,-9.7473e-03,-1.1640e-02,-1.3315e-02,-1.4654e-02,-1.5585e-02,-1.6073e-02,-1.6117e-02,-1.5742e-02,-1.4985e-02,-1.3880e-02,-1.2460e-02,-1.0752e-02,-8.7872e-03,-6.6112e-03,-4.2927e-03,-1.9255e-03,3.8639e-04,2.5612e-03,4.5728e-03,6.4746e-03,8.3785e-03,1.0387e-02,1.2502e-02,1.4558e-02,1.6251e-02,1.7246e-02,1.7322e-02,1.6475e-02,1.4954e-02,1.3210e-02,1.1798e-02,1.1264e-02,1.2041e-02,1.4372e-02,1.8268e-02,2.3504e-02,2.9645e-02,3.6110e-02,4.2261e-02,4.7504e-02,5.1391e-02,5.3686e-02,5.4379e-02,5.3638e-02,5.1705e-02,4.8795e-02,4.5028e-02,4.0434e-02,3.4999e-02,2.8721e-02,2.1665e-02,1.3968e-02,5.8249e-03,-2.5312e-03,-1.0860e-02,-1.8923e-02,-2.6509e-02,-3.3425e-02,-3.9509e-02,-4.4628e-02,-4.8678e-02,-5.1582e-02,-5.3294e-02,-5.3796e-02,-5.3091e-02,-5.1210e-02,-4.8200e-02,-4.4132e-02,-3.9088e-02,-3.3174e-02,-2.6508e-02,-1.9225e-02,-1.1478e-02,-3.4337e-03,4.7279e-03,1.2817e-02,2.0637e-02,2.7990e-02,3.4685e-02,4.0541e-02,4.5402e-02,4.9135e-02,5.1643e-02,5.2872e-02,5.2811e-02,5.1492e-02,4.8990e-02,4.5412e-02,4.0885e-02,3.5543e-02,2.9507e-02,2.2869e-02,1.5682e-02,7.9622e-03,-3.1503e-04
-2.3290e-03,-5.2925e-03,-8.7878e-03,-1.2612e-02,-1.6541e-02,-2.0346e-02,-2.3809e-02,-2.6744e-02,-2.9011e-02,-3.0518e-02,-3.1230e-02,-3.1155e-02,-3.0335e-02,-2.8827e-02,-2.6695e-02,-2.3993e-02,-2.0773e-02,-1.7082e-02,-1.2983e-02,-8.5571e-03,-3.9244e-03,7.6687e-04,5.3566e-03,9.7058e-03,1.3736e-02,1.7451e-02,2.0918e-02,2.4191e-02,2.7224e-02,2.9816e-02,3.1649e-02,3.2391e-02,3.1844e-02,3.0041e-02,2.7270e-02,2.4023e-02,2.0894e-02,1.8466e-02,1.7208e-02,1.7403e-02,1.9104e-02,2.2127e-02,2.6082e-02,3.0437e-02,3.4596e-02,3.8009e-02,4.0268e-02,4.1172e-02,4.0740e-02,3.9165e-02,3.6708e-02,3.3602e-02,2.9980e-02,2.5876e-02,2.1269e-02,1.6150e-02,1.0559e-02,4.6017e-03,-1.5645e-03,-7.7541e-03,-1.3778e-02,-1.9459e-02,-2.4644e-02,-2.9205e-02,-3.3042e-02,-3.6075e-02,-3.8257e-02,-3.9553e-02,-3.9954e-02,-3.9466e-02,-3.8111e-02,-3.5925e-02,-3.2957e-02,-2.9268e-02,-2.4929e-02,-2.0025e-02,-1.4651e-02,-8.9149e-03,-2.9395e-03,3.1426e-03,9.1889e-03,1.5048e-02,2.0569e-02,2.5600e-02,3.0002e-02,3.3650e-02,3.6441e-02,3.8302e-02,3.9193e-02,3.9114e-02,3.8097e-02,3.6209e-02,3.3539e-02,3.0188e-02,2.6255e-02,2.1821e-02,1.6937e-02,1.1616e-02,5.8324e-03,-4.6482e-04
-2.1334e-03,-7.3544e-03,-1.3074e-02,-1.9022e-02,-2.4913e-02,-3.0461e-02,-3.5406e-02,-3.9530e-02,-4.2668e-02,-4.4721e-02,-4.5650e-02,-4.5469e-02,-4.4232e-02,-4.2013e-02,-3.8897e-02,-3.4964e-02,-3.0287e-02,-2.4941e-02,-1.9008e-02,-1.2591e-02,-5.8307e-03,1.0957e-03,7.9737e-03,1.4582e-02,2.0729e-02,2.6293e-02,3.1244e-02,3.5616e-02,3.9439e-02,4.2641e-02,4.5016e-02,4.6249e-02,4.6037e-02,4.4223e-02,4.0889e-02,3.6372e-02,3.1208e-02,2.6034e-02,2.1472e-02,1.8029e-02,1.6025e-02,1.5554e-02,1.6475e-02,1.8441e-02,2.0960e-02,2.3479e-02,2.5488e-02,2.6611e-02,2.6674e-02,2.5721e-02,2.3956e-02,2.1650e-02,1.9038e-02,1.6249e-02,1.3300e-02,1.0153e-02,6.7671e-03,3.1437e-03,-6.5779e-04,-4.5302e-03,-8.3463e-03,-1.1976e-02,-1.5304e-02,-1.8236e-02,-2.0702e-02,-2.2655e-02,-2.4063e-02,-2.4913e-02,-2.5201e-02,-2.4935e-02,-2.4131e-02,-2.2811e-02,-2.1003e-02,-1.8742e-02,-1.6067e-02,-1.3025e-02,-9.6720e-03,-6.0700e-03,-2.2932e-03,1.5744e-03,5.4409e-03,9.2057e-03,1.2765e-02,1.6014e-02,1.8856e-02,2.1202e-02,2.2982e-02,2.4150e-02,2.4683e-02,2.4589e-02,2.3900e-02,2.2673e-02,2.0974e-02,1.8877e-02,1.6441e-02,1.3707e-02,1.0679e-02,7.3310e-03,3.6017e-03,-5.8845e-04
-1.8472e-03,-9.2246e-03,-1.7048e-02,-2.4983e-02,-3.2691e-02,-3.9842e-02,-4.6143e-02,-5.1350e-02,-5.5287e-02,-5.7844e-02,-5.8980e-02,-5.8714e-02,-5.7102e-02,-5.4232e-02,-5.0204e-02,-4.5118e-02,-3.9075e-02,-3.2175e-02,-2.4528e-02,-1.6265e-02,-7.5485e-03,1.4159e-03,1.0383e-02,1.9076e-02,2.7223e-02,3.4593e-02,4.1041e-02,4.6520e-02,5.1057e-02,5.4675e-02,5.7308e-02,5.8754e-02,5.8732e-02,5.6980e-02,5.3393e-02,4.8108e-02,4.1514e-02,3.4193e-02,2.6823e-02,2.0065e-02,1.4462e-02,1.0373e-02,7.9268e-03,7.0215e-03,7.3504e-03,8.4585e-03,9.8305e-03,1.0986e-02,1.1576e-02,1.1443e-02,1.0640e-02,9.3725e-03,7.9041e-03,6.4542e-03,5.1270e-03,3.9129e-03,2.7313e-03,1.4952e-03,1.5586e-04,-1.2822e-03,-2.7732e-03,-4.2457e-03,-5.6297e-03,-6.8656e-03,-7.9113e-03,-8.7435e-03,-9.3518e-03,-9.7369e-03,-9.9041e-03,-9.8611e-03,-9.6175e-03,-9.1825e-03,-8.5636e-03,-7.7676e-03,-6.8030e-03,-5.6798e-03,-4.4099e-03,-3.0123e-03,-1.5112e-03,5.9776e-05,1.6609e-03,3.2440e-03,4.7571e-03,6.1450e-03,7.3540e-03,8.3386e-03,9.0640e-03,9.5081e-03,9.6689e-03,9.5620e-03,9.2182e-03,8.6810e-03,7.9945e-03,7.1986e-03,6.3132e-03,5.3347e-03,4.2260e-03,2.9193e-03,1.3195e-03,-6.8143e-04
-1.5076e-03,-1.0882e-02,-2.0628e-02,-3.0360e-02,-3.9694e-02,-4.8266e-02,-5.5761e-02,-6.1922e-02,-6.6563e-02,-6.9570e-02,-7.0903e-02,-7.0572e-02,-6.8640e-02,-6.5198e-02,-6.0352e-02,-5.4224e-02,-4.6934e-02,-3.8616e-02,-2.9409e-02,-1.9476e-02,-9.0091e-03,1.7631e-03,1.2569e-02,2.3103e-02,3.3041e-02,4.2078e-02,4.9966e-02,5.6557e-02,6.1816e-02,6.5781e-02,6.8486e-02,6.9887e-02,6.9811e-02,6.8017e-02,6.4296e-02,5.8599e-02,5.1119e-02,4.2296e-02,3.2759e-02,2.3222e-02,1.4380e-02,6.8144e-03,9.1516e-04,-3.1536e-03,-5.4602e-03,-6.2770e-03,-6.0264e-03,-5.1993e-03,-4.2528e-03,-3.5241e-03,-3.1653e-03,-3.1320e-03,-3.2331e-03,-3.2298e-03,-2.9390e-03,-2.2948e-03,-1.3548e-03,-2.5272e-04,8.6856e-04,1.9032e-03,2.7958e-03,3.5372e-03,4.1433e-03,4.6360e-03,5.0291e-03,5.3275e-03,5.5234e-03,5.6059e-03,5.5629e-03,5.3861e-03,5.0709e-03,4.6238e-03,4.0538e-03,3.3824e-03,2.6306e-03,1.8264e-03,9.9862e-04,1.7358e-04,-6.2498e-04,-1.3797e-03,-2.0767e-03,-2.7108e-03,-3.2814e-03,-3.7922e-03,-4.2491e-03,-4.6547e-03,-5.0084e-03,-5.3019e-03,-5.5206e-03,-5.6387e-03,-5.6298e-03,-5.4653e-03,-5.1249e-03,-4.6047e-03,-3.9219e-03,-3.1260e-03,-2.2936e-03,-1.5328e-03,-9.6912e-04,-7.3934e-04
-1.1513e-03,-1.2308e-02,-2.3746e-02,-3.5035e-02,-4.5761e-02,-5.5538e-02,-6.4039e-02,-7.1002e-02,-7.6239e-02,-7.9635e-02,-8.1142e-02,-8.0771e-02,-7.8577e-02,-7.4650e-02,-6.9103e-02,-6.2068e-02,-5.3688e-02,-4.4122e-02,-3.3546e-02,-2.2154e-02,-1.0171e-02,2.1489e-03,1.4513e-02,2.6597e-02,3.8054e-02,4.8533e-02,5.7720e-02,6.5378e-02,7.1378e-02,7.5710e-02,7.8442e-02,7.9639e-02,7.9285e-02,7.7251e-02,7.3339e-02,6.7397e-02,5.9436e-02,4.9700e-02,3.8677e-02,2.7037e-02,1.5530e-02,4.8850e-03,-4.2907e-03,-1.1575e-02,-1.6775e-02,-1.9930e-02,-2.1291e-02,-2.1255e-02,-2.0299e-02,-1.8874e-02,-1.7319e-02,-1.5799e-02,-1.4294e-02,-1.2647e-02,-1.0662e-02,-8.2061e-03,-5.2677e-03,-1.9639e-03,1.5133e-03,4.9613e-03,8.2181e-03,1.1175e-02,1.3778e-02,1.5997e-02,1.7820e-02,1.9232e-02,2.0217e-02,2.0756e-02,2.0832e-02,2.0440e-02,1.9579e-02,1.8269e-02,1.6539e-02,1.4430e-02,1.1997e-02,9.3004e-03,6.4087e-03,3.3921e-03,3.2210e-04,-2.7333e-03,-5.7087e-03,-8.5448e-03,-1.1188e-02,-1.3592e-02,-1.5709e-02,-1.7502e-02,-1.8932e-02,-1.9963e-02,-2.0559e-02,-2.0690e-02,-2.0332e-02,-1.9472e-02,-1.8116e-02,-1.6294e-02,-1.4063e-02,-1.1511e-02,-8.7559e-03,-5.9396e-03,-3.2211e-03,-7.6233e-04
-8.1549e-04,-1.3489e-02,-2.6341e-02,-3.8908e-02,-5.0755e-02,-6.1493e-02,-7.0793e-02,-7.8393e-02,-8.4108e-02,-8.7821e-02,-8.9480e-02,-8.9088e-02,-8.6693e-02,-8.2379e-02,-7.6261e-02,-6.8478e-02,-5.9190e-02,-4.8583e-02,-3.6861e-02,-2.4254e-02,-1.1019e-02,2.5640e-03,1.6184e-02,2.9504e-02,4.2166e-02,5.3808e-02,6.4078e-02,7.2676e-02,7.9396e-02,8.4146e-02,8.6956e-02,8.7934e-02,8.7182e-02,8.4722e-02,8.0470e-02,7.4280e-02,6.6052e-02,5.5853e-02,4.3978e-02,3.0958e-02,1.7496e-02,4.3771e-03,-7.6459e-03,-1.7940e-02,-2.6060e-02,-3.1791e-02,-3.5154e-02,-3.6384e-02,-3.5875e-02,-3.4101e-02,-3.1525e-02,-2.8505e-02,-2.5240e-02,-2.1749e-02,-1.7928e-02,-1.3637e-02,-8.8009e-03,-3.4747e-03,2.1644e-03,7.8660e-03,1.3376e-02,1.8481e-02,2.3035e-02,2.6949e-02,3.0168e-02,3.2662e-02,3.4404e-02,3.5376e-02,3.5560e-02,3.4955e-02,3.3570e-02,3.1433e-02,2.8590e-02,2.5106e-02,2.1060e-02,1.6546e-02,1.1670e-02,6.5429e-03,1.2808e-03,-3.9994e-03,-9.1819e-03,-1.4155e-02,-1.8812e-02,-2.3055e-02,-2.6790e-02,-2.9935e-02,-3.2415e-02,-3.4164e-02,-3.5132e-02,-3.5278e-02,-3.4585e-02,-3.3056e-02,-3.0720e-02,-2.7641e-02,-2.3912e-02,-1.9659e-02,-1.5036e-02,-1.0219e-02,-5.3939e-03,-7.5211e-04
-5.2693e-04,-1.4409e-02,-2.8356e-02,-4.1888e-02,-5.4566e-02,-6.6003e-02,-7.5879e-02,-8.3942e-02,-9.0010e-02,-9.3965e-02,-9.5749e-02,-9.5354e-02,-9.2820e-02,-8.8222e-02,-8.1673e-02,-7.3317e-02,-6.3329e-02,-5.1913e-02,-3.9302e-02,-2.5756e-02,-1.1559e-02,2.9814e-03,1.7540e-02,3.1768e-02,4.5311e-02,5.7802e-02,6.8884e-02,7.8232e-02,8.5579e-02,9.0763e-02,9.3740e-02,9.4590e-02,9.3461e-02,9.0500e-02,8.5770e-02,7.9231e-02,7.0786e-02,6.0389e-02,4.8155e-02,3.4425e-02,1.9767e-02,4.9143e-03,-9.3263e-03,-2.2178e-02,-3.2991e-02,-4.1304e-02,-4.6895e-02,-4.9778e-02,-5.0191e-02,-4.8534e-02,-4.5303e-02,-4.0987e-02,-3.5985e-02,-3.0544e-02,-2.4738e-02,-1.8525e-02,-1.1829e-02,-4.6404e-03,2.9263e-03,1.0636e-02,1.8189e-02,2.5289e-02,3.1693e-02,3.7229e-02,4.1791e-02,4.5319e-02,4.7779e-02,4.9153e-02,4.9430e-02,4.8618e-02,4.6733e-02,4.3817e-02,3.9930e-02,3.5156e-02,2.9599e-02,2.3380e-02,1.6640e-02,9.5266e-03,2.1991e-03,-5.1809e-03,-1.2450e-02,-1.9445e-02,-2.6012e-02,-3.2000e-02,-3.7271e-02,-4.1701e-02,-4.5180e-02,-4.7615e-02,-4.8937e-02,-4.9104e-02,-4.8099e-02,-4.5942e-02,-4.2686e-02,-3.8423e-02,-3.3279e-02,-2.7414e-02,-2.1015e-02,-1.4287e-02,-7.4458e-03,-7.1045e-04
-3.0172e-04,-1.5050e-02,-2.9744e-02,-4.3906e-02,-5.7105e-02,-6.8970e-02,-7.9196e-02,-8.7543e-02,-9.3836e-02,-9.7956e-02,-9.9836e-02,-9.9457e-02,-9.6846e-02,-9.2069e-02,-8.5237e-02,-7.6494e-02,-6.6028e-02,-5.4058e-02,-4.0839e-02,-2.6653e-02,-1.1811e-02,3.3654e-03,1.8531e-02,3.3336e-02,4.7428e-02,6.0450e-02,7.2052e-02,8.1907e-02,8.9727e-02,9.5296e-02,9.8501e-02,9.9354e-02,9.7985e-02,9.4586e-02,8.9345e-02,8.2367e-02,7.3654e-02,6.3155e-02,5.0874e-02,3.6969e-02,2.1818e-02,6.0179e-03,-9.6727e-03,-2.4432e-02,-3.7471e-02,-4.8133e-02,-5.5957e-02,-6.0722e-02,-6.2453e-02,-6.1406e-02,-5.8012e-02,-5.2801e-02,-4.6311e-02,-3.8994e-02,-3.1154e-02,-2.2933e-02,-1.4351e-02,-5.3961e-03,3.8818e-03,1.3315e-02,2.2625e-02,3.1479e-02,3.9553e-02,4.6590e-02,5.2414e-02,5.6920e-02,6.0056e-02,6.1803e-02,6.2161e-02,6.1147e-02,5.8795e-02,5.5158e-02,5.0310e-02,4.4353e-02,3.7412e-02,2.9632e-02,2.1185e-02,1.2252e-02,3.0283e-03,-6.2817e-03,-1.5469e-02,-2.4327e-02,-3.2654e-02,-4.0253e-02,-4.6943e-02,-5.2562e-02,-5.6964e-02,-6.0036e-02,-6.1692e-02,-6.1883e-02,-6.0599e-02,-5.7871e-02,-5.3773e-02,-4.8423e-02,-4.1976e-02,-3.4620e-02,-2.6570e-02,-1.8061e-02,-9.3351e-03,-6.4256e-04
-1.4570e-04,-1.5390e-02,-3.0465e-02,-4.4909e-02,-5.8313e-02,-7.0330e-02,-8.0678e-02,-8.9133e-02,-9.5524e-02,-9.9730e-02,-1.0168e-01,-1.0133e-01,-9.8706e-02,-9.3860e-02,-8.6895e-02,-7.7961e-02,-6.7250e-02,-5.4994e-02,-4.1463e-02,-2.6957e-02,-1.1797e-02,3.6758e-03,1.9113e-02,3.4162e-02,4.8476e-02,6.1712e-02,7.3538e-02,8.3641e-02,9.1732e-02,9.7576e-02,1.0101e-01,1.0198e-01,1.0054e-01,9.6885e-02,9.1240e-02,8.3833e-02,7.4807e-02,6.4203e-02,5.2016e-02,3.8288e-02,2.3213e-02,7.1991e-03,-9.1367e-03,-2.5023e-02,-3.9632e-02,-5.2176e-02,-6.2004e-02,-6.8668e-02,-7.1967e-02,-7.1956e-02,-6.8927e-02,-6.3357e-02,-5.5828e-02,-4.6936e-02,-3.7197e-02,-2.6979e-02,-1.6485e-02,-5.7975e-03,5.0435e-03,1.5940e-02,2.6687e-02,3.6979e-02,4.6467e-02,5.4821e-02,6.1786e-02,6.7197e-02,7.0967e-02,7.3064e-02,7.3499e-02,7.2301e-02,6.9520e-02,6.5229e-02,5.9517e-02,5.2502e-02,4.4327e-02,3.5160e-02,2.5193e-02,1.4641e-02,3.7298e-03,-7.2983e-03,-1.8198e-02,-2.8717e-02,-3.8614e-02,-4.7653e-02,-5.5612e-02,-6.2292e-02,-6.7525e-02,-7.1169e-02,-7.3129e-02,-7.3349e-02,-7.1823e-02,-6.8594e-02,-6.3751e-02,-5.7433e-02,-4.9820e-02,-4.1121e-02,-3.1581e-02,-2.1457e-02,-1.1022e-02,-5.5150e-04
-5.1975e-05,-1.5410e-02,-3.0492e-02,-4.4867e-02,-5.8161e-02,-7.0059e-02,-8.0306e-02,-8.8693e-02,-9.5056e-02,-9.9272e-02,-1.0126e-01,-1.0096e-01,-9.8384e-02,-9.3577e-02,-8.6635e-02,-7.7706e-02,-6.6989e-02,-5.4723e-02,-4.1184e-02,-2.6681e-02,-1.1545e-02,3.8825e-03,1.9250e-02,3.4211e-02,4.8428e-02,6.1572e-02,7.3335e-02,8.3424e-02,9.1568e-02,9.7533e-02,1.0114e-01,1.0227e-01,1.0093e-01,9.7235e-02,9.1404e-02,8.3715e-02,7.4427e-02,6.3718e-02,5.1663e-02,3.8292e-02,2.3680e-02,8.0456e-03,-8.1856e-03,-2.4384e-02,-3.9781e-02,-5.3557e-02,-6.4938e-02,-7.3295e-02,-7.8211e-02,-7.9524e-02,-7.7332e-02,-7.1981e-02,-6.4004e-02,-5.4046e-02,-4.2767e-02,-3.0745e-02,-1.8408e-02,-6.0148e-03,6.3082e-03,1.8480e-02,3.0374e-02,4.1767e-02,5.2345e-02,6.1759e-02,6.9690e-02,7.5904e-02,8.0256e-02,8.2691e-02,8.3212e-02,8.1862e-02,7.8709e-02,7.3843e-02,6.7377e-02,5.9444e-02,5.0202e-02,3.9842e-02,2.8572e-02,1.6631e-02,4.2756e-03,-8.2248e-03,-2.0590e-02,-3.2534e-02,-4.3778e-02,-5.4050e-02,-6.3098e-02,-7.0692e-02,-7.6637e-02,-8.0777e-02,-8.3002e-02,-8.3254e-02,-8.1528e-02,-7.7874e-02,-7.2397e-02,-6.5249e-02,-5.6628e-02,-4.6768e-02,-3.5930e-02,-2.4397e-02,-1.2465e-02,-4.4172e-04
-7.0035e-06,-1.5095e-02,-2.9814e-02,-4.3776e-02,-5.6653e-02,-6.8169e-02,-7.8096e-02,-8.6245e-02,-9.2458e-02,-9.6608e-02,-9.8597e-02,-9.8368e-02,-9.5904e-02,-9.1244e-02,-8.4479e-02,-7.5755e-02,-6.5269e-02,-5.3265e-02,-4.0023e-02,-2.5852e-02,-1.1076e-02,3.9622e-03,1.8923e-02,3.3470e-02,4.7279e-02,6.0040e-02,7.1468e-02,8.1292e-02,8.9271e-02,9.5185e-02,9.8850e-02,1.0014e-01,9.8995e-02,9.5469e-02,8.9719e-02,8.2006e-02,7.2642e-02,6.1914e-02,5.0028e-02,3.7087e-02,2.3145e-02,8.2987e-03,-7.2185e-03,-2.2976e-02,-3.8352e-02,-5.2593e-02,-6.4899e-02,-7.4532e-02,-8.0900e-02,-8.3632e-02,-8.2616e-02,-7.8013e-02,-7.0225e-02,-5.9850e-02,-4.7599e-02,-3.4189e-02,-2.0255e-02,-6.2710e-03,7.4674e-03,2.0802e-02,3.3634e-02,4.5825e-02,5.7153e-02,6.7313e-02,7.5970e-02,8.2835e-02,8.7699e-02,9.0457e-02,9.1089e-02,8.9636e-02,8.6185e-02,8.0845e-02,7.3750e-02,6.5053e-02,5.4931e-02,4.3589e-02,3.1253e-02,1.8182e-02,4.6505e-03,-9.0453e-03,-2.2600e-02,-3.5700e-02,-4.8036e-02,-5.9308e-02,-6.9238e-02,-7.7572e-02,-8.4097e-02,-8.8641e-02,-9.1086e-02,-9.1369e-02,-8.9485e-02,-8.5492e-02,-7.9501e-02,-7.1678e-02,-6.2233e-02,-5.1416e-02,-3.9505e-02,-2.6805e-02,-1.3632e-02,-3.1961e-04
7.4059e-06,-1.4437e-02,-2.8436e-02,-4.1658e-02,-5.3826e-02,-6.4708e-02,-7.4109e-02,-8.1857e-02,-8.7800e-02,-9.1806e-02,-9.3771e-02,-9.3621e-02,-9.1329e-02,-8.6923e-02,-8.0484e-02,-7.2158e-02,-6.2139e-02,-5.0666e-02,-3.8018e-02,-2.4493e-02,-1.0411e-02,3.9059e-03,1.8132e-02,3.1948e-02,4.5049e-02,5.7151e-02,6.7989e-02,7.7320e-02,8.4926e-02,9.0613e-02,9.4217e-02,9.5604e-02,9.4694e-02,9.1482e-02,8.6061e-02,7.8630e-02,6.9481e-02,5.8951e-02,4.7350e-02,3.4903e-02,2.1730e-02,7.8981e-03,-6.4892e-03,-2.1199e-02,-3.5813e-02,-4.9731e-02,-6.2230e-02,-7.2551e-02,-8.0000e-02,-8.4039e-02,-8.4356e-02,-8.0899e-02,-7.3891e-02,-6.3799e-02,-5.1282e-02,-3.7105e-02,-2.2033e-02,-6.7405e-03,8.2682e-03,2.2676e-02,3.6318e-02,4.9093e-02,6.0872e-02,7.1449e-02,8.0542e-02,8.7847e-02,9.3108e-02,9.6157e-02,9.6929e-02,9.5446e-02,9.1794e-02,8.6102e-02,7.8524e-02,6.9237e-02,5.8435e-02,4.6340e-02,3.3195e-02,1.9269e-02,4.8541e-03,-9.7371e-03,-2.4178e-02,-3.8138e-02,-5.1286e-02,-6.3301e-02,-7.3887e-02,-8.2771e-02,-8.9726e-02,-9.4572e-02,-9.7182e-02,-9.7491e-02,-9.5493e-02,-9.1249e-02,-8.4876e-02,-7.6547e-02,-6.6481e-02,-5.4937e-02,-4.2209e-02,-2.8615e-02,-1.4493e-02,-1.9521e-04
9.8571e-06,-1.3441e-02,-2.6388e-02,-3.8564e-02,-4.9753e-02,-5.9768e-02,-6.8446e-02,-7.5635e-02,-8.1190e-02,-8.4978e-02,-8.6884e-02,-8.6823e-02,-8.4758e-02,-8.0705e-02,-7.4739e-02,-6.6996e-02,-5.7667e-02,-4.6984e-02,-3.5211e-02,-2.2638e-02,-9.5603e-03,3.7168e-03,1.6893e-02,2.9678e-02,4.1791e-02,5.2972e-02,6.2983e-02,7.1607e-02,7.8654e-02,8.3956e-02,8.7368e-02,8.8773e-02,8.8085e-02,8.5272e-02,8.0369e-02,7.3503e-02,6.4905e-02,5.4892e-02,4.3815e-02,3.1998e-02,1.9673e-02,6.9620e-03,-6.0669e-03,-1.9322e-02,-3.2585e-02,-4.5469e-02,-5.7410e-02,-6.7733e-02,-7.5731e-02,-8.0767e-02,-8.2366e-02,-8.0277e-02,-7.4511e-02,-6.5350e-02,-5.3319e-02,-3.9125e-02,-2.3575e-02,-7.4654e-03,8.5096e-03,2.3834e-02,3.8192e-02,5.1426e-02,6.3453e-02,7.4170e-02,8.3394e-02,9.0881e-02,9.6365e-02,9.9632e-02,1.0056e-01,9.9121e-02,9.5390e-02,8.9493e-02,8.1605e-02,7.1921e-02,6.0660e-02,4.8058e-02,3.4374e-02,1.9886e-02,4.8973e-03,-1.0269e-02,-2.5277e-02,-3.9783e-02,-5.3442e-02,-6.5925e-02,-7.6920e-02,-8.6148e-02,-9.3373e-02,-9.8407e-02,-1.0112e-01,-1.0145e-01,-9.9378e-02,-9.4977e-02,-8.8362e-02,-7.9709e-02,-6.9242e-02,-5.7226e-02,-4.3962e-02,-2.9779e-02,-1.5029e-02,-8.0988e-05
1.6958e-05,-1.2123e-02,-2.3717e-02,-3.4574e-02,-4.4537e-02,-5.3470e-02,-6.1244e-02,-6.7726e-02,-7.2780e-02,-7.6272e-02,-7.8081e-02,-7.8115e-02,-7.6325e-02,-7.2717e-02,-6.7358e-02,-6.0374e-02,-5.1944e-02,-4.2290e-02,-3.1659e-02,-2.0317e-02,-8.5373e-03,3.4061e-03,1.5244e-02,2.6718e-02,3.7579e-02,4.7599e-02,5.6566e-02,6.4292e-02,7.0612e-02,7.5384e-02,7.8489e-02,7.9828e-02,7.9327e-02,7.6942e-02,7.2677e-02,6.6600e-02,5.8866e-02,4.9727e-02,3.9509e-02,2.8571e-02,1.7235e-02,5.7248e-03,-5.8472e-03,-1.7434e-02,-2.8965e-02,-4.0263e-02,-5.0982e-02,-6.0610e-02,-6.8529e-02,-7.4091e-02,-7.6726e-02,-7.6016e-02,-7.1772e-02,-6.4060e-02,-5.3214e-02,-3.9796e-02,-2.4551e-02,-8.3025e-03,8.1347e-03,2.4069e-02,3.8992e-02,5.2605e-02,6.4774e-02,7.5446e-02,8.4552e-02,9.1953e-02,9.7440e-02,1.0080e-01,1.0185e-01,1.0052e-01,9.6838e-02,9.0909e-02,8.2909e-02,7.3050e-02,6.1571e-02,4.8725e-02,3.4786e-02,2.0041e-02,4.8006e-03,-1.0609e-02,-2.5849e-02,-4.0572e-02,-5.4431e-02,-6.7092e-02,-7.8241e-02,-8.7597e-02,-9.4921e-02,-1.0002e-01,-1.0277e-01,-1.0310e-01,-1.0101e-01,-9.6548e-02,-8.9839e-02,-8.1057e-02,-7.0423e-02,-5.8207e-02,-4.4711e-02,-3.0267e-02,-1.5234e-02,8.3074e-06
4.2006e-05,-1.0509e-02,-2.0491e-02,-2.9789e-02,-3.8312e-02,-4.5973e-02,-5.2677e-02,-5.8314e-02,-6.2758e-02,-6.5878e-02,-6.7551e-02,-6.7677e-02,-6.6201e-02,-6.3118e-02,-5.8486e-02,-5.2419e-02,-4.5081e-02,-3.6674e-02,-2.7424e-02,-1.7569e-02,-7.3510e-03,2.9935e-03,1.3232e-02,2.3143e-02,3.2516e-02,4.1156e-02,4.8884e-02,5.5540e-02,6.0987e-02,6.5107e-02,6.7805e-02,6.9004e-02,6.8643e-02,6.6687e-02,6.3125e-02,5.7987e-02,5.1365e-02,4.3428e-02,3.4436e-02,2.4714e-02,1.4612e-02,4.4321e-03,-5.6215e-03,-1.5466e-02,-2.5088e-02,-3.4462e-02,-4.3456e-02,-5.1780e-02,-5.8984e-02,-6.4507e-02,-6.7769e-02,-6.8252e-02,-6.5600e-02,-5.9667e-02,-5.0563e-02,-3.8652e-02,-2.4526e-02,-8.9369e-03,7.2829e-03,2.3330e-02,3.8524e-02,5.2382e-02,6.4637e-02,7.5191e-02,8.4030e-02,9.1130e-02,9.6393e-02,9.9661e-02,1.0076e-01,9.9562e-02,9.6037e-02,9.0252e-02,8.2359e-02,7.2571e-02,6.1139e-02,4.8332e-02,3.4438e-02,1.9753e-02,4.5906e-03,-1.0724e-02,-2.5855e-02,-4.0460e-02,-5.4200e-02,-6.6744e-02,-7.7785e-02,-8.7047e-02,-9.4295e-02,-9.9344e-02,-1.0206e-01,-1.0239e-01,-1.0031e-01,-9.5891e-02,-8.9239e-02,-8.0529e-02,-6.9976e-02,-5.7845e-02,-4.4431e-02,-3.0068e-02,-1.5113e-02,5.3465e-05
9.1597e-05,-8.6411e-03,-1.6795e-02,-2.4335e-02,-3.1235e-02,-3.7459e-02,-4.2949e-02,-4.7615e-02,-5.1347e-02,-5.4021e-02,-5.5514e-02,-5.5724e-02,-5.4590e-02,-5.2101e-02,-4.8299e-02,-4.3287e-02,-3.7209e-02,-3.0242e-02,-2.2584e-02,-1.4439e-02,-6.0107e-03,2.5033e-03,1.0916e-02,1.9045e-02,2.6724e-02,3.3794e-02,4.0113e-02,4.5551e-02,4.9999e-02,5.3365e-02,5.5574e-02,5.6570e-02,5.6313e-02,5.4775e-02,5.1944e-02,4.7834e-02,4.2492e-02,3.6016e-02,2.8582e-02,2.0435e-02,1.1887e-02,3.2598e-03,-5.1745e-03,-1.3252e-02,-2.0934e-02,-2.8253e-02,-3.5239e-02,-4.1817e-02,-4.7756e-02,-5.2668e-02,-5.6051e-02,-5.7374e-02,-5.6174e-02,-5.2129e-02,-4.5131e-02,-3.5311e-02,-2.3049e-02,-8.9393e-03,6.2699e-03,2.1760e-02,3.6750e-02,5.0590e-02,6.2830e-02,7.3246e-02,8.1782e-02,8.8472e-02,9.3336e-02,9.6329e-02,9.7338e-02,9.6235e-02,9.2938e-02,8.7455e-02,7.9893e-02,7.0440e-02,5.9342e-02,4.6877e-02,3.3343e-02,1.9045e-02,4.2960e-03,-1.0583e-02,-2.5264e-02,-3.9418e-02,-5.2721e-02,-6.4855e-02,-7.5528e-02,-8.4475e-02,-9.1475e-02,-9.6346e-02,-9.8969e-02,-9.9278e-02,-9.7267e-02,-9.2989e-02,-8.6553e-02,-7.8119e-02,-6.7897e-02,-5.6138e-02,-4.3131e-02,-2.9196e-02,-1.4682e-02,3.6821e-05
1.7279e-04,-6.5636e-03,-1.2722e-02,-1.8350e-02,-2.3482e-02,-2.8136e-02,-3.2286e-02,-3.5873e-02,-3.8802e-02,-4.0960e-02,-4.2228e-02,-4.2508e-02,-4.1734e-02,-3.9887e-02,-3.7001e-02,-3.3158e-02,-2.8480e-02,-2.3115e-02,-1.7227e-02,-1.0978e-02,-4.5326e-03,1.9605e-03,8.3577e-03,1.4526e-02,2.0340e-02,2.5684e-02,3.0452e-02,3.4550e-02,3.7896e-02,4.0423e-02,4.2080e-02,4.2828e-02,4.2645e-02,4.1512e-02,3.9426e-02,3.6392e-02,3.2430e-02,2.7588e-02,2.1962e-02,1.5707e-02,9.0492e-03,2.2631e-03,-4.3698e-03,-1.0625e-02,-1.6391e-02,-2.1680e-02,-2.6586e-02,-3.1193e-02,-3.5487e-02,-3.9293e-02,-4.2275e-02,-4.3980e-02,-4.3920e-02,-4.1658e-02,-3.6900e-02,-2.9548e-02,-1.9741e-02,-7.8509e-03,5.5388e-03,1.9700e-02,3.3844e-02,4.7221e-02,5.9220e-02,6.9440e-02,7.7695e-02,8.3982e-02,8.8384e-02,9.0973e-02,9.1748e-02,9.0646e-02,8.7582e-02,8.2512e-02,7.5481e-02,6.6626e-02,5.6163e-02,4.4361e-02,3.1516e-02,1.7938e-02,3.9403e-03,-1.0163e-02,-2.4060e-02,-3.7439e-02,-4.9994e-02,-6.1436e-02,-7.1490e-02,-7.9911e-02,-8.6494e-02,-9.1074e-02,-9.3538e-02,-9.3825e-02,-9.1928e-02,-8.7897e-02,-8.1830e-02,-7.3878e-02,-6.4236e-02,-5.3136e-02,-4.0851e-02,-2.7682e-02,-1.3964e-02,-5.5291e-05
2.8562e-04,-4.3284e-03,-8.3756e-03,-1.1978e-02,-1.5239e-02,-1.8219e-02,-2.0935e-02,-2.3353e-02,-2.5401e-02,-2.6980e-02,-2.7981e-02,-2.8311e-02,-2.7904e-02,-2.6735e-02,-2.4827e-02,-2.2240e-02,-1.9071e-02,-1.5434e-02,-1.1453e-02,-7.2489e-03,-2.9344e-03,1.3887e-03,5.6253e-03,9.6929e-03,1.3512e-02,1.7010e-02,2.0120e-02,2.2783e-02,2.4949e-02,2.6577e-02,2.7635e-02,2.8106e-02,2.7978e-02,2.7245e-02,2.5909e-02,2.3972e-02,2.1440e-02,1.8326e-02,1.4666e-02,1.0531e-02,6.0452e-03,1.3922e-03,-3.1999e-03,-7.5044e-03,-1.1355e-02,-1.4699e-02,-1.7607e-02,-2.0230e-02,-2.2708e-02,-2.5078e-02,-2.7215e-02,-2.8819e-02,-2.9469e-02,-2.8700e-02,-2.6090e-02,-2.1346e-02,-1.4367e-02,-5.2772e-03,5.5703e-03,1.7620e-02,3.0175e-02,4.2485e-02,5.3844e-02,6.3683e-02,7.1647e-02,7.7604e-02,8.1598e-02,8.3762e-02,8.4218e-02,8.3015e-02,8.0129e-02,7.5513e-02,6.9158e-02,6.1134e-02,5.1599e-02,4.0784e-02,2.8967e-02,1.6451e-02,3.5413e-03,-9.4562e-03,-2.2246e-02,-3.4540e-02,-4.6058e-02,-5.6539e-02,-6.5739e-02,-7.3437e-02,-7.9452e-02,-8.3635e-02,-8.5885e-02,-8.6148e-02,-8.4416e-02,-8.0733e-02,-7.5187e-02,-6.7914e-02,-5.9085e-02,-4.8916e-02,-3.7654e-02,-2.5574e-02,-1.2988e-02,-2.2979e-04
4.3303e-04,-1.9873e-03,-3.8569e-03,-5.3733e-03,-6.6967e-03,-7.9386e-03,-9.1529e-03,-1.0337e-02,-1.1443e-02,-1.2389e-02,-1.3085e-02,-1.3443e-02,-1.3401e-02,-1.2929e-02,-1.2037e-02,-1.0765e-02,-9.1796e-03,-7.3596e-03,-5.3831e-03,-3.3242e-03,-1.2443e-03,8.0585e-04,2.7841e-03,4.6572e-03,6.3938e-03,7.9655e-03,9.3472e-03,1.0514e-02,1.1449e-02,1.2137e-02,1.2570e-02,1.2745e-02,1.2665e-02,1.2332e-02,1.1749e-02,1.0917e-02,9.8305e-03,8.4802e-03,6.8579e-03,4.9662e-03,2.8391e-03,5.5270e-04,-1.7624e-03,-3.9374e-03,-5.8075e-03,-7.2669e-03,-8.3213e-03,-9.0984e-03,-9.7994e-03,-1.0611e-02,-1.1607e-02,-1.2693e-02,-1.3594e-02,-1.3901e-02,-1.3152e-02,-1.0918e-02,-6.8955e-03,-9.6070e-04,6.7899e-03,1.6034e-02,2.6255e-02,3.6797e-02,4.6953e-02,5.6060e-02,6.3600e-02,6.9266e-02,7.2973e-02,7.4816e-02,7.4979e-02,7.3628e-02,7.0854e-02,6.6671e-02,6.1063e-02,5.4038e-02,4.5682e-02,3.6162e-02,2.5707e-02,1.4591e-02,3.1034e-03,-8.4677e-03,-1.9846e-02,-3.0766e-02,-4.0982e-02,-5.0262e-02,-5.8396e-02,-6.5197e-02,-7.0508e-02,-7.4203e-02,-7.6195e-02,-7.6435e-02,-7.4918e-02,-7.1679e-02,-6.6795e-02,-6.0379e-02,-5.2583e-02,-4.3592e-02,-3.3625e-02,-2.2929e-02,-1.1778e-02,-4.8070e-04
6.1432e-04,4.0712e-04,7.3037e-04,1.3182e-03,1.9535e-03,2.4773e-03,2.7994e-03,2.8877e-03,2.7646e-03,2.4865e-03,2.1290e-03,1.7658e-03,1.4536e-03,1.2256e-03,1.0855e-03,1.0133e-03,9.7599e-04,9.3343e-04,8.5295e-04,7.1300e-04,5.0350e-04,2.2838e-04,-1.0160e-04,-4.6888e-04,-8.5646e-04,-1.2483e-03,-1.6282e-03,-1.9835e-03,-2.3022e-03,-2.5695e-03,-2.7722e-03,-2.8964e-03,-2.9289e-03,-2.8612e-03,-2.6889e-03,-2.4182e-03,-2.0652e-03,-1.6588e-03,-1.2413e-03,-8.5901e-04,-5.5366e-04,-3.4413e-04,-2.1074e-04,-8.4862e-05,1.4190e-04,5.7030e-04,1.2501e-03,2.1231e-03,3.0155e-03,3.6884e-03,3.9272e-03,3.6325e-03,2.8881e-03,1.9642e-03,1.2754e-03,1.2977e-03,2.4818e-03,5.1600e-03,9.4895e-03,1.5410e-02,2.2642e-02,3.0712e-02,3.9009e-02,4.6871e-02,5.3685e-02,5.8979e-02,6.2492e-02,6.4187e-02,6.4206e-02,6.2776e-02,6.0103e-02,5.6315e-02,5.1451e-02,4.5510e-02,3.8512e-02,3.0541e-02,2.1750e-02,1.2358e-02,2.6114e-03,-7.2276e-03,-1.6910e-02,-2.6196e-02,-3.4873e-02,-4.2742e-02,-4.9631e-02,-5.5386e-02,-5.9881e-02,-6.3013e-02,-6.4710e-02,-6.4934e-02,-6.3679e-02,-6.0970e-02,-5.6869e-02,-5.1470e-02,-4.4895e-02,-3.7299e-02,-2.8865e-02,-1.9804e-02,-1.0356e-02,-7.8773e-04
8.3017e-04,2.8046e-03,5.2871e-03,7.9506e-03,1.0523e-02,1.2802e-02,1.4660e-02,1.6030e-02,1.6904e-02,1.7316e-02,1.7319e-02,1.6969e-02,1.6321e-02,1.5404e-02,1.4238e-02,1.2825e-02,1.1163e-02,9.2541e-03,7.1126e-03,4.7686e-03,2.2670e-03,-3.3490e-04,-2.9717e-03,-5.5755e-03,-8.0821e-03,-1.0429e-02,-1.2564e-02,-1.4434e-02,-1.5996e-02,-1.7210e-02,-1.8041e-02,-1.8456e-02,-1.8435e-02,-1.7963e-02,-1.7041e-02,-1.5680e-02,-1.3913e-02,-1.1790e-02,-9.3807e-03,-6.7699e-03,-4.0574e-03,-1.3387e-03,1.3083e-03,3.8424e-03,6.2720e-03,8.6443e-03,1.1010e-02,1.3366e-02,1.5618e-02,1.7564e-02,1.8942e-02,1.9524e-02,1.9208e-02,1.8081e-02,1.6429e-02,1.4686e-02,1.3359e-02,1.2929e-02,1.3772e-02,1.6084e-02,1.9852e-02,2.4841e-02,3.0622e-02,3.6632e-02,4.2256e-02,4.6927e-02,5.0215e-02,5.1905e-02,5.2000e-02,5.0681e-02,4.8213e-02,4.4833e-02,4.0692e-02,3.5841e-02,3.0283e-02,2.4029e-02,1.7142e-02,9.7507e-03,2.0365e-03,-5.7913e-03,-1.3517e-02,-2.0938e-02,-2.7872e-02,-3.4156e-02,-3.9654e-02,-4.4246e-02,-4.7836e-02,-5.0348e-02,-5.1727e-02,-5.1942e-02,-5.0988e-02,-4.8881e-02,-4.5666e-02,-4.1411e-02,-3.6211e-02,-3.0185e-02,-2.3479e-02,-1.6261e-02,-8.7298e-03,-1.1143e-03
1.0783e-03,5.1569e-03,9.7201e-03,1.4385e-02,1.8831e-02,2.2816e-02,2.6171e-02,2.8801e-02,3.0665e-02,3.1767e-02,3.2138e-02,3.1820e-02,3.0854e-02,2.9276e-02,2.7113e-02,2.4390e-02,2.1139e-02,1.7403e-02,1.3244e-02,8.7430e-03,3.9991e-03,-8.7693e-04,-5.7672e-03,-1.0555e-02,-1.5127e-02,-1.9380e-02,-2.3220e-02,-2.6561e-02,-2.9329e-02,-3.1456e-02,-3.2887e-02,-3.3575e-02,-3.3489e-02,-3.2613e-02,-3.0952e-02,-2.8528e-02,-2.5394e-02,-2.1620e-02,-1.7303e-02,-1.2568e-02,-7.5536e-03,-2.4142e-03,2.6949e-03,7.6369e-03,1.2316e-02,1.6684e-02,2.0740e-02,2.4493e-02,2.7910e-02,3.0873e-02,3.3168e-02,3.4530e-02,3.4735e-02,3.3693e-02,3.1514e-02,2.8509e-02,2.5149e-02,2.1978e-02,1.9525e-02,1.8207e-02,1.8270e-02,1.9748e-02,2.2453e-02,2.6003e-02,2.9881e-02,3.3513e-02,3.6373e-02,3.8071e-02,3.8428e-02,3.7481e-02,3.5441e-02,3.2596e-02,2.9202e-02,2.5419e-02,2.1297e-02,1.6821e-02,1.1975e-02,6.7865e-03,1.3387e-03,-4.2355e-03,-9.7802e-03,-1.5137e-02,-2.0158e-02,-2.4717e-02,-2.8710e-02,-3.2051e-02,-3.4675e-02,-3.6528e-02,-3.7573e-02,-3.7788e-02,-3.7166e-02,-3.5714e-02,-3.3460e-02,-3.0446e-02,-2.6736e-02,-2.2411e-02,-1.7575e-02,-1.2357e-02,-6.9088e-03,-1.4131e-03
1.3571e-03,7.4177e-03,1.3939e-02,2.0489e-02,2.6705e-02,3.2305e-02,3.7089e-02,4.0924e-02,4.3739e-02,4.5512e-02,4.6249e-02,4.5972e-02,4.4714e-02,4.2510e-02,3.9399e-02,3.5428e-02,3.0661e-02,2.5181e-02,1.9095e-02,1.2534e-02,5.6494e-03,-1.3956e-03,-8.4344e-03,-1.5301e-02,-2.1839e-02,-2.7904e-02,-3.3362e-02,-3.8096e-02,-4.2000e-02,-4.4985e-02,-4.6974e-02,-4.7906e-02,-4.7742e-02,-4.6467e-02,-4.4089e-02,-4.0646e-02,-3.6209e-02,-3.0875e-02,-2.4773e-02,-1.8056e-02,-1.0904e-02,-3.5126e-03,3.9059e-03,1.1144e-02,1.8015e-02,2.4375e-02,3.0134e-02,3.5257e-02,3.9730e-02,4.3506e-02,4.6460e-02,4.8386e-02,4.9030e-02,4.8189e-02,4.5799e-02,4.2004e-02,3.7154e-02,3.1763e-02,2.6423e-02,2.1712e-02,1.8098e-02,1.5874e-02,1.5121e-02,1.5699e-02,1.7267e-02,1.9349e-02,2.1408e-02,2.2954e-02,2.3626e-02,2.3268e-02,2.1942e-02,1.9874e-02,1.7362e-02,1.4667e-02,1.1938e-02,9.2037e-03,6.4193e-03,3.5235e-03,4.8961e-04,-2.6550e-03,-5.8397e-03,-8.9664e-03,-1.1938e-02,-1.4664e-02,-1.7071e-02,-1.9104e-02,-2.0723e-02,-2.1895e-02,-2.2600e-02,-2.2822e-02,-2.2553e-02,-2.1792e-02,-2.0545e-02,-1.8832e-02,-1.6682e-02,-1.4141e-02,-1.1268e-02,-8.1497e-03,-4.8899e-03,-1.6252e-03
1.6600e-03,9.5405e-03,1.7859e-02,2.6138e-02,3.3981e-02,4.1072e-02,4.7177e-02,5.2132e-02,5.5837e-02,5.8241e-02,5.9323e-02,5.9092e-02,5.7568e-02,5.4786e-02,5.0796e-02,4.5667e-02,3.9491e-02,3.2389e-02,2.4513e-02,1.6041e-02,7.1695e-03,-1.8894e-03,-1.0920e-02,-1.9715e-02,-2.8075e-02,-3.5814e-02,-4.2767e-02,-4.8782e-02,-5.3730e-02,-5.7493e-02,-5.9982e-02,-6.1122e-02,-6.0868e-02,-5.9202e-02,-5.6143e-02,-5.1743e-02,-4.6093e-02,-3.9319e-02,-3.1578e-02,-2.3059e-02,-1.3975e-02,-4.5568e-03,4.9428e-03,1.4270e-02,2.3172e-02,3.1424e-02,3.8849e-02,4.5334e-02,5.0824e-02,5.5299e-02,5.8716e-02,6.0962e-02,6.1850e-02,6.1155e-02,5.8706e-02,5.4476e-02,4.8651e-02,4.1628e-02,3.3972e-02,2.6327e-02,1.9319e-02,1.3468e-02,9.1157e-03,6.3849e-03,5.1764e-03,5.1877e-03,5.9737e-03,7.0288e-03,7.8815e-03,8.1914e-03,7.8149e-03,6.8197e-03,5.4342e-03,3.9483e-03,2.6083e-03,1.5373e-03,7.2908e-04,8.8148e-05,-5.0380e-04,-1.1358e-03,-1.8476e-03,-2.6304e-03,-3.4507e-03,-4.2643e-03,-5.0304e-03,-5.7213e-03,-6.3152e-03,-6.8003e-03,-7.1648e-03,-7.4009e-03,-7.4967e-03,-7.4402e-03,-7.2213e-03,-6.8320e-03,-6.2710e-03,-5.5449e-03,-4.6746e-03,-3.6981e-03,-2.6763e-03,-1.6935e-03
1.9791e-03,1.1482e-02,2.1397e-02,3.1216e-02,4.0509e-02,4.8930e-02,5.6218e-02,6.2179e-02,6.6687e-02,6.9659e-02,7.1057e-02,7.0869e-02,6.9107e-02,6.5806e-02,6.1025e-02,5.4851e-02,4.7406e-02,3.8846e-02,2.9360e-02,1.9169e-02,8.5125e-03,-2.3547e-03,-1.3176e-02,-2.3701e-02,-3.3694e-02,-4.2934e-02,-5.1222e-02,-5.8380e-02,-6.4251e-02,-6.8700e-02,-7.1619e-02,-7.2924e-02,-7.2566e-02,-7.0530e-02,-6.6840e-02,-6.1564e-02,-5.4816e-02,-4.6747e-02,-3.7544e-02,-2.7433e-02,-1.6654e-02,-5.4730e-03,5.8317e-03,1.6972e-02,2.7656e-02,3.7607e-02,4.6577e-02,5.4371e-02,6.0866e-02,6.6009e-02,6.9788e-02,7.2178e-02,7.3095e-02,7.2384e-02,6.9857e-02,6.5384e-02,5.8986e-02,5.0894e-02,4.1559e-02,3.1599e-02,2.1708e-02,1.2563e-02,4.7309e-03,-1.4048e-03,-5.6834e-03,-8.1729e-03,-9.1471e-03,-9.0306e-03,-8.3150e-03,-7.4596e-03,-6.8029e-03,-6.4897e-03,-6.4662e-03,-6.5165e-03,-6.3749e-03,-5.8268e-03,-4.7893e-03,-3.3199e-03,-1.5728e-03,2.6882e-04,2.0468e-03,3.6579e-03,5.0475e-03,6.1980e-03,7.1064e-03,7.7759e-03,8.2094e-03,8.4082e-03,8.3763e-03,8.1210e-03,7.6594e-03,7.0127e-03,6.2120e-03,5.2877e-03,4.2735e-03,3.1990e-03,2.0819e-03,9.2803e-04,-2.7569e-04,-1.5679e-03
2.3014e-03,1.3196e-02,2.4481e-02,3.5616e-02,4.6149e-02,5.5711e-02,6.4014e-02,7.0842e-02,7.6041e-02,7.9505e-02,8.1176e-02,8.1023e-02,7.9054e-02,7.5300e-02,6.9832e-02,6.2753e-02,5.4209e-02,4.4388e-02,3.3511e-02,2.1834e-02,9.6388e-03,-2.7879e-03,-1.5152e-02,-2.7169e-02,-3.8569e-02,-4.9101e-02,-5.8536e-02,-6.6671e-02,-7.3327e-02,-7.8352e-02,-8.1623e-02,-8.3050e-02,-8.2579e-02,-8.0199e-02,-7.5944e-02,-6.9896e-02,-6.2186e-02,-5.2995e-02,-4.2537e-02,-3.1067e-02,-1.8858e-02,-6.2025e-03,6.5983e-03,1.9235e-02,3.1397e-02,4.2777e-02,5.3082e-02,6.2059e-02,6.9512e-02,7.5324e-02,7.9455e-02,8.1918e-02,8.2720e-02,8.1814e-02,7.9087e-02,7.4397e-02,6.7662e-02,5.8953e-02,4.8552e-02,3.6963e-02,2.4856e-02,1.2976e-02,2.0431e-03,-7.3367e-03,-1.4745e-02,-1.9995e-02,-2.3136e-02,-2.4428e-02,-2.4285e-02,-2.3200e-02,-2.1640e-02,-1.9952e-02,-1.8304e-02,-1.6664e-02,-1.4851e-02,-1.2636e-02,-9.8491e-03,-6.4584e-03,-2.5797e-03,1.5687e-03,5.7355e-03,9.7007e-03,1.3299e-02,1.6426e-02,1.9023e-02,2.1058e-02,2.2516e-02,2.3390e-02,2.3681e-02,2.3403e-02,2.2580e-02,2.1249e-02,1.9455e-02,1.7259e-02,1.4721e-02,1.1902e-02,8.8619e-03,5.6455e-03,2.2843e-03,-1.2161e-03
2.6129e-03,1.4644e-02,2.7039e-02,3.9240e-02,5.0778e-02,6.1264e-02,7.0392e-02,7.7924e-02,8.3684e-02,8.7549e-02,8.9439e-02,8.9312e-02,8.7167e-02,8.3039e-02,7.7002e-02,6.9178e-02,5.9731e-02,4.8875e-02,3.6860e-02,2.3972e-02,1.0518e-02,-3.1813e-03,-1.6804e-02,-3.0039e-02,-4.2586e-02,-5.4170e-02,-6.4539e-02,-7.3464e-02,-8.0751e-02,-8.6231e-02,-8.9771e-02,-9.1275e-02,-9.0689e-02,-8.8003e-02,-8.3263e-02,-7.6564e-02,-6.8056e-02,-5.7939e-02,-4.6458e-02,-3.3889e-02,-2.0534e-02,-6.7100e-03,7.2628e-03,2.1061e-02,3.4364e-02,4.6852e-02,5.8219e-02,6.8176e-02,7.6472e-02,8.2925e-02,8.7438e-02,8.9997e-02,9.0649e-02,8.9443e-02,8.6380e-02,8.1394e-02,7.4395e-02,6.5352e-02,5.4385e-02,4.1832e-02,2.8245e-02,1.4340e-02,9.0598e-04,-1.1301e-02,-2.1647e-02,-2.9693e-02,-3.5243e-02,-3.8336e-02,-3.9237e-02,-3.8369e-02,-3.6239e-02,-3.3333e-02,-3.0029e-02,-2.6525e-02,-2.2830e-02,-1.8805e-02,-1.4271e-02,-9.1104e-03,-3.3470e-03,2.8416e-03,9.1754e-03,1.5344e-02,2.1067e-02,2.6135e-02,3.0407e-02,3.3801e-02,3.6275e-02,3.7813e-02,3.8421e-02,3.8120e-02,3.6948e-02,3.4959e-02,3.2221e-02,2.8816e-02,2.4835e-02,2.0369e-02,1.5514e-02,1.0352e-02,4.9547e-03,-6.2992e-04
2.9002e-03,1.5785e-02,2.9010e-02,4.2006e-02,5.4289e-02,6.5463e-02,7.5203e-02,8.3260e-02,8.9439e-02,9.3600e-02,9.5650e-02,9.5538e-02,9.3255e-02,8.8836e-02,8.2364e-02,7.3971e-02,6.3840e-02,5.2202e-02,3.9330e-02,2.5529e-02,1.1130e-02,-3.5245e-03,-1.8092e-02,-3.2240e-02,-4.5648e-02,-5.8021e-02,-6.9086e-02,-7.8600e-02,-8.6351e-02,-9.2159e-02,-9.5883e-02,-9.7423e-02,-9.6724e-02,-9.3784e-02,-8.8655e-02,-8.1444e-02,-7.2319e-02,-6.1497e-02,-4.9243e-02,-3.5855e-02,-2.1657e-02,-6.9843e-03,7.8265e-03,2.2443e-02,3.6539e-02,4.9801e-02,6.1916e-02,7.2589e-02,8.1545e-02,8.8552e-02,9.3452e-02,9.6173e-02,9.6741e-02,9.5244e-02,9.1782e-02,8.6409e-02,7.9113e-02,6.9854e-02,5.8653e-02,4.5680e-02,3.1321e-02,1.6170e-02,9.8475e-04,-1.3418e-02,-2.6258e-02,-3.6890e-02,-4.4874e-02,-5.0012e-02,-5.2359e-02,-5.2198e-02,-4.9975e-02,-4.6223e-02,-4.1465e-02,-3.6116e-02,-3.0417e-02,-2.4425e-02,-1.8053e-02,-1.1174e-02,-3.7255e-03,4.2108e-03,1.2400e-02,2.0507e-02,2.8170e-02,3.5067e-02,4.0959e-02,4.5686e-02,4.9165e-02,5.1361e-02,5.2284e-02,5.1965e-02,5.0463e-02,4.7854e-02,4.4230e-02,3.9700e-02,3.4381e-02,2.8396e-02,2.1871e-02,1.4923e-02,7.6588e-03,1.6742e-04
3.1460e-03,1.6588e-02,3.0346e-02,4.3845e-02,5.6599e-02,6.8206e-02,7.8334e-02,8.6723e-02,9.3167e-02,9.7515e-02,9.9664e-02,9.9553e-02,9.7172e-02,9.2556e-02,8.5794e-02,7.7024e-02,6.6443e-02,5.4295e-02,4.0865e-02,2.6474e-02,1.1467e-02,-3.8028e-03,-1.8979e-02,-3.3714e-02,-4.7676e-02,-6.0555e-02,-7.2067e-02,-8.1954e-02,-8.9994e-02,-9.6000e-02,-9.9824e-02,-1.0136e-01,-1.0056e-01,-9.7430e-02,-9.2021e-02,-8.4455e-02,-7.4911e-02,-6.3621e-02,-5.0864e-02,-3.6952e-02,-2.2226e-02,-7.0328e-03,8.2791e-03,2.3372e-02,3.7920e-02,5.1614e-02,6.4152e-02,7.5250e-02,8.4629e-02,9.2039e-02,9.7275e-02,1.0020e-01,1.0080e-01,9.9122e-02,9.5318e-02,8.9539e-02,8.1897e-02,7.2433e-02,6.1161e-02,4.8143e-02,3.3598e-02,1.7947e-02,1.8215e-03,-1.4002e-02,-2.8689e-02,-4.1456e-02,-5.1661e-02,-5.8879e-02,-6.2935e-02,-6.3911e-02,-6.2120e-02,-5.8046e-02,-5.2259e-02,-4.5324e-02,-3.7698e-02,-2.9674e-02,-2.1358e-02,-1.2717e-02,-3.6775e-03,5.7687e-03,1.5486e-02,2.5192e-02,3.4506e-02,4.3029e-02,5.0417e-02,5.6417e-02,6.0877e-02,6.3729e-02,6.4972e-02,6.4651e-02,6.2848e-02,5.9665e-02,5.5225e-02,4.9665e-02,4.3131e-02,3.5778e-02,2.7757e-02,1.9217e-02,1.0298e-02,1.1167e-03
3.3385e-03,1.7027e-02,3.1007e-02,4.4708e-02,5.7647e-02,6.9423e-02,7.9704e-02,8.8225e-02,9.4775e-02,9.9197e-02,1.0138e-01,1.0126e-01,9.8830e-02,9.4118e-02,8.7217e-02,7.8274e-02,6.7489e-02,5.5114e-02,4.1440e-02,2.6796e-02,1.1529e-02,-4.0019e-03,-1.9435e-02,-3.4419e-02,-4.8616e-02,-6.1708e-02,-7.3406e-02,-8.3444e-02,-9.1595e-02,-9.7666e-02,-1.0151e-01,-1.0301e-01,-1.0214e-01,-9.8880e-02,-9.3313e-02,-8.5560e-02,-7.5809e-02,-6.4300e-02,-5.1320e-02,-3.7191e-02,-2.2258e-02,-6.8772e-03,8.5998e-03,2.3832e-02,3.8498e-02,5.2297e-02,6.4943e-02,7.6168e-02,8.5709e-02,9.3321e-02,9.8781e-02,1.0191e-01,1.0263e-01,1.0093e-01,9.6942e-02,9.0861e-02,8.2900e-02,7.3223e-02,6.1925e-02,4.9064e-02,3.4744e-02,1.9211e-02,2.9144e-03,-1.3500e-02,-2.9248e-02,-4.3500e-02,-5.5486e-02,-6.4590e-02,-7.0417e-02,-7.2828e-02,-7.1946e-02,-6.8124e-02,-6.1887e-02,-5.3849e-02,-4.4617e-02,-3.4695e-02,-2.4425e-02,-1.3962e-02,-3.3265e-03,7.5037e-03,1.8488e-02,2.9447e-02,4.0058e-02,4.9910e-02,5.8586e-02,6.5739e-02,7.1127e-02,7.4624e-02,7.6202e-02,7.5909e-02,7.3846e-02,7.0148e-02,6.4971e-02,5.8487e-02,5.0875e-02,4.2317e-02,3.2996e-02,2.3085e-02,1.2749e-02,2.1360e-03
3.4664e-03,1.7086e-02,3.0972e-02,4.4567e-02,5.7400e-02,6.9076e-02,7.9271e-02,8.7721e-02,9.4219e-02,9.8603e-02,1.0076e-01,1.0063e-01,9.8197e-02,9.3493e-02,8.6613e-02,7.7704e-02,6.6967e-02,5.4654e-02,4.1056e-02,2.6498e-02,1.1325e-02,-4.1073e-03,-1.9442e-02,-3.4331e-02,-4.8437e-02,-6.1446e-02,-7.3065e-02,-8.3031e-02,-9.1114e-02,-9.7119e-02,-1.0090e-01,-1.0235e-01,-1.0142e-01,-9.8120e-02,-9.2525e-02,-8.4763e-02,-7.5025e-02,-6.3553e-02,-5.0637e-02,-3.6599e-02,-2.1785e-02,-6.5478e-03,8.7613e-03,2.3806e-02,3.8271e-02,5.1865e-02,6.4321e-02,7.5388e-02,8.4832e-02,9.2425e-02,9.7950e-02,1.0122e-01,1.0209e-01,1.0052e-01,9.6554e-02,9.0378e-02,8.2242e-02,7.2418e-02,6.1125e-02,4.8499e-02,3.4631e-02,1.9652e-02,3.8228e-03,-1.2402e-02,-2.8380e-02,-4.3340e-02,-5.6477e-02,-6.7054e-02,-7.4495e-02,-7.8448e-02,-7.8821e-02,-7.5780e-02,-6.9725e-02,-6.1220e-02,-5.0923e-02,-3.9481e-02,-2.7444e-02,-1.5195e-02,-2.9400e-03,9.2535e-03,2.1363e-02,3.3303e-02,4.4860e-02,5.5686e-02,6.5358e-02,7.3465e-02,7.9675e-02,8.3782e-02,8.5708e-02,8.5485e-02,8.3222e-02,7.9083e-02,7.3263e-02,6.5972e-02,5.7427e-02,4.7841e-02,3.7424e-02,2.6379e-02,1.4888e-02,3.1226e-03
3.5241e-03,1.6758e-02,3.0235e-02,4.3416e-02,5.5852e-02,6.7161e-02,7.7034e-02,8.5215e-02,9.1502e-02,9.5741e-02,9.7820e-02,9.7676e-02,9.5294e-02,9.0708e-02,8.4009e-02,7.5343e-02,6.4905e-02,5.2941e-02,3.9735e-02,2.5601e-02,1.0873e-02,-4.1067e-03,-1.8992e-02,-3.3445e-02,-4.7140e-02,-5.9770e-02,-7.1050e-02,-8.0721e-02,-8.8558e-02,-9.4371e-02,-9.8012e-02,-9.9382e-02,-9.8435e-02,-9.5182e-02,-8.9696e-02,-8.2107e-02,-7.2604e-02,-6.1427e-02,-4.8862e-02,-3.5222e-02,-2.0846e-02,-6.0777e-03,8.7393e-03,2.3280e-02,3.7239e-02,5.0338e-02,6.2327e-02,7.2978e-02,8.2080e-02,8.9435e-02,9.4850e-02,9.8141e-02,9.9156e-02,9.7795e-02,9.4050e-02,8.8033e-02,7.9974e-02,7.0187e-02,5.8994e-02,4.6656e-02,3.3343e-02,1.9160e-02,4.2419e-03,-1.1154e-02,-2.6587e-02,-4.1442e-02,-5.4979e-02,-6.6435e-02,-7.5120e-02,-8.0505e-02,-8.2291e-02,-8.0434e-02,-7.5142e-02,-6.6856e-02,-5.6182e-02,-4.3813e-02,-3.0432e-02,-1.6628e-02,-2.8248e-03,1.0729e-02,2.3925e-02,3.6696e-02,4.8928e-02,6.0386e-02,7.0712e-02,7.9496e-02,8.6349e-02,9.0986e-02,9.3256e-02,9.3146e-02,9.0758e-02,8.6276e-02,7.9926e-02,7.1961e-02,6.2636e-02,5.2206e-02,4.0907e-02,2.8968e-02,1.6592e-02,3.9660e-03
3.5095e-03,1.6050e-02,2.8807e-02,4.1276e-02,5.3028e-02,6.3711e-02,7.3031e-02,8.0751e-02,8.6680e-02,9.0672e-02,9.2623e-02,9.2469e-02,9.0196e-02,8.5839e-02,7.9481e-02,7.1262e-02,6.1369e-02,5.0034e-02,3.7525e-02,2.4141e-02,1.0193e-02,-3.9907e-03,-1.8087e-02,-3.1776e-02,-4.4749e-02,-5.6715e-02,-6.7402e-02,-7.6565e-02,-8.3987e-02,-8.9484e-02,-9.2918e-02,-9.4192e-02,-9.3264e-02,-9.0144e-02,-8.4902e-02,-7.7667e-02,-6.8621e-02,-5.7993e-02,-4.6056e-02,-3.3113e-02,-1.9485e-02,-5.5003e-03,8.5147e-03,2.2250e-02,3.5415e-02,4.7748e-02,5.9018e-02,6.9017e-02,7.7561e-02,8.4481e-02,8.9613e-02,9.2798e-02,9.3890e-02,9.2770e-02,8.9381e-02,8.3762e-02,7.6079e-02,6.6615e-02,5.5736e-02,4.3804e-02,3.1111e-02,1.7831e-02,4.0682e-03,-1.0061e-02,-2.4326e-02,-3.8327e-02,-5.1485e-02,-6.3113e-02,-7.2496e-02,-7.8998e-02,-8.2143e-02,-8.1678e-02,-7.7603e-02,-7.0169e-02,-5.9850e-02,-4.7282e-02,-3.3191e-02,-1.8290e-02,-3.2010e-03,1.1615e-02,2.5875e-02,3.9432e-02,5.2193e-02,6.4020e-02,7.4675e-02,8.3817e-02,9.1065e-02,9.6085e-02,9.8651e-02,9.8689e-02,9.6265e-02,9.1557e-02,8.4814e-02,7.6328e-02,6.6397e-02,5.5312e-02,4.3349e-02,3.0758e-02,1.7765e-02,4.5641e-03
3.4262e-03,1.4976e-02,2.6721e-02,3.8189e-02,4.8988e-02,5.8795e-02,6.7346e-02,7.4424e-02,7.9857e-02,8.3511e-02,8.5289e-02,8.5134e-02,8.3030e-02,7.9008e-02,7.3147e-02,6.5571e-02,5.6455e-02,4.6012e-02,3.4489e-02,2.2159e-02,9.3111e-03,-3.7568e-03,-1.6745e-02,-2.9361e-02,-4.1319e-02,-5.2352e-02,-6.2209e-02,-7.0659e-02,-7.7504e-02,-8.2572e-02,-8.5733e-02,-8.6897e-02,-8.6022e-02,-8.3121e-02,-7.8259e-02,-7.1553e-02,-6.3174e-02,-5.3338e-02,-4.2298e-02,-3.0335e-02,-1.7748e-02,-4.8444e-03,8.0748e-03,2.0720e-02,3.2823e-02,4.4141e-02,5.4461e-02,6.3600e-02,7.1397e-02,7.7710e-02,8.2408e-02,8.5362e-02,8.6448e-02,8.5552e-02,8.2594e-02,7.7557e-02,7.0528e-02,6.1721e-02,5.1469e-02,4.0173e-02,2.8222e-02,1.5909e-02,3.3975e-03,-9.2389e-03,-2.1926e-02,-3.4481e-02,-4.6554e-02,-5.7619e-02,-6.7046e-02,-7.4173e-02,-7.8414e-02,-7.9342e-02,-7.6744e-02,-7.0656e-02,-6.1362e-02,-4.9363e-02,-3.5321e-02,-1.9986e-02,-4.0968e-03,1.1697e-02,2.6906e-02,4.1217e-02,5.4459e-02,6.6520e-02,7.7263e-02,8.6466e-02,9.3825e-02,9.9018e-02,1.0178e-01,1.0196e-01,9.9581e-02,9.4780e-02,8.7812e-02,7.8986e-02,6.8641e-02,5.7109e-02,4.4701e-02,3.1697e-02,1.8341e-02,4.8424e-03
3.2795e-03,1.3567e-02,2.4022e-02,3.4222e-02,4.3816e-02,5.2519e-02,6.0100e-02,6.6371e-02,7.1182e-02,7.4416e-02,7.5987e-02,7.5843e-02,7.3967e-02,7.0384e-02,6.5162e-02,5.8413e-02,5.0289e-02,4.0979e-02,3.0706e-02,1.9710e-02,8.2507e-03,-3.4068e-03,-1.4996e-02,-2.6255e-02,-3.6932e-02,-4.6785e-02,-5.5590e-02,-6.3142e-02,-6.9261e-02,-7.3793e-02,-7.6620e-02,-7.7659e-02,-7.6874e-02,-7.4272e-02,-6.9912e-02,-6.3899e-02,-5.6387e-02,-4.7569e-02,-3.7673e-02,-2.6954e-02,-1.5682e-02,-4.1331e-03,7.4186e-03,1.8712e-02,2.9505e-02,3.9579e-02,4.8744e-02,5.6839e-02,6.3727e-02,6.9291e-02,7.3430e-02,7.6047e-02,7.7046e-02,7.6333e-02,7.3829e-02,6.9488e-02,6.3335e-02,5.5498e-02,4.6230e-02,3.5894e-02,2.4915e-02,1.3682e-02,2.4638e-03,-8.6125e-03,-1.9528e-02,-3.0266e-02,-4.0704e-02,-5.0553e-02,-5.9344e-02,-6.6495e-02,-7.1396e-02,-7.3502e-02,-7.2425e-02,-6.7983e-02,-6.0243e-02,-4.9510e-02,-3.6307e-02,-2.1318e-02,-5.3079e-03,1.0961e-02,2.6820e-02,4.1758e-02,5.5446e-02,6.7701e-02,7.8414e-02,8.7468e-02,9.4679e-02,9.9806e-02,1.0260e-01,1.0288e-01,1.0060e-01,9.5840e-02,8.8828e-02,7.9875e-02,6.9339e-02,5.7586e-02,4.4962e-02,3.1780e-02,1.8307e-02,4.7664e-03
3.0794e-03,1.1856e-02,2.0776e-02,2.9467e-02,3.7629e-02,4.5021e-02,5.1453e-02,5.6771e-02,6.0851e-02,6.3596e-02,6.4932e-02,6.4812e-02,6.3219e-02,6.0170e-02,5.5719e-02,4.9959e-02,4.3017e-02,3.5057e-02,2.6266e-02,1.6853e-02,7.0383e-03,-2.9491e-03,-1.2882e-02,-2.2535e-02,-3.1691e-02,-4.0144e-02,-4.7702e-02,-5.4188e-02,-5.9447e-02,-6.3347e-02,-6.5784e-02,-6.6686e-02,-6.6020e-02,-6.3789e-02,-6.0043e-02,-5.4870e-02,-4.8402e-02,-4.0805e-02,-3.2277e-02,-2.3040e-02,-1.3328e-02,-3.3836e-03,6.5559e-03,1.6261e-02,2.5520e-02,3.4145e-02,4.1971e-02,4.8861e-02,5.4702e-02,5.9403e-02,6.2886e-02,6.5085e-02,6.5934e-02,6.5364e-02,6.3312e-02,5.9727e-02,5.4594e-02,4.7971e-02,4.0017e-02,3.1010e-02,2.1326e-02,1.1383e-02,1.5433e-03,-7.9670e-03,-1.7084e-02,-2.5859e-02,-3.4342e-02,-4.2477e-02,-5.0027e-02,-5.6579e-02,-6.1589e-02,-6.4485e-02,-6.4755e-02,-6.2039e-02,-5.6180e-02,-4.7264e-02,-3.5614e-02,-2.1772e-02,-6.4314e-03,9.6238e-03,2.5621e-02,4.0880e-02,5.4885e-02,6.7303e-02,7.7962e-02,8.6777e-02,9.3673e-02,9.8528e-02,1.0118e-01,1.0146e-01,9.9278e-02,9.4673e-02,8.7808e-02,7.8961e-02,6.8485e-02,5.6765e-02,4.4174e-02,3.1053e-02,1.7696e-02,4.3436e-03
2.8361e-03,9.8896e-03,1.7060e-02,2.4033e-02,3.0566e-02,3.6472e-02,4.1601e-02,4.5841e-02,4.9098e-02,5.1296e-02,5.2376e-02,5.2294e-02,5.1034e-02,4.8601e-02,4.5033e-02,4.0401e-02,3.4807e-02,2.8379e-02,2.1271e-02,1.3650e-02,5.6978e-03,-2.3990e-03,-1.0456e-02,-1.8289e-02,-2.5722e-02,-3.2587e-02,-3.8729e-02,-4.4006e-02,-4.8289e-02,-5.1473e-02,-5.3470e-02,-5.4222e-02,-5.3697e-02,-5.1897e-02,-4.8858e-02,-4.4650e-02,-3.9379e-02,-3.3180e-02,-2.6215e-02,-1.8667e-02,-1.0730e-02,-2.6057e-03,5.5062e-03,1.3416e-02,2.0947e-02,2.7943e-02,3.4270e-02,3.9818e-02,4.4498e-02,4.8243e-02,5.1000e-02,5.2727e-02,5.3384e-02,5.2930e-02,5.1322e-02,4.8517e-02,4.4488e-02,3.9245e-02,3.2863e-02,2.5514e-02,1.7482e-02,9.1297e-03,8.4608e-04,-7.0575e-03,-1.4421e-02,-2.1257e-02,-2.7690e-02,-3.3840e-02,-3.9707e-02,-4.5100e-02,-4.9642e-02,-5.2821e-02,-5.4089e-02,-5.2958e-02,-4.9083e-02,-4.2328e-02,-3.2794e-02,-2.0819e-02,-6.9530e-03,8.0966e-03,2.3544e-02,3.8615e-02,5.2633e-02,6.5093e-02,7.5683e-02,8.4263e-02,9.0793e-02,9.5258e-02,9.7612e-02,9.7775e-02,9.5671e-02,9.1295e-02,8.4746e-02,7.6242e-02,6.6102e-02,5.4695e-02,4.2405e-02,2.9597e-02,1.6584e-02,3.6304e-03
2.5600e-03,7.7168e-03,1.2962e-02,1.8048e-02,2.2794e-02,2.7066e-02,3.0771e-02,3.3832e-02,3.6192e-02,3.7798e-02,3.8605e-02,3.8576e-02,3.7689e-02,3.5939e-02,3.3347e-02,2.9958e-02,2.5843e-02,2.1095e-02,1.5827e-02,1.0168e-02,4.2542e-03,-1.7752e-03,-7.7791e-03,-1.3620e-02,-1.9165e-02,-2.4291e-02,-2.8881e-02,-3.2830e-02,-3.6043e-02,-3.8439e-02,-3.9954e-02,-4.0540e-02,-4.0173e-02,-3.8848e-02,-3.6590e-02,-3.3448e-02,-2.9498e-02,-2.4840e-02,-1.9597e-02,-1.3909e-02,-7.9259e-03,-1.8040e-03,4.3003e-03,1.0240e-02,1.5878e-02,2.1094e-02,2.5789e-02,2.9881e-02,3.3308e-02,3.6029e-02,3.8010e-02,3.9233e-02,3.9680e-02,3.9332e-02,3.8166e-02,3.6155e-02,3.3272e-02,2.9499e-02,2.4855e-02,1.9418e-02,1.3354e-02,6.9243e-03,4.5837e-04,-5.7087e-03,-1.1331e-02,-1.6329e-02,-2.0790e-02,-2.4912e-02,-2.8870e-02,-3.2709e-02,-3.6266e-02,-3.9189e-02,-4.0981e-02,-4.1111e-02,-3.9103e-02,-3.4629e-02,-2.7564e-02,-1.8021e-02,-6.3478e-03,6.9002e-03,2.1016e-02,3.5221e-02,4.8756e-02,6.0969e-02,7.1387e-02,7.9743e-02,8.5947e-02,9.0023e-02,9.2028e-02,9.1993e-02,8.9916e-02,8.5800e-02,7.9700e-02,7.1760e-02,6.2230e-02,5.1436e-02,3.9741e-02,2.7511e-02,1.5078e-02,2.7220e-03
2.2609e-03,5.3910e-03,8.5813e-03,1.1654e-02,1.4492e-02,1.7026e-02,1.9212e-02,2.1022e-02,2.2430e-02,2.3412e-02,2.3935e-02,2.3968e-02,2.3485e-02,2.2469e-02,2.0920e-02,1.8857e-02,1.6318e-02,1.3358e-02,1.0050e-02,6.4784e-03,2.7299e-03,-1.1004e-03,-4.9206e-03,-8.6410e-03,-1.2177e-02,-1.5449e-02,-1.8385e-02,-2.0916e-02,-2.2985e-02,-2.4539e-02,-2.5537e-02,-2.5945e-02,-2.5743e-02,-2.4923e-02,-2.3498e-02,-2.1493e-02,-1.8954e-02,-1.5944e-02,-1.2544e-02,-8.8477e-03,-4.9572e-03,-9.8014e-04,2.9757e-03,6.8066e-03,1.0421e-02,1.3739e-02,1.6696e-02,1.9244e-02,2.1351e-02,2.2996e-02,2.4173e-02,2.4878e-02,2.5114e-02,2.4879e-02,2.4166e-02,2.2961e-02,2.1242e-02,1.8981e-02,1.6159e-02,1.2786e-02,8.9187e-03,4.6954e-03,3.3683e-04,-3.8810e-03,-7.6891e-03,-1.0918e-02,-1.3564e-02,-1.5785e-02,-1.7835e-02,-1.9932e-02,-2.2144e-02,-2.4327e-02,-2.6133e-02,-2.7076e-02,-2.6630e-02,-2.4332e-02,-1.9862e-02,-1.3106e-02,-4.1816e-03,6.5582e-03,1.8564e-02,3.1144e-02,4.3544e-02,5.5040e-02,6.5027e-02,7.3087e-02,7.9016e-02,8.2788e-02,8.4498e-02,8.4272e-02,8.2208e-02,7.8369e-02,7.2806e-02,6.5609e-02,5.6945e-02,4.7061e-02,3.6267e-02,2.4903e-02,1.3296e-02,1.7389e-03
1.9474e-03,2.9682e-03,4.0211e-03,4.9993e-03,5.8565e-03,6.5847e-03,7.1959e-03,7.7082e-03,8.1328e-03,8.4692e-03,8.7011e-03,8.8020e-03,8.7417e-03,8.4902e-03,8.0259e-03,7.3397e-03,6.4363e-03,5.3323e-03,4.0582e-03,2.6501e-03,1.1496e-03,-3.9859e-04,-1.9525e-03,-3.4722e-03,-4.9207e-03,-6.2662e-03,-7.4797e-03,-8.5362e-03,-9.4127e-03,-1.0087e-02,-1.0541e-02,-1.0756e-02,-1.0719e-02,-1.0420e-02,-9.8552e-03,-9.0298e-03,-7.9584e-03,-6.6655e-03,-5.1877e-03,-3.5704e-03,-1.8663e-03,-1.3203e-04,1.5749e-03,3.2001e-03,4.6985e-03,6.0329e-03,7.1784e-03,8.1214e-03,8.8614e-03,9.4030e-03,9.7616e-03,9.9516e-03,9.9895e-03,9.8868e-03,9.6463e-03,9.2632e-03,8.7169e-03,7.9769e-03,7.0000e-03,5.7477e-03,4.1971e-03,2.3713e-03,3.5999e-04,-1.6713e-03,-3.5074e-03,-4.9510e-03,-5.9045e-03,-6.4278e-03,-6.7397e-03,-7.1300e-03,-7.8401e-03,-8.9461e-03,-1.0306e-02,-1.1571e-02,-1.2257e-02,-1.1842e-02,-9.8667e-03,-6.0181e-03,-1.8867e-04,7.5042e-03,1.6720e-02,2.6929e-02,3.7471e-02,4.7638e-02,5.6764e-02,6.4312e-02,6.9935e-02,7.3499e-02,7.5049e-02,7.4740e-02,7.2753e-02,6.9233e-02,6.4275e-02,5.7953e-02,5.0363e-02,4.1660e-02,3.2069e-02,2.1867e-02,1.1350e-02,8.0321e-04
1.6242e-03,5.0347e-04,-6.1292e-04,-1.7581e-03,-2.9101e-03,-4.0124e-03,-4.9960e-03,-5.7975e-03,-6.3684e-03,-6.6842e-03,-6.7468e-03,-6.5767e-03,-6.2091e-03,-5.6871e-03,-5.0531e-03,-4.3441e-03,-3.5908e-03,-2.8139e-03,-2.0277e-03,-1.2413e-03,-4.6215e-04,3.0494e-04,1.0511e-03,1.7666e-03,2.4375e-03,3.0497e-03,3.5861e-03,4.0307e-03,4.3702e-03,4.5951e-03,4.7007e-03,4.6885e-03,4.5665e-03,4.3467e-03,4.0454e-03,3.6792e-03,3.2638e-03,2.8129e-03,2.3341e-03,1.8299e-03,1.2993e-03,7.3896e-04,1.4310e-04,-4.9143e-04,-1.1607e-03,-1.8568e-03,-2.5624e-03,-3.2546e-03,-3.9029e-03,-4.4720e-03,-4.9298e-03,-5.2411e-03,-5.3795e-03,-5.3254e-03,-5.0695e-03,-4.6162e-03,-3.9862e-03,-3.2184e-03,-2.3696e-03,-1.5130e-03,-7.2832e-04,-8.3871e-05,3.9382e-04,7.3952e-04,1.0585e-03,1.5032e-03,2.2079e-03,3.2101e-03,4.3970e-03,5.5149e-03,6.2504e-03,6.3586e-03,5.7660e-03,4.6223e-03,3.2844e-03,2.2409e-03,2.0127e-03,3.0553e-03,5.6817e-03,1.0007e-02,1.5927e-02,2.3126e-02,3.1113e-02,3.9281e-02,4.6989e-02,5.3646e-02,5.8794e-02,6.2166e-02,6.3694e-02,6.3481e-02,6.1723e-02,5.8632e-02,5.4363e-02,4.9017e-02,4.2656e-02,3.5354e-02,2.7235e-02,1.8483e-02,9.3269e-03,2.1257e-05
1.2951e-03,-1.9495e-03,-5.2162e-03,-8.4642e-03,-1.1603e-02,-1.4516e-02,-1.7076e-02,-1.9176e-02,-2.0732e-02,-2.1695e-02,-2.2051e-02,-2.1816e-02,-2.1029e-02,-1.9745e-02,-1.8027e-02,-1.5941e-02,-1.3549e-02,-1.0910e-02,-8.0822e-03,-5.1197e-03,-2.0783e-03,9.8654e-04,4.0171e-03,6.9520e-03,9.7299e-03,1.2287e-02,1.4564e-02,1.6503e-02,1.8054e-02,1.9178e-02,1.9847e-02,2.0047e-02,1.9777e-02,1.9053e-02,1.7903e-02,1.6362e-02,1.4476e-02,1.2295e-02,9.8697e-03,7.2510e-03,4.4873e-03,1.6297e-03,-1.2748e-03,-4.1753e-03,-7.0200e-03,-9.7520e-03,-1.2312e-02,-1.4638e-02,-1.6667e-02,-1.8337e-02,-1.9591e-02,-2.0382e-02,-2.0670e-02,-2.0432e-02,-1.9659e-02,-1.8358e-02,-1.6560e-02,-1.4310e-02,-1.1687e-02,-8.7867e-03,-5.7305e-03,-2.6484e-03,3.3965e-04,3.1504e-03,5.7634e-03,8.2298e-03,1.0647e-02,1.3099e-02,1.5580e-02,1.7940e-02,1.9906e-02,2.1159e-02,2.1462e-02,2.0755e-02,1.9205e-02,1.7178e-02,1.5170e-02,1.3706e-02,1.3253e-02,1.4128e-02,1.6469e-02,2.0198e-02,2.5047e-02,3.0581e-02,3.6265e-02,4.1538e-02,4.5893e-02,4.8953e-02,5.0517e-02,5.0572e-02,4.9255e-02,4.6769e-02,4.3323e-02,3.9057e-02,3.4040e-02,2.8298e-02,2.1865e-02,1.4817e-02,7.2881e-03,-5.3426e-04
9.5900e-04,-4.3399e-03,-9.6847e-03,-1.4964e-02,-2.0022e-02,-2.4679e-02,-2.8761e-02,-3.2114e-02,-3.4623e-02,-3.6214e-02,-3.6858e-02,-3.6567e-02,-3.5382e-02,-3.3369e-02,-3.0611e-02,-2.7197e-02,-2.3222e-02,-1.8783e-02,-1.3978e-02,-8.9062e-03,-3.6701e-03,1.6257e-03,6.8742e-03,1.1966e-02,1.6791e-02,2.1239e-02,2.5208e-02,2.8600e-02,3.1332e-02,3.3335e-02,3.4559e-02,3.4973e-02,3.4572e-02,3.3372e-02,3.1408e-02,2.8739e-02,2.5434e-02,2.1577e-02,1.7262e-02,1.2581e-02,7.6377e-03,2.5318e-03,-2.6354e-03,-7.7605e-03,-1.2741e-02,-1.7471e-02,-2.1850e-02,-2.5774e-02,-2.9149e-02,-3.1884e-02,-3.3903e-02,-3.5141e-02,-3.5551e-02,-3.5107e-02,-3.3804e-02,-3.1658e-02,-2.8710e-02,-2.5026e-02,-2.0703e-02,-1.5862e-02,-1.0653e-02,-5.2527e-03,1.5677e-04,5.3999e-03,1.0346e-02,1.4924e-02,1.9146e-02,2.3065e-02,2.6732e-02,3.0107e-02,3.3024e-02,3.5202e-02,3.6332e-02,3.6191e-02,3.4744e-02,3.2177e-02,2.8874e-02,2.5344e-02,2.2130e-02,1.9710e-02,1.8431e-02,1.8461e-02,1.9775e-02,2.2159e-02,2.5256e-02,2.8610e-02,3.1742e-02,3.4224e-02,3.5747e-02,3.6157e-02,3.5467e-02,3.3810e-02,3.1372e-02,2.8322e-02,2.4751e-02,2.0681e-02,1.6083e-02,1.0937e-02,5.2674e-03,-8.3321e-04
6.1838e-04,-6.6197e-03,-1.3922e-02,-2.1112e-02,-2.7972e-02,-3.4267e-02,-3.9777e-02,-4.4308e-02,-4.7714e-02,-4.9900e-02,-5.0823e-02,-5.0488e-02,-4.8938e-02,-4.6249e-02,-4.2518e-02,-3.7860e-02,-3.2397e-02,-2.6260e-02,-1.9587e-02,-1.2520e-02,-5.2059e-03,2.2052e-03,9.5578e-03,1.6696e-02,2.3462e-02,2.9705e-02,3.5280e-02,4.0053e-02,4.3908e-02,4.6749e-02,4.8505e-02,4.9132e-02,4.8617e-02,4.6977e-02,4.4256e-02,4.0528e-02,3.5888e-02,3.0450e-02,2.4342e-02,1.7704e-02,1.0683e-02,3.4292e-03,-3.9026e-03,-1.1159e-02,-1.8186e-02,-2.4832e-02,-3.0952e-02,-3.6404e-02,-4.1060e-02,-4.4804e-02,-4.7538e-02,-4.9185e-02,-4.9690e-02,-4.9026e-02,-4.7192e-02,-4.4218e-02,-4.0162e-02,-3.5113e-02,-2.9189e-02,-2.2539e-02,-1.5342e-02,-7.8022e-03,-1.4942e-04,7.3842e-03,1.4582e-02,2.1271e-02,2.7349e-02,3.2795e-02,3.7639e-02,4.1903e-02,4.5534e-02,4.8357e-02,5.0099e-02,5.0466e-02,4.9265e-02,4.6488e-02,4.2348e-02,3.7258e-02,3.1751e-02,2.6393e-02,2.1695e-02,1.8042e-02,1.5655e-02,1.4566e-02,1.4634e-02,1.5577e-02,1.7017e-02,1.8548e-02,1.9803e-02,2.0514e-02,2.0544e-02,1.9898e-02,1.8677e-02,1.7013e-02,1.5011e-02,1.2699e-02,1.0029e-02,6.9159e-03,3.2848e-03,-8.8344e-04
2.6980e-04,-8.7463e-03,-1.7840e-02,-2.6773e-02,-3.5274e-02,-4.3060e-02,-4.9868e-02,-5.5472e-02,-5.9699e-02,-6.2434e-02,-6.3620e-02,-6.3255e-02,-6.1383e-02,-5.8087e-02,-5.3478e-02,-4.7688e-02,-4.0865e-02,-3.3174e-02,-2.4786e-02,-1.5881e-02,-6.6507e-03,2.7122e-03,1.2007e-02,2.1036e-02,2.9596e-02,3.7498e-02,4.4556e-02,5.0604e-02,5.5498e-02,5.9115e-02,6.1368e-02,6.2199e-02,6.1589e-02,5.9555e-02,5.6149e-02,5.1457e-02,4.5594e-02,3.8703e-02,3.0944e-02,2.2497e-02,1.3550e-02,4.3027e-03,-5.0442e-03,-1.4286e-02,-2.3223e-02,-3.1655e-02,-3.9396e-02,-4.6270e-02,-5.2113e-02,-5.6788e-02,-6.0175e-02,-6.2186e-02,-6.2760e-02,-6.1869e-02,-5.9521e-02,-5.5759e-02,-5.0661e-02,-4.4340e-02,-3.6942e-02,-2.8645e-02,-1.9654e-02,-1.0200e-02,-5.4085e-04,9.0559e-03,1.8317e-02,2.6998e-02,3.4899e-02,4.1898e-02,4.7955e-02,5.3083e-02,5.7296e-02,6.0530e-02,6.2616e-02,6.3296e-02,6.2306e-02,5.9487e-02,5.4871e-02,4.8709e-02,4.1449e-02,3.3663e-02,2.5953e-02,1.8876e-02,1.2870e-02,8.2088e-03,4.9956e-03,3.1562e-03,2.4747e-03,2.6363e-03,3.2871e-03,4.0909e-03,4.7886e-03,5.2311e-03,5.3820e-03,5.2798e-03,4.9862e-03,4.5242e-03,3.8454e-03,2.8368e-03,1.3543e-03,-7.2003e-04
-8.6136e-05,-1.0679e-02,-2.1355e-02,-3.1824e-02,-4.1765e-02,-5.0858e-02,-5.8804e-02,-6.5351e-02,-7.0300e-02,-7.3523e-02,-7.4949e-02,-7.4569e-02,-7.2427e-02,-6.8609e-02,-6.3233e-02,-5.6450e-02,-4.8431e-02,-3.9362e-02,-2.9449e-02,-1.8909e-02,-7.9676e-03,3.1398e-03,1.4173e-02,2.4892e-02,3.5058e-02,4.4442e-02,5.2827e-02,6.0016e-02,6.5839e-02,7.0153e-02,7.2854e-02,7.3873e-02,7.3186e-02,7.0811e-02,6.6802e-02,6.1259e-02,5.4314e-02,4.6132e-02,3.6902e-02,2.6836e-02,1.6164e-02,5.1235e-03,-6.0361e-03,-1.7068e-02,-2.7726e-02,-3.7770e-02,-4.6972e-02,-5.5123e-02,-6.2033e-02,-6.7537e-02,-7.1502e-02,-7.3828e-02,-7.4447e-02,-7.3335e-02,-7.0507e-02,-6.6020e-02,-5.9975e-02,-5.2507e-02,-4.3792e-02,-3.4036e-02,-2.3473e-02,-1.2358e-02,-9.6846e-04,1.0404e-02,2.1461e-02,3.1911e-02,4.1488e-02,4.9984e-02,5.7266e-02,6.3286e-02,6.8052e-02,7.1570e-02,7.3784e-02,7.4536e-02,7.3595e-02,7.0738e-02,6.5852e-02,5.9019e-02,5.0541e-02,4.0914e-02,3.0755e-02,2.0720e-02,1.1415e-02,3.3295e-03,-3.1983e-03,-8.0130e-03,-1.1133e-02,-1.2724e-02,-1.3067e-02,-1.2495e-02,-1.1342e-02,-9.8872e-03,-8.3222e-03,-6.7520e-03,-5.2113e-03,-3.7263e-03,-2.3580e-03,-1.2266e-03,-5.0951e-04,-3.9310e-04
-4.4943e-04,-1.2383e-02,-2.4397e-02,-3.6156e-02,-4.7304e-02,-5.7488e-02,-6.6384e-02,-7.3716e-02,-7.9274e-02,-8.2910e-02,-8.4546e-02,-8.4166e-02,-8.1809e-02,-7.7562e-02,-7.1552e-02,-6.3938e-02,-5.4909e-02,-4.4673e-02,-3.3463e-02,-2.1525e-02,-9.1197e-03,3.4842e-03,1.6010e-02,2.8181e-02,3.9727e-02,5.0384e-02,5.9907e-02,6.8076e-02,7.4695e-02,7.9609e-02,8.2695e-02,8.3881e-02,8.3134e-02,8.0472e-02,7.5957e-02,6.9693e-02,6.1828e-02,5.2544e-02,4.2056e-02,3.0603e-02,1.8447e-02,5.8635e-03,-6.8610e-03,-1.9438e-02,-3.1583e-02,-4.3018e-02,-5.3482e-02,-6.2735e-02,-7.0561e-02,-7.6776e-02,-8.1233e-02,-8.3819e-02,-8.4466e-02,-8.3150e-02,-7.9895e-02,-7.4771e-02,-6.7898e-02,-5.9438e-02,-4.9592e-02,-3.8595e-02,-2.6707e-02,-1.4209e-02,-1.3916e-03,1.1438e-02,2.3971e-02,3.5893e-02,4.6904e-02,5.6736e-02,6.5178e-02,7.2097e-02,7.7443e-02,8.1227e-02,8.3461e-02,8.4098e-02,8.3008e-02,8.0001e-02,7.4901e-02,6.7660e-02,5.8418e-02,4.7538e-02,3.5574e-02,2.3199e-02,1.1115e-02,-1.8887e-05,-9.6611e-03,-1.7435e-02,-2.3144e-02,-2.6776e-02,-2.8475e-02,-2.8517e-02,-2.7244e-02,-2.5015e-02,-2.2157e-02,-1.8924e-02,-1.5493e-02,-1.1988e-02,-8.5216e-03,-5.2293e-03,-2.3012e-03,4.3660e-05
-8.1581e-04,-1.3825e-02,-2.6902e-02,-3.9680e-02,-5.1773e-02,-6.2807e-02,-7.2440e-02,-8.0385e-02,-8.6418e-02,-9.0382e-02,-9.2191e-02,-9.1821e-02,-8.9308e-02,-8.4734e-02,-7.8233e-02,-6.9967e-02,-6.0138e-02,-4.8972e-02,-3.6722e-02,-2.3658e-02,-1.0068e-02,3.7473e-03,1.7484e-02,3.0835e-02,4.3499e-02,5.5190e-02,6.5637e-02,7.4598e-02,8.1863e-02,8.7261e-02,9.0663e-02,9.1984e-02,9.1193e-02,8.8305e-02,8.3385e-02,7.6543e-02,6.7940e-02,5.7768e-02,4.6263e-02,3.3688e-02,2.0328e-02,6.4921e-03,-7.5043e-03,-2.1339e-02,-3.4694e-02,-4.7262e-02,-5.8753e-02,-6.8901e-02,-7.7470e-02,-8.4261e-02,-8.9111e-02,-9.1903e-02,-9.2564e-02,-9.1073e-02,-8.7460e-02,-8.1810e-02,-7.4258e-02,-6.4987e-02,-5.4225e-02,-4.2232e-02,-2.9292e-02,-1.5703e-02,-1.7779e-03,1.2173e-02,2.5834e-02,3.8888e-02,5.1023e-02,6.1941e-02,7.1380e-02,7.9134e-02,8.5078e-02,8.9170e-02,9.1427e-02,9.1877e-02,9.0498e-02,8.7196e-02,8.1834e-02,7.4304e-02,6.4624e-02,5.3007e-02,3.9882e-02,2.5861e-02,1.1668e-02,-1.9462e-03,-1.4289e-02,-2.4790e-02,-3.3048e-02,-3.8854e-02,-4.2190e-02,-4.3216e-02,-4.2223e-02,-3.9586e-02,-3.5713e-02,-3.0987e-02,-2.5736e-02,-2.0216e-02,-1.4632e-02,-9.1722e-03,-4.0410e-03,5.2371e-04
-1.1794e-03,-1.4974e-02,-2.8819e-02,-4.2321e-02,-5.5078e-02,-6.6701e-02,-7.6844e-02,-8.5213e-02,-9.1576e-02,-9.5772e-02,-9.7710e-02,-9.7357e-02,-9.4744e-02,-8.9953e-02,-8.3109e-02,-7.4385e-02,-6.3985e-02,-5.2147e-02,-3.9136e-02,-2.5245e-02,-1.0780e-02,3.9349e-03,1.8571e-02,3.2799e-02,4.6295e-02,5.8753e-02,6.9885e-02,7.9434e-02,8.7177e-02,9.2933e-02,9.6567e-02,9.7990e-02,9.7167e-02,9.4114e-02,8.8897e-02,8.1633e-02,7.2485e-02,6.1660e-02,4.9404e-02,3.5998e-02,2.1747e-02,6.9819e-03,-7.9569e-03,-2.2725e-02,-3.6978e-02,-5.0386e-02,-6.2638e-02,-7.3451e-02,-8.2572e-02,-8.9787e-02,-9.4928e-02,-9.7868e-02,-9.8535e-02,-9.6908e-02,-9.3024e-02,-8.6977e-02,-7.8917e-02,-6.9044e-02,-5.7606e-02,-4.4884e-02,-3.1180e-02,-1.6815e-02,-2.1082e-03,1.2621e-02,2.7055e-02,4.0883e-02,5.3797e-02,6.5492e-02,7.5684e-02,8.4122e-02,9.0614e-02,9.5049e-02,9.7399e-02,9.7701e-02,9.6007e-02,9.2331e-02,8.6632e-02,7.8837e-02,6.8909e-02,5.6945e-02,4.3232e-02,2.8261e-02,1.2695e-02,-2.7033e-03,-1.7155e-02,-2.9951e-02,-4.0517e-02,-4.8456e-02,-5.3576e-02,-5.5880e-02,-5.5560e-02,-5.2948e-02,-4.8468e-02,-4.2580e-02,-3.5736e-02,-2.8329e-02,-2.0690e-02,-1.3093e-02,-5.7890e-03,9.6447e-04
-1.5284e-03,-1.5806e-02,-3.0107e-02,-4.4026e-02,-5.7151e-02,-6.9094e-02,-7.9508e-02,-8.8100e-02,-9.4641e-02,-9.8967e-02,-1.0098e-01,-1.0065e-01,-9.7994e-02,-9.3091e-02,-8.6063e-02,-7.7078e-02,-6.6345e-02,-5.4106e-02,-4.0635e-02,-2.6234e-02,-1.1225e-02,4.0520e-03,1.9253e-02,3.4033e-02,4.8054e-02,6.0994e-02,7.2555e-02,8.2471e-02,9.0511e-02,9.6490e-02,1.0027e-01,1.0175e-01,1.0091e-01,9.7755e-02,9.2355e-02,8.4827e-02,7.5341e-02,6.4109e-02,5.1386e-02,3.7462e-02,2.2657e-02,7.3130e-03,-8.2134e-03,-2.3561e-02,-3.8372e-02,-5.2303e-02,-6.5030e-02,-7.6256e-02,-8.5721e-02,-9.3203e-02,-9.8525e-02,-1.0156e-01,-1.0223e-01,-1.0051e-01,-9.6457e-02,-9.0158e-02,-8.1778e-02,-7.1531e-02,-5.9676e-02,-4.6509e-02,-3.2351e-02,-1.7528e-02,-2.3729e-03,1.2791e-02,2.7649e-02,4.1896e-02,5.5234e-02,6.7370e-02,7.8021e-02,8.6918e-02,9.3831e-02,9.8586e-02,1.0110e-01,1.0136e-01,9.9436e-02,9.5419e-02,8.9370e-02,8.1307e-02,7.1229e-02,5.9177e-02,4.5323e-02,3.0017e-02,1.3805e-02,-2.6194e-03,-1.8472e-02,-3.2974e-02,-4.5428e-02,-5.5278e-02,-6.2161e-02,-6.5918e-02,-6.6601e-02,-6.4443e-02,-5.9828e-02,-5.3232e-02,-4.5175e-02,-3.6162e-02,-2.6650e-02,-1.7027e-02,-7.6244e-03,1.2576e-03
-1.8491e-03,-1.6296e-02,-3.0735e-02,-4.4756e-02,-5.7951e-02,-6.9940e-02,-8.0383e-02,-8.8997e-02,-9.5559e-02,-9.9907e-02,-1.0194e-01,-1.0163e-01,-9.8988e-02,-9.4078e-02,-8.7021e-02,-7.7978e-02,-6.7155e-02,-5.4793e-02,-4.1170e-02,-2.6589e-02,-1.1382e-02,4.1067e-03,1.9524e-02,3.4517e-02,4.8739e-02,6.1863e-02,7.3588e-02,8.3641e-02,9.1791e-02,9.7851e-02,1.0168e-01,1.0319e-01,1.0233e-01,9.9140e-02,9.3670e-02,8.6045e-02,7.6433e-02,6.5050e-02,5.2153e-02,3.8038e-02,2.3030e-02,7.4733e-03,-8.2673e-03,-2.3825e-02,-3.8839e-02,-5.2960e-02,-6.5860e-02,-7.7239e-02,-8.6834e-02,-9.4418e-02,-9.9810e-02,-1.0288e-01,-1.0355e-01,-1.0181e-01,-9.7682e-02,-9.1289e-02,-8.2789e-02,-7.2406e-02,-6.0406e-02,-4.7093e-02,-3.2791e-02,-1.7838e-02,-2.5683e-03,1.2694e-02,2.7635e-02,4.1959e-02,5.5382e-02,6.7626e-02,7.8423e-02,8.7512e-02,9.4651e-02,9.9634e-02,1.0232e-01,1.0265e-01,1.0065e-01,9.6436e-02,9.0131e-02,8.1858e-02,7.1697e-02,5.9718e-02,4.6037e-02,3.0886e-02,1.4668e-02,-2.0477e-03,-1.8551e-02,-3.4069e-02,-4.7846e-02,-5.9221e-02,-6.7682e-02,-7.2913e-02,-7.4811e-02,-7.3476e-02,-6.9197e-02,-6.2407e-02,-5.3632e-02,-4.3439e-02,-3.2381e-02,-2.0961e-02,-9.6139e-03,1.2897e-03
-2.1226e-03,-1.6422e-02,-3.0681e-02,-4.4493e-02,-5.7463e-02,-6.9227e-02,-7.9462e-02,-8.7900e-02,-9.4327e-02,-9.8592e-02,-1.0060e-01,-1.0030e-01,-9.7714e-02,-9.2899e-02,-8.5965e-02,-7.7064e-02,-6.6393e-02,-5.4189e-02,-4.0723e-02,-2.6297e-02,-1.1241e-02,4.1034e-03,1.9382e-02,3.4241e-02,4.8338e-02,6.1344e-02,7.2961e-02,8.2919e-02,9.0989e-02,9.6987e-02,1.0077e-01,1.0226e-01,1.0141e-01,9.8240e-02,9.2817e-02,8.5261e-02,7.5737e-02,6.4462e-02,5.1690e-02,3.7714e-02,2.2855e-02,7.4595e-03,-8.1164e-03,-2.3511e-02,-3.8367e-02,-5.2341e-02,-6.5109e-02,-7.6379e-02,-8.5885e-02,-9.3405e-02,-9.8757e-02,-1.0181e-01,-1.0248e-01,-1.0076e-01,-9.6683e-02,-9.0354e-02,-8.1941e-02,-7.1666e-02,-5.9795e-02,-4.6634e-02,-3.2507e-02,-1.7748e-02,-2.6916e-03,1.2341e-02,2.7042e-02,4.1123e-02,5.4314e-02,6.6355e-02,7.6998e-02,8.6004e-02,9.3140e-02,9.8198e-02,1.0101e-01,1.0146e-01,9.9548e-02,9.5332e-02,8.8965e-02,8.0632e-02,7.0504e-02,5.8727e-02,4.5429e-02,3.0781e-02,1.5062e-02,-1.3041e-03,-1.7739e-02,-3.3552e-02,-4.8004e-02,-6.0383e-02,-7.0082e-02,-7.6651e-02,-7.9830e-02,-7.9575e-02,-7.6041e-02,-6.9564e-02,-6.0620e-02,-4.9777e-02,-3.7638e-02,-2.4786e-02,-1.1762e-02,9.7530e-04
-2.3247e-03,-1.6168e-02,-2.9935e-02,-4.3235e-02,-5.5696e-02,-6.6976e-02,-7.6777e-02,-8.4847e-02,-9.0993e-02,-9.5070e-02,-9.6987e-02,-9.6702e-02,-9.4222e-02,-8.9600e-02,-8.2934e-02,-7.4368e-02,-6.4085e-02,-5.2311e-02,-3.9307e-02,-2.5365e-02,-1.0804e-02,4.0434e-03,1.8831e-02,3.3216e-02,4.6862e-02,5.9453e-02,7.0694e-02,8.0329e-02,8.8133e-02,9.3928e-02,9.7580e-02,9.9006e-02,9.8171e-02,9.5090e-02,8.9830e-02,8.2507e-02,7.3285e-02,6.2373e-02,5.0018e-02,3.6507e-02,2.2149e-02,7.2775e-03,-7.7634e-03,-2.2627e-02,-3.6973e-02,-5.0471e-02,-6.2812e-02,-7.3711e-02,-8.2916e-02,-9.0208e-02,-9.5410e-02,-9.8389e-02,-9.9068e-02,-9.7424e-02,-9.3498e-02,-8.7393e-02,-7.9268e-02,-6.9340e-02,-5.7871e-02,-4.5156e-02,-3.1511e-02,-1.7264e-02,-2.7383e-03,1.1751e-02,2.5907e-02,3.9451e-02,5.2122e-02,6.3682e-02,7.3902e-02,8.2568e-02,8.9472e-02,9.4423e-02,9.7250e-02,9.7828e-02,9.6094e-02,9.2077e-02,8.5893e-02,7.7737e-02,6.7841e-02,5.6423e-02,4.3674e-02,2.9766e-02,1.4906e-02,-6.1271e-04,-1.6364e-02,-3.1792e-02,-4.6244e-02,-5.9032e-02,-6.9508e-02,-7.7128e-02,-8.1504e-02,-8.2442e-02,-7.9948e-02,-7.4225e-02,-6.5651e-02,-5.4734e-02,-4.2067e-02,-2.8276e-02,-1.3968e-02,3.0567e-04
-2.4301e-03,-1.5516e-02,-2.8494e-02,-4.0999e-02,-5.2685e-02,-6.3241e-02,-7.2397e-02,-7.9927e-02,-8.5656e-02,-8.9451e-02,-9.1231e-02,-9.0954e-02,-8.8624e-02,-8.4284e-02,-7.8025e-02,-6.9975e-02,-6.0304e-02,-4.9221e-02,-3.6970e-02,-2.3827e-02,-1.0091e-02,3.9207e-03,1.7881e-02,3.1463e-02,4.4347e-02,5.6235e-02,6.6848e-02,7.5939e-02,8.3299e-02,8.8759e-02,9.2193e-02,9.3522e-02,9.2715e-02,8.9786e-02,8.4802e-02,7.7873e-02,6.9158e-02,5.8854e-02,4.7200e-02,3.4463e-02,2.0938e-02,6.9367e-03,-7.2182e-03,-2.1206e-02,-3.4708e-02,-4.7419e-02,-5.9050e-02,-6.9335e-02,-7.8035e-02,-8.4941e-02,-8.9883e-02,-9.2732e-02,-9.3411e-02,-9.1897e-02,-8.8226e-02,-8.2490e-02,-7.4846e-02,-6.5495e-02,-5.4685e-02,-4.2696e-02,-2.9830e-02,-1.6395e-02,-2.6998e-03,1.0954e-02,2.4283e-02,3.7020e-02,4.8919e-02,5.9756e-02,6.9321e-02,7.7426e-02,8.3893e-02,8.8559e-02,9.1271e-02,9.1910e-02,9.0396e-02,8.6717e-02,8.0947e-02,7.3244e-02,6.3843e-02,5.3006e-02,4.0987e-02,2.8000e-02,1.4239e-02,-8.4884e-05,-1.4681e-02,-2.9149e-02,-4.2974e-02,-5.5557e-02,-6.6273e-02,-7.4540e-02,-7.9882e-02,-8.1972e-02,-8.0670e-02,-7.6030e-02,-6.8291e-02,-5.7855e-02,-4.5256e-02,-3.1097e-02,-1.6014e-02,-6.2051e-04
-2.4107e-03,-1.4456e-02,-2.6370e-02,-3.7817e-02,-4.8487e-02,-5.8103e-02,-6.6427e-02,-7.3264e-02,-7.8456e-02,-8.1891e-02,-8.3491e-02,-8.3223e-02,-8.1084e-02,-7.7115e-02,-7.1391e-02,-6.4027e-02,-5.5174e-02,-4.5023e-02,-3.3796e-02,-2.1743e-02,-9.1398e-03,3.7212e-03,1.6539e-02,2.9013e-02,4.0848e-02,5.1767e-02,6.1514e-02,6.9861e-02,7.6615e-02,8.1619e-02,8.4759e-02,8.5960e-02,8.5196e-02,8.2484e-02,7.7883e-02,7.1501e-02,6.3484e-02,5.4018e-02,4.3323e-02,3.1648e-02,1.9259e-02,6.4444e-03,-6.5082e-03,-1.9305e-02,-3.1662e-02,-4.3302e-02,-5.3965e-02,-6.3408e-02,-7.1411e-02,-7.7781e-02,-8.2356e-02,-8.5017e-02,-8.5688e-02,-8.4343e-02,-8.1012e-02,-7.5781e-02,-6.8789e-02,-6.0224e-02,-5.0311e-02,-3.9309e-02,-2.7493e-02,-1.5150e-02,-2.5642e-03,9.9845e-03,2.2229e-02,3.3920e-02,4.4825e-02,5.4734e-02,6.3457e-02,7.0825e-02,7.6688e-02,8.0913e-02,8.3383e-02,8.3997e-02,8.2685e-02,7.9415e-02,7.4222e-02,6.7218e-02,5.8597e-02,4.8614e-02,3.7549e-02,2.5662e-02,1.3174e-02,2.6845e-04,-1.2853e-02,-2.5931e-02,-3.8605e-02,-5.0410e-02,-6.0812e-02,-6.9249e-02,-7.5205e-02,-7.8264e-02,-7.8152e-02,-7.4774e-02,-6.8216e-02,-5.8744e-02,-4.6777e-02,-3.2851e-02,-1.7574e-02,-1.5762e-03
-2.2348e-03,-1.2980e-02,-2.3581e-02,-3.3738e-02,-4.3181e-02,-5.1671e-02,-5.9006e-02,-6.5019e-02,-6.9579e-02,-7.2588e-02,-7.3982e-02,-7.3728e-02,-7.1826e-02,-6.8307e-02,-6.3236e-02,-5.6711e-02,-4.8866e-02,-3.9864e-02,-2.9902e-02,-1.9202e-02,-8.0090e-03,3.4194e-03,1.4814e-02,2.5907e-02,3.6434e-02,4.6148e-02,5.4819e-02,6.2243e-02,6.8247e-02,7.2690e-02,7.5470e-02,7.6521e-02,7.5819e-02,7.3381e-02,6.9265e-02,6.3567e-02,5.6423e-02,4.7999e-02,3.8496e-02,2.8132e-02,1.7148e-02,5.7930e-03,-5.6779e-03,-1.7012e-02,-2.7959e-02,-3.8281e-02,-4.7747e-02,-5.6143e-02,-6.3274e-02,-6.8965e-02,-7.3072e-02,-7.5482e-02,-7.6125e-02,-7.4973e-02,-7.2054e-02,-6.7438e-02,-6.1250e-02,-5.3653e-02,-4.4847e-02,-3.5062e-02,-2.4541e-02,-1.3540e-02,-2.3130e-03,8.8883e-03,1.9820e-02,3.0253e-02,3.9974e-02,4.8787e-02,5.6517e-02,6.3016e-02,6.8153e-02,7.1826e-02,7.3948e-02,7.4453e-02,7.3292e-02,7.0439e-02,6.5912e-02,5.9779e-02,5.2178e-02,4.3322e-02,3.3468e-02,2.2888e-02,1.1832e-02,4.9546e-04,-1.0957e-02,-2.2363e-02,-3.3500e-02,-4.4057e-02,-5.3628e-02,-6.1733e-02,-6.7875e-02,-7.1594e-02,-7.2523e-02,-7.0431e-02,-6.5255e-02,-5.7103e-02,-4.6250e-02,-3.3124e-02,-1.8253e-02,-2.2336e-03
-1.8717e-03,-1.1086e-02,-2.0156e-02,-2.8824e-02,-3.6864e-02,-4.4077e-02,-5.0297e-02,-5.5388e-02,-5.9244e-02,-6.1784e-02,-6.2957e-02,-6.2734e-02,-6.1114e-02,-5.8123e-02,-5.3812e-02,-4.8264e-02,-4.1590e-02,-3.3928e-02,-2.5442e-02,-1.6322e-02,-6.7753e-03,2.9777e-03,1.2708e-02,2.2186e-02,3.1185e-02,3.9492e-02,4.6909e-02,5.3259e-02,5.8392e-02,6.2187e-02,6.4554e-02,6.5437e-02,6.4817e-02,6.2709e-02,5.9166e-02,5.4273e-02,4.8150e-02,4.0943e-02,3.2825e-02,2.3985e-02,1.4625e-02,4.9579e-03,-4.8039e-03,-1.4448e-02,-2.3766e-02,-3.2557e-02,-4.0628e-02,-4.7798e-02,-5.3900e-02,-5.8782e-02,-6.2319e-02,-6.4411e-02,-6.4997e-02,-6.4050e-02,-6.1589e-02,-5.7675e-02,-5.2409e-02,-4.5931e-02,-3.8411e-02,-3.0038e-02,-2.1023e-02,-1.1581e-02,-1.9290e-03,7.7134e-03,1.7135e-02,2.6129e-02,3.4507e-02,4.2087e-02,4.8712e-02,5.4247e-02,5.8579e-02,6.1630e-02,6.3339e-02,6.3671e-02,6.2607e-02,6.0144e-02,5.6299e-02,5.1121e-02,4.4700e-02,3.7184e-02,2.8781e-02,1.9731e-02,1.0281e-02,6.4228e-04,-9.0249e-03,-1.8598e-02,-2.7955e-02,-3.6920e-02,-4.5233e-02,-5.2536e-02,-5.8408e-02,-6.2396e-02,-6.4091e-02,-6.3160e-02,-5.9405e-02,-5.2779e-02,-4.3402e-02,-3.1552e-02,-1.7645e-02,-2.1959e-03
-1.2915e-03,-8.7764e-03,-1.6134e-02,-2.3154e-02,-2.9653e-02,-3.5474e-02,-4.0489e-02,-4.4592e-02,-4.7700e-02,-4.9752e-02,-5.0706e-02,-5.0541e-02,-4.9253e-02,-4.6862e-02,-4.3409e-02,-3.8958e-02,-3.3595e-02,-2.7431e-02,-2.0597e-02,-1.3244e-02,-5.5374e-03,2.3443e-03,1.0215e-02,1.7891e-02,2.5184e-02,3.1923e-02,3.7943e-02,4.3099e-02,4.7266e-02,5.0344e-02,5.2257e-02,5.2961e-02,5.2440e-02,5.0708e-02,4.7810e-02,4.3820e-02,3.8838e-02,3.2985e-02,2.6404e-02,1.9249e-02,1.1685e-02,3.8814e-03,-3.9922e-03,-1.1768e-02,-1.9280e-02,-2.6368e-02,-3.2881e-02,-3.8672e-02,-4.3605e-02,-4.7558e-02,-5.0427e-02,-5.2132e-02,-5.2621e-02,-5.1870e-02,-4.9892e-02,-4.6736e-02,-4.2481e-02,-3.7237e-02,-3.1138e-02,-2.4337e-02,-1.6997e-02,-9.2915e-03,-1.3966e-03,6.5104e-03,1.4254e-02,2.1662e-02,2.8564e-02,3.4805e-02,4.0243e-02,4.4754e-02,4.8241e-02,5.0639e-02,5.1908e-02,5.2036e-02,5.1033e-02,4.8922e-02,4.5733e-02,4.1518e-02,3.6336e-02,3.0285e-02,2.3505e-02,1.6177e-02,8.5070e-03,6.9714e-04,-7.0912e-03,-1.4746e-02,-2.2194e-02,-2.9354e-02,-3.6100e-02,-4.2210e-02,-4.7375e-02,-5.1210e-02,-5.3307e-02,-5.3282e-02,-5.0836e-02,-4.5781e-02,-3.8083e-02,-2.7861e-02,-1.5383e-02,-1.0476e-03
-4.6401e-04,-6.0589e-03,-1.1564e-02,-1.6817e-02,-2.1679e-02,-2.6036e-02,-2.9792e-02,-3.2873e-02,-3.5220e-02,-3.6787e-02,-3.7544e-02,-3.7474e-02,-3.6574e-02,-3.4855e-02,-3.2347e-02,-2.9093e-02,-2.5158e-02,-2.0618e-02,-1.5572e-02,-1.0128e-02,-4.4095e-03,1.4520e-03,7.3192e-03,1.3051e-02,1.8508e-02,2.3559e-02,2.8077e-02,3.1950e-02,3.5081e-02,3.7391e-02,3.8823e-02,3.9340e-02,3.8931e-02,3.7609e-02,3.5408e-02,3.2390e-02,2.8632e-02,2.4229e-02,1.9291e-02,1.3937e-02,8.2889e-03,2.4736e-03,-3.3832e-03,-9.1580e-03,-1.4731e-02,-1.9984e-02,-2.4805e-02,-2.9088e-02,-3.2732e-02,-3.5648e-02,-3.7758e-02,-3.9003e-02,-3.9344e-02,-3.8762e-02,-3.7268e-02,-3.4896e-02,-3.1704e-02,-2.7770e-02,-2.3190e-02,-1.8074e-02,-1.2538e-02,-6.7067e-03,-7.0918e-04,5.3239e-03,1.1260e-02,1.6959e-02,2.2286e-02,2.7109e-02,3.1302e-02,3.4758e-02,3.7388e-02,3.9137e-02,3.9974e-02,3.9903e-02,3.8951e-02,3.7162e-02,3.4591e-02,3.1293e-02,2.7329e-02,2.2761e-02,1.7677e-02,1.2188e-02,6.4361e-03,5.7719e-04,-5.2446e-03,-1.0921e-02,-1.6400e-02,-2.1650e-02,-2.6637e-02,-3.1267e-02,-3.5357e-02,-3.8626e-02,-4.0718e-02,-4.1256e-02,-3.9872e-02,-3.6281e-02,-3.0305e-02,-2.1905e-02,-1.1194e-02,1.5773e-03
6.3850e-04,-2.9474e-03,-6.5028e-03,-9.9132e-03,-1.3085e-02,-1.5943e-02,-1.8427e-02,-2.0489e-02,-2.2089e-02,-2.3200e-02,-2.3801e-02,-2.3877e-02,-2.3424e-02,-2.2448e-02,-2.0960e-02,-1.8989e-02,-1.6570e-02,-1.3750e-02,-1.0589e-02,-7.1544e-03,-3.5234e-03,2.2009e-04,3.9874e-03,7.6849e-03,1.1222e-02,1.4507e-02,1.7454e-02,1.9986e-02,2.2035e-02,2.3543e-02,2.4471e-02,2.4793e-02,2.4501e-02,2.3605e-02,2.2131e-02,2.0123e-02,1.7636e-02,1.4738e-02,1.1505e-02,8.0168e-03,4.3571e-03,6.0832e-04,-3.1473e-03,-6.8316e-03,-1.0369e-02,-1.3686e-02,-1.6713e-02,-1.9384e-02,-2.1640e-02,-2.3423e-02,-2.4689e-02,-2.5400e-02,-2.5534e-02,-2.5082e-02,-2.4049e-02,-2.2459e-02,-2.0346e-02,-1.7758e-02,-1.4752e-02,-1.1389e-02,-7.7403e-03,-3.8750e-03,1.2783e-04,4.1882e-03,8.2172e-03,1.2123e-02,1.5802e-02,1.9151e-02,2.2067e-02,2.4458e-02,2.6243e-02,2.7370e-02,2.7811e-02,2.7573e-02,2.6690e-02,2.5218e-02,2.3227e-02,2.0787e-02,1.7963e-02,1.4814e-02,1.1391e-02,7.7545e-03,3.9777e-03,1.5054e-04,-3.6284e-03,-7.2787e-03,-1.0756e-02,-1.4052e-02,-1.7187e-02,-2.0155e-02,-2.2893e-02,-2.5237e-02,-2.6927e-02,-2.7629e-02,-2.6969e-02,-2.4599e-02,-2.0232e-02,-1.3690e-02,-4.9263e-03,5.9638e-03
2.0403e-03,5.3984e-04,-1.0128e-03,-2.5509e-03,-4.0226e-03,-5.3909e-03,-6.6246e-03,-7.7011e-03,-8.6014e-03,-9.3091e-03,-9.8114e-03,-1.0097e-02,-1.0157e-02,-9.9882e-03,-9.5909e-03,-8.9678e-03,-8.1304e-03,-7.0936e-03,-5.8779e-03,-4.5095e-03,-3.0205e-03,-1.4458e-03,1.7331e-04,1.7927e-03,3.3669e-03,4.8479e-03,6.1910e-03,7.3517e-03,8.2907e-03,8.9754e-03,9.3833e-03,9.4979e-03,9.3155e-03,8.8433e-03,8.0981e-03,7.1055e-03,5.9001e-03,4.5214e-03,3.0122e-03,1.4161e-03,-2.2451e-04,-1.8674e-03,-3.4760e-03,-5.0152e-03,-6.4541e-03,-7.7654e-03,-8.9229e-03,-9.9044e-03,-1.0690e-02,-1.1262e-02,-1.1607e-02,-1.1714e-02,-1.1580e-02,-1.1204e-02,-1.0590e-02,-9.7516e-03,-8.7016e-03,-7.4565e-03,-6.0321e-03,-4.4483e-03,-2.7220e-03,-8.7015e-04,1.0834e-03,3.1128e-03,5.1791e-03,7.2356e-03,9.2218e-03,1.1068e-02,1.2695e-02,1.4028e-02,1.4996e-02,1.5546e-02,1.5646e-02,1.5298e-02,1.4528e-02,1.3390e-02,1.1959e-02,1.0315e-02,8.5349e-03,6.6834e-03,4.8027e-03,2.9254e-03,1.0756e-03,-7.2125e-04,-2.4298e-03,-4.0191e-03,-5.4708e-03,-6.7964e-03,-8.0399e-03,-9.2529e-03,-1.0457e-02,-1.1599e-02,-1.2530e-02,-1.2996e-02,-1.2668e-02,-1.1177e-02,-8.1716e-03,-3.3659e-03,3.4300e-03,1.2278e-02
