9.3112e-04,7.8131e-04,6.3711e-04,4.9432e-04,3.4998e-04,2.0235e-04,5.0790e-05,-1.0450e-04,-2.6263e-04,-4.2232e-04,-5.8209e-04,-7.4048e-04,-8.9613e-04,-1.0479e-03,-1.1950e-03,-1.3367e-03,-1.4725e-03,-1.6023e-03,-1.7259e-03,-1.8431e-03,-1.9538e-03,-2.0578e-03,-2.1549e-03,-2.2445e-03,-2.3264e-03,-2.3999e-03,-2.4643e-03,-2.5190e-03,-2.5632e-03,-2.5965e-03,-2.6181e-03,-2.6276e-03,-2.6246e-03,-2.6089e-03,-2.5804e-03,-2.5390e-03,-2.4851e-03,-2.4188e-03,-2.3407e-03,-2.2513e-03,-2.1513e-03,-2.0414e-03,-1.9225e-03,-1.7954e-03,-1.6610e-03,-1.5203e-03,-1.3743e-03,-1.2239e-03,-1.0700e-03,-9.1364e-04,-7.5569e-04,-5.9706e-04,-4.3862e-04,-2.8115e-04,-1.2547e-04,2.7711e-05,1.7766e-04,3.2377e-04,4.6544e-04,6.0211e-04,7.3333e-04,8.5863e-04,9.7763e-04,1.0900e-03,1.1955e-03,1.2939e-03,1.3850e-03,1.4687e-03,1.5450e-03,1.6139e-03,1.6754e-03,1.7297e-03,1.7770e-03,1.8174e-03,1.8512e-03,1.8788e-03,1.9006e-03,1.9170e-03,1.9284e-03,1.9355e-03,1.9386e-03,1.9385e-03,1.9358e-03,1.9312e-03,1.9253e-03,1.9189e-03,1.9128e-03,1.9076e-03,1.9043e-03,1.9034e-03,1.9060e-03,1.9128e-03,1.9244e-03,1.9419e-03,1.9659e-03,1.9971e-03,2.0364e-03,2.0845e-03,2.1421e-03,2.2099e-03
5.6917e-04,5.4707e-04,5.3566e-04,5.2809e-04,5.1881e-04,5.0369e-04,4.8001e-04,4.4631e-04,4.0216e-04,3.4796e-04,2.8469e-04,2.1364e-04,1.3625e-04,5.3928e-05,-3.2007e-05,-1.2042e-04,-2.1037e-04,-3.0106e-04,-3.9183e-04,-4.8214e-04,-5.7142e-04,-6.5917e-04,-7.4480e-04,-8.2769e-04,-9.0712e-04,-9.8236e-04,-1.0526e-03,-1.1170e-03,-1.1748e-03,-1.2251e-03,-1.2673e-03,-1.3007e-03,-1.3248e-03,-1.3392e-03,-1.3435e-03,-1.3377e-03,-1.3218e-03,-1.2959e-03,-1.2603e-03,-1.2152e-03,-1.1612e-03,-1.0988e-03,-1.0287e-03,-9.5145e-04,-8.6781e-04,-7.7853e-04,-6.8436e-04,-5.8609e-04,-4.8448e-04,-3.8028e-04,-2.7427e-04,-1.6715e-04,-5.9638e-05,4.7598e-05,1.5389e-04,2.5871e-04,3.6137e-04,4.6145e-04,5.5839e-04,6.5179e-04,7.4122e-04,8.2637e-04,9.0684e-04,9.8241e-04,1.0529e-03,1.1180e-03,1.1777e-03,1.2319e-03,1.2805e-03,1.3236e-03,1.3613e-03,1.3935e-03,1.4205e-03,1.4425e-03,1.4597e-03,1.4724e-03,1.4810e-03,1.4857e-03,1.4871e-03,1.4856e-03,1.4817e-03,1.4759e-03,1.4688e-03,1.4610e-03,1.4531e-03,1.4457e-03,1.4395e-03,1.4352e-03,1.4336e-03,1.4353e-03,1.4411e-03,1.4516e-03,1.4676e-03,1.4898e-03,1.5190e-03,1.5558e-03,1.6010e-03,1.6552e-03,1.7191e-03,1.7932e-03
2.7416e-04,3.6823e-04,4.8190e-04,6.0577e-04,7.3164e-04,8.5273e-04,9.6379e-04,1.0611e-03,1.1423e-03,1.2062e-03,1.2528e-03,1.2825e-03,1.2965e-03,1.2960e-03,1.2825e-03,1.2574e-03,1.2222e-03,1.1780e-03,1.1262e-03,1.0676e-03,1.0034e-03,9.3449e-04,8.6186e-04,7.8649e-04,7.0938e-04,6.3159e-04,5.5416e-04,4.7814e-04,4.0461e-04,3.3452e-04,2.6882e-04,2.0835e-04,1.5382e-04,1.0584e-04,6.4928e-05,3.1414e-05,5.4804e-06,-1.2746e-05,-2.3322e-05,-2.6376e-05,-2.2139e-05,-1.0980e-05,6.7279e-06,3.0530e-05,5.9919e-05,9.4328e-05,1.3321e-04,1.7602e-04,2.2210e-04,2.7090e-04,3.2184e-04,3.7434e-04,4.2789e-04,4.8195e-04,5.3597e-04,5.8950e-04,6.4214e-04,6.9341e-04,7.4298e-04,7.9041e-04,8.3552e-04,8.7792e-04,9.1738e-04,9.5374e-04,9.8678e-04,1.0164e-03,1.0425e-03,1.0650e-03,1.0839e-03,1.0992e-03,1.1110e-03,1.1193e-03,1.1243e-03,1.1263e-03,1.1253e-03,1.1216e-03,1.1155e-03,1.1075e-03,1.0977e-03,1.0866e-03,1.0746e-03,1.0623e-03,1.0500e-03,1.0384e-03,1.0278e-03,1.0190e-03,1.0125e-03,1.0089e-03,1.0088e-03,1.0129e-03,1.0219e-03,1.0362e-03,1.0567e-03,1.0839e-03,1.1186e-03,1.1613e-03,1.2126e-03,1.2733e-03,1.3438e-03,1.4249e-03
3.8083e-05,2.3622e-04,4.6637e-04,7.1693e-04,9.7711e-04,1.2373e-03,1.4895e-03,1.7272e-03,1.9454e-03,2.1410e-03,2.3119e-03,2.4573e-03,2.5774e-03,2.6730e-03,2.7452e-03,2.7955e-03,2.8256e-03,2.8371e-03,2.8318e-03,2.8111e-03,2.7768e-03,2.7303e-03,2.6730e-03,2.6065e-03,2.5322e-03,2.4515e-03,2.3659e-03,2.2768e-03,2.1854e-03,2.0932e-03,2.0012e-03,1.9107e-03,1.8225e-03,1.7376e-03,1.6566e-03,1.5803e-03,1.5089e-03,1.4429e-03,1.3825e-03,1.3277e-03,1.2785e-03,1.2350e-03,1.1967e-03,1.1636e-03,1.1353e-03,1.1114e-03,1.0917e-03,1.0757e-03,1.0630e-03,1.0532e-03,1.0460e-03,1.0408e-03,1.0373e-03,1.0351e-03,1.0338e-03,1.0332e-03,1.0328e-03,1.0324e-03,1.0317e-03,1.0304e-03,1.0283e-03,1.0252e-03,1.0210e-03,1.0154e-03,1.0084e-03,9.9994e-04,9.8989e-04,9.7823e-04,9.6498e-04,9.5013e-04,9.3382e-04,9.1606e-04,8.9704e-04,8.7685e-04,8.5572e-04,8.3383e-04,8.1145e-04,7.8891e-04,7.6637e-04,7.4431e-04,7.2301e-04,7.0290e-04,6.8438e-04,6.6790e-04,6.5390e-04,6.4294e-04,6.3543e-04,6.3194e-04,6.3302e-04,6.3919e-04,6.5105e-04,6.6909e-04,6.9398e-04,7.2621e-04,7.6640e-04,8.1508e-04,8.7286e-04,9.4026e-04,1.0178e-03,1.1061e-03
-1.4629e-04,1.4344e-04,4.8072e-04,8.5215e-04,1.2446e-03,1.6457e-03,2.0444e-03,2.4312e-03,2.7980e-03,3.1389e-03,3.4493e-03,3.7266e-03,3.9691e-03,4.1766e-03,4.3496e-03,4.4892e-03,4.5972e-03,4.6754e-03,4.7259e-03,4.7510e-03,4.7527e-03,4.7333e-03,4.6948e-03,4.6394e-03,4.5691e-03,4.4859e-03,4.3917e-03,4.2883e-03,4.1775e-03,4.0610e-03,3.9403e-03,3.8169e-03,3.6921e-03,3.5670e-03,3.4428e-03,3.3201e-03,3.1999e-03,3.0827e-03,2.9688e-03,2.8588e-03,2.7528e-03,2.6510e-03,2.5533e-03,2.4598e-03,2.3704e-03,2.2850e-03,2.2034e-03,2.1253e-03,2.0506e-03,1.9790e-03,1.9103e-03,1.8442e-03,1.7806e-03,1.7190e-03,1.6594e-03,1.6014e-03,1.5450e-03,1.4898e-03,1.4358e-03,1.3827e-03,1.3305e-03,1.2789e-03,1.2280e-03,1.1776e-03,1.1277e-03,1.0783e-03,1.0292e-03,9.8064e-04,9.3252e-04,8.8490e-04,8.3786e-04,7.9147e-04,7.4590e-04,7.0127e-04,6.5773e-04,6.1545e-04,5.7463e-04,5.3558e-04,4.9848e-04,4.6363e-04,4.3133e-04,4.0192e-04,3.7572e-04,3.5314e-04,3.3451e-04,3.2025e-04,3.1083e-04,3.0664e-04,3.0814e-04,3.1580e-04,3.3008e-04,3.5148e-04,3.8048e-04,4.1757e-04,4.6316e-04,5.1790e-04,5.8214e-04,6.5645e-04,7.4123e-04,8.3699e-04
-2.8545e-04,8.3338e-05,5.1777e-04,1.0032e-03,1.5245e-03,2.0668e-03,2.6160e-03,3.1593e-03,3.6854e-03,4.1848e-03,4.6501e-03,5.0758e-03,5.4580e-03,5.7948e-03,6.0854e-03,6.3302e-03,6.5306e-03,6.6885e-03,6.8062e-03,6.8865e-03,6.9321e-03,6.9461e-03,6.9312e-03,6.8903e-03,6.8261e-03,6.7415e-03,6.6388e-03,6.5206e-03,6.3892e-03,6.2467e-03,6.0951e-03,5.9364e-03,5.7722e-03,5.6041e-03,5.4334e-03,5.2613e-03,5.0889e-03,4.9170e-03,4.7464e-03,4.5778e-03,4.4115e-03,4.2480e-03,4.0875e-03,3.9303e-03,3.7765e-03,3.6261e-03,3.4792e-03,3.3358e-03,3.1958e-03,3.0592e-03,2.9258e-03,2.7956e-03,2.6685e-03,2.5444e-03,2.4231e-03,2.3047e-03,2.1889e-03,2.0758e-03,1.9652e-03,1.8571e-03,1.7515e-03,1.6484e-03,1.5476e-03,1.4492e-03,1.3532e-03,1.2596e-03,1.1685e-03,1.0800e-03,9.9391e-04,9.1054e-04,8.2986e-04,7.5203e-04,6.7713e-04,6.0532e-04,5.3670e-04,4.7151e-04,4.0985e-04,3.5195e-04,2.9802e-04,2.4829e-04,2.0302e-04,1.6242e-04,1.2681e-04,9.6480e-05,7.1684e-05,5.2876e-05,4.0269e-05,3.4277e-05,3.5219e-05,4.3503e-05,5.9551e-05,8.3685e-05,1.1629e-04,1.5783e-04,2.0871e-04,2.6928e-04,3.4000e-04,4.2119e-04,5.1337e-04,6.1681e-04
-3.8526e-04,5.0241e-05,5.7141e-04,1.1629e-03,1.8082e-03,2.4903e-03,3.1922e-03,3.8979e-03,4.5923e-03,5.2625e-03,5.8973e-03,6.4879e-03,7.0276e-03,7.5119e-03,7.9383e-03,8.3059e-03,8.6151e-03,8.8676e-03,9.0659e-03,9.2130e-03,9.3124e-03,9.3677e-03,9.3826e-03,9.3610e-03,9.3065e-03,9.2226e-03,9.1126e-03,8.9798e-03,8.8271e-03,8.6574e-03,8.4733e-03,8.2772e-03,8.0711e-03,7.8572e-03,7.6371e-03,7.4125e-03,7.1848e-03,6.9550e-03,6.7244e-03,6.4937e-03,6.2638e-03,6.0353e-03,5.8087e-03,5.5844e-03,5.3628e-03,5.1442e-03,4.9287e-03,4.7166e-03,4.5080e-03,4.3030e-03,4.1016e-03,3.9040e-03,3.7101e-03,3.5201e-03,3.3339e-03,3.1516e-03,2.9732e-03,2.7987e-03,2.6282e-03,2.4618e-03,2.2994e-03,2.1411e-03,1.9871e-03,1.8373e-03,1.6919e-03,1.5509e-03,1.4144e-03,1.2824e-03,1.1552e-03,1.0328e-03,9.1537e-04,8.0290e-04,6.9558e-04,5.9359e-04,4.9700e-04,4.0602e-04,3.2075e-04,2.4139e-04,1.6809e-04,1.0103e-04,4.0427e-05,-1.3511e-05,-6.0616e-05,-1.0061e-04,-1.3328e-04,-1.5838e-04,-1.7565e-04,-1.8483e-04,-1.8565e-04,-1.7781e-04,-1.6099e-04,-1.3495e-04,-9.9304e-05,-5.3839e-05,1.8058e-06,6.7963e-05,1.4494e-04,2.3302e-04,3.3253e-04,4.4384e-04
-4.5100e-04,3.9348e-05,6.3666e-04,1.3256e-03,2.0887e-03,2.9073e-03,3.7619e-03,4.6334e-03,5.5033e-03,6.3546e-03,7.1722e-03,7.9434e-03,8.6581e-03,9.3086e-03,9.8899e-03,1.0399e-02,1.0835e-02,1.1199e-02,1.1494e-02,1.1721e-02,1.1886e-02,1.1993e-02,1.2046e-02,1.2050e-02,1.2010e-02,1.1930e-02,1.1815e-02,1.1669e-02,1.1495e-02,1.1298e-02,1.1080e-02,1.0845e-02,1.0595e-02,1.0333e-02,1.0061e-02,9.7809e-03,9.4947e-03,9.2040e-03,8.9101e-03,8.6143e-03,8.3174e-03,8.0206e-03,7.7245e-03,7.4298e-03,7.1371e-03,6.8468e-03,6.5594e-03,6.2753e-03,5.9947e-03,5.7180e-03,5.4452e-03,5.1768e-03,4.9127e-03,4.6533e-03,4.3988e-03,4.1491e-03,3.9046e-03,3.6652e-03,3.4313e-03,3.2030e-03,2.9803e-03,2.7634e-03,2.5526e-03,2.3478e-03,2.1494e-03,1.9573e-03,1.7718e-03,1.5930e-03,1.4211e-03,1.2562e-03,1.0985e-03,9.4801e-04,8.0496e-04,6.6950e-04,5.4175e-04,4.2185e-04,3.0993e-04,2.0611e-04,1.1065e-04,2.3551e-05,-5.4968e-05,-1.2476e-04,-1.8567e-04,-2.3754e-04,-2.8020e-04,-3.1348e-04,-3.3718e-04,-3.5116e-04,-3.5521e-04,-3.4911e-04,-3.3269e-04,-3.0573e-04,-2.6803e-04,-2.1935e-04,-1.5945e-04,-8.8170e-05,-5.2759e-06,8.9491e-05,1.9635e-04,3.1555e-04
-4.8746e-04,4.6552e-05,7.0949e-04,1.4865e-03,2.3599e-03,3.3099e-03,4.3152e-03,5.3536e-03,6.4035e-03,7.4438e-03,8.4553e-03,9.4213e-03,1.0327e-02,1.1162e-02,1.1918e-02,1.2588e-02,1.3171e-02,1.3665e-02,1.4073e-02,1.4397e-02,1.4642e-02,1.4812e-02,1.4913e-02,1.4952e-02,1.4933e-02,1.4862e-02,1.4746e-02,1.4588e-02,1.4395e-02,1.4171e-02,1.3919e-02,1.3643e-02,1.3348e-02,1.3035e-02,1.2709e-02,1.2371e-02,1.2024e-02,1.1669e-02,1.1309e-02,1.0945e-02,1.0578e-02,1.0209e-02,9.8406e-03,9.4722e-03,9.1050e-03,8.7398e-03,8.3771e-03,8.0175e-03,7.6616e-03,7.3096e-03,6.9621e-03,6.6193e-03,6.2817e-03,5.9495e-03,5.6229e-03,5.3024e-03,4.9881e-03,4.6804e-03,4.3794e-03,4.0855e-03,3.7988e-03,3.5197e-03,3.2483e-03,2.9848e-03,2.7296e-03,2.4828e-03,2.2446e-03,2.0152e-03,1.7949e-03,1.5838e-03,1.3822e-03,1.1901e-03,1.0077e-03,8.3530e-04,6.7289e-04,5.2074e-04,3.7886e-04,2.4748e-04,1.2668e-04,1.6597e-05,-8.2699e-05,-1.7107e-04,-2.4840e-04,-3.1458e-04,-3.6955e-04,-4.1316e-04,-4.4536e-04,-4.6597e-04,-4.7495e-04,-4.7217e-04,-4.5750e-04,-4.3086e-04,-3.9208e-04,-3.4110e-04,-2.7778e-04,-2.0197e-04,-1.1358e-04,-1.2399e-05,1.0163e-04,2.2868e-04
-4.9903e-04,6.8368e-05,7.8670e-04,1.6421e-03,2.6174e-03,3.6921e-03,4.8434e-03,6.0472e-03,7.2786e-03,8.5129e-03,9.7269e-03,1.0899e-02,1.2011e-02,1.3047e-02,1.3996e-02,1.4847e-02,1.5596e-02,1.6241e-02,1.6781e-02,1.7220e-02,1.7561e-02,1.7809e-02,1.7972e-02,1.8055e-02,1.8066e-02,1.8011e-02,1.7899e-02,1.7734e-02,1.7524e-02,1.7273e-02,1.6988e-02,1.6672e-02,1.6330e-02,1.5966e-02,1.5583e-02,1.5185e-02,1.4775e-02,1.4353e-02,1.3924e-02,1.3488e-02,1.3048e-02,1.2605e-02,1.2160e-02,1.1715e-02,1.1270e-02,1.0827e-02,1.0385e-02,9.9469e-03,9.5121e-03,9.0816e-03,8.6558e-03,8.2353e-03,7.8205e-03,7.4118e-03,7.0098e-03,6.6148e-03,6.2272e-03,5.8473e-03,5.4756e-03,5.1123e-03,4.7579e-03,4.4127e-03,4.0769e-03,3.7510e-03,3.4351e-03,3.1297e-03,2.8349e-03,2.5511e-03,2.2786e-03,2.0175e-03,1.7681e-03,1.5306e-03,1.3052e-03,1.0921e-03,8.9145e-04,7.0345e-04,5.2818e-04,3.6580e-04,2.1642e-04,8.0108e-05,-4.3054e-05,-1.5294e-04,-2.4950e-04,-3.3275e-04,-4.0251e-04,-4.5892e-04,-5.0179e-04,-5.3113e-04,-5.4699e-04,-5.4925e-04,-5.3794e-04,-5.1301e-04,-4.7447e-04,-4.2226e-04,-3.5635e-04,-2.7674e-04,-1.8341e-04,-7.6303e-05,4.4597e-05,1.7937e-04
-4.8971e-04,1.0181e-04,8.6580e-04,1.7899e-03,2.8577e-03,4.0488e-03,5.3398e-03,6.7047e-03,8.1161e-03,9.5463e-03,1.0968e-02,1.2355e-02,1.3685e-02,1.4937e-02,1.6095e-02,1.7147e-02,1.8083e-02,1.8899e-02,1.9592e-02,2.0165e-02,2.0620e-02,2.0963e-02,2.1202e-02,2.1343e-02,2.1395e-02,2.1366e-02,2.1264e-02,2.1098e-02,2.0875e-02,2.0601e-02,2.0283e-02,1.9928e-02,1.9540e-02,1.9123e-02,1.8683e-02,1.8223e-02,1.7747e-02,1.7257e-02,1.6756e-02,1.6246e-02,1.5730e-02,1.5209e-02,1.4685e-02,1.4160e-02,1.3634e-02,1.3109e-02,1.2585e-02,1.2065e-02,1.1548e-02,1.1036e-02,1.0528e-02,1.0026e-02,9.5308e-03,9.0422e-03,8.5611e-03,8.0880e-03,7.6233e-03,7.1676e-03,6.7214e-03,6.2851e-03,5.8591e-03,5.4439e-03,5.0399e-03,4.6475e-03,4.2671e-03,3.8992e-03,3.5439e-03,3.2017e-03,2.8729e-03,2.5578e-03,2.2568e-03,1.9700e-03,1.6977e-03,1.4401e-03,1.1975e-03,9.6988e-04,7.5756e-04,5.6063e-04,3.7917e-04,2.1330e-04,6.3051e-05,-7.1538e-05,-1.9041e-04,-2.9355e-04,-3.8093e-04,-4.5263e-04,-5.0865e-04,-5.4908e-04,-5.7386e-04,-5.8313e-04,-5.7693e-04,-5.5533e-04,-5.1840e-04,-4.6622e-04,-3.9882e-04,-3.1634e-04,-2.1879e-04,-1.0630e-04,2.1088e-05,1.6337e-04
-4.6319e-04,1.4429e-04,9.4491e-04,1.9281e-03,3.0786e-03,4.3768e-03,5.7990e-03,7.3182e-03,8.9053e-03,1.0529e-02,1.2160e-02,1.3767e-02,1.5324e-02,1.6804e-02,1.8187e-02,1.9456e-02,2.0599e-02,2.1606e-02,2.2473e-02,2.3201e-02,2.3790e-02,2.4248e-02,2.4579e-02,2.4793e-02,2.4900e-02,2.4907e-02,2.4827e-02,2.4666e-02,2.4436e-02,2.4144e-02,2.3798e-02,2.3404e-02,2.2971e-02,2.2502e-02,2.2004e-02,2.1481e-02,2.0938e-02,2.0377e-02,1.9802e-02,1.9216e-02,1.8621e-02,1.8020e-02,1.7414e-02,1.6805e-02,1.6195e-02,1.5586e-02,1.4977e-02,1.4371e-02,1.3769e-02,1.3171e-02,1.2579e-02,1.1992e-02,1.1412e-02,1.0840e-02,1.0277e-02,9.7218e-03,9.1765e-03,8.6413e-03,8.1168e-03,7.6036e-03,7.1023e-03,6.6133e-03,6.1372e-03,5.6744e-03,5.2255e-03,4.7910e-03,4.3712e-03,3.9666e-03,3.5776e-03,3.2046e-03,2.8479e-03,2.5078e-03,2.1846e-03,1.8786e-03,1.5901e-03,1.3191e-03,1.0660e-03,8.3079e-04,6.1365e-04,4.1469e-04,2.3389e-04,7.1345e-05,-7.2990e-05,-1.9909e-04,-3.0700e-04,-3.9682e-04,-4.6861e-04,-5.2247e-04,-5.5853e-04,-5.7694e-04,-5.7780e-04,-5.6129e-04,-5.2757e-04,-4.7682e-04,-4.0919e-04,-3.2484e-04,-2.2399e-04,-1.0679e-04,2.6614e-05,1.7600e-04
-4.2284e-04,1.9359e-04,1.0226e-03,2.0555e-03,3.2788e-03,4.6739e-03,6.2174e-03,7.8821e-03,9.6374e-03,1.1451e-02,1.3288e-02,1.5117e-02,1.6904e-02,1.8620e-02,2.0240e-02,2.1742e-02,2.3108e-02,2.4326e-02,2.5388e-02,2.6292e-02,2.7038e-02,2.7629e-02,2.8073e-02,2.8379e-02,2.8555e-02,2.8614e-02,2.8566e-02,2.8422e-02,2.8192e-02,2.7888e-02,2.7518e-02,2.7090e-02,2.6614e-02,2.6094e-02,2.5539e-02,2.4953e-02,2.4341e-02,2.3709e-02,2.3058e-02,2.2394e-02,2.1718e-02,2.1034e-02,2.0343e-02,1.9649e-02,1.8952e-02,1.8255e-02,1.7558e-02,1.6864e-02,1.6173e-02,1.5487e-02,1.4806e-02,1.4131e-02,1.3464e-02,1.2805e-02,1.2155e-02,1.1515e-02,1.0885e-02,1.0267e-02,9.6605e-03,9.0667e-03,8.4861e-03,7.9195e-03,7.3674e-03,6.8304e-03,6.3090e-03,5.8040e-03,5.3157e-03,4.8447e-03,4.3914e-03,3.9564e-03,3.5400e-03,3.1426e-03,2.7646e-03,2.4062e-03,2.0678e-03,1.7495e-03,1.4517e-03,1.1745e-03,9.1802e-04,6.8228e-04,4.6746e-04,2.7350e-04,1.0041e-04,-5.1837e-05,-1.8334e-04,-2.9417e-04,-3.8449e-04,-4.5449e-04,-5.0424e-04,-5.3406e-04,-5.4410e-04,-5.3460e-04,-5.0586e-04,-4.5809e-04,-3.9156e-04,-3.0661e-04,-2.0343e-04,-8.2313e-05,5.6372e-05,2.1246e-04
-3.7173e-04,2.4775e-04,1.0977e-03,2.1717e-03,3.4579e-03,4.9391e-03,6.5930e-03,8.3923e-03,1.0306e-02,1.2300e-02,1.4339e-02,1.6385e-02,1.8404e-02,2.0361e-02,2.2226e-02,2.3971e-02,2.5576e-02,2.7022e-02,2.8299e-02,2.9400e-02,3.0323e-02,3.1071e-02,3.1649e-02,3.2065e-02,3.2330e-02,3.2456e-02,3.2455e-02,3.2340e-02,3.2122e-02,3.1814e-02,3.1427e-02,3.0971e-02,3.0455e-02,2.9888e-02,2.9277e-02,2.8629e-02,2.7949e-02,2.7244e-02,2.6517e-02,2.5773e-02,2.5014e-02,2.4245e-02,2.3468e-02,2.2686e-02,2.1900e-02,2.1112e-02,2.0324e-02,1.9539e-02,1.8756e-02,1.7978e-02,1.7206e-02,1.6440e-02,1.5682e-02,1.4933e-02,1.4193e-02,1.3464e-02,1.2747e-02,1.2042e-02,1.1350e-02,1.0672e-02,1.0008e-02,9.3602e-03,8.7283e-03,8.1132e-03,7.5155e-03,6.9360e-03,6.3752e-03,5.8338e-03,5.3123e-03,4.8113e-03,4.3311e-03,3.8724e-03,3.4355e-03,3.0207e-03,2.6285e-03,2.2591e-03,1.9127e-03,1.5896e-03,1.2899e-03,1.0138e-03,7.6131e-04,5.3243e-04,3.2713e-04,1.4542e-04,-1.2787e-05,-1.4769e-04,-2.5945e-04,-3.4826e-04,-4.1433e-04,-4.5797e-04,-4.7943e-04,-4.7906e-04,-4.5718e-04,-4.1411e-04,-3.5025e-04,-2.6599e-04,-1.6165e-04,-3.7631e-05,1.0566e-04,2.6783e-04
-3.1259e-04,3.0511e-04,1.1696e-03,2.2766e-03,3.6161e-03,5.1726e-03,6.9250e-03,8.8470e-03,1.0907e-02,1.3072e-02,1.5302e-02,1.7560e-02,1.9806e-02,2.2003e-02,2.4116e-02,2.6113e-02,2.7967e-02,2.9657e-02,3.1166e-02,3.2484e-02,3.3606e-02,3.4532e-02,3.5265e-02,3.5814e-02,3.6188e-02,3.6401e-02,3.6464e-02,3.6392e-02,3.6199e-02,3.5899e-02,3.5504e-02,3.5026e-02,3.4477e-02,3.3867e-02,3.3203e-02,3.2495e-02,3.1749e-02,3.0972e-02,3.0168e-02,2.9344e-02,2.8502e-02,2.7647e-02,2.6781e-02,2.5908e-02,2.5031e-02,2.4151e-02,2.3270e-02,2.2390e-02,2.1513e-02,2.0641e-02,1.9774e-02,1.8914e-02,1.8062e-02,1.7219e-02,1.6387e-02,1.5566e-02,1.4757e-02,1.3962e-02,1.3181e-02,1.2415e-02,1.1665e-02,1.0932e-02,1.0217e-02,9.5197e-03,8.8419e-03,8.1841e-03,7.5470e-03,6.9312e-03,6.3376e-03,5.7665e-03,5.2186e-03,4.6946e-03,4.1947e-03,3.7196e-03,3.2696e-03,2.8451e-03,2.4462e-03,2.0734e-03,1.7268e-03,1.4065e-03,1.1127e-03,8.4531e-04,6.0440e-04,3.8988e-04,2.0166e-04,3.9524e-05,-9.6616e-05,-2.0712e-04,-2.9221e-04,-3.5224e-04,-3.8752e-04,-3.9848e-04,-3.8547e-04,-3.4898e-04,-2.8945e-04,-2.0733e-04,-1.0313e-04,2.2680e-05,1.6961e-04,3.3720e-04
-2.4788e-04,3.6420e-04,1.2377e-03,2.3703e-03,3.7540e-03,5.3752e-03,7.2141e-03,9.2457e-03,1.1439e-02,1.3761e-02,1.6171e-02,1.8630e-02,2.1096e-02,2.3528e-02,2.5888e-02,2.8139e-02,3.0250e-02,3.2193e-02,3.3949e-02,3.5502e-02,3.6843e-02,3.7968e-02,3.8880e-02,3.9584e-02,4.0089e-02,4.0409e-02,4.0555e-02,4.0545e-02,4.0393e-02,4.0114e-02,3.9723e-02,3.9234e-02,3.8659e-02,3.8012e-02,3.7301e-02,3.6536e-02,3.5727e-02,3.4879e-02,3.4000e-02,3.3095e-02,3.2170e-02,3.1228e-02,3.0273e-02,2.9308e-02,2.8338e-02,2.7363e-02,2.6387e-02,2.5411e-02,2.4437e-02,2.3468e-02,2.2504e-02,2.1547e-02,2.0598e-02,1.9659e-02,1.8731e-02,1.7815e-02,1.6912e-02,1.6024e-02,1.5150e-02,1.4293e-02,1.3453e-02,1.2631e-02,1.1829e-02,1.1046e-02,1.0285e-02,9.5448e-03,8.8275e-03,8.1336e-03,7.4638e-03,6.8189e-03,6.1994e-03,5.6061e-03,5.0395e-03,4.5001e-03,3.9883e-03,3.5047e-03,3.0495e-03,2.6232e-03,2.2258e-03,1.8577e-03,1.5188e-03,1.2093e-03,9.2920e-04,6.7843e-04,4.5692e-04,2.6443e-04,1.0073e-04,-3.4377e-05,-1.4129e-04,-2.2036e-04,-2.7193e-04,-2.9651e-04,-2.9458e-04,-2.6664e-04,-2.1322e-04,-1.3494e-04,-3.2262e-05,9.4148e-05,2.4368e-04,4.1581e-04
-1.7969e-04,4.2382e-04,1.3016e-03,2.4533e-03,3.8728e-03,5.5482e-03,7.4617e-03,9.5895e-03,1.1902e-02,1.4365e-02,1.6941e-02,1.9587e-02,2.2262e-02,2.4921e-02,2.7522e-02,3.0025e-02,3.2394e-02,3.4599e-02,3.6612e-02,3.8413e-02,3.9991e-02,4.1336e-02,4.2448e-02,4.3329e-02,4.3989e-02,4.4438e-02,4.4690e-02,4.4761e-02,4.4668e-02,4.4426e-02,4.4054e-02,4.3565e-02,4.2976e-02,4.2300e-02,4.1549e-02,4.0734e-02,3.9864e-02,3.8950e-02,3.7997e-02,3.7014e-02,3.6005e-02,3.4977e-02,3.3932e-02,3.2875e-02,3.1810e-02,3.0740e-02,2.9666e-02,2.8593e-02,2.7520e-02,2.6452e-02,2.5388e-02,2.4332e-02,2.3284e-02,2.2246e-02,2.1220e-02,2.0206e-02,1.9206e-02,1.8221e-02,1.7252e-02,1.6300e-02,1.5367e-02,1.4453e-02,1.3560e-02,1.2689e-02,1.1839e-02,1.1014e-02,1.0213e-02,9.4371e-03,8.6875e-03,7.9649e-03,7.2700e-03,6.6036e-03,5.9663e-03,5.3588e-03,4.7814e-03,4.2349e-03,3.7196e-03,3.2358e-03,2.7839e-03,2.3641e-03,1.9766e-03,1.6214e-03,1.2986e-03,1.0082e-03,7.4997e-04,5.2385e-04,3.2961e-04,1.6678e-04,3.5194e-05,-6.5603e-05,-1.3606e-04,-1.7670e-04,-1.8813e-04,-1.7083e-04,-1.2544e-04,-5.2650e-05,4.6872e-05,1.7248e-04,3.2344e-04,4.9907e-04
-1.0985e-04,4.8292e-04,1.3612e-03,2.5261e-03,3.9737e-03,5.6936e-03,7.6700e-03,9.8805e-03,1.2297e-02,1.4887e-02,1.7611e-02,2.0430e-02,2.3297e-02,2.6170e-02,2.9002e-02,3.1751e-02,3.4377e-02,3.6843e-02,3.9119e-02,4.1181e-02,4.3008e-02,4.4591e-02,4.5923e-02,4.7005e-02,4.7842e-02,4.8444e-02,4.8824e-02,4.8999e-02,4.8985e-02,4.8800e-02,4.8463e-02,4.7990e-02,4.7399e-02,4.6705e-02,4.5923e-02,4.5065e-02,4.4142e-02,4.3165e-02,4.2143e-02,4.1084e-02,3.9994e-02,3.8880e-02,3.7746e-02,3.6598e-02,3.5438e-02,3.4271e-02,3.3099e-02,3.1926e-02,3.0754e-02,2.9584e-02,2.8420e-02,2.7262e-02,2.6113e-02,2.4974e-02,2.3846e-02,2.2732e-02,2.1632e-02,2.0547e-02,1.9480e-02,1.8431e-02,1.7401e-02,1.6393e-02,1.5406e-02,1.4442e-02,1.3502e-02,1.2587e-02,1.1699e-02,1.0838e-02,1.0005e-02,9.2009e-03,8.4269e-03,7.6836e-03,6.9719e-03,6.2924e-03,5.6457e-03,5.0325e-03,4.4532e-03,3.9084e-03,3.3982e-03,2.9231e-03,2.4833e-03,2.0788e-03,1.7098e-03,1.3762e-03,1.0780e-03,8.1492e-04,5.8684e-04,3.9337e-04,2.3421e-04,1.0882e-04,1.6809e-05,-4.2417e-05,-6.9467e-05,-6.5035e-05,-2.9716e-05,3.5636e-05,1.3042e-04,2.5371e-04,4.0476e-04,5.8277e-04
-3.9886e-05,5.4066e-04,1.4162e-03,2.5895e-03,4.0580e-03,5.8135e-03,7.8415e-03,1.0122e-02,1.2628e-02,1.5327e-02,1.8184e-02,2.1156e-02,2.4200e-02,2.7271e-02,3.0320e-02,3.3304e-02,3.6179e-02,3.8904e-02,4.1444e-02,4.3770e-02,4.5859e-02,4.7693e-02,4.9263e-02,5.0565e-02,5.1601e-02,5.2380e-02,5.2913e-02,5.3214e-02,5.3302e-02,5.3196e-02,5.2913e-02,5.2474e-02,5.1897e-02,5.1199e-02,5.0397e-02,4.9505e-02,4.8537e-02,4.7505e-02,4.6419e-02,4.5288e-02,4.4120e-02,4.2923e-02,4.1701e-02,4.0462e-02,3.9208e-02,3.7945e-02,3.6675e-02,3.5402e-02,3.4128e-02,3.2857e-02,3.1589e-02,3.0329e-02,2.9076e-02,2.7834e-02,2.6603e-02,2.5386e-02,2.4183e-02,2.2997e-02,2.1829e-02,2.0680e-02,1.9551e-02,1.8444e-02,1.7361e-02,1.6301e-02,1.5268e-02,1.4261e-02,1.3282e-02,1.2332e-02,1.1412e-02,1.0523e-02,9.6662e-03,8.8425e-03,8.0527e-03,7.2976e-03,6.5780e-03,5.8944e-03,5.2475e-03,4.6378e-03,4.0657e-03,3.5316e-03,3.0359e-03,2.5786e-03,2.1598e-03,1.7797e-03,1.4381e-03,1.1349e-03,8.6979e-04,6.4257e-04,4.5282e-04,3.0006e-04,1.8377e-04,1.0337e-04,5.8210e-05,4.7554e-05,7.0633e-05,1.2668e-04,2.1486e-04,3.3423e-04,4.8398e-04,6.6311e-04
2.8955e-05,5.9639e-04,1.4667e-03,2.6440e-03,4.1274e-03,5.9100e-03,7.9793e-03,1.0317e-02,1.2897e-02,1.5690e-02,1.8661e-02,2.1769e-02,2.4971e-02,2.8220e-02,3.1471e-02,3.4674e-02,3.7785e-02,4.0761e-02,4.3562e-02,4.6153e-02,4.8508e-02,5.0604e-02,5.2425e-02,5.3966e-02,5.5223e-02,5.6201e-02,5.6910e-02,5.7363e-02,5.7577e-02,5.7571e-02,5.7365e-02,5.6979e-02,5.6433e-02,5.5748e-02,5.4941e-02,5.4028e-02,5.3025e-02,5.1946e-02,5.0803e-02,4.9606e-02,4.8365e-02,4.7088e-02,4.5782e-02,4.4454e-02,4.3107e-02,4.1748e-02,4.0380e-02,3.9007e-02,3.7632e-02,3.6258e-02,3.4888e-02,3.3523e-02,3.2166e-02,3.0818e-02,2.9483e-02,2.8161e-02,2.6854e-02,2.5564e-02,2.4292e-02,2.3041e-02,2.1810e-02,2.0603e-02,1.9420e-02,1.8262e-02,1.7131e-02,1.6029e-02,1.4956e-02,1.3914e-02,1.2904e-02,1.1927e-02,1.0984e-02,1.0077e-02,9.2054e-03,8.3712e-03,7.5749e-03,6.8174e-03,6.0993e-03,5.4212e-03,4.7836e-03,4.1871e-03,3.6318e-03,3.1182e-03,2.6463e-03,2.2162e-03,1.8278e-03,1.4811e-03,1.1759e-03,9.1186e-04,6.8855e-04,5.0552e-04,3.6223e-04,2.5805e-04,1.9227e-04,1.6416e-04,1.7286e-04,2.1749e-04,2.9720e-04,4.1095e-04,5.5773e-04,7.3664e-04
9.5672e-05,6.4953e-04,1.5127e-03,2.6904e-03,4.1830e-03,5.9853e-03,8.0863e-03,1.0469e-02,1.3110e-02,1.5981e-02,1.9048e-02,2.2273e-02,2.5612e-02,2.9021e-02,3.2452e-02,3.5858e-02,3.9190e-02,4.2404e-02,4.5456e-02,4.8309e-02,5.0930e-02,5.3292e-02,5.5376e-02,5.7168e-02,5.8663e-02,5.9861e-02,6.0769e-02,6.1398e-02,6.1763e-02,6.1882e-02,6.1776e-02,6.1466e-02,6.0973e-02,6.0318e-02,5.9522e-02,5.8603e-02,5.7578e-02,5.6463e-02,5.5272e-02,5.4018e-02,5.2710e-02,5.1359e-02,4.9972e-02,4.8558e-02,4.7121e-02,4.5669e-02,4.4204e-02,4.2732e-02,4.1256e-02,3.9779e-02,3.8305e-02,3.6835e-02,3.5372e-02,3.3919e-02,3.2478e-02,3.1049e-02,2.9637e-02,2.8241e-02,2.6864e-02,2.5508e-02,2.4173e-02,2.2863e-02,2.1578e-02,2.0319e-02,1.9089e-02,1.7888e-02,1.6718e-02,1.5581e-02,1.4478e-02,1.3410e-02,1.2378e-02,1.1383e-02,1.0427e-02,9.5098e-03,8.6335e-03,7.7986e-03,7.0058e-03,6.2558e-03,5.5493e-03,4.8867e-03,4.2686e-03,3.6951e-03,3.1666e-03,2.6832e-03,2.2448e-03,1.8515e-03,1.5030e-03,1.1990e-03,9.3911e-04,7.2291e-04,5.4988e-04,4.1925e-04,3.3033e-04,2.8235e-04,2.7435e-04,3.0550e-04,3.7473e-04,4.8099e-04,6.2328e-04,8.0040e-04
1.5946e-04,6.9970e-04,1.5542e-03,2.7293e-03,4.2264e-03,6.0416e-03,8.1654e-03,1.0582e-02,1.3271e-02,1.6205e-02,1.9352e-02,2.2674e-02,2.6131e-02,2.9678e-02,3.3269e-02,3.6856e-02,4.0390e-02,4.3825e-02,4.7116e-02,5.0221e-02,5.3103e-02,5.5732e-02,5.8083e-02,6.0137e-02,6.1884e-02,6.3321e-02,6.4449e-02,6.5276e-02,6.5816e-02,6.6086e-02,6.6105e-02,6.5894e-02,6.5476e-02,6.4874e-02,6.4108e-02,6.3200e-02,6.2168e-02,6.1030e-02,5.9803e-02,5.8500e-02,5.7134e-02,5.5715e-02,5.4254e-02,5.2758e-02,5.1235e-02,4.9692e-02,4.8133e-02,4.6563e-02,4.4988e-02,4.3409e-02,4.1831e-02,4.0256e-02,3.8688e-02,3.7128e-02,3.5579e-02,3.4044e-02,3.2524e-02,3.1021e-02,2.9537e-02,2.8074e-02,2.6634e-02,2.5218e-02,2.3829e-02,2.2467e-02,2.1135e-02,1.9833e-02,1.8564e-02,1.7329e-02,1.6130e-02,1.4967e-02,1.3842e-02,1.2757e-02,1.1713e-02,1.0710e-02,9.7509e-03,8.8352e-03,7.9644e-03,7.1392e-03,6.3603e-03,5.6284e-03,4.9439e-03,4.3073e-03,3.7189e-03,3.1789e-03,2.6873e-03,2.2440e-03,1.8491e-03,1.5021e-03,1.2027e-03,9.5048e-04,7.4486e-04,5.8509e-04,4.7046e-04,4.0014e-04,3.7318e-04,3.8859e-04,4.4533e-04,5.4223e-04,6.7816e-04,8.5195e-04
2.1970e-04,7.4656e-04,1.5913e-03,2.7611e-03,4.2585e-03,6.0807e-03,8.2194e-03,1.0661e-02,1.3385e-02,1.6367e-02,1.9577e-02,2.2979e-02,2.6533e-02,3.0198e-02,3.3927e-02,3.7673e-02,4.1389e-02,4.5025e-02,4.8537e-02,5.1880e-02,5.5014e-02,5.7905e-02,6.0522e-02,6.2843e-02,6.4853e-02,6.6542e-02,6.7908e-02,6.8955e-02,6.9694e-02,7.0139e-02,7.0308e-02,7.0222e-02,6.9904e-02,6.9376e-02,6.8662e-02,6.7784e-02,6.6763e-02,6.5619e-02,6.4369e-02,6.3029e-02,6.1614e-02,6.0137e-02,5.8608e-02,5.7038e-02,5.5433e-02,5.3803e-02,5.2153e-02,5.0489e-02,4.8815e-02,4.7136e-02,4.5455e-02,4.3776e-02,4.2102e-02,4.0436e-02,3.8780e-02,3.7137e-02,3.5509e-02,3.3897e-02,3.2305e-02,3.0735e-02,2.9187e-02,2.7664e-02,2.6168e-02,2.4701e-02,2.3264e-02,2.1860e-02,2.0489e-02,1.9153e-02,1.7855e-02,1.6595e-02,1.5375e-02,1.4197e-02,1.3062e-02,1.1970e-02,1.0924e-02,9.9248e-03,8.9727e-03,8.0689e-03,7.2144e-03,6.4098e-03,5.6558e-03,4.9528e-03,4.3013e-03,3.7014e-03,3.1533e-03,2.6571e-03,2.2126e-03,1.8196e-03,1.4778e-03,1.1866e-03,9.4562e-04,7.5405e-04,6.1111e-04,5.1599e-04,4.6769e-04,4.6517e-04,5.0727e-04,5.9284e-04,7.2061e-04,8.8931e-04
2.7586e-04,7.8984e-04,1.6241e-03,2.7865e-03,4.2805e-03,6.1043e-03,8.2508e-03,1.0708e-02,1.3457e-02,1.6474e-02,1.9731e-02,2.3195e-02,2.6828e-02,3.0589e-02,3.4435e-02,3.8318e-02,4.2191e-02,4.6008e-02,4.9721e-02,5.3284e-02,5.6656e-02,5.9798e-02,6.2677e-02,6.5265e-02,6.7542e-02,6.9493e-02,7.1111e-02,7.2397e-02,7.3356e-02,7.3999e-02,7.4344e-02,7.4408e-02,7.4215e-02,7.3787e-02,7.3148e-02,7.2322e-02,7.1332e-02,7.0199e-02,6.8942e-02,6.7580e-02,6.6129e-02,6.4603e-02,6.3016e-02,6.1378e-02,5.9699e-02,5.7987e-02,5.6251e-02,5.4495e-02,5.2726e-02,5.0948e-02,4.9167e-02,4.7385e-02,4.5607e-02,4.3834e-02,4.2071e-02,4.0320e-02,3.8583e-02,3.6863e-02,3.5162e-02,3.3482e-02,3.1826e-02,3.0195e-02,2.8591e-02,2.7017e-02,2.5474e-02,2.3964e-02,2.2489e-02,2.1050e-02,1.9651e-02,1.8291e-02,1.6974e-02,1.5699e-02,1.4470e-02,1.3287e-02,1.2151e-02,1.1065e-02,1.0028e-02,9.0430e-03,8.1097e-03,7.2294e-03,6.4026e-03,5.6300e-03,4.9121e-03,4.2492e-03,3.6416e-03,3.0893e-03,2.5922e-03,2.1502e-03,1.7630e-03,1.4301e-03,1.1510e-03,9.2497e-04,7.5116e-04,6.2876e-04,5.5674e-04,5.3399e-04,5.5933e-04,6.3152e-04,7.4926e-04,9.1113e-04
3.2762e-04,8.2932e-04,1.6525e-03,2.8058e-03,4.2932e-03,6.1139e-03,8.2619e-03,1.0726e-02,1.3489e-02,1.6530e-02,1.9821e-02,2.3331e-02,2.7025e-02,3.0862e-02,3.4802e-02,3.8799e-02,4.2808e-02,4.6781e-02,5.0673e-02,5.4436e-02,5.8028e-02,6.1407e-02,6.4537e-02,6.7387e-02,6.9930e-02,7.2149e-02,7.4029e-02,7.5568e-02,7.6765e-02,7.7629e-02,7.8173e-02,7.8413e-02,7.8370e-02,7.8067e-02,7.7529e-02,7.6779e-02,7.5841e-02,7.4738e-02,7.3493e-02,7.2125e-02,7.0652e-02,6.9091e-02,6.7456e-02,6.5760e-02,6.4014e-02,6.2228e-02,6.0410e-02,5.8568e-02,5.6708e-02,5.4836e-02,5.2956e-02,5.1073e-02,4.9192e-02,4.7314e-02,4.5445e-02,4.3586e-02,4.1741e-02,3.9912e-02,3.8101e-02,3.6312e-02,3.4545e-02,3.2805e-02,3.1092e-02,2.9409e-02,2.7758e-02,2.6141e-02,2.4560e-02,2.3017e-02,2.1513e-02,2.0052e-02,1.8634e-02,1.7261e-02,1.5935e-02,1.4657e-02,1.3430e-02,1.2253e-02,1.1130e-02,1.0060e-02,9.0445e-03,8.0853e-03,7.1827e-03,6.3375e-03,5.5502e-03,4.8213e-03,4.1511e-03,3.5396e-03,2.9870e-03,2.4932e-03,2.0577e-03,1.6802e-03,1.3602e-03,1.0970e-03,8.8980e-04,7.3765e-04,6.3950e-04,5.9425e-04,6.0068e-04,6.5746e-04,7.6317e-04,9.1644e-04
3.7465e-04,8.6479e-04,1.6766e-03,2.8192e-03,4.2972e-03,6.1106e-03,8.2545e-03,1.0719e-02,1.3487e-02,1.6541e-02,1.9853e-02,2.3394e-02,2.7131e-02,3.1027e-02,3.5040e-02,3.9129e-02,4.3250e-02,4.7357e-02,5.1403e-02,5.5344e-02,5.9135e-02,6.2733e-02,6.6100e-02,6.9201e-02,7.2005e-02,7.4491e-02,7.6639e-02,7.8440e-02,7.9890e-02,8.0993e-02,8.1757e-02,8.2197e-02,8.2331e-02,8.2179e-02,8.1766e-02,8.1117e-02,8.0256e-02,7.9207e-02,7.7993e-02,7.6638e-02,7.5160e-02,7.3578e-02,7.1908e-02,7.0165e-02,6.8362e-02,6.6509e-02,6.4618e-02,6.2695e-02,6.0749e-02,5.8785e-02,5.6811e-02,5.4830e-02,5.2848e-02,5.0867e-02,4.8893e-02,4.6927e-02,4.4974e-02,4.3036e-02,4.1116e-02,3.9216e-02,3.7340e-02,3.5489e-02,3.3666e-02,3.1873e-02,3.0113e-02,2.8387e-02,2.6698e-02,2.5049e-02,2.3440e-02,2.1874e-02,2.0353e-02,1.8880e-02,1.7455e-02,1.6080e-02,1.4757e-02,1.3488e-02,1.2275e-02,1.1117e-02,1.0017e-02,8.9763e-03,7.9950e-03,7.0742e-03,6.2145e-03,5.4166e-03,4.6808e-03,4.0074e-03,3.3963e-03,2.8477e-03,2.3612e-03,1.9365e-03,1.5729e-03,1.2699e-03,1.0267e-03,8.4228e-04,7.1566e-04,6.4567e-04,6.3094e-04,6.7025e-04,7.6196e-04,9.0473e-04
4.1669e-04,8.9607e-04,1.6963e-03,2.8269e-03,4.2930e-03,6.0955e-03,8.2301e-03,1.0688e-02,1.3454e-02,1.6510e-02,1.9832e-02,2.3391e-02,2.7157e-02,3.1092e-02,3.5161e-02,3.9321e-02,4.3531e-02,4.7747e-02,5.1925e-02,5.6019e-02,5.9986e-02,6.3782e-02,6.7367e-02,7.0705e-02,7.3761e-02,7.6507e-02,7.8923e-02,8.0992e-02,8.2705e-02,8.4062e-02,8.5065e-02,8.5726e-02,8.6060e-02,8.6085e-02,8.5824e-02,8.5302e-02,8.4542e-02,8.3570e-02,8.2411e-02,8.1089e-02,7.9624e-02,7.8038e-02,7.6348e-02,7.4572e-02,7.2722e-02,7.0814e-02,6.8856e-02,6.6860e-02,6.4834e-02,6.2785e-02,6.0721e-02,5.8645e-02,5.6565e-02,5.4484e-02,5.2406e-02,5.0335e-02,4.8276e-02,4.6229e-02,4.4200e-02,4.2191e-02,4.0204e-02,3.8242e-02,3.6309e-02,3.4405e-02,3.2534e-02,3.0699e-02,2.8901e-02,2.7143e-02,2.5427e-02,2.3755e-02,2.2130e-02,2.0553e-02,1.9026e-02,1.7552e-02,1.6132e-02,1.4768e-02,1.3462e-02,1.2214e-02,1.1027e-02,9.9014e-03,8.8385e-03,7.8392e-03,6.9043e-03,6.0345e-03,5.2303e-03,4.4920e-03,3.8197e-03,3.2136e-03,2.6732e-03,2.1985e-03,1.7888e-03,1.4434e-03,1.1617e-03,9.4266e-04,7.8521e-04,6.8815e-04,6.5018e-04,6.6982e-04,7.4567e-04,8.7605e-04
4.5353e-04,9.2295e-04,1.7114e-03,2.8289e-03,4.2810e-03,6.0691e-03,8.1900e-03,1.0635e-02,1.3392e-02,1.6442e-02,1.9763e-02,2.3329e-02,2.7108e-02,3.1069e-02,3.5174e-02,3.9386e-02,4.3664e-02,4.7967e-02,5.2252e-02,5.6475e-02,6.0594e-02,6.4565e-02,6.8348e-02,7.1903e-02,7.5196e-02,7.8194e-02,8.0871e-02,8.3208e-02,8.5190e-02,8.6810e-02,8.8068e-02,8.8969e-02,8.9524e-02,8.9750e-02,8.9667e-02,8.9297e-02,8.8665e-02,8.7796e-02,8.6716e-02,8.5448e-02,8.4018e-02,8.2446e-02,8.0754e-02,7.8958e-02,7.7077e-02,7.5123e-02,7.3110e-02,7.1050e-02,6.8951e-02,6.6823e-02,6.4673e-02,6.2508e-02,6.0334e-02,5.8155e-02,5.5977e-02,5.3803e-02,5.1638e-02,4.9485e-02,4.7348e-02,4.5229e-02,4.3132e-02,4.1060e-02,3.9015e-02,3.7000e-02,3.5019e-02,3.3072e-02,3.1164e-02,2.9296e-02,2.7471e-02,2.5692e-02,2.3960e-02,2.2278e-02,2.0648e-02,1.9073e-02,1.7553e-02,1.6092e-02,1.4690e-02,1.3350e-02,1.2072e-02,1.0860e-02,9.7123e-03,8.6318e-03,7.6190e-03,6.6746e-03,5.7992e-03,4.9933e-03,4.2571e-03,3.5906e-03,2.9939e-03,2.4665e-03,2.0080e-03,1.6179e-03,1.2952e-03,1.0391e-03,8.4848e-04,7.2209e-04,6.5868e-04,6.5670e-04,7.1457e-04,8.3064e-04
4.8500e-04,9.4522e-04,1.7219e-03,2.8251e-03,4.2612e-03,6.0322e-03,8.1353e-03,1.0563e-02,1.3304e-02,1.6340e-02,1.9651e-02,2.3212e-02,2.6994e-02,3.0965e-02,3.5091e-02,3.9337e-02,4.3663e-02,4.8031e-02,5.2400e-02,5.6729e-02,6.0975e-02,6.5097e-02,6.9054e-02,7.2807e-02,7.6317e-02,7.9552e-02,8.2481e-02,8.5080e-02,8.7330e-02,8.9219e-02,9.0742e-02,9.1898e-02,9.2694e-02,9.3143e-02,9.3261e-02,9.3070e-02,9.2591e-02,9.1851e-02,9.0874e-02,8.9687e-02,8.8313e-02,8.6777e-02,8.5100e-02,8.3303e-02,8.1403e-02,7.9418e-02,7.7362e-02,7.5247e-02,7.3085e-02,7.0885e-02,6.8657e-02,6.6408e-02,6.4144e-02,6.1872e-02,5.9597e-02,5.7323e-02,5.5055e-02,5.2797e-02,5.0553e-02,4.8326e-02,4.6120e-02,4.3937e-02,4.1781e-02,3.9655e-02,3.7562e-02,3.5504e-02,3.3484e-02,3.1506e-02,2.9571e-02,2.7682e-02,2.5843e-02,2.4054e-02,2.2319e-02,2.0639e-02,1.9018e-02,1.7457e-02,1.5958e-02,1.4522e-02,1.3153e-02,1.1850e-02,1.0616e-02,9.4516e-03,8.3582e-03,7.3365e-03,6.3874e-03,5.5112e-03,4.7084e-03,3.9791e-03,3.3233e-03,2.7408e-03,2.2310e-03,1.7935e-03,1.4275e-03,1.1320e-03,9.0601e-04,7.4820e-04,6.5719e-04,6.3148e-04,6.6945e-04,7.6939e-04
5.1092e-04,9.6267e-04,1.7274e-03,2.8156e-03,4.2339e-03,5.9849e-03,8.0665e-03,1.0472e-02,1.3191e-02,1.6207e-02,1.9500e-02,2.3047e-02,2.6819e-02,3.0789e-02,3.4922e-02,3.9185e-02,4.3541e-02,4.7955e-02,5.2387e-02,5.6797e-02,6.1147e-02,6.5395e-02,6.9502e-02,7.3428e-02,7.7136e-02,8.0589e-02,8.3755e-02,8.6606e-02,8.9120e-02,9.1278e-02,9.3070e-02,9.4492e-02,9.5544e-02,9.6235e-02,9.6577e-02,9.6588e-02,9.6288e-02,9.5703e-02,9.4856e-02,9.3773e-02,9.2480e-02,9.1001e-02,8.9361e-02,8.7581e-02,8.5681e-02,8.3680e-02,8.1593e-02,7.9436e-02,7.7221e-02,7.4959e-02,7.2660e-02,7.0333e-02,6.7986e-02,6.5625e-02,6.3257e-02,6.0886e-02,5.8519e-02,5.6158e-02,5.3809e-02,5.1475e-02,4.9160e-02,4.6868e-02,4.4602e-02,4.2365e-02,4.0160e-02,3.7990e-02,3.5859e-02,3.3769e-02,3.1723e-02,2.9724e-02,2.7775e-02,2.5878e-02,2.4036e-02,2.2251e-02,2.0526e-02,1.8863e-02,1.7264e-02,1.5731e-02,1.4267e-02,1.2872e-02,1.1549e-02,1.0298e-02,9.1217e-03,8.0203e-03,6.9947e-03,6.0458e-03,5.1739e-03,4.3793e-03,3.6619e-03,3.0217e-03,2.4583e-03,1.9711e-03,1.5595e-03,1.2224e-03,9.5870e-04,7.6727e-04,6.4659e-04,5.9519e-04,6.1129e-04,6.9318e-04
5.3118e-04,9.7511e-04,1.7279e-03,2.8002e-03,4.1990e-03,5.9275e-03,7.9843e-03,1.0364e-02,1.3055e-02,1.6045e-02,1.9313e-02,2.2837e-02,2.6591e-02,3.0547e-02,3.4674e-02,3.8940e-02,4.3311e-02,4.7752e-02,5.2226e-02,5.6697e-02,6.1127e-02,6.5478e-02,6.9710e-02,7.3785e-02,7.7667e-02,8.1317e-02,8.4702e-02,8.7791e-02,9.0558e-02,9.2981e-02,9.5043e-02,9.6735e-02,9.8054e-02,9.9001e-02,9.9585e-02,9.9821e-02,9.9725e-02,9.9320e-02,9.8628e-02,9.7676e-02,9.6489e-02,9.5093e-02,9.3512e-02,9.1770e-02,8.9888e-02,8.7888e-02,8.5786e-02,8.3600e-02,8.1343e-02,7.9029e-02,7.6669e-02,7.4272e-02,7.1848e-02,6.9405e-02,6.6948e-02,6.4485e-02,6.2021e-02,5.9561e-02,5.7109e-02,5.4671e-02,5.2249e-02,4.9849e-02,4.7473e-02,4.5125e-02,4.2809e-02,4.0527e-02,3.8284e-02,3.6082e-02,3.3924e-02,3.1814e-02,2.9754e-02,2.7748e-02,2.5797e-02,2.3905e-02,2.2075e-02,2.0308e-02,1.8608e-02,1.6976e-02,1.5414e-02,1.3925e-02,1.2510e-02,1.1171e-02,9.9093e-03,8.7257e-03,7.6214e-03,6.5973e-03,5.6539e-03,4.7914e-03,4.0102e-03,3.3100e-03,2.6906e-03,2.1515e-03,1.6919e-03,1.3110e-03,1.0075e-03,7.8039e-04,6.2806e-04,5.4896e-04,5.4136e-04,6.0344e-04
5.4567e-04,9.8237e-04,1.7230e-03,2.7786e-03,4.1564e-03,5.8601e-03,7.8891e-03,1.0238e-02,1.2898e-02,1.5855e-02,1.9092e-02,2.2586e-02,2.6313e-02,3.0246e-02,3.4356e-02,3.8612e-02,4.2983e-02,4.7435e-02,5.1933e-02,5.6445e-02,6.0934e-02,6.5363e-02,6.9697e-02,7.3897e-02,7.7928e-02,8.1752e-02,8.5335e-02,8.8644e-02,9.1650e-02,9.4327e-02,9.6654e-02,9.8618e-02,1.0021e-01,1.0142e-01,1.0226e-01,1.0274e-01,1.0287e-01,1.0267e-01,1.0216e-01,1.0137e-01,1.0031e-01,9.9022e-02,9.7524e-02,9.5843e-02,9.4000e-02,9.2020e-02,8.9920e-02,8.7720e-02,8.5436e-02,8.3081e-02,8.0670e-02,7.8213e-02,7.5720e-02,7.3201e-02,7.0662e-02,6.8111e-02,6.5555e-02,6.2999e-02,6.0448e-02,5.7908e-02,5.5381e-02,5.2874e-02,5.0390e-02,4.7932e-02,4.5505e-02,4.3112e-02,4.0757e-02,3.8443e-02,3.6173e-02,3.3951e-02,3.1779e-02,2.9662e-02,2.7602e-02,2.5602e-02,2.3664e-02,2.1792e-02,1.9988e-02,1.8255e-02,1.6595e-02,1.5009e-02,1.3501e-02,1.2071e-02,1.0721e-02,9.4530e-03,8.2676e-03,7.1660e-03,6.1488e-03,5.2163e-03,4.3688e-03,3.6064e-03,2.9288e-03,2.3355e-03,1.8259e-03,1.3989e-03,1.0537e-03,7.8889e-04,6.0291e-04,4.9424e-04,4.6107e-04,5.0155e-04
5.5429e-04,9.8425e-04,1.7127e-03,2.7506e-03,4.1060e-03,5.7828e-03,7.7811e-03,1.0097e-02,1.2721e-02,1.5641e-02,1.8839e-02,2.2297e-02,2.5989e-02,2.9891e-02,3.3974e-02,3.8210e-02,4.2567e-02,4.7016e-02,5.1523e-02,5.6057e-02,6.0584e-02,6.5071e-02,6.9483e-02,7.3785e-02,7.7940e-02,8.1914e-02,8.5672e-02,8.9180e-02,9.2406e-02,9.5323e-02,9.7906e-02,1.0014e-01,1.0200e-01,1.0349e-01,1.0460e-01,1.0533e-01,1.0571e-01,1.0573e-01,1.0543e-01,1.0482e-01,1.0392e-01,1.0276e-01,1.0137e-01,9.9774e-02,9.7993e-02,9.6053e-02,9.3974e-02,9.1777e-02,8.9480e-02,8.7099e-02,8.4649e-02,8.2142e-02,7.9589e-02,7.7002e-02,7.4388e-02,7.1756e-02,6.9113e-02,6.6465e-02,6.3819e-02,6.1179e-02,5.8551e-02,5.5939e-02,5.3348e-02,5.0782e-02,4.8245e-02,4.5741e-02,4.3274e-02,4.0847e-02,3.8465e-02,3.6131e-02,3.3847e-02,3.1619e-02,2.9448e-02,2.7338e-02,2.5292e-02,2.3313e-02,2.1405e-02,1.9568e-02,1.7807e-02,1.6123e-02,1.4519e-02,1.2996e-02,1.1557e-02,1.0202e-02,8.9336e-03,7.7523e-03,6.6589e-03,5.6542e-03,4.7384e-03,3.9116e-03,3.1737e-03,2.5241e-03,1.9624e-03,1.4875e-03,1.0985e-03,7.9405e-04,5.7257e-04,4.3254e-04,3.7205e-04,3.8924e-04
5.5705e-04,9.8068e-04,1.6966e-03,2.7163e-03,4.0477e-03,5.6956e-03,7.6605e-03,9.9391e-03,1.2523e-02,1.5402e-02,1.8558e-02,2.1973e-02,2.5624e-02,2.9487e-02,3.3535e-02,3.7740e-02,4.2073e-02,4.6505e-02,5.1007e-02,5.5547e-02,6.0095e-02,6.4620e-02,6.9088e-02,7.3467e-02,7.7724e-02,8.1824e-02,8.5732e-02,8.9416e-02,9.2842e-02,9.5981e-02,9.8806e-02,1.0129e-01,1.0342e-01,1.0518e-01,1.0657e-01,1.0758e-01,1.0821e-01,1.0848e-01,1.0840e-01,1.0799e-01,1.0728e-01,1.0628e-01,1.0503e-01,1.0354e-01,1.0184e-01,9.9964e-02,9.7927e-02,9.5752e-02,9.3459e-02,9.1067e-02,8.8591e-02,8.6046e-02,8.3444e-02,8.0798e-02,7.8117e-02,7.5410e-02,7.2686e-02,6.9952e-02,6.7214e-02,6.4479e-02,6.1751e-02,5.9038e-02,5.6342e-02,5.3669e-02,5.1024e-02,4.8410e-02,4.5832e-02,4.3294e-02,4.0799e-02,3.8352e-02,3.5956e-02,3.3616e-02,3.1333e-02,2.9113e-02,2.6957e-02,2.4871e-02,2.2855e-02,2.0914e-02,1.9051e-02,1.7267e-02,1.5565e-02,1.3948e-02,1.2416e-02,1.0973e-02,9.6194e-03,8.3563e-03,7.1850e-03,6.1059e-03,5.1197e-03,4.2265e-03,3.4262e-03,2.7184e-03,2.1026e-03,1.5778e-03,1.1432e-03,7.9727e-04,5.3861e-04,3.6545e-04,2.7598e-04,2.6825e-04
5.5397e-04,9.7156e-04,1.6748e-03,2.6753e-03,3.9816e-03,5.5986e-03,7.5278e-03,9.7663e-03,1.2307e-02,1.5140e-02,1.8249e-02,2.1616e-02,2.5220e-02,2.9037e-02,3.3042e-02,3.7208e-02,4.1508e-02,4.5913e-02,5.0396e-02,5.4929e-02,5.9482e-02,6.4025e-02,6.8531e-02,7.2967e-02,7.7301e-02,8.1502e-02,8.5537e-02,8.9373e-02,9.2976e-02,9.6316e-02,9.9364e-02,1.0209e-01,1.0448e-01,1.0651e-01,1.0817e-01,1.0945e-01,1.1036e-01,1.1089e-01,1.1106e-01,1.1088e-01,1.1037e-01,1.0956e-01,1.0846e-01,1.0711e-01,1.0552e-01,1.0373e-01,1.0175e-01,9.9622e-02,9.7353e-02,9.4966e-02,9.2479e-02,8.9909e-02,8.7270e-02,8.4576e-02,8.1836e-02,7.9063e-02,7.6265e-02,7.3450e-02,7.0626e-02,6.7800e-02,6.4978e-02,6.2165e-02,5.9368e-02,5.6590e-02,5.3838e-02,5.1116e-02,4.8428e-02,4.5778e-02,4.3172e-02,4.0613e-02,3.8104e-02,3.5651e-02,3.3256e-02,3.0924e-02,2.8659e-02,2.6463e-02,2.4340e-02,2.2293e-02,2.0325e-02,1.8440e-02,1.6639e-02,1.4925e-02,1.3300e-02,1.1766e-02,1.0325e-02,8.9786e-03,7.7271e-03,6.5719e-03,5.5133e-03,4.5518e-03,3.6872e-03,2.9194e-03,2.2477e-03,1.6713e-03,1.1892e-03,8.0008e-04,5.0248e-04,2.9459e-04,1.7457e-04,1.4033e-04
5.4517e-04,9.5692e-04,1.6472e-03,2.6279e-03,3.9075e-03,5.4919e-03,7.3830e-03,9.5787e-03,1.2073e-02,1.4856e-02,1.7913e-02,2.1228e-02,2.4779e-02,2.8545e-02,3.2501e-02,3.6621e-02,4.0878e-02,4.5248e-02,4.9702e-02,5.4214e-02,5.8757e-02,6.3305e-02,6.7829e-02,7.2301e-02,7.6692e-02,8.0972e-02,8.5109e-02,8.9072e-02,9.2828e-02,9.6347e-02,9.9598e-02,1.0255e-01,1.0519e-01,1.0748e-01,1.0941e-01,1.1096e-01,1.1214e-01,1.1295e-01,1.1338e-01,1.1344e-01,1.1316e-01,1.1256e-01,1.1165e-01,1.1045e-01,1.0900e-01,1.0732e-01,1.0543e-01,1.0337e-01,1.0114e-01,9.8777e-02,9.6296e-02,9.3717e-02,9.1054e-02,8.8323e-02,8.5536e-02,8.2705e-02,7.9841e-02,7.6953e-02,7.4049e-02,7.1137e-02,6.8224e-02,6.5316e-02,6.2420e-02,5.9540e-02,5.6684e-02,5.3854e-02,5.1058e-02,4.8298e-02,4.5580e-02,4.2909e-02,4.0288e-02,3.7722e-02,3.5215e-02,3.2771e-02,3.0394e-02,2.8088e-02,2.5856e-02,2.3702e-02,2.1629e-02,1.9641e-02,1.7739e-02,1.5927e-02,1.4207e-02,1.2581e-02,1.1051e-02,9.6191e-03,8.2859e-03,7.0526e-03,5.9200e-03,4.8883e-03,3.9577e-03,3.1280e-03,2.3986e-03,1.7689e-03,1.2377e-03,8.0384e-04,4.6578e-04,2.2162e-04,6.9483e-05,7.3584e-06
5.3081e-04,9.3685e-04,1.6139e-03,2.5738e-03,3.8258e-03,5.3758e-03,7.2266e-03,9.3768e-03,1.1821e-02,1.4551e-02,1.7553e-02,2.0811e-02,2.4305e-02,2.8014e-02,3.1914e-02,3.5981e-02,4.0190e-02,4.4515e-02,4.8931e-02,5.3412e-02,5.7934e-02,6.2471e-02,6.6998e-02,7.1489e-02,7.5917e-02,8.0254e-02,8.4470e-02,8.8537e-02,9.2422e-02,9.6096e-02,9.9527e-02,1.0269e-01,1.0555e-01,1.0808e-01,1.1027e-01,1.1210e-01,1.1356e-01,1.1464e-01,1.1534e-01,1.1567e-01,1.1564e-01,1.1526e-01,1.1456e-01,1.1355e-01,1.1226e-01,1.1072e-01,1.0894e-01,1.0696e-01,1.0480e-01,1.0248e-01,1.0002e-01,9.7451e-02,9.4780e-02,9.2025e-02,8.9203e-02,8.6325e-02,8.3404e-02,8.0450e-02,7.7472e-02,7.4480e-02,7.1482e-02,6.8483e-02,6.5492e-02,6.2514e-02,5.9555e-02,5.6621e-02,5.3718e-02,5.0849e-02,4.8021e-02,4.5238e-02,4.2505e-02,3.9827e-02,3.7207e-02,3.4651e-02,3.2163e-02,2.9746e-02,2.7404e-02,2.5142e-02,2.2963e-02,2.0869e-02,1.8866e-02,1.6954e-02,1.5137e-02,1.3418e-02,1.1797e-02,1.0278e-02,8.8615e-03,7.5485e-03,6.3400e-03,5.2366e-03,4.2383e-03,3.3451e-03,2.5566e-03,1.8720e-03,1.2902e-03,8.1005e-04,4.2996e-04,1.4813e-04,-3.7396e-05,-1.2881e-04
5.1116e-04,9.1151e-04,1.5750e-03,2.5135e-03,3.7365e-03,5.2506e-03,7.0590e-03,9.1613e-03,1.1553e-02,1.4226e-02,1.7169e-02,2.0366e-02,2.3798e-02,2.7446e-02,3.1286e-02,3.5295e-02,3.9448e-02,4.3722e-02,4.8091e-02,5.2532e-02,5.7022e-02,6.1537e-02,6.6053e-02,7.0547e-02,7.4994e-02,7.9368e-02,8.3642e-02,8.7789e-02,9.1780e-02,9.5584e-02,9.9171e-02,1.0251e-01,1.0558e-01,1.0834e-01,1.1078e-01,1.1287e-01,1.1460e-01,1.1596e-01,1.1694e-01,1.1755e-01,1.1778e-01,1.1765e-01,1.1717e-01,1.1637e-01,1.1527e-01,1.1389e-01,1.1225e-01,1.1038e-01,1.0831e-01,1.0605e-01,1.0364e-01,1.0110e-01,9.8431e-02,9.5668e-02,9.2823e-02,8.9910e-02,8.6942e-02,8.3931e-02,8.0889e-02,7.7824e-02,7.4745e-02,7.1661e-02,6.8579e-02,6.5506e-02,6.2448e-02,5.9412e-02,5.6404e-02,5.3428e-02,5.0491e-02,4.7598e-02,4.4753e-02,4.1963e-02,3.9231e-02,3.6562e-02,3.3962e-02,3.1433e-02,2.8981e-02,2.6610e-02,2.4323e-02,2.2125e-02,2.0018e-02,1.8005e-02,1.6090e-02,1.4276e-02,1.2563e-02,1.0956e-02,9.4540e-03,8.0598e-03,6.7740e-03,5.5972e-03,4.5298e-03,3.5716e-03,2.7224e-03,1.9815e-03,1.3477e-03,8.1986e-04,3.9644e-04,7.5648e-05,-1.4460e-04,-2.6653e-04
4.8651e-04,8.8121e-04,1.5307e-03,2.4470e-03,3.6400e-03,5.1166e-03,6.8808e-03,8.9328e-03,1.1269e-02,1.3883e-02,1.6763e-02,1.9895e-02,2.3262e-02,2.6844e-02,3.0619e-02,3.4564e-02,3.8657e-02,4.2873e-02,4.7189e-02,5.1582e-02,5.6031e-02,6.0513e-02,6.5006e-02,6.9489e-02,7.3939e-02,7.8333e-02,8.2646e-02,8.6852e-02,9.0925e-02,9.4835e-02,9.8555e-02,1.0205e-01,1.0530e-01,1.0828e-01,1.1095e-01,1.1329e-01,1.1528e-01,1.1691e-01,1.1817e-01,1.1906e-01,1.1956e-01,1.1970e-01,1.1947e-01,1.1890e-01,1.1801e-01,1.1681e-01,1.1533e-01,1.1360e-01,1.1164e-01,1.0948e-01,1.0713e-01,1.0463e-01,1.0199e-01,9.9236e-02,9.6382e-02,9.3447e-02,9.0444e-02,8.7387e-02,8.4288e-02,8.1157e-02,7.8006e-02,7.4842e-02,7.1674e-02,6.8510e-02,6.5358e-02,6.2222e-02,5.9112e-02,5.6031e-02,5.2987e-02,4.9984e-02,4.7029e-02,4.4127e-02,4.1283e-02,3.8503e-02,3.5790e-02,3.3150e-02,3.0587e-02,2.8106e-02,2.5711e-02,2.3406e-02,2.1194e-02,1.9080e-02,1.7066e-02,1.5155e-02,1.3349e-02,1.1651e-02,1.0063e-02,8.5867e-03,7.2221e-03,5.9707e-03,4.8327e-03,3.8082e-03,2.8970e-03,2.0983e-03,1.4113e-03,8.3453e-04,3.6662e-04,5.6112e-06,-2.5049e-04,-4.0404e-04
4.5731e-04,8.4626e-04,1.4814e-03,2.3748e-03,3.5367e-03,4.9745e-03,6.6927e-03,8.6923e-03,1.0971e-02,1.3522e-02,1.6336e-02,1.9400e-02,2.2698e-02,2.6210e-02,2.9915e-02,3.3793e-02,3.7820e-02,4.1973e-02,4.6230e-02,5.0569e-02,5.4969e-02,5.9409e-02,6.3869e-02,6.8329e-02,7.2769e-02,7.7166e-02,8.1500e-02,8.5745e-02,8.9879e-02,9.3873e-02,9.7702e-02,1.0134e-01,1.0475e-01,1.0790e-01,1.1078e-01,1.1336e-01,1.1560e-01,1.1750e-01,1.1903e-01,1.2020e-01,1.2098e-01,1.2139e-01,1.2143e-01,1.2111e-01,1.2045e-01,1.1946e-01,1.1817e-01,1.1660e-01,1.1477e-01,1.1272e-01,1.1047e-01,1.0803e-01,1.0544e-01,1.0271e-01,9.9865e-02,9.6922e-02,9.3896e-02,9.0804e-02,8.7659e-02,8.4472e-02,8.1255e-02,7.8019e-02,7.4771e-02,7.1521e-02,6.8277e-02,6.5047e-02,6.1837e-02,5.8654e-02,5.5504e-02,5.2394e-02,4.9330e-02,4.6317e-02,4.3362e-02,4.0469e-02,3.7644e-02,3.4892e-02,3.2218e-02,2.9627e-02,2.7123e-02,2.4711e-02,2.2395e-02,2.0177e-02,1.8063e-02,1.6054e-02,1.4154e-02,1.2365e-02,1.0690e-02,9.1291e-03,7.6846e-03,6.3572e-03,5.1474e-03,4.0555e-03,3.0810e-03,2.2234e-03,1.4819e-03,8.5518e-04,3.4159e-04,-6.0650e-05,-3.5370e-04,-5.3986e-04
4.2402e-04,8.0711e-04,1.4275e-03,2.2974e-03,3.4273e-03,4.8249e-03,6.4954e-03,8.4407e-03,1.0659e-02,1.3145e-02,1.5891e-02,1.8883e-02,2.2108e-02,2.5546e-02,2.9178e-02,3.2984e-02,3.6940e-02,4.1026e-02,4.5218e-02,4.9497e-02,5.3842e-02,5.8233e-02,6.2651e-02,6.7078e-02,7.1495e-02,7.5883e-02,8.0221e-02,8.4488e-02,8.8663e-02,9.2720e-02,9.6634e-02,1.0038e-01,1.0392e-01,1.0724e-01,1.1031e-01,1.1310e-01,1.1558e-01,1.1773e-01,1.1953e-01,1.2097e-01,1.2203e-01,1.2272e-01,1.2304e-01,1.2298e-01,1.2257e-01,1.2181e-01,1.2073e-01,1.1935e-01,1.1769e-01,1.1577e-01,1.1363e-01,1.1128e-01,1.0875e-01,1.0607e-01,1.0325e-01,1.0032e-01,9.7285e-02,9.4171e-02,9.0991e-02,8.7758e-02,8.4484e-02,8.1182e-02,7.7861e-02,7.4532e-02,7.1202e-02,6.7880e-02,6.4574e-02,6.1291e-02,5.8039e-02,5.4823e-02,5.1652e-02,4.8530e-02,4.5464e-02,4.2460e-02,3.9523e-02,3.6659e-02,3.3874e-02,3.1173e-02,2.8560e-02,2.6040e-02,2.3617e-02,2.1296e-02,1.9080e-02,1.6973e-02,1.4978e-02,1.3097e-02,1.1333e-02,9.6870e-03,8.1614e-03,6.7570e-03,5.4743e-03,4.3136e-03,3.2749e-03,2.3575e-03,1.5605e-03,8.8269e-04,3.2252e-04,-1.2195e-04,-4.5277e-04,-6.7251e-04
3.8716e-04,7.6428e-04,1.3696e-03,2.2154e-03,3.3124e-03,4.6687e-03,6.2901e-03,8.1791e-03,1.0335e-02,1.2754e-02,1.5428e-02,1.8346e-02,2.1494e-02,2.4855e-02,2.8410e-02,3.2140e-02,3.6022e-02,4.0036e-02,4.4160e-02,4.8373e-02,5.2657e-02,5.6992e-02,6.1361e-02,6.5746e-02,7.0130e-02,7.4496e-02,7.8825e-02,8.3098e-02,8.7296e-02,9.1395e-02,9.5374e-02,9.9205e-02,1.0286e-01,1.0632e-01,1.0955e-01,1.1253e-01,1.1522e-01,1.1761e-01,1.1966e-01,1.2137e-01,1.2271e-01,1.2369e-01,1.2428e-01,1.2450e-01,1.2435e-01,1.2385e-01,1.2300e-01,1.2182e-01,1.2035e-01,1.1860e-01,1.1659e-01,1.1436e-01,1.1192e-01,1.0930e-01,1.0653e-01,1.0362e-01,1.0060e-01,9.7474e-02,9.4271e-02,9.1003e-02,8.7683e-02,8.4324e-02,8.0937e-02,7.7534e-02,7.4123e-02,7.0715e-02,6.7317e-02,6.3939e-02,6.0586e-02,5.7268e-02,5.3991e-02,5.0761e-02,4.7586e-02,4.4471e-02,4.1423e-02,3.8448e-02,3.5552e-02,3.2740e-02,3.0017e-02,2.7389e-02,2.4860e-02,2.2435e-02,2.0117e-02,1.7911e-02,1.5819e-02,1.3845e-02,1.1991e-02,1.0260e-02,8.6524e-03,7.1699e-03,5.8134e-03,4.5832e-03,3.4792e-03,2.5009e-03,1.6476e-03,9.1788e-04,3.1025e-04,-1.7718e-04,-5.4669e-04,-8.0064e-04
3.4735e-04,7.1834e-04,1.3082e-03,2.1294e-03,3.1927e-03,4.5067e-03,6.0776e-03,7.9088e-03,1.0001e-02,1.2350e-02,1.4949e-02,1.7790e-02,2.0859e-02,2.4139e-02,2.7614e-02,3.1264e-02,3.5068e-02,3.9006e-02,4.3057e-02,4.7201e-02,5.1419e-02,5.5693e-02,6.0006e-02,6.4342e-02,6.8684e-02,7.3018e-02,7.7326e-02,8.1591e-02,8.5796e-02,8.9920e-02,9.3943e-02,9.7840e-02,1.0159e-01,1.0516e-01,1.0853e-01,1.1167e-01,1.1456e-01,1.1716e-01,1.1945e-01,1.2141e-01,1.2303e-01,1.2428e-01,1.2516e-01,1.2566e-01,1.2579e-01,1.2554e-01,1.2494e-01,1.2400e-01,1.2274e-01,1.2117e-01,1.1933e-01,1.1723e-01,1.1491e-01,1.1238e-01,1.0967e-01,1.0681e-01,1.0381e-01,1.0070e-01,9.7486e-02,9.4195e-02,9.0840e-02,8.7434e-02,8.3990e-02,8.0520e-02,7.7036e-02,7.3546e-02,7.0062e-02,6.6591e-02,6.3142e-02,5.9724e-02,5.6343e-02,5.3007e-02,4.9724e-02,4.6500e-02,4.3342e-02,4.0257e-02,3.7250e-02,3.4327e-02,3.1495e-02,2.8759e-02,2.6123e-02,2.3593e-02,2.1172e-02,1.8866e-02,1.6678e-02,1.4610e-02,1.2666e-02,1.0848e-02,9.1571e-03,7.5958e-03,6.1646e-03,4.8640e-03,3.6940e-03,2.6542e-03,1.7437e-03,9.6137e-04,3.0561e-04,-2.2558e-04,-6.3437e-04,-9.2334e-04
3.0520e-04,6.6997e-04,1.2442e-03,2.0403e-03,3.0691e-03,4.3399e-03,5.8592e-03,7.6312e-03,9.6570e-03,1.1934e-02,1.4458e-02,1.7218e-02,2.0204e-02,2.3401e-02,2.6792e-02,3.0359e-02,3.4081e-02,3.7940e-02,4.1914e-02,4.5984e-02,5.0132e-02,5.4340e-02,5.8592e-02,6.2872e-02,6.7166e-02,7.1459e-02,7.5735e-02,7.9980e-02,8.4178e-02,8.8311e-02,9.2360e-02,9.6304e-02,1.0012e-01,1.0379e-01,1.0727e-01,1.1056e-01,1.1361e-01,1.1640e-01,1.1891e-01,1.2111e-01,1.2298e-01,1.2450e-01,1.2566e-01,1.2645e-01,1.2686e-01,1.2689e-01,1.2656e-01,1.2587e-01,1.2483e-01,1.2348e-01,1.2182e-01,1.1988e-01,1.1770e-01,1.1528e-01,1.1266e-01,1.0986e-01,1.0691e-01,1.0382e-01,1.0062e-01,9.7321e-02,9.3942e-02,9.0500e-02,8.7009e-02,8.3482e-02,7.9930e-02,7.6366e-02,7.2800e-02,6.9242e-02,6.5701e-02,6.2185e-02,5.8704e-02,5.5265e-02,5.1875e-02,4.8544e-02,4.5277e-02,4.2081e-02,3.8964e-02,3.5932e-02,3.2990e-02,3.0145e-02,2.7403e-02,2.4768e-02,2.2244e-02,1.9838e-02,1.7552e-02,1.5390e-02,1.3355e-02,1.1449e-02,9.6751e-03,8.0344e-03,6.5278e-03,5.1562e-03,3.9195e-03,2.8174e-03,1.8492e-03,1.0137e-03,3.0914e-04,-2.6633e-04,-7.1493e-04,-1.0394e-03
2.6138e-04,6.1978e-04,1.1781e-03,1.9487e-03,2.9427e-03,4.1695e-03,5.6362e-03,7.3478e-03,9.3059e-03,1.1510e-02,1.3954e-02,1.6632e-02,1.9533e-02,2.2644e-02,2.5948e-02,2.9428e-02,3.3065e-02,3.6841e-02,4.0734e-02,4.4727e-02,4.8801e-02,5.2939e-02,5.7125e-02,6.1344e-02,6.5583e-02,6.9827e-02,7.4063e-02,7.8278e-02,8.2457e-02,8.6585e-02,9.0644e-02,9.4617e-02,9.8481e-02,1.0222e-01,1.0580e-01,1.0920e-01,1.1239e-01,1.1536e-01,1.1806e-01,1.2048e-01,1.2259e-01,1.2437e-01,1.2580e-01,1.2687e-01,1.2756e-01,1.2788e-01,1.2782e-01,1.2740e-01,1.2661e-01,1.2549e-01,1.2404e-01,1.2229e-01,1.2026e-01,1.1798e-01,1.1548e-01,1.1277e-01,1.0988e-01,1.0683e-01,1.0366e-01,1.0036e-01,9.6977e-02,9.3512e-02,8.9984e-02,8.6408e-02,8.2798e-02,7.9167e-02,7.5526e-02,7.1885e-02,6.8256e-02,6.4647e-02,6.1069e-02,5.7529e-02,5.4036e-02,5.0598e-02,4.7223e-02,4.3919e-02,4.0693e-02,3.7551e-02,3.4500e-02,3.1547e-02,2.8698e-02,2.5958e-02,2.3332e-02,2.0824e-02,1.8441e-02,1.6184e-02,1.4057e-02,1.2064e-02,1.0206e-02,8.4850e-03,6.9027e-03,5.4594e-03,4.1556e-03,2.9908e-03,1.9643e-03,1.0750e-03,3.2128e-04,-2.9886e-04,-7.8774e-04,-1.1480e-03
2.1653e-04,5.6847e-04,1.1107e-03,1.8556e-03,2.8143e-03,3.9965e-03,5.4099e-03,7.0600e-03,8.9492e-03,1.1078e-02,1.3442e-02,1.6035e-02,1.8849e-02,2.1870e-02,2.5084e-02,2.8474e-02,3.2023e-02,3.5712e-02,3.9522e-02,4.3434e-02,4.7430e-02,5.1494e-02,5.5610e-02,5.9764e-02,6.3941e-02,6.8131e-02,7.2320e-02,7.6495e-02,8.0645e-02,8.4755e-02,8.8811e-02,9.2795e-02,9.6689e-02,1.0047e-01,1.0413e-01,1.0762e-01,1.1094e-01,1.1405e-01,1.1693e-01,1.1954e-01,1.2187e-01,1.2389e-01,1.2558e-01,1.2692e-01,1.2789e-01,1.2850e-01,1.2872e-01,1.2857e-01,1.2806e-01,1.2718e-01,1.2596e-01,1.2442e-01,1.2258e-01,1.2046e-01,1.1809e-01,1.1549e-01,1.1269e-01,1.0971e-01,1.0658e-01,1.0331e-01,9.9930e-02,9.6455e-02,9.2902e-02,8.9289e-02,8.5630e-02,8.1940e-02,7.8230e-02,7.4514e-02,7.0802e-02,6.7105e-02,6.3432e-02,5.9795e-02,5.6201e-02,5.2659e-02,4.9179e-02,4.5767e-02,4.2432e-02,3.9182e-02,3.6023e-02,3.2963e-02,3.0007e-02,2.7161e-02,2.4432e-02,2.1824e-02,1.9342e-02,1.6990e-02,1.4772e-02,1.2691e-02,1.0748e-02,8.9471e-03,7.2885e-03,5.7734e-03,4.4019e-03,3.1740e-03,2.0890e-03,1.1457e-03,3.4244e-04,-3.2270e-04,-8.5216e-04,-1.2487e-03
1.7129e-04,5.1677e-04,1.0429e-03,1.7619e-03,2.6850e-03,3.8222e-03,5.1817e-03,6.7694e-03,8.5888e-03,1.0641e-02,1.2923e-02,1.5429e-02,1.8153e-02,2.1082e-02,2.4203e-02,2.7501e-02,3.0958e-02,3.4557e-02,3.8280e-02,4.2107e-02,4.6023e-02,5.0009e-02,5.4051e-02,5.8135e-02,6.2248e-02,6.6377e-02,7.0512e-02,7.4641e-02,7.8752e-02,8.2834e-02,8.6873e-02,9.0855e-02,9.4763e-02,9.8579e-02,1.0228e-01,1.0586e-01,1.0927e-01,1.1250e-01,1.1553e-01,1.1831e-01,1.2084e-01,1.2308e-01,1.2501e-01,1.2661e-01,1.2786e-01,1.2875e-01,1.2926e-01,1.2939e-01,1.2915e-01,1.2854e-01,1.2757e-01,1.2626e-01,1.2463e-01,1.2270e-01,1.2049e-01,1.1802e-01,1.1533e-01,1.1244e-01,1.0937e-01,1.0614e-01,1.0278e-01,9.9314e-02,9.5751e-02,9.2113e-02,8.8416e-02,8.4675e-02,8.0906e-02,7.7120e-02,7.3331e-02,6.9551e-02,6.5789e-02,6.2057e-02,5.8365e-02,5.4723e-02,5.1138e-02,4.7621e-02,4.4180e-02,4.0822e-02,3.7556e-02,3.4388e-02,3.1326e-02,2.8376e-02,2.5544e-02,2.2835e-02,2.0255e-02,1.7808e-02,1.5498e-02,1.3328e-02,1.1302e-02,9.4198e-03,7.6848e-03,6.0975e-03,4.6583e-03,3.3671e-03,2.2233e-03,1.2257e-03,3.7275e-04,-3.3762e-04,-9.0783e-04,-1.3407e-03
1.2637e-04,4.6536e-04,9.7530e-04,1.6683e-03,2.5558e-03,3.6478e-03,4.9530e-03,6.4777e-03,8.2264e-03,1.0200e-02,1.2399e-02,1.4817e-02,1.7449e-02,2.0283e-02,2.3309e-02,2.6511e-02,2.9874e-02,3.3380e-02,3.7012e-02,4.0752e-02,4.4583e-02,4.8488e-02,5.2453e-02,5.6464e-02,6.0507e-02,6.4572e-02,6.8647e-02,7.2722e-02,7.6788e-02,8.0832e-02,8.4845e-02,8.8812e-02,9.2719e-02,9.6551e-02,1.0029e-01,1.0391e-01,1.0740e-01,1.1073e-01,1.1388e-01,1.1682e-01,1.1952e-01,1.2197e-01,1.2412e-01,1.2596e-01,1.2747e-01,1.2863e-01,1.2942e-01,1.2984e-01,1.2989e-01,1.2955e-01,1.2885e-01,1.2779e-01,1.2639e-01,1.2466e-01,1.2263e-01,1.2033e-01,1.1777e-01,1.1499e-01,1.1200e-01,1.0884e-01,1.0552e-01,1.0208e-01,9.8516e-02,9.4866e-02,9.1142e-02,8.7363e-02,8.3542e-02,7.9695e-02,7.5837e-02,7.1978e-02,6.8133e-02,6.4311e-02,6.0525e-02,5.6784e-02,5.3099e-02,4.9478e-02,4.5932e-02,4.2468e-02,3.9095e-02,3.5821e-02,3.2654e-02,2.9599e-02,2.6665e-02,2.3856e-02,2.1178e-02,1.8636e-02,1.6234e-02,1.3976e-02,1.1865e-02,9.9022e-03,8.0907e-03,6.4311e-03,4.9240e-03,3.5695e-03,2.3668e-03,1.3149e-03,4.1217e-04,-3.4346e-04,-9.5454e-04,-1.4238e-03
8.2300e-05,4.1489e-04,9.0875e-04,1.5759e-03,2.4277e-03,3.4745e-03,4.7251e-03,6.1866e-03,7.8639e-03,9.7594e-03,1.1873e-02,1.4202e-02,1.6739e-02,1.9478e-02,2.2405e-02,2.5509e-02,2.8775e-02,3.2185e-02,3.5723e-02,3.9372e-02,4.3115e-02,4.6936e-02,5.0820e-02,5.4754e-02,5.8724e-02,6.2720e-02,6.6731e-02,7.0748e-02,7.4761e-02,7.8760e-02,8.2736e-02,8.6677e-02,9.0571e-02,9.4403e-02,9.8158e-02,1.0182e-01,1.0536e-01,1.0877e-01,1.1202e-01,1.1509e-01,1.1794e-01,1.2056e-01,1.2291e-01,1.2498e-01,1.2673e-01,1.2815e-01,1.2922e-01,1.2992e-01,1.3025e-01,1.3020e-01,1.2978e-01,1.2898e-01,1.2783e-01,1.2633e-01,1.2451e-01,1.2239e-01,1.1999e-01,1.1734e-01,1.1446e-01,1.1138e-01,1.0813e-01,1.0472e-01,1.0118e-01,9.7535e-02,9.3798e-02,8.9990e-02,8.6129e-02,8.2230e-02,7.8310e-02,7.4380e-02,7.0456e-02,6.6550e-02,6.2674e-02,5.8838e-02,5.5055e-02,5.1333e-02,4.7683e-02,4.4115e-02,4.0638e-02,3.7259e-02,3.3987e-02,3.0829e-02,2.7793e-02,2.4884e-02,2.2109e-02,1.9472e-02,1.6978e-02,1.4632e-02,1.2436e-02,1.0393e-02,8.5052e-03,6.7735e-03,5.1986e-03,3.7807e-03,2.5192e-03,1.4131e-03,4.6062e-04,-3.4023e-04,-9.9205e-04,-1.4977e-03
3.9678e-05,3.6596e-04,8.4388e-04,1.4854e-03,2.3017e-03,3.3033e-03,4.4994e-03,5.8975e-03,7.5032e-03,9.3197e-03,1.1348e-02,1.3585e-02,1.6028e-02,1.8668e-02,2.1495e-02,2.4499e-02,2.7663e-02,3.0975e-02,3.4416e-02,3.7971e-02,4.1623e-02,4.5357e-02,4.9157e-02,5.3010e-02,5.6904e-02,6.0827e-02,6.4770e-02,6.8723e-02,7.2678e-02,7.6626e-02,8.0557e-02,8.4463e-02,8.8332e-02,9.2152e-02,9.5910e-02,9.9588e-02,1.0317e-01,1.0664e-01,1.0996e-01,1.1313e-01,1.1611e-01,1.1888e-01,1.2142e-01,1.2368e-01,1.2566e-01,1.2733e-01,1.2866e-01,1.2964e-01,1.3025e-01,1.3049e-01,1.3035e-01,1.2983e-01,1.2894e-01,1.2769e-01,1.2610e-01,1.2418e-01,1.2196e-01,1.1947e-01,1.1672e-01,1.1375e-01,1.1058e-01,1.0723e-01,1.0373e-01,1.0010e-01,9.6368e-02,9.2546e-02,8.8656e-02,8.4715e-02,8.0741e-02,7.6749e-02,7.2753e-02,6.8768e-02,6.4806e-02,6.0880e-02,5.7001e-02,5.3182e-02,4.9432e-02,4.5761e-02,4.2181e-02,3.8698e-02,3.5323e-02,3.2063e-02,2.8925e-02,2.5917e-02,2.3045e-02,2.0314e-02,1.7729e-02,1.5295e-02,1.3015e-02,1.0891e-02,8.9273e-03,7.1236e-03,5.4813e-03,4.0002e-03,2.6801e-03,1.5199e-03,5.1786e-04,-3.2802e-04,-1.0204e-03,-1.5623e-03
-1.0272e-06,3.1915e-04,7.8141e-04,1.3975e-03,2.1787e-03,3.1355e-03,4.2773e-03,5.6121e-03,7.1461e-03,8.8832e-03,1.0825e-02,1.2971e-02,1.5317e-02,1.7857e-02,2.0582e-02,2.3483e-02,2.6545e-02,2.9754e-02,3.3096e-02,3.6554e-02,4.0112e-02,4.3755e-02,4.7468e-02,5.1238e-02,5.5051e-02,5.8899e-02,6.2769e-02,6.6654e-02,7.0546e-02,7.4436e-02,7.8316e-02,8.2179e-02,8.6014e-02,8.9810e-02,9.3557e-02,9.7239e-02,1.0084e-01,1.0435e-01,1.0773e-01,1.1098e-01,1.1407e-01,1.1696e-01,1.1965e-01,1.2210e-01,1.2428e-01,1.2617e-01,1.2775e-01,1.2899e-01,1.2988e-01,1.3040e-01,1.3054e-01,1.3031e-01,1.2970e-01,1.2871e-01,1.2737e-01,1.2568e-01,1.2367e-01,1.2135e-01,1.1876e-01,1.1592e-01,1.1285e-01,1.0959e-01,1.0615e-01,1.0256e-01,9.8838e-02,9.5015e-02,9.1109e-02,8.7138e-02,8.3121e-02,7.9074e-02,7.5014e-02,7.0956e-02,6.6915e-02,6.2903e-02,5.8934e-02,5.5020e-02,5.1172e-02,4.7402e-02,4.3720e-02,4.0135e-02,3.6658e-02,3.3297e-02,3.0059e-02,2.6953e-02,2.3984e-02,2.1160e-02,1.8484e-02,1.5963e-02,1.3599e-02,1.1396e-02,9.3559e-03,7.4807e-03,5.7710e-03,4.2272e-03,2.8489e-03,1.6349e-03,5.8361e-04,-3.0703e-04,-1.0397e-03,-1.6176e-03
-3.9394e-05,2.7493e-04,7.2191e-04,1.3130e-03,2.0595e-03,2.9719e-03,4.0599e-03,5.3319e-03,6.7943e-03,8.4520e-03,1.0307e-02,1.2361e-02,1.4609e-02,1.7048e-02,1.9670e-02,2.2465e-02,2.5422e-02,2.8527e-02,3.1766e-02,3.5124e-02,3.8585e-02,4.2134e-02,4.5757e-02,4.9440e-02,5.3171e-02,5.6939e-02,6.0733e-02,6.4547e-02,6.8371e-02,7.2198e-02,7.6022e-02,7.9834e-02,8.3626e-02,8.7389e-02,9.1113e-02,9.4785e-02,9.8392e-02,1.0192e-01,1.0534e-01,1.0865e-01,1.1182e-01,1.1483e-01,1.1764e-01,1.2024e-01,1.2261e-01,1.2470e-01,1.2651e-01,1.2800e-01,1.2915e-01,1.2994e-01,1.3037e-01,1.3043e-01,1.3010e-01,1.2939e-01,1.2831e-01,1.2687e-01,1.2508e-01,1.2297e-01,1.2056e-01,1.1787e-01,1.1493e-01,1.1177e-01,1.0841e-01,1.0487e-01,1.0119e-01,9.7384e-02,9.3476e-02,8.9487e-02,8.5438e-02,8.1346e-02,7.7231e-02,7.3108e-02,6.8993e-02,6.4901e-02,6.0846e-02,5.6841e-02,5.2899e-02,4.9032e-02,4.5251e-02,4.1567e-02,3.7990e-02,3.4529e-02,3.1192e-02,2.7989e-02,2.4925e-02,2.2008e-02,1.9242e-02,1.6634e-02,1.4187e-02,1.1905e-02,9.7897e-03,7.8434e-03,6.0670e-03,4.4609e-03,3.0248e-03,1.7575e-03,6.5743e-04,-2.7754e-04,-1.0501e-03,-1.6635e-03
-7.5050e-05,2.3374e-04,6.6588e-04,1.2326e-03,1.9450e-03,2.8137e-03,3.8485e-03,5.0581e-03,6.4495e-03,8.0281e-03,9.7972e-03,1.1758e-02,1.3908e-02,1.6245e-02,1.8762e-02,2.1451e-02,2.4300e-02,2.7298e-02,3.0432e-02,3.3687e-02,3.7047e-02,4.0499e-02,4.4029e-02,4.7622e-02,5.1266e-02,5.4952e-02,5.8668e-02,6.2406e-02,6.6159e-02,6.9919e-02,7.3680e-02,7.7435e-02,8.1177e-02,8.4899e-02,8.8590e-02,9.2241e-02,9.5839e-02,9.9371e-02,1.0282e-01,1.0617e-01,1.0940e-01,1.1249e-01,1.1541e-01,1.1815e-01,1.2066e-01,1.2294e-01,1.2495e-01,1.2667e-01,1.2807e-01,1.2913e-01,1.2983e-01,1.3017e-01,1.3013e-01,1.2970e-01,1.2890e-01,1.2772e-01,1.2618e-01,1.2429e-01,1.2209e-01,1.1958e-01,1.1679e-01,1.1375e-01,1.1049e-01,1.0704e-01,1.0341e-01,9.9635e-02,9.5741e-02,9.1749e-02,8.7680e-02,8.3555e-02,7.9394e-02,7.5215e-02,7.1034e-02,6.6868e-02,6.2732e-02,5.8641e-02,5.4609e-02,5.0649e-02,4.6772e-02,4.2990e-02,3.9315e-02,3.5756e-02,3.2322e-02,2.9022e-02,2.5864e-02,2.2855e-02,2.0001e-02,1.7307e-02,1.4778e-02,1.2417e-02,1.0227e-02,8.2107e-03,6.3682e-03,4.7005e-03,3.2071e-03,1.8871e-03,7.3880e-04,-2.3995e-04,-1.0520e-03,-1.7005e-03
-1.0772e-04,1.9593e-04,6.1373e-04,1.1567e-03,1.8358e-03,2.6615e-03,3.6440e-03,4.7920e-03,6.1131e-03,7.6132e-03,9.2963e-03,1.1164e-02,1.3217e-02,1.5451e-02,1.7862e-02,2.0442e-02,2.3183e-02,2.6072e-02,2.9098e-02,3.2246e-02,3.5504e-02,3.8856e-02,4.2288e-02,4.5788e-02,4.9344e-02,5.2943e-02,5.6577e-02,6.0237e-02,6.3914e-02,6.7603e-02,7.1297e-02,7.4991e-02,7.8677e-02,8.2349e-02,8.5999e-02,8.9618e-02,9.3196e-02,9.6720e-02,1.0018e-01,1.0355e-01,1.0682e-01,1.0997e-01,1.1298e-01,1.1582e-01,1.1847e-01,1.2091e-01,1.2310e-01,1.2502e-01,1.2665e-01,1.2796e-01,1.2893e-01,1.2954e-01,1.2979e-01,1.2965e-01,1.2913e-01,1.2822e-01,1.2695e-01,1.2531e-01,1.2332e-01,1.2101e-01,1.1840e-01,1.1552e-01,1.1238e-01,1.0902e-01,1.0547e-01,1.0175e-01,9.7889e-02,9.3909e-02,8.9835e-02,8.5689e-02,8.1493e-02,7.7267e-02,7.3028e-02,6.8795e-02,6.4585e-02,6.0414e-02,5.6296e-02,5.2246e-02,4.8276e-02,4.4400e-02,4.0629e-02,3.6974e-02,3.3445e-02,3.0051e-02,2.6800e-02,2.3701e-02,2.0759e-02,1.7980e-02,1.5370e-02,1.2931e-02,1.0668e-02,8.5813e-03,6.6735e-03,4.9449e-03,3.3949e-03,2.0229e-03,8.2712e-04,-1.9481e-04,-1.0456e-03,-1.7286e-03
-1.3725e-04,1.6171e-04,5.6581e-04,1.0858e-03,1.7324e-03,2.5163e-03,3.4473e-03,4.5348e-03,5.7865e-03,7.2089e-03,8.8067e-03,1.0583e-02,1.2537e-02,1.4668e-02,1.6973e-02,1.9444e-02,2.2073e-02,2.4852e-02,2.7767e-02,3.0808e-02,3.3959e-02,3.7208e-02,4.0541e-02,4.3945e-02,4.7408e-02,5.0918e-02,5.4467e-02,5.8044e-02,6.1643e-02,6.5257e-02,6.8880e-02,7.2507e-02,7.6131e-02,7.9747e-02,8.3348e-02,8.6927e-02,9.0473e-02,9.3978e-02,9.7428e-02,1.0081e-01,1.0411e-01,1.0730e-01,1.1037e-01,1.1330e-01,1.1606e-01,1.1863e-01,1.2098e-01,1.2309e-01,1.2492e-01,1.2646e-01,1.2768e-01,1.2856e-01,1.2907e-01,1.2922e-01,1.2899e-01,1.2837e-01,1.2736e-01,1.2598e-01,1.2424e-01,1.2216e-01,1.1975e-01,1.1703e-01,1.1405e-01,1.1081e-01,1.0736e-01,1.0371e-01,9.9901e-02,9.5951e-02,9.1887e-02,8.7735e-02,8.3516e-02,7.9253e-02,7.4967e-02,7.0676e-02,6.6398e-02,6.2152e-02,5.7954e-02,5.3818e-02,4.9760e-02,4.5793e-02,4.1929e-02,3.8181e-02,3.4558e-02,3.1072e-02,2.7730e-02,2.4542e-02,2.1513e-02,1.8651e-02,1.5960e-02,1.3445e-02,1.1109e-02,8.9540e-03,6.9818e-03,5.1931e-03,3.5876e-03,2.1644e-03,9.2174e-04,-1.4254e-04,-1.0314e-03,-1.7482e-03
-1.6350e-04,1.3128e-04,5.2234e-04,1.0202e-03,1.6353e-03,2.3784e-03,3.2593e-03,4.2874e-03,5.4709e-03,6.8167e-03,8.3301e-03,1.0015e-02,1.1871e-02,1.3900e-02,1.6097e-02,1.8459e-02,2.0977e-02,2.3643e-02,2.6446e-02,2.9375e-02,3.2418e-02,3.5561e-02,3.8791e-02,4.2096e-02,4.5463e-02,4.8881e-02,5.2341e-02,5.5834e-02,5.9351e-02,6.2887e-02,6.6435e-02,6.9990e-02,7.3548e-02,7.7102e-02,8.0648e-02,8.4177e-02,8.7684e-02,9.1158e-02,9.4589e-02,9.7964e-02,1.0127e-01,1.0449e-01,1.0761e-01,1.1060e-01,1.1345e-01,1.1613e-01,1.1861e-01,1.2088e-01,1.2289e-01,1.2464e-01,1.2609e-01,1.2722e-01,1.2800e-01,1.2842e-01,1.2847e-01,1.2814e-01,1.2742e-01,1.2631e-01,1.2483e-01,1.2299e-01,1.2080e-01,1.1829e-01,1.1547e-01,1.1238e-01,1.0905e-01,1.0550e-01,1.0176e-01,9.7858e-02,9.3822e-02,8.9678e-02,8.5451e-02,8.1164e-02,7.6840e-02,7.2500e-02,6.8164e-02,6.3850e-02,5.9577e-02,5.5362e-02,5.1219e-02,4.7164e-02,4.3211e-02,3.9372e-02,3.5658e-02,3.2082e-02,2.8651e-02,2.5375e-02,2.2262e-02,1.9317e-02,1.6548e-02,1.3957e-02,1.1550e-02,9.3273e-03,7.2918e-03,5.4441e-03,3.7840e-03,2.3105e-03,1.0220e-03,-8.3758e-05,-1.0098e-03,-1.7598e-03
-1.8642e-04,1.0468e-04,4.8348e-04,9.6013e-04,1.5450e-03,2.2484e-03,3.0805e-03,4.0506e-03,5.1674e-03,6.4379e-03,7.8682e-03,9.4622e-03,1.1222e-02,1.3149e-02,1.5239e-02,1.7490e-02,1.9896e-02,2.2448e-02,2.5138e-02,2.7954e-02,3.0886e-02,3.3920e-02,3.7045e-02,4.0247e-02,4.3515e-02,4.6839e-02,5.0207e-02,5.3611e-02,5.7043e-02,6.0497e-02,6.3967e-02,6.7447e-02,7.0934e-02,7.4421e-02,7.7905e-02,8.1379e-02,8.4837e-02,8.8271e-02,9.1671e-02,9.5028e-02,9.8329e-02,1.0156e-01,1.0470e-01,1.0774e-01,1.1065e-01,1.1342e-01,1.1602e-01,1.1842e-01,1.2059e-01,1.2253e-01,1.2418e-01,1.2554e-01,1.2657e-01,1.2726e-01,1.2759e-01,1.2754e-01,1.2710e-01,1.2628e-01,1.2507e-01,1.2349e-01,1.2154e-01,1.1925e-01,1.1663e-01,1.1371e-01,1.1052e-01,1.0709e-01,1.0344e-01,9.9611e-02,9.5622e-02,9.1504e-02,8.7284e-02,8.2987e-02,7.8637e-02,7.4258e-02,6.9872e-02,6.5499e-02,6.1159e-02,5.6869e-02,5.2647e-02,4.8510e-02,4.4470e-02,4.0544e-02,3.6742e-02,3.3078e-02,2.9560e-02,2.6199e-02,2.3003e-02,1.9978e-02,1.7131e-02,1.4466e-02,1.1989e-02,9.6999e-03,7.6024e-03,5.6969e-03,3.9832e-03,2.4606e-03,1.1272e-03,-1.9079e-05,-9.8151e-04,-1.7636e-03
-2.0615e-04,8.1906e-05,4.4931e-04,9.0576e-04,1.4615e-03,2.1267e-03,2.9114e-03,3.8252e-03,4.8768e-03,6.0737e-03,7.4223e-03,8.9272e-03,1.0592e-02,1.2416e-02,1.4401e-02,1.6542e-02,1.8834e-02,2.1272e-02,2.3847e-02,2.6549e-02,2.9367e-02,3.2290e-02,3.5307e-02,3.8404e-02,4.1570e-02,4.4795e-02,4.8068e-02,5.1381e-02,5.4725e-02,5.8094e-02,6.1482e-02,6.4883e-02,6.8294e-02,7.1711e-02,7.5127e-02,7.8540e-02,8.1942e-02,8.5327e-02,8.8688e-02,9.2016e-02,9.5298e-02,9.8523e-02,1.0168e-01,1.0474e-01,1.0770e-01,1.1053e-01,1.1322e-01,1.1573e-01,1.1804e-01,1.2014e-01,1.2198e-01,1.2354e-01,1.2481e-01,1.2575e-01,1.2634e-01,1.2657e-01,1.2642e-01,1.2588e-01,1.2495e-01,1.2364e-01,1.2195e-01,1.1989e-01,1.1749e-01,1.1477e-01,1.1175e-01,1.0846e-01,1.0493e-01,1.0119e-01,9.7269e-02,9.3196e-02,8.8999e-02,8.4707e-02,8.0346e-02,7.5940e-02,7.1515e-02,6.7091e-02,6.2691e-02,5.8334e-02,5.4039e-02,4.9824e-02,4.5703e-02,4.1693e-02,3.7807e-02,3.4057e-02,3.0455e-02,2.7011e-02,2.3733e-02,2.0630e-02,1.7707e-02,1.4970e-02,1.2424e-02,1.0071e-02,7.9123e-03,5.9501e-03,4.1842e-03,2.6136e-03,1.2366e-03,5.0765e-05,-9.4693e-04,-1.7603e-03
-2.2278e-04,6.2884e-05,4.1968e-04,8.5708e-04,1.3850e-03,2.0135e-03,2.7525e-03,3.6116e-03,4.5997e-03,5.7248e-03,6.9935e-03,8.4111e-03,9.9812e-03,1.1706e-02,1.3584e-02,1.5616e-02,1.7796e-02,2.0119e-02,2.2578e-02,2.5164e-02,2.7867e-02,3.0677e-02,3.3582e-02,3.6571e-02,3.9633e-02,4.2757e-02,4.5932e-02,4.9150e-02,5.2403e-02,5.5683e-02,5.8986e-02,6.2305e-02,6.5637e-02,6.8978e-02,7.2323e-02,7.5668e-02,7.9008e-02,8.2338e-02,8.5650e-02,8.8938e-02,9.2191e-02,9.5398e-02,9.8547e-02,1.0162e-01,1.0461e-01,1.0749e-01,1.1024e-01,1.1284e-01,1.1527e-01,1.1750e-01,1.1950e-01,1.2125e-01,1.2272e-01,1.2389e-01,1.2474e-01,1.2523e-01,1.2535e-01,1.2510e-01,1.2446e-01,1.2343e-01,1.2201e-01,1.2021e-01,1.1805e-01,1.1554e-01,1.1272e-01,1.0959e-01,1.0620e-01,1.0258e-01,9.8743e-02,9.4735e-02,9.0581e-02,8.6311e-02,8.1953e-02,7.7535e-02,7.3082e-02,6.8618e-02,6.4167e-02,5.9751e-02,5.5389e-02,5.1101e-02,4.6905e-02,4.2815e-02,3.8848e-02,3.5016e-02,3.1333e-02,2.7808e-02,2.4451e-02,2.1272e-02,1.8275e-02,1.5468e-02,1.2854e-02,1.0438e-02,8.2201e-03,6.2029e-03,4.3860e-03,2.7687e-03,1.3492e-03,1.2515e-04,-9.0676e-04,-1.7503e-03
-2.3651e-04,4.7404e-05,3.9458e-04,8.1407e-04,1.3155e-03,1.9088e-03,2.6038e-03,3.4101e-03,4.3369e-03,5.3920e-03,6.5828e-03,7.9149e-03,9.3924e-03,1.1018e-02,1.2793e-02,1.4715e-02,1.6783e-02,1.8991e-02,2.1334e-02,2.3803e-02,2.6390e-02,2.9085e-02,3.1877e-02,3.4755e-02,3.7710e-02,4.0729e-02,4.3803e-02,4.6923e-02,5.0082e-02,5.3271e-02,5.6485e-02,5.9719e-02,6.2968e-02,6.6229e-02,6.9498e-02,7.2770e-02,7.6043e-02,7.9310e-02,8.2567e-02,8.5806e-02,8.9020e-02,9.2198e-02,9.5329e-02,9.8401e-02,1.0140e-01,1.0431e-01,1.0710e-01,1.0977e-01,1.1229e-01,1.1463e-01,1.1677e-01,1.1868e-01,1.2034e-01,1.2172e-01,1.2279e-01,1.2353e-01,1.2393e-01,1.2395e-01,1.2359e-01,1.2284e-01,1.2171e-01,1.2018e-01,1.1827e-01,1.1600e-01,1.1339e-01,1.1046e-01,1.0723e-01,1.0375e-01,1.0002e-01,9.6102e-02,9.2011e-02,8.7782e-02,8.3444e-02,7.9028e-02,7.4561e-02,7.0069e-02,6.5578e-02,6.1111e-02,5.6691e-02,5.2337e-02,4.8070e-02,4.3906e-02,3.9862e-02,3.5952e-02,3.2190e-02,2.8588e-02,2.5155e-02,2.1901e-02,1.8833e-02,1.5957e-02,1.3278e-02,1.0800e-02,8.5247e-03,6.4538e-03,4.5876e-03,2.9250e-03,1.4644e-03,2.0335e-04,-8.6153e-04,-1.7340e-03
-2.4765e-04,3.5244e-05,3.7372e-04,7.7647e-04,1.2528e-03,1.8126e-03,2.4655e-03,3.2210e-03,4.0884e-03,5.0759e-03,6.1909e-03,7.4396e-03,8.8267e-03,1.0355e-02,1.2027e-02,1.3843e-02,1.5799e-02,1.7893e-02,2.0119e-02,2.2471e-02,2.4940e-02,2.7519e-02,3.0196e-02,3.2962e-02,3.5806e-02,3.8718e-02,4.1688e-02,4.4708e-02,4.7768e-02,5.0863e-02,5.3986e-02,5.7131e-02,6.0294e-02,6.3472e-02,6.6660e-02,6.9856e-02,7.3055e-02,7.6255e-02,7.9449e-02,8.2631e-02,8.5796e-02,8.8934e-02,9.2036e-02,9.5090e-02,9.8084e-02,1.0100e-01,1.0383e-01,1.0654e-01,1.0913e-01,1.1156e-01,1.1381e-01,1.1586e-01,1.1768e-01,1.1924e-01,1.2053e-01,1.2150e-01,1.2214e-01,1.2243e-01,1.2235e-01,1.2189e-01,1.2103e-01,1.1978e-01,1.1815e-01,1.1613e-01,1.1376e-01,1.1104e-01,1.0800e-01,1.0467e-01,1.0109e-01,9.7278e-02,9.3272e-02,8.9103e-02,8.4804e-02,8.0407e-02,7.5941e-02,7.1434e-02,6.6914e-02,6.2407e-02,5.7936e-02,5.3525e-02,4.9193e-02,4.4960e-02,4.0844e-02,3.6861e-02,3.3024e-02,2.9347e-02,2.5841e-02,2.2515e-02,1.9378e-02,1.6435e-02,1.3693e-02,1.1156e-02,8.8247e-03,6.7020e-03,4.7879e-03,3.0816e-03,1.5813e-03,2.8461e-04,-8.1193e-04,-1.7123e-03
-2.5648e-04,2.6123e-05,3.5683e-04,7.4408e-04,1.1969e-03,1.7248e-03,2.3375e-03,3.0443e-03,3.8546e-03,4.7767e-03,5.8183e-03,6.9859e-03,8.2849e-03,9.7189e-03,1.1290e-02,1.2999e-02,1.4846e-02,1.6826e-02,1.8936e-02,2.1171e-02,2.3522e-02,2.5983e-02,2.8544e-02,3.1195e-02,3.3926e-02,3.6729e-02,3.9593e-02,4.2509e-02,4.5469e-02,4.8466e-02,5.1494e-02,5.4547e-02,5.7621e-02,6.0712e-02,6.3816e-02,6.6931e-02,7.0053e-02,7.3179e-02,7.6304e-02,7.9423e-02,8.2531e-02,8.5620e-02,8.8682e-02,9.1707e-02,9.4682e-02,9.7596e-02,1.0043e-01,1.0318e-01,1.0581e-01,1.0830e-01,1.1065e-01,1.1281e-01,1.1477e-01,1.1649e-01,1.1796e-01,1.1915e-01,1.2002e-01,1.2056e-01,1.2074e-01,1.2056e-01,1.1998e-01,1.1902e-01,1.1766e-01,1.1591e-01,1.1379e-01,1.1130e-01,1.0848e-01,1.0534e-01,1.0192e-01,9.8239e-02,9.4341e-02,9.0255e-02,8.6016e-02,8.1656e-02,7.7207e-02,7.2700e-02,6.8165e-02,6.3629e-02,5.9118e-02,5.4657e-02,5.0269e-02,4.5974e-02,4.1792e-02,3.7739e-02,3.3832e-02,3.0084e-02,2.6508e-02,2.3113e-02,1.9909e-02,1.6902e-02,1.4099e-02,1.1504e-02,9.1189e-03,6.9462e-03,4.9858e-03,3.2374e-03,1.6990e-03,3.6818e-04,-7.5862e-04,-1.6855e-03
-2.6342e-04,1.9580e-05,3.4360e-04,7.1658e-04,1.1474e-03,1.6452e-03,2.2195e-03,2.8798e-03,3.6353e-03,4.4945e-03,5.4653e-03,6.5544e-03,7.7677e-03,9.1093e-03,1.0582e-02,1.2187e-02,1.3925e-02,1.5793e-02,1.7788e-02,1.9906e-02,2.2139e-02,2.4482e-02,2.6925e-02,2.9460e-02,3.2078e-02,3.4768e-02,3.7523e-02,4.0333e-02,4.3190e-02,4.6087e-02,4.9017e-02,5.1975e-02,5.4956e-02,5.7957e-02,6.0974e-02,6.4004e-02,6.7044e-02,7.0091e-02,7.3142e-02,7.6192e-02,7.9236e-02,8.2267e-02,8.5280e-02,8.8264e-02,9.1209e-02,9.4105e-02,9.6938e-02,9.9691e-02,1.0235e-01,1.0489e-01,1.0730e-01,1.0956e-01,1.1163e-01,1.1349e-01,1.1512e-01,1.1649e-01,1.1757e-01,1.1834e-01,1.1878e-01,1.1886e-01,1.1856e-01,1.1788e-01,1.1680e-01,1.1533e-01,1.1348e-01,1.1124e-01,1.0865e-01,1.0572e-01,1.0248e-01,9.8964e-02,9.5198e-02,9.1219e-02,8.7061e-02,8.2758e-02,7.8345e-02,7.3855e-02,6.9319e-02,6.4767e-02,6.0228e-02,5.5728e-02,5.1291e-02,4.6941e-02,4.2699e-02,3.8583e-02,3.4610e-02,3.0795e-02,2.7152e-02,2.3692e-02,2.0424e-02,1.7356e-02,1.4494e-02,1.1843e-02,9.4062e-03,7.1852e-03,5.1806e-03,3.3917e-03,1.8168e-03,4.5338e-04,-7.0225e-04,-1.6543e-03
-2.6885e-04,1.5296e-05,3.3350e-04,6.9353e-04,1.1038e-03,1.5733e-03,2.1114e-03,2.7275e-03,3.4305e-03,4.2293e-03,5.1319e-03,6.1453e-03,7.2756e-03,8.5275e-03,9.9043e-03,1.1408e-02,1.3039e-02,1.4797e-02,1.6678e-02,1.8680e-02,2.0796e-02,2.3020e-02,2.5345e-02,2.7762e-02,3.0264e-02,3.2841e-02,3.5485e-02,3.8186e-02,4.0937e-02,4.3731e-02,4.6560e-02,4.9420e-02,5.2306e-02,5.5214e-02,5.8140e-02,6.1082e-02,6.4036e-02,6.7000e-02,6.9972e-02,7.2946e-02,7.5920e-02,7.8887e-02,8.1841e-02,8.4775e-02,8.7680e-02,9.0545e-02,9.3359e-02,9.6108e-02,9.8777e-02,1.0135e-01,1.0380e-01,1.0612e-01,1.0828e-01,1.1026e-01,1.1203e-01,1.1356e-01,1.1483e-01,1.1581e-01,1.1647e-01,1.1680e-01,1.1677e-01,1.1636e-01,1.1557e-01,1.1438e-01,1.1280e-01,1.1084e-01,1.0849e-01,1.0580e-01,1.0277e-01,9.9430e-02,9.5822e-02,9.1973e-02,8.7919e-02,8.3696e-02,7.9340e-02,7.4884e-02,7.0364e-02,6.5811e-02,6.1256e-02,5.6727e-02,5.2253e-02,4.7856e-02,4.3561e-02,3.9388e-02,3.5355e-02,3.1478e-02,2.7772e-02,2.4250e-02,2.0920e-02,1.7794e-02,1.4876e-02,1.2172e-02,9.6851e-03,7.4180e-03,5.3710e-03,3.5435e-03,1.9339e-03,5.3937e-04,-6.4353e-04,-1.6193e-03
-2.7329e-04,1.2747e-05,3.2619e-04,6.7451e-04,1.0658e-03,1.5088e-03,2.0127e-03,2.5867e-03,3.2398e-03,3.9810e-03,4.8181e-03,5.7587e-03,6.8088e-03,7.9739e-03,9.2575e-03,1.0662e-02,1.2190e-02,1.3839e-02,1.5608e-02,1.7494e-02,1.9494e-02,2.1600e-02,2.3806e-02,2.6106e-02,2.8491e-02,3.0953e-02,3.3483e-02,3.6074e-02,3.8717e-02,4.1405e-02,4.4131e-02,4.6891e-02,4.9678e-02,5.2490e-02,5.5322e-02,5.8172e-02,6.1037e-02,6.3914e-02,6.6802e-02,6.9696e-02,7.2593e-02,7.5489e-02,7.8377e-02,8.1252e-02,8.4106e-02,8.6930e-02,8.9713e-02,9.2443e-02,9.5106e-02,9.7688e-02,1.0017e-01,1.0254e-01,1.0476e-01,1.0683e-01,1.0871e-01,1.1038e-01,1.1181e-01,1.1297e-01,1.1385e-01,1.1440e-01,1.1462e-01,1.1448e-01,1.1396e-01,1.1306e-01,1.1176e-01,1.1007e-01,1.0799e-01,1.0554e-01,1.0274e-01,9.9615e-02,9.6188e-02,9.2495e-02,8.8570e-02,8.4450e-02,8.0172e-02,7.5772e-02,7.1285e-02,6.6748e-02,6.2191e-02,5.7648e-02,5.3146e-02,4.8713e-02,4.4373e-02,4.0150e-02,3.6062e-02,3.2128e-02,2.8364e-02,2.4784e-02,2.1397e-02,1.8215e-02,1.5243e-02,1.2489e-02,9.9547e-03,7.6436e-03,5.5561e-03,3.6920e-03,2.0493e-03,6.2555e-04,-5.8312e-04,-1.5810e-03
-2.7706e-04,1.1503e-05,3.2117e-04,6.5900e-04,1.0328e-03,1.4511e-03,1.9228e-03,2.4571e-03,3.0629e-03,3.7490e-03,4.5237e-03,5.3943e-03,6.3674e-03,7.4486e-03,8.6421e-03,9.9509e-03,1.1377e-02,1.2920e-02,1.4579e-02,1.6353e-02,1.8236e-02,2.0225e-02,2.2314e-02,2.4496e-02,2.6763e-02,2.9109e-02,3.1525e-02,3.4003e-02,3.6535e-02,3.9115e-02,4.1736e-02,4.4392e-02,4.7079e-02,4.9791e-02,5.2526e-02,5.5281e-02,5.8054e-02,6.0841e-02,6.3640e-02,6.6450e-02,6.9265e-02,7.2084e-02,7.4900e-02,7.7709e-02,8.0503e-02,8.3275e-02,8.6015e-02,8.8713e-02,9.1357e-02,9.3933e-02,9.6425e-02,9.8817e-02,1.0109e-01,1.0322e-01,1.0519e-01,1.0697e-01,1.0853e-01,1.0986e-01,1.1092e-01,1.1169e-01,1.1214e-01,1.1225e-01,1.1199e-01,1.1136e-01,1.1034e-01,1.0893e-01,1.0713e-01,1.0495e-01,1.0240e-01,9.9498e-02,9.6276e-02,9.2763e-02,8.8993e-02,8.5000e-02,8.0823e-02,7.6500e-02,7.2068e-02,6.7564e-02,6.3023e-02,5.8479e-02,5.3962e-02,4.9503e-02,4.5129e-02,4.0863e-02,3.6728e-02,3.2743e-02,2.8927e-02,2.5292e-02,2.1852e-02,1.8617e-02,1.5595e-02,1.2793e-02,1.0214e-02,7.8608e-03,5.7351e-03,3.8362e-03,2.1625e-03,7.1108e-04,-5.2162e-04,-1.5402e-03
-2.8077e-04,1.0994e-05,3.1787e-04,6.4649e-04,1.0043e-03,1.3997e-03,1.8413e-03,2.3382e-03,2.8991e-03,3.5330e-03,4.2481e-03,5.0518e-03,5.9511e-03,6.9517e-03,8.0581e-03,9.2739e-03,1.0601e-02,1.2041e-02,1.3593e-02,1.5255e-02,1.7025e-02,1.8899e-02,2.0870e-02,2.2935e-02,2.5085e-02,2.7313e-02,2.9614e-02,3.1978e-02,3.4398e-02,3.6868e-02,3.9381e-02,4.1932e-02,4.4515e-02,4.7126e-02,4.9762e-02,5.2419e-02,5.5095e-02,5.7789e-02,6.0496e-02,6.3217e-02,6.5946e-02,6.8682e-02,7.1420e-02,7.4155e-02,7.6882e-02,7.9593e-02,8.2281e-02,8.4936e-02,8.7547e-02,9.0102e-02,9.2587e-02,9.4987e-02,9.7285e-02,9.9460e-02,1.0149e-01,1.0336e-01,1.0504e-01,1.0650e-01,1.0772e-01,1.0868e-01,1.0933e-01,1.0967e-01,1.0967e-01,1.0930e-01,1.0856e-01,1.0743e-01,1.0591e-01,1.0400e-01,1.0171e-01,9.9059e-02,9.6065e-02,9.2756e-02,8.9164e-02,8.5325e-02,8.1274e-02,7.7052e-02,7.2696e-02,6.8245e-02,6.3738e-02,5.9209e-02,5.4692e-02,5.0220e-02,4.5821e-02,4.1522e-02,3.7348e-02,3.3319e-02,2.9455e-02,2.5772e-02,2.2283e-02,1.8999e-02,1.5930e-02,1.3083e-02,1.0461e-02,8.0689e-03,5.9071e-03,3.9754e-03,2.2725e-03,7.9537e-04,-4.5973e-04,-1.4974e-03
-2.8488e-04,1.0747e-05,3.1574e-04,6.3633e-04,9.7973e-04,1.3540e-03,1.7675e-03,2.2292e-03,2.7479e-03,3.3324e-03,3.9907e-03,4.7308e-03,5.5595e-03,6.4828e-03,7.5055e-03,8.6317e-03,9.8639e-03,1.1204e-02,1.2651e-02,1.4205e-02,1.5863e-02,1.7622e-02,1.9478e-02,2.1426e-02,2.3459e-02,2.5571e-02,2.7755e-02,3.0004e-02,3.2311e-02,3.4670e-02,3.7074e-02,3.9517e-02,4.1994e-02,4.4501e-02,4.7035e-02,4.9592e-02,5.2169e-02,5.4766e-02,5.7378e-02,6.0006e-02,6.2645e-02,6.5294e-02,6.7948e-02,7.0604e-02,7.3256e-02,7.5899e-02,7.8525e-02,8.1126e-02,8.3692e-02,8.6214e-02,8.8677e-02,9.1069e-02,9.3374e-02,9.5575e-02,9.7652e-02,9.9584e-02,1.0135e-01,1.0292e-01,1.0428e-01,1.0539e-01,1.0623e-01,1.0678e-01,1.0701e-01,1.0689e-01,1.0641e-01,1.0556e-01,1.0432e-01,1.0269e-01,1.0067e-01,9.8283e-02,9.5535e-02,9.2453e-02,8.9064e-02,8.5403e-02,8.1504e-02,7.7406e-02,7.3150e-02,6.8775e-02,6.4321e-02,5.9825e-02,5.5325e-02,5.0853e-02,4.6443e-02,4.2122e-02,3.7917e-02,3.3852e-02,2.9947e-02,2.6221e-02,2.2687e-02,1.9359e-02,1.6247e-02,1.3357e-02,1.0696e-02,8.2669e-03,6.0712e-03,4.1090e-03,2.3788e-03,8.7768e-04,-3.9799e-04,-1.4531e-03
-2.8985e-04,1.0292e-05,3.1432e-04,6.2805e-04,9.5844e-04,1.3133e-03,1.7008e-03,2.1296e-03,2.6086e-03,3.1462e-03,3.7510e-03,4.4305e-03,5.1918e-03,6.0412e-03,6.9838e-03,8.0238e-03,9.1643e-03,1.0407e-02,1.1753e-02,1.3201e-02,1.4750e-02,1.6398e-02,1.8140e-02,1.9972e-02,2.1889e-02,2.3885e-02,2.5953e-02,2.8087e-02,3.0280e-02,3.2526e-02,3.4819e-02,3.7152e-02,3.9522e-02,4.1923e-02,4.4353e-02,4.6807e-02,4.9283e-02,5.1780e-02,5.4295e-02,5.6826e-02,5.9371e-02,6.1928e-02,6.4494e-02,6.7065e-02,6.9637e-02,7.2204e-02,7.4760e-02,7.7298e-02,7.9810e-02,8.2286e-02,8.4715e-02,8.7084e-02,8.9380e-02,9.1587e-02,9.3687e-02,9.5662e-02,9.7491e-02,9.9150e-02,1.0062e-01,1.0186e-01,1.0287e-01,1.0360e-01,1.0403e-01,1.0414e-01,1.0391e-01,1.0332e-01,1.0236e-01,1.0101e-01,9.9273e-02,9.7157e-02,9.4672e-02,9.1835e-02,8.8672e-02,8.5213e-02,8.1491e-02,7.7544e-02,7.3412e-02,6.9137e-02,6.4757e-02,6.0315e-02,5.5848e-02,5.1394e-02,4.6985e-02,4.2654e-02,3.8429e-02,3.4337e-02,3.0399e-02,2.6636e-02,2.3063e-02,1.9695e-02,1.6543e-02,1.3615e-02,1.0917e-02,8.4539e-03,6.2268e-03,4.2362e-03,2.4807e-03,9.5760e-04,-3.3703e-04,-1.4080e-03
-2.9611e-04,9.1027e-06,3.1296e-04,6.2096e-04,9.3979e-04,1.2768e-03,1.6403e-03,2.0385e-03,2.4802e-03,2.9739e-03,3.5280e-03,4.1501e-03,4.8475e-03,5.6264e-03,6.4925e-03,7.4499e-03,8.5022e-03,9.6517e-03,1.0899e-02,1.2245e-02,1.3688e-02,1.5227e-02,1.6857e-02,1.8576e-02,2.0378e-02,2.2258e-02,2.4211e-02,2.6229e-02,2.8308e-02,3.0441e-02,3.2622e-02,3.4845e-02,3.7106e-02,3.9400e-02,4.1723e-02,4.4072e-02,4.6445e-02,4.8840e-02,5.1254e-02,5.3686e-02,5.6134e-02,5.8596e-02,6.1069e-02,6.3550e-02,6.6035e-02,6.8521e-02,7.1000e-02,7.3468e-02,7.5915e-02,7.8335e-02,8.0717e-02,8.3051e-02,8.5323e-02,8.7520e-02,8.9625e-02,9.1623e-02,9.3493e-02,9.5215e-02,9.6766e-02,9.8122e-02,9.9258e-02,1.0015e-01,1.0077e-01,1.0109e-01,1.0109e-01,1.0075e-01,1.0004e-01,9.8968e-02,9.7512e-02,9.5675e-02,9.3463e-02,9.0888e-02,8.7970e-02,8.4735e-02,8.1215e-02,7.7444e-02,7.3462e-02,6.9310e-02,6.5030e-02,6.0663e-02,5.6250e-02,5.1829e-02,4.7438e-02,4.3111e-02,3.8878e-02,3.4769e-02,3.0806e-02,2.7013e-02,2.3408e-02,2.0005e-02,1.6818e-02,1.3855e-02,1.1124e-02,8.6292e-03,6.3732e-03,4.3565e-03,2.5777e-03,1.0345e-03,-2.7725e-04,-1.3624e-03
-3.0425e-04,6.6636e-06,3.1115e-04,6.1457e-04,9.2312e-04,1.2441e-03,1.5853e-03,1.9551e-03,2.3620e-03,2.8145e-03,3.3208e-03,3.8887e-03,4.5254e-03,5.2376e-03,6.0306e-03,6.9092e-03,7.8771e-03,8.9369e-03,1.0090e-02,1.1337e-02,1.2678e-02,1.4110e-02,1.5631e-02,1.7239e-02,1.8928e-02,2.0694e-02,2.2532e-02,2.4437e-02,2.6401e-02,2.8421e-02,3.0489e-02,3.2601e-02,3.4752e-02,3.6937e-02,3.9152e-02,4.1395e-02,4.3663e-02,4.5953e-02,4.8264e-02,5.0594e-02,5.2942e-02,5.5305e-02,5.7682e-02,6.0069e-02,6.2463e-02,6.4861e-02,6.7258e-02,6.9647e-02,7.2023e-02,7.4378e-02,7.6703e-02,7.8989e-02,8.1223e-02,8.3395e-02,8.5489e-02,8.7491e-02,8.9383e-02,9.1145e-02,9.2758e-02,9.4198e-02,9.5442e-02,9.6466e-02,9.7242e-02,9.7747e-02,9.7954e-02,9.7841e-02,9.7387e-02,9.6575e-02,9.5394e-02,9.3836e-02,9.1903e-02,8.9600e-02,8.6943e-02,8.3953e-02,8.0656e-02,7.7086e-02,7.3280e-02,6.9278e-02,6.5121e-02,6.0852e-02,5.6514e-02,5.2148e-02,4.7792e-02,4.3484e-02,3.9257e-02,3.5141e-02,3.1164e-02,2.7350e-02,2.3719e-02,2.0287e-02,1.7069e-02,1.4076e-02,1.1315e-02,8.7921e-03,6.5098e-03,4.4692e-03,2.6695e-03,1.1080e-03,-2.1912e-04,-1.3168e-03
-3.1459e-04,2.4904e-06,3.0846e-04,6.0820e-04,9.0786e-04,1.2143e-03,1.5352e-03,1.8787e-03,2.2532e-03,2.6670e-03,3.1284e-03,3.6453e-03,4.2248e-03,4.8736e-03,5.5973e-03,6.4009e-03,7.2882e-03,8.2621e-03,9.3246e-03,1.0476e-02,1.1718e-02,1.3047e-02,1.4463e-02,1.5962e-02,1.7540e-02,1.9195e-02,2.0920e-02,2.2711e-02,2.4562e-02,2.6469e-02,2.8424e-02,3.0425e-02,3.2465e-02,3.4540e-02,3.6647e-02,3.8782e-02,4.0943e-02,4.3127e-02,4.5333e-02,4.7560e-02,4.9804e-02,5.2066e-02,5.4343e-02,5.6633e-02,5.8932e-02,6.1238e-02,6.3546e-02,6.5851e-02,6.8148e-02,7.0430e-02,7.2689e-02,7.4916e-02,7.7101e-02,7.9234e-02,8.1302e-02,8.3291e-02,8.5186e-02,8.6969e-02,8.8621e-02,9.0122e-02,9.1449e-02,9.2580e-02,9.3489e-02,9.4151e-02,9.4541e-02,9.4635e-02,9.4410e-02,9.3847e-02,9.2928e-02,9.1645e-02,8.9990e-02,8.7966e-02,8.5582e-02,8.2852e-02,7.9799e-02,7.6453e-02,7.2847e-02,6.9019e-02,6.5011e-02,6.0865e-02,5.6626e-02,5.2335e-02,4.8034e-02,4.3762e-02,3.9555e-02,3.5447e-02,3.1467e-02,2.7641e-02,2.3992e-02,2.0538e-02,1.7296e-02,1.4277e-02,1.1490e-02,8.9418e-03,6.6360e-03,4.5742e-03,2.7555e-03,1.1777e-03,-1.6295e-04,-1.2716e-03
-3.2748e-04,-3.8156e-06,3.0430e-04,6.0142e-04,8.9334e-04,1.1867e-03,1.4891e-03,1.8083e-03,2.1527e-03,2.5305e-03,2.9500e-03,3.4188e-03,3.9443e-03,4.5332e-03,5.1913e-03,5.9236e-03,6.7343e-03,7.6264e-03,8.6021e-03,9.6627e-03,1.0808e-02,1.2039e-02,1.3352e-02,1.4745e-02,1.6216e-02,1.7761e-02,1.9376e-02,2.1055e-02,2.2794e-02,2.4589e-02,2.6432e-02,2.8321e-02,3.0250e-02,3.2215e-02,3.4213e-02,3.6239e-02,3.8292e-02,4.0370e-02,4.2469e-02,4.4590e-02,4.6730e-02,4.8888e-02,5.1062e-02,5.3251e-02,5.5452e-02,5.7662e-02,5.9877e-02,6.2092e-02,6.4304e-02,6.6505e-02,6.8690e-02,7.0849e-02,7.2975e-02,7.5058e-02,7.7086e-02,7.9048e-02,8.0928e-02,8.2713e-02,8.4384e-02,8.5923e-02,8.7310e-02,8.8523e-02,8.9538e-02,9.0332e-02,9.0879e-02,9.1156e-02,9.1138e-02,9.0803e-02,9.0133e-02,8.9112e-02,8.7732e-02,8.5987e-02,8.3880e-02,8.1422e-02,7.8630e-02,7.5527e-02,7.2144e-02,6.8516e-02,6.4682e-02,6.0685e-02,5.6568e-02,5.2376e-02,4.8151e-02,4.3934e-02,3.9765e-02,3.5679e-02,3.1709e-02,2.7882e-02,2.4224e-02,2.0756e-02,1.7495e-02,1.4455e-02,1.1647e-02,9.0775e-03,6.7515e-03,4.6709e-03,2.8355e-03,1.2435e-03,-1.0904e-04,-1.2269e-03
-3.4341e-04,-1.2691e-05,2.9818e-04,5.9357e-04,8.7897e-04,1.1608e-03,1.4462e-03,1.7432e-03,2.0597e-03,2.4041e-03,2.7843e-03,3.2081e-03,3.6829e-03,4.2154e-03,4.8115e-03,5.4763e-03,6.2142e-03,7.0284e-03,7.9214e-03,8.8948e-03,9.9490e-03,1.1084e-02,1.2298e-02,1.3590e-02,1.4957e-02,1.6395e-02,1.7901e-02,1.9471e-02,2.1100e-02,2.2784e-02,2.4517e-02,2.6295e-02,2.8113e-02,2.9968e-02,3.1856e-02,3.3774e-02,3.5718e-02,3.7687e-02,3.9679e-02,4.1693e-02,4.3726e-02,4.5779e-02,4.7849e-02,4.9934e-02,5.2033e-02,5.4143e-02,5.6261e-02,5.8383e-02,6.0504e-02,6.2619e-02,6.4722e-02,6.6806e-02,6.8863e-02,7.0885e-02,7.2862e-02,7.4782e-02,7.6634e-02,7.8403e-02,8.0075e-02,8.1632e-02,8.3057e-02,8.4328e-02,8.5425e-02,8.6324e-02,8.7002e-02,8.7435e-02,8.7599e-02,8.7471e-02,8.7029e-02,8.6257e-02,8.5139e-02,8.3668e-02,8.1840e-02,7.9660e-02,7.7139e-02,7.4296e-02,7.1156e-02,6.7750e-02,6.4116e-02,6.0292e-02,5.6324e-02,5.2255e-02,4.8128e-02,4.3988e-02,3.9875e-02,3.5828e-02,3.1881e-02,2.8066e-02,2.4410e-02,2.0937e-02,1.7665e-02,1.4610e-02,1.1785e-02,9.1987e-03,6.8556e-03,4.7591e-03,2.9094e-03,1.3052e-03,-5.7407e-05,-1.1830e-03
-3.6252e-04,-2.4441e-05,2.8979e-04,5.8426e-04,8.6421e-04,1.1357e-03,1.4060e-03,1.6825e-03,1.9733e-03,2.2866e-03,2.6302e-03,3.0120e-03,3.4392e-03,3.9187e-03,4.4564e-03,5.0575e-03,5.7265e-03,6.4670e-03,7.2814e-03,8.1717e-03,9.1385e-03,1.0182e-02,1.1302e-02,1.2495e-02,1.3761e-02,1.5096e-02,1.6497e-02,1.7960e-02,1.9481e-02,2.1056e-02,2.2680e-02,2.4348e-02,2.6057e-02,2.7803e-02,2.9582e-02,3.1390e-02,3.3226e-02,3.5086e-02,3.6970e-02,3.8876e-02,4.0802e-02,4.2747e-02,4.4711e-02,4.6691e-02,4.8686e-02,5.0693e-02,5.2711e-02,5.4734e-02,5.6760e-02,5.8784e-02,6.0800e-02,6.2802e-02,6.4783e-02,6.6735e-02,6.8650e-02,7.0518e-02,7.2327e-02,7.4066e-02,7.5722e-02,7.7279e-02,7.8720e-02,8.0027e-02,8.1182e-02,8.2162e-02,8.2945e-02,8.3508e-02,8.3828e-02,8.3882e-02,8.3646e-02,8.3102e-02,8.2232e-02,8.1024e-02,7.9470e-02,7.7568e-02,7.5325e-02,7.2753e-02,6.9872e-02,6.6708e-02,6.3296e-02,5.9671e-02,5.5876e-02,5.1954e-02,4.7951e-02,4.3910e-02,3.9874e-02,3.5884e-02,3.1977e-02,2.8188e-02,2.4545e-02,2.1076e-02,1.7802e-02,1.4740e-02,1.1904e-02,9.3043e-03,6.9480e-03,4.8386e-03,2.9771e-03,1.3626e-03,-8.0909e-06,-1.1399e-03
-3.8530e-04,-3.9504e-05,2.7868e-04,5.7305e-04,8.4853e-04,1.1110e-03,1.3676e-03,1.6255e-03,1.8927e-03,2.1771e-03,2.4867e-03,2.8293e-03,3.2120e-03,3.6418e-03,4.1246e-03,4.6658e-03,5.2698e-03,5.9405e-03,6.6805e-03,7.4918e-03,8.3756e-03,9.3321e-03,1.0361e-02,1.1461e-02,1.2630e-02,1.3865e-02,1.5164e-02,1.6524e-02,1.7939e-02,1.9408e-02,2.0924e-02,2.2485e-02,2.4086e-02,2.5723e-02,2.7393e-02,2.9094e-02,3.0821e-02,3.2573e-02,3.4349e-02,3.6146e-02,3.7964e-02,3.9802e-02,4.1657e-02,4.3531e-02,4.5419e-02,4.7322e-02,4.9236e-02,5.1159e-02,5.3086e-02,5.5014e-02,5.6937e-02,5.8851e-02,6.0749e-02,6.2624e-02,6.4469e-02,6.6274e-02,6.8030e-02,6.9726e-02,7.1350e-02,7.2890e-02,7.4329e-02,7.5653e-02,7.6843e-02,7.7879e-02,7.8743e-02,7.9410e-02,7.9860e-02,8.0069e-02,8.0015e-02,7.9677e-02,7.9035e-02,7.8074e-02,7.6783e-02,7.5154e-02,7.3189e-02,7.0895e-02,6.8284e-02,6.5380e-02,6.2208e-02,5.8805e-02,5.5208e-02,5.1459e-02,4.7603e-02,4.3684e-02,3.9748e-02,3.5835e-02,3.1986e-02,2.8238e-02,2.4623e-02,2.1170e-02,1.7903e-02,1.4841e-02,1.2000e-02,9.3933e-03,7.0279e-03,4.9090e-03,3.0386e-03,1.4161e-03,3.8957e-05,-1.0974e-03
-4.1185e-04,-5.8130e-05,2.6448e-04,5.5944e-04,8.3138e-04,1.0862e-03,1.3304e-03,1.5714e-03,1.8168e-03,2.0746e-03,2.3527e-03,2.6587e-03,3.0000e-03,3.3832e-03,3.8146e-03,4.2994e-03,4.8423e-03,5.4472e-03,6.1169e-03,6.8536e-03,7.6586e-03,8.5323e-03,9.4747e-03,1.0485e-02,1.1561e-02,1.2701e-02,1.3902e-02,1.5161e-02,1.6475e-02,1.7839e-02,1.9251e-02,2.0707e-02,2.2202e-02,2.3732e-02,2.5295e-02,2.6888e-02,2.8508e-02,3.0153e-02,3.1820e-02,3.3509e-02,3.5219e-02,3.6948e-02,3.8696e-02,4.0461e-02,4.2243e-02,4.4039e-02,4.5848e-02,4.7666e-02,4.9492e-02,5.1320e-02,5.3148e-02,5.4969e-02,5.6779e-02,5.8570e-02,6.0337e-02,6.2070e-02,6.3763e-02,6.5405e-02,6.6985e-02,6.8493e-02,6.9914e-02,7.1235e-02,7.2440e-02,7.3512e-02,7.4431e-02,7.5178e-02,7.5732e-02,7.6070e-02,7.6171e-02,7.6014e-02,7.5578e-02,7.4845e-02,7.3801e-02,7.2435e-02,7.0743e-02,6.8726e-02,6.6392e-02,6.3758e-02,6.0844e-02,5.7682e-02,5.4305e-02,5.0753e-02,4.7069e-02,4.3297e-02,3.9483e-02,3.5669e-02,3.1898e-02,2.8209e-02,2.4637e-02,2.1212e-02,1.7963e-02,1.4910e-02,1.2073e-02,9.4644e-03,7.0947e-03,4.9700e-03,3.0936e-03,1.4656e-03,8.4011e-05,-1.0554e-03
-4.4245e-04,-8.0474e-05,2.4696e-04,5.4313e-04,8.1240e-04,1.0605e-03,1.2938e-03,1.5194e-03,1.7450e-03,1.9783e-03,2.2272e-03,2.4993e-03,2.8019e-03,3.1416e-03,3.5249e-03,3.9569e-03,4.4425e-03,4.9855e-03,5.5889e-03,6.2552e-03,6.9856e-03,7.7810e-03,8.6413e-03,9.5659e-03,1.0553e-02,1.1602e-02,1.2709e-02,1.3872e-02,1.5087e-02,1.6352e-02,1.7662e-02,1.9015e-02,2.0406e-02,2.1832e-02,2.3290e-02,2.4778e-02,2.6291e-02,2.7829e-02,2.9390e-02,3.0971e-02,3.2573e-02,3.4194e-02,3.5834e-02,3.7491e-02,3.9164e-02,4.0852e-02,4.2554e-02,4.4268e-02,4.5989e-02,4.7716e-02,4.9444e-02,5.1168e-02,5.2885e-02,5.4587e-02,5.6270e-02,5.7925e-02,5.9546e-02,6.1124e-02,6.2650e-02,6.4113e-02,6.5502e-02,6.6804e-02,6.8006e-02,6.9092e-02,7.0046e-02,7.0848e-02,7.1481e-02,7.1923e-02,7.2153e-02,7.2151e-02,7.1896e-02,7.1368e-02,7.0552e-02,6.9433e-02,6.8003e-02,6.6258e-02,6.4201e-02,6.1842e-02,5.9198e-02,5.6292e-02,5.3155e-02,4.9822e-02,4.6334e-02,4.2734e-02,3.9065e-02,3.5374e-02,3.1702e-02,2.8090e-02,2.4578e-02,2.1197e-02,1.7977e-02,1.4945e-02,1.2119e-02,9.5156e-03,7.1472e-03,5.0212e-03,3.1422e-03,1.5113e-03,1.2735e-04,-1.0134e-03
-4.7706e-04,-1.0679e-04,2.2583e-04,5.2371e-04,7.9122e-04,1.0336e-03,1.2572e-03,1.4689e-03,1.6763e-03,1.8871e-03,2.1091e-03,2.3497e-03,2.6163e-03,2.9156e-03,3.2539e-03,3.6365e-03,4.0684e-03,4.5533e-03,5.0946e-03,5.6945e-03,6.3548e-03,7.0762e-03,7.8589e-03,8.7024e-03,9.6058e-03,1.0567e-02,1.1584e-02,1.2655e-02,1.3776e-02,1.4945e-02,1.6157e-02,1.7410e-02,1.8701e-02,2.0025e-02,2.1381e-02,2.2764e-02,2.4174e-02,2.5607e-02,2.7062e-02,2.8537e-02,3.0032e-02,3.1545e-02,3.3077e-02,3.4626e-02,3.6191e-02,3.7771e-02,3.9365e-02,4.0972e-02,4.2588e-02,4.4210e-02,4.5836e-02,4.7461e-02,4.9081e-02,5.0691e-02,5.2284e-02,5.3855e-02,5.5398e-02,5.6904e-02,5.8365e-02,5.9773e-02,6.1118e-02,6.2387e-02,6.3570e-02,6.4653e-02,6.5621e-02,6.6458e-02,6.7145e-02,6.7666e-02,6.7999e-02,6.8126e-02,6.8026e-02,6.7679e-02,6.7067e-02,6.6176e-02,6.4992e-02,6.3509e-02,6.1724e-02,5.9641e-02,5.7271e-02,5.4633e-02,5.1751e-02,4.8657e-02,4.5386e-02,4.1980e-02,3.8482e-02,3.4935e-02,3.1384e-02,2.7871e-02,2.4436e-02,2.1115e-02,1.7940e-02,1.4939e-02,1.2135e-02,9.5449e-03,7.1841e-03,5.0619e-03,3.1841e-03,1.5534e-03,1.6935e-04,-9.7111e-04
-5.1593e-04,-1.3724e-04,2.0087e-04,5.0108e-04,7.6743e-04,1.0050e-03,1.2200e-03,1.4193e-03,1.6102e-03,1.8004e-03,1.9974e-03,2.2088e-03,2.4421e-03,2.7038e-03,3.0002e-03,3.3367e-03,3.7183e-03,4.1490e-03,4.6319e-03,5.1697e-03,5.7639e-03,6.4157e-03,7.1253e-03,7.8924e-03,8.7161e-03,9.5949e-03,1.0527e-02,1.1510e-02,1.2541e-02,1.3617e-02,1.4735e-02,1.5893e-02,1.7086e-02,1.8312e-02,1.9568e-02,2.0850e-02,2.2158e-02,2.3488e-02,2.4839e-02,2.6210e-02,2.7600e-02,2.9007e-02,3.0432e-02,3.1873e-02,3.3330e-02,3.4802e-02,3.6288e-02,3.7787e-02,3.9297e-02,4.0814e-02,4.2336e-02,4.3859e-02,4.5380e-02,4.6893e-02,4.8394e-02,4.9877e-02,5.1335e-02,5.2763e-02,5.4153e-02,5.5496e-02,5.6786e-02,5.8011e-02,5.9161e-02,6.0225e-02,6.1190e-02,6.2040e-02,6.2762e-02,6.3338e-02,6.3750e-02,6.3980e-02,6.4008e-02,6.3815e-02,6.3384e-02,6.2698e-02,6.1741e-02,6.0503e-02,5.8979e-02,5.7166e-02,5.5071e-02,5.2706e-02,5.0091e-02,4.7250e-02,4.4216e-02,4.1025e-02,3.7719e-02,3.4341e-02,3.0934e-02,2.7541e-02,2.4203e-02,2.0960e-02,1.7845e-02,1.4889e-02,1.2116e-02,9.5494e-03,7.2036e-03,5.0909e-03,3.2190e-03,1.5919e-03,2.1024e-04,-9.2783e-04
-5.5910e-04,-1.7185e-04,1.7201e-04,4.7491e-04,7.4071e-04,9.7440e-04,1.1819e-03,1.3700e-03,1.5458e-03,1.7170e-03,1.8912e-03,2.0757e-03,2.2780e-03,2.5048e-03,2.7622e-03,3.0558e-03,3.3906e-03,3.7705e-03,4.1990e-03,4.6784e-03,5.2109e-03,5.7973e-03,6.4383e-03,7.1334e-03,7.8821e-03,8.6829e-03,9.5341e-03,1.0434e-02,1.1379e-02,1.2367e-02,1.3396e-02,1.4461e-02,1.5561e-02,1.6692e-02,1.7852e-02,1.9037e-02,2.0246e-02,2.1476e-02,2.2726e-02,2.3994e-02,2.5280e-02,2.6583e-02,2.7902e-02,2.9237e-02,3.0587e-02,3.1952e-02,3.3331e-02,3.4722e-02,3.6125e-02,3.7536e-02,3.8953e-02,4.0373e-02,4.1793e-02,4.3208e-02,4.4613e-02,4.6003e-02,4.7373e-02,4.8718e-02,5.0030e-02,5.1303e-02,5.2528e-02,5.3699e-02,5.4805e-02,5.5837e-02,5.6782e-02,5.7630e-02,5.8366e-02,5.8976e-02,5.9444e-02,5.9752e-02,5.9883e-02,5.9820e-02,5.9543e-02,5.9036e-02,5.8284e-02,5.7272e-02,5.5992e-02,5.4439e-02,5.2613e-02,5.0521e-02,4.8177e-02,4.5599e-02,4.2817e-02,3.9860e-02,3.6768e-02,3.3580e-02,3.0338e-02,2.7087e-02,2.3868e-02,2.0722e-02,1.7683e-02,1.4787e-02,1.2060e-02,9.5255e-03,7.2033e-03,5.1069e-03,3.2461e-03,1.6266e-03,2.5041e-04,-8.8315e-04
-6.0653e-04,-2.1077e-04,1.3903e-04,4.4502e-04,7.1094e-04,9.4143e-04,1.1423e-03,1.3204e-03,1.4826e-03,1.6364e-03,1.7895e-03,1.9492e-03,2.1229e-03,2.3172e-03,2.5385e-03,2.7922e-03,3.0833e-03,3.4160e-03,3.7935e-03,4.2187e-03,4.6934e-03,5.2187e-03,5.7953e-03,6.4230e-03,7.1011e-03,7.8286e-03,8.6038e-03,9.4247e-03,1.0289e-02,1.1194e-02,1.2137e-02,1.3115e-02,1.4126e-02,1.5166e-02,1.6233e-02,1.7324e-02,1.8437e-02,1.9570e-02,2.0722e-02,2.1891e-02,2.3076e-02,2.4277e-02,2.5492e-02,2.6723e-02,2.7968e-02,2.9226e-02,3.0499e-02,3.1783e-02,3.3079e-02,3.4384e-02,3.5696e-02,3.7013e-02,3.8330e-02,3.9644e-02,4.0952e-02,4.2247e-02,4.3527e-02,4.4784e-02,4.6014e-02,4.7210e-02,4.8365e-02,4.9473e-02,5.0526e-02,5.1514e-02,5.2428e-02,5.3258e-02,5.3992e-02,5.4617e-02,5.5119e-02,5.5483e-02,5.5693e-02,5.5733e-02,5.5585e-02,5.5232e-02,5.4659e-02,5.3851e-02,5.2796e-02,5.1486e-02,4.9918e-02,4.8093e-02,4.6019e-02,4.3711e-02,4.1189e-02,3.8481e-02,3.5619e-02,3.2641e-02,2.9588e-02,2.6500e-02,2.3421e-02,2.0390e-02,1.7447e-02,1.4626e-02,1.1958e-02,9.4691e-03,7.1801e-03,5.1079e-03,3.2644e-03,1.6571e-03,2.9004e-04,-8.3658e-04
-6.5815e-04,-2.5383e-04,1.0195e-04,4.1137e-04,6.7774e-04,9.0575e-04,1.1011e-03,1.2701e-03,1.4199e-03,1.5579e-03,1.6916e-03,1.8284e-03,1.9756e-03,2.1399e-03,2.3276e-03,2.5442e-03,2.7948e-03,3.0834e-03,3.4137e-03,3.7882e-03,4.2090e-03,4.6773e-03,5.1938e-03,5.7585e-03,6.3707e-03,7.0295e-03,7.7333e-03,8.4803e-03,9.2682e-03,1.0095e-02,1.0957e-02,1.1852e-02,1.2778e-02,1.3732e-02,1.4710e-02,1.5711e-02,1.6733e-02,1.7773e-02,1.8830e-02,1.9902e-02,2.0990e-02,2.2091e-02,2.3206e-02,2.4334e-02,2.5475e-02,2.6630e-02,2.7797e-02,2.8976e-02,3.0166e-02,3.1365e-02,3.2573e-02,3.3785e-02,3.5000e-02,3.6213e-02,3.7422e-02,3.8621e-02,3.9807e-02,4.0975e-02,4.2119e-02,4.3234e-02,4.4314e-02,4.5354e-02,4.6345e-02,4.7281e-02,4.8153e-02,4.8952e-02,4.9670e-02,5.0293e-02,5.0811e-02,5.1211e-02,5.1478e-02,5.1597e-02,5.1552e-02,5.1328e-02,5.0908e-02,5.0279e-02,4.9427e-02,4.8341e-02,4.7014e-02,4.5445e-02,4.3635e-02,4.1595e-02,3.9338e-02,3.6888e-02,3.4271e-02,3.1520e-02,2.8673e-02,2.5770e-02,2.2851e-02,1.9957e-02,1.7128e-02,1.4400e-02,1.1806e-02,9.3750e-03,7.1304e-03,5.0914e-03,3.2723e-03,1.6829e-03,3.2889e-04,-7.8773e-04
-7.1389e-04,-3.0112e-04,6.0842e-05,3.7388e-04,6.4118e-04,8.6728e-04,1.0577e-03,1.2187e-03,1.3574e-03,1.4809e-03,1.5968e-03,1.7125e-03,1.8352e-03,1.9717e-03,2.1282e-03,2.3104e-03,2.5233e-03,2.7712e-03,3.0574e-03,3.3848e-03,3.7555e-03,4.1708e-03,4.6313e-03,5.1372e-03,5.6880e-03,6.2827e-03,6.9198e-03,7.5976e-03,8.3140e-03,9.0666e-03,9.8529e-03,1.0670e-02,1.1516e-02,1.2387e-02,1.3282e-02,1.4197e-02,1.5132e-02,1.6082e-02,1.7048e-02,1.8028e-02,1.9021e-02,2.0026e-02,2.1044e-02,2.2073e-02,2.3113e-02,2.4166e-02,2.5230e-02,2.6305e-02,2.7391e-02,2.8486e-02,2.9589e-02,3.0698e-02,3.1810e-02,3.2923e-02,3.4033e-02,3.5135e-02,3.6227e-02,3.7303e-02,3.8360e-02,3.9391e-02,4.0392e-02,4.1358e-02,4.2282e-02,4.3158e-02,4.3980e-02,4.4739e-02,4.5428e-02,4.6036e-02,4.6554e-02,4.6971e-02,4.7274e-02,4.7451e-02,4.7486e-02,4.7365e-02,4.7074e-02,4.6598e-02,4.5924e-02,4.5039e-02,4.3934e-02,4.2604e-02,4.1048e-02,3.9269e-02,3.7276e-02,3.5087e-02,3.2724e-02,3.0214e-02,2.7590e-02,2.4889e-02,2.2150e-02,1.9413e-02,1.6717e-02,1.4100e-02,1.1597e-02,9.2379e-03,7.0498e-03,5.0541e-03,3.2677e-03,1.7026e-03,3.6665e-04,-7.3637e-04
-7.7365e-04,-3.5252e-04,1.5602e-05,3.3249e-04,6.0115e-04,8.2587e-04,1.0120e-03,1.1659e-03,1.2944e-03,1.4047e-03,1.5043e-03,1.6005e-03,1.7006e-03,1.8114e-03,1.9390e-03,2.0894e-03,2.2673e-03,2.4772e-03,2.7226e-03,3.0064e-03,3.3306e-03,3.6966e-03,4.1052e-03,4.5565e-03,5.0501e-03,5.5852e-03,6.1603e-03,6.7736e-03,7.4233e-03,8.1069e-03,8.8222e-03,9.5663e-03,1.0337e-02,1.1131e-02,1.1947e-02,1.2781e-02,1.3632e-02,1.4498e-02,1.5378e-02,1.6269e-02,1.7171e-02,1.8084e-02,1.9007e-02,1.9940e-02,2.0884e-02,2.1837e-02,2.2801e-02,2.3774e-02,2.4758e-02,2.5751e-02,2.6751e-02,2.7758e-02,2.8769e-02,2.9781e-02,3.0791e-02,3.1797e-02,3.2794e-02,3.3779e-02,3.4746e-02,3.5692e-02,3.6612e-02,3.7501e-02,3.8354e-02,3.9166e-02,3.9930e-02,4.0641e-02,4.1292e-02,4.1873e-02,4.2378e-02,4.2797e-02,4.3119e-02,4.3333e-02,4.3426e-02,4.3386e-02,4.3199e-02,4.2852e-02,4.2330e-02,4.1622e-02,4.0717e-02,3.9606e-02,3.8287e-02,3.6757e-02,3.5022e-02,3.3093e-02,3.0987e-02,2.8725e-02,2.6336e-02,2.3853e-02,2.1312e-02,1.8750e-02,1.6206e-02,1.3718e-02,1.1323e-02,9.0515e-03,6.9334e-03,4.9925e-03,3.2480e-03,1.7147e-03,4.0253e-04,-6.8269e-04
-8.3723e-04,-4.0787e-04,-3.3524e-05,2.8728e-04,5.5749e-04,7.8128e-04,9.6395e-04,1.1115e-03,1.2308e-03,1.3289e-03,1.4135e-03,1.4918e-03,1.5711e-03,1.6580e-03,1.7590e-03,1.8797e-03,2.0253e-03,2.2001e-03,2.4077e-03,2.6510e-03,2.9320e-03,3.2524e-03,3.6128e-03,4.0136e-03,4.4542e-03,4.9340e-03,5.4515e-03,6.0051e-03,6.5928e-03,7.2124e-03,7.8614e-03,8.5373e-03,9.2376e-03,9.9596e-03,1.0701e-02,1.1459e-02,1.2232e-02,1.3018e-02,1.3815e-02,1.4623e-02,1.5439e-02,1.6264e-02,1.7097e-02,1.7938e-02,1.8787e-02,1.9645e-02,2.0511e-02,2.1387e-02,2.2271e-02,2.3163e-02,2.4063e-02,2.4969e-02,2.5880e-02,2.6793e-02,2.7705e-02,2.8615e-02,2.9517e-02,3.0410e-02,3.1288e-02,3.2148e-02,3.2986e-02,3.3796e-02,3.4576e-02,3.5320e-02,3.6022e-02,3.6679e-02,3.7284e-02,3.7830e-02,3.8311e-02,3.8718e-02,3.9044e-02,3.9279e-02,3.9411e-02,3.9430e-02,3.9325e-02,3.9081e-02,3.8687e-02,3.8131e-02,3.7401e-02,3.6488e-02,3.5385e-02,3.4089e-02,3.2600e-02,3.0924e-02,2.9072e-02,2.7062e-02,2.4916e-02,2.2662e-02,2.0333e-02,1.7963e-02,1.5589e-02,1.3248e-02,1.0977e-02,8.8097e-03,6.7758e-03,4.9020e-03,3.2100e-03,1.7169e-03,4.3520e-04,-6.2705e-04
-9.0450e-04,-4.6709e-04,-8.6527e-05,2.3835e-04,5.1038e-04,7.3362e-04,9.1314e-04,1.0550e-03,1.1660e-03,1.2531e-03,1.3239e-03,1.3857e-03,1.4457e-03,1.5106e-03,1.5868e-03,1.6802e-03,1.7958e-03,1.9380e-03,2.1106e-03,2.3163e-03,2.5575e-03,2.8357e-03,3.1516e-03,3.5056e-03,3.8975e-03,4.3261e-03,4.7905e-03,5.2888e-03,5.8192e-03,6.3795e-03,6.9672e-03,7.5799e-03,8.2149e-03,8.8697e-03,9.5418e-03,1.0229e-02,1.0929e-02,1.1640e-02,1.2360e-02,1.3088e-02,1.3823e-02,1.4564e-02,1.5312e-02,1.6065e-02,1.6824e-02,1.7590e-02,1.8363e-02,1.9143e-02,1.9930e-02,2.0725e-02,2.1527e-02,2.2335e-02,2.3147e-02,2.3963e-02,2.4779e-02,2.5594e-02,2.6403e-02,2.7204e-02,2.7994e-02,2.8768e-02,2.9523e-02,3.0254e-02,3.0959e-02,3.1633e-02,3.2271e-02,3.2869e-02,3.3423e-02,3.3927e-02,3.4375e-02,3.4761e-02,3.5079e-02,3.5319e-02,3.5474e-02,3.5535e-02,3.5489e-02,3.5328e-02,3.5038e-02,3.4609e-02,3.4030e-02,3.3291e-02,3.2382e-02,3.1300e-02,3.0040e-02,2.8604e-02,2.7000e-02,2.5239e-02,2.3338e-02,2.1321e-02,1.9214e-02,1.7049e-02,1.4861e-02,1.2684e-02,1.0554e-02,8.5064e-03,6.5716e-03,4.7780e-03,3.1499e-03,1.7066e-03,4.6305e-04,-5.7039e-04
-9.7509e-04,-5.2980e-04,-1.4327e-04,1.8580e-04,4.5982e-04,6.8277e-04,8.5978e-04,9.9658e-04,1.0999e-03,1.1771e-03,1.2351e-03,1.2816e-03,1.3237e-03,1.3682e-03,1.4216e-03,1.4896e-03,1.5774e-03,1.6895e-03,1.8297e-03,2.0008e-03,2.2051e-03,2.4442e-03,2.7192e-03,3.0301e-03,3.3768e-03,3.7584e-03,4.1738e-03,4.6213e-03,5.0990e-03,5.6047e-03,6.1359e-03,6.6902e-03,7.2650e-03,7.8577e-03,8.4659e-03,9.0871e-03,9.7191e-03,1.0360e-02,1.1008e-02,1.1662e-02,1.2320e-02,1.2983e-02,1.3649e-02,1.4320e-02,1.4993e-02,1.5672e-02,1.6355e-02,1.7044e-02,1.7738e-02,1.8439e-02,1.9145e-02,1.9858e-02,2.0575e-02,2.1295e-02,2.2017e-02,2.2738e-02,2.3456e-02,2.4167e-02,2.4869e-02,2.5558e-02,2.6231e-02,2.6884e-02,2.7514e-02,2.8116e-02,2.8688e-02,2.9226e-02,2.9725e-02,3.0182e-02,3.0591e-02,3.0948e-02,3.1248e-02,3.1483e-02,3.1647e-02,3.1732e-02,3.1729e-02,3.1629e-02,3.1422e-02,3.1097e-02,3.0645e-02,3.0054e-02,2.9317e-02,2.8426e-02,2.7375e-02,2.6165e-02,2.4796e-02,2.3276e-02,2.1618e-02,1.9838e-02,1.7960e-02,1.6010e-02,1.4020e-02,1.2021e-02,1.0049e-02,8.1361e-03,6.3153e-03,4.6158e-03,3.0636e-03,1.6806e-03,4.8375e-04,-5.1398e-04
-1.0487e-03,-5.9588e-04,-2.0336e-04,1.2973e-04,4.0590e-04,6.2887e-04,8.0360e-04,9.3590e-04,1.0324e-03,1.1002e-03,1.1466e-03,1.1790e-03,1.2046e-03,1.2302e-03,1.2623e-03,1.3069e-03,1.3690e-03,1.4531e-03,1.5633e-03,1.7023e-03,1.8726e-03,2.0759e-03,2.3130e-03,2.5843e-03,2.8896e-03,3.2280e-03,3.5985e-03,3.9994e-03,4.4287e-03,4.8843e-03,5.3638e-03,5.8646e-03,6.3841e-03,6.9198e-03,7.4691e-03,8.0295e-03,8.5987e-03,9.1749e-03,9.7562e-03,1.0341e-02,1.0928e-02,1.1518e-02,1.2108e-02,1.2700e-02,1.3293e-02,1.3889e-02,1.4487e-02,1.5088e-02,1.5694e-02,1.6304e-02,1.6919e-02,1.7539e-02,1.8163e-02,1.8791e-02,1.9421e-02,2.0051e-02,2.0679e-02,2.1303e-02,2.1919e-02,2.2524e-02,2.3116e-02,2.3692e-02,2.4247e-02,2.4779e-02,2.5284e-02,2.5760e-02,2.6203e-02,2.6609e-02,2.6976e-02,2.7298e-02,2.7572e-02,2.7793e-02,2.7955e-02,2.8051e-02,2.8075e-02,2.8020e-02,2.7876e-02,2.7634e-02,2.7285e-02,2.6821e-02,2.6231e-02,2.5507e-02,2.4645e-02,2.3639e-02,2.2489e-02,2.1198e-02,1.9774e-02,1.8229e-02,1.6581e-02,1.4852e-02,1.3069e-02,1.1260e-02,9.4579e-03,7.6947e-03,6.0023e-03,4.4107e-03,2.9472e-03,1.6354e-03,4.9478e-04,-4.5960e-04
-1.1253e-03,-6.6507e-04,-2.6676e-04,7.0432e-05,3.4877e-04,5.7200e-04,7.4481e-04,8.7307e-04,9.6330e-04,1.0225e-03,1.0581e-03,1.0774e-03,1.0876e-03,1.0957e-03,1.1082e-03,1.1309e-03,1.1691e-03,1.2276e-03,1.3099e-03,1.4194e-03,1.5584e-03,1.7285e-03,1.9308e-03,2.1657e-03,2.4330e-03,2.7319e-03,3.0613e-03,3.4195e-03,3.8047e-03,4.2147e-03,4.6470e-03,5.0990e-03,5.5682e-03,6.0518e-03,6.5472e-03,7.0521e-03,7.5639e-03,8.0807e-03,8.6004e-03,9.1217e-03,9.6433e-03,1.0164e-02,1.0684e-02,1.1203e-02,1.1721e-02,1.2238e-02,1.2756e-02,1.3275e-02,1.3796e-02,1.4320e-02,1.4848e-02,1.5379e-02,1.5914e-02,1.6452e-02,1.6993e-02,1.7535e-02,1.8076e-02,1.8614e-02,1.9146e-02,1.9670e-02,2.0183e-02,2.0682e-02,2.1164e-02,2.1626e-02,2.2066e-02,2.2480e-02,2.2866e-02,2.3221e-02,2.3542e-02,2.3826e-02,2.4070e-02,2.4269e-02,2.4420e-02,2.4518e-02,2.4557e-02,2.4530e-02,2.4432e-02,2.4254e-02,2.3989e-02,2.3628e-02,2.3162e-02,2.2583e-02,2.1886e-02,2.1063e-02,2.0113e-02,1.9035e-02,1.7832e-02,1.6514e-02,1.5093e-02,1.3585e-02,1.2013e-02,1.0402e-02,8.7813e-03,7.1801e-03,5.6293e-03,4.1588e-03,2.7965e-03,1.5675e-03,4.9315e-04,-4.0940e-04
-1.2044e-03,-7.3697e-04,-3.3301e-04,8.1072e-06,2.8870e-04,5.1221e-04,6.8339e-04,8.0796e-04,8.9248e-04,9.4376e-04,9.6940e-04,9.7648e-04,9.7248e-04,9.6430e-04,9.5846e-04,9.6092e-04,9.7704e-04,1.0115e-03,1.0682e-03,1.1504e-03,1.2604e-03,1.4001e-03,1.5704e-03,1.7720e-03,2.0044e-03,2.2672e-03,2.5592e-03,2.8786e-03,3.2237e-03,3.5922e-03,3.9817e-03,4.3895e-03,4.8130e-03,5.2494e-03,5.6961e-03,6.1505e-03,6.6101e-03,7.0727e-03,7.5364e-03,7.9995e-03,8.4607e-03,8.9190e-03,9.3738e-03,9.8250e-03,1.0273e-02,1.0718e-02,1.1160e-02,1.1602e-02,1.2043e-02,1.2485e-02,1.2929e-02,1.3376e-02,1.3825e-02,1.4278e-02,1.4733e-02,1.5189e-02,1.5646e-02,1.6100e-02,1.6552e-02,1.6997e-02,1.7433e-02,1.7858e-02,1.8269e-02,1.8663e-02,1.9038e-02,1.9392e-02,1.9721e-02,2.0024e-02,2.0299e-02,2.0543e-02,2.0753e-02,2.0927e-02,2.1061e-02,2.1152e-02,2.1195e-02,2.1186e-02,2.1120e-02,2.0990e-02,2.0790e-02,2.0511e-02,2.0148e-02,1.9692e-02,1.9136e-02,1.8475e-02,1.7703e-02,1.6818e-02,1.5822e-02,1.4718e-02,1.3514e-02,1.2224e-02,1.0863e-02,9.4547e-03,8.0219e-03,6.5923e-03,5.1945e-03,3.8572e-03,2.6083e-03,1.4736e-03,4.7588e-04,-3.6574e-04
-1.2856e-03,-8.1138e-04,-4.0204e-04,-5.7001e-05,2.2579e-04,4.4972e-04,6.1952e-04,7.4076e-04,8.1985e-04,8.6388e-04,8.8012e-04,8.7593e-04,8.5868e-04,8.3534e-04,8.1239e-04,7.9604e-04,7.9166e-04,8.0390e-04,8.3687e-04,8.9375e-04,9.7714e-04,1.0888e-03,1.2298e-03,1.4008e-03,1.6015e-03,1.8314e-03,2.0892e-03,2.3735e-03,2.6823e-03,3.0133e-03,3.3641e-03,3.7321e-03,4.1144e-03,4.5084e-03,4.9112e-03,5.3201e-03,5.7326e-03,6.1464e-03,6.5594e-03,6.9697e-03,7.3760e-03,7.7772e-03,8.1725e-03,8.5617e-03,8.9448e-03,9.3224e-03,9.6952e-03,1.0064e-02,1.0431e-02,1.0796e-02,1.1161e-02,1.1528e-02,1.1896e-02,1.2266e-02,1.2639e-02,1.3013e-02,1.3388e-02,1.3763e-02,1.4136e-02,1.4505e-02,1.4867e-02,1.5220e-02,1.5562e-02,1.5891e-02,1.6204e-02,1.6499e-02,1.6773e-02,1.7026e-02,1.7254e-02,1.7457e-02,1.7632e-02,1.7777e-02,1.7890e-02,1.7969e-02,1.8010e-02,1.8009e-02,1.7963e-02,1.7867e-02,1.7716e-02,1.7504e-02,1.7223e-02,1.6869e-02,1.6433e-02,1.5910e-02,1.5294e-02,1.4583e-02,1.3773e-02,1.2867e-02,1.1869e-02,1.0787e-02,9.6346e-03,8.4274e-03,7.1864e-03,5.9348e-03,4.6986e-03,3.5049e-03,2.3804e-03,1.3509e-03,4.4032e-04,-3.3103e-04
-1.3685e-03,-8.8790e-04,-4.7336e-04,-1.2464e-04,1.6036e-04,3.8478e-04,5.5329e-04,6.7148e-04,7.4559e-04,7.8281e-04,7.9032e-04,7.7553e-04,7.4589e-04,7.0831e-04,6.6953e-04,6.3561e-04,6.1211e-04,6.0378e-04,6.1468e-04,6.4821e-04,7.0702e-04,7.9283e-04,9.0697e-04,1.0500e-03,1.2217e-03,1.4216e-03,1.6486e-03,1.9011e-03,2.1771e-03,2.4745e-03,2.7906e-03,3.1227e-03,3.4684e-03,3.8244e-03,4.1878e-03,4.5562e-03,4.9267e-03,5.2968e-03,5.6644e-03,6.0274e-03,6.3842e-03,6.7339e-03,7.0752e-03,7.4080e-03,7.7321e-03,8.0480e-03,8.3565e-03,8.6587e-03,8.9559e-03,9.2493e-03,9.5407e-03,9.8313e-03,1.0122e-02,1.0415e-02,1.0709e-02,1.1005e-02,1.1303e-02,1.1601e-02,1.1898e-02,1.2193e-02,1.2484e-02,1.2769e-02,1.3045e-02,1.3311e-02,1.3564e-02,1.3802e-02,1.4023e-02,1.4227e-02,1.4411e-02,1.4573e-02,1.4713e-02,1.4828e-02,1.4918e-02,1.4981e-02,1.5014e-02,1.5015e-02,1.4981e-02,1.4908e-02,1.4793e-02,1.4631e-02,1.4417e-02,1.4145e-02,1.3809e-02,1.3403e-02,1.2923e-02,1.2362e-02,1.1720e-02,1.0993e-02,1.0185e-02,9.2994e-03,8.3454e-03,7.3352e-03,6.2849e-03,5.2141e-03,4.1454e-03,3.1029e-03,2.1120e-03,1.1978e-03,3.8410e-04,-3.0769e-04
-1.4530e-03,-9.6615e-04,-5.4672e-04,-1.9442e-04,9.2668e-05,3.1758e-04,4.8492e-04,6.0020e-04,6.6971e-04,7.0049e-04,6.9982e-04,6.7515e-04,6.3379e-04,5.8290e-04,5.2930e-04,4.7898e-04,4.3756e-04,4.1015e-04,4.0058e-04,4.1257e-04,4.4850e-04,5.1072e-04,6.0017e-04,7.1762e-04,8.6296e-04,1.0357e-03,1.2347e-03,1.4584e-03,1.7050e-03,1.9722e-03,2.2574e-03,2.5578e-03,2.8707e-03,3.1930e-03,3.5218e-03,3.8543e-03,4.1875e-03,4.5189e-03,4.8462e-03,5.1672e-03,5.4801e-03,5.7836e-03,6.0766e-03,6.3586e-03,6.6294e-03,6.8894e-03,7.1393e-03,7.3801e-03,7.6132e-03,7.8403e-03,8.0628e-03,8.2827e-03,8.5013e-03,8.7202e-03,8.9402e-03,9.1618e-03,9.3853e-03,9.6102e-03,9.8357e-03,1.0061e-02,1.0283e-02,1.0502e-02,1.0715e-02,1.0921e-02,1.1117e-02,1.1301e-02,1.1472e-02,1.1629e-02,1.1769e-02,1.1893e-02,1.1998e-02,1.2084e-02,1.2150e-02,1.2195e-02,1.2217e-02,1.2215e-02,1.2186e-02,1.2129e-02,1.2040e-02,1.1917e-02,1.1754e-02,1.1548e-02,1.1294e-02,1.0986e-02,1.0619e-02,1.0190e-02,9.6928e-03,9.1264e-03,8.4899e-03,7.7854e-03,7.0179e-03,6.1960e-03,5.3317e-03,4.4404e-03,3.5411e-03,2.6548e-03,1.8045e-03,1.0138e-03,3.0593e-04,-2.9735e-04
-1.5386e-03,-1.0459e-03,-6.2177e-04,-2.6598e-04,2.2968e-05,2.4841e-04,4.1459e-04,5.2722e-04,5.9231e-04,6.1705e-04,6.0859e-04,5.7457e-04,5.2224e-04,4.5892e-04,3.9129e-04,3.2565e-04,2.6764e-04,2.2223e-04,1.9368e-04,1.8557e-04,2.0065e-04,2.4092e-04,3.0771e-04,4.0174e-04,5.2313e-04,6.7117e-04,8.4500e-04,1.0429e-03,1.2632e-03,1.5034e-03,1.7611e-03,2.0335e-03,2.3175e-03,2.6102e-03,2.9086e-03,3.2096e-03,3.5102e-03,3.8078e-03,4.0998e-03,4.3839e-03,4.6581e-03,4.9210e-03,5.1711e-03,5.4079e-03,5.6312e-03,5.8409e-03,6.0378e-03,6.2229e-03,6.3976e-03,6.5636e-03,6.7228e-03,6.8770e-03,7.0282e-03,7.1780e-03,7.3282e-03,7.4794e-03,7.6326e-03,7.7879e-03,7.9448e-03,8.1027e-03,8.2605e-03,8.4168e-03,8.5699e-03,8.7181e-03,8.8597e-03,8.9930e-03,9.1166e-03,9.2291e-03,9.3293e-03,9.4162e-03,9.4889e-03,9.5467e-03,9.5892e-03,9.6154e-03,9.6248e-03,9.6164e-03,9.5890e-03,9.5412e-03,9.4712e-03,9.3764e-03,9.2541e-03,9.1006e-03,8.9124e-03,8.6851e-03,8.4140e-03,8.0948e-03,7.7236e-03,7.2972e-03,6.8134e-03,6.2724e-03,5.6765e-03,5.0309e-03,4.3438e-03,3.6270e-03,2.8956e-03,2.1671e-03,1.4616e-03,8.0059e-04,2.0591e-04,-3.0113e-04
-1.6248e-03,-1.1266e-03,-6.9806e-04,-3.3917e-04,-4.8361e-05,1.7747e-04,3.4265e-04,4.5259e-04,5.1354e-04,5.3248e-04,5.1674e-04,4.7379e-04,4.1117e-04,3.3609e-04,2.5521e-04,1.7510e-04,1.0151e-04,3.9403e-05,-6.8494e-06,-3.3589e-05,-3.7978e-05,-1.7944e-05,2.8087e-05,1.0078e-04,2.0030e-04,3.2607e-04,4.7706e-04,6.5191e-04,8.4867e-04,1.0650e-03,1.2985e-03,1.5461e-03,1.8050e-03,2.0719e-03,2.3438e-03,2.6175e-03,2.8900e-03,3.1584e-03,3.4198e-03,3.6719e-03,3.9126e-03,4.1401e-03,4.3528e-03,4.5500e-03,4.7312e-03,4.8964e-03,5.0461e-03,5.1812e-03,5.3032e-03,5.4137e-03,5.5147e-03,5.6086e-03,5.6973e-03,5.7831e-03,5.8678e-03,5.9531e-03,6.0400e-03,6.1293e-03,6.2213e-03,6.3156e-03,6.4117e-03,6.5084e-03,6.6046e-03,6.6987e-03,6.7892e-03,6.8746e-03,6.9537e-03,7.0249e-03,7.0874e-03,7.1400e-03,7.1824e-03,7.2139e-03,7.2340e-03,7.2426e-03,7.2392e-03,7.2235e-03,7.1949e-03,7.1528e-03,7.0958e-03,7.0227e-03,6.9315e-03,6.8199e-03,6.6847e-03,6.5230e-03,6.3308e-03,6.1043e-03,5.8397e-03,5.5337e-03,5.1834e-03,4.7875e-03,4.3464e-03,3.8624e-03,3.3410e-03,2.7903e-03,2.2216e-03,1.6490e-03,1.0895e-03,5.6165e-04,8.5557e-05,-3.1863e-04
-1.7113e-03,-1.2080e-03,-7.7533e-04,-4.1346e-04,-1.2098e-04,1.0515e-04,2.6925e-04,3.7663e-04,4.3355e-04,4.4697e-04,4.2423e-04,3.7285e-04,3.0038e-04,2.1404e-04,1.2078e-04,2.7141e-05,-6.1281e-05,-1.3901e-04,-2.0181e-04,-2.4595e-04,-2.6833e-04,-2.6685e-04,-2.3999e-04,-1.8684e-04,-1.0735e-04,-1.7891e-06,1.2882e-04,2.8303e-04,4.5888e-04,6.5421e-04,8.6632e-04,1.0924e-03,1.3294e-03,1.5741e-03,1.8233e-03,2.0737e-03,2.3222e-03,2.5657e-03,2.8012e-03,3.0262e-03,3.2381e-03,3.4353e-03,3.6159e-03,3.7788e-03,3.9235e-03,4.0497e-03,4.1577e-03,4.2486e-03,4.3234e-03,4.3841e-03,4.4326e-03,4.4714e-03,4.5027e-03,4.5293e-03,4.5534e-03,4.5770e-03,4.6018e-03,4.6292e-03,4.6598e-03,4.6940e-03,4.7317e-03,4.7721e-03,4.8144e-03,4.8574e-03,4.8999e-03,4.9406e-03,4.9779e-03,5.0109e-03,5.0386e-03,5.0600e-03,5.0746e-03,5.0820e-03,5.0819e-03,5.0742e-03,5.0590e-03,5.0360e-03,5.0053e-03,4.9665e-03,4.9193e-03,4.8628e-03,4.7962e-03,4.7177e-03,4.6255e-03,4.5171e-03,4.3897e-03,4.2402e-03,4.0652e-03,3.8614e-03,3.6260e-03,3.3568e-03,3.0526e-03,2.7143e-03,2.3446e-03,1.9486e-03,1.5343e-03,1.1126e-03,6.9685e-04,3.0291e-04,-5.1538e-05,-3.4828e-04
-1.7978e-03,-1.2896e-03,-8.5317e-04,-4.8863e-04,-1.9463e-04,3.1706e-05,1.9471e-04,2.9961e-04,3.5262e-04,3.6069e-04,3.3124e-04,2.7171e-04,1.8982e-04,9.2878e-05,-1.2210e-05,-1.1877e-04,-2.2099e-04,-3.1354e-04,-3.9183e-04,-4.5212e-04,-4.9131e-04,-5.0708e-04,-4.9780e-04,-4.6262e-04,-4.0122e-04,-3.1395e-04,-2.0175e-04,-6.6065e-05,9.1334e-05,2.6815e-04,4.6167e-04,6.6915e-04,8.8742e-04,1.1132e-03,1.3432e-03,1.5740e-03,1.8024e-03,2.0250e-03,2.2389e-03,2.4411e-03,2.6291e-03,2.8008e-03,2.9543e-03,3.0882e-03,3.2017e-03,3.2944e-03,3.3664e-03,3.4183e-03,3.4517e-03,3.4681e-03,3.4696e-03,3.4587e-03,3.4380e-03,3.4105e-03,3.3786e-03,3.3450e-03,3.3121e-03,3.2814e-03,3.2544e-03,3.2320e-03,3.2145e-03,3.2018e-03,3.1934e-03,3.1883e-03,3.1858e-03,3.1844e-03,3.1832e-03,3.1809e-03,3.1767e-03,3.1698e-03,3.1595e-03,3.1455e-03,3.1276e-03,3.1058e-03,3.0801e-03,3.0508e-03,3.0179e-03,2.9819e-03,2.9426e-03,2.8998e-03,2.8531e-03,2.8017e-03,2.7444e-03,2.6797e-03,2.6056e-03,2.5198e-03,2.4194e-03,2.3017e-03,2.1639e-03,2.0037e-03,1.8190e-03,1.6096e-03,1.3760e-03,1.1213e-03,8.5063e-04,5.7174e-04,2.9475e-04,3.2610e-05,-1.9998e-04,-3.8667e-04
-1.8837e-03,-1.3711e-03,-9.3116e-04,-5.6419e-04,-2.6891e-04,-4.2444e-05,1.1936e-04,2.2169e-04,2.7088e-04,2.7380e-04,2.3781e-04,1.7047e-04,7.9624e-05,-2.7560e-05,-1.4386e-04,-2.6265e-04,-3.7804e-04,-4.8446e-04,-5.7736e-04,-6.5286e-04,-7.0771e-04,-7.3948e-04,-7.4650e-04,-7.2777e-04,-6.8291e-04,-6.1216e-04,-5.1654e-04,-3.9720e-04,-2.5613e-04,-9.5566e-05,8.1899e-05,2.7339e-04,4.7573e-04,6.8559e-04,8.9961e-04,1.1143e-03,1.3261e-03,1.5317e-03,1.7279e-03,1.9117e-03,2.0802e-03,2.2310e-03,2.3622e-03,2.4720e-03,2.5594e-03,2.6238e-03,2.6652e-03,2.6840e-03,2.6813e-03,2.6589e-03,2.6189e-03,2.5637e-03,2.4962e-03,2.4194e-03,2.3366e-03,2.2505e-03,2.1640e-03,2.0793e-03,1.9985e-03,1.9230e-03,1.8538e-03,1.7910e-03,1.7348e-03,1.6846e-03,1.6398e-03,1.5994e-03,1.5624e-03,1.5278e-03,1.4946e-03,1.4622e-03,1.4299e-03,1.3971e-03,1.3640e-03,1.3304e-03,1.2964e-03,1.2623e-03,1.2286e-03,1.1955e-03,1.1635e-03,1.1326e-03,1.1031e-03,1.0746e-03,1.0465e-03,1.0183e-03,9.8847e-04,9.5551e-04,9.1739e-04,8.7166e-04,8.1624e-04,7.4867e-04,6.6684e-04,5.6952e-04,4.5624e-04,3.2826e-04,1.8848e-04,4.1977e-05,-1.0392e-04,-2.3927e-04,-3.5224e-04,-4.2884e-04
-1.9687e-03,-1.4520e-03,-1.0090e-03,-6.3987e-04,-3.4344e-04,-1.1700e-04,4.3486e-05,1.4334e-04,1.8868e-04,1.8652e-04,1.4423e-04,6.9354e-05,-3.0257e-05,-1.4723e-04,-2.7433e-04,-4.0478e-04,-5.3262e-04,-6.5232e-04,-7.5905e-04,-8.4872e-04,-9.1818e-04,-9.6488e-04,-9.8692e-04,-9.8337e-04,-9.5356e-04,-8.9792e-04,-8.1706e-04,-7.1238e-04,-5.8574e-04,-4.3923e-04,-2.7559e-04,-9.7621e-05,9.1361e-05,2.8806e-04,4.8902e-04,6.9061e-04,8.8925e-04,1.0814e-03,1.2637e-03,1.4328e-03,1.5860e-03,1.7204e-03,1.8337e-03,1.9243e-03,1.9905e-03,2.0317e-03,2.0476e-03,2.0385e-03,2.0052e-03,1.9494e-03,1.8731e-03,1.7791e-03,1.6699e-03,1.5492e-03,1.4201e-03,1.2861e-03,1.1504e-03,1.0159e-03,8.8501e-04,7.5998e-04,6.4219e-04,5.3247e-04,4.3145e-04,3.3887e-04,2.5459e-04,1.7782e-04,1.0769e-04,4.3349e-05,-1.5992e-05,-7.1222e-05,-1.2288e-04,-1.7147e-04,-2.1713e-04,-2.6011e-04,-3.0010e-04,-3.3685e-04,-3.6997e-04,-3.9895e-04,-4.2327e-04,-4.4258e-04,-4.5633e-04,-4.6443e-04,-4.6689e-04,-4.6401e-04,-4.5628e-04,-4.4489e-04,-4.3091e-04,-4.1616e-04,-4.0239e-04,-3.9167e-04,-3.8598e-04,-3.8691e-04,-3.9548e-04,-4.1174e-04,-4.3442e-04,-4.6051e-04,-4.8512e-04,-5.0098e-04,-4.9897e-04,-4.6784e-04
