2.8194e-02,-3.9064e-02,-3.2450e-02,2.6859e-03,3.2818e-03,-1.5844e-02,-3.0014e-02,-3.7870e-02,-4.1452e-02,-4.2052e-02,-4.0165e-02,-3.5781e-02,-2.9188e-02,-2.1393e-02,-1.3888e-02,-8.0459e-03,-4.5983e-03,-3.4388e-03,-3.7577e-03,-4.3775e-03,-4.1521e-03,-2.3390e-03,1.1582e-03,5.7456e-03,1.0357e-02,1.3888e-02,1.5644e-02,1.5536e-02,1.3967e-02,1.1555e-02,8.8711e-03,6.3282e-03,4.1620e-03,2.4546e-03,1.1732e-03,2.0188e-04,-6.1865e-04,-1.4474e-03,-2.3933e-03,-3.4847e-03,-4.6524e-03,-5.7504e-03,-6.5822e-03,-6.9544e-03,-6.7165e-03,-5.8068e-03,-4.2731e-03,-2.2749e-03,-5.2271e-05,2.1122e-03,3.9582e-03,5.2846e-03,5.9805e-03,6.0342e-03,5.5107e-03,4.5345e-03,3.2559e-03,1.8258e-03,3.7806e-04,-9.8195e-04,-2.1839e-03,-3.1868e-03,-3.9772e-03,-4.5629e-03,-4.9634e-03,-5.2087e-03,-5.3294e-03,-5.3613e-03,-5.3396e-03,-5.3033e-03,-5.2932e-03,-5.3475e-03,-5.4991e-03,-5.7677e-03,-6.1538e-03,-6.6350e-03,-7.1660e-03,-7.6879e-03,-8.1349e-03,-8.4475e-03,-8.5829e-03,-8.5198e-03,-8.2617e-03,-7.8308e-03,-7.2628e-03,-6.6006e-03,-5.8837e-03,-5.1471e-03,-4.4136e-03,-3.6959e-03,-2.9981e-03,-2.3161e-03,-1.6410e-03,-9.5957e-04,-2.6009e-04,4.7058e-04,1.2431e-03,2.0673e-03,2.9515e-03,3.9028e-03
-2.3635e-02,-1.5506e-01,-2.2305e-01,-2.1446e-01,-1.7573e-01,-1.6977e-01,-1.8066e-01,-1.8553e-01,-1.8559e-01,-1.8387e-01,-1.8141e-01,-1.7794e-01,-1.7273e-01,-1.6554e-01,-1.5705e-01,-1.4863e-01,-1.4163e-01,-1.3683e-01,-1.3419e-01,-1.3297e-01,-1.3199e-01,-1.3007e-01,-1.2639e-01,-1.2077e-01,-1.1376e-01,-1.0643e-01,-9.9895e-02,-9.4825e-02,-9.1245e-02,-8.8681e-02,-8.6495e-02,-8.4162e-02,-8.1379e-02,-7.8063e-02,-7.4307e-02,-7.0316e-02,-6.6347e-02,-6.2641e-02,-5.9357e-02,-5.6535e-02,-5.4076e-02,-5.1769e-02,-4.9342e-02,-4.6519e-02,-4.3094e-02,-3.8975e-02,-3.4217e-02,-2.9020e-02,-2.3685e-02,-1.8556e-02,-1.3949e-02,-1.0101e-02,-7.1340e-03,-5.0571e-03,-3.7860e-03,-3.1731e-03,-3.0452e-03,-3.2277e-03,-3.5683e-03,-3.9476e-03,-4.2831e-03,-4.5263e-03,-4.6583e-03,-4.6801e-03,-4.6063e-03,-4.4611e-03,-4.2703e-03,-4.0638e-03,-3.8712e-03,-3.7253e-03,-3.6591e-03,-3.7023e-03,-3.8768e-03,-4.1896e-03,-4.6273e-03,-5.1538e-03,-5.7148e-03,-6.2445e-03,-6.6775e-03,-6.9603e-03,-7.0597e-03,-6.9675e-03,-6.6973e-03,-6.2805e-03,-5.7590e-03,-5.1748e-03,-4.5660e-03,-3.9601e-03,-3.3743e-03,-2.8151e-03,-2.2783e-03,-1.7557e-03,-1.2338e-03,-6.9896e-04,-1.3595e-04,4.6667e-04,1.1208e-03,1.8358e-03,2.6181e-03,3.4750e-03
-3.5069e-02,-2.0404e-01,-3.3754e-01,-4.0517e-01,-3.9435e-01,-3.5265e-01,-3.4201e-01,-3.4539e-01,-3.4188e-01,-3.3497e-01,-3.2851e-01,-3.2315e-01,-3.1788e-01,-3.1132e-01,-3.0275e-01,-2.9264e-01,-2.8225e-01,-2.7295e-01,-2.6560e-01,-2.6026e-01,-2.5630e-01,-2.5262e-01,-2.4808e-01,-2.4180e-01,-2.3355e-01,-2.2381e-01,-2.1362e-01,-2.0405e-01,-1.9569e-01,-1.8845e-01,-1.8178e-01,-1.7504e-01,-1.6778e-01,-1.5984e-01,-1.5132e-01,-1.4249e-01,-1.3373e-01,-1.2539e-01,-1.1771e-01,-1.1078e-01,-1.0450e-01,-9.8612e-02,-9.2776e-02,-8.6633e-02,-7.9908e-02,-7.2477e-02,-6.4396e-02,-5.5902e-02,-4.7359e-02,-3.9180e-02,-3.1741e-02,-2.5314e-02,-2.0038e-02,-1.5915e-02,-1.2842e-02,-1.0646e-02,-9.1254e-03,-8.0819e-03,-7.3427e-03,-6.7725e-03,-6.2776e-03,-5.7998e-03,-5.3120e-03,-4.8098e-03,-4.3020e-03,-3.8063e-03,-3.3417e-03,-2.9320e-03,-2.6004e-03,-2.3724e-03,-2.2724e-03,-2.3199e-03,-2.5248e-03,-2.8811e-03,-3.3610e-03,-3.9165e-03,-4.4852e-03,-4.9982e-03,-5.3942e-03,-5.6282e-03,-5.6784e-03,-5.5500e-03,-5.2666e-03,-4.8680e-03,-4.3976e-03,-3.8967e-03,-3.3984e-03,-2.9238e-03,-2.4817e-03,-2.0718e-03,-1.6847e-03,-1.3078e-03,-9.2446e-04,-5.1850e-04,-7.6661e-05,4.1450e-04,9.6580e-04,1.5851e-03,2.2791e-03,3.0535e-03
-2.8026e-02,-2.1242e-01,-3.8389e-01,-5.1782e-01,-5.8377e-01,-5.7029e-01,-5.2600e-01,-5.1131e-01,-5.0825e-01,-4.9771e-01,-4.8493e-01,-4.7424e-01,-4.6590e-01,-4.5829e-01,-4.4951e-01,-4.3860e-01,-4.2586e-01,-4.1252e-01,-3.9997e-01,-3.8910e-01,-3.8009e-01,-3.7243e-01,-3.6516e-01,-3.5721e-01,-3.4772e-01,-3.3641e-01,-3.2372e-01,-3.1062e-01,-2.9807e-01,-2.8653e-01,-2.7576e-01,-2.6513e-01,-2.5400e-01,-2.4203e-01,-2.2924e-01,-2.1593e-01,-2.0254e-01,-1.8957e-01,-1.7739e-01,-1.6618e-01,-1.5590e-01,-1.4626e-01,-1.3686e-01,-1.2727e-01,-1.1713e-01,-1.0628e-01,-9.4778e-02,-8.2890e-02,-7.1048e-02,-5.9737e-02,-4.9395e-02,-4.0337e-02,-3.2716e-02,-2.6530e-02,-2.1652e-02,-1.7882e-02,-1.4988e-02,-1.2744e-02,-1.0957e-02,-9.4731e-03,-8.1849e-03,-7.0252e-03,-5.9588e-03,-4.9738e-03,-4.0722e-03,-3.2644e-03,-2.5634e-03,-1.9844e-03,-1.5440e-03,-1.2581e-03,-1.1426e-03,-1.2055e-03,-1.4440e-03,-1.8375e-03,-2.3456e-03,-2.9103e-03,-3.4623e-03,-3.9349e-03,-4.2722e-03,-4.4408e-03,-4.4330e-03,-4.2658e-03,-3.9722e-03,-3.5974e-03,-3.1848e-03,-2.7716e-03,-2.3848e-03,-2.0379e-03,-1.7322e-03,-1.4613e-03,-1.2101e-03,-9.6243e-04,-7.0076e-04,-4.0822e-04,-7.0037e-05,3.2562e-04,7.8818e-04,1.3259e-03,1.9438e-03,2.6475e-03
-1.6313e-02,-2.0281e-01,-3.8941e-01,-5.6146e-01,-6.9394e-01,-7.5678e-01,-7.4006e-01,-6.9333e-01,-6.7518e-01,-6.6693e-01,-6.5085e-01,-6.3332e-01,-6.1881e-01,-6.0719e-01,-5.9647e-01,-5.8455e-01,-5.7035e-01,-5.5419e-01,-5.3725e-01,-5.2086e-01,-5.0591e-01,-4.9264e-01,-4.8066e-01,-4.6918e-01,-4.5724e-01,-4.4407e-01,-4.2939e-01,-4.1359e-01,-3.9755e-01,-3.8212e-01,-3.6754e-01,-3.5341e-01,-3.3899e-01,-3.2370e-01,-3.0732e-01,-2.9006e-01,-2.7241e-01,-2.5497e-01,-2.3830e-01,-2.2271e-01,-2.0826e-01,-1.9470e-01,-1.8158e-01,-1.6840e-01,-1.5473e-01,-1.4036e-01,-1.2534e-01,-1.0996e-01,-9.4733e-02,-8.0208e-02,-6.6896e-02,-5.5157e-02,-4.5160e-02,-3.6895e-02,-3.0214e-02,-2.4883e-02,-2.0638e-02,-1.7224e-02,-1.4423e-02,-1.2063e-02,-1.0022e-02,-8.2211e-03,-6.6177e-03,-5.1911e-03,-3.9363e-03,-2.8551e-03,-1.9528e-03,-1.2360e-03,-7.1314e-04,-3.9044e-04,-2.7280e-04,-3.5759e-04,-6.2705e-04,-1.0474e-03,-1.5663e-03,-2.1164e-03,-2.6279e-03,-3.0370e-03,-3.2978e-03,-3.3900e-03,-3.3199e-03,-3.1152e-03,-2.8178e-03,-2.4729e-03,-2.1235e-03,-1.8016e-03,-1.5251e-03,-1.3000e-03,-1.1213e-03,-9.7565e-04,-8.4435e-04,-7.0994e-04,-5.5210e-04,-3.5494e-04,-1.0430e-04,2.1136e-04,6.0010e-04,1.0689e-03,1.6231e-03,2.2672e-03
-6.7259e-03,-1.8930e-01,-3.7722e-01,-5.6398e-01,-7.3452e-01,-8.6367e-01,-9.2210e-01,-9.0160e-01,-8.5240e-01,-8.3125e-01,-8.1899e-01,-7.9876e-01,-7.7741e-01,-7.5931e-01,-7.4403e-01,-7.2950e-01,-7.1368e-01,-6.9562e-01,-6.7564e-01,-6.5486e-01,-6.3448e-01,-6.1528e-01,-5.9751e-01,-5.8091e-01,-5.6484e-01,-5.4855e-01,-5.3137e-01,-5.1307e-01,-4.9404e-01,-4.7508e-01,-4.5685e-01,-4.3935e-01,-4.2199e-01,-4.0395e-01,-3.8470e-01,-3.6419e-01,-3.4283e-01,-3.2128e-01,-3.0026e-01,-2.8028e-01,-2.6155e-01,-2.4390e-01,-2.2690e-01,-2.1000e-01,-1.9269e-01,-1.7470e-01,-1.5606e-01,-1.3711e-01,-1.1840e-01,-1.0058e-01,-8.4233e-02,-6.9764e-02,-5.7363e-02,-4.7010e-02,-3.8530e-02,-3.1654e-02,-2.6085e-02,-2.1534e-02,-1.7756e-02,-1.4559e-02,-1.1807e-02,-9.4075e-03,-7.3091e-03,-5.4821e-03,-3.9128e-03,-2.5945e-03,-1.5235e-03,-6.9758e-04,-1.1521e-04,2.2726e-04,3.3688e-04,2.2979e-04,-6.3138e-05,-4.9514e-04,-1.0032e-03,-1.5155e-03,-1.9621e-03,-2.2871e-03,-2.4582e-03,-2.4680e-03,-2.3357e-03,-2.0997e-03,-1.8056e-03,-1.4989e-03,-1.2185e-03,-9.8685e-04,-8.1663e-04,-7.0478e-04,-6.3970e-04,-6.0395e-04,-5.7639e-04,-5.3591e-04,-4.6481e-04,-3.4607e-04,-1.6689e-04,8.3430e-05,4.1203e-04,8.2469e-04,1.3257e-03,1.9198e-03
-1.2898e-03,-1.7861e-01,-3.6163e-01,-5.4883e-01,-7.3361e-01,-9.0072e-01,-1.0251e+00,-1.0783e+00,-1.0537e+00,-1.0019e+00,-9.7805e-01,-9.6268e-01,-9.3927e-01,-9.1471e-01,-8.9310e-01,-8.7386e-01,-8.5507e-01,-8.3501e-01,-8.1291e-01,-7.8912e-01,-7.6460e-01,-7.4035e-01,-7.1701e-01,-6.9477e-01,-6.7348e-01,-6.5268e-01,-6.3182e-01,-6.1041e-01,-5.8834e-01,-5.6600e-01,-5.4410e-01,-5.2309e-01,-5.0273e-01,-4.8220e-01,-4.6064e-01,-4.3759e-01,-4.1320e-01,-3.8806e-01,-3.6299e-01,-3.3872e-01,-3.1567e-01,-2.9382e-01,-2.7281e-01,-2.5206e-01,-2.3099e-01,-2.0928e-01,-1.8693e-01,-1.6431e-01,-1.4203e-01,-1.2085e-01,-1.0140e-01,-8.4155e-02,-6.9324e-02,-5.6874e-02,-4.6602e-02,-3.8204e-02,-3.1340e-02,-2.5687e-02,-2.0971e-02,-1.6980e-02,-1.3558e-02,-1.0603e-02,-8.0513e-03,-5.8640e-03,-4.0175e-03,-2.4964e-03,-1.2867e-03,-3.7632e-04,2.4704e-04,5.9771e-04,6.9505e-04,5.7062e-04,2.6563e-04,-1.5886e-04,-6.3333e-04,-1.0835e-03,-1.4441e-03,-1.6704e-03,-1.7422e-03,-1.6688e-03,-1.4801e-03,-1.2203e-03,-9.3848e-04,-6.7697e-04,-4.6700e-04,-3.2470e-04,-2.5296e-04,-2.4294e-04,-2.7660e-04,-3.3378e-04,-3.9099e-04,-4.2758e-04,-4.2494e-04,-3.6805e-04,-2.4490e-04,-4.6270e-05,2.3378e-04,6.0186e-04,1.0613e-03,1.6151e-03
4.9414e-04,-1.7237e-01,-3.4924e-01,-5.3051e-01,-7.1490e-01,-8.9592e-01,-1.0584e+00,-1.1773e+00,-1.2250e+00,-1.1963e+00,-1.1419e+00,-1.1154e+00,-1.0974e+00,-1.0713e+00,-1.0437e+00,-1.0186e+00,-9.9523e-01,-9.7206e-01,-9.4774e-01,-9.2173e-01,-8.9435e-01,-8.6636e-01,-8.3850e-01,-8.1123e-01,-7.8469e-01,-7.5879e-01,-7.3326e-01,-7.0776e-01,-6.8202e-01,-6.5607e-01,-6.3034e-01,-6.0546e-01,-5.8164e-01,-5.5838e-01,-5.3466e-01,-5.0959e-01,-4.8285e-01,-4.5477e-01,-4.2612e-01,-3.9781e-01,-3.7050e-01,-3.4440e-01,-3.1927e-01,-2.9454e-01,-2.6961e-01,-2.4409e-01,-2.1794e-01,-1.9156e-01,-1.6564e-01,-1.4100e-01,-1.1840e-01,-9.8332e-02,-8.1044e-02,-6.6492e-02,-5.4442e-02,-4.4543e-02,-3.6416e-02,-2.9699e-02,-2.4088e-02,-1.9344e-02,-1.5297e-02,-1.1828e-02,-8.8629e-03,-6.3531e-03,-4.2649e-03,-2.5709e-03,-1.2484e-03,-2.7392e-04,3.7646e-04,7.2914e-04,8.1724e-04,6.8252e-04,3.8317e-04,-1.3182e-05,-4.2999e-04,-7.9532e-04,-1.0535e-03,-1.1705e-03,-1.1414e-03,-9.8841e-04,-7.5145e-04,-4.7935e-04,-2.1804e-04,-6.6552e-06,1.3281e-04,1.9156e-04,1.7458e-04,9.7422e-05,-1.9142e-05,-1.5092e-04,-2.7411e-04,-3.6964e-04,-4.1884e-04,-4.0805e-04,-3.2737e-04,-1.6754e-04,7.6784e-05,4.0980e-04,8.3582e-04,1.3588e-03
-8.4728e-05,-1.6959e-01,-3.4133e-01,-5.1552e-01,-6.9303e-01,-8.7307e-01,-1.0495e+00,-1.2070e+00,-1.3207e+00,-1.3631e+00,-1.3306e+00,-1.2734e+00,-1.2442e+00,-1.2237e+00,-1.1949e+00,-1.1642e+00,-1.1354e+00,-1.1079e+00,-1.0803e+00,-1.0519e+00,-1.0222e+00,-9.9154e-01,-9.6034e-01,-9.2914e-01,-8.9818e-01,-8.6754e-01,-8.3719e-01,-8.0702e-01,-7.7691e-01,-7.4681e-01,-7.1692e-01,-6.8775e-01,-6.5981e-01,-6.3310e-01,-6.0681e-01,-5.7980e-01,-5.5118e-01,-5.2079e-01,-4.8917e-01,-4.5723e-01,-4.2585e-01,-3.9553e-01,-3.6621e-01,-3.3742e-01,-3.0854e-01,-2.7912e-01,-2.4909e-01,-2.1887e-01,-1.8922e-01,-1.6106e-01,-1.3523e-01,-1.1230e-01,-9.2533e-02,-7.5876e-02,-6.2058e-02,-5.0686e-02,-4.1331e-02,-3.3590e-02,-2.7126e-02,-2.1674e-02,-1.7043e-02,-1.3101e-02,-9.7624e-03,-6.9652e-03,-4.6657e-03,-2.8257e-03,-1.4114e-03,-3.8647e-04,2.8305e-04,6.3731e-04,7.2148e-04,5.9222e-04,3.1727e-04,-2.7234e-05,-3.6495e-04,-6.2825e-04,-7.7091e-04,-7.7477e-04,-6.4851e-04,-4.2534e-04,-1.5139e-04,1.2386e-04,3.5611e-04,5.1605e-04,5.8751e-04,5.7111e-04,4.7894e-04,3.3018e-04,1.4987e-04,-3.8417e-05,-2.1066e-04,-3.4757e-04,-4.3319e-04,-4.5435e-04,-4.0262e-04,-2.7003e-04,-5.1515e-05,2.5654e-04,6.5792e-04,1.1567e-03
-1.8877e-03,-1.6858e-01,-3.3645e-01,-5.0486e-01,-6.7455e-01,-8.4707e-01,-1.0222e+00,-1.1942e+00,-1.3474e+00,-1.4563e+00,-1.4939e+00,-1.4578e+00,-1.3978e+00,-1.3656e+00,-1.3424e+00,-1.3106e+00,-1.2765e+00,-1.2438e+00,-1.2121e+00,-1.1803e+00,-1.1480e+00,-1.1148e+00,-1.0810e+00,-1.0468e+00,-1.0125e+00,-9.7803e-01,-9.4350e-01,-9.0887e-01,-8.7420e-01,-8.3956e-01,-8.0513e-01,-7.7129e-01,-7.3863e-01,-7.0755e-01,-6.7779e-01,-6.4831e-01,-6.1785e-01,-5.8561e-01,-5.5160e-01,-5.1655e-01,-4.8145e-01,-4.4705e-01,-4.1356e-01,-3.8066e-01,-3.4775e-01,-3.1436e-01,-2.8039e-01,-2.4625e-01,-2.1279e-01,-1.8103e-01,-1.5191e-01,-1.2607e-01,-1.0380e-01,-8.5037e-02,-6.9468e-02,-5.6650e-02,-4.6104e-02,-3.7381e-02,-3.0107e-02,-2.3990e-02,-1.8817e-02,-1.4443e-02,-1.0765e-02,-7.7118e-03,-5.2278e-03,-3.2631e-03,-1.7715e-03,-7.0568e-04,-1.8293e-05,3.4307e-04,4.3646e-04,3.3005e-04,1.0084e-04,-1.7098e-04,-4.1042e-04,-5.5821e-04,-5.8107e-04,-4.7383e-04,-2.5888e-04,2.2827e-05,3.2154e-04,5.8929e-04,7.8823e-04,8.9729e-04,9.0733e-04,8.2803e-04,6.7461e-04,4.7190e-04,2.4489e-04,1.8595e-05,-1.8538e-04,-3.4776e-04,-4.5479e-04,-4.9550e-04,-4.6110e-04,-3.4558e-04,-1.4427e-04,1.4680e-04,5.3198e-04,1.0142e-03
-4.1418e-03,-1.6801e-01,-3.3257e-01,-4.9676e-01,-6.6031e-01,-8.2461e-01,-9.9197e-01,-1.1627e+00,-1.3311e+00,-1.4807e+00,-1.5853e+00,-1.6184e+00,-1.5789e+00,-1.5159e+00,-1.4805e+00,-1.4542e+00,-1.4191e+00,-1.3812e+00,-1.3445e+00,-1.3084e+00,-1.2725e+00,-1.2364e+00,-1.1999e+00,-1.1631e+00,-1.1260e+00,-1.0886e+00,-1.0509e+00,-1.0126e+00,-9.7387e-01,-9.3484e-01,-8.9578e-01,-8.5709e-01,-8.1933e-01,-7.8314e-01,-7.4881e-01,-7.1583e-01,-6.8296e-01,-6.4888e-01,-6.1292e-01,-5.7532e-01,-5.3695e-01,-4.9873e-01,-4.6118e-01,-4.2417e-01,-3.8721e-01,-3.4980e-01,-3.1182e-01,-2.7371e-01,-2.3636e-01,-2.0093e-01,-1.6845e-01,-1.3967e-01,-1.1487e-01,-9.3996e-02,-7.6691e-02,-6.2457e-02,-5.0758e-02,-4.1096e-02,-3.3056e-02,-2.6316e-02,-2.0642e-02,-1.5870e-02,-1.1885e-02,-8.6027e-03,-5.9549e-03,-3.8800e-03,-2.3194e-03,-1.2141e-03,-5.0417e-04,-1.2471e-04,-5.5004e-06,-6.9143e-05,-2.3169e-04,-4.1224e-04,-5.3978e-04,-5.6658e-04,-4.7003e-04,-2.6065e-04,3.0650e-05,3.5707e-04,6.6826e-04,9.2120e-04,1.0858e-03,1.1473e-03,1.1062e-03,9.7638e-04,7.7934e-04,5.3954e-04,2.8440e-04,3.6223e-05,-1.8328e-04,-3.5719e-04,-4.7337e-04,-5.2248e-04,-4.9550e-04,-3.8773e-04,-1.9555e-04,8.6216e-05,4.6080e-04,9.3177e-04
-6.2895e-03,-1.6714e-01,-3.2828e-01,-4.8897e-01,-6.4831e-01,-8.0650e-01,-9.6557e-01,-1.1284e+00,-1.2957e+00,-1.4613e+00,-1.6078e+00,-1.7081e+00,-1.7370e+00,-1.6942e+00,-1.6282e+00,-1.5891e+00,-1.5595e+00,-1.5207e+00,-1.4788e+00,-1.4377e+00,-1.3974e+00,-1.3574e+00,-1.3175e+00,-1.2778e+00,-1.2380e+00,-1.1980e+00,-1.1577e+00,-1.1167e+00,-1.0748e+00,-1.0321e+00,-9.8885e-01,-9.4549e-01,-9.0262e-01,-8.6098e-01,-8.2122e-01,-7.8352e-01,-7.4715e-01,-7.1068e-01,-6.7282e-01,-6.3310e-01,-5.9195e-01,-5.5030e-01,-5.0889e-01,-4.6786e-01,-4.2687e-01,-3.8543e-01,-3.4341e-01,-3.0126e-01,-2.5996e-01,-2.2078e-01,-1.8489e-01,-1.5310e-01,-1.2576e-01,-1.0277e-01,-8.3748e-02,-6.8130e-02,-5.5317e-02,-4.4760e-02,-3.5997e-02,-2.8676e-02,-2.2538e-02,-1.7401e-02,-1.3135e-02,-9.6433e-03,-6.8451e-03,-4.6675e-03,-3.0386e-03,-1.8881e-03,-1.1443e-03,-7.3037e-04,-5.6656e-04,-5.6744e-04,-6.4501e-04,-7.2048e-04,-7.2951e-04,-6.3499e-04,-4.2859e-04,-1.2981e-04,2.2243e-04,5.7959e-04,8.9373e-04,1.1273e-03,1.2584e-03,1.2798e-03,1.1995e-03,1.0346e-03,8.0998e-04,5.5086e-04,2.8351e-04,2.9651e-05,-1.9154e-04,-3.6488e-04,-4.7970e-04,-5.2627e-04,-4.9865e-04,-3.9216e-04,-2.0179e-04,7.5920e-05,4.4581e-04,9.1052e-04
-7.8573e-03,-1.6559e-01,-3.2302e-01,-4.8013e-01,-6.3623e-01,-7.9062e-01,-9.4386e-01,-1.0984e+00,-1.2577e+00,-1.4223e+00,-1.5855e+00,-1.7288e+00,-1.8249e+00,-1.8494e+00,-1.8037e+00,-1.7343e+00,-1.6913e+00,-1.6581e+00,-1.6155e+00,-1.5694e+00,-1.5240e+00,-1.4793e+00,-1.4351e+00,-1.3915e+00,-1.3485e+00,-1.3057e+00,-1.2629e+00,-1.2196e+00,-1.1753e+00,-1.1299e+00,-1.0834e+00,-1.0360e+00,-9.8847e-01,-9.4152e-01,-8.9603e-01,-8.5269e-01,-8.1152e-01,-7.7158e-01,-7.3133e-01,-6.8958e-01,-6.4608e-01,-6.0144e-01,-5.5647e-01,-5.1160e-01,-4.6664e-01,-4.2120e-01,-3.7514e-01,-3.2892e-01,-2.8361e-01,-2.4062e-01,-2.0125e-01,-1.6641e-01,-1.3649e-01,-1.1139e-01,-9.0667e-02,-7.3695e-02,-5.9810e-02,-4.8400e-02,-3.8957e-02,-3.1093e-02,-2.4524e-02,-1.9048e-02,-1.4522e-02,-1.0833e-02,-7.8913e-03,-5.6087e-03,-3.9046e-03,-2.6961e-03,-1.9015e-03,-1.4344e-03,-1.2064e-03,-1.1259e-03,-1.1059e-03,-1.0690e-03,-9.6003e-04,-7.5371e-04,-4.4974e-04,-7.7503e-05,3.2016e-04,6.9528e-04,1.0046e-03,1.2180e-03,1.3206e-03,1.3118e-03,1.2047e-03,1.0210e-03,7.8501e-04,5.2251e-04,2.5803e-04,1.1845e-05,-1.9860e-04,-3.6085e-04,-4.6437e-04,-5.0169e-04,-4.6665e-04,-3.5522e-04,-1.6175e-04,1.1730e-04,4.8626e-04,9.4975e-04
-8.4624e-03,-1.6312e-01,-3.1675e-01,-4.6993e-01,-6.2276e-01,-7.7452e-01,-9.2455e-01,-1.0736e+00,-1.2244e+00,-1.3806e+00,-1.5428e+00,-1.7036e+00,-1.8436e+00,-1.9350e+00,-1.9554e+00,-1.9067e+00,-1.8340e+00,-1.7867e+00,-1.7497e+00,-1.7033e+00,-1.6529e+00,-1.6032e+00,-1.5543e+00,-1.5060e+00,-1.4586e+00,-1.4122e+00,-1.3663e+00,-1.3206e+00,-1.2742e+00,-1.2268e+00,-1.1778e+00,-1.1274e+00,-1.0761e+00,-1.0244e+00,-9.7350e-01,-9.2423e-01,-8.7730e-01,-8.3258e-01,-7.8892e-01,-7.4475e-01,-6.9905e-01,-6.5181e-01,-6.0368e-01,-5.5521e-01,-5.0644e-01,-4.5708e-01,-4.0701e-01,-3.5670e-01,-3.0734e-01,-2.6047e-01,-2.1756e-01,-1.7962e-01,-1.4710e-01,-1.1988e-01,-9.7475e-02,-7.9183e-02,-6.4265e-02,-5.2045e-02,-4.1963e-02,-3.3591e-02,-2.6618e-02,-2.0824e-02,-1.6048e-02,-1.2167e-02,-9.0765e-03,-6.6795e-03,-4.8844e-03,-3.5991e-03,-2.7325e-03,-2.1922e-03,-1.8821e-03,-1.7085e-03,-1.5839e-03,-1.4359e-03,-1.2179e-03,-9.1203e-04,-5.2887e-04,-1.0108e-04,3.2764e-04,7.1109e-04,1.0115e-03,1.2067e-03,1.2879e-03,1.2608e-03,1.1416e-03,9.5363e-04,7.2142e-04,4.7010e-04,2.2146e-04,-5.4929e-06,-1.9592e-04,-3.3872e-04,-4.2430e-04,-4.4555e-04,-3.9811e-04,-2.7631e-04,-7.5372e-05,2.0852e-04,5.8055e-04,1.0450e-03
-7.9008e-03,-1.5955e-01,-3.0954e-01,-4.5870e-01,-6.0783e-01,-7.5692e-01,-9.0503e-01,-1.0513e+00,-1.1967e+00,-1.3441e+00,-1.4973e+00,-1.6572e+00,-1.8153e+00,-1.9515e+00,-2.0381e+00,-2.0545e+00,-2.0029e+00,-1.9265e+00,-1.8747e+00,-1.8339e+00,-1.7838e+00,-1.7294e+00,-1.6756e+00,-1.6223e+00,-1.5699e+00,-1.5187e+00,-1.4687e+00,-1.4197e+00,-1.3709e+00,-1.3215e+00,-1.2707e+00,-1.2183e+00,-1.1641e+00,-1.1088e+00,-1.0532e+00,-9.9832e-01,-9.4533e-01,-8.9483e-01,-8.4648e-01,-7.9898e-01,-7.5081e-01,-7.0118e-01,-6.5023e-01,-5.9848e-01,-5.4613e-01,-4.9299e-01,-4.3898e-01,-3.8462e-01,-3.3118e-01,-2.8038e-01,-2.3386e-01,-1.9277e-01,-1.5762e-01,-1.2828e-01,-1.0420e-01,-8.4624e-02,-6.8713e-02,-5.5723e-02,-4.5038e-02,-3.6188e-02,-2.8834e-02,-2.2733e-02,-1.7710e-02,-1.3630e-02,-1.0377e-02,-7.8461e-03,-5.9365e-03,-4.5506e-03,-3.5910e-03,-2.9588e-03,-2.5549e-03,-2.2822e-03,-2.0549e-03,-1.8053e-03,-1.4932e-03,-1.1064e-03,-6.6207e-04,-1.9439e-04,2.5204e-04,6.3729e-04,9.2900e-04,1.1107e-03,1.1802e-03,1.1464e-03,1.0288e-03,8.5071e-04,6.3616e-04,4.0790e-04,1.8577e-04,-1.3249e-05,-1.7643e-04,-2.9218e-04,-3.5486e-04,-3.5621e-04,-2.9223e-04,-1.5682e-04,5.4335e-05,3.4625e-04,7.2315e-04,1.1918e-03
-6.2020e-03,-1.5485e-01,-3.0150e-01,-4.4683e-01,-5.9203e-01,-7.3784e-01,-8.8387e-01,-1.0288e+00,-1.1718e+00,-1.3135e+00,-1.4575e+00,-1.6077e+00,-1.7649e+00,-1.9201e+00,-2.0521e+00,-2.1338e+00,-2.1460e+00,-2.0916e+00,-2.0114e+00,-1.9549e+00,-1.9104e+00,-1.8568e+00,-1.7987e+00,-1.7409e+00,-1.6834e+00,-1.6268e+00,-1.5717e+00,-1.5181e+00,-1.4658e+00,-1.4138e+00,-1.3612e+00,-1.3071e+00,-1.2511e+00,-1.1931e+00,-1.1339e+00,-1.0744e+00,-1.0157e+00,-9.5913e-01,-9.0507e-01,-8.5304e-01,-8.0163e-01,-7.4945e-01,-6.9592e-01,-6.4121e-01,-5.8554e-01,-5.2883e-01,-4.7103e-01,-4.1267e-01,-3.5515e-01,-3.0037e-01,-2.5018e-01,-2.0589e-01,-1.6808e-01,-1.3661e-01,-1.1089e-01,-9.0047e-02,-7.3183e-02,-5.9462e-02,-4.8207e-02,-3.8903e-02,-3.1179e-02,-2.4773e-02,-1.9495e-02,-1.5197e-02,-1.1758e-02,-9.0650e-03,-7.0135e-03,-5.5016e-03,-4.4283e-03,-3.6921e-03,-3.1891e-03,-2.8217e-03,-2.5029e-03,-2.1679e-03,-1.7802e-03,-1.3326e-03,-8.4490e-04,-3.5218e-04,1.0393e-04,4.8774e-04,7.7249e-04,9.4789e-04,1.0153e-03,9.8757e-04,8.8475e-04,7.2847e-04,5.4256e-04,3.4687e-04,1.5963e-04,-4.1444e-06,-1.3389e-04,-2.2021e-04,-2.5556e-04,-2.3431e-04,-1.5101e-04,-1.5087e-07,2.2356e-04,5.2447e-04,9.0926e-04,1.3825e-03
-3.6082e-03,-1.4916e-01,-2.9270e-01,-4.3460e-01,-5.7598e-01,-7.1801e-01,-8.6112e-01,-1.0045e+00,-1.1464e+00,-1.2859e+00,-1.4239e+00,-1.5642e+00,-1.7113e+00,-1.8656e+00,-2.0175e+00,-2.1449e+00,-2.2215e+00,-2.2298e+00,-2.1726e+00,-2.0884e+00,-2.0270e+00,-1.9789e+00,-1.9222e+00,-1.8607e+00,-1.7990e+00,-1.7375e+00,-1.6767e+00,-1.6175e+00,-1.5602e+00,-1.5044e+00,-1.4491e+00,-1.3932e+00,-1.3357e+00,-1.2760e+00,-1.2143e+00,-1.1512e+00,-1.0879e+00,-1.0256e+00,-9.6548e-01,-9.0789e-01,-8.5216e-01,-7.9682e-01,-7.4064e-01,-6.8321e-01,-6.2451e-01,-5.6448e-01,-5.0307e-01,-4.4083e-01,-3.7927e-01,-3.2049e-01,-2.6658e-01,-2.1903e-01,-1.7851e-01,-1.4491e-01,-1.1755e-01,-9.5487e-02,-7.7705e-02,-6.3288e-02,-5.1490e-02,-4.1747e-02,-3.3657e-02,-2.6935e-02,-2.1379e-02,-1.6835e-02,-1.3175e-02,-1.0286e-02,-8.0616e-03,-6.4007e-03,-5.2005e-03,-4.3558e-03,-3.7602e-03,-3.3102e-03,-2.9185e-03,-2.5191e-03,-2.0768e-03,-1.5873e-03,-1.0716e-03,-5.6429e-04,-1.0337e-04,2.7805e-04,5.6101e-04,7.3760e-04,8.1395e-04,8.0346e-04,7.2565e-04,6.0151e-04,4.5278e-04,2.9743e-04,1.5020e-04,2.5285e-05,-6.8018e-05,-1.2119e-04,-1.2800e-04,-8.2495e-05,2.1501e-05,1.8867e-04,4.2554e-04,7.3726e-04,1.1294e-03,1.6094e-03
-5.0781e-04,-1.4278e-01,-2.8331e-01,-4.2211e-01,-5.6000e-01,-6.9817e-01,-8.3758e-01,-9.7823e-01,-1.1189e+00,-1.2576e+00,-1.3933e+00,-1.5273e+00,-1.6638e+00,-1.8075e+00,-1.9588e+00,-2.1071e+00,-2.2298e+00,-2.3013e+00,-2.3057e+00,-2.2456e+00,-2.1574e+00,-2.0911e+00,-2.0395e+00,-1.9799e+00,-1.9153e+00,-1.8500e+00,-1.7845e+00,-1.7194e+00,-1.6560e+00,-1.5949e+00,-1.5355e+00,-1.4768e+00,-1.4175e+00,-1.3564e+00,-1.2931e+00,-1.2275e+00,-1.1607e+00,-1.0937e+00,-1.0279e+00,-9.6432e-01,-9.0324e-01,-8.4378e-01,-7.8452e-01,-7.2436e-01,-6.6288e-01,-5.9980e-01,-5.3502e-01,-4.6907e-01,-4.0353e-01,-3.4075e-01,-2.8307e-01,-2.3222e-01,-1.8897e-01,-1.5322e-01,-1.2423e-01,-1.0097e-01,-8.2307e-02,-6.7223e-02,-5.4901e-02,-4.4726e-02,-3.6259e-02,-2.9199e-02,-2.3332e-02,-1.8500e-02,-1.4577e-02,-1.1454e-02,-9.0276e-03,-7.2009e-03,-5.8690e-03,-4.9242e-03,-4.2522e-03,-3.7422e-03,-3.3001e-03,-2.8579e-03,-2.3809e-03,-1.8650e-03,-1.3331e-03,-8.1831e-04,-3.5568e-04,2.6604e-05,3.1259e-04,4.9896e-04,5.9303e-04,6.0874e-04,5.6480e-04,4.8093e-04,3.7552e-04,2.6447e-04,1.6162e-04,7.7484e-05,2.1955e-05,2.6058e-06,2.4466e-05,9.4650e-05,2.1882e-04,4.0325e-04,6.5286e-04,9.7484e-04,1.3759e-03,1.8617e-03
2.6535e-03,-1.3610e-01,-2.7357e-01,-4.0945e-01,-5.4417e-01,-6.7868e-01,-8.1408e-01,-9.5100e-01,-1.0890e+00,-1.2266e+00,-1.3618e+00,-1.4934e+00,-1.6233e+00,-1.7559e+00,-1.8962e+00,-2.0443e+00,-2.1889e+00,-2.3066e+00,-2.3729e+00,-2.3736e+00,-2.3108e+00,-2.2185e+00,-2.1472e+00,-2.0922e+00,-2.0299e+00,-1.9624e+00,-1.8938e+00,-1.8242e+00,-1.7548e+00,-1.6871e+00,-1.6220e+00,-1.5590e+00,-1.4968e+00,-1.4339e+00,-1.3692e+00,-1.3021e+00,-1.2328e+00,-1.1622e+00,-1.0917e+00,-1.0225e+00,-9.5565e-01,-8.9110e-01,-8.2792e-01,-7.6474e-01,-7.0052e-01,-6.3463e-01,-5.6676e-01,-4.9732e-01,-4.2793e-01,-3.6117e-01,-2.9970e-01,-2.4550e-01,-1.9947e-01,-1.6156e-01,-1.3097e-01,-1.0653e-01,-8.7011e-02,-7.1285e-02,-5.8450e-02,-4.7834e-02,-3.8968e-02,-3.1531e-02,-2.5306e-02,-2.0137e-02,-1.5905e-02,-1.2511e-02,-9.8621e-03,-7.8640e-03,-6.4109e-03,-5.3861e-03,-4.6627e-03,-4.1186e-03,-3.6506e-03,-3.1858e-03,-2.6895e-03,-2.1601e-03,-1.6195e-03,-1.1005e-03,-6.3570e-04,-2.4907e-04,4.5715e-05,2.4952e-04,3.6868e-04,4.1801e-04,4.1480e-04,3.7519e-04,3.1618e-04,2.5177e-04,1.9345e-04,1.5133e-04,1.3303e-04,1.4620e-04,1.9611e-04,2.9008e-04,4.3404e-04,6.3407e-04,8.9653e-04,1.2290e-03,1.6381e-03,2.1300e-03
5.4610e-03,-1.2952e-01,-2.6376e-01,-3.9672e-01,-5.2845e-01,-6.5956e-01,-7.9101e-01,-9.2369e-01,-1.0579e+00,-1.1930e+00,-1.3272e+00,-1.4585e+00,-1.5860e+00,-1.7117e+00,-1.8404e+00,-1.9773e+00,-2.1221e+00,-2.2628e+00,-2.3754e+00,-2.4366e+00,-2.4337e+00,-2.3684e+00,-2.2720e+00,-2.1956e+00,-2.1372e+00,-2.0724e+00,-2.0022e+00,-1.9302e+00,-1.8566e+00,-1.7827e+00,-1.7107e+00,-1.6415e+00,-1.5748e+00,-1.5090e+00,-1.4425e+00,-1.3741e+00,-1.3031e+00,-1.2300e+00,-1.1559e+00,-1.0821e+00,-1.0097e+00,-9.3950e-01,-8.7149e-01,-8.0459e-01,-7.3743e-01,-6.6886e-01,-5.9816e-01,-5.2549e-01,-4.5243e-01,-3.8177e-01,-3.1649e-01,-2.5889e-01,-2.1006e-01,-1.6997e-01,-1.3778e-01,-1.1219e-01,-9.1837e-02,-7.5483e-02,-6.2133e-02,-5.1057e-02,-4.1754e-02,-3.3890e-02,-2.7249e-02,-2.1687e-02,-1.7100e-02,-1.3407e-02,-1.0527e-02,-8.3685e-03,-6.8181e-03,-5.7438e-03,-5.0001e-03,-4.4489e-03,-3.9753e-03,-3.5038e-03,-2.9994e-03,-2.4631e-03,-1.9179e-03,-1.3955e-03,-9.2718e-04,-5.3217e-04,-2.2256e-04,3.4254e-06,1.5437e-04,2.4210e-04,2.8224e-04,2.8947e-04,2.7793e-04,2.5964e-04,2.4573e-04,2.4314e-04,2.6070e-04,3.0396e-04,3.8068e-04,4.9670e-04,6.5817e-04,8.7277e-04,1.1469e-03,1.4886e-03,1.9045e-03,2.4023e-03
7.5843e-03,-1.2339e-01,-2.5415e-01,-3.8403e-01,-5.1280e-01,-6.4071e-01,-7.6843e-01,-8.9684e-01,-1.0266e+00,-1.1579e+00,-1.2897e+00,-1.4202e+00,-1.5475e+00,-1.6708e+00,-1.7923e+00,-1.9172e+00,-2.0507e+00,-2.1922e+00,-2.3288e+00,-2.4363e+00,-2.4926e+00,-2.4864e+00,-2.4187e+00,-2.3183e+00,-2.2367e+00,-2.1748e+00,-2.1075e+00,-2.0346e+00,-1.9592e+00,-1.8815e+00,-1.8031e+00,-1.7267e+00,-1.6534e+00,-1.5829e+00,-1.5134e+00,-1.4432e+00,-1.3709e+00,-1.2962e+00,-1.2195e+00,-1.1420e+00,-1.0649e+00,-9.8934e-01,-9.1591e-01,-8.4443e-01,-7.7378e-01,-7.0242e-01,-6.2908e-01,-5.5347e-01,-4.7697e-01,-4.0252e-01,-3.3346e-01,-2.7244e-01,-2.2076e-01,-1.7848e-01,-1.4468e-01,-1.1796e-01,-9.6796e-02,-7.9818e-02,-6.5938e-02,-5.4369e-02,-4.4575e-02,-3.6220e-02,-2.9098e-02,-2.3087e-02,-1.8110e-02,-1.4105e-02,-1.1004e-02,-8.7116e-03,-7.1014e-03,-6.0146e-03,-5.2817e-03,-4.7449e-03,-4.2803e-03,-3.8102e-03,-3.3032e-03,-2.7632e-03,-2.2147e-03,-1.6892e-03,-1.2143e-03,-8.0821e-04,-4.7934e-04,-2.2611e-04,-4.1263e-05,8.6887e-05,1.7176e-04,2.2599e-04,2.6069e-04,2.8723e-04,3.1380e-04,3.4849e-04,3.9816e-04,4.6986e-04,5.6983e-04,7.0455e-04,8.8206e-04,1.1095e-03,1.3938e-03,1.7433e-03,2.1651e-03,2.6678e-03
8.8205e-03,-1.1797e-01,-2.4498e-01,-3.7154e-01,-4.9722e-01,-6.2198e-01,-7.4619e-01,-8.7053e-01,-9.9574e-01,-1.1224e+00,-1.2503e+00,-1.3786e+00,-1.5053e+00,-1.6285e+00,-1.7477e+00,-1.8652e+00,-1.9864e+00,-2.1165e+00,-2.2545e+00,-2.3869e+00,-2.4894e+00,-2.5411e+00,-2.5320e+00,-2.4620e+00,-2.3575e+00,-2.2705e+00,-2.2049e+00,-2.1351e+00,-2.0596e+00,-1.9809e+00,-1.8990e+00,-1.8160e+00,-1.7351e+00,-1.6578e+00,-1.5834e+00,-1.5102e+00,-1.4362e+00,-1.3600e+00,-1.2814e+00,-1.2012e+00,-1.1205e+00,-1.0404e+00,-9.6161e-01,-8.8490e-01,-8.0994e-01,-7.3536e-01,-6.5941e-01,-5.8113e-01,-5.0146e-01,-4.2339e-01,-3.5061e-01,-2.8615e-01,-2.3161e-01,-1.8711e-01,-1.5171e-01,-1.2387e-01,-1.0189e-01,-8.4279e-02,-6.9841e-02,-5.7726e-02,-4.7377e-02,-3.8459e-02,-3.0792e-02,-2.4286e-02,-1.8897e-02,-1.4588e-02,-1.1297e-02,-8.9154e-03,-7.2891e-03,-6.2262e-03,-5.5279e-03,-5.0185e-03,-4.5685e-03,-4.1019e-03,-3.5930e-03,-3.0494e-03,-2.4975e-03,-1.9674e-03,-1.4846e-03,-1.0648e-03,-7.1438e-04,-4.3258e-04,-2.1196e-04,-4.3267e-05,8.5426e-05,1.8364e-04,2.6179e-04,3.2946e-04,3.9304e-04,4.6079e-04,5.3935e-04,6.3482e-04,7.5445e-04,9.0594e-04,1.0964e-03,1.3337e-03,1.6261e-03,1.9819e-03,2.4088e-03,2.9150e-03
9.0942e-03,-1.1340e-01,-2.3642e-01,-3.5937e-01,-4.8175e-01,-6.0330e-01,-7.2412e-01,-8.4464e-01,-9.6549e-01,-1.0873e+00,-1.2106e+00,-1.3350e+00,-1.4596e+00,-1.5825e+00,-1.7017e+00,-1.8169e+00,-1.9305e+00,-2.0480e+00,-2.1747e+00,-2.3092e+00,-2.4374e+00,-2.5351e+00,-2.5826e+00,-2.5706e+00,-2.4982e+00,-2.3895e+00,-2.2971e+00,-2.2278e+00,-2.1553e+00,-2.0772e+00,-1.9951e+00,-1.9089e+00,-1.8213e+00,-1.7360e+00,-1.6546e+00,-1.5764e+00,-1.4994e+00,-1.4214e+00,-1.3413e+00,-1.2591e+00,-1.1756e+00,-1.0918e+00,-1.0085e+00,-9.2650e-01,-8.4648e-01,-7.6794e-01,-6.8911e-01,-6.0831e-01,-5.2579e-01,-4.4432e-01,-3.6793e-01,-3.0005e-01,-2.4261e-01,-1.9588e-01,-1.5887e-01,-1.2990e-01,-1.0711e-01,-8.8844e-02,-7.3803e-02,-6.1078e-02,-5.0098e-02,-4.0544e-02,-3.2275e-02,-2.5244e-02,-1.9448e-02,-1.4868e-02,-1.1437e-02,-9.0203e-03,-7.4215e-03,-6.4102e-03,-5.7588e-03,-5.2792e-03,-4.8405e-03,-4.3742e-03,-3.8605e-03,-3.3125e-03,-2.7559e-03,-2.2209e-03,-1.7287e-03,-1.2941e-03,-9.2149e-04,-6.1089e-04,-3.5550e-04,-1.4771e-04,2.1098e-05,1.6045e-04,2.7718e-04,3.8041e-04,4.7669e-04,5.7228e-04,6.7468e-04,7.8982e-04,9.2599e-04,1.0900e-03,1.2905e-03,1.5360e-03,1.8346e-03,2.1952e-03,2.6253e-03,3.1338e-03
8.4509e-03,-1.0973e-01,-2.2859e-01,-3.4765e-01,-4.6645e-01,-5.8463e-01,-7.0208e-01,-8.1898e-01,-9.3578e-01,-1.0531e+00,-1.1714e+00,-1.2911e+00,-1.4119e+00,-1.5327e+00,-1.6517e+00,-1.7670e+00,-1.8784e+00,-1.9883e+00,-2.1022e+00,-2.2253e+00,-2.3562e+00,-2.4804e+00,-2.5736e+00,-2.6171e+00,-2.6024e+00,-2.5275e+00,-2.4144e+00,-2.3163e+00,-2.2432e+00,-2.1682e+00,-2.0874e+00,-2.0018e+00,-1.9113e+00,-1.8190e+00,-1.7294e+00,-1.6440e+00,-1.5620e+00,-1.4810e+00,-1.3990e+00,-1.3151e+00,-1.2294e+00,-1.1428e+00,-1.0559e+00,-9.6931e-01,-8.8395e-01,-8.0061e-01,-7.1829e-01,-6.3491e-01,-5.4979e-01,-4.6523e-01,-3.8537e-01,-3.1412e-01,-2.5378e-01,-2.0480e-01,-1.6616e-01,-1.3606e-01,-1.1243e-01,-9.3474e-02,-7.7771e-02,-6.4362e-02,-5.2672e-02,-4.2418e-02,-3.3508e-02,-2.5953e-02,-1.9783e-02,-1.4989e-02,-1.1482e-02,-9.0827e-03,-7.5450e-03,-6.5974e-03,-5.9912e-03,-5.5315e-03,-5.0946e-03,-4.6210e-03,-4.0992e-03,-3.5439e-03,-2.9832e-03,-2.4422e-03,-1.9411e-03,-1.4916e-03,-1.0979e-03,-7.5950e-04,-4.7197e-04,-2.2922e-04,-2.4313e-05,1.5005e-04,3.0036e-04,4.3382e-04,5.5700e-04,6.7521e-04,7.9635e-04,9.2719e-04,1.0755e-03,1.2489e-03,1.4567e-03,1.7073e-03,2.0100e-03,2.3730e-03,2.8049e-03,3.3145e-03
7.0416e-03,-1.0690e-01,-2.2149e-01,-3.3644e-01,-4.5139e-01,-5.6599e-01,-6.8000e-01,-7.9339e-01,-9.0641e-01,-1.0195e+00,-1.1331e+00,-1.2478e+00,-1.3638e+00,-1.4808e+00,-1.5979e+00,-1.7131e+00,-1.8246e+00,-1.9323e+00,-2.0385e+00,-2.1489e+00,-2.2685e+00,-2.3957e+00,-2.5159e+00,-2.6049e+00,-2.6447e+00,-2.6273e+00,-2.5495e+00,-2.4319e+00,-2.3281e+00,-2.2511e+00,-2.1736e+00,-2.0902e+00,-2.0010e+00,-1.9061e+00,-1.8093e+00,-1.7154e+00,-1.6262e+00,-1.5403e+00,-1.4553e+00,-1.3693e+00,-1.2815e+00,-1.1926e+00,-1.1030e+00,-1.0128e+00,-9.2265e-01,-8.3392e-01,-7.4722e-01,-6.6088e-01,-5.7333e-01,-4.8597e-01,-4.0288e-01,-3.2836e-01,-2.6512e-01,-2.1387e-01,-1.7359e-01,-1.4232e-01,-1.1783e-01,-9.8120e-02,-8.1683e-02,-6.7510e-02,-5.5039e-02,-4.4038e-02,-3.4482e-02,-2.6435e-02,-1.9955e-02,-1.5023e-02,-1.1504e-02,-9.1641e-03,-7.7022e-03,-6.8130e-03,-6.2346e-03,-5.7768e-03,-5.3271e-03,-4.8380e-03,-4.3034e-03,-3.7412e-03,-3.1757e-03,-2.6296e-03,-2.1202e-03,-1.6567e-03,-1.2435e-03,-8.8094e-04,-5.6543e-04,-2.9211e-04,-5.6548e-05,1.4747e-04,3.2483e-04,4.8299e-04,6.2644e-04,7.6198e-04,8.9693e-04,1.0384e-03,1.1945e-03,1.3742e-03,1.5858e-03,1.8394e-03,2.1431e-03,2.5075e-03,2.9399e-03,3.4487e-03
5.0861e-03,-1.0473e-01,-2.1507e-01,-3.2577e-01,-4.3664e-01,-5.4742e-01,-6.5785e-01,-7.6776e-01,-8.7720e-01,-9.8640e-01,-1.0958e+00,-1.2057e+00,-1.3167e+00,-1.4288e+00,-1.5420e+00,-1.6552e+00,-1.7667e+00,-1.8746e+00,-1.9787e+00,-2.0814e+00,-2.1882e+00,-2.3042e+00,-2.4277e+00,-2.5440e+00,-2.6290e+00,-2.6653e+00,-2.6450e+00,-2.5642e+00,-2.4416e+00,-2.3321e+00,-2.2514e+00,-2.1715e+00,-2.0855e+00,-1.9927e+00,-1.8933e+00,-1.7921e+00,-1.6941e+00,-1.6011e+00,-1.5113e+00,-1.4223e+00,-1.3322e+00,-1.2410e+00,-1.1490e+00,-1.0562e+00,-9.6231e-01,-8.6836e-01,-7.7640e-01,-6.8633e-01,-5.9626e-01,-5.0641e-01,-4.2037e-01,-3.4272e-01,-2.7663e-01,-2.2308e-01,-1.8112e-01,-1.4865e-01,-1.2324e-01,-1.0272e-01,-8.5470e-02,-7.0458e-02,-5.7155e-02,-4.5395e-02,-3.5224e-02,-2.6754e-02,-2.0051e-02,-1.5058e-02,-1.1582e-02,-9.3205e-03,-7.9264e-03,-7.0706e-03,-6.4921e-03,-6.0136e-03,-5.5366e-03,-5.0239e-03,-4.4742e-03,-3.9039e-03,-3.3343e-03,-2.7841e-03,-2.2673e-03,-1.7920e-03,-1.3626e-03,-9.7896e-04,-6.3995e-04,-3.4210e-04,-8.1906e-05,1.4499e-04,3.4407e-04,5.1981e-04,6.7778e-04,8.2531e-04,9.6908e-04,1.1171e-03,1.2769e-03,1.4591e-03,1.6722e-03,1.9257e-03,2.2291e-03,2.5918e-03,3.0224e-03,3.5297e-03
2.8438e-03,-1.0303e-01,-2.0920e-01,-3.1561e-01,-4.2223e-01,-5.2897e-01,-6.3563e-01,-7.4199e-01,-8.4796e-01,-9.5357e-01,-1.0590e+00,-1.1647e+00,-1.2708e+00,-1.3779e+00,-1.4861e+00,-1.5954e+00,-1.7048e+00,-1.8127e+00,-1.9171e+00,-2.0178e+00,-2.1170e+00,-2.2202e+00,-2.3324e+00,-2.4522e+00,-2.5646e+00,-2.6460e+00,-2.6789e+00,-2.6554e+00,-2.5711e+00,-2.4435e+00,-2.3284e+00,-2.2441e+00,-2.1620e+00,-2.0735e+00,-1.9770e+00,-1.8731e+00,-1.7676e+00,-1.6657e+00,-1.5690e+00,-1.4752e+00,-1.3821e+00,-1.2882e+00,-1.1937e+00,-1.0986e+00,-1.0022e+00,-9.0401e-01,-8.0641e-01,-7.1158e-01,-6.1852e-01,-5.2635e-01,-4.3771e-01,-3.5715e-01,-2.8827e-01,-2.3242e-01,-1.8874e-01,-1.5502e-01,-1.2861e-01,-1.0720e-01,-8.9063e-02,-7.3156e-02,-5.9001e-02,-4.6512e-02,-3.5800e-02,-2.7007e-02,-2.0176e-02,-1.5192e-02,-1.1786e-02,-9.5943e-03,-8.2358e-03,-7.3756e-03,-6.7638e-03,-6.2406e-03,-5.7231e-03,-5.1814e-03,-4.6147e-03,-4.0362e-03,-3.4631e-03,-2.9097e-03,-2.3876e-03,-1.9027e-03,-1.4598e-03,-1.0597e-03,-7.0176e-04,-3.8523e-04,-1.0619e-04,1.3778e-04,3.5104e-04,5.3837e-04,7.0582e-04,8.5988e-04,1.0075e-03,1.1572e-03,1.3179e-03,1.4988e-03,1.7099e-03,1.9609e-03,2.2614e-03,2.6213e-03,3.0489e-03,3.5519e-03
5.7971e-04,-1.0150e-01,-2.0366e-01,-3.0585e-01,-4.0817e-01,-5.1070e-01,-6.1338e-01,-7.1606e-01,-8.1856e-01,-9.2074e-01,-1.0226e+00,-1.1244e+00,-1.2262e+00,-1.3285e+00,-1.4316e+00,-1.5358e+00,-1.6411e+00,-1.7468e+00,-1.8511e+00,-1.9522e+00,-2.0496e+00,-2.1455e+00,-2.2450e+00,-2.3533e+00,-2.4691e+00,-2.5778e+00,-2.6557e+00,-2.6852e+00,-2.6584e+00,-2.5703e+00,-2.4373e+00,-2.3167e+00,-2.2293e+00,-2.1452e+00,-2.0541e+00,-1.9538e+00,-1.8455e+00,-1.7358e+00,-1.6303e+00,-1.5298e+00,-1.4321e+00,-1.3349e+00,-1.2374e+00,-1.1399e+00,-1.0414e+00,-9.4037e-01,-8.3769e-01,-7.3714e-01,-6.4020e-01,-5.4566e-01,-4.5474e-01,-3.7155e-01,-3.0002e-01,-2.4187e-01,-1.9642e-01,-1.6136e-01,-1.3389e-01,-1.1150e-01,-9.2405e-02,-7.5576e-02,-6.0596e-02,-4.7455e-02,-3.6314e-02,-2.7313e-02,-2.0441e-02,-1.5506e-02,-1.2165e-02,-1.0007e-02,-8.6362e-03,-7.7263e-03,-7.0476e-03,-6.4601e-03,-5.8926e-03,-5.3166e-03,-4.7319e-03,-4.1454e-03,-3.5691e-03,-3.0133e-03,-2.4864e-03,-1.9941e-03,-1.5410e-03,-1.1287e-03,-7.5754e-04,-4.2738e-04,-1.3603e-04,1.1866e-04,3.4073e-04,5.3476e-04,7.0558e-04,8.6153e-04,1.0084e-03,1.1560e-03,1.3135e-03,1.4905e-03,1.6968e-03,1.9429e-03,2.2382e-03,2.5922e-03,3.0142e-03,3.5118e-03
-1.4643e-03,-9.9900e-02,-1.9822e-01,-2.9634e-01,-3.9441e-01,-4.9265e-01,-5.9119e-01,-6.9000e-01,-7.8891e-01,-8.8772e-01,-9.8627e-01,-1.0845e+00,-1.1825e+00,-1.2805e+00,-1.3787e+00,-1.4776e+00,-1.5778e+00,-1.6792e+00,-1.7812e+00,-1.8821e+00,-1.9800e+00,-2.0742e+00,-2.1667e+00,-2.2626e+00,-2.3668e+00,-2.4785e+00,-2.5834e+00,-2.6580e+00,-2.6843e+00,-2.6539e+00,-2.5616e+00,-2.4231e+00,-2.2973e+00,-2.2069e+00,-2.1210e+00,-2.0274e+00,-1.9232e+00,-1.8106e+00,-1.6970e+00,-1.5879e+00,-1.4837e+00,-1.3819e+00,-1.2809e+00,-1.1801e+00,-1.0794e+00,-9.7658e-01,-8.7019e-01,-7.6368e-01,-6.6162e-01,-5.6422e-01,-4.7127e-01,-3.8581e-01,-3.1180e-01,-2.5139e-01,-2.0412e-01,-1.6764e-01,-1.3899e-01,-1.1555e-01,-9.5461e-02,-7.7726e-02,-6.1998e-02,-4.8327e-02,-3.6893e-02,-2.7793e-02,-2.0940e-02,-1.6058e-02,-1.2744e-02,-1.0562e-02,-9.1215e-03,-8.1175e-03,-7.3441e-03,-6.6765e-03,-6.0511e-03,-5.4401e-03,-4.8358e-03,-4.2407e-03,-3.6603e-03,-3.1020e-03,-2.5712e-03,-2.0736e-03,-1.6131e-03,-1.1920e-03,-8.1179e-04,-4.7286e-04,-1.7499e-04,8.5248e-05,3.1043e-04,5.0521e-04,6.7542e-04,8.2739e-04,9.7021e-04,1.1125e-03,1.2629e-03,1.4324e-03,1.6314e-03,1.8697e-03,2.1572e-03,2.5038e-03,2.9176e-03,3.4069e-03
-3.0911e-03,-9.7965e-02,-1.9261e-01,-2.8686e-01,-3.8083e-01,-4.7482e-01,-5.6912e-01,-6.6387e-01,-7.5903e-01,-8.5437e-01,-9.4965e-01,-1.0446e+00,-1.1392e+00,-1.2333e+00,-1.3273e+00,-1.4214e+00,-1.5162e+00,-1.6122e+00,-1.7097e+00,-1.8082e+00,-1.9059e+00,-2.0007e+00,-2.0918e+00,-2.1810e+00,-2.2730e+00,-2.3730e+00,-2.4803e+00,-2.5815e+00,-2.6529e+00,-2.6761e+00,-2.6420e+00,-2.5451e+00,-2.4010e+00,-2.2701e+00,-2.1773e+00,-2.0897e+00,-1.9934e+00,-1.8852e+00,-1.7683e+00,-1.6511e+00,-1.5385e+00,-1.4306e+00,-1.3249e+00,-1.2202e+00,-1.1165e+00,-1.0119e+00,-9.0331e-01,-7.9163e-01,-6.8336e-01,-5.8209e-01,-4.8712e-01,-3.9976e-01,-3.2355e-01,-2.6094e-01,-2.1179e-01,-1.7379e-01,-1.4388e-01,-1.1931e-01,-9.8228e-02,-7.9655e-02,-6.3306e-02,-4.9259e-02,-3.7665e-02,-2.8549e-02,-2.1734e-02,-1.6870e-02,-1.3520e-02,-1.1246e-02,-9.6800e-03,-8.5449e-03,-7.6553e-03,-6.8986e-03,-6.2111e-03,-5.5623e-03,-4.9364e-03,-4.3303e-03,-3.7443e-03,-3.1824e-03,-2.6479e-03,-2.1462e-03,-1.6801e-03,-1.2541e-03,-8.6935e-04,-5.2659e-04,-2.2600e-04,3.4956e-05,2.5853e-04,4.4920e-04,6.1410e-04,7.5920e-04,8.9363e-04,1.0260e-03,1.1669e-03,1.3263e-03,1.5150e-03,1.7428e-03,2.0195e-03,2.3556e-03,2.7595e-03,3.2381e-03
-4.1674e-03,-9.5504e-02,-1.8659e-01,-2.7716e-01,-3.6725e-01,-4.5714e-01,-5.4722e-01,-6.3779e-01,-7.2898e-01,-8.2067e-01,-9.1259e-01,-1.0044e+00,-1.0958e+00,-1.1866e+00,-1.2768e+00,-1.3667e+00,-1.4566e+00,-1.5471e+00,-1.6391e+00,-1.7329e+00,-1.8279e+00,-1.9224e+00,-2.0142e+00,-2.1023e+00,-2.1881e+00,-2.2763e+00,-2.3718e+00,-2.4746e+00,-2.5719e+00,-2.6404e+00,-2.6606e+00,-2.6228e+00,-2.5210e+00,-2.3710e+00,-2.2353e+00,-2.1405e+00,-2.0513e+00,-1.9521e+00,-1.8398e+00,-1.7188e+00,-1.5981e+00,-1.4822e+00,-1.3705e+00,-1.2611e+00,-1.1532e+00,-1.0461e+00,-9.3613e-01,-8.2096e-01,-7.0617e-01,-5.9960e-01,-5.0216e-01,-4.1323e-01,-3.3514e-01,-2.7047e-01,-2.1940e-01,-1.7979e-01,-1.4851e-01,-1.2278e-01,-1.0074e-01,-8.1453e-02,-6.4646e-02,-5.0381e-02,-3.8739e-02,-2.9646e-02,-2.2843e-02,-1.7933e-02,-1.4469e-02,-1.2038e-02,-1.0301e-02,-9.0067e-03,-7.9879e-03,-7.1354e-03,-6.3837e-03,-5.6932e-03,-5.0434e-03,-4.4230e-03,-3.8283e-03,-3.2604e-03,-2.7216e-03,-2.2159e-03,-1.7468e-03,-1.3180e-03,-9.3127e-04,-5.8861e-04,-2.8954e-04,-3.2628e-05,1.8513e-04,3.6853e-04,5.2418e-04,6.5873e-04,7.8116e-04,9.0126e-04,1.0289e-03,1.1748e-03,1.3501e-03,1.5643e-03,1.8285e-03,2.1510e-03,2.5415e-03,3.0066e-03
-4.6302e-03,-9.2396e-02,-1.7998e-01,-2.6702e-01,-3.5345e-01,-4.3947e-01,-5.2547e-01,-6.1185e-01,-6.9891e-01,-7.8671e-01,-8.7506e-01,-9.6361e-01,-1.0519e+00,-1.1397e+00,-1.2267e+00,-1.3129e+00,-1.3986e+00,-1.4843e+00,-1.5707e+00,-1.6587e+00,-1.7488e+00,-1.8404e+00,-1.9317e+00,-2.0206e+00,-2.1057e+00,-2.1883e+00,-2.2725e+00,-2.3634e+00,-2.4613e+00,-2.5547e+00,-2.6205e+00,-2.6380e+00,-2.5963e+00,-2.4894e+00,-2.3333e+00,-2.1932e+00,-2.0967e+00,-2.0059e+00,-1.9036e+00,-1.7869e+00,-1.6620e+00,-1.5379e+00,-1.4188e+00,-1.3035e+00,-1.1906e+00,-1.0797e+00,-9.6805e-01,-8.5102e-01,-7.3063e-01,-6.1736e-01,-5.1642e-01,-4.2603e-01,-3.4645e-01,-2.7990e-01,-2.2693e-01,-1.8560e-01,-1.5289e-01,-1.2600e-01,-1.0310e-01,-8.3243e-02,-6.6153e-02,-5.1809e-02,-4.0182e-02,-3.1102e-02,-2.4249e-02,-1.9209e-02,-1.5558e-02,-1.2914e-02,-1.0972e-02,-9.5037e-03,-8.3488e-03,-7.3978e-03,-6.5779e-03,-5.8426e-03,-5.1633e-03,-4.5241e-03,-3.9169e-03,-3.3404e-03,-2.7953e-03,-2.2850e-03,-1.8137e-03,-1.3840e-03,-9.9818e-04,-6.5879e-04,-3.6437e-04,-1.1470e-04,9.4360e-05,2.6725e-04,4.0980e-04,5.3054e-04,6.3805e-04,7.4240e-04,8.5424e-04,9.8366e-04,1.1424e-03,1.3406e-03,1.5880e-03,1.8943e-03,2.2679e-03,2.7165e-03
-4.4849e-03,-8.8602e-02,-1.7266e-01,-2.5626e-01,-3.3922e-01,-4.2162e-01,-5.0377e-01,-5.8609e-01,-6.6898e-01,-7.5269e-01,-8.3720e-01,-9.2223e-01,-1.0074e+00,-1.0921e+00,-1.1762e+00,-1.2593e+00,-1.3415e+00,-1.4230e+00,-1.5046e+00,-1.5870e+00,-1.6711e+00,-1.7575e+00,-1.8457e+00,-1.9339e+00,-2.0198e+00,-2.1020e+00,-2.1813e+00,-2.2616e+00,-2.3477e+00,-2.4406e+00,-2.5300e+00,-2.5932e+00,-2.6083e+00,-2.5628e+00,-2.4505e+00,-2.2881e+00,-2.1439e+00,-2.0461e+00,-1.9536e+00,-1.8477e+00,-1.7266e+00,-1.5977e+00,-1.4705e+00,-1.3482e+00,-1.2295e+00,-1.1137e+00,-9.9910e-01,-8.8088e-01,-7.5676e-01,-6.3627e-01,-5.3018e-01,-4.3800e-01,-3.5732e-01,-2.8917e-01,-2.3434e-01,-1.9126e-01,-1.5706e-01,-1.2906e-01,-1.0541e-01,-8.5165e-02,-6.7950e-02,-5.3616e-02,-4.2012e-02,-3.2890e-02,-2.5901e-02,-2.0649e-02,-1.6747e-02,-1.3853e-02,-1.1688e-02,-1.0039e-02,-8.7452e-03,-7.6925e-03,-6.8010e-03,-6.0148e-03,-5.3002e-03,-4.6363e-03,-4.0121e-03,-3.4231e-03,-2.8700e-03,-2.3549e-03,-1.8811e-03,-1.4511e-03,-1.0682e-03,-7.3356e-04,-4.4618e-04,-2.0618e-04,-9.2108e-06,1.5002e-04,2.7720e-04,3.8174e-04,4.7114e-04,5.5679e-04,6.4936e-04,7.5977e-04,8.9892e-04,1.0771e-03,1.3049e-03,1.5914e-03,1.9447e-03,2.3727e-03
-3.7987e-03,-8.4170e-02,-1.6465e-01,-2.4481e-01,-3.2441e-01,-4.0340e-01,-4.8196e-01,-5.6044e-01,-6.3927e-01,-7.1881e-01,-7.9923e-01,-8.8044e-01,-9.6211e-01,-1.0438e+00,-1.1249e+00,-1.2052e+00,-1.2844e+00,-1.3626e+00,-1.4402e+00,-1.5177e+00,-1.5961e+00,-1.6764e+00,-1.7591e+00,-1.8438e+00,-1.9288e+00,-2.0117e+00,-2.0910e+00,-2.1672e+00,-2.2435e+00,-2.3249e+00,-2.4126e+00,-2.4977e+00,-2.5585e+00,-2.5715e+00,-2.5223e+00,-2.4044e+00,-2.2355e+00,-2.0876e+00,-1.9888e+00,-1.8942e+00,-1.7843e+00,-1.6585e+00,-1.5259e+00,-1.3957e+00,-1.2704e+00,-1.1488e+00,-1.0299e+00,-9.0995e-01,-7.8393e-01,-6.5710e-01,-5.4413e-01,-4.4915e-01,-3.6756e-01,-2.9819e-01,-2.4164e-01,-1.9680e-01,-1.6113e-01,-1.3207e-01,-1.0783e-01,-8.7357e-02,-7.0123e-02,-5.5824e-02,-4.4197e-02,-3.4946e-02,-2.7731e-02,-2.2198e-02,-1.8003e-02,-1.4838e-02,-1.2445e-02,-1.0613e-02,-9.1804e-03,-8.0234e-03,-7.0547e-03,-6.2121e-03,-5.4554e-03,-4.7606e-03,-4.1135e-03,-3.5084e-03,-2.9446e-03,-2.4227e-03,-1.9459e-03,-1.5165e-03,-1.1368e-03,-8.0809e-04,-5.3010e-04,-3.0175e-04,-1.1821e-04,2.5062e-05,1.3457e-04,2.1940e-04,2.8867e-04,3.5344e-04,4.2405e-04,5.1150e-04,6.2809e-04,7.8299e-04,9.8757e-04,1.2503e-03,1.5803e-03,1.9839e-03
-2.6867e-03,-7.9224e-02,-1.5602e-01,-2.3270e-01,-3.0896e-01,-3.8466e-01,-4.5986e-01,-5.3477e-01,-6.0977e-01,-6.8522e-01,-7.6145e-01,-8.3855e-01,-9.1638e-01,-9.9459e-01,-1.0727e+00,-1.1502e+00,-1.2267e+00,-1.3021e+00,-1.3764e+00,-1.4501e+00,-1.5238e+00,-1.5984e+00,-1.6749e+00,-1.7538e+00,-1.8348e+00,-1.9164e+00,-1.9963e+00,-2.0726e+00,-2.1457e+00,-2.2183e+00,-2.2949e+00,-2.3774e+00,-2.4581e+00,-2.5164e+00,-2.5276e+00,-2.4749e+00,-2.3511e+00,-2.1755e+00,-2.0245e+00,-1.9249e+00,-1.8276e+00,-1.7131e+00,-1.5824e+00,-1.4463e+00,-1.3134e+00,-1.1853e+00,-1.0611e+00,-9.3820e-01,-8.1108e-01,-6.8001e-01,-5.5931e-01,-4.5978e-01,-3.7708e-01,-3.0685e-01,-2.4883e-01,-2.0231e-01,-1.6522e-01,-1.3522e-01,-1.1052e-01,-8.9925e-02,-7.2710e-02,-5.8405e-02,-4.6666e-02,-3.7189e-02,-2.9672e-02,-2.3809e-02,-1.9299e-02,-1.5859e-02,-1.3239e-02,-1.1228e-02,-9.6555e-03,-8.3913e-03,-7.3393e-03,-6.4323e-03,-5.6262e-03,-4.8940e-03,-4.2188e-03,-3.5939e-03,-3.0159e-03,-2.4854e-03,-2.0043e-03,-1.5749e-03,-1.1989e-03,-8.7688e-04,-6.0892e-04,-3.9277e-04,-2.2455e-04,-9.9326e-05,-9.0133e-06,5.4175e-05,1.0095e-04,1.4136e-04,1.8759e-04,2.4944e-04,3.3965e-04,4.6830e-04,6.4603e-04,8.8136e-04,1.1835e-03,1.5595e-03
-1.3008e-03,-7.3943e-02,-1.4697e-01,-2.2005e-01,-2.9292e-01,-3.6538e-01,-4.3735e-01,-5.0893e-01,-5.8036e-01,-6.5195e-01,-7.2406e-01,-7.9693e-01,-8.7062e-01,-9.4496e-01,-1.0196e+00,-1.0940e+00,-1.1679e+00,-1.2407e+00,-1.3124e+00,-1.3831e+00,-1.4530e+00,-1.5230e+00,-1.5938e+00,-1.6664e+00,-1.7414e+00,-1.8186e+00,-1.8965e+00,-1.9731e+00,-2.0466e+00,-2.1167e+00,-2.1858e+00,-2.2578e+00,-2.3350e+00,-2.4111e+00,-2.4668e+00,-2.4764e+00,-2.4204e+00,-2.2906e+00,-2.1083e+00,-1.9547e+00,-1.8543e+00,-1.7536e+00,-1.6338e+00,-1.4981e+00,-1.3586e+00,-1.2233e+00,-1.0931e+00,-9.6591e-01,-8.3735e-01,-7.0428e-01,-5.7668e-01,-4.7062e-01,-3.8590e-01,-3.1508e-01,-2.5592e-01,-2.0791e-01,-1.6950e-01,-1.3867e-01,-1.1361e-01,-9.2931e-02,-7.5693e-02,-6.1289e-02,-4.9329e-02,-3.9536e-02,-3.1660e-02,-2.5443e-02,-2.0615e-02,-1.6906e-02,-1.4067e-02,-1.1880e-02,-1.0168e-02,-8.7913e-03,-7.6499e-03,-6.6715e-03,-5.8094e-03,-5.0334e-03,-4.3254e-03,-3.6756e-03,-3.0805e-03,-2.5392e-03,-2.0523e-03,-1.6214e-03,-1.2478e-03,-9.3231e-04,-6.7457e-04,-4.7142e-04,-3.1932e-04,-2.1280e-04,-1.4378e-04,-1.0338e-04,-8.2107e-05,-6.7445e-05,-4.9235e-05,-1.5603e-05,4.5145e-05,1.4410e-04,2.9135e-04,4.9545e-04,7.6594e-04,1.1098e-03
1.8514e-04,-6.8546e-02,-1.3773e-01,-2.0712e-01,-2.7650e-01,-3.4565e-01,-4.1443e-01,-4.8281e-01,-5.5089e-01,-6.1889e-01,-6.8711e-01,-7.5582e-01,-8.2524e-01,-8.9539e-01,-9.6611e-01,-1.0371e+00,-1.1079e+00,-1.1780e+00,-1.2473e+00,-1.3154e+00,-1.3826e+00,-1.4491e+00,-1.5154e+00,-1.5825e+00,-1.6512e+00,-1.7220e+00,-1.7950e+00,-1.8690e+00,-1.9422e+00,-2.0127e+00,-2.0800e+00,-2.1457e+00,-2.2135e+00,-2.2855e+00,-2.3568e+00,-2.4097e+00,-2.4178e+00,-2.3588e+00,-2.2228e+00,-2.0336e+00,-1.8784e+00,-1.7769e+00,-1.6719e+00,-1.5458e+00,-1.4051e+00,-1.2626e+00,-1.1254e+00,-9.9316e-01,-8.6224e-01,-7.2851e-01,-5.9653e-01,-4.8284e-01,-3.9437e-01,-3.2284e-01,-2.6294e-01,-2.1370e-01,-1.7414e-01,-1.4257e-01,-1.1718e-01,-9.6372e-02,-7.9007e-02,-6.4377e-02,-5.2091e-02,-4.1914e-02,-3.3649e-02,-2.7074e-02,-2.1937e-02,-1.7971e-02,-1.4922e-02,-1.2563e-02,-1.0709e-02,-9.2171e-03,-7.9803e-03,-6.9244e-03,-6.0004e-03,-5.1749e-03,-4.4285e-03,-3.7503e-03,-3.1345e-03,-2.5786e-03,-2.0834e-03,-1.6491e-03,-1.2772e-03,-9.6723e-04,-7.1893e-04,-5.2908e-04,-3.9363e-04,-3.0624e-04,-2.5934e-04,-2.4374e-04,-2.4852e-04,-2.6274e-04,-2.7447e-04,-2.7177e-04,-2.4317e-04,-1.7800e-04,-6.5157e-05,1.0452e-04,3.3956e-04,6.4766e-04
1.5766e-03,-6.3265e-02,-1.2858e-01,-1.9420e-01,-2.5997e-01,-3.2569e-01,-3.9120e-01,-4.5640e-01,-5.2127e-01,-5.8590e-01,-6.5049e-01,-7.1528e-01,-7.8052e-01,-8.4637e-01,-9.1286e-01,-9.7986e-01,-1.0471e+00,-1.1142e+00,-1.1808e+00,-1.2465e+00,-1.3113e+00,-1.3751e+00,-1.4382e+00,-1.5011e+00,-1.5644e+00,-1.6291e+00,-1.6956e+00,-1.7640e+00,-1.8338e+00,-1.9032e+00,-1.9706e+00,-2.0352e+00,-2.0980e+00,-2.1618e+00,-2.2289e+00,-2.2952e+00,-2.3449e+00,-2.3515e+00,-2.2896e+00,-2.1473e+00,-1.9514e+00,-1.7956e+00,-1.6927e+00,-1.5819e+00,-1.4488e+00,-1.3029e+00,-1.1581e+00,-1.0196e+00,-8.8534e-01,-7.5122e-01,-6.1787e-01,-4.9760e-01,-4.0332e-01,-3.3026e-01,-2.6987e-01,-2.1975e-01,-1.7923e-01,-1.4700e-01,-1.2124e-01,-1.0019e-01,-8.2546e-02,-6.7562e-02,-5.4863e-02,-4.4262e-02,-3.5601e-02,-2.8681e-02,-2.3253e-02,-1.9045e-02,-1.5795e-02,-1.3268e-02,-1.1272e-02,-9.6605e-03,-8.3239e-03,-7.1856e-03,-6.1937e-03,-5.3142e-03,-4.5252e-03,-3.8141e-03,-3.1733e-03,-2.6002e-03,-2.0936e-03,-1.6531e-03,-1.2805e-03,-9.7504e-04,-7.3458e-04,-5.5713e-04,-4.3778e-04,-3.7014e-04,-3.4590e-04,-3.5542e-04,-3.8791e-04,-4.3242e-04,-4.7624e-04,-5.0735e-04,-5.1357e-04,-4.8466e-04,-4.0946e-04,-2.7833e-04,-8.2208e-05,1.8661e-04
2.6599e-03,-5.8342e-02,-1.1980e-01,-1.8161e-01,-2.4367e-01,-3.0583e-01,-3.6794e-01,-4.2987e-01,-4.9152e-01,-5.5289e-01,-6.1406e-01,-6.7519e-01,-7.3648e-01,-7.9815e-01,-8.6034e-01,-9.2309e-01,-9.8629e-01,-1.0497e+00,-1.1131e+00,-1.1761e+00,-1.2384e+00,-1.2999e+00,-1.3605e+00,-1.4203e+00,-1.4798e+00,-1.5394e+00,-1.5999e+00,-1.6619e+00,-1.7257e+00,-1.7908e+00,-1.8561e+00,-1.9202e+00,-1.9821e+00,-2.0423e+00,-2.1027e+00,-2.1651e+00,-2.2264e+00,-2.2725e+00,-2.2772e+00,-2.2125e+00,-2.0638e+00,-1.8618e+00,-1.7065e+00,-1.6013e+00,-1.4830e+00,-1.3419e+00,-1.1915e+00,-1.0452e+00,-9.0616e-01,-7.7117e-01,-6.3870e-01,-5.1509e-01,-4.1403e-01,-3.3778e-01,-2.7675e-01,-2.2606e-01,-1.8480e-01,-1.5194e-01,-1.2571e-01,-1.0424e-01,-8.6175e-02,-7.0729e-02,-5.7564e-02,-4.6529e-02,-3.7487e-02,-3.0245e-02,-2.4547e-02,-2.0115e-02,-1.6673e-02,-1.3982e-02,-1.1846e-02,-1.0113e-02,-8.6739e-03,-7.4496e-03,-6.3866e-03,-5.4489e-03,-4.6127e-03,-3.8643e-03,-3.1946e-03,-2.5998e-03,-2.0785e-03,-1.6296e-03,-1.2532e-03,-9.4874e-04,-7.1541e-04,-5.4908e-04,-4.4471e-04,-3.9586e-04,-3.9377e-04,-4.2885e-04,-4.9018e-04,-5.6602e-04,-6.4305e-04,-7.0957e-04,-7.5394e-04,-7.6401e-04,-7.2912e-04,-6.3928e-04,-4.8530e-04,-2.5999e-04
3.2121e-03,-5.4010e-02,-1.1165e-01,-1.6965e-01,-2.2795e-01,-2.8644e-01,-3.4499e-01,-4.0349e-01,-4.6181e-01,-5.1988e-01,-5.7771e-01,-6.3536e-01,-6.9297e-01,-7.5071e-01,-8.0875e-01,-8.6722e-01,-9.2617e-01,-9.8553e-01,-1.0452e+00,-1.1048e+00,-1.1642e+00,-1.2231e+00,-1.2812e+00,-1.3386e+00,-1.3952e+00,-1.4513e+00,-1.5073e+00,-1.5637e+00,-1.6212e+00,-1.6800e+00,-1.7402e+00,-1.8012e+00,-1.8617e+00,-1.9209e+00,-1.9786e+00,-2.0359e+00,-2.0942e+00,-2.1507e+00,-2.1926e+00,-2.1949e+00,-2.1270e+00,-1.9719e+00,-1.7647e+00,-1.6115e+00,-1.5024e+00,-1.3745e+00,-1.2249e+00,-1.0708e+00,-9.2467e-01,-7.8744e-01,-6.5675e-01,-5.3385e-01,-4.2758e-01,-3.4625e-01,-2.8370e-01,-2.3255e-01,-1.9072e-01,-1.5722e-01,-1.3039e-01,-1.0835e-01,-8.9728e-02,-7.3754e-02,-6.0111e-02,-4.8661e-02,-3.9271e-02,-3.1739e-02,-2.5800e-02,-2.1160e-02,-1.7539e-02,-1.4691e-02,-1.2417e-02,-1.0566e-02,-9.0239e-03,-7.7125e-03,-6.5762e-03,-5.5765e-03,-4.6901e-03,-3.9004e-03,-3.1971e-03,-2.5765e-03,-2.0358e-03,-1.5743e-03,-1.1915e-03,-8.8590e-04,-6.5590e-04,-4.9842e-04,-4.0722e-04,-3.7648e-04,-3.9585e-04,-4.5666e-04,-5.4603e-04,-6.5368e-04,-7.6503e-04,-8.6860e-04,-9.5198e-04,-1.0032e-03,-1.0109e-03,-9.6511e-04,-8.5623e-04,-6.7645e-04
3.0208e-03,-5.0472e-02,-1.0435e-01,-1.5857e-01,-2.1309e-01,-2.6783e-01,-3.2271e-01,-3.7761e-01,-4.3243e-01,-4.8707e-01,-5.4148e-01,-5.9569e-01,-6.4975e-01,-7.0378e-01,-7.5792e-01,-8.1232e-01,-8.6706e-01,-9.2220e-01,-9.7770e-01,-1.0335e+00,-1.0893e+00,-1.1451e+00,-1.2004e+00,-1.2552e+00,-1.3093e+00,-1.3627e+00,-1.4155e+00,-1.4679e+00,-1.5204e+00,-1.5733e+00,-1.6273e+00,-1.6825e+00,-1.7388e+00,-1.7954e+00,-1.8516e+00,-1.9069e+00,-1.9616e+00,-2.0163e+00,-2.0680e+00,-2.1055e+00,-2.1046e+00,-2.0331e+00,-1.8714e+00,-1.6607e+00,-1.5110e+00,-1.3955e+00,-1.2557e+00,-1.0977e+00,-9.4230e-01,-8.0005e-01,-6.7036e-01,-5.5101e-01,-4.4368e-01,-3.5680e-01,-2.9110e-01,-2.3906e-01,-1.9671e-01,-1.6256e-01,-1.3500e-01,-1.1226e-01,-9.3005e-02,-7.6491e-02,-6.2400e-02,-5.0586e-02,-4.0899e-02,-3.3121e-02,-2.6971e-02,-2.2148e-02,-1.8366e-02,-1.5374e-02,-1.2972e-02,-1.1008e-02,-9.3678e-03,-7.9711e-03,-6.7608e-03,-5.6982e-03,-4.7579e-03,-3.9225e-03,-3.1823e-03,-2.5314e-03,-1.9669e-03,-1.4887e-03,-1.0945e-03,-7.8372e-04,-5.5442e-04,-4.0261e-04,-3.2257e-04,-3.0679e-04,-3.4643e-04,-4.3092e-04,-5.4868e-04,-6.8684e-04,-8.3310e-04,-9.7405e-04,-1.0974e-03,-1.1907e-03,-1.2426e-03,-1.2424e-03,-1.1810e-03,-1.0487e-03
1.9549e-03,-4.7850e-02,-9.8014e-02,-1.4850e-01,-1.9925e-01,-2.5023e-01,-3.0136e-01,-3.5254e-01,-4.0369e-01,-4.5471e-01,-5.0556e-01,-5.5622e-01,-6.0671e-01,-6.5711e-01,-7.0753e-01,-7.5806e-01,-8.0881e-01,-8.5985e-01,-9.1122e-01,-9.6289e-01,-1.0148e+00,-1.0668e+00,-1.1188e+00,-1.1705e+00,-1.2218e+00,-1.2726e+00,-1.3227e+00,-1.3721e+00,-1.4210e+00,-1.4697e+00,-1.5186e+00,-1.5679e+00,-1.6183e+00,-1.6698e+00,-1.7222e+00,-1.7750e+00,-1.8276e+00,-1.8799e+00,-1.9313e+00,-1.9788e+00,-2.0116e+00,-2.0067e+00,-1.9308e+00,-1.7625e+00,-1.5509e+00,-1.4053e+00,-1.2801e+00,-1.1266e+00,-9.6242e-01,-8.1105e-01,-6.7930e-01,-5.6380e-01,-4.5980e-01,-3.6986e-01,-2.9964e-01,-2.4562e-01,-2.0245e-01,-1.6755e-01,-1.3917e-01,-1.1566e-01,-9.5758e-02,-7.8751e-02,-6.4290e-02,-5.2195e-02,-4.2285e-02,-3.4321e-02,-2.8008e-02,-2.3039e-02,-1.9121e-02,-1.6007e-02,-1.3494e-02,-1.1429e-02,-9.6995e-03,-8.2225e-03,-6.9409e-03,-5.8155e-03,-4.8191e-03,-3.9351e-03,-3.1533e-03,-2.4674e-03,-1.8749e-03,-1.3742e-03,-9.6450e-04,-6.4432e-04,-4.1138e-04,-2.6154e-04,-1.8829e-04,-1.8498e-04,-2.4216e-04,-3.4816e-04,-4.9192e-04,-6.5971e-04,-8.3990e-04,-1.0174e-03,-1.1810e-03,-1.3162e-03,-1.4127e-03,-1.4590e-03,-1.4454e-03,-1.3626e-03
9.0519e-05,-4.6066e-02,-9.2559e-02,-1.3935e-01,-1.8639e-01,-2.3363e-01,-2.8099e-01,-3.2840e-01,-3.7577e-01,-4.2303e-01,-4.7013e-01,-5.1707e-01,-5.6385e-01,-6.1055e-01,-6.5723e-01,-7.0399e-01,-7.5090e-01,-7.9803e-01,-8.4542e-01,-8.9308e-01,-9.4100e-01,-9.8910e-01,-1.0373e+00,-1.0855e+00,-1.1335e+00,-1.1812e+00,-1.2284e+00,-1.2751e+00,-1.3212e+00,-1.3668e+00,-1.4119e+00,-1.4570e+00,-1.5023e+00,-1.5482e+00,-1.5951e+00,-1.6431e+00,-1.6921e+00,-1.7417e+00,-1.7913e+00,-1.8398e+00,-1.8833e+00,-1.9115e+00,-1.9020e+00,-1.8210e+00,-1.6464e+00,-1.4370e+00,-1.2947e+00,-1.1559e+00,-9.8925e-01,-8.2551e-01,-6.8605e-01,-5.7115e-01,-4.7219e-01,-3.8372e-01,-3.0986e-01,-2.5257e-01,-2.0779e-01,-1.7185e-01,-1.4252e-01,-1.1820e-01,-9.7709e-02,-8.0304e-02,-6.5595e-02,-5.3338e-02,-4.3310e-02,-3.5245e-02,-2.8837e-02,-2.3774e-02,-1.9765e-02,-1.6561e-02,-1.3963e-02,-1.1818e-02,-1.0012e-02,-8.4647e-03,-7.1174e-03,-5.9306e-03,-4.8784e-03,-3.9441e-03,-3.1167e-03,-2.3914e-03,-1.7655e-03,-1.2380e-03,-8.0700e-04,-4.7220e-04,-2.2998e-04,-7.7197e-05,-7.2289e-06,-1.1822e-05,-8.2666e-05,-2.0689e-04,-3.7372e-04,-5.6914e-04,-7.8017e-04,-9.9302e-04,-1.1948e-03,-1.3721e-03,-1.5123e-03,-1.6047e-03,-1.6391e-03,-1.6054e-03
-2.1270e-03,-4.4683e-02,-8.7558e-02,-1.3071e-01,-1.7409e-01,-2.1763e-01,-2.6127e-01,-3.0492e-01,-3.4850e-01,-3.9193e-01,-4.3518e-01,-4.7824e-01,-5.2115e-01,-5.6397e-01,-6.0678e-01,-6.4968e-01,-6.9273e-01,-7.3601e-01,-7.7954e-01,-8.2333e-01,-8.6737e-01,-9.1162e-01,-9.5602e-01,-1.0005e+00,-1.0449e+00,-1.0892e+00,-1.1332e+00,-1.1769e+00,-1.2201e+00,-1.2628e+00,-1.3051e+00,-1.3470e+00,-1.3887e+00,-1.4305e+00,-1.4727e+00,-1.5155e+00,-1.5592e+00,-1.6040e+00,-1.6499e+00,-1.6964e+00,-1.7419e+00,-1.7819e+00,-1.8058e+00,-1.7916e+00,-1.7049e+00,-1.5245e+00,-1.3208e+00,-1.1787e+00,-1.0240e+00,-8.5058e-01,-6.9677e-01,-5.7524e-01,-4.7830e-01,-3.9440e-01,-3.2069e-01,-2.6040e-01,-2.1307e-01,-1.7544e-01,-1.4488e-01,-1.1967e-01,-9.8617e-02,-8.0927e-02,-6.6113e-02,-5.3843e-02,-4.3833e-02,-3.5781e-02,-2.9372e-02,-2.4291e-02,-2.0249e-02,-1.7004e-02,-1.4358e-02,-1.2161e-02,-1.0300e-02,-8.6961e-03,-7.2921e-03,-6.0493e-03,-4.9427e-03,-3.9565e-03,-3.0817e-03,-2.3130e-03,-1.6491e-03,-1.0887e-03,-6.3137e-04,-2.7567e-04,-1.8904e-05,1.4242e-04,2.1533e-04,2.0727e-04,1.2872e-04,-9.4119e-06,-1.9481e-04,-4.1399e-04,-6.5301e-04,-8.9821e-04,-1.1354e-03,-1.3515e-03,-1.5341e-03,-1.6712e-03,-1.7521e-03,-1.7667e-03
-3.8107e-03,-4.2822e-02,-8.2130e-02,-1.2169e-01,-1.6147e-01,-2.0139e-01,-2.4138e-01,-2.8134e-01,-3.2118e-01,-3.6081e-01,-4.0020e-01,-4.3934e-01,-4.7827e-01,-5.1707e-01,-5.5585e-01,-5.9470e-01,-6.3373e-01,-6.7301e-01,-7.1260e-01,-7.5250e-01,-7.9270e-01,-8.3317e-01,-8.7386e-01,-9.1467e-01,-9.5554e-01,-9.9635e-01,-1.0370e+00,-1.0775e+00,-1.1176e+00,-1.1573e+00,-1.1967e+00,-1.2357e+00,-1.2745e+00,-1.3132e+00,-1.3521e+00,-1.3911e+00,-1.4306e+00,-1.4705e+00,-1.5112e+00,-1.5529e+00,-1.5955e+00,-1.6375e+00,-1.6743e+00,-1.6946e+00,-1.6758e+00,-1.5831e+00,-1.3977e+00,-1.2009e+00,-1.0550e+00,-8.8861e-01,-7.1973e-01,-5.8245e-01,-4.7939e-01,-3.9831e-01,-3.2869e-01,-2.6857e-01,-2.1896e-01,-1.7897e-01,-1.4660e-01,-1.2019e-01,-9.8474e-02,-8.0531e-02,-6.5722e-02,-5.3583e-02,-4.3735e-02,-3.5831e-02,-2.9534e-02,-2.4529e-02,-2.0532e-02,-1.7306e-02,-1.4659e-02,-1.2445e-02,-1.0556e-02,-8.9153e-03,-7.4675e-03,-6.1768e-03,-5.0202e-03,-3.9839e-03,-3.0600e-03,-2.2450e-03,-1.5385e-03,-9.4007e-04,-4.4993e-04,-6.7314e-05,2.1026e-04,3.8711e-04,4.6935e-04,4.6496e-04,3.8440e-04,2.3821e-04,3.9769e-05,-1.9757e-04,-4.5939e-04,-7.3191e-04,-1.0007e-03,-1.2523e-03,-1.4734e-03,-1.6522e-03,-1.7769e-03,-1.8376e-03
-3.9025e-03,-3.9393e-02,-7.5156e-02,-1.1116e-01,-1.4737e-01,-1.8371e-01,-2.2011e-01,-2.5646e-01,-2.9265e-01,-3.2858e-01,-3.6419e-01,-3.9946e-01,-4.3443e-01,-4.6918e-01,-5.0382e-01,-5.3847e-01,-5.7328e-01,-6.0834e-01,-6.4374e-01,-6.7952e-01,-7.1569e-01,-7.5223e-01,-7.8910e-01,-8.2622e-01,-8.6350e-01,-9.0085e-01,-9.3815e-01,-9.7531e-01,-1.0122e+00,-1.0488e+00,-1.0851e+00,-1.1211e+00,-1.1568e+00,-1.1924e+00,-1.2282e+00,-1.2642e+00,-1.3005e+00,-1.3371e+00,-1.3738e+00,-1.4107e+00,-1.4481e+00,-1.4861e+00,-1.5242e+00,-1.5579e+00,-1.5751e+00,-1.5519e+00,-1.4519e+00,-1.2611e+00,-1.0703e+00,-9.2047e-01,-7.5509e-01,-6.0088e-01,-4.8199e-01,-3.9623e-01,-3.3040e-01,-2.7440e-01,-2.2531e-01,-1.8343e-01,-1.4877e-01,-1.2058e-01,-9.7794e-02,-7.9398e-02,-6.4550e-02,-5.2592e-02,-4.3006e-02,-3.5364e-02,-2.9290e-02,-2.4459e-02,-2.0588e-02,-1.7447e-02,-1.4851e-02,-1.2663e-02,-1.0777e-02,-9.1220e-03,-7.6472e-03,-6.3203e-03,-5.1205e-03,-4.0369e-03,-3.0644e-03,-2.2018e-03,-1.4493e-03,-8.0849e-04,-2.8020e-04,1.3645e-04,4.4212e-04,6.4173e-04,7.4100e-04,7.4791e-04,6.7216e-04,5.2598e-04,3.2181e-04,7.3230e-05,-2.0490e-04,-4.9861e-04,-7.9331e-04,-1.0746e-03,-1.3294e-03,-1.5455e-03,-1.7100e-03,-1.8127e-03
-1.8825e-03,-3.3842e-02,-6.6027e-02,-9.8430e-02,-1.3103e-01,-1.6376e-01,-1.9657e-01,-2.2934e-01,-2.6195e-01,-2.9428e-01,-3.2624e-01,-3.5779e-01,-3.8893e-01,-4.1972e-01,-4.5026e-01,-4.8070e-01,-5.1118e-01,-5.4185e-01,-5.7283e-01,-6.0419e-01,-6.3600e-01,-6.6825e-01,-7.0094e-01,-7.3402e-01,-7.6740e-01,-8.0099e-01,-8.3467e-01,-8.6833e-01,-9.0183e-01,-9.3508e-01,-9.6798e-01,-1.0005e+00,-1.0327e+00,-1.0647e+00,-1.0966e+00,-1.1287e+00,-1.1613e+00,-1.1943e+00,-1.2277e+00,-1.2612e+00,-1.2944e+00,-1.3273e+00,-1.3605e+00,-1.3940e+00,-1.4240e+00,-1.4380e+00,-1.4096e+00,-1.3004e+00,-1.1036e+00,-9.1984e-01,-7.7646e-01,-6.2834e-01,-4.9530e-01,-3.9592e-01,-3.2719e-01,-2.7529e-01,-2.3012e-01,-1.8895e-01,-1.5270e-01,-1.2236e-01,-9.7855e-02,-7.8453e-02,-6.3207e-02,-5.1250e-02,-4.1871e-02,-3.4508e-02,-2.8711e-02,-2.4117e-02,-2.0435e-02,-1.7435e-02,-1.4940e-02,-1.2814e-02,-1.0963e-02,-9.3186e-03,-7.8358e-03,-6.4855e-03,-5.2526e-03,-4.1279e-03,-3.1100e-03,-2.1996e-03,-1.3994e-03,-7.1212e-04,-1.3979e-04,3.1623e-04,6.5761e-04,8.8812e-04,1.0126e-03,1.0392e-03,9.7803e-04,8.4011e-04,6.3848e-04,3.8739e-04,1.0061e-04,-2.0653e-04,-5.1911e-04,-8.2371e-04,-1.1055e-03,-1.3519e-03,-1.5504e-03,-1.6898e-03
1.5630e-03,-2.6912e-02,-5.5508e-02,-8.4254e-02,-1.1316e-01,-1.4221e-01,-1.7136e-01,-2.0051e-01,-2.2956e-01,-2.5838e-01,-2.8686e-01,-3.1490e-01,-3.4247e-01,-3.6958e-01,-3.9630e-01,-4.2276e-01,-4.4911e-01,-4.7548e-01,-5.0204e-01,-5.2890e-01,-5.5615e-01,-5.8385e-01,-6.1202e-01,-6.4064e-01,-6.6966e-01,-6.9901e-01,-7.2858e-01,-7.5825e-01,-7.8788e-01,-8.1733e-01,-8.4645e-01,-8.7515e-01,-9.0338e-01,-9.3116e-01,-9.5862e-01,-9.8598e-01,-1.0135e+00,-1.0414e+00,-1.0699e+00,-1.0989e+00,-1.1280e+00,-1.1567e+00,-1.1850e+00,-1.2132e+00,-1.2420e+00,-1.2682e+00,-1.2785e+00,-1.2436e+00,-1.1249e+00,-9.2682e-01,-7.5887e-01,-6.3839e-01,-5.1844e-01,-4.0902e-01,-3.2836e-01,-2.7373e-01,-2.3188e-01,-1.9409e-01,-1.5863e-01,-1.2696e-01,-1.0044e-01,-7.9305e-02,-6.2945e-02,-5.0451e-02,-4.0935e-02,-3.3659e-02,-2.8047e-02,-2.3661e-02,-2.0171e-02,-1.7331e-02,-1.4958e-02,-1.2922e-02,-1.1128e-02,-9.5146e-03,-8.0408e-03,-6.6821e-03,-5.4263e-03,-4.2689e-03,-3.2105e-03,-2.2550e-03,-1.4070e-03,-6.7081e-04,-5.1105e-05,4.5079e-04,8.3489e-04,1.1036e-03,1.2628e-03,1.3185e-03,1.2813e-03,1.1620e-03,9.7316e-04,7.2949e-04,4.4443e-04,1.3344e-04,-1.8856e-04,-5.0688e-04,-8.0734e-04,-1.0764e-03,-1.3016e-03,-1.4711e-03
4.7269e-03,-2.0531e-02,-4.5732e-02,-7.0941e-02,-9.6217e-02,-1.2160e-01,-1.4708e-01,-1.7264e-01,-1.9818e-01,-2.2362e-01,-2.4883e-01,-2.7370e-01,-2.9814e-01,-3.2210e-01,-3.4561e-01,-3.6873e-01,-3.9157e-01,-4.1426e-01,-4.3694e-01,-4.5975e-01,-4.8281e-01,-5.0621e-01,-5.3001e-01,-5.5424e-01,-5.7887e-01,-6.0388e-01,-6.2918e-01,-6.5467e-01,-6.8023e-01,-7.0572e-01,-7.3096e-01,-7.5584e-01,-7.8024e-01,-8.0410e-01,-8.2746e-01,-8.5044e-01,-8.7326e-01,-8.9621e-01,-9.1956e-01,-9.4347e-01,-9.6789e-01,-9.9251e-01,-1.0169e+00,-1.0410e+00,-1.0654e+00,-1.0910e+00,-1.1144e+00,-1.1207e+00,-1.0794e+00,-9.5466e-01,-7.6451e-01,-6.2122e-01,-5.2976e-01,-4.3649e-01,-3.4672e-01,-2.7984e-01,-2.3418e-01,-1.9843e-01,-1.6561e-01,-1.3461e-01,-1.0688e-01,-8.3736e-02,-6.5483e-02,-5.1608e-02,-4.1257e-02,-3.3566e-02,-2.7811e-02,-2.3431e-02,-2.0017e-02,-1.7274e-02,-1.4996e-02,-1.3039e-02,-1.1304e-02,-9.7297e-03,-8.2755e-03,-6.9194e-03,-5.6516e-03,-4.4704e-03,-3.3785e-03,-2.3824e-03,-1.4888e-03,-7.0425e-04,-3.4662e-05,5.1718e-04,9.4988e-04,1.2652e-03,1.4672e-03,1.5620e-03,1.5595e-03,1.4693e-03,1.3054e-03,1.0796e-03,8.0773e-04,5.0421e-04,1.8430e-04,-1.3764e-04,-4.4622e-04,-7.2858e-04,-9.7151e-04,-1.1623e-03
5.9580e-03,-1.6661e-02,-3.8990e-02,-6.1124e-02,-8.3161e-02,-1.0519e-01,-1.2729e-01,-1.4948e-01,-1.7176e-01,-1.9409e-01,-2.1637e-01,-2.3851e-01,-2.6040e-01,-2.8196e-01,-3.0312e-01,-3.2388e-01,-3.4427e-01,-3.6439e-01,-3.8432e-01,-4.0420e-01,-4.2413e-01,-4.4423e-01,-4.6459e-01,-4.8526e-01,-5.0627e-01,-5.2763e-01,-5.4930e-01,-5.7122e-01,-5.9330e-01,-6.1543e-01,-6.3748e-01,-6.5932e-01,-6.8083e-01,-7.0194e-01,-7.2261e-01,-7.4292e-01,-7.6300e-01,-7.8307e-01,-8.0338e-01,-8.2414e-01,-8.4543e-01,-8.6709e-01,-8.8883e-01,-9.1036e-01,-9.3187e-01,-9.5439e-01,-9.7859e-01,-1.0000e+00,-1.0023e+00,-9.5547e-01,-8.2925e-01,-6.5260e-01,-5.3119e-01,-4.5939e-01,-3.8287e-01,-3.0576e-01,-2.4714e-01,-2.0635e-01,-1.7412e-01,-1.4475e-01,-1.1726e-01,-9.2774e-02,-7.2370e-02,-5.6333e-02,-4.4239e-02,-3.5331e-02,-2.8811e-02,-2.3996e-02,-2.0360e-02,-1.7523e-02,-1.5220e-02,-1.3271e-02,-1.1557e-02,-1.0003e-02,-8.5635e-03,-7.2121e-03,-5.9387e-03,-4.7412e-03,-3.6242e-03,-2.5943e-03,-1.6601e-03,-8.2943e-04,-1.1025e-04,4.9417e-04,9.7991e-04,1.3477e-03,1.6005e-03,1.7442e-03,1.7866e-03,1.7379e-03,1.6097e-03,1.4154e-03,1.1695e-03,8.8597e-04,5.8044e-04,2.6734e-04,-3.8313e-05,-3.2249e-04,-5.7208e-04,-7.7437e-04
4.6858e-03,-1.6090e-02,-3.6347e-02,-5.6189e-02,-7.5735e-02,-9.5117e-02,-1.1446e-01,-1.3386e-01,-1.5340e-01,-1.7311e-01,-1.9297e-01,-2.1292e-01,-2.3288e-01,-2.5275e-01,-2.7243e-01,-2.9186e-01,-3.1098e-01,-3.2981e-01,-3.4837e-01,-3.6673e-01,-3.8499e-01,-4.0323e-01,-4.2155e-01,-4.4004e-01,-4.5876e-01,-4.7775e-01,-4.9702e-01,-5.1656e-01,-5.3633e-01,-5.5627e-01,-5.7630e-01,-5.9632e-01,-6.1623e-01,-6.3596e-01,-6.5548e-01,-6.7480e-01,-6.9400e-01,-7.1322e-01,-7.3264e-01,-7.5239e-01,-7.7253e-01,-7.9295e-01,-8.1338e-01,-8.3350e-01,-8.5327e-01,-8.7334e-01,-8.9508e-01,-9.1871e-01,-9.3826e-01,-9.3661e-01,-8.8580e-01,-7.6113e-01,-5.9615e-01,-4.8484e-01,-4.1900e-01,-3.5037e-01,-2.8089e-01,-2.2701e-01,-1.8867e-01,-1.5835e-01,-1.3126e-01,-1.0633e-01,-8.4242e-02,-6.5802e-02,-5.1238e-02,-4.0216e-02,-3.2090e-02,-2.6152e-02,-2.1779e-02,-1.8482e-02,-1.5904e-02,-1.3800e-02,-1.2003e-02,-1.0408e-02,-8.9475e-03,-7.5854e-03,-6.3024e-03,-5.0913e-03,-3.9549e-03,-2.8981e-03,-1.9302e-03,-1.0588e-03,-2.9251e-04,3.6285e-04,9.0360e-04,1.3282e-03,1.6388e-03,1.8393e-03,1.9370e-03,1.9406e-03,1.8609e-03,1.7110e-03,1.5038e-03,1.2542e-03,9.7668e-04,6.8637e-04,3.9730e-04,1.2373e-04,-1.2014e-04,-3.2189e-04
1.6171e-03,-1.8118e-02,-3.7165e-02,-5.5615e-02,-7.3591e-02,-9.1238e-02,-1.0871e-01,-1.2616e-01,-1.4373e-01,-1.6151e-01,-1.7957e-01,-1.9792e-01,-2.1653e-01,-2.3532e-01,-2.5419e-01,-2.7305e-01,-2.9179e-01,-3.1034e-01,-3.2866e-01,-3.4675e-01,-3.6463e-01,-3.8237e-01,-4.0003e-01,-4.1770e-01,-4.3546e-01,-4.5337e-01,-4.7148e-01,-4.8984e-01,-5.0843e-01,-5.2726e-01,-5.4627e-01,-5.6542e-01,-5.8463e-01,-6.0386e-01,-6.2305e-01,-6.4220e-01,-6.6132e-01,-6.8050e-01,-6.9983e-01,-7.1940e-01,-7.3922e-01,-7.5918e-01,-7.7900e-01,-7.9838e-01,-8.1711e-01,-8.3552e-01,-8.5474e-01,-8.7631e-01,-8.9965e-01,-9.1759e-01,-9.1301e-01,-8.6006e-01,-7.3755e-01,-5.7850e-01,-4.6601e-01,-3.9731e-01,-3.3213e-01,-2.6779e-01,-2.1678e-01,-1.7949e-01,-1.4997e-01,-1.2414e-01,-1.0081e-01,-8.0274e-02,-6.3036e-02,-4.9267e-02,-3.8709e-02,-3.0829e-02,-2.5016e-02,-2.0708e-02,-1.7450e-02,-1.4902e-02,-1.2827e-02,-1.1061e-02,-9.5015e-03,-8.0819e-03,-6.7648e-03,-5.5325e-03,-4.3764e-03,-3.2986e-03,-2.3035e-03,-1.3987e-03,-5.9186e-04,1.1105e-04,7.0505e-04,1.1878e-03,1.5596e-03,1.8235e-03,1.9846e-03,2.0504e-03,2.0312e-03,1.9382e-03,1.7843e-03,1.5828e-03,1.3480e-03,1.0944e-03,8.3659e-04,5.8825e-04,3.6377e-04,1.7528e-04
-1.8575e-03,-2.1176e-02,-3.9718e-02,-5.7557e-02,-7.4800e-02,-9.1587e-02,-1.0808e-01,-1.2445e-01,-1.4087e-01,-1.5748e-01,-1.7442e-01,-1.9174e-01,-2.0949e-01,-2.2763e-01,-2.4610e-01,-2.6479e-01,-2.8359e-01,-3.0239e-01,-3.2107e-01,-3.3958e-01,-3.5788e-01,-3.7596e-01,-3.9387e-01,-4.1165e-01,-4.2938e-01,-4.4712e-01,-4.6494e-01,-4.8290e-01,-5.0103e-01,-5.1936e-01,-5.3789e-01,-5.5660e-01,-5.7544e-01,-5.9439e-01,-6.1338e-01,-6.3240e-01,-6.5144e-01,-6.7053e-01,-6.8972e-01,-7.0905e-01,-7.2854e-01,-7.4809e-01,-7.6748e-01,-7.8641e-01,-8.0463e-01,-8.2218e-01,-8.3980e-01,-8.5895e-01,-8.8102e-01,-9.0452e-01,-9.2139e-01,-9.1497e-01,-8.6098e-01,-7.3982e-01,-5.8150e-01,-4.6164e-01,-3.8680e-01,-3.2350e-01,-2.6307e-01,-2.1386e-01,-1.7674e-01,-1.4721e-01,-1.2182e-01,-9.9290e-02,-7.9567e-02,-6.2908e-02,-4.9410e-02,-3.8872e-02,-3.0867e-02,-2.4870e-02,-2.0378e-02,-1.6964e-02,-1.4301e-02,-1.2151e-02,-1.0345e-02,-8.7754e-03,-7.3693e-03,-6.0841e-03,-4.8966e-03,-3.7953e-03,-2.7789e-03,-1.8483e-03,-1.0089e-03,-2.6609e-04,3.7614e-04,9.1424e-04,1.3473e-03,1.6772e-03,1.9071e-03,2.0436e-03,2.0949e-03,2.0706e-03,1.9828e-03,1.8432e-03,1.6658e-03,1.4646e-03,1.2530e-03,1.0448e-03,8.5436e-04,6.9382e-04
-4.4507e-03,-2.3727e-02,-4.2219e-02,-5.9978e-02,-7.7092e-02,-9.3683e-02,-1.0990e-01,-1.2591e-01,-1.4188e-01,-1.5799e-01,-1.7439e-01,-1.9119e-01,-2.0846e-01,-2.2624e-01,-2.4449e-01,-2.6313e-01,-2.8207e-01,-3.0117e-01,-3.2031e-01,-3.3939e-01,-3.5830e-01,-3.7702e-01,-3.9552e-01,-4.1381e-01,-4.3194e-01,-4.4994e-01,-4.6790e-01,-4.8586e-01,-5.0388e-01,-5.2200e-01,-5.4025e-01,-5.5863e-01,-5.7713e-01,-5.9574e-01,-6.1442e-01,-6.3314e-01,-6.5188e-01,-6.7066e-01,-6.8949e-01,-7.0842e-01,-7.2746e-01,-7.4656e-01,-7.6558e-01,-7.8426e-01,-8.0236e-01,-8.1974e-01,-8.3674e-01,-8.5435e-01,-8.7414e-01,-8.9703e-01,-9.2063e-01,-9.3647e-01,-9.2860e-01,-8.7391e-01,-7.5326e-01,-5.9304e-01,-4.6433e-01,-3.8312e-01,-3.2109e-01,-2.6370e-01,-2.1559e-01,-1.7813e-01,-1.4808e-01,-1.2256e-01,-1.0026e-01,-8.0831e-02,-6.4323e-02,-5.0757e-02,-3.9975e-02,-3.1630e-02,-2.5278e-02,-2.0466e-02,-1.6794e-02,-1.3940e-02,-1.1663e-02,-9.7854e-03,-8.1870e-03,-6.7868e-03,-5.5327e-03,-4.3932e-03,-3.3517e-03,-2.4002e-03,-1.5370e-03,-7.6386e-04,-8.2599e-05,5.0356e-04,9.9380e-04,1.3883e-03,1.6890e-03,1.9007e-03,2.0294e-03,2.0834e-03,2.0726e-03,2.0083e-03,1.9024e-03,1.7679e-03,1.6177e-03,1.4657e-03,1.3243e-03,1.2067e-03
-5.4342e-03,-2.4834e-02,-4.3502e-02,-6.1472e-02,-7.8812e-02,-9.5621e-02,-1.1202e-01,-1.2816e-01,-1.4420e-01,-1.6030e-01,-1.7662e-01,-1.9328e-01,-2.1038e-01,-2.2799e-01,-2.4610e-01,-2.6469e-01,-2.8365e-01,-3.0290e-01,-3.2229e-01,-3.4172e-01,-3.6109e-01,-3.8030e-01,-3.9931e-01,-4.1811e-01,-4.3668e-01,-4.5506e-01,-4.7328e-01,-4.9140e-01,-5.0946e-01,-5.2751e-01,-5.4559e-01,-5.6373e-01,-5.8193e-01,-6.0019e-01,-6.1851e-01,-6.3685e-01,-6.5522e-01,-6.7361e-01,-6.9204e-01,-7.1054e-01,-7.2915e-01,-7.4785e-01,-7.6658e-01,-7.8518e-01,-8.0340e-01,-8.2105e-01,-8.3815e-01,-8.5520e-01,-8.7326e-01,-8.9369e-01,-9.1682e-01,-9.3967e-01,-9.5390e-01,-9.4444e-01,-8.8908e-01,-7.6874e-01,-6.0640e-01,-4.7004e-01,-3.8344e-01,-3.2222e-01,-2.6712e-01,-2.1964e-01,-1.8158e-01,-1.5076e-01,-1.2482e-01,-1.0241e-01,-8.2978e-02,-6.6390e-02,-5.2595e-02,-4.1454e-02,-3.2689e-02,-2.5921e-02,-2.0743e-02,-1.6779e-02,-1.3711e-02,-1.1293e-02,-9.3377e-03,-7.7121e-03,-6.3218e-03,-5.1051e-03,-4.0208e-03,-3.0441e-03,-2.1622e-03,-1.3678e-03,-6.5904e-04,-3.5392e-05,5.0299e-04,9.5545e-04,1.3231e-03,1.6095e-03,1.8185e-03,1.9566e-03,2.0317e-03,2.0528e-03,2.0302e-03,1.9765e-03,1.9025e-03,1.8202e-03,1.7436e-03,1.6839e-03
-4.7035e-03,-2.4262e-02,-4.3181e-02,-6.1482e-02,-7.9214e-02,-9.6452e-02,-1.1329e-01,-1.2986e-01,-1.4628e-01,-1.6269e-01,-1.7923e-01,-1.9603e-01,-2.1320e-01,-2.3079e-01,-2.4885e-01,-2.6734e-01,-2.8622e-01,-3.0541e-01,-3.2480e-01,-3.4430e-01,-3.6379e-01,-3.8320e-01,-4.0246e-01,-4.2154e-01,-4.4040e-01,-4.5906e-01,-4.7753e-01,-4.9582e-01,-5.1399e-01,-5.3208e-01,-5.5011e-01,-5.6812e-01,-5.8613e-01,-6.0417e-01,-6.2222e-01,-6.4029e-01,-6.5836e-01,-6.7645e-01,-6.9457e-01,-7.1276e-01,-7.3104e-01,-7.4947e-01,-7.6802e-01,-7.8660e-01,-8.0505e-01,-8.2316e-01,-8.4075e-01,-8.5792e-01,-8.7514e-01,-8.9337e-01,-9.1361e-01,-9.3575e-01,-9.5670e-01,-9.6865e-01,-9.5736e-01,-9.0135e-01,-7.8159e-01,-6.1821e-01,-4.7644e-01,-3.8569e-01,-3.2487e-01,-2.7138e-01,-2.2421e-01,-1.8548e-01,-1.5388e-01,-1.2741e-01,-1.0476e-01,-8.5218e-02,-6.8479e-02,-5.4427e-02,-4.2931e-02,-3.3761e-02,-2.6594e-02,-2.1066e-02,-1.6821e-02,-1.3551e-02,-1.1003e-02,-8.9803e-03,-7.3365e-03,-5.9670e-03,-4.7960e-03,-3.7738e-03,-2.8677e-03,-2.0574e-03,-1.3313e-03,-6.8278e-04,-1.1040e-04,3.8854e-04,8.1486e-04,1.1698e-03,1.4565e-03,1.6790e-03,1.8434e-03,1.9568e-03,2.0272e-03,2.0642e-03,2.0787e-03,2.0813e-03,2.0834e-03,2.0970e-03
-2.6114e-03,-2.2304e-02,-4.1470e-02,-6.0123e-02,-7.8296e-02,-9.6042e-02,-1.1343e-01,-1.3055e-01,-1.4751e-01,-1.6441e-01,-1.8136e-01,-1.9848e-01,-2.1586e-01,-2.3356e-01,-2.5162e-01,-2.7004e-01,-2.8879e-01,-3.0780e-01,-3.2700e-01,-3.4632e-01,-3.6568e-01,-3.8500e-01,-4.0424e-01,-4.2335e-01,-4.4230e-01,-4.6107e-01,-4.7967e-01,-4.9810e-01,-5.1639e-01,-5.3456e-01,-5.5265e-01,-5.7068e-01,-5.8867e-01,-6.0664e-01,-6.2460e-01,-6.4257e-01,-6.6052e-01,-6.7848e-01,-6.9645e-01,-7.1447e-01,-7.3259e-01,-7.5085e-01,-7.6929e-01,-7.8789e-01,-8.0656e-01,-8.2509e-01,-8.4328e-01,-8.6095e-01,-8.7809e-01,-8.9505e-01,-9.1253e-01,-9.3134e-01,-9.5131e-01,-9.6958e-01,-9.7888e-01,-9.6563e-01,-9.0897e-01,-7.9020e-01,-6.2711e-01,-4.8215e-01,-3.8848e-01,-3.2774e-01,-2.7526e-01,-2.2818e-01,-1.8883e-01,-1.5652e-01,-1.2958e-01,-1.0671e-01,-8.7055e-02,-7.0202e-02,-5.5957e-02,-4.4183e-02,-3.4685e-02,-2.7185e-02,-2.1358e-02,-1.6872e-02,-1.3429e-02,-1.0773e-02,-8.7000e-03,-7.0532e-03,-5.7142e-03,-4.5976e-03,-3.6432e-03,-2.8097e-03,-2.0710e-03,-1.4104e-03,-8.1774e-04,-2.8832e-04,1.8160e-04,5.9343e-04,9.4901e-04,1.2510e-03,1.5025e-03,1.7094e-03,1.8768e-03,2.0124e-03,2.1244e-03,2.2222e-03,2.3157e-03,2.4148e-03
2.5943e-04,-1.9528e-02,-3.8910e-02,-5.7889e-02,-7.6487e-02,-9.4737e-02,-1.1268e-01,-1.3039e-01,-1.4792e-01,-1.6536e-01,-1.8279e-01,-2.0030e-01,-2.1797e-01,-2.3585e-01,-2.5397e-01,-2.7234e-01,-2.9094e-01,-3.0974e-01,-3.2867e-01,-3.4770e-01,-3.6677e-01,-3.8584e-01,-4.0486e-01,-4.2381e-01,-4.4266e-01,-4.6140e-01,-4.8002e-01,-4.9852e-01,-5.1691e-01,-5.3520e-01,-5.5340e-01,-5.7155e-01,-5.8964e-01,-6.0771e-01,-6.2575e-01,-6.4377e-01,-6.6177e-01,-6.7975e-01,-6.9773e-01,-7.1573e-01,-7.3379e-01,-7.5199e-01,-7.7037e-01,-7.8897e-01,-8.0775e-01,-8.2660e-01,-8.4529e-01,-8.6355e-01,-8.8108e-01,-8.9770e-01,-9.1353e-01,-9.2920e-01,-9.4561e-01,-9.6282e-01,-9.7823e-01,-9.8488e-01,-9.6963e-01,-9.1234e-01,-7.9479e-01,-6.3293e-01,-4.8657e-01,-3.9101e-01,-3.3011e-01,-2.7815e-01,-2.3099e-01,-1.9108e-01,-1.5822e-01,-1.3093e-01,-1.0792e-01,-8.8244e-02,-7.1376e-02,-5.7052e-02,-4.5115e-02,-3.5394e-02,-2.7649e-02,-2.1591e-02,-1.6916e-02,-1.3335e-02,-1.0597e-02,-8.4918e-03,-6.8537e-03,-5.5542e-03,-4.4968e-03,-3.6128e-03,-2.8523e-03,-2.1832e-03,-1.5830e-03,-1.0391e-03,-5.4378e-04,-9.2926e-05,3.1612e-04,6.8480e-04,1.0153e-03,1.3100e-03,1.5730e-03,1.8083e-03,2.0224e-03,2.2226e-03,2.4164e-03,2.6118e-03
3.2899e-03,-1.6559e-02,-3.6116e-02,-5.5378e-02,-7.4352e-02,-9.3054e-02,-1.1151e-01,-1.2974e-01,-1.4780e-01,-1.6575e-01,-1.8363e-01,-2.0152e-01,-2.1948e-01,-2.3754e-01,-2.5574e-01,-2.7408e-01,-2.9256e-01,-3.1114e-01,-3.2979e-01,-3.4851e-01,-3.6724e-01,-3.8598e-01,-4.0472e-01,-4.2342e-01,-4.4208e-01,-4.6070e-01,-4.7927e-01,-4.9778e-01,-5.1623e-01,-5.3462e-01,-5.5297e-01,-5.7127e-01,-5.8954e-01,-6.0779e-01,-6.2600e-01,-6.4419e-01,-6.6234e-01,-6.8046e-01,-6.9854e-01,-7.1662e-01,-7.3472e-01,-7.5290e-01,-7.7125e-01,-7.8981e-01,-8.0862e-01,-8.2760e-01,-8.4661e-01,-8.6535e-01,-8.8342e-01,-9.0033e-01,-9.1566e-01,-9.2949e-01,-9.4261e-01,-9.5629e-01,-9.7083e-01,-9.8366e-01,-9.8786e-01,-9.7067e-01,-9.1273e-01,-7.9638e-01,-6.3620e-01,-4.8963e-01,-3.9298e-01,-3.3172e-01,-2.7988e-01,-2.3248e-01,-1.9210e-01,-1.5883e-01,-1.3134e-01,-1.0830e-01,-8.8723e-02,-7.1962e-02,-5.7686e-02,-4.5714e-02,-3.5883e-02,-2.7987e-02,-2.1769e-02,-1.6955e-02,-1.3271e-02,-1.0473e-02,-8.3507e-03,-6.7294e-03,-5.4734e-03,-4.4769e-03,-3.6618e-03,-2.9715e-03,-2.3664e-03,-1.8213e-03,-1.3183e-03,-8.4900e-04,-4.0720e-04,9.5312e-06,4.0265e-04,7.7303e-04,1.1223e-03,1.4524e-03,1.7674e-03,2.0712e-03,2.3688e-03,2.6673e-03
5.9573e-03,-1.3928e-02,-3.3621e-02,-5.3111e-02,-7.2393e-02,-9.1464e-02,-1.1033e-01,-1.2900e-01,-1.4749e-01,-1.6584e-01,-1.8408e-01,-2.0228e-01,-2.2046e-01,-2.3867e-01,-2.5692e-01,-2.7523e-01,-2.9359e-01,-3.1198e-01,-3.3039e-01,-3.4881e-01,-3.6725e-01,-3.8568e-01,-4.0413e-01,-4.2258e-01,-4.4104e-01,-4.5952e-01,-4.7800e-01,-4.9648e-01,-5.1497e-01,-5.3345e-01,-5.5193e-01,-5.7040e-01,-5.8886e-01,-6.0731e-01,-6.2573e-01,-6.4412e-01,-6.6246e-01,-6.8075e-01,-6.9898e-01,-7.1717e-01,-7.3534e-01,-7.5356e-01,-7.7188e-01,-7.9038e-01,-8.0912e-01,-8.2810e-01,-8.4721e-01,-8.6624e-01,-8.8477e-01,-9.0220e-01,-9.1781e-01,-9.3111e-01,-9.4234e-01,-9.5278e-01,-9.6404e-01,-9.7642e-01,-9.8712e-01,-9.8916e-01,-9.7016e-01,-9.1154e-01,-7.9617e-01,-6.3764e-01,-4.9155e-01,-3.9434e-01,-3.3260e-01,-2.8056e-01,-2.3279e-01,-1.9197e-01,-1.5841e-01,-1.3085e-01,-1.0792e-01,-8.8548e-02,-7.2013e-02,-5.7909e-02,-4.6019e-02,-3.6184e-02,-2.8221e-02,-2.1909e-02,-1.6999e-02,-1.3242e-02,-1.0401e-02,-8.2682e-03,-6.6671e-03,-5.4536e-03,-4.5149e-03,-3.7644e-03,-3.1387e-03,-2.5925e-03,-2.0944e-03,-1.6255e-03,-1.1735e-03,-7.3254e-04,-2.9935e-04,1.2702e-04,5.4569e-04,9.5852e-04,1.3645e-03,1.7664e-03,2.1671e-03,2.5698e-03
7.9084e-03,-1.1992e-02,-3.1781e-02,-5.1439e-02,-7.0948e-02,-9.0290e-02,-1.0945e-01,-1.2842e-01,-1.4721e-01,-1.6583e-01,-1.8431e-01,-2.0269e-01,-2.2101e-01,-2.3929e-01,-2.5755e-01,-2.7581e-01,-2.9406e-01,-3.1229e-01,-3.3051e-01,-3.4871e-01,-3.6691e-01,-3.8511e-01,-4.0333e-01,-4.2158e-01,-4.3988e-01,-4.5823e-01,-4.7664e-01,-4.9510e-01,-5.1360e-01,-5.3216e-01,-5.5074e-01,-5.6935e-01,-5.8798e-01,-6.0660e-01,-6.2521e-01,-6.4378e-01,-6.6230e-01,-6.8075e-01,-6.9913e-01,-7.1742e-01,-7.3567e-01,-7.5391e-01,-7.7221e-01,-7.9064e-01,-8.0927e-01,-8.2814e-01,-8.4720e-01,-8.6629e-01,-8.8508e-01,-9.0298e-01,-9.1917e-01,-9.3283e-01,-9.4361e-01,-9.5219e-01,-9.6032e-01,-9.6980e-01,-9.8063e-01,-9.8965e-01,-9.8983e-01,-9.6922e-01,-9.0989e-01,-7.9512e-01,-6.3795e-01,-4.9265e-01,-3.9524e-01,-3.3291e-01,-2.8043e-01,-2.3216e-01,-1.9092e-01,-1.5716e-01,-1.2963e-01,-1.0690e-01,-8.7839e-02,-7.1630e-02,-5.7801e-02,-4.6094e-02,-3.6342e-02,-2.8385e-02,-2.2031e-02,-1.7062e-02,-1.3251e-02,-1.0376e-02,-8.2347e-03,-6.6498e-03,-5.4736e-03,-4.5856e-03,-3.8926e-03,-3.3236e-03,-2.8284e-03,-2.3708e-03,-1.9283e-03,-1.4872e-03,-1.0403e-03,-5.8412e-04,-1.1909e-04,3.5464e-04,8.3589e-04,1.3230e-03,1.8164e-03,2.3173e-03
8.9747e-03,-1.0919e-02,-3.0760e-02,-5.0521e-02,-7.0169e-02,-8.9674e-02,-1.0901e-01,-1.2814e-01,-1.4708e-01,-1.6583e-01,-1.8441e-01,-2.0286e-01,-2.2120e-01,-2.3948e-01,-2.5771e-01,-2.7590e-01,-2.9405e-01,-3.1217e-01,-3.3025e-01,-3.4831e-01,-3.6636e-01,-3.8442e-01,-4.0250e-01,-4.2064e-01,-4.3883e-01,-4.5711e-01,-4.7546e-01,-4.9391e-01,-5.1243e-01,-5.3102e-01,-5.4968e-01,-5.6839e-01,-5.8713e-01,-6.0589e-01,-6.2463e-01,-6.4334e-01,-6.6199e-01,-6.8057e-01,-6.9905e-01,-7.1743e-01,-7.3573e-01,-7.5399e-01,-7.7227e-01,-7.9063e-01,-8.0914e-01,-8.2785e-01,-8.4675e-01,-8.6575e-01,-8.8457e-01,-9.0274e-01,-9.1946e-01,-9.3381e-01,-9.4506e-01,-9.5326e-01,-9.5958e-01,-9.6608e-01,-9.7442e-01,-9.8420e-01,-9.9190e-01,-9.9053e-01,-9.6855e-01,-9.0848e-01,-7.9390e-01,-6.3765e-01,-4.9323e-01,-3.9585e-01,-3.3287e-01,-2.7975e-01,-2.3089e-01,-1.8923e-01,-1.5532e-01,-1.2789e-01,-1.0544e-01,-8.6743e-02,-7.0931e-02,-5.7453e-02,-4.6004e-02,-3.6406e-02,-2.8510e-02,-2.2154e-02,-1.7150e-02,-1.3297e-02,-1.0389e-02,-8.2346e-03,-6.6581e-03,-5.5090e-03,-4.6612e-03,-4.0156e-03,-3.4948e-03,-3.0423e-03,-2.6182e-03,-2.1967e-03,-1.7615e-03,-1.3044e-03,-8.2157e-04,-3.1401e-04,2.1652e-04,7.6745e-04,1.3368e-03,1.9230e-03
9.1503e-03,-1.0708e-02,-3.0553e-02,-5.0347e-02,-7.0046e-02,-8.9606e-02,-1.0899e-01,-1.2816e-01,-1.4711e-01,-1.6586e-01,-1.8442e-01,-2.0282e-01,-2.2112e-01,-2.3934e-01,-2.5750e-01,-2.7562e-01,-2.9370e-01,-3.1174e-01,-3.2976e-01,-3.4776e-01,-3.6575e-01,-3.8375e-01,-4.0179e-01,-4.1988e-01,-4.3804e-01,-4.5629e-01,-4.7463e-01,-4.9306e-01,-5.1159e-01,-5.3021e-01,-5.4890e-01,-5.6765e-01,-5.8646e-01,-6.0528e-01,-6.2410e-01,-6.4289e-01,-6.6162e-01,-6.8027e-01,-6.9882e-01,-7.1726e-01,-7.3560e-01,-7.5387e-01,-7.7212e-01,-7.9041e-01,-8.0881e-01,-8.2736e-01,-8.4607e-01,-8.6488e-01,-8.8358e-01,-9.0178e-01,-9.1882e-01,-9.3381e-01,-9.4588e-01,-9.5463e-01,-9.6058e-01,-9.6528e-01,-9.7080e-01,-9.7849e-01,-9.8755e-01,-9.9422e-01,-9.9160e-01,-9.6849e-01,-9.0768e-01,-7.9286e-01,-6.3705e-01,-4.9352e-01,-3.9632e-01,-3.3267e-01,-2.7881e-01,-2.2930e-01,-1.8719e-01,-1.5314e-01,-1.2584e-01,-1.0369e-01,-8.5403e-02,-7.0030e-02,-5.6950e-02,-4.5811e-02,-3.6414e-02,-2.8619e-02,-2.2288e-02,-1.7264e-02,-1.3372e-02,-1.0428e-02,-8.2507e-03,-6.6703e-03,-5.5345e-03,-4.7142e-03,-4.1046e-03,-3.6221e-03,-3.2046e-03,-2.8080e-03,-2.4024e-03,-1.9698e-03,-1.5004e-03,-9.9079e-04,-4.4137e-04,1.4441e-04,7.6452e-04,1.4139e-03
8.5533e-03,-1.1236e-02,-3.1035e-02,-5.0793e-02,-7.0458e-02,-8.9974e-02,-1.0930e-01,-1.2839e-01,-1.4726e-01,-1.6589e-01,-1.8434e-01,-2.0263e-01,-2.2082e-01,-2.3895e-01,-2.5703e-01,-2.7510e-01,-2.9314e-01,-3.1117e-01,-3.2918e-01,-3.4719e-01,-3.6521e-01,-3.8324e-01,-4.0130e-01,-4.1942e-01,-4.3759e-01,-4.5585e-01,-4.7419e-01,-4.9261e-01,-5.1113e-01,-5.2974e-01,-5.4843e-01,-5.6718e-01,-5.8599e-01,-6.0482e-01,-6.2366e-01,-6.4248e-01,-6.6124e-01,-6.7992e-01,-6.9850e-01,-7.1696e-01,-7.3532e-01,-7.5360e-01,-7.7183e-01,-7.9008e-01,-8.0839e-01,-8.2681e-01,-8.4534e-01,-8.6393e-01,-8.8243e-01,-9.0050e-01,-9.1761e-01,-9.3299e-01,-9.4580e-01,-9.5544e-01,-9.6197e-01,-9.6627e-01,-9.6997e-01,-9.7497e-01,-9.8229e-01,-9.9083e-01,-9.9669e-01,-9.9312e-01,-9.6914e-01,-9.0759e-01,-7.9212e-01,-6.3631e-01,-4.9366e-01,-3.9677e-01,-3.3245e-01,-2.7783e-01,-2.2764e-01,-1.8506e-01,-1.5086e-01,-1.2367e-01,-1.0182e-01,-8.3948e-02,-6.9022e-02,-5.6362e-02,-4.5560e-02,-3.6393e-02,-2.8724e-02,-2.2435e-02,-1.7398e-02,-1.3466e-02,-1.0477e-02,-8.2638e-03,-6.6632e-03,-5.5256e-03,-4.7188e-03,-4.1324e-03,-3.6783e-03,-3.2885e-03,-2.9142e-03,-2.5221e-03,-2.0911e-03,-1.6108e-03,-1.0763e-03,-4.8865e-04,1.4934e-04,8.3202e-04
7.3732e-03,-1.2310e-02,-3.2012e-02,-5.1672e-02,-7.1228e-02,-9.0621e-02,-1.0980e-01,-1.2874e-01,-1.4743e-01,-1.6590e-01,-1.8418e-01,-2.0232e-01,-2.2039e-01,-2.3842e-01,-2.5644e-01,-2.7448e-01,-2.9253e-01,-3.1059e-01,-3.2866e-01,-3.4675e-01,-3.6485e-01,-3.8296e-01,-4.0110e-01,-4.1928e-01,-4.3750e-01,-4.5578e-01,-4.7412e-01,-4.9254e-01,-5.1103e-01,-5.2959e-01,-5.4823e-01,-5.6694e-01,-5.8570e-01,-6.0450e-01,-6.2331e-01,-6.4210e-01,-6.6085e-01,-6.7953e-01,-6.9811e-01,-7.1659e-01,-7.3496e-01,-7.5325e-01,-7.7148e-01,-7.8970e-01,-8.0796e-01,-8.2629e-01,-8.4468e-01,-8.6308e-01,-8.8135e-01,-8.9921e-01,-9.1622e-01,-9.3172e-01,-9.4499e-01,-9.5544e-01,-9.6287e-01,-9.6771e-01,-9.7095e-01,-9.7411e-01,-9.7883e-01,-9.8588e-01,-9.9398e-01,-9.9924e-01,-9.9501e-01,-9.7042e-01,-9.0813e-01,-7.9167e-01,-6.3549e-01,-4.9372e-01,-3.9726e-01,-3.3234e-01,-2.7698e-01,-2.2612e-01,-1.8306e-01,-1.4867e-01,-1.2156e-01,-9.9975e-02,-8.2479e-02,-6.7983e-02,-5.5738e-02,-4.5280e-02,-3.6357e-02,-2.8827e-02,-2.2588e-02,-1.7539e-02,-1.3562e-02,-1.0516e-02,-8.2522e-03,-6.6158e-03,-5.4598e-03,-4.6515e-03,-4.0765e-03,-3.6408e-03,-3.2719e-03,-2.9164e-03,-2.5368e-03,-2.1094e-03,-1.6210e-03,-1.0672e-03,-4.4761e-04,2.3372e-04
5.8302e-03,-1.3712e-02,-3.3272e-02,-5.2783e-02,-7.2176e-02,-9.1389e-02,-1.1037e-01,-1.2911e-01,-1.4759e-01,-1.6585e-01,-1.8395e-01,-2.0194e-01,-2.1989e-01,-2.3785e-01,-2.5584e-01,-2.7388e-01,-2.9198e-01,-3.1012e-01,-3.2830e-01,-3.4650e-01,-3.6472e-01,-3.8296e-01,-4.0120e-01,-4.1946e-01,-4.3773e-01,-4.5604e-01,-4.7438e-01,-4.9276e-01,-5.1120e-01,-5.2970e-01,-5.4825e-01,-5.6687e-01,-5.8555e-01,-6.0427e-01,-6.2300e-01,-6.4174e-01,-6.6045e-01,-6.7910e-01,-6.9768e-01,-7.1616e-01,-7.3454e-01,-7.5285e-01,-7.7110e-01,-7.8932e-01,-8.0757e-01,-8.2584e-01,-8.4414e-01,-8.6240e-01,-8.8048e-01,-8.9812e-01,-9.1494e-01,-9.3038e-01,-9.4383e-01,-9.5478e-01,-9.6301e-01,-9.6870e-01,-9.7242e-01,-9.7508e-01,-9.7794e-01,-9.8240e-01,-9.8915e-01,-9.9688e-01,-1.0017e+00,-9.9714e-01,-9.7219e-01,-9.0915e-01,-7.9140e-01,-6.3457e-01,-4.9371e-01,-3.9782e-01,-3.3239e-01,-2.7636e-01,-2.2488e-01,-1.8133e-01,-1.4671e-01,-1.1961e-01,-9.8236e-02,-8.1068e-02,-6.6964e-02,-5.5108e-02,-4.4985e-02,-3.6305e-02,-2.8917e-02,-2.2732e-02,-1.7671e-02,-1.3640e-02,-1.0526e-02,-8.1961e-03,-6.5073e-03,-5.3172e-03,-4.4929e-03,-3.9171e-03,-3.4919e-03,-3.1386e-03,-2.8000e-03,-2.4336e-03,-2.0134e-03,-1.5236e-03,-9.5810e-04,-3.1617e-04
4.1365e-03,-1.5235e-02,-3.4620e-02,-5.3946e-02,-7.3141e-02,-9.2143e-02,-1.1091e-01,-1.2942e-01,-1.4769e-01,-1.6575e-01,-1.8368e-01,-2.0154e-01,-2.1941e-01,-2.3732e-01,-2.5531e-01,-2.7340e-01,-2.9158e-01,-3.0983e-01,-3.2814e-01,-3.4649e-01,-3.6485e-01,-3.8320e-01,-4.0155e-01,-4.1989e-01,-4.3822e-01,-4.5654e-01,-4.7486e-01,-4.9319e-01,-5.1155e-01,-5.2996e-01,-5.4841e-01,-5.6691e-01,-5.8547e-01,-6.0408e-01,-6.2272e-01,-6.4138e-01,-6.6002e-01,-6.7864e-01,-6.9719e-01,-7.1567e-01,-7.3408e-01,-7.5241e-01,-7.7069e-01,-7.8895e-01,-8.0721e-01,-8.2548e-01,-8.4374e-01,-8.6192e-01,-8.7986e-01,-8.9732e-01,-9.1393e-01,-9.2922e-01,-9.4265e-01,-9.5381e-01,-9.6252e-01,-9.6894e-01,-9.7344e-01,-9.7654e-01,-9.7889e-01,-9.8149e-01,-9.8560e-01,-9.9195e-01,-9.9933e-01,-1.0040e+00,-9.9933e-01,-9.7426e-01,-9.1049e-01,-7.9117e-01,-6.3347e-01,-4.9365e-01,-3.9845e-01,-3.3262e-01,-2.7603e-01,-2.2400e-01,-1.7997e-01,-1.4506e-01,-1.1792e-01,-9.6670e-02,-7.9761e-02,-6.5990e-02,-5.4485e-02,-4.4673e-02,-3.6227e-02,-2.8979e-02,-2.2847e-02,-1.7769e-02,-1.3680e-02,-1.0487e-02,-8.0778e-03,-6.3213e-03,-5.0821e-03,-4.2289e-03,-3.6424e-03,-3.2201e-03,-2.8792e-03,-2.5571e-03,-2.2070e-03,-1.7994e-03,-1.3168e-03,-7.4952e-04
2.4731e-03,-1.6706e-02,-3.5896e-02,-5.5020e-02,-7.4006e-02,-9.2792e-02,-1.1134e-01,-1.2964e-01,-1.4771e-01,-1.6561e-01,-1.8341e-01,-2.0118e-01,-2.1899e-01,-2.3690e-01,-2.5493e-01,-2.7309e-01,-2.9138e-01,-3.0976e-01,-3.2820e-01,-3.4669e-01,-3.6518e-01,-3.8366e-01,-4.0210e-01,-4.2050e-01,-4.3886e-01,-4.5718e-01,-4.7546e-01,-4.9373e-01,-5.1200e-01,-5.3029e-01,-5.4862e-01,-5.6699e-01,-5.8541e-01,-6.0389e-01,-6.2242e-01,-6.4098e-01,-6.5956e-01,-6.7812e-01,-6.9666e-01,-7.1514e-01,-7.3357e-01,-7.5194e-01,-7.7028e-01,-7.8859e-01,-8.0690e-01,-8.2521e-01,-8.4348e-01,-8.6162e-01,-8.7948e-01,-8.9681e-01,-9.1325e-01,-9.2836e-01,-9.4168e-01,-9.5284e-01,-9.6174e-01,-9.6856e-01,-9.7368e-01,-9.7750e-01,-9.8030e-01,-9.8245e-01,-9.8469e-01,-9.8827e-01,-9.9410e-01,-1.0012e+00,-1.0058e+00,-1.0014e+00,-9.7647e-01,-9.1196e-01,-7.9083e-01,-6.3215e-01,-4.9350e-01,-3.9912e-01,-3.3302e-01,-2.7600e-01,-2.2350e-01,-1.7900e-01,-1.4378e-01,-1.1651e-01,-9.5306e-02,-7.8577e-02,-6.5072e-02,-5.3866e-02,-4.4333e-02,-3.6104e-02,-2.8991e-02,-2.2909e-02,-1.7813e-02,-1.3660e-02,-1.0380e-02,-7.8799e-03,-6.0438e-03,-4.7436e-03,-3.8506e-03,-3.2445e-03,-2.8202e-03,-2.4901e-03,-2.1854e-03,-1.8570e-03,-1.4698e-03,-1.0035e-03
9.7958e-04,-1.7998e-02,-3.6987e-02,-5.5911e-02,-7.4696e-02,-9.3284e-02,-1.1164e-01,-1.2977e-01,-1.4769e-01,-1.6546e-01,-1.8317e-01,-2.0089e-01,-2.1869e-01,-2.3663e-01,-2.5472e-01,-2.7297e-01,-2.9137e-01,-3.0987e-01,-3.2845e-01,-3.4706e-01,-3.6566e-01,-3.8424e-01,-4.0275e-01,-4.2120e-01,-4.3957e-01,-4.5787e-01,-4.7611e-01,-4.9430e-01,-5.1247e-01,-5.3063e-01,-5.4882e-01,-5.6706e-01,-5.8534e-01,-6.0369e-01,-6.2210e-01,-6.4056e-01,-6.5905e-01,-6.7756e-01,-6.9607e-01,-7.1456e-01,-7.3302e-01,-7.5144e-01,-7.6985e-01,-7.8824e-01,-8.0662e-01,-8.2499e-01,-8.4330e-01,-8.6146e-01,-8.7929e-01,-8.9655e-01,-9.1287e-01,-9.2784e-01,-9.4102e-01,-9.5209e-01,-9.6097e-01,-9.6789e-01,-9.7330e-01,-9.7762e-01,-9.8111e-01,-9.8378e-01,-9.8569e-01,-9.8741e-01,-9.9028e-01,-9.9549e-01,-1.0024e+00,-1.0072e+00,-1.0034e+00,-9.7868e-01,-9.1340e-01,-7.9025e-01,-6.3055e-01,-4.9324e-01,-3.9980e-01,-3.3355e-01,-2.7621e-01,-2.2336e-01,-1.7842e-01,-1.4284e-01,-1.1538e-01,-9.4145e-02,-7.7513e-02,-6.4201e-02,-5.3238e-02,-4.3946e-02,-3.5913e-02,-2.8925e-02,-2.2891e-02,-1.7777e-02,-1.3558e-02,-1.0187e-02,-7.5892e-03,-5.6649e-03,-4.2948e-03,-3.3541e-03,-2.7230e-03,-2.2930e-03,-1.9733e-03,-1.6899e-03,-1.3888e-03,-1.0318e-03
-2.5311e-04,-1.9030e-02,-3.7828e-02,-5.6568e-02,-7.5178e-02,-9.3601e-02,-1.1181e-01,-1.2981e-01,-1.4762e-01,-1.6533e-01,-1.8299e-01,-2.0071e-01,-2.1853e-01,-2.3652e-01,-2.5468e-01,-2.7302e-01,-2.9152e-01,-3.1013e-01,-3.2882e-01,-3.4752e-01,-3.6622e-01,-3.8486e-01,-4.0342e-01,-4.2189e-01,-4.4025e-01,-4.5852e-01,-4.7670e-01,-4.9481e-01,-5.1288e-01,-5.3093e-01,-5.4899e-01,-5.6708e-01,-5.8523e-01,-6.0345e-01,-6.2174e-01,-6.4010e-01,-6.5851e-01,-6.7697e-01,-6.9545e-01,-7.1394e-01,-7.3243e-01,-7.5091e-01,-7.6939e-01,-7.8787e-01,-8.0634e-01,-8.2480e-01,-8.4318e-01,-8.6138e-01,-8.7923e-01,-8.9646e-01,-9.1272e-01,-9.2759e-01,-9.4066e-01,-9.5162e-01,-9.6040e-01,-9.6724e-01,-9.7262e-01,-9.7709e-01,-9.8100e-01,-9.8438e-01,-9.8695e-01,-9.8851e-01,-9.8954e-01,-9.9152e-01,-9.9605e-01,-1.0028e+00,-1.0081e+00,-1.0050e+00,-9.8079e-01,-9.1469e-01,-7.8932e-01,-6.2861e-01,-4.9284e-01,-4.0044e-01,-3.3414e-01,-2.7662e-01,-2.2349e-01,-1.7817e-01,-1.4222e-01,-1.1451e-01,-9.3163e-02,-7.6549e-02,-6.3358e-02,-5.2579e-02,-4.3488e-02,-3.5628e-02,-2.8756e-02,-2.2769e-02,-1.7639e-02,-1.3355e-02,-9.8926e-03,-7.1955e-03,-5.1782e-03,-3.7328e-03,-2.7402e-03,-2.0809e-03,-1.6448e-03,-1.3370e-03,-1.0804e-03,-8.1493e-04
-1.1739e-03,-1.9764e-02,-3.8391e-02,-5.6977e-02,-7.5448e-02,-9.3751e-02,-1.1186e-01,-1.2978e-01,-1.4755e-01,-1.6523e-01,-1.8290e-01,-2.0063e-01,-2.1850e-01,-2.3655e-01,-2.5478e-01,-2.7320e-01,-2.9178e-01,-3.1047e-01,-3.2923e-01,-3.4801e-01,-3.6675e-01,-3.8543e-01,-4.0402e-01,-4.2248e-01,-4.4083e-01,-4.5906e-01,-4.7718e-01,-4.9521e-01,-5.1319e-01,-5.3113e-01,-5.4908e-01,-5.6705e-01,-5.8508e-01,-6.0318e-01,-6.2136e-01,-6.3962e-01,-6.5796e-01,-6.7636e-01,-6.9481e-01,-7.1330e-01,-7.3182e-01,-7.5036e-01,-7.6892e-01,-7.8749e-01,-8.0606e-01,-8.2461e-01,-8.4308e-01,-8.6135e-01,-8.7923e-01,-8.9646e-01,-9.1270e-01,-9.2751e-01,-9.4051e-01,-9.5139e-01,-9.6007e-01,-9.6676e-01,-9.7195e-01,-9.7625e-01,-9.8017e-01,-9.8392e-01,-9.8727e-01,-9.8970e-01,-9.9080e-01,-9.9100e-01,-9.9196e-01,-9.9576e-01,-1.0025e+00,-1.0085e+00,-1.0064e+00,-9.8271e-01,-9.1571e-01,-7.8796e-01,-6.2633e-01,-4.9229e-01,-4.0101e-01,-3.3473e-01,-2.7711e-01,-2.2381e-01,-1.7816e-01,-1.4184e-01,-1.1384e-01,-9.2320e-02,-7.5653e-02,-6.2513e-02,-5.1862e-02,-4.2932e-02,-3.5222e-02,-2.8456e-02,-2.2517e-02,-1.7376e-02,-1.3034e-02,-9.4839e-03,-6.6891e-03,-4.5793e-03,-3.0576e-03,-2.0120e-03,-1.3242e-03,-8.8465e-04,-5.9378e-04,-3.7044e-04
-1.7699e-03,-2.0194e-02,-3.8681e-02,-5.7148e-02,-7.5524e-02,-9.3756e-02,-1.1182e-01,-1.2971e-01,-1.4748e-01,-1.6518e-01,-1.8288e-01,-2.0066e-01,-2.1858e-01,-2.3668e-01,-2.5498e-01,-2.7345e-01,-2.9208e-01,-3.1082e-01,-3.2962e-01,-3.4843e-01,-3.6719e-01,-3.8588e-01,-4.0446e-01,-4.2292e-01,-4.4124e-01,-4.5943e-01,-4.7750e-01,-4.9547e-01,-5.1336e-01,-5.3122e-01,-5.4907e-01,-5.6695e-01,-5.8487e-01,-6.0287e-01,-6.2095e-01,-6.3913e-01,-6.5740e-01,-6.7575e-01,-6.9418e-01,-7.1267e-01,-7.3121e-01,-7.4979e-01,-7.6842e-01,-7.8708e-01,-8.0575e-01,-8.2440e-01,-8.4296e-01,-8.6130e-01,-8.7923e-01,-8.9648e-01,-9.1270e-01,-9.2750e-01,-9.4047e-01,-9.5131e-01,-9.5993e-01,-9.6649e-01,-9.7145e-01,-9.7542e-01,-9.7903e-01,-9.8267e-01,-9.8637e-01,-9.8971e-01,-9.9194e-01,-9.9250e-01,-9.9176e-01,-9.9164e-01,-9.9469e-01,-1.0014e+00,-1.0083e+00,-1.0074e+00,-9.8437e-01,-9.1638e-01,-7.8612e-01,-6.2368e-01,-4.9158e-01,-4.0145e-01,-3.3524e-01,-2.7759e-01,-2.2420e-01,-1.7828e-01,-1.4161e-01,-1.1329e-01,-9.1559e-02,-7.4779e-02,-6.1632e-02,-5.1057e-02,-4.2250e-02,-3.4669e-02,-2.8001e-02,-2.2111e-02,-1.6967e-02,-1.2577e-02,-8.9489e-03,-6.0635e-03,-3.8661e-03,-2.2724e-03,-1.1765e-03,-4.6476e-04,-2.5677e-05,2.4163e-04
-2.0557e-03,-2.0341e-02,-3.8721e-02,-5.7109e-02,-7.5436e-02,-9.3644e-02,-1.1171e-01,-1.2962e-01,-1.4743e-01,-1.6517e-01,-1.8293e-01,-2.0077e-01,-2.1874e-01,-2.3688e-01,-2.5521e-01,-2.7371e-01,-2.9236e-01,-3.1110e-01,-3.2990e-01,-3.4871e-01,-3.6746e-01,-3.8614e-01,-4.0470e-01,-4.2313e-01,-4.4142e-01,-4.5958e-01,-4.7761e-01,-4.9553e-01,-5.1337e-01,-5.3117e-01,-5.4896e-01,-5.6676e-01,-5.8461e-01,-6.0253e-01,-6.2054e-01,-6.3865e-01,-6.5686e-01,-6.7516e-01,-6.9356e-01,-7.1204e-01,-7.3060e-01,-7.4922e-01,-7.6791e-01,-7.8664e-01,-8.0540e-01,-8.2414e-01,-8.4277e-01,-8.6118e-01,-8.7915e-01,-8.9642e-01,-9.1264e-01,-9.2743e-01,-9.4040e-01,-9.5125e-01,-9.5986e-01,-9.6636e-01,-9.7114e-01,-9.7477e-01,-9.7791e-01,-9.8110e-01,-9.8462e-01,-9.8832e-01,-9.9160e-01,-9.9358e-01,-9.9355e-01,-9.9187e-01,-9.9063e-01,-9.9293e-01,-9.9981e-01,-1.0077e+00,-1.0081e+00,-9.8573e-01,-9.1664e-01,-7.8375e-01,-6.2068e-01,-4.9069e-01,-4.0171e-01,-3.3558e-01,-2.7794e-01,-2.2454e-01,-1.7842e-01,-1.4143e-01,-1.1280e-01,-9.0815e-02,-7.3878e-02,-6.0674e-02,-5.0131e-02,-4.1414e-02,-3.3941e-02,-2.7366e-02,-2.1531e-02,-1.6394e-02,-1.1969e-02,-8.2763e-03,-5.3122e-03,-3.0376e-03,-1.3796e-03,-2.4074e-04,4.8812e-04,9.1873e-04
-2.0632e-03,-2.0241e-02,-3.8547e-02,-5.6896e-02,-7.5214e-02,-9.3439e-02,-1.1154e-01,-1.2952e-01,-1.4739e-01,-1.6520e-01,-1.8302e-01,-2.0091e-01,-2.1892e-01,-2.3709e-01,-2.5542e-01,-2.7391e-01,-2.9254e-01,-3.1125e-01,-3.3002e-01,-3.4878e-01,-3.6750e-01,-3.8615e-01,-4.0468e-01,-4.2308e-01,-4.4134e-01,-4.5947e-01,-4.7748e-01,-4.9537e-01,-5.1319e-01,-5.3096e-01,-5.4871e-01,-5.6648e-01,-5.8428e-01,-6.0216e-01,-6.2012e-01,-6.3818e-01,-6.5634e-01,-6.7461e-01,-6.9297e-01,-7.1144e-01,-7.3000e-01,-7.4864e-01,-7.6737e-01,-7.8615e-01,-8.0497e-01,-8.2378e-01,-8.4248e-01,-8.6093e-01,-8.7893e-01,-8.9621e-01,-9.1242e-01,-9.2719e-01,-9.4016e-01,-9.5104e-01,-9.5970e-01,-9.6621e-01,-9.7091e-01,-9.7430e-01,-9.7699e-01,-9.7959e-01,-9.8253e-01,-9.8598e-01,-9.8966e-01,-9.9286e-01,-9.9457e-01,-9.9397e-01,-9.9137e-01,-9.8904e-01,-9.9058e-01,-9.9764e-01,-1.0066e+00,-1.0084e+00,-9.8673e-01,-9.1643e-01,-7.8083e-01,-6.1735e-01,-4.8963e-01,-4.0176e-01,-3.3567e-01,-2.7805e-01,-2.2469e-01,-1.7844e-01,-1.4119e-01,-1.1226e-01,-9.0015e-02,-7.2893e-02,-5.9597e-02,-4.9049e-02,-4.0394e-02,-3.3014e-02,-2.6528e-02,-2.0753e-02,-1.5637e-02,-1.1195e-02,-7.4549e-03,-4.4289e-03,-2.0913e-03,-3.8213e-04,7.8838e-04,1.5240e-03
-1.8359e-03,-1.9933e-02,-3.8198e-02,-5.6542e-02,-7.4884e-02,-9.3162e-02,-1.1134e-01,-1.2939e-01,-1.4735e-01,-1.6524e-01,-1.8312e-01,-2.0106e-01,-2.1909e-01,-2.3724e-01,-2.5555e-01,-2.7400e-01,-2.9256e-01,-3.1122e-01,-3.2991e-01,-3.4861e-01,-3.6727e-01,-3.8587e-01,-4.0435e-01,-4.2272e-01,-4.4097e-01,-4.5908e-01,-4.7708e-01,-4.9498e-01,-5.1280e-01,-5.3057e-01,-5.4832e-01,-5.6608e-01,-5.8388e-01,-6.0174e-01,-6.1968e-01,-6.3771e-01,-6.5584e-01,-6.7407e-01,-6.9241e-01,-7.1085e-01,-7.2940e-01,-7.4804e-01,-7.6678e-01,-7.8559e-01,-8.0444e-01,-8.2329e-01,-8.4202e-01,-8.6050e-01,-8.7850e-01,-8.9576e-01,-9.1195e-01,-9.2669e-01,-9.3965e-01,-9.5056e-01,-9.5929e-01,-9.6589e-01,-9.7061e-01,-9.7388e-01,-9.7625e-01,-9.7830e-01,-9.8054e-01,-9.8332e-01,-9.8671e-01,-9.9035e-01,-9.9345e-01,-9.9490e-01,-9.9379e-01,-9.9036e-01,-9.8698e-01,-9.8778e-01,-9.9501e-01,-1.0052e+00,-1.0084e+00,-9.8734e-01,-9.1571e-01,-7.7738e-01,-6.1372e-01,-4.8838e-01,-4.0153e-01,-3.3542e-01,-2.7781e-01,-2.2454e-01,-1.7823e-01,-1.4078e-01,-1.1158e-01,-8.9084e-02,-7.1765e-02,-5.8353e-02,-4.7776e-02,-3.9161e-02,-3.1861e-02,-2.5463e-02,-1.9758e-02,-1.4678e-02,-1.0238e-02,-6.4731e-03,-3.4052e-03,-1.0238e-03,7.2036e-04,1.9071e-03
-1.4223e-03,-1.9464e-02,-3.7713e-02,-5.6077e-02,-7.4470e-02,-9.2822e-02,-1.1109e-01,-1.2924e-01,-1.4729e-01,-1.6526e-01,-1.8320e-01,-2.0116e-01,-2.1918e-01,-2.3731e-01,-2.5556e-01,-2.7393e-01,-2.9240e-01,-3.1095e-01,-3.2955e-01,-3.4816e-01,-3.6675e-01,-3.8527e-01,-4.0371e-01,-4.2205e-01,-4.4028e-01,-4.5839e-01,-4.7640e-01,-4.9432e-01,-5.1217e-01,-5.2997e-01,-5.4776e-01,-5.6555e-01,-5.8337e-01,-6.0124e-01,-6.1918e-01,-6.3721e-01,-6.5532e-01,-6.7353e-01,-6.9184e-01,-7.1025e-01,-7.2876e-01,-7.4738e-01,-7.6610e-01,-7.8490e-01,-8.0375e-01,-8.2260e-01,-8.4134e-01,-8.5981e-01,-8.7779e-01,-8.9501e-01,-9.1114e-01,-9.2583e-01,-9.3876e-01,-9.4969e-01,-9.5850e-01,-9.6521e-01,-9.7004e-01,-9.7333e-01,-9.7555e-01,-9.7720e-01,-9.7881e-01,-9.8080e-01,-9.8345e-01,-9.8676e-01,-9.9033e-01,-9.9333e-01,-9.9458e-01,-9.9306e-01,-9.8892e-01,-9.8459e-01,-9.8463e-01,-9.9199e-01,-1.0033e+00,-1.0080e+00,-9.8751e-01,-9.1445e-01,-7.7339e-01,-6.0982e-01,-4.8693e-01,-4.0099e-01,-3.3474e-01,-2.7711e-01,-2.2396e-01,-1.7767e-01,-1.4009e-01,-1.1067e-01,-8.7943e-02,-7.0431e-02,-5.6894e-02,-4.6273e-02,-3.7684e-02,-3.0456e-02,-2.4148e-02,-1.8522e-02,-1.3498e-02,-9.0828e-03,-5.3165e-03,-2.2311e-03,1.7208e-04,1.9306e-03
-8.6925e-04,-1.8874e-02,-3.7126e-02,-5.5528e-02,-7.3986e-02,-9.2426e-02,-1.1079e-01,-1.2904e-01,-1.4718e-01,-1.6523e-01,-1.8321e-01,-2.0118e-01,-2.1918e-01,-2.3725e-01,-2.5541e-01,-2.7367e-01,-2.9202e-01,-3.1045e-01,-3.2892e-01,-3.4742e-01,-3.6590e-01,-3.8435e-01,-4.0273e-01,-4.2104e-01,-4.3925e-01,-4.5737e-01,-4.7541e-01,-4.9337e-01,-5.1127e-01,-5.2913e-01,-5.4698e-01,-5.6483e-01,-5.8270e-01,-6.0061e-01,-6.1859e-01,-6.3662e-01,-6.5474e-01,-6.7293e-01,-6.9120e-01,-7.0957e-01,-7.2803e-01,-7.4660e-01,-7.6526e-01,-7.8402e-01,-8.0283e-01,-8.2164e-01,-8.4034e-01,-8.5877e-01,-8.7670e-01,-8.9385e-01,-9.0990e-01,-9.2452e-01,-9.3740e-01,-9.4833e-01,-9.5719e-01,-9.6403e-01,-9.6902e-01,-9.7244e-01,-9.7468e-01,-9.7615e-01,-9.7731e-01,-9.7859e-01,-9.8038e-01,-9.8290e-01,-9.8611e-01,-9.8960e-01,-9.9251e-01,-9.9363e-01,-9.9184e-01,-9.8714e-01,-9.8195e-01,-9.8122e-01,-9.8862e-01,-1.0010e+00,-1.0071e+00,-9.8719e-01,-9.1263e-01,-7.6889e-01,-6.0566e-01,-4.8526e-01,-4.0007e-01,-3.3356e-01,-2.7585e-01,-2.2284e-01,-1.7665e-01,-1.3901e-01,-1.0944e-01,-8.6513e-02,-6.8825e-02,-5.5167e-02,-4.4497e-02,-3.5928e-02,-2.8770e-02,-2.2555e-02,-1.7023e-02,-1.2073e-02,-7.7077e-03,-3.9674e-03,-8.9221e-04,1.5069e-03
-2.2155e-04,-1.8200e-02,-3.6465e-02,-5.4911e-02,-7.3441e-02,-9.1969e-02,-1.1043e-01,-1.2878e-01,-1.4701e-01,-1.6511e-01,-1.8313e-01,-2.0110e-01,-2.1905e-01,-2.3704e-01,-2.5509e-01,-2.7321e-01,-2.9142e-01,-3.0969e-01,-3.2802e-01,-3.4638e-01,-3.6475e-01,-3.8310e-01,-4.0142e-01,-4.1968e-01,-4.3788e-01,-4.5602e-01,-4.7409e-01,-4.9210e-01,-5.1007e-01,-5.2801e-01,-5.4594e-01,-5.6387e-01,-5.8181e-01,-5.9979e-01,-6.1781e-01,-6.3588e-01,-6.5400e-01,-6.7218e-01,-6.9042e-01,-7.0873e-01,-7.2712e-01,-7.4560e-01,-7.6418e-01,-7.8285e-01,-8.0159e-01,-8.2032e-01,-8.3895e-01,-8.5730e-01,-8.7515e-01,-8.9221e-01,-9.0816e-01,-9.2268e-01,-9.3548e-01,-9.4638e-01,-9.5529e-01,-9.6224e-01,-9.6741e-01,-9.7103e-01,-9.7341e-01,-9.7489e-01,-9.7584e-01,-9.7665e-01,-9.7769e-01,-9.7929e-01,-9.8166e-01,-9.8475e-01,-9.8816e-01,-9.9102e-01,-9.9208e-01,-9.9015e-01,-9.8505e-01,-9.7912e-01,-9.7759e-01,-9.8491e-01,-9.9826e-01,-1.0057e+00,-9.8632e-01,-9.1021e-01,-7.6389e-01,-6.0126e-01,-4.8334e-01,-3.9870e-01,-3.3178e-01,-2.7392e-01,-2.2107e-01,-1.7504e-01,-1.3743e-01,-1.0777e-01,-8.4708e-02,-6.6879e-02,-5.3117e-02,-4.2404e-02,-3.3856e-02,-2.6770e-02,-2.0657e-02,-1.5232e-02,-1.0380e-02,-6.0907e-03,-2.4056e-03,6.3015e-04
4.7975e-04,-1.7476e-02,-3.5752e-02,-5.4240e-02,-7.2835e-02,-9.1445e-02,-1.1000e-01,-1.2843e-01,-1.4673e-01,-1.6489e-01,-1.8293e-01,-2.0088e-01,-2.1877e-01,-2.3667e-01,-2.5458e-01,-2.7255e-01,-2.9059e-01,-3.0869e-01,-3.2685e-01,-3.4506e-01,-3.6330e-01,-3.8154e-01,-3.9978e-01,-4.1799e-01,-4.3617e-01,-4.5431e-01,-4.7241e-01,-4.9048e-01,-5.0852e-01,-5.2655e-01,-5.4457e-01,-5.6260e-01,-5.8063e-01,-5.9869e-01,-6.1677e-01,-6.3488e-01,-6.5301e-01,-6.7117e-01,-6.8936e-01,-7.0760e-01,-7.2590e-01,-7.4428e-01,-7.6274e-01,-7.8128e-01,-7.9990e-01,-8.1852e-01,-8.3704e-01,-8.5529e-01,-8.7304e-01,-8.8999e-01,-9.0583e-01,-9.2024e-01,-9.3295e-01,-9.4379e-01,-9.5270e-01,-9.5975e-01,-9.6508e-01,-9.6892e-01,-9.7153e-01,-9.7318e-01,-9.7415e-01,-9.7475e-01,-9.7529e-01,-9.7612e-01,-9.7753e-01,-9.7972e-01,-9.8268e-01,-9.8601e-01,-9.8885e-01,-9.8995e-01,-9.8801e-01,-9.8269e-01,-9.7612e-01,-9.7376e-01,-9.8083e-01,-9.9501e-01,-1.0037e+00,-9.8483e-01,-9.0717e-01,-7.5839e-01,-5.9662e-01,-4.8112e-01,-3.9682e-01,-3.2932e-01,-2.7122e-01,-2.1854e-01,-1.7275e-01,-1.3525e-01,-1.0559e-01,-8.2444e-02,-6.4518e-02,-5.0681e-02,-3.9941e-02,-3.1424e-02,-2.4419e-02,-1.8420e-02,-1.3120e-02,-8.3882e-03,-4.2041e-03,-6.0556e-04
1.1993e-03,-1.6727e-02,-3.5005e-02,-5.3523e-02,-7.2169e-02,-9.0845e-02,-1.0947e-01,-1.2798e-01,-1.4634e-01,-1.6454e-01,-1.8259e-01,-2.0050e-01,-2.1834e-01,-2.3612e-01,-2.5390e-01,-2.7171e-01,-2.8956e-01,-3.0747e-01,-3.2545e-01,-3.4348e-01,-3.6156e-01,-3.7968e-01,-3.9782e-01,-4.1596e-01,-4.3411e-01,-4.5224e-01,-4.7037e-01,-4.8849e-01,-5.0660e-01,-5.2471e-01,-5.4282e-01,-5.6094e-01,-5.7907e-01,-5.9720e-01,-6.1534e-01,-6.3348e-01,-6.5162e-01,-6.6976e-01,-6.8790e-01,-7.0605e-01,-7.2423e-01,-7.4247e-01,-7.6078e-01,-7.7918e-01,-7.9764e-01,-8.1612e-01,-8.3451e-01,-8.5264e-01,-8.7027e-01,-8.8711e-01,-9.0283e-01,-9.1712e-01,-9.2973e-01,-9.4050e-01,-9.4939e-01,-9.5649e-01,-9.6196e-01,-9.6601e-01,-9.6888e-01,-9.7079e-01,-9.7196e-01,-9.7259e-01,-9.7293e-01,-9.7326e-01,-9.7387e-01,-9.7508e-01,-9.7709e-01,-9.7990e-01,-9.8315e-01,-9.8602e-01,-9.8723e-01,-9.8540e-01,-9.8000e-01,-9.7292e-01,-9.6969e-01,-9.7632e-01,-9.9115e-01,-1.0011e+00,-9.8262e-01,-9.0344e-01,-7.5238e-01,-5.9170e-01,-4.7852e-01,-3.9432e-01,-3.2607e-01,-2.6765e-01,-2.1515e-01,-1.6966e-01,-1.3236e-01,-1.0277e-01,-7.9624e-02,-6.1660e-02,-4.7790e-02,-3.7050e-02,-2.8582e-02,-2.1673e-02,-1.5803e-02,-1.0650e-02,-6.0646e-03,-2.0145e-03
1.9045e-03,-1.5977e-02,-3.4240e-02,-5.2766e-02,-7.1440e-02,-9.0160e-02,-1.0884e-01,-1.2740e-01,-1.4580e-01,-1.6403e-01,-1.8208e-01,-1.9996e-01,-2.1772e-01,-2.3540e-01,-2.5304e-01,-2.7068e-01,-2.8834e-01,-3.0605e-01,-3.2383e-01,-3.4168e-01,-3.5959e-01,-3.7755e-01,-3.9557e-01,-4.1362e-01,-4.3171e-01,-4.4982e-01,-4.6794e-01,-4.8609e-01,-5.0425e-01,-5.2242e-01,-5.4061e-01,-5.5881e-01,-5.7701e-01,-5.9521e-01,-6.1340e-01,-6.3156e-01,-6.4969e-01,-6.6779e-01,-6.8585e-01,-7.0389e-01,-7.2194e-01,-7.4001e-01,-7.5815e-01,-7.7636e-01,-7.9465e-01,-8.1296e-01,-8.3121e-01,-8.4921e-01,-8.6673e-01,-8.8346e-01,-8.9908e-01,-9.1327e-01,-9.2577e-01,-9.3646e-01,-9.4530e-01,-9.5241e-01,-9.5797e-01,-9.6219e-01,-9.6531e-01,-9.6752e-01,-9.6898e-01,-9.6984e-01,-9.7025e-01,-9.7040e-01,-9.7053e-01,-9.7094e-01,-9.7193e-01,-9.7373e-01,-9.7638e-01,-9.7956e-01,-9.8247e-01,-9.8385e-01,-9.8225e-01,-9.7690e-01,-9.6943e-01,-9.6531e-01,-9.7129e-01,-9.8656e-01,-9.9763e-01,-9.7960e-01,-8.9897e-01,-7.4584e-01,-5.8644e-01,-4.7544e-01,-3.9111e-01,-3.2192e-01,-2.6308e-01,-2.1076e-01,-1.6563e-01,-1.2863e-01,-9.9213e-02,-7.6147e-02,-5.8214e-02,-4.4364e-02,-3.3664e-02,-2.5272e-02,-1.8481e-02,-1.2762e-02,-7.7791e-03,-3.3672e-03
2.5675e-03,-1.5248e-02,-3.3467e-02,-5.1971e-02,-7.0644e-02,-8.9377e-02,-1.0808e-01,-1.2667e-01,-1.4510e-01,-1.6334e-01,-1.8137e-01,-1.9922e-01,-2.1692e-01,-2.3450e-01,-2.5200e-01,-2.6947e-01,-2.8695e-01,-3.0446e-01,-3.2203e-01,-3.3967e-01,-3.5739e-01,-3.7519e-01,-3.9305e-01,-4.1099e-01,-4.2898e-01,-4.4703e-01,-4.6512e-01,-4.8326e-01,-5.0143e-01,-5.1964e-01,-5.3787e-01,-5.5612e-01,-5.7436e-01,-5.9260e-01,-6.1080e-01,-6.2896e-01,-6.4705e-01,-6.6508e-01,-6.8303e-01,-7.0094e-01,-7.1882e-01,-7.3671e-01,-7.5465e-01,-7.7266e-01,-7.9076e-01,-8.0890e-01,-8.2700e-01,-8.4488e-01,-8.6230e-01,-8.7895e-01,-8.9449e-01,-9.0859e-01,-9.2101e-01,-9.3161e-01,-9.4039e-01,-9.4747e-01,-9.5306e-01,-9.5740e-01,-9.6072e-01,-9.6321e-01,-9.6500e-01,-9.6620e-01,-9.6688e-01,-9.6714e-01,-9.6713e-01,-9.6707e-01,-9.6726e-01,-9.6801e-01,-9.6959e-01,-9.7206e-01,-9.7516e-01,-9.7814e-01,-9.7973e-01,-9.7843e-01,-9.7327e-01,-9.6551e-01,-9.6049e-01,-9.6561e-01,-9.8109e-01,-9.9318e-01,-9.7563e-01,-8.9367e-01,-7.3870e-01,-5.8075e-01,-4.7175e-01,-3.8705e-01,-3.1674e-01,-2.5740e-01,-2.0525e-01,-1.6054e-01,-1.2393e-01,-9.4788e-02,-7.1899e-02,-5.4079e-02,-4.0316e-02,-2.9704e-02,-2.1426e-02,-1.4783e-02,-9.2417e-03,-4.4570e-03
3.1616e-03,-1.4556e-02,-3.2697e-02,-5.1143e-02,-6.9775e-02,-8.8485e-02,-1.0717e-01,-1.2576e-01,-1.4419e-01,-1.6243e-01,-1.8045e-01,-1.9826e-01,-2.1589e-01,-2.3338e-01,-2.5076e-01,-2.6807e-01,-2.8537e-01,-3.0269e-01,-3.2005e-01,-3.3749e-01,-3.5500e-01,-3.7260e-01,-3.9030e-01,-4.0808e-01,-4.2594e-01,-4.4388e-01,-4.6190e-01,-4.7998e-01,-4.9812e-01,-5.1630e-01,-5.3453e-01,-5.5277e-01,-5.7101e-01,-5.8923e-01,-6.0740e-01,-6.2551e-01,-6.4352e-01,-6.6144e-01,-6.7926e-01,-6.9700e-01,-7.1469e-01,-7.3237e-01,-7.5009e-01,-7.6789e-01,-7.8579e-01,-8.0377e-01,-8.2173e-01,-8.3951e-01,-8.5686e-01,-8.7345e-01,-8.8895e-01,-9.0300e-01,-9.1536e-01,-9.2588e-01,-9.3458e-01,-9.4159e-01,-9.4715e-01,-9.5153e-01,-9.5498e-01,-9.5769e-01,-9.5980e-01,-9.6138e-01,-9.6244e-01,-9.6302e-01,-9.6316e-01,-9.6300e-01,-9.6275e-01,-9.6271e-01,-9.6321e-01,-9.6454e-01,-9.6682e-01,-9.6983e-01,-9.7286e-01,-9.7469e-01,-9.7375e-01,-9.6888e-01,-9.6096e-01,-9.5504e-01,-9.5910e-01,-9.7453e-01,-9.8756e-01,-9.7054e-01,-8.8740e-01,-7.3083e-01,-5.7445e-01,-4.6728e-01,-3.8196e-01,-3.1037e-01,-2.5042e-01,-1.9844e-01,-1.5422e-01,-1.1810e-01,-8.9354e-02,-6.6751e-02,-4.9141e-02,-3.5542e-02,-2.5081e-02,-1.6966e-02,-1.0509e-02,-5.1794e-03
3.6654e-03,-1.3917e-02,-3.1939e-02,-5.0282e-02,-6.8828e-02,-8.7470e-02,-1.0611e-01,-1.2466e-01,-1.4305e-01,-1.6126e-01,-1.7925e-01,-1.9702e-01,-2.1460e-01,-2.3200e-01,-2.4927e-01,-2.6645e-01,-2.8359e-01,-3.0072e-01,-3.1789e-01,-3.3511e-01,-3.5242e-01,-3.6981e-01,-3.8730e-01,-4.0490e-01,-4.2259e-01,-4.4038e-01,-4.5826e-01,-4.7623e-01,-4.9426e-01,-5.1236e-01,-5.3051e-01,-5.4867e-01,-5.6684e-01,-5.8498e-01,-6.0306e-01,-6.2105e-01,-6.3893e-01,-6.5669e-01,-6.7433e-01,-6.9186e-01,-7.0933e-01,-7.2678e-01,-7.4427e-01,-7.6186e-01,-7.7957e-01,-7.9738e-01,-8.1523e-01,-8.3293e-01,-8.5024e-01,-8.6683e-01,-8.8232e-01,-8.9636e-01,-9.0868e-01,-9.1914e-01,-9.2775e-01,-9.3467e-01,-9.4014e-01,-9.4448e-01,-9.4797e-01,-9.5081e-01,-9.5317e-01,-9.5509e-01,-9.5657e-01,-9.5758e-01,-9.5810e-01,-9.5815e-01,-9.5784e-01,-9.5738e-01,-9.5709e-01,-9.5732e-01,-9.5839e-01,-9.6046e-01,-9.6336e-01,-9.6644e-01,-9.6852e-01,-9.6798e-01,-9.6349e-01,-9.5553e-01,-9.4876e-01,-9.5157e-01,-9.6669e-01,-9.8055e-01,-9.6412e-01,-8.7998e-01,-7.2207e-01,-5.6736e-01,-4.6179e-01,-3.7564e-01,-3.0259e-01,-2.4195e-01,-1.9015e-01,-1.4650e-01,-1.1099e-01,-8.2755e-02,-6.0560e-02,-4.3268e-02,-2.9927e-02,-1.9693e-02,-1.1799e-02,-5.5766e-03
4.0569e-03,-1.3344e-02,-3.1198e-02,-4.9386e-02,-6.7795e-02,-8.6315e-02,-1.0485e-01,-1.2331e-01,-1.4164e-01,-1.5979e-01,-1.7772e-01,-1.9544e-01,-2.1295e-01,-2.3028e-01,-2.4746e-01,-2.6452e-01,-2.8152e-01,-2.9850e-01,-3.1548e-01,-3.3251e-01,-3.4960e-01,-3.6678e-01,-3.8405e-01,-4.0143e-01,-4.1891e-01,-4.3650e-01,-4.5419e-01,-4.7197e-01,-4.8983e-01,-5.0776e-01,-5.2574e-01,-5.4375e-01,-5.6176e-01,-5.7973e-01,-5.9763e-01,-6.1544e-01,-6.3311e-01,-6.5065e-01,-6.6805e-01,-6.8534e-01,-7.0255e-01,-7.1974e-01,-7.3699e-01,-7.5436e-01,-7.7188e-01,-7.8956e-01,-8.0731e-01,-8.2498e-01,-8.4228e-01,-8.5889e-01,-8.7441e-01,-8.8848e-01,-9.0079e-01,-9.1120e-01,-9.1971e-01,-9.2650e-01,-9.3184e-01,-9.3607e-01,-9.3949e-01,-9.4237e-01,-9.4487e-01,-9.4706e-01,-9.4893e-01,-9.5040e-01,-9.5140e-01,-9.5187e-01,-9.5182e-01,-9.5135e-01,-9.5069e-01,-9.5013e-01,-9.5008e-01,-9.5086e-01,-9.5270e-01,-9.5547e-01,-9.5859e-01,-9.6091e-01,-9.6080e-01,-9.5676e-01,-9.4889e-01,-9.4134e-01,-9.4277e-01,-9.5730e-01,-9.7187e-01,-9.5610e-01,-8.7118e-01,-7.1217e-01,-5.5918e-01,-4.5501e-01,-3.6781e-01,-2.9316e-01,-2.3177e-01,-1.8016e-01,-1.3717e-01,-1.0239e-01,-7.4815e-02,-5.3166e-02,-3.6318e-02,-2.3341e-02,-1.3423e-02,-5.8238e-03
4.3210e-03,-1.2848e-02,-3.0477e-02,-4.8453e-02,-6.6662e-02,-8.5000e-02,-1.0337e-01,-1.2170e-01,-1.3990e-01,-1.5794e-01,-1.7579e-01,-1.9343e-01,-2.1087e-01,-2.2812e-01,-2.4521e-01,-2.6217e-01,-2.7905e-01,-2.9589e-01,-3.1271e-01,-3.2956e-01,-3.4645e-01,-3.6342e-01,-3.8047e-01,-3.9761e-01,-4.1484e-01,-4.3218e-01,-4.4962e-01,-4.6714e-01,-4.8475e-01,-5.0243e-01,-5.2016e-01,-5.3791e-01,-5.5565e-01,-5.7336e-01,-5.9099e-01,-6.0852e-01,-6.2591e-01,-6.4316e-01,-6.6026e-01,-6.7724e-01,-6.9416e-01,-7.1107e-01,-7.2807e-01,-7.4521e-01,-7.6256e-01,-7.8011e-01,-7.9779e-01,-8.1542e-01,-8.3275e-01,-8.4941e-01,-8.6499e-01,-8.7909e-01,-8.9141e-01,-9.0176e-01,-9.1017e-01,-9.1681e-01,-9.2197e-01,-9.2601e-01,-9.2929e-01,-9.3209e-01,-9.3462e-01,-9.3697e-01,-9.3913e-01,-9.4102e-01,-9.4253e-01,-9.4353e-01,-9.4395e-01,-9.4379e-01,-9.4315e-01,-9.4226e-01,-9.4144e-01,-9.4109e-01,-9.4159e-01,-9.4317e-01,-9.4579e-01,-9.4893e-01,-9.5147e-01,-9.5181e-01,-9.4830e-01,-9.4065e-01,-9.3246e-01,-9.3242e-01,-9.4607e-01,-9.6121e-01,-9.4617e-01,-8.6065e-01,-7.0080e-01,-5.4956e-01,-4.4655e-01,-3.5813e-01,-2.8177e-01,-2.1958e-01,-1.6822e-01,-1.2599e-01,-9.2099e-02,-6.5340e-02,-4.4393e-02,-2.8130e-02,-1.5642e-02,-6.1435e-03
4.4477e-03,-1.2433e-02,-2.9776e-02,-4.7472e-02,-6.5414e-02,-8.3499e-02,-1.0164e-01,-1.1975e-01,-1.3777e-01,-1.5565e-01,-1.7336e-01,-1.9088e-01,-2.0821e-01,-2.2536e-01,-2.4236e-01,-2.5922e-01,-2.7600e-01,-2.9271e-01,-3.0940e-01,-3.2609e-01,-3.4280e-01,-3.5956e-01,-3.7638e-01,-3.9328e-01,-4.1025e-01,-4.2730e-01,-4.4444e-01,-4.6165e-01,-4.7892e-01,-4.9626e-01,-5.1364e-01,-5.3103e-01,-5.4841e-01,-5.6575e-01,-5.8301e-01,-6.0016e-01,-6.1718e-01,-6.3405e-01,-6.5078e-01,-6.6741e-01,-6.8399e-01,-7.0060e-01,-7.1731e-01,-7.3422e-01,-7.5138e-01,-7.6880e-01,-7.8641e-01,-8.0403e-01,-8.2138e-01,-8.3809e-01,-8.5372e-01,-8.6785e-01,-8.8016e-01,-8.9045e-01,-8.9873e-01,-9.0518e-01,-9.1012e-01,-9.1392e-01,-9.1697e-01,-9.1960e-01,-9.2205e-01,-9.2444e-01,-9.2677e-01,-9.2898e-01,-9.3093e-01,-9.3247e-01,-9.3346e-01,-9.3381e-01,-9.3352e-01,-9.3270e-01,-9.3158e-01,-9.3050e-01,-9.2987e-01,-9.3008e-01,-9.3141e-01,-9.3387e-01,-9.3700e-01,-9.3976e-01,-9.4055e-01,-9.3763e-01,-9.3036e-01,-9.2171e-01,-9.2017e-01,-9.3266e-01,-9.4817e-01,-9.3389e-01,-8.4797e-01,-6.8753e-01,-5.3802e-01,-4.3596e-01,-3.4617e-01,-2.6804e-01,-2.0506e-01,-1.5402e-01,-1.1271e-01,-7.9879e-02,-5.4121e-02,-3.4050e-02,-1.8531e-02,-6.6719e-03
4.4324e-03,-1.2097e-02,-2.9085e-02,-4.6428e-02,-6.4024e-02,-8.1779e-02,-9.9603e-02,-1.1742e-01,-1.3518e-01,-1.5282e-01,-1.7032e-01,-1.8766e-01,-2.0482e-01,-2.2184e-01,-2.3871e-01,-2.5546e-01,-2.7212e-01,-2.8871e-01,-3.0527e-01,-3.2181e-01,-3.3836e-01,-3.5494e-01,-3.7154e-01,-3.8819e-01,-4.0488e-01,-4.2163e-01,-4.3842e-01,-4.5527e-01,-4.7215e-01,-4.8907e-01,-5.0601e-01,-5.2295e-01,-5.3987e-01,-5.5674e-01,-5.7352e-01,-5.9020e-01,-6.0675e-01,-6.2317e-01,-6.3947e-01,-6.5568e-01,-6.7188e-01,-6.8813e-01,-7.0454e-01,-7.2119e-01,-7.3814e-01,-7.5541e-01,-7.7291e-01,-7.9048e-01,-8.0781e-01,-8.2452e-01,-8.4016e-01,-8.5429e-01,-8.6654e-01,-8.7674e-01,-8.8486e-01,-8.9109e-01,-8.9575e-01,-8.9926e-01,-9.0203e-01,-9.0441e-01,-9.0667e-01,-9.0897e-01,-9.1135e-01,-9.1375e-01,-9.1603e-01,-9.1804e-01,-9.1958e-01,-9.2053e-01,-9.2079e-01,-9.2036e-01,-9.1936e-01,-9.1803e-01,-9.1671e-01,-9.1581e-01,-9.1575e-01,-9.1684e-01,-9.1914e-01,-9.2224e-01,-9.2520e-01,-9.2645e-01,-9.2419e-01,-9.1745e-01,-9.0857e-01,-9.0560e-01,-9.1666e-01,-9.3230e-01,-9.1876e-01,-8.3260e-01,-6.7177e-01,-5.2397e-01,-4.2266e-01,-3.3142e-01,-2.5153e-01,-1.8784e-01,-1.3726e-01,-9.7055e-02,-6.5486e-02,-4.0934e-02,-2.1935e-02,-7.3395e-03
4.2802e-03,-1.1828e-02,-2.8387e-02,-4.5297e-02,-6.2462e-02,-7.9794e-02,-9.7211e-02,-1.1464e-01,-1.3204e-01,-1.4935e-01,-1.6654e-01,-1.8361e-01,-2.0054e-01,-2.1734e-01,-2.3403e-01,-2.5061e-01,-2.6712e-01,-2.8358e-01,-2.9999e-01,-3.1638e-01,-3.3277e-01,-3.4915e-01,-3.6554e-01,-3.8194e-01,-3.9835e-01,-4.1478e-01,-4.3121e-01,-4.4765e-01,-4.6410e-01,-4.8055e-01,-4.9699e-01,-5.1340e-01,-5.2978e-01,-5.4609e-01,-5.6231e-01,-5.7843e-01,-5.9444e-01,-6.1033e-01,-6.2612e-01,-6.4187e-01,-6.5762e-01,-6.7348e-01,-6.8953e-01,-7.0587e-01,-7.2256e-01,-7.3961e-01,-7.5695e-01,-7.7438e-01,-7.9161e-01,-8.0823e-01,-8.2378e-01,-8.3780e-01,-8.4994e-01,-8.5996e-01,-8.6787e-01,-8.7384e-01,-8.7820e-01,-8.8138e-01,-8.8381e-01,-8.8588e-01,-8.8788e-01,-8.9000e-01,-8.9230e-01,-8.9474e-01,-8.9722e-01,-8.9956e-01,-9.0158e-01,-9.0309e-01,-9.0396e-01,-9.0410e-01,-9.0353e-01,-9.0236e-01,-9.0084e-01,-8.9931e-01,-8.9819e-01,-8.9790e-01,-8.9878e-01,-9.0092e-01,-9.0400e-01,-9.0714e-01,-9.0885e-01,-9.0729e-01,-9.0126e-01,-8.9242e-01,-8.8820e-01,-8.9760e-01,-9.1302e-01,-9.0014e-01,-8.1385e-01,-6.5283e-01,-5.0668e-01,-4.0594e-01,-3.1325e-01,-2.3173e-01,-1.6750e-01,-1.1760e-01,-7.8723e-02,-4.8660e-02,-2.5548e-02,-7.8381e-03
4.0089e-03,-1.1608e-02,-2.7656e-02,-4.4045e-02,-6.0685e-02,-7.7494e-02,-9.4398e-02,-1.1133e-01,-1.2825e-01,-1.4511e-01,-1.6189e-01,-1.7857e-01,-1.9515e-01,-2.1164e-01,-2.2805e-01,-2.4439e-01,-2.6067e-01,-2.7692e-01,-2.9314e-01,-3.0933e-01,-3.2552e-01,-3.4169e-01,-3.5785e-01,-3.7399e-01,-3.9010e-01,-4.0619e-01,-4.2224e-01,-4.3827e-01,-4.5425e-01,-4.7019e-01,-4.8608e-01,-5.0192e-01,-5.1770e-01,-5.3339e-01,-5.4900e-01,-5.6450e-01,-5.7990e-01,-5.9521e-01,-6.1045e-01,-6.2566e-01,-6.4093e-01,-6.5633e-01,-6.7196e-01,-6.8792e-01,-7.0427e-01,-7.2100e-01,-7.3804e-01,-7.5520e-01,-7.7218e-01,-7.8856e-01,-8.0388e-01,-8.1767e-01,-8.2956e-01,-8.3933e-01,-8.4696e-01,-8.5262e-01,-8.5665e-01,-8.5948e-01,-8.6156e-01,-8.6328e-01,-8.6497e-01,-8.6682e-01,-8.6893e-01,-8.7130e-01,-8.7382e-01,-8.7634e-01,-8.7868e-01,-8.8065e-01,-8.8207e-01,-8.8281e-01,-8.8282e-01,-8.8211e-01,-8.8081e-01,-8.7915e-01,-8.7748e-01,-8.7619e-01,-8.7573e-01,-8.7643e-01,-8.7842e-01,-8.8147e-01,-8.8478e-01,-8.8694e-01,-8.8614e-01,-8.8096e-01,-8.7248e-01,-8.6728e-01,-8.7486e-01,-8.8966e-01,-8.7724e-01,-7.9087e-01,-6.2981e-01,-4.8523e-01,-3.8494e-01,-2.9094e-01,-2.0805e-01,-1.4360e-01,-9.4667e-02,-5.7412e-02,-2.9134e-02,-7.7250e-03
3.6460e-03,-1.1400e-02,-2.6853e-02,-4.2626e-02,-5.8638e-02,-7.4814e-02,-9.1086e-02,-1.0740e-01,-1.2371e-01,-1.3998e-01,-1.5620e-01,-1.7236e-01,-1.8846e-01,-2.0450e-01,-2.2049e-01,-2.3645e-01,-2.5239e-01,-2.6832e-01,-2.8424e-01,-3.0016e-01,-3.1606e-01,-3.3195e-01,-3.4781e-01,-3.6364e-01,-3.7941e-01,-3.9512e-01,-4.1077e-01,-4.2634e-01,-4.4183e-01,-4.5723e-01,-4.7256e-01,-4.8780e-01,-5.0295e-01,-5.1800e-01,-5.3296e-01,-5.4782e-01,-5.6258e-01,-5.7727e-01,-5.9192e-01,-6.0657e-01,-6.2129e-01,-6.3618e-01,-6.5132e-01,-6.6680e-01,-6.8267e-01,-6.9895e-01,-7.1553e-01,-7.3224e-01,-7.4877e-01,-7.6472e-01,-7.7962e-01,-7.9300e-01,-8.0450e-01,-8.1390e-01,-8.2117e-01,-8.2648e-01,-8.3017e-01,-8.3265e-01,-8.3437e-01,-8.3574e-01,-8.3708e-01,-8.3863e-01,-8.4048e-01,-8.4265e-01,-8.4508e-01,-8.4762e-01,-8.5011e-01,-8.5236e-01,-8.5420e-01,-8.5547e-01,-8.5606e-01,-8.5592e-01,-8.5510e-01,-8.5371e-01,-8.5199e-01,-8.5024e-01,-8.4887e-01,-8.4829e-01,-8.4886e-01,-8.5073e-01,-8.5374e-01,-8.5719e-01,-8.5978e-01,-8.5975e-01,-8.5558e-01,-8.4779e-01,-8.4198e-01,-8.4769e-01,-8.6140e-01,-8.4910e-01,-7.6259e-01,-6.0161e-01,-4.5855e-01,-3.5867e-01,-2.6364e-01,-1.7987e-01,-1.1564e-01,-6.8081e-02,-3.2805e-02,-6.6351e-03
3.2371e-03,-1.1158e-02,-2.5924e-02,-4.0981e-02,-5.6255e-02,-7.1676e-02,-8.7187e-02,-1.0274e-01,-1.1829e-01,-1.3383e-01,-1.4933e-01,-1.6480e-01,-1.8024e-01,-1.9565e-01,-2.1106e-01,-2.2647e-01,-2.4190e-01,-2.5734e-01,-2.7281e-01,-2.8829e-01,-3.0378e-01,-3.1925e-01,-3.3470e-01,-3.5010e-01,-3.6544e-01,-3.8069e-01,-3.9585e-01,-4.1091e-01,-4.2586e-01,-4.4069e-01,-4.5542e-01,-4.7003e-01,-4.8454e-01,-4.9894e-01,-5.1324e-01,-5.2745e-01,-5.4157e-01,-5.5563e-01,-5.6966e-01,-5.8372e-01,-5.9786e-01,-6.1216e-01,-6.2672e-01,-6.4161e-01,-6.5687e-01,-6.7252e-01,-6.8845e-01,-7.0449e-01,-7.2035e-01,-7.3563e-01,-7.4989e-01,-7.6268e-01,-7.7365e-01,-7.8257e-01,-7.8942e-01,-7.9436e-01,-7.9769e-01,-7.9984e-01,-8.0123e-01,-8.0227e-01,-8.0329e-01,-8.0450e-01,-8.0605e-01,-8.0795e-01,-8.1016e-01,-8.1257e-01,-8.1503e-01,-8.1737e-01,-8.1944e-01,-8.2106e-01,-8.2212e-01,-8.2254e-01,-8.2228e-01,-8.2138e-01,-8.1997e-01,-8.1826e-01,-8.1654e-01,-8.1517e-01,-8.1454e-01,-8.1502e-01,-8.1679e-01,-8.1974e-01,-8.2328e-01,-8.2624e-01,-8.2698e-01,-8.2391e-01,-8.1711e-01,-8.1115e-01,-8.1508e-01,-8.2723e-01,-8.1459e-01,-7.2776e-01,-5.6693e-01,-4.2532e-01,-3.2593e-01,-2.3040e-01,-1.4645e-01,-8.3098e-02,-3.7436e-02,-4.5694e-03
2.8398e-03,-1.0818e-02,-2.4801e-02,-3.9036e-02,-5.3453e-02,-6.7993e-02,-8.2602e-02,-9.7241e-02,-1.1188e-01,-1.2651e-01,-1.4111e-01,-1.5569e-01,-1.7027e-01,-1.8486e-01,-1.9947e-01,-2.1412e-01,-2.2881e-01,-2.4356e-01,-2.5835e-01,-2.7319e-01,-2.8805e-01,-3.0291e-01,-3.1776e-01,-3.3256e-01,-3.4729e-01,-3.6194e-01,-3.7648e-01,-3.9091e-01,-4.0522e-01,-4.1940e-01,-4.3346e-01,-4.4740e-01,-4.6122e-01,-4.7495e-01,-4.8857e-01,-5.0212e-01,-5.1559e-01,-5.2900e-01,-5.4240e-01,-5.5583e-01,-5.6933e-01,-5.8298e-01,-5.9686e-01,-6.1102e-01,-6.2552e-01,-6.4034e-01,-6.5541e-01,-6.7055e-01,-6.8550e-01,-6.9989e-01,-7.1331e-01,-7.2535e-01,-7.3565e-01,-7.4401e-01,-7.5040e-01,-7.5496e-01,-7.5798e-01,-7.5985e-01,-7.6097e-01,-7.6174e-01,-7.6247e-01,-7.6338e-01,-7.6460e-01,-7.6618e-01,-7.6808e-01,-7.7023e-01,-7.7250e-01,-7.7474e-01,-7.7682e-01,-7.7859e-01,-7.7993e-01,-7.8075e-01,-7.8099e-01,-7.8063e-01,-7.7973e-01,-7.7838e-01,-7.7678e-01,-7.7518e-01,-7.7389e-01,-7.7329e-01,-7.7371e-01,-7.7536e-01,-7.7820e-01,-7.8175e-01,-7.8499e-01,-7.8642e-01,-7.8451e-01,-7.7898e-01,-7.7336e-01,-7.7578e-01,-7.8591e-01,-7.7232e-01,-6.8488e-01,-5.2422e-01,-3.8409e-01,-2.8540e-01,-1.9015e-01,-1.0701e-01,-4.5393e-02,-2.2853e-03
2.5321e-03,-1.0301e-02,-2.3402e-02,-3.6703e-02,-5.0141e-02,-6.3663e-02,-7.7223e-02,-9.0788e-02,-1.0434e-01,-1.1787e-01,-1.3137e-01,-1.4487e-01,-1.5836e-01,-1.7189e-01,-1.8546e-01,-1.9910e-01,-2.1280e-01,-2.2658e-01,-2.4044e-01,-2.5436e-01,-2.6833e-01,-2.8232e-01,-2.9630e-01,-3.1025e-01,-3.2415e-01,-3.3797e-01,-3.5168e-01,-3.6529e-01,-3.7878e-01,-3.9216e-01,-4.0542e-01,-4.1857e-01,-4.3163e-01,-4.4459e-01,-4.5748e-01,-4.7030e-01,-4.8306e-01,-4.9579e-01,-5.0850e-01,-5.2122e-01,-5.3401e-01,-5.4691e-01,-5.5997e-01,-5.7326e-01,-5.8681e-01,-6.0061e-01,-6.1460e-01,-6.2862e-01,-6.4244e-01,-6.5574e-01,-6.6816e-01,-6.7930e-01,-6.8885e-01,-6.9661e-01,-7.0255e-01,-7.0678e-01,-7.0956e-01,-7.1124e-01,-7.1220e-01,-7.1278e-01,-7.1330e-01,-7.1396e-01,-7.1489e-01,-7.1614e-01,-7.1769e-01,-7.1948e-01,-7.2142e-01,-7.2339e-01,-7.2528e-01,-7.2696e-01,-7.2835e-01,-7.2935e-01,-7.2991e-01,-7.2999e-01,-7.2960e-01,-7.2877e-01,-7.2758e-01,-7.2620e-01,-7.2481e-01,-7.2369e-01,-7.2317e-01,-7.2354e-01,-7.2504e-01,-7.2768e-01,-7.3110e-01,-7.3447e-01,-7.3646e-01,-7.3567e-01,-7.3159e-01,-7.2682e-01,-7.2815e-01,-7.3596e-01,-7.2073e-01,-6.3224e-01,-4.7177e-01,-3.3320e-01,-2.3565e-01,-1.4175e-01,-6.0687e-02,-1.8804e-03
2.4062e-03,-9.5111e-03,-2.1628e-02,-3.3881e-02,-4.6213e-02,-5.8577e-02,-7.0934e-02,-8.3259e-02,-9.5539e-02,-1.0777e-01,-1.1997e-01,-1.3215e-01,-1.4434e-01,-1.5656e-01,-1.6883e-01,-1.8117e-01,-1.9361e-01,-2.0613e-01,-2.1875e-01,-2.3145e-01,-2.4421e-01,-2.5701e-01,-2.6982e-01,-2.8262e-01,-2.9538e-01,-3.0807e-01,-3.2069e-01,-3.3322e-01,-3.4565e-01,-3.5799e-01,-3.7024e-01,-3.8241e-01,-3.9452e-01,-4.0656e-01,-4.1856e-01,-4.3052e-01,-4.4245e-01,-4.5435e-01,-4.6623e-01,-4.7811e-01,-4.9003e-01,-5.0200e-01,-5.1408e-01,-5.2629e-01,-5.3868e-01,-5.5124e-01,-5.6392e-01,-5.7660e-01,-5.8909e-01,-6.0113e-01,-6.1240e-01,-6.2255e-01,-6.3131e-01,-6.3849e-01,-6.4402e-01,-6.4801e-01,-6.5067e-01,-6.5229e-01,-6.5322e-01,-6.5376e-01,-6.5418e-01,-6.5469e-01,-6.5539e-01,-6.5634e-01,-6.5754e-01,-6.5893e-01,-6.6045e-01,-6.6201e-01,-6.6353e-01,-6.6492e-01,-6.6611e-01,-6.6705e-01,-6.6768e-01,-6.6799e-01,-6.6797e-01,-6.6761e-01,-6.6694e-01,-6.6602e-01,-6.6495e-01,-6.6388e-01,-6.6300e-01,-6.6257e-01,-6.6288e-01,-6.6416e-01,-6.6646e-01,-6.6958e-01,-6.7286e-01,-6.7522e-01,-6.7543e-01,-6.7290e-01,-6.6940e-01,-6.7019e-01,-6.7559e-01,-6.5801e-01,-5.6797e-01,-4.0775e-01,-2.7098e-01,-1.7519e-01,-8.3985e-02,-6.5458e-03
2.5711e-03,-8.3398e-03,-1.9369e-02,-3.0460e-02,-4.1558e-02,-5.2624e-02,-6.3624e-02,-7.4541e-02,-8.5371e-02,-9.6120e-02,-1.0681e-01,-1.1745e-01,-1.2809e-01,-1.3874e-01,-1.4945e-01,-1.6022e-01,-1.7109e-01,-1.8206e-01,-1.9312e-01,-2.0427e-01,-2.1550e-01,-2.2678e-01,-2.3809e-01,-2.4939e-01,-2.6068e-01,-2.7193e-01,-2.8313e-01,-2.9426e-01,-3.0533e-01,-3.1634e-01,-3.2730e-01,-3.3822e-01,-3.4911e-01,-3.5999e-01,-3.7085e-01,-3.8170e-01,-3.9255e-01,-4.0338e-01,-4.1419e-01,-4.2499e-01,-4.3577e-01,-4.4656e-01,-4.5737e-01,-4.6824e-01,-4.7919e-01,-4.9023e-01,-5.0134e-01,-5.1244e-01,-5.2339e-01,-5.3399e-01,-5.4397e-01,-5.5306e-01,-5.6100e-01,-5.6760e-01,-5.7280e-01,-5.7665e-01,-5.7932e-01,-5.8104e-01,-5.8209e-01,-5.8274e-01,-5.8323e-01,-5.8370e-01,-5.8429e-01,-5.8502e-01,-5.8590e-01,-5.8690e-01,-5.8797e-01,-5.8904e-01,-5.9006e-01,-5.9098e-01,-5.9177e-01,-5.9239e-01,-5.9284e-01,-5.9312e-01,-5.9321e-01,-5.9314e-01,-5.9289e-01,-5.9248e-01,-5.9192e-01,-5.9126e-01,-5.9056e-01,-5.8996e-01,-5.8964e-01,-5.8983e-01,-5.9078e-01,-5.9259e-01,-5.9518e-01,-5.9811e-01,-6.0059e-01,-6.0162e-01,-6.0064e-01,-5.9874e-01,-5.9961e-01,-6.0276e-01,-5.8228e-01,-4.9020e-01,-3.3039e-01,-1.9585e-01,-1.0263e-01,-1.5671e-02
3.1492e-03,-6.6644e-03,-1.6506e-02,-2.6320e-02,-3.6061e-02,-4.5693e-02,-5.5189e-02,-6.4540e-02,-7.3747e-02,-8.2826e-02,-9.1799e-02,-1.0070e-01,-1.0956e-01,-1.1842e-01,-1.2731e-01,-1.3626e-01,-1.4529e-01,-1.5441e-01,-1.6363e-01,-1.7293e-01,-1.8231e-01,-1.9175e-01,-2.0123e-01,-2.1073e-01,-2.2022e-01,-2.2970e-01,-2.3914e-01,-2.4856e-01,-2.5794e-01,-2.6730e-01,-2.7664e-01,-2.8599e-01,-2.9534e-01,-3.0471e-01,-3.1410e-01,-3.2351e-01,-3.3292e-01,-3.4233e-01,-3.5172e-01,-3.6106e-01,-3.7034e-01,-3.7956e-01,-3.8873e-01,-3.9788e-01,-4.0702e-01,-4.1619e-01,-4.2540e-01,-4.3462e-01,-4.4376e-01,-4.5268e-01,-4.6120e-01,-4.6909e-01,-4.7612e-01,-4.8212e-01,-4.8701e-01,-4.9078e-01,-4.9355e-01,-4.9549e-01,-4.9681e-01,-4.9773e-01,-4.9842e-01,-4.9902e-01,-4.9962e-01,-5.0025e-01,-5.0090e-01,-5.0156e-01,-5.0219e-01,-5.0275e-01,-5.0321e-01,-5.0355e-01,-5.0377e-01,-5.0388e-01,-5.0389e-01,-5.0385e-01,-5.0378e-01,-5.0370e-01,-5.0363e-01,-5.0357e-01,-5.0348e-01,-5.0335e-01,-5.0313e-01,-5.0284e-01,-5.0250e-01,-5.0224e-01,-5.0224e-01,-5.0271e-01,-5.0384e-01,-5.0567e-01,-5.0800e-01,-5.1034e-01,-5.1198e-01,-5.1247e-01,-5.1241e-01,-5.1398e-01,-5.1531e-01,-4.9166e-01,-3.9725e-01,-2.3828e-01,-1.0657e-01,-1.6849e-02
4.2749e-03,-4.3531e-03,-1.2909e-02,-2.1343e-02,-2.9611e-02,-3.7683e-02,-4.5542e-02,-5.3183e-02,-6.0616e-02,-6.7864e-02,-7.4956e-02,-8.1930e-02,-8.8829e-02,-9.5693e-02,-1.0256e-01,-1.0947e-01,-1.1643e-01,-1.2347e-01,-1.3060e-01,-1.3780e-01,-1.4508e-01,-1.5242e-01,-1.5980e-01,-1.6721e-01,-1.7463e-01,-1.8205e-01,-1.8945e-01,-1.9685e-01,-2.0423e-01,-2.1162e-01,-2.1902e-01,-2.2644e-01,-2.3389e-01,-2.4138e-01,-2.4891e-01,-2.5647e-01,-2.6404e-01,-2.7159e-01,-2.7909e-01,-2.8652e-01,-2.9383e-01,-3.0102e-01,-3.0808e-01,-3.1505e-01,-3.2194e-01,-3.2881e-01,-3.3569e-01,-3.4262e-01,-3.4958e-01,-3.5650e-01,-3.6326e-01,-3.6969e-01,-3.7561e-01,-3.8085e-01,-3.8531e-01,-3.8894e-01,-3.9180e-01,-3.9399e-01,-3.9565e-01,-3.9693e-01,-3.9794e-01,-3.9879e-01,-3.9953e-01,-4.0017e-01,-4.0071e-01,-4.0113e-01,-4.0138e-01,-4.0147e-01,-4.0136e-01,-4.0108e-01,-4.0064e-01,-4.0008e-01,-3.9948e-01,-3.9888e-01,-3.9836e-01,-3.9797e-01,-3.9775e-01,-3.9773e-01,-3.9786e-01,-3.9811e-01,-3.9839e-01,-3.9860e-01,-3.9865e-01,-3.9851e-01,-3.9820e-01,-3.9786e-01,-3.9770e-01,-3.9796e-01,-3.9883e-01,-4.0035e-01,-4.0234e-01,-4.0442e-01,-4.0632e-01,-4.0825e-01,-4.1107e-01,-4.1125e-01,-3.8458e-01,-2.8800e-01,-1.3064e-01,-2.5999e-03
6.0886e-03,-1.2712e-03,-8.4532e-03,-1.5409e-02,-2.2103e-02,-2.8510e-02,-3.4619e-02,-4.0434e-02,-4.5973e-02,-5.1263e-02,-5.6345e-02,-6.1262e-02,-6.6060e-02,-7.0787e-02,-7.5486e-02,-8.0194e-02,-8.4938e-02,-8.9739e-02,-9.4608e-02,-9.9545e-02,-1.0455e-01,-1.0960e-01,-1.1470e-01,-1.1982e-01,-1.2496e-01,-1.3009e-01,-1.3523e-01,-1.4035e-01,-1.4547e-01,-1.5060e-01,-1.5574e-01,-1.6091e-01,-1.6610e-01,-1.7134e-01,-1.7660e-01,-1.8188e-01,-1.8715e-01,-1.9237e-01,-1.9751e-01,-2.0252e-01,-2.0737e-01,-2.1203e-01,-2.1649e-01,-2.2077e-01,-2.2492e-01,-2.2901e-01,-2.3311e-01,-2.3730e-01,-2.4162e-01,-2.4608e-01,-2.5063e-01,-2.5518e-01,-2.5958e-01,-2.6370e-01,-2.6742e-01,-2.7067e-01,-2.7342e-01,-2.7573e-01,-2.7764e-01,-2.7924e-01,-2.8059e-01,-2.8174e-01,-2.8269e-01,-2.8344e-01,-2.8396e-01,-2.8422e-01,-2.8420e-01,-2.8388e-01,-2.8327e-01,-2.8238e-01,-2.8127e-01,-2.8000e-01,-2.7866e-01,-2.7734e-01,-2.7615e-01,-2.7517e-01,-2.7449e-01,-2.7414e-01,-2.7415e-01,-2.7446e-01,-2.7498e-01,-2.7557e-01,-2.7608e-01,-2.7633e-01,-2.7621e-01,-2.7568e-01,-2.7483e-01,-2.7387e-01,-2.7312e-01,-2.7290e-01,-2.7349e-01,-2.7503e-01,-2.7749e-01,-2.8074e-01,-2.8480e-01,-2.8937e-01,-2.8921e-01,-2.6018e-01,-1.6217e-01,-7.7211e-03
8.7383e-03,2.7205e-03,-3.0096e-03,-8.4086e-03,-1.3447e-02,-1.8107e-02,-2.2385e-02,-2.6293e-02,-2.9857e-02,-3.3114e-02,-3.6107e-02,-3.8890e-02,-4.1515e-02,-4.4032e-02,-4.6490e-02,-4.8929e-02,-5.1380e-02,-5.3866e-02,-5.6399e-02,-5.8985e-02,-6.1619e-02,-6.4293e-02,-6.6993e-02,-6.9706e-02,-7.2417e-02,-7.5115e-02,-7.7792e-02,-8.0445e-02,-8.3074e-02,-8.5685e-02,-8.8287e-02,-9.0887e-02,-9.3491e-02,-9.6099e-02,-9.8707e-02,-1.0130e-01,-1.0384e-01,-1.0630e-01,-1.0863e-01,-1.1079e-01,-1.1272e-01,-1.1441e-01,-1.1583e-01,-1.1702e-01,-1.1802e-01,-1.1890e-01,-1.1979e-01,-1.2079e-01,-1.2200e-01,-1.2350e-01,-1.2532e-01,-1.2742e-01,-1.2973e-01,-1.3215e-01,-1.3458e-01,-1.3693e-01,-1.3914e-01,-1.4119e-01,-1.4306e-01,-1.4476e-01,-1.4629e-01,-1.4764e-01,-1.4876e-01,-1.4961e-01,-1.5015e-01,-1.5033e-01,-1.5011e-01,-1.4948e-01,-1.4845e-01,-1.4703e-01,-1.4531e-01,-1.4335e-01,-1.4126e-01,-1.3916e-01,-1.3718e-01,-1.3543e-01,-1.3404e-01,-1.3307e-01,-1.3258e-01,-1.3256e-01,-1.3294e-01,-1.3359e-01,-1.3432e-01,-1.3492e-01,-1.3514e-01,-1.3481e-01,-1.3384e-01,-1.3230e-01,-1.3040e-01,-1.2854e-01,-1.2720e-01,-1.2690e-01,-1.2805e-01,-1.3091e-01,-1.3558e-01,-1.4188e-01,-1.4861e-01,-1.4898e-01,-1.1871e-01,-2.0752e-02
