3.5442e-03,-1.5405e-03,-4.3529e-03,-4.8942e-03,-3.5115e-03,-8.5153e-04,2.2970e-03,5.1984e-03,7.3306e-03,8.4513e-03,8.5775e-03,7.9074e-03,6.7253e-03,5.3303e-03,3.9769e-03,2.8523e-03,2.0689e-03,1.6683e-03,1.6344e-03,1.9079e-03,2.4004e-03,3.0097e-03,3.6321e-03,4.1718e-03,4.5497e-03,4.7113e-03,4.6272e-03,4.2952e-03,3.7395e-03,3.0046e-03,2.1496e-03,1.2396e-03,3.3807e-04,-5.0040e-04,-1.2404e-03,-1.8641e-03,-2.3799e-03,-2.8120e-03,-3.2010e-03,-3.5905e-03,-4.0193e-03,-4.5100e-03,-5.0652e-03,-5.6629e-03,-6.2635e-03,-6.8103e-03,-7.2470e-03,-7.5147e-03,-7.5647e-03,-7.3571e-03,-6.8630e-03,-6.0689e-03,-4.9838e-03,-3.6423e-03,-2.1120e-03,-4.9246e-04,1.0922e-03,2.5074e-03,3.6276e-03,4.3528e-03,4.6213e-03,4.4165e-03,3.7666e-03,2.7359e-03,1.4189e-03,-7.0766e-05,-1.6100e-03,-3.0770e-03,-4.3541e-03,-5.3441e-03,-5.9721e-03,-6.1980e-03,-6.0238e-03,-5.4987e-03,-4.7155e-03,-3.8062e-03,-2.9217e-03,-2.2058e-03,-1.7721e-03,-1.6745e-03,-1.8979e-03,-2.3549e-03,-2.9085e-03,-3.3973e-03,-3.6751e-03,-3.6397e-03,-3.2573e-03,-2.5681e-03,-1.6748e-03,-7.2110e-04,1.4189e-04,7.9606e-04,1.1790e-03,1.3084e-03,1.2764e-03,1.2382e-03,1.3769e-03,1.8633e-03,2.8230e-03,4.3067e-03
-2.4730e-04,-7.6084e-03,-1.3081e-02,-1.6423e-02,-1.7654e-02,-1.7089e-02,-1.5269e-02,-1.2819e-02,-1.0294e-02,-8.0644e-03,-6.2892e-03,-4.9457e-03,-3.8948e-03,-2.9533e-03,-1.9456e-03,-7.3950e-04,7.3779e-04,2.5020e-03,4.5156e-03,6.7003e-03,8.9496e-03,1.1144e-02,1.3160e-02,1.4882e-02,1.6214e-02,1.7082e-02,1.7442e-02,1.7280e-02,1.6612e-02,1.5481e-02,1.3948e-02,1.2089e-02,9.9834e-03,7.7086e-03,5.3305e-03,2.9008e-03,4.5642e-04,-1.9809e-03,-4.3975e-03,-6.7812e-03,-9.1144e-03,-1.1367e-02,-1.3492e-02,-1.5428e-02,-1.7106e-02,-1.8452e-02,-1.9400e-02,-1.9890e-02,-1.9878e-02,-1.9333e-02,-1.8235e-02,-1.6584e-02,-1.4400e-02,-1.1735e-02,-8.6773e-03,-5.3522e-03,-1.9159e-03,1.4606e-03,4.6101e-03,7.3906e-03,9.7003e-03,1.1484e-02,1.2733e-02,1.3480e-02,1.3787e-02,1.3736e-02,1.3417e-02,1.2919e-02,1.2324e-02,1.1697e-02,1.1075e-02,1.0469e-02,9.8529e-03,9.1656e-03,8.3150e-03,7.1953e-03,5.7028e-03,3.7634e-03,1.3564e-03,-1.4683e-03,-4.5883e-03,-7.8194e-03,-1.0940e-02,-1.3728e-02,-1.5999e-02,-1.7627e-02,-1.8569e-02,-1.8860e-02,-1.8601e-02,-1.7930e-02,-1.6989e-02,-1.5887e-02,-1.4682e-02,-1.3358e-02,-1.1837e-02,-1.0001e-02,-7.7212e-03,-4.8953e-03,-1.4802e-03,2.4891e-03
-3.0486e-03,-1.2329e-02,-2.0139e-02,-2.6070e-02,-2.9872e-02,-3.1541e-02,-3.1330e-02,-2.9681e-02,-2.7103e-02,-2.4042e-02,-2.0810e-02,-1.7556e-02,-1.4310e-02,-1.1022e-02,-7.6212e-03,-4.0442e-03,-2.6793e-04,3.6904e-03,7.7700e-03,1.1875e-02,1.5885e-02,1.9662e-02,2.3069e-02,2.5974e-02,2.8261e-02,2.9840e-02,3.0650e-02,3.0663e-02,2.9884e-02,2.8349e-02,2.6122e-02,2.3285e-02,1.9933e-02,1.6166e-02,1.2083e-02,7.7746e-03,3.3249e-03,-1.1898e-03,-5.6971e-03,-1.0124e-02,-1.4394e-02,-1.8420e-02,-2.2110e-02,-2.5364e-02,-2.8088e-02,-3.0196e-02,-3.1614e-02,-3.2289e-02,-3.2184e-02,-3.1280e-02,-2.9569e-02,-2.7065e-02,-2.3800e-02,-1.9842e-02,-1.5296e-02,-1.0310e-02,-5.0657e-03,2.3265e-04,5.3823e-03,1.0202e-02,1.4548e-02,1.8326e-02,2.1488e-02,2.4027e-02,2.5967e-02,2.7354e-02,2.8238e-02,2.8675e-02,2.8705e-02,2.8357e-02,2.7638e-02,2.6531e-02,2.4996e-02,2.2970e-02,2.0382e-02,1.7165e-02,1.3281e-02,8.7394e-03,3.6143e-03,-1.9448e-03,-7.7226e-03,-1.3456e-02,-1.8867e-02,-2.3693e-02,-2.7726e-02,-3.0830e-02,-3.2953e-02,-3.4123e-02,-3.4431e-02,-3.4000e-02,-3.2956e-02,-3.1396e-02,-2.9363e-02,-2.6850e-02,-2.3796e-02,-2.0125e-02,-1.5765e-02,-1.0693e-02,-4.9462e-03,1.3571e-03
-4.9497e-03,-1.5771e-02,-2.5533e-02,-3.3734e-02,-3.9924e-02,-4.3827e-02,-4.5402e-02,-4.4860e-02,-4.2585e-02,-3.9032e-02,-3.4615e-02,-2.9645e-02,-2.4323e-02,-1.8753e-02,-1.2983e-02,-7.0444e-03,-9.7381e-04,5.1700e-03,1.1298e-02,1.7298e-02,2.3034e-02,2.8357e-02,3.3117e-02,3.7167e-02,4.0380e-02,4.2645e-02,4.3887e-02,4.4061e-02,4.3161e-02,4.1214e-02,3.8280e-02,3.4448e-02,2.9827e-02,2.4539e-02,1.8718e-02,1.2497e-02,6.0116e-03,-6.0337e-04,-7.2134e-03,-1.3682e-02,-1.9870e-02,-2.5637e-02,-3.0846e-02,-3.5365e-02,-3.9079e-02,-4.1891e-02,-4.3729e-02,-4.4547e-02,-4.4320e-02,-4.3039e-02,-4.0715e-02,-3.7373e-02,-3.3061e-02,-2.7858e-02,-2.1886e-02,-1.5307e-02,-8.3281e-03,-1.1790e-03,5.9052e-03,1.2706e-02,1.9041e-02,2.4772e-02,2.9808e-02,3.4101e-02,3.7632e-02,4.0404e-02,4.2430e-02,4.3721e-02,4.4283e-02,4.4109e-02,4.3179e-02,4.1458e-02,3.8899e-02,3.5457e-02,3.1093e-02,2.5797e-02,1.9606e-02,1.2618e-02,4.9978e-03,-3.0164e-03,-1.1137e-02,-1.9048e-02,-2.6432e-02,-3.3011e-02,-3.8564e-02,-4.2951e-02,-4.6113e-02,-4.8066e-02,-4.8883e-02,-4.8664e-02,-4.7511e-02,-4.5499e-02,-4.2664e-02,-3.8997e-02,-3.4469e-02,-2.9043e-02,-2.2714e-02,-1.5532e-02,-7.6201e-03,8.2693e-04
-6.0461e-03,-1.8022e-02,-2.9315e-02,-3.9382e-02,-4.7655e-02,-5.3648e-02,-5.7062e-02,-5.7851e-02,-5.6220e-02,-5.2551e-02,-4.7301e-02,-4.0905e-02,-3.3721e-02,-2.6015e-02,-1.7976e-02,-9.7436e-03,-1.4322e-03,6.8461e-03,1.4969e-02,2.2801e-02,3.0193e-02,3.6989e-02,4.3028e-02,4.8154e-02,5.2225e-02,5.5123e-02,5.6752e-02,5.7056e-02,5.6012e-02,5.3640e-02,4.9995e-02,4.5169e-02,3.9283e-02,3.2484e-02,2.4939e-02,1.6826e-02,8.3341e-03,-3.4100e-04,-9.0004e-03,-1.7444e-02,-2.5473e-02,-3.2898e-02,-3.9539e-02,-4.5237e-02,-4.9861e-02,-5.3308e-02,-5.5510e-02,-5.6429e-02,-5.6053e-02,-5.4390e-02,-5.1464e-02,-4.7316e-02,-4.2006e-02,-3.5626e-02,-2.8309e-02,-2.0234e-02,-1.1622e-02,-2.7263e-03,6.1891e-03,1.4871e-02,2.3097e-02,3.0688e-02,3.7507e-02,4.3459e-02,4.8484e-02,5.2540e-02,5.5597e-02,5.7628e-02,5.8604e-02,5.8487e-02,5.7238e-02,5.4811e-02,5.1170e-02,4.6295e-02,4.0195e-02,3.2926e-02,2.4605e-02,1.5414e-02,5.6019e-03,-4.5266e-03,-1.4632e-02,-2.4363e-02,-3.3392e-02,-4.1434e-02,-4.8267e-02,-5.3752e-02,-5.7819e-02,-6.0467e-02,-6.1743e-02,-6.1717e-02,-6.0460e-02,-5.8022e-02,-5.4428e-02,-4.9678e-02,-4.3766e-02,-3.6708e-02,-2.8561e-02,-1.9451e-02,-9.5784e-03,7.8581e-04
-6.4402e-03,-1.9189e-02,-3.1571e-02,-4.3048e-02,-5.2998e-02,-6.0805e-02,-6.5968e-02,-6.8203e-02,-6.7501e-02,-6.4103e-02,-5.8435e-02,-5.0993e-02,-4.2266e-02,-3.2672e-02,-2.2549e-02,-1.2162e-02,-1.7206e-03,8.5939e-03,1.8616e-02,2.8182e-02,3.7129e-02,4.5290e-02,5.2499e-02,5.8595e-02,6.3429e-02,6.6872e-02,6.8820e-02,6.9202e-02,6.7984e-02,6.5174e-02,6.0825e-02,5.5029e-02,4.7920e-02,3.9667e-02,3.0470e-02,2.0554e-02,1.0159e-02,-4.5893e-04,-1.1039e-02,-2.1321e-02,-3.1053e-02,-3.9998e-02,-4.7942e-02,-5.4704e-02,-6.0139e-02,-6.4142e-02,-6.6649e-02,-6.7632e-02,-6.7092e-02,-6.5053e-02,-6.1553e-02,-5.6647e-02,-5.0409e-02,-4.2941e-02,-3.4386e-02,-2.4933e-02,-1.4820e-02,-4.3166e-03,6.2862e-03,1.6704e-02,2.6675e-02,3.5978e-02,4.4432e-02,5.1897e-02,5.8267e-02,6.3457e-02,6.7399e-02,7.0028e-02,7.1286e-02,7.1113e-02,6.9456e-02,6.6272e-02,6.1545e-02,5.5289e-02,4.7571e-02,3.8517e-02,2.8319e-02,1.7237e-02,5.5850e-03,-6.2826e-03,-1.7994e-02,-2.9190e-02,-3.9539e-02,-4.8765e-02,-5.6653e-02,-6.3060e-02,-6.7905e-02,-7.1166e-02,-7.2855e-02,-7.3009e-02,-7.1661e-02,-6.8838e-02,-6.4552e-02,-5.8812e-02,-5.1643e-02,-4.3108e-02,-3.3332e-02,-2.2512e-02,-1.0920e-02,1.1070e-03
-6.2476e-03,-1.9390e-02,-3.2418e-02,-4.4822e-02,-5.5978e-02,-6.5213e-02,-7.1898e-02,-7.5561e-02,-7.5975e-02,-7.3201e-02,-6.7557e-02,-5.9531e-02,-4.9681e-02,-3.8556e-02,-2.6635e-02,-1.4319e-02,-1.9305e-03,1.0266e-02,2.2046e-02,3.3211e-02,4.3576e-02,5.2964e-02,6.1204e-02,6.8135e-02,7.3606e-02,7.7484e-02,7.9658e-02,8.0051e-02,7.8619e-02,7.5365e-02,7.0334e-02,6.3624e-02,5.5379e-02,4.5787e-02,3.5082e-02,2.3528e-02,1.1417e-02,-9.4338e-04,-1.3236e-02,-2.5147e-02,-3.6380e-02,-4.6657e-02,-5.5739e-02,-6.3422e-02,-6.9555e-02,-7.4030e-02,-7.6787e-02,-7.7806e-02,-7.7101e-02,-7.4708e-02,-7.0680e-02,-6.5086e-02,-5.8010e-02,-4.9565e-02,-3.9901e-02,-2.9218e-02,-1.7764e-02,-5.8280e-03,6.2782e-03,1.8240e-02,2.9760e-02,4.0577e-02,5.0465e-02,5.9243e-02,6.6763e-02,7.2900e-02,7.7552e-02,8.0624e-02,8.2033e-02,8.1706e-02,7.9586e-02,7.5641e-02,6.9882e-02,6.2368e-02,5.3222e-02,4.2636e-02,3.0873e-02,1.8251e-02,5.1367e-03,-8.0866e-03,-2.1036e-02,-3.3352e-02,-4.4717e-02,-5.4867e-02,-6.3598e-02,-7.0762e-02,-7.6265e-02,-8.0057e-02,-8.2116e-02,-8.2437e-02,-8.1018e-02,-7.7860e-02,-7.2965e-02,-6.6353e-02,-5.8080e-02,-4.8259e-02,-3.7076e-02,-2.4795e-02,-1.1752e-02,1.6582e-03
-5.5966e-03,-1.8763e-02,-3.2002e-02,-4.4843e-02,-5.6699e-02,-6.6900e-02,-7.4763e-02,-7.9694e-02,-8.1287e-02,-7.9408e-02,-7.4213e-02,-6.6104e-02,-5.5643e-02,-4.3452e-02,-3.0132e-02,-1.6215e-02,-2.1465e-03,1.1708e-02,2.5053e-02,3.7638e-02,4.9250e-02,5.9697e-02,6.8804e-02,7.6410e-02,8.2369e-02,8.6549e-02,8.8843e-02,8.9171e-02,8.7488e-02,8.3792e-02,7.8130e-02,7.0599e-02,6.1356e-02,5.0607e-02,3.8611e-02,2.5667e-02,1.2109e-02,-1.7102e-03,-1.5430e-02,-2.8695e-02,-4.1169e-02,-5.2549e-02,-6.2569e-02,-7.1014e-02,-7.7721e-02,-8.2583e-02,-8.5539e-02,-8.6577e-02,-8.5720e-02,-8.3014e-02,-7.8527e-02,-7.2335e-02,-6.4534e-02,-5.5247e-02,-4.4630e-02,-3.2892e-02,-2.0291e-02,-7.1305e-03,6.2560e-03,1.9527e-02,3.2353e-02,4.4435e-02,5.5510e-02,6.5360e-02,7.3797e-02,8.0668e-02,8.5839e-02,8.9195e-02,9.0636e-02,9.0083e-02,8.7484e-02,8.2825e-02,7.6148e-02,6.7557e-02,5.7228e-02,4.5413e-02,3.2427e-02,1.8638e-02,4.4395e-03,-9.7680e-03,-2.3604e-02,-3.6721e-02,-4.8822e-02,-5.9659e-02,-6.9034e-02,-7.6799e-02,-8.2842e-02,-8.7083e-02,-8.9463e-02,-8.9937e-02,-8.8468e-02,-8.5032e-02,-7.9625e-02,-7.2278e-02,-6.3081e-02,-5.2191e-02,-3.9851e-02,-2.6385e-02,-1.2185e-02,2.3078e-03
-4.6287e-03,-1.7458e-02,-3.0488e-02,-4.3291e-02,-5.5337e-02,-6.6001e-02,-7.4613e-02,-8.0528e-02,-8.3223e-02,-8.2387e-02,-7.7995e-02,-7.0299e-02,-5.9789e-02,-4.7091e-02,-3.2881e-02,-1.7802e-02,-2.4218e-03,1.2786e-02,2.7436e-02,4.1213e-02,5.3863e-02,6.5172e-02,7.4960e-02,8.3064e-02,8.9347e-02,9.3689e-02,9.5991e-02,9.6179e-02,9.4216e-02,9.0103e-02,8.3888e-02,7.5676e-02,6.5629e-02,5.3969e-02,4.0972e-02,2.6964e-02,1.2307e-02,-2.6168e-03,-1.7413e-02,-3.1700e-02,-4.5115e-02,-5.7332e-02,-6.8070e-02,-7.7102e-02,-8.4256e-02,-8.9420e-02,-9.2533e-02,-9.3585e-02,-9.2605e-02,-8.9647e-02,-8.4786e-02,-7.8111e-02,-6.9723e-02,-5.9753e-02,-4.8364e-02,-3.5774e-02,-2.2250e-02,-8.1092e-03,6.2960e-03,2.0600e-02,3.4447e-02,4.7506e-02,5.9484e-02,7.0130e-02,7.9231e-02,8.6606e-02,9.2103e-02,9.5592e-02,9.6966e-02,9.6147e-02,9.3093e-02,8.7814e-02,8.0382e-02,7.0942e-02,5.9716e-02,4.7000e-02,3.3151e-02,1.8563e-02,3.6490e-03,-1.1193e-02,-2.5592e-02,-3.9221e-02,-5.1802e-02,-6.3106e-02,-7.2941e-02,-8.1154e-02,-8.7617e-02,-9.2220e-02,-9.4867e-02,-9.5475e-02,-9.3976e-02,-9.0323e-02,-8.4511e-02,-7.6584e-02,-6.6659e-02,-5.4940e-02,-4.1718e-02,-2.7365e-02,-1.2321e-02,2.9385e-03
-3.4879e-03,-1.5635e-02,-2.8058e-02,-4.0375e-02,-5.2119e-02,-6.2740e-02,-7.1627e-02,-7.8150e-02,-8.1734e-02,-8.1948e-02,-7.8592e-02,-7.1739e-02,-6.1738e-02,-4.9149e-02,-3.4653e-02,-1.8962e-02,-2.7443e-03,1.3415e-02,2.9031e-02,4.3713e-02,5.7149e-02,6.9097e-02,7.9358e-02,8.7774e-02,9.4216e-02,9.8580e-02,1.0078e-01,1.0077e-01,9.8520e-02,9.4041e-02,8.7391e-02,7.8682e-02,6.8080e-02,5.5815e-02,4.2172e-02,2.7487e-02,1.2136e-02,-3.4834e-03,-1.8963e-02,-3.3903e-02,-4.7928e-02,-6.0699e-02,-7.1922e-02,-8.1359e-02,-8.8829e-02,-9.4212e-02,-9.7446e-02,-9.8517e-02,-9.7457e-02,-9.4324e-02,-8.9198e-02,-8.2172e-02,-7.3357e-02,-6.2888e-02,-5.0937e-02,-3.7725e-02,-2.3533e-02,-8.6880e-03,6.4408e-03,2.1469e-02,3.6019e-02,4.9737e-02,6.2307e-02,7.3456e-02,8.2952e-02,9.0601e-02,9.6238e-02,9.9726e-02,1.0096e-01,9.9868e-02,9.6423e-02,9.0657e-02,8.2670e-02,7.2639e-02,6.0823e-02,4.7546e-02,3.3190e-02,1.8164e-02,2.8792e-03,-1.2273e-02,-2.6940e-02,-4.0816e-02,-5.3644e-02,-6.5208e-02,-7.5327e-02,-8.3839e-02,-9.0598e-02,-9.5467e-02,-9.8318e-02,-9.9035e-02,-9.7522e-02,-9.3718e-02,-8.7615e-02,-7.9273e-02,-6.8837e-02,-5.6546e-02,-4.2733e-02,-2.7810e-02,-1.2248e-02,3.4483e-03
-2.3114e-03,-1.3451e-02,-2.4901e-02,-3.6321e-02,-4.7311e-02,-5.7408e-02,-6.6090e-02,-7.2792e-02,-7.6953e-02,-7.8082e-02,-7.5847e-02,-7.0148e-02,-6.1152e-02,-4.9284e-02,-3.5159e-02,-1.9494e-02,-3.0182e-03,1.3591e-02,2.9749e-02,4.4978e-02,5.8901e-02,7.1228e-02,8.1742e-02,9.0278e-02,9.6719e-02,1.0098e-01,1.0300e-01,1.0275e-01,1.0024e-01,9.5478e-02,8.8550e-02,7.9569e-02,6.8707e-02,5.6187e-02,4.2294e-02,2.7358e-02,1.1752e-02,-4.1281e-03,-1.9875e-02,-3.5087e-02,-4.9384e-02,-6.2418e-02,-7.3888e-02,-8.3545e-02,-9.1199e-02,-9.6721e-02,-1.0004e-01,-1.0114e-01,-1.0005e-01,-9.6834e-02,-9.1564e-02,-8.4342e-02,-7.5281e-02,-6.4521e-02,-5.2239e-02,-3.8666e-02,-2.4087e-02,-8.8427e-03,6.6868e-03,2.2104e-02,3.7016e-02,5.1056e-02,6.3895e-02,7.5248e-02,8.4876e-02,9.2575e-02,9.8181e-02,1.0156e-01,1.0261e-01,1.0127e-01,9.7523e-02,9.1430e-02,8.3111e-02,7.2766e-02,6.0674e-02,4.7175e-02,3.2659e-02,1.7533e-02,2.2018e-03,-1.2961e-02,-2.7623e-02,-4.1501e-02,-5.4357e-02,-6.5989e-02,-7.6218e-02,-8.4876e-02,-9.1802e-02,-9.6835e-02,-9.9820e-02,-1.0061e-01,-9.9101e-02,-9.5211e-02,-8.8937e-02,-8.0355e-02,-6.9634e-02,-5.7043e-02,-4.2944e-02,-2.7777e-02,-1.2035e-02,3.7630e-03
-1.2170e-03,-1.1055e-02,-2.1203e-02,-3.1363e-02,-4.1200e-02,-5.0341e-02,-5.8366e-02,-6.4808e-02,-6.9171e-02,-7.0968e-02,-6.9795e-02,-6.5406e-02,-5.7789e-02,-4.7189e-02,-3.4086e-02,-1.9130e-02,-3.0556e-03,1.3409e-02,2.9597e-02,4.4944e-02,5.8998e-02,7.1414e-02,8.1942e-02,9.0409e-02,9.6702e-02,1.0076e-01,1.0254e-01,1.0206e-01,9.9336e-02,9.4424e-02,8.7411e-02,7.8418e-02,6.7613e-02,5.5211e-02,4.1479e-02,2.6726e-02,1.1305e-02,-4.4048e-03,-2.0011e-02,-3.5120e-02,-4.9354e-02,-6.2366e-02,-7.3847e-02,-8.3539e-02,-9.1242e-02,-9.6818e-02,-1.0019e-01,-1.0133e-01,-1.0027e-01,-9.7056e-02,-9.1776e-02,-8.4524e-02,-7.5414e-02,-6.4590e-02,-5.2233e-02,-3.8579e-02,-2.3920e-02,-8.6037e-03,6.9837e-03,2.2438e-02,3.7360e-02,5.1379e-02,6.4163e-02,7.5428e-02,8.4933e-02,9.2480e-02,9.7907e-02,1.0109e-01,1.0193e-01,1.0039e-01,9.6464e-02,9.0225e-02,8.1809e-02,7.1430e-02,5.9370e-02,4.5977e-02,3.1631e-02,1.6728e-02,1.6535e-03,-1.3239e-02,-2.7642e-02,-4.1292e-02,-5.3968e-02,-6.5477e-02,-7.5643e-02,-8.4294e-02,-9.1253e-02,-9.6341e-02,-9.9382e-02,-1.0022e-01,-9.8715e-02,-9.4804e-02,-8.8484e-02,-7.9843e-02,-6.9071e-02,-5.6457e-02,-4.2383e-02,-2.7305e-02,-1.1725e-02,3.8342e-03
-2.9568e-04,-8.5739e-03,-1.7139e-02,-2.5733e-02,-3.4082e-02,-4.1898e-02,-4.8870e-02,-5.4643e-02,-5.8818e-02,-6.0964e-02,-6.0664e-02,-5.7587e-02,-5.1565e-02,-4.2653e-02,-3.1151e-02,-1.7578e-02,-2.5966e-03,1.3064e-02,2.8694e-02,4.3659e-02,5.7433e-02,6.9612e-02,7.9903e-02,8.8113e-02,9.4132e-02,9.7910e-02,9.9445e-02,9.8769e-02,9.5937e-02,9.1031e-02,8.4147e-02,7.5415e-02,6.4990e-02,5.3070e-02,3.9889e-02,2.5728e-02,1.0904e-02,-4.2348e-03,-1.9320e-02,-3.3974e-02,-4.7831e-02,-6.0545e-02,-7.1804e-02,-8.1343e-02,-8.8956e-02,-9.4494e-02,-9.7872e-02,-9.9059e-02,-9.8073e-02,-9.4965e-02,-8.9809e-02,-8.2701e-02,-7.3752e-02,-6.3105e-02,-5.0946e-02,-3.7510e-02,-2.3094e-02,-8.0474e-03,7.2433e-03,2.2375e-02,3.6954e-02,5.0615e-02,6.3034e-02,7.3934e-02,8.3084e-02,9.0297e-02,9.5422e-02,9.8343e-02,9.8984e-02,9.7309e-02,9.3333e-02,8.7134e-02,7.8856e-02,6.8715e-02,5.6990e-02,4.4013e-02,3.0149e-02,1.5772e-02,1.2408e-03,-1.3117e-02,-2.7016e-02,-4.0215e-02,-5.2505e-02,-6.3702e-02,-7.3632e-02,-8.2117e-02,-8.8970e-02,-9.4000e-02,-9.7017e-02,-9.7853e-02,-9.6373e-02,-9.2509e-02,-8.6267e-02,-7.7751e-02,-6.7164e-02,-5.4809e-02,-4.1073e-02,-2.6417e-02,-1.1339e-02,3.6477e-03
3.9805e-04,-6.1073e-03,-1.2862e-02,-1.9645e-02,-2.6243e-02,-3.2447e-02,-3.8043e-02,-4.2795e-02,-4.6416e-02,-4.8567e-02,-4.8873e-02,-4.6974e-02,-4.2596e-02,-3.5628e-02,-2.6175e-02,-1.4574e-02,-1.3555e-03,1.2823e-02,2.7261e-02,4.1288e-02,5.4324e-02,6.5905e-02,7.5693e-02,8.3466e-02,8.9105e-02,9.2569e-02,9.3876e-02,9.3085e-02,9.0278e-02,8.5555e-02,7.9027e-02,7.0820e-02,6.1073e-02,4.9958e-02,3.7674e-02,2.4458e-02,1.0586e-02,-3.6317e-03,-1.7858e-02,-3.1742e-02,-4.4929e-02,-5.7080e-02,-6.7887e-02,-7.7082e-02,-8.4454e-02,-8.9849e-02,-9.3177e-02,-9.4402e-02,-9.3533e-02,-9.0616e-02,-8.5718e-02,-7.8928e-02,-7.0355e-02,-6.0136e-02,-4.8456e-02,-3.5548e-02,-2.1707e-02,-7.2774e-03,7.3612e-03,2.1817e-02,3.5711e-02,4.8692e-02,6.0453e-02,7.0735e-02,7.9324e-02,8.6047e-02,9.0771e-02,9.3393e-02,9.3851e-02,9.2121e-02,8.8228e-02,8.2254e-02,7.4342e-02,6.4699e-02,5.3589e-02,4.1321e-02,2.8234e-02,1.4668e-02,9.5294e-04,-1.2614e-02,-2.5772e-02,-3.8297e-02,-4.9996e-02,-6.0691e-02,-7.0208e-02,-7.8366e-02,-8.4972e-02,-8.9828e-02,-9.2741e-02,-9.3539e-02,-9.2095e-02,-8.8345e-02,-8.2309e-02,-7.4102e-02,-6.3934e-02,-5.2114e-02,-3.9026e-02,-2.5117e-02,-1.0872e-02,3.2167e-03
8.4299e-04,-3.7252e-03,-8.4965e-03,-1.3294e-02,-1.7955e-02,-2.2341e-02,-2.6327e-02,-2.9784e-02,-3.2542e-02,-3.4373e-02,-3.4982e-02,-3.4032e-02,-3.1203e-02,-2.6261e-02,-1.9134e-02,-9.9584e-03,9.1885e-04,1.2975e-02,2.5582e-02,3.8090e-02,4.9895e-02,6.0492e-02,6.9497e-02,7.6655e-02,8.1826e-02,8.4966e-02,8.6102e-02,8.5305e-02,8.2676e-02,7.8323e-02,7.2364e-02,6.4913e-02,5.6095e-02,4.6047e-02,3.4931e-02,2.2941e-02,1.0307e-02,-2.7014e-03,-1.5783e-02,-2.8613e-02,-4.0859e-02,-5.2194e-02,-6.2317e-02,-7.0967e-02,-7.7934e-02,-8.3066e-02,-8.6270e-02,-8.7507e-02,-8.6783e-02,-8.4134e-02,-7.9621e-02,-7.3321e-02,-6.5335e-02,-5.5795e-02,-4.4876e-02,-3.2806e-02,-1.9871e-02,-6.4013e-03,7.2394e-03,2.0681e-02,3.3565e-02,4.5568e-02,5.6406e-02,6.5844e-02,7.3692e-02,7.9796e-02,8.4040e-02,8.6341e-02,8.6647e-02,8.4945e-02,8.1266e-02,7.5692e-02,6.8357e-02,5.9452e-02,4.9216e-02,3.7929e-02,2.5891e-02,1.3407e-02,7.6834e-04,-1.1758e-02,-2.3940e-02,-3.5571e-02,-4.6471e-02,-5.6469e-02,-6.5393e-02,-7.3061e-02,-7.9280e-02,-8.3850e-02,-8.6581e-02,-8.7308e-02,-8.5915e-02,-8.2350e-02,-7.6647e-02,-6.8928e-02,-5.9410e-02,-4.8391e-02,-3.6245e-02,-2.3396e-02,-1.0297e-02,2.5871e-03
1.0512e-03,-1.4683e-03,-4.1420e-03,-6.8407e-03,-9.4537e-03,-1.1902e-02,-1.4136e-02,-1.6118e-02,-1.7786e-02,-1.9026e-02,-1.9644e-02,-1.9370e-02,-1.7888e-02,-1.4900e-02,-1.0194e-02,-3.7189e-03,4.3828e-03,1.3773e-02,2.3963e-02,3.4381e-02,4.4452e-02,5.3659e-02,6.1588e-02,6.7950e-02,7.2576e-02,7.5400e-02,7.6440e-02,7.5763e-02,7.3468e-02,6.9662e-02,6.4455e-02,5.7948e-02,5.0244e-02,4.1451e-02,3.1696e-02,2.1132e-02,9.9489e-03,-1.6235e-03,-1.3320e-02,-2.4846e-02,-3.5897e-02,-4.6166e-02,-5.5371e-02,-6.3265e-02,-6.9648e-02,-7.4378e-02,-7.7367e-02,-7.8577e-02,-7.8009e-02,-7.5693e-02,-7.1677e-02,-6.6028e-02,-5.8835e-02,-5.0216e-02,-4.0334e-02,-2.9404e-02,-1.7692e-02,-5.5101e-03,6.8069e-03,1.8917e-02,3.0496e-02,4.1251e-02,5.0932e-02,5.9331e-02,6.6285e-02,7.1664e-02,7.5371e-02,7.7337e-02,7.7527e-02,7.5933e-02,7.2590e-02,6.7573e-02,6.1004e-02,5.3052e-02,4.3925e-02,3.3863e-02,2.3125e-02,1.1974e-02,6.6036e-04,-1.0585e-02,-2.1557e-02,-3.2073e-02,-4.1965e-02,-5.1070e-02,-5.9220e-02,-6.6236e-02,-7.1929e-02,-7.6105e-02,-7.8583e-02,-7.9212e-02,-7.7890e-02,-7.4584e-02,-6.9338e-02,-6.2284e-02,-5.3631e-02,-4.3666e-02,-3.2738e-02,-2.1235e-02,-9.5738e-03,1.8255e-03
1.0600e-03,6.4830e-04,1.3151e-04,-4.1607e-04,-9.3728e-04,-1.4075e-03,-1.8372e-03,-2.2600e-03,-2.7056e-03,-3.1632e-03,-3.5459e-03,-3.6740e-03,-3.2820e-03,-2.0571e-03,2.9563e-04,3.9816e-03,9.0541e-03,1.5385e-02,2.2674e-02,3.0489e-02,3.8342e-02,4.5752e-02,5.2300e-02,5.7674e-02,6.1667e-02,6.4182e-02,6.5200e-02,6.4766e-02,6.2951e-02,5.9846e-02,5.5538e-02,5.0109e-02,4.3641e-02,3.6218e-02,2.7940e-02,1.8930e-02,9.3485e-03,-6.1174e-04,-1.0720e-02,-2.0717e-02,-3.0331e-02,-3.9287e-02,-4.7334e-02,-5.4250e-02,-5.9859e-02,-6.4037e-02,-6.6708e-02,-6.7838e-02,-6.7427e-02,-6.5494e-02,-6.2078e-02,-5.7229e-02,-5.1018e-02,-4.3547e-02,-3.4960e-02,-2.5450e-02,-1.5258e-02,-4.6624e-03,6.0344e-03,1.6530e-02,2.6541e-02,3.5813e-02,4.4133e-02,5.1328e-02,5.7261e-02,6.1828e-02,6.4952e-02,6.6581e-02,6.6688e-02,6.5275e-02,6.2372e-02,5.8049e-02,5.2409e-02,4.5594e-02,3.7777e-02,2.9156e-02,1.9944e-02,1.0357e-02,6.0003e-04,-9.1344e-03,-1.8672e-02,-2.7854e-02,-3.6529e-02,-4.4544e-02,-5.1740e-02,-5.7946e-02,-6.2980e-02,-6.6662e-02,-6.8824e-02,-6.9336e-02,-6.8114e-02,-6.5142e-02,-6.0476e-02,-5.4248e-02,-4.6662e-02,-3.7980e-02,-2.8518e-02,-1.8621e-02,-8.6530e-03,1.0161e-03
9.2423e-04,2.6270e-03,4.2746e-03,5.8784e-03,7.4358e-03,8.9192e-03,1.0269e-02,1.1399e-02,1.2211e-02,1.2633e-02,1.2655e-02,1.2358e-02,1.1930e-02,1.1651e-02,1.1847e-02,1.2826e-02,1.4807e-02,1.7867e-02,2.1918e-02,2.6721e-02,3.1928e-02,3.7148e-02,4.2001e-02,4.6169e-02,4.9417e-02,5.1600e-02,5.2648e-02,5.2554e-02,5.1341e-02,4.9058e-02,4.5756e-02,4.1494e-02,3.6331e-02,3.0338e-02,2.3598e-02,1.6222e-02,8.3454e-03,1.3630e-04,-8.2079e-03,-1.6468e-02,-2.4412e-02,-3.1814e-02,-3.8462e-02,-4.4178e-02,-4.8820e-02,-5.2292e-02,-5.4537e-02,-5.5530e-02,-5.5267e-02,-5.3760e-02,-5.1032e-02,-4.7114e-02,-4.2056e-02,-3.5938e-02,-2.8877e-02,-2.1037e-02,-1.2625e-02,-3.8812e-03,4.9371e-03,1.3574e-02,2.1793e-02,2.9384e-02,3.6175e-02,4.2029e-02,4.6838e-02,5.0524e-02,5.3029e-02,5.4317e-02,5.4372e-02,5.3197e-02,5.0821e-02,4.7302e-02,4.2722e-02,3.7195e-02,3.0856e-02,2.3858e-02,1.6366e-02,8.5454e-03,5.5498e-04,-7.4541e-03,-1.5344e-02,-2.2981e-02,-3.0235e-02,-3.6971e-02,-4.3040e-02,-4.8284e-02,-5.2536e-02,-5.5633e-02,-5.7429e-02,-5.7813e-02,-5.6723e-02,-5.4160e-02,-5.0188e-02,-4.4937e-02,-3.8596e-02,-3.1398e-02,-2.3616e-02,-1.5543e-02,-7.4845e-03,2.5035e-04
7.1134e-04,4.4828e-03,8.2524e-03,1.1961e-02,1.5540e-02,1.8905e-02,2.1952e-02,2.4554e-02,2.6572e-02,2.7878e-02,2.8385e-02,2.8085e-02,2.7077e-02,2.5579e-02,2.3898e-02,2.2390e-02,2.1394e-02,2.1163e-02,2.1820e-02,2.3341e-02,2.5568e-02,2.8249e-02,3.1091e-02,3.3806e-02,3.6146e-02,3.7920e-02,3.8996e-02,3.9291e-02,3.8759e-02,3.7383e-02,3.5165e-02,3.2127e-02,2.8312e-02,2.3779e-02,1.8614e-02,1.2921e-02,6.8303e-03,4.9042e-04,-5.9329e-03,-1.2263e-02,-1.8321e-02,-2.3937e-02,-2.8959e-02,-3.3264e-02,-3.6758e-02,-3.9382e-02,-4.1101e-02,-4.1900e-02,-4.1777e-02,-4.0731e-02,-3.8767e-02,-3.5892e-02,-3.2133e-02,-2.7540e-02,-2.2201e-02,-1.6243e-02,-9.8306e-03,-3.1573e-03,3.5706e-03,1.0150e-02,1.6396e-02,2.2147e-02,2.7275e-02,3.1678e-02,3.5282e-02,3.8033e-02,3.9892e-02,4.0837e-02,4.0860e-02,3.9966e-02,3.8180e-02,3.5545e-02,3.2125e-02,2.7999e-02,2.3267e-02,1.8037e-02,1.2422e-02,6.5385e-03,4.9642e-04,-5.5989e-03,-1.1646e-02,-1.7545e-02,-2.3191e-02,-2.8468e-02,-3.3248e-02,-3.7391e-02,-4.0750e-02,-4.3185e-02,-4.4574e-02,-4.4828e-02,-4.3907e-02,-4.1825e-02,-3.8651e-02,-3.4508e-02,-2.9563e-02,-2.4016e-02,-1.8086e-02,-1.2011e-02,-6.0294e-03,-3.8463e-04
4.9081e-04,6.2361e-03,1.2037e-02,1.7762e-02,2.3268e-02,2.8410e-02,3.3035e-02,3.6985e-02,4.0095e-02,4.2209e-02,4.3194e-02,4.2977e-02,4.1576e-02,3.9128e-02,3.5890e-02,3.2216e-02,2.8505e-02,2.5142e-02,2.2436e-02,2.0575e-02,1.9612e-02,1.9478e-02,2.0011e-02,2.0997e-02,2.2207e-02,2.3421e-02,2.4441e-02,2.5103e-02,2.5273e-02,2.4848e-02,2.3765e-02,2.2000e-02,1.9570e-02,1.6531e-02,1.2974e-02,9.0155e-03,4.7858e-03,4.2240e-04,-3.9380e-03,-8.1660e-03,-1.2144e-02,-1.5773e-02,-1.8973e-02,-2.1688e-02,-2.3883e-02,-2.5539e-02,-2.6652e-02,-2.7216e-02,-2.7227e-02,-2.6671e-02,-2.5530e-02,-2.3789e-02,-2.1444e-02,-1.8514e-02,-1.5050e-02,-1.1137e-02,-6.8929e-03,-2.4574e-03,2.0193e-03,6.3917e-03,1.0529e-02,1.4322e-02,1.7687e-02,2.0561e-02,2.2899e-02,2.4674e-02,2.5864e-02,2.6461e-02,2.6463e-02,2.5876e-02,2.4720e-02,2.3022e-02,2.0824e-02,1.8177e-02,1.5141e-02,1.1780e-02,8.1598e-03,4.3440e-03,3.9409e-04,-3.6308e-03,-7.6719e-03,-1.1665e-02,-1.5536e-02,-1.9196e-02,-2.2545e-02,-2.5465e-02,-2.7837e-02,-2.9546e-02,-3.0499e-02,-3.0628e-02,-2.9914e-02,-2.8378e-02,-2.6092e-02,-2.3165e-02,-1.9736e-02,-1.5962e-02,-1.2012e-02,-8.0569e-03,-4.2671e-03,-8.1534e-04
3.2700e-04,7.9057e-03,1.5602e-02,2.3213e-02,3.0521e-02,3.7310e-02,4.3377e-02,4.8528e-02,5.2584e-02,5.5380e-02,5.6769e-02,5.6644e-02,5.4968e-02,5.1802e-02,4.7332e-02,4.1868e-02,3.5817e-02,2.9640e-02,2.3780e-02,1.8613e-02,1.4403e-02,1.1281e-02,9.2548e-03,8.2286e-03,8.0318e-03,8.4467e-03,9.2342e-03,1.0151e-02,1.0969e-02,1.1491e-02,1.1570e-02,1.1122e-02,1.0129e-02,8.6389e-03,6.7503e-03,4.5926e-03,2.3054e-03,1.9193e-05,-2.1571e-03,-4.1444e-03,-5.8934e-03,-7.3831e-03,-8.6170e-03,-9.6143e-03,-1.0404e-02,-1.1015e-02,-1.1469e-02,-1.1774e-02,-1.1918e-02,-1.1873e-02,-1.1601e-02,-1.1056e-02,-1.0205e-02,-9.0316e-03,-7.5462e-03,-5.7892e-03,-3.8251e-03,-1.7383e-03,3.8240e-04,2.4504e-03,4.3923e-03,6.1518e-03,7.6896e-03,8.9813e-03,1.0015e-02,1.0784e-02,1.1289e-02,1.1530e-02,1.1513e-02,1.1243e-02,1.0733e-02,9.9957e-03,9.0512e-03,7.9216e-03,6.6297e-03,5.1969e-03,3.6428e-03,1.9814e-03,2.2478e-04,-1.6155e-03,-3.5248e-03,-5.4798e-03,-7.4424e-03,-9.3588e-03,-1.1159e-02,-1.2759e-02,-1.4070e-02,-1.5008e-02,-1.5505e-02,-1.5521e-02,-1.5048e-02,-1.4115e-02,-1.2787e-02,-1.1155e-02,-9.3228e-03,-7.4041e-03,-5.5090e-03,-3.7420e-03,-2.2032e-03,-9.9300e-04
2.7363e-04,9.5029e-03,1.8916e-02,2.8242e-02,3.7192e-02,4.5479e-02,5.2840e-02,5.9043e-02,6.3894e-02,6.7228e-02,6.8910e-02,6.8832e-02,6.6935e-02,6.3228e-02,5.7826e-02,5.0971e-02,4.3032e-02,3.4479e-02,2.5836e-02,1.7616e-02,1.0263e-02,4.1117e-03,-6.4269e-04,-3.9412e-03,-5.8501e-03,-6.5399e-03,-6.2573e-03,-5.2971e-03,-3.9698e-03,-2.5679e-03,-1.3317e-03,-4.2212e-04,9.2492e-05,2.3617e-04,1.0484e-04,-1.6245e-04,-4.1870e-04,-5.3979e-04,-4.4341e-04,-1.0101e-04,4.6579e-04,1.1955e-03,1.9986e-03,2.7772e-03,3.4374e-03,3.9030e-03,4.1255e-03,4.0880e-03,3.8069e-03,3.3262e-03,2.7089e-03,2.0265e-03,1.3452e-03,7.1760e-04,1.7447e-04,-2.7621e-04,-6.4519e-04,-9.5750e-04,-1.2407e-03,-1.5201e-03,-1.8118e-03,-2.1197e-03,-2.4374e-03,-2.7512e-03,-3.0423e-03,-3.2925e-03,-3.4854e-03,-3.6077e-03,-3.6503e-03,-3.6072e-03,-3.4756e-03,-3.2540e-03,-2.9455e-03,-2.5552e-03,-2.0958e-03,-1.5850e-03,-1.0481e-03,-5.1684e-04,-2.8633e-05,3.8099e-04,6.8128e-04,8.5182e-04,8.8814e-04,8.0571e-04,6.3535e-04,4.2406e-04,2.2382e-04,8.6039e-05,4.9837e-05,1.3448e-04,3.3528e-04,6.2253e-04,9.4424e-04,1.2351e-03,1.4274e-03,1.4572e-03,1.2746e-03,8.4081e-04,1.2688e-04,-8.9668e-04
3.6405e-04,1.1025e-02,2.1936e-02,3.2766e-02,4.3163e-02,5.2771e-02,6.1268e-02,6.8378e-02,7.3883e-02,7.7623e-02,7.9482e-02,7.9382e-02,7.7272e-02,7.3147e-02,6.7072e-02,5.9215e-02,4.9873e-02,3.9472e-02,2.8548e-02,1.7686e-02,7.4658e-03,-1.6054e-03,-9.1407e-03,-1.4903e-02,-1.8815e-02,-2.0950e-02,-2.1512e-02,-2.0807e-02,-1.9196e-02,-1.7055e-02,-1.4715e-02,-1.2429e-02,-1.0335e-02,-8.4565e-03,-6.7210e-03,-4.9966e-03,-3.1381e-03,-1.0313e-03,1.3779e-03,4.0707e-03,6.9585e-03,9.9000e-03,1.2725e-02,1.5260e-02,1.7349e-02,1.8873e-02,1.9758e-02,1.9979e-02,1.9559e-02,1.8554e-02,1.7052e-02,1.5149e-02,1.2943e-02,1.0523e-02,7.9590e-03,5.3095e-03,2.6171e-03,-8.3849e-05,-2.7600e-03,-5.3766e-03,-7.8914e-03,-1.0257e-02,-1.2423e-02,-1.4338e-02,-1.5951e-02,-1.7222e-02,-1.8116e-02,-1.8610e-02,-1.8689e-02,-1.8350e-02,-1.7596e-02,-1.6442e-02,-1.4909e-02,-1.3030e-02,-1.0850e-02,-8.4223e-03,-5.8154e-03,-3.1042e-03,-3.7131e-04,2.3000e-03,4.8332e-03,7.1635e-03,9.2405e-03,1.1035e-02,1.2535e-02,1.3745e-02,1.4678e-02,1.5349e-02,1.5769e-02,1.5938e-02,1.5843e-02,1.5459e-02,1.4752e-02,1.3688e-02,1.2239e-02,1.0395e-02,8.1632e-03,5.5713e-03,2.6581e-03,-5.3856e-04
6.1074e-04,1.2455e-02,2.4607e-02,3.6693e-02,4.8302e-02,5.9025e-02,6.8480e-02,7.6346e-02,8.2380e-02,8.6416e-02,8.8362e-02,8.8174e-02,8.5844e-02,8.1384e-02,7.4844e-02,6.6334e-02,5.6069e-02,4.4390e-02,3.1779e-02,1.8824e-02,6.1720e-03,-5.5426e-03,-1.5763e-02,-2.4067e-02,-3.0204e-02,-3.4103e-02,-3.5875e-02,-3.5780e-02,-3.4188e-02,-3.1524e-02,-2.8202e-02,-2.4567e-02,-2.0850e-02,-1.7149e-02,-1.3445e-02,-9.6393e-03,-5.6070e-03,-1.2537e-03,3.4465e-03,8.4318e-03,1.3556e-02,1.8610e-02,2.3353e-02,2.7547e-02,3.0982e-02,3.3501e-02,3.5008e-02,3.5471e-02,3.4913e-02,3.3408e-02,3.1057e-02,2.7981e-02,2.4307e-02,2.0154e-02,1.5638e-02,1.0859e-02,5.9140e-03,8.9479e-04,-4.1060e-03,-8.9952e-03,-1.3675e-02,-1.8048e-02,-2.2019e-02,-2.5499e-02,-2.8410e-02,-3.0686e-02,-3.2275e-02,-3.3145e-02,-3.3276e-02,-3.2666e-02,-3.1326e-02,-2.9283e-02,-2.6579e-02,-2.3272e-02,-1.9437e-02,-1.5160e-02,-1.0549e-02,-5.7201e-03,-7.9758e-04,4.0912e-03,8.8245e-03,1.3290e-02,1.7393e-02,2.1057e-02,2.4222e-02,2.6849e-02,2.8906e-02,3.0373e-02,3.1233e-02,3.1469e-02,3.1063e-02,3.0001e-02,2.8270e-02,2.5871e-02,2.2822e-02,1.9163e-02,1.4961e-02,1.0306e-02,5.2981e-03,3.9980e-05
1.0024e-03,1.3753e-02,2.6861e-02,3.9917e-02,5.2470e-02,6.4064e-02,7.4272e-02,8.2732e-02,8.9172e-02,9.3418e-02,9.5390e-02,9.5082e-02,9.2534e-02,8.7803e-02,8.0958e-02,7.2085e-02,6.1328e-02,4.8930e-02,3.5269e-02,2.0867e-02,6.3605e-03,-7.5512e-03,-2.0186e-02,-3.0951e-02,-3.9409e-02,-4.5312e-02,-4.8624e-02,-4.9506e-02,-4.8282e-02,-4.5383e-02,-4.1277e-02,-3.6398e-02,-3.1078e-02,-2.5521e-02,-1.9791e-02,-1.3858e-02,-7.6411e-03,-1.0813e-03,5.8171e-03,1.2956e-02,2.0146e-02,2.7127e-02,3.3607e-02,3.9297e-02,4.3944e-02,4.7361e-02,4.9431e-02,5.0114e-02,4.9434e-02,4.7470e-02,4.4339e-02,4.0179e-02,3.5140e-02,2.9373e-02,2.3026e-02,1.6246e-02,9.1793e-03,1.9701e-03,-5.2326e-03,-1.2279e-02,-1.9018e-02,-2.5305e-02,-3.1002e-02,-3.5985e-02,-4.0144e-02,-4.3392e-02,-4.5661e-02,-4.6906e-02,-4.7104e-02,-4.6253e-02,-4.4373e-02,-4.1502e-02,-3.7702e-02,-3.3054e-02,-2.7659e-02,-2.1638e-02,-1.5132e-02,-8.2930e-03,-1.2869e-03,5.7194e-03,1.2560e-02,1.9080e-02,2.5138e-02,3.0608e-02,3.5385e-02,3.9380e-02,4.2522e-02,4.4751e-02,4.6023e-02,4.6308e-02,4.5586e-02,4.3856e-02,4.1133e-02,3.7454e-02,3.2883e-02,2.7513e-02,2.1465e-02,1.4886e-02,7.9370e-03,7.7264e-04
1.5069e-03,1.4867e-02,2.8621e-02,4.2334e-02,5.5528e-02,6.7716e-02,7.8439e-02,8.7307e-02,9.4023e-02,9.8401e-02,1.0037e-01,9.9941e-02,9.7207e-02,9.2274e-02,8.5254e-02,7.6242e-02,6.5346e-02,5.2719e-02,3.8621e-02,2.3453e-02,7.7740e-03,-7.7335e-03,-2.2325e-02,-3.5277e-02,-4.5975e-02,-5.3980e-02,-5.9069e-02,-6.1252e-02,-6.0751e-02,-5.7954e-02,-5.3343e-02,-4.7418e-02,-4.0615e-02,-3.3257e-02,-2.5527e-02,-1.7493e-02,-9.1513e-03,-4.9280e-04,8.4414e-03,1.7525e-02,2.6541e-02,3.5200e-02,4.3176e-02,5.0150e-02,5.5838e-02,6.0031e-02,6.2594e-02,6.3476e-02,6.2698e-02,6.0341e-02,5.6527e-02,5.1409e-02,4.5152e-02,3.7933e-02,2.9932e-02,2.1334e-02,1.2329e-02,3.1116e-03,-6.1174e-03,-1.5156e-02,-2.3805e-02,-3.1873e-02,-3.9182e-02,-4.5572e-02,-5.0907e-02,-5.5076e-02,-5.7994e-02,-5.9606e-02,-5.9884e-02,-5.8827e-02,-5.6461e-02,-5.2837e-02,-4.8034e-02,-4.2154e-02,-3.5325e-02,-2.7697e-02,-1.9440e-02,-1.0744e-02,-1.8080e-03,7.1625e-03,1.5964e-02,2.4399e-02,3.2283e-02,3.9444e-02,4.5731e-02,5.1007e-02,5.5161e-02,5.8096e-02,5.9742e-02,6.0058e-02,5.9024e-02,5.6655e-02,5.2996e-02,4.8121e-02,4.2143e-02,3.5201e-02,2.7472e-02,1.9154e-02,1.0454e-02,1.5781e-03
2.0768e-03,1.5736e-02,2.9806e-02,4.3842e-02,5.7350e-02,6.9827e-02,8.0801e-02,8.9865e-02,9.6710e-02,1.0114e-01,1.0308e-01,1.0257e-01,9.9712e-02,9.4667e-02,8.7590e-02,7.8612e-02,6.7836e-02,5.5364e-02,4.1350e-02,2.6061e-02,9.9243e-03,-6.4665e-03,-2.2384e-02,-3.7041e-02,-4.9686e-02,-5.9696e-02,-6.6646e-02,-7.0358e-02,-7.0900e-02,-6.8561e-02,-6.3791e-02,-5.7119e-02,-4.9068e-02,-4.0084e-02,-3.0489e-02,-2.0476e-02,-1.0147e-02,4.3491e-04,1.1185e-02,2.1953e-02,3.2509e-02,4.2555e-02,5.1752e-02,5.9767e-02,6.6304e-02,7.1135e-02,7.4113e-02,7.5174e-02,7.4332e-02,7.1661e-02,6.7287e-02,6.1365e-02,5.4073e-02,4.5606e-02,3.6170e-02,2.5981e-02,1.5270e-02,4.2740e-03,-6.7598e-03,-1.7582e-02,-2.7949e-02,-3.7625e-02,-4.6397e-02,-5.4071e-02,-6.0483e-02,-6.5501e-02,-6.9025e-02,-7.0987e-02,-7.1355e-02,-7.0127e-02,-6.7336e-02,-6.3045e-02,-5.7346e-02,-5.0364e-02,-4.2250e-02,-3.3181e-02,-2.3356e-02,-1.2993e-02,-2.3251e-03,8.4109e-03,1.8976e-02,2.9135e-02,3.8665e-02,4.7351e-02,5.5000e-02,6.1433e-02,6.6494e-02,7.0059e-02,7.2032e-02,7.2359e-02,7.1026e-02,6.8064e-02,6.3547e-02,5.7590e-02,5.0348e-02,4.2010e-02,3.2798e-02,2.2955e-02,1.2731e-02,2.3693e-03
2.6564e-03,1.6293e-02,3.0342e-02,4.4356e-02,5.7838e-02,7.0285e-02,8.1226e-02,9.0255e-02,9.7064e-02,1.0146e-01,1.0336e-01,1.0280e-01,9.9911e-02,9.4868e-02,8.7861e-02,7.9059e-02,6.8585e-02,5.6531e-02,4.2988e-02,2.8109e-02,1.2177e-02,-4.3528e-03,-2.0848e-02,-3.6540e-02,-5.0615e-02,-6.2307e-02,-7.1006e-02,-7.6325e-02,-7.8144e-02,-7.6603e-02,-7.2062e-02,-6.5032e-02,-5.6088e-02,-4.5782e-02,-3.4575e-02,-2.2809e-02,-1.0711e-02,1.5599e-03,1.3865e-02,2.6029e-02,3.7820e-02,4.8945e-02,5.9074e-02,6.7878e-02,7.5059e-02,8.0383e-02,8.3691e-02,8.4908e-02,8.4036e-02,8.1141e-02,7.6340e-02,6.9788e-02,6.1669e-02,5.2187e-02,4.1568e-02,3.0054e-02,1.7906e-02,5.4013e-03,-7.1746e-03,-1.9532e-02,-3.1385e-02,-4.2463e-02,-5.2516e-02,-6.1320e-02,-6.8688e-02,-7.4463e-02,-7.8533e-02,-8.0818e-02,-8.1279e-02,-7.9918e-02,-7.6768e-02,-7.1904e-02,-6.5433e-02,-5.7498e-02,-4.8270e-02,-3.7951e-02,-2.6767e-02,-1.4962e-02,-2.7967e-03,9.4639e-03,2.1550e-02,3.3198e-02,4.4147e-02,5.4151e-02,6.2975e-02,7.0403e-02,7.6245e-02,8.0344e-02,8.2586e-02,8.2905e-02,8.1293e-02,7.7797e-02,7.2521e-02,6.5618e-02,5.7284e-02,4.7751e-02,3.7281e-02,2.6156e-02,1.4659e-02,3.0630e-03
3.1904e-03,1.6482e-02,3.0171e-02,4.3816e-02,5.6932e-02,6.9030e-02,7.9651e-02,8.8408e-02,9.5004e-02,9.9255e-02,1.0109e-01,1.0053e-01,9.7714e-02,9.2808e-02,8.6014e-02,7.7524e-02,6.7489e-02,5.6019e-02,4.3190e-02,2.9094e-02,1.3899e-02,-2.0895e-03,-1.8385e-02,-3.4324e-02,-4.9119e-02,-6.1947e-02,-7.2057e-02,-7.8876e-02,-8.2077e-02,-8.1610e-02,-7.7693e-02,-7.0759e-02,-6.1381e-02,-5.0179e-02,-3.7736e-02,-2.4542e-02,-1.0968e-02,2.7144e-03,1.6292e-02,2.9558e-02,4.2280e-02,5.4184e-02,6.4961e-02,7.4302e-02,8.1921e-02,8.7585e-02,9.1133e-02,9.2477e-02,9.1606e-02,8.8572e-02,8.3481e-02,7.6481e-02,6.7753e-02,5.7508e-02,4.5980e-02,3.3432e-02,2.0149e-02,6.4365e-03,-7.3864e-03,-2.0996e-02,-3.4072e-02,-4.6312e-02,-5.7434e-02,-6.7188e-02,-7.5364e-02,-8.1788e-02,-8.6328e-02,-8.8898e-02,-8.9454e-02,-8.7992e-02,-8.4555e-02,-7.9222e-02,-7.2113e-02,-6.3388e-02,-5.3237e-02,-4.1884e-02,-2.9577e-02,-1.6583e-02,-3.1866e-03,1.0324e-02,2.3655e-02,3.6517e-02,4.8625e-02,5.9701e-02,6.9479e-02,7.7715e-02,8.4186e-02,8.8710e-02,9.1155e-02,9.1448e-02,8.9584e-02,8.5628e-02,7.9710e-02,7.2016e-02,6.2781e-02,5.2275e-02,4.0795e-02,2.8650e-02,1.6151e-02,3.5901e-03
3.6313e-03,1.6261e-02,2.9258e-02,4.2200e-02,5.4624e-02,6.6064e-02,7.6092e-02,8.4347e-02,9.0559e-02,9.4563e-02,9.6292e-02,9.5777e-02,9.3124e-02,8.8492e-02,8.2067e-02,7.4036e-02,6.4567e-02,5.3793e-02,4.1815e-02,2.8719e-02,1.4616e-02,-3.0029e-04,-1.5700e-02,-3.1082e-02,-4.5779e-02,-5.9012e-02,-6.9981e-02,-7.7982e-02,-8.2497e-02,-8.3271e-02,-8.0332e-02,-7.3973e-02,-6.4696e-02,-5.3132e-02,-3.9941e-02,-2.5741e-02,-1.1050e-02,3.7301e-03,1.8291e-02,3.2378e-02,4.5751e-02,5.8154e-02,6.9315e-02,7.8954e-02,8.6809e-02,9.2661e-02,9.6350e-02,9.7782e-02,9.6931e-02,9.3835e-02,8.8585e-02,8.1315e-02,7.2200e-02,6.1448e-02,4.9298e-02,3.6023e-02,2.1924e-02,7.3281e-03,-7.4210e-03,-2.1973e-02,-3.5982e-02,-4.9116e-02,-6.1069e-02,-7.1570e-02,-8.0387e-02,-8.7329e-02,-9.2253e-02,-9.5061e-02,-9.5704e-02,-9.4178e-02,-9.0525e-02,-8.4833e-02,-7.7232e-02,-6.7896e-02,-5.7030e-02,-4.4878e-02,-3.1705e-02,-1.7801e-02,-3.4652e-03,1.0993e-02,2.5264e-02,3.9039e-02,5.2013e-02,6.3889e-02,7.4379e-02,8.3212e-02,9.0144e-02,9.4973e-02,9.7552e-02,9.7801e-02,9.5720e-02,9.1388e-02,8.4958e-02,7.6646e-02,6.6719e-02,5.5479e-02,4.3249e-02,3.0362e-02,1.7145e-02,3.9012e-03
3.9458e-03,1.5609e-02,2.7601e-02,3.9527e-02,5.0957e-02,6.1460e-02,7.0647e-02,7.8194e-02,8.3865e-02,8.7520e-02,8.9107e-02,8.8654e-02,8.6248e-02,8.2020e-02,7.6120e-02,6.8708e-02,5.9943e-02,4.9973e-02,3.8933e-02,2.6944e-02,1.4125e-02,6.1917e-04,-1.3361e-02,-2.7486e-02,-4.1273e-02,-5.4090e-02,-6.5201e-02,-7.3864e-02,-7.9433e-02,-8.1458e-02,-7.9753e-02,-7.4417e-02,-6.5809e-02,-5.4490e-02,-4.1136e-02,-2.6448e-02,-1.1070e-02,4.4567e-03,1.9708e-02,3.4356e-02,4.8133e-02,6.0797e-02,7.2108e-02,8.1827e-02,8.9729e-02,9.5618e-02,9.9343e-02,1.0081e-01,9.9985e-02,9.6889e-02,9.1596e-02,8.4225e-02,7.4937e-02,6.3932e-02,5.1448e-02,3.7758e-02,2.3174e-02,8.0335e-03,-7.3050e-03,-2.2470e-02,-3.7098e-02,-5.0838e-02,-6.3364e-02,-7.4388e-02,-8.3660e-02,-9.0977e-02,-9.6183e-02,-9.9173e-02,-9.9892e-02,-9.8332e-02,-9.4540e-02,-8.8605e-02,-8.0668e-02,-7.0911e-02,-5.9555e-02,-4.6856e-02,-3.3095e-02,-1.8576e-02,-3.6139e-03,1.1470e-02,2.6355e-02,4.0720e-02,5.4250e-02,6.6636e-02,7.7576e-02,8.6783e-02,9.3999e-02,9.9007e-02,1.0165e-01,1.0184e-01,9.9582e-02,9.4968e-02,8.8168e-02,7.9424e-02,6.9028e-02,5.7305e-02,4.4598e-02,3.1255e-02,1.7610e-02,3.9710e-03
4.1169e-03,1.4532e-02,2.5229e-02,3.5856e-02,4.6024e-02,5.5348e-02,6.3483e-02,7.0150e-02,7.5149e-02,7.8370e-02,7.9777e-02,7.9397e-02,7.7300e-02,7.3582e-02,6.8350e-02,6.1721e-02,5.3818e-02,4.4784e-02,3.4776e-02,2.3962e-02,1.2511e-02,5.8085e-04,-1.1666e-02,-2.4032e-02,-3.6231e-02,-4.7845e-02,-5.8311e-02,-6.6968e-02,-7.3137e-02,-7.6234e-02,-7.5867e-02,-7.1906e-02,-6.4504e-02,-5.4071e-02,-4.1212e-02,-2.6643e-02,-1.1091e-02,4.7779e-03,2.0409e-02,3.5374e-02,4.9347e-02,6.2075e-02,7.3345e-02,8.2960e-02,9.0739e-02,9.6520e-02,1.0018e-01,1.0162e-01,1.0081e-01,9.7757e-02,9.2520e-02,8.5199e-02,7.5939e-02,6.4926e-02,5.2389e-02,3.8597e-02,2.3860e-02,8.5194e-03,-7.0586e-03,-2.2497e-02,-3.7419e-02,-5.1460e-02,-6.4286e-02,-7.5591e-02,-8.5119e-02,-9.2654e-02,-9.8031e-02,-1.0114e-01,-1.0192e-01,-1.0035e-01,-9.6499e-02,-9.0443e-02,-8.2333e-02,-7.2356e-02,-6.0745e-02,-4.7765e-02,-3.3708e-02,-1.8887e-02,-3.6266e-03,1.1747e-02,2.6905e-02,4.1526e-02,5.5291e-02,6.7886e-02,7.9006e-02,8.8360e-02,9.5678e-02,1.0074e-01,1.0337e-01,1.0349e-01,1.0111e-01,9.6316e-02,8.9301e-02,8.0321e-02,6.9686e-02,5.7739e-02,4.4834e-02,3.1324e-02,1.7545e-02,3.8016e-03
4.1446e-03,1.3057e-02,2.2205e-02,3.1286e-02,3.9965e-02,4.7910e-02,5.4826e-02,6.0478e-02,6.4707e-02,6.7429e-02,6.8625e-02,6.8322e-02,6.6574e-02,6.3447e-02,5.9003e-02,5.3307e-02,4.6436e-02,3.8501e-02,2.9659e-02,2.0112e-02,1.0083e-02,-2.1158e-04,-1.0597e-02,-2.0936e-02,-3.1095e-02,-4.0880e-02,-4.9971e-02,-5.7897e-02,-6.4069e-02,-6.7864e-02,-6.8740e-02,-6.6344e-02,-6.0581e-02,-5.1640e-02,-3.9966e-02,-2.6198e-02,-1.1078e-02,4.6456e-03,2.0296e-02,3.5319e-02,4.9301e-02,6.1941e-02,7.3027e-02,8.2396e-02,8.9912e-02,9.5459e-02,9.8943e-02,1.0029e-01,9.9480e-02,9.6501e-02,9.1403e-02,8.4268e-02,7.5222e-02,6.4432e-02,5.2114e-02,3.8524e-02,2.3962e-02,8.7651e-03,-6.7047e-03,-2.2069e-02,-3.6950e-02,-5.0982e-02,-6.3821e-02,-7.5160e-02,-8.4733e-02,-9.2319e-02,-9.7748e-02,-1.0090e-01,-1.0172e-01,-1.0018e-01,-9.6342e-02,-9.0290e-02,-8.2174e-02,-7.2188e-02,-6.0567e-02,-4.7582e-02,-3.3531e-02,-1.8732e-02,-3.5094e-03,1.1808e-02,2.6895e-02,4.1432e-02,5.5106e-02,6.7609e-02,7.8641e-02,8.7910e-02,9.5151e-02,1.0014e-01,1.0270e-01,1.0275e-01,1.0029e-01,9.5434e-02,8.8364e-02,7.9352e-02,6.8717e-02,5.6809e-02,4.3986e-02,3.0599e-02,1.6979e-02,3.4165e-03
4.0444e-03,1.1236e-02,1.8616e-02,2.5945e-02,3.2952e-02,3.9363e-02,4.4936e-02,4.9479e-02,5.2872e-02,5.5052e-02,5.6016e-02,5.5790e-02,5.4416e-02,5.1933e-02,4.8366e-02,4.3731e-02,3.8056e-02,3.1406e-02,2.3911e-02,1.5774e-02,7.2572e-03,-1.3672e-03,-9.8718e-03,-1.8114e-02,-2.6036e-02,-3.3618e-02,-4.0785e-02,-4.7323e-02,-5.2845e-02,-5.6810e-02,-5.8627e-02,-5.7771e-02,-5.3903e-02,-4.6944e-02,-3.7105e-02,-2.4855e-02,-1.0857e-02,4.1303e-03,1.9344e-02,3.4112e-02,4.7898e-02,6.0317e-02,7.1119e-02,8.0147e-02,8.7303e-02,9.2520e-02,9.5746e-02,9.6946e-02,9.6100e-02,9.3215e-02,8.8322e-02,8.1491e-02,7.2827e-02,6.2478e-02,5.0635e-02,3.7538e-02,2.3471e-02,8.7544e-03,-6.2614e-03,-2.1208e-02,-3.5715e-02,-4.9421e-02,-6.1986e-02,-7.3104e-02,-8.2507e-02,-8.9972e-02,-9.5328e-02,-9.8455e-02,-9.9283e-02,-9.7802e-02,-9.4053e-02,-8.8129e-02,-8.0179e-02,-7.0396e-02,-5.9016e-02,-4.6309e-02,-3.2573e-02,-1.8123e-02,-3.2797e-03,1.1634e-02,2.6304e-02,4.0420e-02,5.3683e-02,6.5799e-02,7.6478e-02,8.5442e-02,9.2433e-02,9.7227e-02,9.9659e-02,9.9641e-02,9.7176e-02,9.2370e-02,8.5414e-02,7.6578e-02,6.6184e-02,5.4578e-02,4.2115e-02,2.9138e-02,1.5963e-02,2.8619e-03
3.8423e-03,9.1349e-03,1.4572e-02,1.9989e-02,2.5184e-02,2.9948e-02,3.4092e-02,3.7469e-02,3.9986e-02,4.1603e-02,4.2323e-02,4.2174e-02,4.1185e-02,3.9376e-02,3.6743e-02,3.3268e-02,2.8931e-02,2.3751e-02,1.7811e-02,1.1286e-02,4.4338e-03,-2.4453e-03,-9.0732e-03,-1.5264e-02,-2.0964e-02,-2.6238e-02,-3.1196e-02,-3.5879e-02,-4.0160e-02,-4.3701e-02,-4.5981e-02,-4.6408e-02,-4.4452e-02,-3.9771e-02,-3.2292e-02,-2.2236e-02,-1.0089e-02,3.4702e-03,1.7672e-02,3.1758e-02,4.5072e-02,5.7111e-02,6.7543e-02,7.6176e-02,8.2924e-02,8.7757e-02,9.0673e-02,9.1677e-02,9.0781e-02,8.8003e-02,8.3374e-02,7.6952e-02,6.8823e-02,5.9112e-02,4.7986e-02,3.5659e-02,2.2391e-02,8.4778e-03,-5.7493e-03,-1.9943e-02,-3.3749e-02,-4.6819e-02,-5.8824e-02,-6.9466e-02,-7.8482e-02,-8.5653e-02,-9.0809e-02,-9.3828e-02,-9.4643e-02,-9.3240e-02,-8.9657e-02,-8.3987e-02,-7.6375e-02,-6.7008e-02,-5.6120e-02,-4.3975e-02,-3.0863e-02,-1.7090e-02,-2.9642e-03,1.1204e-02,2.5118e-02,3.8486e-02,5.1028e-02,6.2473e-02,7.2551e-02,8.1002e-02,8.7581e-02,9.2078e-02,9.4331e-02,9.4254e-02,9.1850e-02,8.7218e-02,8.0546e-02,7.2096e-02,6.2182e-02,5.1139e-02,3.9310e-02,2.7020e-02,1.4565e-02,2.1967e-03
3.5706e-03,6.8314e-03,1.0195e-02,1.3581e-02,1.6868e-02,1.9912e-02,2.2577e-02,2.4757e-02,2.6384e-02,2.7432e-02,2.7907e-02,2.7832e-02,2.7231e-02,2.6107e-02,2.4440e-02,2.2187e-02,1.9299e-02,1.5750e-02,1.1573e-02,6.8883e-03,1.9084e-03,-3.0847e-03,-7.7990e-03,-1.2007e-02,-1.5616e-02,-1.8693e-02,-2.1431e-02,-2.4054e-02,-2.6690e-02,-2.9262e-02,-3.1440e-02,-3.2695e-02,-3.2412e-02,-3.0042e-02,-2.5233e-02,-1.7911e-02,-8.3055e-03,3.0887e-03,1.5588e-02,2.8425e-02,4.0861e-02,5.2274e-02,6.2213e-02,7.0408e-02,7.6737e-02,8.1182e-02,8.3778e-02,8.4578e-02,8.3632e-02,8.0983e-02,7.6674e-02,7.0756e-02,6.3300e-02,5.4408e-02,4.4221e-02,3.2921e-02,2.0736e-02,7.9328e-03,-5.1890e-03,-1.8310e-02,-3.1100e-02,-4.3234e-02,-5.4403e-02,-6.4321e-02,-7.2738e-02,-7.9443e-02,-8.4271e-02,-8.7105e-02,-8.7878e-02,-8.6573e-02,-8.3230e-02,-7.7936e-02,-7.0828e-02,-6.2089e-02,-5.1940e-02,-4.0635e-02,-2.8450e-02,-1.5672e-02,-2.5932e-03,1.0501e-02,2.3333e-02,3.5642e-02,4.7173e-02,5.7683e-02,6.6928e-02,7.4674e-02,8.0698e-02,8.4802e-02,8.6838e-02,8.6720e-02,8.4449e-02,8.0115e-02,7.3895e-02,6.6036e-02,5.6833e-02,4.6605e-02,3.5673e-02,2.4337e-02,1.2867e-02,1.4863e-03
3.2608e-03,4.4057e-03,5.6130e-03,6.8961e-03,8.2157e-03,9.4994e-03,1.0665e-02,1.1641e-02,1.2380e-02,1.2863e-02,1.3096e-02,1.3096e-02,1.2878e-02,1.2436e-02,1.1743e-02,1.0745e-02,9.3749e-03,7.5769e-03,5.3368e-03,2.7076e-03,-1.7194e-04,-3.0877e-03,-5.7862e-03,-8.0362e-03,-9.7024e-03,-1.0802e-02,-1.1518e-02,-1.2146e-02,-1.2988e-02,-1.4216e-02,-1.5760e-02,-1.7277e-02,-1.8205e-02,-1.7899e-02,-1.5789e-02,-1.1511e-02,-4.9897e-03,3.5446e-03,1.3597e-02,2.4493e-02,3.5489e-02,4.5883e-02,5.5107e-02,6.2772e-02,6.8677e-02,7.2768e-02,7.5087e-02,7.5720e-02,7.4760e-02,7.2284e-02,6.8357e-02,6.3035e-02,5.6379e-02,4.8470e-02,3.9420e-02,2.9380e-02,1.8539e-02,7.1254e-03,-4.5983e-03,-1.6349e-02,-2.7830e-02,-3.8747e-02,-4.8817e-02,-5.7775e-02,-6.5390e-02,-7.1465e-02,-7.5843e-02,-7.8414e-02,-7.9115e-02,-7.7930e-02,-7.4895e-02,-7.0091e-02,-6.3648e-02,-5.5737e-02,-4.6564e-02,-3.6366e-02,-2.5395e-02,-1.3918e-02,-2.1962e-03,9.5118e-03,2.0962e-02,3.1924e-02,4.2178e-02,5.1512e-02,5.9718e-02,6.6590e-02,7.1931e-02,7.5565e-02,7.7353e-02,7.7215e-02,7.5148e-02,7.1232e-02,6.5624e-02,5.8551e-02,5.0282e-02,4.1107e-02,3.1319e-02,2.1187e-02,1.0950e-02,7.9569e-04
2.9416e-03,1.9371e-03,9.5322e-04,1.0236e-04,-5.6539e-04,-1.0503e-03,-1.3823e-03,-1.6003e-03,-1.7364e-03,-1.8057e-03,-1.8083e-03,-1.7352e-03,-1.5803e-03,-1.3524e-03,-1.0823e-03,-8.2397e-04,-6.4869e-04,-6.2862e-04,-8.1681e-04,-1.2248e-03,-1.8052e-03,-2.4450e-03,-2.9794e-03,-3.2266e-03,-3.0435e-03,-2.3905e-03,-1.3780e-03,-2.7020e-04,5.7417e-04,8.1810e-04,2.8193e-04,-9.4798e-04,-2.4952e-03,-3.7642e-03,-4.0803e-03,-2.8539e-03,2.8789e-04,5.4265e-03,1.2340e-02,2.0550e-02,2.9414e-02,3.8231e-02,4.6359e-02,5.3293e-02,5.8715e-02,6.2484e-02,6.4603e-02,6.5158e-02,6.4267e-02,6.2044e-02,5.8580e-02,5.3949e-02,4.8210e-02,4.1431e-02,3.3696e-02,2.5119e-02,1.5851e-02,6.0759e-03,-3.9880e-03,-1.4101e-02,-2.4009e-02,-3.3453e-02,-4.2183e-02,-4.9966e-02,-5.6591e-02,-6.1881e-02,-6.5695e-02,-6.7931e-02,-6.8531e-02,-6.7483e-02,-6.4818e-02,-6.0612e-02,-5.4983e-02,-4.8088e-02,-4.0111e-02,-3.1266e-02,-2.1777e-02,-1.1879e-02,-1.7997e-03,8.2408e-03,1.8036e-02,2.7394e-02,3.6135e-02,4.4084e-02,5.1071e-02,5.6925e-02,6.1476e-02,6.4573e-02,6.6091e-02,6.5959e-02,6.4165e-02,6.0777e-02,5.5930e-02,4.9821e-02,4.2687e-02,3.4784e-02,2.6366e-02,1.7668e-02,8.8905e-03,1.8284e-04
2.6337e-03,-5.0251e-04,-3.6636e-03,-6.6353e-03,-9.2758e-03,-1.1511e-02,-1.3318e-02,-1.4707e-02,-1.5696e-02,-1.6302e-02,-1.6533e-02,-1.6389e-02,-1.5873e-02,-1.4997e-02,-1.3789e-02,-1.2299e-02,-1.0592e-02,-8.7462e-03,-6.8405e-03,-4.9429e-03,-3.0966e-03,-1.3057e-03,4.7159e-04,2.3196e-03,4.3379e-03,6.5923e-03,9.0549e-03,1.1560e-02,1.3802e-02,1.5398e-02,1.6005e-02,1.5461e-02,1.3880e-02,1.1670e-02,9.4594e-03,7.9444e-03,7.7302e-03,9.2028e-03,1.2460e-02,1.7305e-02,2.3301e-02,2.9857e-02,3.6342e-02,4.2180e-02,4.6939e-02,5.0358e-02,5.2346e-02,5.2941e-02,5.2249e-02,5.0402e-02,4.7517e-02,4.3688e-02,3.8983e-02,3.3465e-02,2.7194e-02,2.0252e-02,1.2750e-02,4.8234e-03,-3.3590e-03,-1.1606e-02,-1.9710e-02,-2.7459e-02,-3.4640e-02,-4.1055e-02,-4.6524e-02,-5.0893e-02,-5.4039e-02,-5.5874e-02,-5.6348e-02,-5.5451e-02,-5.3213e-02,-4.9701e-02,-4.5020e-02,-3.9306e-02,-3.2722e-02,-2.5450e-02,-1.7681e-02,-9.6080e-03,-1.4204e-03,6.7069e-03,1.4611e-02,2.2146e-02,2.9173e-02,3.5564e-02,4.1184e-02,4.5899e-02,4.9575e-02,5.2084e-02,5.3318e-02,5.3212e-02,5.1751e-02,4.8987e-02,4.5028e-02,4.0039e-02,3.4217e-02,2.7779e-02,2.0933e-02,1.3873e-02,6.7564e-03,-3.0913e-04
2.3489e-03,-2.8491e-03,-8.1255e-03,-1.3164e-02,-1.7727e-02,-2.1667e-02,-2.4909e-02,-2.7433e-02,-2.9247e-02,-3.0370e-02,-3.0819e-02,-3.0607e-02,-2.9744e-02,-2.8246e-02,-2.6140e-02,-2.3465e-02,-2.0279e-02,-1.6658e-02,-1.2696e-02,-8.5052e-03,-4.2062e-03,8.2381e-05,4.2683e-03,8.3059e-03,1.2203e-02,1.6002e-02,1.9728e-02,2.3326e-02,2.6611e-02,2.9267e-02,3.0912e-02,3.1215e-02,3.0035e-02,2.7515e-02,2.4093e-02,2.0417e-02,1.7205e-02,1.5078e-02,1.4448e-02,1.5445e-02,1.7922e-02,2.1507e-02,2.5685e-02,2.9900e-02,3.3652e-02,3.6565e-02,3.8421e-02,3.9156e-02,3.8814e-02,3.7504e-02,3.5348e-02,3.2456e-02,2.8910e-02,2.4772e-02,2.0092e-02,1.4924e-02,9.3377e-03,3.4247e-03,-2.7003e-03,-8.8980e-03,-1.5014e-02,-2.0884e-02,-2.6343e-02,-3.1231e-02,-3.5404e-02,-3.8735e-02,-4.1126e-02,-4.2503e-02,-4.2829e-02,-4.2096e-02,-4.0331e-02,-3.7595e-02,-3.3975e-02,-2.9587e-02,-2.4563e-02,-1.9049e-02,-1.3198e-02,-7.1566e-03,-1.0662e-03,4.9458e-03,1.0769e-02,1.6304e-02,2.1460e-02,2.6153e-02,3.0290e-02,3.3777e-02,3.6512e-02,3.8392e-02,3.9332e-02,3.9270e-02,3.8191e-02,3.6126e-02,3.3158e-02,2.9416e-02,2.5052e-02,2.0236e-02,1.5132e-02,9.8826e-03,4.6001e-03,-6.5499e-04
2.0902e-03,-5.0496e-03,-1.2332e-02,-1.9339e-02,-2.5741e-02,-3.1314e-02,-3.5932e-02,-3.9542e-02,-4.2145e-02,-4.3761e-02,-4.4417e-02,-4.4137e-02,-4.2944e-02,-4.0856e-02,-3.7900e-02,-3.4108e-02,-2.9531e-02,-2.4239e-02,-1.8333e-02,-1.1957e-02,-5.2918e-03,1.4486e-03,8.0467e-03,1.4318e-02,2.0149e-02,2.5508e-02,3.0422e-02,3.4914e-02,3.8935e-02,4.2301e-02,4.4704e-02,4.5770e-02,4.5186e-02,4.2832e-02,3.8875e-02,3.3774e-02,2.8200e-02,2.2889e-02,1.8495e-02,1.5468e-02,1.3998e-02,1.4009e-02,1.5211e-02,1.7172e-02,1.9416e-02,2.1499e-02,2.3089e-02,2.3982e-02,2.4111e-02,2.3506e-02,2.2256e-02,2.0462e-02,1.8212e-02,1.5574e-02,1.2592e-02,9.3020e-03,5.7404e-03,1.9551e-03,-1.9875e-03,-6.0053e-03,-9.9981e-03,-1.3855e-02,-1.7460e-02,-2.0700e-02,-2.3468e-02,-2.5672e-02,-2.7237e-02,-2.8113e-02,-2.8272e-02,-2.7714e-02,-2.6462e-02,-2.4567e-02,-2.2100e-02,-1.9148e-02,-1.5814e-02,-1.2204e-02,-8.4233e-03,-4.5713e-03,-7.3490e-04,3.0125e-03,6.6130e-03,1.0019e-02,1.3191e-02,1.6088e-02,1.8663e-02,2.0858e-02,2.2605e-02,2.3831e-02,2.4467e-02,2.4462e-02,2.3795e-02,2.2482e-02,2.0578e-02,1.8173e-02,1.5375e-02,1.2303e-02,9.0708e-03,5.7693e-03,2.4587e-03,-8.4934e-04
1.8532e-03,-7.0612e-03,-1.6195e-02,-2.5032e-02,-3.3154e-02,-4.0260e-02,-4.6172e-02,-5.0807e-02,-5.4152e-02,-5.6230e-02,-5.7077e-02,-5.6731e-02,-5.5223e-02,-5.2582e-02,-4.8835e-02,-4.4013e-02,-3.8160e-02,-3.1346e-02,-2.3674e-02,-1.5306e-02,-6.4655e-03,2.5645e-03,1.1465e-02,1.9926e-02,2.7704e-02,3.4659e-02,4.0767e-02,4.6076e-02,5.0637e-02,5.4415e-02,5.7241e-02,5.8810e-02,5.8761e-02,5.6798e-02,5.2821e-02,4.7017e-02,3.9869e-02,3.2074e-02,2.4401e-02,1.7549e-02,1.2031e-02,8.1092e-03,5.7970e-03,4.8891e-03,5.0347e-03,5.8161e-03,6.8315e-03,7.7552e-03,8.3775e-03,8.6022e-03,8.4270e-03,7.9031e-03,7.1018e-03,6.0850e-03,4.8967e-03,3.5610e-03,2.0924e-03,5.0216e-04,-1.1900e-03,-2.9527e-03,-4.7427e-03,-6.5035e-03,-8.1728e-03,-9.6847e-03,-1.0976e-02,-1.1991e-02,-1.2686e-02,-1.3029e-02,-1.3010e-02,-1.2634e-02,-1.1922e-02,-1.0915e-02,-9.6628e-03,-8.2283e-03,-6.6740e-03,-5.0651e-03,-3.4578e-03,-1.8970e-03,-4.1483e-04,9.7348e-04,2.2648e-03,3.4654e-03,4.5860e-03,5.6323e-03,6.5990e-03,7.4666e-03,8.2006e-03,8.7551e-03,9.0801e-03,9.1345e-03,8.8934e-03,8.3586e-03,7.5576e-03,6.5415e-03,5.3752e-03,4.1255e-03,2.8528e-03,1.5944e-03,3.5549e-04,-9.0528e-04
1.6282e-03,-8.8506e-03,-1.9637e-02,-3.0126e-02,-3.9813e-02,-4.8324e-02,-5.5427e-02,-6.1006e-02,-6.5035e-02,-6.7536e-02,-6.8554e-02,-6.8139e-02,-6.6335e-02,-6.3181e-02,-5.8711e-02,-5.2961e-02,-4.5975e-02,-3.7822e-02,-2.8610e-02,-1.8511e-02,-7.7695e-03,3.2863e-03,1.4267e-02,2.4768e-02,3.4424e-02,4.2979e-02,5.0316e-02,5.6451e-02,6.1480e-02,6.5484e-02,6.8446e-02,7.0199e-02,7.0447e-02,6.8836e-02,6.5089e-02,5.9131e-02,5.1179e-02,4.1746e-02,3.1566e-02,2.1456e-02,1.2176e-02,4.3108e-03,-1.7909e-03,-6.0339e-03,-8.5457e-03,-9.6167e-03,-9.6290e-03,-8.9748e-03,-7.9934e-03,-6.9308e-03,-5.9261e-03,-5.0302e-03,-4.2343e-03,-3.5051e-03,-2.8105e-03,-2.1339e-03,-1.4761e-03,-8.5042e-04,-2.7468e-04,2.3470e-04,6.7013e-04,1.0322e-03,1.3300e-03,1.5790e-03,1.7964e-03,1.9990e-03,2.1990e-03,2.4018e-03,2.6040e-03,2.7929e-03,2.9485e-03,3.0428e-03,3.0443e-03,2.9226e-03,2.6508e-03,2.2109e-03,1.5981e-03,8.2269e-04,-8.9653e-05,-1.0964e-03,-2.1439e-03,-3.1718e-03,-4.1211e-03,-4.9395e-03,-5.5909e-03,-6.0577e-03,-6.3423e-03,-6.4656e-03,-6.4570e-03,-6.3498e-03,-6.1700e-03,-5.9279e-03,-5.6217e-03,-5.2371e-03,-4.7515e-03,-4.1478e-03,-3.4209e-03,-2.5876e-03,-1.6987e-03,-8.5165e-04
1.4021e-03,-1.0393e-02,-2.2595e-02,-3.4519e-02,-4.5582e-02,-5.5339e-02,-6.3505e-02,-6.9929e-02,-7.4569e-02,-7.7445e-02,-7.8608e-02,-7.8121e-02,-7.6041e-02,-7.2420e-02,-6.7305e-02,-6.0742e-02,-5.2783e-02,-4.3500e-02,-3.3008e-02,-2.1480e-02,-9.1711e-03,3.5709e-03,1.6320e-02,2.8605e-02,3.9973e-02,5.0055e-02,5.8626e-02,6.5629e-02,7.1141e-02,7.5305e-02,7.8227e-02,7.9893e-02,8.0135e-02,7.8658e-02,7.5126e-02,6.9290e-02,6.1116e-02,5.0861e-02,3.9083e-02,2.6564e-02,1.4178e-02,2.7513e-03,-7.0583e-03,-1.4828e-02,-2.0393e-02,-2.3827e-02,-2.5390e-02,-2.5452e-02,-2.4423e-02,-2.2681e-02,-2.0519e-02,-1.8135e-02,-1.5631e-02,-1.3047e-02,-1.0387e-02,-7.6537e-03,-4.8591e-03,-2.0331e-03,7.7958e-04,3.5262e-03,6.1527e-03,8.6094e-03,1.0852e-02,1.2847e-02,1.4565e-02,1.5980e-02,1.7072e-02,1.7820e-02,1.8204e-02,1.8203e-02,1.7798e-02,1.6975e-02,1.5723e-02,1.4043e-02,1.1947e-02,9.4631e-03,6.6400e-03,3.5429e-03,2.5591e-04,-3.1214e-03,-6.4796e-03,-9.7067e-03,-1.2695e-02,-1.5349e-02,-1.7593e-02,-1.9374e-02,-2.0664e-02,-2.1459e-02,-2.1773e-02,-2.1627e-02,-2.1048e-02,-2.0057e-02,-1.8675e-02,-1.6917e-02,-1.4805e-02,-1.2366e-02,-9.6484e-03,-6.7239e-03,-3.6999e-03,-7.2856e-04
1.1617e-03,-1.1670e-02,-2.5016e-02,-3.8125e-02,-5.0342e-02,-6.1157e-02,-7.0233e-02,-7.7384e-02,-8.2548e-02,-8.5741e-02,-8.7019e-02,-8.6455e-02,-8.4121e-02,-8.0087e-02,-7.4415e-02,-6.7166e-02,-5.8406e-02,-4.8219e-02,-3.6722e-02,-2.4091e-02,-1.0580e-02,3.4646e-03,1.7605e-02,3.1340e-02,4.4157e-02,5.5601e-02,6.5343e-02,7.3226e-02,7.9268e-02,8.3611e-02,8.6433e-02,8.7846e-02,8.7831e-02,8.6212e-02,8.2703e-02,7.7001e-02,6.8908e-02,5.8447e-02,4.5931e-02,3.1974e-02,1.7407e-02,3.1597e-03,-9.8880e-03,-2.1018e-02,-2.9757e-02,-3.5896e-02,-3.9484e-02,-4.0775e-02,-4.0157e-02,-3.8075e-02,-3.4955e-02,-3.1153e-02,-2.6923e-02,-2.2424e-02,-1.7741e-02,-1.2920e-02,-7.9946e-03,-3.0097e-03,1.9731e-03,6.8755e-03,1.1608e-02,1.6078e-02,2.0194e-02,2.3873e-02,2.7040e-02,2.9629e-02,3.1585e-02,3.2860e-02,3.3416e-02,3.3225e-02,3.2270e-02,3.0548e-02,2.8071e-02,2.4870e-02,2.0998e-02,1.6528e-02,1.1561e-02,6.2163e-03,6.3445e-04,-5.0301e-03,-1.0616e-02,-1.5961e-02,-2.0911e-02,-2.5330e-02,-2.9106e-02,-3.2153e-02,-3.4417e-02,-3.5869e-02,-3.6506e-02,-3.6340e-02,-3.5397e-02,-3.3709e-02,-3.1312e-02,-2.8250e-02,-2.4579e-02,-2.0373e-02,-1.5726e-02,-1.0761e-02,-5.6442e-03,-5.8120e-04
8.9466e-04,-1.2669e-02,-2.6860e-02,-4.0874e-02,-5.3993e-02,-6.5652e-02,-7.5461e-02,-8.3202e-02,-8.8790e-02,-9.2233e-02,-9.3591e-02,-9.2947e-02,-9.0389e-02,-8.6002e-02,-7.9871e-02,-7.2075e-02,-6.2697e-02,-5.1835e-02,-3.9616e-02,-2.6212e-02,-1.1870e-02,3.0750e-03,1.8197e-02,3.2993e-02,4.6923e-02,5.9474e-02,7.0234e-02,7.8945e-02,8.5540e-02,9.0115e-02,9.2861e-02,9.3974e-02,9.3557e-02,9.1574e-02,8.7850e-02,8.2127e-02,7.4159e-02,6.3823e-02,5.1215e-02,3.6717e-02,2.0990e-02,4.9077e-03,-1.0566e-02,-2.4518e-02,-3.6199e-02,-4.5112e-02,-5.1035e-02,-5.4017e-02,-5.4328e-02,-5.2391e-02,-4.8696e-02,-4.3728e-02,-3.7901e-02,-3.1529e-02,-2.4822e-02,-1.7910e-02,-1.0877e-02,-3.7911e-03,3.2704e-03,1.0214e-02,1.6927e-02,2.3283e-02,2.9152e-02,3.4409e-02,3.8936e-02,4.2627e-02,4.5393e-02,4.7161e-02,4.7874e-02,4.7496e-02,4.6013e-02,4.3433e-02,3.9790e-02,3.5146e-02,2.9590e-02,2.3243e-02,1.6252e-02,8.7898e-03,1.0491e-03,-6.7649e-03,-1.4441e-02,-2.1772e-02,-2.8562e-02,-3.4638e-02,-3.9852e-02,-4.4092e-02,-4.7275e-02,-4.9355e-02,-5.0312e-02,-5.0150e-02,-4.8891e-02,-4.6574e-02,-4.3250e-02,-3.8987e-02,-3.3869e-02,-2.8008e-02,-2.1541e-02,-1.4642e-02,-7.5252e-03,-4.5295e-04
5.9243e-04,-1.3381e-02,-2.8099e-02,-4.2713e-02,-5.6459e-02,-6.8722e-02,-7.9068e-02,-8.7243e-02,-9.3141e-02,-9.6763e-02,-9.8166e-02,-9.7444e-02,-9.4696e-02,-9.0029e-02,-8.3545e-02,-7.5348e-02,-6.5541e-02,-5.4238e-02,-4.1573e-02,-2.7720e-02,-1.2912e-02,2.5359e-03,1.8223e-02,3.3665e-02,4.8322e-02,6.1658e-02,7.3200e-02,8.2608e-02,8.9720e-02,9.4562e-02,9.7296e-02,9.8145e-02,9.7300e-02,9.4846e-02,9.0733e-02,8.4803e-02,7.6853e-02,6.6721e-02,5.4376e-02,3.9999e-02,2.4028e-02,7.1600e-03,-9.7169e-03,-2.5635e-02,-3.9676e-02,-5.1095e-02,-5.9394e-02,-6.4364e-02,-6.6074e-02,-6.4824e-02,-6.1079e-02,-5.5380e-02,-4.8267e-02,-4.0213e-02,-3.1584e-02,-2.2640e-02,-1.3553e-02,-4.4404e-03,4.5940e-03,1.3444e-02,2.1982e-02,3.0062e-02,3.7528e-02,4.4218e-02,4.9979e-02,5.4670e-02,5.8169e-02,6.0378e-02,6.1227e-02,6.0668e-02,5.8691e-02,5.5315e-02,5.0594e-02,4.4619e-02,3.7516e-02,2.9446e-02,2.0603e-02,1.1205e-02,1.4930e-03,-8.2817e-03,-1.7863e-02,-2.7003e-02,-3.5470e-02,-4.3056e-02,-4.9585e-02,-5.4916e-02,-5.8948e-02,-6.1613e-02,-6.2879e-02,-6.2742e-02,-6.1222e-02,-5.8361e-02,-5.4221e-02,-4.8885e-02,-4.2467e-02,-3.5106e-02,-2.6976e-02,-1.8297e-02,-9.3270e-03,-3.7799e-04
2.4845e-04,-1.3803e-02,-2.8712e-02,-4.3606e-02,-5.7686e-02,-7.0296e-02,-8.0964e-02,-8.9405e-02,-9.5494e-02,-9.9215e-02,-1.0063e-01,-9.9835e-02,-9.6943e-02,-9.2075e-02,-8.5358e-02,-7.6913e-02,-6.6868e-02,-5.5353e-02,-4.2513e-02,-2.8520e-02,-1.3594e-02,1.9761e-03,1.7822e-02,3.3493e-02,4.8474e-02,6.2228e-02,7.4253e-02,8.4150e-02,9.1676e-02,9.6774e-02,9.9550e-02,1.0022e-01,9.9010e-02,9.6097e-02,9.1541e-02,8.5294e-02,7.7240e-02,6.7256e-02,5.5285e-02,4.1394e-02,2.5838e-02,9.0939e-03,-8.1405e-03,-2.4994e-02,-4.0529e-02,-5.3854e-02,-6.4252e-02,-7.1250e-02,-7.4664e-02,-7.4593e-02,-7.1373e-02,-6.5514e-02,-5.7607e-02,-4.8243e-02,-3.7946e-02,-2.7132e-02,-1.6103e-02,-5.0668e-03,5.8220e-03,1.6432e-02,2.6625e-02,3.6247e-02,4.5123e-02,5.3071e-02,5.9911e-02,6.5472e-02,6.9607e-02,7.2196e-02,7.3150e-02,7.2420e-02,6.9993e-02,6.5902e-02,6.0218e-02,5.3058e-02,4.4581e-02,3.4986e-02,2.4504e-02,1.3398e-02,1.9482e-03,-9.5528e-03,-2.0812e-02,-3.1545e-02,-4.1488e-02,-5.0405e-02,-5.8095e-02,-6.4394e-02,-6.9182e-02,-7.2376e-02,-7.3932e-02,-7.3839e-02,-7.2114e-02,-6.8800e-02,-6.3968e-02,-5.7716e-02,-5.0172e-02,-4.1502e-02,-3.1910e-02,-2.1649e-02,-1.1021e-02,-3.7960e-04
-1.3775e-04,-1.3932e-02,-2.8691e-02,-4.3535e-02,-5.7643e-02,-7.0331e-02,-8.1096e-02,-8.9626e-02,-9.5775e-02,-9.9519e-02,-1.0091e-01,-1.0006e-01,-9.7074e-02,-9.2099e-02,-8.5273e-02,-7.6744e-02,-6.6655e-02,-5.5156e-02,-4.2399e-02,-2.8559e-02,-1.3841e-02,1.4938e-03,1.7115e-02,3.2615e-02,4.7517e-02,6.1307e-02,7.3480e-02,8.3604e-02,9.1376e-02,9.6665e-02,9.9509e-02,1.0008e-01,9.8624e-02,9.5356e-02,9.0422e-02,8.3870e-02,7.5674e-02,6.5784e-02,5.4176e-02,4.0901e-02,2.6116e-02,1.0124e-02,-6.5937e-03,-2.3371e-02,-3.9392e-02,-5.3775e-02,-6.5684e-02,-7.4442e-02,-7.9615e-02,-8.1051e-02,-7.8882e-02,-7.3483e-02,-6.5401e-02,-5.5272e-02,-4.3735e-02,-3.1358e-02,-1.8600e-02,-5.8000e-03,6.7990e-03,1.9015e-02,3.0690e-02,4.1659e-02,5.1745e-02,6.0757e-02,6.8499e-02,7.4781e-02,7.9437e-02,8.2328e-02,8.3356e-02,8.2465e-02,7.9643e-02,7.4933e-02,6.8423e-02,6.0253e-02,5.0608e-02,3.9720e-02,2.7853e-02,1.5304e-02,2.3888e-03,-1.0567e-02,-2.3239e-02,-3.5314e-02,-4.6502e-02,-5.6543e-02,-6.5214e-02,-7.2335e-02,-7.7768e-02,-8.1421e-02,-8.3238e-02,-8.3202e-02,-8.1326e-02,-7.7657e-02,-7.2269e-02,-6.5267e-02,-5.6795e-02,-4.7035e-02,-3.6216e-02,-2.4616e-02,-1.2569e-02,-4.6300e-04
-5.6332e-04,-1.3767e-02,-2.8037e-02,-4.2499e-02,-5.6324e-02,-6.8813e-02,-7.9441e-02,-8.7877e-02,-9.3957e-02,-9.7645e-02,-9.8991e-02,-9.8094e-02,-9.5081e-02,-9.0099e-02,-8.3302e-02,-7.4855e-02,-6.4919e-02,-5.3659e-02,-4.1238e-02,-2.7828e-02,-1.3622e-02,1.1475e-03,1.6189e-02,3.1143e-02,4.5582e-02,5.9032e-02,7.1008e-02,8.1071e-02,8.8879e-02,9.4243e-02,9.7138e-02,9.7685e-02,9.6104e-02,9.2635e-02,8.7475e-02,8.0742e-02,7.2486e-02,6.2723e-02,5.1483e-02,3.8847e-02,2.4961e-02,1.0046e-02,-5.5809e-03,-2.1472e-02,-3.7027e-02,-5.1511e-02,-6.4119e-02,-7.4082e-02,-8.0774e-02,-8.3800e-02,-8.3042e-02,-7.8662e-02,-7.1067e-02,-6.0840e-02,-4.8656e-02,-3.5194e-02,-2.1061e-02,-6.7523e-03,7.3627e-03,2.1012e-02,3.3989e-02,4.6116e-02,5.7211e-02,6.7085e-02,7.5539e-02,8.2380e-02,8.7428e-02,9.0539e-02,9.1603e-02,9.0562e-02,8.7408e-02,8.2189e-02,7.5009e-02,6.6024e-02,5.5444e-02,4.3524e-02,3.0554e-02,1.6860e-02,2.7825e-03,-1.1326e-02,-2.5117e-02,-3.8255e-02,-5.0430e-02,-6.1362e-02,-7.0815e-02,-7.8592e-02,-8.4546e-02,-8.8573e-02,-9.0610e-02,-9.0636e-02,-8.8662e-02,-8.4733e-02,-7.8926e-02,-7.1355e-02,-6.2167e-02,-5.1559e-02,-3.9773e-02,-2.7108e-02,-1.3918e-02,-6.1835e-04
-1.0203e-03,-1.3311e-02,-2.6759e-02,-4.0509e-02,-5.3743e-02,-6.5757e-02,-7.6016e-02,-8.4174e-02,-9.0054e-02,-9.3609e-02,-9.4882e-02,-9.3968e-02,-9.0997e-02,-8.6117e-02,-7.9494e-02,-7.1301e-02,-6.1717e-02,-5.0917e-02,-3.9074e-02,-2.6356e-02,-1.2946e-02,9.5230e-04,1.5088e-02,2.9154e-02,4.2778e-02,5.5536e-02,6.6982e-02,7.6689e-02,8.4305e-02,8.9599e-02,9.2491e-02,9.3052e-02,9.1464e-02,8.7964e-02,8.2774e-02,7.6061e-02,6.7926e-02,5.8432e-02,4.7652e-02,3.5703e-02,2.2756e-02,9.0259e-03,-5.2396e-03,-1.9745e-02,-3.4108e-02,-4.7817e-02,-6.0235e-02,-7.0643e-02,-7.8342e-02,-8.2756e-02,-8.3526e-02,-8.0561e-02,-7.4050e-02,-6.4425e-02,-5.2301e-02,-3.8387e-02,-2.3394e-02,-7.9623e-03,7.3832e-03,2.2247e-02,3.6338e-02,4.9435e-02,6.1344e-02,7.1883e-02,8.0861e-02,8.8093e-02,9.3402e-02,9.6641e-02,9.7701e-02,9.6524e-02,9.3104e-02,8.7496e-02,7.9814e-02,7.0230e-02,5.8966e-02,4.6296e-02,3.2529e-02,1.8010e-02,3.0970e-03,-1.1839e-02,-2.6433e-02,-4.0334e-02,-5.3218e-02,-6.4792e-02,-7.4809e-02,-8.3063e-02,-8.9398e-02,-9.3703e-02,-9.5911e-02,-9.5995e-02,-9.3967e-02,-8.9871e-02,-8.3785e-02,-7.5825e-02,-6.6143e-02,-5.4941e-02,-4.2469e-02,-2.9036e-02,-1.5010e-02,-8.2122e-04
-1.4960e-03,-1.2566e-02,-2.4872e-02,-3.7596e-02,-4.9939e-02,-6.1209e-02,-7.0869e-02,-7.8567e-02,-8.4117e-02,-8.7465e-02,-8.8644e-02,-8.7745e-02,-8.4891e-02,-8.0229e-02,-7.3929e-02,-6.6168e-02,-5.7136e-02,-4.7016e-02,-3.5984e-02,-2.4210e-02,-1.1860e-02,8.8806e-04,1.3824e-02,2.6694e-02,3.9186e-02,5.0935e-02,6.1545e-02,7.0621e-02,7.7816e-02,8.2880e-02,8.5695e-02,8.6281e-02,8.4782e-02,8.1411e-02,7.6399e-02,6.9937e-02,6.2161e-02,5.3163e-02,4.3033e-02,3.1904e-02,1.9966e-02,7.4573e-03,-5.3742e-03,-1.8290e-02,-3.1047e-02,-4.3349e-02,-5.4788e-02,-6.4826e-02,-7.2832e-02,-7.8169e-02,-8.0305e-02,-7.8909e-02,-7.3911e-02,-6.5519e-02,-5.4188e-02,-4.0560e-02,-2.5368e-02,-9.3550e-03,6.8138e-03,2.2592e-02,3.7569e-02,5.1441e-02,6.3982e-02,7.5003e-02,8.4329e-02,9.1791e-02,9.7229e-02,1.0051e-01,1.0152e-01,1.0022e-01,9.6606e-02,9.0735e-02,8.2729e-02,7.2769e-02,6.1086e-02,4.7962e-02,3.3720e-02,1.8710e-02,3.3039e-03,-1.2120e-02,-2.7187e-02,-4.1537e-02,-5.4838e-02,-6.6793e-02,-7.7146e-02,-8.5685e-02,-9.2252e-02,-9.6730e-02,-9.9050e-02,-9.9184e-02,-9.7141e-02,-9.2964e-02,-8.6734e-02,-7.8565e-02,-6.8612e-02,-5.7075e-02,-4.4207e-02,-3.0320e-02,-1.5784e-02,-1.0343e-03
-1.9732e-03,-1.1537e-02,-2.2404e-02,-3.3802e-02,-4.4972e-02,-5.5240e-02,-6.4081e-02,-7.1144e-02,-7.6240e-02,-7.9309e-02,-8.0378e-02,-7.9526e-02,-7.6868e-02,-7.2545e-02,-6.6719e-02,-5.9571e-02,-5.1290e-02,-4.2064e-02,-3.2072e-02,-2.1477e-02,-1.0433e-02,9.1033e-04,1.2384e-02,2.3787e-02,3.4870e-02,4.5334e-02,5.4839e-02,6.3036e-02,6.9602e-02,7.4283e-02,7.6935e-02,7.7539e-02,7.6197e-02,7.3095e-02,6.8453e-02,6.2473e-02,5.5309e-02,4.7068e-02,3.7842e-02,2.7751e-02,1.6979e-02,5.7685e-03,-5.6110e-03,-1.6910e-02,-2.7930e-02,-3.8501e-02,-4.8422e-02,-5.7391e-02,-6.4962e-02,-7.0582e-02,-7.3665e-02,-7.3714e-02,-7.0415e-02,-6.3716e-02,-5.3837e-02,-4.1252e-02,-2.6623e-02,-1.0708e-02,5.7316e-03,2.2010e-02,3.7569e-02,5.1994e-02,6.4984e-02,7.6322e-02,8.5840e-02,9.3388e-02,9.8834e-02,1.0207e-01,1.0300e-01,1.0159e-01,9.7851e-02,9.1844e-02,8.3696e-02,7.3588e-02,6.1756e-02,4.8483e-02,3.4091e-02,1.8934e-02,3.3837e-03,-1.2180e-02,-2.7383e-02,-4.1862e-02,-5.5284e-02,-6.7351e-02,-7.7805e-02,-8.6435e-02,-9.3079e-02,-9.7621e-02,-9.9989e-02,-1.0016e-01,-9.8130e-02,-9.3955e-02,-8.7709e-02,-7.9507e-02,-6.9501e-02,-5.7889e-02,-4.4918e-02,-3.0895e-02,-1.6185e-02,-1.2157e-03
-2.4328e-03,-1.0233e-02,-1.9390e-02,-2.9192e-02,-3.8927e-02,-4.7955e-02,-5.5771e-02,-6.2034e-02,-6.6558e-02,-6.9281e-02,-7.0223e-02,-6.9452e-02,-6.7070e-02,-6.3204e-02,-5.8006e-02,-5.1647e-02,-4.4312e-02,-3.6189e-02,-2.7452e-02,-1.8259e-02,-8.7454e-03,9.6425e-04,1.0744e-02,2.0446e-02,2.9886e-02,3.8831e-02,4.7007e-02,5.4116e-02,5.9870e-02,6.4029e-02,6.6434e-02,6.7038e-02,6.5904e-02,6.3183e-02,5.9077e-02,5.3786e-02,4.7470e-02,4.0243e-02,3.2188e-02,2.3399e-02,1.4021e-02,4.2704e-03,-5.5858e-03,-1.5276e-02,-2.4580e-02,-3.3359e-02,-4.1524e-02,-4.8970e-02,-5.5489e-02,-6.0719e-02,-6.4166e-02,-6.5284e-02,-6.3598e-02,-5.8805e-02,-5.0862e-02,-4.0000e-02,-2.6706e-02,-1.1659e-02,4.3657e-03,2.0591e-02,3.6326e-02,5.1015e-02,6.4248e-02,7.5747e-02,8.5322e-02,9.2839e-02,9.8195e-02,1.0131e-01,1.0213e-01,1.0063e-01,9.6840e-02,9.0824e-02,8.2712e-02,7.2683e-02,6.0970e-02,4.7848e-02,3.3634e-02,1.8672e-02,3.3264e-03,-1.2031e-02,-2.7030e-02,-4.1318e-02,-5.4565e-02,-6.6477e-02,-7.6798e-02,-8.5323e-02,-9.1889e-02,-9.6383e-02,-9.8733e-02,-9.8914e-02,-9.6933e-02,-9.2834e-02,-8.6696e-02,-7.8629e-02,-6.8781e-02,-5.7345e-02,-4.4558e-02,-3.0716e-02,-1.6167e-02,-1.3239e-03
-2.8519e-03,-8.6666e-03,-1.5879e-02,-2.3847e-02,-3.1916e-02,-3.9491e-02,-4.6097e-02,-5.1409e-02,-5.5253e-02,-5.7566e-02,-5.8364e-02,-5.7706e-02,-5.5675e-02,-5.2381e-02,-4.7956e-02,-4.2556e-02,-3.6354e-02,-2.9529e-02,-2.2249e-02,-1.4660e-02,-6.8795e-03,9.9700e-04,8.8851e-03,1.6691e-02,2.4294e-02,3.1531e-02,3.8195e-02,4.4048e-02,4.8844e-02,5.2364e-02,5.4448e-02,5.5029e-02,5.4134e-02,5.1883e-02,4.8449e-02,4.4019e-02,3.8753e-02,3.2764e-02,2.6123e-02,1.8893e-02,1.1167e-02,3.1012e-03,-5.0766e-03,-1.3101e-02,-2.0726e-02,-2.7780e-02,-3.4190e-02,-3.9951e-02,-4.5043e-02,-4.9337e-02,-5.2535e-02,-5.4188e-02,-5.3775e-02,-5.0831e-02,-4.5061e-02,-3.6422e-02,-2.5154e-02,-1.1755e-02,3.0860e-03,1.8584e-02,3.3958e-02,4.8523e-02,6.1739e-02,7.3226e-02,8.2739e-02,9.0134e-02,9.5330e-02,9.8283e-02,9.8974e-02,9.7411e-02,9.3637e-02,8.7735e-02,7.9830e-02,7.0100e-02,5.8765e-02,4.6088e-02,3.2369e-02,1.7936e-02,3.1365e-03,-1.1674e-02,-2.6141e-02,-3.9924e-02,-5.2705e-02,-6.4200e-02,-7.4162e-02,-8.2389e-02,-8.8726e-02,-9.3062e-02,-9.5330e-02,-9.5504e-02,-9.3594e-02,-8.9644e-02,-8.3728e-02,-7.5956e-02,-6.6469e-02,-5.5448e-02,-4.3121e-02,-2.9764e-02,-1.5704e-02,-1.3237e-03
-3.2085e-03,-6.8586e-03,-1.1934e-02,-1.7871e-02,-2.4082e-02,-3.0023e-02,-3.5259e-02,-3.9489e-02,-4.2554e-02,-4.4400e-02,-4.5038e-02,-4.4518e-02,-4.2905e-02,-4.0286e-02,-3.6767e-02,-3.2481e-02,-2.7583e-02,-2.2234e-02,-1.6591e-02,-1.0784e-02,-4.9098e-03,9.6560e-04,6.8001e-03,1.2554e-02,1.8169e-02,2.3552e-02,2.8566e-02,3.3034e-02,3.6759e-02,3.9548e-02,4.1252e-02,4.1785e-02,4.1152e-02,3.9434e-02,3.6775e-02,3.3341e-02,2.9283e-02,2.4709e-02,1.9679e-02,1.4225e-02,8.3854e-03,2.2455e-03,-4.0416e-03,-1.0259e-02,-1.6165e-02,-2.1557e-02,-2.6321e-02,-3.0450e-02,-3.4014e-02,-3.7062e-02,-3.9525e-02,-4.1150e-02,-4.1514e-02,-4.0111e-02,-3.6478e-02,-3.0316e-02,-2.1584e-02,-1.0524e-02,2.3597e-03,1.6374e-02,3.0733e-02,4.4669e-02,5.7518e-02,6.8772e-02,7.8096e-02,8.5299e-02,9.0296e-02,9.3068e-02,9.3636e-02,9.2045e-02,8.8364e-02,8.2691e-02,7.5158e-02,6.5932e-02,5.5219e-02,4.3264e-02,3.0342e-02,1.6756e-02,2.8290e-03,-1.1109e-02,-2.4727e-02,-3.7704e-02,-4.9741e-02,-6.0568e-02,-6.9952e-02,-7.7701e-02,-8.3665e-02,-8.7743e-02,-8.9868e-02,-9.0019e-02,-8.8205e-02,-8.4469e-02,-7.8887e-02,-7.1559e-02,-6.2622e-02,-5.2244e-02,-4.0636e-02,-2.8050e-02,-1.4787e-02,-1.1917e-03
-3.4805e-03,-4.8376e-03,-7.6341e-03,-1.1392e-02,-1.5596e-02,-1.9764e-02,-2.3501e-02,-2.6543e-02,-2.8748e-02,-3.0073e-02,-3.0533e-02,-3.0169e-02,-2.9028e-02,-2.7168e-02,-2.4668e-02,-2.1629e-02,-1.8179e-02,-1.4459e-02,-1.0604e-02,-6.7261e-03,-2.8989e-03,8.4350e-04,4.5011e-03,8.0868e-03,1.1606e-02,1.5033e-02,1.8300e-02,2.1294e-02,2.3865e-02,2.5858e-02,2.7134e-02,2.7601e-02,2.7239e-02,2.6097e-02,2.4287e-02,2.1946e-02,1.9211e-02,1.6178e-02,1.2899e-02,9.3777e-03,5.6061e-03,1.5963e-03,-2.5840e-03,-6.8002e-03,-1.0864e-02,-1.4573e-02,-1.7774e-02,-2.0413e-02,-2.2544e-02,-2.4293e-02,-2.5762e-02,-2.6919e-02,-2.7539e-02,-2.7210e-02,-2.5427e-02,-2.1718e-02,-1.5782e-02,-7.5723e-03,2.6714e-03,1.4445e-02,2.7062e-02,3.9752e-02,5.1770e-02,6.2491e-02,7.1459e-02,7.8396e-02,8.3176e-02,8.5782e-02,8.6261e-02,8.4696e-02,8.1189e-02,7.5860e-02,6.8847e-02,6.0313e-02,5.0447e-02,3.9468e-02,2.7623e-02,1.5181e-02,2.4307e-03,-1.0331e-02,-2.2801e-02,-3.4690e-02,-4.5722e-02,-5.5648e-02,-6.4251e-02,-7.1353e-02,-7.6815e-02,-8.0541e-02,-8.2471e-02,-8.2585e-02,-8.0894e-02,-7.7441e-02,-7.2295e-02,-6.5554e-02,-5.7342e-02,-4.7817e-02,-3.7166e-02,-2.5617e-02,-1.3433e-02,-9.1934e-04
-3.6511e-03,-2.6416e-03,-3.0746e-03,-4.5607e-03,-6.6624e-03,-8.9614e-03,-1.1113e-02,-1.2887e-02,-1.4168e-02,-1.4930e-02,-1.5193e-02,-1.4992e-02,-1.4357e-02,-1.3320e-02,-1.1922e-02,-1.0233e-02,-8.3449e-03,-6.3694e-03,-4.4174e-03,-2.5774e-03,-8.9730e-04,6.2188e-04,2.0209e-03,3.3659e-03,4.7227e-03,6.1328e-03,7.5961e-03,9.0607e-03,1.0430e-02,1.1583e-02,1.2398e-02,1.2781e-02,1.2692e-02,1.2150e-02,1.1232e-02,1.0046e-02,8.7053e-03,7.2937e-03,5.8472e-03,4.3517e-03,2.7598e-03,1.0214e-03,-8.8149e-04,-2.9099e-03,-4.9596e-03,-6.8795e-03,-8.5158e-03,-9.7663e-03,-1.0627e-02,-1.1203e-02,-1.1658e-02,-1.2126e-02,-1.2595e-02,-1.2846e-02,-1.2466e-02,-1.0937e-02,-7.7783e-03,-2.6749e-03,4.4290e-03,1.3301e-02,2.3451e-02,3.4206e-02,4.4826e-02,5.4606e-02,6.2974e-02,6.9537e-02,7.4084e-02,7.6559e-02,7.7013e-02,7.5554e-02,7.2315e-02,6.7443e-02,6.1090e-02,5.3416e-02,4.4596e-02,3.4819e-02,2.4300e-02,1.3269e-02,1.9719e-03,-9.3331e-03,-2.0385e-02,-3.0926e-02,-4.0713e-02,-4.9523e-02,-5.7161e-02,-6.3464e-02,-6.8307e-02,-7.1602e-02,-7.3294e-02,-7.3366e-02,-7.1829e-02,-6.8723e-02,-6.4114e-02,-5.8092e-02,-5.0769e-02,-4.2286e-02,-3.2809e-02,-2.2533e-02,-1.1683e-02,-5.1504e-04
-3.7073e-03,-3.1887e-04,1.6340e-03,2.4523e-03,2.4917e-03,2.1053e-03,1.5854e-03,1.1235e-03,8.0621e-04,6.3974e-04,5.9355e-04,6.3561e-04,7.4954e-04,9.3158e-04,1.1744e-03,1.4506e-03,1.7056e-03,1.8621e-03,1.8401e-03,1.5780e-03,1.0561e-03,3.0617e-04,-5.8898e-04,-1.5134e-03,-2.3417e-03,-2.9679e-03,-3.3282e-03,-3.4125e-03,-3.2664e-03,-2.9756e-03,-2.6417e-03,-2.3575e-03,-2.1795e-03,-2.1160e-03,-2.1249e-03,-2.1290e-03,-2.0433e-03,-1.8026e-03,-1.3851e-03,-8.2286e-04,-1.9258e-04,4.0374e-04,8.7583e-04,1.1695e-03,1.2901e-03,1.3038e-03,1.3199e-03,1.4450e-03,1.7365e-03,2.1584e-03,2.5736e-03,2.7943e-03,2.6774e-03,2.2335e-03,1.6905e-03,1.4777e-03,2.1320e-03,4.1541e-03,7.8765e-03,1.3371e-02,2.0423e-02,2.8562e-02,3.7148e-02,4.5477e-02,5.2900e-02,5.8907e-02,6.3172e-02,6.5557e-02,6.6070e-02,6.4819e-02,6.1960e-02,5.7666e-02,5.2104e-02,4.5440e-02,3.7836e-02,2.9457e-02,2.0479e-02,1.1089e-02,1.4874e-03,-8.1161e-03,-1.7506e-02,-2.6469e-02,-3.4797e-02,-4.2299e-02,-4.8808e-02,-5.4178e-02,-5.8302e-02,-6.1098e-02,-6.2520e-02,-6.2551e-02,-6.1203e-02,-5.8511e-02,-5.4535e-02,-4.9354e-02,-4.3069e-02,-3.5801e-02,-2.7688e-02,-1.8893e-02,-9.5975e-03,-2.5183e-06
-3.6441e-03,2.0734e-03,6.3716e-03,9.4631e-03,1.1623e-02,1.3138e-02,1.4248e-02,1.5106e-02,1.5766e-02,1.6213e-02,1.6403e-02,1.6302e-02,1.5902e-02,1.5227e-02,1.4303e-02,1.3146e-02,1.1742e-02,1.0055e-02,8.0372e-03,5.6591e-03,2.9298e-03,-8.4780e-05,-3.2623e-03,-6.4384e-03,-9.4314e-03,-1.2074e-02,-1.4240e-02,-1.5861e-02,-1.6934e-02,-1.7507e-02,-1.7662e-02,-1.7490e-02,-1.7058e-02,-1.6401e-02,-1.5507e-02,-1.4336e-02,-1.2830e-02,-1.0946e-02,-8.6810e-03,-6.0837e-03,-3.2549e-03,-3.3346e-04,2.5295e-03,5.1998e-03,7.5862e-03,9.6587e-03,1.1445e-02,1.3013e-02,1.4432e-02,1.5724e-02,1.6826e-02,1.7587e-02,1.7815e-02,1.7374e-02,1.6291e-02,1.4817e-02,1.3411e-02,1.2636e-02,1.3021e-02,1.4923e-02,1.8436e-02,2.3373e-02,2.9293e-02,3.5595e-02,4.1626e-02,4.6796e-02,5.0658e-02,5.2955e-02,5.3612e-02,5.2691e-02,5.0345e-02,4.6757e-02,4.2117e-02,3.6596e-02,3.0353e-02,2.3530e-02,1.6269e-02,8.7121e-03,1.0079e-03,-6.6868e-03,-1.4209e-02,-2.1393e-02,-2.8076e-02,-3.4105e-02,-3.9341e-02,-4.3665e-02,-4.6984e-02,-4.9230e-02,-5.0359e-02,-5.0359e-02,-4.9236e-02,-4.7024e-02,-4.3771e-02,-3.9547e-02,-3.4434e-02,-2.8530e-02,-2.1948e-02,-1.4811e-02,-7.2528e-03,5.8080e-04
-3.4629e-03,4.4719e-03,1.1012e-02,1.6284e-02,2.0485e-02,2.3837e-02,2.6528e-02,2.8673e-02,3.0297e-02,3.1360e-02,3.1801e-02,3.1580e-02,3.0697e-02,2.9193e-02,2.7130e-02,2.4565e-02,2.1527e-02,1.8023e-02,1.4042e-02,9.5875e-03,4.6989e-03,-5.2512e-04,-5.9241e-03,-1.1288e-02,-1.6381e-02,-2.0980e-02,-2.4898e-02,-2.8014e-02,-3.0275e-02,-3.1697e-02,-3.2339e-02,-3.2288e-02,-3.1622e-02,-3.0397e-02,-2.8633e-02,-2.6321e-02,-2.3434e-02,-1.9957e-02,-1.5904e-02,-1.1342e-02,-6.3914e-03,-1.2219e-03,3.9702e-03,8.9851e-03,1.3650e-02,1.7838e-02,2.1486e-02,2.4589e-02,2.7182e-02,2.9308e-02,3.0969e-02,3.2091e-02,3.2522e-02,3.2086e-02,3.0669e-02,2.8331e-02,2.5360e-02,2.2253e-02,1.9610e-02,1.7993e-02,1.7790e-02,1.9127e-02,2.1845e-02,2.5545e-02,2.9668e-02,3.3614e-02,3.6850e-02,3.8991e-02,3.9838e-02,3.9364e-02,3.7673e-02,3.4936e-02,3.1350e-02,2.7098e-02,2.2338e-02,1.7197e-02,1.1788e-02,6.2096e-03,5.5932e-04,-5.0625e-03,-1.0550e-02,-1.5793e-02,-2.0678e-02,-2.5095e-02,-2.8941e-02,-3.2124e-02,-3.4569e-02,-3.6221e-02,-3.7046e-02,-3.7027e-02,-3.6172e-02,-3.4502e-02,-3.2058e-02,-2.8892e-02,-2.5069e-02,-2.0661e-02,-1.5747e-02,-1.0410e-02,-4.7358e-03,1.1903e-03
-3.1739e-03,6.8097e-03,1.5431e-02,2.2733e-02,2.8840e-02,3.3912e-02,3.8091e-02,4.1453e-02,4.3998e-02,4.5661e-02,4.6363e-02,4.6053e-02,4.4734e-02,4.2461e-02,3.9325e-02,3.5421e-02,3.0825e-02,2.5583e-02,1.9725e-02,1.3288e-02,6.3408e-03,-9.8531e-04,-8.4945e-03,-1.5934e-02,-2.3022e-02,-2.9478e-02,-3.5062e-02,-3.9600e-02,-4.2996e-02,-4.5232e-02,-4.6349e-02,-4.6426e-02,-4.5550e-02,-4.3797e-02,-4.1215e-02,-3.7824e-02,-3.3630e-02,-2.8643e-02,-2.2900e-02,-1.6486e-02,-9.5392e-03,-2.2537e-03,5.1387e-03,1.2389e-02,1.9255e-02,2.5531e-02,3.1062e-02,3.5758e-02,3.9594e-02,4.2585e-02,4.4761e-02,4.6119e-02,4.6589e-02,4.6039e-02,4.4316e-02,4.1349e-02,3.7241e-02,3.2328e-02,2.7155e-02,2.2366e-02,1.8561e-02,1.6164e-02,1.5333e-02,1.5944e-02,1.7638e-02,1.9899e-02,2.2174e-02,2.3983e-02,2.4991e-02,2.5039e-02,2.4135e-02,2.2399e-02,2.0008e-02,1.7146e-02,1.3973e-02,1.0610e-02,7.1485e-03,3.6489e-03,1.5999e-04,-3.2738e-03,-6.6067e-03,-9.7873e-03,-1.2757e-02,-1.5454e-02,-1.7815e-02,-1.9780e-02,-2.1299e-02,-2.2327e-02,-2.2838e-02,-2.2818e-02,-2.2267e-02,-2.1199e-02,-1.9639e-02,-1.7622e-02,-1.5188e-02,-1.2381e-02,-9.2456e-03,-5.8197e-03,-2.1368e-03,1.7771e-03
-2.7932e-03,9.0214e-03,1.9511e-02,2.8645e-02,3.6475e-02,4.3106e-02,4.8636e-02,5.3112e-02,5.6506e-02,5.8735e-02,5.9699e-02,5.9334e-02,5.7639e-02,5.4681e-02,5.0572e-02,4.5442e-02,3.9408e-02,3.2558e-02,2.4961e-02,1.6687e-02,7.8347e-03,-1.4355e-03,-1.0896e-02,-2.0256e-02,-2.9188e-02,-3.7365e-02,-4.4495e-02,-5.0356e-02,-5.4812e-02,-5.7812e-02,-5.9379e-02,-5.9587e-02,-5.8529e-02,-5.6298e-02,-5.2967e-02,-4.8585e-02,-4.3185e-02,-3.6806e-02,-2.9506e-02,-2.1389e-02,-1.2613e-02,-3.3896e-03,6.0197e-03,1.5328e-02,2.4241e-02,3.2487e-02,3.9835e-02,4.6114e-02,5.1223e-02,5.5127e-02,5.7841e-02,5.9395e-02,5.9795e-02,5.8992e-02,5.6883e-02,5.3357e-02,4.8392e-02,4.2148e-02,3.5018e-02,2.7599e-02,2.0583e-02,1.4610e-02,1.0140e-02,7.3619e-03,6.1873e-03,6.2868e-03,7.1840e-03,8.3660e-03,9.3886e-03,9.9515e-03,9.9227e-03,9.3210e-03,8.2642e-03,6.9135e-03,5.4227e-03,3.9122e-03,2.4566e-03,1.0905e-03,-1.7916e-04,-1.3616e-03,-2.4702e-03,-3.5125e-03,-4.4901e-03,-5.3928e-03,-6.2025e-03,-6.8948e-03,-7.4440e-03,-7.8255e-03,-8.0196e-03,-8.0127e-03,-7.7993e-03,-7.3814e-03,-6.7678e-03,-5.9717e-03,-5.0061e-03,-3.8825e-03,-2.6046e-03,-1.1652e-03,4.5656e-04,2.2958e-03
-2.3420e-03,1.1044e-02,2.3150e-02,3.3874e-02,4.3206e-02,5.1198e-02,5.7912e-02,6.3366e-02,6.7514e-02,7.0255e-02,7.1471e-02,7.1085e-02,6.9086e-02,6.5544e-02,6.0589e-02,5.4380e-02,4.7069e-02,3.8786e-02,2.9634e-02,1.9717e-02,9.1614e-03,-1.8475e-03,-1.3054e-02,-2.4135e-02,-3.4724e-02,-4.4449e-02,-5.2974e-02,-6.0033e-02,-6.5451e-02,-6.9149e-02,-7.1133e-02,-7.1470e-02,-7.0260e-02,-6.7610e-02,-6.3614e-02,-5.8348e-02,-5.1872e-02,-4.4247e-02,-3.5556e-02,-2.5920e-02,-1.5514e-02,-4.5710e-03,6.6276e-03,1.7764e-02,2.8506e-02,3.8529e-02,4.7544e-02,5.5310e-02,6.1656e-02,6.6486e-02,6.9773e-02,7.1545e-02,7.1850e-02,7.0715e-02,6.8122e-02,6.4009e-02,5.8316e-02,5.1079e-02,4.2524e-02,3.3102e-02,2.3468e-02,1.4357e-02,6.4489e-03,2.3184e-04,-4.0767e-03,-6.5414e-03,-7.4665e-03,-7.3024e-03,-6.5368e-03,-5.5894e-03,-4.7460e-03,-4.1319e-03,-3.7355e-03,-3.4588e-03,-3.1762e-03,-2.7773e-03,-2.1952e-03,-1.4131e-03,-4.5558e-04,6.2273e-04,1.7563e-03,2.8763e-03,3.9233e-03,4.8518e-03,5.6318e-03,6.2468e-03,6.6930e-03,6.9752e-03,7.1032e-03,7.0879e-03,6.9409e-03,6.6735e-03,6.2958e-03,5.8201e-03,5.2632e-03,4.6510e-03,4.0230e-03,3.4360e-03,2.9660e-03,2.7082e-03
-1.8471e-03,1.2821e-02,2.6260e-02,3.8305e-02,4.8888e-02,5.8017e-02,6.5719e-02,7.1994e-02,7.6779e-02,7.9961e-02,8.1409e-02,8.1028e-02,7.8799e-02,7.4788e-02,6.9135e-02,6.2021e-02,5.3629e-02,4.4123e-02,3.3642e-02,2.2317e-02,1.0302e-02,-2.1978e-03,-1.4904e-02,-2.7467e-02,-3.9488e-02,-5.0558e-02,-6.0298e-02,-6.8405e-02,-7.4668e-02,-7.8982e-02,-8.1338e-02,-8.1797e-02,-8.0465e-02,-7.7461e-02,-7.2898e-02,-6.6874e-02,-5.9472e-02,-5.0775e-02,-4.0886e-02,-2.9945e-02,-1.8143e-02,-5.7294e-03,6.9945e-03,1.9688e-02,3.1990e-02,4.3540e-02,5.4001e-02,6.3081e-02,7.0552e-02,7.6259e-02,8.0128e-02,8.2157e-02,8.2401e-02,8.0935e-02,7.7821e-02,7.3078e-02,6.6693e-02,5.8663e-02,4.9089e-02,3.8259e-02,2.6688e-02,1.5079e-02,4.2108e-03,-5.2100e-03,-1.2674e-02,-1.7945e-02,-2.1076e-02,-2.2358e-02,-2.2229e-02,-2.1165e-02,-1.9582e-02,-1.7766e-02,-1.5854e-02,-1.3860e-02,-1.1724e-02,-9.3664e-03,-6.7349e-03,-3.8216e-03,-6.7258e-04,2.6256e-03,5.9620e-03,9.2160e-03,1.2270e-02,1.5025e-02,1.7398e-02,1.9331e-02,2.0786e-02,2.1743e-02,2.2199e-02,2.2162e-02,2.1647e-02,2.0679e-02,1.9289e-02,1.7516e-02,1.5412e-02,1.3044e-02,1.0497e-02,7.8802e-03,5.3260e-03,2.9882e-03
-1.3348e-03,1.4304e-02,2.8772e-02,4.1849e-02,5.3415e-02,6.3437e-02,7.1916e-02,7.8835e-02,8.4125e-02,8.7664e-02,8.9311e-02,8.8957e-02,8.6570e-02,8.2209e-02,7.6018e-02,6.8192e-02,5.8938e-02,4.8450e-02,3.6896e-02,2.4435e-02,1.1239e-02,-2.4682e-03,-1.6392e-02,-3.0165e-02,-4.3361e-02,-5.5540e-02,-6.6291e-02,-7.5272e-02,-8.2245e-02,-8.7080e-02,-8.9753e-02,-9.0322e-02,-8.8897e-02,-8.5607e-02,-8.0584e-02,-7.3942e-02,-6.5783e-02,-5.6211e-02,-4.5344e-02,-3.3339e-02,-2.0402e-02,-6.7959e-03,7.1612e-03,2.1111e-02,3.4670e-02,4.7452e-02,5.9088e-02,6.9249e-02,7.7665e-02,8.4135e-02,8.8541e-02,9.0846e-02,9.1087e-02,8.9353e-02,8.5757e-02,8.0398e-02,7.3342e-02,6.4625e-02,5.4303e-02,4.2541e-02,2.9689e-02,1.6315e-02,3.1651e-03,-8.9537e-03,-1.9316e-02,-2.7403e-02,-3.2977e-02,-3.6086e-02,-3.7025e-02,-3.6232e-02,-3.4189e-02,-3.1320e-02,-2.7932e-02,-2.4191e-02,-2.0150e-02,-1.5799e-02,-1.1118e-02,-6.1126e-03,-8.4136e-04,4.5898e-03,1.0039e-02,1.5342e-02,2.0335e-02,2.4863e-02,2.8796e-02,3.2030e-02,3.4489e-02,3.6126e-02,3.6920e-02,3.6872e-02,3.5999e-02,3.4339e-02,3.1944e-02,2.8882e-02,2.5241e-02,2.1132e-02,1.6691e-02,1.2079e-02,7.4863e-03,3.1231e-03
-8.3395e-04,1.5452e-02,3.0635e-02,4.4444e-02,5.6716e-02,6.7379e-02,7.6414e-02,8.3793e-02,8.9443e-02,9.3243e-02,9.5044e-02,9.4730e-02,9.2252e-02,8.7661e-02,8.1098e-02,7.2762e-02,6.2882e-02,5.1671e-02,3.9326e-02,2.6024e-02,1.1956e-02,-2.6464e-03,-1.7478e-02,-3.2157e-02,-4.6244e-02,-5.9273e-02,-7.0805e-02,-8.0469e-02,-8.8000e-02,-9.3247e-02,-9.6174e-02,-9.6835e-02,-9.5344e-02,-9.1842e-02,-8.6472e-02,-7.9363e-02,-7.0634e-02,-6.0402e-02,-4.8799e-02,-3.5994e-02,-2.2205e-02,-7.7082e-03,7.1678e-03,2.2049e-02,3.6538e-02,5.0230e-02,6.2737e-02,7.3706e-02,8.2839e-02,8.9904e-02,9.4752e-02,9.7312e-02,9.7594e-02,9.5682e-02,9.1707e-02,8.5822e-02,7.8166e-02,6.8849e-02,5.7956e-02,4.5602e-02,3.2007e-02,1.7572e-02,2.9103e-03,-1.1203e-02,-2.3947e-02,-3.4590e-02,-4.2619e-02,-4.7805e-02,-5.0208e-02,-5.0135e-02,-4.8042e-02,-4.4428e-02,-3.9745e-02,-3.4331e-02,-2.8397e-02,-2.2047e-02,-1.5329e-02,-8.2842e-03,-9.8230e-04,6.4609e-03,1.3886e-02,2.1104e-02,2.7911e-02,3.4111e-02,3.9526e-02,4.4010e-02,4.7447e-02,4.9759e-02,5.0903e-02,5.0867e-02,4.9668e-02,4.7352e-02,4.3991e-02,3.9684e-02,3.4556e-02,2.8763e-02,2.2492e-02,1.5961e-02,9.4139e-03,3.1171e-03
-3.7134e-04,1.6235e-02,3.1813e-02,4.6053e-02,5.8751e-02,6.9804e-02,7.9172e-02,8.6821e-02,9.2683e-02,9.6638e-02,9.8543e-02,9.8270e-02,9.5761e-02,9.1054e-02,8.4281e-02,7.5644e-02,6.5379e-02,5.3719e-02,4.0878e-02,2.7050e-02,1.2435e-02,-2.7278e-03,-1.8132e-02,-3.3394e-02,-4.8064e-02,-6.1662e-02,-7.3727e-02,-8.3866e-02,-9.1789e-02,-9.7330e-02,-1.0044e-01,-1.0117e-01,-9.9640e-02,-9.5998e-02,-9.0399e-02,-8.2984e-02,-7.3883e-02,-6.3221e-02,-5.1141e-02,-3.7819e-02,-2.3482e-02,-8.4134e-03,7.0483e-03,2.2522e-02,3.7598e-02,5.1864e-02,6.4920e-02,7.6401e-02,8.5996e-02,9.3456e-02,9.8610e-02,1.0136e-01,1.0171e-01,9.9702e-02,9.5481e-02,8.9217e-02,8.1101e-02,7.1312e-02,5.9997e-02,4.7290e-02,3.3349e-02,1.8441e-02,3.0092e-03,-1.2308e-02,-2.6722e-02,-3.9410e-02,-4.9651e-02,-5.6948e-02,-6.1091e-02,-6.2168e-02,-6.0507e-02,-5.6593e-02,-5.0959e-02,-4.4094e-02,-3.6384e-02,-2.8091e-02,-1.9381e-02,-1.0361e-02,-1.1310e-03,8.1817e-03,1.7414e-02,2.6365e-02,3.4813e-02,4.2531e-02,4.9307e-02,5.4951e-02,5.9312e-02,6.2279e-02,6.3781e-02,6.3790e-02,6.2316e-02,5.9411e-02,5.5161e-02,4.9692e-02,4.3169e-02,3.5793e-02,2.7801e-02,1.9466e-02,1.1089e-02,2.9857e-03
2.9944e-05,1.6630e-02,3.2288e-02,4.6662e-02,5.9511e-02,7.0705e-02,8.0186e-02,8.7919e-02,9.3842e-02,9.7846e-02,9.9793e-02,9.9556e-02,9.7066e-02,9.2348e-02,8.5523e-02,7.6788e-02,6.6383e-02,5.4551e-02,4.1516e-02,2.7486e-02,1.2663e-02,-2.7128e-03,-1.8342e-02,-3.3846e-02,-4.8776e-02,-6.2646e-02,-7.4983e-02,-8.5375e-02,-9.3515e-02,-9.9221e-02,-1.0244e-01,-1.0321e-01,-1.0167e-01,-9.7958e-02,-9.2252e-02,-8.4696e-02,-7.5429e-02,-6.4579e-02,-5.2293e-02,-3.8751e-02,-2.4182e-02,-8.8752e-03,6.8290e-03,2.2545e-02,3.7861e-02,5.2359e-02,6.5638e-02,7.7331e-02,8.7122e-02,9.4760e-02,1.0006e-01,1.0292e-01,1.0332e-01,1.0129e-01,9.6956e-02,9.0494e-02,8.2113e-02,7.2037e-02,6.0476e-02,4.7614e-02,3.3615e-02,1.8677e-02,3.0930e-03,-1.2669e-02,-2.7960e-02,-4.1991e-02,-5.3954e-02,-6.3150e-02,-6.9107e-02,-7.1649e-02,-7.0894e-02,-6.7207e-02,-6.1111e-02,-5.3183e-02,-4.3964e-02,-3.3893e-02,-2.3292e-02,-1.2387e-02,-1.3425e-03,9.6898e-03,2.0543e-02,3.1017e-02,4.0891e-02,4.9927e-02,5.7889e-02,6.4561e-02,6.9760e-02,7.3339e-02,7.5201e-02,7.5292e-02,7.3612e-02,7.0210e-02,6.5184e-02,5.8681e-02,5.0901e-02,4.2087e-02,3.2528e-02,2.2551e-02,1.2505e-02,2.7580e-03
3.5039e-04,1.6625e-02,3.2055e-02,4.6271e-02,5.9006e-02,7.0101e-02,7.9486e-02,8.7123e-02,9.2960e-02,9.6904e-02,9.8831e-02,9.8615e-02,9.6185e-02,9.1551e-02,8.4822e-02,7.6186e-02,6.5879e-02,5.4147e-02,4.1223e-02,2.7315e-02,1.2628e-02,-2.6090e-03,-1.8108e-02,-3.3505e-02,-4.8363e-02,-6.2199e-02,-7.4536e-02,-8.4952e-02,-9.3125e-02,-9.8864e-02,-1.0210e-01,-1.0289e-01,-1.0136e-01,-9.7657e-02,-9.1966e-02,-8.4439e-02,-7.5215e-02,-6.4424e-02,-5.2210e-02,-3.8752e-02,-2.4277e-02,-9.0710e-03,6.5276e-03,2.2134e-02,3.7340e-02,5.1731e-02,6.4912e-02,7.6522e-02,8.6249e-02,9.3847e-02,9.9135e-02,1.0200e-01,1.0242e-01,1.0042e-01,9.6096e-02,8.9620e-02,8.1197e-02,7.1070e-02,5.9487e-02,4.6683e-02,3.2862e-02,1.8210e-02,2.9411e-03,-1.2632e-02,-2.8040e-02,-4.2636e-02,-5.5647e-02,-6.6288e-02,-7.3892e-02,-7.8023e-02,-7.8541e-02,-7.5606e-02,-6.9626e-02,-6.1175e-02,-5.0881e-02,-3.9342e-02,-2.7060e-02,-1.4416e-02,-1.6887e-03,1.0910e-02,2.3193e-02,3.4969e-02,4.6029e-02,5.6144e-02,6.5078e-02,7.2603e-02,7.8513e-02,8.2633e-02,8.4838e-02,8.5047e-02,8.3241e-02,7.9459e-02,7.3800e-02,6.6430e-02,5.7575e-02,4.7517e-02,3.6593e-02,2.5176e-02,1.3665e-02,2.4695e-03
5.7586e-04,1.6216e-02,3.1118e-02,4.4898e-02,5.7264e-02,6.8035e-02,7.7125e-02,8.4495e-02,9.0108e-02,9.3889e-02,9.5730e-02,9.5517e-02,9.3177e-02,8.8712e-02,8.2215e-02,7.3862e-02,6.3882e-02,5.2517e-02,3.9998e-02,2.6533e-02,1.2320e-02,-2.4275e-03,-1.7442e-02,-3.2383e-02,-4.6834e-02,-6.0328e-02,-7.2390e-02,-8.2596e-02,-9.0618e-02,-9.6254e-02,-9.9435e-02,-1.0021e-01,-9.8703e-02,-9.5086e-02,-8.9533e-02,-8.2203e-02,-7.3232e-02,-6.2747e-02,-5.0886e-02,-3.7817e-02,-2.3761e-02,-8.9933e-03,6.1529e-03,2.1303e-02,3.6057e-02,5.0014e-02,6.2788e-02,7.4032e-02,8.3448e-02,9.0800e-02,9.5918e-02,9.8697e-02,9.9101e-02,9.7157e-02,9.2953e-02,8.6636e-02,7.8399e-02,6.8479e-02,5.7139e-02,4.4641e-02,3.1230e-02,1.7118e-02,2.4978e-03,-1.2414e-02,-2.7310e-02,-4.1725e-02,-5.5034e-02,-6.6488e-02,-7.5333e-02,-8.0939e-02,-8.2910e-02,-8.1152e-02,-7.5870e-02,-6.7525e-02,-5.6745e-02,-4.4221e-02,-3.0610e-02,-1.6473e-02,-2.2452e-03,1.1754e-02,2.5284e-02,3.8145e-02,5.0145e-02,6.1080e-02,7.0740e-02,7.8902e-02,8.5357e-02,8.9914e-02,9.2420e-02,9.2769e-02,9.0917e-02,8.6884e-02,8.0765e-02,7.2729e-02,6.3024e-02,5.1962e-02,3.9919e-02,2.7309e-02,1.4574e-02,2.1581e-03
6.9922e-04,1.5410e-02,2.9499e-02,4.2577e-02,5.4332e-02,6.4565e-02,7.3175e-02,8.0123e-02,8.5383e-02,8.8903e-02,9.0596e-02,9.0364e-02,8.8139e-02,8.3916e-02,7.7775e-02,6.9876e-02,6.0437e-02,4.9691e-02,3.7861e-02,2.5148e-02,1.1736e-02,-2.1824e-03,-1.6368e-02,-3.0512e-02,-4.4229e-02,-5.7075e-02,-6.8591e-02,-7.8356e-02,-8.6042e-02,-9.1442e-02,-9.4482e-02,-9.5211e-02,-9.3757e-02,-9.0295e-02,-8.5000e-02,-7.8031e-02,-6.9519e-02,-5.9583e-02,-4.8347e-02,-3.5967e-02,-2.2647e-02,-8.6499e-03,5.7076e-03,2.0065e-02,3.4040e-02,4.7249e-02,5.9325e-02,6.9940e-02,7.8816e-02,8.5735e-02,9.0541e-02,9.3139e-02,9.3498e-02,9.1643e-02,8.7650e-02,8.1647e-02,7.3812e-02,6.4361e-02,5.3543e-02,4.1630e-02,2.8886e-02,1.5551e-02,1.8333e-03,-1.2087e-02,-2.6005e-02,-3.9630e-02,-5.2521e-02,-6.4074e-02,-7.3575e-02,-8.0306e-02,-8.3675e-02,-8.3334e-02,-7.9233e-02,-7.1632e-02,-6.1049e-02,-4.8172e-02,-3.3755e-02,-1.8513e-02,-3.0603e-03,1.2133e-02,2.6723e-02,4.0466e-02,5.3175e-02,6.4679e-02,7.4803e-02,8.3361e-02,9.0160e-02,9.5010e-02,9.7744e-02,9.8234e-02,9.6405e-02,9.2255e-02,8.5861e-02,7.7390e-02,6.7094e-02,5.5307e-02,4.2432e-02,2.8917e-02,1.5236e-02,1.8633e-03
7.1906e-04,1.4222e-02,2.7229e-02,3.9351e-02,5.0270e-02,5.9766e-02,6.7726e-02,7.4110e-02,7.8902e-02,8.2073e-02,8.3561e-02,8.3290e-02,8.1199e-02,7.7281e-02,7.1606e-02,6.4319e-02,5.5619e-02,4.5726e-02,3.4851e-02,2.3181e-02,1.0879e-02,-1.8889e-03,-1.4918e-02,-2.7941e-02,-4.0611e-02,-5.2518e-02,-6.3226e-02,-7.2328e-02,-7.9500e-02,-8.4533e-02,-8.7353e-02,-8.8008e-02,-8.6629e-02,-8.3389e-02,-7.8467e-02,-7.2018e-02,-6.4163e-02,-5.5007e-02,-4.4658e-02,-3.3251e-02,-2.0972e-02,-8.0592e-03,5.1901e-03,1.8439e-02,3.1328e-02,4.3498e-02,5.4607e-02,6.4353e-02,7.2483e-02,7.8801e-02,8.3169e-02,8.5510e-02,8.5797e-02,8.4057e-02,8.0358e-02,7.4813e-02,6.7576e-02,5.8837e-02,4.8821e-02,3.7782e-02,2.5981e-02,1.3673e-02,1.0817e-03,-1.1607e-02,-2.4236e-02,-3.6626e-02,-4.8515e-02,-5.9490e-02,-6.8978e-02,-7.6301e-02,-8.0776e-02,-8.1856e-02,-7.9235e-02,-7.2918e-02,-6.3220e-02,-5.0721e-02,-3.6170e-02,-2.0377e-02,-4.1113e-03,1.1982e-02,2.7415e-02,4.1849e-02,5.5062e-02,6.6905e-02,7.7246e-02,8.5951e-02,9.2872e-02,9.7841e-02,1.0070e-01,1.0129e-01,9.9536e-02,9.5391e-02,8.8912e-02,8.0248e-02,6.9647e-02,5.7447e-02,4.4065e-02,2.9969e-02,1.5655e-02,1.6162e-03
6.4266e-04,1.2680e-02,2.4351e-02,3.5282e-02,4.5150e-02,5.3726e-02,6.0882e-02,6.6575e-02,7.0799e-02,7.3546e-02,7.4781e-02,7.4451e-02,7.2512e-02,6.8956e-02,6.3846e-02,5.7311e-02,4.9530e-02,4.0705e-02,3.1029e-02,2.0668e-02,9.7598e-03,-1.5612e-03,-1.3133e-02,-2.4735e-02,-3.6068e-02,-4.6764e-02,-5.6420e-02,-6.4651e-02,-7.1141e-02,-7.5686e-02,-7.8214e-02,-7.8767e-02,-7.7481e-02,-7.4531e-02,-7.0090e-02,-6.4307e-02,-5.7292e-02,-4.9132e-02,-3.9912e-02,-2.9744e-02,-1.8786e-02,-7.2493e-03,4.5977e-03,1.6447e-02,2.7969e-02,3.8835e-02,4.8735e-02,5.7397e-02,6.4599e-02,7.0170e-02,7.3995e-02,7.6014e-02,7.6210e-02,7.4613e-02,7.1286e-02,6.6327e-02,5.9864e-02,5.2058e-02,4.3102e-02,3.3215e-02,2.2638e-02,1.1615e-02,3.7710e-04,-1.0881e-02,-2.2009e-02,-3.2881e-02,-4.3356e-02,-5.3201e-02,-6.2039e-02,-6.9331e-02,-7.4429e-02,-7.6693e-02,-7.5612e-02,-7.0934e-02,-6.2714e-02,-5.1326e-02,-3.7409e-02,-2.1768e-02,-5.2611e-03,1.1311e-02,2.7291e-02,4.2202e-02,5.5739e-02,6.7729e-02,7.8075e-02,8.6702e-02,9.3521e-02,9.8417e-02,1.0125e-01,1.0189e-01,1.0022e-01,9.6182e-02,8.9796e-02,8.1184e-02,7.0574e-02,5.8293e-02,4.4755e-02,3.0432e-02,1.5827e-02,1.4401e-03
4.8368e-04,1.0821e-02,2.0924e-02,3.0444e-02,3.9065e-02,4.6551e-02,5.2765e-02,5.7656e-02,6.1227e-02,6.3487e-02,6.4431e-02,6.4031e-02,6.2259e-02,5.9118e-02,5.4661e-02,4.9001e-02,4.2299e-02,3.4734e-02,2.6474e-02,1.7660e-02,8.3996e-03,-1.2120e-03,-1.1059e-02,-2.0973e-02,-3.0709e-02,-3.9952e-02,-4.8337e-02,-5.5508e-02,-6.1166e-02,-6.5113e-02,-6.7279e-02,-6.7709e-02,-6.6536e-02,-6.3933e-02,-6.0070e-02,-5.5086e-02,-4.9076e-02,-4.2105e-02,-3.4233e-02,-2.5541e-02,-1.6155e-02,-6.2547e-03,3.9275e-03,1.4119e-02,2.4025e-02,3.3354e-02,4.1832e-02,4.9224e-02,5.5340e-02,6.0040e-02,6.3234e-02,6.4880e-02,6.4975e-02,6.3550e-02,6.0665e-02,5.6403e-02,5.0868e-02,4.4189e-02,3.6521e-02,2.8041e-02,1.8952e-02,9.4707e-03,-1.8796e-04,-9.8281e-03,-1.9293e-02,-2.8471e-02,-3.7282e-02,-4.5619e-02,-5.3290e-02,-5.9951e-02,-6.5094e-02,-6.8106e-02,-6.8380e-02,-6.5452e-02,-5.9113e-02,-4.9471e-02,-3.6958e-02,-2.2261e-02,-6.2325e-03,1.0241e-02,2.6352e-02,4.1459e-02,5.5127e-02,6.7109e-02,7.7298e-02,8.5663e-02,9.2186e-02,9.6822e-02,9.9487e-02,1.0007e-01,9.8470e-02,9.4601e-02,8.8459e-02,8.0129e-02,6.9804e-02,5.7781e-02,4.4452e-02,3.0275e-02,1.5742e-02,1.3464e-03
2.6154e-04,8.6948e-03,1.7020e-02,2.4929e-02,3.2123e-02,3.8365e-02,4.3512e-02,4.7506e-02,5.0354e-02,5.2082e-02,5.2708e-02,5.2233e-02,5.0650e-02,4.7969e-02,4.4242e-02,3.9567e-02,3.4083e-02,2.7943e-02,2.1287e-02,1.4224e-02,6.8276e-03,-8.5004e-04,-8.7446e-03,-1.6744e-02,-2.4665e-02,-3.2245e-02,-3.9172e-02,-4.5121e-02,-4.9815e-02,-5.3069e-02,-5.4815e-02,-5.5100e-02,-5.4056e-02,-5.1851e-02,-4.8650e-02,-4.4579e-02,-3.9716e-02,-3.4101e-02,-2.7765e-02,-2.0754e-02,-1.3156e-02,-5.1139e-03,3.1792e-03,1.1491e-02,1.9569e-02,2.7164e-02,3.4041e-02,4.0006e-02,4.4905e-02,4.8631e-02,5.1123e-02,5.2356e-02,5.2344e-02,5.1121e-02,4.8741e-02,4.5272e-02,4.0797e-02,3.5409e-02,2.9220e-02,2.2364e-02,1.4996e-02,7.2884e-03,-5.7334e-04,-8.4108e-03,-1.6070e-02,-2.3437e-02,-3.0447e-02,-3.7062e-02,-4.3221e-02,-4.8767e-02,-5.3390e-02,-5.6612e-02,-5.7849e-02,-5.6528e-02,-5.2224e-02,-4.4770e-02,-3.4326e-02,-2.1367e-02,-6.6218e-03,9.0333e-03,2.4708e-02,3.9617e-02,5.3165e-02,6.4982e-02,7.4896e-02,8.2879e-02,8.8964e-02,9.3185e-02,9.5533e-02,9.5957e-02,9.4374e-02,9.0708e-02,8.4928e-02,7.7081e-02,6.7314e-02,5.5879e-02,4.3125e-02,2.9473e-02,1.5385e-02,1.3329e-03
1.1176e-06,6.3585e-03,1.2726e-02,1.8846e-02,2.4450e-02,2.9310e-02,3.3280e-02,3.6297e-02,3.8367e-02,3.9531e-02,3.9827e-02,3.9281e-02,3.7911e-02,3.5737e-02,3.2810e-02,2.9214e-02,2.5064e-02,2.0486e-02,1.5588e-02,1.0443e-02,5.0844e-03,-4.8135e-04,-6.2432e-03,-1.2149e-02,-1.8079e-02,-2.3832e-02,-2.9147e-02,-3.3741e-02,-3.7364e-02,-3.9846e-02,-4.1124e-02,-4.1246e-02,-4.0342e-02,-3.8577e-02,-3.6107e-02,-3.3042e-02,-2.9442e-02,-2.5318e-02,-2.0669e-02,-1.5504e-02,-9.8703e-03,-3.8679e-03,2.3541e-03,8.6084e-03,1.4689e-02,2.0388e-02,2.5522e-02,2.9935e-02,3.3513e-02,3.6186e-02,3.7919e-02,3.8713e-02,3.8592e-02,3.7596e-02,3.5774e-02,3.3178e-02,2.9866e-02,2.5899e-02,2.1344e-02,1.6285e-02,1.0826e-02,5.0892e-03,-7.8580e-04,-6.6520e-03,-1.2371e-02,-1.7832e-02,-2.2970e-02,-2.7769e-02,-3.2236e-02,-3.6353e-02,-4.0001e-02,-4.2897e-02,-4.4590e-02,-4.4519e-02,-4.2141e-02,-3.7063e-02,-2.9156e-02,-1.8617e-02,-5.9557e-03,8.0794e-03,2.2615e-02,3.6784e-02,4.9853e-02,6.1297e-02,7.0827e-02,7.8358e-02,8.3933e-02,8.7644e-02,8.9570e-02,8.9735e-02,8.8112e-02,8.4651e-02,7.9313e-02,7.2111e-02,6.3142e-02,5.2598e-02,4.0765e-02,2.8007e-02,1.4736e-02,1.3841e-03
-2.6901e-04,3.8793e-03,8.1404e-03,1.2321e-02,1.6194e-02,1.9551e-02,2.2250e-02,2.4223e-02,2.5477e-02,2.6057e-02,2.6024e-02,2.5424e-02,2.4296e-02,2.2673e-02,2.0605e-02,1.8165e-02,1.5444e-02,1.2536e-02,9.5129e-03,6.4100e-03,3.2169e-03,-1.0775e-04,-3.6083e-03,-7.2934e-03,-1.1107e-02,-1.4913e-02,-1.8506e-02,-2.1648e-02,-2.4119e-02,-2.5767e-02,-2.6538e-02,-2.6483e-02,-2.5727e-02,-2.4431e-02,-2.2740e-02,-2.0751e-02,-1.8498e-02,-1.5967e-02,-1.3119e-02,-9.9230e-03,-6.3848e-03,-2.5568e-03,1.4585e-03,5.5225e-03,9.4781e-03,1.3167e-02,1.6450e-02,1.9219e-02,2.1402e-02,2.2964e-02,2.3901e-02,2.4236e-02,2.4008e-02,2.3261e-02,2.2037e-02,2.0374e-02,1.8303e-02,1.5848e-02,1.3036e-02,9.9005e-03,6.4894e-03,2.8711e-03,-8.6704e-04,-4.6213e-03,-8.2832e-03,-1.1757e-02,-1.4980e-02,-1.7935e-02,-2.0655e-02,-2.3196e-02,-2.5580e-02,-2.7718e-02,-2.9353e-02,-3.0050e-02,-2.9268e-02,-2.6479e-02,-2.1315e-02,-1.3677e-02,-3.7837e-03,7.8420e-03,2.0456e-02,3.3212e-02,4.5300e-02,5.6058e-02,6.5049e-02,7.2073e-02,7.7124e-02,8.0310e-02,8.1775e-02,8.1627e-02,7.9920e-02,7.6654e-02,7.1805e-02,6.5369e-02,5.7392e-02,4.7998e-02,3.7398e-02,2.5877e-02,1.3777e-02,1.4695e-03
-5.2126e-04,1.3301e-03,3.3763e-03,5.4989e-03,7.5243e-03,9.2767e-03,1.0624e-02,1.1501e-02,1.1911e-02,1.1905e-02,1.1555e-02,1.0926e-02,1.0074e-02,9.0460e-03,7.8909e-03,6.6676e-03,5.4440e-03,4.2799e-03,3.2106e-03,2.2290e-03,1.2791e-03,2.7101e-04,-8.9424e-04,-2.2875e-03,-3.9148e-03,-5.7040e-03,-7.5074e-03,-9.1351e-03,-1.0401e-02,-1.1174e-02,-1.1411e-02,-1.1165e-02,-1.0560e-02,-9.7493e-03,-8.8676e-03,-7.9953e-03,-7.1444e-03,-6.2684e-03,-5.2937e-03,-4.1467e-03,-2.7876e-03,-1.2207e-03,5.0105e-04,2.2907e-03,4.0407e-03,5.6449e-03,7.0131e-03,8.0830e-03,8.8253e-03,9.2427e-03,9.3637e-03,9.2329e-03,8.9012e-03,8.4176e-03,7.8184e-03,7.1238e-03,6.3374e-03,5.4504e-03,4.4452e-03,3.3057e-03,2.0276e-03,6.2150e-04,-8.7945e-04,-2.4213e-03,-3.9371e-03,-5.3589e-03,-6.6351e-03,-7.7517e-03,-8.7418e-03,-9.6873e-03,-1.0688e-02,-1.1802e-02,-1.2964e-02,-1.3931e-02,-1.4274e-02,-1.3457e-02,-1.0962e-02,-6.4322e-03,2.1903e-04,8.7650e-03,1.8693e-02,2.9290e-02,3.9767e-02,4.9386e-02,5.7579e-02,6.4000e-02,6.8534e-02,7.1243e-02,7.2290e-02,7.1850e-02,7.0061e-02,6.6994e-02,6.2669e-02,5.7081e-02,5.0238e-02,4.2201e-02,3.3091e-02,2.3103e-02,1.2491e-02,1.5513e-03
-7.2957e-04,-1.2132e-03,-1.4457e-03,-1.4626e-03,-1.3711e-03,-1.3033e-03,-1.3690e-03,-1.6269e-03,-2.0744e-03,-2.6592e-03,-3.3038e-03,-3.9284e-03,-4.4644e-03,-4.8567e-03,-5.0567e-03,-5.0195e-03,-4.7037e-03,-4.0824e-03,-3.1609e-03,-1.9901e-03,-6.7086e-04,6.5733e-04,1.8419e-03,2.7562e-03,3.3313e-03,3.5778e-03,3.5860e-03,3.4974e-03,3.4607e-03,3.5843e-03,3.8976e-03,4.3447e-03,4.8033e-03,5.1257e-03,5.1883e-03,4.9284e-03,4.3574e-03,3.5520e-03,2.6246e-03,1.6891e-03,8.3332e-04,1.0188e-04,-5.0594e-04,-1.0264e-03,-1.5136e-03,-2.0226e-03,-2.5936e-03,-3.2414e-03,-3.9524e-03,-4.6868e-03,-5.3856e-03,-5.9816e-03,-6.4101e-03,-6.6207e-03,-6.5848e-03,-6.2996e-03,-5.7882e-03,-5.0944e-03,-4.2773e-03,-3.3988e-03,-2.5168e-03,-1.6740e-03,-8.9217e-04,-1.7113e-04,5.0910e-04,1.1794e-03,1.8646e-03,2.5703e-03,3.2619e-03,3.8549e-03,4.2233e-03,4.2285e-03,3.7905e-03,2.9607e-03,1.9840e-03,1.2967e-03,1.4431e-03,2.9449e-03,6.1587e-03,1.1174e-02,1.7778e-02,2.5491e-02,3.3656e-02,4.1559e-02,4.8559e-02,5.4179e-02,5.8163e-02,6.0468e-02,6.1210e-02,6.0584e-02,5.8789e-02,5.5973e-02,5.2214e-02,4.7531e-02,4.1919e-02,3.5379e-02,2.7952e-02,1.9732e-02,1.0874e-02,1.5835e-03
-8.7379e-04,-3.6749e-03,-6.1994e-03,-8.3930e-03,-1.0286e-02,-1.1955e-02,-1.3476e-02,-1.4893e-02,-1.6201e-02,-1.7349e-02,-1.8256e-02,-1.8838e-02,-1.9018e-02,-1.8736e-02,-1.7950e-02,-1.6629e-02,-1.4759e-02,-1.2348e-02,-9.4416e-03,-6.1355e-03,-2.5755e-03,1.0523e-03,4.5464e-03,7.7260e-03,1.0465e-02,1.2717e-02,1.4514e-02,1.5952e-02,1.7140e-02,1.8161e-02,1.9030e-02,1.9686e-02,2.0008e-02,1.9852e-02,1.9107e-02,1.7726e-02,1.5746e-02,1.3272e-02,1.0453e-02,7.4487e-03,4.3913e-03,1.3749e-03,-1.5494e-03,-4.3645e-03,-7.0723e-03,-9.6767e-03,-1.2168e-02,-1.4515e-02,-1.6661e-02,-1.8530e-02,-2.0031e-02,-2.1079e-02,-2.1597e-02,-2.1533e-02,-2.0867e-02,-1.9615e-02,-1.7827e-02,-1.5580e-02,-1.2972e-02,-1.0108e-02,-7.0946e-03,-4.0240e-03,-9.7118e-04,2.0112e-03,4.8935e-03,7.6599e-03,1.0302e-02,1.2800e-02,1.5112e-02,1.7154e-02,1.8798e-02,1.9881e-02,2.0244e-02,1.9796e-02,1.8595e-02,1.6904e-02,1.5181e-02,1.3991e-02,1.3870e-02,1.5189e-02,1.8055e-02,2.2291e-02,2.7471e-02,3.3016e-02,3.8305e-02,4.2792e-02,4.6094e-02,4.8028e-02,4.8602e-02,4.7964e-02,4.6322e-02,4.3876e-02,4.0762e-02,3.7044e-02,3.2722e-02,2.7763e-02,2.2137e-02,1.5846e-02,8.9407e-03,1.5240e-03
-9.4188e-04,-5.9854e-03,-1.0759e-02,-1.5116e-02,-1.9003e-02,-2.2428e-02,-2.5423e-02,-2.8008e-02,-3.0169e-02,-3.1855e-02,-3.2991e-02,-3.3489e-02,-3.3275e-02,-3.2290e-02,-3.0500e-02,-2.7893e-02,-2.4483e-02,-2.0315e-02,-1.5474e-02,-1.0100e-02,-4.3790e-03,1.4578e-03,7.1649e-03,1.2514e-02,1.7327e-02,2.1504e-02,2.5028e-02,2.7943e-02,3.0324e-02,3.2223e-02,3.3643e-02,3.4512e-02,3.4710e-02,3.4099e-02,3.2576e-02,3.0113e-02,2.6766e-02,2.2672e-02,1.8018e-02,1.3000e-02,7.8013e-03,2.5633e-03,-2.6124e-03,-7.6571e-03,-1.2521e-02,-1.7158e-02,-2.1508e-02,-2.5497e-02,-2.9026e-02,-3.1984e-02,-3.4255e-02,-3.5731e-02,-3.6328e-02,-3.5994e-02,-3.4719e-02,-3.2539e-02,-2.9528e-02,-2.5795e-02,-2.1472e-02,-1.6705e-02,-1.1643e-02,-6.4221e-03,-1.1662e-03,4.0226e-03,9.0627e-03,1.3891e-02,1.8455e-02,2.2701e-02,2.6565e-02,2.9955e-02,3.2749e-02,3.4788e-02,3.5890e-02,3.5891e-02,3.4714e-02,3.2444e-02,2.9376e-02,2.6001e-02,2.2915e-02,2.0677e-02,1.9683e-02,2.0078e-02,2.1737e-02,2.4310e-02,2.7309e-02,3.0212e-02,3.2565e-02,3.4059e-02,3.4558e-02,3.4098e-02,3.2828e-02,3.0942e-02,2.8611e-02,2.5941e-02,2.2956e-02,1.9614e-02,1.5842e-02,1.1561e-02,6.7262e-03,1.3409e-03
-9.3272e-04,-8.0833e-03,-1.5003e-02,-2.1455e-02,-2.7297e-02,-3.2461e-02,-3.6921e-02,-4.0662e-02,-4.3658e-02,-4.5856e-02,-4.7183e-02,-4.7560e-02,-4.6919e-02,-4.5213e-02,-4.2419e-02,-3.8550e-02,-3.3648e-02,-2.7793e-02,-2.1112e-02,-1.3782e-02,-6.0318e-03,1.8718e-03,9.6450e-03,1.7017e-02,2.3768e-02,2.9749e-02,3.4895e-02,3.9207e-02,4.2720e-02,4.5461e-02,4.7412e-02,4.8495e-02,4.8585e-02,4.7552e-02,4.5299e-02,4.1814e-02,3.7174e-02,3.1544e-02,2.5146e-02,1.8219e-02,1.0985e-02,3.6365e-03,-3.6769e-03,-1.0837e-02,-1.7744e-02,-2.4304e-02,-3.0411e-02,-3.5947e-02,-4.0776e-02,-4.4755e-02,-4.7741e-02,-4.9612e-02,-5.0276e-02,-4.9684e-02,-4.7838e-02,-4.4790e-02,-4.0639e-02,-3.5522e-02,-2.9603e-02,-2.3063e-02,-1.6083e-02,-8.8413e-03,-1.5031e-03,5.7835e-03,1.2889e-02,1.9700e-02,2.6117e-02,3.2044e-02,3.7382e-02,4.2021e-02,4.5836e-02,4.8676e-02,5.0372e-02,5.0752e-02,4.9674e-02,4.7093e-02,4.3134e-02,3.8138e-02,3.2634e-02,2.7252e-02,2.2587e-02,1.9073e-02,1.6908e-02,1.6038e-02,1.6202e-02,1.7008e-02,1.8024e-02,1.8869e-02,1.9276e-02,1.9130e-02,1.8451e-02,1.7359e-02,1.6004e-02,1.4507e-02,1.2918e-02,1.1208e-02,9.2843e-03,7.0218e-03,4.2974e-03,1.0213e-03
-8.5638e-04,-9.9210e-03,-1.8822e-02,-2.7242e-02,-3.4947e-02,-4.1787e-02,-4.7670e-02,-5.2538e-02,-5.6339e-02,-5.9015e-02,-6.0501e-02,-6.0727e-02,-5.9641e-02,-5.7210e-02,-5.3436e-02,-4.8353e-02,-4.2039e-02,-3.4607e-02,-2.6221e-02,-1.7096e-02,-7.4917e-03,2.2911e-03,1.1937e-02,2.1144e-02,2.9654e-02,3.7278e-02,4.3909e-02,4.9506e-02,5.4068e-02,5.7593e-02,6.0044e-02,6.1334e-02,6.1336e-02,5.9920e-02,5.6999e-02,5.2573e-02,4.6740e-02,3.9692e-02,3.1682e-02,2.2985e-02,1.3870e-02,4.5693e-03,-4.7207e-03,-1.3834e-02,-2.2626e-02,-3.0956e-02,-3.8677e-02,-4.5630e-02,-5.1646e-02,-5.6551e-02,-6.0183e-02,-6.2407e-02,-6.3125e-02,-6.2293e-02,-5.9925e-02,-5.6090e-02,-5.0910e-02,-4.4545e-02,-3.7185e-02,-2.9039e-02,-2.0317e-02,-1.1231e-02,-1.9806e-03,7.2467e-03,1.6276e-02,2.4948e-02,3.3110e-02,4.0622e-02,4.7342e-02,5.3130e-02,5.7843e-02,6.1335e-02,6.3460e-02,6.4069e-02,6.3024e-02,6.0227e-02,5.5684e-02,4.9567e-02,4.2261e-02,3.4339e-02,2.6469e-02,1.9291e-02,1.3292e-02,8.7394e-03,5.6642e-03,3.8946e-03,3.1227e-03,2.9826e-03,3.1292e-03,3.3024e-03,3.3609e-03,3.2806e-03,3.1195e-03,2.9595e-03,2.8542e-03,2.7920e-03,2.6868e-03,2.3945e-03,1.7456e-03,5.8021e-04
-7.3513e-04,-1.1465e-02,-2.2126e-02,-3.2325e-02,-4.1744e-02,-5.0149e-02,-5.7377e-02,-6.3314e-02,-6.7877e-02,-7.0997e-02,-7.2613e-02,-7.2670e-02,-7.1135e-02,-6.8001e-02,-6.3293e-02,-5.7079e-02,-4.9465e-02,-4.0602e-02,-3.0688e-02,-1.9966e-02,-8.7265e-03,2.7066e-03,1.3994e-02,2.4809e-02,3.4865e-02,4.3940e-02,5.1889e-02,5.8632e-02,6.4136e-02,6.8369e-02,7.1276e-02,7.2760e-02,7.2689e-02,7.0936e-02,6.7421e-02,6.2155e-02,5.5255e-02,4.6935e-02,3.7478e-02,2.7196e-02,1.6392e-02,5.3421e-03,-5.7163e-03,-1.6576e-02,-2.7050e-02,-3.6956e-02,-4.6111e-02,-5.4318e-02,-6.1379e-02,-6.7096e-02,-7.1291e-02,-7.3817e-02,-7.4575e-02,-7.3529e-02,-7.0702e-02,-6.6179e-02,-6.0101e-02,-5.2648e-02,-4.4032e-02,-3.4481e-02,-2.4231e-02,-1.3516e-02,-2.5658e-03,8.3991e-03,1.9166e-02,2.9530e-02,3.9292e-02,4.8260e-02,5.6249e-02,6.3078e-02,6.8577e-02,7.2594e-02,7.4996e-02,7.5671e-02,7.4523e-02,7.1472e-02,6.6479e-02,5.9600e-02,5.1053e-02,4.1266e-02,3.0854e-02,2.0537e-02,1.1009e-02,2.8257e-03,-3.6671e-03,-8.3574e-03,-1.1343e-02,-1.2878e-02,-1.3303e-02,-1.2970e-02,-1.2176e-02,-1.1123e-02,-9.9097e-03,-8.5581e-03,-7.0627e-03,-5.4388e-03,-3.7587e-03,-2.1577e-03,-8.1912e-04,5.8025e-05
-5.9842e-04,-1.2699e-02,-2.4842e-02,-3.6573e-02,-4.7501e-02,-5.7309e-02,-6.5760e-02,-7.2679e-02,-7.7946e-02,-8.1473e-02,-8.3198e-02,-8.3085e-02,-8.1120e-02,-7.7327e-02,-7.1764e-02,-6.4530e-02,-5.5765e-02,-4.5653e-02,-3.4421e-02,-2.2338e-02,-9.7148e-03,3.1075e-03,1.5775e-02,2.7942e-02,3.9304e-02,4.9610e-02,5.8683e-02,6.6412e-02,7.2728e-02,7.7576e-02,8.0882e-02,8.2535e-02,8.2405e-02,8.0363e-02,7.6338e-02,7.0349e-02,6.2529e-02,5.3113e-02,4.2409e-02,3.0760e-02,1.8503e-02,5.9477e-03,-6.6298e-03,-1.8987e-02,-3.0899e-02,-4.2151e-02,-5.2524e-02,-6.1793e-02,-6.9735e-02,-7.6133e-02,-8.0793e-02,-8.3566e-02,-8.4352e-02,-8.3121e-02,-7.9907e-02,-7.4810e-02,-6.7983e-02,-5.9624e-02,-4.9959e-02,-3.9232e-02,-2.7694e-02,-1.5600e-02,-3.1993e-03,9.2604e-03,2.1535e-02,3.3380e-02,4.4554e-02,5.4817e-02,6.3935e-02,7.1685e-02,7.7863e-02,8.2300e-02,8.4863e-02,8.5472e-02,8.4083e-02,8.0675e-02,7.5237e-02,6.7788e-02,5.8423e-02,4.7400e-02,3.5189e-02,2.2455e-02,9.9774e-03,-1.4797e-03,-1.1287e-02,-1.9030e-02,-2.4536e-02,-2.7864e-02,-2.9260e-02,-2.9086e-02,-2.7741e-02,-2.5598e-02,-2.2940e-02,-1.9953e-02,-1.6741e-02,-1.3371e-02,-9.9178e-03,-6.5005e-03,-3.2870e-03,-4.8413e-04
-4.8256e-04,-1.3623e-02,-2.6923e-02,-3.9887e-02,-5.2062e-02,-6.3059e-02,-7.2567e-02,-8.0351e-02,-8.6244e-02,-9.0135e-02,-9.1957e-02,-9.1686e-02,-8.9336e-02,-8.4959e-02,-7.8650e-02,-7.0541e-02,-6.0807e-02,-4.9660e-02,-3.7352e-02,-2.4173e-02,-1.0446e-02,3.4790e-03,1.7239e-02,3.0482e-02,4.2887e-02,5.4184e-02,6.4169e-02,7.2703e-02,7.9685e-02,8.5038e-02,8.8669e-02,9.0460e-02,9.0277e-02,8.7996e-02,8.3551e-02,7.6971e-02,6.8399e-02,5.8088e-02,4.6369e-02,3.3606e-02,2.0167e-02,6.3900e-03,-7.4189e-03,-2.0986e-02,-3.4058e-02,-4.6390e-02,-5.7738e-02,-6.7853e-02,-7.6492e-02,-8.3423e-02,-8.8446e-02,-9.1406e-02,-9.2209e-02,-9.0828e-02,-8.7308e-02,-8.1759e-02,-7.4346e-02,-6.5277e-02,-5.4787e-02,-4.3132e-02,-3.0572e-02,-1.7374e-02,-3.8020e-03,9.8756e-03,2.3389e-02,3.6465e-02,4.8822e-02,6.0180e-02,7.0258e-02,7.8791e-02,8.5538e-02,9.0303e-02,9.2950e-02,9.3411e-02,9.1690e-02,8.7832e-02,8.1901e-02,7.3946e-02,6.4023e-02,5.2260e-02,3.8947e-02,2.4600e-02,9.9484e-03,-4.1584e-03,-1.6888e-02,-2.7551e-02,-3.5687e-02,-4.1108e-02,-4.3880e-02,-4.4286e-02,-4.2750e-02,-3.9753e-02,-3.5753e-02,-3.1125e-02,-2.6138e-02,-2.0965e-02,-1.5730e-02,-1.0551e-02,-5.5725e-03,-9.8002e-04
-4.2214e-04,-1.4245e-02,-2.8345e-02,-4.2200e-02,-5.5312e-02,-6.7234e-02,-7.7591e-02,-8.6086e-02,-9.2505e-02,-9.6708e-02,-9.8620e-02,-9.8223e-02,-9.5556e-02,-9.0701e-02,-8.3787e-02,-7.4981e-02,-6.4490e-02,-5.2551e-02,-3.9437e-02,-2.5450e-02,-1.0920e-02,3.8020e-03,1.8353e-02,3.2378e-02,4.5548e-02,5.7580e-02,6.8251e-02,7.7391e-02,8.4878e-02,9.0610e-02,9.4481e-02,9.6368e-02,9.6134e-02,9.3663e-02,8.8896e-02,8.1867e-02,7.2731e-02,6.1752e-02,4.9275e-02,3.5684e-02,2.1367e-02,6.6852e-03,-8.0334e-03,-2.2492e-02,-3.6414e-02,-4.9536e-02,-6.1591e-02,-7.2316e-02,-8.1454e-02,-8.8763e-02,-9.4039e-02,-9.7127e-02,-9.7934e-02,-9.6443e-02,-9.2704e-02,-8.6834e-02,-7.9006e-02,-6.9433e-02,-5.8356e-02,-4.6034e-02,-3.2733e-02,-1.8726e-02,-4.2876e-03,1.0303e-02,2.4756e-02,3.8775e-02,5.2051e-02,6.4264e-02,7.5100e-02,8.4252e-02,9.1445e-02,9.6456e-02,9.9135e-02,9.9418e-02,9.7338e-02,9.3000e-02,8.6544e-02,7.8099e-02,6.7753e-02,5.5582e-02,4.1734e-02,2.6537e-02,1.0567e-02,-5.3793e-03,-2.0386e-02,-3.3566e-02,-4.4204e-02,-5.1840e-02,-5.6311e-02,-5.7739e-02,-5.6480e-02,-5.3045e-02,-4.8005e-02,-4.1905e-02,-3.5201e-02,-2.8225e-02,-2.1202e-02,-1.4292e-02,-7.6323e-03,-1.3789e-03
-4.4871e-04,-1.4585e-02,-2.9104e-02,-4.3478e-02,-5.7181e-02,-6.9723e-02,-8.0677e-02,-8.9696e-02,-9.6517e-02,-1.0097e-01,-1.0296e-01,-1.0249e-01,-9.9593e-02,-9.4393e-02,-8.7046e-02,-7.7752e-02,-6.6744e-02,-5.4283e-02,-4.0654e-02,-2.6165e-02,-1.1146e-02,4.0547e-03,1.9083e-02,3.3587e-02,4.7235e-02,5.9738e-02,7.0853e-02,8.0392e-02,8.8210e-02,9.4185e-02,9.8201e-02,1.0013e-01,9.9845e-02,9.7232e-02,9.2243e-02,8.4921e-02,7.5424e-02,6.4024e-02,5.1074e-02,3.6967e-02,2.2105e-02,6.8624e-03,-8.4170e-03,-2.3422e-02,-3.7863e-02,-5.1461e-02,-6.3940e-02,-7.5027e-02,-8.4455e-02,-9.1981e-02,-9.7400e-02,-1.0056e-01,-1.0136e-01,-9.9804e-02,-9.5938e-02,-8.9883e-02,-8.1817e-02,-7.1954e-02,-6.0534e-02,-4.7816e-02,-3.4068e-02,-1.9562e-02,-4.5770e-03,1.0600e-02,2.5669e-02,4.0316e-02,5.4210e-02,6.7008e-02,7.8364e-02,8.7942e-02,9.5438e-02,1.0060e-01,1.0328e-01,1.0339e-01,1.0099e-01,9.6216e-02,8.9277e-02,8.0383e-02,6.9699e-02,5.7326e-02,4.3345e-02,2.7929e-02,1.1451e-02,-5.4507e-03,-2.1914e-02,-3.6976e-02,-4.9736e-02,-5.9491e-02,-6.5826e-02,-6.8647e-02,-6.8161e-02,-6.4814e-02,-5.9208e-02,-5.1998e-02,-4.3804e-02,-3.5136e-02,-2.6371e-02,-1.7761e-02,-9.4788e-03,-1.6664e-03
-5.8383e-04,-1.4665e-02,-2.9219e-02,-4.3723e-02,-5.7645e-02,-7.0471e-02,-8.1740e-02,-9.1061e-02,-9.8135e-02,-1.0276e-01,-1.0483e-01,-1.0432e-01,-1.0131e-01,-9.5918e-02,-8.8337e-02,-7.8789e-02,-6.7528e-02,-5.4833e-02,-4.0996e-02,-2.6324e-02,-1.1142e-02,4.2136e-03,1.9400e-02,3.4074e-02,4.7909e-02,6.0611e-02,7.1926e-02,8.1648e-02,8.9615e-02,9.5689e-02,9.9748e-02,1.0167e-01,1.0132e-01,9.8614e-02,9.3508e-02,8.6053e-02,7.6412e-02,6.4855e-02,5.1734e-02,3.7446e-02,2.2393e-02,6.9556e-03,-8.5155e-03,-2.3705e-02,-3.8316e-02,-5.2066e-02,-6.4675e-02,-7.5868e-02,-8.5377e-02,-9.2959e-02,-9.8409e-02,-1.0158e-01,-1.0238e-01,-1.0080e-01,-9.6905e-02,-9.0809e-02,-8.2686e-02,-7.2750e-02,-6.1236e-02,-4.8398e-02,-3.4500e-02,-1.9813e-02,-4.6124e-03,1.0811e-02,2.6152e-02,4.1090e-02,5.5279e-02,6.8362e-02,7.9971e-02,8.9754e-02,9.7385e-02,1.0260e-01,1.0523e-01,1.0520e-01,1.0256e-01,9.7464e-02,9.0167e-02,8.0939e-02,7.0029e-02,5.7605e-02,4.3762e-02,2.8586e-02,1.2275e-02,-4.7458e-03,-2.1781e-02,-3.7929e-02,-5.2214e-02,-6.3759e-02,-7.1918e-02,-7.6356e-02,-7.7070e-02,-7.4361e-02,-6.8770e-02,-6.0974e-02,-5.1698e-02,-4.1609e-02,-3.1251e-02,-2.1017e-02,-1.1166e-02,-1.8679e-03
-8.3594e-04,-1.4508e-02,-2.8717e-02,-4.2965e-02,-5.6727e-02,-6.9485e-02,-8.0761e-02,-9.0141e-02,-9.7294e-02,-1.0199e-01,-1.0411e-01,-1.0363e-01,-1.0062e-01,-9.5208e-02,-8.7607e-02,-7.8057e-02,-6.6828e-02,-5.4201e-02,-4.0473e-02,-2.5946e-02,-1.0930e-02,4.2533e-03,1.9277e-02,3.3813e-02,4.7543e-02,6.0172e-02,7.1439e-02,8.1128e-02,8.9060e-02,9.5089e-02,9.9086e-02,1.0093e-01,1.0052e-01,9.7771e-02,9.2655e-02,8.5233e-02,7.5668e-02,6.4226e-02,5.1248e-02,3.7124e-02,2.2248e-02,6.9955e-03,-8.2882e-03,-2.3289e-02,-3.7716e-02,-5.1289e-02,-6.3733e-02,-7.4776e-02,-8.4157e-02,-9.1637e-02,-9.7016e-02,-1.0015e-01,-1.0095e-01,-9.9403e-02,-9.5575e-02,-8.9579e-02,-8.1583e-02,-7.1792e-02,-6.0434e-02,-4.7754e-02,-3.4007e-02,-1.9456e-02,-4.3759e-03,1.0949e-02,2.6214e-02,4.1093e-02,5.5239e-02,6.8286e-02,7.9861e-02,8.9603e-02,9.7179e-02,1.0232e-01,1.0485e-01,1.0470e-01,1.0192e-01,9.6667e-02,8.9208e-02,7.9849e-02,6.8897e-02,5.6594e-02,4.3093e-02,2.8472e-02,1.2825e-02,-3.6219e-03,-2.0399e-02,-3.6776e-02,-5.1838e-02,-6.4639e-02,-7.4360e-02,-8.0438e-02,-8.2635e-02,-8.1047e-02,-7.6063e-02,-6.8301e-02,-5.8500e-02,-4.7426e-02,-3.5770e-02,-2.4085e-02,-1.2760e-02,-2.0430e-03
-1.2005e-03,-1.4133e-02,-2.7643e-02,-4.1263e-02,-5.4494e-02,-6.6831e-02,-7.7800e-02,-8.6975e-02,-9.4015e-02,-9.8675e-02,-1.0082e-01,-1.0040e-01,-9.7495e-02,-9.2241e-02,-8.4847e-02,-7.5558e-02,-6.4649e-02,-5.2403e-02,-3.9108e-02,-2.5054e-02,-1.0533e-02,4.1520e-03,1.8697e-02,3.2790e-02,4.6126e-02,5.8414e-02,6.9393e-02,7.8835e-02,8.6553e-02,9.2394e-02,9.6231e-02,9.7953e-02,9.7470e-02,9.4721e-02,8.9699e-02,8.2473e-02,7.3203e-02,6.2145e-02,4.9624e-02,3.6010e-02,2.1679e-02,6.9902e-03,-7.7260e-03,-2.2168e-02,-3.6059e-02,-4.9129e-02,-6.1117e-02,-7.1761e-02,-8.0812e-02,-8.8040e-02,-9.3249e-02,-9.6296e-02,-9.7101e-02,-9.5650e-02,-9.1995e-02,-8.6246e-02,-7.8560e-02,-6.9131e-02,-5.8175e-02,-4.5925e-02,-3.2624e-02,-1.8526e-02,-3.8940e-03,1.0991e-02,2.5832e-02,4.0304e-02,5.4065e-02,6.6752e-02,7.7995e-02,8.7436e-02,9.4752e-02,9.9680e-02,1.0205e-01,1.0179e-01,9.8962e-02,9.3726e-02,8.6338e-02,7.7114e-02,6.6381e-02,5.4434e-02,4.1485e-02,2.7655e-02,1.3007e-02,-2.3598e-03,-1.8194e-02,-3.3999e-02,-4.9034e-02,-6.2407e-02,-7.3224e-02,-8.0750e-02,-8.4514e-02,-8.4377e-02,-8.0521e-02,-7.3414e-02,-6.3727e-02,-5.2241e-02,-3.9735e-02,-2.6903e-02,-1.4285e-02,-2.2526e-03
-1.6600e-03,-1.3556e-02,-2.6044e-02,-3.8696e-02,-5.1050e-02,-6.2630e-02,-7.2980e-02,-8.1687e-02,-8.8411e-02,-9.2901e-02,-9.5007e-02,-9.4686e-02,-9.1992e-02,-8.7060e-02,-8.0090e-02,-7.1324e-02,-6.1027e-02,-4.9471e-02,-3.6930e-02,-2.3675e-02,-9.9742e-03,3.8951e-03,1.7651e-02,3.1006e-02,4.3669e-02,5.5359e-02,6.5816e-02,7.4809e-02,8.2145e-02,8.7668e-02,9.1254e-02,9.2803e-02,9.2248e-02,8.9548e-02,8.4717e-02,7.7836e-02,6.9065e-02,5.8644e-02,4.6876e-02,3.4101e-02,2.0668e-02,6.9079e-03,-6.8736e-03,-2.0399e-02,-3.3413e-02,-4.5668e-02,-5.6922e-02,-6.6932e-02,-7.5461e-02,-8.2294e-02,-8.7243e-02,-9.0169e-02,-9.0991e-02,-8.9691e-02,-8.6312e-02,-8.0953e-02,-7.3757e-02,-6.4901e-02,-5.4586e-02,-4.3028e-02,-3.0456e-02,-1.7111e-02,-3.2432e-03,1.0876e-02,2.4957e-02,3.8688e-02,5.1733e-02,6.3742e-02,7.4359e-02,8.3241e-02,9.0084e-02,9.4644e-02,9.6768e-02,9.6405e-02,9.3614e-02,8.8557e-02,8.1480e-02,7.2682e-02,6.2484e-02,5.1190e-02,3.9050e-02,2.6232e-02,1.2822e-02,-1.1343e-03,-1.5536e-02,-3.0115e-02,-4.4370e-02,-5.7572e-02,-6.8871e-02,-7.7443e-02,-8.2639e-02,-8.4083e-02,-8.1720e-02,-7.5807e-02,-6.6867e-02,-5.5607e-02,-4.2822e-02,-2.9289e-02,-1.5682e-02,-2.5150e-03
-2.1884e-03,-1.2789e-02,-2.3975e-02,-3.5362e-02,-4.6531e-02,-5.7048e-02,-6.6491e-02,-7.4475e-02,-8.0678e-02,-8.4855e-02,-8.6858e-02,-8.6637e-02,-8.4234e-02,-7.9769e-02,-7.3426e-02,-6.5428e-02,-5.6021e-02,-4.5454e-02,-3.3978e-02,-2.1836e-02,-9.2676e-03,3.4791e-03,1.6152e-02,2.8486e-02,4.0213e-02,5.1064e-02,6.0783e-02,6.9142e-02,7.5945e-02,8.1034e-02,8.4290e-02,8.5630e-02,8.5001e-02,8.2393e-02,7.7840e-02,7.1434e-02,6.3337e-02,5.3772e-02,4.3016e-02,3.1374e-02,1.9156e-02,6.6572e-03,-5.8536e-03,-1.8132e-02,-2.9955e-02,-4.1103e-02,-5.1363e-02,-6.0515e-02,-6.8346e-02,-7.4651e-02,-7.9256e-02,-8.2026e-02,-8.2877e-02,-8.1784e-02,-7.8780e-02,-7.3945e-02,-6.7406e-02,-5.9321e-02,-4.9868e-02,-3.9247e-02,-2.7667e-02,-1.5354e-02,-2.5442e-03,1.0505e-02,2.3519e-02,3.6196e-02,4.8219e-02,5.9255e-02,6.8971e-02,7.7050e-02,8.3218e-02,8.7263e-02,8.9057e-02,8.8573e-02,8.5882e-02,8.1145e-02,7.4594e-02,6.6504e-02,5.7163e-02,4.6854e-02,3.5825e-02,2.4267e-02,1.2299e-02,-3.1650e-05,-1.2694e-02,-2.5592e-02,-3.8454e-02,-5.0784e-02,-6.1880e-02,-7.0944e-02,-7.7226e-02,-8.0159e-02,-7.9448e-02,-7.5111e-02,-6.7460e-02,-5.7054e-02,-4.4616e-02,-3.0936e-02,-1.6772e-02,-2.7637e-03
-2.7536e-03,-1.1847e-02,-2.1499e-02,-3.1373e-02,-4.1098e-02,-5.0289e-02,-5.8573e-02,-6.5604e-02,-7.1091e-02,-7.4812e-02,-7.6629e-02,-7.6491e-02,-7.4429e-02,-7.0547e-02,-6.5002e-02,-5.7990e-02,-4.9724e-02,-4.0423e-02,-3.0300e-02,-1.9563e-02,-8.4211e-03,2.9176e-03,1.4232e-02,2.5286e-02,3.5836e-02,4.5628e-02,5.4418e-02,6.1980e-02,6.8118e-02,7.2677e-02,7.5542e-02,7.6641e-02,7.5943e-02,7.3461e-02,6.9251e-02,6.3420e-02,5.6129e-02,4.7589e-02,3.8048e-02,2.7773e-02,1.7032e-02,6.0720e-03,-4.8806e-03,-1.5626e-02,-2.5979e-02,-3.5762e-02,-4.4793e-02,-5.2885e-02,-5.9849e-02,-6.5502e-02,-6.9681e-02,-7.2255e-02,-7.3141e-02,-7.2301e-02,-6.9755e-02,-6.5564e-02,-5.9830e-02,-5.2689e-02,-4.4297e-02,-3.4829e-02,-2.4476e-02,-1.3443e-02,-1.9507e-03,9.7611e-03,2.1432e-02,3.2781e-02,4.3510e-02,5.3313e-02,6.1887e-02,6.8951e-02,7.4267e-02,7.7663e-02,7.9048e-02,7.8423e-02,7.5875e-02,7.1569e-02,6.5722e-02,5.8578e-02,5.0386e-02,4.1382e-02,3.1780e-02,2.1757e-02,1.1442e-02,9.0240e-04,-9.8467e-03,-2.0793e-02,-3.1844e-02,-4.2731e-02,-5.2971e-02,-6.1894e-02,-6.8754e-02,-7.2869e-02,-7.3745e-02,-7.1158e-02,-6.5178e-02,-5.6158e-02,-4.4675e-02,-3.1453e-02,-1.7261e-02,-2.8229e-03
-3.3242e-03,-1.0743e-02,-1.8683e-02,-2.6851e-02,-3.4929e-02,-4.2588e-02,-4.9506e-02,-5.5389e-02,-5.9990e-02,-6.3119e-02,-6.4660e-02,-6.4569e-02,-6.2871e-02,-5.9649e-02,-5.5035e-02,-4.9185e-02,-4.2274e-02,-3.4475e-02,-2.5960e-02,-1.6891e-02,-7.4346e-03,2.2407e-03,1.1951e-02,2.1495e-02,3.0655e-02,3.9199e-02,4.6894e-02,5.3522e-02,5.8890e-02,6.2842e-02,6.5268e-02,6.6106e-02,6.5342e-02,6.3007e-02,5.9180e-02,5.3982e-02,4.7577e-02,4.0166e-02,3.1970e-02,2.3219e-02,1.4133e-02,4.9144e-03,-4.2642e-03,-1.3252e-02,-2.1911e-02,-3.0110e-02,-3.7709e-02,-4.4559e-02,-5.0503e-02,-5.5381e-02,-5.9047e-02,-6.1378e-02,-6.2285e-02,-6.1724e-02,-5.9695e-02,-5.6236e-02,-5.1425e-02,-4.5370e-02,-3.8200e-02,-3.0066e-02,-2.1135e-02,-1.1590e-02,-1.6334e-03,8.5141e-03,1.8612e-02,2.8404e-02,3.7616e-02,4.5973e-02,5.3209e-02,5.9086e-02,6.3410e-02,6.6053e-02,6.6967e-02,6.6183e-02,6.3810e-02,6.0016e-02,5.5004e-02,4.8990e-02,4.2176e-02,3.4747e-02,2.6858e-02,1.8641e-02,1.0202e-02,1.6095e-03,-7.1120e-03,-1.5976e-02,-2.4983e-02,-3.4043e-02,-4.2892e-02,-5.1057e-02,-5.7899e-02,-6.2723e-02,-6.4905e-02,-6.4015e-02,-5.9883e-02,-5.2621e-02,-4.2607e-02,-3.0424e-02,-1.6777e-02,-2.4095e-03
-3.8726e-03,-9.5005e-03,-1.5602e-02,-2.1930e-02,-2.8218e-02,-3.4194e-02,-3.9594e-02,-4.4181e-02,-4.7758e-02,-5.0180e-02,-5.1358e-02,-5.1265e-02,-4.9925e-02,-4.7406e-02,-4.3808e-02,-3.9249e-02,-3.3855e-02,-2.7747e-02,-2.1044e-02,-1.3860e-02,-6.3065e-03,1.4910e-03,9.3923e-03,1.7234e-02,2.4828e-02,3.1967e-02,3.8436e-02,4.4022e-02,4.8537e-02,5.1825e-02,5.3778e-02,5.4339e-02,5.3506e-02,5.1324e-02,4.7890e-02,4.3340e-02,3.7841e-02,3.1587e-02,2.4778e-02,1.7614e-02,1.0269e-02,2.8970e-03,-4.3807e-03,-1.1467e-02,-1.8276e-02,-2.4729e-02,-3.0734e-02,-3.6187e-02,-4.0968e-02,-4.4950e-02,-4.8007e-02,-5.0025e-02,-5.0917e-02,-5.0627e-02,-4.9136e-02,-4.6459e-02,-4.2646e-02,-3.7773e-02,-3.1942e-02,-2.5275e-02,-1.7913e-02,-1.0018e-02,-1.7658e-03,6.6428e-03,1.4992e-02,2.3049e-02,3.0574e-02,3.7327e-02,4.3083e-02,4.7650e-02,5.0885e-02,5.2709e-02,5.3115e-02,5.2166e-02,4.9994e-02,4.6767e-02,4.2678e-02,3.7915e-02,3.2638e-02,2.6974e-02,2.1017e-02,1.4835e-02,8.4799e-03,1.9944e-03,-4.6015e-03,-1.1319e-02,-1.8189e-02,-2.5219e-02,-3.2316e-02,-3.9215e-02,-4.5451e-02,-5.0416e-02,-5.3453e-02,-5.3995e-02,-5.1662e-02,-4.6328e-02,-3.8136e-02,-2.7478e-02,-1.4927e-02,-1.1692e-03
-4.3822e-03,-8.1493e-03,-1.2339e-02,-1.6748e-02,-2.1163e-02,-2.5366e-02,-2.9154e-02,-3.2349e-02,-3.4808e-02,-3.6434e-02,-3.7177e-02,-3.7029e-02,-3.6021e-02,-3.4211e-02,-3.1670e-02,-2.8476e-02,-2.4702e-02,-2.0414e-02,-1.5672e-02,-1.0528e-02,-5.0420e-03,7.1625e-04,6.6529e-03,1.2645e-02,1.8541e-02,2.4159e-02,2.9302e-02,3.3768e-02,3.7371e-02,3.9956e-02,4.1412e-02,4.1683e-02,4.0769e-02,3.8729e-02,3.5668e-02,3.1734e-02,2.7101e-02,2.1959e-02,1.6494e-02,1.0878e-02,5.2534e-03,-2.7213e-04,-5.6253e-03,-1.0760e-02,-1.5647e-02,-2.0260e-02,-2.4560e-02,-2.8496e-02,-3.1993e-02,-3.4960e-02,-3.7298e-02,-3.8913e-02,-3.9718e-02,-3.9650e-02,-3.8672e-02,-3.6776e-02,-3.3982e-02,-3.0334e-02,-2.5904e-02,-2.0782e-02,-1.5083e-02,-8.9401e-03,-2.5067e-03,4.0449e-03,1.0525e-02,1.6731e-02,2.2458e-02,2.7506e-02,3.1697e-02,3.4888e-02,3.6986e-02,3.7962e-02,3.7850e-02,3.6746e-02,3.4796e-02,3.2174e-02,2.9059e-02,2.5610e-02,2.1951e-02,1.8158e-02,1.4265e-02,1.0270e-02,6.1610e-03,1.9237e-03,-2.4501e-03,-6.9759e-03,-1.1685e-02,-1.6619e-02,-2.1780e-02,-2.7066e-02,-3.2205e-02,-3.6740e-02,-4.0084e-02,-4.1622e-02,-4.0830e-02,-3.7374e-02,-3.1163e-02,-2.2362e-02,-1.1363e-02,1.2715e-03
-4.8494e-03,-6.7307e-03,-8.9847e-03,-1.1452e-02,-1.3966e-02,-1.6365e-02,-1.8505e-02,-2.0263e-02,-2.1555e-02,-2.2333e-02,-2.2588e-02,-2.2339e-02,-2.1628e-02,-2.0506e-02,-1.9021e-02,-1.7212e-02,-1.5102e-02,-1.2697e-02,-9.9940e-03,-6.9832e-03,-3.6616e-03,-4.4152e-05,3.8282e-03,7.8783e-03,1.1991e-02,1.6013e-02,1.9768e-02,2.3065e-02,2.5722e-02,2.7578e-02,2.8520e-02,2.8486e-02,2.7475e-02,2.5546e-02,2.2811e-02,1.9424e-02,1.5566e-02,1.1424e-02,7.1785e-03,2.9833e-03,-1.0446e-03,-4.8305e-03,-8.3426e-03,-1.1580e-02,-1.4565e-02,-1.7324e-02,-1.9875e-02,-2.2220e-02,-2.4337e-02,-2.6180e-02,-2.7686e-02,-2.8783e-02,-2.9394e-02,-2.9456e-02,-2.8916e-02,-2.7744e-02,-2.5931e-02,-2.3491e-02,-2.0462e-02,-1.6905e-02,-1.2901e-02,-8.5540e-03,-3.9909e-03,6.4661e-04,5.1983e-03,9.4975e-03,1.3377e-02,1.6681e-02,1.9278e-02,2.1077e-02,2.2037e-02,2.2174e-02,2.1563e-02,2.0326e-02,1.8623e-02,1.6628e-02,1.4504e-02,1.2385e-02,1.0360e-02,8.4618e-03,6.6708e-03,4.9266e-03,3.1471e-03,1.2537e-03,-8.1630e-04,-3.1062e-03,-5.6511e-03,-8.4913e-03,-1.1664e-02,-1.5160e-02,-1.8861e-02,-2.2484e-02,-2.5579e-02,-2.7578e-02,-2.7903e-02,-2.6071e-02,-2.1786e-02,-1.4986e-02,-5.8477e-03,5.2383e-03
-5.2862e-03,-5.2977e-03,-5.6389e-03,-6.1877e-03,-6.8259e-03,-7.4435e-03,-7.9493e-03,-8.2790e-03,-8.4022e-03,-8.3199e-03,-8.0626e-03,-7.6795e-03,-7.2275e-03,-6.7546e-03,-6.2914e-03,-5.8413e-03,-5.3789e-03,-4.8549e-03,-4.2007e-03,-3.3432e-03,-2.2156e-03,-7.7234e-04,9.9982e-04,3.0709e-03,5.3649e-03,7.7612e-03,1.0103e-02,1.2211e-02,1.3905e-02,1.5023e-02,1.5442e-02,1.5088e-02,1.3954e-02,1.2093e-02,9.6160e-03,6.6793e-03,3.4657e-03,1.6472e-04,-3.0463e-03,-6.0209e-03,-8.6574e-03,-1.0902e-02,-1.2754e-02,-1.4246e-02,-1.5445e-02,-1.6424e-02,-1.7256e-02,-1.7998e-02,-1.8684e-02,-1.9319e-02,-1.9884e-02,-2.0338e-02,-2.0625e-02,-2.0684e-02,-2.0458e-02,-1.9899e-02,-1.8971e-02,-1.7660e-02,-1.5971e-02,-1.3932e-02,-1.1592e-02,-9.0240e-03,-6.3205e-03,-3.5933e-03,-9.6636e-04,1.4309e-03,3.4728e-03,5.0493e-03,6.0789e-03,6.5209e-03,6.3824e-03,5.7236e-03,4.6532e-03,3.3173e-03,1.8841e-03,5.2237e-04,-6.1963e-04,-1.4337e-03,-1.8624e-03,-1.9109e-03,-1.6396e-03,-1.1607e-03,-6.1164e-04,-1.3761e-04,1.3573e-04,1.1647e-04,-2.5642e-04,-1.0244e-03,-2.2248e-03,-3.8811e-03,-5.9649e-03,-8.3381e-03,-1.0706e-02,-1.2622e-02,-1.3541e-02,-1.2918e-02,-1.0307e-02,-5.4471e-03,1.7024e-03,1.0954e-02
