1.7722e-01,2.1085e-02,3.6990e-02,4.2958e-02,4.0956e-02,3.1399e-02,1.0068e-02,-3.3438e-02,-9.2423e-02,-9.4563e-02,-5.5491e-02,-8.9298e-02,7.3730e-02,1.5071e-01,2.7404e-01,-1.3964e-01,-8.8491e-02,1.3875e-02,1.0874e-02,4.0828e-03,-1.1149e-01,-2.3661e-01,-4.4522e-02,-1.2012e-01,1.1113e-01,6.6054e-02,6.2195e-02,2.8835e-02,6.2078e-03,-2.2765e-02,1.3415e-01,9.2877e-02,-5.0817e-02,-2.7372e-02,-1.3925e-01,1.8430e-03,-2.7152e-03,2.4137e-01,-9.7500e-02,-1.2051e-01,-4.7569e-02,-7.7023e-02,-2.1258e-01,-1.2226e-01,1.1256e-01,1.5421e-01,5.2232e-02,1.6524e-01,-3.9426e-02,-3.0259e-02,-1.7204e-02,2.0543e-01,-1.0088e-01,1.4707e-01,-1.6588e-01,-7.2717e-02,3.3951e-02,3.8800e-02,5.0572e-02,-2.2856e-02,-2.5167e-01,1.0646e-02,3.6993e-03,-2.0413e-03,-1.8925e-02,2.7447e-01,-9.4891e-03,1.2384e-01,-5.7531e-02,-6.0877e-02,-2.4281e-01,-1.0973e-01,-8.2963e-03,-1.1042e-01,-1.1596e-03,3.6854e-04,-3.0467e-02,6.6479e-02,1.0885e-01,2.5936e-01,-1.3779e-02,-1.9248e-01,-1.0706e-01,-5.8092e-02,1.0297e-02,3.1862e-03,1.7525e-02,6.1440e-02,-3.1602e-01,-2.1343e-01,-9.4854e-03,1.9974e-01,3.2443e-02,4.4832e-02,4.3213e-02,-3.7407e-01,3.4704e-01,9.3060e-02,4.3617e-02,-9.3410e-02
6.7863e-02,1.8853e-01,-6.4140e-03,-7.4297e-02,-1.1537e-01,-6.3829e-02,5.1594e-02,6.5671e-02,6.6166e-02,6.6263e-02,2.8527e-02,-1.3038e-01,-1.4293e-01,3.8525e-02,6.8800e-02,8.9111e-03,-1.2971e-01,-1.0083e-01,2.4155e-02,5.3960e-02,-8.2894e-03,4.6059e-02,1.9255e-01,7.6574e-02,8.1255e-02,7.2714e-02,-1.1789e-01,5.3595e-02,-9.7156e-02,-4.7358e-02,-6.7461e-02,-7.2222e-02,-9.7137e-02,8.6493e-02,2.1938e-02,1.9415e-02,-3.4096e-02,1.9717e-03,-1.0249e-01,-4.3523e-02,2.7796e-02,1.7943e-02,1.1517e-01,-4.6161e-02,-1.4094e-01,-1.2291e-01,1.8061e-02,-1.9148e-02,4.3126e-02,4.1814e-03,-1.7135e-03,-3.2728e-02,-2.8850e-02,-5.0855e-02,-9.9938e-02,3.9109e-02,-4.5537e-02,-1.4902e-01,4.5015e-02,-1.5393e-01,-3.4124e-02,1.0134e-01,-3.8052e-04,-1.0428e-02,-4.1095e-02,-1.9513e-02,-2.2948e-03,3.6000e-02,-3.0340e-01,-9.7403e-03,-2.8860e-02,-5.4511e-03,5.1347e-02,1.1267e-01,-9.1974e-02,1.0705e-01,9.5959e-02,5.0002e-04,-2.3934e-02,-1.2679e-01,-2.6986e-02,-4.0900e-02,-3.0600e-02,7.8748e-03,4.2482e-04,1.5231e-01,-2.7309e-02,-8.7965e-02,-3.0622e-02,-9.2993e-02,2.4625e-02,2.6854e-02,4.6412e-02,3.0210e-03,-2.6203e-01,1.1449e-01,-7.1240e-02,8.4227e-03,-3.5418e-01,3.9494e-02
-1.1371e-01,-1.1275e-02,4.3282e-03,-1.2396e-01,1.0479e-02,5.4927e-03,4.6444e-02,4.8373e-02,3.8922e-02,-4.7236e-02,-2.8209e-02,4.9527e-02,-2.0922e-01,-1.2967e-01,-1.5298e-02,1.1167e-01,9.8831e-02,-8.6995e-02,2.1749e-02,1.3021e-01,2.8533e-02,-2.6325e-03,4.1560e-02,6.3594e-02,4.6864e-02,-5.7905e-02,9.1110e-02,8.6629e-02,-4.6440e-02,1.0317e-01,1.6815e-01,-6.3809e-02,5.0830e-02,5.2671e-02,4.5128e-02,2.6364e-02,-1.0453e-02,-2.3389e-01,-4.0658e-02,1.1839e-01,-8.0087e-03,1.2372e-01,-1.9374e-02,1.4180e-01,1.0833e-01,-1.0428e-01,-1.4598e-01,-1.9806e-01,-1.5963e-01,-9.3417e-03,-5.1790e-02,-6.7386e-03,1.3098e-01,-4.9854e-02,1.2043e-01,4.5801e-02,7.6420e-02,-2.4713e-02,5.6522e-02,1.1060e-01,1.9196e-02,2.1358e-02,-1.6127e-02,-4.4338e-02,-5.2693e-02,-5.8105e-02,2.3395e-01,9.6884e-03,1.8921e-01,8.8985e-02,1.2516e-01,1.8127e-01,4.2193e-02,1.9063e-02,8.5801e-02,-1.2467e-01,-1.8467e-02,-1.5861e-02,-2.9871e-02,-1.4223e-01,3.7231e-02,5.3372e-02,2.0481e-02,8.3562e-02,-4.1579e-02,-4.4386e-02,-7.3254e-02,6.2274e-03,-4.1515e-02,1.9900e-01,3.6127e-02,4.3889e-02,-1.0816e-01,-7.1468e-02,1.4922e-01,7.6210e-02,-1.5553e-01,-4.0645e-01,1.6543e-01,1.6964e-01
-2.7304e-01,-2.8689e-01,-1.4354e-01,4.5152e-02,5.4280e-02,5.3192e-02,-7.7466e-02,-5.7046e-02,-1.7351e-01,-8.4044e-02,-5.1484e-02,-5.6262e-02,-3.1897e-02,-1.4144e-01,3.4071e-02,2.2806e-01,2.0618e-01,1.1239e-01,-2.7022e-02,1.3689e-01,3.0691e-01,3.8271e-01,4.8393e-03,-8.2163e-02,1.0775e-01,1.9000e-01,1.2145e-01,1.2390e-01,2.2310e-01,8.1217e-02,7.8376e-02,5.5238e-02,5.4033e-02,4.7352e-02,4.0604e-02,2.5710e-02,-3.8828e-02,5.6860e-03,-2.4001e-02,1.6632e-01,-1.2970e-01,-1.8226e-01,-1.7235e-01,-3.2745e-02,-4.4231e-02,-1.2108e-01,-1.0207e-01,-7.3910e-02,-2.1161e-02,-5.9059e-02,-5.4039e-02,-1.5346e-01,-9.6796e-02,-2.0068e-01,-6.7493e-02,-2.0485e-01,-1.4044e-01,2.0751e-02,-7.0178e-02,1.4741e-01,2.0769e-01,-6.8876e-03,-5.2806e-02,-7.8261e-02,1.5831e-01,1.4022e-01,-6.3689e-02,5.8507e-02,2.7213e-01,5.1388e-02,8.2153e-02,2.3867e-02,8.6287e-02,1.4358e-02,-2.0456e-02,1.9054e-01,-2.4215e-02,3.4168e-02,3.5234e-02,5.5581e-02,2.0943e-02,1.5021e-02,-4.5409e-02,-6.8608e-02,-6.7199e-02,-1.0564e-01,-1.1489e-02,1.8190e-02,2.1354e-02,2.0018e-01,-1.1157e-01,-4.8293e-02,-5.2800e-02,-1.2334e-01,1.4474e-01,9.8502e-02,-3.6229e-01,3.7747e-01,1.3712e-01,-1.2439e-02
3.6928e-01,-1.3443e-02,-2.6971e-02,3.9603e-02,-2.3998e-02,-3.6365e-02,-7.9576e-02,-1.9706e-01,-1.0011e-01,-6.6765e-02,-2.6265e-02,3.8900e-02,4.8645e-03,2.4054e-02,-1.1245e-01,-3.9045e-02,-2.5644e-02,1.3655e-01,1.0995e-01,-1.8769e-01,-2.6102e-02,6.6666e-02,4.9541e-02,7.0201e-02,7.5845e-02,1.6892e-01,1.0063e-01,1.3456e-01,2.4688e-02,2.8580e-02,-1.0266e-01,-1.3117e-01,-2.8635e-02,-1.4356e-01,-8.8421e-02,-1.0698e-02,-3.8142e-03,3.8777e-02,8.9153e-02,-3.1521e-02,-5.6713e-02,-1.2468e-01,-8.7968e-02,-1.6408e-01,-9.1069e-02,1.8380e-02,-7.8930e-02,4.3526e-02,-3.4064e-02,-4.1233e-02,1.4445e-02,-6.2768e-02,9.4200e-03,5.9856e-02,1.8177e-01,1.2600e-02,9.0612e-02,1.4697e-01,1.1154e-02,7.8223e-02,1.3388e-01,4.0218e-02,-5.0758e-02,1.3080e-01,1.7213e-01,4.8489e-02,-1.1285e-01,-2.0618e-01,2.1087e-01,6.8179e-02,5.4674e-03,3.1694e-02,2.0319e-02,1.1829e-02,1.5089e-01,-5.8077e-02,-2.8991e-01,-2.1125e-01,-1.5517e-01,-4.3514e-02,1.5178e-01,3.8988e-02,-2.1570e-01,-2.5150e-01,-3.0641e-01,-1.9012e-02,6.4587e-02,-1.8608e-02,-5.2926e-02,-1.4417e-01,-6.5886e-02,-4.6341e-02,-2.3356e-02,1.1248e-02,-7.7519e-02,-4.4559e-01,5.0800e-01,1.5500e-01,6.9263e-02,-4.0209e-01
-7.9807e-02,2.3139e-01,-1.1970e-03,-1.0507e-01,-2.3582e-01,-2.2247e-01,-2.5982e-01,-3.2711e-01,-1.8803e-01,-1.7628e-01,-2.0147e-01,-4.5314e-02,3.9377e-01,-6.1133e-02,-2.6233e-01,-1.5737e-01,-1.6968e-01,1.6297e-01,-1.0001e-02,-5.7199e-03,-3.4074e-01,-1.2051e-01,-5.3652e-02,5.8952e-02,-2.3077e-01,3.5955e-02,-5.2068e-02,-6.8417e-02,-1.2254e-01,-1.3939e-01,6.8903e-02,8.6610e-02,8.5566e-02,7.6982e-02,5.5607e-02,-2.1542e-01,4.7573e-03,2.4210e-01,1.4160e-01,-2.5190e-02,8.5548e-02,-8.2217e-03,-8.1048e-02,-7.0449e-02,-5.5469e-02,-9.0494e-02,1.4018e-01,-5.6153e-02,-6.1900e-02,-5.4753e-02,1.0493e-01,-2.8639e-02,-1.5158e-02,3.0616e-02,4.3456e-02,6.3327e-02,8.3901e-03,-6.7674e-02,-1.2852e-01,-2.5047e-01,-1.8267e-01,-1.1957e-01,2.4774e-01,1.2755e-01,1.5644e-01,1.5661e-01,-3.9109e-02,3.3377e-01,7.8143e-02,1.0786e-01,5.0230e-02,3.0644e-02,6.6061e-03,-5.0950e-02,-1.9277e-01,-1.2830e-02,1.3770e-01,1.3846e-03,2.9133e-02,1.0616e-02,-6.8371e-02,-1.4622e-01,2.4227e-01,-1.1412e-01,-4.8669e-02,-3.2281e-02,-7.1457e-03,2.2125e-02,-2.1435e-01,-3.0397e-01,-8.9457e-02,-2.5566e-01,5.8747e-03,1.1227e-01,-1.4195e-01,1.1165e-01,2.9398e-01,6.5217e-02,-1.5528e-01,-1.0724e-02
-3.1694e-02,-2.5470e-01,1.8337e-01,-1.5323e-01,1.2409e-01,-2.4754e-02,1.2179e-01,1.3627e-01,-4.0434e-02,4.2060e-02,1.1907e-01,-1.8828e-01,-6.6388e-02,1.3378e-01,-4.5086e-02,-6.0182e-02,-1.1755e-01,7.6113e-02,-2.3790e-01,-1.4261e-01,1.2441e-01,-1.1090e-02,3.2348e-01,1.8998e-01,9.7755e-03,-1.6937e-01,1.1483e-02,2.3359e-01,3.8838e-01,-5.1811e-02,9.0438e-03,6.5088e-02,6.9186e-02,6.1986e-02,4.3059e-02,8.5986e-02,1.9970e-01,-9.4680e-02,-4.4196e-02,-1.2412e-01,1.8025e-01,-1.4522e-01,-4.2529e-02,-5.1457e-02,6.1835e-02,-1.9564e-01,-2.2833e-01,-7.5247e-02,-8.1259e-02,-1.6689e-01,-8.3370e-02,-5.0293e-03,-1.2932e-01,-1.8187e-01,-2.0763e-01,-1.6030e-01,-1.4012e-01,-1.2306e-01,-8.1568e-02,-4.0472e-02,-1.6071e-02,2.0534e-01,5.1176e-02,-7.9102e-02,-3.3372e-03,3.5526e-02,2.6119e-01,-2.1864e-02,-2.0111e-01,1.7579e-01,2.4992e-01,5.0934e-02,-1.0090e-01,5.0454e-03,1.2939e-01,-3.1139e-02,3.5894e-02,1.1037e-01,2.4477e-01,9.0254e-02,-5.9703e-02,-1.2373e-01,-1.9528e-01,9.7234e-02,-5.2223e-02,2.2068e-02,8.8573e-02,-2.6266e-01,-2.5227e-01,-2.4793e-01,-1.6468e-01,2.5789e-02,-5.7486e-02,1.4273e-01,6.1146e-02,5.3420e-02,-3.7443e-02,-4.7457e-01,-1.2271e-01,7.8766e-02
-7.7511e-02,-2.2450e-02,-1.7738e-01,-2.8400e-02,-3.4027e-01,-3.6494e-02,-1.3542e-01,1.2457e-01,1.3911e-01,2.7685e-02,3.4717e-02,-6.3365e-03,-1.8500e-01,1.9263e-02,2.0392e-01,-1.1329e-01,6.3336e-02,-2.9170e-02,-4.7944e-02,4.6943e-02,-3.8373e-02,-1.6633e-01,4.9840e-02,-2.9770e-02,1.3993e-01,-5.0707e-02,1.3382e-01,2.3918e-02,3.1306e-01,2.4349e-01,1.6601e-01,4.9869e-01,2.2217e-01,8.0393e-02,-1.6277e-03,2.5184e-01,5.2137e-02,-3.6258e-02,-2.4921e-01,-9.1454e-02,-2.4823e-01,2.1604e-01,3.4176e-02,1.0591e-01,-1.2722e-01,1.1606e-01,-1.1460e-01,-1.6227e-02,-3.6214e-02,2.3070e-02,-1.1419e-01,-2.0341e-01,-9.2944e-02,-6.3610e-02,-2.4438e-01,-1.5566e-01,-3.4976e-02,6.0392e-02,1.3121e-01,8.2095e-02,8.0950e-02,5.8677e-02,2.2554e-02,-3.1559e-02,-1.7882e-01,1.5054e-01,3.4803e-02,3.1333e-02,2.4896e-02,-6.8567e-03,-1.0471e-01,-1.1397e-02,1.0942e-01,2.2987e-01,3.5231e-01,1.8060e-01,2.5615e-01,1.9303e-03,-6.1481e-02,-8.2856e-02,-1.5687e-01,-8.2901e-02,-5.3515e-02,9.0816e-03,2.4133e-01,-2.3106e-01,-3.8055e-01,6.5775e-02,3.2374e-01,1.3074e-02,-2.3185e-02,-2.9810e-02,-2.4396e-01,-3.0489e-01,-1.3059e-01,6.3089e-02,-5.4878e-01,-4.1786e-02,8.0973e-02,1.3765e-01
-4.8944e-02,1.2969e-01,-3.7691e-02,5.1595e-03,1.0626e-01,-4.3849e-01,-8.8099e-02,-3.6766e-02,-4.5226e-03,1.1439e-02,-8.4395e-02,-2.1090e-02,-2.5023e-01,2.3234e-02,6.3810e-02,1.5679e-01,3.8878e-02,-7.6157e-02,2.3433e-01,1.6512e-01,3.8540e-01,2.2392e-01,-4.0495e-02,7.8195e-02,2.0796e-01,1.4973e-01,2.9863e-02,5.9410e-02,-1.2466e-01,2.8578e-01,1.4771e-02,-6.7395e-02,2.9293e-02,7.8677e-02,2.1133e-01,2.5407e-01,1.5923e-02,7.9347e-03,9.5750e-02,-6.6379e-02,-9.3088e-02,1.9861e-01,9.4427e-02,-1.3805e-01,-1.3761e-01,-3.1930e-02,3.8075e-02,-1.2091e-01,-8.8915e-02,-8.0934e-02,-8.4113e-02,-1.2772e-03,-1.7230e-01,-7.4992e-02,-1.3196e-01,1.1199e-01,1.3476e-01,4.8892e-02,-3.3095e-02,1.0336e-01,1.0770e-01,1.8188e-01,7.8068e-02,2.0671e-02,3.2000e-02,-1.9588e-01,6.3402e-02,8.3931e-02,1.1258e-01,-1.1588e-03,2.0650e-02,1.5875e-01,1.2744e-01,1.9039e-01,5.2665e-02,1.9815e-01,1.6102e-01,7.8438e-02,2.6049e-02,-5.3724e-02,6.2652e-02,2.3505e-01,8.6232e-02,-1.0394e-02,-7.5469e-02,-2.7116e-01,-2.6097e-01,-2.5329e-01,-5.1130e-02,-2.8330e-02,-2.8226e-02,-1.2110e-01,-4.4364e-02,-1.4770e-01,-1.8586e-01,-3.1064e-01,-2.0730e-01,-2.3011e-01,7.0230e-02,3.1289e-01
1.3016e-01,-4.1697e-02,-1.0961e-01,7.3196e-02,8.0770e-02,3.8391e-01,-2.5386e-01,-1.5097e-01,-2.8606e-01,-4.0676e-01,-1.9372e-01,-3.3473e-01,-1.2944e-01,2.7075e-02,4.1407e-02,4.3043e-02,4.7018e-02,5.8908e-02,4.9482e-02,2.7047e-01,2.1198e-01,-3.9964e-02,-7.1171e-02,1.5175e-01,1.1620e-01,3.3323e-01,9.5717e-02,6.6377e-02,-3.5988e-02,1.6916e-02,8.5818e-02,-1.4634e-02,-6.9364e-02,9.2723e-02,-2.6734e-02,-3.1509e-02,-9.8046e-02,-5.9902e-02,1.0075e-01,5.7117e-02,-1.2641e-01,-3.9284e-01,-1.8216e-01,-3.0386e-01,-1.7023e-01,-1.4111e-01,-3.6018e-01,-1.2345e-01,-5.6644e-02,-7.9231e-02,-5.4781e-02,-2.6845e-02,8.0102e-02,1.1228e-01,1.3170e-01,1.1505e-01,5.6710e-02,5.2524e-02,7.9691e-02,-2.9225e-03,-3.8679e-03,-1.7684e-01,-1.9607e-01,2.8640e-01,2.6146e-01,3.1636e-01,3.1181e-01,1.9685e-01,1.9167e-01,2.0206e-01,2.3992e-01,2.5646e-01,2.3771e-01,1.8408e-02,6.7368e-02,-8.8693e-02,-1.9267e-01,2.1250e-01,4.2289e-03,-2.0961e-02,-1.7979e-01,-3.1480e-02,-1.9303e-02,-2.1133e-01,-3.5904e-01,1.5341e-01,-1.2975e-01,-8.8833e-02,-1.3686e-01,6.7646e-02,-1.2871e-01,-4.0699e-02,-3.9674e-02,-4.3764e-02,-1.5468e-01,-9.1312e-02,-1.5005e-01,3.2224e-01,-1.9288e-01,-2.2953e-01
8.8121e-02,6.5303e-02,-4.7608e-02,2.5967e-02,-1.5167e-01,9.2004e-02,4.1757e-02,-2.5152e-01,1.3181e-01,-7.6652e-02,-4.3801e-02,-1.0669e-01,-7.5163e-02,-3.3199e-01,-2.8491e-01,-1.4485e-01,1.3896e-01,-7.0251e-02,2.2870e-01,4.9724e-02,-1.2797e-01,8.1852e-02,8.8953e-02,8.9336e-02,1.2718e-01,1.1687e-01,2.7425e-01,4.6119e-02,3.4331e-02,6.5066e-03,1.0444e-01,2.4979e-02,1.8419e-01,-3.3162e-02,-1.4593e-01,-4.0714e-02,1.0581e-01,-5.7650e-02,1.6699e-01,-7.4952e-02,-2.1829e-02,-8.7803e-02,-5.9232e-02,1.1580e-01,2.6757e-02,-3.1689e-01,3.2355e-02,-1.0273e-01,-5.9000e-02,-2.1046e-01,-9.5298e-02,-7.5160e-02,-9.4207e-02,-8.7701e-02,7.0659e-02,-6.5261e-02,-2.2822e-02,-1.7085e-01,-1.7871e-02,5.7778e-02,8.8696e-02,-2.3434e-02,1.4882e-01,1.0356e-01,2.8616e-01,2.8849e-02,3.3226e-02,1.1235e-01,2.0342e-01,7.7276e-02,-2.1194e-03,6.7665e-03,-4.5896e-02,9.4611e-02,-4.5388e-02,-3.2810e-02,-5.8797e-02,-8.9951e-02,-1.1644e-01,-3.1567e-03,2.0770e-03,-5.2291e-02,-6.7291e-02,-1.2253e-01,-1.2200e-01,6.7568e-02,2.0835e-02,-3.7388e-02,-1.0316e-01,-3.3424e-01,-1.2319e-01,-3.9541e-02,-2.7889e-02,-1.4619e-01,-7.1239e-02,-3.1488e-02,2.8858e-01,-9.6881e-02,4.1786e-02,-2.1368e-01
-5.3948e-02,-5.8342e-02,-1.1444e-02,-5.7750e-02,3.8900e-02,-1.1230e-01,-8.5608e-02,-8.4621e-02,-8.8786e-02,1.6780e-01,-4.5726e-03,6.0432e-03,1.3739e-01,6.0798e-02,2.4721e-02,-1.9155e-01,-1.9157e-01,-6.7416e-02,-1.2743e-01,-3.5593e-02,-1.0591e-01,2.1197e-01,2.0845e-01,1.3466e-01,1.3569e-01,1.8027e-01,1.6262e-01,1.5139e-01,9.4966e-02,6.5035e-02,5.5414e-02,-5.2362e-02,-5.9474e-02,-7.0172e-02,1.0263e-01,-1.1754e-01,4.0258e-02,-1.3069e-01,-4.4210e-02,-1.6795e-01,1.4912e-02,-1.4607e-02,-2.5804e-01,2.5563e-02,1.4097e-01,-1.1845e-01,-2.4603e-01,-1.0534e-01,-7.8107e-02,-4.9338e-03,-2.1213e-01,-7.5922e-02,-8.7038e-02,-4.8873e-02,1.9653e-01,-1.1049e-01,-1.5539e-01,2.1562e-01,2.9894e-01,2.5495e-02,1.2222e-01,5.8994e-02,2.4820e-01,2.5053e-01,1.4190e-02,3.1612e-03,1.1063e-02,2.3973e-02,6.3163e-02,2.7030e-01,4.5940e-02,-7.3203e-02,-2.2150e-02,-3.3201e-02,-4.0349e-03,-1.2149e-02,-1.7688e-01,1.7896e-02,-1.4969e-01,7.0395e-02,-2.9066e-02,-1.0495e-01,-1.8092e-01,4.0810e-02,-5.5379e-02,-1.2396e-01,1.2212e-01,3.3127e-02,-2.1355e-01,-3.9793e-02,-1.7836e-01,-6.0524e-02,-2.3917e-02,-5.7359e-03,1.0211e-01,1.8559e-02,-2.3379e-02,-7.8855e-02,-4.0382e-02,-8.4912e-02
-5.3353e-02,-3.1645e-02,1.5492e-01,3.3857e-02,1.0395e-01,-1.9020e-01,-9.1102e-02,-4.6723e-02,-1.3991e-01,-4.1592e-02,-2.4728e-02,1.7742e-01,6.2031e-03,9.2573e-02,1.4404e-02,1.5817e-01,-1.3282e-01,6.9054e-02,-5.2149e-02,-3.5013e-01,-1.1381e-01,4.4681e-02,2.6066e-01,7.8417e-02,3.6693e-02,6.3021e-03,-9.7759e-02,2.9082e-01,3.3124e-01,1.3581e-01,9.9975e-02,1.6192e-01,1.2625e-01,2.3068e-02,9.7943e-02,-2.5585e-02,-1.0624e-01,2.0199e-02,6.3317e-02,-2.8594e-02,3.9922e-02,-1.7648e-02,-5.6311e-02,-8.6777e-02,-1.3588e-01,1.5258e-01,-8.7650e-02,-1.4263e-01,-1.0936e-01,-1.5326e-01,-6.0115e-03,-8.4420e-02,-1.2967e-01,-3.6688e-02,-2.0440e-01,2.7796e-02,-7.8822e-02,-2.3934e-01,-2.2674e-01,-1.3049e-01,7.6444e-02,-2.7820e-02,3.2865e-02,-2.7198e-03,6.8030e-02,1.0065e-01,1.1704e-02,2.0734e-02,8.1739e-02,6.8081e-02,2.4783e-01,1.2314e-01,-5.2714e-02,7.2066e-02,1.1365e-01,1.0765e-01,1.9525e-01,-6.0032e-02,1.1491e-01,-9.6665e-04,-8.1621e-02,9.9412e-02,-3.8820e-02,-1.1806e-01,1.9442e-01,-2.5362e-01,-1.4236e-01,-1.4894e-01,-1.7919e-01,-1.4452e-01,-9.1300e-02,-1.2736e-01,-1.1003e-01,9.1742e-02,-1.4986e-02,-1.1611e-01,-2.9403e-02,-3.6316e-02,1.5211e-02,2.0866e-01
4.3489e-02,1.7260e-03,5.6622e-02,-1.0552e-01,-8.8672e-02,2.6155e-02,-1.6730e-01,-2.0692e-02,-1.3679e-02,-3.2508e-01,-1.3322e-01,-3.8612e-02,-4.1986e-02,-7.7093e-02,-3.7667e-02,1.6303e-01,9.9243e-02,1.3672e-01,-9.7808e-02,2.0355e-01,2.2438e-02,-4.2783e-02,1.1818e-01,1.5411e-01,9.5539e-02,-8.3089e-02,5.3195e-02,3.5744e-02,5.6345e-02,9.0287e-02,1.1891e-01,2.9854e-01,1.3613e-01,1.7208e-01,-5.7432e-02,2.2738e-02,2.6866e-02,3.0446e-02,-1.3081e-01,-1.2079e-01,-1.3548e-01,-2.3030e-01,-2.1370e-02,-9.4064e-02,-2.1376e-01,-7.7425e-02,3.5426e-02,-2.6478e-01,-2.1563e-01,5.2916e-02,1.9081e-01,-1.7130e-01,5.3333e-02,-2.2282e-01,-2.9693e-01,-2.1338e-01,1.2682e-01,6.6390e-02,-7.6112e-02,5.7864e-02,-8.1623e-02,9.5749e-02,-7.8641e-03,-1.8386e-01,2.6659e-02,5.2000e-02,1.4849e-01,1.4800e-01,4.5159e-02,4.2076e-02,2.9011e-02,3.2767e-01,2.8887e-01,1.3873e-01,3.6414e-02,1.4493e-01,1.2000e-01,-4.5817e-02,2.1254e-02,9.0972e-02,3.4520e-01,-2.3795e-01,-4.3772e-02,-4.3429e-02,-1.6885e-01,-2.2562e-01,-1.1204e-01,-7.8455e-02,2.6692e-02,-7.5759e-02,3.3935e-02,-2.0806e-01,-3.4723e-01,-2.0094e-01,-3.0072e-02,-1.4203e-03,-1.1404e-01,-9.6299e-02,9.5180e-02,5.9311e-02
-7.6892e-02,1.3960e-01,3.8078e-03,5.6835e-02,-1.3066e-01,1.0451e-02,1.0739e-01,-9.7787e-02,2.7775e-02,8.4874e-02,-1.1993e-01,-5.5023e-02,-4.6236e-02,-4.1597e-02,-1.0745e-01,-2.6462e-02,1.1129e-01,-3.3625e-03,2.9817e-01,1.5942e-01,2.9896e-01,-4.7487e-02,8.5461e-04,2.3432e-01,-3.2507e-02,8.3326e-02,2.3656e-02,7.1847e-02,6.4180e-02,1.1688e-01,4.2522e-02,7.0519e-02,3.5797e-02,1.6600e-01,2.4228e-01,1.2554e-01,2.8755e-02,5.7591e-02,-1.4519e-01,1.1074e-01,2.0790e-02,2.0085e-02,-4.1926e-02,-1.0598e-01,-8.7810e-02,-1.0615e-01,-1.0615e-01,-8.7598e-03,-1.4686e-01,9.5458e-02,-1.3110e-01,-3.6588e-02,-7.7795e-02,3.2025e-03,-1.2301e-01,9.0939e-04,-1.0125e-02,-4.5778e-02,1.0987e-01,7.7965e-02,-4.2986e-02,9.6784e-02,1.0910e-01,4.4514e-02,1.1279e-02,2.2096e-02,1.8552e-01,1.4281e-01,7.9222e-02,7.0562e-02,-6.9010e-02,-1.1577e-02,2.1611e-01,1.6807e-01,1.2512e-01,1.9342e-01,1.2119e-01,2.3450e-01,1.2137e-02,-6.1222e-02,-1.0985e-01,-6.6593e-02,-1.8109e-01,-2.4857e-02,-2.3437e-01,-8.0694e-02,-2.2322e-01,-9.9148e-02,1.4015e-01,-4.4328e-02,-5.0471e-03,-2.9722e-02,-1.1653e-01,-2.0527e-01,-2.1847e-01,-2.6472e-02,-7.7400e-02,1.4681e-01,-1.6487e-02,-2.1459e-01
-4.4401e-02,-5.7467e-02,-6.1173e-02,-3.5098e-02,-6.9531e-02,6.3763e-02,1.8305e-01,1.5179e-02,1.5921e-01,2.2122e-01,-1.8547e-02,-2.5408e-01,-7.3764e-02,-7.9885e-02,6.9707e-02,-1.1764e-01,-2.5029e-02,-2.7430e-01,6.5241e-02,7.4082e-02,9.8626e-02,1.7133e-01,-1.6267e-01,1.4504e-02,2.0997e-01,1.6370e-01,1.2447e-01,-6.0371e-02,4.5183e-02,2.2137e-01,5.3666e-02,3.1253e-02,2.1245e-01,4.4996e-02,-3.7906e-02,1.0934e-01,6.7904e-02,1.2085e-01,3.0340e-02,2.2055e-02,-9.7899e-02,1.1616e-01,-3.6532e-02,-1.0141e-01,-1.0563e-01,-1.8062e-01,-2.2733e-01,-2.3668e-02,1.3060e-02,-1.0661e-01,-5.1196e-01,1.4586e-01,-6.7591e-02,-6.6267e-02,-1.2206e-01,-1.2245e-01,4.0783e-02,1.4539e-01,-2.9051e-02,8.0510e-03,3.6925e-02,1.3559e-04,-5.7186e-02,2.3671e-01,9.3478e-02,1.2273e-01,5.0490e-02,-1.0059e-01,5.3535e-02,1.2326e-01,1.8154e-01,-3.5928e-03,-2.6417e-02,6.8267e-02,3.4901e-02,-1.7422e-01,-9.9672e-02,-4.9125e-03,9.9119e-02,-1.2882e-01,-9.3325e-02,-5.3411e-02,1.5041e-01,-7.2553e-02,-5.4111e-02,-2.0711e-02,1.0160e-01,-1.1265e-01,-1.1934e-01,-1.1050e-01,-2.3701e-01,1.4091e-02,1.0798e-01,-7.4261e-03,-1.2727e-01,-2.1582e-01,-1.7788e-01,-2.8053e-01,-5.6184e-02,-8.0428e-02
3.0757e-01,-1.6524e-01,-3.0341e-01,-3.6250e-02,5.4134e-02,-8.6117e-02,-2.1467e-02,-5.6778e-03,-4.6076e-02,-9.7130e-02,7.0480e-02,-1.2460e-02,-1.6889e-02,-1.4918e-01,-3.8244e-02,-1.7245e-01,-9.6287e-02,6.9001e-03,-2.8043e-02,5.2271e-02,6.2608e-02,9.4408e-02,1.8780e-01,-2.3332e-01,4.2993e-02,1.5708e-01,2.7514e-01,1.8555e-01,-4.2435e-02,-8.6676e-02,4.9298e-02,-3.2117e-02,6.5194e-02,7.2224e-02,-3.0068e-02,-2.9043e-02,3.5589e-02,-6.2054e-02,-1.6376e-02,1.0077e-01,-6.0210e-02,-8.4555e-02,-2.8062e-02,-9.5390e-02,-1.4914e-01,-3.5830e-02,8.7507e-02,1.6132e-03,-1.4996e-02,-5.2194e-01,6.4759e-02,-8.3333e-02,-7.0085e-02,-1.4396e-01,2.4324e-01,3.0664e-01,-2.5097e-02,1.9533e-02,1.0135e-01,1.3727e-02,5.9185e-02,5.0827e-02,-8.2071e-02,1.0635e-01,7.1597e-02,5.7995e-02,5.0485e-02,9.0055e-02,3.7726e-02,-3.5841e-02,3.0624e-01,1.3304e-01,-1.9812e-01,-2.4315e-01,-2.8758e-02,2.2722e-02,6.5100e-03,-1.5265e-01,-1.2832e-01,-4.1234e-02,-1.0986e-02,2.0832e-02,9.7216e-02,-1.8030e-03,4.8038e-02,1.9667e-01,-1.0308e-01,-1.4880e-01,-2.7438e-01,-1.5900e-01,-2.0874e-01,-1.6209e-01,-7.3823e-02,-3.8368e-02,-3.0852e-02,1.3719e-01,5.4574e-02,1.3275e-01,-7.9959e-03,-5.5656e-02
-1.6369e-01,9.3387e-02,2.6273e-01,1.0710e-01,1.2567e-01,9.5749e-02,1.3587e-01,1.1193e-01,-1.4347e-01,-1.6098e-01,-7.7850e-02,-6.8495e-02,1.3875e-01,1.7713e-02,5.6327e-02,5.2546e-02,1.5889e-02,5.6000e-02,1.0692e-01,-4.4810e-02,-1.2237e-02,6.4029e-02,1.0410e-01,-2.1829e-02,-1.0248e-01,6.7282e-02,7.2728e-02,1.0771e-01,1.1311e-01,1.1373e-01,1.3893e-01,-1.3996e-03,-2.8734e-01,1.3070e-01,-9.6907e-02,-1.0561e-01,8.4831e-02,-3.7477e-02,-5.2806e-02,-1.3679e-01,8.9960e-04,-7.4823e-02,-7.7654e-02,-7.8477e-02,-5.0215e-02,-9.6866e-03,-2.1170e-01,-1.1407e-01,5.5082e-03,1.0290e-01,-8.4403e-03,-1.4805e-01,7.2816e-02,9.2880e-02,2.1587e-01,-1.5071e-01,-2.0291e-01,7.3766e-03,-3.9195e-02,6.4108e-02,9.8370e-02,1.0807e-01,6.7142e-03,-4.6997e-03,2.6524e-01,7.1781e-02,3.2853e-02,1.2833e-01,3.2820e-01,1.1586e-02,3.3981e-02,3.6923e-02,2.9585e-02,1.8248e-02,-1.3046e-01,3.0428e-02,-1.5566e-02,-1.2688e-01,4.9518e-02,-3.1545e-02,2.9188e-02,1.1628e-01,-8.5313e-02,-2.3629e-01,1.1962e-01,-1.1642e-01,-6.5256e-02,1.5535e-02,-1.5022e-01,-3.6147e-02,8.4789e-02,-1.4486e-02,-8.3797e-03,1.8758e-03,2.2382e-01,9.2333e-03,1.2608e-01,7.0873e-02,1.1340e-02,6.2322e-03
-8.7996e-02,-8.1384e-03,1.0770e-01,-1.7282e-02,2.5539e-02,-1.4226e-01,-1.9210e-01,-4.3787e-02,-6.5198e-03,-6.3006e-02,-7.3161e-02,1.6450e-01,-6.9638e-02,1.5242e-01,-8.4172e-03,3.7248e-02,1.6569e-02,1.3646e-02,4.5334e-02,1.3984e-01,-3.8192e-02,-4.2184e-02,6.5642e-02,1.0843e-01,-6.1804e-02,-4.3363e-02,-1.4571e-01,-4.1234e-02,-3.4701e-02,-8.5488e-02,1.3080e-01,1.1330e-01,1.0265e-01,-2.0943e-01,9.1668e-02,2.2264e-01,2.2237e-02,1.4989e-02,2.5192e-02,2.6364e-02,-1.5753e-02,-2.2568e-01,-1.1413e-01,3.6914e-02,2.2453e-02,-7.0234e-02,5.1664e-02,9.1200e-02,-9.1291e-02,-3.8063e-02,-7.8769e-02,-1.2724e-01,-2.3480e-01,-2.5490e-01,-1.7016e-02,2.5992e-04,9.5786e-02,9.0656e-02,1.0574e-01,3.2342e-02,-1.0849e-01,-1.4558e-01,-6.7133e-02,-1.8959e-01,1.1755e-01,2.7854e-01,1.0634e-01,-3.2761e-02,-5.5099e-04,1.3604e-01,8.8315e-03,3.2251e-02,7.8298e-02,2.6614e-02,-9.0141e-02,4.3800e-03,1.2528e-02,6.8417e-02,-2.7673e-02,-6.7222e-03,-4.3030e-02,-5.1126e-02,-1.0584e-01,1.0958e-01,-1.4793e-01,-3.9358e-02,4.3255e-02,-2.9243e-02,1.2273e-01,-2.1207e-01,-2.5337e-02,-8.6228e-02,-1.2437e-01,5.6814e-02,9.4294e-03,-1.1753e-01,1.2866e-01,7.5329e-02,-1.1219e-01,6.4898e-02
-4.4149e-02,7.0524e-02,3.4972e-02,-8.5839e-02,-8.2004e-02,-2.2789e-02,1.3684e-02,-7.7017e-03,-9.4311e-02,7.9996e-03,1.4954e-01,3.5740e-02,-4.0644e-02,-8.6064e-03,-9.9474e-02,1.7838e-01,1.6376e-01,1.2312e-01,-9.5076e-03,-3.1721e-02,-4.0597e-02,3.7831e-02,-4.4302e-02,3.5266e-02,5.9347e-02,-2.1051e-01,-1.1001e-02,1.6693e-02,-1.1628e-01,1.9954e-02,-8.4627e-03,7.8630e-02,6.6482e-02,5.8995e-02,4.5823e-02,1.1350e-01,2.6486e-03,2.3564e-03,-4.1199e-02,-8.0592e-02,-5.2529e-03,-8.0273e-02,-3.2261e-02,-1.2927e-01,-6.5476e-02,-1.2045e-01,-7.9787e-02,-6.2033e-02,-1.8544e-01,2.2450e-01,4.9925e-02,-4.3927e-02,-1.1288e-01,3.6530e-02,-2.7999e-01,-2.0383e-01,3.9178e-02,5.4330e-02,2.8735e-01,2.5663e-01,1.5646e-01,1.9078e-02,3.1475e-02,5.8892e-03,-1.6360e-01,-2.2207e-01,1.8832e-01,-1.0224e-01,-3.1959e-02,1.1756e-01,3.2047e-03,9.7580e-02,9.3765e-02,4.0186e-02,1.6990e-01,-8.6476e-03,-2.2123e-02,6.4243e-02,1.0771e-01,-3.4876e-02,-1.2079e-02,-1.3105e-01,1.0924e-01,2.5550e-01,-1.5979e-01,-2.0136e-01,-6.3150e-02,-3.8056e-02,-9.6074e-02,5.3687e-02,-2.8053e-02,6.3143e-02,1.1138e-01,1.3315e-02,-6.1852e-02,-1.2876e-01,-1.7826e-02,7.6244e-02,7.0222e-02,7.1349e-02
-2.2685e-02,9.8243e-02,3.0749e-03,7.4226e-02,-5.9498e-02,-6.2158e-02,-1.5433e-01,-1.4805e-02,2.6877e-01,3.0066e-01,1.9746e-01,2.9784e-01,1.8484e-01,1.5725e-01,2.0668e-01,5.6684e-02,-1.6290e-01,-9.4743e-02,-7.1851e-02,1.6260e-03,-2.8286e-03,4.8005e-02,2.7947e-02,2.3380e-01,1.6630e-01,4.8845e-02,-1.0524e-01,9.0855e-02,4.5607e-02,2.0643e-01,2.9500e-02,-7.5408e-03,2.9538e-01,1.4905e-01,-9.1076e-02,-1.7083e-01,1.3362e-02,8.6393e-02,1.2246e-01,1.6171e-01,1.7649e-01,1.6124e-01,6.9075e-03,9.2292e-02,-2.2592e-02,-9.0453e-03,-6.4167e-02,-1.0634e-02,6.7312e-02,3.1430e-02,-9.8664e-03,7.5968e-02,-1.0180e-02,1.8992e-02,-1.7972e-01,-6.5018e-02,1.8196e-01,-2.7033e-01,-1.1346e-01,-1.3034e-01,-2.6586e-01,9.2827e-02,2.9045e-01,-2.2500e-02,-3.8263e-03,-1.0584e-01,-4.3898e-01,-8.0147e-02,-6.0467e-02,1.0414e-02,-3.2384e-02,-2.1590e-02,1.6811e-01,1.9443e-01,2.5598e-01,-4.4972e-02,3.9708e-02,-6.9626e-02,3.6822e-02,8.3259e-02,1.8338e-01,1.6460e-01,-1.1597e-01,-6.2389e-02,-7.4782e-02,-6.4162e-02,-4.6966e-02,-3.0176e-02,-1.7259e-02,1.0257e-01,-4.6426e-02,-1.7994e-02,-2.9531e-02,-1.8066e-01,-7.4842e-02,-6.8554e-02,-1.3627e-01,-8.1755e-02,8.5467e-02,6.0407e-02
1.4625e-01,-5.0131e-02,-4.6620e-02,-3.7771e-02,1.8957e-02,1.9014e-01,1.7063e-01,-1.9390e-03,2.8745e-01,1.4875e-01,-5.1958e-02,-1.7876e-01,-8.2405e-02,1.3244e-02,1.9227e-02,4.7699e-02,6.2861e-02,-1.2635e-02,-8.2572e-03,-3.8419e-03,-1.0263e-01,4.6938e-02,-1.1276e-02,-9.2538e-02,7.1309e-02,3.2076e-01,2.1580e-02,2.3091e-01,1.6543e-01,-1.2713e-01,-2.0833e-01,-8.4766e-03,-4.6653e-02,6.7642e-02,1.4518e-01,-5.0818e-02,-4.1015e-02,6.2600e-02,1.3560e-01,-7.7848e-02,-2.9215e-01,2.7456e-03,-1.5272e-02,-5.6067e-02,1.8484e-02,5.4712e-02,1.4469e-01,1.4210e-01,7.8913e-02,1.4051e-02,-2.9532e-03,-1.4446e-02,1.8592e-01,-7.3010e-03,4.5162e-02,1.8101e-01,-2.2802e-01,1.3058e-01,-1.3290e-01,-1.9494e-01,-4.9048e-02,-8.9096e-03,1.4686e-01,8.7288e-02,-1.4930e-01,1.3011e-01,2.3710e-01,2.6346e-01,-5.9188e-02,-2.1198e-01,1.1572e-01,3.0766e-02,8.9891e-02,9.4404e-02,-7.6034e-02,4.3560e-02,1.3099e-02,-8.5731e-03,2.9454e-02,-3.8403e-02,-1.9049e-01,-1.2422e-01,1.5693e-02,4.1499e-02,2.7499e-02,-2.8798e-02,-5.2008e-02,6.8228e-02,1.4600e-02,-1.6546e-02,-1.2075e-01,-1.5475e-01,-3.6882e-02,-4.6403e-02,-1.5965e-01,1.8710e-02,-1.0248e-01,-1.2287e-01,2.2290e-01,-5.8685e-03
1.0043e-01,-8.6917e-02,-9.4767e-02,3.1926e-02,2.2140e-01,5.9453e-02,2.1604e-01,3.7700e-01,-1.2444e-02,-6.8089e-02,4.7990e-02,5.9638e-02,2.6205e-02,4.9522e-02,1.6046e-01,8.1926e-03,1.0216e-02,1.5189e-02,2.8063e-01,1.0763e-01,1.1877e-01,-6.6172e-02,-4.4530e-02,-1.7217e-01,1.0316e-01,-1.3785e-02,1.9902e-01,1.7405e-03,7.3560e-03,-1.9673e-02,-1.3006e-01,-2.1863e-01,-5.8662e-02,-8.7898e-02,-1.2076e-02,1.1869e-01,-7.3019e-02,-3.2026e-02,-3.6487e-02,-7.8510e-02,2.3638e-02,3.5297e-02,5.5849e-02,-8.0157e-02,3.5050e-02,2.5453e-02,-2.1982e-02,-1.7041e-01,-1.8514e-02,3.6749e-02,1.4246e-01,7.1953e-03,-2.4965e-02,7.6439e-02,2.3676e-01,1.6420e-02,-1.6340e-01,1.1992e-03,-3.4187e-01,9.1204e-02,2.5951e-01,-1.1379e-01,-4.1230e-02,4.7988e-02,5.7710e-02,1.2373e-01,8.1212e-02,9.2956e-02,9.9886e-02,1.5242e-01,-5.3564e-02,-6.2840e-02,-2.2029e-01,-1.4776e-01,-1.6771e-01,1.4454e-01,3.4652e-02,5.5427e-02,2.9431e-02,4.7487e-02,2.6051e-01,-4.7649e-02,2.7414e-02,-2.5094e-03,6.2684e-02,1.2201e-01,2.8266e-02,1.7976e-02,1.4146e-02,3.6813e-03,7.1394e-03,9.6817e-02,2.4935e-02,1.8161e-01,1.2793e-01,-5.4521e-02,-2.4347e-02,-1.0309e-01,-7.9165e-02,-2.6335e-01
-6.2900e-02,3.0426e-02,1.0499e-02,1.3969e-01,6.7099e-02,2.0564e-01,2.5868e-01,-5.8484e-02,-1.4104e-02,4.4684e-02,1.1706e-01,1.5339e-01,2.8579e-01,2.2172e-02,7.0525e-03,8.2888e-02,1.3780e-01,3.1266e-01,1.3283e-01,6.3083e-02,1.4745e-01,1.6541e-01,8.5004e-02,-3.9199e-02,-4.7281e-02,-1.5992e-01,-9.7684e-02,-5.5806e-01,-8.3797e-02,-1.1000e-02,9.7960e-02,1.3473e-02,-5.4400e-01,-2.4752e-01,-1.3573e-01,-1.2644e-01,-4.2960e-02,-6.8791e-02,-1.4178e-01,5.4407e-03,5.3432e-02,2.2289e-02,-1.4541e-01,5.0114e-02,2.7048e-02,-2.6864e-02,-3.9523e-02,2.1647e-03,1.4513e-01,-1.3746e-01,-1.4472e-01,1.8743e-01,5.3785e-02,7.8523e-03,4.1340e-03,7.3558e-02,-4.1187e-02,2.6119e-02,3.1386e-01,-2.9146e-02,1.0589e-01,-2.4994e-02,-3.7189e-01,-2.1654e-02,6.0082e-02,-5.8588e-02,-1.1702e-01,-9.5931e-02,3.7545e-02,-1.8346e-01,-3.7532e-02,-5.7371e-02,-1.9211e-01,-1.9622e-01,-6.5384e-02,1.1611e-02,-5.5109e-03,1.8151e-02,2.0175e-02,8.2565e-02,-2.1386e-01,-9.1989e-02,-1.0844e-01,-2.3602e-02,7.8481e-03,1.2438e-02,-2.0420e-02,-1.2731e-01,6.2299e-02,6.2657e-02,1.1746e-01,1.1527e-02,-2.7105e-03,3.7027e-02,1.0253e-01,2.0410e-01,1.4304e-01,2.4392e-02,-1.7652e-01,7.2608e-02
-4.1689e-02,-1.3923e-02,1.3044e-01,4.8369e-03,3.0608e-01,1.5711e-01,-7.1295e-02,1.4833e-01,8.8446e-03,1.6558e-01,1.4251e-01,1.1774e-01,1.7424e-01,-4.4042e-02,1.5086e-01,-1.2651e-01,-1.5332e-03,-6.2026e-03,-1.4696e-01,8.0392e-03,1.2998e-01,4.9286e-03,1.6252e-01,-1.8176e-02,-2.5050e-01,-4.1372e-02,-6.3560e-02,6.5978e-02,-1.7926e-01,1.0765e-01,1.2926e-01,-6.8550e-03,1.8776e-01,6.6195e-02,1.9611e-01,1.2384e-01,1.5886e-01,6.0270e-03,-1.1558e-01,6.3718e-02,5.6229e-02,2.5135e-02,6.5554e-02,8.6544e-02,-9.7265e-02,3.5540e-02,2.6252e-02,1.1892e-01,-4.6926e-02,5.0074e-03,1.5121e-01,1.1076e-02,-1.1012e-01,-9.3230e-02,-1.6225e-01,-1.0922e-01,1.9680e-01,1.6797e-02,1.4852e-01,-4.0494e-02,-3.3031e-02,-4.4135e-02,-8.0315e-03,-2.7087e-01,5.3783e-02,-1.0106e-01,-1.2393e-01,-2.0020e-01,-1.7834e-01,-1.6617e-01,-1.7196e-01,-2.0210e-02,1.0155e-02,3.3039e-02,3.4547e-02,-1.2961e-01,-1.5745e-02,-6.8817e-03,-1.0144e-01,6.2672e-02,-1.8013e-01,2.5004e-02,1.2076e-01,-1.7492e-03,6.2084e-02,1.1254e-01,1.5197e-01,1.5273e-01,-6.3342e-02,1.7606e-01,1.2293e-01,7.3509e-02,7.7731e-02,-3.3195e-02,2.9083e-02,9.7459e-02,1.0949e-01,1.1439e-01,8.2546e-02,2.9473e-02
-8.0466e-02,3.3452e-02,6.3298e-02,7.7297e-02,-3.9894e-02,-5.3522e-02,-5.2646e-02,-1.0848e-02,1.9767e-01,8.3946e-02,4.3741e-02,1.0539e-01,1.0037e-01,7.8635e-02,1.2462e-02,8.1931e-02,1.3336e-01,2.5623e-02,-6.8142e-02,-1.8323e-01,-2.9737e-01,-2.2772e-01,-1.8932e-01,1.1068e-01,-5.8598e-02,-6.5185e-02,3.3686e-02,1.7244e-01,-1.1159e-01,-1.4021e-01,-2.0797e-01,2.2961e-02,1.1876e-01,-3.0193e-02,-3.2230e-01,-2.4473e-01,9.8939e-03,1.9523e-01,-3.5717e-02,8.4209e-02,8.4377e-02,1.6284e-01,2.3958e-01,1.7672e-01,3.0732e-01,2.7305e-01,4.3348e-02,-2.0951e-02,-1.2683e-01,2.3254e-02,8.6496e-02,4.4943e-03,-1.5927e-01,-1.2798e-01,1.1457e-02,6.5981e-03,5.6977e-02,2.9574e-02,1.9930e-02,-8.1788e-02,-3.0966e-01,-6.4541e-02,-4.8449e-02,9.8587e-02,-2.1543e-01,-1.4614e-01,-8.9091e-02,-1.9987e-01,-2.4695e-01,2.7673e-01,-2.1193e-01,7.0506e-02,8.3855e-02,1.7920e-01,-4.7810e-03,1.1820e-01,-5.4960e-02,-7.9964e-02,-2.1568e-01,7.6636e-02,2.8612e-01,1.5214e-01,2.5807e-02,6.5180e-02,1.9780e-01,9.6039e-02,6.5945e-02,1.3717e-01,2.2817e-01,-1.5363e-02,5.1796e-02,4.7075e-02,2.1861e-01,1.1283e-01,-3.7680e-03,-1.3521e-01,-8.6335e-02,4.2603e-02,9.1162e-02,-4.7065e-03
1.2285e-01,8.9341e-02,-2.8386e-02,-1.3022e-01,-1.4756e-01,7.4047e-02,3.9263e-02,1.3091e-01,1.1241e-01,6.6657e-02,1.9887e-02,1.1755e-01,1.1292e-02,9.7115e-02,8.3850e-02,1.1288e-01,1.6743e-01,-3.9909e-02,1.3941e-01,1.7661e-01,5.3075e-02,-6.2849e-02,-3.8467e-02,5.1295e-02,3.5275e-02,2.8915e-02,-1.9358e-01,-3.9268e-02,-6.6234e-02,-3.4059e-01,-1.8247e-01,1.0141e-02,3.4895e-02,1.0334e-02,-1.0977e-01,-1.9881e-01,-2.3383e-01,-6.5229e-02,2.6182e-01,6.6254e-02,-6.5929e-02,-1.5911e-01,-1.2486e-01,2.0261e-03,1.1179e-01,-1.5768e-02,1.7517e-02,1.8924e-01,6.9219e-03,1.9998e-01,1.9562e-03,5.7475e-02,6.0423e-02,3.1976e-02,9.1330e-02,3.3832e-02,2.2017e-02,-5.8028e-02,-2.9743e-02,1.7124e-01,1.3931e-01,5.1442e-02,8.1762e-02,-3.4800e-02,-2.0620e-01,5.3356e-02,-2.9265e-02,-5.3307e-02,4.6988e-02,-1.8077e-01,-3.8111e-02,-7.6709e-02,-6.2413e-02,-3.6605e-02,1.0342e-02,1.1570e-03,1.2310e-01,-9.4943e-02,1.7855e-01,-1.0116e-01,3.7978e-02,1.1385e-01,1.8604e-02,5.5388e-02,3.7431e-02,2.3431e-02,5.4547e-02,1.2000e-01,1.8575e-01,1.8715e-02,1.4314e-02,6.4259e-02,2.0145e-01,6.6612e-02,3.2070e-02,1.4230e-02,-3.4207e-02,-1.3191e-01,-3.8624e-04,7.4072e-02
4.5158e-02,7.3021e-02,1.1358e-01,2.6589e-02,-9.2092e-02,1.8713e-02,1.6711e-01,5.1424e-02,1.2535e-02,2.9380e-02,3.1838e-01,8.9329e-03,-6.1241e-02,1.7581e-01,1.0446e-01,2.0662e-02,3.3029e-02,-9.8243e-03,-1.2513e-01,1.0190e-01,1.6806e-01,1.4926e-02,-2.7367e-02,-5.1796e-02,-7.4153e-02,-1.9252e-01,-2.1683e-02,-1.0441e-01,-5.5209e-04,-7.7197e-02,1.0579e-02,-2.3877e-01,-1.2453e-01,1.5352e-02,-2.2141e-02,5.9167e-03,1.0502e-01,-7.2423e-02,-3.3224e-02,3.8504e-02,1.6473e-01,1.8333e-03,-5.0096e-02,-2.0615e-02,4.4184e-02,1.1419e-01,1.0835e-01,1.0950e-01,1.2090e-01,7.8849e-02,2.8357e-02,1.4014e-01,5.4692e-01,1.9863e-01,-2.2390e-02,-5.2416e-02,-1.4888e-01,-3.7406e-02,1.0495e-01,-2.9870e-02,-3.6519e-02,-3.3189e-02,-3.9417e-02,-1.8426e-02,3.7447e-02,1.5930e-01,6.6972e-02,2.4552e-01,-1.1348e-01,-2.7921e-01,-1.9449e-01,-1.8620e-01,-4.5980e-01,-3.3866e-01,-1.7652e-01,-1.3101e-01,-5.5176e-02,9.9895e-02,1.4158e-01,-1.4818e-01,1.2489e-02,8.3396e-02,1.3275e-01,2.5797e-02,1.2633e-02,2.2819e-02,8.3098e-02,9.4827e-02,6.5422e-02,4.7079e-02,-4.4857e-02,1.6627e-01,7.9542e-02,9.1460e-02,4.0561e-02,4.2145e-02,3.6732e-02,-7.6839e-03,-1.1743e-01,7.5848e-02
-1.5025e-02,-1.1600e-02,-6.0895e-02,-5.7831e-04,8.2060e-02,1.5867e-01,2.9807e-01,8.1516e-02,-2.0713e-02,1.5337e-01,-2.4785e-02,1.5793e-01,2.8092e-01,2.3315e-01,9.5970e-02,1.7059e-01,5.6666e-02,-2.4839e-02,6.6829e-03,1.0267e-01,5.6006e-03,2.3539e-02,4.6908e-03,-4.2961e-02,3.6594e-02,-9.3134e-02,-2.0354e-01,-3.8353e-01,-2.1428e-02,3.2508e-02,-2.1345e-01,4.3275e-02,6.7238e-02,1.8437e-01,1.6661e-01,4.5450e-01,1.2748e-01,-1.6085e-01,-1.1907e-02,-2.1914e-01,-1.1275e-01,8.6996e-02,4.0013e-01,5.5053e-02,-1.3020e-01,8.5213e-02,3.9022e-01,2.4089e-01,5.4363e-01,2.7665e-01,2.4089e-01,1.3784e-01,8.2405e-02,7.5569e-02,3.1299e-01,-3.8962e-02,-7.3627e-03,-4.2592e-02,-1.7441e-01,-3.9255e-02,-5.5151e-02,1.0832e-03,-1.0642e-01,1.5947e-01,5.5746e-02,-2.0777e-01,-2.9488e-01,-1.3287e-02,-6.4139e-02,-1.1349e-01,5.0472e-02,-1.9361e-01,2.8069e-01,-5.9221e-02,-3.8177e-02,-1.4136e-01,7.7167e-02,4.7983e-02,-1.3450e-01,2.5809e-02,-1.8666e-01,3.3871e-02,-7.1853e-03,1.0700e-02,1.1706e-02,4.7526e-02,1.1663e-01,4.9961e-02,1.3409e-02,1.0362e-01,1.0547e-01,1.6861e-02,8.5242e-04,1.3310e-01,4.7927e-02,5.4459e-02,6.0763e-02,4.7727e-02,-6.2441e-02,6.8625e-02
-2.6119e-02,-4.7046e-02,-5.9500e-02,1.1222e-01,1.8418e-01,9.9753e-02,6.4279e-02,4.1144e-02,2.5395e-01,1.3180e-01,7.2284e-02,1.0263e-01,1.2529e-01,8.9596e-02,1.8490e-01,1.1412e-01,4.3171e-02,1.4173e-01,5.6636e-02,-1.7909e-01,-3.8398e-02,-9.0086e-02,-7.0260e-02,-2.1713e-02,2.7938e-02,-6.4366e-02,-5.7421e-02,-7.1628e-02,-1.6618e-01,1.1669e-01,-3.8709e-02,-2.2302e-02,-2.7811e-01,-3.0437e-01,1.0756e-01,1.5021e-02,-8.7898e-02,1.6254e-01,3.6400e-02,-7.1008e-03,1.2640e-01,8.9212e-02,1.8291e-02,1.5595e-01,2.2589e-01,2.7108e-02,1.9062e-02,-2.9659e-02,2.7484e-02,-3.4058e-02,2.8937e-03,-1.2267e-02,-4.2477e-03,6.4706e-03,1.6784e-02,3.0751e-01,2.4831e-02,1.5497e-01,-2.3106e-01,-3.4497e-02,-6.2676e-02,-2.1286e-01,-1.6789e-01,-6.0153e-02,9.1200e-02,-6.1152e-02,-1.0238e-01,-3.5412e-01,-7.5714e-02,1.2648e-01,-2.3868e-03,-5.5291e-02,3.1643e-02,-3.2624e-02,1.7469e-01,1.1634e-01,-1.0901e-01,-1.2448e-01,5.6127e-02,2.0028e-01,8.5066e-02,-1.0924e-01,-1.4486e-01,1.8911e-02,5.7797e-02,1.2525e-01,1.1148e-01,3.3266e-02,2.1264e-02,2.1745e-01,1.4120e-01,5.1342e-02,-5.2341e-02,-8.0924e-02,2.7927e-02,6.7664e-02,9.6175e-02,1.6863e-01,2.0938e-01,1.1802e-01
-1.3496e-02,1.6196e-01,7.4604e-02,2.3812e-01,3.4525e-01,4.3068e-02,-3.4041e-02,-2.3939e-02,5.8979e-02,4.4383e-03,6.0295e-02,1.3367e-01,2.8187e-02,-2.8197e-02,4.5537e-02,1.9646e-02,9.8785e-02,1.6066e-01,1.7068e-01,9.2700e-02,7.2901e-02,1.2981e-02,-1.2335e-01,-2.2355e-01,-1.5379e-01,7.9893e-02,1.4880e-02,1.2317e-01,-1.8362e-01,-2.0724e-01,-1.8376e-01,-7.5651e-02,-2.6998e-01,-1.9181e-01,-7.8055e-02,-2.4885e-01,-1.5385e-01,-6.4262e-02,1.3541e-01,1.1551e-01,1.0362e-01,1.7243e-01,5.2494e-02,3.2625e-02,1.5668e-01,6.1810e-02,6.2836e-02,7.4127e-02,-3.8029e-02,-5.5209e-02,2.6342e-02,-6.0096e-03,-2.2237e-01,1.5891e-01,2.8252e-02,3.5275e-02,2.5813e-01,-8.1581e-02,3.4944e-02,-6.1133e-02,3.7870e-02,-7.4802e-02,-1.7506e-01,-2.6914e-01,-3.2689e-01,-2.3551e-01,-1.6526e-01,-9.7749e-02,-1.0172e-01,2.4558e-02,2.2200e-01,-4.0186e-02,-2.1445e-01,3.8442e-02,-4.7445e-03,-5.6339e-02,-1.8379e-01,1.9075e-02,-2.9361e-02,3.0483e-02,1.3699e-01,2.7864e-03,5.3924e-02,-1.7692e-02,1.9961e-01,2.2112e-01,1.3290e-01,7.7276e-02,8.2735e-02,1.7356e-01,1.1192e-01,5.3376e-02,1.4752e-03,8.5850e-02,3.7160e-02,9.5349e-02,7.4495e-03,-9.7618e-02,-4.6857e-02,-4.0350e-02
1.9756e-01,2.9069e-02,7.2239e-02,3.6217e-02,9.3606e-02,9.1158e-02,-3.0192e-02,2.0510e-01,1.1413e-02,2.8875e-02,1.2203e-01,8.4578e-02,-2.9973e-02,-4.5208e-02,6.1696e-02,-3.2236e-02,-5.8564e-03,9.2688e-03,2.2134e-01,-3.2038e-02,-1.6548e-02,5.1268e-02,1.1436e-02,4.9480e-02,-1.6217e-01,-2.4793e-02,-4.6388e-02,-9.2230e-02,2.3584e-02,-1.2937e-01,-1.0145e-01,-1.0539e-01,4.4079e-01,-3.7119e-02,-2.1692e-01,-6.8676e-02,-3.3410e-01,1.2068e-01,-1.7641e-01,6.7023e-02,4.4759e-02,4.9406e-02,6.0189e-02,2.1714e-02,6.0248e-02,7.6784e-02,4.9249e-02,7.6468e-02,4.9225e-02,1.0446e-03,1.3423e-01,2.1173e-01,8.1404e-02,6.3617e-02,4.0347e-02,6.6136e-02,2.1528e-01,2.2016e-02,9.3901e-02,-7.3575e-02,1.4418e-01,4.5973e-02,2.5085e-01,-4.9919e-02,-8.4887e-02,-1.1333e-01,-3.2017e-02,-2.4628e-01,-2.8760e-01,-2.2558e-01,-1.8689e-01,5.1997e-02,-1.1702e-01,-6.6286e-02,-1.2121e-01,-2.8850e-01,1.4522e-01,-1.5362e-01,-1.1297e-01,-1.0586e-02,3.3500e-03,8.2708e-02,9.1733e-02,2.9712e-01,4.4509e-02,-3.7086e-03,8.8437e-02,1.0369e-01,1.1141e-01,1.0048e-01,1.6412e-01,7.7545e-02,9.1999e-02,9.4105e-02,2.4567e-01,3.8041e-02,2.6553e-02,1.2182e-02,-6.7266e-02,-1.6155e-01
-2.5267e-02,-1.0701e-01,4.3734e-02,-1.0526e-01,-1.5416e-01,3.8565e-02,2.6193e-03,1.2312e-01,1.1906e-01,1.1367e-01,1.5773e-01,1.6249e-02,-4.1293e-02,-2.5738e-02,2.0256e-02,-7.9160e-03,3.2954e-02,7.3068e-02,-5.7519e-02,2.9059e-04,-1.5380e-02,8.8236e-02,6.3572e-02,2.9434e-01,5.5821e-02,-1.4361e-01,1.4442e-01,6.5784e-02,-1.5257e-01,-5.4469e-02,1.4678e-01,-3.3109e-02,-1.3249e-01,1.8324e-01,2.8876e-02,-1.2698e-01,1.6798e-01,-1.9552e-01,-6.7024e-03,1.8727e-01,-2.2092e-03,-4.6641e-02,6.5022e-02,2.0739e-01,-1.2390e-01,2.3272e-01,-2.0813e-02,1.2889e-01,9.8368e-02,2.5671e-01,-1.2272e-01,1.4823e-01,2.3832e-02,-1.4559e-01,-1.5948e-01,-1.2160e-01,-2.1484e-01,-1.7589e-02,2.4786e-01,-3.0723e-02,-1.1787e-01,3.8461e-02,-3.1795e-02,-4.1850e-01,-8.6745e-02,-6.3561e-02,-6.4517e-02,-1.5532e-01,-4.3139e-02,-2.9871e-02,-4.1892e-01,-3.0782e-01,-2.2696e-02,-1.3714e-01,-3.0179e-01,1.2799e-01,-2.0363e-01,-1.5146e-01,2.6735e-02,-7.2852e-02,1.2090e-02,4.8503e-02,1.1943e-01,-6.7092e-02,-3.8661e-02,4.5872e-02,-1.6110e-02,-1.0997e-02,9.0129e-02,1.1728e-01,2.9738e-01,2.8926e-01,4.3820e-01,4.1955e-01,8.0321e-02,4.5395e-02,3.7412e-02,2.0873e-02,-3.6000e-02,-1.4049e-01
-1.0534e-01,-1.1749e-01,-3.5486e-02,-1.2611e-01,-1.3315e-01,-1.5219e-01,2.4886e-01,8.4148e-02,1.4174e-01,1.9662e-01,1.4667e-01,6.2451e-02,-5.0161e-03,4.9453e-02,2.0026e-03,1.1351e-01,1.0343e-01,-1.3701e-01,-9.0184e-02,6.4084e-02,2.4636e-02,2.8437e-02,5.3908e-03,-1.2587e-02,2.0748e-01,-4.1621e-03,-6.7381e-02,-5.2130e-02,-1.5126e-01,-4.1298e-02,-4.2084e-02,-8.3264e-02,-1.0602e-01,-1.1418e-01,-7.3118e-02,2.1282e-01,4.0244e-01,1.4216e-01,5.2064e-02,9.7580e-03,3.5587e-02,2.8933e-02,2.9821e-02,9.0405e-02,1.0014e-01,7.9315e-03,1.3207e-02,2.1566e-01,1.9038e-01,2.8558e-01,3.4231e-01,-3.7083e-02,7.0576e-02,-4.3419e-02,-5.8827e-02,-1.7802e-01,9.5172e-02,3.3291e-02,1.3875e-02,-5.0743e-02,-3.5377e-01,-1.5579e-01,1.0893e-01,-1.2902e-01,-2.0211e-02,3.2462e-02,-6.8404e-02,3.6076e-02,8.0769e-03,-2.2121e-01,-3.4139e-02,-9.0718e-03,-8.3606e-02,-2.8718e-01,-1.2596e-01,-2.3118e-02,-2.0162e-02,2.3928e-01,1.5827e-01,-1.0795e-01,8.6699e-03,-8.0280e-02,9.1653e-02,-7.6947e-03,1.4484e-01,5.9857e-02,1.9136e-01,3.6022e-01,2.8139e-01,-8.0869e-02,9.4226e-03,2.8008e-01,1.3334e-01,-3.1128e-02,-6.7458e-03,1.0670e-01,1.6928e-01,6.0613e-02,1.6156e-02,-3.0094e-02
-1.2553e-01,1.2715e-01,-3.2439e-02,-2.4459e-03,-5.7504e-03,3.0174e-03,1.3497e-01,5.9643e-02,9.9036e-02,1.8976e-01,1.0927e-01,3.3892e-02,5.0423e-02,2.5716e-01,3.5666e-01,8.6445e-02,1.2041e-01,-1.4064e-01,5.5649e-02,1.1559e-01,1.7340e-01,-1.2711e-01,-7.8581e-02,-2.1102e-01,-1.5578e-01,-1.2234e-01,-2.3771e-01,-1.4813e-01,-5.8419e-02,-4.2719e-02,-4.8951e-02,-1.1627e-01,-6.4301e-02,-7.5230e-02,-1.0114e-01,-3.9567e-03,-2.5417e-03,3.2828e-01,-1.9903e-01,1.0571e-02,2.1971e-01,4.5759e-02,4.6890e-02,5.8710e-02,2.0757e-01,-2.9233e-02,2.2613e-01,2.5791e-01,-3.3241e-03,7.0995e-02,8.8699e-02,1.3861e-01,1.5558e-01,-1.3484e-01,8.7383e-02,2.0950e-01,3.1339e-04,6.3853e-02,-1.0425e-02,2.5705e-01,1.7823e-01,-1.3466e-01,-1.4342e-01,1.7155e-02,-8.2036e-02,-2.9225e-01,-1.9956e-01,-8.0489e-02,2.6349e-02,-1.4805e-01,-2.1346e-01,-5.2864e-02,-2.2167e-01,8.6235e-02,3.5617e-03,2.8386e-02,1.9921e-02,1.2272e-01,-2.3345e-02,1.1998e-01,-1.8284e-02,5.6889e-02,1.9338e-02,5.5612e-02,1.4042e-01,2.9486e-01,7.0698e-02,1.2454e-02,-1.0816e-01,1.8777e-03,-2.5582e-02,-1.0203e-01,-2.4398e-01,-9.5659e-02,-3.9496e-02,-1.5852e-02,-1.5857e-03,2.7087e-02,1.7649e-01,2.4473e-01
-6.1207e-03,6.2603e-02,-2.8145e-02,6.8465e-02,1.1482e-01,3.9128e-02,-7.0948e-02,2.1048e-01,-4.1470e-03,-1.1725e-01,-8.5191e-02,1.3866e-01,1.7673e-01,1.8425e-01,-6.9605e-02,-9.4782e-03,1.5149e-01,1.7289e-01,4.5088e-02,3.9669e-02,-2.4145e-02,-5.6713e-02,9.2497e-02,-4.3347e-02,-2.5972e-02,-1.5798e-01,-9.9453e-02,1.2277e-01,1.0243e-01,6.3872e-02,3.9805e-02,-3.8331e-02,1.2828e-02,-1.7917e-01,-6.7950e-02,-1.4841e-01,-6.4280e-02,-2.5924e-02,4.5703e-02,1.3800e-01,-5.5336e-03,5.5346e-02,4.3368e-02,3.1082e-02,1.0641e-01,1.1122e-01,2.0421e-01,-9.3863e-02,1.2732e-01,5.3836e-02,4.0465e-02,-8.9565e-02,2.2542e-01,4.5258e-01,2.4848e-01,2.6408e-01,-9.3884e-02,-1.2253e-01,7.6493e-03,-6.6989e-02,3.1922e-03,1.3846e-01,-3.9351e-01,6.7847e-02,-8.8380e-02,9.4429e-04,-8.9404e-02,-2.0573e-01,-9.2944e-02,-1.9217e-01,-6.2894e-02,-2.7323e-01,-7.3700e-02,-9.3279e-02,4.0725e-01,-1.2625e-01,-6.6652e-02,-1.4867e-01,-1.1222e-01,5.1762e-02,1.3187e-01,5.8610e-02,9.1929e-02,1.1517e-01,1.9809e-01,-4.0592e-02,-3.0332e-01,-6.1146e-02,4.3321e-02,5.9305e-02,3.9786e-02,8.7884e-02,-9.7658e-02,-6.2185e-02,-4.6951e-02,9.0057e-02,4.4698e-02,1.3250e-02,7.1104e-02,1.4040e-02
4.2888e-02,-5.4499e-02,-2.7933e-03,2.2421e-01,3.6676e-02,1.7738e-03,-1.0728e-01,-6.3648e-03,-6.3328e-02,-1.1900e-01,-1.6015e-01,-7.3949e-02,1.4230e-01,-6.9697e-02,-7.3992e-02,5.2239e-02,4.4437e-02,1.4823e-01,8.0114e-02,-1.2839e-01,-1.0921e-01,1.0070e-02,-1.1988e-03,-3.0028e-02,-1.2571e-01,-8.7657e-02,-5.3092e-02,-4.7933e-02,-4.5524e-02,-3.8287e-02,-5.0164e-02,-4.3745e-03,6.0250e-02,1.8695e-01,4.6330e-02,-2.1616e-01,-2.6643e-01,-2.3753e-01,4.6674e-02,-1.9216e-01,-7.9701e-02,4.6238e-02,1.9839e-01,8.0667e-02,1.4011e-01,3.0019e-01,-1.3243e-02,1.9141e-01,6.0113e-02,-1.8037e-02,-1.4414e-01,1.7783e-01,-6.6117e-02,1.7854e-01,-1.6748e-01,1.6275e-01,4.3970e-02,2.5286e-01,-2.9289e-02,-2.6565e-01,-2.5006e-02,-4.6776e-02,-1.9093e-01,4.4704e-03,-1.5233e-01,-1.4367e-01,-2.4134e-02,7.2482e-02,-1.4647e-01,2.4047e-02,2.7349e-01,1.9104e-01,1.1001e-01,2.3132e-02,-2.0291e-01,-6.1957e-02,-1.2567e-01,1.2538e-01,-5.4330e-02,-1.3351e-01,-1.9188e-01,4.1016e-01,4.0332e-01,1.4608e-01,7.5637e-02,4.7950e-02,2.3211e-01,1.0265e-01,2.2145e-01,3.9309e-01,1.9630e-01,9.1153e-02,1.2872e-01,2.0332e-01,2.6465e-01,-1.5334e-01,-5.4053e-02,2.5830e-03,-1.1878e-01,-2.5506e-02
-5.4716e-03,-2.6245e-02,1.0351e-02,2.4644e-02,9.6889e-02,1.9988e-01,-5.3639e-02,-2.4151e-01,7.0130e-02,-5.4526e-02,-9.7075e-02,1.0825e-02,-9.4249e-02,-8.5190e-02,-6.0809e-02,4.8766e-02,-2.0373e-01,-2.0549e-02,1.1879e-01,1.7271e-01,-1.4374e-01,1.6727e-01,-3.7845e-02,-1.4334e-01,-3.1831e-02,2.9341e-02,-1.5450e-02,-1.8669e-02,-5.5166e-02,-7.6815e-02,-9.7339e-02,-2.4347e-02,-1.1301e-01,1.1945e-01,2.1032e-01,-5.4967e-02,-1.6727e-01,-2.7456e-01,6.2577e-02,-1.1862e-01,-3.0664e-02,2.7419e-01,2.0635e-02,8.1659e-02,2.0732e-02,3.0196e-02,7.6931e-03,-1.0562e-01,2.1292e-01,-1.6883e-01,1.2458e-01,5.2435e-02,2.7223e-02,-2.6594e-03,-9.1273e-02,-1.0807e-01,3.0769e-01,4.1504e-02,-1.2695e-02,-3.1511e-02,-8.5500e-02,-5.2304e-02,-1.0691e-02,-1.1825e-02,8.3451e-02,9.9441e-03,1.8376e-01,1.6104e-02,-1.1055e-01,-1.8168e-01,-5.8357e-02,-1.1324e-01,-5.2782e-02,1.9685e-02,-2.9110e-01,-1.0116e-01,1.5881e-01,-9.0926e-02,1.3168e-01,-3.6643e-02,1.4488e-01,-5.2584e-01,-8.8628e-02,-3.2232e-02,1.9169e-01,-8.1063e-02,9.7076e-02,2.2345e-01,-1.2381e-01,-8.0018e-02,7.9079e-02,1.6029e-02,2.4991e-01,1.1958e-01,-3.2474e-02,1.9260e-01,2.5231e-02,-1.4069e-02,-8.7228e-02,-1.7027e-01
4.7612e-02,1.1313e-01,9.4421e-02,-6.7817e-02,-6.3963e-02,-1.3953e-01,-5.9810e-02,-1.6728e-01,2.0395e-01,-1.3793e-02,1.0187e-01,-2.1383e-01,-1.0571e-01,-9.0344e-02,-2.4688e-02,-9.3075e-02,-1.2581e-01,-6.1976e-02,-1.2551e-01,-1.3996e-01,4.0012e-02,-9.3541e-02,1.4291e-01,3.0840e-01,2.6453e-01,4.4405e-01,9.3975e-02,-2.3703e-02,-5.8860e-03,-2.1067e-02,-6.8550e-02,4.2584e-02,2.9340e-02,-4.2687e-02,-3.1631e-02,1.4824e-01,3.5059e-01,3.2482e-01,7.1023e-03,3.1834e-01,-3.3936e-02,-1.2831e-01,-2.6349e-02,-9.7064e-02,-2.3798e-02,-2.8583e-01,-1.2378e-01,3.5422e-02,-2.1689e-01,1.7183e-01,4.4216e-02,1.2828e-01,5.5481e-02,-4.4188e-02,2.5068e-01,-2.9071e-01,-1.4686e-01,-1.5046e-01,-6.1888e-02,1.9625e-02,5.5631e-03,-1.5045e-01,3.5455e-01,-3.7610e-01,-4.7429e-02,9.9274e-02,-2.5186e-01,-5.1012e-02,4.4843e-02,2.2338e-01,-1.6664e-01,-1.1688e-01,-8.5639e-02,-9.0456e-02,6.9744e-02,4.9677e-02,1.1506e-01,-1.1968e-01,-1.0799e-01,4.2835e-02,-7.7665e-02,1.6405e-01,-3.8859e-01,7.3139e-02,-1.1337e-02,7.7317e-02,1.8475e-01,2.9947e-02,1.2154e-01,-5.7025e-02,-8.7333e-02,-1.9734e-02,1.0840e-01,5.4404e-02,1.4449e-01,1.0157e-01,1.1234e-01,1.4598e-01,-4.8870e-02,-3.6853e-02
9.5493e-02,-1.0015e-02,-6.9391e-02,-9.1199e-02,-7.6065e-02,-2.5157e-02,1.5032e-01,1.3057e-01,-1.3402e-01,1.0439e-01,2.2086e-01,3.8665e-02,-3.3061e-02,-5.1378e-02,2.0696e-02,-1.3796e-01,-6.3223e-02,-5.2684e-02,-7.3782e-02,6.2626e-02,2.5051e-01,-1.7696e-02,-1.2637e-01,6.9860e-02,1.2687e-01,-3.5459e-02,1.3838e-01,9.5998e-02,1.2061e-01,1.8055e-01,1.9555e-01,2.2224e-01,1.1880e-01,6.0019e-02,1.2343e-02,1.3225e-01,1.3940e-01,4.0928e-02,5.4301e-02,1.3182e-01,1.5450e-01,-2.1440e-02,-1.8604e-01,2.7078e-02,-2.5477e-02,2.3306e-01,2.7406e-01,3.2607e-02,1.3266e-01,1.3526e-01,-1.1173e-01,-1.6466e-03,1.2480e-01,-6.8930e-02,2.3912e-03,-3.2345e-02,-1.4810e-01,-8.6180e-02,-8.4427e-02,2.1829e-02,-1.4520e-01,-1.4964e-02,6.1096e-02,-6.7918e-02,7.5887e-02,-1.5087e-01,-7.3361e-02,1.2313e-02,-9.1312e-02,1.6541e-03,2.7515e-03,1.8806e-01,1.4116e-02,-6.1690e-02,-1.1094e-02,-1.4832e-03,-8.7143e-02,1.3627e-02,9.4874e-02,1.8974e-01,4.6250e-02,-8.3936e-02,7.9315e-02,-2.0977e-02,-1.6889e-01,-9.8629e-02,1.8034e-02,-5.6795e-02,3.3843e-02,1.9903e-01,2.6852e-02,-3.0880e-02,-3.5987e-03,-5.8019e-02,-5.6609e-03,2.8524e-02,7.4951e-02,-5.7764e-02,1.1349e-01,5.0917e-03
-6.0384e-02,-8.6051e-02,-1.0076e-01,-1.0750e-01,-1.0583e-01,-9.0237e-02,1.2677e-02,5.4670e-02,-2.7814e-01,2.4004e-02,-5.4959e-02,2.1607e-01,4.3389e-02,-1.0581e-02,9.8069e-02,1.6096e-01,2.1750e-01,5.1491e-02,1.9106e-02,1.6195e-01,1.8676e-02,6.0423e-02,3.3139e-02,-2.0048e-01,-1.0492e-01,-1.8443e-02,-2.0667e-03,2.0746e-03,2.3822e-04,2.3238e-02,-1.0961e-01,-7.5545e-02,-3.9585e-02,-4.0793e-02,-4.2384e-02,1.0641e-02,-3.7414e-02,-1.5220e-02,1.4837e-02,-1.1498e-01,-8.0940e-02,-7.8723e-02,1.6263e-01,2.5813e-01,3.2270e-02,4.6990e-02,4.7950e-03,1.1007e-01,1.7188e-01,2.2833e-01,2.7619e-01,-1.5096e-02,-9.3809e-02,-5.9665e-02,5.0058e-02,2.8840e-01,-1.8950e-01,-3.3862e-02,8.3782e-02,3.4418e-02,1.8746e-01,1.4090e-01,-1.7883e-01,2.1606e-01,-3.0981e-01,-1.2277e-01,-9.5834e-02,-8.8975e-02,-7.5116e-02,-1.4110e-01,-5.1030e-03,-1.3582e-01,8.2736e-02,-1.2000e-01,-1.2076e-01,-3.8289e-02,-1.7648e-01,-2.9782e-02,-4.1889e-02,7.5879e-02,3.9301e-03,1.9509e-01,3.5538e-01,-1.2578e-01,-6.5178e-02,-7.0810e-02,-1.3195e-02,-8.4558e-02,-5.6443e-03,7.5531e-02,1.2381e-01,2.2873e-01,2.1425e-02,-2.3979e-02,-2.7093e-02,-2.2549e-01,-7.5432e-02,-7.4781e-02,1.0638e-01,1.2317e-01
-3.1453e-03,-7.7286e-02,-1.0510e-01,-1.1752e-01,-1.2043e-01,-1.0252e-01,-2.1295e-02,-1.0970e-01,-7.0542e-02,-1.5824e-01,-1.5697e-01,-7.7608e-02,2.1328e-02,2.8028e-02,2.6414e-02,-3.4685e-02,5.9592e-02,7.3518e-02,-1.5690e-01,-1.5716e-01,-1.2028e-01,2.0922e-01,9.5823e-02,2.7502e-02,-7.3008e-02,-1.6720e-01,-1.3589e-01,-3.3940e-02,-3.9245e-02,-5.7555e-02,-5.7732e-03,-9.5208e-02,-1.1637e-01,-1.3682e-01,-8.9889e-02,-8.1255e-02,1.0287e-01,4.8618e-02,-6.7619e-02,-7.3347e-02,1.0157e-01,-2.1969e-02,-1.1556e-01,5.2572e-03,2.0688e-01,-8.2191e-02,2.6436e-03,1.6548e-01,-5.8895e-03,-8.5501e-02,9.4377e-02,6.9153e-02,4.8912e-02,7.1727e-02,1.6749e-03,2.3330e-02,1.2164e-01,-7.3069e-02,1.4722e-02,1.1760e-01,-1.0121e-01,1.8415e-01,-2.3480e-03,-9.3256e-02,4.2574e-02,-2.9306e-02,-4.5370e-02,-5.5300e-02,-5.9147e-02,-5.1699e-02,-1.3196e-02,-1.0241e-01,3.6772e-02,9.2967e-02,1.6408e-01,1.6781e-01,-1.4937e-03,1.0981e-01,-4.1116e-03,1.0032e-01,-1.7908e-01,3.9012e-02,-4.7864e-02,1.1053e-01,-2.4700e-02,2.4205e-01,-1.1147e-01,2.0185e-02,-7.5939e-03,5.3136e-02,6.6809e-02,5.9195e-02,1.0374e-01,1.1913e-02,2.6690e-02,-2.4138e-03,6.4608e-02,1.1885e-01,-8.7086e-03,3.8282e-01
1.7348e-02,5.1538e-02,-5.3446e-02,-1.1655e-01,-1.2309e-01,-6.5623e-02,-5.3925e-02,6.4288e-02,7.3216e-02,-1.3535e-01,-1.7273e-01,-1.5682e-01,-1.6708e-02,-1.1978e-01,-1.1588e-01,-1.2221e-01,-1.7805e-01,-6.5913e-02,-9.4726e-02,-6.2177e-02,-1.1326e-01,-4.7538e-02,-8.3789e-02,6.4601e-02,-1.8806e-02,-9.4034e-02,1.8485e-01,1.7548e-01,1.4432e-01,1.5513e-01,1.8693e-01,1.5881e-01,1.7206e-01,9.2027e-03,9.4855e-02,1.2429e-02,1.4495e-01,2.0525e-01,-1.6486e-01,5.4777e-02,1.3503e-01,2.0050e-02,-8.6262e-02,-2.2891e-02,-1.1416e-01,-7.2305e-02,6.2321e-02,-2.4820e-01,-1.1437e-01,-8.2995e-02,9.7833e-02,2.2727e-01,-7.8100e-02,1.0870e-01,-1.0811e-02,-2.9213e-03,-3.2282e-02,2.3280e-01,-3.7318e-02,-4.4088e-02,5.5225e-02,-1.6669e-01,-1.0396e-02,-2.4477e-02,-2.1840e-02,3.0203e-02,-1.1524e-02,-2.7430e-02,-7.4209e-02,-2.1244e-01,-5.6917e-02,-1.2526e-02,-1.0175e-01,-4.6693e-02,1.6258e-01,1.7002e-01,2.4099e-01,3.5665e-01,1.8580e-01,-1.3078e-01,4.7832e-02,-7.7543e-02,1.4776e-01,2.5731e-02,-7.6606e-03,1.6392e-01,-6.2243e-03,-9.1752e-02,2.1676e-02,-5.6637e-02,-1.0329e-02,-8.4057e-02,-7.3383e-02,6.4890e-02,1.8372e-02,2.0022e-01,-1.1890e-01,1.4718e-01,-7.0458e-02,-1.2334e-01
-2.8957e-02,-5.7659e-02,-8.8048e-03,7.8663e-02,9.4638e-02,4.3829e-02,-1.1577e-01,-1.3096e-01,-6.9974e-02,-1.8466e-01,-9.9465e-02,-4.1691e-02,-1.1396e-01,-1.6512e-01,-1.6749e-01,-1.2444e-01,-2.9875e-01,-4.2557e-02,-1.0286e-02,6.6100e-02,-7.2983e-03,-2.8032e-01,-9.3344e-02,-1.1172e-02,4.8061e-02,1.2257e-01,3.9687e-02,9.6855e-02,9.5585e-02,1.0023e-01,1.1598e-01,1.4784e-01,3.2290e-01,2.5206e-01,1.9431e-01,1.0484e-01,1.0364e-01,-7.2192e-02,4.3960e-02,4.3654e-02,-3.4726e-02,1.1483e-01,7.8793e-02,-1.5966e-03,-1.8360e-01,7.2798e-04,4.9140e-02,1.8081e-02,-7.5764e-02,-1.0797e-01,-3.8427e-02,-1.0504e-01,1.0931e-01,6.7277e-03,-2.5608e-01,1.4536e-02,-7.4900e-02,1.7801e-01,1.1052e-02,-1.8521e-01,-1.4542e-02,2.8931e-02,1.7074e-02,5.5195e-03,1.3657e-01,1.1667e-01,2.1462e-01,8.4517e-02,1.6319e-01,5.0040e-02,-4.5019e-02,-6.8261e-02,-5.3591e-02,-8.3317e-02,-1.3767e-01,-4.2808e-02,8.7773e-02,-1.0597e-01,-2.5256e-01,6.3499e-02,-4.3366e-02,-7.9324e-02,-1.0335e-01,5.6139e-02,3.8838e-01,-2.5808e-01,7.4313e-02,-7.7588e-02,-1.5382e-01,-4.1528e-02,-5.3256e-02,-1.5831e-01,-1.8706e-01,-9.6236e-03,8.5333e-02,-1.6122e-01,-6.5952e-02,-1.0615e-01,-1.9570e-01,-6.2588e-02
-4.0613e-02,-3.2832e-02,1.6650e-01,6.7173e-02,-5.2593e-02,-1.1237e-02,-1.5636e-01,-1.7513e-01,4.6548e-02,-7.5418e-02,-1.3139e-01,-1.2807e-01,-1.0902e-01,2.8209e-02,-1.7513e-01,-7.0312e-02,-1.0535e-01,-6.9443e-02,1.0011e-01,4.8402e-02,1.4908e-01,6.2992e-02,1.1469e-01,-1.9798e-02,2.2734e-01,1.6261e-01,-1.1061e-01,6.3499e-02,7.0451e-02,7.3720e-02,7.9726e-02,9.2355e-02,-7.4799e-02,2.6294e-01,-5.5168e-02,1.4456e-01,-4.8232e-02,4.4412e-02,9.1388e-02,1.0578e-01,-1.3828e-02,1.5718e-01,1.1810e-01,-6.4123e-02,-2.1240e-02,-6.7478e-02,-2.1455e-02,1.1520e-01,4.1202e-02,2.4634e-01,-3.1523e-01,-1.8767e-01,-1.2190e-01,1.8253e-01,-1.2512e-01,-3.1848e-01,2.1639e-01,-1.1491e-01,-5.7716e-02,7.7786e-02,9.0378e-02,4.5612e-02,3.8817e-02,2.4367e-01,5.8301e-02,3.2600e-02,5.9258e-02,1.7920e-01,-3.3484e-02,-3.5180e-02,1.7902e-01,2.4107e-01,-4.4462e-02,-2.5083e-02,-2.1736e-01,-2.8216e-01,-5.1642e-02,6.6468e-02,2.3628e-01,-1.1204e-02,9.7882e-02,-3.3151e-02,4.0355e-02,-2.7782e-02,-7.7820e-02,-1.2924e-01,-1.6333e-01,1.1674e-01,1.5404e-01,-8.0006e-02,1.0077e-03,6.9880e-03,-1.2186e-02,-8.2412e-02,-5.1704e-02,3.6676e-02,1.2514e-02,-6.2369e-02,-7.1989e-02,-1.4452e-01
4.0132e-02,1.2795e-01,-3.0624e-02,-4.4911e-02,-1.8254e-02,-8.4558e-02,-1.6344e-01,-1.6841e-01,-1.9717e-01,1.6440e-01,-9.7353e-02,4.3829e-02,-1.1825e-02,-1.9959e-03,-1.3781e-01,-4.8912e-03,8.8801e-02,-7.3463e-02,-1.9072e-01,5.9067e-02,1.5491e-01,1.3213e-01,3.7339e-02,-1.1096e-01,-1.1406e-03,2.3443e-01,6.0977e-02,3.6633e-02,5.1972e-02,5.4917e-02,5.8129e-02,6.2825e-02,5.6883e-02,2.1782e-01,1.7726e-01,8.9763e-02,-8.4842e-02,-7.4472e-03,1.7882e-01,2.0031e-01,-1.7707e-04,5.3550e-03,8.1174e-02,-1.6178e-01,-6.2524e-03,1.4693e-01,-2.7307e-01,-1.5186e-01,-1.2469e-03,-2.2542e-01,-2.0532e-01,-1.2254e-01,5.5229e-02,-9.4448e-02,2.1492e-01,-1.2567e-01,-6.4581e-03,-2.6133e-01,-6.0392e-02,-3.2292e-02,-1.2071e-01,7.3543e-02,5.0115e-02,-6.7477e-02,-8.2915e-02,-6.5591e-02,6.5650e-02,1.2633e-01,-1.7169e-02,9.7977e-02,8.3997e-02,9.1366e-03,5.3799e-02,1.3899e-01,1.7545e-01,-1.1802e-01,-4.6985e-02,-1.7378e-01,1.8630e-02,1.4831e-01,-2.9896e-02,3.0505e-02,-3.0809e-02,-8.8485e-02,-2.2338e-01,8.5391e-02,-8.4721e-02,-4.6796e-02,-1.6396e-01,9.6011e-02,1.5186e-02,-1.5734e-01,1.1171e-02,-8.1956e-02,-3.7964e-02,-3.6651e-02,1.2689e-01,-4.5149e-02,7.9677e-02,5.2159e-03
-5.6417e-02,-1.2471e-02,-7.2668e-02,-6.7233e-02,-1.1592e-02,-1.3068e-01,2.3546e-02,-1.8860e-02,-2.6709e-01,-3.5550e-02,-2.0718e-02,-2.3223e-01,-4.6020e-02,-1.9178e-01,1.0309e-01,-3.8314e-02,-6.1338e-02,1.7108e-02,-7.1819e-02,-2.3502e-01,-1.7945e-01,1.5917e-01,1.0490e-01,1.8599e-01,1.1010e-01,8.2146e-02,1.6950e-01,2.1475e-01,5.9174e-02,3.1756e-02,3.0265e-02,2.7419e-02,3.2807e-03,-4.9549e-02,1.8510e-01,-3.9802e-02,-8.6164e-03,1.1333e-01,5.9163e-02,-1.3291e-01,-1.1213e-01,-2.2630e-01,-1.2352e-01,-3.9771e-04,-1.2206e-01,-3.6294e-02,-5.4202e-02,-1.8813e-01,1.7151e-01,-1.8128e-01,3.0842e-01,-3.6480e-02,-6.7376e-03,-1.2618e-01,1.2719e-01,1.9036e-01,8.2363e-02,-9.7072e-02,3.2581e-02,8.8200e-02,1.6337e-01,-5.3652e-02,4.2409e-02,-9.0724e-02,7.0890e-02,9.7576e-02,-6.5329e-02,7.5175e-02,2.3765e-01,2.1419e-01,-1.1311e-02,-3.3074e-02,1.5302e-01,2.2724e-02,1.2521e-01,1.4424e-01,1.7377e-02,-5.6562e-02,-1.5247e-01,-2.7456e-01,-7.0420e-02,-3.9441e-02,-1.7167e-01,-1.8523e-01,-1.2292e-01,7.7987e-03,1.0680e-01,-1.0754e-01,-9.2138e-02,1.9643e-02,-4.5590e-02,-6.8063e-02,-2.0170e-01,1.0010e-01,-9.1154e-02,-4.4372e-02,1.0191e-01,-3.8639e-02,1.1464e-01,-3.0184e-02
2.7489e-02,-1.1016e-01,-2.2484e-01,-7.5554e-02,-6.5261e-02,-1.9049e-01,-1.9166e-01,6.5698e-03,-1.4677e-01,-1.1767e-01,3.0470e-02,-2.0710e-01,-7.6698e-02,-1.2341e-01,1.0642e-01,-1.2679e-01,6.5074e-02,4.8252e-02,-2.3054e-02,-1.5254e-01,3.3354e-02,8.6531e-02,1.2857e-01,7.8611e-02,1.6093e-01,-4.9682e-02,9.4551e-02,-2.3042e-02,1.2567e-01,1.6035e-01,1.1482e-01,3.0877e-02,4.0773e-02,-1.0055e-01,1.0221e-01,1.9576e-01,2.7660e-01,1.7436e-01,4.6548e-03,-2.1526e-03,9.5732e-02,-3.9430e-02,-1.7666e-01,9.9548e-02,1.4129e-02,-1.7899e-01,2.4117e-02,3.7171e-02,-3.9418e-01,3.0614e-02,1.1808e-01,1.2211e-01,-1.3073e-01,-7.6702e-03,-3.1904e-03,5.9424e-02,-1.4970e-01,1.2312e-01,-3.0712e-03,1.3450e-01,-5.9613e-02,3.6960e-02,1.7272e-01,1.0360e-01,6.2779e-02,5.2827e-02,6.0359e-02,-1.2911e-01,3.3926e-02,1.1197e-01,-2.3092e-02,-1.9563e-02,6.1362e-02,-3.0253e-02,8.7793e-02,8.2354e-02,4.2983e-02,2.7488e-02,3.1623e-02,4.7786e-03,4.8636e-02,-4.9309e-02,8.8193e-02,-5.3700e-02,-1.0917e-01,-2.0358e-02,-1.8879e-01,-4.9360e-02,-3.1208e-01,-1.2912e-01,-1.4600e-01,1.0656e-01,-1.4577e-01,-6.0901e-02,-9.3625e-02,-1.0879e-01,-6.5152e-02,1.2770e-02,-8.0171e-02,9.8309e-02
-4.3693e-02,-1.3618e-01,-2.0281e-01,-2.1825e-01,-2.3567e-01,9.8565e-02,4.6007e-02,8.2485e-02,-2.9252e-02,-2.7980e-01,-6.9749e-02,-1.1589e-01,-1.3095e-01,9.8385e-04,-1.1098e-01,-1.2792e-01,-1.3593e-01,-3.0347e-01,-2.3224e-01,7.2083e-02,-3.5189e-03,-3.1278e-02,-5.8478e-02,-2.6115e-02,-1.4702e-01,-9.8623e-02,6.6624e-03,7.4367e-02,2.0543e-01,8.0907e-02,9.5866e-02,2.3904e-01,5.1820e-02,1.8672e-02,8.8362e-02,2.0554e-01,1.1185e-01,9.1992e-02,8.0700e-02,8.2200e-03,1.2619e-01,2.0090e-01,-1.1918e-01,-9.7248e-02,3.2382e-02,-4.0467e-02,8.2777e-03,4.5150e-02,2.5699e-02,-6.5497e-02,-4.0384e-02,-2.5858e-02,2.3300e-02,-6.9809e-02,-1.6054e-01,-3.4100e-02,-9.0777e-02,1.1260e-01,-1.7556e-03,1.6645e-02,4.4548e-02,5.1263e-02,1.4185e-02,4.6105e-02,2.3095e-01,7.3015e-02,-3.9983e-02,3.1005e-02,-1.4617e-01,2.1401e-01,-1.2613e-02,1.8381e-01,9.8244e-02,9.5414e-03,4.1317e-02,1.0422e-01,3.1854e-02,9.4944e-03,-2.8798e-03,2.5611e-01,-1.1163e-01,-6.6934e-02,-6.5541e-02,4.0702e-03,-1.1617e-01,-1.9845e-01,-1.1886e-01,-9.1330e-02,-6.4909e-02,-2.4875e-01,-2.7713e-01,7.9526e-02,2.1523e-02,-1.8777e-01,1.0409e-01,7.4272e-02,-1.3548e-01,1.4691e-01,-5.4020e-02,7.8501e-02
-6.4848e-02,-4.1964e-02,-2.1101e-03,9.4757e-02,9.5334e-02,-1.2253e-01,2.8115e-02,-7.2960e-02,4.1837e-02,-1.4381e-01,-1.1148e-01,9.1085e-02,-5.6226e-02,-2.9150e-02,-3.8387e-01,-2.1584e-02,-9.5531e-02,1.2813e-01,8.7465e-02,1.1089e-01,3.1855e-03,-1.1453e-01,-1.2781e-02,-2.9012e-02,1.0996e-02,1.2817e-01,-3.2347e-02,-6.8266e-02,1.6006e-02,1.8876e-01,8.9789e-02,9.8349e-02,2.4717e-01,5.5143e-02,1.3083e-01,8.9083e-02,6.3658e-02,-8.0107e-02,-8.7101e-03,-1.3586e-02,1.9457e-01,1.3810e-01,1.6509e-01,5.7077e-03,-9.9019e-02,6.2575e-02,1.1585e-01,-2.4166e-01,-2.0479e-01,-1.5284e-01,-3.0978e-01,4.8680e-03,-3.8085e-02,3.3869e-02,-1.4878e-01,-5.6524e-03,-3.0244e-02,5.1234e-02,1.1050e-02,-9.6269e-02,4.7619e-02,5.8251e-02,-3.3847e-02,1.2774e-02,-6.3682e-02,-4.4399e-02,9.9930e-02,1.6940e-01,2.2731e-01,2.8795e-02,6.6459e-02,2.1593e-03,1.3559e-01,1.9531e-01,1.1625e-02,1.3461e-01,4.6168e-02,2.6704e-02,4.9874e-02,3.6978e-02,1.0775e-01,-7.8197e-02,-7.3695e-02,-6.7609e-02,-3.2441e-01,-2.1552e-01,-9.1475e-02,-1.8624e-01,3.0128e-01,-1.1993e-01,-4.6999e-02,-3.3405e-01,6.0120e-03,-2.8668e-02,-1.7624e-01,7.9961e-02,-1.6063e-01,3.3495e-02,-1.8251e-02,1.4463e-03
1.4249e-01,1.1057e-01,1.0228e-01,1.2898e-01,-6.9934e-02,-1.2072e-01,-9.9423e-02,-3.4016e-01,-1.0994e-01,-5.1742e-02,-1.4744e-01,-8.8484e-02,-1.1325e-01,-2.1336e-01,-6.0772e-02,1.2311e-02,-8.7577e-02,6.3378e-02,6.1516e-02,-2.4160e-02,-1.3905e-01,-1.2887e-01,-1.2998e-01,3.7918e-02,2.0493e-01,1.7297e-01,1.6897e-01,2.4619e-01,3.0241e-02,-3.1175e-02,3.4550e-02,8.6306e-02,1.2700e-01,1.5847e-01,1.9281e-02,9.5594e-02,1.8366e-01,2.4929e-01,9.1355e-03,7.6421e-02,-4.8346e-02,1.8444e-02,9.0452e-02,6.5337e-02,7.4504e-03,-1.5319e-01,-1.5823e-01,2.4629e-02,-5.2150e-02,-3.4913e-02,-1.6041e-01,-4.7050e-01,-7.3837e-02,4.2472e-02,-3.5322e-02,-1.5213e-01,4.9336e-02,-3.8115e-01,-2.1449e-02,-8.0030e-02,7.0112e-03,6.1475e-02,1.4784e-01,9.2312e-02,-5.0976e-02,2.9053e-01,4.6267e-01,4.3408e-01,2.0614e-01,-9.1314e-03,4.2148e-01,3.5492e-02,-2.4700e-02,8.8395e-02,1.6791e-03,9.9008e-02,8.4159e-02,1.1015e-01,1.6640e-02,-7.4216e-02,8.6333e-02,2.0428e-03,-5.5397e-02,-6.8954e-02,1.1059e-01,-1.5106e-01,-7.7443e-02,-1.2962e-01,-1.9996e-01,1.8912e-01,1.1857e-01,-1.0560e-01,-3.0006e-01,-4.0950e-02,7.3858e-02,9.2041e-03,-1.1049e-01,-1.2685e-01,-2.4039e-02,-6.0167e-02
2.3417e-03,4.0580e-02,1.5556e-01,-4.7587e-02,-1.1504e-01,-4.2917e-02,-1.1589e-01,-1.4265e-01,-1.7078e-01,-8.9816e-02,-1.0345e-01,-8.3643e-02,-2.2128e-01,-8.7465e-02,5.6857e-02,-1.3347e-01,5.7673e-02,2.1577e-05,-7.1627e-02,-1.8774e-01,-3.0973e-02,-2.5681e-02,-5.5504e-02,-4.9513e-03,1.5447e-01,1.2466e-01,1.5619e-01,1.6328e-01,1.7019e-01,7.4979e-02,6.4560e-02,8.7272e-02,-2.4603e-02,6.3021e-02,2.0080e-01,8.4632e-02,-1.5609e-01,-7.7330e-02,2.2761e-02,1.9309e-02,2.3298e-02,-1.1523e-01,6.2008e-02,4.8072e-02,-3.4839e-04,-7.9670e-02,-8.6255e-02,-1.9646e-01,-1.5200e-02,-7.2830e-02,2.2571e-02,-9.6323e-02,-3.4082e-01,-2.1262e-01,-3.1599e-02,-2.0477e-02,-1.2149e-02,9.7876e-02,-1.2672e-01,-9.3384e-02,7.6089e-02,9.0430e-02,-1.0893e-02,7.1346e-02,3.3301e-01,1.6805e-02,-1.4257e-01,6.0727e-03,2.2903e-01,1.6192e-02,-4.9547e-02,1.3952e-01,-1.6388e-01,-1.3429e-01,-2.6642e-02,-1.1825e-01,-3.4682e-02,-1.1019e-01,-3.5577e-02,-4.6763e-02,-1.1643e-02,4.2008e-02,1.1794e-02,-7.0110e-02,-4.8162e-02,1.5435e-01,-7.1521e-02,-1.0178e-01,-1.6494e-01,-2.3780e-01,2.1378e-01,-1.9684e-01,-8.0296e-02,-2.6904e-01,-1.7828e-01,-9.3974e-02,4.6364e-01,-2.2381e-01,-1.5543e-02,-1.0731e-02
-1.2825e-01,1.1790e-01,-1.0881e-03,-9.0571e-02,-1.2996e-01,-4.3324e-02,-1.1970e-01,-1.2405e-01,-1.1950e-01,-2.6784e-02,-1.7863e-01,-2.3199e-01,1.1855e-01,-7.8529e-02,-5.8233e-02,-3.8409e-02,-6.2141e-02,-1.3164e-01,-7.6209e-02,-4.0458e-02,-8.7519e-03,7.0773e-02,1.3608e-01,2.6571e-02,1.3474e-02,5.0710e-02,1.3112e-01,5.1613e-02,4.5734e-02,1.9512e-02,3.7169e-01,3.6410e-02,3.0214e-02,2.3459e-01,9.4571e-02,1.7462e-01,-2.4597e-02,-1.7796e-01,1.2632e-01,8.3110e-02,-3.1992e-02,-1.0896e-02,-9.7226e-02,1.8771e-02,-3.0763e-03,-1.5644e-01,-9.2977e-02,-5.8709e-02,-9.7879e-02,2.5483e-02,5.6626e-02,1.1660e-01,4.3473e-02,-3.7024e-01,1.2582e-01,1.7469e-01,1.2120e-01,-1.3920e-01,1.1062e-01,2.6098e-01,5.3628e-02,6.4025e-02,1.3285e-02,3.4214e-01,-9.2919e-03,1.1524e-01,-9.9262e-02,-3.1773e-02,-7.1696e-02,-9.1534e-02,2.4366e-01,1.8543e-01,1.5666e-01,2.5649e-01,3.5793e-01,-1.4583e-02,5.0104e-02,-7.5053e-02,-1.4830e-01,-2.5823e-01,-2.9095e-02,-7.7107e-02,2.8395e-02,1.1322e-02,-4.6539e-02,4.5943e-02,-1.0926e-01,-7.9699e-02,-9.4977e-02,-1.5073e-01,-1.2749e-01,7.5482e-02,-8.2484e-02,-6.7627e-02,-2.5842e-01,-1.8506e-01,6.7201e-04,4.6714e-02,7.0217e-02,-6.1727e-02
8.8831e-02,-9.9816e-02,-1.4516e-01,-9.7927e-02,-7.2413e-02,-9.3951e-02,-1.0962e-01,-7.8899e-02,-1.2155e-01,3.8894e-02,-1.5919e-01,-1.4467e-01,-7.7237e-02,-4.6722e-02,-7.0560e-04,-8.4749e-02,-1.6019e-01,-8.4970e-02,-4.8625e-02,7.3364e-02,9.6494e-02,4.1542e-02,2.1870e-02,1.0104e-02,-1.2336e-01,3.4891e-03,8.5737e-02,-3.7847e-03,-6.5235e-03,-4.8719e-04,-2.7393e-02,7.1276e-02,1.3419e-01,2.2709e-01,3.3959e-02,6.3418e-02,-1.2592e-01,1.4517e-01,1.3679e-01,7.3450e-02,1.0731e-02,-7.4156e-02,-1.7385e-02,-1.1214e-02,-8.8233e-02,-2.2978e-02,-7.2519e-02,-5.0527e-02,-4.2791e-02,-1.3033e-02,-1.7498e-01,-5.3076e-03,-2.1305e-02,3.5207e-03,2.3133e-01,-3.6340e-02,6.2305e-03,1.5024e-01,-7.5103e-02,3.1911e-02,3.2408e-02,5.6811e-02,5.3790e-02,2.2088e-01,8.6467e-02,1.6817e-01,2.7049e-01,-3.4773e-02,-5.2567e-02,1.8255e-01,-1.1428e-01,1.3524e-01,3.2111e-02,-1.0314e-02,1.7094e-02,1.7642e-01,9.9797e-02,6.8841e-02,1.4624e-01,4.7602e-02,-2.7613e-01,-5.6734e-02,-2.0677e-01,-1.7931e-01,-3.8171e-02,-2.2893e-01,-9.0012e-04,-3.5013e-02,-1.9481e-01,-9.6706e-02,-9.7058e-02,-5.8699e-02,-1.0864e-01,-1.4047e-02,-3.0701e-02,-1.8847e-01,-2.6881e-01,1.8841e-01,5.5029e-02,1.1879e-01
5.0708e-02,-7.7725e-02,-2.4263e-01,-1.0654e-01,1.6448e-03,-8.1449e-02,-8.6380e-02,-1.8216e-02,-7.1946e-02,-5.3496e-02,-2.0223e-01,1.6505e-01,-2.0955e-01,5.2476e-02,3.0423e-02,-1.1625e-01,-1.0565e-01,-5.5129e-02,9.8958e-02,-2.5317e-03,-2.6023e-02,-2.6778e-02,-2.0725e-02,-1.1039e-02,-2.4633e-04,-1.0894e-01,1.8271e-02,-1.4217e-02,-6.7786e-03,1.1337e-02,6.2708e-02,5.4465e-02,1.2890e-01,1.4112e-01,-1.6488e-02,-2.1585e-01,1.0594e-01,1.1900e-01,1.1139e-01,3.6965e-02,2.5214e-02,-1.7793e-03,-1.8235e-02,-1.9923e-01,-4.6443e-03,-2.1514e-01,-1.2557e-01,-8.5642e-02,5.5545e-02,-1.4750e-01,-1.4349e-01,-7.5573e-02,-3.1727e-02,2.6446e-01,-1.3107e-01,-1.5552e-02,-2.1844e-01,-1.3669e-01,4.8687e-02,9.4292e-02,-3.1739e-01,-1.1066e-01,1.2219e-01,-1.3221e-01,-6.3023e-02,4.1591e-02,3.2697e-02,3.7589e-01,1.0863e-01,2.0141e-01,9.3371e-03,1.1693e-01,2.1901e-01,1.6004e-01,6.0136e-02,1.3019e-01,2.3488e-01,3.3962e-02,2.0607e-02,1.5000e-02,-1.9121e-02,-1.1294e-01,1.2850e-02,-3.6404e-02,-1.8792e-01,-2.1959e-01,3.8171e-02,-4.1039e-02,-9.1832e-02,2.1257e-04,-2.1855e-01,-6.6614e-02,-2.9370e-02,-5.3409e-02,6.3755e-02,5.3036e-02,-2.5508e-01,-2.6130e-01,-2.6212e-02,-2.6291e-02
-6.7754e-03,-6.0703e-02,-1.8041e-01,1.2130e-01,-2.9509e-02,-5.2090e-02,-4.8430e-02,-4.6526e-02,1.4510e-01,-1.3499e-01,3.4083e-01,-4.9915e-02,-3.8322e-02,5.3494e-02,1.3006e-01,-2.0898e-01,-4.9484e-02,7.7077e-02,-3.8122e-02,-5.4754e-02,-5.0435e-02,-3.7312e-02,-1.8008e-02,8.2220e-03,4.8990e-02,1.3500e-01,-5.0568e-02,7.2173e-02,1.1660e-01,1.5707e-01,1.5933e-01,7.5634e-02,1.0192e-01,-1.8178e-01,5.5184e-02,1.6767e-01,1.3065e-01,-7.1683e-02,-3.4229e-02,8.2076e-02,-2.0187e-01,5.1910e-02,2.7684e-02,1.0252e-02,1.3466e-01,9.8313e-02,-4.1338e-02,7.4654e-02,-1.4086e-01,-1.2954e-01,-8.9059e-02,-1.2850e-01,1.4505e-01,1.1921e-01,-2.8641e-01,-2.4223e-01,6.3211e-02,1.8016e-02,-7.5767e-02,-8.7043e-02,3.4420e-01,2.1476e-01,2.5784e-01,-1.2823e-01,3.9708e-02,1.6284e-02,-4.6523e-02,3.6292e-02,1.4628e-01,2.2887e-01,1.4797e-01,9.1050e-02,2.1779e-02,4.2874e-02,-3.0764e-02,-1.0651e-01,-4.9786e-02,1.7350e-01,4.9365e-03,6.9837e-03,6.1344e-03,-9.5005e-02,-6.7252e-02,3.6158e-02,1.0680e-02,-1.1777e-01,-1.2535e-01,-1.8644e-01,3.2988e-02,-8.3391e-02,-1.5286e-01,-9.9897e-02,5.4288e-02,1.0496e-01,3.8660e-02,-2.8612e-02,-1.4537e-01,4.5558e-02,-1.9423e-01,1.0117e-01
-4.6729e-02,-3.7869e-02,2.7309e-01,5.8987e-02,4.4204e-02,2.4589e-02,1.1073e-01,-2.3156e-03,2.8764e-01,-1.7231e-01,-1.3217e-01,1.2957e-01,1.2874e-02,-1.8841e-01,-5.7057e-02,1.2870e-01,1.8641e-01,-6.4773e-03,-5.0204e-02,-5.5967e-02,-4.2784e-02,-7.6179e-03,6.4472e-02,1.2919e-01,7.8075e-02,8.5781e-02,1.3999e-02,-1.9017e-01,-6.5660e-02,-4.6444e-02,-8.6159e-02,1.5384e-01,-6.3814e-03,3.6658e-03,5.0888e-02,7.8639e-02,2.3360e-01,-5.0906e-02,-5.9156e-02,-1.1277e-01,5.6782e-02,-4.2984e-02,-4.5475e-02,-3.5784e-02,3.3083e-02,7.6958e-02,5.2626e-02,-1.2553e-01,-1.9805e-02,1.0581e-01,3.1118e-02,6.1277e-02,-2.5694e-01,-4.7008e-01,-3.4852e-01,-1.2259e-01,-1.1023e-01,3.2593e-02,9.8804e-02,-1.3284e-01,7.1152e-02,-6.2351e-02,8.7132e-02,6.1441e-02,3.1105e-02,-4.1072e-02,1.5498e-02,2.2666e-01,1.6292e-01,1.6637e-01,1.7258e-01,8.9213e-02,1.8338e-01,1.4426e-01,2.9135e-02,9.1870e-02,-8.4732e-02,-5.9220e-03,1.7774e-01,6.1524e-02,9.9214e-02,7.4808e-02,1.0627e-01,1.5331e-01,2.1523e-01,-9.5922e-02,-2.4557e-01,-1.2549e-01,-8.2284e-02,-3.0764e-01,-1.4979e-01,-8.1593e-02,4.1943e-02,-1.7294e-01,-2.0149e-01,-2.0117e-01,9.2227e-02,3.1137e-02,2.9792e-02,-1.3911e-01
6.0689e-02,8.4841e-02,-1.9101e-02,3.4419e-02,6.7382e-02,-1.6216e-02,1.1797e-02,7.9057e-02,-3.1178e-01,2.5892e-02,-1.1301e-01,6.2400e-02,4.4466e-02,-1.7451e-02,-3.2235e-01,3.7926e-03,-7.7440e-02,-5.1664e-02,2.4516e-02,6.9055e-02,9.5577e-02,1.8510e-01,7.7202e-02,3.6430e-03,-9.0827e-04,4.5270e-02,4.1961e-02,-1.3439e-01,-9.6673e-02,1.2153e-01,1.5015e-01,-1.4322e-02,-1.7616e-02,1.7724e-02,7.9127e-02,1.1384e-01,6.6669e-02,2.0207e-01,-1.4457e-01,-6.6950e-02,1.1067e-01,1.8488e-01,6.0086e-02,5.3510e-02,5.6518e-02,3.7887e-02,1.5876e-01,-8.8938e-02,-1.4909e-01,-1.0739e-01,1.8951e-01,-1.0285e-01,-1.8280e-01,-3.5361e-01,-5.0685e-02,-1.6352e-02,-1.2208e-01,-1.2083e-01,3.1306e-03,2.0369e-01,-8.5432e-02,9.2955e-02,-1.5460e-02,1.5005e-01,3.2716e-02,3.5457e-02,1.6863e-01,3.7798e-02,9.1078e-02,-4.8963e-02,2.0777e-01,5.9285e-02,5.8053e-02,1.5416e-01,1.3336e-02,1.2965e-01,-1.5958e-02,-1.2650e-01,-1.2147e-01,-4.9080e-02,-4.7873e-02,-7.9583e-02,-8.1888e-03,-3.3811e-01,-3.3109e-01,-8.2620e-02,-1.0328e-01,-3.9879e-02,-2.3459e-01,1.4328e-02,6.3403e-02,-2.2053e-01,-5.5451e-01,-3.2614e-01,-2.8084e-01,-2.1691e-02,4.7822e-02,-1.5890e-02,5.9195e-02,1.8784e-02
3.9486e-02,6.1121e-02,6.9111e-02,-1.7190e-02,-2.5578e-02,-1.1143e-02,1.2791e-01,-1.0224e-01,-1.0847e-01,1.3257e-01,-1.1264e-01,-8.3216e-02,-8.2016e-02,6.0484e-02,-2.4758e-02,3.0270e-02,5.1012e-03,-1.1445e-01,-1.1796e-01,-1.0129e-01,-1.6231e-02,-1.5279e-01,-1.8034e-01,-1.1998e-01,-6.1382e-02,1.6537e-02,1.7000e-01,2.6795e-01,1.3206e-01,-8.8706e-02,-2.6538e-03,-2.1116e-02,-7.4500e-02,4.6156e-02,2.9104e-02,-9.8384e-02,3.3349e-02,-9.6495e-04,3.7038e-01,-1.5811e-02,-3.6369e-02,-1.4566e-03,-6.9270e-03,3.9057e-02,-9.7318e-02,-9.5175e-02,-1.9649e-02,6.4280e-02,1.9921e-01,6.9118e-02,-1.5836e-01,-5.6172e-02,1.1086e-01,2.7551e-01,3.6164e-01,3.1329e-01,5.2314e-02,-6.5118e-02,-1.7177e-01,-8.5199e-02,5.6047e-02,5.6611e-02,2.4636e-02,2.8136e-02,4.5171e-01,1.1520e-01,8.0446e-02,-1.2426e-01,1.2193e-01,2.8559e-03,7.4837e-02,3.8867e-02,3.5310e-02,5.7620e-02,5.3590e-02,1.1881e-01,-4.8029e-03,-2.8129e-02,-2.5990e-03,1.6448e-01,9.8542e-02,-4.8349e-02,-2.7508e-01,-1.1579e-01,-5.3738e-02,-3.6880e-02,1.3894e-02,7.6148e-02,7.9759e-02,-4.5535e-02,1.3248e-01,-4.9936e-02,4.2740e-02,-1.5349e-02,7.1022e-02,1.1568e-02,-8.3015e-02,-1.0266e-01,4.5361e-02,1.3180e-02
-7.2013e-03,8.8791e-02,-1.4469e-02,-2.2836e-02,-2.0787e-02,1.7997e-02,9.2161e-03,-9.8765e-02,-8.3062e-02,4.6389e-02,2.1738e-02,-1.0960e-01,-1.2082e-01,4.6600e-02,1.1720e-01,2.3061e-03,1.3066e-01,1.6116e-01,1.5512e-01,1.7406e-01,6.7296e-02,-2.4405e-02,-3.2129e-02,3.7094e-02,1.4372e-01,2.6123e-02,1.8243e-02,3.3570e-02,-6.6046e-03,-5.2079e-02,-2.4925e-01,-4.0339e-02,1.7489e-01,-1.4156e-02,-2.1450e-02,-2.1304e-02,-2.6965e-01,-9.3243e-02,-1.5114e-01,2.2252e-01,-4.3676e-02,-4.4210e-02,2.2513e-02,-7.5464e-02,-8.1890e-02,-3.2458e-02,-1.8537e-02,-2.6851e-03,2.8560e-02,2.0818e-02,-2.9192e-02,9.4303e-02,-3.8799e-02,1.2881e-02,2.0745e-01,1.7183e-01,2.9380e-01,-3.2950e-02,-1.9314e-02,-7.0207e-02,5.2029e-02,-1.7759e-02,-9.4513e-02,-5.6991e-02,1.2351e-02,2.5848e-01,8.3310e-02,-1.2707e-01,-6.4578e-02,2.6464e-02,-6.7574e-02,-3.5403e-02,1.9135e-01,-1.3181e-03,2.0146e-03,8.2017e-02,-2.8090e-03,-1.5036e-01,-2.8698e-01,-3.0061e-01,-1.6667e-01,8.0617e-02,-1.6989e-01,-2.0476e-01,8.3178e-02,1.5558e-01,-6.6463e-02,7.1348e-02,-7.4067e-03,7.6017e-02,-5.7209e-02,1.4847e-01,8.8491e-02,4.4397e-02,2.9290e-02,8.2551e-03,1.0457e-01,-1.1432e-01,-4.0785e-02,-3.4723e-03
-1.9583e-01,-1.3945e-01,-1.3133e-01,-1.5906e-01,-1.4128e-01,2.3886e-01,-9.7367e-02,7.9142e-02,1.5889e-01,6.9502e-02,1.0106e-01,-8.8199e-02,6.0200e-02,-7.9723e-02,2.5193e-01,2.2603e-01,1.8291e-01,4.5125e-02,9.8584e-02,1.0233e-02,2.4803e-02,-6.9686e-02,9.0604e-03,8.2976e-02,9.5854e-02,-1.9809e-02,-6.8152e-02,-8.7285e-02,-9.6697e-02,-4.2705e-02,-5.0368e-02,-2.1959e-01,-6.2381e-02,-1.3518e-01,-9.6952e-02,-8.1925e-02,-7.8468e-02,-7.9063e-02,-8.0794e-02,-7.5096e-02,9.3773e-02,-1.8269e-01,1.6239e-02,1.2822e-02,1.1047e-02,-2.2293e-02,-1.1992e-02,6.7461e-04,-8.0411e-03,7.8438e-02,1.1453e-01,4.4561e-02,2.6482e-02,1.8036e-01,7.4902e-02,4.0460e-02,1.4723e-01,4.5319e-02,2.8762e-01,6.4801e-02,-5.7792e-02,2.2673e-01,-2.9205e-03,3.3452e-02,-5.9955e-02,1.1380e-01,2.7511e-01,5.1076e-02,-1.4471e-01,2.5974e-02,5.0003e-02,2.0977e-01,-1.7891e-01,-5.1998e-02,1.0630e-01,-2.0264e-01,1.0324e-01,-6.9219e-02,-2.8607e-02,-6.9807e-03,2.2320e-02,-9.9787e-02,6.8347e-02,-2.5625e-02,-1.1754e-01,-1.5346e-01,1.2694e-02,-2.9630e-01,-2.7461e-01,-3.0676e-02,-1.1112e-01,1.0671e-01,2.4173e-01,1.8936e-01,1.1529e-01,-7.9965e-02,1.0097e-01,7.5429e-02,-1.9825e-01,-1.8241e-02
1.3267e-01,1.5899e-03,-1.5242e-03,4.3197e-02,2.4567e-01,-4.1580e-02,-1.6129e-01,1.3376e-02,-9.2511e-04,1.7567e-01,6.5169e-02,2.5505e-01,1.7680e-01,1.1586e-01,5.0365e-02,8.2354e-02,-7.9485e-03,-5.5001e-02,5.1272e-03,-9.0175e-02,-1.0462e-01,-8.5192e-02,4.8501e-02,-4.1188e-02,-1.2194e-01,-1.9069e-01,-1.3368e-01,9.8087e-02,8.1328e-02,8.7195e-02,8.5733e-02,1.3643e-01,1.1996e-01,9.6724e-02,3.6135e-02,-2.5343e-02,-5.9871e-02,-8.2545e-02,-1.7749e-01,-1.6012e-01,-9.3546e-02,5.7036e-02,-3.6853e-02,4.4033e-02,1.5121e-01,2.1056e-02,4.8223e-02,1.9016e-01,2.1855e-02,1.3419e-02,2.4437e-01,-1.9537e-01,1.3612e-02,1.3002e-01,-3.3239e-01,-1.3031e-01,-2.5887e-01,1.7733e-01,-2.0088e-01,-9.5753e-02,-1.2273e-01,-1.2051e-02,6.2206e-02,-9.9859e-03,-1.8025e-01,-1.0344e-01,-9.9276e-02,2.0580e-01,5.8875e-02,-7.1066e-02,1.0305e-02,5.3253e-02,1.2933e-03,8.1272e-02,3.4518e-02,-6.8914e-02,-8.2104e-02,2.3088e-01,8.2159e-02,1.3991e-01,1.2874e-01,4.9655e-02,1.1085e-01,6.6652e-02,-1.2156e-01,-9.4570e-02,-8.1998e-02,1.1720e-01,-2.3083e-01,-1.7661e-01,-2.1674e-02,-2.7026e-01,-1.0793e-01,-6.0534e-02,-6.0500e-02,2.2462e-02,3.4146e-02,9.4583e-02,-4.3503e-02,-4.7868e-03
9.9719e-02,8.2483e-02,2.1424e-01,1.3607e-01,8.4628e-02,-1.5493e-01,5.6170e-02,2.1593e-01,1.4009e-01,-3.0736e-02,1.9702e-01,1.3549e-01,2.0301e-01,1.2743e-01,4.7029e-02,-3.2169e-02,-1.4712e-01,-2.4991e-01,-1.0481e-01,-9.3146e-02,-5.7220e-02,9.5065e-02,1.4352e-01,1.1380e-01,-1.3445e-01,-4.0777e-02,-7.4938e-02,-1.6284e-01,-1.9747e-01,-1.5225e-01,-2.1153e-02,-2.3766e-02,-3.6759e-01,-1.9842e-01,-1.1798e-01,6.7824e-03,2.1519e-02,1.9572e-02,6.0535e-03,-4.0403e-02,-4.3278e-02,-1.6170e-02,6.6402e-02,-5.0328e-02,2.8744e-02,6.9140e-02,-8.0704e-02,-3.8129e-02,-8.8996e-02,-1.3297e-02,-1.8915e-01,2.2776e-01,1.6681e-01,2.6474e-02,-6.4680e-02,3.4977e-02,5.2616e-03,-1.1720e-02,1.9863e-01,1.1767e-01,-1.1650e-01,-2.7064e-01,1.5769e-01,2.9552e-02,-8.1732e-02,-6.2415e-02,-6.3199e-02,2.0949e-01,1.2033e-01,4.1693e-03,-1.4118e-01,6.2286e-03,2.1968e-01,9.3904e-02,-8.4958e-02,1.1411e-02,9.2095e-02,2.4434e-01,4.1575e-01,-2.8977e-02,-9.6870e-02,-8.9101e-02,3.3245e-03,1.2780e-01,4.2896e-02,-3.9586e-02,-6.6489e-02,-6.0452e-02,1.3770e-01,4.9425e-02,-3.1772e-01,9.8175e-02,-2.7450e-01,-2.1468e-01,-8.5949e-02,1.5268e-01,-2.2352e-01,5.3759e-02,1.3116e-01,1.9406e-01
-6.3785e-02,-7.2177e-02,1.9200e-03,2.3507e-01,7.8113e-02,1.6441e-01,3.2189e-01,3.6020e-01,2.2045e-01,-2.0003e-01,-7.5877e-02,1.7355e-02,-2.3093e-01,-1.6122e-02,-2.8749e-02,-2.5693e-02,-6.5265e-03,5.4376e-02,1.1791e-01,3.4843e-01,1.7409e-01,2.4565e-01,8.2515e-02,-1.9691e-02,2.1701e-02,2.6510e-02,3.6782e-02,3.3597e-02,3.1757e-02,4.1781e-02,-5.6606e-02,-2.4716e-01,4.5121e-02,-1.0823e-01,-1.0453e-01,5.4904e-02,-1.7594e-02,1.1809e-01,-1.3686e-02,-4.6684e-02,-5.1553e-02,-4.7273e-02,-3.3740e-02,3.9367e-02,-3.4087e-02,1.6324e-01,3.8522e-02,-5.5025e-03,-4.6092e-02,8.2592e-02,8.5035e-02,7.4277e-02,-1.5588e-02,5.9725e-02,2.1582e-01,-2.2176e-02,7.1745e-03,7.3691e-03,4.5813e-03,9.6538e-02,1.2694e-01,1.3942e-02,7.4533e-02,-5.3194e-02,1.1607e-01,-1.0699e-01,-5.4736e-02,-1.6308e-01,-3.2065e-02,1.5946e-01,1.8295e-01,3.1543e-03,1.7988e-01,-2.1019e-01,-3.1465e-02,3.7599e-01,4.4940e-02,2.1675e-02,1.4859e-01,1.9596e-01,-1.3769e-01,-8.3864e-02,-3.8840e-02,1.3445e-01,1.3541e-01,6.6138e-03,-3.8816e-02,-3.2771e-02,4.7628e-02,9.7334e-02,1.8254e-01,4.4159e-02,6.5049e-02,1.3655e-01,-1.6950e-01,-1.6797e-01,-1.6549e-01,5.1642e-02,6.6404e-03,-7.8350e-02
-8.9947e-02,-8.0136e-02,3.7821e-02,-4.4228e-02,-1.5588e-01,8.4756e-02,8.5357e-02,-1.4565e-02,-5.5190e-02,1.3226e-01,6.8629e-02,6.9415e-02,1.5393e-02,1.0181e-02,6.2793e-03,3.4828e-02,2.0060e-01,3.3819e-01,1.0460e-01,-1.5948e-02,-7.1387e-02,-6.0284e-02,-2.1748e-01,-7.4851e-02,-3.1259e-02,-9.4274e-02,-1.0933e-01,-1.0196e-01,-9.9453e-02,-7.6502e-02,5.2711e-02,-1.5242e-01,6.1429e-02,-2.6334e-01,-1.0380e-01,-1.1188e-01,-9.9529e-02,-7.1553e-02,1.7159e-02,1.4958e-01,1.6936e-01,1.6748e-01,1.0120e-01,8.1026e-02,7.6044e-02,8.4478e-02,1.6199e-01,2.7296e-01,3.5431e-01,1.4022e-01,5.6688e-02,5.8234e-02,8.5998e-02,-1.2350e-01,1.7776e-01,2.6098e-01,5.5248e-02,2.8615e-02,2.3826e-01,2.5815e-01,1.6570e-01,1.3273e-01,-1.2147e-03,-1.6517e-02,1.2791e-01,-1.5871e-01,-2.2720e-02,-1.3463e-01,3.3364e-03,-1.3874e-01,-6.1220e-02,-1.5055e-01,-1.9987e-01,-1.7276e-01,1.5606e-01,-8.7420e-02,-9.9674e-02,-2.6825e-01,-4.4956e-01,-7.5151e-02,1.4488e-01,-9.5297e-02,-6.0177e-02,3.1881e-02,4.3515e-02,3.9327e-02,2.3152e-02,-7.0091e-03,9.5159e-02,7.6813e-02,1.0127e-01,1.9091e-02,8.9923e-02,6.1390e-02,4.5552e-02,1.5074e-01,2.5394e-01,-1.0308e-01,-3.7175e-03,-1.4695e-01
-7.7903e-02,1.0019e-01,-1.9446e-04,-2.2002e-01,8.2066e-02,-2.0855e-02,3.7659e-02,-7.9355e-02,-3.1848e-03,8.0418e-02,1.5850e-01,-1.6420e-01,5.9025e-02,5.4427e-02,1.1288e-01,2.8066e-01,2.0467e-01,1.2562e-01,3.1138e-02,-4.7362e-02,-3.9692e-02,-1.6490e-01,-1.3693e-01,-1.2156e-01,4.1423e-03,9.0591e-02,-5.7125e-02,-1.1851e-01,-1.1115e-01,-9.6373e-02,-9.5452e-02,-3.9299e-02,-4.6222e-02,1.8462e-01,-1.3890e-01,-1.2548e-01,-1.1801e-01,-1.1131e-01,-1.0493e-01,-9.8678e-02,-9.1580e-02,-8.0922e-02,-4.9707e-02,1.9747e-01,1.1383e-01,1.1503e-01,1.3896e-01,-3.6943e-02,1.2346e-01,1.3086e-01,1.6906e-01,7.8737e-02,8.0555e-02,4.7802e-02,9.0764e-02,1.8727e-01,1.5193e-01,-6.5993e-03,-1.2426e-01,-7.6700e-02,-5.9890e-02,4.7808e-03,-1.2743e-01,2.3883e-01,-3.2976e-02,2.8127e-01,-2.5320e-01,-1.2509e-02,-1.9567e-01,-1.2650e-01,-1.7295e-01,7.1632e-02,6.4359e-02,1.0114e-01,-3.1140e-01,-1.2385e-01,7.9828e-02,8.9382e-02,-1.4496e-01,-1.0392e-01,2.1919e-02,1.9150e-01,-2.0065e-01,-2.3371e-01,-7.2980e-02,9.2990e-02,8.7251e-02,2.3897e-01,8.6005e-02,8.6781e-02,7.2066e-02,5.2920e-02,-3.5469e-03,-4.0555e-03,7.6981e-02,-4.4161e-02,1.5654e-01,-1.2070e-01,-1.3910e-03,-6.7456e-02
1.7161e-01,-8.4232e-02,-2.2138e-01,-1.1356e-01,-4.0002e-02,2.3935e-01,-1.1260e-01,1.6690e-02,2.1871e-01,3.3899e-01,1.7155e-01,1.5009e-01,1.0432e-01,2.5115e-01,2.6980e-01,1.5681e-01,8.0231e-02,8.2220e-02,3.6984e-02,-2.1489e-02,1.5764e-01,-5.5574e-02,9.2126e-03,-3.2026e-02,-9.3169e-02,2.1356e-02,1.2242e-01,-1.3423e-02,-1.1391e-01,-1.0515e-01,-2.3086e-01,3.6979e-02,-1.0800e-01,-8.2029e-02,-3.1163e-02,-1.0430e-02,-1.1977e-01,-1.1210e-01,-1.0236e-01,-9.3987e-02,-8.4107e-02,6.4453e-02,-1.4228e-02,1.4086e-02,-1.0559e-01,-1.6041e-01,1.1022e-01,1.7135e-01,-6.2336e-02,4.0421e-02,1.6462e-01,1.5353e-01,8.9589e-02,1.8623e-01,1.4352e-01,1.6613e-01,2.7563e-01,8.7622e-02,-8.0675e-02,-1.2370e-01,3.6124e-03,8.7504e-02,-2.5080e-02,-1.2917e-01,-1.6528e-01,3.9369e-02,2.2776e-01,-1.2035e-01,-9.9466e-02,1.0282e-01,-2.4675e-02,-1.2512e-02,-2.2591e-01,6.8726e-02,4.0261e-02,-6.7575e-02,-3.1693e-03,-1.0804e-01,1.5896e-03,2.3793e-03,-3.7891e-02,1.1012e-01,1.5870e-01,-1.1979e-01,3.1039e-02,1.1880e-01,1.4145e-01,-6.2414e-02,8.7604e-02,-5.1588e-02,6.6272e-02,6.7840e-02,5.0785e-02,-2.6020e-02,9.5788e-02,4.4780e-02,9.0587e-02,4.6432e-02,-4.0790e-02,1.8958e-01
7.5743e-02,2.0699e-01,1.6837e-01,1.6900e-01,3.2105e-01,1.4960e-01,-5.4773e-03,1.2785e-02,3.1112e-02,2.5186e-02,-5.2172e-02,-1.6829e-02,3.2309e-01,1.5521e-01,-7.4681e-02,-1.3117e-01,-1.0081e-01,-7.4155e-02,-1.2743e-01,-8.1371e-02,1.2202e-01,9.9349e-02,9.2226e-02,1.1748e-01,2.1589e-02,-1.1579e-01,-5.4115e-02,9.1289e-02,-2.8492e-02,-1.1256e-01,-9.9197e-02,-9.9979e-02,-1.3124e-01,-1.1565e-01,-1.7395e-01,-8.7365e-02,-2.5049e-02,-1.0944e-01,-9.6797e-02,-8.6154e-02,-2.2504e-02,-2.2144e-02,4.5807e-02,4.2763e-02,-5.1422e-02,-5.8814e-02,-7.3617e-03,1.4288e-01,1.0179e-01,-7.7931e-03,1.1204e-02,1.0422e-01,1.4205e-01,3.4007e-01,-4.9722e-03,-5.2499e-02,4.3645e-02,9.1453e-02,1.5968e-01,9.2459e-02,2.5849e-02,-1.2925e-01,-1.9625e-01,-1.0373e-01,-8.8927e-03,-8.1601e-02,-4.4173e-02,1.4340e-01,-1.1930e-01,-1.8123e-01,6.7213e-02,-7.2310e-02,-9.0932e-02,3.7593e-02,8.7082e-02,-4.5450e-02,-9.1255e-02,-7.5242e-02,1.0973e-01,3.8934e-02,-3.1854e-02,1.1946e-01,2.7796e-01,3.3389e-01,-5.5302e-02,-1.7727e-01,5.2454e-02,-8.1911e-02,8.9660e-04,-4.7078e-02,2.1957e-02,7.1618e-02,6.8542e-02,3.7850e-02,8.7968e-02,7.1952e-02,-1.2003e-01,8.2873e-02,-3.6119e-02,7.0987e-02
-1.3936e-01,8.2950e-03,2.7679e-01,3.0220e-01,-7.4449e-03,-6.1980e-02,4.6132e-02,3.5530e-01,-5.7149e-02,-1.6638e-01,-4.4219e-02,3.4162e-01,8.3932e-02,7.5223e-02,1.7067e-01,1.7708e-01,1.5922e-02,1.2112e-03,1.3025e-01,1.0759e-01,-1.0980e-01,-5.7033e-02,-1.2489e-01,-1.0554e-01,1.3202e-03,-1.3141e-01,-1.3652e-01,-1.1189e-01,-6.8482e-03,-8.9779e-02,-3.7989e-02,-1.5559e-01,-1.4380e-01,-1.2983e-01,-1.1798e-01,-1.1903e-01,4.9227e-03,-1.0500e-01,-9.1833e-02,-7.7396e-03,-4.7988e-02,3.8455e-03,1.6620e-02,-2.6383e-01,-3.4847e-02,1.3632e-01,5.7081e-02,-1.1532e-01,1.3751e-01,1.3403e-01,-7.0286e-03,4.3531e-02,7.8943e-02,1.8306e-01,2.1092e-01,-1.6006e-02,-4.7392e-02,4.5578e-02,1.0187e-01,1.0842e-01,-8.6851e-02,1.9707e-01,6.4852e-02,1.5915e-02,-1.0704e-01,-1.0577e-01,3.3623e-02,-1.5720e-01,2.0859e-02,-1.7366e-01,-9.2834e-02,8.8132e-02,-9.1986e-02,-2.1948e-01,-7.4549e-03,-4.5883e-02,-6.9538e-02,1.2736e-01,1.8899e-01,1.4867e-01,7.2821e-02,3.6605e-02,2.1209e-01,1.7212e-01,2.9327e-01,2.3981e-01,9.2638e-02,9.6955e-02,-9.7290e-02,1.2638e-01,-1.0196e-01,6.4992e-02,8.0242e-02,5.6487e-02,-2.5465e-02,7.4061e-02,-5.0769e-02,-9.8917e-03,6.3941e-02,4.3886e-02
1.3341e-03,-5.4307e-02,1.3638e-01,1.7416e-01,3.4361e-02,-2.8108e-02,1.2343e-01,6.6552e-02,2.3508e-01,1.3330e-01,2.0709e-01,-8.7011e-02,-1.1275e-01,-9.2377e-02,-1.8034e-02,1.3110e-01,3.1547e-01,3.6490e-01,1.8866e-01,8.8370e-02,-2.1407e-01,-9.1404e-02,-2.5947e-02,1.1548e-01,-3.5014e-02,-8.8549e-02,-2.2045e-01,-2.9305e-01,-2.8477e-01,-1.4369e-01,-8.6357e-02,-1.5758e-01,-1.5080e-01,-1.3911e-01,-1.2361e-01,-1.8098e-01,-1.2247e-01,-9.9359e-02,4.4625e-02,-4.4792e-02,-3.7911e-02,-3.7075e-02,1.5358e-01,9.8476e-02,-1.1016e-01,3.1753e-01,9.9516e-02,6.2764e-02,1.8768e-01,1.6702e-01,2.6230e-01,6.5690e-02,4.4026e-02,-2.9039e-02,-9.9599e-02,1.8452e-01,-4.0873e-02,1.0604e-01,-1.4000e-01,1.9461e-01,-9.3754e-02,-1.8778e-01,2.0490e-01,5.4941e-02,2.6654e-03,-2.0757e-01,-4.9823e-02,-6.1651e-02,-5.3394e-02,-8.1626e-02,6.9076e-02,3.7296e-02,3.0858e-01,-1.3864e-01,2.9486e-02,-7.8408e-03,5.4974e-02,2.5456e-01,1.7640e-01,9.5642e-02,-1.1658e-01,-3.1828e-01,-6.4072e-02,1.3877e-01,6.4296e-02,2.6085e-01,-3.2662e-01,3.2549e-02,1.4808e-01,1.9412e-01,7.6546e-02,3.8992e-02,9.0925e-02,6.8414e-02,-4.1213e-03,-1.1683e-01,-4.8054e-02,2.6699e-02,1.2304e-02,1.1309e-01
1.2627e-01,-1.8766e-01,-1.3097e-01,-3.2009e-03,1.0342e-01,1.4894e-01,1.6678e-01,2.0432e-01,2.9122e-01,3.6163e-01,2.1052e-01,2.3218e-01,2.2974e-01,1.9603e-01,1.3023e-01,2.3415e-02,-9.9291e-02,-4.6280e-02,7.3978e-02,7.3349e-02,2.6676e-01,-4.7821e-02,-7.5746e-02,-1.0121e-01,-1.2749e-01,-1.1862e-01,-1.1827e-01,-1.1309e-01,-2.4094e-02,1.0710e-01,-9.7481e-02,-6.2521e-02,-9.1026e-02,-1.2379e-01,-1.1239e-01,-4.9543e-02,-1.2907e-02,-2.4079e-02,3.9541e-02,5.2617e-02,-3.6477e-02,2.0944e-02,-3.5440e-02,1.3208e-01,1.9603e-01,1.7086e-01,5.2119e-02,2.3344e-01,8.0769e-02,2.5062e-01,1.7260e-01,2.6200e-01,-4.7139e-02,7.5972e-02,6.2587e-02,7.6157e-02,3.1417e-01,2.0889e-01,2.5200e-02,-9.7895e-02,9.4471e-02,-7.1818e-02,-7.0452e-02,-1.9811e-02,4.5547e-02,-8.3493e-02,-2.2301e-01,-7.7431e-02,-2.1489e-01,-1.1128e-01,-2.4901e-01,-7.5231e-02,-4.2725e-02,1.1607e-01,-3.8989e-02,2.5997e-01,-2.2866e-02,-7.9388e-02,-6.4653e-02,-1.2389e-01,-5.5908e-02,8.7984e-02,-6.9020e-03,-2.6363e-01,-7.8410e-03,-3.3677e-05,1.6403e-01,6.1127e-02,1.6728e-01,2.1380e-01,2.0380e-01,-2.4043e-03,1.1566e-01,6.8580e-02,-8.0142e-03,-7.8614e-02,-4.9666e-02,-1.2879e-01,1.2733e-01,-2.7205e-01
4.3039e-02,-1.1772e-01,-2.7083e-01,-2.4178e-01,-1.2073e-01,2.4960e-01,1.4277e-01,2.5168e-02,3.1605e-01,1.1514e-01,9.4000e-02,8.9893e-02,8.4299e-02,7.5254e-02,6.2767e-02,4.6693e-02,2.2548e-02,-2.4444e-02,-1.0741e-02,-2.3607e-02,-2.5425e-02,2.9497e-02,1.8093e-01,-1.8065e-02,-1.9622e-01,-2.4172e-01,-1.3047e-01,6.7521e-02,3.1156e-02,-1.2338e-01,-1.3140e-01,-1.2574e-01,-9.4642e-02,-7.8361e-02,-8.8858e-02,-8.9051e-02,-1.5703e-01,8.1058e-02,-1.8771e-01,-6.8131e-02,-1.9253e-02,9.3691e-03,-9.7047e-02,1.6041e-01,2.1622e-01,9.2214e-02,2.8694e-01,1.5132e-01,9.2070e-02,1.0958e-01,1.1192e-01,3.2082e-01,1.3165e-01,1.9987e-01,1.2917e-01,6.9118e-02,1.2623e-02,1.5130e-02,6.9608e-02,-1.7219e-01,1.6199e-01,-2.3142e-02,-9.5636e-02,-6.7733e-02,-3.0590e-03,8.9593e-02,-1.3600e-02,-8.7823e-02,-1.4940e-01,-3.8348e-03,-1.8070e-01,-2.4306e-01,-2.5787e-01,-1.7350e-01,-1.2000e-01,3.5682e-02,1.0591e-01,-1.6467e-01,-1.2523e-01,-4.5625e-02,1.3530e-01,3.7222e-01,1.0484e-01,-1.8233e-03,-1.1875e-01,-3.8328e-01,-8.5379e-02,1.3517e-02,2.4250e-01,2.3812e-01,2.3288e-01,2.7755e-01,2.9765e-01,7.4097e-02,-1.5675e-02,1.9625e-01,1.6151e-01,6.2389e-02,2.4356e-01,4.3416e-02
2.1173e-02,4.2486e-02,-5.1428e-02,6.1386e-02,1.3603e-01,-4.8529e-02,-1.9947e-01,-9.1404e-02,-9.9146e-02,-6.4063e-02,4.4734e-02,7.0979e-02,7.2551e-02,6.8081e-02,6.1025e-02,5.5693e-02,1.9850e-01,6.1345e-02,1.6017e-01,-1.7760e-01,8.7586e-02,1.6072e-01,-6.5337e-02,-6.9264e-02,-5.4510e-02,1.5156e-01,8.6420e-02,-1.8955e-01,-1.5644e-01,-1.2530e-01,-1.2197e-01,-9.4732e-02,-1.2238e-02,-4.9239e-02,1.6632e-01,1.0678e-01,6.1278e-02,5.0305e-02,7.7389e-02,1.4878e-02,-1.2129e-02,-4.2813e-03,5.1675e-02,-2.1046e-02,1.2919e-01,-1.2453e-01,-1.9362e-02,5.0098e-02,3.7391e-02,-4.9675e-02,-7.9352e-02,4.4489e-02,5.6772e-02,1.8403e-01,4.0043e-01,-2.6958e-02,-6.5852e-02,-3.7523e-02,2.5569e-01,3.5808e-01,3.8630e-02,1.0983e-01,8.8057e-02,-7.9310e-02,-1.2365e-01,-1.1296e-01,1.1998e-01,2.0664e-02,7.0994e-02,-5.4164e-03,-2.2084e-02,-3.4769e-01,-1.5831e-01,2.4069e-02,-1.0483e-01,-2.3217e-01,-6.2702e-02,-1.4997e-01,-9.3415e-02,1.6122e-01,2.1495e-01,-2.3632e-02,-4.5137e-02,5.4422e-02,2.0752e-01,2.8848e-01,4.0884e-01,2.4084e-01,-7.9108e-02,2.9424e-02,6.4563e-02,1.1771e-01,-2.5826e-02,1.6861e-01,5.3029e-01,2.8601e-01,5.4709e-02,-3.2257e-02,-3.6639e-02,1.6094e-01
-1.3482e-01,1.0260e-01,2.6456e-01,1.2687e-01,-9.6745e-03,9.4204e-02,1.3526e-01,-1.4597e-02,-2.8244e-02,5.7462e-02,-3.0413e-02,-1.7111e-01,-5.1538e-02,6.1735e-02,9.1987e-02,2.1225e-01,1.1263e-01,1.1066e-01,3.6521e-02,2.5646e-02,-4.1994e-02,6.4987e-02,-6.5305e-02,-5.7844e-02,-3.0609e-02,2.1680e-01,-2.2532e-02,-1.3489e-01,-2.1464e-01,-1.6638e-01,7.8209e-02,-2.2932e-03,-1.6491e-02,-2.7391e-03,2.6222e-02,1.1517e-02,-1.9302e-01,-1.4263e-01,9.9159e-02,-5.1624e-02,-2.2378e-02,-1.8897e-02,-4.6067e-03,-3.9116e-02,-1.8550e-01,2.1792e-02,-3.4580e-02,-4.4699e-02,-9.6275e-03,1.6189e-01,1.0928e-03,-5.6869e-02,1.2120e-01,-3.6515e-02,-8.9462e-02,2.5062e-01,1.7555e-01,-1.2464e-01,-7.5642e-03,-7.4957e-02,3.1328e-02,-4.8337e-02,5.8391e-02,1.1025e-01,1.0456e-01,2.2220e-01,-2.1074e-02,-1.2053e-01,2.7622e-03,5.6043e-02,6.4484e-02,1.9346e-01,-3.9062e-01,-1.2358e-01,3.2795e-02,-1.0271e-01,-1.4307e-01,2.0655e-01,-7.5413e-02,7.4473e-02,2.3770e-02,-6.2837e-02,1.0184e-01,3.7200e-01,3.0406e-01,2.4072e-01,1.4534e-01,1.0077e-01,1.5592e-01,4.0968e-02,-8.9693e-02,-5.1829e-03,-2.6093e-01,1.1615e-01,7.2702e-03,7.0071e-02,1.1882e-01,-5.5195e-04,-2.8330e-01,7.2318e-02
2.0009e-01,3.1046e-01,2.5562e-01,9.3431e-02,1.6092e-01,5.0592e-02,-3.6450e-02,4.8395e-02,9.3173e-02,9.0168e-02,9.1833e-02,1.0201e-01,1.1824e-01,1.0205e-01,1.2412e-01,-1.1484e-01,-1.0327e-01,1.7674e-01,-5.5670e-02,1.6794e-01,1.4879e-01,-1.0274e-01,-1.4283e-02,-5.7055e-02,1.8198e-01,-3.7363e-02,-5.7510e-02,1.8935e-01,-1.9337e-02,-1.1338e-01,-2.9907e-01,-3.5906e-01,-2.8643e-01,-1.5484e-01,-2.4215e-01,-1.4220e-01,-1.0126e-01,-1.4536e-01,-1.4626e-01,-2.3147e-02,-4.9266e-02,8.3790e-02,-1.5263e-03,-3.0521e-02,-1.2227e-01,5.7121e-02,3.9564e-02,1.8789e-01,1.9040e-01,7.9448e-02,2.1963e-01,4.6935e-02,5.8923e-02,4.3227e-02,-1.2565e-01,6.0351e-02,2.3669e-01,1.4459e-02,-2.3964e-02,1.5030e-01,-5.9398e-02,-6.1351e-02,3.3818e-01,8.5521e-02,4.9973e-02,-2.0980e-01,-1.0130e-01,7.4643e-02,-4.3397e-02,-8.4482e-02,9.5221e-02,-1.1128e-01,4.8896e-01,-2.0165e-01,-1.8633e-01,1.9459e-01,-9.9833e-02,-6.8387e-03,2.2550e-01,2.1113e-01,1.4271e-02,1.8492e-01,1.6872e-02,1.7216e-01,6.7071e-02,5.3300e-03,-7.2358e-02,-2.9273e-03,2.4028e-01,9.1059e-02,4.4784e-02,1.1412e-01,1.8185e-01,7.7707e-02,-1.3367e-01,-1.0635e-01,-6.4067e-02,2.4337e-01,-6.0828e-02,-1.6459e-01
-1.6093e-02,4.3137e-02,-1.9342e-01,-7.5390e-02,7.5347e-03,1.0083e-02,-9.1392e-03,1.3509e-01,1.4576e-01,-7.4505e-02,1.9522e-01,1.4005e-01,5.5922e-02,1.3051e-01,1.3673e-02,-1.7556e-02,-2.8453e-02,6.1620e-03,-1.3657e-01,5.8461e-02,-2.4851e-01,-2.2347e-02,1.4322e-02,8.7226e-02,6.3094e-02,-7.0819e-02,-1.2289e-01,-7.5427e-02,-2.0066e-02,1.4121e-01,2.0014e-02,2.0324e-01,5.2971e-02,-1.3479e-01,-1.9048e-01,-1.4905e-01,1.5787e-02,-1.0550e-01,-1.1520e-01,8.8398e-03,-4.3135e-02,6.9103e-02,1.1153e-01,-1.4258e-01,2.3909e-02,5.0807e-02,7.6165e-02,-3.3726e-02,5.6736e-02,2.9149e-02,7.3790e-02,1.0762e-01,1.8977e-01,3.5676e-03,-2.5781e-02,-2.0489e-02,2.0647e-02,2.6230e-01,-1.6922e-02,7.8415e-03,2.6128e-02,9.9452e-02,-3.1078e-01,-4.6242e-02,-4.3183e-02,-1.3528e-01,3.5194e-02,-1.7594e-01,-6.5272e-02,-3.9171e-02,-6.4252e-02,-9.7714e-02,-1.1011e-01,2.3189e-02,-1.1913e-01,-2.5231e-01,2.2623e-01,-8.2341e-02,-6.0895e-02,-2.3265e-02,-1.2519e-01,-1.9568e-01,6.2063e-02,-1.7188e-01,-2.0745e-01,6.2807e-03,-1.7428e-02,1.7619e-01,7.8024e-02,5.7480e-02,8.5520e-02,2.7563e-01,1.3203e-01,-1.3018e-01,-1.6952e-01,-1.2281e-01,8.9920e-02,-4.9048e-02,1.1101e-01,-6.8958e-02
-5.3884e-03,-1.3793e-01,-2.0451e-01,-1.8925e-02,3.1428e-02,5.1066e-02,6.8704e-02,2.6245e-01,1.3575e-01,3.9370e-02,-7.5479e-02,1.8952e-02,2.1136e-02,3.5279e-02,2.3728e-03,-9.1402e-03,5.6293e-02,-8.3056e-02,8.0133e-02,-3.9872e-02,1.9299e-02,1.2417e-01,2.3178e-02,1.1991e-01,-6.5588e-02,-6.8202e-02,-7.0779e-02,-7.4256e-02,-1.4565e-02,4.5817e-02,-1.1345e-01,8.8240e-02,-8.4530e-02,-3.9315e-02,7.6574e-02,7.9472e-02,2.5436e-02,-5.1929e-02,-1.6566e-01,-4.5698e-02,-4.5404e-02,1.1108e-01,-7.8266e-02,8.8924e-02,4.1470e-02,6.7694e-02,8.6339e-02,4.2884e-02,-1.6819e-01,4.7866e-02,6.1541e-02,3.9319e-02,6.8461e-02,4.3049e-03,8.5988e-02,-4.0541e-03,-8.6167e-02,1.7899e-01,4.0616e-02,-1.6590e-02,3.2039e-02,1.2717e-01,-3.1500e-01,-1.3004e-01,-5.0875e-02,-1.4206e-01,1.4455e-02,3.6718e-02,-2.2258e-01,-1.0918e-01,-6.0519e-02,-5.3540e-02,-1.0166e-01,-1.5590e-01,1.3321e-01,-2.9633e-01,6.4859e-02,-1.3309e-01,8.6243e-02,-2.3805e-01,-4.9245e-03,-5.8362e-03,7.9848e-02,-1.4583e-01,-1.8684e-01,-2.7413e-02,6.0286e-02,-4.4830e-02,-2.2969e-02,2.0101e-01,1.9718e-01,2.6567e-01,2.8642e-01,1.4880e-01,1.0051e-01,1.1981e-01,1.8086e-02,-3.0455e-02,-3.1734e-02,3.0925e-02
-1.6048e-01,-1.9977e-01,2.2724e-02,1.2109e-01,1.9138e-01,1.9140e-01,1.5160e-01,-5.4785e-03,-7.3708e-02,-3.7868e-02,-5.7741e-02,-1.9652e-02,1.1117e-01,4.7863e-03,-1.4886e-02,1.1976e-02,1.9292e-01,1.9441e-01,1.1392e-01,6.7072e-02,1.1453e-01,8.9537e-02,-1.1768e-02,-7.8521e-02,-8.9030e-02,-6.2826e-02,-6.1844e-02,-4.9144e-05,-5.9080e-02,-1.4553e-02,1.6614e-02,-5.8149e-02,3.4456e-03,3.8469e-02,3.5174e-02,-4.8268e-02,1.2695e-01,7.2225e-02,7.6149e-02,-5.3431e-02,-3.2362e-02,-1.7786e-01,-1.4292e-02,2.3377e-01,1.2159e-01,1.4796e-01,6.8975e-02,4.2140e-02,8.4211e-02,-6.1034e-02,4.0719e-02,2.6889e-02,1.0503e-02,8.4594e-02,1.9286e-01,1.3483e-01,-2.9196e-02,-1.6388e-02,1.1364e-01,7.5159e-02,-1.8621e-02,-1.7990e-01,-1.0448e-01,-7.6490e-02,-1.5393e-01,8.2790e-02,-1.8960e-02,-1.9392e-01,-7.2522e-02,-2.1648e-01,-3.6377e-02,-2.0340e-02,-2.7369e-02,1.3653e-01,-4.0688e-02,4.2673e-01,-1.8606e-01,2.8373e-03,-2.3163e-02,5.1119e-02,-1.1731e-01,7.7585e-02,-3.8915e-02,2.3952e-01,2.3156e-01,2.9505e-01,3.5130e-01,5.0036e-02,-3.7250e-02,1.0738e-01,1.3056e-01,-3.4517e-01,8.9456e-02,1.6543e-01,2.7186e-01,2.0293e-01,3.1285e-02,-1.3980e-02,-1.0151e-03,1.4864e-01
-2.2596e-02,8.6866e-02,1.8522e-01,1.0008e-01,-1.2516e-02,-7.9149e-02,9.7626e-02,-9.3258e-02,-1.4317e-01,-1.1436e-02,7.2134e-02,6.2318e-02,1.6777e-01,7.9074e-02,2.5169e-02,4.3465e-02,2.2349e-02,4.9479e-02,4.4192e-02,-2.7957e-02,-6.6255e-02,6.2655e-02,-2.1022e-01,-1.1918e-01,-1.1444e-01,5.1481e-03,3.5185e-02,-5.6360e-02,2.6365e-02,-5.3735e-02,1.6337e-02,3.1721e-02,3.5661e-02,1.9593e-02,-1.1307e-02,-1.0641e-01,-8.5444e-02,-2.4847e-02,1.0962e-01,-1.6975e-02,3.9183e-02,-1.5341e-01,7.4969e-02,1.6091e-01,-5.0358e-02,-1.1941e-01,6.6268e-02,1.5447e-01,9.8138e-02,5.4850e-02,-1.1311e-02,1.2413e-02,-4.9716e-03,1.1851e-01,-2.8769e-02,1.9128e-01,1.9458e-01,-6.7386e-02,1.5257e-01,1.0668e-01,1.4016e-01,1.4322e-01,3.7228e-01,8.9005e-02,1.6375e-01,1.3567e-01,2.2932e-01,2.1281e-02,1.8177e-02,-1.6068e-02,-4.0606e-02,-1.9900e-02,-1.1472e-01,-2.5802e-01,-1.2298e-01,-1.2653e-01,-2.3067e-01,1.4369e-01,1.9035e-01,7.6520e-02,2.7619e-01,1.7704e-01,1.3947e-01,2.5892e-01,2.9323e-01,1.9823e-01,1.5831e-02,1.3234e-01,8.9286e-02,1.3826e-01,8.3861e-02,4.4025e-02,4.2491e-02,1.0487e-01,-4.3876e-02,2.2997e-02,9.8675e-02,2.1696e-01,1.3098e-01,7.6377e-03
1.0909e-01,1.7843e-01,1.2169e-01,-8.8472e-02,-1.8345e-01,9.9875e-03,-6.6275e-02,3.7143e-03,-5.8594e-04,-2.8343e-03,1.4508e-02,3.1492e-02,-9.2670e-02,-9.1502e-02,-4.8984e-02,4.3106e-03,-1.3228e-01,-8.3288e-02,-3.9797e-02,-5.0722e-02,1.0132e-01,-1.5687e-01,-2.4211e-02,-2.5982e-02,6.2726e-03,-3.6379e-02,-6.6164e-03,5.0308e-02,-1.1758e-01,7.2780e-02,1.9670e-02,-1.7652e-01,-6.7168e-02,-6.1787e-02,-1.7654e-01,-1.5719e-01,-1.4698e-01,1.8804e-01,-1.6047e-01,-1.1622e-02,5.0620e-02,4.7715e-02,-1.9839e-02,-1.7041e-01,-9.0108e-02,-1.5718e-01,1.9670e-02,8.2687e-02,5.8512e-02,4.6168e-02,-5.1259e-02,-1.4725e-02,-4.4416e-02,1.6878e-01,2.1161e-02,-5.6132e-02,-1.7929e-02,4.0755e-02,1.3860e-02,6.5307e-02,-1.1768e-01,-1.9253e-01,-7.0601e-02,-1.1196e-02,-2.3225e-02,9.8005e-02,-2.3740e-01,1.4062e-01,6.0250e-02,-1.1719e-02,-3.0671e-02,-2.5417e-02,-1.3028e-01,7.0012e-02,2.7338e-02,-2.3661e-01,5.8675e-02,-1.2114e-01,-1.6295e-01,-3.6403e-02,2.0420e-01,6.5440e-02,-3.4168e-02,-9.7913e-02,2.2876e-02,-1.0324e-01,9.4498e-03,1.0628e-01,6.5741e-02,3.3489e-03,1.6589e-01,5.5494e-02,-1.8609e-01,-1.7995e-02,-7.3582e-02,7.2616e-02,-9.0015e-02,1.8643e-02,-1.5659e-02,-4.2500e-02
5.7186e-02,-4.4230e-02,-1.0916e-01,-1.6443e-01,-4.3422e-02,3.4668e-02,1.2062e-02,4.7138e-02,-4.5615e-02,-1.0808e-01,5.8753e-03,-6.0996e-02,-2.0365e-01,-5.7265e-02,1.6317e-04,-4.8176e-02,-1.4980e-01,-1.0790e-01,-8.5562e-02,-1.3890e-01,-1.0932e-02,2.1455e-02,1.7763e-01,-1.3254e-02,-6.2342e-02,-4.9455e-02,8.0641e-02,1.0799e-01,1.8769e-01,-7.4756e-02,2.4074e-02,-1.0676e-01,-1.7464e-01,-1.7236e-01,-4.4718e-02,7.7015e-02,2.8992e-01,9.4164e-02,-1.2138e-02,1.7137e-01,-1.0021e-01,-2.0833e-01,-1.3891e-01,-2.4788e-01,-1.0888e-02,3.1683e-02,-5.9417e-02,-1.0655e-01,-3.9435e-03,2.5080e-02,2.6706e-02,-1.3533e-01,-2.3138e-02,-1.9787e-01,-1.8288e-01,-2.6990e-01,-3.4612e-01,-1.0789e-01,-4.3163e-01,-3.3180e-01,5.2433e-02,-1.1083e-02,1.3436e-01,2.8175e-01,-1.1170e-01,-4.8380e-02,-2.3544e-01,-1.6774e-01,1.5850e-01,-2.0376e-02,1.5376e-02,1.1203e-01,2.0049e-01,-7.6894e-02,1.5971e-02,2.3412e-01,1.4085e-01,9.7062e-02,-7.3509e-02,8.5166e-02,-2.1942e-01,1.7875e-01,6.2166e-03,-4.3171e-02,2.8510e-02,3.0461e-02,1.6070e-01,1.2483e-01,9.4683e-02,-6.7100e-02,-3.6627e-01,2.3541e-02,-1.4745e-01,-8.2778e-02,-3.6817e-03,1.5408e-02,1.5716e-01,-2.5180e-02,-3.8308e-02,-5.5813e-02
4.1110e-02,-1.3018e-01,-3.6563e-02,1.6257e-03,1.5227e-01,8.0690e-04,1.2373e-02,-2.6121e-02,-3.2451e-02,-1.4191e-01,-1.4926e-02,-5.0793e-02,-7.6189e-02,3.2658e-03,-1.8102e-02,-7.7513e-02,-1.0796e-01,-1.6355e-01,-1.8010e-01,6.1595e-02,-1.1874e-02,-6.7720e-02,2.3406e-02,4.2574e-02,1.7797e-01,2.6278e-01,-3.2721e-02,-5.7254e-02,-1.7691e-03,7.6987e-02,1.2626e-01,2.2678e-01,1.4059e-01,1.6389e-01,2.5769e-01,1.2557e-01,-1.2015e-01,-3.1614e-01,8.2590e-02,-2.2935e-03,5.5675e-02,1.0537e-01,-2.2959e-01,-4.7699e-02,4.3444e-03,-7.0394e-02,-1.4126e-01,-1.7975e-01,-1.1257e-01,-3.0296e-03,-7.0316e-02,1.1267e-01,-4.1934e-02,-2.1206e-01,-9.4270e-02,-7.7853e-02,-4.4139e-02,2.0555e-02,2.0978e-01,5.8001e-02,4.6356e-02,2.0343e-01,7.7098e-03,-1.6674e-01,1.9531e-01,-1.2642e-01,1.4524e-01,7.8245e-02,5.4690e-02,4.6960e-02,1.3219e-01,1.1239e-01,1.2464e-01,1.1162e-01,7.4631e-02,1.4664e-01,6.1592e-02,2.0799e-01,1.0477e-01,-8.9235e-03,-1.5486e-01,-1.1009e-01,9.1485e-02,-7.0179e-02,-1.4991e-01,-6.7175e-02,2.7195e-02,-4.5216e-02,8.6302e-02,1.0301e-01,1.3720e-01,2.7451e-01,1.6290e-01,1.4539e-01,1.4945e-01,2.0441e-02,4.1168e-02,5.5167e-02,5.9091e-03,-6.7543e-02
3.5553e-02,-7.4666e-02,5.3495e-02,1.4706e-01,-4.2284e-02,5.8239e-02,-6.2815e-02,-3.0785e-02,-5.5121e-02,1.5344e-02,-2.1386e-02,-3.3495e-02,6.5243e-03,-1.2621e-02,-2.5975e-02,2.3051e-02,4.7182e-02,7.5457e-02,2.9023e-01,9.6381e-02,6.4036e-02,7.2153e-02,1.8501e-01,2.1257e-01,1.0928e-02,5.1083e-02,2.3841e-01,1.3628e-01,8.6186e-02,1.6075e-02,2.9773e-02,1.0271e-01,2.8591e-01,9.2834e-02,1.3838e-01,1.9140e-01,1.0805e-01,-5.1904e-02,8.2832e-02,-1.4393e-01,-1.6430e-01,2.2602e-02,4.8818e-02,1.3415e-01,1.4535e-01,1.6914e-01,-7.3921e-02,-1.9151e-01,-3.4027e-01,-1.0568e-01,-1.2556e-01,-8.1074e-02,-4.8367e-03,6.5248e-03,1.7503e-02,7.3841e-02,1.2262e-01,2.9999e-02,1.9190e-01,8.1242e-03,-1.4234e-01,-8.5694e-02,-1.8148e-01,-8.9183e-03,-8.9548e-03,9.1683e-02,2.7663e-01,9.4881e-02,1.5567e-02,4.5390e-01,1.2221e-01,4.3528e-02,5.6228e-02,1.7825e-02,-3.2682e-02,-1.6750e-01,1.6731e-01,-2.1685e-01,8.6121e-02,1.1553e-01,2.5814e-02,-1.5868e-01,4.8341e-02,4.0152e-02,-5.4790e-02,-9.6178e-02,-1.1168e-01,-5.4028e-02,1.0294e-01,9.7264e-02,1.3848e-01,2.1991e-01,3.1920e-01,3.6786e-02,1.5255e-01,2.0925e-01,-2.0673e-02,-1.5928e-01,1.3416e-02,-8.5554e-02
-5.6925e-02,-1.4803e-02,1.5759e-01,-7.4333e-03,6.5008e-02,-5.0629e-02,-8.9958e-02,1.4381e-02,4.3058e-02,-1.3636e-02,-3.1280e-03,-6.7853e-02,-2.1009e-02,-2.5044e-02,-1.6660e-02,-1.0709e-01,5.3486e-02,2.4034e-01,5.6517e-02,-7.0675e-02,-5.4770e-02,5.3785e-02,-8.6423e-02,6.6125e-02,2.9443e-02,2.0044e-01,5.6037e-02,4.2721e-02,6.2433e-02,4.0396e-02,-1.2811e-01,-3.5148e-03,8.6037e-02,6.2986e-02,7.2758e-02,7.7499e-02,5.8496e-02,1.7135e-01,1.4227e-01,2.9927e-02,1.7765e-01,1.4248e-01,1.9216e-01,1.7336e-01,5.3519e-02,2.9761e-01,1.8180e-01,-6.6864e-02,7.5079e-02,-1.0852e-01,-4.0491e-02,-8.9579e-02,-8.4949e-03,-7.2770e-03,-7.0423e-03,-1.3760e-02,-5.9152e-02,-1.2467e-02,5.3489e-02,-7.8034e-02,2.3435e-02,3.7005e-02,-2.2094e-02,-1.3087e-02,8.6985e-02,-4.7475e-02,-2.3337e-02,-1.8602e-02,-4.5414e-02,-1.3594e-01,-2.7204e-02,4.7285e-02,8.2318e-02,1.7109e-01,2.6647e-02,-1.3721e-01,-9.6454e-02,-2.8464e-03,6.0685e-02,5.8059e-02,1.5004e-01,1.6545e-01,-4.2852e-02,2.2900e-01,1.8581e-02,5.7030e-02,6.6061e-02,1.3859e-01,-9.2735e-02,-9.7846e-02,-1.3174e-01,-1.6839e-01,6.1366e-02,-8.0011e-02,-1.4519e-01,-1.4953e-01,3.5230e-02,-1.1032e-01,-1.0898e-01,6.8243e-02
-1.1007e-01,1.8220e-01,-1.4490e-01,-1.3243e-01,-1.5151e-01,-5.6636e-02,-8.1832e-02,-5.7626e-03,-1.2491e-01,-7.2870e-02,-7.7601e-02,-1.4453e-01,-1.1506e-01,-2.1640e-01,-2.0385e-01,2.8819e-02,9.3718e-02,-1.1903e-01,-7.3264e-02,3.4679e-02,-1.2065e-01,-6.0105e-02,-2.8917e-02,-8.8210e-02,1.4093e-01,-9.4477e-02,2.2369e-02,-5.0524e-02,-9.8277e-02,1.9618e-01,1.0071e-01,-4.2223e-02,-3.2686e-02,5.7389e-03,-1.6863e-01,-3.3513e-01,1.0875e-03,5.9603e-02,1.5966e-02,1.4219e-01,7.6028e-02,2.2660e-02,3.9613e-02,7.5460e-03,-2.7225e-01,-4.3858e-01,-1.0360e-01,2.7364e-01,3.1906e-02,-1.4073e-02,3.6198e-02,-2.5263e-01,-2.1948e-01,-2.6984e-01,-1.5793e-01,-6.7917e-02,-2.5883e-02,9.1499e-02,-3.7336e-02,-1.1380e-01,-1.8414e-01,-2.0295e-01,1.4962e-01,-2.3089e-02,5.6347e-02,8.2304e-02,-7.8019e-02,-1.3186e-02,5.7387e-04,-1.4401e-01,-2.7329e-02,8.0842e-03,-4.4318e-02,1.7890e-03,1.7346e-01,1.4823e-01,-8.3422e-02,2.2084e-02,-1.3358e-01,5.8997e-02,5.3499e-02,2.6886e-02,-1.1405e-03,-1.5789e-02,-6.0165e-02,8.3404e-02,5.1978e-02,6.2566e-02,-2.5097e-01,4.7112e-02,-4.3216e-02,-3.9358e-02,-1.1061e-01,1.0470e-01,-6.6530e-02,-1.1804e-01,-7.2270e-02,6.6666e-02,1.5515e-01,-4.0446e-02
1.3766e-01,-2.0520e-01,-1.7112e-01,1.0370e-01,1.3205e-01,-7.9971e-02,-1.4349e-02,-1.4264e-01,-8.3160e-02,-3.3364e-02,-2.3465e-01,-9.6310e-02,-5.2074e-02,-1.2822e-01,6.4171e-03,-1.2368e-01,-2.2247e-01,-6.3358e-02,-4.8607e-02,-5.0362e-02,-4.5924e-02,-9.9482e-02,1.0940e-02,-1.4807e-02,-8.5312e-02,-1.3638e-01,-5.0653e-02,4.1948e-02,5.7312e-02,2.3769e-02,1.4551e-01,9.0963e-02,6.6104e-02,1.7929e-01,-7.0512e-02,9.7471e-02,4.1663e-02,1.2656e-02,-2.2150e-02,2.5867e-02,9.4967e-02,-1.1835e-02,-8.7383e-02,-1.7567e-01,-4.9380e-03,-1.1290e-01,-1.3418e-01,2.5219e-04,-2.7560e-02,3.4094e-02,2.6874e-02,-1.1950e-01,3.7914e-02,9.3264e-02,1.1312e-01,-2.6059e-02,3.9406e-02,-3.2244e-01,-3.2431e-01,1.6960e-01,8.8205e-02,-8.5486e-02,-9.3315e-02,6.4044e-02,6.1040e-03,-3.5403e-03,5.5383e-02,-6.0323e-02,4.1120e-02,5.1080e-02,1.2880e-01,4.1578e-02,-3.5360e-02,2.9705e-02,9.1508e-02,3.7258e-01,-1.2607e-01,1.0749e-01,7.0858e-02,-1.8562e-01,-1.1130e-02,6.4532e-03,-5.2876e-02,-1.3638e-01,-8.4208e-02,1.0638e-01,1.1865e-02,-3.7244e-02,-2.8909e-02,-8.4020e-02,7.3450e-02,1.0394e-01,3.8994e-02,1.5775e-01,1.6861e-01,-8.6693e-03,-5.5522e-02,4.7132e-02,9.5686e-02,5.7924e-02
7.8532e-02,7.1386e-02,-2.8918e-01,-1.9061e-02,7.7490e-02,-1.2360e-01,-1.8624e-01,-1.2908e-01,-3.9866e-02,-1.6775e-01,-1.4508e-01,-5.0388e-02,-8.8623e-02,5.6206e-02,-2.2586e-01,5.1498e-03,1.5117e-01,-3.3478e-02,-1.6376e-01,-4.6174e-02,-2.0815e-01,2.9572e-01,5.4317e-02,6.4184e-02,7.5398e-02,5.1424e-02,-1.8107e-02,1.7376e-01,1.1435e-01,5.4297e-02,6.2429e-02,1.3375e-01,-2.6959e-01,-2.6313e-01,2.6787e-01,1.5648e-01,7.8906e-02,1.5884e-01,2.9290e-04,-2.8876e-02,-1.6295e-02,-1.8261e-01,-6.2178e-02,-3.9381e-02,-1.5855e-02,-1.0541e-01,2.0752e-02,-1.2877e-01,-6.0439e-02,-9.7183e-02,-1.6667e-01,8.1225e-02,-5.3344e-02,-6.0746e-02,-6.2905e-02,1.8789e-02,-1.1643e-01,-1.1153e-01,-1.4884e-01,-1.4137e-01,6.6757e-02,-2.4433e-02,-7.5577e-02,-2.4963e-01,7.2150e-02,2.7877e-01,8.9717e-02,1.5071e-01,1.1330e-01,2.2907e-01,2.4396e-01,1.8695e-01,3.0040e-01,-3.3873e-03,8.5061e-02,1.1671e-01,4.0093e-01,1.7296e-01,1.1516e-01,9.3982e-02,2.0386e-02,1.8863e-03,6.0214e-02,5.8550e-03,3.9100e-03,2.6155e-02,-8.9712e-02,-2.3221e-01,1.5726e-01,2.8646e-01,2.0008e-01,-2.7499e-01,-8.3225e-02,-9.4974e-02,-1.0757e-01,4.4901e-02,6.9775e-02,1.0823e-01,1.4006e-02,6.9824e-02
-3.3883e-02,-9.9921e-02,-1.0339e-01,-1.2132e-01,-2.7183e-01,-4.8693e-02,8.5615e-02,3.9113e-03,5.7717e-02,-3.5219e-01,-5.9238e-02,-3.6625e-02,-1.4888e-01,-1.4925e-01,1.4630e-01,-8.1447e-03,-1.8491e-01,-2.4071e-01,6.8582e-02,-4.2170e-02,2.3353e-01,8.5529e-02,9.5944e-02,1.0804e-01,-2.5491e-02,7.9948e-02,1.5166e-01,-6.3568e-02,4.7407e-02,6.6761e-02,6.2897e-02,2.9154e-02,1.7376e-01,3.4888e-01,2.3621e-01,2.0777e-01,9.8142e-02,5.9761e-02,-1.1796e-01,5.8700e-04,-8.1677e-02,-2.8153e-02,-7.5346e-02,-1.6337e-01,-2.9449e-02,7.3018e-02,-1.0498e-01,-1.5183e-01,-1.9959e-01,-7.3788e-02,-2.1813e-01,-1.3529e-01,-1.0218e-01,8.2004e-02,-1.2390e-01,-2.4085e-01,-2.0166e-01,-9.8651e-02,5.0800e-02,-2.0082e-01,-7.8922e-02,1.1624e-01,7.2924e-02,-2.2374e-03,-9.3420e-02,-2.2552e-01,1.9494e-02,8.3389e-02,-7.6240e-02,7.8873e-02,1.3205e-01,1.1975e-01,1.4875e-01,1.7094e-01,4.5846e-02,-1.4164e-01,1.0299e-01,-5.1736e-02,1.9482e-01,1.4414e-01,1.9538e-01,-6.4009e-02,1.6717e-01,1.7012e-01,3.1664e-02,-1.4240e-02,-1.7402e-01,-1.0742e-01,-1.5502e-01,-2.5543e-03,-6.3576e-02,-3.3140e-02,-1.3130e-01,-2.1492e-01,-1.0651e-01,3.2110e-02,-1.3765e-01,7.8025e-02,-1.9297e-02,-2.5726e-02
-1.6842e-01,2.3334e-02,1.3676e-01,7.1048e-02,-1.4346e-01,-1.0909e-01,-2.3900e-01,-1.5788e-01,-3.1584e-01,-4.3997e-03,-1.0297e-01,-2.5961e-01,1.6087e-01,1.4977e-01,-9.2320e-02,-1.0012e-01,-8.3226e-02,-6.7062e-02,3.6781e-02,1.1542e-01,2.0873e-01,6.6618e-02,1.3705e-02,-1.9494e-01,5.0398e-02,9.8170e-02,1.4087e-01,1.8201e-01,1.9321e-01,1.6453e-01,1.2469e-02,2.7478e-01,3.2399e-01,2.5299e-01,1.7300e-01,-6.1916e-02,1.7003e-03,2.2502e-02,1.4511e-01,6.8087e-02,-4.7162e-02,2.5022e-02,-1.3927e-02,-2.6157e-02,-6.0396e-02,8.1419e-02,-6.9491e-02,-1.3483e-01,-1.9039e-01,-2.3172e-01,-1.7186e-01,-2.4677e-01,-9.9680e-02,-1.6486e-01,-1.8094e-01,-1.4611e-01,-5.8902e-02,1.4921e-01,7.0408e-03,-8.1378e-02,4.5217e-02,-4.7634e-02,-6.4413e-02,1.9928e-01,7.0371e-02,1.7094e-02,5.9295e-02,1.4354e-01,2.5193e-01,4.2390e-01,1.3507e-01,1.5200e-01,1.4268e-01,3.6912e-01,-3.7056e-02,-6.1610e-02,2.9137e-02,4.9445e-02,5.1175e-02,7.4068e-02,3.5977e-02,-3.1744e-02,6.3095e-02,-1.0244e-01,9.2377e-02,-6.6439e-02,-2.7731e-01,-8.7642e-02,6.0927e-03,-3.4626e-01,-3.0647e-02,8.4499e-03,-2.2805e-01,1.3315e-02,-4.4926e-02,-3.8031e-02,1.4438e-01,-1.3893e-01,-2.0688e-01,-1.4534e-01
3.6611e-01,6.8447e-02,1.0118e-01,-1.3667e-01,-8.3569e-02,1.0370e-01,5.6406e-02,-3.0875e-01,-2.7609e-02,6.2611e-02,-1.8376e-01,9.7366e-02,-5.7718e-03,-1.5876e-01,-8.4466e-02,-7.4572e-02,-3.0404e-01,9.1803e-02,-1.5572e-01,-7.2129e-02,-4.3139e-02,-1.3770e-01,2.7269e-03,4.7096e-02,6.8016e-02,7.9286e-02,8.3800e-02,6.3320e-02,-8.1940e-02,5.7504e-02,9.3539e-02,8.3720e-02,1.1725e-01,1.4540e-01,-1.4738e-02,1.9035e-01,1.3739e-01,5.0389e-02,1.1344e-01,1.1181e-01,9.4912e-02,3.2149e-01,1.0174e-01,1.6135e-02,-1.1539e-03,-1.4070e-01,-2.4417e-02,-9.8295e-02,-1.4659e-01,-2.5070e-01,1.1670e-01,1.3314e-02,-2.4527e-01,-3.2591e-01,-2.5480e-01,-1.2899e-01,-6.7028e-02,-3.7618e-02,-1.8591e-02,-5.1982e-03,-5.4275e-02,4.2333e-02,-6.1582e-02,-2.3334e-02,8.3986e-02,2.6834e-01,1.2309e-01,1.1475e-01,5.0486e-02,-6.3835e-02,1.6193e-01,5.8873e-02,-8.8662e-02,1.4727e-02,8.5433e-02,-4.5042e-02,-1.4014e-01,9.0701e-03,-2.5129e-01,4.6491e-03,3.3404e-02,4.8941e-03,-1.0368e-01,-5.2421e-02,-1.8063e-01,-6.9272e-01,2.8618e-01,7.9284e-02,-1.5452e-01,-2.3961e-01,-4.4635e-01,-1.4309e-01,2.5997e-01,2.6728e-02,3.5958e-02,-2.0321e-02,-6.6420e-02,-1.0638e-01,-1.6585e-02,6.2514e-03
-1.1626e-01,3.0379e-02,1.2751e-01,1.9091e-02,-7.1988e-02,-1.5640e-01,-1.0091e-01,-7.5152e-02,2.1946e-02,-4.9095e-02,1.5163e-01,-1.1211e-01,-1.3292e-01,-3.4721e-01,-2.2687e-01,-1.7667e-01,2.9858e-02,1.8617e-01,-1.6773e-02,-4.2574e-02,-7.1254e-02,1.4611e-03,3.4477e-02,5.5330e-02,6.1283e-02,4.2938e-02,-7.7383e-02,2.7907e-02,8.7913e-02,7.9962e-02,6.8251e-02,5.7896e-02,2.5811e-02,-6.1494e-02,8.5495e-02,1.6441e-01,2.7593e-01,3.4562e-02,1.0777e-01,3.8658e-02,-2.0910e-02,-9.6967e-02,-3.7122e-02,7.0979e-02,7.3301e-02,5.8104e-02,-7.5016e-02,-1.1539e-02,-7.5031e-02,6.3167e-03,-1.3465e-01,5.7110e-02,-1.9437e-01,-3.0686e-01,-9.2165e-02,-8.7382e-02,-1.0650e-01,-1.2875e-01,-1.4118e-01,-1.1999e-01,-7.3875e-02,-1.9923e-02,2.8251e-02,-1.6096e-02,1.1775e-03,3.4397e-02,9.9846e-02,8.4366e-02,2.3404e-01,1.9986e-01,1.3183e-01,-7.0854e-02,1.8340e-01,1.2879e-01,2.9454e-01,2.5423e-01,1.8858e-01,1.6012e-01,2.4115e-01,1.6116e-01,1.2778e-01,1.2953e-01,1.1616e-01,4.1387e-03,1.2177e-01,1.8974e-01,-7.0962e-02,-1.2259e-01,1.8048e-01,3.9695e-02,9.6594e-02,-2.4113e-03,3.5670e-02,-1.3510e-02,-2.4716e-01,-9.6489e-02,-1.1032e-01,-6.2353e-02,8.6138e-03,4.5662e-02
5.0623e-03,-7.1532e-02,-1.6367e-01,-6.6994e-02,3.2172e-01,-9.7723e-02,-2.5809e-01,1.7610e-01,-1.5614e-02,-1.2642e-01,-1.7369e-01,-1.2003e-01,-1.0525e-01,-1.0345e-01,-1.1439e-01,-7.1616e-02,2.0646e-01,-1.0903e-01,1.0363e-01,-4.9716e-02,-6.9595e-03,1.6722e-02,3.2813e-02,2.8808e-02,-7.4081e-02,2.3753e-02,9.2768e-02,8.9595e-02,8.0277e-02,6.9720e-02,4.3313e-02,-9.5028e-02,1.1262e-02,3.0101e-02,4.5546e-02,6.6621e-02,4.4632e-02,9.0543e-02,2.0425e-02,4.4335e-03,-1.7691e-02,-9.0153e-02,-6.4045e-02,2.7403e-02,-3.8852e-02,4.2612e-02,-4.9042e-02,1.8607e-02,3.2018e-02,1.0836e-01,-8.4685e-03,-2.3876e-01,-1.2259e-01,3.8209e-02,-5.4993e-02,-6.5339e-02,2.6866e-03,3.6558e-03,-1.3980e-03,-1.6312e-02,-7.0452e-02,-1.2278e-01,-1.3466e-01,2.5757e-02,1.3777e-02,1.8456e-02,1.2976e-02,-1.1379e-01,-1.0047e-02,4.6676e-02,7.4071e-02,1.4517e-01,-1.2995e-03,1.3533e-01,2.2922e-01,2.9800e-01,1.6620e-01,2.1247e-02,1.9593e-01,9.3121e-02,5.0827e-03,2.7464e-01,1.8200e-01,4.8994e-02,2.4218e-02,2.3517e-01,1.0073e-02,-7.5767e-02,-1.0808e-01,-5.6813e-02,-1.2785e-01,-1.3689e-01,-2.2864e-01,-9.0569e-02,-7.9420e-02,-6.0701e-02,-7.7899e-02,8.2844e-02,6.9890e-02,1.8619e-02
-7.6903e-02,-9.0236e-02,-1.7956e-01,-3.3887e-01,-2.7395e-01,-1.2660e-01,2.3162e-02,-7.6457e-02,-2.6511e-01,-1.2005e-01,-1.0759e-01,-9.6990e-02,-9.6351e-02,-1.0693e-01,-1.2938e-02,-1.4431e-01,1.0583e-01,-1.2326e-01,-4.4934e-02,-1.5740e-02,-2.2243e-03,-3.8267e-03,-9.2394e-02,3.3908e-03,8.6687e-02,9.1769e-02,8.8185e-02,8.1013e-02,5.6730e-02,-7.0600e-02,2.3162e-02,3.3929e-02,3.8284e-02,4.4255e-02,5.4338e-02,5.8828e-02,-1.2337e-02,-3.8114e-02,1.2999e-01,-1.2920e-02,-1.7934e-02,-2.4990e-02,-8.5766e-02,6.6206e-03,4.4576e-02,-5.9047e-02,-8.2635e-02,-1.0033e-01,-9.5053e-02,-7.1949e-02,1.2534e-02,-1.2332e-01,2.3217e-02,1.0061e-01,-2.6360e-02,2.5212e-02,-8.0703e-02,-7.9776e-02,-7.9934e-02,4.1361e-02,7.8063e-02,-8.1606e-02,-4.4964e-02,-3.6187e-02,8.3090e-03,-1.3243e-03,-2.7932e-02,9.2301e-02,8.6545e-02,-8.5003e-02,1.5350e-02,9.2316e-02,1.7179e-01,-6.5318e-02,7.3121e-02,3.3445e-01,1.1210e-01,1.2010e-02,-1.2487e-01,3.8948e-02,5.4164e-02,-6.4861e-02,-1.2715e-01,4.2157e-03,-6.8910e-02,-9.1787e-03,-5.0947e-02,2.8470e-02,-1.4430e-01,-1.6264e-01,-2.9155e-02,-1.2415e-01,-1.7726e-01,-1.5783e-01,1.9046e-01,-1.0505e-02,-1.6160e-02,8.8298e-02,2.9287e-02,1.2252e-01
-1.6224e-01,-4.2141e-02,-1.4459e-01,1.2997e-01,-2.0984e-01,2.5916e-01,-8.0343e-02,-1.3096e-01,-1.0948e-01,-1.0685e-01,-9.6674e-02,-8.3723e-02,-1.3660e-01,1.8536e-02,-9.3750e-03,1.0178e-01,-3.3864e-01,-2.7157e-02,-2.9885e-02,-3.1093e-02,-1.1361e-01,-4.0523e-02,5.9694e-02,7.3153e-02,7.8563e-02,8.1777e-02,7.8038e-02,2.3726e-02,2.7045e-01,2.6353e-01,2.0857e-01,1.9160e-01,2.0687e-01,2.6271e-01,2.8827e-01,1.0253e-01,-3.8319e-02,-9.4575e-02,-3.2138e-02,4.0321e-03,6.1809e-02,1.0765e-02,9.8793e-03,2.3929e-02,-8.1489e-02,-8.2524e-02,-9.1052e-02,-1.0137e-01,-1.0087e-02,-1.9667e-01,-2.2508e-01,-4.2811e-02,3.7167e-02,2.9972e-03,-1.9136e-02,-5.2039e-02,-8.8243e-02,-1.0876e-01,-1.3317e-01,-1.0935e-01,3.1744e-02,5.2774e-02,1.1547e-01,1.8069e-01,1.0865e-01,-1.4647e-02,2.5230e-02,2.0693e-01,1.2960e-01,1.6121e-01,8.4507e-02,1.6196e-01,1.4514e-01,6.4642e-02,4.3006e-02,-3.2423e-01,-1.0617e-01,1.1840e-01,-3.4842e-02,-1.2956e-01,-3.1368e-02,-4.3731e-02,2.4533e-02,-7.6072e-02,-1.9505e-01,-1.0032e-01,-1.8017e-01,-5.2656e-02,-1.2896e-01,-9.5388e-03,5.4513e-02,-1.9814e-02,-6.3179e-02,-1.2509e-01,-8.2322e-02,-9.4624e-03,-1.1863e-01,-8.2688e-02,1.2213e-02,3.0558e-02
1.3752e-01,4.4691e-02,-6.8236e-03,1.9049e-01,1.3093e-01,-2.1993e-01,-9.7179e-02,-9.9776e-02,-1.0574e-01,-9.8356e-02,-8.0435e-02,-1.1469e-01,-9.7381e-02,7.3247e-02,1.0867e-01,-1.5855e-01,-1.5299e-02,-9.3328e-02,-2.1598e-01,-3.0257e-01,4.9274e-03,4.5328e-02,9.0895e-02,3.1126e-01,1.4480e-01,-2.5752e-02,6.8997e-02,7.4435e-02,7.4142e-02,7.3626e-02,7.3623e-02,7.4062e-02,7.4557e-02,7.3829e-02,6.7996e-02,4.9383e-02,2.0535e-02,8.4893e-02,-3.0779e-02,1.0877e-01,-1.6768e-02,1.7755e-03,2.4264e-01,-1.5974e-01,-1.0924e-01,-9.1526e-02,-1.0668e-01,-1.2240e-01,-1.4337e-02,-1.9916e-01,-1.8410e-01,-2.0917e-01,-5.8195e-02,-1.9255e-02,3.6039e-02,9.6297e-02,2.5241e-02,-2.3137e-02,-6.6174e-02,-1.1137e-01,-5.1926e-02,-3.5808e-02,1.2215e-01,5.0326e-02,5.5443e-02,6.4753e-03,1.1182e-01,2.5475e-04,-4.8416e-02,2.5046e-02,9.4560e-04,4.4272e-02,7.1056e-02,2.7559e-01,-8.4848e-02,-6.8438e-02,7.0962e-04,1.9661e-01,4.8668e-02,-9.5482e-02,-1.0118e-01,-1.0561e-01,-4.1553e-02,6.6874e-02,-2.1650e-02,-1.9856e-02,1.1668e-02,1.4524e-02,-1.0510e-02,1.2559e-01,-7.8191e-02,4.5462e-02,-2.5210e-02,-8.2019e-02,-2.1047e-01,-5.7601e-02,-8.8610e-02,-4.0872e-01,-1.4174e-01,-1.3358e-01
5.5767e-02,-1.0696e-01,2.8476e-01,-1.4835e-02,-1.3388e-01,-7.8191e-02,-8.7328e-02,-9.8547e-02,-9.7484e-02,-8.0765e-02,-2.9625e-02,-1.4691e-01,1.2154e-01,1.2252e-01,-1.3128e-01,-2.0183e-01,-1.7446e-01,-1.4810e-01,-1.1911e-02,1.0013e-01,9.3755e-02,-6.3320e-02,-7.1743e-02,-1.3772e-01,2.8554e-02,4.8314e-02,5.5978e-02,6.1787e-02,6.6517e-02,6.9559e-02,7.0637e-02,6.9717e-02,6.6400e-02,5.9572e-02,4.7747e-02,3.0389e-02,9.8009e-03,9.2091e-02,7.3048e-03,6.5816e-02,1.3199e-01,1.4740e-02,8.3503e-02,-1.6984e-01,-1.0178e-01,-9.5414e-02,-1.2274e-01,-1.3550e-01,-9.6961e-02,-1.3190e-01,-1.4650e-01,-1.3071e-01,-1.6412e-01,-2.1890e-01,-1.5150e-01,-1.1891e-01,-1.2559e-01,-1.4676e-01,-1.4522e-01,-1.8366e-01,-1.9456e-01,-9.0630e-02,-8.2314e-02,-1.7510e-01,-1.5106e-02,1.3278e-01,1.2252e-01,1.2457e-01,9.6372e-02,1.2463e-01,2.4081e-01,2.8241e-02,1.8086e-01,4.1122e-02,5.1289e-03,8.4792e-03,9.2787e-02,5.4491e-02,1.0027e-01,1.2648e-01,7.5460e-02,4.8705e-02,-5.1764e-02,-2.4763e-02,1.4239e-01,-4.6893e-02,1.2344e-02,3.4786e-02,-1.3587e-02,-1.4377e-01,-1.1703e-01,-2.5221e-01,-3.2779e-02,5.2270e-02,-1.6575e-01,-3.1040e-01,2.1281e-01,-1.0063e-01,-8.8298e-02,-1.1944e-01
1.0505e-01,2.6606e-01,-1.1833e-02,-8.2982e-02,-6.3234e-02,-7.3777e-02,-8.1743e-02,-8.0105e-02,-7.8197e-02,-7.8101e-02,-7.2949e-02,-2.0056e-02,-2.2587e-02,-1.5329e-01,-1.5245e-01,7.0372e-02,-4.6721e-03,1.3458e-01,3.9522e-02,2.6871e-02,1.9941e-02,-7.1759e-02,-5.4994e-02,-8.1030e-02,-1.8829e-01,-8.0077e-02,1.5477e-02,4.9030e-02,6.3869e-02,7.0041e-02,7.1035e-02,6.8473e-02,6.3185e-02,5.6067e-02,4.9019e-02,6.9604e-02,9.7352e-02,5.9374e-02,4.8732e-02,2.7601e-02,7.0499e-02,9.6571e-02,-4.6434e-03,2.2711e-01,9.7506e-02,3.0751e-02,8.4907e-03,1.0367e-01,6.1123e-02,1.8536e-01,1.0400e-01,9.2954e-02,2.5015e-04,-8.7848e-02,6.7576e-03,2.5050e-02,3.9825e-02,7.8692e-02,1.2112e-01,1.2253e-01,8.1154e-02,1.4364e-02,-1.2186e-01,3.7198e-02,1.6854e-02,2.8135e-02,9.2276e-02,-3.2980e-01,-6.8711e-02,-1.2952e-02,-8.5056e-05,1.0604e-01,7.7855e-03,6.6680e-02,2.0133e-01,4.7008e-02,2.2515e-01,4.5390e-02,4.5373e-02,1.8269e-01,1.9046e-01,1.0118e-01,3.0992e-02,-4.6945e-02,7.6057e-02,8.1605e-02,-3.1283e-02,-2.7485e-03,-7.9428e-02,-1.2242e-01,-2.2006e-03,-8.8275e-02,-9.4504e-03,-2.8452e-02,-1.5518e-01,1.6046e-01,-1.7827e-03,3.1686e-01,-3.0916e-02,2.6172e-02
1.1117e-02,1.9035e-02,-6.1589e-02,-5.2099e-02,-6.1349e-02,-4.0779e-02,9.0563e-02,2.9251e-02,-1.0862e-01,-1.3870e-01,1.7484e-02,3.2529e-02,-1.4124e-01,-2.4437e-01,1.4984e-01,1.1254e-01,1.2560e-01,1.3151e-01,1.3349e-01,1.2001e-01,3.2594e-02,8.6526e-02,7.2413e-02,4.2434e-02,1.3554e-02,-6.7148e-03,-3.2767e-02,-8.2062e-02,-1.3920e-01,-1.2165e-01,-4.2258e-02,1.3538e-02,3.9944e-02,7.8610e-02,1.3112e-01,8.3336e-02,7.8368e-02,7.7935e-02,7.7121e-02,6.8430e-02,2.2508e-02,-6.0286e-02,-2.0003e-01,-9.0795e-02,3.5576e-02,1.5970e-01,5.8884e-02,9.8948e-03,-2.3296e-01,-1.2103e-01,-1.2485e-01,-9.4426e-02,-7.4781e-02,-7.0766e-02,-7.5486e-02,-8.1140e-02,-6.9935e-02,-2.3214e-02,3.1434e-02,5.7379e-02,5.5524e-02,5.6187e-02,5.4311e-03,4.3050e-02,5.2681e-02,5.6563e-02,7.8947e-02,2.0247e-01,2.3193e-02,6.1865e-02,2.3668e-01,-2.9233e-02,-3.5142e-02,-1.3957e-02,1.1413e-01,1.0002e-01,1.2815e-01,-8.6878e-02,-8.8143e-02,-3.4088e-02,-1.2907e-01,1.3227e-02,-2.0790e-01,-2.8971e-01,-2.4705e-01,-1.3830e-01,-1.5715e-01,-2.5082e-01,-1.6454e-01,-1.0127e-01,-1.6618e-02,-2.0253e-02,-3.0222e-01,-5.1086e-02,1.9677e-01,-1.6036e-01,-2.5696e-01,1.3935e-02,3.3981e-02,4.0777e-02
-7.7172e-02,-5.1601e-02,-5.0585e-02,-5.3212e-02,5.6365e-02,6.0480e-02,2.7544e-02,-3.1796e-02,1.7166e-01,1.3030e-01,3.2389e-02,-2.6926e-01,-1.7227e-01,3.6905e-02,-1.6598e-01,-1.4919e-01,-4.1638e-02,-2.4328e-02,-1.8205e-01,-5.2021e-02,-3.1545e-02,-1.4989e-02,1.4864e-02,6.6868e-02,1.4513e-01,1.1754e-01,6.4533e-02,5.2029e-02,4.2077e-02,2.8001e-02,1.1565e-02,9.0714e-02,-9.7796e-03,-1.2187e-01,-8.2885e-02,2.6155e-02,6.1464e-02,6.8300e-02,6.2332e-02,3.2800e-02,-1.1634e-01,-1.7725e-02,-7.5045e-02,-3.8514e-02,-3.6085e-02,-1.5750e-01,6.5760e-02,7.7248e-02,1.3523e-02,1.8524e-02,-2.0078e-02,-4.4067e-02,-2.1286e-02,-9.6562e-03,-1.1287e-02,-2.5895e-02,-5.3860e-02,-7.6916e-02,-2.2795e-02,1.3063e-01,-4.7413e-02,1.0305e-02,5.1907e-02,5.7949e-02,5.2009e-02,4.0920e-02,2.8682e-02,3.2147e-02,7.2575e-02,3.9777e-02,-7.0936e-02,-3.8389e-02,-1.0599e-02,-1.2761e-01,-1.2864e-01,1.4516e-01,-1.6209e-01,-2.9738e-02,1.0086e-02,3.3895e-02,1.7733e-02,6.0960e-02,1.7567e-01,1.3891e-01,1.7454e-02,-1.2132e-02,8.1156e-02,1.0093e-01,8.4068e-02,6.9549e-02,-7.1392e-02,1.5305e-01,3.3334e-02,-2.0901e-01,-6.1940e-02,1.7434e-01,-4.5056e-02,-9.7778e-02,3.2969e-02,3.2400e-02
6.8846e-02,-1.4525e-01,-4.8462e-02,1.2518e-01,1.0766e-01,-2.1126e-01,-1.4994e-01,-1.9520e-01,-1.5884e-01,-4.6775e-03,-1.8080e-01,2.9109e-01,1.5176e-01,2.4228e-01,-1.1430e-02,-5.1121e-01,-2.0588e-01,-1.8283e-01,-1.0834e-01,-7.8910e-02,-5.1173e-02,-1.8526e-02,1.8687e-02,5.8716e-02,1.0715e-01,1.9523e-01,1.3011e-01,9.3716e-02,1.6240e-01,1.8340e-01,9.3661e-02,6.8107e-02,5.0269e-02,2.8882e-02,-4.6819e-03,-6.5886e-02,-1.6915e-01,-1.9010e-01,-1.4539e-01,-2.0479e-01,-1.9399e-01,2.3631e-02,-1.2790e-01,-2.2535e-03,1.3011e-01,1.6546e-01,-1.9685e-02,-1.4171e-01,-1.0075e-01,-2.4527e-03,2.8779e-01,1.0395e-01,1.1690e-02,1.0264e-02,1.9769e-02,2.5680e-02,3.5785e-02,9.0517e-02,-1.1451e-01,-2.5523e-01,-8.8094e-02,-1.7456e-02,-2.8422e-02,-6.6946e-02,-1.0293e-01,-1.1423e-01,-8.2707e-02,1.1211e-01,-1.0012e-01,-1.6206e-01,-3.5910e-02,4.7335e-02,1.1002e-01,-2.1377e-02,4.5880e-02,9.5795e-04,-1.7660e-01,2.3610e-01,3.5401e-01,7.5206e-02,6.3271e-02,7.0647e-02,8.0354e-02,1.7961e-01,3.4446e-01,-1.1176e-01,4.4447e-02,1.1802e-01,1.2789e-01,9.0292e-02,2.4680e-01,9.9705e-02,7.8121e-03,1.9038e-01,-1.1283e-01,-3.3124e-01,3.5689e-01,-2.8608e-01,-1.1958e-01,4.6767e-02
