3.6629e-03,1.5427e-03,-3.0709e-04,-1.9029e-03,-3.2610e-03,-4.3991e-03,-5.3361e-03,-6.0919e-03,-6.6873e-03,-7.1433e-03,-7.4802e-03,-7.7171e-03,-7.8715e-03,-7.9588e-03,-7.9923e-03,-7.9834e-03,-7.9413e-03,-7.8736e-03,-7.7862e-03,-7.6837e-03,-7.5696e-03,-7.4463e-03,-7.3157e-03,-7.1787e-03,-7.0362e-03,-6.8882e-03,-6.7348e-03,-6.5759e-03,-6.4110e-03,-6.2399e-03,-6.0620e-03,-5.8773e-03,-5.6852e-03,-5.4859e-03,-5.2795e-03,-5.0663e-03,-4.8469e-03,-4.6221e-03,-4.3932e-03,-4.1617e-03,-3.9293e-03,-3.6981e-03,-3.4706e-03,-3.2494e-03,-3.0375e-03,-2.8380e-03,-2.6543e-03,-2.4897e-03,-2.3479e-03,-2.2326e-03,-2.1472e-03,-2.0955e-03,-2.0807e-03,-2.1064e-03,-2.1756e-03,-2.2912e-03,-2.4559e-03,-2.6721e-03,-2.9416e-03,-3.2664e-03,-3.6477e-03,-4.0864e-03,-4.5833e-03,-5.1384e-03,-5.7518e-03,-6.4228e-03,-7.1505e-03,-7.9340e-03,-8.7715e-03,-9.6612e-03,-1.0601e-02,-1.1589e-02,-1.2621e-02,-1.3696e-02,-1.4810e-02,-1.5959e-02,-1.7141e-02,-1.8352e-02,-1.9588e-02,-2.0845e-02,-2.2119e-02,-2.3406e-02,-2.4702e-02,-2.6003e-02,-2.7305e-02,-2.8603e-02,-2.9893e-02,-3.1171e-02,-3.2433e-02,-3.3674e-02,-3.4889e-02,-3.6075e-02,-3.7227e-02,-3.8341e-02,-3.9412e-02,-4.0437e-02,-4.1410e-02,-4.2328e-02,-4.3186e-02,-4.3979e-02
3.5087e-03,1.3422e-03,-5.5653e-04,-2.2007e-03,-3.6042e-03,-4.7826e-03,-5.7533e-03,-6.5354e-03,-7.1493e-03,-7.6158e-03,-7.9555e-03,-8.1880e-03,-8.3316e-03,-8.4023e-03,-8.4144e-03,-8.3798e-03,-8.3088e-03,-8.2095e-03,-8.0886e-03,-7.9511e-03,-7.8013e-03,-7.6420e-03,-7.4754e-03,-7.3030e-03,-7.1259e-03,-6.9444e-03,-6.7590e-03,-6.5695e-03,-6.3758e-03,-6.1777e-03,-5.9749e-03,-5.7671e-03,-5.5541e-03,-5.3358e-03,-5.1123e-03,-4.8840e-03,-4.6513e-03,-4.4149e-03,-4.1759e-03,-3.9358e-03,-3.6960e-03,-3.4586e-03,-3.2258e-03,-3.0001e-03,-2.7843e-03,-2.5813e-03,-2.3944e-03,-2.2270e-03,-2.0824e-03,-1.9642e-03,-1.8758e-03,-1.8209e-03,-1.8027e-03,-1.8246e-03,-1.8897e-03,-2.0008e-03,-2.1607e-03,-2.3715e-03,-2.6355e-03,-2.9542e-03,-3.3291e-03,-3.7611e-03,-4.2509e-03,-4.7987e-03,-5.4044e-03,-6.0675e-03,-6.7873e-03,-7.5623e-03,-8.3913e-03,-9.2724e-03,-1.0203e-02,-1.1182e-02,-1.2205e-02,-1.3271e-02,-1.4375e-02,-1.5515e-02,-1.6687e-02,-1.7887e-02,-1.9113e-02,-2.0359e-02,-2.1622e-02,-2.2898e-02,-2.4182e-02,-2.5471e-02,-2.6760e-02,-2.8045e-02,-2.9321e-02,-3.0585e-02,-3.1831e-02,-3.3056e-02,-3.4255e-02,-3.5424e-02,-3.6558e-02,-3.7652e-02,-3.8704e-02,-3.9707e-02,-4.0658e-02,-4.1552e-02,-4.2385e-02,-4.3152e-02
3.3396e-03,1.1189e-03,-8.3613e-04,-2.5356e-03,-3.9908e-03,-5.2153e-03,-6.2247e-03,-7.0375e-03,-7.6734e-03,-8.1533e-03,-8.4980e-03,-8.7279e-03,-8.8615e-03,-8.9160e-03,-8.9062e-03,-8.8453e-03,-8.7439e-03,-8.6113e-03,-8.4546e-03,-8.2798e-03,-8.0914e-03,-7.8931e-03,-7.6874e-03,-7.4763e-03,-7.2612e-03,-7.0430e-03,-6.8220e-03,-6.5987e-03,-6.3730e-03,-6.1448e-03,-5.9140e-03,-5.6803e-03,-5.4436e-03,-5.2039e-03,-4.9611e-03,-4.7156e-03,-4.4677e-03,-4.2181e-03,-3.9677e-03,-3.7177e-03,-3.4695e-03,-3.2251e-03,-2.9863e-03,-2.7556e-03,-2.5355e-03,-2.3290e-03,-2.1389e-03,-1.9687e-03,-1.8214e-03,-1.7005e-03,-1.6094e-03,-1.5517e-03,-1.5304e-03,-1.5489e-03,-1.6103e-03,-1.7174e-03,-1.8727e-03,-2.0786e-03,-2.3372e-03,-2.6502e-03,-3.0189e-03,-3.4444e-03,-3.9273e-03,-4.4678e-03,-5.0659e-03,-5.7211e-03,-6.4326e-03,-7.1992e-03,-8.0195e-03,-8.8915e-03,-9.8133e-03,-1.0782e-02,-1.1796e-02,-1.2852e-02,-1.3946e-02,-1.5075e-02,-1.6236e-02,-1.7426e-02,-1.8640e-02,-1.9874e-02,-2.1125e-02,-2.2389e-02,-2.3660e-02,-2.4936e-02,-2.6211e-02,-2.7482e-02,-2.8743e-02,-2.9991e-02,-3.1221e-02,-3.2429e-02,-3.3610e-02,-3.4759e-02,-3.5874e-02,-3.6947e-02,-3.7977e-02,-3.8957e-02,-3.9884e-02,-4.0753e-02,-4.1559e-02,-4.2299e-02
3.1555e-03,8.7335e-04,-1.1449e-03,-2.9062e-03,-4.4191e-03,-5.6948e-03,-6.7478e-03,-7.5953e-03,-8.2568e-03,-8.7529e-03,-9.1050e-03,-9.3336e-03,-9.4583e-03,-9.4968e-03,-9.4651e-03,-9.3770e-03,-9.2441e-03,-9.0764e-03,-8.8820e-03,-8.6674e-03,-8.4380e-03,-8.1977e-03,-7.9500e-03,-7.6970e-03,-7.4407e-03,-7.1823e-03,-6.9227e-03,-6.6622e-03,-6.4013e-03,-6.1399e-03,-5.8782e-03,-5.6159e-03,-5.3529e-03,-5.0893e-03,-4.8250e-03,-4.5603e-03,-4.2954e-03,-4.0309e-03,-3.7677e-03,-3.5066e-03,-3.2491e-03,-2.9968e-03,-2.7515e-03,-2.5153e-03,-2.2908e-03,-2.0805e-03,-1.8873e-03,-1.7142e-03,-1.5644e-03,-1.4412e-03,-1.3477e-03,-1.2875e-03,-1.2635e-03,-1.2792e-03,-1.3372e-03,-1.4406e-03,-1.5918e-03,-1.7932e-03,-2.0468e-03,-2.3544e-03,-2.7172e-03,-3.1364e-03,-3.6125e-03,-4.1458e-03,-4.7363e-03,-5.3836e-03,-6.0868e-03,-6.8447e-03,-7.6560e-03,-8.5188e-03,-9.4309e-03,-1.0390e-02,-1.1394e-02,-1.2439e-02,-1.3522e-02,-1.4640e-02,-1.5790e-02,-1.6968e-02,-1.8170e-02,-1.9392e-02,-2.0630e-02,-2.1880e-02,-2.3137e-02,-2.4398e-02,-2.5659e-02,-2.6913e-02,-2.8159e-02,-2.9390e-02,-3.0602e-02,-3.1791e-02,-3.2952e-02,-3.4082e-02,-3.5174e-02,-3.6226e-02,-3.7232e-02,-3.8187e-02,-3.9088e-02,-3.9930e-02,-4.0708e-02,-4.1417e-02
2.9568e-03,6.0635e-04,-1.4815e-03,-3.3105e-03,-4.8864e-03,-6.2185e-03,-7.3194e-03,-8.2055e-03,-8.8957e-03,-9.4109e-03,-9.7723e-03,-1.0001e-02,-1.0118e-02,-1.0141e-02,-1.0087e-02,-9.9713e-03,-9.8059e-03,-9.6017e-03,-9.3677e-03,-9.1112e-03,-8.8381e-03,-8.5534e-03,-8.2606e-03,-7.9628e-03,-7.6622e-03,-7.3605e-03,-7.0590e-03,-6.7583e-03,-6.4591e-03,-6.1616e-03,-5.8660e-03,-5.5723e-03,-5.2805e-03,-4.9907e-03,-4.7027e-03,-4.4168e-03,-4.1331e-03,-3.8523e-03,-3.5748e-03,-3.3016e-03,-3.0339e-03,-2.7729e-03,-2.5205e-03,-2.2786e-03,-2.0493e-03,-1.8352e-03,-1.6388e-03,-1.4632e-03,-1.3111e-03,-1.1858e-03,-1.0904e-03,-1.0280e-03,-1.0019e-03,-1.0150e-03,-1.0703e-03,-1.1704e-03,-1.3180e-03,-1.5153e-03,-1.7643e-03,-2.0668e-03,-2.4240e-03,-2.8370e-03,-3.3066e-03,-3.8328e-03,-4.4159e-03,-5.0551e-03,-5.7499e-03,-6.4991e-03,-7.3012e-03,-8.1544e-03,-9.0566e-03,-1.0005e-02,-1.0998e-02,-1.2032e-02,-1.3104e-02,-1.4211e-02,-1.5348e-02,-1.6514e-02,-1.7702e-02,-1.8911e-02,-2.0135e-02,-2.1370e-02,-2.2613e-02,-2.3858e-02,-2.5102e-02,-2.6340e-02,-2.7568e-02,-2.8780e-02,-2.9973e-02,-3.1142e-02,-3.2283e-02,-3.3390e-02,-3.4460e-02,-3.5487e-02,-3.6467e-02,-3.7396e-02,-3.8270e-02,-3.9082e-02,-3.9829e-02,-4.0507e-02
2.7440e-03,3.1924e-04,-1.8440e-03,-3.7460e-03,-5.3899e-03,-6.7826e-03,-7.9354e-03,-8.8636e-03,-9.5857e-03,-1.0122e-02,-1.0495e-02,-1.0726e-02,-1.0836e-02,-1.0844e-02,-1.0768e-02,-1.0624e-02,-1.0425e-02,-1.0183e-02,-9.9076e-03,-9.6072e-03,-9.2884e-03,-8.9565e-03,-8.6161e-03,-8.2707e-03,-7.9230e-03,-7.5750e-03,-7.2285e-03,-6.8846e-03,-6.5442e-03,-6.2078e-03,-5.8756e-03,-5.5480e-03,-5.2249e-03,-4.9065e-03,-4.5927e-03,-4.2838e-03,-3.9797e-03,-3.6810e-03,-3.3881e-03,-3.1017e-03,-2.8228e-03,-2.5526e-03,-2.2926e-03,-2.0445e-03,-1.8104e-03,-1.5923e-03,-1.3930e-03,-1.2149e-03,-1.0609e-03,-9.3393e-04,-8.3694e-04,-7.7304e-04,-7.4515e-04,-7.5632e-04,-8.0925e-04,-9.0669e-04,-1.0512e-03,-1.2448e-03,-1.4897e-03,-1.7874e-03,-2.1394e-03,-2.5466e-03,-3.0097e-03,-3.5291e-03,-4.1046e-03,-4.7360e-03,-5.4223e-03,-6.1625e-03,-6.9551e-03,-7.7984e-03,-8.6903e-03,-9.6284e-03,-1.0610e-02,-1.1632e-02,-1.2692e-02,-1.3786e-02,-1.4911e-02,-1.6063e-02,-1.7238e-02,-1.8432e-02,-1.9641e-02,-2.0861e-02,-2.2087e-02,-2.3316e-02,-2.4542e-02,-2.5762e-02,-2.6970e-02,-2.8163e-02,-2.9335e-02,-3.0482e-02,-3.1600e-02,-3.2684e-02,-3.3729e-02,-3.4730e-02,-3.5683e-02,-3.6584e-02,-3.7427e-02,-3.8208e-02,-3.8923e-02,-3.9566e-02
2.5182e-03,1.3560e-05,-2.2301e-03,-4.2097e-03,-5.9257e-03,-7.3830e-03,-8.5913e-03,-9.5647e-03,-1.0321e-02,-1.0882e-02,-1.1268e-02,-1.1502e-02,-1.1606e-02,-1.1599e-02,-1.1501e-02,-1.1329e-02,-1.1096e-02,-1.0815e-02,-1.0497e-02,-1.0151e-02,-9.7845e-03,-9.4034e-03,-9.0129e-03,-8.6172e-03,-8.2196e-03,-7.8227e-03,-7.4285e-03,-7.0386e-03,-6.6542e-03,-6.2761e-03,-5.9048e-03,-5.5408e-03,-5.1841e-03,-4.8351e-03,-4.4935e-03,-4.1597e-03,-3.8337e-03,-3.5157e-03,-3.2061e-03,-2.9055e-03,-2.6148e-03,-2.3347e-03,-2.0667e-03,-1.8122e-03,-1.5731e-03,-1.3513e-03,-1.1490e-03,-9.6878e-04,-8.1322e-04,-6.8494e-04,-5.8693e-04,-5.2197e-04,-4.9295e-04,-5.0272e-04,-5.5398e-04,-6.4929e-04,-7.9123e-04,-9.8174e-04,-1.2229e-03,-1.5164e-03,-1.8634e-03,-2.2651e-03,-2.7221e-03,-3.2348e-03,-3.8029e-03,-4.4263e-03,-5.1041e-03,-5.8352e-03,-6.6182e-03,-7.4514e-03,-8.3326e-03,-9.2595e-03,-1.0229e-02,-1.1239e-02,-1.2287e-02,-1.3367e-02,-1.4478e-02,-1.5616e-02,-1.6776e-02,-1.7954e-02,-1.9147e-02,-2.0350e-02,-2.1559e-02,-2.2770e-02,-2.3977e-02,-2.5178e-02,-2.6366e-02,-2.7537e-02,-2.8687e-02,-2.9811e-02,-3.0904e-02,-3.1963e-02,-3.2981e-02,-3.3954e-02,-3.4878e-02,-3.5749e-02,-3.6560e-02,-3.7308e-02,-3.7988e-02,-3.8594e-02
2.2804e-03,-3.0877e-04,-2.6370e-03,-4.6983e-03,-6.4901e-03,-8.0153e-03,-9.2819e-03,-1.0303e-02,-1.1097e-02,-1.1683e-02,-1.2084e-02,-1.2323e-02,-1.2422e-02,-1.2401e-02,-1.2282e-02,-1.2081e-02,-1.1813e-02,-1.1493e-02,-1.1131e-02,-1.0738e-02,-1.0321e-02,-9.8891e-03,-9.4464e-03,-8.9982e-03,-8.5482e-03,-8.0998e-03,-7.6553e-03,-7.2169e-03,-6.7860e-03,-6.3638e-03,-5.9510e-03,-5.5483e-03,-5.1559e-03,-4.7741e-03,-4.4031e-03,-4.0427e-03,-3.6933e-03,-3.3548e-03,-3.0275e-03,-2.7119e-03,-2.4085e-03,-2.1180e-03,-1.8417e-03,-1.5807e-03,-1.3366e-03,-1.1110e-03,-9.0618e-04,-7.2417e-04,-5.6741e-04,-4.3847e-04,-3.3992e-04,-2.7456e-04,-2.4501e-04,-2.5406e-04,-3.0425e-04,-3.9813e-04,-5.3800e-04,-7.2598e-04,-9.6400e-04,-1.2536e-03,-1.5962e-03,-1.9927e-03,-2.4439e-03,-2.9499e-03,-3.5109e-03,-4.1263e-03,-4.7956e-03,-5.5175e-03,-6.2907e-03,-7.1134e-03,-7.9835e-03,-8.8988e-03,-9.8564e-03,-1.0854e-02,-1.1887e-02,-1.2954e-02,-1.4051e-02,-1.5173e-02,-1.6317e-02,-1.7479e-02,-1.8655e-02,-1.9840e-02,-2.1030e-02,-2.2221e-02,-2.3409e-02,-2.4588e-02,-2.5754e-02,-2.6902e-02,-2.8028e-02,-2.9127e-02,-3.0195e-02,-3.1226e-02,-3.2215e-02,-3.3159e-02,-3.4052e-02,-3.4890e-02,-3.5667e-02,-3.6379e-02,-3.7022e-02,-3.7590e-02
2.0319e-03,-6.4556e-04,-3.0621e-03,-5.2081e-03,-7.0787e-03,-8.6743e-03,-1.0002e-02,-1.1073e-02,-1.1906e-02,-1.2519e-02,-1.2937e-02,-1.3182e-02,-1.3277e-02,-1.3243e-02,-1.3102e-02,-1.2873e-02,-1.2570e-02,-1.2209e-02,-1.1803e-02,-1.1361e-02,-1.0894e-02,-1.0409e-02,-9.9118e-03,-9.4090e-03,-8.9046e-03,-8.4024e-03,-7.9054e-03,-7.4161e-03,-6.9364e-03,-6.4677e-03,-6.0113e-03,-5.5678e-03,-5.1377e-03,-4.7215e-03,-4.3191e-03,-3.9308e-03,-3.5566e-03,-3.1964e-03,-2.8505e-03,-2.5190e-03,-2.2024e-03,-1.9013e-03,-1.6164e-03,-1.3488e-03,-1.0997e-03,-8.7074e-04,-6.6358e-04,-4.8023e-04,-3.2284e-04,-1.9375e-04,-9.5386e-05,-3.0223e-05,-9.0152e-07,-9.9055e-06,-5.9813e-05,-1.5285e-04,-2.9144e-04,-4.7748e-04,-7.1290e-04,-9.9926e-04,-1.3378e-03,-1.7295e-03,-2.1751e-03,-2.6748e-03,-3.2287e-03,-3.8364e-03,-4.4970e-03,-5.2097e-03,-5.9728e-03,-6.7848e-03,-7.6435e-03,-8.5466e-03,-9.4915e-03,-1.0475e-02,-1.1495e-02,-1.2547e-02,-1.3628e-02,-1.4734e-02,-1.5861e-02,-1.7005e-02,-1.8163e-02,-1.9329e-02,-2.0500e-02,-2.1670e-02,-2.2836e-02,-2.3992e-02,-2.5134e-02,-2.6258e-02,-2.7359e-02,-2.8431e-02,-2.9470e-02,-3.0472e-02,-3.1432e-02,-3.2343e-02,-3.3203e-02,-3.4006e-02,-3.4747e-02,-3.5422e-02,-3.6025e-02,-3.6552e-02
1.7744e-03,-9.9456e-04,-3.5020e-03,-5.7352e-03,-7.6866e-03,-9.3548e-03,-1.0745e-02,-1.1868e-02,-1.2741e-02,-1.3384e-02,-1.3820e-02,-1.4071e-02,-1.4163e-02,-1.4117e-02,-1.3956e-02,-1.3697e-02,-1.3360e-02,-1.2958e-02,-1.2506e-02,-1.2015e-02,-1.1496e-02,-1.0956e-02,-1.0404e-02,-9.8446e-03,-9.2838e-03,-8.7260e-03,-8.1744e-03,-7.6321e-03,-7.1016e-03,-6.5845e-03,-6.0824e-03,-5.5962e-03,-5.1267e-03,-4.6743e-03,-4.2393e-03,-3.8216e-03,-3.4214e-03,-3.0386e-03,-2.6732e-03,-2.3253e-03,-1.9951e-03,-1.6830e-03,-1.3894e-03,-1.1152e-03,-8.6140e-04,-6.2925e-04,-4.2022e-04,-2.3606e-04,-7.8645e-05,4.9908e-05,1.4741e-04,2.1153e-04,2.3986e-04,2.3007e-04,1.7974e-04,8.6669e-05,-5.1271e-05,-2.3612e-04,-4.6959e-04,-7.5323e-04,-1.0882e-03,-1.4756e-03,-1.9161e-03,-2.4097e-03,-2.9567e-03,-3.5567e-03,-4.2088e-03,-4.9120e-03,-5.6649e-03,-6.4658e-03,-7.3128e-03,-8.2034e-03,-9.1350e-03,-1.0105e-02,-1.1109e-02,-1.2146e-02,-1.3210e-02,-1.4299e-02,-1.5409e-02,-1.6534e-02,-1.7672e-02,-1.8818e-02,-1.9967e-02,-2.1115e-02,-2.2258e-02,-2.3390e-02,-2.4507e-02,-2.5605e-02,-2.6678e-02,-2.7722e-02,-2.8731e-02,-2.9702e-02,-3.0629e-02,-3.1507e-02,-3.2331e-02,-3.3097e-02,-3.3800e-02,-3.4434e-02,-3.4995e-02,-3.5478e-02
1.5095e-03,-1.3531e-03,-3.9533e-03,-6.2755e-03,-8.3093e-03,-1.0051e-02,-1.1505e-02,-1.2682e-02,-1.3597e-02,-1.4270e-02,-1.4724e-02,-1.4984e-02,-1.5074e-02,-1.5016e-02,-1.4834e-02,-1.4547e-02,-1.4175e-02,-1.3732e-02,-1.3234e-02,-1.2694e-02,-1.2121e-02,-1.1526e-02,-1.0917e-02,-1.0300e-02,-9.6810e-03,-9.0657e-03,-8.4578e-03,-7.8608e-03,-7.2776e-03,-6.7104e-03,-6.1609e-03,-5.6304e-03,-5.1199e-03,-4.6299e-03,-4.1608e-03,-3.7127e-03,-3.2855e-03,-2.8792e-03,-2.4937e-03,-2.1289e-03,-1.7847e-03,-1.4613e-03,-1.1591e-03,-8.7846e-04,-6.2023e-04,-3.8533e-04,-1.7496e-04,9.3728e-06,1.6608e-04,2.9331e-04,3.8914e-04,4.5137e-04,4.7782e-04,4.6633e-04,4.1471e-04,3.2080e-04,1.8259e-04,-1.7956e-06,-2.3404e-04,-5.1552e-04,-8.4767e-04,-1.2312e-03,-1.6668e-03,-2.1548e-03,-2.6951e-03,-3.2874e-03,-3.9310e-03,-4.6248e-03,-5.3674e-03,-6.1571e-03,-6.9919e-03,-7.8694e-03,-8.7871e-03,-9.7421e-03,-1.0731e-02,-1.1751e-02,-1.2799e-02,-1.3869e-02,-1.4960e-02,-1.6065e-02,-1.7182e-02,-1.8307e-02,-1.9433e-02,-2.0558e-02,-2.1675e-02,-2.2782e-02,-2.3872e-02,-2.4942e-02,-2.5985e-02,-2.6999e-02,-2.7977e-02,-2.8914e-02,-2.9806e-02,-3.0648e-02,-3.1435e-02,-3.2161e-02,-3.2823e-02,-3.3415e-02,-3.3931e-02,-3.4367e-02
1.2393e-03,-1.7184e-03,-4.4126e-03,-6.8245e-03,-8.9413e-03,-1.0758e-02,-1.2277e-02,-1.3507e-02,-1.4464e-02,-1.5169e-02,-1.5643e-02,-1.5912e-02,-1.6000e-02,-1.5931e-02,-1.5729e-02,-1.5415e-02,-1.5007e-02,-1.4524e-02,-1.3980e-02,-1.3389e-02,-1.2763e-02,-1.2112e-02,-1.1444e-02,-1.0768e-02,-1.0091e-02,-9.4165e-03,-8.7509e-03,-8.0978e-03,-7.4604e-03,-6.8414e-03,-6.2431e-03,-5.6669e-03,-5.1140e-03,-4.5851e-03,-4.0808e-03,-3.6012e-03,-3.1463e-03,-2.7158e-03,-2.3096e-03,-1.9275e-03,-1.5692e-03,-1.2346e-03,-9.2381e-04,-6.3704e-04,-3.7477e-04,-1.3762e-04,7.3366e-05,2.5721e-04,4.1239e-04,5.3742e-04,6.3056e-04,6.8994e-04,7.1356e-04,6.9945e-04,6.4554e-04,5.4987e-04,4.1052e-04,2.2576e-04,-5.9791e-06,-2.8621e-04,-6.1603e-04,-9.9626e-04,-1.4276e-03,-1.9103e-03,-2.4442e-03,-3.0291e-03,-3.6642e-03,-4.3484e-03,-5.0805e-03,-5.8588e-03,-6.6810e-03,-7.5451e-03,-8.4485e-03,-9.3881e-03,-1.0361e-02,-1.1364e-02,-1.2393e-02,-1.3444e-02,-1.4514e-02,-1.5599e-02,-1.6694e-02,-1.7795e-02,-1.8897e-02,-1.9997e-02,-2.1088e-02,-2.2167e-02,-2.3229e-02,-2.4269e-02,-2.5281e-02,-2.6262e-02,-2.7206e-02,-2.8108e-02,-2.8963e-02,-2.9766e-02,-3.0513e-02,-3.1198e-02,-3.1816e-02,-3.2362e-02,-3.2831e-02,-3.3218e-02
9.6593e-04,-2.0877e-03,-4.8761e-03,-7.3778e-03,-9.5778e-03,-1.1469e-02,-1.3053e-02,-1.4337e-02,-1.5337e-02,-1.6073e-02,-1.6568e-02,-1.6846e-02,-1.6934e-02,-1.6855e-02,-1.6634e-02,-1.6292e-02,-1.5850e-02,-1.5326e-02,-1.4737e-02,-1.4095e-02,-1.3415e-02,-1.2707e-02,-1.1981e-02,-1.1245e-02,-1.0507e-02,-9.7733e-03,-9.0488e-03,-8.3383e-03,-7.6455e-03,-6.9736e-03,-6.3251e-03,-5.7020e-03,-5.1056e-03,-4.5369e-03,-3.9964e-03,-3.4845e-03,-3.0011e-03,-2.5459e-03,-2.1187e-03,-1.7190e-03,-1.3465e-03,-1.0008e-03,-6.8166e-04,-3.8911e-04,-1.2333e-04,1.1532e-04,3.2630e-04,5.0869e-04,6.6147e-04,7.8328e-04,8.7275e-04,9.2822e-04,9.4788e-04,9.3006e-04,8.7279e-04,7.7431e-04,6.3284e-04,4.4674e-04,2.1453e-04,-6.5129e-05,-3.9338e-04,-7.7096e-04,-1.1985e-03,-1.6763e-03,-2.2041e-03,-2.7818e-03,-3.4086e-03,-4.0833e-03,-4.8049e-03,-5.5713e-03,-6.3809e-03,-7.2311e-03,-8.1194e-03,-9.0430e-03,-9.9988e-03,-1.0983e-02,-1.1993e-02,-1.3025e-02,-1.4074e-02,-1.5136e-02,-1.6208e-02,-1.7284e-02,-1.8361e-02,-1.9433e-02,-2.0496e-02,-2.1546e-02,-2.2577e-02,-2.3585e-02,-2.4564e-02,-2.5510e-02,-2.6418e-02,-2.7283e-02,-2.8099e-02,-2.8861e-02,-2.9565e-02,-3.0206e-02,-3.0777e-02,-3.1275e-02,-3.1695e-02,-3.2030e-02
6.9162e-04,-2.4576e-03,-5.3398e-03,-7.9307e-03,-1.0213e-02,-1.2178e-02,-1.3826e-02,-1.5165e-02,-1.6208e-02,-1.6976e-02,-1.7491e-02,-1.7780e-02,-1.7868e-02,-1.7779e-02,-1.7540e-02,-1.7172e-02,-1.6696e-02,-1.6132e-02,-1.5496e-02,-1.4804e-02,-1.4070e-02,-1.3305e-02,-1.2520e-02,-1.1724e-02,-1.0925e-02,-1.0131e-02,-9.3466e-03,-8.5777e-03,-7.8285e-03,-7.1026e-03,-6.4030e-03,-5.7319e-03,-5.0911e-03,-4.4817e-03,-3.9043e-03,-3.3594e-03,-2.8470e-03,-2.3667e-03,-1.9183e-03,-1.5009e-03,-1.1142e-03,-7.5762e-04,-4.3060e-04,-1.3284e-04,1.3579e-04,3.7531e-04,5.8529e-04,7.6532e-04,9.1463e-04,1.0321e-03,1.1167e-03,1.1671e-03,1.1816e-03,1.1588e-03,1.0971e-03,9.9461e-04,8.4994e-04,6.6146e-04,4.2781e-04,1.4776e-04,-1.7969e-04,-5.5532e-04,-9.7970e-04,-1.4530e-03,-1.9753e-03,-2.5461e-03,-3.1647e-03,-3.8300e-03,-4.5409e-03,-5.2954e-03,-6.0918e-03,-6.9277e-03,-7.8006e-03,-8.7075e-03,-9.6454e-03,-1.0611e-02,-1.1601e-02,-1.2611e-02,-1.3637e-02,-1.4676e-02,-1.5723e-02,-1.6773e-02,-1.7823e-02,-1.8866e-02,-1.9900e-02,-2.0919e-02,-2.1917e-02,-2.2891e-02,-2.3835e-02,-2.4744e-02,-2.5614e-02,-2.6438e-02,-2.7212e-02,-2.7931e-02,-2.8590e-02,-2.9184e-02,-2.9706e-02,-3.0153e-02,-3.0519e-02,-3.0799e-02
4.1896e-04,-2.8250e-03,-5.7997e-03,-8.4785e-03,-1.0842e-02,-1.2880e-02,-1.4592e-02,-1.5983e-02,-1.7069e-02,-1.7869e-02,-1.8406e-02,-1.8705e-02,-1.8793e-02,-1.8696e-02,-1.8439e-02,-1.8045e-02,-1.7536e-02,-1.6932e-02,-1.6251e-02,-1.5510e-02,-1.4722e-02,-1.3900e-02,-1.3056e-02,-1.2200e-02,-1.1340e-02,-1.0484e-02,-9.6393e-03,-8.8114e-03,-8.0050e-03,-7.2244e-03,-6.4729e-03,-5.7531e-03,-5.0670e-03,-4.4162e-03,-3.8014e-03,-3.2231e-03,-2.6812e-03,-2.1756e-03,-1.7057e-03,-1.2708e-03,-8.7016e-04,-5.0298e-04,-1.6848e-04,1.3390e-04,4.0463e-04,6.4406e-04,8.5215e-04,1.0287e-03,1.1733e-03,1.2853e-03,1.3638e-03,1.4077e-03,1.4158e-03,1.3868e-03,1.3191e-03,1.2115e-03,1.0623e-03,8.7032e-04,6.3415e-04,3.5276e-04,2.5164e-05,-3.4939e-04,-7.7136e-04,-1.2409e-03,-1.7579e-03,-2.3221e-03,-2.9328e-03,-3.5888e-03,-4.2889e-03,-5.0315e-03,-5.8145e-03,-6.6357e-03,-7.4925e-03,-8.3821e-03,-9.3014e-03,-1.0247e-02,-1.1216e-02,-1.2203e-02,-1.3206e-02,-1.4220e-02,-1.5240e-02,-1.6263e-02,-1.7284e-02,-1.8297e-02,-1.9299e-02,-2.0285e-02,-2.1249e-02,-2.2187e-02,-2.3093e-02,-2.3963e-02,-2.4792e-02,-2.5573e-02,-2.6303e-02,-2.6976e-02,-2.7587e-02,-2.8131e-02,-2.8601e-02,-2.8994e-02,-2.9304e-02,-2.9526e-02
1.5064e-04,-3.1864e-03,-6.2517e-03,-9.0163e-03,-1.1459e-02,-1.3568e-02,-1.5342e-02,-1.6786e-02,-1.7914e-02,-1.8745e-02,-1.9303e-02,-1.9613e-02,-1.9703e-02,-1.9598e-02,-1.9323e-02,-1.8905e-02,-1.8364e-02,-1.7721e-02,-1.6996e-02,-1.6205e-02,-1.5364e-02,-1.4486e-02,-1.3583e-02,-1.2666e-02,-1.1745e-02,-1.0828e-02,-9.9224e-03,-9.0349e-03,-8.1709e-03,-7.3349e-03,-6.5309e-03,-5.7618e-03,-5.0300e-03,-4.3372e-03,-3.6845e-03,-3.0723e-03,-2.5008e-03,-1.9697e-03,-1.4784e-03,-1.0261e-03,-6.1173e-04,-2.3435e-04,1.0699e-04,4.1329e-04,6.8530e-04,9.2360e-04,1.1287e-03,1.3006e-03,1.4393e-03,1.5444e-03,1.6153e-03,1.6514e-03,1.6516e-03,1.6148e-03,1.5399e-03,1.4256e-03,1.2707e-03,1.0738e-03,8.3394e-04,5.5007e-04,2.2128e-04,-1.5307e-04,-5.7338e-04,-1.0398e-03,-1.5523e-03,-2.1104e-03,-2.7133e-03,-3.3602e-03,-4.0497e-03,-4.7801e-03,-5.5495e-03,-6.3556e-03,-7.1959e-03,-8.0676e-03,-8.9676e-03,-9.8924e-03,-1.0839e-02,-1.1803e-02,-1.2781e-02,-1.3768e-02,-1.4761e-02,-1.5754e-02,-1.6744e-02,-1.7726e-02,-1.8694e-02,-1.9645e-02,-2.0572e-02,-2.1472e-02,-2.2338e-02,-2.3167e-02,-2.3952e-02,-2.4688e-02,-2.5371e-02,-2.5995e-02,-2.6555e-02,-2.7046e-02,-2.7462e-02,-2.7797e-02,-2.8048e-02,-2.8208e-02
-1.1044e-04,-3.5380e-03,-6.6915e-03,-9.5393e-03,-1.2059e-02,-1.4237e-02,-1.6071e-02,-1.7565e-02,-1.8734e-02,-1.9597e-02,-2.0176e-02,-2.0498e-02,-2.0589e-02,-2.0476e-02,-2.0186e-02,-1.9744e-02,-1.9172e-02,-1.8492e-02,-1.7723e-02,-1.6884e-02,-1.5990e-02,-1.5056e-02,-1.4095e-02,-1.3118e-02,-1.2136e-02,-1.1157e-02,-1.0191e-02,-9.2440e-03,-8.3221e-03,-7.4304e-03,-6.5735e-03,-5.7547e-03,-4.9767e-03,-4.2415e-03,-3.5505e-03,-2.9042e-03,-2.3029e-03,-1.7463e-03,-1.2336e-03,-7.6405e-04,-3.3636e-04,5.0634e-05,3.9823e-04,7.0762e-04,9.7995e-04,1.2161e-03,1.4169e-03,1.5829e-03,1.7142e-03,1.8109e-03,1.8729e-03,1.8995e-03,1.8902e-03,1.8441e-03,1.7604e-03,1.6380e-03,1.4756e-03,1.2726e-03,1.0276e-03,7.3997e-04,4.0886e-04,3.3658e-05,-3.8593e-04,-8.5003e-04,-1.3585e-03,-1.9110e-03,-2.5068e-03,-3.1449e-03,-3.8238e-03,-4.5420e-03,-5.2976e-03,-6.0883e-03,-6.9116e-03,-7.7646e-03,-8.6445e-03,-9.5478e-03,-1.0471e-02,-1.1410e-02,-1.2362e-02,-1.3322e-02,-1.4285e-02,-1.5248e-02,-1.6205e-02,-1.7153e-02,-1.8086e-02,-1.8999e-02,-1.9887e-02,-2.0746e-02,-2.1570e-02,-2.2355e-02,-2.3094e-02,-2.3782e-02,-2.4416e-02,-2.4988e-02,-2.5494e-02,-2.5929e-02,-2.6286e-02,-2.6561e-02,-2.6749e-02,-2.6844e-02
-3.6125e-04,-3.8764e-03,-7.1146e-03,-1.0042e-02,-1.2636e-02,-1.4880e-02,-1.6772e-02,-1.8316e-02,-1.9524e-02,-2.0417e-02,-2.1017e-02,-2.1351e-02,-2.1444e-02,-2.1325e-02,-2.1021e-02,-2.0555e-02,-1.9953e-02,-1.9237e-02,-1.8426e-02,-1.7540e-02,-1.6595e-02,-1.5606e-02,-1.4587e-02,-1.3550e-02,-1.2508e-02,-1.1469e-02,-1.0442e-02,-9.4348e-03,-8.4548e-03,-7.5073e-03,-6.5972e-03,-5.7284e-03,-4.9040e-03,-4.1262e-03,-3.3966e-03,-2.7160e-03,-2.0848e-03,-1.5026e-03,-9.6876e-04,-4.8223e-04,-4.1611e-05,3.5449e-04,7.0757e-04,1.0192e-03,1.2908e-03,1.5237e-03,1.7190e-03,1.8776e-03,2.0001e-03,2.0869e-03,2.1382e-03,2.1537e-03,2.1332e-03,2.0761e-03,1.9818e-03,1.8495e-03,1.6783e-03,1.4674e-03,1.2159e-03,9.2306e-04,5.8835e-04,2.1109e-04,-2.0883e-04,-6.7165e-04,-1.1770e-03,-1.7246e-03,-2.3136e-03,-2.9431e-03,-3.6117e-03,-4.3177e-03,-5.0594e-03,-5.8344e-03,-6.6403e-03,-7.4742e-03,-8.3332e-03,-9.2140e-03,-1.0113e-02,-1.1026e-02,-1.1950e-02,-1.2881e-02,-1.3813e-02,-1.4744e-02,-1.5667e-02,-1.6578e-02,-1.7474e-02,-1.8347e-02,-1.9195e-02,-2.0011e-02,-2.0790e-02,-2.1527e-02,-2.2218e-02,-2.2856e-02,-2.3436e-02,-2.3953e-02,-2.4402e-02,-2.4778e-02,-2.5074e-02,-2.5285e-02,-2.5407e-02,-2.5433e-02
-5.9873e-04,-4.1977e-03,-7.5168e-03,-1.0521e-02,-1.3185e-02,-1.5492e-02,-1.7439e-02,-1.9030e-02,-2.0277e-02,-2.1200e-02,-2.1821e-02,-2.2166e-02,-2.2262e-02,-2.2138e-02,-2.1820e-02,-2.1333e-02,-2.0703e-02,-1.9952e-02,-1.9100e-02,-1.8168e-02,-1.7173e-02,-1.6130e-02,-1.5055e-02,-1.3960e-02,-1.2857e-02,-1.1757e-02,-1.0670e-02,-9.6039e-03,-8.5659e-03,-7.5625e-03,-6.5992e-03,-5.6801e-03,-4.8090e-03,-3.9884e-03,-3.2201e-03,-2.5052e-03,-1.8440e-03,-1.2363e-03,-6.8130e-04,-1.7807e-04,2.7507e-04,6.7962e-04,1.0375e-03,1.3505e-03,1.6203e-03,1.8488e-03,2.0372e-03,2.1870e-03,2.2991e-03,2.3743e-03,2.4130e-03,2.4157e-03,2.3821e-03,2.3122e-03,2.2055e-03,2.0615e-03,1.8796e-03,1.6591e-03,1.3993e-03,1.0999e-03,7.6002e-04,3.7940e-04,-4.2100e-05,-5.0461e-04,-1.0078e-03,-1.5512e-03,-2.1341e-03,-2.7555e-03,-3.4140e-03,-4.1081e-03,-4.8358e-03,-5.5949e-03,-6.3830e-03,-7.1973e-03,-8.0347e-03,-8.8921e-03,-9.7658e-03,-1.0652e-02,-1.1547e-02,-1.2447e-02,-1.3347e-02,-1.4243e-02,-1.5130e-02,-1.6004e-02,-1.6859e-02,-1.7691e-02,-1.8495e-02,-1.9265e-02,-1.9997e-02,-2.0685e-02,-2.1324e-02,-2.1908e-02,-2.2432e-02,-2.2892e-02,-2.3280e-02,-2.3593e-02,-2.3824e-02,-2.3968e-02,-2.4020e-02,-2.3974e-02
-8.1990e-04,-4.4983e-03,-7.8938e-03,-1.0970e-02,-1.3700e-02,-1.6067e-02,-1.8067e-02,-1.9703e-02,-2.0987e-02,-2.1938e-02,-2.2579e-02,-2.2936e-02,-2.3036e-02,-2.2908e-02,-2.2577e-02,-2.2071e-02,-2.1414e-02,-2.0630e-02,-1.9739e-02,-1.8763e-02,-1.7719e-02,-1.6624e-02,-1.5494e-02,-1.4341e-02,-1.3180e-02,-1.2020e-02,-1.0874e-02,-9.7483e-03,-8.6526e-03,-7.5935e-03,-6.5769e-03,-5.6076e-03,-4.6897e-03,-3.8261e-03,-3.0189e-03,-2.2694e-03,-1.5781e-03,-9.4492e-04,-3.6902e-04,1.5069e-04,6.1590e-04,1.0284e-03,1.3904e-03,1.7038e-03,1.9708e-03,2.1935e-03,2.3738e-03,2.5132e-03,2.6133e-03,2.6751e-03,2.6996e-03,2.6874e-03,2.6388e-03,2.5541e-03,2.4329e-03,2.2752e-03,2.0807e-03,1.8488e-03,1.5790e-03,1.2711e-03,9.2446e-04,5.3902e-04,1.1453e-04,-3.4880e-04,-8.5085e-04,-1.3910e-03,-1.9686e-03,-2.5825e-03,-3.2313e-03,-3.9137e-03,-4.6275e-03,-5.3706e-03,-6.1406e-03,-6.9348e-03,-7.7500e-03,-8.5832e-03,-9.4307e-03,-1.0289e-02,-1.1154e-02,-1.2021e-02,-1.2887e-02,-1.3747e-02,-1.4596e-02,-1.5430e-02,-1.6243e-02,-1.7031e-02,-1.7789e-02,-1.8511e-02,-1.9192e-02,-1.9828e-02,-2.0412e-02,-2.0939e-02,-2.1405e-02,-2.1802e-02,-2.2127e-02,-2.2374e-02,-2.2536e-02,-2.2609e-02,-2.2587e-02,-2.2465e-02
-1.0218e-03,-4.7746e-03,-8.2417e-03,-1.1385e-02,-1.4177e-02,-1.6600e-02,-1.8649e-02,-2.0328e-02,-2.1647e-02,-2.2626e-02,-2.3287e-02,-2.3656e-02,-2.3761e-02,-2.3629e-02,-2.3287e-02,-2.2763e-02,-2.2082e-02,-2.1266e-02,-2.0339e-02,-1.9321e-02,-1.8231e-02,-1.7085e-02,-1.5901e-02,-1.4693e-02,-1.3473e-02,-1.2255e-02,-1.1049e-02,-9.8658e-03,-8.7128e-03,-7.5982e-03,-6.5284e-03,-5.5089e-03,-4.5440e-03,-3.6373e-03,-2.7911e-03,-2.0069e-03,-1.2854e-03,-6.2669e-04,-2.9940e-05,5.0606e-04,9.8301e-04,1.4030e-03,1.7683e-03,2.0814e-03,2.3446e-03,2.5604e-03,2.7310e-03,2.8586e-03,2.9449e-03,2.9916e-03,2.9999e-03,2.9709e-03,2.9053e-03,2.8035e-03,2.6659e-03,2.4925e-03,2.2831e-03,2.0377e-03,1.7560e-03,1.4376e-03,1.0825e-03,6.9049e-04,2.6155e-04,-2.0418e-04,-7.0634e-04,-1.2444e-03,-1.8175e-03,-2.4246e-03,-3.0643e-03,-3.7353e-03,-4.4354e-03,-5.1625e-03,-5.9143e-03,-6.6879e-03,-7.4803e-03,-8.2885e-03,-9.1089e-03,-9.9377e-03,-1.0771e-02,-1.1605e-02,-1.2435e-02,-1.3257e-02,-1.4066e-02,-1.4857e-02,-1.5626e-02,-1.6368e-02,-1.7077e-02,-1.7748e-02,-1.8376e-02,-1.8956e-02,-1.9483e-02,-1.9950e-02,-2.0353e-02,-2.0686e-02,-2.0943e-02,-2.1120e-02,-2.1210e-02,-2.1208e-02,-2.1109e-02,-2.0906e-02
-1.2017e-03,-5.0234e-03,-8.5565e-03,-1.1762e-02,-1.4611e-02,-1.7086e-02,-1.9181e-02,-2.0899e-02,-2.2252e-02,-2.3258e-02,-2.3938e-02,-2.4320e-02,-2.4430e-02,-2.4296e-02,-2.3945e-02,-2.3406e-02,-2.2701e-02,-2.1857e-02,-2.0896e-02,-1.9838e-02,-1.8703e-02,-1.7509e-02,-1.6273e-02,-1.5010e-02,-1.3735e-02,-1.2459e-02,-1.1196e-02,-9.9545e-03,-8.7448e-03,-7.5751e-03,-6.4523e-03,-5.3826e-03,-4.3709e-03,-3.4208e-03,-2.5354e-03,-1.7163e-03,-9.6451e-04,-2.8009e-04,3.3754e-04,8.8970e-04,1.3782e-03,1.8053e-03,2.1734e-03,2.4853e-03,2.7438e-03,2.9515e-03,3.1113e-03,3.2254e-03,3.2964e-03,3.3261e-03,3.3163e-03,3.2684e-03,3.1835e-03,3.0626e-03,2.9062e-03,2.7147e-03,2.4884e-03,2.2272e-03,1.9313e-03,1.6006e-03,1.2349e-03,8.3445e-04,3.9927e-04,-7.0415e-05,-5.7410e-04,-1.1112e-03,-1.6810e-03,-2.2823e-03,-2.9137e-03,-3.5737e-03,-4.2604e-03,-4.9716e-03,-5.7049e-03,-6.4577e-03,-7.2269e-03,-8.0094e-03,-8.8017e-03,-9.6001e-03,-1.0401e-02,-1.1200e-02,-1.1992e-02,-1.2774e-02,-1.3541e-02,-1.4288e-02,-1.5011e-02,-1.5703e-02,-1.6360e-02,-1.6978e-02,-1.7550e-02,-1.8072e-02,-1.8537e-02,-1.8941e-02,-1.9278e-02,-1.9543e-02,-1.9729e-02,-1.9832e-02,-1.9846e-02,-1.9765e-02,-1.9584e-02,-1.9297e-02
-1.3571e-03,-5.2417e-03,-8.8348e-03,-1.2097e-02,-1.4998e-02,-1.7520e-02,-1.9658e-02,-2.1413e-02,-2.2797e-02,-2.3828e-02,-2.4528e-02,-2.4923e-02,-2.5039e-02,-2.4904e-02,-2.4547e-02,-2.3993e-02,-2.3269e-02,-2.2398e-02,-2.1405e-02,-2.0310e-02,-1.9133e-02,-1.7893e-02,-1.6608e-02,-1.5293e-02,-1.3963e-02,-1.2632e-02,-1.1311e-02,-1.0013e-02,-8.7479e-03,-7.5235e-03,-6.3481e-03,-5.2284e-03,-4.1696e-03,-3.1761e-03,-2.2512e-03,-1.3969e-03,-6.1455e-04,9.5766e-05,7.3448e-04,1.3029e-03,1.8029e-03,2.2368e-03,2.6074e-03,2.9175e-03,3.1703e-03,3.3691e-03,3.5167e-03,3.6160e-03,3.6700e-03,3.6809e-03,3.6510e-03,3.5821e-03,3.4759e-03,3.3334e-03,3.1559e-03,2.9440e-03,2.6982e-03,2.4190e-03,2.1065e-03,1.7611e-03,1.3828e-03,9.7184e-04,5.2845e-04,5.3018e-05,-4.5385e-04,-9.9159e-04,-1.5592e-03,-2.1557e-03,-2.7797e-03,-3.4295e-03,-4.1032e-03,-4.7988e-03,-5.5139e-03,-6.2456e-03,-6.9912e-03,-7.7474e-03,-8.5108e-03,-9.2777e-03,-1.0044e-02,-1.0807e-02,-1.1560e-02,-1.2301e-02,-1.3024e-02,-1.3724e-02,-1.4397e-02,-1.5038e-02,-1.5641e-02,-1.6202e-02,-1.6715e-02,-1.7175e-02,-1.7576e-02,-1.7913e-02,-1.8180e-02,-1.8373e-02,-1.8484e-02,-1.8510e-02,-1.8443e-02,-1.8279e-02,-1.8012e-02,-1.7636e-02
-1.4861e-03,-5.4270e-03,-9.0738e-03,-1.2386e-02,-1.5334e-02,-1.7899e-02,-2.0075e-02,-2.1865e-02,-2.3278e-02,-2.4333e-02,-2.5052e-02,-2.5459e-02,-2.5583e-02,-2.5449e-02,-2.5087e-02,-2.4522e-02,-2.3780e-02,-2.2886e-02,-2.1864e-02,-2.0735e-02,-1.9519e-02,-1.8236e-02,-1.6904e-02,-1.5539e-02,-1.4156e-02,-1.2771e-02,-1.1396e-02,-1.0042e-02,-8.7217e-03,-7.4433e-03,-6.2157e-03,-5.0460e-03,-3.9403e-03,-2.9032e-03,-1.9385e-03,-1.0487e-03,-2.3526e-04,5.0133e-04,1.1615e-03,1.7464e-03,2.2579e-03,2.6987e-03,3.0714e-03,3.3794e-03,3.6261e-03,3.8148e-03,3.9492e-03,4.0325e-03,4.0678e-03,4.0582e-03,4.0063e-03,3.9144e-03,3.7845e-03,3.6182e-03,3.4172e-03,3.1823e-03,2.9146e-03,2.6148e-03,2.2832e-03,1.9207e-03,1.5273e-03,1.1036e-03,6.4988e-04,1.6678e-04,-3.4519e-04,-8.8520e-04,-1.4523e-03,-2.0453e-03,-2.6629e-03,-3.3033e-03,-3.9648e-03,-4.6452e-03,-5.3421e-03,-6.0528e-03,-6.7744e-03,-7.5038e-03,-8.2376e-03,-8.9722e-03,-9.7036e-03,-1.0428e-02,-1.1141e-02,-1.1838e-02,-1.2515e-02,-1.3166e-02,-1.3788e-02,-1.4374e-02,-1.4921e-02,-1.5422e-02,-1.5873e-02,-1.6268e-02,-1.6601e-02,-1.6867e-02,-1.7062e-02,-1.7178e-02,-1.7210e-02,-1.7154e-02,-1.7003e-02,-1.6752e-02,-1.6394e-02,-1.5926e-02
-1.5872e-03,-5.5775e-03,-9.2712e-03,-1.2627e-02,-1.5616e-02,-1.8220e-02,-2.0430e-02,-2.2250e-02,-2.3691e-02,-2.4769e-02,-2.5506e-02,-2.5927e-02,-2.6058e-02,-2.5928e-02,-2.5562e-02,-2.4988e-02,-2.4232e-02,-2.3318e-02,-2.2270e-02,-2.1110e-02,-1.9858e-02,-1.8535e-02,-1.7159e-02,-1.5746e-02,-1.4314e-02,-1.2877e-02,-1.1448e-02,-1.0041e-02,-8.6665e-03,-7.3351e-03,-6.0558e-03,-4.8364e-03,-3.6837e-03,-2.6028e-03,-1.5979e-03,-6.7215e-04,1.7287e-04,9.3628e-04,1.6184e-03,2.2202e-03,2.7438e-03,3.1915e-03,3.5665e-03,3.8722e-03,4.1122e-03,4.2904e-03,4.4106e-03,4.4766e-03,4.4921e-03,4.4604e-03,4.3846e-03,4.2675e-03,4.1118e-03,3.9194e-03,3.6922e-03,3.4319e-03,3.1397e-03,2.8165e-03,2.4634e-03,2.0811e-03,1.6701e-03,1.2310e-03,7.6466e-04,2.7156e-04,-2.4759e-04,-7.9174e-04,-1.3600e-03,-1.9511e-03,-2.5636e-03,-3.1958e-03,-3.8459e-03,-4.5117e-03,-5.1908e-03,-5.8806e-03,-6.5783e-03,-7.2805e-03,-7.9841e-03,-8.6855e-03,-9.3806e-03,-1.0066e-02,-1.0736e-02,-1.1388e-02,-1.2017e-02,-1.2617e-02,-1.3185e-02,-1.3715e-02,-1.4201e-02,-1.4640e-02,-1.5025e-02,-1.5352e-02,-1.5614e-02,-1.5806e-02,-1.5923e-02,-1.5959e-02,-1.5909e-02,-1.5766e-02,-1.5526e-02,-1.5183e-02,-1.4731e-02,-1.4165e-02
-1.6594e-03,-5.6916e-03,-9.4251e-03,-1.2819e-02,-1.5843e-02,-1.8479e-02,-2.0720e-02,-2.2567e-02,-2.4032e-02,-2.5132e-02,-2.5887e-02,-2.6322e-02,-2.6462e-02,-2.6336e-02,-2.5970e-02,-2.5390e-02,-2.4622e-02,-2.3691e-02,-2.2621e-02,-2.1433e-02,-2.0150e-02,-1.8790e-02,-1.7373e-02,-1.5916e-02,-1.4437e-02,-1.2950e-02,-1.1470e-02,-1.0010e-02,-8.5834e-03,-7.1999e-03,-5.8696e-03,-4.6009e-03,-3.4012e-03,-2.2763e-03,-1.2310e-03,-2.6855e-04,6.0870e-04,1.3997e-03,2.1045e-03,2.7241e-03,3.2602e-03,3.7155e-03,4.0930e-03,4.3964e-03,4.6297e-03,4.7969e-03,4.9024e-03,4.9502e-03,4.9446e-03,4.8892e-03,4.7879e-03,4.6439e-03,4.4601e-03,4.2392e-03,3.9835e-03,3.6951e-03,3.3757e-03,3.0264e-03,2.6489e-03,2.2439e-03,1.8126e-03,1.3556e-03,8.7395e-04,3.6836e-04,-1.6021e-04,-7.1077e-04,-1.2821e-03,-1.8731e-03,-2.4820e-03,-3.1073e-03,-3.7472e-03,-4.3992e-03,-5.0612e-03,-5.7304e-03,-6.4041e-03,-7.0791e-03,-7.7521e-03,-8.4193e-03,-9.0773e-03,-9.7218e-03,-1.0349e-02,-1.0954e-02,-1.1532e-02,-1.2080e-02,-1.2591e-02,-1.3061e-02,-1.3485e-02,-1.3858e-02,-1.4175e-02,-1.4429e-02,-1.4616e-02,-1.4730e-02,-1.4766e-02,-1.4718e-02,-1.4581e-02,-1.4348e-02,-1.4015e-02,-1.3575e-02,-1.3023e-02,-1.2355e-02
-1.7024e-03,-5.7690e-03,-9.5348e-03,-1.2959e-02,-1.6012e-02,-1.8675e-02,-2.0942e-02,-2.2814e-02,-2.4301e-02,-2.5420e-02,-2.6192e-02,-2.6641e-02,-2.6792e-02,-2.6672e-02,-2.6307e-02,-2.5724e-02,-2.4948e-02,-2.4004e-02,-2.2915e-02,-2.1704e-02,-2.0392e-02,-1.8999e-02,-1.7545e-02,-1.6047e-02,-1.4524e-02,-1.2990e-02,-1.1461e-02,-9.9517e-03,-8.4739e-03,-7.0395e-03,-5.6590e-03,-4.3415e-03,-3.0950e-03,-1.9259e-03,-8.3965e-04,1.6003e-04,1.0704e-03,1.8899e-03,2.6185e-03,3.2567e-03,3.8063e-03,4.2699e-03,4.6506e-03,4.9522e-03,5.1789e-03,5.3352e-03,5.4255e-03,5.4546e-03,5.4268e-03,5.3467e-03,5.2183e-03,5.0455e-03,4.8317e-03,4.5801e-03,4.2935e-03,3.9743e-03,3.6248e-03,3.2468e-03,2.8419e-03,2.4115e-03,1.9568e-03,1.4791e-03,9.7926e-04,4.5852e-04,-8.2079e-05,-6.4142e-04,-1.2181e-03,-1.8110e-03,-2.4182e-03,-3.0383e-03,-3.6692e-03,-4.3086e-03,-4.9543e-03,-5.6036e-03,-6.2536e-03,-6.9013e-03,-7.5433e-03,-8.1761e-03,-8.7960e-03,-9.3989e-03,-9.9808e-03,-1.0537e-02,-1.1064e-02,-1.1556e-02,-1.2008e-02,-1.2416e-02,-1.2775e-02,-1.3079e-02,-1.3324e-02,-1.3503e-02,-1.3611e-02,-1.3644e-02,-1.3594e-02,-1.3458e-02,-1.3229e-02,-1.2901e-02,-1.2470e-02,-1.1929e-02,-1.1274e-02,-1.0497e-02
-1.7166e-03,-5.8095e-03,-9.6001e-03,-1.3048e-02,-1.6123e-02,-1.8808e-02,-2.1096e-02,-2.2988e-02,-2.4495e-02,-2.5633e-02,-2.6421e-02,-2.6884e-02,-2.7046e-02,-2.6934e-02,-2.6573e-02,-2.5990e-02,-2.5209e-02,-2.4255e-02,-2.3151e-02,-2.1921e-02,-2.0584e-02,-1.9162e-02,-1.7675e-02,-1.6140e-02,-1.4576e-02,-1.2999e-02,-1.1424e-02,-9.8667e-03,-8.3399e-03,-6.8561e-03,-5.4265e-03,-4.0609e-03,-2.7677e-03,-1.5544e-03,-4.2660e-04,6.1100e-04,1.5553e-03,2.4045e-03,3.1579e-03,3.8160e-03,4.3804e-03,4.8534e-03,5.2383e-03,5.5389e-03,5.7597e-03,5.9052e-03,5.9805e-03,5.9905e-03,5.9401e-03,5.8343e-03,5.6775e-03,5.4744e-03,5.2287e-03,4.9442e-03,4.6243e-03,4.2719e-03,3.8897e-03,3.4800e-03,3.0448e-03,2.5858e-03,2.1048e-03,1.6032e-03,1.0823e-03,5.4351e-04,-1.1969e-05,-5.8269e-04,-1.1673e-03,-1.7644e-03,-2.3721e-03,-2.9888e-03,-3.6123e-03,-4.2405e-03,-4.8710e-03,-5.5011e-03,-6.1280e-03,-6.7487e-03,-7.3598e-03,-7.9578e-03,-8.5390e-03,-9.0994e-03,-9.6350e-03,-1.0141e-02,-1.0614e-02,-1.1049e-02,-1.1440e-02,-1.1784e-02,-1.2074e-02,-1.2306e-02,-1.2475e-02,-1.2576e-02,-1.2602e-02,-1.2548e-02,-1.2410e-02,-1.2181e-02,-1.1856e-02,-1.1429e-02,-1.0895e-02,-1.0249e-02,-9.4838e-03,-8.5953e-03
-1.7028e-03,-5.8140e-03,-9.6217e-03,-1.3086e-02,-1.6177e-02,-1.8878e-02,-2.1182e-02,-2.3091e-02,-2.4615e-02,-2.5769e-02,-2.6573e-02,-2.7050e-02,-2.7224e-02,-2.7121e-02,-2.6767e-02,-2.6186e-02,-2.5403e-02,-2.4443e-02,-2.3329e-02,-2.2083e-02,-2.0727e-02,-1.9280e-02,-1.7764e-02,-1.6196e-02,-1.4595e-02,-1.2977e-02,-1.1360e-02,-9.7572e-03,-8.1837e-03,-6.6524e-03,-5.1749e-03,-3.7619e-03,-2.4226e-03,-1.1649e-03,4.6566e-06,1.0810e-03,2.0604e-03,2.9404e-03,3.7201e-03,4.3996e-03,4.9802e-03,5.4641e-03,5.8545e-03,6.1554e-03,6.3712e-03,6.5068e-03,6.5674e-03,6.5584e-03,6.4852e-03,6.3530e-03,6.1671e-03,5.9322e-03,5.6531e-03,5.3339e-03,4.9784e-03,4.5904e-03,4.1728e-03,3.7285e-03,3.2599e-03,2.7694e-03,2.2589e-03,1.7302e-03,1.1850e-03,6.2503e-04,5.1692e-05,-5.3349e-04,-1.1288e-03,-1.7326e-03,-2.3432e-03,-2.9587e-03,-3.5768e-03,-4.1955e-03,-4.8122e-03,-5.4244e-03,-6.0290e-03,-6.6232e-03,-7.2035e-03,-7.7667e-03,-8.3087e-03,-8.8260e-03,-9.3143e-03,-9.7693e-03,-1.0187e-02,-1.0562e-02,-1.0890e-02,-1.1166e-02,-1.1386e-02,-1.1543e-02,-1.1633e-02,-1.1651e-02,-1.1592e-02,-1.1448e-02,-1.1217e-02,-1.0891e-02,-1.0465e-02,-9.9345e-03,-9.2931e-03,-8.5358e-03,-7.6569e-03,-6.6512e-03
-1.6628e-03,-5.7841e-03,-9.6010e-03,-1.3074e-02,-1.6174e-02,-1.8886e-02,-2.1201e-02,-2.3123e-02,-2.4660e-02,-2.5829e-02,-2.6647e-02,-2.7138e-02,-2.7325e-02,-2.7233e-02,-2.6887e-02,-2.6311e-02,-2.5531e-02,-2.4569e-02,-2.3448e-02,-2.2191e-02,-2.0819e-02,-1.9352e-02,-1.7811e-02,-1.6215e-02,-1.4581e-02,-1.2927e-02,-1.1270e-02,-9.6254e-03,-8.0079e-03,-6.4310e-03,-4.9073e-03,-3.4481e-03,-2.0632e-03,-7.6133e-04,4.5039e-04,1.5661e-03,2.5816e-03,3.4938e-03,4.3014e-03,5.0039e-03,5.6025e-03,6.0991e-03,6.4968e-03,6.7995e-03,7.0117e-03,7.1385e-03,7.1854e-03,7.1580e-03,7.0621e-03,6.9035e-03,6.6878e-03,6.4204e-03,6.1065e-03,5.7509e-03,5.3580e-03,4.9320e-03,4.4764e-03,3.9947e-03,3.4899e-03,2.9646e-03,2.4214e-03,1.8624e-03,1.2897e-03,7.0509e-04,1.1060e-04,-4.9214e-04,-1.1012e-03,-1.7148e-03,-2.3310e-03,-2.9477e-03,-3.5628e-03,-4.1740e-03,-4.7786e-03,-5.3742e-03,-5.9578e-03,-6.5263e-03,-7.0764e-03,-7.6049e-03,-8.1077e-03,-8.5813e-03,-9.0214e-03,-9.4240e-03,-9.7846e-03,-1.0099e-02,-1.0361e-02,-1.0568e-02,-1.0714e-02,-1.0794e-02,-1.0802e-02,-1.0734e-02,-1.0584e-02,-1.0348e-02,-1.0018e-02,-9.5912e-03,-9.0607e-03,-8.4214e-03,-7.6679e-03,-6.7948e-03,-5.7969e-03,-4.6687e-03
-1.5987e-03,-5.7219e-03,-9.5400e-03,-1.3014e-02,-1.6118e-02,-1.8834e-02,-2.1155e-02,-2.3086e-02,-2.4634e-02,-2.5814e-02,-2.6646e-02,-2.7150e-02,-2.7350e-02,-2.7270e-02,-2.6935e-02,-2.6367e-02,-2.5591e-02,-2.4631e-02,-2.3508e-02,-2.2244e-02,-2.0862e-02,-1.9380e-02,-1.7819e-02,-1.6198e-02,-1.4536e-02,-1.2850e-02,-1.1157e-02,-9.4738e-03,-7.8151e-03,-6.1952e-03,-4.6272e-03,-3.1231e-03,-1.6935e-03,-3.4779e-04,9.0619e-04,2.0620e-03,3.1146e-03,4.0604e-03,4.8975e-03,5.6250e-03,6.2436e-03,6.7550e-03,7.1621e-03,7.4686e-03,7.6791e-03,7.7988e-03,7.8332e-03,7.7884e-03,7.6706e-03,7.4858e-03,7.2402e-03,6.9398e-03,6.5903e-03,6.1970e-03,5.7650e-03,5.2989e-03,4.8031e-03,4.2814e-03,3.7374e-03,3.1743e-03,2.5950e-03,2.0023e-03,1.3985e-03,7.8593e-04,1.6674e-04,-4.5695e-04,-1.0831e-03,-1.7096e-03,-2.3344e-03,-2.9553e-03,-3.5699e-03,-4.1760e-03,-4.7707e-03,-5.3515e-03,-5.9155e-03,-6.4596e-03,-6.9805e-03,-7.4746e-03,-7.9384e-03,-8.3682e-03,-8.7598e-03,-9.1089e-03,-9.4115e-03,-9.6628e-03,-9.8585e-03,-9.9934e-03,-1.0063e-02,-1.0062e-02,-9.9855e-03,-9.8283e-03,-9.5852e-03,-9.2509e-03,-8.8200e-03,-8.2872e-03,-7.6472e-03,-6.8945e-03,-6.0239e-03,-5.0302e-03,-3.9081e-03,-2.6523e-03
-1.5132e-03,-5.6301e-03,-9.4418e-03,-1.2911e-02,-1.6010e-02,-1.8724e-02,-2.1047e-02,-2.2982e-02,-2.4537e-02,-2.5727e-02,-2.6570e-02,-2.7088e-02,-2.7302e-02,-2.7235e-02,-2.6911e-02,-2.6354e-02,-2.5587e-02,-2.4631e-02,-2.3510e-02,-2.2244e-02,-2.0855e-02,-1.9363e-02,-1.7787e-02,-1.6147e-02,-1.4461e-02,-1.2747e-02,-1.1023e-02,-9.3048e-03,-7.6082e-03,-5.9481e-03,-4.3381e-03,-2.7909e-03,-1.3177e-03,7.1328e-05,1.3676e-03,2.5638e-03,3.6545e-03,4.6353e-03,5.5037e-03,6.2582e-03,6.8990e-03,7.4276e-03,7.8465e-03,8.1591e-03,8.3702e-03,8.4848e-03,8.5087e-03,8.4481e-03,8.3095e-03,8.0994e-03,7.8243e-03,7.4908e-03,7.1051e-03,6.6733e-03,6.2008e-03,5.6930e-03,5.1548e-03,4.5907e-03,4.0049e-03,3.4009e-03,2.7824e-03,2.1526e-03,1.5142e-03,8.6996e-04,2.2243e-04,-4.2585e-04,-1.0726e-03,-1.7156e-03,-2.3523e-03,-2.9805e-03,-3.5976e-03,-4.2012e-03,-4.7886e-03,-5.3569e-03,-5.9032e-03,-6.4244e-03,-6.9171e-03,-7.3780e-03,-7.8033e-03,-8.1894e-03,-8.5321e-03,-8.8274e-03,-9.0710e-03,-9.2584e-03,-9.3850e-03,-9.4463e-03,-9.4373e-03,-9.3531e-03,-9.1886e-03,-8.9389e-03,-8.5989e-03,-8.1631e-03,-7.6266e-03,-6.9838e-03,-6.2298e-03,-5.3592e-03,-4.3667e-03,-3.2473e-03,-1.9958e-03,-6.0714e-04
-1.4095e-03,-5.5121e-03,-9.3095e-03,-1.2765e-02,-1.5854e-02,-1.8561e-02,-2.0881e-02,-2.2815e-02,-2.4374e-02,-2.5571e-02,-2.6425e-02,-2.6954e-02,-2.7181e-02,-2.7129e-02,-2.6819e-02,-2.6274e-02,-2.5518e-02,-2.4571e-02,-2.3455e-02,-2.2192e-02,-2.0801e-02,-1.9303e-02,-1.7717e-02,-1.6063e-02,-1.4358e-02,-1.2621e-02,-1.0870e-02,-9.1208e-03,-7.3900e-03,-5.6928e-03,-4.0435e-03,-2.4552e-03,-9.4000e-04,4.9136e-04,1.8296e-03,3.0667e-03,4.1962e-03,5.2133e-03,6.1146e-03,6.8982e-03,7.5637e-03,8.1120e-03,8.5453e-03,8.8669e-03,9.0813e-03,9.1933e-03,9.2090e-03,9.1347e-03,8.9770e-03,8.7429e-03,8.4394e-03,8.0733e-03,7.6516e-03,7.1807e-03,6.6668e-03,6.1160e-03,5.5337e-03,4.9250e-03,4.2947e-03,3.6471e-03,2.9863e-03,2.3159e-03,1.6394e-03,9.5986e-04,2.8034e-04,-3.9643e-04,-1.0676e-03,-1.7307e-03,-2.3831e-03,-3.0221e-03,-3.6451e-03,-4.2495e-03,-4.8322e-03,-5.3906e-03,-5.9215e-03,-6.4217e-03,-6.8881e-03,-7.3169e-03,-7.7047e-03,-8.0476e-03,-8.3417e-03,-8.5829e-03,-8.7669e-03,-8.8893e-03,-8.9458e-03,-8.9316e-03,-8.8419e-03,-8.6720e-03,-8.4168e-03,-8.0715e-03,-7.6311e-03,-7.0903e-03,-6.4441e-03,-5.6872e-03,-4.8147e-03,-3.8214e-03,-2.7022e-03,-1.4520e-03,-6.6172e-05,1.4605e-03
-1.2909e-03,-5.3715e-03,-9.1472e-03,-1.2583e-02,-1.5655e-02,-1.8349e-02,-2.0660e-02,-2.2590e-02,-2.4149e-02,-2.5351e-02,-2.6212e-02,-2.6752e-02,-2.6993e-02,-2.6954e-02,-2.6659e-02,-2.6130e-02,-2.5387e-02,-2.4452e-02,-2.3345e-02,-2.2088e-02,-2.0700e-02,-1.9201e-02,-1.7611e-02,-1.5947e-02,-1.4228e-02,-1.2473e-02,-1.0700e-02,-8.9241e-03,-7.1631e-03,-5.4325e-03,-3.7468e-03,-2.1200e-03,-5.6460e-04,9.0794e-04,2.2875e-03,3.5653e-03,4.7343e-03,5.7888e-03,6.7247e-03,7.5395e-03,8.2320e-03,8.8028e-03,9.2535e-03,9.5871e-03,9.8076e-03,9.9201e-03,9.9305e-03,9.8450e-03,9.6706e-03,9.4145e-03,9.0839e-03,8.6864e-03,8.2292e-03,7.7194e-03,7.1638e-03,6.5691e-03,5.9413e-03,5.2862e-03,4.6093e-03,3.9154e-03,3.2093e-03,2.4952e-03,1.7770e-03,1.0585e-03,3.4305e-04,-3.6607e-04,-1.0657e-03,-1.7530e-03,-2.4248e-03,-3.0785e-03,-3.7111e-03,-4.3196e-03,-4.9011e-03,-5.4526e-03,-5.9708e-03,-6.4526e-03,-6.8946e-03,-7.2932e-03,-7.6447e-03,-7.9456e-03,-8.1916e-03,-8.3788e-03,-8.5031e-03,-8.5600e-03,-8.5453e-03,-8.4541e-03,-8.2820e-03,-8.0242e-03,-7.6758e-03,-7.2321e-03,-6.6879e-03,-6.0386e-03,-5.2788e-03,-4.4037e-03,-3.4084e-03,-2.2878e-03,-1.0371e-03,3.4852e-04,1.8741e-03,3.5439e-03
-1.1611e-03,-5.2121e-03,-8.9590e-03,-1.2368e-02,-1.5417e-02,-1.8092e-02,-2.0389e-02,-2.2311e-02,-2.3867e-02,-2.5070e-02,-2.5937e-02,-2.6487e-02,-2.6740e-02,-2.6716e-02,-2.6437e-02,-2.5924e-02,-2.5196e-02,-2.4276e-02,-2.3183e-02,-2.1936e-02,-2.0555e-02,-1.9060e-02,-1.7469e-02,-1.5801e-02,-1.4074e-02,-1.2306e-02,-1.0514e-02,-8.7171e-03,-6.9303e-03,-5.1700e-03,-3.4514e-03,-1.7888e-03,-1.9553e-04,1.3165e-03,2.7363e-03,4.0546e-03,5.2634e-03,6.3562e-03,7.3282e-03,8.1761e-03,8.8981e-03,9.4941e-03,9.9653e-03,1.0314e-02,1.0544e-02,1.0661e-02,1.0669e-02,1.0575e-02,1.0387e-02,1.0111e-02,9.7559e-03,9.3286e-03,8.8370e-03,8.2891e-03,7.6919e-03,7.0529e-03,6.3788e-03,5.6760e-03,4.9505e-03,4.2081e-03,3.4540e-03,2.6931e-03,1.9299e-03,1.1688e-03,4.1356e-04,-3.3193e-04,-1.0641e-03,-1.7797e-03,-2.4753e-03,-3.1478e-03,-3.7940e-03,-4.4105e-03,-4.9944e-03,-5.5424e-03,-6.0512e-03,-6.5175e-03,-6.9377e-03,-7.3082e-03,-7.6255e-03,-7.8855e-03,-8.0847e-03,-8.2186e-03,-8.2833e-03,-8.2746e-03,-8.1879e-03,-8.0188e-03,-7.7629e-03,-7.4153e-03,-6.9716e-03,-6.4267e-03,-5.7760e-03,-5.0147e-03,-4.1378e-03,-3.1407e-03,-2.0183e-03,-7.6612e-04,6.2074e-04,2.1470e-03,3.8170e-03,5.6352e-03
-1.0240e-03,-5.0381e-03,-8.7493e-03,-1.2126e-02,-1.5145e-02,-1.7796e-02,-2.0074e-02,-2.1983e-02,-2.3532e-02,-2.4734e-02,-2.5605e-02,-2.6163e-02,-2.6428e-02,-2.6418e-02,-2.6156e-02,-2.5660e-02,-2.4950e-02,-2.4047e-02,-2.2969e-02,-2.1737e-02,-2.0367e-02,-1.8880e-02,-1.7294e-02,-1.5626e-02,-1.3896e-02,-1.2120e-02,-1.0316e-02,-8.5018e-03,-6.6937e-03,-4.9081e-03,-3.1603e-03,-1.4653e-03,1.6332e-04,1.7128e-03,3.1716e-03,4.5296e-03,5.7780e-03,6.9098e-03,7.9190e-03,8.8019e-03,9.5558e-03,1.0180e-02,1.0675e-02,1.1042e-02,1.1285e-02,1.1409e-02,1.1419e-02,1.1321e-02,1.1122e-02,1.0830e-02,1.0452e-02,9.9974e-03,9.4735e-03,8.8886e-03,8.2508e-03,7.5677e-03,6.8469e-03,6.0955e-03,5.3202e-03,4.5273e-03,3.7228e-03,2.9123e-03,2.1009e-03,1.2937e-03,4.9493e-04,-2.9099e-04,-1.0599e-03,-1.8081e-03,-2.5318e-03,-3.2275e-03,-3.8914e-03,-4.5204e-03,-5.1108e-03,-5.6593e-03,-6.1623e-03,-6.6164e-03,-7.0179e-03,-7.3632e-03,-7.6484e-03,-7.8700e-03,-8.0236e-03,-8.1055e-03,-8.1115e-03,-8.0372e-03,-7.8786e-03,-7.6311e-03,-7.2901e-03,-6.8515e-03,-6.3104e-03,-5.6622e-03,-4.9022e-03,-4.0260e-03,-3.0287e-03,-1.9058e-03,-6.5236e-04,7.3579e-04,2.2633e-03,3.9347e-03,5.7541e-03,7.7258e-03
-8.8313e-04,-4.8537e-03,-8.5227e-03,-1.1860e-02,-1.4844e-02,-1.7466e-02,-1.9721e-02,-2.1613e-02,-2.3152e-02,-2.4349e-02,-2.5222e-02,-2.5786e-02,-2.6061e-02,-2.6066e-02,-2.5820e-02,-2.5342e-02,-2.4652e-02,-2.3768e-02,-2.2709e-02,-2.1494e-02,-2.0140e-02,-1.8665e-02,-1.7088e-02,-1.5426e-02,-1.3697e-02,-1.1918e-02,-1.0107e-02,-8.2803e-03,-6.4557e-03,-4.6491e-03,-2.8763e-03,-1.1524e-03,5.0839e-04,2.0928e-03,3.5887e-03,4.9853e-03,6.2730e-03,7.4439e-03,8.4915e-03,9.4108e-03,1.0199e-02,1.0853e-02,1.1375e-02,1.1764e-02,1.2025e-02,1.2160e-02,1.2175e-02,1.2076e-02,1.1871e-02,1.1566e-02,1.1169e-02,1.0690e-02,1.0136e-02,9.5163e-03,8.8392e-03,8.1129e-03,7.3458e-03,6.5455e-03,5.7195e-03,4.8747e-03,4.0179e-03,3.1554e-03,2.2929e-03,1.4362e-03,5.9026e-04,-2.3999e-04,-1.0500e-03,-1.8351e-03,-2.5915e-03,-3.3149e-03,-4.0014e-03,-4.6472e-03,-5.2487e-03,-5.8019e-03,-6.3034e-03,-6.7491e-03,-7.1355e-03,-7.4588e-03,-7.7150e-03,-7.9004e-03,-8.0109e-03,-8.0424e-03,-7.9909e-03,-7.8521e-03,-7.6218e-03,-7.2957e-03,-6.8695e-03,-6.3387e-03,-5.6988e-03,-4.9454e-03,-4.0740e-03,-3.0802e-03,-1.9593e-03,-7.0720e-04,6.8089e-04,2.2088e-03,3.8814e-03,5.7025e-03,7.6760e-03,9.8061e-03
-7.4221e-04,-4.6629e-03,-8.2836e-03,-1.1576e-02,-1.4520e-02,-1.7107e-02,-1.9335e-02,-2.1206e-02,-2.2731e-02,-2.3921e-02,-2.4793e-02,-2.5361e-02,-2.5646e-02,-2.5664e-02,-2.5434e-02,-2.4976e-02,-2.4306e-02,-2.3443e-02,-2.2405e-02,-2.1210e-02,-1.9875e-02,-1.8416e-02,-1.6853e-02,-1.5201e-02,-1.3478e-02,-1.1701e-02,-9.8877e-03,-8.0545e-03,-6.2183e-03,-4.3954e-03,-2.6019e-03,-8.5304e-04,8.3653e-04,2.4531e-03,3.9839e-03,5.4175e-03,6.7436e-03,7.9535e-03,9.0397e-03,9.9968e-03,1.0820e-02,1.1508e-02,1.2059e-02,1.2474e-02,1.2756e-02,1.2906e-02,1.2931e-02,1.2836e-02,1.2628e-02,1.2314e-02,1.1903e-02,1.1402e-02,1.0822e-02,1.0170e-02,9.4553e-03,8.6875e-03,7.8749e-03,7.0261e-03,6.1491e-03,5.2516e-03,4.3411e-03,3.4246e-03,2.5086e-03,1.5993e-03,7.0269e-04,-1.7582e-04,-1.0308e-03,-1.8575e-03,-2.6511e-03,-3.4070e-03,-4.1209e-03,-4.7885e-03,-5.4058e-03,-5.9685e-03,-6.4728e-03,-6.9148e-03,-7.2902e-03,-7.5954e-03,-7.8261e-03,-7.9785e-03,-8.0486e-03,-8.0320e-03,-7.9249e-03,-7.7231e-03,-7.4222e-03,-7.0181e-03,-6.5065e-03,-5.8830e-03,-5.1435e-03,-4.2836e-03,-3.2989e-03,-2.1852e-03,-9.3819e-04,4.4622e-04,1.9722e-03,3.6440e-03,5.4655e-03,7.4405e-03,9.5726e-03,1.1866e-02
-6.0477e-04,-4.4697e-03,-8.0366e-03,-1.1278e-02,-1.4178e-02,-1.6726e-02,-1.8922e-02,-2.0769e-02,-2.2276e-02,-2.3456e-02,-2.4324e-02,-2.4895e-02,-2.5187e-02,-2.5218e-02,-2.5005e-02,-2.4565e-02,-2.3917e-02,-2.3077e-02,-2.2062e-02,-2.0889e-02,-1.9576e-02,-1.8137e-02,-1.6591e-02,-1.4954e-02,-1.3242e-02,-1.1472e-02,-9.6612e-03,-7.8260e-03,-5.9831e-03,-4.1489e-03,-2.3392e-03,-5.6960e-04,1.1450e-03,2.7903e-03,4.3534e-03,5.8219e-03,7.1851e-03,8.4333e-03,9.5585e-03,1.0554e-02,1.1415e-02,1.2138e-02,1.2722e-02,1.3166e-02,1.3471e-02,1.3642e-02,1.3681e-02,1.3594e-02,1.3388e-02,1.3070e-02,1.2647e-02,1.2130e-02,1.1526e-02,1.0845e-02,1.0096e-02,9.2893e-03,8.4331e-03,7.5368e-03,6.6093e-03,5.6588e-03,4.6938e-03,3.7217e-03,2.7500e-03,1.7856e-03,8.3523e-04,-9.5066e-05,-9.9926e-04,-1.8717e-03,-2.7071e-03,-3.5005e-03,-4.2467e-03,-4.9412e-03,-5.5794e-03,-6.1568e-03,-6.6690e-03,-7.1119e-03,-7.4812e-03,-7.7725e-03,-7.9819e-03,-8.1052e-03,-8.1382e-03,-8.0767e-03,-7.9165e-03,-7.6536e-03,-7.2838e-03,-6.8028e-03,-6.2065e-03,-5.4907e-03,-4.6512e-03,-3.6839e-03,-2.5847e-03,-1.3494e-03,2.5872e-05,1.5452e-03,3.2122e-03,5.0310e-03,7.0052e-03,9.1380e-03,1.1433e-02,1.3894e-02
-4.7390e-04,-4.2776e-03,-7.7855e-03,-1.0972e-02,-1.3823e-02,-1.6328e-02,-1.8488e-02,-2.0306e-02,-2.1793e-02,-2.2961e-02,-2.3822e-02,-2.4394e-02,-2.4693e-02,-2.4735e-02,-2.4537e-02,-2.4116e-02,-2.3490e-02,-2.2673e-02,-2.1683e-02,-2.0535e-02,-1.9246e-02,-1.7831e-02,-1.6306e-02,-1.4687e-02,-1.2990e-02,-1.1232e-02,-9.4286e-03,-7.5966e-03,-5.7520e-03,-3.9112e-03,-2.0900e-03,-3.0412e-04,1.4314e-03,3.1019e-03,4.6941e-03,6.1952e-03,7.5935e-03,8.8790e-03,1.0043e-02,1.1077e-02,1.1977e-02,1.2737e-02,1.3355e-02,1.3831e-02,1.4165e-02,1.4359e-02,1.4416e-02,1.4342e-02,1.4143e-02,1.3826e-02,1.3397e-02,1.2868e-02,1.2245e-02,1.1539e-02,1.0759e-02,9.9159e-03,9.0184e-03,8.0764e-03,7.0994e-03,6.0965e-03,5.0766e-03,4.0482e-03,3.0193e-03,1.9977e-03,9.9072e-04,5.4613e-06,-9.5161e-04,-1.8741e-03,-2.7559e-03,-3.5915e-03,-4.3753e-03,-5.1019e-03,-5.7665e-03,-6.3639e-03,-6.8896e-03,-7.3388e-03,-7.7069e-03,-7.9896e-03,-8.1824e-03,-8.2809e-03,-8.2808e-03,-8.1780e-03,-7.9681e-03,-7.6471e-03,-7.2107e-03,-6.6547e-03,-5.9749e-03,-5.1675e-03,-4.2284e-03,-3.1536e-03,-1.9391e-03,-5.8113e-04,9.2413e-04,2.5804e-03,4.3910e-03,6.3598e-03,8.4897e-03,1.0784e-02,1.3246e-02,1.5878e-02
-3.5239e-04,-4.0902e-03,-7.5345e-03,-1.0662e-02,-1.3459e-02,-1.5917e-02,-1.8038e-02,-1.9825e-02,-2.1289e-02,-2.2440e-02,-2.3294e-02,-2.3864e-02,-2.4167e-02,-2.4219e-02,-2.4036e-02,-2.3635e-02,-2.3030e-02,-2.2237e-02,-2.1273e-02,-2.0152e-02,-1.8889e-02,-1.7500e-02,-1.5999e-02,-1.4402e-02,-1.2725e-02,-1.0983e-02,-9.1918e-03,-7.3676e-03,-5.5262e-03,-3.6837e-03,-1.8559e-03,-5.8334e-05,1.6937e-03,3.3857e-03,5.0035e-03,6.5342e-03,7.9655e-03,9.2866e-03,1.0488e-02,1.1561e-02,1.2500e-02,1.3298e-02,1.3954e-02,1.4464e-02,1.4829e-02,1.5051e-02,1.5131e-02,1.5075e-02,1.4888e-02,1.4575e-02,1.4147e-02,1.3609e-02,1.2973e-02,1.2246e-02,1.1440e-02,1.0564e-02,9.6279e-03,8.6427e-03,7.6182e-03,6.5641e-03,5.4899e-03,4.4049e-03,3.3179e-03,2.2375e-03,1.1718e-03,1.2868e-04,-8.8463e-04,-1.8610e-03,-2.7937e-03,-3.6763e-03,-4.5027e-03,-5.2670e-03,-5.9634e-03,-6.5867e-03,-7.1315e-03,-7.5927e-03,-7.9655e-03,-8.2450e-03,-8.4265e-03,-8.5053e-03,-8.4771e-03,-8.3373e-03,-8.0818e-03,-7.7061e-03,-7.2060e-03,-6.5776e-03,-5.8168e-03,-4.9193e-03,-3.8816e-03,-2.6997e-03,-1.3700e-03,1.1120e-04,1.7475e-03,3.5421e-03,5.4984e-03,7.6194e-03,9.9081e-03,1.2367e-02,1.5000e-02,1.7807e-02
-2.4277e-04,-3.9102e-03,-7.2869e-03,-1.0351e-02,-1.3091e-02,-1.5499e-02,-1.7577e-02,-1.9331e-02,-2.0768e-02,-2.1901e-02,-2.2744e-02,-2.3311e-02,-2.3617e-02,-2.3678e-02,-2.3509e-02,-2.3125e-02,-2.2542e-02,-2.1775e-02,-2.0837e-02,-1.9744e-02,-1.8509e-02,-1.7148e-02,-1.5674e-02,-1.4103e-02,-1.2449e-02,-1.0727e-02,-8.9522e-03,-7.1405e-03,-5.3071e-03,-3.4678e-03,-1.6381e-03,1.6643e-04,1.9307e-03,3.6398e-03,5.2795e-03,6.8365e-03,8.2980e-03,9.6527e-03,1.0890e-02,1.2002e-02,1.2979e-02,1.3817e-02,1.4511e-02,1.5059e-02,1.5459e-02,1.5711e-02,1.5819e-02,1.5784e-02,1.5614e-02,1.5312e-02,1.4888e-02,1.4349e-02,1.3703e-02,1.2961e-02,1.2133e-02,1.1228e-02,1.0258e-02,9.2332e-03,8.1637e-03,7.0603e-03,5.9331e-03,4.7921e-03,3.6468e-03,2.5068e-03,1.3807e-03,2.7732e-04,-7.9522e-04,-1.8290e-03,-2.8167e-03,-3.7510e-03,-4.6250e-03,-5.4322e-03,-6.1663e-03,-6.8213e-03,-7.3914e-03,-7.8708e-03,-8.2543e-03,-8.5366e-03,-8.7127e-03,-8.7776e-03,-8.7266e-03,-8.5551e-03,-8.2586e-03,-7.8326e-03,-7.2730e-03,-6.5756e-03,-5.7364e-03,-4.7514e-03,-3.6169e-03,-2.3293e-03,-8.8503e-04,7.1919e-04,2.4868e-03,4.4207e-03,6.5239e-03,8.7990e-03,1.1249e-02,1.3875e-02,1.6681e-02,1.9667e-02
-1.4689e-04,-3.7403e-03,-7.0459e-03,-1.0044e-02,-1.2723e-02,-1.5079e-02,-1.7112e-02,-1.8828e-02,-2.0237e-02,-2.1350e-02,-2.2179e-02,-2.2741e-02,-2.3048e-02,-2.3116e-02,-2.2960e-02,-2.2594e-02,-2.2032e-02,-2.1289e-02,-2.0379e-02,-1.9314e-02,-1.8110e-02,-1.6778e-02,-1.5334e-02,-1.3792e-02,-1.2164e-02,-1.0466e-02,-8.7116e-03,-6.9166e-03,-5.0958e-03,-3.2644e-03,-1.4376e-03,3.6924e-04,2.1410e-03,3.8629e-03,5.5206e-03,7.1001e-03,8.5889e-03,9.9746e-03,1.1246e-02,1.2395e-02,1.3411e-02,1.4289e-02,1.5023e-02,1.5609e-02,1.6046e-02,1.6333e-02,1.6471e-02,1.6463e-02,1.6314e-02,1.6029e-02,1.5615e-02,1.5079e-02,1.4430e-02,1.3678e-02,1.2833e-02,1.1905e-02,1.0905e-02,9.8441e-03,8.7332e-03,7.5832e-03,6.4050e-03,5.2093e-03,4.0064e-03,2.8064e-03,1.6191e-03,4.5386e-04,-6.8037e-04,-1.7748e-03,-2.8212e-03,-3.8114e-03,-4.7379e-03,-5.5934e-03,-6.3708e-03,-7.0635e-03,-7.6650e-03,-8.1691e-03,-8.5699e-03,-8.8616e-03,-9.0388e-03,-9.0961e-03,-9.0286e-03,-8.8312e-03,-8.4992e-03,-8.0282e-03,-7.4137e-03,-6.6516e-03,-5.7378e-03,-4.6685e-03,-3.4399e-03,-2.0488e-03,-4.9159e-04,1.2348e-03,3.1333e-03,5.2065e-03,7.4572e-03,9.8876e-03,1.2500e-02,1.5296e-02,1.8277e-02,2.1446e-02
-6.6500e-05,-3.5825e-03,-6.8139e-03,-9.7428e-03,-1.2359e-02,-1.4659e-02,-1.6645e-02,-1.8322e-02,-1.9700e-02,-2.0790e-02,-2.1605e-02,-2.2159e-02,-2.2466e-02,-2.2540e-02,-2.2395e-02,-2.2046e-02,-2.1505e-02,-2.0787e-02,-1.9903e-02,-1.8869e-02,-1.7695e-02,-1.6395e-02,-1.4983e-02,-1.3471e-02,-1.1872e-02,-1.0201e-02,-8.4715e-03,-6.6974e-03,-4.8934e-03,-3.0744e-03,-1.2551e-03,5.4932e-04,2.3240e-03,4.0542e-03,5.7255e-03,7.3239e-03,8.8363e-03,1.0250e-02,1.1554e-02,1.2737e-02,1.3792e-02,1.4709e-02,1.5483e-02,1.6109e-02,1.6585e-02,1.6909e-02,1.7082e-02,1.7105e-02,1.6982e-02,1.6718e-02,1.6319e-02,1.5793e-02,1.5147e-02,1.4390e-02,1.3534e-02,1.2588e-02,1.1563e-02,1.0471e-02,9.3229e-03,8.1299e-03,6.9036e-03,5.6554e-03,4.3962e-03,3.1370e-03,1.8882e-03,6.5998e-04,-5.3761e-04,-1.6952e-03,-2.8034e-03,-3.8535e-03,-4.8371e-03,-5.7461e-03,-6.5724e-03,-7.3089e-03,-7.9483e-03,-8.4837e-03,-8.9086e-03,-9.2166e-03,-9.4018e-03,-9.4585e-03,-9.3811e-03,-9.1643e-03,-8.8033e-03,-8.2932e-03,-7.6295e-03,-6.8078e-03,-5.8241e-03,-4.6746e-03,-3.3558e-03,-1.8641e-03,-1.9631e-04,1.6501e-03,3.6781e-03,5.8900e-03,8.2882e-03,1.0874e-02,1.3650e-02,1.6617e-02,1.9776e-02,2.3128e-02
-2.5220e-06,-3.4384e-03,-6.5931e-03,-9.4505e-03,-1.2002e-02,-1.4244e-02,-1.6181e-02,-1.7817e-02,-1.9162e-02,-2.0228e-02,-2.1027e-02,-2.1572e-02,-2.1877e-02,-2.1955e-02,-2.1821e-02,-2.1487e-02,-2.0966e-02,-2.0272e-02,-1.9416e-02,-1.8411e-02,-1.7268e-02,-1.6002e-02,-1.4622e-02,-1.3143e-02,-1.1577e-02,-9.9356e-03,-8.2335e-03,-6.4839e-03,-4.7008e-03,-2.8984e-03,-1.0912e-03,7.0626e-04,2.4792e-03,4.2132e-03,5.8938e-03,7.5069e-03,9.0391e-03,1.0478e-02,1.1811e-02,1.3027e-02,1.4118e-02,1.5074e-02,1.5888e-02,1.6555e-02,1.7072e-02,1.7436e-02,1.7646e-02,1.7703e-02,1.7611e-02,1.7373e-02,1.6995e-02,1.6483e-02,1.5845e-02,1.5091e-02,1.4229e-02,1.3271e-02,1.2227e-02,1.1109e-02,9.9285e-03,8.6969e-03,7.4263e-03,6.1284e-03,4.8152e-03,3.4981e-03,2.1884e-03,8.9716e-04,-3.6493e-04,-1.5874e-03,-2.7602e-03,-3.8738e-03,-4.9185e-03,-5.8857e-03,-6.7664e-03,-7.5526e-03,-8.2362e-03,-8.8096e-03,-9.2657e-03,-9.5974e-03,-9.7981e-03,-9.8615e-03,-9.7816e-03,-9.5529e-03,-9.1698e-03,-8.6275e-03,-7.9209e-03,-7.0458e-03,-5.9979e-03,-4.7733e-03,-3.3686e-03,-1.7805e-03,-5.7258e-06,1.9580e-03,4.1134e-03,6.4625e-03,9.0068e-03,1.1748e-02,1.4688e-02,1.7826e-02,2.1164e-02,2.4702e-02
4.4379e-05,-3.3092e-03,-6.3853e-03,-9.1693e-03,-1.1654e-02,-1.3837e-02,-1.5723e-02,-1.7316e-02,-1.8627e-02,-1.9667e-02,-2.0448e-02,-2.0983e-02,-2.1284e-02,-2.1366e-02,-2.1240e-02,-2.0921e-02,-2.0420e-02,-1.9749e-02,-1.8920e-02,-1.7944e-02,-1.6834e-02,-1.5601e-02,-1.4256e-02,-1.2812e-02,-1.1279e-02,-9.6706e-03,-7.9991e-03,-6.2774e-03,-4.5189e-03,-2.7372e-03,-9.4623e-04,8.3983e-04,2.6066e-03,4.3398e-03,6.0252e-03,7.6487e-03,9.1969e-03,1.0657e-02,1.2016e-02,1.3262e-02,1.4387e-02,1.5380e-02,1.6234e-02,1.6943e-02,1.7501e-02,1.7906e-02,1.8156e-02,1.8251e-02,1.8194e-02,1.7986e-02,1.7634e-02,1.7142e-02,1.6519e-02,1.5772e-02,1.4912e-02,1.3948e-02,1.2891e-02,1.1753e-02,1.0545e-02,9.2796e-03,7.9691e-03,6.6255e-03,5.2613e-03,3.8886e-03,2.5195e-03,1.1658e-03,-1.6085e-04,-1.4493e-03,-2.6887e-03,-3.8684e-03,-4.9780e-03,-6.0077e-03,-6.9479e-03,-7.7895e-03,-8.5236e-03,-9.1419e-03,-9.6363e-03,-9.9991e-03,-1.0223e-02,-1.0301e-02,-1.0227e-02,-9.9940e-03,-9.5967e-03,-9.0297e-03,-8.2877e-03,-7.3660e-03,-6.2606e-03,-4.9671e-03,-3.4821e-03,-1.8024e-03,7.4696e-05,2.1520e-03,4.4315e-03,6.9149e-03,9.6039e-03,1.2499e-02,1.5601e-02,1.8912e-02,2.2429e-02,2.6153e-02
7.3936e-05,-3.1956e-03,-6.1914e-03,-8.9008e-03,-1.1318e-02,-1.3441e-02,-1.5274e-02,-1.6824e-02,-1.8099e-02,-1.9112e-02,-1.9874e-02,-2.0396e-02,-2.0693e-02,-2.0777e-02,-2.0659e-02,-2.0353e-02,-1.9870e-02,-1.9222e-02,-1.8420e-02,-1.7474e-02,-1.6396e-02,-1.5197e-02,-1.3888e-02,-1.2479e-02,-1.0982e-02,-9.4084e-03,-7.7700e-03,-6.0793e-03,-4.3486e-03,-2.5912e-03,-8.2045e-04,9.4993e-04,2.7061e-03,4.4341e-03,6.1199e-03,7.7495e-03,9.3093e-03,1.0786e-02,1.2168e-02,1.3442e-02,1.4598e-02,1.5627e-02,1.6519e-02,1.7268e-02,1.7869e-02,1.8316e-02,1.8608e-02,1.8744e-02,1.8724e-02,1.8551e-02,1.8229e-02,1.7763e-02,1.7160e-02,1.6428e-02,1.5575e-02,1.4611e-02,1.3548e-02,1.2396e-02,1.1167e-02,9.8732e-03,8.5278e-03,7.1430e-03,5.7318e-03,4.3068e-03,2.8807e-03,1.4661e-03,7.5314e-05,-1.2795e-03,-2.5867e-03,-3.8344e-03,-5.0119e-03,-6.1079e-03,-7.1121e-03,-8.0146e-03,-8.8053e-03,-9.4751e-03,-1.0015e-02,-1.0417e-02,-1.0672e-02,-1.0773e-02,-1.0713e-02,-1.0484e-02,-1.0081e-02,-9.4977e-03,-8.7284e-03,-7.7682e-03,-6.6126e-03,-5.2573e-03,-3.6988e-03,-1.9339e-03,4.0334e-05,2.2262e-03,4.6256e-03,7.2398e-03,1.0070e-02,1.3117e-02,1.6381e-02,1.9861e-02,2.3557e-02,2.7468e-02
8.6319e-05,-3.0977e-03,-6.0123e-03,-8.6462e-03,-1.0994e-02,-1.3056e-02,-1.4836e-02,-1.6342e-02,-1.7581e-02,-1.8566e-02,-1.9307e-02,-1.9817e-02,-2.0108e-02,-2.0192e-02,-2.0081e-02,-1.9788e-02,-1.9322e-02,-1.8696e-02,-1.7920e-02,-1.7004e-02,-1.5958e-02,-1.4793e-02,-1.3520e-02,-1.2148e-02,-1.0688e-02,-9.1507e-03,-7.5477e-03,-5.8903e-03,-4.1906e-03,-2.4609e-03,-7.1413e-04,1.0368e-03,2.7783e-03,4.4967e-03,6.1784e-03,7.8096e-03,9.3769e-03,1.0867e-02,1.2267e-02,1.3565e-02,1.4750e-02,1.5812e-02,1.6741e-02,1.7530e-02,1.8172e-02,1.8662e-02,1.8997e-02,1.9175e-02,1.9196e-02,1.9062e-02,1.8775e-02,1.8340e-02,1.7762e-02,1.7050e-02,1.6210e-02,1.5254e-02,1.4190e-02,1.3031e-02,1.1787e-02,1.0472e-02,9.0973e-03,7.6767e-03,6.2231e-03,4.7498e-03,3.2699e-03,1.7968e-03,3.4357e-04,-1.0770e-03,-2.4521e-03,-3.7694e-03,-5.0168e-03,-6.1823e-03,-7.2547e-03,-8.2227e-03,-9.0757e-03,-9.8035e-03,-1.0396e-02,-1.0844e-02,-1.1138e-02,-1.1271e-02,-1.1233e-02,-1.1018e-02,-1.0619e-02,-1.0028e-02,-9.2405e-03,-8.2506e-03,-7.0532e-03,-5.6444e-03,-4.0201e-03,-2.1769e-03,-1.1232e-04,2.1760e-03,4.6897e-03,7.4299e-03,1.0398e-02,1.3593e-02,1.7015e-02,2.0663e-02,2.4537e-02,2.8634e-02
8.2240e-05,-3.0156e-03,-5.8483e-03,-8.4061e-03,-1.0685e-02,-1.2686e-02,-1.4412e-02,-1.5873e-02,-1.7075e-02,-1.8031e-02,-1.8751e-02,-1.9247e-02,-1.9531e-02,-1.9615e-02,-1.9510e-02,-1.9228e-02,-1.8779e-02,-1.8174e-02,-1.7423e-02,-1.6536e-02,-1.5522e-02,-1.4392e-02,-1.3155e-02,-1.1820e-02,-1.0398e-02,-8.8992e-03,-7.3333e-03,-5.7117e-03,-4.0456e-03,-2.3466e-03,-6.2709e-04,1.1006e-03,2.8233e-03,4.5281e-03,6.2015e-03,7.8301e-03,9.4004e-03,1.0899e-02,1.2314e-02,1.3633e-02,1.4843e-02,1.5935e-02,1.6899e-02,1.7725e-02,1.8408e-02,1.8941e-02,1.9320e-02,1.9542e-02,1.9606e-02,1.9513e-02,1.9265e-02,1.8865e-02,1.8318e-02,1.7631e-02,1.6811e-02,1.5868e-02,1.4811e-02,1.3651e-02,1.2400e-02,1.1069e-02,9.6720e-03,8.2214e-03,6.7308e-03,5.2140e-03,3.6846e-03,2.1564e-03,6.4313e-04,-8.4153e-04,-2.2841e-03,-3.6712e-03,-4.9899e-03,-6.2274e-03,-7.3711e-03,-8.4090e-03,-9.3295e-03,-1.0121e-02,-1.0773e-02,-1.1275e-02,-1.1617e-02,-1.1790e-02,-1.1784e-02,-1.1591e-02,-1.1205e-02,-1.0617e-02,-9.8205e-03,-8.8104e-03,-7.5810e-03,-6.1275e-03,-4.4461e-03,-2.5332e-03,-3.8611e-04,1.9975e-03,4.6191e-03,7.4795e-03,1.0579e-02,1.3918e-02,1.7495e-02,2.1309e-02,2.5358e-02,2.9639e-02
6.2495e-05,-2.9486e-03,-5.6993e-03,-8.1809e-03,-1.0391e-02,-1.2330e-02,-1.4003e-02,-1.5418e-02,-1.6583e-02,-1.7510e-02,-1.8208e-02,-1.8690e-02,-1.8966e-02,-1.9049e-02,-1.8950e-02,-1.8678e-02,-1.8244e-02,-1.7660e-02,-1.6933e-02,-1.6074e-02,-1.5092e-02,-1.3996e-02,-1.2796e-02,-1.1499e-02,-1.0116e-02,-8.6557e-03,-7.1285e-03,-5.5444e-03,-3.9141e-03,-2.2486e-03,-5.5932e-04,1.1417e-03,2.8421e-03,4.5293e-03,6.1902e-03,7.8118e-03,9.3811e-03,1.0885e-02,1.2310e-02,1.3645e-02,1.4877e-02,1.5996e-02,1.6992e-02,1.7854e-02,1.8576e-02,1.9151e-02,1.9574e-02,1.9841e-02,1.9950e-02,1.9900e-02,1.9694e-02,1.9333e-02,1.8821e-02,1.8165e-02,1.7371e-02,1.6448e-02,1.5404e-02,1.4250e-02,1.2998e-02,1.1659e-02,1.0245e-02,8.7714e-03,7.2501e-03,5.6952e-03,4.1212e-03,2.5421e-03,9.7224e-04,-5.7393e-04,-2.0823e-03,-3.5386e-03,-4.9291e-03,-6.2398e-03,-7.4575e-03,-8.5689e-03,-9.5614e-03,-1.0422e-02,-1.1140e-02,-1.1703e-02,-1.2101e-02,-1.2322e-02,-1.2357e-02,-1.2197e-02,-1.1834e-02,-1.1258e-02,-1.0464e-02,-9.4440e-03,-8.1926e-03,-6.7047e-03,-4.9760e-03,-3.0027e-03,-7.8182e-04,1.6886e-03,4.4102e-03,7.3835e-03,1.0609e-02,1.4086e-02,1.7812e-02,2.1787e-02,2.6007e-02,3.0470e-02
2.8368e-05,-2.8961e-03,-5.5647e-03,-7.9706e-03,-1.0112e-02,-1.1990e-02,-1.3610e-02,-1.4979e-02,-1.6107e-02,-1.7004e-02,-1.7681e-02,-1.8148e-02,-1.8416e-02,-1.8497e-02,-1.8401e-02,-1.8139e-02,-1.7721e-02,-1.7155e-02,-1.6453e-02,-1.5622e-02,-1.4671e-02,-1.3609e-02,-1.2444e-02,-1.1186e-02,-9.8417e-03,-8.4215e-03,-6.9342e-03,-5.3893e-03,-3.7967e-03,-2.1669e-03,-5.1070e-04,1.1606e-03,2.8353e-03,4.5011e-03,6.1456e-03,7.7563e-03,9.3200e-03,1.0824e-02,1.2256e-02,1.3603e-02,1.4854e-02,1.5996e-02,1.7020e-02,1.7916e-02,1.8675e-02,1.9291e-02,1.9757e-02,2.0068e-02,2.0223e-02,2.0219e-02,2.0057e-02,1.9738e-02,1.9266e-02,1.8646e-02,1.7882e-02,1.6985e-02,1.5960e-02,1.4820e-02,1.3573e-02,1.2233e-02,1.0811e-02,9.3205e-03,7.7749e-03,6.1885e-03,4.5754e-03,2.9505e-03,1.3284e-03,-2.7588e-04,-1.8474e-03,-3.3714e-03,-4.8330e-03,-6.2176e-03,-7.5107e-03,-8.6983e-03,-9.7665e-03,-1.0702e-02,-1.1491e-02,-1.2122e-02,-1.2583e-02,-1.2861e-02,-1.2947e-02,-1.2829e-02,-1.2499e-02,-1.1946e-02,-1.1165e-02,-1.0146e-02,-8.8840e-03,-7.3726e-03,-5.6073e-03,-3.5841e-03,-1.2997e-03,1.2481e-03,4.0606e-03,7.1386e-03,1.0482e-02,1.4089e-02,1.7960e-02,2.2090e-02,2.6477e-02,3.1118e-02
-1.8772e-05,-2.8568e-03,-5.4440e-03,-7.7746e-03,-9.8473e-03,-1.1665e-02,-1.3232e-02,-1.4557e-02,-1.5648e-02,-1.6516e-02,-1.7170e-02,-1.7622e-02,-1.7882e-02,-1.7960e-02,-1.7868e-02,-1.7615e-02,-1.7210e-02,-1.6664e-02,-1.5984e-02,-1.5180e-02,-1.4260e-02,-1.3231e-02,-1.2103e-02,-1.0882e-02,-9.5779e-03,-8.1982e-03,-6.7516e-03,-5.2471e-03,-3.6939e-03,-2.1017e-03,-4.8099e-04,1.1579e-03,2.8037e-03,4.4447e-03,6.0693e-03,7.6649e-03,9.2192e-03,1.0720e-02,1.2154e-02,1.3509e-02,1.4773e-02,1.5936e-02,1.6985e-02,1.7911e-02,1.8705e-02,1.9359e-02,1.9867e-02,2.0223e-02,2.0424e-02,2.0466e-02,2.0350e-02,2.0077e-02,1.9648e-02,1.9067e-02,1.8340e-02,1.7473e-02,1.6474e-02,1.5353e-02,1.4120e-02,1.2785e-02,1.1362e-02,9.8619e-03,8.2992e-03,6.6879e-03,5.0422e-03,3.3773e-03,1.7082e-03,5.0291e-05,-1.5809e-03,-3.1699e-03,-4.7011e-03,-6.1590e-03,-7.5282e-03,-8.7937e-03,-9.9405e-03,-1.0954e-02,-1.1820e-02,-1.2525e-02,-1.3056e-02,-1.3400e-02,-1.3545e-02,-1.3479e-02,-1.3192e-02,-1.2674e-02,-1.1917e-02,-1.0911e-02,-9.6495e-03,-8.1265e-03,-6.3364e-03,-4.2747e-03,-1.9380e-03,6.7623e-04,3.5696e-03,6.7425e-03,1.0195e-02,1.3925e-02,1.7931e-02,2.2210e-02,2.6758e-02,3.1571e-02
-7.7251e-05,-2.8295e-03,-5.3361e-03,-7.5923e-03,-9.5978e-03,-1.1356e-02,-1.2871e-02,-1.4152e-02,-1.5207e-02,-1.6045e-02,-1.6677e-02,-1.7114e-02,-1.7365e-02,-1.7441e-02,-1.7351e-02,-1.7107e-02,-1.6716e-02,-1.6187e-02,-1.5530e-02,-1.4752e-02,-1.3861e-02,-1.2866e-02,-1.1773e-02,-1.0590e-02,-9.3257e-03,-7.9868e-03,-6.5815e-03,-5.1184e-03,-3.6059e-03,-2.0532e-03,-4.6976e-04,1.1342e-03,2.7483e-03,4.3615e-03,5.9625e-03,7.5394e-03,9.0803e-03,1.0573e-02,1.2005e-02,1.3364e-02,1.4639e-02,1.5817e-02,1.6887e-02,1.7841e-02,1.8667e-02,1.9357e-02,1.9905e-02,2.0305e-02,2.0551e-02,2.0640e-02,2.0572e-02,2.0345e-02,1.9961e-02,1.9424e-02,1.8737e-02,1.7906e-02,1.6939e-02,1.5844e-02,1.4630e-02,1.3309e-02,1.1891e-02,1.0389e-02,8.8163e-03,7.1872e-03,5.5160e-03,3.8176e-03,2.1074e-03,4.0112e-04,-1.2852e-03,-2.9355e-03,-4.5336e-03,-6.0632e-03,-7.5080e-03,-8.8520e-03,-1.0079e-02,-1.1174e-02,-1.2122e-02,-1.2906e-02,-1.3514e-02,-1.3931e-02,-1.4143e-02,-1.4139e-02,-1.3906e-02,-1.3434e-02,-1.2712e-02,-1.1730e-02,-1.0483e-02,-8.9605e-03,-7.1581e-03,-5.0705e-03,-2.6936e-03,-2.4781e-05,2.9377e-03,6.1946e-03,9.7454e-03,1.3589e-02,1.7722e-02,2.2142e-02,2.6844e-02,3.1823e-02
-1.4534e-04,-2.8127e-03,-5.2397e-03,-7.4229e-03,-9.3624e-03,-1.1062e-02,-1.2526e-02,-1.3764e-02,-1.4783e-02,-1.5592e-02,-1.6203e-02,-1.6624e-02,-1.6867e-02,-1.6940e-02,-1.6853e-02,-1.6616e-02,-1.6238e-02,-1.5726e-02,-1.5091e-02,-1.4339e-02,-1.3477e-02,-1.2514e-02,-1.1456e-02,-1.0311e-02,-9.0862e-03,-7.7882e-03,-6.4247e-03,-5.0035e-03,-3.5328e-03,-2.0209e-03,-4.7679e-04,1.0903e-03,2.6702e-03,4.2526e-03,5.8269e-03,7.3817e-03,8.9055e-03,1.0386e-02,1.1812e-02,1.3171e-02,1.4451e-02,1.5641e-02,1.6730e-02,1.7707e-02,1.8561e-02,1.9286e-02,1.9871e-02,2.0312e-02,2.0603e-02,2.0739e-02,2.0718e-02,2.0539e-02,2.0204e-02,1.9712e-02,1.9069e-02,1.8280e-02,1.7349e-02,1.6285e-02,1.5097e-02,1.3795e-02,1.2390e-02,1.0894e-02,9.3191e-03,7.6798e-03,5.9903e-03,4.2656e-03,2.5210e-03,7.7251e-04,-9.6357e-04,-2.6706e-03,-4.3319e-03,-5.9305e-03,-7.4493e-03,-8.8716e-03,-1.0180e-02,-1.1359e-02,-1.2390e-02,-1.3259e-02,-1.3949e-02,-1.4446e-02,-1.4734e-02,-1.4801e-02,-1.4632e-02,-1.4216e-02,-1.3541e-02,-1.2597e-02,-1.1375e-02,-9.8673e-03,-8.0660e-03,-5.9658e-03,-3.5621e-03,-8.5164e-04,2.1674e-03,5.4962e-03,9.1338e-03,1.3079e-02,1.7329e-02,2.1881e-02,2.6728e-02,3.1865e-02
-2.2106e-04,-2.8048e-03,-5.1537e-03,-7.2651e-03,-9.1400e-03,-1.0782e-02,-1.2197e-02,-1.3392e-02,-1.4376e-02,-1.5158e-02,-1.5748e-02,-1.6154e-02,-1.6388e-02,-1.6458e-02,-1.6373e-02,-1.6144e-02,-1.5778e-02,-1.5283e-02,-1.4669e-02,-1.3941e-02,-1.3108e-02,-1.2177e-02,-1.1154e-02,-1.0046e-02,-8.8603e-03,-7.6031e-03,-6.2816e-03,-4.9030e-03,-3.4748e-03,-2.0048e-03,-5.0135e-04,1.0268e-03,2.5704e-03,4.1196e-03,5.6642e-03,7.1936e-03,8.6967e-03,1.0162e-02,1.1578e-02,1.2933e-02,1.4215e-02,1.5412e-02,1.6515e-02,1.7511e-02,1.8391e-02,1.9145e-02,1.9766e-02,2.0246e-02,2.0580e-02,2.0761e-02,2.0788e-02,2.0659e-02,2.0372e-02,1.9929e-02,1.9333e-02,1.8587e-02,1.7698e-02,1.6671e-02,1.5515e-02,1.4239e-02,1.2854e-02,1.1370e-02,9.8007e-03,8.1589e-03,6.4588e-03,4.7152e-03,2.9434e-03,1.1595e-03,-6.2011e-04,-2.3784e-03,-4.0982e-03,-5.7621e-03,-7.3522e-03,-8.8510e-03,-1.0240e-02,-1.1503e-02,-1.2621e-02,-1.3578e-02,-1.4356e-02,-1.4938e-02,-1.5310e-02,-1.5456e-02,-1.5361e-02,-1.5012e-02,-1.4396e-02,-1.3502e-02,-1.2319e-02,-1.0839e-02,-9.0524e-03,-6.9536e-03,-4.5372e-03,-1.7993e-03,1.2627e-03,4.6498e-03,8.3616e-03,1.2397e-02,1.6752e-02,2.1424e-02,2.6406e-02,3.1693e-02
-3.0252e-04,-2.8041e-03,-5.0765e-03,-7.1178e-03,-8.9297e-03,-1.0516e-02,-1.1883e-02,-1.3037e-02,-1.3988e-02,-1.4743e-02,-1.5311e-02,-1.5704e-02,-1.5928e-02,-1.5995e-02,-1.5913e-02,-1.5691e-02,-1.5337e-02,-1.4859e-02,-1.4264e-02,-1.3561e-02,-1.2756e-02,-1.1856e-02,-1.0867e-02,-9.7956e-03,-8.6486e-03,-7.4321e-03,-6.1526e-03,-4.8169e-03,-3.4317e-03,-2.0045e-03,-5.4297e-04,9.4477e-04,2.4501e-03,3.9638e-03,5.4762e-03,6.9772e-03,8.4563e-03,9.9025e-03,1.1304e-02,1.2651e-02,1.3931e-02,1.5132e-02,1.6244e-02,1.7256e-02,1.8157e-02,1.8939e-02,1.9592e-02,2.0109e-02,2.0483e-02,2.0709e-02,2.0783e-02,2.0701e-02,2.0464e-02,2.0072e-02,1.9525e-02,1.8826e-02,1.7982e-02,1.6996e-02,1.5877e-02,1.4634e-02,1.3274e-02,1.1811e-02,1.0254e-02,8.6173e-03,6.9144e-03,5.1596e-03,3.3683e-03,1.5563e-03,-2.5975e-04,-2.0630e-03,-3.8356e-03,-5.5599e-03,-7.2176e-03,-8.7902e-03,-1.0259e-02,-1.1606e-02,-1.2811e-02,-1.3858e-02,-1.4727e-02,-1.5401e-02,-1.5863e-02,-1.6096e-02,-1.6084e-02,-1.5812e-02,-1.5267e-02,-1.4435e-02,-1.3304e-02,-1.1865e-02,-1.0108e-02,-8.0255e-03,-5.6113e-03,-2.8607e-03,2.2904e-04,3.6600e-03,7.4317e-03,1.1543e-02,1.5991e-02,2.0771e-02,2.5877e-02,3.1303e-02
-3.8782e-04,-2.8088e-03,-5.0065e-03,-6.9797e-03,-8.7304e-03,-1.0263e-02,-1.1583e-02,-1.2698e-02,-1.3616e-02,-1.4345e-02,-1.4894e-02,-1.5272e-02,-1.5489e-02,-1.5553e-02,-1.5473e-02,-1.5258e-02,-1.4915e-02,-1.4452e-02,-1.3878e-02,-1.3198e-02,-1.2420e-02,-1.1551e-02,-1.0595e-02,-9.5602e-03,-8.4516e-03,-7.2755e-03,-6.0380e-03,-4.7450e-03,-3.4033e-03,-2.0195e-03,-6.0083e-04,8.4522e-04,2.3106e-03,3.7867e-03,5.2645e-03,6.7345e-03,8.1866e-03,9.6103e-03,1.0995e-02,1.2330e-02,1.3603e-02,1.4804e-02,1.5921e-02,1.6945e-02,1.7864e-02,1.8668e-02,1.9350e-02,1.9901e-02,2.0313e-02,2.0581e-02,2.0700e-02,2.0667e-02,2.0480e-02,2.0138e-02,1.9641e-02,1.8993e-02,1.8196e-02,1.7256e-02,1.6179e-02,1.4973e-02,1.3646e-02,1.2209e-02,1.0672e-02,9.0480e-03,7.3500e-03,5.5922e-03,3.7892e-03,1.9569e-03,1.1179e-04,-1.7292e-03,-3.5483e-03,-5.3272e-03,-7.0476e-03,-8.6901e-03,-1.0236e-02,-1.1665e-02,-1.2958e-02,-1.4096e-02,-1.5059e-02,-1.5828e-02,-1.6385e-02,-1.6712e-02,-1.6792e-02,-1.6607e-02,-1.6143e-02,-1.5385e-02,-1.4320e-02,-1.2936e-02,-1.1223e-02,-9.1717e-03,-6.7753e-03,-4.0280e-03,-9.2600e-04,2.5330e-03,6.3494e-03,1.0522e-02,1.5047e-02,1.9922e-02,2.5139e-02,3.0692e-02
-4.7490e-04,-2.8173e-03,-4.9422e-03,-6.8493e-03,-8.5409e-03,-1.0021e-02,-1.1297e-02,-1.2373e-02,-1.3260e-02,-1.3964e-02,-1.4494e-02,-1.4859e-02,-1.5069e-02,-1.5130e-02,-1.5052e-02,-1.4844e-02,-1.4512e-02,-1.4065e-02,-1.3510e-02,-1.2854e-02,-1.2102e-02,-1.1262e-02,-1.0340e-02,-9.3402e-03,-8.2696e-03,-7.1334e-03,-5.9374e-03,-4.6874e-03,-3.3893e-03,-2.0494e-03,-6.7421e-04,7.2911e-04,2.1531e-03,3.5900e-03,5.0311e-03,6.4676e-03,7.8899e-03,9.2881e-03,1.0652e-02,1.1971e-02,1.3234e-02,1.4431e-02,1.5550e-02,1.6581e-02,1.7513e-02,1.8337e-02,1.9044e-02,1.9625e-02,2.0073e-02,2.0381e-02,2.0543e-02,2.0557e-02,2.0419e-02,2.0127e-02,1.9682e-02,1.9085e-02,1.8339e-02,1.7448e-02,1.6416e-02,1.5252e-02,1.3963e-02,1.2558e-02,1.1048e-02,9.4443e-03,7.7589e-03,6.0057e-03,4.1992e-03,2.3547e-03,4.8846e-04,-1.3826e-03,-3.2410e-03,-5.0681e-03,-6.8452e-03,-8.5528e-03,-1.0171e-02,-1.1680e-02,-1.3059e-02,-1.4288e-02,-1.5346e-02,-1.6214e-02,-1.6871e-02,-1.7298e-02,-1.7476e-02,-1.7387e-02,-1.7015e-02,-1.6342e-02,-1.5355e-02,-1.4040e-02,-1.2386e-02,-1.0381e-02,-8.0189e-03,-5.2910e-03,-2.1934e-03,1.2770e-03,5.1214e-03,9.3389e-03,1.3927e-02,1.8881e-02,2.4195e-02,2.9861e-02
-5.6190e-04,-2.8278e-03,-4.8821e-03,-6.7251e-03,-8.3596e-03,-9.7900e-03,-1.1022e-02,-1.2063e-02,-1.2919e-02,-1.3600e-02,-1.4112e-02,-1.4465e-02,-1.4667e-02,-1.4726e-02,-1.4651e-02,-1.4450e-02,-1.4129e-02,-1.3697e-02,-1.3161e-02,-1.2527e-02,-1.1802e-02,-1.0991e-02,-1.0100e-02,-9.1356e-03,-8.1023e-03,-7.0056e-03,-5.8510e-03,-4.6435e-03,-3.3890e-03,-2.0932e-03,-7.6224e-04,5.9755e-04,1.9791e-03,3.3752e-03,4.7778e-03,6.1786e-03,7.5686e-03,8.9385e-03,1.0278e-02,1.1578e-02,1.2828e-02,1.4016e-02,1.5133e-02,1.6167e-02,1.7109e-02,1.7949e-02,1.8677e-02,1.9284e-02,1.9764e-02,2.0109e-02,2.0313e-02,2.0371e-02,2.0281e-02,2.0039e-02,1.9646e-02,1.9101e-02,1.8407e-02,1.7567e-02,1.6585e-02,1.5467e-02,1.4221e-02,1.2854e-02,1.1377e-02,9.7994e-03,8.1340e-03,6.3934e-03,4.5914e-03,2.7429e-03,8.6365e-04,-1.0296e-03,-2.9193e-03,-4.7872e-03,-6.6143e-03,-8.3810e-03,-1.0067e-02,-1.1652e-02,-1.3114e-02,-1.4432e-02,-1.5586e-02,-1.6553e-02,-1.7313e-02,-1.7845e-02,-1.8128e-02,-1.8143e-02,-1.7871e-02,-1.7295e-02,-1.6398e-02,-1.5166e-02,-1.3585e-02,-1.1643e-02,-9.3303e-03,-6.6389e-03,-3.5630e-03,-9.8411e-05,3.7565e-03,8.0020e-03,1.2635e-02,1.7652e-02,2.3047e-02,2.8812e-02
-6.4713e-04,-2.8386e-03,-4.8246e-03,-6.6059e-03,-8.1856e-03,-9.5680e-03,-1.0759e-02,-1.1765e-02,-1.2593e-02,-1.3251e-02,-1.3747e-02,-1.4088e-02,-1.4284e-02,-1.4342e-02,-1.4269e-02,-1.4075e-02,-1.3765e-02,-1.3348e-02,-1.2830e-02,-1.2218e-02,-1.1518e-02,-1.0736e-02,-9.8766e-03,-8.9463e-03,-7.9497e-03,-6.8920e-03,-5.7780e-03,-4.6130e-03,-3.4020e-03,-2.1504e-03,-8.6385e-04,4.5175e-04,1.7900e-03,3.1440e-03,4.5065e-03,5.8696e-03,7.2251e-03,8.5641e-03,9.8772e-03,1.1155e-02,1.2387e-02,1.3563e-02,1.4674e-02,1.5708e-02,1.6655e-02,1.7506e-02,1.8252e-02,1.8882e-02,1.9391e-02,1.9769e-02,2.0011e-02,2.0112e-02,2.0068e-02,1.9875e-02,1.9533e-02,1.9041e-02,1.8400e-02,1.7612e-02,1.6682e-02,1.5614e-02,1.4414e-02,1.3091e-02,1.1652e-02,1.0108e-02,8.4690e-03,6.7484e-03,4.9587e-03,3.1143e-03,1.2305e-03,-6.7647e-04,-2.5893e-03,-4.4901e-03,-6.3598e-03,-8.1786e-03,-9.9261e-03,-1.1581e-02,-1.3123e-02,-1.4528e-02,-1.5776e-02,-1.6843e-02,-1.7707e-02,-1.8347e-02,-1.8740e-02,-1.8865e-02,-1.8703e-02,-1.8233e-02,-1.7438e-02,-1.6301e-02,-1.4807e-02,-1.2943e-02,-1.0697e-02,-8.0590e-03,-5.0225e-03,-1.5820e-03,2.2653e-03,6.5202e-03,1.1181e-02,1.6243e-02,2.1702e-02,2.7549e-02
-7.2882e-04,-2.8482e-03,-4.7682e-03,-6.4903e-03,-8.0173e-03,-9.3539e-03,-1.0506e-02,-1.1479e-02,-1.2280e-02,-1.2917e-02,-1.3397e-02,-1.3729e-02,-1.3918e-02,-1.3975e-02,-1.3905e-02,-1.3718e-02,-1.3419e-02,-1.3017e-02,-1.2517e-02,-1.1927e-02,-1.1251e-02,-1.0497e-02,-9.6687e-03,-8.7718e-03,-7.8113e-03,-6.7918e-03,-5.7182e-03,-4.5951e-03,-3.4274e-03,-2.2199e-03,-9.7806e-04,2.9296e-04,1.5871e-03,2.8981e-03,4.2191e-03,5.5430e-03,6.8619e-03,8.1674e-03,9.4510e-03,1.0703e-02,1.1915e-02,1.3076e-02,1.4176e-02,1.5206e-02,1.6155e-02,1.7013e-02,1.7772e-02,1.8422e-02,1.8955e-02,1.9364e-02,1.9641e-02,1.9782e-02,1.9781e-02,1.9636e-02,1.9344e-02,1.8904e-02,1.8316e-02,1.7582e-02,1.6705e-02,1.5690e-02,1.4540e-02,1.3264e-02,1.1869e-02,1.0363e-02,8.7579e-03,7.0641e-03,5.2943e-03,3.4621e-03,1.5820e-03,-3.3028e-04,-2.2578e-03,-4.1829e-03,-6.0870e-03,-7.9505e-03,-9.7526e-03,-1.1472e-02,-1.3088e-02,-1.4576e-02,-1.5914e-02,-1.7080e-02,-1.8049e-02,-1.8798e-02,-1.9305e-02,-1.9546e-02,-1.9500e-02,-1.9145e-02,-1.8463e-02,-1.7433e-02,-1.6040e-02,-1.4269e-02,-1.2105e-02,-9.5379e-03,-6.5587e-03,-3.1609e-03,6.5971e-04,4.9048e-03,9.5736e-03,1.4663e-02,2.0167e-02,2.6078e-02
-8.0537e-04,-2.8551e-03,-4.7117e-03,-6.3767e-03,-7.8536e-03,-9.1465e-03,-1.0261e-02,-1.1203e-02,-1.1980e-02,-1.2597e-02,-1.3063e-02,-1.3384e-02,-1.3569e-02,-1.3625e-02,-1.3559e-02,-1.3379e-02,-1.3091e-02,-1.2703e-02,-1.2222e-02,-1.1652e-02,-1.1001e-02,-1.0274e-02,-9.4757e-03,-8.6117e-03,-7.6865e-03,-6.7047e-03,-5.6708e-03,-4.5892e-03,-3.4644e-03,-2.3010e-03,-1.1036e-03,1.2246e-04,1.3720e-03,2.6391e-03,3.9176e-03,5.2007e-03,6.4812e-03,7.7514e-03,9.0029e-03,1.0227e-02,1.1415e-02,1.2557e-02,1.3644e-02,1.4666e-02,1.5612e-02,1.6474e-02,1.7242e-02,1.7908e-02,1.8462e-02,1.8897e-02,1.9207e-02,1.9384e-02,1.9425e-02,1.9324e-02,1.9080e-02,1.8691e-02,1.8157e-02,1.7477e-02,1.6655e-02,1.5693e-02,1.4596e-02,1.3371e-02,1.2023e-02,1.0561e-02,8.9953e-03,7.3349e-03,5.5921e-03,3.7795e-03,1.9113e-03,2.2277e-06,-1.9313e-03,-3.8723e-03,-5.8024e-03,-7.7020e-03,-9.5510e-03,-1.1328e-02,-1.3011e-02,-1.4577e-02,-1.6002e-02,-1.7264e-02,-1.8336e-02,-1.9195e-02,-1.9817e-02,-2.0178e-02,-2.0254e-02,-2.0022e-02,-1.9461e-02,-1.8550e-02,-1.7271e-02,-1.5606e-02,-1.3540e-02,-1.1061e-02,-8.1574e-03,-4.8211e-03,-1.0466e-03,3.1690e-03,7.8259e-03,1.2922e-02,1.8452e-02,2.4408e-02
-8.7534e-04,-2.8580e-03,-4.6537e-03,-6.2643e-03,-7.6932e-03,-8.9448e-03,-1.0024e-02,-1.0937e-02,-1.1690e-02,-1.2289e-02,-1.2742e-02,-1.3055e-02,-1.3236e-02,-1.3292e-02,-1.3229e-02,-1.3057e-02,-1.2780e-02,-1.2407e-02,-1.1942e-02,-1.1394e-02,-1.0766e-02,-1.0066e-02,-9.2972e-03,-8.4653e-03,-7.5748e-03,-6.6299e-03,-5.6351e-03,-4.5944e-03,-3.5120e-03,-2.3922e-03,-1.2395e-03,-5.8349e-05,1.1462e-03,2.3688e-03,3.6038e-03,4.8449e-03,6.0855e-03,7.3184e-03,8.5357e-03,9.7295e-03,1.0891e-02,1.2011e-02,1.3081e-02,1.4091e-02,1.5031e-02,1.5893e-02,1.6667e-02,1.7343e-02,1.7915e-02,1.8373e-02,1.8710e-02,1.8921e-02,1.9000e-02,1.8942e-02,1.8745e-02,1.8405e-02,1.7922e-02,1.7297e-02,1.6529e-02,1.5623e-02,1.4581e-02,1.3409e-02,1.2112e-02,1.0698e-02,9.1763e-03,7.5552e-03,5.8459e-03,4.0603e-03,2.2115e-03,3.1392e-04,-1.6173e-03,-3.5652e-03,-5.5124e-03,-7.4396e-03,-9.3270e-03,-1.1153e-02,-1.2897e-02,-1.4534e-02,-1.6041e-02,-1.7393e-02,-1.8566e-02,-1.9535e-02,-2.0273e-02,-2.0755e-02,-2.0957e-02,-2.0853e-02,-2.0422e-02,-1.9640e-02,-1.8486e-02,-1.6941e-02,-1.4989e-02,-1.2614e-02,-9.8032e-03,-6.5472e-03,-2.8386e-03,1.3271e-03,5.9515e-03,1.1033e-02,1.6568e-02,2.2549e-02
-9.3749e-04,-2.8557e-03,-4.5929e-03,-6.1516e-03,-7.5350e-03,-8.7475e-03,-9.7939e-03,-1.0680e-02,-1.1411e-02,-1.1993e-02,-1.2434e-02,-1.2740e-02,-1.2917e-02,-1.2973e-02,-1.2916e-02,-1.2750e-02,-1.2485e-02,-1.2126e-02,-1.1679e-02,-1.1151e-02,-1.0547e-02,-9.8722e-03,-9.1324e-03,-8.3319e-03,-7.4752e-03,-6.5666e-03,-5.6101e-03,-4.6097e-03,-3.5693e-03,-2.4928e-03,-1.3843e-03,-2.4813e-04,9.1122e-04,2.0889e-03,3.2797e-03,4.4778e-03,5.6772e-03,6.8711e-03,8.0523e-03,9.2132e-03,1.0346e-02,1.1441e-02,1.2491e-02,1.3485e-02,1.4416e-02,1.5274e-02,1.6049e-02,1.6733e-02,1.7318e-02,1.7795e-02,1.8157e-02,1.8398e-02,1.8512e-02,1.8493e-02,1.8340e-02,1.8047e-02,1.7615e-02,1.7042e-02,1.6329e-02,1.5479e-02,1.4493e-02,1.3376e-02,1.2133e-02,1.0771e-02,9.2971e-03,7.7204e-03,6.0504e-03,4.2984e-03,2.4766e-03,5.9809e-04,-1.3222e-03,-3.2686e-03,-5.2238e-03,-7.1697e-03,-9.0866e-03,-1.0954e-02,-1.2749e-02,-1.4450e-02,-1.6032e-02,-1.7470e-02,-1.8740e-02,-1.9814e-02,-2.0667e-02,-2.1272e-02,-2.1602e-02,-2.1632e-02,-2.1336e-02,-2.0690e-02,-1.9672e-02,-1.8260e-02,-1.6435e-02,-1.4180e-02,-1.1480e-02,-8.3231e-03,-4.7001e-03,-6.0482e-04,3.9658e-03,9.0118e-03,1.4530e-02,2.0514e-02
-9.9070e-04,-2.8470e-03,-4.5286e-03,-6.0378e-03,-7.3782e-03,-8.5538e-03,-9.5692e-03,-1.0430e-02,-1.1141e-02,-1.1708e-02,-1.2138e-02,-1.2437e-02,-1.2612e-02,-1.2670e-02,-1.2616e-02,-1.2459e-02,-1.2205e-02,-1.1860e-02,-1.1430e-02,-1.0922e-02,-1.0341e-02,-9.6920e-03,-8.9803e-03,-8.2106e-03,-7.3871e-03,-6.5139e-03,-5.5951e-03,-4.6342e-03,-3.6352e-03,-2.6015e-03,-1.5370e-03,-4.4557e-04,6.6860e-04,1.8012e-03,2.9472e-03,4.1015e-03,5.2585e-03,6.4119e-03,7.5553e-03,8.6812e-03,9.7821e-03,1.0850e-02,1.1877e-02,1.2853e-02,1.3771e-02,1.4620e-02,1.5393e-02,1.6081e-02,1.6675e-02,1.7167e-02,1.7550e-02,1.7817e-02,1.7963e-02,1.7981e-02,1.7868e-02,1.7621e-02,1.7237e-02,1.6716e-02,1.6057e-02,1.5261e-02,1.4331e-02,1.3271e-02,1.2084e-02,1.0776e-02,9.3546e-03,7.8265e-03,6.2012e-03,4.4887e-03,2.7003e-03,8.4838e-04,-1.0531e-03,-2.9893e-03,-4.9439e-03,-6.8991e-03,-8.8365e-03,-1.0735e-02,-1.2574e-02,-1.4330e-02,-1.5980e-02,-1.7497e-02,-1.8858e-02,-2.0034e-02,-2.0999e-02,-2.1724e-02,-2.2184e-02,-2.2349e-02,-2.2194e-02,-2.1692e-02,-2.0818e-02,-1.9550e-02,-1.7865e-02,-1.5745e-02,-1.3172e-02,-1.0132e-02,-6.6140e-03,-2.6098e-03,1.8856e-03,6.8738e-03,1.2353e-02,1.8318e-02
-1.0339e-03,-2.8310e-03,-4.4595e-03,-5.9220e-03,-7.2217e-03,-8.3627e-03,-9.3492e-03,-1.0186e-02,-1.0878e-02,-1.1432e-02,-1.1853e-02,-1.2146e-02,-1.2320e-02,-1.2379e-02,-1.2331e-02,-1.2182e-02,-1.1939e-02,-1.1608e-02,-1.1196e-02,-1.0707e-02,-1.0148e-02,-9.5244e-03,-8.8403e-03,-8.1005e-03,-7.3094e-03,-6.4709e-03,-5.5890e-03,-4.6670e-03,-3.7085e-03,-2.7171e-03,-1.6961e-03,-6.4914e-04,4.1994e-04,1.5071e-03,2.6081e-03,3.7180e-03,4.8317e-03,5.9435e-03,7.0473e-03,8.1365e-03,9.2038e-03,1.0242e-02,1.1242e-02,1.2197e-02,1.3099e-02,1.3937e-02,1.4704e-02,1.5392e-02,1.5991e-02,1.6495e-02,1.6895e-02,1.7184e-02,1.7358e-02,1.7409e-02,1.7334e-02,1.7129e-02,1.6791e-02,1.6319e-02,1.5713e-02,1.4972e-02,1.4098e-02,1.3095e-02,1.1965e-02,1.0713e-02,9.3463e-03,7.8707e-03,6.2942e-03,4.6265e-03,2.8775e-03,1.0591e-03,-8.1613e-04,-2.7342e-03,-4.6794e-03,-6.6352e-03,-8.5834e-03,-1.0505e-02,-1.2378e-02,-1.4180e-02,-1.5888e-02,-1.7478e-02,-1.8922e-02,-2.0194e-02,-2.1267e-02,-2.2111e-02,-2.2698e-02,-2.3000e-02,-2.2988e-02,-2.2635e-02,-2.1913e-02,-2.0798e-02,-1.9265e-02,-1.7292e-02,-1.4862e-02,-1.1957e-02,-8.5626e-03,-4.6698e-03,-2.7107e-04,4.6370e-03,1.0054e-02,1.5977e-02
-1.0664e-03,-2.8070e-03,-4.3851e-03,-5.8033e-03,-7.0648e-03,-8.1732e-03,-9.1328e-03,-9.9480e-03,-1.0624e-02,-1.1165e-02,-1.1577e-02,-1.1866e-02,-1.2039e-02,-1.2101e-02,-1.2058e-02,-1.1918e-02,-1.1687e-02,-1.1370e-02,-1.0974e-02,-1.0505e-02,-9.9679e-03,-9.3684e-03,-8.7111e-03,-8.0006e-03,-7.2411e-03,-6.4366e-03,-5.5907e-03,-4.7068e-03,-3.7883e-03,-2.8384e-03,-1.8604e-03,-8.5756e-04,1.6665e-04,1.2085e-03,2.2642e-03,3.3293e-03,4.3990e-03,5.4682e-03,6.5311e-03,7.5819e-03,8.6136e-03,9.6194e-03,1.0592e-02,1.1523e-02,1.2404e-02,1.3228e-02,1.3986e-02,1.4669e-02,1.5271e-02,1.5781e-02,1.6195e-02,1.6503e-02,1.6700e-02,1.6781e-02,1.6741e-02,1.6575e-02,1.6281e-02,1.5856e-02,1.5300e-02,1.4612e-02,1.3794e-02,1.2847e-02,1.1775e-02,1.0581e-02,9.2708e-03,7.8503e-03,6.3265e-03,4.7078e-03,3.0037e-03,1.2247e-03,-6.1738e-04,-2.5095e-03,-4.4373e-03,-6.3848e-03,-8.3350e-03,-1.0269e-02,-1.2167e-02,-1.4006e-02,-1.5764e-02,-1.7416e-02,-1.8936e-02,-2.0298e-02,-2.1472e-02,-2.2430e-02,-2.3143e-02,-2.3581e-02,-2.3713e-02,-2.3511e-02,-2.2946e-02,-2.1991e-02,-2.0620e-02,-1.8808e-02,-1.6534e-02,-1.3779e-02,-1.0528e-02,-6.7659e-03,-2.4852e-03,2.3205e-03,7.6527e-03,1.3510e-02
-1.0875e-03,-2.7743e-03,-4.3046e-03,-5.6810e-03,-6.9066e-03,-7.9848e-03,-8.9195e-03,-9.7147e-03,-1.0375e-02,-1.0905e-02,-1.1311e-02,-1.1596e-02,-1.1769e-02,-1.1834e-02,-1.1798e-02,-1.1666e-02,-1.1446e-02,-1.1144e-02,-1.0764e-02,-1.0314e-02,-9.7988e-03,-9.2230e-03,-8.5920e-03,-7.9101e-03,-7.1815e-03,-6.4100e-03,-5.5993e-03,-4.7527e-03,-3.8733e-03,-2.9643e-03,-2.0286e-03,-1.0694e-03,-8.9679e-05,9.0707e-04,1.9174e-03,2.9372e-03,3.9623e-03,4.9881e-03,6.0092e-03,7.0201e-03,8.0146e-03,8.9861e-03,9.9276e-03,1.0832e-02,1.1691e-02,1.2497e-02,1.3242e-02,1.3919e-02,1.4518e-02,1.5032e-02,1.5455e-02,1.5778e-02,1.5996e-02,1.6103e-02,1.6093e-02,1.5963e-02,1.5710e-02,1.5329e-02,1.4822e-02,1.4185e-02,1.3421e-02,1.2530e-02,1.1516e-02,1.0380e-02,9.1275e-03,7.7640e-03,6.2957e-03,4.7299e-03,3.0750e-03,1.3409e-03,-4.6195e-04,-2.3213e-03,-4.2239e-03,-6.1549e-03,-8.0979e-03,-1.0035e-02,-1.1948e-02,-1.3814e-02,-1.5613e-02,-1.7318e-02,-1.8906e-02,-2.0348e-02,-2.1617e-02,-2.2683e-02,-2.3517e-02,-2.4087e-02,-2.4363e-02,-2.4314e-02,-2.3909e-02,-2.3120e-02,-2.1918e-02,-2.0277e-02,-1.8173e-02,-1.5584e-02,-1.2491e-02,-8.8793e-03,-4.7370e-03,-5.5920e-05,5.1679e-03,1.0935e-02
-1.0968e-03,-2.7324e-03,-4.2175e-03,-5.5546e-03,-6.7466e-03,-7.7968e-03,-8.7084e-03,-9.4856e-03,-1.0132e-02,-1.0653e-02,-1.1052e-02,-1.1336e-02,-1.1509e-02,-1.1577e-02,-1.1548e-02,-1.1425e-02,-1.1217e-02,-1.0928e-02,-1.0566e-02,-1.0134e-02,-9.6399e-03,-9.0875e-03,-8.4820e-03,-7.8280e-03,-7.1294e-03,-6.3902e-03,-5.6138e-03,-4.8036e-03,-3.9626e-03,-3.0936e-03,-2.1996e-03,-1.2834e-03,-3.4777e-04,6.0417e-04,1.5692e-03,2.5438e-03,3.5240e-03,4.5056e-03,5.4839e-03,6.4538e-03,7.4095e-03,8.3449e-03,9.2536e-03,1.0129e-02,1.0963e-02,1.1748e-02,1.2478e-02,1.3143e-02,1.3737e-02,1.4251e-02,1.4679e-02,1.5014e-02,1.5249e-02,1.5378e-02,1.5396e-02,1.5298e-02,1.5082e-02,1.4743e-02,1.4281e-02,1.3694e-02,1.2982e-02,1.2146e-02,1.1188e-02,1.0110e-02,8.9164e-03,7.6113e-03,6.2005e-03,4.6903e-03,3.0885e-03,1.4037e-03,-3.5446e-04,-2.1749e-03,-4.0451e-03,-5.9516e-03,-7.8791e-03,-9.8110e-03,-1.1729e-02,-1.3613e-02,-1.5441e-02,-1.7190e-02,-1.8835e-02,-2.0349e-02,-2.1704e-02,-2.2871e-02,-2.3820e-02,-2.4518e-02,-2.4935e-02,-2.5038e-02,-2.4795e-02,-2.4175e-02,-2.3149e-02,-2.1687e-02,-1.9763e-02,-1.7352e-02,-1.4434e-02,-1.0991e-02,-7.0065e-03,-2.4715e-03,2.6210e-03,8.2735e-03
-1.0938e-03,-2.6810e-03,-4.1235e-03,-5.4237e-03,-6.5844e-03,-7.6086e-03,-8.4992e-03,-9.2598e-03,-9.8941e-03,-1.0406e-02,-1.0801e-02,-1.1083e-02,-1.1258e-02,-1.1331e-02,-1.1308e-02,-1.1195e-02,-1.0998e-02,-1.0724e-02,-1.0377e-02,-9.9641e-03,-9.4903e-03,-8.9607e-03,-8.3802e-03,-7.7532e-03,-7.0839e-03,-6.3761e-03,-5.6332e-03,-4.8585e-03,-4.0549e-03,-3.2253e-03,-2.3721e-03,-1.4982e-03,-6.0610e-04,3.0139e-04,1.2214e-03,2.1506e-03,3.0858e-03,4.0228e-03,4.9576e-03,5.8854e-03,6.8010e-03,7.6988e-03,8.5728e-03,9.4164e-03,1.0223e-02,1.0985e-02,1.1696e-02,1.2347e-02,1.2932e-02,1.3443e-02,1.3873e-02,1.4215e-02,1.4463e-02,1.4610e-02,1.4652e-02,1.4584e-02,1.4401e-02,1.4101e-02,1.3682e-02,1.3142e-02,1.2480e-02,1.1697e-02,1.0794e-02,9.7737e-03,8.6384e-03,7.3924e-03,6.0403e-03,4.5878e-03,3.0419e-03,1.4101e-03,-2.9885e-04,-2.0747e-03,-3.9063e-03,-5.7812e-03,-7.6852e-03,-9.6027e-03,-1.1517e-02,-1.3408e-02,-1.5256e-02,-1.7038e-02,-1.8731e-02,-2.0307e-02,-2.1739e-02,-2.2998e-02,-2.4054e-02,-2.4874e-02,-2.5427e-02,-2.5679e-02,-2.5597e-02,-2.5149e-02,-2.4302e-02,-2.3025e-02,-2.1290e-02,-1.9070e-02,-1.6341e-02,-1.3081e-02,-9.2737e-03,-4.9052e-03,3.3796e-05,5.5481e-03
-1.0784e-03,-2.6198e-03,-4.0222e-03,-5.2880e-03,-6.4195e-03,-7.4196e-03,-8.2911e-03,-9.0368e-03,-9.6604e-03,-1.0166e-02,-1.0556e-02,-1.0838e-02,-1.1015e-02,-1.1093e-02,-1.1077e-02,-1.0974e-02,-1.0789e-02,-1.0528e-02,-1.0198e-02,-9.8029e-03,-9.3493e-03,-8.8418e-03,-8.2856e-03,-7.6850e-03,-7.0441e-03,-6.3669e-03,-5.6565e-03,-4.9164e-03,-4.1493e-03,-3.3581e-03,-2.5450e-03,-1.7126e-03,-8.6338e-04,1.5274e-07,8.7549e-04,1.7596e-03,2.6495e-03,3.5417e-03,4.4324e-03,5.3173e-03,6.1918e-03,7.0506e-03,7.8882e-03,8.6985e-03,9.4752e-03,1.0212e-02,1.0901e-02,1.1535e-02,1.2108e-02,1.2612e-02,1.3041e-02,1.3387e-02,1.3644e-02,1.3806e-02,1.3868e-02,1.3825e-02,1.3673e-02,1.3408e-02,1.3028e-02,1.2532e-02,1.1918e-02,1.1186e-02,1.0337e-02,9.3725e-03,8.2951e-03,7.1080e-03,5.8152e-03,4.4219e-03,2.9339e-03,1.3580e-03,-2.9779e-04,-2.0246e-03,-3.8121e-03,-5.6488e-03,-7.5220e-03,-9.4172e-03,-1.1318e-02,-1.3208e-02,-1.5066e-02,-1.6871e-02,-1.8600e-02,-2.0227e-02,-2.1727e-02,-2.3069e-02,-2.4223e-02,-2.5158e-02,-2.5840e-02,-2.6237e-02,-2.6313e-02,-2.6035e-02,-2.5368e-02,-2.4282e-02,-2.2743e-02,-2.0722e-02,-1.8193e-02,-1.5132e-02,-1.1519e-02,-7.3360e-03,-2.5719e-03,2.7811e-03
-1.0506e-03,-2.5487e-03,-3.9135e-03,-5.1471e-03,-6.2518e-03,-7.2299e-03,-8.0838e-03,-8.8163e-03,-9.4305e-03,-9.9298e-03,-1.0318e-02,-1.0600e-02,-1.0779e-02,-1.0863e-02,-1.0855e-02,-1.0761e-02,-1.0588e-02,-1.0342e-02,-1.0027e-02,-9.6498e-03,-9.2158e-03,-8.7300e-03,-8.1974e-03,-7.6224e-03,-7.0092e-03,-6.3616e-03,-5.6829e-03,-4.9764e-03,-4.2449e-03,-3.4910e-03,-2.7171e-03,-1.9255e-03,-1.1184e-03,-2.9821e-04,5.3285e-04,1.3721e-03,2.2169e-03,3.0642e-03,3.9105e-03,4.7519e-03,5.5843e-03,6.4029e-03,7.2026e-03,7.9779e-03,8.7228e-03,9.4309e-03,1.0096e-02,1.0711e-02,1.1269e-02,1.1763e-02,1.2186e-02,1.2533e-02,1.2795e-02,1.2969e-02,1.3047e-02,1.3026e-02,1.2901e-02,1.2668e-02,1.2325e-02,1.1869e-02,1.1300e-02,1.0616e-02,9.8191e-03,8.9092e-03,7.8885e-03,6.7597e-03,5.5263e-03,4.1926e-03,2.7638e-03,1.2461e-03,-3.5365e-04,-2.0275e-03,-3.7662e-03,-5.5592e-03,-7.3951e-03,-9.2604e-03,-1.1140e-02,-1.3019e-02,-1.4877e-02,-1.6695e-02,-1.8450e-02,-2.0118e-02,-2.1674e-02,-2.3088e-02,-2.4331e-02,-2.5371e-02,-2.6175e-02,-2.6710e-02,-2.6939e-02,-2.6829e-02,-2.6343e-02,-2.5448e-02,-2.4109e-02,-2.2295e-02,-1.9977e-02,-1.7127e-02,-1.3722e-02,-9.7431e-03,-5.1742e-03,-4.4480e-06
-1.0103e-03,-2.4678e-03,-3.7974e-03,-5.0010e-03,-6.0809e-03,-7.0389e-03,-7.8770e-03,-8.5978e-03,-9.2039e-03,-9.6983e-03,-1.0085e-02,-1.0368e-02,-1.0551e-02,-1.0640e-02,-1.0640e-02,-1.0557e-02,-1.0396e-02,-1.0163e-02,-9.8636e-03,-9.5040e-03,-9.0892e-03,-8.6246e-03,-8.1149e-03,-7.5647e-03,-6.9783e-03,-6.3593e-03,-5.7114e-03,-5.0376e-03,-4.3406e-03,-3.6232e-03,-2.8875e-03,-2.1358e-03,-1.3700e-03,-5.9243e-04,1.9498e-04,9.8984e-04,1.7898e-03,2.5921e-03,3.3936e-03,4.1911e-03,4.9807e-03,5.7582e-03,6.5187e-03,7.2574e-03,7.9686e-03,8.6465e-03,9.2849e-03,9.8774e-03,1.0417e-02,1.0899e-02,1.1314e-02,1.1657e-02,1.1922e-02,1.2103e-02,1.2195e-02,1.2192e-02,1.2090e-02,1.1885e-02,1.1575e-02,1.1157e-02,1.0630e-02,9.9923e-03,9.2445e-03,8.3869e-03,7.4213e-03,6.3496e-03,5.1749e-03,3.9009e-03,2.5322e-03,1.0738e-03,-4.6792e-04,-2.0858e-03,-3.7716e-03,-5.5163e-03,-7.3089e-03,-9.1378e-03,-1.0989e-02,-1.2848e-02,-1.4697e-02,-1.6518e-02,-1.8288e-02,-1.9987e-02,-2.1587e-02,-2.3062e-02,-2.4383e-02,-2.5519e-02,-2.6436e-02,-2.7100e-02,-2.7477e-02,-2.7529e-02,-2.7221e-02,-2.6517e-02,-2.5380e-02,-2.3778e-02,-2.1677e-02,-1.9049e-02,-1.5866e-02,-1.2107e-02,-7.7510e-03,-2.7858e-03
-9.5762e-04,-2.3770e-03,-3.6738e-03,-4.8498e-03,-5.9068e-03,-6.8464e-03,-7.6705e-03,-8.3809e-03,-8.9802e-03,-9.4710e-03,-9.8568e-03,-1.0141e-02,-1.0329e-02,-1.0424e-02,-1.0433e-02,-1.0359e-02,-1.0210e-02,-9.9910e-03,-9.7073e-03,-9.3647e-03,-8.9687e-03,-8.5245e-03,-8.0372e-03,-7.5111e-03,-6.9506e-03,-6.3595e-03,-5.7413e-03,-5.0991e-03,-4.4357e-03,-3.7537e-03,-3.0552e-03,-2.3424e-03,-1.6171e-03,-8.8141e-04,-1.3703e-04,6.1398e-04,1.3695e-03,2.1269e-03,2.8838e-03,3.6371e-03,4.3834e-03,5.1188e-03,5.8392e-03,6.5400e-03,7.2158e-03,7.8616e-03,8.4712e-03,9.0390e-03,9.5586e-03,1.0024e-02,1.0428e-02,1.0765e-02,1.1029e-02,1.1214e-02,1.1315e-02,1.1327e-02,1.1245e-02,1.1065e-02,1.0785e-02,1.0401e-02,9.9127e-03,9.3179e-03,8.6166e-03,7.8091e-03,6.8965e-03,5.8805e-03,4.7634e-03,3.5485e-03,2.2396e-03,8.4137e-04,-6.4081e-04,-2.2006e-03,-3.8307e-03,-5.5230e-03,-7.2676e-03,-9.0540e-03,-1.0870e-02,-1.2702e-02,-1.4533e-02,-1.6347e-02,-1.8123e-02,-1.9840e-02,-2.1474e-02,-2.3000e-02,-2.4387e-02,-2.5607e-02,-2.6626e-02,-2.7411e-02,-2.7926e-02,-2.8135e-02,-2.8000e-02,-2.7483e-02,-2.6549e-02,-2.5160e-02,-2.3282e-02,-2.0883e-02,-1.7934e-02,-1.4407e-02,-1.0282e-02,-5.5400e-03
-8.9297e-04,-2.2766e-03,-3.5428e-03,-4.6933e-03,-5.7294e-03,-6.6525e-03,-7.4640e-03,-8.1656e-03,-8.7592e-03,-9.2475e-03,-9.6332e-03,-9.9202e-03,-1.0112e-02,-1.0215e-02,-1.0232e-02,-1.0169e-02,-1.0032e-02,-9.8258e-03,-9.5572e-03,-9.2313e-03,-8.8537e-03,-8.4294e-03,-7.9636e-03,-7.4608e-03,-6.9253e-03,-6.3612e-03,-5.7717e-03,-5.1602e-03,-4.5294e-03,-3.8817e-03,-3.2194e-03,-2.5445e-03,-1.8588e-03,-1.1640e-03,-4.6189e-04,2.4584e-04,9.5726e-04,1.6703e-03,2.3826e-03,3.0916e-03,3.7942e-03,4.4870e-03,5.1665e-03,5.8280e-03,6.4671e-03,7.0790e-03,7.6582e-03,8.1990e-03,8.6955e-03,9.1419e-03,9.5321e-03,9.8599e-03,1.0120e-02,1.0306e-02,1.0413e-02,1.0435e-02,1.0370e-02,1.0212e-02,9.9575e-03,9.6051e-03,9.1520e-03,8.5972e-03,7.9397e-03,7.1796e-03,6.3178e-03,5.3553e-03,4.2942e-03,3.1373e-03,1.8877e-03,5.4972e-04,-8.7228e-04,-2.3725e-03,-3.9447e-03,-5.5814e-03,-7.2741e-03,-9.0133e-03,-1.0788e-02,-1.2585e-02,-1.4391e-02,-1.6189e-02,-1.7961e-02,-1.9687e-02,-2.1344e-02,-2.2907e-02,-2.4350e-02,-2.5642e-02,-2.6753e-02,-2.7647e-02,-2.8291e-02,-2.8647e-02,-2.8678e-02,-2.8345e-02,-2.7610e-02,-2.6434e-02,-2.4782e-02,-2.2618e-02,-1.9909e-02,-1.6627e-02,-1.2747e-02,-8.2457e-03
-8.1670e-04,-2.1670e-03,-3.4048e-03,-4.5317e-03,-5.5489e-03,-6.4570e-03,-7.2575e-03,-7.9515e-03,-8.5407e-03,-9.0272e-03,-9.4140e-03,-9.7040e-03,-9.9015e-03,-1.0011e-02,-1.0036e-02,-9.9840e-03,-9.8588e-03,-9.6666e-03,-9.4128e-03,-9.1033e-03,-8.7433e-03,-8.3385e-03,-7.8935e-03,-7.4133e-03,-6.9020e-03,-6.3638e-03,-5.8021e-03,-5.2203e-03,-4.6208e-03,-4.0065e-03,-3.3793e-03,-2.7412e-03,-2.0940e-03,-1.4393e-03,-7.7853e-04,-1.1337e-04,5.5459e-04,1.2236e-03,1.8915e-03,2.5562e-03,3.2150e-03,3.8648e-03,4.5025e-03,5.1239e-03,5.7253e-03,6.3018e-03,6.8486e-03,7.3604e-03,7.8317e-03,8.2570e-03,8.6304e-03,8.9462e-03,9.1986e-03,9.3823e-03,9.4919e-03,9.5224e-03,9.4696e-03,9.3294e-03,9.0983e-03,8.7735e-03,8.3527e-03,7.8345e-03,7.2178e-03,6.5024e-03,5.6886e-03,4.7776e-03,3.7706e-03,2.6701e-03,1.4788e-03,2.0029e-04,-1.1614e-03,-2.6015e-03,-4.1142e-03,-5.6931e-03,-7.3308e-03,-9.0185e-03,-1.0746e-02,-1.2503e-02,-1.4276e-02,-1.6050e-02,-1.7809e-02,-1.9534e-02,-2.1203e-02,-2.2793e-02,-2.4279e-02,-2.5632e-02,-2.6821e-02,-2.7814e-02,-2.8576e-02,-2.9070e-02,-2.9258e-02,-2.9101e-02,-2.8560e-02,-2.7595e-02,-2.6168e-02,-2.4241e-02,-2.1779e-02,-1.8751e-02,-1.5127e-02,-1.0881e-02
-7.2901e-04,-2.0482e-03,-3.2600e-03,-4.3654e-03,-5.3652e-03,-6.2601e-03,-7.0509e-03,-7.7385e-03,-8.3244e-03,-8.8102e-03,-9.1985e-03,-9.4924e-03,-9.6955e-03,-9.8122e-03,-9.8470e-03,-9.8051e-03,-9.6917e-03,-9.5127e-03,-9.2736e-03,-8.9799e-03,-8.6373e-03,-8.2511e-03,-7.8264e-03,-7.3680e-03,-6.8801e-03,-6.3669e-03,-5.8319e-03,-5.2786e-03,-4.7095e-03,-4.1273e-03,-3.5341e-03,-2.9318e-03,-2.3221e-03,-1.7064e-03,-1.0861e-03,-4.6268e-04,1.6250e-04,7.8801e-04,1.4120e-03,2.0325e-03,2.6474e-03,3.2541e-03,3.8494e-03,4.4302e-03,4.9925e-03,5.5324e-03,6.0453e-03,6.5264e-03,6.9704e-03,7.3722e-03,7.7264e-03,8.0273e-03,8.2696e-03,8.4478e-03,8.5569e-03,8.5920e-03,8.5487e-03,8.4230e-03,8.2114e-03,7.9108e-03,7.5191e-03,7.0343e-03,6.4552e-03,5.7817e-03,5.0132e-03,4.1509e-03,3.1958e-03,2.1498e-03,1.0153e-03,-2.0477e-04,-1.5067e-03,-2.8864e-03,-4.3391e-03,-5.8587e-03,-7.4389e-03,-9.0721e-03,-1.0749e-02,-1.2461e-02,-1.4195e-02,-1.5938e-02,-1.7675e-02,-1.9388e-02,-2.1059e-02,-2.2665e-02,-2.4182e-02,-2.5584e-02,-2.6840e-02,-2.7918e-02,-2.8786e-02,-2.9406e-02,-2.9741e-02,-2.9752e-02,-2.9398e-02,-2.8638e-02,-2.7434e-02,-2.5745e-02,-2.3533e-02,-2.0764e-02,-1.7405e-02,-1.3429e-02
-6.3058e-04,-1.9210e-03,-3.1086e-03,-4.1943e-03,-5.1786e-03,-6.0617e-03,-6.8443e-03,-7.5267e-03,-8.1102e-03,-8.5961e-03,-8.9868e-03,-9.2850e-03,-9.4943e-03,-9.6186e-03,-9.6626e-03,-9.6312e-03,-9.5298e-03,-9.3638e-03,-9.1389e-03,-8.8608e-03,-8.5350e-03,-8.1670e-03,-7.7617e-03,-7.3242e-03,-6.8589e-03,-6.3698e-03,-5.8605e-03,-5.3347e-03,-4.7948e-03,-4.2437e-03,-3.6834e-03,-3.1157e-03,-2.5423e-03,-1.9646e-03,-1.3838e-03,-8.0121e-04,-2.1787e-04,3.6470e-04,9.4524e-04,1.5220e-03,2.0931e-03,2.6564e-03,3.2092e-03,3.7485e-03,4.2712e-03,4.7734e-03,5.2510e-03,5.6996e-03,6.1146e-03,6.4909e-03,6.8235e-03,7.1070e-03,7.3362e-03,7.5062e-03,7.6118e-03,7.6483e-03,7.6113e-03,7.4969e-03,7.3014e-03,7.0219e-03,6.6557e-03,6.2011e-03,5.6565e-03,5.0214e-03,4.2956e-03,3.4793e-03,2.5735e-03,1.5799e-03,5.0023e-04,-6.6277e-04,-1.9061e-03,-3.2261e-03,-4.6183e-03,-6.0780e-03,-7.5992e-03,-9.1754e-03,-1.0799e-02,-1.2460e-02,-1.4150e-02,-1.5855e-02,-1.7563e-02,-1.9257e-02,-2.0920e-02,-2.2531e-02,-2.4068e-02,-2.5506e-02,-2.6816e-02,-2.7968e-02,-2.8929e-02,-2.9663e-02,-3.0134e-02,-3.0301e-02,-3.0125e-02,-2.9564e-02,-2.8577e-02,-2.7122e-02,-2.5161e-02,-2.2654e-02,-1.9568e-02,-1.5870e-02
-5.2181e-04,-1.7855e-03,-2.9511e-03,-4.0189e-03,-4.9892e-03,-5.8621e-03,-6.6376e-03,-7.3160e-03,-7.8979e-03,-8.3848e-03,-8.7785e-03,-9.0817e-03,-9.2975e-03,-9.4298e-03,-9.4831e-03,-9.4623e-03,-9.3726e-03,-9.2195e-03,-9.0086e-03,-8.7456e-03,-8.4361e-03,-8.0856e-03,-7.6991e-03,-7.2819e-03,-6.8380e-03,-6.3720e-03,-5.8876e-03,-5.3881e-03,-4.8764e-03,-4.3551e-03,-3.8266e-03,-3.2923e-03,-2.7541e-03,-2.2132e-03,-1.6709e-03,-1.1280e-03,-5.8595e-04,-4.5329e-05,4.9230e-04,1.0258e-03,1.5534e-03,2.0733e-03,2.5834e-03,3.0810e-03,3.5632e-03,4.0268e-03,4.4681e-03,4.8830e-03,5.2671e-03,5.6160e-03,5.9248e-03,6.1886e-03,6.4024e-03,6.5613e-03,6.6605e-03,6.6954e-03,6.6616e-03,6.5551e-03,6.3726e-03,6.1107e-03,5.7669e-03,5.3391e-03,4.8259e-03,4.2264e-03,3.5398e-03,2.7669e-03,1.9077e-03,9.6392e-04,-6.3047e-05,-1.1709e-03,-2.3570e-03,-3.6182e-03,-4.9507e-03,-6.3502e-03,-7.8116e-03,-9.3291e-03,-1.0896e-02,-1.2504e-02,-1.4145e-02,-1.5807e-02,-1.7479e-02,-1.9146e-02,-2.0793e-02,-2.2399e-02,-2.3945e-02,-2.5407e-02,-2.6759e-02,-2.7971e-02,-2.9012e-02,-2.9847e-02,-3.0440e-02,-3.0753e-02,-3.0744e-02,-3.0372e-02,-2.9595e-02,-2.8370e-02,-2.6656e-02,-2.4413e-02,-2.1602e-02,-1.8188e-02
-4.0339e-04,-1.6425e-03,-2.7878e-03,-3.8394e-03,-4.7974e-03,-5.6614e-03,-6.4311e-03,-7.1064e-03,-7.6878e-03,-8.1764e-03,-8.5737e-03,-8.8821e-03,-9.1048e-03,-9.2453e-03,-9.3081e-03,-9.2979e-03,-9.2198e-03,-9.0793e-03,-8.8822e-03,-8.6339e-03,-8.3403e-03,-8.0066e-03,-7.6382e-03,-7.2401e-03,-6.8171e-03,-6.3733e-03,-5.9125e-03,-5.4384e-03,-4.9536e-03,-4.4613e-03,-3.9630e-03,-3.4611e-03,-2.9569e-03,-2.4517e-03,-1.9466e-03,-1.4426e-03,-9.4055e-04,-4.4130e-04,5.4274e-05,5.4485e-04,1.0294e-03,1.5063e-03,1.9736e-03,2.4292e-03,2.8706e-03,3.2949e-03,3.6988e-03,4.0787e-03,4.4306e-03,4.7503e-03,5.0334e-03,5.2752e-03,5.4713e-03,5.6165e-03,5.7066e-03,5.7370e-03,5.7035e-03,5.6020e-03,5.4291e-03,5.1817e-03,4.8571e-03,4.4529e-03,3.9678e-03,3.4005e-03,2.7504e-03,2.0176e-03,1.2023e-03,3.0582e-04,-6.7085e-04,-1.7258e-03,-2.8565e-03,-4.0604e-03,-5.3341e-03,-6.6739e-03,-8.0754e-03,-9.5335e-03,-1.1042e-02,-1.2595e-02,-1.4183e-02,-1.5798e-02,-1.7428e-02,-1.9061e-02,-2.0683e-02,-2.2275e-02,-2.3820e-02,-2.5296e-02,-2.6676e-02,-2.7936e-02,-2.9043e-02,-2.9966e-02,-3.0668e-02,-3.1112e-02,-3.1258e-02,-3.1065e-02,-3.0488e-02,-2.9486e-02,-2.8014e-02,-2.6032e-02,-2.3497e-02,-2.0372e-02
-2.7576e-04,-1.4923e-03,-2.6191e-03,-3.6563e-03,-4.6034e-03,-5.4597e-03,-6.2247e-03,-6.8980e-03,-7.4797e-03,-7.9706e-03,-8.3721e-03,-8.6863e-03,-8.9161e-03,-9.0651e-03,-9.1374e-03,-9.1378e-03,-9.0712e-03,-8.9433e-03,-8.7594e-03,-8.5253e-03,-8.2469e-03,-7.9295e-03,-7.5787e-03,-7.1991e-03,-6.7959e-03,-6.3733e-03,-5.9353e-03,-5.4853e-03,-5.0265e-03,-4.5615e-03,-4.0926e-03,-3.6217e-03,-3.1503e-03,-2.6796e-03,-2.2106e-03,-1.7443e-03,-1.2813e-03,-8.2234e-04,-3.6819e-04,8.0351e-05,5.2230e-04,9.5637e-04,1.3811e-03,1.7948e-03,2.1950e-03,2.5795e-03,2.9452e-03,3.2891e-03,3.6075e-03,3.8965e-03,4.1522e-03,4.3702e-03,4.5461e-03,4.6755e-03,4.7539e-03,4.7770e-03,4.7408e-03,4.6413e-03,4.4750e-03,4.2389e-03,3.9301e-03,3.5466e-03,3.0863e-03,2.5482e-03,1.9315e-03,1.2359e-03,4.6164e-04,-3.9056e-04,-1.3195e-03,-2.3238e-03,-3.4012e-03,-4.5496e-03,-5.7661e-03,-7.0471e-03,-8.3891e-03,-9.7875e-03,-1.1237e-02,-1.2732e-02,-1.4266e-02,-1.5829e-02,-1.7413e-02,-1.9006e-02,-2.0596e-02,-2.2167e-02,-2.3701e-02,-2.5179e-02,-2.6577e-02,-2.7871e-02,-2.9032e-02,-3.0028e-02,-3.0826e-02,-3.1388e-02,-3.1676e-02,-3.1647e-02,-3.1260e-02,-3.0470e-02,-2.9234e-02,-2.7506e-02,-2.5246e-02,-2.2411e-02
-1.3964e-04,-1.3355e-03,-2.4456e-03,-3.4699e-03,-4.4074e-03,-5.2574e-03,-6.0187e-03,-6.6909e-03,-7.2736e-03,-7.7675e-03,-8.1738e-03,-8.4941e-03,-8.7313e-03,-8.8890e-03,-8.9709e-03,-8.9817e-03,-8.9265e-03,-8.8107e-03,-8.6399e-03,-8.4198e-03,-8.1560e-03,-7.8543e-03,-7.5200e-03,-7.1583e-03,-6.7741e-03,-6.3717e-03,-5.9553e-03,-5.5285e-03,-5.0945e-03,-4.6558e-03,-4.2150e-03,-3.7739e-03,-3.3340e-03,-2.8965e-03,-2.4625e-03,-2.0327e-03,-1.6077e-03,-1.1879e-03,-7.7424e-04,-3.6702e-04,3.3058e-05,4.2483e-04,8.0722e-04,1.1789e-03,1.5378e-03,1.8821e-03,2.2092e-03,2.5162e-03,2.8000e-03,3.0570e-03,3.2837e-03,3.4760e-03,3.6298e-03,3.7410e-03,3.8054e-03,3.8187e-03,3.7770e-03,3.6767e-03,3.5143e-03,3.2864e-03,2.9906e-03,2.6244e-03,2.1858e-03,1.6738e-03,1.0872e-03,4.2582e-04,-3.1050e-04,-1.1211e-03,-2.0052e-03,-2.9614e-03,-3.9880e-03,-5.0829e-03,-6.2436e-03,-7.4674e-03,-8.7508e-03,-1.0090e-02,-1.1480e-02,-1.2917e-02,-1.4393e-02,-1.5903e-02,-1.7437e-02,-1.8986e-02,-2.0537e-02,-2.2078e-02,-2.3593e-02,-2.5064e-02,-2.6469e-02,-2.7786e-02,-2.8987e-02,-3.0043e-02,-3.0922e-02,-3.1588e-02,-3.2003e-02,-3.2126e-02,-3.1915e-02,-3.1326e-02,-3.0314e-02,-2.8835e-02,-2.6843e-02,-2.4295e-02
4.2990e-06,-1.1725e-03,-2.2676e-03,-3.2805e-03,-4.2099e-03,-5.0545e-03,-5.8133e-03,-6.4851e-03,-7.0698e-03,-7.5673e-03,-7.9785e-03,-8.3054e-03,-8.5505e-03,-8.7167e-03,-8.8083e-03,-8.8296e-03,-8.7856e-03,-8.6817e-03,-8.5235e-03,-8.3169e-03,-8.0673e-03,-7.7806e-03,-7.4622e-03,-7.1176e-03,-6.7515e-03,-6.3684e-03,-5.9727e-03,-5.5679e-03,-5.1574e-03,-4.7440e-03,-4.3299e-03,-3.9173e-03,-3.5077e-03,-3.1022e-03,-2.7018e-03,-2.3073e-03,-1.9191e-03,-1.5377e-03,-1.1634e-03,-7.9653e-04,-4.3781e-04,-8.7593e-05,2.5289e-04,5.8271e-04,9.0047e-04,1.2043e-03,1.4923e-03,1.7617e-03,2.0100e-03,2.2340e-03,2.4303e-03,2.5954e-03,2.7253e-03,2.8162e-03,2.8643e-03,2.8655e-03,2.8158e-03,2.7120e-03,2.5504e-03,2.3280e-03,2.0420e-03,1.6901e-03,1.2704e-03,7.8118e-04,2.2179e-04,-4.0853e-04,-1.1098e-03,-1.8818e-03,-2.7237e-03,-3.6347e-03,-4.6129e-03,-5.6567e-03,-6.7639e-03,-7.9320e-03,-9.1581e-03,-1.0439e-02,-1.1770e-02,-1.3148e-02,-1.4567e-02,-1.6020e-02,-1.7501e-02,-1.9001e-02,-2.0510e-02,-2.2016e-02,-2.3504e-02,-2.4958e-02,-2.6360e-02,-2.7688e-02,-2.8917e-02,-3.0020e-02,-3.0966e-02,-3.1720e-02,-3.2247e-02,-3.2507e-02,-3.2459e-02,-3.2057e-02,-3.1259e-02,-3.0017e-02,-2.8286e-02,-2.6021e-02
1.5552e-04,-1.0041e-03,-2.0859e-03,-3.0887e-03,-4.0110e-03,-4.8515e-03,-5.6086e-03,-6.2810e-03,-6.8680e-03,-7.3697e-03,-7.7866e-03,-8.1203e-03,-8.3732e-03,-8.5483e-03,-8.6494e-03,-8.6812e-03,-8.6483e-03,-8.5561e-03,-8.4102e-03,-8.2165e-03,-7.9806e-03,-7.7083e-03,-7.4053e-03,-7.0768e-03,-6.7278e-03,-6.3631e-03,-5.9871e-03,-5.6033e-03,-5.2151e-03,-4.8257e-03,-4.4373e-03,-4.0520e-03,-3.6713e-03,-3.2965e-03,-2.9285e-03,-2.5681e-03,-2.2155e-03,-1.8711e-03,-1.5351e-03,-1.2077e-03,-8.8940e-04,-5.8024e-04,-2.8100e-04,7.3873e-06,2.8414e-04,5.4752e-04,7.9596e-04,1.0275e-03,1.2396e-03,1.4295e-03,1.5942e-03,1.7305e-03,1.8349e-03,1.9039e-03,1.9335e-03,1.9202e-03,1.8604e-03,1.7505e-03,1.5871e-03,1.3673e-03,1.0884e-03,7.4773e-04,3.4374e-04,-1.2548e-04,-6.6078e-04,-1.2629e-03,-1.9323e-03,-2.6686e-03,-3.4713e-03,-4.3395e-03,-5.2721e-03,-6.2674e-03,-7.3233e-03,-8.4379e-03,-9.6085e-03,-1.0832e-02,-1.2106e-02,-1.3425e-02,-1.4785e-02,-1.6182e-02,-1.7608e-02,-1.9056e-02,-2.0518e-02,-2.1982e-02,-2.3437e-02,-2.4868e-02,-2.6257e-02,-2.7586e-02,-2.8831e-02,-2.9967e-02,-3.0966e-02,-3.1795e-02,-3.2419e-02,-3.2800e-02,-3.2899e-02,-3.2671e-02,-3.2071e-02,-3.1055e-02,-2.9575e-02,-2.7585e-02
3.1335e-04,-8.3092e-04,-1.9006e-03,-2.8947e-03,-3.8113e-03,-4.6487e-03,-5.4049e-03,-6.0785e-03,-6.6686e-03,-7.1749e-03,-7.5978e-03,-7.9387e-03,-8.1996e-03,-8.3837e-03,-8.4945e-03,-8.5364e-03,-8.5145e-03,-8.4337e-03,-8.2998e-03,-8.1185e-03,-7.8958e-03,-7.6374e-03,-7.3489e-03,-7.0358e-03,-6.7032e-03,-6.3560e-03,-5.9984e-03,-5.6345e-03,-5.2678e-03,-4.9010e-03,-4.5369e-03,-4.1776e-03,-3.8246e-03,-3.4792e-03,-3.1423e-03,-2.8146e-03,-2.4964e-03,-2.1878e-03,-1.8890e-03,-1.6002e-03,-1.3212e-03,-1.0523e-03,-7.9378e-04,-5.4628e-04,-3.1043e-04,-8.7358e-05,1.2164e-04,3.1481e-04,4.9011e-04,6.4520e-04,7.7738e-04,8.8371e-04,9.6113e-04,1.0063e-03,1.0157e-03,9.8589e-04,9.1351e-04,7.9512e-04,6.2748e-04,4.0773e-04,1.3303e-04,-1.9905e-04,-5.9025e-04,-1.0423e-03,-1.5566e-03,-2.1336e-03,-2.7739e-03,-3.4776e-03,-4.2439e-03,-5.0725e-03,-5.9621e-03,-6.9112e-03,-7.9184e-03,-8.9817e-03,-1.0099e-02,-1.1267e-02,-1.2484e-02,-1.3745e-02,-1.5047e-02,-1.6386e-02,-1.7756e-02,-1.9151e-02,-2.0562e-02,-2.1981e-02,-2.3397e-02,-2.4797e-02,-2.6166e-02,-2.7486e-02,-2.8736e-02,-2.9894e-02,-3.0932e-02,-3.1821e-02,-3.2527e-02,-3.3014e-02,-3.3244e-02,-3.3173e-02,-3.2759e-02,-3.1954e-02,-3.0713e-02,-2.8986e-02
4.7706e-04,-6.5320e-04,-1.7124e-03,-2.6989e-03,-3.6108e-03,-4.4460e-03,-5.2022e-03,-5.8779e-03,-6.4717e-03,-6.9830e-03,-7.4122e-03,-7.7604e-03,-8.0297e-03,-8.2227e-03,-8.3432e-03,-8.3953e-03,-8.3839e-03,-8.3143e-03,-8.1920e-03,-8.0229e-03,-7.8127e-03,-7.5675e-03,-7.2929e-03,-6.9945e-03,-6.6775e-03,-6.3467e-03,-6.0068e-03,-5.6617e-03,-5.3150e-03,-4.9699e-03,-4.6290e-03,-4.2943e-03,-3.9676e-03,-3.6503e-03,-3.3432e-03,-3.0469e-03,-2.7617e-03,-2.4878e-03,-2.2251e-03,-1.9735e-03,-1.7330e-03,-1.5034e-03,-1.2849e-03,-1.0777e-03,-8.8212e-04,-6.9911e-04,-5.2957e-04,-3.7496e-04,-2.3689e-04,-1.1722e-04,-1.8429e-05,5.6934e-05,1.0612e-04,1.2600e-04,1.1346e-04,6.5282e-05,-2.1804e-05,-1.5096e-04,-3.2522e-04,-5.4764e-04,-8.2063e-04,-1.1467e-03,-1.5280e-03,-1.9659e-03,-2.4619e-03,-3.0167e-03,-3.6310e-03,-4.3048e-03,-5.0377e-03,-5.8293e-03,-6.6787e-03,-7.5846e-03,-8.5456e-03,-9.5599e-03,-1.0626e-02,-1.1740e-02,-1.2902e-02,-1.4107e-02,-1.5352e-02,-1.6633e-02,-1.7947e-02,-1.9286e-02,-2.0645e-02,-2.2015e-02,-2.3388e-02,-2.4751e-02,-2.6092e-02,-2.7395e-02,-2.8641e-02,-2.9808e-02,-3.0874e-02,-3.1808e-02,-3.2582e-02,-3.3159e-02,-3.3504e-02,-3.3575e-02,-3.3328e-02,-3.2720e-02,-3.1703e-02,-3.0228e-02
6.4612e-04,-4.7172e-04,-1.5217e-03,-2.5019e-03,-3.4103e-03,-4.2441e-03,-5.0011e-03,-5.6793e-03,-6.2772e-03,-6.7941e-03,-7.2300e-03,-7.5858e-03,-7.8634e-03,-8.0654e-03,-8.1955e-03,-8.2577e-03,-8.2568e-03,-8.1980e-03,-8.0870e-03,-7.9294e-03,-7.7314e-03,-7.4988e-03,-7.2374e-03,-6.9528e-03,-6.6505e-03,-6.3354e-03,-6.0120e-03,-5.6848e-03,-5.3572e-03,-5.0325e-03,-4.7134e-03,-4.4021e-03,-4.1005e-03,-3.8099e-03,-3.5312e-03,-3.2650e-03,-3.0115e-03,-2.7709e-03,-2.5430e-03,-2.3276e-03,-2.1244e-03,-1.9332e-03,-1.7538e-03,-1.5862e-03,-1.4304e-03,-1.2871e-03,-1.1569e-03,-1.0407e-03,-9.3996e-04,-8.5630e-04,-7.9154e-04,-7.4814e-04,-7.2840e-04,-7.3503e-04,-7.7106e-04,-8.3928e-04,-9.4298e-04,-1.0849e-03,-1.2682e-03,-1.4954e-03,-1.7693e-03,-2.0922e-03,-2.4660e-03,-2.8925e-03,-3.3731e-03,-3.9085e-03,-4.4995e-03,-5.1464e-03,-5.8488e-03,-6.6063e-03,-7.4184e-03,-8.2837e-03,-9.2011e-03,-1.0169e-02,-1.1186e-02,-1.2249e-02,-1.3357e-02,-1.4507e-02,-1.5697e-02,-1.6921e-02,-1.8178e-02,-1.9461e-02,-2.0766e-02,-2.2085e-02,-2.3411e-02,-2.4733e-02,-2.6040e-02,-2.7318e-02,-2.8551e-02,-2.9718e-02,-3.0799e-02,-3.1766e-02,-3.2592e-02,-3.3245e-02,-3.3688e-02,-3.3884e-02,-3.3789e-02,-3.3361e-02,-3.2552e-02,-3.1315e-02
8.1992e-04,-2.8688e-04,-1.3289e-03,-2.3040e-03,-3.2096e-03,-4.0430e-03,-4.8015e-03,-5.4829e-03,-6.0855e-03,-6.6082e-03,-7.0510e-03,-7.4146e-03,-7.7007e-03,-7.9118e-03,-8.0515e-03,-8.1236e-03,-8.1330e-03,-8.0847e-03,-7.9846e-03,-7.8382e-03,-7.6518e-03,-7.4312e-03,-7.1823e-03,-6.9108e-03,-6.6224e-03,-6.3220e-03,-6.0143e-03,-5.7038e-03,-5.3941e-03,-5.0886e-03,-4.7902e-03,-4.5011e-03,-4.2232e-03,-3.9580e-03,-3.7063e-03,-3.4689e-03,-3.2458e-03,-3.0372e-03,-2.8428e-03,-2.6623e-03,-2.4953e-03,-2.3414e-03,-2.2001e-03,-2.0712e-03,-1.9547e-03,-1.8506e-03,-1.7593e-03,-1.6817e-03,-1.6184e-03,-1.5708e-03,-1.5408e-03,-1.5299e-03,-1.5405e-03,-1.5749e-03,-1.6358e-03,-1.7258e-03,-1.8477e-03,-2.0044e-03,-2.1985e-03,-2.4330e-03,-2.7101e-03,-3.0322e-03,-3.4013e-03,-3.8190e-03,-4.2868e-03,-4.8056e-03,-5.3761e-03,-5.9988e-03,-6.6734e-03,-7.3997e-03,-8.1772e-03,-9.0048e-03,-9.8814e-03,-1.0806e-02,-1.1776e-02,-1.2791e-02,-1.3847e-02,-1.4944e-02,-1.6079e-02,-1.7248e-02,-1.8448e-02,-1.9676e-02,-2.0926e-02,-2.2192e-02,-2.3468e-02,-2.4746e-02,-2.6014e-02,-2.7261e-02,-2.8472e-02,-2.9630e-02,-3.0715e-02,-3.1703e-02,-3.2569e-02,-3.3282e-02,-3.3808e-02,-3.4111e-02,-3.4152e-02,-3.3886e-02,-3.3269e-02,-3.2252e-02
9.9788e-04,-9.9260e-05,-1.1346e-03,-2.1055e-03,-3.0093e-03,-3.8430e-03,-4.6038e-03,-5.2889e-03,-5.8965e-03,-6.4255e-03,-6.8755e-03,-7.2470e-03,-7.5418e-03,-7.7619e-03,-7.9111e-03,-7.9930e-03,-8.0123e-03,-7.9744e-03,-7.8847e-03,-7.7492e-03,-7.5738e-03,-7.3647e-03,-7.1277e-03,-6.8687e-03,-6.5932e-03,-6.3066e-03,-6.0137e-03,-5.7188e-03,-5.4259e-03,-5.1386e-03,-4.8596e-03,-4.5914e-03,-4.3359e-03,-4.0947e-03,-3.8687e-03,-3.6586e-03,-3.4646e-03,-3.2865e-03,-3.1244e-03,-2.9777e-03,-2.8457e-03,-2.7278e-03,-2.6237e-03,-2.5328e-03,-2.4546e-03,-2.3892e-03,-2.3365e-03,-2.2968e-03,-2.2710e-03,-2.2598e-03,-2.2646e-03,-2.2870e-03,-2.3287e-03,-2.3919e-03,-2.4787e-03,-2.5918e-03,-2.7337e-03,-2.9068e-03,-3.1140e-03,-3.3578e-03,-3.6402e-03,-3.9638e-03,-4.3306e-03,-4.7420e-03,-5.1997e-03,-5.7045e-03,-6.2574e-03,-6.8585e-03,-7.5082e-03,-8.2061e-03,-8.9517e-03,-9.7443e-03,-1.0583e-02,-1.1466e-02,-1.2392e-02,-1.3360e-02,-1.4369e-02,-1.5414e-02,-1.6496e-02,-1.7611e-02,-1.8756e-02,-1.9929e-02,-2.1124e-02,-2.2336e-02,-2.3561e-02,-2.4791e-02,-2.6016e-02,-2.7227e-02,-2.8410e-02,-2.9550e-02,-3.0630e-02,-3.1628e-02,-3.2520e-02,-3.3279e-02,-3.3873e-02,-3.4268e-02,-3.4426e-02,-3.4305e-02,-3.3862e-02,-3.3049e-02
1.1793e-03,9.0618e-05,-9.3904e-04,-1.9069e-03,-2.8097e-03,-3.6445e-03,-4.4078e-03,-5.0973e-03,-5.7105e-03,-6.2459e-03,-6.7034e-03,-7.0831e-03,-7.3864e-03,-7.6158e-03,-7.7742e-03,-7.8658e-03,-7.8950e-03,-7.8670e-03,-7.7875e-03,-7.6624e-03,-7.4975e-03,-7.2992e-03,-7.0734e-03,-6.8261e-03,-6.5630e-03,-6.2894e-03,-6.0101e-03,-5.7301e-03,-5.4529e-03,-5.1824e-03,-4.9217e-03,-4.6731e-03,-4.4388e-03,-4.2203e-03,-4.0186e-03,-3.8345e-03,-3.6680e-03,-3.5193e-03,-3.3880e-03,-3.2736e-03,-3.1754e-03,-3.0925e-03,-3.0245e-03,-2.9705e-03,-2.9299e-03,-2.9023e-03,-2.8876e-03,-2.8857e-03,-2.8971e-03,-2.9223e-03,-2.9623e-03,-3.0182e-03,-3.0917e-03,-3.1843e-03,-3.2984e-03,-3.4358e-03,-3.5990e-03,-3.7903e-03,-4.0122e-03,-4.2670e-03,-4.5571e-03,-4.8844e-03,-5.2512e-03,-5.6587e-03,-6.1087e-03,-6.6021e-03,-7.1399e-03,-7.7223e-03,-8.3496e-03,-9.0218e-03,-9.7383e-03,-1.0499e-02,-1.1302e-02,-1.2146e-02,-1.3031e-02,-1.3956e-02,-1.4917e-02,-1.5915e-02,-1.6946e-02,-1.8008e-02,-1.9100e-02,-2.0217e-02,-2.1358e-02,-2.2517e-02,-2.3689e-02,-2.4869e-02,-2.6048e-02,-2.7218e-02,-2.8368e-02,-2.9484e-02,-3.0550e-02,-3.1548e-02,-3.2455e-02,-3.3246e-02,-3.3893e-02,-3.4364e-02,-3.4622e-02,-3.4629e-02,-3.4341e-02,-3.3714e-02
1.3639e-03,2.8231e-04,-7.4268e-04,-1.7083e-03,-2.6110e-03,-3.4475e-03,-4.2144e-03,-4.9084e-03,-5.5275e-03,-6.0699e-03,-6.5349e-03,-6.9228e-03,-7.2349e-03,-7.4732e-03,-7.6410e-03,-7.7421e-03,-7.7809e-03,-7.7626e-03,-7.6929e-03,-7.5777e-03,-7.4229e-03,-7.2349e-03,-7.0198e-03,-6.7834e-03,-6.5318e-03,-6.2702e-03,-6.0039e-03,-5.7375e-03,-5.4751e-03,-5.2204e-03,-4.9767e-03,-4.7465e-03,-4.5321e-03,-4.3349e-03,-4.1562e-03,-3.9966e-03,-3.8564e-03,-3.7357e-03,-3.6338e-03,-3.5504e-03,-3.4846e-03,-3.4356e-03,-3.4024e-03,-3.3843e-03,-3.3803e-03,-3.3898e-03,-3.4125e-03,-3.4479e-03,-3.4963e-03,-3.5575e-03,-3.6327e-03,-3.7225e-03,-3.8282e-03,-3.9512e-03,-4.0931e-03,-4.2560e-03,-4.4417e-03,-4.6526e-03,-4.8910e-03,-5.1587e-03,-5.4582e-03,-5.7914e-03,-6.1602e-03,-6.5663e-03,-7.0110e-03,-7.4955e-03,-8.0206e-03,-8.5868e-03,-9.1944e-03,-9.8435e-03,-1.0534e-02,-1.1264e-02,-1.2034e-02,-1.2843e-02,-1.3690e-02,-1.4573e-02,-1.5490e-02,-1.6441e-02,-1.7424e-02,-1.8436e-02,-1.9476e-02,-2.0540e-02,-2.1627e-02,-2.2732e-02,-2.3852e-02,-2.4980e-02,-2.6112e-02,-2.7238e-02,-2.8350e-02,-2.9435e-02,-3.0480e-02,-3.1469e-02,-3.2380e-02,-3.3193e-02,-3.3879e-02,-3.4410e-02,-3.4753e-02,-3.4869e-02,-3.4719e-02,-3.4259e-02
1.5509e-03,4.7547e-04,-5.4602e-04,-1.5102e-03,-2.4136e-03,-3.2525e-03,-4.0231e-03,-4.7224e-03,-5.3477e-03,-5.8971e-03,-6.3699e-03,-6.7661e-03,-7.0870e-03,-7.3344e-03,-7.5114e-03,-7.6217e-03,-7.6699e-03,-7.6611e-03,-7.6009e-03,-7.4952e-03,-7.3500e-03,-7.1718e-03,-6.9666e-03,-6.7406e-03,-6.4997e-03,-6.2494e-03,-5.9950e-03,-5.7414e-03,-5.4926e-03,-5.2527e-03,-5.0249e-03,-4.8119e-03,-4.6161e-03,-4.4389e-03,-4.2818e-03,-4.1454e-03,-4.0301e-03,-3.9358e-03,-3.8620e-03,-3.8083e-03,-3.7736e-03,-3.7570e-03,-3.7576e-03,-3.7742e-03,-3.8058e-03,-3.8516e-03,-3.9109e-03,-3.9829e-03,-4.0676e-03,-4.1650e-03,-4.2753e-03,-4.3992e-03,-4.5372e-03,-4.6910e-03,-4.8617e-03,-5.0508e-03,-5.2603e-03,-5.4921e-03,-5.7483e-03,-6.0307e-03,-6.3414e-03,-6.6825e-03,-7.0555e-03,-7.4621e-03,-7.9038e-03,-8.3817e-03,-8.8966e-03,-9.4491e-03,-1.0040e-02,-1.0668e-02,-1.1334e-02,-1.2038e-02,-1.2778e-02,-1.3554e-02,-1.4364e-02,-1.5208e-02,-1.6085e-02,-1.6992e-02,-1.7928e-02,-1.8892e-02,-1.9882e-02,-2.0895e-02,-2.1929e-02,-2.2981e-02,-2.4048e-02,-2.5125e-02,-2.6207e-02,-2.7288e-02,-2.8358e-02,-2.9408e-02,-3.0426e-02,-3.1397e-02,-3.2303e-02,-3.3125e-02,-3.3839e-02,-3.4417e-02,-3.4827e-02,-3.5036e-02,-3.5006e-02,-3.4694e-02
1.7400e-03,6.6954e-04,-3.4924e-04,-1.3130e-03,-2.2176e-03,-3.0595e-03,-3.8345e-03,-4.5392e-03,-5.1710e-03,-5.7279e-03,-6.2086e-03,-6.6134e-03,-6.9430e-03,-7.1994e-03,-7.3855e-03,-7.5049e-03,-7.5623e-03,-7.5627e-03,-7.5115e-03,-7.4149e-03,-7.2789e-03,-7.1099e-03,-6.9141e-03,-6.6977e-03,-6.4668e-03,-6.2271e-03,-5.9838e-03,-5.7418e-03,-5.5058e-03,-5.2795e-03,-5.0665e-03,-4.8695e-03,-4.6909e-03,-4.5325e-03,-4.3957e-03,-4.2812e-03,-4.1892e-03,-4.1200e-03,-4.0729e-03,-4.0474e-03,-4.0425e-03,-4.0572e-03,-4.0902e-03,-4.1404e-03,-4.2065e-03,-4.2876e-03,-4.3825e-03,-4.4906e-03,-4.6113e-03,-4.7442e-03,-4.8895e-03,-5.0473e-03,-5.2181e-03,-5.4029e-03,-5.6028e-03,-5.8191e-03,-6.0535e-03,-6.3072e-03,-6.5825e-03,-6.8811e-03,-7.2048e-03,-7.5553e-03,-7.9346e-03,-8.3439e-03,-8.7847e-03,-9.2582e-03,-9.7652e-03,-1.0306e-02,-1.0882e-02,-1.1493e-02,-1.2137e-02,-1.2816e-02,-1.3529e-02,-1.4274e-02,-1.5051e-02,-1.5859e-02,-1.6697e-02,-1.7562e-02,-1.8455e-02,-1.9373e-02,-2.0314e-02,-2.1278e-02,-2.2261e-02,-2.3262e-02,-2.4277e-02,-2.5303e-02,-2.6335e-02,-2.7367e-02,-2.8393e-02,-2.9404e-02,-3.0389e-02,-3.1337e-02,-3.2231e-02,-3.3053e-02,-3.3781e-02,-3.4392e-02,-3.4856e-02,-3.5142e-02,-3.5214e-02,-3.5031e-02
1.9306e-03,8.6418e-04,-1.5280e-04,-1.1167e-03,-2.0234e-03,-2.8687e-03,-3.6485e-03,-4.3591e-03,-4.9977e-03,-5.5621e-03,-6.0510e-03,-6.4642e-03,-6.8026e-03,-7.0679e-03,-7.2630e-03,-7.3916e-03,-7.4580e-03,-7.4672e-03,-7.4249e-03,-7.3369e-03,-7.2096e-03,-7.0493e-03,-6.8623e-03,-6.6550e-03,-6.4333e-03,-6.2032e-03,-5.9702e-03,-5.7391e-03,-5.5147e-03,-5.3010e-03,-5.1016e-03,-4.9194e-03,-4.7569e-03,-4.6161e-03,-4.4982e-03,-4.4041e-03,-4.3342e-03,-4.2886e-03,-4.2669e-03,-4.2682e-03,-4.2918e-03,-4.3362e-03,-4.4004e-03,-4.4829e-03,-4.5825e-03,-4.6978e-03,-4.8275e-03,-4.9708e-03,-5.1268e-03,-5.2949e-03,-5.4747e-03,-5.6663e-03,-5.8700e-03,-6.0863e-03,-6.3159e-03,-6.5600e-03,-6.8197e-03,-7.0965e-03,-7.3922e-03,-7.7082e-03,-8.0463e-03,-8.4082e-03,-8.7952e-03,-9.2092e-03,-9.6512e-03,-1.0122e-02,-1.0624e-02,-1.1156e-02,-1.1719e-02,-1.2314e-02,-1.2940e-02,-1.3597e-02,-1.4284e-02,-1.5002e-02,-1.5748e-02,-1.6522e-02,-1.7323e-02,-1.8150e-02,-1.9001e-02,-1.9875e-02,-2.0771e-02,-2.1687e-02,-2.2622e-02,-2.3572e-02,-2.4536e-02,-2.5511e-02,-2.6492e-02,-2.7476e-02,-2.8456e-02,-2.9425e-02,-3.0375e-02,-3.1293e-02,-3.2167e-02,-3.2980e-02,-3.3714e-02,-3.4346e-02,-3.4850e-02,-3.5197e-02,-3.5354e-02,-3.5282e-02
2.1223e-03,1.0590e-03,4.3053e-05,-9.2181e-04,-1.8310e-03,-2.6803e-03,-3.4653e-03,-4.1822e-03,-4.8279e-03,-5.3999e-03,-5.8972e-03,-6.3189e-03,-6.6661e-03,-6.9404e-03,-7.1444e-03,-7.2818e-03,-7.3569e-03,-7.3748e-03,-7.3409e-03,-7.2612e-03,-7.1421e-03,-6.9901e-03,-6.8113e-03,-6.6123e-03,-6.3993e-03,-6.1782e-03,-5.9545e-03,-5.7335e-03,-5.5198e-03,-5.3176e-03,-5.1307e-03,-4.9622e-03,-4.8146e-03,-4.6899e-03,-4.5897e-03,-4.5148e-03,-4.4656e-03,-4.4422e-03,-4.4443e-03,-4.4710e-03,-4.5215e-03,-4.5945e-03,-4.6886e-03,-4.8023e-03,-4.9341e-03,-5.0824e-03,-5.2459e-03,-5.4236e-03,-5.6141e-03,-5.8167e-03,-6.0307e-03,-6.2559e-03,-6.4923e-03,-6.7400e-03,-6.9997e-03,-7.2721e-03,-7.5580e-03,-7.8589e-03,-8.1758e-03,-8.5106e-03,-8.8645e-03,-9.2391e-03,-9.6358e-03,-1.0056e-02,-1.0501e-02,-1.0972e-02,-1.1470e-02,-1.1995e-02,-1.2548e-02,-1.3130e-02,-1.3739e-02,-1.4376e-02,-1.5041e-02,-1.5733e-02,-1.6451e-02,-1.7194e-02,-1.7961e-02,-1.8751e-02,-1.9563e-02,-2.0397e-02,-2.1249e-02,-2.2120e-02,-2.3007e-02,-2.3909e-02,-2.4823e-02,-2.5748e-02,-2.6680e-02,-2.7615e-02,-2.8548e-02,-2.9473e-02,-3.0383e-02,-3.1267e-02,-3.2116e-02,-3.2913e-02,-3.3643e-02,-3.4286e-02,-3.4817e-02,-3.5211e-02,-3.5437e-02,-3.5460e-02
2.3149e-03,1.2538e-03,2.3796e-04,-7.2835e-04,-1.6408e-03,-2.4945e-03,-3.2850e-03,-4.0085e-03,-4.6615e-03,-5.2415e-03,-5.7471e-03,-6.1775e-03,-6.5335e-03,-6.8167e-03,-7.0294e-03,-7.1755e-03,-7.2592e-03,-7.2853e-03,-7.2595e-03,-7.1879e-03,-7.0767e-03,-6.9323e-03,-6.7612e-03,-6.5700e-03,-6.3648e-03,-6.1519e-03,-5.9369e-03,-5.7250e-03,-5.5210e-03,-5.3294e-03,-5.1541e-03,-4.9981e-03,-4.8641e-03,-4.7544e-03,-4.6705e-03,-4.6133e-03,-4.5834e-03,-4.5810e-03,-4.6056e-03,-4.6564e-03,-4.7324e-03,-4.8325e-03,-4.9551e-03,-5.0985e-03,-5.2612e-03,-5.4416e-03,-5.6380e-03,-5.8489e-03,-6.0732e-03,-6.3097e-03,-6.5574e-03,-6.8159e-03,-7.0847e-03,-7.3640e-03,-7.6537e-03,-7.9548e-03,-8.2675e-03,-8.5929e-03,-8.9324e-03,-9.2868e-03,-9.6577e-03,-1.0046e-02,-1.0454e-02,-1.0883e-02,-1.1333e-02,-1.1805e-02,-1.2301e-02,-1.2822e-02,-1.3367e-02,-1.3937e-02,-1.4532e-02,-1.5152e-02,-1.5797e-02,-1.6465e-02,-1.7157e-02,-1.7871e-02,-1.8607e-02,-1.9363e-02,-2.0139e-02,-2.0933e-02,-2.1745e-02,-2.2572e-02,-2.3414e-02,-2.4270e-02,-2.5137e-02,-2.6013e-02,-2.6895e-02,-2.7781e-02,-2.8667e-02,-2.9547e-02,-3.0415e-02,-3.1263e-02,-3.2081e-02,-3.2856e-02,-3.3575e-02,-3.4218e-02,-3.4766e-02,-3.5194e-02,-3.5474e-02,-3.5575e-02
2.5078e-03,1.4481e-03,4.3181e-04,-5.3665e-04,-1.4527e-03,-2.3113e-03,-3.1078e-03,-3.8382e-03,-4.4988e-03,-5.0868e-03,-5.6007e-03,-6.0399e-03,-6.4046e-03,-6.6966e-03,-6.9182e-03,-7.0728e-03,-7.1647e-03,-7.1990e-03,-7.1810e-03,-7.1170e-03,-7.0131e-03,-6.8760e-03,-6.7120e-03,-6.5281e-03,-6.3303e-03,-6.1248e-03,-5.9175e-03,-5.7138e-03,-5.5188e-03,-5.3369e-03,-5.1719e-03,-5.0273e-03,-4.9059e-03,-4.8100e-03,-4.7410e-03,-4.7004e-03,-4.6885e-03,-4.7055e-03,-4.7511e-03,-4.8246e-03,-4.9248e-03,-5.0505e-03,-5.2002e-03,-5.3722e-03,-5.5646e-03,-5.7757e-03,-6.0039e-03,-6.2472e-03,-6.5043e-03,-6.7738e-03,-7.0546e-03,-7.3459e-03,-7.6470e-03,-7.9575e-03,-8.2776e-03,-8.6075e-03,-8.9473e-03,-9.2979e-03,-9.6605e-03,-1.0036e-02,-1.0425e-02,-1.0829e-02,-1.1249e-02,-1.1687e-02,-1.2144e-02,-1.2620e-02,-1.3116e-02,-1.3634e-02,-1.4173e-02,-1.4734e-02,-1.5317e-02,-1.5922e-02,-1.6548e-02,-1.7196e-02,-1.7864e-02,-1.8552e-02,-1.9258e-02,-1.9983e-02,-2.0725e-02,-2.1483e-02,-2.2255e-02,-2.3042e-02,-2.3841e-02,-2.4652e-02,-2.5473e-02,-2.6302e-02,-2.7137e-02,-2.7975e-02,-2.8814e-02,-2.9648e-02,-3.0473e-02,-3.1281e-02,-3.2065e-02,-3.2813e-02,-3.3513e-02,-3.4149e-02,-3.4704e-02,-3.5154e-02,-3.5475e-02,-3.5637e-02
2.7007e-03,1.6417e-03,6.2431e-04,-3.4697e-04,-1.2671e-03,-2.1308e-03,-2.9338e-03,-3.6712e-03,-4.3395e-03,-4.9358e-03,-5.4583e-03,-5.9061e-03,-6.2797e-03,-6.5805e-03,-6.8104e-03,-6.9735e-03,-7.0735e-03,-7.1156e-03,-7.1052e-03,-7.0485e-03,-6.9517e-03,-6.8213e-03,-6.6640e-03,-6.4866e-03,-6.2955e-03,-6.0968e-03,-5.8967e-03,-5.7005e-03,-5.5133e-03,-5.3400e-03,-5.1845e-03,-5.0503e-03,-4.9403e-03,-4.8569e-03,-4.8018e-03,-4.7763e-03,-4.7810e-03,-4.8161e-03,-4.8814e-03,-4.9760e-03,-5.0991e-03,-5.2491e-03,-5.4246e-03,-5.6237e-03,-5.8444e-03,-6.0852e-03,-6.3438e-03,-6.6185e-03,-6.9074e-03,-7.2092e-03,-7.5225e-03,-7.8459e-03,-8.1788e-03,-8.5206e-03,-8.8708e-03,-9.2295e-03,-9.5969e-03,-9.9733e-03,-1.0359e-02,-1.0756e-02,-1.1164e-02,-1.1585e-02,-1.2019e-02,-1.2468e-02,-1.2933e-02,-1.3414e-02,-1.3912e-02,-1.4429e-02,-1.4964e-02,-1.5518e-02,-1.6091e-02,-1.6683e-02,-1.7293e-02,-1.7922e-02,-1.8569e-02,-1.9232e-02,-1.9912e-02,-2.0608e-02,-2.1318e-02,-2.2042e-02,-2.2778e-02,-2.3526e-02,-2.4285e-02,-2.5053e-02,-2.5830e-02,-2.6613e-02,-2.7402e-02,-2.8194e-02,-2.8985e-02,-2.9774e-02,-3.0554e-02,-3.1322e-02,-3.2068e-02,-3.2786e-02,-3.3462e-02,-3.4084e-02,-3.4636e-02,-3.5098e-02,-3.5448e-02,-3.5658e-02
2.8936e-03,1.8345e-03,8.1525e-04,-1.5930e-04,-1.0839e-03,-1.9534e-03,-2.7629e-03,-3.5077e-03,-4.1838e-03,-4.7885e-03,-5.3196e-03,-5.7762e-03,-6.1585e-03,-6.4679e-03,-6.7065e-03,-6.8778e-03,-6.9857e-03,-7.0354e-03,-7.0323e-03,-6.9825e-03,-6.8922e-03,-6.7682e-03,-6.6172e-03,-6.4458e-03,-6.2606e-03,-6.0682e-03,-5.8743e-03,-5.6848e-03,-5.5050e-03,-5.3393e-03,-5.1922e-03,-5.0673e-03,-4.9675e-03,-4.8955e-03,-4.8531e-03,-4.8415e-03,-4.8615e-03,-4.9133e-03,-4.9969e-03,-5.1114e-03,-5.2558e-03,-5.4288e-03,-5.6286e-03,-5.8533e-03,-6.1013e-03,-6.3703e-03,-6.6583e-03,-6.9631e-03,-7.2831e-03,-7.6161e-03,-7.9609e-03,-8.3161e-03,-8.6803e-03,-9.0528e-03,-9.4330e-03,-9.8206e-03,-1.0216e-02,-1.0618e-02,-1.1029e-02,-1.1447e-02,-1.1876e-02,-1.2314e-02,-1.2763e-02,-1.3224e-02,-1.3698e-02,-1.4186e-02,-1.4688e-02,-1.5205e-02,-1.5738e-02,-1.6287e-02,-1.6852e-02,-1.7433e-02,-1.8030e-02,-1.8642e-02,-1.9269e-02,-1.9911e-02,-2.0566e-02,-2.1235e-02,-2.1915e-02,-2.2607e-02,-2.3310e-02,-2.4022e-02,-2.4742e-02,-2.5470e-02,-2.6205e-02,-2.6945e-02,-2.7689e-02,-2.8435e-02,-2.9181e-02,-2.9924e-02,-3.0660e-02,-3.1385e-02,-3.2093e-02,-3.2776e-02,-3.3425e-02,-3.4027e-02,-3.4569e-02,-3.5034e-02,-3.5401e-02,-3.5647e-02
3.0859e-03,2.0260e-03,1.0044e-03,2.6140e-05,-9.0341e-04,-1.7790e-03,-2.5953e-03,-3.3476e-03,-4.0319e-03,-4.6450e-03,-5.1847e-03,-5.6501e-03,-6.0412e-03,-6.3591e-03,-6.6061e-03,-6.7854e-03,-6.9012e-03,-6.9583e-03,-6.9622e-03,-6.9189e-03,-6.8349e-03,-6.7169e-03,-6.5716e-03,-6.4057e-03,-6.2261e-03,-6.0391e-03,-5.8508e-03,-5.6673e-03,-5.4936e-03,-5.3349e-03,-5.1953e-03,-5.0787e-03,-4.9882e-03,-4.9264e-03,-4.8954e-03,-4.8964e-03,-4.9304e-03,-4.9978e-03,-5.0983e-03,-5.2311e-03,-5.3955e-03,-5.5900e-03,-5.8127e-03,-6.0620e-03,-6.3357e-03,-6.6316e-03,-6.9477e-03,-7.2815e-03,-7.6313e-03,-7.9948e-03,-8.3704e-03,-8.7563e-03,-9.1513e-03,-9.5541e-03,-9.9641e-03,-1.0381e-02,-1.0803e-02,-1.1232e-02,-1.1667e-02,-1.2109e-02,-1.2558e-02,-1.3014e-02,-1.3479e-02,-1.3954e-02,-1.4439e-02,-1.4935e-02,-1.5442e-02,-1.5962e-02,-1.6494e-02,-1.7040e-02,-1.7598e-02,-1.8170e-02,-1.8755e-02,-1.9353e-02,-1.9963e-02,-2.0585e-02,-2.1218e-02,-2.1862e-02,-2.2515e-02,-2.3177e-02,-2.3848e-02,-2.4526e-02,-2.5210e-02,-2.5900e-02,-2.6595e-02,-2.7293e-02,-2.7994e-02,-2.8697e-02,-2.9398e-02,-3.0096e-02,-3.0789e-02,-3.1471e-02,-3.2139e-02,-3.2785e-02,-3.3403e-02,-3.3981e-02,-3.4507e-02,-3.4967e-02,-3.5342e-02,-3.5611e-02
