2.5189e-02,2.4471e-02,2.4465e-02,2.5096e-02,2.6083e-02,2.6977e-02,2.7252e-02,2.6452e-02,2.4345e-02,2.1058e-02,1.7103e-02,1.3278e-02,1.0452e-02,9.2615e-03,9.8631e-03,1.1855e-02,1.4449e-02,1.6853e-02,1.8655e-02,1.9934e-02,2.1056e-02,2.2336e-02,2.3792e-02,2.5101e-02,2.5713e-02,2.5038e-02,2.2647e-02,1.8452e-02,1.2810e-02,6.5035e-03,5.7329e-04,-3.9461e-03,-6.3096e-03,-6.2681e-03,-4.1620e-03,-8.7499e-04,2.3620e-03,4.3226e-03,4.1799e-03,1.8268e-03,-2.0817e-03,-6.3619e-03,-9.7192e-03,-1.1131e-02,-1.0087e-02,-6.6642e-03,-1.4589e-03,4.5783e-03,1.0367e-02,1.4940e-02,1.7641e-02,1.8234e-02,1.6912e-02,1.4209e-02,1.0851e-02,7.5858e-03,5.0445e-03,3.6355e-03,3.5161e-03,4.6061e-03,6.6516e-03,9.3009e-03,1.2188e-02,1.4998e-02,1.7502e-02,1.9588e-02,2.1243e-02,2.2534e-02,2.3582e-02,2.4519e-02,2.5469e-02,2.6506e-02,2.7656e-02,2.8888e-02,3.0107e-02,3.1177e-02,3.1936e-02,3.2204e-02,3.1817e-02,3.0639e-02,2.8579e-02,2.5609e-02,2.1766e-02,1.7154e-02,1.1949e-02,6.3719e-03,6.8780e-04,-4.8211e-03,-9.8788e-03,-1.4230e-02,-1.7667e-02,-2.0042e-02,-2.1278e-02,-2.1386e-02,-2.0459e-02,-1.8677e-02,-1.6298e-02,-1.3637e-02,-1.1047e-02,-8.8824e-03
1.5818e-03,-2.0276e-03,-4.5296e-03,-5.7128e-03,-5.6022e-03,-4.4679e-03,-2.7857e-03,-1.1280e-03,-1.3568e-05,2.6894e-04,-2.0924e-04,-9.8323e-04,-1.3204e-03,-4.7465e-04,1.9848e-03,5.9413e-03,1.0708e-02,1.5315e-02,1.8973e-02,2.1430e-02,2.2974e-02,2.4126e-02,2.5277e-02,2.6482e-02,2.7467e-02,2.7767e-02,2.6904e-02,2.4586e-02,2.0861e-02,1.6165e-02,1.1243e-02,6.9228e-03,3.8720e-03,2.3844e-03,2.2839e-03,2.9455e-03,3.4598e-03,2.8978e-03,6.3061e-04,-3.4239e-03,-8.7474e-03,-1.4386e-02,-1.9261e-02,-2.2473e-02,-2.3504e-02,-2.2303e-02,-1.9248e-02,-1.5048e-02,-1.0569e-02,-6.6312e-03,-3.8347e-03,-2.4369e-03,-2.3318e-03,-3.1128e-03,-4.1962e-03,-4.9720e-03,-4.9395e-03,-3.7940e-03,-1.4676e-03,1.8909e-03,5.9704e-03,1.0375e-02,1.4701e-02,1.8601e-02,2.1827e-02,2.4248e-02,2.5844e-02,2.6692e-02,2.6928e-02,2.6723e-02,2.6249e-02,2.5649e-02,2.5020e-02,2.4409e-02,2.3798e-02,2.3122e-02,2.2276e-02,2.1124e-02,1.9534e-02,1.7384e-02,1.4592e-02,1.1123e-02,7.0116e-03,2.3576e-03,-2.6723e-03,-7.8512e-03,-1.2918e-02,-1.7588e-02,-2.1587e-02,-2.4665e-02,-2.6624e-02,-2.7336e-02,-2.6761e-02,-2.4945e-02,-2.2038e-02,-1.8279e-02,-1.3989e-02,-9.5522e-03,-5.3866e-03,-1.9076e-03
-1.3383e-02,-2.0411e-02,-2.6232e-02,-3.0343e-02,-3.2459e-02,-3.2571e-02,-3.0958e-02,-2.8132e-02,-2.4728e-02,-2.1337e-02,-1.8326e-02,-1.5696e-02,-1.3072e-02,-9.8400e-03,-5.4374e-03,3.1719e-04,7.0251e-03,1.3783e-02,1.9566e-02,2.3732e-02,2.6281e-02,2.7743e-02,2.8781e-02,2.9844e-02,3.1017e-02,3.2048e-02,3.2491e-02,3.1899e-02,3.0012e-02,2.6900e-02,2.2961e-02,1.8787e-02,1.4949e-02,1.1783e-02,9.2921e-03,7.1314e-03,4.7281e-03,1.4800e-03,-3.0181e-03,-8.7879e-03,-1.5418e-02,-2.2173e-02,-2.8207e-02,-3.2792e-02,-3.5471e-02,-3.6125e-02,-3.4967e-02,-3.2470e-02,-2.9258e-02,-2.5961e-02,-2.3072e-02,-2.0840e-02,-1.9238e-02,-1.7997e-02,-1.6699e-02,-1.4901e-02,-1.2245e-02,-8.5379e-03,-3.7955e-03,1.7801e-03,7.8401e-03,1.3961e-02,1.9718e-02,2.4740e-02,2.8758e-02,3.1622e-02,3.3297e-02,3.3849e-02,3.3425e-02,3.2207e-02,3.0404e-02,2.8207e-02,2.5778e-02,2.3231e-02,2.0630e-02,1.7984e-02,1.5253e-02,1.2367e-02,9.2308e-03,5.7592e-03,1.8823e-03,-2.4232e-03,-7.1223e-03,-1.2120e-02,-1.7248e-02,-2.2288e-02,-2.6974e-02,-3.1021e-02,-3.4153e-02,-3.6128e-02,-3.6763e-02,-3.5953e-02,-3.3690e-02,-3.0068e-02,-2.5292e-02,-1.9665e-02,-1.3579e-02,-7.4857e-03,-1.8668e-03,2.8063e-03
-1.9435e-02,-2.9792e-02,-3.9151e-02,-4.6752e-02,-5.1997e-02,-5.4552e-02,-5.4397e-02,-5.1837e-02,-4.7444e-02,-4.1932e-02,-3.5983e-02,-3.0058e-02,-2.4260e-02,-1.8326e-02,-1.1793e-02,-4.3091e-03,4.0589e-03,1.2679e-02,2.0531e-02,2.6674e-02,3.0720e-02,3.2978e-02,3.4208e-02,3.5182e-02,3.6368e-02,3.7817e-02,3.9209e-02,4.0021e-02,3.9735e-02,3.8054e-02,3.5015e-02,3.0940e-02,2.6278e-02,2.1411e-02,1.6510e-02,1.1513e-02,6.1795e-03,2.2336e-04,-6.5271e-03,-1.4011e-02,-2.1890e-02,-2.9611e-02,-3.6551e-02,-4.2166e-02,-4.6098e-02,-4.8223e-02,-4.8639e-02,-4.7621e-02,-4.5558e-02,-4.2863e-02,-3.9888e-02,-3.6842e-02,-3.3758e-02,-3.0504e-02,-2.6839e-02,-2.2501e-02,-1.7283e-02,-1.1111e-02,-4.0697e-03,3.5955e-03,1.1522e-02,1.9273e-02,2.6416e-02,3.2569e-02,3.7443e-02,4.0866e-02,4.2783e-02,4.3240e-02,4.2369e-02,4.0358e-02,3.7429e-02,3.3804e-02,2.9693e-02,2.5270e-02,2.0668e-02,1.5971e-02,1.1213e-02,6.3883e-03,1.4632e-03,-3.6096e-03,-8.8651e-03,-1.4310e-02,-1.9901e-02,-2.5538e-02,-3.1057e-02,-3.6233e-02,-4.0802e-02,-4.4478e-02,-4.6987e-02,-4.8089e-02,-4.7615e-02,-4.5484e-02,-4.1724e-02,-3.6478e-02,-3.0009e-02,-2.2686e-02,-1.4970e-02,-7.3818e-03,-4.5893e-04,5.2786e-03
-1.7826e-02,-3.0786e-02,-4.3209e-02,-5.4165e-02,-6.2798e-02,-6.8450e-02,-7.0765e-02,-6.9742e-02,-6.5741e-02,-5.9413e-02,-5.1573e-02,-4.3004e-02,-3.4272e-02,-2.5578e-02,-1.6773e-02,-7.5428e-03,2.2694e-03,1.2381e-02,2.1994e-02,3.0082e-02,3.5905e-02,3.9406e-02,4.1208e-02,4.2251e-02,4.3348e-02,4.4897e-02,4.6800e-02,4.8563e-02,4.9494e-02,4.8977e-02,4.6686e-02,4.2658e-02,3.7195e-02,3.0699e-02,2.3505e-02,1.5810e-02,7.6829e-03,-8.6681e-04,-9.7950e-03,-1.8947e-02,-2.8024e-02,-3.6618e-02,-4.4292e-02,-5.0675e-02,-5.5524e-02,-5.8747e-02,-6.0379e-02,-6.0547e-02,-5.9435e-02,-5.7249e-02,-5.4181e-02,-5.0374e-02,-4.5896e-02,-4.0738e-02,-3.4832e-02,-2.8099e-02,-2.0490e-02,-1.2043e-02,-2.9071e-03,6.6511e-03,1.6262e-02,2.5502e-02,3.3941e-02,4.1193e-02,4.6956e-02,5.1033e-02,5.3342e-02,5.3902e-02,5.2823e-02,5.0280e-02,4.6493e-02,4.1695e-02,3.6130e-02,3.0016e-02,2.3543e-02,1.6861e-02,1.0077e-02,3.2524e-03,-3.5813e-03,-1.0420e-02,-1.7255e-02,-2.4063e-02,-3.0791e-02,-3.7322e-02,-4.3489e-02,-4.9064e-02,-5.3780e-02,-5.7351e-02,-5.9498e-02,-5.9989e-02,-5.8662e-02,-5.5461e-02,-5.0447e-02,-4.3814e-02,-3.5881e-02,-2.7084e-02,-1.7950e-02,-9.0589e-03,-9.9867e-04,5.6752e-03
-1.1297e-02,-2.5674e-02,-4.0086e-02,-5.3565e-02,-6.5106e-02,-7.3805e-02,-7.8990e-02,-8.0319e-02,-7.7847e-02,-7.2011e-02,-6.3565e-02,-5.3426e-02,-4.2478e-02,-3.1365e-02,-2.0359e-02,-9.3863e-03,1.7447e-03,1.3027e-02,2.3993e-02,3.3754e-02,4.1383e-02,4.6429e-02,4.9194e-02,5.0571e-02,5.1592e-02,5.2988e-02,5.4962e-02,5.7154e-02,5.8818e-02,5.9101e-02,5.7352e-02,5.3311e-02,4.7110e-02,3.9137e-02,2.9868e-02,1.9730e-02,9.0662e-03,-1.8552e-03,-1.2797e-02,-2.3513e-02,-3.3720e-02,-4.3114e-02,-5.1404e-02,-5.8365e-02,-6.3863e-02,-6.7852e-02,-7.0345e-02,-7.1371e-02,-7.0957e-02,-6.9132e-02,-6.5935e-02,-6.1429e-02,-5.5694e-02,-4.8818e-02,-4.0893e-02,-3.2007e-02,-2.2266e-02,-1.1813e-02,-8.5124e-04,1.0339e-02,2.1403e-02,3.1939e-02,4.1534e-02,4.9805e-02,5.6442e-02,6.1223e-02,6.4039e-02,6.4875e-02,6.3808e-02,6.0992e-02,5.6629e-02,5.0957e-02,4.4228e-02,3.6692e-02,2.8581e-02,2.0103e-02,1.1426e-02,2.6775e-03,-6.0477e-03,-1.4685e-02,-2.3182e-02,-3.1478e-02,-3.9490e-02,-4.7093e-02,-5.4105e-02,-6.0294e-02,-6.5389e-02,-6.9098e-02,-7.1141e-02,-7.1283e-02,-6.9375e-02,-6.5380e-02,-5.9388e-02,-5.1641e-02,-4.2512e-02,-3.2500e-02,-2.2187e-02,-1.2206e-02,-3.1821e-03,4.3098e-03
-3.3475e-03,-1.7869e-02,-3.2920e-02,-4.7625e-02,-6.0983e-02,-7.1979e-02,-7.9719e-02,-8.3564e-02,-8.3239e-02,-7.8877e-02,-7.1019e-02,-6.0521e-02,-4.8391e-02,-3.5573e-02,-2.2737e-02,-1.0163e-02,2.1893e-03,1.4424e-02,2.6377e-02,3.7432e-02,4.6680e-02,5.3382e-02,5.7431e-02,5.9466e-02,6.0552e-02,6.1676e-02,6.3355e-02,6.5468e-02,6.7338e-02,6.7995e-02,6.6535e-02,6.2415e-02,5.5571e-02,4.6342e-02,3.5295e-02,2.3053e-02,1.0193e-02,-2.8003e-03,-1.5525e-02,-2.7647e-02,-3.8888e-02,-4.9007e-02,-5.7824e-02,-6.5226e-02,-7.1167e-02,-7.5653e-02,-7.8691e-02,-8.0254e-02,-8.0264e-02,-7.8616e-02,-7.5225e-02,-7.0076e-02,-6.3242e-02,-5.4886e-02,-4.5223e-02,-3.4496e-02,-2.2945e-02,-1.0809e-02,1.6615e-03,1.4183e-02,2.6427e-02,3.8024e-02,4.8588e-02,5.7751e-02,6.5196e-02,7.0683e-02,7.4068e-02,7.5304e-02,7.4430e-02,7.1567e-02,6.6897e-02,6.0642e-02,5.3059e-02,4.4411e-02,3.4961e-02,2.4958e-02,1.4619e-02,4.1347e-03,-6.3443e-03,-1.6694e-02,-2.6813e-02,-3.6601e-02,-4.5942e-02,-5.4692e-02,-6.2658e-02,-6.9598e-02,-7.5237e-02,-7.9278e-02,-8.1435e-02,-8.1473e-02,-7.9248e-02,-7.4735e-02,-6.8055e-02,-5.9484e-02,-4.9448e-02,-3.8495e-02,-2.7261e-02,-1.6411e-02,-6.5931e-03,1.6113e-03
2.9784e-03,-1.0736e-02,-2.5255e-02,-3.9873e-02,-5.3717e-02,-6.5815e-02,-7.5206e-02,-8.1071e-02,-8.2859e-02,-8.0396e-02,-7.3929e-02,-6.4100e-02,-5.1851e-02,-3.8241e-02,-2.4205e-02,-1.0364e-02,3.0587e-03,1.6104e-02,2.8785e-02,4.0775e-02,5.1343e-02,5.9626e-02,6.5149e-02,6.8162e-02,6.9560e-02,7.0439e-02,7.1596e-02,7.3208e-02,7.4783e-02,7.5372e-02,7.3920e-02,6.9649e-02,6.2285e-02,5.2071e-02,3.9611e-02,2.5669e-02,1.1008e-02,-3.7060e-03,-1.7936e-02,-3.1272e-02,-4.3416e-02,-5.4174e-02,-6.3437e-02,-7.1174e-02,-7.7410e-02,-8.2188e-02,-8.5520e-02,-8.7348e-02,-8.7530e-02,-8.5875e-02,-8.2211e-02,-7.6463e-02,-6.8694e-02,-5.9112e-02,-4.8028e-02,-3.5806e-02,-2.2801e-02,-9.3348e-03,4.3031e-03,1.7834e-02,3.0957e-02,4.3351e-02,5.4663e-02,6.4547e-02,7.2686e-02,7.8824e-02,8.2789e-02,8.4493e-02,8.3940e-02,8.1214e-02,7.6463e-02,6.9894e-02,6.1752e-02,5.2307e-02,4.1839e-02,3.0622e-02,1.8919e-02,6.9649e-03,-5.0354e-03,-1.6908e-02,-2.8501e-02,-3.9674e-02,-5.0279e-02,-6.0149e-02,-6.9078e-02,-7.6816e-02,-8.3082e-02,-8.7575e-02,-9.0005e-02,-9.0136e-02,-8.7821e-02,-8.3046e-02,-7.5953e-02,-6.6847e-02,-5.6194e-02,-4.4583e-02,-3.2684e-02,-2.1182e-02,-1.0731e-02,-1.9026e-03
6.0582e-03,-6.3954e-03,-1.9711e-02,-3.3337e-02,-4.6575e-02,-5.8595e-02,-6.8509e-02,-7.5471e-02,-7.8791e-02,-7.8058e-02,-7.3232e-02,-6.4680e-02,-5.3138e-02,-3.9597e-02,-2.5092e-02,-1.0473e-02,3.7614e-03,1.7484e-02,3.0730e-02,4.3388e-02,5.4957e-02,6.4623e-02,7.1652e-02,7.5884e-02,7.7884e-02,7.8683e-02,7.9257e-02,8.0086e-02,8.0959e-02,8.1070e-02,7.9343e-02,7.4844e-02,6.7101e-02,5.6214e-02,4.2759e-02,2.7573e-02,1.1550e-02,-4.5057e-03,-1.9937e-02,-3.4264e-02,-4.7165e-02,-5.8461e-02,-6.8088e-02,-7.6071e-02,-8.2486e-02,-8.7407e-02,-9.0851e-02,-9.2744e-02,-9.2905e-02,-9.1098e-02,-8.7102e-02,-8.0805e-02,-7.2262e-02,-6.1708e-02,-4.9525e-02,-3.6162e-02,-2.2064e-02,-7.6242e-03,6.8367e-03,2.1047e-02,3.4745e-02,4.7651e-02,5.9463e-02,6.9861e-02,7.8538e-02,8.5227e-02,8.9728e-02,9.1916e-02,9.1758e-02,8.9296e-02,8.4648e-02,7.7994e-02,6.9561e-02,5.9617e-02,4.8447e-02,3.6346e-02,2.3603e-02,1.0493e-02,-2.7391e-03,-1.5870e-02,-2.8706e-02,-4.1067e-02,-5.2775e-02,-6.3641e-02,-7.3444e-02,-8.1930e-02,-8.8813e-02,-9.3792e-02,-9.6577e-02,-9.6927e-02,-9.4698e-02,-8.9876e-02,-8.2616e-02,-7.3244e-02,-6.2248e-02,-5.0248e-02,-3.7928e-02,-2.5979e-02,-1.5043e-02,-5.6719e-03
5.8422e-03,-5.2637e-03,-1.7188e-02,-2.9472e-02,-4.1542e-02,-5.2721e-02,-6.2257e-02,-6.9390e-02,-7.3428e-02,-7.3858e-02,-7.0441e-02,-6.3288e-02,-5.2885e-02,-4.0035e-02,-2.5712e-02,-1.0856e-02,3.8424e-03,1.8057e-02,3.1742e-02,4.4881e-02,5.7180e-02,6.7962e-02,7.6392e-02,8.1958e-02,8.4821e-02,8.5785e-02,8.5870e-02,8.5807e-02,8.5701e-02,8.5005e-02,8.2752e-02,7.7951e-02,6.9972e-02,5.8748e-02,4.4753e-02,2.8820e-02,1.1907e-02,-5.0790e-03,-2.1389e-02,-3.6470e-02,-4.9963e-02,-6.1683e-02,-7.1587e-02,-7.9733e-02,-8.6234e-02,-9.1187e-02,-9.4621e-02,-9.6451e-02,-9.6479e-02,-9.4445e-02,-9.0109e-02,-8.3341e-02,-7.4194e-02,-6.2924e-02,-4.9949e-02,-3.5785e-02,-2.0943e-02,-5.8680e-03,9.0908e-03,2.3668e-02,3.7636e-02,5.0771e-02,6.2817e-02,7.3496e-02,8.2518e-02,8.9613e-02,9.4559e-02,9.7200e-02,9.7461e-02,9.5346e-02,9.0936e-02,8.4382e-02,7.5892e-02,6.5718e-02,5.4149e-02,4.1484e-02,2.8035e-02,1.4102e-02,-3.3222e-05,-1.4113e-02,-2.7902e-02,-4.1190e-02,-5.3766e-02,-6.5422e-02,-7.5927e-02,-8.5020e-02,-9.2422e-02,-9.7833e-02,-1.0097e-01,-1.0159e-01,-9.9551e-02,-9.4840e-02,-8.7614e-02,-7.8205e-02,-6.7118e-02,-5.4973e-02,-4.2458e-02,-3.0252e-02,-1.8969e-02,-9.1347e-03
3.3207e-03,-6.4546e-03,-1.7028e-02,-2.7979e-02,-3.8798e-02,-4.8898e-02,-5.7639e-02,-6.4369e-02,-6.8475e-02,-6.9451e-02,-6.6979e-02,-6.1009e-02,-5.1807e-02,-3.9957e-02,-2.6278e-02,-1.1668e-02,3.1043e-03,1.7555e-02,3.1520e-02,4.4979e-02,5.7775e-02,6.9389e-02,7.9005e-02,8.5873e-02,8.9768e-02,9.1152e-02,9.0949e-02,9.0042e-02,8.8848e-02,8.7138e-02,8.4168e-02,7.9005e-02,7.0927e-02,5.9696e-02,4.5630e-02,2.9473e-02,1.2177e-02,-5.3031e-03,-2.2146e-02,-3.7727e-02,-5.1633e-02,-6.3651e-02,-7.3735e-02,-8.1959e-02,-8.8461e-02,-9.3361e-02,-9.6700e-02,-9.8398e-02,-9.8254e-02,-9.6000e-02,-9.1389e-02,-8.4285e-02,-7.4738e-02,-6.3011e-02,-4.9549e-02,-3.4903e-02,-1.9635e-02,-4.2318e-03,1.0930e-02,2.5587e-02,3.9547e-02,5.2634e-02,6.4649e-02,7.5361e-02,8.4510e-02,9.1832e-02,9.7092e-02,1.0011e-01,1.0077e-01,9.9039e-02,9.4964e-02,8.8660e-02,8.0310e-02,7.0150e-02,5.8458e-02,4.5541e-02,3.1714e-02,1.7298e-02,2.6007e-03,-1.2092e-02,-2.6514e-02,-4.0421e-02,-5.3580e-02,-6.5763e-02,-7.6729e-02,-8.6222e-02,-9.3967e-02,-9.9678e-02,-1.0308e-01,-1.0394e-01,-1.0213e-01,-9.7618e-02,-9.0569e-02,-8.1312e-02,-7.0341e-02,-5.8270e-02,-4.5766e-02,-3.3478e-02,-2.1986e-02,-1.1784e-02
-1.8474e-04,-8.5544e-03,-1.7780e-02,-2.7465e-02,-3.7130e-02,-4.6225e-02,-5.4163e-02,-6.0358e-02,-6.4264e-02,-6.5423e-02,-6.3521e-02,-5.8441e-02,-5.0314e-02,-3.9546e-02,-2.6778e-02,-1.2790e-02,1.6645e-03,1.6032e-02,3.0037e-02,4.3612e-02,5.6661e-02,6.8805e-02,7.9310e-02,8.7316e-02,9.2275e-02,9.4282e-02,9.4039e-02,9.2465e-02,9.0225e-02,8.7435e-02,8.3647e-02,7.8093e-02,7.0040e-02,5.9107e-02,4.5422e-02,2.9567e-02,1.2412e-02,-5.0985e-03,-2.2099e-02,-3.7897e-02,-5.2016e-02,-6.4190e-02,-7.4348e-02,-8.2561e-02,-8.8979e-02,-9.3750e-02,-9.6933e-02,-9.8467e-02,-9.8164e-02,-9.5763e-02,-9.1013e-02,-8.3771e-02,-7.4077e-02,-6.2187e-02,-4.8548e-02,-3.3730e-02,-1.8328e-02,-2.8707e-03,1.2240e-02,2.6734e-02,4.0439e-02,5.3226e-02,6.4956e-02,7.5451e-02,8.4493e-02,9.1838e-02,9.7251e-02,1.0053e-01,1.0154e-01,1.0019e-01,9.6512e-02,9.0575e-02,8.2535e-02,7.2607e-02,6.1053e-02,4.8174e-02,3.4289e-02,1.9728e-02,4.8114e-03,-1.0149e-02,-2.4862e-02,-3.9060e-02,-5.2486e-02,-6.4897e-02,-7.6046e-02,-8.5679e-02,-9.3536e-02,-9.9350e-02,-1.0287e-01,-1.0388e-01,-1.0225e-01,-9.7966e-02,-9.1183e-02,-8.2213e-02,-7.1533e-02,-5.9726e-02,-4.7421e-02,-3.5223e-02,-2.3670e-02,-1.3224e-02
-3.5278e-03,-1.0270e-02,-1.7988e-02,-2.6327e-02,-3.4841e-02,-4.3005e-02,-5.0255e-02,-5.6021e-02,-5.9777e-02,-6.1087e-02,-5.9649e-02,-5.5327e-02,-4.8190e-02,-3.8530e-02,-2.6847e-02,-1.3789e-02,-3.3736e-05,1.3861e-02,2.7563e-02,4.0949e-02,5.3943e-02,6.6267e-02,7.7297e-02,8.6155e-02,9.2076e-02,9.4808e-02,9.4761e-02,9.2769e-02,8.9661e-02,8.5861e-02,8.1262e-02,7.5334e-02,6.7418e-02,5.7043e-02,4.4142e-02,2.9088e-02,1.2597e-02,-4.4596e-03,-2.1212e-02,-3.6914e-02,-5.1014e-02,-6.3176e-02,-7.3283e-02,-8.1384e-02,-8.7635e-02,-9.2201e-02,-9.5176e-02,-9.6531e-02,-9.6110e-02,-9.3668e-02,-8.8962e-02,-8.1835e-02,-7.2300e-02,-6.0581e-02,-4.7103e-02,-3.2434e-02,-1.7187e-02,-1.9232e-03,1.2918e-02,2.7044e-02,4.0292e-02,5.2566e-02,6.3782e-02,7.3823e-02,8.2523e-02,8.9676e-02,9.5059e-02,9.8465e-02,9.9728e-02,9.8748e-02,9.5492e-02,9.0013e-02,8.2430e-02,7.2929e-02,6.1755e-02,4.9195e-02,3.5560e-02,2.1182e-02,6.3902e-03,-8.4897e-03,-2.3149e-02,-3.7298e-02,-5.0662e-02,-6.2985e-02,-7.4016e-02,-8.3509e-02,-9.1219e-02,-9.6906e-02,-1.0035e-01,-1.0136e-01,-9.9827e-02,-9.5752e-02,-8.9275e-02,-8.0691e-02,-7.0444e-02,-5.9069e-02,-4.7143e-02,-3.5213e-02,-2.3771e-02,-1.3247e-02
-5.9688e-03,-1.0768e-02,-1.6681e-02,-2.3414e-02,-3.0576e-02,-3.7692e-02,-4.4226e-02,-4.9618e-02,-5.3337e-02,-5.4931e-02,-5.4072e-02,-5.0599e-02,-4.4541e-02,-3.6116e-02,-2.5730e-02,-1.3924e-02,-1.2829e-03,1.1677e-02,2.4613e-02,3.7376e-02,4.9895e-02,6.1973e-02,7.3092e-02,8.2423e-02,8.9078e-02,9.2525e-02,9.2854e-02,9.0724e-02,8.7014e-02,8.2399e-02,7.7099e-02,7.0871e-02,6.3199e-02,5.3589e-02,4.1803e-02,2.7989e-02,1.2652e-02,-3.4669e-03,-1.9541e-02,-3.4797e-02,-4.8608e-02,-6.0559e-02,-7.0464e-02,-7.8338e-02,-8.4328e-02,-8.8616e-02,-9.1335e-02,-9.2502e-02,-9.2006e-02,-8.9640e-02,-8.5171e-02,-7.8429e-02,-6.9385e-02,-5.8208e-02,-4.5268e-02,-3.1099e-02,-1.6311e-02,-1.4925e-03,1.2876e-02,2.6466e-02,3.9095e-02,5.0686e-02,6.1199e-02,7.0578e-02,7.8720e-02,8.5468e-02,9.0631e-02,9.4007e-02,9.5425e-02,9.4755e-02,9.1936e-02,8.6983e-02,7.9981e-02,7.1088e-02,6.0520e-02,4.8542e-02,3.5456e-02,2.1581e-02,7.2528e-03,-7.2013e-03,-2.1460e-02,-3.5218e-02,-4.8190e-02,-6.0108e-02,-7.0719e-02,-7.9788e-02,-8.7091e-02,-9.2420e-02,-9.5587e-02,-9.6446e-02,-9.4912e-02,-9.1000e-02,-8.4847e-02,-7.6726e-02,-6.7035e-02,-5.6253e-02,-4.4888e-02,-3.3421e-02,-2.2287e-02,-1.1893e-02
-7.2055e-03,-9.7440e-03,-1.3515e-02,-1.8291e-02,-2.3754e-02,-2.9503e-02,-3.5064e-02,-3.9917e-02,-4.3541e-02,-4.5464e-02,-4.5318e-02,-4.2886e-02,-3.8130e-02,-3.1207e-02,-2.2442e-02,-1.2287e-02,-1.2464e-03,1.0229e-02,2.1826e-02,3.3403e-02,4.4913e-02,5.6223e-02,6.6928e-02,7.6279e-02,8.3349e-02,8.7394e-02,8.8207e-02,8.6202e-02,8.2211e-02,7.7063e-02,7.1265e-02,6.4868e-02,5.7553e-02,4.8862e-02,3.8439e-02,2.6215e-02,1.2460e-02,-2.2652e-03,-1.7228e-02,-3.1658e-02,-4.4872e-02,-5.6374e-02,-6.5898e-02,-7.3409e-02,-7.9033e-02,-8.2969e-02,-8.5385e-02,-8.6353e-02,-8.5822e-02,-8.3630e-02,-7.9572e-02,-7.3466e-02,-6.5238e-02,-5.4978e-02,-4.2976e-02,-2.9694e-02,-1.5709e-02,-1.6145e-03,1.2068e-02,2.4960e-02,3.6842e-02,4.7624e-02,5.7292e-02,6.5844e-02,7.3243e-02,7.9394e-02,8.4151e-02,8.7343e-02,8.8797e-02,8.8372e-02,8.5982e-02,8.1606e-02,7.5294e-02,6.7168e-02,5.7414e-02,4.6270e-02,3.4015e-02,2.0956e-02,7.4179e-03,-6.2709e-03,-1.9788e-02,-3.2821e-02,-4.5075e-02,-5.6277e-02,-6.6182e-02,-7.4565e-02,-8.1226e-02,-8.5994e-02,-8.8721e-02,-8.9304e-02,-8.7693e-02,-8.3922e-02,-7.8128e-02,-7.0557e-02,-6.1555e-02,-5.1535e-02,-4.0919e-02,-3.0117e-02,-1.9508e-02,-9.4720e-03
-7.2942e-03,-7.3402e-03,-8.6918e-03,-1.1186e-02,-1.4583e-02,-1.8566e-02,-2.2749e-02,-2.6692e-02,-2.9926e-02,-3.2000e-02,-3.2521e-02,-3.1216e-02,-2.7972e-02,-2.2853e-02,-1.6097e-02,-8.0670e-03,8.2385e-04,1.0200e-02,1.9808e-02,2.9549e-02,3.9425e-02,4.9378e-02,5.9114e-02,6.7986e-02,7.5084e-02,7.9531e-02,8.0856e-02,7.9208e-02,7.5269e-02,6.9927e-02,6.3903e-02,5.7520e-02,5.0682e-02,4.3021e-02,3.4124e-02,2.3738e-02,1.1904e-02,-1.0296e-03,-1.4466e-02,-2.7682e-02,-3.9965e-02,-5.0746e-02,-5.9679e-02,-6.6667e-02,-7.1812e-02,-7.5315e-02,-7.7382e-02,-7.8140e-02,-7.7599e-02,-7.5659e-02,-7.2146e-02,-6.6880e-02,-5.9743e-02,-5.0743e-02,-4.0066e-02,-2.8076e-02,-1.5274e-02,-2.2292e-03,1.0517e-02,2.2534e-02,3.3542e-02,4.3418e-02,5.2145e-02,5.9756e-02,6.6272e-02,7.1669e-02,7.5862e-02,7.8722e-02,8.0097e-02,7.9846e-02,7.7863e-02,7.4096e-02,6.8563e-02,6.1346e-02,5.2595e-02,4.2515e-02,3.1356e-02,1.9407e-02,6.9733e-03,-5.6255e-03,-1.8070e-02,-3.0050e-02,-4.1272e-02,-5.1472e-02,-6.0408e-02,-6.7876e-02,-7.3709e-02,-7.7769e-02,-7.9955e-02,-8.0205e-02,-7.8511e-02,-7.4924e-02,-6.9578e-02,-6.2690e-02,-5.4544e-02,-4.5469e-02,-3.5800e-02,-2.5863e-02,-1.5983e-02,-6.5165e-03
-6.5286e-03,-3.9768e-03,-2.7632e-03,-2.7730e-03,-3.8312e-03,-5.7063e-03,-8.1074e-03,-1.0699e-02,-1.3108e-02,-1.4949e-02,-1.5860e-02,-1.5551e-02,-1.3847e-02,-1.0722e-02,-6.3021e-03,-8.3823e-04,5.3632e-03,1.2027e-02,1.8989e-02,2.6227e-02,3.3818e-02,4.1801e-02,4.9996e-02,5.7874e-02,6.4584e-02,6.9181e-02,7.0983e-02,6.9865e-02,6.6298e-02,6.1125e-02,5.5192e-02,4.9046e-02,4.2815e-02,3.6264e-02,2.8978e-02,2.0580e-02,1.0902e-02,7.6734e-05,-1.1469e-02,-2.3097e-02,-3.4104e-02,-4.3870e-02,-5.1979e-02,-5.8272e-02,-6.2812e-02,-6.5801e-02,-6.7473e-02,-6.8005e-02,-6.7472e-02,-6.5832e-02,-6.2955e-02,-5.8670e-02,-5.2826e-02,-4.5358e-02,-3.6344e-02,-2.6023e-02,-1.4797e-02,-3.1652e-03,8.3417e-03,1.9258e-02,2.9246e-02,3.8122e-02,4.5840e-02,5.2441e-02,5.7990e-02,6.2526e-02,6.6036e-02,6.8445e-02,6.9638e-02,6.9489e-02,6.7883e-02,6.4747e-02,6.0061e-02,5.3872e-02,4.6288e-02,3.7476e-02,2.7655e-02,1.7084e-02,6.0460e-03,-5.1562e-03,-1.6218e-02,-2.6840e-02,-3.6743e-02,-4.5673e-02,-5.3413e-02,-5.9785e-02,-6.4656e-02,-6.7929e-02,-6.9550e-02,-6.9501e-02,-6.7804e-02,-6.4531e-02,-5.9805e-02,-5.3796e-02,-4.6716e-02,-3.8794e-02,-3.0263e-02,-2.1364e-02,-1.2371e-02,-3.6313e-03
-5.2958e-03,-1.8503e-04,3.5908e-03,6.1114e-03,7.5041e-03,7.9308e-03,7.5904e-03,6.7137e-03,5.5581e-03,4.4002e-03,3.5181e-03,3.1624e-03,3.5215e-03,4.6864e-03,6.6331e-03,9.2411e-03,1.2340e-02,1.5786e-02,1.9535e-02,2.3677e-02,2.8395e-02,3.3835e-02,3.9949e-02,4.6338e-02,5.2239e-02,5.6695e-02,5.8876e-02,5.8401e-02,5.5490e-02,5.0847e-02,4.5343e-02,3.9686e-02,3.4202e-02,2.8817e-02,2.3171e-02,1.6816e-02,9.4262e-03,9.3000e-04,-8.4290e-03,-1.8137e-02,-2.7539e-02,-3.5995e-02,-4.3039e-02,-4.8451e-02,-5.2259e-02,-5.4653e-02,-5.5886e-02,-5.6178e-02,-5.5659e-02,-5.4346e-02,-5.2151e-02,-4.8924e-02,-4.4494e-02,-3.8738e-02,-3.1635e-02,-2.3300e-02,-1.4010e-02,-4.1640e-03,5.7610e-03,1.5299e-02,2.4069e-02,3.1825e-02,3.8469e-02,4.4021e-02,4.8565e-02,5.2190e-02,5.4947e-02,5.6826e-02,5.7762e-02,5.7657e-02,5.6400e-02,5.3901e-02,5.0115e-02,4.5047e-02,3.8764e-02,3.1395e-02,2.3119e-02,1.4161e-02,4.7776e-03,-4.7552e-03,-1.4154e-02,-2.3143e-02,-3.1467e-02,-3.8899e-02,-4.5254e-02,-5.0392e-02,-5.4219e-02,-5.6686e-02,-5.7785e-02,-5.7538e-02,-5.5998e-02,-5.3240e-02,-4.9365e-02,-4.4482e-02,-3.8707e-02,-3.2151e-02,-2.4933e-02,-1.7208e-02,-9.2056e-03,-1.2774e-03
-3.9728e-03,3.5375e-03,9.7363e-03,1.4684e-02,1.8475e-02,2.1220e-02,2.3044e-02,2.4081e-02,2.4473e-02,2.4373e-02,2.3943e-02,2.3343e-02,2.2718e-02,2.2169e-02,2.1747e-02,2.1453e-02,2.1263e-02,2.1192e-02,2.1351e-02,2.1968e-02,2.3356e-02,2.5794e-02,2.9367e-02,3.3821e-02,3.8510e-02,4.2515e-02,4.4917e-02,4.5122e-02,4.3085e-02,3.9302e-02,3.4571e-02,2.9671e-02,2.5091e-02,2.0923e-02,1.6903e-02,1.2580e-02,7.5170e-03,1.4738e-03,-5.4897e-03,-1.3010e-02,-2.0515e-02,-2.7387e-02,-3.3131e-02,-3.7486e-02,-4.0439e-02,-4.2161e-02,-4.2917e-02,-4.2957e-02,-4.2455e-02,-4.1474e-02,-3.9975e-02,-3.7825e-02,-3.4855e-02,-3.0897e-02,-2.5849e-02,-1.9719e-02,-1.2652e-02,-4.9288e-03,3.0657e-03,1.0908e-02,1.8207e-02,2.4672e-02,3.0150e-02,3.4618e-02,3.8149e-02,4.0858e-02,4.2847e-02,4.4167e-02,4.4810e-02,4.4714e-02,4.3785e-02,4.1929e-02,3.9076e-02,3.5197e-02,3.0320e-02,2.4530e-02,1.7967e-02,1.0819e-02,3.3077e-03,-4.3231e-03,-1.1821e-02,-1.8944e-02,-2.5470e-02,-3.1213e-02,-3.6030e-02,-3.9829e-02,-4.2564e-02,-4.4236e-02,-4.4883e-02,-4.4565e-02,-4.3355e-02,-4.1328e-02,-3.8541e-02,-3.5025e-02,-3.0780e-02,-2.5785e-02,-2.0032e-02,-1.3588e-02,-6.6486e-03,4.1563e-04
-2.8421e-03,6.8182e-03,1.5200e-02,2.2356e-02,2.8360e-02,3.3287e-02,3.7205e-02,4.0169e-02,4.2220e-02,4.3394e-02,4.3726e-02,4.3262e-02,4.2057e-02,4.0179e-02,3.7702e-02,3.4709e-02,3.1317e-02,2.7704e-02,2.4148e-02,2.1042e-02,1.8844e-02,1.7975e-02,1.8667e-02,2.0819e-02,2.3927e-02,2.7155e-02,2.9560e-02,3.0393e-02,2.9360e-02,2.6705e-02,2.3068e-02,1.9206e-02,1.5709e-02,1.2818e-02,1.0397e-02,8.0425e-03,5.2725e-03,1.7171e-03,-2.7312e-03,-7.8706e-03,-1.3247e-02,-1.8301e-02,-2.2543e-02,-2.5682e-02,-2.7671e-02,-2.8662e-02,-2.8914e-02,-2.8694e-02,-2.8208e-02,-2.7559e-02,-2.6739e-02,-2.5647e-02,-2.4115e-02,-2.1955e-02,-1.9008e-02,-1.5191e-02,-1.0533e-02,-5.1901e-03,5.6679e-04,6.3916e-03,1.1931e-02,1.6882e-02,2.1050e-02,2.4368e-02,2.6878e-02,2.8693e-02,2.9942e-02,3.0724e-02,3.1081e-02,3.0993e-02,3.0391e-02,2.9185e-02,2.7290e-02,2.4649e-02,2.1252e-02,1.7142e-02,1.2421e-02,7.2344e-03,1.7663e-03,-3.7770e-03,-9.1829e-03,-1.4250e-02,-1.8801e-02,-2.2700e-02,-2.5854e-02,-2.8226e-02,-2.9824e-02,-3.0703e-02,-3.0944e-02,-3.0644e-02,-2.9891e-02,-2.8746e-02,-2.7216e-02,-2.5240e-02,-2.2691e-02,-1.9406e-02,-1.5252e-02,-1.0205e-02,-4.4326e-03,1.6661e-03
-2.0612e-03,9.4443e-03,1.9708e-02,2.8780e-02,3.6722e-02,4.3584e-02,4.9392e-02,5.4138e-02,5.7784e-02,6.0264e-02,6.1502e-02,6.1428e-02,5.9995e-02,5.7201e-02,5.3100e-02,4.7816e-02,4.1564e-02,3.4662e-02,2.7551e-02,2.0784e-02,1.4972e-02,1.0683e-02,8.2996e-03,7.8815e-03,9.0856e-03,1.1204e-02,1.3334e-02,1.4639e-02,1.4623e-02,1.3268e-02,1.0992e-02,8.4435e-03,6.2297e-03,4.7029e-03,3.8626e-03,3.4000e-03,2.8376e-03,1.7320e-03,-1.6541e-04,-2.8153e-03,-5.9034e-03,-8.9633e-03,-1.1541e-02,-1.3340e-02,-1.4288e-02,-1.4508e-02,-1.4244e-02,-1.3768e-02,-1.3303e-02,-1.2975e-02,-1.2808e-02,-1.2724e-02,-1.2566e-02,-1.2139e-02,-1.1250e-02,-9.7511e-03,-7.5754e-03,-4.7662e-03,-1.4753e-03,2.0568e-03,5.5468e-03,8.7246e-03,1.1390e-02,1.3441e-02,1.4890e-02,1.5827e-02,1.6385e-02,1.6685e-02,1.6806e-02,1.6762e-02,1.6513e-02,1.5976e-02,1.5062e-02,1.3692e-02,1.1825e-02,9.4679e-03,6.6801e-03,3.5672e-03,2.7112e-04,-3.0433e-03,-6.2094e-03,-9.0733e-03,-1.1510e-02,-1.3437e-02,-1.4819e-02,-1.5678e-02,-1.6081e-02,-1.6131e-02,-1.5959e-02,-1.5691e-02,-1.5428e-02,-1.5213e-02,-1.5000e-02,-1.4634e-02,-1.3867e-02,-1.2401e-02,-9.9781e-03,-6.4946e-03,-2.0883e-03,2.8210e-03
-1.6654e-03,1.1359e-02,2.3177e-02,3.3840e-02,4.3398e-02,5.1882e-02,5.9287e-02,6.5559e-02,7.0596e-02,7.4258e-02,7.6379e-02,7.6795e-02,7.5366e-02,7.2015e-02,6.6750e-02,5.9696e-02,5.1115e-02,4.1421e-02,3.1177e-02,2.1074e-02,1.1858e-02,4.2358e-03,-1.2619e-03,-4.4098e-03,-5.3707e-03,-4.6889e-03,-3.1686e-03,-1.6524e-03,-7.7474e-04,-7.8757e-04,-1.5230e-03,-2.5195e-03,-3.2375e-03,-3.2752e-03,-2.5187e-03,-1.1623e-03,3.7775e-04,1.6312e-03,2.2459e-03,2.1156e-03,1.3979e-03,4.4083e-04,-3.6716e-04,-7.4819e-04,-6.0637e-04,-4.1597e-05,7.2705e-04,1.4399e-03,1.8723e-03,1.8827e-03,1.4283e-03,5.6820e-04,-5.5782e-04,-1.7577e-03,-2.8221e-03,-3.5598e-03,-3.8373e-03,-3.6033e-03,-2.8997e-03,-1.8554e-03,-6.5593e-04,4.9522e-04,1.4303e-03,2.0504e-03,2.3463e-03,2.3863e-03,2.2877e-03,2.1723e-03,2.1313e-03,2.2001e-03,2.3569e-03,2.5306e-03,2.6290e-03,2.5613e-03,2.2632e-03,1.7085e-03,9.1950e-04,-3.9078e-05,-1.0686e-03,-2.0509e-03,-2.8682e-03,-3.4186e-03,-3.6329e-03,-3.4869e-03,-3.0072e-03,-2.2729e-03,-1.4075e-03,-5.6913e-04,7.1593e-05,3.5634e-04,1.7444e-04,-4.9856e-04,-1.5669e-03,-2.7980e-03,-3.8354e-03,-4.2644e-03,-3.7260e-03,-2.0379e-03,6.9427e-04,4.0448e-03
-1.5898e-03,1.2625e-02,2.5670e-02,3.7591e-02,4.8429e-02,5.8198e-02,6.6865e-02,7.4339e-02,8.0476e-02,8.5082e-02,8.7932e-02,8.8797e-02,8.7474e-02,8.3826e-02,7.7813e-02,6.9536e-02,5.9261e-02,4.7439e-02,3.4697e-02,2.1808e-02,9.6175e-03,-1.0541e-03,-9.5430e-03,-1.5458e-02,-1.8771e-02,-1.9832e-02,-1.9288e-02,-1.7917e-02,-1.6410e-02,-1.5194e-02,-1.4344e-02,-1.3628e-02,-1.2651e-02,-1.1045e-02,-8.6301e-03,-5.4897e-03,-1.9505e-03,1.5398e-03,4.5718e-03,6.9131e-03,8.5719e-03,9.7588e-03,1.0767e-02,1.1842e-02,1.3080e-02,1.4415e-02,1.5657e-02,1.6572e-02,1.6946e-02,1.6635e-02,1.5587e-02,1.3845e-02,1.1533e-02,8.8340e-03,5.9604e-03,3.1231e-03,5.0119e-04,-1.7829e-03,-3.6796e-03,-5.2124e-03,-6.4625e-03,-7.5414e-03,-8.5514e-03,-9.5550e-03,-1.0551e-02,-1.1480e-02,-1.2242e-02,-1.2728e-02,-1.2857e-02,-1.2592e-02,-1.1953e-02,-1.1006e-02,-9.8460e-03,-8.5702e-03,-7.2621e-03,-5.9726e-03,-4.7139e-03,-3.4608e-03,-2.1582e-03,-7.3800e-04,8.6548e-04,2.6976e-03,4.7706e-03,7.0477e-03,9.4424e-03,1.1818e-02,1.3997e-02,1.5772e-02,1.6935e-02,1.7301e-02,1.6752e-02,1.5277e-02,1.3008e-02,1.0243e-02,7.4161e-03,5.0301e-03,3.5261e-03,3.1494e-03,3.8330e-03,5.1563e-03
-1.7104e-03,1.3381e-02,2.7338e-02,4.0198e-02,5.1989e-02,6.2705e-02,7.2289e-02,8.0622e-02,8.7526e-02,9.2777e-02,9.6120e-02,9.7296e-02,9.6073e-02,9.2282e-02,8.5854e-02,7.6860e-02,6.5540e-02,5.2328e-02,3.7848e-02,2.2890e-02,8.3361e-03,-4.9242e-03,-1.6118e-02,-2.4705e-02,-3.0460e-02,-3.3519e-02,-3.4325e-02,-3.3521e-02,-3.1773e-02,-2.9602e-02,-2.7284e-02,-2.4818e-02,-2.2011e-02,-1.8606e-02,-1.4429e-02,-9.4929e-03,-4.0318e-03,1.5659e-03,6.8773e-03,1.1581e-02,1.5549e-02,1.8850e-02,2.1667e-02,2.4187e-02,2.6501e-02,2.8566e-02,3.0234e-02,3.1301e-02,3.1580e-02,3.0934e-02,2.9311e-02,2.6743e-02,2.3340e-02,1.9272e-02,1.4745e-02,9.9770e-03,5.1734e-03,5.0408e-04,-3.9091e-03,-8.0025e-03,-1.1755e-02,-1.5182e-02,-1.8298e-02,-2.1100e-02,-2.3546e-02,-2.5559e-02,-2.7042e-02,-2.7900e-02,-2.8071e-02,-2.7537e-02,-2.6333e-02,-2.4535e-02,-2.2245e-02,-1.9571e-02,-1.6612e-02,-1.3440e-02,-1.0098e-02,-6.5991e-03,-2.9341e-03,9.1550e-04,4.9578e-03,9.1824e-03,1.3540e-02,1.7933e-02,2.2223e-02,2.6217e-02,2.9689e-02,3.2392e-02,3.4087e-02,3.4570e-02,3.3716e-02,3.1525e-02,2.8154e-02,2.3939e-02,1.9368e-02,1.4996e-02,1.1321e-02,8.6326e-03,6.8957e-03,5.7096e-03
-1.8804e-03,1.3791e-02,2.8365e-02,4.1865e-02,5.4303e-02,6.5649e-02,7.5822e-02,8.4679e-02,9.2021e-02,9.7608e-02,1.0118e-01,1.0248e-01,1.0129e-01,9.7424e-02,9.0824e-02,8.1533e-02,6.9755e-02,5.5870e-02,4.0444e-02,2.4211e-02,8.0246e-03,-7.2168e-03,-2.0679e-02,-3.1696e-02,-3.9861e-02,-4.5083e-02,-4.7573e-02,-4.7779e-02,-4.6261e-02,-4.3552e-02,-4.0052e-02,-3.5962e-02,-3.1304e-02,-2.5996e-02,-1.9946e-02,-1.3164e-02,-5.8188e-03,1.7700e-03,9.2005e-03,1.6106e-02,2.2252e-02,2.7572e-02,3.2133e-02,3.6049e-02,3.9389e-02,4.2132e-02,4.4166e-02,4.5332e-02,4.5473e-02,4.4472e-02,4.2286e-02,3.8938e-02,3.4529e-02,2.9214e-02,2.3188e-02,1.6669e-02,9.8734e-03,3.0023e-03,-3.7716e-03,-1.0312e-02,-1.6515e-02,-2.2298e-02,-2.7588e-02,-3.2298e-02,-3.6323e-02,-3.9544e-02,-4.1841e-02,-4.3121e-02,-4.3336e-02,-4.2494e-02,-4.0659e-02,-3.7933e-02,-3.4440e-02,-3.0308e-02,-2.5654e-02,-2.0572e-02,-1.5136e-02,-9.3961e-03,-3.3909e-03,2.8452e-03,9.2669e-03,1.5803e-02,2.2346e-02,2.8748e-02,3.4813e-02,4.0308e-02,4.4968e-02,4.8518e-02,5.0695e-02,5.1285e-02,5.0163e-02,4.7332e-02,4.2964e-02,3.7413e-02,3.1186e-02,2.4860e-02,1.8956e-02,1.3785e-02,9.3376e-03,5.2284e-03
-1.9702e-03,1.4004e-02,2.8921e-02,4.2786e-02,5.5589e-02,6.7277e-02,7.7742e-02,8.6820e-02,9.4302e-02,9.9948e-02,1.0351e-01,1.0475e-01,1.0349e-01,9.9581e-02,9.2971e-02,8.3702e-02,7.1945e-02,5.8007e-02,4.2361e-02,2.5635e-02,8.5914e-03,-7.9317e-03,-2.3093e-02,-3.6152e-02,-4.6545e-02,-5.3965e-02,-5.8378e-02,-5.9997e-02,-5.9208e-02,-5.6473e-02,-5.2227e-02,-4.6812e-02,-4.0445e-02,-3.3239e-02,-2.5253e-02,-1.6567e-02,-7.3443e-03,2.1415e-03,1.1528e-02,2.0440e-02,2.8574e-02,3.5758e-02,4.1947e-02,4.7172e-02,5.1471e-02,5.4828e-02,5.7172e-02,5.8387e-02,5.8353e-02,5.6982e-02,5.4238e-02,5.0153e-02,4.4813e-02,3.8364e-02,3.0988e-02,2.2896e-02,1.4310e-02,5.4490e-03,-3.4770e-03,-1.2278e-02,-2.0779e-02,-2.8818e-02,-3.6234e-02,-4.2859e-02,-4.8515e-02,-5.3023e-02,-5.6223e-02,-5.7998e-02,-5.8303e-02,-5.7165e-02,-5.4678e-02,-5.0982e-02,-4.6238e-02,-4.0609e-02,-3.4238e-02,-2.7254e-02,-1.9761e-02,-1.1851e-02,-3.6052e-03,4.8872e-03,1.3528e-02,2.2191e-02,3.0718e-02,3.8912e-02,4.6540e-02,5.3333e-02,5.9001e-02,6.3253e-02,6.5816e-02,6.6476e-02,6.5105e-02,6.1713e-02,5.6476e-02,4.9743e-02,4.2012e-02,3.3851e-02,2.5764e-02,1.8064e-02,1.0743e-02,3.4323e-03
-1.8912e-03,1.4121e-02,2.9123e-02,4.3098e-02,5.6011e-02,6.7782e-02,7.8281e-02,8.7327e-02,9.4704e-02,1.0018e-01,1.0354e-01,1.0459e-01,1.0318e-01,9.9234e-02,9.2721e-02,8.3700e-02,7.2310e-02,5.8797e-02,4.3525e-02,2.6992e-02,9.8238e-03,-7.2530e-03,-2.3457e-02,-3.8027e-02,-5.0299e-02,-5.9783e-02,-6.6208e-02,-6.9536e-02,-6.9932e-02,-6.7711e-02,-6.3260e-02,-5.6976e-02,-4.9216e-02,-4.0279e-02,-3.0405e-02,-1.9807e-02,-8.7161e-03,2.5924e-03,1.3780e-02,2.4486e-02,3.4380e-02,4.3219e-02,5.0868e-02,5.7280e-02,6.2449e-02,6.6359e-02,6.8964e-02,7.0192e-02,6.9962e-02,6.8217e-02,6.4938e-02,6.0159e-02,5.3965e-02,4.6490e-02,3.7905e-02,2.8417e-02,1.8245e-02,7.6236e-03,-3.2123e-03,-1.4029e-02,-2.4597e-02,-3.4686e-02,-4.4064e-02,-5.2489e-02,-5.9715e-02,-6.5500e-02,-6.9635e-02,-7.1968e-02,-7.2433e-02,-7.1059e-02,-6.7963e-02,-6.3323e-02,-5.7345e-02,-5.0237e-02,-4.2191e-02,-3.3373e-02,-2.3933e-02,-1.4002e-02,-3.7091e-03,6.8113e-03,1.7412e-02,2.7921e-02,3.8138e-02,4.7830e-02,5.6734e-02,6.4563e-02,7.1014e-02,7.5790e-02,7.8623e-02,7.9302e-02,7.7709e-02,7.3855e-02,6.7909e-02,6.0203e-02,5.1199e-02,4.1420e-02,3.1326e-02,2.1191e-02,1.0997e-02,3.8856e-04
-1.6115e-03,1.4180e-02,2.9019e-02,4.2864e-02,5.5653e-02,6.7279e-02,7.7592e-02,8.6398e-02,9.3486e-02,9.8641e-02,1.0167e-01,1.0244e-01,1.0086e-01,9.6885e-02,9.0546e-02,8.1917e-02,7.1122e-02,5.8355e-02,4.3886e-02,2.8080e-02,1.1413e-02,-5.5319e-03,-2.2086e-02,-3.7534e-02,-5.1177e-02,-6.2398e-02,-7.0730e-02,-7.5892e-02,-7.7809e-02,-7.6593e-02,-7.2506e-02,-6.5917e-02,-5.7245e-02,-4.6926e-02,-3.5373e-02,-2.2971e-02,-1.0075e-02,2.9692e-03,1.5811e-02,2.8099e-02,3.9502e-02,4.9747e-02,5.8642e-02,6.6080e-02,7.2011e-02,7.6407e-02,7.9240e-02,8.0467e-02,8.0046e-02,7.7948e-02,7.4174e-02,6.8765e-02,6.1804e-02,5.3418e-02,4.3773e-02,3.3065e-02,2.1519e-02,9.3782e-03,-3.0988e-03,-1.5644e-02,-2.7983e-02,-3.9833e-02,-5.0902e-02,-6.0893e-02,-6.9505e-02,-7.6445e-02,-8.1460e-02,-8.4357e-02,-8.5041e-02,-8.3526e-02,-7.9931e-02,-7.4461e-02,-6.7361e-02,-5.8892e-02,-4.9301e-02,-3.8810e-02,-2.7616e-02,-1.5900e-02,-3.8342e-03,8.4054e-03,2.0632e-02,3.2638e-02,4.4191e-02,5.5037e-02,6.4895e-02,7.3471e-02,8.0460e-02,8.5576e-02,8.8559e-02,8.9217e-02,8.7442e-02,8.3251e-02,7.6802e-02,6.8390e-02,5.8422e-02,4.7345e-02,3.5540e-02,2.3217e-02,1.0327e-02,-3.4777e-03
-1.1586e-03,1.4153e-02,2.8584e-02,4.2067e-02,5.4511e-02,6.5787e-02,7.5728e-02,8.4136e-02,9.0804e-02,9.5539e-02,9.8189e-02,9.8655e-02,9.6899e-02,9.2940e-02,8.6839e-02,7.8694e-02,6.8628e-02,5.6796e-02,4.3395e-02,2.8683e-02,1.2997e-02,-3.2315e-03,-1.9474e-02,-3.5117e-02,-4.9496e-02,-6.1944e-02,-7.1861e-02,-7.8766e-02,-8.2351e-02,-8.2503e-02,-7.9303e-02,-7.3007e-02,-6.4017e-02,-5.2831e-02,-3.9995e-02,-2.6057e-02,-1.1536e-02,3.1001e-03,1.7434e-02,3.1094e-02,4.3751e-02,5.5132e-02,6.5027e-02,7.3294e-02,7.9853e-02,8.4661e-02,8.7693e-02,8.8927e-02,8.8348e-02,8.5951e-02,8.1754e-02,7.5804e-02,6.8188e-02,5.9026e-02,4.8480e-02,3.6745e-02,2.4049e-02,1.0648e-02,-3.1796e-03,-1.7133e-02,-3.0901e-02,-4.4158e-02,-5.6571e-02,-6.7799e-02,-7.7507e-02,-8.5373e-02,-9.1111e-02,-9.4503e-02,-9.5425e-02,-9.3866e-02,-8.9929e-02,-8.3822e-02,-7.5817e-02,-6.6217e-02,-5.5322e-02,-4.3413e-02,-3.0746e-02,-1.7550e-02,-4.0451e-03,9.5557e-03,2.3033e-02,3.6155e-02,4.8669e-02,6.0310e-02,7.0792e-02,7.9825e-02,8.7117e-02,9.2395e-02,9.5426e-02,9.6036e-02,9.4141e-02,8.9762e-02,8.3044e-02,7.4238e-02,6.3674e-02,5.1697e-02,3.8583e-02,2.4452e-02,9.2049e-03,-7.4987e-03
-6.0972e-04,1.3954e-02,2.7730e-02,4.0619e-02,5.2506e-02,6.3244e-02,7.2654e-02,8.0538e-02,8.6699e-02,9.0968e-02,9.3226e-02,9.3413e-02,9.1535e-02,8.7648e-02,8.1849e-02,7.4253e-02,6.4987e-02,5.4185e-02,4.1994e-02,2.8595e-02,1.4217e-02,-8.4333e-04,-1.6199e-02,-3.1370e-02,-4.5786e-02,-5.8810e-02,-6.9790e-02,-7.8116e-02,-8.3291e-02,-8.4980e-02,-8.3054e-02,-7.7604e-02,-6.8930e-02,-5.7511e-02,-4.3955e-02,-2.8936e-02,-1.3127e-02,2.8498e-03,1.8461e-02,3.3269e-02,4.6930e-02,5.9177e-02,6.9809e-02,7.8684e-02,8.5712e-02,9.0840e-02,9.4041e-02,9.5302e-02,9.4622e-02,9.2009e-02,8.7493e-02,8.1127e-02,7.2997e-02,6.3223e-02,5.1962e-02,3.9415e-02,2.5813e-02,1.1430e-02,-3.4347e-03,-1.8454e-02,-3.3279e-02,-4.7554e-02,-6.0913e-02,-7.2990e-02,-8.3434e-02,-9.1914e-02,-9.8139e-02,-1.0188e-01,-1.0300e-01,-1.0147e-01,-9.7355e-02,-9.0855e-02,-8.2240e-02,-7.1831e-02,-5.9971e-02,-4.6991e-02,-3.3201e-02,-1.8886e-02,-4.3102e-03,1.0275e-02,2.4625e-02,3.8485e-02,5.1597e-02,6.3692e-02,7.4490e-02,8.3715e-02,9.1094e-02,9.6381e-02,9.9373e-02,9.9928e-02,9.7983e-02,9.3574e-02,8.6825e-02,7.7943e-02,6.7166e-02,5.4723e-02,4.0763e-02,2.5296e-02,8.1629e-03,-1.0969e-02
-7.4819e-05,1.3464e-02,2.6328e-02,3.8389e-02,4.9511e-02,5.9532e-02,6.8268e-02,7.5524e-02,8.1120e-02,8.4908e-02,8.6797e-02,8.6759e-02,8.4829e-02,8.1091e-02,7.5664e-02,6.8676e-02,6.0257e-02,5.0529e-02,3.9614e-02,2.7645e-02,1.4774e-02,1.2025e-03,-1.2811e-02,-2.6922e-02,-4.0688e-02,-5.3570e-02,-6.4947e-02,-7.4168e-02,-8.0615e-02,-8.3780e-02,-8.3326e-02,-7.9144e-02,-7.1376e-02,-6.0401e-02,-4.6807e-02,-3.1322e-02,-1.4737e-02,2.1811e-03,1.8758e-02,3.4451e-02,4.8862e-02,6.1714e-02,7.2826e-02,8.2078e-02,8.9396e-02,9.4733e-02,9.8060e-02,9.9367e-02,9.8652e-02,9.5928e-02,9.1226e-02,8.4599e-02,7.6130e-02,6.5938e-02,5.4182e-02,4.1063e-02,2.6826e-02,1.1759e-02,-3.8142e-03,-1.9539e-02,-3.5039e-02,-4.9928e-02,-6.3820e-02,-7.6339e-02,-8.7134e-02,-9.5881e-02,-1.0231e-01,-1.0620e-01,-1.0742e-01,-1.0593e-01,-1.0177e-01,-9.5121e-02,-8.6219e-02,-7.5383e-02,-6.2964e-02,-4.9326e-02,-3.4821e-02,-1.9783e-02,-4.5199e-03,1.0679e-02,2.5541e-02,3.9796e-02,5.3183e-02,6.5434e-02,7.6284e-02,8.5476e-02,9.2763e-02,9.7935e-02,1.0082e-01,1.0132e-01,9.9388e-02,9.5081e-02,8.8508e-02,7.9826e-02,6.9184e-02,5.6687e-02,4.2346e-02,2.6060e-02,7.6024e-03,-1.3356e-02
3.3138e-04,1.2555e-02,2.4244e-02,3.5240e-02,4.5387e-02,5.4517e-02,6.2444e-02,6.8982e-02,7.3966e-02,7.7270e-02,7.8825e-02,7.8626e-02,7.6725e-02,7.3224e-02,6.8249e-02,6.1935e-02,5.4412e-02,4.5798e-02,3.6200e-02,2.5724e-02,1.4480e-02,2.6038e-03,-9.7361e-03,-2.2317e-02,-3.4831e-02,-4.6870e-02,-5.7920e-02,-6.7373e-02,-7.4581e-02,-7.8930e-02,-7.9918e-02,-7.7241e-02,-7.0843e-02,-6.0945e-02,-4.8033e-02,-3.2809e-02,-1.6109e-02,1.1963e-03,1.8300e-02,3.4537e-02,4.9416e-02,6.2622e-02,7.3974e-02,8.3384e-02,9.0810e-02,9.6226e-02,9.9618e-02,1.0097e-01,1.0028e-01,9.7559e-02,9.2818e-02,8.6106e-02,7.7501e-02,6.7116e-02,5.5110e-02,4.1689e-02,2.7110e-02,1.1676e-02,-4.2639e-03,-2.0331e-02,-3.6125e-02,-5.1236e-02,-6.5263e-02,-7.7833e-02,-8.8603e-02,-9.7274e-02,-1.0361e-01,-1.0742e-01,-1.0860e-01,-1.0711e-01,-1.0299e-01,-9.6383e-02,-8.7496e-02,-7.6612e-02,-6.4064e-02,-5.0216e-02,-3.5440e-02,-2.0099e-02,-4.5412e-03,1.0913e-02,2.5961e-02,4.0316e-02,5.3710e-02,6.5880e-02,7.6576e-02,8.5564e-02,9.2627e-02,9.7589e-02,1.0032e-01,1.0074e-01,9.8868e-02,9.4747e-02,8.8487e-02,8.0196e-02,6.9952e-02,5.7738e-02,4.3443e-02,2.6851e-02,7.6716e-03,-1.4425e-02
5.1110e-04,1.1127e-02,2.1372e-02,3.1062e-02,4.0030e-02,4.8098e-02,5.5086e-02,6.0818e-02,6.5146e-02,6.7963e-02,6.9217e-02,6.8918e-02,6.7129e-02,6.3954e-02,5.9523e-02,5.3966e-02,4.7411e-02,3.9971e-02,3.1741e-02,2.2815e-02,1.3279e-02,3.2334e-03,-7.2133e-03,-1.7925e-02,-2.8713e-02,-3.9312e-02,-4.9348e-02,-5.8329e-02,-6.5664e-02,-7.0720e-02,-7.2902e-02,-7.1744e-02,-6.6997e-02,-5.8685e-02,-4.7130e-02,-3.2923e-02,-1.6863e-02,1.4583e-04,1.7208e-02,3.3544e-02,4.8553e-02,6.1848e-02,7.3219e-02,8.2589e-02,8.9950e-02,9.5313e-02,9.8688e-02,1.0007e-01,9.9452e-02,9.6821e-02,9.2185e-02,8.5572e-02,7.7048e-02,6.6714e-02,5.4727e-02,4.1295e-02,2.6684e-02,1.1214e-02,-4.7478e-03,-2.0799e-02,-3.6519e-02,-5.1482e-02,-6.5282e-02,-7.7548e-02,-8.7957e-02,-9.6244e-02,-1.0221e-01,-1.0571e-01,-1.0669e-01,-1.0513e-01,-1.0107e-01,-9.4640e-02,-8.6008e-02,-7.5413e-02,-6.3145e-02,-4.9534e-02,-3.4941e-02,-1.9733e-02,-4.2739e-03,1.1087e-02,2.6021e-02,4.0224e-02,5.3415e-02,6.5330e-02,7.5730e-02,8.4399e-02,9.1150e-02,9.5837e-02,9.8365e-02,9.8701e-02,9.6872e-02,9.2957e-02,8.7058e-02,7.9256e-02,6.9561e-02,5.7876e-02,4.3981e-02,2.7566e-02,8.2768e-03,-1.4221e-02
4.0773e-04,9.1246e-03,1.7663e-02,2.5817e-02,3.3405e-02,4.0248e-02,4.6172e-02,5.1014e-02,5.4641e-02,5.6961e-02,5.7938e-02,5.7591e-02,5.5985e-02,5.3226e-02,4.9436e-02,4.4739e-02,3.9252e-02,3.3076e-02,2.6300e-02,1.9000e-02,1.1254e-02,3.1353e-03,-5.2785e-03,-1.3904e-02,-2.2644e-02,-3.1353e-02,-3.9809e-02,-4.7671e-02,-5.4477e-02,-5.9659e-02,-6.2611e-02,-6.2777e-02,-5.9748e-02,-5.3350e-02,-4.3697e-02,-3.1208e-02,-1.6558e-02,-6.0235e-04,1.5745e-02,3.1628e-02,4.6351e-02,5.9430e-02,7.0595e-02,7.9749e-02,8.6896e-02,9.2084e-02,9.5355e-02,9.6725e-02,9.6187e-02,9.3723e-02,8.9318e-02,8.2979e-02,7.4749e-02,6.4717e-02,5.3028e-02,3.9888e-02,2.5567e-02,1.0396e-02,-5.2443e-03,-2.0933e-02,-3.6234e-02,-5.0713e-02,-6.3962e-02,-7.5620e-02,-8.5386e-02,-9.3031e-02,-9.8399e-02,-1.0141e-01,-1.0203e-01,-1.0030e-01,-9.6289e-02,-9.0107e-02,-8.1902e-02,-7.1866e-02,-6.0230e-02,-4.7269e-02,-3.3296e-02,-1.8651e-02,-3.6894e-03,1.1232e-02,2.5767e-02,3.9592e-02,5.2406e-02,6.3939e-02,7.3949e-02,8.2232e-02,8.8617e-02,9.2986e-02,9.5275e-02,9.5482e-02,9.3661e-02,8.9914e-02,8.4352e-02,7.7045e-02,6.7971e-02,5.6976e-02,4.3770e-02,2.7971e-02,9.1757e-03,-1.2968e-02
2.1167e-05,6.5660e-03,1.3152e-02,1.9553e-02,2.5577e-02,3.1045e-02,3.5792e-02,3.9665e-02,4.2546e-02,4.4356e-02,4.5070e-02,4.4713e-02,4.3353e-02,4.1092e-02,3.8042e-02,3.4317e-02,3.0017e-02,2.5229e-02,2.0023e-02,1.4459e-02,8.5942e-03,2.4897e-03,-3.7986e-03,-1.0219e-02,-1.6727e-02,-2.3268e-02,-2.9745e-02,-3.5981e-02,-4.1672e-02,-4.6388e-02,-4.9595e-02,-5.0726e-02,-4.9275e-02,-4.4902e-02,-3.7513e-02,-2.7306e-02,-1.4768e-02,-6.2009e-04,1.4285e-02,2.9084e-02,4.3018e-02,5.5515e-02,6.6222e-02,7.4984e-02,8.1789e-02,8.6699e-02,8.9783e-02,9.1089e-02,9.0625e-02,8.8368e-02,8.4291e-02,7.8376e-02,7.0642e-02,6.1153e-02,5.0039e-02,3.7494e-02,2.3787e-02,9.2478e-03,-5.7317e-03,-2.0725e-02,-3.5286e-02,-4.8978e-02,-6.1396e-02,-7.2192e-02,-8.1091e-02,-8.7898e-02,-9.2502e-02,-9.4871e-02,-9.5033e-02,-9.3064e-02,-8.9068e-02,-8.3169e-02,-7.5503e-02,-6.6221e-02,-5.5496e-02,-4.3532e-02,-3.0572e-02,-1.6898e-02,-2.8272e-03,1.1304e-02,2.5148e-02,3.8366e-02,5.0639e-02,6.1676e-02,7.1225e-02,7.9074e-02,8.5062e-02,8.9085e-02,9.1099e-02,9.1129e-02,8.9259e-02,8.5616e-02,8.0329e-02,7.3485e-02,6.5054e-02,5.4870e-02,4.2607e-02,2.7839e-02,1.0117e-02,-1.0935e-02
-5.9304e-04,3.5393e-03,7.9567e-03,1.2417e-02,1.6721e-02,2.0690e-02,2.4165e-02,2.7004e-02,2.9100e-02,3.0384e-02,3.0842e-02,3.0502e-02,2.9438e-02,2.7744e-02,2.5525e-02,2.2882e-02,1.9896e-02,1.6633e-02,1.3134e-02,9.4338e-03,5.5641e-03,1.5595e-03,-2.5390e-03,-6.6993e-03,-1.0905e-02,-1.5152e-02,-1.9439e-02,-2.3720e-02,-2.7860e-02,-3.1598e-02,-3.4536e-02,-3.6180e-02,-3.6006e-02,-3.3565e-02,-2.8582e-02,-2.1029e-02,-1.1161e-02,5.0493e-04,1.3258e-02,2.6306e-02,3.8884e-02,5.0364e-02,6.0309e-02,6.8482e-02,7.4820e-02,7.9364e-02,8.2197e-02,8.3390e-02,8.2976e-02,8.0944e-02,7.7261e-02,7.1891e-02,6.4826e-02,5.6105e-02,4.5829e-02,3.4176e-02,2.1398e-02,7.8196e-03,-6.1733e-03,-2.0154e-02,-3.3678e-02,-4.6311e-02,-5.7659e-02,-6.7389e-02,-7.5251e-02,-8.1084e-02,-8.4820e-02,-8.6472e-02,-8.6116e-02,-8.3873e-02,-7.9885e-02,-7.4296e-02,-6.7243e-02,-5.8848e-02,-4.9237e-02,-3.8541e-02,-2.6922e-02,-1.4583e-02,-1.7736e-03,1.1214e-02,2.4056e-02,3.6416e-02,4.7956e-02,5.8365e-02,6.7366e-02,7.4732e-02,8.0290e-02,8.3940e-02,8.5649e-02,8.5462e-02,8.3491e-02,7.9892e-02,7.4833e-02,6.8427e-02,6.0678e-02,5.1428e-02,4.0359e-02,2.7019e-02,1.0927e-02,-8.3414e-03
-1.3252e-03,1.9802e-04,2.2742e-03,4.6464e-03,7.1104e-03,9.4883e-03,1.1624e-02,1.3385e-02,1.4669e-02,1.5418e-02,1.5624e-02,1.5322e-02,1.4586e-02,1.3511e-02,1.2196e-02,1.0728e-02,9.1699e-03,7.5583e-03,5.9029e-03,4.1980e-03,2.4377e-03,6.2230e-04,-1.2362e-03,-3.1226e-03,-5.0319e-03,-6.9864e-03,-9.0329e-03,-1.1221e-02,-1.3556e-02,-1.5947e-02,-1.8172e-02,-1.9866e-02,-2.0568e-02,-1.9799e-02,-1.7154e-02,-1.2405e-02,-5.5654e-03,3.0958e-03,1.3077e-02,2.3732e-02,3.4364e-02,4.4338e-02,5.3156e-02,6.0500e-02,6.6224e-02,7.0317e-02,7.2845e-02,7.3888e-02,7.3503e-02,7.1699e-02,6.8452e-02,6.3719e-02,5.7468e-02,4.9711e-02,4.0518e-02,3.0036e-02,1.8492e-02,6.1883e-03,-6.5045e-03,-1.9173e-02,-3.1384e-02,-4.2716e-02,-5.2790e-02,-6.1293e-02,-6.8000e-02,-7.2783e-02,-7.5608e-02,-7.6527e-02,-7.5658e-02,-7.3160e-02,-6.9208e-02,-6.3968e-02,-5.7586e-02,-5.0170e-02,-4.1808e-02,-3.2574e-02,-2.2549e-02,-1.1847e-02,-6.3408e-04,1.0869e-02,2.2385e-02,3.3598e-02,4.4172e-02,5.3775e-02,6.2103e-02,6.8900e-02,7.3978e-02,7.7219e-02,7.8597e-02,7.8170e-02,7.6075e-02,7.2505e-02,6.7670e-02,6.1735e-02,5.4752e-02,4.6609e-02,3.7002e-02,2.5481e-02,1.1528e-02,-5.3451e-03
-2.0347e-03,-3.2563e-03,-3.6424e-03,-3.4565e-03,-2.9078e-03,-2.1737e-03,-1.4108e-03,-7.4848e-04,-2.8444e-04,-7.1108e-05,-1.1324e-04,-3.6723e-04,-7.5526e-04,-1.1801e-03,-1.5466e-03,-1.7765e-03,-1.8256e-03,-1.6879e-03,-1.3918e-03,-9.8921e-04,-5.3926e-04,-8.9273e-05,3.3110e-04,7.0979e-04,1.0413e-03,1.2977e-03,1.4147e-03,1.2939e-03,8.3371e-04,-1.9439e-05,-1.2160e-03,-2.5623e-03,-3.7198e-03,-4.2514e-03,-3.7008e-03,-1.6913e-03,1.9889e-03,7.3248e-03,1.4069e-02,2.1783e-02,2.9909e-02,3.7867e-02,4.5148e-02,5.1363e-02,5.6285e-02,5.9822e-02,6.1991e-02,6.2857e-02,6.2487e-02,6.0915e-02,5.8134e-02,5.4105e-02,4.8786e-02,4.2163e-02,3.4269e-02,2.5215e-02,1.5189e-02,4.4585e-03,-6.6373e-03,-1.7712e-02,-2.8357e-02,-3.8173e-02,-4.6803e-02,-5.3957e-02,-5.9437e-02,-6.3141e-02,-6.5067e-02,-6.5295e-02,-6.3974e-02,-6.1289e-02,-5.7441e-02,-5.2616e-02,-4.6965e-02,-4.0598e-02,-3.3576e-02,-2.5928e-02,-1.7672e-02,-8.8373e-03,4.9982e-04,1.0206e-02,2.0071e-02,2.9827e-02,3.9156e-02,4.7720e-02,5.5196e-02,6.1298e-02,6.5810e-02,6.8595e-02,6.9621e-02,6.8953e-02,6.6752e-02,6.3251e-02,5.8708e-02,5.3349e-02,4.7287e-02,4.0465e-02,3.2611e-02,2.3277e-02,1.1902e-02,-2.0773e-03
-2.5699e-03,-6.6024e-03,-9.5096e-03,-1.1554e-02,-1.2947e-02,-1.3869e-02,-1.4478e-02,-1.4906e-02,-1.5250e-02,-1.5564e-02,-1.5846e-02,-1.6049e-02,-1.6087e-02,-1.5858e-02,-1.5263e-02,-1.4232e-02,-1.2737e-02,-1.0799e-02,-8.4895e-03,-5.9131e-03,-3.1880e-03,-4.2415e-04,2.2934e-03,4.9132e-03,7.4063e-03,9.7437e-03,1.1866e-02,1.3665e-02,1.4993e-02,1.5697e-02,1.5681e-02,1.4967e-02,1.3732e-02,1.2308e-02,1.1129e-02,1.0653e-02,1.1261e-02,1.3177e-02,1.6419e-02,2.0793e-02,2.5941e-02,3.1405e-02,3.6715e-02,4.1459e-02,4.5337e-02,4.8175e-02,4.9912e-02,5.0573e-02,5.0214e-02,4.8882e-02,4.6592e-02,4.3323e-02,3.9030e-02,3.3680e-02,2.7274e-02,1.9877e-02,1.1628e-02,2.7463e-03,-6.4775e-03,-1.5699e-02,-2.4549e-02,-3.2659e-02,-3.9703e-02,-4.5421e-02,-4.9638e-02,-5.2277e-02,-5.3356e-02,-5.2979e-02,-5.1308e-02,-4.8548e-02,-4.4909e-02,-4.0589e-02,-3.5746e-02,-3.0488e-02,-2.4866e-02,-1.8881e-02,-1.2501e-02,-5.6908e-03,1.5599e-03,9.2044e-03,1.7121e-02,2.5106e-02,3.2886e-02,4.0140e-02,4.6536e-02,5.1771e-02,5.5598e-02,5.7863e-02,5.8518e-02,5.7633e-02,5.5388e-02,5.2053e-02,4.7934e-02,4.3323e-02,3.8391e-02,3.3135e-02,2.7319e-02,2.0486e-02,1.2032e-02,1.3054e-03
-2.7958e-03,-9.6275e-03,-1.5048e-02,-1.9310e-02,-2.2622e-02,-2.5170e-02,-2.7116e-02,-2.8599e-02,-2.9724e-02,-3.0544e-02,-3.1057e-02,-3.1211e-02,-3.0913e-02,-3.0051e-02,-2.8520e-02,-2.6252e-02,-2.3229e-02,-1.9501e-02,-1.5177e-02,-1.0417e-02,-5.4056e-03,-3.2411e-04,4.6775e-03,9.4899e-03,1.4052e-02,1.8322e-02,2.2253e-02,2.5752e-02,2.8669e-02,3.0805e-02,3.1965e-02,3.2026e-02,3.0998e-02,2.9066e-02,2.6580e-02,2.4002e-02,2.1818e-02,2.0441e-02,2.0135e-02,2.0964e-02,2.2805e-02,2.5376e-02,2.8309e-02,3.1219e-02,3.3768e-02,3.5712e-02,3.6909e-02,3.7319e-02,3.6963e-02,3.5884e-02,3.4114e-02,3.1650e-02,2.8459e-02,2.4497e-02,1.9736e-02,1.4192e-02,7.9474e-03,1.1594e-03,-5.9454e-03,-1.3081e-02,-1.9930e-02,-2.6172e-02,-3.1518e-02,-3.5739e-02,-3.8686e-02,-4.0301e-02,-4.0617e-02,-3.9746e-02,-3.7857e-02,-3.5157e-02,-3.1856e-02,-2.8154e-02,-2.4209e-02,-2.0125e-02,-1.5949e-02,-1.1668e-02,-7.2203e-03,-2.5230e-03,2.5018e-03,7.8906e-03,1.3609e-02,1.9539e-02,2.5469e-02,3.1124e-02,3.6188e-02,4.0352e-02,4.3355e-02,4.5022e-02,4.5291e-02,4.4230e-02,4.2036e-02,3.9004e-02,3.5491e-02,3.1831e-02,2.8257e-02,2.4808e-02,2.1269e-02,1.7172e-02,1.1860e-02,4.5910e-03
-2.6168e-03,-1.2154e-02,-2.0010e-02,-2.6417e-02,-3.1580e-02,-3.5685e-02,-3.8904e-02,-4.1388e-02,-4.3248e-02,-4.4543e-02,-4.5276e-02,-4.5390e-02,-4.4781e-02,-4.3330e-02,-4.0924e-02,-3.7486e-02,-3.3008e-02,-2.7560e-02,-2.1289e-02,-1.4407e-02,-7.1652e-03,1.8269e-04,7.4100e-03,1.4339e-02,2.0860e-02,2.6909e-02,3.2442e-02,3.7393e-02,4.1639e-02,4.4984e-02,4.7188e-02,4.8026e-02,4.7366e-02,4.5237e-02,4.1860e-02,3.7636e-02,3.3079e-02,2.8727e-02,2.5041e-02,2.2330e-02,2.0715e-02,2.0128e-02,2.0353e-02,2.1084e-02,2.2001e-02,2.2814e-02,2.3317e-02,2.3395e-02,2.3016e-02,2.2198e-02,2.0974e-02,1.9357e-02,1.7328e-02,1.4842e-02,1.1847e-02,8.3136e-03,4.2612e-03,-2.2662e-04,-4.9998e-03,-9.8482e-03,-1.4522e-02,-1.8759e-02,-2.2318e-02,-2.5004e-02,-2.6693e-02,-2.7343e-02,-2.6992e-02,-2.5752e-02,-2.3787e-02,-2.1292e-02,-1.8471e-02,-1.5508e-02,-1.2557e-02,-9.7185e-03,-7.0327e-03,-4.4795e-03,-1.9828e-03,5.6844e-04,3.3005e-03,6.3155e-03,9.6622e-03,1.3309e-02,1.7132e-02,2.0920e-02,2.4400e-02,2.7286e-02,2.9313e-02,3.0298e-02,3.0167e-02,2.8984e-02,2.6948e-02,2.4376e-02,2.1653e-02,1.9152e-02,1.7143e-02,1.5692e-02,1.4591e-02,1.3356e-02,1.1274e-02,7.5218e-03
-1.9965e-03,-1.4060e-02,-2.4203e-02,-3.2629e-02,-3.9527e-02,-4.5088e-02,-4.9492e-02,-5.2901e-02,-5.5438e-02,-5.7173e-02,-5.8111e-02,-5.8194e-02,-5.7314e-02,-5.5338e-02,-5.2142e-02,-4.7643e-02,-4.1834e-02,-3.4797e-02,-2.6714e-02,-1.7842e-02,-8.4940e-03,1.0019e-03,1.0340e-02,1.9272e-02,2.7623e-02,3.5293e-02,4.2228e-02,4.8388e-02,5.3687e-02,5.7967e-02,6.0994e-02,6.2499e-02,6.2248e-02,6.0128e-02,5.6219e-02,5.0811e-02,4.4380e-02,3.7511e-02,3.0801e-02,2.4760e-02,1.9738e-02,1.5893e-02,1.3197e-02,1.1477e-02,1.0472e-02,9.9006e-03,9.5138e-03,9.1362e-03,8.6735e-03,8.1021e-03,7.4380e-03,6.6982e-03,5.8748e-03,4.9247e-03,3.7795e-03,2.3689e-03,6.4842e-04,-1.3810e-03,-3.6563e-03,-6.0566e-03,-8.4147e-03,-1.0539e-02,-1.2244e-02,-1.3373e-02,-1.3828e-02,-1.3576e-02,-1.2657e-02,-1.1170e-02,-9.2632e-03,-7.1143e-03,-4.9046e-03,-2.8020e-03,-9.4420e-04,5.7923e-04,1.7342e-03,2.5445e-03,3.0942e-03,3.5081e-03,3.9408e-03,4.5420e-03,5.4289e-03,6.6546e-03,8.1844e-03,9.8935e-03,1.1579e-02,1.2996e-02,1.3907e-02,1.4129e-02,1.3584e-02,1.2327e-02,1.0553e-02,8.5846e-03,6.8167e-03,5.6415e-03,5.3438e-03,6.0009e-03,7.4023e-03,9.0375e-03,1.0147e-02,9.8410e-03
-9.6545e-04,-1.5294e-02,-2.7509e-02,-3.7770e-02,-4.6250e-02,-5.3136e-02,-5.8614e-02,-6.2858e-02,-6.6005e-02,-6.8135e-02,-6.9260e-02,-6.9325e-02,-6.8216e-02,-6.5791e-02,-6.1915e-02,-5.6495e-02,-4.9520e-02,-4.1080e-02,-3.1379e-02,-2.0715e-02,-9.4579e-03,2.0004e-03,1.3278e-02,2.4049e-02,3.4074e-02,4.3198e-02,5.1350e-02,5.8494e-02,6.4587e-02,6.9525e-02,7.3117e-02,7.5101e-02,7.5194e-02,7.3183e-02,6.9010e-02,6.2834e-02,5.5040e-02,4.6193e-02,3.6952e-02,2.7968e-02,1.9781e-02,1.2764e-02,7.0906e-03,2.7527e-03,-4.0007e-04,-2.5974e-03,-4.0884e-03,-5.0849e-03,-5.7342e-03,-6.1091e-03,-6.2269e-03,-6.0819e-03,-5.6812e-03,-5.0662e-03,-4.3194e-03,-3.5465e-03,-2.8546e-03,-2.3252e-03,-1.9923e-03,-1.8341e-03,-1.7772e-03,-1.7119e-03,-1.5159e-03,-1.0786e-03,-3.2581e-04,7.6697e-04,2.1688e-03,3.7970e-03,5.5261e-03,7.2087e-03,8.6907e-03,9.8290e-03,1.0508e-02,1.0652e-02,1.0241e-02,9.3018e-03,7.9226e-03,6.2368e-03,4.4135e-03,2.6318e-03,1.0627e-03,-1.7271e-04,-1.0205e-03,-1.5125e-03,-1.7644e-03,-1.9529e-03,-2.2719e-03,-2.8802e-03,-3.8556e-03,-5.1508e-03,-6.5832e-03,-7.8430e-03,-8.5414e-03,-8.2908e-03,-6.8104e-03,-4.0305e-03,-1.7176e-04,4.2296e-03,8.3805e-03,1.1345e-02
3.8218e-04,-1.5876e-02,-2.9885e-02,-4.1750e-02,-5.1620e-02,-5.9671e-02,-6.6096e-02,-7.1074e-02,-7.4754e-02,-7.7229e-02,-7.8519e-02,-7.8574e-02,-7.7280e-02,-7.4490e-02,-7.0056e-02,-6.3876e-02,-5.5932e-02,-4.6316e-02,-3.5245e-02,-2.3048e-02,-1.0137e-02,3.0325e-03,1.6015e-02,2.8414e-02,3.9919e-02,5.0320e-02,5.9508e-02,6.7443e-02,7.4108e-02,7.9455e-02,8.3358e-02,8.5601e-02,8.5903e-02,8.4001e-02,7.9731e-02,7.3122e-02,6.4439e-02,5.4171e-02,4.2973e-02,3.1562e-02,2.0619e-02,1.0696e-02,2.1590e-03,-4.8202e-03,-1.0248e-02,-1.4258e-02,-1.7057e-02,-1.8858e-02,-1.9838e-02,-2.0113e-02,-1.9741e-02,-1.8741e-02,-1.7132e-02,-1.4962e-02,-1.2328e-02,-9.3683e-03,-6.2481e-03,-3.1297e-03,-1.4422e-04,2.6238e-03,5.1451e-03,7.4403e-03,9.5587e-03,1.1562e-02,1.3498e-02,1.5384e-02,1.7201e-02,1.8887e-02,2.0350e-02,2.1475e-02,2.2142e-02,2.2238e-02,2.1675e-02,2.0397e-02,1.8398e-02,1.5715e-02,1.2441e-02,8.7148e-03,4.7152e-03,6.4249e-04,-3.3006e-03,-6.9355e-03,-1.0134e-02,-1.2839e-02,-1.5074e-02,-1.6931e-02,-1.8541e-02,-2.0023e-02,-2.1442e-02,-2.2760e-02,-2.3810e-02,-2.4307e-02,-2.3888e-02,-2.2192e-02,-1.8956e-02,-1.4132e-02,-7.9583e-03,-9.8839e-04,5.9659e-03,1.1946e-02
1.9004e-03,-1.5891e-02,-3.1360e-02,-4.4555e-02,-5.5590e-02,-6.4626e-02,-7.1850e-02,-7.7448e-02,-8.1578e-02,-8.4341e-02,-8.5769e-02,-8.5818e-02,-8.4380e-02,-8.1306e-02,-7.6443e-02,-6.9676e-02,-6.0981e-02,-5.0445e-02,-3.8291e-02,-2.4866e-02,-1.0617e-02,3.9594e-03,1.8359e-02,3.2123e-02,4.4877e-02,5.6353e-02,6.6399e-02,7.4954e-02,8.2013e-02,8.7571e-02,9.1569e-02,9.3859e-02,9.4209e-02,9.2348e-02,8.8054e-02,8.1249e-02,7.2072e-02,6.0905e-02,4.8339e-02,3.5098e-02,2.1932e-02,9.5235e-03,-1.5958e-03,-1.1081e-02,-1.8780e-02,-2.4701e-02,-2.8967e-02,-3.1753e-02,-3.3235e-02,-3.3553e-02,-3.2799e-02,-3.1024e-02,-2.8271e-02,-2.4605e-02,-2.0142e-02,-1.5054e-02,-9.5591e-03,-3.8958e-03,1.7102e-03,7.0695e-03,1.2047e-02,1.6567e-02,2.0602e-02,2.4158e-02,2.7254e-02,2.9899e-02,3.2086e-02,3.3779e-02,3.4920e-02,3.5432e-02,3.5234e-02,3.4246e-02,3.2411e-02,2.9697e-02,2.6115e-02,2.1715e-02,1.6600e-02,1.0917e-02,4.8532e-03,-1.3774e-03,-7.5458e-03,-1.3433e-02,-1.8851e-02,-2.3668e-02,-2.7820e-02,-3.1313e-02,-3.4203e-02,-3.6562e-02,-3.8430e-02,-3.9766e-02,-4.0429e-02,-4.0166e-02,-3.8654e-02,-3.5566e-02,-3.0682e-02,-2.3977e-02,-1.5710e-02,-6.4450e-03,3.0071e-03,1.1691e-02
3.4149e-03,-1.5467e-02,-3.2020e-02,-4.6235e-02,-5.8182e-02,-6.8000e-02,-7.5865e-02,-8.1960e-02,-8.6448e-02,-8.9435e-02,-9.0967e-02,-9.1009e-02,-8.9462e-02,-8.6181e-02,-8.1012e-02,-7.3836e-02,-6.4617e-02,-5.3435e-02,-4.0510e-02,-2.6198e-02,-1.0963e-02,4.6679e-03,2.0147e-02,3.4967e-02,4.8700e-02,6.1026e-02,7.1744e-02,8.0764e-02,8.8076e-02,9.3700e-02,9.7635e-02,9.9808e-02,1.0005e-01,9.8134e-02,9.3820e-02,8.6962e-02,7.7592e-02,6.5972e-02,5.2595e-02,3.8135e-02,2.3352e-02,8.9974e-03,-4.2768e-03,-1.5979e-02,-2.5801e-02,-3.3613e-02,-3.9426e-02,-4.3341e-02,-4.5500e-02,-4.6037e-02,-4.5062e-02,-4.2652e-02,-3.8878e-02,-3.3833e-02,-2.7660e-02,-2.0567e-02,-1.2822e-02,-4.7354e-03,3.3804e-03,1.1236e-02,1.8593e-02,2.5280e-02,3.1187e-02,3.6264e-02,4.0492e-02,4.3872e-02,4.6406e-02,4.8084e-02,4.8883e-02,4.8767e-02,4.7695e-02,4.5625e-02,4.2530e-02,3.8406e-02,3.3284e-02,2.7230e-02,2.0360e-02,1.2831e-02,4.8407e-03,-3.3781e-03,-1.1576e-02,-1.9503e-02,-2.6926e-02,-3.3654e-02,-3.9551e-02,-4.4547e-02,-4.8628e-02,-5.1807e-02,-5.4095e-02,-5.5452e-02,-5.5748e-02,-5.4771e-02,-5.2244e-02,-4.7891e-02,-4.1532e-02,-3.3177e-02,-2.3102e-02,-1.1869e-02,-2.7332e-04,1.0754e-02
4.7507e-03,-1.4751e-02,-3.1986e-02,-4.6883e-02,-5.9470e-02,-6.9852e-02,-7.8187e-02,-8.4648e-02,-8.9393e-02,-9.2537e-02,-9.4133e-02,-9.4160e-02,-9.2532e-02,-8.9113e-02,-8.3756e-02,-7.6339e-02,-6.6822e-02,-5.5273e-02,-4.1903e-02,-2.7063e-02,-1.1222e-02,5.0772e-03,2.1263e-02,3.6795e-02,5.1202e-02,6.4121e-02,7.5311e-02,8.4645e-02,9.2095e-02,9.7692e-02,1.0147e-01,1.0342e-01,1.0344e-01,1.0138e-01,9.7016e-02,9.0178e-02,8.0821e-02,6.9100e-02,5.5398e-02,4.0300e-02,2.4523e-02,8.8307e-03,-6.0613e-03,-1.9555e-02,-3.1211e-02,-4.0764e-02,-4.8102e-02,-5.3226e-02,-5.6209e-02,-5.7154e-02,-5.6158e-02,-5.3312e-02,-4.8709e-02,-4.2471e-02,-3.4773e-02,-2.5864e-02,-1.6065e-02,-5.7503e-03,4.6869e-03,1.4866e-02,2.4456e-02,3.3189e-02,4.0880e-02,4.7413e-02,5.2732e-02,5.6824e-02,5.9696e-02,6.1362e-02,6.1834e-02,6.1113e-02,5.9201e-02,5.6095e-02,5.1802e-02,4.6344e-02,3.9773e-02,3.2173e-02,2.3674e-02,1.4446e-02,4.7023e-03,-5.3059e-03,-1.5307e-02,-2.5022e-02,-3.4182e-02,-4.2551e-02,-4.9938e-02,-5.6216e-02,-6.1308e-02,-6.5184e-02,-6.7823e-02,-6.9174e-02,-6.9130e-02,-6.7511e-02,-6.4089e-02,-5.8641e-02,-5.1033e-02,-4.1308e-02,-2.9755e-02,-1.6926e-02,-3.5832e-03,9.3905e-03
5.7580e-03,-1.3885e-02,-3.1385e-02,-4.6616e-02,-5.9554e-02,-7.0271e-02,-7.8894e-02,-8.5582e-02,-9.0482e-02,-9.3712e-02,-9.5328e-02,-9.5326e-02,-9.3638e-02,-9.0141e-02,-8.4703e-02,-7.7206e-02,-6.7606e-02,-5.5963e-02,-4.2471e-02,-2.7469e-02,-1.1414e-02,5.1503e-03,2.1646e-02,3.7515e-02,5.2263e-02,6.5496e-02,7.6936e-02,8.6427e-02,9.3916e-02,9.9424e-02,1.0300e-01,1.0469e-01,1.0445e-01,1.0219e-01,9.7744e-02,9.0957e-02,8.1745e-02,7.0182e-02,5.6548e-02,4.1323e-02,2.5148e-02,8.7452e-03,-7.1614e-03,-2.1918e-02,-3.4995e-02,-4.6011e-02,-5.4735e-02,-6.1058e-02,-6.4962e-02,-6.6486e-02,-6.5692e-02,-6.2657e-02,-5.7481e-02,-5.0305e-02,-4.1339e-02,-3.0873e-02,-1.9283e-02,-7.0057e-03,5.4929e-03,1.7752e-02,2.9354e-02,3.9950e-02,4.9277e-02,5.7161e-02,6.3505e-02,6.8275e-02,7.1480e-02,7.3153e-02,7.3334e-02,7.2067e-02,6.9390e-02,6.5341e-02,5.9959e-02,5.3296e-02,4.5422e-02,3.6441e-02,2.6490e-02,1.5756e-02,4.4686e-03,-7.1014e-03,-1.8657e-02,-2.9889e-02,-4.0494e-02,-5.0199e-02,-5.8775e-02,-6.6049e-02,-7.1910e-02,-7.6292e-02,-7.9151e-02,-8.0437e-02,-8.0058e-02,-7.7867e-02,-7.3685e-02,-6.7341e-02,-5.8744e-02,-4.7968e-02,-3.5305e-02,-2.1285e-02,-6.6217e-03,7.8695e-03
6.3353e-03,-1.2977e-02,-3.0330e-02,-4.5540e-02,-5.8539e-02,-6.9355e-02,-7.8082e-02,-8.4854e-02,-8.9804e-02,-9.3044e-02,-9.4637e-02,-9.4593e-02,-9.2859e-02,-8.9338e-02,-8.3914e-02,-7.6484e-02,-6.7002e-02,-5.5520e-02,-4.2219e-02,-2.7410e-02,-1.1533e-02,4.8901e-03,2.1289e-02,3.7107e-02,5.1844e-02,6.5087e-02,7.6539e-02,8.6015e-02,9.3438e-02,9.8814e-02,1.0219e-01,1.0363e-01,1.0314e-01,1.0069e-01,9.6172e-02,8.9464e-02,8.0483e-02,6.9259e-02,5.5994e-02,4.1068e-02,2.5026e-02,8.5130e-03,-7.7844e-03,-2.3214e-02,-3.7202e-02,-4.9291e-02,-5.9148e-02,-6.6559e-02,-7.1405e-02,-7.3639e-02,-7.3262e-02,-7.0310e-02,-6.4866e-02,-5.7076e-02,-4.7169e-02,-3.5478e-02,-2.2426e-02,-8.5134e-03,5.7248e-03,1.9756e-02,3.3086e-02,4.5298e-02,5.6059e-02,6.5139e-02,7.2401e-02,7.7791e-02,8.1313e-02,8.3012e-02,8.2958e-02,8.1227e-02,7.7895e-02,7.3038e-02,6.6727e-02,5.9039e-02,5.0065e-02,3.9919e-02,2.8750e-02,1.6754e-02,4.1760e-03,-8.6978e-03,-2.1540e-02,-3.4011e-02,-4.5768e-02,-5.6504e-02,-6.5956e-02,-7.3922e-02,-8.0268e-02,-8.4917e-02,-8.7820e-02,-8.8934e-02,-8.8192e-02,-8.5485e-02,-8.0679e-02,-7.3647e-02,-6.4341e-02,-5.2855e-02,-3.9478e-02,-2.4697e-02,-9.1622e-03,6.3990e-03
6.4425e-03,-1.2093e-02,-2.8897e-02,-4.3741e-02,-5.6511e-02,-6.7190e-02,-7.5836e-02,-8.2550e-02,-8.7447e-02,-9.0626e-02,-9.2156e-02,-9.2054e-02,-9.0292e-02,-8.6796e-02,-8.1475e-02,-7.4240e-02,-6.5058e-02,-5.3976e-02,-4.1153e-02,-2.6874e-02,-1.1546e-02,4.3391e-03,2.0240e-02,3.5618e-02,4.9982e-02,6.2919e-02,7.4124e-02,8.3396e-02,9.0640e-02,9.5839e-02,9.9033e-02,1.0028e-01,9.9613e-02,9.7037e-02,9.2499e-02,8.5922e-02,7.7247e-02,6.6494e-02,5.3818e-02,3.9524e-02,2.4061e-02,7.9833e-03,-8.1035e-03,-2.3594e-02,-3.7925e-02,-5.0607e-02,-6.1242e-02,-6.9528e-02,-7.5247e-02,-7.8259e-02,-7.8479e-02,-7.5882e-02,-7.0504e-02,-6.2471e-02,-5.2016e-02,-3.9495e-02,-2.5376e-02,-1.0216e-02,5.3853e-03,2.0828e-02,3.5552e-02,4.9077e-02,6.1015e-02,7.1088e-02,7.9122e-02,8.5038e-02,8.8838e-02,9.0576e-02,9.0343e-02,8.8245e-02,8.4394e-02,7.8897e-02,7.1857e-02,6.3374e-02,5.3552e-02,4.2514e-02,3.0415e-02,1.7452e-02,3.8754e-03,-1.0010e-02,-2.3854e-02,-3.7282e-02,-4.9913e-02,-6.1398e-02,-7.1438e-02,-7.9808e-02,-8.6365e-02,-9.1032e-02,-9.3778e-02,-9.4587e-02,-9.3429e-02,-9.0239e-02,-8.4931e-02,-7.7423e-02,-6.7697e-02,-5.5857e-02,-4.2169e-02,-2.7067e-02,-1.1111e-02,5.0798e-03
6.1044e-03,-1.1238e-02,-2.7116e-02,-4.1264e-02,-5.3524e-02,-6.3838e-02,-7.2223e-02,-7.8742e-02,-8.3486e-02,-8.6541e-02,-8.7971e-02,-8.7806e-02,-8.6036e-02,-8.2614e-02,-7.7476e-02,-7.0561e-02,-6.1843e-02,-5.1369e-02,-3.9284e-02,-2.5842e-02,-1.1407e-02,3.5702e-03,1.8591e-02,3.3151e-02,4.6784e-02,5.9097e-02,6.9786e-02,7.8649e-02,8.5579e-02,9.0545e-02,9.3567e-02,9.4691e-02,9.3955e-02,9.1374e-02,8.6928e-02,8.0577e-02,7.2298e-02,6.2128e-02,5.0207e-02,3.6797e-02,2.2270e-02,7.0890e-03,-8.2397e-03,-2.3198e-02,-3.7281e-02,-5.0020e-02,-6.0996e-02,-6.9849e-02,-7.6280e-02,-8.0054e-02,-8.0995e-02,-7.8991e-02,-7.4012e-02,-6.6135e-02,-5.5571e-02,-4.2674e-02,-2.7942e-02,-1.1977e-02,4.5625e-03,2.1013e-02,3.6757e-02,5.1255e-02,6.4073e-02,7.4892e-02,8.3509e-02,8.9828e-02,9.3842e-02,9.5615e-02,9.5253e-02,9.2891e-02,8.8669e-02,8.2726e-02,7.5188e-02,6.6173e-02,5.5795e-02,4.4183e-02,3.1482e-02,1.7888e-02,3.6473e-03,-1.0930e-02,-2.5476e-02,-3.9580e-02,-5.2824e-02,-6.4810e-02,-7.5200e-02,-8.3742e-02,-9.0282e-02,-9.4757e-02,-9.7169e-02,-9.7547e-02,-9.5917e-02,-9.2273e-02,-8.6581e-02,-7.8803e-02,-6.8943e-02,-5.7098e-02,-4.3493e-02,-2.8484e-02,-1.2524e-02,3.8975e-03
5.4007e-03,-1.0370e-02,-2.4973e-02,-3.8115e-02,-4.9601e-02,-5.9332e-02,-6.7281e-02,-7.3476e-02,-7.7977e-02,-8.0853e-02,-8.2159e-02,-8.1935e-02,-8.0186e-02,-7.6894e-02,-7.2022e-02,-6.5535e-02,-5.7429e-02,-4.7752e-02,-3.6632e-02,-2.4295e-02,-1.1060e-02,2.6755e-03,1.6465e-02,2.9855e-02,4.2420e-02,5.3795e-02,6.3698e-02,7.1937e-02,7.8401e-02,8.3053e-02,8.5897e-02,8.6962e-02,8.6273e-02,8.3837e-02,7.9641e-02,7.3663e-02,6.5909e-02,5.6440e-02,4.5412e-02,3.3073e-02,1.9757e-02,5.8442e-03,-8.2582e-03,-2.2141e-02,-3.5400e-02,-4.7636e-02,-5.8459e-02,-6.7493e-02,-7.4385e-02,-7.8820e-02,-8.0526e-02,-7.9299e-02,-7.5022e-02,-6.7697e-02,-5.7481e-02,-4.4704e-02,-2.9862e-02,-1.3584e-02,3.4242e-03,2.0445e-02,3.6802e-02,5.1908e-02,6.5284e-02,7.6580e-02,8.5568e-02,9.2139e-02,9.6282e-02,9.8067e-02,9.7619e-02,9.5093e-02,9.0656e-02,8.4470e-02,7.6681e-02,6.7421e-02,5.6807e-02,4.4961e-02,3.2016e-02,1.8153e-02,3.6042e-03,-1.1326e-02,-2.6257e-02,-4.0762e-02,-5.4377e-02,-6.6659e-02,-7.7223e-02,-8.5780e-02,-9.2163e-02,-9.6320e-02,-9.8292e-02,-9.8170e-02,-9.6052e-02,-9.2003e-02,-8.6051e-02,-7.8203e-02,-6.8474e-02,-5.6940e-02,-4.3763e-02,-2.9197e-02,-1.3570e-02,2.7652e-03
4.4523e-03,-9.4071e-03,-2.2420e-02,-3.4270e-02,-4.4736e-02,-5.3677e-02,-6.1027e-02,-6.6778e-02,-7.0956e-02,-7.3606e-02,-7.4779e-02,-7.4511e-02,-7.2827e-02,-6.9728e-02,-6.5210e-02,-5.9263e-02,-5.1904e-02,-4.3186e-02,-3.3229e-02,-2.2226e-02,-1.0453e-02,1.7522e-03,1.4006e-02,2.5912e-02,3.7098e-02,4.7246e-02,5.6102e-02,6.3497e-02,6.9331e-02,7.3565e-02,7.6198e-02,7.7243e-02,7.6703e-02,7.4567e-02,7.0803e-02,6.5385e-02,5.8325e-02,4.9707e-02,3.9708e-02,2.8593e-02,1.6686e-02,4.3224e-03,-8.1769e-03,-2.0519e-02,-3.2426e-02,-4.3610e-02,-5.3760e-02,-6.2531e-02,-6.9554e-02,-7.4458e-02,-7.6890e-02,-7.6549e-02,-7.3216e-02,-6.6804e-02,-5.7387e-02,-4.5237e-02,-3.0820e-02,-1.4762e-02,2.2075e-03,1.9327e-02,3.5872e-02,5.1205e-02,6.4810e-02,7.6305e-02,8.5443e-02,9.2106e-02,9.6282e-02,9.8052e-02,9.7552e-02,9.4960e-02,9.0461e-02,8.4238e-02,7.6451e-02,6.7236e-02,5.6710e-02,4.4975e-02,3.2150e-02,1.8385e-02,3.8904e-03,-1.1046e-02,-2.6052e-02,-4.0683e-02,-5.4451e-02,-6.6866e-02,-7.7492e-02,-8.5997e-02,-9.2188e-02,-9.6015e-02,-9.7556e-02,-9.6962e-02,-9.4412e-02,-9.0053e-02,-8.3982e-02,-7.6248e-02,-6.6872e-02,-5.5894e-02,-4.3396e-02,-2.9515e-02,-1.4443e-02,1.5997e-03
3.3933e-03,-8.2587e-03,-1.9396e-02,-2.9694e-02,-3.8908e-02,-4.6866e-02,-5.3466e-02,-5.8660e-02,-6.2443e-02,-6.4838e-02,-6.5877e-02,-6.5599e-02,-6.4035e-02,-6.1209e-02,-5.7139e-02,-5.1843e-02,-4.5358e-02,-3.7746e-02,-2.9118e-02,-1.9641e-02,-9.5431e-03,8.9519e-04,1.1356e-02,2.1513e-02,3.1055e-02,3.9715e-02,4.7286e-02,5.3626e-02,5.8659e-02,6.2355e-02,6.4715e-02,6.5741e-02,6.5422e-02,6.3717e-02,6.0566e-02,5.5914e-02,4.9754e-02,4.2169e-02,3.3354e-02,2.3601e-02,1.3253e-02,2.6358e-03,-7.9845e-03,-1.8418e-02,-2.8520e-02,-3.8148e-02,-4.7109e-02,-5.5140e-02,-6.1902e-02,-6.7003e-02,-7.0030e-02,-7.0593e-02,-6.8373e-02,-6.3174e-02,-5.4969e-02,-4.3942e-02,-3.0490e-02,-1.5205e-02,1.1881e-03,1.7910e-02,3.4197e-02,4.9371e-02,6.2877e-02,7.4300e-02,8.3379e-02,8.9983e-02,9.4106e-02,9.5833e-02,9.5318e-02,9.2752e-02,8.8341e-02,8.2279e-02,7.4734e-02,6.5843e-02,5.5710e-02,4.4418e-02,3.2056e-02,1.8739e-02,4.6450e-03,-9.9681e-03,-2.4748e-02,-3.9253e-02,-5.2977e-02,-6.5397e-02,-7.6031e-02,-8.4498e-02,-9.0565e-02,-9.4172e-02,-9.5412e-02,-9.4487e-02,-9.1648e-02,-8.7126e-02,-8.1086e-02,-7.3617e-02,-6.4745e-02,-5.4460e-02,-4.2761e-02,-2.9669e-02,-1.5248e-02,3.9116e-04
2.3485e-03,-6.8395e-03,-1.5850e-02,-2.4360e-02,-3.2110e-02,-3.8903e-02,-4.4608e-02,-4.9143e-02,-5.2469e-02,-5.4584e-02,-5.5503e-02,-5.5259e-02,-5.3886e-02,-5.1423e-02,-4.7906e-02,-4.3378e-02,-3.7891e-02,-3.1517e-02,-2.4360e-02,-1.6561e-02,-8.3061e-03,1.8101e-04,8.6515e-03,1.6848e-02,2.4530e-02,3.1488e-02,3.7566e-02,4.2662e-02,4.6728e-02,4.9756e-02,5.1755e-02,5.2730e-02,5.2658e-02,5.1475e-02,4.9088e-02,4.5398e-02,4.0356e-02,3.4015e-02,2.6565e-02,1.8319e-02,9.6513e-03,9.1171e-04,-7.6522e-03,-1.5920e-02,-2.3870e-02,-3.1511e-02,-3.8805e-02,-4.5617e-02,-5.1687e-02,-5.6644e-02,-6.0050e-02,-6.1444e-02,-6.0412e-02,-5.6645e-02,-5.0000e-02,-4.0545e-02,-2.8581e-02,-1.4623e-02,6.4581e-04,1.6454e-02,3.2026e-02,4.6650e-02,5.9733e-02,7.0831e-02,7.9658e-02,8.6076e-02,9.0074e-02,9.1745e-02,9.1256e-02,8.8811e-02,8.4626e-02,7.8907e-02,7.1822e-02,6.3501e-02,5.4032e-02,4.3473e-02,3.1875e-02,1.9317e-02,5.9307e-03,-8.0633e-03,-2.2347e-02,-3.6492e-02,-4.9999e-02,-6.2324e-02,-7.2948e-02,-8.1441e-02,-8.7525e-02,-9.1103e-02,-9.2263e-02,-9.1232e-02,-8.8313e-02,-8.3801e-02,-7.7928e-02,-7.0819e-02,-6.2502e-02,-5.2929e-02,-4.2021e-02,-2.9702e-02,-1.5937e-02,-7.5673e-04
1.4112e-03,-5.0992e-03,-1.1766e-02,-1.8277e-02,-2.4368e-02,-2.9829e-02,-3.4500e-02,-3.8274e-02,-4.1086e-02,-4.2901e-02,-4.3721e-02,-4.3564e-02,-4.2464e-02,-4.0465e-02,-3.7616e-02,-3.3977e-02,-2.9610e-02,-2.4595e-02,-1.9028e-02,-1.3028e-02,-6.7411e-03,-3.3637e-04,6.0024e-03,1.2089e-02,1.7749e-02,2.2841e-02,2.7261e-02,3.0954e-02,3.3906e-02,3.6136e-02,3.7673e-02,3.8533e-02,3.8691e-02,3.8071e-02,3.6549e-02,3.3981e-02,3.0259e-02,2.5382e-02,1.9500e-02,1.2920e-02,6.0466e-03,-7.3305e-04,-7.1494e-03,-1.3109e-02,-1.8680e-02,-2.4012e-02,-2.9239e-02,-3.4385e-02,-3.9317e-02,-4.3740e-02,-4.7230e-02,-4.9288e-02,-4.9422e-02,-4.7213e-02,-4.2390e-02,-3.4891e-02,-2.4886e-02,-1.2782e-02,8.2154e-04,1.5199e-02,2.9588e-02,4.3262e-02,5.5602e-02,6.6132e-02,7.4535e-02,8.0658e-02,8.4482e-02,8.6100e-02,8.5684e-02,8.3448e-02,7.9615e-02,7.4393e-02,6.7949e-02,6.0399e-02,5.1811e-02,4.2215e-02,3.1624e-02,2.0073e-02,7.6487e-03,-5.4779e-03,-1.9026e-02,-3.2607e-02,-4.5733e-02,-5.7862e-02,-6.8452e-02,-7.7034e-02,-8.3274e-02,-8.7028e-02,-8.8346e-02,-8.7449e-02,-8.4661e-02,-8.0320e-02,-7.4704e-02,-6.7978e-02,-6.0182e-02,-5.1245e-02,-4.1038e-02,-2.9422e-02,-1.6299e-02,-1.6595e-03
6.2666e-04,-3.0360e-03,-7.1786e-03,-1.1508e-02,-1.5766e-02,-1.9736e-02,-2.3244e-02,-2.6160e-02,-2.8394e-02,-2.9893e-02,-3.0632e-02,-3.0618e-02,-2.9876e-02,-2.8448e-02,-2.6389e-02,-2.3761e-02,-2.0636e-02,-1.7091e-02,-1.3215e-02,-9.1045e-03,-4.8704e-03,-6.3079e-04,3.4908e-03,7.3742e-03,1.0914e-02,1.4030e-02,1.6676e-02,1.8845e-02,2.0563e-02,2.1881e-02,2.2852e-02,2.3512e-02,2.3845e-02,2.3777e-02,2.3163e-02,2.1820e-02,1.9579e-02,1.6362e-02,1.2253e-02,7.5167e-03,2.5558e-03,-2.2046e-03,-6.4487e-03,-1.0067e-02,-1.3166e-02,-1.6003e-02,-1.8872e-02,-2.1977e-02,-2.5353e-02,-2.8830e-02,-3.2048e-02,-3.4517e-02,-3.5691e-02,-3.5056e-02,-3.2218e-02,-2.6965e-02,-1.9318e-02,-9.5415e-03,1.8853e-03,1.4325e-02,2.7060e-02,3.9379e-02,5.0648e-02,6.0363e-02,6.8180e-02,7.3911e-02,7.7522e-02,7.9096e-02,7.8801e-02,7.6850e-02,7.3469e-02,6.8861e-02,6.3189e-02,5.6552e-02,4.8998e-02,4.0526e-02,3.1114e-02,2.0753e-02,9.4820e-03,-2.5738e-03,-1.5184e-02,-2.8000e-02,-4.0568e-02,-5.2362e-02,-6.2833e-02,-7.1485e-02,-7.7935e-02,-8.1980e-02,-8.3615e-02,-8.3022e-02,-8.0512e-02,-7.6442e-02,-7.1120e-02,-6.4751e-02,-5.7398e-02,-4.8999e-02,-3.9411e-02,-2.8469e-02,-1.6050e-02,-2.1259e-03
-7.6592e-06,-7.0239e-04,-2.1811e-03,-4.1801e-03,-6.4539e-03,-8.7917e-03,-1.1012e-02,-1.2974e-02,-1.4569e-02,-1.5725e-02,-1.6398e-02,-1.6577e-02,-1.6275e-02,-1.5522e-02,-1.4368e-02,-1.2872e-02,-1.1102e-02,-9.1294e-03,-7.0278e-03,-4.8739e-03,-2.7422e-03,-7.0635e-04,1.1633e-03,2.8082e-03,4.1846e-03,5.2726e-03,6.0818e-03,6.6522e-03,7.0524e-03,7.3659e-03,7.6770e-03,8.0454e-03,8.4772e-03,8.9061e-03,9.1857e-03,9.1050e-03,8.4410e-03,7.0364e-03,4.8811e-03,2.1623e-03,-7.5859e-04,-3.4454e-03,-5.5337e-03,-6.8614e-03,-7.5235e-03,-7.8301e-03,-8.1973e-03,-9.0043e-03,-1.0477e-02,-1.2613e-02,-1.5173e-02,-1.7725e-02,-1.9713e-02,-2.0556e-02,-1.9742e-02,-1.6915e-02,-1.1926e-02,-4.8719e-03,3.9214e-03,1.3941e-02,2.4559e-02,3.5107e-02,4.4962e-02,5.3602e-02,6.0650e-02,6.5885e-02,6.9239e-02,7.0770e-02,7.0628e-02,6.9019e-02,6.6157e-02,6.2239e-02,5.7417e-02,5.1774e-02,4.5339e-02,3.8083e-02,2.9953e-02,2.0901e-02,1.0926e-02,1.0561e-04,-1.1374e-02,-2.3213e-02,-3.4995e-02,-4.6227e-02,-5.6374e-02,-6.4930e-02,-7.1477e-02,-7.5757e-02,-7.7705e-02,-7.7446e-02,-7.5257e-02,-7.1483e-02,-6.6459e-02,-6.0420e-02,-5.3474e-02,-4.5588e-02,-3.6640e-02,-2.6470e-02,-1.4953e-02,-2.0504e-03
-5.3616e-04,1.8008e-03,3.0750e-03,3.5172e-03,3.3453e-03,2.7613e-03,1.9398e-03,1.0255e-03,1.3553e-04,-6.4360e-04,-1.2528e-03,-1.6624e-03,-1.8663e-03,-1.8803e-03,-1.7367e-03,-1.4821e-03,-1.1694e-03,-8.5493e-04,-5.9416e-04,-4.3791e-04,-4.2734e-04,-5.9678e-04,-9.6776e-04,-1.5470e-03,-2.3217e-03,-3.2589e-03,-4.2968e-03,-5.3505e-03,-6.3115e-03,-7.0603e-03,-7.4817e-03,-7.4885e-03,-7.0463e-03,-6.2008e-03,-5.0901e-03,-3.9341e-03,-2.9952e-03,-2.5051e-03,-2.5757e-03,-3.1278e-03,-3.8829e-03,-4.4367e-03,-4.3981e-03,-3.5421e-03,-1.9051e-03,2.0875e-04,2.3197e-03,3.9077e-03,4.5634e-03,4.0933e-03,2.5676e-03,3.0709e-04,-2.1778e-03,-4.2790e-03,-5.3982e-03,-5.0392e-03,-2.8843e-03,1.1547e-03,6.9351e-03,1.4105e-02,2.2159e-02,3.0515e-02,3.8589e-02,4.5860e-02,5.1926e-02,5.6528e-02,5.9552e-02,6.1018e-02,6.1041e-02,5.9800e-02,5.7494e-02,5.4301e-02,5.0360e-02,4.5742e-02,4.0457e-02,3.4455e-02,2.7659e-02,1.9995e-02,1.1428e-02,1.9994e-03,-8.1466e-03,-1.8751e-02,-2.9446e-02,-3.9779e-02,-4.9249e-02,-5.7362e-02,-6.3695e-02,-6.7956e-02,-7.0029e-02,-6.9985e-02,-6.8051e-02,-6.4558e-02,-5.9841e-02,-5.4174e-02,-4.7706e-02,-4.0455e-02,-3.2334e-02,-2.3204e-02,-1.2936e-02,-1.4690e-03
-1.0333e-03,4.3374e-03,8.3991e-03,1.1340e-02,1.3350e-02,1.4609e-02,1.5277e-02,1.5495e-02,1.5376e-02,1.5017e-02,1.4486e-02,1.3828e-02,1.3072e-02,1.2225e-02,1.1275e-02,1.0202e-02,8.9756e-03,7.5645e-03,5.9417e-03,4.0837e-03,1.9822e-03,-3.5978e-04,-2.9225e-03,-5.6663e-03,-8.5325e-03,-1.1440e-02,-1.4285e-02,-1.6939e-02,-1.9258e-02,-2.1090e-02,-2.2287e-02,-2.2732e-02,-2.2362e-02,-2.1194e-02,-1.9344e-02,-1.7027e-02,-1.4528e-02,-1.2137e-02,-1.0061e-02,-8.3473e-03,-6.8330e-03,-5.1940e-03,-3.0529e-03,-1.3696e-04,3.5949e-03,7.9004e-03,1.2301e-02,1.6200e-02,1.9039e-02,2.0434e-02,2.0256e-02,1.8664e-02,1.6066e-02,1.3038e-02,1.0223e-02,8.2257e-03,7.5213e-03,8.3903e-03,1.0888e-02,1.4852e-02,1.9941e-02,2.5694e-02,3.1600e-02,3.7173e-02,4.1999e-02,4.5785e-02,4.8367e-02,4.9711e-02,4.9879e-02,4.9009e-02,4.7268e-02,4.4809e-02,4.1753e-02,3.8160e-02,3.4027e-02,2.9293e-02,2.3869e-02,1.7661e-02,1.0616e-02,2.7499e-03,-5.8255e-03,-1.4890e-02,-2.4123e-02,-3.3123e-02,-4.1443e-02,-4.8630e-02,-5.4287e-02,-5.8121e-02,-5.9994e-02,-5.9939e-02,-5.8144e-02,-5.4909e-02,-5.0571e-02,-4.5422e-02,-3.9653e-02,-3.3325e-02,-2.6382e-02,-1.8697e-02,-1.0124e-02,-5.5403e-04
-1.5814e-03,6.7585e-03,1.3576e-02,1.9017e-02,2.3236e-02,2.6385e-02,2.8605e-02,3.0019e-02,3.0735e-02,3.0843e-02,3.0417e-02,2.9519e-02,2.8195e-02,2.6477e-02,2.4384e-02,2.1928e-02,1.9113e-02,1.5941e-02,1.2418e-02,8.5555e-03,4.3790e-03,-7.3381e-05,-4.7437e-03,-9.5558e-03,-1.4412e-02,-1.9192e-02,-2.3755e-02,-2.7940e-02,-3.1569e-02,-3.4461e-02,-3.6440e-02,-3.7359e-02,-3.7125e-02,-3.5724e-02,-3.3242e-02,-2.9876e-02,-2.5915e-02,-2.1687e-02,-1.7485e-02,-1.3475e-02,-9.6336e-03,-5.7551e-03,-1.5265e-03,3.3346e-03,8.9390e-03,1.5134e-02,2.1506e-02,2.7456e-02,3.2341e-02,3.5622e-02,3.6979e-02,3.6379e-02,3.4069e-02,3.0534e-02,2.6399e-02,2.2327e-02,1.8920e-02,1.6634e-02,1.5728e-02,1.6250e-02,1.8051e-02,2.0830e-02,2.4192e-02,2.7713e-02,3.1001e-02,3.3740e-02,3.5720e-02,3.6841e-02,3.7104e-02,3.6586e-02,3.5403e-02,3.3676e-02,3.1504e-02,2.8935e-02,2.5960e-02,2.2518e-02,1.8515e-02,1.3856e-02,8.4756e-03,2.3751e-03,-4.3587e-03,-1.1542e-02,-1.8906e-02,-2.6109e-02,-3.2771e-02,-3.8509e-02,-4.2983e-02,-4.5940e-02,-4.7255e-02,-4.6947e-02,-4.5181e-02,-4.2232e-02,-3.8423e-02,-3.4050e-02,-2.9324e-02,-2.4325e-02,-1.9011e-02,-1.3239e-02,-6.8183e-03,4.4162e-04
-2.2509e-03,8.9176e-03,1.8393e-02,2.6268e-02,3.2663e-02,3.7699e-02,4.1490e-02,4.4139e-02,4.5734e-02,4.6357e-02,4.6078e-02,4.4968e-02,4.3090e-02,4.0502e-02,3.7258e-02,3.3407e-02,2.8993e-02,2.4062e-02,1.8657e-02,1.2832e-02,6.6464e-03,1.7541e-04,-6.4898e-03,-1.3242e-02,-1.9951e-02,-2.6467e-02,-3.2620e-02,-3.8222e-02,-4.3070e-02,-4.6958e-02,-4.9685e-02,-5.1080e-02,-5.1019e-02,-4.9457e-02,-4.6449e-02,-4.2164e-02,-3.6880e-02,-3.0943e-02,-2.4709e-02,-1.8452e-02,-1.2290e-02,-6.1627e-03,1.3611e-04,6.8471e-03,1.4119e-02,2.1887e-02,2.9840e-02,3.7445e-02,4.4056e-02,4.9049e-02,5.1953e-02,5.2544e-02,5.0882e-02,4.7296e-02,4.2326e-02,3.6625e-02,3.0864e-02,2.5639e-02,2.1401e-02,1.8408e-02,1.6728e-02,1.6252e-02,1.6737e-02,1.7866e-02,1.9299e-02,2.0724e-02,2.1895e-02,2.2652e-02,2.2922e-02,2.2708e-02,2.2065e-02,2.1070e-02,1.9791e-02,1.8263e-02,1.6480e-02,1.4386e-02,1.1896e-02,8.9164e-03,5.3808e-03,1.2764e-03,-3.3341e-03,-8.3089e-03,-1.3428e-02,-1.8423e-02,-2.2992e-02,-2.6841e-02,-2.9713e-02,-3.1425e-02,-3.1895e-02,-3.1161e-02,-2.9383e-02,-2.6813e-02,-2.3751e-02,-2.0478e-02,-1.7193e-02,-1.3964e-02,-1.0726e-02,-7.2894e-03,-3.3867e-03,1.2773e-03
-3.0860e-03,1.0701e-02,2.2659e-02,3.2833e-02,4.1303e-02,4.8162e-02,5.3496e-02,5.7378e-02,5.9874e-02,6.1048e-02,6.0962e-02,5.9688e-02,5.7301e-02,5.3884e-02,4.9526e-02,4.4315e-02,3.8341e-02,3.1696e-02,2.4471e-02,1.6761e-02,8.6668e-03,2.9907e-04,-8.2208e-03,-1.6756e-02,-2.5151e-02,-3.3234e-02,-4.0814e-02,-4.7682e-02,-5.3619e-02,-5.8398e-02,-6.1802e-02,-6.3637e-02,-6.3757e-02,-6.2085e-02,-5.8645e-02,-5.3574e-02,-4.7128e-02,-3.9657e-02,-3.1554e-02,-2.3179e-02,-1.4781e-02,-6.4506e-03,1.8779e-03,1.0358e-02,1.9125e-02,2.8178e-02,3.7314e-02,4.6114e-02,5.4003e-02,6.0360e-02,6.4631e-02,6.6443e-02,6.5669e-02,6.2453e-02,5.7177e-02,5.0415e-02,4.2830e-02,3.5098e-02,2.7819e-02,2.1448e-02,1.6272e-02,1.2399e-02,9.7743e-03,8.2245e-03,7.5001e-03,7.3259e-03,7.4455e-03,7.6500e-03,7.7957e-03,7.8080e-03,7.6699e-03,7.4013e-03,7.0365e-03,6.5962e-03,6.0745e-03,5.4276e-03,4.5803e-03,3.4461e-03,1.9538e-03,7.2606e-05,-2.1665e-03,-4.6662e-03,-7.2712e-03,-9.7825e-03,-1.1988e-02,-1.3689e-02,-1.4722e-02,-1.4991e-02,-1.4482e-02,-1.3270e-02,-1.1525e-02,-9.4848e-03,-7.4163e-03,-5.5623e-03,-4.0784e-03,-2.9886e-03,-2.1664e-03,-1.3449e-03,-1.5938e-04,1.8006e-03
-4.0943e-03,1.2030e-02,2.6226e-02,3.8488e-02,4.8867e-02,5.7422e-02,6.4210e-02,6.9279e-02,7.2665e-02,7.4409e-02,7.4558e-02,7.3179e-02,7.0354e-02,6.6188e-02,6.0798e-02,5.4313e-02,4.6871e-02,3.8610e-02,2.9672e-02,2.0198e-02,1.0332e-02,2.2026e-04,-9.9837e-03,-2.0118e-02,-3.0007e-02,-3.9462e-02,-4.8275e-02,-5.6229e-02,-6.3090e-02,-6.8623e-02,-7.2597e-02,-7.4805e-02,-7.5080e-02,-7.3324e-02,-6.9529e-02,-6.3801e-02,-5.6369e-02,-4.7569e-02,-3.7811e-02,-2.7518e-02,-1.7047e-02,-6.6327e-03,3.6383e-03,1.3797e-02,2.3917e-02,3.4019e-02,4.3988e-02,5.3535e-02,6.2210e-02,6.9469e-02,7.4765e-02,7.7645e-02,7.7834e-02,7.5285e-02,7.0195e-02,6.2983e-02,5.4229e-02,4.4606e-02,3.4798e-02,2.5418e-02,1.6951e-02,9.7263e-03,3.9013e-03,-5.2001e-04,-3.6533e-03,-5.6989e-03,-6.8925e-03,-7.4682e-03,-7.6245e-03,-7.5078e-03,-7.2100e-03,-6.7710e-03,-6.1972e-03,-5.4879e-03,-4.6516e-03,-3.7267e-03,-2.7793e-03,-1.8966e-03,-1.1630e-03,-6.3894e-04,-3.3610e-04,-2.1408e-04,-1.8331e-04,-1.2233e-04,9.6835e-05,5.8410e-04,1.4058e-03,2.5722e-03,4.0260e-03,5.6411e-03,7.2327e-03,8.5746e-03,9.4373e-03,9.6338e-03,9.0755e-03,7.8142e-03,6.0633e-03,4.1862e-03,2.6528e-03,1.9854e-03
-5.2376e-03,1.2875e-02,2.8995e-02,4.3072e-02,5.5123e-02,6.5182e-02,7.3282e-02,7.9440e-02,8.3665e-02,8.5972e-02,8.6387e-02,8.4965e-02,8.1793e-02,7.6986e-02,7.0689e-02,6.3067e-02,5.4300e-02,4.4575e-02,3.4085e-02,2.3016e-02,1.1557e-02,-1.0888e-04,-1.1798e-02,-2.3323e-02,-3.4490e-02,-4.5096e-02,-5.4930e-02,-6.3763e-02,-7.1361e-02,-7.7483e-02,-8.1894e-02,-8.4380e-02,-8.4763e-02,-8.2926e-02,-7.8836e-02,-7.2571e-02,-6.4327e-02,-5.4421e-02,-4.3263e-02,-3.1311e-02,-1.9004e-02,-6.7019e-03,5.3600e-03,1.7072e-02,2.8411e-02,3.9375e-02,4.9902e-02,5.9819e-02,6.8825e-02,7.6508e-02,8.2399e-02,8.6047e-02,8.7092e-02,8.5337e-02,8.0790e-02,7.3679e-02,6.4436e-02,5.3650e-02,4.2005e-02,3.0198e-02,1.8872e-02,8.5548e-03,-3.8094e-04,-7.7250e-03,-1.3430e-02,-1.7576e-02,-2.0341e-02,-2.1946e-02,-2.2621e-02,-2.2569e-02,-2.1942e-02,-2.0842e-02,-1.9321e-02,-1.7405e-02,-1.5117e-02,-1.2497e-02,-9.6175e-03,-6.5794e-03,-3.4950e-03,-4.6962e-04,2.4291e-03,5.1767e-03,7.7930e-03,1.0327e-02,1.2831e-02,1.5336e-02,1.7832e-02,2.0254e-02,2.2479e-02,2.4337e-02,2.5624e-02,2.6126e-02,2.5654e-02,2.4088e-02,2.1419e-02,1.7792e-02,1.3517e-02,9.0577e-03,4.9892e-03,1.9283e-03
-6.4429e-03,1.3255e-02,3.0927e-02,4.6482e-02,5.9909e-02,7.1224e-02,8.0436e-02,8.7537e-02,9.2511e-02,9.5342e-02,9.6036e-02,9.4632e-02,9.1212e-02,8.5896e-02,7.8851e-02,7.0270e-02,6.0373e-02,4.9390e-02,3.7558e-02,2.5114e-02,1.2284e-02,-7.0690e-04,-1.3647e-02,-2.6324e-02,-3.8531e-02,-5.0054e-02,-6.0674e-02,-7.0166e-02,-7.8295e-02,-8.4826e-02,-8.9526e-02,-9.2179e-02,-9.2604e-02,-9.0672e-02,-8.6335e-02,-7.9642e-02,-7.0762e-02,-5.9982e-02,-4.7702e-02,-3.4393e-02,-2.0551e-02,-6.6345e-03,6.9908e-03,2.0075e-02,3.2481e-02,4.4148e-02,5.5029e-02,6.5043e-02,7.4027e-02,8.1722e-02,8.7785e-02,9.1830e-02,9.3488e-02,9.2467e-02,8.8626e-02,8.2010e-02,7.2866e-02,6.1642e-02,4.8936e-02,3.5447e-02,2.1895e-02,8.9583e-03,-2.7927e-03,-1.2942e-02,-2.1248e-02,-2.7639e-02,-3.2188e-02,-3.5065e-02,-3.6496e-02,-3.6709e-02,-3.5907e-02,-3.4236e-02,-3.1799e-02,-2.8655e-02,-2.4854e-02,-2.0459e-02,-1.5563e-02,-1.0301e-02,-4.8309e-03,6.8345e-04,6.1058e-03,1.1341e-02,1.6341e-02,2.1089e-02,2.5579e-02,2.9785e-02,3.3640e-02,3.7027e-02,3.9776e-02,4.1683e-02,4.2531e-02,4.2119e-02,4.0300e-02,3.7018e-02,3.2348e-02,2.6526e-02,1.9957e-02,1.3201e-02,6.9173e-03,1.7998e-03
-7.6003e-03,1.3231e-02,3.2030e-02,4.8678e-02,6.3139e-02,7.5412e-02,8.5491e-02,9.3349e-02,9.8940e-02,1.0223e-01,1.0319e-01,1.0185e-01,9.8280e-02,9.2603e-02,8.4994e-02,7.5671e-02,6.4881e-02,5.2893e-02,3.9984e-02,2.6431e-02,1.2502e-02,-1.5468e-03,-1.5471e-02,-2.9037e-02,-4.2023e-02,-5.4209e-02,-6.5373e-02,-7.5293e-02,-8.3744e-02,-9.0498e-02,-9.5331e-02,-9.8035e-02,-9.8430e-02,-9.6385e-02,-9.1840e-02,-8.4823e-02,-7.5476e-02,-6.4060e-02,-5.0950e-02,-3.6619e-02,-2.1594e-02,-6.4023e-03,8.4838e-03,2.2692e-02,3.5970e-02,4.8181e-02,5.9269e-02,6.9207e-02,7.7942e-02,8.5361e-02,9.1262e-02,9.5357e-02,9.7321e-02,9.6835e-02,9.3666e-02,8.7715e-02,7.9067e-02,6.8000e-02,5.4976e-02,4.0603e-02,2.5598e-02,1.0709e-02,-3.3565e-03,-1.5991e-02,-2.6760e-02,-3.5406e-02,-4.1862e-02,-4.6206e-02,-4.8616e-02,-4.9315e-02,-4.8524e-02,-4.6427e-02,-4.3165e-02,-3.8840e-02,-3.3540e-02,-2.7366e-02,-2.0456e-02,-1.2995e-02,-5.2067e-03,2.6736e-03,1.0433e-02,1.7904e-02,2.4975e-02,3.1578e-02,3.7665e-02,4.3178e-02,4.8020e-02,5.2045e-02,5.5061e-02,5.6844e-02,5.7171e-02,5.5857e-02,5.2791e-02,4.7973e-02,4.1552e-02,3.3845e-02,2.5342e-02,1.6676e-02,8.5746e-03,1.7860e-03
-8.5864e-03,1.2889e-02,3.2361e-02,4.9679e-02,6.4794e-02,7.7694e-02,8.8361e-02,9.6750e-02,1.0280e-01,1.0644e-01,1.0764e-01,1.0640e-01,1.0277e-01,9.6885e-02,8.8912e-02,7.9085e-02,6.7675e-02,5.4977e-02,4.1300e-02,2.6952e-02,1.2237e-02,-2.5590e-03,-1.7166e-02,-3.1331e-02,-4.4819e-02,-5.7402e-02,-6.8861e-02,-7.8981e-02,-8.7546e-02,-9.4341e-02,-9.9159e-02,-1.0180e-01,-1.0210e-01,-9.9924e-02,-9.5209e-02,-8.7970e-02,-7.8325e-02,-6.6508e-02,-5.2871e-02,-3.7874e-02,-2.2055e-02,-5.9829e-03,9.7946e-03,2.4808e-02,3.8710e-02,5.1289e-02,6.2459e-02,7.2220e-02,8.0601e-02,8.7600e-02,9.3134e-02,9.7027e-02,9.9016e-02,9.8807e-02,9.6128e-02,9.0807e-02,8.2808e-02,7.2270e-02,5.9502e-02,4.4985e-02,2.9339e-02,1.3288e-02,-2.3990e-03,-1.6994e-02,-2.9880e-02,-4.0620e-02,-4.8970e-02,-5.4880e-02,-5.8442e-02,-5.9836e-02,-5.9270e-02,-5.6944e-02,-5.3028e-02,-4.7661e-02,-4.0976e-02,-3.3125e-02,-2.4308e-02,-1.4779e-02,-4.8385e-03,5.1936e-03,1.5023e-02,2.4409e-02,3.3185e-02,4.1244e-02,4.8519e-02,5.4940e-02,6.0407e-02,6.4770e-02,6.7832e-02,6.9368e-02,6.9158e-02,6.7029e-02,6.2899e-02,5.6813e-02,4.8979e-02,3.9775e-02,2.9755e-02,1.9608e-02,1.0108e-02,2.0386e-03
-9.2754e-03,1.2336e-02,3.2000e-02,4.9546e-02,6.4915e-02,7.8089e-02,8.9043e-02,9.7720e-02,1.0404e-01,1.0792e-01,1.0930e-01,1.0817e-01,1.0457e-01,9.8619e-02,9.0489e-02,8.0417e-02,6.8683e-02,5.5601e-02,4.1500e-02,2.6712e-02,1.1562e-02,-3.6378e-03,-1.8597e-02,-3.3048e-02,-4.6743e-02,-5.9453e-02,-7.0960e-02,-8.1056e-02,-8.9538e-02,-9.6209e-02,-1.0088e-01,-1.0336e-01,-1.0351e-01,-1.0119e-01,-9.6352e-02,-8.8994e-02,-7.9219e-02,-6.7240e-02,-5.3382e-02,-3.8086e-02,-2.1887e-02,-5.3704e-03,1.0875e-02,2.6317e-02,4.0541e-02,5.3275e-02,6.4405e-02,7.3937e-02,8.1945e-02,8.8498e-02,9.3603e-02,9.7165e-02,9.8989e-02,9.8820e-02,9.6397e-02,9.1522e-02,8.4111e-02,7.4218e-02,6.2045e-02,4.7935e-02,3.2378e-02,1.5992e-02,-5.0444e-04,-1.6341e-02,-3.0793e-02,-4.3257e-02,-5.3315e-02,-6.0759e-02,-6.5556e-02,-6.7810e-02,-6.7688e-02,-6.5377e-02,-6.1054e-02,-5.4886e-02,-4.7046e-02,-3.7741e-02,-2.7237e-02,-1.5869e-02,-4.0269e-03,7.8790e-03,1.9468e-02,3.0428e-02,4.0542e-02,4.9678e-02,5.7765e-02,6.4742e-02,7.0527e-02,7.4986e-02,7.7936e-02,7.9162e-02,7.8451e-02,7.5644e-02,7.0678e-02,6.3630e-02,5.4745e-02,4.4448e-02,3.3332e-02,2.2124e-02,1.1626e-02,2.6414e-03
-9.5600e-03,1.1677e-02,3.1045e-02,4.8370e-02,6.3587e-02,7.6678e-02,8.7609e-02,9.6318e-02,1.0271e-01,1.0669e-01,1.0819e-01,1.0717e-01,1.0367e-01,9.7789e-02,8.9705e-02,7.9650e-02,6.7905e-02,5.4787e-02,4.0633e-02,2.5786e-02,1.0585e-02,-4.6473e-03,-1.9607e-02,-3.4015e-02,-4.7618e-02,-6.0182e-02,-7.1495e-02,-8.1357e-02,-8.9579e-02,-9.5978e-02,-1.0038e-01,-1.0263e-01,-1.0259e-01,-1.0014e-01,-9.5229e-02,-8.7862e-02,-7.8130e-02,-6.6227e-02,-5.2456e-02,-3.7237e-02,-2.1085e-02,-4.5822e-03,1.1673e-02,2.7125e-02,4.1325e-02,5.3970e-02,6.4922e-02,7.4185e-02,8.1849e-02,8.8014e-02,9.2732e-02,9.5956e-02,9.7537e-02,9.7255e-02,9.4877e-02,9.0223e-02,8.3209e-02,7.3874e-02,6.2380e-02,4.8987e-02,3.4058e-02,1.8066e-02,1.6016e-03,-1.4641e-02,-2.9921e-02,-4.3536e-02,-5.4921e-02,-6.3699e-02,-6.9695e-02,-7.2902e-02,-7.3413e-02,-7.1378e-02,-6.6958e-02,-6.0323e-02,-5.1671e-02,-4.1251e-02,-2.9391e-02,-1.6507e-02,-3.0797e-03,1.0384e-02,2.3412e-02,3.5620e-02,4.6746e-02,5.6638e-02,6.5231e-02,7.2489e-02,7.8361e-02,8.2746e-02,8.5487e-02,8.6386e-02,8.5246e-02,8.1916e-02,7.6347e-02,6.8635e-02,5.9046e-02,4.8031e-02,3.6205e-02,2.4316e-02,1.3178e-02,3.6020e-03
-9.3636e-03,1.0995e-02,2.9594e-02,4.6259e-02,6.0929e-02,7.3585e-02,8.4190e-02,9.2675e-02,9.8941e-02,1.0288e-01,1.0441e-01,1.0349e-01,1.0014e-01,9.4470e-02,8.6633e-02,7.6857e-02,6.5416e-02,5.2618e-02,3.8796e-02,2.4288e-02,9.4329e-03,-5.4452e-03,-2.0040e-02,-3.4070e-02,-4.7279e-02,-5.9433e-02,-7.0324e-02,-7.9760e-02,-8.7563e-02,-9.3569e-02,-9.7622e-02,-9.9583e-02,-9.9330e-02,-9.6771e-02,-9.1857e-02,-8.4600e-02,-7.5088e-02,-6.3501e-02,-5.0127e-02,-3.5357e-02,-1.9684e-02,-3.6604e-03,1.2134e-02,2.7156e-02,4.0962e-02,5.3246e-02,6.3864e-02,7.2810e-02,8.0166e-02,8.6035e-02,9.0468e-02,9.3430e-02,9.4788e-02,9.4344e-02,9.1890e-02,8.7273e-02,8.0448e-02,7.1491e-02,6.0582e-02,4.7977e-02,3.3972e-02,1.8908e-02,3.2077e-03,-1.2596e-02,-2.7862e-02,-4.1892e-02,-5.4035e-02,-6.3775e-02,-7.0786e-02,-7.4928e-02,-7.6201e-02,-7.4686e-02,-7.0503e-02,-6.3800e-02,-5.4768e-02,-4.3675e-02,-3.0890e-02,-1.6894e-02,-2.2536e-03,1.2428e-02,2.6585e-02,3.9756e-02,5.1627e-02,6.2030e-02,7.0906e-02,7.8253e-02,8.4059e-02,8.8265e-02,9.0748e-02,9.1336e-02,8.9849e-02,8.6146e-02,8.0186e-02,7.2072e-02,6.2079e-02,5.0668e-02,3.8465e-02,2.6219e-02,1.4748e-02,4.8588e-03
-8.6613e-03,1.0348e-02,2.7729e-02,4.3323e-02,5.7073e-02,6.8963e-02,7.8955e-02,8.6972e-02,9.2913e-02,9.6666e-02,9.8142e-02,9.7302e-02,9.4165e-02,8.8820e-02,8.1421e-02,7.2179e-02,6.1351e-02,4.9228e-02,3.6121e-02,2.2352e-02,8.2408e-03,-5.8982e-03,-1.9767e-02,-3.3089e-02,-4.5610e-02,-5.7102e-02,-6.7359e-02,-7.6195e-02,-8.3445e-02,-8.8957e-02,-9.2594e-02,-9.4233e-02,-9.3775e-02,-9.1145e-02,-8.6310e-02,-7.9293e-02,-7.0184e-02,-5.9159e-02,-4.6487e-02,-3.2537e-02,-1.7761e-02,-2.6719e-03,1.2200e-02,2.6359e-02,3.9400e-02,5.1041e-02,6.1148e-02,6.9705e-02,7.6774e-02,8.2426e-02,8.6686e-02,8.9498e-02,9.0717e-02,9.0147e-02,8.7596e-02,8.2941e-02,7.6176e-02,6.7436e-02,5.6966e-02,4.5071e-02,3.2058e-02,1.8207e-02,3.7910e-03,-1.0857e-02,-2.5283e-02,-3.8913e-02,-5.1109e-02,-6.1278e-02,-6.8966e-02,-7.3897e-02,-7.5955e-02,-7.5140e-02,-7.1507e-02,-6.5152e-02,-5.6229e-02,-4.4983e-02,-3.1787e-02,-1.7155e-02,-1.7239e-03,1.3816e-02,2.8803e-02,4.2693e-02,5.5105e-02,6.5848e-02,7.4868e-02,8.2188e-02,8.7842e-02,9.1816e-02,9.4027e-02,9.4336e-02,9.2579e-02,8.8631e-02,8.2455e-02,7.4152e-02,6.4001e-02,5.2459e-02,4.0149e-02,2.7815e-02,1.6265e-02,6.3007e-03
-7.4825e-03,9.7531e-03,2.5516e-02,3.9667e-02,5.2162e-02,6.2985e-02,7.2097e-02,7.9420e-02,8.4852e-02,8.8284e-02,8.9629e-02,8.8850e-02,8.5966e-02,8.1062e-02,7.4280e-02,6.5815e-02,5.5897e-02,4.4786e-02,3.2762e-02,2.0112e-02,7.1275e-03,-5.9020e-03,-1.8699e-02,-3.1000e-02,-4.2560e-02,-5.3155e-02,-6.2585e-02,-7.0670e-02,-7.7252e-02,-8.2190e-02,-8.5364e-02,-8.6670e-02,-8.6025e-02,-8.3381e-02,-7.8723e-02,-7.2087e-02,-6.3573e-02,-5.3354e-02,-4.1687e-02,-2.8910e-02,-1.5429e-02,-1.6980e-03,1.1825e-02,2.4719e-02,3.6642e-02,4.7363e-02,5.6769e-02,6.4835e-02,7.1593e-02,7.7068e-02,8.1236e-02,8.3998e-02,8.5182e-02,8.4579e-02,8.2003e-02,7.7350e-02,7.0647e-02,6.2080e-02,5.1962e-02,4.0680e-02,2.8604e-02,1.6028e-02,3.1556e-03,-9.8523e-03,-2.2770e-02,-3.5230e-02,-4.6727e-02,-5.6685e-02,-6.4574e-02,-7.0006e-02,-7.2750e-02,-7.2711e-02,-6.9863e-02,-6.4238e-02,-5.5913e-02,-4.5070e-02,-3.2036e-02,-1.7315e-02,-1.5702e-03,1.4438e-02,2.9958e-02,4.4346e-02,5.7149e-02,6.8126e-02,7.7214e-02,8.4456e-02,8.9925e-02,9.3652e-02,9.5600e-02,9.5665e-02,9.3708e-02,8.9617e-02,8.3358e-02,7.5034e-02,6.4914e-02,5.3449e-02,4.1248e-02,2.9043e-02,1.7627e-02,7.7844e-03
-5.9111e-03,9.1884e-03,2.2992e-02,3.5385e-02,4.6336e-02,5.5830e-02,6.3827e-02,7.0254e-02,7.5012e-02,7.8000e-02,7.9142e-02,7.8408e-02,7.5822e-02,7.1466e-02,6.5470e-02,5.8003e-02,4.9267e-02,3.9478e-02,2.8872e-02,1.7690e-02,6.1814e-03,-5.4023e-03,-1.6813e-02,-2.7807e-02,-3.8156e-02,-4.7643e-02,-5.6073e-02,-6.3272e-02,-6.9088e-02,-7.3391e-02,-7.6072e-02,-7.7046e-02,-7.6253e-02,-7.3667e-02,-6.9294e-02,-6.3190e-02,-5.5468e-02,-4.6300e-02,-3.5927e-02,-2.4651e-02,-1.2826e-02,-8.2611e-04,1.0978e-02,2.2256e-02,3.2752e-02,4.2296e-02,5.0802e-02,5.8245e-02,6.4617e-02,6.9891e-02,7.3988e-02,7.6757e-02,7.7992e-02,7.7470e-02,7.5002e-02,7.0493e-02,6.3990e-02,5.5704e-02,4.5996e-02,3.5317e-02,2.4122e-02,1.2772e-02,1.4787e-03,-9.6819e-03,-2.0672e-02,-3.1373e-02,-4.1490e-02,-5.0573e-02,-5.8106e-02,-6.3634e-02,-6.6831e-02,-6.7507e-02,-6.5564e-02,-6.0950e-02,-5.3659e-02,-4.3764e-02,-3.1496e-02,-1.7284e-02,-1.7655e-03,1.4271e-02,2.9995e-02,4.4667e-02,5.7734e-02,6.8881e-02,7.8012e-02,8.5173e-02,9.0464e-02,9.3959e-02,9.5669e-02,9.5527e-02,9.3426e-02,8.9269e-02,8.3030e-02,7.4810e-02,6.4867e-02,5.3639e-02,4.1718e-02,2.9818e-02,1.8710e-02,9.1583e-03
-4.0821e-03,8.5971e-03,2.0173e-02,3.0558e-02,3.9732e-02,4.7680e-02,5.4366e-02,5.9721e-02,6.3658e-02,6.6096e-02,6.6976e-02,6.6281e-02,6.4041e-02,6.0333e-02,5.5275e-02,4.9006e-02,4.1687e-02,3.3490e-02,2.4591e-02,1.5177e-02,5.4451e-03,-4.4017e-03,-1.4152e-02,-2.3592e-02,-3.2509e-02,-4.0701e-02,-4.7979e-02,-5.4174e-02,-5.9141e-02,-6.2757e-02,-6.4928e-02,-6.5587e-02,-6.4696e-02,-6.2250e-02,-5.8286e-02,-5.2876e-02,-4.6144e-02,-3.8262e-02,-2.9448e-02,-1.9963e-02,-1.0094e-02,-1.3147e-04,9.6558e-03,1.9040e-02,2.7854e-02,3.5993e-02,4.3405e-02,5.0058e-02,5.5915e-02,6.0898e-02,6.4872e-02,6.7642e-02,6.8977e-02,6.8639e-02,6.6438e-02,6.2283e-02,5.6224e-02,4.8470e-02,3.9390e-02,2.9460e-02,1.9192e-02,9.0256e-03,-7.6120e-04,-1.0086e-02,-1.9012e-02,-2.7621e-02,-3.5866e-02,-4.3502e-02,-5.0123e-02,-5.5277e-02,-5.8585e-02,-5.9785e-02,-5.8714e-02,-5.5254e-02,-4.9313e-02,-4.0842e-02,-2.9927e-02,-1.6856e-02,-2.1669e-03,1.3383e-02,2.8929e-02,4.3632e-02,5.6826e-02,6.8095e-02,7.7274e-02,8.4381e-02,8.9532e-02,9.2835e-02,9.4344e-02,9.4037e-02,9.1841e-02,8.7680e-02,8.1539e-02,7.3516e-02,6.3862e-02,5.2998e-02,4.1495e-02,3.0043e-02,1.9389e-02,1.0274e-02
-2.1646e-03,7.8935e-03,1.7054e-02,2.5255e-02,3.2480e-02,3.8718e-02,4.3934e-02,4.8072e-02,5.1070e-02,5.2872e-02,5.3445e-02,5.2790e-02,5.0945e-02,4.7981e-02,4.3992e-02,3.9089e-02,3.3385e-02,2.6994e-02,2.0033e-02,1.2627e-02,4.9107e-03,-2.9648e-03,-1.0831e-02,-1.8509e-02,-2.5809e-02,-3.2545e-02,-3.8537e-02,-4.3624e-02,-4.7668e-02,-5.0556e-02,-5.2210e-02,-5.2580e-02,-5.1652e-02,-4.9447e-02,-4.6023e-02,-4.1469e-02,-3.5920e-02,-2.9538e-02,-2.2512e-02,-1.5053e-02,-7.3717e-03,3.3306e-04,7.8942e-03,1.5185e-02,2.2125e-02,2.8670e-02,3.4798e-02,4.0474e-02,4.5637e-02,5.0171e-02,5.3901e-02,5.6606e-02,5.8037e-02,5.7956e-02,5.6181e-02,5.2619e-02,4.7308e-02,4.0434e-02,3.2328e-02,2.3446e-02,1.4302e-02,5.3833e-03,-2.9539e-03,-1.0558e-02,-1.7494e-02,-2.3947e-02,-3.0079e-02,-3.5881e-02,-4.1130e-02,-4.5459e-02,-4.8488e-02,-4.9918e-02,-4.9546e-02,-4.7218e-02,-4.2778e-02,-3.6071e-02,-2.7016e-02,-1.5707e-02,-2.5018e-03,1.1963e-02,2.6844e-02,4.1246e-02,5.4383e-02,6.5704e-02,7.4937e-02,8.2039e-02,8.7111e-02,9.0281e-02,9.1644e-02,9.1222e-02,8.8980e-02,8.4871e-02,7.8893e-02,7.1146e-02,6.1873e-02,5.1477e-02,4.0506e-02,2.9624e-02,1.9551e-02,1.1001e-02
-3.4291e-04,6.9809e-03,1.3620e-02,1.9532e-02,2.4704e-02,2.9121e-02,3.2752e-02,3.5565e-02,3.7530e-02,3.8631e-02,3.8870e-02,3.8268e-02,3.6869e-02,3.4732e-02,3.1925e-02,2.8515e-02,2.4567e-02,2.0137e-02,1.5278e-02,1.0048e-02,4.5212e-03,-1.2085e-03,-7.0211e-03,-1.2774e-02,-1.8306e-02,-2.3450e-02,-2.8041e-02,-3.1931e-02,-3.4989e-02,-3.7120e-02,-3.8259e-02,-3.8378e-02,-3.7487e-02,-3.5627e-02,-3.2877e-02,-2.9340e-02,-2.5148e-02,-2.0444e-02,-1.5382e-02,-1.0110e-02,-4.7618e-03,5.5622e-04,5.7727e-03,1.0852e-02,1.5788e-02,2.0588e-02,2.5252e-02,2.9749e-02,3.4005e-02,3.7882e-02,4.1192e-02,4.3707e-02,4.5185e-02,4.5403e-02,4.4189e-02,4.1452e-02,3.7207e-02,3.1594e-02,2.4878e-02,1.7443e-02,9.7546e-03,2.2901e-03,-4.5473e-03,-1.0522e-02,-1.5625e-02,-2.0050e-02,-2.4071e-02,-2.7882e-02,-3.1472e-02,-3.4624e-02,-3.7017e-02,-3.8351e-02,-3.8410e-02,-3.7037e-02,-3.4061e-02,-2.9266e-02,-2.2428e-02,-1.3424e-02,-2.3607e-03,1.0337e-02,2.3952e-02,3.7594e-02,5.0383e-02,6.1620e-02,7.0884e-02,7.8027e-02,8.3093e-02,8.6210e-02,8.7500e-02,8.7029e-02,8.4802e-02,8.0807e-02,7.5057e-02,6.7660e-02,5.8852e-02,4.9017e-02,3.8681e-02,2.8479e-02,1.9102e-02,1.1235e-02
1.2008e-03,5.7603e-03,9.8495e-03,1.3442e-02,1.6519e-02,1.9058e-02,2.1038e-02,2.2457e-02,2.3328e-02,2.3687e-02,2.3580e-02,2.3053e-02,2.2150e-02,2.0909e-02,1.9362e-02,1.7531e-02,1.5425e-02,1.3043e-02,1.0375e-02,7.4171e-03,4.1818e-03,7.0735e-04,-2.9348e-03,-6.6437e-03,-1.0292e-02,-1.3735e-02,-1.6832e-02,-1.9447e-02,-2.1473e-02,-2.2827e-02,-2.3465e-02,-2.3383e-02,-2.2608e-02,-2.1203e-02,-1.9257e-02,-1.6878e-02,-1.4182e-02,-1.1284e-02,-8.2902e-03,-5.2861e-03,-2.3244e-03,5.7060e-04,3.4117e-03,6.2365e-03,9.0951e-03,1.2033e-02,1.5070e-02,1.8184e-02,2.1302e-02,2.4290e-02,2.6972e-02,2.9142e-02,3.0584e-02,3.1104e-02,3.0551e-02,2.8833e-02,2.5938e-02,2.1945e-02,1.7033e-02,1.1478e-02,5.6483e-03,-4.3295e-05,-5.1976e-03,-9.5240e-03,-1.2921e-02,-1.5510e-02,-1.7579e-02,-1.9443e-02,-2.1282e-02,-2.3060e-02,-2.4561e-02,-2.5519e-02,-2.5723e-02,-2.5035e-02,-2.3320e-02,-2.0370e-02,-1.5886e-02,-9.5577e-03,-1.2231e-03,8.9984e-03,2.0628e-02,3.2894e-02,4.4890e-02,5.5784e-02,6.4979e-02,7.2170e-02,7.7299e-02,8.0455e-02,8.1766e-02,8.1333e-02,7.9203e-02,7.5397e-02,6.9955e-02,6.2990e-02,5.4734e-02,4.5555e-02,3.5956e-02,2.6543e-02,1.7974e-02,1.0905e-02
2.3137e-03,4.1526e-03,5.7330e-03,7.0380e-03,8.0366e-03,8.6979e-03,9.0098e-03,9.0043e-03,8.7533e-03,8.3562e-03,7.9096e-03,7.4857e-03,7.1220e-03,6.8270e-03,6.5855e-03,6.3673e-03,6.1261e-03,5.8071e-03,5.3457e-03,4.6829e-03,3.7743e-03,2.6056e-03,1.1967e-03,-3.9220e-04,-2.0735e-03,-3.7370e-03,-5.2656e-03,-6.5536e-03,-7.5126e-03,-8.0862e-03,-8.2532e-03,-8.0262e-03,-7.4531e-03,-6.6077e-03,-5.5779e-03,-4.4605e-03,-3.3484e-03,-2.3177e-03,-1.4189e-03,-6.7180e-04,-6.1847e-05,4.5928e-04,9.6805e-04,1.5533e-03,2.3051e-03,3.2956e-03,4.5638e-03,6.1045e-03,7.8618e-03,9.7321e-03,1.1578e-02,1.3236e-02,1.4541e-02,1.5339e-02,1.5504e-02,1.4943e-02,1.3614e-02,1.1529e-02,8.7659e-03,5.4806e-03,1.9123e-03,-1.6345e-03,-4.8238e-03,-7.3589e-03,-9.0670e-03,-9.9703e-03,-1.0291e-02,-1.0375e-02,-1.0528e-02,-1.0887e-02,-1.1374e-02,-1.1779e-02,-1.1902e-02,-1.1626e-02,-1.0875e-02,-9.5152e-03,-7.2713e-03,-3.7422e-03,1.4705e-03,8.5796e-03,1.7454e-02,2.7576e-02,3.8140e-02,4.8247e-02,5.7133e-02,6.4297e-02,6.9521e-02,7.2803e-02,7.4244e-02,7.3959e-02,7.2031e-02,6.8517e-02,6.3481e-02,5.7049e-02,4.9449e-02,4.1035e-02,3.2285e-02,2.3775e-02,1.6131e-02,9.9757e-03
2.8828e-03,2.1059e-03,1.2763e-03,3.7793e-04,-6.3267e-04,-1.8003e-03,-3.1258e-03,-4.5396e-03,-5.9015e-03,-7.0418e-03,-7.8044e-03,-8.0937e-03,-7.8839e-03,-7.2085e-03,-6.1394e-03,-4.7635e-03,-3.1791e-03,-1.4878e-03,2.0321e-04,1.7895e-03,3.1787e-03,4.3073e-03,5.1483e-03,5.7109e-03,6.0425e-03,6.2101e-03,6.2937e-03,6.3662e-03,6.4845e-03,6.6769e-03,6.9419e-03,7.2487e-03,7.5395e-03,7.7425e-03,7.7791e-03,7.5777e-03,7.0818e-03,6.2632e-03,5.1251e-03,3.7063e-03,2.0782e-03,3.4041e-04,-1.3878e-03,-2.9844e-03,-4.3348e-03,-5.3464e-03,-5.9605e-03,-6.1524e-03,-5.9436e-03,-5.3850e-03,-4.5566e-03,-3.5573e-03,-2.4901e-03,-1.4618e-03,-5.6884e-04,9.5777e-05,4.5700e-04,4.6085e-04,8.4706e-05,-6.4056e-04,-1.6184e-03,-2.6781e-03,-3.5898e-03,-4.1041e-03,-4.0251e-03,-3.2898e-03,-2.0231e-03,-5.1858e-04,8.6538e-04,1.8626e-03,2.4067e-03,2.6195e-03,2.6915e-03,2.7483e-03,2.8220e-03,2.9434e-03,3.2732e-03,4.1761e-03,6.1696e-03,9.7484e-03,1.5176e-02,2.2318e-02,3.0628e-02,3.9285e-02,4.7418e-02,5.4325e-02,5.9584e-02,6.3040e-02,6.4714e-02,6.4704e-02,6.3109e-02,6.0015e-02,5.5514e-02,4.9743e-02,4.2927e-02,3.5407e-02,2.7636e-02,2.0160e-02,1.3570e-02,8.4536e-03
2.8469e-03,-3.8897e-04,-3.4866e-03,-6.4600e-03,-9.3692e-03,-1.2272e-02,-1.5159e-02,-1.7919e-02,-2.0345e-02,-2.2187e-02,-2.3229e-02,-2.3351e-02,-2.2547e-02,-2.0905e-02,-1.8561e-02,-1.5662e-02,-1.2350e-02,-8.7638e-03,-5.0393e-03,-1.3116e-03,2.2892e-03,5.6573e-03,8.7148e-03,1.1423e-02,1.3775e-02,1.5791e-02,1.7502e-02,1.8940e-02,2.0123e-02,2.1050e-02,2.1697e-02,2.2023e-02,2.1969e-02,2.1478e-02,2.0494e-02,1.8982e-02,1.6929e-02,1.4354e-02,1.1312e-02,7.8839e-03,4.1848e-03,3.4638e-04,-3.4919e-03,-7.1876e-03,-1.0610e-02,-1.3649e-02,-1.6216e-02,-1.8250e-02,-1.9717e-02,-2.0606e-02,-2.0922e-02,-2.0689e-02,-1.9947e-02,-1.8746e-02,-1.7159e-02,-1.5275e-02,-1.3201e-02,-1.1051e-02,-8.9386e-03,-6.9539e-03,-5.1359e-03,-3.4617e-03,-1.8276e-03,-7.6078e-05,1.9611e-03,4.3895e-03,7.1769e-03,1.0117e-02,1.2879e-02,1.5123e-02,1.6652e-02,1.7483e-02,1.7773e-02,1.7684e-02,1.7263e-02,1.6469e-02,1.5314e-02,1.4012e-02,1.3034e-02,1.3022e-02,1.4569e-02,1.7989e-02,2.3150e-02,2.9488e-02,3.6177e-02,4.2380e-02,4.7455e-02,5.1038e-02,5.3007e-02,5.3388e-02,5.2270e-02,4.9751e-02,4.5941e-02,4.0986e-02,3.5113e-02,2.8644e-02,2.2008e-02,1.5718e-02,1.0329e-02,6.3901e-03
2.2089e-03,-3.2919e-03,-8.4826e-03,-1.3374e-02,-1.8038e-02,-2.2545e-02,-2.6876e-02,-3.0882e-02,-3.4287e-02,-3.6764e-02,-3.8035e-02,-3.7961e-02,-3.6563e-02,-3.3989e-02,-3.0446e-02,-2.6140e-02,-2.1251e-02,-1.5939e-02,-1.0352e-02,-4.6428e-03,1.0338e-03,6.5344e-03,1.1734e-02,1.6537e-02,2.0881e-02,2.4725e-02,2.8045e-02,3.0824e-02,3.3038e-02,3.4655e-02,3.5637e-02,3.5935e-02,3.5507e-02,3.4316e-02,3.2343e-02,2.9595e-02,2.6104e-02,2.1932e-02,1.7170e-02,1.1936e-02,6.3604e-03,5.9345e-04,-5.2145e-03,-1.0911e-02,-1.6354e-02,-2.1405e-02,-2.5945e-02,-2.9862e-02,-3.3058e-02,-3.5450e-02,-3.6966e-02,-3.7556e-02,-3.7196e-02,-3.5888e-02,-3.3677e-02,-3.0650e-02,-2.6939e-02,-2.2709e-02,-1.8153e-02,-1.3461e-02,-8.7999e-03,-4.2805e-03,6.0834e-05,4.2679e-03,8.4378e-03,1.2670e-02,1.6990e-02,2.1286e-02,2.5295e-02,2.8675e-02,3.1135e-02,3.2568e-02,3.3069e-02,3.2826e-02,3.1958e-02,3.0444e-02,2.8188e-02,2.5207e-02,2.1790e-02,1.8528e-02,1.6187e-02,1.5458e-02,1.6698e-02,1.9781e-02,2.4132e-02,2.8931e-02,3.3374e-02,3.6870e-02,3.9092e-02,3.9935e-02,3.9424e-02,3.7640e-02,3.4695e-02,3.0740e-02,2.5993e-02,2.0760e-02,1.5443e-02,1.0515e-02,6.4941e-03,3.8871e-03
1.0330e-03,-6.5106e-03,-1.3595e-02,-2.0224e-02,-2.6477e-02,-3.2429e-02,-3.8054e-02,-4.3169e-02,-4.7438e-02,-5.0462e-02,-5.1908e-02,-5.1618e-02,-4.9647e-02,-4.6205e-02,-4.1574e-02,-3.6017e-02,-2.9743e-02,-2.2916e-02,-1.5682e-02,-8.1934e-03,-6.1877e-04,6.8658e-03,1.4090e-02,2.0898e-02,2.7164e-02,3.2780e-02,3.7658e-02,4.1728e-02,4.4921e-02,4.7183e-02,4.8461e-02,4.8715e-02,4.7924e-02,4.6083e-02,4.3214e-02,3.9364e-02,3.4606e-02,2.9036e-02,2.2769e-02,1.5936e-02,8.6821e-03,1.1573e-03,-6.4808e-03,-1.4071e-02,-2.1452e-02,-2.8459e-02,-3.4924e-02,-4.0684e-02,-4.5572e-02,-4.9435e-02,-5.2130e-02,-5.3543e-02,-5.3589e-02,-5.2233e-02,-4.9498e-02,-4.5464e-02,-4.0281e-02,-3.4151e-02,-2.7328e-02,-2.0084e-02,-1.2690e-02,-5.3760e-03,1.6916e-03,8.4319e-03,1.4847e-02,2.0987e-02,2.6892e-02,3.2518e-02,3.7690e-02,4.2109e-02,4.5449e-02,4.7491e-02,4.8224e-02,4.7819e-02,4.6479e-02,4.4282e-02,4.1144e-02,3.6940e-02,3.1723e-02,2.5871e-02,2.0099e-02,1.5289e-02,1.2218e-02,1.1281e-02,1.2352e-02,1.4850e-02,1.7967e-02,2.0935e-02,2.3201e-02,2.4468e-02,2.4636e-02,2.3723e-02,2.1815e-02,1.9051e-02,1.5633e-02,1.1842e-02,8.0448e-03,4.6771e-03,2.2096e-03,1.1054e-03
-5.5569e-04,-9.9043e-03,-1.8667e-02,-2.6835e-02,-3.4491e-02,-4.1707e-02,-4.8453e-02,-5.4515e-02,-5.9512e-02,-6.2983e-02,-6.4549e-02,-6.4039e-02,-6.1538e-02,-5.7324e-02,-5.1747e-02,-4.5123e-02,-3.7682e-02,-2.9580e-02,-2.0943e-02,-1.1911e-02,-2.6529e-03,6.6298e-03,1.5721e-02,2.4405e-02,3.2483e-02,3.9778e-02,4.6135e-02,5.1425e-02,5.5543e-02,5.8410e-02,5.9972e-02,6.0202e-02,5.9105e-02,5.6714e-02,5.3089e-02,4.8311e-02,4.2484e-02,3.5726e-02,2.8161e-02,1.9928e-02,1.1172e-02,2.0478e-03,-7.2825e-03,-1.6645e-02,-2.5847e-02,-3.4691e-02,-4.2962e-02,-5.0436e-02,-5.6893e-02,-6.2112e-02,-6.5892e-02,-6.8070e-02,-6.8516e-02,-6.7166e-02,-6.4021e-02,-5.9156e-02,-5.2730e-02,-4.4970e-02,-3.6170e-02,-2.6661e-02,-1.6791e-02,-6.8896e-03,2.7663e-03,1.1978e-02,2.0641e-02,2.8728e-02,3.6253e-02,4.3206e-02,4.9485e-02,5.4864e-02,5.9031e-02,6.1697e-02,6.2730e-02,6.2220e-02,6.0402e-02,5.7484e-02,5.3503e-02,4.8334e-02,4.1852e-02,3.4166e-02,2.5754e-02,1.7450e-02,1.0242e-02,4.9700e-03,2.0473e-03,1.3424e-03,2.2706e-03,4.0430e-03,5.9294e-03,7.4155e-03,8.2194e-03,8.2433e-03,7.5074e-03,6.1082e-03,4.2165e-03,2.0770e-03,1.4313e-05,-1.5857e-03,-2.3044e-03,-1.7299e-03
-2.3868e-03,-1.3287e-02,-2.3496e-02,-3.2994e-02,-4.1851e-02,-5.0138e-02,-5.7813e-02,-6.4647e-02,-7.0222e-02,-7.4038e-02,-7.5680e-02,-7.4968e-02,-7.2011e-02,-6.7144e-02,-6.0787e-02,-5.3298e-02,-4.4923e-02,-3.5800e-02,-2.6022e-02,-1.5702e-02,-5.0021e-03,5.8585e-03,1.6622e-02,2.7012e-02,3.6759e-02,4.5608e-02,5.3342e-02,5.9775e-02,6.4766e-02,6.8218e-02,7.0080e-02,7.0343e-02,6.9040e-02,6.6234e-02,6.2015e-02,5.6494e-02,4.9790e-02,4.2029e-02,3.3347e-02,2.3879e-02,1.3775e-02,3.1951e-03,-7.6847e-03,-1.8664e-02,-2.9523e-02,-4.0022e-02,-4.9898e-02,-5.8881e-02,-6.6699e-02,-7.3084e-02,-7.7799e-02,-8.0638e-02,-8.1449e-02,-8.0143e-02,-7.6707e-02,-7.1214e-02,-6.3818e-02,-5.4759e-02,-4.4350e-02,-3.2963e-02,-2.0995e-02,-8.8486e-03,3.1113e-03,1.4585e-02,2.5365e-02,3.5335e-02,4.4455e-02,5.2709e-02,6.0043e-02,6.6304e-02,7.1233e-02,7.4521e-02,7.5939e-02,7.5453e-02,7.3248e-02,6.9611e-02,6.4746e-02,5.8661e-02,5.1210e-02,4.2301e-02,3.2117e-02,2.1246e-02,1.0624e-02,1.3149e-03,-5.8060e-03,-1.0330e-02,-1.2407e-02,-1.2622e-02,-1.1735e-02,-1.0433e-02,-9.1960e-03,-8.2870e-03,-7.8009e-03,-7.7149e-03,-7.9171e-03,-8.2151e-03,-8.3425e-03,-7.9738e-03,-6.7516e-03,-4.3251e-03
-4.2612e-03,-1.6450e-02,-2.7862e-02,-3.8463e-02,-4.8309e-02,-5.7459e-02,-6.5864e-02,-7.3285e-02,-7.9293e-02,-8.3362e-02,-8.5055e-02,-8.4182e-02,-8.0870e-02,-7.5500e-02,-6.8540e-02,-6.0396e-02,-5.1320e-02,-4.1429e-02,-3.0777e-02,-1.9439e-02,-7.5602e-03,4.6322e-03,1.6842e-02,2.8737e-02,3.9974e-02,5.0233e-02,5.9227e-02,6.6722e-02,7.2546e-02,7.6585e-02,7.8791e-02,7.9171e-02,7.7779e-02,7.4699e-02,7.0045e-02,6.3942e-02,5.6516e-02,4.7903e-02,3.8240e-02,2.7672e-02,1.6354e-02,4.4647e-03,-7.7972e-03,-2.0203e-02,-3.2496e-02,-4.4398e-02,-5.5609e-02,-6.5823e-02,-7.4731e-02,-8.2042e-02,-8.7492e-02,-9.0859e-02,-9.1975e-02,-9.0740e-02,-8.7132e-02,-8.1213e-02,-7.3136e-02,-6.3137e-02,-5.1538e-02,-3.8721e-02,-2.5117e-02,-1.1171e-02,2.6886e-03,1.6085e-02,2.8719e-02,4.0389e-02,5.0985e-02,6.0459e-02,6.8771e-02,7.5826e-02,8.1430e-02,8.5304e-02,8.7166e-02,8.6861e-02,8.4455e-02,8.0220e-02,7.4483e-02,6.7443e-02,5.9089e-02,4.9293e-02,3.8018e-02,2.5536e-02,1.2540e-02,4.5590e-05,-1.0841e-02,-1.9255e-02,-2.4820e-02,-2.7715e-02,-2.8524e-02,-2.7963e-02,-2.6670e-02,-2.5082e-02,-2.3445e-02,-2.1848e-02,-2.0266e-02,-1.8585e-02,-1.6614e-02,-1.4103e-02,-1.0771e-02,-6.3385e-03
-5.9780e-03,-1.9181e-02,-3.1539e-02,-4.3003e-02,-5.3612e-02,-6.3408e-02,-7.2338e-02,-8.0164e-02,-8.6463e-02,-9.0710e-02,-9.2454e-02,-9.1495e-02,-8.7960e-02,-8.2252e-02,-7.4881e-02,-6.6285e-02,-5.6731e-02,-4.6316e-02,-3.5051e-02,-2.2966e-02,-1.0180e-02,3.0759e-03,1.6480e-02,2.9648e-02,4.2179e-02,5.3682e-02,6.3815e-02,7.2295e-02,7.8918e-02,8.3558e-02,8.6164e-02,8.6746e-02,8.5372e-02,8.2140e-02,7.7171e-02,7.0599e-02,6.2560e-02,5.3197e-02,4.2658e-02,3.1102e-02,1.8707e-02,5.6745e-03,-7.7624e-03,-2.1346e-02,-3.4791e-02,-4.7784e-02,-6.0001e-02,-7.1115e-02,-8.0803e-02,-8.8766e-02,-9.4730e-02,-9.8472e-02,-9.9819e-02,-9.8668e-02,-9.4993e-02,-8.8845e-02,-8.0369e-02,-6.9793e-02,-5.7430e-02,-4.3662e-02,-2.8926e-02,-1.3689e-02,1.5841e-03,1.6460e-02,3.0575e-02,4.3650e-02,5.5504e-02,6.6040e-02,7.5208e-02,8.2944e-02,8.9117e-02,9.3501e-02,9.5811e-02,9.5811e-02,9.3431e-02,8.8839e-02,8.2381e-02,7.4413e-02,6.5133e-02,5.4538e-02,4.2539e-02,2.9178e-02,1.4833e-02,2.7388e-04,-1.3431e-02,-2.5184e-02,-3.4173e-02,-4.0087e-02,-4.3145e-02,-4.3912e-02,-4.3056e-02,-4.1145e-02,-3.8574e-02,-3.5566e-02,-3.2212e-02,-2.8497e-02,-2.4328e-02,-1.9553e-02,-1.3982e-02,-7.4216e-03
-7.3567e-03,-2.1295e-02,-3.4328e-02,-4.6398e-02,-5.7526e-02,-6.7742e-02,-7.6989e-02,-8.5045e-02,-9.1509e-02,-9.5878e-02,-9.7701e-02,-9.6759e-02,-9.3158e-02,-8.7297e-02,-7.9705e-02,-7.0853e-02,-6.1026e-02,-5.0306e-02,-3.8670e-02,-2.6103e-02,-1.2690e-02,1.3504e-03,1.5677e-02,2.9871e-02,4.3474e-02,5.6045e-02,6.7184e-02,7.6566e-02,8.3955e-02,8.9201e-02,9.2243e-02,9.3088e-02,9.1801e-02,8.8486e-02,8.3268e-02,7.6290e-02,6.7701e-02,5.7658e-02,4.6333e-02,3.3912e-02,2.0603e-02,6.6395e-03,-7.7167e-03,-2.2177e-02,-3.6432e-02,-5.0154e-02,-6.3010e-02,-7.4669e-02,-8.4809e-02,-9.3136e-02,-9.9388e-02,-1.0334e-01,-1.0484e-01,-1.0378e-01,-1.0012e-01,-9.3925e-02,-8.5312e-02,-7.4500e-02,-6.1784e-02,-4.7535e-02,-3.2178e-02,-1.6182e-02,-2.5496e-05,1.5830e-02,3.0972e-02,4.5066e-02,5.7870e-02,6.9234e-02,7.9080e-02,8.7353e-02,9.3965e-02,9.8752e-02,1.0146e-01,1.0183e-01,9.9674e-02,9.5018e-02,8.8127e-02,7.9410e-02,6.9248e-02,5.7852e-02,4.5246e-02,3.1406e-02,1.6470e-02,9.0444e-04,-1.4459e-02,-2.8552e-02,-4.0337e-02,-4.9098e-02,-5.4616e-02,-5.7143e-02,-5.7217e-02,-5.5429e-02,-5.2274e-02,-4.8099e-02,-4.3112e-02,-3.7419e-02,-3.1044e-02,-2.3953e-02,-1.6070e-02,-7.3006e-03
-8.2562e-03,-2.2649e-02,-3.6080e-02,-4.8485e-02,-5.9876e-02,-7.0275e-02,-7.9629e-02,-8.7743e-02,-9.4260e-02,-9.8715e-02,-1.0067e-01,-9.9871e-02,-9.6379e-02,-9.0558e-02,-8.2933e-02,-7.4004e-02,-6.4080e-02,-5.3249e-02,-4.1463e-02,-2.8662e-02,-1.4896e-02,-3.5951e-04,1.4606e-02,2.9556e-02,4.3997e-02,5.7437e-02,6.9431e-02,7.9610e-02,8.7699e-02,9.3520e-02,9.6990e-02,9.8102e-02,9.6913e-02,9.3525e-02,8.8074e-02,8.0713e-02,7.1614e-02,6.0964e-02,4.8966e-02,3.5840e-02,2.1831e-02,7.2027e-03,-7.7569e-03,-2.2740e-02,-3.7428e-02,-5.1493e-02,-6.4606e-02,-7.6449e-02,-8.6718e-02,-9.5134e-02,-1.0146e-01,-1.0547e-01,-1.0704e-01,-1.0606e-01,-1.0249e-01,-9.6393e-02,-8.7874e-02,-7.7129e-02,-6.4436e-02,-5.0140e-02,-3.4648e-02,-1.8411e-02,-1.9043e-03,1.4405e-02,3.0082e-02,4.4755e-02,5.8136e-02,7.0028e-02,8.0321e-02,8.8949e-02,9.5854e-02,1.0092e-01,1.0395e-01,1.0469e-01,1.0288e-01,9.8428e-02,9.1455e-02,8.2316e-02,7.1476e-02,5.9346e-02,4.6156e-02,3.1983e-02,1.6883e-02,1.0799e-03,-1.4890e-02,-3.0178e-02,-4.3768e-02,-5.4730e-02,-6.2482e-02,-6.6901e-02,-6.8258e-02,-6.7035e-02,-6.3731e-02,-5.8759e-02,-5.2424e-02,-4.4944e-02,-3.6470e-02,-2.7100e-02,-1.6894e-02,-5.8784e-03
-8.5844e-03,-2.3166e-02,-3.6718e-02,-4.9182e-02,-6.0572e-02,-7.0908e-02,-8.0156e-02,-8.8159e-02,-9.4624e-02,-9.9143e-02,-1.0129e-01,-1.0078e-01,-9.7578e-02,-9.1987e-02,-8.4506e-02,-7.5654e-02,-6.5780e-02,-5.4998e-02,-4.3253e-02,-3.0453e-02,-1.6601e-02,-1.8591e-03,1.3446e-02,2.8863e-02,4.3876e-02,5.7955e-02,7.0610e-02,8.1431e-02,9.0099e-02,9.6399e-02,1.0022e-01,1.0154e-01,1.0040e-01,9.6903e-02,9.1205e-02,8.3482e-02,7.3935e-02,6.2788e-02,5.0282e-02,3.6676e-02,2.2245e-02,7.2778e-03,-7.9215e-03,-2.3042e-02,-3.7768e-02,-5.1786e-02,-6.4787e-02,-7.6474e-02,-8.6572e-02,-9.4828e-02,-1.0102e-01,-1.0496e-01,-1.0652e-01,-1.0560e-01,-1.0219e-01,-9.6309e-02,-8.8071e-02,-7.7655e-02,-6.5308e-02,-5.1349e-02,-3.6158e-02,-2.0157e-02,-3.8005e-03,1.2454e-02,2.8170e-02,4.2961e-02,5.6511e-02,6.8592e-02,7.9060e-02,8.7837e-02,9.4869e-02,1.0008e-01,1.0333e-01,1.0439e-01,1.0300e-01,9.8953e-02,9.2229e-02,8.3060e-02,7.1891e-02,5.9243e-02,4.5557e-02,3.1106e-02,1.6018e-02,4.2171e-04,-1.5394e-02,-3.0866e-02,-4.5182e-02,-5.7426e-02,-6.6820e-02,-7.2920e-02,-7.5684e-02,-7.5369e-02,-7.2364e-02,-6.7063e-02,-5.9804e-02,-5.0878e-02,-4.0547e-02,-2.9045e-02,-1.6580e-02,-3.3257e-03
-8.2936e-03,-2.2828e-02,-3.6249e-02,-4.8508e-02,-5.9629e-02,-6.9653e-02,-7.8575e-02,-8.6300e-02,-9.2611e-02,-9.7171e-02,-9.9574e-02,-9.9477e-02,-9.6745e-02,-9.1563e-02,-8.4379e-02,-7.5728e-02,-6.6019e-02,-5.5415e-02,-4.3877e-02,-3.1290e-02,-1.7615e-02,-2.9686e-03,1.2355e-02,2.7916e-02,4.3188e-02,5.7616e-02,7.0675e-02,8.1906e-02,9.0950e-02,9.7556e-02,1.0158e-01,1.0298e-01,1.0181e-01,9.8168e-02,9.2231e-02,8.4206e-02,7.4333e-02,6.2872e-02,5.0103e-02,3.6314e-02,2.1802e-02,6.8695e-03,-8.1800e-03,-2.3043e-02,-3.7422e-02,-5.1025e-02,-6.3576e-02,-7.4807e-02,-8.4472e-02,-9.2350e-02,-9.8244e-02,-1.0199e-01,-1.0348e-01,-1.0262e-01,-9.9387e-02,-9.3826e-02,-8.6025e-02,-7.6145e-02,-6.4411e-02,-5.1110e-02,-3.6591e-02,-2.1240e-02,-5.4805e-03,1.0255e-02,2.5548e-02,4.0012e-02,5.3326e-02,6.5241e-02,7.5594e-02,8.4291e-02,9.1281e-02,9.6512e-02,9.9880e-02,1.0121e-01,1.0023e-01,9.6710e-02,9.0498e-02,8.1677e-02,7.0591e-02,5.7776e-02,4.3813e-02,2.9181e-02,1.4184e-02,-1.0033e-03,-1.6214e-02,-3.1138e-02,-4.5244e-02,-5.7805e-02,-6.8048e-02,-7.5355e-02,-7.9405e-02,-8.0183e-02,-7.7880e-02,-7.2766e-02,-6.5123e-02,-5.5247e-02,-4.3457e-02,-3.0105e-02,-1.5545e-02,-1.1490e-04
-7.3769e-03,-2.1677e-02,-3.4756e-02,-4.6574e-02,-5.7179e-02,-6.6646e-02,-7.5025e-02,-8.2297e-02,-8.8343e-02,-9.2909e-02,-9.5611e-02,-9.6037e-02,-9.3915e-02,-8.9286e-02,-8.2521e-02,-7.4164e-02,-6.4698e-02,-5.4368e-02,-4.3179e-02,-3.1011e-02,-1.7781e-02,-3.5508e-03,1.1431e-02,2.6759e-02,4.1909e-02,5.6317e-02,6.9430e-02,8.0753e-02,8.9891e-02,9.6562e-02,1.0060e-01,1.0196e-01,1.0067e-01,9.6884e-02,9.0777e-02,8.2596e-02,7.2608e-02,6.1108e-02,4.8399e-02,3.4787e-02,2.0579e-02,6.0748e-03,-8.4328e-03,-2.2662e-02,-3.6340e-02,-4.9207e-02,-6.1018e-02,-7.1541e-02,-8.0562e-02,-8.7889e-02,-9.3354e-02,-9.6817e-02,-9.8172e-02,-9.7354e-02,-9.4344e-02,-8.9173e-02,-8.1926e-02,-7.2746e-02,-6.1834e-02,-4.9450e-02,-3.5901e-02,-2.1540e-02,-6.7519e-03,8.0693e-03,2.2531e-02,3.6269e-02,4.8969e-02,6.0382e-02,7.0336e-02,7.8726e-02,8.5501e-02,9.0621e-02,9.4015e-02,9.5539e-02,9.4968e-02,9.2031e-02,8.6506e-02,7.8340e-02,6.7735e-02,5.5161e-02,4.1248e-02,2.6634e-02,1.1825e-02,-2.8628e-03,-1.7255e-02,-3.1191e-02,-4.4405e-02,-5.6448e-02,-6.6722e-02,-7.4612e-02,-7.9633e-02,-8.1524e-02,-8.0228e-02,-7.5810e-02,-6.8404e-02,-5.8212e-02,-4.5533e-02,-3.0771e-02,-1.4411e-02,3.0485e-03
-5.8581e-03,-1.9794e-02,-3.2381e-02,-4.3579e-02,-5.3460e-02,-6.2148e-02,-6.9768e-02,-7.6407e-02,-8.2061e-02,-8.6570e-02,-8.9576e-02,-9.0586e-02,-8.9167e-02,-8.5187e-02,-7.8913e-02,-7.0902e-02,-6.1724e-02,-5.1740e-02,-4.1028e-02,-2.9483e-02,-1.6986e-02,-3.5354e-03,1.0689e-02,2.5328e-02,3.9891e-02,5.3818e-02,6.6548e-02,7.7569e-02,8.6465e-02,9.2933e-02,9.6799e-02,9.8008e-02,9.6614e-02,9.2758e-02,8.6652e-02,7.8557e-02,6.8761e-02,5.7574e-02,4.5309e-02,3.2272e-02,1.8765e-02,5.0741e-03,-8.5303e-03,-2.1791e-02,-3.4468e-02,-4.6333e-02,-5.7175e-02,-6.6795e-02,-7.5013e-02,-8.1663e-02,-8.6602e-02,-8.9712e-02,-9.0904e-02,-9.0124e-02,-8.7355e-02,-8.2629e-02,-7.6023e-02,-6.7665e-02,-5.7733e-02,-4.6455e-02,-3.4108e-02,-2.1001e-02,-7.4764e-03,6.1114e-03,1.9409e-02,3.2086e-02,4.3849e-02,5.4463e-02,6.3759e-02,7.1632e-02,7.8031e-02,8.2925e-02,8.6262e-02,8.7931e-02,8.7732e-02,8.5399e-02,8.0663e-02,7.3364e-02,6.3568e-02,5.1626e-02,3.8138e-02,2.3825e-02,9.3602e-03,-4.7569e-03,-1.8247e-02,-3.0989e-02,-4.2900e-02,-5.3811e-02,-6.3401e-02,-7.1214e-02,-7.6763e-02,-7.9628e-02,-7.9515e-02,-7.6241e-02,-6.9709e-02,-5.9931e-02,-4.7082e-02,-3.1532e-02,-1.3830e-02,5.3817e-03
-3.7969e-03,-1.7295e-02,-2.9309e-02,-3.9777e-02,-4.8784e-02,-5.6510e-02,-6.3176e-02,-6.8998e-02,-7.4109e-02,-7.8461e-02,-8.1720e-02,-8.3308e-02,-8.2615e-02,-7.9312e-02,-7.3550e-02,-6.5888e-02,-5.7011e-02,-4.7425e-02,-3.7317e-02,-2.6621e-02,-1.5184e-02,-2.9306e-03,1.0044e-02,2.3458e-02,3.6881e-02,4.9791e-02,6.1646e-02,7.1940e-02,8.0254e-02,8.6286e-02,8.9854e-02,9.0905e-02,8.9492e-02,8.5761e-02,7.9925e-02,7.2248e-02,6.3020e-02,5.2545e-02,4.1129e-02,2.9064e-02,1.6635e-02,4.1031e-03,-8.2863e-03,-2.0305e-02,-3.1742e-02,-4.2407e-02,-5.2114e-02,-6.0698e-02,-6.8006e-02,-7.3899e-02,-7.8254e-02,-8.0975e-02,-8.1987e-02,-8.1246e-02,-7.8740e-02,-7.4502e-02,-6.8600e-02,-6.1148e-02,-5.2305e-02,-4.2271e-02,-3.1285e-02,-1.9621e-02,-7.5751e-03,4.5441e-03,1.6427e-02,2.7784e-02,3.8355e-02,4.7930e-02,5.6355e-02,6.3534e-02,6.9421e-02,7.3990e-02,7.7202e-02,7.8967e-02,7.9113e-02,7.7380e-02,7.3479e-02,6.7177e-02,5.8421e-02,4.7433e-02,3.4727e-02,2.1029e-02,7.1219e-03,-6.3309e-03,-1.8896e-02,-3.0392e-02,-4.0821e-02,-5.0234e-02,-5.8604e-02,-6.5743e-02,-7.1309e-02,-7.4864e-02,-7.5951e-02,-7.4139e-02,-6.9058e-02,-6.0446e-02,-4.8249e-02,-3.2691e-02,-1.4289e-02,6.2258e-03
-1.2889e-03,-1.4322e-02,-2.5742e-02,-3.5441e-02,-4.3499e-02,-5.0139e-02,-5.5690e-02,-6.0514e-02,-6.4911e-02,-6.8956e-02,-7.2352e-02,-7.4434e-02,-7.4404e-02,-7.1726e-02,-6.6426e-02,-5.9071e-02,-5.0480e-02,-4.1338e-02,-3.1974e-02,-2.2382e-02,-1.2380e-02,-1.8085e-03,9.3550e-03,2.0942e-02,3.2620e-02,4.3947e-02,5.4433e-02,6.3605e-02,7.1064e-02,7.6509e-02,7.9757e-02,8.0743e-02,7.9508e-02,7.6180e-02,7.0955e-02,6.4076e-02,5.5815e-02,4.6453e-02,3.6270e-02,2.5537e-02,1.4510e-02,3.4224e-03,-7.5055e-03,-1.8077e-02,-2.8110e-02,-3.7440e-02,-4.5909e-02,-5.3380e-02,-5.9722e-02,-6.4819e-02,-6.8570e-02,-7.0892e-02,-7.1725e-02,-7.1036e-02,-6.8817e-02,-6.5099e-02,-5.9945e-02,-5.3457e-02,-4.5773e-02,-3.7068e-02,-2.7549e-02,-1.7449e-02,-7.0198e-03,3.4745e-03,1.3773e-02,2.3632e-02,3.2831e-02,4.1194e-02,4.8592e-02,5.4945e-02,6.0215e-02,6.4382e-02,6.7418e-02,6.9245e-02,6.9706e-02,6.8559e-02,6.5502e-02,6.0259e-02,5.2685e-02,4.2879e-02,3.1247e-02,1.8462e-02,5.3431e-03,-7.3246e-03,-1.8952e-02,-2.9244e-02,-3.8189e-02,-4.5966e-02,-5.2796e-02,-5.8795e-02,-6.3875e-02,-6.7726e-02,-6.9850e-02,-6.9634e-02,-6.6430e-02,-5.9659e-02,-4.8949e-02,-3.4264e-02,-1.5970e-02,5.2128e-03
1.5310e-03,-1.1036e-02,-2.1886e-02,-3.0841e-02,-3.7943e-02,-4.3441e-02,-4.7762e-02,-5.1430e-02,-5.4928e-02,-5.8471e-02,-6.1813e-02,-6.4211e-02,-6.4685e-02,-6.2493e-02,-5.7532e-02,-5.0397e-02,-4.2056e-02,-3.3403e-02,-2.4946e-02,-1.6752e-02,-8.6119e-03,-2.5319e-04,8.4969e-03,1.7634e-02,2.6974e-02,3.6192e-02,4.4884e-02,5.2635e-02,5.9070e-02,6.3890e-02,6.6899e-02,6.8004e-02,6.7209e-02,6.4605e-02,6.0350e-02,5.4644e-02,4.7721e-02,3.9825e-02,3.1204e-02,2.2094e-02,1.2721e-02,3.2919e-03,-6.0034e-03,-1.4994e-02,-2.3521e-02,-3.1444e-02,-3.8631e-02,-4.4961e-02,-5.0327e-02,-5.4629e-02,-5.7785e-02,-5.9724e-02,-6.0401e-02,-5.9787e-02,-5.7881e-02,-5.4712e-02,-5.0339e-02,-4.4850e-02,-3.8365e-02,-3.1036e-02,-2.3036e-02,-1.4562e-02,-5.8235e-03,2.9627e-03,1.1585e-02,1.9844e-02,2.7568e-02,3.4616e-02,4.0891e-02,4.6334e-02,5.0919e-02,5.4637e-02,5.7462e-02,5.9324e-02,6.0079e-02,5.9493e-02,5.7266e-02,5.3092e-02,4.6763e-02,3.8279e-02,2.7929e-02,1.6298e-02,4.1833e-03,-7.5682e-03,-1.8245e-02,-2.7415e-02,-3.4989e-02,-4.1179e-02,-4.6370e-02,-5.0946e-02,-5.5122e-02,-5.8827e-02,-6.1666e-02,-6.2954e-02,-6.1830e-02,-5.7395e-02,-4.8910e-02,-3.5981e-02,-1.8702e-02,2.3414e-03
4.4959e-03,-7.6140e-03,-1.7941e-02,-2.6214e-02,-3.2411e-02,-3.6774e-02,-3.9807e-02,-4.2194e-02,-4.4602e-02,-4.7408e-02,-5.0436e-02,-5.2879e-02,-5.3595e-02,-5.1654e-02,-4.6844e-02,-3.9795e-02,-3.1654e-02,-2.3550e-02,-1.6185e-02,-9.7153e-03,-3.8869e-03,1.7179e-03,7.4728e-03,1.3590e-02,2.0078e-02,2.6768e-02,3.3367e-02,3.9522e-02,4.4879e-02,4.9133e-02,5.2052e-02,5.3497e-02,5.3416e-02,5.1843e-02,4.8873e-02,4.4655e-02,3.9371e-02,3.3218e-02,2.6402e-02,1.9125e-02,1.1579e-02,3.9430e-03,-3.6192e-03,-1.0959e-02,-1.7941e-02,-2.4440e-02,-3.0344e-02,-3.5551e-02,-3.9967e-02,-4.3509e-02,-4.6106e-02,-4.7702e-02,-4.8258e-02,-4.7755e-02,-4.6194e-02,-4.3603e-02,-4.0033e-02,-3.5562e-02,-3.0293e-02,-2.4352e-02,-1.7886e-02,-1.1052e-02,-4.0208e-03,3.0364e-03,9.9548e-03,1.6584e-02,2.2796e-02,2.8491e-02,3.3605e-02,3.8105e-02,4.1978e-02,4.5225e-02,4.7822e-02,4.9704e-02,5.0731e-02,5.0678e-02,4.9246e-02,4.6117e-02,4.1039e-02,3.3934e-02,2.4986e-02,1.4679e-02,3.7416e-03,-6.9732e-03,-1.6679e-02,-2.4823e-02,-3.1203e-02,-3.5985e-02,-3.9622e-02,-4.2692e-02,-4.5692e-02,-4.8848e-02,-5.1980e-02,-5.4482e-02,-5.5380e-02,-5.3522e-02,-4.7796e-02,-3.7398e-02,-2.2041e-02,-2.0433e-03
7.4230e-03,-4.2323e-03,-1.4083e-02,-2.1749e-02,-2.7121e-02,-3.0407e-02,-3.2154e-02,-3.3173e-02,-3.4313e-02,-3.6120e-02,-3.8503e-02,-4.0629e-02,-4.1226e-02,-3.9212e-02,-3.4295e-02,-2.7169e-02,-1.9173e-02,-1.1690e-02,-5.6245e-03,-1.2102e-03,1.8734e-03,4.2336e-03,6.4985e-03,9.1438e-03,1.2410e-02,1.6306e-02,2.0654e-02,2.5156e-02,2.9470e-02,3.3264e-02,3.6256e-02,3.8242e-02,3.9100e-02,3.8790e-02,3.7339e-02,3.4831e-02,3.1386e-02,2.7156e-02,2.2298e-02,1.6976e-02,1.1349e-02,5.5693e-03,-2.2457e-04,-5.9022e-03,-1.1346e-02,-1.6449e-02,-2.1111e-02,-2.5243e-02,-2.8765e-02,-3.1605e-02,-3.3703e-02,-3.5012e-02,-3.5500e-02,-3.5153e-02,-3.3974e-02,-3.1987e-02,-2.9238e-02,-2.5794e-02,-2.1739e-02,-1.7177e-02,-1.2224e-02,-7.0072e-03,-1.6560e-03,3.7021e-03,8.9463e-03,1.3971e-02,1.8695e-02,2.3057e-02,2.7025e-02,3.0591e-02,3.3761e-02,3.6540e-02,3.8909e-02,4.0804e-02,4.2084e-02,4.2529e-02,4.1844e-02,3.9707e-02,3.5840e-02,3.0107e-02,2.2604e-02,1.3710e-02,4.0666e-03,-5.5181e-03,-1.4235e-02,-2.1441e-02,-2.6820e-02,-3.0443e-02,-3.2748e-02,-3.4410e-02,-3.6139e-02,-3.8451e-02,-4.1457e-02,-4.4741e-02,-4.7374e-02,-4.8047e-02,-4.5343e-02,-3.8038e-02,-2.5396e-02,-7.3546e-03
1.0134e-02,-1.0540e-03,-1.0457e-02,-1.7582e-02,-2.2216e-02,-2.4506e-02,-2.5007e-02,-2.4615e-02,-2.4330e-02,-2.4857e-02,-2.6209e-02,-2.7570e-02,-2.7594e-02,-2.5103e-02,-1.9771e-02,-1.2381e-02,-4.4804e-03,2.2976e-03,6.8564e-03,8.9067e-03,8.8765e-03,7.6102e-03,6.0370e-03,4.9282e-03,4.7745e-03,5.7629e-03,7.8199e-03,1.0693e-02,1.4033e-02,1.7467e-02,2.0653e-02,2.3311e-02,2.5242e-02,2.6326e-02,2.6517e-02,2.5829e-02,2.4324e-02,2.2095e-02,1.9256e-02,1.5929e-02,1.2242e-02,8.3184e-03,4.2767e-03,2.2655e-04,-3.7286e-03,-7.4949e-03,-1.0983e-02,-1.4116e-02,-1.6821e-02,-1.9037e-02,-2.0710e-02,-2.1801e-02,-2.2283e-02,-2.2144e-02,-2.1387e-02,-2.0033e-02,-1.8119e-02,-1.5701e-02,-1.2845e-02,-9.6326e-03,-6.1526e-03,-2.4986e-03,1.2351e-03,4.9614e-03,8.6032e-03,1.2097e-02,1.5401e-02,1.8493e-02,2.1373e-02,2.4053e-02,2.6556e-02,2.8892e-02,3.1045e-02,3.2948e-02,3.4461e-02,3.5364e-02,3.5369e-02,3.4152e-02,3.1423e-02,2.7004e-02,2.0923e-02,1.3462e-02,5.1645e-03,-3.2375e-03,-1.0953e-02,-1.7298e-02,-2.1857e-02,-2.4591e-02,-2.5857e-02,-2.6340e-02,-2.6873e-02,-2.8205e-02,-3.0743e-02,-3.4350e-02,-3.8263e-02,-4.1172e-02,-4.1456e-02,-3.7527e-02,-2.8189e-02,-1.2910e-02
1.2480e-02,1.7898e-03,-7.1696e-03,-1.3791e-02,-1.7756e-02,-1.9133e-02,-1.8446e-02,-1.6631e-02,-1.4783e-02,-1.3740e-02,-1.3633e-02,-1.3709e-02,-1.2627e-02,-9.1891e-03,-3.0970e-03,4.7496e-03,1.2594e-02,1.8575e-02,2.1434e-02,2.0870e-02,1.7465e-02,1.2341e-02,6.7544e-03,1.7875e-03,-1.8256e-03,-3.7373e-03,-3.9310e-03,-2.6333e-03,-2.1224e-04,2.9127e-03,6.3349e-03,9.7000e-03,1.2730e-02,1.5229e-02,1.7074e-02,1.8213e-02,1.8644e-02,1.8405e-02,1.7563e-02,1.6203e-02,1.4415e-02,1.2298e-02,9.9464e-03,7.4542e-03,4.9094e-03,2.3958e-03,-8.7023e-06,-2.2326e-03,-4.2128e-03,-5.8929e-03,-7.2261e-03,-8.1772e-03,-8.7201e-03,-8.8444e-03,-8.5518e-03,-7.8570e-03,-6.7895e-03,-5.3891e-03,-3.7070e-03,-1.8023e-03,2.6383e-04,2.4280e-03,4.6313e-03,6.8227e-03,8.9637e-03,1.1031e-02,1.3018e-02,1.4937e-02,1.6812e-02,1.8679e-02,2.0571e-02,2.2505e-02,2.4462e-02,2.6372e-02,2.8094e-02,2.9409e-02,3.0034e-02,2.9651e-02,2.7961e-02,2.4764e-02,2.0032e-02,1.3964e-02,7.0042e-03,-2.0423e-04,-6.9270e-03,-1.2475e-02,-1.6370e-02,-1.8463e-02,-1.9002e-02,-1.8609e-02,-1.8149e-02,-1.8521e-02,-2.0386e-02,-2.3911e-02,-2.8598e-02,-3.3270e-02,-3.6250e-02,-3.5688e-02,-2.9968e-02,-1.8066e-02
