9.2022e-01,4.3258e-01,-5.2554e-01,-6.8745e-01,-6.6522e-01,-6.4114e-01,-6.1851e-01,-5.7685e-01,-5.1297e-01,-4.4124e-01,-3.7605e-01,-3.2326e-01,-2.8256e-01,-2.5140e-01,-2.2723e-01,-2.0810e-01,-1.9272e-01,-1.8024e-01,-1.7010e-01,-1.6192e-01,-1.5538e-01,-1.5027e-01,-1.4638e-01,-1.4354e-01,-1.4162e-01,-1.4049e-01,-1.4005e-01,-1.4020e-01,-1.4088e-01,-1.4201e-01,-1.4356e-01,-1.4546e-01,-1.4770e-01,-1.5024e-01,-1.5306e-01,-1.5614e-01,-1.5945e-01,-1.6298e-01,-1.6671e-01,-1.7063e-01,-1.7472e-01,-1.7897e-01,-1.8337e-01,-1.8790e-01,-1.9256e-01,-1.9733e-01,-2.0223e-01,-2.0724e-01,-2.1238e-01,-2.1763e-01,-2.2302e-01,-2.2855e-01,-2.3422e-01,-2.4006e-01,-2.4607e-01,-2.5225e-01,-2.5862e-01,-2.6520e-01,-2.7197e-01,-2.7895e-01,-2.8615e-01,-2.9355e-01,-3.0117e-01,-3.0899e-01,-3.1701e-01,-3.2521e-01,-3.3360e-01,-3.4214e-01,-3.5083e-01,-3.5964e-01,-3.6855e-01,-3.7754e-01,-3.8659e-01,-3.9567e-01,-4.0475e-01,-4.1382e-01,-4.2285e-01,-4.3181e-01,-4.4069e-01,-4.4947e-01,-4.5813e-01,-4.6667e-01,-4.7507e-01,-4.8332e-01,-4.9143e-01,-4.9940e-01,-5.0722e-01,-5.1489e-01,-5.2244e-01,-5.2986e-01,-5.3716e-01,-5.4435e-01,-5.5146e-01,-5.5848e-01,-5.6543e-01,-5.7233e-01,-5.7918e-01,-5.8600e-01,-5.9279e-01,-5.9957e-01
7.2509e-01,7.0845e-01,-3.3742e-01,-6.3571e-01,-6.3360e-01,-6.1630e-01,-6.0733e-01,-5.8564e-01,-5.3964e-01,-4.7699e-01,-4.1266e-01,-3.5658e-01,-3.1155e-01,-2.7633e-01,-2.4859e-01,-2.2630e-01,-2.0799e-01,-1.9275e-01,-1.8002e-01,-1.6942e-01,-1.6069e-01,-1.5361e-01,-1.4802e-01,-1.4375e-01,-1.4064e-01,-1.3856e-01,-1.3739e-01,-1.3701e-01,-1.3730e-01,-1.3819e-01,-1.3960e-01,-1.4145e-01,-1.4369e-01,-1.4628e-01,-1.4917e-01,-1.5234e-01,-1.5576e-01,-1.5939e-01,-1.6323e-01,-1.6726e-01,-1.7144e-01,-1.7578e-01,-1.8025e-01,-1.8485e-01,-1.8956e-01,-1.9438e-01,-1.9931e-01,-2.0434e-01,-2.0948e-01,-2.1473e-01,-2.2009e-01,-2.2559e-01,-2.3122e-01,-2.3700e-01,-2.4294e-01,-2.4905e-01,-2.5534e-01,-2.6183e-01,-2.6851e-01,-2.7539e-01,-2.8248e-01,-2.8978e-01,-2.9729e-01,-3.0500e-01,-3.1291e-01,-3.2100e-01,-3.2927e-01,-3.3770e-01,-3.4627e-01,-3.5497e-01,-3.6377e-01,-3.7265e-01,-3.8159e-01,-3.9056e-01,-3.9954e-01,-4.0850e-01,-4.1743e-01,-4.2629e-01,-4.3507e-01,-4.4376e-01,-4.5233e-01,-4.6078e-01,-4.6909e-01,-4.7726e-01,-4.8529e-01,-4.9318e-01,-5.0092e-01,-5.0853e-01,-5.1600e-01,-5.2336e-01,-5.3060e-01,-5.3774e-01,-5.4479e-01,-5.5176e-01,-5.5867e-01,-5.6552e-01,-5.7233e-01,-5.7911e-01,-5.8587e-01,-5.9262e-01
5.6257e-01,7.5898e-01,1.0768e-01,-4.8663e-01,-5.8907e-01,-5.8682e-01,-5.8463e-01,-5.7813e-01,-5.5097e-01,-5.0209e-01,-4.4289e-01,-3.8552e-01,-3.3650e-01,-2.9704e-01,-2.6568e-01,-2.4043e-01,-2.1962e-01,-2.0217e-01,-1.8740e-01,-1.7490e-01,-1.6442e-01,-1.5576e-01,-1.4876e-01,-1.4328e-01,-1.3915e-01,-1.3625e-01,-1.3443e-01,-1.3355e-01,-1.3350e-01,-1.3416e-01,-1.3543e-01,-1.3723e-01,-1.3947e-01,-1.4211e-01,-1.4508e-01,-1.4834e-01,-1.5187e-01,-1.5562e-01,-1.5957e-01,-1.6370e-01,-1.6799e-01,-1.7242e-01,-1.7698e-01,-1.8166e-01,-1.8644e-01,-1.9132e-01,-1.9629e-01,-2.0136e-01,-2.0652e-01,-2.1177e-01,-2.1713e-01,-2.2261e-01,-2.2821e-01,-2.3395e-01,-2.3983e-01,-2.4588e-01,-2.5210e-01,-2.5850e-01,-2.6510e-01,-2.7189e-01,-2.7888e-01,-2.8608e-01,-2.9348e-01,-3.0108e-01,-3.0887e-01,-3.1686e-01,-3.2501e-01,-3.3333e-01,-3.4178e-01,-3.5037e-01,-3.5905e-01,-3.6782e-01,-3.7665e-01,-3.8550e-01,-3.9437e-01,-4.0323e-01,-4.1205e-01,-4.2080e-01,-4.2949e-01,-4.3807e-01,-4.4655e-01,-4.5490e-01,-4.6312e-01,-4.7121e-01,-4.7915e-01,-4.8696e-01,-4.9463e-01,-5.0216e-01,-5.0957e-01,-5.1685e-01,-5.2403e-01,-5.3111e-01,-5.3810e-01,-5.4502e-01,-5.5188e-01,-5.5868e-01,-5.6545e-01,-5.7219e-01,-5.7892e-01,-5.8564e-01
3.8972e-01,6.9502e-01,3.6612e-01,-6.6523e-02,-4.5088e-01,-5.4675e-01,-5.5920e-01,-5.6092e-01,-5.4905e-01,-5.1602e-01,-4.6642e-01,-4.1109e-01,-3.5921e-01,-3.1521e-01,-2.7963e-01,-2.5105e-01,-2.2775e-01,-2.0836e-01,-1.9196e-01,-1.7803e-01,-1.6625e-01,-1.5641e-01,-1.4835e-01,-1.4193e-01,-1.3700e-01,-1.3342e-01,-1.3106e-01,-1.2977e-01,-1.2942e-01,-1.2988e-01,-1.3104e-01,-1.3279e-01,-1.3504e-01,-1.3773e-01,-1.4078e-01,-1.4414e-01,-1.4777e-01,-1.5163e-01,-1.5570e-01,-1.5994e-01,-1.6434e-01,-1.6888e-01,-1.7354e-01,-1.7830e-01,-1.8317e-01,-1.8812e-01,-1.9315e-01,-1.9827e-01,-2.0346e-01,-2.0875e-01,-2.1412e-01,-2.1959e-01,-2.2518e-01,-2.3088e-01,-2.3673e-01,-2.4272e-01,-2.4888e-01,-2.5521e-01,-2.6172e-01,-2.6843e-01,-2.7533e-01,-2.8242e-01,-2.8972e-01,-2.9722e-01,-3.0490e-01,-3.1277e-01,-3.2081e-01,-3.2901e-01,-3.3736e-01,-3.4582e-01,-3.5439e-01,-3.6304e-01,-3.7175e-01,-3.8050e-01,-3.8925e-01,-3.9799e-01,-4.0670e-01,-4.1535e-01,-4.2393e-01,-4.3241e-01,-4.4079e-01,-4.4905e-01,-4.5718e-01,-4.6517e-01,-4.7303e-01,-4.8075e-01,-4.8834e-01,-4.9579e-01,-5.0312e-01,-5.1034e-01,-5.1745e-01,-5.2447e-01,-5.3140e-01,-5.3826e-01,-5.4507e-01,-5.5182e-01,-5.5855e-01,-5.6525e-01,-5.7194e-01,-5.7863e-01
2.2218e-01,5.9198e-01,3.8077e-01,2.5730e-01,-3.5026e-02,-4.0173e-01,-5.1916e-01,-5.4017e-01,-5.3864e-01,-5.1976e-01,-4.8265e-01,-4.3359e-01,-3.8157e-01,-3.3363e-01,-2.9308e-01,-2.6021e-01,-2.3373e-01,-2.1212e-01,-1.9414e-01,-1.7900e-01,-1.6622e-01,-1.5552e-01,-1.4669e-01,-1.3958e-01,-1.3406e-01,-1.2999e-01,-1.2721e-01,-1.2560e-01,-1.2502e-01,-1.2532e-01,-1.2639e-01,-1.2811e-01,-1.3039e-01,-1.3313e-01,-1.3626e-01,-1.3972e-01,-1.4346e-01,-1.4743e-01,-1.5162e-01,-1.5598e-01,-1.6049e-01,-1.6514e-01,-1.6990e-01,-1.7477e-01,-1.7972e-01,-1.8476e-01,-1.8987e-01,-1.9505e-01,-2.0030e-01,-2.0562e-01,-2.1102e-01,-2.1651e-01,-2.2210e-01,-2.2779e-01,-2.3361e-01,-2.3957e-01,-2.4567e-01,-2.5194e-01,-2.5838e-01,-2.6500e-01,-2.7182e-01,-2.7882e-01,-2.8602e-01,-2.9341e-01,-3.0099e-01,-3.0875e-01,-3.1667e-01,-3.2476e-01,-3.3298e-01,-3.4133e-01,-3.4978e-01,-3.5832e-01,-3.6691e-01,-3.7554e-01,-3.8418e-01,-3.9280e-01,-4.0140e-01,-4.0994e-01,-4.1841e-01,-4.2679e-01,-4.3506e-01,-4.4321e-01,-4.5125e-01,-4.5915e-01,-4.6691e-01,-4.7455e-01,-4.8205e-01,-4.8942e-01,-4.9668e-01,-5.0382e-01,-5.1086e-01,-5.1781e-01,-5.2468e-01,-5.3149e-01,-5.3824e-01,-5.4494e-01,-5.5162e-01,-5.5828e-01,-5.6493e-01,-5.7158e-01
7.4507e-02,4.9090e-01,3.6255e-01,2.6146e-01,3.0253e-01,2.9872e-02,-3.5676e-01,-4.9788e-01,-5.2285e-01,-5.1594e-01,-4.9118e-01,-4.5175e-01,-4.0372e-01,-3.5431e-01,-3.0915e-01,-2.7100e-01,-2.4009e-01,-2.1530e-01,-1.9519e-01,-1.7863e-01,-1.6485e-01,-1.5338e-01,-1.4394e-01,-1.3632e-01,-1.3036e-01,-1.2591e-01,-1.2284e-01,-1.2100e-01,-1.2024e-01,-1.2044e-01,-1.2146e-01,-1.2318e-01,-1.2549e-01,-1.2829e-01,-1.3151e-01,-1.3507e-01,-1.3893e-01,-1.4302e-01,-1.4732e-01,-1.5180e-01,-1.5642e-01,-1.6118e-01,-1.6606e-01,-1.7103e-01,-1.7608e-01,-1.8122e-01,-1.8641e-01,-1.9167e-01,-1.9699e-01,-2.0237e-01,-2.0782e-01,-2.1334e-01,-2.1895e-01,-2.2465e-01,-2.3046e-01,-2.3639e-01,-2.4246e-01,-2.4868e-01,-2.5506e-01,-2.6161e-01,-2.6834e-01,-2.7526e-01,-2.8236e-01,-2.8965e-01,-2.9713e-01,-3.0478e-01,-3.1259e-01,-3.2056e-01,-3.2867e-01,-3.3690e-01,-3.4523e-01,-3.5364e-01,-3.6212e-01,-3.7062e-01,-3.7914e-01,-3.8766e-01,-3.9613e-01,-4.0456e-01,-4.1292e-01,-4.2119e-01,-4.2935e-01,-4.3740e-01,-4.4533e-01,-4.5314e-01,-4.6081e-01,-4.6835e-01,-4.7577e-01,-4.8306e-01,-4.9023e-01,-4.9730e-01,-5.0427e-01,-5.1115e-01,-5.1795e-01,-5.2469e-01,-5.3139e-01,-5.3804e-01,-5.4467e-01,-5.5128e-01,-5.5789e-01,-5.6450e-01
-4.8868e-02,4.1160e-01,3.3373e-01,2.6246e-01,2.8398e-01,3.5315e-01,9.6785e-02,-3.1451e-01,-4.7782e-01,-5.0487e-01,-4.9280e-01,-4.6378e-01,-4.2331e-01,-3.7656e-01,-3.2929e-01,-2.8623e-01,-2.4988e-01,-2.2053e-01,-1.9715e-01,-1.7841e-01,-1.6319e-01,-1.5075e-01,-1.4060e-01,-1.3245e-01,-1.2608e-01,-1.2131e-01,-1.1799e-01,-1.1597e-01,-1.1509e-01,-1.1522e-01,-1.1621e-01,-1.1795e-01,-1.2031e-01,-1.2320e-01,-1.2652e-01,-1.3019e-01,-1.3416e-01,-1.3838e-01,-1.4280e-01,-1.4740e-01,-1.5214e-01,-1.5702e-01,-1.6200e-01,-1.6708e-01,-1.7224e-01,-1.7747e-01,-1.8277e-01,-1.8812e-01,-1.9352e-01,-1.9898e-01,-2.0449e-01,-2.1006e-01,-2.1570e-01,-2.2143e-01,-2.2724e-01,-2.3317e-01,-2.3922e-01,-2.4540e-01,-2.5173e-01,-2.5823e-01,-2.6489e-01,-2.7173e-01,-2.7875e-01,-2.8594e-01,-2.9331e-01,-3.0086e-01,-3.0856e-01,-3.1642e-01,-3.2441e-01,-3.3252e-01,-3.4073e-01,-3.4902e-01,-3.5737e-01,-3.6576e-01,-3.7416e-01,-3.8255e-01,-3.9091e-01,-3.9922e-01,-4.0746e-01,-4.1561e-01,-4.2367e-01,-4.3162e-01,-4.3944e-01,-4.4714e-01,-4.5472e-01,-4.6217e-01,-4.6949e-01,-4.7669e-01,-4.8378e-01,-4.9077e-01,-4.9766e-01,-5.0447e-01,-5.1121e-01,-5.1789e-01,-5.2452e-01,-5.3112e-01,-5.3769e-01,-5.4426e-01,-5.5082e-01,-5.5740e-01
-1.4890e-01,3.5536e-01,3.0775e-01,2.7464e-01,2.7347e-01,3.1568e-01,3.9139e-01,1.5843e-01,-2.7439e-01,-4.5729e-01,-4.8569e-01,-4.6927e-01,-4.3742e-01,-3.9691e-01,-3.5175e-01,-3.0648e-01,-2.6524e-01,-2.3043e-01,-2.0242e-01,-1.8028e-01,-1.6275e-01,-1.4875e-01,-1.3754e-01,-1.2862e-01,-1.2168e-01,-1.1649e-01,-1.1286e-01,-1.1062e-01,-1.0960e-01,-1.0966e-01,-1.1064e-01,-1.1241e-01,-1.1485e-01,-1.1783e-01,-1.2126e-01,-1.2506e-01,-1.2916e-01,-1.3351e-01,-1.3805e-01,-1.4277e-01,-1.4764e-01,-1.5262e-01,-1.5772e-01,-1.6291e-01,-1.6818e-01,-1.7352e-01,-1.7892e-01,-1.8437e-01,-1.8987e-01,-1.9541e-01,-2.0100e-01,-2.0664e-01,-2.1234e-01,-2.1810e-01,-2.2395e-01,-2.2988e-01,-2.3593e-01,-2.4209e-01,-2.4840e-01,-2.5484e-01,-2.6145e-01,-2.6822e-01,-2.7516e-01,-2.8226e-01,-2.8954e-01,-2.9698e-01,-3.0458e-01,-3.1232e-01,-3.2020e-01,-3.2819e-01,-3.3628e-01,-3.4445e-01,-3.5268e-01,-3.6094e-01,-3.6922e-01,-3.7748e-01,-3.8572e-01,-3.9391e-01,-4.0203e-01,-4.1007e-01,-4.1801e-01,-4.2585e-01,-4.3357e-01,-4.4117e-01,-4.4864e-01,-4.5599e-01,-4.6322e-01,-4.7033e-01,-4.7734e-01,-4.8424e-01,-4.9105e-01,-4.9779e-01,-5.0445e-01,-5.1107e-01,-5.1763e-01,-5.2417e-01,-5.3069e-01,-5.3721e-01,-5.4373e-01,-5.5026e-01
-2.2807e-01,3.1502e-01,2.9323e-01,2.8412e-01,2.9283e-01,2.9936e-01,3.3879e-01,4.2232e-01,2.1234e-01,-2.3682e-01,-4.3586e-01,-4.6511e-01,-4.4513e-01,-4.1172e-01,-3.7212e-01,-3.2896e-01,-2.8579e-01,-2.4636e-01,-2.1302e-01,-1.8625e-01,-1.6523e-01,-1.4877e-01,-1.3583e-01,-1.2568e-01,-1.1783e-01,-1.1196e-01,-1.0782e-01,-1.0522e-01,-1.0396e-01,-1.0388e-01,-1.0480e-01,-1.0658e-01,-1.0908e-01,-1.1215e-01,-1.1571e-01,-1.1965e-01,-1.2389e-01,-1.2838e-01,-1.3307e-01,-1.3792e-01,-1.4290e-01,-1.4801e-01,-1.5321e-01,-1.5851e-01,-1.6389e-01,-1.6933e-01,-1.7484e-01,-1.8040e-01,-1.8600e-01,-1.9165e-01,-1.9733e-01,-2.0306e-01,-2.0883e-01,-2.1465e-01,-2.2054e-01,-2.2651e-01,-2.3257e-01,-2.3874e-01,-2.4502e-01,-2.5144e-01,-2.5800e-01,-2.6471e-01,-2.7158e-01,-2.7861e-01,-2.8580e-01,-2.9314e-01,-3.0064e-01,-3.0827e-01,-3.1603e-01,-3.2391e-01,-3.3188e-01,-3.3993e-01,-3.4803e-01,-3.5617e-01,-3.6432e-01,-3.7246e-01,-3.8057e-01,-3.8864e-01,-3.9664e-01,-4.0456e-01,-4.1238e-01,-4.2011e-01,-4.2771e-01,-4.3520e-01,-4.4257e-01,-4.4982e-01,-4.5695e-01,-4.6397e-01,-4.7089e-01,-4.7771e-01,-4.8444e-01,-4.9109e-01,-4.9769e-01,-5.0423e-01,-5.1073e-01,-5.1721e-01,-5.2368e-01,-5.3014e-01,-5.3661e-01,-5.4310e-01
-2.8900e-01,2.8352e-01,2.9002e-01,2.9373e-01,3.1375e-01,3.2018e-01,3.2207e-01,3.5908e-01,4.5170e-01,2.5832e-01,-2.0195e-01,-4.1321e-01,-4.4287e-01,-4.2018e-01,-3.8644e-01,-3.4862e-01,-3.0794e-01,-2.6709e-01,-2.2956e-01,-1.9773e-01,-1.7217e-01,-1.5218e-01,-1.3667e-01,-1.2464e-01,-1.1538e-01,-1.0842e-01,-1.0344e-01,-1.0019e-01,-9.8474e-02,-9.8081e-02,-9.8825e-02,-1.0053e-01,-1.0303e-01,-1.0619e-01,-1.0986e-01,-1.1394e-01,-1.1834e-01,-1.2298e-01,-1.2782e-01,-1.3281e-01,-1.3793e-01,-1.4316e-01,-1.4848e-01,-1.5388e-01,-1.5937e-01,-1.6492e-01,-1.7053e-01,-1.7620e-01,-1.8191e-01,-1.8766e-01,-1.9345e-01,-1.9928e-01,-2.0514e-01,-2.1105e-01,-2.1700e-01,-2.2302e-01,-2.2912e-01,-2.3530e-01,-2.4159e-01,-2.4799e-01,-2.5452e-01,-2.6119e-01,-2.6800e-01,-2.7496e-01,-2.8207e-01,-2.8933e-01,-2.9673e-01,-3.0426e-01,-3.1191e-01,-3.1967e-01,-3.2752e-01,-3.3544e-01,-3.4342e-01,-3.5143e-01,-3.5945e-01,-3.6747e-01,-3.7546e-01,-3.8340e-01,-3.9128e-01,-3.9907e-01,-4.0678e-01,-4.1438e-01,-4.2188e-01,-4.2926e-01,-4.3652e-01,-4.4366e-01,-4.5070e-01,-4.5762e-01,-4.6444e-01,-4.7117e-01,-4.7782e-01,-4.8440e-01,-4.9091e-01,-4.9738e-01,-5.0382e-01,-5.1024e-01,-5.1664e-01,-5.2305e-01,-5.2947e-01,-5.3591e-01
-3.3406e-01,2.5706e-01,2.9406e-01,3.0690e-01,3.3161e-01,3.4447e-01,3.4395e-01,3.4340e-01,3.8127e-01,4.8274e-01,2.9724e-01,-1.6934e-01,-3.8896e-01,-4.1885e-01,-3.9446e-01,-3.6152e-01,-3.2625e-01,-2.8845e-01,-2.5017e-01,-2.1470e-01,-1.8444e-01,-1.6010e-01,-1.4111e-01,-1.2644e-01,-1.1516e-01,-1.0663e-01,-1.0038e-01,-9.6122e-02,-9.3609e-02,-9.2626e-02,-9.2967e-02,-9.4430e-02,-9.6824e-02,-9.9971e-02,-1.0372e-01,-1.0792e-01,-1.1247e-01,-1.1729e-01,-1.2229e-01,-1.2744e-01,-1.3271e-01,-1.3806e-01,-1.4350e-01,-1.4902e-01,-1.5461e-01,-1.6026e-01,-1.6598e-01,-1.7176e-01,-1.7758e-01,-1.8345e-01,-1.8935e-01,-1.9528e-01,-2.0125e-01,-2.0725e-01,-2.1330e-01,-2.1939e-01,-2.2554e-01,-2.3176e-01,-2.3807e-01,-2.4448e-01,-2.5100e-01,-2.5764e-01,-2.6441e-01,-2.7132e-01,-2.7836e-01,-2.8553e-01,-2.9284e-01,-3.0027e-01,-3.0782e-01,-3.1546e-01,-3.2319e-01,-3.3100e-01,-3.3885e-01,-3.4674e-01,-3.5463e-01,-3.6252e-01,-3.7038e-01,-3.7819e-01,-3.8594e-01,-3.9362e-01,-4.0120e-01,-4.0868e-01,-4.1606e-01,-4.2333e-01,-4.3048e-01,-4.3752e-01,-4.4444e-01,-4.5127e-01,-4.5800e-01,-4.6464e-01,-4.7120e-01,-4.7769e-01,-4.8413e-01,-4.9053e-01,-4.9689e-01,-5.0324e-01,-5.0958e-01,-5.1593e-01,-5.2230e-01,-5.2870e-01
-3.6544e-01,2.3473e-01,3.0163e-01,3.2359e-01,3.4907e-01,3.6443e-01,3.6888e-01,3.6581e-01,3.6611e-01,4.0716e-01,5.1647e-01,3.3025e-01,-1.3824e-01,-3.6292e-01,-3.9326e-01,-3.6829e-01,-3.3711e-01,-3.0494e-01,-2.7033e-01,-2.3480e-01,-2.0151e-01,-1.7291e-01,-1.4982e-01,-1.3179e-01,-1.1789e-01,-1.0727e-01,-9.9319e-02,-9.3634e-02,-8.9937e-02,-8.8002e-02,-8.7617e-02,-8.8569e-02,-9.0644e-02,-9.3635e-02,-9.7350e-02,-1.0162e-01,-1.0630e-01,-1.1128e-01,-1.1646e-01,-1.2178e-01,-1.2721e-01,-1.3272e-01,-1.3829e-01,-1.4392e-01,-1.4961e-01,-1.5537e-01,-1.6119e-01,-1.6707e-01,-1.7300e-01,-1.7898e-01,-1.8500e-01,-1.9105e-01,-1.9713e-01,-2.0325e-01,-2.0939e-01,-2.1558e-01,-2.2181e-01,-2.2809e-01,-2.3445e-01,-2.4088e-01,-2.4741e-01,-2.5404e-01,-2.6078e-01,-2.6764e-01,-2.7463e-01,-2.8173e-01,-2.8896e-01,-2.9630e-01,-3.0374e-01,-3.1128e-01,-3.1890e-01,-3.2658e-01,-3.3431e-01,-3.4207e-01,-3.4984e-01,-3.5760e-01,-3.6533e-01,-3.7301e-01,-3.8063e-01,-3.8818e-01,-3.9564e-01,-4.0300e-01,-4.1026e-01,-4.1741e-01,-4.2445e-01,-4.3138e-01,-4.3820e-01,-4.4492e-01,-4.5155e-01,-4.5810e-01,-4.6457e-01,-4.7098e-01,-4.7734e-01,-4.8366e-01,-4.8995e-01,-4.9623e-01,-5.0251e-01,-5.0880e-01,-5.1511e-01,-5.2146e-01
-3.8509e-01,2.1704e-01,3.1071e-01,3.4225e-01,3.6757e-01,3.8214e-01,3.8846e-01,3.9016e-01,3.8848e-01,3.9140e-01,4.3687e-01,5.5264e-01,3.5836e-01,-1.0802e-01,-3.3523e-01,-3.6659e-01,-3.4216e-01,-3.1347e-01,-2.8470e-01,-2.5341e-01,-2.2073e-01,-1.8971e-01,-1.6285e-01,-1.4104e-01,-1.2397e-01,-1.1080e-01,-1.0075e-01,-9.3282e-02,-8.8032e-02,-8.4763e-02,-8.3274e-02,-8.3364e-02,-8.4815e-02,-8.7404e-02,-9.0906e-02,-9.5116e-02,-9.9850e-02,-1.0495e-01,-1.1030e-01,-1.1581e-01,-1.2142e-01,-1.2709e-01,-1.3281e-01,-1.3857e-01,-1.4437e-01,-1.5023e-01,-1.5615e-01,-1.6213e-01,-1.6816e-01,-1.7425e-01,-1.8038e-01,-1.8656e-01,-1.9276e-01,-1.9900e-01,-2.0527e-01,-2.1156e-01,-2.1789e-01,-2.2426e-01,-2.3068e-01,-2.3716e-01,-2.4372e-01,-2.5036e-01,-2.5710e-01,-2.6393e-01,-2.7087e-01,-2.7792e-01,-2.8508e-01,-2.9233e-01,-2.9968e-01,-3.0712e-01,-3.1463e-01,-3.2220e-01,-3.2980e-01,-3.3744e-01,-3.4508e-01,-3.5270e-01,-3.6030e-01,-3.6786e-01,-3.7535e-01,-3.8277e-01,-3.9010e-01,-3.9734e-01,-4.0447e-01,-4.1150e-01,-4.1843e-01,-4.2525e-01,-4.3196e-01,-4.3858e-01,-4.4511e-01,-4.5156e-01,-4.5794e-01,-4.6426e-01,-4.7053e-01,-4.7677e-01,-4.8299e-01,-4.8920e-01,-4.9542e-01,-5.0165e-01,-5.0790e-01,-5.1420e-01
-3.9479e-01,2.0474e-01,3.2077e-01,3.6157e-01,3.8699e-01,3.9971e-01,4.0492e-01,4.0831e-01,4.1181e-01,4.1340e-01,4.1931e-01,4.6986e-01,5.9031e-01,3.8238e-01,-7.8307e-02,-3.0630e-01,-3.3951e-01,-3.1662e-01,-2.9085e-01,-2.6556e-01,-2.3757e-01,-2.0774e-01,-1.7903e-01,-1.5393e-01,-1.3345e-01,-1.1736e-01,-1.0490e-01,-9.5387e-02,-8.8320e-02,-8.3409e-02,-8.0461e-02,-7.9309e-02,-7.9767e-02,-8.1620e-02,-8.4636e-02,-8.8576e-02,-9.3215e-02,-9.8354e-02,-1.0383e-01,-1.0951e-01,-1.1531e-01,-1.2116e-01,-1.2705e-01,-1.3295e-01,-1.3888e-01,-1.4485e-01,-1.5086e-01,-1.5693e-01,-1.6306e-01,-1.6925e-01,-1.7550e-01,-1.8179e-01,-1.8813e-01,-1.9450e-01,-2.0089e-01,-2.0731e-01,-2.1376e-01,-2.2023e-01,-2.2674e-01,-2.3329e-01,-2.3990e-01,-2.4658e-01,-2.5332e-01,-2.6015e-01,-2.6707e-01,-2.7408e-01,-2.8117e-01,-2.8836e-01,-2.9562e-01,-3.0296e-01,-3.1037e-01,-3.1782e-01,-3.2531e-01,-3.3282e-01,-3.4034e-01,-3.4783e-01,-3.5530e-01,-3.6273e-01,-3.7009e-01,-3.7737e-01,-3.8458e-01,-3.9169e-01,-3.9870e-01,-4.0561e-01,-4.1242e-01,-4.1912e-01,-4.2573e-01,-4.3224e-01,-4.3867e-01,-4.4502e-01,-4.5130e-01,-4.5753e-01,-4.6372e-01,-4.6988e-01,-4.7602e-01,-4.8216e-01,-4.8831e-01,-4.9448e-01,-5.0067e-01,-5.0691e-01
-3.9613e-01,1.9827e-01,3.3204e-01,3.8096e-01,4.0681e-01,4.1778e-01,4.2094e-01,4.2302e-01,4.2823e-01,4.3576e-01,4.4074e-01,4.4930e-01,5.0531e-01,6.2826e-01,4.0294e-01,-4.9032e-02,-2.7674e-01,-3.1270e-01,-2.9216e-01,-2.6946e-01,-2.4752e-01,-2.2270e-01,-1.9564e-01,-1.6920e-01,-1.4590e-01,-1.2677e-01,-1.1168e-01,-9.9950e-02,-9.0945e-02,-8.4238e-02,-7.9598e-02,-7.6890e-02,-7.5987e-02,-7.6726e-02,-7.8899e-02,-8.2268e-02,-8.6580e-02,-9.1591e-02,-9.7086e-02,-1.0289e-01,-1.0886e-01,-1.1491e-01,-1.2098e-01,-1.2705e-01,-1.3313e-01,-1.3921e-01,-1.4533e-01,-1.5149e-01,-1.5770e-01,-1.6399e-01,-1.7034e-01,-1.7674e-01,-1.8320e-01,-1.8971e-01,-1.9624e-01,-2.0280e-01,-2.0938e-01,-2.1597e-01,-2.2260e-01,-2.2924e-01,-2.3593e-01,-2.4266e-01,-2.4944e-01,-2.5628e-01,-2.6319e-01,-2.7017e-01,-2.7723e-01,-2.8435e-01,-2.9155e-01,-2.9880e-01,-3.0611e-01,-3.1346e-01,-3.2083e-01,-3.2822e-01,-3.3561e-01,-3.4298e-01,-3.5032e-01,-3.5761e-01,-3.6484e-01,-3.7200e-01,-3.7907e-01,-3.8605e-01,-3.9294e-01,-3.9973e-01,-4.0641e-01,-4.1300e-01,-4.1949e-01,-4.2590e-01,-4.3222e-01,-4.3847e-01,-4.4466e-01,-4.5080e-01,-4.5690e-01,-4.6298e-01,-4.6904e-01,-4.7511e-01,-4.8118e-01,-4.8728e-01,-4.9342e-01,-4.9960e-01
-3.9058e-01,1.9753e-01,3.4495e-01,4.0042e-01,4.2669e-01,4.3627e-01,4.3756e-01,4.3746e-01,4.4105e-01,4.5052e-01,4.6243e-01,4.6996e-01,4.8064e-01,5.4239e-01,6.6516e-01,4.2061e-01,-2.0311e-02,-2.4716e-01,-2.8674e-01,-2.6915e-01,-2.4947e-01,-2.3060e-01,-2.0871e-01,-1.8426e-01,-1.6004e-01,-1.3850e-01,-1.2075e-01,-1.0669e-01,-9.5716e-02,-8.7225e-02,-8.0855e-02,-7.6444e-02,-7.3915e-02,-7.3193e-02,-7.4144e-02,-7.6572e-02,-8.0233e-02,-8.4860e-02,-9.0192e-02,-9.5998e-02,-1.0208e-01,-1.0831e-01,-1.1458e-01,-1.2084e-01,-1.2708e-01,-1.3331e-01,-1.3953e-01,-1.4579e-01,-1.5209e-01,-1.5846e-01,-1.6490e-01,-1.7141e-01,-1.7799e-01,-1.8462e-01,-1.9129e-01,-1.9799e-01,-2.0472e-01,-2.1146e-01,-2.1821e-01,-2.2498e-01,-2.3176e-01,-2.3857e-01,-2.4541e-01,-2.5229e-01,-2.5922e-01,-2.6619e-01,-2.7322e-01,-2.8030e-01,-2.8743e-01,-2.9461e-01,-3.0183e-01,-3.0908e-01,-3.1635e-01,-3.2362e-01,-3.3089e-01,-3.3814e-01,-3.4534e-01,-3.5251e-01,-3.5960e-01,-3.6663e-01,-3.7357e-01,-3.8043e-01,-3.8719e-01,-3.9385e-01,-4.0042e-01,-4.0689e-01,-4.1326e-01,-4.1956e-01,-4.2577e-01,-4.3192e-01,-4.3801e-01,-4.4406e-01,-4.5007e-01,-4.5606e-01,-4.6205e-01,-4.6803e-01,-4.7404e-01,-4.8007e-01,-4.8615e-01,-4.9227e-01
-3.7949e-01,2.0201e-01,3.5982e-01,4.2023e-01,4.4661e-01,4.5495e-01,4.5478e-01,4.5287e-01,4.5393e-01,4.6143e-01,4.7577e-01,4.9130e-01,5.0019e-01,5.1264e-01,5.8025e-01,6.9985e-01,4.3588e-01,7.6574e-03,-2.1810e-01,-2.6208e-01,-2.4781e-01,-2.3096e-01,-2.1483e-01,-1.9555e-01,-1.7351e-01,-1.5138e-01,-1.3157e-01,-1.1520e-01,-1.0221e-01,-9.2012e-02,-8.4049e-02,-7.8012e-02,-7.3804e-02,-7.1414e-02,-7.0823e-02,-7.1932e-02,-7.4562e-02,-7.8465e-02,-8.3361e-02,-8.8973e-02,-9.5050e-02,-1.0139e-01,-1.0783e-01,-1.1430e-01,-1.2073e-01,-1.2711e-01,-1.3347e-01,-1.3983e-01,-1.4622e-01,-1.5267e-01,-1.5919e-01,-1.6579e-01,-1.7247e-01,-1.7923e-01,-1.8603e-01,-1.9288e-01,-1.9976e-01,-2.0665e-01,-2.1356e-01,-2.2046e-01,-2.2737e-01,-2.3428e-01,-2.4121e-01,-2.4815e-01,-2.5511e-01,-2.6210e-01,-2.6912e-01,-2.7618e-01,-2.8327e-01,-2.9038e-01,-2.9753e-01,-3.0469e-01,-3.1185e-01,-3.1902e-01,-3.2617e-01,-3.3329e-01,-3.4037e-01,-3.4740e-01,-3.5437e-01,-3.6127e-01,-3.6808e-01,-3.7480e-01,-3.8144e-01,-3.8797e-01,-3.9442e-01,-4.0077e-01,-4.0703e-01,-4.1321e-01,-4.1932e-01,-4.2537e-01,-4.3136e-01,-4.3731e-01,-4.4323e-01,-4.4913e-01,-4.5504e-01,-4.6095e-01,-4.6688e-01,-4.7284e-01,-4.7885e-01,-4.8492e-01
-3.6421e-01,2.1086e-01,3.7677e-01,4.4066e-01,4.6674e-01,4.7379e-01,4.7234e-01,4.6916e-01,4.6825e-01,4.7264e-01,4.8480e-01,5.0356e-01,5.2143e-01,5.3060e-01,5.4475e-01,6.1812e-01,7.3138e-01,4.4926e-01,3.4671e-02,-1.9000e-01,-2.3896e-01,-2.2825e-01,-2.1397e-01,-2.0018e-01,-1.8320e-01,-1.6332e-01,-1.4313e-01,-1.2498e-01,-1.0998e-01,-9.8077e-02,-8.8686e-02,-8.1275e-02,-7.5576e-02,-7.1556e-02,-6.9279e-02,-6.8784e-02,-7.0012e-02,-7.2803e-02,-7.6907e-02,-8.2035e-02,-8.7890e-02,-9.4204e-02,-1.0076e-01,-1.0740e-01,-1.1403e-01,-1.2060e-01,-1.2712e-01,-1.3361e-01,-1.4010e-01,-1.4662e-01,-1.5322e-01,-1.5989e-01,-1.6666e-01,-1.7352e-01,-1.8046e-01,-1.8745e-01,-1.9448e-01,-2.0153e-01,-2.0860e-01,-2.1566e-01,-2.2271e-01,-2.2975e-01,-2.3679e-01,-2.4382e-01,-2.5084e-01,-2.5787e-01,-2.6491e-01,-2.7196e-01,-2.7902e-01,-2.8609e-01,-2.9317e-01,-3.0025e-01,-3.0733e-01,-3.1439e-01,-3.2143e-01,-3.2843e-01,-3.3539e-01,-3.4230e-01,-3.4914e-01,-3.5590e-01,-3.6258e-01,-3.6918e-01,-3.7568e-01,-3.8210e-01,-3.8842e-01,-3.9465e-01,-4.0079e-01,-4.0686e-01,-4.1286e-01,-4.1880e-01,-4.2469e-01,-4.3055e-01,-4.3638e-01,-4.4219e-01,-4.4801e-01,-4.5384e-01,-4.5970e-01,-4.6560e-01,-4.7154e-01,-4.7754e-01
-3.4605e-01,2.2309e-01,3.9567e-01,4.6188e-01,4.8727e-01,4.9288e-01,4.9006e-01,4.8584e-01,4.8375e-01,4.8576e-01,4.9418e-01,5.1081e-01,5.3297e-01,5.5186e-01,5.6054e-01,5.7654e-01,6.5529e-01,7.5914e-01,4.6117e-01,6.0571e-02,-1.6313e-01,-2.1750e-01,-2.1048e-01,-1.9847e-01,-1.8665e-01,-1.7162e-01,-1.5365e-01,-1.3522e-01,-1.1864e-01,-1.0499e-01,-9.4179e-02,-8.5622e-02,-7.8785e-02,-7.3435e-02,-6.9602e-02,-6.7421e-02,-6.6996e-02,-6.8315e-02,-7.1235e-02,-7.5510e-02,-8.0838e-02,-8.6906e-02,-9.3429e-02,-1.0017e-01,-1.0698e-01,-1.1376e-01,-1.2046e-01,-1.2710e-01,-1.3370e-01,-1.4031e-01,-1.4698e-01,-1.5372e-01,-1.6057e-01,-1.6751e-01,-1.7456e-01,-1.8168e-01,-1.8886e-01,-1.9608e-01,-2.0331e-01,-2.1054e-01,-2.1776e-01,-2.2495e-01,-2.3212e-01,-2.3926e-01,-2.4638e-01,-2.5347e-01,-2.6055e-01,-2.6762e-01,-2.7467e-01,-2.8171e-01,-2.8874e-01,-2.9576e-01,-3.0276e-01,-3.0973e-01,-3.1666e-01,-3.2355e-01,-3.3040e-01,-3.3718e-01,-3.4389e-01,-3.5053e-01,-3.5708e-01,-3.6355e-01,-3.6992e-01,-3.7621e-01,-3.8241e-01,-3.8852e-01,-3.9455e-01,-4.0050e-01,-4.0639e-01,-4.1223e-01,-4.1802e-01,-4.2377e-01,-4.2951e-01,-4.3524e-01,-4.4097e-01,-4.4672e-01,-4.5250e-01,-4.5833e-01,-4.6420e-01,-4.7014e-01
-3.2628e-01,2.3774e-01,4.1627e-01,4.8393e-01,5.0837e-01,5.1239e-01,5.0799e-01,5.0261e-01,4.9973e-01,5.0043e-01,5.0586e-01,5.1824e-01,5.3867e-01,5.6303e-01,5.8180e-01,5.8957e-01,6.0769e-01,6.9112e-01,7.8286e-01,4.7200e-01,8.5256e-02,-1.3765e-01,-1.9770e-01,-1.9440e-01,-1.8440e-01,-1.7420e-01,-1.6081e-01,-1.4448e-01,-1.2763e-01,-1.1251e-01,-1.0016e-01,-9.0444e-02,-8.2739e-02,-7.6494e-02,-7.1504e-02,-6.7857e-02,-6.5764e-02,-6.5393e-02,-6.6780e-02,-6.9807e-02,-7.4230e-02,-7.9734e-02,-8.5989e-02,-9.2693e-02,-9.9606e-02,-1.0656e-01,-1.1346e-01,-1.2028e-01,-1.2702e-01,-1.3374e-01,-1.4048e-01,-1.4728e-01,-1.5419e-01,-1.6121e-01,-1.6834e-01,-1.7557e-01,-1.8289e-01,-1.9027e-01,-1.9767e-01,-2.0508e-01,-2.1248e-01,-2.1984e-01,-2.2717e-01,-2.3445e-01,-2.4168e-01,-2.4887e-01,-2.5601e-01,-2.6312e-01,-2.7019e-01,-2.7722e-01,-2.8422e-01,-2.9119e-01,-2.9812e-01,-3.0501e-01,-3.1185e-01,-3.1864e-01,-3.2537e-01,-3.3203e-01,-3.3862e-01,-3.4513e-01,-3.5156e-01,-3.5790e-01,-3.6415e-01,-3.7031e-01,-3.7639e-01,-3.8238e-01,-3.8829e-01,-3.9413e-01,-3.9991e-01,-4.0564e-01,-4.1133e-01,-4.1698e-01,-4.2262e-01,-4.2826e-01,-4.3391e-01,-4.3958e-01,-4.4529e-01,-4.5104e-01,-4.5685e-01,-4.6272e-01
-3.0614e-01,2.5396e-01,4.3826e-01,5.0670e-01,5.3006e-01,5.3247e-01,5.2628e-01,5.1940e-01,5.1565e-01,5.1572e-01,5.1951e-01,5.2822e-01,5.4413e-01,5.6746e-01,5.9287e-01,6.1068e-01,6.1745e-01,6.3796e-01,7.2515e-01,8.0258e-01,4.8207e-01,1.0868e-01,-1.1364e-01,-1.7950e-01,-1.7992e-01,-1.7167e-01,-1.6278e-01,-1.5073e-01,-1.3579e-01,-1.2034e-01,-1.0657e-01,-9.5459e-02,-8.6826e-02,-7.9979e-02,-7.4340e-02,-6.9717e-02,-6.6257e-02,-6.4245e-02,-6.3918e-02,-6.5361e-02,-6.8478e-02,-7.3029e-02,-7.8689e-02,-8.5110e-02,-9.1974e-02,-9.9031e-02,-1.0611e-01,-1.1312e-01,-1.2004e-01,-1.2689e-01,-1.3372e-01,-1.4059e-01,-1.4754e-01,-1.5461e-01,-1.6181e-01,-1.6914e-01,-1.7658e-01,-1.8410e-01,-1.9167e-01,-1.9926e-01,-2.0684e-01,-2.1439e-01,-2.2190e-01,-2.2934e-01,-2.3671e-01,-2.4402e-01,-2.5126e-01,-2.5843e-01,-2.6554e-01,-2.7259e-01,-2.7958e-01,-2.8651e-01,-2.9339e-01,-3.0021e-01,-3.0697e-01,-3.1367e-01,-3.2029e-01,-3.2685e-01,-3.3332e-01,-3.3971e-01,-3.4601e-01,-3.5223e-01,-3.5836e-01,-3.6439e-01,-3.7035e-01,-3.7622e-01,-3.8201e-01,-3.8774e-01,-3.9341e-01,-3.9903e-01,-4.0462e-01,-4.1018e-01,-4.1572e-01,-4.2127e-01,-4.2683e-01,-4.3242e-01,-4.3805e-01,-4.4373e-01,-4.4947e-01,-4.5528e-01
-2.8669e-01,2.7115e-01,4.6129e-01,5.2999e-01,5.5228e-01,5.5318e-01,5.4512e-01,5.3640e-01,5.3136e-01,5.3085e-01,5.3401e-01,5.4061e-01,5.5225e-01,5.7109e-01,5.9637e-01,6.2185e-01,6.3817e-01,6.4409e-01,6.6710e-01,7.5703e-01,8.1855e-01,4.9162e-01,1.3083e-01,-9.1085e-02,-1.6277e-01,-1.6686e-01,-1.6016e-01,-1.5234e-01,-1.4136e-01,-1.2759e-01,-1.1336e-01,-1.0081e-01,-9.0881e-02,-8.3304e-02,-7.7310e-02,-7.2278e-02,-6.8026e-02,-6.4752e-02,-6.2814e-02,-6.2525e-02,-6.4013e-02,-6.7211e-02,-7.1878e-02,-7.7677e-02,-8.4246e-02,-9.1251e-02,-9.8432e-02,-1.0562e-01,-1.1272e-01,-1.1974e-01,-1.2669e-01,-1.3363e-01,-1.4064e-01,-1.4775e-01,-1.5500e-01,-1.6239e-01,-1.6992e-01,-1.7756e-01,-1.8528e-01,-1.9305e-01,-2.0082e-01,-2.0857e-01,-2.1627e-01,-2.2389e-01,-2.3143e-01,-2.3889e-01,-2.4625e-01,-2.5351e-01,-2.6069e-01,-2.6778e-01,-2.7478e-01,-2.8171e-01,-2.8855e-01,-2.9532e-01,-3.0201e-01,-3.0863e-01,-3.1516e-01,-3.2161e-01,-3.2797e-01,-3.3424e-01,-3.4043e-01,-3.4652e-01,-3.5253e-01,-3.5845e-01,-3.6428e-01,-3.7003e-01,-3.7571e-01,-3.8133e-01,-3.8689e-01,-3.9240e-01,-3.9788e-01,-4.0335e-01,-4.0880e-01,-4.1426e-01,-4.1973e-01,-4.2524e-01,-4.3079e-01,-4.3639e-01,-4.4206e-01,-4.4781e-01
-2.6882e-01,2.8895e-01,4.8503e-01,5.5351e-01,5.7486e-01,5.7449e-01,5.6463e-01,5.5383e-01,5.4702e-01,5.4555e-01,5.4838e-01,5.5418e-01,5.6315e-01,5.7728e-01,5.9837e-01,6.2473e-01,6.4954e-01,6.6412e-01,6.6944e-01,6.9490e-01,7.8661e-01,8.3123e-01,5.0082e-01,1.5172e-01,-6.9962e-02,-1.4738e-01,-1.5507e-01,-1.4977e-01,-1.4278e-01,-1.3266e-01,-1.1985e-01,-1.0668e-01,-9.5248e-02,-8.6428e-02,-7.9870e-02,-7.4714e-02,-7.0283e-02,-6.6395e-02,-6.3301e-02,-6.1435e-02,-6.1176e-02,-6.2706e-02,-6.5976e-02,-7.0749e-02,-7.6676e-02,-8.3376e-02,-9.0504e-02,-9.7793e-02,-1.0507e-01,-1.1226e-01,-1.1936e-01,-1.2641e-01,-1.3348e-01,-1.4063e-01,-1.4791e-01,-1.5534e-01,-1.6293e-01,-1.7067e-01,-1.7852e-01,-1.8645e-01,-1.9440e-01,-2.0235e-01,-2.1025e-01,-2.1808e-01,-2.2581e-01,-2.3343e-01,-2.4094e-01,-2.4833e-01,-2.5560e-01,-2.6276e-01,-2.6980e-01,-2.7674e-01,-2.8357e-01,-2.9031e-01,-2.9695e-01,-3.0349e-01,-3.0994e-01,-3.1630e-01,-3.2256e-01,-3.2872e-01,-3.3480e-01,-3.4077e-01,-3.4666e-01,-3.5246e-01,-3.5818e-01,-3.6381e-01,-3.6938e-01,-3.7488e-01,-3.8034e-01,-3.8575e-01,-3.9113e-01,-3.9649e-01,-4.0185e-01,-4.0722e-01,-4.1260e-01,-4.1803e-01,-4.2350e-01,-4.2903e-01,-4.3463e-01,-4.4031e-01
-2.5312e-01,3.0720e-01,5.0910e-01,5.7694e-01,5.9756e-01,5.9627e-01,5.8484e-01,5.7191e-01,5.6294e-01,5.5994e-01,5.6217e-01,5.6777e-01,5.7563e-01,5.8654e-01,6.0270e-01,6.2539e-01,6.5206e-01,6.7568e-01,6.8848e-01,6.9353e-01,7.2115e-01,8.1385e-01,8.4114e-01,5.0978e-01,1.7141e-01,-5.0210e-02,-1.3319e-01,-1.4440e-01,-1.4036e-01,-1.3404e-01,-1.2460e-01,-1.1258e-01,-1.0031e-01,-8.9891e-02,-8.2112e-02,-7.6531e-02,-7.2186e-02,-6.8337e-02,-6.4800e-02,-6.1877e-02,-6.0075e-02,-5.9843e-02,-6.1411e-02,-6.4750e-02,-6.9621e-02,-7.5665e-02,-8.2483e-02,-8.9719e-02,-9.7100e-02,-1.0446e-01,-1.1173e-01,-1.1891e-01,-1.2606e-01,-1.3326e-01,-1.4056e-01,-1.4801e-01,-1.5564e-01,-1.6345e-01,-1.7140e-01,-1.7946e-01,-1.8758e-01,-1.9572e-01,-2.0383e-01,-2.1186e-01,-2.1980e-01,-2.2762e-01,-2.3530e-01,-2.4284e-01,-2.5024e-01,-2.5749e-01,-2.6460e-01,-2.7157e-01,-2.7842e-01,-2.8514e-01,-2.9175e-01,-2.9824e-01,-3.0462e-01,-3.1089e-01,-3.1706e-01,-3.2313e-01,-3.2910e-01,-3.3497e-01,-3.4074e-01,-3.4643e-01,-3.5203e-01,-3.5755e-01,-3.6301e-01,-3.6841e-01,-3.7375e-01,-3.7906e-01,-3.8434e-01,-3.8960e-01,-3.9487e-01,-4.0015e-01,-4.0545e-01,-4.1079e-01,-4.1619e-01,-4.2164e-01,-4.2717e-01,-4.3279e-01
-2.3988e-01,3.2587e-01,5.3310e-01,5.9991e-01,6.2007e-01,6.1832e-01,6.0570e-01,5.9076e-01,5.7943e-01,5.7437e-01,5.7542e-01,5.8074e-01,5.8839e-01,5.9779e-01,6.1027e-01,6.2802e-01,6.5167e-01,6.7805e-01,7.0018e-01,7.1129e-01,7.1637e-01,7.4568e-01,8.3879e-01,8.4885e-01,5.1857e-01,1.8991e-01,-3.1767e-02,-1.2007e-01,-1.3470e-01,-1.3181e-01,-1.2604e-01,-1.1712e-01,-1.0575e-01,-9.4266e-02,-8.4757e-02,-7.7950e-02,-7.3296e-02,-6.9727e-02,-6.6432e-02,-6.3225e-02,-6.0457e-02,-5.8710e-02,-5.8502e-02,-6.0106e-02,-6.3512e-02,-6.8477e-02,-7.4628e-02,-8.1553e-02,-8.8882e-02,-9.6344e-02,-1.0377e-01,-1.1111e-01,-1.1838e-01,-1.2564e-01,-1.3297e-01,-1.4043e-01,-1.4807e-01,-1.5591e-01,-1.6392e-01,-1.7209e-01,-1.8035e-01,-1.8867e-01,-1.9698e-01,-2.0523e-01,-2.1339e-01,-2.2142e-01,-2.2930e-01,-2.3701e-01,-2.4456e-01,-2.5193e-01,-2.5913e-01,-2.6617e-01,-2.7306e-01,-2.7979e-01,-2.8638e-01,-2.9284e-01,-2.9917e-01,-3.0538e-01,-3.1147e-01,-3.1745e-01,-3.2332e-01,-3.2909e-01,-3.3476e-01,-3.4034e-01,-3.4583e-01,-3.5124e-01,-3.5659e-01,-3.6188e-01,-3.6712e-01,-3.7233e-01,-3.7751e-01,-3.8268e-01,-3.8786e-01,-3.9304e-01,-3.9826e-01,-4.0352e-01,-4.0884e-01,-4.1422e-01,-4.1968e-01,-4.2524e-01
-2.2909e-01,3.4483e-01,5.5657e-01,6.2204e-01,6.4205e-01,6.4037e-01,6.2705e-01,6.1042e-01,5.9670e-01,5.8922e-01,5.8848e-01,5.9301e-01,6.0061e-01,6.0966e-01,6.2020e-01,6.3393e-01,6.5282e-01,6.7689e-01,7.0253e-01,7.2302e-01,7.3265e-01,7.3794e-01,7.6839e-01,8.6157e-01,8.5487e-01,5.2722e-01,2.0727e-01,-1.4569e-02,-1.0790e-01,-1.2582e-01,-1.2401e-01,-1.1868e-01,-1.1018e-01,-9.9335e-02,-8.8541e-02,-7.9861e-02,-7.3960e-02,-7.0182e-02,-6.7343e-02,-6.4566e-02,-6.1658e-02,-5.9025e-02,-5.7323e-02,-5.7135e-02,-5.8774e-02,-6.2246e-02,-6.7302e-02,-7.3554e-02,-8.0574e-02,-8.7985e-02,-9.5514e-02,-1.0301e-01,-1.1041e-01,-1.1777e-01,-1.2514e-01,-1.3261e-01,-1.4024e-01,-1.4808e-01,-1.5613e-01,-1.6436e-01,-1.7274e-01,-1.8120e-01,-1.8969e-01,-1.9815e-01,-2.0653e-01,-2.1479e-01,-2.2288e-01,-2.3080e-01,-2.3852e-01,-2.4605e-01,-2.5338e-01,-2.6051e-01,-2.6746e-01,-2.7423e-01,-2.8083e-01,-2.8728e-01,-2.9357e-01,-2.9973e-01,-3.0576e-01,-3.1166e-01,-3.1744e-01,-3.2312e-01,-3.2869e-01,-3.3417e-01,-3.3956e-01,-3.4487e-01,-3.5012e-01,-3.5530e-01,-3.6045e-01,-3.6555e-01,-3.7064e-01,-3.7572e-01,-3.8080e-01,-3.8590e-01,-3.9104e-01,-3.9622e-01,-4.0146e-01,-4.0677e-01,-4.1216e-01,-4.1765e-01
-2.2055e-01,3.6382e-01,5.7904e-01,6.4299e-01,6.6315e-01,6.6209e-01,6.4867e-01,6.3080e-01,6.1489e-01,6.0482e-01,6.0178e-01,6.0488e-01,6.1205e-01,6.2116e-01,6.3112e-01,6.4251e-01,6.5719e-01,6.7680e-01,7.0083e-01,7.2541e-01,7.4425e-01,7.5263e-01,7.5823e-01,7.8926e-01,8.8231e-01,8.5967e-01,5.3573e-01,2.2354e-01,1.4422e-03,-9.6608e-02,-1.1766e-01,-1.1685e-01,-1.1189e-01,-1.0372e-01,-9.3322e-02,-8.3134e-02,-7.5214e-02,-7.0160e-02,-6.7202e-02,-6.5043e-02,-6.2736e-02,-6.0092e-02,-5.7568e-02,-5.5898e-02,-5.5726e-02,-5.7402e-02,-6.0941e-02,-6.6086e-02,-7.2432e-02,-7.9537e-02,-8.7019e-02,-9.4606e-02,-1.0215e-01,-1.0963e-01,-1.1707e-01,-1.2456e-01,-1.3219e-01,-1.4000e-01,-1.4804e-01,-1.5630e-01,-1.6475e-01,-1.7333e-01,-1.8198e-01,-1.9063e-01,-1.9923e-01,-2.0771e-01,-2.1604e-01,-2.2417e-01,-2.3210e-01,-2.3980e-01,-2.4728e-01,-2.5454e-01,-2.6158e-01,-2.6841e-01,-2.7505e-01,-2.8151e-01,-2.8779e-01,-2.9392e-01,-2.9990e-01,-3.0574e-01,-3.1145e-01,-3.1704e-01,-3.2253e-01,-3.2791e-01,-3.3321e-01,-3.3842e-01,-3.4357e-01,-3.4866e-01,-3.5371e-01,-3.5872e-01,-3.6372e-01,-3.6870e-01,-3.7370e-01,-3.7872e-01,-3.8377e-01,-3.8888e-01,-3.9404e-01,-3.9928e-01,-4.0460e-01,-4.1003e-01
-2.1398e-01,3.8235e-01,6.0008e-01,6.6247e-01,6.8302e-01,6.8310e-01,6.7025e-01,6.5173e-01,6.3401e-01,6.2139e-01,6.1575e-01,6.1682e-01,6.2293e-01,6.3189e-01,6.4190e-01,6.5242e-01,6.6442e-01,6.7978e-01,6.9975e-01,7.2337e-01,7.4671e-01,7.6396e-01,7.7132e-01,7.7720e-01,8.0830e-01,9.0117e-01,8.6364e-01,5.4407e-01,2.3873e-01,1.6320e-02,-8.6097e-02,-1.1012e-01,-1.1025e-01,-1.0560e-01,-9.7702e-02,-8.7685e-02,-7.8043e-02,-7.0827e-02,-6.6564e-02,-6.4370e-02,-6.2833e-02,-6.0944e-02,-5.8519e-02,-5.6077e-02,-5.4425e-02,-5.4265e-02,-5.5980e-02,-5.9587e-02,-6.4819e-02,-7.1253e-02,-7.8435e-02,-8.5977e-02,-9.3615e-02,-1.0122e-01,-1.0876e-01,-1.1630e-01,-1.2392e-01,-1.3170e-01,-1.3971e-01,-1.4795e-01,-1.5642e-01,-1.6508e-01,-1.7385e-01,-1.8267e-01,-1.9147e-01,-2.0017e-01,-2.0873e-01,-2.1710e-01,-2.2525e-01,-2.3316e-01,-2.4081e-01,-2.4822e-01,-2.5538e-01,-2.6231e-01,-2.6901e-01,-2.7550e-01,-2.8180e-01,-2.8792e-01,-2.9387e-01,-2.9966e-01,-3.0532e-01,-3.1084e-01,-3.1625e-01,-3.2155e-01,-3.2676e-01,-3.3189e-01,-3.3695e-01,-3.4195e-01,-3.4690e-01,-3.5182e-01,-3.5673e-01,-3.6163e-01,-3.6655e-01,-3.7148e-01,-3.7646e-01,-3.8148e-01,-3.8658e-01,-3.9175e-01,-3.9701e-01,-4.0236e-01
-2.0914e-01,3.9979e-01,6.1937e-01,6.8028e-01,7.0138e-01,7.0303e-01,6.9141e-01,6.7295e-01,6.5394e-01,6.3904e-01,6.3069e-01,6.2929e-01,6.3370e-01,6.4196e-01,6.5201e-01,6.6249e-01,6.7332e-01,6.8575e-01,7.0151e-01,7.2152e-01,7.4446e-01,7.6646e-01,7.8225e-01,7.8880e-01,7.9482e-01,8.2562e-01,9.1830e-01,8.6707e-01,5.5222e-01,2.5287e-01,3.0107e-02,-7.6305e-02,-1.0309e-01,-1.0410e-01,-9.9738e-02,-9.2073e-02,-8.2397e-02,-7.3260e-02,-6.6704e-02,-6.3183e-02,-6.1697e-02,-6.0719e-02,-5.9187e-02,-5.6935e-02,-5.4544e-02,-5.2894e-02,-5.2744e-02,-5.4500e-02,-5.8177e-02,-6.3496e-02,-7.0012e-02,-7.7263e-02,-8.4858e-02,-9.2540e-02,-1.0019e-01,-1.0781e-01,-1.1545e-01,-1.2321e-01,-1.3116e-01,-1.3936e-01,-1.4781e-01,-1.5649e-01,-1.6534e-01,-1.7428e-01,-1.8325e-01,-1.9217e-01,-2.0095e-01,-2.0956e-01,-2.1794e-01,-2.2608e-01,-2.3394e-01,-2.4152e-01,-2.4884e-01,-2.5588e-01,-2.6267e-01,-2.6923e-01,-2.7556e-01,-2.8169e-01,-2.8763e-01,-2.9340e-01,-2.9902e-01,-3.0449e-01,-3.0984e-01,-3.1507e-01,-3.2020e-01,-3.2525e-01,-3.3023e-01,-3.3514e-01,-3.4001e-01,-3.4485e-01,-3.4968e-01,-3.5450e-01,-3.5933e-01,-3.6419e-01,-3.6909e-01,-3.7404e-01,-3.7906e-01,-3.8417e-01,-3.8936e-01,-3.9466e-01
-2.0591e-01,4.1554e-01,6.3674e-01,6.9635e-01,7.1801e-01,7.2151e-01,7.1174e-01,6.9409e-01,6.7449e-01,6.5774e-01,6.4680e-01,6.4268e-01,6.4486e-01,6.5177e-01,6.6142e-01,6.7203e-01,6.8267e-01,6.9365e-01,7.0632e-01,7.2227e-01,7.4204e-01,7.6410e-01,7.8473e-01,7.9920e-01,8.0511e-01,8.1106e-01,8.4135e-01,9.3383e-01,8.7020e-01,5.6015e-01,2.6600e-01,4.2851e-02,-6.7180e-02,-9.6525e-02,-9.8357e-02,-9.4247e-02,-8.6794e-02,-7.7434e-02,-6.8777e-02,-6.2850e-02,-6.0027e-02,-5.9188e-02,-5.8705e-02,-5.7466e-02,-5.5334e-02,-5.2960e-02,-5.1299e-02,-5.1156e-02,-5.2955e-02,-5.6707e-02,-6.2110e-02,-6.8705e-02,-7.6017e-02,-8.3658e-02,-9.1381e-02,-9.9083e-02,-1.0677e-01,-1.1452e-01,-1.2243e-01,-1.3055e-01,-1.3894e-01,-1.4760e-01,-1.5647e-01,-1.6550e-01,-1.7461e-01,-1.8370e-01,-1.9270e-01,-2.0154e-01,-2.1016e-01,-2.1853e-01,-2.2662e-01,-2.3441e-01,-2.4190e-01,-2.4909e-01,-2.5600e-01,-2.6265e-01,-2.6905e-01,-2.7521e-01,-2.8117e-01,-2.8694e-01,-2.9253e-01,-2.9797e-01,-3.0327e-01,-3.0844e-01,-3.1351e-01,-3.1849e-01,-3.2339e-01,-3.2823e-01,-3.3303e-01,-3.3779e-01,-3.4254e-01,-3.4728e-01,-3.5204e-01,-3.5683e-01,-3.6166e-01,-3.6654e-01,-3.7150e-01,-3.7654e-01,-3.8167e-01,-3.8691e-01
-2.0428e-01,4.2908e-01,6.5216e-01,7.1071e-01,7.3284e-01,7.3827e-01,7.3083e-01,7.1474e-01,6.9531e-01,6.7734e-01,6.6413e-01,6.5727e-01,6.5686e-01,6.6182e-01,6.7044e-01,6.8088e-01,6.9167e-01,7.0228e-01,7.1327e-01,7.2603e-01,7.4194e-01,7.6126e-01,7.8231e-01,8.0161e-01,8.1492e-01,8.2031e-01,8.2593e-01,8.5564e-01,9.4791e-01,8.7317e-01,5.6781e-01,2.7813e-01,5.4583e-02,-5.8677e-02,-9.0351e-02,-9.2944e-02,-8.9076e-02,-8.1826e-02,-7.2775e-02,-6.4585e-02,-5.9264e-02,-5.7099e-02,-5.6850e-02,-5.6789e-02,-5.5775e-02,-5.3709e-02,-5.1320e-02,-4.9633e-02,-4.9497e-02,-5.1344e-02,-5.5172e-02,-6.0661e-02,-6.7330e-02,-7.4696e-02,-8.2376e-02,-9.0137e-02,-9.7891e-02,-1.0566e-01,-1.1353e-01,-1.2158e-01,-1.2988e-01,-1.3847e-01,-1.4731e-01,-1.5637e-01,-1.6556e-01,-1.7479e-01,-1.8398e-01,-1.9303e-01,-2.0189e-01,-2.1050e-01,-2.1883e-01,-2.2684e-01,-2.3453e-01,-2.4190e-01,-2.4896e-01,-2.5573e-01,-2.6222e-01,-2.6845e-01,-2.7445e-01,-2.8023e-01,-2.8582e-01,-2.9124e-01,-2.9651e-01,-3.0165e-01,-3.0667e-01,-3.1159e-01,-3.1643e-01,-3.2121e-01,-3.2594e-01,-3.3063e-01,-3.3531e-01,-3.3999e-01,-3.4468e-01,-3.4939e-01,-3.5416e-01,-3.5898e-01,-3.6387e-01,-3.6885e-01,-3.7392e-01,-3.7910e-01
-2.0426e-01,4.4015e-01,6.6571e-01,7.2348e-01,7.4590e-01,7.5314e-01,7.4831e-01,7.3444e-01,7.1599e-01,6.9754e-01,6.8259e-01,6.7320e-01,6.7004e-01,6.7260e-01,6.7958e-01,6.8928e-01,7.0005e-01,7.1076e-01,7.2119e-01,7.3209e-01,7.4480e-01,7.6050e-01,7.7918e-01,7.9915e-01,8.1718e-01,8.2948e-01,8.3442e-01,8.3947e-01,8.6863e-01,9.6066e-01,8.7609e-01,5.7516e-01,2.8929e-01,6.5345e-02,-5.0759e-02,-8.4521e-02,-8.7812e-02,-8.4179e-02,-7.7134e-02,-6.8398e-02,-6.0675e-02,-5.5945e-02,-5.4400e-02,-5.4680e-02,-5.4969e-02,-5.4108e-02,-5.2055e-02,-4.9618e-02,-4.7893e-02,-4.7763e-02,-4.9664e-02,-5.3573e-02,-5.9145e-02,-6.5884e-02,-7.3299e-02,-8.1014e-02,-8.8812e-02,-9.6620e-02,-1.0448e-01,-1.1246e-01,-1.2067e-01,-1.2915e-01,-1.3791e-01,-1.4694e-01,-1.5615e-01,-1.6548e-01,-1.7481e-01,-1.8405e-01,-1.9314e-01,-2.0198e-01,-2.1055e-01,-2.1880e-01,-2.2671e-01,-2.3428e-01,-2.4152e-01,-2.4843e-01,-2.5504e-01,-2.6136e-01,-2.6743e-01,-2.7325e-01,-2.7887e-01,-2.8429e-01,-2.8955e-01,-2.9467e-01,-2.9965e-01,-3.0454e-01,-3.0933e-01,-3.1405e-01,-3.1872e-01,-3.2336e-01,-3.2797e-01,-3.3259e-01,-3.3722e-01,-3.4187e-01,-3.4658e-01,-3.5134e-01,-3.5617e-01,-3.6109e-01,-3.6611e-01,-3.7124e-01
-2.0586e-01,4.4869e-01,6.7756e-01,7.3486e-01,7.5737e-01,7.6613e-01,7.6392e-01,7.5274e-01,7.3606e-01,7.1796e-01,7.0196e-01,6.9045e-01,6.8462e-01,6.8452e-01,6.8933e-01,6.9767e-01,7.0793e-01,7.1872e-01,7.2918e-01,7.3933e-01,7.5004e-01,7.6258e-01,7.7790e-01,7.9583e-01,8.1468e-01,8.3153e-01,8.4297e-01,8.4748e-01,8.5172e-01,8.8046e-01,9.7221e-01,8.7902e-01,5.8218e-01,2.9949e-01,7.5167e-02,-4.3395e-02,-7.8995e-02,-8.2919e-02,-7.9517e-02,-7.2691e-02,-6.4284e-02,-5.7036e-02,-5.2888e-02,-5.1928e-02,-5.2676e-02,-5.3237e-02,-5.2457e-02,-5.0362e-02,-4.7848e-02,-4.6075e-02,-4.5955e-02,-4.7915e-02,-5.1908e-02,-5.7564e-02,-6.4367e-02,-7.1826e-02,-7.9574e-02,-8.7409e-02,-9.5275e-02,-1.0322e-01,-1.1133e-01,-1.1969e-01,-1.2833e-01,-1.3727e-01,-1.4645e-01,-1.5580e-01,-1.6523e-01,-1.7462e-01,-1.8390e-01,-1.9297e-01,-2.0177e-01,-2.1026e-01,-2.1841e-01,-2.2620e-01,-2.3363e-01,-2.4072e-01,-2.4747e-01,-2.5392e-01,-2.6007e-01,-2.6597e-01,-2.7164e-01,-2.7709e-01,-2.8236e-01,-2.8747e-01,-2.9244e-01,-2.9730e-01,-3.0206e-01,-3.0674e-01,-3.1137e-01,-3.1595e-01,-3.2052e-01,-3.2508e-01,-3.2966e-01,-3.3426e-01,-3.3891e-01,-3.4361e-01,-3.4840e-01,-3.5326e-01,-3.5823e-01,-3.6331e-01
-2.0894e-01,4.5485e-01,6.8792e-01,7.4507e-01,7.6745e-01,7.7737e-01,7.7755e-01,7.6928e-01,7.5500e-01,7.3809e-01,7.2187e-01,7.0885e-01,7.0065e-01,6.9784e-01,7.0014e-01,7.0656e-01,7.1572e-01,7.2617e-01,7.3675e-01,7.4684e-01,7.5666e-01,7.6710e-01,7.7935e-01,7.9417e-01,8.1125e-01,8.2898e-01,8.4475e-01,8.5544e-01,8.5951e-01,8.6277e-01,8.9124e-01,9.8269e-01,8.8200e-01,5.8883e-01,3.0877e-01,8.4085e-02,-3.6554e-02,-7.3737e-02,-7.8229e-02,-7.5060e-02,-6.8470e-02,-6.0416e-02,-5.3659e-02,-5.0086e-02,-4.9676e-02,-5.0827e-02,-5.1583e-02,-5.0813e-02,-4.8623e-02,-4.6005e-02,-4.4178e-02,-4.4072e-02,-4.6097e-02,-5.0179e-02,-5.5917e-02,-6.2783e-02,-7.0282e-02,-7.8060e-02,-8.5930e-02,-9.3857e-02,-1.0189e-01,-1.1013e-01,-1.1863e-01,-1.2743e-01,-1.3652e-01,-1.4584e-01,-1.5529e-01,-1.6479e-01,-1.7421e-01,-1.8347e-01,-1.9250e-01,-2.0123e-01,-2.0961e-01,-2.1763e-01,-2.2528e-01,-2.3257e-01,-2.3949e-01,-2.4608e-01,-2.5236e-01,-2.5835e-01,-2.6409e-01,-2.6960e-01,-2.7490e-01,-2.8003e-01,-2.8501e-01,-2.8985e-01,-2.9460e-01,-2.9926e-01,-3.0385e-01,-3.0840e-01,-3.1293e-01,-3.1745e-01,-3.2198e-01,-3.2654e-01,-3.3114e-01,-3.3580e-01,-3.4053e-01,-3.4536e-01,-3.5028e-01,-3.5532e-01
-2.1330e-01,4.5888e-01,6.9701e-01,7.5435e-01,7.7642e-01,7.8707e-01,7.8926e-01,7.8385e-01,7.7237e-01,7.5740e-01,7.4180e-01,7.2807e-01,7.1802e-01,7.1270e-01,7.1234e-01,7.1642e-01,7.2389e-01,7.3346e-01,7.4384e-01,7.5405e-01,7.6370e-01,7.7313e-01,7.8324e-01,7.9509e-01,8.0931e-01,8.2549e-01,8.4213e-01,8.5691e-01,8.6696e-01,8.7055e-01,8.7271e-01,9.0107e-01,9.9220e-01,8.8502e-01,5.9510e-01,3.1715e-01,9.2134e-02,-3.0211e-02,-6.8718e-02,-7.3710e-02,-7.0780e-02,-6.4452e-02,-5.6779e-02,-5.0534e-02,-4.7534e-02,-4.7636e-02,-4.9123e-02,-4.9994e-02,-4.9161e-02,-4.6829e-02,-4.4085e-02,-4.2202e-02,-4.2114e-02,-4.4213e-02,-4.8387e-02,-5.4209e-02,-6.1133e-02,-6.8669e-02,-7.6474e-02,-8.4382e-02,-9.2370e-02,-1.0050e-01,-1.0885e-01,-1.1749e-01,-1.2643e-01,-1.3565e-01,-1.4507e-01,-1.5459e-01,-1.6411e-01,-1.7353e-01,-1.8275e-01,-1.9170e-01,-2.0032e-01,-2.0857e-01,-2.1645e-01,-2.2395e-01,-2.3107e-01,-2.3783e-01,-2.4425e-01,-2.5037e-01,-2.5620e-01,-2.6179e-01,-2.6715e-01,-2.7232e-01,-2.7732e-01,-2.8218e-01,-2.8693e-01,-2.9158e-01,-2.9616e-01,-3.0069e-01,-3.0519e-01,-3.0967e-01,-3.1417e-01,-3.1869e-01,-3.2326e-01,-3.2788e-01,-3.3257e-01,-3.3736e-01,-3.4224e-01,-3.4724e-01
-2.1860e-01,4.6112e-01,7.0506e-01,7.6290e-01,7.8452e-01,7.9552e-01,7.9924e-01,7.9639e-01,7.8786e-01,7.7538e-01,7.6121e-01,7.4760e-01,7.3643e-01,7.2904e-01,7.2611e-01,7.2762e-01,7.3295e-01,7.4105e-01,7.5072e-01,7.6083e-01,7.7058e-01,7.7974e-01,7.8873e-01,7.9844e-01,8.0982e-01,8.2336e-01,8.3861e-01,8.5420e-01,8.6809e-01,8.7758e-01,8.8065e-01,8.8164e-01,9.1004e-01,1.0008e+00,8.8808e-01,6.0096e-01,3.2465e-01,9.9349e-02,-2.4340e-02,-6.3914e-02,-6.9339e-02,-6.6656e-02,-6.0619e-02,-5.3361e-02,-4.7651e-02,-4.5221e-02,-4.5796e-02,-4.7551e-02,-4.8456e-02,-4.7491e-02,-4.4973e-02,-4.2085e-02,-4.0145e-02,-4.0086e-02,-4.2266e-02,-4.6537e-02,-5.2442e-02,-5.9422e-02,-6.6991e-02,-7.4823e-02,-8.2768e-02,-9.0817e-02,-9.9034e-02,-1.0750e-01,-1.1626e-01,-1.2532e-01,-1.3463e-01,-1.4412e-01,-1.5367e-01,-1.6318e-01,-1.7255e-01,-1.8169e-01,-1.9053e-01,-1.9901e-01,-2.0712e-01,-2.1484e-01,-2.2217e-01,-2.2912e-01,-2.3572e-01,-2.4198e-01,-2.4794e-01,-2.5363e-01,-2.5908e-01,-2.6431e-01,-2.6936e-01,-2.7425e-01,-2.7902e-01,-2.8368e-01,-2.8826e-01,-2.9278e-01,-2.9727e-01,-3.0174e-01,-3.0622e-01,-3.1071e-01,-3.1525e-01,-3.1984e-01,-3.2450e-01,-3.2926e-01,-3.3411e-01,-3.3907e-01
-2.2451e-01,4.6192e-01,7.1227e-01,7.7090e-01,7.9200e-01,8.0302e-01,8.0776e-01,8.0701e-01,8.0129e-01,7.9160e-01,7.7953e-01,7.6689e-01,7.5543e-01,7.4661e-01,7.4145e-01,7.4040e-01,7.4328e-01,7.4942e-01,7.5781e-01,7.6736e-01,7.7707e-01,7.8630e-01,7.9494e-01,8.0347e-01,8.1272e-01,8.2357e-01,8.3637e-01,8.5068e-01,8.6526e-01,8.7835e-01,8.8734e-01,8.8984e-01,8.8965e-01,9.1822e-01,1.0087e+00,8.9118e-01,6.0639e-01,3.3130e-01,1.0577e-01,-1.8914e-02,-5.9304e-02,-6.5098e-02,-6.2671e-02,-5.6957e-02,-5.0151e-02,-4.5001e-02,-4.3135e-02,-4.4141e-02,-4.6091e-02,-4.6951e-02,-4.5788e-02,-4.3047e-02,-4.0002e-02,-3.8010e-02,-3.7990e-02,-4.0261e-02,-4.4634e-02,-5.0621e-02,-5.7654e-02,-6.5254e-02,-7.3110e-02,-8.1091e-02,-8.9197e-02,-9.7495e-02,-1.0606e-01,-1.1491e-01,-1.2406e-01,-1.3344e-01,-1.4295e-01,-1.5249e-01,-1.6196e-01,-1.7124e-01,-1.8026e-01,-1.8896e-01,-1.9730e-01,-2.0524e-01,-2.1279e-01,-2.1995e-01,-2.2673e-01,-2.3316e-01,-2.3927e-01,-2.4509e-01,-2.5064e-01,-2.5597e-01,-2.6109e-01,-2.6604e-01,-2.7085e-01,-2.7554e-01,-2.8014e-01,-2.8468e-01,-2.8917e-01,-2.9363e-01,-2.9810e-01,-3.0258e-01,-3.0710e-01,-3.1167e-01,-3.1632e-01,-3.2104e-01,-3.2587e-01,-3.3081e-01
-2.3068e-01,4.6161e-01,7.1880e-01,7.7850e-01,7.9905e-01,8.0983e-01,8.1515e-01,8.1597e-01,8.1269e-01,8.0581e-01,7.9626e-01,7.8531e-01,7.7442e-01,7.6497e-01,7.5817e-01,7.5481e-01,7.5518e-01,7.5900e-01,7.6561e-01,7.7405e-01,7.8331e-01,7.9254e-01,8.0121e-01,8.0931e-01,8.1734e-01,8.2610e-01,8.3635e-01,8.4838e-01,8.6175e-01,8.7540e-01,8.8777e-01,8.9629e-01,8.9819e-01,8.9684e-01,9.2566e-01,1.0159e+00,8.9429e-01,6.1140e-01,3.3712e-01,1.1142e-01,-1.3910e-02,-5.4870e-02,-6.0970e-02,-5.8813e-02,-5.3456e-02,-4.7141e-02,-4.2574e-02,-4.1263e-02,-4.2653e-02,-4.4723e-02,-4.5458e-02,-4.4039e-02,-4.1043e-02,-3.7837e-02,-3.5801e-02,-3.5833e-02,-3.8204e-02,-4.2681e-02,-4.8751e-02,-5.5835e-02,-6.3462e-02,-7.1340e-02,-7.9353e-02,-8.7510e-02,-9.5876e-02,-1.0451e-01,-1.1344e-01,-1.2264e-01,-1.3204e-01,-1.4154e-01,-1.5103e-01,-1.6040e-01,-1.6957e-01,-1.7845e-01,-1.8699e-01,-1.9515e-01,-2.0291e-01,-2.1029e-01,-2.1727e-01,-2.2389e-01,-2.3017e-01,-2.3614e-01,-2.4183e-01,-2.4727e-01,-2.5249e-01,-2.5752e-01,-2.6239e-01,-2.6713e-01,-2.7177e-01,-2.7634e-01,-2.8085e-01,-2.8533e-01,-2.8980e-01,-2.9428e-01,-2.9880e-01,-3.0336e-01,-3.0799e-01,-3.1271e-01,-3.1752e-01,-3.2244e-01
-2.3680e-01,4.6050e-01,7.2482e-01,7.8584e-01,8.0581e-01,8.1618e-01,8.2169e-01,8.2357e-01,8.2224e-01,8.1794e-01,8.1106e-01,8.0232e-01,7.9276e-01,7.8354e-01,7.7585e-01,7.7069e-01,7.6872e-01,7.7011e-01,7.7454e-01,7.8135e-01,7.8965e-01,7.9853e-01,8.0722e-01,8.1531e-01,8.2286e-01,8.3038e-01,8.3860e-01,8.4822e-01,8.5946e-01,8.7191e-01,8.8467e-01,8.9639e-01,9.0449e-01,9.0575e-01,9.0329e-01,9.3241e-01,1.0224e+00,8.9741e-01,6.1597e-01,3.4216e-01,1.1636e-01,-9.3001e-03,-5.0598e-02,-5.6945e-02,-5.5070e-02,-5.0107e-02,-4.4323e-02,-4.0360e-02,-3.9593e-02,-4.1314e-02,-4.3427e-02,-4.3960e-02,-4.2230e-02,-3.8957e-02,-3.5589e-02,-3.3523e-02,-3.3620e-02,-3.6101e-02,-4.0688e-02,-4.6839e-02,-5.3971e-02,-6.1622e-02,-6.9516e-02,-7.7553e-02,-8.5749e-02,-9.4165e-02,-1.0285e-01,-1.1182e-01,-1.2103e-01,-1.3041e-01,-1.3985e-01,-1.4925e-01,-1.5850e-01,-1.6751e-01,-1.7622e-01,-1.8457e-01,-1.9255e-01,-2.0013e-01,-2.0733e-01,-2.1415e-01,-2.2062e-01,-2.2676e-01,-2.3260e-01,-2.3818e-01,-2.4351e-01,-2.4865e-01,-2.5361e-01,-2.5843e-01,-2.6313e-01,-2.6775e-01,-2.7230e-01,-2.7681e-01,-2.8130e-01,-2.8580e-01,-2.9032e-01,-2.9489e-01,-2.9952e-01,-3.0423e-01,-3.0904e-01,-3.1395e-01
-2.4264e-01,4.5884e-01,7.3044e-01,7.9302e-01,8.1242e-01,8.2224e-01,8.2767e-01,8.3013e-01,8.3023e-01,8.2809e-01,8.2377e-01,8.1750e-01,8.0986e-01,8.0167e-01,7.9393e-01,7.8769e-01,7.8382e-01,7.8288e-01,7.8495e-01,7.8972e-01,7.9653e-01,8.0456e-01,8.1298e-01,8.2111e-01,8.2862e-01,8.3561e-01,8.4259e-01,8.5026e-01,8.5922e-01,8.6965e-01,8.8120e-01,8.9314e-01,9.0427e-01,9.1197e-01,9.1259e-01,9.0909e-01,9.3853e-01,1.0284e+00,9.0050e-01,6.2010e-01,3.4644e-01,1.2061e-01,-5.0599e-03,-4.6470e-02,-5.3011e-02,-5.1437e-02,-4.6906e-02,-4.1688e-02,-3.8349e-02,-3.8106e-02,-4.0100e-02,-4.2178e-02,-4.2437e-02,-4.0351e-02,-3.6784e-02,-3.3262e-02,-3.1181e-02,-3.1358e-02,-3.3959e-02,-3.8660e-02,-4.4891e-02,-5.2067e-02,-5.9736e-02,-6.7640e-02,-7.5692e-02,-8.3910e-02,-9.2351e-02,-1.0105e-01,-1.1002e-01,-1.1920e-01,-1.2851e-01,-1.3785e-01,-1.4712e-01,-1.5620e-01,-1.6504e-01,-1.7356e-01,-1.8172e-01,-1.8950e-01,-1.9691e-01,-2.0393e-01,-2.1059e-01,-2.1692e-01,-2.2294e-01,-2.2867e-01,-2.3415e-01,-2.3941e-01,-2.4449e-01,-2.4940e-01,-2.5419e-01,-2.5887e-01,-2.6348e-01,-2.6804e-01,-2.7258e-01,-2.7711e-01,-2.8166e-01,-2.8625e-01,-2.9089e-01,-2.9561e-01,-3.0042e-01,-3.0533e-01
-2.4801e-01,4.5686e-01,7.3578e-01,8.0012e-01,8.1898e-01,8.2815e-01,8.3329e-01,8.3597e-01,8.3698e-01,8.3651e-01,8.3443e-01,8.3062e-01,8.2523e-01,8.1869e-01,8.1173e-01,8.0523e-01,8.0013e-01,7.9723e-01,7.9701e-01,7.9951e-01,8.0441e-01,8.1108e-01,8.1875e-01,8.2666e-01,8.3422e-01,8.4115e-01,8.4759e-01,8.5403e-01,8.6111e-01,8.6939e-01,8.7902e-01,8.8971e-01,9.0087e-01,9.1147e-01,9.1879e-01,9.1876e-01,9.1429e-01,9.4406e-01,1.0339e+00,9.0355e-01,6.2381e-01,3.5000e-01,1.2422e-01,-1.1636e-03,-4.2478e-02,-4.9165e-02,-4.7909e-02,-4.3846e-02,-3.9232e-02,-3.6529e-02,-3.6784e-02,-3.8990e-02,-4.0952e-02,-4.0870e-02,-3.8390e-02,-3.4524e-02,-3.0860e-02,-2.8782e-02,-2.9057e-02,-3.1788e-02,-3.6605e-02,-4.2915e-02,-5.0130e-02,-5.7810e-02,-6.5713e-02,-7.3763e-02,-8.1980e-02,-9.0415e-02,-9.9100e-02,-1.0802e-01,-1.1713e-01,-1.2633e-01,-1.3552e-01,-1.4461e-01,-1.5351e-01,-1.6214e-01,-1.7045e-01,-1.7841e-01,-1.8600e-01,-1.9323e-01,-2.0009e-01,-2.0661e-01,-2.1281e-01,-2.1872e-01,-2.2437e-01,-2.2978e-01,-2.3499e-01,-2.4002e-01,-2.4492e-01,-2.4969e-01,-2.5439e-01,-2.5902e-01,-2.6361e-01,-2.6819e-01,-2.7278e-01,-2.7740e-01,-2.8208e-01,-2.8682e-01,-2.9164e-01,-2.9657e-01
-2.5279e-01,4.5473e-01,7.4092e-01,8.0721e-01,8.2556e-01,8.3403e-01,8.3872e-01,8.4134e-01,8.4283e-01,8.4351e-01,8.4323e-01,8.4165e-01,8.3857e-01,8.3409e-01,8.2857e-01,8.2263e-01,8.1711e-01,8.1288e-01,8.1068e-01,8.1092e-01,8.1365e-01,8.1852e-01,8.2495e-01,8.3221e-01,8.3960e-01,8.4658e-01,8.5294e-01,8.5882e-01,8.6471e-01,8.7120e-01,8.7879e-01,8.8763e-01,8.9748e-01,9.0793e-01,9.1803e-01,9.2500e-01,9.2434e-01,9.1898e-01,9.4903e-01,1.0389e+00,9.0656e-01,6.2709e-01,3.5286e-01,1.2723e-01,2.4150e-03,-3.8610e-02,-4.5402e-02,-4.4483e-02,-4.0925e-02,-3.6949e-02,-3.4888e-02,-3.5608e-02,-3.7956e-02,-3.9725e-02,-3.9241e-02,-3.6340e-02,-3.2175e-02,-2.8387e-02,-2.6335e-02,-2.6724e-02,-2.9596e-02,-3.4532e-02,-4.0918e-02,-4.8165e-02,-5.5846e-02,-6.3733e-02,-7.1759e-02,-7.9946e-02,-8.8340e-02,-9.6962e-02,-1.0579e-01,-1.1477e-01,-1.2382e-01,-1.3283e-01,-1.4171e-01,-1.5039e-01,-1.5880e-01,-1.6690e-01,-1.7465e-01,-1.8206e-01,-1.8911e-01,-1.9583e-01,-2.0222e-01,-2.0832e-01,-2.1414e-01,-2.1972e-01,-2.2509e-01,-2.3026e-01,-2.3529e-01,-2.4018e-01,-2.4498e-01,-2.4970e-01,-2.5437e-01,-2.5902e-01,-2.6367e-01,-2.6835e-01,-2.7306e-01,-2.7784e-01,-2.8270e-01,-2.8765e-01
-2.5689e-01,4.5261e-01,7.4594e-01,8.1435e-01,8.3224e-01,8.3995e-01,8.4408e-01,8.4644e-01,8.4806e-01,8.4944e-01,8.5047e-01,8.5073e-01,8.4982e-01,8.4751e-01,8.4386e-01,8.3920e-01,8.3408e-01,8.2930e-01,8.2569e-01,8.2396e-01,8.2448e-01,8.2727e-01,8.3201e-01,8.3812e-01,8.4494e-01,8.5179e-01,8.5821e-01,8.6401e-01,8.6935e-01,8.7469e-01,8.8058e-01,8.8748e-01,8.9553e-01,9.0459e-01,9.1436e-01,9.2402e-01,9.3064e-01,9.2937e-01,9.2319e-01,9.5348e-01,1.0434e+00,9.0951e-01,6.2997e-01,3.5507e-01,1.2968e-01,5.7010e-03,-3.4858e-02,-4.1720e-02,-4.1159e-02,-3.8142e-02,-3.4831e-02,-3.3413e-02,-3.4556e-02,-3.6975e-02,-3.8473e-02,-3.7535e-02,-3.4195e-02,-2.9741e-02,-2.5853e-02,-2.3851e-02,-2.4372e-02,-2.7392e-02,-3.2449e-02,-3.8907e-02,-4.6177e-02,-5.3845e-02,-6.1695e-02,-6.9670e-02,-7.7792e-02,-8.6102e-02,-9.4615e-02,-1.0331e-01,-1.1211e-01,-1.2096e-01,-1.2975e-01,-1.3840e-01,-1.4684e-01,-1.5502e-01,-1.6290e-01,-1.7045e-01,-1.7768e-01,-1.8457e-01,-1.9116e-01,-1.9745e-01,-2.0346e-01,-2.0922e-01,-2.1476e-01,-2.2010e-01,-2.2527e-01,-2.3031e-01,-2.3523e-01,-2.4006e-01,-2.4484e-01,-2.4958e-01,-2.5431e-01,-2.5905e-01,-2.6383e-01,-2.6866e-01,-2.7356e-01,-2.7855e-01
-2.6029e-01,4.5062e-01,7.5087e-01,8.2158e-01,8.3907e-01,8.4599e-01,8.4949e-01,8.5143e-01,8.5293e-01,8.5461e-01,8.5649e-01,8.5814e-01,8.5906e-01,8.5882e-01,8.5722e-01,8.5430e-01,8.5031e-01,8.4581e-01,8.4156e-01,8.3838e-01,8.3692e-01,8.3757e-01,8.4031e-01,8.4484e-01,8.5060e-01,8.5695e-01,8.6328e-01,8.6915e-01,8.7441e-01,8.7921e-01,8.8400e-01,8.8928e-01,8.9550e-01,9.0279e-01,9.1108e-01,9.2023e-01,9.2946e-01,9.3576e-01,9.3391e-01,9.2698e-01,9.5745e-01,1.0476e+00,9.1239e-01,6.3244e-01,3.5667e-01,1.3162e-01,8.7194e-03,-3.1216e-02,-3.8119e-02,-3.7937e-02,-3.5494e-02,-3.2871e-02,-3.2087e-02,-3.3605e-02,-3.6018e-02,-3.7173e-02,-3.5737e-02,-3.1950e-02,-2.7226e-02,-2.3265e-02,-2.1339e-02,-2.2010e-02,-2.5187e-02,-3.0365e-02,-3.6887e-02,-4.4168e-02,-5.1803e-02,-5.9592e-02,-6.7482e-02,-7.5499e-02,-8.3678e-02,-9.2032e-02,-1.0053e-01,-1.0912e-01,-1.1773e-01,-1.2626e-01,-1.3466e-01,-1.4285e-01,-1.5079e-01,-1.5845e-01,-1.6581e-01,-1.7287e-01,-1.7963e-01,-1.8611e-01,-1.9231e-01,-1.9826e-01,-2.0399e-01,-2.0951e-01,-2.1485e-01,-2.2005e-01,-2.2512e-01,-2.3009e-01,-2.3499e-01,-2.3984e-01,-2.4467e-01,-2.4950e-01,-2.5436e-01,-2.5926e-01,-2.6422e-01,-2.6926e-01
-2.6295e-01,4.4887e-01,7.5577e-01,8.2893e-01,8.4610e-01,8.5221e-01,8.5502e-01,8.5643e-01,8.5762e-01,8.5930e-01,8.6162e-01,8.6422e-01,8.6656e-01,8.6810e-01,8.6848e-01,8.6750e-01,8.6515e-01,8.6168e-01,8.5761e-01,8.5371e-01,8.5078e-01,8.4947e-01,8.5013e-01,8.5274e-01,8.5700e-01,8.6239e-01,8.6828e-01,8.7410e-01,8.7944e-01,8.8416e-01,8.8845e-01,8.9268e-01,8.9737e-01,9.0290e-01,9.0945e-01,9.1702e-01,9.2557e-01,9.3441e-01,9.4040e-01,9.3801e-01,9.3039e-01,9.6099e-01,1.0515e+00,9.1521e-01,6.3454e-01,3.5768e-01,1.3308e-01,1.1494e-02,-2.7678e-02,-3.4600e-02,-3.4818e-02,-3.2980e-02,-3.1063e-02,-3.0895e-02,-3.2731e-02,-3.5060e-02,-3.5804e-02,-3.3836e-02,-2.9606e-02,-2.4638e-02,-2.0636e-02,-1.8812e-02,-1.9650e-02,-2.2992e-02,-2.8289e-02,-3.4866e-02,-4.2140e-02,-4.9719e-02,-5.7413e-02,-6.5180e-02,-7.3045e-02,-8.1042e-02,-8.9185e-02,-9.7446e-02,-1.0578e-01,-1.1410e-01,-1.2236e-01,-1.3048e-01,-1.3841e-01,-1.4612e-01,-1.5357e-01,-1.6075e-01,-1.6766e-01,-1.7431e-01,-1.8070e-01,-1.8684e-01,-1.9276e-01,-1.9847e-01,-2.0400e-01,-2.0937e-01,-2.1461e-01,-2.1974e-01,-2.2478e-01,-2.2977e-01,-2.3472e-01,-2.3967e-01,-2.4462e-01,-2.4961e-01,-2.5465e-01,-2.5976e-01
-2.6487e-01,4.4743e-01,7.6064e-01,8.3640e-01,8.5334e-01,8.5866e-01,8.6072e-01,8.6153e-01,8.6227e-01,8.6373e-01,8.6616e-01,8.6931e-01,8.7264e-01,8.7559e-01,8.7768e-01,8.7859e-01,8.7811e-01,8.7620e-01,8.7308e-01,8.6929e-01,8.6559e-01,8.6279e-01,8.6153e-01,8.6211e-01,8.6455e-01,8.6851e-01,8.7351e-01,8.7895e-01,8.8427e-01,8.8910e-01,8.9332e-01,8.9709e-01,9.0079e-01,9.0488e-01,9.0975e-01,9.1557e-01,9.2245e-01,9.3045e-01,9.3892e-01,9.4461e-01,9.4173e-01,9.3346e-01,9.6411e-01,1.0550e+00,9.1795e-01,6.3627e-01,3.5816e-01,1.3411e-01,1.4047e-02,-2.4239e-02,-3.1165e-02,-3.1805e-02,-3.0597e-02,-2.9397e-02,-2.9819e-02,-3.1908e-02,-3.4075e-02,-3.4346e-02,-3.1826e-02,-2.7165e-02,-2.1985e-02,-1.7977e-02,-1.6283e-02,-1.7303e-02,-2.0816e-02,-2.6226e-02,-3.2845e-02,-4.0090e-02,-4.7583e-02,-5.5144e-02,-6.2742e-02,-7.0404e-02,-7.8168e-02,-8.6048e-02,-9.4025e-02,-1.0205e-01,-1.1008e-01,-1.1803e-01,-1.2587e-01,-1.3354e-01,-1.4102e-01,-1.4827e-01,-1.5529e-01,-1.6208e-01,-1.6863e-01,-1.7495e-01,-1.8106e-01,-1.8697e-01,-1.9270e-01,-1.9826e-01,-2.0369e-01,-2.0899e-01,-2.1421e-01,-2.1935e-01,-2.2445e-01,-2.2952e-01,-2.3459e-01,-2.3969e-01,-2.4483e-01,-2.5003e-01
-2.6606e-01,4.4637e-01,7.6550e-01,8.4401e-01,8.6082e-01,8.6536e-01,8.6666e-01,8.6680e-01,8.6699e-01,8.6807e-01,8.7037e-01,8.7371e-01,8.7765e-01,8.8159e-01,8.8505e-01,8.8761e-01,8.8897e-01,8.8887e-01,8.8726e-01,8.8435e-01,8.8070e-01,8.7710e-01,8.7434e-01,8.7304e-01,8.7351e-01,8.7572e-01,8.7938e-01,8.8399e-01,8.8899e-01,8.9383e-01,8.9818e-01,9.0192e-01,9.0520e-01,9.0837e-01,9.1187e-01,9.1608e-01,9.2121e-01,9.2743e-01,9.3490e-01,9.4301e-01,9.4844e-01,9.4509e-01,9.3623e-01,9.6686e-01,1.0582e+00,9.2062e-01,6.3765e-01,3.5813e-01,1.3474e-01,1.6401e-02,-2.0896e-02,-2.7817e-02,-2.8899e-02,-2.8346e-02,-2.7863e-02,-2.8839e-02,-3.1111e-02,-3.3037e-02,-3.2785e-02,-2.9700e-02,-2.4633e-02,-1.9279e-02,-1.5301e-02,-1.3764e-02,-1.4984e-02,-1.8669e-02,-2.4185e-02,-3.0827e-02,-3.8016e-02,-4.5386e-02,-5.2772e-02,-6.0149e-02,-6.7554e-02,-7.5030e-02,-8.2598e-02,-9.0246e-02,-9.7940e-02,-1.0563e-01,-1.1328e-01,-1.2083e-01,-1.2824e-01,-1.3550e-01,-1.4257e-01,-1.4945e-01,-1.5614e-01,-1.6262e-01,-1.6891e-01,-1.7501e-01,-1.8093e-01,-1.8670e-01,-1.9233e-01,-1.9783e-01,-2.0323e-01,-2.0855e-01,-2.1381e-01,-2.1904e-01,-2.2425e-01,-2.2948e-01,-2.3474e-01,-2.4004e-01
-2.6654e-01,4.4574e-01,7.7036e-01,8.5173e-01,8.6855e-01,8.7234e-01,8.7286e-01,8.7230e-01,8.7187e-01,8.7244e-01,8.7441e-01,8.7770e-01,8.8190e-01,8.8647e-01,8.9091e-01,8.9478e-01,8.9774e-01,8.9944e-01,8.9961e-01,8.9817e-01,8.9536e-01,8.9176e-01,8.8817e-01,8.8539e-01,8.8400e-01,8.8431e-01,8.8628e-01,8.8963e-01,8.9387e-01,8.9844e-01,9.0284e-01,9.0673e-01,9.1000e-01,9.1280e-01,9.1546e-01,9.1839e-01,9.2195e-01,9.2641e-01,9.3200e-01,9.3897e-01,9.4675e-01,9.5191e-01,9.4815e-01,9.3873e-01,9.6927e-01,1.0611e+00,9.2323e-01,6.3872e-01,3.5764e-01,1.3502e-01,1.8574e-02,-1.7649e-02,-2.4559e-02,-2.6102e-02,-2.6221e-02,-2.6450e-02,-2.7934e-02,-3.0314e-02,-3.1924e-02,-3.1106e-02,-2.7459e-02,-2.2017e-02,-1.6531e-02,-1.2623e-02,-1.1270e-02,-1.2702e-02,-1.6559e-02,-2.2169e-02,-2.8812e-02,-3.5912e-02,-4.3115e-02,-5.0274e-02,-5.7376e-02,-6.4469e-02,-7.1605e-02,-7.8813e-02,-8.6094e-02,-9.3426e-02,-1.0077e-01,-1.0810e-01,-1.1536e-01,-1.2253e-01,-1.2959e-01,-1.3650e-01,-1.4326e-01,-1.4987e-01,-1.5631e-01,-1.6259e-01,-1.6871e-01,-1.7468e-01,-1.8051e-01,-1.8622e-01,-1.9182e-01,-1.9734e-01,-2.0279e-01,-2.0819e-01,-2.1357e-01,-2.1895e-01,-2.2435e-01,-2.2978e-01
-2.6632e-01,4.4558e-01,7.7521e-01,8.5956e-01,8.7652e-01,8.7961e-01,8.7936e-01,8.7807e-01,8.7697e-01,8.7695e-01,8.7846e-01,8.8148e-01,8.8569e-01,8.9056e-01,8.9560e-01,9.0041e-01,9.0463e-01,9.0790e-01,9.0985e-01,9.1019e-01,9.0881e-01,9.0601e-01,9.0239e-01,8.9875e-01,8.9589e-01,8.9439e-01,8.9452e-01,8.9625e-01,8.9929e-01,9.0316e-01,9.0733e-01,9.1131e-01,9.1477e-01,9.1761e-01,9.1994e-01,9.2210e-01,9.2447e-01,9.2741e-01,9.3122e-01,9.3621e-01,9.4271e-01,9.5016e-01,9.5508e-01,9.5095e-01,9.4100e-01,9.7137e-01,1.0638e+00,9.2579e-01,6.3949e-01,3.5673e-01,1.3499e-01,2.0585e-02,-1.4496e-02,-2.1396e-02,-2.3416e-02,-2.4219e-02,-2.5143e-02,-2.7082e-02,-2.9490e-02,-3.0715e-02,-2.9301e-02,-2.5104e-02,-1.9327e-02,-1.3757e-02,-9.9571e-03,-8.8137e-03,-1.0468e-02,-1.4496e-02,-2.0183e-02,-2.6796e-02,-3.3765e-02,-4.0754e-02,-4.7631e-02,-5.4401e-02,-6.1125e-02,-6.7869e-02,-7.4675e-02,-8.1557e-02,-8.8505e-02,-9.5496e-02,-1.0250e-01,-1.0949e-01,-1.1643e-01,-1.2330e-01,-1.3008e-01,-1.3675e-01,-1.4331e-01,-1.4973e-01,-1.5603e-01,-1.6219e-01,-1.6823e-01,-1.7416e-01,-1.7998e-01,-1.8570e-01,-1.9136e-01,-1.9696e-01,-2.0252e-01,-2.0807e-01,-2.1363e-01,-2.1922e-01
-2.6542e-01,4.4593e-01,7.8004e-01,8.6745e-01,8.8472e-01,8.8717e-01,8.8616e-01,8.8414e-01,8.8233e-01,8.8165e-01,8.8259e-01,8.8522e-01,8.8922e-01,8.9413e-01,8.9948e-01,9.0487e-01,9.0997e-01,9.1447e-01,9.1798e-01,9.2009e-01,9.2048e-01,9.1908e-01,9.1622e-01,9.1253e-01,9.0882e-01,9.0586e-01,9.0422e-01,9.0416e-01,9.0565e-01,9.0839e-01,9.1192e-01,9.1571e-01,9.1930e-01,9.2236e-01,9.2477e-01,9.2667e-01,9.2834e-01,9.3016e-01,9.3250e-01,9.3569e-01,9.4011e-01,9.4614e-01,9.5329e-01,9.5798e-01,9.5351e-01,9.4305e-01,9.7320e-01,1.0663e+00,9.2829e-01,6.3998e-01,3.5544e-01,1.3468e-01,2.2449e-02,-1.1437e-02,-1.8331e-02,-2.0843e-02,-2.2334e-02,-2.3930e-02,-2.6260e-02,-2.8617e-02,-2.9393e-02,-2.7363e-02,-2.2640e-02,-1.6576e-02,-1.0972e-02,-7.3198e-03,-6.4099e-03,-8.2953e-03,-1.2484e-02,-1.8226e-02,-2.4774e-02,-3.1566e-02,-3.8286e-02,-4.4822e-02,-5.1200e-02,-5.7500e-02,-6.3804e-02,-7.0170e-02,-7.6628e-02,-8.3178e-02,-8.9810e-02,-9.6501e-02,-1.0323e-01,-1.0996e-01,-1.1667e-01,-1.2334e-01,-1.2995e-01,-1.3648e-01,-1.4292e-01,-1.4926e-01,-1.5549e-01,-1.6163e-01,-1.6767e-01,-1.7362e-01,-1.7949e-01,-1.8531e-01,-1.9108e-01,-1.9683e-01,-2.0257e-01,-2.0832e-01
-2.6385e-01,4.4682e-01,7.8484e-01,8.7537e-01,8.9312e-01,8.9502e-01,8.9327e-01,8.9051e-01,8.8797e-01,8.8660e-01,8.8691e-01,8.8901e-01,8.9266e-01,8.9742e-01,9.0283e-01,9.0850e-01,9.1414e-01,9.1948e-01,9.2419e-01,9.2786e-01,9.3003e-01,9.3039e-01,9.2892e-01,9.2596e-01,9.2216e-01,9.1835e-01,9.1528e-01,9.1350e-01,9.1326e-01,9.1451e-01,9.1697e-01,9.2018e-01,9.2362e-01,9.2684e-01,9.2952e-01,9.3154e-01,9.3301e-01,9.3421e-01,9.3550e-01,9.3726e-01,9.3985e-01,9.4372e-01,9.4932e-01,9.5616e-01,9.6064e-01,9.5587e-01,9.4492e-01,9.7478e-01,1.0686e+00,9.3076e-01,6.4023e-01,3.5381e-01,1.3412e-01,2.4181e-02,-8.4735e-03,-1.5368e-02,-1.8382e-02,-2.0559e-02,-2.2793e-02,-2.5446e-02,-2.7670e-02,-2.7942e-02,-2.5289e-02,-2.0076e-02,-1.3780e-02,-8.1930e-03,-4.7260e-03,-4.0717e-03,-6.1917e-03,-1.0530e-02,-1.6297e-02,-2.2737e-02,-2.9300e-02,-3.5689e-02,-4.1822e-02,-4.7749e-02,-5.3574e-02,-5.9396e-02,-6.5292e-02,-7.1305e-02,-7.7452e-02,-8.3728e-02,-9.0116e-02,-9.6596e-02,-1.0314e-01,-1.0972e-01,-1.1631e-01,-1.2288e-01,-1.2941e-01,-1.3589e-01,-1.4230e-01,-1.4864e-01,-1.5489e-01,-1.6107e-01,-1.6717e-01,-1.7322e-01,-1.7921e-01,-1.8518e-01,-1.9112e-01,-1.9707e-01
-2.6163e-01,4.4826e-01,7.8961e-01,8.8329e-01,9.0169e-01,9.0313e-01,9.0069e-01,8.9720e-01,8.9393e-01,8.9183e-01,8.9146e-01,8.9296e-01,8.9614e-01,9.0059e-01,9.0588e-01,9.1160e-01,9.1749e-01,9.2331e-01,9.2884e-01,9.3370e-01,9.3744e-01,9.3960e-01,9.3987e-01,9.3827e-01,9.3519e-01,9.3128e-01,9.2737e-01,9.2418e-01,9.2226e-01,9.2183e-01,9.2286e-01,9.2505e-01,9.2796e-01,9.3108e-01,9.3396e-01,9.3629e-01,9.3795e-01,9.3901e-01,9.3976e-01,9.4054e-01,9.4174e-01,9.4375e-01,9.4709e-01,9.5227e-01,9.5881e-01,9.6310e-01,9.5805e-01,9.4664e-01,9.7615e-01,1.0707e+00,9.3319e-01,6.4025e-01,3.5187e-01,1.3335e-01,2.5794e-02,-5.6065e-03,-1.2509e-02,-1.6033e-02,-1.8887e-02,-2.1715e-02,-2.4616e-02,-2.6629e-02,-2.6352e-02,-2.3083e-02,-1.7424e-02,-1.0953e-02,-5.4352e-03,-2.1920e-03,-1.8115e-03,-4.1661e-03,-8.6341e-03,-1.4391e-02,-2.0674e-02,-2.6947e-02,-3.2943e-02,-3.8610e-02,-4.4029e-02,-4.9329e-02,-5.4633e-02,-6.0035e-02,-6.5594e-02,-7.1336e-02,-7.7265e-02,-8.3370e-02,-8.9626e-02,-9.6006e-02,-1.0248e-01,-1.0901e-01,-1.1558e-01,-1.2214e-01,-1.2869e-01,-1.3520e-01,-1.4165e-01,-1.4805e-01,-1.5439e-01,-1.6067e-01,-1.6691e-01,-1.7310e-01,-1.7927e-01,-1.8544e-01
-2.5879e-01,4.5027e-01,7.9434e-01,8.9117e-01,9.1040e-01,9.1149e-01,9.0839e-01,9.0420e-01,9.0020e-01,8.9736e-01,8.9628e-01,8.9713e-01,8.9975e-01,9.0379e-01,9.0880e-01,9.1440e-01,9.2031e-01,9.2634e-01,9.3232e-01,9.3798e-01,9.4293e-01,9.4666e-01,9.4873e-01,9.4887e-01,9.4713e-01,9.4391e-01,9.3989e-01,9.3587e-01,9.3257e-01,9.3051e-01,9.2992e-01,9.3074e-01,9.3268e-01,9.3531e-01,9.3813e-01,9.4071e-01,9.4271e-01,9.4402e-01,9.4471e-01,9.4502e-01,9.4531e-01,9.4596e-01,9.4742e-01,9.5025e-01,9.5502e-01,9.6129e-01,9.6539e-01,9.6009e-01,9.4823e-01,9.7734e-01,1.0727e+00,9.3561e-01,6.4007e-01,3.4966e-01,1.3240e-01,2.7295e-02,-2.8377e-03,-9.7584e-03,-1.3793e-02,-1.7306e-02,-2.0678e-02,-2.3747e-02,-2.5474e-02,-2.4616e-02,-2.0748e-02,-1.4697e-02,-8.1134e-03,-2.7175e-03,2.6716e-04,3.5893e-04,-2.2248e-03,-6.7976e-03,-1.2501e-02,-1.8570e-02,-2.4489e-02,-3.0025e-02,-3.5165e-02,-4.0022e-02,-4.4754e-02,-4.9511e-02,-5.4403e-02,-5.9503e-02,-6.4847e-02,-7.0444e-02,-7.6284e-02,-8.2342e-02,-8.8587e-02,-9.4983e-02,-1.0149e-01,-1.0807e-01,-1.1470e-01,-1.2134e-01,-1.2797e-01,-1.3457e-01,-1.4114e-01,-1.4766e-01,-1.5414e-01,-1.6058e-01,-1.6699e-01,-1.7339e-01
-2.5533e-01,4.5286e-01,7.9903e-01,8.9895e-01,9.1919e-01,9.2005e-01,9.1636e-01,9.1149e-01,9.0678e-01,9.0321e-01,9.0139e-01,9.0155e-01,9.0356e-01,9.0709e-01,9.1173e-01,9.1708e-01,9.2285e-01,9.2887e-01,9.3501e-01,9.4110e-01,9.4684e-01,9.5180e-01,9.5546e-01,9.5740e-01,9.5737e-01,9.5547e-01,9.5212e-01,9.4800e-01,9.4389e-01,9.4049e-01,9.3830e-01,9.3755e-01,9.3817e-01,9.3989e-01,9.4226e-01,9.4481e-01,9.4710e-01,9.4881e-01,9.4980e-01,9.5013e-01,9.5003e-01,9.4984e-01,9.4997e-01,9.5090e-01,9.5324e-01,9.5761e-01,9.6360e-01,9.6754e-01,9.6201e-01,9.4970e-01,9.7836e-01,1.0745e+00,9.3803e-01,6.3973e-01,3.4723e-01,1.3129e-01,2.8697e-02,-1.7051e-04,-7.1166e-03,-1.1660e-02,-1.5808e-02,-1.9663e-02,-2.2818e-02,-2.4190e-02,-2.2729e-02,-1.8294e-02,-1.1912e-02,-5.2802e-03,-5.7466e-05,2.6371e-03,2.4291e-03,-3.7242e-04,-5.0174e-03,-1.0617e-02,-1.6409e-02,-2.1906e-02,-2.6915e-02,-3.1465e-02,-3.5711e-02,-3.9840e-02,-4.4027e-02,-4.8401e-02,-5.3045e-02,-5.8004e-02,-6.3288e-02,-6.8888e-02,-7.4776e-02,-8.0914e-02,-8.7261e-02,-9.3772e-02,-1.0040e-01,-1.0711e-01,-1.1387e-01,-1.2065e-01,-1.2742e-01,-1.3417e-01,-1.4089e-01,-1.4759e-01,-1.5426e-01,-1.6091e-01
-2.5126e-01,4.5603e-01,8.0367e-01,9.0659e-01,9.2801e-01,9.2877e-01,9.2456e-01,9.1905e-01,9.1365e-01,9.0936e-01,9.0681e-01,9.0625e-01,9.0760e-01,9.1057e-01,9.1475e-01,9.1975e-01,9.2528e-01,9.3114e-01,9.3723e-01,9.4344e-01,9.4960e-01,9.5536e-01,9.6026e-01,9.6380e-01,9.6557e-01,9.6536e-01,9.6331e-01,9.5984e-01,9.5563e-01,9.5143e-01,9.4794e-01,9.4564e-01,9.4474e-01,9.4519e-01,9.4669e-01,9.4884e-01,9.5115e-01,9.5318e-01,9.5462e-01,9.5531e-01,9.5530e-01,9.5481e-01,9.5417e-01,9.5380e-01,9.5422e-01,9.5609e-01,9.6007e-01,9.6579e-01,9.6956e-01,9.6383e-01,9.5110e-01,9.7926e-01,1.0761e+00,9.4047e-01,6.3925e-01,3.4461e-01,1.3006e-01,3.0005e-02,2.3951e-03,-4.5845e-03,-9.6279e-03,-1.4377e-02,-1.8650e-02,-2.1808e-02,-2.2765e-02,-2.0692e-02,-1.5732e-02,-9.0861e-03,-2.4716e-03,2.5275e-03,4.9038e-03,4.3912e-03,1.3904e-03,-3.2872e-03,-8.7265e-03,-1.4174e-02,-1.9177e-02,-2.3592e-02,-2.7497e-02,-3.1087e-02,-3.4586e-02,-3.8188e-02,-4.2042e-02,-4.6240e-02,-5.0830e-02,-5.5826e-02,-6.1211e-02,-6.6957e-02,-7.3017e-02,-7.9344e-02,-8.5885e-02,-9.2590e-02,-9.9413e-02,-1.0631e-01,-1.1326e-01,-1.2022e-01,-1.2718e-01,-1.3412e-01,-1.4105e-01,-1.4796e-01
-2.4662e-01,4.5979e-01,8.0828e-01,9.1406e-01,9.3682e-01,9.3761e-01,9.3295e-01,9.2684e-01,9.2078e-01,9.1579e-01,9.1252e-01,9.1125e-01,9.1192e-01,9.1427e-01,9.1793e-01,9.2252e-01,9.2771e-01,9.3331e-01,9.3920e-01,9.4534e-01,9.5160e-01,9.5778e-01,9.6350e-01,9.6829e-01,9.7166e-01,9.7323e-01,9.7285e-01,9.7066e-01,9.6709e-01,9.6280e-01,9.5854e-01,9.5498e-01,9.5257e-01,9.5154e-01,9.5182e-01,9.5314e-01,9.5508e-01,9.5716e-01,9.5897e-01,9.6016e-01,9.6058e-01,9.6026e-01,9.5940e-01,9.5832e-01,9.5748e-01,9.5740e-01,9.5881e-01,9.6243e-01,9.6788e-01,9.7150e-01,9.6558e-01,9.5242e-01,9.8006e-01,1.0777e+00,9.4292e-01,6.3865e-01,3.4184e-01,1.2872e-01,3.1225e-02,4.8571e-03,-2.1622e-03,-7.6910e-03,-1.3001e-02,-1.7619e-02,-2.0699e-02,-2.1191e-02,-1.8509e-02,-1.3076e-02,-6.2373e-03,2.9346e-04,5.0217e-03,7.0549e-03,6.2387e-03,3.0627e-03,-1.6005e-03,-6.8133e-03,-1.1843e-02,-1.6281e-02,-2.0038e-02,-2.3245e-02,-2.6144e-02,-2.8991e-02,-3.2004e-02,-3.5343e-02,-3.9110e-02,-4.3353e-02,-4.8085e-02,-5.3286e-02,-5.8917e-02,-6.4928e-02,-7.1263e-02,-7.7861e-02,-8.4666e-02,-9.1624e-02,-9.8690e-02,-1.0582e-01,-1.1299e-01,-1.2018e-01,-1.2737e-01,-1.3455e-01
-2.4140e-01,4.6412e-01,8.1285e-01,9.2131e-01,9.4554e-01,9.4651e-01,9.4149e-01,9.3482e-01,9.2814e-01,9.2248e-01,9.1851e-01,9.1653e-01,9.1652e-01,9.1823e-01,9.2133e-01,9.2544e-01,9.3024e-01,9.3550e-01,9.4111e-01,9.4702e-01,9.5317e-01,9.5946e-01,9.6561e-01,9.7123e-01,9.7586e-01,9.7903e-01,9.8040e-01,9.7985e-01,9.7753e-01,9.7388e-01,9.6954e-01,9.6523e-01,9.6161e-01,9.5912e-01,9.5797e-01,9.5810e-01,9.5924e-01,9.6100e-01,9.6289e-01,9.6449e-01,9.6546e-01,9.6564e-01,9.6503e-01,9.6382e-01,9.6233e-01,9.6102e-01,9.6047e-01,9.6145e-01,9.6470e-01,9.6990e-01,9.7337e-01,9.6728e-01,9.5370e-01,9.8077e-01,1.0792e+00,9.4542e-01,6.3797e-01,3.3894e-01,1.2729e-01,3.2363e-02,7.2135e-03,1.5200e-04,-5.8417e-03,-1.1664e-02,-1.6551e-02,-1.9476e-02,-1.9461e-02,-1.6189e-02,-1.0344e-02,-3.3870e-03,2.9954e-03,7.4088e-03,9.0796e-03,7.9667e-03,4.6489e-03,5.6468e-05,-4.8625e-03,-9.3989e-03,-1.3199e-02,-1.6236e-02,-1.8701e-02,-2.0881e-02,-2.3062e-02,-2.5487e-02,-2.8323e-02,-3.1678e-02,-3.5601e-02,-4.0096e-02,-4.5141e-02,-5.0688e-02,-5.6679e-02,-6.3049e-02,-6.9731e-02,-7.6660e-02,-8.3776e-02,-9.1027e-02,-9.8371e-02,-1.0577e-01,-1.1320e-01,-1.2065e-01
-2.3563e-01,4.6901e-01,8.1741e-01,9.2832e-01,9.5414e-01,9.5541e-01,9.5011e-01,9.4295e-01,9.3568e-01,9.2939e-01,9.2475e-01,9.2209e-01,9.2139e-01,9.2246e-01,9.2497e-01,9.2856e-01,9.3292e-01,9.3780e-01,9.4306e-01,9.4865e-01,9.5456e-01,9.6073e-01,9.6699e-01,9.7306e-01,9.7853e-01,9.8296e-01,9.8591e-01,9.8709e-01,9.8638e-01,9.8396e-01,9.8025e-01,9.7587e-01,9.7153e-01,9.6786e-01,9.6530e-01,9.6404e-01,9.6404e-01,9.6504e-01,9.6662e-01,9.6834e-01,9.6976e-01,9.7054e-01,9.7050e-01,9.6962e-01,9.6809e-01,9.6621e-01,9.6447e-01,9.6346e-01,9.6402e-01,9.6691e-01,9.7186e-01,9.7519e-01,9.6894e-01,9.5495e-01,9.8142e-01,1.0806e+00,9.4797e-01,6.3724e-01,3.3595e-01,1.2580e-01,3.3422e-02,9.4658e-03,2.3613e-03,-4.0716e-03,-1.0352e-02,-1.5428e-02,-1.8125e-02,-1.7574e-02,-1.3741e-02,-7.5523e-03,-5.5469e-04,5.6157e-03,9.6742e-03,1.0969e-02,9.5729e-03,6.1548e-03,1.6944e-03,-2.8536e-03,-6.8196e-03,-9.9121e-03,-1.2175e-02,-1.3860e-02,-1.5300e-02,-1.6813e-02,-1.8657e-02,-2.1008e-02,-2.3975e-02,-2.7604e-02,-3.1893e-02,-3.6810e-02,-4.2302e-02,-4.8301e-02,-5.4732e-02,-6.1521e-02,-6.8597e-02,-7.5892e-02,-8.3351e-02,-9.0923e-02,-9.8570e-02,-1.0626e-01
-2.2933e-01,4.7446e-01,8.2196e-01,9.3506e-01,9.6254e-01,9.6426e-01,9.5875e-01,9.5116e-01,9.4335e-01,9.3647e-01,9.3121e-01,9.2789e-01,9.2653e-01,9.2696e-01,9.2886e-01,9.3190e-01,9.3578e-01,9.4024e-01,9.4512e-01,9.5035e-01,9.5593e-01,9.6183e-01,9.6797e-01,9.7417e-01,9.8010e-01,9.8539e-01,9.8960e-01,9.9233e-01,9.9331e-01,9.9247e-01,9.8996e-01,9.8622e-01,9.8183e-01,9.7748e-01,9.7377e-01,9.7114e-01,9.6980e-01,9.6968e-01,9.7053e-01,9.7198e-01,9.7355e-01,9.7481e-01,9.7542e-01,9.7518e-01,9.7407e-01,9.7223e-01,9.6999e-01,9.6783e-01,9.6639e-01,9.6653e-01,9.6909e-01,9.7379e-01,9.7698e-01,9.7059e-01,9.5620e-01,9.8202e-01,1.0819e+00,9.5060e-01,6.3647e-01,3.3291e-01,1.2426e-01,3.4407e-02,1.1612e-02,4.4696e-03,-2.3696e-03,-9.0474e-03,-1.4233e-02,-1.6634e-02,-1.5533e-02,-1.1180e-02,-4.7228e-03,2.2388e-03,8.1367e-03,1.1805e-02,1.2717e-02,1.1060e-02,7.5892e-03,3.3301e-03,-7.6870e-04,-4.0867e-03,-6.4068e-03,-7.8472e-03,-8.7234e-03,-9.4115e-03,-1.0258e-02,-1.1535e-02,-1.3424e-02,-1.6030e-02,-1.9393e-02,-2.3506e-02,-2.8326e-02,-3.3790e-02,-3.9822e-02,-4.6340e-02,-5.3260e-02,-6.0504e-02,-6.7998e-02,-7.5683e-02,-8.3501e-02,-9.1412e-02
-2.2252e-01,4.8043e-01,8.2653e-01,9.4152e-01,9.7071e-01,9.7298e-01,9.6736e-01,9.5939e-01,9.5109e-01,9.4366e-01,9.3782e-01,9.3390e-01,9.3192e-01,9.3171e-01,9.3301e-01,9.3550e-01,9.3887e-01,9.4287e-01,9.4734e-01,9.5218e-01,9.5737e-01,9.6292e-01,9.6880e-01,9.7489e-01,9.8098e-01,9.8674e-01,9.9181e-01,9.9578e-01,9.9829e-01,9.9909e-01,9.9813e-01,9.9557e-01,9.9181e-01,9.8743e-01,9.8308e-01,9.7935e-01,9.7668e-01,9.7525e-01,9.7502e-01,9.7576e-01,9.7707e-01,9.7851e-01,9.7965e-01,9.8011e-01,9.7970e-01,9.7837e-01,9.7626e-01,9.7368e-01,9.7112e-01,9.6927e-01,9.6902e-01,9.7124e-01,9.7570e-01,9.7877e-01,9.7223e-01,9.5744e-01,9.8261e-01,1.0832e+00,9.5330e-01,6.3571e-01,3.2984e-01,1.2268e-01,3.5320e-02,1.3655e-02,6.4821e-03,-7.2441e-04,-7.7348e-03,-1.2951e-02,-1.4999e-02,-1.3342e-02,-8.5216e-03,-1.8747e-03,4.9740e-03,1.0542e-02,1.3789e-02,1.4318e-02,1.2429e-02,8.9622e-03,4.9802e-03,1.4119e-03,-1.1835e-03,-2.6711e-03,-3.2485e-03,-3.2944e-03,-3.2278e-03,-3.4190e-03,-4.1483e-03,-5.5998e-03,-7.8734e-03,-1.1002e-02,-1.4967e-02,-1.9719e-02,-2.5183e-02,-3.1274e-02,-3.7901e-02,-4.4973e-02,-5.2405e-02,-6.0118e-02,-6.8045e-02,-7.6127e-02
-2.1521e-01,4.8690e-01,8.3113e-01,9.4769e-01,9.7858e-01,9.8151e-01,9.7588e-01,9.6758e-01,9.5884e-01,9.5092e-01,9.4455e-01,9.4007e-01,9.3750e-01,9.3670e-01,9.3741e-01,9.3933e-01,9.4219e-01,9.4572e-01,9.4975e-01,9.5418e-01,9.5897e-01,9.6412e-01,9.6964e-01,9.7548e-01,9.8148e-01,9.8741e-01,9.9297e-01,9.9780e-01,1.0015e+00,1.0038e+00,1.0045e+00,1.0034e+00,1.0008e+00,9.9706e-01,9.9270e-01,9.8836e-01,9.8463e-01,9.8191e-01,9.8041e-01,9.8010e-01,9.8073e-01,9.8193e-01,9.8326e-01,9.8428e-01,9.8463e-01,9.8408e-01,9.8256e-01,9.8020e-01,9.7730e-01,9.7437e-01,9.7212e-01,9.7149e-01,9.7338e-01,9.7762e-01,9.8056e-01,9.7389e-01,9.5871e-01,9.8319e-01,1.0845e+00,9.5611e-01,6.3497e-01,3.2677e-01,1.2109e-01,3.6164e-02,1.5597e-02,8.4065e-03,8.7493e-04,-6.3984e-03,-1.1567e-02,-1.3214e-02,-1.1011e-02,-5.7841e-03,9.7042e-04,7.6301e-03,1.2816e-02,1.5619e-02,1.5771e-02,1.3687e-02,1.0288e-02,6.6627e-03,3.7061e-03,1.9047e-03,1.3030e-03,1.6201e-03,2.4162e-03,3.2339e-03,3.6824e-03,3.4764e-03,2.4333e-03,4.6196e-04,-2.4617e-03,-6.3093e-03,-1.1019e-02,-1.6508e-02,-2.2682e-02,-2.9440e-02,-3.6685e-02,-4.4324e-02,-5.2273e-02,-6.0459e-02
-2.0744e-01,4.9384e-01,8.3578e-01,9.5357e-01,9.8613e-01,9.8981e-01,9.8422e-01,9.7566e-01,9.6653e-01,9.5817e-01,9.5132e-01,9.4633e-01,9.4324e-01,9.4189e-01,9.4204e-01,9.4341e-01,9.4574e-01,9.4879e-01,9.5237e-01,9.5637e-01,9.6074e-01,9.6548e-01,9.7060e-01,9.7608e-01,9.8184e-01,9.8772e-01,9.9347e-01,9.9880e-01,1.0034e+00,1.0069e+00,1.0089e+00,1.0094e+00,1.0083e+00,1.0057e+00,1.0020e+00,9.9766e-01,9.9335e-01,9.8962e-01,9.8687e-01,9.8531e-01,9.8491e-01,9.8545e-01,9.8656e-01,9.8780e-01,9.8873e-01,9.8899e-01,9.8831e-01,9.8663e-01,9.8405e-01,9.8086e-01,9.7758e-01,9.7495e-01,9.7396e-01,9.7554e-01,9.7955e-01,9.8237e-01,9.7558e-01,9.6001e-01,9.8377e-01,1.0857e+00,9.5902e-01,6.3428e-01,3.2374e-01,1.1948e-01,3.6941e-02,1.7441e-02,1.0249e-02,2.4425e-03,-5.0241e-03,-1.0072e-02,-1.1279e-02,-8.5513e-03,-2.9858e-03,3.7909e-03,1.0190e-02,1.4945e-02,1.7286e-02,1.7075e-02,1.4843e-02,1.1583e-02,8.3944e-03,6.1307e-03,5.1903e-03,5.5191e-03,6.7538e-03,8.3957e-03,9.9522e-03,1.1019e-02,1.1308e-02,1.0644e-02,8.9440e-03,6.1947e-03,2.4369e-03,-2.2583e-03,-7.7972e-03,-1.4074e-02,-2.0984e-02,-2.8420e-02,-3.6282e-02,-4.4483e-02
-1.9922e-01,5.0121e-01,8.4050e-01,9.5917e-01,9.9333e-01,9.9781e-01,9.9235e-01,9.8357e-01,9.7410e-01,9.6533e-01,9.5807e-01,9.5264e-01,9.4908e-01,9.4723e-01,9.4686e-01,9.4771e-01,9.4953e-01,9.5209e-01,9.5521e-01,9.5877e-01,9.6271e-01,9.6703e-01,9.7173e-01,9.7681e-01,9.8223e-01,9.8789e-01,9.9361e-01,9.9915e-01,1.0042e+00,1.0085e+00,1.0118e+00,1.0137e+00,1.0141e+00,1.0129e+00,1.0103e+00,1.0066e+00,1.0023e+00,9.9806e-01,9.9433e-01,9.9156e-01,9.8995e-01,9.8948e-01,9.8994e-01,9.9097e-01,9.9213e-01,9.9300e-01,9.9318e-01,9.9242e-01,9.9060e-01,9.8782e-01,9.8437e-01,9.8076e-01,9.7778e-01,9.7643e-01,9.7771e-01,9.8150e-01,9.8422e-01,9.7731e-01,9.6136e-01,9.8438e-01,1.0868e+00,9.6206e-01,6.3369e-01,3.2075e-01,1.1787e-01,3.7657e-02,1.9191e-02,1.2020e-02,3.9903e-03,-3.5968e-03,-8.4556e-03,-9.1972e-03,-5.9770e-03,-1.4872e-04,6.5663e-03,1.2635e-02,1.6918e-02,1.8785e-02,1.8234e-02,1.5907e-02,1.2860e-02,1.0195e-02,8.7008e-03,8.6796e-03,9.9760e-03,1.2142e-02,1.4625e-02,1.6903e-02,1.8562e-02,1.9317e-02,1.9000e-02,1.7539e-02,1.4937e-02,1.1240e-02,6.5357e-03,9.2512e-04,-5.4774e-03,-1.2556e-02,-2.0200e-02,-2.8302e-02
-1.9058e-01,5.0897e-01,8.4530e-01,9.6450e-01,1.0001e+00,1.0055e+00,1.0002e+00,9.9124e-01,9.8147e-01,9.7236e-01,9.6473e-01,9.5891e-01,9.5495e-01,9.5266e-01,9.5183e-01,9.5220e-01,9.5353e-01,9.5561e-01,9.5827e-01,9.6139e-01,9.6490e-01,9.6879e-01,9.7305e-01,9.7771e-01,9.8274e-01,9.8809e-01,9.9362e-01,9.9915e-01,1.0045e+00,1.0093e+00,1.0133e+00,1.0164e+00,1.0181e+00,1.0184e+00,1.0171e+00,1.0146e+00,1.0109e+00,1.0067e+00,1.0025e+00,9.9879e-01,9.9601e-01,9.9435e-01,9.9381e-01,9.9420e-01,9.9516e-01,9.9627e-01,9.9709e-01,9.9722e-01,9.9639e-01,9.9446e-01,9.9152e-01,9.8783e-01,9.8392e-01,9.8060e-01,9.7892e-01,9.7991e-01,9.8350e-01,9.8611e-01,9.7908e-01,9.6276e-01,9.8502e-01,1.0880e+00,9.6523e-01,6.3319e-01,3.1785e-01,1.1627e-01,3.8313e-02,2.0852e-02,1.3728e-02,5.5316e-03,-2.1036e-03,-6.7132e-03,-6.9732e-03,-3.3046e-03,2.7075e-03,9.2766e-03,1.4950e-02,1.8725e-02,2.0114e-02,1.9254e-02,1.6892e-02,1.4138e-02,1.2079e-02,1.1429e-02,1.2378e-02,1.4669e-02,1.7771e-02,2.1082e-02,2.4058e-02,2.6280e-02,2.7469e-02,2.7467e-02,2.6217e-02,2.3731e-02,2.0072e-02,1.5335e-02,9.6320e-03,3.0859e-03,-4.1798e-03,-1.2046e-02
-1.8154e-01,5.1707e-01,8.5020e-01,9.6959e-01,1.0066e+00,1.0127e+00,1.0077e+00,9.9862e-01,9.8859e-01,9.7917e-01,9.7122e-01,9.6509e-01,9.6078e-01,9.5813e-01,9.5689e-01,9.5683e-01,9.5771e-01,9.5934e-01,9.6155e-01,9.6423e-01,9.6731e-01,9.7076e-01,9.7459e-01,9.7881e-01,9.8343e-01,9.8840e-01,9.9365e-01,9.9902e-01,1.0043e+00,1.0094e+00,1.0140e+00,1.0178e+00,1.0206e+00,1.0222e+00,1.0223e+00,1.0211e+00,1.0185e+00,1.0150e+00,1.0108e+00,1.0067e+00,1.0030e+00,1.0002e+00,9.9851e-01,9.9791e-01,9.9824e-01,9.9914e-01,1.0002e+00,1.0010e+00,1.0011e+00,1.0002e+00,9.9823e-01,9.9514e-01,9.9125e-01,9.8707e-01,9.8343e-01,9.8143e-01,9.8214e-01,9.8554e-01,9.8805e-01,9.8092e-01,9.6423e-01,9.8570e-01,1.0891e+00,9.6855e-01,6.3284e-01,3.1504e-01,1.1470e-01,3.8914e-02,2.2432e-02,1.5384e-02,7.0786e-03,-5.3415e-04,-4.8408e-03,-4.6170e-03,-5.5153e-04,5.5609e-03,1.1903e-02,1.7121e-02,2.0356e-02,2.1272e-02,2.0141e-02,1.7811e-02,1.5434e-02,1.4064e-02,1.4323e-02,1.6285e-02,1.9588e-02,2.3623e-02,2.7743e-02,3.1390e-02,3.4143e-02,3.5733e-02,3.6014e-02,3.4945e-02,3.2550e-02,2.8903e-02,2.4112e-02,1.8298e-02,1.1592e-02,4.1239e-03
-1.7215e-01,5.2546e-01,8.5519e-01,9.7445e-01,1.0126e+00,1.0196e+00,1.0148e+00,1.0057e+00,9.9539e-01,9.8570e-01,9.7749e-01,9.7109e-01,9.6651e-01,9.6356e-01,9.6199e-01,9.6155e-01,9.6203e-01,9.6324e-01,9.6502e-01,9.6727e-01,9.6992e-01,9.7295e-01,9.7635e-01,9.8013e-01,9.8432e-01,9.8889e-01,9.9378e-01,9.9890e-01,1.0041e+00,1.0092e+00,1.0140e+00,1.0183e+00,1.0219e+00,1.0245e+00,1.0259e+00,1.0260e+00,1.0248e+00,1.0223e+00,1.0188e+00,1.0147e+00,1.0106e+00,1.0070e+00,1.0042e+00,1.0024e+00,1.0018e+00,1.0021e+00,1.0029e+00,1.0040e+00,1.0047e+00,1.0048e+00,1.0040e+00,1.0019e+00,9.9870e-01,9.9463e-01,9.9021e-01,9.8628e-01,9.8397e-01,9.8441e-01,9.8763e-01,9.9005e-01,9.8282e-01,9.6577e-01,9.8644e-01,1.0902e+00,9.7203e-01,6.3264e-01,3.1236e-01,1.1315e-01,3.9464e-02,2.3936e-02,1.6999e-02,8.6444e-03,1.1208e-03,-2.8389e-03,-2.1388e-03,2.2628e-03,8.3903e-03,1.4427e-02,1.9136e-02,2.1810e-02,2.2264e-02,2.0907e-02,1.8680e-02,1.6763e-02,1.6160e-02,1.7387e-02,2.0397e-02,2.4718e-02,2.9674e-02,3.4580e-02,3.8866e-02,4.2117e-02,4.4074e-02,4.4610e-02,4.3692e-02,4.1363e-02,3.7707e-02,3.2842e-02,2.6900e-02,2.0017e-02
-1.6241e-01,5.3409e-01,8.6029e-01,9.7913e-01,1.0182e+00,1.0260e+00,1.0215e+00,1.0123e+00,1.0018e+00,9.9190e-01,9.8346e-01,9.7685e-01,9.7206e-01,9.6888e-01,9.6705e-01,9.6631e-01,9.6644e-01,9.6727e-01,9.6866e-01,9.7050e-01,9.7274e-01,9.7535e-01,9.7832e-01,9.8167e-01,9.8542e-01,9.8957e-01,9.9408e-01,9.9887e-01,1.0038e+00,1.0089e+00,1.0137e+00,1.0183e+00,1.0223e+00,1.0257e+00,1.0281e+00,1.0294e+00,1.0294e+00,1.0282e+00,1.0257e+00,1.0223e+00,1.0184e+00,1.0143e+00,1.0107e+00,1.0079e+00,1.0061e+00,1.0054e+00,1.0057e+00,1.0065e+00,1.0075e+00,1.0083e+00,1.0084e+00,1.0075e+00,1.0055e+00,1.0022e+00,9.9797e-01,9.9333e-01,9.8913e-01,9.8654e-01,9.8673e-01,9.8977e-01,9.9212e-01,9.8480e-01,9.6740e-01,9.8723e-01,1.0913e+00,9.7568e-01,6.3263e-01,3.0983e-01,1.1164e-01,3.9968e-02,2.5375e-02,1.8583e-02,1.0241e-02,2.8689e-03,-7.0897e-04,4.4810e-04,5.1188e-03,1.1177e-02,1.6834e-02,2.0984e-02,2.3080e-02,2.3092e-02,2.1561e-02,1.9514e-02,1.8141e-02,1.8378e-02,2.0624e-02,2.4704e-02,3.0043e-02,3.5901e-02,4.1565e-02,4.6456e-02,5.0170e-02,5.2462e-02,5.3221e-02,5.2429e-02,5.0142e-02,4.6457e-02,4.1501e-02,3.5415e-02
-1.5237e-01,5.4291e-01,8.6548e-01,9.8364e-01,1.0235e+00,1.0320e+00,1.0278e+00,1.0185e+00,1.0078e+00,9.9771e-01,9.8908e-01,9.8231e-01,9.7736e-01,9.7402e-01,9.7200e-01,9.7103e-01,9.7089e-01,9.7140e-01,9.7243e-01,9.7390e-01,9.7574e-01,9.7795e-01,9.8050e-01,9.8343e-01,9.8675e-01,9.9047e-01,9.9457e-01,9.9900e-01,1.0037e+00,1.0085e+00,1.0133e+00,1.0179e+00,1.0222e+00,1.0261e+00,1.0292e+00,1.0314e+00,1.0326e+00,1.0326e+00,1.0313e+00,1.0289e+00,1.0256e+00,1.0218e+00,1.0178e+00,1.0142e+00,1.0114e+00,1.0096e+00,1.0089e+00,1.0090e+00,1.0098e+00,1.0109e+00,1.0117e+00,1.0118e+00,1.0110e+00,1.0089e+00,1.0056e+00,1.0013e+00,9.9643e-01,9.9199e-01,9.8914e-01,9.8909e-01,9.9198e-01,9.9426e-01,9.8685e-01,9.6911e-01,9.8809e-01,1.0924e+00,9.7950e-01,6.3284e-01,3.0746e-01,1.1018e-01,4.0432e-02,2.6754e-02,2.0148e-02,1.1878e-02,4.7152e-03,1.5439e-03,3.1289e-03,7.9965e-03,1.3901e-02,1.9108e-02,2.2657e-02,2.4166e-02,2.3763e-02,2.2117e-02,2.0328e-02,1.9580e-02,2.0724e-02,2.4030e-02,2.9193e-02,3.5541e-02,4.2277e-02,4.8664e-02,5.4126e-02,5.8270e-02,6.0865e-02,6.1818e-02,6.1127e-02,5.8861e-02,5.5128e-02,5.0065e-02
-1.4205e-01,5.5186e-01,8.7077e-01,9.8802e-01,1.0284e+00,1.0376e+00,1.0336e+00,1.0242e+00,1.0134e+00,1.0031e+00,9.9430e-01,9.8739e-01,9.8235e-01,9.7891e-01,9.7678e-01,9.7565e-01,9.7530e-01,9.7555e-01,9.7628e-01,9.7742e-01,9.7890e-01,9.8072e-01,9.8288e-01,9.8540e-01,9.8829e-01,9.9158e-01,9.9526e-01,9.9930e-01,1.0036e+00,1.0082e+00,1.0128e+00,1.0174e+00,1.0218e+00,1.0259e+00,1.0295e+00,1.0324e+00,1.0344e+00,1.0355e+00,1.0355e+00,1.0342e+00,1.0319e+00,1.0287e+00,1.0249e+00,1.0210e+00,1.0175e+00,1.0147e+00,1.0129e+00,1.0121e+00,1.0122e+00,1.0130e+00,1.0140e+00,1.0149e+00,1.0151e+00,1.0143e+00,1.0123e+00,1.0089e+00,1.0045e+00,9.9952e-01,9.9486e-01,9.9177e-01,9.9151e-01,9.9425e-01,9.9647e-01,9.8900e-01,9.7091e-01,9.8902e-01,1.0934e+00,9.8352e-01,6.3329e-01,3.0528e-01,1.0877e-01,4.0862e-02,2.8085e-02,2.1705e-02,1.3565e-02,6.6628e-03,3.9119e-03,5.8872e-03,1.0876e-02,1.6544e-02,2.1237e-02,2.4149e-02,2.5071e-02,2.4285e-02,2.2587e-02,2.1137e-02,2.1091e-02,2.3202e-02,2.7598e-02,3.3848e-02,4.1189e-02,4.8773e-02,5.5849e-02,6.1845e-02,6.6383e-02,6.9251e-02,7.0372e-02,6.9760e-02,6.7495e-02,6.3698e-02
-1.3148e-01,5.6089e-01,8.7614e-01,9.9230e-01,1.0330e+00,1.0427e+00,1.0389e+00,1.0295e+00,1.0185e+00,1.0080e+00,9.9907e-01,9.9207e-01,9.8696e-01,9.8348e-01,9.8129e-01,9.8008e-01,9.7960e-01,9.7967e-01,9.8016e-01,9.8101e-01,9.8218e-01,9.8365e-01,9.8543e-01,9.8755e-01,9.9003e-01,9.9290e-01,9.9616e-01,9.9979e-01,1.0038e+00,1.0080e+00,1.0124e+00,1.0169e+00,1.0212e+00,1.0254e+00,1.0292e+00,1.0326e+00,1.0353e+00,1.0372e+00,1.0382e+00,1.0381e+00,1.0369e+00,1.0347e+00,1.0315e+00,1.0278e+00,1.0240e+00,1.0205e+00,1.0177e+00,1.0159e+00,1.0150e+00,1.0152e+00,1.0159e+00,1.0170e+00,1.0179e+00,1.0181e+00,1.0174e+00,1.0155e+00,1.0122e+00,1.0077e+00,1.0026e+00,9.9774e-01,9.9442e-01,9.9396e-01,9.9658e-01,9.9876e-01,9.9122e-01,9.7281e-01,9.9003e-01,1.0945e+00,9.8772e-01,6.3399e-01,3.0330e-01,1.0743e-01,4.1265e-02,2.9376e-02,2.3265e-02,1.5310e-02,8.7123e-03,6.3866e-03,8.7060e-03,1.3738e-02,1.9091e-02,2.3210e-02,2.5458e-02,2.5797e-02,2.4670e-02,2.2987e-02,2.1954e-02,2.2683e-02,2.5809e-02,3.1317e-02,3.8650e-02,4.6960e-02,5.5358e-02,6.3085e-02,6.9579e-02,7.4478e-02,7.7591e-02,7.8854e-02,7.8300e-02,7.6018e-02
-1.2068e-01,5.6993e-01,8.8156e-01,9.9650e-01,1.0374e+00,1.0474e+00,1.0438e+00,1.0344e+00,1.0232e+00,1.0125e+00,1.0034e+00,9.9629e-01,9.9115e-01,9.8767e-01,9.8549e-01,9.8427e-01,9.8373e-01,9.8368e-01,9.8401e-01,9.8463e-01,9.8552e-01,9.8668e-01,9.8813e-01,9.8988e-01,9.9196e-01,9.9442e-01,9.9726e-01,1.0005e+00,1.0041e+00,1.0080e+00,1.0121e+00,1.0163e+00,1.0206e+00,1.0247e+00,1.0287e+00,1.0323e+00,1.0354e+00,1.0380e+00,1.0397e+00,1.0406e+00,1.0405e+00,1.0393e+00,1.0372e+00,1.0341e+00,1.0305e+00,1.0268e+00,1.0233e+00,1.0205e+00,1.0186e+00,1.0178e+00,1.0179e+00,1.0186e+00,1.0197e+00,1.0207e+00,1.0210e+00,1.0204e+00,1.0185e+00,1.0153e+00,1.0108e+00,1.0056e+00,1.0006e+00,9.9710e-01,9.9646e-01,9.9897e-01,1.0011e+00,9.9354e-01,9.7482e-01,9.9111e-01,1.0955e+00,9.9213e-01,6.3498e-01,3.0155e-01,1.0615e-01,4.1647e-02,3.0638e-02,2.4836e-02,1.7119e-02,1.0863e-02,8.9570e-03,1.1567e-02,1.6563e-02,2.1526e-02,2.5019e-02,2.6581e-02,2.6350e-02,2.4927e-02,2.3329e-02,2.2791e-02,2.4361e-02,2.8543e-02,3.5174e-02,4.3576e-02,5.2825e-02,6.2001e-02,7.0342e-02,7.7298e-02,8.2526e-02,8.5855e-02,8.7239e-02,8.6722e-02
-1.0968e-01,5.7894e-01,8.8702e-01,1.0006e+00,1.0415e+00,1.0518e+00,1.0482e+00,1.0387e+00,1.0274e+00,1.0165e+00,1.0072e+00,1.0000e+00,9.9488e-01,9.9143e-01,9.8930e-01,9.8813e-01,9.8760e-01,9.8752e-01,9.8774e-01,9.8821e-01,9.8889e-01,9.8979e-01,9.9092e-01,9.9233e-01,9.9405e-01,9.9612e-01,9.9855e-01,1.0014e+00,1.0046e+00,1.0081e+00,1.0119e+00,1.0158e+00,1.0199e+00,1.0240e+00,1.0280e+00,1.0317e+00,1.0351e+00,1.0380e+00,1.0404e+00,1.0420e+00,1.0428e+00,1.0427e+00,1.0415e+00,1.0394e+00,1.0365e+00,1.0330e+00,1.0293e+00,1.0259e+00,1.0231e+00,1.0212e+00,1.0203e+00,1.0203e+00,1.0211e+00,1.0222e+00,1.0232e+00,1.0237e+00,1.0232e+00,1.0215e+00,1.0183e+00,1.0139e+00,1.0086e+00,1.0035e+00,9.9981e-01,9.9901e-01,1.0014e+00,1.0036e+00,9.9595e-01,9.7692e-01,9.9228e-01,1.0965e+00,9.9674e-01,6.3629e-01,3.0004e-01,1.0497e-01,4.2016e-02,3.1879e-02,2.6430e-02,1.8998e-02,1.3110e-02,1.1611e-02,1.4453e-02,1.9335e-02,2.3837e-02,2.6658e-02,2.7518e-02,2.6738e-02,2.5068e-02,2.3627e-02,2.3657e-02,2.6126e-02,3.1394e-02,3.9150e-02,4.8600e-02,5.8755e-02,6.8671e-02,7.7587e-02,8.4970e-02,9.0497e-02,9.4016e-02,9.5499e-02
-9.8501e-02,5.8786e-01,8.9249e-01,1.0047e+00,1.0453e+00,1.0558e+00,1.0523e+00,1.0427e+00,1.0311e+00,1.0200e+00,1.0106e+00,1.0033e+00,9.9812e-01,9.9472e-01,9.9268e-01,9.9160e-01,9.9115e-01,9.9110e-01,9.9130e-01,9.9168e-01,9.9221e-01,9.9290e-01,9.9378e-01,9.9489e-01,9.9628e-01,9.9797e-01,1.0000e+00,1.0024e+00,1.0052e+00,1.0084e+00,1.0118e+00,1.0155e+00,1.0193e+00,1.0232e+00,1.0271e+00,1.0309e+00,1.0344e+00,1.0376e+00,1.0403e+00,1.0425e+00,1.0440e+00,1.0447e+00,1.0446e+00,1.0435e+00,1.0414e+00,1.0386e+00,1.0352e+00,1.0316e+00,1.0282e+00,1.0254e+00,1.0235e+00,1.0225e+00,1.0226e+00,1.0233e+00,1.0245e+00,1.0256e+00,1.0262e+00,1.0259e+00,1.0243e+00,1.0212e+00,1.0168e+00,1.0116e+00,1.0063e+00,1.0025e+00,1.0016e+00,1.0039e+00,1.0061e+00,9.9845e-01,9.7913e-01,9.9353e-01,1.0975e+00,1.0016e+00,6.3792e-01,2.9879e-01,1.0387e-01,4.2381e-02,3.3111e-02,2.8053e-02,2.0950e-02,1.5451e-02,1.4333e-02,1.7345e-02,2.2035e-02,2.6011e-02,2.8120e-02,2.8272e-02,2.6968e-02,2.5107e-02,2.3892e-02,2.4560e-02,2.7976e-02,3.4351e-02,4.3225e-02,5.3698e-02,6.4722e-02,7.5336e-02,8.4788e-02,9.2564e-02,9.8363e-02,1.0205e-01
-8.7174e-02,5.9665e-01,8.9794e-01,1.0088e+00,1.0490e+00,1.0595e+00,1.0560e+00,1.0462e+00,1.0344e+00,1.0231e+00,1.0135e+00,1.0061e+00,1.0009e+00,9.9751e-01,9.9558e-01,9.9463e-01,9.9432e-01,9.9436e-01,9.9461e-01,9.9497e-01,9.9542e-01,9.9596e-01,9.9664e-01,9.9750e-01,9.9859e-01,9.9995e-01,1.0016e+00,1.0037e+00,1.0061e+00,1.0088e+00,1.0119e+00,1.0152e+00,1.0188e+00,1.0225e+00,1.0262e+00,1.0299e+00,1.0334e+00,1.0368e+00,1.0397e+00,1.0423e+00,1.0443e+00,1.0458e+00,1.0464e+00,1.0462e+00,1.0452e+00,1.0432e+00,1.0404e+00,1.0371e+00,1.0336e+00,1.0302e+00,1.0274e+00,1.0255e+00,1.0245e+00,1.0245e+00,1.0253e+00,1.0265e+00,1.0277e+00,1.0284e+00,1.0283e+00,1.0269e+00,1.0240e+00,1.0197e+00,1.0144e+00,1.0092e+00,1.0052e+00,1.0042e+00,1.0065e+00,1.0087e+00,1.0010e+00,9.8144e-01,9.9486e-01,1.0985e+00,1.0066e+00,6.3991e-01,2.9782e-01,1.0287e-01,4.2749e-02,3.4341e-02,2.9715e-02,2.2976e-02,1.7877e-02,1.7110e-02,2.0226e-02,2.4651e-02,2.8041e-02,2.9407e-02,2.8848e-02,2.7049e-02,2.5054e-02,2.4136e-02,2.5504e-02,2.9908e-02,3.7401e-02,4.7378e-02,5.8840e-02,7.0692e-02,8.1964e-02,9.1916e-02,1.0005e-01,1.0610e-01
-7.5718e-02,6.0525e-01,9.0334e-01,1.0128e+00,1.0526e+00,1.0630e+00,1.0594e+00,1.0494e+00,1.0373e+00,1.0257e+00,1.0159e+00,1.0084e+00,1.0031e+00,9.9980e-01,9.9797e-01,9.9718e-01,9.9703e-01,9.9723e-01,9.9759e-01,9.9801e-01,9.9844e-01,9.9891e-01,9.9944e-01,1.0001e+00,1.0009e+00,1.0020e+00,1.0034e+00,1.0050e+00,1.0071e+00,1.0094e+00,1.0121e+00,1.0151e+00,1.0184e+00,1.0218e+00,1.0253e+00,1.0289e+00,1.0324e+00,1.0357e+00,1.0388e+00,1.0416e+00,1.0440e+00,1.0459e+00,1.0472e+00,1.0478e+00,1.0476e+00,1.0466e+00,1.0447e+00,1.0420e+00,1.0388e+00,1.0353e+00,1.0320e+00,1.0292e+00,1.0272e+00,1.0263e+00,1.0262e+00,1.0270e+00,1.0283e+00,1.0296e+00,1.0305e+00,1.0305e+00,1.0293e+00,1.0266e+00,1.0224e+00,1.0173e+00,1.0120e+00,1.0080e+00,1.0068e+00,1.0091e+00,1.0113e+00,1.0037e+00,9.8386e-01,9.9627e-01,1.0994e+00,1.0118e+00,6.4228e-01,2.9714e-01,1.0198e-01,4.3127e-02,3.5579e-02,3.1419e-02,2.5077e-02,2.0380e-02,1.9928e-02,2.3080e-02,2.7169e-02,2.9919e-02,3.0515e-02,2.9251e-02,2.6993e-02,2.4923e-02,2.4367e-02,2.6490e-02,3.1912e-02,4.0524e-02,5.1582e-02,6.3997e-02,7.6636e-02,8.8525e-02,9.8940e-02,1.0741e-01
-6.4150e-02,6.1363e-01,9.0864e-01,1.0168e+00,1.0560e+00,1.0662e+00,1.0625e+00,1.0522e+00,1.0399e+00,1.0281e+00,1.0180e+00,1.0103e+00,1.0049e+00,1.0016e+00,9.9984e-01,9.9921e-01,9.9926e-01,9.9966e-01,1.0002e+00,1.0007e+00,1.0012e+00,1.0017e+00,1.0021e+00,1.0026e+00,1.0033e+00,1.0041e+00,1.0052e+00,1.0065e+00,1.0082e+00,1.0102e+00,1.0125e+00,1.0151e+00,1.0180e+00,1.0212e+00,1.0245e+00,1.0278e+00,1.0312e+00,1.0345e+00,1.0377e+00,1.0406e+00,1.0432e+00,1.0455e+00,1.0472e+00,1.0484e+00,1.0489e+00,1.0487e+00,1.0477e+00,1.0459e+00,1.0433e+00,1.0401e+00,1.0367e+00,1.0335e+00,1.0307e+00,1.0287e+00,1.0277e+00,1.0277e+00,1.0285e+00,1.0298e+00,1.0312e+00,1.0323e+00,1.0325e+00,1.0315e+00,1.0290e+00,1.0251e+00,1.0200e+00,1.0147e+00,1.0107e+00,1.0095e+00,1.0118e+00,1.0141e+00,1.0065e+00,9.8638e-01,9.9777e-01,1.1003e+00,1.0173e+00,6.4504e-01,2.9679e-01,1.0121e-01,4.3525e-02,3.6834e-02,3.3172e-02,2.7251e-02,2.2952e-02,2.2770e-02,2.5890e-02,2.9575e-02,3.1640e-02,3.1446e-02,2.9489e-02,2.6812e-02,2.4723e-02,2.4594e-02,2.7519e-02,3.3980e-02,4.3703e-02,5.5813e-02,6.9141e-02,8.2523e-02,9.4990e-02,1.0583e-01
-5.2493e-02,6.2174e-01,9.1382e-01,1.0208e+00,1.0594e+00,1.0693e+00,1.0653e+00,1.0548e+00,1.0422e+00,1.0300e+00,1.0197e+00,1.0117e+00,1.0062e+00,1.0029e+00,1.0012e+00,1.0007e+00,1.0010e+00,1.0016e+00,1.0023e+00,1.0030e+00,1.0037e+00,1.0042e+00,1.0046e+00,1.0050e+00,1.0055e+00,1.0062e+00,1.0070e+00,1.0080e+00,1.0094e+00,1.0110e+00,1.0130e+00,1.0153e+00,1.0178e+00,1.0207e+00,1.0237e+00,1.0268e+00,1.0300e+00,1.0332e+00,1.0363e+00,1.0393e+00,1.0421e+00,1.0445e+00,1.0466e+00,1.0482e+00,1.0493e+00,1.0498e+00,1.0495e+00,1.0485e+00,1.0467e+00,1.0442e+00,1.0412e+00,1.0379e+00,1.0347e+00,1.0319e+00,1.0299e+00,1.0289e+00,1.0288e+00,1.0296e+00,1.0310e+00,1.0325e+00,1.0338e+00,1.0343e+00,1.0335e+00,1.0313e+00,1.0275e+00,1.0226e+00,1.0174e+00,1.0134e+00,1.0122e+00,1.0145e+00,1.0169e+00,1.0093e+00,9.8901e-01,9.9935e-01,1.1012e+00,1.0229e+00,6.4823e-01,2.9676e-01,1.0058e-01,4.3951e-02,3.8112e-02,3.4978e-02,2.9496e-02,2.5582e-02,2.5622e-02,2.8643e-02,3.1862e-02,3.3200e-02,3.2205e-02,2.9569e-02,2.6514e-02,2.4467e-02,2.4819e-02,2.8586e-02,3.6096e-02,4.6915e-02,6.0043e-02,7.4241e-02,8.8325e-02,1.0133e-01
-4.0764e-02,6.2954e-01,9.1884e-01,1.0247e+00,1.0627e+00,1.0723e+00,1.0680e+00,1.0572e+00,1.0443e+00,1.0318e+00,1.0211e+00,1.0129e+00,1.0072e+00,1.0037e+00,1.0021e+00,1.0017e+00,1.0021e+00,1.0030e+00,1.0040e+00,1.0049e+00,1.0057e+00,1.0063e+00,1.0068e+00,1.0072e+00,1.0077e+00,1.0081e+00,1.0088e+00,1.0096e+00,1.0106e+00,1.0120e+00,1.0136e+00,1.0155e+00,1.0177e+00,1.0202e+00,1.0229e+00,1.0258e+00,1.0288e+00,1.0318e+00,1.0349e+00,1.0378e+00,1.0406e+00,1.0431e+00,1.0454e+00,1.0473e+00,1.0488e+00,1.0498e+00,1.0503e+00,1.0500e+00,1.0490e+00,1.0473e+00,1.0449e+00,1.0419e+00,1.0387e+00,1.0355e+00,1.0328e+00,1.0308e+00,1.0297e+00,1.0297e+00,1.0305e+00,1.0319e+00,1.0336e+00,1.0351e+00,1.0358e+00,1.0353e+00,1.0334e+00,1.0299e+00,1.0252e+00,1.0201e+00,1.0161e+00,1.0149e+00,1.0172e+00,1.0197e+00,1.0123e+00,9.9174e-01,1.0010e+00,1.1020e+00,1.0288e+00,6.5185e-01,2.9709e-01,1.0009e-01,4.4411e-02,3.9420e-02,3.6839e-02,3.1807e-02,2.8258e-02,2.8468e-02,3.1325e-02,3.4021e-02,3.4598e-02,3.2794e-02,2.9501e-02,2.6113e-02,2.4162e-02,2.5045e-02,2.9683e-02,3.8246e-02,5.0139e-02,6.4245e-02,7.9270e-02,9.4010e-02
-2.8978e-02,6.3701e-01,9.2367e-01,1.0285e+00,1.0659e+00,1.0751e+00,1.0705e+00,1.0594e+00,1.0462e+00,1.0333e+00,1.0222e+00,1.0137e+00,1.0078e+00,1.0042e+00,1.0025e+00,1.0022e+00,1.0028e+00,1.0038e+00,1.0051e+00,1.0063e+00,1.0073e+00,1.0081e+00,1.0087e+00,1.0092e+00,1.0096e+00,1.0100e+00,1.0104e+00,1.0111e+00,1.0119e+00,1.0129e+00,1.0142e+00,1.0158e+00,1.0177e+00,1.0199e+00,1.0223e+00,1.0248e+00,1.0276e+00,1.0304e+00,1.0333e+00,1.0361e+00,1.0389e+00,1.0415e+00,1.0439e+00,1.0460e+00,1.0478e+00,1.0491e+00,1.0500e+00,1.0504e+00,1.0501e+00,1.0492e+00,1.0475e+00,1.0452e+00,1.0423e+00,1.0392e+00,1.0361e+00,1.0334e+00,1.0314e+00,1.0303e+00,1.0302e+00,1.0311e+00,1.0326e+00,1.0344e+00,1.0361e+00,1.0370e+00,1.0369e+00,1.0353e+00,1.0321e+00,1.0276e+00,1.0227e+00,1.0187e+00,1.0176e+00,1.0200e+00,1.0227e+00,1.0153e+00,9.9457e-01,1.0028e+00,1.1028e+00,1.0349e+00,6.5592e-01,2.9779e-01,9.9747e-02,4.4913e-02,4.0764e-02,3.8757e-02,3.4179e-02,3.0971e-02,3.1296e-02,3.3922e-02,3.6045e-02,3.5834e-02,3.3220e-02,2.9295e-02,2.5618e-02,2.3816e-02,2.5274e-02,3.0804e-02,4.0412e-02,5.3348e-02,6.8392e-02,8.4197e-02
-1.7154e-02,6.4412e-01,9.2826e-01,1.0322e+00,1.0691e+00,1.0779e+00,1.0730e+00,1.0616e+00,1.0479e+00,1.0346e+00,1.0232e+00,1.0143e+00,1.0081e+00,1.0042e+00,1.0024e+00,1.0021e+00,1.0028e+00,1.0041e+00,1.0056e+00,1.0071e+00,1.0083e+00,1.0094e+00,1.0102e+00,1.0107e+00,1.0112e+00,1.0116e+00,1.0119e+00,1.0124e+00,1.0130e+00,1.0139e+00,1.0149e+00,1.0162e+00,1.0178e+00,1.0196e+00,1.0217e+00,1.0239e+00,1.0264e+00,1.0290e+00,1.0316e+00,1.0343e+00,1.0370e+00,1.0396e+00,1.0420e+00,1.0442e+00,1.0462e+00,1.0478e+00,1.0490e+00,1.0499e+00,1.0502e+00,1.0499e+00,1.0490e+00,1.0473e+00,1.0451e+00,1.0423e+00,1.0393e+00,1.0362e+00,1.0336e+00,1.0316e+00,1.0305e+00,1.0305e+00,1.0314e+00,1.0330e+00,1.0349e+00,1.0368e+00,1.0380e+00,1.0382e+00,1.0369e+00,1.0341e+00,1.0299e+00,1.0251e+00,1.0214e+00,1.0203e+00,1.0228e+00,1.0256e+00,1.0184e+00,9.9750e-01,1.0046e+00,1.1035e+00,1.0411e+00,6.6047e-01,2.9888e-01,9.9574e-02,4.5465e-02,4.2150e-02,4.0732e-02,3.6608e-02,3.3707e-02,3.4091e-02,3.6427e-02,3.7929e-02,3.6909e-02,3.3491e-02,2.8961e-02,2.5039e-02,2.3434e-02,2.5504e-02,3.1937e-02,4.2575e-02,5.6520e-02,7.2457e-02
-5.3026e-03,6.5085e-01,9.3258e-01,1.0358e+00,1.0722e+00,1.0806e+00,1.0753e+00,1.0636e+00,1.0496e+00,1.0359e+00,1.0241e+00,1.0148e+00,1.0081e+00,1.0040e+00,1.0020e+00,1.0017e+00,1.0024e+00,1.0039e+00,1.0056e+00,1.0073e+00,1.0089e+00,1.0102e+00,1.0112e+00,1.0119e+00,1.0124e+00,1.0129e+00,1.0132e+00,1.0136e+00,1.0141e+00,1.0147e+00,1.0155e+00,1.0166e+00,1.0178e+00,1.0193e+00,1.0211e+00,1.0231e+00,1.0252e+00,1.0275e+00,1.0300e+00,1.0325e+00,1.0350e+00,1.0375e+00,1.0398e+00,1.0421e+00,1.0441e+00,1.0459e+00,1.0474e+00,1.0485e+00,1.0493e+00,1.0495e+00,1.0492e+00,1.0483e+00,1.0468e+00,1.0446e+00,1.0420e+00,1.0390e+00,1.0361e+00,1.0334e+00,1.0315e+00,1.0305e+00,1.0304e+00,1.0314e+00,1.0331e+00,1.0352e+00,1.0372e+00,1.0388e+00,1.0393e+00,1.0384e+00,1.0359e+00,1.0320e+00,1.0275e+00,1.0239e+00,1.0230e+00,1.0257e+00,1.0286e+00,1.0216e+00,1.0005e+00,1.0065e+00,1.1042e+00,1.0476e+00,6.6551e-01,3.0037e-01,9.9574e-02,4.6071e-02,4.3580e-02,4.2764e-02,3.9085e-02,3.6457e-02,3.6841e-02,3.8828e-02,3.9670e-02,3.7827e-02,3.3613e-02,2.8509e-02,2.4387e-02,2.3021e-02,2.5730e-02,3.3069e-02,4.4715e-02,5.9630e-02
6.5572e-03,6.5717e-01,9.3660e-01,1.0393e+00,1.0752e+00,1.0832e+00,1.0776e+00,1.0656e+00,1.0512e+00,1.0372e+00,1.0249e+00,1.0151e+00,1.0081e+00,1.0036e+00,1.0013e+00,1.0008e+00,1.0016e+00,1.0031e+00,1.0050e+00,1.0070e+00,1.0088e+00,1.0104e+00,1.0116e+00,1.0126e+00,1.0133e+00,1.0138e+00,1.0142e+00,1.0145e+00,1.0149e+00,1.0154e+00,1.0160e+00,1.0168e+00,1.0179e+00,1.0191e+00,1.0205e+00,1.0222e+00,1.0241e+00,1.0261e+00,1.0283e+00,1.0305e+00,1.0328e+00,1.0352e+00,1.0375e+00,1.0397e+00,1.0417e+00,1.0436e+00,1.0452e+00,1.0466e+00,1.0476e+00,1.0482e+00,1.0484e+00,1.0481e+00,1.0472e+00,1.0458e+00,1.0437e+00,1.0412e+00,1.0383e+00,1.0355e+00,1.0329e+00,1.0310e+00,1.0300e+00,1.0300e+00,1.0310e+00,1.0328e+00,1.0351e+00,1.0374e+00,1.0392e+00,1.0401e+00,1.0396e+00,1.0375e+00,1.0340e+00,1.0298e+00,1.0264e+00,1.0257e+00,1.0285e+00,1.0317e+00,1.0248e+00,1.0036e+00,1.0085e+00,1.1049e+00,1.0542e+00,6.7105e-01,3.0229e-01,9.9763e-02,4.6738e-02,4.5059e-02,4.4851e-02,4.1604e-02,3.9207e-02,3.9535e-02,4.1119e-02,4.1268e-02,3.8591e-02,3.3595e-02,2.7950e-02,2.3668e-02,2.2579e-02,2.5946e-02,3.4185e-02,4.6811e-02
1.8418e-02,6.6308e-01,9.4029e-01,1.0426e+00,1.0782e+00,1.0858e+00,1.0799e+00,1.0675e+00,1.0529e+00,1.0384e+00,1.0257e+00,1.0155e+00,1.0079e+00,1.0030e+00,1.0004e+00,9.9965e-01,1.0003e+00,1.0018e+00,1.0039e+00,1.0061e+00,1.0082e+00,1.0100e+00,1.0115e+00,1.0127e+00,1.0136e+00,1.0143e+00,1.0148e+00,1.0151e+00,1.0155e+00,1.0159e+00,1.0164e+00,1.0170e+00,1.0178e+00,1.0188e+00,1.0199e+00,1.0213e+00,1.0229e+00,1.0246e+00,1.0265e+00,1.0285e+00,1.0306e+00,1.0328e+00,1.0349e+00,1.0370e+00,1.0390e+00,1.0409e+00,1.0426e+00,1.0441e+00,1.0453e+00,1.0462e+00,1.0467e+00,1.0469e+00,1.0466e+00,1.0457e+00,1.0443e+00,1.0424e+00,1.0399e+00,1.0372e+00,1.0345e+00,1.0321e+00,1.0302e+00,1.0293e+00,1.0293e+00,1.0304e+00,1.0323e+00,1.0347e+00,1.0372e+00,1.0394e+00,1.0406e+00,1.0406e+00,1.0389e+00,1.0358e+00,1.0320e+00,1.0289e+00,1.0283e+00,1.0314e+00,1.0348e+00,1.0281e+00,1.0069e+00,1.0106e+00,1.1055e+00,1.0609e+00,6.7711e-01,3.0465e-01,1.0015e-01,4.7472e-02,4.6589e-02,4.6990e-02,4.4158e-02,4.1949e-02,4.2163e-02,4.3294e-02,4.2720e-02,3.9207e-02,3.3447e-02,2.7293e-02,2.2889e-02,2.2109e-02,2.6146e-02,3.5273e-02
3.0259e-02,6.6857e-01,9.4362e-01,1.0457e+00,1.0811e+00,1.0884e+00,1.0822e+00,1.0695e+00,1.0545e+00,1.0397e+00,1.0265e+00,1.0158e+00,1.0077e+00,1.0023e+00,9.9929e-01,9.9824e-01,9.9869e-01,1.0002e+00,1.0023e+00,1.0046e+00,1.0069e+00,1.0090e+00,1.0108e+00,1.0123e+00,1.0134e+00,1.0143e+00,1.0149e+00,1.0153e+00,1.0157e+00,1.0161e+00,1.0165e+00,1.0170e+00,1.0176e+00,1.0183e+00,1.0193e+00,1.0204e+00,1.0217e+00,1.0232e+00,1.0248e+00,1.0265e+00,1.0284e+00,1.0303e+00,1.0322e+00,1.0342e+00,1.0361e+00,1.0379e+00,1.0396e+00,1.0411e+00,1.0424e+00,1.0435e+00,1.0442e+00,1.0447e+00,1.0448e+00,1.0445e+00,1.0437e+00,1.0424e+00,1.0405e+00,1.0382e+00,1.0357e+00,1.0331e+00,1.0308e+00,1.0290e+00,1.0282e+00,1.0283e+00,1.0294e+00,1.0314e+00,1.0340e+00,1.0368e+00,1.0393e+00,1.0409e+00,1.0413e+00,1.0401e+00,1.0375e+00,1.0341e+00,1.0313e+00,1.0310e+00,1.0342e+00,1.0379e+00,1.0315e+00,1.0102e+00,1.0127e+00,1.1061e+00,1.0678e+00,6.8371e-01,3.0748e-01,1.0075e-01,4.8276e-02,4.8169e-02,4.9179e-02,4.6738e-02,4.4671e-02,4.4714e-02,4.5347e-02,4.4030e-02,3.9680e-02,3.3177e-02,2.6547e-02,2.2059e-02,2.1611e-02,2.6320e-02
4.2073e-02,6.7363e-01,9.4658e-01,1.0486e+00,1.0838e+00,1.0909e+00,1.0845e+00,1.0715e+00,1.0563e+00,1.0411e+00,1.0275e+00,1.0162e+00,1.0076e+00,1.0017e+00,9.9812e-01,9.9665e-01,9.9681e-01,9.9814e-01,1.0002e+00,1.0026e+00,1.0051e+00,1.0075e+00,1.0095e+00,1.0113e+00,1.0126e+00,1.0137e+00,1.0145e+00,1.0151e+00,1.0155e+00,1.0159e+00,1.0163e+00,1.0167e+00,1.0172e+00,1.0178e+00,1.0185e+00,1.0194e+00,1.0204e+00,1.0216e+00,1.0229e+00,1.0244e+00,1.0260e+00,1.0277e+00,1.0294e+00,1.0312e+00,1.0329e+00,1.0346e+00,1.0362e+00,1.0377e+00,1.0390e+00,1.0402e+00,1.0411e+00,1.0418e+00,1.0422e+00,1.0422e+00,1.0419e+00,1.0411e+00,1.0399e+00,1.0382e+00,1.0361e+00,1.0337e+00,1.0312e+00,1.0291e+00,1.0275e+00,1.0267e+00,1.0269e+00,1.0281e+00,1.0303e+00,1.0331e+00,1.0361e+00,1.0389e+00,1.0410e+00,1.0418e+00,1.0411e+00,1.0390e+00,1.0360e+00,1.0336e+00,1.0336e+00,1.0371e+00,1.0411e+00,1.0349e+00,1.0135e+00,1.0149e+00,1.1066e+00,1.0749e+00,6.9084e-01,3.1078e-01,1.0157e-01,4.9154e-02,4.9800e-02,5.1414e-02,4.9337e-02,4.7364e-02,4.7183e-02,4.7277e-02,4.5198e-02,4.0017e-02,3.2795e-02,2.5722e-02,2.1179e-02,2.1081e-02
5.3846e-02,6.7825e-01,9.4913e-01,1.0511e+00,1.0864e+00,1.0934e+00,1.0867e+00,1.0736e+00,1.0580e+00,1.0425e+00,1.0285e+00,1.0168e+00,1.0076e+00,1.0010e+00,9.9693e-01,9.9497e-01,9.9474e-01,9.9582e-01,9.9776e-01,1.0002e+00,1.0028e+00,1.0053e+00,1.0076e+00,1.0096e+00,1.0112e+00,1.0126e+00,1.0136e+00,1.0143e+00,1.0149e+00,1.0153e+00,1.0157e+00,1.0161e+00,1.0165e+00,1.0169e+00,1.0175e+00,1.0182e+00,1.0190e+00,1.0199e+00,1.0210e+00,1.0222e+00,1.0236e+00,1.0250e+00,1.0265e+00,1.0280e+00,1.0296e+00,1.0311e+00,1.0326e+00,1.0340e+00,1.0353e+00,1.0364e+00,1.0374e+00,1.0382e+00,1.0387e+00,1.0390e+00,1.0390e+00,1.0387e+00,1.0380e+00,1.0369e+00,1.0353e+00,1.0334e+00,1.0312e+00,1.0289e+00,1.0269e+00,1.0255e+00,1.0248e+00,1.0251e+00,1.0265e+00,1.0288e+00,1.0318e+00,1.0351e+00,1.0382e+00,1.0407e+00,1.0420e+00,1.0419e+00,1.0403e+00,1.0378e+00,1.0358e+00,1.0361e+00,1.0400e+00,1.0443e+00,1.0384e+00,1.0170e+00,1.0172e+00,1.1071e+00,1.0820e+00,6.9853e-01,3.1458e-01,1.0262e-01,5.0111e-02,5.1484e-02,5.3690e-02,5.1948e-02,5.0019e-02,4.9561e-02,4.9079e-02,4.6226e-02,4.0227e-02,3.2310e-02,2.4825e-02,2.0255e-02
6.5565e-02,6.8244e-01,9.5127e-01,1.0534e+00,1.0888e+00,1.0957e+00,1.0890e+00,1.0757e+00,1.0599e+00,1.0441e+00,1.0297e+00,1.0174e+00,1.0077e+00,1.0005e+00,9.9579e-01,9.9326e-01,9.9257e-01,9.9329e-01,9.9501e-01,9.9734e-01,9.9997e-01,1.0026e+00,1.0051e+00,1.0073e+00,1.0092e+00,1.0108e+00,1.0120e+00,1.0130e+00,1.0137e+00,1.0142e+00,1.0147e+00,1.0150e+00,1.0154e+00,1.0158e+00,1.0162e+00,1.0168e+00,1.0174e+00,1.0181e+00,1.0190e+00,1.0200e+00,1.0210e+00,1.0222e+00,1.0234e+00,1.0247e+00,1.0261e+00,1.0274e+00,1.0287e+00,1.0300e+00,1.0312e+00,1.0323e+00,1.0332e+00,1.0340e+00,1.0347e+00,1.0351e+00,1.0353e+00,1.0353e+00,1.0350e+00,1.0343e+00,1.0333e+00,1.0319e+00,1.0302e+00,1.0282e+00,1.0262e+00,1.0244e+00,1.0231e+00,1.0226e+00,1.0231e+00,1.0246e+00,1.0270e+00,1.0302e+00,1.0338e+00,1.0373e+00,1.0402e+00,1.0420e+00,1.0424e+00,1.0414e+00,1.0395e+00,1.0379e+00,1.0386e+00,1.0428e+00,1.0475e+00,1.0420e+00,1.0206e+00,1.0196e+00,1.1075e+00,1.0891e+00,7.0677e-01,3.1889e-01,1.0391e-01,5.1148e-02,5.3216e-02,5.6004e-02,5.4563e-02,5.2629e-02,5.1845e-02,5.0755e-02,4.7121e-02,4.0315e-02,3.1731e-02,2.3864e-02
7.7216e-02,6.8621e-01,9.5297e-01,1.0554e+00,1.0910e+00,1.0980e+00,1.0911e+00,1.0777e+00,1.0618e+00,1.0458e+00,1.0310e+00,1.0183e+00,1.0080e+00,1.0001e+00,9.9477e-01,9.9161e-01,9.9036e-01,9.9063e-01,9.9203e-01,9.9418e-01,9.9674e-01,9.9944e-01,1.0021e+00,1.0045e+00,1.0066e+00,1.0084e+00,1.0099e+00,1.0110e+00,1.0119e+00,1.0126e+00,1.0131e+00,1.0136e+00,1.0139e+00,1.0143e+00,1.0146e+00,1.0151e+00,1.0155e+00,1.0161e+00,1.0167e+00,1.0175e+00,1.0183e+00,1.0193e+00,1.0203e+00,1.0213e+00,1.0224e+00,1.0235e+00,1.0246e+00,1.0257e+00,1.0268e+00,1.0277e+00,1.0286e+00,1.0294e+00,1.0300e+00,1.0305e+00,1.0308e+00,1.0310e+00,1.0309e+00,1.0306e+00,1.0300e+00,1.0291e+00,1.0279e+00,1.0264e+00,1.0247e+00,1.0229e+00,1.0214e+00,1.0203e+00,1.0200e+00,1.0206e+00,1.0223e+00,1.0250e+00,1.0284e+00,1.0323e+00,1.0361e+00,1.0394e+00,1.0418e+00,1.0427e+00,1.0423e+00,1.0410e+00,1.0399e+00,1.0411e+00,1.0457e+00,1.0507e+00,1.0456e+00,1.0242e+00,1.0221e+00,1.1079e+00,1.0964e+00,7.1557e-01,3.2374e-01,1.0547e-01,5.2268e-02,5.4997e-02,5.8350e-02,5.7176e-02,5.5187e-02,5.4028e-02,5.2303e-02,4.7885e-02,4.0291e-02,3.1066e-02
8.8787e-02,6.8955e-01,9.5424e-01,1.0570e+00,1.0930e+00,1.1001e+00,1.0932e+00,1.0798e+00,1.0638e+00,1.0476e+00,1.0325e+00,1.0193e+00,1.0084e+00,9.9999e-01,9.9392e-01,9.9008e-01,9.8819e-01,9.8792e-01,9.8891e-01,9.9076e-01,9.9316e-01,9.9582e-01,9.9850e-01,1.0011e+00,1.0034e+00,1.0054e+00,1.0071e+00,1.0084e+00,1.0095e+00,1.0104e+00,1.0111e+00,1.0116e+00,1.0120e+00,1.0123e+00,1.0127e+00,1.0130e+00,1.0134e+00,1.0138e+00,1.0143e+00,1.0148e+00,1.0155e+00,1.0161e+00,1.0169e+00,1.0177e+00,1.0186e+00,1.0195e+00,1.0204e+00,1.0213e+00,1.0221e+00,1.0229e+00,1.0237e+00,1.0244e+00,1.0249e+00,1.0254e+00,1.0257e+00,1.0259e+00,1.0260e+00,1.0259e+00,1.0256e+00,1.0251e+00,1.0244e+00,1.0233e+00,1.0221e+00,1.0206e+00,1.0192e+00,1.0179e+00,1.0171e+00,1.0170e+00,1.0179e+00,1.0198e+00,1.0226e+00,1.0263e+00,1.0304e+00,1.0346e+00,1.0384e+00,1.0413e+00,1.0428e+00,1.0430e+00,1.0423e+00,1.0419e+00,1.0435e+00,1.0485e+00,1.0540e+00,1.0492e+00,1.0279e+00,1.0246e+00,1.1083e+00,1.1036e+00,7.2495e-01,3.2913e-01,1.0729e-01,5.3472e-02,5.6823e-02,6.0723e-02,5.9781e-02,5.7687e-02,5.6109e-02,5.3726e-02,4.8526e-02,4.0163e-02
1.0027e-01,6.9248e-01,9.5505e-01,1.0582e+00,1.0947e+00,1.1020e+00,1.0953e+00,1.0819e+00,1.0658e+00,1.0495e+00,1.0341e+00,1.0206e+00,1.0091e+00,1.0000e+00,9.9328e-01,9.8872e-01,9.8614e-01,9.8525e-01,9.8572e-01,9.8718e-01,9.8932e-01,9.9184e-01,9.9450e-01,9.9711e-01,9.9955e-01,1.0017e+00,1.0036e+00,1.0052e+00,1.0065e+00,1.0076e+00,1.0084e+00,1.0090e+00,1.0095e+00,1.0099e+00,1.0102e+00,1.0105e+00,1.0108e+00,1.0111e+00,1.0115e+00,1.0119e+00,1.0123e+00,1.0128e+00,1.0134e+00,1.0140e+00,1.0146e+00,1.0153e+00,1.0159e+00,1.0166e+00,1.0173e+00,1.0179e+00,1.0185e+00,1.0190e+00,1.0195e+00,1.0198e+00,1.0201e+00,1.0203e+00,1.0204e+00,1.0204e+00,1.0203e+00,1.0200e+00,1.0196e+00,1.0190e+00,1.0182e+00,1.0172e+00,1.0161e+00,1.0149e+00,1.0140e+00,1.0135e+00,1.0137e+00,1.0148e+00,1.0169e+00,1.0200e+00,1.0239e+00,1.0284e+00,1.0329e+00,1.0372e+00,1.0405e+00,1.0427e+00,1.0436e+00,1.0435e+00,1.0437e+00,1.0459e+00,1.0513e+00,1.0573e+00,1.0529e+00,1.0317e+00,1.0272e+00,1.1086e+00,1.1108e+00,7.3489e-01,3.3508e-01,1.0940e-01,5.4761e-02,5.8691e-02,6.3119e-02,6.2370e-02,6.0125e-02,5.8087e-02,5.5024e-02,4.9047e-02
1.1164e-01,6.9501e-01,9.5542e-01,1.0590e+00,1.0961e+00,1.1037e+00,1.0972e+00,1.0839e+00,1.0679e+00,1.0514e+00,1.0359e+00,1.0220e+00,1.0101e+00,1.0004e+00,9.9288e-01,9.8757e-01,9.8426e-01,9.8268e-01,9.8254e-01,9.8352e-01,9.8530e-01,9.8759e-01,9.9013e-01,9.9272e-01,9.9522e-01,9.9753e-01,9.9959e-01,1.0014e+00,1.0029e+00,1.0041e+00,1.0051e+00,1.0058e+00,1.0065e+00,1.0069e+00,1.0073e+00,1.0076e+00,1.0079e+00,1.0081e+00,1.0084e+00,1.0086e+00,1.0089e+00,1.0092e+00,1.0096e+00,1.0100e+00,1.0104e+00,1.0108e+00,1.0113e+00,1.0118e+00,1.0122e+00,1.0126e+00,1.0130e+00,1.0134e+00,1.0137e+00,1.0139e+00,1.0141e+00,1.0142e+00,1.0142e+00,1.0142e+00,1.0141e+00,1.0140e+00,1.0138e+00,1.0135e+00,1.0130e+00,1.0125e+00,1.0118e+00,1.0110e+00,1.0102e+00,1.0096e+00,1.0095e+00,1.0100e+00,1.0114e+00,1.0137e+00,1.0171e+00,1.0213e+00,1.0260e+00,1.0310e+00,1.0357e+00,1.0396e+00,1.0424e+00,1.0439e+00,1.0446e+00,1.0454e+00,1.0481e+00,1.0541e+00,1.0605e+00,1.0566e+00,1.0355e+00,1.0299e+00,1.1088e+00,1.1180e+00,7.4539e-01,3.4161e-01,1.1179e-01,5.6138e-02,6.0598e-02,6.5533e-02,6.4941e-02,6.2496e-02,5.9960e-02,5.6202e-02
1.2290e-01,6.9714e-01,9.5534e-01,1.0594e+00,1.0972e+00,1.1052e+00,1.0989e+00,1.0858e+00,1.0699e+00,1.0534e+00,1.0377e+00,1.0235e+00,1.0112e+00,1.0009e+00,9.9275e-01,9.8669e-01,9.8260e-01,9.8028e-01,9.7946e-01,9.7987e-01,9.8119e-01,9.8313e-01,9.8546e-01,9.8795e-01,9.9044e-01,9.9281e-01,9.9498e-01,9.9691e-01,9.9858e-01,9.9998e-01,1.0011e+00,1.0021e+00,1.0028e+00,1.0034e+00,1.0038e+00,1.0041e+00,1.0044e+00,1.0046e+00,1.0048e+00,1.0050e+00,1.0051e+00,1.0053e+00,1.0055e+00,1.0057e+00,1.0060e+00,1.0062e+00,1.0064e+00,1.0067e+00,1.0069e+00,1.0071e+00,1.0073e+00,1.0075e+00,1.0076e+00,1.0076e+00,1.0077e+00,1.0076e+00,1.0076e+00,1.0075e+00,1.0073e+00,1.0072e+00,1.0070e+00,1.0069e+00,1.0067e+00,1.0065e+00,1.0062e+00,1.0058e+00,1.0054e+00,1.0050e+00,1.0048e+00,1.0050e+00,1.0059e+00,1.0076e+00,1.0103e+00,1.0139e+00,1.0184e+00,1.0235e+00,1.0288e+00,1.0339e+00,1.0384e+00,1.0419e+00,1.0441e+00,1.0455e+00,1.0470e+00,1.0504e+00,1.0569e+00,1.0638e+00,1.0604e+00,1.0394e+00,1.0327e+00,1.1091e+00,1.1251e+00,7.5646e-01,3.4872e-01,1.1450e-01,5.7601e-02,6.2539e-02,6.7959e-02,6.7488e-02,6.4798e-02,6.1728e-02
1.3403e-01,6.9890e-01,9.5481e-01,1.0594e+00,1.0979e+00,1.1064e+00,1.1004e+00,1.0875e+00,1.0718e+00,1.0554e+00,1.0397e+00,1.0253e+00,1.0125e+00,1.0017e+00,9.9290e-01,9.8609e-01,9.8121e-01,9.7810e-01,9.7654e-01,9.7629e-01,9.7706e-01,9.7857e-01,9.8058e-01,9.8288e-01,9.8527e-01,9.8763e-01,9.8986e-01,9.9189e-01,9.9369e-01,9.9524e-01,9.9655e-01,9.9763e-01,9.9850e-01,9.9919e-01,9.9972e-01,1.0001e+00,1.0004e+00,1.0006e+00,1.0008e+00,1.0009e+00,1.0010e+00,1.0010e+00,1.0011e+00,1.0012e+00,1.0012e+00,1.0013e+00,1.0013e+00,1.0014e+00,1.0014e+00,1.0014e+00,1.0014e+00,1.0013e+00,1.0012e+00,1.0011e+00,1.0010e+00,1.0008e+00,1.0005e+00,1.0003e+00,1.0001e+00,9.9984e-01,9.9965e-01,9.9949e-01,9.9939e-01,9.9933e-01,9.9931e-01,9.9928e-01,9.9925e-01,9.9924e-01,9.9930e-01,9.9957e-01,1.0002e+00,1.0015e+00,1.0036e+00,1.0066e+00,1.0105e+00,1.0153e+00,1.0207e+00,1.0264e+00,1.0320e+00,1.0371e+00,1.0411e+00,1.0441e+00,1.0462e+00,1.0484e+00,1.0525e+00,1.0596e+00,1.0671e+00,1.0641e+00,1.0434e+00,1.0355e+00,1.1093e+00,1.1321e+00,7.6809e-01,3.5644e-01,1.1752e-01,5.9152e-02,6.4512e-02,7.0395e-02,7.0008e-02,6.7031e-02
1.4502e-01,7.0029e-01,9.5384e-01,1.0589e+00,1.0982e+00,1.1072e+00,1.1017e+00,1.0891e+00,1.0736e+00,1.0574e+00,1.0416e+00,1.0271e+00,1.0140e+00,1.0028e+00,9.9333e-01,9.8579e-01,9.8011e-01,9.7619e-01,9.7384e-01,9.7286e-01,9.7300e-01,9.7399e-01,9.7559e-01,9.7759e-01,9.7979e-01,9.8206e-01,9.8427e-01,9.8635e-01,9.8824e-01,9.8991e-01,9.9136e-01,9.9258e-01,9.9358e-01,9.9439e-01,9.9502e-01,9.9550e-01,9.9585e-01,9.9609e-01,9.9624e-01,9.9633e-01,9.9636e-01,9.9634e-01,9.9630e-01,9.9623e-01,9.9615e-01,9.9604e-01,9.9592e-01,9.9578e-01,9.9562e-01,9.9543e-01,9.9521e-01,9.9496e-01,9.9468e-01,9.9436e-01,9.9400e-01,9.9362e-01,9.9322e-01,9.9281e-01,9.9241e-01,9.9204e-01,9.9172e-01,9.9148e-01,9.9134e-01,9.9131e-01,9.9139e-01,9.9158e-01,9.9186e-01,9.9220e-01,9.9262e-01,9.9315e-01,9.9391e-01,9.9505e-01,9.9677e-01,9.9924e-01,1.0026e+00,1.0069e+00,1.0120e+00,1.0178e+00,1.0239e+00,1.0299e+00,1.0355e+00,1.0402e+00,1.0439e+00,1.0468e+00,1.0498e+00,1.0546e+00,1.0623e+00,1.0703e+00,1.0680e+00,1.0475e+00,1.0384e+00,1.1096e+00,1.1389e+00,7.8026e-01,3.6477e-01,1.2088e-01,6.0793e-02,6.6510e-02,7.2834e-02,7.2497e-02
1.5586e-01,7.0133e-01,9.5243e-01,1.0580e+00,1.0981e+00,1.1078e+00,1.1027e+00,1.0905e+00,1.0753e+00,1.0593e+00,1.0436e+00,1.0290e+00,1.0157e+00,1.0040e+00,9.9402e-01,9.8579e-01,9.7934e-01,9.7459e-01,9.7142e-01,9.6966e-01,9.6908e-01,9.6946e-01,9.7056e-01,9.7217e-01,9.7410e-01,9.7619e-01,9.7830e-01,9.8036e-01,9.8228e-01,9.8403e-01,9.8558e-01,9.8691e-01,9.8804e-01,9.8896e-01,9.8970e-01,9.9027e-01,9.9069e-01,9.9098e-01,9.9115e-01,9.9123e-01,9.9124e-01,9.9117e-01,9.9106e-01,9.9090e-01,9.9070e-01,9.9046e-01,9.9019e-01,9.8989e-01,9.8956e-01,9.8920e-01,9.8879e-01,9.8835e-01,9.8788e-01,9.8736e-01,9.8681e-01,9.8623e-01,9.8564e-01,9.8504e-01,9.8445e-01,9.8390e-01,9.8341e-01,9.8301e-01,9.8274e-01,9.8261e-01,9.8267e-01,9.8291e-01,9.8333e-01,9.8392e-01,9.8465e-01,9.8553e-01,9.8657e-01,9.8785e-01,9.8951e-01,9.9171e-01,9.9462e-01,9.9838e-01,1.0030e+00,1.0085e+00,1.0146e+00,1.0211e+00,1.0277e+00,1.0338e+00,1.0392e+00,1.0436e+00,1.0473e+00,1.0511e+00,1.0566e+00,1.0650e+00,1.0736e+00,1.0718e+00,1.0516e+00,1.0415e+00,1.1098e+00,1.1456e+00,7.9297e-01,3.7373e-01,1.2459e-01,6.2522e-02,6.8530e-02,7.5273e-02
1.6652e-01,7.0204e-01,9.5060e-01,1.0566e+00,1.0976e+00,1.1080e+00,1.1034e+00,1.0917e+00,1.0768e+00,1.0611e+00,1.0455e+00,1.0309e+00,1.0175e+00,1.0055e+00,9.9497e-01,9.8610e-01,9.7889e-01,9.7332e-01,9.6931e-01,9.6672e-01,9.6538e-01,9.6507e-01,9.6558e-01,9.6672e-01,9.6827e-01,9.7009e-01,9.7203e-01,9.7399e-01,9.7588e-01,9.7765e-01,9.7925e-01,9.8067e-01,9.8189e-01,9.8292e-01,9.8376e-01,9.8442e-01,9.8491e-01,9.8526e-01,9.8548e-01,9.8558e-01,9.8558e-01,9.8550e-01,9.8534e-01,9.8511e-01,9.8482e-01,9.8448e-01,9.8410e-01,9.8366e-01,9.8319e-01,9.8266e-01,9.8210e-01,9.8148e-01,9.8083e-01,9.8013e-01,9.7939e-01,9.7862e-01,9.7783e-01,9.7703e-01,9.7624e-01,9.7549e-01,9.7480e-01,9.7420e-01,9.7374e-01,9.7344e-01,9.7335e-01,9.7350e-01,9.7391e-01,9.7458e-01,9.7550e-01,9.7665e-01,9.7800e-01,9.7957e-01,9.8141e-01,9.8363e-01,9.8635e-01,9.8975e-01,9.9395e-01,9.9899e-01,1.0048e+00,1.0113e+00,1.0183e+00,1.0252e+00,1.0319e+00,1.0379e+00,1.0431e+00,1.0476e+00,1.0522e+00,1.0585e+00,1.0676e+00,1.0769e+00,1.0757e+00,1.0557e+00,1.0446e+00,1.1100e+00,1.1520e+00,8.0619e-01,3.8331e-01,1.2866e-01,6.4342e-02,7.0568e-02
1.7701e-01,7.0242e-01,9.4836e-01,1.0548e+00,1.0966e+00,1.1077e+00,1.1038e+00,1.0926e+00,1.0781e+00,1.0627e+00,1.0474e+00,1.0328e+00,1.0193e+00,1.0070e+00,9.9613e-01,9.8668e-01,9.7876e-01,9.7239e-01,9.6754e-01,9.6410e-01,9.6194e-01,9.6088e-01,9.6074e-01,9.6131e-01,9.6240e-01,9.6386e-01,9.6555e-01,9.6733e-01,9.6911e-01,9.7084e-01,9.7245e-01,9.7390e-01,9.7519e-01,9.7629e-01,9.7722e-01,9.7796e-01,9.7853e-01,9.7895e-01,9.7922e-01,9.7935e-01,9.7937e-01,9.7928e-01,9.7910e-01,9.7883e-01,9.7849e-01,9.7807e-01,9.7759e-01,9.7705e-01,9.7646e-01,9.7580e-01,9.7509e-01,9.7433e-01,9.7351e-01,9.7265e-01,9.7173e-01,9.7079e-01,9.6981e-01,9.6882e-01,9.6783e-01,9.6687e-01,9.6597e-01,9.6516e-01,9.6447e-01,9.6395e-01,9.6364e-01,9.6360e-01,9.6386e-01,9.6444e-01,9.6537e-01,9.6664e-01,9.6821e-01,9.7007e-01,9.7220e-01,9.7463e-01,9.7744e-01,9.8073e-01,9.8465e-01,9.8931e-01,9.9478e-01,1.0010e+00,1.0079e+00,1.0152e+00,1.0227e+00,1.0299e+00,1.0365e+00,1.0425e+00,1.0478e+00,1.0533e+00,1.0604e+00,1.0702e+00,1.0801e+00,1.0796e+00,1.0600e+00,1.0477e+00,1.1102e+00,1.1582e+00,8.1992e-01,3.9354e-01,1.3311e-01,6.6255e-02
1.8731e-01,7.0250e-01,9.4572e-01,1.0525e+00,1.0952e+00,1.1071e+00,1.1038e+00,1.0931e+00,1.0792e+00,1.0641e+00,1.0491e+00,1.0347e+00,1.0212e+00,1.0087e+00,9.9748e-01,9.8752e-01,9.7895e-01,9.7182e-01,9.6613e-01,9.6183e-01,9.5883e-01,9.5697e-01,9.5609e-01,9.5602e-01,9.5658e-01,9.5760e-01,9.5893e-01,9.6046e-01,9.6206e-01,9.6368e-01,9.6523e-01,9.6667e-01,9.6798e-01,9.6913e-01,9.7011e-01,9.7092e-01,9.7156e-01,9.7203e-01,9.7236e-01,9.7254e-01,9.7258e-01,9.7251e-01,9.7232e-01,9.7203e-01,9.7165e-01,9.7119e-01,9.7064e-01,9.7002e-01,9.6933e-01,9.6857e-01,9.6775e-01,9.6686e-01,9.6591e-01,9.6489e-01,9.6383e-01,9.6272e-01,9.6157e-01,9.6040e-01,9.5923e-01,9.5807e-01,9.5696e-01,9.5593e-01,9.5501e-01,9.5424e-01,9.5369e-01,9.5339e-01,9.5341e-01,9.5379e-01,9.5457e-01,9.5577e-01,9.5739e-01,9.5941e-01,9.6179e-01,9.6450e-01,9.6754e-01,9.7097e-01,9.7486e-01,9.7934e-01,9.8450e-01,9.9042e-01,9.9708e-01,1.0044e+00,1.0121e+00,1.0200e+00,1.0278e+00,1.0351e+00,1.0417e+00,1.0479e+00,1.0542e+00,1.0622e+00,1.0728e+00,1.0834e+00,1.0835e+00,1.0642e+00,1.0510e+00,1.1105e+00,1.1641e+00,8.3413e-01,4.0442e-01,1.3795e-01
1.9740e-01,7.0229e-01,9.4269e-01,1.0498e+00,1.0933e+00,1.1060e+00,1.1034e+00,1.0933e+00,1.0799e+00,1.0653e+00,1.0506e+00,1.0365e+00,1.0230e+00,1.0105e+00,9.9898e-01,9.8859e-01,9.7943e-01,9.7158e-01,9.6509e-01,9.5994e-01,9.5607e-01,9.5338e-01,9.5172e-01,9.5094e-01,9.5088e-01,9.5138e-01,9.5228e-01,9.5347e-01,9.5482e-01,9.5625e-01,9.5768e-01,9.5905e-01,9.6033e-01,9.6148e-01,9.6248e-01,9.6333e-01,9.6402e-01,9.6455e-01,9.6492e-01,9.6514e-01,9.6522e-01,9.6517e-01,9.6499e-01,9.6470e-01,9.6430e-01,9.6381e-01,9.6322e-01,9.6254e-01,9.6178e-01,9.6094e-01,9.6003e-01,9.5904e-01,9.5798e-01,9.5685e-01,9.5565e-01,9.5441e-01,9.5311e-01,9.5179e-01,9.5045e-01,9.4911e-01,9.4780e-01,9.4656e-01,9.4541e-01,9.4440e-01,9.4359e-01,9.4302e-01,9.4275e-01,9.4284e-01,9.4335e-01,9.4434e-01,9.4582e-01,9.4781e-01,9.5028e-01,9.5319e-01,9.5650e-01,9.6018e-01,9.6426e-01,9.6878e-01,9.7385e-01,9.7954e-01,9.8594e-01,9.9303e-01,1.0007e+00,1.0089e+00,1.0172e+00,1.0255e+00,1.0334e+00,1.0408e+00,1.0478e+00,1.0551e+00,1.0639e+00,1.0753e+00,1.0866e+00,1.0874e+00,1.0686e+00,1.0543e+00,1.1107e+00,1.1697e+00,8.4879e-01,4.1594e-01
2.0729e-01,7.0180e-01,9.3930e-01,1.0466e+00,1.0910e+00,1.1045e+00,1.1026e+00,1.0931e+00,1.0803e+00,1.0662e+00,1.0519e+00,1.0381e+00,1.0248e+00,1.0123e+00,1.0006e+00,9.8984e-01,9.8017e-01,9.7167e-01,9.6441e-01,9.5843e-01,9.5370e-01,9.5015e-01,9.4767e-01,9.4613e-01,9.4539e-01,9.4528e-01,9.4568e-01,9.4645e-01,9.4747e-01,9.4864e-01,9.4987e-01,9.5112e-01,9.5231e-01,9.5341e-01,9.5440e-01,9.5525e-01,9.5596e-01,9.5652e-01,9.5693e-01,9.5718e-01,9.5729e-01,9.5727e-01,9.5711e-01,9.5682e-01,9.5642e-01,9.5592e-01,9.5530e-01,9.5459e-01,9.5378e-01,9.5289e-01,9.5191e-01,9.5084e-01,9.4970e-01,9.4847e-01,9.4718e-01,9.4582e-01,9.4441e-01,9.4295e-01,9.4147e-01,9.3997e-01,9.3849e-01,9.3706e-01,9.3571e-01,9.3447e-01,9.3340e-01,9.3256e-01,9.3199e-01,9.3176e-01,9.3195e-01,9.3262e-01,9.3382e-01,9.3559e-01,9.3795e-01,9.4088e-01,9.4434e-01,9.4826e-01,9.5260e-01,9.5734e-01,9.6252e-01,9.6820e-01,9.7446e-01,9.8135e-01,9.8889e-01,9.9702e-01,1.0056e+00,1.0144e+00,1.0232e+00,1.0318e+00,1.0399e+00,1.0477e+00,1.0559e+00,1.0656e+00,1.0778e+00,1.0898e+00,1.0913e+00,1.0729e+00,1.0577e+00,1.1110e+00,1.1749e+00,8.6387e-01
