9.8595e-03,1.3672e-03,-4.4856e-03,-7.9856e-03,-9.5733e-03,-9.7782e-03,-9.1446e-03,-8.1605e-03,-7.2038e-03,-6.5104e-03,-6.1712e-03,-6.1565e-03,-6.3523e-03,-6.6046e-03,-6.7542e-03,-6.6695e-03,-6.2621e-03,-5.4973e-03,-4.3917e-03,-3.0111e-03,-1.4549e-03,1.5557e-04,1.6944e-03,3.0460e-03,4.1181e-03,4.8540e-03,5.2380e-03,5.2941e-03,5.0799e-03,4.6802e-03,4.1911e-03,3.7068e-03,3.3074e-03,3.0511e-03,2.9692e-03,3.0657e-03,3.3230e-03,3.7084e-03,4.1843e-03,4.7136e-03,5.2679e-03,5.8276e-03,6.3853e-03,6.9373e-03,7.4847e-03,8.0235e-03,8.5423e-03,9.0196e-03,9.4244e-03,9.7159e-03,9.8473e-03,9.7741e-03,9.4555e-03,8.8639e-03,7.9873e-03,6.8357e-03,5.4402e-03,3.8532e-03,2.1461e-03,4.0216e-04,-1.2897e-03,-2.8428e-03,-4.1817e-03,-5.2486e-03,-6.0080e-03,-6.4506e-03,-6.5915e-03,-6.4685e-03,-6.1372e-03,-5.6631e-03,-5.1143e-03,-4.5598e-03,-4.0546e-03,-3.6424e-03,-3.3480e-03,-3.1788e-03,-3.1242e-03,-3.1569e-03,-3.2387e-03,-3.3217e-03,-3.3552e-03,-3.2905e-03,-3.0833e-03,-2.7013e-03,-2.1236e-03,-1.3437e-03,-3.7163e-04,7.7229e-04,2.0568e-03,3.4434e-03,4.8931e-03,6.3719e-03,7.8487e-03,9.2986e-03,1.0700e-02,1.2030e-02,1.3252e-02,1.4316e-02,1.5150e-02,1.5658e-02
4.1972e-03,-6.5248e-03,-1.4527e-02,-1.9906e-02,-2.2941e-02,-2.4049e-02,-2.3719e-02,-2.2443e-02,-2.0650e-02,-1.8667e-02,-1.6690e-02,-1.4799e-02,-1.2982e-02,-1.1165e-02,-9.2554e-03,-7.1659e-03,-4.8412e-03,-2.2646e-03,5.3384e-04,3.4824e-03,6.4769e-03,9.3864e-03,1.2072e-02,1.4403e-02,1.6263e-02,1.7569e-02,1.8280e-02,1.8393e-02,1.7946e-02,1.7010e-02,1.5675e-02,1.4039e-02,1.2195e-02,1.0224e-02,8.1856e-03,6.1226e-03,4.0611e-03,2.0186e-03,1.0252e-05,-1.9444e-03,-3.8152e-03,-5.5630e-03,-7.1420e-03,-8.5009e-03,-9.5941e-03,-1.0383e-02,-1.0846e-02,-1.0976e-02,-1.0785e-02,-1.0302e-02,-9.5689e-03,-8.6360e-03,-7.5563e-03,-6.3788e-03,-5.1464e-03,-3.8898e-03,-2.6288e-03,-1.3680e-03,-1.0516e-04,1.1693e-03,2.4655e-03,3.7889e-03,5.1334e-03,6.4818e-03,7.7997e-03,9.0408e-03,1.0146e-02,1.1050e-02,1.1687e-02,1.1996e-02,1.1926e-02,1.1445e-02,1.0539e-02,9.2151e-03,7.5021e-03,5.4505e-03,3.1280e-03,6.1700e-04,-1.9909e-03,-4.5978e-03,-7.1072e-03,-9.4262e-03,-1.1472e-02,-1.3173e-02,-1.4475e-02,-1.5340e-02,-1.5749e-02,-1.5699e-02,-1.5199e-02,-1.4270e-02,-1.2936e-02,-1.1224e-02,-9.1593e-03,-6.7642e-03,-4.0634e-03,-1.0877e-03,2.1165e-03,5.4797e-03,8.9028e-03,1.2253e-02
3.4007e-04,-1.2433e-02,-2.2570e-02,-2.9963e-02,-3.4703e-02,-3.7054e-02,-3.7401e-02,-3.6192e-02,-3.3872e-02,-3.0830e-02,-2.7362e-02,-2.3660e-02,-1.9825e-02,-1.5886e-02,-1.1834e-02,-7.6485e-03,-3.3177e-03,1.1435e-03,5.6893e-03,1.0238e-02,1.4680e-02,1.8882e-02,2.2696e-02,2.5979e-02,2.8600e-02,3.0451e-02,3.1467e-02,3.1622e-02,3.0933e-02,2.9455e-02,2.7273e-02,2.4489e-02,2.1210e-02,1.7542e-02,1.3576e-02,9.3957e-03,5.0717e-03,6.7253e-04,-3.7328e-03,-8.0689e-03,-1.2250e-02,-1.6184e-02,-1.9770e-02,-2.2912e-02,-2.5521e-02,-2.7520e-02,-2.8856e-02,-2.9498e-02,-2.9441e-02,-2.8704e-02,-2.7326e-02,-2.5362e-02,-2.2881e-02,-1.9954e-02,-1.6658e-02,-1.3064e-02,-9.2417e-03,-5.2571e-03,-1.1734e-03,2.9479e-03,7.0392e-03,1.1030e-02,1.4842e-02,1.8386e-02,2.1569e-02,2.4295e-02,2.6469e-02,2.8004e-02,2.8828e-02,2.8888e-02,2.8157e-02,2.6632e-02,2.4341e-02,2.1340e-02,1.7708e-02,1.3547e-02,8.9789e-03,4.1356e-03,-8.4350e-04,-5.8144e-03,-1.0639e-02,-1.5183e-02,-1.9329e-02,-2.2969e-02,-2.6017e-02,-2.8408e-02,-3.0094e-02,-3.1049e-02,-3.1264e-02,-3.0745e-02,-2.9506e-02,-2.7567e-02,-2.4951e-02,-2.1685e-02,-1.7796e-02,-1.3326e-02,-8.3329e-03,-2.9012e-03,2.8483e-03,8.7559e-03
-1.8949e-03,-1.6387e-02,-2.8484e-02,-3.7882e-02,-4.4470e-02,-4.8329e-02,-4.9699e-02,-4.8936e-02,-4.6454e-02,-4.2668e-02,-3.7950e-02,-3.2598e-02,-2.6829e-02,-2.0792e-02,-1.4579e-02,-8.2534e-03,-1.8667e-03,4.5248e-03,1.0847e-02,1.7009e-02,2.2892e-02,2.8362e-02,3.3270e-02,3.7463e-02,4.0799e-02,4.3156e-02,4.4446e-02,4.4621e-02,4.3677e-02,4.1657e-02,3.8641e-02,3.4733e-02,3.0059e-02,2.4746e-02,1.8923e-02,1.2713e-02,6.2340e-03,-3.9414e-04,-7.0509e-03,-1.3608e-02,-1.9930e-02,-2.5871e-02,-3.1289e-02,-3.6043e-02,-4.0006e-02,-4.3069e-02,-4.5153e-02,-4.6205e-02,-4.6205e-02,-4.5165e-02,-4.3121e-02,-4.0139e-02,-3.6299e-02,-3.1699e-02,-2.6446e-02,-2.0655e-02,-1.4444e-02,-7.9356e-03,-1.2566e-03,5.4631e-03,1.2089e-02,1.8480e-02,2.4492e-02,2.9977e-02,3.4790e-02,3.8794e-02,4.1865e-02,4.3900e-02,4.4824e-02,4.4594e-02,4.3201e-02,4.0675e-02,3.7079e-02,3.2512e-02,2.7099e-02,2.0989e-02,1.4348e-02,7.3567e-03,1.9602e-04,-6.9489e-03,-1.3899e-02,-2.0486e-02,-2.6556e-02,-3.1970e-02,-3.6611e-02,-4.0386e-02,-4.3225e-02,-4.5079e-02,-4.5922e-02,-4.5749e-02,-4.4566e-02,-4.2392e-02,-3.9251e-02,-3.5174e-02,-3.0201e-02,-2.4381e-02,-1.7786e-02,-1.0514e-02,-2.7039e-03,5.4652e-03
-2.8067e-03,-1.8553e-02,-3.2279e-02,-4.3511e-02,-5.1944e-02,-5.7463e-02,-6.0131e-02,-6.0170e-02,-5.7916e-02,-5.3766e-02,-4.8129e-02,-4.1389e-02,-3.3875e-02,-2.5857e-02,-1.7543e-02,-9.1000e-03,-6.5701e-04,7.6709e-03,1.5773e-02,2.3537e-02,3.0837e-02,3.7537e-02,4.3487e-02,4.8535e-02,5.2533e-02,5.5345e-02,5.6870e-02,5.7039e-02,5.5834e-02,5.3282e-02,4.9459e-02,4.4477e-02,3.8474e-02,3.1606e-02,2.4035e-02,1.5929e-02,7.4513e-03,-1.2306e-03,-9.9455e-03,-1.8517e-02,-2.6763e-02,-3.4496e-02,-4.1534e-02,-4.7699e-02,-5.2832e-02,-5.6800e-02,-5.9499e-02,-6.0859e-02,-6.0849e-02,-5.9473e-02,-5.6772e-02,-5.2815e-02,-4.7701e-02,-4.1550e-02,-3.4501e-02,-2.6710e-02,-1.8341e-02,-9.5706e-03,-5.8120e-04,8.4361e-03,1.7286e-02,2.5768e-02,3.3681e-02,4.0830e-02,4.7027e-02,5.2103e-02,5.5910e-02,5.8335e-02,5.9300e-02,5.8772e-02,5.6760e-02,5.3317e-02,4.8540e-02,4.2561e-02,3.5545e-02,2.7682e-02,1.9178e-02,1.0252e-02,1.1263e-03,-7.9776e-03,-1.6845e-02,-2.5272e-02,-3.3073e-02,-4.0079e-02,-4.6145e-02,-5.1151e-02,-5.5003e-02,-5.7636e-02,-5.9011e-02,-5.9111e-02,-5.7938e-02,-5.5514e-02,-5.1867e-02,-4.7038e-02,-4.1078e-02,-3.4050e-02,-2.6037e-02,-1.7151e-02,-7.5431e-03,2.5922e-03
-2.7734e-03,-1.9214e-02,-3.4102e-02,-4.6839e-02,-5.6954e-02,-6.4138e-02,-6.8269e-02,-6.9402e-02,-6.7750e-02,-6.3645e-02,-5.7492e-02,-4.9723e-02,-4.0760e-02,-3.0985e-02,-2.0730e-02,-1.0271e-02,1.6265e-04,1.0382e-02,2.0229e-02,2.9559e-02,3.8233e-02,4.6108e-02,5.3041e-02,5.8879e-02,6.3474e-02,6.6687e-02,6.8404e-02,6.8545e-02,6.7078e-02,6.4019e-02,5.9440e-02,5.3456e-02,4.6224e-02,3.7925e-02,2.8758e-02,1.8928e-02,8.6471e-03,-1.8713e-03,-1.2412e-02,-2.2755e-02,-3.2678e-02,-4.1959e-02,-5.0381e-02,-5.7739e-02,-6.3850e-02,-6.8557e-02,-7.1739e-02,-7.3313e-02,-7.3238e-02,-7.1515e-02,-6.8186e-02,-6.3330e-02,-5.7061e-02,-4.9522e-02,-4.0882e-02,-3.1332e-02,-2.1081e-02,-1.0350e-02,6.2353e-04,1.1600e-02,2.2331e-02,3.2570e-02,4.2069e-02,5.0596e-02,5.7929e-02,6.3875e-02,6.8271e-02,7.0994e-02,7.1967e-02,7.1162e-02,6.8603e-02,6.4361e-02,5.8559e-02,5.1356e-02,4.2949e-02,3.3558e-02,2.3426e-02,1.2805e-02,1.9520e-03,-8.8765e-03,-1.9434e-02,-2.9485e-02,-3.8811e-02,-4.7215e-02,-5.4525e-02,-6.0597e-02,-6.5317e-02,-6.8605e-02,-7.0407e-02,-7.0703e-02,-6.9495e-02,-6.6806e-02,-6.2676e-02,-5.7156e-02,-5.0310e-02,-4.2215e-02,-3.2966e-02,-2.2689e-02,-1.1542e-02,2.6933e-04
-2.1970e-03,-1.8730e-02,-3.4218e-02,-4.7995e-02,-5.9468e-02,-6.8166e-02,-7.3781e-02,-7.6191e-02,-7.5455e-02,-7.1797e-02,-6.5570e-02,-5.7209e-02,-4.7192e-02,-3.5996e-02,-2.4065e-02,-1.1795e-02,4.8147e-04,1.2486e-02,2.3995e-02,3.4820e-02,4.4799e-02,5.3782e-02,6.1624e-02,6.8181e-02,7.3305e-02,7.6862e-02,7.8732e-02,7.8829e-02,7.7110e-02,7.3584e-02,6.8318e-02,6.1436e-02,5.3107e-02,4.3538e-02,3.2959e-02,2.1618e-02,9.7664e-03,-2.3398e-03,-1.4444e-02,-2.6289e-02,-3.7621e-02,-4.8188e-02,-5.7748e-02,-6.6075e-02,-7.2966e-02,-7.8249e-02,-8.1789e-02,-8.3494e-02,-8.3316e-02,-8.1253e-02,-7.7352e-02,-7.1698e-02,-6.4422e-02,-5.5687e-02,-4.5690e-02,-3.4654e-02,-2.2826e-02,-1.0470e-02,2.1387e-03,1.4715e-02,2.6971e-02,3.8619e-02,4.9384e-02,5.8999e-02,6.7224e-02,7.3848e-02,7.8697e-02,8.1643e-02,8.2608e-02,8.1569e-02,7.8557e-02,7.3659e-02,6.7012e-02,5.8797e-02,4.9231e-02,3.8562e-02,2.7059e-02,1.5002e-02,2.6788e-03,-9.6242e-03,-2.1630e-02,-3.3072e-02,-4.3704e-02,-5.3301e-02,-6.1666e-02,-6.8633e-02,-7.4071e-02,-7.7884e-02,-8.0014e-02,-8.0433e-02,-7.9147e-02,-7.6188e-02,-7.1605e-02,-6.5462e-02,-5.7838e-02,-4.8822e-02,-3.8524e-02,-2.7075e-02,-1.4643e-02,-1.4377e-03
-1.4468e-03,-1.7482e-02,-3.2965e-02,-4.7224e-02,-5.9598e-02,-6.9499e-02,-7.6464e-02,-8.0196e-02,-8.0588e-02,-7.7724e-02,-7.1860e-02,-6.3388e-02,-5.2797e-02,-4.0620e-02,-2.7396e-02,-1.3624e-02,2.5051e-04,1.3852e-02,2.6879e-02,3.9084e-02,5.0270e-02,6.0273e-02,6.8943e-02,7.6139e-02,8.1725e-02,8.5568e-02,8.7557e-02,8.7600e-02,8.5653e-02,8.1718e-02,7.5863e-02,6.8212e-02,5.8950e-02,4.8304e-02,3.6536e-02,2.3927e-02,1.0767e-02,-2.6505e-03,-1.6033e-02,-2.9095e-02,-4.1553e-02,-5.3136e-02,-6.3583e-02,-7.2653e-02,-8.0131e-02,-8.5834e-02,-8.9618e-02,-9.1385e-02,-9.1082e-02,-8.8706e-02,-8.4307e-02,-7.7981e-02,-6.9868e-02,-6.0153e-02,-4.9055e-02,-3.6828e-02,-2.3747e-02,-1.0111e-02,3.7700e-03,1.7578e-02,3.0996e-02,4.3708e-02,5.5417e-02,6.5838e-02,7.4719e-02,8.1837e-02,8.7013e-02,9.0117e-02,9.1071e-02,8.9853e-02,8.6498e-02,8.1101e-02,7.3805e-02,6.4805e-02,5.4331e-02,4.2649e-02,3.0048e-02,1.6831e-02,3.3112e-03,-1.0200e-02,-2.3396e-02,-3.5984e-02,-4.7691e-02,-5.8266e-02,-6.7489e-02,-7.5176e-02,-8.1179e-02,-8.5391e-02,-8.7749e-02,-8.8226e-02,-8.6833e-02,-8.3610e-02,-7.8616e-02,-7.1932e-02,-6.3649e-02,-5.3867e-02,-4.2707e-02,-3.0307e-02,-1.6839e-02,-2.5148e-03
-8.0878e-04,-1.5819e-02,-3.0705e-02,-4.4844e-02,-5.7572e-02,-6.8236e-02,-7.6262e-02,-8.1208e-02,-8.2805e-02,-8.0984e-02,-7.5871e-02,-6.7770e-02,-5.7133e-02,-4.4504e-02,-3.0472e-02,-1.5626e-02,-5.0606e-04,1.4412e-02,2.8736e-02,4.2151e-02,5.4410e-02,6.5320e-02,7.4722e-02,8.2474e-02,8.8451e-02,9.2530e-02,9.4608e-02,9.4600e-02,9.2461e-02,8.8194e-02,8.1866e-02,7.3605e-02,6.3603e-02,5.2107e-02,3.9400e-02,2.5796e-02,1.1616e-02,-2.8147e-03,-1.7175e-02,-3.1154e-02,-4.4450e-02,-5.6775e-02,-6.7859e-02,-7.7452e-02,-8.5332e-02,-9.1310e-02,-9.5237e-02,-9.7011e-02,-9.6575e-02,-9.3931e-02,-8.9128e-02,-8.2269e-02,-7.3508e-02,-6.3044e-02,-5.1117e-02,-3.8002e-02,-2.4001e-02,-9.4386e-03,5.3506e-03,2.0025e-02,3.4246e-02,4.7683e-02,6.0024e-02,7.0977e-02,8.0285e-02,8.7723e-02,9.3110e-02,9.6316e-02,9.7261e-02,9.5925e-02,9.2343e-02,8.6608e-02,7.8868e-02,6.9318e-02,5.8196e-02,4.5779e-02,3.2366e-02,1.8280e-02,3.8514e-03,-1.0585e-02,-2.4700e-02,-3.8175e-02,-5.0714e-02,-6.2042e-02,-7.1921e-02,-8.0147e-02,-8.6562e-02,-9.1052e-02,-9.3548e-02,-9.4029e-02,-9.2512e-02,-8.9044e-02,-8.3701e-02,-7.6572e-02,-6.7761e-02,-5.7378e-02,-4.5549e-02,-3.2419e-02,-1.8161e-02,-2.9860e-03
-4.5503e-04,-1.4009e-02,-2.7768e-02,-4.1203e-02,-5.3696e-02,-6.4595e-02,-7.3269e-02,-7.9173e-02,-8.1904e-02,-8.1243e-02,-7.7174e-02,-6.9880e-02,-5.9728e-02,-4.7223e-02,-3.2960e-02,-1.7569e-02,-1.6688e-03,1.4180e-02,2.9493e-02,4.3877e-02,5.7024e-02,6.8697e-02,7.8715e-02,8.6935e-02,9.3232e-02,9.7499e-02,9.9645e-02,9.9598e-02,9.7319e-02,9.2814e-02,8.6150e-02,7.7458e-02,6.6936e-02,5.4841e-02,4.1477e-02,2.7175e-02,1.2286e-02,-2.8428e-03,-1.7866e-02,-3.2456e-02,-4.6297e-02,-5.9093e-02,-7.0569e-02,-8.0471e-02,-8.8578e-02,-9.4697e-02,-9.8678e-02,-1.0042e-01,-9.9861e-02,-9.7005e-02,-9.1905e-02,-8.4669e-02,-7.5460e-02,-6.4489e-02,-5.2010e-02,-3.8317e-02,-2.3731e-02,-8.5911e-03,6.7472e-03,2.1929e-02,3.6606e-02,5.0439e-02,6.3113e-02,7.4338e-02,8.3856e-02,9.1447e-02,9.6935e-02,1.0019e-01,1.0113e-01,9.9740e-02,9.6045e-02,9.0135e-02,8.2152e-02,7.2291e-02,6.0786e-02,4.7917e-02,3.3989e-02,1.9335e-02,4.2989e-03,-1.0767e-02,-2.5514e-02,-3.9605e-02,-5.2720e-02,-6.4568e-02,-7.4892e-02,-8.3476e-02,-9.0152e-02,-9.4801e-02,-9.7357e-02,-9.7801e-02,-9.6158e-02,-9.2486e-02,-8.6869e-02,-7.9408e-02,-7.0214e-02,-5.9404e-02,-4.7108e-02,-3.3470e-02,-1.8665e-02,-2.9029e-03
-4.3642e-04,-1.2212e-02,-2.4412e-02,-3.6620e-02,-4.8312e-02,-5.8885e-02,-6.7710e-02,-7.4195e-02,-7.7844e-02,-7.8314e-02,-7.5451e-02,-6.9305e-02,-6.0123e-02,-4.8323e-02,-3.4452e-02,-1.9135e-02,-3.0219e-03,1.3263e-02,2.9160e-02,4.4192e-02,5.7979e-02,7.0229e-02,8.0726e-02,8.9309e-02,9.5855e-02,1.0027e-01,1.0247e-01,1.0241e-01,1.0005e-01,9.5412e-02,8.8566e-02,7.9642e-02,6.8840e-02,5.6421e-02,4.2699e-02,2.8020e-02,1.2748e-02,-2.7490e-03,-1.8112e-02,-3.3000e-02,-4.7093e-02,-6.0091e-02,-7.1719e-02,-8.1727e-02,-8.9894e-02,-9.6032e-02,-9.9992e-02,-1.0167e-01,-1.0101e-01,-9.8015e-02,-9.2737e-02,-8.5289e-02,-7.5840e-02,-6.4608e-02,-5.1859e-02,-3.7897e-02,-2.3053e-02,-7.6816e-03,7.8575e-03,2.3202e-02,3.8001e-02,5.1917e-02,6.4641e-02,7.5889e-02,8.5413e-02,9.3002e-02,9.8485e-02,1.0174e-01,1.0268e-01,1.0129e-01,9.7588e-02,9.1659e-02,8.3633e-02,7.3693e-02,6.2069e-02,4.9033e-02,3.4892e-02,1.9980e-02,4.6489e-03,-1.0738e-02,-2.5818e-02,-4.0238e-02,-5.3664e-02,-6.5788e-02,-7.6341e-02,-8.5099e-02,-9.1888e-02,-9.6588e-02,-9.9135e-02,-9.9516e-02,-9.7763e-02,-9.3943e-02,-8.8148e-02,-8.0483e-02,-7.1064e-02,-6.0011e-02,-4.7453e-02,-3.3534e-02,-1.8426e-02,-2.3387e-03
-7.0401e-04,-1.0483e-02,-2.0800e-02,-3.1358e-02,-4.1747e-02,-5.1457e-02,-5.9910e-02,-6.6521e-02,-7.0755e-02,-7.2185e-02,-7.0546e-02,-6.5757e-02,-5.7932e-02,-4.7366e-02,-3.4512e-02,-1.9931e-02,-4.2536e-03,1.1878e-02,2.7849e-02,4.3116e-02,5.7223e-02,6.9811e-02,8.0615e-02,8.9442e-02,9.6159e-02,1.0068e-01,1.0293e-01,1.0288e-01,1.0051e-01,9.5862e-02,8.8998e-02,8.0053e-02,6.9224e-02,5.6772e-02,4.3008e-02,2.8284e-02,1.2973e-02,-2.5513e-03,-1.7922e-02,-3.2795e-02,-4.6846e-02,-5.9781e-02,-7.1328e-02,-8.1245e-02,-8.9317e-02,-9.5363e-02,-9.9237e-02,-1.0084e-01,-1.0011e-01,-9.7053e-02,-9.1722e-02,-8.4233e-02,-7.4755e-02,-6.3511e-02,-5.0771e-02,-3.6844e-02,-2.2066e-02,-6.7941e-03,8.6104e-03,2.3788e-02,3.8393e-02,5.2098e-02,6.4605e-02,7.5644e-02,8.4981e-02,9.2418e-02,9.7796e-02,1.0099e-01,1.0194e-01,1.0060e-01,9.6991e-02,9.1187e-02,8.3304e-02,7.3512e-02,6.2026e-02,4.9106e-02,3.5054e-02,2.0199e-02,4.8924e-03,-1.0497e-02,-2.5600e-02,-4.0053e-02,-5.3511e-02,-6.5661e-02,-7.6224e-02,-8.4971e-02,-9.1729e-02,-9.6378e-02,-9.8859e-02,-9.9166e-02,-9.7335e-02,-9.3440e-02,-8.7576e-02,-7.9851e-02,-7.0377e-02,-5.9273e-02,-4.6665e-02,-3.2695e-02,-1.7531e-02,-1.3789e-03
-1.1427e-03,-8.7929e-03,-1.7009e-02,-2.5606e-02,-3.4294e-02,-4.2672e-02,-5.0257e-02,-5.6517e-02,-6.0928e-02,-6.3032e-02,-6.2490e-02,-5.9115e-02,-5.2895e-02,-4.3991e-02,-3.2718e-02,-1.9530e-02,-4.9778e-03,1.0332e-02,2.5778e-02,4.0774e-02,5.4799e-02,6.7423e-02,7.8318e-02,8.7245e-02,9.4047e-02,9.8624e-02,1.0092e-01,1.0092e-01,9.8632e-02,9.4087e-02,8.7372e-02,7.8620e-02,6.8023e-02,5.5832e-02,4.2351e-02,2.7927e-02,1.2927e-02,-2.2760e-03,-1.7318e-02,-3.1856e-02,-4.5573e-02,-5.8182e-02,-6.9421e-02,-7.9059e-02,-8.6890e-02,-9.2742e-02,-9.6475e-02,-9.7989e-02,-9.7232e-02,-9.4202e-02,-8.8953e-02,-8.1597e-02,-7.2303e-02,-6.1293e-02,-4.8837e-02,-3.5241e-02,-2.0840e-02,-5.9867e-03,8.9640e-03,2.3663e-02,3.7776e-02,5.0994e-02,6.3035e-02,7.3648e-02,8.2619e-02,8.9765e-02,9.4940e-02,9.8034e-02,9.8972e-02,9.7724e-02,9.4299e-02,8.8752e-02,8.1186e-02,7.1754e-02,6.0652e-02,4.8126e-02,3.4461e-02,1.9976e-02,5.0174e-03,-1.0049e-02,-2.4855e-02,-3.9037e-02,-5.2245e-02,-6.4163e-02,-7.4514e-02,-8.3067e-02,-8.9653e-02,-9.4159e-02,-9.6528e-02,-9.6761e-02,-9.4900e-02,-9.1017e-02,-8.5207e-02,-7.7573e-02,-6.8224e-02,-5.7270e-02,-4.4831e-02,-3.1044e-02,-1.6073e-02,-1.2366e-04
-1.6143e-03,-7.0662e-03,-1.3054e-02,-1.9488e-02,-2.6188e-02,-3.2873e-02,-3.9168e-02,-4.4629e-02,-4.8790e-02,-5.1208e-02,-5.1517e-02,-4.9467e-02,-4.4942e-02,-3.7973e-02,-2.8734e-02,-1.7527e-02,-4.7738e-03,9.0154e-03,2.3269e-02,3.7404e-02,5.0861e-02,6.3147e-02,7.3864e-02,8.2714e-02,8.9494e-02,9.4085e-02,9.6431e-02,9.6522e-02,9.4380e-02,9.0064e-02,8.3664e-02,7.5315e-02,6.5203e-02,5.3566e-02,4.0693e-02,2.6912e-02,1.2575e-02,-1.9552e-03,-1.6329e-02,-3.0214e-02,-4.3306e-02,-5.5330e-02,-6.6039e-02,-7.5215e-02,-8.2667e-02,-8.8230e-02,-9.1774e-02,-9.3201e-02,-9.2460e-02,-8.9548e-02,-8.4514e-02,-7.7466e-02,-6.8567e-02,-5.8034e-02,-4.6128e-02,-3.3150e-02,-1.9425e-02,-5.2938e-03,8.9023e-03,2.2829e-02,3.6175e-02,4.8648e-02,5.9993e-02,6.9980e-02,7.8418e-02,8.5143e-02,9.0023e-02,9.2960e-02,9.3883e-02,9.2759e-02,8.9589e-02,8.4416e-02,7.7326e-02,6.8449e-02,5.7964e-02,4.6095e-02,3.3106e-02,1.9301e-02,5.0124e-03,-9.4066e-03,-2.3595e-02,-3.7196e-02,-4.9867e-02,-6.1295e-02,-7.1210e-02,-7.9389e-02,-8.5669e-02,-8.9944e-02,-9.2167e-02,-9.2339e-02,-9.0503e-02,-8.6729e-02,-8.1105e-02,-7.3725e-02,-6.4686e-02,-5.4088e-02,-4.2042e-02,-2.8679e-02,-1.4157e-02,1.3200e-03
-1.9933e-03,-5.2213e-03,-8.9235e-03,-1.3086e-02,-1.7625e-02,-2.2368e-02,-2.7056e-02,-3.1349e-02,-3.4865e-02,-3.7216e-02,-3.8058e-02,-3.7116e-02,-3.4217e-02,-2.9289e-02,-2.2370e-02,-1.3603e-02,-3.2411e-03,8.3528e-03,2.0724e-02,3.3348e-02,4.5676e-02,5.7177e-02,6.7386e-02,7.5937e-02,8.2564e-02,8.7110e-02,8.9498e-02,8.9718e-02,8.7806e-02,8.3833e-02,7.7905e-02,7.0158e-02,6.0771e-02,4.9967e-02,3.8012e-02,2.5208e-02,1.1882e-02,-1.6293e-03,-1.4998e-02,-2.7913e-02,-4.0090e-02,-5.1272e-02,-6.1233e-02,-6.9770e-02,-7.6709e-02,-8.1895e-02,-8.5205e-02,-8.6549e-02,-8.5873e-02,-8.3171e-02,-7.8486e-02,-7.1919e-02,-6.3621e-02,-5.3798e-02,-4.2701e-02,-3.0614e-02,-1.7849e-02,-4.7262e-03,8.4323e-03,2.1316e-02,3.3636e-02,4.5130e-02,5.5567e-02,6.4744e-02,7.2495e-02,7.8677e-02,8.3177e-02,8.5905e-02,8.6798e-02,8.5822e-02,8.2970e-02,7.8272e-02,7.1797e-02,6.3656e-02,5.4002e-02,4.3036e-02,3.1000e-02,1.8172e-02,4.8659e-03,-8.5858e-03,-2.1840e-02,-3.4554e-02,-4.6401e-02,-5.7084e-02,-6.6343e-02,-7.3971e-02,-7.9816e-02,-8.3783e-02,-8.5830e-02,-8.5960e-02,-8.4213e-02,-8.0652e-02,-7.5350e-02,-6.8390e-02,-5.9850e-02,-4.9819e-02,-3.8396e-02,-2.5701e-02,-1.1890e-02,2.8383e-03
-2.1904e-03,-3.2002e-03,-4.6107e-03,-6.4699e-03,-8.7730e-03,-1.1442e-02,-1.4322e-02,-1.7180e-02,-1.9732e-02,-2.1670e-02,-2.2702e-02,-2.2576e-02,-2.1101e-02,-1.8145e-02,-1.3643e-02,-7.5929e-03,-7.0848e-05,8.7495e-03,1.8583e-02,2.9034e-02,3.9619e-02,4.9820e-02,5.9128e-02,6.7106e-02,7.3416e-02,7.7837e-02,8.0253e-02,8.0637e-02,7.9028e-02,7.5509e-02,7.0193e-02,6.3227e-02,5.4783e-02,4.5065e-02,3.4316e-02,2.2803e-02,1.0818e-02,-1.3401e-03,-1.3376e-02,-2.5011e-02,-3.5988e-02,-4.6078e-02,-5.5076e-02,-6.2802e-02,-6.9096e-02,-7.3820e-02,-7.6857e-02,-7.8121e-02,-7.7559e-02,-7.5157e-02,-7.0952e-02,-6.5031e-02,-5.7532e-02,-4.8644e-02,-3.8599e-02,-2.7663e-02,-1.6123e-02,-4.2750e-03,7.5840e-03,1.9174e-02,3.0234e-02,4.0533e-02,4.9868e-02,5.8070e-02,6.4995e-02,7.0524e-02,7.4562e-02,7.7031e-02,7.7877e-02,7.7063e-02,7.4580e-02,7.0443e-02,6.4707e-02,5.7459e-02,4.8832e-02,3.8996e-02,2.8168e-02,1.6599e-02,4.5712e-03,-7.6081e-03,-1.9621e-02,-3.1153e-02,-4.1899e-02,-5.1587e-02,-5.9979e-02,-6.6887e-02,-7.2176e-02,-7.5761e-02,-7.7607e-02,-7.7718e-02,-7.6126e-02,-7.2882e-02,-6.8041e-02,-6.1665e-02,-5.3816e-02,-4.4564e-02,-3.3995e-02,-2.2218e-02,-9.3825e-03,4.3174e-03
-2.1626e-03,-9.8640e-04,-1.3953e-04,2.7701e-04,2.0441e-04,-3.5755e-04,-1.3416e-03,-2.6137e-03,-3.9846e-03,-5.2346e-03,-6.1461e-03,-6.5170e-03,-6.1787e-03,-4.9860e-03,-2.8133e-03,4.5051e-04,4.8880e-03,1.0520e-02,1.7269e-02,2.4927e-02,3.3151e-02,4.1492e-02,4.9444e-02,5.6520e-02,6.2304e-02,6.6494e-02,6.8910e-02,6.9487e-02,6.8249e-02,6.5279e-02,6.0703e-02,5.4671e-02,4.7353e-02,3.8943e-02,2.9650e-02,1.9709e-02,9.3636e-03,-1.1314e-03,-1.1526e-02,-2.1585e-02,-3.1088e-02,-3.9841e-02,-4.7667e-02,-5.4412e-02,-5.9934e-02,-6.4110e-02,-6.6834e-02,-6.8021e-02,-6.7617e-02,-6.5601e-02,-6.1998e-02,-5.6879e-02,-5.0365e-02,-4.2622e-02,-3.3859e-02,-2.4312e-02,-1.4242e-02,-3.9158e-03,6.4055e-03,1.6473e-02,2.6060e-02,3.4970e-02,4.3034e-02,5.0110e-02,5.6083e-02,6.0860e-02,6.4361e-02,6.6525e-02,6.7304e-02,6.6664e-02,6.4588e-02,6.1086e-02,5.6193e-02,4.9978e-02,4.2548e-02,3.4046e-02,2.4658e-02,1.4602e-02,4.1274e-03,-6.4946e-03,-1.6982e-02,-2.7052e-02,-3.6438e-02,-4.4896e-02,-5.2221e-02,-5.8251e-02,-6.2868e-02,-6.6004e-02,-6.7629e-02,-6.7744e-02,-6.6370e-02,-6.3542e-02,-5.9294e-02,-5.3664e-02,-4.6693e-02,-3.8431e-02,-2.8947e-02,-1.8339e-02,-6.7442e-03,5.6494e-03
-1.9105e-03,1.3933e-03,4.4273e-03,7.0454e-03,9.1356e-03,1.0634e-02,1.1534e-02,1.1892e-02,1.1810e-02,1.1422e-02,1.0872e-02,1.0294e-02,9.8103e-03,9.5416e-03,9.6271e-03,1.0237e-02,1.1569e-02,1.3816e-02,1.7114e-02,2.1481e-02,2.6776e-02,3.2692e-02,3.8793e-02,4.4582e-02,4.9580e-02,5.3395e-02,5.5762e-02,5.6548e-02,5.5739e-02,5.3406e-02,4.9675e-02,4.4704e-02,3.8665e-02,3.1737e-02,2.4108e-02,1.5970e-02,7.5215e-03,-1.0383e-03,-9.5156e-03,-1.7726e-02,-2.5500e-02,-3.2683e-02,-3.9138e-02,-4.4736e-02,-4.9360e-02,-5.2905e-02,-5.5271e-02,-5.6379e-02,-5.6170e-02,-5.4615e-02,-5.1724e-02,-4.7551e-02,-4.2191e-02,-3.5785e-02,-2.8510e-02,-2.0571e-02,-1.2195e-02,-3.6091e-03,4.9598e-03,1.3302e-02,2.1230e-02,2.8581e-02,3.5220e-02,4.1040e-02,4.5952e-02,4.9887e-02,5.2786e-02,5.4602e-02,5.5294e-02,5.4831e-02,5.3195e-02,5.0386e-02,4.6424e-02,4.1360e-02,3.5275e-02,2.8284e-02,2.0538e-02,1.2221e-02,3.5421e-03,-5.2680e-03,-1.3972e-02,-2.2331e-02,-3.0120e-02,-3.7137e-02,-4.3214e-02,-4.8219e-02,-5.2061e-02,-5.4685e-02,-5.6066e-02,-5.6204e-02,-5.5105e-02,-5.2783e-02,-4.9251e-02,-4.4521e-02,-3.8608e-02,-3.1540e-02,-2.3367e-02,-1.4171e-02,-4.0777e-03,6.7386e-03
-1.4677e-03,3.8739e-03,8.9940e-03,1.3702e-02,1.7837e-02,2.1286e-02,2.3985e-02,2.5923e-02,2.7134e-02,2.7683e-02,2.7640e-02,2.7078e-02,2.6059e-02,2.4661e-02,2.2997e-02,2.1248e-02,1.9671e-02,1.8580e-02,1.8294e-02,1.9062e-02,2.0985e-02,2.3966e-02,2.7715e-02,3.1790e-02,3.5688e-02,3.8938e-02,4.1172e-02,4.2165e-02,4.1835e-02,4.0216e-02,3.7423e-02,3.3613e-02,2.8964e-02,2.3648e-02,1.7832e-02,1.1674e-02,5.3217e-03,-1.0838e-03,-7.4117e-03,-1.3540e-02,-1.9358e-02,-2.4762e-02,-2.9657e-02,-3.3952e-02,-3.7557e-02,-4.0383e-02,-4.2343e-02,-4.3360e-02,-4.3372e-02,-4.2340e-02,-4.0256e-02,-3.7151e-02,-3.3093e-02,-2.8191e-02,-2.2587e-02,-1.6448e-02,-9.9587e-03,-3.3064e-03,3.3246e-03,9.7669e-03,1.5872e-02,2.1518e-02,2.6604e-02,3.1056e-02,3.4814e-02,3.7831e-02,4.0071e-02,4.1500e-02,4.2086e-02,4.1802e-02,4.0630e-02,3.8560e-02,3.5601e-02,3.1783e-02,2.7164e-02,2.1831e-02,1.5898e-02,9.5108e-03,2.8336e-03,-3.9508e-03,-1.0652e-02,-1.7085e-02,-2.3075e-02,-2.8467e-02,-3.3138e-02,-3.6991e-02,-3.9963e-02,-4.2018e-02,-4.3134e-02,-4.3305e-02,-4.2527e-02,-4.0791e-02,-3.8084e-02,-3.4392e-02,-2.9703e-02,-2.4020e-02,-1.7372e-02,-9.8216e-03,-1.4757e-03,7.5090e-03
-8.8828e-04,6.3686e-03,1.3441e-02,2.0092e-02,2.6120e-02,3.1365e-02,3.5718e-02,3.9117e-02,4.1544e-02,4.3008e-02,4.3526e-02,4.3114e-02,4.1784e-02,3.9561e-02,3.6515e-02,3.2801e-02,2.8679e-02,2.4524e-02,2.0778e-02,1.7886e-02,1.6191e-02,1.5852e-02,1.6794e-02,1.8713e-02,2.1151e-02,2.3590e-02,2.5565e-02,2.6735e-02,2.6918e-02,2.6082e-02,2.4306e-02,2.1739e-02,1.8559e-02,1.4936e-02,1.1026e-02,6.9568e-03,2.8314e-03,-1.2676e-03,-5.2758e-03,-9.1403e-03,-1.2817e-02,-1.6263e-02,-1.9435e-02,-2.2284e-02,-2.4752e-02,-2.6772e-02,-2.8272e-02,-2.9177e-02,-2.9421e-02,-2.8954e-02,-2.7749e-02,-2.5810e-02,-2.3174e-02,-1.9915e-02,-1.6133e-02,-1.1953e-02,-7.5122e-03,-2.9540e-03,1.5859e-03,5.9827e-03,1.0133e-02,1.3953e-02,1.7382e-02,2.0373e-02,2.2900e-02,2.4940e-02,2.6473e-02,2.7482e-02,2.7945e-02,2.7841e-02,2.7148e-02,2.5852e-02,2.3950e-02,2.1454e-02,1.8397e-02,1.4835e-02,1.0848e-02,6.5394e-03,2.0259e-03,-2.5612e-03,-7.0878e-03,-1.1424e-02,-1.5453e-02,-1.9074e-02,-2.2210e-02,-2.4807e-02,-2.6831e-02,-2.8261e-02,-2.9088e-02,-2.9298e-02,-2.8873e-02,-2.7784e-02,-2.5994e-02,-2.3458e-02,-2.0139e-02,-1.6013e-02,-1.1083e-02,-5.3887e-03,9.8746e-04,7.9130e-03
-2.3339e-04,8.7823e-03,1.7640e-02,2.6061e-02,3.3799e-02,4.0654e-02,4.6479e-02,5.1172e-02,5.4678e-02,5.6964e-02,5.8013e-02,5.7800e-02,5.6299e-02,5.3494e-02,4.9408e-02,4.4148e-02,3.7944e-02,3.1168e-02,2.4318e-02,1.7965e-02,1.2657e-02,8.8090e-03,6.6074e-03,5.9685e-03,6.5592e-03,7.8854e-03,9.4145e-03,1.0687e-02,1.1394e-02,1.1399e-02,1.0714e-02,9.4583e-03,7.7991e-03,5.9101e-03,3.9409e-03,2.0013e-03,1.5803e-04,-1.5598e-03,-3.1520e-03,-4.6384e-03,-6.0460e-03,-7.4009e-03,-8.7188e-03,-1.0001e-02,-1.1227e-02,-1.2357e-02,-1.3336e-02,-1.4095e-02,-1.4565e-02,-1.4682e-02,-1.4399e-02,-1.3694e-02,-1.2568e-02,-1.1053e-02,-9.2076e-03,-7.1064e-03,-4.8387e-03,-2.4970e-03,-1.6705e-04,2.0741e-03,4.1681e-03,6.0716e-03,7.7615e-03,9.2259e-03,1.0464e-02,1.1478e-02,1.2269e-02,1.2833e-02,1.3160e-02,1.3233e-02,1.3030e-02,1.2532e-02,1.1723e-02,1.0600e-02,9.1707e-03,7.4616e-03,5.5145e-03,3.3887e-03,1.1522e-03,-1.1184e-03,-3.3494e-03,-5.4707e-03,-7.4249e-03,-9.1701e-03,-1.0679e-02,-1.1940e-02,-1.2952e-02,-1.3715e-02,-1.4226e-02,-1.4470e-02,-1.4417e-02,-1.4017e-02,-1.3210e-02,-1.1924e-02,-1.0094e-02,-7.6689e-03,-4.6208e-03,-9.6077e-04,3.2575e-03,7.9332e-03
4.3793e-04,1.1020e-02,2.1469e-02,3.1458e-02,4.0702e-02,4.8961e-02,5.6053e-02,6.1847e-02,6.6257e-02,6.9228e-02,7.0717e-02,7.0681e-02,6.9074e-02,6.5851e-02,6.1001e-02,5.4586e-02,4.6783e-02,3.7920e-02,2.8489e-02,1.9108e-02,1.0456e-02,3.1568e-03,-2.3345e-03,-5.8327e-03,-7.4567e-03,-7.5879e-03,-6.7603e-03,-5.5238e-03,-4.3266e-03,-3.4444e-03,-2.9710e-03,-2.8533e-03,-2.9509e-03,-3.0944e-03,-3.1340e-03,-2.9670e-03,-2.5501e-03,-1.8949e-03,-1.0606e-03,-1.3414e-04,7.8382e-04,1.5941e-03,2.2146e-03,2.5884e-03,2.6894e-03,2.5248e-03,2.1293e-03,1.5617e-03,8.9394e-04,1.9976e-04,-4.5293e-04,-1.0107e-03,-1.4406e-03,-1.7314e-03,-1.8915e-03,-1.9470e-03,-1.9321e-03,-1.8866e-03,-1.8440e-03,-1.8317e-03,-1.8615e-03,-1.9334e-03,-2.0347e-03,-2.1428e-03,-2.2309e-03,-2.2727e-03,-2.2477e-03,-2.1450e-03,-1.9647e-03,-1.7184e-03,-1.4269e-03,-1.1145e-03,-8.0872e-04,-5.3056e-04,-2.9528e-04,-1.0803e-04,3.5696e-05,1.4935e-04,2.5041e-04,3.5822e-04,4.8699e-04,6.4372e-04,8.2443e-04,1.0133e-03,1.1841e-03,1.3065e-03,1.3485e-03,1.2879e-03,1.1179e-03,8.5284e-04,5.3341e-04,2.2369e-04,7.5176e-06,-2.0526e-05,2.3400e-04,8.5389e-04,1.8961e-03,3.3847e-03,5.3020e-03,7.5854e-03
1.0754e-03,1.3002e-02,2.4817e-02,3.6152e-02,4.6679e-02,5.6124e-02,6.4269e-02,7.0958e-02,7.6084e-02,7.9576e-02,8.1383e-02,8.1457e-02,7.9747e-02,7.6201e-02,7.0791e-02,6.3544e-02,5.4586e-02,4.4185e-02,3.2776e-02,2.0960e-02,9.4570e-03,-9.7518e-04,-9.6625e-03,-1.6146e-02,-2.0268e-02,-2.2205e-02,-2.2396e-02,-2.1418e-02,-1.9837e-02,-1.8085e-02,-1.6406e-02,-1.4854e-02,-1.3350e-02,-1.1749e-02,-9.9000e-03,-7.6997e-03,-5.1122e-03,-2.1749e-03,1.0097e-03,4.2956e-03,7.5118e-03,1.0488e-02,1.3072e-02,1.5145e-02,1.6628e-02,1.7489e-02,1.7737e-02,1.7416e-02,1.6596e-02,1.5359e-02,1.3795e-02,1.1983e-02,9.9960e-03,7.8889e-03,5.7021e-03,3.4646e-03,1.1956e-03,-1.0869e-03,-3.3641e-03,-5.6106e-03,-7.7922e-03,-9.8653e-03,-1.1779e-02,-1.3479e-02,-1.4908e-02,-1.6018e-02,-1.6770e-02,-1.7136e-02,-1.7108e-02,-1.6692e-02,-1.5907e-02,-1.4785e-02,-1.3362e-02,-1.1678e-02,-9.7729e-03,-7.6833e-03,-5.4424e-03,-3.0833e-03,-6.3947e-04,1.8508e-03,4.3426e-03,6.7806e-03,9.1008e-03,1.1230e-02,1.3092e-02,1.4612e-02,1.5727e-02,1.6391e-02,1.6584e-02,1.6318e-02,1.5638e-02,1.4622e-02,1.3371e-02,1.2001e-02,1.0636e-02,9.3881e-03,8.3496e-03,7.5826e-03,7.1106e-03,6.9155e-03
1.6427e-03,1.4660e-02,2.7593e-02,4.0031e-02,5.1608e-02,6.2011e-02,7.0993e-02,7.8372e-02,8.4026e-02,8.7876e-02,8.9868e-02,8.9964e-02,8.8121e-02,8.4298e-02,7.8466e-02,7.0636e-02,6.0896e-02,4.9455e-02,3.6672e-02,2.3081e-02,9.3733e-03,-3.6543e-03,-1.5194e-02,-2.4557e-02,-3.1305e-02,-3.5337e-02,-3.6895e-02,-3.6484e-02,-3.4725e-02,-3.2192e-02,-2.9303e-02,-2.6270e-02,-2.3124e-02,-1.9773e-02,-1.6086e-02,-1.1954e-02,-7.3361e-03,-2.2760e-03,3.0995e-03,8.6009e-03,1.4001e-02,1.9062e-02,2.3562e-02,2.7319e-02,3.0198e-02,3.2119e-02,3.3059e-02,3.3043e-02,3.2131e-02,3.0414e-02,2.7996e-02,2.4985e-02,2.1489e-02,1.7607e-02,1.3429e-02,9.0381e-03,4.5105e-03,-7.9446e-05,-4.6584e-03,-9.1485e-03,-1.3468e-02,-1.7530e-02,-2.1245e-02,-2.4525e-02,-2.7288e-02,-2.9460e-02,-3.0983e-02,-3.1817e-02,-3.1942e-02,-3.1360e-02,-3.0091e-02,-2.8170e-02,-2.5646e-02,-2.2578e-02,-1.9030e-02,-1.5070e-02,-1.0772e-02,-6.2134e-03,-1.4783e-03,3.3391e-03,8.1360e-03,1.2799e-02,1.7206e-02,2.1231e-02,2.4750e-02,2.7647e-02,2.9827e-02,3.1220e-02,3.1793e-02,3.1550e-02,3.0539e-02,2.8841e-02,2.6574e-02,2.3874e-02,2.0889e-02,1.7763e-02,1.4625e-02,1.1578e-02,8.6910e-03,5.9952e-03
2.1148e-03,1.5947e-02,2.9726e-02,4.3009e-02,5.5389e-02,6.6520e-02,7.6125e-02,8.4000e-02,9.0006e-02,9.4061e-02,9.6117e-02,9.6148e-02,9.4134e-02,9.0054e-02,8.3895e-02,7.5669e-02,6.5444e-02,5.3380e-02,3.9767e-02,2.5047e-02,9.8356e-03,-5.1103e-03,-1.8945e-02,-3.0841e-02,-4.0124e-02,-4.6402e-02,-4.9643e-02,-5.0169e-02,-4.8550e-02,-4.5442e-02,-4.1431e-02,-3.6919e-02,-3.2097e-02,-2.6983e-02,-2.1495e-02,-1.5534e-02,-9.0479e-03,-2.0703e-03,5.2710e-03,1.2765e-02,2.0147e-02,2.7125e-02,3.3417e-02,3.8776e-02,4.3009e-02,4.5987e-02,4.7647e-02,4.7987e-02,4.7056e-02,4.4943e-02,4.1763e-02,3.7649e-02,3.2742e-02,2.7181e-02,2.1106e-02,1.4651e-02,7.9502e-03,1.1306e-03,-5.6778e-03,-1.2346e-02,-1.8743e-02,-2.4740e-02,-3.0210e-02,-3.5031e-02,-3.9093e-02,-4.2299e-02,-4.4574e-02,-4.5864e-02,-4.6139e-02,-4.5396e-02,-4.3656e-02,-4.0960e-02,-3.7372e-02,-3.2968e-02,-2.7837e-02,-2.2081e-02,-1.5811e-02,-9.1494e-03,-2.2304e-03,4.8003e-03,1.1786e-02,1.8558e-02,2.4944e-02,3.0769e-02,3.5866e-02,4.0082e-02,4.3292e-02,4.5403e-02,4.6364e-02,4.6170e-02,4.4864e-02,4.2532e-02,3.9300e-02,3.5320e-02,3.0763e-02,2.5805e-02,2.0609e-02,1.5323e-02,1.0064e-02,4.9144e-03
2.4803e-03,1.6830e-02,3.1168e-02,4.5020e-02,5.7949e-02,6.9577e-02,7.9597e-02,8.7782e-02,9.3983e-02,9.8111e-02,1.0013e-01,1.0003e-01,9.7817e-02,9.3499e-02,8.7088e-02,7.8613e-02,6.8136e-02,5.5788e-02,4.1798e-02,2.6525e-02,1.0483e-02,-5.6592e-03,-2.1101e-02,-3.4977e-02,-4.6470e-02,-5.4942e-02,-6.0066e-02,-6.1892e-02,-6.0821e-02,-5.7485e-02,-5.2575e-02,-4.6683e-02,-4.0202e-02,-3.3315e-02,-2.6044e-02,-1.8334e-02,-1.0133e-02,-1.4553e-03,7.5889e-03,1.6796e-02,2.5884e-02,3.4531e-02,4.2408e-02,4.9214e-02,5.4700e-02,5.8683e-02,6.1059e-02,6.1792e-02,6.0913e-02,5.8502e-02,5.4681e-02,4.9600e-02,4.3426e-02,3.6339e-02,2.8519e-02,2.0151e-02,1.1421e-02,2.5106e-03,-6.3976e-03,-1.5124e-02,-2.3491e-02,-3.1326e-02,-3.8465e-02,-4.4753e-02,-5.0053e-02,-5.4246e-02,-5.7237e-02,-5.8959e-02,-5.9374e-02,-5.8476e-02,-5.6288e-02,-5.2858e-02,-4.8261e-02,-4.2595e-02,-3.5975e-02,-2.8535e-02,-2.0425e-02,-1.1808e-02,-2.8655e-03,6.2093e-03,1.5211e-02,2.3923e-02,3.2128e-02,3.9610e-02,4.6164e-02,5.1605e-02,5.5781e-02,5.8576e-02,5.9922e-02,5.9800e-02,5.8247e-02,5.5346e-02,5.1229e-02,4.6059e-02,4.0029e-02,3.3338e-02,2.6191e-02,1.8775e-02,1.1256e-02,3.7693e-03
2.7386e-03,1.7294e-02,3.1887e-02,4.6023e-02,5.9238e-02,7.1127e-02,8.1359e-02,8.9684e-02,9.5940e-02,1.0004e-01,1.0194e-01,1.0167e-01,9.9257e-02,9.4736e-02,8.8152e-02,7.9556e-02,6.9020e-02,5.6658e-02,4.2659e-02,2.7311e-02,1.1030e-02,-5.6240e-03,-2.1948e-02,-3.7125e-02,-5.0298e-02,-6.0680e-02,-6.7693e-02,-7.1086e-02,-7.0994e-02,-6.7895e-02,-6.2477e-02,-5.5459e-02,-4.7442e-02,-3.8821e-02,-2.9785e-02,-2.0376e-02,-1.0579e-02,-3.9670e-04,1.0089e-02,2.0702e-02,3.1175e-02,4.1181e-02,5.0368e-02,5.8393e-02,6.4962e-02,6.9844e-02,7.2890e-02,7.4027e-02,7.3259e-02,7.0654e-02,6.6330e-02,6.0448e-02,5.3196e-02,4.4781e-02,3.5424e-02,2.5354e-02,1.4801e-02,3.9992e-03,-6.8202e-03,-1.7430e-02,-2.7607e-02,-3.7137e-02,-4.5819e-02,-5.3467e-02,-5.9915e-02,-6.5022e-02,-6.8676e-02,-7.0797e-02,-7.1341e-02,-7.0296e-02,-6.7689e-02,-6.3577e-02,-5.8050e-02,-5.1225e-02,-4.3244e-02,-3.4272e-02,-2.4495e-02,-1.4117e-02,-3.3610e-03,7.5386e-03,1.8333e-02,2.8767e-02,3.8585e-02,4.7538e-02,5.5389e-02,6.1928e-02,6.6977e-02,7.0401e-02,7.2114e-02,7.2084e-02,7.0335e-02,6.6947e-02,6.2050e-02,5.5819e-02,4.8458e-02,4.0195e-02,3.1264e-02,2.1895e-02,1.2297e-02,2.6574e-03
2.8980e-03,1.7338e-02,3.1874e-02,4.5998e-02,5.9230e-02,7.1143e-02,8.1385e-02,8.9690e-02,9.5880e-02,9.9862e-02,1.0161e-01,1.0116e-01,9.8567e-02,9.3901e-02,8.7238e-02,7.8652e-02,6.8229e-02,5.6083e-02,4.2373e-02,2.7336e-02,1.1304e-02,-5.2682e-03,-2.1794e-02,-3.7559e-02,-5.1758e-02,-6.3562e-02,-7.2238e-02,-7.7279e-02,-7.8516e-02,-7.6165e-02,-7.0773e-02,-6.3076e-02,-5.3821e-02,-4.3623e-02,-3.2887e-02,-2.1821e-02,-1.0504e-02,1.0366e-03,1.2739e-02,2.4467e-02,3.5994e-02,4.7016e-02,5.7184e-02,6.6142e-02,7.3564e-02,7.9182e-02,8.2803e-02,8.4318e-02,8.3701e-02,8.0996e-02,7.6315e-02,6.9818e-02,6.1705e-02,5.2205e-02,4.1568e-02,3.0058e-02,1.7947e-02,5.5108e-03,-6.9746e-03,-1.9238e-02,-3.1013e-02,-4.2049e-02,-5.2106e-02,-6.0970e-02,-6.8446e-02,-7.4373e-02,-7.8621e-02,-8.1099e-02,-8.1753e-02,-8.0573e-02,-7.7587e-02,-7.2863e-02,-6.6505e-02,-5.8651e-02,-4.9468e-02,-3.9153e-02,-2.7924e-02,-1.6021e-02,-3.7025e-03,8.7591e-03,2.1082e-02,3.2978e-02,4.4164e-02,5.4363e-02,6.3317e-02,7.0795e-02,7.6600e-02,8.0578e-02,8.2626e-02,8.2698e-02,8.0807e-02,7.7024e-02,7.1477e-02,6.4342e-02,5.5838e-02,4.6211e-02,3.5724e-02,2.4639e-02,1.3210e-02,1.6643e-03
2.9726e-03,1.6974e-02,3.1135e-02,4.4947e-02,5.7921e-02,6.9619e-02,7.9674e-02,8.7803e-02,9.3819e-02,9.7622e-02,9.9196e-02,9.8582e-02,9.5863e-02,9.1138e-02,8.4508e-02,7.6075e-02,6.5938e-02,5.4213e-02,4.1044e-02,2.6628e-02,1.1237e-02,-4.7671e-03,-2.0910e-02,-3.6599e-02,-5.1135e-02,-6.3742e-02,-7.3645e-02,-8.0176e-02,-8.2905e-02,-8.1743e-02,-7.6978e-02,-6.9217e-02,-5.9234e-02,-4.7804e-02,-3.5561e-02,-2.2932e-02,-1.0157e-02,2.6476e-03,1.5407e-02,2.8014e-02,4.0295e-02,5.1994e-02,6.2799e-02,7.2367e-02,8.0364e-02,8.6501e-02,9.0554e-02,9.2380e-02,9.1919e-02,8.9192e-02,8.4292e-02,7.7372e-02,6.8635e-02,5.8320e-02,4.6697e-02,3.4055e-02,2.0699e-02,6.9381e-03,-6.9139e-03,-2.0547e-02,-3.3660e-02,-4.5964e-02,-5.7190e-02,-6.7089e-02,-7.5445e-02,-8.2073e-02,-8.6830e-02,-8.9610e-02,-9.0356e-02,-8.9055e-02,-8.5740e-02,-8.0490e-02,-7.3423e-02,-6.4696e-02,-5.4503e-02,-4.3065e-02,-3.0633e-02,-1.7477e-02,-3.8849e-03,9.8410e-03,2.3393e-02,3.6460e-02,4.8737e-02,5.9930e-02,6.9766e-02,7.7998e-02,8.4416e-02,8.8851e-02,9.1188e-02,9.1365e-02,8.9383e-02,8.5304e-02,7.9250e-02,7.1398e-02,6.1974e-02,5.1236e-02,3.9470e-02,2.6964e-02,1.4006e-02,8.5930e-04
2.9802e-03,1.6224e-02,2.9695e-02,4.2894e-02,5.5336e-02,6.6580e-02,7.6251e-02,8.4055e-02,8.9796e-02,9.3370e-02,9.4762e-02,9.4024e-02,9.1256e-02,8.6578e-02,8.0117e-02,7.1992e-02,6.2319e-02,5.1213e-02,3.8809e-02,2.5278e-02,1.0841e-02,-4.2093e-03,-1.9495e-02,-3.4542e-02,-4.8776e-02,-6.1530e-02,-7.2083e-02,-7.9724e-02,-8.3859e-02,-8.4133e-02,-8.0529e-02,-7.3395e-02,-6.3381e-02,-5.1299e-02,-3.7947e-02,-2.3984e-02,-9.8687e-03,4.1245e-03,1.7842e-02,3.1170e-02,4.3975e-02,5.6064e-02,6.7183e-02,7.7033e-02,8.5305e-02,9.1710e-02,9.6009e-02,9.8036e-02,9.7701e-02,9.4999e-02,9.0000e-02,8.2842e-02,7.3720e-02,6.2875e-02,5.0583e-02,3.7150e-02,2.2899e-02,8.1660e-03,-6.7081e-03,-2.1383e-02,-3.5527e-02,-4.8820e-02,-6.0964e-02,-7.1685e-02,-8.0742e-02,-8.7932e-02,-9.3095e-02,-9.6117e-02,-9.6933e-02,-9.5531e-02,-9.1949e-02,-8.6273e-02,-7.8639e-02,-6.9221e-02,-5.8235e-02,-4.5926e-02,-3.2569e-02,-1.8460e-02,-3.9119e-03,1.0754e-02,2.5212e-02,3.9134e-02,5.2204e-02,6.4118e-02,7.4593e-02,8.3375e-02,9.0244e-02,9.5024e-02,9.7586e-02,9.7859e-02,9.5834e-02,9.1560e-02,8.5155e-02,7.6792e-02,6.6698e-02,5.5139e-02,4.2411e-02,2.8824e-02,1.4685e-02,2.8885e-04
2.9415e-03,1.5118e-02,2.7593e-02,3.9886e-02,5.1527e-02,6.2081e-02,7.1173e-02,7.8506e-02,8.3877e-02,8.7178e-02,8.8393e-02,8.7582e-02,8.4853e-02,8.0346e-02,7.4201e-02,6.6553e-02,5.7526e-02,4.7236e-02,3.5809e-02,2.3392e-02,1.0169e-02,-3.6220e-03,-1.7681e-02,-3.1633e-02,-4.5024e-02,-5.7316e-02,-6.7898e-02,-7.6114e-02,-8.1329e-02,-8.3022e-02,-8.0906e-02,-7.5019e-02,-6.5755e-02,-5.3797e-02,-3.9983e-02,-2.5136e-02,-9.9434e-03,5.1047e-03,1.9701e-02,3.3661e-02,4.6849e-02,5.9123e-02,7.0298e-02,8.0143e-02,8.8401e-02,9.4811e-02,9.9146e-02,1.0123e-01,1.0095e-01,9.8290e-02,9.3285e-02,8.6053e-02,7.6774e-02,6.5680e-02,5.3045e-02,3.9176e-02,2.4405e-02,9.0819e-03,-6.4353e-03,-2.1786e-02,-3.6615e-02,-5.0580e-02,-6.3359e-02,-7.4656e-02,-8.4210e-02,-9.1801e-02,-9.7255e-02,-1.0045e-01,-1.0131e-01,-9.9836e-02,-9.6057e-02,-9.0075e-02,-8.2035e-02,-7.2129e-02,-6.0590e-02,-4.7684e-02,-3.3704e-02,-1.8965e-02,-3.7941e-03,1.1472e-02,2.6495e-02,4.0944e-02,5.4496e-02,6.6844e-02,7.7703e-02,8.6816e-02,9.3961e-02,9.8956e-02,1.0167e-01,1.0202e-01,9.9990e-02,9.5623e-02,8.9028e-02,8.0371e-02,6.9876e-02,5.7808e-02,4.4468e-02,3.0170e-02,1.5235e-02,-2.5608e-05
2.8751e-03,1.3695e-02,2.4883e-02,3.5992e-02,4.6573e-02,5.6209e-02,6.4533e-02,7.1253e-02,7.6161e-02,7.9148e-02,8.0196e-02,7.9365e-02,7.6772e-02,7.2561e-02,6.6885e-02,5.9886e-02,5.1690e-02,4.2412e-02,3.2162e-02,2.1069e-02,9.2837e-03,-3.0011e-03,-1.5545e-02,-2.8055e-02,-4.0178e-02,-5.1497e-02,-6.1532e-02,-6.9740e-02,-7.5540e-02,-7.8372e-02,-7.7784e-02,-7.3541e-02,-6.5722e-02,-5.4747e-02,-4.1321e-02,-2.6297e-02,-1.0524e-02,5.2880e-03,2.0620e-02,3.5140e-02,4.8644e-02,6.0996e-02,7.2064e-02,8.1693e-02,8.9698e-02,9.5878e-02,1.0004e-01,1.0202e-01,1.0171e-01,9.9065e-02,9.4110e-02,8.6938e-02,7.7708e-02,6.6631e-02,5.3967e-02,4.0017e-02,2.5108e-02,9.5917e-03,-6.1691e-03,-2.1804e-02,-3.6945e-02,-5.1236e-02,-6.4338e-02,-7.5939e-02,-8.5764e-02,-9.3577e-02,-9.9195e-02,-1.0249e-01,-1.0338e-01,-1.0185e-01,-9.7962e-02,-9.1805e-02,-8.3537e-02,-7.3365e-02,-6.1532e-02,-4.8320e-02,-3.4033e-02,-1.8998e-02,-3.5506e-03,1.1966e-02,2.7212e-02,4.1854e-02,5.5572e-02,6.8062e-02,7.9043e-02,8.8261e-02,9.5497e-02,1.0057e-01,1.0335e-01,1.0375e-01,1.0175e-01,9.7385e-02,9.0759e-02,8.2030e-02,7.1411e-02,5.9161e-02,4.5571e-02,3.0953e-02,1.5629e-02,-8.7060e-05
2.7970e-03,1.1997e-02,2.1634e-02,3.1299e-02,4.0579e-02,4.9085e-02,5.6465e-02,6.2435e-02,6.6791e-02,6.9422e-02,7.0308e-02,6.9508e-02,6.7139e-02,6.3348e-02,5.8291e-02,5.2107e-02,4.4923e-02,3.6842e-02,2.7962e-02,1.8386e-02,8.2366e-03,-2.3351e-03,-1.3139e-02,-2.3946e-02,-3.4483e-02,-4.4438e-02,-5.3449e-02,-6.1105e-02,-6.6939e-02,-7.0449e-02,-7.1144e-02,-6.8627e-02,-6.2700e-02,-5.3463e-02,-4.1347e-02,-2.7059e-02,-1.1465e-02,4.5772e-03,2.0335e-02,3.5271e-02,4.9038e-02,6.1435e-02,7.2336e-02,8.1641e-02,8.9243e-02,9.5015e-02,9.8827e-02,1.0055e-01,1.0011e-01,9.7439e-02,9.2563e-02,8.5552e-02,7.6540e-02,6.5715e-02,5.3316e-02,3.9623e-02,2.4948e-02,9.6315e-03,-5.9688e-03,-2.1486e-02,-3.6552e-02,-5.0804e-02,-6.3897e-02,-7.5512e-02,-8.5364e-02,-9.3209e-02,-9.8854e-02,-1.0216e-01,-1.0306e-01,-1.0153e-01,-9.7613e-02,-9.1423e-02,-8.3121e-02,-7.2916e-02,-6.1061e-02,-4.7843e-02,-3.3573e-02,-1.8581e-02,-3.2053e-03,1.2214e-02,2.7341e-02,4.1847e-02,5.5419e-02,6.7762e-02,7.8604e-02,8.7701e-02,9.4841e-02,9.9850e-02,1.0260e-01,1.0302e-01,1.0107e-01,9.6802e-02,9.0301e-02,8.1717e-02,7.1251e-02,5.9145e-02,4.5672e-02,3.1132e-02,1.5831e-02,7.7732e-05
2.7190e-03,1.0070e-02,1.7921e-02,2.5913e-02,3.3678e-02,4.0860e-02,4.7134e-02,5.2228e-02,5.5947e-02,5.8179e-02,5.8903e-02,5.8176e-02,5.6110e-02,5.2849e-02,4.8544e-02,4.3330e-02,3.7323e-02,3.0613e-02,2.3280e-02,1.5399e-02,7.0600e-03,-1.6225e-03,-1.0506e-02,-1.9413e-02,-2.8138e-02,-3.6448e-02,-4.4080e-02,-5.0743e-02,-5.6099e-02,-5.9762e-02,-6.1303e-02,-6.0287e-02,-5.6358e-02,-4.9337e-02,-3.9323e-02,-2.6737e-02,-1.2279e-02,3.1930e-03,1.8815e-02,3.3847e-02,4.7745e-02,6.0160e-02,7.0904e-02,7.9880e-02,8.7035e-02,9.2319e-02,9.5674e-02,9.7040e-02,9.6367e-02,9.3629e-02,8.8839e-02,8.2059e-02,7.3401e-02,6.3027e-02,5.1149e-02,3.8018e-02,2.3924e-02,9.1825e-03,-5.8665e-03,-2.0870e-02,-3.5472e-02,-4.9317e-02,-6.2063e-02,-7.3393e-02,-8.3019e-02,-9.0697e-02,-9.6228e-02,-9.9474e-02,-1.0035e-01,-9.8851e-02,-9.5013e-02,-8.8943e-02,-8.0805e-02,-7.0809e-02,-5.9210e-02,-4.6291e-02,-3.2363e-02,-1.7750e-02,-2.7859e-03,1.2197e-02,2.6873e-02,4.0923e-02,5.4048e-02,6.5965e-02,7.6416e-02,8.5170e-02,9.2030e-02,9.6834e-02,9.9467e-02,9.9858e-02,9.7989e-02,9.3896e-02,8.7666e-02,7.9436e-02,6.9388e-02,5.7742e-02,4.4745e-02,3.0670e-02,1.5801e-02,4.2498e-04
2.6490e-03,7.9618e-03,1.3829e-02,1.9954e-02,2.6020e-02,3.1714e-02,3.6740e-02,4.0848e-02,4.3851e-02,4.5642e-02,4.6198e-02,4.5572e-02,4.3870e-02,4.1228e-02,3.7789e-02,3.3676e-02,2.8990e-02,2.3804e-02,1.8173e-02,1.2143e-02,5.7696e-03,-8.7503e-04,-7.6914e-03,-1.4552e-02,-2.1306e-02,-2.7782e-02,-3.3797e-02,-3.9152e-02,-4.3627e-02,-4.6961e-02,-4.8840e-02,-4.8899e-02,-4.6748e-02,-4.2049e-02,-3.4622e-02,-2.4546e-02,-1.2212e-02,1.7062e-03,1.6370e-02,3.0923e-02,4.4629e-02,5.6947e-02,6.7543e-02,7.6251e-02,8.3015e-02,8.7835e-02,9.0723e-02,9.1692e-02,9.0751e-02,8.7915e-02,8.3216e-02,7.6717e-02,6.8516e-02,5.8753e-02,4.7610e-02,3.5306e-02,2.2099e-02,8.2739e-03,-5.8608e-03,-1.9978e-02,-3.3744e-02,-4.6824e-02,-5.8891e-02,-6.9637e-02,-7.8785e-02,-8.6094e-02,-9.1369e-02,-9.4469e-02,-9.5315e-02,-9.3885e-02,-9.0221e-02,-8.4425e-02,-7.6654e-02,-6.7111e-02,-5.6042e-02,-4.3723e-02,-3.0454e-02,-1.6547e-02,-2.3230e-03,1.1899e-02,2.5807e-02,3.9100e-02,5.1493e-02,6.2721e-02,7.2543e-02,8.0746e-02,8.7151e-02,9.1616e-02,9.4040e-02,9.4369e-02,9.2594e-02,8.8753e-02,8.2928e-02,7.5245e-02,6.5863e-02,5.4972e-02,4.2788e-02,2.9546e-02,1.5497e-02,8.9759e-04
2.5866e-03,5.7161e-03,9.4474e-03,1.3552e-02,1.7774e-02,2.1846e-02,2.5511e-02,2.8540e-02,3.0760e-02,3.2070e-02,3.2446e-02,3.1935e-02,3.0638e-02,2.8682e-02,2.6193e-02,2.3285e-02,2.0036e-02,1.6498e-02,1.2698e-02,8.6486e-03,4.3673e-03,-1.1729e-04,-4.7510e-03,-9.4557e-03,-1.4130e-02,-1.8657e-02,-2.2910e-02,-2.6763e-02,-3.0082e-02,-3.2717e-02,-3.4479e-02,-3.5116e-02,-3.4311e-02,-3.1701e-02,-2.6948e-02,-1.9848e-02,-1.0438e-02,9.3754e-04,1.3651e-02,2.6894e-02,3.9832e-02,5.1743e-02,6.2099e-02,7.0587e-02,7.7073e-02,8.1547e-02,8.4061e-02,8.4691e-02,8.3513e-02,8.0597e-02,7.6014e-02,6.9842e-02,6.2181e-02,5.3154e-02,4.2918e-02,3.1660e-02,1.9600e-02,6.9848e-03,-5.9155e-03,-1.8810e-02,-3.1400e-02,-4.3381e-02,-5.4453e-02,-6.4333e-02,-7.2760e-02,-7.9506e-02,-8.4384e-02,-8.7261e-02,-8.8053e-02,-8.6737e-02,-8.3349e-02,-7.7980e-02,-7.0773e-02,-6.1920e-02,-5.1649e-02,-4.0219e-02,-2.7911e-02,-1.5020e-02,-1.8465e-03,1.1310e-02,2.4157e-02,3.6412e-02,4.7810e-02,5.8105e-02,6.7079e-02,7.4540e-02,8.0332e-02,8.4335e-02,8.6471e-02,8.6705e-02,8.5038e-02,8.1517e-02,7.6219e-02,6.9255e-02,6.0759e-02,5.0891e-02,3.9825e-02,2.7753e-02,1.4883e-02,1.4323e-03
2.5286e-03,3.3792e-03,4.8705e-03,6.8472e-03,9.1193e-03,1.1474e-02,1.3693e-02,1.5575e-02,1.6961e-02,1.7755e-02,1.7935e-02,1.7543e-02,1.6671e-02,1.5437e-02,1.3956e-02,1.2320e-02,1.0590e-02,8.7903e-03,6.9158e-03,4.9453e-03,2.8518e-03,6.2007e-04,-1.7469e-03,-4.2208e-03,-6.7496e-03,-9.2631e-03,-1.1684e-02,-1.3936e-02,-1.5947e-02,-1.7647e-02,-1.8950e-02,-1.9727e-02,-1.9774e-02,-1.8804e-02,-1.6460e-02,-1.2385e-02,-6.3264e-03,1.7392e-03,1.1534e-02,2.2487e-02,3.3834e-02,4.4770e-02,5.4594e-02,6.2799e-02,6.9097e-02,7.3389e-02,7.5707e-02,7.6152e-02,7.4856e-02,7.1948e-02,6.7549e-02,6.1772e-02,5.4729e-02,4.6541e-02,3.7348e-02,2.7307e-02,1.6602e-02,5.4374e-03,-5.9597e-03,-1.7345e-02,-2.8463e-02,-3.9051e-02,-4.8847e-02,-5.7602e-02,-6.5083e-02,-7.1086e-02,-7.5439e-02,-7.8015e-02,-7.8736e-02,-7.7575e-02,-7.4556e-02,-6.9757e-02,-6.3303e-02,-5.5363e-02,-4.6141e-02,-3.5871e-02,-2.4808e-02,-1.3221e-02,-1.3843e-03,1.0427e-02,2.1943e-02,3.2904e-02,4.3069e-02,5.2215e-02,6.0146e-02,6.6698e-02,7.1739e-02,7.5176e-02,7.6958e-02,7.7068e-02,7.5527e-02,7.2385e-02,6.7719e-02,6.1624e-02,5.4208e-02,4.5593e-02,3.5911e-02,2.5307e-02,1.3935e-02,1.9653e-03
2.4659e-03,9.9515e-04,1.9249e-04,-1.7352e-05,2.4594e-04,8.2662e-04,1.5494e-03,2.2406e-03,2.7581e-03,3.0121e-03,2.9797e-03,2.6994e-03,2.2568e-03,1.7583e-03,1.3063e-03,9.7667e-04,8.0804e-04,7.9683e-04,9.0550e-04,1.0723e-03,1.2263e-03,1.3027e-03,1.2527e-03,1.0513e-03,7.0001e-04,2.2186e-04,-3.4807e-04,-9.7142e-04,-1.6193e-03,-2.2716e-03,-2.9128e-03,-3.5091e-03,-3.9759e-03,-4.1432e-03,-3.7325e-03,-2.3715e-03,3.4250e-04,4.7268e-03,1.0885e-02,1.8619e-02,2.7422e-02,3.6582e-02,4.5326e-02,5.2980e-02,5.9057e-02,6.3294e-02,6.5623e-02,6.6112e-02,6.4904e-02,6.2174e-02,5.8092e-02,5.2815e-02,4.6484e-02,3.9233e-02,3.1193e-02,2.2502e-02,1.3310e-02,3.7820e-03,-5.9027e-03,-1.5549e-02,-2.4952e-02,-3.3902e-02,-4.2184e-02,-4.9593e-02,-5.5933e-02,-6.1032e-02,-6.4742e-02,-6.6950e-02,-6.7583e-02,-6.6610e-02,-6.4044e-02,-5.9946e-02,-5.4414e-02,-4.7590e-02,-3.9647e-02,-3.0784e-02,-2.1223e-02,-1.1200e-02,-9.5925e-04,9.2541e-03,1.9198e-02,2.8639e-02,3.7362e-02,4.5169e-02,5.1892e-02,5.7392e-02,6.1570e-02,6.4360e-02,6.5736e-02,6.5707e-02,6.4310e-02,6.1602e-02,5.7657e-02,5.2554e-02,4.6376e-02,3.9206e-02,3.1131e-02,2.2242e-02,1.2640e-02,2.4397e-03
2.3876e-03,-1.3939e-03,-4.4900e-03,-6.8947e-03,-8.6538e-03,-9.8620e-03,-1.0651e-02,-1.1164e-02,-1.1528e-02,-1.1827e-02,-1.2084e-02,-1.2264e-02,-1.2289e-02,-1.2061e-02,-1.1491e-02,-1.0517e-02,-9.1217e-03,-7.3363e-03,-5.2329e-03,-2.9138e-03,-4.9655e-04,1.9023e-03,4.1789e-03,6.2546e-03,8.0772e-03,9.6214e-03,1.0883e-02,1.1866e-02,1.2571e-02,1.2988e-02,1.3092e-02,1.2855e-02,1.2274e-02,1.1404e-02,1.0403e-02,9.5649e-03,9.3005e-03,1.0078e-02,1.2299e-02,1.6158e-02,2.1540e-02,2.8012e-02,3.4907e-02,4.1488e-02,4.7101e-02,5.1279e-02,5.3778e-02,5.4553e-02,5.3699e-02,5.1390e-02,4.7829e-02,4.3215e-02,3.7726e-02,3.1519e-02,2.4733e-02,1.7496e-02,9.9349e-03,2.1775e-03,-5.6416e-03,-1.3380e-02,-2.0888e-02,-2.8010e-02,-3.4592e-02,-4.0476e-02,-4.5518e-02,-4.9581e-02,-5.2549e-02,-5.4329e-02,-5.4856e-02,-5.4098e-02,-5.2057e-02,-4.8769e-02,-4.4306e-02,-3.8775e-02,-3.2309e-02,-2.5069e-02,-1.7235e-02,-9.0069e-03,-5.8897e-04,7.8061e-03,1.5968e-02,2.3694e-02,3.0797e-02,3.7108e-02,4.2486e-02,4.6825e-02,5.0054e-02,5.2138e-02,5.3078e-02,5.2905e-02,5.1673e-02,4.9446e-02,4.6295e-02,4.2283e-02,3.7466e-02,3.1891e-02,2.5595e-02,1.8618e-02,1.1002e-02,2.8074e-03
2.2827e-03,-3.7447e-03,-9.0808e-03,-1.3637e-02,-1.7384e-02,-2.0354e-02,-2.2634e-02,-2.4337e-02,-2.5574e-02,-2.6423e-02,-2.6908e-02,-2.7002e-02,-2.6631e-02,-2.5705e-02,-2.4144e-02,-2.1902e-02,-1.8980e-02,-1.5435e-02,-1.1372e-02,-6.9353e-03,-2.2889e-03,2.3979e-03,6.9661e-03,1.1280e-02,1.5235e-02,1.8756e-02,2.1798e-02,2.4332e-02,2.6337e-02,2.7785e-02,2.8631e-02,2.8818e-02,2.8289e-02,2.7016e-02,2.5049e-02,2.2561e-02,1.9880e-02,1.7480e-02,1.5912e-02,1.5674e-02,1.7054e-02,2.0022e-02,2.4204e-02,2.8980e-02,3.3636e-02,3.7534e-02,4.0220e-02,4.1460e-02,4.1224e-02,3.9623e-02,3.6849e-02,3.3121e-02,2.8650e-02,2.3624e-02,1.8200e-02,1.2510e-02,6.6662e-03,7.6991e-04,-5.0847e-03,-1.0804e-02,-1.6296e-02,-2.1465e-02,-2.6214e-02,-3.0448e-02,-3.4073e-02,-3.7000e-02,-3.9149e-02,-4.0452e-02,-4.0857e-02,-4.0332e-02,-3.8867e-02,-3.6476e-02,-3.3200e-02,-2.9104e-02,-2.4280e-02,-1.8842e-02,-1.2927e-02,-6.6847e-03,-2.8209e-04,6.1089e-03,1.2313e-02,1.8163e-02,2.3501e-02,2.8191e-02,3.2123e-02,3.5221e-02,3.7445e-02,3.8788e-02,3.9280e-02,3.8971e-02,3.7928e-02,3.6225e-02,3.3924e-02,3.1075e-02,2.7707e-02,2.3830e-02,1.9438e-02,1.4515e-02,9.0480e-03,3.0355e-03
2.1409e-03,-6.0143e-03,-1.3484e-02,-2.0098e-02,-2.5752e-02,-3.0416e-02,-3.4130e-02,-3.6979e-02,-3.9057e-02,-4.0438e-02,-4.1149e-02,-4.1166e-02,-4.0424e-02,-3.8840e-02,-3.6343e-02,-3.2898e-02,-2.8522e-02,-2.3298e-02,-1.7360e-02,-1.0893e-02,-4.1050e-03,2.7815e-03,9.5539e-03,1.6021e-02,2.2025e-02,2.7441e-02,3.2183e-02,3.6188e-02,3.9415e-02,4.1820e-02,4.3354e-02,4.3950e-02,4.3528e-02,4.2018e-02,3.9393e-02,3.5718e-02,3.1204e-02,2.6241e-02,2.1384e-02,1.7276e-02,1.4513e-02,1.3470e-02,1.4189e-02,1.6345e-02,1.9348e-02,2.2500e-02,2.5168e-02,2.6901e-02,2.7471e-02,2.6850e-02,2.5154e-02,2.2580e-02,1.9353e-02,1.5682e-02,1.1749e-02,7.7002e-03,3.6458e-03,-3.3021e-04,-4.1647e-03,-7.8088e-03,-1.1222e-02,-1.4368e-02,-1.7213e-02,-1.9722e-02,-2.1857e-02,-2.3583e-02,-2.4860e-02,-2.5649e-02,-2.5917e-02,-2.5633e-02,-2.4778e-02,-2.3343e-02,-2.1335e-02,-1.8781e-02,-1.5723e-02,-1.2226e-02,-8.3751e-03,-4.2733e-03,-3.8490e-05,4.2002e-03,8.3088e-03,1.2157e-02,1.5621e-02,1.8600e-02,2.1017e-02,2.2826e-02,2.4017e-02,2.4611e-02,2.4659e-02,2.4232e-02,2.3408e-02,2.2262e-02,2.0851e-02,1.9211e-02,1.7346e-02,1.5230e-02,1.2814e-02,1.0033e-02,6.8166e-03,3.1037e-03
1.9567e-03,-8.1585e-03,-1.7605e-02,-2.6135e-02,-3.3569e-02,-3.9819e-02,-4.4878e-02,-4.8800e-02,-5.1667e-02,-5.3545e-02,-5.4467e-02,-5.4414e-02,-5.3328e-02,-5.1135e-02,-4.7771e-02,-4.3211e-02,-3.7489e-02,-3.0705e-02,-2.3025e-02,-1.4666e-02,-5.8823e-03,3.0586e-03,1.1892e-02,2.0375e-02,2.8297e-02,3.5488e-02,4.1818e-02,4.7193e-02,5.1545e-02,5.4820e-02,5.6963e-02,5.7910e-02,5.7582e-02,5.5896e-02,5.2786e-02,4.8250e-02,4.2395e-02,3.5495e-02,2.8018e-02,2.0610e-02,1.4010e-02,8.8958e-03,5.7181e-03,4.5659e-03,5.1480e-03,6.8867e-03,9.0873e-03,1.1116e-02,1.2515e-02,1.3053e-02,1.2698e-02,1.1561e-02,9.8338e-03,7.7296e-03,5.4466e-03,3.1471e-03,9.5096e-04,-1.0642e-03,-2.8566e-03,-4.4114e-03,-5.7344e-03,-6.8445e-03,-7.7665e-03,-8.5265e-03,-9.1471e-03,-9.6423e-03,-1.0020e-02,-1.0273e-02,-1.0389e-02,-1.0344e-02,-1.0111e-02,-9.6613e-03,-8.9696e-03,-8.0198e-03,-6.8071e-03,-5.3438e-03,-3.6609e-03,-1.8071e-03,1.5026e-04,2.1307e-03,4.0448e-03,5.8033e-03,7.3227e-03,8.5370e-03,9.4021e-03,9.9042e-03,1.0060e-02,9.9170e-03,9.5441e-03,9.0262e-03,8.4489e-03,7.8873e-03,7.3929e-03,6.9839e-03,6.6410e-03,6.3081e-03,5.8939e-03,5.2875e-03,4.3661e-03,3.0099e-03
1.7294e-03,-1.0133e-02,-2.1353e-02,-3.1610e-02,-4.0657e-02,-4.8347e-02,-5.4628e-02,-5.9528e-02,-6.3109e-02,-6.5437e-02,-6.6545e-02,-6.6422e-02,-6.5020e-02,-6.2272e-02,-5.8122e-02,-5.2557e-02,-4.5621e-02,-3.7435e-02,-2.8188e-02,-1.8128e-02,-7.5478e-03,3.2445e-03,1.3939e-02,2.4246e-02,3.3909e-02,4.2713e-02,5.0488e-02,5.7106e-02,6.2474e-02,6.6521e-02,6.9189e-02,7.0417e-02,7.0136e-02,6.8272e-02,6.4755e-02,5.9553e-02,5.2710e-02,4.4401e-02,3.4978e-02,2.4999e-02,1.5199e-02,6.3935e-03,-6.7099e-04,-5.4999e-03,-7.9763e-03,-8.3811e-03,-7.2944e-03,-5.4162e-03,-3.3910e-03,-1.6849e-03,-5.4163e-04,-5.1707e-06,2.2709e-05,-2.8516e-04,-7.3528e-04,-1.1558e-03,-1.4169e-03,-1.4371e-03,-1.1847e-03,-6.6894e-04,6.7316e-05,9.5943e-04,1.9285e-03,2.8920e-03,3.7712e-03,4.4984e-03,5.0225e-03,5.3128e-03,5.3603e-03,5.1776e-03,4.7961e-03,4.2613e-03,3.6278e-03,2.9532e-03,2.2882e-03,1.6744e-03,1.1372e-03,6.8311e-04,3.0104e-04,-3.7946e-05,-3.7342e-04,-7.5019e-04,-1.2095e-03,-1.7796e-03,-2.4701e-03,-3.2644e-03,-4.1211e-03,-4.9722e-03,-5.7323e-03,-6.3083e-03,-6.6110e-03,-6.5683e-03,-6.1384e-03,-5.3179e-03,-4.1485e-03,-2.7161e-03,-1.1469e-03,4.0404e-04,1.7654e-03,2.7630e-03
1.4641e-03,-1.1890e-02,-2.4639e-02,-3.6394e-02,-4.6848e-02,-5.5799e-02,-6.3153e-02,-6.8909e-02,-7.3115e-02,-7.5831e-02,-7.7093e-02,-7.6898e-02,-7.5206e-02,-7.1960e-02,-6.7116e-02,-6.0668e-02,-5.2677e-02,-4.3277e-02,-3.2677e-02,-2.1153e-02,-9.0250e-03,3.3627e-03,1.5664e-02,2.7551e-02,3.8728e-02,4.8940e-02,5.7984e-02,6.5695e-02,7.1954e-02,7.6672e-02,7.9780e-02,8.1220e-02,8.0936e-02,7.8871e-02,7.4972e-02,6.9211e-02,6.1609e-02,5.2280e-02,4.1483e-02,2.9656e-02,1.7440e-02,5.6416e-03,-4.8670e-03,-1.3304e-02,-1.9157e-02,-2.2306e-02,-2.3040e-02,-2.1951e-02,-1.9752e-02,-1.7103e-02,-1.4483e-02,-1.2150e-02,-1.0170e-02,-8.4663e-03,-6.8934e-03,-5.2924e-03,-3.5288e-03,-1.5177e-03,7.7217e-04,3.3177e-03,6.0525e-03,8.8748e-03,1.1661e-02,1.4281e-02,1.6603e-02,1.8512e-02,1.9913e-02,2.0740e-02,2.0958e-02,2.0567e-02,1.9597e-02,1.8108e-02,1.6179e-02,1.3903e-02,1.1378e-02,8.6954e-03,5.9378e-03,3.1698e-03,4.3696e-04,-2.2337e-03,-4.8289e-03,-7.3444e-03,-9.7772e-03,-1.2116e-02,-1.4336e-02,-1.6392e-02,-1.8219e-02,-1.9733e-02,-2.0839e-02,-2.1438e-02,-2.1442e-02,-2.0786e-02,-1.9437e-02,-1.7410e-02,-1.4767e-02,-1.1621e-02,-8.1298e-03,-4.4867e-03,-9.0799e-04,2.3837e-03
1.1729e-03,-1.3385e-02,-2.7381e-02,-4.0371e-02,-5.1994e-02,-6.1997e-02,-7.0250e-02,-7.6723e-02,-8.1449e-02,-8.4481e-02,-8.5859e-02,-8.5586e-02,-8.3632e-02,-7.9952e-02,-7.4512e-02,-6.7321e-02,-5.8450e-02,-4.8049e-02,-3.6343e-02,-2.3628e-02,-1.0244e-02,3.4376e-03,1.7045e-02,3.0221e-02,4.2641e-02,5.4020e-02,6.4120e-02,7.2748e-02,7.9757e-02,8.5035e-02,8.8502e-02,9.0095e-02,8.9768e-02,8.7484e-02,8.3217e-02,7.6962e-02,6.8748e-02,5.8672e-02,4.6934e-02,3.3874e-02,2.0012e-02,6.0519e-03,-7.1562e-03,-1.8714e-02,-2.7835e-02,-3.4013e-02,-3.7147e-02,-3.7545e-02,-3.5818e-02,-3.2697e-02,-2.8856e-02,-2.4791e-02,-2.0783e-02,-1.6920e-02,-1.3160e-02,-9.3972e-03,-5.5151e-03,-1.4316e-03,2.8858e-03,7.4105e-03,1.2061e-02,1.6713e-02,2.1210e-02,2.5382e-02,2.9057e-02,3.2076e-02,3.4305e-02,3.5645e-02,3.6035e-02,3.5459e-02,3.3944e-02,3.1558e-02,2.8397e-02,2.4589e-02,2.0270e-02,1.5581e-02,1.0658e-02,5.6240e-03,5.8351e-04,-4.3789e-03,-9.1950e-03,-1.3809e-02,-1.8171e-02,-2.2229e-02,-2.5924e-02,-2.9184e-02,-3.1925e-02,-3.4048e-02,-3.5453e-02,-3.6041e-02,-3.5729e-02,-3.4459e-02,-3.2215e-02,-2.9025e-02,-2.4974e-02,-2.0197e-02,-1.4881e-02,-9.2550e-03,-3.5722e-03,1.9018e-03
8.7432e-04,-1.4572e-02,-2.9506e-02,-4.3440e-02,-5.5965e-02,-6.6789e-02,-7.5746e-02,-8.2780e-02,-8.7910e-02,-9.1182e-02,-9.2635e-02,-9.2279e-02,-9.0094e-02,-8.6048e-02,-8.0122e-02,-7.2337e-02,-6.2779e-02,-5.1610e-02,-3.9070e-02,-2.5464e-02,-1.1151e-02,3.4887e-03,1.8065e-02,3.2203e-02,4.5559e-02,5.7825e-02,6.8740e-02,7.8084e-02,8.5684e-02,9.1406e-02,9.5149e-02,9.6847e-02,9.6455e-02,9.3955e-02,8.9347e-02,8.2656e-02,7.3944e-02,6.3318e-02,5.0957e-02,3.7143e-02,2.2291e-02,6.9732e-03,-8.0693e-03,-2.1974e-02,-3.3849e-02,-4.2929e-02,-4.8735e-02,-5.1195e-02,-5.0643e-02,-4.7712e-02,-4.3152e-02,-3.7651e-02,-3.1728e-02,-2.5688e-02,-1.9653e-02,-1.3624e-02,-7.5403e-03,-1.3438e-03,4.9916e-03,1.1438e-02,1.7910e-02,2.4271e-02,3.0347e-02,3.5939e-02,4.0847e-02,4.4878e-02,4.7864e-02,4.9678e-02,5.0234e-02,4.9501e-02,4.7496e-02,4.4291e-02,3.9998e-02,3.4766e-02,2.8767e-02,2.2187e-02,1.5211e-02,8.0168e-03,7.6774e-04,-6.3933e-03,-1.3342e-02,-1.9969e-02,-2.6177e-02,-3.1873e-02,-3.6965e-02,-4.1353e-02,-4.4937e-02,-4.7611e-02,-4.9267e-02,-4.9814e-02,-4.9175e-02,-4.7305e-02,-4.4202e-02,-3.9914e-02,-3.4542e-02,-2.8247e-02,-2.1240e-02,-1.3777e-02,-6.1460e-03,1.3496e-03
5.9074e-04,-1.5409e-02,-3.0953e-02,-4.5518e-02,-5.8660e-02,-7.0054e-02,-7.9505e-02,-8.6934e-02,-9.2343e-02,-9.5773e-02,-9.7261e-02,-9.6820e-02,-9.4442e-02,-9.0108e-02,-8.3814e-02,-7.5596e-02,-6.5557e-02,-5.3869e-02,-4.0782e-02,-2.6608e-02,-1.1709e-02,3.5278e-03,1.8710e-02,3.3458e-02,4.7416e-02,6.0267e-02,7.1731e-02,8.1569e-02,8.9584e-02,9.5620e-02,9.9557e-02,1.0132e-01,1.0086e-01,9.8166e-02,9.3269e-02,8.6226e-02,7.7131e-02,6.6122e-02,5.3386e-02,3.9180e-02,2.3851e-02,7.8604e-03,-8.1920e-03,-2.3565e-02,-3.7413e-02,-4.8875e-02,-5.7224e-02,-6.2021e-02,-6.3228e-02,-6.1210e-02,-5.6618e-02,-5.0222e-02,-4.2730e-02,-3.4682e-02,-2.6415e-02,-1.8094e-02,-9.7681e-03,-1.4359e-03,6.9020e-03,1.5211e-02,2.3404e-02,3.1343e-02,3.8849e-02,4.5710e-02,5.1707e-02,5.6627e-02,6.0279e-02,6.2512e-02,6.3220e-02,6.2354e-02,5.9925e-02,5.6000e-02,5.0701e-02,4.4192e-02,3.6674e-02,2.8369e-02,1.9506e-02,1.0315e-02,1.0141e-03,-8.1984e-03,-1.7141e-02,-2.5651e-02,-3.3584e-02,-4.0806e-02,-4.7191e-02,-5.2617e-02,-5.6967e-02,-6.0126e-02,-6.1991e-02,-6.2473e-02,-6.1507e-02,-5.9063e-02,-5.5156e-02,-4.9851e-02,-4.3270e-02,-3.5593e-02,-2.7055e-02,-1.7937e-02,-8.5531e-03,7.6243e-04
3.4905e-04,-1.5862e-02,-3.1674e-02,-4.6544e-02,-6.0005e-02,-7.1707e-02,-8.1430e-02,-8.9079e-02,-9.4640e-02,-9.8146e-02,-9.9629e-02,-9.9110e-02,-9.6585e-02,-9.2049e-02,-8.5516e-02,-7.7039e-02,-6.6734e-02,-5.4786e-02,-4.1449e-02,-2.7037e-02,-1.1909e-02,3.5560e-03,1.8971e-02,3.3961e-02,4.8175e-02,6.1292e-02,7.3024e-02,8.3118e-02,9.1358e-02,9.7569e-02,1.0161e-01,1.0340e-01,1.0288e-01,1.0004e-01,9.4942e-02,8.7659e-02,7.8322e-02,6.7102e-02,5.4210e-02,3.9903e-02,2.4493e-02,8.3652e-03,-8.0038e-03,-2.4020e-02,-3.8969e-02,-5.2044e-02,-6.2432e-02,-6.9454e-02,-7.2714e-02,-7.2210e-02,-6.8336e-02,-6.1766e-02,-5.3287e-02,-4.3628e-02,-3.3358e-02,-2.2852e-02,-1.2323e-02,-1.8758e-03,8.4301e-03,1.8534e-02,2.8344e-02,3.7726e-02,4.6503e-02,5.4467e-02,6.1393e-02,6.7062e-02,7.1271e-02,7.3851e-02,7.4686e-02,7.3711e-02,7.0927e-02,6.6395e-02,6.0238e-02,5.2633e-02,4.3797e-02,3.3980e-02,2.3451e-02,1.2482e-02,1.3389e-03,-9.7232e-03,-2.0471e-02,-3.0691e-02,-4.0191e-02,-4.8798e-02,-5.6353e-02,-6.2712e-02,-6.7743e-02,-7.1325e-02,-7.3357e-02,-7.3758e-02,-7.2476e-02,-6.9499e-02,-6.4857e-02,-5.8636e-02,-5.0977e-02,-4.2080e-02,-3.2199e-02,-2.1634e-02,-1.0725e-02,1.7224e-04
1.7645e-04,-1.5901e-02,-3.1638e-02,-4.6484e-02,-5.9960e-02,-7.1700e-02,-8.1470e-02,-8.9160e-02,-9.4743e-02,-9.8243e-02,-9.9689e-02,-9.9101e-02,-9.6484e-02,-9.1845e-02,-8.5214e-02,-7.6660e-02,-6.6314e-02,-5.4370e-02,-4.1084e-02,-2.6766e-02,-1.1762e-02,3.5626e-03,1.8837e-02,3.3706e-02,4.7826e-02,6.0887e-02,7.2598e-02,8.2701e-02,9.0969e-02,9.7210e-02,1.0127e-01,1.0305e-01,1.0248e-01,9.9568e-02,9.4369e-02,8.6988e-02,7.7581e-02,6.6346e-02,5.3519e-02,3.9371e-02,2.4200e-02,8.3469e-03,-7.7996e-03,-2.3775e-02,-3.9018e-02,-5.2860e-02,-6.4546e-02,-7.3319e-02,-7.8549e-02,-7.9884e-02,-7.7360e-02,-7.1395e-02,-6.2687e-02,-5.2044e-02,-4.0219e-02,-2.7815e-02,-1.5249e-02,-2.7867e-03,9.4094e-03,2.1223e-02,3.2541e-02,4.3227e-02,5.3115e-02,6.2009e-02,6.9695e-02,7.5958e-02,8.0598e-02,8.3444e-02,8.4369e-02,8.3301e-02,8.0231e-02,7.5213e-02,6.8367e-02,5.9870e-02,4.9952e-02,3.8881e-02,2.6951e-02,1.4472e-02,1.7519e-03,-1.0909e-02,-2.3227e-02,-3.4942e-02,-4.5818e-02,-5.5642e-02,-6.4225e-02,-7.1399e-02,-7.7019e-02,-8.0961e-02,-8.3125e-02,-8.3438e-02,-8.1864e-02,-7.8407e-02,-7.3116e-02,-6.6097e-02,-5.7511e-02,-4.7574e-02,-3.6558e-02,-2.4783e-02,-1.2602e-02,-3.9116e-04
9.9331e-05,-1.5508e-02,-3.0833e-02,-4.5329e-02,-5.8518e-02,-7.0028e-02,-7.9619e-02,-8.7168e-02,-9.2644e-02,-9.6059e-02,-9.7439e-02,-9.6802e-02,-9.4159e-02,-8.9526e-02,-8.2946e-02,-7.4506e-02,-6.4348e-02,-5.2672e-02,-3.9734e-02,-2.5833e-02,-1.1298e-02,3.5299e-03,1.8306e-02,3.2698e-02,4.6387e-02,5.9074e-02,7.0480e-02,8.0347e-02,8.8441e-02,9.4561e-02,9.8544e-02,1.0027e-01,9.9680e-02,9.6769e-02,9.1599e-02,8.4287e-02,7.5008e-02,6.3981e-02,5.1460e-02,3.7725e-02,2.3076e-02,7.8280e-03,-7.6854e-03,-2.3095e-02,-3.7975e-02,-5.1813e-02,-6.3992e-02,-7.3819e-02,-8.0588e-02,-8.3719e-02,-8.2904e-02,-7.8212e-02,-7.0088e-02,-5.9256e-02,-4.6546e-02,-3.2739e-02,-1.8475e-02,-4.2167e-03,9.7199e-03,2.3120e-02,3.5821e-02,4.7672e-02,5.8511e-02,6.8163e-02,7.6435e-02,8.3134e-02,8.8071e-02,9.1086e-02,9.2054e-02,9.0902e-02,8.7612e-02,8.2233e-02,7.4875e-02,6.5712e-02,5.4974e-02,4.2938e-02,2.9916e-02,1.6239e-02,2.2506e-03,-1.1712e-02,-2.5324e-02,-3.8282e-02,-5.0309e-02,-6.1156e-02,-7.0606e-02,-7.8466e-02,-8.4581e-02,-8.8819e-02,-9.1082e-02,-9.1310e-02,-8.9478e-02,-8.5608e-02,-7.9770e-02,-7.2089e-02,-6.2742e-02,-5.1966e-02,-4.0046e-02,-2.7315e-02,-1.4139e-02,-9.0435e-04
1.4126e-04,-1.4676e-02,-2.9266e-02,-4.3100e-02,-5.5708e-02,-6.6726e-02,-7.5913e-02,-8.3146e-02,-8.8387e-02,-9.1643e-02,-9.2934e-02,-9.2275e-02,-8.9678e-02,-8.5168e-02,-7.8798e-02,-7.0667e-02,-6.0926e-02,-4.9780e-02,-3.7478e-02,-2.4303e-02,-1.0561e-02,3.4357e-03,1.7377e-02,3.0960e-02,4.3898e-02,5.5912e-02,6.6740e-02,7.6131e-02,8.3856e-02,8.9707e-02,9.3516e-02,9.5158e-02,9.4566e-02,9.1736e-02,8.6728e-02,7.9667e-02,7.0734e-02,6.0158e-02,4.8199e-02,3.5144e-02,2.1288e-02,6.9296e-03,-7.6295e-03,-2.2085e-02,-3.6109e-02,-4.9324e-02,-6.1274e-02,-7.1402e-02,-7.9065e-02,-8.3613e-02,-8.4511e-02,-8.1491e-02,-7.4655e-02,-6.4480e-02,-5.1712e-02,-3.7208e-02,-2.1781e-02,-6.1054e-03,9.3125e-03,2.4113e-02,3.8042e-02,5.0908e-02,6.2543e-02,7.2788e-02,8.1478e-02,8.8450e-02,9.3546e-02,9.6628e-02,9.7584e-02,9.6348e-02,9.2900e-02,8.7281e-02,7.9592e-02,6.9999e-02,5.8722e-02,4.6037e-02,3.2258e-02,1.7733e-02,2.8214e-03,-1.2109e-02,-2.6701e-02,-4.0616e-02,-5.3542e-02,-6.5196e-02,-7.5332e-02,-8.3740e-02,-9.0247e-02,-9.4716e-02,-9.7054e-02,-9.7205e-02,-9.5161e-02,-9.0959e-02,-8.4689e-02,-7.6495e-02,-6.6572e-02,-5.5172e-02,-4.2594e-02,-2.9179e-02,-1.5300e-02,-1.3493e-03
3.1877e-04,-1.3410e-02,-2.6966e-02,-3.9843e-02,-5.1594e-02,-6.1870e-02,-7.0440e-02,-7.7185e-02,-8.2068e-02,-8.5093e-02,-8.6275e-02,-8.5626e-02,-8.3155e-02,-7.8891e-02,-7.2892e-02,-6.5266e-02,-5.6169e-02,-4.5804e-02,-3.4410e-02,-2.2251e-02,-9.6026e-03,3.2568e-03,1.6056e-02,2.8529e-02,4.0424e-02,5.1490e-02,6.1488e-02,7.0181e-02,7.7349e-02,8.2789e-02,8.6332e-02,8.7853e-02,8.7281e-02,8.4611e-02,7.9901e-02,7.3274e-02,6.4911e-02,5.5035e-02,4.3906e-02,3.1802e-02,1.9008e-02,5.8071e-03,-7.5268e-03,-2.0731e-02,-3.3544e-02,-4.5688e-02,-5.6842e-02,-6.6601e-02,-7.4465e-02,-7.9843e-02,-8.2131e-02,-8.0837e-02,-7.5732e-02,-6.6953e-02,-5.5002e-02,-4.0655e-02,-2.4795e-02,-8.2634e-03,8.2310e-03,2.4148e-02,3.9100e-02,5.2813e-02,6.5089e-02,7.5769e-02,8.4720e-02,9.1815e-02,9.6937e-02,9.9981e-02,1.0087e-01,9.9537e-02,9.5983e-02,9.0241e-02,8.2402e-02,7.2615e-02,6.1087e-02,4.8080e-02,3.3902e-02,1.8898e-02,3.4377e-03,-1.2097e-02,-2.7327e-02,-4.1886e-02,-5.5432e-02,-6.7655e-02,-7.8284e-02,-8.7086e-02,-9.3876e-02,-9.8511e-02,-1.0090e-01,-1.0099e-01,-9.8785e-02,-9.4344e-02,-8.7772e-02,-7.9229e-02,-6.8929e-02,-5.7135e-02,-4.4157e-02,-3.0342e-02,-1.6064e-02,-1.7157e-03
6.4205e-04,-1.1733e-02,-2.3982e-02,-3.5635e-02,-4.6274e-02,-5.5576e-02,-6.3327e-02,-6.9421e-02,-7.3828e-02,-7.6554e-02,-7.7612e-02,-7.7007e-02,-7.4745e-02,-7.0851e-02,-6.5385e-02,-5.8457e-02,-5.0221e-02,-4.0874e-02,-3.0641e-02,-1.9760e-02,-8.4758e-03,2.9744e-03,1.4359e-02,2.5457e-02,3.6050e-02,4.5925e-02,5.4865e-02,6.2660e-02,6.9101e-02,7.3998e-02,7.7190e-02,7.8554e-02,7.8023e-02,7.5588e-02,7.1304e-02,6.5288e-02,5.7708e-02,4.8778e-02,3.8742e-02,2.7858e-02,1.6393e-02,4.6041e-03,-7.2607e-03,-1.8971e-02,-3.0312e-02,-4.1074e-02,-5.1031e-02,-5.9913e-02,-6.7368e-02,-7.2942e-02,-7.6094e-02,-7.6260e-02,-7.2989e-02,-6.6088e-02,-5.5724e-02,-4.2431e-02,-2.7008e-02,-1.0363e-02,6.6361e-03,2.3258e-02,3.8944e-02,5.3297e-02,6.6049e-02,7.7022e-02,8.6094e-02,9.3178e-02,9.8204e-02,1.0111e-01,1.0187e-01,1.0043e-01,9.6821e-02,9.1064e-02,8.3244e-02,7.3495e-02,6.2001e-02,4.9001e-02,3.4785e-02,1.9684e-02,4.0625e-03,-1.1695e-02,-2.7200e-02,-4.2068e-02,-5.5936e-02,-6.8472e-02,-7.9382e-02,-8.8415e-02,-9.5372e-02,-1.0010e-01,-1.0251e-01,-1.0256e-01,-1.0026e-01,-9.5686e-02,-8.8952e-02,-8.0236e-02,-6.9768e-02,-5.7822e-02,-4.4713e-02,-3.0788e-02,-1.6422e-02,-1.9966e-03
1.1123e-03,-9.6775e-03,-2.0383e-02,-3.0576e-02,-3.9876e-02,-4.7993e-02,-5.4740e-02,-6.0033e-02,-6.3855e-02,-6.6218e-02,-6.7136e-02,-6.6609e-02,-6.4637e-02,-6.1235e-02,-5.6458e-02,-5.0409e-02,-4.3238e-02,-3.5128e-02,-2.6284e-02,-1.6916e-02,-7.2302e-03,2.5751e-03,1.2314e-02,2.1808e-02,3.0881e-02,3.9354e-02,4.7043e-02,5.3763e-02,5.9329e-02,6.3567e-02,6.6331e-02,6.7508e-02,6.7034e-02,6.4901e-02,6.1159e-02,5.5912e-02,4.9314e-02,4.1557e-02,3.2858e-02,2.3449e-02,1.3562e-02,3.4272e-03,-6.7420e-03,-1.6749e-02,-2.6414e-02,-3.5575e-02,-4.4071e-02,-5.1728e-02,-5.8321e-02,-6.3543e-02,-6.6984e-02,-6.8142e-02,-6.6493e-02,-6.1620e-02,-5.3362e-02,-4.1915e-02,-2.7838e-02,-1.1952e-02,4.8138e-03,2.1577e-02,3.7597e-02,5.2318e-02,6.5357e-02,7.6480e-02,8.5556e-02,9.2522e-02,9.7356e-02,1.0005e-01,1.0062e-01,9.9076e-02,9.5441e-02,8.9765e-02,8.2122e-02,7.2626e-02,6.1436e-02,4.8762e-02,3.4862e-02,2.0044e-02,4.6515e-03,-1.0942e-02,-2.6347e-02,-4.1177e-02,-5.5055e-02,-6.7632e-02,-7.8598e-02,-8.7686e-02,-9.4685e-02,-9.9438e-02,-1.0185e-01,-1.0188e-01,-9.9550e-02,-9.4943e-02,-8.8195e-02,-7.9493e-02,-6.9077e-02,-5.7225e-02,-4.4258e-02,-3.0519e-02,-1.6374e-02,-2.1931e-03
1.7205e-03,-7.2927e-03,-1.6256e-02,-2.4789e-02,-3.2556e-02,-3.9305e-02,-4.4885e-02,-4.9240e-02,-5.2375e-02,-5.4315e-02,-5.5078e-02,-5.4662e-02,-5.3053e-02,-5.0256e-02,-4.6313e-02,-4.1312e-02,-3.5389e-02,-2.8710e-02,-2.1453e-02,-1.3797e-02,-5.9102e-03,2.0555e-03,9.9576e-03,1.7662e-02,2.5033e-02,3.1932e-02,3.8210e-02,4.3711e-02,4.8277e-02,5.1760e-02,5.4031e-02,5.4994e-02,5.4592e-02,5.2818e-02,4.9716e-02,4.5376e-02,3.9930e-02,3.3541e-02,2.6394e-02,1.8682e-02,1.0601e-02,2.3385e-03,-5.9308e-03,-1.4046e-02,-2.1867e-02,-2.9266e-02,-3.6129e-02,-4.2344e-02,-4.7778e-02,-5.2247e-02,-5.5485e-02,-5.7117e-02,-5.6674e-02,-5.3665e-02,-4.7702e-02,-3.8648e-02,-2.6722e-02,-1.2504e-02,3.1690e-03,1.9357e-02,3.5175e-02,4.9895e-02,6.2984e-02,7.4106e-02,8.3083e-02,8.9855e-02,9.4433e-02,9.6867e-02,9.7220e-02,9.5558e-02,9.1939e-02,8.6429e-02,7.9101e-02,7.0053e-02,5.9415e-02,4.7361e-02,3.4113e-02,1.9940e-02,5.1560e-03,-9.8896e-03,-2.4824e-02,-3.9262e-02,-5.2828e-02,-6.5165e-02,-7.5951e-02,-8.4909e-02,-9.1816e-02,-9.6510e-02,-9.8891e-02,-9.8924e-02,-9.6635e-02,-9.2115e-02,-8.5508e-02,-7.7011e-02,-6.6869e-02,-5.5364e-02,-4.2813e-02,-2.9553e-02,-1.5934e-02,-2.3088e-03
2.4480e-03,-4.6392e-03,-1.1705e-02,-1.8418e-02,-2.4492e-02,-2.9722e-02,-3.3996e-02,-3.7295e-02,-3.9651e-02,-4.1113e-02,-4.1706e-02,-4.1425e-02,-4.0245e-02,-3.8153e-02,-3.5170e-02,-3.1364e-02,-2.6849e-02,-2.1765e-02,-1.6261e-02,-1.0481e-02,-4.5504e-03,1.4206e-03,7.3365e-03,1.3107e-02,1.8639e-02,2.3832e-02,2.8573e-02,3.2742e-02,3.6211e-02,3.8862e-02,4.0591e-02,4.1318e-02,4.1000e-02,3.9632e-02,3.7249e-02,3.3926e-02,2.9767e-02,2.4904e-02,1.9482e-02,1.3651e-02,7.5627e-03,1.3564e-03,-4.8369e-03,-1.0901e-02,-1.6732e-02,-2.2243e-02,-2.7355e-02,-3.2000e-02,-3.6103e-02,-3.9570e-02,-4.2250e-02,-4.3908e-02,-4.4202e-02,-4.2687e-02,-3.8893e-02,-3.2451e-02,-2.3241e-02,-1.1498e-02,2.1876e-03,1.6968e-02,3.1907e-02,4.6136e-02,5.8957e-02,6.9893e-02,7.8673e-02,8.5201e-02,8.9498e-02,9.1655e-02,9.1792e-02,9.0027e-02,8.6467e-02,8.1199e-02,7.4307e-02,6.5875e-02,5.6006e-02,4.4835e-02,3.2542e-02,1.9349e-02,5.5284e-03,-8.6043e-03,-2.2704e-02,-3.6403e-02,-4.9336e-02,-6.1147e-02,-7.1510e-02,-8.0144e-02,-8.6819e-02,-9.1368e-02,-9.3687e-02,-9.3742e-02,-9.1564e-02,-8.7244e-02,-8.0934e-02,-7.2835e-02,-6.3191e-02,-5.2283e-02,-4.0419e-02,-2.7923e-02,-1.5124e-02,-2.3514e-03
3.2670e-03,-1.7901e-03,-6.8461e-03,-1.1622e-02,-1.5884e-02,-1.9475e-02,-2.2333e-02,-2.4477e-02,-2.5978e-02,-2.6911e-02,-2.7315e-02,-2.7186e-02,-2.6488e-02,-2.5182e-02,-2.3264e-02,-2.0774e-02,-1.7795e-02,-1.4438e-02,-1.0816e-02,-7.0348e-03,-3.1788e-03,6.8621e-04,4.5094e-03,8.2440e-03,1.1839e-02,1.5232e-02,1.8350e-02,2.1106e-02,2.3410e-02,2.5175e-02,2.6325e-02,2.6804e-02,2.6579e-02,2.5650e-02,2.4045e-02,2.1817e-02,1.9044e-02,1.5821e-02,1.2251e-02,8.4364e-03,4.4787e-03,4.6920e-04,-3.5126e-03,-7.3967e-03,-1.1125e-02,-1.4647e-02,-1.7924e-02,-2.0920e-02,-2.3603e-02,-2.5933e-02,-2.7843e-02,-2.9212e-02,-2.9831e-02,-2.9373e-02,-2.7412e-02,-2.3487e-02,-1.7233e-02,-8.5345e-03,2.3660e-03,1.4874e-02,2.8146e-02,4.1262e-02,5.3389e-02,6.3887e-02,7.2350e-02,7.8599e-02,8.2625e-02,8.4535e-02,8.4492e-02,8.2668e-02,7.9220e-02,7.4270e-02,6.7917e-02,6.0240e-02,5.1321e-02,4.1257e-02,3.0179e-02,1.8262e-02,5.7274e-03,-7.1559e-03,-2.0079e-02,-3.2708e-02,-4.4693e-02,-5.5695e-02,-6.5393e-02,-7.3505e-02,-7.9801e-02,-8.4112e-02,-8.6332e-02,-8.6425e-02,-8.4422e-02,-8.0417e-02,-7.4558e-02,-6.7046e-02,-5.8120e-02,-4.8052e-02,-3.7135e-02,-2.5673e-02,-1.3973e-02,-2.3306e-03
4.1409e-03,1.1743e-03,-1.8056e-03,-4.5714e-03,-6.9416e-03,-8.8136e-03,-1.0174e-02,-1.1089e-02,-1.1673e-02,-1.2033e-02,-1.2229e-02,-1.2261e-02,-1.2078e-02,-1.1619e-02,-1.0844e-02,-9.7592e-03,-8.4111e-03,-6.8730e-03,-5.2217e-03,-3.5220e-03,-1.8156e-03,-1.2507e-04,1.5423e-03,3.1813e-03,4.7818e-03,6.3211e-03,7.7625e-03,9.0594e-03,1.0158e-02,1.1006e-02,1.1558e-02,1.1781e-02,1.1658e-02,1.1190e-02,1.0397e-02,9.3127e-03,7.9860e-03,6.4717e-03,4.8280e-03,3.1112e-03,1.3700e-03,-3.5658e-04,-2.0384e-03,-3.6569e-03,-5.2015e-03,-6.6667e-03,-8.0495e-03,-9.3502e-03,-1.0569e-02,-1.1703e-02,-1.2739e-02,-1.3633e-02,-1.4285e-02,-1.4496e-02,-1.3952e-02,-1.2224e-02,-8.8449e-03,-3.4408e-03,4.1095e-03,1.3570e-02,2.4351e-02,3.5625e-02,4.6505e-02,5.6213e-02,6.4185e-02,7.0108e-02,7.3895e-02,7.5627e-02,7.5484e-02,7.3679e-02,7.0418e-02,6.5865e-02,6.0144e-02,5.3337e-02,4.5512e-02,3.6734e-02,2.7088e-02,1.6696e-02,5.7236e-03,-5.6121e-03,-1.7052e-02,-2.8301e-02,-3.9044e-02,-4.8963e-02,-5.7756e-02,-6.5150e-02,-7.0920e-02,-7.4897e-02,-7.6975e-02,-7.7117e-02,-7.5350e-02,-7.1764e-02,-6.6504e-02,-5.9761e-02,-5.1763e-02,-4.2765e-02,-3.3039e-02,-2.2866e-02,-1.2518e-02,-2.2567e-03
5.0278e-03,4.1660e-03,3.2840e-03,2.5576e-03,2.1150e-03,2.0059e-03,2.1902e-03,2.5505e-03,2.9277e-03,3.1755e-03,3.2082e-03,3.0187e-03,2.6688e-03,2.2476e-03,1.8312e-03,1.4564e-03,1.1182e-03,7.8436e-04,4.1915e-04,-7.0035e-07,-4.7474e-04,-9.8338e-04,-1.4923e-03,-1.9664e-03,-2.3779e-03,-2.7098e-03,-2.9600e-03,-3.1376e-03,-3.2570e-03,-3.3351e-03,-3.3857e-03,-3.4184e-03,-3.4352e-03,-3.4317e-03,-3.3984e-03,-3.3206e-03,-3.1817e-03,-2.9651e-03,-2.6569e-03,-2.2509e-03,-1.7473e-03,-1.1585e-03,-5.0724e-04,1.7527e-04,8.5068e-04,1.4794e-03,2.0208e-03,2.4385e-03,2.7006e-03,2.7796e-03,2.6552e-03,2.3226e-03,1.8107e-03,1.2124e-03,7.2094e-04,6.6278e-04,1.4824e-03,3.6722e-03,7.6291e-03,1.3493e-02,2.1042e-02,2.9702e-02,3.8673e-02,4.7117e-02,5.4327e-02,5.9828e-02,6.3400e-02,6.5046e-02,6.4920e-02,6.3253e-02,6.0284e-02,5.6223e-02,5.1221e-02,4.5381e-02,3.8762e-02,3.1406e-02,2.3356e-02,1.4686e-02,5.5030e-03,-4.0348e-03,-1.3724e-02,-2.3320e-02,-3.2552e-02,-4.1138e-02,-4.8800e-02,-5.5286e-02,-6.0383e-02,-6.3927e-02,-6.5816e-02,-6.6010e-02,-6.4533e-02,-6.1464e-02,-5.6938e-02,-5.1132e-02,-4.4254e-02,-3.6538e-02,-2.8227e-02,-1.9568e-02,-1.0799e-02,-2.1400e-03
5.8807e-03,7.0953e-03,8.2882e-03,9.5861e-03,1.1065e-02,1.2721e-02,1.4462e-02,1.6118e-02,1.7480e-02,1.8359e-02,1.8640e-02,1.8305e-02,1.7425e-02,1.6115e-02,1.4494e-02,1.2643e-02,1.0603e-02,8.3890e-03,6.0065e-03,3.4743e-03,8.3422e-04,-1.8540e-03,-4.5173e-03,-7.0828e-03,-9.4838e-03,-1.1667e-02,-1.3592e-02,-1.5227e-02,-1.6550e-02,-1.7542e-02,-1.8186e-02,-1.8467e-02,-1.8373e-02,-1.7900e-02,-1.7046e-02,-1.5819e-02,-1.4231e-02,-1.2305e-02,-1.0072e-02,-7.5698e-03,-4.8499e-03,-1.9732e-03,9.8825e-04,3.9533e-03,6.8372e-03,9.5526e-03,1.2015e-02,1.4149e-02,1.5888e-02,1.7175e-02,1.7963e-02,1.8219e-02,1.7928e-02,1.7116e-02,1.5879e-02,1.4428e-02,1.3113e-02,1.2417e-02,1.2872e-02,1.4913e-02,1.8707e-02,2.4055e-02,3.0404e-02,3.6994e-02,4.3046e-02,4.7931e-02,5.1262e-02,5.2905e-02,5.2937e-02,5.1559e-02,4.9023e-02,4.5570e-02,4.1387e-02,3.6598e-02,3.1270e-02,2.5431e-02,1.9097e-02,1.2292e-02,5.0696e-03,-2.4730e-03,-1.0195e-02,-1.7909e-02,-2.5398e-02,-3.2427e-02,-3.8754e-02,-4.4157e-02,-4.8441e-02,-5.1457e-02,-5.3107e-02,-5.3350e-02,-5.2203e-02,-4.9734e-02,-4.6062e-02,-4.1341e-02,-3.5756e-02,-2.9508e-02,-2.2807e-02,-1.5860e-02,-8.8616e-03,-1.9893e-03
6.6530e-03,9.8739e-03,1.3075e-02,1.6339e-02,1.9690e-02,2.3075e-02,2.6349e-02,2.9289e-02,3.1636e-02,3.3158e-02,3.3705e-02,3.3246e-02,3.1855e-02,2.9678e-02,2.6872e-02,2.3567e-02,1.9855e-02,1.5796e-02,1.1440e-02,6.8493e-03,2.1027e-03,-2.7017e-03,-7.4556e-03,-1.2049e-02,-1.6381e-02,-2.0359e-02,-2.3908e-02,-2.6956e-02,-2.9444e-02,-3.1318e-02,-3.2530e-02,-3.3045e-02,-3.2841e-02,-3.1909e-02,-3.0260e-02,-2.7923e-02,-2.4939e-02,-2.1367e-02,-1.7280e-02,-1.2762e-02,-7.9078e-03,-2.8261e-03,2.3657e-03,7.5411e-03,1.2569e-02,1.7317e-02,2.1659e-02,2.5475e-02,2.8664e-02,3.1137e-02,3.2822e-02,3.3663e-02,3.3623e-02,3.2688e-02,3.0897e-02,2.8365e-02,2.5337e-02,2.2210e-02,1.9521e-02,1.7856e-02,1.7695e-02,1.9241e-02,2.2316e-02,2.6397e-02,3.0769e-02,3.4713e-02,3.7674e-02,3.9346e-02,3.9661e-02,3.8740e-02,3.6806e-02,3.4105e-02,3.0853e-02,2.7203e-02,2.3237e-02,1.8984e-02,1.4440e-02,9.5927e-03,4.4466e-03,-9.6191e-04,-6.5539e-03,-1.2209e-02,-1.7770e-02,-2.3055e-02,-2.7873e-02,-3.2037e-02,-3.5383e-02,-3.7779e-02,-3.9139e-02,-3.9420e-02,-3.8633e-02,-3.6832e-02,-3.4113e-02,-3.0603e-02,-2.6454e-02,-2.1831e-02,-1.6899e-02,-1.1823e-02,-6.7509e-03,-1.8093e-03
7.2999e-03,1.2417e-02,1.7521e-02,2.2650e-02,2.7785e-02,3.2822e-02,3.7568e-02,4.1749e-02,4.5059e-02,4.7220e-02,4.8047e-02,4.7490e-02,4.5628e-02,4.2630e-02,3.8692e-02,3.3995e-02,2.8681e-02,2.2858e-02,1.6621e-02,1.0070e-02,3.3219e-03,-3.4919e-03,-1.0230e-02,-1.6749e-02,-2.2915e-02,-2.8600e-02,-3.3691e-02,-3.8080e-02,-4.1670e-02,-4.4375e-02,-4.6120e-02,-4.6851e-02,-4.6535e-02,-4.5167e-02,-4.2766e-02,-3.9381e-02,-3.5085e-02,-2.9968e-02,-2.4143e-02,-1.7734e-02,-1.0878e-02,-3.7263e-03,3.5631e-03,1.0821e-02,1.7877e-02,2.4556e-02,3.0690e-02,3.6120e-02,4.0706e-02,4.4325e-02,4.6878e-02,4.8288e-02,4.8502e-02,4.7489e-02,4.5257e-02,4.1868e-02,3.7481e-02,3.2391e-02,2.7058e-02,2.2085e-02,1.8123e-02,1.5698e-02,1.5044e-02,1.6008e-02,1.8095e-02,2.0630e-02,2.2952e-02,2.4569e-02,2.5233e-02,2.4919e-02,2.3764e-02,2.1985e-02,1.9801e-02,1.7387e-02,1.4852e-02,1.2233e-02,9.5212e-03,6.6796e-03,3.6718e-03,4.7981e-04,-2.8802e-03,-6.3547e-03,-9.8529e-03,-1.3255e-02,-1.6425e-02,-1.9224e-02,-2.1526e-02,-2.3222e-02,-2.4241e-02,-2.4544e-02,-2.4134e-02,-2.3048e-02,-2.1357e-02,-1.9154e-02,-1.6552e-02,-1.3673e-02,-1.0633e-02,-7.5479e-03,-4.5129e-03,-1.6049e-03
7.7825e-03,1.4651e-02,2.1512e-02,2.8369e-02,3.5158e-02,4.1734e-02,4.7856e-02,5.3206e-02,5.7431e-02,6.0209e-02,6.1323e-02,6.0702e-02,5.8423e-02,5.4675e-02,4.9691e-02,4.3701e-02,3.6897e-02,2.9434e-02,2.1450e-02,1.3083e-02,4.4819e-03,-4.1924e-03,-1.2768e-02,-2.1073e-02,-2.8941e-02,-3.6211e-02,-4.2733e-02,-4.8364e-02,-5.2974e-02,-5.6442e-02,-5.8674e-02,-5.9597e-02,-5.9172e-02,-5.7396e-02,-5.4302e-02,-4.9956e-02,-4.4457e-02,-3.7930e-02,-3.0519e-02,-2.2386e-02,-1.3707e-02,-4.6665e-03,4.5387e-03,1.3704e-02,2.2621e-02,3.1081e-02,3.8876e-02,4.5812e-02,5.1709e-02,5.6412e-02,5.9790e-02,6.1746e-02,6.2210e-02,6.1144e-02,5.8544e-02,5.4450e-02,4.8974e-02,4.2329e-02,3.4879e-02,2.7158e-02,1.9840e-02,1.3637e-02,9.1163e-03,6.5372e-03,5.7642e-03,6.3246e-03,7.5765e-03,8.9034e-03,9.8606e-03,1.0232e-02,1.0010e-02,9.3236e-03,8.3620e-03,7.3029e-03,6.2729e-03,5.3307e-03,4.4713e-03,3.6483e-03,2.7941e-03,1.8459e-03,7.6116e-04,-4.7088e-04,-1.8283e-03,-3.2585e-03,-4.6875e-03,-6.0313e-03,-7.2053e-03,-8.1358e-03,-8.7686e-03,-9.0726e-03,-9.0427e-03,-8.6981e-03,-8.0812e-03,-7.2491e-03,-6.2690e-03,-5.2114e-03,-4.1439e-03,-3.1236e-03,-2.1925e-03,-1.3760e-03
8.0720e-03,1.6512e-02,2.4953e-02,3.3362e-02,4.1642e-02,4.9607e-02,5.6977e-02,6.3393e-02,6.8461e-02,7.1821e-02,7.3222e-02,7.2570e-02,6.9939e-02,6.5533e-02,5.9618e-02,5.2468e-02,4.4322e-02,3.5383e-02,2.5829e-02,1.5832e-02,5.5673e-03,-4.7761e-03,-1.5004e-02,-2.4917e-02,-3.4321e-02,-4.3023e-02,-5.0838e-02,-5.7591e-02,-6.3116e-02,-6.7269e-02,-6.9932e-02,-7.1020e-02,-7.0491e-02,-6.8344e-02,-6.4626e-02,-5.9423e-02,-5.2857e-02,-4.5081e-02,-3.6269e-02,-2.6615e-02,-1.6327e-02,-5.6210e-03,5.2750e-03,1.6127e-02,2.6696e-02,3.6741e-02,4.6024e-02,5.4317e-02,6.1406e-02,6.7101e-02,7.1246e-02,7.3715e-02,7.4423e-02,7.3324e-02,7.0412e-02,6.5727e-02,5.9363e-02,5.1492e-02,4.2399e-02,3.2523e-02,2.2472e-02,1.2989e-02,4.8317e-03,-1.4012e-03,-5.4395e-03,-7.4103e-03,-7.7738e-03,-7.1492e-03,-6.1233e-03,-5.1156e-03,-4.3302e-03,-3.7825e-03,-3.3694e-03,-2.9442e-03,-2.3793e-03,-1.5998e-03,-5.9568e-04,5.8633e-04,1.8633e-03,3.1373e-03,4.3170e-03,5.3305e-03,6.1331e-03,6.7086e-03,7.0654e-03,7.2287e-03,7.2332e-03,7.1153e-03,6.9050e-03,6.6248e-03,6.2842e-03,5.8817e-03,5.4060e-03,4.8410e-03,4.1666e-03,3.3668e-03,2.4308e-03,1.3589e-03,1.6564e-04,-1.1205e-03
8.1493e-03,1.7955e-02,2.7765e-02,3.7522e-02,4.7096e-02,5.6270e-02,6.4730e-02,7.2082e-02,7.7900e-02,8.1789e-02,8.3466e-02,8.2818e-02,7.9909e-02,7.4953e-02,6.8245e-02,6.0096e-02,5.0790e-02,4.0575e-02,2.9665e-02,1.8260e-02,6.5617e-03,-5.2234e-03,-1.6880e-02,-2.8189e-02,-3.8930e-02,-4.8882e-02,-5.7829e-02,-6.5560e-02,-7.1882e-02,-7.6627e-02,-7.9658e-02,-8.0881e-02,-8.0253e-02,-7.7781e-02,-7.3522e-02,-6.7581e-02,-6.0102e-02,-5.1260e-02,-4.1258e-02,-3.0315e-02,-1.8665e-02,-6.5506e-03,5.7764e-03,1.8057e-02,3.0028e-02,4.1425e-02,5.1983e-02,6.1446e-02,6.9573e-02,7.6145e-02,8.0973e-02,8.3910e-02,8.4851e-02,8.3741e-02,8.0575e-02,7.5398e-02,6.8310e-02,5.9471e-02,4.9128e-02,3.7640e-02,2.5521e-02,1.3441e-02,2.1931e-03,-7.4341e-03,-1.4831e-02,-1.9729e-02,-2.2261e-02,-2.2882e-02,-2.2200e-02,-2.0787e-02,-1.9056e-02,-1.7219e-02,-1.5316e-02,-1.3285e-02,-1.1029e-02,-8.4728e-03,-5.5956e-03,-2.4346e-03,9.2327e-04,4.3587e-03,7.7418e-03,1.0949e-02,1.3873e-02,1.6432e-02,1.8569e-02,2.0246e-02,2.1446e-02,2.2164e-02,2.2403e-02,2.2170e-02,2.1479e-02,2.0346e-02,1.8792e-02,1.6839e-02,1.4521e-02,1.1876e-02,8.9525e-03,5.8103e-03,2.5201e-03,-8.3585e-04
8.0118e-03,1.8950e-02,2.9896e-02,4.0767e-02,5.1412e-02,6.1587e-02,7.0952e-02,7.9088e-02,8.5541e-02,8.9890e-02,9.1826e-02,9.1214e-02,8.8106e-02,8.2721e-02,7.5375e-02,6.6410e-02,5.6154e-02,4.4891e-02,3.2868e-02,2.0313e-02,7.4437e-03,-5.5203e-03,-1.8350e-02,-3.0812e-02,-4.2662e-02,-5.3655e-02,-6.3546e-02,-7.2094e-02,-7.9081e-02,-8.4314e-02,-8.7645e-02,-8.8972e-02,-8.8255e-02,-8.5506e-02,-8.0797e-02,-7.4250e-02,-6.6025e-02,-5.6321e-02,-4.5359e-02,-3.3382e-02,-2.0642e-02,-7.4032e-03,6.0646e-03,1.9486e-02,3.2579e-02,4.5061e-02,5.6648e-02,6.7064e-02,7.6043e-02,8.3343e-02,8.8751e-02,9.2095e-02,9.3252e-02,9.2155e-02,8.8795e-02,8.3227e-02,7.5562e-02,6.5974e-02,5.4701e-02,4.2060e-02,2.8483e-02,1.4534e-02,9.3451e-04,-1.1502e-02,-2.1977e-02,-2.9891e-02,-3.4990e-02,-3.7419e-02,-3.7636e-02,-3.6248e-02,-3.3825e-02,-3.0789e-02,-2.7374e-02,-2.3659e-02,-1.9628e-02,-1.5241e-02,-1.0477e-02,-5.3688e-03,3.0845e-06,5.5088e-03,1.0994e-02,1.6293e-02,2.1247e-02,2.5714e-02,2.9573e-02,3.2726e-02,3.5103e-02,3.6653e-02,3.7350e-02,3.7187e-02,3.6176e-02,3.4352e-02,3.1760e-02,2.8470e-02,2.4561e-02,2.0130e-02,1.5284e-02,1.0142e-02,4.8301e-03,-5.1788e-04
7.6704e-03,1.9489e-02,3.1313e-02,4.3045e-02,5.4515e-02,6.5461e-02,7.5526e-02,8.4274e-02,9.1232e-02,9.5958e-02,9.8125e-02,9.7574e-02,9.4349e-02,8.8662e-02,8.0845e-02,7.1267e-02,6.0288e-02,4.8227e-02,3.5363e-02,2.1940e-02,8.1890e-03,-5.6622e-03,-1.9380e-02,-3.2721e-02,-4.5426e-02,-5.7227e-02,-6.7855e-02,-7.7044e-02,-8.4549e-02,-9.0161e-02,-9.3719e-02,-9.5120e-02,-9.4324e-02,-9.1355e-02,-8.6295e-02,-7.9280e-02,-7.0490e-02,-6.0139e-02,-4.8464e-02,-3.5722e-02,-2.2183e-02,-8.1228e-03,6.1766e-03,2.0427e-02,3.4337e-02,4.7611e-02,5.9956e-02,7.1078e-02,8.0698e-02,8.8555e-02,9.4416e-02,9.8089e-02,9.9434e-02,9.8369e-02,9.4882e-02,8.9032e-02,8.0943e-02,7.0808e-02,5.8876e-02,4.5460e-02,3.0940e-02,1.5794e-02,6.2293e-04,-1.3841e-02,-2.6782e-02,-3.7421e-02,-4.5179e-02,-4.9828e-02,-5.1527e-02,-5.0745e-02,-4.8091e-02,-4.4145e-02,-3.9348e-02,-3.3969e-02,-2.8133e-02,-2.1879e-02,-1.5222e-02,-8.1991e-03,-8.9031e-04,6.5756e-03,1.4030e-02,2.1281e-02,2.8128e-02,3.4377e-02,3.9851e-02,4.4397e-02,4.7891e-02,5.0243e-02,5.1391e-02,5.1314e-02,5.0022e-02,4.7559e-02,4.4004e-02,3.9461e-02,3.4059e-02,2.7949e-02,2.1294e-02,1.4270e-02,7.0566e-03,-1.6446e-04
7.1500e-03,1.9581e-02,3.2011e-02,4.4332e-02,5.6364e-02,6.7836e-02,7.8379e-02,8.7551e-02,9.4868e-02,9.9878e-02,1.0224e-01,1.0177e-01,9.8505e-02,9.2648e-02,8.4534e-02,7.4553e-02,6.3093e-02,5.0503e-02,3.7082e-02,2.3094e-02,8.7732e-03,-5.6523e-03,-1.9950e-02,-3.3871e-02,-4.7153e-02,-5.9510e-02,-7.0651e-02,-8.0289e-02,-8.8158e-02,-9.4033e-02,-9.7745e-02,-9.9189e-02,-9.8329e-02,-9.5197e-02,-8.9891e-02,-8.2556e-02,-7.3388e-02,-6.2612e-02,-5.0479e-02,-3.7254e-02,-2.3217e-02,-8.6508e-03,6.1553e-03,2.0910e-02,3.5315e-02,4.9073e-02,6.1883e-02,7.3448e-02,8.3477e-02,9.1698e-02,9.7866e-02,1.0177e-01,1.0327e-01,1.0225e-01,9.8705e-02,9.2688e-02,8.4335e-02,7.3854e-02,6.1516e-02,4.7644e-02,3.2607e-02,1.6825e-02,7.9697e-04,-1.4875e-02,-2.9473e-02,-4.2207e-02,-5.2332e-02,-5.9304e-02,-6.2919e-02,-6.3353e-02,-6.1083e-02,-5.6728e-02,-5.0885e-02,-4.4025e-02,-3.6457e-02,-2.8358e-02,-1.9826e-02,-1.0934e-02,-1.7710e-03,7.5322e-03,1.6803e-02,2.5834e-02,3.4397e-02,4.2260e-02,4.9199e-02,5.5012e-02,5.9531e-02,6.2622e-02,6.4197e-02,6.4215e-02,6.2682e-02,5.9655e-02,5.5233e-02,4.9557e-02,4.2800e-02,3.5161e-02,2.6857e-02,1.8114e-02,9.1622e-03,2.2630e-04
6.4879e-03,1.9253e-02,3.2005e-02,4.4633e-02,5.6953e-02,6.8692e-02,7.9482e-02,8.8878e-02,9.6399e-02,1.0159e-01,1.0409e-01,1.0372e-01,1.0049e-01,9.4593e-02,8.6360e-02,7.6193e-02,6.4501e-02,5.1655e-02,3.7976e-02,2.3736e-02,9.1714e-03,-5.4982e-03,-2.0048e-02,-3.4238e-02,-4.7800e-02,-6.0443e-02,-7.1859e-02,-8.1744e-02,-8.9815e-02,-9.5834e-02,-9.9625e-02,-1.0108e-01,-1.0018e-01,-9.6946e-02,-9.1501e-02,-8.3998e-02,-7.4644e-02,-6.3671e-02,-5.1338e-02,-3.7916e-02,-2.3687e-02,-8.9371e-03,6.0463e-03,2.0970e-02,3.5542e-02,4.9465e-02,6.2439e-02,7.4168e-02,8.4360e-02,9.2740e-02,9.9056e-02,1.0309e-01,1.0468e-01,1.0372e-01,1.0018e-01,9.4123e-02,8.5675e-02,7.5058e-02,6.2563e-02,4.8528e-02,3.3330e-02,1.7369e-02,1.0760e-03,-1.5064e-02,-3.0478e-02,-4.4487e-02,-5.6347e-02,-6.5356e-02,-7.1005e-02,-7.3115e-02,-7.1874e-02,-6.7768e-02,-6.1429e-02,-5.3476e-02,-4.4415e-02,-3.4605e-02,-2.4279e-02,-1.3592e-02,-2.6726e-03,8.3353e-03,1.9256e-02,2.9876e-02,3.9952e-02,4.9226e-02,5.7443e-02,6.4362e-02,6.9776e-02,7.3519e-02,7.5475e-02,7.5587e-02,7.3857e-02,7.0349e-02,6.5181e-02,5.8522e-02,5.0585e-02,4.1609e-02,3.1857e-02,2.1600e-02,1.1110e-02,6.5263e-04
5.7295e-03,1.8544e-02,3.1328e-02,4.3975e-02,5.6303e-02,6.8045e-02,7.8842e-02,8.8259e-02,9.5820e-02,1.0108e-01,1.0367e-01,1.0341e-01,1.0028e-01,9.4459e-02,8.6282e-02,7.6146e-02,6.4472e-02,5.1649e-02,3.8013e-02,2.3839e-02,9.3609e-03,-5.2152e-03,-1.9681e-02,-3.3812e-02,-4.7347e-02,-5.9995e-02,-7.1439e-02,-8.1362e-02,-8.9468e-02,-9.5510e-02,-9.9306e-02,-1.0075e-01,-9.9818e-02,-9.6557e-02,-9.1084e-02,-8.3568e-02,-7.4219e-02,-6.3277e-02,-5.1003e-02,-3.7670e-02,-2.3555e-02,-8.9416e-03,5.8882e-03,2.0650e-02,3.5057e-02,4.8823e-02,6.1657e-02,7.3269e-02,8.3375e-02,9.1702e-02,9.7999e-02,1.0205e-01,1.0368e-01,1.0278e-01,9.9310e-02,9.3324e-02,8.4955e-02,7.4421e-02,6.2021e-02,4.8108e-02,3.3070e-02,1.7307e-02,1.2175e-03,-1.4791e-02,-3.0275e-02,-4.4716e-02,-5.7492e-02,-6.7915e-02,-7.5327e-02,-7.9252e-02,-7.9528e-02,-7.6354e-02,-7.0222e-02,-6.1778e-02,-5.1671e-02,-4.0449e-02,-2.8523e-02,-1.6181e-02,-3.6365e-03,8.9283e-03,2.1321e-02,3.3326e-02,4.4693e-02,5.5155e-02,6.4434e-02,7.2268e-02,7.8422e-02,8.2704e-02,8.4977e-02,8.5173e-02,8.3289e-02,7.9391e-02,7.3615e-02,6.6151e-02,5.7237e-02,4.7151e-02,3.6187e-02,2.4657e-02,1.2865e-02,1.1099e-03
4.9230e-03,1.7501e-02,3.0027e-02,4.2403e-02,5.4459e-02,6.5940e-02,7.6504e-02,8.5731e-02,9.3166e-02,9.8371e-02,1.0099e-01,1.0083e-01,9.7863e-02,9.2249e-02,8.4297e-02,7.4405e-02,6.2998e-02,5.0474e-02,3.7177e-02,2.3386e-02,9.3243e-03,-4.8210e-03,-1.8866e-02,-3.2607e-02,-4.5802e-02,-5.8167e-02,-6.9386e-02,-7.9134e-02,-8.7108e-02,-9.3051e-02,-9.6779e-02,-9.8187e-02,-9.7252e-02,-9.4030e-02,-8.8644e-02,-8.1268e-02,-7.2116e-02,-6.1431e-02,-4.9471e-02,-3.6505e-02,-2.2805e-02,-8.6420e-03,5.7119e-03,1.9984e-02,3.3904e-02,4.7198e-02,5.9592e-02,7.0811e-02,8.0583e-02,8.8645e-02,9.4754e-02,9.8698e-02,1.0030e-01,9.9461e-02,9.6126e-02,9.0338e-02,8.2223e-02,7.1994e-02,5.9948e-02,4.6440e-02,3.1866e-02,1.6629e-02,1.1216e-03,-1.4294e-02,-2.9262e-02,-4.3405e-02,-5.6271e-02,-6.7307e-02,-7.5879e-02,-8.1369e-02,-8.3326e-02,-8.1600e-02,-7.6394e-02,-6.8209e-02,-5.7711e-02,-4.5581e-02,-3.2412e-02,-1.8669e-02,-4.6929e-03,9.2477e-03,2.2923e-02,3.6101e-02,4.8530e-02,5.9940e-02,7.0051e-02,7.8589e-02,8.5304e-02,8.9993e-02,9.2506e-02,9.2765e-02,9.0765e-02,8.6577e-02,8.0342e-02,7.2266e-02,6.2608e-02,5.1664e-02,3.9757e-02,2.7222e-02,1.4392e-02,1.5901e-03
4.1145e-03,1.6174e-02,2.8156e-02,3.9976e-02,5.1484e-02,6.2444e-02,7.2535e-02,8.1366e-02,8.8505e-02,9.3537e-02,9.6123e-02,9.6056e-02,9.3301e-02,8.7999e-02,8.0437e-02,7.0997e-02,6.0098e-02,4.8142e-02,3.5476e-02,2.2375e-02,9.0488e-03,-4.3365e-03,-1.7629e-02,-3.0654e-02,-4.3199e-02,-5.4994e-02,-6.5734e-02,-7.5095e-02,-8.2768e-02,-8.8494e-02,-9.2085e-02,-9.3434e-02,-9.2523e-02,-8.9411e-02,-8.4224e-02,-7.7141e-02,-6.8375e-02,-5.8167e-02,-4.6770e-02,-3.4442e-02,-2.1444e-02,-8.0347e-03,5.5315e-03,1.9001e-02,3.2123e-02,4.4645e-02,5.6312e-02,6.6872e-02,7.6072e-02,8.3667e-02,8.9429e-02,9.3154e-02,9.4678e-02,9.3889e-02,9.0742e-02,8.5266e-02,7.7577e-02,6.7876e-02,5.6442e-02,4.3624e-02,2.9811e-02,1.5406e-02,7.9710e-04,-1.3669e-02,-2.7688e-02,-4.0980e-02,-5.3245e-02,-6.4105e-02,-7.3068e-02,-7.9550e-02,-8.2964e-02,-8.2877e-02,-7.9143e-02,-7.1971e-02,-6.1873e-02,-4.9536e-02,-3.5680e-02,-2.0942e-02,-5.8377e-03,9.2401e-03,2.3978e-02,3.8108e-02,5.1367e-02,6.3486e-02,7.4191e-02,8.3212e-02,9.0302e-02,9.5252e-02,9.7915e-02,9.8209e-02,9.6130e-02,9.1750e-02,8.5214e-02,7.6734e-02,6.6577e-02,5.5051e-02,4.2490e-02,2.9244e-02,1.5662e-02,2.0835e-03
3.3416e-03,1.4610e-02,2.5770e-02,3.6761e-02,4.7454e-02,5.7640e-02,6.7028e-02,7.5260e-02,8.1938e-02,8.6676e-02,8.9153e-02,8.9168e-02,8.6673e-02,8.1787e-02,7.4768e-02,6.5978e-02,5.5821e-02,4.4691e-02,3.2932e-02,2.0814e-02,8.5286e-03,-3.7835e-03,-1.6005e-02,-2.8003e-02,-3.9594e-02,-5.0542e-02,-6.0556e-02,-6.9320e-02,-7.6530e-02,-8.1922e-02,-8.5309e-02,-8.6581e-02,-8.5722e-02,-8.2792e-02,-7.7917e-02,-7.1274e-02,-6.3077e-02,-5.3558e-02,-4.2960e-02,-3.1529e-02,-1.9509e-02,-7.1390e-03,5.3466e-03,1.7719e-02,2.9752e-02,4.1219e-02,5.1894e-02,6.1548e-02,6.9958e-02,7.6899e-02,8.2165e-02,8.5568e-02,8.6957e-02,8.6222e-02,8.3317e-02,7.8266e-02,7.1168e-02,6.2206e-02,5.1637e-02,3.9787e-02,2.7027e-02,1.3746e-02,3.2213e-04,-1.2907e-02,-2.5662e-02,-3.7719e-02,-4.8882e-02,-5.8928e-02,-6.7546e-02,-7.4298e-02,-7.8636e-02,-7.9996e-02,-7.7953e-02,-7.2366e-02,-6.3449e-02,-5.1729e-02,-3.7923e-02,-2.2785e-02,-6.9981e-03,8.8790e-03,2.4411e-02,3.9251e-02,5.3105e-02,6.5698e-02,7.6766e-02,8.6053e-02,9.3327e-02,9.8393e-02,1.0111e-01,1.0141e-01,9.9282e-02,9.4808e-02,8.8130e-02,7.9460e-02,6.9059e-02,5.7235e-02,4.4324e-02,3.0675e-02,1.6643e-02,2.5747e-03
2.6283e-03,1.2847e-02,2.2924e-02,3.2826e-02,4.2451e-02,5.1624e-02,6.0091e-02,6.7531e-02,7.3590e-02,7.7916e-02,8.0216e-02,8.0295e-02,7.8099e-02,7.3722e-02,6.7392e-02,5.9438e-02,5.0241e-02,4.0180e-02,2.9590e-02,1.8727e-02,7.7655e-03,-3.1832e-03,-1.4040e-02,-2.4716e-02,-3.5073e-02,-4.4908e-02,-5.3960e-02,-6.1929e-02,-6.8517e-02,-7.3467e-02,-7.6585e-02,-7.7765e-02,-7.6987e-02,-7.4308e-02,-6.9854e-02,-6.3796e-02,-5.6341e-02,-4.7711e-02,-3.8136e-02,-2.7844e-02,-1.7058e-02,-5.9941e-03,5.1406e-03,1.6146e-02,2.6824e-02,3.6981e-02,4.6422e-02,5.4950e-02,6.2373e-02,6.8497e-02,7.3139e-02,7.6132e-02,7.7341e-02,7.6665e-02,7.4059e-02,6.9538e-02,6.3186e-02,5.5162e-02,4.5694e-02,3.5077e-02,2.3649e-02,1.1771e-02,-2.0150e-04,-1.1945e-02,-2.3196e-02,-3.3759e-02,-4.3498e-02,-5.2297e-02,-6.0001e-02,-6.6353e-02,-7.0953e-02,-7.3274e-02,-7.2766e-02,-6.9006e-02,-6.1862e-02,-5.1558e-02,-3.8643e-02,-2.3863e-02,-8.0088e-03,8.1999e-03,2.4170e-02,3.9440e-02,5.3643e-02,6.6483e-02,7.7696e-02,8.7047e-02,9.4327e-02,9.9369e-02,1.0205e-01,1.0232e-01,1.0018e-01,9.5704e-02,8.9041e-02,8.0391e-02,7.0003e-02,5.8171e-02,4.5217e-02,3.1481e-02,1.7311e-02,3.0490e-03
1.9840e-03,1.0914e-02,1.9667e-02,2.8240e-02,3.6566e-02,4.4506e-02,5.1848e-02,5.8320e-02,6.3612e-02,6.7417e-02,6.9472e-02,6.9598e-02,6.7735e-02,6.3951e-02,5.8440e-02,5.1494e-02,4.3459e-02,3.4692e-02,2.5509e-02,1.6150e-02,6.7687e-03,-2.5550e-03,-1.1784e-02,-2.0874e-02,-2.9739e-02,-3.8220e-02,-4.6091e-02,-5.3078e-02,-5.8900e-02,-6.3301e-02,-6.6093e-02,-6.7167e-02,-6.6496e-02,-6.4137e-02,-6.0206e-02,-5.4869e-02,-4.8319e-02,-4.0766e-02,-3.2420e-02,-2.3489e-02,-1.4172e-02,-4.6552e-03,4.8847e-03,1.4280e-02,2.3367e-02,3.1988e-02,3.9985e-02,4.7200e-02,5.3470e-02,5.8639e-02,6.2552e-02,6.5067e-02,6.6067e-02,6.5463e-02,6.3211e-02,5.9319e-02,5.3854e-02,4.6948e-02,3.8798e-02,2.9653e-02,1.9812e-02,9.5942e-03,-6.7898e-04,-1.0712e-02,-2.0260e-02,-2.9149e-02,-3.7271e-02,-4.4571e-02,-5.1003e-02,-5.6463e-02,-6.0728e-02,-6.3416e-02,-6.4009e-02,-6.1958e-02,-5.6852e-02,-4.8565e-02,-3.7344e-02,-2.3764e-02,-8.6016e-03,7.3224e-03,2.3263e-02,3.8609e-02,5.2890e-02,6.5748e-02,7.6905e-02,8.6139e-02,9.3272e-02,9.8167e-02,1.0074e-01,1.0095e-01,9.8822e-02,9.4443e-02,8.7947e-02,7.9520e-02,6.9394e-02,5.7837e-02,4.5146e-02,3.1638e-02,1.7643e-02,3.4908e-03
1.4017e-03,8.8301e-03,1.6043e-02,2.3073e-02,2.9892e-02,3.6403e-02,4.2442e-02,4.7786e-02,5.2182e-02,5.5369e-02,5.7120e-02,5.7278e-02,5.5776e-02,5.2659e-02,4.8083e-02,4.2296e-02,3.5605e-02,2.8332e-02,2.0768e-02,1.3132e-02,5.5542e-03,-1.9183e-03,-9.2887e-03,-1.6566e-02,-2.3714e-02,-3.0629e-02,-3.7127e-02,-4.2966e-02,-4.7886e-02,-5.1646e-02,-5.4058e-02,-5.5011e-02,-5.4474e-02,-5.2496e-02,-4.9183e-02,-4.4689e-02,-3.9193e-02,-3.2886e-02,-2.5957e-02,-1.8588e-02,-1.0947e-02,-3.1908e-03,4.5404e-03,1.2115e-02,1.9409e-02,2.6306e-02,3.2685e-02,3.8429e-02,4.3415e-02,4.7522e-02,5.0627e-02,5.2619e-02,5.3397e-02,5.2886e-02,5.1045e-02,4.7873e-02,4.3420e-02,3.7789e-02,3.1139e-02,2.3675e-02,1.5643e-02,7.3137e-03,-1.0396e-03,-9.1610e-03,-1.6836e-02,-2.3910e-02,-3.0297e-02,-3.5974e-02,-4.0954e-02,-4.5239e-02,-4.8754e-02,-5.1287e-02,-5.2455e-02,-5.1736e-02,-4.8584e-02,-4.2595e-02,-3.3667e-02,-2.2077e-02,-8.4306e-03,6.4695e-03,2.1783e-02,3.6757e-02,5.0785e-02,6.3417e-02,7.4327e-02,8.3289e-02,9.0147e-02,9.4801e-02,9.7200e-02,9.7342e-02,9.5271e-02,9.1078e-02,8.4892e-02,7.6882e-02,6.7254e-02,5.6243e-02,4.4109e-02,3.1137e-02,1.7626e-02,3.8830e-03
8.6215e-04,6.6062e-03,1.2094e-02,1.7399e-02,2.2533e-02,2.7448e-02,3.2030e-02,3.6115e-02,3.9505e-02,4.1995e-02,4.3396e-02,4.3573e-02,4.2456e-02,4.0069e-02,3.6526e-02,3.2028e-02,2.6834e-02,2.1226e-02,1.5462e-02,9.7345e-03,4.1462e-03,-1.2890e-03,-6.6154e-03,-1.1892e-02,-1.7141e-02,-2.2312e-02,-2.7272e-02,-3.1821e-02,-3.5724e-02,-3.8758e-02,-4.0741e-02,-4.1560e-02,-4.1180e-02,-3.9636e-02,-3.7025e-02,-3.3483e-02,-2.9172e-02,-2.4258e-02,-1.8908e-02,-1.3273e-02,-7.4892e-03,-1.6741e-03,4.0681e-03,9.6486e-03,1.4985e-02,2.0004e-02,2.4630e-02,2.8785e-02,3.2390e-02,3.5361e-02,3.7611e-02,3.9053e-02,3.9611e-02,3.9222e-02,3.7846e-02,3.5476e-02,3.2142e-02,2.7916e-02,2.2915e-02,1.7299e-02,1.1255e-02,4.9999e-03,-1.2499e-03,-7.2882e-03,-1.2942e-02,-1.8086e-02,-2.2657e-02,-2.6654e-02,-3.0118e-02,-3.3113e-02,-3.5662e-02,-3.7696e-02,-3.8988e-02,-3.9138e-02,-3.7615e-02,-3.3872e-02,-2.7528e-02,-1.8513e-02,-7.1433e-03,5.9441e-03,1.9930e-02,3.3974e-02,4.7341e-02,5.9458e-02,6.9923e-02,7.8473e-02,8.4960e-02,8.9309e-02,9.1508e-02,9.1588e-02,8.9620e-02,8.5702e-02,7.9963e-02,7.2550e-02,6.3640e-02,5.3425e-02,4.2126e-02,2.9982e-02,1.7252e-02,4.2120e-03
3.3949e-04,4.2518e-03,7.8670e-03,1.1298e-02,1.4605e-02,1.7790e-02,2.0795e-02,2.3518e-02,2.5821e-02,2.7555e-02,2.8573e-02,2.8761e-02,2.8052e-02,2.6443e-02,2.4011e-02,2.0904e-02,1.7330e-02,1.3523e-02,9.7033e-03,6.0290e-03,2.5738e-03,-6.8158e-04,-3.8232e-03,-6.9600e-03,-1.0170e-02,-1.3462e-02,-1.6757e-02,-1.9901e-02,-2.2693e-02,-2.4930e-02,-2.6441e-02,-2.7114e-02,-2.6905e-02,-2.5840e-02,-2.3999e-02,-2.1500e-02,-1.8481e-02,-1.5085e-02,-1.1448e-02,-7.6892e-03,-3.9062e-03,-1.7834e-04,3.4341e-03,6.8856e-03,1.0141e-02,1.3171e-02,1.5946e-02,1.8434e-02,2.0597e-02,2.2390e-02,2.3760e-02,2.4650e-02,2.5004e-02,2.4770e-02,2.3912e-02,2.2412e-02,2.0279e-02,1.7555e-02,1.4315e-02,1.0665e-02,6.7420e-03,2.6964e-03,-1.3134e-03,-5.1381e-03,-8.6534e-03,-1.1775e-02,-1.4468e-02,-1.6752e-02,-1.8692e-02,-2.0379e-02,-2.1896e-02,-2.3265e-02,-2.4392e-02,-2.5020e-02,-2.4720e-02,-2.2943e-02,-1.9156e-02,-1.3009e-02,-4.4785e-03,6.0782e-03,1.8001e-02,3.0469e-02,4.2671e-02,5.3920e-02,6.3706e-02,7.1706e-02,7.7742e-02,8.1751e-02,8.3749e-02,8.3799e-02,8.1993e-02,7.8447e-02,7.3282e-02,6.6632e-02,5.8636e-02,4.9447e-02,3.9235e-02,2.8190e-02,1.6523e-02,4.4680e-03
-1.9307e-04,1.7807e-03,3.4143e-03,4.8649e-03,6.2420e-03,7.5999e-03,8.9450e-03,1.0236e-02,1.1400e-02,1.2342e-02,1.2960e-02,1.3160e-02,1.2876e-02,1.2082e-02,1.0813e-02,9.1692e-03,7.3016e-03,5.3933e-03,3.6175e-03,2.0984e-03,8.7404e-04,-1.0847e-04,-9.7555e-04,-1.8831e-03,-2.9650e-03,-4.2879e-03,-5.8297e-03,-7.4864e-03,-9.0958e-03,-1.0481e-02,-1.1486e-02,-1.1999e-02,-1.1971e-02,-1.1417e-02,-1.0396e-02,-9.0070e-03,-7.3627e-03,-5.5785e-03,-3.7556e-03,-1.9777e-03,-3.0301e-04,1.2324e-03,2.6145e-03,3.8454e-03,4.9373e-03,5.9092e-03,6.7785e-03,7.5585e-03,8.2533e-03,8.8572e-03,9.3499e-03,9.7028e-03,9.8782e-03,9.8361e-03,9.5386e-03,8.9590e-03,8.0848e-03,6.9252e-03,5.5123e-03,3.9035e-03,2.1758e-03,4.2080e-04,-1.2660e-03,-2.7942e-03,-4.0944e-03,-5.1286e-03,-5.8986e-03,-6.4505e-03,-6.8704e-03,-7.2702e-03,-7.7630e-03,-8.4255e-03,-9.2521e-03,-1.0105e-02,-1.0680e-02,-1.0510e-02,-9.0403e-03,-5.7547e-03,-3.4917e-04,7.1459e-03,1.6339e-02,2.6562e-02,3.7023e-02,4.6966e-02,5.5785e-02,6.3063e-02,6.8568e-02,7.2221e-02,7.4039e-02,7.4109e-02,7.2543e-02,6.9467e-02,6.5001e-02,5.9262e-02,5.2358e-02,4.4397e-02,3.5499e-02,2.5798e-02,1.5452e-02,4.6455e-03
-7.5197e-04,-7.8213e-04,-1.1962e-03,-1.7901e-03,-2.4047e-03,-2.9260e-03,-3.2865e-03,-3.4597e-03,-3.4561e-03,-3.3160e-03,-3.0999e-03,-2.8818e-03,-2.7287e-03,-2.6862e-03,-2.7606e-03,-2.9036e-03,-3.0189e-03,-2.9769e-03,-2.6530e-03,-1.9654e-03,-9.1194e-04,4.1992e-04,1.8648e-03,3.2224e-03,4.3067e-03,4.9941e-03,5.2506e-03,5.1280e-03,4.7451e-03,4.2481e-03,3.7775e-03,3.4372e-03,3.2809e-03,3.3094e-03,3.4778e-03,3.7138e-03,3.9304e-03,4.0454e-03,3.9896e-03,3.7215e-03,3.2238e-03,2.5067e-03,1.6042e-03,5.6740e-04,-5.4129e-04,-1.6532e-03,-2.7043e-03,-3.6355e-03,-4.4010e-03,-4.9708e-03,-5.3316e-03,-5.4877e-03,-5.4588e-03,-5.2769e-03,-4.9804e-03,-4.6091e-03,-4.1968e-03,-3.7680e-03,-3.3301e-03,-2.8773e-03,-2.3889e-03,-1.8314e-03,-1.1693e-03,-3.7386e-04,5.7010e-04,1.6516e-03,2.8270e-03,4.0169e-03,5.1105e-03,5.9766e-03,6.4803e-03,6.5129e-03,6.0281e-03,5.0818e-03,3.8717e-03,2.7566e-03,2.2367e-03,2.8705e-03,5.1399e-03,9.2994e-03,1.5271e-02,2.2642e-02,3.0763e-02,3.8900e-02,4.6387e-02,5.2720e-02,5.7587e-02,6.0856e-02,6.2527e-02,6.2681e-02,6.1442e-02,5.8939e-02,5.5292e-02,5.0599e-02,4.4940e-02,3.8383e-02,3.0995e-02,2.2855e-02,1.4062e-02,4.7466e-03
-1.3396e-03,-3.3952e-03,-5.8772e-03,-8.5358e-03,-1.1158e-02,-1.3569e-02,-1.5638e-02,-1.7271e-02,-1.8416e-02,-1.9063e-02,-1.9236e-02,-1.8988e-02,-1.8390e-02,-1.7509e-02,-1.6386e-02,-1.5024e-02,-1.3381e-02,-1.1383e-02,-8.9556e-03,-6.0619e-03,-2.7366e-03,8.9645e-04,4.6362e-03,8.2399e-03,1.1475e-02,1.4165e-02,1.6220e-02,1.7640e-02,1.8498e-02,1.8907e-02,1.8987e-02,1.8832e-02,1.8498e-02,1.7998e-02,1.7306e-02,1.6374e-02,1.5145e-02,1.3568e-02,1.1613e-02,9.2785e-03,6.5915e-03,3.6097e-03,4.1642e-04,-2.8860e-03,-6.1853e-03,-9.3637e-03,-1.2309e-02,-1.4919e-02,-1.7109e-02,-1.8811e-02,-1.9985e-02,-2.0612e-02,-2.0697e-02,-2.0265e-02,-1.9359e-02,-1.8030e-02,-1.6335e-02,-1.4331e-02,-1.2066e-02,-9.5817e-03,-6.9100e-03,-4.0744e-03,-1.0987e-03,1.9919e-03,5.1575e-03,8.3392e-03,1.1449e-02,1.4372e-02,1.6970e-02,1.9088e-02,2.0570e-02,2.1284e-02,2.1152e-02,2.0177e-02,1.8482e-02,1.6329e-02,1.4133e-02,1.2421e-02,1.1744e-02,1.2548e-02,1.5040e-02,1.9110e-02,2.4349e-02,3.0156e-02,3.5884e-02,4.0977e-02,4.5042e-02,4.7869e-02,4.9406e-02,4.9707e-02,4.8882e-02,4.7057e-02,4.4341e-02,4.0817e-02,3.6538e-02,3.1534e-02,2.5822e-02,1.9426e-02,1.2388e-02,4.7812e-03
-1.9371e-03,-5.9958e-03,-1.0521e-02,-1.5218e-02,-1.9818e-02,-2.4086e-02,-2.7824e-02,-3.0874e-02,-3.3128e-02,-3.4525e-02,-3.5060e-02,-3.4769e-02,-3.3727e-02,-3.2019e-02,-2.9724e-02,-2.6890e-02,-2.3526e-02,-1.9615e-02,-1.5131e-02,-1.0084e-02,-4.5484e-03,1.3176e-03,7.2791e-03,1.3056e-02,1.8374e-02,2.3009e-02,2.6817e-02,2.9748e-02,3.1831e-02,3.3143e-02,3.3777e-02,3.3818e-02,3.3320e-02,3.2306e-02,3.0769e-02,2.8686e-02,2.6027e-02,2.2779e-02,1.8948e-02,1.4575e-02,9.7324e-03,4.5252e-03,-9.1320e-04,-6.4298e-03,-1.1863e-02,-1.7046e-02,-2.1821e-02,-2.6044e-02,-2.9592e-02,-3.2367e-02,-3.4301e-02,-3.5356e-02,-3.5524e-02,-3.4828e-02,-3.3314e-02,-3.1047e-02,-2.8107e-02,-2.4581e-02,-2.0557e-02,-1.6120e-02,-1.1352e-02,-6.3289e-03,-1.1274e-03,4.1747e-03,9.4864e-03,1.4704e-02,1.9698e-02,2.4319e-02,2.8398e-02,3.1752e-02,3.4205e-02,3.5604e-02,3.5845e-02,3.4895e-02,3.2823e-02,2.9822e-02,2.6224e-02,2.2490e-02,1.9165e-02,1.6791e-02,1.5783e-02,1.6315e-02,1.8268e-02,2.1267e-02,2.4784e-02,2.8276e-02,3.1299e-02,3.3564e-02,3.4939e-02,3.5422e-02,3.5085e-02,3.4028e-02,3.2345e-02,3.0098e-02,2.7314e-02,2.3985e-02,2.0086e-02,1.5589e-02,1.0477e-02,4.7652e-03
-2.5027e-03,-8.4997e-03,-1.5001e-02,-2.1666e-02,-2.8170e-02,-3.4216e-02,-3.9544e-02,-4.3934e-02,-4.7225e-02,-4.9318e-02,-5.0176e-02,-4.9828e-02,-4.8352e-02,-4.5852e-02,-4.2436e-02,-3.8197e-02,-3.3194e-02,-2.7458e-02,-2.1018e-02,-1.3925e-02,-6.2943e-03,1.6828e-03,9.7396e-03,1.7565e-02,2.4846e-02,3.1317e-02,3.6789e-02,4.1163e-02,4.4425e-02,4.6612e-02,4.7793e-02,4.8035e-02,4.7393e-02,4.5896e-02,4.3553e-02,4.0364e-02,3.6331e-02,3.1474e-02,2.5838e-02,1.9506e-02,1.2593e-02,5.2539e-03,-2.3312e-03,-9.9600e-03,-1.7421e-02,-2.4504e-02,-3.1006e-02,-3.6745e-02,-4.1562e-02,-4.5332e-02,-4.7962e-02,-4.9400e-02,-4.9628e-02,-4.8667e-02,-4.6568e-02,-4.3410e-02,-3.9295e-02,-3.4339e-02,-2.8665e-02,-2.2401e-02,-1.5671e-02,-8.6006e-03,-1.3141e-03,6.0631e-03,1.3396e-02,2.0538e-02,2.7324e-02,3.3571e-02,3.9081e-02,4.3644e-02,4.7063e-02,4.9161e-02,4.9809e-02,4.8950e-02,4.6610e-02,4.2932e-02,3.8177e-02,3.2737e-02,2.7114e-02,2.1870e-02,1.7541e-02,1.4522e-02,1.2976e-02,1.2807e-02,1.3690e-02,1.5188e-02,1.6860e-02,1.8360e-02,1.9476e-02,2.0122e-02,2.0307e-02,2.0085e-02,1.9515e-02,1.8632e-02,1.7433e-02,1.5879e-02,1.3902e-02,1.1427e-02,8.3805e-03,4.7220e-03
-2.9744e-03,-1.0805e-02,-1.9175e-02,-2.7693e-02,-3.5983e-02,-4.3688e-02,-5.0487e-02,-5.6107e-02,-6.0342e-02,-6.3056e-02,-6.4196e-02,-6.3780e-02,-6.1891e-02,-5.8650e-02,-5.4194e-02,-4.8653e-02,-4.2129e-02,-3.4705e-02,-2.6455e-02,-1.7475e-02,-7.9172e-03,1.9956e-03,1.1970e-02,2.1666e-02,3.0744e-02,3.8899e-02,4.5903e-02,5.1615e-02,5.5976e-02,5.8990e-02,6.0694e-02,6.1142e-02,6.0379e-02,5.8442e-02,5.5353e-02,5.1137e-02,4.5822e-02,3.9462e-02,3.2141e-02,2.3978e-02,1.5136e-02,5.8116e-03,-3.7684e-03,-1.3356e-02,-2.2695e-02,-3.1529e-02,-3.9620e-02,-4.6747e-02,-5.2722e-02,-5.7394e-02,-6.0650e-02,-6.2427e-02,-6.2698e-02,-6.1485e-02,-5.8844e-02,-5.4869e-02,-4.9682e-02,-4.3423e-02,-3.6248e-02,-2.8322e-02,-1.9809e-02,-1.0877e-02,-1.6913e-03,7.5799e-03,1.6763e-02,2.5674e-02,3.4117e-02,4.1878e-02,4.8734e-02,5.4453e-02,5.8813e-02,6.1618e-02,6.2717e-02,6.2025e-02,5.9539e-02,5.5357e-02,4.9688e-02,4.2859e-02,3.5314e-02,2.7592e-02,2.0272e-02,1.3893e-02,8.8506e-03,5.3241e-03,3.2506e-03,2.3744e-03,2.3408e-03,2.7976e-03,3.4673e-03,4.1801e-03,4.8589e-03,5.4892e-03,6.0761e-03,6.6152e-03,7.0684e-03,7.3609e-03,7.3870e-03,7.0251e-03,6.1553e-03,4.6775e-03
-3.2750e-03,-1.2802e-02,-2.2891e-02,-3.3109e-02,-4.3026e-02,-5.2231e-02,-6.0349e-02,-6.7061e-02,-7.2122e-02,-7.5374e-02,-7.6747e-02,-7.6257e-02,-7.3989e-02,-7.0081e-02,-6.4692e-02,-5.7982e-02,-5.0097e-02,-4.1161e-02,-3.1293e-02,-2.0633e-02,-9.3640e-03,2.2626e-03,1.3930e-02,2.5277e-02,3.5939e-02,4.5585e-02,5.3952e-02,6.0860e-02,6.6214e-02,6.9980e-02,7.2171e-02,7.2819e-02,7.1964e-02,6.9642e-02,6.5891e-02,6.0752e-02,5.4283e-02,4.6568e-02,3.7725e-02,2.7914e-02,1.7334e-02,6.2237e-03,-5.1472e-03,-1.6491e-02,-2.7509e-02,-3.7909e-02,-4.7414e-02,-5.5776e-02,-6.2776e-02,-6.8245e-02,-7.2053e-02,-7.4124e-02,-7.4430e-02,-7.2991e-02,-6.9871e-02,-6.5176e-02,-5.9045e-02,-5.1641e-02,-4.3148e-02,-3.3762e-02,-2.3682e-02,-1.3112e-02,-2.2525e-03,8.6909e-03,1.9513e-02,2.9997e-02,3.9919e-02,4.9043e-02,5.7121e-02,6.3905e-02,6.9155e-02,7.2653e-02,7.4229e-02,7.3777e-02,7.1266e-02,6.6760e-02,6.0423e-02,5.2529e-02,4.3462e-02,3.3710e-02,2.3848e-02,1.4476e-02,6.1509e-03,-7.1365e-04,-5.9122e-03,-9.4606e-03,-1.1553e-02,-1.2477e-02,-1.2526e-02,-1.1939e-02,-1.0882e-02,-9.4539e-03,-7.7219e-03,-5.7470e-03,-3.6125e-03,-1.4321e-03,6.4926e-04,2.4650e-03,3.8507e-03,4.6542e-03
-3.3243e-03,-1.4377e-02,-2.6004e-02,-3.7730e-02,-4.9078e-02,-5.9587e-02,-6.8839e-02,-7.6479e-02,-8.2234e-02,-8.5931e-02,-8.7491e-02,-8.6927e-02,-8.4330e-02,-7.9846e-02,-7.3654e-02,-6.5941e-02,-5.6885e-02,-4.6652e-02,-3.5400e-02,-2.3305e-02,-1.0581e-02,2.4944e-03,1.5590e-02,2.8328e-02,4.0325e-02,5.1232e-02,6.0758e-02,6.8692e-02,7.4903e-02,7.9329e-02,8.1953e-02,8.2790e-02,8.1869e-02,7.9228e-02,7.4913e-02,6.8983e-02,6.1520e-02,5.2636e-02,4.2480e-02,3.1245e-02,1.9168e-02,6.5207e-03,-6.3896e-03,-1.9240e-02,-3.1698e-02,-4.3438e-02,-5.4154e-02,-6.3569e-02,-7.1446e-02,-7.7593e-02,-8.1871e-02,-8.4195e-02,-8.4532e-02,-8.2904e-02,-7.9383e-02,-7.4084e-02,-6.7160e-02,-5.8795e-02,-4.9195e-02,-3.8580e-02,-2.7180e-02,-1.5226e-02,-2.9513e-03,9.4093e-03,2.1622e-02,3.3446e-02,4.4633e-02,5.4929e-02,6.4068e-02,7.1787e-02,7.7833e-02,8.1974e-02,8.4025e-02,8.3860e-02,8.1429e-02,7.6768e-02,7.0006e-02,6.1371e-02,5.1192e-02,3.9901e-02,2.8028e-02,1.6177e-02,4.9813e-03,-4.9820e-03,-1.3272e-02,-1.9649e-02,-2.4090e-02,-2.6743e-02,-2.7849e-02,-2.7676e-02,-2.6456e-02,-2.4379e-02,-2.1593e-02,-1.8232e-02,-1.4435e-02,-1.0365e-02,-6.2119e-03,-2.1825e-03,1.5096e-03,4.6639e-03
-3.0513e-03,-1.5431e-02,-2.8382e-02,-4.1391e-02,-5.3939e-02,-6.5525e-02,-7.5699e-02,-8.4082e-02,-9.0387e-02,-9.4431e-02,-9.6132e-02,-9.5503e-02,-9.2638e-02,-8.7689e-02,-8.0848e-02,-7.2322e-02,-6.2317e-02,-5.1032e-02,-3.8661e-02,-2.5411e-02,-1.1525e-02,2.7034e-03,1.6928e-02,3.0765e-02,4.3821e-02,5.5729e-02,6.6181e-02,7.4943e-02,8.1855e-02,8.6827e-02,8.9817e-02,9.0822e-02,8.9862e-02,8.6972e-02,8.2205e-02,7.5636e-02,6.7365e-02,5.7529e-02,4.6305e-02,3.3916e-02,2.0623e-02,6.7326e-03,-7.4221e-03,-2.1489e-02,-3.5110e-02,-4.7932e-02,-5.9624e-02,-6.9890e-02,-7.8474e-02,-8.5172e-02,-8.9833e-02,-9.2364e-02,-9.2733e-02,-9.0964e-02,-8.7130e-02,-8.1357e-02,-7.3809e-02,-6.4684e-02,-5.4207e-02,-4.2617e-02,-3.0166e-02,-1.7111e-02,-3.7064e-03,9.7876e-03,2.3115e-02,3.6013e-02,4.8219e-02,5.9460e-02,6.9460e-02,7.7946e-02,8.4655e-02,8.9349e-02,9.1831e-02,9.1964e-02,8.9684e-02,8.5008e-02,7.8038e-02,6.8969e-02,5.8082e-02,4.5752e-02,3.2449e-02,1.8737e-02,5.2504e-03,-7.3539e-03,-1.8471e-02,-2.7637e-02,-3.4584e-02,-3.9262e-02,-4.1787e-02,-4.2388e-02,-4.1323e-02,-3.8850e-02,-3.5200e-02,-3.0583e-02,-2.5212e-02,-1.9307e-02,-1.3106e-02,-6.8660e-03,-8.4681e-04,4.7018e-03
-2.4095e-03,-1.5892e-02,-2.9924e-02,-4.3958e-02,-5.7443e-02,-6.9852e-02,-8.0715e-02,-8.9640e-02,-9.6339e-02,-1.0063e-01,-1.0243e-01,-1.0175e-01,-9.8693e-02,-9.3406e-02,-8.6089e-02,-7.6963e-02,-6.6253e-02,-5.4187e-02,-4.0988e-02,-2.6891e-02,-1.2158e-02,2.9015e-03,1.7935e-02,3.2555e-02,4.6367e-02,5.8996e-02,7.0123e-02,7.9495e-02,8.6932e-02,9.2318e-02,9.5594e-02,9.6738e-02,9.5760e-02,9.2693e-02,8.7595e-02,8.0552e-02,7.1681e-02,6.1138e-02,4.9122e-02,3.5876e-02,2.1688e-02,6.8819e-03,-8.1872e-03,-2.3147e-02,-3.7620e-02,-5.1235e-02,-6.3646e-02,-7.4540e-02,-8.3648e-02,-9.0755e-02,-9.5705e-02,-9.8399e-02,-9.8803e-02,-9.6939e-02,-9.2888e-02,-8.6779e-02,-7.8786e-02,-6.9115e-02,-5.8006e-02,-4.5710e-02,-3.2497e-02,-1.8639e-02,-4.4115e-03,9.9090e-03,2.4049e-02,3.7731e-02,5.0678e-02,6.2607e-02,7.3237e-02,8.2287e-02,8.9490e-02,9.4607e-02,9.7437e-02,9.7839e-02,9.5740e-02,9.1148e-02,8.4149e-02,7.4913e-02,6.3687e-02,5.0797e-02,3.6650e-02,2.1743e-02,6.6603e-03,-7.9440e-03,-2.1394e-02,-3.3066e-02,-4.2479e-02,-4.9352e-02,-5.3614e-02,-5.5377e-02,-5.4864e-02,-5.2353e-02,-4.8137e-02,-4.2501e-02,-3.5732e-02,-2.8115e-02,-1.9950e-02,-1.1547e-02,-3.2164e-03,4.7384e-03
-1.3903e-03,-1.5727e-02,-3.0569e-02,-4.5342e-02,-5.9474e-02,-7.2426e-02,-8.3722e-02,-9.2978e-02,-9.9909e-02,-1.0434e-01,-1.0620e-01,-1.0550e-01,-1.0234e-01,-9.6850e-02,-8.9247e-02,-7.9749e-02,-6.8599e-02,-5.6041e-02,-4.2323e-02,-2.7702e-02,-1.2457e-02,3.0978e-03,1.8604e-02,3.3679e-02,4.7931e-02,6.0987e-02,7.2523e-02,8.2274e-02,9.0045e-02,9.5703e-02,9.9172e-02,1.0042e-01,9.9437e-02,9.6264e-02,9.0960e-02,8.3618e-02,7.4367e-02,6.3378e-02,5.0865e-02,3.7088e-02,2.2346e-02,6.9800e-03,-8.6466e-03,-2.4149e-02,-3.9139e-02,-5.3238e-02,-6.6088e-02,-7.7368e-02,-8.6804e-02,-9.4171e-02,-9.9308e-02,-1.0211e-01,-1.0255e-01,-1.0064e-01,-9.6472e-02,-9.0170e-02,-8.1914e-02,-7.1920e-02,-6.0430e-02,-4.7708e-02,-3.4032e-02,-1.9686e-02,-4.9579e-03,9.8653e-03,2.4497e-02,3.8651e-02,5.2041e-02,6.4379e-02,7.5380e-02,8.4763e-02,9.2264e-02,9.7645e-02,1.0071e-01,1.0131e-01,9.9390e-02,9.4938e-02,8.8043e-02,7.8858e-02,6.7608e-02,5.4581e-02,4.0133e-02,2.4684e-02,8.7425e-03,-7.1042e-03,-2.2196e-02,-3.5852e-02,-4.7443e-02,-5.6479e-02,-6.2672e-02,-6.5946e-02,-6.6410e-02,-6.4302e-02,-5.9925e-02,-5.3620e-02,-4.5734e-02,-3.6623e-02,-2.6653e-02,-1.6196e-02,-5.6194e-03,4.7163e-03
-3.5271e-05,-1.4953e-02,-3.0305e-02,-4.5503e-02,-5.9967e-02,-7.3162e-02,-8.4624e-02,-9.3988e-02,-1.0099e-01,-1.0546e-01,-1.0735e-01,-1.0666e-01,-1.0347e-01,-9.7940e-02,-9.0247e-02,-8.0620e-02,-6.9305e-02,-5.6557e-02,-4.2641e-02,-2.7828e-02,-1.2409e-02,3.2955e-03,1.8935e-02,3.4133e-02,4.8506e-02,6.1690e-02,7.3362e-02,8.3254e-02,9.1161e-02,9.6941e-02,1.0050e-01,1.0180e-01,1.0083e-01,9.7618e-02,9.2230e-02,8.4765e-02,7.5359e-02,6.4193e-02,5.1490e-02,3.7516e-02,2.2580e-02,7.0226e-03,-8.7876e-03,-2.4465e-02,-3.9622e-02,-5.3878e-02,-6.6875e-02,-7.8289e-02,-8.7842e-02,-9.5309e-02,-1.0052e-01,-1.0338e-01,-1.0385e-01,-1.0195e-01,-9.7752e-02,-9.1399e-02,-8.3066e-02,-7.2970e-02,-6.1356e-02,-4.8492e-02,-3.4659e-02,-2.0148e-02,-5.2505e-03,9.7387e-03,2.4529e-02,3.8828e-02,5.2348e-02,6.4800e-02,7.5900e-02,8.5371e-02,9.2956e-02,9.8424e-02,1.0159e-01,1.0231e-01,1.0052e-01,9.6237e-02,8.9534e-02,8.0565e-02,6.9543e-02,5.6732e-02,4.2445e-02,2.7041e-02,1.0941e-02,-5.3649e-03,-2.1299e-02,-3.6216e-02,-4.9443e-02,-6.0355e-02,-6.8461e-02,-7.3467e-02,-7.5295e-02,-7.4060e-02,-7.0015e-02,-6.3496e-02,-5.4893e-02,-4.4618e-02,-3.3101e-02,-2.0778e-02,-8.0848e-03,4.5561e-03
1.5617e-03,-1.3636e-02,-2.9175e-02,-4.4459e-02,-5.8920e-02,-7.2043e-02,-8.3394e-02,-9.2638e-02,-9.9541e-02,-1.0396e-01,-1.0584e-01,-1.0519e-01,-1.0208e-01,-9.6657e-02,-8.9082e-02,-7.9572e-02,-6.8372e-02,-5.5740e-02,-4.1948e-02,-2.7277e-02,-1.2024e-02,3.4923e-03,1.8929e-02,3.3921e-02,4.8102e-02,6.1119e-02,7.2658e-02,8.2453e-02,9.0297e-02,9.6041e-02,9.9589e-02,1.0089e-01,9.9931e-02,9.6743e-02,9.1389e-02,8.3971e-02,7.4632e-02,6.3556e-02,5.0968e-02,3.7136e-02,2.2365e-02,6.9903e-03,-8.6254e-03,-2.4105e-02,-3.9072e-02,-5.3151e-02,-6.5993e-02,-7.7278e-02,-8.6733e-02,-9.4131e-02,-9.9309e-02,-1.0216e-01,-1.0265e-01,-1.0079e-01,-9.6664e-02,-9.0400e-02,-8.2172e-02,-7.2197e-02,-6.0715e-02,-4.7994e-02,-3.4313e-02,-1.9962e-02,-5.2327e-03,9.5827e-03,2.4193e-02,3.8307e-02,5.1639e-02,6.3906e-02,7.4829e-02,8.4143e-02,9.1597e-02,9.6973e-02,1.0009e-01,1.0083e-01,9.9140e-02,9.5024e-02,8.8574e-02,7.9942e-02,6.9338e-02,5.7015e-02,4.3257e-02,2.8377e-02,1.2718e-02,-3.3250e-03,-1.9294e-02,-3.4650e-02,-4.8772e-02,-6.1008e-02,-7.0743e-02,-7.7483e-02,-8.0927e-02,-8.0993e-02,-7.7797e-02,-7.1608e-02,-6.2800e-02,-5.1812e-02,-3.9121e-02,-2.5226e-02,-1.0632e-02,4.1698e-03
3.2529e-03,-1.1901e-02,-2.7276e-02,-4.2288e-02,-5.6394e-02,-6.9120e-02,-8.0077e-02,-8.8976e-02,-9.5616e-02,-9.9881e-02,-1.0172e-01,-1.0115e-01,-9.8225e-02,-9.3057e-02,-8.5803e-02,-7.6657e-02,-6.5850e-02,-5.3635e-02,-4.0286e-02,-2.6084e-02,-1.1326e-02,3.6739e-03,1.8584e-02,3.3057e-02,4.6744e-02,5.9311e-02,7.0456e-02,7.9924e-02,8.7510e-02,9.3066e-02,9.6494e-02,9.7741e-02,9.6794e-02,9.3682e-02,8.8470e-02,8.1262e-02,7.2201e-02,6.1471e-02,4.9294e-02,3.5930e-02,2.1674e-02,6.8479e-03,-8.2026e-03,-2.3118e-02,-3.7539e-02,-5.1110e-02,-6.3495e-02,-7.4388e-02,-8.3523e-02,-9.0681e-02,-9.5701e-02,-9.8479e-02,-9.8970e-02,-9.7194e-02,-9.3223e-02,-8.7181e-02,-7.9238e-02,-6.9600e-02,-5.8505e-02,-4.6211e-02,-3.2988e-02,-1.9120e-02,-4.8909e-03,9.4134e-03,2.3508e-02,3.7113e-02,4.9949e-02,6.1742e-02,7.2226e-02,8.1146e-02,8.8268e-02,9.3386e-02,9.6338e-02,9.7011e-02,9.5360e-02,9.1409e-02,8.5250e-02,7.7044e-02,6.6999e-02,5.5363e-02,4.2406e-02,2.8409e-02,1.3662e-02,-1.5292e-03,-1.6820e-02,-3.1804e-02,-4.5991e-02,-5.8803e-02,-6.9611e-02,-7.7805e-02,-8.2884e-02,-8.4534e-02,-8.2658e-02,-7.7370e-02,-6.8954e-02,-5.7819e-02,-4.4456e-02,-2.9407e-02,-1.3238e-02,3.4871e-03
4.8429e-03,-9.9170e-03,-2.4757e-02,-3.9123e-02,-5.2516e-02,-6.4517e-02,-7.4800e-02,-8.3128e-02,-8.9345e-02,-9.3359e-02,-9.5134e-02,-9.4674e-02,-9.2023e-02,-8.7266e-02,-8.0530e-02,-7.1985e-02,-6.1841e-02,-5.0336e-02,-3.7735e-02,-2.4313e-02,-1.0363e-02,3.8115e-03,1.7893e-02,3.1554e-02,4.4468e-02,5.6321e-02,6.6831e-02,7.5755e-02,8.2900e-02,8.8122e-02,9.1327e-02,9.2464e-02,9.1522e-02,8.8532e-02,8.3560e-02,7.6709e-02,6.8122e-02,5.7975e-02,4.6483e-02,3.3892e-02,2.0480e-02,6.5473e-03,-7.5853e-03,-2.1587e-02,-3.5123e-02,-4.7864e-02,-5.9497e-02,-6.9738e-02,-7.8333e-02,-8.5077e-02,-8.9814e-02,-9.2443e-02,-9.2919e-02,-9.1256e-02,-8.7521e-02,-8.1831e-02,-7.4345e-02,-6.5259e-02,-5.4797e-02,-4.3204e-02,-3.0738e-02,-1.7666e-02,-4.2601e-03,9.2101e-03,2.2473e-02,3.5263e-02,4.7314e-02,5.8369e-02,6.8176e-02,7.6497e-02,8.3113e-02,8.7834e-02,9.0512e-02,9.1048e-02,8.9408e-02,8.5623e-02,7.9791e-02,7.2077e-02,6.2692e-02,5.1882e-02,3.9912e-02,2.7044e-02,1.3534e-02,-3.7303e-04,-1.4429e-02,-2.8356e-02,-4.1815e-02,-5.4375e-02,-6.5501e-02,-7.4589e-02,-8.1026e-02,-8.4295e-02,-8.4051e-02,-8.0176e-02,-7.2776e-02,-6.2148e-02,-4.8736e-02,-3.3086e-02,-1.5800e-02,2.4925e-03
6.1047e-03,-7.8903e-03,-2.1812e-02,-3.5150e-02,-4.7472e-02,-5.8428e-02,-6.7764e-02,-7.5305e-02,-8.0943e-02,-8.4616e-02,-8.6295e-02,-8.5977e-02,-8.3687e-02,-7.9479e-02,-7.3446e-02,-6.5726e-02,-5.6497e-02,-4.5975e-02,-3.4407e-02,-2.2057e-02,-9.2039e-03,3.8623e-03,1.6840e-02,2.9423e-02,4.1311e-02,5.2214e-02,6.1870e-02,7.0057e-02,7.6594e-02,8.1350e-02,8.4236e-02,8.5210e-02,8.4266e-02,8.1436e-02,7.6789e-02,7.0426e-02,6.2485e-02,5.3134e-02,4.2574e-02,3.1032e-02,1.8762e-02,6.0349e-03,-6.8591e-03,-1.9623e-02,-3.1959e-02,-4.3568e-02,-5.4173e-02,-6.3512e-02,-7.1356e-02,-7.7515e-02,-8.1845e-02,-8.4248e-02,-8.4683e-02,-8.3158e-02,-7.9735e-02,-7.4518e-02,-6.7655e-02,-5.9324e-02,-4.9732e-02,-3.9103e-02,-2.7676e-02,-1.5696e-02,-3.4120e-03,8.9258e-03,2.1069e-02,3.2770e-02,4.3786e-02,5.3876e-02,6.2809e-02,7.0363e-02,7.6338e-02,8.0561e-02,8.2895e-02,8.3255e-02,8.1613e-02,7.8006e-02,7.2538e-02,6.5372e-02,5.6721e-02,4.6832e-02,3.5965e-02,2.4375e-02,1.2300e-02,-5.2057e-05,-1.2499e-02,-2.4864e-02,-3.6949e-02,-4.8489e-02,-5.9115e-02,-6.8337e-02,-7.5562e-02,-8.0168e-02,-8.1602e-02,-7.9480e-02,-7.3651e-02,-6.4208e-02,-5.1459e-02,-3.5886e-02,-1.8086e-02,1.2736e-03
6.7939e-03,-6.0551e-03,-1.8670e-02,-3.0607e-02,-4.1511e-02,-5.1116e-02,-5.9248e-02,-6.5800e-02,-7.0713e-02,-7.3956e-02,-7.5507e-02,-7.5356e-02,-7.3502e-02,-6.9965e-02,-6.4801e-02,-5.8106e-02,-5.0021e-02,-4.0731e-02,-3.0454e-02,-1.9437e-02,-7.9394e-03,3.7643e-03,1.5396e-02,2.6672e-02,3.7314e-02,4.7062e-02,5.5676e-02,6.2958e-02,6.8744e-02,7.2918e-02,7.5405e-02,7.6170e-02,7.5215e-02,7.2577e-02,6.8327e-02,6.2564e-02,5.5418e-02,4.7047e-02,3.7631e-02,2.7377e-02,1.6506e-02,5.2587e-03,-6.1149e-03,-1.7358e-02,-2.8212e-02,-3.8420e-02,-4.7741e-02,-5.5950e-02,-6.2844e-02,-6.8256e-02,-7.2056e-02,-7.4159e-02,-7.4525e-02,-7.3159e-02,-7.0115e-02,-6.5484e-02,-5.9396e-02,-5.2010e-02,-4.3507e-02,-3.4086e-02,-2.3956e-02,-1.3333e-02,-2.4378e-03,8.5091e-03,1.9286e-02,2.9672e-02,3.9448e-02,4.8396e-02,5.6306e-02,6.2976e-02,6.8223e-02,7.1886e-02,7.3844e-02,7.4018e-02,7.2387e-02,6.8989e-02,6.3926e-02,5.7360e-02,4.9501e-02,4.0592e-02,3.0893e-02,2.0656e-02,1.0109e-02,-5.5515e-04,-1.1191e-02,-2.1690e-02,-3.1957e-02,-4.1878e-02,-5.1266e-02,-5.9811e-02,-6.7058e-02,-7.2415e-02,-7.5235e-02,-7.4916e-02,-7.1022e-02,-6.3360e-02,-5.2006e-02,-3.7282e-02,-1.9706e-02,6.8627e-05
6.6647e-03,-4.6564e-03,-1.5588e-02,-2.5768e-02,-3.4930e-02,-4.2904e-02,-4.9599e-02,-5.4979e-02,-5.9035e-02,-6.1764e-02,-6.3154e-02,-6.3183e-02,-6.1824e-02,-5.9062e-02,-5.4906e-02,-4.9408e-02,-4.2664e-02,-3.4821e-02,-2.6061e-02,-1.6604e-02,-6.6852e-03,3.4431e-03,1.3522e-02,2.3296e-02,3.2513e-02,4.0937e-02,4.8358e-02,5.4598e-02,5.9518e-02,6.3018e-02,6.5039e-02,6.5559e-02,6.4589e-02,6.2173e-02,5.8381e-02,5.3311e-02,4.7085e-02,3.9843e-02,3.1747e-02,2.2976e-02,1.3718e-02,4.1749e-03,-5.4441e-03,-1.4927e-02,-2.4060e-02,-3.2636e-02,-4.0454e-02,-4.7329e-02,-5.3095e-02,-5.7612e-02,-6.0771e-02,-6.2503e-02,-6.2770e-02,-6.1579e-02,-5.8973e-02,-5.5029e-02,-4.9856e-02,-4.3585e-02,-3.6366e-02,-2.8366e-02,-1.9754e-02,-1.0715e-02,-1.4278e-03,7.9187e-03,1.7138e-02,2.6038e-02,3.4428e-02,4.2114e-02,4.8908e-02,5.4628e-02,5.9105e-02,6.2194e-02,6.3779e-02,6.3790e-02,6.2204e-02,5.9059e-02,5.4451e-02,4.8533e-02,4.1511e-02,3.3620e-02,2.5116e-02,1.6250e-02,7.2497e-03,-1.6988e-03,-1.0464e-02,-1.8970e-02,-2.7190e-02,-3.5114e-02,-4.2712e-02,-4.9868e-02,-5.6328e-02,-6.1657e-02,-6.5254e-02,-6.6428e-02,-6.4515e-02,-5.9018e-02,-4.9696e-02,-3.6607e-02,-2.0087e-02,-6.9436e-04
5.4850e-03,-3.9432e-03,-1.2843e-02,-2.0943e-02,-2.8078e-02,-3.4176e-02,-3.9233e-02,-4.3282e-02,-4.6364e-02,-4.8503e-02,-4.9695e-02,-4.9905e-02,-4.9082e-02,-4.7170e-02,-4.4132e-02,-3.9969e-02,-3.4726e-02,-2.8503e-02,-2.1445e-02,-1.3733e-02,-5.5752e-03,2.8024e-03,1.1168e-02,1.9289e-02,2.6940e-02,3.3915e-02,4.0027e-02,4.5126e-02,4.9096e-02,5.1856e-02,5.3366e-02,5.3619e-02,5.2635e-02,5.0466e-02,4.7185e-02,4.2884e-02,3.7674e-02,3.1681e-02,2.5041e-02,1.7903e-02,1.0422e-02,2.7596e-03,-4.9222e-03,-1.2457e-02,-1.9683e-02,-2.6440e-02,-3.2575e-02,-3.7949e-02,-4.2437e-02,-4.5932e-02,-4.8355e-02,-4.9649e-02,-4.9792e-02,-4.8787e-02,-4.6670e-02,-4.3499e-02,-3.9358e-02,-3.4345e-02,-2.8573e-02,-2.2165e-02,-1.5252e-02,-7.9681e-03,-4.5418e-04,7.1444e-03,1.4676e-02,2.1982e-02,2.8901e-02,3.5265e-02,4.0906e-02,4.5661e-02,4.9374e-02,5.1908e-02,5.3158e-02,5.3051e-02,5.1564e-02,4.8728e-02,4.4628e-02,3.9407e-02,3.3257e-02,2.6405e-02,1.9100e-02,1.1588e-02,4.0990e-03,-3.1801e-03,-1.0116e-02,-1.6644e-02,-2.2764e-02,-2.8532e-02,-3.4024e-02,-3.9288e-02,-4.4272e-02,-4.8762e-02,-5.2332e-02,-5.4359e-02,-5.4092e-02,-5.0798e-02,-4.3906e-02,-3.3127e-02,-1.8502e-02,-3.8306e-04
3.0530e-03,-4.1542e-03,-1.0716e-02,-1.6464e-02,-2.1338e-02,-2.5363e-02,-2.8620e-02,-3.1209e-02,-3.3218e-02,-3.4698e-02,-3.5651e-02,-3.6033e-02,-3.5764e-02,-3.4747e-02,-3.2900e-02,-3.0166e-02,-2.6542e-02,-2.2070e-02,-1.6850e-02,-1.1022e-02,-4.7606e-03,1.7399e-03,8.2737e-03,1.4635e-02,2.0627e-02,2.6067e-02,3.0799e-02,3.4696e-02,3.7665e-02,3.9649e-02,4.0627e-02,4.0605e-02,3.9618e-02,3.7724e-02,3.4997e-02,3.1524e-02,2.7404e-02,2.2745e-02,1.7659e-02,1.2263e-02,6.6753e-03,1.0135e-03,-4.6030e-03,-1.0058e-02,-1.5241e-02,-2.0043e-02,-2.4363e-02,-2.8111e-02,-3.1205e-02,-3.3581e-02,-3.5189e-02,-3.5996e-02,-3.5991e-02,-3.5182e-02,-3.3593e-02,-3.1263e-02,-2.8245e-02,-2.4599e-02,-2.0396e-02,-1.5707e-02,-1.0612e-02,-5.1972e-03,4.4356e-04,6.2110e-03,1.1990e-02,1.7660e-02,2.3085e-02,2.8124e-02,3.2627e-02,3.6446e-02,3.9438e-02,4.1473e-02,4.2447e-02,4.2287e-02,4.0964e-02,3.8497e-02,3.4960e-02,3.0479e-02,2.5231e-02,1.9428e-02,1.3307e-02,7.1113e-03,1.0676e-03,-4.6306e-03,-9.8446e-03,-1.4501e-02,-1.8607e-02,-2.2239e-02,-2.5533e-02,-2.8643e-02,-3.1686e-02,-3.4665e-02,-3.7392e-02,-3.9437e-02,-4.0136e-02,-3.8673e-02,-3.4233e-02,-2.6172e-02,-1.4152e-02,1.8023e-03
-7.9457e-04,-5.5074e-03,-9.4884e-03,-1.2676e-02,-1.5114e-02,-1.6923e-02,-1.8263e-02,-1.9299e-02,-2.0159e-02,-2.0921e-02,-2.1593e-02,-2.2121e-02,-2.2398e-02,-2.2291e-02,-2.1667e-02,-2.0416e-02,-1.8475e-02,-1.5835e-02,-1.2538e-02,-8.6831e-03,-4.4024e-03,1.4220e-04,4.7760e-03,9.3207e-03,1.3604e-02,1.7472e-02,2.0793e-02,2.3464e-02,2.5419e-02,2.6621e-02,2.7069e-02,2.6784e-02,2.5815e-02,2.4226e-02,2.2090e-02,1.9490e-02,1.6513e-02,1.3247e-02,9.7763e-03,6.1874e-03,2.5595e-03,-1.0290e-03,-4.5068e-03,-7.8064e-03,-1.0867e-02,-1.3633e-02,-1.6057e-02,-1.8098e-02,-1.9726e-02,-2.0918e-02,-2.1658e-02,-2.1944e-02,-2.1779e-02,-2.1172e-02,-2.0138e-02,-1.8695e-02,-1.6861e-02,-1.4652e-02,-1.2087e-02,-9.1862e-03,-5.9718e-03,-2.4760e-03,1.2597e-03,5.1787e-03,9.2075e-03,1.3258e-02,1.7223e-02,2.0983e-02,2.4407e-02,2.7357e-02,2.9701e-02,3.1313e-02,3.2088e-02,3.1951e-02,3.0861e-02,2.8826e-02,2.5903e-02,2.2201e-02,1.7875e-02,1.3122e-02,8.1641e-03,3.2331e-03,-1.4456e-03,-5.6758e-03,-9.3082e-03,-1.2257e-02,-1.4515e-02,-1.6156e-02,-1.7332e-02,-1.8254e-02,-1.9145e-02,-2.0180e-02,-2.1402e-02,-2.2635e-02,-2.3430e-02,-2.3072e-02,-2.0670e-02,-1.5326e-02,-6.3211e-03,6.7288e-03
-6.1705e-03,-8.1868e-03,-9.4198e-03,-9.9135e-03,-9.8130e-03,-9.3248e-03,-8.6837e-03,-8.1074e-03,-7.7679e-03,-7.7636e-03,-8.1114e-03,-8.7467e-03,-9.5400e-03,-1.0321e-02,-1.0911e-02,-1.1147e-02,-1.0906e-02,-1.0120e-02,-8.7799e-03,-6.9308e-03,-4.6631e-03,-2.0998e-03,6.1464e-04,3.3323e-03,5.9066e-03,8.2083e-03,1.0131e-02,1.1596e-02,1.2558e-02,1.3004e-02,1.2948e-02,1.2432e-02,1.1513e-02,1.0261e-02,8.7504e-03,7.0581e-03,5.2569e-03,3.4137e-03,1.5879e-03,-1.6803e-04,-1.8102e-03,-3.3038e-03,-4.6208e-03,-5.7416e-03,-6.6561e-03,-7.3603e-03,-7.8596e-03,-8.1663e-03,-8.2977e-03,-8.2774e-03,-8.1303e-03,-7.8805e-03,-7.5496e-03,-7.1509e-03,-6.6880e-03,-6.1535e-03,-5.5277e-03,-4.7809e-03,-3.8752e-03,-2.7717e-03,-1.4360e-03,1.5760e-04,2.0177e-03,4.1342e-03,6.4724e-03,8.9751e-03,1.1562e-02,1.4131e-02,1.6568e-02,1.8745e-02,2.0534e-02,2.1813e-02,2.2475e-02,2.2437e-02,2.1649e-02,2.0105e-02,1.7842e-02,1.4949e-02,1.1561e-02,7.8518e-03,4.0264e-03,3.0524e-04,-3.0945e-03,-5.9751e-03,-8.1777e-03,-9.6016e-03,-1.0219e-02,-1.0084e-02,-9.3400e-03,-8.2069e-03,-6.9602e-03,-5.8826e-03,-5.1920e-03,-4.9552e-03,-4.9961e-03,-4.8333e-03,-3.6910e-03,-6.0145e-04,5.4186e-03,1.5156e-02
